trading_day,daily_return,active_challenges,active_funded,purchased_challenges,challenge_failures,challenge_passes,funded_closures,gross_payouts,trader_payouts,challenge_costs,activation_costs,reset_costs,net_cashflow,cumulative_net_cashflow
2021-01-01,0.0029007081588505188,1,0,1,0,0,0,0.0,0.0,70.0,0.0,0.0,-70.0,-70.0
2021-01-04,-0.005662660940375742,1,0,0,0,0,0,0.0,0.0,0.0,0.0,0.0,0.0,-70.0
2021-01-05,0.0057392464122742425,1,0,0,0,0,0,0.0,0.0,0.0,0.0,0.0,0.0,-70.0
2021-01-06,0.006949933414320779,1,0,0,0,0,0,0.0,0.0,0.0,0.0,0.0,0.0,-70.0
2021-01-07,-0.011464445580866473,1,0,0,0,0,0,0.0,0.0,0.0,0.0,0.0,0.0,-70.0
2021-01-08,-0.0073323820762152365,1,0,0,0,0,0,0.0,0.0,0.0,0.0,0.0,0.0,-70.0
2021-01-11,0.0017743164500936583,1,0,0,0,0,0,0.0,0.0,0.0,0.0,0.0,0.0,-70.0
2021-01-12,-0.0010537070846933067,1,0,0,0,0,0,0.0,0.0,0.0,0.0,0.0,0.0,-70.0
2021-01-13,0.0008532054374619706,1,0,0,0,0,0,0.0,0.0,0.0,0.0,0.0,0.0,-70.0
2021-01-14,-0.004472182515821024,0,0,0,1,0,0,0.0,0.0,0.0,0.0,0.0,0.0,-70.0
2021-01-15,0.006560409414669521,0,0,0,0,0,0,0.0,0.0,0.0,0.0,0.0,0.0,-70.0
2021-01-18,0.005913358584756639,0,0,0,0,0,0,0.0,0.0,0.0,0.0,0.0,0.0,-70.0
2021-01-19,0.0013806979060394528,0,0,0,0,0,0,0.0,0.0,0.0,0.0,0.0,0.0,-70.0
2021-01-20,0.008138732611946805,0,0,0,0,0,0,0.0,0.0,0.0,0.0,0.0,0.0,-70.0
2021-01-21,0.00393740705135113,0,0,0,0,0,0,0.0,0.0,0.0,0.0,0.0,0.0,-70.0
2021-01-22,-0.004511974638222225,0,0,0,0,0,0,0.0,0.0,0.0,0.0,0.0,0.0,-70.0
2021-01-25,0.003308489642694642,0,0,0,0,0,0,0.0,0.0,0.0,0.0,0.0,0.0,-70.0
2021-01-26,-0.005146187739805393,0,0,0,0,0,0,0.0,0.0,0.0,0.0,0.0,0.0,-70.0
2021-01-27,0.006554374409624294,0,0,0,0,0,0,0.0,0.0,0.0,0.0,0.0,0.0,-70.0
2021-01-28,0.0006422593229338847,0,0,0,0,0,0,0.0,0.0,0.0,0.0,0.0,0.0,-70.0
2021-01-29,-0.00021704730982413504,0,0,0,0,0,0,0.0,0.0,0.0,0.0,0.0,0.0,-70.0
2021-02-01,-0.0033761181963144057,1,0,1,0,0,0,0.0,0.0,70.0,0.0,0.0,-70.0,-140.0
2021-02-02,0.008745625958589848,1,0,0,0,0,0,0.0,0.0,0.0,0.0,0.0,0.0,-140.0
2021-02-03,-2.3880483891866892e-05,1,0,0,0,0,0,0.0,0.0,0.0,0.0,0.0,0.0,-140.0
2021-02-04,-0.001767491829968169,1,0,0,0,0,0,0.0,0.0,0.0,0.0,0.0,0.0,-140.0
2021-02-05,-0.0012822690322237494,1,0,0,0,0,0,0.0,0.0,0.0,0.0,0.0,0.0,-140.0
2021-02-08,0.004350067485907464,1,0,0,0,0,0,0.0,0.0,0.0,0.0,0.0,0.0,-140.0
2021-02-09,0.003287431684427451,1,0,0,0,0,0,0.0,0.0,0.0,0.0,0.0,0.0,-140.0
2021-02-10,0.003588576123303976,1,0,0,0,0,0,0.0,0.0,0.0,0.0,0.0,0.0,-140.0
2021-02-11,0.003703767196000709,1,0,0,0,0,0,0.0,0.0,0.0,0.0,0.0,0.0,-140.0
2021-02-12,0.014598707852598052,0,1,0,0,1,0,0.0,0.0,0.0,0.0,0.0,0.0,-140.0
2021-02-15,-0.0016279459993886831,0,1,0,0,0,0,0.0,0.0,0.0,0.0,0.0,0.0,-140.0
2021-02-16,-0.0023018814239302065,0,1,0,0,0,0,0.0,0.0,0.0,0.0,0.0,0.0,-140.0
2021-02-17,-0.0042220944082936585,0,1,0,0,0,0,0.0,0.0,0.0,0.0,0.0,0.0,-140.0
2021-02-18,0.004882898965274577,0,1,0,0,0,0,0.0,0.0,0.0,0.0,0.0,0.0,-140.0
2021-02-19,0.008149756567602182,0,1,0,0,0,0,0.0,0.0,0.0,0.0,0.0,0.0,-140.0
2021-02-22,0.00023455526188547013,0,1,0,0,0,0,0.0,0.0,0.0,0.0,0.0,0.0,-140.0
2021-02-23,-0.0043901122406700185,0,1,0,0,0,0,0.0,0.0,0.0,0.0,0.0,0.0,-140.0
2021-02-24,-0.004290288540512029,0,1,0,0,0,0,0.0,0.0,0.0,0.0,0.0,0.0,-140.0
2021-02-25,0.005103324904867968,0,1,0,0,0,0,0.0,0.0,0.0,0.0,0.0,0.0,-140.0
2021-02-26,0.005693414090020262,0,1,0,0,0,0,0.0,0.0,0.0,0.0,0.0,0.0,-140.0
2021-03-01,0.00441913148873795,1,1,1,0,0,0,0.0,0.0,70.0,0.0,0.0,-70.0,-210.0
2021-03-02,-0.0032779210964359595,1,1,0,0,0,0,0.0,0.0,0.0,0.0,0.0,0.0,-210.0
2021-03-03,0.0024386562686152763,1,1,0,0,0,0,0.0,0.0,0.0,0.0,0.0,0.0,-210.0
2021-03-04,0.00170328140766469,1,1,0,0,0,0,0.0,0.0,0.0,0.0,0.0,0.0,-210.0
2021-03-05,0.002352858821863351,1,1,0,0,0,0,0.0,0.0,0.0,0.0,0.0,0.0,-210.0
2021-03-08,0.006509659720004848,1,1,0,0,0,0,0.0,0.0,0.0,0.0,0.0,0.0,-210.0
2021-03-09,0.0023841074308159635,1,1,0,0,0,0,0.0,0.0,0.0,0.0,0.0,0.0,-210.0
2021-03-10,0.005283678171559342,1,1,0,0,0,0,0.0,0.0,0.0,0.0,0.0,0.0,-210.0
2021-03-11,0.001390558297669698,1,1,0,0,0,0,0.0,0.0,0.0,0.0,0.0,0.0,-210.0
2021-03-12,0.002801378507446926,0,2,0,0,1,0,0.0,0.0,0.0,0.0,0.0,0.0,-210.0
2021-03-15,0.004980388975824316,0,2,0,0,0,0,0.0,0.0,0.0,0.0,0.0,0.0,-210.0
2021-03-16,-0.008319307189111107,0,2,0,0,0,0,0.0,0.0,0.0,0.0,0.0,0.0,-210.0
2021-03-17,-0.001075541357792593,0,2,0,0,0,0,0.0,0.0,0.0,0.0,0.0,0.0,-210.0
2021-03-18,-0.0020352430746249034,0,2,0,0,0,0,0.0,0.0,0.0,0.0,0.0,0.0,-210.0
2021-03-19,-0.003108323239916495,0,2,0,0,0,0,0.0,0.0,0.0,0.0,0.0,0.0,-210.0
2021-03-22,-0.0007919705779111711,0,2,0,0,0,0,0.0,0.0,0.0,0.0,0.0,0.0,-210.0
2021-03-23,0.010480332175813572,0,2,0,0,0,0,0.0,0.0,0.0,0.0,0.0,0.0,-210.0
2021-03-24,-0.004553614296167746,0,2,0,0,0,0,0.0,0.0,0.0,0.0,0.0,0.0,-210.0
2021-03-25,0.007126420291452304,0,2,0,0,0,0,0.0,0.0,0.0,0.0,0.0,0.0,-210.0
2021-03-26,-0.009756705995550702,0,2,0,0,0,0,0.0,0.0,0.0,0.0,0.0,0.0,-210.0
2021-03-29,-0.0011724264523134728,0,2,0,0,0,0,0.0,0.0,0.0,0.0,0.0,0.0,-210.0
2021-03-30,0.0019966483804310306,0,2,0,0,0,0,0.0,0.0,0.0,0.0,0.0,0.0,-210.0
2021-03-31,0.004693398905292645,0,2,0,0,0,0,0.0,0.0,0.0,0.0,0.0,0.0,-210.0
2021-04-01,0.005489454958084832,1,2,1,0,0,0,0.0,0.0,70.0,0.0,0.0,-70.0,-280.0
2021-04-02,0.006012418342251705,1,2,0,0,0,0,0.0,0.0,0.0,0.0,0.0,0.0,-280.0
2021-04-05,-0.001260563052086293,1,2,0,0,0,0,0.0,0.0,0.0,0.0,0.0,0.0,-280.0
2021-04-06,-0.0019841643670787945,1,2,0,0,0,0,0.0,0.0,0.0,0.0,0.0,0.0,-280.0
2021-04-07,0.006423988553043049,1,2,0,0,0,0,0.0,0.0,0.0,0.0,0.0,0.0,-280.0
2021-04-08,-0.0002580712140347432,1,2,0,0,0,0,0.0,0.0,0.0,0.0,0.0,0.0,-280.0
2021-04-09,-0.00716366733758348,1,2,0,0,0,0,0.0,0.0,0.0,0.0,0.0,0.0,-280.0
2021-04-12,-0.006256836775275569,1,2,0,0,0,0,0.0,0.0,0.0,0.0,0.0,0.0,-280.0
2021-04-13,-0.004895086347851324,1,2,0,0,0,0,0.0,0.0,0.0,0.0,0.0,0.0,-280.0
2021-04-14,0.004126234056623464,1,2,0,0,0,0,0.0,0.0,0.0,0.0,0.0,0.0,-280.0
2021-04-15,0.0018671992335601302,1,2,0,0,0,0,0.0,0.0,0.0,0.0,0.0,0.0,-280.0
2021-04-16,0.005357370021071209,1,2,0,0,0,0,0.0,0.0,0.0,0.0,0.0,0.0,-280.0
2021-04-19,-0.0017606448608828422,1,2,0,0,0,0,0.0,0.0,0.0,0.0,0.0,0.0,-280.0
2021-04-20,0.0019698166371908718,1,2,0,0,0,0,0.0,0.0,0.0,0.0,0.0,0.0,-280.0
2021-04-21,0.004944103860672617,1,2,0,0,0,0,0.0,0.0,0.0,0.0,0.0,0.0,-280.0
2021-04-22,-0.00100979142182603,1,2,0,0,0,0,0.0,0.0,0.0,0.0,0.0,0.0,-280.0
2021-04-23,0.0038690497825339103,1,2,0,0,0,0,0.0,0.0,0.0,0.0,0.0,0.0,-280.0
2021-04-26,-0.0032550988417638267,1,2,0,0,0,0,0.0,0.0,0.0,0.0,0.0,0.0,-280.0
2021-04-27,-0.0013518120109559664,1,2,0,0,0,0,0.0,0.0,0.0,0.0,0.0,0.0,-280.0
2021-04-28,-0.0014707963593783653,1,2,0,0,0,0,0.0,0.0,0.0,0.0,0.0,0.0,-280.0
2021-04-29,-0.006655185170666411,1,2,0,0,0,0,0.0,0.0,0.0,0.0,0.0,0.0,-280.0
2021-04-30,0.0040613528326354145,1,2,0,0,0,0,0.0,0.0,0.0,0.0,0.0,0.0,-280.0
2021-05-03,-0.0020290638894036785,2,2,1,0,0,0,0.0,0.0,70.0,0.0,0.0,-70.0,-350.0
2021-05-04,0.001039764552491374,2,2,0,0,0,0,0.0,0.0,0.0,0.0,0.0,0.0,-350.0
2021-05-05,0.004021705354625472,2,2,0,0,0,0,0.0,0.0,0.0,0.0,0.0,0.0,-350.0
2021-05-06,0.0038038132222865265,2,2,0,0,0,0,0.0,0.0,0.0,0.0,0.0,0.0,-350.0
2021-05-07,0.005197525837494959,2,2,0,0,0,0,0.0,0.0,0.0,0.0,0.0,0.0,-350.0
2021-05-10,0.00033302069377906914,2,2,0,0,0,0,0.0,0.0,0.0,0.0,0.0,0.0,-350.0
2021-05-11,-0.0017354627427735852,2,2,0,0,0,0,0.0,0.0,0.0,0.0,0.0,0.0,-350.0
2021-05-12,0.00045253504575754023,2,2,0,0,0,0,0.0,0.0,0.0,0.0,0.0,0.0,-350.0
2021-05-13,-0.009785138001068418,2,2,0,0,0,0,0.0,0.0,0.0,0.0,0.0,0.0,-350.0
2021-05-14,-0.00825534882278208,2,2,0,0,0,0,0.0,0.0,0.0,0.0,0.0,0.0,-350.0
2021-05-17,-0.007463058868289129,0,2,0,2,0,0,0.0,0.0,0.0,0.0,0.0,0.0,-350.0
2021-05-18,-0.005390500035712321,0,2,0,0,0,0,0.0,0.0,0.0,0.0,0.0,0.0,-350.0
2021-05-19,0.003506054122320249,0,2,0,0,0,0,0.0,0.0,0.0,0.0,0.0,0.0,-350.0
2021-05-20,-0.004806101573584407,0,2,0,0,0,0,0.0,0.0,0.0,0.0,0.0,0.0,-350.0
2021-05-21,-0.0014480277651044207,0,2,0,0,0,0,0.0,0.0,0.0,0.0,0.0,0.0,-350.0
2021-05-24,0.00923398630422883,0,2,0,0,0,0,0.0,0.0,0.0,0.0,0.0,0.0,-350.0
2021-05-25,-0.0013085725086181335,0,2,0,0,0,0,0.0,0.0,0.0,0.0,0.0,0.0,-350.0
2021-05-26,0.005656869336541158,0,2,0,0,0,0,0.0,0.0,0.0,0.0,0.0,0.0,-350.0
2021-05-27,-0.004985294863015974,0,2,0,0,0,0,0.0,0.0,0.0,0.0,0.0,0.0,-350.0
2021-05-28,-0.00034807492034891587,0,2,0,0,0,0,0.0,0.0,0.0,0.0,0.0,0.0,-350.0
2021-05-31,-0.005089761727907506,0,2,0,0,0,0,0.0,0.0,0.0,0.0,0.0,0.0,-350.0
2021-06-01,-0.001198842170971877,1,2,1,0,0,0,0.0,0.0,70.0,0.0,0.0,-70.0,-420.0
2021-06-02,0.0063114762619231775,1,2,0,0,0,0,0.0,0.0,0.0,0.0,0.0,0.0,-420.0
2021-06-03,-0.010039778056552427,1,2,0,0,0,0,0.0,0.0,0.0,0.0,0.0,0.0,-420.0
2021-06-04,0.0037267096466952,1,2,0,0,0,0,0.0,0.0,0.0,0.0,0.0,0.0,-420.0
2021-06-07,0.0024741545721122123,1,2,0,0,0,0,0.0,0.0,0.0,0.0,0.0,0.0,-420.0
2021-06-08,-0.002823485644102802,1,2,0,0,0,0,0.0,0.0,0.0,0.0,0.0,0.0,-420.0
2021-06-09,-0.00824863277048487,1,2,0,0,0,0,0.0,0.0,0.0,0.0,0.0,0.0,-420.0
2021-06-10,0.0014195365439072694,1,2,0,0,0,0,0.0,0.0,0.0,0.0,0.0,0.0,-420.0
2021-06-11,-0.00241173329821017,1,2,0,0,0,0,0.0,0.0,0.0,0.0,0.0,0.0,-420.0
2021-06-14,0.0024419351966781045,1,2,0,0,0,0,0.0,0.0,0.0,0.0,0.0,0.0,-420.0
2021-06-15,0.0010993586380228832,1,2,0,0,0,0,0.0,0.0,0.0,0.0,0.0,0.0,-420.0
2021-06-16,0.01116069867022705,1,2,0,0,0,0,0.0,0.0,0.0,0.0,0.0,0.0,-420.0
2021-06-17,-0.0005640730559862666,1,2,0,0,0,0,0.0,0.0,0.0,0.0,0.0,0.0,-420.0
2021-06-18,-0.0055576703602505315,1,2,0,0,0,0,0.0,0.0,0.0,0.0,0.0,0.0,-420.0
2021-06-21,0.0021018679381871533,1,2,0,0,0,0,0.0,0.0,0.0,0.0,0.0,0.0,-420.0
2021-06-22,0.002361189024878223,1,2,0,0,0,0,0.0,0.0,0.0,0.0,0.0,0.0,-420.0
2021-06-23,0.009615820892546529,1,2,0,0,0,0,0.0,0.0,0.0,0.0,0.0,0.0,-420.0
2021-06-24,0.006278381250991911,1,2,0,0,0,0,0.0,0.0,0.0,0.0,0.0,0.0,-420.0
2021-06-25,0.003232836798436011,1,2,0,0,0,0,0.0,0.0,0.0,0.0,0.0,0.0,-420.0
2021-06-28,0.010278851377607158,0,3,0,0,1,0,0.0,0.0,0.0,0.0,0.0,0.0,-420.0
2021-06-29,-0.0066101197958397355,0,3,0,0,0,0,0.0,0.0,0.0,0.0,0.0,0.0,-420.0
2021-06-30,-0.0031138870655325872,0,3,0,0,0,0,0.0,0.0,0.0,0.0,0.0,0.0,-420.0
2021-07-01,-0.004940451438025075,1,3,1,0,0,0,0.0,0.0,70.0,0.0,0.0,-70.0,-490.0
2021-07-02,-0.0015222001494326076,1,3,0,0,0,0,0.0,0.0,0.0,0.0,0.0,0.0,-490.0
2021-07-05,-0.007806857648372931,1,3,0,0,0,0,0.0,0.0,0.0,0.0,0.0,0.0,-490.0
2021-07-06,0.005004987679081332,1,3,0,0,0,0,0.0,0.0,0.0,0.0,0.0,0.0,-490.0
2021-07-07,-0.00045496658082725045,1,3,0,0,0,0,0.0,0.0,0.0,0.0,0.0,0.0,-490.0
2021-07-08,-0.00840623657833101,1,3,0,0,0,0,0.0,0.0,0.0,0.0,0.0,0.0,-490.0
2021-07-09,-0.005507244079433202,0,3,0,1,0,0,0.0,0.0,0.0,0.0,0.0,0.0,-490.0
2021-07-12,0.0029567280162311315,0,3,0,0,0,0,0.0,0.0,0.0,0.0,0.0,0.0,-490.0
2021-07-13,0.0062975835208604804,0,3,0,0,0,0,0.0,0.0,0.0,0.0,0.0,0.0,-490.0
2021-07-14,0.013675844630443577,0,3,0,0,0,0,0.0,0.0,0.0,0.0,0.0,0.0,-490.0
2021-07-15,0.019516351253933747,0,3,0,0,0,0,0.0,0.0,0.0,0.0,0.0,0.0,-490.0
2021-07-16,0.0035992545127551375,0,3,0,0,0,0,0.0,0.0,0.0,0.0,0.0,0.0,-490.0
2021-07-19,-0.005341409197625647,0,3,0,0,0,0,0.0,0.0,0.0,0.0,0.0,0.0,-490.0
2021-07-20,-0.012617166206576755,0,3,0,0,0,0,0.0,0.0,0.0,0.0,0.0,0.0,-490.0
2021-07-21,0.0026650478025333504,0,3,0,0,0,0,0.0,0.0,0.0,0.0,0.0,0.0,-490.0
2021-07-22,-0.004216798376823247,0,3,0,0,0,0,0.0,0.0,0.0,0.0,0.0,0.0,-490.0
2021-07-23,-0.0016848922823175488,0,3,0,0,0,0,0.0,0.0,0.0,0.0,0.0,0.0,-490.0
2021-07-26,-0.0029377753059876286,0,3,0,0,0,0,0.0,0.0,0.0,0.0,0.0,0.0,-490.0
2021-07-27,6.361008033309442e-05,0,3,0,0,0,0,0.0,0.0,0.0,0.0,0.0,0.0,-490.0
2021-07-28,0.007748608504170817,0,3,0,0,0,0,0.0,0.0,0.0,0.0,0.0,0.0,-490.0
2021-07-29,0.001960320815992091,0,3,0,0,0,0,0.0,0.0,0.0,0.0,0.0,0.0,-490.0
2021-07-30,-5.00243367095968e-05,0,3,0,0,0,0,0.0,0.0,0.0,0.0,0.0,0.0,-490.0
2021-08-02,-0.005635084245265893,1,3,1,0,0,0,0.0,0.0,70.0,0.0,0.0,-70.0,-560.0
2021-08-03,-0.009704570382580052,1,3,0,0,0,0,0.0,0.0,0.0,0.0,0.0,0.0,-560.0
2021-08-04,-0.0021367224737636565,1,3,0,0,0,0,0.0,0.0,0.0,0.0,0.0,0.0,-560.0
2021-08-05,0.0006176993458112815,1,3,0,0,0,0,0.0,0.0,0.0,0.0,0.0,0.0,-560.0
2021-08-06,0.012218786924060615,1,3,0,0,0,0,0.0,0.0,0.0,0.0,0.0,0.0,-560.0
2021-08-09,0.0017898174801359704,1,3,0,0,0,0,0.0,0.0,0.0,0.0,0.0,0.0,-560.0
2021-08-10,0.007218512290340233,1,3,0,0,0,0,0.0,0.0,0.0,0.0,0.0,0.0,-560.0
2021-08-11,-0.002219431093195468,1,3,0,0,0,0,0.0,0.0,0.0,0.0,0.0,0.0,-560.0
2021-08-12,-0.006585797684448421,1,3,0,0,0,0,0.0,0.0,0.0,0.0,0.0,0.0,-560.0
2021-08-13,-0.00518588832583688,1,3,0,0,0,0,0.0,0.0,0.0,0.0,0.0,0.0,-560.0
2021-08-16,-0.0036582087125203175,1,3,0,0,0,0,0.0,0.0,0.0,0.0,0.0,0.0,-560.0
2021-08-17,0.014514788129370475,1,3,0,0,0,0,0.0,0.0,0.0,0.0,0.0,0.0,-560.0
2021-08-18,-0.004270581814413565,1,3,0,0,0,0,0.0,0.0,0.0,0.0,0.0,0.0,-560.0
2021-08-19,0.006299892870027185,1,3,0,0,0,0,0.0,0.0,0.0,0.0,0.0,0.0,-560.0
2021-08-20,-0.004789850627119485,1,3,0,0,0,0,0.0,0.0,0.0,0.0,0.0,0.0,-560.0
2021-08-23,0.0068926721604090765,1,3,0,0,0,0,0.0,0.0,0.0,0.0,0.0,0.0,-560.0
2021-08-24,0.0034116561599741484,1,3,0,0,0,0,0.0,0.0,0.0,0.0,0.0,0.0,-560.0
2021-08-25,-3.730736347945301e-05,1,3,0,0,0,0,0.0,0.0,0.0,0.0,0.0,0.0,-560.0
2021-08-26,0.0007006138834065608,1,3,0,0,0,0,0.0,0.0,0.0,0.0,0.0,0.0,-560.0
2021-08-27,-0.0032096408375994452,1,3,0,0,0,0,0.0,0.0,0.0,0.0,0.0,0.0,-560.0
2021-08-30,0.0038008903658917816,1,3,0,0,0,0,0.0,0.0,0.0,0.0,0.0,0.0,-560.0
2021-08-31,-0.0019372412448832252,1,3,0,0,0,0,0.0,0.0,0.0,0.0,0.0,0.0,-560.0
2021-09-01,-0.006844742716436396,2,3,1,0,0,0,0.0,0.0,70.0,0.0,0.0,-70.0,-630.0
2021-09-02,-0.007178003826085205,2,3,0,0,0,0,0.0,0.0,0.0,0.0,0.0,0.0,-630.0
2021-09-03,0.0020592790034080787,2,3,0,0,0,0,0.0,0.0,0.0,0.0,0.0,0.0,-630.0
2021-09-06,0.011016218547988451,2,3,0,0,0,0,0.0,0.0,0.0,0.0,0.0,0.0,-630.0
2021-09-07,0.0019790628164702622,2,3,0,0,0,0,0.0,0.0,0.0,0.0,0.0,0.0,-630.0
2021-09-08,0.0002046827233657503,2,3,0,0,0,0,0.0,0.0,0.0,0.0,0.0,0.0,-630.0
2021-09-09,0.0027804062696004375,2,3,0,0,0,0,0.0,0.0,0.0,0.0,0.0,0.0,-630.0
2021-09-10,0.009277121166435004,2,3,0,0,0,0,0.0,0.0,0.0,0.0,0.0,0.0,-630.0
2021-09-13,0.0023572777675515944,2,3,0,0,0,0,0.0,0.0,0.0,0.0,0.0,0.0,-630.0
2021-09-14,-0.0016566808277543629,2,3,0,0,0,0,0.0,0.0,0.0,0.0,0.0,0.0,-630.0
2021-09-15,0.008005302251028308,1,4,0,0,1,0,0.0,0.0,0.0,0.0,0.0,0.0,-630.0
2021-09-16,0.0036906195700277325,0,5,0,0,1,0,0.0,0.0,0.0,0.0,0.0,0.0,-630.0
2021-09-17,0.01074024953118501,0,5,0,0,0,0,0.0,0.0,0.0,0.0,0.0,0.0,-630.0
2021-09-20,0.002127078509386299,0,5,0,0,0,0,0.0,0.0,0.0,0.0,0.0,0.0,-630.0
2021-09-21,-0.006837503743061045,0,5,0,0,0,0,0.0,0.0,0.0,0.0,0.0,0.0,-630.0
2021-09-22,-0.007752556063430072,0,5,0,0,0,0,0.0,0.0,0.0,0.0,0.0,0.0,-630.0
2021-09-23,0.011473691164449294,0,5,0,0,0,0,0.0,0.0,0.0,0.0,0.0,0.0,-630.0
2021-09-24,0.01193690227582479,0,5,0,0,0,0,0.0,0.0,0.0,0.0,0.0,0.0,-630.0
2021-09-27,-0.00018302088943548153,0,5,0,0,0,0,0.0,0.0,0.0,0.0,0.0,0.0,-630.0
2021-09-28,-0.0014800266476323483,0,5,0,0,0,0,0.0,0.0,0.0,0.0,0.0,0.0,-630.0
2021-09-29,0.010267015388157354,0,5,0,0,0,0,0.0,0.0,0.0,0.0,0.0,0.0,-630.0
2021-09-30,-0.006089724612184632,0,5,0,0,0,0,0.0,0.0,0.0,0.0,0.0,0.0,-630.0
2021-10-01,-0.004737630111480613,0,5,0,0,0,0,0.0,0.0,0.0,0.0,0.0,0.0,-630.0
2021-10-04,0.005057053374998649,0,5,0,0,0,0,0.0,0.0,0.0,0.0,0.0,0.0,-630.0
2021-10-05,-0.0015527378577356117,0,5,0,0,0,0,0.0,0.0,0.0,0.0,0.0,0.0,-630.0
2021-10-06,0.0009275818705640557,0,5,0,0,0,0,0.0,0.0,0.0,0.0,0.0,0.0,-630.0
2021-10-07,-8.064318763626105e-05,0,5,0,0,0,0,0.0,0.0,0.0,0.0,0.0,0.0,-630.0
2021-10-08,0.0031099521440756013,0,5,0,0,0,0,0.0,0.0,0.0,0.0,0.0,0.0,-630.0
2021-10-11,0.009923370109678462,0,5,0,0,0,0,0.0,0.0,0.0,0.0,0.0,0.0,-630.0
2021-10-12,0.001537064807260745,0,5,0,0,0,0,0.0,0.0,0.0,0.0,0.0,0.0,-630.0
2021-10-13,0.005060950723978656,0,5,0,0,0,0,0.0,0.0,0.0,0.0,0.0,0.0,-630.0
2021-10-14,-0.012095772436888669,0,5,0,0,0,0,0.0,0.0,0.0,0.0,0.0,0.0,-630.0
2021-10-15,0.0006499490207240231,0,5,0,0,0,0,0.0,0.0,0.0,0.0,0.0,0.0,-630.0
2021-10-18,-0.004409686869663144,0,5,0,0,0,0,0.0,0.0,0.0,0.0,0.0,0.0,-630.0
2021-10-19,-0.006801485205757599,0,5,0,0,0,0,0.0,0.0,0.0,0.0,0.0,0.0,-630.0
2021-10-20,-0.004632078882347078,0,5,0,0,0,0,0.0,0.0,0.0,0.0,0.0,0.0,-630.0
2021-10-21,-0.0011675764750716316,0,5,0,0,0,0,0.0,0.0,0.0,0.0,0.0,0.0,-630.0
2021-10-22,0.006792878968877927,0,5,0,0,0,0,0.0,0.0,0.0,0.0,0.0,0.0,-630.0
2021-10-25,-0.0074865774201167455,0,5,0,0,0,0,0.0,0.0,0.0,0.0,0.0,0.0,-630.0
2021-10-26,0.0011552675568235614,0,5,0,0,0,0,0.0,0.0,0.0,0.0,0.0,0.0,-630.0
2021-10-27,-0.0021231041641644934,0,5,0,0,0,0,0.0,0.0,0.0,0.0,0.0,0.0,-630.0
2021-10-28,-0.0011264991732199516,0,5,0,0,0,0,0.0,0.0,0.0,0.0,0.0,0.0,-630.0
2021-10-29,0.0073459935595787665,0,5,0,0,0,0,0.0,0.0,0.0,0.0,0.0,0.0,-630.0
2021-11-01,0.004387043042092032,0,5,0,0,0,0,0.0,0.0,0.0,0.0,0.0,0.0,-630.0
2021-11-02,0.009477060506840992,0,5,0,0,0,0,0.0,0.0,0.0,0.0,0.0,0.0,-630.0
2021-11-03,-2.3728902019269486e-05,0,5,0,0,0,0,0.0,0.0,0.0,0.0,0.0,0.0,-630.0
2021-11-04,-0.00347172489143431,0,5,0,0,0,0,0.0,0.0,0.0,0.0,0.0,0.0,-630.0
2021-11-05,-0.0004653857711480354,0,5,0,0,0,0,0.0,0.0,0.0,0.0,0.0,0.0,-630.0
2021-11-08,0.0025044749277867424,0,5,0,0,0,0,0.0,0.0,0.0,0.0,0.0,0.0,-630.0
2021-11-09,0.002084659214538373,0,5,0,0,0,0,0.0,0.0,0.0,0.0,0.0,0.0,-630.0
2021-11-10,-0.005945435696750411,0,5,0,0,0,0,0.0,0.0,0.0,0.0,0.0,0.0,-630.0
2021-11-11,0.001536459027449357,0,5,0,0,0,0,0.0,0.0,0.0,0.0,0.0,0.0,-630.0
2021-11-12,0.0024136100572663926,0,5,0,0,0,0,0.0,0.0,0.0,0.0,0.0,0.0,-630.0
2021-11-15,0.016992057786334426,0,5,0,0,0,0,0.0,0.0,0.0,0.0,0.0,0.0,-630.0
2021-11-16,0.012912380985302539,0,5,0,0,0,0,0.0,0.0,0.0,0.0,0.0,0.0,-630.0
2021-11-17,-0.004473452487653626,0,5,0,0,0,0,0.0,0.0,0.0,0.0,0.0,0.0,-630.0
2021-11-18,-0.0008699248081651529,0,5,0,0,0,0,0.0,0.0,0.0,0.0,0.0,0.0,-630.0
2021-11-19,-0.008359339054250917,0,5,0,0,0,0,0.0,0.0,0.0,0.0,0.0,0.0,-630.0
2021-11-22,-0.002801560192443717,0,5,0,0,0,0,0.0,0.0,0.0,0.0,0.0,0.0,-630.0
2021-11-23,0.002970044983642689,0,5,0,0,0,0,0.0,0.0,0.0,0.0,0.0,0.0,-630.0
2021-11-24,0.008639354700475528,0,5,0,0,0,0,0.0,0.0,0.0,0.0,0.0,0.0,-630.0
2021-11-25,-0.00368277590724286,0,5,0,0,0,0,0.0,0.0,0.0,0.0,0.0,0.0,-630.0
2021-11-26,-0.0032055571746969526,0,5,0,0,0,0,0.0,0.0,0.0,0.0,0.0,0.0,-630.0
2021-11-29,-0.012714235568302788,0,5,0,0,0,0,0.0,0.0,0.0,0.0,0.0,0.0,-630.0
2021-11-30,-7.569521161703496e-05,0,5,0,0,0,0,0.0,0.0,0.0,0.0,0.0,0.0,-630.0
2021-12-01,-0.005805502329990793,0,5,0,0,0,0,0.0,0.0,0.0,0.0,0.0,0.0,-630.0
2021-12-02,-0.002411393987998626,0,5,0,0,0,0,0.0,0.0,0.0,0.0,0.0,0.0,-630.0
2021-12-03,-0.004623853745490325,0,5,0,0,0,0,0.0,0.0,0.0,0.0,0.0,0.0,-630.0
2021-12-06,0.0003599132932996706,0,5,0,0,0,0,0.0,0.0,0.0,0.0,0.0,0.0,-630.0
2021-12-07,-0.010233423051931539,0,5,0,0,0,0,0.0,0.0,0.0,0.0,0.0,0.0,-630.0
2021-12-08,-0.008382285345091266,0,5,0,0,0,0,0.0,0.0,0.0,0.0,0.0,0.0,-630.0
2021-12-09,0.01451973866295782,0,5,0,0,0,0,0.0,0.0,0.0,0.0,0.0,0.0,-630.0
2021-12-10,-0.00723840655072418,0,5,0,0,0,0,0.0,0.0,0.0,0.0,0.0,0.0,-630.0
2021-12-13,-0.006024385892368901,0,5,0,0,0,0,0.0,0.0,0.0,0.0,0.0,0.0,-630.0
2021-12-14,0.012658090585708407,0,5,0,0,0,0,0.0,0.0,0.0,0.0,0.0,0.0,-630.0
2021-12-15,0.01946034076376922,0,5,0,0,0,0,0.0,0.0,0.0,0.0,0.0,0.0,-630.0
2021-12-16,-0.0065006089690060696,0,5,0,0,0,0,0.0,0.0,0.0,0.0,0.0,0.0,-630.0
2021-12-17,-0.0013848956780291414,0,5,0,0,0,0,0.0,0.0,0.0,0.0,0.0,0.0,-630.0
2021-12-20,0.0031353040892350024,0,5,0,0,0,0,0.0,0.0,0.0,0.0,0.0,0.0,-630.0
2021-12-21,0.011968946732768543,0,5,0,0,0,0,0.0,0.0,0.0,0.0,0.0,0.0,-630.0
2021-12-22,-0.005324335702739681,0,5,0,0,0,0,0.0,0.0,0.0,0.0,0.0,0.0,-630.0
2021-12-23,-0.0006017871170469853,0,5,0,0,0,0,0.0,0.0,0.0,0.0,0.0,0.0,-630.0
2021-12-24,0.005910465118902972,0,5,0,0,0,0,0.0,0.0,0.0,0.0,0.0,0.0,-630.0
2021-12-27,0.0037288903262365043,0,5,0,0,0,0,0.0,0.0,0.0,0.0,0.0,0.0,-630.0
2021-12-28,-0.001435250017106457,0,5,0,0,0,0,0.0,0.0,0.0,0.0,0.0,0.0,-630.0
2021-12-29,0.00010798342342870602,0,5,0,0,0,0,0.0,0.0,0.0,0.0,0.0,0.0,-630.0
2021-12-30,-0.007795456353107483,0,5,0,0,0,0,0.0,0.0,0.0,0.0,0.0,0.0,-630.0
2021-12-31,-0.0005565465476927197,0,5,0,0,0,0,0.0,0.0,0.0,0.0,0.0,0.0,-630.0
2022-01-03,-0.0007362182275274447,0,5,0,0,0,0,0.0,0.0,0.0,0.0,0.0,0.0,-630.0
2022-01-04,0.002438710822453692,0,5,0,0,0,0,0.0,0.0,0.0,0.0,0.0,0.0,-630.0
2022-01-05,-0.0025762534494791454,0,5,0,0,0,0,0.0,0.0,0.0,0.0,0.0,0.0,-630.0
2022-01-06,0.00396306580615587,0,5,0,0,0,0,0.0,0.0,0.0,0.0,0.0,0.0,-630.0
2022-01-07,0.007409408365993253,0,5,0,0,0,0,0.0,0.0,0.0,0.0,0.0,0.0,-630.0
2022-01-10,0.0019500091214580367,0,5,0,0,0,0,0.0,0.0,0.0,0.0,0.0,0.0,-630.0
2022-01-11,0.00320026551594986,0,5,0,0,0,0,0.0,0.0,0.0,0.0,0.0,0.0,-630.0
2022-01-12,0.0012987046904927929,0,5,0,0,0,0,0.0,0.0,0.0,0.0,0.0,0.0,-630.0
2022-01-13,0.0009607365408034753,0,5,0,0,0,0,0.0,0.0,0.0,0.0,0.0,0.0,-630.0
2022-01-14,-0.0036348498402394005,0,5,0,0,0,0,0.0,0.0,0.0,0.0,0.0,0.0,-630.0
2022-01-17,0.002975707985407119,0,5,0,0,0,0,0.0,0.0,0.0,0.0,0.0,0.0,-630.0
2022-01-18,0.0003406554785582753,0,5,0,0,0,0,0.0,0.0,0.0,0.0,0.0,0.0,-630.0
2022-01-19,0.014289980475189623,0,5,0,0,0,0,0.0,0.0,0.0,0.0,0.0,0.0,-630.0
2022-01-20,0.010979688115396836,0,5,0,0,0,0,0.0,0.0,0.0,0.0,0.0,0.0,-630.0
2022-01-21,0.003417359462251972,0,5,0,0,0,0,0.0,0.0,0.0,0.0,0.0,0.0,-630.0
2022-01-24,-0.0038991262210472033,0,5,0,0,0,0,0.0,0.0,0.0,0.0,0.0,0.0,-630.0
2022-01-25,-0.006123895207290146,0,5,0,0,0,0,0.0,0.0,0.0,0.0,0.0,0.0,-630.0
2022-01-26,0.008545673755315291,0,5,0,0,0,0,0.0,0.0,0.0,0.0,0.0,0.0,-630.0
2022-01-27,0.0026334471249138177,0,5,0,0,0,0,0.0,0.0,0.0,0.0,0.0,0.0,-630.0
2022-01-28,0.004017863683565847,0,5,0,0,0,0,0.0,0.0,0.0,0.0,0.0,0.0,-630.0
2022-01-31,-0.010149729172019593,0,5,0,0,0,0,0.0,0.0,0.0,0.0,0.0,0.0,-630.0
2022-02-01,0.006866342505850496,0,5,0,0,0,0,0.0,0.0,0.0,0.0,0.0,0.0,-630.0
2022-02-02,0.0038540532372225225,0,5,0,0,0,0,0.0,0.0,0.0,0.0,0.0,0.0,-630.0
2022-02-03,-0.006111281092543573,0,5,0,0,0,0,0.0,0.0,0.0,0.0,0.0,0.0,-630.0
2022-02-04,-0.002042580253208741,0,5,0,0,0,0,0.0,0.0,0.0,0.0,0.0,0.0,-630.0
2022-02-07,0.0026396114410731537,0,5,0,0,0,0,0.0,0.0,0.0,0.0,0.0,0.0,-630.0
2022-02-08,0.0012943198493182932,0,5,0,0,0,0,0.0,0.0,0.0,0.0,0.0,0.0,-630.0
2022-02-09,-0.0009004147837072946,0,5,0,0,0,0,0.0,0.0,0.0,0.0,0.0,0.0,-630.0
2022-02-10,0.00030116180753403995,0,5,0,0,0,0,0.0,0.0,0.0,0.0,0.0,0.0,-630.0
2022-02-11,-0.0006444512926816646,0,5,0,0,0,0,0.0,0.0,0.0,0.0,0.0,0.0,-630.0
2022-02-14,0.0019317525748834313,0,5,0,0,0,0,0.0,0.0,0.0,0.0,0.0,0.0,-630.0
2022-02-15,0.01033100135006305,0,5,0,0,0,0,0.0,0.0,0.0,0.0,0.0,0.0,-630.0
2022-02-16,-0.01538487726503833,0,5,0,0,0,0,0.0,0.0,0.0,0.0,0.0,0.0,-630.0
2022-02-17,-0.0005481183234359729,0,5,0,0,0,0,0.0,0.0,0.0,0.0,0.0,0.0,-630.0
2022-02-18,0.0020842711530685626,0,5,0,0,0,0,0.0,0.0,0.0,0.0,0.0,0.0,-630.0
2022-02-21,0.0028451574976996637,0,5,0,0,0,0,0.0,0.0,0.0,0.0,0.0,0.0,-630.0
2022-02-22,-0.001408239225416774,0,5,0,0,0,0,0.0,0.0,0.0,0.0,0.0,0.0,-630.0
2022-02-23,-0.010227012733080729,0,5,0,0,0,0,0.0,0.0,0.0,0.0,0.0,0.0,-630.0
2022-02-24,0.0030489504354423436,0,5,0,0,0,0,0.0,0.0,0.0,0.0,0.0,0.0,-630.0
2022-02-25,0.011960365984411359,0,5,0,0,0,0,0.0,0.0,0.0,0.0,0.0,0.0,-630.0
2022-02-28,-0.008807786149110618,0,5,0,0,0,0,0.0,0.0,0.0,0.0,0.0,0.0,-630.0
2022-03-01,0.006461256290018424,0,5,0,0,0,0,0.0,0.0,0.0,0.0,0.0,0.0,-630.0
2022-03-02,-0.001131925726848323,0,5,0,0,0,0,0.0,0.0,0.0,0.0,0.0,0.0,-630.0
2022-03-03,0.0005696714456216495,0,5,0,0,0,0,0.0,0.0,0.0,0.0,0.0,0.0,-630.0
2022-03-04,-0.0057449028639116545,0,5,0,0,0,0,0.0,0.0,0.0,0.0,0.0,0.0,-630.0
2022-03-07,-0.001169695387438922,0,5,0,0,0,0,0.0,0.0,0.0,0.0,0.0,0.0,-630.0
2022-03-08,0.00923918467233653,0,5,0,0,0,0,0.0,0.0,0.0,0.0,0.0,0.0,-630.0
2022-03-09,0.004670682852673052,0,5,0,0,0,0,0.0,0.0,0.0,0.0,0.0,0.0,-630.0
2022-03-10,0.011991961274819073,0,5,0,0,0,0,0.0,0.0,0.0,0.0,0.0,0.0,-630.0
2022-03-11,0.008458231153692165,0,5,0,0,0,0,0.0,0.0,0.0,0.0,0.0,0.0,-630.0
2022-03-14,0.0037564049377601747,0,5,0,0,0,0,538.1162926597171,484.30466339374544,0.0,0.0,0.0,484.30466339374544,-145.69533660625456
2022-03-15,0.01206597873051639,0,5,0,0,0,0,0.0,0.0,0.0,0.0,0.0,0.0,-145.69533660625456
2022-03-16,0.003755809379487095,0,5,0,0,0,0,0.0,0.0,0.0,0.0,0.0,0.0,-145.69533660625456
2022-03-17,0.006233019894425925,0,5,0,0,0,0,0.0,0.0,0.0,0.0,0.0,0.0,-145.69533660625456
2022-03-18,-0.0009284335252873095,0,5,0,0,0,0,0.0,0.0,0.0,0.0,0.0,0.0,-145.69533660625456
2022-03-21,0.0013839782988593488,0,5,0,0,0,0,0.0,0.0,0.0,0.0,0.0,0.0,-145.69533660625456
2022-03-22,-0.003481157590706248,0,5,0,0,0,0,0.0,0.0,0.0,0.0,0.0,0.0,-145.69533660625456
2022-03-23,0.007262099167430226,0,5,0,0,0,0,0.0,0.0,0.0,0.0,0.0,0.0,-145.69533660625456
2022-03-24,-0.006543511711504871,0,5,0,0,0,0,0.0,0.0,0.0,0.0,0.0,0.0,-145.69533660625456
2022-03-25,0.005942387577930286,0,5,0,0,0,0,0.0,0.0,0.0,0.0,0.0,0.0,-145.69533660625456
2022-03-28,-0.0002539110558350372,0,5,0,0,0,0,0.0,0.0,0.0,0.0,0.0,0.0,-145.69533660625456
2022-03-29,0.008418972305758951,0,5,0,0,0,0,546.4117511429358,491.77057602864227,0.0,0.0,0.0,491.77057602864227,346.0752394223877
2022-03-30,0.005741907014539929,0,5,0,0,0,0,0.0,0.0,0.0,0.0,0.0,0.0,346.0752394223877
2022-03-31,0.012554496195511813,0,5,0,0,0,0,563.3722099339575,507.03498894056173,0.0,0.0,0.0,507.03498894056173,853.1102283629494
2022-04-01,0.005613941865949731,0,5,0,0,0,0,0.0,0.0,0.0,0.0,0.0,0.0,853.1102283629494
2022-04-04,-0.009050917927420295,0,5,0,0,0,0,0.0,0.0,0.0,0.0,0.0,0.0,853.1102283629494
2022-04-05,0.0005338257690560216,0,5,0,0,0,0,0.0,0.0,0.0,0.0,0.0,0.0,853.1102283629494
2022-04-06,-0.006503414581293056,0,5,0,0,0,0,0.0,0.0,0.0,0.0,0.0,0.0,853.1102283629494
2022-04-07,-0.0023403271618942364,0,5,0,0,0,0,0.0,0.0,0.0,0.0,0.0,0.0,853.1102283629494
2022-04-08,0.010584052347302367,0,5,0,0,0,0,0.0,0.0,0.0,0.0,0.0,0.0,853.1102283629494
2022-04-11,0.005020162310345911,0,5,0,0,0,0,0.0,0.0,0.0,0.0,0.0,0.0,853.1102283629494
2022-04-12,-0.003490752002625228,0,5,0,0,0,0,0.0,0.0,0.0,0.0,0.0,0.0,853.1102283629494
2022-04-13,-0.005495388247911251,0,5,0,0,0,0,0.0,0.0,0.0,0.0,0.0,0.0,853.1102283629494
2022-04-14,0.0011689630783194383,0,5,0,0,0,0,0.0,0.0,0.0,0.0,0.0,0.0,853.1102283629494
2022-04-15,-0.0067871381456035785,0,5,0,0,0,0,0.0,0.0,0.0,0.0,0.0,0.0,853.1102283629494
2022-04-18,-0.0033137778730753208,0,5,0,0,0,0,0.0,0.0,0.0,0.0,0.0,0.0,853.1102283629494
2022-04-19,0.002947147801518098,0,5,0,0,0,0,0.0,0.0,0.0,0.0,0.0,0.0,853.1102283629494
2022-04-20,0.008317494163835997,0,5,0,0,0,0,0.0,0.0,0.0,0.0,0.0,0.0,853.1102283629494
2022-04-21,0.00483693338300267,0,5,0,0,0,0,0.0,0.0,0.0,0.0,0.0,0.0,853.1102283629494
2022-04-22,-0.013631264023235234,0,5,0,0,0,0,0.0,0.0,0.0,0.0,0.0,0.0,853.1102283629494
2022-04-25,0.0028984770441638436,0,5,0,0,0,0,0.0,0.0,0.0,0.0,0.0,0.0,853.1102283629494
2022-04-26,0.0014189256108753073,0,5,0,0,0,0,0.0,0.0,0.0,0.0,0.0,0.0,853.1102283629494
2022-04-27,0.0035959484584738013,0,5,0,0,0,0,0.0,0.0,0.0,0.0,0.0,0.0,853.1102283629494
2022-04-28,0.011252597290737599,0,5,0,0,0,0,0.0,0.0,0.0,0.0,0.0,0.0,853.1102283629494
2022-04-29,-0.012178980875336615,0,5,0,0,0,0,0.0,0.0,0.0,0.0,0.0,0.0,853.1102283629494
2022-05-02,-0.002804084631101565,0,5,0,0,0,0,0.0,0.0,0.0,0.0,0.0,0.0,853.1102283629494
2022-05-03,0.00472322764934773,0,5,0,0,0,0,0.0,0.0,0.0,0.0,0.0,0.0,853.1102283629494
2022-05-04,-0.009111760931534967,0,5,0,0,0,0,0.0,0.0,0.0,0.0,0.0,0.0,853.1102283629494
2022-05-05,0.010359385038009684,0,5,0,0,0,0,0.0,0.0,0.0,0.0,0.0,0.0,853.1102283629494
2022-05-06,0.0033059794678943167,0,5,0,0,0,0,0.0,0.0,0.0,0.0,0.0,0.0,853.1102283629494
2022-05-09,0.006351442320330727,0,5,0,0,0,0,0.0,0.0,0.0,0.0,0.0,0.0,853.1102283629494
2022-05-10,-0.0026757025793479987,0,5,0,0,0,0,0.0,0.0,0.0,0.0,0.0,0.0,853.1102283629494
2022-05-11,0.006142435062458582,0,5,0,0,0,0,0.0,0.0,0.0,0.0,0.0,0.0,853.1102283629494
2022-05-12,0.007764473840996531,0,5,0,0,0,0,0.0,0.0,0.0,0.0,0.0,0.0,853.1102283629494
2022-05-13,0.002443220361820894,0,5,0,0,0,0,507.6031200785328,456.84280807067955,0.0,0.0,0.0,456.84280807067955,1309.953036433629
2022-05-16,0.002452918367572109,0,5,0,0,0,0,511.2179401399735,460.0961461259762,0.0,0.0,0.0,460.0961461259762,1770.0491825596052
2022-05-17,0.0026818075685993777,0,5,0,0,0,0,0.0,0.0,0.0,0.0,0.0,0.0,1770.0491825596052
2022-05-18,-0.0045377838206202515,0,5,0,0,0,0,0.0,0.0,0.0,0.0,0.0,0.0,1770.0491825596052
2022-05-19,2.0702246213477604e-05,0,5,0,0,0,0,0.0,0.0,0.0,0.0,0.0,0.0,1770.0491825596052
2022-05-20,-1.1099763157662265e-05,0,5,0,0,0,0,0.0,0.0,0.0,0.0,0.0,0.0,1770.0491825596052
2022-05-23,0.0034017401747950963,0,5,0,0,0,0,0.0,0.0,0.0,0.0,0.0,0.0,1770.0491825596052
2022-05-24,0.007327311851825679,0,5,0,0,0,0,582.7161099175828,524.4444989258245,0.0,0.0,0.0,524.4444989258245,2294.49368148543
2022-05-25,-0.005780804225603902,0,5,0,0,0,0,0.0,0.0,0.0,0.0,0.0,0.0,2294.49368148543
2022-05-26,0.0001641126010680971,0,5,0,0,0,0,0.0,0.0,0.0,0.0,0.0,0.0,2294.49368148543
2022-05-27,0.010394451704907465,0,5,0,0,0,0,0.0,0.0,0.0,0.0,0.0,0.0,2294.49368148543
2022-05-30,-0.003775143234331286,0,5,0,0,0,0,0.0,0.0,0.0,0.0,0.0,0.0,2294.49368148543
2022-05-31,-0.004276079751496543,0,5,0,0,0,0,0.0,0.0,0.0,0.0,0.0,0.0,2294.49368148543
2022-06-01,0.002248531867046842,0,5,0,0,0,0,0.0,0.0,0.0,0.0,0.0,0.0,2294.49368148543
2022-06-02,0.006337439881408948,0,5,0,0,0,0,0.0,0.0,0.0,0.0,0.0,0.0,2294.49368148543
2022-06-03,0.0010329628784720394,0,5,0,0,0,0,0.0,0.0,0.0,0.0,0.0,0.0,2294.49368148543
2022-06-06,0.009423328441194144,0,5,0,0,0,0,0.0,0.0,0.0,0.0,0.0,0.0,2294.49368148543
2022-06-07,0.006416461948001615,0,5,0,0,0,0,505.19295707660785,454.6736613689471,0.0,0.0,0.0,454.6736613689471,2749.1673428543772
2022-06-08,0.006321104579291193,0,5,0,0,0,0,0.0,0.0,0.0,0.0,0.0,0.0,2749.1673428543772
2022-06-09,0.004488941531645806,0,5,0,0,0,0,0.0,0.0,0.0,0.0,0.0,0.0,2749.1673428543772
2022-06-10,0.015783234023233637,0,5,0,0,0,0,563.413109442623,507.0717984983607,0.0,0.0,0.0,507.0717984983607,3256.239141352738
2022-06-13,-0.000346318122550105,0,5,0,0,0,0,0.0,0.0,0.0,0.0,0.0,0.0,3256.239141352738
2022-06-14,-0.0117986956314749,0,5,0,0,0,0,0.0,0.0,0.0,0.0,0.0,0.0,3256.239141352738
2022-06-15,0.011176463038701767,0,5,0,0,0,0,0.0,0.0,0.0,0.0,0.0,0.0,3256.239141352738
2022-06-16,-0.0019545370484585463,0,5,0,0,0,0,0.0,0.0,0.0,0.0,0.0,0.0,3256.239141352738
2022-06-17,0.001647206801944604,0,5,0,0,0,0,0.0,0.0,0.0,0.0,0.0,0.0,3256.239141352738
2022-06-20,0.009299721659729608,0,5,0,0,0,0,0.0,0.0,0.0,0.0,0.0,0.0,3256.239141352738
2022-06-21,-0.009243361347221604,0,5,0,0,0,0,0.0,0.0,0.0,0.0,0.0,0.0,3256.239141352738
2022-06-22,-0.007010580713348775,0,5,0,0,0,0,0.0,0.0,0.0,0.0,0.0,0.0,3256.239141352738
2022-06-23,-0.009237110265616535,0,5,0,0,0,0,0.0,0.0,0.0,0.0,0.0,0.0,3256.239141352738
2022-06-24,-0.004097045014387895,0,5,0,0,0,0,0.0,0.0,0.0,0.0,0.0,0.0,3256.239141352738
2022-06-27,0.003759907001026173,0,5,0,0,0,0,0.0,0.0,0.0,0.0,0.0,0.0,3256.239141352738
2022-06-28,0.004298348891328079,0,5,0,0,0,0,0.0,0.0,0.0,0.0,0.0,0.0,3256.239141352738
2022-06-29,0.002719577170690411,0,5,0,0,0,0,0.0,0.0,0.0,0.0,0.0,0.0,3256.239141352738
2022-06-30,-0.008036621779219462,0,5,0,0,0,0,0.0,0.0,0.0,0.0,0.0,0.0,3256.239141352738
2022-07-01,-0.01375107548145662,0,5,0,0,0,0,0.0,0.0,0.0,0.0,0.0,0.0,3256.239141352738
2022-07-04,0.0013063353468527948,0,5,0,0,0,0,0.0,0.0,0.0,0.0,0.0,0.0,3256.239141352738
2022-07-05,-0.0020441801198564057,0,5,0,0,0,0,0.0,0.0,0.0,0.0,0.0,0.0,3256.239141352738
2022-07-06,0.0038856742696572934,0,5,0,0,0,0,0.0,0.0,0.0,0.0,0.0,0.0,3256.239141352738
2022-07-07,0.00543040263858032,0,5,0,0,0,0,0.0,0.0,0.0,0.0,0.0,0.0,3256.239141352738
2022-07-08,0.0018405526149281857,0,5,0,0,0,0,0.0,0.0,0.0,0.0,0.0,0.0,3256.239141352738
2022-07-11,0.005800902931078714,0,5,0,0,0,0,0.0,0.0,0.0,0.0,0.0,0.0,3256.239141352738
2022-07-12,0.0024198703093553566,0,5,0,0,0,0,0.0,0.0,0.0,0.0,0.0,0.0,3256.239141352738
2022-07-13,0.004335774116894363,0,5,0,0,0,0,0.0,0.0,0.0,0.0,0.0,0.0,3256.239141352738
2022-07-14,-0.003527323703626819,0,5,0,0,0,0,0.0,0.0,0.0,0.0,0.0,0.0,3256.239141352738
2022-07-15,-0.00018360804391949937,0,5,0,0,0,0,0.0,0.0,0.0,0.0,0.0,0.0,3256.239141352738
2022-07-18,0.002213314938093368,0,5,0,0,0,0,0.0,0.0,0.0,0.0,0.0,0.0,3256.239141352738
2022-07-19,0.006185514785522045,0,5,0,0,0,0,0.0,0.0,0.0,0.0,0.0,0.0,3256.239141352738
2022-07-20,-0.0015472360196706052,0,5,0,0,0,0,0.0,0.0,0.0,0.0,0.0,0.0,3256.239141352738
2022-07-21,0.004279113092075851,0,5,0,0,0,0,0.0,0.0,0.0,0.0,0.0,0.0,3256.239141352738
2022-07-22,-0.0007327239907793321,0,5,0,0,0,0,0.0,0.0,0.0,0.0,0.0,0.0,3256.239141352738
2022-07-25,0.00021166331677733208,0,5,0,0,0,0,0.0,0.0,0.0,0.0,0.0,0.0,3256.239141352738
2022-07-26,0.006242768799325115,0,5,0,0,0,0,0.0,0.0,0.0,0.0,0.0,0.0,3256.239141352738
2022-07-27,-0.011732071691488198,0,5,0,0,0,0,0.0,0.0,0.0,0.0,0.0,0.0,3256.239141352738
2022-07-28,-0.007296037437731879,0,5,0,0,0,0,0.0,0.0,0.0,0.0,0.0,0.0,3256.239141352738
2022-07-29,-0.008478701345603903,0,5,0,0,0,0,0.0,0.0,0.0,0.0,0.0,0.0,3256.239141352738
2022-08-01,-0.013900809702699173,0,5,0,0,0,0,0.0,0.0,0.0,0.0,0.0,0.0,3256.239141352738
2022-08-02,-0.0033591461942013845,0,5,0,0,0,0,0.0,0.0,0.0,0.0,0.0,0.0,3256.239141352738
2022-08-03,0.005732768034850338,0,5,0,0,0,0,0.0,0.0,0.0,0.0,0.0,0.0,3256.239141352738
2022-08-04,-0.0008540087167521122,0,5,0,0,0,0,0.0,0.0,0.0,0.0,0.0,0.0,3256.239141352738
2022-08-05,0.002219772231614169,0,5,0,0,0,0,0.0,0.0,0.0,0.0,0.0,0.0,3256.239141352738
2022-08-08,0.00789658880420273,0,5,0,0,0,0,0.0,0.0,0.0,0.0,0.0,0.0,3256.239141352738
2022-08-09,0.009415212395920379,0,5,0,0,0,0,0.0,0.0,0.0,0.0,0.0,0.0,3256.239141352738
2022-08-10,0.000519912698909737,0,5,0,0,0,0,0.0,0.0,0.0,0.0,0.0,0.0,3256.239141352738
2022-08-11,0.00958014805870169,0,5,0,0,0,0,0.0,0.0,0.0,0.0,0.0,0.0,3256.239141352738
2022-08-12,0.0015468830386778307,0,5,0,0,0,0,0.0,0.0,0.0,0.0,0.0,0.0,3256.239141352738
2022-08-15,-0.004372547044840141,0,5,0,0,0,0,0.0,0.0,0.0,0.0,0.0,0.0,3256.239141352738
2022-08-16,-0.0028250802271147053,0,5,0,0,0,0,0.0,0.0,0.0,0.0,0.0,0.0,3256.239141352738
2022-08-17,-0.008468200864190015,0,5,0,0,0,0,0.0,0.0,0.0,0.0,0.0,0.0,3256.239141352738
2022-08-18,-0.004695643305848488,0,5,0,0,0,0,0.0,0.0,0.0,0.0,0.0,0.0,3256.239141352738
2022-08-19,-0.0013197342171561795,0,5,0,0,0,0,0.0,0.0,0.0,0.0,0.0,0.0,3256.239141352738
2022-08-22,0.006077614926885754,0,5,0,0,0,0,0.0,0.0,0.0,0.0,0.0,0.0,3256.239141352738
2022-08-23,0.01191846057894674,0,5,0,0,0,0,0.0,0.0,0.0,0.0,0.0,0.0,3256.239141352738
2022-08-24,-0.007841853425483153,0,5,0,0,0,0,0.0,0.0,0.0,0.0,0.0,0.0,3256.239141352738
2022-08-25,0.00346181555289989,0,5,0,0,0,0,0.0,0.0,0.0,0.0,0.0,0.0,3256.239141352738
2022-08-26,-0.005666226086262746,0,5,0,0,0,0,0.0,0.0,0.0,0.0,0.0,0.0,3256.239141352738
2022-08-29,0.003983180286653333,0,5,0,0,0,0,0.0,0.0,0.0,0.0,0.0,0.0,3256.239141352738
2022-08-30,0.00012540890466365944,0,5,0,0,0,0,0.0,0.0,0.0,0.0,0.0,0.0,3256.239141352738
2022-08-31,-0.010699433930635696,0,5,0,0,0,0,0.0,0.0,0.0,0.0,0.0,0.0,3256.239141352738
2022-09-01,0.006871809696755196,0,5,0,0,0,0,0.0,0.0,0.0,0.0,0.0,0.0,3256.239141352738
2022-09-02,-0.0028925857825746948,0,5,0,0,0,0,0.0,0.0,0.0,0.0,0.0,0.0,3256.239141352738
2022-09-05,-0.0024398014673232514,0,5,0,0,0,0,0.0,0.0,0.0,0.0,0.0,0.0,3256.239141352738
2022-09-06,-0.005852232412647481,0,5,0,0,0,0,0.0,0.0,0.0,0.0,0.0,0.0,3256.239141352738
2022-09-07,-0.0032064285820352445,0,5,0,0,0,0,0.0,0.0,0.0,0.0,0.0,0.0,3256.239141352738
2022-09-08,0.0036851046953532973,0,5,0,0,0,0,0.0,0.0,0.0,0.0,0.0,0.0,3256.239141352738
2022-09-09,-0.00024495275839193356,0,5,0,0,0,0,0.0,0.0,0.0,0.0,0.0,0.0,3256.239141352738
2022-09-12,0.0030531949803062116,0,5,0,0,0,0,0.0,0.0,0.0,0.0,0.0,0.0,3256.239141352738
2022-09-13,0.0032650014312855646,0,5,0,0,0,0,0.0,0.0,0.0,0.0,0.0,0.0,3256.239141352738
2022-09-14,0.009370478898489147,0,5,0,0,0,0,0.0,0.0,0.0,0.0,0.0,0.0,3256.239141352738
2022-09-15,-0.0012227426229882473,0,5,0,0,0,0,0.0,0.0,0.0,0.0,0.0,0.0,3256.239141352738
2022-09-16,-0.00844477407645749,0,5,0,0,0,0,0.0,0.0,0.0,0.0,0.0,0.0,3256.239141352738
2022-09-19,0.007756519031410548,0,5,0,0,0,0,0.0,0.0,0.0,0.0,0.0,0.0,3256.239141352738
2022-09-20,-0.0011507944732686308,0,5,0,0,0,0,0.0,0.0,0.0,0.0,0.0,0.0,3256.239141352738
2022-09-21,0.008058182358754712,0,5,0,0,0,0,0.0,0.0,0.0,0.0,0.0,0.0,3256.239141352738
2022-09-22,0.0034016334994520373,0,5,0,0,0,0,0.0,0.0,0.0,0.0,0.0,0.0,3256.239141352738
2022-09-23,0.00012508489210505739,0,5,0,0,0,0,0.0,0.0,0.0,0.0,0.0,0.0,3256.239141352738
2022-09-26,0.0031812849091241054,0,5,0,0,0,0,0.0,0.0,0.0,0.0,0.0,0.0,3256.239141352738
2022-09-27,0.013384699689193003,0,5,0,0,0,0,0.0,0.0,0.0,0.0,0.0,0.0,3256.239141352738
2022-09-28,0.014186892937656247,0,5,0,0,0,0,1668.4679083416395,1501.6211175074754,0.0,0.0,0.0,1501.6211175074754,4757.860258860213
2022-09-29,0.00140203426973722,0,5,0,0,0,0,0.0,0.0,0.0,0.0,0.0,0.0,4757.860258860213
2022-09-30,0.001980329965637512,0,5,0,0,0,0,0.0,0.0,0.0,0.0,0.0,0.0,4757.860258860213
2022-10-03,0.007813946097381952,0,5,0,0,0,0,0.0,0.0,0.0,0.0,0.0,0.0,4757.860258860213
2022-10-04,-0.0044251665289943625,0,5,0,0,0,0,0.0,0.0,0.0,0.0,0.0,0.0,4757.860258860213
2022-10-05,0.0030812685052681033,0,5,0,0,0,0,0.0,0.0,0.0,0.0,0.0,0.0,4757.860258860213
2022-10-06,0.0007954984905277588,0,5,0,0,0,0,0.0,0.0,0.0,0.0,0.0,0.0,4757.860258860213
2022-10-07,0.00295923941771544,0,5,0,0,0,0,0.0,0.0,0.0,0.0,0.0,0.0,4757.860258860213
2022-10-10,-0.0043468867770392414,0,5,0,0,0,0,0.0,0.0,0.0,0.0,0.0,0.0,4757.860258860213
2022-10-11,-0.009162535442820051,0,5,0,0,0,0,0.0,0.0,0.0,0.0,0.0,0.0,4757.860258860213
2022-10-12,-0.012241040309740539,0,5,0,0,0,0,0.0,0.0,0.0,0.0,0.0,0.0,4757.860258860213
2022-10-13,-0.0061555621387820265,0,5,0,0,0,0,0.0,0.0,0.0,0.0,0.0,0.0,4757.860258860213
2022-10-14,-0.0019607515129999586,0,5,0,0,0,0,0.0,0.0,0.0,0.0,0.0,0.0,4757.860258860213
2022-10-17,-0.0009069129330044586,0,5,0,0,0,0,0.0,0.0,0.0,0.0,0.0,0.0,4757.860258860213
2022-10-18,0.013296936551620205,0,5,0,0,0,0,0.0,0.0,0.0,0.0,0.0,0.0,4757.860258860213
2022-10-19,0.008003421456422936,0,5,0,0,0,0,0.0,0.0,0.0,0.0,0.0,0.0,4757.860258860213
2022-10-20,-0.005166620310908468,0,5,0,0,0,0,0.0,0.0,0.0,0.0,0.0,0.0,4757.860258860213
2022-10-21,0.0031744871934174853,0,5,0,0,0,0,0.0,0.0,0.0,0.0,0.0,0.0,4757.860258860213
2022-10-24,-0.001632169537985583,0,5,0,0,0,0,0.0,0.0,0.0,0.0,0.0,0.0,4757.860258860213
2022-10-25,-0.0008506957819834592,0,5,0,0,0,0,0.0,0.0,0.0,0.0,0.0,0.0,4757.860258860213
2022-10-26,0.002140395833758469,0,5,0,0,0,0,0.0,0.0,0.0,0.0,0.0,0.0,4757.860258860213
2022-10-27,0.004903224415629583,0,5,0,0,0,0,0.0,0.0,0.0,0.0,0.0,0.0,4757.860258860213
2022-10-28,-0.0012002776213011566,0,5,0,0,0,0,0.0,0.0,0.0,0.0,0.0,0.0,4757.860258860213
2022-10-31,0.007735052461147328,0,5,0,0,0,0,0.0,0.0,0.0,0.0,0.0,0.0,4757.860258860213
2022-11-01,-0.0063119284274575195,0,5,0,0,0,0,0.0,0.0,0.0,0.0,0.0,0.0,4757.860258860213
2022-11-02,0.0010005677256925436,0,5,0,0,0,0,0.0,0.0,0.0,0.0,0.0,0.0,4757.860258860213
2022-11-03,0.017502788011185228,0,5,0,0,0,0,507.7627707257798,456.9864936532018,0.0,0.0,0.0,456.9864936532018,5214.846752513416
2022-11-04,0.0023808226575986664,0,5,0,0,0,0,0.0,0.0,0.0,0.0,0.0,0.0,5214.846752513416
2022-11-07,0.010087241564417848,0,5,0,0,0,0,0.0,0.0,0.0,0.0,0.0,0.0,5214.846752513416
2022-11-08,0.0015430208316837557,0,5,0,0,0,0,0.0,0.0,0.0,0.0,0.0,0.0,5214.846752513416
2022-11-09,0.004658722379058787,0,5,0,0,0,0,0.0,0.0,0.0,0.0,0.0,0.0,5214.846752513416
2022-11-10,0.0005985905514336302,0,5,0,0,0,0,0.0,0.0,0.0,0.0,0.0,0.0,5214.846752513416
2022-11-11,-0.0001249959023685881,0,5,0,0,0,0,0.0,0.0,0.0,0.0,0.0,0.0,5214.846752513416
2022-11-14,-0.004003725622410287,0,5,0,0,0,0,0.0,0.0,0.0,0.0,0.0,0.0,5214.846752513416
2022-11-15,0.0037004579821400133,0,5,0,0,0,0,0.0,0.0,0.0,0.0,0.0,0.0,5214.846752513416
2022-11-16,-0.00446258725623087,0,5,0,0,0,0,0.0,0.0,0.0,0.0,0.0,0.0,5214.846752513416
2022-11-17,0.005198800294826164,0,5,0,0,0,0,0.0,0.0,0.0,0.0,0.0,0.0,5214.846752513416
2022-11-18,0.007871558517655506,0,5,0,0,0,0,515.0307412769398,463.5276671492458,0.0,0.0,0.0,463.5276671492458,5678.374419662661
2022-11-21,0.003294356136087929,0,5,0,0,0,0,0.0,0.0,0.0,0.0,0.0,0.0,5678.374419662661
2022-11-22,-0.0008626992338890873,0,5,0,0,0,0,0.0,0.0,0.0,0.0,0.0,0.0,5678.374419662661
2022-11-23,0.00385115722701524,0,5,0,0,0,0,0.0,0.0,0.0,0.0,0.0,0.0,5678.374419662661
2022-11-24,-0.0010055025183707312,0,5,0,0,0,0,0.0,0.0,0.0,0.0,0.0,0.0,5678.374419662661
2022-11-25,0.006917980231311553,0,5,0,0,0,0,0.0,0.0,0.0,0.0,0.0,0.0,5678.374419662661
2022-11-28,-0.010702619691971595,0,5,0,0,0,0,0.0,0.0,0.0,0.0,0.0,0.0,5678.374419662661
2022-11-29,-0.001177026469113225,0,5,0,0,0,0,0.0,0.0,0.0,0.0,0.0,0.0,5678.374419662661
2022-11-30,-0.011717753511981639,0,5,0,0,0,0,0.0,0.0,0.0,0.0,0.0,0.0,5678.374419662661
2022-12-01,-0.008560695088446766,0,5,0,0,0,0,0.0,0.0,0.0,0.0,0.0,0.0,5678.374419662661
2022-12-02,0.009645590177307303,0,5,0,0,0,0,0.0,0.0,0.0,0.0,0.0,0.0,5678.374419662661
2022-12-05,0.0066609447382442,0,5,0,0,0,0,0.0,0.0,0.0,0.0,0.0,0.0,5678.374419662661
2022-12-06,-0.0036216179261833077,0,5,0,0,0,0,0.0,0.0,0.0,0.0,0.0,0.0,5678.374419662661
2022-12-07,-0.00860809145618546,0,5,0,0,0,0,0.0,0.0,0.0,0.0,0.0,0.0,5678.374419662661
2022-12-08,-0.017918608251434487,0,5,0,0,0,0,0.0,0.0,0.0,0.0,0.0,0.0,5678.374419662661
2022-12-09,-0.0025009063698077216,0,5,0,0,0,0,0.0,0.0,0.0,0.0,0.0,0.0,5678.374419662661
2022-12-12,0.016373963397338532,0,5,0,0,0,0,0.0,0.0,0.0,0.0,0.0,0.0,5678.374419662661
2022-12-13,0.003729643032133189,0,5,0,0,0,0,0.0,0.0,0.0,0.0,0.0,0.0,5678.374419662661
2022-12-14,-0.00260328702238306,0,5,0,0,0,0,0.0,0.0,0.0,0.0,0.0,0.0,5678.374419662661
2022-12-15,0.003921937770472366,0,5,0,0,0,0,0.0,0.0,0.0,0.0,0.0,0.0,5678.374419662661
2022-12-16,-0.008980345800484327,0,5,0,0,0,0,0.0,0.0,0.0,0.0,0.0,0.0,5678.374419662661
2022-12-19,-0.0009332250413824018,0,5,0,0,0,0,0.0,0.0,0.0,0.0,0.0,0.0,5678.374419662661
2022-12-20,0.001593694731192173,0,5,0,0,0,0,0.0,0.0,0.0,0.0,0.0,0.0,5678.374419662661
2022-12-21,0.0004118901814000303,0,5,0,0,0,0,0.0,0.0,0.0,0.0,0.0,0.0,5678.374419662661
2022-12-22,0.005996235941927777,0,5,0,0,0,0,0.0,0.0,0.0,0.0,0.0,0.0,5678.374419662661
2022-12-23,0.0031549798582668548,0,5,0,0,0,0,0.0,0.0,0.0,0.0,0.0,0.0,5678.374419662661
2022-12-26,0.005216254229106708,0,5,0,0,0,0,0.0,0.0,0.0,0.0,0.0,0.0,5678.374419662661
2022-12-27,-0.0034235152773786706,0,5,0,0,0,0,0.0,0.0,0.0,0.0,0.0,0.0,5678.374419662661
2022-12-28,0.006677695904019125,0,5,0,0,0,0,0.0,0.0,0.0,0.0,0.0,0.0,5678.374419662661
2022-12-29,0.011333647472952122,0,5,0,0,0,0,0.0,0.0,0.0,0.0,0.0,0.0,5678.374419662661
2022-12-30,-0.005217938092591735,0,5,0,0,0,0,0.0,0.0,0.0,0.0,0.0,0.0,5678.374419662661
2023-01-02,-0.004692852759208743,0,5,0,0,0,0,0.0,0.0,0.0,0.0,0.0,0.0,5678.374419662661
2023-01-03,0.009466783637966582,0,5,0,0,0,0,0.0,0.0,0.0,0.0,0.0,0.0,5678.374419662661
2023-01-04,-0.0002583237896636003,0,5,0,0,0,0,0.0,0.0,0.0,0.0,0.0,0.0,5678.374419662661
2023-01-05,0.009900059392348646,0,5,0,0,0,0,0.0,0.0,0.0,0.0,0.0,0.0,5678.374419662661
2023-01-06,-0.0018579709677411973,0,5,0,0,0,0,0.0,0.0,0.0,0.0,0.0,0.0,5678.374419662661
2023-01-09,0.010226266880462352,0,5,0,0,0,0,1525.0478290715491,1372.5430461643941,0.0,0.0,0.0,1372.5430461643941,7050.917465827055
2023-01-10,0.001797531289812773,0,5,0,0,0,0,0.0,0.0,0.0,0.0,0.0,0.0,7050.917465827055
2023-01-11,0.0026046601574427636,0,5,0,0,0,0,0.0,0.0,0.0,0.0,0.0,0.0,7050.917465827055
2023-01-12,0.010924686454825375,0,5,0,0,0,0,0.0,0.0,0.0,0.0,0.0,0.0,7050.917465827055
2023-01-13,-0.001343639218675212,0,5,0,0,0,0,0.0,0.0,0.0,0.0,0.0,0.0,7050.917465827055
2023-01-16,-0.0050330847244545234,0,5,0,0,0,0,0.0,0.0,0.0,0.0,0.0,0.0,7050.917465827055
2023-01-17,-0.0018963618296404456,0,5,0,0,0,0,0.0,0.0,0.0,0.0,0.0,0.0,7050.917465827055
2023-01-18,0.0038407666371640774,0,5,0,0,0,0,0.0,0.0,0.0,0.0,0.0,0.0,7050.917465827055
2023-01-19,-0.009010917893942882,0,5,0,0,0,0,0.0,0.0,0.0,0.0,0.0,0.0,7050.917465827055
2023-01-20,0.005019761696038128,0,5,0,0,0,0,0.0,0.0,0.0,0.0,0.0,0.0,7050.917465827055
2023-01-23,-0.0024708216299541815,0,5,0,0,0,0,0.0,0.0,0.0,0.0,0.0,0.0,7050.917465827055
2023-01-24,0.008269736401737893,0,5,0,0,0,0,0.0,0.0,0.0,0.0,0.0,0.0,7050.917465827055
2023-01-25,-0.014287005941486042,0,5,0,0,0,0,0.0,0.0,0.0,0.0,0.0,0.0,7050.917465827055
2023-01-26,-0.004048834219144235,0,5,0,0,0,0,0.0,0.0,0.0,0.0,0.0,0.0,7050.917465827055
2023-01-27,-0.009779621311720228,0,5,0,0,0,0,0.0,0.0,0.0,0.0,0.0,0.0,7050.917465827055
2023-01-30,-0.004301421806358995,0,5,0,0,0,0,0.0,0.0,0.0,0.0,0.0,0.0,7050.917465827055
2023-01-31,0.002537393018375099,0,5,0,0,0,0,0.0,0.0,0.0,0.0,0.0,0.0,7050.917465827055
2023-02-01,-0.0001811576222407351,0,5,0,0,0,0,0.0,0.0,0.0,0.0,0.0,0.0,7050.917465827055
2023-02-02,-0.0006533680321405802,0,5,0,0,0,0,0.0,0.0,0.0,0.0,0.0,0.0,7050.917465827055
2023-02-03,-5.352708299366244e-05,0,5,0,0,0,0,0.0,0.0,0.0,0.0,0.0,0.0,7050.917465827055
2023-02-06,0.0022554226047497164,0,5,0,0,0,0,0.0,0.0,0.0,0.0,0.0,0.0,7050.917465827055
2023-02-07,-0.005462392371537171,0,5,0,0,0,0,0.0,0.0,0.0,0.0,0.0,0.0,7050.917465827055
2023-02-08,0.005461581595836942,0,5,0,0,0,0,0.0,0.0,0.0,0.0,0.0,0.0,7050.917465827055
2023-02-09,0.005180209732179123,0,5,0,0,0,0,0.0,0.0,0.0,0.0,0.0,0.0,7050.917465827055
2023-02-10,0.003412210014981919,0,5,0,0,0,0,0.0,0.0,0.0,0.0,0.0,0.0,7050.917465827055
2023-02-13,0.004504333175341541,0,5,0,0,0,0,0.0,0.0,0.0,0.0,0.0,0.0,7050.917465827055
2023-02-14,0.0028478576988848125,0,5,0,0,0,0,0.0,0.0,0.0,0.0,0.0,0.0,7050.917465827055
2023-02-15,0.013920017998700613,0,5,0,0,0,0,0.0,0.0,0.0,0.0,0.0,0.0,7050.917465827055
2023-02-16,0.0004055632204552546,0,5,0,0,0,0,0.0,0.0,0.0,0.0,0.0,0.0,7050.917465827055
2023-02-17,-0.0009953780661917425,0,5,0,0,0,0,0.0,0.0,0.0,0.0,0.0,0.0,7050.917465827055
2023-02-20,-0.003838439330721823,0,5,0,0,0,0,0.0,0.0,0.0,0.0,0.0,0.0,7050.917465827055
2023-02-21,-0.00561348904683989,0,5,0,0,0,0,0.0,0.0,0.0,0.0,0.0,0.0,7050.917465827055
2023-02-22,-0.006964885932792921,0,5,0,0,0,0,0.0,0.0,0.0,0.0,0.0,0.0,7050.917465827055
2023-02-23,-0.004699868369837907,0,5,0,0,0,0,0.0,0.0,0.0,0.0,0.0,0.0,7050.917465827055
2023-02-24,0.0005100900390650907,0,5,0,0,0,0,0.0,0.0,0.0,0.0,0.0,0.0,7050.917465827055
2023-02-27,0.0030890680348301287,0,5,0,0,0,0,0.0,0.0,0.0,0.0,0.0,0.0,7050.917465827055
2023-02-28,0.0012858835989297758,0,5,0,0,0,0,0.0,0.0,0.0,0.0,0.0,0.0,7050.917465827055
2023-03-01,-0.003914907131251072,0,5,0,0,0,0,0.0,0.0,0.0,0.0,0.0,0.0,7050.917465827055
2023-03-02,0.006692783236541937,0,5,0,0,0,0,0.0,0.0,0.0,0.0,0.0,0.0,7050.917465827055
2023-03-03,0.005668950533849606,0,5,0,0,0,0,0.0,0.0,0.0,0.0,0.0,0.0,7050.917465827055
2023-03-06,-5.647835121777665e-05,0,5,0,0,0,0,0.0,0.0,0.0,0.0,0.0,0.0,7050.917465827055
2023-03-07,-0.0031977223681634104,0,5,0,0,0,0,0.0,0.0,0.0,0.0,0.0,0.0,7050.917465827055
2023-03-08,0.004452715331408425,0,5,0,0,0,0,0.0,0.0,0.0,0.0,0.0,0.0,7050.917465827055
2023-03-09,0.002157258517667469,0,5,0,0,0,0,0.0,0.0,0.0,0.0,0.0,0.0,7050.917465827055
2023-03-10,-0.008261811221759454,0,5,0,0,0,0,0.0,0.0,0.0,0.0,0.0,0.0,7050.917465827055
2023-03-13,0.000527285065698026,0,5,0,0,0,0,0.0,0.0,0.0,0.0,0.0,0.0,7050.917465827055
2023-03-14,0.0026289039449673268,0,5,0,0,0,0,0.0,0.0,0.0,0.0,0.0,0.0,7050.917465827055
2023-03-15,-0.004769266007557831,0,5,0,0,0,0,0.0,0.0,0.0,0.0,0.0,0.0,7050.917465827055
2023-03-16,0.0021691658719064505,0,5,0,0,0,0,0.0,0.0,0.0,0.0,0.0,0.0,7050.917465827055
2023-03-17,-0.008304447973099607,0,5,0,0,0,0,0.0,0.0,0.0,0.0,0.0,0.0,7050.917465827055
2023-03-20,0.009469342162358889,0,5,0,0,0,0,0.0,0.0,0.0,0.0,0.0,0.0,7050.917465827055
2023-03-21,0.008907434113127116,0,5,0,0,0,0,0.0,0.0,0.0,0.0,0.0,0.0,7050.917465827055
2023-03-22,-0.0006478898583617296,0,5,0,0,0,0,0.0,0.0,0.0,0.0,0.0,0.0,7050.917465827055
2023-03-23,0.003274760644334976,0,5,0,0,0,0,0.0,0.0,0.0,0.0,0.0,0.0,7050.917465827055
2023-03-24,-0.014386743031320823,0,5,0,0,0,0,0.0,0.0,0.0,0.0,0.0,0.0,7050.917465827055
2023-03-27,-0.006403691046685319,0,5,0,0,0,0,0.0,0.0,0.0,0.0,0.0,0.0,7050.917465827055
2023-03-28,-0.0009106532090048551,0,5,0,0,0,0,0.0,0.0,0.0,0.0,0.0,0.0,7050.917465827055
2023-03-29,-0.005867392690260277,0,5,0,0,0,0,0.0,0.0,0.0,0.0,0.0,0.0,7050.917465827055
2023-03-30,0.005509641634717169,0,5,0,0,0,0,0.0,0.0,0.0,0.0,0.0,0.0,7050.917465827055
2023-03-31,0.013679446751171729,0,5,0,0,0,0,0.0,0.0,0.0,0.0,0.0,0.0,7050.917465827055
2023-04-03,-0.006532756381039518,0,5,0,0,0,0,0.0,0.0,0.0,0.0,0.0,0.0,7050.917465827055
2023-04-04,-0.004372962127842033,0,5,0,0,0,0,0.0,0.0,0.0,0.0,0.0,0.0,7050.917465827055
2023-04-05,0.0024595889352602013,0,5,0,0,0,0,0.0,0.0,0.0,0.0,0.0,0.0,7050.917465827055
2023-04-06,0.011220160490019001,0,5,0,0,0,0,0.0,0.0,0.0,0.0,0.0,0.0,7050.917465827055
2023-04-07,-0.006824164085381328,0,5,0,0,0,0,0.0,0.0,0.0,0.0,0.0,0.0,7050.917465827055
2023-04-10,0.002546118904830956,0,5,0,0,0,0,0.0,0.0,0.0,0.0,0.0,0.0,7050.917465827055
2023-04-11,0.01255865269700809,0,5,0,0,0,0,0.0,0.0,0.0,0.0,0.0,0.0,7050.917465827055
2023-04-12,-0.009558586328394318,0,5,0,0,0,0,0.0,0.0,0.0,0.0,0.0,0.0,7050.917465827055
2023-04-13,-0.007197946788495296,0,5,0,0,0,0,0.0,0.0,0.0,0.0,0.0,0.0,7050.917465827055
2023-04-14,-0.0017374260331378653,0,5,0,0,0,0,0.0,0.0,0.0,0.0,0.0,0.0,7050.917465827055
2023-04-17,-0.00235502867431644,0,5,0,0,0,0,0.0,0.0,0.0,0.0,0.0,0.0,7050.917465827055
2023-04-18,0.006135032615512278,0,5,0,0,0,0,0.0,0.0,0.0,0.0,0.0,0.0,7050.917465827055
2023-04-19,0.002499144262604979,0,5,0,0,0,0,0.0,0.0,0.0,0.0,0.0,0.0,7050.917465827055
2023-04-20,-0.010343171049478777,0,5,0,0,0,0,0.0,0.0,0.0,0.0,0.0,0.0,7050.917465827055
2023-04-21,0.004242452117758432,0,5,0,0,0,0,0.0,0.0,0.0,0.0,0.0,0.0,7050.917465827055
2023-04-24,-0.002717702507433341,0,5,0,0,0,0,0.0,0.0,0.0,0.0,0.0,0.0,7050.917465827055
2023-04-25,0.009076174632638013,0,5,0,0,0,0,0.0,0.0,0.0,0.0,0.0,0.0,7050.917465827055
2023-04-26,-0.00303642391518123,0,5,0,0,0,0,0.0,0.0,0.0,0.0,0.0,0.0,7050.917465827055
2023-04-27,-0.003093914700222972,0,5,0,0,0,0,0.0,0.0,0.0,0.0,0.0,0.0,7050.917465827055
2023-04-28,0.004406250736553081,0,5,0,0,0,0,0.0,0.0,0.0,0.0,0.0,0.0,7050.917465827055
2023-05-01,0.00581869193094541,0,5,0,0,0,0,0.0,0.0,0.0,0.0,0.0,0.0,7050.917465827055
2023-05-02,0.0038137998066653505,0,5,0,0,0,0,0.0,0.0,0.0,0.0,0.0,0.0,7050.917465827055
2023-05-03,-0.009774075639749929,0,5,0,0,0,0,0.0,0.0,0.0,0.0,0.0,0.0,7050.917465827055
2023-05-04,0.00438652723392425,0,5,0,0,0,0,0.0,0.0,0.0,0.0,0.0,0.0,7050.917465827055
2023-05-05,-0.005626514508154912,0,5,0,0,0,0,0.0,0.0,0.0,0.0,0.0,0.0,7050.917465827055
2023-05-08,0.002458491964496125,0,5,0,0,0,0,0.0,0.0,0.0,0.0,0.0,0.0,7050.917465827055
2023-05-09,-0.008106472059723377,0,5,0,0,0,0,0.0,0.0,0.0,0.0,0.0,0.0,7050.917465827055
2023-05-10,0.0038024820803911723,0,5,0,0,0,0,0.0,0.0,0.0,0.0,0.0,0.0,7050.917465827055
2023-05-11,-0.004176409833240683,0,5,0,0,0,0,0.0,0.0,0.0,0.0,0.0,0.0,7050.917465827055
2023-05-12,-0.007207915895315131,0,5,0,0,0,0,0.0,0.0,0.0,0.0,0.0,0.0,7050.917465827055
2023-05-15,0.005505971328742976,0,5,0,0,0,0,0.0,0.0,0.0,0.0,0.0,0.0,7050.917465827055
2023-05-16,0.002499047477297735,0,5,0,0,0,0,0.0,0.0,0.0,0.0,0.0,0.0,7050.917465827055
2023-05-17,-0.0029497475969719163,0,5,0,0,0,0,0.0,0.0,0.0,0.0,0.0,0.0,7050.917465827055
2023-05-18,0.0102016426643245,0,5,0,0,0,0,0.0,0.0,0.0,0.0,0.0,0.0,7050.917465827055
2023-05-19,-0.0018459777380779583,0,5,0,0,0,0,0.0,0.0,0.0,0.0,0.0,0.0,7050.917465827055
2023-05-22,0.0011646682222771045,0,5,0,0,0,0,0.0,0.0,0.0,0.0,0.0,0.0,7050.917465827055
2023-05-23,0.002672702323984401,0,5,0,0,0,0,0.0,0.0,0.0,0.0,0.0,0.0,7050.917465827055
2023-05-24,-0.002985977314010787,0,5,0,0,0,0,0.0,0.0,0.0,0.0,0.0,0.0,7050.917465827055
2023-05-25,0.003960504317649153,0,5,0,0,0,0,0.0,0.0,0.0,0.0,0.0,0.0,7050.917465827055
2023-05-26,-0.0024369491922026087,0,5,0,0,0,0,0.0,0.0,0.0,0.0,0.0,0.0,7050.917465827055
2023-05-29,-0.0016612092226385258,0,5,0,0,0,0,0.0,0.0,0.0,0.0,0.0,0.0,7050.917465827055
2023-05-30,0.009637823545196766,0,5,0,0,0,0,0.0,0.0,0.0,0.0,0.0,0.0,7050.917465827055
2023-05-31,-0.005666494273876292,0,5,0,0,0,0,0.0,0.0,0.0,0.0,0.0,0.0,7050.917465827055
2023-06-01,-0.014404945763556193,0,5,0,0,0,0,0.0,0.0,0.0,0.0,0.0,0.0,7050.917465827055
2023-06-02,0.01121901959904873,0,5,0,0,0,0,0.0,0.0,0.0,0.0,0.0,0.0,7050.917465827055
2023-06-05,0.017194910907062797,0,5,0,0,0,0,501.1972049534561,451.0774844581105,0.0,0.0,0.0,451.0774844581105,7501.994950285165
2023-06-06,-0.001620649591638913,0,5,0,0,0,0,0.0,0.0,0.0,0.0,0.0,0.0,7501.994950285165
2023-06-07,-0.011374034848701798,0,5,0,0,0,0,0.0,0.0,0.0,0.0,0.0,0.0,7501.994950285165
2023-06-08,-0.0010170348811683978,0,5,0,0,0,0,0.0,0.0,0.0,0.0,0.0,0.0,7501.994950285165
2023-06-09,-0.0008625350372104587,0,5,0,0,0,0,0.0,0.0,0.0,0.0,0.0,0.0,7501.994950285165
2023-06-12,-0.0002492799725705966,0,5,0,0,0,0,0.0,0.0,0.0,0.0,0.0,0.0,7501.994950285165
2023-06-13,-0.006130114231204964,0,5,0,0,0,0,0.0,0.0,0.0,0.0,0.0,0.0,7501.994950285165
2023-06-14,0.004650978909209367,0,5,0,0,0,0,0.0,0.0,0.0,0.0,0.0,0.0,7501.994950285165
2023-06-15,0.004300383748244013,0,5,0,0,0,0,0.0,0.0,0.0,0.0,0.0,0.0,7501.994950285165
2023-06-16,-0.008556522556572082,0,5,0,0,0,0,0.0,0.0,0.0,0.0,0.0,0.0,7501.994950285165
2023-06-19,0.005412846094685715,0,5,0,0,0,0,0.0,0.0,0.0,0.0,0.0,0.0,7501.994950285165
2023-06-20,0.01403217325753763,0,5,0,0,0,0,0.0,0.0,0.0,0.0,0.0,0.0,7501.994950285165
2023-06-21,0.0020552823947241703,0,5,0,0,0,0,0.0,0.0,0.0,0.0,0.0,0.0,7501.994950285165
2023-06-22,-0.0011879657794836428,0,5,0,0,0,0,0.0,0.0,0.0,0.0,0.0,0.0,7501.994950285165
2023-06-23,5.5889694446961354e-05,0,5,0,0,0,0,0.0,0.0,0.0,0.0,0.0,0.0,7501.994950285165
2023-06-26,0.004878296926726344,0,5,0,0,0,0,0.0,0.0,0.0,0.0,0.0,0.0,7501.994950285165
2023-06-27,-0.01006111916294834,0,5,0,0,0,0,0.0,0.0,0.0,0.0,0.0,0.0,7501.994950285165
2023-06-28,0.0020070772383047387,0,5,0,0,0,0,0.0,0.0,0.0,0.0,0.0,0.0,7501.994950285165
2023-06-29,-0.0015263659048661857,0,5,0,0,0,0,0.0,0.0,0.0,0.0,0.0,0.0,7501.994950285165
2023-06-30,0.012727577451133164,0,5,0,0,0,0,0.0,0.0,0.0,0.0,0.0,0.0,7501.994950285165
2023-07-03,-0.00014897326783349816,0,5,0,0,0,0,0.0,0.0,0.0,0.0,0.0,0.0,7501.994950285165
2023-07-04,0.011581694333954314,0,5,0,0,0,0,0.0,0.0,0.0,0.0,0.0,0.0,7501.994950285165
2023-07-05,-0.006068677705709829,0,5,0,0,0,0,0.0,0.0,0.0,0.0,0.0,0.0,7501.994950285165
2023-07-06,0.0047000017139243655,0,5,0,0,0,0,0.0,0.0,0.0,0.0,0.0,0.0,7501.994950285165
2023-07-07,0.0029942140810349576,0,5,0,0,0,0,0.0,0.0,0.0,0.0,0.0,0.0,7501.994950285165
2023-07-10,-0.004574095371921695,0,5,0,0,0,0,0.0,0.0,0.0,0.0,0.0,0.0,7501.994950285165
2023-07-11,0.002089898716778011,0,5,0,0,0,0,0.0,0.0,0.0,0.0,0.0,0.0,7501.994950285165
2023-07-12,0.008681800341814698,0,5,0,0,0,0,0.0,0.0,0.0,0.0,0.0,0.0,7501.994950285165
2023-07-13,-0.0011017815808064442,0,5,0,0,0,0,0.0,0.0,0.0,0.0,0.0,0.0,7501.994950285165
2023-07-14,-0.009814611549200528,0,5,0,0,0,0,0.0,0.0,0.0,0.0,0.0,0.0,7501.994950285165
2023-07-17,0.0008483549527472218,0,5,0,0,0,0,0.0,0.0,0.0,0.0,0.0,0.0,7501.994950285165
2023-07-18,-0.004786640507761642,0,5,0,0,0,0,0.0,0.0,0.0,0.0,0.0,0.0,7501.994950285165
2023-07-19,-0.001219907408414154,0,5,0,0,0,0,0.0,0.0,0.0,0.0,0.0,0.0,7501.994950285165
2023-07-20,0.00044062926175018164,0,5,0,0,0,0,0.0,0.0,0.0,0.0,0.0,0.0,7501.994950285165
2023-07-21,-0.009901789886610848,0,5,0,0,0,0,0.0,0.0,0.0,0.0,0.0,0.0,7501.994950285165
2023-07-24,-0.009328688002835851,0,5,0,0,0,0,0.0,0.0,0.0,0.0,0.0,0.0,7501.994950285165
2023-07-25,0.004030112545596735,0,5,0,0,0,0,0.0,0.0,0.0,0.0,0.0,0.0,7501.994950285165
2023-07-26,-0.00236859481264963,0,5,0,0,0,0,0.0,0.0,0.0,0.0,0.0,0.0,7501.994950285165
2023-07-27,-0.015372687837864173,0,5,0,0,0,0,0.0,0.0,0.0,0.0,0.0,0.0,7501.994950285165
2023-07-28,0.005958268001028019,0,5,0,0,0,0,0.0,0.0,0.0,0.0,0.0,0.0,7501.994950285165
2023-07-31,0.002694712892555452,0,5,0,0,0,0,0.0,0.0,0.0,0.0,0.0,0.0,7501.994950285165
2023-08-01,-0.003585921379734627,0,5,0,0,0,0,0.0,0.0,0.0,0.0,0.0,0.0,7501.994950285165
2023-08-02,-0.0074256811592382415,0,5,0,0,0,0,0.0,0.0,0.0,0.0,0.0,0.0,7501.994950285165
2023-08-03,0.006282817682348104,0,5,0,0,0,0,0.0,0.0,0.0,0.0,0.0,0.0,7501.994950285165
2023-08-04,0.003184944913628929,0,5,0,0,0,0,0.0,0.0,0.0,0.0,0.0,0.0,7501.994950285165
2023-08-07,0.01613316316359706,0,5,0,0,0,0,0.0,0.0,0.0,0.0,0.0,0.0,7501.994950285165
2023-08-08,0.003636057578997814,0,5,0,0,0,0,0.0,0.0,0.0,0.0,0.0,0.0,7501.994950285165
2023-08-09,0.0034291826498243153,0,5,0,0,0,0,0.0,0.0,0.0,0.0,0.0,0.0,7501.994950285165
2023-08-10,-0.00010283667722898603,0,5,0,0,0,0,0.0,0.0,0.0,0.0,0.0,0.0,7501.994950285165
2023-08-11,0.006161617305860051,0,5,0,0,0,0,0.0,0.0,0.0,0.0,0.0,0.0,7501.994950285165
2023-08-14,0.0049408866762411146,0,5,0,0,0,0,0.0,0.0,0.0,0.0,0.0,0.0,7501.994950285165
2023-08-15,0.008931474338550275,0,5,0,0,0,0,506.064201072928,455.4577809656352,0.0,0.0,0.0,455.4577809656352,7957.4527312508
2023-08-16,-0.002359706177527718,0,5,0,0,0,0,0.0,0.0,0.0,0.0,0.0,0.0,7957.4527312508
2023-08-17,-0.0018125766884939923,0,5,0,0,0,0,0.0,0.0,0.0,0.0,0.0,0.0,7957.4527312508
2023-08-18,-0.002090841029780785,0,5,0,0,0,0,0.0,0.0,0.0,0.0,0.0,0.0,7957.4527312508
2023-08-21,0.005996207918452306,0,5,0,0,0,0,0.0,0.0,0.0,0.0,0.0,0.0,7957.4527312508
2023-08-22,0.010502195138107543,0,5,0,0,0,0,0.0,0.0,0.0,0.0,0.0,0.0,7957.4527312508
2023-08-23,-0.001961803597206405,0,5,0,0,0,0,0.0,0.0,0.0,0.0,0.0,0.0,7957.4527312508
2023-08-24,-0.0017448585325330888,0,5,0,0,0,0,0.0,0.0,0.0,0.0,0.0,0.0,7957.4527312508
2023-08-25,0.0029603157279645,0,5,0,0,0,0,0.0,0.0,0.0,0.0,0.0,0.0,7957.4527312508
2023-08-28,-0.0006048671383689476,0,5,0,0,0,0,0.0,0.0,0.0,0.0,0.0,0.0,7957.4527312508
2023-08-29,0.007023097628765779,0,5,0,0,0,0,0.0,0.0,0.0,0.0,0.0,0.0,7957.4527312508
2023-08-30,-0.013379641053011279,0,5,0,0,0,0,0.0,0.0,0.0,0.0,0.0,0.0,7957.4527312508
2023-08-31,-0.004304450413646378,0,5,0,0,0,0,0.0,0.0,0.0,0.0,0.0,0.0,7957.4527312508
2023-09-01,-0.004022409615350672,0,5,0,0,0,0,0.0,0.0,0.0,0.0,0.0,0.0,7957.4527312508
2023-09-04,-0.013816366262270537,0,5,0,0,0,0,0.0,0.0,0.0,0.0,0.0,0.0,7957.4527312508
2023-09-05,-0.005176474054738171,0,5,0,0,0,0,0.0,0.0,0.0,0.0,0.0,0.0,7957.4527312508
2023-09-06,-0.00486772733966469,0,5,0,0,0,0,0.0,0.0,0.0,0.0,0.0,0.0,7957.4527312508
2023-09-07,-0.00032048198666707927,0,5,0,0,0,0,0.0,0.0,0.0,0.0,0.0,0.0,7957.4527312508
2023-09-08,0.008047824092447125,0,5,0,0,0,0,0.0,0.0,0.0,0.0,0.0,0.0,7957.4527312508
2023-09-11,-0.0006004039704846954,0,5,0,0,0,0,0.0,0.0,0.0,0.0,0.0,0.0,7957.4527312508
2023-09-12,-0.005604261795156177,0,5,0,0,0,0,0.0,0.0,0.0,0.0,0.0,0.0,7957.4527312508
2023-09-13,0.0005974993751291157,0,5,0,0,0,0,0.0,0.0,0.0,0.0,0.0,0.0,7957.4527312508
2023-09-14,0.0076415801170185175,0,5,0,0,0,0,0.0,0.0,0.0,0.0,0.0,0.0,7957.4527312508
2023-09-15,-0.005254933040124935,0,5,0,0,0,0,0.0,0.0,0.0,0.0,0.0,0.0,7957.4527312508
2023-09-18,-0.004838552992005114,0,5,0,0,0,0,0.0,0.0,0.0,0.0,0.0,0.0,7957.4527312508
2023-09-19,0.004517168452123817,0,5,0,0,0,0,0.0,0.0,0.0,0.0,0.0,0.0,7957.4527312508
2023-09-20,-0.00045059427140130693,0,5,0,0,0,0,0.0,0.0,0.0,0.0,0.0,0.0,7957.4527312508
2023-09-21,0.0050835318214148325,0,5,0,0,0,0,0.0,0.0,0.0,0.0,0.0,0.0,7957.4527312508
2023-09-22,0.0008732931700536953,0,5,0,0,0,0,0.0,0.0,0.0,0.0,0.0,0.0,7957.4527312508
2023-09-25,0.005428555990567854,0,5,0,0,0,0,0.0,0.0,0.0,0.0,0.0,0.0,7957.4527312508
2023-09-26,-0.005631418443943944,0,5,0,0,0,0,0.0,0.0,0.0,0.0,0.0,0.0,7957.4527312508
2023-09-27,0.0008832412463754483,0,5,0,0,0,0,0.0,0.0,0.0,0.0,0.0,0.0,7957.4527312508
2023-09-28,-0.00038152378178912144,0,5,0,0,0,0,0.0,0.0,0.0,0.0,0.0,0.0,7957.4527312508
2023-09-29,-0.0067828763637912725,0,5,0,0,0,0,0.0,0.0,0.0,0.0,0.0,0.0,7957.4527312508
2023-10-02,-0.008996391165144817,0,5,0,0,0,0,0.0,0.0,0.0,0.0,0.0,0.0,7957.4527312508
2023-10-03,0.005327208044254804,0,5,0,0,0,0,0.0,0.0,0.0,0.0,0.0,0.0,7957.4527312508
2023-10-04,-0.0012747470786687112,0,5,0,0,0,0,0.0,0.0,0.0,0.0,0.0,0.0,7957.4527312508
2023-10-05,-0.005549918878393346,0,5,0,0,0,0,0.0,0.0,0.0,0.0,0.0,0.0,7957.4527312508
2023-10-06,0.0003477093238854043,0,5,0,0,0,0,0.0,0.0,0.0,0.0,0.0,0.0,7957.4527312508
2023-10-09,0.008143684869975817,0,5,0,0,0,0,0.0,0.0,0.0,0.0,0.0,0.0,7957.4527312508
2023-10-10,-0.013564068584012332,0,5,0,0,0,0,0.0,0.0,0.0,0.0,0.0,0.0,7957.4527312508
2023-10-11,-0.008570743264899748,0,5,0,0,0,0,0.0,0.0,0.0,0.0,0.0,0.0,7957.4527312508
2023-10-12,-0.004916955849245348,0,5,0,0,0,0,0.0,0.0,0.0,0.0,0.0,0.0,7957.4527312508
2023-10-13,0.010265325096860053,0,5,0,0,0,0,0.0,0.0,0.0,0.0,0.0,0.0,7957.4527312508
2023-10-16,0.00275977856841466,0,5,0,0,0,0,0.0,0.0,0.0,0.0,0.0,0.0,7957.4527312508
2023-10-17,0.0058466532972588515,0,5,0,0,0,0,0.0,0.0,0.0,0.0,0.0,0.0,7957.4527312508
2023-10-18,-0.00630061012407484,0,5,0,0,0,0,0.0,0.0,0.0,0.0,0.0,0.0,7957.4527312508
2023-10-19,-0.006169265060157575,0,5,0,0,0,0,0.0,0.0,0.0,0.0,0.0,0.0,7957.4527312508
2023-10-20,0.0038119807389447417,0,5,0,0,0,0,0.0,0.0,0.0,0.0,0.0,0.0,7957.4527312508
2023-10-23,0.0013313035640271488,0,5,0,0,0,0,0.0,0.0,0.0,0.0,0.0,0.0,7957.4527312508
2023-10-24,0.004454695202213846,0,5,0,0,0,0,0.0,0.0,0.0,0.0,0.0,0.0,7957.4527312508
2023-10-25,-0.00023493330055200678,0,5,0,0,0,0,0.0,0.0,0.0,0.0,0.0,0.0,7957.4527312508
2023-10-26,0.002731482880491,0,5,0,0,0,0,0.0,0.0,0.0,0.0,0.0,0.0,7957.4527312508
2023-10-27,0.0019671381195169235,0,5,0,0,0,0,0.0,0.0,0.0,0.0,0.0,0.0,7957.4527312508
2023-10-30,0.005913202267943584,0,5,0,0,0,0,0.0,0.0,0.0,0.0,0.0,0.0,7957.4527312508
2023-10-31,0.00609941505704137,0,5,0,0,0,0,0.0,0.0,0.0,0.0,0.0,0.0,7957.4527312508
2023-11-01,-0.009355521535821762,0,5,0,0,0,0,0.0,0.0,0.0,0.0,0.0,0.0,7957.4527312508
2023-11-02,-0.013350928380813191,0,5,0,0,0,0,0.0,0.0,0.0,0.0,0.0,0.0,7957.4527312508
2023-11-03,0.007339546185418598,0,5,0,0,0,0,0.0,0.0,0.0,0.0,0.0,0.0,7957.4527312508
2023-11-06,0.008523908031054588,0,5,0,0,0,0,0.0,0.0,0.0,0.0,0.0,0.0,7957.4527312508
2023-11-07,-0.00553936504866868,0,5,0,0,0,0,0.0,0.0,0.0,0.0,0.0,0.0,7957.4527312508
2023-11-08,-0.010883664211670491,0,5,0,0,0,0,0.0,0.0,0.0,0.0,0.0,0.0,7957.4527312508
2023-11-09,0.0015908758205143954,0,5,0,0,0,0,0.0,0.0,0.0,0.0,0.0,0.0,7957.4527312508
2023-11-10,0.006887992869368628,0,5,0,0,0,0,0.0,0.0,0.0,0.0,0.0,0.0,7957.4527312508
2023-11-13,0.012407698034908429,0,5,0,0,0,0,0.0,0.0,0.0,0.0,0.0,0.0,7957.4527312508
2023-11-14,0.004248101817035618,0,5,0,0,0,0,0.0,0.0,0.0,0.0,0.0,0.0,7957.4527312508
2023-11-15,-0.0014069790495147589,0,5,0,0,0,0,0.0,0.0,0.0,0.0,0.0,0.0,7957.4527312508
2023-11-16,-0.004727463882686458,0,5,0,0,0,0,0.0,0.0,0.0,0.0,0.0,0.0,7957.4527312508
2023-11-17,0.0010331235878748178,0,5,0,0,0,0,0.0,0.0,0.0,0.0,0.0,0.0,7957.4527312508
2023-11-20,-0.0009455879524218746,0,5,0,0,0,0,0.0,0.0,0.0,0.0,0.0,0.0,7957.4527312508
2023-11-21,-0.005503988795401038,0,5,0,0,0,0,0.0,0.0,0.0,0.0,0.0,0.0,7957.4527312508
2023-11-22,0.014007150365668528,0,5,0,0,0,0,0.0,0.0,0.0,0.0,0.0,0.0,7957.4527312508
2023-11-23,0.012328565617802647,0,5,0,0,0,0,0.0,0.0,0.0,0.0,0.0,0.0,7957.4527312508
2023-11-24,0.0081948206660336,0,5,0,0,0,0,0.0,0.0,0.0,0.0,0.0,0.0,7957.4527312508
2023-11-27,-0.004903989848178715,0,5,0,0,0,0,0.0,0.0,0.0,0.0,0.0,0.0,7957.4527312508
2023-11-28,0.00640516051245382,0,5,0,0,0,0,0.0,0.0,0.0,0.0,0.0,0.0,7957.4527312508
2023-11-29,0.005033488463677759,0,5,0,0,0,0,0.0,0.0,0.0,0.0,0.0,0.0,7957.4527312508
2023-11-30,0.0037784323036819606,0,5,0,0,0,0,0.0,0.0,0.0,0.0,0.0,0.0,7957.4527312508
2023-12-01,0.008918357426718405,0,5,0,0,0,0,0.0,0.0,0.0,0.0,0.0,0.0,7957.4527312508
2023-12-04,0.0050063899385893946,0,5,0,0,0,0,1570.2039767130354,1413.183579041732,0.0,0.0,0.0,1413.183579041732,9370.636310292532
2023-12-05,0.0056727814329753535,0,5,0,0,0,0,0.0,0.0,0.0,0.0,0.0,0.0,9370.636310292532
2023-12-06,0.005016166069488368,0,5,0,0,0,0,0.0,0.0,0.0,0.0,0.0,0.0,9370.636310292532
2023-12-07,0.003130437849735648,0,5,0,0,0,0,0.0,0.0,0.0,0.0,0.0,0.0,9370.636310292532
2023-12-08,-0.010398250334128386,0,5,0,0,0,0,0.0,0.0,0.0,0.0,0.0,0.0,9370.636310292532
2023-12-11,0.001492717525576004,0,5,0,0,0,0,0.0,0.0,0.0,0.0,0.0,0.0,9370.636310292532
2023-12-12,-0.0025817603145952203,0,5,0,0,0,0,0.0,0.0,0.0,0.0,0.0,0.0,9370.636310292532
2023-12-13,-0.00719012501262067,0,5,0,0,0,0,0.0,0.0,0.0,0.0,0.0,0.0,9370.636310292532
2023-12-14,0.011670397489335557,0,5,0,0,0,0,0.0,0.0,0.0,0.0,0.0,0.0,9370.636310292532
2023-12-15,0.01197084253301419,0,5,0,0,0,0,522.7141707355986,470.44275366203874,0.0,0.0,0.0,470.44275366203874,9841.07906395457
2023-12-18,0.009616031203759113,0,5,0,0,0,0,0.0,0.0,0.0,0.0,0.0,0.0,9841.07906395457
2023-12-19,0.0025854573495412646,0,5,0,0,0,0,0.0,0.0,0.0,0.0,0.0,0.0,9841.07906395457
2023-12-20,0.00956129319730451,0,5,0,0,0,0,0.0,0.0,0.0,0.0,0.0,0.0,9841.07906395457
2023-12-21,0.0010369565562160655,0,5,0,0,0,0,0.0,0.0,0.0,0.0,0.0,0.0,9841.07906395457
2023-12-22,0.00225165921067388,0,5,0,0,0,0,502.56986737264015,452.31288063537613,0.0,0.0,0.0,452.31288063537613,10293.391944589946
2023-12-25,-0.006003280247034227,0,5,0,0,0,0,0.0,0.0,0.0,0.0,0.0,0.0,10293.391944589946
2023-12-26,0.0034883318280054514,0,5,0,0,0,0,0.0,0.0,0.0,0.0,0.0,0.0,10293.391944589946
2023-12-27,0.0013447507066900559,0,5,0,0,0,0,0.0,0.0,0.0,0.0,0.0,0.0,10293.391944589946
2023-12-28,-0.007335391766154989,0,5,0,0,0,0,0.0,0.0,0.0,0.0,0.0,0.0,10293.391944589946
2023-12-29,0.0006341640211502215,0,5,0,0,0,0,0.0,0.0,0.0,0.0,0.0,0.0,10293.391944589946
2024-01-01,0.00045246274753564996,0,5,0,0,0,0,0.0,0.0,0.0,0.0,0.0,0.0,10293.391944589946
2024-01-02,0.012407485617501829,0,5,0,0,0,0,0.0,0.0,0.0,0.0,0.0,0.0,10293.391944589946
2024-01-03,0.006654757023615537,0,5,0,0,0,0,0.0,0.0,0.0,0.0,0.0,0.0,10293.391944589946
2024-01-04,0.0010330863172928514,0,5,0,0,0,0,0.0,0.0,0.0,0.0,0.0,0.0,10293.391944589946
2024-01-05,0.00254453440907356,0,5,0,0,0,0,0.0,0.0,0.0,0.0,0.0,0.0,10293.391944589946
2024-01-08,0.001241753786274261,0,5,0,0,0,0,0.0,0.0,0.0,0.0,0.0,0.0,10293.391944589946
2024-01-09,-0.0003320042216017295,0,5,0,0,0,0,0.0,0.0,0.0,0.0,0.0,0.0,10293.391944589946
2024-01-10,-0.00593294839084878,0,5,0,0,0,0,0.0,0.0,0.0,0.0,0.0,0.0,10293.391944589946
2024-01-11,-1.734291936142775e-06,0,5,0,0,0,0,0.0,0.0,0.0,0.0,0.0,0.0,10293.391944589946
2024-01-12,-0.0037911276738979956,0,5,0,0,0,0,0.0,0.0,0.0,0.0,0.0,0.0,10293.391944589946
2024-01-15,-0.007002100296858465,0,5,0,0,0,0,0.0,0.0,0.0,0.0,0.0,0.0,10293.391944589946
2024-01-16,0.004215778215446607,0,5,0,0,0,0,0.0,0.0,0.0,0.0,0.0,0.0,10293.391944589946
2024-01-17,0.0034518632269317697,0,5,0,0,0,0,0.0,0.0,0.0,0.0,0.0,0.0,10293.391944589946
2024-01-18,-0.010417968810805978,0,5,0,0,0,0,0.0,0.0,0.0,0.0,0.0,0.0,10293.391944589946
2024-01-19,0.0001789148737920814,0,5,0,0,0,0,0.0,0.0,0.0,0.0,0.0,0.0,10293.391944589946
2024-01-22,0.00730105651648105,0,5,0,0,0,0,0.0,0.0,0.0,0.0,0.0,0.0,10293.391944589946
2024-01-23,0.007705581596420664,0,5,0,0,0,0,0.0,0.0,0.0,0.0,0.0,0.0,10293.391944589946
2024-01-24,0.00749296609745474,0,5,0,0,0,0,0.0,0.0,0.0,0.0,0.0,0.0,10293.391944589946
2024-01-25,0.0012080074347415497,0,5,0,0,0,0,0.0,0.0,0.0,0.0,0.0,0.0,10293.391944589946
2024-01-26,-0.004421245578006864,0,5,0,0,0,0,0.0,0.0,0.0,0.0,0.0,0.0,10293.391944589946
2024-01-29,-0.005941046425491884,0,5,0,0,0,0,0.0,0.0,0.0,0.0,0.0,0.0,10293.391944589946
2024-01-30,0.003154723081692081,0,5,0,0,0,0,0.0,0.0,0.0,0.0,0.0,0.0,10293.391944589946
2024-01-31,0.003375542351093849,0,5,0,0,0,0,0.0,0.0,0.0,0.0,0.0,0.0,10293.391944589946
2024-02-01,0.009158222262692167,0,4,0,0,0,1,1526.1902892225244,1373.5712603002721,0.0,0.0,0.0,1373.5712603002721,11666.963204890219
2024-02-02,0.007965124695155437,0,4,0,0,0,0,0.0,0.0,0.0,0.0,0.0,0.0,11666.963204890219
2024-02-05,0.00011813634652751016,0,4,0,0,0,0,0.0,0.0,0.0,0.0,0.0,0.0,11666.963204890219
2024-02-06,-0.00696319256424918,0,4,0,0,0,0,0.0,0.0,0.0,0.0,0.0,0.0,11666.963204890219
2024-02-07,-0.0010719457308130279,0,4,0,0,0,0,0.0,0.0,0.0,0.0,0.0,0.0,11666.963204890219
2024-02-08,0.002343577748355037,0,4,0,0,0,0,0.0,0.0,0.0,0.0,0.0,0.0,11666.963204890219
2024-02-09,-0.00032671388034660764,0,4,0,0,0,0,0.0,0.0,0.0,0.0,0.0,0.0,11666.963204890219
2024-02-12,-0.0027199646353959746,0,4,0,0,0,0,0.0,0.0,0.0,0.0,0.0,0.0,11666.963204890219
2024-02-13,0.00257062827253706,0,4,0,0,0,0,0.0,0.0,0.0,0.0,0.0,0.0,11666.963204890219
2024-02-14,-0.002249120700535321,0,4,0,0,0,0,0.0,0.0,0.0,0.0,0.0,0.0,11666.963204890219
2024-02-15,-0.003039471415328585,0,4,0,0,0,0,0.0,0.0,0.0,0.0,0.0,0.0,11666.963204890219
2024-02-16,0.0029436030063941182,0,4,0,0,0,0,0.0,0.0,0.0,0.0,0.0,0.0,11666.963204890219
2024-02-19,-0.0015997828993875014,0,4,0,0,0,0,0.0,0.0,0.0,0.0,0.0,0.0,11666.963204890219
2024-02-20,0.0025147124829198873,0,4,0,0,0,0,0.0,0.0,0.0,0.0,0.0,0.0,11666.963204890219
2024-02-21,0.002700025702026682,0,4,0,0,0,0,0.0,0.0,0.0,0.0,0.0,0.0,11666.963204890219
2024-02-22,-0.0062959491002381575,0,4,0,0,0,0,0.0,0.0,0.0,0.0,0.0,0.0,11666.963204890219
2024-02-23,-0.002104456010155383,0,4,0,0,0,0,0.0,0.0,0.0,0.0,0.0,0.0,11666.963204890219
2024-02-26,0.01011629619814133,0,4,0,0,0,0,0.0,0.0,0.0,0.0,0.0,0.0,11666.963204890219
2024-02-27,-0.00644019281289567,0,4,0,0,0,0,0.0,0.0,0.0,0.0,0.0,0.0,11666.963204890219
2024-02-28,-0.012519147451292312,0,4,0,0,0,0,0.0,0.0,0.0,0.0,0.0,0.0,11666.963204890219
2024-02-29,-0.010896462744861809,0,4,0,0,0,0,0.0,0.0,0.0,0.0,0.0,0.0,11666.963204890219
2024-03-01,0.0011455779988108676,1,4,1,0,0,0,0.0,0.0,70.0,0.0,0.0,-70.0,11596.963204890219
2024-03-04,0.0011570875047916876,1,4,0,0,0,0,0.0,0.0,0.0,0.0,0.0,0.0,11596.963204890219
2024-03-05,0.00021122589504127655,1,4,0,0,0,0,0.0,0.0,0.0,0.0,0.0,0.0,11596.963204890219
2024-03-06,0.008692441607128275,1,4,0,0,0,0,0.0,0.0,0.0,0.0,0.0,0.0,11596.963204890219
2024-03-07,-0.0160610306141332,1,4,0,0,0,0,0.0,0.0,0.0,0.0,0.0,0.0,11596.963204890219
2024-03-08,0.0034815978680273127,1,4,0,0,0,0,0.0,0.0,0.0,0.0,0.0,0.0,11596.963204890219
2024-03-11,0.010903799801056577,1,4,0,0,0,0,0.0,0.0,0.0,0.0,0.0,0.0,11596.963204890219
2024-03-12,-0.006221770429933368,1,4,0,0,0,0,0.0,0.0,0.0,0.0,0.0,0.0,11596.963204890219
2024-03-13,-0.0014584968694286618,1,4,0,0,0,0,0.0,0.0,0.0,0.0,0.0,0.0,11596.963204890219
2024-03-14,-0.0038343912804553347,1,4,0,0,0,0,0.0,0.0,0.0,0.0,0.0,0.0,11596.963204890219
2024-03-15,-0.004735203987812668,1,4,0,0,0,0,0.0,0.0,0.0,0.0,0.0,0.0,11596.963204890219
2024-03-18,-0.0011175130289620197,1,4,0,0,0,0,0.0,0.0,0.0,0.0,0.0,0.0,11596.963204890219
2024-03-19,0.010050756543774624,1,4,0,0,0,0,0.0,0.0,0.0,0.0,0.0,0.0,11596.963204890219
2024-03-20,0.012661103696624553,1,4,0,0,0,0,0.0,0.0,0.0,0.0,0.0,0.0,11596.963204890219
2024-03-21,-0.0011791398109742628,1,4,0,0,0,0,0.0,0.0,0.0,0.0,0.0,0.0,11596.963204890219
2024-03-22,0.01309206448934251,0,5,0,0,1,0,0.0,0.0,0.0,0.0,0.0,0.0,11596.963204890219
2024-03-25,0.0011867583645690215,0,5,0,0,0,0,0.0,0.0,0.0,0.0,0.0,0.0,11596.963204890219
2024-03-26,0.012128110389247347,0,5,0,0,0,0,0.0,0.0,0.0,0.0,0.0,0.0,11596.963204890219
2024-03-27,0.0003660516613952782,0,5,0,0,0,0,0.0,0.0,0.0,0.0,0.0,0.0,11596.963204890219
2024-03-28,0.0017948057453712398,0,4,0,0,0,1,500.1941587888432,450.17474290995887,0.0,0.0,0.0,450.17474290995887,12047.137947800178
2024-03-29,0.003287625331400751,0,4,0,0,0,0,0.0,0.0,0.0,0.0,0.0,0.0,12047.137947800178
2024-04-01,0.0212038767738702,1,4,1,0,0,0,0.0,0.0,70.0,0.0,0.0,-70.0,11977.137947800178
2024-04-02,0.006381383129776755,1,3,0,0,0,1,544.485613245597,490.03705192103735,0.0,0.0,0.0,490.03705192103735,12467.174999721215
2024-04-03,-0.003543825493530303,1,3,0,0,0,0,0.0,0.0,0.0,0.0,0.0,0.0,12467.174999721215
2024-04-04,0.007131002334245287,1,3,0,0,0,0,0.0,0.0,0.0,0.0,0.0,0.0,12467.174999721215
2024-04-05,-0.0013440344288605515,1,3,0,0,0,0,0.0,0.0,0.0,0.0,0.0,0.0,12467.174999721215
2024-04-08,-0.002158643672046023,1,3,0,0,0,0,0.0,0.0,0.0,0.0,0.0,0.0,12467.174999721215
2024-04-09,0.006746383345203044,1,3,0,0,0,0,0.0,0.0,0.0,0.0,0.0,0.0,12467.174999721215
2024-04-10,0.0011581593402510341,1,3,0,0,0,0,0.0,0.0,0.0,0.0,0.0,0.0,12467.174999721215
2024-04-11,0.0027342351542990755,1,3,0,0,0,0,0.0,0.0,0.0,0.0,0.0,0.0,12467.174999721215
2024-04-12,0.0010492602431811078,1,3,0,0,0,0,0.0,0.0,0.0,0.0,0.0,0.0,12467.174999721215
2024-04-15,0.003103638537555047,0,4,0,0,1,0,0.0,0.0,0.0,0.0,0.0,0.0,12467.174999721215
2024-04-16,0.003666480525439329,0,4,0,0,0,0,0.0,0.0,0.0,0.0,0.0,0.0,12467.174999721215
2024-04-17,-0.011374855663401219,0,4,0,0,0,0,0.0,0.0,0.0,0.0,0.0,0.0,12467.174999721215
2024-04-18,0.005205088492754526,0,4,0,0,0,0,0.0,0.0,0.0,0.0,0.0,0.0,12467.174999721215
2024-04-19,-0.005293528370537079,0,4,0,0,0,0,0.0,0.0,0.0,0.0,0.0,0.0,12467.174999721215
2024-04-22,-0.008224696377025461,0,4,0,0,0,0,0.0,0.0,0.0,0.0,0.0,0.0,12467.174999721215
2024-04-23,0.0005882227547556172,0,4,0,0,0,0,0.0,0.0,0.0,0.0,0.0,0.0,12467.174999721215
2024-04-24,0.0014950096172284422,0,4,0,0,0,0,0.0,0.0,0.0,0.0,0.0,0.0,12467.174999721215
2024-04-25,-0.0034562090310990713,0,4,0,0,0,0,0.0,0.0,0.0,0.0,0.0,0.0,12467.174999721215
2024-04-26,0.0062524027602918605,0,4,0,0,0,0,0.0,0.0,0.0,0.0,0.0,0.0,12467.174999721215
2024-04-29,-0.007587083714249127,0,4,0,0,0,0,0.0,0.0,0.0,0.0,0.0,0.0,12467.174999721215
2024-04-30,-0.001631313089891637,0,4,0,0,0,0,0.0,0.0,0.0,0.0,0.0,0.0,12467.174999721215
2024-05-01,-0.0027644150656531653,1,4,1,0,0,0,0.0,0.0,70.0,0.0,0.0,-70.0,12397.174999721215
2024-05-02,0.0006635205610788088,1,4,0,0,0,0,0.0,0.0,0.0,0.0,0.0,0.0,12397.174999721215
2024-05-03,0.002736071562218264,1,4,0,0,0,0,0.0,0.0,0.0,0.0,0.0,0.0,12397.174999721215
2024-05-06,-0.005458297010460188,1,4,0,0,0,0,0.0,0.0,0.0,0.0,0.0,0.0,12397.174999721215
2024-05-07,0.005572599216788143,1,4,0,0,0,0,0.0,0.0,0.0,0.0,0.0,0.0,12397.174999721215
2024-05-08,0.0013614128030063606,1,4,0,0,0,0,0.0,0.0,0.0,0.0,0.0,0.0,12397.174999721215
2024-05-09,-0.01108815353302475,1,4,0,0,0,0,0.0,0.0,0.0,0.0,0.0,0.0,12397.174999721215
2024-05-10,-0.01151256554488344,0,4,0,1,0,0,0.0,0.0,0.0,0.0,0.0,0.0,12397.174999721215
2024-05-13,0.0008817469907884688,0,4,0,0,0,0,0.0,0.0,0.0,0.0,0.0,0.0,12397.174999721215
2024-05-14,-0.00044697203414004335,0,4,0,0,0,0,0.0,0.0,0.0,0.0,0.0,0.0,12397.174999721215
2024-05-15,0.000301595831145445,0,4,0,0,0,0,0.0,0.0,0.0,0.0,0.0,0.0,12397.174999721215
2024-05-16,0.0007820003314019155,0,4,0,0,0,0,0.0,0.0,0.0,0.0,0.0,0.0,12397.174999721215
2024-05-17,0.002396616489900208,0,4,0,0,0,0,0.0,0.0,0.0,0.0,0.0,0.0,12397.174999721215
2024-05-20,0.006995051659425047,0,4,0,0,0,0,0.0,0.0,0.0,0.0,0.0,0.0,12397.174999721215
2024-05-21,-0.006115574659641451,0,4,0,0,0,0,0.0,0.0,0.0,0.0,0.0,0.0,12397.174999721215
2024-05-22,-0.006503187874183032,0,4,0,0,0,0,0.0,0.0,0.0,0.0,0.0,0.0,12397.174999721215
2024-05-23,-0.006002340852738872,0,4,0,0,0,0,0.0,0.0,0.0,0.0,0.0,0.0,12397.174999721215
2024-05-24,0.002800087466089318,0,4,0,0,0,0,0.0,0.0,0.0,0.0,0.0,0.0,12397.174999721215
2024-05-27,0.00888831281893782,0,4,0,0,0,0,0.0,0.0,0.0,0.0,0.0,0.0,12397.174999721215
2024-05-28,-0.001786670499784187,0,4,0,0,0,0,0.0,0.0,0.0,0.0,0.0,0.0,12397.174999721215
2024-05-29,-0.014971205851554883,0,4,0,0,0,0,0.0,0.0,0.0,0.0,0.0,0.0,12397.174999721215
2024-05-30,-0.009891222739186365,0,4,0,0,0,0,0.0,0.0,0.0,0.0,0.0,0.0,12397.174999721215
2024-05-31,-0.0043447719944810295,0,4,0,0,0,0,0.0,0.0,0.0,0.0,0.0,0.0,12397.174999721215
2024-06-03,-0.0025915478327536894,1,4,1,0,0,0,0.0,0.0,70.0,0.0,0.0,-70.0,12327.174999721215
2024-06-04,-0.0016405144112522452,1,4,0,0,0,0,0.0,0.0,0.0,0.0,0.0,0.0,12327.174999721215
2024-06-05,0.0012058926472979575,1,4,0,0,0,0,0.0,0.0,0.0,0.0,0.0,0.0,12327.174999721215
2024-06-06,-0.0010250738482738414,1,4,0,0,0,0,0.0,0.0,0.0,0.0,0.0,0.0,12327.174999721215
2024-06-07,0.007642637174126947,1,4,0,0,0,0,0.0,0.0,0.0,0.0,0.0,0.0,12327.174999721215
2024-06-10,-0.003344835920576857,1,4,0,0,0,0,0.0,0.0,0.0,0.0,0.0,0.0,12327.174999721215
2024-06-11,-0.004531241702383538,1,4,0,0,0,0,0.0,0.0,0.0,0.0,0.0,0.0,12327.174999721215
2024-06-12,0.004009789625944221,1,4,0,0,0,0,0.0,0.0,0.0,0.0,0.0,0.0,12327.174999721215
2024-06-13,-0.008819125836976862,1,3,0,0,0,1,0.0,0.0,0.0,0.0,0.0,0.0,12327.174999721215
2024-06-14,0.003441846287057149,1,3,0,0,0,0,0.0,0.0,0.0,0.0,0.0,0.0,12327.174999721215
2024-06-17,0.0016132815705071175,1,3,0,0,0,0,0.0,0.0,0.0,0.0,0.0,0.0,12327.174999721215
2024-06-18,2.1251126179780183e-05,1,3,0,0,0,0,0.0,0.0,0.0,0.0,0.0,0.0,12327.174999721215
2024-06-19,0.01107470980821567,1,3,0,0,0,0,0.0,0.0,0.0,0.0,0.0,0.0,12327.174999721215
2024-06-20,-0.003002162246702025,1,3,0,0,0,0,0.0,0.0,0.0,0.0,0.0,0.0,12327.174999721215
2024-06-21,0.014080655808528166,1,3,0,0,0,0,0.0,0.0,0.0,0.0,0.0,0.0,12327.174999721215
2024-06-24,-0.0004754006587603457,1,3,0,0,0,0,0.0,0.0,0.0,0.0,0.0,0.0,12327.174999721215
2024-06-25,-0.00717213786070262,1,3,0,0,0,0,0.0,0.0,0.0,0.0,0.0,0.0,12327.174999721215
2024-06-26,0.0014054632178966168,1,3,0,0,0,0,0.0,0.0,0.0,0.0,0.0,0.0,12327.174999721215
2024-06-27,-0.0058935799993964765,1,3,0,0,0,0,0.0,0.0,0.0,0.0,0.0,0.0,12327.174999721215
2024-06-28,-0.0038271565268719037,1,3,0,0,0,0,0.0,0.0,0.0,0.0,0.0,0.0,12327.174999721215
2024-07-01,0.0034885992651977,2,3,1,0,0,0,0.0,0.0,70.0,0.0,0.0,-70.0,12257.174999721215
2024-07-02,0.004498274731728225,2,3,0,0,0,0,0.0,0.0,0.0,0.0,0.0,0.0,12257.174999721215
2024-07-03,-0.0030019091410642337,2,3,0,0,0,0,0.0,0.0,0.0,0.0,0.0,0.0,12257.174999721215
2024-07-04,0.0072482241301451734,2,3,0,0,0,0,0.0,0.0,0.0,0.0,0.0,0.0,12257.174999721215
2024-07-05,0.00833147703035565,2,3,0,0,0,0,0.0,0.0,0.0,0.0,0.0,0.0,12257.174999721215
2024-07-08,0.010106901888331977,0,5,0,0,2,0,0.0,0.0,0.0,0.0,0.0,0.0,12257.174999721215
2024-07-09,0.004331626497111134,0,5,0,0,0,0,0.0,0.0,0.0,0.0,0.0,0.0,12257.174999721215
2024-07-10,0.009642829435845638,0,5,0,0,0,0,0.0,0.0,0.0,0.0,0.0,0.0,12257.174999721215
2024-07-11,-0.011017161595175667,0,5,0,0,0,0,0.0,0.0,0.0,0.0,0.0,0.0,12257.174999721215
2024-07-12,-0.0010643035443237525,0,5,0,0,0,0,0.0,0.0,0.0,0.0,0.0,0.0,12257.174999721215
2024-07-15,-0.004561091496080541,0,5,0,0,0,0,0.0,0.0,0.0,0.0,0.0,0.0,12257.174999721215
2024-07-16,0.0017194570479627481,0,5,0,0,0,0,0.0,0.0,0.0,0.0,0.0,0.0,12257.174999721215
2024-07-17,-0.0026789220879024425,0,5,0,0,0,0,0.0,0.0,0.0,0.0,0.0,0.0,12257.174999721215
2024-07-18,-9.793257718675294e-05,0,5,0,0,0,0,0.0,0.0,0.0,0.0,0.0,0.0,12257.174999721215
2024-07-19,0.012946325374328042,0,5,0,0,0,0,0.0,0.0,0.0,0.0,0.0,0.0,12257.174999721215
2024-07-22,-0.00012061592956604894,0,5,0,0,0,0,0.0,0.0,0.0,0.0,0.0,0.0,12257.174999721215
2024-07-23,0.0035953245743608952,0,5,0,0,0,0,0.0,0.0,0.0,0.0,0.0,0.0,12257.174999721215
2024-07-24,-0.000518945869300308,0,5,0,0,0,0,0.0,0.0,0.0,0.0,0.0,0.0,12257.174999721215
2024-07-25,0.0014423588878678796,0,5,0,0,0,0,0.0,0.0,0.0,0.0,0.0,0.0,12257.174999721215
2024-07-26,0.0009985147227996357,0,5,0,0,0,0,0.0,0.0,0.0,0.0,0.0,0.0,12257.174999721215
2024-07-29,0.0038152307613635705,0,5,0,0,0,0,0.0,0.0,0.0,0.0,0.0,0.0,12257.174999721215
2024-07-30,0.008381147823051455,0,5,0,0,0,0,0.0,0.0,0.0,0.0,0.0,0.0,12257.174999721215
2024-07-31,0.011451186248928581,0,5,0,0,0,0,0.0,0.0,0.0,0.0,0.0,0.0,12257.174999721215
2024-08-01,0.00293193161398136,0,3,0,0,0,2,1007.3261863831194,906.5935677448075,0.0,0.0,0.0,906.5935677448075,13163.768567466022
2024-08-02,0.00471457044070916,0,3,0,0,0,0,0.0,0.0,0.0,0.0,0.0,0.0,13163.768567466022
2024-08-05,-0.006368773068615631,0,3,0,0,0,0,0.0,0.0,0.0,0.0,0.0,0.0,13163.768567466022
2024-08-06,0.00040057962447229796,0,3,0,0,0,0,0.0,0.0,0.0,0.0,0.0,0.0,13163.768567466022
2024-08-07,0.006948180548866759,0,3,0,0,0,0,0.0,0.0,0.0,0.0,0.0,0.0,13163.768567466022
2024-08-08,0.006474888284815738,0,3,0,0,0,0,0.0,0.0,0.0,0.0,0.0,0.0,13163.768567466022
2024-08-09,0.0023077789741610733,0,3,0,0,0,0,0.0,0.0,0.0,0.0,0.0,0.0,13163.768567466022
2024-08-12,0.006604961468216043,0,3,0,0,0,0,0.0,0.0,0.0,0.0,0.0,0.0,13163.768567466022
2024-08-13,0.004085515358059075,0,3,0,0,0,0,0.0,0.0,0.0,0.0,0.0,0.0,13163.768567466022
2024-08-14,0.008604027808364936,0,3,0,0,0,0,0.0,0.0,0.0,0.0,0.0,0.0,13163.768567466022
2024-08-15,0.0028029053437116534,0,3,0,0,0,0,0.0,0.0,0.0,0.0,0.0,0.0,13163.768567466022
2024-08-16,-0.0013049702832332872,0,3,0,0,0,0,0.0,0.0,0.0,0.0,0.0,0.0,13163.768567466022
2024-08-19,0.0030989141393805352,0,3,0,0,0,0,0.0,0.0,0.0,0.0,0.0,0.0,13163.768567466022
2024-08-20,-0.017702505725296386,0,3,0,0,0,0,0.0,0.0,0.0,0.0,0.0,0.0,13163.768567466022
2024-08-21,0.0033985042980153634,0,3,0,0,0,0,0.0,0.0,0.0,0.0,0.0,0.0,13163.768567466022
2024-08-22,-0.02227374013197469,0,3,0,0,0,0,0.0,0.0,0.0,0.0,0.0,0.0,13163.768567466022
2024-08-23,-0.010015215685262042,0,3,0,0,0,0,0.0,0.0,0.0,0.0,0.0,0.0,13163.768567466022
2024-08-26,0.00383716635910966,0,3,0,0,0,0,0.0,0.0,0.0,0.0,0.0,0.0,13163.768567466022
2024-08-27,0.004001216704066074,0,3,0,0,0,0,0.0,0.0,0.0,0.0,0.0,0.0,13163.768567466022
2024-08-28,-0.006442417028758645,0,3,0,0,0,0,0.0,0.0,0.0,0.0,0.0,0.0,13163.768567466022
2024-08-29,-0.0035746318917013803,0,3,0,0,0,0,0.0,0.0,0.0,0.0,0.0,0.0,13163.768567466022
2024-08-30,0.009688122062700633,0,3,0,0,0,0,0.0,0.0,0.0,0.0,0.0,0.0,13163.768567466022
2024-09-02,-0.002122217058235531,1,3,1,0,0,0,0.0,0.0,70.0,0.0,0.0,-70.0,13093.768567466022
2024-09-03,0.01524363597310894,1,3,0,0,0,0,0.0,0.0,0.0,0.0,0.0,0.0,13093.768567466022
2024-09-04,0.000947973035620813,1,3,0,0,0,0,0.0,0.0,0.0,0.0,0.0,0.0,13093.768567466022
2024-09-05,0.0035586681375511225,1,3,0,0,0,0,0.0,0.0,0.0,0.0,0.0,0.0,13093.768567466022
2024-09-06,0.011256830361824356,0,4,0,0,1,0,0.0,0.0,0.0,0.0,0.0,0.0,13093.768567466022
2024-09-09,0.0017946101779049478,0,4,0,0,0,0,0.0,0.0,0.0,0.0,0.0,0.0,13093.768567466022
2024-09-10,-0.005422959889034164,0,4,0,0,0,0,0.0,0.0,0.0,0.0,0.0,0.0,13093.768567466022
2024-09-11,0.000261429238808965,0,4,0,0,0,0,0.0,0.0,0.0,0.0,0.0,0.0,13093.768567466022
2024-09-12,0.0007334216769023435,0,4,0,0,0,0,0.0,0.0,0.0,0.0,0.0,0.0,13093.768567466022
2024-09-13,-0.007730792331042984,0,4,0,0,0,0,0.0,0.0,0.0,0.0,0.0,0.0,13093.768567466022
2024-09-16,-0.0006689988727789789,0,4,0,0,0,0,0.0,0.0,0.0,0.0,0.0,0.0,13093.768567466022
2024-09-17,-0.0037662523239500546,0,4,0,0,0,0,0.0,0.0,0.0,0.0,0.0,0.0,13093.768567466022
2024-09-18,0.006846723738384201,0,4,0,0,0,0,0.0,0.0,0.0,0.0,0.0,0.0,13093.768567466022
2024-09-19,0.0011806155501719077,0,4,0,0,0,0,0.0,0.0,0.0,0.0,0.0,0.0,13093.768567466022
2024-09-20,-0.0008407098281470655,0,4,0,0,0,0,0.0,0.0,0.0,0.0,0.0,0.0,13093.768567466022
2024-09-23,0.0002840079394916047,0,4,0,0,0,0,0.0,0.0,0.0,0.0,0.0,0.0,13093.768567466022
2024-09-24,0.0023810918795786114,0,4,0,0,0,0,0.0,0.0,0.0,0.0,0.0,0.0,13093.768567466022
2024-09-25,0.004888215019591815,0,4,0,0,0,0,0.0,0.0,0.0,0.0,0.0,0.0,13093.768567466022
2024-09-26,-0.0054062002816419995,0,4,0,0,0,0,0.0,0.0,0.0,0.0,0.0,0.0,13093.768567466022
2024-09-27,-0.005672872568358187,0,4,0,0,0,0,0.0,0.0,0.0,0.0,0.0,0.0,13093.768567466022
2024-09-30,0.007995052615676049,0,4,0,0,0,0,0.0,0.0,0.0,0.0,0.0,0.0,13093.768567466022
2024-10-01,-0.0016656577510166298,1,4,1,0,0,0,0.0,0.0,70.0,0.0,0.0,-70.0,13023.768567466022
2024-10-02,-0.008062580021857847,1,4,0,0,0,0,0.0,0.0,0.0,0.0,0.0,0.0,13023.768567466022
2024-10-03,0.003786501396043436,1,4,0,0,0,0,0.0,0.0,0.0,0.0,0.0,0.0,13023.768567466022
2024-10-04,0.003911045524407316,1,4,0,0,0,0,0.0,0.0,0.0,0.0,0.0,0.0,13023.768567466022
2024-10-07,-0.008787750750964938,1,4,0,0,0,0,0.0,0.0,0.0,0.0,0.0,0.0,13023.768567466022
2024-10-08,0.002421591905777241,1,4,0,0,0,0,0.0,0.0,0.0,0.0,0.0,0.0,13023.768567466022
2024-10-09,0.005644562880826489,1,4,0,0,0,0,0.0,0.0,0.0,0.0,0.0,0.0,13023.768567466022
2024-10-10,0.0033443788814976443,1,4,0,0,0,0,0.0,0.0,0.0,0.0,0.0,0.0,13023.768567466022
2024-10-11,0.0049848038031005916,1,4,0,0,0,0,0.0,0.0,0.0,0.0,0.0,0.0,13023.768567466022
2024-10-14,-0.007982512276131252,1,4,0,0,0,0,0.0,0.0,0.0,0.0,0.0,0.0,13023.768567466022
2024-10-15,0.0030683396084763706,1,4,0,0,0,0,0.0,0.0,0.0,0.0,0.0,0.0,13023.768567466022
2024-10-16,-0.0009669537247017186,1,4,0,0,0,0,0.0,0.0,0.0,0.0,0.0,0.0,13023.768567466022
2024-10-17,-0.0021143206234875726,1,4,0,0,0,0,0.0,0.0,0.0,0.0,0.0,0.0,13023.768567466022
2024-10-18,0.006504099180255991,1,4,0,0,0,0,0.0,0.0,0.0,0.0,0.0,0.0,13023.768567466022
2024-10-21,0.010380562355426746,1,4,0,0,0,0,0.0,0.0,0.0,0.0,0.0,0.0,13023.768567466022
2024-10-22,0.012387163875722485,0,5,0,0,1,0,0.0,0.0,0.0,0.0,0.0,0.0,13023.768567466022
2024-10-23,0.009333200643861377,0,5,0,0,0,0,0.0,0.0,0.0,0.0,0.0,0.0,13023.768567466022
2024-10-24,0.00026138638101596916,0,5,0,0,0,0,0.0,0.0,0.0,0.0,0.0,0.0,13023.768567466022
2024-10-25,0.0032064029289894545,0,5,0,0,0,0,0.0,0.0,0.0,0.0,0.0,0.0,13023.768567466022
2024-10-28,0.005843505042839063,0,5,0,0,0,0,0.0,0.0,0.0,0.0,0.0,0.0,13023.768567466022
2024-10-29,0.0017318883982923008,0,5,0,0,0,0,0.0,0.0,0.0,0.0,0.0,0.0,13023.768567466022
2024-10-30,0.0017929357896112714,0,5,0,0,0,0,0.0,0.0,0.0,0.0,0.0,0.0,13023.768567466022
2024-10-31,0.0062060501459145195,0,5,0,0,0,0,0.0,0.0,0.0,0.0,0.0,0.0,13023.768567466022
2024-11-01,0.0005826734636047328,0,5,0,0,0,0,0.0,0.0,0.0,0.0,0.0,0.0,13023.768567466022
2024-11-04,-0.0036840692864343154,0,5,0,0,0,0,0.0,0.0,0.0,0.0,0.0,0.0,13023.768567466022
2024-11-05,-0.0016792615276186639,0,5,0,0,0,0,0.0,0.0,0.0,0.0,0.0,0.0,13023.768567466022
2024-11-06,0.004997087447385667,0,5,0,0,0,0,0.0,0.0,0.0,0.0,0.0,0.0,13023.768567466022
2024-11-07,0.0009792610787714045,0,5,0,0,0,0,0.0,0.0,0.0,0.0,0.0,0.0,13023.768567466022
2024-11-08,0.0031267351613941084,0,5,0,0,0,0,0.0,0.0,0.0,0.0,0.0,0.0,13023.768567466022
2024-11-11,0.005227419166855403,0,5,0,0,0,0,0.0,0.0,0.0,0.0,0.0,0.0,13023.768567466022
2024-11-12,-0.0014268782862793602,0,5,0,0,0,0,0.0,0.0,0.0,0.0,0.0,0.0,13023.768567466022
2024-11-13,0.005776162848166983,0,5,0,0,0,0,0.0,0.0,0.0,0.0,0.0,0.0,13023.768567466022
2024-11-14,0.00337275668960334,0,5,0,0,0,0,0.0,0.0,0.0,0.0,0.0,0.0,13023.768567466022
2024-11-15,-0.006903377086154423,0,5,0,0,0,0,0.0,0.0,0.0,0.0,0.0,0.0,13023.768567466022
2024-11-18,0.01014513060540844,0,5,0,0,0,0,0.0,0.0,0.0,0.0,0.0,0.0,13023.768567466022
2024-11-19,-0.002228659586118162,0,5,0,0,0,0,0.0,0.0,0.0,0.0,0.0,0.0,13023.768567466022
2024-11-20,-0.009579831992130028,0,5,0,0,0,0,0.0,0.0,0.0,0.0,0.0,0.0,13023.768567466022
2024-11-21,-0.0056948816682200224,0,5,0,0,0,0,0.0,0.0,0.0,0.0,0.0,0.0,13023.768567466022
2024-11-22,-0.005542053341536561,0,5,0,0,0,0,0.0,0.0,0.0,0.0,0.0,0.0,13023.768567466022
2024-11-25,0.0012924509025148254,0,5,0,0,0,0,0.0,0.0,0.0,0.0,0.0,0.0,13023.768567466022
2024-11-26,-0.0007837444417560144,0,5,0,0,0,0,0.0,0.0,0.0,0.0,0.0,0.0,13023.768567466022
2024-11-27,-0.001184825002954337,0,5,0,0,0,0,0.0,0.0,0.0,0.0,0.0,0.0,13023.768567466022
2024-11-28,0.004906604982070137,0,5,0,0,0,0,0.0,0.0,0.0,0.0,0.0,0.0,13023.768567466022
2024-11-29,0.0031246042511467722,0,5,0,0,0,0,0.0,0.0,0.0,0.0,0.0,0.0,13023.768567466022
2024-12-02,0.002972865263779512,0,5,0,0,0,0,0.0,0.0,0.0,0.0,0.0,0.0,13023.768567466022
2024-12-03,0.0035700817952175863,0,5,0,0,0,0,0.0,0.0,0.0,0.0,0.0,0.0,13023.768567466022
2024-12-04,0.004883887604166259,0,5,0,0,0,0,0.0,0.0,0.0,0.0,0.0,0.0,13023.768567466022
2024-12-05,-0.012463736782184279,0,5,0,0,0,0,0.0,0.0,0.0,0.0,0.0,0.0,13023.768567466022
2024-12-06,-0.0013606282276072315,0,5,0,0,0,0,0.0,0.0,0.0,0.0,0.0,0.0,13023.768567466022
2024-12-09,-0.01292388435469181,0,5,0,0,0,0,0.0,0.0,0.0,0.0,0.0,0.0,13023.768567466022
2024-12-10,0.0011898370851310684,0,5,0,0,0,0,0.0,0.0,0.0,0.0,0.0,0.0,13023.768567466022
2024-12-11,0.0009306952641276853,0,5,0,0,0,0,0.0,0.0,0.0,0.0,0.0,0.0,13023.768567466022
2024-12-12,0.0076183911768128885,0,5,0,0,0,0,0.0,0.0,0.0,0.0,0.0,0.0,13023.768567466022
2024-12-13,0.008523330428969756,0,5,0,0,0,0,0.0,0.0,0.0,0.0,0.0,0.0,13023.768567466022
2024-12-16,0.002251517653503245,0,5,0,0,0,0,0.0,0.0,0.0,0.0,0.0,0.0,13023.768567466022
2024-12-17,-0.002226216309733791,0,5,0,0,0,0,0.0,0.0,0.0,0.0,0.0,0.0,13023.768567466022
2024-12-18,0.004049817619478802,0,5,0,0,0,0,0.0,0.0,0.0,0.0,0.0,0.0,13023.768567466022
2024-12-19,-0.0024017028759844147,0,5,0,0,0,0,0.0,0.0,0.0,0.0,0.0,0.0,13023.768567466022
2024-12-20,0.0009513303785579852,0,5,0,0,0,0,0.0,0.0,0.0,0.0,0.0,0.0,13023.768567466022
2024-12-23,0.0072401439385502645,0,5,0,0,0,0,0.0,0.0,0.0,0.0,0.0,0.0,13023.768567466022
2024-12-24,-0.0025918182182944277,0,5,0,0,0,0,0.0,0.0,0.0,0.0,0.0,0.0,13023.768567466022
2024-12-25,0.006090947583861718,0,5,0,0,0,0,0.0,0.0,0.0,0.0,0.0,0.0,13023.768567466022
2024-12-26,0.005274048166947838,0,5,0,0,0,0,0.0,0.0,0.0,0.0,0.0,0.0,13023.768567466022
2024-12-27,-0.005120136680226181,0,5,0,0,0,0,0.0,0.0,0.0,0.0,0.0,0.0,13023.768567466022
2024-12-30,0.00716218284066198,0,5,0,0,0,0,0.0,0.0,0.0,0.0,0.0,0.0,13023.768567466022
2024-12-31,0.005408831648339973,0,5,0,0,0,0,0.0,0.0,0.0,0.0,0.0,0.0,13023.768567466022
2025-01-01,0.0016092868018057114,0,5,0,0,0,0,0.0,0.0,0.0,0.0,0.0,0.0,13023.768567466022
2025-01-02,-0.003894453520213649,0,5,0,0,0,0,0.0,0.0,0.0,0.0,0.0,0.0,13023.768567466022
2025-01-03,-0.004511424140817448,0,5,0,0,0,0,0.0,0.0,0.0,0.0,0.0,0.0,13023.768567466022
2025-01-06,-0.002463760911874671,0,5,0,0,0,0,0.0,0.0,0.0,0.0,0.0,0.0,13023.768567466022
2025-01-07,0.004415566520548842,0,5,0,0,0,0,0.0,0.0,0.0,0.0,0.0,0.0,13023.768567466022
2025-01-08,-0.005125443648071685,0,5,0,0,0,0,0.0,0.0,0.0,0.0,0.0,0.0,13023.768567466022
2025-01-09,0.003746378600308075,0,5,0,0,0,0,0.0,0.0,0.0,0.0,0.0,0.0,13023.768567466022
2025-01-10,-0.006947588167123058,0,5,0,0,0,0,0.0,0.0,0.0,0.0,0.0,0.0,13023.768567466022
2025-01-13,-0.0003393569799768981,0,5,0,0,0,0,0.0,0.0,0.0,0.0,0.0,0.0,13023.768567466022
2025-01-14,0.0016584614434800656,0,5,0,0,0,0,0.0,0.0,0.0,0.0,0.0,0.0,13023.768567466022
2025-01-15,0.016531355096554446,0,5,0,0,0,0,0.0,0.0,0.0,0.0,0.0,0.0,13023.768567466022
2025-01-16,-0.007810866501122732,0,5,0,0,0,0,0.0,0.0,0.0,0.0,0.0,0.0,13023.768567466022
2025-01-17,0.010334329346684212,0,5,0,0,0,0,0.0,0.0,0.0,0.0,0.0,0.0,13023.768567466022
2025-01-20,0.001914430359071422,0,5,0,0,0,0,0.0,0.0,0.0,0.0,0.0,0.0,13023.768567466022
2025-01-21,0.003578637264533162,0,5,0,0,0,0,0.0,0.0,0.0,0.0,0.0,0.0,13023.768567466022
2025-01-22,0.001713866073091307,0,5,0,0,0,0,0.0,0.0,0.0,0.0,0.0,0.0,13023.768567466022
2025-01-23,0.0037923226530160907,0,5,0,0,0,0,0.0,0.0,0.0,0.0,0.0,0.0,13023.768567466022
2025-01-24,-1.8503290774421152e-05,0,5,0,0,0,0,0.0,0.0,0.0,0.0,0.0,0.0,13023.768567466022
2025-01-27,0.010219927975377626,0,5,0,0,0,0,0.0,0.0,0.0,0.0,0.0,0.0,13023.768567466022
2025-01-28,-0.0019467150336077898,0,5,0,0,0,0,0.0,0.0,0.0,0.0,0.0,0.0,13023.768567466022
2025-01-29,0.008170531519983933,0,5,0,0,0,0,0.0,0.0,0.0,0.0,0.0,0.0,13023.768567466022
2025-01-30,-0.0031432801972331023,0,5,0,0,0,0,0.0,0.0,0.0,0.0,0.0,0.0,13023.768567466022
2025-01-31,0.0005765013707771873,0,5,0,0,0,0,0.0,0.0,0.0,0.0,0.0,0.0,13023.768567466022
2025-02-03,-0.005866307103252339,0,5,0,0,0,0,0.0,0.0,0.0,0.0,0.0,0.0,13023.768567466022
2025-02-04,0.0038578957146204124,0,5,0,0,0,0,0.0,0.0,0.0,0.0,0.0,0.0,13023.768567466022
2025-02-05,0.010163096443302988,0,5,0,0,0,0,0.0,0.0,0.0,0.0,0.0,0.0,13023.768567466022
2025-02-06,0.0004675770076595832,0,5,0,0,0,0,0.0,0.0,0.0,0.0,0.0,0.0,13023.768567466022
2025-02-07,-0.000293614697314789,0,5,0,0,0,0,0.0,0.0,0.0,0.0,0.0,0.0,13023.768567466022
2025-02-10,-0.006137940286151088,0,5,0,0,0,0,0.0,0.0,0.0,0.0,0.0,0.0,13023.768567466022
2025-02-11,-0.0004999897036277853,0,5,0,0,0,0,0.0,0.0,0.0,0.0,0.0,0.0,13023.768567466022
2025-02-12,-0.009183084239887767,0,5,0,0,0,0,0.0,0.0,0.0,0.0,0.0,0.0,13023.768567466022
2025-02-13,-0.004853219684897796,0,5,0,0,0,0,0.0,0.0,0.0,0.0,0.0,0.0,13023.768567466022
2025-02-14,0.0024044252579805206,0,5,0,0,0,0,0.0,0.0,0.0,0.0,0.0,0.0,13023.768567466022
2025-02-17,0.009359981136890039,0,5,0,0,0,0,0.0,0.0,0.0,0.0,0.0,0.0,13023.768567466022
2025-02-18,0.018849905557393503,0,5,0,0,0,0,1170.2374957335196,1053.2137461601676,0.0,0.0,0.0,1053.2137461601676,14076.98231362619
2025-02-19,-0.0027753107930413804,0,5,0,0,0,0,0.0,0.0,0.0,0.0,0.0,0.0,14076.98231362619
2025-02-20,0.010100523467701697,0,5,0,0,0,0,0.0,0.0,0.0,0.0,0.0,0.0,14076.98231362619
2025-02-21,0.0025124714474668904,0,5,0,0,0,0,0.0,0.0,0.0,0.0,0.0,0.0,14076.98231362619
2025-02-24,-2.980995231104751e-06,0,5,0,0,0,0,0.0,0.0,0.0,0.0,0.0,0.0,14076.98231362619
2025-02-25,0.003715060928847278,0,5,0,0,0,0,0.0,0.0,0.0,0.0,0.0,0.0,14076.98231362619
2025-02-26,0.0013544976376190041,0,5,0,0,0,0,0.0,0.0,0.0,0.0,0.0,0.0,14076.98231362619
2025-02-27,0.0016632246965673928,0,5,0,0,0,0,0.0,0.0,0.0,0.0,0.0,0.0,14076.98231362619
2025-02-28,-0.0016401612009076135,0,5,0,0,0,0,0.0,0.0,0.0,0.0,0.0,0.0,14076.98231362619
2025-03-03,-0.007943287544208071,0,5,0,0,0,0,0.0,0.0,0.0,0.0,0.0,0.0,14076.98231362619
2025-03-04,-0.008869964277293033,0,5,0,0,0,0,0.0,0.0,0.0,0.0,0.0,0.0,14076.98231362619
2025-03-05,0.005120214063974204,0,5,0,0,0,0,0.0,0.0,0.0,0.0,0.0,0.0,14076.98231362619
2025-03-06,-0.0008018912571564403,0,5,0,0,0,0,0.0,0.0,0.0,0.0,0.0,0.0,14076.98231362619
2025-03-07,-0.0028358332890366716,0,5,0,0,0,0,0.0,0.0,0.0,0.0,0.0,0.0,14076.98231362619
2025-03-10,0.0010143649101471415,0,5,0,0,0,0,0.0,0.0,0.0,0.0,0.0,0.0,14076.98231362619
2025-03-11,0.006022512102761277,0,5,0,0,0,0,0.0,0.0,0.0,0.0,0.0,0.0,14076.98231362619
2025-03-12,0.002108798536445594,0,5,0,0,0,0,0.0,0.0,0.0,0.0,0.0,0.0,14076.98231362619
2025-03-13,-0.0032177109236122383,0,5,0,0,0,0,0.0,0.0,0.0,0.0,0.0,0.0,14076.98231362619
2025-03-14,0.008769517125794693,0,5,0,0,0,0,0.0,0.0,0.0,0.0,0.0,0.0,14076.98231362619
2025-03-17,0.011016818732017365,0,5,0,0,0,0,0.0,0.0,0.0,0.0,0.0,0.0,14076.98231362619
2025-03-18,0.004109650615482654,0,5,0,0,0,0,0.0,0.0,0.0,0.0,0.0,0.0,14076.98231362619
2025-03-19,0.007160714218913716,0,5,0,0,0,0,596.8080485796127,537.1272437216514,0.0,0.0,0.0,537.1272437216514,14614.109557347841
2025-03-20,0.008869288478408035,0,5,0,0,0,0,0.0,0.0,0.0,0.0,0.0,0.0,14614.109557347841
2025-03-21,0.00815693371586898,0,5,0,0,0,0,0.0,0.0,0.0,0.0,0.0,0.0,14614.109557347841
2025-03-24,0.00487092512598343,0,5,0,0,0,0,0.0,0.0,0.0,0.0,0.0,0.0,14614.109557347841
2025-03-25,0.004770611907688483,0,5,0,0,0,0,506.22759782606227,455.604838043456,0.0,0.0,0.0,455.604838043456,15069.714395391298
2025-03-26,0.004269518189120712,0,5,0,0,0,0,0.0,0.0,0.0,0.0,0.0,0.0,15069.714395391298
2025-03-27,-0.006027901768361825,0,5,0,0,0,0,0.0,0.0,0.0,0.0,0.0,0.0,15069.714395391298
2025-03-28,0.0054225667242380595,0,5,0,0,0,0,0.0,0.0,0.0,0.0,0.0,0.0,15069.714395391298
2025-03-31,-0.007673938786893742,0,5,0,0,0,0,0.0,0.0,0.0,0.0,0.0,0.0,15069.714395391298
2025-04-01,-0.004099994557188429,0,5,0,0,0,0,0.0,0.0,0.0,0.0,0.0,0.0,15069.714395391298
2025-04-02,0.009261603861782744,0,5,0,0,0,0,0.0,0.0,0.0,0.0,0.0,0.0,15069.714395391298
2025-04-03,0.006310916018222549,0,5,0,0,0,0,0.0,0.0,0.0,0.0,0.0,0.0,15069.714395391298
2025-04-04,0.01043229646474538,0,5,0,0,0,0,1117.8209677168234,1006.0388709451411,0.0,0.0,0.0,1006.0388709451411,16075.75326633644
2025-04-07,-0.0007698863929366017,0,5,0,0,0,0,0.0,0.0,0.0,0.0,0.0,0.0,16075.75326633644
2025-04-08,-0.006377588816512872,0,5,0,0,0,0,0.0,0.0,0.0,0.0,0.0,0.0,16075.75326633644
2025-04-09,-0.000570960742086943,0,5,0,0,0,0,0.0,0.0,0.0,0.0,0.0,0.0,16075.75326633644
2025-04-10,0.0016099580762978238,0,5,0,0,0,0,0.0,0.0,0.0,0.0,0.0,0.0,16075.75326633644
2025-04-11,0.0014632175756531998,0,5,0,0,0,0,0.0,0.0,0.0,0.0,0.0,0.0,16075.75326633644
2025-04-14,0.008179739388493822,0,5,0,0,0,0,0.0,0.0,0.0,0.0,0.0,0.0,16075.75326633644
2025-04-15,-0.0013404547687293786,0,5,0,0,0,0,0.0,0.0,0.0,0.0,0.0,0.0,16075.75326633644
2025-04-16,0.0032020362882105285,0,5,0,0,0,0,501.9093418602715,451.71840767424436,0.0,0.0,0.0,451.71840767424436,16527.471674010685
2025-04-17,-0.005335607925533296,0,5,0,0,0,0,0.0,0.0,0.0,0.0,0.0,0.0,16527.471674010685
2025-04-18,0.0038279239982193184,0,5,0,0,0,0,0.0,0.0,0.0,0.0,0.0,0.0,16527.471674010685
2025-04-21,0.0009799950747302602,0,5,0,0,0,0,0.0,0.0,0.0,0.0,0.0,0.0,16527.471674010685
2025-04-22,-0.003814786175563604,0,5,0,0,0,0,0.0,0.0,0.0,0.0,0.0,0.0,16527.471674010685
2025-04-23,-0.0005416169805365428,0,5,0,0,0,0,0.0,0.0,0.0,0.0,0.0,0.0,16527.471674010685
2025-04-24,-0.00021267477329388177,0,5,0,0,0,0,0.0,0.0,0.0,0.0,0.0,0.0,16527.471674010685
2025-04-25,-0.0007602114287945062,0,5,0,0,0,0,0.0,0.0,0.0,0.0,0.0,0.0,16527.471674010685
2025-04-28,0.012240511056512244,0,5,0,0,0,0,0.0,0.0,0.0,0.0,0.0,0.0,16527.471674010685
2025-04-29,0.00033327212559767133,0,5,0,0,0,0,0.0,0.0,0.0,0.0,0.0,0.0,16527.471674010685
2025-04-30,-0.0005929879031587415,0,5,0,0,0,0,0.0,0.0,0.0,0.0,0.0,0.0,16527.471674010685
2025-05-01,-0.012396855163440164,0,5,0,0,0,0,0.0,0.0,0.0,0.0,0.0,0.0,16527.471674010685
2025-05-02,-0.004734320751621707,0,5,0,0,0,0,0.0,0.0,0.0,0.0,0.0,0.0,16527.471674010685
2025-05-05,-0.0007151134892840803,0,5,0,0,0,0,0.0,0.0,0.0,0.0,0.0,0.0,16527.471674010685
2025-05-06,-0.0034074698415221686,0,5,0,0,0,0,0.0,0.0,0.0,0.0,0.0,0.0,16527.471674010685
2025-05-07,0.00975923359228978,0,5,0,0,0,0,0.0,0.0,0.0,0.0,0.0,0.0,16527.471674010685
2025-05-08,-9.01629103401897e-05,0,5,0,0,0,0,0.0,0.0,0.0,0.0,0.0,0.0,16527.471674010685
2025-05-09,0.009165310981877938,0,5,0,0,0,0,0.0,0.0,0.0,0.0,0.0,0.0,16527.471674010685
2025-05-12,0.0013531485300324133,0,5,0,0,0,0,0.0,0.0,0.0,0.0,0.0,0.0,16527.471674010685
2025-05-13,0.001197274604549613,0,5,0,0,0,0,0.0,0.0,0.0,0.0,0.0,0.0,16527.471674010685
2025-05-14,0.00039472272778645693,0,5,0,0,0,0,0.0,0.0,0.0,0.0,0.0,0.0,16527.471674010685
2025-05-15,0.0009843745170081057,0,5,0,0,0,0,0.0,0.0,0.0,0.0,0.0,0.0,16527.471674010685
2025-05-16,0.011905884415378185,0,5,0,0,0,0,0.0,0.0,0.0,0.0,0.0,0.0,16527.471674010685
2025-05-19,-0.013811620110454281,0,5,0,0,0,0,0.0,0.0,0.0,0.0,0.0,0.0,16527.471674010685
2025-05-20,-0.011786108517656874,0,5,0,0,0,0,0.0,0.0,0.0,0.0,0.0,0.0,16527.471674010685
2025-05-21,-0.0024988387521387642,0,5,0,0,0,0,0.0,0.0,0.0,0.0,0.0,0.0,16527.471674010685
2025-05-22,0.0010527160284088703,0,5,0,0,0,0,0.0,0.0,0.0,0.0,0.0,0.0,16527.471674010685
2025-05-23,0.005354944174896054,0,5,0,0,0,0,0.0,0.0,0.0,0.0,0.0,0.0,16527.471674010685
2025-05-26,0.003972928130892615,0,5,0,0,0,0,0.0,0.0,0.0,0.0,0.0,0.0,16527.471674010685
2025-05-27,-0.0014867680054363472,0,5,0,0,0,0,0.0,0.0,0.0,0.0,0.0,0.0,16527.471674010685
2025-05-28,0.007449705744634924,0,5,0,0,0,0,0.0,0.0,0.0,0.0,0.0,0.0,16527.471674010685
2025-05-29,0.007520722420346761,0,5,0,0,0,0,0.0,0.0,0.0,0.0,0.0,0.0,16527.471674010685
2025-05-30,0.002132322073707336,0,5,0,0,0,0,0.0,0.0,0.0,0.0,0.0,0.0,16527.471674010685
2025-06-02,0.007090625847088264,0,5,0,0,0,0,510.6938795378355,459.624491584052,0.0,0.0,0.0,459.624491584052,16987.096165594736
2025-06-03,0.0026964673924178917,0,5,0,0,0,0,0.0,0.0,0.0,0.0,0.0,0.0,16987.096165594736
2025-06-04,-0.0026154550626312544,0,5,0,0,0,0,0.0,0.0,0.0,0.0,0.0,0.0,16987.096165594736
2025-06-05,0.005404058617894083,0,5,0,0,0,0,0.0,0.0,0.0,0.0,0.0,0.0,16987.096165594736
2025-06-06,0.0016646091308820427,0,5,0,0,0,0,0.0,0.0,0.0,0.0,0.0,0.0,16987.096165594736
2025-06-09,0.0009687315609728916,0,5,0,0,0,0,0.0,0.0,0.0,0.0,0.0,0.0,16987.096165594736
2025-06-10,0.01034030915281091,0,5,0,0,0,0,0.0,0.0,0.0,0.0,0.0,0.0,16987.096165594736
2025-06-11,-0.014647523167361497,0,5,0,0,0,0,0.0,0.0,0.0,0.0,0.0,0.0,16987.096165594736
2025-06-12,-0.008067942567124141,0,5,0,0,0,0,0.0,0.0,0.0,0.0,0.0,0.0,16987.096165594736
2025-06-13,-0.0065993407484041654,0,5,0,0,0,0,0.0,0.0,0.0,0.0,0.0,0.0,16987.096165594736
2025-06-16,-0.0013531289677219062,0,5,0,0,0,0,0.0,0.0,0.0,0.0,0.0,0.0,16987.096165594736
2025-06-17,-0.0006612047836272511,0,5,0,0,0,0,0.0,0.0,0.0,0.0,0.0,0.0,16987.096165594736
2025-06-18,-0.008638800291798695,0,5,0,0,0,0,0.0,0.0,0.0,0.0,0.0,0.0,16987.096165594736
2025-06-19,-0.00531351578291546,0,5,0,0,0,0,0.0,0.0,0.0,0.0,0.0,0.0,16987.096165594736
2025-06-20,-0.004521840402810394,0,5,0,0,0,0,0.0,0.0,0.0,0.0,0.0,0.0,16987.096165594736
2025-06-23,0.016609645803136067,0,5,0,0,0,0,0.0,0.0,0.0,0.0,0.0,0.0,16987.096165594736
2025-06-24,0.012434109801429609,0,5,0,0,0,0,0.0,0.0,0.0,0.0,0.0,0.0,16987.096165594736
2025-06-25,-0.001661916704353729,0,5,0,0,0,0,0.0,0.0,0.0,0.0,0.0,0.0,16987.096165594736
2025-06-26,-0.0013551836315248368,0,5,0,0,0,0,0.0,0.0,0.0,0.0,0.0,0.0,16987.096165594736
2025-06-27,-0.006358198543007683,0,5,0,0,0,0,0.0,0.0,0.0,0.0,0.0,0.0,16987.096165594736
2025-06-30,-0.01119121801779088,0,5,0,0,0,0,0.0,0.0,0.0,0.0,0.0,0.0,16987.096165594736
2025-07-01,0.00021587896484121026,0,5,0,0,0,0,0.0,0.0,0.0,0.0,0.0,0.0,16987.096165594736
2025-07-02,-0.005394353807229409,0,5,0,0,0,0,0.0,0.0,0.0,0.0,0.0,0.0,16987.096165594736
2025-07-03,0.0004198512365784798,0,5,0,0,0,0,0.0,0.0,0.0,0.0,0.0,0.0,16987.096165594736
2025-07-04,-0.009230282960047131,0,5,0,0,0,0,0.0,0.0,0.0,0.0,0.0,0.0,16987.096165594736
2025-07-07,-0.0038922310090515394,0,5,0,0,0,0,0.0,0.0,0.0,0.0,0.0,0.0,16987.096165594736
2025-07-08,0.0019066909277564833,0,5,0,0,0,0,0.0,0.0,0.0,0.0,0.0,0.0,16987.096165594736
2025-07-09,0.00329230677883528,0,5,0,0,0,0,0.0,0.0,0.0,0.0,0.0,0.0,16987.096165594736
2025-07-10,0.003618757385374298,0,5,0,0,0,0,0.0,0.0,0.0,0.0,0.0,0.0,16987.096165594736
2025-07-11,-0.007448981075101799,0,5,0,0,0,0,0.0,0.0,0.0,0.0,0.0,0.0,16987.096165594736
2025-07-14,0.0064030361074440805,0,5,0,0,0,0,0.0,0.0,0.0,0.0,0.0,0.0,16987.096165594736
2025-07-15,-0.004135734612853084,0,5,0,0,0,0,0.0,0.0,0.0,0.0,0.0,0.0,16987.096165594736
2025-07-16,0.004990385118043755,0,5,0,0,0,0,0.0,0.0,0.0,0.0,0.0,0.0,16987.096165594736
2025-07-17,0.0008924495453308268,0,5,0,0,0,0,0.0,0.0,0.0,0.0,0.0,0.0,16987.096165594736
2025-07-18,-0.007804955785581582,0,5,0,0,0,0,0.0,0.0,0.0,0.0,0.0,0.0,16987.096165594736
2025-07-21,-0.001053421229009216,0,5,0,0,0,0,0.0,0.0,0.0,0.0,0.0,0.0,16987.096165594736
2025-07-22,0.003286920173385723,0,5,0,0,0,0,0.0,0.0,0.0,0.0,0.0,0.0,16987.096165594736
2025-07-23,0.004863704845971791,0,5,0,0,0,0,0.0,0.0,0.0,0.0,0.0,0.0,16987.096165594736
2025-07-24,6.23554684035159e-05,0,5,0,0,0,0,0.0,0.0,0.0,0.0,0.0,0.0,16987.096165594736
2025-07-25,0.010714922426885095,0,5,0,0,0,0,0.0,0.0,0.0,0.0,0.0,0.0,16987.096165594736
2025-07-28,0.007376261420280502,0,5,0,0,0,0,0.0,0.0,0.0,0.0,0.0,0.0,16987.096165594736
2025-07-29,-0.0006742338464141065,0,5,0,0,0,0,0.0,0.0,0.0,0.0,0.0,0.0,16987.096165594736
2025-07-30,0.00573714882065562,0,5,0,0,0,0,0.0,0.0,0.0,0.0,0.0,0.0,16987.096165594736
2025-07-31,0.013275044625467304,0,5,0,0,0,0,0.0,0.0,0.0,0.0,0.0,0.0,16987.096165594736
2025-08-01,0.013445019841440375,0,5,0,0,0,0,0.0,0.0,0.0,0.0,0.0,0.0,16987.096165594736
2025-08-04,-0.006859989009236893,0,5,0,0,0,0,0.0,0.0,0.0,0.0,0.0,0.0,16987.096165594736
2025-08-05,-0.00494017868506757,0,5,0,0,0,0,0.0,0.0,0.0,0.0,0.0,0.0,16987.096165594736
2025-08-06,0.010416506414746288,0,5,0,0,0,0,0.0,0.0,0.0,0.0,0.0,0.0,16987.096165594736
2025-08-07,-0.005779180128136767,0,5,0,0,0,0,0.0,0.0,0.0,0.0,0.0,0.0,16987.096165594736
2025-08-08,-0.007462049636853377,0,5,0,0,0,0,0.0,0.0,0.0,0.0,0.0,0.0,16987.096165594736
2025-08-11,-0.0021359979066816522,0,5,0,0,0,0,0.0,0.0,0.0,0.0,0.0,0.0,16987.096165594736
2025-08-12,0.0036363002770925922,0,5,0,0,0,0,0.0,0.0,0.0,0.0,0.0,0.0,16987.096165594736
2025-08-13,0.00030811312410150235,0,5,0,0,0,0,0.0,0.0,0.0,0.0,0.0,0.0,16987.096165594736
2025-08-14,-0.0031827409479374576,0,5,0,0,0,0,0.0,0.0,0.0,0.0,0.0,0.0,16987.096165594736
2025-08-15,-0.003333342255567807,0,5,0,0,0,0,0.0,0.0,0.0,0.0,0.0,0.0,16987.096165594736
2025-08-18,-0.0035761285697174846,0,5,0,0,0,0,0.0,0.0,0.0,0.0,0.0,0.0,16987.096165594736
2025-08-19,-0.004640722239905574,0,5,0,0,0,0,0.0,0.0,0.0,0.0,0.0,0.0,16987.096165594736
2025-08-20,0.015490166566848705,0,5,0,0,0,0,0.0,0.0,0.0,0.0,0.0,0.0,16987.096165594736
2025-08-21,0.0028548186246178118,0,5,0,0,0,0,0.0,0.0,0.0,0.0,0.0,0.0,16987.096165594736
2025-08-22,0.00660728647683222,0,5,0,0,0,0,0.0,0.0,0.0,0.0,0.0,0.0,16987.096165594736
2025-08-25,-0.0021543596682545383,0,5,0,0,0,0,0.0,0.0,0.0,0.0,0.0,0.0,16987.096165594736
2025-08-26,-0.0002240161529500186,0,5,0,0,0,0,0.0,0.0,0.0,0.0,0.0,0.0,16987.096165594736
2025-08-27,-0.0035838781792069136,0,5,0,0,0,0,0.0,0.0,0.0,0.0,0.0,0.0,16987.096165594736
2025-08-28,-0.015926494720019318,0,5,0,0,0,0,0.0,0.0,0.0,0.0,0.0,0.0,16987.096165594736
2025-08-29,-0.007815283642644081,0,5,0,0,0,0,0.0,0.0,0.0,0.0,0.0,0.0,16987.096165594736
2025-09-01,-0.010570240679495975,0,5,0,0,0,0,0.0,0.0,0.0,0.0,0.0,0.0,16987.096165594736
2025-09-02,-0.013366945901885465,0,5,0,0,0,0,0.0,0.0,0.0,0.0,0.0,0.0,16987.096165594736
2025-09-03,-0.006652124144378516,0,5,0,0,0,0,0.0,0.0,0.0,0.0,0.0,0.0,16987.096165594736
2025-09-04,0.009397824238525332,0,5,0,0,0,0,0.0,0.0,0.0,0.0,0.0,0.0,16987.096165594736
2025-09-05,0.0006772192816760284,0,5,0,0,0,0,0.0,0.0,0.0,0.0,0.0,0.0,16987.096165594736
2025-09-08,0.009178808532369943,0,5,0,0,0,0,0.0,0.0,0.0,0.0,0.0,0.0,16987.096165594736
2025-09-09,0.003577431496388504,0,5,0,0,0,0,0.0,0.0,0.0,0.0,0.0,0.0,16987.096165594736
2025-09-10,0.005943715247933177,0,5,0,0,0,0,0.0,0.0,0.0,0.0,0.0,0.0,16987.096165594736
2025-09-11,-0.004776921952194459,0,5,0,0,0,0,0.0,0.0,0.0,0.0,0.0,0.0,16987.096165594736
2025-09-12,0.004296840329641325,0,5,0,0,0,0,0.0,0.0,0.0,0.0,0.0,0.0,16987.096165594736
2025-09-15,0.005600820397374804,0,5,0,0,0,0,0.0,0.0,0.0,0.0,0.0,0.0,16987.096165594736
2025-09-16,-0.0027120246228624703,0,5,0,0,0,0,0.0,0.0,0.0,0.0,0.0,0.0,16987.096165594736
2025-09-17,0.004523481989539145,0,5,0,0,0,0,0.0,0.0,0.0,0.0,0.0,0.0,16987.096165594736
2025-09-18,0.004565814098135969,0,5,0,0,0,0,0.0,0.0,0.0,0.0,0.0,0.0,16987.096165594736
2025-09-19,-0.002539479471791838,0,5,0,0,0,0,0.0,0.0,0.0,0.0,0.0,0.0,16987.096165594736
2025-09-22,-0.006189850733032417,0,5,0,0,0,0,0.0,0.0,0.0,0.0,0.0,0.0,16987.096165594736
2025-09-23,-0.00658060480826667,0,5,0,0,0,0,0.0,0.0,0.0,0.0,0.0,0.0,16987.096165594736
2025-09-24,0.0015110864647260196,0,5,0,0,0,0,0.0,0.0,0.0,0.0,0.0,0.0,16987.096165594736
2025-09-25,0.0030426738109560793,0,5,0,0,0,0,0.0,0.0,0.0,0.0,0.0,0.0,16987.096165594736
2025-09-26,-0.004086789234263957,0,5,0,0,0,0,0.0,0.0,0.0,0.0,0.0,0.0,16987.096165594736
2025-09-29,0.0011295007269116206,0,5,0,0,0,0,0.0,0.0,0.0,0.0,0.0,0.0,16987.096165594736
2025-09-30,0.004593511306616515,0,5,0,0,0,0,0.0,0.0,0.0,0.0,0.0,0.0,16987.096165594736
2025-10-01,0.004896980986282978,0,5,0,0,0,0,0.0,0.0,0.0,0.0,0.0,0.0,16987.096165594736
2025-10-02,0.01084293171960611,0,5,0,0,0,0,0.0,0.0,0.0,0.0,0.0,0.0,16987.096165594736
2025-10-03,0.009092309282347116,0,5,0,0,0,0,0.0,0.0,0.0,0.0,0.0,0.0,16987.096165594736
2025-10-06,-0.0054162570196163735,0,5,0,0,0,0,0.0,0.0,0.0,0.0,0.0,0.0,16987.096165594736
2025-10-07,0.011681666650479568,0,5,0,0,0,0,0.0,0.0,0.0,0.0,0.0,0.0,16987.096165594736
2025-10-08,-0.00242118245211689,0,5,0,0,0,0,0.0,0.0,0.0,0.0,0.0,0.0,16987.096165594736
2025-10-09,0.007614191567678441,0,5,0,0,0,0,0.0,0.0,0.0,0.0,0.0,0.0,16987.096165594736
2025-10-10,0.0013931537124036604,0,5,0,0,0,0,0.0,0.0,0.0,0.0,0.0,0.0,16987.096165594736
2025-10-13,-0.001664463747335653,0,5,0,0,0,0,0.0,0.0,0.0,0.0,0.0,0.0,16987.096165594736
2025-10-14,-0.01055163385061716,0,5,0,0,0,0,0.0,0.0,0.0,0.0,0.0,0.0,16987.096165594736
2025-10-15,-0.00013236349495964752,0,5,0,0,0,0,0.0,0.0,0.0,0.0,0.0,0.0,16987.096165594736
2025-10-16,-0.008970315085642482,0,5,0,0,0,0,0.0,0.0,0.0,0.0,0.0,0.0,16987.096165594736
2025-10-17,0.007120185036122356,0,5,0,0,0,0,0.0,0.0,0.0,0.0,0.0,0.0,16987.096165594736
2025-10-20,0.010619486615660123,0,5,0,0,0,0,0.0,0.0,0.0,0.0,0.0,0.0,16987.096165594736
2025-10-21,-0.004114714943028308,0,5,0,0,0,0,0.0,0.0,0.0,0.0,0.0,0.0,16987.096165594736
2025-10-22,0.002883218846235519,0,5,0,0,0,0,0.0,0.0,0.0,0.0,0.0,0.0,16987.096165594736
2025-10-23,-0.0036592623840866253,0,5,0,0,0,0,0.0,0.0,0.0,0.0,0.0,0.0,16987.096165594736
2025-10-24,-0.003042137452795018,0,5,0,0,0,0,0.0,0.0,0.0,0.0,0.0,0.0,16987.096165594736
2025-10-27,0.005892361049260574,0,5,0,0,0,0,0.0,0.0,0.0,0.0,0.0,0.0,16987.096165594736
2025-10-28,0.0007147785144079953,0,5,0,0,0,0,0.0,0.0,0.0,0.0,0.0,0.0,16987.096165594736
2025-10-29,0.012038681404508303,0,5,0,0,0,0,533.3153513096513,479.9838161786862,0.0,0.0,0.0,479.9838161786862,17467.079981773422
2025-10-30,-0.0021107691877373675,0,5,0,0,0,0,0.0,0.0,0.0,0.0,0.0,0.0,17467.079981773422
2025-10-31,0.00732420469951098,0,5,0,0,0,0,0.0,0.0,0.0,0.0,0.0,0.0,17467.079981773422
2025-11-03,0.0015805503179178036,0,5,0,0,0,0,0.0,0.0,0.0,0.0,0.0,0.0,17467.079981773422
2025-11-04,0.006027898078446412,0,5,0,0,0,0,1016.8644679296558,915.1780211366903,0.0,0.0,0.0,915.1780211366903,18382.258002910112
2025-11-05,-0.0018874045884981862,0,5,0,0,0,0,0.0,0.0,0.0,0.0,0.0,0.0,18382.258002910112
2025-11-06,0.0006445969317203867,0,5,0,0,0,0,0.0,0.0,0.0,0.0,0.0,0.0,18382.258002910112
2025-11-07,0.00022467544895380992,0,5,0,0,0,0,0.0,0.0,0.0,0.0,0.0,0.0,18382.258002910112
2025-11-10,-0.004364006551731353,0,5,0,0,0,0,0.0,0.0,0.0,0.0,0.0,0.0,18382.258002910112
2025-11-11,0.005176487909402228,0,5,0,0,0,0,0.0,0.0,0.0,0.0,0.0,0.0,18382.258002910112
2025-11-12,0.005101135619771914,0,5,0,0,0,0,0.0,0.0,0.0,0.0,0.0,0.0,18382.258002910112
2025-11-13,0.004740093097333625,0,5,0,0,0,0,528.0158656951644,475.214279125648,0.0,0.0,0.0,475.214279125648,18857.47228203576
2025-11-14,0.010747952938922192,0,5,0,0,0,0,0.0,0.0,0.0,0.0,0.0,0.0,18857.47228203576
2025-11-17,0.010189963022564608,0,5,0,0,0,0,514.1137430979161,462.7023687881245,0.0,0.0,0.0,462.7023687881245,19320.174650823883
2025-11-18,-0.001427535659453497,0,5,0,0,0,0,0.0,0.0,0.0,0.0,0.0,0.0,19320.174650823883
2025-11-19,0.003335882811325766,0,5,0,0,0,0,0.0,0.0,0.0,0.0,0.0,0.0,19320.174650823883
2025-11-20,-0.0030110347474694337,0,5,0,0,0,0,0.0,0.0,0.0,0.0,0.0,0.0,19320.174650823883
2025-11-21,0.0011089311770559882,0,5,0,0,0,0,0.0,0.0,0.0,0.0,0.0,0.0,19320.174650823883
2025-11-24,-0.002859144517197644,0,5,0,0,0,0,0.0,0.0,0.0,0.0,0.0,0.0,19320.174650823883
2025-11-25,0.011277182662158146,0,5,0,0,0,0,0.0,0.0,0.0,0.0,0.0,0.0,19320.174650823883
2025-11-26,0.0032763132989199186,0,5,0,0,0,0,0.0,0.0,0.0,0.0,0.0,0.0,19320.174650823883
2025-11-27,-0.00042826096063763885,0,5,0,0,0,0,0.0,0.0,0.0,0.0,0.0,0.0,19320.174650823883
2025-11-28,0.008561439069926426,0,5,0,0,0,0,0.0,0.0,0.0,0.0,0.0,0.0,19320.174650823883
2025-12-01,-0.012862783367810411,0,5,0,0,0,0,0.0,0.0,0.0,0.0,0.0,0.0,19320.174650823883
2025-12-02,-0.011866073454139984,0,5,0,0,0,0,0.0,0.0,0.0,0.0,0.0,0.0,19320.174650823883
2025-12-03,0.00602828428290333,0,5,0,0,0,0,0.0,0.0,0.0,0.0,0.0,0.0,19320.174650823883
2025-12-04,0.001345276211237872,0,5,0,0,0,0,0.0,0.0,0.0,0.0,0.0,0.0,19320.174650823883
2025-12-05,0.002555099245177131,0,5,0,0,0,0,0.0,0.0,0.0,0.0,0.0,0.0,19320.174650823883
2025-12-08,-0.007486598980269116,0,5,0,0,0,0,0.0,0.0,0.0,0.0,0.0,0.0,19320.174650823883
2025-12-09,0.0008122414455159327,0,5,0,0,0,0,0.0,0.0,0.0,0.0,0.0,0.0,19320.174650823883
2025-12-10,0.013719011810082069,0,5,0,0,0,0,0.0,0.0,0.0,0.0,0.0,0.0,19320.174650823883
2025-12-11,0.00620889348456432,0,5,0,0,0,0,0.0,0.0,0.0,0.0,0.0,0.0,19320.174650823883
2025-12-12,0.0020409297543957467,0,5,0,0,0,0,0.0,0.0,0.0,0.0,0.0,0.0,19320.174650823883
2025-12-15,-0.0018357980462437907,0,5,0,0,0,0,0.0,0.0,0.0,0.0,0.0,0.0,19320.174650823883
2025-12-16,-0.0015525323485837477,0,5,0,0,0,0,0.0,0.0,0.0,0.0,0.0,0.0,19320.174650823883
2025-12-17,-0.012599026988529204,0,5,0,0,0,0,0.0,0.0,0.0,0.0,0.0,0.0,19320.174650823883
2025-12-18,0.0026009130744508767,0,5,0,0,0,0,0.0,0.0,0.0,0.0,0.0,0.0,19320.174650823883
2025-12-19,0.006344431677908366,0,5,0,0,0,0,0.0,0.0,0.0,0.0,0.0,0.0,19320.174650823883
2025-12-22,-0.00907371028512401,0,5,0,0,0,0,0.0,0.0,0.0,0.0,0.0,0.0,19320.174650823883
2025-12-23,-0.0032518571011709175,0,5,0,0,0,0,0.0,0.0,0.0,0.0,0.0,0.0,19320.174650823883
2025-12-24,-0.006410804183295786,0,5,0,0,0,0,0.0,0.0,0.0,0.0,0.0,0.0,19320.174650823883
2025-12-25,-0.005187381246867538,0,5,0,0,0,0,0.0,0.0,0.0,0.0,0.0,0.0,19320.174650823883
2025-12-26,0.001300782512409788,0,5,0,0,0,0,0.0,0.0,0.0,0.0,0.0,0.0,19320.174650823883
2025-12-29,-0.012313757361254757,0,5,0,0,0,0,0.0,0.0,0.0,0.0,0.0,0.0,19320.174650823883
2025-12-30,0.004872015757317595,0,5,0,0,0,0,0.0,0.0,0.0,0.0,0.0,0.0,19320.174650823883
2025-12-31,0.0057609230723548,0,5,0,0,0,0,0.0,0.0,0.0,0.0,0.0,0.0,19320.174650823883
