datetime,param_combo_label,feature_name,ticker,strategy_return,cumulative_strategy_return,fold_id
2008-08-08,double7s__ma200__sp10,double7s_signal_D_maPeriod_200_shortPeriod_10,ES,0.0,0.0,0
2008-08-11,double7s__ma200__sp10,double7s_signal_D_maPeriod_200_shortPeriod_10,ES,0.0,0.0,0
2008-08-12,double7s__ma200__sp10,double7s_signal_D_maPeriod_200_shortPeriod_10,ES,0.0,0.0,0
2008-08-13,double7s__ma200__sp10,double7s_signal_D_maPeriod_200_shortPeriod_10,ES,0.0,0.0,0
2008-08-14,double7s__ma200__sp10,double7s_signal_D_maPeriod_200_shortPeriod_10,ES,0.0,0.0,0
2008-08-15,double7s__ma200__sp10,double7s_signal_D_maPeriod_200_shortPeriod_10,ES,0.0,0.0,0
2008-08-18,double7s__ma200__sp10,double7s_signal_D_maPeriod_200_shortPeriod_10,ES,0.0,0.0,0
2008-08-19,double7s__ma200__sp10,double7s_signal_D_maPeriod_200_shortPeriod_10,ES,0.0,0.0,0
2008-08-20,double7s__ma200__sp10,double7s_signal_D_maPeriod_200_shortPeriod_10,ES,0.0,0.0,0
2008-08-21,double7s__ma200__sp10,double7s_signal_D_maPeriod_200_shortPeriod_10,ES,0.0,0.0,0
2008-08-22,double7s__ma200__sp10,double7s_signal_D_maPeriod_200_shortPeriod_10,ES,0.0,0.0,0
2008-08-25,double7s__ma200__sp10,double7s_signal_D_maPeriod_200_shortPeriod_10,ES,0.0,0.0,0
2008-08-26,double7s__ma200__sp10,double7s_signal_D_maPeriod_200_shortPeriod_10,ES,0.0,0.0,0
2008-08-27,double7s__ma200__sp10,double7s_signal_D_maPeriod_200_shortPeriod_10,ES,0.0,0.0,0
2008-08-28,double7s__ma200__sp10,double7s_signal_D_maPeriod_200_shortPeriod_10,ES,0.0,0.0,0
2008-08-29,double7s__ma200__sp10,double7s_signal_D_maPeriod_200_shortPeriod_10,ES,0.0,0.0,0
2008-09-02,double7s__ma200__sp10,double7s_signal_D_maPeriod_200_shortPeriod_10,ES,0.0,0.0,0
2008-09-03,double7s__ma200__sp10,double7s_signal_D_maPeriod_200_shortPeriod_10,ES,0.0,0.0,0
2008-09-04,double7s__ma200__sp10,double7s_signal_D_maPeriod_200_shortPeriod_10,ES,0.0,0.0,0
2008-09-05,double7s__ma200__sp10,double7s_signal_D_maPeriod_200_shortPeriod_10,ES,0.0,0.0,0
2008-09-08,double7s__ma200__sp10,double7s_signal_D_maPeriod_200_shortPeriod_10,ES,0.0,0.0,0
2008-09-09,double7s__ma200__sp10,double7s_signal_D_maPeriod_200_shortPeriod_10,ES,0.0,0.0,0
2008-09-10,double7s__ma200__sp10,double7s_signal_D_maPeriod_200_shortPeriod_10,ES,0.0,0.0,0
2008-09-11,double7s__ma200__sp10,double7s_signal_D_maPeriod_200_shortPeriod_10,ES,0.0,0.0,0
2008-09-12,double7s__ma200__sp10,double7s_signal_D_maPeriod_200_shortPeriod_10,ES,0.0,0.0,0
2008-09-15,double7s__ma200__sp10,double7s_signal_D_maPeriod_200_shortPeriod_10,ES,0.0,0.0,0
2008-09-16,double7s__ma200__sp10,double7s_signal_D_maPeriod_200_shortPeriod_10,ES,0.0,0.0,0
2008-09-17,double7s__ma200__sp10,double7s_signal_D_maPeriod_200_shortPeriod_10,ES,0.0,0.0,0
2008-09-18,double7s__ma200__sp10,double7s_signal_D_maPeriod_200_shortPeriod_10,ES,0.0,0.0,0
2008-09-19,double7s__ma200__sp10,double7s_signal_D_maPeriod_200_shortPeriod_10,ES,0.0,0.0,0
2008-09-22,double7s__ma200__sp10,double7s_signal_D_maPeriod_200_shortPeriod_10,ES,0.0,0.0,0
2008-09-23,double7s__ma200__sp10,double7s_signal_D_maPeriod_200_shortPeriod_10,ES,0.0,0.0,0
2008-09-24,double7s__ma200__sp10,double7s_signal_D_maPeriod_200_shortPeriod_10,ES,0.0,0.0,0
2008-09-25,double7s__ma200__sp10,double7s_signal_D_maPeriod_200_shortPeriod_10,ES,0.0,0.0,0
2008-09-26,double7s__ma200__sp10,double7s_signal_D_maPeriod_200_shortPeriod_10,ES,0.0,0.0,0
2008-09-29,double7s__ma200__sp10,double7s_signal_D_maPeriod_200_shortPeriod_10,ES,0.0,0.0,0
2008-09-30,double7s__ma200__sp10,double7s_signal_D_maPeriod_200_shortPeriod_10,ES,0.0,0.0,0
2008-10-01,double7s__ma200__sp10,double7s_signal_D_maPeriod_200_shortPeriod_10,ES,0.0,0.0,0
2008-10-02,double7s__ma200__sp10,double7s_signal_D_maPeriod_200_shortPeriod_10,ES,0.0,0.0,0
2008-10-03,double7s__ma200__sp10,double7s_signal_D_maPeriod_200_shortPeriod_10,ES,0.0,0.0,0
2008-10-06,double7s__ma200__sp10,double7s_signal_D_maPeriod_200_shortPeriod_10,ES,0.0,0.0,0
2008-10-07,double7s__ma200__sp10,double7s_signal_D_maPeriod_200_shortPeriod_10,ES,0.0,0.0,0
2008-10-08,double7s__ma200__sp10,double7s_signal_D_maPeriod_200_shortPeriod_10,ES,0.0,0.0,0
2008-10-09,double7s__ma200__sp10,double7s_signal_D_maPeriod_200_shortPeriod_10,ES,0.0,0.0,0
2008-10-10,double7s__ma200__sp10,double7s_signal_D_maPeriod_200_shortPeriod_10,ES,0.0,0.0,0
2008-10-13,double7s__ma200__sp10,double7s_signal_D_maPeriod_200_shortPeriod_10,ES,0.0,0.0,0
2008-10-14,double7s__ma200__sp10,double7s_signal_D_maPeriod_200_shortPeriod_10,ES,0.0,0.0,0
2008-10-15,double7s__ma200__sp10,double7s_signal_D_maPeriod_200_shortPeriod_10,ES,0.0,0.0,0
2008-10-16,double7s__ma200__sp10,double7s_signal_D_maPeriod_200_shortPeriod_10,ES,0.0,0.0,0
2008-10-17,double7s__ma200__sp10,double7s_signal_D_maPeriod_200_shortPeriod_10,ES,0.0,0.0,0
2008-10-20,double7s__ma200__sp10,double7s_signal_D_maPeriod_200_shortPeriod_10,ES,0.0,0.0,0
2008-10-21,double7s__ma200__sp10,double7s_signal_D_maPeriod_200_shortPeriod_10,ES,0.0,0.0,0
2008-10-22,double7s__ma200__sp10,double7s_signal_D_maPeriod_200_shortPeriod_10,ES,0.0,0.0,0
2008-10-23,double7s__ma200__sp10,double7s_signal_D_maPeriod_200_shortPeriod_10,ES,0.0,0.0,0
2008-10-24,double7s__ma200__sp10,double7s_signal_D_maPeriod_200_shortPeriod_10,ES,0.0,0.0,0
2008-10-27,double7s__ma200__sp10,double7s_signal_D_maPeriod_200_shortPeriod_10,ES,0.0,0.0,0
2008-10-28,double7s__ma200__sp10,double7s_signal_D_maPeriod_200_shortPeriod_10,ES,0.0,0.0,0
2008-10-29,double7s__ma200__sp10,double7s_signal_D_maPeriod_200_shortPeriod_10,ES,0.0,0.0,0
2008-10-30,double7s__ma200__sp10,double7s_signal_D_maPeriod_200_shortPeriod_10,ES,0.0,0.0,0
2008-10-31,double7s__ma200__sp10,double7s_signal_D_maPeriod_200_shortPeriod_10,ES,0.0,0.0,0
2008-11-03,double7s__ma200__sp10,double7s_signal_D_maPeriod_200_shortPeriod_10,ES,0.0,0.0,0
2008-11-04,double7s__ma200__sp10,double7s_signal_D_maPeriod_200_shortPeriod_10,ES,0.0,0.0,0
2008-11-05,double7s__ma200__sp10,double7s_signal_D_maPeriod_200_shortPeriod_10,ES,0.0,0.0,0
2008-11-06,double7s__ma200__sp10,double7s_signal_D_maPeriod_200_shortPeriod_10,ES,0.0,0.0,0
2008-11-07,double7s__ma200__sp10,double7s_signal_D_maPeriod_200_shortPeriod_10,ES,0.0,0.0,0
2008-11-10,double7s__ma200__sp10,double7s_signal_D_maPeriod_200_shortPeriod_10,ES,0.0,0.0,0
2008-11-11,double7s__ma200__sp10,double7s_signal_D_maPeriod_200_shortPeriod_10,ES,0.0,0.0,0
2008-11-12,double7s__ma200__sp10,double7s_signal_D_maPeriod_200_shortPeriod_10,ES,0.0,0.0,0
2008-11-13,double7s__ma200__sp10,double7s_signal_D_maPeriod_200_shortPeriod_10,ES,0.0,0.0,0
2008-11-14,double7s__ma200__sp10,double7s_signal_D_maPeriod_200_shortPeriod_10,ES,0.0,0.0,0
2008-11-17,double7s__ma200__sp10,double7s_signal_D_maPeriod_200_shortPeriod_10,ES,0.0,0.0,0
2008-11-18,double7s__ma200__sp10,double7s_signal_D_maPeriod_200_shortPeriod_10,ES,0.0,0.0,0
2008-11-19,double7s__ma200__sp10,double7s_signal_D_maPeriod_200_shortPeriod_10,ES,0.0,0.0,0
2008-11-20,double7s__ma200__sp10,double7s_signal_D_maPeriod_200_shortPeriod_10,ES,0.0,0.0,0
2008-11-21,double7s__ma200__sp10,double7s_signal_D_maPeriod_200_shortPeriod_10,ES,0.0,0.0,0
2008-11-24,double7s__ma200__sp10,double7s_signal_D_maPeriod_200_shortPeriod_10,ES,0.0,0.0,0
2008-11-25,double7s__ma200__sp10,double7s_signal_D_maPeriod_200_shortPeriod_10,ES,0.0,0.0,0
2008-11-26,double7s__ma200__sp10,double7s_signal_D_maPeriod_200_shortPeriod_10,ES,0.0,0.0,0
2008-11-28,double7s__ma200__sp10,double7s_signal_D_maPeriod_200_shortPeriod_10,ES,0.0,0.0,0
2008-12-01,double7s__ma200__sp10,double7s_signal_D_maPeriod_200_shortPeriod_10,ES,0.0,0.0,0
2008-12-02,double7s__ma200__sp10,double7s_signal_D_maPeriod_200_shortPeriod_10,ES,0.0,0.0,0
2008-12-03,double7s__ma200__sp10,double7s_signal_D_maPeriod_200_shortPeriod_10,ES,0.0,0.0,0
2008-12-04,double7s__ma200__sp10,double7s_signal_D_maPeriod_200_shortPeriod_10,ES,0.0,0.0,0
2008-12-05,double7s__ma200__sp10,double7s_signal_D_maPeriod_200_shortPeriod_10,ES,0.0,0.0,0
2008-12-08,double7s__ma200__sp10,double7s_signal_D_maPeriod_200_shortPeriod_10,ES,0.0,0.0,0
2008-12-09,double7s__ma200__sp10,double7s_signal_D_maPeriod_200_shortPeriod_10,ES,0.0,0.0,0
2008-12-10,double7s__ma200__sp10,double7s_signal_D_maPeriod_200_shortPeriod_10,ES,0.0,0.0,0
2008-12-11,double7s__ma200__sp10,double7s_signal_D_maPeriod_200_shortPeriod_10,ES,0.0,0.0,0
2008-12-12,double7s__ma200__sp10,double7s_signal_D_maPeriod_200_shortPeriod_10,ES,0.0,0.0,0
2008-12-15,double7s__ma200__sp10,double7s_signal_D_maPeriod_200_shortPeriod_10,ES,0.0,0.0,0
2008-12-16,double7s__ma200__sp10,double7s_signal_D_maPeriod_200_shortPeriod_10,ES,0.0,0.0,0
2008-12-17,double7s__ma200__sp10,double7s_signal_D_maPeriod_200_shortPeriod_10,ES,0.0,0.0,0
2008-12-18,double7s__ma200__sp10,double7s_signal_D_maPeriod_200_shortPeriod_10,ES,0.0,0.0,0
2008-12-19,double7s__ma200__sp10,double7s_signal_D_maPeriod_200_shortPeriod_10,ES,0.0,0.0,0
2008-12-22,double7s__ma200__sp10,double7s_signal_D_maPeriod_200_shortPeriod_10,ES,0.0,0.0,0
2008-12-23,double7s__ma200__sp10,double7s_signal_D_maPeriod_200_shortPeriod_10,ES,0.0,0.0,0
2008-12-24,double7s__ma200__sp10,double7s_signal_D_maPeriod_200_shortPeriod_10,ES,0.0,0.0,0
2008-12-26,double7s__ma200__sp10,double7s_signal_D_maPeriod_200_shortPeriod_10,ES,0.0,0.0,0
2008-12-29,double7s__ma200__sp10,double7s_signal_D_maPeriod_200_shortPeriod_10,ES,0.0,0.0,0
2008-12-30,double7s__ma200__sp10,double7s_signal_D_maPeriod_200_shortPeriod_10,ES,0.0,0.0,0
2008-12-31,double7s__ma200__sp10,double7s_signal_D_maPeriod_200_shortPeriod_10,ES,0.0,0.0,0
2009-01-02,double7s__ma200__sp10,double7s_signal_D_maPeriod_200_shortPeriod_10,ES,0.0,0.0,0
2009-01-05,double7s__ma200__sp10,double7s_signal_D_maPeriod_200_shortPeriod_10,ES,0.0,0.0,0
2009-01-06,double7s__ma200__sp10,double7s_signal_D_maPeriod_200_shortPeriod_10,ES,0.0,0.0,0
2009-01-07,double7s__ma200__sp10,double7s_signal_D_maPeriod_200_shortPeriod_10,ES,0.0,0.0,0
2009-01-08,double7s__ma200__sp10,double7s_signal_D_maPeriod_200_shortPeriod_10,ES,0.0,0.0,0
2009-01-09,double7s__ma200__sp10,double7s_signal_D_maPeriod_200_shortPeriod_10,ES,0.0,0.0,0
2009-01-12,double7s__ma200__sp10,double7s_signal_D_maPeriod_200_shortPeriod_10,ES,0.0,0.0,0
2009-01-13,double7s__ma200__sp10,double7s_signal_D_maPeriod_200_shortPeriod_10,ES,0.0,0.0,0
2009-01-14,double7s__ma200__sp10,double7s_signal_D_maPeriod_200_shortPeriod_10,ES,0.0,0.0,0
2009-01-15,double7s__ma200__sp10,double7s_signal_D_maPeriod_200_shortPeriod_10,ES,0.0,0.0,0
2009-01-16,double7s__ma200__sp10,double7s_signal_D_maPeriod_200_shortPeriod_10,ES,0.0,0.0,0
2009-01-20,double7s__ma200__sp10,double7s_signal_D_maPeriod_200_shortPeriod_10,ES,0.0,0.0,0
2009-01-21,double7s__ma200__sp10,double7s_signal_D_maPeriod_200_shortPeriod_10,ES,0.0,0.0,0
2009-01-22,double7s__ma200__sp10,double7s_signal_D_maPeriod_200_shortPeriod_10,ES,0.0,0.0,0
2009-01-23,double7s__ma200__sp10,double7s_signal_D_maPeriod_200_shortPeriod_10,ES,0.0,0.0,0
2009-01-26,double7s__ma200__sp10,double7s_signal_D_maPeriod_200_shortPeriod_10,ES,0.0,0.0,0
2009-01-27,double7s__ma200__sp10,double7s_signal_D_maPeriod_200_shortPeriod_10,ES,0.0,0.0,0
2009-01-28,double7s__ma200__sp10,double7s_signal_D_maPeriod_200_shortPeriod_10,ES,0.0,0.0,0
2009-01-29,double7s__ma200__sp10,double7s_signal_D_maPeriod_200_shortPeriod_10,ES,0.0,0.0,0
2009-01-30,double7s__ma200__sp10,double7s_signal_D_maPeriod_200_shortPeriod_10,ES,0.0,0.0,0
2009-02-02,double7s__ma200__sp10,double7s_signal_D_maPeriod_200_shortPeriod_10,ES,0.0,0.0,0
2009-02-03,double7s__ma200__sp10,double7s_signal_D_maPeriod_200_shortPeriod_10,ES,0.0,0.0,0
2009-02-04,double7s__ma200__sp10,double7s_signal_D_maPeriod_200_shortPeriod_10,ES,0.0,0.0,0
2009-02-05,double7s__ma200__sp10,double7s_signal_D_maPeriod_200_shortPeriod_10,ES,0.0,0.0,0
2009-02-06,double7s__ma200__sp10,double7s_signal_D_maPeriod_200_shortPeriod_10,ES,0.0,0.0,0
2009-02-09,double7s__ma200__sp10,double7s_signal_D_maPeriod_200_shortPeriod_10,ES,0.0,0.0,0
2009-02-10,double7s__ma200__sp10,double7s_signal_D_maPeriod_200_shortPeriod_10,ES,0.0,0.0,0
2009-02-11,double7s__ma200__sp10,double7s_signal_D_maPeriod_200_shortPeriod_10,ES,0.0,0.0,0
2009-02-12,double7s__ma200__sp10,double7s_signal_D_maPeriod_200_shortPeriod_10,ES,0.0,0.0,0
2009-02-13,double7s__ma200__sp10,double7s_signal_D_maPeriod_200_shortPeriod_10,ES,0.0,0.0,0
2009-02-17,double7s__ma200__sp10,double7s_signal_D_maPeriod_200_shortPeriod_10,ES,0.0,0.0,0
2009-02-18,double7s__ma200__sp10,double7s_signal_D_maPeriod_200_shortPeriod_10,ES,0.0,0.0,0
2009-02-19,double7s__ma200__sp10,double7s_signal_D_maPeriod_200_shortPeriod_10,ES,0.0,0.0,0
2009-02-20,double7s__ma200__sp10,double7s_signal_D_maPeriod_200_shortPeriod_10,ES,0.0,0.0,0
2009-02-23,double7s__ma200__sp10,double7s_signal_D_maPeriod_200_shortPeriod_10,ES,0.0,0.0,0
2009-02-24,double7s__ma200__sp10,double7s_signal_D_maPeriod_200_shortPeriod_10,ES,0.0,0.0,0
2009-02-25,double7s__ma200__sp10,double7s_signal_D_maPeriod_200_shortPeriod_10,ES,0.0,0.0,0
2009-02-26,double7s__ma200__sp10,double7s_signal_D_maPeriod_200_shortPeriod_10,ES,0.0,0.0,0
2009-02-27,double7s__ma200__sp10,double7s_signal_D_maPeriod_200_shortPeriod_10,ES,0.0,0.0,0
2009-03-02,double7s__ma200__sp10,double7s_signal_D_maPeriod_200_shortPeriod_10,ES,0.0,0.0,0
2009-03-03,double7s__ma200__sp10,double7s_signal_D_maPeriod_200_shortPeriod_10,ES,0.0,0.0,0
2009-03-04,double7s__ma200__sp10,double7s_signal_D_maPeriod_200_shortPeriod_10,ES,0.0,0.0,0
2009-03-05,double7s__ma200__sp10,double7s_signal_D_maPeriod_200_shortPeriod_10,ES,0.0,0.0,0
2009-03-06,double7s__ma200__sp10,double7s_signal_D_maPeriod_200_shortPeriod_10,ES,0.0,0.0,0
2009-03-09,double7s__ma200__sp10,double7s_signal_D_maPeriod_200_shortPeriod_10,ES,0.0,0.0,0
2009-03-10,double7s__ma200__sp10,double7s_signal_D_maPeriod_200_shortPeriod_10,ES,0.0,0.0,0
2009-03-11,double7s__ma200__sp10,double7s_signal_D_maPeriod_200_shortPeriod_10,ES,0.0,0.0,0
2009-03-12,double7s__ma200__sp10,double7s_signal_D_maPeriod_200_shortPeriod_10,ES,0.0,0.0,0
2009-03-13,double7s__ma200__sp10,double7s_signal_D_maPeriod_200_shortPeriod_10,ES,0.0,0.0,0
2009-03-16,double7s__ma200__sp10,double7s_signal_D_maPeriod_200_shortPeriod_10,ES,0.0,0.0,0
2009-03-17,double7s__ma200__sp10,double7s_signal_D_maPeriod_200_shortPeriod_10,ES,0.0,0.0,0
2009-03-18,double7s__ma200__sp10,double7s_signal_D_maPeriod_200_shortPeriod_10,ES,0.0,0.0,0
2009-03-19,double7s__ma200__sp10,double7s_signal_D_maPeriod_200_shortPeriod_10,ES,0.0,0.0,0
2009-03-20,double7s__ma200__sp10,double7s_signal_D_maPeriod_200_shortPeriod_10,ES,0.0,0.0,0
2009-03-23,double7s__ma200__sp10,double7s_signal_D_maPeriod_200_shortPeriod_10,ES,0.0,0.0,0
2009-03-24,double7s__ma200__sp10,double7s_signal_D_maPeriod_200_shortPeriod_10,ES,0.0,0.0,0
2009-03-25,double7s__ma200__sp10,double7s_signal_D_maPeriod_200_shortPeriod_10,ES,0.0,0.0,0
2009-03-26,double7s__ma200__sp10,double7s_signal_D_maPeriod_200_shortPeriod_10,ES,0.0,0.0,0
2009-03-27,double7s__ma200__sp10,double7s_signal_D_maPeriod_200_shortPeriod_10,ES,0.0,0.0,0
2009-03-30,double7s__ma200__sp10,double7s_signal_D_maPeriod_200_shortPeriod_10,ES,0.0,0.0,0
2009-03-31,double7s__ma200__sp10,double7s_signal_D_maPeriod_200_shortPeriod_10,ES,0.0,0.0,0
2009-04-01,double7s__ma200__sp10,double7s_signal_D_maPeriod_200_shortPeriod_10,ES,0.0,0.0,0
2009-04-02,double7s__ma200__sp10,double7s_signal_D_maPeriod_200_shortPeriod_10,ES,0.0,0.0,0
2009-04-03,double7s__ma200__sp10,double7s_signal_D_maPeriod_200_shortPeriod_10,ES,0.0,0.0,0
2009-04-06,double7s__ma200__sp10,double7s_signal_D_maPeriod_200_shortPeriod_10,ES,0.0,0.0,0
2009-04-07,double7s__ma200__sp10,double7s_signal_D_maPeriod_200_shortPeriod_10,ES,0.0,0.0,0
2009-04-08,double7s__ma200__sp10,double7s_signal_D_maPeriod_200_shortPeriod_10,ES,0.0,0.0,0
2009-04-09,double7s__ma200__sp10,double7s_signal_D_maPeriod_200_shortPeriod_10,ES,0.0,0.0,0
2009-04-13,double7s__ma200__sp10,double7s_signal_D_maPeriod_200_shortPeriod_10,ES,0.0,0.0,0
2009-04-14,double7s__ma200__sp10,double7s_signal_D_maPeriod_200_shortPeriod_10,ES,0.0,0.0,0
2009-04-15,double7s__ma200__sp10,double7s_signal_D_maPeriod_200_shortPeriod_10,ES,0.0,0.0,0
2009-04-16,double7s__ma200__sp10,double7s_signal_D_maPeriod_200_shortPeriod_10,ES,0.0,0.0,0
2009-04-17,double7s__ma200__sp10,double7s_signal_D_maPeriod_200_shortPeriod_10,ES,0.0,0.0,0
2009-04-20,double7s__ma200__sp10,double7s_signal_D_maPeriod_200_shortPeriod_10,ES,0.0,0.0,0
2009-04-21,double7s__ma200__sp10,double7s_signal_D_maPeriod_200_shortPeriod_10,ES,0.0,0.0,0
2009-04-22,double7s__ma200__sp10,double7s_signal_D_maPeriod_200_shortPeriod_10,ES,0.0,0.0,0
2009-04-23,double7s__ma200__sp10,double7s_signal_D_maPeriod_200_shortPeriod_10,ES,0.0,0.0,0
2009-04-24,double7s__ma200__sp10,double7s_signal_D_maPeriod_200_shortPeriod_10,ES,0.0,0.0,0
2009-04-27,double7s__ma200__sp10,double7s_signal_D_maPeriod_200_shortPeriod_10,ES,0.0,0.0,0
2009-04-28,double7s__ma200__sp10,double7s_signal_D_maPeriod_200_shortPeriod_10,ES,0.0,0.0,0
2009-04-29,double7s__ma200__sp10,double7s_signal_D_maPeriod_200_shortPeriod_10,ES,0.0,0.0,0
2009-04-30,double7s__ma200__sp10,double7s_signal_D_maPeriod_200_shortPeriod_10,ES,0.0,0.0,0
2009-05-01,double7s__ma200__sp10,double7s_signal_D_maPeriod_200_shortPeriod_10,ES,0.0,0.0,0
2009-05-04,double7s__ma200__sp10,double7s_signal_D_maPeriod_200_shortPeriod_10,ES,0.0,0.0,0
2009-05-05,double7s__ma200__sp10,double7s_signal_D_maPeriod_200_shortPeriod_10,ES,0.0,0.0,0
2009-05-06,double7s__ma200__sp10,double7s_signal_D_maPeriod_200_shortPeriod_10,ES,0.0,0.0,0
2009-05-07,double7s__ma200__sp10,double7s_signal_D_maPeriod_200_shortPeriod_10,ES,0.0,0.0,0
2009-05-08,double7s__ma200__sp10,double7s_signal_D_maPeriod_200_shortPeriod_10,ES,0.0,0.0,0
2009-05-11,double7s__ma200__sp10,double7s_signal_D_maPeriod_200_shortPeriod_10,ES,0.0,0.0,0
2009-05-12,double7s__ma200__sp10,double7s_signal_D_maPeriod_200_shortPeriod_10,ES,0.0,0.0,0
2009-05-13,double7s__ma200__sp10,double7s_signal_D_maPeriod_200_shortPeriod_10,ES,0.0,0.0,0
2009-05-14,double7s__ma200__sp10,double7s_signal_D_maPeriod_200_shortPeriod_10,ES,0.0,0.0,0
2009-05-15,double7s__ma200__sp10,double7s_signal_D_maPeriod_200_shortPeriod_10,ES,0.0,0.0,0
2009-05-18,double7s__ma200__sp10,double7s_signal_D_maPeriod_200_shortPeriod_10,ES,0.0,0.0,0
2009-05-19,double7s__ma200__sp10,double7s_signal_D_maPeriod_200_shortPeriod_10,ES,0.0,0.0,0
2009-05-20,double7s__ma200__sp10,double7s_signal_D_maPeriod_200_shortPeriod_10,ES,0.0,0.0,0
2009-05-21,double7s__ma200__sp10,double7s_signal_D_maPeriod_200_shortPeriod_10,ES,0.0,0.0,0
2009-05-22,double7s__ma200__sp10,double7s_signal_D_maPeriod_200_shortPeriod_10,ES,0.0,0.0,0
2009-05-26,double7s__ma200__sp10,double7s_signal_D_maPeriod_200_shortPeriod_10,ES,0.0,0.0,0
2009-05-27,double7s__ma200__sp10,double7s_signal_D_maPeriod_200_shortPeriod_10,ES,0.0,0.0,0
2009-05-28,double7s__ma200__sp10,double7s_signal_D_maPeriod_200_shortPeriod_10,ES,0.0,0.0,0
2009-05-29,double7s__ma200__sp10,double7s_signal_D_maPeriod_200_shortPeriod_10,ES,0.0,0.0,0
2009-06-01,double7s__ma200__sp10,double7s_signal_D_maPeriod_200_shortPeriod_10,ES,0.0,0.0,0
2009-06-02,double7s__ma200__sp10,double7s_signal_D_maPeriod_200_shortPeriod_10,ES,0.0,0.0,0
2009-06-03,double7s__ma200__sp10,double7s_signal_D_maPeriod_200_shortPeriod_10,ES,0.0,0.0,0
2009-06-04,double7s__ma200__sp10,double7s_signal_D_maPeriod_200_shortPeriod_10,ES,0.0,0.0,0
2009-06-05,double7s__ma200__sp10,double7s_signal_D_maPeriod_200_shortPeriod_10,ES,0.0,0.0,0
2009-06-08,double7s__ma200__sp10,double7s_signal_D_maPeriod_200_shortPeriod_10,ES,0.0,0.0,0
2009-06-09,double7s__ma200__sp10,double7s_signal_D_maPeriod_200_shortPeriod_10,ES,0.0,0.0,0
2009-06-10,double7s__ma200__sp10,double7s_signal_D_maPeriod_200_shortPeriod_10,ES,0.0,0.0,0
2009-06-11,double7s__ma200__sp10,double7s_signal_D_maPeriod_200_shortPeriod_10,ES,0.0,0.0,0
2009-06-12,double7s__ma200__sp10,double7s_signal_D_maPeriod_200_shortPeriod_10,ES,0.0,0.0,0
2009-06-15,double7s__ma200__sp10,double7s_signal_D_maPeriod_200_shortPeriod_10,ES,0.0,0.0,0
2009-06-16,double7s__ma200__sp10,double7s_signal_D_maPeriod_200_shortPeriod_10,ES,-0.003374776851358573,-0.003374776851358573,0
2009-06-17,double7s__ma200__sp10,double7s_signal_D_maPeriod_200_shortPeriod_10,ES,-0.0011556892606269782,-0.004530466111985551,0
2009-06-18,double7s__ma200__sp10,double7s_signal_D_maPeriod_200_shortPeriod_10,ES,0.006119926662402301,0.0015894605504167495,0
2009-06-19,double7s__ma200__sp10,double7s_signal_D_maPeriod_200_shortPeriod_10,ES,0.0019404673990048703,0.00352992794942162,0
2009-06-22,double7s__ma200__sp10,double7s_signal_D_maPeriod_200_shortPeriod_10,ES,-0.020646982267917356,-0.017117054318495736,0
2009-06-23,double7s__ma200__sp10,double7s_signal_D_maPeriod_200_shortPeriod_10,ES,0.0003531914764848781,-0.016763862842010858,0
2009-06-24,double7s__ma200__sp10,double7s_signal_D_maPeriod_200_shortPeriod_10,ES,0.0045733806107536735,-0.012190482231257184,0
2009-06-25,double7s__ma200__sp10,double7s_signal_D_maPeriod_200_shortPeriod_10,ES,0.010332438224501231,-0.001858044006755953,0
2009-06-26,double7s__ma200__sp10,double7s_signal_D_maPeriod_200_shortPeriod_10,ES,-0.0009423090766442862,-0.002800353083400239,0
2009-06-29,double7s__ma200__sp10,double7s_signal_D_maPeriod_200_shortPeriod_10,ES,0.005738580111259519,0.00293822702785928,0
2009-06-30,double7s__ma200__sp10,double7s_signal_D_maPeriod_200_shortPeriod_10,ES,0.0,0.00293822702785928,0
2009-07-01,double7s__ma200__sp10,double7s_signal_D_maPeriod_200_shortPeriod_10,ES,0.0,0.00293822702785928,0
2009-07-02,double7s__ma200__sp10,double7s_signal_D_maPeriod_200_shortPeriod_10,ES,0.0,0.00293822702785928,0
2009-07-06,double7s__ma200__sp10,double7s_signal_D_maPeriod_200_shortPeriod_10,ES,0.0,0.00293822702785928,0
2009-07-07,double7s__ma200__sp10,double7s_signal_D_maPeriod_200_shortPeriod_10,ES,0.0,0.00293822702785928,0
2009-07-08,double7s__ma200__sp10,double7s_signal_D_maPeriod_200_shortPeriod_10,ES,-0.002027272387880307,0.0009109546399789729,0
2009-07-09,double7s__ma200__sp10,double7s_signal_D_maPeriod_200_shortPeriod_10,ES,0.0030956753700973815,0.004006630010076354,0
2009-07-10,double7s__ma200__sp10,double7s_signal_D_maPeriod_200_shortPeriod_10,ES,-0.003106538318191012,0.0009000916918853424,0
2009-07-13,double7s__ma200__sp10,double7s_signal_D_maPeriod_200_shortPeriod_10,ES,0.015003070789028159,0.015903162480913502,0
2009-07-14,double7s__ma200__sp10,double7s_signal_D_maPeriod_200_shortPeriod_10,ES,0.0016978825068550804,0.017601044987768582,0
2009-07-15,double7s__ma200__sp10,double7s_signal_D_maPeriod_200_shortPeriod_10,ES,0.011346458262205069,0.028947503249973652,0
2009-07-16,double7s__ma200__sp10,double7s_signal_D_maPeriod_200_shortPeriod_10,ES,0.0,0.028947503249973652,0
2009-07-17,double7s__ma200__sp10,double7s_signal_D_maPeriod_200_shortPeriod_10,ES,0.0,0.028947503249973652,0
2009-07-20,double7s__ma200__sp10,double7s_signal_D_maPeriod_200_shortPeriod_10,ES,0.0,0.028947503249973652,0
2009-07-21,double7s__ma200__sp10,double7s_signal_D_maPeriod_200_shortPeriod_10,ES,0.0,0.028947503249973652,0
2009-07-22,double7s__ma200__sp10,double7s_signal_D_maPeriod_200_shortPeriod_10,ES,0.0,0.028947503249973652,0
2009-07-23,double7s__ma200__sp10,double7s_signal_D_maPeriod_200_shortPeriod_10,ES,0.0,0.028947503249973652,0
2009-07-24,double7s__ma200__sp10,double7s_signal_D_maPeriod_200_shortPeriod_10,ES,0.0,0.028947503249973652,0
2009-07-27,double7s__ma200__sp10,double7s_signal_D_maPeriod_200_shortPeriod_10,ES,0.0,0.028947503249973652,0
2009-07-28,double7s__ma200__sp10,double7s_signal_D_maPeriod_200_shortPeriod_10,ES,0.0,0.028947503249973652,0
2009-07-29,double7s__ma200__sp10,double7s_signal_D_maPeriod_200_shortPeriod_10,ES,0.0,0.028947503249973652,0
2009-07-30,double7s__ma200__sp10,double7s_signal_D_maPeriod_200_shortPeriod_10,ES,0.0,0.028947503249973652,0
2009-07-31,double7s__ma200__sp10,double7s_signal_D_maPeriod_200_shortPeriod_10,ES,0.0,0.028947503249973652,0
2009-08-03,double7s__ma200__sp10,double7s_signal_D_maPeriod_200_shortPeriod_10,ES,0.0,0.028947503249973652,0
2009-08-04,double7s__ma200__sp10,double7s_signal_D_maPeriod_200_shortPeriod_10,ES,0.0,0.028947503249973652,0
2009-08-05,double7s__ma200__sp10,double7s_signal_D_maPeriod_200_shortPeriod_10,ES,0.0,0.028947503249973652,0
2009-08-06,double7s__ma200__sp10,double7s_signal_D_maPeriod_200_shortPeriod_10,ES,0.0,0.028947503249973652,0
2009-08-07,double7s__ma200__sp10,double7s_signal_D_maPeriod_200_shortPeriod_10,ES,0.0,0.028947503249973652,0
2009-08-10,double7s__ma200__sp10,double7s_signal_D_maPeriod_200_shortPeriod_10,ES,0.0,0.028947503249973652,0
2009-08-11,double7s__ma200__sp10,double7s_signal_D_maPeriod_200_shortPeriod_10,ES,0.0,0.028947503249973652,0
2009-08-12,double7s__ma200__sp10,double7s_signal_D_maPeriod_200_shortPeriod_10,ES,0.0,0.028947503249973652,0
2009-08-13,double7s__ma200__sp10,double7s_signal_D_maPeriod_200_shortPeriod_10,ES,0.0,0.028947503249973652,0
2009-08-14,double7s__ma200__sp10,double7s_signal_D_maPeriod_200_shortPeriod_10,ES,0.0,0.028947503249973652,0
2009-08-17,double7s__ma200__sp10,double7s_signal_D_maPeriod_200_shortPeriod_10,ES,0.0,0.028947503249973652,0
2009-08-18,double7s__ma200__sp10,double7s_signal_D_maPeriod_200_shortPeriod_10,ES,0.002587453667645325,0.03153495691761898,0
2009-08-19,double7s__ma200__sp10,double7s_signal_D_maPeriod_200_shortPeriod_10,ES,0.002990377251718505,0.03452533416933748,0
2009-08-20,double7s__ma200__sp10,double7s_signal_D_maPeriod_200_shortPeriod_10,ES,0.004289702725550368,0.03881503689488785,0
2009-08-21,double7s__ma200__sp10,double7s_signal_D_maPeriod_200_shortPeriod_10,ES,0.011183406576100468,0.049998443470988314,0
2009-08-24,double7s__ma200__sp10,double7s_signal_D_maPeriod_200_shortPeriod_10,ES,0.0,0.049998443470988314,0
2009-08-25,double7s__ma200__sp10,double7s_signal_D_maPeriod_200_shortPeriod_10,ES,0.0,0.049998443470988314,0
2009-08-26,double7s__ma200__sp10,double7s_signal_D_maPeriod_200_shortPeriod_10,ES,0.0,0.049998443470988314,0
2009-08-27,double7s__ma200__sp10,double7s_signal_D_maPeriod_200_shortPeriod_10,ES,0.0,0.049998443470988314,0
2009-08-28,double7s__ma200__sp10,double7s_signal_D_maPeriod_200_shortPeriod_10,ES,0.0,0.049998443470988314,0
2009-08-31,double7s__ma200__sp10,double7s_signal_D_maPeriod_200_shortPeriod_10,ES,0.0,0.049998443470988314,0
2009-09-01,double7s__ma200__sp10,double7s_signal_D_maPeriod_200_shortPeriod_10,ES,0.0,0.049998443470988314,0
2009-09-02,double7s__ma200__sp10,double7s_signal_D_maPeriod_200_shortPeriod_10,ES,0.0,0.049998443470988314,0
2009-09-03,double7s__ma200__sp10,double7s_signal_D_maPeriod_200_shortPeriod_10,ES,0.004867594528760924,0.05486603799974924,0
2009-09-04,double7s__ma200__sp10,double7s_signal_D_maPeriod_200_shortPeriod_10,ES,0.006941798651174264,0.06180783665092351,0
2009-09-08,double7s__ma200__sp10,double7s_signal_D_maPeriod_200_shortPeriod_10,ES,0.004736307663057639,0.06654414431398115,0
2009-09-09,double7s__ma200__sp10,double7s_signal_D_maPeriod_200_shortPeriod_10,ES,0.003473347557724726,0.07001749187170588,0
2009-09-10,double7s__ma200__sp10,double7s_signal_D_maPeriod_200_shortPeriod_10,ES,0.0,0.07001749187170588,0
2009-09-11,double7s__ma200__sp10,double7s_signal_D_maPeriod_200_shortPeriod_10,ES,0.0,0.07001749187170588,0
2009-09-14,double7s__ma200__sp10,double7s_signal_D_maPeriod_200_shortPeriod_10,ES,0.0,0.07001749187170588,0
2009-09-15,double7s__ma200__sp10,double7s_signal_D_maPeriod_200_shortPeriod_10,ES,0.0,0.07001749187170588,0
2009-09-16,double7s__ma200__sp10,double7s_signal_D_maPeriod_200_shortPeriod_10,ES,0.0,0.07001749187170588,0
2009-09-17,double7s__ma200__sp10,double7s_signal_D_maPeriod_200_shortPeriod_10,ES,0.0,0.07001749187170588,0
2009-09-18,double7s__ma200__sp10,double7s_signal_D_maPeriod_200_shortPeriod_10,ES,0.0,0.07001749187170588,0
2009-09-21,double7s__ma200__sp10,double7s_signal_D_maPeriod_200_shortPeriod_10,ES,0.0,0.07001749187170588,0
2009-09-22,double7s__ma200__sp10,double7s_signal_D_maPeriod_200_shortPeriod_10,ES,0.0,0.07001749187170588,0
2009-09-23,double7s__ma200__sp10,double7s_signal_D_maPeriod_200_shortPeriod_10,ES,0.0,0.07001749187170588,0
2009-09-24,double7s__ma200__sp10,double7s_signal_D_maPeriod_200_shortPeriod_10,ES,0.0,0.07001749187170588,0
2009-09-25,double7s__ma200__sp10,double7s_signal_D_maPeriod_200_shortPeriod_10,ES,0.0,0.07001749187170588,0
2009-09-28,double7s__ma200__sp10,double7s_signal_D_maPeriod_200_shortPeriod_10,ES,0.0,0.07001749187170588,0
2009-09-29,double7s__ma200__sp10,double7s_signal_D_maPeriod_200_shortPeriod_10,ES,0.0,0.07001749187170588,0
2009-09-30,double7s__ma200__sp10,double7s_signal_D_maPeriod_200_shortPeriod_10,ES,0.0,0.07001749187170588,0
2009-10-01,double7s__ma200__sp10,double7s_signal_D_maPeriod_200_shortPeriod_10,ES,0.0,0.07001749187170588,0
2009-10-02,double7s__ma200__sp10,double7s_signal_D_maPeriod_200_shortPeriod_10,ES,-0.0012847887792667633,0.06873270309243912,0
2009-10-05,double7s__ma200__sp10,double7s_signal_D_maPeriod_200_shortPeriod_10,ES,0.007700348232129893,0.07643305132456901,0
2009-10-06,double7s__ma200__sp10,double7s_signal_D_maPeriod_200_shortPeriod_10,ES,0.004241090437419987,0.080674141761989,0
2009-10-07,double7s__ma200__sp10,double7s_signal_D_maPeriod_200_shortPeriod_10,ES,0.002131431006839027,0.08280557276882804,0
2009-10-08,double7s__ma200__sp10,double7s_signal_D_maPeriod_200_shortPeriod_10,ES,0.006418688565783839,0.08922426133461188,0
2009-10-09,double7s__ma200__sp10,double7s_signal_D_maPeriod_200_shortPeriod_10,ES,0.0,0.08922426133461188,0
2009-10-12,double7s__ma200__sp10,double7s_signal_D_maPeriod_200_shortPeriod_10,ES,0.0,0.08922426133461188,0
2009-10-13,double7s__ma200__sp10,double7s_signal_D_maPeriod_200_shortPeriod_10,ES,0.0,0.08922426133461188,0
2009-10-14,double7s__ma200__sp10,double7s_signal_D_maPeriod_200_shortPeriod_10,ES,0.0,0.08922426133461188,0
2009-10-15,double7s__ma200__sp10,double7s_signal_D_maPeriod_200_shortPeriod_10,ES,0.0,0.08922426133461188,0
2009-10-16,double7s__ma200__sp10,double7s_signal_D_maPeriod_200_shortPeriod_10,ES,0.0,0.08922426133461188,0
2009-10-19,double7s__ma200__sp10,double7s_signal_D_maPeriod_200_shortPeriod_10,ES,0.0,0.08922426133461188,0
2009-10-20,double7s__ma200__sp10,double7s_signal_D_maPeriod_200_shortPeriod_10,ES,0.0,0.08922426133461188,0
2009-10-21,double7s__ma200__sp10,double7s_signal_D_maPeriod_200_shortPeriod_10,ES,0.0,0.08922426133461188,0
2009-10-22,double7s__ma200__sp10,double7s_signal_D_maPeriod_200_shortPeriod_10,ES,0.0,0.08922426133461188,0
2009-10-23,double7s__ma200__sp10,double7s_signal_D_maPeriod_200_shortPeriod_10,ES,0.0,0.08922426133461188,0
2009-10-26,double7s__ma200__sp10,double7s_signal_D_maPeriod_200_shortPeriod_10,ES,0.0,0.08922426133461188,0
2009-10-27,double7s__ma200__sp10,double7s_signal_D_maPeriod_200_shortPeriod_10,ES,-0.0025463924382383794,0.0866778688963735,0
2009-10-28,double7s__ma200__sp10,double7s_signal_D_maPeriod_200_shortPeriod_10,ES,-0.013464138896622572,0.07321372999975093,0
2009-10-29,double7s__ma200__sp10,double7s_signal_D_maPeriod_200_shortPeriod_10,ES,0.006169270557330614,0.07938300055708154,0
2009-10-30,double7s__ma200__sp10,double7s_signal_D_maPeriod_200_shortPeriod_10,ES,-0.00727449220068269,0.07210850835639886,0
2009-11-02,double7s__ma200__sp10,double7s_signal_D_maPeriod_200_shortPeriod_10,ES,0.0016992399232158798,0.07380774827961474,0
2009-11-03,double7s__ma200__sp10,double7s_signal_D_maPeriod_200_shortPeriod_10,ES,0.0012319436330831936,0.07503969191269794,0
2009-11-04,double7s__ma200__sp10,double7s_signal_D_maPeriod_200_shortPeriod_10,ES,0.003773203635967469,0.07881289554866541,0
2009-11-05,double7s__ma200__sp10,double7s_signal_D_maPeriod_200_shortPeriod_10,ES,0.010840728783495252,0.08965362433216066,0
2009-11-06,double7s__ma200__sp10,double7s_signal_D_maPeriod_200_shortPeriod_10,ES,0.0010135571254214848,0.09066718145758215,0
2009-11-09,double7s__ma200__sp10,double7s_signal_D_maPeriod_200_shortPeriod_10,ES,0.017360650281355035,0.10802783173893718,0
2009-11-10,double7s__ma200__sp10,double7s_signal_D_maPeriod_200_shortPeriod_10,ES,0.0,0.10802783173893718,0
2009-11-11,double7s__ma200__sp10,double7s_signal_D_maPeriod_200_shortPeriod_10,ES,0.0,0.10802783173893718,0
2009-11-12,double7s__ma200__sp10,double7s_signal_D_maPeriod_200_shortPeriod_10,ES,0.0,0.10802783173893718,0
2009-11-13,double7s__ma200__sp10,double7s_signal_D_maPeriod_200_shortPeriod_10,ES,0.0,0.10802783173893718,0
2009-11-16,double7s__ma200__sp10,double7s_signal_D_maPeriod_200_shortPeriod_10,ES,0.0,0.10802783173893718,0
2009-11-17,double7s__ma200__sp10,double7s_signal_D_maPeriod_200_shortPeriod_10,ES,0.0,0.10802783173893718,0
2009-11-18,double7s__ma200__sp10,double7s_signal_D_maPeriod_200_shortPeriod_10,ES,0.0,0.10802783173893718,0
2009-11-19,double7s__ma200__sp10,double7s_signal_D_maPeriod_200_shortPeriod_10,ES,0.0,0.10802783173893718,0
2009-11-20,double7s__ma200__sp10,double7s_signal_D_maPeriod_200_shortPeriod_10,ES,0.0,0.10802783173893718,0
2009-11-23,double7s__ma200__sp10,double7s_signal_D_maPeriod_200_shortPeriod_10,ES,0.0,0.10802783173893718,0
2009-11-24,double7s__ma200__sp10,double7s_signal_D_maPeriod_200_shortPeriod_10,ES,0.0,0.10802783173893718,0
2009-11-25,double7s__ma200__sp10,double7s_signal_D_maPeriod_200_shortPeriod_10,ES,0.0,0.10802783173893718,0
2009-11-27,double7s__ma200__sp10,double7s_signal_D_maPeriod_200_shortPeriod_10,ES,0.0,0.10802783173893718,0
2009-11-30,double7s__ma200__sp10,double7s_signal_D_maPeriod_200_shortPeriod_10,ES,0.0,0.10802783173893718,0
2009-12-01,double7s__ma200__sp10,double7s_signal_D_maPeriod_200_shortPeriod_10,ES,0.0,0.10802783173893718,0
2009-12-02,double7s__ma200__sp10,double7s_signal_D_maPeriod_200_shortPeriod_10,ES,0.0,0.10802783173893718,0
2009-12-03,double7s__ma200__sp10,double7s_signal_D_maPeriod_200_shortPeriod_10,ES,0.0,0.10802783173893718,0
2009-12-04,double7s__ma200__sp10,double7s_signal_D_maPeriod_200_shortPeriod_10,ES,0.0,0.10802783173893718,0
2009-12-07,double7s__ma200__sp10,double7s_signal_D_maPeriod_200_shortPeriod_10,ES,0.0,0.10802783173893718,0
2009-12-08,double7s__ma200__sp10,double7s_signal_D_maPeriod_200_shortPeriod_10,ES,0.0,0.10802783173893718,0
2009-12-09,double7s__ma200__sp10,double7s_signal_D_maPeriod_200_shortPeriod_10,ES,0.0,0.10802783173893718,0
2009-12-10,double7s__ma200__sp10,double7s_signal_D_maPeriod_200_shortPeriod_10,ES,0.0,0.10802783173893718,0
2009-12-11,double7s__ma200__sp10,double7s_signal_D_maPeriod_200_shortPeriod_10,ES,0.0,0.10802783173893718,0
2009-12-14,double7s__ma200__sp10,double7s_signal_D_maPeriod_200_shortPeriod_10,ES,0.0,0.10802783173893718,0
2009-12-15,double7s__ma200__sp10,double7s_signal_D_maPeriod_200_shortPeriod_10,ES,0.0,0.10802783173893718,0
2009-12-16,double7s__ma200__sp10,double7s_signal_D_maPeriod_200_shortPeriod_10,ES,0.0,0.10802783173893718,0
2009-12-17,double7s__ma200__sp10,double7s_signal_D_maPeriod_200_shortPeriod_10,ES,0.0,0.10802783173893718,0
2009-12-18,double7s__ma200__sp10,double7s_signal_D_maPeriod_200_shortPeriod_10,ES,0.0,0.10802783173893718,0
2009-12-21,double7s__ma200__sp10,double7s_signal_D_maPeriod_200_shortPeriod_10,ES,0.0,0.10802783173893718,0
2009-12-22,double7s__ma200__sp10,double7s_signal_D_maPeriod_200_shortPeriod_10,ES,0.0,0.10802783173893718,0
2009-12-23,double7s__ma200__sp10,double7s_signal_D_maPeriod_200_shortPeriod_10,ES,0.0,0.10802783173893718,0
2009-12-24,double7s__ma200__sp10,double7s_signal_D_maPeriod_200_shortPeriod_10,ES,0.0,0.10802783173893718,0
2009-12-28,double7s__ma200__sp10,double7s_signal_D_maPeriod_200_shortPeriod_10,ES,0.0,0.10802783173893718,0
2009-12-29,double7s__ma200__sp10,double7s_signal_D_maPeriod_200_shortPeriod_10,ES,0.0,0.10802783173893718,0
2009-12-30,double7s__ma200__sp10,double7s_signal_D_maPeriod_200_shortPeriod_10,ES,0.0,0.10802783173893718,0
2009-12-31,double7s__ma200__sp10,double7s_signal_D_maPeriod_200_shortPeriod_10,ES,0.0,0.10802783173893718,0
2010-01-04,double7s__ma200__sp10,double7s_signal_D_maPeriod_200_shortPeriod_10,ES,0.0,0.10802783173893718,0
2010-01-05,double7s__ma200__sp10,double7s_signal_D_maPeriod_200_shortPeriod_10,ES,0.0,0.10802783173893718,0
2010-01-06,double7s__ma200__sp10,double7s_signal_D_maPeriod_200_shortPeriod_10,ES,0.0,0.10802783173893718,0
2010-01-07,double7s__ma200__sp10,double7s_signal_D_maPeriod_200_shortPeriod_10,ES,0.0,0.10802783173893718,0
2010-01-08,double7s__ma200__sp10,double7s_signal_D_maPeriod_200_shortPeriod_10,ES,0.0,0.10802783173893718,0
2010-01-11,double7s__ma200__sp10,double7s_signal_D_maPeriod_200_shortPeriod_10,ES,0.0,0.10802783173893718,0
2010-01-12,double7s__ma200__sp10,double7s_signal_D_maPeriod_200_shortPeriod_10,ES,0.0,0.10802783173893718,0
2010-01-13,double7s__ma200__sp10,double7s_signal_D_maPeriod_200_shortPeriod_10,ES,0.0,0.10802783173893718,0
2010-01-14,double7s__ma200__sp10,double7s_signal_D_maPeriod_200_shortPeriod_10,ES,0.0,0.10802783173893718,0
2010-01-15,double7s__ma200__sp10,double7s_signal_D_maPeriod_200_shortPeriod_10,ES,0.0,0.10802783173893718,0
2010-01-19,double7s__ma200__sp10,double7s_signal_D_maPeriod_200_shortPeriod_10,ES,0.0,0.10802783173893718,0
2010-01-20,double7s__ma200__sp10,double7s_signal_D_maPeriod_200_shortPeriod_10,ES,0.0,0.10802783173893718,0
2010-01-21,double7s__ma200__sp10,double7s_signal_D_maPeriod_200_shortPeriod_10,ES,0.0,0.10802783173893718,0
2010-01-22,double7s__ma200__sp10,double7s_signal_D_maPeriod_200_shortPeriod_10,ES,-0.004912337067307081,0.1031154946716301,0
2010-01-25,double7s__ma200__sp10,double7s_signal_D_maPeriod_200_shortPeriod_10,ES,-0.00042519085934664965,0.10269030381228345,0
2010-01-26,double7s__ma200__sp10,double7s_signal_D_maPeriod_200_shortPeriod_10,ES,-0.0044082005308733446,0.0982821032814101,0
2010-01-27,double7s__ma200__sp10,double7s_signal_D_maPeriod_200_shortPeriod_10,ES,0.004527077702661061,0.10280918098407116,0
2010-01-28,double7s__ma200__sp10,double7s_signal_D_maPeriod_200_shortPeriod_10,ES,-0.008492462333988544,0.09431671865008262,0
2010-01-29,double7s__ma200__sp10,double7s_signal_D_maPeriod_200_shortPeriod_10,ES,-0.0037308704192561266,0.0905858482308265,0
2010-02-01,double7s__ma200__sp10,double7s_signal_D_maPeriod_200_shortPeriod_10,ES,0.007831970381428605,0.0984178186122551,0
2010-02-02,double7s__ma200__sp10,double7s_signal_D_maPeriod_200_shortPeriod_10,ES,0.00384744771396417,0.10226526632621927,0
2010-02-03,double7s__ma200__sp10,double7s_signal_D_maPeriod_200_shortPeriod_10,ES,-0.00021143598499021209,0.10205383034122906,0
2010-02-04,double7s__ma200__sp10,double7s_signal_D_maPeriod_200_shortPeriod_10,ES,-0.02418290145266059,0.07787092888856847,0
2010-02-05,double7s__ma200__sp10,double7s_signal_D_maPeriod_200_shortPeriod_10,ES,-0.000378647171060756,0.07749228171750772,0
2010-02-08,double7s__ma200__sp10,double7s_signal_D_maPeriod_200_shortPeriod_10,ES,-0.003076598000580828,0.07441568371692689,0
2010-02-09,double7s__ma200__sp10,double7s_signal_D_maPeriod_200_shortPeriod_10,ES,0.007621774117653214,0.08203745783458011,0
2010-02-10,double7s__ma200__sp10,double7s_signal_D_maPeriod_200_shortPeriod_10,ES,-0.0014997505761981487,0.08053770725838195,0
2010-02-11,double7s__ma200__sp10,double7s_signal_D_maPeriod_200_shortPeriod_10,ES,0.009163906274123163,0.08970161353250512,0
2010-02-12,double7s__ma200__sp10,double7s_signal_D_maPeriod_200_shortPeriod_10,ES,0.001071868899852131,0.09077348243235725,0
2010-02-16,double7s__ma200__sp10,double7s_signal_D_maPeriod_200_shortPeriod_10,ES,0.010995639555845373,0.10176912198820262,0
2010-02-17,double7s__ma200__sp10,double7s_signal_D_maPeriod_200_shortPeriod_10,ES,0.0023073409875133876,0.104076462975716,0
2010-02-18,double7s__ma200__sp10,double7s_signal_D_maPeriod_200_shortPeriod_10,ES,0.0,0.104076462975716,0
2010-02-19,double7s__ma200__sp10,double7s_signal_D_maPeriod_200_shortPeriod_10,ES,0.0,0.104076462975716,0
2010-02-22,double7s__ma200__sp10,double7s_signal_D_maPeriod_200_shortPeriod_10,ES,0.0,0.104076462975716,0
2010-02-23,double7s__ma200__sp10,double7s_signal_D_maPeriod_200_shortPeriod_10,ES,0.0,0.104076462975716,0
2010-02-24,double7s__ma200__sp10,double7s_signal_D_maPeriod_200_shortPeriod_10,ES,0.0,0.104076462975716,0
2010-02-25,double7s__ma200__sp10,double7s_signal_D_maPeriod_200_shortPeriod_10,ES,0.0,0.104076462975716,0
2010-02-26,double7s__ma200__sp10,double7s_signal_D_maPeriod_200_shortPeriod_10,ES,0.0,0.104076462975716,0
2010-03-01,double7s__ma200__sp10,double7s_signal_D_maPeriod_200_shortPeriod_10,ES,0.0,0.104076462975716,0
2010-03-02,double7s__ma200__sp10,double7s_signal_D_maPeriod_200_shortPeriod_10,ES,0.0,0.104076462975716,0
2010-03-03,double7s__ma200__sp10,double7s_signal_D_maPeriod_200_shortPeriod_10,ES,0.0,0.104076462975716,0
2010-03-04,double7s__ma200__sp10,double7s_signal_D_maPeriod_200_shortPeriod_10,ES,0.0,0.104076462975716,0
2010-03-05,double7s__ma200__sp10,double7s_signal_D_maPeriod_200_shortPeriod_10,ES,0.0,0.104076462975716,0
2010-03-08,double7s__ma200__sp10,double7s_signal_D_maPeriod_200_shortPeriod_10,ES,0.0,0.104076462975716,0
2010-03-09,double7s__ma200__sp10,double7s_signal_D_maPeriod_200_shortPeriod_10,ES,0.0,0.104076462975716,0
2010-03-10,double7s__ma200__sp10,double7s_signal_D_maPeriod_200_shortPeriod_10,ES,0.0,0.104076462975716,0
2010-03-11,double7s__ma200__sp10,double7s_signal_D_maPeriod_200_shortPeriod_10,ES,0.0,0.104076462975716,0
2010-03-12,double7s__ma200__sp10,double7s_signal_D_maPeriod_200_shortPeriod_10,ES,0.0,0.104076462975716,0
2010-03-15,double7s__ma200__sp10,double7s_signal_D_maPeriod_200_shortPeriod_10,ES,0.0,0.104076462975716,0
2010-03-16,double7s__ma200__sp10,double7s_signal_D_maPeriod_200_shortPeriod_10,ES,0.0,0.104076462975716,0
2010-03-17,double7s__ma200__sp10,double7s_signal_D_maPeriod_200_shortPeriod_10,ES,0.0,0.104076462975716,0
2010-03-18,double7s__ma200__sp10,double7s_signal_D_maPeriod_200_shortPeriod_10,ES,0.0,0.104076462975716,0
2010-03-19,double7s__ma200__sp10,double7s_signal_D_maPeriod_200_shortPeriod_10,ES,0.0,0.104076462975716,0
2010-03-22,double7s__ma200__sp10,double7s_signal_D_maPeriod_200_shortPeriod_10,ES,0.0,0.104076462975716,0
2010-03-23,double7s__ma200__sp10,double7s_signal_D_maPeriod_200_shortPeriod_10,ES,0.0,0.104076462975716,0
2010-03-24,double7s__ma200__sp10,double7s_signal_D_maPeriod_200_shortPeriod_10,ES,0.0,0.104076462975716,0
2010-03-25,double7s__ma200__sp10,double7s_signal_D_maPeriod_200_shortPeriod_10,ES,0.0,0.104076462975716,0
2010-03-26,double7s__ma200__sp10,double7s_signal_D_maPeriod_200_shortPeriod_10,ES,0.0,0.104076462975716,0
2010-03-29,double7s__ma200__sp10,double7s_signal_D_maPeriod_200_shortPeriod_10,ES,0.0,0.104076462975716,0
2010-03-30,double7s__ma200__sp10,double7s_signal_D_maPeriod_200_shortPeriod_10,ES,0.0,0.104076462975716,0
2010-03-31,double7s__ma200__sp10,double7s_signal_D_maPeriod_200_shortPeriod_10,ES,0.0,0.104076462975716,0
2010-04-01,double7s__ma200__sp10,double7s_signal_D_maPeriod_200_shortPeriod_10,ES,0.0,0.104076462975716,0
2010-04-02,double7s__ma200__sp10,double7s_signal_D_maPeriod_200_shortPeriod_10,ES,0.0,0.104076462975716,0
2010-04-05,double7s__ma200__sp10,double7s_signal_D_maPeriod_200_shortPeriod_10,ES,0.0,0.104076462975716,0
2010-04-06,double7s__ma200__sp10,double7s_signal_D_maPeriod_200_shortPeriod_10,ES,0.0,0.104076462975716,0
2010-04-07,double7s__ma200__sp10,double7s_signal_D_maPeriod_200_shortPeriod_10,ES,0.0,0.104076462975716,0
2010-04-08,double7s__ma200__sp10,double7s_signal_D_maPeriod_200_shortPeriod_10,ES,0.0,0.104076462975716,0
2010-04-09,double7s__ma200__sp10,double7s_signal_D_maPeriod_200_shortPeriod_10,ES,0.0,0.104076462975716,0
2010-04-12,double7s__ma200__sp10,double7s_signal_D_maPeriod_200_shortPeriod_10,ES,0.0,0.104076462975716,0
2010-04-13,double7s__ma200__sp10,double7s_signal_D_maPeriod_200_shortPeriod_10,ES,0.0,0.104076462975716,0
2010-04-14,double7s__ma200__sp10,double7s_signal_D_maPeriod_200_shortPeriod_10,ES,0.0,0.104076462975716,0
2010-04-15,double7s__ma200__sp10,double7s_signal_D_maPeriod_200_shortPeriod_10,ES,0.0,0.104076462975716,0
2010-04-16,double7s__ma200__sp10,double7s_signal_D_maPeriod_200_shortPeriod_10,ES,0.0,0.104076462975716,0
2010-04-19,double7s__ma200__sp10,double7s_signal_D_maPeriod_200_shortPeriod_10,ES,0.0,0.104076462975716,0
2010-04-20,double7s__ma200__sp10,double7s_signal_D_maPeriod_200_shortPeriod_10,ES,0.0,0.104076462975716,0
2010-04-21,double7s__ma200__sp10,double7s_signal_D_maPeriod_200_shortPeriod_10,ES,0.0,0.104076462975716,0
2010-04-22,double7s__ma200__sp10,double7s_signal_D_maPeriod_200_shortPeriod_10,ES,0.0,0.104076462975716,0
2010-04-23,double7s__ma200__sp10,double7s_signal_D_maPeriod_200_shortPeriod_10,ES,0.0,0.104076462975716,0
2010-04-26,double7s__ma200__sp10,double7s_signal_D_maPeriod_200_shortPeriod_10,ES,0.0,0.104076462975716,0
2010-04-27,double7s__ma200__sp10,double7s_signal_D_maPeriod_200_shortPeriod_10,ES,0.0,0.104076462975716,0
2010-04-28,double7s__ma200__sp10,double7s_signal_D_maPeriod_200_shortPeriod_10,ES,0.0019294674923684945,0.1060059304680845,0
2010-04-29,double7s__ma200__sp10,double7s_signal_D_maPeriod_200_shortPeriod_10,ES,0.006473404741636865,0.11247933520972137,0
2010-04-30,double7s__ma200__sp10,double7s_signal_D_maPeriod_200_shortPeriod_10,ES,-0.0075937445657121684,0.1048855906440092,0
2010-05-03,double7s__ma200__sp10,double7s_signal_D_maPeriod_200_shortPeriod_10,ES,0.0037352723843537437,0.10862086302836294,0
2010-05-04,double7s__ma200__sp10,double7s_signal_D_maPeriod_200_shortPeriod_10,ES,-0.008755873239529272,0.09986498978883367,0
2010-05-05,double7s__ma200__sp10,double7s_signal_D_maPeriod_200_shortPeriod_10,ES,-0.0018256314975653503,0.09803935829126832,0
2010-05-06,double7s__ma200__sp10,double7s_signal_D_maPeriod_200_shortPeriod_10,ES,-0.018607387701936776,0.07943197058933155,0
2010-05-07,double7s__ma200__sp10,double7s_signal_D_maPeriod_200_shortPeriod_10,ES,-0.0027252938504243054,0.07670667673890724,0
2010-05-10,double7s__ma200__sp10,double7s_signal_D_maPeriod_200_shortPeriod_10,ES,0.009495442024238899,0.08620211876314614,0
2010-05-11,double7s__ma200__sp10,double7s_signal_D_maPeriod_200_shortPeriod_10,ES,-0.0005067941698895311,0.0856953245932566,0
2010-05-12,double7s__ma200__sp10,double7s_signal_D_maPeriod_200_shortPeriod_10,ES,0.006993990214562356,0.09268931480781896,0
2010-05-13,double7s__ma200__sp10,double7s_signal_D_maPeriod_200_shortPeriod_10,ES,-0.0038542839768337784,0.08883503083098518,0
2010-05-14,double7s__ma200__sp10,double7s_signal_D_maPeriod_200_shortPeriod_10,ES,-0.007732607841344255,0.08110242298964092,0
2010-05-17,double7s__ma200__sp10,double7s_signal_D_maPeriod_200_shortPeriod_10,ES,0.00020522298791623427,0.08130764597755716,0
2010-05-18,double7s__ma200__sp10,double7s_signal_D_maPeriod_200_shortPeriod_10,ES,-0.01086099820134177,0.07044664777621538,0
2010-05-19,double7s__ma200__sp10,double7s_signal_D_maPeriod_200_shortPeriod_10,ES,-0.002781421053459639,0.06766522672275574,0
2010-05-20,double7s__ma200__sp10,double7s_signal_D_maPeriod_200_shortPeriod_10,ES,-0.019499067348883233,0.0481661593738725,0
2010-05-21,double7s__ma200__sp10,double7s_signal_D_maPeriod_200_shortPeriod_10,ES,0.002550986229716401,0.050717145603588906,0
2010-05-24,double7s__ma200__sp10,double7s_signal_D_maPeriod_200_shortPeriod_10,ES,-0.004686494868608208,0.0460306507349807,0
2010-05-25,double7s__ma200__sp10,double7s_signal_D_maPeriod_200_shortPeriod_10,ES,0.0013205400867331257,0.04735119082171382,0
2010-05-26,double7s__ma200__sp10,double7s_signal_D_maPeriod_200_shortPeriod_10,ES,-0.007922158609546903,0.03942903221216692,0
2010-05-27,double7s__ma200__sp10,double7s_signal_D_maPeriod_200_shortPeriod_10,ES,0.017323158771064984,0.05675219098323191,0
2010-05-28,double7s__ma200__sp10,double7s_signal_D_maPeriod_200_shortPeriod_10,ES,-0.0019436744115394903,0.05480851657169242,0
2010-06-01,double7s__ma200__sp10,double7s_signal_D_maPeriod_200_shortPeriod_10,ES,-0.0066163931410247,0.04819212343066772,0
2010-06-02,double7s__ma200__sp10,double7s_signal_D_maPeriod_200_shortPeriod_10,ES,0.008202540164974115,0.05639466359564184,0
2010-06-03,double7s__ma200__sp10,double7s_signal_D_maPeriod_200_shortPeriod_10,ES,0.0014550705855671212,0.05784973418120896,0
2010-06-04,double7s__ma200__sp10,double7s_signal_D_maPeriod_200_shortPeriod_10,ES,-0.01835336649852887,0.039496367682680084,0
2010-06-07,double7s__ma200__sp10,double7s_signal_D_maPeriod_200_shortPeriod_10,ES,-0.0028553413707281066,0.03664102631195198,0
2010-06-08,double7s__ma200__sp10,double7s_signal_D_maPeriod_200_shortPeriod_10,ES,0.0032108167837548687,0.03985184309570685,0
2010-06-09,double7s__ma200__sp10,double7s_signal_D_maPeriod_200_shortPeriod_10,ES,-0.0014489823733094158,0.03840286072239744,0
2010-06-10,double7s__ma200__sp10,double7s_signal_D_maPeriod_200_shortPeriod_10,ES,0.019774682503916664,0.058177543226314105,0
2010-06-11,double7s__ma200__sp10,double7s_signal_D_maPeriod_200_shortPeriod_10,ES,0.001156424332793541,0.059333967559107643,0
2010-06-14,double7s__ma200__sp10,double7s_signal_D_maPeriod_200_shortPeriod_10,ES,0.0,0.059333967559107643,0
2010-06-15,double7s__ma200__sp10,double7s_signal_D_maPeriod_200_shortPeriod_10,ES,0.016018806463532993,0.07535277402264064,0
2010-06-16,double7s__ma200__sp10,double7s_signal_D_maPeriod_200_shortPeriod_10,ES,0.0,0.07535277402264064,0
2010-06-17,double7s__ma200__sp10,double7s_signal_D_maPeriod_200_shortPeriod_10,ES,0.0,0.07535277402264064,0
2010-06-18,double7s__ma200__sp10,double7s_signal_D_maPeriod_200_shortPeriod_10,ES,0.0,0.07535277402264064,0
2010-06-21,double7s__ma200__sp10,double7s_signal_D_maPeriod_200_shortPeriod_10,ES,0.0,0.07535277402264064,0
2010-06-22,double7s__ma200__sp10,double7s_signal_D_maPeriod_200_shortPeriod_10,ES,0.0,0.07535277402264064,0
2010-06-23,double7s__ma200__sp10,double7s_signal_D_maPeriod_200_shortPeriod_10,ES,0.0,0.07535277402264064,0
2010-06-24,double7s__ma200__sp10,double7s_signal_D_maPeriod_200_shortPeriod_10,ES,0.0,0.07535277402264064,0
2010-06-25,double7s__ma200__sp10,double7s_signal_D_maPeriod_200_shortPeriod_10,ES,0.0,0.07535277402264064,0
2010-06-28,double7s__ma200__sp10,double7s_signal_D_maPeriod_200_shortPeriod_10,ES,0.0,0.07535277402264064,0
2010-06-29,double7s__ma200__sp10,double7s_signal_D_maPeriod_200_shortPeriod_10,ES,0.0,0.07535277402264064,0
2010-06-30,double7s__ma200__sp10,double7s_signal_D_maPeriod_200_shortPeriod_10,ES,0.0,0.07535277402264064,0
2010-07-01,double7s__ma200__sp10,double7s_signal_D_maPeriod_200_shortPeriod_10,ES,0.0,0.07535277402264064,0
2010-07-02,double7s__ma200__sp10,double7s_signal_D_maPeriod_200_shortPeriod_10,ES,0.0,0.07535277402264064,0
2010-07-06,double7s__ma200__sp10,double7s_signal_D_maPeriod_200_shortPeriod_10,ES,0.0,0.07535277402264064,0
2010-07-07,double7s__ma200__sp10,double7s_signal_D_maPeriod_200_shortPeriod_10,ES,0.0,0.07535277402264064,0
2010-07-08,double7s__ma200__sp10,double7s_signal_D_maPeriod_200_shortPeriod_10,ES,0.0,0.07535277402264064,0
2010-07-09,double7s__ma200__sp10,double7s_signal_D_maPeriod_200_shortPeriod_10,ES,0.0,0.07535277402264064,0
2010-07-12,double7s__ma200__sp10,double7s_signal_D_maPeriod_200_shortPeriod_10,ES,0.0,0.07535277402264064,0
2010-07-13,double7s__ma200__sp10,double7s_signal_D_maPeriod_200_shortPeriod_10,ES,0.0,0.07535277402264064,0
2010-07-14,double7s__ma200__sp10,double7s_signal_D_maPeriod_200_shortPeriod_10,ES,0.0,0.07535277402264064,0
2010-07-15,double7s__ma200__sp10,double7s_signal_D_maPeriod_200_shortPeriod_10,ES,0.0,0.07535277402264064,0
2010-07-16,double7s__ma200__sp10,double7s_signal_D_maPeriod_200_shortPeriod_10,ES,0.0,0.07535277402264064,0
2010-07-19,double7s__ma200__sp10,double7s_signal_D_maPeriod_200_shortPeriod_10,ES,0.0,0.07535277402264064,0
2010-07-20,double7s__ma200__sp10,double7s_signal_D_maPeriod_200_shortPeriod_10,ES,0.0,0.07535277402264064,0
2010-07-21,double7s__ma200__sp10,double7s_signal_D_maPeriod_200_shortPeriod_10,ES,0.0,0.07535277402264064,0
2010-07-22,double7s__ma200__sp10,double7s_signal_D_maPeriod_200_shortPeriod_10,ES,0.0,0.07535277402264064,0
2010-07-23,double7s__ma200__sp10,double7s_signal_D_maPeriod_200_shortPeriod_10,ES,0.0,0.07535277402264064,0
2010-07-26,double7s__ma200__sp10,double7s_signal_D_maPeriod_200_shortPeriod_10,ES,0.0,0.07535277402264064,0
2010-07-27,double7s__ma200__sp10,double7s_signal_D_maPeriod_200_shortPeriod_10,ES,0.0,0.07535277402264064,0
2010-07-28,double7s__ma200__sp10,double7s_signal_D_maPeriod_200_shortPeriod_10,ES,0.0,0.07535277402264064,0
2010-07-29,double7s__ma200__sp10,double7s_signal_D_maPeriod_200_shortPeriod_10,ES,0.0,0.07535277402264064,0
2010-07-30,double7s__ma200__sp10,double7s_signal_D_maPeriod_200_shortPeriod_10,ES,0.0,0.07535277402264064,0
2010-08-02,double7s__ma200__sp10,double7s_signal_D_maPeriod_200_shortPeriod_10,ES,0.0,0.07535277402264064,0
2010-08-03,double7s__ma200__sp10,double7s_signal_D_maPeriod_200_shortPeriod_10,ES,0.0,0.07535277402264064,0
2010-08-04,double7s__ma200__sp10,double7s_signal_D_maPeriod_200_shortPeriod_10,ES,0.0,0.07535277402264064,0
2010-08-05,double7s__ma200__sp10,double7s_signal_D_maPeriod_200_shortPeriod_10,ES,0.0,0.07535277402264064,0
2010-08-06,double7s__ma200__sp10,double7s_signal_D_maPeriod_200_shortPeriod_10,ES,0.0,0.07535277402264064,0
2010-08-09,double7s__ma200__sp10,double7s_signal_D_maPeriod_200_shortPeriod_10,ES,0.0,0.07535277402264064,0
2010-08-10,double7s__ma200__sp10,double7s_signal_D_maPeriod_200_shortPeriod_10,ES,0.0,0.07535277402264064,0
2010-08-11,double7s__ma200__sp10,double7s_signal_D_maPeriod_200_shortPeriod_10,ES,0.0,0.07535277402264064,0
2010-08-12,double7s__ma200__sp10,double7s_signal_D_maPeriod_200_shortPeriod_10,ES,0.0,0.07535277402264064,0
2010-08-13,double7s__ma200__sp10,double7s_signal_D_maPeriod_200_shortPeriod_10,ES,0.0,0.07535277402264064,0
2010-08-16,double7s__ma200__sp10,double7s_signal_D_maPeriod_200_shortPeriod_10,ES,0.0,0.07535277402264064,0
2010-08-17,double7s__ma200__sp10,double7s_signal_D_maPeriod_200_shortPeriod_10,ES,0.0,0.07535277402264064,0
2010-08-18,double7s__ma200__sp10,double7s_signal_D_maPeriod_200_shortPeriod_10,ES,0.0,0.07535277402264064,0
2010-08-19,double7s__ma200__sp10,double7s_signal_D_maPeriod_200_shortPeriod_10,ES,0.0,0.07535277402264064,0
2010-08-20,double7s__ma200__sp10,double7s_signal_D_maPeriod_200_shortPeriod_10,ES,0.0,0.07535277402264064,0
2010-08-23,double7s__ma200__sp10,double7s_signal_D_maPeriod_200_shortPeriod_10,ES,0.0,0.07535277402264064,0
2010-08-24,double7s__ma200__sp10,double7s_signal_D_maPeriod_200_shortPeriod_10,ES,0.0,0.07535277402264064,0
2010-08-25,double7s__ma200__sp10,double7s_signal_D_maPeriod_200_shortPeriod_10,ES,0.0,0.07535277402264064,0
2010-08-26,double7s__ma200__sp10,double7s_signal_D_maPeriod_200_shortPeriod_10,ES,0.0,0.07535277402264064,0
2010-08-27,double7s__ma200__sp10,double7s_signal_D_maPeriod_200_shortPeriod_10,ES,0.0,0.07535277402264064,0
2010-08-30,double7s__ma200__sp10,double7s_signal_D_maPeriod_200_shortPeriod_10,ES,0.0,0.07535277402264064,0
2010-08-31,double7s__ma200__sp10,double7s_signal_D_maPeriod_200_shortPeriod_10,ES,0.0,0.07535277402264064,0
2010-09-01,double7s__ma200__sp10,double7s_signal_D_maPeriod_200_shortPeriod_10,ES,0.0,0.07535277402264064,0
2010-09-02,double7s__ma200__sp10,double7s_signal_D_maPeriod_200_shortPeriod_10,ES,0.0,0.07535277402264064,0
2010-09-03,double7s__ma200__sp10,double7s_signal_D_maPeriod_200_shortPeriod_10,ES,0.0,0.07535277402264064,0
2010-09-07,double7s__ma200__sp10,double7s_signal_D_maPeriod_200_shortPeriod_10,ES,0.0,0.07535277402264064,0
2010-09-08,double7s__ma200__sp10,double7s_signal_D_maPeriod_200_shortPeriod_10,ES,0.0,0.07535277402264064,0
2010-09-09,double7s__ma200__sp10,double7s_signal_D_maPeriod_200_shortPeriod_10,ES,0.0,0.07535277402264064,0
2010-09-10,double7s__ma200__sp10,double7s_signal_D_maPeriod_200_shortPeriod_10,ES,0.0,0.07535277402264064,0
2010-09-13,double7s__ma200__sp10,double7s_signal_D_maPeriod_200_shortPeriod_10,ES,0.0,0.07535277402264064,0
2010-09-14,double7s__ma200__sp10,double7s_signal_D_maPeriod_200_shortPeriod_10,ES,0.0,0.07535277402264064,0
2010-09-15,double7s__ma200__sp10,double7s_signal_D_maPeriod_200_shortPeriod_10,ES,0.0,0.07535277402264064,0
2010-09-16,double7s__ma200__sp10,double7s_signal_D_maPeriod_200_shortPeriod_10,ES,0.0,0.07535277402264064,0
2010-09-17,double7s__ma200__sp10,double7s_signal_D_maPeriod_200_shortPeriod_10,ES,0.0,0.07535277402264064,0
2010-09-20,double7s__ma200__sp10,double7s_signal_D_maPeriod_200_shortPeriod_10,ES,0.0,0.07535277402264064,0
2010-09-21,double7s__ma200__sp10,double7s_signal_D_maPeriod_200_shortPeriod_10,ES,0.0,0.07535277402264064,0
2010-09-22,double7s__ma200__sp10,double7s_signal_D_maPeriod_200_shortPeriod_10,ES,0.0,0.07535277402264064,0
2010-09-23,double7s__ma200__sp10,double7s_signal_D_maPeriod_200_shortPeriod_10,ES,0.0,0.07535277402264064,0
2010-09-24,double7s__ma200__sp10,double7s_signal_D_maPeriod_200_shortPeriod_10,ES,0.0,0.07535277402264064,0
2010-09-27,double7s__ma200__sp10,double7s_signal_D_maPeriod_200_shortPeriod_10,ES,0.0,0.07535277402264064,0
2010-09-28,double7s__ma200__sp10,double7s_signal_D_maPeriod_200_shortPeriod_10,ES,0.0,0.07535277402264064,0
2010-09-29,double7s__ma200__sp10,double7s_signal_D_maPeriod_200_shortPeriod_10,ES,0.0,0.07535277402264064,0
2010-09-30,double7s__ma200__sp10,double7s_signal_D_maPeriod_200_shortPeriod_10,ES,0.0,0.07535277402264064,0
2010-10-01,double7s__ma200__sp10,double7s_signal_D_maPeriod_200_shortPeriod_10,ES,0.0,0.07535277402264064,0
2010-10-04,double7s__ma200__sp10,double7s_signal_D_maPeriod_200_shortPeriod_10,ES,0.0,0.07535277402264064,0
2010-10-05,double7s__ma200__sp10,double7s_signal_D_maPeriod_200_shortPeriod_10,ES,0.0,0.07535277402264064,0
2010-10-06,double7s__ma200__sp10,double7s_signal_D_maPeriod_200_shortPeriod_10,ES,0.0,0.07535277402264064,0
2010-10-07,double7s__ma200__sp10,double7s_signal_D_maPeriod_200_shortPeriod_10,ES,0.0,0.07535277402264064,0
2010-10-08,double7s__ma200__sp10,double7s_signal_D_maPeriod_200_shortPeriod_10,ES,0.0,0.07535277402264064,0
2010-10-11,double7s__ma200__sp10,double7s_signal_D_maPeriod_200_shortPeriod_10,ES,0.0,0.07535277402264064,0
2010-10-12,double7s__ma200__sp10,double7s_signal_D_maPeriod_200_shortPeriod_10,ES,0.0,0.07535277402264064,0
2010-10-13,double7s__ma200__sp10,double7s_signal_D_maPeriod_200_shortPeriod_10,ES,0.0,0.07535277402264064,0
2010-10-14,double7s__ma200__sp10,double7s_signal_D_maPeriod_200_shortPeriod_10,ES,0.0,0.07535277402264064,0
2010-10-15,double7s__ma200__sp10,double7s_signal_D_maPeriod_200_shortPeriod_10,ES,0.0,0.07535277402264064,0
2010-10-18,double7s__ma200__sp10,double7s_signal_D_maPeriod_200_shortPeriod_10,ES,0.0,0.07535277402264064,0
2010-10-19,double7s__ma200__sp10,double7s_signal_D_maPeriod_200_shortPeriod_10,ES,0.0,0.07535277402264064,0
2010-10-20,double7s__ma200__sp10,double7s_signal_D_maPeriod_200_shortPeriod_10,ES,0.0,0.07535277402264064,0
2010-10-21,double7s__ma200__sp10,double7s_signal_D_maPeriod_200_shortPeriod_10,ES,0.0,0.07535277402264064,0
2010-10-22,double7s__ma200__sp10,double7s_signal_D_maPeriod_200_shortPeriod_10,ES,0.0,0.07535277402264064,0
2010-10-25,double7s__ma200__sp10,double7s_signal_D_maPeriod_200_shortPeriod_10,ES,0.0,0.07535277402264064,0
2010-10-26,double7s__ma200__sp10,double7s_signal_D_maPeriod_200_shortPeriod_10,ES,0.0,0.07535277402264064,0
2010-10-27,double7s__ma200__sp10,double7s_signal_D_maPeriod_200_shortPeriod_10,ES,0.0,0.07535277402264064,0
2010-10-28,double7s__ma200__sp10,double7s_signal_D_maPeriod_200_shortPeriod_10,ES,0.0,0.07535277402264064,0
2010-10-29,double7s__ma200__sp10,double7s_signal_D_maPeriod_200_shortPeriod_10,ES,0.0,0.07535277402264064,0
2010-11-01,double7s__ma200__sp10,double7s_signal_D_maPeriod_200_shortPeriod_10,ES,0.0,0.07535277402264064,0
2010-11-02,double7s__ma200__sp10,double7s_signal_D_maPeriod_200_shortPeriod_10,ES,0.0,0.07535277402264064,0
2010-11-03,double7s__ma200__sp10,double7s_signal_D_maPeriod_200_shortPeriod_10,ES,0.0,0.07535277402264064,0
2010-11-04,double7s__ma200__sp10,double7s_signal_D_maPeriod_200_shortPeriod_10,ES,0.0,0.07535277402264064,0
2010-11-05,double7s__ma200__sp10,double7s_signal_D_maPeriod_200_shortPeriod_10,ES,0.0,0.07535277402264064,0
2010-11-08,double7s__ma200__sp10,double7s_signal_D_maPeriod_200_shortPeriod_10,ES,0.0,0.07535277402264064,0
2010-11-09,double7s__ma200__sp10,double7s_signal_D_maPeriod_200_shortPeriod_10,ES,0.0,0.07535277402264064,0
2010-11-10,double7s__ma200__sp10,double7s_signal_D_maPeriod_200_shortPeriod_10,ES,0.0,0.07535277402264064,0
2010-11-11,double7s__ma200__sp10,double7s_signal_D_maPeriod_200_shortPeriod_10,ES,0.0,0.07535277402264064,0
2010-11-12,double7s__ma200__sp10,double7s_signal_D_maPeriod_200_shortPeriod_10,ES,0.0,0.07535277402264064,0
2010-11-15,double7s__ma200__sp10,double7s_signal_D_maPeriod_200_shortPeriod_10,ES,0.0,0.07535277402264064,0
2010-11-16,double7s__ma200__sp10,double7s_signal_D_maPeriod_200_shortPeriod_10,ES,0.0,0.07535277402264064,0
2010-11-17,double7s__ma200__sp10,double7s_signal_D_maPeriod_200_shortPeriod_10,ES,0.0004861996805379247,0.07583897370317856,0
2010-11-18,double7s__ma200__sp10,double7s_signal_D_maPeriod_200_shortPeriod_10,ES,0.012091018153164542,0.0879299918563431,0
2010-11-19,double7s__ma200__sp10,double7s_signal_D_maPeriod_200_shortPeriod_10,ES,0.0002114710072294649,0.08814146286357258,0
2010-11-22,double7s__ma200__sp10,double7s_signal_D_maPeriod_200_shortPeriod_10,ES,-0.0030549181592693267,0.08508654470430325,0
2010-11-23,double7s__ma200__sp10,double7s_signal_D_maPeriod_200_shortPeriod_10,ES,-0.012200668164866042,0.0728858765394372,0
2010-11-24,double7s__ma200__sp10,double7s_signal_D_maPeriod_200_shortPeriod_10,ES,0.0053580766941536025,0.0782439532335908,0
2010-11-26,double7s__ma200__sp10,double7s_signal_D_maPeriod_200_shortPeriod_10,ES,-0.0037359301687049616,0.07450802306488584,0
2010-11-29,double7s__ma200__sp10,double7s_signal_D_maPeriod_200_shortPeriod_10,ES,-0.0007376890477369283,0.07377033401714891,0
2010-11-30,double7s__ma200__sp10,double7s_signal_D_maPeriod_200_shortPeriod_10,ES,-0.004567196562307572,0.06920313745484134,0
2010-12-01,double7s__ma200__sp10,double7s_signal_D_maPeriod_200_shortPeriod_10,ES,0.014709540851991458,0.0839126783068328,0
2010-12-02,double7s__ma200__sp10,double7s_signal_D_maPeriod_200_shortPeriod_10,ES,0.0,0.0839126783068328,0
2010-12-03,double7s__ma200__sp10,double7s_signal_D_maPeriod_200_shortPeriod_10,ES,0.0,0.0839126783068328,0
2010-12-06,double7s__ma200__sp10,double7s_signal_D_maPeriod_200_shortPeriod_10,ES,0.0,0.0839126783068328,0
2010-12-07,double7s__ma200__sp10,double7s_signal_D_maPeriod_200_shortPeriod_10,ES,0.0,0.0839126783068328,0
2010-12-08,double7s__ma200__sp10,double7s_signal_D_maPeriod_200_shortPeriod_10,ES,0.0,0.0839126783068328,0
2010-12-09,double7s__ma200__sp10,double7s_signal_D_maPeriod_200_shortPeriod_10,ES,0.0,0.0839126783068328,0
2010-12-10,double7s__ma200__sp10,double7s_signal_D_maPeriod_200_shortPeriod_10,ES,0.0,0.0839126783068328,0
2010-12-13,double7s__ma200__sp10,double7s_signal_D_maPeriod_200_shortPeriod_10,ES,0.0,0.0839126783068328,0
2010-12-14,double7s__ma200__sp10,double7s_signal_D_maPeriod_200_shortPeriod_10,ES,0.0,0.0839126783068328,0
2010-12-15,double7s__ma200__sp10,double7s_signal_D_maPeriod_200_shortPeriod_10,ES,0.0,0.0839126783068328,0
2010-12-16,double7s__ma200__sp10,double7s_signal_D_maPeriod_200_shortPeriod_10,ES,0.0,0.0839126783068328,0
2010-12-17,double7s__ma200__sp10,double7s_signal_D_maPeriod_200_shortPeriod_10,ES,0.0,0.0839126783068328,0
2010-12-20,double7s__ma200__sp10,double7s_signal_D_maPeriod_200_shortPeriod_10,ES,0.0,0.0839126783068328,0
2010-12-21,double7s__ma200__sp10,double7s_signal_D_maPeriod_200_shortPeriod_10,ES,0.0,0.0839126783068328,0
2010-12-22,double7s__ma200__sp10,double7s_signal_D_maPeriod_200_shortPeriod_10,ES,0.0,0.0839126783068328,0
2010-12-23,double7s__ma200__sp10,double7s_signal_D_maPeriod_200_shortPeriod_10,ES,0.0,0.0839126783068328,0
2010-12-27,double7s__ma200__sp10,double7s_signal_D_maPeriod_200_shortPeriod_10,ES,0.0,0.0839126783068328,0
2010-12-28,double7s__ma200__sp10,double7s_signal_D_maPeriod_200_shortPeriod_10,ES,0.0,0.0839126783068328,0
2010-12-29,double7s__ma200__sp10,double7s_signal_D_maPeriod_200_shortPeriod_10,ES,0.0,0.0839126783068328,0
2010-12-30,double7s__ma200__sp10,double7s_signal_D_maPeriod_200_shortPeriod_10,ES,0.0,0.0839126783068328,0
2010-12-31,double7s__ma200__sp10,double7s_signal_D_maPeriod_200_shortPeriod_10,ES,0.0,0.0839126783068328,0
2011-01-03,double7s__ma200__sp10,double7s_signal_D_maPeriod_200_shortPeriod_10,ES,0.0,0.0839126783068328,0
2011-01-04,double7s__ma200__sp10,double7s_signal_D_maPeriod_200_shortPeriod_10,ES,0.0,0.0839126783068328,0
2011-01-05,double7s__ma200__sp10,double7s_signal_D_maPeriod_200_shortPeriod_10,ES,0.0,0.0839126783068328,0
2011-01-06,double7s__ma200__sp10,double7s_signal_D_maPeriod_200_shortPeriod_10,ES,0.0,0.0839126783068328,0
2011-01-07,double7s__ma200__sp10,double7s_signal_D_maPeriod_200_shortPeriod_10,ES,0.0,0.0839126783068328,0
2011-01-10,double7s__ma200__sp10,double7s_signal_D_maPeriod_200_shortPeriod_10,ES,0.0,0.0839126783068328,0
2011-01-11,double7s__ma200__sp10,double7s_signal_D_maPeriod_200_shortPeriod_10,ES,0.0,0.0839126783068328,0
2011-01-12,double7s__ma200__sp10,double7s_signal_D_maPeriod_200_shortPeriod_10,ES,0.0,0.0839126783068328,0
2011-01-13,double7s__ma200__sp10,double7s_signal_D_maPeriod_200_shortPeriod_10,ES,0.0,0.0839126783068328,0
2011-01-14,double7s__ma200__sp10,double7s_signal_D_maPeriod_200_shortPeriod_10,ES,0.0,0.0839126783068328,0
2011-01-18,double7s__ma200__sp10,double7s_signal_D_maPeriod_200_shortPeriod_10,ES,0.0,0.0839126783068328,0
2011-01-19,double7s__ma200__sp10,double7s_signal_D_maPeriod_200_shortPeriod_10,ES,0.0,0.0839126783068328,0
2011-01-20,double7s__ma200__sp10,double7s_signal_D_maPeriod_200_shortPeriod_10,ES,0.0,0.0839126783068328,0
2011-01-21,double7s__ma200__sp10,double7s_signal_D_maPeriod_200_shortPeriod_10,ES,0.0,0.0839126783068328,0
2011-01-24,double7s__ma200__sp10,double7s_signal_D_maPeriod_200_shortPeriod_10,ES,0.0,0.0839126783068328,0
2011-01-25,double7s__ma200__sp10,double7s_signal_D_maPeriod_200_shortPeriod_10,ES,0.0,0.0839126783068328,0
2011-01-26,double7s__ma200__sp10,double7s_signal_D_maPeriod_200_shortPeriod_10,ES,0.0,0.0839126783068328,0
2011-01-27,double7s__ma200__sp10,double7s_signal_D_maPeriod_200_shortPeriod_10,ES,0.0,0.0839126783068328,0
2011-01-28,double7s__ma200__sp10,double7s_signal_D_maPeriod_200_shortPeriod_10,ES,0.0,0.0839126783068328,0
2011-01-31,double7s__ma200__sp10,double7s_signal_D_maPeriod_200_shortPeriod_10,ES,0.0031974298476727682,0.08711010815450557,0
2011-02-01,double7s__ma200__sp10,double7s_signal_D_maPeriod_200_shortPeriod_10,ES,0.007858344929956691,0.09496845308446225,0
2011-02-02,double7s__ma200__sp10,double7s_signal_D_maPeriod_200_shortPeriod_10,ES,0.0,0.09496845308446225,0
2011-02-03,double7s__ma200__sp10,double7s_signal_D_maPeriod_200_shortPeriod_10,ES,0.0,0.09496845308446225,0
2011-02-04,double7s__ma200__sp10,double7s_signal_D_maPeriod_200_shortPeriod_10,ES,0.0,0.09496845308446225,0
2011-02-07,double7s__ma200__sp10,double7s_signal_D_maPeriod_200_shortPeriod_10,ES,0.0,0.09496845308446225,0
2011-02-08,double7s__ma200__sp10,double7s_signal_D_maPeriod_200_shortPeriod_10,ES,0.0,0.09496845308446225,0
2011-02-09,double7s__ma200__sp10,double7s_signal_D_maPeriod_200_shortPeriod_10,ES,0.0,0.09496845308446225,0
2011-02-10,double7s__ma200__sp10,double7s_signal_D_maPeriod_200_shortPeriod_10,ES,0.0,0.09496845308446225,0
2011-02-11,double7s__ma200__sp10,double7s_signal_D_maPeriod_200_shortPeriod_10,ES,0.0,0.09496845308446225,0
2011-02-14,double7s__ma200__sp10,double7s_signal_D_maPeriod_200_shortPeriod_10,ES,0.0,0.09496845308446225,0
2011-02-15,double7s__ma200__sp10,double7s_signal_D_maPeriod_200_shortPeriod_10,ES,0.0,0.09496845308446225,0
2011-02-16,double7s__ma200__sp10,double7s_signal_D_maPeriod_200_shortPeriod_10,ES,0.0,0.09496845308446225,0
2011-02-17,double7s__ma200__sp10,double7s_signal_D_maPeriod_200_shortPeriod_10,ES,0.0,0.09496845308446225,0
2011-02-18,double7s__ma200__sp10,double7s_signal_D_maPeriod_200_shortPeriod_10,ES,0.0,0.09496845308446225,0
2011-02-22,double7s__ma200__sp10,double7s_signal_D_maPeriod_200_shortPeriod_10,ES,0.0,0.09496845308446225,0
2011-02-23,double7s__ma200__sp10,double7s_signal_D_maPeriod_200_shortPeriod_10,ES,-0.0018702808878703885,0.09309817219659186,0
2011-02-24,double7s__ma200__sp10,double7s_signal_D_maPeriod_200_shortPeriod_10,ES,-0.0012479096264927268,0.09185026257009914,0
2011-02-25,double7s__ma200__sp10,double7s_signal_D_maPeriod_200_shortPeriod_10,ES,0.009839349514010427,0.10168961208410957,0
2011-02-28,double7s__ma200__sp10,double7s_signal_D_maPeriod_200_shortPeriod_10,ES,0.002545783900710131,0.10423539598481969,0
2011-03-01,double7s__ma200__sp10,double7s_signal_D_maPeriod_200_shortPeriod_10,ES,-0.012654804116195184,0.09158059186862451,0
2011-03-02,double7s__ma200__sp10,double7s_signal_D_maPeriod_200_shortPeriod_10,ES,0.0010771750028041873,0.0926577668714287,0
2011-03-03,double7s__ma200__sp10,double7s_signal_D_maPeriod_200_shortPeriod_10,ES,0.011965534536140533,0.10462330140756923,0
2011-03-04,double7s__ma200__sp10,double7s_signal_D_maPeriod_200_shortPeriod_10,ES,-0.0023237943559170074,0.10229950705165222,0
2011-03-07,double7s__ma200__sp10,double7s_signal_D_maPeriod_200_shortPeriod_10,ES,-0.0047008606360661054,0.09759864641558612,0
2011-03-08,double7s__ma200__sp10,double7s_signal_D_maPeriod_200_shortPeriod_10,ES,0.004593776680158318,0.10219242309574443,0
2011-03-09,double7s__ma200__sp10,double7s_signal_D_maPeriod_200_shortPeriod_10,ES,-0.0017523982694012197,0.1004400248263432,0
2011-03-10,double7s__ma200__sp10,double7s_signal_D_maPeriod_200_shortPeriod_10,ES,-0.013058143238367077,0.08738188158797613,0
2011-03-11,double7s__ma200__sp10,double7s_signal_D_maPeriod_200_shortPeriod_10,ES,0.0033163353766573855,0.09069821696463352,0
2011-03-14,double7s__ma200__sp10,double7s_signal_D_maPeriod_200_shortPeriod_10,ES,-0.0025899637824119822,0.08810825318222154,0
2011-03-15,double7s__ma200__sp10,double7s_signal_D_maPeriod_200_shortPeriod_10,ES,-0.006607156518729722,0.08150109666349181,0
2011-03-16,double7s__ma200__sp10,double7s_signal_D_maPeriod_200_shortPeriod_10,ES,-0.007218399480509195,0.07428269718298261,0
2011-03-17,double7s__ma200__sp10,double7s_signal_D_maPeriod_200_shortPeriod_10,ES,0.0037643122303218997,0.07804700941330452,0
2011-03-18,double7s__ma200__sp10,double7s_signal_D_maPeriod_200_shortPeriod_10,ES,0.0019346044676095888,0.0799816138809141,0
2011-03-21,double7s__ma200__sp10,double7s_signal_D_maPeriod_200_shortPeriod_10,ES,0.009235318732860367,0.08921693261377446,0
2011-03-22,double7s__ma200__sp10,double7s_signal_D_maPeriod_200_shortPeriod_10,ES,-0.0012543740919079113,0.08796255852186655,0
2011-03-23,double7s__ma200__sp10,double7s_signal_D_maPeriod_200_shortPeriod_10,ES,0.002362455404397067,0.09032501392626362,0
2011-03-24,double7s__ma200__sp10,double7s_signal_D_maPeriod_200_shortPeriod_10,ES,0.008054528446951795,0.09837954237321542,0
2011-03-25,double7s__ma200__sp10,double7s_signal_D_maPeriod_200_shortPeriod_10,ES,0.0,0.09837954237321542,0
2011-03-28,double7s__ma200__sp10,double7s_signal_D_maPeriod_200_shortPeriod_10,ES,0.0,0.09837954237321542,0
2011-03-29,double7s__ma200__sp10,double7s_signal_D_maPeriod_200_shortPeriod_10,ES,0.0,0.09837954237321542,0
2011-03-30,double7s__ma200__sp10,double7s_signal_D_maPeriod_200_shortPeriod_10,ES,0.0,0.09837954237321542,0
2011-03-31,double7s__ma200__sp10,double7s_signal_D_maPeriod_200_shortPeriod_10,ES,0.0,0.09837954237321542,0
2011-04-01,double7s__ma200__sp10,double7s_signal_D_maPeriod_200_shortPeriod_10,ES,0.0,0.09837954237321542,0
2011-04-04,double7s__ma200__sp10,double7s_signal_D_maPeriod_200_shortPeriod_10,ES,0.0,0.09837954237321542,0
2011-04-05,double7s__ma200__sp10,double7s_signal_D_maPeriod_200_shortPeriod_10,ES,0.0,0.09837954237321542,0
2011-04-06,double7s__ma200__sp10,double7s_signal_D_maPeriod_200_shortPeriod_10,ES,0.0,0.09837954237321542,0
2011-04-07,double7s__ma200__sp10,double7s_signal_D_maPeriod_200_shortPeriod_10,ES,0.0,0.09837954237321542,0
2011-04-08,double7s__ma200__sp10,double7s_signal_D_maPeriod_200_shortPeriod_10,ES,0.0,0.09837954237321542,0
2011-04-11,double7s__ma200__sp10,double7s_signal_D_maPeriod_200_shortPeriod_10,ES,0.0,0.09837954237321542,0
2011-04-12,double7s__ma200__sp10,double7s_signal_D_maPeriod_200_shortPeriod_10,ES,0.0,0.09837954237321542,0
2011-04-13,double7s__ma200__sp10,double7s_signal_D_maPeriod_200_shortPeriod_10,ES,0.00020806331346713078,0.09858760568668255,0
2011-04-14,double7s__ma200__sp10,double7s_signal_D_maPeriod_200_shortPeriod_10,ES,0.0006042238525659688,0.09919182953924852,0
2011-04-15,double7s__ma200__sp10,double7s_signal_D_maPeriod_200_shortPeriod_10,ES,0.004971728900138256,0.10416355843938677,0
2011-04-18,double7s__ma200__sp10,double7s_signal_D_maPeriod_200_shortPeriod_10,ES,-0.008444190210732939,0.09571936822865383,0
2011-04-19,double7s__ma200__sp10,double7s_signal_D_maPeriod_200_shortPeriod_10,ES,0.0023066619549793194,0.09802603018363315,0
2011-04-20,double7s__ma200__sp10,double7s_signal_D_maPeriod_200_shortPeriod_10,ES,0.009366193600880658,0.10739222378451381,0
2011-04-21,double7s__ma200__sp10,double7s_signal_D_maPeriod_200_shortPeriod_10,ES,0.0007051766547798274,0.10809740043929364,0
2011-04-25,double7s__ma200__sp10,double7s_signal_D_maPeriod_200_shortPeriod_10,ES,0.0,0.10809740043929364,0
2011-04-26,double7s__ma200__sp10,double7s_signal_D_maPeriod_200_shortPeriod_10,ES,0.0,0.10809740043929364,0
2011-04-27,double7s__ma200__sp10,double7s_signal_D_maPeriod_200_shortPeriod_10,ES,0.0,0.10809740043929364,0
2011-04-28,double7s__ma200__sp10,double7s_signal_D_maPeriod_200_shortPeriod_10,ES,0.0,0.10809740043929364,0
2011-04-29,double7s__ma200__sp10,double7s_signal_D_maPeriod_200_shortPeriod_10,ES,0.0,0.10809740043929364,0
2011-05-02,double7s__ma200__sp10,double7s_signal_D_maPeriod_200_shortPeriod_10,ES,0.0,0.10809740043929364,0
2011-05-03,double7s__ma200__sp10,double7s_signal_D_maPeriod_200_shortPeriod_10,ES,0.0,0.10809740043929364,0
2011-05-04,double7s__ma200__sp10,double7s_signal_D_maPeriod_200_shortPeriod_10,ES,0.0,0.10809740043929364,0
2011-05-05,double7s__ma200__sp10,double7s_signal_D_maPeriod_200_shortPeriod_10,ES,0.0,0.10809740043929364,0
2011-05-06,double7s__ma200__sp10,double7s_signal_D_maPeriod_200_shortPeriod_10,ES,0.0,0.10809740043929364,0
2011-05-09,double7s__ma200__sp10,double7s_signal_D_maPeriod_200_shortPeriod_10,ES,0.0,0.10809740043929364,0
2011-05-10,double7s__ma200__sp10,double7s_signal_D_maPeriod_200_shortPeriod_10,ES,0.0,0.10809740043929364,0
2011-05-11,double7s__ma200__sp10,double7s_signal_D_maPeriod_200_shortPeriod_10,ES,0.0,0.10809740043929364,0
2011-05-12,double7s__ma200__sp10,double7s_signal_D_maPeriod_200_shortPeriod_10,ES,0.0,0.10809740043929364,0
2011-05-13,double7s__ma200__sp10,double7s_signal_D_maPeriod_200_shortPeriod_10,ES,0.0,0.10809740043929364,0
2011-05-16,double7s__ma200__sp10,double7s_signal_D_maPeriod_200_shortPeriod_10,ES,-0.0023975409537458138,0.10569985948554783,0
2011-05-17,double7s__ma200__sp10,double7s_signal_D_maPeriod_200_shortPeriod_10,ES,0.00011759570947282317,0.10581745519502066,0
2011-05-18,double7s__ma200__sp10,double7s_signal_D_maPeriod_200_shortPeriod_10,ES,0.007312173101646254,0.11312962829666691,0
2011-05-19,double7s__ma200__sp10,double7s_signal_D_maPeriod_200_shortPeriod_10,ES,0.001322780453463169,0.11445240875013007,0
2011-05-20,double7s__ma200__sp10,double7s_signal_D_maPeriod_200_shortPeriod_10,ES,-0.008197680645923985,0.1062547281042061,0
2011-05-23,double7s__ma200__sp10,double7s_signal_D_maPeriod_200_shortPeriod_10,ES,-0.003910274081395265,0.10234445402281082,0
2011-05-24,double7s__ma200__sp10,double7s_signal_D_maPeriod_200_shortPeriod_10,ES,-0.00047845239578257775,0.10186600162702825,0
2011-05-25,double7s__ma200__sp10,double7s_signal_D_maPeriod_200_shortPeriod_10,ES,0.002109073059993323,0.10397507468702157,0
2011-05-26,double7s__ma200__sp10,double7s_signal_D_maPeriod_200_shortPeriod_10,ES,0.0060040468667720715,0.10997912155379364,0
2011-05-27,double7s__ma200__sp10,double7s_signal_D_maPeriod_200_shortPeriod_10,ES,0.001555110963532019,0.11153423251732565,0
2011-05-31,double7s__ma200__sp10,double7s_signal_D_maPeriod_200_shortPeriod_10,ES,0.00848557843692627,0.12001981095425192,0
2011-06-01,double7s__ma200__sp10,double7s_signal_D_maPeriod_200_shortPeriod_10,ES,0.0,0.12001981095425192,0
2011-06-02,double7s__ma200__sp10,double7s_signal_D_maPeriod_200_shortPeriod_10,ES,-0.00014769570800733417,0.11987211524624458,0
2011-06-03,double7s__ma200__sp10,double7s_signal_D_maPeriod_200_shortPeriod_10,ES,-0.008209025947520524,0.11166308929872405,0
2011-06-06,double7s__ma200__sp10,double7s_signal_D_maPeriod_200_shortPeriod_10,ES,-0.0045313544094651576,0.1071317348892589,0
2011-06-07,double7s__ma200__sp10,double7s_signal_D_maPeriod_200_shortPeriod_10,ES,-0.00020271012684051125,0.10692902476241839,0
2011-06-08,double7s__ma200__sp10,double7s_signal_D_maPeriod_200_shortPeriod_10,ES,-0.004910251100975201,0.10201877366144319,0
2011-06-09,double7s__ma200__sp10,double7s_signal_D_maPeriod_200_shortPeriod_10,ES,0.0050466619217415095,0.1070654355831847,0
2011-06-10,double7s__ma200__sp10,double7s_signal_D_maPeriod_200_shortPeriod_10,ES,-0.008040101000757159,0.09902533458242754,0
2011-06-13,double7s__ma200__sp10,double7s_signal_D_maPeriod_200_shortPeriod_10,ES,0.0004549514936343336,0.09948028607606188,0
2011-06-14,double7s__ma200__sp10,double7s_signal_D_maPeriod_200_shortPeriod_10,ES,0.011048137423620067,0.11052842349968195,0
2011-06-15,double7s__ma200__sp10,double7s_signal_D_maPeriod_200_shortPeriod_10,ES,-0.007004954357534805,0.10352346914214715,0
2011-06-16,double7s__ma200__sp10,double7s_signal_D_maPeriod_200_shortPeriod_10,ES,0.0006055028369578465,0.10412897197910499,0
2011-06-17,double7s__ma200__sp10,double7s_signal_D_maPeriod_200_shortPeriod_10,ES,0.0012302161854028805,0.10535918816450787,0
2011-06-20,double7s__ma200__sp10,double7s_signal_D_maPeriod_200_shortPeriod_10,ES,0.005388746565941454,0.11074793473044933,0
2011-06-21,double7s__ma200__sp10,double7s_signal_D_maPeriod_200_shortPeriod_10,ES,0.007606583173709126,0.11835451790415846,0
2011-06-22,double7s__ma200__sp10,double7s_signal_D_maPeriod_200_shortPeriod_10,ES,0.0,0.11835451790415846,0
2011-06-23,double7s__ma200__sp10,double7s_signal_D_maPeriod_200_shortPeriod_10,ES,0.0,0.11835451790415846,0
2011-06-24,double7s__ma200__sp10,double7s_signal_D_maPeriod_200_shortPeriod_10,ES,0.0,0.11835451790415846,0
2011-06-27,double7s__ma200__sp10,double7s_signal_D_maPeriod_200_shortPeriod_10,ES,0.0,0.11835451790415846,0
2011-06-28,double7s__ma200__sp10,double7s_signal_D_maPeriod_200_shortPeriod_10,ES,0.0,0.11835451790415846,0
2011-06-29,double7s__ma200__sp10,double7s_signal_D_maPeriod_200_shortPeriod_10,ES,0.0,0.11835451790415846,0
2011-06-30,double7s__ma200__sp10,double7s_signal_D_maPeriod_200_shortPeriod_10,ES,0.0,0.11835451790415846,0
2011-07-01,double7s__ma200__sp10,double7s_signal_D_maPeriod_200_shortPeriod_10,ES,0.0,0.11835451790415846,0
2011-07-05,double7s__ma200__sp10,double7s_signal_D_maPeriod_200_shortPeriod_10,ES,0.0,0.11835451790415846,0
2011-07-06,double7s__ma200__sp10,double7s_signal_D_maPeriod_200_shortPeriod_10,ES,0.0,0.11835451790415846,0
2011-07-07,double7s__ma200__sp10,double7s_signal_D_maPeriod_200_shortPeriod_10,ES,0.0,0.11835451790415846,0
2011-07-08,double7s__ma200__sp10,double7s_signal_D_maPeriod_200_shortPeriod_10,ES,0.0,0.11835451790415846,0
2011-07-11,double7s__ma200__sp10,double7s_signal_D_maPeriod_200_shortPeriod_10,ES,0.0,0.11835451790415846,0
2011-07-12,double7s__ma200__sp10,double7s_signal_D_maPeriod_200_shortPeriod_10,ES,0.0,0.11835451790415846,0
2011-07-13,double7s__ma200__sp10,double7s_signal_D_maPeriod_200_shortPeriod_10,ES,0.0,0.11835451790415846,0
2011-07-14,double7s__ma200__sp10,double7s_signal_D_maPeriod_200_shortPeriod_10,ES,0.0,0.11835451790415846,0
2011-07-15,double7s__ma200__sp10,double7s_signal_D_maPeriod_200_shortPeriod_10,ES,0.0,0.11835451790415846,0
2011-07-18,double7s__ma200__sp10,double7s_signal_D_maPeriod_200_shortPeriod_10,ES,0.0,0.11835451790415846,0
2011-07-19,double7s__ma200__sp10,double7s_signal_D_maPeriod_200_shortPeriod_10,ES,0.006947691914050409,0.12530220981820886,0
2011-07-20,double7s__ma200__sp10,double7s_signal_D_maPeriod_200_shortPeriod_10,ES,0.0,0.12530220981820886,0
2011-07-21,double7s__ma200__sp10,double7s_signal_D_maPeriod_200_shortPeriod_10,ES,0.012351315640759423,0.13765352545896828,0
2011-07-22,double7s__ma200__sp10,double7s_signal_D_maPeriod_200_shortPeriod_10,ES,-6.703056952726382e-05,0.13758649488944102,0
2011-07-25,double7s__ma200__sp10,double7s_signal_D_maPeriod_200_shortPeriod_10,ES,0.002083750663192194,0.13967024555263322,0
2011-07-26,double7s__ma200__sp10,double7s_signal_D_maPeriod_200_shortPeriod_10,ES,-0.0037504618320519786,0.13591978372058125,0
2011-07-27,double7s__ma200__sp10,double7s_signal_D_maPeriod_200_shortPeriod_10,ES,-0.014196355116442084,0.12172342860413916,0
2011-07-28,double7s__ma200__sp10,double7s_signal_D_maPeriod_200_shortPeriod_10,ES,-0.0005621171294859198,0.12116131147465324,0
2011-07-29,double7s__ma200__sp10,double7s_signal_D_maPeriod_200_shortPeriod_10,ES,-0.005025142643203837,0.11613616883144941,0
2011-08-01,double7s__ma200__sp10,double7s_signal_D_maPeriod_200_shortPeriod_10,ES,-0.012973610361511024,0.10316255846993838,0
2011-08-02,double7s__ma200__sp10,double7s_signal_D_maPeriod_200_shortPeriod_10,ES,-0.01572263218075371,0.08743992628918468,0
2011-08-03,double7s__ma200__sp10,double7s_signal_D_maPeriod_200_shortPeriod_10,ES,0.0012242215204912746,0.08866414780967595,0
2011-08-04,double7s__ma200__sp10,double7s_signal_D_maPeriod_200_shortPeriod_10,ES,-0.02441520716595517,0.06424894064372078,0
2011-08-05,double7s__ma200__sp10,double7s_signal_D_maPeriod_200_shortPeriod_10,ES,-0.00021854765336661445,0.06403039299035417,0
2011-08-08,double7s__ma200__sp10,double7s_signal_D_maPeriod_200_shortPeriod_10,ES,-0.021960116949115576,0.042070276041238586,0
2011-08-09,double7s__ma200__sp10,double7s_signal_D_maPeriod_200_shortPeriod_10,ES,0.004894604138581302,0.04696488017981989,0
2011-08-10,double7s__ma200__sp10,double7s_signal_D_maPeriod_200_shortPeriod_10,ES,-0.005164104073056422,0.041800776106763464,0
2011-08-11,double7s__ma200__sp10,double7s_signal_D_maPeriod_200_shortPeriod_10,ES,0.006119731578253907,0.04792050768501737,0
2011-08-12,double7s__ma200__sp10,double7s_signal_D_maPeriod_200_shortPeriod_10,ES,0.0012105117107575447,0.04913101939577492,0
2011-08-15,double7s__ma200__sp10,double7s_signal_D_maPeriod_200_shortPeriod_10,ES,0.006820182241688064,0.055951201637462984,0
2011-08-16,double7s__ma200__sp10,double7s_signal_D_maPeriod_200_shortPeriod_10,ES,-0.0011335954190160014,0.05481760621844698,0
2011-08-17,double7s__ma200__sp10,double7s_signal_D_maPeriod_200_shortPeriod_10,ES,-0.0008973418667128323,0.05392026435173415,0
2011-08-18,double7s__ma200__sp10,double7s_signal_D_maPeriod_200_shortPeriod_10,ES,-0.030036733477382203,0.02388353087435195,0
2011-08-19,double7s__ma200__sp10,double7s_signal_D_maPeriod_200_shortPeriod_10,ES,-0.0029191333014477456,0.020964397572904202,0
2011-08-22,double7s__ma200__sp10,double7s_signal_D_maPeriod_200_shortPeriod_10,ES,0.0003340045436175007,0.021298402116521703,0
2011-08-23,double7s__ma200__sp10,double7s_signal_D_maPeriod_200_shortPeriod_10,ES,0.0221466538515339,0.043445055968055604,0
2011-08-24,double7s__ma200__sp10,double7s_signal_D_maPeriod_200_shortPeriod_10,ES,0.0023602452702539477,0.04580530123830955,0
2011-08-25,double7s__ma200__sp10,double7s_signal_D_maPeriod_200_shortPeriod_10,ES,-0.004738881720794965,0.04106641951751459,0
2011-08-26,double7s__ma200__sp10,double7s_signal_D_maPeriod_200_shortPeriod_10,ES,0.00674457583526093,0.04781099535277552,0
2011-08-29,double7s__ma200__sp10,double7s_signal_D_maPeriod_200_shortPeriod_10,ES,0.009669647355529144,0.05748064270830466,0
2011-08-30,double7s__ma200__sp10,double7s_signal_D_maPeriod_200_shortPeriod_10,ES,0.0,0.05748064270830466,0
2011-08-31,double7s__ma200__sp10,double7s_signal_D_maPeriod_200_shortPeriod_10,ES,0.0,0.05748064270830466,0
2011-09-01,double7s__ma200__sp10,double7s_signal_D_maPeriod_200_shortPeriod_10,ES,0.0,0.05748064270830466,0
2011-09-02,double7s__ma200__sp10,double7s_signal_D_maPeriod_200_shortPeriod_10,ES,0.0,0.05748064270830466,0
2011-09-06,double7s__ma200__sp10,double7s_signal_D_maPeriod_200_shortPeriod_10,ES,0.0,0.05748064270830466,0
2011-09-07,double7s__ma200__sp10,double7s_signal_D_maPeriod_200_shortPeriod_10,ES,0.0,0.05748064270830466,0
2011-09-08,double7s__ma200__sp10,double7s_signal_D_maPeriod_200_shortPeriod_10,ES,0.0,0.05748064270830466,0
2011-09-09,double7s__ma200__sp10,double7s_signal_D_maPeriod_200_shortPeriod_10,ES,0.0,0.05748064270830466,0
2011-09-12,double7s__ma200__sp10,double7s_signal_D_maPeriod_200_shortPeriod_10,ES,0.0,0.05748064270830466,0
2011-09-13,double7s__ma200__sp10,double7s_signal_D_maPeriod_200_shortPeriod_10,ES,0.0,0.05748064270830466,0
2011-09-14,double7s__ma200__sp10,double7s_signal_D_maPeriod_200_shortPeriod_10,ES,0.0,0.05748064270830466,0
2011-09-15,double7s__ma200__sp10,double7s_signal_D_maPeriod_200_shortPeriod_10,ES,0.0,0.05748064270830466,0
2011-09-16,double7s__ma200__sp10,double7s_signal_D_maPeriod_200_shortPeriod_10,ES,0.0,0.05748064270830466,0
2011-09-19,double7s__ma200__sp10,double7s_signal_D_maPeriod_200_shortPeriod_10,ES,0.0,0.05748064270830466,0
2011-09-20,double7s__ma200__sp10,double7s_signal_D_maPeriod_200_shortPeriod_10,ES,0.0,0.05748064270830466,0
2011-09-21,double7s__ma200__sp10,double7s_signal_D_maPeriod_200_shortPeriod_10,ES,0.0,0.05748064270830466,0
2011-09-22,double7s__ma200__sp10,double7s_signal_D_maPeriod_200_shortPeriod_10,ES,0.0,0.05748064270830466,0
2011-09-23,double7s__ma200__sp10,double7s_signal_D_maPeriod_200_shortPeriod_10,ES,0.0,0.05748064270830466,0
2011-09-26,double7s__ma200__sp10,double7s_signal_D_maPeriod_200_shortPeriod_10,ES,0.0,0.05748064270830466,0
2011-09-27,double7s__ma200__sp10,double7s_signal_D_maPeriod_200_shortPeriod_10,ES,0.0,0.05748064270830466,0
2011-09-28,double7s__ma200__sp10,double7s_signal_D_maPeriod_200_shortPeriod_10,ES,0.0,0.05748064270830466,0
2011-09-29,double7s__ma200__sp10,double7s_signal_D_maPeriod_200_shortPeriod_10,ES,0.0,0.05748064270830466,0
2011-09-30,double7s__ma200__sp10,double7s_signal_D_maPeriod_200_shortPeriod_10,ES,0.0,0.05748064270830466,0
2011-10-03,double7s__ma200__sp10,double7s_signal_D_maPeriod_200_shortPeriod_10,ES,0.0,0.05748064270830466,0
2011-10-04,double7s__ma200__sp10,double7s_signal_D_maPeriod_200_shortPeriod_10,ES,0.0,0.05748064270830466,0
2011-10-05,double7s__ma200__sp10,double7s_signal_D_maPeriod_200_shortPeriod_10,ES,0.0,0.05748064270830466,0
2011-10-06,double7s__ma200__sp10,double7s_signal_D_maPeriod_200_shortPeriod_10,ES,0.0,0.05748064270830466,0
2011-10-07,double7s__ma200__sp10,double7s_signal_D_maPeriod_200_shortPeriod_10,ES,0.0,0.05748064270830466,0
2011-10-10,double7s__ma200__sp10,double7s_signal_D_maPeriod_200_shortPeriod_10,ES,0.0,0.05748064270830466,0
2011-10-11,double7s__ma200__sp10,double7s_signal_D_maPeriod_200_shortPeriod_10,ES,0.0,0.05748064270830466,0
2011-10-12,double7s__ma200__sp10,double7s_signal_D_maPeriod_200_shortPeriod_10,ES,0.0,0.05748064270830466,0
2011-10-13,double7s__ma200__sp10,double7s_signal_D_maPeriod_200_shortPeriod_10,ES,0.0,0.05748064270830466,0
2011-10-14,double7s__ma200__sp10,double7s_signal_D_maPeriod_200_shortPeriod_10,ES,0.0,0.05748064270830466,0
2011-10-17,double7s__ma200__sp10,double7s_signal_D_maPeriod_200_shortPeriod_10,ES,0.0,0.05748064270830466,0
2011-10-18,double7s__ma200__sp10,double7s_signal_D_maPeriod_200_shortPeriod_10,ES,0.0,0.05748064270830466,0
2011-10-19,double7s__ma200__sp10,double7s_signal_D_maPeriod_200_shortPeriod_10,ES,0.0,0.05748064270830466,0
2011-10-20,double7s__ma200__sp10,double7s_signal_D_maPeriod_200_shortPeriod_10,ES,0.0,0.05748064270830466,0
2011-10-21,double7s__ma200__sp10,double7s_signal_D_maPeriod_200_shortPeriod_10,ES,0.0,0.05748064270830466,0
2011-10-24,double7s__ma200__sp10,double7s_signal_D_maPeriod_200_shortPeriod_10,ES,0.0,0.05748064270830466,0
2011-10-25,double7s__ma200__sp10,double7s_signal_D_maPeriod_200_shortPeriod_10,ES,0.0,0.05748064270830466,0
2011-10-26,double7s__ma200__sp10,double7s_signal_D_maPeriod_200_shortPeriod_10,ES,0.0,0.05748064270830466,0
2011-10-27,double7s__ma200__sp10,double7s_signal_D_maPeriod_200_shortPeriod_10,ES,0.0,0.05748064270830466,0
2011-10-28,double7s__ma200__sp10,double7s_signal_D_maPeriod_200_shortPeriod_10,ES,0.0,0.05748064270830466,0
2011-10-31,double7s__ma200__sp10,double7s_signal_D_maPeriod_200_shortPeriod_10,ES,0.0,0.05748064270830466,0
2011-11-01,double7s__ma200__sp10,double7s_signal_D_maPeriod_200_shortPeriod_10,ES,0.0,0.05748064270830466,0
2011-11-02,double7s__ma200__sp10,double7s_signal_D_maPeriod_200_shortPeriod_10,ES,0.0,0.05748064270830466,0
2011-11-03,double7s__ma200__sp10,double7s_signal_D_maPeriod_200_shortPeriod_10,ES,0.0,0.05748064270830466,0
2011-11-04,double7s__ma200__sp10,double7s_signal_D_maPeriod_200_shortPeriod_10,ES,0.0,0.05748064270830466,0
2011-11-07,double7s__ma200__sp10,double7s_signal_D_maPeriod_200_shortPeriod_10,ES,0.0,0.05748064270830466,0
2011-11-08,double7s__ma200__sp10,double7s_signal_D_maPeriod_200_shortPeriod_10,ES,0.0,0.05748064270830466,0
2011-11-09,double7s__ma200__sp10,double7s_signal_D_maPeriod_200_shortPeriod_10,ES,0.0,0.05748064270830466,0
2011-11-10,double7s__ma200__sp10,double7s_signal_D_maPeriod_200_shortPeriod_10,ES,0.0,0.05748064270830466,0
2011-11-11,double7s__ma200__sp10,double7s_signal_D_maPeriod_200_shortPeriod_10,ES,0.0,0.05748064270830466,0
2011-11-14,double7s__ma200__sp10,double7s_signal_D_maPeriod_200_shortPeriod_10,ES,0.0,0.05748064270830466,0
2011-11-15,double7s__ma200__sp10,double7s_signal_D_maPeriod_200_shortPeriod_10,ES,0.0,0.05748064270830466,0
2011-11-16,double7s__ma200__sp10,double7s_signal_D_maPeriod_200_shortPeriod_10,ES,0.0,0.05748064270830466,0
2011-11-17,double7s__ma200__sp10,double7s_signal_D_maPeriod_200_shortPeriod_10,ES,0.0,0.05748064270830466,0
2011-11-18,double7s__ma200__sp10,double7s_signal_D_maPeriod_200_shortPeriod_10,ES,0.0,0.05748064270830466,0
2011-11-21,double7s__ma200__sp10,double7s_signal_D_maPeriod_200_shortPeriod_10,ES,0.0,0.05748064270830466,0
2011-11-22,double7s__ma200__sp10,double7s_signal_D_maPeriod_200_shortPeriod_10,ES,0.0,0.05748064270830466,0
2011-11-23,double7s__ma200__sp10,double7s_signal_D_maPeriod_200_shortPeriod_10,ES,0.0,0.05748064270830466,0
2011-11-25,double7s__ma200__sp10,double7s_signal_D_maPeriod_200_shortPeriod_10,ES,0.0,0.05748064270830466,0
2011-11-28,double7s__ma200__sp10,double7s_signal_D_maPeriod_200_shortPeriod_10,ES,0.0,0.05748064270830466,0
2011-11-29,double7s__ma200__sp10,double7s_signal_D_maPeriod_200_shortPeriod_10,ES,0.0,0.05748064270830466,0
2011-11-30,double7s__ma200__sp10,double7s_signal_D_maPeriod_200_shortPeriod_10,ES,0.0,0.05748064270830466,0
2011-12-01,double7s__ma200__sp10,double7s_signal_D_maPeriod_200_shortPeriod_10,ES,0.0,0.05748064270830466,0
2011-12-02,double7s__ma200__sp10,double7s_signal_D_maPeriod_200_shortPeriod_10,ES,0.0,0.05748064270830466,0
2011-12-05,double7s__ma200__sp10,double7s_signal_D_maPeriod_200_shortPeriod_10,ES,0.0,0.05748064270830466,0
2011-12-06,double7s__ma200__sp10,double7s_signal_D_maPeriod_200_shortPeriod_10,ES,0.0,0.05748064270830466,0
2011-12-07,double7s__ma200__sp10,double7s_signal_D_maPeriod_200_shortPeriod_10,ES,0.0,0.05748064270830466,0
2011-12-08,double7s__ma200__sp10,double7s_signal_D_maPeriod_200_shortPeriod_10,ES,0.0,0.05748064270830466,0
2011-12-09,double7s__ma200__sp10,double7s_signal_D_maPeriod_200_shortPeriod_10,ES,0.0,0.05748064270830466,0
2011-12-12,double7s__ma200__sp10,double7s_signal_D_maPeriod_200_shortPeriod_10,ES,0.0,0.05748064270830466,0
2011-12-13,double7s__ma200__sp10,double7s_signal_D_maPeriod_200_shortPeriod_10,ES,0.0,0.05748064270830466,0
2011-12-14,double7s__ma200__sp10,double7s_signal_D_maPeriod_200_shortPeriod_10,ES,0.0,0.05748064270830466,0
2011-12-15,double7s__ma200__sp10,double7s_signal_D_maPeriod_200_shortPeriod_10,ES,0.0,0.05748064270830466,0
2011-12-16,double7s__ma200__sp10,double7s_signal_D_maPeriod_200_shortPeriod_10,ES,0.0,0.05748064270830466,0
2011-12-19,double7s__ma200__sp10,double7s_signal_D_maPeriod_200_shortPeriod_10,ES,0.0,0.05748064270830466,0
2011-12-20,double7s__ma200__sp10,double7s_signal_D_maPeriod_200_shortPeriod_10,ES,0.0,0.05748064270830466,0
2011-12-21,double7s__ma200__sp10,double7s_signal_D_maPeriod_200_shortPeriod_10,ES,0.0,0.05748064270830466,0
2011-12-22,double7s__ma200__sp10,double7s_signal_D_maPeriod_200_shortPeriod_10,ES,0.0,0.05748064270830466,0
2011-12-23,double7s__ma200__sp10,double7s_signal_D_maPeriod_200_shortPeriod_10,ES,0.0,0.05748064270830466,0
2011-12-27,double7s__ma200__sp10,double7s_signal_D_maPeriod_200_shortPeriod_10,ES,0.0,0.05748064270830466,0
2011-12-28,double7s__ma200__sp10,double7s_signal_D_maPeriod_200_shortPeriod_10,ES,0.0,0.05748064270830466,0
2011-12-29,double7s__ma200__sp10,double7s_signal_D_maPeriod_200_shortPeriod_10,ES,0.0,0.05748064270830466,0
2011-12-30,double7s__ma200__sp10,double7s_signal_D_maPeriod_200_shortPeriod_10,ES,0.0,0.05748064270830466,0
2012-01-03,double7s__ma200__sp10,double7s_signal_D_maPeriod_200_shortPeriod_10,ES,0.0,0.05748064270830466,0
2012-01-04,double7s__ma200__sp10,double7s_signal_D_maPeriod_200_shortPeriod_10,ES,0.0,0.05748064270830466,0
2012-01-05,double7s__ma200__sp10,double7s_signal_D_maPeriod_200_shortPeriod_10,ES,0.0,0.05748064270830466,0
2012-01-06,double7s__ma200__sp10,double7s_signal_D_maPeriod_200_shortPeriod_10,ES,0.0,0.05748064270830466,0
2012-01-09,double7s__ma200__sp10,double7s_signal_D_maPeriod_200_shortPeriod_10,ES,0.0,0.05748064270830466,0
2012-01-10,double7s__ma200__sp10,double7s_signal_D_maPeriod_200_shortPeriod_10,ES,0.0,0.05748064270830466,0
2012-01-11,double7s__ma200__sp10,double7s_signal_D_maPeriod_200_shortPeriod_10,ES,0.0,0.05748064270830466,0
2012-01-12,double7s__ma200__sp10,double7s_signal_D_maPeriod_200_shortPeriod_10,ES,0.0,0.05748064270830466,0
2012-01-13,double7s__ma200__sp10,double7s_signal_D_maPeriod_200_shortPeriod_10,ES,0.0,0.05748064270830466,0
2012-01-17,double7s__ma200__sp10,double7s_signal_D_maPeriod_200_shortPeriod_10,ES,0.0,0.05748064270830466,0
2012-01-18,double7s__ma200__sp10,double7s_signal_D_maPeriod_200_shortPeriod_10,ES,0.0,0.05748064270830466,0
2012-01-19,double7s__ma200__sp10,double7s_signal_D_maPeriod_200_shortPeriod_10,ES,0.0,0.05748064270830466,0
2012-01-20,double7s__ma200__sp10,double7s_signal_D_maPeriod_200_shortPeriod_10,ES,0.0,0.05748064270830466,0
2012-01-23,double7s__ma200__sp10,double7s_signal_D_maPeriod_200_shortPeriod_10,ES,0.0,0.05748064270830466,0
2012-01-24,double7s__ma200__sp10,double7s_signal_D_maPeriod_200_shortPeriod_10,ES,0.0,0.05748064270830466,0
2012-01-25,double7s__ma200__sp10,double7s_signal_D_maPeriod_200_shortPeriod_10,ES,0.0,0.05748064270830466,0
2012-01-26,double7s__ma200__sp10,double7s_signal_D_maPeriod_200_shortPeriod_10,ES,0.0,0.05748064270830466,0
2012-01-27,double7s__ma200__sp10,double7s_signal_D_maPeriod_200_shortPeriod_10,ES,0.0,0.05748064270830466,0
2012-01-30,double7s__ma200__sp10,double7s_signal_D_maPeriod_200_shortPeriod_10,ES,0.0,0.05748064270830466,0
2012-01-31,double7s__ma200__sp10,double7s_signal_D_maPeriod_200_shortPeriod_10,ES,0.0,0.05748064270830466,0
2012-02-01,double7s__ma200__sp10,double7s_signal_D_maPeriod_200_shortPeriod_10,ES,0.0,0.05748064270830466,0
2012-02-02,double7s__ma200__sp10,double7s_signal_D_maPeriod_200_shortPeriod_10,ES,0.0,0.05748064270830466,0
2012-02-03,double7s__ma200__sp10,double7s_signal_D_maPeriod_200_shortPeriod_10,ES,0.0,0.05748064270830466,0
2012-02-06,double7s__ma200__sp10,double7s_signal_D_maPeriod_200_shortPeriod_10,ES,0.0,0.05748064270830466,0
2012-02-07,double7s__ma200__sp10,double7s_signal_D_maPeriod_200_shortPeriod_10,ES,0.0,0.05748064270830466,0
2012-02-08,double7s__ma200__sp10,double7s_signal_D_maPeriod_200_shortPeriod_10,ES,0.0,0.05748064270830466,0
2012-02-09,double7s__ma200__sp10,double7s_signal_D_maPeriod_200_shortPeriod_10,ES,0.0,0.05748064270830466,0
2012-02-10,double7s__ma200__sp10,double7s_signal_D_maPeriod_200_shortPeriod_10,ES,0.0,0.05748064270830466,0
2012-02-13,double7s__ma200__sp10,double7s_signal_D_maPeriod_200_shortPeriod_10,ES,0.0,0.05748064270830466,0
2012-02-14,double7s__ma200__sp10,double7s_signal_D_maPeriod_200_shortPeriod_10,ES,0.0,0.05748064270830466,0
2012-02-15,double7s__ma200__sp10,double7s_signal_D_maPeriod_200_shortPeriod_10,ES,0.0,0.05748064270830466,0
2012-02-16,double7s__ma200__sp10,double7s_signal_D_maPeriod_200_shortPeriod_10,ES,0.0,0.05748064270830466,0
2012-02-17,double7s__ma200__sp10,double7s_signal_D_maPeriod_200_shortPeriod_10,ES,0.0,0.05748064270830466,0
2012-02-21,double7s__ma200__sp10,double7s_signal_D_maPeriod_200_shortPeriod_10,ES,0.0,0.05748064270830466,0
2012-02-22,double7s__ma200__sp10,double7s_signal_D_maPeriod_200_shortPeriod_10,ES,0.0,0.05748064270830466,0
2012-02-23,double7s__ma200__sp10,double7s_signal_D_maPeriod_200_shortPeriod_10,ES,0.0,0.05748064270830466,0
2012-02-24,double7s__ma200__sp10,double7s_signal_D_maPeriod_200_shortPeriod_10,ES,0.0,0.05748064270830466,0
2012-02-27,double7s__ma200__sp10,double7s_signal_D_maPeriod_200_shortPeriod_10,ES,0.0,0.05748064270830466,0
2012-02-28,double7s__ma200__sp10,double7s_signal_D_maPeriod_200_shortPeriod_10,ES,0.0,0.05748064270830466,0
2012-02-29,double7s__ma200__sp10,double7s_signal_D_maPeriod_200_shortPeriod_10,ES,0.0,0.05748064270830466,0
2012-03-01,double7s__ma200__sp10,double7s_signal_D_maPeriod_200_shortPeriod_10,ES,0.0,0.05748064270830466,0
2012-03-02,double7s__ma200__sp10,double7s_signal_D_maPeriod_200_shortPeriod_10,ES,0.0,0.05748064270830466,0
2012-03-05,double7s__ma200__sp10,double7s_signal_D_maPeriod_200_shortPeriod_10,ES,0.0,0.05748064270830466,0
2012-03-06,double7s__ma200__sp10,double7s_signal_D_maPeriod_200_shortPeriod_10,ES,0.0,0.05748064270830466,0
2012-03-07,double7s__ma200__sp10,double7s_signal_D_maPeriod_200_shortPeriod_10,ES,0.002882115183576005,0.06036275789188067,0
2012-03-08,double7s__ma200__sp10,double7s_signal_D_maPeriod_200_shortPeriod_10,ES,0.005339462701281484,0.06570222059316215,0
2012-03-09,double7s__ma200__sp10,double7s_signal_D_maPeriod_200_shortPeriod_10,ES,0.00220316558887367,0.06790538618203582,0
2012-03-12,double7s__ma200__sp10,double7s_signal_D_maPeriod_200_shortPeriod_10,ES,-0.0001312294199952997,0.06777415676204052,0
2012-03-13,double7s__ma200__sp10,double7s_signal_D_maPeriod_200_shortPeriod_10,ES,0.013665024181527737,0.08143918094356825,0
2012-03-14,double7s__ma200__sp10,double7s_signal_D_maPeriod_200_shortPeriod_10,ES,0.0,0.08143918094356825,0
2012-03-15,double7s__ma200__sp10,double7s_signal_D_maPeriod_200_shortPeriod_10,ES,0.0,0.08143918094356825,0
2012-03-16,double7s__ma200__sp10,double7s_signal_D_maPeriod_200_shortPeriod_10,ES,0.0,0.08143918094356825,0
2012-03-19,double7s__ma200__sp10,double7s_signal_D_maPeriod_200_shortPeriod_10,ES,0.0,0.08143918094356825,0
2012-03-20,double7s__ma200__sp10,double7s_signal_D_maPeriod_200_shortPeriod_10,ES,0.0,0.08143918094356825,0
2012-03-21,double7s__ma200__sp10,double7s_signal_D_maPeriod_200_shortPeriod_10,ES,0.0,0.08143918094356825,0
2012-03-22,double7s__ma200__sp10,double7s_signal_D_maPeriod_200_shortPeriod_10,ES,0.0,0.08143918094356825,0
2012-03-23,double7s__ma200__sp10,double7s_signal_D_maPeriod_200_shortPeriod_10,ES,0.0,0.08143918094356825,0
2012-03-26,double7s__ma200__sp10,double7s_signal_D_maPeriod_200_shortPeriod_10,ES,0.0,0.08143918094356825,0
2012-03-27,double7s__ma200__sp10,double7s_signal_D_maPeriod_200_shortPeriod_10,ES,0.0,0.08143918094356825,0
2012-03-28,double7s__ma200__sp10,double7s_signal_D_maPeriod_200_shortPeriod_10,ES,0.0,0.08143918094356825,0
2012-03-29,double7s__ma200__sp10,double7s_signal_D_maPeriod_200_shortPeriod_10,ES,0.0,0.08143918094356825,0
2012-03-30,double7s__ma200__sp10,double7s_signal_D_maPeriod_200_shortPeriod_10,ES,0.0,0.08143918094356825,0
2012-04-02,double7s__ma200__sp10,double7s_signal_D_maPeriod_200_shortPeriod_10,ES,0.0,0.08143918094356825,0
2012-04-03,double7s__ma200__sp10,double7s_signal_D_maPeriod_200_shortPeriod_10,ES,0.0,0.08143918094356825,0
2012-04-04,double7s__ma200__sp10,double7s_signal_D_maPeriod_200_shortPeriod_10,ES,0.0,0.08143918094356825,0
2012-04-05,double7s__ma200__sp10,double7s_signal_D_maPeriod_200_shortPeriod_10,ES,0.0,0.08143918094356825,0
2012-04-06,double7s__ma200__sp10,double7s_signal_D_maPeriod_200_shortPeriod_10,ES,0.0,0.08143918094356825,0
2012-04-09,double7s__ma200__sp10,double7s_signal_D_maPeriod_200_shortPeriod_10,ES,0.0,0.08143918094356825,0
2012-04-10,double7s__ma200__sp10,double7s_signal_D_maPeriod_200_shortPeriod_10,ES,-0.005819154759904673,0.07562002618366358,0
2012-04-11,double7s__ma200__sp10,double7s_signal_D_maPeriod_200_shortPeriod_10,ES,0.0018498355016997555,0.07746986168536334,0
2012-04-12,double7s__ma200__sp10,double7s_signal_D_maPeriod_200_shortPeriod_10,ES,0.010374286507898059,0.08784414819326139,0
2012-04-13,double7s__ma200__sp10,double7s_signal_D_maPeriod_200_shortPeriod_10,ES,-0.005354630002946114,0.08248951819031528,0
2012-04-16,double7s__ma200__sp10,double7s_signal_D_maPeriod_200_shortPeriod_10,ES,-0.0005260876123205826,0.0819634305779947,0
2012-04-17,double7s__ma200__sp10,double7s_signal_D_maPeriod_200_shortPeriod_10,ES,0.011104447301550439,0.09306787787954514,0
2012-04-18,double7s__ma200__sp10,double7s_signal_D_maPeriod_200_shortPeriod_10,ES,-0.0015466300781585812,0.09152124780138655,0
2012-04-19,double7s__ma200__sp10,double7s_signal_D_maPeriod_200_shortPeriod_10,ES,-0.003236501992995902,0.08828474580839066,0
2012-04-20,double7s__ma200__sp10,double7s_signal_D_maPeriod_200_shortPeriod_10,ES,0.0008393980671285772,0.08912414387551923,0
2012-04-23,double7s__ma200__sp10,double7s_signal_D_maPeriod_200_shortPeriod_10,ES,-0.005498205139240004,0.08362593873627923,0
2012-04-24,double7s__ma200__sp10,double7s_signal_D_maPeriod_200_shortPeriod_10,ES,0.0026656941408099545,0.08629163287708919,0
2012-04-25,double7s__ma200__sp10,double7s_signal_D_maPeriod_200_shortPeriod_10,ES,0.008094428855311617,0.0943860617324008,0
2012-04-26,double7s__ma200__sp10,double7s_signal_D_maPeriod_200_shortPeriod_10,ES,0.0,0.0943860617324008,0
2012-04-27,double7s__ma200__sp10,double7s_signal_D_maPeriod_200_shortPeriod_10,ES,0.0,0.0943860617324008,0
2012-04-30,double7s__ma200__sp10,double7s_signal_D_maPeriod_200_shortPeriod_10,ES,0.0,0.0943860617324008,0
2012-05-01,double7s__ma200__sp10,double7s_signal_D_maPeriod_200_shortPeriod_10,ES,0.0,0.0943860617324008,0
2012-05-02,double7s__ma200__sp10,double7s_signal_D_maPeriod_200_shortPeriod_10,ES,0.0,0.0943860617324008,0
2012-05-03,double7s__ma200__sp10,double7s_signal_D_maPeriod_200_shortPeriod_10,ES,0.0,0.0943860617324008,0
2012-05-04,double7s__ma200__sp10,double7s_signal_D_maPeriod_200_shortPeriod_10,ES,0.0,0.0943860617324008,0
2012-05-07,double7s__ma200__sp10,double7s_signal_D_maPeriod_200_shortPeriod_10,ES,0.002903440748149028,0.09728950248054982,0
2012-05-08,double7s__ma200__sp10,double7s_signal_D_maPeriod_200_shortPeriod_10,ES,-0.0036261905315803883,0.09366331194896943,0
2012-05-09,double7s__ma200__sp10,double7s_signal_D_maPeriod_200_shortPeriod_10,ES,-0.004087145289960924,0.0895761666590085,0
2012-05-10,double7s__ma200__sp10,double7s_signal_D_maPeriod_200_shortPeriod_10,ES,0.0031288175964570377,0.09270498425546554,0
2012-05-11,double7s__ma200__sp10,double7s_signal_D_maPeriod_200_shortPeriod_10,ES,-0.004001220730600416,0.08870376352486513,0
2012-05-14,double7s__ma200__sp10,double7s_signal_D_maPeriod_200_shortPeriod_10,ES,-0.00606511847626272,0.08263864504860241,0
2012-05-15,double7s__ma200__sp10,double7s_signal_D_maPeriod_200_shortPeriod_10,ES,-0.002040639470789177,0.08059800557781323,0
2012-05-16,double7s__ma200__sp10,double7s_signal_D_maPeriod_200_shortPeriod_10,ES,-0.003318480226878445,0.07727952535093478,0
2012-05-17,double7s__ma200__sp10,double7s_signal_D_maPeriod_200_shortPeriod_10,ES,-0.01244797245269823,0.06483155289823656,0
2012-05-18,double7s__ma200__sp10,double7s_signal_D_maPeriod_200_shortPeriod_10,ES,-0.0030350431257209778,0.06179650977251558,0
2012-05-21,double7s__ma200__sp10,double7s_signal_D_maPeriod_200_shortPeriod_10,ES,0.009613641178944943,0.07141015095146053,0
2012-05-22,double7s__ma200__sp10,double7s_signal_D_maPeriod_200_shortPeriod_10,ES,-0.00011732961410846569,0.07129282133735206,0
2012-05-23,double7s__ma200__sp10,double7s_signal_D_maPeriod_200_shortPeriod_10,ES,0.00013921503868299096,0.07143203637603504,0
2012-05-24,double7s__ma200__sp10,double7s_signal_D_maPeriod_200_shortPeriod_10,ES,0.004007171789545177,0.07543920816558022,0
2012-05-25,double7s__ma200__sp10,double7s_signal_D_maPeriod_200_shortPeriod_10,ES,-0.004042210912897939,0.07139699725268228,0
2012-05-29,double7s__ma200__sp10,double7s_signal_D_maPeriod_200_shortPeriod_10,ES,0.005796244082910302,0.07719324133559258,0
2012-05-30,double7s__ma200__sp10,double7s_signal_D_maPeriod_200_shortPeriod_10,ES,-0.007380153355567265,0.0698130879800253,0
2012-05-31,double7s__ma200__sp10,double7s_signal_D_maPeriod_200_shortPeriod_10,ES,5.883584028125827e-05,0.06987192382030656,0
2012-06-01,double7s__ma200__sp10,double7s_signal_D_maPeriod_200_shortPeriod_10,ES,-0.01824968499376212,0.051622238826544445,0
2012-06-04,double7s__ma200__sp10,double7s_signal_D_maPeriod_200_shortPeriod_10,ES,-0.0003644847098317677,0.05125775411671268,0
2012-06-05,double7s__ma200__sp10,double7s_signal_D_maPeriod_200_shortPeriod_10,ES,0.005641116098762732,0.056898870215475406,0
2012-06-06,double7s__ma200__sp10,double7s_signal_D_maPeriod_200_shortPeriod_10,ES,0.011785451279775944,0.06868432149525135,0
2012-06-07,double7s__ma200__sp10,double7s_signal_D_maPeriod_200_shortPeriod_10,ES,0.00030088719451677276,0.06898520868976812,0
2012-06-08,double7s__ma200__sp10,double7s_signal_D_maPeriod_200_shortPeriod_10,ES,0.006304995047809997,0.07529020373757812,0
2012-06-11,double7s__ma200__sp10,double7s_signal_D_maPeriod_200_shortPeriod_10,ES,-0.013686222964642824,0.0616039807729353,0
2012-06-12,double7s__ma200__sp10,double7s_signal_D_maPeriod_200_shortPeriod_10,ES,0.005035692574862184,0.06663967334779748,0
2012-06-13,double7s__ma200__sp10,double7s_signal_D_maPeriod_200_shortPeriod_10,ES,-0.002953535825866015,0.06368613752193146,0
2012-06-14,double7s__ma200__sp10,double7s_signal_D_maPeriod_200_shortPeriod_10,ES,0.006680285420339605,0.07036642294227106,0
2012-06-15,double7s__ma200__sp10,double7s_signal_D_maPeriod_200_shortPeriod_10,ES,0.0,0.07036642294227106,0
2012-06-18,double7s__ma200__sp10,double7s_signal_D_maPeriod_200_shortPeriod_10,ES,0.0,0.07036642294227106,0
2012-06-19,double7s__ma200__sp10,double7s_signal_D_maPeriod_200_shortPeriod_10,ES,0.0,0.07036642294227106,0
2012-06-20,double7s__ma200__sp10,double7s_signal_D_maPeriod_200_shortPeriod_10,ES,0.0,0.07036642294227106,0
2012-06-21,double7s__ma200__sp10,double7s_signal_D_maPeriod_200_shortPeriod_10,ES,0.0,0.07036642294227106,0
2012-06-22,double7s__ma200__sp10,double7s_signal_D_maPeriod_200_shortPeriod_10,ES,0.0,0.07036642294227106,0
2012-06-25,double7s__ma200__sp10,double7s_signal_D_maPeriod_200_shortPeriod_10,ES,0.0,0.07036642294227106,0
2012-06-26,double7s__ma200__sp10,double7s_signal_D_maPeriod_200_shortPeriod_10,ES,0.0,0.07036642294227106,0
2012-06-27,double7s__ma200__sp10,double7s_signal_D_maPeriod_200_shortPeriod_10,ES,0.0,0.07036642294227106,0
2012-06-28,double7s__ma200__sp10,double7s_signal_D_maPeriod_200_shortPeriod_10,ES,0.0,0.07036642294227106,0
2012-06-29,double7s__ma200__sp10,double7s_signal_D_maPeriod_200_shortPeriod_10,ES,0.0,0.07036642294227106,0
2012-07-02,double7s__ma200__sp10,double7s_signal_D_maPeriod_200_shortPeriod_10,ES,0.0,0.07036642294227106,0
2012-07-03,double7s__ma200__sp10,double7s_signal_D_maPeriod_200_shortPeriod_10,ES,0.0,0.07036642294227106,0
2012-07-05,double7s__ma200__sp10,double7s_signal_D_maPeriod_200_shortPeriod_10,ES,0.0,0.07036642294227106,0
2012-07-06,double7s__ma200__sp10,double7s_signal_D_maPeriod_200_shortPeriod_10,ES,0.0,0.07036642294227106,0
2012-07-09,double7s__ma200__sp10,double7s_signal_D_maPeriod_200_shortPeriod_10,ES,0.0,0.07036642294227106,0
2012-07-10,double7s__ma200__sp10,double7s_signal_D_maPeriod_200_shortPeriod_10,ES,0.0,0.07036642294227106,0
2012-07-11,double7s__ma200__sp10,double7s_signal_D_maPeriod_200_shortPeriod_10,ES,0.0,0.07036642294227106,0
2012-07-12,double7s__ma200__sp10,double7s_signal_D_maPeriod_200_shortPeriod_10,ES,0.0,0.07036642294227106,0
2012-07-13,double7s__ma200__sp10,double7s_signal_D_maPeriod_200_shortPeriod_10,ES,0.0,0.07036642294227106,0
2012-07-16,double7s__ma200__sp10,double7s_signal_D_maPeriod_200_shortPeriod_10,ES,0.0,0.07036642294227106,0
2012-07-17,double7s__ma200__sp10,double7s_signal_D_maPeriod_200_shortPeriod_10,ES,0.0,0.07036642294227106,0
2012-07-18,double7s__ma200__sp10,double7s_signal_D_maPeriod_200_shortPeriod_10,ES,0.0,0.07036642294227106,0
2012-07-19,double7s__ma200__sp10,double7s_signal_D_maPeriod_200_shortPeriod_10,ES,0.0,0.07036642294227106,0
2012-07-20,double7s__ma200__sp10,double7s_signal_D_maPeriod_200_shortPeriod_10,ES,0.0,0.07036642294227106,0
2012-07-23,double7s__ma200__sp10,double7s_signal_D_maPeriod_200_shortPeriod_10,ES,0.0,0.07036642294227106,0
2012-07-24,double7s__ma200__sp10,double7s_signal_D_maPeriod_200_shortPeriod_10,ES,0.0,0.07036642294227106,0
2012-07-25,double7s__ma200__sp10,double7s_signal_D_maPeriod_200_shortPeriod_10,ES,0.0,0.07036642294227106,0
2012-07-26,double7s__ma200__sp10,double7s_signal_D_maPeriod_200_shortPeriod_10,ES,0.0,0.07036642294227106,0
2012-07-27,double7s__ma200__sp10,double7s_signal_D_maPeriod_200_shortPeriod_10,ES,0.0,0.07036642294227106,0
2012-07-30,double7s__ma200__sp10,double7s_signal_D_maPeriod_200_shortPeriod_10,ES,0.0,0.07036642294227106,0
2012-07-31,double7s__ma200__sp10,double7s_signal_D_maPeriod_200_shortPeriod_10,ES,0.0,0.07036642294227106,0
2012-08-01,double7s__ma200__sp10,double7s_signal_D_maPeriod_200_shortPeriod_10,ES,0.0,0.07036642294227106,0
2012-08-02,double7s__ma200__sp10,double7s_signal_D_maPeriod_200_shortPeriod_10,ES,0.0,0.07036642294227106,0
2012-08-03,double7s__ma200__sp10,double7s_signal_D_maPeriod_200_shortPeriod_10,ES,0.0,0.07036642294227106,0
2012-08-06,double7s__ma200__sp10,double7s_signal_D_maPeriod_200_shortPeriod_10,ES,0.0,0.07036642294227106,0
2012-08-07,double7s__ma200__sp10,double7s_signal_D_maPeriod_200_shortPeriod_10,ES,0.0,0.07036642294227106,0
2012-08-08,double7s__ma200__sp10,double7s_signal_D_maPeriod_200_shortPeriod_10,ES,0.0,0.07036642294227106,0
2012-08-09,double7s__ma200__sp10,double7s_signal_D_maPeriod_200_shortPeriod_10,ES,0.0,0.07036642294227106,0
2012-08-10,double7s__ma200__sp10,double7s_signal_D_maPeriod_200_shortPeriod_10,ES,0.0,0.07036642294227106,0
2012-08-13,double7s__ma200__sp10,double7s_signal_D_maPeriod_200_shortPeriod_10,ES,0.0,0.07036642294227106,0
2012-08-14,double7s__ma200__sp10,double7s_signal_D_maPeriod_200_shortPeriod_10,ES,0.0,0.07036642294227106,0
2012-08-15,double7s__ma200__sp10,double7s_signal_D_maPeriod_200_shortPeriod_10,ES,0.0,0.07036642294227106,0
2012-08-16,double7s__ma200__sp10,double7s_signal_D_maPeriod_200_shortPeriod_10,ES,0.0,0.07036642294227106,0
2012-08-17,double7s__ma200__sp10,double7s_signal_D_maPeriod_200_shortPeriod_10,ES,0.0,0.07036642294227106,0
2012-08-20,double7s__ma200__sp10,double7s_signal_D_maPeriod_200_shortPeriod_10,ES,0.0,0.07036642294227106,0
2012-08-21,double7s__ma200__sp10,double7s_signal_D_maPeriod_200_shortPeriod_10,ES,0.0,0.07036642294227106,0
2012-08-22,double7s__ma200__sp10,double7s_signal_D_maPeriod_200_shortPeriod_10,ES,0.0,0.07036642294227106,0
2012-08-23,double7s__ma200__sp10,double7s_signal_D_maPeriod_200_shortPeriod_10,ES,0.0,0.07036642294227106,0
2012-08-24,double7s__ma200__sp10,double7s_signal_D_maPeriod_200_shortPeriod_10,ES,0.0038446379440012514,0.07421106088627231,0
2012-08-27,double7s__ma200__sp10,double7s_signal_D_maPeriod_200_shortPeriod_10,ES,-0.0007472691192763845,0.07346379176699593,0
2012-08-28,double7s__ma200__sp10,double7s_signal_D_maPeriod_200_shortPeriod_10,ES,-0.0002824555246717615,0.07318133624232416,0
2012-08-29,double7s__ma200__sp10,double7s_signal_D_maPeriod_200_shortPeriod_10,ES,0.0,0.07318133624232416,0
2012-08-30,double7s__ma200__sp10,double7s_signal_D_maPeriod_200_shortPeriod_10,ES,-0.005666336793516097,0.06751499944880807,0
2012-08-31,double7s__ma200__sp10,double7s_signal_D_maPeriod_200_shortPeriod_10,ES,0.003418823849222167,0.07093382329803023,0
2012-09-04,double7s__ma200__sp10,double7s_signal_D_maPeriod_200_shortPeriod_10,ES,-0.00011878900170676662,0.07081503429632346,0
2012-09-05,double7s__ma200__sp10,double7s_signal_D_maPeriod_200_shortPeriod_10,ES,-0.0015559676032426894,0.06925906669308078,0
2012-09-06,double7s__ma200__sp10,double7s_signal_D_maPeriod_200_shortPeriod_10,ES,0.01546288135023399,0.08472194804331477,0
2012-09-07,double7s__ma200__sp10,double7s_signal_D_maPeriod_200_shortPeriod_10,ES,0.0,0.08472194804331477,0
2012-09-10,double7s__ma200__sp10,double7s_signal_D_maPeriod_200_shortPeriod_10,ES,0.0,0.08472194804331477,0
2012-09-11,double7s__ma200__sp10,double7s_signal_D_maPeriod_200_shortPeriod_10,ES,0.0,0.08472194804331477,0
2012-09-12,double7s__ma200__sp10,double7s_signal_D_maPeriod_200_shortPeriod_10,ES,0.0,0.08472194804331477,0
2012-09-13,double7s__ma200__sp10,double7s_signal_D_maPeriod_200_shortPeriod_10,ES,0.0,0.08472194804331477,0
2012-09-14,double7s__ma200__sp10,double7s_signal_D_maPeriod_200_shortPeriod_10,ES,0.0,0.08472194804331477,0
2012-09-17,double7s__ma200__sp10,double7s_signal_D_maPeriod_200_shortPeriod_10,ES,0.0,0.08472194804331477,0
2012-09-18,double7s__ma200__sp10,double7s_signal_D_maPeriod_200_shortPeriod_10,ES,0.0,0.08472194804331477,0
2012-09-19,double7s__ma200__sp10,double7s_signal_D_maPeriod_200_shortPeriod_10,ES,0.0,0.08472194804331477,0
2012-09-20,double7s__ma200__sp10,double7s_signal_D_maPeriod_200_shortPeriod_10,ES,0.0,0.08472194804331477,0
2012-09-21,double7s__ma200__sp10,double7s_signal_D_maPeriod_200_shortPeriod_10,ES,0.0,0.08472194804331477,0
2012-09-24,double7s__ma200__sp10,double7s_signal_D_maPeriod_200_shortPeriod_10,ES,0.0,0.08472194804331477,0
2012-09-25,double7s__ma200__sp10,double7s_signal_D_maPeriod_200_shortPeriod_10,ES,0.0,0.08472194804331477,0
2012-09-26,double7s__ma200__sp10,double7s_signal_D_maPeriod_200_shortPeriod_10,ES,0.0,0.08472194804331477,0
2012-09-27,double7s__ma200__sp10,double7s_signal_D_maPeriod_200_shortPeriod_10,ES,0.005556776664422238,0.09027872470773701,0
2012-09-28,double7s__ma200__sp10,double7s_signal_D_maPeriod_200_shortPeriod_10,ES,-0.002345895330152103,0.08793282937758491,0
2012-10-01,double7s__ma200__sp10,double7s_signal_D_maPeriod_200_shortPeriod_10,ES,0.0021147681484740663,0.09004759752605898,0
2012-10-02,double7s__ma200__sp10,double7s_signal_D_maPeriod_200_shortPeriod_10,ES,0.002495352394195334,0.09254294992025432,0
2012-10-03,double7s__ma200__sp10,double7s_signal_D_maPeriod_200_shortPeriod_10,ES,0.002490710162143771,0.0950336600823981,0
2012-10-04,double7s__ma200__sp10,double7s_signal_D_maPeriod_200_shortPeriod_10,ES,0.006479828887837075,0.10151348897023517,0
2012-10-05,double7s__ma200__sp10,double7s_signal_D_maPeriod_200_shortPeriod_10,ES,0.0,0.10151348897023517,0
2012-10-08,double7s__ma200__sp10,double7s_signal_D_maPeriod_200_shortPeriod_10,ES,0.0,0.10151348897023517,0
2012-10-09,double7s__ma200__sp10,double7s_signal_D_maPeriod_200_shortPeriod_10,ES,0.0,0.10151348897023517,0
2012-10-10,double7s__ma200__sp10,double7s_signal_D_maPeriod_200_shortPeriod_10,ES,0.0,0.10151348897023517,0
2012-10-11,double7s__ma200__sp10,double7s_signal_D_maPeriod_200_shortPeriod_10,ES,0.001169875315088521,0.1026833642853237,0
2012-10-12,double7s__ma200__sp10,double7s_signal_D_maPeriod_200_shortPeriod_10,ES,-0.003769022232497652,0.09891434205282604,0
2012-10-15,double7s__ma200__sp10,double7s_signal_D_maPeriod_200_shortPeriod_10,ES,0.006210258350545565,0.1051246004033716,0
2012-10-16,double7s__ma200__sp10,double7s_signal_D_maPeriod_200_shortPeriod_10,ES,0.004624093472758147,0.10974869387612975,0
2012-10-17,double7s__ma200__sp10,double7s_signal_D_maPeriod_200_shortPeriod_10,ES,0.002692776591345937,0.11244147046747568,0
2012-10-18,double7s__ma200__sp10,double7s_signal_D_maPeriod_200_shortPeriod_10,ES,0.0,0.11244147046747568,0
2012-10-19,double7s__ma200__sp10,double7s_signal_D_maPeriod_200_shortPeriod_10,ES,0.0,0.11244147046747568,0
2012-10-22,double7s__ma200__sp10,double7s_signal_D_maPeriod_200_shortPeriod_10,ES,0.0,0.11244147046747568,0
2012-10-23,double7s__ma200__sp10,double7s_signal_D_maPeriod_200_shortPeriod_10,ES,0.0,0.11244147046747568,0
2012-10-24,double7s__ma200__sp10,double7s_signal_D_maPeriod_200_shortPeriod_10,ES,-0.0003113672077897017,0.11213010325968599,0
2012-10-25,double7s__ma200__sp10,double7s_signal_D_maPeriod_200_shortPeriod_10,ES,0.0011266845860227832,0.11325678784570878,0
2012-10-26,double7s__ma200__sp10,double7s_signal_D_maPeriod_200_shortPeriod_10,ES,-0.0012666407981016558,0.11199014704760712,0
2012-10-29,double7s__ma200__sp10,double7s_signal_D_maPeriod_200_shortPeriod_10,ES,-0.001974439957959782,0.11001570708964735,0
2012-10-30,double7s__ma200__sp10,double7s_signal_D_maPeriod_200_shortPeriod_10,ES,0.0067669612539861404,0.11678266834363349,0
2012-10-31,double7s__ma200__sp10,double7s_signal_D_maPeriod_200_shortPeriod_10,ES,-0.002711953584082969,0.11407071475955052,0
2012-11-01,double7s__ma200__sp10,double7s_signal_D_maPeriod_200_shortPeriod_10,ES,0.011938735672441044,0.12600945043199158,0
2012-11-02,double7s__ma200__sp10,double7s_signal_D_maPeriod_200_shortPeriod_10,ES,-0.005640400042380211,0.12036905038961136,0
2012-11-05,double7s__ma200__sp10,double7s_signal_D_maPeriod_200_shortPeriod_10,ES,0.002759672547000405,0.12312872293661177,0
2012-11-06,double7s__ma200__sp10,double7s_signal_D_maPeriod_200_shortPeriod_10,ES,0.007015028217260151,0.13014375115387192,0
2012-11-07,double7s__ma200__sp10,double7s_signal_D_maPeriod_200_shortPeriod_10,ES,0.0,0.13014375115387192,0
2012-11-08,double7s__ma200__sp10,double7s_signal_D_maPeriod_200_shortPeriod_10,ES,-0.002655303858745562,0.12748844729512634,0
2012-11-09,double7s__ma200__sp10,double7s_signal_D_maPeriod_200_shortPeriod_10,ES,0.0,0.12748844729512634,0
2012-11-12,double7s__ma200__sp10,double7s_signal_D_maPeriod_200_shortPeriod_10,ES,0.001716460825466666,0.12920490812059301,0
2012-11-13,double7s__ma200__sp10,double7s_signal_D_maPeriod_200_shortPeriod_10,ES,-0.00415264294818042,0.1250522651724126,0
2012-11-14,double7s__ma200__sp10,double7s_signal_D_maPeriod_200_shortPeriod_10,ES,-0.010578685417480568,0.11447357975493204,0
2012-11-15,double7s__ma200__sp10,double7s_signal_D_maPeriod_200_shortPeriod_10,ES,-0.0008320122331622833,0.11364156752176975,0
2012-11-16,double7s__ma200__sp10,double7s_signal_D_maPeriod_200_shortPeriod_10,ES,0.004771969875247131,0.11841353739701688,0
2012-11-19,double7s__ma200__sp10,double7s_signal_D_maPeriod_200_shortPeriod_10,ES,0.010346704615563815,0.12876024201258068,0
2012-11-20,double7s__ma200__sp10,double7s_signal_D_maPeriod_200_shortPeriod_10,ES,0.0015751050483223522,0.13033534706090302,0
2012-11-21,double7s__ma200__sp10,double7s_signal_D_maPeriod_200_shortPeriod_10,ES,0.0012032681017605964,0.13153861516266363,0
2012-11-23,double7s__ma200__sp10,double7s_signal_D_maPeriod_200_shortPeriod_10,ES,0.009201404126149107,0.14074001928881275,0
2012-11-26,double7s__ma200__sp10,double7s_signal_D_maPeriod_200_shortPeriod_10,ES,0.0,0.14074001928881275,0
2012-11-27,double7s__ma200__sp10,double7s_signal_D_maPeriod_200_shortPeriod_10,ES,0.0,0.14074001928881275,0
2012-11-28,double7s__ma200__sp10,double7s_signal_D_maPeriod_200_shortPeriod_10,ES,0.0,0.14074001928881275,0
2012-11-29,double7s__ma200__sp10,double7s_signal_D_maPeriod_200_shortPeriod_10,ES,0.0,0.14074001928881275,0
2012-11-30,double7s__ma200__sp10,double7s_signal_D_maPeriod_200_shortPeriod_10,ES,0.0,0.14074001928881275,0
2012-12-03,double7s__ma200__sp10,double7s_signal_D_maPeriod_200_shortPeriod_10,ES,0.0,0.14074001928881275,0
2012-12-04,double7s__ma200__sp10,double7s_signal_D_maPeriod_200_shortPeriod_10,ES,0.0,0.14074001928881275,0
2012-12-05,double7s__ma200__sp10,double7s_signal_D_maPeriod_200_shortPeriod_10,ES,0.0,0.14074001928881275,0
2012-12-06,double7s__ma200__sp10,double7s_signal_D_maPeriod_200_shortPeriod_10,ES,0.0,0.14074001928881275,0
2012-12-07,double7s__ma200__sp10,double7s_signal_D_maPeriod_200_shortPeriod_10,ES,0.0,0.14074001928881275,0
2012-12-10,double7s__ma200__sp10,double7s_signal_D_maPeriod_200_shortPeriod_10,ES,0.0,0.14074001928881275,0
2012-12-11,double7s__ma200__sp10,double7s_signal_D_maPeriod_200_shortPeriod_10,ES,0.0,0.14074001928881275,0
2012-12-12,double7s__ma200__sp10,double7s_signal_D_maPeriod_200_shortPeriod_10,ES,0.0,0.14074001928881275,0
2012-12-13,double7s__ma200__sp10,double7s_signal_D_maPeriod_200_shortPeriod_10,ES,0.0,0.14074001928881275,0
2012-12-14,double7s__ma200__sp10,double7s_signal_D_maPeriod_200_shortPeriod_10,ES,0.0,0.14074001928881275,0
2012-12-17,double7s__ma200__sp10,double7s_signal_D_maPeriod_200_shortPeriod_10,ES,0.0,0.14074001928881275,0
2012-12-18,double7s__ma200__sp10,double7s_signal_D_maPeriod_200_shortPeriod_10,ES,0.0,0.14074001928881275,0
2012-12-19,double7s__ma200__sp10,double7s_signal_D_maPeriod_200_shortPeriod_10,ES,0.0,0.14074001928881275,0
2012-12-20,double7s__ma200__sp10,double7s_signal_D_maPeriod_200_shortPeriod_10,ES,0.0,0.14074001928881275,0
2012-12-21,double7s__ma200__sp10,double7s_signal_D_maPeriod_200_shortPeriod_10,ES,0.0,0.14074001928881275,0
2012-12-24,double7s__ma200__sp10,double7s_signal_D_maPeriod_200_shortPeriod_10,ES,0.0,0.14074001928881275,0
2012-12-26,double7s__ma200__sp10,double7s_signal_D_maPeriod_200_shortPeriod_10,ES,0.0,0.14074001928881275,0
2012-12-27,double7s__ma200__sp10,double7s_signal_D_maPeriod_200_shortPeriod_10,ES,0.0,0.14074001928881275,0
2012-12-28,double7s__ma200__sp10,double7s_signal_D_maPeriod_200_shortPeriod_10,ES,0.0,0.14074001928881275,0
2012-12-31,double7s__ma200__sp10,double7s_signal_D_maPeriod_200_shortPeriod_10,ES,0.007086624032559296,0.14782664332137205,0
2013-01-02,double7s__ma200__sp10,double7s_signal_D_maPeriod_200_shortPeriod_10,ES,0.0023796529849010695,0.1502062963062731,0
2013-01-03,double7s__ma200__sp10,double7s_signal_D_maPeriod_200_shortPeriod_10,ES,0.0,0.1502062963062731,0
2013-01-04,double7s__ma200__sp10,double7s_signal_D_maPeriod_200_shortPeriod_10,ES,0.0,0.1502062963062731,0
2013-01-07,double7s__ma200__sp10,double7s_signal_D_maPeriod_200_shortPeriod_10,ES,0.0,0.1502062963062731,0
2013-01-08,double7s__ma200__sp10,double7s_signal_D_maPeriod_200_shortPeriod_10,ES,0.0,0.1502062963062731,0
2013-01-09,double7s__ma200__sp10,double7s_signal_D_maPeriod_200_shortPeriod_10,ES,0.0,0.1502062963062731,0
2013-01-10,double7s__ma200__sp10,double7s_signal_D_maPeriod_200_shortPeriod_10,ES,0.0,0.1502062963062731,0
2013-01-11,double7s__ma200__sp10,double7s_signal_D_maPeriod_200_shortPeriod_10,ES,0.0,0.1502062963062731,0
2013-01-14,double7s__ma200__sp10,double7s_signal_D_maPeriod_200_shortPeriod_10,ES,0.0,0.1502062963062731,0
2013-01-15,double7s__ma200__sp10,double7s_signal_D_maPeriod_200_shortPeriod_10,ES,0.0,0.1502062963062731,0
2013-01-16,double7s__ma200__sp10,double7s_signal_D_maPeriod_200_shortPeriod_10,ES,0.0,0.1502062963062731,0
2013-01-17,double7s__ma200__sp10,double7s_signal_D_maPeriod_200_shortPeriod_10,ES,0.0,0.1502062963062731,0
2013-01-18,double7s__ma200__sp10,double7s_signal_D_maPeriod_200_shortPeriod_10,ES,0.0,0.1502062963062731,0
2013-01-22,double7s__ma200__sp10,double7s_signal_D_maPeriod_200_shortPeriod_10,ES,0.0,0.1502062963062731,0
2013-01-23,double7s__ma200__sp10,double7s_signal_D_maPeriod_200_shortPeriod_10,ES,0.0,0.1502062963062731,0
2013-01-24,double7s__ma200__sp10,double7s_signal_D_maPeriod_200_shortPeriod_10,ES,0.0,0.1502062963062731,0
2013-01-25,double7s__ma200__sp10,double7s_signal_D_maPeriod_200_shortPeriod_10,ES,0.0,0.1502062963062731,0
2013-01-28,double7s__ma200__sp10,double7s_signal_D_maPeriod_200_shortPeriod_10,ES,0.0,0.1502062963062731,0
2013-01-29,double7s__ma200__sp10,double7s_signal_D_maPeriod_200_shortPeriod_10,ES,0.0,0.1502062963062731,0
2013-01-30,double7s__ma200__sp10,double7s_signal_D_maPeriod_200_shortPeriod_10,ES,0.0,0.1502062963062731,0
2013-01-31,double7s__ma200__sp10,double7s_signal_D_maPeriod_200_shortPeriod_10,ES,0.0,0.1502062963062731,0
2013-02-01,double7s__ma200__sp10,double7s_signal_D_maPeriod_200_shortPeriod_10,ES,0.0,0.1502062963062731,0
2013-02-04,double7s__ma200__sp10,double7s_signal_D_maPeriod_200_shortPeriod_10,ES,0.0,0.1502062963062731,0
2013-02-05,double7s__ma200__sp10,double7s_signal_D_maPeriod_200_shortPeriod_10,ES,0.0,0.1502062963062731,0
2013-02-06,double7s__ma200__sp10,double7s_signal_D_maPeriod_200_shortPeriod_10,ES,0.0,0.1502062963062731,0
2013-02-07,double7s__ma200__sp10,double7s_signal_D_maPeriod_200_shortPeriod_10,ES,0.0,0.1502062963062731,0
2013-02-08,double7s__ma200__sp10,double7s_signal_D_maPeriod_200_shortPeriod_10,ES,0.0,0.1502062963062731,0
2013-02-11,double7s__ma200__sp10,double7s_signal_D_maPeriod_200_shortPeriod_10,ES,0.0,0.1502062963062731,0
2013-02-12,double7s__ma200__sp10,double7s_signal_D_maPeriod_200_shortPeriod_10,ES,0.0,0.1502062963062731,0
2013-02-13,double7s__ma200__sp10,double7s_signal_D_maPeriod_200_shortPeriod_10,ES,0.0,0.1502062963062731,0
2013-02-14,double7s__ma200__sp10,double7s_signal_D_maPeriod_200_shortPeriod_10,ES,0.0,0.1502062963062731,0
2013-02-15,double7s__ma200__sp10,double7s_signal_D_maPeriod_200_shortPeriod_10,ES,0.0,0.1502062963062731,0
2013-02-19,double7s__ma200__sp10,double7s_signal_D_maPeriod_200_shortPeriod_10,ES,0.0,0.1502062963062731,0
2013-02-20,double7s__ma200__sp10,double7s_signal_D_maPeriod_200_shortPeriod_10,ES,0.0,0.1502062963062731,0
2013-02-21,double7s__ma200__sp10,double7s_signal_D_maPeriod_200_shortPeriod_10,ES,0.0,0.1502062963062731,0
2013-02-22,double7s__ma200__sp10,double7s_signal_D_maPeriod_200_shortPeriod_10,ES,0.005901115523318272,0.15610741182959137,0
2013-02-25,double7s__ma200__sp10,double7s_signal_D_maPeriod_200_shortPeriod_10,ES,-0.010067280998785823,0.14604013083080555,0
2013-02-26,double7s__ma200__sp10,double7s_signal_D_maPeriod_200_shortPeriod_10,ES,0.0015293465496318789,0.14756947738043744,0
2013-02-27,double7s__ma200__sp10,double7s_signal_D_maPeriod_200_shortPeriod_10,ES,0.010426431033031215,0.15799590841346864,0
2013-02-28,double7s__ma200__sp10,double7s_signal_D_maPeriod_200_shortPeriod_10,ES,-0.0007329966546417785,0.15726291175882687,0
2013-03-01,double7s__ma200__sp10,double7s_signal_D_maPeriod_200_shortPeriod_10,ES,0.002133268941497819,0.15939618070032469,0
2013-03-04,double7s__ma200__sp10,double7s_signal_D_maPeriod_200_shortPeriod_10,ES,0.005850420976248784,0.16524660167657346,0
2013-03-05,double7s__ma200__sp10,double7s_signal_D_maPeriod_200_shortPeriod_10,ES,0.004519107102546491,0.16976570877911995,0
2013-03-06,double7s__ma200__sp10,double7s_signal_D_maPeriod_200_shortPeriod_10,ES,0.0,0.16976570877911995,0
2013-03-07,double7s__ma200__sp10,double7s_signal_D_maPeriod_200_shortPeriod_10,ES,0.0,0.16976570877911995,0
2013-03-08,double7s__ma200__sp10,double7s_signal_D_maPeriod_200_shortPeriod_10,ES,0.0,0.16976570877911995,0
2013-03-11,double7s__ma200__sp10,double7s_signal_D_maPeriod_200_shortPeriod_10,ES,0.0,0.16976570877911995,0
2013-03-12,double7s__ma200__sp10,double7s_signal_D_maPeriod_200_shortPeriod_10,ES,0.0,0.16976570877911995,0
2013-03-13,double7s__ma200__sp10,double7s_signal_D_maPeriod_200_shortPeriod_10,ES,0.0,0.16976570877911995,0
2013-03-14,double7s__ma200__sp10,double7s_signal_D_maPeriod_200_shortPeriod_10,ES,0.0,0.16976570877911995,0
2013-03-15,double7s__ma200__sp10,double7s_signal_D_maPeriod_200_shortPeriod_10,ES,0.0,0.16976570877911995,0
2013-03-18,double7s__ma200__sp10,double7s_signal_D_maPeriod_200_shortPeriod_10,ES,0.0,0.16976570877911995,0
2013-03-19,double7s__ma200__sp10,double7s_signal_D_maPeriod_200_shortPeriod_10,ES,0.0,0.16976570877911995,0
2013-03-20,double7s__ma200__sp10,double7s_signal_D_maPeriod_200_shortPeriod_10,ES,0.0,0.16976570877911995,0
2013-03-21,double7s__ma200__sp10,double7s_signal_D_maPeriod_200_shortPeriod_10,ES,0.0,0.16976570877911995,0
2013-03-22,double7s__ma200__sp10,double7s_signal_D_maPeriod_200_shortPeriod_10,ES,0.0,0.16976570877911995,0
2013-03-25,double7s__ma200__sp10,double7s_signal_D_maPeriod_200_shortPeriod_10,ES,0.0,0.16976570877911995,0
2013-03-26,double7s__ma200__sp10,double7s_signal_D_maPeriod_200_shortPeriod_10,ES,0.0,0.16976570877911995,0
2013-03-27,double7s__ma200__sp10,double7s_signal_D_maPeriod_200_shortPeriod_10,ES,0.0,0.16976570877911995,0
2013-03-28,double7s__ma200__sp10,double7s_signal_D_maPeriod_200_shortPeriod_10,ES,0.0,0.16976570877911995,0
2013-04-01,double7s__ma200__sp10,double7s_signal_D_maPeriod_200_shortPeriod_10,ES,0.0,0.16976570877911995,0
2013-04-02,double7s__ma200__sp10,double7s_signal_D_maPeriod_200_shortPeriod_10,ES,0.0,0.16976570877911995,0
2013-04-03,double7s__ma200__sp10,double7s_signal_D_maPeriod_200_shortPeriod_10,ES,0.0,0.16976570877911995,0
2013-04-04,double7s__ma200__sp10,double7s_signal_D_maPeriod_200_shortPeriod_10,ES,0.0,0.16976570877911995,0
2013-04-05,double7s__ma200__sp10,double7s_signal_D_maPeriod_200_shortPeriod_10,ES,0.0,0.16976570877911995,0
2013-04-08,double7s__ma200__sp10,double7s_signal_D_maPeriod_200_shortPeriod_10,ES,0.0,0.16976570877911995,0
2013-04-09,double7s__ma200__sp10,double7s_signal_D_maPeriod_200_shortPeriod_10,ES,0.0,0.16976570877911995,0
2013-04-10,double7s__ma200__sp10,double7s_signal_D_maPeriod_200_shortPeriod_10,ES,0.0,0.16976570877911995,0
2013-04-11,double7s__ma200__sp10,double7s_signal_D_maPeriod_200_shortPeriod_10,ES,0.0,0.16976570877911995,0
2013-04-12,double7s__ma200__sp10,double7s_signal_D_maPeriod_200_shortPeriod_10,ES,0.0,0.16976570877911995,0
2013-04-15,double7s__ma200__sp10,double7s_signal_D_maPeriod_200_shortPeriod_10,ES,0.0,0.16976570877911995,0
2013-04-16,double7s__ma200__sp10,double7s_signal_D_maPeriod_200_shortPeriod_10,ES,0.004340012189941469,0.1741057209690614,0
2013-04-17,double7s__ma200__sp10,double7s_signal_D_maPeriod_200_shortPeriod_10,ES,-0.00508972701999943,0.16901599394906197,0
2013-04-18,double7s__ma200__sp10,double7s_signal_D_maPeriod_200_shortPeriod_10,ES,-0.0025565337140182466,0.16645946023504374,0
2013-04-19,double7s__ma200__sp10,double7s_signal_D_maPeriod_200_shortPeriod_10,ES,0.003763078829620585,0.17022253906466434,0
2013-04-22,double7s__ma200__sp10,double7s_signal_D_maPeriod_200_shortPeriod_10,ES,0.002606724395707873,0.1728292634603722,0
2013-04-23,double7s__ma200__sp10,double7s_signal_D_maPeriod_200_shortPeriod_10,ES,0.007162679541060027,0.17999194300143223,0
2013-04-24,double7s__ma200__sp10,double7s_signal_D_maPeriod_200_shortPeriod_10,ES,0.00014816112911492666,0.18014010413054715,0
2013-04-25,double7s__ma200__sp10,double7s_signal_D_maPeriod_200_shortPeriod_10,ES,0.004517791338503605,0.18465789546905076,0
2013-04-26,double7s__ma200__sp10,double7s_signal_D_maPeriod_200_shortPeriod_10,ES,-0.0023876177128334336,0.18227027775621732,0
2013-04-29,double7s__ma200__sp10,double7s_signal_D_maPeriod_200_shortPeriod_10,ES,0.006181888976404077,0.18845216673262138,0
2013-04-30,double7s__ma200__sp10,double7s_signal_D_maPeriod_200_shortPeriod_10,ES,0.0,0.18845216673262138,0
2013-05-01,double7s__ma200__sp10,double7s_signal_D_maPeriod_200_shortPeriod_10,ES,0.0,0.18845216673262138,0
2013-05-02,double7s__ma200__sp10,double7s_signal_D_maPeriod_200_shortPeriod_10,ES,0.0,0.18845216673262138,0
2013-05-03,double7s__ma200__sp10,double7s_signal_D_maPeriod_200_shortPeriod_10,ES,0.0,0.18845216673262138,0
2013-05-06,double7s__ma200__sp10,double7s_signal_D_maPeriod_200_shortPeriod_10,ES,0.0,0.18845216673262138,0
2013-05-07,double7s__ma200__sp10,double7s_signal_D_maPeriod_200_shortPeriod_10,ES,0.0,0.18845216673262138,0
2013-05-08,double7s__ma200__sp10,double7s_signal_D_maPeriod_200_shortPeriod_10,ES,0.0,0.18845216673262138,0
2013-05-09,double7s__ma200__sp10,double7s_signal_D_maPeriod_200_shortPeriod_10,ES,0.0,0.18845216673262138,0
2013-05-10,double7s__ma200__sp10,double7s_signal_D_maPeriod_200_shortPeriod_10,ES,0.0,0.18845216673262138,0
2013-05-13,double7s__ma200__sp10,double7s_signal_D_maPeriod_200_shortPeriod_10,ES,0.0,0.18845216673262138,0
2013-05-14,double7s__ma200__sp10,double7s_signal_D_maPeriod_200_shortPeriod_10,ES,0.0,0.18845216673262138,0
2013-05-15,double7s__ma200__sp10,double7s_signal_D_maPeriod_200_shortPeriod_10,ES,0.0,0.18845216673262138,0
2013-05-16,double7s__ma200__sp10,double7s_signal_D_maPeriod_200_shortPeriod_10,ES,0.0,0.18845216673262138,0
2013-05-17,double7s__ma200__sp10,double7s_signal_D_maPeriod_200_shortPeriod_10,ES,0.0,0.18845216673262138,0
2013-05-20,double7s__ma200__sp10,double7s_signal_D_maPeriod_200_shortPeriod_10,ES,0.0,0.18845216673262138,0
2013-05-21,double7s__ma200__sp10,double7s_signal_D_maPeriod_200_shortPeriod_10,ES,0.0,0.18845216673262138,0
2013-05-22,double7s__ma200__sp10,double7s_signal_D_maPeriod_200_shortPeriod_10,ES,0.0,0.18845216673262138,0
2013-05-23,double7s__ma200__sp10,double7s_signal_D_maPeriod_200_shortPeriod_10,ES,0.0,0.18845216673262138,0
2013-05-24,double7s__ma200__sp10,double7s_signal_D_maPeriod_200_shortPeriod_10,ES,0.0,0.18845216673262138,0
2013-05-28,double7s__ma200__sp10,double7s_signal_D_maPeriod_200_shortPeriod_10,ES,0.0,0.18845216673262138,0
2013-05-29,double7s__ma200__sp10,double7s_signal_D_maPeriod_200_shortPeriod_10,ES,0.0,0.18845216673262138,0
2013-05-30,double7s__ma200__sp10,double7s_signal_D_maPeriod_200_shortPeriod_10,ES,0.0033412194540709756,0.19179338618669237,0
2013-05-31,double7s__ma200__sp10,double7s_signal_D_maPeriod_200_shortPeriod_10,ES,-0.012411413157764577,0.17938197302892778,0
2013-06-03,double7s__ma200__sp10,double7s_signal_D_maPeriod_200_shortPeriod_10,ES,0.0015774372860615684,0.18095941031498936,0
2013-06-04,double7s__ma200__sp10,double7s_signal_D_maPeriod_200_shortPeriod_10,ES,-0.0019329656364228448,0.17902644467856652,0
2013-06-05,double7s__ma200__sp10,double7s_signal_D_maPeriod_200_shortPeriod_10,ES,-0.010766325459755473,0.16826011921881104,0
2013-06-06,double7s__ma200__sp10,double7s_signal_D_maPeriod_200_shortPeriod_10,ES,0.003465688470995835,0.1717258076898069,0
2013-06-07,double7s__ma200__sp10,double7s_signal_D_maPeriod_200_shortPeriod_10,ES,0.005205731819254673,0.17693153950906157,0
2013-06-10,double7s__ma200__sp10,double7s_signal_D_maPeriod_200_shortPeriod_10,ES,0.0017072456803658301,0.1786387851894274,0
2013-06-11,double7s__ma200__sp10,double7s_signal_D_maPeriod_200_shortPeriod_10,ES,-0.0075453352265853375,0.17109344996284206,0
2013-06-12,double7s__ma200__sp10,double7s_signal_D_maPeriod_200_shortPeriod_10,ES,-0.005762369916994864,0.1653310800458472,0
2013-06-13,double7s__ma200__sp10,double7s_signal_D_maPeriod_200_shortPeriod_10,ES,0.007733890666838228,0.17306497071268542,0
2013-06-14,double7s__ma200__sp10,double7s_signal_D_maPeriod_200_shortPeriod_10,ES,-0.0029155160194674003,0.17014945469321802,0
2013-06-17,double7s__ma200__sp10,double7s_signal_D_maPeriod_200_shortPeriod_10,ES,0.0051785139836582,0.17532796867687622,0
2013-06-18,double7s__ma200__sp10,double7s_signal_D_maPeriod_200_shortPeriod_10,ES,0.003218046495406536,0.17854601517228275,0
2013-06-19,double7s__ma200__sp10,double7s_signal_D_maPeriod_200_shortPeriod_10,ES,0.0,0.17854601517228275,0
2013-06-20,double7s__ma200__sp10,double7s_signal_D_maPeriod_200_shortPeriod_10,ES,0.0,0.17854601517228275,0
2013-06-21,double7s__ma200__sp10,double7s_signal_D_maPeriod_200_shortPeriod_10,ES,-4.007564283247126e-05,0.17850593952945026,0
2013-06-24,double7s__ma200__sp10,double7s_signal_D_maPeriod_200_shortPeriod_10,ES,-0.007471032224853304,0.17103490730459697,0
2013-06-25,double7s__ma200__sp10,double7s_signal_D_maPeriod_200_shortPeriod_10,ES,0.004411144499351277,0.17544605180394826,0
2013-06-26,double7s__ma200__sp10,double7s_signal_D_maPeriod_200_shortPeriod_10,ES,0.0048295687488263276,0.1802756205527746,0
2013-06-27,double7s__ma200__sp10,double7s_signal_D_maPeriod_200_shortPeriod_10,ES,0.0032611124094979386,0.18353673296227255,0
2013-06-28,double7s__ma200__sp10,double7s_signal_D_maPeriod_200_shortPeriod_10,ES,-0.002697355816881795,0.18083937714539075,0
2013-07-01,double7s__ma200__sp10,double7s_signal_D_maPeriod_200_shortPeriod_10,ES,0.003089705285489114,0.18392908243087985,0
2013-07-02,double7s__ma200__sp10,double7s_signal_D_maPeriod_200_shortPeriod_10,ES,0.00023785220971435164,0.1841669346405942,0
2013-07-03,double7s__ma200__sp10,double7s_signal_D_maPeriod_200_shortPeriod_10,ES,0.0010155416029358746,0.18518247624353007,0
2013-07-05,double7s__ma200__sp10,double7s_signal_D_maPeriod_200_shortPeriod_10,ES,0.009224363106555687,0.19440683935008576,0
2013-07-08,double7s__ma200__sp10,double7s_signal_D_maPeriod_200_shortPeriod_10,ES,0.0,0.19440683935008576,0
2013-07-09,double7s__ma200__sp10,double7s_signal_D_maPeriod_200_shortPeriod_10,ES,0.0,0.19440683935008576,0
2013-07-10,double7s__ma200__sp10,double7s_signal_D_maPeriod_200_shortPeriod_10,ES,0.0,0.19440683935008576,0
2013-07-11,double7s__ma200__sp10,double7s_signal_D_maPeriod_200_shortPeriod_10,ES,0.0,0.19440683935008576,0
2013-07-12,double7s__ma200__sp10,double7s_signal_D_maPeriod_200_shortPeriod_10,ES,0.0,0.19440683935008576,0
2013-07-15,double7s__ma200__sp10,double7s_signal_D_maPeriod_200_shortPeriod_10,ES,0.0,0.19440683935008576,0
2013-07-16,double7s__ma200__sp10,double7s_signal_D_maPeriod_200_shortPeriod_10,ES,0.0,0.19440683935008576,0
2013-07-17,double7s__ma200__sp10,double7s_signal_D_maPeriod_200_shortPeriod_10,ES,0.0,0.19440683935008576,0
2013-07-18,double7s__ma200__sp10,double7s_signal_D_maPeriod_200_shortPeriod_10,ES,0.0,0.19440683935008576,0
2013-07-19,double7s__ma200__sp10,double7s_signal_D_maPeriod_200_shortPeriod_10,ES,0.0,0.19440683935008576,0
2013-07-22,double7s__ma200__sp10,double7s_signal_D_maPeriod_200_shortPeriod_10,ES,0.0,0.19440683935008576,0
2013-07-23,double7s__ma200__sp10,double7s_signal_D_maPeriod_200_shortPeriod_10,ES,0.0,0.19440683935008576,0
2013-07-24,double7s__ma200__sp10,double7s_signal_D_maPeriod_200_shortPeriod_10,ES,0.0,0.19440683935008576,0
2013-07-25,double7s__ma200__sp10,double7s_signal_D_maPeriod_200_shortPeriod_10,ES,0.0,0.19440683935008576,0
2013-07-26,double7s__ma200__sp10,double7s_signal_D_maPeriod_200_shortPeriod_10,ES,0.0,0.19440683935008576,0
2013-07-29,double7s__ma200__sp10,double7s_signal_D_maPeriod_200_shortPeriod_10,ES,0.0,0.19440683935008576,0
2013-07-30,double7s__ma200__sp10,double7s_signal_D_maPeriod_200_shortPeriod_10,ES,0.0,0.19440683935008576,0
2013-07-31,double7s__ma200__sp10,double7s_signal_D_maPeriod_200_shortPeriod_10,ES,0.0,0.19440683935008576,0
2013-08-01,double7s__ma200__sp10,double7s_signal_D_maPeriod_200_shortPeriod_10,ES,0.0,0.19440683935008576,0
2013-08-02,double7s__ma200__sp10,double7s_signal_D_maPeriod_200_shortPeriod_10,ES,0.0,0.19440683935008576,0
2013-08-05,double7s__ma200__sp10,double7s_signal_D_maPeriod_200_shortPeriod_10,ES,0.0,0.19440683935008576,0
2013-08-06,double7s__ma200__sp10,double7s_signal_D_maPeriod_200_shortPeriod_10,ES,0.0,0.19440683935008576,0
2013-08-07,double7s__ma200__sp10,double7s_signal_D_maPeriod_200_shortPeriod_10,ES,0.0,0.19440683935008576,0
2013-08-08,double7s__ma200__sp10,double7s_signal_D_maPeriod_200_shortPeriod_10,ES,0.0,0.19440683935008576,0
2013-08-09,double7s__ma200__sp10,double7s_signal_D_maPeriod_200_shortPeriod_10,ES,0.0,0.19440683935008576,0
2013-08-12,double7s__ma200__sp10,double7s_signal_D_maPeriod_200_shortPeriod_10,ES,0.0,0.19440683935008576,0
2013-08-13,double7s__ma200__sp10,double7s_signal_D_maPeriod_200_shortPeriod_10,ES,0.0,0.19440683935008576,0
2013-08-14,double7s__ma200__sp10,double7s_signal_D_maPeriod_200_shortPeriod_10,ES,0.0,0.19440683935008576,0
2013-08-15,double7s__ma200__sp10,double7s_signal_D_maPeriod_200_shortPeriod_10,ES,0.0,0.19440683935008576,0
2013-08-16,double7s__ma200__sp10,double7s_signal_D_maPeriod_200_shortPeriod_10,ES,-0.0008314281985934358,0.19357541115149232,0
2013-08-19,double7s__ma200__sp10,double7s_signal_D_maPeriod_200_shortPeriod_10,ES,-0.0027895328410915713,0.19078587831040075,0
2013-08-20,double7s__ma200__sp10,double7s_signal_D_maPeriod_200_shortPeriod_10,ES,0.003117699777846562,0.19390357808824732,0
2013-08-21,double7s__ma200__sp10,double7s_signal_D_maPeriod_200_shortPeriod_10,ES,-0.007244826213414408,0.1866587518748329,0
2013-08-22,double7s__ma200__sp10,double7s_signal_D_maPeriod_200_shortPeriod_10,ES,0.0067173245973712195,0.19337607647220414,0
2013-08-23,double7s__ma200__sp10,double7s_signal_D_maPeriod_200_shortPeriod_10,ES,0.0016928536342767676,0.1950689301064809,0
2013-08-26,double7s__ma200__sp10,double7s_signal_D_maPeriod_200_shortPeriod_10,ES,-0.002982564259989063,0.19208636584649186,0
2013-08-27,double7s__ma200__sp10,double7s_signal_D_maPeriod_200_shortPeriod_10,ES,-0.012615133293307214,0.17947123255318465,0
2013-08-28,double7s__ma200__sp10,double7s_signal_D_maPeriod_200_shortPeriod_10,ES,0.0008946229865568358,0.1803658555397415,0
2013-08-29,double7s__ma200__sp10,double7s_signal_D_maPeriod_200_shortPeriod_10,ES,0.0029945966927876324,0.18336045223252911,0
2013-08-30,double7s__ma200__sp10,double7s_signal_D_maPeriod_200_shortPeriod_10,ES,-0.0038872395390902935,0.17947321269343883,0
2013-09-03,double7s__ma200__sp10,double7s_signal_D_maPeriod_200_shortPeriod_10,ES,-0.0006257076696409877,0.17884750502379784,0
2013-09-04,double7s__ma200__sp10,double7s_signal_D_maPeriod_200_shortPeriod_10,ES,0.007241180505782609,0.18608868552958044,0
2013-09-05,double7s__ma200__sp10,double7s_signal_D_maPeriod_200_shortPeriod_10,ES,-0.000578934961515085,0.18550975056806535,0
2013-09-06,double7s__ma200__sp10,double7s_signal_D_maPeriod_200_shortPeriod_10,ES,0.0007464536294236634,0.186256204197489,0
2013-09-09,double7s__ma200__sp10,double7s_signal_D_maPeriod_200_shortPeriod_10,ES,0.008430705025243998,0.19468690922273302,0
2013-09-10,double7s__ma200__sp10,double7s_signal_D_maPeriod_200_shortPeriod_10,ES,0.0,0.19468690922273302,0
2013-09-11,double7s__ma200__sp10,double7s_signal_D_maPeriod_200_shortPeriod_10,ES,0.0,0.19468690922273302,0
2013-09-12,double7s__ma200__sp10,double7s_signal_D_maPeriod_200_shortPeriod_10,ES,0.0,0.19468690922273302,0
2013-09-13,double7s__ma200__sp10,double7s_signal_D_maPeriod_200_shortPeriod_10,ES,0.0,0.19468690922273302,0
2013-09-16,double7s__ma200__sp10,double7s_signal_D_maPeriod_200_shortPeriod_10,ES,0.0,0.19468690922273302,0
2013-09-17,double7s__ma200__sp10,double7s_signal_D_maPeriod_200_shortPeriod_10,ES,0.0,0.19468690922273302,0
2013-09-18,double7s__ma200__sp10,double7s_signal_D_maPeriod_200_shortPeriod_10,ES,0.0,0.19468690922273302,0
2013-09-19,double7s__ma200__sp10,double7s_signal_D_maPeriod_200_shortPeriod_10,ES,0.0,0.19468690922273302,0
2013-09-20,double7s__ma200__sp10,double7s_signal_D_maPeriod_200_shortPeriod_10,ES,0.0,0.19468690922273302,0
2013-09-23,double7s__ma200__sp10,double7s_signal_D_maPeriod_200_shortPeriod_10,ES,0.0,0.19468690922273302,0
2013-09-24,double7s__ma200__sp10,double7s_signal_D_maPeriod_200_shortPeriod_10,ES,0.0,0.19468690922273302,0
2013-09-25,double7s__ma200__sp10,double7s_signal_D_maPeriod_200_shortPeriod_10,ES,0.0,0.19468690922273302,0
2013-09-26,double7s__ma200__sp10,double7s_signal_D_maPeriod_200_shortPeriod_10,ES,0.0,0.19468690922273302,0
2013-09-27,double7s__ma200__sp10,double7s_signal_D_maPeriod_200_shortPeriod_10,ES,0.0,0.19468690922273302,0
2013-09-30,double7s__ma200__sp10,double7s_signal_D_maPeriod_200_shortPeriod_10,ES,0.0,0.19468690922273302,0
2013-10-01,double7s__ma200__sp10,double7s_signal_D_maPeriod_200_shortPeriod_10,ES,0.004013417181090874,0.1987003264038239,0
2013-10-02,double7s__ma200__sp10,double7s_signal_D_maPeriod_200_shortPeriod_10,ES,-0.0026904019500512016,0.1960099244537727,0
2013-10-03,double7s__ma200__sp10,double7s_signal_D_maPeriod_200_shortPeriod_10,ES,-0.006289296189174849,0.18972062826459785,0
2013-10-04,double7s__ma200__sp10,double7s_signal_D_maPeriod_200_shortPeriod_10,ES,0.005841422711769162,0.195562050976367,0
2013-10-07,double7s__ma200__sp10,double7s_signal_D_maPeriod_200_shortPeriod_10,ES,-0.0028866792950249516,0.19267537168134205,0
2013-10-08,double7s__ma200__sp10,double7s_signal_D_maPeriod_200_shortPeriod_10,ES,-0.004903534488229072,0.18777183719311297,0
2013-10-09,double7s__ma200__sp10,double7s_signal_D_maPeriod_200_shortPeriod_10,ES,0.00021982207598665582,0.1879916592690996,0
2013-10-10,double7s__ma200__sp10,double7s_signal_D_maPeriod_200_shortPeriod_10,ES,0.0179975287186782,0.20598918798777782,0
2013-10-11,double7s__ma200__sp10,double7s_signal_D_maPeriod_200_shortPeriod_10,ES,0.0027144078170181804,0.208703595804796,0
2013-10-14,double7s__ma200__sp10,double7s_signal_D_maPeriod_200_shortPeriod_10,ES,0.0,0.208703595804796,0
2013-10-15,double7s__ma200__sp10,double7s_signal_D_maPeriod_200_shortPeriod_10,ES,0.0,0.208703595804796,0
2013-10-16,double7s__ma200__sp10,double7s_signal_D_maPeriod_200_shortPeriod_10,ES,0.0,0.208703595804796,0
2013-10-17,double7s__ma200__sp10,double7s_signal_D_maPeriod_200_shortPeriod_10,ES,0.0,0.208703595804796,0
2013-10-18,double7s__ma200__sp10,double7s_signal_D_maPeriod_200_shortPeriod_10,ES,0.0,0.208703595804796,0
2013-10-21,double7s__ma200__sp10,double7s_signal_D_maPeriod_200_shortPeriod_10,ES,0.0,0.208703595804796,0
2013-10-22,double7s__ma200__sp10,double7s_signal_D_maPeriod_200_shortPeriod_10,ES,0.0,0.208703595804796,0
2013-10-23,double7s__ma200__sp10,double7s_signal_D_maPeriod_200_shortPeriod_10,ES,0.0,0.208703595804796,0
2013-10-24,double7s__ma200__sp10,double7s_signal_D_maPeriod_200_shortPeriod_10,ES,0.0,0.208703595804796,0
2013-10-25,double7s__ma200__sp10,double7s_signal_D_maPeriod_200_shortPeriod_10,ES,0.0,0.208703595804796,0
2013-10-28,double7s__ma200__sp10,double7s_signal_D_maPeriod_200_shortPeriod_10,ES,0.0,0.208703595804796,0
2013-10-29,double7s__ma200__sp10,double7s_signal_D_maPeriod_200_shortPeriod_10,ES,0.0,0.208703595804796,0
2013-10-30,double7s__ma200__sp10,double7s_signal_D_maPeriod_200_shortPeriod_10,ES,0.0,0.208703595804796,0
2013-10-31,double7s__ma200__sp10,double7s_signal_D_maPeriod_200_shortPeriod_10,ES,0.0,0.208703595804796,0
2013-11-01,double7s__ma200__sp10,double7s_signal_D_maPeriod_200_shortPeriod_10,ES,0.0,0.208703595804796,0
2013-11-04,double7s__ma200__sp10,double7s_signal_D_maPeriod_200_shortPeriod_10,ES,0.0,0.208703595804796,0
2013-11-05,double7s__ma200__sp10,double7s_signal_D_maPeriod_200_shortPeriod_10,ES,0.0,0.208703595804796,0
2013-11-06,double7s__ma200__sp10,double7s_signal_D_maPeriod_200_shortPeriod_10,ES,0.0,0.208703595804796,0
2013-11-07,double7s__ma200__sp10,double7s_signal_D_maPeriod_200_shortPeriod_10,ES,0.0,0.208703595804796,0
2013-11-08,double7s__ma200__sp10,double7s_signal_D_maPeriod_200_shortPeriod_10,ES,0.005568938481683635,0.21427253428647963,0
2013-11-11,double7s__ma200__sp10,double7s_signal_D_maPeriod_200_shortPeriod_10,ES,0.0001262079157662568,0.2143987422022459,0
2013-11-12,double7s__ma200__sp10,double7s_signal_D_maPeriod_200_shortPeriod_10,ES,0.0,0.2143987422022459,0
2013-11-13,double7s__ma200__sp10,double7s_signal_D_maPeriod_200_shortPeriod_10,ES,0.0,0.2143987422022459,0
2013-11-14,double7s__ma200__sp10,double7s_signal_D_maPeriod_200_shortPeriod_10,ES,0.0,0.2143987422022459,0
2013-11-15,double7s__ma200__sp10,double7s_signal_D_maPeriod_200_shortPeriod_10,ES,0.0,0.2143987422022459,0
2013-11-18,double7s__ma200__sp10,double7s_signal_D_maPeriod_200_shortPeriod_10,ES,0.0,0.2143987422022459,0
2013-11-19,double7s__ma200__sp10,double7s_signal_D_maPeriod_200_shortPeriod_10,ES,0.0,0.2143987422022459,0
2013-11-20,double7s__ma200__sp10,double7s_signal_D_maPeriod_200_shortPeriod_10,ES,0.0,0.2143987422022459,0
2013-11-21,double7s__ma200__sp10,double7s_signal_D_maPeriod_200_shortPeriod_10,ES,0.0,0.2143987422022459,0
2013-11-22,double7s__ma200__sp10,double7s_signal_D_maPeriod_200_shortPeriod_10,ES,0.0,0.2143987422022459,0
2013-11-25,double7s__ma200__sp10,double7s_signal_D_maPeriod_200_shortPeriod_10,ES,0.0,0.2143987422022459,0
2013-11-26,double7s__ma200__sp10,double7s_signal_D_maPeriod_200_shortPeriod_10,ES,0.0,0.2143987422022459,0
2013-11-27,double7s__ma200__sp10,double7s_signal_D_maPeriod_200_shortPeriod_10,ES,0.0,0.2143987422022459,0
2013-11-29,double7s__ma200__sp10,double7s_signal_D_maPeriod_200_shortPeriod_10,ES,0.0,0.2143987422022459,0
2013-12-02,double7s__ma200__sp10,double7s_signal_D_maPeriod_200_shortPeriod_10,ES,0.0,0.2143987422022459,0
2013-12-03,double7s__ma200__sp10,double7s_signal_D_maPeriod_200_shortPeriod_10,ES,0.0,0.2143987422022459,0
2013-12-04,double7s__ma200__sp10,double7s_signal_D_maPeriod_200_shortPeriod_10,ES,0.0,0.2143987422022459,0
2013-12-05,double7s__ma200__sp10,double7s_signal_D_maPeriod_200_shortPeriod_10,ES,0.0,0.2143987422022459,0
2013-12-06,double7s__ma200__sp10,double7s_signal_D_maPeriod_200_shortPeriod_10,ES,0.0,0.2143987422022459,0
2013-12-09,double7s__ma200__sp10,double7s_signal_D_maPeriod_200_shortPeriod_10,ES,0.0,0.2143987422022459,0
2013-12-10,double7s__ma200__sp10,double7s_signal_D_maPeriod_200_shortPeriod_10,ES,0.0,0.2143987422022459,0
2013-12-11,double7s__ma200__sp10,double7s_signal_D_maPeriod_200_shortPeriod_10,ES,0.0,0.2143987422022459,0
2013-12-12,double7s__ma200__sp10,double7s_signal_D_maPeriod_200_shortPeriod_10,ES,-0.00141626106050443,0.21298248114174145,0
2013-12-13,double7s__ma200__sp10,double7s_signal_D_maPeriod_200_shortPeriod_10,ES,0.000565926692525785,0.21354840783426723,0
2013-12-16,double7s__ma200__sp10,double7s_signal_D_maPeriod_200_shortPeriod_10,ES,0.005516012695226117,0.21906442052949335,0
2013-12-17,double7s__ma200__sp10,double7s_signal_D_maPeriod_200_shortPeriod_10,ES,-0.00202780425470333,0.21703661627479,0
2013-12-18,double7s__ma200__sp10,double7s_signal_D_maPeriod_200_shortPeriod_10,ES,0.01470695514617116,0.23174357142096116,0
2013-12-19,double7s__ma200__sp10,double7s_signal_D_maPeriod_200_shortPeriod_10,ES,0.0,0.23174357142096116,0
2013-12-20,double7s__ma200__sp10,double7s_signal_D_maPeriod_200_shortPeriod_10,ES,0.0,0.23174357142096116,0
2013-12-23,double7s__ma200__sp10,double7s_signal_D_maPeriod_200_shortPeriod_10,ES,0.0,0.23174357142096116,0
2013-12-24,double7s__ma200__sp10,double7s_signal_D_maPeriod_200_shortPeriod_10,ES,0.0,0.23174357142096116,0
2013-12-26,double7s__ma200__sp10,double7s_signal_D_maPeriod_200_shortPeriod_10,ES,0.0,0.23174357142096116,0
2013-12-27,double7s__ma200__sp10,double7s_signal_D_maPeriod_200_shortPeriod_10,ES,0.0,0.23174357142096116,0
2013-12-30,double7s__ma200__sp10,double7s_signal_D_maPeriod_200_shortPeriod_10,ES,0.0,0.23174357142096116,0
2013-12-31,double7s__ma200__sp10,double7s_signal_D_maPeriod_200_shortPeriod_10,ES,0.0,0.23174357142096116,0
2014-01-02,double7s__ma200__sp10,double7s_signal_D_maPeriod_200_shortPeriod_10,ES,0.0,0.23174357142096116,0
2014-01-03,double7s__ma200__sp10,double7s_signal_D_maPeriod_200_shortPeriod_10,ES,0.0,0.23174357142096116,0
2014-01-06,double7s__ma200__sp10,double7s_signal_D_maPeriod_200_shortPeriod_10,ES,0.0,0.23174357142096116,0
2014-01-07,double7s__ma200__sp10,double7s_signal_D_maPeriod_200_shortPeriod_10,ES,0.0,0.23174357142096116,0
2014-01-08,double7s__ma200__sp10,double7s_signal_D_maPeriod_200_shortPeriod_10,ES,0.0,0.23174357142096116,0
2014-01-09,double7s__ma200__sp10,double7s_signal_D_maPeriod_200_shortPeriod_10,ES,0.0,0.23174357142096116,0
2014-01-10,double7s__ma200__sp10,double7s_signal_D_maPeriod_200_shortPeriod_10,ES,0.0,0.23174357142096116,0
2014-01-13,double7s__ma200__sp10,double7s_signal_D_maPeriod_200_shortPeriod_10,ES,0.0,0.23174357142096116,0
2014-01-14,double7s__ma200__sp10,double7s_signal_D_maPeriod_200_shortPeriod_10,ES,0.0041433709889264776,0.23588694240988764,0
2014-01-15,double7s__ma200__sp10,double7s_signal_D_maPeriod_200_shortPeriod_10,ES,0.0023123495075765095,0.23819929191746414,0
2014-01-16,double7s__ma200__sp10,double7s_signal_D_maPeriod_200_shortPeriod_10,ES,0.0,0.23819929191746414,0
2014-01-17,double7s__ma200__sp10,double7s_signal_D_maPeriod_200_shortPeriod_10,ES,0.0,0.23819929191746414,0
2014-01-21,double7s__ma200__sp10,double7s_signal_D_maPeriod_200_shortPeriod_10,ES,0.0,0.23819929191746414,0
2014-01-22,double7s__ma200__sp10,double7s_signal_D_maPeriod_200_shortPeriod_10,ES,0.0,0.23819929191746414,0
2014-01-23,double7s__ma200__sp10,double7s_signal_D_maPeriod_200_shortPeriod_10,ES,0.0,0.23819929191746414,0
2014-01-24,double7s__ma200__sp10,double7s_signal_D_maPeriod_200_shortPeriod_10,ES,0.0,0.23819929191746414,0
2014-01-27,double7s__ma200__sp10,double7s_signal_D_maPeriod_200_shortPeriod_10,ES,-0.00090476007080555,0.23729453184665858,0
2014-01-28,double7s__ma200__sp10,double7s_signal_D_maPeriod_200_shortPeriod_10,ES,0.006169969852733046,0.24346450169939163,0
2014-01-29,double7s__ma200__sp10,double7s_signal_D_maPeriod_200_shortPeriod_10,ES,-0.008659145921536618,0.234805355777855,0
2014-01-30,double7s__ma200__sp10,double7s_signal_D_maPeriod_200_shortPeriod_10,ES,0.003284210945400551,0.23808956672325554,0
2014-01-31,double7s__ma200__sp10,double7s_signal_D_maPeriod_200_shortPeriod_10,ES,-0.002692077032398422,0.2353974896908571,0
2014-02-03,double7s__ma200__sp10,double7s_signal_D_maPeriod_200_shortPeriod_10,ES,-0.02118217918410122,0.21421531050675588,0
2014-02-04,double7s__ma200__sp10,double7s_signal_D_maPeriod_200_shortPeriod_10,ES,0.0008068725145355791,0.21502218302129145,0
2014-02-05,double7s__ma200__sp10,double7s_signal_D_maPeriod_200_shortPeriod_10,ES,-7.890555194294746e-05,0.2149432774693485,0
2014-02-06,double7s__ma200__sp10,double7s_signal_D_maPeriod_200_shortPeriod_10,ES,0.01029282953873041,0.2252361070080789,0
2014-02-07,double7s__ma200__sp10,double7s_signal_D_maPeriod_200_shortPeriod_10,ES,0.0061538106670789875,0.23138991767515787,0
2014-02-10,double7s__ma200__sp10,double7s_signal_D_maPeriod_200_shortPeriod_10,ES,0.0,0.23138991767515787,0
2014-02-11,double7s__ma200__sp10,double7s_signal_D_maPeriod_200_shortPeriod_10,ES,0.0,0.23138991767515787,0
2014-02-12,double7s__ma200__sp10,double7s_signal_D_maPeriod_200_shortPeriod_10,ES,0.0,0.23138991767515787,0
2014-02-13,double7s__ma200__sp10,double7s_signal_D_maPeriod_200_shortPeriod_10,ES,0.0,0.23138991767515787,0
2014-02-14,double7s__ma200__sp10,double7s_signal_D_maPeriod_200_shortPeriod_10,ES,0.0,0.23138991767515787,0
2014-02-18,double7s__ma200__sp10,double7s_signal_D_maPeriod_200_shortPeriod_10,ES,0.0,0.23138991767515787,0
2014-02-19,double7s__ma200__sp10,double7s_signal_D_maPeriod_200_shortPeriod_10,ES,0.0,0.23138991767515787,0
2014-02-20,double7s__ma200__sp10,double7s_signal_D_maPeriod_200_shortPeriod_10,ES,0.0,0.23138991767515787,0
2014-02-21,double7s__ma200__sp10,double7s_signal_D_maPeriod_200_shortPeriod_10,ES,0.0,0.23138991767515787,0
2014-02-24,double7s__ma200__sp10,double7s_signal_D_maPeriod_200_shortPeriod_10,ES,0.0,0.23138991767515787,0
2014-02-25,double7s__ma200__sp10,double7s_signal_D_maPeriod_200_shortPeriod_10,ES,0.0,0.23138991767515787,0
2014-02-26,double7s__ma200__sp10,double7s_signal_D_maPeriod_200_shortPeriod_10,ES,0.0,0.23138991767515787,0
2014-02-27,double7s__ma200__sp10,double7s_signal_D_maPeriod_200_shortPeriod_10,ES,0.0,0.23138991767515787,0
2014-02-28,double7s__ma200__sp10,double7s_signal_D_maPeriod_200_shortPeriod_10,ES,0.0,0.23138991767515787,0
2014-03-03,double7s__ma200__sp10,double7s_signal_D_maPeriod_200_shortPeriod_10,ES,0.0,0.23138991767515787,0
2014-03-04,double7s__ma200__sp10,double7s_signal_D_maPeriod_200_shortPeriod_10,ES,0.0,0.23138991767515787,0
2014-03-05,double7s__ma200__sp10,double7s_signal_D_maPeriod_200_shortPeriod_10,ES,0.0,0.23138991767515787,0
2014-03-06,double7s__ma200__sp10,double7s_signal_D_maPeriod_200_shortPeriod_10,ES,0.0,0.23138991767515787,0
2014-03-07,double7s__ma200__sp10,double7s_signal_D_maPeriod_200_shortPeriod_10,ES,0.0,0.23138991767515787,0
2014-03-10,double7s__ma200__sp10,double7s_signal_D_maPeriod_200_shortPeriod_10,ES,0.0,0.23138991767515787,0
2014-03-11,double7s__ma200__sp10,double7s_signal_D_maPeriod_200_shortPeriod_10,ES,0.0,0.23138991767515787,0
2014-03-12,double7s__ma200__sp10,double7s_signal_D_maPeriod_200_shortPeriod_10,ES,0.0,0.23138991767515787,0
2014-03-13,double7s__ma200__sp10,double7s_signal_D_maPeriod_200_shortPeriod_10,ES,0.0,0.23138991767515787,0
2014-03-14,double7s__ma200__sp10,double7s_signal_D_maPeriod_200_shortPeriod_10,ES,0.0,0.23138991767515787,0
2014-03-17,double7s__ma200__sp10,double7s_signal_D_maPeriod_200_shortPeriod_10,ES,0.00783639461273343,0.23922631228789132,0
2014-03-18,double7s__ma200__sp10,double7s_signal_D_maPeriod_200_shortPeriod_10,ES,0.0033640507736343627,0.24259036306152568,0
2014-03-19,double7s__ma200__sp10,double7s_signal_D_maPeriod_200_shortPeriod_10,ES,-0.0037298714769310763,0.2388604915845946,0
2014-03-20,double7s__ma200__sp10,double7s_signal_D_maPeriod_200_shortPeriod_10,ES,0.005407641410370401,0.244268132994965,0
2014-03-21,double7s__ma200__sp10,double7s_signal_D_maPeriod_200_shortPeriod_10,ES,-0.0025344659048801978,0.24173366709008481,0
2014-03-24,double7s__ma200__sp10,double7s_signal_D_maPeriod_200_shortPeriod_10,ES,-0.002421916176314978,0.23931175091376983,0
2014-03-25,double7s__ma200__sp10,double7s_signal_D_maPeriod_200_shortPeriod_10,ES,0.0039945767150367665,0.2433063276288066,0
2014-03-26,double7s__ma200__sp10,double7s_signal_D_maPeriod_200_shortPeriod_10,ES,-0.006553142726978323,0.23675318490182828,0
2014-03-27,double7s__ma200__sp10,double7s_signal_D_maPeriod_200_shortPeriod_10,ES,-0.0013177485019605184,0.23543543639986778,0
2014-03-28,double7s__ma200__sp10,double7s_signal_D_maPeriod_200_shortPeriod_10,ES,0.0031792796662899786,0.23861471606615775,0
2014-03-31,double7s__ma200__sp10,double7s_signal_D_maPeriod_200_shortPeriod_10,ES,0.003728531961577476,0.24234324802773521,0
2014-04-01,double7s__ma200__sp10,double7s_signal_D_maPeriod_200_shortPeriod_10,ES,0.004280715247427271,0.24662396327516248,0
2014-04-02,double7s__ma200__sp10,double7s_signal_D_maPeriod_200_shortPeriod_10,ES,0.0,0.24662396327516248,0
2014-04-03,double7s__ma200__sp10,double7s_signal_D_maPeriod_200_shortPeriod_10,ES,0.0,0.24662396327516248,0
2014-04-04,double7s__ma200__sp10,double7s_signal_D_maPeriod_200_shortPeriod_10,ES,0.0,0.24662396327516248,0
2014-04-07,double7s__ma200__sp10,double7s_signal_D_maPeriod_200_shortPeriod_10,ES,0.0,0.24662396327516248,0
2014-04-08,double7s__ma200__sp10,double7s_signal_D_maPeriod_200_shortPeriod_10,ES,0.0012010788472700683,0.24782504212243256,0
2014-04-09,double7s__ma200__sp10,double7s_signal_D_maPeriod_200_shortPeriod_10,ES,0.00823426345507805,0.2560593055775106,0
2014-04-10,double7s__ma200__sp10,double7s_signal_D_maPeriod_200_shortPeriod_10,ES,-0.010206885559216146,0.24585242001829447,0
2014-04-11,double7s__ma200__sp10,double7s_signal_D_maPeriod_200_shortPeriod_10,ES,-0.0029091023576794596,0.242943317660615,0
2014-04-14,double7s__ma200__sp10,double7s_signal_D_maPeriod_200_shortPeriod_10,ES,0.005251342805570522,0.24819466046618552,0
2014-04-15,double7s__ma200__sp10,double7s_signal_D_maPeriod_200_shortPeriod_10,ES,0.004866207418883419,0.25306086788506893,0
2014-04-16,double7s__ma200__sp10,double7s_signal_D_maPeriod_200_shortPeriod_10,ES,0.0030918380148798356,0.25615270589994876,0
2014-04-17,double7s__ma200__sp10,double7s_signal_D_maPeriod_200_shortPeriod_10,ES,0.0018171694755528035,0.2579698753755016,0
2014-04-21,double7s__ma200__sp10,double7s_signal_D_maPeriod_200_shortPeriod_10,ES,0.0023701071728707054,0.2603399825483723,0
2014-04-22,double7s__ma200__sp10,double7s_signal_D_maPeriod_200_shortPeriod_10,ES,0.004388756815829758,0.26472873936420205,0
2014-04-23,double7s__ma200__sp10,double7s_signal_D_maPeriod_200_shortPeriod_10,ES,0.0,0.26472873936420205,0
2014-04-24,double7s__ma200__sp10,double7s_signal_D_maPeriod_200_shortPeriod_10,ES,0.0,0.26472873936420205,0
2014-04-25,double7s__ma200__sp10,double7s_signal_D_maPeriod_200_shortPeriod_10,ES,0.0,0.26472873936420205,0
2014-04-28,double7s__ma200__sp10,double7s_signal_D_maPeriod_200_shortPeriod_10,ES,0.0,0.26472873936420205,0
2014-04-29,double7s__ma200__sp10,double7s_signal_D_maPeriod_200_shortPeriod_10,ES,0.0,0.26472873936420205,0
2014-04-30,double7s__ma200__sp10,double7s_signal_D_maPeriod_200_shortPeriod_10,ES,0.0,0.26472873936420205,0
2014-05-01,double7s__ma200__sp10,double7s_signal_D_maPeriod_200_shortPeriod_10,ES,0.0,0.26472873936420205,0
2014-05-02,double7s__ma200__sp10,double7s_signal_D_maPeriod_200_shortPeriod_10,ES,0.0,0.26472873936420205,0
2014-05-05,double7s__ma200__sp10,double7s_signal_D_maPeriod_200_shortPeriod_10,ES,0.0,0.26472873936420205,0
2014-05-06,double7s__ma200__sp10,double7s_signal_D_maPeriod_200_shortPeriod_10,ES,0.0,0.26472873936420205,0
2014-05-07,double7s__ma200__sp10,double7s_signal_D_maPeriod_200_shortPeriod_10,ES,0.0,0.26472873936420205,0
2014-05-08,double7s__ma200__sp10,double7s_signal_D_maPeriod_200_shortPeriod_10,ES,0.0,0.26472873936420205,0
2014-05-09,double7s__ma200__sp10,double7s_signal_D_maPeriod_200_shortPeriod_10,ES,0.0,0.26472873936420205,0
2014-05-12,double7s__ma200__sp10,double7s_signal_D_maPeriod_200_shortPeriod_10,ES,0.0,0.26472873936420205,0
2014-05-13,double7s__ma200__sp10,double7s_signal_D_maPeriod_200_shortPeriod_10,ES,0.0,0.26472873936420205,0
2014-05-14,double7s__ma200__sp10,double7s_signal_D_maPeriod_200_shortPeriod_10,ES,0.0,0.26472873936420205,0
2014-05-15,double7s__ma200__sp10,double7s_signal_D_maPeriod_200_shortPeriod_10,ES,0.0,0.26472873936420205,0
2014-05-16,double7s__ma200__sp10,double7s_signal_D_maPeriod_200_shortPeriod_10,ES,0.0,0.26472873936420205,0
2014-05-19,double7s__ma200__sp10,double7s_signal_D_maPeriod_200_shortPeriod_10,ES,0.0,0.26472873936420205,0
2014-05-20,double7s__ma200__sp10,double7s_signal_D_maPeriod_200_shortPeriod_10,ES,0.0,0.26472873936420205,0
2014-05-21,double7s__ma200__sp10,double7s_signal_D_maPeriod_200_shortPeriod_10,ES,0.0,0.26472873936420205,0
2014-05-22,double7s__ma200__sp10,double7s_signal_D_maPeriod_200_shortPeriod_10,ES,0.0,0.26472873936420205,0
2014-05-23,double7s__ma200__sp10,double7s_signal_D_maPeriod_200_shortPeriod_10,ES,0.0,0.26472873936420205,0
2014-05-27,double7s__ma200__sp10,double7s_signal_D_maPeriod_200_shortPeriod_10,ES,0.0,0.26472873936420205,0
2014-05-28,double7s__ma200__sp10,double7s_signal_D_maPeriod_200_shortPeriod_10,ES,0.0,0.26472873936420205,0
2014-05-29,double7s__ma200__sp10,double7s_signal_D_maPeriod_200_shortPeriod_10,ES,0.0,0.26472873936420205,0
2014-05-30,double7s__ma200__sp10,double7s_signal_D_maPeriod_200_shortPeriod_10,ES,0.0,0.26472873936420205,0
2014-06-02,double7s__ma200__sp10,double7s_signal_D_maPeriod_200_shortPeriod_10,ES,0.0,0.26472873936420205,0
2014-06-03,double7s__ma200__sp10,double7s_signal_D_maPeriod_200_shortPeriod_10,ES,0.0,0.26472873936420205,0
2014-06-04,double7s__ma200__sp10,double7s_signal_D_maPeriod_200_shortPeriod_10,ES,0.0,0.26472873936420205,0
2014-06-05,double7s__ma200__sp10,double7s_signal_D_maPeriod_200_shortPeriod_10,ES,0.0,0.26472873936420205,0
2014-06-06,double7s__ma200__sp10,double7s_signal_D_maPeriod_200_shortPeriod_10,ES,0.0,0.26472873936420205,0
2014-06-09,double7s__ma200__sp10,double7s_signal_D_maPeriod_200_shortPeriod_10,ES,0.0,0.26472873936420205,0
2014-06-10,double7s__ma200__sp10,double7s_signal_D_maPeriod_200_shortPeriod_10,ES,0.0,0.26472873936420205,0
2014-06-11,double7s__ma200__sp10,double7s_signal_D_maPeriod_200_shortPeriod_10,ES,0.0,0.26472873936420205,0
2014-06-12,double7s__ma200__sp10,double7s_signal_D_maPeriod_200_shortPeriod_10,ES,0.0,0.26472873936420205,0
2014-06-13,double7s__ma200__sp10,double7s_signal_D_maPeriod_200_shortPeriod_10,ES,0.0,0.26472873936420205,0
2014-06-16,double7s__ma200__sp10,double7s_signal_D_maPeriod_200_shortPeriod_10,ES,0.0,0.26472873936420205,0
2014-06-17,double7s__ma200__sp10,double7s_signal_D_maPeriod_200_shortPeriod_10,ES,0.0,0.26472873936420205,0
2014-06-18,double7s__ma200__sp10,double7s_signal_D_maPeriod_200_shortPeriod_10,ES,0.0,0.26472873936420205,0
2014-06-19,double7s__ma200__sp10,double7s_signal_D_maPeriod_200_shortPeriod_10,ES,0.0,0.26472873936420205,0
2014-06-20,double7s__ma200__sp10,double7s_signal_D_maPeriod_200_shortPeriod_10,ES,0.0,0.26472873936420205,0
2014-06-23,double7s__ma200__sp10,double7s_signal_D_maPeriod_200_shortPeriod_10,ES,0.0,0.26472873936420205,0
2014-06-24,double7s__ma200__sp10,double7s_signal_D_maPeriod_200_shortPeriod_10,ES,0.0,0.26472873936420205,0
2014-06-25,double7s__ma200__sp10,double7s_signal_D_maPeriod_200_shortPeriod_10,ES,0.0,0.26472873936420205,0
2014-06-26,double7s__ma200__sp10,double7s_signal_D_maPeriod_200_shortPeriod_10,ES,0.0,0.26472873936420205,0
2014-06-27,double7s__ma200__sp10,double7s_signal_D_maPeriod_200_shortPeriod_10,ES,0.0,0.26472873936420205,0
2014-06-30,double7s__ma200__sp10,double7s_signal_D_maPeriod_200_shortPeriod_10,ES,0.0,0.26472873936420205,0
2014-07-01,double7s__ma200__sp10,double7s_signal_D_maPeriod_200_shortPeriod_10,ES,0.0,0.26472873936420205,0
2014-07-02,double7s__ma200__sp10,double7s_signal_D_maPeriod_200_shortPeriod_10,ES,0.0,0.26472873936420205,0
2014-07-03,double7s__ma200__sp10,double7s_signal_D_maPeriod_200_shortPeriod_10,ES,0.0,0.26472873936420205,0
2014-07-07,double7s__ma200__sp10,double7s_signal_D_maPeriod_200_shortPeriod_10,ES,0.0,0.26472873936420205,0
2014-07-08,double7s__ma200__sp10,double7s_signal_D_maPeriod_200_shortPeriod_10,ES,0.0,0.26472873936420205,0
2014-07-09,double7s__ma200__sp10,double7s_signal_D_maPeriod_200_shortPeriod_10,ES,0.0,0.26472873936420205,0
2014-07-10,double7s__ma200__sp10,double7s_signal_D_maPeriod_200_shortPeriod_10,ES,0.0,0.26472873936420205,0
2014-07-11,double7s__ma200__sp10,double7s_signal_D_maPeriod_200_shortPeriod_10,ES,0.0,0.26472873936420205,0
2014-07-14,double7s__ma200__sp10,double7s_signal_D_maPeriod_200_shortPeriod_10,ES,0.0,0.26472873936420205,0
2014-07-15,double7s__ma200__sp10,double7s_signal_D_maPeriod_200_shortPeriod_10,ES,0.0,0.26472873936420205,0
2014-07-16,double7s__ma200__sp10,double7s_signal_D_maPeriod_200_shortPeriod_10,ES,0.0,0.26472873936420205,0
2014-07-17,double7s__ma200__sp10,double7s_signal_D_maPeriod_200_shortPeriod_10,ES,0.0,0.26472873936420205,0
2014-07-18,double7s__ma200__sp10,double7s_signal_D_maPeriod_200_shortPeriod_10,ES,0.005495471325272472,0.2702242106894745,0
2014-07-21,double7s__ma200__sp10,double7s_signal_D_maPeriod_200_shortPeriod_10,ES,-0.0010726343202627372,0.2691515763692118,0
2014-07-22,double7s__ma200__sp10,double7s_signal_D_maPeriod_200_shortPeriod_10,ES,0.003987916597685608,0.2731394929668974,0
2014-07-23,double7s__ma200__sp10,double7s_signal_D_maPeriod_200_shortPeriod_10,ES,0.0,0.2731394929668974,0
2014-07-24,double7s__ma200__sp10,double7s_signal_D_maPeriod_200_shortPeriod_10,ES,0.0,0.2731394929668974,0
2014-07-25,double7s__ma200__sp10,double7s_signal_D_maPeriod_200_shortPeriod_10,ES,0.0,0.2731394929668974,0
2014-07-28,double7s__ma200__sp10,double7s_signal_D_maPeriod_200_shortPeriod_10,ES,0.0,0.2731394929668974,0
2014-07-29,double7s__ma200__sp10,double7s_signal_D_maPeriod_200_shortPeriod_10,ES,0.0,0.2731394929668974,0
2014-07-30,double7s__ma200__sp10,double7s_signal_D_maPeriod_200_shortPeriod_10,ES,0.0,0.2731394929668974,0
2014-07-31,double7s__ma200__sp10,double7s_signal_D_maPeriod_200_shortPeriod_10,ES,0.0,0.2731394929668974,0
2014-08-01,double7s__ma200__sp10,double7s_signal_D_maPeriod_200_shortPeriod_10,ES,-0.0011636864112347111,0.27197580655566267,0
2014-08-04,double7s__ma200__sp10,double7s_signal_D_maPeriod_200_shortPeriod_10,ES,0.004491147004798394,0.2764669535604611,0
2014-08-05,double7s__ma200__sp10,double7s_signal_D_maPeriod_200_shortPeriod_10,ES,-0.005888323589308698,0.2705786299711524,0
2014-08-06,double7s__ma200__sp10,double7s_signal_D_maPeriod_200_shortPeriod_10,ES,0.0,0.2705786299711524,0
2014-08-07,double7s__ma200__sp10,double7s_signal_D_maPeriod_200_shortPeriod_10,ES,-0.004193533525219786,0.2663850964459326,0
2014-08-08,double7s__ma200__sp10,double7s_signal_D_maPeriod_200_shortPeriod_10,ES,0.007370312074211134,0.27375540852014374,0
2014-08-11,double7s__ma200__sp10,double7s_signal_D_maPeriod_200_shortPeriod_10,ES,0.0024297448370251135,0.27618515335716887,0
2014-08-12,double7s__ma200__sp10,double7s_signal_D_maPeriod_200_shortPeriod_10,ES,-0.0013675437932847035,0.2748176095638842,0
2014-08-13,double7s__ma200__sp10,double7s_signal_D_maPeriod_200_shortPeriod_10,ES,0.005456286874712014,0.2802738964385962,0
2014-08-14,double7s__ma200__sp10,double7s_signal_D_maPeriod_200_shortPeriod_10,ES,0.0023864398295861313,0.2826603362681823,0
2014-08-15,double7s__ma200__sp10,double7s_signal_D_maPeriod_200_shortPeriod_10,ES,0.0,0.2826603362681823,0
2014-08-18,double7s__ma200__sp10,double7s_signal_D_maPeriod_200_shortPeriod_10,ES,0.0,0.2826603362681823,0
2014-08-19,double7s__ma200__sp10,double7s_signal_D_maPeriod_200_shortPeriod_10,ES,0.0,0.2826603362681823,0
2014-08-20,double7s__ma200__sp10,double7s_signal_D_maPeriod_200_shortPeriod_10,ES,0.0,0.2826603362681823,0
2014-08-21,double7s__ma200__sp10,double7s_signal_D_maPeriod_200_shortPeriod_10,ES,0.0,0.2826603362681823,0
2014-08-22,double7s__ma200__sp10,double7s_signal_D_maPeriod_200_shortPeriod_10,ES,0.0,0.2826603362681823,0
2014-08-25,double7s__ma200__sp10,double7s_signal_D_maPeriod_200_shortPeriod_10,ES,0.0,0.2826603362681823,0
2014-08-26,double7s__ma200__sp10,double7s_signal_D_maPeriod_200_shortPeriod_10,ES,0.0,0.2826603362681823,0
2014-08-27,double7s__ma200__sp10,double7s_signal_D_maPeriod_200_shortPeriod_10,ES,0.0,0.2826603362681823,0
2014-08-28,double7s__ma200__sp10,double7s_signal_D_maPeriod_200_shortPeriod_10,ES,0.0,0.2826603362681823,0
2014-08-29,double7s__ma200__sp10,double7s_signal_D_maPeriod_200_shortPeriod_10,ES,0.0,0.2826603362681823,0
2014-09-02,double7s__ma200__sp10,double7s_signal_D_maPeriod_200_shortPeriod_10,ES,0.0,0.2826603362681823,0
2014-09-03,double7s__ma200__sp10,double7s_signal_D_maPeriod_200_shortPeriod_10,ES,0.0,0.2826603362681823,0
2014-09-04,double7s__ma200__sp10,double7s_signal_D_maPeriod_200_shortPeriod_10,ES,0.0,0.2826603362681823,0
2014-09-05,double7s__ma200__sp10,double7s_signal_D_maPeriod_200_shortPeriod_10,ES,0.0,0.2826603362681823,0
2014-09-08,double7s__ma200__sp10,double7s_signal_D_maPeriod_200_shortPeriod_10,ES,0.0,0.2826603362681823,0
2014-09-09,double7s__ma200__sp10,double7s_signal_D_maPeriod_200_shortPeriod_10,ES,0.0,0.2826603362681823,0
2014-09-10,double7s__ma200__sp10,double7s_signal_D_maPeriod_200_shortPeriod_10,ES,0.0020307183556474086,0.2846910546238297,0
2014-09-11,double7s__ma200__sp10,double7s_signal_D_maPeriod_200_shortPeriod_10,ES,0.0010673485139053869,0.2857584031377351,0
2014-09-12,double7s__ma200__sp10,double7s_signal_D_maPeriod_200_shortPeriod_10,ES,-0.006199533134494468,0.27955887000324064,0
2014-09-15,double7s__ma200__sp10,double7s_signal_D_maPeriod_200_shortPeriod_10,ES,0.0008666619924986327,0.2804255319957393,0
2014-09-16,double7s__ma200__sp10,double7s_signal_D_maPeriod_200_shortPeriod_10,ES,0.006306120124448469,0.28673165212018775,0
2014-09-17,double7s__ma200__sp10,double7s_signal_D_maPeriod_200_shortPeriod_10,ES,0.0006070965250868988,0.28733874864527464,0
2014-09-18,double7s__ma200__sp10,double7s_signal_D_maPeriod_200_shortPeriod_10,ES,0.003824894270245523,0.29116364291552016,0
2014-09-19,double7s__ma200__sp10,double7s_signal_D_maPeriod_200_shortPeriod_10,ES,0.0,0.29116364291552016,0
2014-09-22,double7s__ma200__sp10,double7s_signal_D_maPeriod_200_shortPeriod_10,ES,0.0,0.29116364291552016,0
2014-09-23,double7s__ma200__sp10,double7s_signal_D_maPeriod_200_shortPeriod_10,ES,0.0,0.29116364291552016,0
2014-09-24,double7s__ma200__sp10,double7s_signal_D_maPeriod_200_shortPeriod_10,ES,0.006638422894378088,0.29780206580989826,0
2014-09-25,double7s__ma200__sp10,double7s_signal_D_maPeriod_200_shortPeriod_10,ES,-0.0077575668246705805,0.29004449898522766,0
2014-09-26,double7s__ma200__sp10,double7s_signal_D_maPeriod_200_shortPeriod_10,ES,0.0029078335422846025,0.29295233252751224,0
2014-09-29,double7s__ma200__sp10,double7s_signal_D_maPeriod_200_shortPeriod_10,ES,-0.0015407619741617876,0.29141157055335043,0
2014-09-30,double7s__ma200__sp10,double7s_signal_D_maPeriod_200_shortPeriod_10,ES,-0.0013987263623227778,0.29001284419102763,0
2014-10-01,double7s__ma200__sp10,double7s_signal_D_maPeriod_200_shortPeriod_10,ES,-0.008770159636747356,0.28124268455428025,0
2014-10-02,double7s__ma200__sp10,double7s_signal_D_maPeriod_200_shortPeriod_10,ES,-0.0005024442601211442,0.2807402402941591,0
2014-10-03,double7s__ma200__sp10,double7s_signal_D_maPeriod_200_shortPeriod_10,ES,0.009425296674938556,0.2901655369690977,0
2014-10-06,double7s__ma200__sp10,double7s_signal_D_maPeriod_200_shortPeriod_10,ES,-0.00121072698478308,0.2889548099843146,0
2014-10-07,double7s__ma200__sp10,double7s_signal_D_maPeriod_200_shortPeriod_10,ES,-0.010979348209273623,0.277975461775041,0
2014-10-08,double7s__ma200__sp10,double7s_signal_D_maPeriod_200_shortPeriod_10,ES,0.007208176773299173,0.28518363854834017,0
2014-10-09,double7s__ma200__sp10,double7s_signal_D_maPeriod_200_shortPeriod_10,ES,-0.0063486411376750835,0.2788349974106651,0
2014-10-10,double7s__ma200__sp10,double7s_signal_D_maPeriod_200_shortPeriod_10,ES,-0.0037387592001248498,0.27509623821054024,0
2014-10-13,double7s__ma200__sp10,double7s_signal_D_maPeriod_200_shortPeriod_10,ES,-0.0049417689149635615,0.2701544692955767,0
2014-10-14,double7s__ma200__sp10,double7s_signal_D_maPeriod_200_shortPeriod_10,ES,0.0016676943280602003,0.27182216362363687,0
2014-10-15,double7s__ma200__sp10,double7s_signal_D_maPeriod_200_shortPeriod_10,ES,-0.011384253820060673,0.2604379098035762,0
2014-10-16,double7s__ma200__sp10,double7s_signal_D_maPeriod_200_shortPeriod_10,ES,0.0007700922582434258,0.2612080020618196,0
2014-10-17,double7s__ma200__sp10,double7s_signal_D_maPeriod_200_shortPeriod_10,ES,0.012330984448915689,0.27353898651073527,0
2014-10-20,double7s__ma200__sp10,double7s_signal_D_maPeriod_200_shortPeriod_10,ES,0.003039599917535857,0.27657858642827116,0
2014-10-21,double7s__ma200__sp10,double7s_signal_D_maPeriod_200_shortPeriod_10,ES,0.008716132068764542,0.2852947184970357,0
2014-10-22,double7s__ma200__sp10,double7s_signal_D_maPeriod_200_shortPeriod_10,ES,-0.0021113476196909942,0.2831833708773447,0
2014-10-23,double7s__ma200__sp10,double7s_signal_D_maPeriod_200_shortPeriod_10,ES,0.006380549305131798,0.2895639201824765,0
2014-10-24,double7s__ma200__sp10,double7s_signal_D_maPeriod_200_shortPeriod_10,ES,0.0,0.2895639201824765,0
2014-10-27,double7s__ma200__sp10,double7s_signal_D_maPeriod_200_shortPeriod_10,ES,0.0,0.2895639201824765,0
2014-10-28,double7s__ma200__sp10,double7s_signal_D_maPeriod_200_shortPeriod_10,ES,0.0,0.2895639201824765,0
2014-10-29,double7s__ma200__sp10,double7s_signal_D_maPeriod_200_shortPeriod_10,ES,0.0,0.2895639201824765,0
2014-10-30,double7s__ma200__sp10,double7s_signal_D_maPeriod_200_shortPeriod_10,ES,0.0,0.2895639201824765,0
2014-10-31,double7s__ma200__sp10,double7s_signal_D_maPeriod_200_shortPeriod_10,ES,0.0,0.2895639201824765,0
2014-11-03,double7s__ma200__sp10,double7s_signal_D_maPeriod_200_shortPeriod_10,ES,0.0,0.2895639201824765,0
2014-11-04,double7s__ma200__sp10,double7s_signal_D_maPeriod_200_shortPeriod_10,ES,0.0,0.2895639201824765,0
2014-11-05,double7s__ma200__sp10,double7s_signal_D_maPeriod_200_shortPeriod_10,ES,0.0,0.2895639201824765,0
2014-11-06,double7s__ma200__sp10,double7s_signal_D_maPeriod_200_shortPeriod_10,ES,0.0,0.2895639201824765,0
2014-11-07,double7s__ma200__sp10,double7s_signal_D_maPeriod_200_shortPeriod_10,ES,0.0,0.2895639201824765,0
2014-11-10,double7s__ma200__sp10,double7s_signal_D_maPeriod_200_shortPeriod_10,ES,0.0,0.2895639201824765,0
2014-11-11,double7s__ma200__sp10,double7s_signal_D_maPeriod_200_shortPeriod_10,ES,0.0,0.2895639201824765,0
2014-11-12,double7s__ma200__sp10,double7s_signal_D_maPeriod_200_shortPeriod_10,ES,0.0,0.2895639201824765,0
2014-11-13,double7s__ma200__sp10,double7s_signal_D_maPeriod_200_shortPeriod_10,ES,0.0,0.2895639201824765,0
2014-11-14,double7s__ma200__sp10,double7s_signal_D_maPeriod_200_shortPeriod_10,ES,0.0,0.2895639201824765,0
2014-11-17,double7s__ma200__sp10,double7s_signal_D_maPeriod_200_shortPeriod_10,ES,0.0,0.2895639201824765,0
2014-11-18,double7s__ma200__sp10,double7s_signal_D_maPeriod_200_shortPeriod_10,ES,0.0,0.2895639201824765,0
2014-11-19,double7s__ma200__sp10,double7s_signal_D_maPeriod_200_shortPeriod_10,ES,0.0,0.2895639201824765,0
2014-11-20,double7s__ma200__sp10,double7s_signal_D_maPeriod_200_shortPeriod_10,ES,0.0,0.2895639201824765,0
2014-11-21,double7s__ma200__sp10,double7s_signal_D_maPeriod_200_shortPeriod_10,ES,0.0,0.2895639201824765,0
2014-11-24,double7s__ma200__sp10,double7s_signal_D_maPeriod_200_shortPeriod_10,ES,0.0,0.2895639201824765,0
2014-11-25,double7s__ma200__sp10,double7s_signal_D_maPeriod_200_shortPeriod_10,ES,0.0,0.2895639201824765,0
2014-11-26,double7s__ma200__sp10,double7s_signal_D_maPeriod_200_shortPeriod_10,ES,0.0,0.2895639201824765,0
2014-11-28,double7s__ma200__sp10,double7s_signal_D_maPeriod_200_shortPeriod_10,ES,0.0,0.2895639201824765,0
2014-12-01,double7s__ma200__sp10,double7s_signal_D_maPeriod_200_shortPeriod_10,ES,0.0,0.2895639201824765,0
2014-12-02,double7s__ma200__sp10,double7s_signal_D_maPeriod_200_shortPeriod_10,ES,0.0,0.2895639201824765,0
2014-12-03,double7s__ma200__sp10,double7s_signal_D_maPeriod_200_shortPeriod_10,ES,0.0,0.2895639201824765,0
2014-12-04,double7s__ma200__sp10,double7s_signal_D_maPeriod_200_shortPeriod_10,ES,0.0,0.2895639201824765,0
2014-12-05,double7s__ma200__sp10,double7s_signal_D_maPeriod_200_shortPeriod_10,ES,0.0,0.2895639201824765,0
2014-12-08,double7s__ma200__sp10,double7s_signal_D_maPeriod_200_shortPeriod_10,ES,0.0,0.2895639201824765,0
2014-12-09,double7s__ma200__sp10,double7s_signal_D_maPeriod_200_shortPeriod_10,ES,0.0,0.2895639201824765,0
2014-12-10,double7s__ma200__sp10,double7s_signal_D_maPeriod_200_shortPeriod_10,ES,0.0,0.2895639201824765,0
2014-12-11,double7s__ma200__sp10,double7s_signal_D_maPeriod_200_shortPeriod_10,ES,0.0008906493032265023,0.29045456948570303,0
2014-12-12,double7s__ma200__sp10,double7s_signal_D_maPeriod_200_shortPeriod_10,ES,-0.01310668028195791,0.27734788920374515,0
2014-12-15,double7s__ma200__sp10,double7s_signal_D_maPeriod_200_shortPeriod_10,ES,-0.0015441466612402738,0.2758037425425049,0
2014-12-16,double7s__ma200__sp10,double7s_signal_D_maPeriod_200_shortPeriod_10,ES,-0.0072483379704648505,0.26855540457204,0
2014-12-17,double7s__ma200__sp10,double7s_signal_D_maPeriod_200_shortPeriod_10,ES,0.010868984471546257,0.2794243890435863,0
2014-12-18,double7s__ma200__sp10,double7s_signal_D_maPeriod_200_shortPeriod_10,ES,0.007414363560263594,0.2868387526038499,0
2014-12-19,double7s__ma200__sp10,double7s_signal_D_maPeriod_200_shortPeriod_10,ES,0.0008148938376504408,0.2876536464415003,0
2014-12-22,double7s__ma200__sp10,double7s_signal_D_maPeriod_200_shortPeriod_10,ES,0.0022799827429698643,0.2899336291844702,0
2014-12-23,double7s__ma200__sp10,double7s_signal_D_maPeriod_200_shortPeriod_10,ES,0.0,0.2899336291844702,0
2014-12-24,double7s__ma200__sp10,double7s_signal_D_maPeriod_200_shortPeriod_10,ES,0.0,0.2899336291844702,0
2014-12-26,double7s__ma200__sp10,double7s_signal_D_maPeriod_200_shortPeriod_10,ES,0.0,0.2899336291844702,0
2014-12-29,double7s__ma200__sp10,double7s_signal_D_maPeriod_200_shortPeriod_10,ES,0.0,0.2899336291844702,0
2014-12-30,double7s__ma200__sp10,double7s_signal_D_maPeriod_200_shortPeriod_10,ES,0.0,0.2899336291844702,0
2014-12-31,double7s__ma200__sp10,double7s_signal_D_maPeriod_200_shortPeriod_10,ES,0.0,0.2899336291844702,0
2015-01-02,double7s__ma200__sp10,double7s_signal_D_maPeriod_200_shortPeriod_10,ES,0.0,0.2899336291844702,0
2015-01-05,double7s__ma200__sp10,double7s_signal_D_maPeriod_200_shortPeriod_10,ES,0.0,0.2899336291844702,0
2015-01-06,double7s__ma200__sp10,double7s_signal_D_maPeriod_200_shortPeriod_10,ES,-0.004691417278193138,0.2852422119062771,0
2015-01-07,double7s__ma200__sp10,double7s_signal_D_maPeriod_200_shortPeriod_10,ES,0.005376818732972468,0.29061903063924954,0
2015-01-08,double7s__ma200__sp10,double7s_signal_D_maPeriod_200_shortPeriod_10,ES,0.007336754319698004,0.29795578495894753,0
2015-01-09,double7s__ma200__sp10,double7s_signal_D_maPeriod_200_shortPeriod_10,ES,-0.00306529038069273,0.2948904945782548,0
2015-01-12,double7s__ma200__sp10,double7s_signal_D_maPeriod_200_shortPeriod_10,ES,-0.0029065941645221266,0.2919839004137327,0
2015-01-13,double7s__ma200__sp10,double7s_signal_D_maPeriod_200_shortPeriod_10,ES,-0.0024868905047412157,0.28949700990899147,0
2015-01-14,double7s__ma200__sp10,double7s_signal_D_maPeriod_200_shortPeriod_10,ES,-0.0041148349960099745,0.2853821749129815,0
2015-01-15,double7s__ma200__sp10,double7s_signal_D_maPeriod_200_shortPeriod_10,ES,-0.008494940295190587,0.2768872346177909,0
2015-01-16,double7s__ma200__sp10,double7s_signal_D_maPeriod_200_shortPeriod_10,ES,0.008636780808686179,0.2855240154264771,0
2015-01-20,double7s__ma200__sp10,double7s_signal_D_maPeriod_200_shortPeriod_10,ES,0.0007197249999454393,0.28624374042642253,0
2015-01-21,double7s__ma200__sp10,double7s_signal_D_maPeriod_200_shortPeriod_10,ES,0.004521903603525157,0.2907656440299477,0
2015-01-22,double7s__ma200__sp10,double7s_signal_D_maPeriod_200_shortPeriod_10,ES,0.011282290634087616,0.30204793466403534,0
2015-01-23,double7s__ma200__sp10,double7s_signal_D_maPeriod_200_shortPeriod_10,ES,0.0,0.30204793466403534,0
2015-01-26,double7s__ma200__sp10,double7s_signal_D_maPeriod_200_shortPeriod_10,ES,0.0,0.30204793466403534,0
2015-01-27,double7s__ma200__sp10,double7s_signal_D_maPeriod_200_shortPeriod_10,ES,0.0,0.30204793466403534,0
2015-01-28,double7s__ma200__sp10,double7s_signal_D_maPeriod_200_shortPeriod_10,ES,0.0,0.30204793466403534,0
2015-01-29,double7s__ma200__sp10,double7s_signal_D_maPeriod_200_shortPeriod_10,ES,0.0,0.30204793466403534,0
2015-01-30,double7s__ma200__sp10,double7s_signal_D_maPeriod_200_shortPeriod_10,ES,0.0,0.30204793466403534,0
2015-02-02,double7s__ma200__sp10,double7s_signal_D_maPeriod_200_shortPeriod_10,ES,0.004980123281848403,0.3070280579458837,0
2015-02-03,double7s__ma200__sp10,double7s_signal_D_maPeriod_200_shortPeriod_10,ES,0.00518928747764947,0.3122173454235332,0
2015-02-04,double7s__ma200__sp10,double7s_signal_D_maPeriod_200_shortPeriod_10,ES,-0.0022197277218519353,0.30999761770168127,0
2015-02-05,double7s__ma200__sp10,double7s_signal_D_maPeriod_200_shortPeriod_10,ES,0.009633165950740803,0.3196307836524221,0
2015-02-06,double7s__ma200__sp10,double7s_signal_D_maPeriod_200_shortPeriod_10,ES,-0.0007004195139348768,0.3189303641384872,0
2015-02-09,double7s__ma200__sp10,double7s_signal_D_maPeriod_200_shortPeriod_10,ES,-0.003125210212891228,0.31580515392559594,0
2015-02-10,double7s__ma200__sp10,double7s_signal_D_maPeriod_200_shortPeriod_10,ES,0.0067696810831646475,0.3225748350087606,0
2015-02-11,double7s__ma200__sp10,double7s_signal_D_maPeriod_200_shortPeriod_10,ES,0.0,0.3225748350087606,0
2015-02-12,double7s__ma200__sp10,double7s_signal_D_maPeriod_200_shortPeriod_10,ES,0.0,0.3225748350087606,0
2015-02-13,double7s__ma200__sp10,double7s_signal_D_maPeriod_200_shortPeriod_10,ES,0.0,0.3225748350087606,0
2015-02-17,double7s__ma200__sp10,double7s_signal_D_maPeriod_200_shortPeriod_10,ES,0.0,0.3225748350087606,0
2015-02-18,double7s__ma200__sp10,double7s_signal_D_maPeriod_200_shortPeriod_10,ES,0.0,0.3225748350087606,0
2015-02-19,double7s__ma200__sp10,double7s_signal_D_maPeriod_200_shortPeriod_10,ES,0.0,0.3225748350087606,0
2015-02-20,double7s__ma200__sp10,double7s_signal_D_maPeriod_200_shortPeriod_10,ES,0.0,0.3225748350087606,0
2015-02-23,double7s__ma200__sp10,double7s_signal_D_maPeriod_200_shortPeriod_10,ES,0.0,0.3225748350087606,0
2015-02-24,double7s__ma200__sp10,double7s_signal_D_maPeriod_200_shortPeriod_10,ES,0.0,0.3225748350087606,0
2015-02-25,double7s__ma200__sp10,double7s_signal_D_maPeriod_200_shortPeriod_10,ES,0.0,0.3225748350087606,0
2015-02-26,double7s__ma200__sp10,double7s_signal_D_maPeriod_200_shortPeriod_10,ES,0.0,0.3225748350087606,0
2015-02-27,double7s__ma200__sp10,double7s_signal_D_maPeriod_200_shortPeriod_10,ES,0.0,0.3225748350087606,0
2015-03-02,double7s__ma200__sp10,double7s_signal_D_maPeriod_200_shortPeriod_10,ES,0.0,0.3225748350087606,0
2015-03-03,double7s__ma200__sp10,double7s_signal_D_maPeriod_200_shortPeriod_10,ES,0.0,0.3225748350087606,0
2015-03-04,double7s__ma200__sp10,double7s_signal_D_maPeriod_200_shortPeriod_10,ES,0.0,0.3225748350087606,0
2015-03-05,double7s__ma200__sp10,double7s_signal_D_maPeriod_200_shortPeriod_10,ES,0.0,0.3225748350087606,0
2015-03-06,double7s__ma200__sp10,double7s_signal_D_maPeriod_200_shortPeriod_10,ES,0.0,0.3225748350087606,0
2015-03-09,double7s__ma200__sp10,double7s_signal_D_maPeriod_200_shortPeriod_10,ES,0.0008309996499887908,0.3234058346587494,0
2015-03-10,double7s__ma200__sp10,double7s_signal_D_maPeriod_200_shortPeriod_10,ES,-0.013430095748979378,0.30997573890977004,0
2015-03-11,double7s__ma200__sp10,double7s_signal_D_maPeriod_200_shortPeriod_10,ES,-0.0007964362125319715,0.3091793026972381,0
2015-03-12,double7s__ma200__sp10,double7s_signal_D_maPeriod_200_shortPeriod_10,ES,0.008664101116768392,0.3178434038140065,0
2015-03-13,double7s__ma200__sp10,double7s_signal_D_maPeriod_200_shortPeriod_10,ES,-0.0031853398422404897,0.314658063971766,0
2015-03-16,double7s__ma200__sp10,double7s_signal_D_maPeriod_200_shortPeriod_10,ES,0.007636951558535478,0.3222950155303015,0
2015-03-17,double7s__ma200__sp10,double7s_signal_D_maPeriod_200_shortPeriod_10,ES,0.0,0.3222950155303015,0
2015-03-18,double7s__ma200__sp10,double7s_signal_D_maPeriod_200_shortPeriod_10,ES,0.010772848259629578,0.3330678637899311,0
2015-03-19,double7s__ma200__sp10,double7s_signal_D_maPeriod_200_shortPeriod_10,ES,0.0,0.3330678637899311,0
2015-03-20,double7s__ma200__sp10,double7s_signal_D_maPeriod_200_shortPeriod_10,ES,0.0,0.3330678637899311,0
2015-03-23,double7s__ma200__sp10,double7s_signal_D_maPeriod_200_shortPeriod_10,ES,0.0,0.3330678637899311,0
2015-03-24,double7s__ma200__sp10,double7s_signal_D_maPeriod_200_shortPeriod_10,ES,0.0,0.3330678637899311,0
2015-03-25,double7s__ma200__sp10,double7s_signal_D_maPeriod_200_shortPeriod_10,ES,0.0,0.3330678637899311,0
2015-03-26,double7s__ma200__sp10,double7s_signal_D_maPeriod_200_shortPeriod_10,ES,0.0,0.3330678637899311,0
2015-03-27,double7s__ma200__sp10,double7s_signal_D_maPeriod_200_shortPeriod_10,ES,0.0,0.3330678637899311,0
2015-03-30,double7s__ma200__sp10,double7s_signal_D_maPeriod_200_shortPeriod_10,ES,0.0,0.3330678637899311,0
2015-03-31,double7s__ma200__sp10,double7s_signal_D_maPeriod_200_shortPeriod_10,ES,0.0,0.3330678637899311,0
2015-04-01,double7s__ma200__sp10,double7s_signal_D_maPeriod_200_shortPeriod_10,ES,0.0,0.3330678637899311,0
2015-04-02,double7s__ma200__sp10,double7s_signal_D_maPeriod_200_shortPeriod_10,ES,0.0,0.3330678637899311,0
2015-04-03,double7s__ma200__sp10,double7s_signal_D_maPeriod_200_shortPeriod_10,ES,0.0,0.3330678637899311,0
2015-04-06,double7s__ma200__sp10,double7s_signal_D_maPeriod_200_shortPeriod_10,ES,0.0,0.3330678637899311,0
2015-04-07,double7s__ma200__sp10,double7s_signal_D_maPeriod_200_shortPeriod_10,ES,0.0,0.3330678637899311,0
2015-04-08,double7s__ma200__sp10,double7s_signal_D_maPeriod_200_shortPeriod_10,ES,0.0,0.3330678637899311,0
2015-04-09,double7s__ma200__sp10,double7s_signal_D_maPeriod_200_shortPeriod_10,ES,0.0,0.3330678637899311,0
2015-04-10,double7s__ma200__sp10,double7s_signal_D_maPeriod_200_shortPeriod_10,ES,0.0,0.3330678637899311,0
2015-04-13,double7s__ma200__sp10,double7s_signal_D_maPeriod_200_shortPeriod_10,ES,0.0,0.3330678637899311,0
2015-04-14,double7s__ma200__sp10,double7s_signal_D_maPeriod_200_shortPeriod_10,ES,0.0,0.3330678637899311,0
2015-04-15,double7s__ma200__sp10,double7s_signal_D_maPeriod_200_shortPeriod_10,ES,0.0,0.3330678637899311,0
2015-04-16,double7s__ma200__sp10,double7s_signal_D_maPeriod_200_shortPeriod_10,ES,0.0,0.3330678637899311,0
2015-04-17,double7s__ma200__sp10,double7s_signal_D_maPeriod_200_shortPeriod_10,ES,0.0,0.3330678637899311,0
2015-04-20,double7s__ma200__sp10,double7s_signal_D_maPeriod_200_shortPeriod_10,ES,0.0,0.3330678637899311,0
2015-04-21,double7s__ma200__sp10,double7s_signal_D_maPeriod_200_shortPeriod_10,ES,0.0,0.3330678637899311,0
2015-04-22,double7s__ma200__sp10,double7s_signal_D_maPeriod_200_shortPeriod_10,ES,0.0,0.3330678637899311,0
2015-04-23,double7s__ma200__sp10,double7s_signal_D_maPeriod_200_shortPeriod_10,ES,0.0,0.3330678637899311,0
2015-04-24,double7s__ma200__sp10,double7s_signal_D_maPeriod_200_shortPeriod_10,ES,0.0,0.3330678637899311,0
2015-04-27,double7s__ma200__sp10,double7s_signal_D_maPeriod_200_shortPeriod_10,ES,0.0,0.3330678637899311,0
2015-04-28,double7s__ma200__sp10,double7s_signal_D_maPeriod_200_shortPeriod_10,ES,0.0,0.3330678637899311,0
2015-04-29,double7s__ma200__sp10,double7s_signal_D_maPeriod_200_shortPeriod_10,ES,0.0,0.3330678637899311,0
2015-04-30,double7s__ma200__sp10,double7s_signal_D_maPeriod_200_shortPeriod_10,ES,0.0,0.3330678637899311,0
2015-05-01,double7s__ma200__sp10,double7s_signal_D_maPeriod_200_shortPeriod_10,ES,0.0,0.3330678637899311,0
2015-05-04,double7s__ma200__sp10,double7s_signal_D_maPeriod_200_shortPeriod_10,ES,0.0,0.3330678637899311,0
2015-05-05,double7s__ma200__sp10,double7s_signal_D_maPeriod_200_shortPeriod_10,ES,0.0,0.3330678637899311,0
2015-05-06,double7s__ma200__sp10,double7s_signal_D_maPeriod_200_shortPeriod_10,ES,0.0,0.3330678637899311,0
2015-05-07,double7s__ma200__sp10,double7s_signal_D_maPeriod_200_shortPeriod_10,ES,0.0033108680400576354,0.33637873182998873,0
2015-05-08,double7s__ma200__sp10,double7s_signal_D_maPeriod_200_shortPeriod_10,ES,0.008497135586657633,0.3448758674166464,0
2015-05-11,double7s__ma200__sp10,double7s_signal_D_maPeriod_200_shortPeriod_10,ES,-0.0026896300800612134,0.34218623733658515,0
2015-05-12,double7s__ma200__sp10,double7s_signal_D_maPeriod_200_shortPeriod_10,ES,-0.0009250532928541024,0.34126118404373107,0
2015-05-13,double7s__ma200__sp10,double7s_signal_D_maPeriod_200_shortPeriod_10,ES,-0.0007139823085422179,0.3405472017351889,0
2015-05-14,double7s__ma200__sp10,double7s_signal_D_maPeriod_200_shortPeriod_10,ES,0.008735490839919693,0.3492826925751086,0
2015-05-15,double7s__ma200__sp10,double7s_signal_D_maPeriod_200_shortPeriod_10,ES,0.0,0.3492826925751086,0
2015-05-18,double7s__ma200__sp10,double7s_signal_D_maPeriod_200_shortPeriod_10,ES,0.0,0.3492826925751086,0
2015-05-19,double7s__ma200__sp10,double7s_signal_D_maPeriod_200_shortPeriod_10,ES,0.0,0.3492826925751086,0
2015-05-20,double7s__ma200__sp10,double7s_signal_D_maPeriod_200_shortPeriod_10,ES,0.0,0.3492826925751086,0
2015-05-21,double7s__ma200__sp10,double7s_signal_D_maPeriod_200_shortPeriod_10,ES,0.0,0.3492826925751086,0
2015-05-22,double7s__ma200__sp10,double7s_signal_D_maPeriod_200_shortPeriod_10,ES,0.0,0.3492826925751086,0
2015-05-26,double7s__ma200__sp10,double7s_signal_D_maPeriod_200_shortPeriod_10,ES,0.0,0.3492826925751086,0
2015-05-27,double7s__ma200__sp10,double7s_signal_D_maPeriod_200_shortPeriod_10,ES,0.0,0.3492826925751086,0
2015-05-28,double7s__ma200__sp10,double7s_signal_D_maPeriod_200_shortPeriod_10,ES,0.0,0.3492826925751086,0
2015-05-29,double7s__ma200__sp10,double7s_signal_D_maPeriod_200_shortPeriod_10,ES,0.0,0.3492826925751086,0
2015-06-01,double7s__ma200__sp10,double7s_signal_D_maPeriod_200_shortPeriod_10,ES,0.0,0.3492826925751086,0
2015-06-02,double7s__ma200__sp10,double7s_signal_D_maPeriod_200_shortPeriod_10,ES,0.0,0.3492826925751086,0
2015-06-03,double7s__ma200__sp10,double7s_signal_D_maPeriod_200_shortPeriod_10,ES,0.0,0.3492826925751086,0
2015-06-04,double7s__ma200__sp10,double7s_signal_D_maPeriod_200_shortPeriod_10,ES,0.0,0.3492826925751086,0
2015-06-05,double7s__ma200__sp10,double7s_signal_D_maPeriod_200_shortPeriod_10,ES,-0.0018086557132647712,0.3474740368618438,0
2015-06-08,double7s__ma200__sp10,double7s_signal_D_maPeriod_200_shortPeriod_10,ES,-0.0056309789093308,0.341843057952513,0
2015-06-09,double7s__ma200__sp10,double7s_signal_D_maPeriod_200_shortPeriod_10,ES,0.0,0.341843057952513,0
2015-06-10,double7s__ma200__sp10,double7s_signal_D_maPeriod_200_shortPeriod_10,ES,0.010715694376166283,0.3525587523286793,0
2015-06-11,double7s__ma200__sp10,double7s_signal_D_maPeriod_200_shortPeriod_10,ES,0.0006622450543484039,0.3532209973830277,0
2015-06-12,double7s__ma200__sp10,double7s_signal_D_maPeriod_200_shortPeriod_10,ES,-0.006514456629952236,0.34670654075307544,0
2015-06-15,double7s__ma200__sp10,double7s_signal_D_maPeriod_200_shortPeriod_10,ES,-0.0008617414426554674,0.34584479931041995,0
2015-06-16,double7s__ma200__sp10,double7s_signal_D_maPeriod_200_shortPeriod_10,ES,0.005273557104450214,0.35111835641487016,0
2015-06-17,double7s__ma200__sp10,double7s_signal_D_maPeriod_200_shortPeriod_10,ES,-7.90293340739364e-05,0.3510393270807962,0
2015-06-18,double7s__ma200__sp10,double7s_signal_D_maPeriod_200_shortPeriod_10,ES,0.010449453933168278,0.3614887810139645,0
2015-06-19,double7s__ma200__sp10,double7s_signal_D_maPeriod_200_shortPeriod_10,ES,0.0,0.3614887810139645,0
2015-06-22,double7s__ma200__sp10,double7s_signal_D_maPeriod_200_shortPeriod_10,ES,0.0,0.3614887810139645,0
2015-06-23,double7s__ma200__sp10,double7s_signal_D_maPeriod_200_shortPeriod_10,ES,0.0,0.3614887810139645,0
2015-06-24,double7s__ma200__sp10,double7s_signal_D_maPeriod_200_shortPeriod_10,ES,0.0,0.3614887810139645,0
2015-06-25,double7s__ma200__sp10,double7s_signal_D_maPeriod_200_shortPeriod_10,ES,0.0,0.3614887810139645,0
2015-06-26,double7s__ma200__sp10,double7s_signal_D_maPeriod_200_shortPeriod_10,ES,0.0,0.3614887810139645,0
2015-06-29,double7s__ma200__sp10,double7s_signal_D_maPeriod_200_shortPeriod_10,ES,0.0,0.3614887810139645,0
2015-06-30,double7s__ma200__sp10,double7s_signal_D_maPeriod_200_shortPeriod_10,ES,0.0,0.3614887810139645,0
2015-07-01,double7s__ma200__sp10,double7s_signal_D_maPeriod_200_shortPeriod_10,ES,0.005695117813964799,0.3671838988279293,0
2015-07-02,double7s__ma200__sp10,double7s_signal_D_maPeriod_200_shortPeriod_10,ES,-0.000774423888491758,0.36640947493943754,0
2015-07-06,double7s__ma200__sp10,double7s_signal_D_maPeriod_200_shortPeriod_10,ES,0.011267175525853441,0.377676650465291,0
2015-07-07,double7s__ma200__sp10,double7s_signal_D_maPeriod_200_shortPeriod_10,ES,0.002462686881969571,0.3801393373472605,0
2015-07-08,double7s__ma200__sp10,double7s_signal_D_maPeriod_200_shortPeriod_10,ES,-0.013147666467842368,0.36699167087941814,0
2015-07-09,double7s__ma200__sp10,double7s_signal_D_maPeriod_200_shortPeriod_10,ES,0.0002579263252603339,0.3672495972046785,0
2015-07-10,double7s__ma200__sp10,double7s_signal_D_maPeriod_200_shortPeriod_10,ES,0.009700692993782938,0.37695029019846144,0
2015-07-13,double7s__ma200__sp10,double7s_signal_D_maPeriod_200_shortPeriod_10,ES,0.007933052275323873,0.3848833424737853,0
2015-07-14,double7s__ma200__sp10,double7s_signal_D_maPeriod_200_shortPeriod_10,ES,0.001654994001051446,0.38653833647483676,0
2015-07-15,double7s__ma200__sp10,double7s_signal_D_maPeriod_200_shortPeriod_10,ES,0.0,0.38653833647483676,0
2015-07-16,double7s__ma200__sp10,double7s_signal_D_maPeriod_200_shortPeriod_10,ES,0.0,0.38653833647483676,0
2015-07-17,double7s__ma200__sp10,double7s_signal_D_maPeriod_200_shortPeriod_10,ES,0.0,0.38653833647483676,0
2015-07-20,double7s__ma200__sp10,double7s_signal_D_maPeriod_200_shortPeriod_10,ES,0.0,0.38653833647483676,0
2015-07-21,double7s__ma200__sp10,double7s_signal_D_maPeriod_200_shortPeriod_10,ES,0.0,0.38653833647483676,0
2015-07-22,double7s__ma200__sp10,double7s_signal_D_maPeriod_200_shortPeriod_10,ES,0.0,0.38653833647483676,0
2015-07-23,double7s__ma200__sp10,double7s_signal_D_maPeriod_200_shortPeriod_10,ES,0.0,0.38653833647483676,0
2015-07-24,double7s__ma200__sp10,double7s_signal_D_maPeriod_200_shortPeriod_10,ES,0.0,0.38653833647483676,0
2015-07-27,double7s__ma200__sp10,double7s_signal_D_maPeriod_200_shortPeriod_10,ES,0.0,0.38653833647483676,0
2015-07-28,double7s__ma200__sp10,double7s_signal_D_maPeriod_200_shortPeriod_10,ES,0.006811062447524771,0.39334939892236154,0
2015-07-29,double7s__ma200__sp10,double7s_signal_D_maPeriod_200_shortPeriod_10,ES,0.0030752801866991615,0.3964246791090607,0
2015-07-30,double7s__ma200__sp10,double7s_signal_D_maPeriod_200_shortPeriod_10,ES,0.001255903973083664,0.3976805830821444,0
2015-07-31,double7s__ma200__sp10,double7s_signal_D_maPeriod_200_shortPeriod_10,ES,-0.0013196936268135763,0.3963608894553308,0
2015-08-03,double7s__ma200__sp10,double7s_signal_D_maPeriod_200_shortPeriod_10,ES,-0.0031529879967060544,0.3932079014586248,0
2015-08-04,double7s__ma200__sp10,double7s_signal_D_maPeriod_200_shortPeriod_10,ES,-0.003060345659781056,0.3901475557988437,0
2015-08-05,double7s__ma200__sp10,double7s_signal_D_maPeriod_200_shortPeriod_10,ES,0.004588214758928535,0.3947357705577722,0
2015-08-06,double7s__ma200__sp10,double7s_signal_D_maPeriod_200_shortPeriod_10,ES,-0.005179484500360547,0.38955628605741166,0
2015-08-07,double7s__ma200__sp10,double7s_signal_D_maPeriod_200_shortPeriod_10,ES,-0.0019995419593640657,0.3875567440980476,0
2015-08-10,double7s__ma200__sp10,double7s_signal_D_maPeriod_200_shortPeriod_10,ES,0.011326993903200888,0.3988837380012485,0
2015-08-11,double7s__ma200__sp10,double7s_signal_D_maPeriod_200_shortPeriod_10,ES,-0.004374756016793148,0.39450898198445533,0
2015-08-12,double7s__ma200__sp10,double7s_signal_D_maPeriod_200_shortPeriod_10,ES,0.0008537790977305394,0.3953627610821859,0
2015-08-13,double7s__ma200__sp10,double7s_signal_D_maPeriod_200_shortPeriod_10,ES,-0.0009198272722214037,0.3944429338099645,0
2015-08-14,double7s__ma200__sp10,double7s_signal_D_maPeriod_200_shortPeriod_10,ES,0.004186110788331359,0.39862904459829585,0
2015-08-17,double7s__ma200__sp10,double7s_signal_D_maPeriod_200_shortPeriod_10,ES,0.0038025122038193356,0.4024315568021152,0
2015-08-18,double7s__ma200__sp10,double7s_signal_D_maPeriod_200_shortPeriod_10,ES,-0.0015831194544681801,0.40084843734764697,0
2015-08-19,double7s__ma200__sp10,double7s_signal_D_maPeriod_200_shortPeriod_10,ES,-0.00837646710250381,0.39247197024514313,0
2015-08-20,double7s__ma200__sp10,double7s_signal_D_maPeriod_200_shortPeriod_10,ES,-0.01173314895678023,0.3807388212883629,0
2015-08-21,double7s__ma200__sp10,double7s_signal_D_maPeriod_200_shortPeriod_10,ES,-0.007410464494947569,0.3733283567934153,0
2015-08-24,double7s__ma200__sp10,double7s_signal_D_maPeriod_200_shortPeriod_10,ES,-0.011318128912336014,0.3620102278810793,0
2015-08-25,double7s__ma200__sp10,double7s_signal_D_maPeriod_200_shortPeriod_10,ES,0.0,0.3620102278810793,0
2015-08-26,double7s__ma200__sp10,double7s_signal_D_maPeriod_200_shortPeriod_10,ES,0.013753250207000986,0.37576347808808025,0
2015-08-27,double7s__ma200__sp10,double7s_signal_D_maPeriod_200_shortPeriod_10,ES,0.004789862213420654,0.3805533403015009,0
2015-08-28,double7s__ma200__sp10,double7s_signal_D_maPeriod_200_shortPeriod_10,ES,0.00017889662678327326,0.3807322369282842,0
2015-08-31,double7s__ma200__sp10,double7s_signal_D_maPeriod_200_shortPeriod_10,ES,-0.0055621879058322075,0.375170049022452,0
2015-09-01,double7s__ma200__sp10,double7s_signal_D_maPeriod_200_shortPeriod_10,ES,-0.012496679522643571,0.36267336949980844,0
2015-09-02,double7s__ma200__sp10,double7s_signal_D_maPeriod_200_shortPeriod_10,ES,0.004075122587685643,0.3667484920874941,0
2015-09-03,double7s__ma200__sp10,double7s_signal_D_maPeriod_200_shortPeriod_10,ES,-0.00026244162853098245,0.3664860504589631,0
2015-09-04,double7s__ma200__sp10,double7s_signal_D_maPeriod_200_shortPeriod_10,ES,-0.010621038731620885,0.3558650117273422,0
2015-09-08,double7s__ma200__sp10,double7s_signal_D_maPeriod_200_shortPeriod_10,ES,0.010921698345471444,0.36678671007281366,0
2015-09-09,double7s__ma200__sp10,double7s_signal_D_maPeriod_200_shortPeriod_10,ES,-0.003339159414479672,0.363447550658334,0
2015-09-10,double7s__ma200__sp10,double7s_signal_D_maPeriod_200_shortPeriod_10,ES,0.001244690252843282,0.3646922409111773,0
2015-09-11,double7s__ma200__sp10,double7s_signal_D_maPeriod_200_shortPeriod_10,ES,0.004257150252978031,0.3689493911641553,0
2015-09-14,double7s__ma200__sp10,double7s_signal_D_maPeriod_200_shortPeriod_10,ES,-0.003536486661520717,0.3654129045026346,0
2015-09-15,double7s__ma200__sp10,double7s_signal_D_maPeriod_200_shortPeriod_10,ES,0.011310744111599397,0.37672364861423396,0
2015-09-16,double7s__ma200__sp10,double7s_signal_D_maPeriod_200_shortPeriod_10,ES,0.0,0.37672364861423396,0
2015-09-17,double7s__ma200__sp10,double7s_signal_D_maPeriod_200_shortPeriod_10,ES,0.0,0.37672364861423396,0
2015-09-18,double7s__ma200__sp10,double7s_signal_D_maPeriod_200_shortPeriod_10,ES,0.0,0.37672364861423396,0
2015-09-21,double7s__ma200__sp10,double7s_signal_D_maPeriod_200_shortPeriod_10,ES,0.0,0.37672364861423396,0
2015-09-22,double7s__ma200__sp10,double7s_signal_D_maPeriod_200_shortPeriod_10,ES,0.0,0.37672364861423396,0
2015-09-23,double7s__ma200__sp10,double7s_signal_D_maPeriod_200_shortPeriod_10,ES,0.0,0.37672364861423396,0
2015-09-24,double7s__ma200__sp10,double7s_signal_D_maPeriod_200_shortPeriod_10,ES,0.0,0.37672364861423396,0
2015-09-25,double7s__ma200__sp10,double7s_signal_D_maPeriod_200_shortPeriod_10,ES,0.0,0.37672364861423396,0
2015-09-28,double7s__ma200__sp10,double7s_signal_D_maPeriod_200_shortPeriod_10,ES,0.0,0.37672364861423396,0
2015-09-29,double7s__ma200__sp10,double7s_signal_D_maPeriod_200_shortPeriod_10,ES,0.0,0.37672364861423396,0
2015-09-30,double7s__ma200__sp10,double7s_signal_D_maPeriod_200_shortPeriod_10,ES,0.0,0.37672364861423396,0
2015-10-01,double7s__ma200__sp10,double7s_signal_D_maPeriod_200_shortPeriod_10,ES,0.0,0.37672364861423396,0
2015-10-02,double7s__ma200__sp10,double7s_signal_D_maPeriod_200_shortPeriod_10,ES,0.0,0.37672364861423396,0
2015-10-05,double7s__ma200__sp10,double7s_signal_D_maPeriod_200_shortPeriod_10,ES,0.0,0.37672364861423396,0
2015-10-06,double7s__ma200__sp10,double7s_signal_D_maPeriod_200_shortPeriod_10,ES,0.0,0.37672364861423396,0
2015-10-07,double7s__ma200__sp10,double7s_signal_D_maPeriod_200_shortPeriod_10,ES,0.0,0.37672364861423396,0
2015-10-08,double7s__ma200__sp10,double7s_signal_D_maPeriod_200_shortPeriod_10,ES,0.0,0.37672364861423396,0
2015-10-09,double7s__ma200__sp10,double7s_signal_D_maPeriod_200_shortPeriod_10,ES,0.0,0.37672364861423396,0
2015-10-12,double7s__ma200__sp10,double7s_signal_D_maPeriod_200_shortPeriod_10,ES,0.0,0.37672364861423396,0
2015-10-13,double7s__ma200__sp10,double7s_signal_D_maPeriod_200_shortPeriod_10,ES,0.0,0.37672364861423396,0
2015-10-14,double7s__ma200__sp10,double7s_signal_D_maPeriod_200_shortPeriod_10,ES,0.0,0.37672364861423396,0
2015-10-15,double7s__ma200__sp10,double7s_signal_D_maPeriod_200_shortPeriod_10,ES,0.0,0.37672364861423396,0
2015-10-16,double7s__ma200__sp10,double7s_signal_D_maPeriod_200_shortPeriod_10,ES,0.0,0.37672364861423396,0
2015-10-19,double7s__ma200__sp10,double7s_signal_D_maPeriod_200_shortPeriod_10,ES,0.0,0.37672364861423396,0
2015-10-20,double7s__ma200__sp10,double7s_signal_D_maPeriod_200_shortPeriod_10,ES,0.0,0.37672364861423396,0
2015-10-21,double7s__ma200__sp10,double7s_signal_D_maPeriod_200_shortPeriod_10,ES,0.0,0.37672364861423396,0
2015-10-22,double7s__ma200__sp10,double7s_signal_D_maPeriod_200_shortPeriod_10,ES,0.0,0.37672364861423396,0
2015-10-23,double7s__ma200__sp10,double7s_signal_D_maPeriod_200_shortPeriod_10,ES,0.0,0.37672364861423396,0
2015-10-26,double7s__ma200__sp10,double7s_signal_D_maPeriod_200_shortPeriod_10,ES,0.0,0.37672364861423396,0
2015-10-27,double7s__ma200__sp10,double7s_signal_D_maPeriod_200_shortPeriod_10,ES,0.0,0.37672364861423396,0
2015-10-28,double7s__ma200__sp10,double7s_signal_D_maPeriod_200_shortPeriod_10,ES,0.0,0.37672364861423396,0
2015-10-29,double7s__ma200__sp10,double7s_signal_D_maPeriod_200_shortPeriod_10,ES,0.0,0.37672364861423396,0
2015-10-30,double7s__ma200__sp10,double7s_signal_D_maPeriod_200_shortPeriod_10,ES,0.0,0.37672364861423396,0
2015-11-02,double7s__ma200__sp10,double7s_signal_D_maPeriod_200_shortPeriod_10,ES,0.0,0.37672364861423396,0
2015-11-03,double7s__ma200__sp10,double7s_signal_D_maPeriod_200_shortPeriod_10,ES,0.0,0.37672364861423396,0
2015-11-04,double7s__ma200__sp10,double7s_signal_D_maPeriod_200_shortPeriod_10,ES,0.0,0.37672364861423396,0
2015-11-05,double7s__ma200__sp10,double7s_signal_D_maPeriod_200_shortPeriod_10,ES,0.0,0.37672364861423396,0
2015-11-06,double7s__ma200__sp10,double7s_signal_D_maPeriod_200_shortPeriod_10,ES,0.0,0.37672364861423396,0
2015-11-09,double7s__ma200__sp10,double7s_signal_D_maPeriod_200_shortPeriod_10,ES,0.0,0.37672364861423396,0
2015-11-10,double7s__ma200__sp10,double7s_signal_D_maPeriod_200_shortPeriod_10,ES,0.0,0.37672364861423396,0
2015-11-11,double7s__ma200__sp10,double7s_signal_D_maPeriod_200_shortPeriod_10,ES,0.0,0.37672364861423396,0
2015-11-12,double7s__ma200__sp10,double7s_signal_D_maPeriod_200_shortPeriod_10,ES,-0.010895816165273641,0.36582783244896033,0
2015-11-13,double7s__ma200__sp10,double7s_signal_D_maPeriod_200_shortPeriod_10,ES,-0.004356546977981551,0.3614712854709788,0
2015-11-16,double7s__ma200__sp10,double7s_signal_D_maPeriod_200_shortPeriod_10,ES,0.009505442420567445,0.37097672789154623,0
2015-11-17,double7s__ma200__sp10,double7s_signal_D_maPeriod_200_shortPeriod_10,ES,0.00023563429422228765,0.37121236218576853,0
2015-11-18,double7s__ma200__sp10,double7s_signal_D_maPeriod_200_shortPeriod_10,ES,0.01229433174817081,0.3835066939339393,0
2015-11-19,double7s__ma200__sp10,double7s_signal_D_maPeriod_200_shortPeriod_10,ES,0.00018455314421098664,0.38369124707815033,0
2015-11-20,double7s__ma200__sp10,double7s_signal_D_maPeriod_200_shortPeriod_10,ES,0.004273545698606672,0.387964792776757,0
2015-11-23,double7s__ma200__sp10,double7s_signal_D_maPeriod_200_shortPeriod_10,ES,-0.002065362337524449,0.3858994304392325,0
2015-11-24,double7s__ma200__sp10,double7s_signal_D_maPeriod_200_shortPeriod_10,ES,0.0007121593471598944,0.38661158978639243,0
2015-11-25,double7s__ma200__sp10,double7s_signal_D_maPeriod_200_shortPeriod_10,ES,0.0016265323212375628,0.38823812210763,0
2015-11-27,double7s__ma200__sp10,double7s_signal_D_maPeriod_200_shortPeriod_10,ES,0.00020303900265203188,0.388441161110282,0
2015-11-30,double7s__ma200__sp10,double7s_signal_D_maPeriod_200_shortPeriod_10,ES,0.0,0.388441161110282,0
2015-12-01,double7s__ma200__sp10,double7s_signal_D_maPeriod_200_shortPeriod_10,ES,0.0,0.388441161110282,0
2015-12-02,double7s__ma200__sp10,double7s_signal_D_maPeriod_200_shortPeriod_10,ES,0.0,0.388441161110282,0
2015-12-03,double7s__ma200__sp10,double7s_signal_D_maPeriod_200_shortPeriod_10,ES,0.0,0.388441161110282,0
2015-12-04,double7s__ma200__sp10,double7s_signal_D_maPeriod_200_shortPeriod_10,ES,0.006557291062595334,0.3949984521728773,0
2015-12-07,double7s__ma200__sp10,double7s_signal_D_maPeriod_200_shortPeriod_10,ES,-0.0017668729527962775,0.39323157922008106,0
2015-12-08,double7s__ma200__sp10,double7s_signal_D_maPeriod_200_shortPeriod_10,ES,-0.007204430104046012,0.38602714911603503,0
2015-12-09,double7s__ma200__sp10,double7s_signal_D_maPeriod_200_shortPeriod_10,ES,-0.004089576802241614,0.38193757231379344,0
2015-12-10,double7s__ma200__sp10,double7s_signal_D_maPeriod_200_shortPeriod_10,ES,0.0009535779487002291,0.38289115026249365,0
2015-12-11,double7s__ma200__sp10,double7s_signal_D_maPeriod_200_shortPeriod_10,ES,-0.016620862653750186,0.36627028760874347,0
2015-12-14,double7s__ma200__sp10,double7s_signal_D_maPeriod_200_shortPeriod_10,ES,0.0016231147650955283,0.367893402373839,0
2015-12-15,double7s__ma200__sp10,double7s_signal_D_maPeriod_200_shortPeriod_10,ES,0.007699800118976064,0.3755932024928151,0
2015-12-16,double7s__ma200__sp10,double7s_signal_D_maPeriod_200_shortPeriod_10,ES,0.005246936037143816,0.3808401385299589,0
2015-12-17,double7s__ma200__sp10,double7s_signal_D_maPeriod_200_shortPeriod_10,ES,-0.007308413418971125,0.37353172511098776,0
2015-12-18,double7s__ma200__sp10,double7s_signal_D_maPeriod_200_shortPeriod_10,ES,-0.004972419122639384,0.36855930598834835,0
2015-12-21,double7s__ma200__sp10,double7s_signal_D_maPeriod_200_shortPeriod_10,ES,0.003063788921893748,0.3716230949102421,0
2015-12-22,double7s__ma200__sp10,double7s_signal_D_maPeriod_200_shortPeriod_10,ES,0.004145690131204309,0.3757687850414464,0
2015-12-23,double7s__ma200__sp10,double7s_signal_D_maPeriod_200_shortPeriod_10,ES,0.004477457180729005,0.3802462422221754,0
2015-12-24,double7s__ma200__sp10,double7s_signal_D_maPeriod_200_shortPeriod_10,ES,-0.00040387900100623486,0.37984236322116915,0
2015-12-28,double7s__ma200__sp10,double7s_signal_D_maPeriod_200_shortPeriod_10,ES,-0.0010269692519043626,0.3788153939692648,0
2015-12-29,double7s__ma200__sp10,double7s_signal_D_maPeriod_200_shortPeriod_10,ES,0.009409198412538292,0.38822459238180307,0
2015-12-30,double7s__ma200__sp10,double7s_signal_D_maPeriod_200_shortPeriod_10,ES,0.0,0.38822459238180307,0
2015-12-31,double7s__ma200__sp10,double7s_signal_D_maPeriod_200_shortPeriod_10,ES,0.0,0.38822459238180307,0
2016-01-04,double7s__ma200__sp10,double7s_signal_D_maPeriod_200_shortPeriod_10,ES,0.0,0.38822459238180307,0
2016-01-05,double7s__ma200__sp10,double7s_signal_D_maPeriod_200_shortPeriod_10,ES,0.0,0.38822459238180307,0
2016-01-06,double7s__ma200__sp10,double7s_signal_D_maPeriod_200_shortPeriod_10,ES,0.0,0.38822459238180307,0
2016-01-07,double7s__ma200__sp10,double7s_signal_D_maPeriod_200_shortPeriod_10,ES,0.0,0.38822459238180307,0
2016-01-08,double7s__ma200__sp10,double7s_signal_D_maPeriod_200_shortPeriod_10,ES,0.0,0.38822459238180307,0
2016-01-11,double7s__ma200__sp10,double7s_signal_D_maPeriod_200_shortPeriod_10,ES,0.0,0.38822459238180307,0
2016-01-12,double7s__ma200__sp10,double7s_signal_D_maPeriod_200_shortPeriod_10,ES,0.0,0.38822459238180307,0
2016-01-13,double7s__ma200__sp10,double7s_signal_D_maPeriod_200_shortPeriod_10,ES,0.0,0.38822459238180307,0
2016-01-14,double7s__ma200__sp10,double7s_signal_D_maPeriod_200_shortPeriod_10,ES,0.0,0.38822459238180307,0
2016-01-15,double7s__ma200__sp10,double7s_signal_D_maPeriod_200_shortPeriod_10,ES,0.0,0.38822459238180307,0
2016-01-19,double7s__ma200__sp10,double7s_signal_D_maPeriod_200_shortPeriod_10,ES,0.0,0.38822459238180307,0
2016-01-20,double7s__ma200__sp10,double7s_signal_D_maPeriod_200_shortPeriod_10,ES,0.0,0.38822459238180307,0
2016-01-21,double7s__ma200__sp10,double7s_signal_D_maPeriod_200_shortPeriod_10,ES,0.0,0.38822459238180307,0
2016-01-22,double7s__ma200__sp10,double7s_signal_D_maPeriod_200_shortPeriod_10,ES,0.0,0.38822459238180307,0
2016-01-25,double7s__ma200__sp10,double7s_signal_D_maPeriod_200_shortPeriod_10,ES,0.0,0.38822459238180307,0
2016-01-26,double7s__ma200__sp10,double7s_signal_D_maPeriod_200_shortPeriod_10,ES,0.0,0.38822459238180307,0
2016-01-27,double7s__ma200__sp10,double7s_signal_D_maPeriod_200_shortPeriod_10,ES,0.0,0.38822459238180307,0
2016-01-28,double7s__ma200__sp10,double7s_signal_D_maPeriod_200_shortPeriod_10,ES,0.0,0.38822459238180307,0
2016-01-29,double7s__ma200__sp10,double7s_signal_D_maPeriod_200_shortPeriod_10,ES,0.0,0.38822459238180307,0
2016-02-01,double7s__ma200__sp10,double7s_signal_D_maPeriod_200_shortPeriod_10,ES,0.0,0.38822459238180307,0
2016-02-02,double7s__ma200__sp10,double7s_signal_D_maPeriod_200_shortPeriod_10,ES,0.0,0.38822459238180307,0
2016-02-03,double7s__ma200__sp10,double7s_signal_D_maPeriod_200_shortPeriod_10,ES,0.0,0.38822459238180307,0
2016-02-04,double7s__ma200__sp10,double7s_signal_D_maPeriod_200_shortPeriod_10,ES,0.0,0.38822459238180307,0
2016-02-05,double7s__ma200__sp10,double7s_signal_D_maPeriod_200_shortPeriod_10,ES,0.0,0.38822459238180307,0
2016-02-08,double7s__ma200__sp10,double7s_signal_D_maPeriod_200_shortPeriod_10,ES,0.0,0.38822459238180307,0
2016-02-09,double7s__ma200__sp10,double7s_signal_D_maPeriod_200_shortPeriod_10,ES,0.0,0.38822459238180307,0
2016-02-10,double7s__ma200__sp10,double7s_signal_D_maPeriod_200_shortPeriod_10,ES,0.0,0.38822459238180307,0
2016-02-11,double7s__ma200__sp10,double7s_signal_D_maPeriod_200_shortPeriod_10,ES,0.0,0.38822459238180307,0
2016-02-12,double7s__ma200__sp10,double7s_signal_D_maPeriod_200_shortPeriod_10,ES,0.0,0.38822459238180307,0
2016-02-16,double7s__ma200__sp10,double7s_signal_D_maPeriod_200_shortPeriod_10,ES,0.0,0.38822459238180307,0
2016-02-17,double7s__ma200__sp10,double7s_signal_D_maPeriod_200_shortPeriod_10,ES,0.0,0.38822459238180307,0
2016-02-18,double7s__ma200__sp10,double7s_signal_D_maPeriod_200_shortPeriod_10,ES,0.0,0.38822459238180307,0
2016-02-19,double7s__ma200__sp10,double7s_signal_D_maPeriod_200_shortPeriod_10,ES,0.0,0.38822459238180307,0
2016-02-22,double7s__ma200__sp10,double7s_signal_D_maPeriod_200_shortPeriod_10,ES,0.0,0.38822459238180307,0
2016-02-23,double7s__ma200__sp10,double7s_signal_D_maPeriod_200_shortPeriod_10,ES,0.0,0.38822459238180307,0
2016-02-24,double7s__ma200__sp10,double7s_signal_D_maPeriod_200_shortPeriod_10,ES,0.0,0.38822459238180307,0
2016-02-25,double7s__ma200__sp10,double7s_signal_D_maPeriod_200_shortPeriod_10,ES,0.0,0.38822459238180307,0
2016-02-26,double7s__ma200__sp10,double7s_signal_D_maPeriod_200_shortPeriod_10,ES,0.0,0.38822459238180307,0
2016-02-29,double7s__ma200__sp10,double7s_signal_D_maPeriod_200_shortPeriod_10,ES,0.0,0.38822459238180307,0
2016-03-01,double7s__ma200__sp10,double7s_signal_D_maPeriod_200_shortPeriod_10,ES,0.0,0.38822459238180307,0
2016-03-02,double7s__ma200__sp10,double7s_signal_D_maPeriod_200_shortPeriod_10,ES,0.0,0.38822459238180307,0
2016-03-03,double7s__ma200__sp10,double7s_signal_D_maPeriod_200_shortPeriod_10,ES,0.0,0.38822459238180307,0
2016-03-04,double7s__ma200__sp10,double7s_signal_D_maPeriod_200_shortPeriod_10,ES,0.0,0.38822459238180307,0
2016-03-07,double7s__ma200__sp10,double7s_signal_D_maPeriod_200_shortPeriod_10,ES,0.0,0.38822459238180307,0
2016-03-08,double7s__ma200__sp10,double7s_signal_D_maPeriod_200_shortPeriod_10,ES,0.0,0.38822459238180307,0
2016-03-09,double7s__ma200__sp10,double7s_signal_D_maPeriod_200_shortPeriod_10,ES,0.0,0.38822459238180307,0
2016-03-10,double7s__ma200__sp10,double7s_signal_D_maPeriod_200_shortPeriod_10,ES,0.0,0.38822459238180307,0
2016-03-11,double7s__ma200__sp10,double7s_signal_D_maPeriod_200_shortPeriod_10,ES,0.0,0.38822459238180307,0
2016-03-14,double7s__ma200__sp10,double7s_signal_D_maPeriod_200_shortPeriod_10,ES,0.0,0.38822459238180307,0
2016-03-15,double7s__ma200__sp10,double7s_signal_D_maPeriod_200_shortPeriod_10,ES,0.0,0.38822459238180307,0
2016-03-16,double7s__ma200__sp10,double7s_signal_D_maPeriod_200_shortPeriod_10,ES,0.0,0.38822459238180307,0
2016-03-17,double7s__ma200__sp10,double7s_signal_D_maPeriod_200_shortPeriod_10,ES,0.0,0.38822459238180307,0
2016-03-18,double7s__ma200__sp10,double7s_signal_D_maPeriod_200_shortPeriod_10,ES,0.0,0.38822459238180307,0
2016-03-21,double7s__ma200__sp10,double7s_signal_D_maPeriod_200_shortPeriod_10,ES,0.0,0.38822459238180307,0
2016-03-22,double7s__ma200__sp10,double7s_signal_D_maPeriod_200_shortPeriod_10,ES,0.0,0.38822459238180307,0
2016-03-23,double7s__ma200__sp10,double7s_signal_D_maPeriod_200_shortPeriod_10,ES,0.0,0.38822459238180307,0
2016-03-24,double7s__ma200__sp10,double7s_signal_D_maPeriod_200_shortPeriod_10,ES,0.0,0.38822459238180307,0
2016-03-28,double7s__ma200__sp10,double7s_signal_D_maPeriod_200_shortPeriod_10,ES,0.0,0.38822459238180307,0
2016-03-29,double7s__ma200__sp10,double7s_signal_D_maPeriod_200_shortPeriod_10,ES,0.0,0.38822459238180307,0
2016-03-30,double7s__ma200__sp10,double7s_signal_D_maPeriod_200_shortPeriod_10,ES,0.0,0.38822459238180307,0
2016-03-31,double7s__ma200__sp10,double7s_signal_D_maPeriod_200_shortPeriod_10,ES,0.0,0.38822459238180307,0
2016-04-01,double7s__ma200__sp10,double7s_signal_D_maPeriod_200_shortPeriod_10,ES,0.0,0.38822459238180307,0
2016-04-04,double7s__ma200__sp10,double7s_signal_D_maPeriod_200_shortPeriod_10,ES,0.0,0.38822459238180307,0
2016-04-05,double7s__ma200__sp10,double7s_signal_D_maPeriod_200_shortPeriod_10,ES,0.0,0.38822459238180307,0
2016-04-06,double7s__ma200__sp10,double7s_signal_D_maPeriod_200_shortPeriod_10,ES,0.0,0.38822459238180307,0
2016-04-07,double7s__ma200__sp10,double7s_signal_D_maPeriod_200_shortPeriod_10,ES,0.0,0.38822459238180307,0
2016-04-08,double7s__ma200__sp10,double7s_signal_D_maPeriod_200_shortPeriod_10,ES,0.0,0.38822459238180307,0
2016-04-11,double7s__ma200__sp10,double7s_signal_D_maPeriod_200_shortPeriod_10,ES,0.0,0.38822459238180307,0
2016-04-12,double7s__ma200__sp10,double7s_signal_D_maPeriod_200_shortPeriod_10,ES,0.0,0.38822459238180307,0
2016-04-13,double7s__ma200__sp10,double7s_signal_D_maPeriod_200_shortPeriod_10,ES,0.0,0.38822459238180307,0
2016-04-14,double7s__ma200__sp10,double7s_signal_D_maPeriod_200_shortPeriod_10,ES,0.0,0.38822459238180307,0
2016-04-15,double7s__ma200__sp10,double7s_signal_D_maPeriod_200_shortPeriod_10,ES,0.0,0.38822459238180307,0
2016-04-18,double7s__ma200__sp10,double7s_signal_D_maPeriod_200_shortPeriod_10,ES,0.0,0.38822459238180307,0
2016-04-19,double7s__ma200__sp10,double7s_signal_D_maPeriod_200_shortPeriod_10,ES,0.0,0.38822459238180307,0
2016-04-20,double7s__ma200__sp10,double7s_signal_D_maPeriod_200_shortPeriod_10,ES,0.0,0.38822459238180307,0
2016-04-21,double7s__ma200__sp10,double7s_signal_D_maPeriod_200_shortPeriod_10,ES,0.0,0.38822459238180307,0
2016-04-22,double7s__ma200__sp10,double7s_signal_D_maPeriod_200_shortPeriod_10,ES,0.0,0.38822459238180307,0
2016-04-25,double7s__ma200__sp10,double7s_signal_D_maPeriod_200_shortPeriod_10,ES,0.0,0.38822459238180307,0
2016-04-26,double7s__ma200__sp10,double7s_signal_D_maPeriod_200_shortPeriod_10,ES,0.0,0.38822459238180307,0
2016-04-27,double7s__ma200__sp10,double7s_signal_D_maPeriod_200_shortPeriod_10,ES,0.0,0.38822459238180307,0
2016-04-28,double7s__ma200__sp10,double7s_signal_D_maPeriod_200_shortPeriod_10,ES,0.0,0.38822459238180307,0
2016-04-29,double7s__ma200__sp10,double7s_signal_D_maPeriod_200_shortPeriod_10,ES,-0.0039043725045557567,0.3843202198772473,0
2016-05-02,double7s__ma200__sp10,double7s_signal_D_maPeriod_200_shortPeriod_10,ES,0.004130308328314361,0.38845052820556164,0
2016-05-03,double7s__ma200__sp10,double7s_signal_D_maPeriod_200_shortPeriod_10,ES,-0.005359032383914187,0.3830914958216475,0
2016-05-04,double7s__ma200__sp10,double7s_signal_D_maPeriod_200_shortPeriod_10,ES,-0.002840147118869163,0.3802513487027783,0
2016-05-05,double7s__ma200__sp10,double7s_signal_D_maPeriod_200_shortPeriod_10,ES,-0.0008859535872449772,0.37936539511553335,0
2016-05-06,double7s__ma200__sp10,double7s_signal_D_maPeriod_200_shortPeriod_10,ES,0.003788804036683833,0.3831541991522172,0
2016-05-09,double7s__ma200__sp10,double7s_signal_D_maPeriod_200_shortPeriod_10,ES,0.00048817041458162777,0.3836423695667988,0
2016-05-10,double7s__ma200__sp10,double7s_signal_D_maPeriod_200_shortPeriod_10,ES,0.009563776940721937,0.3932061465075207,0
2016-05-11,double7s__ma200__sp10,double7s_signal_D_maPeriod_200_shortPeriod_10,ES,-0.004333093896346378,0.38887305261117433,0
2016-05-12,double7s__ma200__sp10,double7s_signal_D_maPeriod_200_shortPeriod_10,ES,-6.177629947614656e-05,0.3888112763116982,0
2016-05-13,double7s__ma200__sp10,double7s_signal_D_maPeriod_200_shortPeriod_10,ES,-0.006443530486313097,0.38236774582538513,0
2016-05-16,double7s__ma200__sp10,double7s_signal_D_maPeriod_200_shortPeriod_10,ES,0.006322328840247667,0.3886900746656328,0
2016-05-17,double7s__ma200__sp10,double7s_signal_D_maPeriod_200_shortPeriod_10,ES,-0.00467185269030903,0.3840182219753238,0
2016-05-18,double7s__ma200__sp10,double7s_signal_D_maPeriod_200_shortPeriod_10,ES,-0.0005660314350702092,0.3834521905402536,0
2016-05-19,double7s__ma200__sp10,double7s_signal_D_maPeriod_200_shortPeriod_10,ES,-0.0019506135185706347,0.38150157702168297,0
2016-05-20,double7s__ma200__sp10,double7s_signal_D_maPeriod_200_shortPeriod_10,ES,0.004614359708493621,0.3861159367301766,0
2016-05-23,double7s__ma200__sp10,double7s_signal_D_maPeriod_200_shortPeriod_10,ES,-0.0027787137061709277,0.38333722302400564,0
2016-05-24,double7s__ma200__sp10,double7s_signal_D_maPeriod_200_shortPeriod_10,ES,0.012234785675425363,0.395572008699431,0
2016-05-25,double7s__ma200__sp10,double7s_signal_D_maPeriod_200_shortPeriod_10,ES,0.002301163677664467,0.39787317237709546,0
2016-05-26,double7s__ma200__sp10,double7s_signal_D_maPeriod_200_shortPeriod_10,ES,0.0,0.39787317237709546,0
2016-05-27,double7s__ma200__sp10,double7s_signal_D_maPeriod_200_shortPeriod_10,ES,0.0,0.39787317237709546,0
2016-05-31,double7s__ma200__sp10,double7s_signal_D_maPeriod_200_shortPeriod_10,ES,0.0,0.39787317237709546,0
2016-06-01,double7s__ma200__sp10,double7s_signal_D_maPeriod_200_shortPeriod_10,ES,0.0,0.39787317237709546,0
2016-06-02,double7s__ma200__sp10,double7s_signal_D_maPeriod_200_shortPeriod_10,ES,0.0,0.39787317237709546,0
2016-06-03,double7s__ma200__sp10,double7s_signal_D_maPeriod_200_shortPeriod_10,ES,0.0,0.39787317237709546,0
2016-06-06,double7s__ma200__sp10,double7s_signal_D_maPeriod_200_shortPeriod_10,ES,0.0,0.39787317237709546,0
2016-06-07,double7s__ma200__sp10,double7s_signal_D_maPeriod_200_shortPeriod_10,ES,0.0,0.39787317237709546,0
2016-06-08,double7s__ma200__sp10,double7s_signal_D_maPeriod_200_shortPeriod_10,ES,0.0,0.39787317237709546,0
2016-06-09,double7s__ma200__sp10,double7s_signal_D_maPeriod_200_shortPeriod_10,ES,0.0,0.39787317237709546,0
2016-06-10,double7s__ma200__sp10,double7s_signal_D_maPeriod_200_shortPeriod_10,ES,0.0,0.39787317237709546,0
2016-06-13,double7s__ma200__sp10,double7s_signal_D_maPeriod_200_shortPeriod_10,ES,0.0,0.39787317237709546,0
2016-06-14,double7s__ma200__sp10,double7s_signal_D_maPeriod_200_shortPeriod_10,ES,-0.0006653870946530478,0.39720778528244244,0
2016-06-15,double7s__ma200__sp10,double7s_signal_D_maPeriod_200_shortPeriod_10,ES,-0.0004060041225641706,0.39680178115987824,0
2016-06-16,double7s__ma200__sp10,double7s_signal_D_maPeriod_200_shortPeriod_10,ES,0.0032450830119280343,0.4000468641718063,0
2016-06-17,double7s__ma200__sp10,double7s_signal_D_maPeriod_200_shortPeriod_10,ES,-0.0039587243773727835,0.3960881397944335,0
2016-06-20,double7s__ma200__sp10,double7s_signal_D_maPeriod_200_shortPeriod_10,ES,0.0011048339520075116,0.397192973746441,0
2016-06-21,double7s__ma200__sp10,double7s_signal_D_maPeriod_200_shortPeriod_10,ES,0.00043417161441802944,0.3976271453608591,0
2016-06-22,double7s__ma200__sp10,double7s_signal_D_maPeriod_200_shortPeriod_10,ES,-0.0010098654893798283,0.39661727987147927,0
2016-06-23,double7s__ma200__sp10,double7s_signal_D_maPeriod_200_shortPeriod_10,ES,0.009135664288911846,0.4057529441603911,0
2016-06-24,double7s__ma200__sp10,double7s_signal_D_maPeriod_200_shortPeriod_10,ES,-0.018857909743350807,0.38689503441704026,0
2016-06-27,double7s__ma200__sp10,double7s_signal_D_maPeriod_200_shortPeriod_10,ES,-0.002302250058287251,0.384592784358753,0
2016-06-28,double7s__ma200__sp10,double7s_signal_D_maPeriod_200_shortPeriod_10,ES,0.007038538451521305,0.3916313228102743,0
2016-06-29,double7s__ma200__sp10,double7s_signal_D_maPeriod_200_shortPeriod_10,ES,0.005283613283315369,0.3969149360935897,0
2016-06-30,double7s__ma200__sp10,double7s_signal_D_maPeriod_200_shortPeriod_10,ES,0.002700642376333999,0.3996155784699237,0
2016-07-01,double7s__ma200__sp10,double7s_signal_D_maPeriod_200_shortPeriod_10,ES,0.0020471169938450235,0.4016626954637687,0
2016-07-05,double7s__ma200__sp10,double7s_signal_D_maPeriod_200_shortPeriod_10,ES,-0.006610886301142257,0.39505180916262644,0
2016-07-06,double7s__ma200__sp10,double7s_signal_D_maPeriod_200_shortPeriod_10,ES,0.003111210056453003,0.39816301921907943,0
2016-07-07,double7s__ma200__sp10,double7s_signal_D_maPeriod_200_shortPeriod_10,ES,0.0,0.39816301921907943,0
2016-07-08,double7s__ma200__sp10,double7s_signal_D_maPeriod_200_shortPeriod_10,ES,0.011396006441334167,0.4095590256604136,0
2016-07-11,double7s__ma200__sp10,double7s_signal_D_maPeriod_200_shortPeriod_10,ES,0.0,0.4095590256604136,0
2016-07-12,double7s__ma200__sp10,double7s_signal_D_maPeriod_200_shortPeriod_10,ES,0.0,0.4095590256604136,0
2016-07-13,double7s__ma200__sp10,double7s_signal_D_maPeriod_200_shortPeriod_10,ES,0.0,0.4095590256604136,0
2016-07-14,double7s__ma200__sp10,double7s_signal_D_maPeriod_200_shortPeriod_10,ES,0.0,0.4095590256604136,0
2016-07-15,double7s__ma200__sp10,double7s_signal_D_maPeriod_200_shortPeriod_10,ES,0.0,0.4095590256604136,0
2016-07-18,double7s__ma200__sp10,double7s_signal_D_maPeriod_200_shortPeriod_10,ES,0.0,0.4095590256604136,0
2016-07-19,double7s__ma200__sp10,double7s_signal_D_maPeriod_200_shortPeriod_10,ES,0.0,0.4095590256604136,0
2016-07-20,double7s__ma200__sp10,double7s_signal_D_maPeriod_200_shortPeriod_10,ES,0.0,0.4095590256604136,0
2016-07-21,double7s__ma200__sp10,double7s_signal_D_maPeriod_200_shortPeriod_10,ES,0.0,0.4095590256604136,0
2016-07-22,double7s__ma200__sp10,double7s_signal_D_maPeriod_200_shortPeriod_10,ES,0.0,0.4095590256604136,0
2016-07-25,double7s__ma200__sp10,double7s_signal_D_maPeriod_200_shortPeriod_10,ES,0.0,0.4095590256604136,0
2016-07-26,double7s__ma200__sp10,double7s_signal_D_maPeriod_200_shortPeriod_10,ES,0.0,0.4095590256604136,0
2016-07-27,double7s__ma200__sp10,double7s_signal_D_maPeriod_200_shortPeriod_10,ES,0.0,0.4095590256604136,0
2016-07-28,double7s__ma200__sp10,double7s_signal_D_maPeriod_200_shortPeriod_10,ES,0.0,0.4095590256604136,0
2016-07-29,double7s__ma200__sp10,double7s_signal_D_maPeriod_200_shortPeriod_10,ES,0.0,0.4095590256604136,0
2016-08-01,double7s__ma200__sp10,double7s_signal_D_maPeriod_200_shortPeriod_10,ES,0.0,0.4095590256604136,0
2016-08-02,double7s__ma200__sp10,double7s_signal_D_maPeriod_200_shortPeriod_10,ES,0.0,0.4095590256604136,0
2016-08-03,double7s__ma200__sp10,double7s_signal_D_maPeriod_200_shortPeriod_10,ES,0.0015826727891609033,0.4111416984495745,0
2016-08-04,double7s__ma200__sp10,double7s_signal_D_maPeriod_200_shortPeriod_10,ES,0.0009814385894078696,0.41212313703898235,0
2016-08-05,double7s__ma200__sp10,double7s_signal_D_maPeriod_200_shortPeriod_10,ES,0.0067479061672084464,0.4188710432061908,0
2016-08-08,double7s__ma200__sp10,double7s_signal_D_maPeriod_200_shortPeriod_10,ES,0.0,0.4188710432061908,0
2016-08-09,double7s__ma200__sp10,double7s_signal_D_maPeriod_200_shortPeriod_10,ES,0.0,0.4188710432061908,0
2016-08-10,double7s__ma200__sp10,double7s_signal_D_maPeriod_200_shortPeriod_10,ES,0.0,0.4188710432061908,0
2016-08-11,double7s__ma200__sp10,double7s_signal_D_maPeriod_200_shortPeriod_10,ES,0.0,0.4188710432061908,0
2016-08-12,double7s__ma200__sp10,double7s_signal_D_maPeriod_200_shortPeriod_10,ES,0.0,0.4188710432061908,0
2016-08-15,double7s__ma200__sp10,double7s_signal_D_maPeriod_200_shortPeriod_10,ES,0.0,0.4188710432061908,0
2016-08-16,double7s__ma200__sp10,double7s_signal_D_maPeriod_200_shortPeriod_10,ES,0.0,0.4188710432061908,0
2016-08-17,double7s__ma200__sp10,double7s_signal_D_maPeriod_200_shortPeriod_10,ES,0.0,0.4188710432061908,0
2016-08-18,double7s__ma200__sp10,double7s_signal_D_maPeriod_200_shortPeriod_10,ES,0.0,0.4188710432061908,0
2016-08-19,double7s__ma200__sp10,double7s_signal_D_maPeriod_200_shortPeriod_10,ES,0.0,0.4188710432061908,0
2016-08-22,double7s__ma200__sp10,double7s_signal_D_maPeriod_200_shortPeriod_10,ES,0.0,0.4188710432061908,0
2016-08-23,double7s__ma200__sp10,double7s_signal_D_maPeriod_200_shortPeriod_10,ES,0.0,0.4188710432061908,0
2016-08-24,double7s__ma200__sp10,double7s_signal_D_maPeriod_200_shortPeriod_10,ES,0.0,0.4188710432061908,0
2016-08-25,double7s__ma200__sp10,double7s_signal_D_maPeriod_200_shortPeriod_10,ES,0.0,0.4188710432061908,0
2016-08-26,double7s__ma200__sp10,double7s_signal_D_maPeriod_200_shortPeriod_10,ES,-0.002149145657350278,0.4167218975488405,0
2016-08-29,double7s__ma200__sp10,double7s_signal_D_maPeriod_200_shortPeriod_10,ES,0.004490134543236027,0.4212120320920765,0
2016-08-30,double7s__ma200__sp10,double7s_signal_D_maPeriod_200_shortPeriod_10,ES,-0.001642551352769368,0.41956948073930717,0
2016-08-31,double7s__ma200__sp10,double7s_signal_D_maPeriod_200_shortPeriod_10,ES,-0.0024410356661173174,0.41712844507318986,0
2016-09-01,double7s__ma200__sp10,double7s_signal_D_maPeriod_200_shortPeriod_10,ES,-0.0006845681255626283,0.41644387694762725,0
2016-09-02,double7s__ma200__sp10,double7s_signal_D_maPeriod_200_shortPeriod_10,ES,0.004589955081921085,0.4210338320295483,0
2016-09-06,double7s__ma200__sp10,double7s_signal_D_maPeriod_200_shortPeriod_10,ES,0.001816788397671962,0.42285062042722027,0
2016-09-07,double7s__ma200__sp10,double7s_signal_D_maPeriod_200_shortPeriod_10,ES,-0.0002916733883965873,0.4225589470388237,0
2016-09-08,double7s__ma200__sp10,double7s_signal_D_maPeriod_200_shortPeriod_10,ES,-0.0027259682724747403,0.41983297876634895,0
2016-09-09,double7s__ma200__sp10,double7s_signal_D_maPeriod_200_shortPeriod_10,ES,-0.021456417358198508,0.3983765614081504,0
2016-09-12,double7s__ma200__sp10,double7s_signal_D_maPeriod_200_shortPeriod_10,ES,0.004299557139323129,0.40267611854747354,0
2016-09-13,double7s__ma200__sp10,double7s_signal_D_maPeriod_200_shortPeriod_10,ES,-0.004279784604599515,0.39839633394287405,0
2016-09-14,double7s__ma200__sp10,double7s_signal_D_maPeriod_200_shortPeriod_10,ES,-0.002097868931922922,0.3962984650109511,0
2016-09-15,double7s__ma200__sp10,double7s_signal_D_maPeriod_200_shortPeriod_10,ES,0.007798184288074923,0.40409664929902606,0
2016-09-16,double7s__ma200__sp10,double7s_signal_D_maPeriod_200_shortPeriod_10,ES,-0.0008494779458153899,0.40324717135321064,0
2016-09-19,double7s__ma200__sp10,double7s_signal_D_maPeriod_200_shortPeriod_10,ES,0.000295770153678828,0.40354294150688946,0
2016-09-20,double7s__ma200__sp10,double7s_signal_D_maPeriod_200_shortPeriod_10,ES,-0.0010867041618359352,0.40245623734505354,0
2016-09-21,double7s__ma200__sp10,double7s_signal_D_maPeriod_200_shortPeriod_10,ES,0.010333812528148594,0.4127900498732021,0
2016-09-22,double7s__ma200__sp10,double7s_signal_D_maPeriod_200_shortPeriod_10,ES,0.0025108393865495397,0.41530088925975167,0
2016-09-23,double7s__ma200__sp10,double7s_signal_D_maPeriod_200_shortPeriod_10,ES,-0.003165371241309797,0.4121355180184419,0
2016-09-26,double7s__ma200__sp10,double7s_signal_D_maPeriod_200_shortPeriod_10,ES,-0.005759426181430736,0.4063760918370112,0
2016-09-27,double7s__ma200__sp10,double7s_signal_D_maPeriod_200_shortPeriod_10,ES,0.0034949074577944215,0.4098709992948056,0
2016-09-28,double7s__ma200__sp10,double7s_signal_D_maPeriod_200_shortPeriod_10,ES,0.0034378892962137115,0.4133088885910193,0
2016-09-29,double7s__ma200__sp10,double7s_signal_D_maPeriod_200_shortPeriod_10,ES,-0.004727568132107566,0.4085813204589117,0
2016-09-30,double7s__ma200__sp10,double7s_signal_D_maPeriod_200_shortPeriod_10,ES,0.0043122843763980165,0.41289360483530974,0
2016-10-03,double7s__ma200__sp10,double7s_signal_D_maPeriod_200_shortPeriod_10,ES,-0.0017697696384257916,0.41112383519688395,0
2016-10-04,double7s__ma200__sp10,double7s_signal_D_maPeriod_200_shortPeriod_10,ES,-0.0035353585953403713,0.40758847660154357,0
2016-10-05,double7s__ma200__sp10,double7s_signal_D_maPeriod_200_shortPeriod_10,ES,0.0034509390694892096,0.4110394156710328,0
2016-10-06,double7s__ma200__sp10,double7s_signal_D_maPeriod_200_shortPeriod_10,ES,0.00124045105652308,0.4122798667275559,0
2016-10-07,double7s__ma200__sp10,double7s_signal_D_maPeriod_200_shortPeriod_10,ES,-0.0034351886453728732,0.408844678082183,0
2016-10-10,double7s__ma200__sp10,double7s_signal_D_maPeriod_200_shortPeriod_10,ES,0.0025127707096553164,0.41135744879183833,0
2016-10-11,double7s__ma200__sp10,double7s_signal_D_maPeriod_200_shortPeriod_10,ES,-0.007997509128180988,0.40335993966365735,0
2016-10-12,double7s__ma200__sp10,double7s_signal_D_maPeriod_200_shortPeriod_10,ES,-0.00032213615165540155,0.40303780351200197,0
2016-10-13,double7s__ma200__sp10,double7s_signal_D_maPeriod_200_shortPeriod_10,ES,-0.0005938782875287151,0.40244392522447325,0
2016-10-14,double7s__ma200__sp10,double7s_signal_D_maPeriod_200_shortPeriod_10,ES,0.00029697865837763294,0.4027409038828509,0
2016-10-17,double7s__ma200__sp10,double7s_signal_D_maPeriod_200_shortPeriod_10,ES,-0.00128782177356703,0.4014530821092839,0
2016-10-18,double7s__ma200__sp10,double7s_signal_D_maPeriod_200_shortPeriod_10,ES,0.003760898977417594,0.4052139810867015,0
2016-10-19,double7s__ma200__sp10,double7s_signal_D_maPeriod_200_shortPeriod_10,ES,0.002455131798269809,0.40766911288497126,0
2016-10-20,double7s__ma200__sp10,double7s_signal_D_maPeriod_200_shortPeriod_10,ES,-0.00019724199052423354,0.40747187089444703,0
2016-10-21,double7s__ma200__sp10,double7s_signal_D_maPeriod_200_shortPeriod_10,ES,-0.0004934321059129992,0.406978438788534,0
2016-10-24,double7s__ma200__sp10,double7s_signal_D_maPeriod_200_shortPeriod_10,ES,0.0028566015851074645,0.4098350403736415,0
2016-10-25,double7s__ma200__sp10,double7s_signal_D_maPeriod_200_shortPeriod_10,ES,-0.0024919109848637964,0.4073431293887777,0
2016-10-26,double7s__ma200__sp10,double7s_signal_D_maPeriod_200_shortPeriod_10,ES,-0.0004935630766155203,0.4068495663121622,0
2016-10-27,double7s__ma200__sp10,double7s_signal_D_maPeriod_200_shortPeriod_10,ES,-0.0040558338743037926,0.4027937324378584,0
2016-10-28,double7s__ma200__sp10,double7s_signal_D_maPeriod_200_shortPeriod_10,ES,-0.001235614638611967,0.4015581177992464,0
2016-10-31,double7s__ma200__sp10,double7s_signal_D_maPeriod_200_shortPeriod_10,ES,0.0,0.4015581177992464,0
2016-11-01,double7s__ma200__sp10,double7s_signal_D_maPeriod_200_shortPeriod_10,ES,-0.00785671972521716,0.3937013980740292,0
2016-11-02,double7s__ma200__sp10,double7s_signal_D_maPeriod_200_shortPeriod_10,ES,-0.0028158857198660302,0.3908855123541632,0
2016-11-03,double7s__ma200__sp10,double7s_signal_D_maPeriod_200_shortPeriod_10,ES,-0.0015744294094412136,0.389311082944722,0
2016-11-04,double7s__ma200__sp10,double7s_signal_D_maPeriod_200_shortPeriod_10,ES,-0.0015153481506584862,0.3877957347940635,0
2016-11-07,double7s__ma200__sp10,double7s_signal_D_maPeriod_200_shortPeriod_10,ES,0.009136986896133662,0.39693272169019717,0
2016-11-08,double7s__ma200__sp10,double7s_signal_D_maPeriod_200_shortPeriod_10,ES,0.0008237954120162975,0.39775651710221344,0
2016-11-09,double7s__ma200__sp10,double7s_signal_D_maPeriod_200_shortPeriod_10,ES,0.006783248886831513,0.40453976598904495,0
2016-11-10,double7s__ma200__sp10,double7s_signal_D_maPeriod_200_shortPeriod_10,ES,0.0,0.40453976598904495,0
2016-11-11,double7s__ma200__sp10,double7s_signal_D_maPeriod_200_shortPeriod_10,ES,0.0,0.40453976598904495,0
2016-11-14,double7s__ma200__sp10,double7s_signal_D_maPeriod_200_shortPeriod_10,ES,0.0,0.40453976598904495,0
2016-11-15,double7s__ma200__sp10,double7s_signal_D_maPeriod_200_shortPeriod_10,ES,0.0,0.40453976598904495,0
2016-11-16,double7s__ma200__sp10,double7s_signal_D_maPeriod_200_shortPeriod_10,ES,0.0,0.40453976598904495,0
2016-11-17,double7s__ma200__sp10,double7s_signal_D_maPeriod_200_shortPeriod_10,ES,0.0,0.40453976598904495,0
2016-11-18,double7s__ma200__sp10,double7s_signal_D_maPeriod_200_shortPeriod_10,ES,0.0,0.40453976598904495,0
2016-11-21,double7s__ma200__sp10,double7s_signal_D_maPeriod_200_shortPeriod_10,ES,0.0,0.40453976598904495,0
2016-11-22,double7s__ma200__sp10,double7s_signal_D_maPeriod_200_shortPeriod_10,ES,0.0,0.40453976598904495,0
2016-11-23,double7s__ma200__sp10,double7s_signal_D_maPeriod_200_shortPeriod_10,ES,0.0,0.40453976598904495,0
2016-11-25,double7s__ma200__sp10,double7s_signal_D_maPeriod_200_shortPeriod_10,ES,0.0,0.40453976598904495,0
2016-11-28,double7s__ma200__sp10,double7s_signal_D_maPeriod_200_shortPeriod_10,ES,0.0,0.40453976598904495,0
2016-11-29,double7s__ma200__sp10,double7s_signal_D_maPeriod_200_shortPeriod_10,ES,0.0,0.40453976598904495,0
2016-11-30,double7s__ma200__sp10,double7s_signal_D_maPeriod_200_shortPeriod_10,ES,0.0,0.40453976598904495,0
2016-12-01,double7s__ma200__sp10,double7s_signal_D_maPeriod_200_shortPeriod_10,ES,0.0,0.40453976598904495,0
2016-12-02,double7s__ma200__sp10,double7s_signal_D_maPeriod_200_shortPeriod_10,ES,0.0,0.40453976598904495,0
2016-12-05,double7s__ma200__sp10,double7s_signal_D_maPeriod_200_shortPeriod_10,ES,0.0,0.40453976598904495,0
2016-12-06,double7s__ma200__sp10,double7s_signal_D_maPeriod_200_shortPeriod_10,ES,0.0,0.40453976598904495,0
2016-12-07,double7s__ma200__sp10,double7s_signal_D_maPeriod_200_shortPeriod_10,ES,0.0,0.40453976598904495,0
2016-12-08,double7s__ma200__sp10,double7s_signal_D_maPeriod_200_shortPeriod_10,ES,0.0,0.40453976598904495,0
2016-12-09,double7s__ma200__sp10,double7s_signal_D_maPeriod_200_shortPeriod_10,ES,0.0,0.40453976598904495,0
2016-12-12,double7s__ma200__sp10,double7s_signal_D_maPeriod_200_shortPeriod_10,ES,0.0,0.40453976598904495,0
2016-12-13,double7s__ma200__sp10,double7s_signal_D_maPeriod_200_shortPeriod_10,ES,0.0,0.40453976598904495,0
2016-12-14,double7s__ma200__sp10,double7s_signal_D_maPeriod_200_shortPeriod_10,ES,0.0,0.40453976598904495,0
2016-12-15,double7s__ma200__sp10,double7s_signal_D_maPeriod_200_shortPeriod_10,ES,0.0,0.40453976598904495,0
2016-12-16,double7s__ma200__sp10,double7s_signal_D_maPeriod_200_shortPeriod_10,ES,0.0,0.40453976598904495,0
2016-12-19,double7s__ma200__sp10,double7s_signal_D_maPeriod_200_shortPeriod_10,ES,0.0,0.40453976598904495,0
2016-12-20,double7s__ma200__sp10,double7s_signal_D_maPeriod_200_shortPeriod_10,ES,0.0,0.40453976598904495,0
2016-12-21,double7s__ma200__sp10,double7s_signal_D_maPeriod_200_shortPeriod_10,ES,0.0,0.40453976598904495,0
2016-12-22,double7s__ma200__sp10,double7s_signal_D_maPeriod_200_shortPeriod_10,ES,0.0,0.40453976598904495,0
2016-12-23,double7s__ma200__sp10,double7s_signal_D_maPeriod_200_shortPeriod_10,ES,0.0,0.40453976598904495,0
2016-12-27,double7s__ma200__sp10,double7s_signal_D_maPeriod_200_shortPeriod_10,ES,0.0,0.40453976598904495,0
2016-12-28,double7s__ma200__sp10,double7s_signal_D_maPeriod_200_shortPeriod_10,ES,0.0,0.40453976598904495,0
2016-12-29,double7s__ma200__sp10,double7s_signal_D_maPeriod_200_shortPeriod_10,ES,-0.00014008616117662702,0.40439967982786834,0
2016-12-30,double7s__ma200__sp10,double7s_signal_D_maPeriod_200_shortPeriod_10,ES,-0.0037984522739363817,0.40060122755393196,0
2017-01-03,double7s__ma200__sp10,double7s_signal_D_maPeriod_200_shortPeriod_10,ES,0.004390770982963622,0.4049919985368956,0
2017-01-04,double7s__ma200__sp10,double7s_signal_D_maPeriod_200_shortPeriod_10,ES,0.0031288465369828404,0.40812084507387847,0
2017-01-05,double7s__ma200__sp10,double7s_signal_D_maPeriod_200_shortPeriod_10,ES,-7.918045462693309e-05,0.4080416646192515,0
2017-01-06,double7s__ma200__sp10,double7s_signal_D_maPeriod_200_shortPeriod_10,ES,0.0027291380634757163,0.4107708026827272,0
2017-01-09,double7s__ma200__sp10,double7s_signal_D_maPeriod_200_shortPeriod_10,ES,0.0,0.4107708026827272,0
2017-01-10,double7s__ma200__sp10,double7s_signal_D_maPeriod_200_shortPeriod_10,ES,0.0,0.4107708026827272,0
2017-01-11,double7s__ma200__sp10,double7s_signal_D_maPeriod_200_shortPeriod_10,ES,0.0,0.4107708026827272,0
2017-01-12,double7s__ma200__sp10,double7s_signal_D_maPeriod_200_shortPeriod_10,ES,0.0,0.4107708026827272,0
2017-01-13,double7s__ma200__sp10,double7s_signal_D_maPeriod_200_shortPeriod_10,ES,0.0,0.4107708026827272,0
2017-01-17,double7s__ma200__sp10,double7s_signal_D_maPeriod_200_shortPeriod_10,ES,0.0,0.4107708026827272,0
2017-01-18,double7s__ma200__sp10,double7s_signal_D_maPeriod_200_shortPeriod_10,ES,0.0,0.4107708026827272,0
2017-01-19,double7s__ma200__sp10,double7s_signal_D_maPeriod_200_shortPeriod_10,ES,0.0,0.4107708026827272,0
2017-01-20,double7s__ma200__sp10,double7s_signal_D_maPeriod_200_shortPeriod_10,ES,0.0018849460751395716,0.41265574875786676,0
2017-01-23,double7s__ma200__sp10,double7s_signal_D_maPeriod_200_shortPeriod_10,ES,-0.0015077020084872286,0.41114804674937955,0
2017-01-24,double7s__ma200__sp10,double7s_signal_D_maPeriod_200_shortPeriod_10,ES,0.005176394827469859,0.4163244415768494,0
2017-01-25,double7s__ma200__sp10,double7s_signal_D_maPeriod_200_shortPeriod_10,ES,0.0,0.4163244415768494,0
2017-01-26,double7s__ma200__sp10,double7s_signal_D_maPeriod_200_shortPeriod_10,ES,0.0,0.4163244415768494,0
2017-01-27,double7s__ma200__sp10,double7s_signal_D_maPeriod_200_shortPeriod_10,ES,0.0,0.4163244415768494,0
2017-01-30,double7s__ma200__sp10,double7s_signal_D_maPeriod_200_shortPeriod_10,ES,0.0,0.4163244415768494,0
2017-01-31,double7s__ma200__sp10,double7s_signal_D_maPeriod_200_shortPeriod_10,ES,0.0,0.4163244415768494,0
2017-02-01,double7s__ma200__sp10,double7s_signal_D_maPeriod_200_shortPeriod_10,ES,0.0,0.4163244415768494,0
2017-02-02,double7s__ma200__sp10,double7s_signal_D_maPeriod_200_shortPeriod_10,ES,0.0,0.4163244415768494,0
2017-02-03,double7s__ma200__sp10,double7s_signal_D_maPeriod_200_shortPeriod_10,ES,0.0,0.4163244415768494,0
2017-02-06,double7s__ma200__sp10,double7s_signal_D_maPeriod_200_shortPeriod_10,ES,0.0,0.4163244415768494,0
2017-02-07,double7s__ma200__sp10,double7s_signal_D_maPeriod_200_shortPeriod_10,ES,0.0,0.4163244415768494,0
2017-02-08,double7s__ma200__sp10,double7s_signal_D_maPeriod_200_shortPeriod_10,ES,0.0,0.4163244415768494,0
2017-02-09,double7s__ma200__sp10,double7s_signal_D_maPeriod_200_shortPeriod_10,ES,0.0,0.4163244415768494,0
2017-02-10,double7s__ma200__sp10,double7s_signal_D_maPeriod_200_shortPeriod_10,ES,0.0,0.4163244415768494,0
2017-02-13,double7s__ma200__sp10,double7s_signal_D_maPeriod_200_shortPeriod_10,ES,0.0,0.4163244415768494,0
2017-02-14,double7s__ma200__sp10,double7s_signal_D_maPeriod_200_shortPeriod_10,ES,0.0,0.4163244415768494,0
2017-02-15,double7s__ma200__sp10,double7s_signal_D_maPeriod_200_shortPeriod_10,ES,0.0,0.4163244415768494,0
2017-02-16,double7s__ma200__sp10,double7s_signal_D_maPeriod_200_shortPeriod_10,ES,0.0,0.4163244415768494,0
2017-02-17,double7s__ma200__sp10,double7s_signal_D_maPeriod_200_shortPeriod_10,ES,0.0,0.4163244415768494,0
2017-02-21,double7s__ma200__sp10,double7s_signal_D_maPeriod_200_shortPeriod_10,ES,0.0,0.4163244415768494,0
2017-02-22,double7s__ma200__sp10,double7s_signal_D_maPeriod_200_shortPeriod_10,ES,0.0,0.4163244415768494,0
2017-02-23,double7s__ma200__sp10,double7s_signal_D_maPeriod_200_shortPeriod_10,ES,0.0,0.4163244415768494,0
2017-02-24,double7s__ma200__sp10,double7s_signal_D_maPeriod_200_shortPeriod_10,ES,0.0,0.4163244415768494,0
2017-02-27,double7s__ma200__sp10,double7s_signal_D_maPeriod_200_shortPeriod_10,ES,0.0,0.4163244415768494,0
2017-02-28,double7s__ma200__sp10,double7s_signal_D_maPeriod_200_shortPeriod_10,ES,0.0,0.4163244415768494,0
2017-03-01,double7s__ma200__sp10,double7s_signal_D_maPeriod_200_shortPeriod_10,ES,0.0,0.4163244415768494,0
2017-03-02,double7s__ma200__sp10,double7s_signal_D_maPeriod_200_shortPeriod_10,ES,0.0,0.4163244415768494,0
2017-03-03,double7s__ma200__sp10,double7s_signal_D_maPeriod_200_shortPeriod_10,ES,0.0,0.4163244415768494,0
2017-03-06,double7s__ma200__sp10,double7s_signal_D_maPeriod_200_shortPeriod_10,ES,0.0,0.4163244415768494,0
2017-03-07,double7s__ma200__sp10,double7s_signal_D_maPeriod_200_shortPeriod_10,ES,0.0,0.4163244415768494,0
2017-03-08,double7s__ma200__sp10,double7s_signal_D_maPeriod_200_shortPeriod_10,ES,0.0,0.4163244415768494,0
2017-03-09,double7s__ma200__sp10,double7s_signal_D_maPeriod_200_shortPeriod_10,ES,0.0,0.4163244415768494,0
2017-03-10,double7s__ma200__sp10,double7s_signal_D_maPeriod_200_shortPeriod_10,ES,0.0,0.4163244415768494,0
2017-03-13,double7s__ma200__sp10,double7s_signal_D_maPeriod_200_shortPeriod_10,ES,0.0,0.4163244415768494,0
2017-03-14,double7s__ma200__sp10,double7s_signal_D_maPeriod_200_shortPeriod_10,ES,0.0,0.4163244415768494,0
2017-03-15,double7s__ma200__sp10,double7s_signal_D_maPeriod_200_shortPeriod_10,ES,0.0,0.4163244415768494,0
2017-03-16,double7s__ma200__sp10,double7s_signal_D_maPeriod_200_shortPeriod_10,ES,0.0,0.4163244415768494,0
2017-03-17,double7s__ma200__sp10,double7s_signal_D_maPeriod_200_shortPeriod_10,ES,0.0,0.4163244415768494,0
2017-03-20,double7s__ma200__sp10,double7s_signal_D_maPeriod_200_shortPeriod_10,ES,0.0,0.4163244415768494,0
2017-03-21,double7s__ma200__sp10,double7s_signal_D_maPeriod_200_shortPeriod_10,ES,0.0,0.4163244415768494,0
2017-03-22,double7s__ma200__sp10,double7s_signal_D_maPeriod_200_shortPeriod_10,ES,0.00038480368933718344,0.4167092452661866,0
2017-03-23,double7s__ma200__sp10,double7s_signal_D_maPeriod_200_shortPeriod_10,ES,-0.0008256624846208271,0.41588358278156573,0
2017-03-24,double7s__ma200__sp10,double7s_signal_D_maPeriod_200_shortPeriod_10,ES,0.001375312640554113,0.41725889542211986,0
2017-03-27,double7s__ma200__sp10,double7s_signal_D_maPeriod_200_shortPeriod_10,ES,0.0005510533449993487,0.4178099487671192,0
2017-03-28,double7s__ma200__sp10,double7s_signal_D_maPeriod_200_shortPeriod_10,ES,0.004030114383329302,0.4218400631504485,0
2017-03-29,double7s__ma200__sp10,double7s_signal_D_maPeriod_200_shortPeriod_10,ES,0.0012157019464120642,0.42305576509686055,0
2017-03-30,double7s__ma200__sp10,double7s_signal_D_maPeriod_200_shortPeriod_10,ES,0.002734558517214739,0.42579032361407526,0
2017-03-31,double7s__ma200__sp10,double7s_signal_D_maPeriod_200_shortPeriod_10,ES,-0.002277588911015681,0.42351273470305956,0
2017-04-03,double7s__ma200__sp10,double7s_signal_D_maPeriod_200_shortPeriod_10,ES,-0.0005476272933052812,0.4229651074097543,0
2017-04-04,double7s__ma200__sp10,double7s_signal_D_maPeriod_200_shortPeriod_10,ES,0.0008218107216475006,0.4237869181314018,0
2017-04-05,double7s__ma200__sp10,double7s_signal_D_maPeriod_200_shortPeriod_10,ES,-0.004478340357090335,0.41930857777431146,0
2017-04-06,double7s__ma200__sp10,double7s_signal_D_maPeriod_200_shortPeriod_10,ES,0.002865860598243373,0.42217443837255486,0
2017-04-07,double7s__ma200__sp10,double7s_signal_D_maPeriod_200_shortPeriod_10,ES,-0.0010963308938118585,0.421078107478743,0
2017-04-10,double7s__ma200__sp10,double7s_signal_D_maPeriod_200_shortPeriod_10,ES,0.00027422866464585783,0.4213523361433889,0
2017-04-11,double7s__ma200__sp10,double7s_signal_D_maPeriod_200_shortPeriod_10,ES,-0.001188129632203702,0.4201642065111852,0
2017-04-12,double7s__ma200__sp10,double7s_signal_D_maPeriod_200_shortPeriod_10,ES,-0.004029783557262284,0.4161344229539229,0
2017-04-13,double7s__ma200__sp10,double7s_signal_D_maPeriod_200_shortPeriod_10,ES,-0.0038816013982240043,0.41225282155569887,0
2017-04-17,double7s__ma200__sp10,double7s_signal_D_maPeriod_200_shortPeriod_10,ES,0.006318081305917764,0.41857090286161663,0
2017-04-18,double7s__ma200__sp10,double7s_signal_D_maPeriod_200_shortPeriod_10,ES,-0.0019912944581716584,0.416579608403445,0
2017-04-19,double7s__ma200__sp10,double7s_signal_D_maPeriod_200_shortPeriod_10,ES,-0.0014661476837184017,0.4151134607197266,0
2017-04-20,double7s__ma200__sp10,double7s_signal_D_maPeriod_200_shortPeriod_10,ES,0.006877149264701619,0.4219906099844282,0
2017-04-21,double7s__ma200__sp10,double7s_signal_D_maPeriod_200_shortPeriod_10,ES,-0.001326100066495987,0.42066450991793225,0
2017-04-24,double7s__ma200__sp10,double7s_signal_D_maPeriod_200_shortPeriod_10,ES,0.0015459829168359184,0.4222104928347682,0
2017-04-25,double7s__ma200__sp10,double7s_signal_D_maPeriod_200_shortPeriod_10,ES,0.0,0.4222104928347682,0
2017-04-26,double7s__ma200__sp10,double7s_signal_D_maPeriod_200_shortPeriod_10,ES,0.0,0.4222104928347682,0
2017-04-27,double7s__ma200__sp10,double7s_signal_D_maPeriod_200_shortPeriod_10,ES,0.0,0.4222104928347682,0
2017-04-28,double7s__ma200__sp10,double7s_signal_D_maPeriod_200_shortPeriod_10,ES,0.0,0.4222104928347682,0
2017-05-01,double7s__ma200__sp10,double7s_signal_D_maPeriod_200_shortPeriod_10,ES,0.0,0.4222104928347682,0
2017-05-02,double7s__ma200__sp10,double7s_signal_D_maPeriod_200_shortPeriod_10,ES,0.0,0.4222104928347682,0
2017-05-03,double7s__ma200__sp10,double7s_signal_D_maPeriod_200_shortPeriod_10,ES,0.0,0.4222104928347682,0
2017-05-04,double7s__ma200__sp10,double7s_signal_D_maPeriod_200_shortPeriod_10,ES,0.0,0.4222104928347682,0
2017-05-05,double7s__ma200__sp10,double7s_signal_D_maPeriod_200_shortPeriod_10,ES,0.0,0.4222104928347682,0
2017-05-08,double7s__ma200__sp10,double7s_signal_D_maPeriod_200_shortPeriod_10,ES,0.0,0.4222104928347682,0
2017-05-09,double7s__ma200__sp10,double7s_signal_D_maPeriod_200_shortPeriod_10,ES,0.0,0.4222104928347682,0
2017-05-10,double7s__ma200__sp10,double7s_signal_D_maPeriod_200_shortPeriod_10,ES,0.0,0.4222104928347682,0
2017-05-11,double7s__ma200__sp10,double7s_signal_D_maPeriod_200_shortPeriod_10,ES,0.0,0.4222104928347682,0
2017-05-12,double7s__ma200__sp10,double7s_signal_D_maPeriod_200_shortPeriod_10,ES,0.0,0.4222104928347682,0
2017-05-15,double7s__ma200__sp10,double7s_signal_D_maPeriod_200_shortPeriod_10,ES,0.0,0.4222104928347682,0
2017-05-16,double7s__ma200__sp10,double7s_signal_D_maPeriod_200_shortPeriod_10,ES,0.0,0.4222104928347682,0
2017-05-17,double7s__ma200__sp10,double7s_signal_D_maPeriod_200_shortPeriod_10,ES,0.0,0.4222104928347682,0
2017-05-18,double7s__ma200__sp10,double7s_signal_D_maPeriod_200_shortPeriod_10,ES,0.0012721108115583246,0.4234826036463265,0
2017-05-19,double7s__ma200__sp10,double7s_signal_D_maPeriod_200_shortPeriod_10,ES,0.005688681542901562,0.4291712851892281,0
2017-05-22,double7s__ma200__sp10,double7s_signal_D_maPeriod_200_shortPeriod_10,ES,0.0027665857336585642,0.43193787092288666,0
2017-05-23,double7s__ma200__sp10,double7s_signal_D_maPeriod_200_shortPeriod_10,ES,0.001414114159266025,0.43335198508215267,0
2017-05-24,double7s__ma200__sp10,double7s_signal_D_maPeriod_200_shortPeriod_10,ES,0.0018002413207904378,0.4351522264029431,0
2017-05-25,double7s__ma200__sp10,double7s_signal_D_maPeriod_200_shortPeriod_10,ES,0.0,0.4351522264029431,0
2017-05-26,double7s__ma200__sp10,double7s_signal_D_maPeriod_200_shortPeriod_10,ES,0.0,0.4351522264029431,0
2017-05-30,double7s__ma200__sp10,double7s_signal_D_maPeriod_200_shortPeriod_10,ES,0.0,0.4351522264029431,0
2017-05-31,double7s__ma200__sp10,double7s_signal_D_maPeriod_200_shortPeriod_10,ES,0.0,0.4351522264029431,0
2017-06-01,double7s__ma200__sp10,double7s_signal_D_maPeriod_200_shortPeriod_10,ES,0.0,0.4351522264029431,0
2017-06-02,double7s__ma200__sp10,double7s_signal_D_maPeriod_200_shortPeriod_10,ES,0.0,0.4351522264029431,0
2017-06-05,double7s__ma200__sp10,double7s_signal_D_maPeriod_200_shortPeriod_10,ES,0.0,0.4351522264029431,0
2017-06-06,double7s__ma200__sp10,double7s_signal_D_maPeriod_200_shortPeriod_10,ES,0.0,0.4351522264029431,0
2017-06-07,double7s__ma200__sp10,double7s_signal_D_maPeriod_200_shortPeriod_10,ES,0.0,0.4351522264029431,0
2017-06-08,double7s__ma200__sp10,double7s_signal_D_maPeriod_200_shortPeriod_10,ES,0.0,0.4351522264029431,0
2017-06-09,double7s__ma200__sp10,double7s_signal_D_maPeriod_200_shortPeriod_10,ES,0.0,0.4351522264029431,0
2017-06-12,double7s__ma200__sp10,double7s_signal_D_maPeriod_200_shortPeriod_10,ES,0.0,0.4351522264029431,0
2017-06-13,double7s__ma200__sp10,double7s_signal_D_maPeriod_200_shortPeriod_10,ES,0.0,0.4351522264029431,0
2017-06-14,double7s__ma200__sp10,double7s_signal_D_maPeriod_200_shortPeriod_10,ES,0.0,0.4351522264029431,0
2017-06-15,double7s__ma200__sp10,double7s_signal_D_maPeriod_200_shortPeriod_10,ES,0.0,0.4351522264029431,0
2017-06-16,double7s__ma200__sp10,double7s_signal_D_maPeriod_200_shortPeriod_10,ES,0.0,0.4351522264029431,0
2017-06-19,double7s__ma200__sp10,double7s_signal_D_maPeriod_200_shortPeriod_10,ES,0.0,0.4351522264029431,0
2017-06-20,double7s__ma200__sp10,double7s_signal_D_maPeriod_200_shortPeriod_10,ES,0.0,0.4351522264029431,0
2017-06-21,double7s__ma200__sp10,double7s_signal_D_maPeriod_200_shortPeriod_10,ES,0.0,0.4351522264029431,0
2017-06-22,double7s__ma200__sp10,double7s_signal_D_maPeriod_200_shortPeriod_10,ES,0.0,0.4351522264029431,0
2017-06-23,double7s__ma200__sp10,double7s_signal_D_maPeriod_200_shortPeriod_10,ES,0.0,0.4351522264029431,0
2017-06-26,double7s__ma200__sp10,double7s_signal_D_maPeriod_200_shortPeriod_10,ES,0.0,0.4351522264029431,0
2017-06-27,double7s__ma200__sp10,double7s_signal_D_maPeriod_200_shortPeriod_10,ES,0.0,0.4351522264029431,0
2017-06-28,double7s__ma200__sp10,double7s_signal_D_maPeriod_200_shortPeriod_10,ES,0.00591649507125554,0.4410687214741986,0
2017-06-29,double7s__ma200__sp10,double7s_signal_D_maPeriod_200_shortPeriod_10,ES,-0.00548229373681756,0.43558642773738104,0
2017-06-30,double7s__ma200__sp10,double7s_signal_D_maPeriod_200_shortPeriod_10,ES,6.121858373237675e-05,0.4356476463211134,0
2017-07-03,double7s__ma200__sp10,double7s_signal_D_maPeriod_200_shortPeriod_10,ES,0.0010711571186755294,0.4367188034397889,0
2017-07-05,double7s__ma200__sp10,double7s_signal_D_maPeriod_200_shortPeriod_10,ES,0.0015163202062487109,0.4382351236460376,0
2017-07-06,double7s__ma200__sp10,double7s_signal_D_maPeriod_200_shortPeriod_10,ES,-0.006974261104508996,0.4312608625415286,0
2017-07-07,double7s__ma200__sp10,double7s_signal_D_maPeriod_200_shortPeriod_10,ES,0.0031977220913548495,0.43445858463288345,0
2017-07-10,double7s__ma200__sp10,double7s_signal_D_maPeriod_200_shortPeriod_10,ES,0.00042337718379915337,0.4348819618166826,0
2017-07-11,double7s__ma200__sp10,double7s_signal_D_maPeriod_200_shortPeriod_10,ES,0.0002677357089585512,0.43514969752564114,0
2017-07-12,double7s__ma200__sp10,double7s_signal_D_maPeriod_200_shortPeriod_10,ES,0.00534041378555312,0.44049011131119425,0
2017-07-13,double7s__ma200__sp10,double7s_signal_D_maPeriod_200_shortPeriod_10,ES,0.0,0.44049011131119425,0
2017-07-14,double7s__ma200__sp10,double7s_signal_D_maPeriod_200_shortPeriod_10,ES,0.0,0.44049011131119425,0
2017-07-17,double7s__ma200__sp10,double7s_signal_D_maPeriod_200_shortPeriod_10,ES,0.0,0.44049011131119425,0
2017-07-18,double7s__ma200__sp10,double7s_signal_D_maPeriod_200_shortPeriod_10,ES,0.0,0.44049011131119425,0
2017-07-19,double7s__ma200__sp10,double7s_signal_D_maPeriod_200_shortPeriod_10,ES,0.0,0.44049011131119425,0
2017-07-20,double7s__ma200__sp10,double7s_signal_D_maPeriod_200_shortPeriod_10,ES,0.0,0.44049011131119425,0
2017-07-21,double7s__ma200__sp10,double7s_signal_D_maPeriod_200_shortPeriod_10,ES,0.0,0.44049011131119425,0
2017-07-24,double7s__ma200__sp10,double7s_signal_D_maPeriod_200_shortPeriod_10,ES,0.0,0.44049011131119425,0
2017-07-25,double7s__ma200__sp10,double7s_signal_D_maPeriod_200_shortPeriod_10,ES,0.0,0.44049011131119425,0
2017-07-26,double7s__ma200__sp10,double7s_signal_D_maPeriod_200_shortPeriod_10,ES,0.0,0.44049011131119425,0
2017-07-27,double7s__ma200__sp10,double7s_signal_D_maPeriod_200_shortPeriod_10,ES,0.0,0.44049011131119425,0
2017-07-28,double7s__ma200__sp10,double7s_signal_D_maPeriod_200_shortPeriod_10,ES,0.0,0.44049011131119425,0
2017-07-31,double7s__ma200__sp10,double7s_signal_D_maPeriod_200_shortPeriod_10,ES,0.0,0.44049011131119425,0
2017-08-01,double7s__ma200__sp10,double7s_signal_D_maPeriod_200_shortPeriod_10,ES,0.0,0.44049011131119425,0
2017-08-02,double7s__ma200__sp10,double7s_signal_D_maPeriod_200_shortPeriod_10,ES,0.0,0.44049011131119425,0
2017-08-03,double7s__ma200__sp10,double7s_signal_D_maPeriod_200_shortPeriod_10,ES,0.0,0.44049011131119425,0
2017-08-04,double7s__ma200__sp10,double7s_signal_D_maPeriod_200_shortPeriod_10,ES,0.0,0.44049011131119425,0
2017-08-07,double7s__ma200__sp10,double7s_signal_D_maPeriod_200_shortPeriod_10,ES,0.0,0.44049011131119425,0
2017-08-08,double7s__ma200__sp10,double7s_signal_D_maPeriod_200_shortPeriod_10,ES,0.0,0.44049011131119425,0
2017-08-09,double7s__ma200__sp10,double7s_signal_D_maPeriod_200_shortPeriod_10,ES,0.0,0.44049011131119425,0
2017-08-10,double7s__ma200__sp10,double7s_signal_D_maPeriod_200_shortPeriod_10,ES,0.0,0.44049011131119425,0
2017-08-11,double7s__ma200__sp10,double7s_signal_D_maPeriod_200_shortPeriod_10,ES,0.0008875157694516301,0.4413776270806459,0
2017-08-14,double7s__ma200__sp10,double7s_signal_D_maPeriod_200_shortPeriod_10,ES,0.007782951882498379,0.44916057896314426,0
2017-08-15,double7s__ma200__sp10,double7s_signal_D_maPeriod_200_shortPeriod_10,ES,-0.0001593693248931317,0.44900120963825113,0
2017-08-16,double7s__ma200__sp10,double7s_signal_D_maPeriod_200_shortPeriod_10,ES,0.0010567837081781693,0.4500579933464293,0
2017-08-17,double7s__ma200__sp10,double7s_signal_D_maPeriod_200_shortPeriod_10,ES,-0.013196359294163266,0.4368616340522661,0
2017-08-18,double7s__ma200__sp10,double7s_signal_D_maPeriod_200_shortPeriod_10,ES,0.0,0.4368616340522661,0
2017-08-21,double7s__ma200__sp10,double7s_signal_D_maPeriod_200_shortPeriod_10,ES,-0.00026121763525744534,0.43660041641700864,0
2017-08-22,double7s__ma200__sp10,double7s_signal_D_maPeriod_200_shortPeriod_10,ES,0.008789623491832751,0.4453900399088414,0
2017-08-23,double7s__ma200__sp10,double7s_signal_D_maPeriod_200_shortPeriod_10,ES,-0.0023750980029367866,0.4430149419059046,0
2017-08-24,double7s__ma200__sp10,double7s_signal_D_maPeriod_200_shortPeriod_10,ES,0.000152593822788888,0.4431675357286935,0
2017-08-25,double7s__ma200__sp10,double7s_signal_D_maPeriod_200_shortPeriod_10,ES,0.0,0.4431675357286935,0
2017-08-28,double7s__ma200__sp10,double7s_signal_D_maPeriod_200_shortPeriod_10,ES,0.0006209911674221169,0.4437885268961156,0
2017-08-29,double7s__ma200__sp10,double7s_signal_D_maPeriod_200_shortPeriod_10,ES,0.004616570958502059,0.44840509785461763,0
2017-08-30,double7s__ma200__sp10,double7s_signal_D_maPeriod_200_shortPeriod_10,ES,0.0032737939117066647,0.4516788917663243,0
2017-08-31,double7s__ma200__sp10,double7s_signal_D_maPeriod_200_shortPeriod_10,ES,0.005201404835641158,0.45688029660196544,0
2017-09-01,double7s__ma200__sp10,double7s_signal_D_maPeriod_200_shortPeriod_10,ES,0.0,0.45688029660196544,0
2017-09-05,double7s__ma200__sp10,double7s_signal_D_maPeriod_200_shortPeriod_10,ES,0.0,0.45688029660196544,0
2017-09-06,double7s__ma200__sp10,double7s_signal_D_maPeriod_200_shortPeriod_10,ES,0.0,0.45688029660196544,0
2017-09-07,double7s__ma200__sp10,double7s_signal_D_maPeriod_200_shortPeriod_10,ES,0.0,0.45688029660196544,0
2017-09-08,double7s__ma200__sp10,double7s_signal_D_maPeriod_200_shortPeriod_10,ES,0.0,0.45688029660196544,0
2017-09-11,double7s__ma200__sp10,double7s_signal_D_maPeriod_200_shortPeriod_10,ES,0.0,0.45688029660196544,0
2017-09-12,double7s__ma200__sp10,double7s_signal_D_maPeriod_200_shortPeriod_10,ES,0.0,0.45688029660196544,0
2017-09-13,double7s__ma200__sp10,double7s_signal_D_maPeriod_200_shortPeriod_10,ES,0.0,0.45688029660196544,0
2017-09-14,double7s__ma200__sp10,double7s_signal_D_maPeriod_200_shortPeriod_10,ES,0.0,0.45688029660196544,0
2017-09-15,double7s__ma200__sp10,double7s_signal_D_maPeriod_200_shortPeriod_10,ES,0.0,0.45688029660196544,0
2017-09-18,double7s__ma200__sp10,double7s_signal_D_maPeriod_200_shortPeriod_10,ES,0.0,0.45688029660196544,0
2017-09-19,double7s__ma200__sp10,double7s_signal_D_maPeriod_200_shortPeriod_10,ES,0.0,0.45688029660196544,0
2017-09-20,double7s__ma200__sp10,double7s_signal_D_maPeriod_200_shortPeriod_10,ES,0.0,0.45688029660196544,0
2017-09-21,double7s__ma200__sp10,double7s_signal_D_maPeriod_200_shortPeriod_10,ES,0.0,0.45688029660196544,0
2017-09-22,double7s__ma200__sp10,double7s_signal_D_maPeriod_200_shortPeriod_10,ES,0.0,0.45688029660196544,0
2017-09-25,double7s__ma200__sp10,double7s_signal_D_maPeriod_200_shortPeriod_10,ES,0.0,0.45688029660196544,0
2017-09-26,double7s__ma200__sp10,double7s_signal_D_maPeriod_200_shortPeriod_10,ES,0.0,0.45688029660196544,0
2017-09-27,double7s__ma200__sp10,double7s_signal_D_maPeriod_200_shortPeriod_10,ES,0.0,0.45688029660196544,0
2017-09-28,double7s__ma200__sp10,double7s_signal_D_maPeriod_200_shortPeriod_10,ES,0.0,0.45688029660196544,0
2017-09-29,double7s__ma200__sp10,double7s_signal_D_maPeriod_200_shortPeriod_10,ES,0.0,0.45688029660196544,0
2017-10-02,double7s__ma200__sp10,double7s_signal_D_maPeriod_200_shortPeriod_10,ES,0.0,0.45688029660196544,0
2017-10-03,double7s__ma200__sp10,double7s_signal_D_maPeriod_200_shortPeriod_10,ES,0.0,0.45688029660196544,0
2017-10-04,double7s__ma200__sp10,double7s_signal_D_maPeriod_200_shortPeriod_10,ES,0.0,0.45688029660196544,0
2017-10-05,double7s__ma200__sp10,double7s_signal_D_maPeriod_200_shortPeriod_10,ES,0.0,0.45688029660196544,0
2017-10-06,double7s__ma200__sp10,double7s_signal_D_maPeriod_200_shortPeriod_10,ES,0.0,0.45688029660196544,0
2017-10-09,double7s__ma200__sp10,double7s_signal_D_maPeriod_200_shortPeriod_10,ES,0.0,0.45688029660196544,0
2017-10-10,double7s__ma200__sp10,double7s_signal_D_maPeriod_200_shortPeriod_10,ES,0.0,0.45688029660196544,0
2017-10-11,double7s__ma200__sp10,double7s_signal_D_maPeriod_200_shortPeriod_10,ES,0.0,0.45688029660196544,0
2017-10-12,double7s__ma200__sp10,double7s_signal_D_maPeriod_200_shortPeriod_10,ES,0.0,0.45688029660196544,0
2017-10-13,double7s__ma200__sp10,double7s_signal_D_maPeriod_200_shortPeriod_10,ES,0.0,0.45688029660196544,0
2017-10-16,double7s__ma200__sp10,double7s_signal_D_maPeriod_200_shortPeriod_10,ES,0.0,0.45688029660196544,0
2017-10-17,double7s__ma200__sp10,double7s_signal_D_maPeriod_200_shortPeriod_10,ES,0.0,0.45688029660196544,0
2017-10-18,double7s__ma200__sp10,double7s_signal_D_maPeriod_200_shortPeriod_10,ES,0.0,0.45688029660196544,0
2017-10-19,double7s__ma200__sp10,double7s_signal_D_maPeriod_200_shortPeriod_10,ES,0.0,0.45688029660196544,0
2017-10-20,double7s__ma200__sp10,double7s_signal_D_maPeriod_200_shortPeriod_10,ES,0.0,0.45688029660196544,0
2017-10-23,double7s__ma200__sp10,double7s_signal_D_maPeriod_200_shortPeriod_10,ES,0.0,0.45688029660196544,0
2017-10-24,double7s__ma200__sp10,double7s_signal_D_maPeriod_200_shortPeriod_10,ES,0.0,0.45688029660196544,0
2017-10-25,double7s__ma200__sp10,double7s_signal_D_maPeriod_200_shortPeriod_10,ES,0.0,0.45688029660196544,0
2017-10-26,double7s__ma200__sp10,double7s_signal_D_maPeriod_200_shortPeriod_10,ES,0.0,0.45688029660196544,0
2017-10-27,double7s__ma200__sp10,double7s_signal_D_maPeriod_200_shortPeriod_10,ES,0.0,0.45688029660196544,0
2017-10-30,double7s__ma200__sp10,double7s_signal_D_maPeriod_200_shortPeriod_10,ES,0.0,0.45688029660196544,0
2017-10-31,double7s__ma200__sp10,double7s_signal_D_maPeriod_200_shortPeriod_10,ES,0.0,0.45688029660196544,0
2017-11-01,double7s__ma200__sp10,double7s_signal_D_maPeriod_200_shortPeriod_10,ES,0.0,0.45688029660196544,0
2017-11-02,double7s__ma200__sp10,double7s_signal_D_maPeriod_200_shortPeriod_10,ES,0.0,0.45688029660196544,0
2017-11-03,double7s__ma200__sp10,double7s_signal_D_maPeriod_200_shortPeriod_10,ES,0.0,0.45688029660196544,0
2017-11-06,double7s__ma200__sp10,double7s_signal_D_maPeriod_200_shortPeriod_10,ES,0.0,0.45688029660196544,0
2017-11-07,double7s__ma200__sp10,double7s_signal_D_maPeriod_200_shortPeriod_10,ES,0.0,0.45688029660196544,0
2017-11-08,double7s__ma200__sp10,double7s_signal_D_maPeriod_200_shortPeriod_10,ES,0.0,0.45688029660196544,0
2017-11-09,double7s__ma200__sp10,double7s_signal_D_maPeriod_200_shortPeriod_10,ES,0.0,0.45688029660196544,0
2017-11-10,double7s__ma200__sp10,double7s_signal_D_maPeriod_200_shortPeriod_10,ES,0.0,0.45688029660196544,0
2017-11-13,double7s__ma200__sp10,double7s_signal_D_maPeriod_200_shortPeriod_10,ES,0.0,0.45688029660196544,0
2017-11-14,double7s__ma200__sp10,double7s_signal_D_maPeriod_200_shortPeriod_10,ES,0.0,0.45688029660196544,0
2017-11-15,double7s__ma200__sp10,double7s_signal_D_maPeriod_200_shortPeriod_10,ES,0.0,0.45688029660196544,0
2017-11-16,double7s__ma200__sp10,double7s_signal_D_maPeriod_200_shortPeriod_10,ES,0.006161172084092541,0.463041468686058,0
2017-11-17,double7s__ma200__sp10,double7s_signal_D_maPeriod_200_shortPeriod_10,ES,-0.0018562472756223944,0.4611852214104356,0
2017-11-20,double7s__ma200__sp10,double7s_signal_D_maPeriod_200_shortPeriod_10,ES,0.002011041508041898,0.4631962629184775,0
2017-11-21,double7s__ma200__sp10,double7s_signal_D_maPeriod_200_shortPeriod_10,ES,0.004829324549742081,0.46802558746821954,0
2017-11-22,double7s__ma200__sp10,double7s_signal_D_maPeriod_200_shortPeriod_10,ES,0.0,0.46802558746821954,0
2017-11-24,double7s__ma200__sp10,double7s_signal_D_maPeriod_200_shortPeriod_10,ES,0.0,0.46802558746821954,0
2017-11-27,double7s__ma200__sp10,double7s_signal_D_maPeriod_200_shortPeriod_10,ES,0.0,0.46802558746821954,0
2017-11-28,double7s__ma200__sp10,double7s_signal_D_maPeriod_200_shortPeriod_10,ES,0.0,0.46802558746821954,0
2017-11-29,double7s__ma200__sp10,double7s_signal_D_maPeriod_200_shortPeriod_10,ES,0.0,0.46802558746821954,0
2017-11-30,double7s__ma200__sp10,double7s_signal_D_maPeriod_200_shortPeriod_10,ES,0.0,0.46802558746821954,0
2017-12-01,double7s__ma200__sp10,double7s_signal_D_maPeriod_200_shortPeriod_10,ES,0.0,0.46802558746821954,0
2017-12-04,double7s__ma200__sp10,double7s_signal_D_maPeriod_200_shortPeriod_10,ES,0.0,0.46802558746821954,0
2017-12-05,double7s__ma200__sp10,double7s_signal_D_maPeriod_200_shortPeriod_10,ES,0.0,0.46802558746821954,0
2017-12-06,double7s__ma200__sp10,double7s_signal_D_maPeriod_200_shortPeriod_10,ES,0.0,0.46802558746821954,0
2017-12-07,double7s__ma200__sp10,double7s_signal_D_maPeriod_200_shortPeriod_10,ES,0.0,0.46802558746821954,0
2017-12-08,double7s__ma200__sp10,double7s_signal_D_maPeriod_200_shortPeriod_10,ES,0.0,0.46802558746821954,0
2017-12-11,double7s__ma200__sp10,double7s_signal_D_maPeriod_200_shortPeriod_10,ES,0.0,0.46802558746821954,0
2017-12-12,double7s__ma200__sp10,double7s_signal_D_maPeriod_200_shortPeriod_10,ES,0.0,0.46802558746821954,0
2017-12-13,double7s__ma200__sp10,double7s_signal_D_maPeriod_200_shortPeriod_10,ES,0.0,0.46802558746821954,0
2017-12-14,double7s__ma200__sp10,double7s_signal_D_maPeriod_200_shortPeriod_10,ES,0.0,0.46802558746821954,0
2017-12-15,double7s__ma200__sp10,double7s_signal_D_maPeriod_200_shortPeriod_10,ES,0.0,0.46802558746821954,0
2017-12-18,double7s__ma200__sp10,double7s_signal_D_maPeriod_200_shortPeriod_10,ES,0.0,0.46802558746821954,0
2017-12-19,double7s__ma200__sp10,double7s_signal_D_maPeriod_200_shortPeriod_10,ES,0.0,0.46802558746821954,0
2017-12-20,double7s__ma200__sp10,double7s_signal_D_maPeriod_200_shortPeriod_10,ES,0.0,0.46802558746821954,0
2017-12-21,double7s__ma200__sp10,double7s_signal_D_maPeriod_200_shortPeriod_10,ES,0.0,0.46802558746821954,0
2017-12-22,double7s__ma200__sp10,double7s_signal_D_maPeriod_200_shortPeriod_10,ES,0.0,0.46802558746821954,0
2017-12-26,double7s__ma200__sp10,double7s_signal_D_maPeriod_200_shortPeriod_10,ES,0.0,0.46802558746821954,0
2017-12-27,double7s__ma200__sp10,double7s_signal_D_maPeriod_200_shortPeriod_10,ES,0.0,0.46802558746821954,0
2017-12-28,double7s__ma200__sp10,double7s_signal_D_maPeriod_200_shortPeriod_10,ES,0.0,0.46802558746821954,0
2017-12-29,double7s__ma200__sp10,double7s_signal_D_maPeriod_200_shortPeriod_10,ES,0.0,0.46802558746821954,0
2018-01-02,double7s__ma200__sp10,double7s_signal_D_maPeriod_200_shortPeriod_10,ES,0.0,0.46802558746821954,0
2018-01-03,double7s__ma200__sp10,double7s_signal_D_maPeriod_200_shortPeriod_10,ES,0.0,0.46802558746821954,0
2018-01-04,double7s__ma200__sp10,double7s_signal_D_maPeriod_200_shortPeriod_10,ES,0.0,0.46802558746821954,0
2018-01-05,double7s__ma200__sp10,double7s_signal_D_maPeriod_200_shortPeriod_10,ES,0.0,0.46802558746821954,0
2018-01-08,double7s__ma200__sp10,double7s_signal_D_maPeriod_200_shortPeriod_10,ES,0.0,0.46802558746821954,0
2018-01-09,double7s__ma200__sp10,double7s_signal_D_maPeriod_200_shortPeriod_10,ES,0.0,0.46802558746821954,0
2018-01-10,double7s__ma200__sp10,double7s_signal_D_maPeriod_200_shortPeriod_10,ES,0.0,0.46802558746821954,0
2018-01-11,double7s__ma200__sp10,double7s_signal_D_maPeriod_200_shortPeriod_10,ES,0.0,0.46802558746821954,0
2018-01-12,double7s__ma200__sp10,double7s_signal_D_maPeriod_200_shortPeriod_10,ES,0.0,0.46802558746821954,0
2018-01-16,double7s__ma200__sp10,double7s_signal_D_maPeriod_200_shortPeriod_10,ES,0.0,0.46802558746821954,0
2018-01-17,double7s__ma200__sp10,double7s_signal_D_maPeriod_200_shortPeriod_10,ES,0.0,0.46802558746821954,0
2018-01-18,double7s__ma200__sp10,double7s_signal_D_maPeriod_200_shortPeriod_10,ES,0.0,0.46802558746821954,0
2018-01-19,double7s__ma200__sp10,double7s_signal_D_maPeriod_200_shortPeriod_10,ES,0.0,0.46802558746821954,0
2018-01-22,double7s__ma200__sp10,double7s_signal_D_maPeriod_200_shortPeriod_10,ES,0.0,0.46802558746821954,0
2018-01-23,double7s__ma200__sp10,double7s_signal_D_maPeriod_200_shortPeriod_10,ES,0.0,0.46802558746821954,0
2018-01-24,double7s__ma200__sp10,double7s_signal_D_maPeriod_200_shortPeriod_10,ES,0.0,0.46802558746821954,0
2018-01-25,double7s__ma200__sp10,double7s_signal_D_maPeriod_200_shortPeriod_10,ES,0.0,0.46802558746821954,0
2018-01-26,double7s__ma200__sp10,double7s_signal_D_maPeriod_200_shortPeriod_10,ES,0.0,0.46802558746821954,0
2018-01-29,double7s__ma200__sp10,double7s_signal_D_maPeriod_200_shortPeriod_10,ES,0.0,0.46802558746821954,0
2018-01-30,double7s__ma200__sp10,double7s_signal_D_maPeriod_200_shortPeriod_10,ES,0.0,0.46802558746821954,0
2018-01-31,double7s__ma200__sp10,double7s_signal_D_maPeriod_200_shortPeriod_10,ES,0.0,0.46802558746821954,0
2018-02-01,double7s__ma200__sp10,double7s_signal_D_maPeriod_200_shortPeriod_10,ES,0.0,0.46802558746821954,0
2018-02-02,double7s__ma200__sp10,double7s_signal_D_maPeriod_200_shortPeriod_10,ES,0.0,0.46802558746821954,0
2018-02-05,double7s__ma200__sp10,double7s_signal_D_maPeriod_200_shortPeriod_10,ES,-0.014972844725802292,0.45305274274241725,0
2018-02-06,double7s__ma200__sp10,double7s_signal_D_maPeriod_200_shortPeriod_10,ES,0.0033460001707542415,0.4563987429131715,0
2018-02-07,double7s__ma200__sp10,double7s_signal_D_maPeriod_200_shortPeriod_10,ES,-0.0012343399180120796,0.4551644029951594,0
2018-02-08,double7s__ma200__sp10,double7s_signal_D_maPeriod_200_shortPeriod_10,ES,-0.011612008549326293,0.4435523944458331,0
2018-02-09,double7s__ma200__sp10,double7s_signal_D_maPeriod_200_shortPeriod_10,ES,0.0022245270507064417,0.4457769214965395,0
2018-02-12,double7s__ma200__sp10,double7s_signal_D_maPeriod_200_shortPeriod_10,ES,0.0046530581145138635,0.4504299796110534,0
2018-02-13,double7s__ma200__sp10,double7s_signal_D_maPeriod_200_shortPeriod_10,ES,0.0013019583728657762,0.4517319379839192,0
2018-02-14,double7s__ma200__sp10,double7s_signal_D_maPeriod_200_shortPeriod_10,ES,0.010886460977010015,0.4626183989609292,0
2018-02-15,double7s__ma200__sp10,double7s_signal_D_maPeriod_200_shortPeriod_10,ES,0.006060513841032512,0.4686789128019617,0
2018-02-16,double7s__ma200__sp10,double7s_signal_D_maPeriod_200_shortPeriod_10,ES,0.00014950772270185385,0.46882842052466356,0
2018-02-20,double7s__ma200__sp10,double7s_signal_D_maPeriod_200_shortPeriod_10,ES,-0.006678415732677686,0.46215000479198587,0
2018-02-21,double7s__ma200__sp10,double7s_signal_D_maPeriod_200_shortPeriod_10,ES,-0.003547332852051063,0.4586026719399348,0
2018-02-22,double7s__ma200__sp10,double7s_signal_D_maPeriod_200_shortPeriod_10,ES,0.003420336600245622,0.4620230085401804,0
2018-02-23,double7s__ma200__sp10,double7s_signal_D_maPeriod_200_shortPeriod_10,ES,0.010372934584825532,0.47239594312500593,0
2018-02-26,double7s__ma200__sp10,double7s_signal_D_maPeriod_200_shortPeriod_10,ES,0.0,0.47239594312500593,0
2018-02-27,double7s__ma200__sp10,double7s_signal_D_maPeriod_200_shortPeriod_10,ES,0.0,0.47239594312500593,0
2018-02-28,double7s__ma200__sp10,double7s_signal_D_maPeriod_200_shortPeriod_10,ES,0.0,0.47239594312500593,0
2018-03-01,double7s__ma200__sp10,double7s_signal_D_maPeriod_200_shortPeriod_10,ES,0.0,0.47239594312500593,0
2018-03-02,double7s__ma200__sp10,double7s_signal_D_maPeriod_200_shortPeriod_10,ES,0.0017617528430862513,0.4741576959680922,0
2018-03-05,double7s__ma200__sp10,double7s_signal_D_maPeriod_200_shortPeriod_10,ES,0.009547282893067341,0.48370497886115954,0
2018-03-06,double7s__ma200__sp10,double7s_signal_D_maPeriod_200_shortPeriod_10,ES,0.0009169962172138356,0.4846219750783734,0
2018-03-07,double7s__ma200__sp10,double7s_signal_D_maPeriod_200_shortPeriod_10,ES,0.007602332703168987,0.4922243077815424,0
2018-03-08,double7s__ma200__sp10,double7s_signal_D_maPeriod_200_shortPeriod_10,ES,0.005446213445036635,0.49767052122657907,0
2018-03-09,double7s__ma200__sp10,double7s_signal_D_maPeriod_200_shortPeriod_10,ES,0.012333034709714268,0.5100035559362933,0
2018-03-12,double7s__ma200__sp10,double7s_signal_D_maPeriod_200_shortPeriod_10,ES,0.0,0.5100035559362933,0
2018-03-13,double7s__ma200__sp10,double7s_signal_D_maPeriod_200_shortPeriod_10,ES,-0.004289888715887706,0.5057136672204056,0
2018-03-14,double7s__ma200__sp10,double7s_signal_D_maPeriod_200_shortPeriod_10,ES,-0.0035005113278818705,0.5022131558925237,0
2018-03-15,double7s__ma200__sp10,double7s_signal_D_maPeriod_200_shortPeriod_10,ES,0.000177322213789372,0.5023904781063131,0
2018-03-16,double7s__ma200__sp10,double7s_signal_D_maPeriod_200_shortPeriod_10,ES,-0.00048466521895710316,0.501905812887356,0
2018-03-19,double7s__ma200__sp10,double7s_signal_D_maPeriod_200_shortPeriod_10,ES,-0.01087862132565408,0.49102719156170194,0
2018-03-20,double7s__ma200__sp10,double7s_signal_D_maPeriod_200_shortPeriod_10,ES,0.0003317772538793327,0.4913589688155813,0
2018-03-21,double7s__ma200__sp10,double7s_signal_D_maPeriod_200_shortPeriod_10,ES,-0.0016325717231036314,0.48972639709247767,0
2018-03-22,double7s__ma200__sp10,double7s_signal_D_maPeriod_200_shortPeriod_10,ES,-0.024779653073850993,0.4649467440186267,0
2018-03-23,double7s__ma200__sp10,double7s_signal_D_maPeriod_200_shortPeriod_10,ES,-0.004268232318485995,0.4606785117001407,0
2018-03-26,double7s__ma200__sp10,double7s_signal_D_maPeriod_200_shortPeriod_10,ES,0.008008036203133057,0.46868654790327374,0
2018-03-27,double7s__ma200__sp10,double7s_signal_D_maPeriod_200_shortPeriod_10,ES,-0.004429265639344895,0.46425728226392887,0
2018-03-28,double7s__ma200__sp10,double7s_signal_D_maPeriod_200_shortPeriod_10,ES,-0.0006861231855675812,0.4635711590783613,0
2018-03-29,double7s__ma200__sp10,double7s_signal_D_maPeriod_200_shortPeriod_10,ES,0.0094615420205061,0.47303270109886736,0
2018-04-02,double7s__ma200__sp10,double7s_signal_D_maPeriod_200_shortPeriod_10,ES,-0.009561913128003618,0.4634707879708637,0
2018-04-03,double7s__ma200__sp10,double7s_signal_D_maPeriod_200_shortPeriod_10,ES,0.0030395718583172138,0.46651035982918093,0
2018-04-04,double7s__ma200__sp10,double7s_signal_D_maPeriod_200_shortPeriod_10,ES,0.004888603447541631,0.47139896327672254,0
2018-04-05,double7s__ma200__sp10,double7s_signal_D_maPeriod_200_shortPeriod_10,ES,0.002536586136790019,0.47393554941351257,0
2018-04-06,double7s__ma200__sp10,double7s_signal_D_maPeriod_200_shortPeriod_10,ES,-0.014694863984163165,0.4592406854293494,0
2018-04-09,double7s__ma200__sp10,double7s_signal_D_maPeriod_200_shortPeriod_10,ES,0.001290149336897695,0.4605308347662471,0
2018-04-10,double7s__ma200__sp10,double7s_signal_D_maPeriod_200_shortPeriod_10,ES,0.008913999692373688,0.4694448344586208,0
2018-04-11,double7s__ma200__sp10,double7s_signal_D_maPeriod_200_shortPeriod_10,ES,-0.0021040073877636747,0.4673408270708571,0
2018-04-12,double7s__ma200__sp10,double7s_signal_D_maPeriod_200_shortPeriod_10,ES,0.005578955935242433,0.47291978300609955,0
2018-04-13,double7s__ma200__sp10,double7s_signal_D_maPeriod_200_shortPeriod_10,ES,0.0,0.47291978300609955,0
2018-04-16,double7s__ma200__sp10,double7s_signal_D_maPeriod_200_shortPeriod_10,ES,0.0,0.47291978300609955,0
2018-04-17,double7s__ma200__sp10,double7s_signal_D_maPeriod_200_shortPeriod_10,ES,0.0,0.47291978300609955,0
2018-04-18,double7s__ma200__sp10,double7s_signal_D_maPeriod_200_shortPeriod_10,ES,0.0,0.47291978300609955,0
2018-04-19,double7s__ma200__sp10,double7s_signal_D_maPeriod_200_shortPeriod_10,ES,0.0,0.47291978300609955,0
2018-04-20,double7s__ma200__sp10,double7s_signal_D_maPeriod_200_shortPeriod_10,ES,0.0,0.47291978300609955,0
2018-04-23,double7s__ma200__sp10,double7s_signal_D_maPeriod_200_shortPeriod_10,ES,0.0,0.47291978300609955,0
2018-04-24,double7s__ma200__sp10,double7s_signal_D_maPeriod_200_shortPeriod_10,ES,0.0,0.47291978300609955,0
2018-04-25,double7s__ma200__sp10,double7s_signal_D_maPeriod_200_shortPeriod_10,ES,0.0014586638821672158,0.47437844688826675,0
2018-04-26,double7s__ma200__sp10,double7s_signal_D_maPeriod_200_shortPeriod_10,ES,0.007795033754094522,0.48217348064236126,0
2018-04-27,double7s__ma200__sp10,double7s_signal_D_maPeriod_200_shortPeriod_10,ES,-0.0007100338262901179,0.48146344681607117,0
2018-04-30,double7s__ma200__sp10,double7s_signal_D_maPeriod_200_shortPeriod_10,ES,-0.007814915390716999,0.4736485314253542,0
2018-05-01,double7s__ma200__sp10,double7s_signal_D_maPeriod_200_shortPeriod_10,ES,0.0012318901419420092,0.4748804215672962,0
2018-05-02,double7s__ma200__sp10,double7s_signal_D_maPeriod_200_shortPeriod_10,ES,-0.009359527845614555,0.46552089372168165,0
2018-05-03,double7s__ma200__sp10,double7s_signal_D_maPeriod_200_shortPeriod_10,ES,0.0010219158807028745,0.46654280960238453,0
2018-05-04,double7s__ma200__sp10,double7s_signal_D_maPeriod_200_shortPeriod_10,ES,0.010427562133159063,0.4769703717355436,0
2018-05-07,double7s__ma200__sp10,double7s_signal_D_maPeriod_200_shortPeriod_10,ES,0.0012532295716889063,0.47822360130723246,0
2018-05-08,double7s__ma200__sp10,double7s_signal_D_maPeriod_200_shortPeriod_10,ES,0.0007357101019113761,0.47895931140914383,0
2018-05-09,double7s__ma200__sp10,double7s_signal_D_maPeriod_200_shortPeriod_10,ES,0.008667111852871745,0.48762642326201555,0
2018-05-10,double7s__ma200__sp10,double7s_signal_D_maPeriod_200_shortPeriod_10,ES,0.0,0.48762642326201555,0
2018-05-11,double7s__ma200__sp10,double7s_signal_D_maPeriod_200_shortPeriod_10,ES,0.0,0.48762642326201555,0
2018-05-14,double7s__ma200__sp10,double7s_signal_D_maPeriod_200_shortPeriod_10,ES,0.0,0.48762642326201555,0
2018-05-15,double7s__ma200__sp10,double7s_signal_D_maPeriod_200_shortPeriod_10,ES,0.0,0.48762642326201555,0
2018-05-16,double7s__ma200__sp10,double7s_signal_D_maPeriod_200_shortPeriod_10,ES,0.0,0.48762642326201555,0
2018-05-17,double7s__ma200__sp10,double7s_signal_D_maPeriod_200_shortPeriod_10,ES,0.0,0.48762642326201555,0
2018-05-18,double7s__ma200__sp10,double7s_signal_D_maPeriod_200_shortPeriod_10,ES,0.0,0.48762642326201555,0
2018-05-21,double7s__ma200__sp10,double7s_signal_D_maPeriod_200_shortPeriod_10,ES,0.0,0.48762642326201555,0
2018-05-22,double7s__ma200__sp10,double7s_signal_D_maPeriod_200_shortPeriod_10,ES,0.0,0.48762642326201555,0
2018-05-23,double7s__ma200__sp10,double7s_signal_D_maPeriod_200_shortPeriod_10,ES,0.0,0.48762642326201555,0
2018-05-24,double7s__ma200__sp10,double7s_signal_D_maPeriod_200_shortPeriod_10,ES,0.0,0.48762642326201555,0
2018-05-25,double7s__ma200__sp10,double7s_signal_D_maPeriod_200_shortPeriod_10,ES,0.0,0.48762642326201555,0
2018-05-29,double7s__ma200__sp10,double7s_signal_D_maPeriod_200_shortPeriod_10,ES,0.0,0.48762642326201555,0
2018-05-30,double7s__ma200__sp10,double7s_signal_D_maPeriod_200_shortPeriod_10,ES,0.0061132530767543485,0.4937396763387699,0
2018-05-31,double7s__ma200__sp10,double7s_signal_D_maPeriod_200_shortPeriod_10,ES,-0.0024598801236339544,0.49127979621513596,0
2018-06-01,double7s__ma200__sp10,double7s_signal_D_maPeriod_200_shortPeriod_10,ES,0.005948523504393703,0.49722831971952963,0
2018-06-04,double7s__ma200__sp10,double7s_signal_D_maPeriod_200_shortPeriod_10,ES,0.0,0.49722831971952963,0
2018-06-05,double7s__ma200__sp10,double7s_signal_D_maPeriod_200_shortPeriod_10,ES,0.0,0.49722831971952963,0
2018-06-06,double7s__ma200__sp10,double7s_signal_D_maPeriod_200_shortPeriod_10,ES,0.0,0.49722831971952963,0
2018-06-07,double7s__ma200__sp10,double7s_signal_D_maPeriod_200_shortPeriod_10,ES,0.0,0.49722831971952963,0
2018-06-08,double7s__ma200__sp10,double7s_signal_D_maPeriod_200_shortPeriod_10,ES,0.0,0.49722831971952963,0
2018-06-11,double7s__ma200__sp10,double7s_signal_D_maPeriod_200_shortPeriod_10,ES,0.0,0.49722831971952963,0
2018-06-12,double7s__ma200__sp10,double7s_signal_D_maPeriod_200_shortPeriod_10,ES,0.0,0.49722831971952963,0
2018-06-13,double7s__ma200__sp10,double7s_signal_D_maPeriod_200_shortPeriod_10,ES,0.0,0.49722831971952963,0
2018-06-14,double7s__ma200__sp10,double7s_signal_D_maPeriod_200_shortPeriod_10,ES,0.0,0.49722831971952963,0
2018-06-15,double7s__ma200__sp10,double7s_signal_D_maPeriod_200_shortPeriod_10,ES,0.0,0.49722831971952963,0
2018-06-18,double7s__ma200__sp10,double7s_signal_D_maPeriod_200_shortPeriod_10,ES,0.0,0.49722831971952963,0
2018-06-19,double7s__ma200__sp10,double7s_signal_D_maPeriod_200_shortPeriod_10,ES,0.0,0.49722831971952963,0
2018-06-20,double7s__ma200__sp10,double7s_signal_D_maPeriod_200_shortPeriod_10,ES,0.0,0.49722831971952963,0
2018-06-21,double7s__ma200__sp10,double7s_signal_D_maPeriod_200_shortPeriod_10,ES,0.0,0.49722831971952963,0
2018-06-22,double7s__ma200__sp10,double7s_signal_D_maPeriod_200_shortPeriod_10,ES,0.0021054496113586114,0.49933376933088824,0
2018-06-25,double7s__ma200__sp10,double7s_signal_D_maPeriod_200_shortPeriod_10,ES,-0.01129975814256557,0.4880340111883227,0
2018-06-26,double7s__ma200__sp10,double7s_signal_D_maPeriod_200_shortPeriod_10,ES,0.001031473157806397,0.48906548434612906,0
2018-06-27,double7s__ma200__sp10,double7s_signal_D_maPeriod_200_shortPeriod_10,ES,-0.006816067198036521,0.48224941714809255,0
2018-06-28,double7s__ma200__sp10,double7s_signal_D_maPeriod_200_shortPeriod_10,ES,0.003030490093979301,0.4852799072420719,0
2018-06-29,double7s__ma200__sp10,double7s_signal_D_maPeriod_200_shortPeriod_10,ES,0.0003993708367066361,0.48567927807877853,0
2018-07-02,double7s__ma200__sp10,double7s_signal_D_maPeriod_200_shortPeriod_10,ES,0.002041536372916882,0.4877208144516954,0
2018-07-03,double7s__ma200__sp10,double7s_signal_D_maPeriod_200_shortPeriod_10,ES,-0.004578240594623879,0.48314257385707154,0
2018-07-05,double7s__ma200__sp10,double7s_signal_D_maPeriod_200_shortPeriod_10,ES,0.00718567858417417,0.4903282524412457,0
2018-07-06,double7s__ma200__sp10,double7s_signal_D_maPeriod_200_shortPeriod_10,ES,0.005136300675608777,0.4954645531168545,0
2018-07-09,double7s__ma200__sp10,double7s_signal_D_maPeriod_200_shortPeriod_10,ES,0.0,0.4954645531168545,0
2018-07-10,double7s__ma200__sp10,double7s_signal_D_maPeriod_200_shortPeriod_10,ES,0.0,0.4954645531168545,0
2018-07-11,double7s__ma200__sp10,double7s_signal_D_maPeriod_200_shortPeriod_10,ES,0.0,0.4954645531168545,0
2018-07-12,double7s__ma200__sp10,double7s_signal_D_maPeriod_200_shortPeriod_10,ES,0.0,0.4954645531168545,0
2018-07-13,double7s__ma200__sp10,double7s_signal_D_maPeriod_200_shortPeriod_10,ES,0.0,0.4954645531168545,0
2018-07-16,double7s__ma200__sp10,double7s_signal_D_maPeriod_200_shortPeriod_10,ES,0.0,0.4954645531168545,0
2018-07-17,double7s__ma200__sp10,double7s_signal_D_maPeriod_200_shortPeriod_10,ES,0.0,0.4954645531168545,0
2018-07-18,double7s__ma200__sp10,double7s_signal_D_maPeriod_200_shortPeriod_10,ES,0.0,0.4954645531168545,0
2018-07-19,double7s__ma200__sp10,double7s_signal_D_maPeriod_200_shortPeriod_10,ES,0.0,0.4954645531168545,0
2018-07-20,double7s__ma200__sp10,double7s_signal_D_maPeriod_200_shortPeriod_10,ES,0.0,0.4954645531168545,0
2018-07-23,double7s__ma200__sp10,double7s_signal_D_maPeriod_200_shortPeriod_10,ES,0.0,0.4954645531168545,0
2018-07-24,double7s__ma200__sp10,double7s_signal_D_maPeriod_200_shortPeriod_10,ES,0.0,0.4954645531168545,0
2018-07-25,double7s__ma200__sp10,double7s_signal_D_maPeriod_200_shortPeriod_10,ES,0.0,0.4954645531168545,0
2018-07-26,double7s__ma200__sp10,double7s_signal_D_maPeriod_200_shortPeriod_10,ES,0.0,0.4954645531168545,0
2018-07-27,double7s__ma200__sp10,double7s_signal_D_maPeriod_200_shortPeriod_10,ES,0.0,0.4954645531168545,0
2018-07-30,double7s__ma200__sp10,double7s_signal_D_maPeriod_200_shortPeriod_10,ES,0.0,0.4954645531168545,0
2018-07-31,double7s__ma200__sp10,double7s_signal_D_maPeriod_200_shortPeriod_10,ES,0.0,0.4954645531168545,0
2018-08-01,double7s__ma200__sp10,double7s_signal_D_maPeriod_200_shortPeriod_10,ES,0.0,0.4954645531168545,0
2018-08-02,double7s__ma200__sp10,double7s_signal_D_maPeriod_200_shortPeriod_10,ES,0.0,0.4954645531168545,0
2018-08-03,double7s__ma200__sp10,double7s_signal_D_maPeriod_200_shortPeriod_10,ES,0.0,0.4954645531168545,0
2018-08-06,double7s__ma200__sp10,double7s_signal_D_maPeriod_200_shortPeriod_10,ES,0.0,0.4954645531168545,0
2018-08-07,double7s__ma200__sp10,double7s_signal_D_maPeriod_200_shortPeriod_10,ES,0.0,0.4954645531168545,0
2018-08-08,double7s__ma200__sp10,double7s_signal_D_maPeriod_200_shortPeriod_10,ES,0.0,0.4954645531168545,0
2018-08-09,double7s__ma200__sp10,double7s_signal_D_maPeriod_200_shortPeriod_10,ES,0.0,0.4954645531168545,0
2018-08-10,double7s__ma200__sp10,double7s_signal_D_maPeriod_200_shortPeriod_10,ES,0.0,0.4954645531168545,0
2018-08-13,double7s__ma200__sp10,double7s_signal_D_maPeriod_200_shortPeriod_10,ES,0.0,0.4954645531168545,0
2018-08-14,double7s__ma200__sp10,double7s_signal_D_maPeriod_200_shortPeriod_10,ES,0.0,0.4954645531168545,0
2018-08-15,double7s__ma200__sp10,double7s_signal_D_maPeriod_200_shortPeriod_10,ES,0.0,0.4954645531168545,0
2018-08-16,double7s__ma200__sp10,double7s_signal_D_maPeriod_200_shortPeriod_10,ES,0.0,0.4954645531168545,0
2018-08-17,double7s__ma200__sp10,double7s_signal_D_maPeriod_200_shortPeriod_10,ES,0.0,0.4954645531168545,0
2018-08-20,double7s__ma200__sp10,double7s_signal_D_maPeriod_200_shortPeriod_10,ES,0.0,0.4954645531168545,0
2018-08-21,double7s__ma200__sp10,double7s_signal_D_maPeriod_200_shortPeriod_10,ES,0.0,0.4954645531168545,0
2018-08-22,double7s__ma200__sp10,double7s_signal_D_maPeriod_200_shortPeriod_10,ES,0.0,0.4954645531168545,0
2018-08-23,double7s__ma200__sp10,double7s_signal_D_maPeriod_200_shortPeriod_10,ES,0.0,0.4954645531168545,0
2018-08-24,double7s__ma200__sp10,double7s_signal_D_maPeriod_200_shortPeriod_10,ES,0.0,0.4954645531168545,0
2018-08-27,double7s__ma200__sp10,double7s_signal_D_maPeriod_200_shortPeriod_10,ES,0.0,0.4954645531168545,0
2018-08-28,double7s__ma200__sp10,double7s_signal_D_maPeriod_200_shortPeriod_10,ES,0.0,0.4954645531168545,0
2018-08-29,double7s__ma200__sp10,double7s_signal_D_maPeriod_200_shortPeriod_10,ES,0.0,0.4954645531168545,0
2018-08-30,double7s__ma200__sp10,double7s_signal_D_maPeriod_200_shortPeriod_10,ES,0.0,0.4954645531168545,0
2018-08-31,double7s__ma200__sp10,double7s_signal_D_maPeriod_200_shortPeriod_10,ES,0.0,0.4954645531168545,0
2018-09-04,double7s__ma200__sp10,double7s_signal_D_maPeriod_200_shortPeriod_10,ES,0.0,0.4954645531168545,0
2018-09-05,double7s__ma200__sp10,double7s_signal_D_maPeriod_200_shortPeriod_10,ES,0.0,0.4954645531168545,0
2018-09-06,double7s__ma200__sp10,double7s_signal_D_maPeriod_200_shortPeriod_10,ES,0.0,0.4954645531168545,0
2018-09-07,double7s__ma200__sp10,double7s_signal_D_maPeriod_200_shortPeriod_10,ES,0.0,0.4954645531168545,0
2018-09-10,double7s__ma200__sp10,double7s_signal_D_maPeriod_200_shortPeriod_10,ES,0.0,0.4954645531168545,0
2018-09-11,double7s__ma200__sp10,double7s_signal_D_maPeriod_200_shortPeriod_10,ES,0.0,0.4954645531168545,0
2018-09-12,double7s__ma200__sp10,double7s_signal_D_maPeriod_200_shortPeriod_10,ES,0.0,0.4954645531168545,0
2018-09-13,double7s__ma200__sp10,double7s_signal_D_maPeriod_200_shortPeriod_10,ES,0.0,0.4954645531168545,0
2018-09-14,double7s__ma200__sp10,double7s_signal_D_maPeriod_200_shortPeriod_10,ES,0.0,0.4954645531168545,0
2018-09-17,double7s__ma200__sp10,double7s_signal_D_maPeriod_200_shortPeriod_10,ES,0.0,0.4954645531168545,0
2018-09-18,double7s__ma200__sp10,double7s_signal_D_maPeriod_200_shortPeriod_10,ES,0.0,0.4954645531168545,0
2018-09-19,double7s__ma200__sp10,double7s_signal_D_maPeriod_200_shortPeriod_10,ES,0.0,0.4954645531168545,0
2018-09-20,double7s__ma200__sp10,double7s_signal_D_maPeriod_200_shortPeriod_10,ES,0.0,0.4954645531168545,0
2018-09-21,double7s__ma200__sp10,double7s_signal_D_maPeriod_200_shortPeriod_10,ES,0.0,0.4954645531168545,0
2018-09-24,double7s__ma200__sp10,double7s_signal_D_maPeriod_200_shortPeriod_10,ES,0.0,0.4954645531168545,0
2018-09-25,double7s__ma200__sp10,double7s_signal_D_maPeriod_200_shortPeriod_10,ES,0.0,0.4954645531168545,0
2018-09-26,double7s__ma200__sp10,double7s_signal_D_maPeriod_200_shortPeriod_10,ES,0.0,0.4954645531168545,0
2018-09-27,double7s__ma200__sp10,double7s_signal_D_maPeriod_200_shortPeriod_10,ES,0.0,0.4954645531168545,0
2018-09-28,double7s__ma200__sp10,double7s_signal_D_maPeriod_200_shortPeriod_10,ES,0.0,0.4954645531168545,0
2018-10-01,double7s__ma200__sp10,double7s_signal_D_maPeriod_200_shortPeriod_10,ES,0.0,0.4954645531168545,0
2018-10-02,double7s__ma200__sp10,double7s_signal_D_maPeriod_200_shortPeriod_10,ES,0.0,0.4954645531168545,0
2018-10-03,double7s__ma200__sp10,double7s_signal_D_maPeriod_200_shortPeriod_10,ES,0.0,0.4954645531168545,0
2018-10-04,double7s__ma200__sp10,double7s_signal_D_maPeriod_200_shortPeriod_10,ES,0.0,0.4954645531168545,0
2018-10-05,double7s__ma200__sp10,double7s_signal_D_maPeriod_200_shortPeriod_10,ES,-0.003326614108137608,0.4921379390087169,0
2018-10-08,double7s__ma200__sp10,double7s_signal_D_maPeriod_200_shortPeriod_10,ES,-0.0010209172487068933,0.49111702176001,0
2018-10-09,double7s__ma200__sp10,double7s_signal_D_maPeriod_200_shortPeriod_10,ES,-0.001247724255567499,0.48986929750444247,0
2018-10-10,double7s__ma200__sp10,double7s_signal_D_maPeriod_200_shortPeriod_10,ES,-0.03351747358643061,0.4563518239180119,0
2018-10-11,double7s__ma200__sp10,double7s_signal_D_maPeriod_200_shortPeriod_10,ES,-0.0020263957241118363,0.45432542819390004,0
2018-10-12,double7s__ma200__sp10,double7s_signal_D_maPeriod_200_shortPeriod_10,ES,0.0027161733393343945,0.4570416015332344,0
2018-10-15,double7s__ma200__sp10,double7s_signal_D_maPeriod_200_shortPeriod_10,ES,-0.004224167262726071,0.45281743427050836,0
2018-10-16,double7s__ma200__sp10,double7s_signal_D_maPeriod_200_shortPeriod_10,ES,0.016115193759328513,0.4689326280298369,0
2018-10-17,double7s__ma200__sp10,double7s_signal_D_maPeriod_200_shortPeriod_10,ES,0.0,0.4689326280298369,0
2018-10-18,double7s__ma200__sp10,double7s_signal_D_maPeriod_200_shortPeriod_10,ES,-0.010498738797916858,0.45843388923192,0
2018-10-19,double7s__ma200__sp10,double7s_signal_D_maPeriod_200_shortPeriod_10,ES,-0.0009830981742353238,0.4574507910576847,0
2018-10-22,double7s__ma200__sp10,double7s_signal_D_maPeriod_200_shortPeriod_10,ES,-0.0004691095982656811,0.45698168145941903,0
2018-10-23,double7s__ma200__sp10,double7s_signal_D_maPeriod_200_shortPeriod_10,ES,-0.0030255985111613845,0.4539560829482576,0
2018-10-24,double7s__ma200__sp10,double7s_signal_D_maPeriod_200_shortPeriod_10,ES,-0.02664974312440902,0.4273063398238486,0
2018-10-25,double7s__ma200__sp10,double7s_signal_D_maPeriod_200_shortPeriod_10,ES,0.0011883110072651553,0.4284946508311137,0
2018-10-26,double7s__ma200__sp10,double7s_signal_D_maPeriod_200_shortPeriod_10,ES,-0.0014956080464360554,0.42699904278467765,0
2018-10-29,double7s__ma200__sp10,double7s_signal_D_maPeriod_200_shortPeriod_10,ES,-0.005551005165822392,0.42144803761885524,0
2018-10-30,double7s__ma200__sp10,double7s_signal_D_maPeriod_200_shortPeriod_10,ES,0.009131140737183682,0.4305791783560389,0
2018-10-31,double7s__ma200__sp10,double7s_signal_D_maPeriod_200_shortPeriod_10,ES,0.002817869642781053,0.43339704799882,0
2018-11-01,double7s__ma200__sp10,double7s_signal_D_maPeriod_200_shortPeriod_10,ES,0.006051285045195776,0.43944833304401576,0
2018-11-02,double7s__ma200__sp10,double7s_signal_D_maPeriod_200_shortPeriod_10,ES,4.869612187543743e-05,0.4394970291658912,0
2018-11-05,double7s__ma200__sp10,double7s_signal_D_maPeriod_200_shortPeriod_10,ES,0.004834672591071881,0.44433170175696307,0
2018-11-06,double7s__ma200__sp10,double7s_signal_D_maPeriod_200_shortPeriod_10,ES,0.005588620800872457,0.44992032255783554,0
2018-11-07,double7s__ma200__sp10,double7s_signal_D_maPeriod_200_shortPeriod_10,ES,0.0,0.44992032255783554,0
2018-11-08,double7s__ma200__sp10,double7s_signal_D_maPeriod_200_shortPeriod_10,ES,0.0,0.44992032255783554,0
2018-11-09,double7s__ma200__sp10,double7s_signal_D_maPeriod_200_shortPeriod_10,ES,0.0,0.44992032255783554,0
2018-11-12,double7s__ma200__sp10,double7s_signal_D_maPeriod_200_shortPeriod_10,ES,0.0,0.44992032255783554,0
2018-11-13,double7s__ma200__sp10,double7s_signal_D_maPeriod_200_shortPeriod_10,ES,0.0,0.44992032255783554,0
2018-11-14,double7s__ma200__sp10,double7s_signal_D_maPeriod_200_shortPeriod_10,ES,0.0,0.44992032255783554,0
2018-11-15,double7s__ma200__sp10,double7s_signal_D_maPeriod_200_shortPeriod_10,ES,0.0,0.44992032255783554,0
2018-11-16,double7s__ma200__sp10,double7s_signal_D_maPeriod_200_shortPeriod_10,ES,0.0,0.44992032255783554,0
2018-11-19,double7s__ma200__sp10,double7s_signal_D_maPeriod_200_shortPeriod_10,ES,0.0,0.44992032255783554,0
2018-11-20,double7s__ma200__sp10,double7s_signal_D_maPeriod_200_shortPeriod_10,ES,0.0,0.44992032255783554,0
2018-11-21,double7s__ma200__sp10,double7s_signal_D_maPeriod_200_shortPeriod_10,ES,0.0,0.44992032255783554,0
2018-11-23,double7s__ma200__sp10,double7s_signal_D_maPeriod_200_shortPeriod_10,ES,0.0,0.44992032255783554,0
2018-11-26,double7s__ma200__sp10,double7s_signal_D_maPeriod_200_shortPeriod_10,ES,0.0,0.44992032255783554,0
2018-11-27,double7s__ma200__sp10,double7s_signal_D_maPeriod_200_shortPeriod_10,ES,0.0,0.44992032255783554,0
2018-11-28,double7s__ma200__sp10,double7s_signal_D_maPeriod_200_shortPeriod_10,ES,0.0,0.44992032255783554,0
2018-11-29,double7s__ma200__sp10,double7s_signal_D_maPeriod_200_shortPeriod_10,ES,0.0,0.44992032255783554,0
2018-11-30,double7s__ma200__sp10,double7s_signal_D_maPeriod_200_shortPeriod_10,ES,0.0,0.44992032255783554,0
2018-12-03,double7s__ma200__sp10,double7s_signal_D_maPeriod_200_shortPeriod_10,ES,0.0,0.44992032255783554,0
2018-12-04,double7s__ma200__sp10,double7s_signal_D_maPeriod_200_shortPeriod_10,ES,0.0,0.44992032255783554,0
2018-12-06,double7s__ma200__sp10,double7s_signal_D_maPeriod_200_shortPeriod_10,ES,0.0,0.44992032255783554,0
2018-12-07,double7s__ma200__sp10,double7s_signal_D_maPeriod_200_shortPeriod_10,ES,0.0,0.44992032255783554,0
2018-12-10,double7s__ma200__sp10,double7s_signal_D_maPeriod_200_shortPeriod_10,ES,0.0,0.44992032255783554,0
2018-12-11,double7s__ma200__sp10,double7s_signal_D_maPeriod_200_shortPeriod_10,ES,0.0,0.44992032255783554,0
2018-12-12,double7s__ma200__sp10,double7s_signal_D_maPeriod_200_shortPeriod_10,ES,0.0,0.44992032255783554,0
2018-12-13,double7s__ma200__sp10,double7s_signal_D_maPeriod_200_shortPeriod_10,ES,0.0,0.44992032255783554,0
2018-12-14,double7s__ma200__sp10,double7s_signal_D_maPeriod_200_shortPeriod_10,ES,0.0,0.44992032255783554,0
2018-12-17,double7s__ma200__sp10,double7s_signal_D_maPeriod_200_shortPeriod_10,ES,0.0,0.44992032255783554,0
2018-12-18,double7s__ma200__sp10,double7s_signal_D_maPeriod_200_shortPeriod_10,ES,0.0,0.44992032255783554,0
2018-12-19,double7s__ma200__sp10,double7s_signal_D_maPeriod_200_shortPeriod_10,ES,0.0,0.44992032255783554,0
2018-12-20,double7s__ma200__sp10,double7s_signal_D_maPeriod_200_shortPeriod_10,ES,0.0,0.44992032255783554,0
2018-12-21,double7s__ma200__sp10,double7s_signal_D_maPeriod_200_shortPeriod_10,ES,0.0,0.44992032255783554,0
2018-12-24,double7s__ma200__sp10,double7s_signal_D_maPeriod_200_shortPeriod_10,ES,0.0,0.44992032255783554,0
2018-12-26,double7s__ma200__sp10,double7s_signal_D_maPeriod_200_shortPeriod_10,ES,0.0,0.44992032255783554,0
2018-12-27,double7s__ma200__sp10,double7s_signal_D_maPeriod_200_shortPeriod_10,ES,0.0,0.44992032255783554,0
2018-12-28,double7s__ma200__sp10,double7s_signal_D_maPeriod_200_shortPeriod_10,ES,0.0,0.44992032255783554,0
2008-08-07,double7s__ma200__sp10,double7s_signal_D_maPeriod_200_shortPeriod_10,NQ,0.0,0.0,0
2008-08-08,double7s__ma200__sp10,double7s_signal_D_maPeriod_200_shortPeriod_10,NQ,0.0,0.0,0
2008-08-11,double7s__ma200__sp10,double7s_signal_D_maPeriod_200_shortPeriod_10,NQ,0.0,0.0,0
2008-08-12,double7s__ma200__sp10,double7s_signal_D_maPeriod_200_shortPeriod_10,NQ,0.0,0.0,0
2008-08-13,double7s__ma200__sp10,double7s_signal_D_maPeriod_200_shortPeriod_10,NQ,0.0,0.0,0
2008-08-14,double7s__ma200__sp10,double7s_signal_D_maPeriod_200_shortPeriod_10,NQ,0.0,0.0,0
2008-08-15,double7s__ma200__sp10,double7s_signal_D_maPeriod_200_shortPeriod_10,NQ,0.0,0.0,0
2008-08-18,double7s__ma200__sp10,double7s_signal_D_maPeriod_200_shortPeriod_10,NQ,0.0,0.0,0
2008-08-19,double7s__ma200__sp10,double7s_signal_D_maPeriod_200_shortPeriod_10,NQ,0.0,0.0,0
2008-08-20,double7s__ma200__sp10,double7s_signal_D_maPeriod_200_shortPeriod_10,NQ,0.0,0.0,0
2008-08-21,double7s__ma200__sp10,double7s_signal_D_maPeriod_200_shortPeriod_10,NQ,0.0,0.0,0
2008-08-22,double7s__ma200__sp10,double7s_signal_D_maPeriod_200_shortPeriod_10,NQ,0.0,0.0,0
2008-08-25,double7s__ma200__sp10,double7s_signal_D_maPeriod_200_shortPeriod_10,NQ,0.0,0.0,0
2008-08-26,double7s__ma200__sp10,double7s_signal_D_maPeriod_200_shortPeriod_10,NQ,0.0,0.0,0
2008-08-27,double7s__ma200__sp10,double7s_signal_D_maPeriod_200_shortPeriod_10,NQ,0.0,0.0,0
2008-08-28,double7s__ma200__sp10,double7s_signal_D_maPeriod_200_shortPeriod_10,NQ,0.0,0.0,0
2008-08-29,double7s__ma200__sp10,double7s_signal_D_maPeriod_200_shortPeriod_10,NQ,0.0,0.0,0
2008-09-02,double7s__ma200__sp10,double7s_signal_D_maPeriod_200_shortPeriod_10,NQ,0.0,0.0,0
2008-09-03,double7s__ma200__sp10,double7s_signal_D_maPeriod_200_shortPeriod_10,NQ,0.0,0.0,0
2008-09-04,double7s__ma200__sp10,double7s_signal_D_maPeriod_200_shortPeriod_10,NQ,0.0,0.0,0
2008-09-05,double7s__ma200__sp10,double7s_signal_D_maPeriod_200_shortPeriod_10,NQ,0.0,0.0,0
2008-09-08,double7s__ma200__sp10,double7s_signal_D_maPeriod_200_shortPeriod_10,NQ,0.0,0.0,0
2008-09-09,double7s__ma200__sp10,double7s_signal_D_maPeriod_200_shortPeriod_10,NQ,0.0,0.0,0
2008-09-10,double7s__ma200__sp10,double7s_signal_D_maPeriod_200_shortPeriod_10,NQ,0.0,0.0,0
2008-09-11,double7s__ma200__sp10,double7s_signal_D_maPeriod_200_shortPeriod_10,NQ,0.0,0.0,0
2008-09-12,double7s__ma200__sp10,double7s_signal_D_maPeriod_200_shortPeriod_10,NQ,0.0,0.0,0
2008-09-15,double7s__ma200__sp10,double7s_signal_D_maPeriod_200_shortPeriod_10,NQ,0.0,0.0,0
2008-09-16,double7s__ma200__sp10,double7s_signal_D_maPeriod_200_shortPeriod_10,NQ,0.0,0.0,0
2008-09-17,double7s__ma200__sp10,double7s_signal_D_maPeriod_200_shortPeriod_10,NQ,0.0,0.0,0
2008-09-18,double7s__ma200__sp10,double7s_signal_D_maPeriod_200_shortPeriod_10,NQ,0.0,0.0,0
2008-09-19,double7s__ma200__sp10,double7s_signal_D_maPeriod_200_shortPeriod_10,NQ,0.0,0.0,0
2008-09-22,double7s__ma200__sp10,double7s_signal_D_maPeriod_200_shortPeriod_10,NQ,0.0,0.0,0
2008-09-23,double7s__ma200__sp10,double7s_signal_D_maPeriod_200_shortPeriod_10,NQ,0.0,0.0,0
2008-09-24,double7s__ma200__sp10,double7s_signal_D_maPeriod_200_shortPeriod_10,NQ,0.0,0.0,0
2008-09-25,double7s__ma200__sp10,double7s_signal_D_maPeriod_200_shortPeriod_10,NQ,0.0,0.0,0
2008-09-26,double7s__ma200__sp10,double7s_signal_D_maPeriod_200_shortPeriod_10,NQ,0.0,0.0,0
2008-09-29,double7s__ma200__sp10,double7s_signal_D_maPeriod_200_shortPeriod_10,NQ,0.0,0.0,0
2008-09-30,double7s__ma200__sp10,double7s_signal_D_maPeriod_200_shortPeriod_10,NQ,0.0,0.0,0
2008-10-01,double7s__ma200__sp10,double7s_signal_D_maPeriod_200_shortPeriod_10,NQ,0.0,0.0,0
2008-10-02,double7s__ma200__sp10,double7s_signal_D_maPeriod_200_shortPeriod_10,NQ,0.0,0.0,0
2008-10-03,double7s__ma200__sp10,double7s_signal_D_maPeriod_200_shortPeriod_10,NQ,0.0,0.0,0
2008-10-06,double7s__ma200__sp10,double7s_signal_D_maPeriod_200_shortPeriod_10,NQ,0.0,0.0,0
2008-10-07,double7s__ma200__sp10,double7s_signal_D_maPeriod_200_shortPeriod_10,NQ,0.0,0.0,0
2008-10-08,double7s__ma200__sp10,double7s_signal_D_maPeriod_200_shortPeriod_10,NQ,0.0,0.0,0
2008-10-09,double7s__ma200__sp10,double7s_signal_D_maPeriod_200_shortPeriod_10,NQ,0.0,0.0,0
2008-10-10,double7s__ma200__sp10,double7s_signal_D_maPeriod_200_shortPeriod_10,NQ,0.0,0.0,0
2008-10-13,double7s__ma200__sp10,double7s_signal_D_maPeriod_200_shortPeriod_10,NQ,0.0,0.0,0
2008-10-14,double7s__ma200__sp10,double7s_signal_D_maPeriod_200_shortPeriod_10,NQ,0.0,0.0,0
2008-10-15,double7s__ma200__sp10,double7s_signal_D_maPeriod_200_shortPeriod_10,NQ,0.0,0.0,0
2008-10-16,double7s__ma200__sp10,double7s_signal_D_maPeriod_200_shortPeriod_10,NQ,0.0,0.0,0
2008-10-17,double7s__ma200__sp10,double7s_signal_D_maPeriod_200_shortPeriod_10,NQ,0.0,0.0,0
2008-10-20,double7s__ma200__sp10,double7s_signal_D_maPeriod_200_shortPeriod_10,NQ,0.0,0.0,0
2008-10-21,double7s__ma200__sp10,double7s_signal_D_maPeriod_200_shortPeriod_10,NQ,0.0,0.0,0
2008-10-22,double7s__ma200__sp10,double7s_signal_D_maPeriod_200_shortPeriod_10,NQ,0.0,0.0,0
2008-10-23,double7s__ma200__sp10,double7s_signal_D_maPeriod_200_shortPeriod_10,NQ,0.0,0.0,0
2008-10-24,double7s__ma200__sp10,double7s_signal_D_maPeriod_200_shortPeriod_10,NQ,0.0,0.0,0
2008-10-27,double7s__ma200__sp10,double7s_signal_D_maPeriod_200_shortPeriod_10,NQ,0.0,0.0,0
2008-10-28,double7s__ma200__sp10,double7s_signal_D_maPeriod_200_shortPeriod_10,NQ,0.0,0.0,0
2008-10-29,double7s__ma200__sp10,double7s_signal_D_maPeriod_200_shortPeriod_10,NQ,0.0,0.0,0
2008-10-30,double7s__ma200__sp10,double7s_signal_D_maPeriod_200_shortPeriod_10,NQ,0.0,0.0,0
2008-10-31,double7s__ma200__sp10,double7s_signal_D_maPeriod_200_shortPeriod_10,NQ,0.0,0.0,0
2008-11-03,double7s__ma200__sp10,double7s_signal_D_maPeriod_200_shortPeriod_10,NQ,0.0,0.0,0
2008-11-04,double7s__ma200__sp10,double7s_signal_D_maPeriod_200_shortPeriod_10,NQ,0.0,0.0,0
2008-11-05,double7s__ma200__sp10,double7s_signal_D_maPeriod_200_shortPeriod_10,NQ,0.0,0.0,0
2008-11-06,double7s__ma200__sp10,double7s_signal_D_maPeriod_200_shortPeriod_10,NQ,0.0,0.0,0
2008-11-07,double7s__ma200__sp10,double7s_signal_D_maPeriod_200_shortPeriod_10,NQ,0.0,0.0,0
2008-11-10,double7s__ma200__sp10,double7s_signal_D_maPeriod_200_shortPeriod_10,NQ,0.0,0.0,0
2008-11-11,double7s__ma200__sp10,double7s_signal_D_maPeriod_200_shortPeriod_10,NQ,0.0,0.0,0
2008-11-12,double7s__ma200__sp10,double7s_signal_D_maPeriod_200_shortPeriod_10,NQ,0.0,0.0,0
2008-11-13,double7s__ma200__sp10,double7s_signal_D_maPeriod_200_shortPeriod_10,NQ,0.0,0.0,0
2008-11-14,double7s__ma200__sp10,double7s_signal_D_maPeriod_200_shortPeriod_10,NQ,0.0,0.0,0
2008-11-17,double7s__ma200__sp10,double7s_signal_D_maPeriod_200_shortPeriod_10,NQ,0.0,0.0,0
2008-11-18,double7s__ma200__sp10,double7s_signal_D_maPeriod_200_shortPeriod_10,NQ,0.0,0.0,0
2008-11-19,double7s__ma200__sp10,double7s_signal_D_maPeriod_200_shortPeriod_10,NQ,0.0,0.0,0
2008-11-20,double7s__ma200__sp10,double7s_signal_D_maPeriod_200_shortPeriod_10,NQ,0.0,0.0,0
2008-11-21,double7s__ma200__sp10,double7s_signal_D_maPeriod_200_shortPeriod_10,NQ,0.0,0.0,0
2008-11-24,double7s__ma200__sp10,double7s_signal_D_maPeriod_200_shortPeriod_10,NQ,0.0,0.0,0
2008-11-25,double7s__ma200__sp10,double7s_signal_D_maPeriod_200_shortPeriod_10,NQ,0.0,0.0,0
2008-11-26,double7s__ma200__sp10,double7s_signal_D_maPeriod_200_shortPeriod_10,NQ,0.0,0.0,0
2008-11-28,double7s__ma200__sp10,double7s_signal_D_maPeriod_200_shortPeriod_10,NQ,0.0,0.0,0
2008-12-01,double7s__ma200__sp10,double7s_signal_D_maPeriod_200_shortPeriod_10,NQ,0.0,0.0,0
2008-12-02,double7s__ma200__sp10,double7s_signal_D_maPeriod_200_shortPeriod_10,NQ,0.0,0.0,0
2008-12-03,double7s__ma200__sp10,double7s_signal_D_maPeriod_200_shortPeriod_10,NQ,0.0,0.0,0
2008-12-04,double7s__ma200__sp10,double7s_signal_D_maPeriod_200_shortPeriod_10,NQ,0.0,0.0,0
2008-12-05,double7s__ma200__sp10,double7s_signal_D_maPeriod_200_shortPeriod_10,NQ,0.0,0.0,0
2008-12-08,double7s__ma200__sp10,double7s_signal_D_maPeriod_200_shortPeriod_10,NQ,0.0,0.0,0
2008-12-09,double7s__ma200__sp10,double7s_signal_D_maPeriod_200_shortPeriod_10,NQ,0.0,0.0,0
2008-12-10,double7s__ma200__sp10,double7s_signal_D_maPeriod_200_shortPeriod_10,NQ,0.0,0.0,0
2008-12-11,double7s__ma200__sp10,double7s_signal_D_maPeriod_200_shortPeriod_10,NQ,0.0,0.0,0
2008-12-12,double7s__ma200__sp10,double7s_signal_D_maPeriod_200_shortPeriod_10,NQ,0.0,0.0,0
2008-12-15,double7s__ma200__sp10,double7s_signal_D_maPeriod_200_shortPeriod_10,NQ,0.0,0.0,0
2008-12-16,double7s__ma200__sp10,double7s_signal_D_maPeriod_200_shortPeriod_10,NQ,0.0,0.0,0
2008-12-17,double7s__ma200__sp10,double7s_signal_D_maPeriod_200_shortPeriod_10,NQ,0.0,0.0,0
2008-12-18,double7s__ma200__sp10,double7s_signal_D_maPeriod_200_shortPeriod_10,NQ,0.0,0.0,0
2008-12-19,double7s__ma200__sp10,double7s_signal_D_maPeriod_200_shortPeriod_10,NQ,0.0,0.0,0
2008-12-22,double7s__ma200__sp10,double7s_signal_D_maPeriod_200_shortPeriod_10,NQ,0.0,0.0,0
2008-12-23,double7s__ma200__sp10,double7s_signal_D_maPeriod_200_shortPeriod_10,NQ,0.0,0.0,0
2008-12-24,double7s__ma200__sp10,double7s_signal_D_maPeriod_200_shortPeriod_10,NQ,0.0,0.0,0
2008-12-26,double7s__ma200__sp10,double7s_signal_D_maPeriod_200_shortPeriod_10,NQ,0.0,0.0,0
2008-12-29,double7s__ma200__sp10,double7s_signal_D_maPeriod_200_shortPeriod_10,NQ,0.0,0.0,0
2008-12-30,double7s__ma200__sp10,double7s_signal_D_maPeriod_200_shortPeriod_10,NQ,0.0,0.0,0
2008-12-31,double7s__ma200__sp10,double7s_signal_D_maPeriod_200_shortPeriod_10,NQ,0.0,0.0,0
2009-01-02,double7s__ma200__sp10,double7s_signal_D_maPeriod_200_shortPeriod_10,NQ,0.0,0.0,0
2009-01-05,double7s__ma200__sp10,double7s_signal_D_maPeriod_200_shortPeriod_10,NQ,0.0,0.0,0
2009-01-06,double7s__ma200__sp10,double7s_signal_D_maPeriod_200_shortPeriod_10,NQ,0.0,0.0,0
2009-01-07,double7s__ma200__sp10,double7s_signal_D_maPeriod_200_shortPeriod_10,NQ,0.0,0.0,0
2009-01-08,double7s__ma200__sp10,double7s_signal_D_maPeriod_200_shortPeriod_10,NQ,0.0,0.0,0
2009-01-09,double7s__ma200__sp10,double7s_signal_D_maPeriod_200_shortPeriod_10,NQ,0.0,0.0,0
2009-01-12,double7s__ma200__sp10,double7s_signal_D_maPeriod_200_shortPeriod_10,NQ,0.0,0.0,0
2009-01-13,double7s__ma200__sp10,double7s_signal_D_maPeriod_200_shortPeriod_10,NQ,0.0,0.0,0
2009-01-14,double7s__ma200__sp10,double7s_signal_D_maPeriod_200_shortPeriod_10,NQ,0.0,0.0,0
2009-01-15,double7s__ma200__sp10,double7s_signal_D_maPeriod_200_shortPeriod_10,NQ,0.0,0.0,0
2009-01-16,double7s__ma200__sp10,double7s_signal_D_maPeriod_200_shortPeriod_10,NQ,0.0,0.0,0
2009-01-20,double7s__ma200__sp10,double7s_signal_D_maPeriod_200_shortPeriod_10,NQ,0.0,0.0,0
2009-01-21,double7s__ma200__sp10,double7s_signal_D_maPeriod_200_shortPeriod_10,NQ,0.0,0.0,0
2009-01-22,double7s__ma200__sp10,double7s_signal_D_maPeriod_200_shortPeriod_10,NQ,0.0,0.0,0
2009-01-23,double7s__ma200__sp10,double7s_signal_D_maPeriod_200_shortPeriod_10,NQ,0.0,0.0,0
2009-01-26,double7s__ma200__sp10,double7s_signal_D_maPeriod_200_shortPeriod_10,NQ,0.0,0.0,0
2009-01-27,double7s__ma200__sp10,double7s_signal_D_maPeriod_200_shortPeriod_10,NQ,0.0,0.0,0
2009-01-28,double7s__ma200__sp10,double7s_signal_D_maPeriod_200_shortPeriod_10,NQ,0.0,0.0,0
2009-01-29,double7s__ma200__sp10,double7s_signal_D_maPeriod_200_shortPeriod_10,NQ,0.0,0.0,0
2009-01-30,double7s__ma200__sp10,double7s_signal_D_maPeriod_200_shortPeriod_10,NQ,0.0,0.0,0
2009-02-02,double7s__ma200__sp10,double7s_signal_D_maPeriod_200_shortPeriod_10,NQ,0.0,0.0,0
2009-02-03,double7s__ma200__sp10,double7s_signal_D_maPeriod_200_shortPeriod_10,NQ,0.0,0.0,0
2009-02-04,double7s__ma200__sp10,double7s_signal_D_maPeriod_200_shortPeriod_10,NQ,0.0,0.0,0
2009-02-05,double7s__ma200__sp10,double7s_signal_D_maPeriod_200_shortPeriod_10,NQ,0.0,0.0,0
2009-02-06,double7s__ma200__sp10,double7s_signal_D_maPeriod_200_shortPeriod_10,NQ,0.0,0.0,0
2009-02-09,double7s__ma200__sp10,double7s_signal_D_maPeriod_200_shortPeriod_10,NQ,0.0,0.0,0
2009-02-10,double7s__ma200__sp10,double7s_signal_D_maPeriod_200_shortPeriod_10,NQ,0.0,0.0,0
2009-02-11,double7s__ma200__sp10,double7s_signal_D_maPeriod_200_shortPeriod_10,NQ,0.0,0.0,0
2009-02-12,double7s__ma200__sp10,double7s_signal_D_maPeriod_200_shortPeriod_10,NQ,0.0,0.0,0
2009-02-13,double7s__ma200__sp10,double7s_signal_D_maPeriod_200_shortPeriod_10,NQ,0.0,0.0,0
2009-02-17,double7s__ma200__sp10,double7s_signal_D_maPeriod_200_shortPeriod_10,NQ,0.0,0.0,0
2009-02-18,double7s__ma200__sp10,double7s_signal_D_maPeriod_200_shortPeriod_10,NQ,0.0,0.0,0
2009-02-19,double7s__ma200__sp10,double7s_signal_D_maPeriod_200_shortPeriod_10,NQ,0.0,0.0,0
2009-02-20,double7s__ma200__sp10,double7s_signal_D_maPeriod_200_shortPeriod_10,NQ,0.0,0.0,0
2009-02-23,double7s__ma200__sp10,double7s_signal_D_maPeriod_200_shortPeriod_10,NQ,0.0,0.0,0
2009-02-24,double7s__ma200__sp10,double7s_signal_D_maPeriod_200_shortPeriod_10,NQ,0.0,0.0,0
2009-02-25,double7s__ma200__sp10,double7s_signal_D_maPeriod_200_shortPeriod_10,NQ,0.0,0.0,0
2009-02-26,double7s__ma200__sp10,double7s_signal_D_maPeriod_200_shortPeriod_10,NQ,0.0,0.0,0
2009-02-27,double7s__ma200__sp10,double7s_signal_D_maPeriod_200_shortPeriod_10,NQ,0.0,0.0,0
2009-03-02,double7s__ma200__sp10,double7s_signal_D_maPeriod_200_shortPeriod_10,NQ,0.0,0.0,0
2009-03-03,double7s__ma200__sp10,double7s_signal_D_maPeriod_200_shortPeriod_10,NQ,0.0,0.0,0
2009-03-04,double7s__ma200__sp10,double7s_signal_D_maPeriod_200_shortPeriod_10,NQ,0.0,0.0,0
2009-03-05,double7s__ma200__sp10,double7s_signal_D_maPeriod_200_shortPeriod_10,NQ,0.0,0.0,0
2009-03-06,double7s__ma200__sp10,double7s_signal_D_maPeriod_200_shortPeriod_10,NQ,0.0,0.0,0
2009-03-09,double7s__ma200__sp10,double7s_signal_D_maPeriod_200_shortPeriod_10,NQ,0.0,0.0,0
2009-03-10,double7s__ma200__sp10,double7s_signal_D_maPeriod_200_shortPeriod_10,NQ,0.0,0.0,0
2009-03-11,double7s__ma200__sp10,double7s_signal_D_maPeriod_200_shortPeriod_10,NQ,0.0,0.0,0
2009-03-12,double7s__ma200__sp10,double7s_signal_D_maPeriod_200_shortPeriod_10,NQ,0.0,0.0,0
2009-03-13,double7s__ma200__sp10,double7s_signal_D_maPeriod_200_shortPeriod_10,NQ,0.0,0.0,0
2009-03-16,double7s__ma200__sp10,double7s_signal_D_maPeriod_200_shortPeriod_10,NQ,0.0,0.0,0
2009-03-17,double7s__ma200__sp10,double7s_signal_D_maPeriod_200_shortPeriod_10,NQ,0.0,0.0,0
2009-03-18,double7s__ma200__sp10,double7s_signal_D_maPeriod_200_shortPeriod_10,NQ,0.0,0.0,0
2009-03-19,double7s__ma200__sp10,double7s_signal_D_maPeriod_200_shortPeriod_10,NQ,0.0,0.0,0
2009-03-20,double7s__ma200__sp10,double7s_signal_D_maPeriod_200_shortPeriod_10,NQ,0.0,0.0,0
2009-03-23,double7s__ma200__sp10,double7s_signal_D_maPeriod_200_shortPeriod_10,NQ,0.0,0.0,0
2009-03-24,double7s__ma200__sp10,double7s_signal_D_maPeriod_200_shortPeriod_10,NQ,0.0,0.0,0
2009-03-25,double7s__ma200__sp10,double7s_signal_D_maPeriod_200_shortPeriod_10,NQ,0.0,0.0,0
2009-03-26,double7s__ma200__sp10,double7s_signal_D_maPeriod_200_shortPeriod_10,NQ,0.0,0.0,0
2009-03-27,double7s__ma200__sp10,double7s_signal_D_maPeriod_200_shortPeriod_10,NQ,0.0,0.0,0
2009-03-30,double7s__ma200__sp10,double7s_signal_D_maPeriod_200_shortPeriod_10,NQ,0.0,0.0,0
2009-03-31,double7s__ma200__sp10,double7s_signal_D_maPeriod_200_shortPeriod_10,NQ,0.0,0.0,0
2009-04-01,double7s__ma200__sp10,double7s_signal_D_maPeriod_200_shortPeriod_10,NQ,0.0,0.0,0
2009-04-02,double7s__ma200__sp10,double7s_signal_D_maPeriod_200_shortPeriod_10,NQ,0.0,0.0,0
2009-04-03,double7s__ma200__sp10,double7s_signal_D_maPeriod_200_shortPeriod_10,NQ,0.0,0.0,0
2009-04-06,double7s__ma200__sp10,double7s_signal_D_maPeriod_200_shortPeriod_10,NQ,0.0,0.0,0
2009-04-07,double7s__ma200__sp10,double7s_signal_D_maPeriod_200_shortPeriod_10,NQ,0.0,0.0,0
2009-04-08,double7s__ma200__sp10,double7s_signal_D_maPeriod_200_shortPeriod_10,NQ,0.0,0.0,0
2009-04-09,double7s__ma200__sp10,double7s_signal_D_maPeriod_200_shortPeriod_10,NQ,0.0,0.0,0
2009-04-13,double7s__ma200__sp10,double7s_signal_D_maPeriod_200_shortPeriod_10,NQ,0.0,0.0,0
2009-04-14,double7s__ma200__sp10,double7s_signal_D_maPeriod_200_shortPeriod_10,NQ,0.0,0.0,0
2009-04-15,double7s__ma200__sp10,double7s_signal_D_maPeriod_200_shortPeriod_10,NQ,0.0,0.0,0
2009-04-16,double7s__ma200__sp10,double7s_signal_D_maPeriod_200_shortPeriod_10,NQ,0.0,0.0,0
2009-04-17,double7s__ma200__sp10,double7s_signal_D_maPeriod_200_shortPeriod_10,NQ,0.0,0.0,0
2009-04-20,double7s__ma200__sp10,double7s_signal_D_maPeriod_200_shortPeriod_10,NQ,0.0,0.0,0
2009-04-21,double7s__ma200__sp10,double7s_signal_D_maPeriod_200_shortPeriod_10,NQ,0.0,0.0,0
2009-04-22,double7s__ma200__sp10,double7s_signal_D_maPeriod_200_shortPeriod_10,NQ,0.0,0.0,0
2009-04-23,double7s__ma200__sp10,double7s_signal_D_maPeriod_200_shortPeriod_10,NQ,0.0,0.0,0
2009-04-24,double7s__ma200__sp10,double7s_signal_D_maPeriod_200_shortPeriod_10,NQ,0.0,0.0,0
2009-04-27,double7s__ma200__sp10,double7s_signal_D_maPeriod_200_shortPeriod_10,NQ,0.0,0.0,0
2009-04-28,double7s__ma200__sp10,double7s_signal_D_maPeriod_200_shortPeriod_10,NQ,0.0,0.0,0
2009-04-29,double7s__ma200__sp10,double7s_signal_D_maPeriod_200_shortPeriod_10,NQ,0.0,0.0,0
2009-04-30,double7s__ma200__sp10,double7s_signal_D_maPeriod_200_shortPeriod_10,NQ,0.0,0.0,0
2009-05-01,double7s__ma200__sp10,double7s_signal_D_maPeriod_200_shortPeriod_10,NQ,0.0,0.0,0
2009-05-04,double7s__ma200__sp10,double7s_signal_D_maPeriod_200_shortPeriod_10,NQ,0.0,0.0,0
2009-05-05,double7s__ma200__sp10,double7s_signal_D_maPeriod_200_shortPeriod_10,NQ,0.0,0.0,0
2009-05-06,double7s__ma200__sp10,double7s_signal_D_maPeriod_200_shortPeriod_10,NQ,0.0,0.0,0
2009-05-07,double7s__ma200__sp10,double7s_signal_D_maPeriod_200_shortPeriod_10,NQ,0.0,0.0,0
2009-05-08,double7s__ma200__sp10,double7s_signal_D_maPeriod_200_shortPeriod_10,NQ,0.0,0.0,0
2009-05-11,double7s__ma200__sp10,double7s_signal_D_maPeriod_200_shortPeriod_10,NQ,0.0,0.0,0
2009-05-12,double7s__ma200__sp10,double7s_signal_D_maPeriod_200_shortPeriod_10,NQ,0.0,0.0,0
2009-05-13,double7s__ma200__sp10,double7s_signal_D_maPeriod_200_shortPeriod_10,NQ,0.0,0.0,0
2009-05-14,double7s__ma200__sp10,double7s_signal_D_maPeriod_200_shortPeriod_10,NQ,0.0,0.0,0
2009-05-15,double7s__ma200__sp10,double7s_signal_D_maPeriod_200_shortPeriod_10,NQ,0.0,0.0,0
2009-05-18,double7s__ma200__sp10,double7s_signal_D_maPeriod_200_shortPeriod_10,NQ,0.0,0.0,0
2009-05-19,double7s__ma200__sp10,double7s_signal_D_maPeriod_200_shortPeriod_10,NQ,0.0,0.0,0
2009-05-20,double7s__ma200__sp10,double7s_signal_D_maPeriod_200_shortPeriod_10,NQ,0.0,0.0,0
2009-05-21,double7s__ma200__sp10,double7s_signal_D_maPeriod_200_shortPeriod_10,NQ,0.0,0.0,0
2009-05-22,double7s__ma200__sp10,double7s_signal_D_maPeriod_200_shortPeriod_10,NQ,0.0,0.0,0
2009-05-26,double7s__ma200__sp10,double7s_signal_D_maPeriod_200_shortPeriod_10,NQ,0.0,0.0,0
2009-05-27,double7s__ma200__sp10,double7s_signal_D_maPeriod_200_shortPeriod_10,NQ,0.0,0.0,0
2009-05-28,double7s__ma200__sp10,double7s_signal_D_maPeriod_200_shortPeriod_10,NQ,0.0,0.0,0
2009-05-29,double7s__ma200__sp10,double7s_signal_D_maPeriod_200_shortPeriod_10,NQ,0.0,0.0,0
2009-06-01,double7s__ma200__sp10,double7s_signal_D_maPeriod_200_shortPeriod_10,NQ,0.0,0.0,0
2009-06-02,double7s__ma200__sp10,double7s_signal_D_maPeriod_200_shortPeriod_10,NQ,0.0,0.0,0
2009-06-03,double7s__ma200__sp10,double7s_signal_D_maPeriod_200_shortPeriod_10,NQ,0.0,0.0,0
2009-06-04,double7s__ma200__sp10,double7s_signal_D_maPeriod_200_shortPeriod_10,NQ,0.0,0.0,0
2009-06-05,double7s__ma200__sp10,double7s_signal_D_maPeriod_200_shortPeriod_10,NQ,0.0,0.0,0
2009-06-08,double7s__ma200__sp10,double7s_signal_D_maPeriod_200_shortPeriod_10,NQ,0.0,0.0,0
2009-06-09,double7s__ma200__sp10,double7s_signal_D_maPeriod_200_shortPeriod_10,NQ,0.0,0.0,0
2009-06-10,double7s__ma200__sp10,double7s_signal_D_maPeriod_200_shortPeriod_10,NQ,0.0,0.0,0
2009-06-11,double7s__ma200__sp10,double7s_signal_D_maPeriod_200_shortPeriod_10,NQ,0.0,0.0,0
2009-06-12,double7s__ma200__sp10,double7s_signal_D_maPeriod_200_shortPeriod_10,NQ,0.0,0.0,0
2009-06-15,double7s__ma200__sp10,double7s_signal_D_maPeriod_200_shortPeriod_10,NQ,0.0,0.0,0
2009-06-16,double7s__ma200__sp10,double7s_signal_D_maPeriod_200_shortPeriod_10,NQ,-0.0023415310543520858,-0.0023415310543520858,0
2009-06-17,double7s__ma200__sp10,double7s_signal_D_maPeriod_200_shortPeriod_10,NQ,0.001909758828090896,-0.00043177222626118966,0
2009-06-18,double7s__ma200__sp10,double7s_signal_D_maPeriod_200_shortPeriod_10,NQ,-0.0007389960968932228,-0.0011707683231544125,0
2009-06-19,double7s__ma200__sp10,double7s_signal_D_maPeriod_200_shortPeriod_10,NQ,0.004245131970221883,0.0030743636470674704,0
2009-06-22,double7s__ma200__sp10,double7s_signal_D_maPeriod_200_shortPeriod_10,NQ,-0.008816391703950046,-0.005742028056882575,0
2009-06-23,double7s__ma200__sp10,double7s_signal_D_maPeriod_200_shortPeriod_10,NQ,-0.000551058189959535,-0.00629308624684211,0
2009-06-24,double7s__ma200__sp10,double7s_signal_D_maPeriod_200_shortPeriod_10,NQ,0.005684789498588055,-0.0006082967482540546,0
2009-06-25,double7s__ma200__sp10,double7s_signal_D_maPeriod_200_shortPeriod_10,NQ,0.005147092401851642,0.0045387956535975875,0
2009-06-26,double7s__ma200__sp10,double7s_signal_D_maPeriod_200_shortPeriod_10,NQ,0.0005812671620333284,0.005120062815630916,0
2009-06-29,double7s__ma200__sp10,double7s_signal_D_maPeriod_200_shortPeriod_10,NQ,0.0013465760337096576,0.006466638849340574,0
2009-06-30,double7s__ma200__sp10,double7s_signal_D_maPeriod_200_shortPeriod_10,NQ,0.0,0.006466638849340574,0
2009-07-01,double7s__ma200__sp10,double7s_signal_D_maPeriod_200_shortPeriod_10,NQ,0.0,0.006466638849340574,0
2009-07-02,double7s__ma200__sp10,double7s_signal_D_maPeriod_200_shortPeriod_10,NQ,0.0,0.006466638849340574,0
2009-07-06,double7s__ma200__sp10,double7s_signal_D_maPeriod_200_shortPeriod_10,NQ,0.0,0.006466638849340574,0
2009-07-07,double7s__ma200__sp10,double7s_signal_D_maPeriod_200_shortPeriod_10,NQ,0.0,0.006466638849340574,0
2009-07-08,double7s__ma200__sp10,double7s_signal_D_maPeriod_200_shortPeriod_10,NQ,-0.00019559342630374207,0.0062710454230368315,0
2009-07-09,double7s__ma200__sp10,double7s_signal_D_maPeriod_200_shortPeriod_10,NQ,0.0016156949592476448,0.007886740382284476,0
2009-07-10,double7s__ma200__sp10,double7s_signal_D_maPeriod_200_shortPeriod_10,NQ,0.0005587032443056142,0.008445443626590091,0
2009-07-13,double7s__ma200__sp10,double7s_signal_D_maPeriod_200_shortPeriod_10,NQ,0.005938862616226974,0.014384306242817065,0
2009-07-14,double7s__ma200__sp10,double7s_signal_D_maPeriod_200_shortPeriod_10,NQ,0.0008954754220088402,0.015279781664825905,0
2009-07-15,double7s__ma200__sp10,double7s_signal_D_maPeriod_200_shortPeriod_10,NQ,0.008505852523463283,0.02378563418828919,0
2009-07-16,double7s__ma200__sp10,double7s_signal_D_maPeriod_200_shortPeriod_10,NQ,0.0,0.02378563418828919,0
2009-07-17,double7s__ma200__sp10,double7s_signal_D_maPeriod_200_shortPeriod_10,NQ,0.0,0.02378563418828919,0
2009-07-20,double7s__ma200__sp10,double7s_signal_D_maPeriod_200_shortPeriod_10,NQ,0.0,0.02378563418828919,0
2009-07-21,double7s__ma200__sp10,double7s_signal_D_maPeriod_200_shortPeriod_10,NQ,0.0,0.02378563418828919,0
2009-07-22,double7s__ma200__sp10,double7s_signal_D_maPeriod_200_shortPeriod_10,NQ,0.0,0.02378563418828919,0
2009-07-23,double7s__ma200__sp10,double7s_signal_D_maPeriod_200_shortPeriod_10,NQ,0.0,0.02378563418828919,0
2009-07-24,double7s__ma200__sp10,double7s_signal_D_maPeriod_200_shortPeriod_10,NQ,0.0,0.02378563418828919,0
2009-07-27,double7s__ma200__sp10,double7s_signal_D_maPeriod_200_shortPeriod_10,NQ,0.0,0.02378563418828919,0
2009-07-28,double7s__ma200__sp10,double7s_signal_D_maPeriod_200_shortPeriod_10,NQ,0.0,0.02378563418828919,0
2009-07-29,double7s__ma200__sp10,double7s_signal_D_maPeriod_200_shortPeriod_10,NQ,0.0,0.02378563418828919,0
2009-07-30,double7s__ma200__sp10,double7s_signal_D_maPeriod_200_shortPeriod_10,NQ,0.0,0.02378563418828919,0
2009-07-31,double7s__ma200__sp10,double7s_signal_D_maPeriod_200_shortPeriod_10,NQ,0.0,0.02378563418828919,0
2009-08-03,double7s__ma200__sp10,double7s_signal_D_maPeriod_200_shortPeriod_10,NQ,0.0,0.02378563418828919,0
2009-08-04,double7s__ma200__sp10,double7s_signal_D_maPeriod_200_shortPeriod_10,NQ,0.0,0.02378563418828919,0
2009-08-05,double7s__ma200__sp10,double7s_signal_D_maPeriod_200_shortPeriod_10,NQ,0.0,0.02378563418828919,0
2009-08-06,double7s__ma200__sp10,double7s_signal_D_maPeriod_200_shortPeriod_10,NQ,0.0,0.02378563418828919,0
2009-08-07,double7s__ma200__sp10,double7s_signal_D_maPeriod_200_shortPeriod_10,NQ,0.0,0.02378563418828919,0
2009-08-10,double7s__ma200__sp10,double7s_signal_D_maPeriod_200_shortPeriod_10,NQ,0.0,0.02378563418828919,0
2009-08-11,double7s__ma200__sp10,double7s_signal_D_maPeriod_200_shortPeriod_10,NQ,0.0,0.02378563418828919,0
2009-08-12,double7s__ma200__sp10,double7s_signal_D_maPeriod_200_shortPeriod_10,NQ,0.005235452436386324,0.029021086624675514,0
2009-08-13,double7s__ma200__sp10,double7s_signal_D_maPeriod_200_shortPeriod_10,NQ,0.00247366752967041,0.031494754154345925,0
2009-08-14,double7s__ma200__sp10,double7s_signal_D_maPeriod_200_shortPeriod_10,NQ,0.0,0.031494754154345925,0
2009-08-17,double7s__ma200__sp10,double7s_signal_D_maPeriod_200_shortPeriod_10,NQ,0.0,0.031494754154345925,0
2009-08-18,double7s__ma200__sp10,double7s_signal_D_maPeriod_200_shortPeriod_10,NQ,0.0024070079065732393,0.03390176206091916,0
2009-08-19,double7s__ma200__sp10,double7s_signal_D_maPeriod_200_shortPeriod_10,NQ,0.002398307346755226,0.036300069407674385,0
2009-08-20,double7s__ma200__sp10,double7s_signal_D_maPeriod_200_shortPeriod_10,NQ,0.003810899593271704,0.04011096900094609,0
2009-08-21,double7s__ma200__sp10,double7s_signal_D_maPeriod_200_shortPeriod_10,NQ,0.005246332623544609,0.0453573016244907,0
2009-08-24,double7s__ma200__sp10,double7s_signal_D_maPeriod_200_shortPeriod_10,NQ,0.0,0.0453573016244907,0
2009-08-25,double7s__ma200__sp10,double7s_signal_D_maPeriod_200_shortPeriod_10,NQ,0.0,0.0453573016244907,0
2009-08-26,double7s__ma200__sp10,double7s_signal_D_maPeriod_200_shortPeriod_10,NQ,0.0,0.0453573016244907,0
2009-08-27,double7s__ma200__sp10,double7s_signal_D_maPeriod_200_shortPeriod_10,NQ,0.0,0.0453573016244907,0
2009-08-28,double7s__ma200__sp10,double7s_signal_D_maPeriod_200_shortPeriod_10,NQ,0.0,0.0453573016244907,0
2009-08-31,double7s__ma200__sp10,double7s_signal_D_maPeriod_200_shortPeriod_10,NQ,0.0,0.0453573016244907,0
2009-09-01,double7s__ma200__sp10,double7s_signal_D_maPeriod_200_shortPeriod_10,NQ,0.0,0.0453573016244907,0
2009-09-02,double7s__ma200__sp10,double7s_signal_D_maPeriod_200_shortPeriod_10,NQ,0.0,0.0453573016244907,0
2009-09-03,double7s__ma200__sp10,double7s_signal_D_maPeriod_200_shortPeriod_10,NQ,0.002683906313504984,0.048041207937995684,0
2009-09-04,double7s__ma200__sp10,double7s_signal_D_maPeriod_200_shortPeriod_10,NQ,0.007420806592933059,0.05546201453092874,0
2009-09-08,double7s__ma200__sp10,double7s_signal_D_maPeriod_200_shortPeriod_10,NQ,0.003100580451573422,0.058562594982502165,0
2009-09-09,double7s__ma200__sp10,double7s_signal_D_maPeriod_200_shortPeriod_10,NQ,0.0,0.058562594982502165,0
2009-09-10,double7s__ma200__sp10,double7s_signal_D_maPeriod_200_shortPeriod_10,NQ,0.0,0.058562594982502165,0
2009-09-11,double7s__ma200__sp10,double7s_signal_D_maPeriod_200_shortPeriod_10,NQ,0.0,0.058562594982502165,0
2009-09-14,double7s__ma200__sp10,double7s_signal_D_maPeriod_200_shortPeriod_10,NQ,0.0,0.058562594982502165,0
2009-09-15,double7s__ma200__sp10,double7s_signal_D_maPeriod_200_shortPeriod_10,NQ,0.0,0.058562594982502165,0
2009-09-16,double7s__ma200__sp10,double7s_signal_D_maPeriod_200_shortPeriod_10,NQ,0.0,0.058562594982502165,0
2009-09-17,double7s__ma200__sp10,double7s_signal_D_maPeriod_200_shortPeriod_10,NQ,0.0,0.058562594982502165,0
2009-09-18,double7s__ma200__sp10,double7s_signal_D_maPeriod_200_shortPeriod_10,NQ,0.0,0.058562594982502165,0
2009-09-21,double7s__ma200__sp10,double7s_signal_D_maPeriod_200_shortPeriod_10,NQ,0.0,0.058562594982502165,0
2009-09-22,double7s__ma200__sp10,double7s_signal_D_maPeriod_200_shortPeriod_10,NQ,0.0,0.058562594982502165,0
2009-09-23,double7s__ma200__sp10,double7s_signal_D_maPeriod_200_shortPeriod_10,NQ,0.0,0.058562594982502165,0
2009-09-24,double7s__ma200__sp10,double7s_signal_D_maPeriod_200_shortPeriod_10,NQ,0.0,0.058562594982502165,0
2009-09-25,double7s__ma200__sp10,double7s_signal_D_maPeriod_200_shortPeriod_10,NQ,0.0,0.058562594982502165,0
2009-09-28,double7s__ma200__sp10,double7s_signal_D_maPeriod_200_shortPeriod_10,NQ,0.0,0.058562594982502165,0
2009-09-29,double7s__ma200__sp10,double7s_signal_D_maPeriod_200_shortPeriod_10,NQ,0.0,0.058562594982502165,0
2009-09-30,double7s__ma200__sp10,double7s_signal_D_maPeriod_200_shortPeriod_10,NQ,0.0,0.058562594982502165,0
2009-10-01,double7s__ma200__sp10,double7s_signal_D_maPeriod_200_shortPeriod_10,NQ,0.0,0.058562594982502165,0
2009-10-02,double7s__ma200__sp10,double7s_signal_D_maPeriod_200_shortPeriod_10,NQ,-0.0009059911923896772,0.05765660379011249,0
2009-10-05,double7s__ma200__sp10,double7s_signal_D_maPeriod_200_shortPeriod_10,NQ,0.0027020213563926543,0.06035862514650515,0
2009-10-06,double7s__ma200__sp10,double7s_signal_D_maPeriod_200_shortPeriod_10,NQ,0.0062599376023544165,0.06661856274885956,0
2009-10-07,double7s__ma200__sp10,double7s_signal_D_maPeriod_200_shortPeriod_10,NQ,0.0012633473290896342,0.06788191007794919,0
2009-10-08,double7s__ma200__sp10,double7s_signal_D_maPeriod_200_shortPeriod_10,NQ,0.0020953199018745343,0.06997722997982372,0
2009-10-09,double7s__ma200__sp10,double7s_signal_D_maPeriod_200_shortPeriod_10,NQ,0.002207695681125281,0.072184925660949,0
2009-10-12,double7s__ma200__sp10,double7s_signal_D_maPeriod_200_shortPeriod_10,NQ,0.0,0.072184925660949,0
2009-10-13,double7s__ma200__sp10,double7s_signal_D_maPeriod_200_shortPeriod_10,NQ,0.0,0.072184925660949,0
2009-10-14,double7s__ma200__sp10,double7s_signal_D_maPeriod_200_shortPeriod_10,NQ,0.0,0.072184925660949,0
2009-10-15,double7s__ma200__sp10,double7s_signal_D_maPeriod_200_shortPeriod_10,NQ,0.0,0.072184925660949,0
2009-10-16,double7s__ma200__sp10,double7s_signal_D_maPeriod_200_shortPeriod_10,NQ,0.0,0.072184925660949,0
2009-10-19,double7s__ma200__sp10,double7s_signal_D_maPeriod_200_shortPeriod_10,NQ,0.0,0.072184925660949,0
2009-10-20,double7s__ma200__sp10,double7s_signal_D_maPeriod_200_shortPeriod_10,NQ,0.0,0.072184925660949,0
2009-10-21,double7s__ma200__sp10,double7s_signal_D_maPeriod_200_shortPeriod_10,NQ,0.0,0.072184925660949,0
2009-10-22,double7s__ma200__sp10,double7s_signal_D_maPeriod_200_shortPeriod_10,NQ,0.0,0.072184925660949,0
2009-10-23,double7s__ma200__sp10,double7s_signal_D_maPeriod_200_shortPeriod_10,NQ,0.0,0.072184925660949,0
2009-10-26,double7s__ma200__sp10,double7s_signal_D_maPeriod_200_shortPeriod_10,NQ,0.0,0.072184925660949,0
2009-10-27,double7s__ma200__sp10,double7s_signal_D_maPeriod_200_shortPeriod_10,NQ,0.0,0.072184925660949,0
2009-10-28,double7s__ma200__sp10,double7s_signal_D_maPeriod_200_shortPeriod_10,NQ,-0.006724938129517215,0.06545998753143178,0
2009-10-29,double7s__ma200__sp10,double7s_signal_D_maPeriod_200_shortPeriod_10,NQ,0.0035873113449073424,0.06904729887633913,0
2009-10-30,double7s__ma200__sp10,double7s_signal_D_maPeriod_200_shortPeriod_10,NQ,-0.006902921476863377,0.06214437739947576,0
2009-11-02,double7s__ma200__sp10,double7s_signal_D_maPeriod_200_shortPeriod_10,NQ,0.0010364947422621083,0.06318087214173787,0
2009-11-03,double7s__ma200__sp10,double7s_signal_D_maPeriod_200_shortPeriod_10,NQ,0.001114907238404795,0.06429577938014266,0
2009-11-04,double7s__ma200__sp10,double7s_signal_D_maPeriod_200_shortPeriod_10,NQ,0.0027534403365739347,0.0670492197167166,0
2009-11-05,double7s__ma200__sp10,double7s_signal_D_maPeriod_200_shortPeriod_10,NQ,0.007580696657215932,0.07462991637393253,0
2009-11-06,double7s__ma200__sp10,double7s_signal_D_maPeriod_200_shortPeriod_10,NQ,0.0016573413796081738,0.0762872577535407,0
2009-11-09,double7s__ma200__sp10,double7s_signal_D_maPeriod_200_shortPeriod_10,NQ,0.008897908100676439,0.08518516585421713,0
2009-11-10,double7s__ma200__sp10,double7s_signal_D_maPeriod_200_shortPeriod_10,NQ,0.0,0.08518516585421713,0
2009-11-11,double7s__ma200__sp10,double7s_signal_D_maPeriod_200_shortPeriod_10,NQ,0.0,0.08518516585421713,0
2009-11-12,double7s__ma200__sp10,double7s_signal_D_maPeriod_200_shortPeriod_10,NQ,0.0,0.08518516585421713,0
2009-11-13,double7s__ma200__sp10,double7s_signal_D_maPeriod_200_shortPeriod_10,NQ,0.0,0.08518516585421713,0
2009-11-16,double7s__ma200__sp10,double7s_signal_D_maPeriod_200_shortPeriod_10,NQ,0.0,0.08518516585421713,0
2009-11-17,double7s__ma200__sp10,double7s_signal_D_maPeriod_200_shortPeriod_10,NQ,0.0,0.08518516585421713,0
2009-11-18,double7s__ma200__sp10,double7s_signal_D_maPeriod_200_shortPeriod_10,NQ,0.0,0.08518516585421713,0
2009-11-19,double7s__ma200__sp10,double7s_signal_D_maPeriod_200_shortPeriod_10,NQ,0.0,0.08518516585421713,0
2009-11-20,double7s__ma200__sp10,double7s_signal_D_maPeriod_200_shortPeriod_10,NQ,0.0,0.08518516585421713,0
2009-11-23,double7s__ma200__sp10,double7s_signal_D_maPeriod_200_shortPeriod_10,NQ,0.0,0.08518516585421713,0
2009-11-24,double7s__ma200__sp10,double7s_signal_D_maPeriod_200_shortPeriod_10,NQ,0.0,0.08518516585421713,0
2009-11-25,double7s__ma200__sp10,double7s_signal_D_maPeriod_200_shortPeriod_10,NQ,0.0,0.08518516585421713,0
2009-11-27,double7s__ma200__sp10,double7s_signal_D_maPeriod_200_shortPeriod_10,NQ,0.0,0.08518516585421713,0
2009-11-30,double7s__ma200__sp10,double7s_signal_D_maPeriod_200_shortPeriod_10,NQ,0.0006626083661315285,0.08584777422034866,0
2009-12-01,double7s__ma200__sp10,double7s_signal_D_maPeriod_200_shortPeriod_10,NQ,0.005854593652505876,0.09170236787285453,0
2009-12-02,double7s__ma200__sp10,double7s_signal_D_maPeriod_200_shortPeriod_10,NQ,4.5715895258857165e-05,0.09174808376811339,0
2009-12-03,double7s__ma200__sp10,double7s_signal_D_maPeriod_200_shortPeriod_10,NQ,-0.0025793876855087607,0.08916869608260462,0
2009-12-04,double7s__ma200__sp10,double7s_signal_D_maPeriod_200_shortPeriod_10,NQ,0.0035528205483329133,0.09272151663093754,0
2009-12-07,double7s__ma200__sp10,double7s_signal_D_maPeriod_200_shortPeriod_10,NQ,0.0,0.09272151663093754,0
2009-12-08,double7s__ma200__sp10,double7s_signal_D_maPeriod_200_shortPeriod_10,NQ,0.0,0.09272151663093754,0
2009-12-09,double7s__ma200__sp10,double7s_signal_D_maPeriod_200_shortPeriod_10,NQ,0.0,0.09272151663093754,0
2009-12-10,double7s__ma200__sp10,double7s_signal_D_maPeriod_200_shortPeriod_10,NQ,0.0,0.09272151663093754,0
2009-12-11,double7s__ma200__sp10,double7s_signal_D_maPeriod_200_shortPeriod_10,NQ,0.0,0.09272151663093754,0
2009-12-14,double7s__ma200__sp10,double7s_signal_D_maPeriod_200_shortPeriod_10,NQ,0.0,0.09272151663093754,0
2009-12-15,double7s__ma200__sp10,double7s_signal_D_maPeriod_200_shortPeriod_10,NQ,0.0,0.09272151663093754,0
2009-12-16,double7s__ma200__sp10,double7s_signal_D_maPeriod_200_shortPeriod_10,NQ,0.0,0.09272151663093754,0
2009-12-17,double7s__ma200__sp10,double7s_signal_D_maPeriod_200_shortPeriod_10,NQ,0.0,0.09272151663093754,0
2009-12-18,double7s__ma200__sp10,double7s_signal_D_maPeriod_200_shortPeriod_10,NQ,0.0,0.09272151663093754,0
2009-12-21,double7s__ma200__sp10,double7s_signal_D_maPeriod_200_shortPeriod_10,NQ,0.0,0.09272151663093754,0
2009-12-22,double7s__ma200__sp10,double7s_signal_D_maPeriod_200_shortPeriod_10,NQ,0.0,0.09272151663093754,0
2009-12-23,double7s__ma200__sp10,double7s_signal_D_maPeriod_200_shortPeriod_10,NQ,0.0,0.09272151663093754,0
2009-12-24,double7s__ma200__sp10,double7s_signal_D_maPeriod_200_shortPeriod_10,NQ,0.0,0.09272151663093754,0
2009-12-28,double7s__ma200__sp10,double7s_signal_D_maPeriod_200_shortPeriod_10,NQ,0.0,0.09272151663093754,0
2009-12-29,double7s__ma200__sp10,double7s_signal_D_maPeriod_200_shortPeriod_10,NQ,0.0,0.09272151663093754,0
2009-12-30,double7s__ma200__sp10,double7s_signal_D_maPeriod_200_shortPeriod_10,NQ,0.0,0.09272151663093754,0
2009-12-31,double7s__ma200__sp10,double7s_signal_D_maPeriod_200_shortPeriod_10,NQ,0.0,0.09272151663093754,0
2010-01-04,double7s__ma200__sp10,double7s_signal_D_maPeriod_200_shortPeriod_10,NQ,0.0,0.09272151663093754,0
2010-01-05,double7s__ma200__sp10,double7s_signal_D_maPeriod_200_shortPeriod_10,NQ,0.0,0.09272151663093754,0
2010-01-06,double7s__ma200__sp10,double7s_signal_D_maPeriod_200_shortPeriod_10,NQ,0.0,0.09272151663093754,0
2010-01-07,double7s__ma200__sp10,double7s_signal_D_maPeriod_200_shortPeriod_10,NQ,0.0,0.09272151663093754,0
2010-01-08,double7s__ma200__sp10,double7s_signal_D_maPeriod_200_shortPeriod_10,NQ,0.0,0.09272151663093754,0
2010-01-11,double7s__ma200__sp10,double7s_signal_D_maPeriod_200_shortPeriod_10,NQ,0.0,0.09272151663093754,0
2010-01-12,double7s__ma200__sp10,double7s_signal_D_maPeriod_200_shortPeriod_10,NQ,0.0,0.09272151663093754,0
2010-01-13,double7s__ma200__sp10,double7s_signal_D_maPeriod_200_shortPeriod_10,NQ,0.0,0.09272151663093754,0
2010-01-14,double7s__ma200__sp10,double7s_signal_D_maPeriod_200_shortPeriod_10,NQ,0.0,0.09272151663093754,0
2010-01-15,double7s__ma200__sp10,double7s_signal_D_maPeriod_200_shortPeriod_10,NQ,0.0,0.09272151663093754,0
2010-01-19,double7s__ma200__sp10,double7s_signal_D_maPeriod_200_shortPeriod_10,NQ,0.0,0.09272151663093754,0
2010-01-20,double7s__ma200__sp10,double7s_signal_D_maPeriod_200_shortPeriod_10,NQ,0.0,0.09272151663093754,0
2010-01-21,double7s__ma200__sp10,double7s_signal_D_maPeriod_200_shortPeriod_10,NQ,0.0,0.09272151663093754,0
2010-01-22,double7s__ma200__sp10,double7s_signal_D_maPeriod_200_shortPeriod_10,NQ,-0.0076350806488239996,0.08508643598211355,0
2010-01-25,double7s__ma200__sp10,double7s_signal_D_maPeriod_200_shortPeriod_10,NQ,0.00047455826085553816,0.08556099424296908,0
2010-01-26,double7s__ma200__sp10,double7s_signal_D_maPeriod_200_shortPeriod_10,NQ,-0.0030261303459697183,0.08253486389699936,0
2010-01-27,double7s__ma200__sp10,double7s_signal_D_maPeriod_200_shortPeriod_10,NQ,0.0023406088343040444,0.08487547273130341,0
2010-01-28,double7s__ma200__sp10,double7s_signal_D_maPeriod_200_shortPeriod_10,NQ,-0.008474866187696705,0.07640060654360671,0
2010-01-29,double7s__ma200__sp10,double7s_signal_D_maPeriod_200_shortPeriod_10,NQ,-0.005336070444413721,0.07106453609919298,0
2010-02-01,double7s__ma200__sp10,double7s_signal_D_maPeriod_200_shortPeriod_10,NQ,0.0024378238535918825,0.07350235995278487,0
2010-02-02,double7s__ma200__sp10,double7s_signal_D_maPeriod_200_shortPeriod_10,NQ,0.0027836117413260393,0.0762859716941109,0
2010-02-03,double7s__ma200__sp10,double7s_signal_D_maPeriod_200_shortPeriod_10,NQ,0.0037884563276653067,0.08007442802177621,0
2010-02-04,double7s__ma200__sp10,double7s_signal_D_maPeriod_200_shortPeriod_10,NQ,-0.011383442508161281,0.06869098551361492,0
2010-02-05,double7s__ma200__sp10,double7s_signal_D_maPeriod_200_shortPeriod_10,NQ,0.0012557570891899802,0.06994674260280491,0
2010-02-08,double7s__ma200__sp10,double7s_signal_D_maPeriod_200_shortPeriod_10,NQ,-0.0029495217209977815,0.06699722088180712,0
2010-02-09,double7s__ma200__sp10,double7s_signal_D_maPeriod_200_shortPeriod_10,NQ,0.004162199168493615,0.07115942005030074,0
2010-02-10,double7s__ma200__sp10,double7s_signal_D_maPeriod_200_shortPeriod_10,NQ,-0.0017270794991569945,0.06943234055114374,0
2010-02-11,double7s__ma200__sp10,double7s_signal_D_maPeriod_200_shortPeriod_10,NQ,0.007143080742103367,0.0765754212932471,0
2010-02-12,double7s__ma200__sp10,double7s_signal_D_maPeriod_200_shortPeriod_10,NQ,0.0016095114661871487,0.07818493275943425,0
2010-02-16,double7s__ma200__sp10,double7s_signal_D_maPeriod_200_shortPeriod_10,NQ,0.004064482879418226,0.08224941563885248,0
2010-02-17,double7s__ma200__sp10,double7s_signal_D_maPeriod_200_shortPeriod_10,NQ,0.0,0.08224941563885248,0
2010-02-18,double7s__ma200__sp10,double7s_signal_D_maPeriod_200_shortPeriod_10,NQ,0.0,0.08224941563885248,0
2010-02-19,double7s__ma200__sp10,double7s_signal_D_maPeriod_200_shortPeriod_10,NQ,0.0,0.08224941563885248,0
2010-02-22,double7s__ma200__sp10,double7s_signal_D_maPeriod_200_shortPeriod_10,NQ,0.0,0.08224941563885248,0
2010-02-23,double7s__ma200__sp10,double7s_signal_D_maPeriod_200_shortPeriod_10,NQ,0.0,0.08224941563885248,0
2010-02-24,double7s__ma200__sp10,double7s_signal_D_maPeriod_200_shortPeriod_10,NQ,0.0,0.08224941563885248,0
2010-02-25,double7s__ma200__sp10,double7s_signal_D_maPeriod_200_shortPeriod_10,NQ,0.0,0.08224941563885248,0
2010-02-26,double7s__ma200__sp10,double7s_signal_D_maPeriod_200_shortPeriod_10,NQ,0.0,0.08224941563885248,0
2010-03-01,double7s__ma200__sp10,double7s_signal_D_maPeriod_200_shortPeriod_10,NQ,0.0,0.08224941563885248,0
2010-03-02,double7s__ma200__sp10,double7s_signal_D_maPeriod_200_shortPeriod_10,NQ,0.0,0.08224941563885248,0
2010-03-03,double7s__ma200__sp10,double7s_signal_D_maPeriod_200_shortPeriod_10,NQ,0.0,0.08224941563885248,0
2010-03-04,double7s__ma200__sp10,double7s_signal_D_maPeriod_200_shortPeriod_10,NQ,0.0,0.08224941563885248,0
2010-03-05,double7s__ma200__sp10,double7s_signal_D_maPeriod_200_shortPeriod_10,NQ,0.0,0.08224941563885248,0
2010-03-08,double7s__ma200__sp10,double7s_signal_D_maPeriod_200_shortPeriod_10,NQ,0.0,0.08224941563885248,0
2010-03-09,double7s__ma200__sp10,double7s_signal_D_maPeriod_200_shortPeriod_10,NQ,0.0,0.08224941563885248,0
2010-03-10,double7s__ma200__sp10,double7s_signal_D_maPeriod_200_shortPeriod_10,NQ,0.0,0.08224941563885248,0
2010-03-11,double7s__ma200__sp10,double7s_signal_D_maPeriod_200_shortPeriod_10,NQ,0.0,0.08224941563885248,0
2010-03-12,double7s__ma200__sp10,double7s_signal_D_maPeriod_200_shortPeriod_10,NQ,0.0,0.08224941563885248,0
2010-03-15,double7s__ma200__sp10,double7s_signal_D_maPeriod_200_shortPeriod_10,NQ,0.0,0.08224941563885248,0
2010-03-16,double7s__ma200__sp10,double7s_signal_D_maPeriod_200_shortPeriod_10,NQ,0.0,0.08224941563885248,0
2010-03-17,double7s__ma200__sp10,double7s_signal_D_maPeriod_200_shortPeriod_10,NQ,0.0,0.08224941563885248,0
2010-03-18,double7s__ma200__sp10,double7s_signal_D_maPeriod_200_shortPeriod_10,NQ,0.0,0.08224941563885248,0
2010-03-19,double7s__ma200__sp10,double7s_signal_D_maPeriod_200_shortPeriod_10,NQ,0.0,0.08224941563885248,0
2010-03-22,double7s__ma200__sp10,double7s_signal_D_maPeriod_200_shortPeriod_10,NQ,0.0,0.08224941563885248,0
2010-03-23,double7s__ma200__sp10,double7s_signal_D_maPeriod_200_shortPeriod_10,NQ,0.0,0.08224941563885248,0
2010-03-24,double7s__ma200__sp10,double7s_signal_D_maPeriod_200_shortPeriod_10,NQ,0.0,0.08224941563885248,0
2010-03-25,double7s__ma200__sp10,double7s_signal_D_maPeriod_200_shortPeriod_10,NQ,0.0,0.08224941563885248,0
2010-03-26,double7s__ma200__sp10,double7s_signal_D_maPeriod_200_shortPeriod_10,NQ,0.0,0.08224941563885248,0
2010-03-29,double7s__ma200__sp10,double7s_signal_D_maPeriod_200_shortPeriod_10,NQ,0.0,0.08224941563885248,0
2010-03-30,double7s__ma200__sp10,double7s_signal_D_maPeriod_200_shortPeriod_10,NQ,0.0,0.08224941563885248,0
2010-03-31,double7s__ma200__sp10,double7s_signal_D_maPeriod_200_shortPeriod_10,NQ,0.0,0.08224941563885248,0
2010-04-01,double7s__ma200__sp10,double7s_signal_D_maPeriod_200_shortPeriod_10,NQ,0.0,0.08224941563885248,0
2010-04-02,double7s__ma200__sp10,double7s_signal_D_maPeriod_200_shortPeriod_10,NQ,0.0,0.08224941563885248,0
2010-04-05,double7s__ma200__sp10,double7s_signal_D_maPeriod_200_shortPeriod_10,NQ,0.0,0.08224941563885248,0
2010-04-06,double7s__ma200__sp10,double7s_signal_D_maPeriod_200_shortPeriod_10,NQ,0.0,0.08224941563885248,0
2010-04-07,double7s__ma200__sp10,double7s_signal_D_maPeriod_200_shortPeriod_10,NQ,0.0,0.08224941563885248,0
2010-04-08,double7s__ma200__sp10,double7s_signal_D_maPeriod_200_shortPeriod_10,NQ,0.0,0.08224941563885248,0
2010-04-09,double7s__ma200__sp10,double7s_signal_D_maPeriod_200_shortPeriod_10,NQ,0.0,0.08224941563885248,0
2010-04-12,double7s__ma200__sp10,double7s_signal_D_maPeriod_200_shortPeriod_10,NQ,0.0,0.08224941563885248,0
2010-04-13,double7s__ma200__sp10,double7s_signal_D_maPeriod_200_shortPeriod_10,NQ,0.0,0.08224941563885248,0
2010-04-14,double7s__ma200__sp10,double7s_signal_D_maPeriod_200_shortPeriod_10,NQ,0.0,0.08224941563885248,0
2010-04-15,double7s__ma200__sp10,double7s_signal_D_maPeriod_200_shortPeriod_10,NQ,0.0,0.08224941563885248,0
2010-04-16,double7s__ma200__sp10,double7s_signal_D_maPeriod_200_shortPeriod_10,NQ,0.0,0.08224941563885248,0
2010-04-19,double7s__ma200__sp10,double7s_signal_D_maPeriod_200_shortPeriod_10,NQ,0.0,0.08224941563885248,0
2010-04-20,double7s__ma200__sp10,double7s_signal_D_maPeriod_200_shortPeriod_10,NQ,0.0,0.08224941563885248,0
2010-04-21,double7s__ma200__sp10,double7s_signal_D_maPeriod_200_shortPeriod_10,NQ,0.0,0.08224941563885248,0
2010-04-22,double7s__ma200__sp10,double7s_signal_D_maPeriod_200_shortPeriod_10,NQ,0.0,0.08224941563885248,0
2010-04-23,double7s__ma200__sp10,double7s_signal_D_maPeriod_200_shortPeriod_10,NQ,0.0,0.08224941563885248,0
2010-04-26,double7s__ma200__sp10,double7s_signal_D_maPeriod_200_shortPeriod_10,NQ,0.0,0.08224941563885248,0
2010-04-27,double7s__ma200__sp10,double7s_signal_D_maPeriod_200_shortPeriod_10,NQ,0.0,0.08224941563885248,0
2010-04-28,double7s__ma200__sp10,double7s_signal_D_maPeriod_200_shortPeriod_10,NQ,0.0,0.08224941563885248,0
2010-04-29,double7s__ma200__sp10,double7s_signal_D_maPeriod_200_shortPeriod_10,NQ,0.0077540104070185824,0.09000342604587105,0
2010-04-30,double7s__ma200__sp10,double7s_signal_D_maPeriod_200_shortPeriod_10,NQ,-0.0063578205029127905,0.08364560554295826,0
2010-05-03,double7s__ma200__sp10,double7s_signal_D_maPeriod_200_shortPeriod_10,NQ,0.003153780375569973,0.08679938591852823,0
2010-05-04,double7s__ma200__sp10,double7s_signal_D_maPeriod_200_shortPeriod_10,NQ,-0.009340785937139941,0.07745859998138829,0
2010-05-05,double7s__ma200__sp10,double7s_signal_D_maPeriod_200_shortPeriod_10,NQ,-0.001123248864048797,0.0763353511173395,0
2010-05-06,double7s__ma200__sp10,double7s_signal_D_maPeriod_200_shortPeriod_10,NQ,-0.016044686712673513,0.06029066440466598,0
2010-05-07,double7s__ma200__sp10,double7s_signal_D_maPeriod_200_shortPeriod_10,NQ,-0.0031206632785434384,0.05717000112612254,0
2010-05-10,double7s__ma200__sp10,double7s_signal_D_maPeriod_200_shortPeriod_10,NQ,0.008770459083849462,0.065940460209972,0
2010-05-11,double7s__ma200__sp10,double7s_signal_D_maPeriod_200_shortPeriod_10,NQ,-0.00031977387952336573,0.06562068633044864,0
2010-05-12,double7s__ma200__sp10,double7s_signal_D_maPeriod_200_shortPeriod_10,NQ,0.007441956665761903,0.07306264299621054,0
2010-05-13,double7s__ma200__sp10,double7s_signal_D_maPeriod_200_shortPeriod_10,NQ,-0.003239572493471884,0.06982307050273866,0
2010-05-14,double7s__ma200__sp10,double7s_signal_D_maPeriod_200_shortPeriod_10,NQ,-0.006311920577652641,0.06351114992508601,0
2010-05-17,double7s__ma200__sp10,double7s_signal_D_maPeriod_200_shortPeriod_10,NQ,0.0008214205035125844,0.06433257042859859,0
2010-05-18,double7s__ma200__sp10,double7s_signal_D_maPeriod_200_shortPeriod_10,NQ,-0.00542757075800772,0.058904999670590874,0
2010-05-19,double7s__ma200__sp10,double7s_signal_D_maPeriod_200_shortPeriod_10,NQ,-0.0033512488363998346,0.05555375083419104,0
2010-05-20,double7s__ma200__sp10,double7s_signal_D_maPeriod_200_shortPeriod_10,NQ,-0.014278565522212518,0.041275185311978525,0
2010-05-21,double7s__ma200__sp10,double7s_signal_D_maPeriod_200_shortPeriod_10,NQ,0.0017816854278347675,0.04305687073981329,0
2010-05-24,double7s__ma200__sp10,double7s_signal_D_maPeriod_200_shortPeriod_10,NQ,-0.001652458442825661,0.04140441229698763,0
2010-05-25,double7s__ma200__sp10,double7s_signal_D_maPeriod_200_shortPeriod_10,NQ,0.0013099408982975224,0.04271435319528515,0
2010-05-26,double7s__ma200__sp10,double7s_signal_D_maPeriod_200_shortPeriod_10,NQ,-0.005250090866099431,0.03746426232918572,0
2010-05-27,double7s__ma200__sp10,double7s_signal_D_maPeriod_200_shortPeriod_10,NQ,0.01459808818681943,0.05206235051600515,0
2010-05-28,double7s__ma200__sp10,double7s_signal_D_maPeriod_200_shortPeriod_10,NQ,-0.0008900692284012202,0.05117228128760393,0
2010-06-01,double7s__ma200__sp10,double7s_signal_D_maPeriod_200_shortPeriod_10,NQ,-0.004354052477457529,0.0468182288101464,0
2010-06-02,double7s__ma200__sp10,double7s_signal_D_maPeriod_200_shortPeriod_10,NQ,0.009747784352854958,0.056566013163001354,0
2010-06-03,double7s__ma200__sp10,double7s_signal_D_maPeriod_200_shortPeriod_10,NQ,0.002492646909915484,0.05905866007291684,0
2010-06-04,double7s__ma200__sp10,double7s_signal_D_maPeriod_200_shortPeriod_10,NQ,0.0,0.05905866007291684,0
2010-06-07,double7s__ma200__sp10,double7s_signal_D_maPeriod_200_shortPeriod_10,NQ,0.0,0.05905866007291684,0
2010-06-08,double7s__ma200__sp10,double7s_signal_D_maPeriod_200_shortPeriod_10,NQ,0.0,0.05905866007291684,0
2010-06-09,double7s__ma200__sp10,double7s_signal_D_maPeriod_200_shortPeriod_10,NQ,0.0,0.05905866007291684,0
2010-06-10,double7s__ma200__sp10,double7s_signal_D_maPeriod_200_shortPeriod_10,NQ,0.0,0.05905866007291684,0
2010-06-11,double7s__ma200__sp10,double7s_signal_D_maPeriod_200_shortPeriod_10,NQ,0.0,0.05905866007291684,0
2010-06-14,double7s__ma200__sp10,double7s_signal_D_maPeriod_200_shortPeriod_10,NQ,0.0,0.05905866007291684,0
2010-06-15,double7s__ma200__sp10,double7s_signal_D_maPeriod_200_shortPeriod_10,NQ,0.0,0.05905866007291684,0
2010-06-16,double7s__ma200__sp10,double7s_signal_D_maPeriod_200_shortPeriod_10,NQ,0.0,0.05905866007291684,0
2010-06-17,double7s__ma200__sp10,double7s_signal_D_maPeriod_200_shortPeriod_10,NQ,0.0,0.05905866007291684,0
2010-06-18,double7s__ma200__sp10,double7s_signal_D_maPeriod_200_shortPeriod_10,NQ,0.0,0.05905866007291684,0
2010-06-21,double7s__ma200__sp10,double7s_signal_D_maPeriod_200_shortPeriod_10,NQ,0.0,0.05905866007291684,0
2010-06-22,double7s__ma200__sp10,double7s_signal_D_maPeriod_200_shortPeriod_10,NQ,0.0,0.05905866007291684,0
2010-06-23,double7s__ma200__sp10,double7s_signal_D_maPeriod_200_shortPeriod_10,NQ,0.0,0.05905866007291684,0
2010-06-24,double7s__ma200__sp10,double7s_signal_D_maPeriod_200_shortPeriod_10,NQ,0.0,0.05905866007291684,0
2010-06-25,double7s__ma200__sp10,double7s_signal_D_maPeriod_200_shortPeriod_10,NQ,0.0,0.05905866007291684,0
2010-06-28,double7s__ma200__sp10,double7s_signal_D_maPeriod_200_shortPeriod_10,NQ,-0.0006798553908599183,0.05837880468205692,0
2010-06-29,double7s__ma200__sp10,double7s_signal_D_maPeriod_200_shortPeriod_10,NQ,-0.016443744930160296,0.041935059751896625,0
2010-06-30,double7s__ma200__sp10,double7s_signal_D_maPeriod_200_shortPeriod_10,NQ,-0.0023058666899188752,0.03962919306197775,0
2010-07-01,double7s__ma200__sp10,double7s_signal_D_maPeriod_200_shortPeriod_10,NQ,-0.001383142307510429,0.03824605075446732,0
2010-07-02,double7s__ma200__sp10,double7s_signal_D_maPeriod_200_shortPeriod_10,NQ,-0.001739385037370506,0.03650666571709681,0
2010-07-06,double7s__ma200__sp10,double7s_signal_D_maPeriod_200_shortPeriod_10,NQ,0.00289701896385428,0.039403684680951095,0
2010-07-07,double7s__ma200__sp10,double7s_signal_D_maPeriod_200_shortPeriod_10,NQ,0.012600404681582498,0.05200408936253359,0
2010-07-08,double7s__ma200__sp10,double7s_signal_D_maPeriod_200_shortPeriod_10,NQ,0.0010406427816461138,0.05304473214417971,0
2010-07-09,double7s__ma200__sp10,double7s_signal_D_maPeriod_200_shortPeriod_10,NQ,0.0033654392793989597,0.05641017142357867,0
2010-07-12,double7s__ma200__sp10,double7s_signal_D_maPeriod_200_shortPeriod_10,NQ,0.0023334449792475303,0.058743616402826195,0
2010-07-13,double7s__ma200__sp10,double7s_signal_D_maPeriod_200_shortPeriod_10,NQ,0.005332855457299887,0.06407647186012608,0
2010-07-14,double7s__ma200__sp10,double7s_signal_D_maPeriod_200_shortPeriod_10,NQ,0.0,0.06407647186012608,0
2010-07-15,double7s__ma200__sp10,double7s_signal_D_maPeriod_200_shortPeriod_10,NQ,0.0,0.06407647186012608,0
2010-07-16,double7s__ma200__sp10,double7s_signal_D_maPeriod_200_shortPeriod_10,NQ,0.0,0.06407647186012608,0
2010-07-19,double7s__ma200__sp10,double7s_signal_D_maPeriod_200_shortPeriod_10,NQ,0.0,0.06407647186012608,0
2010-07-20,double7s__ma200__sp10,double7s_signal_D_maPeriod_200_shortPeriod_10,NQ,0.0,0.06407647186012608,0
2010-07-21,double7s__ma200__sp10,double7s_signal_D_maPeriod_200_shortPeriod_10,NQ,0.0,0.06407647186012608,0
2010-07-22,double7s__ma200__sp10,double7s_signal_D_maPeriod_200_shortPeriod_10,NQ,0.0,0.06407647186012608,0
2010-07-23,double7s__ma200__sp10,double7s_signal_D_maPeriod_200_shortPeriod_10,NQ,0.0,0.06407647186012608,0
2010-07-26,double7s__ma200__sp10,double7s_signal_D_maPeriod_200_shortPeriod_10,NQ,0.0,0.06407647186012608,0
2010-07-27,double7s__ma200__sp10,double7s_signal_D_maPeriod_200_shortPeriod_10,NQ,0.0,0.06407647186012608,0
2010-07-28,double7s__ma200__sp10,double7s_signal_D_maPeriod_200_shortPeriod_10,NQ,0.0,0.06407647186012608,0
2010-07-29,double7s__ma200__sp10,double7s_signal_D_maPeriod_200_shortPeriod_10,NQ,0.0,0.06407647186012608,0
2010-07-30,double7s__ma200__sp10,double7s_signal_D_maPeriod_200_shortPeriod_10,NQ,0.0,0.06407647186012608,0
2010-08-02,double7s__ma200__sp10,double7s_signal_D_maPeriod_200_shortPeriod_10,NQ,0.0,0.06407647186012608,0
2010-08-03,double7s__ma200__sp10,double7s_signal_D_maPeriod_200_shortPeriod_10,NQ,0.0,0.06407647186012608,0
2010-08-04,double7s__ma200__sp10,double7s_signal_D_maPeriod_200_shortPeriod_10,NQ,0.0,0.06407647186012608,0
2010-08-05,double7s__ma200__sp10,double7s_signal_D_maPeriod_200_shortPeriod_10,NQ,0.0,0.06407647186012608,0
2010-08-06,double7s__ma200__sp10,double7s_signal_D_maPeriod_200_shortPeriod_10,NQ,0.0,0.06407647186012608,0
2010-08-09,double7s__ma200__sp10,double7s_signal_D_maPeriod_200_shortPeriod_10,NQ,0.0,0.06407647186012608,0
2010-08-10,double7s__ma200__sp10,double7s_signal_D_maPeriod_200_shortPeriod_10,NQ,0.0,0.06407647186012608,0
2010-08-11,double7s__ma200__sp10,double7s_signal_D_maPeriod_200_shortPeriod_10,NQ,0.0,0.06407647186012608,0
2010-08-12,double7s__ma200__sp10,double7s_signal_D_maPeriod_200_shortPeriod_10,NQ,0.0,0.06407647186012608,0
2010-08-13,double7s__ma200__sp10,double7s_signal_D_maPeriod_200_shortPeriod_10,NQ,0.0,0.06407647186012608,0
2010-08-16,double7s__ma200__sp10,double7s_signal_D_maPeriod_200_shortPeriod_10,NQ,0.0,0.06407647186012608,0
2010-08-17,double7s__ma200__sp10,double7s_signal_D_maPeriod_200_shortPeriod_10,NQ,0.0,0.06407647186012608,0
2010-08-18,double7s__ma200__sp10,double7s_signal_D_maPeriod_200_shortPeriod_10,NQ,0.0,0.06407647186012608,0
2010-08-19,double7s__ma200__sp10,double7s_signal_D_maPeriod_200_shortPeriod_10,NQ,0.0,0.06407647186012608,0
2010-08-20,double7s__ma200__sp10,double7s_signal_D_maPeriod_200_shortPeriod_10,NQ,0.0,0.06407647186012608,0
2010-08-23,double7s__ma200__sp10,double7s_signal_D_maPeriod_200_shortPeriod_10,NQ,0.0,0.06407647186012608,0
2010-08-24,double7s__ma200__sp10,double7s_signal_D_maPeriod_200_shortPeriod_10,NQ,0.0,0.06407647186012608,0
2010-08-25,double7s__ma200__sp10,double7s_signal_D_maPeriod_200_shortPeriod_10,NQ,0.0,0.06407647186012608,0
2010-08-26,double7s__ma200__sp10,double7s_signal_D_maPeriod_200_shortPeriod_10,NQ,0.0,0.06407647186012608,0
2010-08-27,double7s__ma200__sp10,double7s_signal_D_maPeriod_200_shortPeriod_10,NQ,0.0,0.06407647186012608,0
2010-08-30,double7s__ma200__sp10,double7s_signal_D_maPeriod_200_shortPeriod_10,NQ,0.0,0.06407647186012608,0
2010-08-31,double7s__ma200__sp10,double7s_signal_D_maPeriod_200_shortPeriod_10,NQ,0.0,0.06407647186012608,0
2010-09-01,double7s__ma200__sp10,double7s_signal_D_maPeriod_200_shortPeriod_10,NQ,0.0,0.06407647186012608,0
2010-09-02,double7s__ma200__sp10,double7s_signal_D_maPeriod_200_shortPeriod_10,NQ,0.0,0.06407647186012608,0
2010-09-03,double7s__ma200__sp10,double7s_signal_D_maPeriod_200_shortPeriod_10,NQ,0.0,0.06407647186012608,0
2010-09-07,double7s__ma200__sp10,double7s_signal_D_maPeriod_200_shortPeriod_10,NQ,0.0,0.06407647186012608,0
2010-09-08,double7s__ma200__sp10,double7s_signal_D_maPeriod_200_shortPeriod_10,NQ,0.0,0.06407647186012608,0
2010-09-09,double7s__ma200__sp10,double7s_signal_D_maPeriod_200_shortPeriod_10,NQ,0.0,0.06407647186012608,0
2010-09-10,double7s__ma200__sp10,double7s_signal_D_maPeriod_200_shortPeriod_10,NQ,0.0,0.06407647186012608,0
2010-09-13,double7s__ma200__sp10,double7s_signal_D_maPeriod_200_shortPeriod_10,NQ,0.0,0.06407647186012608,0
2010-09-14,double7s__ma200__sp10,double7s_signal_D_maPeriod_200_shortPeriod_10,NQ,0.0,0.06407647186012608,0
2010-09-15,double7s__ma200__sp10,double7s_signal_D_maPeriod_200_shortPeriod_10,NQ,0.0,0.06407647186012608,0
2010-09-16,double7s__ma200__sp10,double7s_signal_D_maPeriod_200_shortPeriod_10,NQ,0.0,0.06407647186012608,0
2010-09-17,double7s__ma200__sp10,double7s_signal_D_maPeriod_200_shortPeriod_10,NQ,0.0,0.06407647186012608,0
2010-09-20,double7s__ma200__sp10,double7s_signal_D_maPeriod_200_shortPeriod_10,NQ,0.0,0.06407647186012608,0
2010-09-21,double7s__ma200__sp10,double7s_signal_D_maPeriod_200_shortPeriod_10,NQ,0.0,0.06407647186012608,0
2010-09-22,double7s__ma200__sp10,double7s_signal_D_maPeriod_200_shortPeriod_10,NQ,0.0,0.06407647186012608,0
2010-09-23,double7s__ma200__sp10,double7s_signal_D_maPeriod_200_shortPeriod_10,NQ,0.0,0.06407647186012608,0
2010-09-24,double7s__ma200__sp10,double7s_signal_D_maPeriod_200_shortPeriod_10,NQ,0.0,0.06407647186012608,0
2010-09-27,double7s__ma200__sp10,double7s_signal_D_maPeriod_200_shortPeriod_10,NQ,0.0,0.06407647186012608,0
2010-09-28,double7s__ma200__sp10,double7s_signal_D_maPeriod_200_shortPeriod_10,NQ,0.0,0.06407647186012608,0
2010-09-29,double7s__ma200__sp10,double7s_signal_D_maPeriod_200_shortPeriod_10,NQ,0.0,0.06407647186012608,0
2010-09-30,double7s__ma200__sp10,double7s_signal_D_maPeriod_200_shortPeriod_10,NQ,0.0,0.06407647186012608,0
2010-10-01,double7s__ma200__sp10,double7s_signal_D_maPeriod_200_shortPeriod_10,NQ,0.0,0.06407647186012608,0
2010-10-04,double7s__ma200__sp10,double7s_signal_D_maPeriod_200_shortPeriod_10,NQ,0.0,0.06407647186012608,0
2010-10-05,double7s__ma200__sp10,double7s_signal_D_maPeriod_200_shortPeriod_10,NQ,0.009048261099896225,0.07312473296002231,0
2010-10-06,double7s__ma200__sp10,double7s_signal_D_maPeriod_200_shortPeriod_10,NQ,0.0,0.07312473296002231,0
2010-10-07,double7s__ma200__sp10,double7s_signal_D_maPeriod_200_shortPeriod_10,NQ,0.0,0.07312473296002231,0
2010-10-08,double7s__ma200__sp10,double7s_signal_D_maPeriod_200_shortPeriod_10,NQ,0.0,0.07312473296002231,0
2010-10-11,double7s__ma200__sp10,double7s_signal_D_maPeriod_200_shortPeriod_10,NQ,0.0,0.07312473296002231,0
2010-10-12,double7s__ma200__sp10,double7s_signal_D_maPeriod_200_shortPeriod_10,NQ,0.0,0.07312473296002231,0
2010-10-13,double7s__ma200__sp10,double7s_signal_D_maPeriod_200_shortPeriod_10,NQ,0.0,0.07312473296002231,0
2010-10-14,double7s__ma200__sp10,double7s_signal_D_maPeriod_200_shortPeriod_10,NQ,0.0,0.07312473296002231,0
2010-10-15,double7s__ma200__sp10,double7s_signal_D_maPeriod_200_shortPeriod_10,NQ,0.0,0.07312473296002231,0
2010-10-18,double7s__ma200__sp10,double7s_signal_D_maPeriod_200_shortPeriod_10,NQ,0.0,0.07312473296002231,0
2010-10-19,double7s__ma200__sp10,double7s_signal_D_maPeriod_200_shortPeriod_10,NQ,0.0,0.07312473296002231,0
2010-10-20,double7s__ma200__sp10,double7s_signal_D_maPeriod_200_shortPeriod_10,NQ,0.0,0.07312473296002231,0
2010-10-21,double7s__ma200__sp10,double7s_signal_D_maPeriod_200_shortPeriod_10,NQ,0.0,0.07312473296002231,0
2010-10-22,double7s__ma200__sp10,double7s_signal_D_maPeriod_200_shortPeriod_10,NQ,0.0,0.07312473296002231,0
2010-10-25,double7s__ma200__sp10,double7s_signal_D_maPeriod_200_shortPeriod_10,NQ,0.0,0.07312473296002231,0
2010-10-26,double7s__ma200__sp10,double7s_signal_D_maPeriod_200_shortPeriod_10,NQ,0.0,0.07312473296002231,0
2010-10-27,double7s__ma200__sp10,double7s_signal_D_maPeriod_200_shortPeriod_10,NQ,0.0,0.07312473296002231,0
2010-10-28,double7s__ma200__sp10,double7s_signal_D_maPeriod_200_shortPeriod_10,NQ,0.0,0.07312473296002231,0
2010-10-29,double7s__ma200__sp10,double7s_signal_D_maPeriod_200_shortPeriod_10,NQ,0.0,0.07312473296002231,0
2010-11-01,double7s__ma200__sp10,double7s_signal_D_maPeriod_200_shortPeriod_10,NQ,0.0,0.07312473296002231,0
2010-11-02,double7s__ma200__sp10,double7s_signal_D_maPeriod_200_shortPeriod_10,NQ,0.0,0.07312473296002231,0
2010-11-03,double7s__ma200__sp10,double7s_signal_D_maPeriod_200_shortPeriod_10,NQ,0.0,0.07312473296002231,0
2010-11-04,double7s__ma200__sp10,double7s_signal_D_maPeriod_200_shortPeriod_10,NQ,0.0,0.07312473296002231,0
2010-11-05,double7s__ma200__sp10,double7s_signal_D_maPeriod_200_shortPeriod_10,NQ,0.0,0.07312473296002231,0
2010-11-08,double7s__ma200__sp10,double7s_signal_D_maPeriod_200_shortPeriod_10,NQ,0.0,0.07312473296002231,0
2010-11-09,double7s__ma200__sp10,double7s_signal_D_maPeriod_200_shortPeriod_10,NQ,0.0,0.07312473296002231,0
2010-11-10,double7s__ma200__sp10,double7s_signal_D_maPeriod_200_shortPeriod_10,NQ,0.0,0.07312473296002231,0
2010-11-11,double7s__ma200__sp10,double7s_signal_D_maPeriod_200_shortPeriod_10,NQ,0.0,0.07312473296002231,0
2010-11-12,double7s__ma200__sp10,double7s_signal_D_maPeriod_200_shortPeriod_10,NQ,0.0,0.07312473296002231,0
2010-11-15,double7s__ma200__sp10,double7s_signal_D_maPeriod_200_shortPeriod_10,NQ,0.0,0.07312473296002231,0
2010-11-16,double7s__ma200__sp10,double7s_signal_D_maPeriod_200_shortPeriod_10,NQ,-0.0077281900981866795,0.06539654286183563,0
2010-11-17,double7s__ma200__sp10,double7s_signal_D_maPeriod_200_shortPeriod_10,NQ,0.0005914272816561415,0.06598797014349178,0
2010-11-18,double7s__ma200__sp10,double7s_signal_D_maPeriod_200_shortPeriod_10,NQ,0.007878394668994057,0.07386636481248583,0
2010-11-19,double7s__ma200__sp10,double7s_signal_D_maPeriod_200_shortPeriod_10,NQ,-0.00025701191163503176,0.0736093529008508,0
2010-11-22,double7s__ma200__sp10,double7s_signal_D_maPeriod_200_shortPeriod_10,NQ,0.0033032523829972732,0.07691260528384808,0
2010-11-23,double7s__ma200__sp10,double7s_signal_D_maPeriod_200_shortPeriod_10,NQ,-0.007207321768047015,0.06970528351580106,0
2010-11-24,double7s__ma200__sp10,double7s_signal_D_maPeriod_200_shortPeriod_10,NQ,0.0061719709535107085,0.07587725446931178,0
2010-11-26,double7s__ma200__sp10,double7s_signal_D_maPeriod_200_shortPeriod_10,NQ,-0.001467983876358394,0.07440927059295338,0
2010-11-29,double7s__ma200__sp10,double7s_signal_D_maPeriod_200_shortPeriod_10,NQ,-0.0009588249669567783,0.0734504456259966,0
2010-11-30,double7s__ma200__sp10,double7s_signal_D_maPeriod_200_shortPeriod_10,NQ,-0.0059318843664203525,0.06751856125957625,0
2010-12-01,double7s__ma200__sp10,double7s_signal_D_maPeriod_200_shortPeriod_10,NQ,0.007698926003045685,0.07521748726262194,0
2010-12-02,double7s__ma200__sp10,double7s_signal_D_maPeriod_200_shortPeriod_10,NQ,0.0,0.07521748726262194,0
2010-12-03,double7s__ma200__sp10,double7s_signal_D_maPeriod_200_shortPeriod_10,NQ,0.0,0.07521748726262194,0
2010-12-06,double7s__ma200__sp10,double7s_signal_D_maPeriod_200_shortPeriod_10,NQ,0.0,0.07521748726262194,0
2010-12-07,double7s__ma200__sp10,double7s_signal_D_maPeriod_200_shortPeriod_10,NQ,0.0,0.07521748726262194,0
2010-12-08,double7s__ma200__sp10,double7s_signal_D_maPeriod_200_shortPeriod_10,NQ,0.0,0.07521748726262194,0
2010-12-09,double7s__ma200__sp10,double7s_signal_D_maPeriod_200_shortPeriod_10,NQ,0.0,0.07521748726262194,0
2010-12-10,double7s__ma200__sp10,double7s_signal_D_maPeriod_200_shortPeriod_10,NQ,0.0,0.07521748726262194,0
2010-12-13,double7s__ma200__sp10,double7s_signal_D_maPeriod_200_shortPeriod_10,NQ,0.0,0.07521748726262194,0
2010-12-14,double7s__ma200__sp10,double7s_signal_D_maPeriod_200_shortPeriod_10,NQ,0.0,0.07521748726262194,0
2010-12-15,double7s__ma200__sp10,double7s_signal_D_maPeriod_200_shortPeriod_10,NQ,0.0,0.07521748726262194,0
2010-12-16,double7s__ma200__sp10,double7s_signal_D_maPeriod_200_shortPeriod_10,NQ,0.0,0.07521748726262194,0
2010-12-17,double7s__ma200__sp10,double7s_signal_D_maPeriod_200_shortPeriod_10,NQ,0.0,0.07521748726262194,0
2010-12-20,double7s__ma200__sp10,double7s_signal_D_maPeriod_200_shortPeriod_10,NQ,0.0,0.07521748726262194,0
2010-12-21,double7s__ma200__sp10,double7s_signal_D_maPeriod_200_shortPeriod_10,NQ,0.0,0.07521748726262194,0
2010-12-22,double7s__ma200__sp10,double7s_signal_D_maPeriod_200_shortPeriod_10,NQ,0.0,0.07521748726262194,0
2010-12-23,double7s__ma200__sp10,double7s_signal_D_maPeriod_200_shortPeriod_10,NQ,0.0,0.07521748726262194,0
2010-12-27,double7s__ma200__sp10,double7s_signal_D_maPeriod_200_shortPeriod_10,NQ,0.0,0.07521748726262194,0
2010-12-28,double7s__ma200__sp10,double7s_signal_D_maPeriod_200_shortPeriod_10,NQ,0.0,0.07521748726262194,0
2010-12-29,double7s__ma200__sp10,double7s_signal_D_maPeriod_200_shortPeriod_10,NQ,0.0,0.07521748726262194,0
2010-12-30,double7s__ma200__sp10,double7s_signal_D_maPeriod_200_shortPeriod_10,NQ,0.0,0.07521748726262194,0
2010-12-31,double7s__ma200__sp10,double7s_signal_D_maPeriod_200_shortPeriod_10,NQ,0.0,0.07521748726262194,0
2011-01-03,double7s__ma200__sp10,double7s_signal_D_maPeriod_200_shortPeriod_10,NQ,0.0,0.07521748726262194,0
2011-01-04,double7s__ma200__sp10,double7s_signal_D_maPeriod_200_shortPeriod_10,NQ,0.0,0.07521748726262194,0
2011-01-05,double7s__ma200__sp10,double7s_signal_D_maPeriod_200_shortPeriod_10,NQ,0.0,0.07521748726262194,0
2011-01-06,double7s__ma200__sp10,double7s_signal_D_maPeriod_200_shortPeriod_10,NQ,0.0,0.07521748726262194,0
2011-01-07,double7s__ma200__sp10,double7s_signal_D_maPeriod_200_shortPeriod_10,NQ,0.0,0.07521748726262194,0
2011-01-10,double7s__ma200__sp10,double7s_signal_D_maPeriod_200_shortPeriod_10,NQ,0.0,0.07521748726262194,0
2011-01-11,double7s__ma200__sp10,double7s_signal_D_maPeriod_200_shortPeriod_10,NQ,0.0,0.07521748726262194,0
2011-01-12,double7s__ma200__sp10,double7s_signal_D_maPeriod_200_shortPeriod_10,NQ,0.0,0.07521748726262194,0
2011-01-13,double7s__ma200__sp10,double7s_signal_D_maPeriod_200_shortPeriod_10,NQ,0.0,0.07521748726262194,0
2011-01-14,double7s__ma200__sp10,double7s_signal_D_maPeriod_200_shortPeriod_10,NQ,0.0,0.07521748726262194,0
2011-01-18,double7s__ma200__sp10,double7s_signal_D_maPeriod_200_shortPeriod_10,NQ,0.0,0.07521748726262194,0
2011-01-19,double7s__ma200__sp10,double7s_signal_D_maPeriod_200_shortPeriod_10,NQ,0.0,0.07521748726262194,0
2011-01-20,double7s__ma200__sp10,double7s_signal_D_maPeriod_200_shortPeriod_10,NQ,0.0,0.07521748726262194,0
2011-01-21,double7s__ma200__sp10,double7s_signal_D_maPeriod_200_shortPeriod_10,NQ,0.0,0.07521748726262194,0
2011-01-24,double7s__ma200__sp10,double7s_signal_D_maPeriod_200_shortPeriod_10,NQ,0.006073896304472305,0.08129138356709424,0
2011-01-25,double7s__ma200__sp10,double7s_signal_D_maPeriod_200_shortPeriod_10,NQ,0.0005755458360986363,0.08186692940319287,0
2011-01-26,double7s__ma200__sp10,double7s_signal_D_maPeriod_200_shortPeriod_10,NQ,0.003771439774901792,0.08563836917809467,0
2011-01-27,double7s__ma200__sp10,double7s_signal_D_maPeriod_200_shortPeriod_10,NQ,0.0010311454675700812,0.08666951464566475,0
2011-01-28,double7s__ma200__sp10,double7s_signal_D_maPeriod_200_shortPeriod_10,NQ,-0.01118920383650895,0.07548031080915579,0
2011-01-31,double7s__ma200__sp10,double7s_signal_D_maPeriod_200_shortPeriod_10,NQ,0.0016203729454457325,0.07710068375460152,0
2011-02-01,double7s__ma200__sp10,double7s_signal_D_maPeriod_200_shortPeriod_10,NQ,0.007965250777351593,0.08506593453195312,0
2011-02-02,double7s__ma200__sp10,double7s_signal_D_maPeriod_200_shortPeriod_10,NQ,-0.00013630812496055614,0.08492962640699256,0
2011-02-03,double7s__ma200__sp10,double7s_signal_D_maPeriod_200_shortPeriod_10,NQ,0.0005671430830523205,0.08549676949004488,0
2011-02-04,double7s__ma200__sp10,double7s_signal_D_maPeriod_200_shortPeriod_10,NQ,0.003139554986302931,0.08863632447634781,0
2011-02-07,double7s__ma200__sp10,double7s_signal_D_maPeriod_200_shortPeriod_10,NQ,0.0,0.08863632447634781,0
2011-02-08,double7s__ma200__sp10,double7s_signal_D_maPeriod_200_shortPeriod_10,NQ,0.0,0.08863632447634781,0
2011-02-09,double7s__ma200__sp10,double7s_signal_D_maPeriod_200_shortPeriod_10,NQ,0.0,0.08863632447634781,0
2011-02-10,double7s__ma200__sp10,double7s_signal_D_maPeriod_200_shortPeriod_10,NQ,0.0,0.08863632447634781,0
2011-02-11,double7s__ma200__sp10,double7s_signal_D_maPeriod_200_shortPeriod_10,NQ,0.0,0.08863632447634781,0
2011-02-14,double7s__ma200__sp10,double7s_signal_D_maPeriod_200_shortPeriod_10,NQ,0.0,0.08863632447634781,0
2011-02-15,double7s__ma200__sp10,double7s_signal_D_maPeriod_200_shortPeriod_10,NQ,0.0,0.08863632447634781,0
2011-02-16,double7s__ma200__sp10,double7s_signal_D_maPeriod_200_shortPeriod_10,NQ,0.0,0.08863632447634781,0
2011-02-17,double7s__ma200__sp10,double7s_signal_D_maPeriod_200_shortPeriod_10,NQ,0.0,0.08863632447634781,0
2011-02-18,double7s__ma200__sp10,double7s_signal_D_maPeriod_200_shortPeriod_10,NQ,0.0,0.08863632447634781,0
2011-02-22,double7s__ma200__sp10,double7s_signal_D_maPeriod_200_shortPeriod_10,NQ,0.0,0.08863632447634781,0
2011-02-23,double7s__ma200__sp10,double7s_signal_D_maPeriod_200_shortPeriod_10,NQ,-0.0016527105490831934,0.08698361392726461,0
2011-02-24,double7s__ma200__sp10,double7s_signal_D_maPeriod_200_shortPeriod_10,NQ,0.0010830179853614753,0.08806663191262609,0
2011-02-25,double7s__ma200__sp10,double7s_signal_D_maPeriod_200_shortPeriod_10,NQ,0.007362679400049958,0.09542931131267605,0
2011-02-28,double7s__ma200__sp10,double7s_signal_D_maPeriod_200_shortPeriod_10,NQ,0.0008243057702158511,0.0962536170828919,0
2011-03-01,double7s__ma200__sp10,double7s_signal_D_maPeriod_200_shortPeriod_10,NQ,-0.008129929992123124,0.08812368709076877,0
2011-03-02,double7s__ma200__sp10,double7s_signal_D_maPeriod_200_shortPeriod_10,NQ,0.0017555844883865035,0.08987927157915528,0
2011-03-03,double7s__ma200__sp10,double7s_signal_D_maPeriod_200_shortPeriod_10,NQ,0.010210191234194674,0.10008946281334995,0
2011-03-04,double7s__ma200__sp10,double7s_signal_D_maPeriod_200_shortPeriod_10,NQ,-0.001421025370923992,0.09866843744242595,0
2011-03-07,double7s__ma200__sp10,double7s_signal_D_maPeriod_200_shortPeriod_10,NQ,-0.00734302511436137,0.09132541232806458,0
2011-03-08,double7s__ma200__sp10,double7s_signal_D_maPeriod_200_shortPeriod_10,NQ,0.0015371946670584028,0.09286260699512298,0
2011-03-09,double7s__ma200__sp10,double7s_signal_D_maPeriod_200_shortPeriod_10,NQ,-0.004587649475653945,0.08827495751946904,0
2011-03-10,double7s__ma200__sp10,double7s_signal_D_maPeriod_200_shortPeriod_10,NQ,-0.00605782958090831,0.08221712793856073,0
2011-03-11,double7s__ma200__sp10,double7s_signal_D_maPeriod_200_shortPeriod_10,NQ,0.004228124017931912,0.08644525195649264,0
2011-03-14,double7s__ma200__sp10,double7s_signal_D_maPeriod_200_shortPeriod_10,NQ,-0.000932555786677929,0.0855126961698147,0
2011-03-15,double7s__ma200__sp10,double7s_signal_D_maPeriod_200_shortPeriod_10,NQ,-0.00931598078049381,0.0761967153893209,0
2011-03-16,double7s__ma200__sp10,double7s_signal_D_maPeriod_200_shortPeriod_10,NQ,-0.00509010150442016,0.07110661388490074,0
2011-03-17,double7s__ma200__sp10,double7s_signal_D_maPeriod_200_shortPeriod_10,NQ,0.0027080473031194383,0.07381466118802017,0
2011-03-18,double7s__ma200__sp10,double7s_signal_D_maPeriod_200_shortPeriod_10,NQ,-0.0008395818787652243,0.07297507930925495,0
2011-03-21,double7s__ma200__sp10,double7s_signal_D_maPeriod_200_shortPeriod_10,NQ,0.006592811655709977,0.07956789096496493,0
2011-03-22,double7s__ma200__sp10,double7s_signal_D_maPeriod_200_shortPeriod_10,NQ,0.00016588751329976113,0.0797337784782647,0
2011-03-23,double7s__ma200__sp10,double7s_signal_D_maPeriod_200_shortPeriod_10,NQ,0.00187600116100166,0.08160977963926636,0
2011-03-24,double7s__ma200__sp10,double7s_signal_D_maPeriod_200_shortPeriod_10,NQ,0.00902313451967195,0.0906329141589383,0
2011-03-25,double7s__ma200__sp10,double7s_signal_D_maPeriod_200_shortPeriod_10,NQ,0.0,0.0906329141589383,0
2011-03-28,double7s__ma200__sp10,double7s_signal_D_maPeriod_200_shortPeriod_10,NQ,0.0,0.0906329141589383,0
2011-03-29,double7s__ma200__sp10,double7s_signal_D_maPeriod_200_shortPeriod_10,NQ,0.0,0.0906329141589383,0
2011-03-30,double7s__ma200__sp10,double7s_signal_D_maPeriod_200_shortPeriod_10,NQ,0.0,0.0906329141589383,0
2011-03-31,double7s__ma200__sp10,double7s_signal_D_maPeriod_200_shortPeriod_10,NQ,0.0,0.0906329141589383,0
2011-04-01,double7s__ma200__sp10,double7s_signal_D_maPeriod_200_shortPeriod_10,NQ,0.0,0.0906329141589383,0
2011-04-04,double7s__ma200__sp10,double7s_signal_D_maPeriod_200_shortPeriod_10,NQ,0.0,0.0906329141589383,0
2011-04-05,double7s__ma200__sp10,double7s_signal_D_maPeriod_200_shortPeriod_10,NQ,0.0,0.0906329141589383,0
2011-04-06,double7s__ma200__sp10,double7s_signal_D_maPeriod_200_shortPeriod_10,NQ,0.0,0.0906329141589383,0
2011-04-07,double7s__ma200__sp10,double7s_signal_D_maPeriod_200_shortPeriod_10,NQ,0.0,0.0906329141589383,0
2011-04-08,double7s__ma200__sp10,double7s_signal_D_maPeriod_200_shortPeriod_10,NQ,0.0,0.0906329141589383,0
2011-04-11,double7s__ma200__sp10,double7s_signal_D_maPeriod_200_shortPeriod_10,NQ,0.0,0.0906329141589383,0
2011-04-12,double7s__ma200__sp10,double7s_signal_D_maPeriod_200_shortPeriod_10,NQ,0.0,0.0906329141589383,0
2011-04-13,double7s__ma200__sp10,double7s_signal_D_maPeriod_200_shortPeriod_10,NQ,0.0033621785601746345,0.09399509271911294,0
2011-04-14,double7s__ma200__sp10,double7s_signal_D_maPeriod_200_shortPeriod_10,NQ,-0.0017055279496953877,0.09228956476941755,0
2011-04-15,double7s__ma200__sp10,double7s_signal_D_maPeriod_200_shortPeriod_10,NQ,0.0016535771693387826,0.09394314193875633,0
2011-04-18,double7s__ma200__sp10,double7s_signal_D_maPeriod_200_shortPeriod_10,NQ,-0.003725209859776549,0.09021793207897978,0
2011-04-19,double7s__ma200__sp10,double7s_signal_D_maPeriod_200_shortPeriod_10,NQ,0.004552191953690294,0.09477012403267007,0
2011-04-20,double7s__ma200__sp10,double7s_signal_D_maPeriod_200_shortPeriod_10,NQ,0.008481319192281565,0.10325144322495164,0
2011-04-21,double7s__ma200__sp10,double7s_signal_D_maPeriod_200_shortPeriod_10,NQ,0.0,0.10325144322495164,0
2011-04-25,double7s__ma200__sp10,double7s_signal_D_maPeriod_200_shortPeriod_10,NQ,0.0,0.10325144322495164,0
2011-04-26,double7s__ma200__sp10,double7s_signal_D_maPeriod_200_shortPeriod_10,NQ,0.0,0.10325144322495164,0
2011-04-27,double7s__ma200__sp10,double7s_signal_D_maPeriod_200_shortPeriod_10,NQ,0.0,0.10325144322495164,0
2011-04-28,double7s__ma200__sp10,double7s_signal_D_maPeriod_200_shortPeriod_10,NQ,0.0,0.10325144322495164,0
2011-04-29,double7s__ma200__sp10,double7s_signal_D_maPeriod_200_shortPeriod_10,NQ,0.0,0.10325144322495164,0
2011-05-02,double7s__ma200__sp10,double7s_signal_D_maPeriod_200_shortPeriod_10,NQ,0.0,0.10325144322495164,0
2011-05-03,double7s__ma200__sp10,double7s_signal_D_maPeriod_200_shortPeriod_10,NQ,0.0,0.10325144322495164,0
2011-05-04,double7s__ma200__sp10,double7s_signal_D_maPeriod_200_shortPeriod_10,NQ,0.0,0.10325144322495164,0
2011-05-05,double7s__ma200__sp10,double7s_signal_D_maPeriod_200_shortPeriod_10,NQ,0.0,0.10325144322495164,0
2011-05-06,double7s__ma200__sp10,double7s_signal_D_maPeriod_200_shortPeriod_10,NQ,0.0,0.10325144322495164,0
2011-05-09,double7s__ma200__sp10,double7s_signal_D_maPeriod_200_shortPeriod_10,NQ,0.0017323735846091863,0.10498381680956083,0
2011-05-10,double7s__ma200__sp10,double7s_signal_D_maPeriod_200_shortPeriod_10,NQ,0.004674369837451334,0.10965818664701216,0
2011-05-11,double7s__ma200__sp10,double7s_signal_D_maPeriod_200_shortPeriod_10,NQ,0.0,0.10965818664701216,0
2011-05-12,double7s__ma200__sp10,double7s_signal_D_maPeriod_200_shortPeriod_10,NQ,0.0,0.10965818664701216,0
2011-05-13,double7s__ma200__sp10,double7s_signal_D_maPeriod_200_shortPeriod_10,NQ,0.0,0.10965818664701216,0
2011-05-16,double7s__ma200__sp10,double7s_signal_D_maPeriod_200_shortPeriod_10,NQ,-0.00489559006146029,0.10476259658555187,0
2011-05-17,double7s__ma200__sp10,double7s_signal_D_maPeriod_200_shortPeriod_10,NQ,0.0005484311105808375,0.10531102769613271,0
2011-05-18,double7s__ma200__sp10,double7s_signal_D_maPeriod_200_shortPeriod_10,NQ,0.004150538446252244,0.10946156614238495,0
2011-05-19,double7s__ma200__sp10,double7s_signal_D_maPeriod_200_shortPeriod_10,NQ,0.0014310391729127976,0.11089260531529775,0
2011-05-20,double7s__ma200__sp10,double7s_signal_D_maPeriod_200_shortPeriod_10,NQ,-0.005119774570098594,0.10577283074519916,0
2011-05-23,double7s__ma200__sp10,double7s_signal_D_maPeriod_200_shortPeriod_10,NQ,-0.005257012243562427,0.10051581850163674,0
2011-05-24,double7s__ma200__sp10,double7s_signal_D_maPeriod_200_shortPeriod_10,NQ,-0.002573668348721756,0.09794215015291498,0
2011-05-25,double7s__ma200__sp10,double7s_signal_D_maPeriod_200_shortPeriod_10,NQ,0.0018088095342627742,0.09975095968717775,0
2011-05-26,double7s__ma200__sp10,double7s_signal_D_maPeriod_200_shortPeriod_10,NQ,0.0031968483662752362,0.10294780805345298,0
2011-05-27,double7s__ma200__sp10,double7s_signal_D_maPeriod_200_shortPeriod_10,NQ,0.0012347498998833946,0.10418255795333638,0
2011-05-31,double7s__ma200__sp10,double7s_signal_D_maPeriod_200_shortPeriod_10,NQ,0.008300914991570917,0.11248347294490729,0
2011-06-01,double7s__ma200__sp10,double7s_signal_D_maPeriod_200_shortPeriod_10,NQ,0.0,0.11248347294490729,0
2011-06-02,double7s__ma200__sp10,double7s_signal_D_maPeriod_200_shortPeriod_10,NQ,0.0,0.11248347294490729,0
2011-06-03,double7s__ma200__sp10,double7s_signal_D_maPeriod_200_shortPeriod_10,NQ,0.0,0.11248347294490729,0
2011-06-06,double7s__ma200__sp10,double7s_signal_D_maPeriod_200_shortPeriod_10,NQ,-0.002198210639325727,0.11028526230558157,0
2011-06-07,double7s__ma200__sp10,double7s_signal_D_maPeriod_200_shortPeriod_10,NQ,-5.1981238693384335e-05,0.11023328106688818,0
2011-06-08,double7s__ma200__sp10,double7s_signal_D_maPeriod_200_shortPeriod_10,NQ,-0.005315097170055568,0.1049181838968326,0
2011-06-09,double7s__ma200__sp10,double7s_signal_D_maPeriod_200_shortPeriod_10,NQ,0.00035480074161749095,0.1052729846384501,0
2011-06-10,double7s__ma200__sp10,double7s_signal_D_maPeriod_200_shortPeriod_10,NQ,-0.006542788779852213,0.09873019585859788,0
2011-06-13,double7s__ma200__sp10,double7s_signal_D_maPeriod_200_shortPeriod_10,NQ,0.0011092379337210296,0.09983943379231891,0
2011-06-14,double7s__ma200__sp10,double7s_signal_D_maPeriod_200_shortPeriod_10,NQ,0.0051804249596264455,0.10501985875194536,0
2011-06-15,double7s__ma200__sp10,double7s_signal_D_maPeriod_200_shortPeriod_10,NQ,-0.007849152837030844,0.09717070591491452,0
2011-06-16,double7s__ma200__sp10,double7s_signal_D_maPeriod_200_shortPeriod_10,NQ,-0.0017392838162365472,0.09543142209867797,0
2011-06-17,double7s__ma200__sp10,double7s_signal_D_maPeriod_200_shortPeriod_10,NQ,-0.0011075509972081087,0.09432387110146986,0
2011-06-20,double7s__ma200__sp10,double7s_signal_D_maPeriod_200_shortPeriod_10,NQ,0.0022143174876820796,0.09653818858915195,0
2011-06-21,double7s__ma200__sp10,double7s_signal_D_maPeriod_200_shortPeriod_10,NQ,0.00933688939201719,0.10587507798116913,0
2011-06-22,double7s__ma200__sp10,double7s_signal_D_maPeriod_200_shortPeriod_10,NQ,-0.001877394517491911,0.10399768346367722,0
2011-06-23,double7s__ma200__sp10,double7s_signal_D_maPeriod_200_shortPeriod_10,NQ,0.0017795920812211576,0.10577727554489837,0
2011-06-24,double7s__ma200__sp10,double7s_signal_D_maPeriod_200_shortPeriod_10,NQ,-0.00624103061865312,0.09953624492624524,0
2011-06-27,double7s__ma200__sp10,double7s_signal_D_maPeriod_200_shortPeriod_10,NQ,0.007365850725993689,0.10690209565223893,0
2011-06-28,double7s__ma200__sp10,double7s_signal_D_maPeriod_200_shortPeriod_10,NQ,0.0,0.10690209565223893,0
2011-06-29,double7s__ma200__sp10,double7s_signal_D_maPeriod_200_shortPeriod_10,NQ,0.0,0.10690209565223893,0
2011-06-30,double7s__ma200__sp10,double7s_signal_D_maPeriod_200_shortPeriod_10,NQ,0.0,0.10690209565223893,0
2011-07-01,double7s__ma200__sp10,double7s_signal_D_maPeriod_200_shortPeriod_10,NQ,0.0,0.10690209565223893,0
2011-07-05,double7s__ma200__sp10,double7s_signal_D_maPeriod_200_shortPeriod_10,NQ,0.0,0.10690209565223893,0
2011-07-06,double7s__ma200__sp10,double7s_signal_D_maPeriod_200_shortPeriod_10,NQ,0.0,0.10690209565223893,0
2011-07-07,double7s__ma200__sp10,double7s_signal_D_maPeriod_200_shortPeriod_10,NQ,0.0,0.10690209565223893,0
2011-07-08,double7s__ma200__sp10,double7s_signal_D_maPeriod_200_shortPeriod_10,NQ,0.0,0.10690209565223893,0
2011-07-11,double7s__ma200__sp10,double7s_signal_D_maPeriod_200_shortPeriod_10,NQ,0.0,0.10690209565223893,0
2011-07-12,double7s__ma200__sp10,double7s_signal_D_maPeriod_200_shortPeriod_10,NQ,0.0,0.10690209565223893,0
2011-07-13,double7s__ma200__sp10,double7s_signal_D_maPeriod_200_shortPeriod_10,NQ,0.0,0.10690209565223893,0
2011-07-14,double7s__ma200__sp10,double7s_signal_D_maPeriod_200_shortPeriod_10,NQ,0.0,0.10690209565223893,0
2011-07-15,double7s__ma200__sp10,double7s_signal_D_maPeriod_200_shortPeriod_10,NQ,0.0,0.10690209565223893,0
2011-07-18,double7s__ma200__sp10,double7s_signal_D_maPeriod_200_shortPeriod_10,NQ,0.0,0.10690209565223893,0
2011-07-19,double7s__ma200__sp10,double7s_signal_D_maPeriod_200_shortPeriod_10,NQ,0.0,0.10690209565223893,0
2011-07-20,double7s__ma200__sp10,double7s_signal_D_maPeriod_200_shortPeriod_10,NQ,0.0,0.10690209565223893,0
2011-07-21,double7s__ma200__sp10,double7s_signal_D_maPeriod_200_shortPeriod_10,NQ,0.0,0.10690209565223893,0
2011-07-22,double7s__ma200__sp10,double7s_signal_D_maPeriod_200_shortPeriod_10,NQ,0.0,0.10690209565223893,0
2011-07-25,double7s__ma200__sp10,double7s_signal_D_maPeriod_200_shortPeriod_10,NQ,0.0,0.10690209565223893,0
2011-07-26,double7s__ma200__sp10,double7s_signal_D_maPeriod_200_shortPeriod_10,NQ,0.0,0.10690209565223893,0
2011-07-27,double7s__ma200__sp10,double7s_signal_D_maPeriod_200_shortPeriod_10,NQ,0.0,0.10690209565223893,0
2011-07-28,double7s__ma200__sp10,double7s_signal_D_maPeriod_200_shortPeriod_10,NQ,0.0,0.10690209565223893,0
2011-07-29,double7s__ma200__sp10,double7s_signal_D_maPeriod_200_shortPeriod_10,NQ,0.0,0.10690209565223893,0
2011-08-01,double7s__ma200__sp10,double7s_signal_D_maPeriod_200_shortPeriod_10,NQ,0.0,0.10690209565223893,0
2011-08-02,double7s__ma200__sp10,double7s_signal_D_maPeriod_200_shortPeriod_10,NQ,0.0,0.10690209565223893,0
2011-08-03,double7s__ma200__sp10,double7s_signal_D_maPeriod_200_shortPeriod_10,NQ,0.0013807417385381477,0.10828283739077708,0
2011-08-04,double7s__ma200__sp10,double7s_signal_D_maPeriod_200_shortPeriod_10,NQ,-0.019646862911646103,0.08863597447913098,0
2011-08-05,double7s__ma200__sp10,double7s_signal_D_maPeriod_200_shortPeriod_10,NQ,-0.0019806021014200587,0.08665537237771091,0
2011-08-08,double7s__ma200__sp10,double7s_signal_D_maPeriod_200_shortPeriod_10,NQ,-0.01918009233278395,0.06747528004492696,0
2011-08-09,double7s__ma200__sp10,double7s_signal_D_maPeriod_200_shortPeriod_10,NQ,0.005377909940453364,0.07285318998538033,0
2011-08-10,double7s__ma200__sp10,double7s_signal_D_maPeriod_200_shortPeriod_10,NQ,-0.0039425820959759815,0.06891060788940435,0
2011-08-11,double7s__ma200__sp10,double7s_signal_D_maPeriod_200_shortPeriod_10,NQ,0.006587458499725553,0.07549806638912991,0
2011-08-12,double7s__ma200__sp10,double7s_signal_D_maPeriod_200_shortPeriod_10,NQ,0.0017096639634437013,0.07720773035257361,0
2011-08-15,double7s__ma200__sp10,double7s_signal_D_maPeriod_200_shortPeriod_10,NQ,0.004484172311849833,0.08169190266442344,0
2011-08-16,double7s__ma200__sp10,double7s_signal_D_maPeriod_200_shortPeriod_10,NQ,-0.0010151130711205446,0.0806767895933029,0
2011-08-17,double7s__ma200__sp10,double7s_signal_D_maPeriod_200_shortPeriod_10,NQ,-0.004805073226222645,0.07587171636708026,0
2011-08-18,double7s__ma200__sp10,double7s_signal_D_maPeriod_200_shortPeriod_10,NQ,-0.020020502444804297,0.05585121392227596,0
2011-08-19,double7s__ma200__sp10,double7s_signal_D_maPeriod_200_shortPeriod_10,NQ,-0.0032460629894333483,0.05260515093284261,0
2011-08-22,double7s__ma200__sp10,double7s_signal_D_maPeriod_200_shortPeriod_10,NQ,0.0003967575146698514,0.053001908447512465,0
2011-08-23,double7s__ma200__sp10,double7s_signal_D_maPeriod_200_shortPeriod_10,NQ,0.01663526143749995,0.06963716988501242,0
2011-08-24,double7s__ma200__sp10,double7s_signal_D_maPeriod_200_shortPeriod_10,NQ,0.001248924282123234,0.07088609416713566,0
2011-08-25,double7s__ma200__sp10,double7s_signal_D_maPeriod_200_shortPeriod_10,NQ,-0.005835520820924319,0.06505057334621134,0
2011-08-26,double7s__ma200__sp10,double7s_signal_D_maPeriod_200_shortPeriod_10,NQ,0.010078840149575755,0.0751294134957871,0
2011-08-29,double7s__ma200__sp10,double7s_signal_D_maPeriod_200_shortPeriod_10,NQ,0.006545047460123254,0.08167446095591036,0
2011-08-30,double7s__ma200__sp10,double7s_signal_D_maPeriod_200_shortPeriod_10,NQ,0.0,0.08167446095591036,0
2011-08-31,double7s__ma200__sp10,double7s_signal_D_maPeriod_200_shortPeriod_10,NQ,0.0,0.08167446095591036,0
2011-09-01,double7s__ma200__sp10,double7s_signal_D_maPeriod_200_shortPeriod_10,NQ,0.0,0.08167446095591036,0
2011-09-02,double7s__ma200__sp10,double7s_signal_D_maPeriod_200_shortPeriod_10,NQ,0.0,0.08167446095591036,0
2011-09-06,double7s__ma200__sp10,double7s_signal_D_maPeriod_200_shortPeriod_10,NQ,0.0,0.08167446095591036,0
2011-09-07,double7s__ma200__sp10,double7s_signal_D_maPeriod_200_shortPeriod_10,NQ,0.0,0.08167446095591036,0
2011-09-08,double7s__ma200__sp10,double7s_signal_D_maPeriod_200_shortPeriod_10,NQ,0.0,0.08167446095591036,0
2011-09-09,double7s__ma200__sp10,double7s_signal_D_maPeriod_200_shortPeriod_10,NQ,0.0,0.08167446095591036,0
2011-09-12,double7s__ma200__sp10,double7s_signal_D_maPeriod_200_shortPeriod_10,NQ,0.0,0.08167446095591036,0
2011-09-13,double7s__ma200__sp10,double7s_signal_D_maPeriod_200_shortPeriod_10,NQ,0.0,0.08167446095591036,0
2011-09-14,double7s__ma200__sp10,double7s_signal_D_maPeriod_200_shortPeriod_10,NQ,0.0,0.08167446095591036,0
2011-09-15,double7s__ma200__sp10,double7s_signal_D_maPeriod_200_shortPeriod_10,NQ,0.0,0.08167446095591036,0
2011-09-16,double7s__ma200__sp10,double7s_signal_D_maPeriod_200_shortPeriod_10,NQ,0.0,0.08167446095591036,0
2011-09-19,double7s__ma200__sp10,double7s_signal_D_maPeriod_200_shortPeriod_10,NQ,0.0,0.08167446095591036,0
2011-09-20,double7s__ma200__sp10,double7s_signal_D_maPeriod_200_shortPeriod_10,NQ,0.0,0.08167446095591036,0
2011-09-21,double7s__ma200__sp10,double7s_signal_D_maPeriod_200_shortPeriod_10,NQ,0.0,0.08167446095591036,0
2011-09-22,double7s__ma200__sp10,double7s_signal_D_maPeriod_200_shortPeriod_10,NQ,0.0,0.08167446095591036,0
2011-09-23,double7s__ma200__sp10,double7s_signal_D_maPeriod_200_shortPeriod_10,NQ,0.0,0.08167446095591036,0
2011-09-26,double7s__ma200__sp10,double7s_signal_D_maPeriod_200_shortPeriod_10,NQ,0.0,0.08167446095591036,0
2011-09-27,double7s__ma200__sp10,double7s_signal_D_maPeriod_200_shortPeriod_10,NQ,0.0,0.08167446095591036,0
2011-09-28,double7s__ma200__sp10,double7s_signal_D_maPeriod_200_shortPeriod_10,NQ,0.0,0.08167446095591036,0
2011-09-29,double7s__ma200__sp10,double7s_signal_D_maPeriod_200_shortPeriod_10,NQ,0.0,0.08167446095591036,0
2011-09-30,double7s__ma200__sp10,double7s_signal_D_maPeriod_200_shortPeriod_10,NQ,0.0,0.08167446095591036,0
2011-10-03,double7s__ma200__sp10,double7s_signal_D_maPeriod_200_shortPeriod_10,NQ,0.0,0.08167446095591036,0
2011-10-04,double7s__ma200__sp10,double7s_signal_D_maPeriod_200_shortPeriod_10,NQ,0.0,0.08167446095591036,0
2011-10-05,double7s__ma200__sp10,double7s_signal_D_maPeriod_200_shortPeriod_10,NQ,0.0,0.08167446095591036,0
2011-10-06,double7s__ma200__sp10,double7s_signal_D_maPeriod_200_shortPeriod_10,NQ,0.0,0.08167446095591036,0
2011-10-07,double7s__ma200__sp10,double7s_signal_D_maPeriod_200_shortPeriod_10,NQ,0.0,0.08167446095591036,0
2011-10-10,double7s__ma200__sp10,double7s_signal_D_maPeriod_200_shortPeriod_10,NQ,0.0,0.08167446095591036,0
2011-10-11,double7s__ma200__sp10,double7s_signal_D_maPeriod_200_shortPeriod_10,NQ,0.0,0.08167446095591036,0
2011-10-12,double7s__ma200__sp10,double7s_signal_D_maPeriod_200_shortPeriod_10,NQ,0.0,0.08167446095591036,0
2011-10-13,double7s__ma200__sp10,double7s_signal_D_maPeriod_200_shortPeriod_10,NQ,0.0,0.08167446095591036,0
2011-10-14,double7s__ma200__sp10,double7s_signal_D_maPeriod_200_shortPeriod_10,NQ,0.0,0.08167446095591036,0
2011-10-17,double7s__ma200__sp10,double7s_signal_D_maPeriod_200_shortPeriod_10,NQ,0.0,0.08167446095591036,0
2011-10-18,double7s__ma200__sp10,double7s_signal_D_maPeriod_200_shortPeriod_10,NQ,0.0,0.08167446095591036,0
2011-10-19,double7s__ma200__sp10,double7s_signal_D_maPeriod_200_shortPeriod_10,NQ,0.0,0.08167446095591036,0
2011-10-20,double7s__ma200__sp10,double7s_signal_D_maPeriod_200_shortPeriod_10,NQ,0.0,0.08167446095591036,0
2011-10-21,double7s__ma200__sp10,double7s_signal_D_maPeriod_200_shortPeriod_10,NQ,0.0,0.08167446095591036,0
2011-10-24,double7s__ma200__sp10,double7s_signal_D_maPeriod_200_shortPeriod_10,NQ,0.0,0.08167446095591036,0
2011-10-25,double7s__ma200__sp10,double7s_signal_D_maPeriod_200_shortPeriod_10,NQ,0.0,0.08167446095591036,0
2011-10-26,double7s__ma200__sp10,double7s_signal_D_maPeriod_200_shortPeriod_10,NQ,0.0,0.08167446095591036,0
2011-10-27,double7s__ma200__sp10,double7s_signal_D_maPeriod_200_shortPeriod_10,NQ,0.0,0.08167446095591036,0
2011-10-28,double7s__ma200__sp10,double7s_signal_D_maPeriod_200_shortPeriod_10,NQ,0.0,0.08167446095591036,0
2011-10-31,double7s__ma200__sp10,double7s_signal_D_maPeriod_200_shortPeriod_10,NQ,0.0,0.08167446095591036,0
2011-11-01,double7s__ma200__sp10,double7s_signal_D_maPeriod_200_shortPeriod_10,NQ,0.0,0.08167446095591036,0
2011-11-02,double7s__ma200__sp10,double7s_signal_D_maPeriod_200_shortPeriod_10,NQ,0.0,0.08167446095591036,0
2011-11-03,double7s__ma200__sp10,double7s_signal_D_maPeriod_200_shortPeriod_10,NQ,0.0,0.08167446095591036,0
2011-11-04,double7s__ma200__sp10,double7s_signal_D_maPeriod_200_shortPeriod_10,NQ,0.0,0.08167446095591036,0
2011-11-07,double7s__ma200__sp10,double7s_signal_D_maPeriod_200_shortPeriod_10,NQ,0.0,0.08167446095591036,0
2011-11-08,double7s__ma200__sp10,double7s_signal_D_maPeriod_200_shortPeriod_10,NQ,0.0,0.08167446095591036,0
2011-11-09,double7s__ma200__sp10,double7s_signal_D_maPeriod_200_shortPeriod_10,NQ,0.0,0.08167446095591036,0
2011-11-10,double7s__ma200__sp10,double7s_signal_D_maPeriod_200_shortPeriod_10,NQ,0.0,0.08167446095591036,0
2011-11-11,double7s__ma200__sp10,double7s_signal_D_maPeriod_200_shortPeriod_10,NQ,0.0,0.08167446095591036,0
2011-11-14,double7s__ma200__sp10,double7s_signal_D_maPeriod_200_shortPeriod_10,NQ,0.0,0.08167446095591036,0
2011-11-15,double7s__ma200__sp10,double7s_signal_D_maPeriod_200_shortPeriod_10,NQ,0.0,0.08167446095591036,0
2011-11-16,double7s__ma200__sp10,double7s_signal_D_maPeriod_200_shortPeriod_10,NQ,0.0,0.08167446095591036,0
2011-11-17,double7s__ma200__sp10,double7s_signal_D_maPeriod_200_shortPeriod_10,NQ,0.0,0.08167446095591036,0
2011-11-18,double7s__ma200__sp10,double7s_signal_D_maPeriod_200_shortPeriod_10,NQ,0.0,0.08167446095591036,0
2011-11-21,double7s__ma200__sp10,double7s_signal_D_maPeriod_200_shortPeriod_10,NQ,0.0,0.08167446095591036,0
2011-11-22,double7s__ma200__sp10,double7s_signal_D_maPeriod_200_shortPeriod_10,NQ,0.0,0.08167446095591036,0
2011-11-23,double7s__ma200__sp10,double7s_signal_D_maPeriod_200_shortPeriod_10,NQ,0.0,0.08167446095591036,0
2011-11-25,double7s__ma200__sp10,double7s_signal_D_maPeriod_200_shortPeriod_10,NQ,0.0,0.08167446095591036,0
2011-11-28,double7s__ma200__sp10,double7s_signal_D_maPeriod_200_shortPeriod_10,NQ,0.0,0.08167446095591036,0
2011-11-29,double7s__ma200__sp10,double7s_signal_D_maPeriod_200_shortPeriod_10,NQ,0.0,0.08167446095591036,0
2011-11-30,double7s__ma200__sp10,double7s_signal_D_maPeriod_200_shortPeriod_10,NQ,0.0,0.08167446095591036,0
2011-12-01,double7s__ma200__sp10,double7s_signal_D_maPeriod_200_shortPeriod_10,NQ,0.0,0.08167446095591036,0
2011-12-02,double7s__ma200__sp10,double7s_signal_D_maPeriod_200_shortPeriod_10,NQ,0.0,0.08167446095591036,0
2011-12-05,double7s__ma200__sp10,double7s_signal_D_maPeriod_200_shortPeriod_10,NQ,0.0,0.08167446095591036,0
2011-12-06,double7s__ma200__sp10,double7s_signal_D_maPeriod_200_shortPeriod_10,NQ,0.0,0.08167446095591036,0
2011-12-07,double7s__ma200__sp10,double7s_signal_D_maPeriod_200_shortPeriod_10,NQ,0.0,0.08167446095591036,0
2011-12-08,double7s__ma200__sp10,double7s_signal_D_maPeriod_200_shortPeriod_10,NQ,0.0,0.08167446095591036,0
2011-12-09,double7s__ma200__sp10,double7s_signal_D_maPeriod_200_shortPeriod_10,NQ,0.0,0.08167446095591036,0
2011-12-12,double7s__ma200__sp10,double7s_signal_D_maPeriod_200_shortPeriod_10,NQ,0.0,0.08167446095591036,0
2011-12-13,double7s__ma200__sp10,double7s_signal_D_maPeriod_200_shortPeriod_10,NQ,0.0,0.08167446095591036,0
2011-12-14,double7s__ma200__sp10,double7s_signal_D_maPeriod_200_shortPeriod_10,NQ,0.0,0.08167446095591036,0
2011-12-15,double7s__ma200__sp10,double7s_signal_D_maPeriod_200_shortPeriod_10,NQ,0.0,0.08167446095591036,0
2011-12-16,double7s__ma200__sp10,double7s_signal_D_maPeriod_200_shortPeriod_10,NQ,0.0,0.08167446095591036,0
2011-12-19,double7s__ma200__sp10,double7s_signal_D_maPeriod_200_shortPeriod_10,NQ,0.0,0.08167446095591036,0
2011-12-20,double7s__ma200__sp10,double7s_signal_D_maPeriod_200_shortPeriod_10,NQ,0.0,0.08167446095591036,0
2011-12-21,double7s__ma200__sp10,double7s_signal_D_maPeriod_200_shortPeriod_10,NQ,0.0,0.08167446095591036,0
2011-12-22,double7s__ma200__sp10,double7s_signal_D_maPeriod_200_shortPeriod_10,NQ,0.0,0.08167446095591036,0
2011-12-23,double7s__ma200__sp10,double7s_signal_D_maPeriod_200_shortPeriod_10,NQ,0.0,0.08167446095591036,0
2011-12-27,double7s__ma200__sp10,double7s_signal_D_maPeriod_200_shortPeriod_10,NQ,0.0,0.08167446095591036,0
2011-12-28,double7s__ma200__sp10,double7s_signal_D_maPeriod_200_shortPeriod_10,NQ,0.0,0.08167446095591036,0
2011-12-29,double7s__ma200__sp10,double7s_signal_D_maPeriod_200_shortPeriod_10,NQ,0.0,0.08167446095591036,0
2011-12-30,double7s__ma200__sp10,double7s_signal_D_maPeriod_200_shortPeriod_10,NQ,0.0,0.08167446095591036,0
2012-01-03,double7s__ma200__sp10,double7s_signal_D_maPeriod_200_shortPeriod_10,NQ,0.0,0.08167446095591036,0
2012-01-04,double7s__ma200__sp10,double7s_signal_D_maPeriod_200_shortPeriod_10,NQ,0.0,0.08167446095591036,0
2012-01-05,double7s__ma200__sp10,double7s_signal_D_maPeriod_200_shortPeriod_10,NQ,0.0,0.08167446095591036,0
2012-01-06,double7s__ma200__sp10,double7s_signal_D_maPeriod_200_shortPeriod_10,NQ,0.0,0.08167446095591036,0
2012-01-09,double7s__ma200__sp10,double7s_signal_D_maPeriod_200_shortPeriod_10,NQ,0.0,0.08167446095591036,0
2012-01-10,double7s__ma200__sp10,double7s_signal_D_maPeriod_200_shortPeriod_10,NQ,0.0,0.08167446095591036,0
2012-01-11,double7s__ma200__sp10,double7s_signal_D_maPeriod_200_shortPeriod_10,NQ,0.0,0.08167446095591036,0
2012-01-12,double7s__ma200__sp10,double7s_signal_D_maPeriod_200_shortPeriod_10,NQ,0.0,0.08167446095591036,0
2012-01-13,double7s__ma200__sp10,double7s_signal_D_maPeriod_200_shortPeriod_10,NQ,0.0,0.08167446095591036,0
2012-01-17,double7s__ma200__sp10,double7s_signal_D_maPeriod_200_shortPeriod_10,NQ,0.0,0.08167446095591036,0
2012-01-18,double7s__ma200__sp10,double7s_signal_D_maPeriod_200_shortPeriod_10,NQ,0.0,0.08167446095591036,0
2012-01-19,double7s__ma200__sp10,double7s_signal_D_maPeriod_200_shortPeriod_10,NQ,0.0,0.08167446095591036,0
2012-01-20,double7s__ma200__sp10,double7s_signal_D_maPeriod_200_shortPeriod_10,NQ,0.0,0.08167446095591036,0
2012-01-23,double7s__ma200__sp10,double7s_signal_D_maPeriod_200_shortPeriod_10,NQ,0.0,0.08167446095591036,0
2012-01-24,double7s__ma200__sp10,double7s_signal_D_maPeriod_200_shortPeriod_10,NQ,0.0,0.08167446095591036,0
2012-01-25,double7s__ma200__sp10,double7s_signal_D_maPeriod_200_shortPeriod_10,NQ,0.0,0.08167446095591036,0
2012-01-26,double7s__ma200__sp10,double7s_signal_D_maPeriod_200_shortPeriod_10,NQ,0.0,0.08167446095591036,0
2012-01-27,double7s__ma200__sp10,double7s_signal_D_maPeriod_200_shortPeriod_10,NQ,0.0,0.08167446095591036,0
2012-01-30,double7s__ma200__sp10,double7s_signal_D_maPeriod_200_shortPeriod_10,NQ,0.0,0.08167446095591036,0
2012-01-31,double7s__ma200__sp10,double7s_signal_D_maPeriod_200_shortPeriod_10,NQ,0.0,0.08167446095591036,0
2012-02-01,double7s__ma200__sp10,double7s_signal_D_maPeriod_200_shortPeriod_10,NQ,0.0,0.08167446095591036,0
2012-02-02,double7s__ma200__sp10,double7s_signal_D_maPeriod_200_shortPeriod_10,NQ,0.0,0.08167446095591036,0
2012-02-03,double7s__ma200__sp10,double7s_signal_D_maPeriod_200_shortPeriod_10,NQ,0.0,0.08167446095591036,0
2012-02-06,double7s__ma200__sp10,double7s_signal_D_maPeriod_200_shortPeriod_10,NQ,0.0,0.08167446095591036,0
2012-02-07,double7s__ma200__sp10,double7s_signal_D_maPeriod_200_shortPeriod_10,NQ,0.0,0.08167446095591036,0
2012-02-08,double7s__ma200__sp10,double7s_signal_D_maPeriod_200_shortPeriod_10,NQ,0.0,0.08167446095591036,0
2012-02-09,double7s__ma200__sp10,double7s_signal_D_maPeriod_200_shortPeriod_10,NQ,0.0,0.08167446095591036,0
2012-02-10,double7s__ma200__sp10,double7s_signal_D_maPeriod_200_shortPeriod_10,NQ,0.0,0.08167446095591036,0
2012-02-13,double7s__ma200__sp10,double7s_signal_D_maPeriod_200_shortPeriod_10,NQ,0.0,0.08167446095591036,0
2012-02-14,double7s__ma200__sp10,double7s_signal_D_maPeriod_200_shortPeriod_10,NQ,0.0,0.08167446095591036,0
2012-02-15,double7s__ma200__sp10,double7s_signal_D_maPeriod_200_shortPeriod_10,NQ,0.0,0.08167446095591036,0
2012-02-16,double7s__ma200__sp10,double7s_signal_D_maPeriod_200_shortPeriod_10,NQ,0.0,0.08167446095591036,0
2012-02-17,double7s__ma200__sp10,double7s_signal_D_maPeriod_200_shortPeriod_10,NQ,0.0,0.08167446095591036,0
2012-02-21,double7s__ma200__sp10,double7s_signal_D_maPeriod_200_shortPeriod_10,NQ,0.0,0.08167446095591036,0
2012-02-22,double7s__ma200__sp10,double7s_signal_D_maPeriod_200_shortPeriod_10,NQ,0.0,0.08167446095591036,0
2012-02-23,double7s__ma200__sp10,double7s_signal_D_maPeriod_200_shortPeriod_10,NQ,0.0,0.08167446095591036,0
2012-02-24,double7s__ma200__sp10,double7s_signal_D_maPeriod_200_shortPeriod_10,NQ,0.0,0.08167446095591036,0
2012-02-27,double7s__ma200__sp10,double7s_signal_D_maPeriod_200_shortPeriod_10,NQ,0.0,0.08167446095591036,0
2012-02-28,double7s__ma200__sp10,double7s_signal_D_maPeriod_200_shortPeriod_10,NQ,0.0,0.08167446095591036,0
2012-02-29,double7s__ma200__sp10,double7s_signal_D_maPeriod_200_shortPeriod_10,NQ,0.0,0.08167446095591036,0
2012-03-01,double7s__ma200__sp10,double7s_signal_D_maPeriod_200_shortPeriod_10,NQ,0.0,0.08167446095591036,0
2012-03-02,double7s__ma200__sp10,double7s_signal_D_maPeriod_200_shortPeriod_10,NQ,0.0,0.08167446095591036,0
2012-03-05,double7s__ma200__sp10,double7s_signal_D_maPeriod_200_shortPeriod_10,NQ,0.0,0.08167446095591036,0
2012-03-06,double7s__ma200__sp10,double7s_signal_D_maPeriod_200_shortPeriod_10,NQ,0.0,0.08167446095591036,0
2012-03-07,double7s__ma200__sp10,double7s_signal_D_maPeriod_200_shortPeriod_10,NQ,0.0,0.08167446095591036,0
2012-03-08,double7s__ma200__sp10,double7s_signal_D_maPeriod_200_shortPeriod_10,NQ,0.0,0.08167446095591036,0
2012-03-09,double7s__ma200__sp10,double7s_signal_D_maPeriod_200_shortPeriod_10,NQ,0.0,0.08167446095591036,0
2012-03-12,double7s__ma200__sp10,double7s_signal_D_maPeriod_200_shortPeriod_10,NQ,0.0,0.08167446095591036,0
2012-03-13,double7s__ma200__sp10,double7s_signal_D_maPeriod_200_shortPeriod_10,NQ,0.0,0.08167446095591036,0
2012-03-14,double7s__ma200__sp10,double7s_signal_D_maPeriod_200_shortPeriod_10,NQ,0.0,0.08167446095591036,0
2012-03-15,double7s__ma200__sp10,double7s_signal_D_maPeriod_200_shortPeriod_10,NQ,0.0,0.08167446095591036,0
2012-03-16,double7s__ma200__sp10,double7s_signal_D_maPeriod_200_shortPeriod_10,NQ,0.0,0.08167446095591036,0
2012-03-19,double7s__ma200__sp10,double7s_signal_D_maPeriod_200_shortPeriod_10,NQ,0.0,0.08167446095591036,0
2012-03-20,double7s__ma200__sp10,double7s_signal_D_maPeriod_200_shortPeriod_10,NQ,0.0,0.08167446095591036,0
2012-03-21,double7s__ma200__sp10,double7s_signal_D_maPeriod_200_shortPeriod_10,NQ,0.0,0.08167446095591036,0
2012-03-22,double7s__ma200__sp10,double7s_signal_D_maPeriod_200_shortPeriod_10,NQ,0.0,0.08167446095591036,0
2012-03-23,double7s__ma200__sp10,double7s_signal_D_maPeriod_200_shortPeriod_10,NQ,0.0,0.08167446095591036,0
2012-03-26,double7s__ma200__sp10,double7s_signal_D_maPeriod_200_shortPeriod_10,NQ,0.0,0.08167446095591036,0
2012-03-27,double7s__ma200__sp10,double7s_signal_D_maPeriod_200_shortPeriod_10,NQ,0.0,0.08167446095591036,0
2012-03-28,double7s__ma200__sp10,double7s_signal_D_maPeriod_200_shortPeriod_10,NQ,0.0,0.08167446095591036,0
2012-03-29,double7s__ma200__sp10,double7s_signal_D_maPeriod_200_shortPeriod_10,NQ,0.0,0.08167446095591036,0
2012-03-30,double7s__ma200__sp10,double7s_signal_D_maPeriod_200_shortPeriod_10,NQ,0.0,0.08167446095591036,0
2012-04-02,double7s__ma200__sp10,double7s_signal_D_maPeriod_200_shortPeriod_10,NQ,0.0,0.08167446095591036,0
2012-04-03,double7s__ma200__sp10,double7s_signal_D_maPeriod_200_shortPeriod_10,NQ,0.0,0.08167446095591036,0
2012-04-04,double7s__ma200__sp10,double7s_signal_D_maPeriod_200_shortPeriod_10,NQ,0.0,0.08167446095591036,0
2012-04-05,double7s__ma200__sp10,double7s_signal_D_maPeriod_200_shortPeriod_10,NQ,0.0,0.08167446095591036,0
2012-04-06,double7s__ma200__sp10,double7s_signal_D_maPeriod_200_shortPeriod_10,NQ,0.0,0.08167446095591036,0
2012-04-09,double7s__ma200__sp10,double7s_signal_D_maPeriod_200_shortPeriod_10,NQ,0.0,0.08167446095591036,0
2012-04-10,double7s__ma200__sp10,double7s_signal_D_maPeriod_200_shortPeriod_10,NQ,-0.006084036339006879,0.07559042461690348,0
2012-04-11,double7s__ma200__sp10,double7s_signal_D_maPeriod_200_shortPeriod_10,NQ,0.0009872742670369574,0.07657769888394043,0
2012-04-12,double7s__ma200__sp10,double7s_signal_D_maPeriod_200_shortPeriod_10,NQ,0.006217476273145296,0.08279517515708573,0
2012-04-13,double7s__ma200__sp10,double7s_signal_D_maPeriod_200_shortPeriod_10,NQ,-0.007309600321672428,0.07548557483541331,0
2012-04-16,double7s__ma200__sp10,double7s_signal_D_maPeriod_200_shortPeriod_10,NQ,-0.004080805143891646,0.07140476969152167,0
2012-04-17,double7s__ma200__sp10,double7s_signal_D_maPeriod_200_shortPeriod_10,NQ,0.008235624439505004,0.07964039413102666,0
2012-04-18,double7s__ma200__sp10,double7s_signal_D_maPeriod_200_shortPeriod_10,NQ,-0.002338906377681007,0.07730148775334565,0
2012-04-19,double7s__ma200__sp10,double7s_signal_D_maPeriod_200_shortPeriod_10,NQ,-0.002837156871130574,0.07446433088221507,0
2012-04-20,double7s__ma200__sp10,double7s_signal_D_maPeriod_200_shortPeriod_10,NQ,-0.002216175206559103,0.07224815567565597,0
2012-04-23,double7s__ma200__sp10,double7s_signal_D_maPeriod_200_shortPeriod_10,NQ,-0.004012180978074464,0.06823597469758151,0
2012-04-24,double7s__ma200__sp10,double7s_signal_D_maPeriod_200_shortPeriod_10,NQ,-0.003637283382183313,0.0645986913153982,0
2012-04-25,double7s__ma200__sp10,double7s_signal_D_maPeriod_200_shortPeriod_10,NQ,0.013902975125151531,0.07850166644054972,0
2012-04-26,double7s__ma200__sp10,double7s_signal_D_maPeriod_200_shortPeriod_10,NQ,0.0014187150698171593,0.07992038151036687,0
2012-04-27,double7s__ma200__sp10,double7s_signal_D_maPeriod_200_shortPeriod_10,NQ,0.0032968591188757453,0.08321724062924261,0
2012-04-30,double7s__ma200__sp10,double7s_signal_D_maPeriod_200_shortPeriod_10,NQ,0.0,0.08321724062924261,0
2012-05-01,double7s__ma200__sp10,double7s_signal_D_maPeriod_200_shortPeriod_10,NQ,0.0,0.08321724062924261,0
2012-05-02,double7s__ma200__sp10,double7s_signal_D_maPeriod_200_shortPeriod_10,NQ,0.0,0.08321724062924261,0
2012-05-03,double7s__ma200__sp10,double7s_signal_D_maPeriod_200_shortPeriod_10,NQ,0.0,0.08321724062924261,0
2012-05-04,double7s__ma200__sp10,double7s_signal_D_maPeriod_200_shortPeriod_10,NQ,0.0,0.08321724062924261,0
2012-05-07,double7s__ma200__sp10,double7s_signal_D_maPeriod_200_shortPeriod_10,NQ,0.0025512088294456585,0.08576844945868828,0
2012-05-08,double7s__ma200__sp10,double7s_signal_D_maPeriod_200_shortPeriod_10,NQ,-0.002721574800932826,0.08304687465775545,0
2012-05-09,double7s__ma200__sp10,double7s_signal_D_maPeriod_200_shortPeriod_10,NQ,-0.0009733473389378643,0.08207352731881759,0
2012-05-10,double7s__ma200__sp10,double7s_signal_D_maPeriod_200_shortPeriod_10,NQ,-9.73814538887283e-05,0.08197614586492886,0
2012-05-11,double7s__ma200__sp10,double7s_signal_D_maPeriod_200_shortPeriod_10,NQ,-0.001656641791003701,0.08031950407392516,0
2012-05-14,double7s__ma200__sp10,double7s_signal_D_maPeriod_200_shortPeriod_10,NQ,-0.0033257763326162916,0.07699372774130886,0
2012-05-15,double7s__ma200__sp10,double7s_signal_D_maPeriod_200_shortPeriod_10,NQ,-0.0017150661557352035,0.07527866158557366,0
2012-05-16,double7s__ma200__sp10,double7s_signal_D_maPeriod_200_shortPeriod_10,NQ,-0.004224836241144662,0.071053825344429,0
2012-05-17,double7s__ma200__sp10,double7s_signal_D_maPeriod_200_shortPeriod_10,NQ,-0.010876757815035104,0.0601770675293939,0
2012-05-18,double7s__ma200__sp10,double7s_signal_D_maPeriod_200_shortPeriod_10,NQ,-0.004599043104616541,0.055578024424777356,0
2012-05-21,double7s__ma200__sp10,double7s_signal_D_maPeriod_200_shortPeriod_10,NQ,0.010672488052859783,0.06625051247763714,0
2012-05-22,double7s__ma200__sp10,double7s_signal_D_maPeriod_200_shortPeriod_10,NQ,-0.0008247175124813506,0.06542579496515578,0
2012-05-23,double7s__ma200__sp10,double7s_signal_D_maPeriod_200_shortPeriod_10,NQ,0.0007407542486304151,0.0661665492137862,0
2012-05-24,double7s__ma200__sp10,double7s_signal_D_maPeriod_200_shortPeriod_10,NQ,-0.0008889247857322022,0.065277624428054,0
2012-05-25,double7s__ma200__sp10,double7s_signal_D_maPeriod_200_shortPeriod_10,NQ,-0.002423445176011294,0.0628541792520427,0
2012-05-29,double7s__ma200__sp10,double7s_signal_D_maPeriod_200_shortPeriod_10,NQ,0.005178183681590081,0.06803236293363278,0
2012-05-30,double7s__ma200__sp10,double7s_signal_D_maPeriod_200_shortPeriod_10,NQ,-0.004683598547128435,0.06334876438650434,0
2012-05-31,double7s__ma200__sp10,double7s_signal_D_maPeriod_200_shortPeriod_10,NQ,-0.001408374753724701,0.06194038963277965,0
2012-06-01,double7s__ma200__sp10,double7s_signal_D_maPeriod_200_shortPeriod_10,NQ,-0.012957168243612245,0.0489832213891674,0
2012-06-04,double7s__ma200__sp10,double7s_signal_D_maPeriod_200_shortPeriod_10,NQ,0.0008570740960943113,0.04984029548526171,0
2012-06-05,double7s__ma200__sp10,double7s_signal_D_maPeriod_200_shortPeriod_10,NQ,0.0033931576545943648,0.05323345313985608,0
2012-06-06,double7s__ma200__sp10,double7s_signal_D_maPeriod_200_shortPeriod_10,NQ,0.011841580913421471,0.06507503405327755,0
2012-06-07,double7s__ma200__sp10,double7s_signal_D_maPeriod_200_shortPeriod_10,NQ,-0.001534238253059302,0.06354079580021825,0
2012-06-08,double7s__ma200__sp10,double7s_signal_D_maPeriod_200_shortPeriod_10,NQ,0.0050766341029069234,0.06861742990312518,0
2012-06-11,double7s__ma200__sp10,double7s_signal_D_maPeriod_200_shortPeriod_10,NQ,0.0,0.06861742990312518,0
2012-06-12,double7s__ma200__sp10,double7s_signal_D_maPeriod_200_shortPeriod_10,NQ,0.0,0.06861742990312518,0
2012-06-13,double7s__ma200__sp10,double7s_signal_D_maPeriod_200_shortPeriod_10,NQ,0.0,0.06861742990312518,0
2012-06-14,double7s__ma200__sp10,double7s_signal_D_maPeriod_200_shortPeriod_10,NQ,0.0,0.06861742990312518,0
2012-06-15,double7s__ma200__sp10,double7s_signal_D_maPeriod_200_shortPeriod_10,NQ,0.0,0.06861742990312518,0
2012-06-18,double7s__ma200__sp10,double7s_signal_D_maPeriod_200_shortPeriod_10,NQ,0.0,0.06861742990312518,0
2012-06-19,double7s__ma200__sp10,double7s_signal_D_maPeriod_200_shortPeriod_10,NQ,0.0,0.06861742990312518,0
2012-06-20,double7s__ma200__sp10,double7s_signal_D_maPeriod_200_shortPeriod_10,NQ,0.0,0.06861742990312518,0
2012-06-21,double7s__ma200__sp10,double7s_signal_D_maPeriod_200_shortPeriod_10,NQ,0.0,0.06861742990312518,0
2012-06-22,double7s__ma200__sp10,double7s_signal_D_maPeriod_200_shortPeriod_10,NQ,0.0,0.06861742990312518,0
2012-06-25,double7s__ma200__sp10,double7s_signal_D_maPeriod_200_shortPeriod_10,NQ,0.0,0.06861742990312518,0
2012-06-26,double7s__ma200__sp10,double7s_signal_D_maPeriod_200_shortPeriod_10,NQ,0.0,0.06861742990312518,0
2012-06-27,double7s__ma200__sp10,double7s_signal_D_maPeriod_200_shortPeriod_10,NQ,0.0,0.06861742990312518,0
2012-06-28,double7s__ma200__sp10,double7s_signal_D_maPeriod_200_shortPeriod_10,NQ,0.0,0.06861742990312518,0
2012-06-29,double7s__ma200__sp10,double7s_signal_D_maPeriod_200_shortPeriod_10,NQ,0.0,0.06861742990312518,0
2012-07-02,double7s__ma200__sp10,double7s_signal_D_maPeriod_200_shortPeriod_10,NQ,0.0,0.06861742990312518,0
2012-07-03,double7s__ma200__sp10,double7s_signal_D_maPeriod_200_shortPeriod_10,NQ,0.0,0.06861742990312518,0
2012-07-05,double7s__ma200__sp10,double7s_signal_D_maPeriod_200_shortPeriod_10,NQ,0.0,0.06861742990312518,0
2012-07-06,double7s__ma200__sp10,double7s_signal_D_maPeriod_200_shortPeriod_10,NQ,0.0,0.06861742990312518,0
2012-07-09,double7s__ma200__sp10,double7s_signal_D_maPeriod_200_shortPeriod_10,NQ,0.0,0.06861742990312518,0
2012-07-10,double7s__ma200__sp10,double7s_signal_D_maPeriod_200_shortPeriod_10,NQ,0.0,0.06861742990312518,0
2012-07-11,double7s__ma200__sp10,double7s_signal_D_maPeriod_200_shortPeriod_10,NQ,0.0,0.06861742990312518,0
2012-07-12,double7s__ma200__sp10,double7s_signal_D_maPeriod_200_shortPeriod_10,NQ,0.0,0.06861742990312518,0
2012-07-13,double7s__ma200__sp10,double7s_signal_D_maPeriod_200_shortPeriod_10,NQ,0.0,0.06861742990312518,0
2012-07-16,double7s__ma200__sp10,double7s_signal_D_maPeriod_200_shortPeriod_10,NQ,0.0,0.06861742990312518,0
2012-07-17,double7s__ma200__sp10,double7s_signal_D_maPeriod_200_shortPeriod_10,NQ,0.0,0.06861742990312518,0
2012-07-18,double7s__ma200__sp10,double7s_signal_D_maPeriod_200_shortPeriod_10,NQ,0.0,0.06861742990312518,0
2012-07-19,double7s__ma200__sp10,double7s_signal_D_maPeriod_200_shortPeriod_10,NQ,0.0,0.06861742990312518,0
2012-07-20,double7s__ma200__sp10,double7s_signal_D_maPeriod_200_shortPeriod_10,NQ,0.0,0.06861742990312518,0
2012-07-23,double7s__ma200__sp10,double7s_signal_D_maPeriod_200_shortPeriod_10,NQ,0.0,0.06861742990312518,0
2012-07-24,double7s__ma200__sp10,double7s_signal_D_maPeriod_200_shortPeriod_10,NQ,0.0,0.06861742990312518,0
2012-07-25,double7s__ma200__sp10,double7s_signal_D_maPeriod_200_shortPeriod_10,NQ,0.0,0.06861742990312518,0
2012-07-26,double7s__ma200__sp10,double7s_signal_D_maPeriod_200_shortPeriod_10,NQ,0.0,0.06861742990312518,0
2012-07-27,double7s__ma200__sp10,double7s_signal_D_maPeriod_200_shortPeriod_10,NQ,0.0,0.06861742990312518,0
2012-07-30,double7s__ma200__sp10,double7s_signal_D_maPeriod_200_shortPeriod_10,NQ,0.0,0.06861742990312518,0
2012-07-31,double7s__ma200__sp10,double7s_signal_D_maPeriod_200_shortPeriod_10,NQ,0.0,0.06861742990312518,0
2012-08-01,double7s__ma200__sp10,double7s_signal_D_maPeriod_200_shortPeriod_10,NQ,0.0,0.06861742990312518,0
2012-08-02,double7s__ma200__sp10,double7s_signal_D_maPeriod_200_shortPeriod_10,NQ,0.0,0.06861742990312518,0
2012-08-03,double7s__ma200__sp10,double7s_signal_D_maPeriod_200_shortPeriod_10,NQ,0.0,0.06861742990312518,0
2012-08-06,double7s__ma200__sp10,double7s_signal_D_maPeriod_200_shortPeriod_10,NQ,0.0,0.06861742990312518,0
2012-08-07,double7s__ma200__sp10,double7s_signal_D_maPeriod_200_shortPeriod_10,NQ,0.0,0.06861742990312518,0
2012-08-08,double7s__ma200__sp10,double7s_signal_D_maPeriod_200_shortPeriod_10,NQ,0.0,0.06861742990312518,0
2012-08-09,double7s__ma200__sp10,double7s_signal_D_maPeriod_200_shortPeriod_10,NQ,0.0,0.06861742990312518,0
2012-08-10,double7s__ma200__sp10,double7s_signal_D_maPeriod_200_shortPeriod_10,NQ,0.0,0.06861742990312518,0
2012-08-13,double7s__ma200__sp10,double7s_signal_D_maPeriod_200_shortPeriod_10,NQ,0.0,0.06861742990312518,0
2012-08-14,double7s__ma200__sp10,double7s_signal_D_maPeriod_200_shortPeriod_10,NQ,0.0,0.06861742990312518,0
2012-08-15,double7s__ma200__sp10,double7s_signal_D_maPeriod_200_shortPeriod_10,NQ,0.0,0.06861742990312518,0
2012-08-16,double7s__ma200__sp10,double7s_signal_D_maPeriod_200_shortPeriod_10,NQ,0.0,0.06861742990312518,0
2012-08-17,double7s__ma200__sp10,double7s_signal_D_maPeriod_200_shortPeriod_10,NQ,0.0,0.06861742990312518,0
2012-08-20,double7s__ma200__sp10,double7s_signal_D_maPeriod_200_shortPeriod_10,NQ,0.0,0.06861742990312518,0
2012-08-21,double7s__ma200__sp10,double7s_signal_D_maPeriod_200_shortPeriod_10,NQ,0.0,0.06861742990312518,0
2012-08-22,double7s__ma200__sp10,double7s_signal_D_maPeriod_200_shortPeriod_10,NQ,0.0,0.06861742990312518,0
2012-08-23,double7s__ma200__sp10,double7s_signal_D_maPeriod_200_shortPeriod_10,NQ,0.0,0.06861742990312518,0
2012-08-24,double7s__ma200__sp10,double7s_signal_D_maPeriod_200_shortPeriod_10,NQ,0.0,0.06861742990312518,0
2012-08-27,double7s__ma200__sp10,double7s_signal_D_maPeriod_200_shortPeriod_10,NQ,0.0,0.06861742990312518,0
2012-08-28,double7s__ma200__sp10,double7s_signal_D_maPeriod_200_shortPeriod_10,NQ,0.0,0.06861742990312518,0
2012-08-29,double7s__ma200__sp10,double7s_signal_D_maPeriod_200_shortPeriod_10,NQ,0.0,0.06861742990312518,0
2012-08-30,double7s__ma200__sp10,double7s_signal_D_maPeriod_200_shortPeriod_10,NQ,0.0,0.06861742990312518,0
2012-08-31,double7s__ma200__sp10,double7s_signal_D_maPeriod_200_shortPeriod_10,NQ,0.0030369513586392142,0.07165438126176439,0
2012-09-04,double7s__ma200__sp10,double7s_signal_D_maPeriod_200_shortPeriod_10,NQ,0.0002841942659802024,0.07193857552774459,0
2012-09-05,double7s__ma200__sp10,double7s_signal_D_maPeriod_200_shortPeriod_10,NQ,-0.0014689296811480367,0.07046964584659655,0
2012-09-06,double7s__ma200__sp10,double7s_signal_D_maPeriod_200_shortPeriod_10,NQ,0.010946642894076009,0.08141628874067257,0
2012-09-07,double7s__ma200__sp10,double7s_signal_D_maPeriod_200_shortPeriod_10,NQ,0.0,0.08141628874067257,0
2012-09-10,double7s__ma200__sp10,double7s_signal_D_maPeriod_200_shortPeriod_10,NQ,0.0,0.08141628874067257,0
2012-09-11,double7s__ma200__sp10,double7s_signal_D_maPeriod_200_shortPeriod_10,NQ,0.0,0.08141628874067257,0
2012-09-12,double7s__ma200__sp10,double7s_signal_D_maPeriod_200_shortPeriod_10,NQ,0.0,0.08141628874067257,0
2012-09-13,double7s__ma200__sp10,double7s_signal_D_maPeriod_200_shortPeriod_10,NQ,0.0,0.08141628874067257,0
2012-09-14,double7s__ma200__sp10,double7s_signal_D_maPeriod_200_shortPeriod_10,NQ,0.0,0.08141628874067257,0
2012-09-17,double7s__ma200__sp10,double7s_signal_D_maPeriod_200_shortPeriod_10,NQ,0.0,0.08141628874067257,0
2012-09-18,double7s__ma200__sp10,double7s_signal_D_maPeriod_200_shortPeriod_10,NQ,0.0,0.08141628874067257,0
2012-09-19,double7s__ma200__sp10,double7s_signal_D_maPeriod_200_shortPeriod_10,NQ,0.0,0.08141628874067257,0
2012-09-20,double7s__ma200__sp10,double7s_signal_D_maPeriod_200_shortPeriod_10,NQ,0.0,0.08141628874067257,0
2012-09-21,double7s__ma200__sp10,double7s_signal_D_maPeriod_200_shortPeriod_10,NQ,0.0,0.08141628874067257,0
2012-09-24,double7s__ma200__sp10,double7s_signal_D_maPeriod_200_shortPeriod_10,NQ,0.0,0.08141628874067257,0
2012-09-25,double7s__ma200__sp10,double7s_signal_D_maPeriod_200_shortPeriod_10,NQ,0.0,0.08141628874067257,0
2012-09-26,double7s__ma200__sp10,double7s_signal_D_maPeriod_200_shortPeriod_10,NQ,0.0,0.08141628874067257,0
2012-09-27,double7s__ma200__sp10,double7s_signal_D_maPeriod_200_shortPeriod_10,NQ,0.00711660707163056,0.08853289581230313,0
2012-09-28,double7s__ma200__sp10,double7s_signal_D_maPeriod_200_shortPeriod_10,NQ,-0.0032244847528055567,0.08530841105949757,0
2012-10-01,double7s__ma200__sp10,double7s_signal_D_maPeriod_200_shortPeriod_10,NQ,-0.0001415892025624371,0.08516682185693514,0
2012-10-02,double7s__ma200__sp10,double7s_signal_D_maPeriod_200_shortPeriod_10,NQ,0.0015568229103487576,0.08672364476728389,0
2012-10-03,double7s__ma200__sp10,double7s_signal_D_maPeriod_200_shortPeriod_10,NQ,0.002401734255506189,0.08912537902279008,0
2012-10-04,double7s__ma200__sp10,double7s_signal_D_maPeriod_200_shortPeriod_10,NQ,0.0023492371951291365,0.09147461621791922,0
2012-10-05,double7s__ma200__sp10,double7s_signal_D_maPeriod_200_shortPeriod_10,NQ,-0.003337112607819894,0.08813750361009932,0
2012-10-08,double7s__ma200__sp10,double7s_signal_D_maPeriod_200_shortPeriod_10,NQ,-0.005424613641517346,0.08271288996858198,0
2012-10-09,double7s__ma200__sp10,double7s_signal_D_maPeriod_200_shortPeriod_10,NQ,-0.00849455104659056,0.07421833892199142,0
2012-10-10,double7s__ma200__sp10,double7s_signal_D_maPeriod_200_shortPeriod_10,NQ,-0.0016738192538225496,0.07254451966816887,0
2012-10-11,double7s__ma200__sp10,double7s_signal_D_maPeriod_200_shortPeriod_10,NQ,-0.0017674259132647472,0.07077709375490412,0
2012-10-12,double7s__ma200__sp10,double7s_signal_D_maPeriod_200_shortPeriod_10,NQ,-0.0007172609160529191,0.0700598328388512,0
2012-10-15,double7s__ma200__sp10,double7s_signal_D_maPeriod_200_shortPeriod_10,NQ,0.0034845494388346626,0.07354438227768587,0
2012-10-16,double7s__ma200__sp10,double7s_signal_D_maPeriod_200_shortPeriod_10,NQ,0.006224611467916773,0.07976899374560265,0
2012-10-17,double7s__ma200__sp10,double7s_signal_D_maPeriod_200_shortPeriod_10,NQ,0.0007754227173164278,0.08054441646291907,0
2012-10-18,double7s__ma200__sp10,double7s_signal_D_maPeriod_200_shortPeriod_10,NQ,-0.007266259393198946,0.07327815706972013,0
2012-10-19,double7s__ma200__sp10,double7s_signal_D_maPeriod_200_shortPeriod_10,NQ,-0.010323869985088576,0.06295428708463155,0
2012-10-22,double7s__ma200__sp10,double7s_signal_D_maPeriod_200_shortPeriod_10,NQ,0.002196289750898555,0.0651505768355301,0
2012-10-23,double7s__ma200__sp10,double7s_signal_D_maPeriod_200_shortPeriod_10,NQ,-0.0056364119817843145,0.05951416485374579,0
2012-10-24,double7s__ma200__sp10,double7s_signal_D_maPeriod_200_shortPeriod_10,NQ,-0.001806118467012224,0.05770804638673357,0
2012-10-25,double7s__ma200__sp10,double7s_signal_D_maPeriod_200_shortPeriod_10,NQ,-0.0008699033489684137,0.05683814303776515,0
2012-10-26,double7s__ma200__sp10,double7s_signal_D_maPeriod_200_shortPeriod_10,NQ,0.0014485840992296932,0.05828672713699484,0
2012-10-29,double7s__ma200__sp10,double7s_signal_D_maPeriod_200_shortPeriod_10,NQ,-0.0019817473845171706,0.05630497975247767,0
2012-10-30,double7s__ma200__sp10,double7s_signal_D_maPeriod_200_shortPeriod_10,NQ,0.003626878288165225,0.059931858040642896,0
2012-10-31,double7s__ma200__sp10,double7s_signal_D_maPeriod_200_shortPeriod_10,NQ,-0.00420371821163167,0.055728139829011224,0
2012-11-01,double7s__ma200__sp10,double7s_signal_D_maPeriod_200_shortPeriod_10,NQ,0.00974668923713767,0.06547482906614889,0
2012-11-02,double7s__ma200__sp10,double7s_signal_D_maPeriod_200_shortPeriod_10,NQ,-0.006099002984473358,0.059375826081675534,0
2012-11-05,double7s__ma200__sp10,double7s_signal_D_maPeriod_200_shortPeriod_10,NQ,0.0029194830337266674,0.0622953091154022,0
2012-11-06,double7s__ma200__sp10,double7s_signal_D_maPeriod_200_shortPeriod_10,NQ,0.002794187753338132,0.06508949686874034,0
2012-11-07,double7s__ma200__sp10,double7s_signal_D_maPeriod_200_shortPeriod_10,NQ,-0.012919099073526648,0.052170397795213694,0
2012-11-08,double7s__ma200__sp10,double7s_signal_D_maPeriod_200_shortPeriod_10,NQ,-0.004049678477584294,0.0481207193176294,0
2012-11-09,double7s__ma200__sp10,double7s_signal_D_maPeriod_200_shortPeriod_10,NQ,0.0010101604372917687,0.04913087975492117,0
2012-11-12,double7s__ma200__sp10,double7s_signal_D_maPeriod_200_shortPeriod_10,NQ,-9.782545525721145e-05,0.04903305429966396,0
2012-11-13,double7s__ma200__sp10,double7s_signal_D_maPeriod_200_shortPeriod_10,NQ,-0.00416498175343324,0.04486807254623072,0
2012-11-14,double7s__ma200__sp10,double7s_signal_D_maPeriod_200_shortPeriod_10,NQ,-0.00747770761183904,0.037390364934391684,0
2012-11-15,double7s__ma200__sp10,double7s_signal_D_maPeriod_200_shortPeriod_10,NQ,-0.0016408224960655392,0.03574954243832615,0
2012-11-16,double7s__ma200__sp10,double7s_signal_D_maPeriod_200_shortPeriod_10,NQ,0.0020243703461165496,0.0377739127844427,0
2012-11-19,double7s__ma200__sp10,double7s_signal_D_maPeriod_200_shortPeriod_10,NQ,0.00991695616231815,0.04769086894676085,0
2012-11-20,double7s__ma200__sp10,double7s_signal_D_maPeriod_200_shortPeriod_10,NQ,0.001035471036094139,0.048726339982854985,0
2012-11-21,double7s__ma200__sp10,double7s_signal_D_maPeriod_200_shortPeriod_10,NQ,0.0007808577836746428,0.04950719776652963,0
2012-11-23,double7s__ma200__sp10,double7s_signal_D_maPeriod_200_shortPeriod_10,NQ,0.007000489266763595,0.05650768703329322,0
2012-11-26,double7s__ma200__sp10,double7s_signal_D_maPeriod_200_shortPeriod_10,NQ,0.0,0.05650768703329322,0
2012-11-27,double7s__ma200__sp10,double7s_signal_D_maPeriod_200_shortPeriod_10,NQ,0.0,0.05650768703329322,0
2012-11-28,double7s__ma200__sp10,double7s_signal_D_maPeriod_200_shortPeriod_10,NQ,0.0,0.05650768703329322,0
2012-11-29,double7s__ma200__sp10,double7s_signal_D_maPeriod_200_shortPeriod_10,NQ,0.0,0.05650768703329322,0
2012-11-30,double7s__ma200__sp10,double7s_signal_D_maPeriod_200_shortPeriod_10,NQ,0.0,0.05650768703329322,0
2012-12-03,double7s__ma200__sp10,double7s_signal_D_maPeriod_200_shortPeriod_10,NQ,0.0,0.05650768703329322,0
2012-12-04,double7s__ma200__sp10,double7s_signal_D_maPeriod_200_shortPeriod_10,NQ,0.0,0.05650768703329322,0
2012-12-05,double7s__ma200__sp10,double7s_signal_D_maPeriod_200_shortPeriod_10,NQ,0.0,0.05650768703329322,0
2012-12-06,double7s__ma200__sp10,double7s_signal_D_maPeriod_200_shortPeriod_10,NQ,0.0,0.05650768703329322,0
2012-12-07,double7s__ma200__sp10,double7s_signal_D_maPeriod_200_shortPeriod_10,NQ,0.0,0.05650768703329322,0
2012-12-10,double7s__ma200__sp10,double7s_signal_D_maPeriod_200_shortPeriod_10,NQ,0.0,0.05650768703329322,0
2012-12-11,double7s__ma200__sp10,double7s_signal_D_maPeriod_200_shortPeriod_10,NQ,0.0,0.05650768703329322,0
2012-12-12,double7s__ma200__sp10,double7s_signal_D_maPeriod_200_shortPeriod_10,NQ,0.0,0.05650768703329322,0
2012-12-13,double7s__ma200__sp10,double7s_signal_D_maPeriod_200_shortPeriod_10,NQ,0.0,0.05650768703329322,0
2012-12-14,double7s__ma200__sp10,double7s_signal_D_maPeriod_200_shortPeriod_10,NQ,0.0,0.05650768703329322,0
2012-12-17,double7s__ma200__sp10,double7s_signal_D_maPeriod_200_shortPeriod_10,NQ,0.0,0.05650768703329322,0
2012-12-18,double7s__ma200__sp10,double7s_signal_D_maPeriod_200_shortPeriod_10,NQ,0.0,0.05650768703329322,0
2012-12-19,double7s__ma200__sp10,double7s_signal_D_maPeriod_200_shortPeriod_10,NQ,0.0,0.05650768703329322,0
2012-12-20,double7s__ma200__sp10,double7s_signal_D_maPeriod_200_shortPeriod_10,NQ,0.0,0.05650768703329322,0
2012-12-21,double7s__ma200__sp10,double7s_signal_D_maPeriod_200_shortPeriod_10,NQ,0.0,0.05650768703329322,0
2012-12-24,double7s__ma200__sp10,double7s_signal_D_maPeriod_200_shortPeriod_10,NQ,0.0,0.05650768703329322,0
2012-12-26,double7s__ma200__sp10,double7s_signal_D_maPeriod_200_shortPeriod_10,NQ,0.0,0.05650768703329322,0
2012-12-27,double7s__ma200__sp10,double7s_signal_D_maPeriod_200_shortPeriod_10,NQ,0.0,0.05650768703329322,0
2012-12-28,double7s__ma200__sp10,double7s_signal_D_maPeriod_200_shortPeriod_10,NQ,0.0,0.05650768703329322,0
2012-12-31,double7s__ma200__sp10,double7s_signal_D_maPeriod_200_shortPeriod_10,NQ,0.0,0.05650768703329322,0
2013-01-02,double7s__ma200__sp10,double7s_signal_D_maPeriod_200_shortPeriod_10,NQ,0.0,0.05650768703329322,0
2013-01-03,double7s__ma200__sp10,double7s_signal_D_maPeriod_200_shortPeriod_10,NQ,0.0,0.05650768703329322,0
2013-01-04,double7s__ma200__sp10,double7s_signal_D_maPeriod_200_shortPeriod_10,NQ,0.0,0.05650768703329322,0
2013-01-07,double7s__ma200__sp10,double7s_signal_D_maPeriod_200_shortPeriod_10,NQ,0.0,0.05650768703329322,0
2013-01-08,double7s__ma200__sp10,double7s_signal_D_maPeriod_200_shortPeriod_10,NQ,0.0,0.05650768703329322,0
2013-01-09,double7s__ma200__sp10,double7s_signal_D_maPeriod_200_shortPeriod_10,NQ,0.0,0.05650768703329322,0
2013-01-10,double7s__ma200__sp10,double7s_signal_D_maPeriod_200_shortPeriod_10,NQ,0.0,0.05650768703329322,0
2013-01-11,double7s__ma200__sp10,double7s_signal_D_maPeriod_200_shortPeriod_10,NQ,0.0,0.05650768703329322,0
2013-01-14,double7s__ma200__sp10,double7s_signal_D_maPeriod_200_shortPeriod_10,NQ,0.0,0.05650768703329322,0
2013-01-15,double7s__ma200__sp10,double7s_signal_D_maPeriod_200_shortPeriod_10,NQ,0.0,0.05650768703329322,0
2013-01-16,double7s__ma200__sp10,double7s_signal_D_maPeriod_200_shortPeriod_10,NQ,0.0,0.05650768703329322,0
2013-01-17,double7s__ma200__sp10,double7s_signal_D_maPeriod_200_shortPeriod_10,NQ,0.0,0.05650768703329322,0
2013-01-18,double7s__ma200__sp10,double7s_signal_D_maPeriod_200_shortPeriod_10,NQ,0.0,0.05650768703329322,0
2013-01-22,double7s__ma200__sp10,double7s_signal_D_maPeriod_200_shortPeriod_10,NQ,0.0,0.05650768703329322,0
2013-01-23,double7s__ma200__sp10,double7s_signal_D_maPeriod_200_shortPeriod_10,NQ,0.0,0.05650768703329322,0
2013-01-24,double7s__ma200__sp10,double7s_signal_D_maPeriod_200_shortPeriod_10,NQ,0.0,0.05650768703329322,0
2013-01-25,double7s__ma200__sp10,double7s_signal_D_maPeriod_200_shortPeriod_10,NQ,0.0,0.05650768703329322,0
2013-01-28,double7s__ma200__sp10,double7s_signal_D_maPeriod_200_shortPeriod_10,NQ,0.0,0.05650768703329322,0
2013-01-29,double7s__ma200__sp10,double7s_signal_D_maPeriod_200_shortPeriod_10,NQ,0.0,0.05650768703329322,0
2013-01-30,double7s__ma200__sp10,double7s_signal_D_maPeriod_200_shortPeriod_10,NQ,0.0,0.05650768703329322,0
2013-01-31,double7s__ma200__sp10,double7s_signal_D_maPeriod_200_shortPeriod_10,NQ,0.0,0.05650768703329322,0
2013-02-01,double7s__ma200__sp10,double7s_signal_D_maPeriod_200_shortPeriod_10,NQ,0.0,0.05650768703329322,0
2013-02-04,double7s__ma200__sp10,double7s_signal_D_maPeriod_200_shortPeriod_10,NQ,0.0,0.05650768703329322,0
2013-02-05,double7s__ma200__sp10,double7s_signal_D_maPeriod_200_shortPeriod_10,NQ,0.005199052038646703,0.06170673907193992,0
2013-02-06,double7s__ma200__sp10,double7s_signal_D_maPeriod_200_shortPeriod_10,NQ,-0.0024050281854956475,0.05930171088644427,0
2013-02-07,double7s__ma200__sp10,double7s_signal_D_maPeriod_200_shortPeriod_10,NQ,0.0004755751634216405,0.059777286049865916,0
2013-02-08,double7s__ma200__sp10,double7s_signal_D_maPeriod_200_shortPeriod_10,NQ,0.005691145941878591,0.06546843199174451,0
2013-02-11,double7s__ma200__sp10,double7s_signal_D_maPeriod_200_shortPeriod_10,NQ,0.0,0.06546843199174451,0
2013-02-12,double7s__ma200__sp10,double7s_signal_D_maPeriod_200_shortPeriod_10,NQ,0.0,0.06546843199174451,0
2013-02-13,double7s__ma200__sp10,double7s_signal_D_maPeriod_200_shortPeriod_10,NQ,0.0,0.06546843199174451,0
2013-02-14,double7s__ma200__sp10,double7s_signal_D_maPeriod_200_shortPeriod_10,NQ,0.0,0.06546843199174451,0
2013-02-15,double7s__ma200__sp10,double7s_signal_D_maPeriod_200_shortPeriod_10,NQ,0.0,0.06546843199174451,0
2013-02-19,double7s__ma200__sp10,double7s_signal_D_maPeriod_200_shortPeriod_10,NQ,0.0,0.06546843199174451,0
2013-02-20,double7s__ma200__sp10,double7s_signal_D_maPeriod_200_shortPeriod_10,NQ,0.0,0.06546843199174451,0
2013-02-21,double7s__ma200__sp10,double7s_signal_D_maPeriod_200_shortPeriod_10,NQ,0.0,0.06546843199174451,0
2013-02-22,double7s__ma200__sp10,double7s_signal_D_maPeriod_200_shortPeriod_10,NQ,0.003766600274223359,0.06923503226596787,0
2013-02-25,double7s__ma200__sp10,double7s_signal_D_maPeriod_200_shortPeriod_10,NQ,-0.006586821513439204,0.06264821075252867,0
2013-02-26,double7s__ma200__sp10,double7s_signal_D_maPeriod_200_shortPeriod_10,NQ,0.0009139473544912649,0.06356215810701994,0
2013-02-27,double7s__ma200__sp10,double7s_signal_D_maPeriod_200_shortPeriod_10,NQ,0.005626187962905486,0.06918834606992542,0
2013-02-28,double7s__ma200__sp10,double7s_signal_D_maPeriod_200_shortPeriod_10,NQ,-0.0005081092586706818,0.06868023681125474,0
2013-03-01,double7s__ma200__sp10,double7s_signal_D_maPeriod_200_shortPeriod_10,NQ,0.0020440588836395093,0.07072429569489425,0
2013-03-04,double7s__ma200__sp10,double7s_signal_D_maPeriod_200_shortPeriod_10,NQ,0.0027527051719730277,0.07347700086686727,0
2013-03-05,double7s__ma200__sp10,double7s_signal_D_maPeriod_200_shortPeriod_10,NQ,0.006755106786767878,0.08023210765363516,0
2013-03-06,double7s__ma200__sp10,double7s_signal_D_maPeriod_200_shortPeriod_10,NQ,0.0,0.08023210765363516,0
2013-03-07,double7s__ma200__sp10,double7s_signal_D_maPeriod_200_shortPeriod_10,NQ,0.0,0.08023210765363516,0
2013-03-08,double7s__ma200__sp10,double7s_signal_D_maPeriod_200_shortPeriod_10,NQ,0.0,0.08023210765363516,0
2013-03-11,double7s__ma200__sp10,double7s_signal_D_maPeriod_200_shortPeriod_10,NQ,0.0,0.08023210765363516,0
2013-03-12,double7s__ma200__sp10,double7s_signal_D_maPeriod_200_shortPeriod_10,NQ,0.0,0.08023210765363516,0
2013-03-13,double7s__ma200__sp10,double7s_signal_D_maPeriod_200_shortPeriod_10,NQ,0.0,0.08023210765363516,0
2013-03-14,double7s__ma200__sp10,double7s_signal_D_maPeriod_200_shortPeriod_10,NQ,0.0,0.08023210765363516,0
2013-03-15,double7s__ma200__sp10,double7s_signal_D_maPeriod_200_shortPeriod_10,NQ,0.0,0.08023210765363516,0
2013-03-18,double7s__ma200__sp10,double7s_signal_D_maPeriod_200_shortPeriod_10,NQ,0.0,0.08023210765363516,0
2013-03-19,double7s__ma200__sp10,double7s_signal_D_maPeriod_200_shortPeriod_10,NQ,0.0,0.08023210765363516,0
2013-03-20,double7s__ma200__sp10,double7s_signal_D_maPeriod_200_shortPeriod_10,NQ,0.0016043046435606073,0.08183641229719577,0
2013-03-21,double7s__ma200__sp10,double7s_signal_D_maPeriod_200_shortPeriod_10,NQ,-0.0034929059040605644,0.0783435063931352,0
2013-03-22,double7s__ma200__sp10,double7s_signal_D_maPeriod_200_shortPeriod_10,NQ,0.004576702068249402,0.0829202084613846,0
2013-03-25,double7s__ma200__sp10,double7s_signal_D_maPeriod_200_shortPeriod_10,NQ,-0.0017435382388187395,0.08117667022256586,0
2013-03-26,double7s__ma200__sp10,double7s_signal_D_maPeriod_200_shortPeriod_10,NQ,0.0021657671719871262,0.08334243739455299,0
2013-03-27,double7s__ma200__sp10,double7s_signal_D_maPeriod_200_shortPeriod_10,NQ,-0.0002351068002577223,0.08310733059429527,0
2013-03-28,double7s__ma200__sp10,double7s_signal_D_maPeriod_200_shortPeriod_10,NQ,0.0,0.08310733059429527,0
2013-04-01,double7s__ma200__sp10,double7s_signal_D_maPeriod_200_shortPeriod_10,NQ,0.0,0.08310733059429527,0
2013-04-02,double7s__ma200__sp10,double7s_signal_D_maPeriod_200_shortPeriod_10,NQ,0.0,0.08310733059429527,0
2013-04-03,double7s__ma200__sp10,double7s_signal_D_maPeriod_200_shortPeriod_10,NQ,0.0,0.08310733059429527,0
2013-04-04,double7s__ma200__sp10,double7s_signal_D_maPeriod_200_shortPeriod_10,NQ,0.0,0.08310733059429527,0
2013-04-05,double7s__ma200__sp10,double7s_signal_D_maPeriod_200_shortPeriod_10,NQ,0.0,0.08310733059429527,0
2013-04-08,double7s__ma200__sp10,double7s_signal_D_maPeriod_200_shortPeriod_10,NQ,0.003355204945899802,0.08646253554019508,0
2013-04-09,double7s__ma200__sp10,double7s_signal_D_maPeriod_200_shortPeriod_10,NQ,0.00240234266219662,0.0888648782023917,0
2013-04-10,double7s__ma200__sp10,double7s_signal_D_maPeriod_200_shortPeriod_10,NQ,0.010161735339713429,0.09902661354210512,0
2013-04-11,double7s__ma200__sp10,double7s_signal_D_maPeriod_200_shortPeriod_10,NQ,0.0,0.09902661354210512,0
2013-04-12,double7s__ma200__sp10,double7s_signal_D_maPeriod_200_shortPeriod_10,NQ,0.0,0.09902661354210512,0
2013-04-15,double7s__ma200__sp10,double7s_signal_D_maPeriod_200_shortPeriod_10,NQ,0.0,0.09902661354210512,0
2013-04-16,double7s__ma200__sp10,double7s_signal_D_maPeriod_200_shortPeriod_10,NQ,0.0,0.09902661354210512,0
2013-04-17,double7s__ma200__sp10,double7s_signal_D_maPeriod_200_shortPeriod_10,NQ,0.0,0.09902661354210512,0
2013-04-18,double7s__ma200__sp10,double7s_signal_D_maPeriod_200_shortPeriod_10,NQ,0.0,0.09902661354210512,0
2013-04-19,double7s__ma200__sp10,double7s_signal_D_maPeriod_200_shortPeriod_10,NQ,0.0033867785248476376,0.10241339206695277,0
2013-04-22,double7s__ma200__sp10,double7s_signal_D_maPeriod_200_shortPeriod_10,NQ,0.004435532348127848,0.10684892441508062,0
2013-04-23,double7s__ma200__sp10,double7s_signal_D_maPeriod_200_shortPeriod_10,NQ,0.004006066527820706,0.11085499094290133,0
2013-04-24,double7s__ma200__sp10,double7s_signal_D_maPeriod_200_shortPeriod_10,NQ,-0.0010301068787360883,0.10982488406416524,0
2013-04-25,double7s__ma200__sp10,double7s_signal_D_maPeriod_200_shortPeriod_10,NQ,0.004162974714280785,0.11398785877844603,0
2013-04-26,double7s__ma200__sp10,double7s_signal_D_maPeriod_200_shortPeriod_10,NQ,-0.001963601382348372,0.11202425739609766,0
2013-04-29,double7s__ma200__sp10,double7s_signal_D_maPeriod_200_shortPeriod_10,NQ,0.004667033143837072,0.11669129053993473,0
2013-04-30,double7s__ma200__sp10,double7s_signal_D_maPeriod_200_shortPeriod_10,NQ,0.0,0.11669129053993473,0
2013-05-01,double7s__ma200__sp10,double7s_signal_D_maPeriod_200_shortPeriod_10,NQ,0.0,0.11669129053993473,0
2013-05-02,double7s__ma200__sp10,double7s_signal_D_maPeriod_200_shortPeriod_10,NQ,0.0,0.11669129053993473,0
2013-05-03,double7s__ma200__sp10,double7s_signal_D_maPeriod_200_shortPeriod_10,NQ,0.0,0.11669129053993473,0
2013-05-06,double7s__ma200__sp10,double7s_signal_D_maPeriod_200_shortPeriod_10,NQ,0.0,0.11669129053993473,0
2013-05-07,double7s__ma200__sp10,double7s_signal_D_maPeriod_200_shortPeriod_10,NQ,0.0,0.11669129053993473,0
2013-05-08,double7s__ma200__sp10,double7s_signal_D_maPeriod_200_shortPeriod_10,NQ,0.0,0.11669129053993473,0
2013-05-09,double7s__ma200__sp10,double7s_signal_D_maPeriod_200_shortPeriod_10,NQ,0.0,0.11669129053993473,0
2013-05-10,double7s__ma200__sp10,double7s_signal_D_maPeriod_200_shortPeriod_10,NQ,0.0,0.11669129053993473,0
2013-05-13,double7s__ma200__sp10,double7s_signal_D_maPeriod_200_shortPeriod_10,NQ,0.0,0.11669129053993473,0
2013-05-14,double7s__ma200__sp10,double7s_signal_D_maPeriod_200_shortPeriod_10,NQ,0.0,0.11669129053993473,0
2013-05-15,double7s__ma200__sp10,double7s_signal_D_maPeriod_200_shortPeriod_10,NQ,0.0,0.11669129053993473,0
2013-05-16,double7s__ma200__sp10,double7s_signal_D_maPeriod_200_shortPeriod_10,NQ,0.0,0.11669129053993473,0
2013-05-17,double7s__ma200__sp10,double7s_signal_D_maPeriod_200_shortPeriod_10,NQ,0.0,0.11669129053993473,0
2013-05-20,double7s__ma200__sp10,double7s_signal_D_maPeriod_200_shortPeriod_10,NQ,0.0,0.11669129053993473,0
2013-05-21,double7s__ma200__sp10,double7s_signal_D_maPeriod_200_shortPeriod_10,NQ,0.0,0.11669129053993473,0
2013-05-22,double7s__ma200__sp10,double7s_signal_D_maPeriod_200_shortPeriod_10,NQ,0.0,0.11669129053993473,0
2013-05-23,double7s__ma200__sp10,double7s_signal_D_maPeriod_200_shortPeriod_10,NQ,0.0,0.11669129053993473,0
2013-05-24,double7s__ma200__sp10,double7s_signal_D_maPeriod_200_shortPeriod_10,NQ,0.0,0.11669129053993473,0
2013-05-28,double7s__ma200__sp10,double7s_signal_D_maPeriod_200_shortPeriod_10,NQ,0.0,0.11669129053993473,0
2013-05-29,double7s__ma200__sp10,double7s_signal_D_maPeriod_200_shortPeriod_10,NQ,0.0,0.11669129053993473,0
2013-05-30,double7s__ma200__sp10,double7s_signal_D_maPeriod_200_shortPeriod_10,NQ,0.0,0.11669129053993473,0
2013-05-31,double7s__ma200__sp10,double7s_signal_D_maPeriod_200_shortPeriod_10,NQ,0.0,0.11669129053993473,0
2013-06-03,double7s__ma200__sp10,double7s_signal_D_maPeriod_200_shortPeriod_10,NQ,0.000806258777578205,0.11749754931751293,0
2013-06-04,double7s__ma200__sp10,double7s_signal_D_maPeriod_200_shortPeriod_10,NQ,-0.002145269050307763,0.11535228026720516,0
2013-06-05,double7s__ma200__sp10,double7s_signal_D_maPeriod_200_shortPeriod_10,NQ,-0.005913250014893961,0.1094390302523112,0
2013-06-06,double7s__ma200__sp10,double7s_signal_D_maPeriod_200_shortPeriod_10,NQ,0.0016030641831025433,0.11104209443541375,0
2013-06-07,double7s__ma200__sp10,double7s_signal_D_maPeriod_200_shortPeriod_10,NQ,0.005903790129023949,0.1169458845644377,0
2013-06-10,double7s__ma200__sp10,double7s_signal_D_maPeriod_200_shortPeriod_10,NQ,0.0010419110208033898,0.1179877955852411,0
2013-06-11,double7s__ma200__sp10,double7s_signal_D_maPeriod_200_shortPeriod_10,NQ,-0.00443110020900182,0.11355669537623928,0
2013-06-12,double7s__ma200__sp10,double7s_signal_D_maPeriod_200_shortPeriod_10,NQ,-0.008312957107361905,0.10524373826887737,0
2013-06-13,double7s__ma200__sp10,double7s_signal_D_maPeriod_200_shortPeriod_10,NQ,0.005375125907462783,0.11061886417634015,0
2013-06-14,double7s__ma200__sp10,double7s_signal_D_maPeriod_200_shortPeriod_10,NQ,-0.0033099111810826476,0.1073089529952575,0
2013-06-17,double7s__ma200__sp10,double7s_signal_D_maPeriod_200_shortPeriod_10,NQ,0.006143835218395369,0.11345278821365287,0
2013-06-18,double7s__ma200__sp10,double7s_signal_D_maPeriod_200_shortPeriod_10,NQ,0.0038326109166585123,0.11728539913031139,0
2013-06-19,double7s__ma200__sp10,double7s_signal_D_maPeriod_200_shortPeriod_10,NQ,0.0,0.11728539913031139,0
2013-06-20,double7s__ma200__sp10,double7s_signal_D_maPeriod_200_shortPeriod_10,NQ,0.0,0.11728539913031139,0
2013-06-21,double7s__ma200__sp10,double7s_signal_D_maPeriod_200_shortPeriod_10,NQ,-0.001339904513645376,0.115945494616666,0
2013-06-24,double7s__ma200__sp10,double7s_signal_D_maPeriod_200_shortPeriod_10,NQ,-0.004189463304012279,0.11175603131265373,0
2013-06-25,double7s__ma200__sp10,double7s_signal_D_maPeriod_200_shortPeriod_10,NQ,0.0022354977921423672,0.1139915291047961,0
2013-06-26,double7s__ma200__sp10,double7s_signal_D_maPeriod_200_shortPeriod_10,NQ,0.004829271655962301,0.1188208007607584,0
2013-06-27,double7s__ma200__sp10,double7s_signal_D_maPeriod_200_shortPeriod_10,NQ,0.0025443553022311987,0.1213651560629896,0
2013-06-28,double7s__ma200__sp10,double7s_signal_D_maPeriod_200_shortPeriod_10,NQ,0.00041583161671749903,0.1217809876797071,0
2013-07-01,double7s__ma200__sp10,double7s_signal_D_maPeriod_200_shortPeriod_10,NQ,0.002629354824959061,0.12441034250466616,0
2013-07-02,double7s__ma200__sp10,double7s_signal_D_maPeriod_200_shortPeriod_10,NQ,0.0007366783473285971,0.12514702085199475,0
2013-07-03,double7s__ma200__sp10,double7s_signal_D_maPeriod_200_shortPeriod_10,NQ,0.002436778574588072,0.12758379942658282,0
2013-07-05,double7s__ma200__sp10,double7s_signal_D_maPeriod_200_shortPeriod_10,NQ,0.0034384958176065317,0.13102229524418935,0
2013-07-08,double7s__ma200__sp10,double7s_signal_D_maPeriod_200_shortPeriod_10,NQ,0.0,0.13102229524418935,0
2013-07-09,double7s__ma200__sp10,double7s_signal_D_maPeriod_200_shortPeriod_10,NQ,0.0,0.13102229524418935,0
2013-07-10,double7s__ma200__sp10,double7s_signal_D_maPeriod_200_shortPeriod_10,NQ,0.0,0.13102229524418935,0
2013-07-11,double7s__ma200__sp10,double7s_signal_D_maPeriod_200_shortPeriod_10,NQ,0.0,0.13102229524418935,0
2013-07-12,double7s__ma200__sp10,double7s_signal_D_maPeriod_200_shortPeriod_10,NQ,0.0,0.13102229524418935,0
2013-07-15,double7s__ma200__sp10,double7s_signal_D_maPeriod_200_shortPeriod_10,NQ,0.0,0.13102229524418935,0
2013-07-16,double7s__ma200__sp10,double7s_signal_D_maPeriod_200_shortPeriod_10,NQ,0.0,0.13102229524418935,0
2013-07-17,double7s__ma200__sp10,double7s_signal_D_maPeriod_200_shortPeriod_10,NQ,0.0,0.13102229524418935,0
2013-07-18,double7s__ma200__sp10,double7s_signal_D_maPeriod_200_shortPeriod_10,NQ,0.0,0.13102229524418935,0
2013-07-19,double7s__ma200__sp10,double7s_signal_D_maPeriod_200_shortPeriod_10,NQ,0.0,0.13102229524418935,0
2013-07-22,double7s__ma200__sp10,double7s_signal_D_maPeriod_200_shortPeriod_10,NQ,0.0,0.13102229524418935,0
2013-07-23,double7s__ma200__sp10,double7s_signal_D_maPeriod_200_shortPeriod_10,NQ,0.0,0.13102229524418935,0
2013-07-24,double7s__ma200__sp10,double7s_signal_D_maPeriod_200_shortPeriod_10,NQ,0.0,0.13102229524418935,0
2013-07-25,double7s__ma200__sp10,double7s_signal_D_maPeriod_200_shortPeriod_10,NQ,0.0,0.13102229524418935,0
2013-07-26,double7s__ma200__sp10,double7s_signal_D_maPeriod_200_shortPeriod_10,NQ,0.0,0.13102229524418935,0
2013-07-29,double7s__ma200__sp10,double7s_signal_D_maPeriod_200_shortPeriod_10,NQ,0.0,0.13102229524418935,0
2013-07-30,double7s__ma200__sp10,double7s_signal_D_maPeriod_200_shortPeriod_10,NQ,0.0,0.13102229524418935,0
2013-07-31,double7s__ma200__sp10,double7s_signal_D_maPeriod_200_shortPeriod_10,NQ,0.0,0.13102229524418935,0
2013-08-01,double7s__ma200__sp10,double7s_signal_D_maPeriod_200_shortPeriod_10,NQ,0.0,0.13102229524418935,0
2013-08-02,double7s__ma200__sp10,double7s_signal_D_maPeriod_200_shortPeriod_10,NQ,0.0,0.13102229524418935,0
2013-08-05,double7s__ma200__sp10,double7s_signal_D_maPeriod_200_shortPeriod_10,NQ,0.0,0.13102229524418935,0
2013-08-06,double7s__ma200__sp10,double7s_signal_D_maPeriod_200_shortPeriod_10,NQ,0.0,0.13102229524418935,0
2013-08-07,double7s__ma200__sp10,double7s_signal_D_maPeriod_200_shortPeriod_10,NQ,0.0,0.13102229524418935,0
2013-08-08,double7s__ma200__sp10,double7s_signal_D_maPeriod_200_shortPeriod_10,NQ,0.0,0.13102229524418935,0
2013-08-09,double7s__ma200__sp10,double7s_signal_D_maPeriod_200_shortPeriod_10,NQ,0.0,0.13102229524418935,0
2013-08-12,double7s__ma200__sp10,double7s_signal_D_maPeriod_200_shortPeriod_10,NQ,0.0,0.13102229524418935,0
2013-08-13,double7s__ma200__sp10,double7s_signal_D_maPeriod_200_shortPeriod_10,NQ,0.0,0.13102229524418935,0
2013-08-14,double7s__ma200__sp10,double7s_signal_D_maPeriod_200_shortPeriod_10,NQ,0.0,0.13102229524418935,0
2013-08-15,double7s__ma200__sp10,double7s_signal_D_maPeriod_200_shortPeriod_10,NQ,0.0,0.13102229524418935,0
2013-08-16,double7s__ma200__sp10,double7s_signal_D_maPeriod_200_shortPeriod_10,NQ,-0.00023559541069627813,0.13078669983349306,0
2013-08-19,double7s__ma200__sp10,double7s_signal_D_maPeriod_200_shortPeriod_10,NQ,0.0003595405683462549,0.1311462404018393,0
2013-08-20,double7s__ma200__sp10,double7s_signal_D_maPeriod_200_shortPeriod_10,NQ,0.0017508915869603905,0.1328971319887997,0
2013-08-21,double7s__ma200__sp10,double7s_signal_D_maPeriod_200_shortPeriod_10,NQ,-0.0034591176415458553,0.12943801434725385,0
2013-08-22,double7s__ma200__sp10,double7s_signal_D_maPeriod_200_shortPeriod_10,NQ,0.0071316728112113155,0.13656968715846518,0
2013-08-23,double7s__ma200__sp10,double7s_signal_D_maPeriod_200_shortPeriod_10,NQ,0.0025769528790138855,0.13914664003747906,0
2013-08-26,double7s__ma200__sp10,double7s_signal_D_maPeriod_200_shortPeriod_10,NQ,0.00013372612131645146,0.13928036615879552,0
2013-08-27,double7s__ma200__sp10,double7s_signal_D_maPeriod_200_shortPeriod_10,NQ,-0.011464758892994576,0.12781560726580093,0
2013-08-28,double7s__ma200__sp10,double7s_signal_D_maPeriod_200_shortPeriod_10,NQ,0.0006979844723220177,0.12851359173812296,0
2013-08-29,double7s__ma200__sp10,double7s_signal_D_maPeriod_200_shortPeriod_10,NQ,0.003814360352845996,0.13232795209096895,0
2013-08-30,double7s__ma200__sp10,double7s_signal_D_maPeriod_200_shortPeriod_10,NQ,-0.0035873165152139007,0.12874063557575505,0
2013-09-03,double7s__ma200__sp10,double7s_signal_D_maPeriod_200_shortPeriod_10,NQ,-0.000403305310082913,0.12833733026567212,0
2013-09-04,double7s__ma200__sp10,double7s_signal_D_maPeriod_200_shortPeriod_10,NQ,0.007235835013285441,0.13557316527895757,0
2013-09-05,double7s__ma200__sp10,double7s_signal_D_maPeriod_200_shortPeriod_10,NQ,0.0,0.13557316527895757,0
2013-09-06,double7s__ma200__sp10,double7s_signal_D_maPeriod_200_shortPeriod_10,NQ,0.0,0.13557316527895757,0
2013-09-09,double7s__ma200__sp10,double7s_signal_D_maPeriod_200_shortPeriod_10,NQ,0.0,0.13557316527895757,0
2013-09-10,double7s__ma200__sp10,double7s_signal_D_maPeriod_200_shortPeriod_10,NQ,0.0,0.13557316527895757,0
2013-09-11,double7s__ma200__sp10,double7s_signal_D_maPeriod_200_shortPeriod_10,NQ,0.0,0.13557316527895757,0
2013-09-12,double7s__ma200__sp10,double7s_signal_D_maPeriod_200_shortPeriod_10,NQ,0.0,0.13557316527895757,0
2013-09-13,double7s__ma200__sp10,double7s_signal_D_maPeriod_200_shortPeriod_10,NQ,0.0,0.13557316527895757,0
2013-09-16,double7s__ma200__sp10,double7s_signal_D_maPeriod_200_shortPeriod_10,NQ,0.0,0.13557316527895757,0
2013-09-17,double7s__ma200__sp10,double7s_signal_D_maPeriod_200_shortPeriod_10,NQ,0.0,0.13557316527895757,0
2013-09-18,double7s__ma200__sp10,double7s_signal_D_maPeriod_200_shortPeriod_10,NQ,0.0,0.13557316527895757,0
2013-09-19,double7s__ma200__sp10,double7s_signal_D_maPeriod_200_shortPeriod_10,NQ,0.0,0.13557316527895757,0
2013-09-20,double7s__ma200__sp10,double7s_signal_D_maPeriod_200_shortPeriod_10,NQ,0.0,0.13557316527895757,0
2013-09-23,double7s__ma200__sp10,double7s_signal_D_maPeriod_200_shortPeriod_10,NQ,0.0,0.13557316527895757,0
2013-09-24,double7s__ma200__sp10,double7s_signal_D_maPeriod_200_shortPeriod_10,NQ,0.0,0.13557316527895757,0
2013-09-25,double7s__ma200__sp10,double7s_signal_D_maPeriod_200_shortPeriod_10,NQ,0.0,0.13557316527895757,0
2013-09-26,double7s__ma200__sp10,double7s_signal_D_maPeriod_200_shortPeriod_10,NQ,0.0,0.13557316527895757,0
2013-09-27,double7s__ma200__sp10,double7s_signal_D_maPeriod_200_shortPeriod_10,NQ,0.0,0.13557316527895757,0
2013-09-30,double7s__ma200__sp10,double7s_signal_D_maPeriod_200_shortPeriod_10,NQ,0.0,0.13557316527895757,0
2013-10-01,double7s__ma200__sp10,double7s_signal_D_maPeriod_200_shortPeriod_10,NQ,0.0,0.13557316527895757,0
2013-10-02,double7s__ma200__sp10,double7s_signal_D_maPeriod_200_shortPeriod_10,NQ,0.0,0.13557316527895757,0
2013-10-03,double7s__ma200__sp10,double7s_signal_D_maPeriod_200_shortPeriod_10,NQ,0.0,0.13557316527895757,0
2013-10-04,double7s__ma200__sp10,double7s_signal_D_maPeriod_200_shortPeriod_10,NQ,0.0,0.13557316527895757,0
2013-10-07,double7s__ma200__sp10,double7s_signal_D_maPeriod_200_shortPeriod_10,NQ,0.0,0.13557316527895757,0
2013-10-08,double7s__ma200__sp10,double7s_signal_D_maPeriod_200_shortPeriod_10,NQ,0.0,0.13557316527895757,0
2013-10-09,double7s__ma200__sp10,double7s_signal_D_maPeriod_200_shortPeriod_10,NQ,-0.0015619407672131794,0.1340112245117444,0
2013-10-10,double7s__ma200__sp10,double7s_signal_D_maPeriod_200_shortPeriod_10,NQ,0.010746884556719473,0.14475810906846387,0
2013-10-11,double7s__ma200__sp10,double7s_signal_D_maPeriod_200_shortPeriod_10,NQ,0.0032764876133296946,0.14803459668179356,0
2013-10-14,double7s__ma200__sp10,double7s_signal_D_maPeriod_200_shortPeriod_10,NQ,0.006785582738673744,0.1548201794204673,0
2013-10-15,double7s__ma200__sp10,double7s_signal_D_maPeriod_200_shortPeriod_10,NQ,0.0,0.1548201794204673,0
2013-10-16,double7s__ma200__sp10,double7s_signal_D_maPeriod_200_shortPeriod_10,NQ,0.0,0.1548201794204673,0
2013-10-17,double7s__ma200__sp10,double7s_signal_D_maPeriod_200_shortPeriod_10,NQ,0.0,0.1548201794204673,0
2013-10-18,double7s__ma200__sp10,double7s_signal_D_maPeriod_200_shortPeriod_10,NQ,0.0,0.1548201794204673,0
2013-10-21,double7s__ma200__sp10,double7s_signal_D_maPeriod_200_shortPeriod_10,NQ,0.0,0.1548201794204673,0
2013-10-22,double7s__ma200__sp10,double7s_signal_D_maPeriod_200_shortPeriod_10,NQ,0.0,0.1548201794204673,0
2013-10-23,double7s__ma200__sp10,double7s_signal_D_maPeriod_200_shortPeriod_10,NQ,0.0,0.1548201794204673,0
2013-10-24,double7s__ma200__sp10,double7s_signal_D_maPeriod_200_shortPeriod_10,NQ,0.0,0.1548201794204673,0
2013-10-25,double7s__ma200__sp10,double7s_signal_D_maPeriod_200_shortPeriod_10,NQ,0.0,0.1548201794204673,0
2013-10-28,double7s__ma200__sp10,double7s_signal_D_maPeriod_200_shortPeriod_10,NQ,0.0,0.1548201794204673,0
2013-10-29,double7s__ma200__sp10,double7s_signal_D_maPeriod_200_shortPeriod_10,NQ,0.0,0.1548201794204673,0
2013-10-30,double7s__ma200__sp10,double7s_signal_D_maPeriod_200_shortPeriod_10,NQ,0.0,0.1548201794204673,0
2013-10-31,double7s__ma200__sp10,double7s_signal_D_maPeriod_200_shortPeriod_10,NQ,0.0,0.1548201794204673,0
2013-11-01,double7s__ma200__sp10,double7s_signal_D_maPeriod_200_shortPeriod_10,NQ,0.0,0.1548201794204673,0
2013-11-04,double7s__ma200__sp10,double7s_signal_D_maPeriod_200_shortPeriod_10,NQ,0.0,0.1548201794204673,0
2013-11-05,double7s__ma200__sp10,double7s_signal_D_maPeriod_200_shortPeriod_10,NQ,0.0,0.1548201794204673,0
2013-11-06,double7s__ma200__sp10,double7s_signal_D_maPeriod_200_shortPeriod_10,NQ,0.0,0.1548201794204673,0
2013-11-07,double7s__ma200__sp10,double7s_signal_D_maPeriod_200_shortPeriod_10,NQ,0.0,0.1548201794204673,0
2013-11-08,double7s__ma200__sp10,double7s_signal_D_maPeriod_200_shortPeriod_10,NQ,0.004247763875511972,0.15906794329597929,0
2013-11-11,double7s__ma200__sp10,double7s_signal_D_maPeriod_200_shortPeriod_10,NQ,-0.0009750629472905789,0.1580928803486887,0
2013-11-12,double7s__ma200__sp10,double7s_signal_D_maPeriod_200_shortPeriod_10,NQ,0.0016726807808777485,0.15976556112956647,0
2013-11-13,double7s__ma200__sp10,double7s_signal_D_maPeriod_200_shortPeriod_10,NQ,0.0065815595262716945,0.16634712065583818,0
2013-11-14,double7s__ma200__sp10,double7s_signal_D_maPeriod_200_shortPeriod_10,NQ,0.0,0.16634712065583818,0
2013-11-15,double7s__ma200__sp10,double7s_signal_D_maPeriod_200_shortPeriod_10,NQ,0.0,0.16634712065583818,0
2013-11-18,double7s__ma200__sp10,double7s_signal_D_maPeriod_200_shortPeriod_10,NQ,0.0,0.16634712065583818,0
2013-11-19,double7s__ma200__sp10,double7s_signal_D_maPeriod_200_shortPeriod_10,NQ,0.0,0.16634712065583818,0
2013-11-20,double7s__ma200__sp10,double7s_signal_D_maPeriod_200_shortPeriod_10,NQ,0.0,0.16634712065583818,0
2013-11-21,double7s__ma200__sp10,double7s_signal_D_maPeriod_200_shortPeriod_10,NQ,0.0,0.16634712065583818,0
2013-11-22,double7s__ma200__sp10,double7s_signal_D_maPeriod_200_shortPeriod_10,NQ,0.0,0.16634712065583818,0
2013-11-25,double7s__ma200__sp10,double7s_signal_D_maPeriod_200_shortPeriod_10,NQ,0.0,0.16634712065583818,0
2013-11-26,double7s__ma200__sp10,double7s_signal_D_maPeriod_200_shortPeriod_10,NQ,0.0,0.16634712065583818,0
2013-11-27,double7s__ma200__sp10,double7s_signal_D_maPeriod_200_shortPeriod_10,NQ,0.0,0.16634712065583818,0
2013-11-29,double7s__ma200__sp10,double7s_signal_D_maPeriod_200_shortPeriod_10,NQ,0.0,0.16634712065583818,0
2013-12-02,double7s__ma200__sp10,double7s_signal_D_maPeriod_200_shortPeriod_10,NQ,0.0,0.16634712065583818,0
2013-12-03,double7s__ma200__sp10,double7s_signal_D_maPeriod_200_shortPeriod_10,NQ,0.0,0.16634712065583818,0
2013-12-04,double7s__ma200__sp10,double7s_signal_D_maPeriod_200_shortPeriod_10,NQ,0.0,0.16634712065583818,0
2013-12-05,double7s__ma200__sp10,double7s_signal_D_maPeriod_200_shortPeriod_10,NQ,0.0,0.16634712065583818,0
2013-12-06,double7s__ma200__sp10,double7s_signal_D_maPeriod_200_shortPeriod_10,NQ,0.0,0.16634712065583818,0
2013-12-09,double7s__ma200__sp10,double7s_signal_D_maPeriod_200_shortPeriod_10,NQ,0.0,0.16634712065583818,0
2013-12-10,double7s__ma200__sp10,double7s_signal_D_maPeriod_200_shortPeriod_10,NQ,0.0,0.16634712065583818,0
2013-12-11,double7s__ma200__sp10,double7s_signal_D_maPeriod_200_shortPeriod_10,NQ,0.0,0.16634712065583818,0
2013-12-12,double7s__ma200__sp10,double7s_signal_D_maPeriod_200_shortPeriod_10,NQ,0.0,0.16634712065583818,0
2013-12-13,double7s__ma200__sp10,double7s_signal_D_maPeriod_200_shortPeriod_10,NQ,8.450987100658843e-05,0.16643163052684476,0
2013-12-16,double7s__ma200__sp10,double7s_signal_D_maPeriod_200_shortPeriod_10,NQ,0.0029540433383632362,0.169385673865208,0
2013-12-17,double7s__ma200__sp10,double7s_signal_D_maPeriod_200_shortPeriod_10,NQ,-0.0009280971897863784,0.16845757667542163,0
2013-12-18,double7s__ma200__sp10,double7s_signal_D_maPeriod_200_shortPeriod_10,NQ,0.00807445170519108,0.17653202838061272,0
2013-12-19,double7s__ma200__sp10,double7s_signal_D_maPeriod_200_shortPeriod_10,NQ,-0.0020548071441449955,0.17447722123646772,0
2013-12-20,double7s__ma200__sp10,double7s_signal_D_maPeriod_200_shortPeriod_10,NQ,0.00649065932733934,0.18096788056380705,0
2013-12-23,double7s__ma200__sp10,double7s_signal_D_maPeriod_200_shortPeriod_10,NQ,0.0,0.18096788056380705,0
2013-12-24,double7s__ma200__sp10,double7s_signal_D_maPeriod_200_shortPeriod_10,NQ,0.0,0.18096788056380705,0
2013-12-26,double7s__ma200__sp10,double7s_signal_D_maPeriod_200_shortPeriod_10,NQ,0.0,0.18096788056380705,0
2013-12-27,double7s__ma200__sp10,double7s_signal_D_maPeriod_200_shortPeriod_10,NQ,0.0,0.18096788056380705,0
2013-12-30,double7s__ma200__sp10,double7s_signal_D_maPeriod_200_shortPeriod_10,NQ,0.0,0.18096788056380705,0
2013-12-31,double7s__ma200__sp10,double7s_signal_D_maPeriod_200_shortPeriod_10,NQ,0.0,0.18096788056380705,0
2014-01-02,double7s__ma200__sp10,double7s_signal_D_maPeriod_200_shortPeriod_10,NQ,0.0,0.18096788056380705,0
2014-01-03,double7s__ma200__sp10,double7s_signal_D_maPeriod_200_shortPeriod_10,NQ,0.0,0.18096788056380705,0
2014-01-06,double7s__ma200__sp10,double7s_signal_D_maPeriod_200_shortPeriod_10,NQ,0.0,0.18096788056380705,0
2014-01-07,double7s__ma200__sp10,double7s_signal_D_maPeriod_200_shortPeriod_10,NQ,0.0,0.18096788056380705,0
2014-01-08,double7s__ma200__sp10,double7s_signal_D_maPeriod_200_shortPeriod_10,NQ,0.0,0.18096788056380705,0
2014-01-09,double7s__ma200__sp10,double7s_signal_D_maPeriod_200_shortPeriod_10,NQ,0.0,0.18096788056380705,0
2014-01-10,double7s__ma200__sp10,double7s_signal_D_maPeriod_200_shortPeriod_10,NQ,0.0,0.18096788056380705,0
2014-01-13,double7s__ma200__sp10,double7s_signal_D_maPeriod_200_shortPeriod_10,NQ,0.0,0.18096788056380705,0
2014-01-14,double7s__ma200__sp10,double7s_signal_D_maPeriod_200_shortPeriod_10,NQ,0.007363899814469414,0.18833178037827647,0
2014-01-15,double7s__ma200__sp10,double7s_signal_D_maPeriod_200_shortPeriod_10,NQ,0.0023504124604336665,0.19068219283871013,0
2014-01-16,double7s__ma200__sp10,double7s_signal_D_maPeriod_200_shortPeriod_10,NQ,0.0,0.19068219283871013,0
2014-01-17,double7s__ma200__sp10,double7s_signal_D_maPeriod_200_shortPeriod_10,NQ,0.0,0.19068219283871013,0
2014-01-21,double7s__ma200__sp10,double7s_signal_D_maPeriod_200_shortPeriod_10,NQ,0.0,0.19068219283871013,0
2014-01-22,double7s__ma200__sp10,double7s_signal_D_maPeriod_200_shortPeriod_10,NQ,0.0,0.19068219283871013,0
2014-01-23,double7s__ma200__sp10,double7s_signal_D_maPeriod_200_shortPeriod_10,NQ,0.0,0.19068219283871013,0
2014-01-24,double7s__ma200__sp10,double7s_signal_D_maPeriod_200_shortPeriod_10,NQ,0.0,0.19068219283871013,0
2014-01-27,double7s__ma200__sp10,double7s_signal_D_maPeriod_200_shortPeriod_10,NQ,0.0,0.19068219283871013,0
2014-01-28,double7s__ma200__sp10,double7s_signal_D_maPeriod_200_shortPeriod_10,NQ,0.0049948003711222065,0.19567699320983234,0
2014-01-29,double7s__ma200__sp10,double7s_signal_D_maPeriod_200_shortPeriod_10,NQ,-0.006803833969825415,0.18887315924000692,0
2014-01-30,double7s__ma200__sp10,double7s_signal_D_maPeriod_200_shortPeriod_10,NQ,0.003697154303944538,0.19257031354395146,0
2014-01-31,double7s__ma200__sp10,double7s_signal_D_maPeriod_200_shortPeriod_10,NQ,-0.0010043805477944047,0.19156593299615707,0
2014-02-03,double7s__ma200__sp10,double7s_signal_D_maPeriod_200_shortPeriod_10,NQ,-0.014157099706558993,0.17740883328959808,0
2014-02-04,double7s__ma200__sp10,double7s_signal_D_maPeriod_200_shortPeriod_10,NQ,0.0009844004979479694,0.17839323378754604,0
2014-02-05,double7s__ma200__sp10,double7s_signal_D_maPeriod_200_shortPeriod_10,NQ,-0.0010993362100963696,0.17729389757744968,0
2014-02-06,double7s__ma200__sp10,double7s_signal_D_maPeriod_200_shortPeriod_10,NQ,0.0062388608120956465,0.18353275838954533,0
2014-02-07,double7s__ma200__sp10,double7s_signal_D_maPeriod_200_shortPeriod_10,NQ,0.009175065081748623,0.19270782347129395,0
2014-02-10,double7s__ma200__sp10,double7s_signal_D_maPeriod_200_shortPeriod_10,NQ,0.0,0.19270782347129395,0
2014-02-11,double7s__ma200__sp10,double7s_signal_D_maPeriod_200_shortPeriod_10,NQ,0.0,0.19270782347129395,0
2014-02-12,double7s__ma200__sp10,double7s_signal_D_maPeriod_200_shortPeriod_10,NQ,0.0,0.19270782347129395,0
2014-02-13,double7s__ma200__sp10,double7s_signal_D_maPeriod_200_shortPeriod_10,NQ,0.0,0.19270782347129395,0
2014-02-14,double7s__ma200__sp10,double7s_signal_D_maPeriod_200_shortPeriod_10,NQ,0.0,0.19270782347129395,0
2014-02-18,double7s__ma200__sp10,double7s_signal_D_maPeriod_200_shortPeriod_10,NQ,0.0,0.19270782347129395,0
2014-02-19,double7s__ma200__sp10,double7s_signal_D_maPeriod_200_shortPeriod_10,NQ,0.0,0.19270782347129395,0
2014-02-20,double7s__ma200__sp10,double7s_signal_D_maPeriod_200_shortPeriod_10,NQ,0.0,0.19270782347129395,0
2014-02-21,double7s__ma200__sp10,double7s_signal_D_maPeriod_200_shortPeriod_10,NQ,0.0,0.19270782347129395,0
2014-02-24,double7s__ma200__sp10,double7s_signal_D_maPeriod_200_shortPeriod_10,NQ,0.0,0.19270782347129395,0
2014-02-25,double7s__ma200__sp10,double7s_signal_D_maPeriod_200_shortPeriod_10,NQ,0.0,0.19270782347129395,0
2014-02-26,double7s__ma200__sp10,double7s_signal_D_maPeriod_200_shortPeriod_10,NQ,0.0,0.19270782347129395,0
2014-02-27,double7s__ma200__sp10,double7s_signal_D_maPeriod_200_shortPeriod_10,NQ,0.0,0.19270782347129395,0
2014-02-28,double7s__ma200__sp10,double7s_signal_D_maPeriod_200_shortPeriod_10,NQ,0.0,0.19270782347129395,0
2014-03-03,double7s__ma200__sp10,double7s_signal_D_maPeriod_200_shortPeriod_10,NQ,0.0,0.19270782347129395,0
2014-03-04,double7s__ma200__sp10,double7s_signal_D_maPeriod_200_shortPeriod_10,NQ,0.0,0.19270782347129395,0
2014-03-05,double7s__ma200__sp10,double7s_signal_D_maPeriod_200_shortPeriod_10,NQ,0.0,0.19270782347129395,0
2014-03-06,double7s__ma200__sp10,double7s_signal_D_maPeriod_200_shortPeriod_10,NQ,0.0,0.19270782347129395,0
2014-03-07,double7s__ma200__sp10,double7s_signal_D_maPeriod_200_shortPeriod_10,NQ,0.0,0.19270782347129395,0
2014-03-10,double7s__ma200__sp10,double7s_signal_D_maPeriod_200_shortPeriod_10,NQ,0.0,0.19270782347129395,0
2014-03-11,double7s__ma200__sp10,double7s_signal_D_maPeriod_200_shortPeriod_10,NQ,0.0,0.19270782347129395,0
2014-03-12,double7s__ma200__sp10,double7s_signal_D_maPeriod_200_shortPeriod_10,NQ,0.0,0.19270782347129395,0
2014-03-13,double7s__ma200__sp10,double7s_signal_D_maPeriod_200_shortPeriod_10,NQ,0.0,0.19270782347129395,0
2014-03-14,double7s__ma200__sp10,double7s_signal_D_maPeriod_200_shortPeriod_10,NQ,-0.0030846787082362552,0.1896231447630577,0
2014-03-17,double7s__ma200__sp10,double7s_signal_D_maPeriod_200_shortPeriod_10,NQ,0.0047639164187037696,0.19438706118176147,0
2014-03-18,double7s__ma200__sp10,double7s_signal_D_maPeriod_200_shortPeriod_10,NQ,0.006575569137306265,0.20096263031906772,0
2014-03-19,double7s__ma200__sp10,double7s_signal_D_maPeriod_200_shortPeriod_10,NQ,-0.0027246901745651276,0.1982379401445026,0
2014-03-20,double7s__ma200__sp10,double7s_signal_D_maPeriod_200_shortPeriod_10,NQ,0.0028960678530045945,0.2011340079975072,0
2014-03-21,double7s__ma200__sp10,double7s_signal_D_maPeriod_200_shortPeriod_10,NQ,-0.00838398988891167,0.19275001810859552,0
2014-03-24,double7s__ma200__sp10,double7s_signal_D_maPeriod_200_shortPeriod_10,NQ,-0.0033679979799552807,0.18938202012864025,0
2014-03-25,double7s__ma200__sp10,double7s_signal_D_maPeriod_200_shortPeriod_10,NQ,0.0016881767277616038,0.19107019685640186,0
2014-03-26,double7s__ma200__sp10,double7s_signal_D_maPeriod_200_shortPeriod_10,NQ,-0.008219349121095683,0.1828508477353062,0
2014-03-27,double7s__ma200__sp10,double7s_signal_D_maPeriod_200_shortPeriod_10,NQ,-0.002773205359355089,0.18007764237595109,0
2014-03-28,double7s__ma200__sp10,double7s_signal_D_maPeriod_200_shortPeriod_10,NQ,0.0004983025167667903,0.1805759448927179,0
2014-03-31,double7s__ma200__sp10,double7s_signal_D_maPeriod_200_shortPeriod_10,NQ,0.002277825636024763,0.18285377052874266,0
2014-04-01,double7s__ma200__sp10,double7s_signal_D_maPeriod_200_shortPeriod_10,NQ,0.011038054402235549,0.1938918249309782,0
2014-04-02,double7s__ma200__sp10,double7s_signal_D_maPeriod_200_shortPeriod_10,NQ,0.0007538474540201648,0.19464567238499836,0
2014-04-03,double7s__ma200__sp10,double7s_signal_D_maPeriod_200_shortPeriod_10,NQ,-0.004512025444125157,0.1901336469408732,0
2014-04-04,double7s__ma200__sp10,double7s_signal_D_maPeriod_200_shortPeriod_10,NQ,-0.016299949923072463,0.17383369701780074,0
2014-04-07,double7s__ma200__sp10,double7s_signal_D_maPeriod_200_shortPeriod_10,NQ,-0.0029009701944982575,0.1709327268233025,0
2014-04-08,double7s__ma200__sp10,double7s_signal_D_maPeriod_200_shortPeriod_10,NQ,0.0035039581979428346,0.17443668502124532,0
2014-04-09,double7s__ma200__sp10,double7s_signal_D_maPeriod_200_shortPeriod_10,NQ,0.01034235315031489,0.18477903817156022,0
2014-04-10,double7s__ma200__sp10,double7s_signal_D_maPeriod_200_shortPeriod_10,NQ,-0.011315579140584966,0.17346345903097526,0
2014-04-11,double7s__ma200__sp10,double7s_signal_D_maPeriod_200_shortPeriod_10,NQ,-0.002526009891187224,0.17093744913978803,0
2014-04-14,double7s__ma200__sp10,double7s_signal_D_maPeriod_200_shortPeriod_10,NQ,0.004483063727744323,0.17542051286753235,0
2014-04-15,double7s__ma200__sp10,double7s_signal_D_maPeriod_200_shortPeriod_10,NQ,0.003404279839165544,0.1788247927066979,0
2014-04-16,double7s__ma200__sp10,double7s_signal_D_maPeriod_200_shortPeriod_10,NQ,0.0006286692657995616,0.17945346197249748,0
2014-04-17,double7s__ma200__sp10,double7s_signal_D_maPeriod_200_shortPeriod_10,NQ,0.0029691222932052763,0.18242258426570276,0
2014-04-21,double7s__ma200__sp10,double7s_signal_D_maPeriod_200_shortPeriod_10,NQ,0.004375378751065551,0.18679796301676832,0
2014-04-22,double7s__ma200__sp10,double7s_signal_D_maPeriod_200_shortPeriod_10,NQ,0.005184582074921597,0.1919825450916899,0
2014-04-23,double7s__ma200__sp10,double7s_signal_D_maPeriod_200_shortPeriod_10,NQ,-0.004724646769482155,0.18725789832220777,0
2014-04-24,double7s__ma200__sp10,double7s_signal_D_maPeriod_200_shortPeriod_10,NQ,-0.0018193225661940569,0.18543857575601372,0
2014-04-25,double7s__ma200__sp10,double7s_signal_D_maPeriod_200_shortPeriod_10,NQ,-0.009554056774134378,0.17588451898187935,0
2014-04-28,double7s__ma200__sp10,double7s_signal_D_maPeriod_200_shortPeriod_10,NQ,0.0005304494849857661,0.1764149684668651,0
2014-04-29,double7s__ma200__sp10,double7s_signal_D_maPeriod_200_shortPeriod_10,NQ,0.0037006365491194537,0.18011560501598456,0
2014-04-30,double7s__ma200__sp10,double7s_signal_D_maPeriod_200_shortPeriod_10,NQ,0.0026561317554045388,0.1827717367713891,0
2014-05-01,double7s__ma200__sp10,double7s_signal_D_maPeriod_200_shortPeriod_10,NQ,0.0016145858341367406,0.18438632260552584,0
2014-05-02,double7s__ma200__sp10,double7s_signal_D_maPeriod_200_shortPeriod_10,NQ,0.0,0.18438632260552584,0
2014-05-05,double7s__ma200__sp10,double7s_signal_D_maPeriod_200_shortPeriod_10,NQ,0.0,0.18438632260552584,0
2014-05-06,double7s__ma200__sp10,double7s_signal_D_maPeriod_200_shortPeriod_10,NQ,0.0,0.18438632260552584,0
2014-05-07,double7s__ma200__sp10,double7s_signal_D_maPeriod_200_shortPeriod_10,NQ,0.0,0.18438632260552584,0
2014-05-08,double7s__ma200__sp10,double7s_signal_D_maPeriod_200_shortPeriod_10,NQ,0.0,0.18438632260552584,0
2014-05-09,double7s__ma200__sp10,double7s_signal_D_maPeriod_200_shortPeriod_10,NQ,0.0,0.18438632260552584,0
2014-05-12,double7s__ma200__sp10,double7s_signal_D_maPeriod_200_shortPeriod_10,NQ,0.0,0.18438632260552584,0
2014-05-13,double7s__ma200__sp10,double7s_signal_D_maPeriod_200_shortPeriod_10,NQ,0.0,0.18438632260552584,0
2014-05-14,double7s__ma200__sp10,double7s_signal_D_maPeriod_200_shortPeriod_10,NQ,0.0,0.18438632260552584,0
2014-05-15,double7s__ma200__sp10,double7s_signal_D_maPeriod_200_shortPeriod_10,NQ,0.0,0.18438632260552584,0
2014-05-16,double7s__ma200__sp10,double7s_signal_D_maPeriod_200_shortPeriod_10,NQ,0.0,0.18438632260552584,0
2014-05-19,double7s__ma200__sp10,double7s_signal_D_maPeriod_200_shortPeriod_10,NQ,0.0,0.18438632260552584,0
2014-05-20,double7s__ma200__sp10,double7s_signal_D_maPeriod_200_shortPeriod_10,NQ,0.0,0.18438632260552584,0
2014-05-21,double7s__ma200__sp10,double7s_signal_D_maPeriod_200_shortPeriod_10,NQ,0.0,0.18438632260552584,0
2014-05-22,double7s__ma200__sp10,double7s_signal_D_maPeriod_200_shortPeriod_10,NQ,0.0,0.18438632260552584,0
2014-05-23,double7s__ma200__sp10,double7s_signal_D_maPeriod_200_shortPeriod_10,NQ,0.0,0.18438632260552584,0
2014-05-27,double7s__ma200__sp10,double7s_signal_D_maPeriod_200_shortPeriod_10,NQ,0.0,0.18438632260552584,0
2014-05-28,double7s__ma200__sp10,double7s_signal_D_maPeriod_200_shortPeriod_10,NQ,0.0,0.18438632260552584,0
2014-05-29,double7s__ma200__sp10,double7s_signal_D_maPeriod_200_shortPeriod_10,NQ,0.0,0.18438632260552584,0
2014-05-30,double7s__ma200__sp10,double7s_signal_D_maPeriod_200_shortPeriod_10,NQ,0.0,0.18438632260552584,0
2014-06-02,double7s__ma200__sp10,double7s_signal_D_maPeriod_200_shortPeriod_10,NQ,0.0,0.18438632260552584,0
2014-06-03,double7s__ma200__sp10,double7s_signal_D_maPeriod_200_shortPeriod_10,NQ,0.0,0.18438632260552584,0
2014-06-04,double7s__ma200__sp10,double7s_signal_D_maPeriod_200_shortPeriod_10,NQ,0.0,0.18438632260552584,0
2014-06-05,double7s__ma200__sp10,double7s_signal_D_maPeriod_200_shortPeriod_10,NQ,0.0,0.18438632260552584,0
2014-06-06,double7s__ma200__sp10,double7s_signal_D_maPeriod_200_shortPeriod_10,NQ,0.0,0.18438632260552584,0
2014-06-09,double7s__ma200__sp10,double7s_signal_D_maPeriod_200_shortPeriod_10,NQ,0.0,0.18438632260552584,0
2014-06-10,double7s__ma200__sp10,double7s_signal_D_maPeriod_200_shortPeriod_10,NQ,0.0,0.18438632260552584,0
2014-06-11,double7s__ma200__sp10,double7s_signal_D_maPeriod_200_shortPeriod_10,NQ,0.0,0.18438632260552584,0
2014-06-12,double7s__ma200__sp10,double7s_signal_D_maPeriod_200_shortPeriod_10,NQ,0.0,0.18438632260552584,0
2014-06-13,double7s__ma200__sp10,double7s_signal_D_maPeriod_200_shortPeriod_10,NQ,0.0,0.18438632260552584,0
2014-06-16,double7s__ma200__sp10,double7s_signal_D_maPeriod_200_shortPeriod_10,NQ,0.0,0.18438632260552584,0
2014-06-17,double7s__ma200__sp10,double7s_signal_D_maPeriod_200_shortPeriod_10,NQ,0.0,0.18438632260552584,0
2014-06-18,double7s__ma200__sp10,double7s_signal_D_maPeriod_200_shortPeriod_10,NQ,0.0,0.18438632260552584,0
2014-06-19,double7s__ma200__sp10,double7s_signal_D_maPeriod_200_shortPeriod_10,NQ,0.0,0.18438632260552584,0
2014-06-20,double7s__ma200__sp10,double7s_signal_D_maPeriod_200_shortPeriod_10,NQ,0.0,0.18438632260552584,0
2014-06-23,double7s__ma200__sp10,double7s_signal_D_maPeriod_200_shortPeriod_10,NQ,0.0,0.18438632260552584,0
2014-06-24,double7s__ma200__sp10,double7s_signal_D_maPeriod_200_shortPeriod_10,NQ,0.0,0.18438632260552584,0
2014-06-25,double7s__ma200__sp10,double7s_signal_D_maPeriod_200_shortPeriod_10,NQ,0.0,0.18438632260552584,0
2014-06-26,double7s__ma200__sp10,double7s_signal_D_maPeriod_200_shortPeriod_10,NQ,0.0,0.18438632260552584,0
2014-06-27,double7s__ma200__sp10,double7s_signal_D_maPeriod_200_shortPeriod_10,NQ,0.0,0.18438632260552584,0
2014-06-30,double7s__ma200__sp10,double7s_signal_D_maPeriod_200_shortPeriod_10,NQ,0.0,0.18438632260552584,0
2014-07-01,double7s__ma200__sp10,double7s_signal_D_maPeriod_200_shortPeriod_10,NQ,0.0,0.18438632260552584,0
2014-07-02,double7s__ma200__sp10,double7s_signal_D_maPeriod_200_shortPeriod_10,NQ,0.0,0.18438632260552584,0
2014-07-03,double7s__ma200__sp10,double7s_signal_D_maPeriod_200_shortPeriod_10,NQ,0.0,0.18438632260552584,0
2014-07-07,double7s__ma200__sp10,double7s_signal_D_maPeriod_200_shortPeriod_10,NQ,0.0,0.18438632260552584,0
2014-07-08,double7s__ma200__sp10,double7s_signal_D_maPeriod_200_shortPeriod_10,NQ,0.0,0.18438632260552584,0
2014-07-09,double7s__ma200__sp10,double7s_signal_D_maPeriod_200_shortPeriod_10,NQ,0.0,0.18438632260552584,0
2014-07-10,double7s__ma200__sp10,double7s_signal_D_maPeriod_200_shortPeriod_10,NQ,0.0,0.18438632260552584,0
2014-07-11,double7s__ma200__sp10,double7s_signal_D_maPeriod_200_shortPeriod_10,NQ,0.0,0.18438632260552584,0
2014-07-14,double7s__ma200__sp10,double7s_signal_D_maPeriod_200_shortPeriod_10,NQ,0.0,0.18438632260552584,0
2014-07-15,double7s__ma200__sp10,double7s_signal_D_maPeriod_200_shortPeriod_10,NQ,0.0,0.18438632260552584,0
2014-07-16,double7s__ma200__sp10,double7s_signal_D_maPeriod_200_shortPeriod_10,NQ,0.0,0.18438632260552584,0
2014-07-17,double7s__ma200__sp10,double7s_signal_D_maPeriod_200_shortPeriod_10,NQ,0.0,0.18438632260552584,0
2014-07-18,double7s__ma200__sp10,double7s_signal_D_maPeriod_200_shortPeriod_10,NQ,0.0,0.18438632260552584,0
2014-07-21,double7s__ma200__sp10,double7s_signal_D_maPeriod_200_shortPeriod_10,NQ,0.0,0.18438632260552584,0
2014-07-22,double7s__ma200__sp10,double7s_signal_D_maPeriod_200_shortPeriod_10,NQ,0.0,0.18438632260552584,0
2014-07-23,double7s__ma200__sp10,double7s_signal_D_maPeriod_200_shortPeriod_10,NQ,0.0,0.18438632260552584,0
2014-07-24,double7s__ma200__sp10,double7s_signal_D_maPeriod_200_shortPeriod_10,NQ,0.0,0.18438632260552584,0
2014-07-25,double7s__ma200__sp10,double7s_signal_D_maPeriod_200_shortPeriod_10,NQ,0.0,0.18438632260552584,0
2014-07-28,double7s__ma200__sp10,double7s_signal_D_maPeriod_200_shortPeriod_10,NQ,0.0,0.18438632260552584,0
2014-07-29,double7s__ma200__sp10,double7s_signal_D_maPeriod_200_shortPeriod_10,NQ,0.0,0.18438632260552584,0
2014-07-30,double7s__ma200__sp10,double7s_signal_D_maPeriod_200_shortPeriod_10,NQ,0.0,0.18438632260552584,0
2014-07-31,double7s__ma200__sp10,double7s_signal_D_maPeriod_200_shortPeriod_10,NQ,0.0,0.18438632260552584,0
2014-08-01,double7s__ma200__sp10,double7s_signal_D_maPeriod_200_shortPeriod_10,NQ,0.0,0.18438632260552584,0
2014-08-04,double7s__ma200__sp10,double7s_signal_D_maPeriod_200_shortPeriod_10,NQ,0.003759298279652277,0.1881456208851781,0
2014-08-05,double7s__ma200__sp10,double7s_signal_D_maPeriod_200_shortPeriod_10,NQ,-0.003641422883316518,0.1845041980018616,0
2014-08-06,double7s__ma200__sp10,double7s_signal_D_maPeriod_200_shortPeriod_10,NQ,-0.000911859201101069,0.18359233880076054,0
2014-08-07,double7s__ma200__sp10,double7s_signal_D_maPeriod_200_shortPeriod_10,NQ,-0.0019847362057808823,0.18160760259497966,0
2014-08-08,double7s__ma200__sp10,double7s_signal_D_maPeriod_200_shortPeriod_10,NQ,0.002857410973434827,0.1844650135684145,0
2014-08-11,double7s__ma200__sp10,double7s_signal_D_maPeriod_200_shortPeriod_10,NQ,0.004903659233410216,0.1893686728018247,0
2014-08-12,double7s__ma200__sp10,double7s_signal_D_maPeriod_200_shortPeriod_10,NQ,-0.0006312971510480748,0.18873737565077664,0
2014-08-13,double7s__ma200__sp10,double7s_signal_D_maPeriod_200_shortPeriod_10,NQ,0.006255502090877847,0.1949928777416545,0
2014-08-14,double7s__ma200__sp10,double7s_signal_D_maPeriod_200_shortPeriod_10,NQ,0.0028636657533239137,0.19785654349497842,0
2014-08-15,double7s__ma200__sp10,double7s_signal_D_maPeriod_200_shortPeriod_10,NQ,0.0,0.19785654349497842,0
2014-08-18,double7s__ma200__sp10,double7s_signal_D_maPeriod_200_shortPeriod_10,NQ,0.0,0.19785654349497842,0
2014-08-19,double7s__ma200__sp10,double7s_signal_D_maPeriod_200_shortPeriod_10,NQ,0.0,0.19785654349497842,0
2014-08-20,double7s__ma200__sp10,double7s_signal_D_maPeriod_200_shortPeriod_10,NQ,0.0,0.19785654349497842,0
2014-08-21,double7s__ma200__sp10,double7s_signal_D_maPeriod_200_shortPeriod_10,NQ,0.0,0.19785654349497842,0
2014-08-22,double7s__ma200__sp10,double7s_signal_D_maPeriod_200_shortPeriod_10,NQ,0.0,0.19785654349497842,0
2014-08-25,double7s__ma200__sp10,double7s_signal_D_maPeriod_200_shortPeriod_10,NQ,0.0,0.19785654349497842,0
2014-08-26,double7s__ma200__sp10,double7s_signal_D_maPeriod_200_shortPeriod_10,NQ,0.0,0.19785654349497842,0
2014-08-27,double7s__ma200__sp10,double7s_signal_D_maPeriod_200_shortPeriod_10,NQ,0.0,0.19785654349497842,0
2014-08-28,double7s__ma200__sp10,double7s_signal_D_maPeriod_200_shortPeriod_10,NQ,0.0,0.19785654349497842,0
2014-08-29,double7s__ma200__sp10,double7s_signal_D_maPeriod_200_shortPeriod_10,NQ,0.0,0.19785654349497842,0
2014-09-02,double7s__ma200__sp10,double7s_signal_D_maPeriod_200_shortPeriod_10,NQ,0.0,0.19785654349497842,0
2014-09-03,double7s__ma200__sp10,double7s_signal_D_maPeriod_200_shortPeriod_10,NQ,0.0,0.19785654349497842,0
2014-09-04,double7s__ma200__sp10,double7s_signal_D_maPeriod_200_shortPeriod_10,NQ,0.0,0.19785654349497842,0
2014-09-05,double7s__ma200__sp10,double7s_signal_D_maPeriod_200_shortPeriod_10,NQ,0.0,0.19785654349497842,0
2014-09-08,double7s__ma200__sp10,double7s_signal_D_maPeriod_200_shortPeriod_10,NQ,0.0,0.19785654349497842,0
2014-09-09,double7s__ma200__sp10,double7s_signal_D_maPeriod_200_shortPeriod_10,NQ,0.0,0.19785654349497842,0
2014-09-10,double7s__ma200__sp10,double7s_signal_D_maPeriod_200_shortPeriod_10,NQ,0.0,0.19785654349497842,0
2014-09-11,double7s__ma200__sp10,double7s_signal_D_maPeriod_200_shortPeriod_10,NQ,0.0,0.19785654349497842,0
2014-09-12,double7s__ma200__sp10,double7s_signal_D_maPeriod_200_shortPeriod_10,NQ,0.0,0.19785654349497842,0
2014-09-15,double7s__ma200__sp10,double7s_signal_D_maPeriod_200_shortPeriod_10,NQ,0.0,0.19785654349497842,0
2014-09-16,double7s__ma200__sp10,double7s_signal_D_maPeriod_200_shortPeriod_10,NQ,0.004615623455735533,0.20247216695071396,0
2014-09-17,double7s__ma200__sp10,double7s_signal_D_maPeriod_200_shortPeriod_10,NQ,0.0011183796646299282,0.2035905466153439,0
2014-09-18,double7s__ma200__sp10,double7s_signal_D_maPeriod_200_shortPeriod_10,NQ,0.004114209575351033,0.20770475619069492,0
2014-09-19,double7s__ma200__sp10,double7s_signal_D_maPeriod_200_shortPeriod_10,NQ,0.0,0.20770475619069492,0
2014-09-22,double7s__ma200__sp10,double7s_signal_D_maPeriod_200_shortPeriod_10,NQ,0.0,0.20770475619069492,0
2014-09-23,double7s__ma200__sp10,double7s_signal_D_maPeriod_200_shortPeriod_10,NQ,0.0,0.20770475619069492,0
2014-09-24,double7s__ma200__sp10,double7s_signal_D_maPeriod_200_shortPeriod_10,NQ,0.0,0.20770475619069492,0
2014-09-25,double7s__ma200__sp10,double7s_signal_D_maPeriod_200_shortPeriod_10,NQ,0.0,0.20770475619069492,0
2014-09-26,double7s__ma200__sp10,double7s_signal_D_maPeriod_200_shortPeriod_10,NQ,0.0032549973158439893,0.21095975350653892,0
2014-09-29,double7s__ma200__sp10,double7s_signal_D_maPeriod_200_shortPeriod_10,NQ,-0.0013440970997107534,0.20961565640682817,0
2014-09-30,double7s__ma200__sp10,double7s_signal_D_maPeriod_200_shortPeriod_10,NQ,0.0017021177992165334,0.2113177742060447,0
2014-10-01,double7s__ma200__sp10,double7s_signal_D_maPeriod_200_shortPeriod_10,NQ,-0.008351808686251419,0.2029659655197933,0
2014-10-02,double7s__ma200__sp10,double7s_signal_D_maPeriod_200_shortPeriod_10,NQ,-0.00034826497641243445,0.20261770054338085,0
2014-10-03,double7s__ma200__sp10,double7s_signal_D_maPeriod_200_shortPeriod_10,NQ,0.006461071136617779,0.20907877167999864,0
2014-10-06,double7s__ma200__sp10,double7s_signal_D_maPeriod_200_shortPeriod_10,NQ,-0.0015397088409697505,0.2075390628390289,0
2014-10-07,double7s__ma200__sp10,double7s_signal_D_maPeriod_200_shortPeriod_10,NQ,-0.0070610412884180036,0.2004780215506109,0
2014-10-08,double7s__ma200__sp10,double7s_signal_D_maPeriod_200_shortPeriod_10,NQ,0.008937071566105409,0.2094150931167163,0
2014-10-09,double7s__ma200__sp10,double7s_signal_D_maPeriod_200_shortPeriod_10,NQ,-0.0049834892103939625,0.20443160390632234,0
2014-10-10,double7s__ma200__sp10,double7s_signal_D_maPeriod_200_shortPeriod_10,NQ,-0.009454323179918296,0.19497728072640405,0
2014-10-13,double7s__ma200__sp10,double7s_signal_D_maPeriod_200_shortPeriod_10,NQ,-0.0029219767519969566,0.1920553039744071,0
2014-10-14,double7s__ma200__sp10,double7s_signal_D_maPeriod_200_shortPeriod_10,NQ,0.0013850547875651218,0.19344035876197221,0
2014-10-15,double7s__ma200__sp10,double7s_signal_D_maPeriod_200_shortPeriod_10,NQ,-0.011503602973902754,0.18193675578806945,0
2014-10-16,double7s__ma200__sp10,double7s_signal_D_maPeriod_200_shortPeriod_10,NQ,-0.0009815636642652255,0.18095519212380423,0
2014-10-17,double7s__ma200__sp10,double7s_signal_D_maPeriod_200_shortPeriod_10,NQ,0.008993738311933319,0.18994893043573755,0
2014-10-20,double7s__ma200__sp10,double7s_signal_D_maPeriod_200_shortPeriod_10,NQ,0.005332935373005507,0.19528186580874304,0
2014-10-21,double7s__ma200__sp10,double7s_signal_D_maPeriod_200_shortPeriod_10,NQ,0.008781485470582226,0.20406335127932526,0
2014-10-22,double7s__ma200__sp10,double7s_signal_D_maPeriod_200_shortPeriod_10,NQ,-0.001334596674515205,0.20272875460481005,0
2014-10-23,double7s__ma200__sp10,double7s_signal_D_maPeriod_200_shortPeriod_10,NQ,0.008966904223507,0.21169565882831703,0
2014-10-24,double7s__ma200__sp10,double7s_signal_D_maPeriod_200_shortPeriod_10,NQ,0.0,0.21169565882831703,0
2014-10-27,double7s__ma200__sp10,double7s_signal_D_maPeriod_200_shortPeriod_10,NQ,0.0,0.21169565882831703,0
2014-10-28,double7s__ma200__sp10,double7s_signal_D_maPeriod_200_shortPeriod_10,NQ,0.0,0.21169565882831703,0
2014-10-29,double7s__ma200__sp10,double7s_signal_D_maPeriod_200_shortPeriod_10,NQ,0.0,0.21169565882831703,0
2014-10-30,double7s__ma200__sp10,double7s_signal_D_maPeriod_200_shortPeriod_10,NQ,0.0,0.21169565882831703,0
2014-10-31,double7s__ma200__sp10,double7s_signal_D_maPeriod_200_shortPeriod_10,NQ,0.0,0.21169565882831703,0
2014-11-03,double7s__ma200__sp10,double7s_signal_D_maPeriod_200_shortPeriod_10,NQ,0.0,0.21169565882831703,0
2014-11-04,double7s__ma200__sp10,double7s_signal_D_maPeriod_200_shortPeriod_10,NQ,0.0,0.21169565882831703,0
2014-11-05,double7s__ma200__sp10,double7s_signal_D_maPeriod_200_shortPeriod_10,NQ,0.0,0.21169565882831703,0
2014-11-06,double7s__ma200__sp10,double7s_signal_D_maPeriod_200_shortPeriod_10,NQ,0.0,0.21169565882831703,0
2014-11-07,double7s__ma200__sp10,double7s_signal_D_maPeriod_200_shortPeriod_10,NQ,0.0,0.21169565882831703,0
2014-11-10,double7s__ma200__sp10,double7s_signal_D_maPeriod_200_shortPeriod_10,NQ,0.0,0.21169565882831703,0
2014-11-11,double7s__ma200__sp10,double7s_signal_D_maPeriod_200_shortPeriod_10,NQ,0.0,0.21169565882831703,0
2014-11-12,double7s__ma200__sp10,double7s_signal_D_maPeriod_200_shortPeriod_10,NQ,0.0,0.21169565882831703,0
2014-11-13,double7s__ma200__sp10,double7s_signal_D_maPeriod_200_shortPeriod_10,NQ,0.0,0.21169565882831703,0
2014-11-14,double7s__ma200__sp10,double7s_signal_D_maPeriod_200_shortPeriod_10,NQ,0.0,0.21169565882831703,0
2014-11-17,double7s__ma200__sp10,double7s_signal_D_maPeriod_200_shortPeriod_10,NQ,0.0,0.21169565882831703,0
2014-11-18,double7s__ma200__sp10,double7s_signal_D_maPeriod_200_shortPeriod_10,NQ,0.0,0.21169565882831703,0
2014-11-19,double7s__ma200__sp10,double7s_signal_D_maPeriod_200_shortPeriod_10,NQ,0.0,0.21169565882831703,0
2014-11-20,double7s__ma200__sp10,double7s_signal_D_maPeriod_200_shortPeriod_10,NQ,0.0,0.21169565882831703,0
2014-11-21,double7s__ma200__sp10,double7s_signal_D_maPeriod_200_shortPeriod_10,NQ,0.0,0.21169565882831703,0
2014-11-24,double7s__ma200__sp10,double7s_signal_D_maPeriod_200_shortPeriod_10,NQ,0.0,0.21169565882831703,0
2014-11-25,double7s__ma200__sp10,double7s_signal_D_maPeriod_200_shortPeriod_10,NQ,0.0,0.21169565882831703,0
2014-11-26,double7s__ma200__sp10,double7s_signal_D_maPeriod_200_shortPeriod_10,NQ,0.0,0.21169565882831703,0
2014-11-28,double7s__ma200__sp10,double7s_signal_D_maPeriod_200_shortPeriod_10,NQ,0.0,0.21169565882831703,0
2014-12-01,double7s__ma200__sp10,double7s_signal_D_maPeriod_200_shortPeriod_10,NQ,0.0,0.21169565882831703,0
2014-12-02,double7s__ma200__sp10,double7s_signal_D_maPeriod_200_shortPeriod_10,NQ,0.0,0.21169565882831703,0
2014-12-03,double7s__ma200__sp10,double7s_signal_D_maPeriod_200_shortPeriod_10,NQ,0.0,0.21169565882831703,0
2014-12-04,double7s__ma200__sp10,double7s_signal_D_maPeriod_200_shortPeriod_10,NQ,0.0,0.21169565882831703,0
2014-12-05,double7s__ma200__sp10,double7s_signal_D_maPeriod_200_shortPeriod_10,NQ,0.0,0.21169565882831703,0
2014-12-08,double7s__ma200__sp10,double7s_signal_D_maPeriod_200_shortPeriod_10,NQ,0.0,0.21169565882831703,0
2014-12-09,double7s__ma200__sp10,double7s_signal_D_maPeriod_200_shortPeriod_10,NQ,0.0,0.21169565882831703,0
2014-12-10,double7s__ma200__sp10,double7s_signal_D_maPeriod_200_shortPeriod_10,NQ,0.0,0.21169565882831703,0
2014-12-11,double7s__ma200__sp10,double7s_signal_D_maPeriod_200_shortPeriod_10,NQ,0.0007971947973647926,0.21249285362568182,0
2014-12-12,double7s__ma200__sp10,double7s_signal_D_maPeriod_200_shortPeriod_10,NQ,-0.00657429113035132,0.2059185624953305,0
2014-12-15,double7s__ma200__sp10,double7s_signal_D_maPeriod_200_shortPeriod_10,NQ,-0.003150048308495456,0.20276851418683503,0
2014-12-16,double7s__ma200__sp10,double7s_signal_D_maPeriod_200_shortPeriod_10,NQ,-0.011850952202382059,0.19091756198445298,0
2014-12-17,double7s__ma200__sp10,double7s_signal_D_maPeriod_200_shortPeriod_10,NQ,0.005936153410696997,0.19685371539514998,0
2014-12-18,double7s__ma200__sp10,double7s_signal_D_maPeriod_200_shortPeriod_10,NQ,0.008096119018142646,0.20494983441329262,0
2014-12-19,double7s__ma200__sp10,double7s_signal_D_maPeriod_200_shortPeriod_10,NQ,0.0009058644603754576,0.20585569887366809,0
2014-12-22,double7s__ma200__sp10,double7s_signal_D_maPeriod_200_shortPeriod_10,NQ,0.0014582107453997924,0.20731390961906787,0
2014-12-23,double7s__ma200__sp10,double7s_signal_D_maPeriod_200_shortPeriod_10,NQ,0.0,0.20731390961906787,0
2014-12-24,double7s__ma200__sp10,double7s_signal_D_maPeriod_200_shortPeriod_10,NQ,0.0,0.20731390961906787,0
2014-12-26,double7s__ma200__sp10,double7s_signal_D_maPeriod_200_shortPeriod_10,NQ,0.0,0.20731390961906787,0
2014-12-29,double7s__ma200__sp10,double7s_signal_D_maPeriod_200_shortPeriod_10,NQ,0.0,0.20731390961906787,0
2014-12-30,double7s__ma200__sp10,double7s_signal_D_maPeriod_200_shortPeriod_10,NQ,0.0,0.20731390961906787,0
2014-12-31,double7s__ma200__sp10,double7s_signal_D_maPeriod_200_shortPeriod_10,NQ,0.0,0.20731390961906787,0
2015-01-02,double7s__ma200__sp10,double7s_signal_D_maPeriod_200_shortPeriod_10,NQ,0.0,0.20731390961906787,0
2015-01-05,double7s__ma200__sp10,double7s_signal_D_maPeriod_200_shortPeriod_10,NQ,0.0,0.20731390961906787,0
2015-01-06,double7s__ma200__sp10,double7s_signal_D_maPeriod_200_shortPeriod_10,NQ,-0.007239623948148214,0.20007428567091964,0
2015-01-07,double7s__ma200__sp10,double7s_signal_D_maPeriod_200_shortPeriod_10,NQ,0.004613884265519162,0.20468816993643882,0
2015-01-08,double7s__ma200__sp10,double7s_signal_D_maPeriod_200_shortPeriod_10,NQ,0.009058422316131137,0.21374659225256995,0
2015-01-09,double7s__ma200__sp10,double7s_signal_D_maPeriod_200_shortPeriod_10,NQ,-0.0024720896034798588,0.2112745026490901,0
2015-01-12,double7s__ma200__sp10,double7s_signal_D_maPeriod_200_shortPeriod_10,NQ,-0.005018700845602133,0.20625580180348796,0
2015-01-13,double7s__ma200__sp10,double7s_signal_D_maPeriod_200_shortPeriod_10,NQ,-0.0016483839008718572,0.2046074179026161,0
2015-01-14,double7s__ma200__sp10,double7s_signal_D_maPeriod_200_shortPeriod_10,NQ,-0.001903989192914877,0.20270342870970123,0
2015-01-15,double7s__ma200__sp10,double7s_signal_D_maPeriod_200_shortPeriod_10,NQ,-0.008951655772120147,0.19375177293758108,0
2015-01-16,double7s__ma200__sp10,double7s_signal_D_maPeriod_200_shortPeriod_10,NQ,0.006545190651339191,0.20029696358892027,0
2015-01-20,double7s__ma200__sp10,double7s_signal_D_maPeriod_200_shortPeriod_10,NQ,0.003433371570328957,0.20373033515924924,0
2015-01-21,double7s__ma200__sp10,double7s_signal_D_maPeriod_200_shortPeriod_10,NQ,0.0025211259418223557,0.2062514611010716,0
2015-01-22,double7s__ma200__sp10,double7s_signal_D_maPeriod_200_shortPeriod_10,NQ,0.012217046556080016,0.21846850765715162,0
2015-01-23,double7s__ma200__sp10,double7s_signal_D_maPeriod_200_shortPeriod_10,NQ,0.0,0.21846850765715162,0
2015-01-26,double7s__ma200__sp10,double7s_signal_D_maPeriod_200_shortPeriod_10,NQ,0.0,0.21846850765715162,0
2015-01-27,double7s__ma200__sp10,double7s_signal_D_maPeriod_200_shortPeriod_10,NQ,0.0,0.21846850765715162,0
2015-01-28,double7s__ma200__sp10,double7s_signal_D_maPeriod_200_shortPeriod_10,NQ,0.0,0.21846850765715162,0
2015-01-29,double7s__ma200__sp10,double7s_signal_D_maPeriod_200_shortPeriod_10,NQ,0.0,0.21846850765715162,0
2015-01-30,double7s__ma200__sp10,double7s_signal_D_maPeriod_200_shortPeriod_10,NQ,0.0,0.21846850765715162,0
2015-02-02,double7s__ma200__sp10,double7s_signal_D_maPeriod_200_shortPeriod_10,NQ,0.0,0.21846850765715162,0
2015-02-03,double7s__ma200__sp10,double7s_signal_D_maPeriod_200_shortPeriod_10,NQ,0.0,0.21846850765715162,0
2015-02-04,double7s__ma200__sp10,double7s_signal_D_maPeriod_200_shortPeriod_10,NQ,0.0,0.21846850765715162,0
2015-02-05,double7s__ma200__sp10,double7s_signal_D_maPeriod_200_shortPeriod_10,NQ,0.0,0.21846850765715162,0
2015-02-06,double7s__ma200__sp10,double7s_signal_D_maPeriod_200_shortPeriod_10,NQ,0.0,0.21846850765715162,0
2015-02-09,double7s__ma200__sp10,double7s_signal_D_maPeriod_200_shortPeriod_10,NQ,0.0,0.21846850765715162,0
2015-02-10,double7s__ma200__sp10,double7s_signal_D_maPeriod_200_shortPeriod_10,NQ,0.0,0.21846850765715162,0
2015-02-11,double7s__ma200__sp10,double7s_signal_D_maPeriod_200_shortPeriod_10,NQ,0.0,0.21846850765715162,0
2015-02-12,double7s__ma200__sp10,double7s_signal_D_maPeriod_200_shortPeriod_10,NQ,0.0,0.21846850765715162,0
2015-02-13,double7s__ma200__sp10,double7s_signal_D_maPeriod_200_shortPeriod_10,NQ,0.0,0.21846850765715162,0
2015-02-17,double7s__ma200__sp10,double7s_signal_D_maPeriod_200_shortPeriod_10,NQ,0.0,0.21846850765715162,0
2015-02-18,double7s__ma200__sp10,double7s_signal_D_maPeriod_200_shortPeriod_10,NQ,0.0,0.21846850765715162,0
2015-02-19,double7s__ma200__sp10,double7s_signal_D_maPeriod_200_shortPeriod_10,NQ,0.0,0.21846850765715162,0
2015-02-20,double7s__ma200__sp10,double7s_signal_D_maPeriod_200_shortPeriod_10,NQ,0.0,0.21846850765715162,0
2015-02-23,double7s__ma200__sp10,double7s_signal_D_maPeriod_200_shortPeriod_10,NQ,0.0,0.21846850765715162,0
2015-02-24,double7s__ma200__sp10,double7s_signal_D_maPeriod_200_shortPeriod_10,NQ,0.0,0.21846850765715162,0
2015-02-25,double7s__ma200__sp10,double7s_signal_D_maPeriod_200_shortPeriod_10,NQ,0.0,0.21846850765715162,0
2015-02-26,double7s__ma200__sp10,double7s_signal_D_maPeriod_200_shortPeriod_10,NQ,0.0,0.21846850765715162,0
2015-02-27,double7s__ma200__sp10,double7s_signal_D_maPeriod_200_shortPeriod_10,NQ,0.0,0.21846850765715162,0
2015-03-02,double7s__ma200__sp10,double7s_signal_D_maPeriod_200_shortPeriod_10,NQ,0.0,0.21846850765715162,0
2015-03-03,double7s__ma200__sp10,double7s_signal_D_maPeriod_200_shortPeriod_10,NQ,0.0,0.21846850765715162,0
2015-03-04,double7s__ma200__sp10,double7s_signal_D_maPeriod_200_shortPeriod_10,NQ,0.0,0.21846850765715162,0
2015-03-05,double7s__ma200__sp10,double7s_signal_D_maPeriod_200_shortPeriod_10,NQ,0.0,0.21846850765715162,0
2015-03-06,double7s__ma200__sp10,double7s_signal_D_maPeriod_200_shortPeriod_10,NQ,0.0,0.21846850765715162,0
2015-03-09,double7s__ma200__sp10,double7s_signal_D_maPeriod_200_shortPeriod_10,NQ,0.00022049661629448358,0.2186890042734461,0
2015-03-10,double7s__ma200__sp10,double7s_signal_D_maPeriod_200_shortPeriod_10,NQ,-0.012419375226765296,0.2062696290466808,0
2015-03-11,double7s__ma200__sp10,double7s_signal_D_maPeriod_200_shortPeriod_10,NQ,-0.00209777876638806,0.20417185028029275,0
2015-03-12,double7s__ma200__sp10,double7s_signal_D_maPeriod_200_shortPeriod_10,NQ,0.002716816730302608,0.20688866701059536,0
2015-03-13,double7s__ma200__sp10,double7s_signal_D_maPeriod_200_shortPeriod_10,NQ,-0.003424562696604525,0.20346410431399084,0
2015-03-16,double7s__ma200__sp10,double7s_signal_D_maPeriod_200_shortPeriod_10,NQ,0.00683432039927165,0.2102984247132625,0
2015-03-17,double7s__ma200__sp10,double7s_signal_D_maPeriod_200_shortPeriod_10,NQ,0.0025252485296373764,0.21282367324289986,0
2015-03-18,double7s__ma200__sp10,double7s_signal_D_maPeriod_200_shortPeriod_10,NQ,0.007364135619629809,0.22018780886252967,0
2015-03-19,double7s__ma200__sp10,double7s_signal_D_maPeriod_200_shortPeriod_10,NQ,0.00023097142137080954,0.22041878028390047,0
2015-03-20,double7s__ma200__sp10,double7s_signal_D_maPeriod_200_shortPeriod_10,NQ,0.004176458613088669,0.22459523889698912,0
2015-03-23,double7s__ma200__sp10,double7s_signal_D_maPeriod_200_shortPeriod_10,NQ,0.0,0.22459523889698912,0
2015-03-24,double7s__ma200__sp10,double7s_signal_D_maPeriod_200_shortPeriod_10,NQ,0.0,0.22459523889698912,0
2015-03-25,double7s__ma200__sp10,double7s_signal_D_maPeriod_200_shortPeriod_10,NQ,0.0,0.22459523889698912,0
2015-03-26,double7s__ma200__sp10,double7s_signal_D_maPeriod_200_shortPeriod_10,NQ,0.0,0.22459523889698912,0
2015-03-27,double7s__ma200__sp10,double7s_signal_D_maPeriod_200_shortPeriod_10,NQ,0.0,0.22459523889698912,0
2015-03-30,double7s__ma200__sp10,double7s_signal_D_maPeriod_200_shortPeriod_10,NQ,0.0,0.22459523889698912,0
2015-03-31,double7s__ma200__sp10,double7s_signal_D_maPeriod_200_shortPeriod_10,NQ,0.0,0.22459523889698912,0
2015-04-01,double7s__ma200__sp10,double7s_signal_D_maPeriod_200_shortPeriod_10,NQ,0.0,0.22459523889698912,0
2015-04-02,double7s__ma200__sp10,double7s_signal_D_maPeriod_200_shortPeriod_10,NQ,0.0,0.22459523889698912,0
2015-04-03,double7s__ma200__sp10,double7s_signal_D_maPeriod_200_shortPeriod_10,NQ,7.450412800729108e-05,0.22466974302499643,0
2015-04-06,double7s__ma200__sp10,double7s_signal_D_maPeriod_200_shortPeriod_10,NQ,0.011516180905462305,0.23618592393045873,0
2015-04-07,double7s__ma200__sp10,double7s_signal_D_maPeriod_200_shortPeriod_10,NQ,-0.0008533924917435962,0.23533253143871513,0
2015-04-08,double7s__ma200__sp10,double7s_signal_D_maPeriod_200_shortPeriod_10,NQ,0.0058483476758906545,0.24118087911460578,0
2015-04-09,double7s__ma200__sp10,double7s_signal_D_maPeriod_200_shortPeriod_10,NQ,0.0,0.24118087911460578,0
2015-04-10,double7s__ma200__sp10,double7s_signal_D_maPeriod_200_shortPeriod_10,NQ,0.0,0.24118087911460578,0
2015-04-13,double7s__ma200__sp10,double7s_signal_D_maPeriod_200_shortPeriod_10,NQ,0.0,0.24118087911460578,0
2015-04-14,double7s__ma200__sp10,double7s_signal_D_maPeriod_200_shortPeriod_10,NQ,0.0,0.24118087911460578,0
2015-04-15,double7s__ma200__sp10,double7s_signal_D_maPeriod_200_shortPeriod_10,NQ,0.0,0.24118087911460578,0
2015-04-16,double7s__ma200__sp10,double7s_signal_D_maPeriod_200_shortPeriod_10,NQ,0.0,0.24118087911460578,0
2015-04-17,double7s__ma200__sp10,double7s_signal_D_maPeriod_200_shortPeriod_10,NQ,0.0,0.24118087911460578,0
2015-04-20,double7s__ma200__sp10,double7s_signal_D_maPeriod_200_shortPeriod_10,NQ,0.0,0.24118087911460578,0
2015-04-21,double7s__ma200__sp10,double7s_signal_D_maPeriod_200_shortPeriod_10,NQ,0.0,0.24118087911460578,0
2015-04-22,double7s__ma200__sp10,double7s_signal_D_maPeriod_200_shortPeriod_10,NQ,0.0,0.24118087911460578,0
2015-04-23,double7s__ma200__sp10,double7s_signal_D_maPeriod_200_shortPeriod_10,NQ,0.0,0.24118087911460578,0
2015-04-24,double7s__ma200__sp10,double7s_signal_D_maPeriod_200_shortPeriod_10,NQ,0.0,0.24118087911460578,0
2015-04-27,double7s__ma200__sp10,double7s_signal_D_maPeriod_200_shortPeriod_10,NQ,0.0,0.24118087911460578,0
2015-04-28,double7s__ma200__sp10,double7s_signal_D_maPeriod_200_shortPeriod_10,NQ,0.0,0.24118087911460578,0
2015-04-29,double7s__ma200__sp10,double7s_signal_D_maPeriod_200_shortPeriod_10,NQ,0.0,0.24118087911460578,0
2015-04-30,double7s__ma200__sp10,double7s_signal_D_maPeriod_200_shortPeriod_10,NQ,0.0,0.24118087911460578,0
2015-05-01,double7s__ma200__sp10,double7s_signal_D_maPeriod_200_shortPeriod_10,NQ,0.0,0.24118087911460578,0
2015-05-04,double7s__ma200__sp10,double7s_signal_D_maPeriod_200_shortPeriod_10,NQ,0.0,0.24118087911460578,0
2015-05-05,double7s__ma200__sp10,double7s_signal_D_maPeriod_200_shortPeriod_10,NQ,0.0,0.24118087911460578,0
2015-05-06,double7s__ma200__sp10,double7s_signal_D_maPeriod_200_shortPeriod_10,NQ,-0.00324670483902086,0.23793417427558491,0
2015-05-07,double7s__ma200__sp10,double7s_signal_D_maPeriod_200_shortPeriod_10,NQ,0.004329590378726509,0.24226376465431143,0
2015-05-08,double7s__ma200__sp10,double7s_signal_D_maPeriod_200_shortPeriod_10,NQ,0.006563495312321585,0.24882725996663302,0
2015-05-11,double7s__ma200__sp10,double7s_signal_D_maPeriod_200_shortPeriod_10,NQ,-0.002563738208634043,0.24626352175799898,0
2015-05-12,double7s__ma200__sp10,double7s_signal_D_maPeriod_200_shortPeriod_10,NQ,-0.0015767531130467286,0.24468676864495226,0
2015-05-13,double7s__ma200__sp10,double7s_signal_D_maPeriod_200_shortPeriod_10,NQ,0.00011004579744520855,0.24479681444239745,0
2015-05-14,double7s__ma200__sp10,double7s_signal_D_maPeriod_200_shortPeriod_10,NQ,0.009421094915204889,0.25421790935760236,0
2015-05-15,double7s__ma200__sp10,double7s_signal_D_maPeriod_200_shortPeriod_10,NQ,0.0,0.25421790935760236,0
2015-05-18,double7s__ma200__sp10,double7s_signal_D_maPeriod_200_shortPeriod_10,NQ,0.0,0.25421790935760236,0
2015-05-19,double7s__ma200__sp10,double7s_signal_D_maPeriod_200_shortPeriod_10,NQ,0.0,0.25421790935760236,0
2015-05-20,double7s__ma200__sp10,double7s_signal_D_maPeriod_200_shortPeriod_10,NQ,0.0,0.25421790935760236,0
2015-05-21,double7s__ma200__sp10,double7s_signal_D_maPeriod_200_shortPeriod_10,NQ,0.0,0.25421790935760236,0
2015-05-22,double7s__ma200__sp10,double7s_signal_D_maPeriod_200_shortPeriod_10,NQ,0.0,0.25421790935760236,0
2015-05-26,double7s__ma200__sp10,double7s_signal_D_maPeriod_200_shortPeriod_10,NQ,0.0,0.25421790935760236,0
2015-05-27,double7s__ma200__sp10,double7s_signal_D_maPeriod_200_shortPeriod_10,NQ,0.0,0.25421790935760236,0
2015-05-28,double7s__ma200__sp10,double7s_signal_D_maPeriod_200_shortPeriod_10,NQ,0.0,0.25421790935760236,0
2015-05-29,double7s__ma200__sp10,double7s_signal_D_maPeriod_200_shortPeriod_10,NQ,0.0,0.25421790935760236,0
2015-06-01,double7s__ma200__sp10,double7s_signal_D_maPeriod_200_shortPeriod_10,NQ,0.0,0.25421790935760236,0
2015-06-02,double7s__ma200__sp10,double7s_signal_D_maPeriod_200_shortPeriod_10,NQ,0.0,0.25421790935760236,0
2015-06-03,double7s__ma200__sp10,double7s_signal_D_maPeriod_200_shortPeriod_10,NQ,0.0,0.25421790935760236,0
2015-06-04,double7s__ma200__sp10,double7s_signal_D_maPeriod_200_shortPeriod_10,NQ,0.0,0.25421790935760236,0
2015-06-05,double7s__ma200__sp10,double7s_signal_D_maPeriod_200_shortPeriod_10,NQ,0.0,0.25421790935760236,0
2015-06-08,double7s__ma200__sp10,double7s_signal_D_maPeriod_200_shortPeriod_10,NQ,0.0,0.25421790935760236,0
2015-06-09,double7s__ma200__sp10,double7s_signal_D_maPeriod_200_shortPeriod_10,NQ,-0.0004948169627460321,0.2537230923948563,0
2015-06-10,double7s__ma200__sp10,double7s_signal_D_maPeriod_200_shortPeriod_10,NQ,0.008359798407720552,0.26208289080257685,0
2015-06-11,double7s__ma200__sp10,double7s_signal_D_maPeriod_200_shortPeriod_10,NQ,0.0004391695550423761,0.2625220603576192,0
2015-06-12,double7s__ma200__sp10,double7s_signal_D_maPeriod_200_shortPeriod_10,NQ,-0.005029949900632232,0.257492110456987,0
2015-06-15,double7s__ma200__sp10,double7s_signal_D_maPeriod_200_shortPeriod_10,NQ,-0.0011698528347929757,0.256322257622194,0
2015-06-16,double7s__ma200__sp10,double7s_signal_D_maPeriod_200_shortPeriod_10,NQ,0.003876880726015381,0.2601991383482094,0
2015-06-17,double7s__ma200__sp10,double7s_signal_D_maPeriod_200_shortPeriod_10,NQ,0.0002920392167952361,0.2604911775650046,0
2015-06-18,double7s__ma200__sp10,double7s_signal_D_maPeriod_200_shortPeriod_10,NQ,0.011368663063132708,0.27185984062813734,0
2015-06-19,double7s__ma200__sp10,double7s_signal_D_maPeriod_200_shortPeriod_10,NQ,0.0,0.27185984062813734,0
2015-06-22,double7s__ma200__sp10,double7s_signal_D_maPeriod_200_shortPeriod_10,NQ,0.0,0.27185984062813734,0
2015-06-23,double7s__ma200__sp10,double7s_signal_D_maPeriod_200_shortPeriod_10,NQ,0.0,0.27185984062813734,0
2015-06-24,double7s__ma200__sp10,double7s_signal_D_maPeriod_200_shortPeriod_10,NQ,0.0,0.27185984062813734,0
2015-06-25,double7s__ma200__sp10,double7s_signal_D_maPeriod_200_shortPeriod_10,NQ,0.0,0.27185984062813734,0
2015-06-26,double7s__ma200__sp10,double7s_signal_D_maPeriod_200_shortPeriod_10,NQ,0.0,0.27185984062813734,0
2015-06-29,double7s__ma200__sp10,double7s_signal_D_maPeriod_200_shortPeriod_10,NQ,0.0,0.27185984062813734,0
2015-06-30,double7s__ma200__sp10,double7s_signal_D_maPeriod_200_shortPeriod_10,NQ,0.00025902098124825664,0.2721188616093856,0
2015-07-01,double7s__ma200__sp10,double7s_signal_D_maPeriod_200_shortPeriod_10,NQ,0.004296735780091621,0.2764155973894772,0
2015-07-02,double7s__ma200__sp10,double7s_signal_D_maPeriod_200_shortPeriod_10,NQ,0.0007326630920596158,0.2771482604815368,0
2015-07-06,double7s__ma200__sp10,double7s_signal_D_maPeriod_200_shortPeriod_10,NQ,0.008350723813973353,0.2854989842955101,0
2015-07-07,double7s__ma200__sp10,double7s_signal_D_maPeriod_200_shortPeriod_10,NQ,-0.0010624138509320415,0.2844365704445781,0
2015-07-08,double7s__ma200__sp10,double7s_signal_D_maPeriod_200_shortPeriod_10,NQ,-0.011197974163874339,0.27323859628070374,0
2015-07-09,double7s__ma200__sp10,double7s_signal_D_maPeriod_200_shortPeriod_10,NQ,-0.0006901005584876025,0.2725484957222161,0
2015-07-10,double7s__ma200__sp10,double7s_signal_D_maPeriod_200_shortPeriod_10,NQ,0.00921796542430319,0.2817664611465193,0
2015-07-13,double7s__ma200__sp10,double7s_signal_D_maPeriod_200_shortPeriod_10,NQ,0.00926745332233107,0.2910339144688504,0
2015-07-14,double7s__ma200__sp10,double7s_signal_D_maPeriod_200_shortPeriod_10,NQ,0.0,0.2910339144688504,0
2015-07-15,double7s__ma200__sp10,double7s_signal_D_maPeriod_200_shortPeriod_10,NQ,0.0,0.2910339144688504,0
2015-07-16,double7s__ma200__sp10,double7s_signal_D_maPeriod_200_shortPeriod_10,NQ,0.0,0.2910339144688504,0
2015-07-17,double7s__ma200__sp10,double7s_signal_D_maPeriod_200_shortPeriod_10,NQ,0.0,0.2910339144688504,0
2015-07-20,double7s__ma200__sp10,double7s_signal_D_maPeriod_200_shortPeriod_10,NQ,0.0,0.2910339144688504,0
2015-07-21,double7s__ma200__sp10,double7s_signal_D_maPeriod_200_shortPeriod_10,NQ,0.0,0.2910339144688504,0
2015-07-22,double7s__ma200__sp10,double7s_signal_D_maPeriod_200_shortPeriod_10,NQ,0.0,0.2910339144688504,0
2015-07-23,double7s__ma200__sp10,double7s_signal_D_maPeriod_200_shortPeriod_10,NQ,0.0,0.2910339144688504,0
2015-07-24,double7s__ma200__sp10,double7s_signal_D_maPeriod_200_shortPeriod_10,NQ,0.0,0.2910339144688504,0
2015-07-27,double7s__ma200__sp10,double7s_signal_D_maPeriod_200_shortPeriod_10,NQ,0.0,0.2910339144688504,0
2015-07-28,double7s__ma200__sp10,double7s_signal_D_maPeriod_200_shortPeriod_10,NQ,0.0,0.2910339144688504,0
2015-07-29,double7s__ma200__sp10,double7s_signal_D_maPeriod_200_shortPeriod_10,NQ,0.0,0.2910339144688504,0
2015-07-30,double7s__ma200__sp10,double7s_signal_D_maPeriod_200_shortPeriod_10,NQ,0.0,0.2910339144688504,0
2015-07-31,double7s__ma200__sp10,double7s_signal_D_maPeriod_200_shortPeriod_10,NQ,0.0,0.2910339144688504,0
2015-08-03,double7s__ma200__sp10,double7s_signal_D_maPeriod_200_shortPeriod_10,NQ,0.0,0.2910339144688504,0
2015-08-04,double7s__ma200__sp10,double7s_signal_D_maPeriod_200_shortPeriod_10,NQ,0.0,0.2910339144688504,0
2015-08-05,double7s__ma200__sp10,double7s_signal_D_maPeriod_200_shortPeriod_10,NQ,0.0,0.2910339144688504,0
2015-08-06,double7s__ma200__sp10,double7s_signal_D_maPeriod_200_shortPeriod_10,NQ,0.0,0.2910339144688504,0
2015-08-07,double7s__ma200__sp10,double7s_signal_D_maPeriod_200_shortPeriod_10,NQ,0.0,0.2910339144688504,0
2015-08-10,double7s__ma200__sp10,double7s_signal_D_maPeriod_200_shortPeriod_10,NQ,0.00750756473376055,0.298541479202611,0
2015-08-11,double7s__ma200__sp10,double7s_signal_D_maPeriod_200_shortPeriod_10,NQ,-0.008567137745863186,0.2899743414567478,0
2015-08-12,double7s__ma200__sp10,double7s_signal_D_maPeriod_200_shortPeriod_10,NQ,0.002172689464017556,0.2921470309207653,0
2015-08-13,double7s__ma200__sp10,double7s_signal_D_maPeriod_200_shortPeriod_10,NQ,-0.0018085582117063294,0.290338472709059,0
2015-08-14,double7s__ma200__sp10,double7s_signal_D_maPeriod_200_shortPeriod_10,NQ,0.0024959322043251746,0.2928344049133842,0
2015-08-17,double7s__ma200__sp10,double7s_signal_D_maPeriod_200_shortPeriod_10,NQ,0.004650932130636819,0.297485337044021,0
2015-08-18,double7s__ma200__sp10,double7s_signal_D_maPeriod_200_shortPeriod_10,NQ,-0.002666379948213618,0.2948189570958074,0
2015-08-19,double7s__ma200__sp10,double7s_signal_D_maPeriod_200_shortPeriod_10,NQ,-0.005678975858922031,0.2891399812368854,0
2015-08-20,double7s__ma200__sp10,double7s_signal_D_maPeriod_200_shortPeriod_10,NQ,-0.01832161407336134,0.27081836716352403,0
2015-08-21,double7s__ma200__sp10,double7s_signal_D_maPeriod_200_shortPeriod_10,NQ,-0.008476810402971545,0.2623415567605525,0
2015-08-24,double7s__ma200__sp10,double7s_signal_D_maPeriod_200_shortPeriod_10,NQ,-0.007694651979976923,0.25464690478057556,0
2015-08-25,double7s__ma200__sp10,double7s_signal_D_maPeriod_200_shortPeriod_10,NQ,0.0010919675541216508,0.2557388723346972,0
2015-08-26,double7s__ma200__sp10,double7s_signal_D_maPeriod_200_shortPeriod_10,NQ,0.018927913515998186,0.2746667858506954,0
2015-08-27,double7s__ma200__sp10,double7s_signal_D_maPeriod_200_shortPeriod_10,NQ,0.00391636748177894,0.27858315333247435,0
2015-08-28,double7s__ma200__sp10,double7s_signal_D_maPeriod_200_shortPeriod_10,NQ,0.00032894881227185104,0.2789121021447462,0
2015-08-31,double7s__ma200__sp10,double7s_signal_D_maPeriod_200_shortPeriod_10,NQ,-0.007787663150696333,0.27112443899404987,0
2015-09-01,double7s__ma200__sp10,double7s_signal_D_maPeriod_200_shortPeriod_10,NQ,-0.010710728241887284,0.2604137107521626,0
2015-09-02,double7s__ma200__sp10,double7s_signal_D_maPeriod_200_shortPeriod_10,NQ,0.006415114368616393,0.266828825120779,0
2015-09-03,double7s__ma200__sp10,double7s_signal_D_maPeriod_200_shortPeriod_10,NQ,-0.001925332716812613,0.2649034924039664,0
2015-09-04,double7s__ma200__sp10,double7s_signal_D_maPeriod_200_shortPeriod_10,NQ,-0.005111000586281927,0.25979249181768443,0
2015-09-08,double7s__ma200__sp10,double7s_signal_D_maPeriod_200_shortPeriod_10,NQ,0.016667674231216588,0.276460166048901,0
2015-09-09,double7s__ma200__sp10,double7s_signal_D_maPeriod_200_shortPeriod_10,NQ,-0.002864455754050155,0.27359571029485086,0
2015-09-10,double7s__ma200__sp10,double7s_signal_D_maPeriod_200_shortPeriod_10,NQ,0.0040963734056735,0.27769208370052434,0
2015-09-11,double7s__ma200__sp10,double7s_signal_D_maPeriod_200_shortPeriod_10,NQ,0.003966793537923644,0.28165887723844796,0
2015-09-14,double7s__ma200__sp10,double7s_signal_D_maPeriod_200_shortPeriod_10,NQ,-0.002266964732640793,0.27939191250580714,0
2015-09-15,double7s__ma200__sp10,double7s_signal_D_maPeriod_200_shortPeriod_10,NQ,0.007340153557321757,0.2867320660631289,0
2015-09-16,double7s__ma200__sp10,double7s_signal_D_maPeriod_200_shortPeriod_10,NQ,0.0,0.2867320660631289,0
2015-09-17,double7s__ma200__sp10,double7s_signal_D_maPeriod_200_shortPeriod_10,NQ,0.0,0.2867320660631289,0
2015-09-18,double7s__ma200__sp10,double7s_signal_D_maPeriod_200_shortPeriod_10,NQ,0.0,0.2867320660631289,0
2015-09-21,double7s__ma200__sp10,double7s_signal_D_maPeriod_200_shortPeriod_10,NQ,0.0,0.2867320660631289,0
2015-09-22,double7s__ma200__sp10,double7s_signal_D_maPeriod_200_shortPeriod_10,NQ,0.0,0.2867320660631289,0
2015-09-23,double7s__ma200__sp10,double7s_signal_D_maPeriod_200_shortPeriod_10,NQ,0.0,0.2867320660631289,0
2015-09-24,double7s__ma200__sp10,double7s_signal_D_maPeriod_200_shortPeriod_10,NQ,0.0,0.2867320660631289,0
2015-09-25,double7s__ma200__sp10,double7s_signal_D_maPeriod_200_shortPeriod_10,NQ,0.0,0.2867320660631289,0
2015-09-28,double7s__ma200__sp10,double7s_signal_D_maPeriod_200_shortPeriod_10,NQ,0.0,0.2867320660631289,0
2015-09-29,double7s__ma200__sp10,double7s_signal_D_maPeriod_200_shortPeriod_10,NQ,0.0,0.2867320660631289,0
2015-09-30,double7s__ma200__sp10,double7s_signal_D_maPeriod_200_shortPeriod_10,NQ,0.0,0.2867320660631289,0
2015-10-01,double7s__ma200__sp10,double7s_signal_D_maPeriod_200_shortPeriod_10,NQ,0.0,0.2867320660631289,0
2015-10-02,double7s__ma200__sp10,double7s_signal_D_maPeriod_200_shortPeriod_10,NQ,0.0,0.2867320660631289,0
2015-10-05,double7s__ma200__sp10,double7s_signal_D_maPeriod_200_shortPeriod_10,NQ,0.0,0.2867320660631289,0
2015-10-06,double7s__ma200__sp10,double7s_signal_D_maPeriod_200_shortPeriod_10,NQ,0.0,0.2867320660631289,0
2015-10-07,double7s__ma200__sp10,double7s_signal_D_maPeriod_200_shortPeriod_10,NQ,0.0,0.2867320660631289,0
2015-10-08,double7s__ma200__sp10,double7s_signal_D_maPeriod_200_shortPeriod_10,NQ,0.0,0.2867320660631289,0
2015-10-09,double7s__ma200__sp10,double7s_signal_D_maPeriod_200_shortPeriod_10,NQ,0.0,0.2867320660631289,0
2015-10-12,double7s__ma200__sp10,double7s_signal_D_maPeriod_200_shortPeriod_10,NQ,0.0,0.2867320660631289,0
2015-10-13,double7s__ma200__sp10,double7s_signal_D_maPeriod_200_shortPeriod_10,NQ,0.0,0.2867320660631289,0
2015-10-14,double7s__ma200__sp10,double7s_signal_D_maPeriod_200_shortPeriod_10,NQ,0.0,0.2867320660631289,0
2015-10-15,double7s__ma200__sp10,double7s_signal_D_maPeriod_200_shortPeriod_10,NQ,0.0,0.2867320660631289,0
2015-10-16,double7s__ma200__sp10,double7s_signal_D_maPeriod_200_shortPeriod_10,NQ,0.0,0.2867320660631289,0
2015-10-19,double7s__ma200__sp10,double7s_signal_D_maPeriod_200_shortPeriod_10,NQ,0.0,0.2867320660631289,0
2015-10-20,double7s__ma200__sp10,double7s_signal_D_maPeriod_200_shortPeriod_10,NQ,0.0,0.2867320660631289,0
2015-10-21,double7s__ma200__sp10,double7s_signal_D_maPeriod_200_shortPeriod_10,NQ,0.0,0.2867320660631289,0
2015-10-22,double7s__ma200__sp10,double7s_signal_D_maPeriod_200_shortPeriod_10,NQ,0.0,0.2867320660631289,0
2015-10-23,double7s__ma200__sp10,double7s_signal_D_maPeriod_200_shortPeriod_10,NQ,0.0,0.2867320660631289,0
2015-10-26,double7s__ma200__sp10,double7s_signal_D_maPeriod_200_shortPeriod_10,NQ,0.0,0.2867320660631289,0
2015-10-27,double7s__ma200__sp10,double7s_signal_D_maPeriod_200_shortPeriod_10,NQ,0.0,0.2867320660631289,0
2015-10-28,double7s__ma200__sp10,double7s_signal_D_maPeriod_200_shortPeriod_10,NQ,0.0,0.2867320660631289,0
2015-10-29,double7s__ma200__sp10,double7s_signal_D_maPeriod_200_shortPeriod_10,NQ,0.0,0.2867320660631289,0
2015-10-30,double7s__ma200__sp10,double7s_signal_D_maPeriod_200_shortPeriod_10,NQ,0.0,0.2867320660631289,0
2015-11-02,double7s__ma200__sp10,double7s_signal_D_maPeriod_200_shortPeriod_10,NQ,0.0,0.2867320660631289,0
2015-11-03,double7s__ma200__sp10,double7s_signal_D_maPeriod_200_shortPeriod_10,NQ,0.0,0.2867320660631289,0
2015-11-04,double7s__ma200__sp10,double7s_signal_D_maPeriod_200_shortPeriod_10,NQ,0.0,0.2867320660631289,0
2015-11-05,double7s__ma200__sp10,double7s_signal_D_maPeriod_200_shortPeriod_10,NQ,0.0,0.2867320660631289,0
2015-11-06,double7s__ma200__sp10,double7s_signal_D_maPeriod_200_shortPeriod_10,NQ,0.0,0.2867320660631289,0
2015-11-09,double7s__ma200__sp10,double7s_signal_D_maPeriod_200_shortPeriod_10,NQ,0.0,0.2867320660631289,0
2015-11-10,double7s__ma200__sp10,double7s_signal_D_maPeriod_200_shortPeriod_10,NQ,0.0,0.2867320660631289,0
2015-11-11,double7s__ma200__sp10,double7s_signal_D_maPeriod_200_shortPeriod_10,NQ,0.0,0.2867320660631289,0
2015-11-12,double7s__ma200__sp10,double7s_signal_D_maPeriod_200_shortPeriod_10,NQ,-0.006574305650367132,0.28015776041276175,0
2015-11-13,double7s__ma200__sp10,double7s_signal_D_maPeriod_200_shortPeriod_10,NQ,-0.009823139077547711,0.270334621335214,0
2015-11-16,double7s__ma200__sp10,double7s_signal_D_maPeriod_200_shortPeriod_10,NQ,0.00618025455187594,0.27651487588708995,0
2015-11-17,double7s__ma200__sp10,double7s_signal_D_maPeriod_200_shortPeriod_10,NQ,0.000847273502155971,0.2773621493892459,0
2015-11-18,double7s__ma200__sp10,double7s_signal_D_maPeriod_200_shortPeriod_10,NQ,0.01175051516879328,0.2891126645580392,0
2015-11-19,double7s__ma200__sp10,double7s_signal_D_maPeriod_200_shortPeriod_10,NQ,0.000776150791919389,0.2898888153499586,0
2015-11-20,double7s__ma200__sp10,double7s_signal_D_maPeriod_200_shortPeriod_10,NQ,0.004642035899192409,0.294530851249151,0
2015-11-23,double7s__ma200__sp10,double7s_signal_D_maPeriod_200_shortPeriod_10,NQ,-0.001946594698351554,0.29258425655079945,0
2015-11-24,double7s__ma200__sp10,double7s_signal_D_maPeriod_200_shortPeriod_10,NQ,-0.0010989492924824429,0.291485307258317,0
2015-11-25,double7s__ma200__sp10,double7s_signal_D_maPeriod_200_shortPeriod_10,NQ,0.0017367731728325489,0.29322208043114956,0
2015-11-27,double7s__ma200__sp10,double7s_signal_D_maPeriod_200_shortPeriod_10,NQ,0.00038939295965780967,0.29361147339080734,0
2015-11-30,double7s__ma200__sp10,double7s_signal_D_maPeriod_200_shortPeriod_10,NQ,-0.0023729626330264587,0.2912385107577809,0
2015-12-01,double7s__ma200__sp10,double7s_signal_D_maPeriod_200_shortPeriod_10,NQ,0.005298901689406721,0.2965374124471876,0
2015-12-02,double7s__ma200__sp10,double7s_signal_D_maPeriod_200_shortPeriod_10,NQ,0.0,0.2965374124471876,0
2015-12-03,double7s__ma200__sp10,double7s_signal_D_maPeriod_200_shortPeriod_10,NQ,0.0,0.2965374124471876,0
2015-12-04,double7s__ma200__sp10,double7s_signal_D_maPeriod_200_shortPeriod_10,NQ,0.007340527829481069,0.3038779402766687,0
2015-12-07,double7s__ma200__sp10,double7s_signal_D_maPeriod_200_shortPeriod_10,NQ,-0.0012654635362084397,0.30261247674046027,0
2015-12-08,double7s__ma200__sp10,double7s_signal_D_maPeriod_200_shortPeriod_10,NQ,-0.0017671928750812992,0.30084528386537895,0
2015-12-09,double7s__ma200__sp10,double7s_signal_D_maPeriod_200_shortPeriod_10,NQ,-0.010586540498095182,0.29025874336728374,0
2015-12-10,double7s__ma200__sp10,double7s_signal_D_maPeriod_200_shortPeriod_10,NQ,0.0017245038638410912,0.29198324723112484,0
2015-12-11,double7s__ma200__sp10,double7s_signal_D_maPeriod_200_shortPeriod_10,NQ,-0.015323026997997867,0.276660220233127,0
2015-12-14,double7s__ma200__sp10,double7s_signal_D_maPeriod_200_shortPeriod_10,NQ,0.0020132548565965002,0.27867347508972345,0
2015-12-15,double7s__ma200__sp10,double7s_signal_D_maPeriod_200_shortPeriod_10,NQ,0.004769432709939873,0.2834429077996633,0
2015-12-16,double7s__ma200__sp10,double7s_signal_D_maPeriod_200_shortPeriod_10,NQ,0.007246335366278663,0.29068924316594197,0
2015-12-17,double7s__ma200__sp10,double7s_signal_D_maPeriod_200_shortPeriod_10,NQ,-0.008021062046586869,0.2826681811193551,0
2015-12-18,double7s__ma200__sp10,double7s_signal_D_maPeriod_200_shortPeriod_10,NQ,-0.004836362359721745,0.27783181875963336,0
2015-12-21,double7s__ma200__sp10,double7s_signal_D_maPeriod_200_shortPeriod_10,NQ,0.0043966187221226955,0.2822284374817561,0
2015-12-22,double7s__ma200__sp10,double7s_signal_D_maPeriod_200_shortPeriod_10,NQ,0.002137594724923339,0.28436603220667944,0
2015-12-23,double7s__ma200__sp10,double7s_signal_D_maPeriod_200_shortPeriod_10,NQ,0.0023228481852507967,0.28668888039193025,0
2015-12-24,double7s__ma200__sp10,double7s_signal_D_maPeriod_200_shortPeriod_10,NQ,0.0004639305043713414,0.28715281089630157,0
2015-12-28,double7s__ma200__sp10,double7s_signal_D_maPeriod_200_shortPeriod_10,NQ,0.0003924059601907809,0.28754521685649237,0
2015-12-29,double7s__ma200__sp10,double7s_signal_D_maPeriod_200_shortPeriod_10,NQ,0.010325858903764515,0.2978710757602569,0
2015-12-30,double7s__ma200__sp10,double7s_signal_D_maPeriod_200_shortPeriod_10,NQ,0.0,0.2978710757602569,0
2015-12-31,double7s__ma200__sp10,double7s_signal_D_maPeriod_200_shortPeriod_10,NQ,0.0,0.2978710757602569,0
2016-01-04,double7s__ma200__sp10,double7s_signal_D_maPeriod_200_shortPeriod_10,NQ,0.0,0.2978710757602569,0
2016-01-05,double7s__ma200__sp10,double7s_signal_D_maPeriod_200_shortPeriod_10,NQ,0.0,0.2978710757602569,0
2016-01-06,double7s__ma200__sp10,double7s_signal_D_maPeriod_200_shortPeriod_10,NQ,-0.0051269861800893254,0.29274408958016757,0
2016-01-07,double7s__ma200__sp10,double7s_signal_D_maPeriod_200_shortPeriod_10,NQ,-0.022577704530224244,0.27016638504994334,0
2016-01-08,double7s__ma200__sp10,double7s_signal_D_maPeriod_200_shortPeriod_10,NQ,-0.0016219307308805429,0.2685444543190628,0
2016-01-11,double7s__ma200__sp10,double7s_signal_D_maPeriod_200_shortPeriod_10,NQ,0.0010405576108208543,0.26958501192988366,0
2016-01-12,double7s__ma200__sp10,double7s_signal_D_maPeriod_200_shortPeriod_10,NQ,0.006025594365826689,0.2756106062957103,0
2016-01-13,double7s__ma200__sp10,double7s_signal_D_maPeriod_200_shortPeriod_10,NQ,-0.01794416167405815,0.25766644462165217,0
2016-01-14,double7s__ma200__sp10,double7s_signal_D_maPeriod_200_shortPeriod_10,NQ,0.003796990955471771,0.2614634355771239,0
2016-01-15,double7s__ma200__sp10,double7s_signal_D_maPeriod_200_shortPeriod_10,NQ,-0.008344517593231316,0.25311891798389263,0
2016-01-19,double7s__ma200__sp10,double7s_signal_D_maPeriod_200_shortPeriod_10,NQ,0.0010139915557199738,0.2541329095396126,0
2016-01-20,double7s__ma200__sp10,double7s_signal_D_maPeriod_200_shortPeriod_10,NQ,-0.0012154416034164091,0.2529174679361962,0
2016-01-21,double7s__ma200__sp10,double7s_signal_D_maPeriod_200_shortPeriod_10,NQ,-7.603239177633308e-05,0.25284143554441985,0
2016-01-22,double7s__ma200__sp10,double7s_signal_D_maPeriod_200_shortPeriod_10,NQ,0.018297675178494052,0.2711391107229139,0
2016-01-25,double7s__ma200__sp10,double7s_signal_D_maPeriod_200_shortPeriod_10,NQ,-0.003466343095633619,0.2676727676272803,0
2016-01-26,double7s__ma200__sp10,double7s_signal_D_maPeriod_200_shortPeriod_10,NQ,0.0033485684626160897,0.2710213360898964,0
2016-01-27,double7s__ma200__sp10,double7s_signal_D_maPeriod_200_shortPeriod_10,NQ,-0.008727492237632202,0.26229384385226423,0
2016-01-28,double7s__ma200__sp10,double7s_signal_D_maPeriod_200_shortPeriod_10,NQ,0.00023017098501522916,0.26252401483727944,0
2016-01-29,double7s__ma200__sp10,double7s_signal_D_maPeriod_200_shortPeriod_10,NQ,0.01828479395494193,0.28080880879222136,0
2016-02-01,double7s__ma200__sp10,double7s_signal_D_maPeriod_200_shortPeriod_10,NQ,0.0,0.28080880879222136,0
2016-02-02,double7s__ma200__sp10,double7s_signal_D_maPeriod_200_shortPeriod_10,NQ,0.0,0.28080880879222136,0
2016-02-03,double7s__ma200__sp10,double7s_signal_D_maPeriod_200_shortPeriod_10,NQ,0.0,0.28080880879222136,0
2016-02-04,double7s__ma200__sp10,double7s_signal_D_maPeriod_200_shortPeriod_10,NQ,0.0,0.28080880879222136,0
2016-02-05,double7s__ma200__sp10,double7s_signal_D_maPeriod_200_shortPeriod_10,NQ,0.0,0.28080880879222136,0
2016-02-08,double7s__ma200__sp10,double7s_signal_D_maPeriod_200_shortPeriod_10,NQ,0.0,0.28080880879222136,0
2016-02-09,double7s__ma200__sp10,double7s_signal_D_maPeriod_200_shortPeriod_10,NQ,0.0,0.28080880879222136,0
2016-02-10,double7s__ma200__sp10,double7s_signal_D_maPeriod_200_shortPeriod_10,NQ,0.0,0.28080880879222136,0
2016-02-11,double7s__ma200__sp10,double7s_signal_D_maPeriod_200_shortPeriod_10,NQ,0.0,0.28080880879222136,0
2016-02-12,double7s__ma200__sp10,double7s_signal_D_maPeriod_200_shortPeriod_10,NQ,0.0,0.28080880879222136,0
2016-02-16,double7s__ma200__sp10,double7s_signal_D_maPeriod_200_shortPeriod_10,NQ,0.0,0.28080880879222136,0
2016-02-17,double7s__ma200__sp10,double7s_signal_D_maPeriod_200_shortPeriod_10,NQ,0.0,0.28080880879222136,0
2016-02-18,double7s__ma200__sp10,double7s_signal_D_maPeriod_200_shortPeriod_10,NQ,0.0,0.28080880879222136,0
2016-02-19,double7s__ma200__sp10,double7s_signal_D_maPeriod_200_shortPeriod_10,NQ,0.0,0.28080880879222136,0
2016-02-22,double7s__ma200__sp10,double7s_signal_D_maPeriod_200_shortPeriod_10,NQ,0.0,0.28080880879222136,0
2016-02-23,double7s__ma200__sp10,double7s_signal_D_maPeriod_200_shortPeriod_10,NQ,0.0,0.28080880879222136,0
2016-02-24,double7s__ma200__sp10,double7s_signal_D_maPeriod_200_shortPeriod_10,NQ,0.0,0.28080880879222136,0
2016-02-25,double7s__ma200__sp10,double7s_signal_D_maPeriod_200_shortPeriod_10,NQ,0.0,0.28080880879222136,0
2016-02-26,double7s__ma200__sp10,double7s_signal_D_maPeriod_200_shortPeriod_10,NQ,0.0,0.28080880879222136,0
2016-02-29,double7s__ma200__sp10,double7s_signal_D_maPeriod_200_shortPeriod_10,NQ,0.0,0.28080880879222136,0
2016-03-01,double7s__ma200__sp10,double7s_signal_D_maPeriod_200_shortPeriod_10,NQ,0.0,0.28080880879222136,0
2016-03-02,double7s__ma200__sp10,double7s_signal_D_maPeriod_200_shortPeriod_10,NQ,0.0,0.28080880879222136,0
2016-03-03,double7s__ma200__sp10,double7s_signal_D_maPeriod_200_shortPeriod_10,NQ,0.0,0.28080880879222136,0
2016-03-04,double7s__ma200__sp10,double7s_signal_D_maPeriod_200_shortPeriod_10,NQ,0.0,0.28080880879222136,0
2016-03-07,double7s__ma200__sp10,double7s_signal_D_maPeriod_200_shortPeriod_10,NQ,0.0,0.28080880879222136,0
2016-03-08,double7s__ma200__sp10,double7s_signal_D_maPeriod_200_shortPeriod_10,NQ,0.0,0.28080880879222136,0
2016-03-09,double7s__ma200__sp10,double7s_signal_D_maPeriod_200_shortPeriod_10,NQ,0.0,0.28080880879222136,0
2016-03-10,double7s__ma200__sp10,double7s_signal_D_maPeriod_200_shortPeriod_10,NQ,0.0,0.28080880879222136,0
2016-03-11,double7s__ma200__sp10,double7s_signal_D_maPeriod_200_shortPeriod_10,NQ,0.0,0.28080880879222136,0
2016-03-14,double7s__ma200__sp10,double7s_signal_D_maPeriod_200_shortPeriod_10,NQ,0.0,0.28080880879222136,0
2016-03-15,double7s__ma200__sp10,double7s_signal_D_maPeriod_200_shortPeriod_10,NQ,0.0,0.28080880879222136,0
2016-03-16,double7s__ma200__sp10,double7s_signal_D_maPeriod_200_shortPeriod_10,NQ,0.0,0.28080880879222136,0
2016-03-17,double7s__ma200__sp10,double7s_signal_D_maPeriod_200_shortPeriod_10,NQ,0.0,0.28080880879222136,0
2016-03-18,double7s__ma200__sp10,double7s_signal_D_maPeriod_200_shortPeriod_10,NQ,0.0,0.28080880879222136,0
2016-03-21,double7s__ma200__sp10,double7s_signal_D_maPeriod_200_shortPeriod_10,NQ,0.0,0.28080880879222136,0
2016-03-22,double7s__ma200__sp10,double7s_signal_D_maPeriod_200_shortPeriod_10,NQ,0.0,0.28080880879222136,0
2016-03-23,double7s__ma200__sp10,double7s_signal_D_maPeriod_200_shortPeriod_10,NQ,0.0,0.28080880879222136,0
2016-03-24,double7s__ma200__sp10,double7s_signal_D_maPeriod_200_shortPeriod_10,NQ,0.0,0.28080880879222136,0
2016-03-28,double7s__ma200__sp10,double7s_signal_D_maPeriod_200_shortPeriod_10,NQ,0.0,0.28080880879222136,0
2016-03-29,double7s__ma200__sp10,double7s_signal_D_maPeriod_200_shortPeriod_10,NQ,0.0,0.28080880879222136,0
2016-03-30,double7s__ma200__sp10,double7s_signal_D_maPeriod_200_shortPeriod_10,NQ,0.0,0.28080880879222136,0
2016-03-31,double7s__ma200__sp10,double7s_signal_D_maPeriod_200_shortPeriod_10,NQ,0.0,0.28080880879222136,0
2016-04-01,double7s__ma200__sp10,double7s_signal_D_maPeriod_200_shortPeriod_10,NQ,0.0,0.28080880879222136,0
2016-04-04,double7s__ma200__sp10,double7s_signal_D_maPeriod_200_shortPeriod_10,NQ,0.0,0.28080880879222136,0
2016-04-05,double7s__ma200__sp10,double7s_signal_D_maPeriod_200_shortPeriod_10,NQ,0.0,0.28080880879222136,0
2016-04-06,double7s__ma200__sp10,double7s_signal_D_maPeriod_200_shortPeriod_10,NQ,0.0,0.28080880879222136,0
2016-04-07,double7s__ma200__sp10,double7s_signal_D_maPeriod_200_shortPeriod_10,NQ,0.0,0.28080880879222136,0
2016-04-08,double7s__ma200__sp10,double7s_signal_D_maPeriod_200_shortPeriod_10,NQ,0.0,0.28080880879222136,0
2016-04-11,double7s__ma200__sp10,double7s_signal_D_maPeriod_200_shortPeriod_10,NQ,0.0,0.28080880879222136,0
2016-04-12,double7s__ma200__sp10,double7s_signal_D_maPeriod_200_shortPeriod_10,NQ,0.0,0.28080880879222136,0
2016-04-13,double7s__ma200__sp10,double7s_signal_D_maPeriod_200_shortPeriod_10,NQ,0.0,0.28080880879222136,0
2016-04-14,double7s__ma200__sp10,double7s_signal_D_maPeriod_200_shortPeriod_10,NQ,0.0,0.28080880879222136,0
2016-04-15,double7s__ma200__sp10,double7s_signal_D_maPeriod_200_shortPeriod_10,NQ,0.0,0.28080880879222136,0
2016-04-18,double7s__ma200__sp10,double7s_signal_D_maPeriod_200_shortPeriod_10,NQ,0.0,0.28080880879222136,0
2016-04-19,double7s__ma200__sp10,double7s_signal_D_maPeriod_200_shortPeriod_10,NQ,0.0,0.28080880879222136,0
2016-04-20,double7s__ma200__sp10,double7s_signal_D_maPeriod_200_shortPeriod_10,NQ,0.0,0.28080880879222136,0
2016-04-21,double7s__ma200__sp10,double7s_signal_D_maPeriod_200_shortPeriod_10,NQ,0.0,0.28080880879222136,0
2016-04-22,double7s__ma200__sp10,double7s_signal_D_maPeriod_200_shortPeriod_10,NQ,0.0,0.28080880879222136,0
2016-04-25,double7s__ma200__sp10,double7s_signal_D_maPeriod_200_shortPeriod_10,NQ,0.0,0.28080880879222136,0
2016-04-26,double7s__ma200__sp10,double7s_signal_D_maPeriod_200_shortPeriod_10,NQ,0.0,0.28080880879222136,0
2016-04-27,double7s__ma200__sp10,double7s_signal_D_maPeriod_200_shortPeriod_10,NQ,0.0027416815204628375,0.2835504903126842,0
2016-04-28,double7s__ma200__sp10,double7s_signal_D_maPeriod_200_shortPeriod_10,NQ,-0.0073182468054713385,0.27623224350721287,0
2016-04-29,double7s__ma200__sp10,double7s_signal_D_maPeriod_200_shortPeriod_10,NQ,-0.006652232974387601,0.26958001053282526,0
2016-05-02,double7s__ma200__sp10,double7s_signal_D_maPeriod_200_shortPeriod_10,NQ,0.003540655955480221,0.27312066648830546,0
2016-05-03,double7s__ma200__sp10,double7s_signal_D_maPeriod_200_shortPeriod_10,NQ,-0.005003040991139873,0.2681176254971656,0
2016-05-04,double7s__ma200__sp10,double7s_signal_D_maPeriod_200_shortPeriod_10,NQ,-0.0036883819412900456,0.26442924355587555,0
2016-05-05,double7s__ma200__sp10,double7s_signal_D_maPeriod_200_shortPeriod_10,NQ,-0.001186914278422579,0.26324232927745295,0
2016-05-06,double7s__ma200__sp10,double7s_signal_D_maPeriod_200_shortPeriod_10,NQ,0.004297140603684783,0.26753946988113775,0
2016-05-09,double7s__ma200__sp10,double7s_signal_D_maPeriod_200_shortPeriod_10,NQ,0.0008868247004593246,0.26842629458159706,0
2016-05-10,double7s__ma200__sp10,double7s_signal_D_maPeriod_200_shortPeriod_10,NQ,0.00842763374116595,0.276853928322763,0
2016-05-11,double7s__ma200__sp10,double7s_signal_D_maPeriod_200_shortPeriod_10,NQ,-0.004417536533108849,0.2724363917896542,0
2016-05-12,double7s__ma200__sp10,double7s_signal_D_maPeriod_200_shortPeriod_10,NQ,-0.0022501842363351174,0.27018620755331907,0
2016-05-13,double7s__ma200__sp10,double7s_signal_D_maPeriod_200_shortPeriod_10,NQ,-0.001958956418332307,0.26822725113498674,0
2016-05-16,double7s__ma200__sp10,double7s_signal_D_maPeriod_200_shortPeriod_10,NQ,0.008742526689772646,0.2769697778247594,0
2016-05-17,double7s__ma200__sp10,double7s_signal_D_maPeriod_200_shortPeriod_10,NQ,-0.005908816361367799,0.2710609614633916,0
2016-05-18,double7s__ma200__sp10,double7s_signal_D_maPeriod_200_shortPeriod_10,NQ,0.0011544269686705622,0.27221538843206217,0
2016-05-19,double7s__ma200__sp10,double7s_signal_D_maPeriod_200_shortPeriod_10,NQ,-0.0030320949279370934,0.26918329350412507,0
2016-05-20,double7s__ma200__sp10,double7s_signal_D_maPeriod_200_shortPeriod_10,NQ,0.0066820700467232295,0.2758653635508483,0
2016-05-23,double7s__ma200__sp10,double7s_signal_D_maPeriod_200_shortPeriod_10,NQ,-0.0018517819589793504,0.27401358159186895,0
2016-05-24,double7s__ma200__sp10,double7s_signal_D_maPeriod_200_shortPeriod_10,NQ,0.013737380508981751,0.2877509621008507,0
2016-05-25,double7s__ma200__sp10,double7s_signal_D_maPeriod_200_shortPeriod_10,NQ,0.0,0.2877509621008507,0
2016-05-26,double7s__ma200__sp10,double7s_signal_D_maPeriod_200_shortPeriod_10,NQ,0.0,0.2877509621008507,0
2016-05-27,double7s__ma200__sp10,double7s_signal_D_maPeriod_200_shortPeriod_10,NQ,0.0,0.2877509621008507,0
2016-05-31,double7s__ma200__sp10,double7s_signal_D_maPeriod_200_shortPeriod_10,NQ,0.0,0.2877509621008507,0
2016-06-01,double7s__ma200__sp10,double7s_signal_D_maPeriod_200_shortPeriod_10,NQ,0.0,0.2877509621008507,0
2016-06-02,double7s__ma200__sp10,double7s_signal_D_maPeriod_200_shortPeriod_10,NQ,0.0,0.2877509621008507,0
2016-06-03,double7s__ma200__sp10,double7s_signal_D_maPeriod_200_shortPeriod_10,NQ,0.0,0.2877509621008507,0
2016-06-06,double7s__ma200__sp10,double7s_signal_D_maPeriod_200_shortPeriod_10,NQ,0.0,0.2877509621008507,0
2016-06-07,double7s__ma200__sp10,double7s_signal_D_maPeriod_200_shortPeriod_10,NQ,0.0,0.2877509621008507,0
2016-06-08,double7s__ma200__sp10,double7s_signal_D_maPeriod_200_shortPeriod_10,NQ,0.0,0.2877509621008507,0
2016-06-09,double7s__ma200__sp10,double7s_signal_D_maPeriod_200_shortPeriod_10,NQ,0.0,0.2877509621008507,0
2016-06-10,double7s__ma200__sp10,double7s_signal_D_maPeriod_200_shortPeriod_10,NQ,0.0,0.2877509621008507,0
2016-06-13,double7s__ma200__sp10,double7s_signal_D_maPeriod_200_shortPeriod_10,NQ,-0.0038898888746374217,0.2838610732262133,0
2016-06-14,double7s__ma200__sp10,double7s_signal_D_maPeriod_200_shortPeriod_10,NQ,0.0007797253565004217,0.28464079858271374,0
2016-06-15,double7s__ma200__sp10,double7s_signal_D_maPeriod_200_shortPeriod_10,NQ,-0.0016441464584376736,0.28299665212427605,0
2016-06-16,double7s__ma200__sp10,double7s_signal_D_maPeriod_200_shortPeriod_10,NQ,0.0021925186863887137,0.28518917081066475,0
2016-06-17,double7s__ma200__sp10,double7s_signal_D_maPeriod_200_shortPeriod_10,NQ,-0.008172315524705124,0.27701685528595965,0
2016-06-20,double7s__ma200__sp10,double7s_signal_D_maPeriod_200_shortPeriod_10,NQ,0.0007137163039539606,0.2777305715899136,0
2016-06-21,double7s__ma200__sp10,double7s_signal_D_maPeriod_200_shortPeriod_10,NQ,0.0002561251209233718,0.277986696710837,0
2016-06-22,double7s__ma200__sp10,double7s_signal_D_maPeriod_200_shortPeriod_10,NQ,-0.00040266721179360734,0.27758402949904337,0
2016-06-23,double7s__ma200__sp10,double7s_signal_D_maPeriod_200_shortPeriod_10,NQ,0.007683333153105502,0.28526736265214886,0
2016-06-24,double7s__ma200__sp10,double7s_signal_D_maPeriod_200_shortPeriod_10,NQ,-0.019817858414410947,0.2654495042377379,0
2016-06-27,double7s__ma200__sp10,double7s_signal_D_maPeriod_200_shortPeriod_10,NQ,-0.002582801957998676,0.2628667022797392,0
2016-06-28,double7s__ma200__sp10,double7s_signal_D_maPeriod_200_shortPeriod_10,NQ,0.007006196169398897,0.2698728984491381,0
2016-06-29,double7s__ma200__sp10,double7s_signal_D_maPeriod_200_shortPeriod_10,NQ,0.005018119234507951,0.27489101768364604,0
2016-06-30,double7s__ma200__sp10,double7s_signal_D_maPeriod_200_shortPeriod_10,NQ,0.0023497639791323355,0.2772407816627784,0
2016-07-01,double7s__ma200__sp10,double7s_signal_D_maPeriod_200_shortPeriod_10,NQ,0.004129454958693773,0.28137023662147215,0
2016-07-05,double7s__ma200__sp10,double7s_signal_D_maPeriod_200_shortPeriod_10,NQ,-0.005071286342591472,0.2762989502788807,0
2016-07-06,double7s__ma200__sp10,double7s_signal_D_maPeriod_200_shortPeriod_10,NQ,0.0048879862532338145,0.2811869365321145,0
2016-07-07,double7s__ma200__sp10,double7s_signal_D_maPeriod_200_shortPeriod_10,NQ,0.002456419628749589,0.2836433561608641,0
2016-07-08,double7s__ma200__sp10,double7s_signal_D_maPeriod_200_shortPeriod_10,NQ,0.009480588325129852,0.293123944485994,0
2016-07-11,double7s__ma200__sp10,double7s_signal_D_maPeriod_200_shortPeriod_10,NQ,0.0,0.293123944485994,0
2016-07-12,double7s__ma200__sp10,double7s_signal_D_maPeriod_200_shortPeriod_10,NQ,0.0,0.293123944485994,0
2016-07-13,double7s__ma200__sp10,double7s_signal_D_maPeriod_200_shortPeriod_10,NQ,0.0,0.293123944485994,0
2016-07-14,double7s__ma200__sp10,double7s_signal_D_maPeriod_200_shortPeriod_10,NQ,0.0,0.293123944485994,0
2016-07-15,double7s__ma200__sp10,double7s_signal_D_maPeriod_200_shortPeriod_10,NQ,0.0,0.293123944485994,0
2016-07-18,double7s__ma200__sp10,double7s_signal_D_maPeriod_200_shortPeriod_10,NQ,0.0,0.293123944485994,0
2016-07-19,double7s__ma200__sp10,double7s_signal_D_maPeriod_200_shortPeriod_10,NQ,0.0,0.293123944485994,0
2016-07-20,double7s__ma200__sp10,double7s_signal_D_maPeriod_200_shortPeriod_10,NQ,0.0,0.293123944485994,0
2016-07-21,double7s__ma200__sp10,double7s_signal_D_maPeriod_200_shortPeriod_10,NQ,0.0,0.293123944485994,0
2016-07-22,double7s__ma200__sp10,double7s_signal_D_maPeriod_200_shortPeriod_10,NQ,0.0,0.293123944485994,0
2016-07-25,double7s__ma200__sp10,double7s_signal_D_maPeriod_200_shortPeriod_10,NQ,0.0,0.293123944485994,0
2016-07-26,double7s__ma200__sp10,double7s_signal_D_maPeriod_200_shortPeriod_10,NQ,0.0,0.293123944485994,0
2016-07-27,double7s__ma200__sp10,double7s_signal_D_maPeriod_200_shortPeriod_10,NQ,0.0,0.293123944485994,0
2016-07-28,double7s__ma200__sp10,double7s_signal_D_maPeriod_200_shortPeriod_10,NQ,0.0,0.293123944485994,0
2016-07-29,double7s__ma200__sp10,double7s_signal_D_maPeriod_200_shortPeriod_10,NQ,0.0,0.293123944485994,0
2016-08-01,double7s__ma200__sp10,double7s_signal_D_maPeriod_200_shortPeriod_10,NQ,0.0,0.293123944485994,0
2016-08-02,double7s__ma200__sp10,double7s_signal_D_maPeriod_200_shortPeriod_10,NQ,0.0,0.293123944485994,0
2016-08-03,double7s__ma200__sp10,double7s_signal_D_maPeriod_200_shortPeriod_10,NQ,0.0,0.293123944485994,0
2016-08-04,double7s__ma200__sp10,double7s_signal_D_maPeriod_200_shortPeriod_10,NQ,0.0,0.293123944485994,0
2016-08-05,double7s__ma200__sp10,double7s_signal_D_maPeriod_200_shortPeriod_10,NQ,0.0,0.293123944485994,0
2016-08-08,double7s__ma200__sp10,double7s_signal_D_maPeriod_200_shortPeriod_10,NQ,0.0,0.293123944485994,0
2016-08-09,double7s__ma200__sp10,double7s_signal_D_maPeriod_200_shortPeriod_10,NQ,0.0,0.293123944485994,0
2016-08-10,double7s__ma200__sp10,double7s_signal_D_maPeriod_200_shortPeriod_10,NQ,0.0,0.293123944485994,0
2016-08-11,double7s__ma200__sp10,double7s_signal_D_maPeriod_200_shortPeriod_10,NQ,0.0,0.293123944485994,0
2016-08-12,double7s__ma200__sp10,double7s_signal_D_maPeriod_200_shortPeriod_10,NQ,0.0,0.293123944485994,0
2016-08-15,double7s__ma200__sp10,double7s_signal_D_maPeriod_200_shortPeriod_10,NQ,0.0,0.293123944485994,0
2016-08-16,double7s__ma200__sp10,double7s_signal_D_maPeriod_200_shortPeriod_10,NQ,0.0,0.293123944485994,0
2016-08-17,double7s__ma200__sp10,double7s_signal_D_maPeriod_200_shortPeriod_10,NQ,0.0,0.293123944485994,0
2016-08-18,double7s__ma200__sp10,double7s_signal_D_maPeriod_200_shortPeriod_10,NQ,0.0,0.293123944485994,0
2016-08-19,double7s__ma200__sp10,double7s_signal_D_maPeriod_200_shortPeriod_10,NQ,0.0,0.293123944485994,0
2016-08-22,double7s__ma200__sp10,double7s_signal_D_maPeriod_200_shortPeriod_10,NQ,0.0,0.293123944485994,0
2016-08-23,double7s__ma200__sp10,double7s_signal_D_maPeriod_200_shortPeriod_10,NQ,0.0,0.293123944485994,0
2016-08-24,double7s__ma200__sp10,double7s_signal_D_maPeriod_200_shortPeriod_10,NQ,0.0,0.293123944485994,0
2016-08-25,double7s__ma200__sp10,double7s_signal_D_maPeriod_200_shortPeriod_10,NQ,0.0,0.293123944485994,0
2016-08-26,double7s__ma200__sp10,double7s_signal_D_maPeriod_200_shortPeriod_10,NQ,0.0003134622790047801,0.2934374067649988,0
2016-08-29,double7s__ma200__sp10,double7s_signal_D_maPeriod_200_shortPeriod_10,NQ,0.0010094149589083836,0.2944468217239072,0
2016-08-30,double7s__ma200__sp10,double7s_signal_D_maPeriod_200_shortPeriod_10,NQ,-0.002646726841426673,0.2918000948824805,0
2016-08-31,double7s__ma200__sp10,double7s_signal_D_maPeriod_200_shortPeriod_10,NQ,-0.0006276004945920932,0.2911724943878884,0
2016-09-01,double7s__ma200__sp10,double7s_signal_D_maPeriod_200_shortPeriod_10,NQ,0.0004881489680635681,0.291660643355952,0
2016-09-02,double7s__ma200__sp10,double7s_signal_D_maPeriod_200_shortPeriod_10,NQ,0.0024723298289929447,0.2941329731849449,0
2016-09-06,double7s__ma200__sp10,double7s_signal_D_maPeriod_200_shortPeriod_10,NQ,0.0036435279479017685,0.2977765011328467,0
2016-09-07,double7s__ma200__sp10,double7s_signal_D_maPeriod_200_shortPeriod_10,NQ,0.0,0.2977765011328467,0
2016-09-08,double7s__ma200__sp10,double7s_signal_D_maPeriod_200_shortPeriod_10,NQ,0.0,0.2977765011328467,0
2016-09-09,double7s__ma200__sp10,double7s_signal_D_maPeriod_200_shortPeriod_10,NQ,0.0,0.2977765011328467,0
2016-09-12,double7s__ma200__sp10,double7s_signal_D_maPeriod_200_shortPeriod_10,NQ,0.005117697298577191,0.3028941984314239,0
2016-09-13,double7s__ma200__sp10,double7s_signal_D_maPeriod_200_shortPeriod_10,NQ,-0.002277114132863667,0.3006170842985602,0
2016-09-14,double7s__ma200__sp10,double7s_signal_D_maPeriod_200_shortPeriod_10,NQ,-2.9471893722720883e-05,0.3005876124048375,0
2016-09-15,double7s__ma200__sp10,double7s_signal_D_maPeriod_200_shortPeriod_10,NQ,0.011680631432895557,0.31226824383773305,0
2016-09-16,double7s__ma200__sp10,double7s_signal_D_maPeriod_200_shortPeriod_10,NQ,0.000348151863496085,0.3126163957012291,0
2016-09-19,double7s__ma200__sp10,double7s_signal_D_maPeriod_200_shortPeriod_10,NQ,-0.0028475020577455484,0.3097688936434836,0
2016-09-20,double7s__ma200__sp10,double7s_signal_D_maPeriod_200_shortPeriod_10,NQ,0.00024328754875640877,0.31001218119224,0
2016-09-21,double7s__ma200__sp10,double7s_signal_D_maPeriod_200_shortPeriod_10,NQ,0.006927465157390307,0.3169396463496303,0
2016-09-22,double7s__ma200__sp10,double7s_signal_D_maPeriod_200_shortPeriod_10,NQ,0.0,0.3169396463496303,0
2016-09-23,double7s__ma200__sp10,double7s_signal_D_maPeriod_200_shortPeriod_10,NQ,0.0,0.3169396463496303,0
2016-09-26,double7s__ma200__sp10,double7s_signal_D_maPeriod_200_shortPeriod_10,NQ,0.0,0.3169396463496303,0
2016-09-27,double7s__ma200__sp10,double7s_signal_D_maPeriod_200_shortPeriod_10,NQ,0.0,0.3169396463496303,0
2016-09-28,double7s__ma200__sp10,double7s_signal_D_maPeriod_200_shortPeriod_10,NQ,0.0,0.3169396463496303,0
2016-09-29,double7s__ma200__sp10,double7s_signal_D_maPeriod_200_shortPeriod_10,NQ,0.0,0.3169396463496303,0
2016-09-30,double7s__ma200__sp10,double7s_signal_D_maPeriod_200_shortPeriod_10,NQ,0.0,0.3169396463496303,0
2016-10-03,double7s__ma200__sp10,double7s_signal_D_maPeriod_200_shortPeriod_10,NQ,0.0,0.3169396463496303,0
2016-10-04,double7s__ma200__sp10,double7s_signal_D_maPeriod_200_shortPeriod_10,NQ,0.0,0.3169396463496303,0
2016-10-05,double7s__ma200__sp10,double7s_signal_D_maPeriod_200_shortPeriod_10,NQ,0.0,0.3169396463496303,0
2016-10-06,double7s__ma200__sp10,double7s_signal_D_maPeriod_200_shortPeriod_10,NQ,0.0,0.3169396463496303,0
2016-10-07,double7s__ma200__sp10,double7s_signal_D_maPeriod_200_shortPeriod_10,NQ,0.0,0.3169396463496303,0
2016-10-10,double7s__ma200__sp10,double7s_signal_D_maPeriod_200_shortPeriod_10,NQ,0.0,0.3169396463496303,0
2016-10-11,double7s__ma200__sp10,double7s_signal_D_maPeriod_200_shortPeriod_10,NQ,0.0,0.3169396463496303,0
2016-10-12,double7s__ma200__sp10,double7s_signal_D_maPeriod_200_shortPeriod_10,NQ,-0.0007847438431910129,0.3161549025064393,0
2016-10-13,double7s__ma200__sp10,double7s_signal_D_maPeriod_200_shortPeriod_10,NQ,-0.0012160211737779045,0.3149388813326614,0
2016-10-14,double7s__ma200__sp10,double7s_signal_D_maPeriod_200_shortPeriod_10,NQ,0.0011465699417535385,0.31608545127441495,0
2016-10-17,double7s__ma200__sp10,double7s_signal_D_maPeriod_200_shortPeriod_10,NQ,-3.473048036804999e-05,0.3160507207940469,0
2016-10-18,double7s__ma200__sp10,double7s_signal_D_maPeriod_200_shortPeriod_10,NQ,0.0034335106080678017,0.3194842314021147,0
2016-10-19,double7s__ma200__sp10,double7s_signal_D_maPeriod_200_shortPeriod_10,NQ,0.0009003440144963496,0.32038457541661103,0
2016-10-20,double7s__ma200__sp10,double7s_signal_D_maPeriod_200_shortPeriod_10,NQ,0.0021445784815083677,0.32252915389811937,0
2016-10-21,double7s__ma200__sp10,double7s_signal_D_maPeriod_200_shortPeriod_10,NQ,-0.0001382270108309231,0.32239092688728843,0
2016-10-24,double7s__ma200__sp10,double7s_signal_D_maPeriod_200_shortPeriod_10,NQ,0.007642041795549262,0.3300329686828377,0
2016-10-25,double7s__ma200__sp10,double7s_signal_D_maPeriod_200_shortPeriod_10,NQ,0.0,0.3300329686828377,0
2016-10-26,double7s__ma200__sp10,double7s_signal_D_maPeriod_200_shortPeriod_10,NQ,0.0,0.3300329686828377,0
2016-10-27,double7s__ma200__sp10,double7s_signal_D_maPeriod_200_shortPeriod_10,NQ,0.0,0.3300329686828377,0
2016-10-28,double7s__ma200__sp10,double7s_signal_D_maPeriod_200_shortPeriod_10,NQ,0.0,0.3300329686828377,0
2016-10-31,double7s__ma200__sp10,double7s_signal_D_maPeriod_200_shortPeriod_10,NQ,0.0,0.3300329686828377,0
2016-11-01,double7s__ma200__sp10,double7s_signal_D_maPeriod_200_shortPeriod_10,NQ,-0.006339415625941441,0.3236935530568963,0
2016-11-02,double7s__ma200__sp10,double7s_signal_D_maPeriod_200_shortPeriod_10,NQ,-0.00495768694111034,0.31873586611578597,0
2016-11-03,double7s__ma200__sp10,double7s_signal_D_maPeriod_200_shortPeriod_10,NQ,-0.003243923283620371,0.3154919428321656,0
2016-11-04,double7s__ma200__sp10,double7s_signal_D_maPeriod_200_shortPeriod_10,NQ,-0.0016663875344056186,0.31382555529775996,0
2016-11-07,double7s__ma200__sp10,double7s_signal_D_maPeriod_200_shortPeriod_10,NQ,0.009238639438597917,0.3230641947363579,0
2016-11-08,double7s__ma200__sp10,double7s_signal_D_maPeriod_200_shortPeriod_10,NQ,0.0013759941567182848,0.3244401888930762,0
2016-11-09,double7s__ma200__sp10,double7s_signal_D_maPeriod_200_shortPeriod_10,NQ,0.0017259388265329757,0.3261661277196092,0
2016-11-10,double7s__ma200__sp10,double7s_signal_D_maPeriod_200_shortPeriod_10,NQ,-0.010274669470010099,0.3158914582495991,0
2016-11-11,double7s__ma200__sp10,double7s_signal_D_maPeriod_200_shortPeriod_10,NQ,0.0005023147363956031,0.3163937729859947,0
2016-11-14,double7s__ma200__sp10,double7s_signal_D_maPeriod_200_shortPeriod_10,NQ,-0.008208351180993615,0.3081854218050011,0
2016-11-15,double7s__ma200__sp10,double7s_signal_D_maPeriod_200_shortPeriod_10,NQ,0.007726613575832752,0.31591203538083384,0
2016-11-16,double7s__ma200__sp10,double7s_signal_D_maPeriod_200_shortPeriod_10,NQ,0.0015202237307320244,0.31743225911156586,0
2016-11-17,double7s__ma200__sp10,double7s_signal_D_maPeriod_200_shortPeriod_10,NQ,0.00652802806956433,0.3239602871811302,0
2016-11-18,double7s__ma200__sp10,double7s_signal_D_maPeriod_200_shortPeriod_10,NQ,0.0,0.3239602871811302,0
2016-11-21,double7s__ma200__sp10,double7s_signal_D_maPeriod_200_shortPeriod_10,NQ,0.0,0.3239602871811302,0
2016-11-22,double7s__ma200__sp10,double7s_signal_D_maPeriod_200_shortPeriod_10,NQ,0.0,0.3239602871811302,0
2016-11-23,double7s__ma200__sp10,double7s_signal_D_maPeriod_200_shortPeriod_10,NQ,0.0,0.3239602871811302,0
2016-11-25,double7s__ma200__sp10,double7s_signal_D_maPeriod_200_shortPeriod_10,NQ,0.0,0.3239602871811302,0
2016-11-28,double7s__ma200__sp10,double7s_signal_D_maPeriod_200_shortPeriod_10,NQ,0.0,0.3239602871811302,0
2016-11-29,double7s__ma200__sp10,double7s_signal_D_maPeriod_200_shortPeriod_10,NQ,0.0,0.3239602871811302,0
2016-11-30,double7s__ma200__sp10,double7s_signal_D_maPeriod_200_shortPeriod_10,NQ,0.0,0.3239602871811302,0
2016-12-01,double7s__ma200__sp10,double7s_signal_D_maPeriod_200_shortPeriod_10,NQ,0.0,0.3239602871811302,0
2016-12-02,double7s__ma200__sp10,double7s_signal_D_maPeriod_200_shortPeriod_10,NQ,0.00023169440948113794,0.3241919815906113,0
2016-12-05,double7s__ma200__sp10,double7s_signal_D_maPeriod_200_shortPeriod_10,NQ,0.00860117176988296,0.33279315336049425,0
2016-12-06,double7s__ma200__sp10,double7s_signal_D_maPeriod_200_shortPeriod_10,NQ,0.0007467531752392302,0.3335399065357335,0
2016-12-07,double7s__ma200__sp10,double7s_signal_D_maPeriod_200_shortPeriod_10,NQ,0.007352017623748804,0.34089192415948233,0
2016-12-08,double7s__ma200__sp10,double7s_signal_D_maPeriod_200_shortPeriod_10,NQ,0.0019002913391417972,0.34279221549862415,0
2016-12-09,double7s__ma200__sp10,double7s_signal_D_maPeriod_200_shortPeriod_10,NQ,0.004473677723580769,0.3472658932222049,0
2016-12-12,double7s__ma200__sp10,double7s_signal_D_maPeriod_200_shortPeriod_10,NQ,0.0,0.3472658932222049,0
2016-12-13,double7s__ma200__sp10,double7s_signal_D_maPeriod_200_shortPeriod_10,NQ,0.0,0.3472658932222049,0
2016-12-14,double7s__ma200__sp10,double7s_signal_D_maPeriod_200_shortPeriod_10,NQ,0.0,0.3472658932222049,0
2016-12-15,double7s__ma200__sp10,double7s_signal_D_maPeriod_200_shortPeriod_10,NQ,0.0,0.3472658932222049,0
2016-12-16,double7s__ma200__sp10,double7s_signal_D_maPeriod_200_shortPeriod_10,NQ,0.0,0.3472658932222049,0
2016-12-19,double7s__ma200__sp10,double7s_signal_D_maPeriod_200_shortPeriod_10,NQ,0.0,0.3472658932222049,0
2016-12-20,double7s__ma200__sp10,double7s_signal_D_maPeriod_200_shortPeriod_10,NQ,0.0,0.3472658932222049,0
2016-12-21,double7s__ma200__sp10,double7s_signal_D_maPeriod_200_shortPeriod_10,NQ,0.0,0.3472658932222049,0
2016-12-22,double7s__ma200__sp10,double7s_signal_D_maPeriod_200_shortPeriod_10,NQ,0.0,0.3472658932222049,0
2016-12-23,double7s__ma200__sp10,double7s_signal_D_maPeriod_200_shortPeriod_10,NQ,0.0,0.3472658932222049,0
2016-12-27,double7s__ma200__sp10,double7s_signal_D_maPeriod_200_shortPeriod_10,NQ,0.0,0.3472658932222049,0
2016-12-28,double7s__ma200__sp10,double7s_signal_D_maPeriod_200_shortPeriod_10,NQ,0.0,0.3472658932222049,0
2016-12-29,double7s__ma200__sp10,double7s_signal_D_maPeriod_200_shortPeriod_10,NQ,0.0,0.3472658932222049,0
2016-12-30,double7s__ma200__sp10,double7s_signal_D_maPeriod_200_shortPeriod_10,NQ,0.0,0.3472658932222049,0
2017-01-03,double7s__ma200__sp10,double7s_signal_D_maPeriod_200_shortPeriod_10,NQ,0.0030586023498355495,0.3503244955720405,0
2017-01-04,double7s__ma200__sp10,double7s_signal_D_maPeriod_200_shortPeriod_10,NQ,0.0032322369392977293,0.35355673251133823,0
2017-01-05,double7s__ma200__sp10,double7s_signal_D_maPeriod_200_shortPeriod_10,NQ,0.003718603148805122,0.35727533566014336,0
2017-01-06,double7s__ma200__sp10,double7s_signal_D_maPeriod_200_shortPeriod_10,NQ,0.0,0.35727533566014336,0
2017-01-09,double7s__ma200__sp10,double7s_signal_D_maPeriod_200_shortPeriod_10,NQ,0.0,0.35727533566014336,0
2017-01-10,double7s__ma200__sp10,double7s_signal_D_maPeriod_200_shortPeriod_10,NQ,0.0,0.35727533566014336,0
2017-01-11,double7s__ma200__sp10,double7s_signal_D_maPeriod_200_shortPeriod_10,NQ,0.0,0.35727533566014336,0
2017-01-12,double7s__ma200__sp10,double7s_signal_D_maPeriod_200_shortPeriod_10,NQ,0.0,0.35727533566014336,0
2017-01-13,double7s__ma200__sp10,double7s_signal_D_maPeriod_200_shortPeriod_10,NQ,0.0,0.35727533566014336,0
2017-01-17,double7s__ma200__sp10,double7s_signal_D_maPeriod_200_shortPeriod_10,NQ,0.0,0.35727533566014336,0
2017-01-18,double7s__ma200__sp10,double7s_signal_D_maPeriod_200_shortPeriod_10,NQ,0.0,0.35727533566014336,0
2017-01-19,double7s__ma200__sp10,double7s_signal_D_maPeriod_200_shortPeriod_10,NQ,0.0,0.35727533566014336,0
2017-01-20,double7s__ma200__sp10,double7s_signal_D_maPeriod_200_shortPeriod_10,NQ,0.0,0.35727533566014336,0
2017-01-23,double7s__ma200__sp10,double7s_signal_D_maPeriod_200_shortPeriod_10,NQ,0.0,0.35727533566014336,0
2017-01-24,double7s__ma200__sp10,double7s_signal_D_maPeriod_200_shortPeriod_10,NQ,0.0,0.35727533566014336,0
2017-01-25,double7s__ma200__sp10,double7s_signal_D_maPeriod_200_shortPeriod_10,NQ,0.0,0.35727533566014336,0
2017-01-26,double7s__ma200__sp10,double7s_signal_D_maPeriod_200_shortPeriod_10,NQ,0.0,0.35727533566014336,0
2017-01-27,double7s__ma200__sp10,double7s_signal_D_maPeriod_200_shortPeriod_10,NQ,0.0,0.35727533566014336,0
2017-01-30,double7s__ma200__sp10,double7s_signal_D_maPeriod_200_shortPeriod_10,NQ,0.0,0.35727533566014336,0
2017-01-31,double7s__ma200__sp10,double7s_signal_D_maPeriod_200_shortPeriod_10,NQ,0.0,0.35727533566014336,0
2017-02-01,double7s__ma200__sp10,double7s_signal_D_maPeriod_200_shortPeriod_10,NQ,0.0,0.35727533566014336,0
2017-02-02,double7s__ma200__sp10,double7s_signal_D_maPeriod_200_shortPeriod_10,NQ,0.0,0.35727533566014336,0
2017-02-03,double7s__ma200__sp10,double7s_signal_D_maPeriod_200_shortPeriod_10,NQ,0.0,0.35727533566014336,0
2017-02-06,double7s__ma200__sp10,double7s_signal_D_maPeriod_200_shortPeriod_10,NQ,0.0,0.35727533566014336,0
2017-02-07,double7s__ma200__sp10,double7s_signal_D_maPeriod_200_shortPeriod_10,NQ,0.0,0.35727533566014336,0
2017-02-08,double7s__ma200__sp10,double7s_signal_D_maPeriod_200_shortPeriod_10,NQ,0.0,0.35727533566014336,0
2017-02-09,double7s__ma200__sp10,double7s_signal_D_maPeriod_200_shortPeriod_10,NQ,0.0,0.35727533566014336,0
2017-02-10,double7s__ma200__sp10,double7s_signal_D_maPeriod_200_shortPeriod_10,NQ,0.0,0.35727533566014336,0
2017-02-13,double7s__ma200__sp10,double7s_signal_D_maPeriod_200_shortPeriod_10,NQ,0.0,0.35727533566014336,0
2017-02-14,double7s__ma200__sp10,double7s_signal_D_maPeriod_200_shortPeriod_10,NQ,0.0,0.35727533566014336,0
2017-02-15,double7s__ma200__sp10,double7s_signal_D_maPeriod_200_shortPeriod_10,NQ,0.0,0.35727533566014336,0
2017-02-16,double7s__ma200__sp10,double7s_signal_D_maPeriod_200_shortPeriod_10,NQ,0.0,0.35727533566014336,0
2017-02-17,double7s__ma200__sp10,double7s_signal_D_maPeriod_200_shortPeriod_10,NQ,0.0,0.35727533566014336,0
2017-02-21,double7s__ma200__sp10,double7s_signal_D_maPeriod_200_shortPeriod_10,NQ,0.0,0.35727533566014336,0
2017-02-22,double7s__ma200__sp10,double7s_signal_D_maPeriod_200_shortPeriod_10,NQ,0.0,0.35727533566014336,0
2017-02-23,double7s__ma200__sp10,double7s_signal_D_maPeriod_200_shortPeriod_10,NQ,0.0,0.35727533566014336,0
2017-02-24,double7s__ma200__sp10,double7s_signal_D_maPeriod_200_shortPeriod_10,NQ,0.0,0.35727533566014336,0
2017-02-27,double7s__ma200__sp10,double7s_signal_D_maPeriod_200_shortPeriod_10,NQ,0.0,0.35727533566014336,0
2017-02-28,double7s__ma200__sp10,double7s_signal_D_maPeriod_200_shortPeriod_10,NQ,0.0,0.35727533566014336,0
2017-03-01,double7s__ma200__sp10,double7s_signal_D_maPeriod_200_shortPeriod_10,NQ,0.0,0.35727533566014336,0
2017-03-02,double7s__ma200__sp10,double7s_signal_D_maPeriod_200_shortPeriod_10,NQ,0.0,0.35727533566014336,0
2017-03-03,double7s__ma200__sp10,double7s_signal_D_maPeriod_200_shortPeriod_10,NQ,0.0,0.35727533566014336,0
2017-03-06,double7s__ma200__sp10,double7s_signal_D_maPeriod_200_shortPeriod_10,NQ,0.0,0.35727533566014336,0
2017-03-07,double7s__ma200__sp10,double7s_signal_D_maPeriod_200_shortPeriod_10,NQ,0.0,0.35727533566014336,0
2017-03-08,double7s__ma200__sp10,double7s_signal_D_maPeriod_200_shortPeriod_10,NQ,0.0,0.35727533566014336,0
2017-03-09,double7s__ma200__sp10,double7s_signal_D_maPeriod_200_shortPeriod_10,NQ,0.0,0.35727533566014336,0
2017-03-10,double7s__ma200__sp10,double7s_signal_D_maPeriod_200_shortPeriod_10,NQ,0.0,0.35727533566014336,0
2017-03-13,double7s__ma200__sp10,double7s_signal_D_maPeriod_200_shortPeriod_10,NQ,0.0,0.35727533566014336,0
2017-03-14,double7s__ma200__sp10,double7s_signal_D_maPeriod_200_shortPeriod_10,NQ,0.0,0.35727533566014336,0
2017-03-15,double7s__ma200__sp10,double7s_signal_D_maPeriod_200_shortPeriod_10,NQ,0.0,0.35727533566014336,0
2017-03-16,double7s__ma200__sp10,double7s_signal_D_maPeriod_200_shortPeriod_10,NQ,0.0,0.35727533566014336,0
2017-03-17,double7s__ma200__sp10,double7s_signal_D_maPeriod_200_shortPeriod_10,NQ,0.0,0.35727533566014336,0
2017-03-20,double7s__ma200__sp10,double7s_signal_D_maPeriod_200_shortPeriod_10,NQ,0.0,0.35727533566014336,0
2017-03-21,double7s__ma200__sp10,double7s_signal_D_maPeriod_200_shortPeriod_10,NQ,0.0,0.35727533566014336,0
2017-03-22,double7s__ma200__sp10,double7s_signal_D_maPeriod_200_shortPeriod_10,NQ,0.002406925652286034,0.35968226131242936,0
2017-03-23,double7s__ma200__sp10,double7s_signal_D_maPeriod_200_shortPeriod_10,NQ,-0.0014294676093752623,0.3582527937030541,0
2017-03-24,double7s__ma200__sp10,double7s_signal_D_maPeriod_200_shortPeriod_10,NQ,0.002823858273161568,0.36107665197621563,0
2017-03-27,double7s__ma200__sp10,double7s_signal_D_maPeriod_200_shortPeriod_10,NQ,0.002466352023951677,0.3635430040001673,0
2017-03-28,double7s__ma200__sp10,double7s_signal_D_maPeriod_200_shortPeriod_10,NQ,0.0029124632510223823,0.3664554672511897,0
2017-03-29,double7s__ma200__sp10,double7s_signal_D_maPeriod_200_shortPeriod_10,NQ,0.0034833378833168606,0.36993880513450655,0
2017-03-30,double7s__ma200__sp10,double7s_signal_D_maPeriod_200_shortPeriod_10,NQ,0.0,0.36993880513450655,0
2017-03-31,double7s__ma200__sp10,double7s_signal_D_maPeriod_200_shortPeriod_10,NQ,0.0,0.36993880513450655,0
2017-04-03,double7s__ma200__sp10,double7s_signal_D_maPeriod_200_shortPeriod_10,NQ,0.0,0.36993880513450655,0
2017-04-04,double7s__ma200__sp10,double7s_signal_D_maPeriod_200_shortPeriod_10,NQ,0.0,0.36993880513450655,0
2017-04-05,double7s__ma200__sp10,double7s_signal_D_maPeriod_200_shortPeriod_10,NQ,0.0,0.36993880513450655,0
2017-04-06,double7s__ma200__sp10,double7s_signal_D_maPeriod_200_shortPeriod_10,NQ,0.0,0.36993880513450655,0
2017-04-07,double7s__ma200__sp10,double7s_signal_D_maPeriod_200_shortPeriod_10,NQ,0.0,0.36993880513450655,0
2017-04-10,double7s__ma200__sp10,double7s_signal_D_maPeriod_200_shortPeriod_10,NQ,0.0,0.36993880513450655,0
2017-04-11,double7s__ma200__sp10,double7s_signal_D_maPeriod_200_shortPeriod_10,NQ,0.0,0.36993880513450655,0
2017-04-12,double7s__ma200__sp10,double7s_signal_D_maPeriod_200_shortPeriod_10,NQ,-0.003885991156901338,0.3660528139776052,0
2017-04-13,double7s__ma200__sp10,double7s_signal_D_maPeriod_200_shortPeriod_10,NQ,-0.0012989108126335146,0.3647539031649717,0
2017-04-17,double7s__ma200__sp10,double7s_signal_D_maPeriod_200_shortPeriod_10,NQ,0.0055139621448305485,0.37026786530980227,0
2017-04-18,double7s__ma200__sp10,double7s_signal_D_maPeriod_200_shortPeriod_10,NQ,-0.0010679491307008715,0.3691999161791014,0
2017-04-19,double7s__ma200__sp10,double7s_signal_D_maPeriod_200_shortPeriod_10,NQ,0.0010355419755449296,0.37023545815464637,0
2017-04-20,double7s__ma200__sp10,double7s_signal_D_maPeriod_200_shortPeriod_10,NQ,0.005774737186883468,0.37601019534152985,0
2017-04-21,double7s__ma200__sp10,double7s_signal_D_maPeriod_200_shortPeriod_10,NQ,0.0,0.37601019534152985,0
2017-04-24,double7s__ma200__sp10,double7s_signal_D_maPeriod_200_shortPeriod_10,NQ,0.0,0.37601019534152985,0
2017-04-25,double7s__ma200__sp10,double7s_signal_D_maPeriod_200_shortPeriod_10,NQ,0.0,0.37601019534152985,0
2017-04-26,double7s__ma200__sp10,double7s_signal_D_maPeriod_200_shortPeriod_10,NQ,0.0,0.37601019534152985,0
2017-04-27,double7s__ma200__sp10,double7s_signal_D_maPeriod_200_shortPeriod_10,NQ,0.0,0.37601019534152985,0
2017-04-28,double7s__ma200__sp10,double7s_signal_D_maPeriod_200_shortPeriod_10,NQ,0.0,0.37601019534152985,0
2017-05-01,double7s__ma200__sp10,double7s_signal_D_maPeriod_200_shortPeriod_10,NQ,0.0,0.37601019534152985,0
2017-05-02,double7s__ma200__sp10,double7s_signal_D_maPeriod_200_shortPeriod_10,NQ,0.0,0.37601019534152985,0
2017-05-03,double7s__ma200__sp10,double7s_signal_D_maPeriod_200_shortPeriod_10,NQ,0.0,0.37601019534152985,0
2017-05-04,double7s__ma200__sp10,double7s_signal_D_maPeriod_200_shortPeriod_10,NQ,0.0,0.37601019534152985,0
2017-05-05,double7s__ma200__sp10,double7s_signal_D_maPeriod_200_shortPeriod_10,NQ,0.0,0.37601019534152985,0
2017-05-08,double7s__ma200__sp10,double7s_signal_D_maPeriod_200_shortPeriod_10,NQ,0.0,0.37601019534152985,0
2017-05-09,double7s__ma200__sp10,double7s_signal_D_maPeriod_200_shortPeriod_10,NQ,0.0,0.37601019534152985,0
2017-05-10,double7s__ma200__sp10,double7s_signal_D_maPeriod_200_shortPeriod_10,NQ,0.0,0.37601019534152985,0
2017-05-11,double7s__ma200__sp10,double7s_signal_D_maPeriod_200_shortPeriod_10,NQ,0.0,0.37601019534152985,0
2017-05-12,double7s__ma200__sp10,double7s_signal_D_maPeriod_200_shortPeriod_10,NQ,0.0,0.37601019534152985,0
2017-05-15,double7s__ma200__sp10,double7s_signal_D_maPeriod_200_shortPeriod_10,NQ,0.0,0.37601019534152985,0
2017-05-16,double7s__ma200__sp10,double7s_signal_D_maPeriod_200_shortPeriod_10,NQ,0.0,0.37601019534152985,0
2017-05-17,double7s__ma200__sp10,double7s_signal_D_maPeriod_200_shortPeriod_10,NQ,0.0,0.37601019534152985,0
2017-05-18,double7s__ma200__sp10,double7s_signal_D_maPeriod_200_shortPeriod_10,NQ,0.002549352294595993,0.37855954763612587,0
2017-05-19,double7s__ma200__sp10,double7s_signal_D_maPeriod_200_shortPeriod_10,NQ,0.0019795350961839776,0.38053908273230985,0
2017-05-22,double7s__ma200__sp10,double7s_signal_D_maPeriod_200_shortPeriod_10,NQ,0.00617197607129307,0.3867110588036029,0
2017-05-23,double7s__ma200__sp10,double7s_signal_D_maPeriod_200_shortPeriod_10,NQ,0.0010838643582356628,0.38779492316183856,0
2017-05-24,double7s__ma200__sp10,double7s_signal_D_maPeriod_200_shortPeriod_10,NQ,0.00271258787847401,0.39050751104031256,0
2017-05-25,double7s__ma200__sp10,double7s_signal_D_maPeriod_200_shortPeriod_10,NQ,0.0,0.39050751104031256,0
2017-05-26,double7s__ma200__sp10,double7s_signal_D_maPeriod_200_shortPeriod_10,NQ,0.0,0.39050751104031256,0
2017-05-30,double7s__ma200__sp10,double7s_signal_D_maPeriod_200_shortPeriod_10,NQ,0.0,0.39050751104031256,0
2017-05-31,double7s__ma200__sp10,double7s_signal_D_maPeriod_200_shortPeriod_10,NQ,0.0,0.39050751104031256,0
2017-06-01,double7s__ma200__sp10,double7s_signal_D_maPeriod_200_shortPeriod_10,NQ,0.0,0.39050751104031256,0
2017-06-02,double7s__ma200__sp10,double7s_signal_D_maPeriod_200_shortPeriod_10,NQ,0.0,0.39050751104031256,0
2017-06-05,double7s__ma200__sp10,double7s_signal_D_maPeriod_200_shortPeriod_10,NQ,0.0,0.39050751104031256,0
2017-06-06,double7s__ma200__sp10,double7s_signal_D_maPeriod_200_shortPeriod_10,NQ,0.0,0.39050751104031256,0
2017-06-07,double7s__ma200__sp10,double7s_signal_D_maPeriod_200_shortPeriod_10,NQ,0.0,0.39050751104031256,0
2017-06-08,double7s__ma200__sp10,double7s_signal_D_maPeriod_200_shortPeriod_10,NQ,0.0,0.39050751104031256,0
2017-06-09,double7s__ma200__sp10,double7s_signal_D_maPeriod_200_shortPeriod_10,NQ,0.0,0.39050751104031256,0
2017-06-12,double7s__ma200__sp10,double7s_signal_D_maPeriod_200_shortPeriod_10,NQ,-0.001378681110811431,0.38912882992950115,0
2017-06-13,double7s__ma200__sp10,double7s_signal_D_maPeriod_200_shortPeriod_10,NQ,0.004318989129438065,0.3934478190589392,0
2017-06-14,double7s__ma200__sp10,double7s_signal_D_maPeriod_200_shortPeriod_10,NQ,-0.0032674473558587705,0.39018037170308045,0
2017-06-15,double7s__ma200__sp10,double7s_signal_D_maPeriod_200_shortPeriod_10,NQ,-0.0025277024904911457,0.3876526692125893,0
2017-06-16,double7s__ma200__sp10,double7s_signal_D_maPeriod_200_shortPeriod_10,NQ,-0.003128628046321458,0.3845240411662678,0
2017-06-19,double7s__ma200__sp10,double7s_signal_D_maPeriod_200_shortPeriod_10,NQ,0.008945465748719506,0.39346950691498733,0
2017-06-20,double7s__ma200__sp10,double7s_signal_D_maPeriod_200_shortPeriod_10,NQ,-0.0025119053687977636,0.3909576015461896,0
2017-06-21,double7s__ma200__sp10,double7s_signal_D_maPeriod_200_shortPeriod_10,NQ,0.008416661758303379,0.39937426330449294,0
2017-06-22,double7s__ma200__sp10,double7s_signal_D_maPeriod_200_shortPeriod_10,NQ,-0.0006713727465036552,0.3987028905579893,0
2017-06-23,double7s__ma200__sp10,double7s_signal_D_maPeriod_200_shortPeriod_10,NQ,0.0033096273798892393,0.4020125179378785,0
2017-06-26,double7s__ma200__sp10,double7s_signal_D_maPeriod_200_shortPeriod_10,NQ,0.0,0.4020125179378785,0
2017-06-27,double7s__ma200__sp10,double7s_signal_D_maPeriod_200_shortPeriod_10,NQ,0.0,0.4020125179378785,0
2017-06-28,double7s__ma200__sp10,double7s_signal_D_maPeriod_200_shortPeriod_10,NQ,0.00558893473473295,0.40760145267261144,0
2017-06-29,double7s__ma200__sp10,double7s_signal_D_maPeriod_200_shortPeriod_10,NQ,-0.007779919693643106,0.39982153297896833,0
2017-06-30,double7s__ma200__sp10,double7s_signal_D_maPeriod_200_shortPeriod_10,NQ,0.0002596186855078829,0.4000811516644762,0
2017-07-03,double7s__ma200__sp10,double7s_signal_D_maPeriod_200_shortPeriod_10,NQ,-0.008674673311247272,0.39140647835322895,0
2017-07-05,double7s__ma200__sp10,double7s_signal_D_maPeriod_200_shortPeriod_10,NQ,0.005430865524210933,0.3968373438774399,0
2017-07-06,double7s__ma200__sp10,double7s_signal_D_maPeriod_200_shortPeriod_10,NQ,-0.004824012301434033,0.3920133315760059,0
2017-07-07,double7s__ma200__sp10,double7s_signal_D_maPeriod_200_shortPeriod_10,NQ,0.005609141749473411,0.3976224733254793,0
2017-07-10,double7s__ma200__sp10,double7s_signal_D_maPeriod_200_shortPeriod_10,NQ,0.0028860222222751152,0.4005084955477544,0
2017-07-11,double7s__ma200__sp10,double7s_signal_D_maPeriod_200_shortPeriod_10,NQ,0.003420697788464209,0.40392919333621863,0
2017-07-12,double7s__ma200__sp10,double7s_signal_D_maPeriod_200_shortPeriod_10,NQ,0.008239028645781452,0.4121682219820001,0
2017-07-13,double7s__ma200__sp10,double7s_signal_D_maPeriod_200_shortPeriod_10,NQ,0.0,0.4121682219820001,0
2017-07-14,double7s__ma200__sp10,double7s_signal_D_maPeriod_200_shortPeriod_10,NQ,0.0,0.4121682219820001,0
2017-07-17,double7s__ma200__sp10,double7s_signal_D_maPeriod_200_shortPeriod_10,NQ,0.0,0.4121682219820001,0
2017-07-18,double7s__ma200__sp10,double7s_signal_D_maPeriod_200_shortPeriod_10,NQ,0.0,0.4121682219820001,0
2017-07-19,double7s__ma200__sp10,double7s_signal_D_maPeriod_200_shortPeriod_10,NQ,0.0,0.4121682219820001,0
2017-07-20,double7s__ma200__sp10,double7s_signal_D_maPeriod_200_shortPeriod_10,NQ,0.0,0.4121682219820001,0
2017-07-21,double7s__ma200__sp10,double7s_signal_D_maPeriod_200_shortPeriod_10,NQ,0.0,0.4121682219820001,0
2017-07-24,double7s__ma200__sp10,double7s_signal_D_maPeriod_200_shortPeriod_10,NQ,0.0,0.4121682219820001,0
2017-07-25,double7s__ma200__sp10,double7s_signal_D_maPeriod_200_shortPeriod_10,NQ,0.0,0.4121682219820001,0
2017-07-26,double7s__ma200__sp10,double7s_signal_D_maPeriod_200_shortPeriod_10,NQ,0.0,0.4121682219820001,0
2017-07-27,double7s__ma200__sp10,double7s_signal_D_maPeriod_200_shortPeriod_10,NQ,0.0,0.4121682219820001,0
2017-07-28,double7s__ma200__sp10,double7s_signal_D_maPeriod_200_shortPeriod_10,NQ,0.0,0.4121682219820001,0
2017-07-31,double7s__ma200__sp10,double7s_signal_D_maPeriod_200_shortPeriod_10,NQ,0.0,0.4121682219820001,0
2017-08-01,double7s__ma200__sp10,double7s_signal_D_maPeriod_200_shortPeriod_10,NQ,0.0,0.4121682219820001,0
2017-08-02,double7s__ma200__sp10,double7s_signal_D_maPeriod_200_shortPeriod_10,NQ,0.0,0.4121682219820001,0
2017-08-03,double7s__ma200__sp10,double7s_signal_D_maPeriod_200_shortPeriod_10,NQ,0.0,0.4121682219820001,0
2017-08-04,double7s__ma200__sp10,double7s_signal_D_maPeriod_200_shortPeriod_10,NQ,0.0,0.4121682219820001,0
2017-08-07,double7s__ma200__sp10,double7s_signal_D_maPeriod_200_shortPeriod_10,NQ,0.0,0.4121682219820001,0
2017-08-08,double7s__ma200__sp10,double7s_signal_D_maPeriod_200_shortPeriod_10,NQ,0.0,0.4121682219820001,0
2017-08-09,double7s__ma200__sp10,double7s_signal_D_maPeriod_200_shortPeriod_10,NQ,0.0,0.4121682219820001,0
2017-08-10,double7s__ma200__sp10,double7s_signal_D_maPeriod_200_shortPeriod_10,NQ,0.0,0.4121682219820001,0
2017-08-11,double7s__ma200__sp10,double7s_signal_D_maPeriod_200_shortPeriod_10,NQ,0.0034645258016146904,0.4156327477836148,0
2017-08-14,double7s__ma200__sp10,double7s_signal_D_maPeriod_200_shortPeriod_10,NQ,0.006919616170088933,0.42255236395370377,0
2017-08-15,double7s__ma200__sp10,double7s_signal_D_maPeriod_200_shortPeriod_10,NQ,-0.00012062058173861584,0.42243174337196515,0
2017-08-16,double7s__ma200__sp10,double7s_signal_D_maPeriod_200_shortPeriod_10,NQ,0.0010072657121970303,0.42343900908416215,0
2017-08-17,double7s__ma200__sp10,double7s_signal_D_maPeriod_200_shortPeriod_10,NQ,-0.014716242948091941,0.4087227661360702,0
2017-08-18,double7s__ma200__sp10,double7s_signal_D_maPeriod_200_shortPeriod_10,NQ,0.0004801974087497651,0.40920296354482,0
2017-08-21,double7s__ma200__sp10,double7s_signal_D_maPeriod_200_shortPeriod_10,NQ,-0.0013608731187351624,0.4078420904260848,0
2017-08-22,double7s__ma200__sp10,double7s_signal_D_maPeriod_200_shortPeriod_10,NQ,0.010256898034440942,0.4180989884605258,0
2017-08-23,double7s__ma200__sp10,double7s_signal_D_maPeriod_200_shortPeriod_10,NQ,-0.002178805403994406,0.4159201830565314,0
2017-08-24,double7s__ma200__sp10,double7s_signal_D_maPeriod_200_shortPeriod_10,NQ,-0.000646380751823481,0.4152738023047079,0
2017-08-25,double7s__ma200__sp10,double7s_signal_D_maPeriod_200_shortPeriod_10,NQ,-0.0024953868456661287,0.41277841545904176,0
2017-08-28,double7s__ma200__sp10,double7s_signal_D_maPeriod_200_shortPeriod_10,NQ,0.003081703750503935,0.4158601192095457,0
2017-08-29,double7s__ma200__sp10,double7s_signal_D_maPeriod_200_shortPeriod_10,NQ,0.006124059673391364,0.42198417888293704,0
2017-08-30,double7s__ma200__sp10,double7s_signal_D_maPeriod_200_shortPeriod_10,NQ,0.007981437691864867,0.4299656165748019,0
2017-08-31,double7s__ma200__sp10,double7s_signal_D_maPeriod_200_shortPeriod_10,NQ,0.0,0.4299656165748019,0
2017-09-01,double7s__ma200__sp10,double7s_signal_D_maPeriod_200_shortPeriod_10,NQ,0.0,0.4299656165748019,0
2017-09-05,double7s__ma200__sp10,double7s_signal_D_maPeriod_200_shortPeriod_10,NQ,0.0,0.4299656165748019,0
2017-09-06,double7s__ma200__sp10,double7s_signal_D_maPeriod_200_shortPeriod_10,NQ,0.0,0.4299656165748019,0
2017-09-07,double7s__ma200__sp10,double7s_signal_D_maPeriod_200_shortPeriod_10,NQ,0.0,0.4299656165748019,0
2017-09-08,double7s__ma200__sp10,double7s_signal_D_maPeriod_200_shortPeriod_10,NQ,0.0,0.4299656165748019,0
2017-09-11,double7s__ma200__sp10,double7s_signal_D_maPeriod_200_shortPeriod_10,NQ,0.0,0.4299656165748019,0
2017-09-12,double7s__ma200__sp10,double7s_signal_D_maPeriod_200_shortPeriod_10,NQ,0.0,0.4299656165748019,0
2017-09-13,double7s__ma200__sp10,double7s_signal_D_maPeriod_200_shortPeriod_10,NQ,0.0,0.4299656165748019,0
2017-09-14,double7s__ma200__sp10,double7s_signal_D_maPeriod_200_shortPeriod_10,NQ,0.0,0.4299656165748019,0
2017-09-15,double7s__ma200__sp10,double7s_signal_D_maPeriod_200_shortPeriod_10,NQ,0.0,0.4299656165748019,0
2017-09-18,double7s__ma200__sp10,double7s_signal_D_maPeriod_200_shortPeriod_10,NQ,0.0,0.4299656165748019,0
2017-09-19,double7s__ma200__sp10,double7s_signal_D_maPeriod_200_shortPeriod_10,NQ,0.0,0.4299656165748019,0
2017-09-20,double7s__ma200__sp10,double7s_signal_D_maPeriod_200_shortPeriod_10,NQ,0.0,0.4299656165748019,0
2017-09-21,double7s__ma200__sp10,double7s_signal_D_maPeriod_200_shortPeriod_10,NQ,0.0,0.4299656165748019,0
2017-09-22,double7s__ma200__sp10,double7s_signal_D_maPeriod_200_shortPeriod_10,NQ,0.0,0.4299656165748019,0
2017-09-25,double7s__ma200__sp10,double7s_signal_D_maPeriod_200_shortPeriod_10,NQ,0.0,0.4299656165748019,0
2017-09-26,double7s__ma200__sp10,double7s_signal_D_maPeriod_200_shortPeriod_10,NQ,0.0013008749673818387,0.43126649154218377,0
2017-09-27,double7s__ma200__sp10,double7s_signal_D_maPeriod_200_shortPeriod_10,NQ,0.006263098443439046,0.4375295899856228,0
2017-09-28,double7s__ma200__sp10,double7s_signal_D_maPeriod_200_shortPeriod_10,NQ,0.0002702457071707582,0.43779983569279357,0
2017-09-29,double7s__ma200__sp10,double7s_signal_D_maPeriod_200_shortPeriod_10,NQ,0.005259229142911039,0.4430590648357046,0
2017-10-02,double7s__ma200__sp10,double7s_signal_D_maPeriod_200_shortPeriod_10,NQ,-0.00040433669765348884,0.4426547281380511,0
2017-10-03,double7s__ma200__sp10,double7s_signal_D_maPeriod_200_shortPeriod_10,NQ,0.0015149080598352619,0.4441696361978864,0
2017-10-04,double7s__ma200__sp10,double7s_signal_D_maPeriod_200_shortPeriod_10,NQ,0.0,0.4441696361978864,0
2017-10-05,double7s__ma200__sp10,double7s_signal_D_maPeriod_200_shortPeriod_10,NQ,0.0,0.4441696361978864,0
2017-10-06,double7s__ma200__sp10,double7s_signal_D_maPeriod_200_shortPeriod_10,NQ,0.0,0.4441696361978864,0
2017-10-09,double7s__ma200__sp10,double7s_signal_D_maPeriod_200_shortPeriod_10,NQ,0.0,0.4441696361978864,0
2017-10-10,double7s__ma200__sp10,double7s_signal_D_maPeriod_200_shortPeriod_10,NQ,0.0,0.4441696361978864,0
2017-10-11,double7s__ma200__sp10,double7s_signal_D_maPeriod_200_shortPeriod_10,NQ,0.0,0.4441696361978864,0
2017-10-12,double7s__ma200__sp10,double7s_signal_D_maPeriod_200_shortPeriod_10,NQ,0.0,0.4441696361978864,0
2017-10-13,double7s__ma200__sp10,double7s_signal_D_maPeriod_200_shortPeriod_10,NQ,0.0,0.4441696361978864,0
2017-10-16,double7s__ma200__sp10,double7s_signal_D_maPeriod_200_shortPeriod_10,NQ,0.0,0.4441696361978864,0
2017-10-17,double7s__ma200__sp10,double7s_signal_D_maPeriod_200_shortPeriod_10,NQ,0.0,0.4441696361978864,0
2017-10-18,double7s__ma200__sp10,double7s_signal_D_maPeriod_200_shortPeriod_10,NQ,0.0,0.4441696361978864,0
2017-10-19,double7s__ma200__sp10,double7s_signal_D_maPeriod_200_shortPeriod_10,NQ,0.0,0.4441696361978864,0
2017-10-20,double7s__ma200__sp10,double7s_signal_D_maPeriod_200_shortPeriod_10,NQ,0.0,0.4441696361978864,0
2017-10-23,double7s__ma200__sp10,double7s_signal_D_maPeriod_200_shortPeriod_10,NQ,0.0,0.4441696361978864,0
2017-10-24,double7s__ma200__sp10,double7s_signal_D_maPeriod_200_shortPeriod_10,NQ,0.0,0.4441696361978864,0
2017-10-25,double7s__ma200__sp10,double7s_signal_D_maPeriod_200_shortPeriod_10,NQ,0.0,0.4441696361978864,0
2017-10-26,double7s__ma200__sp10,double7s_signal_D_maPeriod_200_shortPeriod_10,NQ,0.0023721362132088746,0.4465417724110953,0
2017-10-27,double7s__ma200__sp10,double7s_signal_D_maPeriod_200_shortPeriod_10,NQ,0.014679094710990399,0.46122086712208565,0
2017-10-30,double7s__ma200__sp10,double7s_signal_D_maPeriod_200_shortPeriod_10,NQ,0.0,0.46122086712208565,0
2017-10-31,double7s__ma200__sp10,double7s_signal_D_maPeriod_200_shortPeriod_10,NQ,0.0,0.46122086712208565,0
2017-11-01,double7s__ma200__sp10,double7s_signal_D_maPeriod_200_shortPeriod_10,NQ,0.0,0.46122086712208565,0
2017-11-02,double7s__ma200__sp10,double7s_signal_D_maPeriod_200_shortPeriod_10,NQ,0.0,0.46122086712208565,0
2017-11-03,double7s__ma200__sp10,double7s_signal_D_maPeriod_200_shortPeriod_10,NQ,0.0,0.46122086712208565,0
2017-11-06,double7s__ma200__sp10,double7s_signal_D_maPeriod_200_shortPeriod_10,NQ,0.0,0.46122086712208565,0
2017-11-07,double7s__ma200__sp10,double7s_signal_D_maPeriod_200_shortPeriod_10,NQ,0.0,0.46122086712208565,0
2017-11-08,double7s__ma200__sp10,double7s_signal_D_maPeriod_200_shortPeriod_10,NQ,0.0,0.46122086712208565,0
2017-11-09,double7s__ma200__sp10,double7s_signal_D_maPeriod_200_shortPeriod_10,NQ,0.0,0.46122086712208565,0
2017-11-10,double7s__ma200__sp10,double7s_signal_D_maPeriod_200_shortPeriod_10,NQ,0.0,0.46122086712208565,0
2017-11-13,double7s__ma200__sp10,double7s_signal_D_maPeriod_200_shortPeriod_10,NQ,0.0,0.46122086712208565,0
2017-11-14,double7s__ma200__sp10,double7s_signal_D_maPeriod_200_shortPeriod_10,NQ,0.0,0.46122086712208565,0
2017-11-15,double7s__ma200__sp10,double7s_signal_D_maPeriod_200_shortPeriod_10,NQ,0.0,0.46122086712208565,0
2017-11-16,double7s__ma200__sp10,double7s_signal_D_maPeriod_200_shortPeriod_10,NQ,0.0,0.46122086712208565,0
2017-11-17,double7s__ma200__sp10,double7s_signal_D_maPeriod_200_shortPeriod_10,NQ,0.0,0.46122086712208565,0
2017-11-20,double7s__ma200__sp10,double7s_signal_D_maPeriod_200_shortPeriod_10,NQ,0.0,0.46122086712208565,0
2017-11-21,double7s__ma200__sp10,double7s_signal_D_maPeriod_200_shortPeriod_10,NQ,0.0,0.46122086712208565,0
2017-11-22,double7s__ma200__sp10,double7s_signal_D_maPeriod_200_shortPeriod_10,NQ,0.0,0.46122086712208565,0
2017-11-24,double7s__ma200__sp10,double7s_signal_D_maPeriod_200_shortPeriod_10,NQ,0.0,0.46122086712208565,0
2017-11-27,double7s__ma200__sp10,double7s_signal_D_maPeriod_200_shortPeriod_10,NQ,0.0,0.46122086712208565,0
2017-11-28,double7s__ma200__sp10,double7s_signal_D_maPeriod_200_shortPeriod_10,NQ,0.0,0.46122086712208565,0
2017-11-29,double7s__ma200__sp10,double7s_signal_D_maPeriod_200_shortPeriod_10,NQ,0.0,0.46122086712208565,0
2017-11-30,double7s__ma200__sp10,double7s_signal_D_maPeriod_200_shortPeriod_10,NQ,0.0,0.46122086712208565,0
2017-12-01,double7s__ma200__sp10,double7s_signal_D_maPeriod_200_shortPeriod_10,NQ,0.0,0.46122086712208565,0
2017-12-04,double7s__ma200__sp10,double7s_signal_D_maPeriod_200_shortPeriod_10,NQ,0.0,0.46122086712208565,0
2017-12-05,double7s__ma200__sp10,double7s_signal_D_maPeriod_200_shortPeriod_10,NQ,0.0012044868292197222,0.46242535395130535,0
2017-12-06,double7s__ma200__sp10,double7s_signal_D_maPeriod_200_shortPeriod_10,NQ,0.002820020310315308,0.46524537426162066,0
2017-12-07,double7s__ma200__sp10,double7s_signal_D_maPeriod_200_shortPeriod_10,NQ,0.002928423205396186,0.4681737974670169,0
2017-12-08,double7s__ma200__sp10,double7s_signal_D_maPeriod_200_shortPeriod_10,NQ,0.0020746873301829283,0.47024848479719983,0
2017-12-11,double7s__ma200__sp10,double7s_signal_D_maPeriod_200_shortPeriod_10,NQ,0.00634417826578721,0.47659266306298703,0
2017-12-12,double7s__ma200__sp10,double7s_signal_D_maPeriod_200_shortPeriod_10,NQ,-0.0018983833685220599,0.474694279694465,0
2017-12-13,double7s__ma200__sp10,double7s_signal_D_maPeriod_200_shortPeriod_10,NQ,0.0015679724392780809,0.47626225213374307,0
2017-12-14,double7s__ma200__sp10,double7s_signal_D_maPeriod_200_shortPeriod_10,NQ,0.0,0.47626225213374307,0
2017-12-15,double7s__ma200__sp10,double7s_signal_D_maPeriod_200_shortPeriod_10,NQ,0.0,0.47626225213374307,0
2017-12-18,double7s__ma200__sp10,double7s_signal_D_maPeriod_200_shortPeriod_10,NQ,0.0,0.47626225213374307,0
2017-12-19,double7s__ma200__sp10,double7s_signal_D_maPeriod_200_shortPeriod_10,NQ,0.0,0.47626225213374307,0
2017-12-20,double7s__ma200__sp10,double7s_signal_D_maPeriod_200_shortPeriod_10,NQ,0.0,0.47626225213374307,0
2017-12-21,double7s__ma200__sp10,double7s_signal_D_maPeriod_200_shortPeriod_10,NQ,0.0,0.47626225213374307,0
2017-12-22,double7s__ma200__sp10,double7s_signal_D_maPeriod_200_shortPeriod_10,NQ,0.0,0.47626225213374307,0
2017-12-26,double7s__ma200__sp10,double7s_signal_D_maPeriod_200_shortPeriod_10,NQ,0.0,0.47626225213374307,0
2017-12-27,double7s__ma200__sp10,double7s_signal_D_maPeriod_200_shortPeriod_10,NQ,0.0,0.47626225213374307,0
2017-12-28,double7s__ma200__sp10,double7s_signal_D_maPeriod_200_shortPeriod_10,NQ,0.0,0.47626225213374307,0
2017-12-29,double7s__ma200__sp10,double7s_signal_D_maPeriod_200_shortPeriod_10,NQ,0.0,0.47626225213374307,0
2018-01-02,double7s__ma200__sp10,double7s_signal_D_maPeriod_200_shortPeriod_10,NQ,0.012680014806352877,0.48894226694009596,0
2018-01-03,double7s__ma200__sp10,double7s_signal_D_maPeriod_200_shortPeriod_10,NQ,0.004192030038931936,0.4931342969790279,0
2018-01-04,double7s__ma200__sp10,double7s_signal_D_maPeriod_200_shortPeriod_10,NQ,0.0,0.4931342969790279,0
2018-01-05,double7s__ma200__sp10,double7s_signal_D_maPeriod_200_shortPeriod_10,NQ,0.0,0.4931342969790279,0
2018-01-08,double7s__ma200__sp10,double7s_signal_D_maPeriod_200_shortPeriod_10,NQ,0.0,0.4931342969790279,0
2018-01-09,double7s__ma200__sp10,double7s_signal_D_maPeriod_200_shortPeriod_10,NQ,0.0,0.4931342969790279,0
2018-01-10,double7s__ma200__sp10,double7s_signal_D_maPeriod_200_shortPeriod_10,NQ,0.0,0.4931342969790279,0
2018-01-11,double7s__ma200__sp10,double7s_signal_D_maPeriod_200_shortPeriod_10,NQ,0.0,0.4931342969790279,0
2018-01-12,double7s__ma200__sp10,double7s_signal_D_maPeriod_200_shortPeriod_10,NQ,0.0,0.4931342969790279,0
2018-01-16,double7s__ma200__sp10,double7s_signal_D_maPeriod_200_shortPeriod_10,NQ,0.0,0.4931342969790279,0
2018-01-17,double7s__ma200__sp10,double7s_signal_D_maPeriod_200_shortPeriod_10,NQ,0.0,0.4931342969790279,0
2018-01-18,double7s__ma200__sp10,double7s_signal_D_maPeriod_200_shortPeriod_10,NQ,0.0,0.4931342969790279,0
2018-01-19,double7s__ma200__sp10,double7s_signal_D_maPeriod_200_shortPeriod_10,NQ,0.0,0.4931342969790279,0
2018-01-22,double7s__ma200__sp10,double7s_signal_D_maPeriod_200_shortPeriod_10,NQ,0.0,0.4931342969790279,0
2018-01-23,double7s__ma200__sp10,double7s_signal_D_maPeriod_200_shortPeriod_10,NQ,0.0,0.4931342969790279,0
2018-01-24,double7s__ma200__sp10,double7s_signal_D_maPeriod_200_shortPeriod_10,NQ,0.0,0.4931342969790279,0
2018-01-25,double7s__ma200__sp10,double7s_signal_D_maPeriod_200_shortPeriod_10,NQ,0.0,0.4931342969790279,0
2018-01-26,double7s__ma200__sp10,double7s_signal_D_maPeriod_200_shortPeriod_10,NQ,0.0,0.4931342969790279,0
2018-01-29,double7s__ma200__sp10,double7s_signal_D_maPeriod_200_shortPeriod_10,NQ,0.0,0.4931342969790279,0
2018-01-30,double7s__ma200__sp10,double7s_signal_D_maPeriod_200_shortPeriod_10,NQ,0.0,0.4931342969790279,0
2018-01-31,double7s__ma200__sp10,double7s_signal_D_maPeriod_200_shortPeriod_10,NQ,0.0,0.4931342969790279,0
2018-02-01,double7s__ma200__sp10,double7s_signal_D_maPeriod_200_shortPeriod_10,NQ,0.0,0.4931342969790279,0
2018-02-02,double7s__ma200__sp10,double7s_signal_D_maPeriod_200_shortPeriod_10,NQ,0.0,0.4931342969790279,0
2018-02-05,double7s__ma200__sp10,double7s_signal_D_maPeriod_200_shortPeriod_10,NQ,-0.015190953694133182,0.4779433432848947,0
2018-02-06,double7s__ma200__sp10,double7s_signal_D_maPeriod_200_shortPeriod_10,NQ,0.003969619484395214,0.4819129627692899,0
2018-02-07,double7s__ma200__sp10,double7s_signal_D_maPeriod_200_shortPeriod_10,NQ,-0.0024057776091994383,0.4795071851600905,0
2018-02-08,double7s__ma200__sp10,double7s_signal_D_maPeriod_200_shortPeriod_10,NQ,-0.012767767041401512,0.46673941811868896,0
2018-02-09,double7s__ma200__sp10,double7s_signal_D_maPeriod_200_shortPeriod_10,NQ,0.002643684169274671,0.46938310228796365,0
2018-02-12,double7s__ma200__sp10,double7s_signal_D_maPeriod_200_shortPeriod_10,NQ,0.0053082728838921385,0.4746913751718558,0
2018-02-13,double7s__ma200__sp10,double7s_signal_D_maPeriod_200_shortPeriod_10,NQ,0.0016684959271285127,0.4763598710989843,0
2018-02-14,double7s__ma200__sp10,double7s_signal_D_maPeriod_200_shortPeriod_10,NQ,0.014485747426058793,0.4908456185250431,0
2018-02-15,double7s__ma200__sp10,double7s_signal_D_maPeriod_200_shortPeriod_10,NQ,0.006819621126661865,0.49766523965170495,0
2018-02-16,double7s__ma200__sp10,double7s_signal_D_maPeriod_200_shortPeriod_10,NQ,-0.0014419787699154099,0.49622326088178953,0
2018-02-20,double7s__ma200__sp10,double7s_signal_D_maPeriod_200_shortPeriod_10,NQ,0.0008101884689097349,0.49703344935069926,0
2018-02-21,double7s__ma200__sp10,double7s_signal_D_maPeriod_200_shortPeriod_10,NQ,-0.003104955536724641,0.49392849381397463,0
2018-02-22,double7s__ma200__sp10,double7s_signal_D_maPeriod_200_shortPeriod_10,NQ,0.003609096062588173,0.4975375898765628,0
2018-02-23,double7s__ma200__sp10,double7s_signal_D_maPeriod_200_shortPeriod_10,NQ,0.013019068655373974,0.5105566585319368,0
2018-02-26,double7s__ma200__sp10,double7s_signal_D_maPeriod_200_shortPeriod_10,NQ,0.0,0.5105566585319368,0
2018-02-27,double7s__ma200__sp10,double7s_signal_D_maPeriod_200_shortPeriod_10,NQ,0.0,0.5105566585319368,0
2018-02-28,double7s__ma200__sp10,double7s_signal_D_maPeriod_200_shortPeriod_10,NQ,0.0,0.5105566585319368,0
2018-03-01,double7s__ma200__sp10,double7s_signal_D_maPeriod_200_shortPeriod_10,NQ,0.0,0.5105566585319368,0
2018-03-02,double7s__ma200__sp10,double7s_signal_D_maPeriod_200_shortPeriod_10,NQ,0.0,0.5105566585319368,0
2018-03-05,double7s__ma200__sp10,double7s_signal_D_maPeriod_200_shortPeriod_10,NQ,0.0,0.5105566585319368,0
2018-03-06,double7s__ma200__sp10,double7s_signal_D_maPeriod_200_shortPeriod_10,NQ,0.0,0.5105566585319368,0
2018-03-07,double7s__ma200__sp10,double7s_signal_D_maPeriod_200_shortPeriod_10,NQ,0.0,0.5105566585319368,0
2018-03-08,double7s__ma200__sp10,double7s_signal_D_maPeriod_200_shortPeriod_10,NQ,0.0,0.5105566585319368,0
2018-03-09,double7s__ma200__sp10,double7s_signal_D_maPeriod_200_shortPeriod_10,NQ,0.0,0.5105566585319368,0
2018-03-12,double7s__ma200__sp10,double7s_signal_D_maPeriod_200_shortPeriod_10,NQ,0.0,0.5105566585319368,0
2018-03-13,double7s__ma200__sp10,double7s_signal_D_maPeriod_200_shortPeriod_10,NQ,0.0,0.5105566585319368,0
2018-03-14,double7s__ma200__sp10,double7s_signal_D_maPeriod_200_shortPeriod_10,NQ,0.0,0.5105566585319368,0
2018-03-15,double7s__ma200__sp10,double7s_signal_D_maPeriod_200_shortPeriod_10,NQ,0.0,0.5105566585319368,0
2018-03-16,double7s__ma200__sp10,double7s_signal_D_maPeriod_200_shortPeriod_10,NQ,0.0,0.5105566585319368,0
2018-03-19,double7s__ma200__sp10,double7s_signal_D_maPeriod_200_shortPeriod_10,NQ,0.0,0.5105566585319368,0
2018-03-20,double7s__ma200__sp10,double7s_signal_D_maPeriod_200_shortPeriod_10,NQ,0.0,0.5105566585319368,0
2018-03-21,double7s__ma200__sp10,double7s_signal_D_maPeriod_200_shortPeriod_10,NQ,0.0,0.5105566585319368,0
2018-03-22,double7s__ma200__sp10,double7s_signal_D_maPeriod_200_shortPeriod_10,NQ,-0.021422757107109253,0.4891339014248275,0
2018-03-23,double7s__ma200__sp10,double7s_signal_D_maPeriod_200_shortPeriod_10,NQ,-0.004988358796100488,0.484145542628727,0
2018-03-26,double7s__ma200__sp10,double7s_signal_D_maPeriod_200_shortPeriod_10,NQ,0.010127711864842188,0.4942732544935692,0
2018-03-27,double7s__ma200__sp10,double7s_signal_D_maPeriod_200_shortPeriod_10,NQ,-0.006704061504021185,0.487569192989548,0
2018-03-28,double7s__ma200__sp10,double7s_signal_D_maPeriod_200_shortPeriod_10,NQ,-0.0023471253478047115,0.48522206764174325,0
2018-03-29,double7s__ma200__sp10,double7s_signal_D_maPeriod_200_shortPeriod_10,NQ,0.006434936522058578,0.4916570041638018,0
2018-04-02,double7s__ma200__sp10,double7s_signal_D_maPeriod_200_shortPeriod_10,NQ,-0.008862481585089298,0.4827945225787125,0
2018-04-03,double7s__ma200__sp10,double7s_signal_D_maPeriod_200_shortPeriod_10,NQ,0.0021686640017420425,0.48496318658045456,0
2018-04-04,double7s__ma200__sp10,double7s_signal_D_maPeriod_200_shortPeriod_10,NQ,0.0077501765633954545,0.49271336314385,0
2018-04-05,double7s__ma200__sp10,double7s_signal_D_maPeriod_200_shortPeriod_10,NQ,0.0010002070355487986,0.4937135701793988,0
2018-04-06,double7s__ma200__sp10,double7s_signal_D_maPeriod_200_shortPeriod_10,NQ,-0.017619318471160775,0.47609425170823805,0
2018-04-09,double7s__ma200__sp10,double7s_signal_D_maPeriod_200_shortPeriod_10,NQ,0.0015495301155222245,0.47764378182376027,0
2018-04-10,double7s__ma200__sp10,double7s_signal_D_maPeriod_200_shortPeriod_10,NQ,0.012874260135245858,0.4905180419590061,0
2018-04-11,double7s__ma200__sp10,double7s_signal_D_maPeriod_200_shortPeriod_10,NQ,-0.0016366972728467802,0.48888134468615935,0
2018-04-12,double7s__ma200__sp10,double7s_signal_D_maPeriod_200_shortPeriod_10,NQ,0.008289243142130214,0.49717058782828955,0
2018-04-13,double7s__ma200__sp10,double7s_signal_D_maPeriod_200_shortPeriod_10,NQ,0.0,0.49717058782828955,0
2018-04-16,double7s__ma200__sp10,double7s_signal_D_maPeriod_200_shortPeriod_10,NQ,0.0,0.49717058782828955,0
2018-04-17,double7s__ma200__sp10,double7s_signal_D_maPeriod_200_shortPeriod_10,NQ,0.0,0.49717058782828955,0
2018-04-18,double7s__ma200__sp10,double7s_signal_D_maPeriod_200_shortPeriod_10,NQ,0.0,0.49717058782828955,0
2018-04-19,double7s__ma200__sp10,double7s_signal_D_maPeriod_200_shortPeriod_10,NQ,0.0,0.49717058782828955,0
2018-04-20,double7s__ma200__sp10,double7s_signal_D_maPeriod_200_shortPeriod_10,NQ,0.0,0.49717058782828955,0
2018-04-23,double7s__ma200__sp10,double7s_signal_D_maPeriod_200_shortPeriod_10,NQ,0.0,0.49717058782828955,0
2018-04-24,double7s__ma200__sp10,double7s_signal_D_maPeriod_200_shortPeriod_10,NQ,0.0,0.49717058782828955,0
2018-04-25,double7s__ma200__sp10,double7s_signal_D_maPeriod_200_shortPeriod_10,NQ,0.0014111674782466615,0.4985817553065362,0
2018-04-26,double7s__ma200__sp10,double7s_signal_D_maPeriod_200_shortPeriod_10,NQ,0.01666429427734025,0.5152460495838764,0
2018-04-27,double7s__ma200__sp10,double7s_signal_D_maPeriod_200_shortPeriod_10,NQ,-0.00281780500803652,0.5124282445758399,0
2018-04-30,double7s__ma200__sp10,double7s_signal_D_maPeriod_200_shortPeriod_10,NQ,-0.004126166261704407,0.5083020783141355,0
2018-05-01,double7s__ma200__sp10,double7s_signal_D_maPeriod_200_shortPeriod_10,NQ,0.007843785580181393,0.5161458638943169,0
2018-05-02,double7s__ma200__sp10,double7s_signal_D_maPeriod_200_shortPeriod_10,NQ,-0.006001216660876505,0.5101446472334404,0
2018-05-03,double7s__ma200__sp10,double7s_signal_D_maPeriod_200_shortPeriod_10,NQ,0.0030118694109958076,0.5131565166444363,0
2018-05-04,double7s__ma200__sp10,double7s_signal_D_maPeriod_200_shortPeriod_10,NQ,0.012207422041782661,0.525363938686219,0
2018-05-07,double7s__ma200__sp10,double7s_signal_D_maPeriod_200_shortPeriod_10,NQ,0.0,0.525363938686219,0
2018-05-08,double7s__ma200__sp10,double7s_signal_D_maPeriod_200_shortPeriod_10,NQ,0.0,0.525363938686219,0
2018-05-09,double7s__ma200__sp10,double7s_signal_D_maPeriod_200_shortPeriod_10,NQ,0.0,0.525363938686219,0
2018-05-10,double7s__ma200__sp10,double7s_signal_D_maPeriod_200_shortPeriod_10,NQ,0.0,0.525363938686219,0
2018-05-11,double7s__ma200__sp10,double7s_signal_D_maPeriod_200_shortPeriod_10,NQ,0.0,0.525363938686219,0
2018-05-14,double7s__ma200__sp10,double7s_signal_D_maPeriod_200_shortPeriod_10,NQ,0.0,0.525363938686219,0
2018-05-15,double7s__ma200__sp10,double7s_signal_D_maPeriod_200_shortPeriod_10,NQ,0.0,0.525363938686219,0
2018-05-16,double7s__ma200__sp10,double7s_signal_D_maPeriod_200_shortPeriod_10,NQ,0.0,0.525363938686219,0
2018-05-17,double7s__ma200__sp10,double7s_signal_D_maPeriod_200_shortPeriod_10,NQ,0.0,0.525363938686219,0
2018-05-18,double7s__ma200__sp10,double7s_signal_D_maPeriod_200_shortPeriod_10,NQ,0.0,0.525363938686219,0
2018-05-21,double7s__ma200__sp10,double7s_signal_D_maPeriod_200_shortPeriod_10,NQ,0.0,0.525363938686219,0
2018-05-22,double7s__ma200__sp10,double7s_signal_D_maPeriod_200_shortPeriod_10,NQ,0.0,0.525363938686219,0
2018-05-23,double7s__ma200__sp10,double7s_signal_D_maPeriod_200_shortPeriod_10,NQ,0.0,0.525363938686219,0
2018-05-24,double7s__ma200__sp10,double7s_signal_D_maPeriod_200_shortPeriod_10,NQ,0.0,0.525363938686219,0
2018-05-25,double7s__ma200__sp10,double7s_signal_D_maPeriod_200_shortPeriod_10,NQ,0.0,0.525363938686219,0
2018-05-29,double7s__ma200__sp10,double7s_signal_D_maPeriod_200_shortPeriod_10,NQ,0.0,0.525363938686219,0
2018-05-30,double7s__ma200__sp10,double7s_signal_D_maPeriod_200_shortPeriod_10,NQ,0.0,0.525363938686219,0
2018-05-31,double7s__ma200__sp10,double7s_signal_D_maPeriod_200_shortPeriod_10,NQ,0.0,0.525363938686219,0
2018-06-01,double7s__ma200__sp10,double7s_signal_D_maPeriod_200_shortPeriod_10,NQ,0.0,0.525363938686219,0
2018-06-04,double7s__ma200__sp10,double7s_signal_D_maPeriod_200_shortPeriod_10,NQ,0.0,0.525363938686219,0
2018-06-05,double7s__ma200__sp10,double7s_signal_D_maPeriod_200_shortPeriod_10,NQ,0.0,0.525363938686219,0
2018-06-06,double7s__ma200__sp10,double7s_signal_D_maPeriod_200_shortPeriod_10,NQ,0.0,0.525363938686219,0
2018-06-07,double7s__ma200__sp10,double7s_signal_D_maPeriod_200_shortPeriod_10,NQ,0.0,0.525363938686219,0
2018-06-08,double7s__ma200__sp10,double7s_signal_D_maPeriod_200_shortPeriod_10,NQ,0.0,0.525363938686219,0
2018-06-11,double7s__ma200__sp10,double7s_signal_D_maPeriod_200_shortPeriod_10,NQ,0.0,0.525363938686219,0
2018-06-12,double7s__ma200__sp10,double7s_signal_D_maPeriod_200_shortPeriod_10,NQ,0.0,0.525363938686219,0
2018-06-13,double7s__ma200__sp10,double7s_signal_D_maPeriod_200_shortPeriod_10,NQ,0.0,0.525363938686219,0
2018-06-14,double7s__ma200__sp10,double7s_signal_D_maPeriod_200_shortPeriod_10,NQ,0.0,0.525363938686219,0
2018-06-15,double7s__ma200__sp10,double7s_signal_D_maPeriod_200_shortPeriod_10,NQ,0.0,0.525363938686219,0
2018-06-18,double7s__ma200__sp10,double7s_signal_D_maPeriod_200_shortPeriod_10,NQ,0.0,0.525363938686219,0
2018-06-19,double7s__ma200__sp10,double7s_signal_D_maPeriod_200_shortPeriod_10,NQ,0.0,0.525363938686219,0
2018-06-20,double7s__ma200__sp10,double7s_signal_D_maPeriod_200_shortPeriod_10,NQ,0.0,0.525363938686219,0
2018-06-21,double7s__ma200__sp10,double7s_signal_D_maPeriod_200_shortPeriod_10,NQ,0.0,0.525363938686219,0
2018-06-22,double7s__ma200__sp10,double7s_signal_D_maPeriod_200_shortPeriod_10,NQ,0.0,0.525363938686219,0
2018-06-25,double7s__ma200__sp10,double7s_signal_D_maPeriod_200_shortPeriod_10,NQ,0.0,0.525363938686219,0
2018-06-26,double7s__ma200__sp10,double7s_signal_D_maPeriod_200_shortPeriod_10,NQ,0.0017589694058023591,0.5271229080920213,0
2018-06-27,double7s__ma200__sp10,double7s_signal_D_maPeriod_200_shortPeriod_10,NQ,-0.010546125510361338,0.51657678258166,0
2018-06-28,double7s__ma200__sp10,double7s_signal_D_maPeriod_200_shortPeriod_10,NQ,0.0036117486286529497,0.5201885312103129,0
2018-06-29,double7s__ma200__sp10,double7s_signal_D_maPeriod_200_shortPeriod_10,NQ,0.0009488514512876189,0.5211373826616006,0
2018-07-02,double7s__ma200__sp10,double7s_signal_D_maPeriod_200_shortPeriod_10,NQ,0.0052581802046046365,0.5263955628662053,0
2018-07-03,double7s__ma200__sp10,double7s_signal_D_maPeriod_200_shortPeriod_10,NQ,-0.00918610521050275,0.5172094576557025,0
2018-07-05,double7s__ma200__sp10,double7s_signal_D_maPeriod_200_shortPeriod_10,NQ,0.006638997275983234,0.5238484549316857,0
2018-07-06,double7s__ma200__sp10,double7s_signal_D_maPeriod_200_shortPeriod_10,NQ,0.006723085562929916,0.5305715404946156,0
2018-07-09,double7s__ma200__sp10,double7s_signal_D_maPeriod_200_shortPeriod_10,NQ,0.003785382981304973,0.5343569234759206,0
2018-07-10,double7s__ma200__sp10,double7s_signal_D_maPeriod_200_shortPeriod_10,NQ,0.0,0.5343569234759206,0
2018-07-11,double7s__ma200__sp10,double7s_signal_D_maPeriod_200_shortPeriod_10,NQ,0.0,0.5343569234759206,0
2018-07-12,double7s__ma200__sp10,double7s_signal_D_maPeriod_200_shortPeriod_10,NQ,0.0,0.5343569234759206,0
2018-07-13,double7s__ma200__sp10,double7s_signal_D_maPeriod_200_shortPeriod_10,NQ,0.0,0.5343569234759206,0
2018-07-16,double7s__ma200__sp10,double7s_signal_D_maPeriod_200_shortPeriod_10,NQ,0.0,0.5343569234759206,0
2018-07-17,double7s__ma200__sp10,double7s_signal_D_maPeriod_200_shortPeriod_10,NQ,0.0,0.5343569234759206,0
2018-07-18,double7s__ma200__sp10,double7s_signal_D_maPeriod_200_shortPeriod_10,NQ,0.0,0.5343569234759206,0
2018-07-19,double7s__ma200__sp10,double7s_signal_D_maPeriod_200_shortPeriod_10,NQ,0.0,0.5343569234759206,0
2018-07-20,double7s__ma200__sp10,double7s_signal_D_maPeriod_200_shortPeriod_10,NQ,0.0,0.5343569234759206,0
2018-07-23,double7s__ma200__sp10,double7s_signal_D_maPeriod_200_shortPeriod_10,NQ,0.0,0.5343569234759206,0
2018-07-24,double7s__ma200__sp10,double7s_signal_D_maPeriod_200_shortPeriod_10,NQ,0.0,0.5343569234759206,0
2018-07-25,double7s__ma200__sp10,double7s_signal_D_maPeriod_200_shortPeriod_10,NQ,0.0,0.5343569234759206,0
2018-07-26,double7s__ma200__sp10,double7s_signal_D_maPeriod_200_shortPeriod_10,NQ,0.0,0.5343569234759206,0
2018-07-27,double7s__ma200__sp10,double7s_signal_D_maPeriod_200_shortPeriod_10,NQ,0.0,0.5343569234759206,0
2018-07-30,double7s__ma200__sp10,double7s_signal_D_maPeriod_200_shortPeriod_10,NQ,-0.004613570146651559,0.529743353329269,0
2018-07-31,double7s__ma200__sp10,double7s_signal_D_maPeriod_200_shortPeriod_10,NQ,0.00203781137632213,0.5317811647055911,0
2018-08-01,double7s__ma200__sp10,double7s_signal_D_maPeriod_200_shortPeriod_10,NQ,-0.0015846864219428284,0.5301964782836482,0
2018-08-02,double7s__ma200__sp10,double7s_signal_D_maPeriod_200_shortPeriod_10,NQ,0.010805244573476478,0.5410017228571247,0
2018-08-03,double7s__ma200__sp10,double7s_signal_D_maPeriod_200_shortPeriod_10,NQ,0.0005653038325550099,0.5415670266896797,0
2018-08-06,double7s__ma200__sp10,double7s_signal_D_maPeriod_200_shortPeriod_10,NQ,0.0041959009994620745,0.5457629276891418,0
2018-08-07,double7s__ma200__sp10,double7s_signal_D_maPeriod_200_shortPeriod_10,NQ,0.0036557487063074634,0.5494186763954493,0
2018-08-08,double7s__ma200__sp10,double7s_signal_D_maPeriod_200_shortPeriod_10,NQ,0.0,0.5494186763954493,0
2018-08-09,double7s__ma200__sp10,double7s_signal_D_maPeriod_200_shortPeriod_10,NQ,0.0,0.5494186763954493,0
2018-08-10,double7s__ma200__sp10,double7s_signal_D_maPeriod_200_shortPeriod_10,NQ,0.0,0.5494186763954493,0
2018-08-13,double7s__ma200__sp10,double7s_signal_D_maPeriod_200_shortPeriod_10,NQ,0.0,0.5494186763954493,0
2018-08-14,double7s__ma200__sp10,double7s_signal_D_maPeriod_200_shortPeriod_10,NQ,0.0,0.5494186763954493,0
2018-08-15,double7s__ma200__sp10,double7s_signal_D_maPeriod_200_shortPeriod_10,NQ,0.0,0.5494186763954493,0
2018-08-16,double7s__ma200__sp10,double7s_signal_D_maPeriod_200_shortPeriod_10,NQ,0.0,0.5494186763954493,0
2018-08-17,double7s__ma200__sp10,double7s_signal_D_maPeriod_200_shortPeriod_10,NQ,0.0,0.5494186763954493,0
2018-08-20,double7s__ma200__sp10,double7s_signal_D_maPeriod_200_shortPeriod_10,NQ,0.0,0.5494186763954493,0
2018-08-21,double7s__ma200__sp10,double7s_signal_D_maPeriod_200_shortPeriod_10,NQ,0.0,0.5494186763954493,0
2018-08-22,double7s__ma200__sp10,double7s_signal_D_maPeriod_200_shortPeriod_10,NQ,0.0,0.5494186763954493,0
2018-08-23,double7s__ma200__sp10,double7s_signal_D_maPeriod_200_shortPeriod_10,NQ,0.0,0.5494186763954493,0
2018-08-24,double7s__ma200__sp10,double7s_signal_D_maPeriod_200_shortPeriod_10,NQ,0.0,0.5494186763954493,0
2018-08-27,double7s__ma200__sp10,double7s_signal_D_maPeriod_200_shortPeriod_10,NQ,0.0,0.5494186763954493,0
2018-08-28,double7s__ma200__sp10,double7s_signal_D_maPeriod_200_shortPeriod_10,NQ,0.0,0.5494186763954493,0
2018-08-29,double7s__ma200__sp10,double7s_signal_D_maPeriod_200_shortPeriod_10,NQ,0.0,0.5494186763954493,0
2018-08-30,double7s__ma200__sp10,double7s_signal_D_maPeriod_200_shortPeriod_10,NQ,0.0,0.5494186763954493,0
2018-08-31,double7s__ma200__sp10,double7s_signal_D_maPeriod_200_shortPeriod_10,NQ,0.0,0.5494186763954493,0
2018-09-04,double7s__ma200__sp10,double7s_signal_D_maPeriod_200_shortPeriod_10,NQ,0.0,0.5494186763954493,0
2018-09-05,double7s__ma200__sp10,double7s_signal_D_maPeriod_200_shortPeriod_10,NQ,0.0,0.5494186763954493,0
2018-09-06,double7s__ma200__sp10,double7s_signal_D_maPeriod_200_shortPeriod_10,NQ,0.0,0.5494186763954493,0
2018-09-07,double7s__ma200__sp10,double7s_signal_D_maPeriod_200_shortPeriod_10,NQ,0.0,0.5494186763954493,0
2018-09-10,double7s__ma200__sp10,double7s_signal_D_maPeriod_200_shortPeriod_10,NQ,0.0,0.5494186763954493,0
2018-09-11,double7s__ma200__sp10,double7s_signal_D_maPeriod_200_shortPeriod_10,NQ,0.0,0.5494186763954493,0
2018-09-12,double7s__ma200__sp10,double7s_signal_D_maPeriod_200_shortPeriod_10,NQ,0.0,0.5494186763954493,0
2018-09-13,double7s__ma200__sp10,double7s_signal_D_maPeriod_200_shortPeriod_10,NQ,0.0,0.5494186763954493,0
2018-09-14,double7s__ma200__sp10,double7s_signal_D_maPeriod_200_shortPeriod_10,NQ,0.0,0.5494186763954493,0
2018-09-17,double7s__ma200__sp10,double7s_signal_D_maPeriod_200_shortPeriod_10,NQ,0.0,0.5494186763954493,0
2018-09-18,double7s__ma200__sp10,double7s_signal_D_maPeriod_200_shortPeriod_10,NQ,0.003478074268962708,0.552896750664412,0
2018-09-19,double7s__ma200__sp10,double7s_signal_D_maPeriod_200_shortPeriod_10,NQ,-0.00014696465183118083,0.5527497860125808,0
2018-09-20,double7s__ma200__sp10,double7s_signal_D_maPeriod_200_shortPeriod_10,NQ,0.008274628402516398,0.5610244144150972,0
2018-09-21,double7s__ma200__sp10,double7s_signal_D_maPeriod_200_shortPeriod_10,NQ,0.0,0.5610244144150972,0
2018-09-24,double7s__ma200__sp10,double7s_signal_D_maPeriod_200_shortPeriod_10,NQ,0.0,0.5610244144150972,0
2018-09-25,double7s__ma200__sp10,double7s_signal_D_maPeriod_200_shortPeriod_10,NQ,0.0,0.5610244144150972,0
2018-09-26,double7s__ma200__sp10,double7s_signal_D_maPeriod_200_shortPeriod_10,NQ,0.0,0.5610244144150972,0
2018-09-27,double7s__ma200__sp10,double7s_signal_D_maPeriod_200_shortPeriod_10,NQ,0.0,0.5610244144150972,0
2018-09-28,double7s__ma200__sp10,double7s_signal_D_maPeriod_200_shortPeriod_10,NQ,0.0,0.5610244144150972,0
2018-10-01,double7s__ma200__sp10,double7s_signal_D_maPeriod_200_shortPeriod_10,NQ,0.0,0.5610244144150972,0
2018-10-02,double7s__ma200__sp10,double7s_signal_D_maPeriod_200_shortPeriod_10,NQ,0.0,0.5610244144150972,0
2018-10-03,double7s__ma200__sp10,double7s_signal_D_maPeriod_200_shortPeriod_10,NQ,0.0,0.5610244144150972,0
2018-10-04,double7s__ma200__sp10,double7s_signal_D_maPeriod_200_shortPeriod_10,NQ,0.0,0.5610244144150972,0
2018-10-05,double7s__ma200__sp10,double7s_signal_D_maPeriod_200_shortPeriod_10,NQ,-0.003737830304311986,0.5572865841107852,0
2018-10-08,double7s__ma200__sp10,double7s_signal_D_maPeriod_200_shortPeriod_10,NQ,-0.0035410212208780815,0.5537455628899072,0
2018-10-09,double7s__ma200__sp10,double7s_signal_D_maPeriod_200_shortPeriod_10,NQ,0.0008214901737329149,0.5545670530636401,0
2018-10-10,double7s__ma200__sp10,double7s_signal_D_maPeriod_200_shortPeriod_10,NQ,-0.03918358408284723,0.5153834689807928,0
2018-10-11,double7s__ma200__sp10,double7s_signal_D_maPeriod_200_shortPeriod_10,NQ,0.0004151196733387785,0.5157985886541315,0
2018-10-12,double7s__ma200__sp10,double7s_signal_D_maPeriod_200_shortPeriod_10,NQ,0.00882902759178313,0.5246276162459147,0
2018-10-15,double7s__ma200__sp10,double7s_signal_D_maPeriod_200_shortPeriod_10,NQ,-0.004579446556527821,0.5200481696893868,0
2018-10-16,double7s__ma200__sp10,double7s_signal_D_maPeriod_200_shortPeriod_10,NQ,0.01711998336580753,0.5371681530551944,0
2018-10-17,double7s__ma200__sp10,double7s_signal_D_maPeriod_200_shortPeriod_10,NQ,-0.0006645995628913914,0.5365035534923029,0
2018-10-18,double7s__ma200__sp10,double7s_signal_D_maPeriod_200_shortPeriod_10,NQ,-0.012465828107442971,0.5240377253848599,0
2018-10-19,double7s__ma200__sp10,double7s_signal_D_maPeriod_200_shortPeriod_10,NQ,-0.0018269462910904027,0.5222107790937696,0
2018-10-22,double7s__ma200__sp10,double7s_signal_D_maPeriod_200_shortPeriod_10,NQ,0.006815235963356944,0.5290260150571265,0
2018-10-23,double7s__ma200__sp10,double7s_signal_D_maPeriod_200_shortPeriod_10,NQ,-0.0014948768147352016,0.5275311382423914,0
2018-10-24,double7s__ma200__sp10,double7s_signal_D_maPeriod_200_shortPeriod_10,NQ,-0.033132997788565426,0.49439814045382596,0
2018-10-25,double7s__ma200__sp10,double7s_signal_D_maPeriod_200_shortPeriod_10,NQ,0.0011337149674524824,0.4955318554212784,0
2018-10-26,double7s__ma200__sp10,double7s_signal_D_maPeriod_200_shortPeriod_10,NQ,0.0006121095388734191,0.49614396496015184,0
2018-10-29,double7s__ma200__sp10,double7s_signal_D_maPeriod_200_shortPeriod_10,NQ,-0.01816742145405256,0.4779765435060993,0
2018-10-30,double7s__ma200__sp10,double7s_signal_D_maPeriod_200_shortPeriod_10,NQ,0.004084701696645229,0.4820612452027445,0
2018-10-31,double7s__ma200__sp10,double7s_signal_D_maPeriod_200_shortPeriod_10,NQ,0.008006346550337882,0.4900675917530824,0
2018-11-01,double7s__ma200__sp10,double7s_signal_D_maPeriod_200_shortPeriod_10,NQ,0.00480469700121046,0.49487228875429284,0
2018-11-02,double7s__ma200__sp10,double7s_signal_D_maPeriod_200_shortPeriod_10,NQ,-0.0004019483903284594,0.49447034036396437,0
2018-11-05,double7s__ma200__sp10,double7s_signal_D_maPeriod_200_shortPeriod_10,NQ,-0.001430989802982374,0.49303935056098197,0
2018-11-06,double7s__ma200__sp10,double7s_signal_D_maPeriod_200_shortPeriod_10,NQ,0.007650981513950035,0.500690332074932,0
2018-11-07,double7s__ma200__sp10,double7s_signal_D_maPeriod_200_shortPeriod_10,NQ,0.017030246280295865,0.5177205783552278,0
2018-11-08,double7s__ma200__sp10,double7s_signal_D_maPeriod_200_shortPeriod_10,NQ,0.0,0.5177205783552278,0
2018-11-09,double7s__ma200__sp10,double7s_signal_D_maPeriod_200_shortPeriod_10,NQ,0.0,0.5177205783552278,0
2018-11-12,double7s__ma200__sp10,double7s_signal_D_maPeriod_200_shortPeriod_10,NQ,0.0,0.5177205783552278,0
2018-11-13,double7s__ma200__sp10,double7s_signal_D_maPeriod_200_shortPeriod_10,NQ,0.0,0.5177205783552278,0
2018-11-14,double7s__ma200__sp10,double7s_signal_D_maPeriod_200_shortPeriod_10,NQ,0.0,0.5177205783552278,0
2018-11-15,double7s__ma200__sp10,double7s_signal_D_maPeriod_200_shortPeriod_10,NQ,0.0,0.5177205783552278,0
2018-11-16,double7s__ma200__sp10,double7s_signal_D_maPeriod_200_shortPeriod_10,NQ,0.0,0.5177205783552278,0
2018-11-19,double7s__ma200__sp10,double7s_signal_D_maPeriod_200_shortPeriod_10,NQ,0.0,0.5177205783552278,0
2018-11-20,double7s__ma200__sp10,double7s_signal_D_maPeriod_200_shortPeriod_10,NQ,0.0,0.5177205783552278,0
2018-11-21,double7s__ma200__sp10,double7s_signal_D_maPeriod_200_shortPeriod_10,NQ,0.0,0.5177205783552278,0
2018-11-23,double7s__ma200__sp10,double7s_signal_D_maPeriod_200_shortPeriod_10,NQ,0.0,0.5177205783552278,0
2018-11-26,double7s__ma200__sp10,double7s_signal_D_maPeriod_200_shortPeriod_10,NQ,0.0,0.5177205783552278,0
2018-11-27,double7s__ma200__sp10,double7s_signal_D_maPeriod_200_shortPeriod_10,NQ,0.0,0.5177205783552278,0
2018-11-28,double7s__ma200__sp10,double7s_signal_D_maPeriod_200_shortPeriod_10,NQ,0.0,0.5177205783552278,0
2018-11-29,double7s__ma200__sp10,double7s_signal_D_maPeriod_200_shortPeriod_10,NQ,0.0,0.5177205783552278,0
2018-11-30,double7s__ma200__sp10,double7s_signal_D_maPeriod_200_shortPeriod_10,NQ,0.0,0.5177205783552278,0
2018-12-03,double7s__ma200__sp10,double7s_signal_D_maPeriod_200_shortPeriod_10,NQ,0.0,0.5177205783552278,0
2018-12-04,double7s__ma200__sp10,double7s_signal_D_maPeriod_200_shortPeriod_10,NQ,0.0,0.5177205783552278,0
2018-12-06,double7s__ma200__sp10,double7s_signal_D_maPeriod_200_shortPeriod_10,NQ,0.0,0.5177205783552278,0
2018-12-07,double7s__ma200__sp10,double7s_signal_D_maPeriod_200_shortPeriod_10,NQ,0.0,0.5177205783552278,0
2018-12-10,double7s__ma200__sp10,double7s_signal_D_maPeriod_200_shortPeriod_10,NQ,0.0,0.5177205783552278,0
2018-12-11,double7s__ma200__sp10,double7s_signal_D_maPeriod_200_shortPeriod_10,NQ,0.0,0.5177205783552278,0
2018-12-12,double7s__ma200__sp10,double7s_signal_D_maPeriod_200_shortPeriod_10,NQ,0.0,0.5177205783552278,0
2018-12-13,double7s__ma200__sp10,double7s_signal_D_maPeriod_200_shortPeriod_10,NQ,0.0,0.5177205783552278,0
2018-12-14,double7s__ma200__sp10,double7s_signal_D_maPeriod_200_shortPeriod_10,NQ,0.0,0.5177205783552278,0
2018-12-17,double7s__ma200__sp10,double7s_signal_D_maPeriod_200_shortPeriod_10,NQ,0.0,0.5177205783552278,0
2018-12-18,double7s__ma200__sp10,double7s_signal_D_maPeriod_200_shortPeriod_10,NQ,0.0,0.5177205783552278,0
2018-12-19,double7s__ma200__sp10,double7s_signal_D_maPeriod_200_shortPeriod_10,NQ,0.0,0.5177205783552278,0
2018-12-20,double7s__ma200__sp10,double7s_signal_D_maPeriod_200_shortPeriod_10,NQ,0.0,0.5177205783552278,0
2018-12-21,double7s__ma200__sp10,double7s_signal_D_maPeriod_200_shortPeriod_10,NQ,0.0,0.5177205783552278,0
2018-12-24,double7s__ma200__sp10,double7s_signal_D_maPeriod_200_shortPeriod_10,NQ,0.0,0.5177205783552278,0
2018-12-26,double7s__ma200__sp10,double7s_signal_D_maPeriod_200_shortPeriod_10,NQ,0.0,0.5177205783552278,0
2018-12-27,double7s__ma200__sp10,double7s_signal_D_maPeriod_200_shortPeriod_10,NQ,0.0,0.5177205783552278,0
2018-12-28,double7s__ma200__sp10,double7s_signal_D_maPeriod_200_shortPeriod_10,NQ,0.0,0.5177205783552278,0
