date,discrete_total_pnl,fractional_total_pnl,discrete_pct_return,fractional_pct_return,daily_tracking_error_usd,daily_tracking_error_pct,cumulative_te_usd,annualised_te_vol_usd,any_leverage_breach
2000-01-03,0.0,0.0,0.0,0.0,0.0,0.0,0.0,1084.012975248671,False
2000-01-04,0.0,0.0,0.0,0.0,0.0,0.0,0.0,1084.012975248671,False
2000-01-05,0.0,0.0,0.0,0.0,0.0,0.0,0.0,1084.012975248671,False
2000-01-06,0.0,0.0,0.0,0.0,0.0,0.0,0.0,1084.012975248671,False
2000-01-07,0.0,0.0,0.0,0.0,0.0,0.0,0.0,1084.012975248671,False
2000-01-10,0.0,0.0,0.0,0.0,0.0,0.0,0.0,1084.012975248671,False
2000-01-11,0.0,0.0,0.0,0.0,0.0,0.0,0.0,1084.012975248671,False
2000-01-12,0.0,0.0,0.0,0.0,0.0,0.0,0.0,1084.012975248671,False
2000-01-13,0.0,0.0,0.0,0.0,0.0,0.0,0.0,1084.012975248671,False
2000-01-14,0.0,0.0,0.0,0.0,0.0,0.0,0.0,1084.012975248671,False
2000-01-17,0.0,0.0,0.0,0.0,0.0,0.0,0.0,1084.012975248671,False
2000-01-18,45.36994818653276,36.12852801306529,0.0004536994818653276,0.0003612852801306529,9.241420173467468,9.241420173467467e-05,9.241420173467468,1084.012975248671,False
2000-01-19,-234.4113989637338,-265.2193076245274,-0.002344113989637338,-0.002652193076245274,30.8079086607936,0.000308079086607936,40.04932883426107,1084.012975248671,False
2000-01-20,-24.953471502590254,-26.010539719630582,-0.00024953471502590257,-0.0002601053971963058,1.057068217040328,1.057068217040328e-05,41.1063970513014,1084.012975248671,False
2000-01-21,-633.6669430051832,-631.0578781427656,-0.0063366694300518315,-0.006310578781427656,-2.60906486241754,-2.6090648624175403e-05,38.49733218888386,1084.012975248671,False
2000-01-24,0.0,24.66837351657109,0.0,0.0002466837351657109,-24.66837351657109,-0.0002466837351657109,13.828958672312769,1084.012975248671,False
2000-01-25,-24.197305699478395,-260.6021004328127,-0.00024197305699478396,-0.002606021004328127,236.40479473333428,0.002364047947333343,250.23375340564706,1084.012975248671,False
2000-01-26,-84.69056994818868,-118.56886771748607,-0.0008469056994818868,-0.0011856886771748607,33.87829776929739,0.0003387829776929739,284.11205117494444,1084.012975248671,False
2000-01-27,-1642.6191870329621,-1311.1553471652064,-0.01642619187032962,-0.013111553471652064,-331.4638398677557,-0.003314638398677557,-47.35178869281128,1084.012975248671,False
2000-01-28,0.0,306.4173151466315,0.0,0.003064173151466315,-306.4173151466315,-0.003064173151466315,-353.7691038394428,1084.012975248671,False
2000-01-31,70.96779889549488,228.97927186351785,0.0007096779889549488,0.0022897927186351784,-158.01147296802299,-0.00158011472968023,-511.78057680746576,1084.012975248671,False
2000-02-01,139.45589423762135,132.2381722545253,0.0013945589423762135,0.0013223817225452529,7.217721983096055,7.217721983096055e-05,-504.5628548243697,1084.012975248671,False
2000-02-02,133.39259448816017,541.8347703895645,0.0013339259448816017,0.0054183477038956445,-408.4421759014043,-0.004084421759014043,-913.0050307257741,1084.012975248671,False
2000-02-03,1400.6222421256828,1169.251999446693,0.014006222421256827,0.011692519994466929,231.37024267898983,0.002313702426789898,-681.6347880467843,1084.012975248671,False
2000-02-04,-515.3804787042552,-389.582889910412,-0.005153804787042552,-0.00389582889910412,-125.7975887938432,-0.0012579758879384321,-807.4323768406275,1084.012975248671,False
2000-02-07,116.05828059019669,131.43252065287246,0.001160582805901967,0.0013143252065287245,-15.374240062675767,-0.00015374240062675766,-822.8066169033033,1084.012975248671,False
2000-02-08,418.3676827128688,276.61419791606903,0.004183676827128688,0.00276614197916069,141.7534847967998,0.001417534847967998,-681.0531321065034,1084.012975248671,False
2000-02-09,612.3932746956428,512.5458255384816,0.0061239327469564285,0.005125458255384816,99.84744915716124,0.0009984744915716123,-581.2056829493422,1084.012975248671,False
2000-02-10,-309.22828722255133,-286.65628697223866,-0.003092282872225513,-0.0028665628697223866,-22.57200025031267,-0.0002257200025031267,-603.7776831996548,1084.012975248671,False
2000-02-11,-157.64579348600773,-116.5020167235358,-0.0015764579348600772,-0.001165020167235358,-41.14377676247193,-0.0004114377676247193,-644.9214599621267,1084.012975248671,False
2000-02-14,-418.36768271286695,-304.0103643690806,-0.004183676827128669,-0.003040103643690806,-114.35731834378635,-0.0011435731834378634,-759.2787783059131,1084.012975248671,False
2000-02-15,54.56969774515612,20.469961630010268,0.0005456969774515612,0.00020469961630010267,34.09973611514585,0.0003409973611514585,-725.1790421907672,1084.012975248671,False
2000-02-16,-72.75959699353864,-45.11445058921858,-0.0007275959699353864,-0.0004511445058921858,-27.64514640432006,-0.0002764514640432006,-752.8241885950872,1084.012975248671,False
2000-02-17,212.21549123116228,99.83168757390658,0.0021221549123116227,0.0009983168757390659,112.3838036572557,0.0011238380365725569,-640.4403849378315,1084.012975248671,False
2000-02-18,24.253198997848493,13.96886311785377,0.00024253198997848492,0.0001396886311785377,10.284335879994723,0.00010284335879994722,-630.1560490578368,1084.012975248671,False
2000-02-22,-198.85602661785248,319.06812027921137,-0.001988560266178525,0.0031906812027921137,-517.9241468970638,-0.005179241468970638,-1148.0801959549005,1084.012975248671,False
2000-02-23,-90.94949624192921,-59.704301574818814,-0.0009094949624192921,-0.0005970430157481881,-31.245194667110397,-0.00031245194667110397,-1179.325390622011,1084.012975248671,False
2000-02-24,-381.98788421609197,-348.13205608454757,-0.0038198788421609196,-0.0034813205608454755,-33.8558281315444,-0.000338558281315444,-1213.1812187535552,1084.012975248671,False
2000-02-25,-24.253198997849044,-16.95166578941597,-0.00024253198997849045,-0.0001695166578941597,-7.301533208433074,-7.301533208433074e-05,-1220.4827519619882,1084.012975248671,False
2000-02-28,0.0,267.4218068340469,0.0,0.002674218068340469,-267.4218068340469,-0.002674218068340469,-1487.9045587960352,1084.012975248671,False
2000-02-29,-81.85454661773406,-47.57615148230011,-0.0008185454661773406,-0.0004757615148230011,-34.27839513543395,-0.0003427839513543395,-1522.1829539314692,1084.012975248671,False
2000-03-01,-327.4181864709408,-298.95350568317474,-0.003274181864709408,-0.0029895350568317474,-28.464680787766042,-0.00028464680787766044,-1550.6476347192352,1084.012975248671,False
2000-03-02,54.56969774516133,126.36584691059882,0.0005456969774516133,0.0012636584691059882,-71.7961491654375,-0.000717961491654375,-1622.4437838846727,1084.012975248671,False
2000-03-03,-81.85454661773971,-83.02533719240753,-0.0008185454661773972,-0.0008302533719240753,1.1707905746678193,1.1707905746678193e-05,-1621.272993310005,1084.012975248671,False
2000-03-06,391.0828338402906,262.2712274664109,0.003910828338402906,0.002622712274664109,128.81160637387973,0.0012881160637387972,-1492.461386936125,1084.012975248671,False
2000-03-07,-191.24546195069234,-176.04612724146128,-0.0019124546195069235,-0.0017604612724146128,-15.199334709231067,-0.00015199334709231068,-1507.6607216453563,1084.012975248671,False
2000-03-08,634.9051885066982,655.1336713992239,0.006349051885066982,0.006551336713992239,-20.228482892525676,-0.00020228482892525675,-1527.889204537882,1084.012975248671,False
2000-03-09,-245.56363985320186,-216.8723745191415,-0.0024556363985320188,-0.002168723745191415,-28.691265334060375,-0.00028691265334060374,-1556.5804698719423,1084.012975248671,False
2000-03-10,136.42424436288715,71.06011993117744,0.0013642424436288716,0.0007106011993117744,65.36412443170971,0.0006536412443170971,-1491.2163454402325,1084.012975248671,False
2000-03-13,-326.2847409038631,-533.8643615851704,-0.0032628474090386312,-0.005338643615851704,207.5796206813073,0.0020757962068130727,-1283.6367247589253,1084.012975248671,False
2000-03-14,241.95209700793427,112.28295912000834,0.002419520970079343,0.0011228295912000833,129.66913788792593,0.0012966913788792593,-1153.9675868709994,1084.012975248671,False
2000-03-15,253.52675018549394,650.2201989321021,0.0025352675018549395,0.006502201989321021,-396.69344874660817,-0.0039669344874660815,-1550.6610356176075,1084.012975248671,False
2000-03-16,-181.89899248385643,-53.998980536629574,-0.0018189899248385643,-0.0005399898053662957,-127.90001194722686,-0.0012790001194722686,-1678.5610475648343,1084.012975248671,False
2000-03-17,136.42424436289167,-123.17056738294703,0.0013642424436289167,-0.0012317056738294703,259.5948117458387,0.002595948117458387,-1418.9662358189958,1084.012975248671,False
2000-03-20,354.703035343515,545.458836995191,0.00354703035343515,0.005454588369951909,-190.75580165167594,-0.0019075580165167595,-1609.7220374706717,1084.012975248671,False
2000-03-21,-190.993942108042,-36.03475174122768,-0.0019099394210804201,-0.0003603475174122768,-154.9591903668143,-0.001549591903668143,-1764.681227837486,1084.012975248671,False
2000-03-22,-263.75353910159356,-176.8959702423543,-0.0026375353910159357,-0.001768959702423543,-86.85756885923925,-0.0008685756885923925,-1851.5387966967253,1084.012975248671,False
2000-03-23,-27.284848872575964,2.1233599582438085,-0.00027284848872575964,2.1233599582438086e-05,-29.408208830819774,-0.00029408208830819776,-1880.9470055275451,1084.012975248671,False
2000-03-24,-418.36768271286843,-394.66980258342255,-0.004183676827128684,-0.003946698025834226,-23.697880129445878,-0.00023697880129445878,-1904.644885656991,1084.012975248671,False
2000-03-27,-90.94949624192692,-108.41388955424519,-0.0009094949624192692,-0.001084138895542452,17.464393312318265,0.00017464393312318266,-1887.1804923446728,1084.012975248671,False
2000-03-28,-325.1496890616145,-521.5880987730434,-0.0032514968906161446,-0.005215880987730434,196.4384097114289,0.001964384097114289,-1690.7420826332439,1084.012975248671,False
2000-03-29,-105.19249285484176,-249.9086679340411,-0.0010519249285484175,-0.002499086679340411,144.71617507919933,0.0014471617507919932,-1546.0259075540446,1084.012975248671,False
2000-03-30,292.36207969839904,384.2974372771338,0.0029236207969839906,0.003842974372771338,-91.93535757873474,-0.0009193535757873474,-1637.9612651327793,1084.012975248671,False
2000-03-31,67.22888985372941,-233.22697692574144,0.0006722888985372941,-0.0023322697692574144,300.45586677947085,0.0030045586677947085,-1337.5053983533085,1084.012975248671,False
2000-04-03,122.17586736284882,-53.01818645274223,0.0012217586736284881,-0.0005301818645274223,175.19405381559105,0.0017519405381559105,-1162.3113445377173,1084.012975248671,False
2000-04-04,-190.7494089276971,-213.6739095354515,-0.0019074940892769708,-0.002136739095354515,22.924500607754396,0.00022924500607754395,-1139.3868439299629,1084.012975248671,False
2000-04-05,571.3286371172113,468.01920442328253,0.005713286371172113,0.004680192044232825,103.30943269392878,0.0010330943269392877,-1036.077411236034,1084.012975248671,False
2000-04-06,88.45742563914152,651.6904940745569,0.0008845742563914152,0.006516904940745569,-563.2330684354154,-0.005632330684354154,-1599.3104796714495,1084.012975248671,False
2000-04-07,-11.237687112199922,-110.36622078469482,-0.00011237687112199921,-0.0011036622078469482,99.1285336724949,0.0009912853367249489,-1500.1819459989545,1084.012975248671,False
2000-04-10,-27.999094701912785,-90.22677134463368,-0.00027999094701912787,-0.0009022677134463367,62.227676642720894,0.000622276766427209,-1437.9542693562335,1084.012975248671,False
2000-04-11,-645.7795691795131,-1282.8439074099585,-0.006457795691795131,-0.012828439074099585,637.0643382304454,0.006370643382304454,-800.889931125788,1084.012975248671,False
2000-04-12,-165.6212708677164,-281.77618108338413,-0.0016562127086771638,-0.0028177618108338413,116.15491021566774,0.0011615491021566774,-684.7350209101203,1084.012975248671,False
2000-04-13,-626.7636375050606,-1504.4549380435665,-0.006267636375050606,-0.015044549380435665,877.6913005385059,0.008776913005385058,192.95627962838557,1084.012975248671,False
2000-04-14,335.70966993112796,642.8193236645182,0.0033570966993112794,0.006428193236645181,-307.1096537333902,-0.003071096537333902,-114.15337410500462,1084.012975248671,False
2000-04-17,258.52486471566436,354.4248515671899,0.0025852486471566434,0.0035442485156718987,-95.89998685152551,-0.0009589998685152551,-210.05336095653013,1084.012975248671,False
2000-04-18,-15.15824937365469,-65.8594784170737,-0.0001515824937365469,-0.000658594784170737,50.70122904341901,0.0005070122904341901,-159.35213191311112,1084.012975248671,False
2000-04-19,-30.316498747308454,-131.76018454625202,-0.00030316498747308456,-0.0013176018454625201,101.44368579894356,0.0010144368579894356,-57.90844611416756,1084.012975248671,False
2000-04-20,-9.094949624193138,-224.1385757163511,-9.094949624193138e-05,-0.002241385757163511,215.04362609215798,0.00215043626092158,157.13517997799042,1084.012975248671,False
2000-04-24,-42.4430982462323,668.5529543141041,-0.00042443098246232303,0.006685529543141041,-710.9960525603365,-0.007109960525603365,-553.860872582346,1084.012975248671,False
2000-04-25,-81.854546617735,-109.14559517359112,-0.0008185454661773499,-0.0010914559517359113,27.291048555856122,0.0002729104855585612,-526.5698240264899,1084.012975248671,False
2000-04-26,39.41144837150125,48.43743802445171,0.00039411448371501253,0.00048437438024451706,-9.025989652950457,-9.025989652950457e-05,-535.5958136794403,1084.012975248671,False
2000-04-27,-112.17104536504381,-51.338659566657256,-0.0011217104536504381,-0.0005133865956665726,-60.832385798386554,-0.0006083238579838655,-596.4281994778269,1084.012975248671,False
2000-04-28,3.0316498747316922,121.22958558959778,3.0316498747316923e-05,0.0012122958558959777,-118.19793571486608,-0.0011819793571486608,-714.6261351926929,1084.012975248671,False
2000-05-01,66.69629724407925,-71.49410997360529,0.0006669629724407925,-0.0007149410997360529,138.19040721768454,0.0013819040721768454,-576.4357279750084,1084.012975248671,False
2000-05-02,63.664647369350156,-36.06117426714023,0.0006366464736935016,-0.0003606117426714023,99.7258216364904,0.0009972582163649039,-476.70990633851795,1084.012975248671,False
2000-05-03,63.664647369348074,41.022183257549,0.0006366464736934808,0.00041022183257549005,22.64246411179907,0.00022642464111799073,-454.06744222671887,1084.012975248671,False
2000-05-04,-33.348148622039396,42.832408285954685,-0.00033348148622039397,0.00042832408285954686,-76.18055690799409,-0.0007618055690799409,-530.2479991347129,1084.012975248671,False
2000-05-05,-75.79124686827154,-298.99735878617304,-0.0007579124686827154,-0.0029899735878617306,223.2061119179015,0.0022320611191790148,-307.04188721681146,1084.012975248671,False
2000-05-08,18.18989924838442,-145.89743443983443,0.0001818989924838442,-0.0014589743443983443,164.08733368821885,0.0016408733368821885,-142.9545535285926,1084.012975248671,False
2000-05-09,-226.81480762116377,-866.7223395060399,-0.0022681480762116375,-0.0086672233950604,639.9075318848761,0.006399075318848761,496.9529783562835,1084.012975248671,False
2000-05-10,138.98080120151678,494.12287999776174,0.001389808012015168,0.004941228799977618,-355.14207879624496,-0.0035514207879624496,141.81089956003854,1084.012975248671,False
2000-05-11,327.1734954895122,216.09101958900655,0.0032717349548951223,0.0021609101958900653,111.08247590050567,0.0011108247590050568,252.8933754605442,1084.012975248671,False
2000-05-12,-15.158249373654371,395.2697683457276,-0.00015158249373654371,0.003952697683457276,-410.42801771938196,-0.00410428017719382,-157.53464225883775,1084.012975248671,False
2000-05-15,-6.0632997494610885,179.41555763122886,-6.063299749461088e-05,0.0017941555763122887,-185.47885738068996,-0.0018547885738068996,-343.0134996395277,1084.012975248671,False
2000-05-16,-72.75959699354195,-97.56620340652462,-0.0007275959699354195,-0.0009756620340652463,24.806606412982674,0.00024806606412982674,-318.20689322654505,1084.012975248671,False
2000-05-17,-3.031649874730811,-67.20543148566864,-3.031649874730811e-05,-0.0006720543148566864,64.17378161093782,0.0006417378161093782,-254.03311161560723,1084.012975248671,False
2000-05-18,27.284848872579115,-91.39172109069757,0.00027284848872579113,-0.0009139172109069757,118.67656996327669,0.0011867656996327669,-135.35654165233052,1084.012975248671,False
2000-05-19,48.50639799569356,9.7073112370583,0.0004850639799569356,9.707311237058301e-05,38.79908675863526,0.00038799086758635264,-96.55745489369525,1084.012975248671,False
2000-05-22,-205.78189838003226,-309.87018455944855,-0.0020578189838003228,-0.0030987018455944856,104.08828617941629,0.0010408828617941629,7.530831285721035,1084.012975248671,False
2000-05-23,117.14281952120461,278.4021051777015,0.0011714281952120461,0.002784021051777015,-161.2592856564969,-0.001612592856564969,-153.72845437077586,1084.012975248671,False
2000-05-24,-190.01420311147675,-208.1855719094862,-0.0019001420311147675,-0.0020818557190948623,18.171368798009468,0.00018171368798009467,-135.5570855727664,1084.012975248671,False
2000-05-25,-12.750018718416861,-34.15558058783347,-0.00012750018718416862,-0.0003415558058783347,21.40556186941661,0.00021405561869416607,-114.1515237033498,1084.012975248671,False
2000-05-26,271.986714235588,195.67413773409356,0.00271986714235588,0.0019567413773409355,76.31257650149445,0.0007631257650149444,-37.83894720185535,1084.012975248671,False
2000-05-29,607.9573056994844,1345.3311544040941,0.006079573056994844,0.013453311544040942,-737.3738487046097,-0.007373738487046097,-775.2127959064651,1084.012975248671,False
2000-05-30,-21.221549123115043,-52.045013068646114,-0.00021221549123115043,-0.0005204501306864611,30.82346394553107,0.0003082346394553107,-744.389331960934,1084.012975248671,False
2000-05-31,18.189899248385082,126.14037250783537,0.00018189899248385083,0.0012614037250783536,-107.95047325945029,-0.0010795047325945029,-852.3398052203843,1084.012975248671,False
2000-06-01,266.7851889763205,591.5864350883999,0.002667851889763205,0.005915864350883999,-324.80124611207935,-0.0032480124611207937,-1177.1410513324636,1084.012975248671,False
2000-06-02,121.26599498923517,107.96091585089573,0.0012126599498923517,0.0010796091585089573,13.305079138339437,0.00013305079138339437,-1163.8359721941242,1084.012975248671,False
2000-06-05,109.13939549031477,71.41162500959058,0.0010913939549031476,0.0007141162500959058,37.72777048072419,0.0003772777048072419,-1126.1082017134,1084.012975248671,False
2000-06-06,13.485224534633858,65.65263582548114,0.00013485224534633857,0.0006565263582548114,-52.167411290847284,-0.0005216741129084728,-1178.2756130042471,1084.012975248671,False
2000-06-07,31.5353905371078,97.44687413024629,0.000315353905371078,0.0009744687413024628,-65.91148359313848,-0.0006591148359313848,-1244.1870965973856,1084.012975248671,False
2000-06-08,-12.126599498924183,-15.727585597925561,-0.00012126599498924182,-0.00015727585597925562,3.6009860990013784,3.600986099001378e-05,-1240.5861104983842,1084.012975248671,False
2000-06-09,81.85454661773645,27.33977699031547,0.0008185454661773645,0.0002733977699031547,54.514769627420975,0.0005451476962742098,-1186.0713408709632,1084.012975248671,False
2000-06-12,162.5057810454358,214.49171144174142,0.0016250578104543582,0.002144917114417414,-51.985930396305605,-0.000519859303963056,-1238.0572712672688,1084.012975248671,False
2000-06-13,184.9306423585868,170.70367744961598,0.001849306423585868,0.0017070367744961598,14.226964908970814,0.00014226964908970813,-1223.830306358298,1084.012975248671,False
2000-06-14,-63.66464736934905,-48.52998266784749,-0.0006366464736934905,-0.00048529982667847493,-15.134664701501556,-0.00015134664701501555,-1238.9649710597996,1084.012975248671,False
2000-06-15,-27.28484887258,-42.23999964026612,-0.00027284848872579997,-0.0004223999964026612,14.95515076768612,0.0001495515076768612,-1224.0098202921135,1084.012975248671,False
2000-06-16,-97.012795991388,-28.17300292434619,-0.00097012795991388,-0.0002817300292434619,-68.83979306704181,-0.0006883979306704181,-1292.8496133591555,1084.012975248671,False
2000-06-19,3.0316498747313907,-3.1442469493182603,3.0316498747313908e-05,-3.14424694931826e-05,6.1758968240496515,6.175896824049651e-05,-1286.6737165351058,1084.012975248671,False
2000-06-20,0.0,0.3859611633331521,0.0,3.8596116333315215e-06,-0.3859611633331521,-3.8596116333315215e-06,-1287.059677698439,1084.012975248671,False
2000-06-21,-27.28484887257849,-101.73589992307105,-0.0002728484887257849,-0.0010173589992307104,74.45105105049255,0.0007445105105049255,-1212.6086266479463,1084.012975248671,False
2000-06-22,-72.75959699354091,-124.98066453093574,-0.000727595969935409,-0.0012498066453093574,52.22106753739483,0.0005222106753739483,-1160.3875591105514,1084.012975248671,False
2000-06-23,21.221549123115217,74.32605792314476,0.00021221549123115216,0.0007432605792314476,-53.10450880002954,-0.0005310450880002954,-1213.492067910581,1084.012975248671,False
2000-06-26,60.63299749461954,-49.35251841793711,0.0006063299749461954,-0.0004935251841793712,109.98551591255665,0.0010998551591255665,-1103.5065519980244,1084.012975248671,False
2000-06-27,206.1521914817028,295.5834174098999,0.002061521914817028,0.0029558341740989987,-89.43122592819708,-0.0008943122592819708,-1192.9377779262215,1084.012975248671,False
2000-06-28,-109.13939549031367,-313.8974438198429,-0.0010913939549031368,-0.003138974438198429,204.75804832952923,0.0020475804832952925,-988.1797295966924,1084.012975248671,False
2000-06-29,24.253198997848486,195.21525812826428,0.00024253198997848486,0.0019521525812826429,-170.9620591304158,-0.001709620591304158,-1159.1417887271082,1084.012975248671,False
2000-06-30,-187.96229223331602,-55.09358981166844,-0.0018796229223331602,-0.0005509358981166843,-132.86870242164758,-0.0013286870242164759,-1292.0104911487558,1084.012975248671,False
2000-07-03,0.0,-10.552018796750081,0.0,-0.00010552018796750081,10.552018796750081,0.00010552018796750081,-1281.4584723520056,1084.012975248671,False
2000-07-04,0.0,-89.73900188022947,0.0,-0.0008973900188022947,89.73900188022947,0.0008973900188022947,-1191.7194704717763,1084.012975248671,False
2000-07-05,-21.22154912311661,37.074185765342705,-0.0002122154912311661,0.00037074185765342707,-58.295734888459315,-0.0005829573488845931,-1250.0152053602355,1084.012975248671,False
2000-07-06,0.0,57.80617182469994,0.0,0.0005780617182469994,-57.80617182469994,-0.0005780617182469994,-1307.8213771849355,1084.012975248671,False
2000-07-07,9.094949624191432,-107.12248760525003,9.094949624191433e-05,-0.0010712248760525003,116.21743722944146,0.0011621743722944147,-1191.603939955494,1084.012975248671,False
2000-07-10,-48.50639799569273,-147.4927608741461,-0.0004850639799569273,-0.001474927608741461,98.98636287845335,0.0009898636287845335,-1092.6175770770408,1084.012975248671,False
2000-07-11,856.554929582408,547.8796397281611,0.008565549295824081,0.0054787963972816114,308.6752898542469,0.003086752898542469,-783.9422872227939,1084.012975248671,False
2000-07-12,-15.158249373654176,13.613410864769074,-0.00015158249373654176,0.00013613410864769075,-28.77166023842325,-0.00028771660238423254,-812.7139474612171,1084.012975248671,False
2000-07-13,30.316498747309552,79.60695849381786,0.0003031649874730955,0.0007960695849381786,-49.290459746508304,-0.000492904597465083,-862.0044072077254,1084.012975248671,False
2000-07-14,69.7279471188112,73.85737383524007,0.000697279471188112,0.0007385737383524007,-4.129426716428867,-4.129426716428867e-05,-866.1338339241543,1084.012975248671,False
2000-07-17,-33.34814862203847,-77.4310809567039,-0.0003334814862203847,-0.0007743108095670389,44.08293233466542,0.0004408293233466542,-822.0509015894888,1084.012975248671,False
2000-07-18,-190.79831556377195,-249.79071933912363,-0.0019079831556377195,-0.0024979071933912364,58.992403775351676,0.0005899240377535168,-763.0584978141371,1084.012975248671,False
2000-07-19,144.48356169214796,220.42772598752956,0.0014448356169214796,0.0022042772598752955,-75.9441642953816,-0.000759441642953816,-839.0026621095187,1084.012975248671,False
2000-07-20,6.063299749463371,-79.86503110477949,6.063299749463371e-05,-0.0007986503110477949,85.92833085424286,0.0008592833085424286,-753.0743312552759,1084.012975248671,False
2000-07-21,-39.41144837150345,-88.99281837494446,-0.0003941144837150345,-0.0008899281837494446,49.581370003441016,0.0004958137000344101,-703.4929612518348,1084.012975248671,False
2000-07-24,23.441139896372096,114.80431160341483,0.00023441139896372096,0.0011480431160341483,-91.36317170704274,-0.0009136317170704274,-794.8561329588775,1084.012975248671,False
2000-07-25,-363.3961711134832,-278.4071500039832,-0.0036339617111348322,-0.002784071500039832,-84.98902110950002,-0.0008498902110950002,-879.8451540683775,1084.012975248671,False
2000-07-26,-1042.7987066429353,-799.7384279401083,-0.010427987066429353,-0.007997384279401084,-243.06027870282696,-0.00243060278702827,-1122.9054327712045,1084.012975248671,False
2000-07-27,-1542.8274088549279,-847.9699663188967,-0.015428274088549278,-0.008479699663188968,-694.8574425360312,-0.006948574425360312,-1817.7628753072356,1084.012975248671,False
2000-07-28,21.858941667198728,311.6141549080303,0.00021858941667198727,0.0031161415490803027,-289.75521324083155,-0.0028975521324083155,-2107.518088548067,1084.012975248671,False
2000-07-31,-226.39539977230132,-77.04928386584825,-0.002263953997723013,-0.0007704928386584825,-149.34611590645306,-0.0014934611590645306,-2256.8642044545204,1084.012975248671,False
2000-08-01,-319.96483345074864,-304.50010524210296,-0.0031996483345074866,-0.0030450010524210296,-15.464728208645681,-0.0001546472820864568,-2272.328932663166,1084.012975248671,False
2000-08-02,990.100976579082,869.4800257187251,0.00990100976579082,0.008694800257187251,120.62095086035697,0.0012062095086035696,-2151.707981802809,1084.012975248671,False
2000-08-03,126.97297496162082,53.65314325825198,0.0012697297496162081,0.0005365314325825197,73.31983170336883,0.0007331983170336884,-2078.3881500994403,1084.012975248671,False
2000-08-04,570.4008204260583,436.2027672530063,0.005704008204260583,0.004362027672530063,134.19805317305202,0.00134198053173052,-1944.1900969263884,1084.012975248671,False
2000-08-07,-12.12659949892398,-6.022381588043233,-0.0001212659949892398,-6.022381588043233e-05,-6.104217910880747,-6.104217910880747e-05,-1950.2943148372692,1084.012975248671,False
2000-08-08,-42.44309824623181,-126.0170595828695,-0.00042443098246231815,-0.001260170595828695,83.5739613366377,0.000835739613366377,-1866.7203535006315,1084.012975248671,False
2000-08-09,9.094949624194077,-178.4040007262584,9.094949624194077e-05,-0.001784040007262584,187.49895035045247,0.0018749895035045248,-1679.221403150179,1084.012975248671,False
2000-08-10,81.85454661773457,144.44281807663054,0.0008185454661773457,0.0014444281807663053,-62.588271458895974,-0.0006258827145889598,-1741.809674609075,1084.012975248671,False
2000-08-11,497.2093597600688,434.659631956042,0.004972093597600688,0.00434659631956042,62.549727804026816,0.0006254972780402681,-1679.2599468050482,1084.012975248671,False
2000-08-14,0.0,-1.9245188611188677,0.0,-1.924518861118868e-05,1.9245188611188677,1.924518861118868e-05,-1677.3354279439293,1084.012975248671,False
2000-08-15,81.854546617735,100.485847474077,0.0008185454661773499,0.00100485847474077,-18.63130085634201,-0.0001863130085634201,-1695.9667288002713,1084.012975248671,False
2000-08-16,527.5258585073732,316.5305409029419,0.005275258585073732,0.0031653054090294186,210.9953176044313,0.002109953176044313,-1484.9714111958401,1084.012975248671,False
2000-08-17,-27.2848488725792,-31.96287810751958,-0.000272848488725792,-0.0003196287810751958,4.678029234940379,4.678029234940379e-05,-1480.2933819608998,1084.012975248671,False
2000-08-18,-51.53804787042552,-25.61904306067057,-0.0005153804787042552,-0.00025619043060670573,-25.919004809754952,-0.0002591900480975495,-1506.2123867706548,1084.012975248671,False
2000-08-21,-51.538047870425025,-44.82946682822674,-0.0005153804787042502,-0.00044829466828226743,-6.708581042198283,-6.708581042198283e-05,-1512.9209678128532,1084.012975248671,False
2000-08-22,-78.82289674300407,-48.94435670717958,-0.0007882289674300407,-0.0004894435670717958,-29.878540035824486,-0.00029878540035824485,-1542.7995078486776,1084.012975248671,False
2000-08-23,54.5696977451571,71.87389428593694,0.000545696977451571,0.0007187389428593694,-17.30419654077984,-0.0001730419654077984,-1560.1037043894576,1084.012975248671,False
2000-08-24,33.34814862204161,23.827433907593434,0.00033348148622041614,0.00023827433907593434,9.520714714448179,9.520714714448179e-05,-1550.5829896750095,1084.012975248671,False
2000-08-25,-3.031649874732471,8.86130898075169,-3.0316498747324713e-05,8.86130898075169e-05,-11.892958855484162,-0.00011892958855484162,-1562.4759485304937,1084.012975248671,False
2000-08-28,-30.316498747308902,-23.286061518147974,-0.000303164987473089,-0.00023286061518147975,-7.030437229160928,-7.030437229160928e-05,-1569.5063857596547,1084.012975248671,False
2000-08-29,21.2215491231162,-14.27259754500681,0.000212215491231162,-0.00014272597545006812,35.49414666812301,0.00035494146668123007,-1534.0122390915317,1084.012975248671,False
2000-08-30,118.2343451145053,165.64369988578878,0.001182343451145053,0.0016564369988578877,-47.409354771283475,-0.00047409354771283475,-1581.4215938628151,1084.012975248671,False
2000-08-31,-36.37979849677216,-9.371017287981788,-0.0003637979849677216,-9.371017287981788e-05,-27.008781208790374,-0.0002700878120879037,-1608.4303750716056,1084.012975248671,False
2000-09-01,-36.379798496770704,-8.289632368380541,-0.000363797984967707,-8.289632368380541e-05,-28.090166128390162,-0.0002809016612839016,-1636.5205411999957,1084.012975248671,False
2000-09-04,0.0,-55.757127930265895,0.0,-0.000557571279302659,55.757127930265895,0.000557571279302659,-1580.7634132697299,1084.012975248671,False
2000-09-05,-54.56969774515659,-92.07074601407155,-0.0005456969774515659,-0.0009207074601407155,37.50104826891496,0.00037501048268914956,-1543.262365000815,1084.012975248671,False
2000-09-06,-6.0632997494618905,259.07538933424394,-6.0632997494618905e-05,0.0025907538933424394,-265.1386890837058,-0.002651386890837058,-1808.4010540845206,1084.012975248671,False
2000-09-07,-27.284848872576145,-347.6633846398203,-0.0002728484887257614,-0.003476633846398203,320.37853576724416,0.003203785357672442,-1488.0225183172765,1084.012975248671,False
2000-09-08,0.0,-215.97038774211822,0.0,-0.0021597038774211824,215.97038774211822,0.0021597038774211824,-1272.0521305751583,1084.012975248671,False
2000-09-11,-528.4807205775302,-392.35866832245733,-0.005284807205775302,-0.003923586683224573,-136.12205225507284,-0.0013612205225507284,-1408.174182830231,1084.012975248671,False
2000-09-12,526.5268695467541,471.7675359024822,0.005265268695467541,0.004717675359024822,54.75933364427192,0.0005475933364427191,-1353.4148491859592,1084.012975248671,False
2000-09-13,-101.61900273806047,-85.29837020984789,-0.0010161900273806047,-0.0008529837020984789,-16.320632528212585,-0.00016320632528212586,-1369.7354817141718,1084.012975248671,False
2000-09-14,-813.263594816877,-943.2076741150223,-0.00813263594816877,-0.009432076741150224,129.9440792981453,0.001299440792981453,-1239.7914024160264,1084.012975248671,False
2000-09-15,-524.0356076966092,-422.7484030814751,-0.005240356076966092,-0.004227484030814751,-101.2872046151341,-0.001012872046151341,-1341.0786070311606,1084.012975248671,False
2000-09-18,998.6669039536305,890.6213726612228,0.009986669039536305,0.008906213726612228,108.04553129240765,0.0010804553129240765,-1233.0330757387528,1084.012975248671,False
2000-09-19,-159.75359766253365,-72.04806330180257,-0.0015975359766253366,-0.0007204806330180257,-87.70553436073108,-0.0008770553436073107,-1320.7386100994838,1084.012975248671,False
2000-09-20,34.09732776285252,-0.42192030325841756,0.0003409732776285252,-4.219203032584176e-06,34.51924806611094,0.0003451924806611094,-1286.2193620333728,1084.012975248671,False
2000-09-21,33.38308193351693,11.620189621456163,0.0003338308193351693,0.00011620189621456162,21.762892312060764,0.00021762892312060763,-1264.456469721312,1084.012975248671,False
2000-09-22,-46.72857322224063,-127.79526558772505,-0.00046728573222240625,-0.0012779526558772505,81.06669236548443,0.0008106669236548443,-1183.3897773558276,1084.012975248671,False
2000-09-25,-272.21968911917014,-232.1560736989127,-0.0027221968911917012,-0.002321560736989127,-40.063615420257435,-0.0004006361542025743,-1223.4533927760851,1084.012975248671,False
2000-09-26,160.60757673777925,140.05819651363745,0.0016060757673777926,0.0014005819651363746,20.5493802241418,0.000205493802241418,-1202.9040125519434,1084.012975248671,False
2000-09-27,356.72161918537506,611.0895860486144,0.0035672161918537506,0.006110895860486144,-254.3679668632393,-0.002543679668632393,-1457.2719794151826,1084.012975248671,False
2000-09-28,-60.63299749461849,-106.06015662757957,-0.0006063299749461849,-0.0010606015662757958,45.42715913296108,0.0004542715913296108,-1411.8448202822215,1084.012975248671,False
2000-09-29,-18.189899248384688,-27.127544286077708,-0.00018189899248384687,-0.0002712754428607771,8.93764503769302,8.93764503769302e-05,-1402.9071752445284,1084.012975248671,False
2000-10-02,-45.47474812096284,-244.11201130945392,-0.00045474748120962843,-0.002441120113094539,198.6372631884911,0.001986372631884911,-1204.2699120560374,1084.012975248671,False
2000-10-03,-48.506397995695096,182.09705538072066,-0.00048506397995695097,0.0018209705538072066,-230.60345337641576,-0.0023060345337641576,-1434.873365432453,1084.012975248671,False
2000-10-04,6.063299749461489,28.39317122616004,6.063299749461489e-05,0.0002839317122616004,-22.32987147669855,-0.0002232987147669855,-1457.2032369091517,1084.012975248671,False
2000-10-05,-806.3210768969203,-749.2129226064405,-0.008063210768969204,-0.007492129226064405,-57.108154290479774,-0.0005710815429047977,-1514.3113911996315,1084.012975248671,False
2000-10-06,24.253198997846468,-25.654577334463333,0.00024253198997846467,-0.00025654577334463334,49.9077763323098,0.000499077763323098,-1464.4036148673217,1084.012975248671,False
2000-10-09,-1288.7609793931974,-1164.089910620304,-0.012887609793931974,-0.011640899106203039,-124.67106877289348,-0.0012467106877289348,-1589.0746836402152,1084.012975248671,False
2000-10-10,-155.91687534862638,-163.31458570842065,-0.0015591687534862637,-0.0016331458570842065,7.397710359794274,7.397710359794274e-05,-1581.676973280421,1084.012975248671,False
2000-10-11,-562.0807859317864,-446.04777529007004,-0.0056208078593178645,-0.0044604777529007,-116.03301064171637,-0.0011603301064171637,-1697.7099839221373,1084.012975248671,False
2000-10-12,188.76198428537623,829.801529275086,0.0018876198428537624,0.008298015292750859,-641.0395449897097,-0.006410395449897097,-2338.749528911847,1084.012975248671,False
2000-10-13,18.085099313948078,17.129183931228724,0.0001808509931394808,0.00017129183931228724,0.9559153827193541,9.559153827193541e-06,-2337.7936135291275,1084.012975248671,False
2000-10-16,-15.158249373654435,16.88193137467097,-0.00015158249373654434,0.0001688193137467097,-32.040180748325405,-0.00032040180748325403,-2369.833794277453,1084.012975248671,False
2000-10-17,-24.25319899784501,-18.746203081305605,-0.00024253198997845011,-0.00018746203081305605,-5.506995916539406,-5.506995916539406e-05,-2375.3407901939922,1084.012975248671,False
2000-10-18,-9.09494962419316,-100.8558020257196,-9.09494962419316e-05,-0.001008558020257196,91.76085240152644,0.0009176085240152643,-2283.579937792466,1084.012975248671,False
2000-10-19,30.316498747307897,34.04981087903085,0.000303164987473079,0.0003404981087903085,-3.733312131722954,-3.733312131722954e-05,-2287.3132499241888,1084.012975248671,False
2000-10-20,-39.41144837150206,-29.10821356918551,-0.0003941144837150206,-0.00029108213569185507,-10.303234802316553,-0.00010303234802316553,-2297.6164847265054,1084.012975248671,False
2000-10-23,3.0316498747318215,68.10448148180198,3.0316498747318214e-05,0.0006810448148180198,-65.07283160707016,-0.0006507283160707016,-2362.6893163335753,1084.012975248671,False
2000-10-24,-127.32929473869899,-237.36755876378166,-0.00127329294738699,-0.0023736755876378164,110.03826402508267,0.0011003826402508268,-2252.6510523084926,1084.012975248671,False
2000-10-25,-39.41144837150121,40.37821769592691,-0.0003941144837150121,0.00040378217695926906,-79.78966606742812,-0.0007978966606742811,-2332.440718375921,1084.012975248671,False
2000-10-26,-21.22154912311805,-38.70954908125398,-0.0002122154912311805,-0.0003870954908125398,17.487999958135934,0.00017487999958135933,-2314.952718417785,1084.012975248671,False
2000-10-27,-3.03164987473036,-242.97192195544224,-3.03164987473036e-05,-0.0024297192195544223,239.94027208071188,0.002399402720807119,-2075.012446337073,1084.012975248671,False
2000-10-30,18.18989924838523,206.69021066631632,0.00018189899248385232,0.0020669021066631633,-188.50031141793107,-0.0018850031141793107,-2263.5127577550043,1084.012975248671,False
2000-10-31,-30.316498747309154,-75.15640327134103,-0.00030316498747309155,-0.0007515640327134104,44.83990452403188,0.0004483990452403188,-2218.6728532309726,1084.012975248671,False
2000-11-01,15.158249373654511,111.10385945476857,0.00015158249373654512,0.0011110385945476858,-95.94561008111405,-0.0009594561008111405,-2314.6184633120865,1084.012975248671,False
2000-11-02,6.06329974946251,-3.888386243336228,6.06329974946251e-05,-3.888386243336228e-05,9.951685992798737,9.951685992798737e-05,-2304.6667773192876,1084.012975248671,False
2000-11-03,-3.0316498747311686,-26.829076857972616,-3.0316498747311685e-05,-0.00026829076857972614,23.797426983241447,0.00023797426983241448,-2280.869350336046,1084.012975248671,False
2000-11-06,-18.18989924838671,-16.469071315792263,-0.0001818989924838671,-0.00016469071315792263,-1.720827932594446,-1.720827932594446e-05,-2282.5901782686406,1084.012975248671,False
2000-11-07,21.221549123117388,-404.5325205902156,0.00021221549123117388,-0.004045325205902156,425.75406971333297,0.00425754069713333,-1856.8361085553076,1084.012975248671,False
2000-11-08,24.253198997845764,32.71796673120535,0.00024253198997845765,0.0003271796673120535,-8.464767733359587,-8.464767733359586e-05,-1865.3008762886673,1084.012975248671,False
2000-11-09,-42.44309824623177,-260.3482359749974,-0.0004244309824623177,-0.002603482359749974,217.90513772876562,0.0021790513772876564,-1647.3957385599017,1084.012975248671,False
2000-11-10,-6.063299749462433,-131.6091280708181,-6.063299749462433e-05,-0.0013160912807081808,125.54582832135566,0.0012554582832135567,-1521.849910238546,1084.012975248671,False
2000-11-13,272.98284158457574,935.7473199056786,0.0027298284158457573,0.009357473199056787,-662.7644783211028,-0.006627644783211028,-2184.614388559649,1084.012975248671,False
2000-11-14,6.063299749462876,11.18376171449949,6.0632997494628764e-05,0.00011183761714499489,-5.120461965036613,-5.120461965036613e-05,-2189.7348505246855,1084.012975248671,False
2000-11-15,21.22154912311713,83.28718791372982,0.00021221549123117127,0.0008328718791372982,-62.065638790612695,-0.000620656387906127,-2251.8004893152984,1084.012975248671,False
2000-11-16,-3.0316498747318836,-1.2963962813785304,-3.0316498747318838e-05,-1.2963962813785304e-05,-1.7352535933533533,-1.7352535933533533e-05,-2253.5357429086516,1084.012975248671,False
2000-11-17,18.189899248385764,95.87831331867352,0.00018189899248385763,0.0009587831331867352,-77.68841407028776,-0.0007768841407028777,-2331.2241569789394,1084.012975248671,False
2000-11-20,46.83337315667716,8.487209168468167,0.0004683337315667716,8.487209168468168e-05,38.34616398820899,0.00038346163988208995,-2292.8779929907305,1084.012975248671,False
2000-11-21,-998.2544443029426,-830.6782630320322,-0.009982544443029427,-0.008306782630320322,-167.5761812709104,-0.001675761812709104,-2460.454174261641,1084.012975248671,False
2000-11-22,154.5093436768426,306.7564251173923,0.001545093436768426,0.0030675642511739233,-152.24708144054972,-0.0015224708144054972,-2612.701255702191,1084.012975248671,False
2000-11-23,755.3087909032333,502.2083957356226,0.007553087909032333,0.0050220839573562265,253.1003951676107,0.0025310039516761073,-2359.60086053458,1084.012975248671,False
2000-11-24,0.0,0.7507877872098945,0.0,7.507877872098944e-06,-0.7507877872098945,-7.507877872098944e-06,-2360.35164832179,1084.012975248671,False
2000-11-27,-15.158249373654154,52.238426133197144,-0.00015158249373654155,0.0005223842613319714,-67.3966755068513,-0.0006739667550685129,-2427.7483238286413,1084.012975248671,False
2000-11-28,-6.063299749461444,-212.28681725705218,-6.063299749461444e-05,-0.0021228681725705217,206.22351750759074,0.0020622351750759073,-2221.5248063210506,1084.012975248671,False
2000-11-29,112.17104536504203,188.12553620664508,0.0011217104536504203,0.001881255362066451,-75.95449084160305,-0.0007595449084160305,-2297.479297162654,1084.012975248671,False
2000-11-30,218.30617545240904,220.3842733883943,0.0021830617545240904,0.002203842733883943,-2.078097935985255,-2.078097935985255e-05,-2299.557395098639,1084.012975248671,False
2000-12-01,-34.42780780316261,-55.11533712696889,-0.0003442780780316261,-0.0005511533712696889,20.68752932380628,0.00020687529323806282,-2278.8698657748328,1084.012975248671,False
2000-12-04,1718.0575110937884,1806.4488069310228,0.017180575110937884,0.018064488069310228,-88.39129583723434,-0.0008839129583723433,-2367.261161612067,1084.012975248671,False
2000-12-05,121.26599498923642,-3.8137239150401285,0.0012126599498923642,-3.813723915040128e-05,125.07971890427655,0.0012507971890427655,-2242.1814427077907,1084.012975248671,False
2000-12-06,-36.37979849677071,-23.08722562181566,-0.00036379798496770713,-0.00023087225621815658,-13.292572874955052,-0.00013292572874955052,-2255.474015582746,1084.012975248671,False
2000-12-07,-30.316498747309147,-18.53880328776815,-0.0003031649874730915,-0.00018538803287768152,-11.777695459540997,-0.00011777695459540997,-2267.251711042287,1084.012975248671,False
2000-12-08,-60.632997494618486,-85.07941225409942,-0.0006063299749461848,-0.0008507941225409943,24.446414759480938,0.0002444641475948094,-2242.805296282806,1084.012975248671,False
2000-12-11,3.0316498747290783,-45.58215053767309,3.0316498747290784e-05,-0.0004558215053767309,48.61380041240216,0.00048613800412402165,-2194.1914958704037,1084.012975248671,False
2000-12-12,-60.632997494618564,-65.9713816968241,-0.0006063299749461856,-0.0006597138169682409,5.338384202205532,5.338384202205532e-05,-2188.8531116681984,1084.012975248671,False
2000-12-13,9.094949624192992,-46.10291534120035,9.094949624192993e-05,-0.0004610291534120035,55.19786496539334,0.0005519786496539335,-2133.655246702805,1084.012975248671,False
2000-12-14,42.44309824623237,-17.400743564831405,0.0004244309824623237,-0.00017400743564831406,59.84384181106377,0.0005984384181106377,-2073.8114048917414,1084.012975248671,False
2000-12-15,-27.284848872577218,8.106318399444323,-0.00027284848872577216,8.106318399444322e-05,-35.39116727202154,-0.0003539116727202154,-2109.202572163763,1084.012975248671,False
2000-12-18,0.0,12.491816993125177,0.0,0.00012491816993125178,-12.491816993125177,-0.00012491816993125178,-2121.694389156888,1084.012975248671,False
2000-12-19,81.85454661773355,-181.08909114855362,0.0008185454661773355,-0.0018108909114855362,262.94363776628717,0.0026294363776628716,-1858.750751390601,1084.012975248671,False
2000-12-20,30.316498747309524,39.601780101665675,0.00030316498747309524,0.00039601780101665673,-9.285281354356151,-9.285281354356151e-05,-1868.036032744957,1084.012975248671,False
2000-12-21,-6.063299749462003,569.0386837492167,-6.0632997494620037e-05,0.005690386837492167,-575.1019834986787,-0.005751019834986787,-2443.138016243636,1084.012975248671,False
2000-12-22,12.126599498922616,22.89428280475032,0.00012126599498922615,0.0002289428280475032,-10.767683305827703,-0.00010767683305827703,-2453.9056995494634,1084.012975248671,False
2000-12-26,30.316498747308703,22.077514812038054,0.00030316498747308705,0.00022077514812038053,8.23898393527065,8.238983935270649e-05,-2445.666715614193,1084.012975248671,False
2000-12-27,-97.01279599138871,-51.90164390108016,-0.0009701279599138872,-0.0005190164390108016,-45.11115209030855,-0.0004511115209030855,-2490.7778677045017,1084.012975248671,False
2000-12-28,-3.0316498747297844,63.7558499280392,-3.0316498747297845e-05,0.000637558499280392,-66.78749980276898,-0.0006678749980276897,-2557.565367507271,1084.012975248671,False
2000-12-29,-109.13939549031427,-158.97778175745628,-0.0010913939549031426,-0.0015897778175745629,49.83838626714201,0.0004983838626714201,-2507.7269812401287,1084.012975248671,False
2001-01-02,427.9409379235172,1088.1773626974687,0.0042794093792351716,0.010881773626974687,-660.2364247739515,-0.006602364247739515,-3167.96340601408,1084.012975248671,False
2001-01-03,-27.284848872580216,-55.917714451955746,-0.00027284848872580214,-0.0005591771445195575,28.63286557937553,0.0002863286557937553,-3139.3305404347047,1084.012975248671,False
2001-01-04,18.18989924838741,-382.7653894491175,0.00018189899248387408,-0.003827653894491175,400.9552886975049,0.004009552886975049,-2738.3752517372,1084.012975248671,False
2001-01-05,0.0,55.45902829418877,0.0,0.0005545902829418877,-55.45902829418877,-0.0005545902829418877,-2793.8342800313885,1084.012975248671,False
2001-01-08,-15.15824937365418,-5.718424692200812,-0.0001515824937365418,-5.718424692200812e-05,-9.439824681453366,-9.439824681453367e-05,-2803.274104712842,1084.012975248671,False
2001-01-09,617.6390118761867,418.15361664662083,0.006176390118761867,0.0041815361664662085,199.48539522956588,0.001994853952295659,-2603.7887094832763,1084.012975248671,False
2001-01-10,-24.25319899784764,122.46786708967606,-0.0002425319899784764,0.0012246786708967605,-146.7210660875237,-0.001467210660875237,-2750.5097755708002,1084.012975248671,False
2001-01-11,-6.063299749461115,59.49991792137047,-6.063299749461115e-05,0.0005949991792137047,-65.56321767083158,-0.0006556321767083158,-2816.0729932416316,1084.012975248671,False
2001-01-12,43.19885967301882,19.475760193907593,0.0004319885967301882,0.00019475760193907594,23.72309947911123,0.0002372309947911123,-2792.3498937625204,1084.012975248671,False
2001-01-15,0.0,-0.9188249848762444,0.0,-9.188249848762445e-06,0.9188249848762444,9.188249848762445e-06,-2791.431068777644,1084.012975248671,False
2001-01-16,-3.0316498747299563,-8.978832030399674,-3.0316498747299563e-05,-8.978832030399675e-05,5.947182155669719,5.9471821556697185e-05,-2785.4838866219743,1084.012975248671,False
2001-01-17,30.316498747308934,29.14739305355331,0.00030316498747308933,0.00029147393053553306,1.1691056937556255,1.1691056937556255e-05,-2784.3147809282186,1084.012975248671,False
2001-01-18,3.031649874729221,-2.1590002662569843,3.031649874729221e-05,-2.1590002662569843e-05,5.190650140986206,5.1906501409862056e-05,-2779.1241307872324,1084.012975248671,False
2001-01-19,63.664647369349495,30.990983799206386,0.000636646473693495,0.00030990983799206385,32.673663570143106,0.00032673663570143105,-2746.450467217089,1084.012975248671,False
2001-01-22,-9.09494962419313,184.82888434347637,-9.094949624193131e-05,0.0018482888434347637,-193.9238339676695,-0.001939238339676695,-2940.3743011847587,1084.012975248671,False
2001-01-23,-63.66464736934734,-43.01923552541641,-0.0006366464736934734,-0.0004301923552541641,-20.64541184393093,-0.0002064541184393093,-2961.0197130286897,1084.012975248671,False
2001-01-24,6.063299749461644,9.826259893599174,6.063299749461644e-05,9.826259893599173e-05,-3.76296014413753,-3.76296014413753e-05,-2964.7826731728273,1084.012975248671,False
2001-01-25,-57.601347619889054,-21.60899475690973,-0.0005760134761988905,-0.0002160899475690973,-35.992352862979324,-0.00035992352862979326,-3000.7750260358066,1084.012975248671,False
2001-01-26,-3.0316498747299994,-12.269487043895701,-3.0316498747299993e-05,-0.000122694870438957,9.2378371691657,9.237837169165702e-05,-2991.537188866641,1084.012975248671,False
2001-01-29,157.64579348600634,78.5942224255086,0.0015764579348600634,0.000785942224255086,79.05157106049774,0.0007905157106049774,-2912.485617806143,1084.012975248671,False
2001-01-30,0.0,14.702074672507969,0.0,0.00014702074672507968,-14.702074672507969,-0.00014702074672507968,-2927.187692478651,1084.012975248671,False
2001-01-31,81.85454661773548,92.22281115320126,0.0008185454661773548,0.0009222281115320127,-10.368264535465784,-0.00010368264535465783,-2937.5559570141168,1084.012975248671,False
2001-02-01,-42.44309824623184,-5.892119066662524,-0.0004244309824623184,-5.8921190666625236e-05,-36.55097917956932,-0.00036550979179569317,-2974.106936193686,1084.012975248671,False
2001-02-02,-57.601347619888855,-51.9106938658119,-0.0005760134761988886,-0.000519106938658119,-5.690653754076955,-5.6906537540769546e-05,-2979.7975899477633,1084.012975248671,False
2001-02-05,-60.632997494618266,-51.52861741922297,-0.0006063299749461827,-0.0005152861741922297,-9.104380075395298,-9.104380075395298e-05,-2988.901970023159,1084.012975248671,False
2001-02-06,-300.4486311851094,-325.6973219947213,-0.0030044863118510938,-0.0032569732199472126,25.2486908096119,0.00025248690809611903,-2963.6532792135467,1084.012975248671,False
2001-02-07,-545.0679622470861,-410.4416163952608,-0.005450679622470861,-0.004104416163952608,-134.62634585182536,-0.0013462634585182536,-3098.279625065372,1084.012975248671,False
2001-02-08,-564.3735093159661,-318.87181009337075,-0.005643735093159661,-0.0031887181009337077,-245.50169922259533,-0.0024550169922259533,-3343.7813242879674,1084.012975248671,False
2001-02-09,21.221549123117377,106.13103510130524,0.00021221549123117377,0.0010613103510130524,-84.90948597818786,-0.0008490948597818786,-3428.6908102661555,1084.012975248671,False
2001-02-12,-478.37166500300737,-406.8271261983769,-0.0047837166500300735,-0.004068271261983769,-71.54453880463046,-0.0007154453880463046,-3500.235349070786,1084.012975248671,False
2001-02-13,521.8584337909898,273.2172974784351,0.005218584337909898,0.002732172974784351,248.6411363125547,0.002486411363125547,-3251.594212758231,1084.012975248671,False
2001-02-14,-130.3609446134294,-35.428411941795005,-0.001303609446134294,-0.00035428411941795004,-94.9325326716344,-0.0009493253267163441,-3346.5267454298655,1084.012975248671,False
2001-02-15,87.917846367198,106.77052899540088,0.0008791784636719799,0.001067705289954009,-18.852682628202885,-0.00018852682628202886,-3365.3794280580682,1084.012975248671,False
2001-02-16,-66.69629724407953,-54.12674369545053,-0.0006669629724407953,-0.0005412674369545052,-12.569553548629003,-0.00012569553548629002,-3377.948981606697,1084.012975248671,False
2001-02-19,-148.9646632124357,-525.1530491455386,-0.001489646632124357,-0.005251530491455386,376.1883859331029,0.003761883859331029,-3001.7605956735943,1084.012975248671,False
2001-02-20,-163.2060535501808,-240.49571207102215,-0.001632060535501808,-0.0024049571207102214,77.28965852084136,0.0007728965852084135,-2924.470937152753,1084.012975248671,False
2001-02-21,19.688257530012038,-19.46153123990563,0.00019688257530012037,-0.00019461531239905628,39.14978876991766,0.0003914978876991766,-2885.3211483828354,1084.012975248671,False
2001-02-22,15.33567941008652,-30.462566328170922,0.0001533567941008652,-0.0003046256632817092,45.79824573825744,0.0004579824573825744,-2839.522902644578,1084.012975248671,False
2001-02-23,616.1834419894587,612.5783989242498,0.0061618344198945876,0.006125783989242498,3.6050430652089744,3.605043065208974e-05,-2835.917859579369,1084.012975248671,False
2001-02-26,48.50639799569235,61.60997433373259,0.00048506397995692354,0.0006160997433373259,-13.103576338040234,-0.00013103576338040234,-2849.0214359174092,1084.012975248671,False
2001-02-27,-18.189899248384698,-135.28913879956346,-0.00018189899248384698,-0.0013528913879956347,117.09923955117875,0.0011709923955117876,-2731.9221963662303,1084.012975248671,False
2001-02-28,-48.506397995695764,35.85168585456887,-0.00048506397995695764,0.0003585168585456887,-84.35808385026463,-0.0008435808385026464,-2816.280280216495,1084.012975248671,False
2001-03-01,-93.9811461166577,-304.9804317216077,-0.000939811461166577,-0.0030498043172160773,210.99928560495002,0.0021099928560495,-2605.2809946115453,1084.012975248671,False
2001-03-02,12.12659949892319,70.53547442721582,0.0001212659949892319,0.0007053547442721582,-58.408874928292626,-0.0005840887492829263,-2663.689869539838,1084.012975248671,False
2001-03-05,-78.82289674300488,62.77579402948362,-0.0007882289674300488,0.0006277579402948362,-141.5986907724885,-0.001415986907724885,-2805.288560312327,1084.012975248671,False
2001-03-06,45.47474812096475,60.38822601343332,0.00045474748120964746,0.0006038822601343332,-14.91347789246857,-0.0001491347789246857,-2820.2020382047954,1084.012975248671,False
2001-03-07,112.17104536504435,156.96222376978355,0.0011217104536504435,0.0015696222376978355,-44.7911784047392,-0.000447911784047392,-2864.9932166095346,1084.012975248671,False
2001-03-08,163.7090932354688,330.6651260251481,0.001637090932354688,0.003306651260251481,-166.95603278967928,-0.0016695603278967929,-3031.949249399214,1084.012975248671,False
2001-03-09,24.25319899784837,-3.482430898928623,0.0002425319899784837,-3.482430898928623e-05,27.73562989677699,0.0002773562989677699,-3004.213619502437,1084.012975248671,False
2001-03-12,-145.51919398708506,116.15184149820448,-0.0014551919398708506,0.0011615184149820447,-261.6710354852895,-0.0026167103548528953,-3265.884654987726,1084.012975248671,False
2001-03-13,-354.9631481236336,-452.65454643731,-0.0035496314812363356,-0.0045265454643731,97.69139831367642,0.000976913983136764,-3168.1932566740497,1084.012975248671,False
2001-03-14,-417.87011031717947,-419.98054533740935,-0.004178701103171795,-0.0041998054533740935,2.110435020229886,2.110435020229886e-05,-3166.08282165382,1084.012975248671,False
2001-03-15,-528.6163846978895,-516.3527243018959,-0.005286163846978896,-0.005163527243018959,-12.263660395993611,-0.00012263660395993612,-3178.3464820498134,1084.012975248671,False
2001-03-16,727.0882374070178,607.6647886667038,0.007270882374070178,0.006076647886667038,119.42344874031403,0.0011942344874031404,-3058.9230333094993,1084.012975248671,False
2001-03-19,-190.50487574734893,-148.95938907691345,-0.0019050487574734894,-0.0014895938907691344,-41.54548667043548,-0.0004154548667043548,-3100.4685199799346,1084.012975248671,False
2001-03-20,-105.0092333599858,-40.203490138789576,-0.0010500923335998579,-0.00040203490138789575,-64.80574322119622,-0.0006480574322119622,-3165.274263201131,1084.012975248671,False
2001-03-21,405.5431045283822,178.13891088616407,0.004055431045283822,0.0017813891088616406,227.4041936422181,0.002274041936422181,-2937.8700695589127,1084.012975248671,False
2001-03-22,268.0817371889597,271.1252755902935,0.002680817371889597,0.002711252755902935,-3.0435384013337625,-3.0435384013337624e-05,-2940.9136079602467,1084.012975248671,False
2001-03-23,12.126599498925293,39.38593452500429,0.00012126599498925292,0.0003938593452500429,-27.259335026078993,-0.00027259335026078995,-2968.172942986326,1084.012975248671,False
2001-03-26,-30.316498747309613,-66.75786364370958,-0.0003031649874730961,-0.0006675786364370958,36.441364896399975,0.00036441364896399974,-2931.7315780899257,1084.012975248671,False
2001-03-27,-42.443098246232864,-53.72251373565439,-0.00042443098246232867,-0.0005372251373565439,11.279415489421524,0.00011279415489421524,-2920.4521626005044,1084.012975248671,False
2001-03-28,21.221549123115913,24.41294363076825,0.00021221549123115913,0.0002441294363076825,-3.191394507652337,-3.191394507652337e-05,-2923.6435571081565,1084.012975248671,False
2001-03-29,-36.37979849677084,-74.20119153545191,-0.0003637979849677084,-0.0007420119153545191,37.82139303868107,0.00037821393038681074,-2885.8221640694755,1084.012975248671,False
2001-03-30,-78.82289674300199,-54.77969660429716,-0.0007882289674300199,-0.0005477969660429716,-24.043200138704833,-0.00024043200138704833,-2909.8653642081804,1084.012975248671,False
2001-04-02,39.41144837149939,52.20692759764445,0.0003941144837149939,0.0005220692759764445,-12.795479226145062,-0.00012795479226145062,-2922.660843434325,1084.012975248671,False
2001-04-03,79.50220926086129,19.772523018443977,0.0007950220926086129,0.00019772523018443975,59.729686242417316,0.0005972968624241732,-2862.931157191908,1084.012975248671,False
2001-04-04,1136.293052984073,1211.4809463496422,0.01136293052984073,0.012114809463496422,-75.18789336556915,-0.0007518789336556915,-2938.119050557477,1084.012975248671,False
2001-04-05,54.56969774515456,59.660981204449584,0.0005456969774515456,0.0005966098120444959,-5.0912834592950205,-5.0912834592950207e-05,-2943.210334016772,1084.012975248671,False
2001-04-06,-51.53804787042549,5.009749639066072,-0.0005153804787042549,5.0097496390660725e-05,-56.54779750949156,-0.0005654779750949156,-2999.7581315262632,1084.012975248671,False
2001-04-09,641.4963358409584,286.9905191196178,0.006414963358409584,0.0028699051911961777,354.50581672134064,0.0035450581672134066,-2645.2523148049227,1084.012975248671,False
2001-04-10,42.44309824623386,70.88454348356169,0.0004244309824623386,0.0007088454348356169,-28.441445237327827,-0.00028441445237327825,-2673.6937600422507,1084.012975248671,False
2001-04-11,39.41144837150023,16.105910932777718,0.0003941144837150023,0.00016105910932777718,23.30553743872251,0.0002330553743872251,-2650.388222603528,1084.012975248671,False
2001-04-12,97.01279599139112,143.98949679011758,0.0009701279599139112,0.0014398949679011758,-46.97670079872647,-0.0004697670079872647,-2697.3649234022546,1084.012975248671,False
2001-04-16,-69.72794711881062,-107.38363707687813,-0.0006972794711881062,-0.0010738363707687812,37.65568995806751,0.00037655689958067515,-2659.7092334441872,1084.012975248671,False
2001-04-17,6.063299749460851,-41.34836536638191,6.063299749460852e-05,-0.0004134836536638191,47.411665115842766,0.00047411665115842765,-2612.2975683283444,1084.012975248671,False
2001-04-18,121.26599498923687,210.47246395532858,0.0012126599498923688,0.002104724639553286,-89.2064689660917,-0.0008920646896609171,-2701.504037294436,1084.012975248671,False
2001-04-19,-18.18989924838671,-24.317322673158497,-0.0001818989924838671,-0.00024317322673158496,6.127423424771788,6.127423424771787e-05,-2695.376613869664,1084.012975248671,False
2001-04-20,-33.34814862203868,27.57530998886906,-0.00033348148622038676,0.0002757530998886906,-60.92345861090774,-0.0006092345861090773,-2756.300072480572,1084.012975248671,False
2001-04-23,-54.03790827309733,-32.9228608121105,-0.0005403790827309733,-0.000329228608121105,-21.11504746098683,-0.0002111504746098683,-2777.4151199415587,1084.012975248671,False
2001-04-24,42.19856506588546,90.98728257855667,0.0004219856506588546,0.0009098728257855667,-48.78871751267121,-0.0004878871751267121,-2826.20383745423,1084.012975248671,False
2001-04-25,127.54668440744962,34.27903381925978,0.0012754668440744961,0.0003427903381925978,93.26765058818984,0.0009326765058818983,-2732.93618686604,1084.012975248671,False
2001-04-26,-6.06329974946118,73.0580586042479,-6.06329974946118e-05,0.0007305805860424791,-79.12135835370908,-0.0007912135835370909,-2812.057545219749,1084.012975248671,False
2001-04-27,3.031649874729212,86.64192155229286,3.031649874729212e-05,0.0008664192155229286,-83.61027167756365,-0.0008361027167756365,-2895.6678168973126,1084.012975248671,False
2001-04-30,24.25319899784757,26.326073037150234,0.0002425319899784757,0.00026326073037150234,-2.072874039302665,-2.0728740393026648e-05,-2897.7406909366155,1084.012975248671,False
2001-05-01,60.6329974946165,68.66003779983555,0.000606329974946165,0.0006866003779983555,-8.027040305219053,-8.027040305219053e-05,-2905.7677312418346,1084.012975248671,False
2001-05-02,54.5696977451539,67.97345303463189,0.000545696977451539,0.0006797345303463189,-13.403755289477985,-0.00013403755289477986,-2919.1714865313124,1084.012975248671,False
2001-05-03,-12.126599498922705,22.017134665574464,-0.00012126599498922705,0.00022017134665574463,-34.14373416449717,-0.0003414373416449717,-2953.31522069581,1084.012975248671,False
2001-05-04,0.0,-16.830137759272574,0.0,-0.00016830137759272574,16.830137759272574,0.00016830137759272574,-2936.4850829365373,1084.012975248671,False
2001-05-07,197.04863768992013,63.809603019809686,0.001970486376899201,0.0006380960301980968,133.23903467011044,0.0013323903467011044,-2803.246048266427,1084.012975248671,False
2001-05-08,229.04676544383562,257.0550876666163,0.0022904676544383564,0.0025705508766661633,-28.00832222278069,-0.00028008322222780694,-2831.2543704892078,1084.012975248671,False
2001-05-09,-28.92294040011491,-39.450779778442595,-0.0002892294040011491,-0.000394507797784426,10.527839378327684,0.00010527839378327684,-2820.72653111088,1084.012975248671,False
2001-05-10,-208.8694415531292,-201.49326830150352,-0.002088694415531292,-0.0020149326830150352,-7.376173251625687,-7.376173251625687e-05,-2828.1027043625054,1084.012975248671,False
2001-05-11,28.034028013392703,45.07790055038606,0.00028034028013392703,0.0004507790055038606,-17.04387253699336,-0.00017043872536993358,-2845.1465768994985,1084.012975248671,False
2001-05-14,55.92832278086968,88.13891484050119,0.0005592832278086968,0.0008813891484050119,-32.21059205963151,-0.0003221059205963151,-2877.35716895913,1084.012975248671,False
2001-05-15,715.0202984288692,513.1350216300025,0.007150202984288692,0.005131350216300025,201.8852767988667,0.002018852767988667,-2675.4718921602635,1084.012975248671,False
2001-05-16,145.51919398708515,166.54308766447286,0.0014551919398708515,0.0016654308766447287,-21.02389367738772,-0.00021023893677387718,-2696.495785837651,1084.012975248671,False
2001-05-17,1673.4707308514653,1619.6854218507347,0.016734707308514653,0.016196854218507348,53.78530900073065,0.0005378530900073065,-2642.7104768369204,1084.012975248671,False
2001-05-18,-121.26599498923731,-211.27753367517332,-0.0012126599498923731,-0.002112775336751733,90.011538685936,0.00090011538685936,-2552.6989381509843,1084.012975248671,False
2001-05-21,-27.284848872578685,-31.9664993146481,-0.00027284848872578685,-0.000319664993146481,4.681650442069415,4.681650442069415e-05,-2548.017287708915,1084.012975248671,False
2001-05-22,-181.8989924838567,-182.08270143321684,-0.0018189899248385669,-0.0018208270143321684,0.18370894936015247,1.8370894936015247e-06,-2547.8335787595547,1084.012975248671,False
2001-05-23,-557.8235769504918,-544.479885320674,-0.005578235769504918,-0.00544479885320674,-13.343691629817727,-0.00013343691629817727,-2561.1772703893726,1084.012975248671,False
2001-05-24,-109.13939549030921,-110.58680598543143,-0.0010913939549030921,-0.0011058680598543143,1.447410495122213,1.4474104951222132e-05,-2559.7298598942502,1084.012975248671,False
2001-05-25,-521.4437784537208,-514.8785463364285,-0.005214437784537208,-0.005148785463364285,-6.565232117292339,-6.56523211729234e-05,-2566.2950920115427,1084.012975248671,False
2001-05-28,0.0,66.78485979593383,0.0,0.0006678485979593383,-66.78485979593383,-0.0006678485979593383,-2633.0799518074764,1084.012975248671,False
2001-05-29,-591.1717255725285,-741.895244447317,-0.005911717255725285,-0.00741895244447317,150.7235188747885,0.0015072351887478852,-2482.3564329326878,1084.012975248671,False
2001-05-30,-30.316498747309133,-0.872243694002492,-0.00030316498747309133,-8.72243694002492e-06,-29.44425505330664,-0.0002944425505330664,-2511.8006879859945,1084.012975248671,False
2001-05-31,367.7207466591217,253.93865202574986,0.0036772074665912167,0.002539386520257499,113.78209463337183,0.0011378209463337183,-2398.0185933526227,1084.012975248671,False
2001-06-01,-45.47474812096275,-43.42672571335895,-0.0004547474812096275,-0.0004342672571335895,-2.0480224076038027,-2.0480224076038026e-05,-2400.0666157602263,1084.012975248671,False
2001-06-04,18.189899248387448,4.713391289637606,0.0001818989924838745,4.713391289637606e-05,13.476507958749842,0.00013476507958749842,-2386.5901078014763,1084.012975248671,False
2001-06-05,-3.0316498747326337,-22.496045649038614,-3.0316498747326336e-05,-0.00022496045649038614,19.46439577430598,0.0001946439577430598,-2367.1257120271703,1084.012975248671,False
2001-06-06,9.094949624194031,17.56556914447983,9.094949624194031e-05,0.00017565569144479832,-8.4706195202858,-8.4706195202858e-05,-2375.596331547456,1084.012975248671,False
2001-06-07,218.27879098062505,185.12365802025212,0.0021827879098062506,0.0018512365802025213,33.155132960372924,0.00033155132960372926,-2342.441198587083,1084.012975248671,False
2001-06-08,-339.5447859698644,-290.8571943757419,-0.003395447859698644,-0.0029085719437574194,-48.687591594122466,-0.00048687591594122467,-2391.128790181205,1084.012975248671,False
2001-06-11,98.93814381064132,64.59798736404981,0.0009893814381064132,0.0006459798736404981,34.34015644659151,0.00034340156446591505,-2356.7886337346135,1084.012975248671,False
2001-06-12,-466.41687044983786,-573.5652864882512,-0.004664168704498379,-0.005735652864882512,107.14841603841336,0.0010714841603841336,-2249.6402176962,1084.012975248671,False
2001-06-13,-492.80314744021155,-681.9697351383745,-0.004928031474402115,-0.0068196973513837454,189.16658769816297,0.0018916658769816297,-2060.4736299980373,1084.012975248671,False
2001-06-14,-142.62004224903643,-168.04886756467215,-0.0014262004224903644,-0.0016804886756467215,25.42882531563572,0.0002542882531563572,-2035.0448046824015,1084.012975248671,False
2001-06-15,-372.3280087336835,-319.44307425488546,-0.0037232800873368346,-0.0031944307425488547,-52.884934478798016,-0.0005288493447879801,-2087.9297391611994,1084.012975248671,False
2001-06-18,106.14137328054747,101.18844775248738,0.0010614137328054747,0.0010118844775248738,4.952925528060092,4.952925528060092e-05,-2082.9768136331395,1084.012975248671,False
2001-06-19,693.2915808264432,601.542992793092,0.006932915808264432,0.0060154299279309206,91.74858803335121,0.0009174858803335121,-1991.2282255997884,1084.012975248671,False
2001-06-20,490.8804743258303,399.92861697039973,0.004908804743258303,0.003999286169703998,90.95185735543055,0.0009095185735543055,-1900.2763682443579,1084.012975248671,False
2001-06-21,-79.21877177608293,-74.03684240915601,-0.0007921877177608294,-0.0007403684240915601,-5.181929366926923,-5.181929366926923e-05,-1905.4582976112847,1084.012975248671,False
2001-06-22,212.21549123116145,186.71732414473325,0.0021221549123116145,0.0018671732414473326,25.498167086428197,0.000254981670864282,-1879.9601305248566,1084.012975248671,False
2001-06-25,192.1701107864881,183.4901343185867,0.001921701107864881,0.0018349013431858672,8.679976467901383,8.679976467901383e-05,-1871.2801540569553,1084.012975248671,False
2001-06-26,-281.12439258620554,-340.4649280084227,-0.0028112439258620556,-0.003404649280084227,59.34053542221716,0.0005934053542221715,-1811.939618634738,1084.012975248671,False
2001-06-27,-45.005035471981415,-42.32153698872919,-0.00045005035471981414,-0.0004232153698872919,-2.6834984832522224,-2.6834984832522225e-05,-1814.6231171179902,1084.012975248671,False
2001-06-28,156.32989156165564,204.94172415321574,0.0015632989156165564,0.0020494172415321575,-48.6118325915601,-0.000486118325915601,-1863.2349497095504,1084.012975248671,False
2001-06-29,-44.86530222605971,-26.350916952969676,-0.0004486530222605971,-0.00026350916952969675,-18.514385273090035,-0.00018514385273090035,-1881.7493349826404,1084.012975248671,False
2001-07-02,-163.70909323547366,-174.6739605717498,-0.0016370909323547365,-0.001746739605717498,10.964867336276143,0.00010964867336276143,-1870.7844676463642,1084.012975248671,False
2001-07-03,-75.79124686827281,-61.60870291933942,-0.0007579124686827281,-0.0006160870291933942,-14.182543948933386,-0.00014182543948933386,-1884.9670115952977,1084.012975248671,False
2001-07-04,0.0,14.61328544007913,0.0,0.0001461328544007913,-14.61328544007913,-0.0001461328544007913,-1899.5802970353768,1084.012975248671,False
2001-07-05,24.253198997846972,-51.97478561324421,0.0002425319899784697,-0.000519747856132442,76.22798461109119,0.0007622798461109118,-1823.3523124242856,1084.012975248671,False
2001-07-06,12.126599498923573,77.69436734097556,0.00012126599498923574,0.0007769436734097556,-65.56776784205199,-0.00065567767842052,-1888.9200802663377,1084.012975248671,False
2001-07-09,-401.75267942920726,-268.3950731641727,-0.004017526794292073,-0.002683950731641727,-133.35760626503458,-0.0013335760626503458,-2022.2776865313722,1084.012975248671,False
2001-07-10,63.66464736935093,123.79875008230542,0.0006366464736935093,0.001237987500823054,-60.13410271295449,-0.0006013410271295448,-2082.411789244327,1084.012975248671,False
2001-07-11,455.8459206949554,240.64011158721618,0.004558459206949554,0.002406401115872162,215.2058091077392,0.0021520580910773923,-1867.2059801365876,1084.012975248671,False
2001-07-12,15.15824937365418,42.45506730223384,0.0001515824937365418,0.00042455067302233843,-27.296817928579664,-0.00027296817928579666,-1894.5027980651673,1084.012975248671,False
2001-07-13,-6.063299749463052,-24.146911493948142,-6.063299749463052e-05,-0.00024146911493948142,18.08361174448509,0.0001808361174448509,-1876.4191863206822,1084.012975248671,False
2001-07-16,36.379798496771684,65.05480253385761,0.00036379798496771683,0.0006505480253385761,-28.675004037085927,-0.0002867500403708593,-1905.0941903577682,1084.012975248671,False
2001-07-17,200.08889173223966,189.9527499562724,0.0020008889173223966,0.0018995274995627241,10.136141775967246,0.00010136141775967246,-1894.958048581801,1084.012975248671,False
2001-07-18,-100.04444586612316,-58.96987254135912,-0.0010004444586612315,-0.0005896987254135912,-41.07457332476403,-0.0004107457332476403,-1936.032621906565,1084.012975248671,False
2001-07-19,45.47474812096483,30.771423216212362,0.00045474748120964833,0.0003077142321621236,14.70332490475247,0.0001470332490475247,-1921.3292970018126,1084.012975248671,False
2001-07-20,-415.6153377855109,-319.8874559445601,-0.004156153377855109,-0.003198874559445601,-95.72788184095083,-0.0009572788184095083,-2017.0571788427635,1084.012975248671,False
2001-07-23,-112.25699222500624,-100.71300800098699,-0.0011225699222500625,-0.0010071300800098698,-11.543984224019255,-0.00011543984224019255,-2028.6011630667826,1084.012975248671,False
2001-07-24,-104.06322577603989,-20.06635138208435,-0.0010406322577603988,-0.0002006635138208435,-83.99687439395554,-0.0008399687439395553,-2112.5980374607384,1084.012975248671,False
2001-07-25,371.39717824486786,349.3859172810016,0.0037139717824486787,0.0034938591728100156,22.011260963866278,0.00022011260963866278,-2090.586776496872,1084.012975248671,False
2001-07-26,235.81229055275193,185.15759537812283,0.002358122905527519,0.0018515759537812283,50.6546951746291,0.000506546951746291,-2039.932081322243,1084.012975248671,False
2001-07-27,-67.56002458897865,-40.80182320877129,-0.0006756002458897864,-0.0004080182320877129,-26.75820138020736,-0.0002675820138020736,-2066.6902827024505,1084.012975248671,False
2001-07-30,112.92680679182848,96.31163275305121,0.0011292680679182848,0.0009631163275305121,16.61517403877727,0.0001661517403877727,-2050.0751086636733,1084.012975248671,False
2001-07-31,100.04444586612533,95.14899929082027,0.0010004444586612534,0.0009514899929082027,4.8954465753050584,4.895446575305059e-05,-2045.1796620883683,1084.012975248671,False
2001-08-01,0.0,19.711358147264185,0.0,0.00019711358147264185,-19.711358147264185,-0.00019711358147264185,-2064.8910202356324,1084.012975248671,False
2001-08-02,75.79124686827078,56.50343353743781,0.0007579124686827078,0.0005650343353743781,19.287813330832968,0.00019287813330832969,-2045.6032069047994,1084.012975248671,False
2001-08-03,-109.13939549031518,-135.3919741940997,-0.0010913939549031517,-0.001353919741940997,26.252578703784522,0.0002625257870378452,-2019.3506282010148,1084.012975248671,False
2001-08-06,-23.08044662170431,9.206456601628616,-0.00023080446621704312,9.206456601628616e-05,-32.28690322333293,-0.0003228690322333293,-2051.637531424348,1084.012975248671,False
2001-08-07,-663.8162009544673,-492.1637906168054,-0.006638162009544673,-0.004921637906168054,-171.65241033766188,-0.0017165241033766188,-2223.2899417620097,1084.012975248671,False
2001-08-08,687.757532026295,661.2137182506292,0.00687757532026295,0.006612137182506292,26.543813775665853,0.0002654381377566585,-2196.7461279863437,1084.012975248671,False
2001-08-09,-14.275114263622115,12.690196918550498,-0.00014275114263622116,0.00012690196918550497,-26.965311182172613,-0.0002696531118217261,-2223.7114391685163,1084.012975248671,False
2001-08-10,375.3761507084836,299.80197843211545,0.003753761507084836,0.0029980197843211547,75.57417227636813,0.0007557417227636814,-2148.137266892148,1084.012975248671,False
2001-08-13,45.47474812096456,33.6878565924931,0.0004547474812096456,0.000336878565924931,11.786891528471465,0.00011786891528471464,-2136.3503753636764,1084.012975248671,False
2001-08-14,-84.88619649247161,-74.85454163054226,-0.0008488619649247161,-0.0007485454163054226,-10.031654861929354,-0.00010031654861929354,-2146.382030225606,1084.012975248671,False
2001-08-15,52.86962752714414,5.872479023316082,0.0005286962752714414,5.872479023316082e-05,46.99714850382806,0.00046997148503828055,-2099.3848817217777,1084.012975248671,False
2001-08-16,52.38299491113065,183.11053620618088,0.0005238299491113065,0.001831105362061809,-130.72754129505023,-0.0013072754129505022,-2230.112423016828,1084.012975248671,False
2001-08-17,-206.1521914817017,-120.13060545647382,-0.002061521914817017,-0.0012013060545647382,-86.02158602522788,-0.0008602158602522788,-2316.134009042056,1084.012975248671,False
2001-08-20,-468.48496531265886,-385.9882510246076,-0.004684849653126589,-0.003859882510246076,-82.49671428805124,-0.0008249671428805123,-2398.6307233301072,1084.012975248671,False
2001-08-21,230.1808544757414,139.03529427326498,0.002301808544757414,0.0013903529427326498,91.14556020247642,0.0009114556020247642,-2307.4851631276306,1084.012975248671,False
2001-08-22,-31.252203370954597,-1.7471222471396288,-0.000312522033709546,-1.7471222471396288e-05,-29.505081123814968,-0.00029505081123814967,-2336.9902442514453,1084.012975248671,False
2001-08-23,135.93918371589962,49.24940196604257,0.0013593918371589961,0.0004924940196604257,86.68978174985705,0.0008668978174985705,-2250.3004625015883,1084.012975248671,False
2001-08-24,0.0,-16.541774390584692,0.0,-0.00016541774390584692,16.541774390584692,0.00016541774390584692,-2233.7586881110037,1084.012975248671,False
2001-08-27,-60.63299749462165,-86.42021955208617,-0.0006063299749462165,-0.0008642021955208617,25.78722205746452,0.00025787222057464516,-2207.971466053539,1084.012975248671,False
2001-08-28,82.8133256274239,56.152261855916294,0.0008281332562742389,0.0005615226185591629,26.6610637715076,0.000266610637715076,-2181.3104022820316,1084.012975248671,False
2001-08-29,-15.523162088203662,-98.3305178003441,-0.00015523162088203663,-0.000983305178003441,82.80735571214043,0.0008280735571214044,-2098.503046569891,1084.012975248671,False
2001-08-30,99.81096660193249,58.655324951585456,0.0009981096660193248,0.0005865532495158546,41.155641650347036,0.00041155641650347037,-2057.347404919544,1084.012975248671,False
2001-08-31,-454.5080724827328,-404.811180959529,-0.004545080724827328,-0.00404811180959529,-49.69689152320382,-0.0004969689152320381,-2107.0442964427475,1084.012975248671,False
2001-09-03,-254.682557646884,-218.29748022309437,-0.00254682557646884,-0.002182974802230944,-36.385077423789625,-0.00036385077423789627,-2143.429373866537,1084.012975248671,False
2001-09-04,14.4765758813991,2.2268628385564853,0.00014476575881399099,2.2268628385564853e-05,12.249713042842615,0.00012249713042842615,-2131.179660823694,1084.012975248671,False
2001-09-05,-1024.149455502661,-980.6181084961258,-0.010241494555026612,-0.00980618108496126,-43.53134700653527,-0.0004353134700653527,-2174.7110078302294,1084.012975248671,False
2001-09-06,-202.34974591263475,-169.8644504923895,-0.0020234974591263476,-0.001698644504923895,-32.48529542024525,-0.0003248529542024525,-2207.1963032504746,1084.012975248671,False
2001-09-07,103.1752071727479,52.500340204575664,0.0010317520717274791,0.0005250034020457566,50.67486696817224,0.0005067486696817224,-2156.521436282302,1084.012975248671,False
2001-09-10,-599.6066976737172,-528.0353456228347,-0.0059960669767371725,-0.005280353456228347,-71.57135205088252,-0.0007157135205088253,-2228.0927883331847,1084.012975248671,False
2001-09-11,1762.789693763978,1631.8376802064556,0.01762789693763978,0.016318376802064556,130.95201355752238,0.0013095201355752238,-2097.140774775662,1084.012975248671,False
2001-09-14,45.47474812096239,65.95189913937924,0.0004547474812096239,0.0006595189913937924,-20.477151018416848,-0.00020477151018416848,-2117.617925794079,1084.012975248671,False
2001-09-17,-285.91948579010335,-248.27793224353522,-0.0028591948579010334,-0.0024827793224353524,-37.64155354656813,-0.00037641553546568135,-2155.259479340647,1084.012975248671,False
2001-09-18,-238.99689229875472,-221.35191526408752,-0.002389968922987547,-0.0022135191526408754,-17.644977034667193,-0.00017644977034667191,-2172.904456375314,1084.012975248671,False
2001-09-19,-727.2775897807333,-793.5050154138551,-0.007272775897807332,-0.00793505015413855,66.22742563312181,0.0006622742563312181,-2106.677030742192,1084.012975248671,False
2001-09-20,13.529665155574776,-35.434397367997775,0.00013529665155574775,-0.00035434397367997776,48.96406252357255,0.0004896406252357256,-2057.7129682186196,1084.012975248671,False
2001-09-21,490.49922169722464,644.8081792270909,0.004904992216972246,0.006448081792270909,-154.3089575298663,-0.001543089575298663,-2212.021925748486,1084.012975248671,False
2001-09-24,81.85454661773502,97.8557132297403,0.0008185454661773503,0.000978557132297403,-16.001166612005278,-0.00016001166612005278,-2228.0230923604913,1084.012975248671,False
2001-09-25,363.7979849677124,327.7655069971874,0.003637979849677124,0.003277655069971874,36.03247797052501,0.0003603247797052501,-2191.990614389966,1084.012975248671,False
2001-09-26,-143.02737370291612,-151.74875456583823,-0.0014302737370291611,-0.0015174875456583823,8.721380862922103,8.721380862922103e-05,-2183.269233527044,1084.012975248671,False
2001-09-27,204.6680530999153,208.6219657899765,0.002046680530999153,0.0020862196578997653,-3.953912690061202,-3.9539126900612016e-05,-2187.2231462171053,1084.012975248671,False
2001-09-28,-97.01279599139183,-89.93333348994265,-0.0009701279599139183,-0.0008993333348994265,-7.079462501449171,-7.079462501449171e-05,-2194.3026087185544,1084.012975248671,False
2001-10-01,-278.91178847524196,-269.23361668353976,-0.0027891178847524196,-0.0026923361668353975,-9.678171791702198,-9.678171791702198e-05,-2203.9807805102564,1084.012975248671,False
2001-10-02,63.664647369350774,-8.129262996953813,0.0006366464736935077,-8.129262996953813e-05,71.79391036630459,0.0007179391036630458,-2132.1868701439516,1084.012975248671,False
2001-10-03,0.0,9.620678402724561,0.0,9.620678402724561e-05,-9.620678402724561,-9.620678402724561e-05,-2141.807548546676,1084.012975248671,False
2001-10-04,136.4242443628919,135.0127172143332,0.001364242443628919,0.0013501271721433322,1.4115271485586902,1.4115271485586901e-05,-2140.396021398117,1084.012975248671,False
2001-10-05,109.13939549030948,106.60501658329588,0.001091393954903095,0.0010660501658329587,2.534378907013604,2.5343789070136042e-05,-2137.861642491104,1084.012975248671,False
2001-10-08,-531.8624198021457,-450.3907497708237,-0.005318624198021457,-0.004503907497708237,-81.47167003132205,-0.0008147167003132204,-2219.333312522426,1084.012975248671,False
2001-10-09,162.15644793065292,105.58373114620316,0.0016215644793065292,0.0010558373114620317,56.57271678444975,0.0005657271678444976,-2162.760595737976,1084.012975248671,False
2001-10-10,-248.59528972793512,-239.20308347203283,-0.002485952897279351,-0.0023920308347203283,-9.392206255902295,-9.392206255902294e-05,-2172.1528019938783,1084.012975248671,False
2001-10-11,187.96229223331363,196.59531465143738,0.0018796229223331364,0.001965953146514374,-8.633022418123744,-8.633022418123744e-05,-2180.785824412002,1084.012975248671,False
2001-10-12,-181.89899248385507,-212.6472791146366,-0.0018189899248385506,-0.002126472791146366,30.748286630781536,0.00030748286630781534,-2150.0375377812206,1084.012975248671,False
2001-10-15,236.91452348267953,230.2572590470583,0.002369145234826795,0.002302572590470583,6.657264435621215,6.657264435621216e-05,-2143.3802733455996,1084.012975248671,False
2001-10-16,133.39259448815758,155.50596909456172,0.0013339259448815759,0.0015550596909456173,-22.113374606404136,-0.00022113374606404137,-2165.493647952004,1084.012975248671,False
2001-10-17,-381.9878842160921,-425.91874454337335,-0.003819878842160921,-0.0042591874454337335,43.930860327281266,0.00043930860327281263,-2121.5627876247227,1084.012975248671,False
2001-10-18,54.569697745156034,63.2772502856092,0.0005456969774515604,0.000632772502856092,-8.707552540453165,-8.707552540453165e-05,-2130.2703401651756,1084.012975248671,False
2001-10-19,-418.3676827128636,-512.8537851666067,-0.004183676827128636,-0.005128537851666067,94.48610245374311,0.0009448610245374312,-2035.7842377114325,1084.012975248671,False
2001-10-22,24.253198997847317,20.369886327255042,0.00024253198997847318,0.0002036988632725504,3.883312670592275,3.883312670592275e-05,-2031.9009250408403,1084.012975248671,False
2001-10-23,-18.18989924838759,-34.152546906737555,-0.0001818989924838759,-0.00034152546906737557,15.962647658349965,0.00015962647658349964,-2015.9382773824905,1084.012975248671,False
2001-10-24,288.00673809943726,246.33993032311514,0.0028800673809943724,0.0024633993032311514,41.666807776322116,0.0004166680777632212,-1974.2714696061685,1084.012975248671,False
2001-10-25,9.094949624191562,-1.304776178813027,9.094949624191563e-05,-1.304776178813027e-05,10.39972580300459,0.0001039972580300459,-1963.8717438031638,1084.012975248671,False
2001-10-26,169.77239298492492,215.1398857748663,0.0016977239298492492,0.002151398857748663,-45.367492789941366,-0.00045367492789941366,-2009.239236593105,1084.012975248671,False
2001-10-29,32.45144643543311,1.2296954341563833,0.0003245144643543311,1.2296954341563832e-05,31.22175100127673,0.0003122175100127673,-1978.0174855918283,1084.012975248671,False
2001-10-30,94.92448835416465,26.68655618328657,0.0009492448835416466,0.0002668655618328657,68.23793217087808,0.0006823793217087808,-1909.7795534209502,1084.012975248671,False
2001-10-31,667.7257092997661,818.0968899492118,0.006677257092997661,0.008180968899492118,-150.3711806494457,-0.001503711806494457,-2060.1507340703956,1084.012975248671,False
2001-11-01,82.64629668389563,72.30603018153082,0.0008264629668389563,0.0007230603018153082,10.340266502364813,0.00010340266502364813,-2049.8104675680306,1084.012975248671,False
2001-11-02,88.23313995394497,64.02261373229331,0.0008823313995394497,0.0006402261373229331,24.210526221651662,0.00024210526221651662,-2025.599941346379,1084.012975248671,False
2001-11-05,84.88619649246397,123.00308815198655,0.0008488619649246397,0.0012300308815198654,-38.11689165952258,-0.0003811689165952258,-2063.7168330059017,1084.012975248671,False
2001-11-06,133.39259448816637,132.5186842945767,0.0013339259448816637,0.001325186842945767,0.8739101935896656,8.739101935896656e-06,-2062.842922812312,1084.012975248671,False
2001-11-07,-509.3171789547932,-459.4890235583456,-0.005093171789547932,-0.004594890235583456,-49.828155396447585,-0.0004982815539644758,-2112.6710782087594,1084.012975248671,False
2001-11-08,36.37979849676838,43.688592129945555,0.0003637979849676838,0.00043688592129945554,-7.308793633177174,-7.308793633177175e-05,-2119.9798718419365,1084.012975248671,False
2001-11-09,109.13939549031953,98.12852331688312,0.0010913939549031953,0.0009812852331688312,11.010872173436411,0.00011010872173436411,-2108.9689996685,1084.012975248671,False
2001-11-12,-72.75959699354554,-72.1171715113795,-0.0007275959699354555,-0.000721171715113795,-0.6424254821660469,-6.424254821660469e-06,-2109.611425150666,1084.012975248671,False
2001-11-13,0.0,7.340520124486124,0.0,7.340520124486124e-05,-7.340520124486124,-7.340520124486124e-05,-2116.951945275152,1084.012975248671,False
2001-11-14,-409.27273308866927,-436.9752741814995,-0.004092727330886693,-0.004369752741814995,27.702541092830245,0.0002770254109283024,-2089.2494041823215,1084.012975248671,False
2001-11-15,-36.37979849677222,-28.819922395379642,-0.0003637979849677222,-0.0002881992239537964,-7.559876101392575,-7.559876101392575e-05,-2096.809280283714,1084.012975248671,False
2001-11-16,-242.53198997847548,-280.6128226887093,-0.002425319899784755,-0.002806128226887093,38.08083271023381,0.00038080832710233806,-2058.7284475734805,1084.012975248671,False
2001-11-19,27.28484887257998,1.8138944486901556,0.0002728484887257998,1.8138944486901556e-05,25.470954423889822,0.00025470954423889824,-2033.2574931495906,1084.012975248671,False
2001-11-20,-12.1265994989193,-25.315507730860162,-0.00012126599498919299,-0.0002531550773086016,13.188908231940863,0.00013188908231940864,-2020.0685849176498,1084.012975248671,False
2001-11-21,-90.94949624193208,-98.78534111162608,-0.0009094949624193208,-0.0009878534111162607,7.835844869694,7.835844869694e-05,-2012.2327400479558,1084.012975248671,False
2001-11-22,0.0,-3.8602040457559417,0.0,-3.8602040457559416e-05,3.8602040457559417,3.8602040457559416e-05,-2008.3725360022,1084.012975248671,False
2001-11-23,0.0,-12.333172909318904,0.0,-0.00012333172909318905,12.333172909318904,0.00012333172909318905,-1996.039363092881,1084.012975248671,False
2001-11-26,109.13939549031412,121.05716415447122,0.0010913939549031411,0.0012105716415447122,-11.917768664157109,-0.00011917768664157109,-2007.9571317570383,1084.012975248671,False
2001-11-27,84.88619649246859,107.8855435134534,0.0008488619649246859,0.001078855435134534,-22.999347020984814,-0.00022999347020984814,-2030.956478778023,1084.012975248671,False
2001-11-28,72.7595969935378,126.14594170321847,0.0007275959699353779,0.0012614594170321848,-53.38634470968067,-0.0005338634470968067,-2084.3428234877038,1084.012975248671,False
2001-11-29,-18.693740199577043,-6.343711418389578,-0.00018693740199577044,-6.343711418389577e-05,-12.350028781187465,-0.00012350028781187464,-2096.6928522688913,1084.012975248671,False
2001-11-30,545.6969774515615,518.6386951529523,0.005456969774515615,0.005186386951529523,27.05828229860913,0.0002705828229860913,-2069.6345699702824,1084.012975248671,False
2001-12-03,446.491565167322,297.01487102664845,0.00446491565167322,0.0029701487102664847,149.47669414067354,0.0014947669414067354,-1920.1578758296089,1084.012975248671,False
2001-12-04,-206.15219148170243,78.29711658235465,-0.0020615219148170244,0.0007829711658235464,-284.44930806405705,-0.0028444930806405706,-2204.607183893666,1084.012975248671,False
2001-12-05,48.50639799569356,52.06878619578294,0.0004850639799569356,0.0005206878619578294,-3.56238820008938,-3.56238820008938e-05,-2208.1695720937555,1084.012975248671,False
2001-12-06,-333.83276844652306,-232.93563917533314,-0.0033383276844652305,-0.0023293563917533315,-100.89712927118993,-0.0010089712927118992,-2309.0667013649454,1084.012975248671,False
2001-12-07,-309.2282872225494,-387.40879467080885,-0.003092282872225494,-0.0038740879467080882,78.18050744825945,0.0007818050744825945,-2230.886193916686,1084.012975248671,False
2001-12-10,16.161057141210733,5.380044726756481,0.00016161057141210732,5.380044726756481e-05,10.781012414454253,0.00010781012414454253,-2220.1051815022315,1084.012975248671,False
2001-12-11,196.3887329371953,201.91832860522982,0.001963887329371953,0.002019183286052298,-5.529595668034517,-5.529595668034517e-05,-2225.634777170266,1084.012975248671,False
2001-12-12,-695.0531290976814,-785.172913992051,-0.006950531290976814,-0.007851729139920511,90.11978489436956,0.0009011978489436956,-2135.5149922758965,1084.012975248671,False
2001-12-13,678.1657262415242,765.8678782758626,0.006781657262415242,0.0076586787827586265,-87.70215203433838,-0.0008770215203433838,-2223.2171443102347,1084.012975248671,False
2001-12-14,219.19142121821818,326.8237379708958,0.0021919142121821816,0.003268237379708958,-107.63231675267764,-0.0010763231675267764,-2330.8494610629123,1084.012975248671,False
2001-12-17,437.9971275360745,479.18361537679687,0.004379971275360745,0.004791836153767969,-41.18648784072235,-0.0004118648784072235,-2372.0359489036346,1084.012975248671,False
2001-12-18,-641.981396487947,-706.3917087569598,-0.00641981396487947,-0.0070639170875695986,64.41031226901282,0.0006441031226901282,-2307.6256366346215,1084.012975248671,False
2001-12-19,-377.85936682506883,-374.242928340701,-0.0037785936682506885,-0.00374242928340701,-3.6164384843678476,-3.616438484367848e-05,-2311.2420751189893,1084.012975248671,False
2001-12-20,399.2694633126248,389.571886955432,0.003992694633126248,0.00389571886955432,9.697576357192816,9.697576357192815e-05,-2301.5444987617966,1084.012975248671,False
2001-12-21,105.495938746279,78.02175639748764,0.00105495938746279,0.0007802175639748764,27.47418234879136,0.0002747418234879136,-2274.0703164130055,1084.012975248671,False
2001-12-24,196.3288649025109,184.06016350961877,0.001963288649025109,0.0018406016350961877,12.268701392892126,0.00012268701392892126,-2261.8016150201133,1084.012975248671,False
2001-12-26,-153.7144276270125,-158.50776758815897,-0.0015371442762701249,-0.0015850776758815897,4.793339961146472,4.7933399611464724e-05,-2257.008275058967,1084.012975248671,False
2001-12-27,-44.718986694168436,-36.7004560157489,-0.00044718986694168437,-0.00036700456015748895,-8.018530678419538,-8.018530678419537e-05,-2265.0268057373864,1084.012975248671,False
2001-12-28,-230.17225030815365,-156.06301411244021,-0.0023017225030815365,-0.0015606301411244022,-74.10923619571344,-0.0007410923619571343,-2339.1360419331,1084.012975248671,False
2001-12-31,256.6438941055031,183.30749662493696,0.0025664389410550307,0.0018330749662493697,73.33639748056612,0.0007333639748056612,-2265.799644452534,1084.012975248671,False
2002-01-02,104.15525428473788,74.5990257035688,0.0010415525428473789,0.000745990257035688,29.55622858116908,0.0002955622858116908,-2236.243415871365,1084.012975248671,False
2002-01-03,124.76549717579141,108.13804564792787,0.001247654971757914,0.0010813804564792787,16.627451527863542,0.0001662745152786354,-2219.615964343501,1084.012975248671,False
2002-01-04,-100.65389176102329,-110.11672704676451,-0.001006538917610233,-0.0011011672704676451,9.462835285741221,9.462835285741221e-05,-2210.15312905776,1084.012975248671,False
2002-01-07,36.37979849676997,58.750002204862355,0.0003637979849676997,0.0005875000220486236,-22.370203708092383,-0.00022370203708092383,-2232.5233327658525,1084.012975248671,False
2002-01-08,413.367961907524,449.388459494944,0.00413367961907524,0.0044938845949494405,-36.02049758742004,-0.0003602049758742004,-2268.5438303532724,1084.012975248671,False
2002-01-09,258.36955186998347,260.6109397521397,0.002583695518699835,0.002606109397521397,-2.241387882156232,-2.241387882156232e-05,-2270.7852182354286,1084.012975248671,False
2002-01-10,-151.94740645109727,-170.1730962509011,-0.0015194740645109726,-0.001701730962509011,18.22568979980383,0.0001822568979980383,-2252.559528435625,1084.012975248671,False
2002-01-11,-238.61142771701583,-331.0348041543261,-0.0023861142771701583,-0.003310348041543261,92.42337643731025,0.0009242337643731026,-2160.1361519983147,1084.012975248671,False
2002-01-14,71.69601804942305,67.83627891743399,0.0007169601804942304,0.0006783627891743399,3.859739131989059,3.859739131989059e-05,-2156.2764128663257,1084.012975248671,False
2002-01-15,-497.02081239562085,-409.60260937586,-0.004970208123956208,-0.0040960260937586,-87.41820301976082,-0.0008741820301976082,-2243.6946158860865,1084.012975248671,False
2002-01-16,8.222618111704037,49.70151305329955,8.222618111704037e-05,0.0004970151305329955,-41.47889494159551,-0.0004147889494159551,-2285.173510827682,1084.012975248671,False
2002-01-17,-551.2392279146605,-482.14665340572117,-0.005512392279146606,-0.004821466534057212,-69.09257450893938,-0.0006909257450893938,-2354.2660853366215,1084.012975248671,False
2002-01-18,-188.46613318450784,-171.27993948947034,-0.0018846613318450785,-0.0017127993948947034,-17.186193695037502,-0.00017186193695037502,-2371.452279031659,1084.012975248671,False
2002-01-21,-819.0594832651482,-756.913744870083,-0.008190594832651481,-0.007569137448700829,-62.14573839506522,-0.0006214573839506523,-2433.5980174267243,1084.012975248671,False
2002-01-22,-21.410096487560168,127.21022769048471,-0.00021410096487560167,0.0012721022769048471,-148.62032417804488,-0.001486203241780449,-2582.218341604769,1084.012975248671,False
2002-01-23,227.36513643723126,164.42612897514627,0.0022736513643723125,0.0016442612897514628,62.93900746208499,0.0006293900746208498,-2519.279334142684,1084.012975248671,False
2002-01-24,36.05590074243932,52.39373994616913,0.0003605590074243932,0.0005239373994616913,-16.337839203729807,-0.00016337839203729807,-2535.617173346414,1084.012975248671,False
2002-01-25,-11.406826711514583,-6.000834277368568,-0.00011406826711514583,-6.000834277368568e-05,-5.405992434146015,-5.405992434146014e-05,-2541.02316578056,1084.012975248671,False
2002-01-28,351.67138546878476,434.32543704401974,0.0035167138546878477,0.004343254370440197,-82.65405157523497,-0.0008265405157523497,-2623.6772173557947,1084.012975248671,False
2002-01-29,90.94949624192695,122.46787273945442,0.0009094949624192696,0.0012246787273945442,-31.51837649752747,-0.0003151837649752747,-2655.195593853322,1084.012975248671,False
2002-01-30,0.0,9.291975210248417,0.0,9.291975210248417e-05,-9.291975210248417,-9.291975210248417e-05,-2664.4875690635704,1084.012975248671,False
2002-01-31,591.171725572533,603.8379151001322,0.00591171725572533,0.0060383791510013225,-12.666189527599272,-0.00012666189527599272,-2677.1537585911697,1084.012975248671,False
2002-02-01,300.13333759836337,295.63452782405227,0.0030013333759836337,0.0029563452782405226,4.498809774311098,4.4988097743110985e-05,-2672.6549488168585,1084.012975248671,False
2002-02-04,771.2851034830478,657.6083227059627,0.007712851034830478,0.006576083227059627,113.67678077708513,0.0011367678077708512,-2558.978168039773,1084.012975248671,False
2002-02-05,-156.40634047058683,-195.16313569490535,-0.0015640634047058683,-0.0019516313569490535,38.75679522431852,0.00038756795224318525,-2520.2213728154547,1084.012975248671,False
2002-02-06,-333.2121070910135,-262.6027501813912,-0.003332121070910135,-0.0026260275018139116,-70.6093569096223,-0.000706093569096223,-2590.830729725077,1084.012975248671,False
2002-02-07,879.7885530316865,869.4000964490945,0.008797885530316865,0.008694000964490944,10.388456582592084,0.00010388456582592085,-2580.442273142485,1084.012975248671,False
2002-02-08,-210.84792293507195,-155.52675201886842,-0.0021084792293507193,-0.0015552675201886842,-55.32117091620353,-0.0005532117091620353,-2635.763444058689,1084.012975248671,False
2002-02-11,45.47474812096311,38.52573134940857,0.00045474748120963114,0.0003852573134940857,6.949016771554547,6.949016771554547e-05,-2628.8144272871345,1084.012975248671,False
2002-02-12,-157.64579348601077,-178.16556371965407,-0.0015764579348601078,-0.0017816556371965408,20.5197702336433,0.000205197702336433,-2608.2946570534914,1084.012975248671,False
2002-02-13,24.25319899785274,23.02289775072233,0.0002425319899785274,0.0002302289775072233,1.2303012471304093,1.2303012471304094e-05,-2607.064355806361,1084.012975248671,False
2002-02-14,-197.05724185751092,-149.49609588114447,-0.0019705724185751093,-0.0014949609588114448,-47.56114597636645,-0.00047561145976366445,-2654.6255017827275,1084.012975248671,False
2002-02-15,-642.709773442947,-602.1206088871157,-0.00642709773442947,-0.006021206088871157,-40.5891645558313,-0.00040589164555831304,-2695.214666338559,1084.012975248671,False
2002-02-18,-260.74927369864224,-163.14615251987652,-0.0026074927369864223,-0.0016314615251987652,-97.60312117876572,-0.0009760312117876572,-2792.8177875173246,1084.012975248671,False
2002-02-19,52.8696275271427,57.303712975416886,0.000528696275271427,0.0005730371297541689,-4.434085448274189,-4.4340854482741886e-05,-2797.251872965599,1084.012975248671,False
2002-02-20,-295.78888837110674,-515.1526752254621,-0.0029578888837110675,-0.005151526752254621,219.36378685435534,0.0021936378685435535,-2577.888086111244,1084.012975248671,False
2002-02-21,70.55568582433841,69.34391834919698,0.0007055568582433841,0.0006934391834919698,1.2117674751414285,1.2117674751414284e-05,-2576.676318636102,1084.012975248671,False
2002-02-22,504.17237549378905,372.0253905984301,0.0050417237549378905,0.003720253905984301,132.14698489535897,0.0013214698489535897,-2444.5293337407434,1084.012975248671,False
2002-02-25,803.3872168037008,738.9322306896594,0.008033872168037007,0.0073893223068965935,64.45498611404139,0.0006445498611404139,-2380.074347626702,1084.012975248671,False
2002-02-26,-97.01279599138529,-123.21810721326278,-0.0009701279599138529,-0.001232181072132628,26.205311221877494,0.00026205311221877496,-2353.869036404825,1084.012975248671,False
2002-02-27,-95.63662352771213,-64.2411806807307,-0.0009563662352771213,-0.0006424118068073069,-31.39544284698144,-0.0003139544284698144,-2385.2644792518063,1084.012975248671,False
2002-02-28,623.9268476294546,528.621421049775,0.006239268476294546,0.00528621421049775,95.30542657967965,0.0009530542657967965,-2289.9590526721267,1084.012975248671,False
2002-03-01,-118.23434511450054,-58.2779331773235,-0.0011823434511450054,-0.0005827793317732349,-59.956411937177045,-0.0005995641193717704,-2349.915464609304,1084.012975248671,False
2002-03-04,-266.35819943870223,-306.52921539528984,-0.0026635819943870223,-0.0030652921539528984,40.17101595658761,0.0004017101595658761,-2309.744448652716,1084.012975248671,False
2002-03-05,-45.47474812096414,-36.506809420279055,-0.00045474748120964144,-0.00036506809420279056,-8.967938700685089,-8.967938700685089e-05,-2318.712387353401,1084.012975248671,False
2002-03-06,-416.0852119789483,-424.67666728614444,-0.004160852119789483,-0.004246766672861444,8.591455307196156,8.591455307196156e-05,-2310.120932046205,1084.012975248671,False
2002-03-07,49.865023031411866,33.23382662307695,0.0004986502303141187,0.00033233826623076953,16.631196408334915,0.00016631196408334916,-2293.48973563787,1084.012975248671,False
2002-03-08,159.07428514467352,139.23073538880863,0.0015907428514467352,0.0013923073538880863,19.8435497558649,0.000198435497558649,-2273.6461858820053,1084.012975248671,False
2002-03-11,310.7266455041763,308.17477841226247,0.003107266455041763,0.0030817477841226246,2.5518670919138344,2.5518670919138343e-05,-2271.0943187900916,1084.012975248671,False
2002-03-12,-501.8285441719105,-400.5354974465514,-0.005018285441719105,-0.004005354974465514,-101.29304672535909,-0.0010129304672535908,-2372.3873655154507,1084.012975248671,False
2002-03-13,-341.7573900808287,-382.254386136716,-0.003417573900808287,-0.0038225438613671598,40.49699605588728,0.0004049699605588728,-2331.8903694595633,1084.012975248671,False
2002-03-14,152.91909971410865,165.1222315207131,0.0015291909971410866,0.001651222315207131,-12.203131806604432,-0.00012203131806604433,-2344.0935012661676,1084.012975248671,False
2002-03-15,317.29378620482925,276.1624026053637,0.0031729378620482924,0.002761624026053637,41.13138359946555,0.0004113138359946555,-2302.962117666702,1084.012975248671,False
2002-03-18,169.52785980458367,191.37947077053468,0.0016952785980458367,0.0019137947077053467,-21.85161096595101,-0.0002185161096595101,-2324.813728632653,1084.012975248671,False
2002-03-19,-405.4725503614203,-322.46563338334755,-0.004054725503614203,-0.0032246563338334754,-83.00691697807275,-0.0008300691697807276,-2407.8206456107255,1084.012975248671,False
2002-03-20,88.6670255080188,215.4757229453536,0.000886670255080188,0.002154757229453536,-126.8086974373348,-0.001268086974373348,-2534.6293430480605,1084.012975248671,False
2002-03-21,422.92287591104696,480.023485867415,0.00422922875911047,0.00480023485867415,-57.10060995636803,-0.0005710060995636803,-2591.7299530044284,1084.012975248671,False
2002-03-22,-380.1322414753532,-346.74098342337936,-0.003801322414753532,-0.0034674098342337934,-33.391258051973864,-0.00033391258051973863,-2625.121211056402,1084.012975248671,False
2002-03-25,8.676653028326399,32.641456167272835,8.676653028326398e-05,0.00032641456167272837,-23.964803138946436,-0.00023964803138946437,-2649.0860141953485,1084.012975248671,False
2002-03-26,739.7136261739622,727.7947391764658,0.0073971362617396225,0.007277947391764658,11.918886997496429,0.00011918886997496429,-2637.167127197852,1084.012975248671,False
2002-03-27,384.4812511069666,377.4105573175866,0.003844812511069666,0.003774105573175866,7.070693789380016,7.070693789380016e-05,-2630.096433408472,1084.012975248671,False
2002-03-28,-62.278878822043126,-65.61614474536,-0.0006227887882204313,-0.0006561614474536,3.3372659233168775,3.337265923316878e-05,-2626.759167485155,1084.012975248671,False
2002-04-01,192.0924543636449,215.16337942015087,0.0019209245436364489,0.002151633794201509,-23.070925056505985,-0.00023070925056505986,-2649.830092541661,1084.012975248671,False
2002-04-02,-435.5289363286106,-388.7486603713427,-0.004355289363286106,-0.003887486603713427,-46.78027595726792,-0.0004678027595726792,-2696.610368498929,1084.012975248671,False
2002-04-03,-159.00441852172014,-167.79813684016622,-0.0015900441852172015,-0.0016779813684016623,8.793718318446082,8.793718318446083e-05,-2687.8166501804826,1084.012975248671,False
2002-04-04,-94.73032525746981,-92.31722686464421,-0.0009473032525746982,-0.0009231722686464421,-2.413098392825603,-2.4130983928256028e-05,-2690.2297485733084,1084.012975248671,False
2002-04-05,81.74974668330614,68.70984123624937,0.0008174974668330614,0.0006870984123624938,13.039905447056768,0.0001303990544705677,-2677.1898431262516,1084.012975248671,False
2002-04-08,-378.71170116102326,-366.5805811094498,-0.0037871170116102327,-0.003665805811094498,-12.131120051573475,-0.00012131120051573476,-2689.320963177825,1084.012975248671,False
2002-04-09,505.0517552087371,474.5093415014671,0.0050505175520873715,0.004745093415014671,30.542413707270043,0.0003054241370727004,-2658.778549470555,1084.012975248671,False
2002-04-10,-163.1246708379451,-199.25282796241027,-0.001631246708379451,-0.0019925282796241024,36.12815712446516,0.0003612815712446516,-2622.6503923460896,1084.012975248671,False
2002-04-11,119.78185660744396,98.92718960394798,0.0011978185660744395,0.0009892718960394797,20.854667003495976,0.00020854667003495977,-2601.7957253425934,1084.012975248671,False
2002-04-12,-278.26399296656854,-300.904517144622,-0.0027826399296656855,-0.0030090451714462198,22.640524178053454,0.00022640524178053453,-2579.15520116454,1084.012975248671,False
2002-04-15,234.43611808907437,274.90581823839756,0.002344361180890744,0.0027490581823839755,-40.46970014932319,-0.0004046970014932319,-2619.624901313863,1084.012975248671,False
2002-04-16,300.1333375983644,342.15171246203784,0.003001333375983644,0.0034215171246203785,-42.01837486367344,-0.00042018374863673444,-2661.643276177537,1084.012975248671,False
2002-04-17,218.27879098062752,189.4263064961288,0.0021827879098062753,0.001894263064961288,28.852484484498717,0.00028852484484498717,-2632.790791693038,1084.012975248671,False
2002-04-18,-200.08889173223798,-183.12327231730475,-0.0020008889173223797,-0.0018312327231730476,-16.96561941493323,-0.0001696561941493323,-2649.7564111079714,1084.012975248671,False
2002-04-19,54.56969774515655,80.84598139728115,0.0005456969774515656,0.0008084598139728115,-26.276283652124597,-0.000262762836521246,-2676.032694760096,1084.012975248671,False
2002-04-22,121.26599498923869,104.41720355439382,0.001212659949892387,0.0010441720355439381,16.84879143484487,0.0001684879143484487,-2659.1839033252513,1084.012975248671,False
2002-04-23,-281.5733918235575,-218.39891257979156,-0.0028157339182355748,-0.0021839891257979154,-63.174479243765916,-0.0006317447924376592,-2722.358382569017,1084.012975248671,False
2002-04-24,572.4818041798878,543.5570920715295,0.005724818041798878,0.005435570920715295,28.924712108358335,0.00028924712108358334,-2693.4336704606585,1084.012975248671,False
2002-04-25,-772.6929611458172,-903.5875518427583,-0.007726929611458172,-0.009035875518427583,130.89459069694112,0.0013089459069694112,-2562.5390797637174,1084.012975248671,False
2002-04-26,-95.44668174259013,-113.53077088060648,-0.0009544668174259013,-0.0011353077088060647,18.084089138016353,0.00018084089138016354,-2544.454990625701,1084.012975248671,False
2002-04-29,262.19490092220224,244.05039428419425,0.002621949009222022,0.0024405039428419427,18.144506638007982,0.0001814450663800798,-2526.3104839876933,1084.012975248671,False
2002-04-30,97.19525234866481,118.36934712928384,0.0009719525234866481,0.0011836934712928383,-21.17409478061903,-0.00021174094780619028,-2547.484578768312,1084.012975248671,False
2002-05-01,-97.01279599138482,-59.10097139443558,-0.0009701279599138482,-0.0005910097139443559,-37.91182459694924,-0.0003791182459694924,-2585.3964033652614,1084.012975248671,False
2002-05-02,161.44180895510763,295.7485711213627,0.0016144180895510762,0.002957485711213627,-134.30676216625508,-0.0013430676216625507,-2719.7031655315163,1084.012975248671,False
2002-05-03,-256.961862397125,-188.80978205541365,-0.00256961862397125,-0.0018880978205541364,-68.15208034171135,-0.0006815208034171136,-2787.855245873228,1084.012975248671,False
2002-05-06,-54.042379903285216,-70.74354231574648,-0.0005404237990328522,-0.0007074354231574648,16.701162412461265,0.00016701162412461265,-2771.1540834607667,1084.012975248671,False
2002-05-07,1711.324200512302,1657.148301232137,0.01711324200512302,0.01657148301232137,54.17589928016491,0.0005417589928016491,-2716.9781841806016,1084.012975248671,False
2002-05-08,78.82289674300223,35.84576853036312,0.0007882289674300224,0.0003584576853036312,42.977128212639116,0.00042977128212639117,-2674.0010559679627,1084.012975248671,False
2002-05-09,136.42424436288692,99.4813897841394,0.0013642424436288692,0.0009948138978413939,36.94285457874753,0.00036942854578747526,-2637.0582013892154,1084.012975248671,False
2002-05-10,-36.379798496773546,3.5356314905245014,-0.0003637979849677355,3.535631490524501e-05,-39.91542998729805,-0.0003991542998729805,-2676.9736313765134,1084.012975248671,False
2002-05-13,-400.17778346447244,-327.2133117359677,-0.004001777834644725,-0.003272133117359677,-72.96447172850475,-0.0007296447172850474,-2749.938103105018,1084.012975248671,False
2002-05-14,84.8861964924632,100.63441450116619,0.000848861964924632,0.001006344145011662,-15.748218008702992,-0.00015748218008702992,-2765.686321113721,1084.012975248671,False
2002-05-15,100.04444586612064,82.3999773766254,0.0010004444586612063,0.000823999773766254,17.64446848949524,0.00017644468489495238,-2748.0418526242256,1084.012975248671,False
2002-05-16,72.75959699353557,59.80398352498527,0.0007275959699353557,0.0005980398352498527,12.955613468550297,0.00012955613468550298,-2735.0862391556752,1084.012975248671,False
2002-05-17,463.8424308338318,551.2204846709884,0.004638424308338318,0.005512204846709884,-87.37805383715659,-0.0008737805383715659,-2822.464292992832,1084.012975248671,False
2002-05-20,6.06329974946612,10.25781776532625,6.06329974946612e-05,0.0001025781776532625,-4.19451801586013,-4.194518015860129e-05,-2826.658811008692,1084.012975248671,False
2002-05-21,239.7533159072299,220.24789505066389,0.002397533159072299,0.002202478950506639,19.50542085656602,0.0001950542085656602,-2807.1533901521257,1084.012975248671,False
2002-05-22,607.7102071769809,622.9725174132018,0.006077102071769809,0.006229725174132018,-15.262310236220856,-0.00015262310236220856,-2822.4157003883465,1084.012975248671,False
2002-05-23,-323.6581596412063,-267.0158196199226,-0.0032365815964120626,-0.002670158196199226,-56.6423400212837,-0.000566423400212837,-2879.0580404096304,1084.012975248671,False
2002-05-24,236.8285766227198,248.4847430633976,0.002368285766227198,0.002484847430633976,-11.656166440677794,-0.00011656166440677794,-2890.714206850308,1084.012975248671,False
2002-05-27,-61.352770282033475,-61.99301735985728,-0.0006135277028203348,-0.0006199301735985728,0.6402470778238012,6.402470778238012e-06,-2890.073959772484,1084.012975248671,False
2002-05-28,-123.71322246644785,-170.40901187723074,-0.0012371322246644784,-0.0017040901187723074,46.69578941078289,0.00046695789410782895,-2843.3781703617015,1084.012975248671,False
2002-05-29,179.6950813146545,191.26878575300742,0.001796950813146545,0.0019126878575300742,-11.573704438352934,-0.00011573704438352934,-2854.9518748000546,1084.012975248671,False
2002-05-30,-178.78676116279433,-207.06244727906144,-0.0017878676116279434,-0.0020706244727906145,28.27568611626711,0.0002827568611626711,-2826.6761886837876,1084.012975248671,False
2002-05-31,-521.7864565122499,-497.32717136700154,-0.005217864565122498,-0.004973271713670015,-24.459285145248316,-0.00024459285145248314,-2851.135473829036,1084.012975248671,False
2002-06-03,383.8641675982067,331.5256273659325,0.0038386416759820666,0.003315256273659325,52.33854023227417,0.0005233854023227417,-2798.796933596762,1084.012975248671,False
2002-06-04,-370.0858207209845,-455.81828646382303,-0.0037008582072098448,-0.00455818286463823,85.73246574283854,0.0008573246574283854,-2713.0644678539234,1084.012975248671,False
2002-06-05,37.21614136988637,-60.781658422283925,0.0003721614136988637,-0.0006078165842228392,97.9977997921703,0.0009799779979217029,-2615.0666680617533,1084.012975248671,False
2002-06-06,-352.73967700328484,-280.0129753477441,-0.0035273967700328486,-0.0028001297534774408,-72.72670165554075,-0.0007272670165554075,-2687.793369717294,1084.012975248671,False
2002-06-07,-542.737304855572,-618.3967209347029,-0.00542737304855572,-0.006183967209347029,75.65941607913089,0.000756594160791309,-2612.133953638163,1084.012975248671,False
2002-06-10,-749.223570228221,-811.9133124632542,-0.00749223570228221,-0.008119133124632543,62.689742235033236,0.0006268974223503324,-2549.44421140313,1084.012975248671,False
2002-06-11,308.53906489060444,298.6112385976192,0.0030853906489060443,0.002986112385976192,9.92782629298523,9.927826292985231e-05,-2539.5163851101447,1084.012975248671,False
2002-06-12,-407.3207423950745,-416.4216878936335,-0.004073207423950745,-0.004164216878936334,9.100945498558985,9.100945498558985e-05,-2530.4154396115855,1084.012975248671,False
2002-06-13,130.50489917091284,113.1011161968078,0.0013050489917091283,0.001131011161968078,17.40378297410504,0.0001740378297410504,-2513.0116566374804,1084.012975248671,False
2002-06-14,995.7502991768497,1080.5916373373084,0.009957502991768497,0.010805916373373085,-84.84133816045869,-0.0008484133816045869,-2597.852994797939,1084.012975248671,False
2002-06-17,340.5245193513714,282.91863514861365,0.003405245193513714,0.0028291863514861367,57.60588420275775,0.0005760588420275775,-2540.2471105951813,1084.012975248671,False
2002-06-18,54.56969774515953,-26.765691540394837,0.0005456969774515953,-0.00026765691540394835,81.33538928555437,0.0008133538928555437,-2458.911721309627,1084.012975248671,False
2002-06-19,317.78365757480157,321.7923043277828,0.0031778365757480155,0.003217923043277828,-4.008646752981235,-4.008646752981235e-05,-2462.9203680626083,1084.012975248671,False
2002-06-20,-205.99767428686235,-82.30593017566468,-0.0020599767428686236,-0.0008230593017566468,-123.69174411119766,-0.0012369174411119767,-2586.612112173806,1084.012975248671,False
2002-06-21,136.4045862791375,93.72582619033332,0.001364045862791375,0.0009372582619033332,42.67876008880418,0.00042678760088804183,-2543.933352085002,1084.012975248671,False
2002-06-24,-733.2547904842168,-777.2668136957813,-0.007332547904842167,-0.007772668136957812,44.0120232115645,0.00044012023211564496,-2499.9213288734372,1084.012975248671,False
2002-06-25,35.41850632666639,32.791872368679535,0.0003541850632666639,0.00032791872368679535,2.6266339579868543,2.6266339579868543e-05,-2497.2946949154502,1084.012975248671,False
2002-06-26,38.53911685901471,153.74858372611703,0.0003853911685901471,0.0015374858372611702,-115.20946686710232,-0.0011520946686710233,-2612.5041617825527,1084.012975248671,False
2002-06-27,-533.5354446411686,-594.8058463350244,-0.005335354446411686,-0.005948058463350244,61.270401693855774,0.0006127040169385577,-2551.2337600886967,1084.012975248671,False
2002-06-28,-288.71790671926595,-421.209530432657,-0.0028871790671926596,-0.00421209530432657,132.49162371339105,0.0013249162371339106,-2418.7421363753056,1084.012975248671,False
2002-07-01,-490.230568161363,-591.5957474943903,-0.00490230568161363,-0.005915957474943902,101.36517933302724,0.0010136517933302725,-2317.3769570422783,1084.012975248671,False
2002-07-02,60.86907869339913,116.50186120029628,0.0006086907869339913,0.0011650186120029627,-55.63278250689714,-0.0005563278250689714,-2373.0097395491753,1084.012975248671,False
2002-07-03,57.917607760361015,41.60228467328859,0.0005791760776036101,0.00041602284673288584,16.31532308707243,0.0001631532308707243,-2356.6944164621027,1084.012975248671,False
2002-07-04,1762.986671680158,1962.062239141301,0.01762986671680158,0.01962062239141301,-199.075567461143,-0.00199075567461143,-2555.7699839232455,1084.012975248671,False
2002-07-05,-335.6869439963027,-196.1006739541997,-0.003356869439963027,-0.001961006739541997,-139.58627004210302,-0.0013958627004210303,-2695.3562539653485,1084.012975248671,False
2002-07-08,-6.6981716463735665,168.05058581777337,-6.698171646373567e-05,0.0016805058581777336,-174.74875746414693,-0.0017474875746414694,-2870.1050114294953,1084.012975248671,False
2002-07-09,-542.8054539689513,-758.502449683388,-0.0054280545396895126,-0.007585024496833881,215.69699571443675,0.0021569699571443676,-2654.4080157150584,1084.012975248671,False
2002-07-10,505.6693393547424,637.6347921074432,0.005056693393547424,0.006376347921074432,-131.9654527527008,-0.001319654527527008,-2786.3734684677593,1084.012975248671,False
2002-07-11,-286.7282826469927,-253.2568225029582,-0.002867282826469927,-0.002532568225029582,-33.471460144034495,-0.00033471460144034496,-2819.844928611794,1084.012975248671,False
2002-07-12,946.7178636234739,883.3789383613896,0.00946717863623474,0.008833789383613896,63.33892526208433,0.0006333892526208433,-2756.5060033497093,1084.012975248671,False
2002-07-15,-708.6227538855833,-640.4146215122964,-0.007086227538855833,-0.006404146215122964,-68.20813237328684,-0.0006820813237328685,-2824.714135722996,1084.012975248671,False
2002-07-16,248.04791129767491,257.3160572296555,0.0024804791129767493,0.002573160572296555,-9.26814593198057,-9.26814593198057e-05,-2833.9822816549768,1084.012975248671,False
2002-07-17,-942.7549366761016,-826.8520640360966,-0.009427549366761016,-0.008268520640360967,-115.90287264000494,-0.0011590287264000494,-2949.8851542949815,1084.012975248671,False
2002-07-18,396.2229500732291,379.228049215561,0.003962229500732291,0.00379228049215561,16.994900857668085,0.00016994900857668086,-2932.8902534373133,1084.012975248671,False
2002-07-19,-351.8024164145112,-381.5678495407412,-0.003518024164145112,-0.0038156784954074116,29.765433126229993,0.00029765433126229993,-2903.124820311083,1084.012975248671,False
2002-07-22,-1593.7997751374976,-1458.3429464087865,-0.015937997751374975,-0.014583429464087866,-135.45682872871112,-0.0013545682872871112,-3038.5816490397942,1084.012975248671,False
2002-07-23,948.5809383544442,900.5208137934017,0.009485809383544442,0.009005208137934017,48.060124561042585,0.00048060124561042587,-2990.5215244787514,1084.012975248671,False
2002-07-24,-546.8764008878493,-536.5304429692717,-0.005468764008878493,-0.005365304429692717,-10.345957918577597,-0.00010345957918577596,-3000.867482397329,1084.012975248671,False
2002-07-25,-358.43179548268404,-403.21906278968066,-0.0035843179548268405,-0.004032190627896806,44.787267306996625,0.00044787267306996623,-2956.0802150903323,1084.012975248671,False
2002-07-26,849.1537722622909,708.5070821625018,0.008491537722622908,0.007085070821625018,140.6466900997891,0.0014064669009978912,-2815.4335249905434,1084.012975248671,False
2002-07-29,416.2676683362297,421.2717404167462,0.004162676683362297,0.004212717404167462,-5.004072080516494,-5.004072080516494e-05,-2820.43759707106,1084.012975248671,False
2002-07-30,-3.136449809165846,-32.628220327091334,-3.136449809165846e-05,-0.00032628220327091334,29.491770517925488,0.0002949177051792549,-2790.9458265531343,1084.012975248671,False
2002-07-31,72.75959699354333,79.22152355681068,0.0007275959699354332,0.0007922152355681068,-6.461926563267355,-6.461926563267354e-05,-2797.4077531164016,1084.012975248671,False
2002-08-01,363.79798496770877,268.93785583624634,0.0036379798496770878,0.0026893785583624636,94.86012913146243,0.0009486012913146243,-2702.547623984939,1084.012975248671,False
2002-08-02,36.37979849677265,-33.09743669822119,0.0003637979849677265,-0.00033097436698221186,69.47723519499384,0.0006947723519499383,-2633.0703887899454,1084.012975248671,False
2002-08-05,498.07364179561563,342.2809068543954,0.004980736417956156,0.003422809068543954,155.7927349412202,0.001557927349412202,-2477.277653848725,1084.012975248671,False
2002-08-06,993.5390387619293,872.902879190696,0.009935390387619293,0.00872902879190696,120.63615957123329,0.001206361595712333,-2356.641494277492,1084.012975248671,False
2002-08-07,-52.41037938291524,95.71621008350797,-0.0005241037938291524,0.0009571621008350798,-148.1265894664232,-0.001481265894664232,-2504.768083743915,1084.012975248671,False
2002-08-08,169.05262019751643,182.0148274438584,0.0016905262019751644,0.001820148274438584,-12.962207246341961,-0.00012962207246341962,-2517.7302909902573,1084.012975248671,False
2002-08-09,-12.126599498921603,-16.7477855593795,-0.00012126599498921603,-0.000167477855593795,4.621186060457898,4.621186060457898e-05,-2513.1091049297993,1084.012975248671,False
2002-08-12,9.094949624191875,45.79245484848404,9.094949624191875e-05,0.0004579245484848404,-36.697505224292165,-0.00036697505224292165,-2549.8066101540912,1084.012975248671,False
2002-08-13,-116.15368444956766,9.18898286050225,-0.0011615368444956766,9.18898286050225e-05,-125.34266731006991,-0.001253426673100699,-2675.149277464161,1084.012975248671,False
2002-08-14,371.4447848494831,319.26000065295733,0.003714447848494831,0.003192600006529573,52.184784196525754,0.0005218478419652576,-2622.964493267635,1084.012975248671,False
2002-08-15,-42.44309824623581,-53.72680402054721,-0.0004244309824623581,-0.0005372680402054721,11.2837057743114,0.000112837057743114,-2611.680787493324,1084.012975248671,False
2002-08-16,-700.3111210628399,-833.3254711703746,-0.007003111210628399,-0.008333254711703746,133.0143501075347,0.001330143501075347,-2478.6664373857893,1084.012975248671,False
2002-08-19,163.70909323546675,120.03712516532693,0.0016370909323546675,0.0012003712516532692,43.671968070139826,0.00043671968070139826,-2434.9944693156494,1084.012975248671,False
2002-08-20,-66.69629724407784,-78.38073054770317,-0.0006669629724407784,-0.0007838073054770317,11.684433303625326,0.00011684433303625326,-2423.3100360120243,1084.012975248671,False
2002-08-21,-90.94949624193077,-82.04696020531917,-0.0009094949624193077,-0.0008204696020531917,-8.902536036611608,-8.902536036611608e-05,-2432.212572048636,1084.012975248671,False
2002-08-22,0.0,-4.426368701012288,0.0,-4.426368701012288e-05,4.426368701012288,4.426368701012288e-05,-2427.7862033476235,1084.012975248671,False
2002-08-23,409.27273308867143,391.4680069085447,0.004092727330886715,0.003914680069085447,17.80472618012675,0.00017804726180126748,-2409.981477167497,1084.012975248671,False
2002-08-26,175.83569273439184,229.33025964089813,0.0017583569273439184,0.0022933025964089813,-53.49456690650629,-0.0005349456690650629,-2463.4760440740033,1084.012975248671,False
2002-08-27,-181.89899248385473,-247.53361863198305,-0.0018189899248385473,-0.0024753361863198305,65.63462614812832,0.0006563462614812832,-2397.841417925875,1084.012975248671,False
2002-08-28,212.2154912311642,250.4323380658742,0.0021221549123116423,0.002504323380658742,-38.21684683471,-0.0003821684683471,-2436.0582647605847,1084.012975248671,False
2002-08-29,-30.316498747307715,-29.636712444383633,-0.00030316498747307713,-0.00029636712444383633,-0.6797863029240823,-6.797863029240823e-06,-2436.738051063509,1084.012975248671,False
2002-08-30,54.02986815459917,79.11732031036485,0.0005402986815459917,0.0007911732031036484,-25.087452155765675,-0.00025087452155765676,-2461.8255032192747,1084.012975248671,False
2002-09-02,-570.5807636229107,-532.7876437497575,-0.005705807636229107,-0.005327876437497575,-37.79311987315316,-0.0003779311987315316,-2499.6186230924277,1084.012975248671,False
2002-09-03,288.5169110179805,330.38069687339276,0.002885169110179805,0.0033038069687339276,-41.86378585541229,-0.0004186378585541229,-2541.4824089478398,1084.012975248671,False
2002-09-04,-18.969628844658843,-88.13606592330859,-0.0001896962884465884,-0.000881360659233086,69.16643707864975,0.0006916643707864975,-2472.31597186919,1084.012975248671,False
2002-09-05,610.6536379915179,573.9029336068141,0.006106536379915179,0.005739029336068142,36.750704384703795,0.00036750704384703797,-2435.565267484486,1084.012975248671,False
2002-09-06,118.23434511450506,116.99332401187168,0.0011823434511450505,0.0011699332401187167,1.2410211026333826,1.2410211026333826e-05,-2434.3242463818524,1084.012975248671,False
2002-09-09,-309.22828722255724,-320.90301475301,-0.0030922828722255726,-0.0032090301475301,11.674727530452742,0.00011674727530452742,-2422.6495188513995,1084.012975248671,False
2002-09-10,-78.82289674299861,-93.30217427369054,-0.000788228967429986,-0.0009330217427369054,14.479277530691931,0.0001447927753069193,-2408.1702413207076,1084.012975248671,False
2002-09-11,209.18384135643066,217.60634884179314,0.0020918384135643064,0.0021760634884179313,-8.422507485362473,-8.422507485362474e-05,-2416.59274880607,1084.012975248671,False
2002-09-12,-209.1838413564289,-171.20101201495527,-0.002091838413564289,-0.0017120101201495528,-37.98282934147363,-0.0003798282934147363,-2454.5755781475436,1084.012975248671,False
2002-09-13,36.37979849676525,38.92650220583464,0.0003637979849676525,0.0003892650220583464,-2.5467037090693907,-2.5467037090693908e-05,-2457.122281856613,1084.012975248671,False
2002-09-16,-36.37979849676781,9.52116573537163,-0.0003637979849676781,9.521165735371631e-05,-45.900964232139444,-0.00045900964232139445,-2503.0232460887523,1084.012975248671,False
2002-09-17,359.8666191087077,380.4536204524369,0.003598666191087077,0.003804536204524369,-20.587001343729185,-0.00020587001343729184,-2523.6102474324816,1084.012975248671,False
2002-09-18,-26.052630966385323,-68.39454513909659,-0.0002605263096638532,-0.0006839454513909659,42.34191417271127,0.0004234191417271127,-2481.2683332597703,1084.012975248671,False
2002-09-19,-26.85298520012975,-8.191163997182471,-0.0002685298520012975,-8.191163997182472e-05,-18.66182120294728,-0.0001866182120294728,-2499.9301544627174,1084.012975248671,False
2002-09-20,-396.69706158212205,-455.3505261820177,-0.003966970615821221,-0.004553505261820177,58.65346459989564,0.0005865346459989565,-2441.2766898628215,1084.012975248671,False
2002-09-23,275.8081613217665,305.0917880089484,0.002758081613217665,0.003050917880089484,-29.283626687181936,-0.0002928362668718194,-2470.5603165500033,1084.012975248671,False
2002-09-24,553.3305399911155,635.3323892798853,0.005533305399911155,0.006353323892798853,-82.00184928876979,-0.0008200184928876979,-2552.562165838773,1084.012975248671,False
2002-09-25,-115.20269523977824,-95.77245652045674,-0.0011520269523977824,-0.0009577245652045675,-19.430238719321494,-0.00019430238719321495,-2571.9924045580947,1084.012975248671,False
2002-09-26,-54.569697745151714,-96.63726856386465,-0.0005456969774515171,-0.0009663726856386465,42.06757081871294,0.00042067570818712935,-2529.924833739382,1084.012975248671,False
2002-09-27,497.1905794558661,427.55796300455216,0.004971905794558661,0.004275579630045522,69.63261645131394,0.0006963261645131394,-2460.292217288068,1084.012975248671,False
2002-09-30,829.7534238472476,765.4616400728901,0.008297534238472477,0.007654616400728901,64.29178377435755,0.0006429178377435756,-2396.0004335137105,1084.012975248671,False
2002-10-01,36.379798496774214,-17.313300544372396,0.00036379798496774215,-0.00017313300544372396,53.69309904114661,0.0005369309904114661,-2342.307334472564,1084.012975248671,False
2002-10-02,-36.37979849677547,-46.57238628414882,-0.0003637979849677547,-0.00046572386284148817,10.192587787373348,0.00010192587787373349,-2332.1147466851908,1084.012975248671,False
2002-10-03,81.85454661774244,97.67775478561418,0.0008185454661774244,0.0009767775478561418,-15.82320816787174,-0.0001582320816787174,-2347.9379548530624,1084.012975248671,False
2002-10-04,-18.189899248382073,-22.425363134348036,-0.00018189899248382074,-0.00022425363134348037,4.235463885965963,4.2354638859659633e-05,-2343.7024909670963,1084.012975248671,False
2002-10-07,-348.74136954482225,-312.6826681469702,-0.0034874136954482224,-0.003126826681469702,-36.058701397852076,-0.00036058701397852076,-2379.7611923649483,1084.012975248671,False
2002-10-08,-148.4942939968189,-206.99922420619004,-0.001484942939968189,-0.0020699922420619006,58.50493020937114,0.0005850493020937114,-2321.256262155577,1084.012975248671,False
2002-10-09,223.34228740175885,291.02589561543266,0.0022334228740175884,0.0029102589561543265,-67.6836082136738,-0.000676836082136738,-2388.939870369251,1084.012975248671,False
2002-10-10,260.093089620245,248.7875669859923,0.00260093089620245,0.002487875669859923,11.305522634252696,0.00011305522634252696,-2377.6343477349983,1084.012975248671,False
2002-10-11,127.32929473870527,134.8210370909766,0.0012732929473870528,0.001348210370909766,-7.491742352271331,-7.49174235227133e-05,-2385.1260900872694,1084.012975248671,False
2002-10-14,-315.2915869720187,-423.2479436320286,-0.003152915869720187,-0.004232479436320285,107.95635666000987,0.0010795635666000988,-2277.1697334272594,1084.012975248671,False
2002-10-15,39.41144837150133,14.203223585266908,0.0003941144837150133,0.00014203223585266907,25.20822478623442,0.0002520822478623442,-2251.961508641025,1084.012975248671,False
2002-10-16,-151.582493736546,-151.46433807279598,-0.00151582493736546,-0.0015146433807279598,-0.11815566375003073,-1.1815566375003072e-06,-2252.079664304775,1084.012975248671,False
2002-10-17,66.69629724408365,66.75395747949293,0.0006669629724408365,0.0006675395747949293,-0.057660235409272786,-5.766023540927279e-07,-2252.1373245401846,1084.012975248671,False
2002-10-18,-163.70909323546894,-167.88624320995376,-0.0016370909323546894,-0.0016788624320995375,4.17714997448482,4.17714997448482e-05,-2247.9601745656996,1084.012975248671,False
2002-10-21,127.32929473869966,133.12604928361336,0.0012732929473869966,0.0013312604928361336,-5.796754544913696,-5.7967545449136964e-05,-2253.7569291106133,1084.012975248671,False
2002-10-22,-60.632997494617214,-94.34849875694523,-0.0006063299749461721,-0.0009434849875694523,33.71550126232802,0.0003371550126232802,-2220.0414278482854,1084.012975248671,False
2002-10-23,-127.32929473870206,-87.46151380644478,-0.0012732929473870207,-0.0008746151380644478,-39.867780932257276,-0.0003986778093225728,-2259.9092087805425,1084.012975248671,False
2002-10-24,163.70909323546928,209.59876166768294,0.001637090932354693,0.0020959876166768295,-45.889668432213654,-0.00045889668432213653,-2305.798877212756,1084.012975248671,False
2002-10-25,103.07609574085383,91.21121259686176,0.0010307609574085382,0.0009121121259686176,11.864883143992074,0.00011864883143992074,-2293.933994068764,1084.012975248671,False
2002-10-28,151.5824937365452,200.7664464848925,0.0015158249373654518,0.002007664464848925,-49.18395274834731,-0.0004918395274834731,-2343.1179468171113,1084.012975248671,False
2002-10-29,158.34420003852443,137.20467614133477,0.0015834420003852444,0.0013720467614133478,21.13952389718966,0.00021139523897189662,-2321.9784229199217,1084.012975248671,False
2002-10-30,72.1501510986453,66.25867103488844,0.000721501510986453,0.0006625867103488844,5.891480063756859,5.891480063756859e-05,-2316.086942856165,1084.012975248671,False
2002-10-31,269.36270580183015,282.2666630194585,0.0026936270580183016,0.002822666630194585,-12.903957217628374,-0.00012903957217628374,-2328.9909000737935,1084.012975248671,False
2002-11-01,22.580174158829735,69.78549940984416,0.00022580174158829734,0.0006978549940984416,-47.20532525101443,-0.0004720532525101443,-2376.196225324808,1084.012975248671,False
2002-11-04,-12.126599498917777,5.066550980490633,-0.00012126599498917777,5.066550980490633e-05,-17.19315047940841,-0.0001719315047940841,-2393.3893758042163,1084.012975248671,False
2002-11-05,-106.10774561558857,-84.83116030302543,-0.0010610774561558857,-0.0008483116030302542,-21.276585312563142,-0.00021276585312563143,-2414.6659611167793,1084.012975248671,False
2002-11-06,363.7979849677124,269.3309834496611,0.003637979849677124,0.002693309834496611,94.46700151805129,0.0009446700151805129,-2320.198959598728,1084.012975248671,False
2002-11-07,48.506397995694,-1.5524582150975164,0.00048506397995694,-1.5524582150975164e-05,50.05885621079152,0.0005005885621079152,-2270.1401033879365,1084.012975248671,False
2002-11-08,-9.09494962419087,-58.477033170803765,-9.094949624190869e-05,-0.0005847703317080376,49.3820835466129,0.000493820835466129,-2220.7580198413234,1084.012975248671,False
2002-11-11,723.3494880380069,719.0712228553083,0.007233494880380069,0.007190712228553083,4.278265182698647,4.278265182698647e-05,-2216.4797546586246,1084.012975248671,False
2002-11-12,-115.67809639129294,-166.648795881112,-0.0011567809639129293,-0.00166648795881112,50.970699489819054,0.0005097069948981906,-2165.5090551688054,1084.012975248671,False
2002-11-13,1190.405702014955,1075.8934520742678,0.011904057020149551,0.010758934520742678,114.5122499406873,0.001145122499406873,-2050.9968052281183,1084.012975248671,False
2002-11-14,340.55246787224235,329.7605424999479,0.0034055246787224234,0.003297605424999479,10.791925372294429,0.00010791925372294429,-2040.204879855824,1084.012975248671,False
2002-11-15,-90.94949624192841,-118.63370778888684,-0.0009094949624192842,-0.0011863370778888683,27.684211546958423,0.0002768421154695842,-2012.5206683088654,1084.012975248671,False
2002-11-18,-54.56969774515363,-60.2044986560202,-0.0005456969774515363,-0.000602044986560202,5.634800910866566,5.634800910866566e-05,-2006.885867397999,1084.012975248671,False
2002-11-19,435.174165029922,512.2706350681087,0.00435174165029922,0.005122706350681087,-77.09647003818674,-0.0007709647003818674,-2083.982337436186,1084.012975248671,False
2002-11-20,254.61399667043924,251.07015298680085,0.0025461399667043925,0.0025107015298680086,3.5438436836383858,3.543843683638386e-05,-2080.4384937525474,1084.012975248671,False
2002-11-21,400.1777834644754,414.91397589909724,0.004001777834644754,0.004149139758990972,-14.736192434621842,-0.00014736192434621842,-2095.1746861871693,1084.012975248671,False
2002-11-22,-181.89899248385467,-189.18705514209253,-0.0018189899248385467,-0.0018918705514209253,7.2880626582378625,7.288062658237863e-05,-2087.8866235289315,1084.012975248671,False
2002-11-25,-242.1994880565488,-264.34108346997095,-0.002421994880565488,-0.0026434108346997096,22.141595413422152,0.00022141595413422154,-2065.7450281155093,1084.012975248671,False
2002-11-26,12.12659949893196,110.10262143845193,0.0001212659949893196,0.0011010262143845194,-97.97602193951997,-0.0009797602193951996,-2163.721050055029,1084.012975248671,False
2002-11-27,41.93925729503822,61.55439604188986,0.00041939257295038216,0.0006155439604188986,-19.615138746851642,-0.0001961513874685164,-2183.336188801881,1084.012975248671,False
2002-11-29,0.0,0.3872077539970751,0.0,3.872077539970751e-06,-0.3872077539970751,-3.872077539970751e-06,-2183.723396555878,1084.012975248671,False
2002-12-02,-135.92315753230852,-169.5137878126938,-0.0013592315753230852,-0.0016951378781269381,33.590630280385284,0.0003359063028038528,-2150.132766275493,1084.012975248671,False
2002-12-03,43.366943944440806,55.127201312003635,0.0004336694394444081,0.0005512720131200363,-11.76025736756283,-0.00011760257367562829,-2161.8930236430556,1084.012975248671,False
2002-12-04,68.57892195196825,19.475043206463262,0.0006857892195196825,0.00019475043206463262,49.10387874550499,0.0004910387874550499,-2112.7891448975506,1084.012975248671,False
2002-12-05,237.8349528785875,247.62380122012672,0.002378349528785875,0.0024762380122012673,-9.788848341539222,-9.788848341539221e-05,-2122.5779932390897,1084.012975248671,False
2002-12-06,-737.2768792054042,-826.8183344419597,-0.007372768792054041,-0.008268183344419597,89.54145523655552,0.0008954145523655552,-2033.0365380025341,1084.012975248671,False
2002-12-09,-89.29426914949107,-67.39071917637908,-0.0008929426914949107,-0.0006739071917637908,-21.903549973111993,-0.00021903549973111992,-2054.9400879756463,1084.012975248671,False
2002-12-10,80.71331125077558,100.54325823812658,0.0008071331125077557,0.001005432582381266,-19.829946987351008,-0.0001982994698735101,-2074.770034962997,1084.012975248671,False
2002-12-11,581.3625301190066,551.8381027822503,0.005813625301190066,0.005518381027822503,29.524427336756276,0.00029524427336756275,-2045.245607626241,1084.012975248671,False
2002-12-12,-225.8560286114785,-233.4183970784779,-0.0022585602861147852,-0.002334183970784779,7.562368466999402,7.562368466999402e-05,-2037.6832391592416,1084.012975248671,False
2002-12-13,606.7876671252866,697.9993254588895,0.006067876671252866,0.006979993254588895,-91.21165833360294,-0.0009121165833360294,-2128.8948974928444,1084.012975248671,False
2002-12-16,39.59139156835208,14.345425900587799,0.0003959139156835208,0.000143454259005878,25.24596566776428,0.00025245965667764284,-2103.64893182508,1084.012975248671,False
2002-12-17,292.4865377165826,235.72429184887676,0.002924865377165826,0.0023572429184887675,56.762245867705815,0.0005676224586770582,-2046.8866859573743,1084.012975248671,False
2002-12-18,159.8497046552136,115.94595294631752,0.001598497046552136,0.0011594595294631752,43.90375170889608,0.0004390375170889608,-2002.9829342484782,1084.012975248671,False
2002-12-19,-265.99343891016116,-208.8880256686666,-0.0026599343891016117,-0.002088880256686666,-57.105413241494574,-0.0005710541324149457,-2060.088347489973,1084.012975248671,False
2002-12-20,340.2645587572805,314.0854943692398,0.003402645587572805,0.0031408549436923983,26.179064388040672,0.0002617906438804067,-2033.9092831019323,1084.012975248671,False
2002-12-23,-13.49416779501314,3.9639612244233433,-0.0001349416779501314,3.963961224423343e-05,-17.458129019436484,-0.00017458129019436484,-2051.367412121369,1084.012975248671,False
2002-12-24,78.24707851306857,114.43660782775692,0.0007824707851306857,0.001144366078277569,-36.18952931468834,-0.00036189529314688344,-2087.556941436057,1084.012975248671,False
2002-12-26,-208.8153507951354,-164.4813386860477,-0.002088153507951354,-0.001644813386860477,-44.334012109087695,-0.00044334012109087693,-2131.890953545145,1084.012975248671,False
2002-12-27,-731.239426679449,-644.3227919068486,-0.00731239426679449,-0.0064432279190684855,-86.91663477260045,-0.0008691663477260044,-2218.8075883177453,1084.012975248671,False
2002-12-30,138.1603032202687,104.48188648914585,0.001381603032202687,0.0010448188648914585,33.67841673112285,0.00033678416731122853,-2185.1291715866223,1084.012975248671,False
2002-12-31,647.8835333447554,679.7242489672718,0.006478835333447554,0.006797242489672718,-31.840715622516427,-0.00031840715622516425,-2216.9698872091385,1084.012975248671,False
2003-01-02,395.6204796105155,386.5417297044202,0.0039562047961051545,0.003865417297044202,9.078749906095254,9.078749906095254e-05,-2207.8911373030433,1084.012975248671,False
2003-01-03,168.54017507873695,266.09746336236356,0.0016854017507873696,0.0026609746336236357,-97.5572882836266,-0.0009755728828362661,-2305.44842558667,1084.012975248671,False
2003-01-06,-266.7851889763241,-315.46624854662423,-0.002667851889763241,-0.003154662485466242,48.681059570300135,0.00048681059570300137,-2256.76736601637,1084.012975248671,False
2003-01-07,16.030580886141223,61.19596955860132,0.00016030580886141222,0.0006119596955860132,-45.1653886724601,-0.00045165388672460097,-2301.9327546888303,1084.012975248671,False
2003-01-08,-18.18989924838605,59.79451294232226,-0.00018189899248386053,0.0005979451294232226,-77.98441219070831,-0.0007798441219070831,-2379.9171668795384,1084.012975248671,False
2003-01-09,161.72111390249074,153.71760186221587,0.0016172111390249074,0.0015371760186221586,8.00351204027487,8.00351204027487e-05,-2371.9136548392635,1084.012975248671,False
2003-01-10,-18.54978564208668,-16.703879410769886,-0.00018549785642086678,-0.00016703879410769886,-1.8459062313167927,-1.8459062313167925e-05,-2373.7595610705803,1084.012975248671,False
2003-01-13,-211.81961619809343,-235.40785341079422,-0.0021181961619809344,-0.0023540785341079422,23.58823721270079,0.0002358823721270079,-2350.1713238578795,1084.012975248671,False
2003-01-14,-170.85205216604845,-135.1037023150983,-0.0017085205216604846,-0.0013510370231509831,-35.74834985095015,-0.0003574834985095015,-2385.9196737088296,1084.012975248671,False
2003-01-15,347.7400196097843,437.7770046585592,0.003477400196097843,0.004377770046585592,-90.03698504877485,-0.0009003698504877485,-2475.9566587576046,1084.012975248671,False
2003-01-16,-312.43127612655104,-224.57296166414494,-0.0031243127612655104,-0.0022457296166414494,-87.8583144624061,-0.000878583144624061,-2563.814973220011,1084.012975248671,False
2003-01-17,-25.044949064000264,-61.524145923004575,-0.0002504494906400026,-0.0006152414592300458,36.47919685900431,0.00036479196859004313,-2527.3357763610065,1084.012975248671,False
2003-01-21,-3.295178957152558,7.646688907815729,-3.295178957152558e-05,7.64668890781573e-05,-10.941867864968287,-0.00010941867864968288,-2538.2776442259747,1084.012975248671,False
2003-01-22,779.1449101775615,752.224014783703,0.0077914491017756155,0.007522240147837029,26.920895393858586,0.00026920895393858584,-2511.356748832116,1084.012975248671,False
2003-01-23,-557.0540775442437,-525.84302597697,-0.0055705407754424365,-0.0052584302597697,-31.21105156727367,-0.0003121105156727367,-2542.56780039939,1084.012975248671,False
2003-01-24,-209.09642730551093,-211.7441425304861,-0.002090964273055109,-0.002117441425304861,2.6477152249751725,2.6477152249751727e-05,-2539.9200851744145,1084.012975248671,False
2003-01-27,268.7293805116109,277.6030115948515,0.0026872938051161087,0.002776030115948515,-8.873631083240639,-8.873631083240639e-05,-2548.793716257655,1084.012975248671,False
2003-01-28,34.095055562629454,7.481629043187411,0.00034095055562629456,7.48162904318741e-05,26.613426519442044,0.0002661342651944204,-2522.180289738213,1084.012975248671,False
2003-01-29,103.07609574084752,91.38254463060346,0.0010307609574084751,0.0009138254463060346,11.693551110244059,0.00011693551110244058,-2510.486738627969,1084.012975248671,False
2003-01-30,59.816464891273476,22.506585004098397,0.0005981646489127347,0.000225065850040984,37.30987988717508,0.0003730987988717508,-2473.1768587407937,1084.012975248671,False
2003-01-31,245.77957168942922,254.71443387292777,0.0024577957168942922,0.0025471443387292776,-8.934862183498552,-8.934862183498552e-05,-2482.111720924292,1084.012975248671,False
2003-02-03,368.2777845848585,482.04327558881204,0.003682777845848585,0.004820432755888121,-113.76549100395351,-0.0011376549100395351,-2595.8772119282457,1084.012975248671,False
2003-02-04,-197.45311689058968,-172.757851295646,-0.001974531168905897,-0.0017275785129564599,-24.69526559494369,-0.0002469526559494369,-2620.5724775231893,1084.012975248671,False
2003-02-05,-326.62643640477904,-354.3560403057514,-0.0032662643640477902,-0.003543560403057514,27.729603900972336,0.00027729603900972336,-2592.8428736222168,1084.012975248671,False
2003-02-06,-202.32018737322863,-149.76979539859187,-0.0020232018737322863,-0.0014976979539859188,-52.55039197463677,-0.0005255039197463677,-2645.3932655968533,1084.012975248671,False
2003-02-07,-514.6966945562124,-459.6396726791046,-0.005146966945562124,-0.004596396726791046,-55.057021877107786,-0.0005505702187710779,-2700.450287473961,1084.012975248671,False
2003-02-10,-54.35376590893053,-27.531970710614246,-0.0005435376590893052,-0.00027531970710614246,-26.82179519831628,-0.00026821795198316283,-2727.272082672277,1084.012975248671,False
2003-02-11,-1075.1474421807666,-935.6829225702916,-0.010751474421807666,-0.009356829225702915,-139.464519610475,-0.0013946451961047502,-2866.736602282752,1084.012975248671,False
2003-02-12,303.3809193093133,250.13091280617854,0.003033809193093133,0.0025013091280617853,53.250006503134756,0.0005325000650313476,-2813.486595779617,1084.012975248671,False
2003-02-13,-45.1234658948423,-95.78074953798148,-0.00045123465894842296,-0.0009578074953798148,50.65728364313918,0.0005065728364313918,-2762.8293121364777,1084.012975248671,False
2003-02-14,-273.4688997626745,-208.94430884861342,-0.002734688997626745,-0.002089443088486134,-64.52459091406106,-0.0006452459091406107,-2827.353903050539,1084.012975248671,False
2003-02-18,345.6080857193254,286.1362617329832,0.003456080857193254,0.002861362617329832,59.4718239863422,0.000594718239863422,-2767.8820790641967,1084.012975248671,False
2003-02-19,187.96229223331298,183.89979538676218,0.0018796229223331299,0.0018389979538676218,4.0624968465508005,4.062496846550801e-05,-2763.819582217646,1084.012975248671,False
2003-02-20,-78.82289674300428,-98.67987867469891,-0.0007882289674300427,-0.000986798786746989,19.856981931694634,0.00019856981931694635,-2743.9626002859513,1084.012975248671,False
2003-02-21,418.3676827128636,416.906742415675,0.004183676827128636,0.00416906742415675,1.4609402971885856,1.4609402971885856e-05,-2742.5016599887626,1084.012975248671,False
2003-02-24,-242.53198997847463,-236.4575776100672,-0.0024253198997847463,-0.002364575776100672,-6.0744123684074225,-6.0744123684074226e-05,-2748.5760723571702,1084.012975248671,False
2003-02-25,103.07609574085605,124.88903313732298,0.0010307609574085606,0.0012488903313732298,-21.812937396466936,-0.00021812937396466936,-2770.3890097536373,1084.012975248671,False
2003-02-26,-718.5010203112297,-622.8405097541913,-0.007185010203112297,-0.006228405097541913,-95.66051055703838,-0.0009566051055703838,-2866.0495203106757,1084.012975248671,False
2003-02-27,248.59528972793467,222.75279597316572,0.002485952897279347,0.002227527959731657,25.842493754768952,0.00025842493754768954,-2840.207026555907,1084.012975248671,False
2003-02-28,-140.75148525497121,-155.17751486395537,-0.0014075148525497122,-0.0015517751486395536,14.426029608984152,0.0001442602960898415,-2825.7809969469226,1084.012975248671,False
2003-03-03,242.5319899784756,260.499445455417,0.002425319899784756,0.00260499445455417,-17.96745547694141,-0.0001796745547694141,-2843.748452423864,1084.012975248671,False
2003-03-04,121.95058414655426,101.420711095628,0.0012195058414655427,0.00101420711095628,20.52987305092627,0.0002052987305092627,-2823.2185793729377,1084.012975248671,False
2003-03-05,197.83396701455578,148.71328063708324,0.001978339670145558,0.0014871328063708325,49.12068637747254,0.0004912068637747254,-2774.0978929954654,1084.012975248671,False
2003-03-06,-67.54605500775948,-149.37561889082033,-0.0006754605500775948,-0.0014937561889082033,81.82956388306086,0.0008182956388306086,-2692.2683291124044,1084.012975248671,False
2003-03-07,-440.985544303781,-370.18292932399186,-0.00440985544303781,-0.0037018292932399187,-70.80261497978915,-0.0007080261497978916,-2763.0709440921937,1084.012975248671,False
2003-03-10,-236.191584711589,-298.49533003825826,-0.00236191584711589,-0.0029849533003825828,62.30374532666926,0.0006230374532666926,-2700.7671987655244,1084.012975248671,False
2003-03-11,57.00903728988888,19.741656981970635,0.0005700903728988888,0.00019741656981970635,37.267380307918245,0.00037267380307918243,-2663.499818457606,1084.012975248671,False
2003-03-12,444.4619721042879,332.2525292726603,0.0044446197210428785,0.003322525292726603,112.2094428316276,0.001122094428316276,-2551.2903756259784,1084.012975248671,False
2003-03-13,18.189899248387697,27.767833197774213,0.00018189899248387696,0.0002776783319777421,-9.577933949386516,-9.577933949386515e-05,-2560.868309575365,1084.012975248671,False
2003-03-14,263.3850485402943,299.4864379562208,0.0026338504854029427,0.002994864379562208,-36.10138941592652,-0.00036101389415926517,-2596.9696989912914,1084.012975248671,False
2003-03-17,128.30098800171055,116.55367554552629,0.0012830098800171055,0.0011655367554552628,11.747312456184261,0.00011747312456184262,-2585.222386535107,1084.012975248671,False
2003-03-18,-206.97993018723093,-201.45240239586235,-0.0020697993018723095,-0.0020145240239586235,-5.527527791368584,-5.527527791368584e-05,-2590.749914326476,1084.012975248671,False
2003-03-19,-160.28156832765706,-185.73834907388317,-0.0016028156832765706,-0.0018573834907388317,25.456780746226116,0.00025456780746226115,-2565.2931335802496,1084.012975248671,False
2003-03-20,-338.6090813462216,-247.70932336170523,-0.003386090813462216,-0.0024770932336170524,-90.89975798451638,-0.0009089975798451639,-2656.192891564766,1084.012975248671,False
2003-03-21,-497.97915417991914,-545.9898593279643,-0.004979791541799191,-0.005459898593279643,48.01070514804513,0.0004801070514804513,-2608.182186416721,1084.012975248671,False
2003-03-24,22.337196943610266,36.803032961971084,0.00022337196943610267,0.00036803032961971085,-14.465836018360818,-0.00014465836018360818,-2622.6480224350817,1084.012975248671,False
2003-03-25,27.608746626916194,41.61737721789069,0.00027608746626916195,0.0004161737721789069,-14.008630590974498,-0.00014008630590974498,-2636.656653026056,1084.012975248671,False
2003-03-26,-155.2259504805802,-178.6733444585322,-0.001552259504805802,-0.0017867334445853219,23.447393977952004,0.00023447393977952004,-2613.2092590481043,1084.012975248671,False
2003-03-27,-61.35277028203404,-15.06457252376984,-0.0006135277028203403,-0.0001506457252376984,-46.2881977582642,-0.00046288197758264195,-2659.4974568063685,1084.012975248671,False
2003-03-28,116.03903811288885,7.841204940736418,0.0011603903811288885,7.841204940736418e-05,108.19783317215243,0.0010819783317215243,-2551.299623634216,1084.012975248671,False
2003-03-31,37.634276421305444,30.798742161521282,0.00037634276421305443,0.0003079874216152128,6.835534259784161,6.835534259784161e-05,-2544.4640893744318,1084.012975248671,False
2003-04-01,808.9522185639335,901.1994520230825,0.008089522185639334,0.009011994520230824,-92.24723345914902,-0.0009224723345914902,-2636.7113228335807,1084.012975248671,False
2003-04-02,-90.58960984822114,-137.03451200885388,-0.0009058960984822114,-0.0013703451200885387,46.444902160632736,0.0004644490216063274,-2590.266420672948,1084.012975248671,False
2003-04-03,-104.2997094794575,-116.88111996096968,-0.0010429970947945751,-0.001168811199609697,12.58141048151218,0.0001258141048151218,-2577.6850101914356,1084.012975248671,False
2003-04-04,6.135277028203892,-43.991968517893945,6.135277028203892e-05,-0.00043991968517893945,50.12724554609784,0.0005012724554609784,-2527.5577646453376,1084.012975248671,False
2003-04-07,-9.202915542303924,-1.7049038153370333,-9.202915542303923e-05,-1.7049038153370334e-05,-7.49801172696689,-7.49801172696689e-05,-2535.0557763723045,1084.012975248671,False
2003-04-08,-213.66950702445087,-156.53427572378044,-0.0021366950702445086,-0.0015653427572378043,-57.135231300670426,-0.0005713523130067042,-2592.191007672975,1084.012975248671,False
2003-04-09,73.6233243384408,66.62863892930112,0.000736233243384408,0.0006662863892930112,6.994685409139677,6.994685409139677e-05,-2585.1963222638356,1084.012975248671,False
2003-04-10,-58.285131767931226,-38.236677870432786,-0.0005828513176793122,-0.00038236677870432783,-20.04845389749844,-0.0002004845389749844,-2605.244776161334,1084.012975248671,False
2003-04-11,122.7055405640662,51.62382607253856,0.001227055405640662,0.0005162382607253856,71.08171449152763,0.0007108171449152764,-2534.163061669806,1084.012975248671,False
2003-04-14,193.5789443614052,204.10438560519833,0.001935789443614052,0.0020410438560519834,-10.525441243793125,-0.00010525441243793125,-2544.688502913599,1084.012975248671,False
2003-04-15,-150.23653263554274,-110.83625612265338,-0.0015023653263554274,-0.0011083625612265339,-39.40027651288936,-0.00039400276512889363,-2584.0887794264886,1084.012975248671,False
2003-04-16,487.7545237421682,443.5210229718172,0.004877545237421682,0.004435210229718172,44.233500770350986,0.00044233500770350984,-2539.8552786561377,1084.012975248671,False
2003-04-17,13.232901554404409,88.62425461461726,0.0001323290155440441,0.0008862425461461725,-75.39135306021285,-0.0007539135306021285,-2615.2466317163507,1084.012975248671,False
2003-04-21,274.72175831022753,206.40855482541073,0.0027472175831022754,0.0020640855482541073,68.3132034848168,0.000683132034848168,-2546.933428231534,1084.012975248671,False
2003-04-22,-121.40572823515329,-135.94623316524476,-0.001214057282351533,-0.0013594623316524476,14.540504930091473,0.00014540504930091473,-2532.3929233014424,1084.012975248671,False
2003-04-23,123.2961427429249,94.71095279864902,0.001232961427429249,0.0009471095279864902,28.585189944275882,0.0002858518994427588,-2503.8077333571664,1084.012975248671,False
2003-04-24,-368.8140363286763,-354.96733132249045,-0.003688140363286763,-0.0035496733132249045,-13.846705006185857,-0.00013846705006185858,-2517.6544383633523,1084.012975248671,False
2003-04-25,305.96632406731055,329.9000932516439,0.0030596632406731054,0.003299000932516439,-23.933769184333357,-0.00023933769184333357,-2541.5882075476857,1084.012975248671,False
2003-04-28,-13.760219396274785,-12.996070475864933,-0.00013760219396274784,-0.00012996070475864932,-0.7641489204098519,-7.641489204098519e-06,-2542.3523564680954,1084.012975248671,False
2003-04-29,402.59762646991203,344.5087451862366,0.00402597626469912,0.003445087451862366,58.08888128367545,0.0005808888128367545,-2484.26347518442,1084.012975248671,False
2003-04-30,-55.86739941829298,-58.51777981256194,-0.0005586739941829299,-0.0005851777981256194,2.650380394268957,2.650380394268957e-05,-2481.6130947901506,1084.012975248671,False
2003-05-01,624.2137554699514,590.8006717336509,0.006242137554699514,0.005908006717336509,33.41308373630045,0.0003341308373630045,-2448.20001105385,1084.012975248671,False
2003-05-02,99.29421139741535,125.38656202423051,0.0009929421139741536,0.001253865620242305,-26.09235062681516,-0.0002609235062681516,-2474.292361680665,1084.012975248671,False
2003-05-05,278.71615818759534,279.8484760337443,0.0027871615818759535,0.002798484760337443,-1.1323178461489647,-1.1323178461489647e-05,-2475.424679526814,1084.012975248671,False
2003-05-06,-250.1055069349964,-265.13566528037,-0.002501055069349964,-0.0026513566528037,15.030158345373593,0.00015030158345373594,-2460.3945211814407,1084.012975248671,False
2003-05-07,368.6281730275304,243.5047504380525,0.0036862817302753042,0.002435047504380525,125.12342258947791,0.0012512342258947792,-2335.271098591963,1084.012975248671,False
2003-05-08,334.14852794975735,332.22979875762996,0.0033414852794975735,0.0033222979875762995,1.9187291921273868,1.9187291921273868e-05,-2333.3523693998354,1084.012975248671,False
2003-05-09,363.3787852299736,409.0463368706012,0.003633787852299736,0.004090463368706012,-45.66755164062761,-0.00045667551640627606,-2379.019921040463,1084.012975248671,False
2003-05-12,-177.69499273761807,-134.3522977589594,-0.0017769499273761807,-0.001343522977589594,-43.34269497865867,-0.0004334269497865867,-2422.3626160191216,1084.012975248671,False
2003-05-13,43.08009015736147,48.02020411296455,0.00043080090157361466,0.0004802020411296455,-4.940113955603081,-4.940113955603081e-05,-2427.3027299747246,1084.012975248671,False
2003-05-14,273.4338049067415,245.93417609746552,0.002734338049067415,0.002459341760974655,27.499628809275976,0.0002749962880927598,-2399.8031011654484,1084.012975248671,False
2003-05-15,63.195739729639975,105.47012485998064,0.0006319573972963997,0.0010547012485998064,-42.27438513034067,-0.0004227438513034067,-2442.077486295789,1084.012975248671,False
2003-05-16,-43.984420599415444,112.6477027116789,-0.00043984420599415446,0.001126477027116789,-156.63212331109435,-0.0015663212331109434,-2598.7096096068835,1084.012975248671,False
2003-05-19,39.09096691946323,31.88531095334894,0.00039090966919463226,0.0003188531095334894,7.205655966114286,7.205655966114286e-05,-2591.5039536407694,1084.012975248671,False
2003-05-20,389.37000155496713,321.4383062709971,0.0038937000155496713,0.003214383062709971,67.93169528397004,0.0006793169528397004,-2523.5722583567995,1084.012975248671,False
2003-05-21,321.31506991674433,325.53442482261306,0.0032131506991674432,0.0032553442482261305,-4.219354905868727,-4.219354905868727e-05,-2527.7916132626683,1084.012975248671,False
2003-05-22,47.79426282214375,59.56583233892861,0.0004779426282214375,0.000595658323389286,-11.771569516784858,-0.00011771569516784859,-2539.563182779453,1084.012975248671,False
2003-05-23,973.2891101315413,822.8369400549163,0.009732891101315413,0.008228369400549163,150.45217007662495,0.0015045217007662495,-2389.1110127028282,1084.012975248671,False
2003-05-27,-131.82014827201007,-183.07308227708577,-0.0013182014827201008,-0.0018307308227708578,51.2529340050757,0.000512529340050757,-2337.8580786977527,1084.012975248671,False
2003-05-28,310.83315358976466,249.59156827101373,0.0031083315358976468,0.002495915682710137,61.241585318750936,0.0006124158531875094,-2276.616493379002,1084.012975248671,False
2003-05-29,285.68103425849074,301.83415958105434,0.0028568103425849075,0.003018341595810543,-16.153125322563596,-0.00016153125322563596,-2292.7696187015654,1084.012975248671,False
2003-05-30,68.94147369211791,73.30684519035938,0.0006894147369211791,0.0007330684519035938,-4.365371498241473,-4.365371498241473e-05,-2297.134990199807,1084.012975248671,False
2003-06-02,79.47491356324804,103.31201552941724,0.0007947491356324804,0.0010331201552941723,-23.8371019661692,-0.000238371019661692,-2320.972092165976,1084.012975248671,False
2003-06-03,213.13736910117203,223.14884962649055,0.0021313736910117203,0.0022314884962649053,-10.011480525318518,-0.00010011480525318519,-2330.9835726912943,1084.012975248671,False
2003-06-04,484.0747392659738,404.01708828100124,0.0048407473926597375,0.004040170882810013,80.05765098497255,0.0008005765098497256,-2250.925921706322,1084.012975248671,False
2003-06-05,-325.7932595153467,-359.2147653415583,-0.0032579325951534667,-0.003592147653415583,33.421505826211614,0.00033421505826211617,-2217.50441588011,1084.012975248671,False
2003-06-06,-396.5616130596265,-376.57760807426627,-0.003965616130596265,-0.0037657760807426627,-19.98400498536023,-0.0001998400498536023,-2237.4884208654703,1084.012975248671,False
2003-06-09,-164.42545907901902,-100.61201492535082,-0.0016442545907901901,-0.001006120149253508,-63.8134441536682,-0.000638134441536682,-2301.3018650191384,1084.012975248671,False
2003-06-10,519.1913575380217,512.8425066806412,0.005191913575380218,0.005128425066806413,6.348850857380512,6.348850857380513e-05,-2294.953014161758,1084.012975248671,False
2003-06-11,7.246453218507824,-18.77440114446189,7.246453218507824e-05,-0.0001877440114446189,26.020854362969715,0.00026020854362969714,-2268.9321597987882,1084.012975248671,False
2003-06-12,-208.9630260269467,-240.77653032834058,-0.002089630260269467,-0.002407765303283406,31.81350430139389,0.0003181350430139389,-2237.1186554973942,1084.012975248671,False
2003-06-13,389.60005515842914,510.6896157415859,0.0038960005515842914,0.005106896157415859,-121.08956058315675,-0.0012108956058315674,-2358.208216080551,1084.012975248671,False
2003-06-16,250.48570423570902,195.75479691777002,0.00250485704235709,0.0019575479691777004,54.730907317939,0.00054730907317939,-2303.477308762612,1084.012975248671,False
2003-06-17,-157.85619836415302,-241.0435025392603,-0.0015785619836415302,-0.002410435025392603,83.18730417510727,0.0008318730417510728,-2220.290004587505,1084.012975248671,False
2003-06-18,-336.5069469553628,-276.3531730084011,-0.0033650694695536282,-0.0027635317300840107,-60.153773946961735,-0.0006015377394696173,-2280.4437785344667,1084.012975248671,False
2003-06-19,-171.62787418122517,-231.3597994214807,-0.0017162787418122517,-0.002313597994214807,59.73192524025552,0.0005973192524025553,-2220.7118532942113,1084.012975248671,False
2003-06-20,-388.0412741514566,-464.6368139822464,-0.003880412741514566,-0.004646368139822464,76.59553983078979,0.0007659553983078979,-2144.1163134634216,1084.012975248671,False
2003-06-23,-320.6188721526074,-447.9993424706595,-0.003206188721526074,-0.004479993424706595,127.38047031805206,0.0012738047031805207,-2016.7358431453695,1084.012975248671,False
2003-06-24,-291.45431423719776,-286.82643858284973,-0.002914543142371978,-0.0028682643858284973,-4.627875654348031,-4.6278756543480315e-05,-2021.3637187997174,1084.012975248671,False
2003-06-25,608.339488703969,596.5150226172199,0.00608339488703969,0.005965150226172199,11.824466086749112,0.00011824466086749112,-2009.5392527129684,1084.012975248671,False
2003-06-26,-204.5640581747524,-254.57010515694952,-0.002045640581747524,-0.0025457010515694952,50.00604698219712,0.0005000604698219712,-1959.5332057307712,1084.012975248671,False
2003-06-27,73.04750610851231,69.62356504457992,0.0007304750610851231,0.0006962356504457992,3.4239410639323893,3.423941063932389e-05,-1956.1092646668387,1084.012975248671,False
2003-06-30,1073.6082117665112,1082.471950903391,0.010736082117665111,0.010824719509033909,-8.863739136879758,-8.863739136879758e-05,-1964.9730038037185,1084.012975248671,False
2003-07-01,416.93471006558417,320.96779172246124,0.004169347100655842,0.0032096779172246124,95.96691834312293,0.0009596691834312293,-1869.0060854605956,1084.012975248671,False
2003-07-02,-226.32016024896916,-168.51388306924892,-0.0022632016024896917,-0.0016851388306924893,-57.80627717972024,-0.0005780627717972024,-1926.8123626403158,1084.012975248671,False
2003-07-03,143.13728873235812,-0.0007582276049333814,0.0014313728873235811,-7.582276049333814e-09,143.13804695996305,0.0014313804695996306,-1783.6743156803527,1084.012975248671,False
2003-07-07,-204.7236998230336,-216.15711556382172,-0.002047236998230336,-0.0021615711556382173,11.43341574078812,0.00011433415740788121,-1772.2408999395645,1084.012975248671,False
2003-07-08,-91.73783000578955,-93.57827738178231,-0.0009173783000578955,-0.0009357827738178231,1.8404473759927669,1.840447375992767e-05,-1770.400452563572,1084.012975248671,False
2003-07-09,-179.27995070246075,-134.46938212596308,-0.0017927995070246075,-0.0013446938212596307,-44.81056857649767,-0.0004481056857649767,-1815.2110211400695,1084.012975248671,False
2003-07-10,180.12458401269961,147.32301677092164,0.0018012458401269961,0.0014732301677092164,32.801567241777974,0.00032801567241777974,-1782.4094538982915,1084.012975248671,False
2003-07-11,477.55187764181653,422.22900536888477,0.004775518776418165,0.004222290053688848,55.32287227293176,0.0005532287227293176,-1727.0865816253597,1084.012975248671,False
2003-07-14,-360.0901885588027,-428.5869988514422,-0.003600901885588027,-0.0042858699885144225,68.49681029263951,0.000684968102926395,-1658.5897713327201,1084.012975248671,False
2003-07-15,-3.142781776522682,-29.644489433621853,-3.142781776522682e-05,-0.0002964448943362185,26.50170765709917,0.0002650170765709917,-1632.088063675621,1084.012975248671,False
2003-07-16,-253.12026220501843,-382.3369089394412,-0.0025312026220501846,-0.0038233690893944117,129.21664673442274,0.0012921664673442273,-1502.8714169411983,1084.012975248671,False
2003-07-17,368.04812412760504,378.3680751014055,0.0036804812412760506,0.003783680751014055,-10.319950973800474,-0.00010319950973800473,-1513.1913679149989,1084.012975248671,False
2003-07-18,25.521655862030343,40.38120419732277,0.00025521655862030345,0.0004038120419732277,-14.85954833529243,-0.0001485954833529243,-1528.0509162502913,1084.012975248671,False
2003-07-21,176.81542611590518,178.01282457289207,0.001768154261159052,0.0017801282457289207,-1.197398456986889,-1.197398456986889e-05,-1529.248314707278,1084.012975248671,False
2003-07-22,797.6876222548716,867.0347010768098,0.007976876222548716,0.008670347010768098,-69.34707882193823,-0.0006934707882193823,-1598.5953935292164,1084.012975248671,False
2003-07-23,46.886506719377294,-24.05843925665428,0.00046886506719377296,-0.00024058439256654282,70.94494597603158,0.0007094494597603158,-1527.650447553185,1084.012975248671,False
2003-07-24,317.6686975076467,330.18367355831276,0.003176686975076467,0.0033018367355831277,-12.514976050666064,-0.00012514976050666065,-1540.165423603851,1084.012975248671,False
2003-07-25,188.60521360716353,192.95817357710442,0.0018860521360716353,0.0019295817357710442,-4.352959969940883,-4.3529599699408835e-05,-1544.5183835737919,1084.012975248671,False
2003-07-28,-390.19944841163965,-369.7474542448985,-0.0039019944841163965,-0.003697474542448985,-20.451994166741144,-0.00020451994166741146,-1564.970377740533,1084.012975248671,False
2003-07-29,-330.2087194676206,-367.18716781336184,-0.003302087194676206,-0.0036718716781336184,36.97844834574124,0.0003697844834574124,-1527.9919293947917,1084.012975248671,False
2003-07-30,32.683861013297346,-14.42295650554302,0.00032683861013297347,-0.0001442295650554302,47.106817518840366,0.00047106817518840366,-1480.8851118759512,1084.012975248671,False
2003-07-31,-921.0800148180592,-889.8711069553773,-0.009210800148180593,-0.008898711069553773,-31.20890786268194,-0.0003120890786268194,-1512.094019738633,1084.012975248671,False
2003-08-01,80.78252505047698,111.16710494987332,0.0008078252505047698,0.0011116710494987333,-30.384579899396343,-0.0003038457989939634,-1542.4785996380294,1084.012975248671,False
2003-08-04,-1824.2125689161899,-1767.5874682209908,-0.0182421256891619,-0.017675874682209908,-56.62510069519908,-0.0005662510069519908,-1599.1037003332285,1084.012975248671,False
2003-08-05,173.91180274767194,161.777766749212,0.0017391180274767195,0.0016177776674921199,12.13403599845995,0.0001213403599845995,-1586.9696643347686,1084.012975248671,False
2003-08-06,492.8269380613584,463.0888458067078,0.004928269380613584,0.004630888458067078,29.73809225465061,0.0002973809225465061,-1557.231572080118,1084.012975248671,False
2003-08-07,33.715333536817695,54.12035367649929,0.00033715333536817694,0.0005412035367649929,-20.405020139681596,-0.00020405020139681597,-1577.6365922197997,1084.012975248671,False
2003-08-08,720.1101967641744,636.5533831204805,0.007201101967641743,0.006365533831204805,83.55681364369389,0.0008355681364369389,-1494.0797785761058,1084.012975248671,False
2003-08-11,456.94222416217025,434.22575891940363,0.004569422241621703,0.004342257589194036,22.716465242766617,0.00022716465242766617,-1471.3633133333392,1084.012975248671,False
2003-08-12,187.71102458097246,155.52754946479843,0.0018771102458097245,0.0015552754946479843,32.18347511617404,0.00032183475116174035,-1439.179838217165,1084.012975248671,False
2003-08-13,268.4285571433242,227.45949796017075,0.002684285571433242,0.0022745949796017075,40.96905918315346,0.0004096905918315346,-1398.2107790340117,1084.012975248671,False
2003-08-14,-93.76034014560655,-77.37621850766664,-0.0009376034014560655,-0.0007737621850766663,-16.384121637939913,-0.00016384121637939912,-1414.5949006719516,1084.012975248671,False
2003-08-15,-29.258205801086945,-83.25746498025894,-0.00029258205801086944,-0.0008325746498025894,53.999259179172,0.00053999259179172,-1360.5956414927796,1084.012975248671,False
2003-08-18,252.2363854975643,240.74708643765908,0.002522363854975643,0.002407470864376591,11.489299059905221,0.0001148929905990522,-1349.1063424328743,1084.012975248671,False
2003-08-19,163.6328946451632,126.47601526939837,0.001636328946451632,0.0012647601526939837,37.15687937576482,0.00037156879375764817,-1311.9494630571094,1084.012975248671,False
2003-08-20,-184.02776039064133,-91.05100231667863,-0.0018402776039064133,-0.0009105100231667863,-92.9767580739627,-0.000929767580739627,-1404.926221131072,1084.012975248671,False
2003-08-21,-191.86586175746487,-128.46124325405148,-0.0019186586175746487,-0.0012846124325405148,-63.40461850341339,-0.0006340461850341339,-1468.3308396344853,1084.012975248671,False
2003-08-22,-84.02799610565037,-77.88627262923035,-0.0008402799610565038,-0.0007788627262923035,-6.141723476420026,-6.141723476420027e-05,-1474.4725631109054,1084.012975248671,False
2003-08-25,315.6868091818398,339.31415754264555,0.003156868091818398,0.0033931415754264553,-23.62734836080574,-0.00023627348360805741,-1498.099911471711,1084.012975248671,False
2003-08-26,518.8478110583704,449.0717592468504,0.005188478110583704,0.004490717592468504,69.77605181152006,0.0006977605181152007,-1428.323859660191,1084.012975248671,False
2003-08-27,119.53179646901938,118.99184566915389,0.0011953179646901938,0.0011899184566915388,0.539950799865494,5.3995079986549396e-06,-1427.7839088603255,1084.012975248671,False
2003-08-28,413.59314137616104,424.8987222245004,0.004135931413761611,0.004248987222245004,-11.305580848339332,-0.00011305580848339332,-1439.0894897086648,1084.012975248671,False
2003-08-29,139.71600701774108,180.7098314616473,0.0013971600701774107,0.0018070983146164729,-40.99382444390622,-0.0004099382444390622,-1480.0833141525711,1084.012975248671,False
2003-09-02,118.05967855711178,94.93033091685174,0.0011805967855711178,0.0009493033091685175,23.129347640260036,0.00023129347640260035,-1456.9539665123111,1084.012975248671,False
2003-09-03,10.780888716541327,-18.310982544064572,0.00010780888716541327,-0.00018310982544064572,29.0918712606059,0.000290918712606059,-1427.8620952517053,1084.012975248671,False
2003-09-04,291.3527877774714,229.28267786463454,0.002913527877774714,0.0022928267786463453,62.07010991283687,0.0006207010991283687,-1365.7919853388685,1084.012975248671,False
2003-09-05,48.97611064468029,88.10812476259701,0.0004897611064468029,0.0008810812476259701,-39.132014117916725,-0.0003913201411791673,-1404.9239994567852,1084.012975248671,False
2003-09-08,200.64415809498286,203.33620284192327,0.0020064415809498285,0.0020333620284192326,-2.692044746940411,-2.692044746940411e-05,-1407.6160442037256,1084.012975248671,False
2003-09-09,-415.86464696808684,-406.6187050979725,-0.004158646469680868,-0.004066187050979725,-9.245941870114336,-9.245941870114337e-05,-1416.86198607384,1084.012975248671,False
2003-09-10,102.41035029957511,66.46394718148805,0.0010241035029957511,0.0006646394718148805,35.94640311808706,0.00035946403118087064,-1380.9155829557528,1084.012975248671,False
2003-09-11,-305.3716621213416,-309.91053201317425,-0.003053716621213416,-0.0030991053201317423,4.538869891832633,4.5388698918326324e-05,-1376.3767130639203,1084.012975248671,False
2003-09-12,-182.69285320579053,-186.81792112529644,-0.0018269285320579053,-0.0018681792112529643,4.125067919505909,4.1250679195059095e-05,-1372.2516451444144,1084.012975248671,False
2003-09-15,275.5522604947951,288.3901694736944,0.0027555226049479514,0.002883901694736944,-12.837908978899293,-0.00012837908978899292,-1385.0895541233137,1084.012975248671,False
2003-09-16,194.80588562813742,180.88372297030594,0.0019480588562813743,0.0018088372297030593,13.922162657831478,0.0001392216265783148,-1371.1673914654823,1084.012975248671,False
2003-09-17,238.8758599412987,256.1820935749537,0.002388758599412987,0.0025618209357495367,-17.306233633654983,-0.00017306233633654984,-1388.4736250991373,1084.012975248671,False
2003-09-18,400.9210331425806,393.24691174350437,0.004009210331425806,0.0039324691174350435,7.674121399076228,7.674121399076227e-05,-1380.799503700061,1084.012975248671,False
2003-09-19,-103.06342244771108,-61.59189402227247,-0.0010306342244771108,-0.0006159189402227247,-41.471528425438606,-0.00041471528425438605,-1422.2710321254997,1084.012975248671,False
2003-09-22,169.0416550555255,205.2312945383627,0.001690416550555255,0.002052312945383627,-36.18963948283721,-0.0003618963948283721,-1458.460671608337,1084.012975248671,False
2003-09-23,-961.0481146145584,-1056.263333908702,-0.009610481146145584,-0.010562633339087019,95.2152192941436,0.000952152192941436,-1363.2454523141932,1084.012975248671,False
2003-09-24,-516.1239693425421,-476.1601491903971,-0.005161239693425421,-0.0047616014919039705,-39.96382015214499,-0.0003996382015214499,-1403.2092724663382,1084.012975248671,False
2003-09-25,-463.3985466914918,-482.28239733046763,-0.0046339854669149175,-0.004822823973304676,18.883850638975844,0.00018883850638975842,-1384.3254218273623,1084.012975248671,False
2003-09-26,931.8629507785337,961.1314197079755,0.009318629507785336,0.009611314197079755,-29.268468929441838,-0.0002926846892944184,-1413.5938907568043,1084.012975248671,False
2003-09-29,-453.8462346225531,-378.7523150127865,-0.004538462346225531,-0.0037875231501278647,-75.0939196097666,-0.000750939196097666,-1488.6878103665708,1084.012975248671,False
2003-09-30,440.88124500657966,471.94486383325943,0.004408812450065797,0.0047194486383325945,-31.06361882667977,-0.0003106361882667977,-1519.7514291932507,1084.012975248671,False
2003-10-01,5.21484763229482,-6.407762014582488,5.2148476322948196e-05,-6.407762014582489e-05,11.622609646877308,0.00011622609646877308,-1508.1288195463735,1084.012975248671,False
2003-10-02,169.94496489042615,47.49951674346164,0.0016994496489042615,0.0004749951674346164,122.44544814696451,0.001224454481469645,-1385.683371399409,1084.012975248671,False
2003-10-03,199.20550630359634,158.8578347341363,0.0019920550630359636,0.0015885783473413631,40.34767156946003,0.0004034767156946003,-1345.335699829949,1084.012975248671,False
2003-10-06,216.9303167191988,268.2229888988137,0.002169303167191988,0.002682229888988137,-51.2926721796149,-0.0005129267217961489,-1396.628372009564,1084.012975248671,False
2003-10-07,-126.80092156893335,-148.99181408879616,-0.0012680092156893334,-0.0014899181408879617,22.190892519862814,0.00022190892519862815,-1374.4374794897012,1084.012975248671,False
2003-10-08,-278.9030955334817,-288.1446218945037,-0.002789030955334817,-0.002881446218945037,9.24152636102201,9.241526361022011e-05,-1365.1959531286793,1084.012975248671,False
2003-10-09,219.10758501404308,251.2382702844489,0.002191075850140431,0.002512382702844489,-32.13068527040582,-0.0003213068527040582,-1397.3266383990851,1084.012975248671,False
2003-10-10,133.97052337387893,151.63532246357576,0.0013397052337387892,0.0015163532246357577,-17.664799089696828,-0.00017664799089696828,-1414.991437488782,1084.012975248671,False
2003-10-13,86.74549649569039,84.97013718353548,0.0008674549649569039,0.0008497013718353548,1.7753593121549045,1.7753593121549045e-05,-1413.216078176627,1084.012975248671,False
2003-10-14,-350.6429901547618,-348.37292559722,-0.003506429901547618,-0.0034837292559721997,-2.2700645575417866,-2.2700645575417867e-05,-1415.4861427341689,1084.012975248671,False
2003-10-15,112.53686122146559,111.76678728885861,0.0011253686122146558,0.001117667872888586,0.7700739326069765,7.700739326069765e-06,-1414.716068801562,1084.012975248671,False
2003-10-16,-389.5756210724612,-352.5409489775469,-0.003895756210724612,-0.003525409489775469,-37.0346720949143,-0.000370346720949143,-1451.7507408964761,1084.012975248671,False
2003-10-17,367.2363134730597,281.5615038686284,0.003672363134730597,0.002815615038686284,85.67480960443129,0.0008567480960443129,-1366.075931292045,1084.012975248671,False
2003-10-20,496.6600956303241,490.21332011170233,0.004966600956303241,0.004902133201117024,6.446775518621791,6.446775518621791e-05,-1359.6291557734232,1084.012975248671,False
2003-10-21,-121.50247869265257,-89.42266573126231,-0.0012150247869265258,-0.0008942266573126231,-32.07981296139026,-0.0003207981296139026,-1391.7089687348134,1084.012975248671,False
2003-10-22,-177.06036180088998,-154.03893064795878,-0.0017706036180088998,-0.0015403893064795879,-23.0214311529312,-0.000230214311529312,-1414.7303998877446,1084.012975248671,False
2003-10-23,275.2039920663345,270.9918347761323,0.002752039920663345,0.0027099183477613227,4.212157290202185,4.2121572902021855e-05,-1410.5182425975424,1084.012975248671,False
2003-10-24,-24.6452552239954,-34.70796515252996,-0.000246452552239954,-0.00034707965152529956,10.06270992853456,0.0001006270992853456,-1400.4555326690079,1084.012975248671,False
2003-10-27,97.04756775842083,-66.75838925254453,0.0009704756775842083,-0.0006675838925254453,163.80595701096536,0.0016380595701096536,-1236.6495756580425,1084.012975248671,False
2003-10-28,120.48188253694724,160.15846265545156,0.0012048188253694725,0.0016015846265545156,-39.67658011850432,-0.0003967658011850432,-1276.3261557765468,1084.012975248671,False
2003-10-29,-109.95567777505201,-82.97319163482182,-0.00109955677775052,-0.0008297319163482181,-26.982486140230193,-0.0002698248614023019,-1303.3086419167769,1084.012975248671,False
2003-10-30,19.68825753001851,1.1507155548076682,0.0001968825753001851,1.1507155548076683e-05,18.537541975210843,0.00018537541975210842,-1284.771099941566,1084.012975248671,False
2003-10-31,-352.6038353345769,-457.13426633017326,-0.003526038353345769,-0.004571342663301733,104.53043099559636,0.0010453043099559636,-1180.2406689459697,1084.012975248671,False
2003-11-03,160.71237667221516,111.84645439709684,0.0016071237667221515,0.0011184645439709683,48.86592227511832,0.0004886592227511832,-1131.3747466708514,1084.012975248671,False
2003-11-04,240.64921308456644,234.13263847545727,0.0024064921308456643,0.0023413263847545727,6.5165746091091705,6.51657460910917e-05,-1124.8581720617422,1084.012975248671,False
2003-11-05,-8.837752509133551,-65.05424585191912,-8.837752509133551e-05,-0.0006505424585191912,56.21649334278557,0.0005621649334278557,-1068.6416787189567,1084.012975248671,False
2003-11-06,38.68323296094388,17.247651902023378,0.00038683232960943885,0.0001724765190202338,21.435581058920505,0.00021435581058920506,-1047.2060976600362,1084.012975248671,False
2003-11-07,31.515088988540953,117.53503123867927,0.00031515088988540955,0.0011753503123867926,-86.01994225013831,-0.0008601994225013831,-1133.2260399101744,1084.012975248671,False
2003-11-10,41.368966023189465,44.46776909163473,0.00041368966023189467,0.0004446776909163473,-3.098803068445264,-3.098803068445264e-05,-1136.3248429786197,1084.012975248671,False
2003-11-11,1418.0517374142125,1271.9113649972028,0.014180517374142125,0.012719113649972028,146.14037241700976,0.0014614037241700976,-990.1844705616099,1084.012975248671,False
2003-11-12,-47.151994271549825,-43.44172617991428,-0.00047151994271549827,-0.00043441726179914284,-3.710268091635541,-3.710268091635541e-05,-993.8947386532454,1084.012975248671,False
2003-11-13,-105.7936849050655,-171.0629723803014,-0.001057936849050655,-0.001710629723803014,65.2692874752359,0.0006526928747523589,-928.6254511780096,1084.012975248671,False
2003-11-14,-524.6651197949526,-574.0864663883913,-0.005246651197949526,-0.005740864663883913,49.42134659343867,0.0004942134659343867,-879.2041045845709,1084.012975248671,False
2003-11-17,-272.79519361863356,-406.6328542632935,-0.0027279519361863356,-0.004066328542632935,133.83766064465993,0.0013383766064465994,-745.366443939911,1084.012975248671,False
2003-11-18,120.57546701077032,204.2181704869043,0.0012057546701077033,0.002042181704869043,-83.64270347613399,-0.0008364270347613399,-829.009147416045,1084.012975248671,False
2003-11-19,-595.958769299495,-548.5981538211304,-0.005959587692994949,-0.005485981538211304,-47.36061547836459,-0.0004736061547836459,-876.3697628944096,1084.012975248671,False
2003-11-20,698.2527110578228,653.7963140699219,0.006982527110578228,0.006537963140699219,44.456396987900916,0.00044456396987900917,-831.9133659065087,1084.012975248671,False
2003-11-21,1136.132356007896,996.3017002417407,0.01136132356007896,0.009963017002417408,139.83065576615536,0.0013983065576615536,-692.0827101403534,1084.012975248671,False
2003-11-24,26.32395920711486,21.10331834440437,0.0002632395920711486,0.0002110331834440437,5.220640862710489,5.220640862710489e-05,-686.8620692776428,1084.012975248671,False
2003-11-25,760.2417316535596,796.9548090300138,0.007602417316535596,0.007969548090300139,-36.713077376454294,-0.00036713077376454296,-723.5751466540971,1084.012975248671,False
2003-11-26,398.89746767486605,355.8587100256293,0.003988974676748661,0.003558587100256293,43.03875764923674,0.0004303875764923674,-680.5363890048604,1084.012975248671,False
2003-11-28,368.7085835709835,416.6410406121483,0.0036870858357098348,0.0041664104061214825,-47.93245704116481,-0.0004793245704116481,-728.4688460460252,1084.012975248671,False
2003-12-01,18.25976587134893,-8.202170701156462,0.0001825976587134893,-8.202170701156462e-05,26.46193657250539,0.00026461936572505393,-702.0069094735198,1084.012975248671,False
2003-12-02,-134.54739693170524,-84.1492293978108,-0.0013454739693170524,-0.000841492293978108,-50.39816753389444,-0.0005039816753389444,-752.4050770074143,1084.012975248671,False
2003-12-03,29.322786426144688,81.58032154818609,0.0002932278642614469,0.0008158032154818609,-52.2575351220414,-0.000522575351220414,-804.6626121294557,1084.012975248671,False
2003-12-04,31.188025250521605,112.67791631924176,0.00031188025250521607,0.0011267791631924175,-81.48989106872015,-0.0008148989106872015,-886.1525031981759,1084.012975248671,False
2003-12-05,114.20898291861272,145.1351097830797,0.001142089829186127,0.001451351097830797,-30.926126864466994,-0.00030926126864466995,-917.0786300626428,1084.012975248671,False
2003-12-08,-203.68303372051315,-116.9181050540607,-0.0020368303372051313,-0.0011691810505406071,-86.76492866645245,-0.0008676492866645244,-1003.8435587290952,1084.012975248671,False
2003-12-09,-169.0232138441154,-141.9333928559815,-0.0016902321384411538,-0.001419333928559815,-27.08982098813388,-0.0002708982098813388,-1030.9333797172292,1084.012975248671,False
2003-12-10,286.39829388548526,218.63025385232174,0.0028639829388548525,0.0021863025385232175,67.76804003316352,0.0006776804003316352,-963.1653396840657,1084.012975248671,False
2003-12-11,450.147606430327,403.8619931302258,0.00450147606430327,0.004038619931302258,46.285613300101204,0.00046285613300101205,-916.8797263839645,1084.012975248671,False
2003-12-12,-370.9625510933803,-361.51203870090393,-0.003709625510933803,-0.0036151203870090393,-9.450512392476355,-9.450512392476355e-05,-926.3302387764409,1084.012975248671,False
2003-12-15,-33.41379393343001,-5.092095059589397,-0.0003341379393343001,-5.092095059589397e-05,-28.32169887384061,-0.0002832169887384061,-954.6519376502815,1084.012975248671,False
2003-12-16,457.21306112408956,431.14170003405786,0.004572130611240895,0.004311417000340579,26.0713610900317,0.000260713610900317,-928.5805765602498,1084.012975248671,False
2003-12-17,343.4629778984844,263.24022809436144,0.003434629778984844,0.0026324022809436146,80.22274980412294,0.0008022274980412294,-848.3578267561269,1084.012975248671,False
2003-12-18,-154.50934367684303,-145.24342785209282,-0.0015450934367684302,-0.0014524342785209282,-9.26591582475021,-9.265915824750209e-05,-857.6237425808771,1084.012975248671,False
2003-12-19,298.32610647151694,319.8196792052746,0.0029832610647151695,0.0031981967920527462,-21.493572733757674,-0.00021493572733757672,-879.1173153146348,1084.012975248671,False
2003-12-22,241.09147784992248,228.2407285954269,0.002410914778499225,0.002282407285954269,12.850749254495582,0.0001285074925449558,-866.2665660601392,1084.012975248671,False
2003-12-23,146.44726099686312,129.39305449518915,0.0014644726099686312,0.0012939305449518915,17.054206501673974,0.00017054206501673975,-849.2123595584652,1084.012975248671,False
2003-12-24,229.51331210914566,219.4030628258091,0.0022951331210914567,0.002194030628258091,10.110249283336572,0.00010110249283336572,-839.1021102751287,1084.012975248671,False
2003-12-26,476.64280653410026,578.9513828442646,0.004766428065341002,0.005789513828442646,-102.30857631016431,-0.001023085763101643,-941.410686585293,1084.012975248671,False
2003-12-29,142.81144186668757,155.88258908111501,0.0014281144186668758,0.0015588258908111501,-13.071147214427441,-0.0001307114721442744,-954.4818337997204,1084.012975248671,False
2003-12-30,-25.786088086311675,-53.73726174265596,-0.00025786088086311677,-0.0005373726174265596,27.951173656344285,0.00027951173656344286,-926.5306601433762,1084.012975248671,False
2003-12-31,547.725417054107,484.8948042965617,0.00547725417054107,0.004848948042965617,62.83061275754528,0.0006283061275754528,-863.7000473858309,1084.012975248671,False
2004-01-02,427.4577488438047,469.3973767714541,0.004274577488438047,0.004693973767714541,-41.93962792764938,-0.00041939627927649385,-905.6396753134802,1084.012975248671,False
2004-01-05,85.4641253781823,68.46215733544186,0.000854641253781823,0.0006846215733544186,17.001968042740444,0.00017001968042740443,-888.6377072707397,1084.012975248671,False
2004-01-06,75.05287132499683,79.06528113384779,0.0007505287132499683,0.0007906528113384779,-4.012409808850961,-4.012409808850961e-05,-892.6501170795907,1084.012975248671,False
2004-01-07,337.381084751608,340.45777086395935,0.00337381084751608,0.0034045777086395934,-3.0766861123513536,-3.0766861123513536e-05,-895.726803191942,1084.012975248671,False
2004-01-08,-56.43744037152423,-60.37526693376199,-0.0005643744037152423,-0.0006037526693376199,3.9378265622377597,3.93782656223776e-05,-891.7889766297043,1084.012975248671,False
2004-01-09,259.8154294121754,256.90229486966933,0.002598154294121754,0.0025690229486966935,2.913134542506043,2.913134542506043e-05,-888.8758420871982,1084.012975248671,False
2004-01-12,-440.4963351155031,-423.6672738730159,-0.004404963351155031,-0.004236672738730159,-16.82906124248717,-0.00016829061242487172,-905.7049033296853,1084.012975248671,False
2004-01-13,9.568078575472377,-20.22008920140051,9.568078575472377e-05,-0.0002022008920140051,29.788167776872886,0.00029788167776872884,-875.9167355528124,1084.012975248671,False
2004-01-14,-791.295550616247,-903.4969732573192,-0.00791295550616247,-0.009034969732573192,112.2014226410721,0.001122014226410721,-763.7153129117403,1084.012975248671,False
2004-01-15,79.47662171439231,37.99129635375531,0.0007947662171439231,0.0003799129635375531,41.485325360637,0.00041485325360637,-722.2299875511032,1084.012975248671,False
2004-01-16,356.2363269366288,342.75945837134685,0.003562363269366288,0.0034275945837134686,13.476868565281961,0.0001347686856528196,-708.7531189858213,1084.012975248671,False
2004-01-20,58.99782163213521,62.995865437466726,0.0005899782163213521,0.0006299586543746673,-3.9980438053315197,-3.99804380533152e-05,-712.7511627911529,1084.012975248671,False
2004-01-21,-173.63389222097558,-194.6249975238428,-0.0017363389222097559,-0.0019462499752384281,20.991105302867226,0.00020991105302867226,-691.7600574882856,1084.012975248671,False
2004-01-22,-285.2655105000985,-254.973233301619,-0.0028526551050009853,-0.00254973233301619,-30.292277198479525,-0.0003029227719847953,-722.0523346867651,1084.012975248671,False
2004-01-23,264.81198423383864,330.4002711188961,0.0026481198423383865,0.0033040027111889613,-65.58828688505747,-0.0006558828688505747,-787.6406215718225,1084.012975248671,False
2004-01-26,-80.13773398103197,-39.86925404670586,-0.0008013773398103197,-0.0003986925404670586,-40.26847993432611,-0.00040268479934326107,-827.9091015061487,1084.012975248671,False
2004-01-27,-87.05265183133639,-9.227435378948186,-0.000870526518313364,-9.227435378948186e-05,-77.8252164523882,-0.000778252164523882,-905.7343179585368,1084.012975248671,False
2004-01-28,-857.2000977941746,-760.957164919547,-0.008572000977941745,-0.007609571649195471,-96.24293287462751,-0.0009624293287462751,-1001.9772508331644,1084.012975248671,False
2004-01-29,52.0314877287115,86.16890477392478,0.0005203148772871149,0.0008616890477392478,-34.13741704521328,-0.00034137417045213285,-1036.1146678783775,1084.012975248671,False
2004-01-30,-257.8746541791685,-214.57432534620366,-0.0025787465417916847,-0.002145743253462037,-43.30032883296482,-0.00043300328832964824,-1079.4149967113424,1084.012975248671,False
2004-02-02,-17.83765046854187,-21.99785579897756,-0.0001783765046854187,-0.0002199785579897756,4.160205330435691,4.1602053304356906e-05,-1075.2547913809067,1084.012975248671,False
2004-02-03,-493.33242375184784,-458.7918865146286,-0.004933324237518478,-0.004587918865146286,-34.54053723721927,-0.00034540537237219267,-1109.795328618126,1084.012975248671,False
2004-02-04,-101.7140544028444,-142.8186216842608,-0.001017140544028444,-0.0014281862168426078,41.104567281416394,0.00041104567281416394,-1068.6907613367096,1084.012975248671,False
2004-02-05,924.9596508934758,962.6424006200472,0.009249596508934758,0.009626424006200472,-37.68274972657139,-0.0003768274972657139,-1106.373511063281,1084.012975248671,False
2004-02-06,201.58725001386924,167.62730361433913,0.0020158725001386923,0.0016762730361433913,33.95994639953011,0.0003395994639953011,-1072.413564663751,1084.012975248671,False
2004-02-09,21.79565920189572,18.948731741374917,0.0002179565920189572,0.00018948731741374919,2.846927460520803,2.8469274605208027e-05,-1069.5666372032301,1084.012975248671,False
2004-02-10,519.2821878912391,495.8286524631315,0.005192821878912391,0.004958286524631315,23.453535428107614,0.00023453535428107615,-1046.1131017751225,1084.012975248671,False
2004-02-11,106.45512026060081,133.29118801565107,0.001064551202606008,0.0013329118801565108,-26.836067755050266,-0.00026836067755050267,-1072.9491695301726,1084.012975248671,False
2004-02-12,-322.54185899745596,-282.09904027286984,-0.0032254185899745595,-0.0028209904027286983,-40.44281872458612,-0.0004044281872458612,-1113.3919882547589,1084.012975248671,False
2004-02-13,546.5338116034887,490.39419150736995,0.005465338116034888,0.004903941915073699,56.13962009611879,0.0005613962009611879,-1057.2523681586401,1084.012975248671,False
2004-02-17,-242.56732579458938,-187.54821520223413,-0.002425673257945894,-0.0018754821520223413,-55.01911059235525,-0.0005501911059235525,-1112.2714787509954,1084.012975248671,False
2004-02-18,-319.8728589954752,-256.4974925054146,-0.0031987285899547522,-0.002564974925054146,-63.37536649006063,-0.0006337536649006063,-1175.6468452410559,1084.012975248671,False
2004-02-19,-772.2516722926141,-840.946684905231,-0.007722516722926141,-0.00840946684905231,68.69501261261689,0.0006869501261261689,-1106.951832628439,1084.012975248671,False
2004-02-20,-93.24447872453624,-42.89478341667034,-0.0009324447872453624,-0.00042894783416670343,-50.34969530786589,-0.0005034969530786589,-1157.3015279363049,1084.012975248671,False
2004-02-23,281.04819399589087,276.1886796189534,0.0028104819399589085,0.0027618867961895343,4.8595143769374545,4.8595143769374543e-05,-1152.4420135593673,1084.012975248671,False
2004-02-24,-287.09752416412925,-210.87162687354936,-0.0028709752416412925,-0.0021087162687354936,-76.2258972905799,-0.0007622589729057989,-1228.6679108499472,1084.012975248671,False
2004-02-25,27.39663359762146,9.333198671026569,0.00027396633597621457,9.333198671026569e-05,18.06343492659489,0.00018063434926594892,-1210.6044759233523,1084.012975248671,False
2004-02-26,67.54897067282089,85.03148440672084,0.0006754897067282089,0.0008503148440672084,-17.48251373389995,-0.0001748251373389995,-1228.0869896572522,1084.012975248671,False
2004-02-27,823.4717425129867,791.162663848013,0.008234717425129866,0.00791162663848013,32.30907866497364,0.0003230907866497364,-1195.7779109922785,1084.012975248671,False
2004-03-01,-609.4215816297774,-574.4038770225875,-0.006094215816297774,-0.005744038770225875,-35.0177046071899,-0.000350177046071899,-1230.7956155994684,1084.012975248671,False
2004-03-02,-163.8983821973374,-128.64637837603152,-0.001638983821973374,-0.0012864637837603152,-35.25200382130589,-0.0003525200382130589,-1266.0476194207743,1084.012975248671,False
2004-03-03,237.5930309912575,229.43086096862336,0.0023759303099125753,0.0022943086096862335,8.162170022634143,8.162170022634143e-05,-1257.88544939814,1084.012975248671,False
2004-03-04,753.6299093717837,825.4811315062425,0.007536299093717837,0.008254811315062425,-71.8512221344588,-0.000718512221344588,-1329.7366715325988,1084.012975248671,False
2004-03-05,-579.2048471376233,-670.6891221518457,-0.005792048471376233,-0.006706891221518457,91.48427501422236,0.0009148427501422236,-1238.2523965183764,1084.012975248671,False
2004-03-08,153.5749446997088,195.66965574130214,0.0015357494469970879,0.0019566965574130215,-42.09471104159334,-0.0004209471104159334,-1280.3471075599698,1084.012975248671,False
2004-03-09,-1068.6638780072344,-1050.274312159396,-0.010686638780072344,-0.01050274312159396,-18.389565847838412,-0.00018389565847838412,-1298.7366734078082,1084.012975248671,False
2004-03-10,-365.1824385100811,-345.823422172961,-0.003651824385100811,-0.00345823422172961,-19.359016337120124,-0.00019359016337120125,-1318.0956897449282,1084.012975248671,False
2004-03-11,354.8871270816653,413.810996857667,0.0035488712708166533,0.00413810996857667,-58.92386977600171,-0.000589238697760017,-1377.01955952093,1084.012975248671,False
2004-03-12,-389.7477651109975,-387.1298564559753,-0.003897477651109975,-0.003871298564559753,-2.617908655022177,-2.6179086550221767e-05,-1379.637468175952,1084.012975248671,False
2004-03-15,270.4993173525823,258.24039250809267,0.0027049931735258228,0.002582403925080927,12.258924844489627,0.00012258924844489626,-1367.3785433314624,1084.012975248671,False
2004-03-16,1271.6344721821552,1242.0189643860747,0.012716344721821551,0.012420189643860748,29.615507796080465,0.00029615507796080463,-1337.763035535382,1084.012975248671,False
2004-03-17,216.66970330184918,171.80382840204766,0.002166697033018492,0.0017180382840204765,44.865874899801526,0.00044865874899801525,-1292.8971606355803,1084.012975248671,False
2004-03-18,-339.0833543995657,-379.682337189323,-0.003390833543995657,-0.00379682337189323,40.598982789757315,0.00040598982789757313,-1252.298177845823,1084.012975248671,False
2004-03-19,-23.49622069872163,28.090579400463213,-0.00023496220698721628,0.00028090579400463214,-51.58680009918484,-0.0005158680009918484,-1303.8849779450077,1084.012975248671,False
2004-03-22,-87.1915800679825,-131.90017394166296,-0.000871915800679825,-0.0013190017394166295,44.70859387368046,0.00044708593873680455,-1259.1763840713272,1084.012975248671,False
2004-03-23,216.14207172950526,164.25201096751894,0.0021614207172950526,0.0016425201096751895,51.89006076198632,0.0005189006076198632,-1207.2863233093408,1084.012975248671,False
2004-03-24,1340.821775342703,1296.504422893987,0.01340821775342703,0.01296504422893987,44.31735244871584,0.0004431735244871584,-1162.968970860625,1084.012975248671,False
2004-03-25,460.4508945653956,450.268488713195,0.0046045089456539555,0.00450268488713195,10.182405852200588,0.00010182405852200588,-1152.7865650084243,1084.012975248671,False
2004-03-26,110.42442387030749,179.0064268057244,0.001104244238703075,0.001790064268057244,-68.58200293541691,-0.0006858200293541691,-1221.3685679438413,1084.012975248671,False
2004-03-29,341.36533385467527,299.28697805382495,0.0034136533385467527,0.0029928697805382495,42.07835580085032,0.00042078355800850316,-1179.290212142991,1084.012975248671,False
2004-03-30,298.23910428365696,251.1348278773816,0.0029823910428365694,0.002511348278773816,47.104276406275346,0.00047104276406275346,-1132.1859357367157,1084.012975248671,False
2004-03-31,183.73205211736013,172.26382607402036,0.0018373205211736012,0.0017226382607402036,11.468226043339769,0.00011468226043339769,-1120.717709693376,1084.012975248671,False
2004-04-01,-93.77617942242719,-186.77351269399452,-0.0009377617942242719,-0.0018677351269399452,92.99733327156733,0.0009299733327156733,-1027.7203764218086,1084.012975248671,False
2004-04-02,-93.44156684471457,-64.31300430297841,-0.0009344156684471457,-0.0006431300430297842,-29.12856254173616,-0.0002912856254173616,-1056.8489389635447,1084.012975248671,False
2004-04-05,53.17613939796621,-9.986811310836387,0.0005317613939796621,-9.986811310836388e-05,63.1629507088026,0.000631629507088026,-993.6859882547421,1084.012975248671,False
2004-04-06,80.4260549590663,111.93501754047075,0.000804260549590663,0.0011193501754047075,-31.508962581404447,-0.00031508962581404447,-1025.1949508361465,1084.012975248671,False
2004-04-07,-114.81169434152245,-145.46218559407075,-0.0011481169434152244,-0.0014546218559407075,30.650491252548292,0.00030650491252548294,-994.5444595835983,1084.012975248671,False
2004-04-08,89.17297711498698,87.20240899304115,0.0008917297711498697,0.0008720240899304114,1.9705681219458313,1.9705681219458313e-05,-992.5738914616525,1084.012975248671,False
2004-04-12,-1048.292498510868,-1188.5044896253273,-0.01048292498510868,-0.011885044896253274,140.21199111445935,0.0014021199111445934,-852.3619003471931,1084.012975248671,False
2004-04-13,-206.93630393399405,-128.23704525142213,-0.0020693630393399404,-0.0012823704525142213,-78.69925868257192,-0.0007869925868257192,-931.061159029765,1084.012975248671,False
2004-04-14,-268.30264129261116,-201.43433372093494,-0.0026830264129261115,-0.0020143433372093495,-66.86830757167621,-0.0006686830757167621,-997.9294666014412,1084.012975248671,False
2004-04-15,268.1438140120391,233.68152894551895,0.002681438140120391,0.0023368152894551893,34.46228506652017,0.0003446228506652017,-963.467181534921,1084.012975248671,False
2004-04-16,93.35033398686203,44.51146772570186,0.0009335033398686203,0.0004451146772570186,48.83886626116016,0.0004883886626116016,-914.6283152737608,1084.012975248671,False
2004-04-19,-818.0532244745436,-723.2011066545349,-0.008180532244745436,-0.007232011066545349,-94.85211782000874,-0.0009485211782000874,-1009.4804330937695,1084.012975248671,False
2004-04-20,-284.4628046503749,-146.31046716241102,-0.002844628046503749,-0.00146310467162411,-138.15233748796388,-0.0013815233748796388,-1147.6327705817334,1084.012975248671,False
2004-04-21,861.9416455723034,807.9194049952423,0.008619416455723033,0.008079194049952424,54.0222405770611,0.0005402224057706109,-1093.6105300046725,1084.012975248671,False
2004-04-22,96.1588169161416,143.0584916341655,0.0009615881691614161,0.001430584916341655,-46.8996747180239,-0.000468996747180239,-1140.5102047226965,1084.012975248671,False
2004-04-23,-72.41498582756478,-82.20229237896848,-0.0007241498582756478,-0.0008220229237896848,9.787306551403702,9.787306551403703e-05,-1130.7228981712929,1084.012975248671,False
2004-04-26,126.96940834499273,150.423023747165,0.0012696940834499273,0.0015042302374716498,-23.45361540217226,-0.0002345361540217226,-1154.1765135734652,1084.012975248671,False
2004-04-27,-1791.7536557697667,-1666.9710372209795,-0.017917536557697667,-0.016669710372209795,-124.78261854878724,-0.0012478261854878725,-1278.9591321222524,1084.012975248671,False
2004-04-28,-206.81184591580964,-206.434942633679,-0.0020681184591580964,-0.0020643494263367897,-0.37690328213065527,-3.769032821306553e-06,-1279.336035404383,1084.012975248671,False
2004-04-29,-262.9574061794172,-299.1835319675581,-0.002629574061794172,-0.002991835319675581,36.226125788140905,0.00036226125788140905,-1243.109909616242,1084.012975248671,False
2004-04-30,146.17226613522018,147.60346423140228,0.0014617226613522019,0.001476034642314023,-1.4311980961821007,-1.4311980961821007e-05,-1244.541107712424,1084.012975248671,False
2004-05-03,184.8292587264449,201.24084883738266,0.001848292587264449,0.0020124084883738264,-16.411590110937766,-0.00016411590110937765,-1260.9526978233619,1084.012975248671,False
2004-05-04,349.05957879662554,365.2603943806631,0.0034905957879662556,0.0036526039438066313,-16.20081558403757,-0.0001620081558403757,-1277.1535134073995,1084.012975248671,False
2004-05-05,-702.8038351304531,-743.2844429391014,-0.007028038351304531,-0.007432844429391014,40.4806078086483,0.000404806078086483,-1236.6729055987512,1084.012975248671,False
2004-05-06,-785.8772735379919,-738.1891605706749,-0.007858772735379918,-0.0073818916057067484,-47.68811296731701,-0.0004768811296731701,-1284.3610185660682,1084.012975248671,False
2004-05-07,-231.70731346424884,-245.68755027865598,-0.0023170731346424884,-0.0024568755027865596,13.980236814407135,0.00013980236814407134,-1270.380781751661,1084.012975248671,False
2004-05-10,407.5967832261672,387.8869263901688,0.004075967832261672,0.003878869263901688,19.70985683599838,0.0001970985683599838,-1250.6709249156627,1084.012975248671,False
2004-05-11,162.6105809798731,165.23861272088195,0.001626105809798731,0.0016523861272088195,-2.62803174100884,-2.6280317410088402e-05,-1253.2989566566716,1084.012975248671,False
2004-05-12,-212.72460882181676,-218.33624931940648,-0.0021272460882181678,-0.002183362493194065,5.611640497589718,5.611640497589718e-05,-1247.687316159082,1084.012975248671,False
2004-05-13,81.81961330625396,95.64243788912842,0.0008181961330625396,0.0009564243788912841,-13.82282458287446,-0.0001382282458287446,-1261.5101407419565,1084.012975248671,False
2004-05-14,-134.04476349442405,-97.73055544737585,-0.0013404476349442405,-0.0009773055544737585,-36.3142080470482,-0.00036314208047048195,-1297.8243487890047,1084.012975248671,False
2004-05-17,30.22039175463209,-4.593202157045631,0.0003022039175463209,-4.593202157045631e-05,34.81359391167772,0.0003481359391167772,-1263.010754877327,1084.012975248671,False
2004-05-18,150.04498083187462,167.92355660195804,0.0015004498083187462,0.0016792355660195804,-17.878575770083415,-0.00017878575770083417,-1280.8893306474104,1084.012975248671,False
2004-05-19,-42.90014696051398,-38.61816154589459,-0.0004290014696051398,-0.0003861816154589459,-4.281985414619392,-4.2819854146193916e-05,-1285.1713160620297,1084.012975248671,False
2004-05-20,264.1515247904524,281.488218352787,0.0026415152479045243,0.00281488218352787,-17.336693562334574,-0.00017336693562334575,-1302.5080096243644,1084.012975248671,False
2004-05-21,289.848490674702,252.23077462767853,0.00289848490674702,0.0025223077462767853,37.61771604702349,0.0003761771604702349,-1264.8902935773408,1084.012975248671,False
2004-05-24,323.8276036125531,327.52231019671115,0.003238276036125531,0.0032752231019671113,-3.694706584158041,-3.694706584158041e-05,-1268.5850001614988,1084.012975248671,False
2004-05-25,84.75093487674057,69.73656683045519,0.0008475093487674058,0.0006973656683045519,15.014368046285384,0.00015014368046285383,-1253.5706321152134,1084.012975248671,False
2004-05-26,372.72696097626687,373.7486397828255,0.003727269609762669,0.0037374863978282546,-1.0216788065586115,-1.0216788065586116e-05,-1254.592310921772,1084.012975248671,False
2004-05-27,-92.37798790059774,-79.25340020229311,-0.0009237798790059775,-0.0007925340020229311,-13.124587698304637,-0.00013124587698304637,-1267.7168986200766,1084.012975248671,False
2004-05-28,45.58376936696992,51.51535718688122,0.00045583769366969916,0.0005151535718688121,-5.9315878199113,-5.9315878199113e-05,-1273.648486439988,1084.012975248671,False
2004-06-01,-16.011825944268384,-30.629664571468478,-0.00016011825944268384,-0.0003062966457146848,14.617838627200094,0.00014617838627200094,-1259.0306478127877,1084.012975248671,False
2004-06-02,-185.5051549420062,-252.7142900445304,-0.0018550515494200619,-0.002527142900445304,67.20913510252421,0.0006720913510252422,-1191.8215127102635,1084.012975248671,False
2004-06-03,147.26987524894184,163.01679131516738,0.0014726987524894184,0.0016301679131516737,-15.746916066225538,-0.00015746916066225537,-1207.568428776489,1084.012975248671,False
2004-06-04,368.0485266322403,428.61428989316954,0.0036804852663224028,0.004286142898931695,-60.56576326092926,-0.0006056576326092925,-1268.1341920374184,1084.012975248671,False
2004-06-07,-41.33679619075716,-31.398932701341167,-0.00041336796190757165,-0.00031398932701341166,-9.937863489415996,-9.937863489415996e-05,-1278.0720555268344,1084.012975248671,False
2004-06-08,-891.8795757543063,-1096.719591845442,-0.008918795757543063,-0.01096719591845442,204.84001609113568,0.002048400160911357,-1073.2320394356989,1084.012975248671,False
2004-06-09,78.36097389390035,100.94433710771,0.0007836097389390035,0.0010094433710770999,-22.583363213809648,-0.00022583363213809647,-1095.8154026495085,1084.012975248671,False
2004-06-10,330.44983634567245,346.34812223346444,0.0033044983634567247,0.003463481222334644,-15.898285887791985,-0.00015898285887791985,-1111.7136885373006,1084.012975248671,False
2004-06-11,-366.5690120666614,-367.246075498187,-0.003665690120666614,-0.0036724607549818698,0.6770634315255961,6.770634315255961e-06,-1111.036625105775,1084.012975248671,False
2004-06-14,178.95394229234074,179.5876818662191,0.0017895394229234074,0.001795876818662191,-0.6337395738783584,-6.337395738783584e-06,-1111.6703646796534,1084.012975248671,False
2004-06-15,-360.4140863131359,-489.04035979172426,-0.003604140863131359,-0.004890403597917242,128.62627347858836,0.0012862627347858837,-983.044091201065,1084.012975248671,False
2004-06-16,-133.73940508409044,-97.40978251425801,-0.0013373940508409044,-0.0009740978251425801,-36.32962256983242,-0.0003632962256983242,-1019.3737137708974,1084.012975248671,False
2004-06-17,226.26889638187237,225.60434573389497,0.0022626889638187237,0.00225604345733895,0.6645506479773928,6.6455064797739285e-06,-1018.70916312292,1084.012975248671,False
2004-06-18,-328.65365913497675,-331.00027276539123,-0.0032865365913497674,-0.003310002727653912,2.346613630414481,2.3466136304144812e-05,-1016.3625494925055,1084.012975248671,False
2004-06-21,469.5214007451841,436.283774461657,0.004695214007451841,0.00436283774461657,33.237626283527106,0.0003323762628352711,-983.1249232089784,1084.012975248671,False
2004-06-22,972.7101986882155,966.884883076546,0.009727101986882156,0.00966884883076546,5.825315611669566,5.825315611669566e-05,-977.2996075973089,1084.012975248671,False
2004-06-23,97.43978552901046,154.45727817019392,0.0009743978552901047,0.0015445727817019392,-57.01749264118345,-0.0005701749264118345,-1034.3171002384922,1084.012975248671,False
2004-06-24,-144.44586677331378,-136.80861073594474,-0.001444458667733138,-0.0013680861073594474,-7.637256037369042,-7.637256037369042e-05,-1041.9543562758613,1084.012975248671,False
2004-06-25,-120.49163080659517,-107.81681131850935,-0.0012049163080659518,-0.0010781681131850935,-12.674819488085816,-0.00012674819488085816,-1054.6291757639472,1084.012975248671,False
2004-06-28,-1020.9377923737666,-1126.0314668048452,-0.010209377923737665,-0.011260314668048452,105.09367443107863,0.0010509367443107863,-949.5355013328685,1084.012975248671,False
2004-06-29,493.282931447737,495.36427803510554,0.00493282931447737,0.004953642780351056,-2.0813465873685573,-2.081346587368557e-05,-951.6168479202371,1084.012975248671,False
2004-06-30,-281.1152877813804,-313.64831645042847,-0.002811152877813804,-0.0031364831645042846,32.533028669048065,0.00032533028669048063,-919.083819251189,1084.012975248671,False
2004-07-01,-228.5547834180823,-247.96887271141858,-0.002285547834180823,-0.002479688727114186,19.414089293336275,0.00019414089293336276,-899.6697299578527,1084.012975248671,False
2004-07-02,-192.42137843882557,-180.81759556291,-0.0019242137843882557,-0.0018081759556291,-11.603782875915584,-0.00011603782875915584,-911.2735128337683,1084.012975248671,False
2004-07-05,-634.4067167125037,-678.2903634809413,-0.006344067167125037,-0.006782903634809413,43.88364676843764,0.0004388364676843764,-867.3898660653307,1084.012975248671,False
2004-07-06,71.12256079389488,149.56991277026958,0.0007112256079389488,0.0014956991277026957,-78.4473519763747,-0.0007844735197637471,-945.8372180417055,1084.012975248671,False
2004-07-07,-297.56294839105567,-365.2383075303174,-0.0029756294839105566,-0.003652383075303174,67.67535913926173,0.0006767535913926173,-878.1618589024438,1084.012975248671,False
2004-07-08,166.85293033988899,153.5529301164728,0.0016685293033988898,0.001535529301164728,13.300000223416191,0.00013300000223416192,-864.8618586790276,1084.012975248671,False
2004-07-09,-99.54889535205331,-142.15631941320035,-0.000995488953520533,-0.0014215631941320035,42.60742406114704,0.00042607424061147045,-822.2544346178805,1084.012975248671,False
2004-07-12,-150.90318121868864,-227.65536644106012,-0.0015090318121868864,-0.0022765536644106014,76.75218522237148,0.0007675218522237148,-745.502249395509,1084.012975248671,False
2004-07-13,-220.12370953956344,-194.2659310156609,-0.0022012370953956345,-0.001942659310156609,-25.85777852390254,-0.0002585777852390254,-771.3600279194116,1084.012975248671,False
2004-07-14,-269.1209361005206,-254.8052133562897,-0.002691209361005206,-0.002548052133562897,-14.315722744230925,-0.00014315722744230925,-785.6757506636425,1084.012975248671,False
2004-07-15,-148.95435650875504,-178.15313978293455,-0.0014895435650875504,-0.0017815313978293455,29.198783274179505,0.00029198783274179507,-756.476967389463,1084.012975248671,False
2004-07-16,-166.71108643818278,-162.93588185244877,-0.0016671108643818277,-0.0016293588185244878,-3.775204585734002,-3.775204585734002e-05,-760.2521719751969,1084.012975248671,False
2004-07-19,574.2313573435666,526.8321266182759,0.005742313573435666,0.005268321266182758,47.39923072529075,0.0004739923072529075,-712.8529412499062,1084.012975248671,False
2004-07-20,-308.09484165547644,-334.74227913502364,-0.0030809484165547642,-0.0033474227913502363,26.647437479547193,0.00026647437479547194,-686.205503770359,1084.012975248671,False
2004-07-21,116.57026353586288,109.59750271143295,0.0011657026353586288,0.0010959750271143296,6.972760824429926,6.972760824429927e-05,-679.2327429459291,1084.012975248671,False
2004-07-22,-459.75850624975794,-558.7825704251951,-0.0045975850624975795,-0.005587825704251951,99.02406417543716,0.0009902406417543715,-580.2086787704919,1084.012975248671,False
2004-07-23,-30.676385141017864,-29.57244250224605,-0.0003067638514101786,-0.0002957244250224605,-1.1039426387718123,-1.1039426387718123e-05,-581.3126214092638,1084.012975248671,False
2004-07-26,358.4061985777917,402.7805785861468,0.003584061985777917,0.0040278057858614685,-44.374380008355104,-0.00044374380008355103,-625.6870014176188,1084.012975248671,False
2004-07-27,0.0,19.097018925175874,0.0,0.00019097018925175874,-19.097018925175874,-0.00019097018925175874,-644.7840203427947,1084.012975248671,False
2004-07-28,0.0,-23.922437034302316,0.0,-0.00023922437034302316,23.922437034302316,0.00023922437034302316,-620.8615833084924,1084.012975248671,False
2004-07-29,0.0,30.545249077313592,0.0,0.00030545249077313595,-30.545249077313592,-0.00030545249077313595,-651.406832385806,1084.012975248671,False
2004-07-30,55.217493253833354,44.38533176352981,0.0005521749325383336,0.00044385331763529813,10.832161490303541,0.00010832161490303541,-640.5746708955024,1084.012975248671,False
2004-08-02,0.0,57.1328228831372,0.0,0.000571328228831372,-57.1328228831372,-0.000571328228831372,-697.7074937786397,1084.012975248671,False
2004-08-03,0.0,-13.389278492988739,0.0,-0.00013389278492988738,13.389278492988739,0.00013389278492988738,-684.3182152856509,1084.012975248671,False
2004-08-04,0.0,11.291537310070733,0.0,0.00011291537310070734,-11.291537310070733,-0.00011291537310070734,-695.6097525957216,1084.012975248671,False
2004-08-05,0.0,3.9633822744977643,0.0,3.963382274497764e-05,-3.9633822744977643,-3.963382274497764e-05,-699.5731348702194,1084.012975248671,False
2004-08-06,45.6906799571847,38.090224301040536,0.00045690679957184697,0.00038090224301040533,7.600455656144163,7.600455656144163e-05,-691.9726792140752,1084.012975248671,False
2004-08-09,55.721334205023204,91.92441947299451,0.0005572133420502321,0.0009192441947299451,-36.20308526797131,-0.0003620308526797131,-728.1757644820466,1084.012975248671,False
2004-08-10,206.1521914817019,232.2691021336006,0.0020615219148170188,0.002322691021336006,-26.116910651898706,-0.00026116910651898705,-754.2926751339453,1084.012975248671,False
2004-08-11,-278.9117884752435,-342.13695236264647,-0.002789117884752435,-0.0034213695236264647,63.22516388740297,0.0006322516388740298,-691.0675112465424,1084.012975248671,False
2004-08-12,18.40583108460982,58.121913856503085,0.00018405831084609818,0.0005812191385650309,-39.71608277189327,-0.0003971608277189327,-730.7835940184357,1084.012975248671,False
2004-08-13,128.84081759226882,125.81136908523132,0.001288408175922688,0.0012581136908523132,3.0294485070375003,3.0294485070375002e-05,-727.7541455113982,1084.012975248671,False
2004-08-16,45.474748120963596,57.19115233302819,0.00045474748120963597,0.0005719115233302819,-11.716404212064596,-0.00011716404212064597,-739.4705497234628,1084.012975248671,False
2004-08-17,-6.063299749462505,5.28454613404474,-6.063299749462505e-05,5.2845461340447404e-05,-11.347845883507246,-0.00011347845883507246,-750.8183956069701,1084.012975248671,False
2004-08-18,245.56363985319956,205.95175561759802,0.002455636398531996,0.00205951755617598,39.611884235601536,0.0003961188423560154,-711.2065113713685,1084.012975248671,False
2004-08-19,258.5539666970279,370.64374098016947,0.002585539666970279,0.0037064374098016947,-112.0897742831416,-0.001120897742831416,-823.29628565451,1084.012975248671,False
2004-08-20,-81.85454661773568,-76.82406863163898,-0.0008185454661773568,-0.0007682406863163898,-5.030477986096699,-5.030477986096699e-05,-828.3267636406067,1084.012975248671,False
2004-08-23,-236.46869022901257,-314.35252569962074,-0.002364686902290126,-0.0031435252569962076,77.88383547060818,0.0007788383547060818,-750.4429281699986,1084.012975248671,False
2004-08-24,151.58249373654542,95.30975643576343,0.0015158249373654542,0.0009530975643576343,56.27273730078198,0.0005627273730078198,-694.1701908692166,1084.012975248671,False
2004-08-25,-15.158249373655334,-14.557699359791252,-0.00015158249373655334,-0.00014557699359791251,-0.6005500138640816,-6.005500138640816e-06,-694.7707408830807,1084.012975248671,False
2004-08-26,-254.65858947739335,-248.78232731599866,-0.0025465858947739334,-0.0024878232731599865,-5.876262161394692,-5.876262161394692e-05,-700.6470030444755,1084.012975248671,False
2004-08-27,139.4558942376217,170.41600491093527,0.001394558942376217,0.0017041600491093528,-30.96011067331358,-0.0003096011067331358,-731.607113717789,1084.012975248671,False
2004-08-30,75.79124686827305,87.46053334790847,0.0007579124686827304,0.0008746053334790847,-11.669286479635417,-0.00011669286479635417,-743.2764001974244,1084.012975248671,False
2004-08-31,-97.01279599138704,-85.60215936355432,-0.0009701279599138704,-0.0008560215936355432,-11.410636627832716,-0.00011410636627832716,-754.6870368252571,1084.012975248671,False
2004-09-01,-169.77239298493208,-187.77079846537953,-0.0016977239298493207,-0.0018777079846537953,17.998405480447445,0.00017998405480447447,-736.6886313448097,1084.012975248671,False
2004-09-02,-371.28977637584137,-361.4097982331788,-0.003712897763758414,-0.0036140979823317877,-9.879978142662594,-9.879978142662594e-05,-746.5686094874723,1084.012975248671,False
2004-09-03,-37.268710883498535,5.48982153009268,-0.00037268710883498537,5.48982153009268e-05,-42.75853241359121,-0.00042758532413591214,-789.3271419010634,1084.012975248671,False
2004-09-06,60.4932642487034,69.82952264282802,0.0006049326424870339,0.0006982952264282802,-9.336258394124627,-9.336258394124627e-05,-798.663400295188,1084.012975248671,False
2004-09-07,7.701391277002827,-21.726187494104686,7.701391277002826e-05,-0.00021726187494104687,29.427578771107513,0.0002942757877110751,-769.2358215240805,1084.012975248671,False
2004-09-08,49.29051044798504,16.47751191567755,0.0004929051044798504,0.0001647751191567755,32.81299853230749,0.0003281299853230749,-736.422822991773,1084.012975248671,False
2004-09-09,286.2801771930841,314.8689840067033,0.002862801771930841,0.0031486898400670325,-28.588806813619158,-0.00028588806813619155,-765.0116298053922,1084.012975248671,False
2004-09-10,130.9703905083278,117.02995021133731,0.001309703905083278,0.001170299502113373,13.940440296990488,0.00013940440296990488,-751.0711895084017,1084.012975248671,False
2004-09-13,117.41529935073915,118.19061276733939,0.0011741529935073915,0.001181906127673394,-0.7753134166002411,-7.753134166002411e-06,-751.846502925002,1084.012975248671,False
2004-09-14,-252.27910860892803,-229.89492018177572,-0.00252279108608928,-0.002298949201817757,-22.38418842715231,-0.0002238418842715231,-774.2306913521543,1084.012975248671,False
2004-09-15,302.27607508636606,266.7825222143522,0.0030227607508636605,0.002667825222143522,35.49355287201388,0.0003549355287201388,-738.7371384801404,1084.012975248671,False
2004-09-16,-47.14777295998064,-27.180562967570477,-0.00047147772959980645,-0.00027180562967570477,-19.967209992410165,-0.00019967209992410165,-758.7043484725506,1084.012975248671,False
2004-09-17,134.3863068093235,123.04237966355598,0.0013438630680932349,0.0012304237966355598,11.343927145767509,0.00011343927145767509,-747.3604213267831,1084.012975248671,False
2004-09-20,-15.332915931049456,1.6846174910837433,-0.00015332915931049457,1.6846174910837432e-05,-17.017533422133198,-0.00017017533422133198,-764.3779547489163,1084.012975248671,False
2004-09-21,-282.2035511300889,-286.1501542049725,-0.002822035511300889,-0.0028615015420497252,3.946603074883626,3.946603074883626e-05,-760.4313516740326,1084.012975248671,False
2004-09-22,218.27879098062525,248.61507134570746,0.0021827879098062523,0.0024861507134570746,-30.336280365082217,-0.00030336280365082216,-790.7676320391148,1084.012975248671,False
2004-09-23,-175.83569273439048,-134.424706740462,-0.0017583569273439048,-0.00134424706740462,-41.41098599392848,-0.0004141098599392848,-832.1786180330432,1084.012975248671,False
2004-09-24,60.6329974946194,55.82149222593576,0.000606329974946194,0.0005582149222593577,4.811505268683639,4.8115052686836396e-05,-827.3671127643596,1084.012975248671,False
2004-09-27,333.76939533536444,389.69567663322374,0.0033376939533536444,0.0038969567663322373,-55.926281297859305,-0.000559262812978593,-883.2933940622189,1084.012975248671,False
2004-09-28,420.0865332350733,420.944438210943,0.0042008653323507335,0.004209444382109431,-0.857904975869701,-8.57904975869701e-06,-884.1512990380886,1084.012975248671,False
2004-09-29,345.60808571932137,390.48558904712223,0.003456080857193214,0.0039048558904712224,-44.877503327800866,-0.00044877503327800866,-929.0288023658895,1084.012975248671,False
2004-09-30,24.253198997850124,26.24745625715614,0.00024253198997850123,0.0002624745625715614,-1.9942572593060177,-1.994257259306018e-05,-931.0230596251955,1084.012975248671,False
2004-10-01,-259.5027471184421,-261.31475270874745,-0.0025950274711844207,-0.0026131475270874745,1.8120055903053753,1.8120055903053755e-05,-929.2110540348901,1084.012975248671,False
2004-10-04,166.9937189136897,181.77568237017715,0.001669937189136897,0.0018177568237017715,-14.78196345648746,-0.0001478196345648746,-943.9930174913776,1084.012975248671,False
2004-10-05,215.3324351426008,242.7532948162322,0.002153324351426008,0.002427532948162322,-27.420859673631412,-0.00027420859673631413,-971.413877165009,1084.012975248671,False
2004-10-06,-301.6858754121521,-334.545360887715,-0.0030168587541215207,-0.00334545360887715,32.859485475562906,0.00032859485475562905,-938.5543916894461,1084.012975248671,False
2004-10-07,145.423498857475,94.63565701001943,0.00145423498857475,0.0009463565701001942,50.78784184745558,0.0005078784184745558,-887.7665498419906,1084.012975248671,False
2004-10-08,27.14511562666698,27.073101794948357,0.00027145115626666977,0.00027073101794948355,0.07201383171862119,7.201383171862119e-07,-887.6945360102719,1084.012975248671,False
2004-10-11,-465.2359891810203,-450.8953704912994,-0.004652359891810203,-0.004508953704912994,-14.340618689720884,-0.00014340618689720884,-902.0351546999927,1084.012975248671,False
2004-10-12,-138.1399923132721,-165.20959792419723,-0.001381399923132721,-0.0016520959792419724,27.069605610925123,0.0002706960561092512,-874.9655490890676,1084.012975248671,False
2004-10-13,297.10168772362965,204.49605967368242,0.0029710168772362966,0.002044960596736824,92.60562804994723,0.0009260562804994723,-782.3599210391204,1084.012975248671,False
2004-10-14,18.189899248385487,37.456833933041764,0.00018189899248385486,0.00037456833933041764,-19.266934684656277,-0.00019266934684656278,-801.6268557237767,1084.012975248671,False
2004-10-15,-151.58249373654638,-145.01660971004995,-0.001515824937365464,-0.0014501660971004994,-6.565884026496434,-6.565884026496434e-05,-808.1927397502731,1084.012975248671,False
2004-10-18,242.5319899784754,137.74336504720253,0.002425319899784754,0.0013774336504720254,104.78862493127286,0.0010478862493127287,-703.4041148190001,1084.012975248671,False
2004-10-19,136.89209667471067,138.2074398006279,0.0013689209667471067,0.001382074398006279,-1.3153431259172237,-1.3153431259172238e-05,-704.7194579449174,1084.012975248671,False
2004-10-20,165.36457064652626,127.60868345602421,0.0016536457064652626,0.0012760868345602422,37.75588719050205,0.0003775588719050205,-666.9635707544153,1084.012975248671,False
2004-10-21,0.0,-124.39496326080148,0.0,-0.0012439496326080149,124.39496326080148,0.0012439496326080149,-542.5686074936139,1084.012975248671,False
2004-10-22,391.08283384027857,341.64405098464044,0.003910828338402786,0.0034164405098464044,49.438782855638124,0.0004943878285563813,-493.12982463797573,1084.012975248671,False
2004-10-25,351.0527366364649,293.5014627470182,0.003510527366364649,0.002935014627470182,57.55127388944669,0.0005755127388944669,-435.57855074852904,1084.012975248671,False
2004-10-26,641.5358929686435,647.0513121638082,0.006415358929686435,0.006470513121638082,-5.515419195164782,-5.5154191951647815e-05,-441.0939699436938,1084.012975248671,False
2004-10-27,133.258388200329,105.55758920023561,0.0013325838820032899,0.001055575892002356,27.700799000093383,0.00027700799000093384,-413.39317094360047,1084.012975248671,False
2004-10-28,265.54020900281483,296.2948612292847,0.0026554020900281484,0.002962948612292847,-30.754652226469887,-0.00030754652226469884,-444.14782317007035,1084.012975248671,False
2004-10-29,-15.83439590783503,-26.604922748598497,-0.0001583439590783503,-0.000266049227485985,10.770526840763468,0.00010770526840763469,-433.3772963293069,1084.012975248671,False
2004-11-01,-414.476124300167,-384.6923604784009,-0.00414476124300167,-0.003846923604784009,-29.783763821766115,-0.00029783763821766113,-463.161060151073,1084.012975248671,False
2004-11-02,639.3848303227637,596.4824462261677,0.006393848303227637,0.0059648244622616765,42.90238409659605,0.0004290238409659605,-420.25867605447695,1084.012975248671,False
2004-11-03,441.06743139662575,428.13570696030297,0.004410674313966257,0.0042813570696030295,12.931724436322781,0.0001293172443632278,-407.32695161815417,1084.012975248671,False
2004-11-04,310.8485810035104,313.8984033958234,0.003108485810035104,0.003138984033958234,-3.04982239231299,-3.0498223923129898e-05,-410.37677401046716,1084.012975248671,False
2004-11-05,-43.121355436195806,-51.06623871344994,-0.00043121355436195804,-0.0005106623871344994,7.944883277254135,7.944883277254136e-05,-402.43189073321304,1084.012975248671,False
2004-11-08,91.12245464816749,105.16282502588477,0.0009112245464816749,0.0010516282502588477,-14.04037037771728,-0.00014040370377717281,-416.47226111093033,1084.012975248671,False
2004-11-09,-57.1750109055137,-70.41790391583005,-0.000571750109055137,-0.0007041790391583005,13.242893010316351,0.00013242893010316351,-403.229368100614,1084.012975248671,False
2004-11-10,576.4018564456692,540.4145152358392,0.0057640185644566915,0.0054041451523583915,35.98734120982999,0.0003598734120982999,-367.242026890784,1084.012975248671,False
2004-11-11,311.9455372939784,367.37110500452684,0.0031194553729397842,0.0036737110500452684,-55.42556771054842,-0.0005542556771054842,-422.66759460133244,1084.012975248671,False
2004-11-12,67.91649468039004,50.966836207293184,0.0006791649468039005,0.0005096683620729319,16.94965847309686,0.0001694965847309686,-405.7179361282356,1084.012975248671,False
2004-11-15,16.395189228651468,-18.201350245327916,0.00016395189228651468,-0.00018201350245327917,34.596539473979384,0.00034596539473979386,-371.1213966542562,1084.012975248671,False
2004-11-16,358.1085411931741,426.27761279270277,0.0035810854119317412,0.004262776127927028,-68.16907159952865,-0.0006816907159952865,-439.29046825378487,1084.012975248671,False
2004-11-17,-6.27159397182551,-20.335379710154584,-6.27159397182551e-05,-0.00020335379710154585,14.063785738329074,0.00014063785738329074,-425.22668251545576,1084.012975248671,False
2004-11-18,-190.95241715216164,-254.85930823260395,-0.0019095241715216165,-0.0025485930823260397,63.90689108044231,0.0006390689108044231,-361.3197914350135,1084.012975248671,False
2004-11-19,230.41830473287354,215.93615247025144,0.0023041830473287356,0.0021593615247025143,14.482152262622094,0.00014482152262622095,-346.8376391723914,1084.012975248671,False
2004-11-22,-56.99506770866316,-41.5522275392889,-0.0005699506770866316,-0.000415522275392889,-15.442840169374257,-0.00015442840169374258,-362.28047934176567,1084.012975248671,False
2004-11-23,223.96083810147738,245.08430239471392,0.0022396083810147737,0.0024508430239471393,-21.123464293236538,-0.00021123464293236536,-383.4039436350022,1084.012975248671,False
2004-11-24,548.8107553793243,520.3597471284545,0.005488107553793243,0.005203597471284545,28.45100825086979,0.0002845100825086979,-354.9529353841324,1084.012975248671,False
2004-11-25,-172.13975525091547,-197.20061457581755,-0.0017213975525091547,-0.0019720061457581756,25.060859324902083,0.00025060859324902085,-329.8920760592303,1084.012975248671,False
2004-11-26,-71.8357512953366,-81.81625290027961,-0.0007183575129533661,-0.0008181625290027961,9.980501604943,9.980501604943001e-05,-319.9115744542873,1084.012975248671,False
2004-11-29,-166.92490761862067,-176.61202211162535,-0.0016692490761862067,-0.0017661202211162535,9.687114493004685,9.687114493004685e-05,-310.2244599612826,1084.012975248671,False
2004-11-30,821.084221526007,706.9314927929298,0.00821084221526007,0.007069314927929298,114.1527287330772,0.001141527287330772,-196.0717312282054,1084.012975248671,False
2004-12-01,-212.6075474573044,-144.52708854741502,-0.002126075474573044,-0.0014452708854741502,-68.08045890988939,-0.0006808045890988938,-264.1521901380948,1084.012975248671,False
2004-12-02,148.0857550290335,230.85639676563048,0.001480857550290335,0.002308563967656305,-82.77064173659699,-0.0008277064173659699,-346.9228318746918,1084.012975248671,False
2004-12-03,-14.654408422466943,-13.99088213556265,-0.00014654408422466945,-0.0001399088213556265,-0.6635262869042933,-6.635262869042932e-06,-347.5863581615961,1084.012975248671,False
2004-12-06,-550.7193607798825,-590.705068329934,-0.005507193607798826,-0.0059070506832993395,39.985707550051416,0.00039985707550051414,-307.60065061154467,1084.012975248671,False
2004-12-07,-756.6891052627414,-683.9786318336098,-0.007566891052627414,-0.006839786318336098,-72.71047342913153,-0.0007271047342913153,-380.3111240406762,1084.012975248671,False
2004-12-08,133.2985981512646,147.29041253466804,0.001332985981512646,0.0014729041253466804,-13.991814383403437,-0.00013991814383403436,-394.3029384240796,1084.012975248671,False
2004-12-09,-30.207477501305554,-56.63828347232931,-0.0003020747750130555,-0.0005663828347232931,26.43080597102376,0.0002643080597102376,-367.8721324530559,1084.012975248671,False
2004-12-10,632.9223373705317,627.8706337759663,0.006329223373705318,0.006278706337759663,5.051703594565424,5.051703594565424e-05,-362.82042885849046,1084.012975248671,False
2004-12-13,-5.915123880408316,-42.693974584944996,-5.915123880408317e-05,-0.00042693974584944995,36.77885070453668,0.0003677885070453668,-326.04157815395376,1084.012975248671,False
2004-12-14,296.17362071385395,234.1985238134947,0.0029617362071385394,0.002341985238134947,61.97509690035926,0.0006197509690035926,-264.0664812535945,1084.012975248671,False
2004-12-15,-214.97068841172566,-281.26125157981556,-0.0021497068841172568,-0.002812612515798156,66.2905631680899,0.0006629056316808991,-197.77591808550457,1084.012975248671,False
2004-12-16,-106.01626243911005,-54.03661903326148,-0.0010601626243911006,-0.0005403661903326148,-51.97964340584857,-0.0005197964340584857,-249.75556149135315,1084.012975248671,False
2004-12-17,-11.096093529114206,-7.547076821135391,-0.00011096093529114207,-7.547076821135391e-05,-3.549016707978815,-3.549016707978815e-05,-253.30457819933196,1084.012975248671,False
2004-12-20,314.63956079333946,317.50174666937244,0.0031463956079333943,0.0031750174666937245,-2.8621858760329815,-2.8621858760329814e-05,-256.16676407536494,1084.012975248671,False
2004-12-21,-91.05429617636452,-72.64148211011417,-0.0009105429617636451,-0.0007264148211011417,-18.41281406625035,-0.0001841281406625035,-274.5795781416153,1084.012975248671,False
2004-12-22,163.64475357059393,176.03590225242775,0.0016364475357059393,0.0017603590225242776,-12.391148681833812,-0.00012391148681833812,-286.9707268234491,1084.012975248671,False
2004-12-23,136.81142645421238,130.12795351913164,0.0013681142645421238,0.0013012795351913164,6.683472935080744,6.683472935080744e-05,-280.28725388836835,1084.012975248671,False
2004-12-27,319.28672844680835,334.28682419510596,0.0031928672844680835,0.0033428682419510596,-15.00009574829761,-0.0001500009574829761,-295.28734963666597,1084.012975248671,False
2004-12-28,-470.43792255998545,-519.0824981537023,-0.004704379225599855,-0.005190824981537023,48.644575593716866,0.00048644575593716866,-246.6427740429491,1084.012975248671,False
2004-12-29,-8.314655978836104,2.9890964591320177,-8.314655978836104e-05,2.9890964591320176e-05,-11.303752437968122,-0.00011303752437968122,-257.9465264809172,1084.012975248671,False
2004-12-30,-532.001097720163,-474.84987803644213,-0.0053200109772016295,-0.004748498780364421,-57.15121968372085,-0.0005715121968372086,-315.09774616463807,1084.012975248671,False
2004-12-31,-352.70067456624923,-289.83006370705436,-0.0035270067456624923,-0.002898300637070544,-62.87061085919487,-0.0006287061085919487,-377.96835702383294,1084.012975248671,False
2005-01-03,-365.75000000000256,-336.30090318705453,-0.0036575000000000257,-0.0033630090318705454,-29.449096812948028,-0.0002944909681294803,-407.41745383678096,1084.012975248671,False
2005-01-04,-217.49804687499991,-228.03044745054405,-0.0021749804687499993,-0.0022803044745054405,10.53240057554413,0.0001053240057554413,-396.88505326123686,1084.012975248671,False
2005-01-05,-111.00219726562521,-83.66974607291863,-0.001110021972656252,-0.0008366974607291863,-27.332451192706586,-0.00027332451192706587,-424.21750445394343,1084.012975248671,False
2005-01-06,-45.99951171874841,-41.826199879722736,-0.0004599951171874841,-0.00041826199879722734,-4.173311839025672,-4.173311839025672e-05,-428.39081629296913,1084.012975248671,False
2005-01-07,119.99853515624692,126.19782687425135,0.0011999853515624692,0.0012619782687425135,-6.199291718004432,-6.199291718004431e-05,-434.59010801097355,1084.012975248671,False
2005-01-10,-145.99780273437065,-129.26276188357747,-0.0014599780273437065,-0.0012926276188357747,-16.735040850793183,-0.00016735040850793183,-451.3251488617667,1084.012975248671,False
2005-01-11,208.4990234375013,228.88082549115683,0.002084990234375013,0.0022888082549115682,-20.38180205365552,-0.00020381802053655518,-471.7069509154222,1084.012975248671,False
2005-01-12,-363.9999999999988,-351.3377926613132,-0.003639999999999988,-0.003513377926613132,-12.662207338685619,-0.0001266220733868562,-484.36915825410784,1084.012975248671,False
2005-01-13,148.2507324218731,148.53601805720692,0.001482507324218731,0.0014853601805720693,-0.2852856353338211,-2.852856353338211e-06,-484.65444388944167,1084.012975248671,False
2005-01-14,330.00000000000364,356.8155932891855,0.0033000000000000364,0.003568155932891855,-26.815593289181834,-0.00026815593289181833,-511.4700371786235,1084.012975248671,False
2005-01-18,-201.248535156252,-234.0093618842185,-0.00201248535156252,-0.002340093618842185,32.7608267279665,0.00032760826727966505,-478.709210450657,1084.012975248671,False
2005-01-19,-136.0021972656221,-140.47179685767307,-0.001360021972656221,-0.0014047179685767307,4.469599592050969,4.469599592050969e-05,-474.23961085860606,1084.012975248671,False
2005-01-20,37.001464843752025,25.690598507821193,0.00037001464843752026,0.0002569059850782119,11.310866335930832,0.00011310866335930832,-462.92874452267523,1084.012975248671,False
2005-01-21,-81.25097656250139,-96.54383549396742,-0.0008125097656250139,-0.0009654383549396742,15.292858931466029,0.0001529285893146603,-447.6358855912092,1084.012975248671,False
2005-01-24,-56.00000000000324,-48.373171641698036,-0.0005600000000000324,-0.00048373171641698037,-7.626828358305204,-7.626828358305204e-05,-455.2627139495144,1084.012975248671,False
2005-01-25,258.00097656249727,261.1269121399143,0.0025800097656249726,0.0026112691213991427,-3.1259355774170103,-3.12593557741701e-05,-458.38864952693143,1084.012975248671,False
2005-01-26,38.00048828125007,35.68742423112032,0.0003800048828125007,0.0003568742423112032,2.3130640501297535,2.3130640501297535e-05,-456.0755854768017,1084.012975248671,False
2005-01-27,-10.000000000002444,-9.40797372488872,-0.00010000000000002444,-9.40797372488872e-05,-0.5920262751137244,-5.920262751137244e-06,-456.6676117519154,1084.012975248671,False
2005-01-28,234.999999999999,243.89856571112762,0.00234999999999999,0.0024389856571112763,-8.898565711128612,-8.898565711128612e-05,-465.566177463044,1084.012975248671,False
2005-01-31,49.997802734376585,66.91615821669137,0.0004999780273437658,0.0006691615821669137,-16.918355482314787,-0.00016918355482314787,-482.4845329453588,1084.012975248671,False
2005-02-01,32.99926757812371,31.696898414493052,0.00032999267578123705,0.0003169689841449305,1.3023691636306545,1.3023691636306545e-05,-481.18216378172815,1084.012975248671,False
2005-02-02,-262.2500000000016,-243.78806319035886,-0.002622500000000016,-0.0024378806319035884,-18.461936809642737,-0.00018461936809642738,-499.6441005913709,1084.012975248671,False
2005-02-03,180.50048828124778,157.2348672196096,0.0018050048828124779,0.0015723486721960962,23.26562106163817,0.0002326562106163817,-476.3784795297327,1084.012975248671,False
2005-02-04,-48.500000000000725,-43.74615604443558,-0.00048500000000000724,-0.0004374615604443558,-4.753843955565145,-4.753843955565145e-05,-481.1323234852979,1084.012975248671,False
2005-02-07,-12.499267578125478,-19.947799393091508,-0.00012499267578125478,-0.00019947799393091507,7.44853181496603,7.448531814966029e-05,-473.68379167033186,1084.012975248671,False
2005-02-08,-214.75146484375222,-218.9569860677461,-0.002147514648437522,-0.002189569860677461,4.205521223993884,4.2055212239938836e-05,-469.478270446338,1084.012975248671,False
2005-02-09,175.50292968749747,159.46370821331894,0.0017550292968749747,0.0015946370821331894,16.039221474178532,0.0001603922147417853,-453.43904897215947,1084.012975248671,False
2005-02-10,228.49853515624582,258.58268806537075,0.002284985351562458,0.0025858268806537073,-30.084152909124924,-0.00030084152909124926,-483.5232018812844,1084.012975248671,False
2005-02-11,169.25146484374937,149.3662315638359,0.0016925146484374938,0.001493662315638359,19.88523327991348,0.00019885233279913478,-463.63796860137097,1084.012975248671,False
2005-02-14,66.50000000000082,82.55056485180643,0.0006650000000000082,0.0008255056485180643,-16.050564851805603,-0.00016050564851805604,-479.68853345317655,1084.012975248671,False
2005-02-15,-20.50073242187735,-23.835641010644615,-0.0002050073242187735,-0.00023835641010644615,3.3349085887672665,3.334908588767267e-05,-476.35362486440926,1084.012975248671,False
2005-02-16,-134.4978027343733,-148.82196054780553,-0.001344978027343733,-0.0014882196054780553,14.324157813432237,0.00014324157813432238,-462.029467050977,1084.012975248671,False
2005-02-17,-7.502197265626205,-10.638032102844805,-7.502197265626205e-05,-0.00010638032102844805,3.1358348372186002,3.1358348372186005e-05,-458.8936322137584,1084.012975248671,False
2005-02-18,104.50073242187779,107.46466154000373,0.0010450073242187778,0.0010746466154000374,-2.9639291181259466,-2.9639291181259465e-05,-461.8575613318843,1084.012975248671,False
2005-02-22,43.00097656249748,38.02956893385489,0.0004300097656249748,0.0003802956893385489,4.971407628642588,4.971407628642588e-05,-456.88615370324175,1084.012975248671,False
2005-02-23,163.99926757812162,161.40248942945462,0.0016399926757812162,0.0016140248942945461,2.596778148666999,2.5967781486669994e-05,-454.28937555457475,1084.012975248671,False
2005-02-24,118.25073242187088,126.97310545541967,0.0011825073242187087,0.0012697310545541967,-8.722373033548791,-8.722373033548792e-05,-463.0117485881235,1084.012975248671,False
2005-02-25,-66.99999999999827,-69.242424430056,-0.0006699999999999827,-0.00069242424430056,2.2424244300577385,2.2424244300577385e-05,-460.7693241580658,1084.012975248671,False
2005-02-28,-17.002197265624588,-26.292882746032788,-0.00017002197265624587,-0.0002629288274603279,9.2906854804082,9.2906854804082e-05,-451.4786386776576,1084.012975248671,False
2005-03-01,-13.499267578123986,-10.40313887828151,-0.00013499267578123984,-0.0001040313887828151,-3.0961286998424757,-3.096128699842476e-05,-454.5747673775001,1084.012975248671,False
2005-03-02,-139.5000000000005,-119.97423277785018,-0.0013950000000000052,-0.0011997423277785018,-19.525767222150336,-0.00019525767222150335,-474.1005345996505,1084.012975248671,False
2005-03-03,364.7514648437481,383.1770452501205,0.0036475146484374814,0.003831770452501205,-18.425580406372376,-0.00018425580406372376,-492.52611500602285,1084.012975248671,False
2005-03-04,147.99853515624864,147.48493151922312,0.0014799853515624864,0.0014748493151922313,0.5136036370255113,5.136036370255113e-06,-492.01251136899737,1084.012975248671,False
2005-03-07,62.751464843745765,93.2532041174498,0.0006275146484374576,0.000932532041174498,-30.501739273704032,-0.0003050173927370403,-522.5142506427014,1084.012975248671,False
2005-03-08,-97.00219726562287,-135.4916022819598,-0.0009700219726562287,-0.001354916022819598,38.489405016336946,0.00038489405016336943,-484.0248456263645,1084.012975248671,False
2005-03-09,28.500000000001965,28.38461752034103,0.00028500000000001967,0.0002838461752034103,0.11538247966093351,1.1538247966093352e-06,-483.90946314670356,1084.012975248671,False
2005-03-10,31.500976562500796,29.34467437319698,0.00031500976562500794,0.0002934467437319698,2.1563021893038155,2.1563021893038153e-05,-481.75316095739976,1084.012975248671,False
2005-03-11,-109.24853515624848,-101.15284385195976,-0.0010924853515624849,-0.0010115284385195976,-8.09569130428872,-8.09569130428872e-05,-489.8488522616885,1084.012975248671,False
2005-03-14,-118.2521972656215,-124.1812431377544,-0.001182521972656215,-0.0012418124313775438,5.929045872132889,5.929045872132889e-05,-483.91980638955556,1084.012975248671,False
2005-03-15,-77.74853515624733,-66.73536068099645,-0.0007774853515624733,-0.0006673536068099645,-11.013174475250878,-0.00011013174475250877,-494.93298086480644,1084.012975248671,False
2005-03-16,-118.99926757812055,-119.88867016484672,-0.0011899926757812055,-0.0011988867016484671,0.8894025867261632,8.894025867261632e-06,-494.0435782780803,1084.012975248671,False
2005-03-17,-68.25073242187874,-74.74716441339186,-0.0006825073242187874,-0.0007474716441339186,6.49643199151312,6.49643199151312e-05,-487.54714628656717,1084.012975248671,False
2005-03-18,-296.5014648437483,-336.119801769291,-0.002965014648437483,-0.0033611980176929098,39.61833692554268,0.0003961833692554268,-447.9288093610245,1084.012975248671,False
2005-03-21,-491.9985351562466,-475.29769149359,-0.004919985351562466,-0.0047529769149358995,-16.70084366265661,-0.0001670084366265661,-464.6296530236811,1084.012975248671,False
2005-03-22,-128.25219726561969,-145.584604002997,-0.001282521972656197,-0.00145584604002997,17.332406737377312,0.00017332406737377313,-447.2972462863038,1084.012975248671,False
2005-03-23,21.000732421876634,24.885553596006663,0.00021000732421876635,0.0002488555359600666,-3.8848211741300283,-3.884821174130028e-05,-451.1820674604338,1084.012975248671,False
2005-03-24,89.998535156239,96.02788440786813,0.00089998535156239,0.0009602788440786813,-6.029349251629128,-6.029349251629128e-05,-457.21141671206294,1084.012975248671,False
2005-03-28,-205.99999999999787,-209.63105810873105,-0.0020599999999999785,-0.0020963105810873107,3.6310581087331855,3.6310581087331854e-05,-453.5803586033297,1084.012975248671,False
2005-03-29,532.5009765624973,527.928005086103,0.005325009765624973,0.00527928005086103,4.572971476394287,4.5729714763942866e-05,-449.00738712693544,1084.012975248671,False
2005-03-30,24.49902343749756,18.185284290478002,0.0002449902343749756,0.00018185284290478002,6.313739147019557,6.313739147019558e-05,-442.6936479799159,1084.012975248671,False
2005-03-31,-137.24780273437526,-150.51404676142332,-0.0013724780273437526,-0.0015051404676142332,13.26624402704806,0.0001326624402704806,-429.42740395286785,1084.012975248671,False
2005-04-01,-49.001464843752125,-51.37712802856817,-0.0004900146484375212,-0.0005137712802856817,2.375663184816048,2.375663184816048e-05,-427.0517407680518,1084.012975248671,False
2005-04-04,58.49926757812625,66.75618676988266,0.0005849926757812625,0.0006675618676988266,-8.25691919175641,-8.25691919175641e-05,-435.3086599598082,1084.012975248671,False
2005-04-05,133.00390624999667,128.25789206320607,0.0013300390624999667,0.0012825789206320608,4.746014186790603,4.746014186790603e-05,-430.5626457730176,1084.012975248671,False
2005-04-06,101.99853515625004,103.04031026788488,0.0010199853515625004,0.0010304031026788488,-1.0417751116348342,-1.0417751116348342e-05,-431.6044208846524,1084.012975248671,False
2005-04-07,-73.74902343749682,-78.0911275978429,-0.0007374902343749682,-0.000780911275978429,4.342104160346082,4.342104160346082e-05,-427.26231672430634,1084.012975248671,False
2005-04-08,50.24902343750444,42.508828356994,0.0005024902343750444,0.00042508828356994,7.740195080510439,7.74019508051044e-05,-419.5221216437959,1084.012975248671,False
2005-04-11,43.25073242187976,47.68232582938463,0.0004325073242187976,0.0004768232582938463,-4.43159340750487,-4.4315934075048705e-05,-423.9537150513008,1084.012975248671,False
2005-04-12,-143.00195312500378,-158.5038107093835,-0.0014300195312500377,-0.0015850381070938349,15.501857584379707,0.00015501857584379706,-408.45185746692107,1084.012975248671,False
2005-04-13,-355.5007324218765,-363.09989070140324,-0.003555007324218765,-0.0036309989070140323,7.599158279526762,7.599158279526762e-05,-400.8526991873943,1084.012975248671,False
2005-04-14,-216.99926757812443,-217.71853088125698,-0.0021699926757812443,-0.00217718530881257,0.7192633031325499,7.192633031325499e-06,-400.13343588426176,1084.012975248671,False
2005-04-15,91.25000000000081,101.5530430192977,0.0009125000000000081,0.0010155304301929771,-10.303043019296894,-0.00010303043019296893,-410.4364789035586,1084.012975248671,False
2005-04-18,299.00073242188375,315.9967023234028,0.0029900073242188374,0.003159967023234028,-16.99596990151906,-0.0001699596990151906,-427.4324488050777,1084.012975248671,False
2005-04-19,-33.998535156247875,-48.80215623594927,-0.00033998535156247873,-0.0004880215623594927,14.803621079701394,0.00014803621079701395,-412.6288277253763,1084.012975248671,False
2005-04-20,355.4985351562549,331.63561511994294,0.0035549853515625487,0.0033163561511994296,23.862920036311948,0.00023862920036311948,-388.76590768906436,1084.012975248671,False
2005-04-21,-41.50146484375325,-34.90362190413672,-0.00041501464843753246,-0.0003490362190413672,-6.597842939616527,-6.597842939616527e-05,-395.3637506286809,1084.012975248671,False
2005-04-22,93.50219726562185,113.37185989372507,0.0009350219726562184,0.0011337185989372506,-19.869662628103228,-0.0001986966262810323,-415.23341325678416,1084.012975248671,False
2005-04-25,0.4980468750019824,-34.161530250916535,4.980468750019824e-06,-0.00034161530250916537,34.65957712591852,0.00034659577125918515,-380.57383613086563,1084.012975248671,False
2005-04-26,-141.5007324218722,-137.34866734658019,-0.0014150073242187218,-0.001373486673465802,-4.1520650752920005,-4.1520650752920004e-05,-384.72590120615763,1084.012975248671,False
2005-04-27,-209.24853515625165,-237.18075959319455,-0.0020924853515625163,-0.0023718075959319454,27.932224436942903,0.000279322244369429,-356.7936767692147,1084.012975248671,False
2005-04-28,266.49853515624784,277.9913896687805,0.0026649853515624783,0.0027799138966878053,-11.492854512532688,-0.00011492854512532687,-368.2865312817474,1084.012975248671,False
2005-04-29,-122.99926757812378,-115.97651812422457,-0.0012299926757812377,-0.0011597651812422457,-7.022749453899209,-7.022749453899209e-05,-375.3092807356466,1084.012975248671,False
2005-05-02,33.50219726562274,56.78741565506334,0.0003350219726562274,0.0005678741565506335,-23.2852183894406,-0.00023285218389440602,-398.5944991250872,1084.012975248671,False
2005-05-03,255.24780273437742,269.64266914720463,0.0025524780273437743,0.0026964266914720463,-14.394866412827213,-0.00014394866412827212,-412.9893655379144,1084.012975248671,False
2005-05-04,28.752197265628123,33.11419629072755,0.0002875219726562812,0.0003311419629072755,-4.361999025099426,-4.361999025099426e-05,-417.3513645630138,1084.012975248671,False
2005-05-05,-202.2519531250022,-190.62511074564287,-0.002022519531250022,-0.0019062511074564288,-11.626842379359317,-0.00011626842379359317,-428.97820694237316,1084.012975248671,False
2005-05-06,127.00000000000034,114.49194450595796,0.0012700000000000033,0.0011449194450595796,12.508055494042381,0.00012508055494042382,-416.4701514483308,1084.012975248671,False
2005-05-09,-117.99999999999652,-133.7023263414955,-0.0011799999999999651,-0.0013370232634149551,15.702326341498988,0.00015702326341498988,-400.7678251068318,1084.012975248671,False
2005-05-10,76.50000000000018,82.12146547468986,0.0007650000000000019,0.0008212146547468985,-5.621465474689671,-5.6214654746896715e-05,-406.3892905815215,1084.012975248671,False
2005-05-11,-367.4980468750011,-392.55704690030325,-0.0036749804687500106,-0.003925570469003032,25.05900002530217,0.0002505900002530217,-381.3302905562193,1084.012975248671,False
2005-05-12,-4.000000000002359,-11.448454344327672,-4.000000000002359e-05,-0.00011448454344327672,7.448454344325313,7.448454344325313e-05,-373.881836211894,1084.012975248671,False
2005-05-13,126.74926757812297,114.20678256602267,0.0012674926757812296,0.0011420678256602267,12.5424850121003,0.000125424850121003,-361.33935119979367,1084.012975248671,False
2005-05-16,112.50000000000077,128.5186795133151,0.0011250000000000077,0.0012851867951331512,-16.01867951331434,-0.0001601867951331434,-377.358030713108,1084.012975248671,False
2005-05-17,172.99975585937926,202.68686682630084,0.0017299975585937926,0.0020268686682630085,-29.68711096692158,-0.0002968711096692158,-407.0451416800296,1084.012975248671,False
2005-05-18,57.000244140625746,61.83754385432634,0.0005700024414062575,0.0006183754385432634,-4.837299713700595,-4.837299713700595e-05,-411.8824413937302,1084.012975248671,False
2005-05-19,-32.99975585937483,-30.237387450540073,-0.0003299975585937483,-0.00030237387450540075,-2.7623684088347567,-2.7623684088347567e-05,-414.6448098025649,1084.012975248671,False
2005-05-20,98.99951171875308,109.71682941601306,0.0009899951171875308,0.0010971682941601306,-10.717317697259972,-0.00010717317697259971,-425.36212749982485,1084.012975248671,False
2005-05-23,-13.999511718749655,-17.08036415505837,-0.00013999511718749654,-0.00017080364155058368,3.0808524363087137,3.080852436308714e-05,-422.28127506351615,1084.012975248671,False
2005-05-24,-14.750488281250238,-10.468755122781985,-0.00014750488281250237,-0.00010468755122781985,-4.281733158468253,-4.281733158468253e-05,-426.5630082219844,1084.012975248671,False
2005-05-25,115.49975585937574,109.90842607010555,0.0011549975585937575,0.0010990842607010555,5.5913297892701905,5.5913297892701905e-05,-420.97167843271416,1084.012975248671,False
2005-05-26,57.75048828125315,57.318865327108405,0.0005775048828125315,0.000573188653271084,0.4316229541447427,4.316229541447427e-06,-420.5400554785694,1084.012975248671,False
2005-05-27,-182.99999999999875,-178.5515668963955,-0.0018299999999999875,-0.001785515668963955,-4.448433103603236,-4.4484331036032356e-05,-424.98848858217264,1084.012975248671,False
2005-05-31,102.99926757812395,121.40971581030061,0.0010299926757812395,0.001214097158103006,-18.410448232176662,-0.00018410448232176663,-443.3989368143493,1084.012975248671,False
2005-06-01,139.00097656249687,144.36588352126725,0.0013900097656249688,0.0014436588352126725,-5.364906958770376,-5.3649069587703764e-05,-448.7638437731197,1084.012975248671,False
2005-06-02,-99.49999999999963,-132.130495105173,-0.0009949999999999963,-0.00132130495105173,32.63049510517337,0.00032630495105173365,-416.1333486679463,1084.012975248671,False
2005-06-03,10.999755859375046,5.289028616161328,0.00010999755859375046,5.289028616161328e-05,5.710727243213718,5.710727243213718e-05,-410.42262142473254,1084.012975248671,False
2005-06-06,-56.00073242187378,-52.89399274750886,-0.0005600073242187377,-0.0005289399274750886,-3.106739674364917,-3.106739674364917e-05,-413.52936109909746,1084.012975248671,False
2005-06-07,-111.99975585937281,-108.68075593612595,-0.001119997558593728,-0.0010868075593612595,-3.3189999232468637,-3.3189999232468636e-05,-416.8483610223443,1084.012975248671,False
2005-06-08,161.99999999999523,173.15276695849957,0.0016199999999999522,0.0017315276695849956,-11.152766958504344,-0.00011152766958504344,-428.00112798084865,1084.012975248671,False
2005-06-09,-98.99926757812545,-96.40286981147187,-0.0009899926757812546,-0.0009640286981147187,-2.596397766653581,-2.596397766653581e-05,-430.59752574750223,1084.012975248671,False
2005-06-10,164.99926757812833,152.33197497680152,0.0016499926757812832,0.0015233197497680152,12.667292601326807,0.00012667292601326806,-417.9302331461754,1084.012975248671,False
2005-06-13,-18.497802734378507,-16.06006212313977,-0.00018497802734378506,-0.00016060062123139768,-2.4377406112387376,-2.4377406112387375e-05,-420.3679737574141,1084.012975248671,False
2005-06-14,69.9997558593753,65.06209245498894,0.000699997558593753,0.0006506209245498894,4.937663404386356,4.937663404386356e-05,-415.4303103530278,1084.012975248671,False
2005-06-15,235.00000000000287,225.81203559606317,0.0023500000000000287,0.002258120355960632,9.187964403939702,9.187964403939703e-05,-406.2423459490881,1084.012975248671,False
2005-06-16,119.24951171875334,112.49049127344712,0.0011924951171875333,0.0011249049127344713,6.75902044530622,6.75902044530622e-05,-399.4833255037819,1084.012975248671,False
2005-06-17,-19.99999999999821,-21.690320013912903,-0.0001999999999999821,-0.00021690320013912902,1.6903200139146932,1.690320013914693e-05,-397.7930054898672,1084.012975248671,False
2005-06-20,68.00000000000472,66.88845477983912,0.0006800000000000472,0.0006688845477983912,1.1115452201655955,1.1115452201655955e-05,-396.6814602697016,1084.012975248671,False
2005-06-21,-62.00195312500328,-57.950886269820174,-0.0006200195312500329,-0.0005795088626982018,-4.051066855183109,-4.0510668551831087e-05,-400.73252712488465,1084.012975248671,False
2005-06-22,-355.0000000000044,-364.8339236666677,-0.0035500000000000436,-0.003648339236666677,9.833923666663338,9.833923666663339e-05,-390.8986034582213,1084.012975248671,False
2005-06-23,-246.49853515625023,-225.69594719481097,-0.0024649853515625025,-0.0022569594719481097,-20.802587961439258,-0.00020802587961439258,-411.7011914196606,1084.012975248671,False
2005-06-24,-70.00146484374761,-67.11480795282719,-0.0007000146484374761,-0.0006711480795282719,-2.8866568909204204,-2.8866568909204205e-05,-414.58784831058097,1084.012975248671,False
2005-06-27,129.49999999999903,133.8778534213974,0.0012949999999999904,0.001338778534213974,-4.377853421398356,-4.377853421398356e-05,-418.9657017319793,1084.012975248671,False
2005-06-28,-32.49926757812395,-39.90578416349271,-0.0003249926757812395,-0.00039905784163492714,7.406516585368763,7.406516585368763e-05,-411.55918514661056,1084.012975248671,False
2005-06-29,-187.99999999999818,-217.65937071896096,-0.0018799999999999817,-0.0021765937071896095,29.659370718962776,0.00029659370718962776,-381.8998144276478,1084.012975248671,False
2005-06-30,-227.9978027343749,-264.2003131644751,-0.002279978027343749,-0.002642003131644751,36.20251043010023,0.00036202510430100233,-345.6973039975476,1084.012975248671,False
2005-07-01,175.9997558593766,178.85716820475835,0.001759997558593766,0.0017885716820475834,-2.8574123453817606,-2.8574123453817604e-05,-348.55471634292934,1084.012975248671,False
2005-07-05,-125.00024414062584,-131.57455132908137,-0.0012500024414062584,-0.0013157455132908138,6.574307188455535,6.574307188455535e-05,-341.9804091544738,1084.012975248671,False
2005-07-06,83.49951171874912,85.49100022205411,0.0008349951171874912,0.0008549100022205411,-1.9914885033049927,-1.9914885033049928e-05,-343.9718976577788,1084.012975248671,False
2005-07-07,389.50097656250256,449.9905239016043,0.0038950097656250257,0.004499905239016043,-60.48954733910176,-0.0006048954733910176,-404.4614449968806,1084.012975248671,False
2005-07-08,121.00000000000053,106.29114231112149,0.0012100000000000053,0.0010629114231112148,14.708857688879036,0.00014708857688879034,-389.7525873080015,1084.012975248671,False
2005-07-11,36.999267578124964,43.084322977955736,0.0003699926757812496,0.00043084322977955734,-6.085055399830772,-6.085055399830772e-05,-395.8376427078323,1084.012975248671,False
2005-07-12,32.50000000000116,20.40714084910021,0.0003250000000000116,0.0002040714084910021,12.09285915090095,0.00012092859150900949,-383.74478355693134,1084.012975248671,False
2005-07-13,80.24975585937958,52.637483209406,0.0008024975585937958,0.00052637483209406,27.612272649973576,0.00027612272649973576,-356.13251090695775,1084.012975248671,False
2005-07-14,9.500976562500798,14.502069835504244,9.500976562500797e-05,0.00014502069835504243,-5.0010932730034465,-5.001093273003447e-05,-361.1336041799612,1084.012975248671,False
2005-07-15,-46.750488281250654,-50.813177806267575,-0.0004675048828125065,-0.0005081317780626758,4.062689525016921,4.062689525016921e-05,-357.07091465494426,1084.012975248671,False
2005-07-18,198.99951171874574,163.66302400629607,0.0019899951171874573,0.0016366302400629606,35.33648771244967,0.0003533648771244967,-321.73442694249457,1084.012975248671,False
2005-07-19,52.250244140625696,62.12758465181848,0.0005225024414062569,0.0006212758465181848,-9.877340511192784,-9.877340511192785e-05,-331.6117674536873,1084.012975248671,False
2005-07-20,-1.5002441406264548,-3.2516317188268777,-1.5002441406264548e-05,-3.251631718826878e-05,1.751387578200423,1.751387578200423e-05,-329.8603798754869,1084.012975248671,False
2005-07-21,42.000488281249005,40.36080403016099,0.0004200048828124901,0.00040360804030160994,1.6396842510880134,1.6396842510880133e-05,-328.2206956243989,1084.012975248671,False
2005-07-22,-27.999755859373266,-22.2424613396469,-0.00027999755859373267,-0.00022242461339646902,-5.757294519726365,-5.757294519726365e-05,-333.9779901441253,1084.012975248671,False
2005-07-25,-7.000244140622751,-13.24190383435944,-7.000244140622751e-05,-0.0001324190383435944,6.24165969373669,6.24165969373669e-05,-327.7363304503886,1084.012975248671,False
2005-07-26,78.7504882812489,79.57819593119275,0.0007875048828124891,0.0007957819593119275,-0.8277076499438465,-8.277076499438464e-06,-328.5640381003325,1084.012975248671,False
2005-07-27,80.24975585937223,97.52465641112322,0.0008024975585937223,0.0009752465641112322,-17.27490055175099,-0.00017274900551750988,-345.83893865208347,1084.012975248671,False
2005-07-28,-56.24999999999915,-67.19635144298587,-0.0005624999999999915,-0.0006719635144298588,10.946351442986725,0.00010946351442986724,-334.89258720909675,1084.012975248671,False
2005-07-29,29.750244140624392,35.437106811404234,0.0002975024414062439,0.0003543710681140423,-5.686862670779842,-5.686862670779842e-05,-340.57944987987656,1084.012975248671,False
2005-08-01,93.49999999999977,89.37637861564656,0.0009349999999999977,0.0008937637861564656,4.123621384353214,4.123621384353214e-05,-336.45582849552335,1084.012975248671,False
2005-08-02,70.75000000000239,82.61699348562603,0.0007075000000000239,0.0008261699348562603,-11.866993485623638,-0.00011866993485623638,-348.322821981147,1084.012975248671,False
2005-08-03,-200.24999999999886,-167.10529325172115,-0.0020024999999999887,-0.0016710529325172116,-33.14470674827771,-0.00033144706748277714,-381.4675287294247,1084.012975248671,False
2005-08-04,-109.500244140626,-116.18376768048795,-0.00109500244140626,-0.0011618376768048795,6.683523539861952,6.683523539861952e-05,-374.7840051895628,1084.012975248671,False
2005-08-05,-68.0000000000002,-81.10406079584729,-0.000680000000000002,-0.0008110406079584729,13.10406079584709,0.0001310406079584709,-361.6799443937157,1084.012975248671,False
2005-08-08,189.00000000000102,179.3848568486108,0.0018900000000000102,0.001793848568486108,9.615143151390214,9.615143151390213e-05,-352.0648012423255,1084.012975248671,False
2005-08-09,-100.50048828124558,-88.31123696338979,-0.0010050048828124558,-0.0008831123696338978,-12.189251317855792,-0.00012189251317855792,-364.25405256018126,1084.012975248671,False
2005-08-10,172.00024414062617,186.92617955813594,0.0017200024414062616,0.0018692617955813594,-14.925935417509777,-0.00014925935417509778,-379.17998797769104,1084.012975248671,False
2005-08-11,-122.50000000000055,-139.93199618433317,-0.0012250000000000056,-0.0013993199618433318,17.43199618433262,0.0001743199618433262,-361.74799179335844,1084.012975248671,False
2005-08-12,91.49853515625344,91.93236940480023,0.0009149853515625344,0.0009193236940480022,-0.43383424854678765,-4.338342485467877e-06,-362.1818260419052,1084.012975248671,False
2005-08-15,-214.9992675781221,-247.96483557039784,-0.0021499926757812212,-0.0024796483557039785,32.96556799227574,0.00032965567992275735,-329.21625804962946,1084.012975248671,False
2005-08-16,-184.99780273436977,-177.02513880846269,-0.0018499780273436978,-0.0017702513880846267,-7.972663925907085,-7.972663925907085e-05,-337.1889219755366,1084.012975248671,False
2005-08-17,-47.000000000000085,-50.52455050506178,-0.00047000000000000085,-0.0005052455050506178,3.524550505061697,3.524550505061697e-05,-333.66437147047486,1084.012975248671,False
2005-08-18,29.999999999996888,27.554549495136204,0.00029999999999996886,0.00027554549495136205,2.445450504860684,2.445450504860684e-05,-331.2189209656142,1084.012975248671,False
2005-08-19,22.99926757812691,23.913290311354793,0.00022999267578126912,0.00023913290311354792,-0.9140227332278812,-9.140227332278813e-06,-332.13294369884204,1084.012975248671,False
2005-08-22,-66.99951171875153,-65.35929926775043,-0.0006699951171875154,-0.0006535929926775043,-1.640212451001105,-1.640212451001105e-05,-333.77315614984315,1084.012975248671,False
2005-08-23,-375.99975585937466,-392.92123254038825,-0.0037599975585937465,-0.003929212325403882,16.921476681013587,0.00016921476681013587,-316.85167946882956,1084.012975248671,False
2005-08-24,81.49902343750449,74.78047267546216,0.0008149902343750449,0.0007478047267546217,6.718550762042327,6.718550762042326e-05,-310.13312870678726,1084.012975248671,False
2005-08-25,-194.99999999999855,-184.0069963098856,-0.0019499999999999856,-0.001840069963098856,-10.993003690112943,-0.00010993003690112942,-321.1261323969002,1084.012975248671,False
2005-08-26,230.50048828124824,240.92084411195697,0.0023050048828124822,0.0024092084411195696,-10.42035583070873,-0.0001042035583070873,-331.5464882276089,1084.012975248671,False
2005-08-29,-176.00024414062753,-184.6835452089022,-0.0017600024414062753,-0.0018468354520890218,8.683301068274659,8.683301068274658e-05,-322.86318715933425,1084.012975248671,False
2005-08-30,304.99975585937625,339.1216705806672,0.0030499975585937624,0.003391216705806672,-34.12191472129098,-0.00034121914721290975,-356.9851018806252,1084.012975248671,False
2005-08-31,55.25024414062388,52.84244875665819,0.0005525024414062388,0.0005284244875665819,2.4077953839656843,2.4077953839656842e-05,-354.57730649665956,1084.012975248671,False
2005-09-01,20.000000000001215,24.258975465455528,0.00020000000000001215,0.00024258975465455527,-4.258975465454313,-4.258975465454313e-05,-358.83628196211384,1084.012975248671,False
2005-09-02,163.49926757812355,156.43884901579122,0.0016349926757812355,0.0015643884901579122,7.06041856233233,7.06041856233233e-05,-351.77586339978154,1084.012975248671,False
2005-09-06,22.25097656250584,19.31168289874627,0.0002225097656250584,0.0001931168289874627,2.939293663759571,2.939293663759571e-05,-348.83656973602194,1084.012975248671,False
2005-09-07,52.50292968750079,46.44156181513523,0.0005250292968750079,0.0004644156181513523,6.061367872365558,6.0613678723655584e-05,-342.7752018636564,1084.012975248671,False
2005-09-08,158.9978027343754,160.3049405995308,0.001589978027343754,0.001603049405995308,-1.307137865155397,-1.307137865155397e-05,-344.0823397288118,1084.012975248671,False
2005-09-09,20.252197265621323,19.313897111929425,0.00020252197265621322,0.00019313897111929425,0.9383001536918982,9.383001536918982e-06,-343.1440395751199,1084.012975248671,False
2005-09-12,-193.75292968750085,-178.05468841116715,-0.0019375292968750086,-0.0017805468841116715,-15.698241276333704,-0.00015698241276333703,-358.8422808514536,1084.012975248671,False
2005-09-13,14.002197265622307,17.1284581996008,0.00014002197265622308,0.000171284581996008,-3.126260933978493,-3.126260933978493e-05,-361.9685417854321,1084.012975248671,False
2005-09-14,143.99926757812295,128.99107917628012,0.0014399926757812296,0.0012899107917628012,15.00818840184283,0.0001500818840184283,-346.9603533835892,1084.012975248671,False
2005-09-15,279.00000000000153,287.0214034528156,0.0027900000000000156,0.002870214034528156,-8.02140345281407,-8.02140345281407e-05,-354.9817568364033,1084.012975248671,False
2005-09-16,172.74926757812062,154.6746018876781,0.0017274926757812061,0.001546746018876781,18.074665690442515,0.00018074665690442516,-336.90709114596075,1084.012975248671,False
2005-09-19,-80.50048828124892,-76.38975530767232,-0.0008050048828124892,-0.0007638975530767231,-4.110732973576603,-4.1107329735766026e-05,-341.01782411953735,1084.012975248671,False
2005-09-20,-164.50073242187233,-135.65702688025664,-0.0016450073242187232,-0.0013565702688025664,-28.84370554161569,-0.0002884370554161569,-369.86152966115304,1084.012975248671,False
2005-09-21,-16.4978027343771,-5.092199550816623,-0.000164978027343771,-5.0921995508166233e-05,-11.405603183560476,-0.00011405603183560476,-381.2671328447135,1084.012975248671,False
2005-09-22,-17.74926757812156,-16.537549586305005,-0.00017749267578121561,-0.00016537549586305005,-1.2117179918165562,-1.2117179918165562e-05,-382.47885083653006,1084.012975248671,False
2005-09-23,92.99780273437446,87.88156106906479,0.0009299780273437446,0.0008788156106906479,5.116241665309673,5.1162416653096724e-05,-377.36260917122036,1084.012975248671,False
2005-09-26,-104.99780273437756,-101.95053369287807,-0.0010499780273437755,-0.0010195053369287806,-3.04726904149949,-3.0472690414994902e-05,-380.40987821271983,1084.012975248671,False
2005-09-27,224.99707031250034,211.44511049861748,0.0022499707031250035,0.002114451104986175,13.55195981388286,0.0001355195981388286,-366.857918398837,1084.012975248671,False
2005-09-28,275.0014648437536,272.2505325176373,0.0027500146484375357,0.002722505325176373,2.750932326116299,2.750932326116299e-05,-364.1069860727207,1084.012975248671,False
2005-09-29,-66.49999999999835,-70.64052285649382,-0.0006649999999999835,-0.0007064052285649381,4.1405228564954655,4.1405228564954656e-05,-359.96646321622524,1084.012975248671,False
2005-09-30,-93.50000000000193,-92.03218923603082,-0.0009350000000000194,-0.0009203218923603081,-1.4678107639711158,-1.4678107639711157e-05,-361.43427398019634,1084.012975248671,False
2005-10-03,-283.00000000000125,-270.75360927260687,-0.0028300000000000126,-0.0027075360927260685,-12.246390727394385,-0.00012246390727394384,-373.6806647075907,1084.012975248671,False
2005-10-04,-282.99999999999983,-321.66184698904664,-0.0028299999999999983,-0.0032166184698904665,38.66184698904681,0.0003866184698904681,-335.0188177185439,1084.012975248671,False
2005-10-05,154.49804687499986,137.17109533987167,0.0015449804687499985,0.0013717109533987167,17.326951535128188,0.00017326951535128187,-317.69186618341575,1084.012975248671,False
2005-10-06,81.00146484375102,98.06473340566636,0.0008100146484375102,0.0009806473340566637,-17.063268561915336,-0.00017063268561915337,-334.7551347453311,1084.012975248671,False
2005-10-07,-158.00219726562054,-140.73572235866783,-0.0015800219726562054,-0.0014073572235866784,-17.26647490695271,-0.00017266474906952708,-352.0216096522838,1084.012975248671,False
2005-10-10,-14.998535156253133,-7.955813598899702,-0.00014998535156253133,-7.955813598899703e-05,-7.042721557353431,-7.04272155735343e-05,-359.06433120963726,1084.012975248671,False
2005-10-11,-360.00219726562614,-355.46643471279475,-0.003600021972656261,-0.0035546643471279474,-4.535762552831386,-4.535762552831386e-05,-363.60009376246865,1084.012975248671,False
2005-10-12,-31.997802734377302,-31.689751802103764,-0.00031997802734377303,-0.00031689751802103764,-0.3080509322735381,-3.080509322735381e-06,-363.9081446947422,1084.012975248671,False
2005-10-13,203.99999999999824,197.46347946262912,0.0020399999999999824,0.0019746347946262913,6.536520537369114,6.536520537369114e-05,-357.37162415737305,1084.012975248671,False
2005-10-14,143.99780273437457,152.34010324732486,0.0014399780273437457,0.0015234010324732487,-8.342300512950288,-8.342300512950288e-05,-365.7139246703233,1084.012975248671,False
2005-10-17,-39.999999999999986,-56.61537533739,-0.00039999999999999986,-0.0005661537533739,16.615375337390013,0.00016615375337390012,-349.0985493329333,1084.012975248671,False
2005-10-18,-127.99780273437699,-117.28109207926701,-0.0012799780273437698,-0.00117281092079267,-10.716710655109978,-0.00010716710655109978,-359.8152599880433,1084.012975248671,False
2005-10-19,-81.99951171874986,-132.16621785702267,-0.0008199951171874985,-0.0013216621785702267,50.166706138272815,0.0005016670613827281,-309.64855384977045,1084.012975248671,False
2005-10-20,233.99707031249784,228.40425755011512,0.002339970703124978,0.002284042575501151,5.592812762382721,5.592812762382721e-05,-304.05574108738773,1084.012975248671,False
2005-10-21,3.0004882812504547,34.25796344621953,3.000488281250455e-05,0.00034257963446219527,-31.257475164969073,-0.0003125747516496907,-335.3132162523568,1084.012975248671,False
2005-10-24,215.00219726562185,197.91490306681777,0.0021500219726562184,0.0019791490306681776,17.087294198804074,0.00017087294198804074,-318.2259220535527,1084.012975248671,False
2005-10-25,-42.001464843751286,-50.01446655675404,-0.00042001464843751285,-0.0005001446655675403,8.013001713002751,8.01300171300275e-05,-310.21292034055,1084.012975248671,False
2005-10-26,-46.000732421873906,-22.900140283610796,-0.00046000732421873906,-0.00022900140283610795,-23.10059213826311,-0.0002310059213826311,-333.3135124788131,1084.012975248671,False
2005-10-27,-23.997802734376478,8.17357514795237,-0.00023997802734376477,8.17357514795237e-05,-32.17137788232885,-0.00032171377882328847,-365.48489036114194,1084.012975248671,False
2005-10-28,-185.00073242187426,-171.13808087264607,-0.0018500073242187426,-0.0017113808087264608,-13.86265154922819,-0.0001386265154922819,-379.3475419103701,1084.012975248671,False
2005-10-31,-128.0009765624995,-117.94876287874334,-0.001280009765624995,-0.0011794876287874335,-10.05221368375615,-0.0001005221368375615,-389.3997555941263,1084.012975248671,False
2005-11-01,128.00000000000273,138.74010655421748,0.0012800000000000272,0.0013874010655421747,-10.740106554214748,-0.00010740106554214747,-400.1398621483411,1084.012975248671,False
2005-11-02,13.750976562502252,10.029082238399482,0.00013750976562502252,0.00010029082238399482,3.72189432410277,3.72189432410277e-05,-396.4179678242383,1084.012975248671,False
2005-11-03,-121.74999999999821,-102.97716976872364,-0.001217499999999982,-0.0010297716976872364,-18.77283023127457,-0.00018772830231274568,-415.19079805551286,1084.012975248671,False
2005-11-04,54.750000000001236,64.30272129164676,0.0005475000000000124,0.0006430272129164677,-9.552721291645526,-9.552721291645525e-05,-424.7435193471584,1084.012975248671,False
2005-11-07,71.00073242187409,60.67454081457972,0.0007100073242187409,0.0006067454081457972,10.32619160729437,0.0001032619160729437,-414.417327739864,1084.012975248671,False
2005-11-08,166.99853515625105,157.00837396542755,0.0016699853515625106,0.0015700837396542754,9.9901611908235,9.9901611908235e-05,-404.4271665490405,1084.012975248671,False
2005-11-09,228.00146484374403,218.34208668396906,0.0022800146484374404,0.0021834208668396905,9.659378159774974,9.659378159774974e-05,-394.76778838926555,1084.012975248671,False
2005-11-10,98.49853515624898,97.93310851673849,0.0009849853515624897,0.0009793310851673848,0.5654266395104912,5.654266395104912e-06,-394.202361749755,1084.012975248671,False
2005-11-11,-16.501464843748472,-17.615790421561247,-0.00016501464843748473,-0.00017615790421561246,1.1143255778127745,1.1143255778127744e-05,-393.08803617194224,1084.012975248671,False
2005-11-14,-100.24926757812295,-95.06586805607236,-0.0010024926757812296,-0.0009506586805607236,-5.183399522050593,-5.1833995220505924e-05,-398.2714356939928,1084.012975248671,False
2005-11-15,478.24902343750745,435.22277924923674,0.004782490234375074,0.004352227792492367,43.02624418827071,0.00043026244188270707,-355.2451915057221,1084.012975248671,False
2005-11-16,517.0009765625044,483.22746134344646,0.005170009765625044,0.004832274613434465,33.77351521905797,0.0003377351521905797,-321.47167628666415,1084.012975248671,False
2005-11-17,33.00097656250204,30.273740509212292,0.0003300097656250204,0.0003027374050921229,2.7272360532897473,2.7272360532897474e-05,-318.7444402333744,1084.012975248671,False
2005-11-18,183.497802734375,192.07662612610324,0.00183497802734375,0.0019207662612610323,-8.578823391728235,-8.578823391728235e-05,-327.32326362510264,1084.012975248671,False
2005-11-21,128.0004882812501,150.39339325130533,0.0012800048828125012,0.0015039339325130534,-22.392904970055213,-0.00022392904970055212,-349.71616859515785,1084.012975248671,False
2005-11-22,61.000488281251116,72.93510656744266,0.0006100048828125112,0.0007293510656744266,-11.934618286191544,-0.00011934618286191543,-361.6507868813494,1084.012975248671,False
2005-11-23,202.99999999999892,212.19578270944223,0.0020299999999999893,0.0021219578270944223,-9.195782709443307,-9.195782709443308e-05,-370.8465695907927,1084.012975248671,False
2005-11-25,-158.99999999999858,-161.40378873649786,-0.0015899999999999857,-0.0016140378873649786,2.40378873649928,2.40378873649928e-05,-368.4427808542934,1084.012975248671,False
2005-11-28,-24.501464843750274,-31.93424519881475,-0.00024501464843750274,-0.0003193424519881475,7.432780355064477,7.432780355064476e-05,-361.0100004992289,1084.012975248671,False
2005-11-29,-374.2478027343744,-383.0292613494652,-0.0037424780273437436,-0.0038302926134946517,8.781458615090799,8.781458615090799e-05,-352.2285418841381,1084.012975248671,False
2005-11-30,537.999511718745,576.2367547088242,0.00537999511718745,0.005762367547088242,-38.23724299007915,-0.0003823724299007915,-390.46578487421726,1084.012975248671,False
2005-12-01,40.999023437501315,34.72699902845567,0.00040999023437501315,0.0003472699902845567,6.272024409045642,6.272024409045642e-05,-384.19376046517164,1084.012975248671,False
2005-12-02,109.50292968750198,100.33419230644687,0.0010950292968750198,0.0010033419230644687,9.16873738105511,9.16873738105511e-05,-375.0250230841165,1084.012975248671,False
2005-12-05,63.99902343749821,69.4009574681762,0.0006399902343749821,0.000694009574681762,-5.401934030677992,-5.401934030677993e-05,-380.4269571147945,1084.012975248671,False
2005-12-06,-8.500000000004253,-2.5638660027620936,-8.500000000004252e-05,-2.5638660027620938e-05,-5.936133997242159,-5.936133997242159e-05,-386.36309111203667,1084.012975248671,False
2005-12-07,31.500488281252082,64.7122564562302,0.0003150048828125208,0.0006471225645623019,-33.21176817497811,-0.00033211768174978113,-419.57485928701476,1084.012975248671,False
2005-12-08,201.49999999999733,228.91068310247445,0.0020149999999999734,0.0022891068310247446,-27.410683102477122,-0.0002741068310247712,-446.9855423894919,1084.012975248671,False
2005-12-09,76.24853515625091,68.83864008611239,0.0007624853515625091,0.000688386400861124,7.409895070138518,7.409895070138518e-05,-439.5756473193534,1084.012975248671,False
2005-12-12,-62.99707031250385,-44.84330081462295,-0.0006299707031250385,-0.0004484330081462295,-18.1537694978809,-0.00018153769497880902,-457.72941681723427,1084.012975248671,False
2005-12-13,-277.5019531249979,-283.06240500051763,-0.002775019531249979,-0.002830624050005176,5.560451875519732,5.560451875519732e-05,-452.16896494171453,1084.012975248671,False
2005-12-14,-108.49804687499808,-104.41998822183459,-0.0010849804687499808,-0.001044199882218346,-4.078058653163495,-4.078058653163495e-05,-456.24702359487804,1084.012975248671,False
2005-12-15,-126.50146484375139,-116.68245968099977,-0.0012650146484375138,-0.0011668245968099978,-9.819005162751623,-9.819005162751622e-05,-466.0660287576297,1084.012975248671,False
2005-12-16,-275.2478027343715,-287.5392707825746,-0.0027524780273437146,-0.002875392707825746,12.291468048203114,0.00012291468048203114,-453.77456070942657,1084.012975248671,False
2005-12-19,-354.00390624999784,-310.55551037532643,-0.0035400390624999783,-0.0031055551037532645,-43.448395874671405,-0.00043448395874671407,-497.222956584098,1084.012975248671,False
2005-12-20,89.00097656248857,84.11024806079197,0.0008900097656248857,0.0008411024806079197,4.8907285016966,4.8907285016966e-05,-492.33222808240134,1084.012975248671,False
2005-12-21,686.9985351562476,648.288515914626,0.0068699853515624765,0.00648288515914626,38.71001924162158,0.0003871001924162158,-453.62220884077976,1084.012975248671,False
2005-12-22,26.001464843749638,23.82451248147392,0.0002600146484374964,0.0002382451248147392,2.176952362275717,2.176952362275717e-05,-451.44525647850406,1084.012975248671,False
2005-12-23,-172.49926757812187,-167.36466124556432,-0.0017249926757812188,-0.0016736466124556433,-5.134606332557553,-5.134606332557553e-05,-456.5798628110616,1084.012975248671,False
2005-12-27,116.49902343750037,134.36667262009885,0.0011649902343750036,0.0013436667262009885,-17.867649182598484,-0.00017867649182598484,-474.4475119936601,1084.012975248671,False
2005-12-28,-184.75097656250153,-176.7554330551643,-0.0018475097656250154,-0.001767554330551643,-7.995543507337231,-7.995543507337231e-05,-482.44305550099733,1084.012975248671,False
2005-12-29,-74.24926757812308,-84.86666313890281,-0.0007424926757812309,-0.0008486666313890281,10.617395560779727,0.00010617395560779727,-471.82565994021763,1084.012975248671,False
2005-12-30,915.9992675781243,914.2499385928186,0.009159992675781244,0.009142499385928185,1.7493289853057377,1.7493289853057378e-05,-470.0763309549119,1084.012975248671,False
2006-01-03,170.75195312500063,151.9090630679208,0.0017075195312500062,0.0015190906306792081,18.842890057079813,0.00018842890057079814,-451.2334408978321,1084.012975248671,False
2006-01-04,-132.25097656249977,-166.70527200263814,-0.0013225097656249978,-0.0016670527200263814,34.45429544013837,0.00034454295440138364,-416.77914545769374,1084.012975248671,False
2006-01-05,370.50048828125233,404.8964651845547,0.003705004882812523,0.004048964651845547,-34.39597690330237,-0.0003439597690330237,-451.1751223609961,1084.012975248671,False
2006-01-06,215.24853515624704,181.50360811649205,0.0021524853515624705,0.0018150360811649204,33.744927039755,0.00033744927039755,-417.4301953212411,1084.012975248671,False
2006-01-09,-79.99853515625132,-64.3663548623235,-0.0007999853515625132,-0.000643663548623235,-15.632180293927817,-0.00015632180293927817,-433.06237561516895,1084.012975248671,False
2006-01-10,150.75048828125597,156.66733051487896,0.0015075048828125596,0.0015666733051487895,-5.916842233622987,-5.9168422336229865e-05,-438.9792178487919,1084.012975248671,False
2006-01-11,-61.2509765625003,-75.4975600806341,-0.000612509765625003,-0.000754975600806341,14.246583518133804,0.00014246583518133803,-424.73263433065813,1084.012975248671,False
2006-01-12,211.24853515624886,219.5433282860369,0.0021124853515624886,0.002195433282860369,-8.294793129788047,-8.294793129788048e-05,-433.0274274604462,1084.012975248671,False
2006-01-13,-104.2490234375002,-100.72505163354121,-0.001042490234375002,-0.001007250516335412,-3.523971803958986,-3.523971803958986e-05,-436.5513992644052,1084.012975248671,False
2006-01-17,-553.0014648437531,-499.5436453137744,-0.005530014648437531,-0.004995436453137744,-53.45781952997868,-0.0005345781952997868,-490.00921879438386,1084.012975248671,False
2006-01-18,401.4999999999991,389.91482743829687,0.004014999999999991,0.003899148274382969,11.585172561702223,0.00011585172561702222,-478.42404623268163,1084.012975248671,False
2006-01-19,-535.5000000000027,-499.9162084913115,-0.005355000000000027,-0.004999162084913115,-35.583791508691206,-0.0003558379150869121,-514.0078377413729,1084.012975248671,False
2006-01-20,131.50146484374707,132.0089934936573,0.0013150146484374708,0.001320089934936573,-0.5075286499102276,-5.0752864991022764e-06,-514.5153663912831,1084.012975248671,False
2006-01-23,34.25048828125155,36.013050083304186,0.0003425048828125155,0.0003601305008330419,-1.7625618020526375,-1.7625618020526375e-05,-516.2779281933358,1084.012975248671,False
2006-01-24,89.49707031250705,94.35427508869722,0.0008949707031250705,0.0009435427508869722,-4.857204776190173,-4.857204776190173e-05,-521.135132969526,1084.012975248671,False
2006-01-25,81.75048828124558,83.31890888221436,0.0008175048828124558,0.0008331890888221436,-1.5684206009687784,-1.5684206009687785e-05,-522.7035535704948,1084.012975248671,False
2006-01-26,264.50073242187943,248.05518354741764,0.002645007324218794,0.0024805518354741765,16.445548874461792,0.00016445548874461792,-506.258004696033,1084.012975248671,False
2006-01-27,208.25000000000048,213.9869002893821,0.002082500000000005,0.002139869002893821,-5.736900289381623,-5.736900289381623e-05,-511.9949049854147,1084.012975248671,False
2006-01-30,7.000488281253713,18.170097649026403,7.000488281253712e-05,0.00018170097649026403,-11.16960936777269,-0.0001116960936777269,-523.1645143531873,1084.012975248671,False
2006-01-31,79.75000000000139,71.1584247411646,0.0007975000000000139,0.000711584247411646,8.591575258836798,8.591575258836797e-05,-514.5729390943505,1084.012975248671,False
2006-02-01,-435.25219726563085,-430.8710529482541,-0.004352521972656309,-0.004308710529482541,-4.381144317376766,-4.381144317376766e-05,-518.9540834117273,1084.012975248671,False
2006-02-02,-296.4985351562514,-267.97889626363246,-0.002964985351562514,-0.0026797889626363246,-28.519638892618957,-0.0002851963889261896,-547.4737223043462,1084.012975248671,False
2006-02-03,126.99902343749662,138.76985288046012,0.0012699902343749662,0.0013876985288046012,-11.770829442963503,-0.00011770829442963503,-559.2445517473097,1084.012975248671,False
2006-02-06,-908.2500000000024,-845.1016558585147,-0.009082500000000025,-0.008451016558585147,-63.148344141487655,-0.0006314834414148765,-622.3928958887974,1084.012975248671,False
2006-02-07,283.00000000000284,249.29947381502157,0.0028300000000000282,0.0024929947381502155,33.70052618498127,0.0003370052618498127,-588.6923697038161,1084.012975248671,False
2006-02-08,203.00097656250142,234.6623988465472,0.002030009765625014,0.002346623988465472,-31.661422284045784,-0.00031661422284045784,-620.3537919878619,1084.012975248671,False
2006-02-09,-184.4995117187457,-116.13014469345333,-0.001844995117187457,-0.0011613014469345332,-68.36936702529238,-0.0006836936702529238,-688.7231590131543,1084.012975248671,False
2006-02-10,-384.000488281249,-335.2503739315351,-0.00384000488281249,-0.003352503739315351,-48.7501143497139,-0.00048750114349713897,-737.4732733628682,1084.012975248671,False
2006-02-13,464.0009765625081,450.6461404063783,0.00464000976562508,0.004506461404063783,13.35483615612975,0.0001335483615612975,-724.1184372067385,1084.012975248671,False
2006-02-14,-23.001464843745794,-20.844791538884465,-0.00023001464843745793,-0.00020844791538884464,-2.1566733048613287,-2.1566733048613286e-05,-726.2751105115998,1084.012975248671,False
2006-02-15,201.49951171875165,234.0030773531231,0.0020149951171875165,0.002340030773531231,-32.503565634371455,-0.00032503565634371456,-758.7786761459713,1084.012975248671,False
2006-02-16,52.5009765625026,43.42696645067829,0.000525009765625026,0.0004342696645067829,9.074010111824308,9.074010111824308e-05,-749.704666034147,1084.012975248671,False
2006-02-17,-49.24999999999716,-54.29373127274355,-0.0004924999999999716,-0.0005429373127274355,5.043731272746392,5.043731272746392e-05,-744.6609347614005,1084.012975248671,False
2006-02-21,286.0000000000081,282.298833177224,0.002860000000000081,0.00282298833177224,3.701166822784046,3.701166822784046e-05,-740.9597679386166,1084.012975248671,False
2006-02-22,-242.9985351562504,-267.89579146688607,-0.002429985351562504,-0.0026789579146688607,24.89725631063567,0.0002489725631063567,-716.0625116279809,1084.012975248671,False
2006-02-23,368.4985351562534,383.30401041176816,0.0036849853515625343,0.0038330401041176817,-14.80547525551475,-0.00014805475255514751,-730.8679868834956,1084.012975248671,False
2006-02-24,61.00097656250039,65.99508294850136,0.0006100097656250039,0.0006599508294850136,-4.994106386000972,-4.994106386000972e-05,-735.8620932694967,1084.012975248671,False
2006-02-27,-329.9995117187466,-316.12160624566525,-0.003299995117187466,-0.0031612160624566524,-13.877905473081341,-0.00013877905473081342,-749.739998742578,1084.012975248671,False
2006-02-28,321.4980468749994,332.73205454187666,0.0032149804687499938,0.0033273205454187665,-11.23400766687729,-0.00011234007666877289,-760.9740064094553,1084.012975248671,False
2006-03-01,131.0029296874998,114.5037041207544,0.001310029296874998,0.0011450370412075441,16.499225566745395,0.00016499225566745396,-744.47478084271,1084.012975248671,False
2006-03-02,-229.0004882812545,-231.52875471666061,-0.002290004882812545,-0.002315287547166606,2.528266435406124,2.5282664354061238e-05,-741.9465144073038,1084.012975248671,False
2006-03-03,-533.0021972656265,-484.8645741070558,-0.0053300219726562644,-0.004848645741070558,-48.137623158570705,-0.00048137623158570704,-790.0841375658745,1084.012975248671,False
2006-03-06,-111.99853515624667,-103.74508487915578,-0.0011199853515624668,-0.0010374508487915577,-8.253450277090892,-8.253450277090891e-05,-798.3375878429654,1084.012975248671,False
2006-03-07,-156.00146484375574,-198.72944910863094,-0.0015600146484375573,-0.0019872944910863093,42.727984264875204,0.000427279842648752,-755.6096035780902,1084.012975248671,False
2006-03-08,-283.9985351562499,-309.4885494943851,-0.002839985351562499,-0.003094885494943851,25.49001433813521,0.0002549001433813521,-730.119589239955,1084.012975248671,False
2006-03-09,83.99853515624562,64.30242617681084,0.0008399853515624562,0.0006430242617681085,19.696108979434783,0.00019696108979434782,-710.4234802605201,1084.012975248671,False
2006-03-10,217.50146484374795,217.6774162781316,0.0021750146484374793,0.002176774162781316,-0.17595143438364858,-1.7595143438364858e-06,-710.5994316949038,1084.012975248671,False
2006-03-13,418.9999999999981,432.9230319851745,0.004189999999999981,0.004329230319851745,-13.923031985176351,-0.00013923031985176352,-724.5224636800801,1084.012975248671,False
2006-03-14,99.50048828124598,84.3401193525554,0.0009950048828124597,0.000843401193525554,15.160368928690573,0.00015160368928690573,-709.3620947513896,1084.012975248671,False
2006-03-15,26.99999999999427,16.654818795413945,0.0002699999999999427,0.00016654818795413945,10.345181204580324,0.00010345181204580325,-699.0169135468093,1084.012975248671,False
2006-03-16,11.248535156251007,13.102419185408996,0.00011248535156251007,0.00013102419185408997,-1.8538840291579888,-1.8538840291579886e-05,-700.8707975759672,1084.012975248671,False
2006-03-17,7.999999999999837,9.714374544518584,7.999999999999837e-05,9.714374544518585e-05,-1.7143745445187477,-1.7143745445187476e-05,-702.5851721204859,1084.012975248671,False
2006-03-20,-267.0007324218746,-251.78519023913367,-0.002670007324218746,-0.0025178519023913368,-15.215542182740933,-0.00015215542182740933,-717.8007143032269,1084.012975248671,False
2006-03-21,95.99999999999623,102.92631533679456,0.0009599999999999623,0.0010292631533679456,-6.926315336798325,-6.926315336798325e-05,-724.7270296400252,1084.012975248671,False
2006-03-22,-84.00073242187784,-84.28420959148382,-0.0008400073242187784,-0.0008428420959148381,0.28347716960597324,2.8347716960597325e-06,-724.4435524704193,1084.012975248671,False
2006-03-23,344.0021972656334,350.4151901571848,0.003440021972656334,0.0035041519015718476,-6.412992891551369,-6.412992891551369e-05,-730.8565453619706,1084.012975248671,False
2006-03-24,88.5004882812491,71.82456122851396,0.0008850048828124911,0.0007182456122851395,16.675927052735148,0.00016675927052735146,-714.1806183092355,1084.012975248671,False
2006-03-27,-210.00048828125026,-198.52689271932712,-0.0021000048828125027,-0.001985268927193271,-11.473595561923133,-0.00011473595561923133,-725.6542138711586,1084.012975248671,False
2006-03-28,360.4978027343767,322.9187642927885,0.003604978027343767,0.003229187642927885,37.57903844158818,0.0003757903844158818,-688.0751754295704,1084.012975248671,False
2006-03-29,248.50048828124963,247.38319615158215,0.002485004882812496,0.0024738319615158215,1.1172921296674758,1.1172921296674759e-05,-686.957883299903,1084.012975248671,False
2006-03-30,-145.9997558593741,-162.99191190888777,-0.001459997558593741,-0.0016299191190888777,16.99215604951368,0.0001699215604951368,-669.9657272503893,1084.012975248671,False
2006-03-31,216.99951171874642,215.98021748324092,0.0021699951171874642,0.002159802174832409,1.0192942355054981,1.0192942355054982e-05,-668.9464330148837,1084.012975248671,False
2006-04-03,137.0009765624994,139.11787150772324,0.0013700097656249941,0.0013911787150772323,-2.1168949452238337,-2.1168949452238338e-05,-671.0633279601076,1084.012975248671,False
2006-04-04,186.00048828124773,178.76469907003548,0.0018600048828124772,0.0017876469907003548,7.23578921121225,7.23578921121225e-05,-663.8275387488953,1084.012975248671,False
2006-04-05,208.49853515624628,199.03075071442328,0.002084985351562463,0.0019903075071442326,9.467784441823,9.467784441822999e-05,-654.3597543070723,1084.012975248671,False
2006-04-06,-402.49999999999915,-391.5204339837026,-0.004024999999999991,-0.003915204339837026,-10.97956601629653,-0.00010979566016296531,-665.3393203233688,1084.012975248671,False
2006-04-07,188.49951171875057,178.9205765617568,0.0018849951171875058,0.0017892057656175681,9.578935156993765,9.578935156993765e-05,-655.760385166375,1084.012975248671,False
2006-04-10,-194.00048828124844,-210.6750601933639,-0.0019400048828124843,-0.002106750601933639,16.674571912115454,0.00016674571912115454,-639.0858132542596,1084.012975248671,False
2006-04-11,33.50048828125037,44.415009773510036,0.0003350048828125037,0.0004441500977351004,-10.914521492259667,-0.00010914521492259666,-650.0003347465192,1084.012975248671,False
2006-04-12,-15.248535156253997,-10.352996256629936,-0.00015248535156253996,-0.00010352996256629936,-4.895538899624061,-4.895538899624061e-05,-654.8958736461433,1084.012975248671,False
2006-04-13,464.74853515625176,466.2942135668509,0.004647485351562518,0.004662942135668509,-1.5456784105991233,-1.5456784105991232e-05,-656.4415520567425,1084.012975248671,False
2006-04-17,572.0000000000008,634.4168914951251,0.005720000000000008,0.006344168914951251,-62.41689149512433,-0.0006241689149512433,-718.8584435518668,1084.012975248671,False
2006-04-18,281.7514648437516,280.8412763263158,0.002817514648437516,0.0028084127632631577,0.9101885174358131,9.101885174358131e-06,-717.948255034431,1084.012975248671,False
2006-04-19,-255.7504882812489,-191.59808119156443,-0.002557504882812489,-0.0019159808119156444,-64.15240708968446,-0.0006415240708968446,-782.1006621241154,1084.012975248671,False
2006-04-20,203.50048828125045,153.9516727239939,0.0020350048828125045,0.0015395167272399392,49.548815557256546,0.0004954881555725654,-732.5518465668588,1084.012975248671,False
2006-04-21,-252.00195312500202,-193.6221157499521,-0.00252001953125002,-0.001936221157499521,-58.37983737504993,-0.0005837983737504993,-790.9316839419087,1084.012975248671,False
2006-04-24,167.0009765624965,117.0694852832695,0.001670009765624965,0.001170694852832695,49.931491279227004,0.00049931491279227,-741.0001926626817,1084.012975248671,False
2006-04-25,138.50097656250048,113.30735897284302,0.0013850097656250048,0.0011330735897284302,25.193617589657464,0.0002519361758965746,-715.8065750730242,1084.012975248671,False
2006-04-26,39.49853515624738,48.411147823735064,0.0003949853515624738,0.0004841114782373506,-8.912612667487686,-8.912612667487686e-05,-724.7191877405119,1084.012975248671,False
2006-04-27,313.0014648437544,306.80766115028,0.0031300146484375437,0.0030680766115028,6.193803693474365,6.193803693474365e-05,-718.5253840470375,1084.012975248671,False
2006-04-28,-170.00048828125065,-170.23619943721712,-0.0017000048828125064,-0.0017023619943721713,0.2357111559664702,2.357111559664702e-06,-718.2896728910711,1084.012975248671,False
2006-05-01,337.7490234375006,338.7490295839567,0.0033774902343750063,0.003387490295839567,-1.0000061464560872,-1.0000061464560872e-05,-719.2896790375271,1084.012975248671,False
2006-05-02,-115.24804687500216,-114.10239922309023,-0.0011524804687500217,-0.0011410239922309024,-1.1456476519119292,-1.1456476519119292e-05,-720.4353266894391,1084.012975248671,False
2006-05-03,506.2500000000108,496.52438790513156,0.005062500000000108,0.0049652438790513155,9.725612094879239,9.725612094879238e-05,-710.7097145945598,1084.012975248671,False
2006-05-04,458.99853515625233,424.40796671607666,0.0045899853515625234,0.004244079667160766,34.59056844017567,0.0003459056844017567,-676.1191461543842,1084.012975248671,False
2006-05-05,-90.75048828125158,-81.66629406174586,-0.0009075048828125157,-0.0008166629406174586,-9.084194219505719,-9.084194219505718e-05,-685.2033403738899,1084.012975248671,False
2006-05-08,444.0019531250001,477.2433639720078,0.004440019531250001,0.004772433639720078,-33.24141084700767,-0.00033241410847007673,-718.4447512208976,1084.012975248671,False
2006-05-09,-133.50048828125034,-123.99179349598755,-0.0013350048828125033,-0.0012399179349598755,-9.50869478526279,-9.50869478526279e-05,-727.9534460061604,1084.012975248671,False
2006-05-10,92.00097656250026,15.823381968550422,0.0009200097656250026,0.0001582338196855042,76.17759459394983,0.0007617759459394983,-651.7758514122106,1084.012975248671,False
2006-05-11,-324.0007324218748,-344.52518538017364,-0.003240007324218748,-0.003445251853801736,20.524452958298866,0.00020524452958298867,-631.2513984539117,1084.012975248671,False
2006-05-12,-555.4985351562523,-451.15409467967794,-0.005554985351562523,-0.0045115409467967795,-104.34444047657433,-0.0010434444047657434,-735.595838930486,1084.012975248671,False
2006-05-15,-7.250976562497783,-1.5682397627365958,-7.250976562497782e-05,-1.568239762736596e-05,-5.682736799761187,-5.682736799761187e-05,-741.2785757302472,1084.012975248671,False
2006-05-16,-386.99951171874795,-447.5248108856516,-0.0038699951171874795,-0.004475248108856516,60.525299166903665,0.0006052529916690366,-680.7532765633435,1084.012975248671,False
2006-05-17,-298.0004882812506,-366.82160287529763,-0.0029800048828125063,-0.0036682160287529763,68.821114594047,0.00068821114594047,-611.9321619692965,1084.012975248671,False
2006-05-18,-362.9980468749976,-263.79764507191595,-0.003629980468749976,-0.0026379764507191597,-99.20040180308166,-0.0009920040180308165,-711.1325637723783,1084.012975248671,False
2006-05-19,-188.0004882812492,-195.37615751769025,-0.001880004882812492,-0.0019537615751769022,7.375669236441041,7.375669236441041e-05,-703.7568945359372,1084.012975248671,False
2006-05-22,152.000000000002,129.23901163322958,0.0015200000000000198,0.0012923901163322958,22.76098836677241,0.0002276098836677241,-680.9959061691649,1084.012975248671,False
2006-05-23,-122.9995117187515,-246.73056107615608,-0.0012299951171875151,-0.0024673056107615606,123.73104935740457,0.0012373104935740457,-557.2648568117603,1084.012975248671,False
2006-05-24,426.00000000000233,456.956286611736,0.004260000000000023,0.00456956286611736,-30.956286611733674,-0.00030956286611733675,-588.2211434234939,1084.012975248671,False
2006-05-25,76.74999999999798,87.18528765958801,0.0007674999999999798,0.0008718528765958801,-10.435287659590031,-0.00010435287659590031,-598.6564310830839,1084.012975248671,False
2006-05-26,-328.50195312499966,-358.61812338393935,-0.0032850195312499964,-0.0035861812338393935,30.11617025893969,0.0003011617025893969,-568.5402608241443,1084.012975248671,False
2006-05-30,-151.99999999999744,-189.87513405639595,-0.0015199999999999745,-0.0018987513405639596,37.87513405639851,0.0003787513405639851,-530.6651267677457,1084.012975248671,False
2006-05-31,61.000000000002245,21.69097356935373,0.0006100000000000224,0.0002169097356935373,39.309026430648515,0.00039309026430648514,-491.35610033709725,1084.012975248671,False
2006-06-01,100.00000000000067,111.73928099235336,0.0010000000000000067,0.0011173928099235337,-11.73928099235269,-0.0001173928099235269,-503.09538132944994,1084.012975248671,False
2006-06-02,-33.498535156252956,-104.61269701947651,-0.00033498535156252957,-0.001046126970194765,71.11416186322356,0.0007111416186322356,-431.9812194662264,1084.012975248671,False
2006-06-05,-290.50000000000125,-241.99472365306337,-0.0029050000000000126,-0.0024199472365306336,-48.505276346937876,-0.0004850527634693788,-480.48649581316425,1084.012975248671,False
2006-06-06,-148.49975585937545,-170.57718090515618,-0.0014849975585937546,-0.0017057718090515619,22.07742504578073,0.0002207742504578073,-458.4090707673835,1084.012975248671,False
2006-06-07,-417.0009765625001,-436.24404871307325,-0.0041700097656250015,-0.004362440487130733,19.24307215057314,0.0001924307215057314,-439.1659986168104,1084.012975248671,False
2006-06-08,-96.9999999999988,-111.7582752880517,-0.000969999999999988,-0.001117582752880517,14.7582752880529,0.000147582752880529,-424.40772332875747,1084.012975248671,False
2006-06-09,-331.0000000000012,-365.8071699061452,-0.003310000000000012,-0.003658071699061452,34.807169906144,0.00034807169906143996,-389.6005534226135,1084.012975248671,False
2006-06-12,-1529.5000000000011,-1307.4750174326937,-0.015295000000000012,-0.013074750174326936,-222.02498256730746,-0.0022202498256730747,-611.625535989921,1084.012975248671,False
2006-06-13,117.24951171874616,142.95535470465373,0.0011724951171874617,0.0014295535470465373,-25.705842985907566,-0.00025705842985907564,-637.3313789758286,1084.012975248671,False
2006-06-14,591.0004882812538,583.8565111054778,0.0059100048828125374,0.005838565111054778,7.1439771757759445,7.143977175775944e-05,-630.1874018000526,1084.012975248671,False
2006-06-15,228.00048828124778,226.6135435467775,0.002280004882812478,0.002266135435467775,1.3869447344702905,1.3869447344702906e-05,-628.8004570655823,1084.012975248671,False
2006-06-16,-93.00048828125037,-131.51756529791166,-0.0009300048828125037,-0.0013151756529791165,38.51707701666129,0.0003851707701666129,-590.2833800489211,1084.012975248671,False
2006-06-19,211.99951171875065,172.24384613296647,0.0021199951171875066,0.0017224384613296648,39.755665585784186,0.00039755665585784186,-550.5277144631369,1084.012975248671,False
2006-06-20,345.5,337.9100626800165,0.003455,0.003379100626800165,7.589937319983505,7.589937319983505e-05,-542.9377771431534,1084.012975248671,False
2006-06-21,-127.99975585937496,-139.2681804415909,-0.0012799975585937495,-0.001392681804415909,11.268424582215957,0.00011268424582215956,-531.6693525609375,1084.012975248671,False
2006-06-22,31.99951171874978,31.898765270501688,0.00031999511718749777,0.0003189876527050169,0.10074644824809198,1.00746448248092e-06,-531.5686061126894,1084.012975248671,False
2006-06-23,4.0014648437486615,-6.668076531892215,4.0014648437486614e-05,-6.668076531892215e-05,10.669541375640875,0.00010669541375640875,-520.8990647370485,1084.012975248671,False
2006-06-26,-202.00146484374955,-195.0838159189408,-0.0020200146484374956,-0.0019508381591894078,-6.917648924808759,-6.917648924808759e-05,-527.8167136618573,1084.012975248671,False
2006-06-27,-17.00048828124897,-39.37308881253874,-0.0001700048828124897,-0.0003937308881253874,22.37260053128977,0.0002237260053128977,-505.44411313056753,1084.012975248671,False
2006-06-28,346.000488281252,336.22094109847035,0.0034600048828125197,0.0033622094109847034,9.779547182781641,9.779547182781641e-05,-495.6645659477859,1084.012975248671,False
2006-06-29,541.9995117187481,449.48362779373605,0.005419995117187481,0.00449483627793736,92.51588392501202,0.0009251588392501202,-403.14868202277387,1084.012975248671,False
2006-06-30,137.0007324218735,101.41687772199464,0.0013700073242187349,0.0010141687772199464,35.583854699878856,0.0003558385469987886,-367.564827322895,1084.012975248671,False
2006-07-03,-42.50000000000051,-41.00220984490673,-0.0004250000000000051,-0.0004100220984490673,-1.4977901550937816,-1.4977901550937816e-05,-369.06261747798874,1084.012975248671,False
2006-07-05,65.99975585937355,67.5376162071813,0.0006599975585937355,0.000675376162071813,-1.5378603478077508,-1.537860347807751e-05,-370.6004778257965,1084.012975248671,False
2006-07-06,-14.999999999999766,-15.367966117674575,-0.00014999999999999766,-0.00015367966117674575,0.36796611767480947,3.6796611767480947e-06,-370.23251170812165,1084.012975248671,False
2006-07-07,-173.99902343749994,-189.76357319120942,-0.0017399902343749995,-0.0018976357319120942,15.764549753709474,0.00015764549753709473,-354.4679619544122,1084.012975248671,False
2006-07-10,184.50000000000142,246.04505275904657,0.0018450000000000142,0.0024604505275904655,-61.54505275904515,-0.0006154505275904515,-416.0130147134573,1084.012975248671,False
2006-07-11,24.499755859375107,-2.3939712884156137,0.00024499755859375106,-2.3939712884156138e-05,26.89372714779072,0.00026893727147790723,-389.1192875656666,1084.012975248671,False
2006-07-12,-76.00048828124991,-114.54183456520006,-0.0007600048828124991,-0.0011454183456520006,38.54134628395015,0.00038541346283950146,-350.57794128171645,1084.012975248671,False
2006-07-13,183.49951171874824,173.38914260646476,0.0018349951171874824,0.0017338914260646475,10.110369112283479,0.0001011036911228348,-340.46757216943297,1084.012975248671,False
2006-07-14,-129.49975585937568,-140.1638873654925,-0.0012949975585937567,-0.001401638873654925,10.664131506116831,0.00010664131506116831,-329.8034406633161,1084.012975248671,False
2006-07-17,-106.25024414062436,-103.3174290613874,-0.0010625024414062437,-0.001033174290613874,-2.93281507923696,-2.93281507923696e-05,-332.73625574255306,1084.012975248671,False
2006-07-18,324.5004882812474,333.45816322220924,0.003245004882812474,0.0033345816322220925,-8.957674940961851,-8.957674940961852e-05,-341.6939306835149,1084.012975248671,False
2006-07-19,-103.00048828125023,-113.69161421334519,-0.0010300048828125023,-0.001136916142133452,10.691125932094963,0.00010691125932094962,-331.00280475141994,1084.012975248671,False
2006-07-20,-186.9992675781253,-206.73357692788736,-0.0018699926757812532,-0.0020673357692788737,19.734309349762043,0.00019734309349762042,-311.2684954016579,1084.012975248671,False
2006-07-21,62.99999999999899,41.41215645020236,0.0006299999999999899,0.0004141215645020236,21.58784354979663,0.0002158784354979663,-289.6806518518613,1084.012975248671,False
2006-07-24,47.99926757812444,75.81586740515397,0.0004799926757812444,0.0007581586740515396,-27.816599827029528,-0.0002781659982702953,-317.4972516788908,1084.012975248671,False
2006-07-25,78.00048828124969,66.88290141590883,0.0007800048828124969,0.0006688290141590883,11.117586865340854,0.00011117586865340854,-306.37966481354994,1084.012975248671,False
2006-07-26,211.99951171874756,199.9729789483156,0.0021199951171874754,0.001999729789483156,12.026532770431942,0.00012026532770431942,-294.35313204311797,1084.012975248671,False
2006-07-27,130.00048828124716,128.36195699811464,0.0013000048828124716,0.0012836195699811464,1.6385312831325223,1.6385312831325223e-05,-292.71460075998544,1084.012975248671,False
2006-07-28,-20.000000000001002,-21.89162462480287,-0.00020000000000001,-0.00021891624624802868,1.8916246248018673,1.8916246248018673e-05,-290.8229761351836,1084.012975248671,False
2006-07-31,360.0000000000014,408.9937646101839,0.003600000000000014,0.004089937646101839,-48.993764610182495,-0.000489937646101825,-339.8167407453661,1084.012975248671,False
2006-08-01,250.50097656250426,241.77613099779452,0.002505009765625043,0.0024177613099779453,8.724845564709739,8.724845564709739e-05,-331.09189518065637,1084.012975248671,False
2006-08-02,-119.00195312500085,-142.4479541946337,-0.0011900195312500085,-0.001424479541946337,23.446001069632842,0.00023446001069632843,-307.6458941110235,1084.012975248671,False
2006-08-03,-19.99999999999857,-23.876608839446053,-0.00019999999999998567,-0.00023876608839446054,3.876608839447485,3.8766088394474846e-05,-303.769285271576,1084.012975248671,False
2006-08-04,104.9999999999977,114.38482118480034,0.001049999999999977,0.0011438482118480034,-9.384821184802647,-9.384821184802647e-05,-313.15410645637866,1084.012975248671,False
2006-08-07,-168.49853515624878,-164.58666218038238,-0.0016849853515624878,-0.0016458666218038237,-3.9118729758664017,-3.9118729758664014e-05,-317.06597943224506,1084.012975248671,False
2006-08-08,93.4985351562525,88.70549391503809,0.000934985351562525,0.0008870549391503809,4.793041241214411,4.7930412412144105e-05,-312.2729381910307,1084.012975248671,False
2006-08-09,-430.0000000000055,-367.24551451303364,-0.0043000000000000555,-0.0036724551451303364,-62.75448548697187,-0.0006275448548697187,-375.02742367800255,1084.012975248671,False
2006-08-10,-92.74951171875043,-84.51788559575606,-0.0009274951171875042,-0.0008451788559575605,-8.23162612299437,-8.231626122994371e-05,-383.25904980099693,1084.012975248671,False
2006-08-11,-103.99926757812098,-93.0558109556595,-0.0010399926757812099,-0.000930558109556595,-10.943456622461483,-0.00010943456622461483,-394.20250642345843,1084.012975248671,False
2006-08-14,347.49926757812545,326.76124317884774,0.0034749926757812544,0.0032676124317884774,20.73802439927772,0.0002073802439927772,-373.4644820241807,1084.012975248671,False
2006-08-15,121.99951171874844,178.93195494522354,0.0012199951171874843,0.0017893195494522354,-56.9324432264751,-0.000569324432264751,-430.39692525065584,1084.012975248671,False
2006-08-16,-253.99902343749764,-319.6706212688309,-0.0025399902343749762,-0.0031967062126883094,65.67159783133329,0.0006567159783133329,-364.7253274193225,1084.012975248671,False
2006-08-17,18.000488281248025,15.167923612527623,0.00018000488281248026,0.00015167923612527623,2.8325646687204014,2.8325646687204015e-05,-361.8927627506021,1084.012975248671,False
2006-08-18,333.7499999999988,302.74949676021623,0.003337499999999988,0.0030274949676021624,31.000503239782574,0.00031000503239782577,-330.89225951081954,1084.012975248671,False
2006-08-21,-27.75146484374785,-27.321902114119688,-0.0002775146484374785,-0.00027321902114119687,-0.429562729628163,-4.29562729628163e-06,-331.3218222404477,1084.012975248671,False
2006-08-22,-190.50000000000216,-183.62549967017623,-0.0019050000000000217,-0.0018362549967017622,-6.874500329825935,-6.874500329825935e-05,-338.19632257027365,1084.012975248671,False
2006-08-23,-180.74999999999764,-204.05759525827395,-0.0018074999999999764,-0.0020405759525827395,23.307595258276308,0.0002330759525827631,-314.88872731199734,1084.012975248671,False
2006-08-24,128.00146484374898,118.49454556340653,0.0012800146484374898,0.0011849454556340654,9.506919280342444,9.506919280342444e-05,-305.3818080316549,1084.012975248671,False
2006-08-25,19.49926757812061,4.644944723999409,0.0001949926757812061,4.6449447239994085e-05,14.8543228541212,0.000148543228541212,-290.52748517753366,1084.012975248671,False
2006-08-28,-66.24853515625026,-85.54368108716318,-0.0006624853515625025,-0.0008554368108716318,19.295145930912923,0.00019295145930912924,-271.23233924662077,1084.012975248671,False
2006-08-29,243.99999999999727,212.23298637739725,0.0024399999999999726,0.0021223298637739725,31.767013622600018,0.0003176701362260002,-239.46532562402075,1084.012975248671,False
2006-08-30,169.49951171874784,204.46451680442087,0.0016949951171874784,0.0020446451680442086,-34.96500508567303,-0.0003496500508567303,-274.43033070969375,1084.012975248671,False
2006-08-31,108.00048828125361,100.66498337179281,0.001080004882812536,0.0010066498337179281,7.335504909460795,7.335504909460795e-05,-267.09482580023297,1084.012975248671,False
2006-09-01,458.99780273437307,387.0721387732356,0.00458997802734373,0.0038707213877323563,71.92566396113745,0.0007192566396113744,-195.16916183909552,1084.012975248671,False
2006-09-05,-227.2497558593759,-267.3416660541121,-0.002272497558593759,-0.0026734166605411214,40.091910194736215,0.00040091910194736213,-155.0772516443593,1084.012975248671,False
2006-09-06,-403.0004882812503,-402.2824756738345,-0.004030004882812503,-0.004022824756738345,-0.7180126074158011,-7.180126074158011e-06,-155.7952642517751,1084.012975248671,False
2006-09-07,-30.999755859372385,-58.286517831775726,-0.00030999755859372385,-0.0005828651783177573,27.28676197240334,0.0002728676197240334,-128.50850227937178,1084.012975248671,False
2006-09-08,-381.25000000000085,-323.97120776281497,-0.0038125000000000086,-0.0032397120776281496,-57.27879223718588,-0.0005727879223718589,-185.78729451655767,1084.012975248671,False
2006-09-11,235.00000000000057,221.3528209539477,0.0023500000000000057,0.002213528209539477,13.647179046052855,0.00013647179046052856,-172.1401154705048,1084.012975248671,False
2006-09-12,57.49999999999848,55.5420889560542,0.0005749999999999848,0.000555420889560542,1.9579110439442786,1.9579110439442785e-05,-170.18220442656053,1084.012975248671,False
2006-09-13,-95.50048828125063,-54.18458633355026,-0.0009550048828125062,-0.0005418458633355026,-41.31590194770037,-0.0004131590194770037,-211.49810637426089,1084.012975248671,False
2006-09-14,25.00000000000349,30.876390784410365,0.00025000000000003486,0.00030876390784410364,-5.876390784406876,-5.876390784406876e-05,-217.37449715866777,1084.012975248671,False
2006-09-15,128.00048828124596,91.94429558573238,0.0012800048828124596,0.0009194429558573238,36.05619269551359,0.0003605619269551359,-181.31830446315416,1084.012975248671,False
2006-09-18,-152.24975585937364,-120.55022396842341,-0.0015224975585937364,-0.001205502239684234,-31.699531890950226,-0.00031699531890950225,-213.0178363541044,1084.012975248671,False
2006-09-19,119.99999999999987,111.91683780027205,0.0011999999999999988,0.0011191683780027205,8.083162199727823,8.083162199727824e-05,-204.93467415437658,1084.012975248671,False
2006-09-20,-72.75024414062784,-75.54512182428462,-0.0007275024414062784,-0.0007554512182428462,2.794877683656779,2.7948776836567788e-05,-202.1397964707198,1084.012975248671,False
2006-09-21,7.249755859374176,-16.160892069195064,7.249755859374176e-05,-0.00016160892069195065,23.41064792856924,0.0002341064792856924,-178.72914854215057,1084.012975248671,False
2006-09-22,151.25000000000207,150.91545324024867,0.0015125000000000208,0.0015091545324024866,0.3345467597534082,3.345467597534082e-06,-178.39460178239716,1084.012975248671,False
2006-09-25,67.00073242187318,86.41987694472336,0.0006700073242187319,0.0008641987694472335,-19.419144522850175,-0.00019419144522850174,-197.81374630524732,1084.012975248671,False
2006-09-26,74.49951171875199,49.95253145916185,0.0007449951171875199,0.0004995253145916185,24.546980259590143,0.0002454698025959014,-173.26676604565716,1084.012975248671,False
2006-09-27,63.49975585937244,34.763713364050695,0.0006349975585937244,0.00034763713364050695,28.736042495321747,0.0002873604249532175,-144.5307235503354,1084.012975248671,False
2006-09-28,-88.99951171874935,-59.270442424062935,-0.0008899951171874934,-0.0005927044242406294,-29.72906929468641,-0.00029729069294686414,-174.25979284502182,1084.012975248671,False
2006-09-29,-59.000244140623764,-46.91677310959039,-0.0005900024414062377,-0.00046916773109590386,-12.083471031033376,-0.00012083471031033376,-186.3432638760552,1084.012975248671,False
2006-10-02,-150.50048828125344,-59.43276102445832,-0.0015050048828125343,-0.0005943276102445832,-91.06772725679511,-0.0009106772725679511,-277.4109911328503,1084.012975248671,False
2006-10-03,462.0007324218731,506.6726590307163,0.0046200073242187315,0.005066726590307163,-44.671926608843194,-0.00044671926608843193,-322.0829177416935,1084.012975248671,False
2006-10-04,118.99926757812388,82.4998833111994,0.0011899926757812389,0.000824998833111994,36.49938426692448,0.0003649938426692448,-285.583533474769,1084.012975248671,False
2006-10-05,-23.999511718751048,-27.103125680761593,-0.0002399951171875105,-0.00027103125680761594,3.103613962010545,3.1036139620105454e-05,-282.47991951275844,1084.012975248671,False
2006-10-06,82.49999999999886,57.76578073208281,0.0008249999999999886,0.0005776578073208281,24.734219267916053,0.00024734219267916055,-257.7457002448424,1084.012975248671,False
2006-10-09,-35.99975585937355,-12.933993116351271,-0.0003599975585937355,-0.00012933993116351271,-23.06576274302228,-0.0002306576274302228,-280.8114629878647,1084.012975248671,False
2006-10-10,-21.00073242187442,-18.950096609828755,-0.0002100073242187442,-0.00018950096609828755,-2.050635812045666,-2.050635812045666e-05,-282.8620987999103,1084.012975248671,False
2006-10-11,319.2504882812478,317.960145319477,0.0031925048828124777,0.00317960145319477,1.2903429617707616,1.2903429617707617e-05,-281.57175583813955,1084.012975248671,False
2006-10-12,164.5002441406237,115.36719982402605,0.0016450024414062369,0.0011536719982402604,49.13304431659765,0.0004913304431659765,-232.4387115215419,1084.012975248671,False
2006-10-13,99.49926757812334,75.72800718136588,0.0009949926757812334,0.0007572800718136588,23.771260396757455,0.00023771260396757455,-208.66745112478446,1084.012975248671,False
2006-10-16,-155.74999999999793,-134.3032281821566,-0.0015574999999999793,-0.001343032281821566,-21.446771817841324,-0.00021446771817841323,-230.1142229426258,1084.012975248671,False
2006-10-17,-8.249023437501162,-1.9831053439645707,-8.249023437501162e-05,-1.9831053439645708e-05,-6.265918093536591,-6.26591809353659e-05,-236.38014103616237,1084.012975248671,False
2006-10-18,149.49902343749704,102.87954480192208,0.0014949902343749705,0.0010287954480192208,46.619478635574964,0.00046619478635574963,-189.76066240058742,1084.012975248671,False
2006-10-19,-57.74975585937301,-29.981448764948706,-0.0005774975585937301,-0.00029981448764948706,-27.768307094424305,-0.000277683070944243,-217.52896949501172,1084.012975248671,False
2006-10-20,11.500000000001975,47.81042508166543,0.00011500000000001975,0.0004781042508166543,-36.31042508166345,-0.00036310425081663455,-253.83939457667518,1084.012975248671,False
2006-10-23,90.50073242187588,71.23472739683902,0.0009050073242187588,0.0007123472739683902,19.26600502503686,0.0001926600502503686,-234.57338955163831,1084.012975248671,False
2006-10-24,127.99951171874842,108.9689346558142,0.0012799951171874842,0.001089689346558142,19.030577062934228,0.00019030577062934228,-215.5428124887041,1084.012975248671,False
2006-10-25,171.24999999999994,127.82397735082772,0.0017124999999999994,0.0012782397735082772,43.426022649172225,0.00043426022649172225,-172.11678983953186,1084.012975248671,False
2006-10-26,-154.75048828125017,-150.24914145972733,-0.0015475048828125016,-0.0015024914145972733,-4.501346821522844,-4.501346821522844e-05,-176.6181366610547,1084.012975248671,False
2006-10-27,52.00024414062742,27.053897797951233,0.0005200024414062743,0.00027053897797951233,24.94634634267619,0.0002494634634267619,-151.67179031837853,1084.012975248671,False
2006-10-30,6.000244140624368,6.205633643449422,6.0002441406243675e-05,6.205633643449423e-05,-0.20538950282505475,-2.0538950282505474e-06,-151.87717982120358,1084.012975248671,False
2006-10-31,-221.00000000000165,-219.8468150103924,-0.0022100000000000166,-0.002198468150103924,-1.153184989609258,-1.1531849896092582e-05,-153.03036481081284,1084.012975248671,False
2006-11-01,47.749999999999275,54.587057689065574,0.00047749999999999274,0.0005458705768906557,-6.837057689066299,-6.837057689066299e-05,-159.86742249987913,1084.012975248671,False
2006-11-02,-43.49951171875426,-43.724643584232986,-0.00043499511718754263,-0.00043724643584232986,0.22513186547872266,2.2513186547872266e-06,-159.6422906344004,1084.012975248671,False
2006-11-03,406.99853515625375,429.909043991311,0.004069985351562538,0.0042990904399131105,-22.91050883505727,-0.00022910508835057272,-182.55279946945768,1084.012975248671,False
2006-11-06,78.25146484374937,93.41234731902206,0.0007825146484374938,0.0009341234731902207,-15.160882475272686,-0.00015160882475272685,-197.71368194473035,1084.012975248671,False
2006-11-07,-343.5009765625038,-319.7724658546148,-0.003435009765625038,-0.0031977246585461476,-23.72851070788903,-0.0002372851070788903,-221.44219265261938,1084.012975248671,False
2006-11-08,87.50000000000158,127.55146428951636,0.0008750000000000157,0.0012755146428951637,-40.05146428951478,-0.00040051464289514785,-261.4936569421342,1084.012975248671,False
2006-11-09,-114.74902343749953,-100.48831804618948,-0.0011474902343749952,-0.0010048831804618948,-14.260705391310054,-0.00014260705391310054,-275.75436233344425,1084.012975248671,False
2006-11-10,37.99902343749726,14.751888572215364,0.0003799902343749726,0.00014751888572215365,23.247134865281893,0.00023247134865281893,-252.50722746816234,1084.012975248671,False
2006-11-13,127.99999999999928,99.27918360622887,0.0012799999999999927,0.0009927918360622887,28.720816393770406,0.0002872081639377041,-223.78641107439194,1084.012975248671,False
2006-11-14,-16.250000000000497,-18.63423681040325,-0.00016250000000000498,-0.0001863423681040325,2.3842368104027543,2.384236810402754e-05,-221.4021742639892,1084.012975248671,False
2006-11-15,-9.999267578124194,-29.10752315345649,-9.999267578124193e-05,-0.0002910752315345649,19.108255575332297,0.00019108255575332297,-202.2939186886569,1084.012975248671,False
2006-11-16,-1.500732421876215,1.5031658149607212,-1.500732421876215e-05,1.5031658149607212e-05,-3.0038982368369362,-3.0038982368369363e-05,-205.29781692549383,1084.012975248671,False
2006-11-17,-1.9960937500020322,-2.512906919013167,-1.9960937500020322e-05,-2.512906919013167e-05,0.5168131690111348,5.1681316901113485e-06,-204.7810037564827,1084.012975248671,False
2006-11-20,282.49902343749534,263.0672308165811,0.0028249902343749534,0.002630672308165811,19.431792620914223,0.00019431792620914224,-185.34921113556848,1084.012975248671,False
2006-11-21,45.998535156249694,41.061399541359556,0.00045998535156249694,0.00041061399541359557,4.937135614890138,4.9371356148901385e-05,-180.41207552067834,1084.012975248671,False
2006-11-22,285.00292968749756,331.2301565889311,0.0028500292968749756,0.003312301565889311,-46.22722690143354,-0.0004622722690143354,-226.63930242211188,1084.012975248671,False
2006-11-24,-277.5000000000009,-213.20809329450879,-0.0027750000000000092,-0.0021320809329450877,-64.29190670549212,-0.0006429190670549212,-290.931209127604,1084.012975248671,False
2006-11-27,-3.0009765624994102,4.102834367893795,-3.00097656249941e-05,4.102834367893795e-05,-7.103810930393205,-7.103810930393206e-05,-298.0350200579972,1084.012975248671,False
2006-11-28,274.9985351562518,254.67399209244147,0.002749985351562518,0.0025467399209244145,20.324543063810353,0.00020324543063810353,-277.7104769941868,1084.012975248671,False
2006-11-29,334.75292968750125,354.93306634842384,0.0033475292968750125,0.0035493306634842383,-20.180136660922585,-0.00020180136660922585,-297.8906136551094,1084.012975248671,False
2006-11-30,-61.000488281249474,-71.94388753091323,-0.0006100048828124947,-0.0007194388753091323,10.943399249663756,0.00010943399249663756,-286.94721440544566,1084.012975248671,False
2006-12-01,100.25097656249837,114.49566229446992,0.0010025097656249837,0.0011449566229446992,-14.244685731971558,-0.00014244685731971558,-301.19190013741724,1084.012975248671,False
2006-12-04,-51.0000000000009,-45.78499997853226,-0.000510000000000009,-0.00045784999978532265,-5.21500002146864,-5.21500002146864e-05,-306.4069001588859,1084.012975248671,False
2006-12-05,-263.4999999999998,-304.06212531441815,-0.0026349999999999976,-0.0030406212531441817,40.56212531441838,0.00040562125314418384,-265.8447748444675,1084.012975248671,False
2006-12-06,-68.50024414062626,-68.21054669784398,-0.0006850024414062627,-0.0006821054669784398,-0.28969744278228404,-2.8969744278228405e-06,-266.13447228724976,1084.012975248671,False
2006-12-07,-94.74999999999943,-117.4625457015026,-0.0009474999999999944,-0.001174625457015026,22.712545701503174,0.00022712545701503175,-243.42192658574658,1084.012975248671,False
2006-12-08,40.99999999999889,66.77065380331915,0.00040999999999998893,0.0006677065380331915,-25.770653803320258,-0.0002577065380332026,-269.19258038906685,1084.012975248671,False
2006-12-11,-154.74951171875045,-155.07659339537489,-0.0015474951171875046,-0.001550765933953749,0.3270816766244309,3.270816766244309e-06,-268.86549871244245,1084.012975248671,False
2006-12-12,31.49999999999953,35.20366952426584,0.0003149999999999953,0.00035203669524265844,-3.70366952426631,-3.70366952426631e-05,-272.5691682367088,1084.012975248671,False
2006-12-13,181.99999999999937,152.37549396315083,0.0018199999999999937,0.0015237549396315082,29.624506036848544,0.00029624506036848543,-242.94466219986023,1084.012975248671,False
2006-12-14,15.999999999999378,-38.59031857920847,0.00015999999999999378,-0.00038590318579208473,54.590318579207846,0.0005459031857920785,-188.3543436206524,1084.012975248671,False
2006-12-15,-54.49999999999988,-61.11424590395724,-0.0005449999999999988,-0.0006111424590395724,6.614245903957361,6.614245903957361e-05,-181.74009771669503,1084.012975248671,False
2006-12-18,-8.000000000000783,36.12969065862072,-8.000000000000784e-05,0.0003612969065862072,-44.1296906586215,-0.000441296906586215,-225.86978837531655,1084.012975248671,False
2006-12-19,-26.999999999999364,-37.81527197923677,-0.00026999999999999366,-0.00037815271979236767,10.815271979237405,0.00010815271979237405,-215.05451639607915,1084.012975248671,False
2006-12-20,-104.99999999999994,-114.96773597434154,-0.0010499999999999995,-0.0011496773597434154,9.967735974341593,9.967735974341594e-05,-205.08678042173756,1084.012975248671,False
2006-12-21,-217.49999999999977,-222.27081996728887,-0.0021749999999999977,-0.002222708199672889,4.7708199672891,4.7708199672891e-05,-200.31596045444846,1084.012975248671,False
2006-12-22,99.49999999999828,138.38374006877837,0.0009949999999999829,0.0013838374006877837,-38.883740068780085,-0.00038883740068780087,-239.19970052322856,1084.012975248671,False
2006-12-26,87.25000000000256,111.76194243476702,0.0008725000000000256,0.0011176194243476703,-24.511942434764464,-0.00024511942434764467,-263.71164295799304,1084.012975248671,False
2006-12-27,-25.750000000000057,5.1543186186183725,-0.00025750000000000057,5.1543186186183723e-05,-30.90431861861843,-0.0003090431861861843,-294.6159615766115,1084.012975248671,False
2006-12-28,-3.250488281248254,-15.435006082109519,-3.250488281248254e-05,-0.0001543500608210952,12.184517800861265,0.00012184517800861265,-282.4314437757502,1084.012975248671,False
2006-12-29,-240.75219726562145,-214.1837222636297,-0.0024075219726562144,-0.002141837222636297,-26.568475001991743,-0.00026568475001991746,-308.999918777742,1084.012975248671,False
2007-01-03,213.24999999999972,188.5257013223945,0.0021324999999999972,0.001885257013223945,24.72429867760522,0.0002472429867760522,-284.27562010013673,1084.012975248671,False
2007-01-04,-84.99999999999912,-211.5819750741833,-0.0008499999999999912,-0.002115819750741833,126.58197507418419,0.0012658197507418418,-157.69364502595255,1084.012975248671,False
2007-01-05,67.50000000000053,65.51094886089601,0.0006750000000000052,0.0006551094886089601,1.989051139104518,1.989051139104518e-05,-155.70459388684804,1084.012975248671,False
2007-01-08,101.99975585936929,66.76496397419557,0.001019997558593693,0.0006676496397419557,35.23479188517372,0.0003523479188517372,-120.46980200167432,1084.012975248671,False
2007-01-09,67.99999999999856,60.22414088037489,0.0006799999999999856,0.0006022414088037489,7.775859119623675,7.775859119623675e-05,-112.69394288205065,1084.012975248671,False
2007-01-10,63.000000000001116,68.95522498526262,0.0006300000000000112,0.0006895522498526262,-5.955224985261502,-5.955224985261502e-05,-118.64916786731214,1084.012975248671,False
2007-01-11,73.74999999999937,145.33024436075638,0.0007374999999999937,0.0014533024436075637,-71.580244360757,-0.00071580244360757,-190.22941222806915,1084.012975248671,False
2007-01-12,-33.00000000000084,-36.53310692188601,-0.0003300000000000084,-0.00036533106921886007,3.533106921885171,3.533106921885171e-05,-186.69630530618397,1084.012975248671,False
2007-01-16,-29.00000000000013,13.141412875982994,-0.0002900000000000013,0.00013141412875982995,-42.14141287598312,-0.0004214141287598312,-228.8377181821671,1084.012975248671,False
2007-01-17,-153.00000000000017,-169.85855612553274,-0.0015300000000000016,-0.0016985855612553274,16.858556125532573,0.00016858556125532573,-211.97916205663452,1084.012975248671,False
2007-01-18,18.49999999999912,64.47149777063487,0.0001849999999999912,0.0006447149777063487,-45.97149777063575,-0.0004597149777063575,-257.9506598272703,1084.012975248671,False
2007-01-19,-103.250976562501,-100.21327743085342,-0.00103250976562501,-0.0010021327743085342,-3.037699131647571,-3.037699131647571e-05,-260.98835895891784,1084.012975248671,False
2007-01-22,1.4999999999987068,61.70703973714035,1.4999999999987068e-05,0.0006170703973714035,-60.20703973714164,-0.0006020703973714164,-321.1953986960595,1084.012975248671,False
2007-01-23,302.7492675781239,344.5757795367307,0.0030274926757812392,0.003445757795367307,-41.82651195860677,-0.00041826511958606774,-363.02191065466627,1084.012975248671,False
2007-01-24,-182.99951171874923,-204.61381252271053,-0.0018299951171874924,-0.0020461381252271055,21.6143008039613,0.000216143008039613,-341.40760985070494,1084.012975248671,False
2007-01-25,-206.75073242187455,-197.41832751727654,-0.0020675073242187453,-0.0019741832751727652,-9.332404904598008,-9.332404904598008e-05,-350.7400147553029,1084.012975248671,False
2007-01-26,23.749999999995516,22.16310737515667,0.00023749999999995517,0.0002216310737515667,1.5868926248388462,1.5868926248388462e-05,-349.15312213046406,1084.012975248671,False
2007-01-29,209.99999999999355,207.82078514804613,0.0020999999999999357,0.002078207851480461,2.179214851947421,2.179214851947421e-05,-346.97390727851666,1084.012975248671,False
2007-01-30,408.50219726562455,410.656738471519,0.004085021972656246,0.0041065673847151905,-2.154541205894475,-2.154541205894475e-05,-349.12844848441114,1084.012975248671,False
2007-01-31,145.24951171874795,133.98738152332388,0.0014524951171874796,0.0013398738152332387,11.262130195424078,0.00011262130195424078,-337.86631828898703,1084.012975248671,False
2007-02-01,-194.74999999999994,-201.0672917092487,-0.0019474999999999994,-0.0020106729170924873,6.317291709248764,6.317291709248764e-05,-331.54902657973827,1084.012975248671,False
2007-02-02,92.24951171875004,73.13956381935068,0.0009224951171875004,0.0007313956381935069,19.10994789939936,0.00019109947899399358,-312.4390786803389,1084.012975248671,False
2007-02-05,45.49951171875028,47.19021209067574,0.0004549951171875028,0.00047190212090675743,-1.690700371925466,-1.690700371925466e-05,-314.1297790522644,1084.012975248671,False
2007-02-06,62.499511718748835,78.91626261404829,0.0006249951171874884,0.0007891626261404829,-16.416750895299458,-0.00016416750895299458,-330.54652994756384,1084.012975248671,False
2007-02-07,153.75000000000304,143.57536487851007,0.0015375000000000304,0.0014357536487851006,10.174635121492969,0.0001017463512149297,-320.37189482607084,1084.012975248671,False
2007-02-08,76.50000000000124,79.17201199514244,0.0007650000000000124,0.0007917201199514244,-2.6720119951412045,-2.6720119951412045e-05,-323.04390682121203,1084.012975248671,False
2007-02-09,-138.9999999999999,-115.10668348743837,-0.0013899999999999989,-0.0011510668348743837,-23.893316512561512,-0.00023893316512561512,-346.93722333377355,1084.012975248671,False
2007-02-12,238.50146484375435,262.84982652912106,0.0023850146484375436,0.0026284982652912104,-24.34836168536671,-0.00024348361685366712,-371.2855850191403,1084.012975248671,False
2007-02-13,310.49999999999966,280.4349186624728,0.0031049999999999967,0.002804349186624728,30.065081337526863,0.00030065081337526863,-341.2205036816134,1084.012975248671,False
2007-02-14,42.50048828124956,36.717013003926894,0.0004250048828124956,0.00036717013003926895,5.783475277322665,5.7834752773226656e-05,-335.43702840429074,1084.012975248671,False
2007-02-15,24.49707031250118,27.316393632626827,0.0002449707031250118,0.0002731639363262683,-2.8193233201256476,-2.8193233201256475e-05,-338.2563517244164,1084.012975248671,False
2007-02-16,-294.2478027343734,-280.8325223320907,-0.002942478027343734,-0.0028083252233209073,-13.41528040228269,-0.0001341528040228269,-351.6716321266991,1084.012975248671,False
2007-02-20,452.7500000000007,352.63925136191096,0.004527500000000007,0.0035263925136191096,100.11074863808972,0.0010011074863808971,-251.56088348860936,1084.012975248671,False
2007-02-21,10.25000000000237,0.9492718171063608,0.0001025000000000237,9.492718171063609e-06,9.300728182896009,9.300728182896008e-05,-242.26015530571334,1084.012975248671,False
2007-02-22,-45.50097656249971,-37.44706691842143,-0.0004550097656249971,-0.0003744706691842143,-8.053909644078281,-8.053909644078282e-05,-250.31406494979163,1084.012975248671,False
2007-02-23,20.499511718749076,32.744532097849074,0.00020499511718749077,0.00032744532097849074,-12.245020379099998,-0.00012245020379099997,-262.5590853288916,1084.012975248671,False
2007-02-26,-2006.7495117187507,-2170.7060849148024,-0.020067495117187507,-0.021707060849148023,163.95657319605175,0.0016395657319605175,-98.60251213283988,1084.012975248671,False
2007-02-27,-165.2490234375001,-197.26797754062585,-0.0016524902343750011,-0.0019726797754062585,32.018954103125736,0.00032018954103125736,-66.58355802971414,1084.012975248671,False
2007-02-28,-176.00024414062725,-196.52477655889132,-0.0017600024414062725,-0.0019652477655889133,20.524532418264073,0.00020524532418264072,-46.05902561145007,1084.012975248671,False
2007-03-01,-1120.0000000000018,-1044.8539926243775,-0.011200000000000019,-0.010448539926243774,-75.14600737562432,-0.0007514600737562432,-121.20503298707439,1084.012975248671,False
2007-03-02,-351.5002441406273,-309.9669741924671,-0.003515002441406273,-0.0030996697419246708,-41.53326994816018,-0.00041533269948160185,-162.73830293523457,1084.012975248671,False
2007-03-05,598.7499999999989,609.6555247584832,0.0059874999999999885,0.006096555247584832,-10.905524758484376,-0.00010905524758484376,-173.64382769371895,1084.012975248671,False
2007-03-06,107.75146484375115,89.43655303687407,0.0010775146484375115,0.0008943655303687407,18.314911806877078,0.0001831491180687708,-155.32891588684186,1084.012975248671,False
2007-03-07,234.9995117187507,250.92191756879774,0.002349995117187507,0.0025092191756879772,-15.922405850047028,-0.00015922405850047027,-171.25132173688888,1084.012975248671,False
2007-03-08,-80.99999999999763,-85.25695864062187,-0.0008099999999999763,-0.0008525695864062188,4.256958640624248,4.256958640624248e-05,-166.99436309626464,1084.012975248671,False
2007-03-09,15.998535156249421,3.700403998303649,0.0001599853515624942,3.7004039983036494e-05,12.298131157945772,0.00012298131157945772,-154.69623193831887,1084.012975248671,False
2007-03-12,-502.7470703125004,-447.4023210813494,-0.0050274707031250036,-0.004474023210813494,-55.34474923115101,-0.0005534474923115101,-210.0409811694699,1084.012975248671,False
2007-03-13,-110.25073242187273,-140.02297084680478,-0.0011025073242187274,-0.001400229708468048,29.772238424932056,0.00029772238424932056,-180.26874274453783,1084.012975248671,False
2007-03-14,93.24951171874925,80.28509937836992,0.0009324951171874924,0.0008028509937836992,12.964412340379326,0.00012964412340379325,-167.30433040415852,1084.012975248671,False
2007-03-15,112.00097656249854,107.7891127692287,0.0011200097656249854,0.001077891127692287,4.211863793269842,4.211863793269842e-05,-163.09246661088866,1084.012975248671,False
2007-03-16,313.4980468749967,342.89541732352586,0.003134980468749967,0.0034289541732352587,-29.39737044852916,-0.0002939737044852916,-192.48983705941782,1084.012975248671,False
2007-03-19,201.7521972656261,206.06208070113672,0.002017521972656261,0.002060620807011367,-4.3098834355106135,-4.3098834355106137e-05,-196.79972049492844,1084.012975248671,False
2007-03-20,300.4999999999985,316.689493428696,0.003004999999999985,0.00316689493428696,-16.18949342869746,-0.0001618949342869746,-212.9892139236259,1084.012975248671,False
2007-03-21,113.49853515625375,96.77281925864547,0.0011349853515625376,0.0009677281925864547,16.725715897608282,0.00016725715897608281,-196.2634980260176,1084.012975248671,False
2007-03-22,-132.50048828124764,-139.47471523484424,-0.0013250048828124764,-0.0013947471523484425,6.974226953596599,6.974226953596599e-05,-189.289271072421,1084.012975248671,False
2007-03-23,132.7519531250009,108.36425819760123,0.0013275195312500091,0.0010836425819760124,24.38769492739968,0.00024387694927399678,-164.90157614502132,1084.012975248671,False
2007-03-26,-131.25048828124767,-115.12346771005755,-0.0013125048828124767,-0.0011512346771005756,-16.127020571190116,-0.00016127020571190116,-181.02859671621144,1084.012975248671,False
2007-03-27,-269.00146484374744,-214.74870734847642,-0.0026900146484374744,-0.0021474870734847643,-54.25275749527103,-0.0005425275749527102,-235.28135421148247,1084.012975248671,False
2007-03-28,-80.4985351562529,-78.63294764244657,-0.000804985351562529,-0.0007863294764244656,-1.8655875138063323,-1.865587513806332e-05,-237.1469417252888,1084.012975248671,False
2007-03-29,28.500488281253933,25.545753614764493,0.0002850048828125393,0.00025545753614764495,2.95473466648944,2.95473466648944e-05,-234.19220705879937,1084.012975248671,False
2007-03-30,113.49999999999669,99.59732872458923,0.001134999999999967,0.0009959732872458923,13.902671275407457,0.00013902671275407456,-220.2895357833919,1084.012975248671,False
2007-04-02,293.4990234375032,252.14394206229014,0.0029349902343750317,0.0025214394206229014,41.35508137521305,0.00041355081375213045,-178.93445440817885,1084.012975248671,False
2007-04-03,246.24853515625233,205.2940563371995,0.0024624853515625234,0.002052940563371995,40.95447881905284,0.0004095447881905284,-137.979975589126,1084.012975248671,False
2007-04-04,79.2499999999997,65.89067967492832,0.000792499999999997,0.0006589067967492832,13.35932032507138,0.0001335932032507138,-124.62065526405463,1084.012975248671,False
2007-04-05,-41.00000000000091,-42.96818857813597,-0.0004100000000000091,-0.00042968188578135973,1.968188578135063,1.968188578135063e-05,-122.65246668591956,1084.012975248671,False
2007-04-09,125.501953125002,136.8868973136323,0.0012550195312500201,0.001368868973136323,-11.384944188630286,-0.00011384944188630286,-134.03741087454983,1084.012975248671,False
2007-04-10,-142.00097656249696,-126.47518399631709,-0.0014200097656249695,-0.0012647518399631708,-15.525792566179874,-0.00015525792566179874,-149.5632034407297,1084.012975248671,False
2007-04-11,40.000000000001165,33.77978738676329,0.0004000000000000117,0.0003377978738676329,6.2202126132378766,6.220212613237876e-05,-143.3429908274918,1084.012975248671,False
2007-04-12,269.49902343749824,317.18485944576423,0.0026949902343749825,0.0031718485944576425,-47.685836008265994,-0.00047685836008265996,-191.0288268357578,1084.012975248671,False
2007-04-13,150.25097656250162,151.83013354996365,0.0015025097656250163,0.0015183013354996364,-1.579156987462028,-1.579156987462028e-05,-192.60798382321983,1084.012975248671,False
2007-04-16,-14.500000000000336,-20.0804855648032,-0.00014500000000000336,-0.000200804855648032,5.580485564802865,5.580485564802865e-05,-187.02749825841695,1084.012975248671,False
2007-04-17,14.248535156248039,19.149521354051846,0.00014248535156248038,0.00019149521354051846,-4.900986197803807,-4.9009861978038065e-05,-191.92848445622076,1084.012975248671,False
2007-04-18,-148.4999999999995,-138.57984771156117,-0.0014849999999999948,-0.0013857984771156117,-9.920152288438317,-9.920152288438317e-05,-201.84863674465907,1084.012975248671,False
2007-04-19,240.74999999999756,239.33359948462066,0.0024074999999999756,0.0023933359948462066,1.4164005153768926,1.4164005153768925e-05,-200.43223622928218,1084.012975248671,False
2007-04-20,-54.74951171874932,-41.85472556925274,-0.0005474951171874932,-0.00041854725569252744,-12.894786149496575,-0.00012894786149496575,-213.32702237877876,1084.012975248671,False
2007-04-23,-112.9999999999997,-140.2620496853555,-0.0011299999999999971,-0.0014026204968535549,27.26204968535579,0.0002726204968535579,-186.064972693423,1084.012975248671,False
2007-04-24,272.74902343749824,239.55607024289927,0.0027274902343749825,0.0023955607024289927,33.19295319459897,0.0003319295319459897,-152.87201949882402,1084.012975248671,False
2007-04-25,-237.9970703124991,-197.92389089580183,-0.002379970703124991,-0.001979238908958018,-40.07317941669726,-0.00040073179416697256,-192.94519891552127,1084.012975248671,False
2007-04-26,31.999267578126823,48.97145852560097,0.00031999267578126825,0.0004897145852560097,-16.97219094747415,-0.0001697219094747415,-209.91738986299544,1084.012975248671,False
2007-04-27,-278.49853515625153,-244.52202243993358,-0.0027849853515625154,-0.0024452202243993356,-33.976512716317956,-0.0003397651271631796,-243.8939025793134,1084.012975248671,False
2007-04-30,-109.25219726562966,-113.25705589691958,-0.0010925219726562966,-0.0011325705589691959,4.00485863128992,4.0048586312899205e-05,-239.88904394802347,1084.012975248671,False
2007-05-01,188.25097656249318,173.90361800532924,0.0018825097656249318,0.0017390361800532924,14.347358557163943,0.00014347358557163944,-225.54168539085953,1084.012975248671,False
2007-05-02,366.9978027343719,372.85020705978195,0.003669978027343719,0.0037285020705978195,-5.8524043254100775,-5.852404325410077e-05,-231.3940897162696,1084.012975248671,False
2007-05-03,174.00097656249838,180.30428025954532,0.0017400097656249838,0.0018030428025954531,-6.3033036970469425,-6.303303697046943e-05,-237.69739341331655,1084.012975248671,False
2007-05-04,6.999023437500714,11.493833038779226,6.999023437500714e-05,0.00011493833038779226,-4.4948096012785115,-4.4948096012785115e-05,-242.19220301459507,1084.012975248671,False
2007-05-07,-124.99999999999929,-130.78436177641822,-0.0012499999999999929,-0.0013078436177641822,5.784361776418933,5.784361776418933e-05,-236.40784123817613,1084.012975248671,False
2007-05-08,-90.24707031250432,-78.11464118131084,-0.0009024707031250432,-0.0007811464118131085,-12.132429131193476,-0.00012132429131193476,-248.5402703693696,1084.012975248671,False
2007-05-09,-649.2500000000011,-567.3724010662739,-0.006492500000000011,-0.00567372401066274,-81.8775989337272,-0.000818775989337272,-330.41786930309684,1084.012975248671,False
2007-05-10,218.9985351562515,205.10098443791134,0.002189985351562515,0.0020510098443791134,13.89755071834017,0.0001389755071834017,-316.52031858475664,1084.012975248671,False
2007-05-11,-146.99902343749818,-146.1016169194261,-0.0014699902343749819,-0.0014610161691942611,-0.8974065180720743,-8.974065180720743e-06,-317.41772510282874,1084.012975248671,False
2007-05-14,54.25073242187318,50.01698318107641,0.0005425073242187318,0.0005001698318107641,4.233749240796769,4.233749240796769e-05,-313.18397586203196,1084.012975248671,False
2007-05-15,-22.500000000001563,-5.6003316420196825,-0.00022500000000001563,-5.6003316420196826e-05,-16.89966835798188,-0.00016899668357981881,-330.08364422001387,1084.012975248671,False
2007-05-16,-215.25097656250057,-215.34705887767075,-0.0021525097656250056,-0.0021534705887767073,0.09608231517017884,9.608231517017884e-07,-329.9875619048437,1084.012975248671,False
2007-05-17,554.0014648437489,495.61140006958976,0.005540014648437489,0.0049561140006958975,58.3900647741591,0.000583900647741591,-271.5974971306846,1084.012975248671,False
2007-05-18,116.99780273437332,112.97477485592118,0.0011699780273437333,0.0011297477485592118,4.02302787845214,4.02302787845214e-05,-267.57446925223246,1084.012975248671,False
2007-05-21,-106.75073242187037,-110.78795352774587,-0.0010675073242187036,-0.0011078795352774586,4.037221105875503,4.0372211058755026e-05,-263.53724814635694,1084.012975248671,False
2007-05-22,42.25219726562716,44.58174004427447,0.0004225219726562716,0.0004458174004427447,-2.3295427786473084,-2.3295427786473084e-05,-265.86679092500424,1084.012975248671,False
2007-05-23,-405.50146484375114,-447.27782910855905,-0.004055014648437511,-0.004472778291085591,41.77636426480791,0.0004177636426480791,-224.09042666019633,1084.012975248671,False
2007-05-24,90.75000000000216,78.66877486032284,0.0009075000000000216,0.0007866877486032284,12.081225139679319,0.00012081225139679319,-212.00920152051702,1084.012975248671,False
2007-05-25,110.2507324218772,98.6515382228394,0.001102507324218772,0.000986515382228394,11.599194199037797,0.00011599194199037796,-200.4100073214792,1084.012975248671,False
2007-05-29,-1.4992675781255684,5.121377099906979,-1.4992675781255685e-05,5.12137709990698e-05,-6.620644678032548,-6.620644678032547e-05,-207.03065199951175,1084.012975248671,False
2007-05-30,270.5007324218767,255.54891458638372,0.002705007324218767,0.0025554891458638373,14.951817835492989,0.00014951817835492988,-192.07883416401876,1084.012975248671,False
2007-05-31,301.49902343750296,284.78428916276675,0.0030149902343750297,0.0028478428916276677,16.7147342747362,0.00016714734274736202,-175.36409988928256,1084.012975248671,False
2007-06-01,13.500488281251673,14.95726072888031,0.00013500488281251673,0.00014957260728880312,-1.4567724476286372,-1.4567724476286372e-05,-176.82087233691118,1084.012975248671,False
2007-06-04,-135.0021972656259,-134.39267361298283,-0.001350021972656259,-0.0013439267361298284,-0.6095236526430767,-6.095236526430767e-06,-177.43039598955426,1084.012975248671,False
2007-06-05,-231.50000000000105,-263.7273931637615,-0.0023150000000000106,-0.002637273931637615,32.22739316376047,0.00032227393163760466,-145.2030028257938,1084.012975248671,False
2007-06-06,-481.24707031250176,-492.7252858102602,-0.0048124707031250175,-0.004927252858102602,11.478215497758413,0.00011478215497758412,-133.72478732803538,1084.012975248671,False
2007-06-07,-98.2504882812497,-57.59751188689445,-0.000982504882812497,-0.0005759751188689445,-40.65297639435525,-0.0004065297639435525,-174.37776372239063,1084.012975248671,False
2007-06-08,71.49951171874979,43.40123318374907,0.0007149951171874978,0.0004340123318374907,28.098278535000716,0.0002809827853500072,-146.27948518738992,1084.012975248671,False
2007-06-11,-328.00048828125244,-331.279009879833,-0.0032800048828125245,-0.0033127900987983297,3.2785215985805394,3.278521598580539e-05,-143.00096358880938,1084.012975248671,False
2007-06-12,336.5009765624959,337.7025583148145,0.0033650097656249592,0.003377025583148145,-1.2015817523185888,-1.2015817523185888e-05,-144.20254534112797,1084.012975248671,False
2007-06-13,218.2495117187503,212.71481036727593,0.002182495117187503,0.0021271481036727593,5.534701351474382,5.534701351474382e-05,-138.6678439896536,1084.012975248671,False
2007-06-14,106.25048828125219,92.80299072892954,0.0010625048828125218,0.0009280299072892955,13.447497552322645,0.00013447497552322645,-125.22034643733095,1084.012975248671,False
2007-06-15,13.9985351562542,4.3783338544734995,0.00013998535156254199,4.3783338544734995e-05,9.6202013017807,9.620201301780699e-05,-115.60014513555025,1084.012975248671,False
2007-06-18,187.00146484374858,184.90006643521986,0.0018700146484374857,0.0018490006643521986,2.1013984085287234,2.1013984085287234e-05,-113.49874672702153,1084.012975248671,False
2007-06-19,-539.5014648437484,-557.2188784497536,-0.005395014648437484,-0.005572188784497536,17.717413606005152,0.0001771741360600515,-95.78133312101637,1084.012975248671,False
2007-06-20,43.501464843753524,15.663578064691208,0.0004350146484375352,0.00015663578064691207,27.837886779062316,0.0002783788677906232,-67.94344634195406,1084.012975248671,False
2007-06-21,-195.5007324218747,-216.0936812237349,-0.001955007324218747,-0.002160936812237349,20.592948801860217,0.00020592948801860216,-47.35049754009384,1084.012975248671,False
2007-06-22,-85.99926757812509,-80.77992873083903,-0.0008599926757812509,-0.0008077992873083903,-5.219338847286053,-5.2193388472860535e-05,-52.569836387379894,1084.012975248671,False
2007-06-25,-392.2502441406239,-382.56121232896373,-0.003922502441406239,-0.0038256121232896375,-9.689031811660186,-9.689031811660186e-05,-62.25886819904008,1084.012975248671,False
2007-06-26,327.499999999999,381.7889812755185,0.0032749999999999897,0.003817889812755185,-54.28898127551952,-0.0005428898127551951,-116.5478494745596,1084.012975248671,False
2007-06-27,37.999755859377565,16.723458063179358,0.00037999755859377565,0.00016723458063179359,21.276297796198207,0.0002127629779619821,-95.27155167836139,1084.012975248671,False
2007-06-28,-28.499999999998934,-26.98645289084378,-0.00028499999999998936,-0.0002698645289084378,-1.5135471091551551,-1.5135471091551551e-05,-96.78509878751655,1084.012975248671,False
2007-06-29,425.00048828124744,387.33142218775504,0.004250004882812474,0.0038733142218775503,37.669066093492404,0.00037669066093492403,-59.11603269402414,1084.012975248671,False
2007-07-02,-23.750976562497783,-20.791548847879444,-0.00023750976562497784,-0.00020791548847879445,-2.9594277146183394,-2.9594277146183395e-05,-62.075460408642485,1084.012975248671,False
2007-07-03,-30.750488281248895,-22.605010454708104,-0.00030750488281248897,-0.00022605010454708105,-8.145477826540791,-8.145477826540791e-05,-70.22093823518327,1084.012975248671,False
2007-07-05,184.00073242187383,182.34093923398498,0.0018400073242187383,0.0018234093923398499,1.6597931878888517,1.6597931878888515e-05,-68.56114504729442,1084.012975248671,False
2007-07-06,74.99951171875007,47.18186942117523,0.0007499951171875007,0.0004718186942117523,27.817642297574842,0.00027817642297574844,-40.743502749719575,1084.012975248671,False
2007-07-09,-365.4995117187518,-375.19566341302607,-0.0036549951171875182,-0.0037519566341302608,9.69615169427425,9.696151694274249e-05,-31.047351055445326,1084.012975248671,False
2007-07-10,145.99853515625358,125.98285609117639,0.0014599853515625358,0.0012598285609117638,20.015679065077194,0.00020015679065077193,-11.031671990368132,1084.012975248671,False
2007-07-11,585.0021972656228,551.0795036033595,0.0058500219726562285,0.005510795036033595,33.92269366226333,0.0003392269366226333,22.891021671895196,1084.012975248671,False
2007-07-12,46.500000000003325,43.8664745454509,0.00046500000000003326,0.000438664745454509,2.6335254545524265,2.6335254545524264e-05,25.524547126447622,1084.012975248671,False
2007-07-13,-29.000000000003094,-25.939161532072788,-0.00029000000000003096,-0.0002593916153207279,-3.0608384679303065,-3.060838467930306e-05,22.463708658517316,1084.012975248671,False
2007-07-16,21.999267578127025,13.073661339374553,0.00021999267578127026,0.00013073661339374552,8.925606238752472,8.925606238752473e-05,31.389314897269788,1084.012975248671,False
2007-07-17,112.00146484374419,142.42176819674475,0.0011200146484374419,0.0014242176819674475,-30.420303353000563,-0.0003042030335300056,0.9690115442692253,1084.012975248671,False
2007-07-18,235.99804687500034,230.21975371472328,0.0023599804687500035,0.0023021975371472327,5.778293160277059,5.778293160277059e-05,6.747304704546284,1084.012975248671,False
2007-07-19,-130.24804687499827,-83.26161231244316,-0.0013024804687499826,-0.0008326161231244317,-46.986434562555104,-0.00046986434562555103,-40.23912985800882,1084.012975248671,False
2007-07-20,-31.001464843751755,-29.184319961289788,-0.00031001464843751755,-0.0002918431996128979,-1.8171448824619674,-1.8171448824619674e-05,-42.05627474047079,1084.012975248671,False
2007-07-23,-499.4990234375031,-450.9664066590715,-0.004994990234375031,-0.004509664066590715,-48.532616778431645,-0.00048532616778431645,-90.58889151890244,1084.012975248671,False
2007-07-24,-193.50000000000205,-242.52676795216942,-0.0019350000000000205,-0.002425267679521694,49.026767952167376,0.0004902676795216738,-41.56212356673507,1084.012975248671,False
2007-07-25,-743.5000000000002,-788.7680206711548,-0.007435000000000002,-0.007887680206711548,45.268020671154545,0.00045268020671154546,3.7058971044194777,1084.012975248671,False
2007-07-26,-352.00146484374824,-319.3174118467724,-0.0035200146484374822,-0.0031931741184677244,-32.68405299697582,-0.00032684052996975824,-28.978155892556344,1084.012975248671,False
2007-07-27,332.2499999999947,256.5841732302455,0.003322499999999947,0.002565841732302455,75.66582676974923,0.0007566582676974923,46.687670877192886,1084.012975248671,False
2007-07-30,-324.74853515624784,-320.8653241587473,-0.0032474853515624784,-0.003208653241587473,-3.883210997500555,-3.883210997500555e-05,42.80445987969233,1084.012975248671,False
2007-07-31,-43.00073242187472,-25.345616596493954,-0.0004300073242187472,-0.00025345616596493954,-17.65511582538077,-0.00017655115825380768,25.149344054311563,1084.012975248671,False
2007-08-01,137.99853515624386,143.05659687202944,0.0013799853515624387,0.0014305659687202945,-5.058061715785584,-5.058061715785584e-05,20.09128233852598,1084.012975248671,False
2007-08-02,-40.74853515624977,77.59502851250738,-0.0004074853515624977,0.0007759502851250738,-118.34356366875716,-0.0011834356366875716,-98.25228133023117,1084.012975248671,False
2007-08-03,70.00048828124825,70.53392036312408,0.0007000048828124826,0.0007053392036312408,-0.53343208187583,-5.3343208187583e-06,-98.785713412107,1084.012975248671,False
2007-08-06,16.00000000000041,20.52079244836336,0.00016000000000000408,0.00020520792448363358,-4.5207924483629505,-4.5207924483629504e-05,-103.30650586046995,1084.012975248671,False
2007-08-07,277.9999999999999,238.12191962813054,0.002779999999999999,0.0023812191962813054,39.878080371869345,0.00039878080371869343,-63.42842548860061,1084.012975248671,False
2007-08-08,-742.4999999999984,-696.2715972712537,-0.007424999999999984,-0.006962715972712537,-46.228402728744754,-0.00046228402728744756,-109.65682821734536,1084.012975248671,False
2007-08-09,87.99926757812523,65.30770510939227,0.0008799926757812523,0.0006530770510939228,22.691562468732954,0.00022691562468732954,-86.96526574861241,1084.012975248671,False
2007-08-10,13.000976562500128,-0.49670310618875746,0.00013000976562500127,-4.9670310618875744e-06,13.497679668688885,0.00013497679668688885,-73.46758607992352,1084.012975248671,False
2007-08-13,-91.49853515624947,-39.525769369355174,-0.0009149853515624947,-0.00039525769369355175,-51.9727657868943,-0.000519727657868943,-125.44035186681782,1084.012975248671,False
2007-08-14,-72.50000000000003,-42.04308014061106,-0.0007250000000000003,-0.0004204308014061106,-30.456919859388968,-0.0003045691985938897,-155.89727172620678,1084.012975248671,False
2007-08-15,-912.0029296875022,-849.2797641707401,-0.009120029296875021,-0.0084927976417074,-62.72316551676204,-0.0006272316551676204,-218.62043724296882,1084.012975248671,False
2007-08-16,159.50048828125068,171.86780566083507,0.0015950048828125068,0.0017186780566083508,-12.367317379584392,-0.00012367317379584393,-230.9877546225532,1084.012975248671,False
2007-08-17,7.999511718748594,2.2045940573526144,7.999511718748593e-05,2.2045940573526145e-05,5.79491766139598,5.7949176613959796e-05,-225.19283696115724,1084.012975248671,False
2007-08-20,41.00073242187455,23.086672413707827,0.00041000732421874554,0.00023086672413707827,17.914060008166725,0.00017914060008166724,-207.2787769529905,1084.012975248671,False
2007-08-21,75.49999999999855,44.395298416828545,0.0007549999999999855,0.00044395298416828545,31.104701583170005,0.00031104701583170005,-176.1740753698205,1084.012975248671,False
2007-08-22,-14.000488281249986,-15.936371676552891,-0.00014000488281249986,-0.00015936371676552891,1.9358833953029055,1.9358833953029056e-05,-174.2381919745176,1084.012975248671,False
2007-08-23,150.9997558593741,152.78441551887573,0.0015099975585937408,0.0015278441551887572,-1.7846596595016422,-1.7846596595016422e-05,-176.02285163401925,1084.012975248671,False
2007-08-24,-119.74926757812577,-150.64385201886006,-0.0011974926757812576,-0.0015064385201886007,30.89458444073429,0.0003089458444073429,-145.12826719328496,1084.012975248671,False
2007-08-27,-112.50073242187531,-125.39547823780488,-0.001125007324218753,-0.001253954782378049,12.894745815929568,0.00012894745815929568,-132.23352137735537,1084.012975248671,False
2007-08-28,368.25024414062483,356.4738029511073,0.003682502441406248,0.003564738029511073,11.776441189517527,0.00011776441189517527,-120.45708018783785,1084.012975248671,False
2007-08-29,20.00000000000064,21.11407699979209,0.0002000000000000064,0.0002111407699979209,-1.1140769997914504,-1.1140769997914503e-05,-121.5711571876293,1084.012975248671,False
2007-08-30,272.49999999999835,265.3809940082213,0.0027249999999999835,0.002653809940082213,7.119005991777044,7.119005991777044e-05,-114.45215119585225,1084.012975248671,False
2007-08-31,251.99951171874812,253.20071907921684,0.002519995117187481,0.0025320071907921683,-1.2012073604687146,-1.2012073604687145e-05,-115.65335855632097,1084.012975248671,False
2007-09-04,-188.99853515625142,-169.85171487204747,-0.0018899853515625142,-0.0016985171487204746,-19.146820284203955,-0.00019146820284203956,-134.80017884052492,1084.012975248671,False
2007-09-05,417.99707031250074,361.907031751903,0.004179970703125008,0.00361907031751903,56.09003856059775,0.0005609003856059775,-78.71014027992717,1084.012975248671,False
2007-09-06,-81.9990234374998,-8.971585474304518,-0.000819990234374998,-8.971585474304519e-05,-73.02743796319528,-0.0007302743796319529,-151.73757824312247,1084.012975248671,False
2007-09-07,45.499999999996916,44.60286881422518,0.00045499999999996916,0.00044602868814225185,0.8971311857717339,8.97131185771734e-06,-150.84044705735073,1084.012975248671,False
2007-09-10,453.99804687499955,507.47609918935046,0.004539980468749995,0.005074760991893505,-53.47805231435092,-0.0005347805231435092,-204.31849937170165,1084.012975248671,False
2007-09-11,3.001953124999222,6.218704015827952,3.001953124999222e-05,6.218704015827953e-05,-3.21675089082873,-3.21675089082873e-05,-207.53525026253038,1084.012975248671,False
2007-09-12,-57.0014648437504,-57.577408831566814,-0.000570014648437504,-0.0005757740883156682,0.5759439878164159,5.759439878164159e-06,-206.95930627471398,1084.012975248671,False
2007-09-13,1.0004882812523141,0.42166618024521707,1.0004882812523142e-05,4.216661802452171e-06,0.5788221010070971,5.788221010070971e-06,-206.3804841737069,1084.012975248671,False
2007-09-14,-52.50000000000438,-40.37829215069145,-0.0005250000000000438,-0.0004037829215069145,-12.121707849312926,-0.00012121707849312926,-218.5021920230198,1084.012975248671,False
2007-09-17,211.00048828124787,223.90837818972165,0.002110004882812479,0.0022390837818972165,-12.907889908473777,-0.00012907889908473776,-231.41008193149358,1084.012975248671,False
2007-09-18,227.74780273438046,210.04604642816125,0.0022774780273438046,0.0021004604642816125,17.70175630621921,0.0001770175630621921,-213.70832562527437,1084.012975248671,False
2007-09-19,98.50048828124594,121.77270140092477,0.0009850048828124595,0.0012177270140092478,-23.272213119678838,-0.0002327221311967884,-236.9805387449532,1084.012975248671,False
2007-09-20,29.000000000001737,24.535379967536933,0.00029000000000001735,0.00024535379967536935,4.464620032464804,4.464620032464804e-05,-232.5159187124884,1084.012975248671,False
2007-09-21,3.000488281249396,-8.587119817697877,3.000488281249396e-05,-8.587119817697877e-05,11.587608098947273,0.00011587608098947272,-220.92831061354113,1084.012975248671,False
2007-09-24,-20.74999999999679,-26.944499888006458,-0.00020749999999996788,-0.0002694449988800646,6.19449988800967,6.19449988800967e-05,-214.73381072553147,1084.012975248671,False
2007-09-25,106.24853515625409,97.31845878716224,0.001062485351562541,0.0009731845878716225,8.93007636909185,8.93007636909185e-05,-205.80373435643963,1084.012975248671,False
2007-09-26,195.0004882812525,205.38528936506833,0.001950004882812525,0.0020538528936506835,-10.38480108381583,-0.0001038480108381583,-216.18853544025546,1084.012975248671,False
2007-09-27,121.49951171875097,145.07119209567733,0.0012149951171875097,0.0014507119209567732,-23.571680376926366,-0.00023571680376926368,-239.76021581718183,1084.012975248671,False
2007-09-28,309.4995117187489,288.59237514035937,0.003094995117187489,0.0028859237514035937,20.907136578389554,0.00020907136578389554,-218.85307923879228,1084.012975248671,False
2007-10-01,-365.4985351562486,-387.5121399801456,-0.0036549853515624856,-0.003875121399801456,22.013604823897026,0.00022013604823897025,-196.83947441489525,1084.012975248671,False
2007-10-02,-72.99975585937341,-72.14532192633658,-0.0007299975585937341,-0.0007214532192633658,-0.8544339330368302,-8.544339330368302e-06,-197.69390834793208,1084.012975248671,False
2007-10-03,181.49951171875298,198.03461406875923,0.0018149951171875299,0.0019803461406875922,-16.53510235000624,-0.0001653510235000624,-214.22901069793832,1084.012975248671,False
2007-10-04,256.00048828124994,235.6306892525482,0.0025600048828124996,0.0023563068925254818,20.36979902870175,0.00020369799028701748,-193.85921166923657,1084.012975248671,False
2007-10-05,-190.99999999999793,-207.67429399866106,-0.0019099999999999792,-0.0020767429399866106,16.67429399866313,0.0001667429399866313,-177.18491767057344,1084.012975248671,False
2007-10-08,183.498046875002,150.52399250424557,0.0018349804687500199,0.0015052399250424556,32.97405437075642,0.0003297405437075642,-144.21086329981702,1084.012975248671,False
2007-10-09,47.50048828125344,56.06680151212377,0.0004750048828125344,0.0005606680151212377,-8.566313230870328,-8.566313230870328e-05,-152.77717653068734,1084.012975248671,False
2007-10-10,55.00146484375118,122.01493370278725,0.0005500146484375118,0.0012201493370278724,-67.01346885903607,-0.0006701346885903607,-219.7906453897234,1084.012975248671,False
2007-10-11,99.49951171875156,122.76217252870615,0.0009949951171875156,0.0012276217252870614,-23.262660809954582,-0.0002326266080995458,-243.053306199678,1084.012975248671,False
2007-10-12,-11.499511718748643,15.437088055332708,-0.00011499511718748643,0.00015437088055332709,-26.93659977408135,-0.0002693659977408135,-269.98990597375933,1084.012975248671,False
2007-10-15,-140.50146484374864,-113.47510864261892,-0.0014050146484374864,-0.0011347510864261892,-27.026356201129715,-0.00027026356201129717,-297.01626217488905,1084.012975248671,False
2007-10-16,182.00146484375298,190.0910503781949,0.0018200146484375298,0.001900910503781949,-8.089585534441909,-8.089585534441909e-05,-305.105847709331,1084.012975248671,False
2007-10-17,124.2507324218792,120.02340957553726,0.0012425073242187921,0.0012002340957553725,4.2273228463419485,4.227322846341949e-05,-300.878524862989,1084.012975248671,False
2007-10-18,-733.5009765624992,-728.4467927656374,-0.007335009765624992,-0.007284467927656374,-5.054183796861821,-5.054183796861821e-05,-305.93270865985085,1084.012975248671,False
2007-10-19,-169.25073242187807,-173.2276505531761,-0.0016925073242187807,-0.0017322765055317608,3.976918131298021,3.9769181312980205e-05,-301.9557905285528,1084.012975248671,False
2007-10-22,262.49951171874545,241.95960092001795,0.0026249951171874544,0.0024195960092001797,20.539910798727504,0.00020539910798727504,-281.4158797298253,1084.012975248671,False
2007-10-23,-3.5000000000026645,10.177672216209025,-3.500000000002665e-05,0.00010177672216209026,-13.67767221621169,-0.0001367767221621169,-295.093551946037,1084.012975248671,False
2007-10-24,103.5004882812479,135.84635426806065,0.001035004882812479,0.0013584635426806065,-32.345865986812754,-0.0003234586598681275,-327.4394179328498,1084.012975248671,False
2007-10-25,445.50000000000466,443.1793328561076,0.004455000000000047,0.004431793328561076,2.320667143897083,2.320667143897083e-05,-325.1187507889527,1084.012975248671,False
2007-10-26,89.99975585937223,91.92184567112862,0.0008999975585937223,0.0009192184567112863,-1.9220898117563934,-1.9220898117563933e-05,-327.0408406007091,1084.012975248671,False
2007-10-29,-146.49853515625009,-137.14710660063525,-0.001464985351562501,-0.0013714710660063525,-9.35142855561483,-9.351428555614831e-05,-336.3922691563239,1084.012975248671,False
2007-10-30,314.5000000000011,280.3623502694669,0.0031450000000000106,0.002803623502694669,34.13764973053418,0.00034137649730534177,-302.2546194257897,1084.012975248671,False
2007-10-31,-302.2495117187507,-192.22996612365586,-0.0030224951171875067,-0.0019222996612365585,-110.01954559509483,-0.0011001954559509482,-412.27416502088454,1084.012975248671,False
2007-11-01,468.7478027343722,388.84634253391954,0.004687478027343722,0.0038884634253391953,79.90146020045268,0.0007990146020045268,-332.37270482043186,1084.012975248671,False
2007-11-02,-58.49951171875224,-29.547902072628688,-0.0005849951171875224,-0.00029547902072628687,-28.95160964612355,-0.0002895160964612355,-361.3243144665554,1084.012975248671,False
2007-11-05,293.49951171875074,292.5086927447825,0.0029349951171875072,0.0029250869274478246,0.9908189739682598,9.908189739682598e-06,-360.33349549258713,1084.012975248671,False
2007-11-06,-215.25024414062378,-48.07568302443564,-0.0021525024414062377,-0.0004807568302443564,-167.17456111618813,-0.0016717456111618814,-527.5080566087753,1084.012975248671,False
2007-11-07,80.00000000000163,-16.764133763596966,0.0008000000000000163,-0.00016764133763596967,96.76413376359861,0.0009676413376359861,-430.7439228451767,1084.012975248671,False
2007-11-08,-183.49853515625082,-215.44915575710738,-0.0018349853515625082,-0.0021544915575710736,31.950620600856553,0.0003195062060085655,-398.79330224432016,1084.012975248671,False
2007-11-09,-644.4999999999991,-788.1420069040269,-0.006444999999999991,-0.007881420069040268,143.64200690402777,0.0014364200690402777,-255.1512953402924,1084.012975248671,False
2007-11-12,436.99926757812614,566.392015356187,0.004369992675781261,0.00566392015356187,-129.39274777806088,-0.0012939274777806088,-384.5440431183533,1084.012975248671,False
2007-11-13,314.00146484375216,233.11091996007528,0.0031400146484375216,0.0023311091996007526,80.89054488367688,0.0008089054488367688,-303.65349823467636,1084.012975248671,False
2007-11-14,-322.0002441406248,-385.9124528196911,-0.0032200024414062475,-0.003859124528196911,63.91220867906634,0.0006391220867906634,-239.74128955561002,1084.012975248671,False
2007-11-15,40.49951171875104,22.582566171206107,0.00040499511718751035,0.00022582566171206107,17.91694554754493,0.00017916945547544931,-221.82434400806508,1084.012975248671,False
2007-11-16,-234.49999999999866,-172.2006599510226,-0.002344999999999987,-0.001722006599510226,-62.29934004897606,-0.0006229934004897607,-284.12368405704115,1084.012975248671,False
2007-11-19,298.0004882812501,258.7947887709963,0.002980004882812501,0.002587947887709963,39.205699510253794,0.0003920569951025379,-244.91798454678735,1084.012975248671,False
2007-11-20,-48.000488281249375,-28.082520217886355,-0.00048000488281249376,-0.00028082520217886356,-19.91796806336302,-0.0001991796806336302,-264.83595261015034,1084.012975248671,False
2007-11-21,630.0019531250034,577.9542994789682,0.006300019531250034,0.005779542994789682,52.0476536460352,0.000520476536460352,-212.78829896411514,1084.012975248671,False
2007-11-23,-112.00073242187469,-121.14298766760584,-0.0011200073242187468,-0.0012114298766760583,9.14225524573115,9.14225524573115e-05,-203.646043718384,1084.012975248671,False
2007-11-26,-119.99999999999787,-100.26039824857605,-0.0011999999999999786,-0.0010026039824857606,-19.739601751421816,-0.00019739601751421815,-223.3856454698058,1084.012975248671,False
2007-11-27,241.00048828124886,214.7735894040492,0.002410004882812489,0.0021477358940404923,26.22689887719966,0.0002622689887719966,-197.15874659260615,1084.012975248671,False
2007-11-28,-49.99999999999929,-65.19097768913659,-0.0004999999999999929,-0.0006519097768913659,15.190977689137299,0.000151909776891373,-181.96776890346885,1084.012975248671,False
2007-11-29,-276.0014648437509,-280.15890249820916,-0.0027600146484375093,-0.0028015890249820916,4.157437654458249,4.1574376544582494e-05,-177.8103312490106,1084.012975248671,False
2007-11-30,-21.999023437502075,6.307574038790591,-0.00021999023437502076,6.30757403879059e-05,-28.306597476292666,-0.00028306597476292667,-206.11692872530327,1084.012975248671,False
2007-12-03,181.49804687500028,158.71358367826252,0.001814980468750003,0.0015871358367826253,22.78446319673776,0.00022784463196737762,-183.3324655285655,1084.012975248671,False
2007-12-04,354.5009765624991,309.9404805049517,0.003545009765624991,0.003099404805049517,44.56049605754737,0.0004456049605754737,-138.77196947101814,1084.012975248671,False
2007-12-05,117.49804687500215,113.79890515450367,0.0011749804687500214,0.0011379890515450367,3.6991417204984742,3.6991417204984744e-05,-135.07282775051965,1084.012975248671,False
2007-12-06,-127.24804687500027,-139.52107331051192,-0.0012724804687500027,-0.0013952107331051192,12.273026435511653,0.00012273026435511653,-122.799801315008,1084.012975248671,False
2007-12-07,406.9985351562434,379.7001759447959,0.0040699853515624345,0.003797001759447959,27.29835921144752,0.0002729835921144752,-95.50144210356048,1084.012975248671,False
2007-12-10,-565.500244140622,-473.76491711693734,-0.005655002441406221,-0.004737649171169373,-91.7353270236847,-0.000917353270236847,-187.23676912724517,1084.012975248671,False
2007-12-11,69.50146484374577,87.59391592323072,0.0006950146484374577,0.0008759391592323072,-18.09245107948496,-0.0001809245107948496,-205.32922020673013,1084.012975248671,False
2007-12-12,-326.0009765625006,-402.222348378852,-0.0032600097656250064,-0.00402222348378852,76.2213718163514,0.000762213718163514,-129.10784839037873,1084.012975248671,False
2007-12-13,-100.5,-111.37848857950686,-0.001005,-0.0011137848857950686,10.878488579506865,0.00010878488579506865,-118.22935981087187,1084.012975248671,False
2007-12-14,-61.99902343750082,-116.1805066022202,-0.0006199902343750082,-0.0011618050660222022,54.18148316471939,0.0005418148316471939,-64.04787664615247,1084.012975248671,False
2007-12-17,211.24951171875196,258.81350624016716,0.0021124951171875195,0.0025881350624016716,-47.5639945214152,-0.000475639945214152,-111.61187116756767,1084.012975248671,False
2007-12-18,-17.000000000002757,-5.442705385857543,-0.00017000000000002758,-5.4427053858575436e-05,-11.557294614145214,-0.00011557294614145213,-123.16916578171288,1084.012975248671,False
2007-12-19,296.5009765625016,322.3031014323915,0.002965009765625016,0.003223031014323915,-25.802124869889894,-0.0002580212486988989,-148.97129065160277,1084.012975248671,False
2007-12-20,553.9990234374999,590.017667172469,0.005539990234374999,0.005900176671724691,-36.018643734969146,-0.0003601864373496915,-184.98993438657192,1084.012975248671,False
2007-12-21,32.49975585937463,46.525505747781004,0.0003249975585937463,0.00046525505747781003,-14.025749888406374,-0.00014025749888406375,-199.0156842749783,1084.012975248671,False
2007-12-24,283.00000000000034,317.996813010232,0.0028300000000000035,0.00317996813010232,-34.996813010231676,-0.00034996813010231676,-234.01249728520997,1084.012975248671,False
2007-12-26,-88.99951171874885,-34.23227088742691,-0.0008899951171874885,-0.00034232270887426906,-54.76724083132194,-0.0005476724083132194,-288.7797381165319,1084.012975248671,False
2007-12-27,205.00048828125236,202.52299214850598,0.0020500048828125234,0.0020252299214850596,2.4774961327463814,2.4774961327463814e-05,-286.3022419837855,1084.012975248671,False
2007-12-28,-128.00073242187557,-123.38139851518936,-0.0012800073242187557,-0.0012338139851518937,-4.619333906686208,-4.619333906686208e-05,-290.92157589047173,1084.012975248671,False
2007-12-31,44.000000000000085,102.70065137294577,0.00044000000000000083,0.0010270065137294576,-58.700651372945686,-0.0005870065137294568,-349.6222272634174,1084.012975248671,False
2008-01-02,117.24975585937626,145.63502398334646,0.0011724975585937626,0.0014563502398334646,-28.385268123970192,-0.00028385268123970193,-378.0074953873876,1084.012975248671,False
2008-01-03,-972.9980468750022,-1027.999524830605,-0.009729980468750022,-0.01027999524830605,55.00147795560281,0.0005500147795560281,-323.0060174317848,1084.012975248671,False
2008-01-04,-120.50146484374923,-121.9399523636531,-0.0012050146484374924,-0.001219399523636531,1.4384875199038731,1.4384875199038731e-05,-321.5675299118809,1084.012975248671,False
2008-01-07,-159.499023437502,-65.79449175587689,-0.00159499023437502,-0.0006579449175587689,-93.7045316816251,-0.000937045316816251,-415.272061593506,1084.012975248671,False
2008-01-08,198.500244140623,233.4876543755652,0.00198500244140623,0.002334876543755652,-34.98741023494219,-0.00034987410234942187,-450.2594718284482,1084.012975248671,False
2008-01-09,349.9980468750027,355.6682469897123,0.003499980468750027,0.003556682469897123,-5.670200114709644,-5.6702001147096436e-05,-455.92967194315787,1084.012975248671,False
2008-01-10,-129.4980468749967,-176.12226549375833,-0.001294980468749967,-0.0017612226549375833,46.62421861876163,0.00046624218618761634,-409.30545332439624,1084.012975248671,False
2008-01-11,231.99902343750043,270.5853317835887,0.0023199902343750043,0.0027058533178358868,-38.58630834608826,-0.0003858630834608826,-447.89176167048447,1084.012975248671,False
2008-01-14,-188.00097656249906,-252.8104186977229,-0.0018800097656249907,-0.002528104186977229,64.80944213522383,0.0006480944213522384,-383.08231953526064,1084.012975248671,False
2008-01-15,-741.9992675781261,-719.7564430230811,-0.007419992675781261,-0.007197564430230811,-22.24282455504499,-0.0002224282455504499,-405.3251440903056,1084.012975248671,False
2008-01-16,-114.99999999999883,-174.7322097138969,-0.0011499999999999883,-0.0017473220971389691,59.73220971389807,0.0005973220971389807,-345.5929343764076,1084.012975248671,False
2008-01-17,-14.998535156247549,-36.4853568874437,-0.0001499853515624755,-0.000364853568874437,21.48682173119615,0.0002148682173119615,-324.10611264521145,1084.012975248671,False
2008-01-18,-33.000732421877444,-109.86904374845895,-0.00033000732421877444,-0.0010986904374845894,76.8683113265815,0.0007686831132658151,-247.23780131862995,1084.012975248671,False
2008-01-22,204.49853515624991,159.32381398326692,0.002044985351562499,0.0015932381398326692,45.174721172983,0.00045174721172982997,-202.06308014564695,1084.012975248671,False
2008-01-23,631.0014648437478,632.4032573429306,0.006310014648437478,0.006324032573429306,-1.4017924991827613,-1.4017924991827613e-05,-203.4648726448297,1084.012975248671,False
2008-01-24,49.000244140625284,43.30269927963187,0.0004900024414062528,0.00043302699279631866,5.697544860993418,5.6975448609934176e-05,-197.7673277838363,1084.012975248671,False
2008-01-25,361.49804687499795,372.1487973455699,0.0036149804687499796,0.003721487973455699,-10.65075047057195,-0.0001065075047057195,-208.41807825440824,1084.012975248671,False
2008-01-28,-12.99999999999859,-11.87039903183614,-0.0001299999999999859,-0.00011870399031836139,-1.1296009681624497,-1.1296009681624497e-05,-209.5476792225707,1084.012975248671,False
2008-01-29,-92.00000000000145,-103.56423630057071,-0.0009200000000000144,-0.0010356423630057071,11.564236300569263,0.00011564236300569263,-197.98344292200144,1084.012975248671,False
2008-01-30,179.00146484374807,206.2895475932495,0.0017900146484374807,0.002062895475932495,-27.288082749501427,-0.00027288082749501427,-225.27152567150287,1084.012975248671,False
2008-01-31,-403.5000000000011,-381.3195798453173,-0.004035000000000011,-0.003813195798453173,-22.18042015468376,-0.0002218042015468376,-247.45194582618663,1084.012975248671,False
2008-02-01,-81.99951171874964,-58.282070570709784,-0.0008199951171874965,-0.0005828207057070979,-23.71744114803986,-0.0002371744114803986,-271.1693869742265,1084.012975248671,False
2008-02-04,-382.00195312499864,-439.10868483505305,-0.0038200195312499863,-0.00439108684835053,57.10673171005442,0.0005710673171005441,-214.06265526417207,1084.012975248671,False
2008-02-05,154.25146484375261,114.58132647345185,0.0015425146484375262,0.0011458132647345185,39.67013837030076,0.00039670138370300764,-174.3925168938713,1084.012975248671,False
2008-02-06,188.75000000000128,192.02847653886494,0.0018875000000000129,0.0019202847653886493,-3.278476538863657,-3.2784765388636574e-05,-177.67099343273495,1084.012975248671,False
2008-02-07,164.99853515624682,225.4219212482083,0.0016499853515624682,0.0022542192124820827,-60.423386091961476,-0.0006042338609196147,-238.09437952469642,1084.012975248671,False
2008-02-08,209.50048828124898,202.90033031385966,0.00209500488281249,0.0020290033031385964,6.600157967389322,6.600157967389322e-05,-231.4942215573071,1084.012975248671,False
2008-02-11,-196.99951171875168,-266.6972395034435,-0.0019699951171875166,-0.002666972395034435,69.6977277846918,0.0006969772778469181,-161.7964937726153,1084.012975248671,False
2008-02-12,-18.0004882812508,-38.567861251646804,-0.00018000488281250799,-0.000385678612516468,20.567372970396004,0.00020567372970396004,-141.22912080221928,1084.012975248671,False
2008-02-13,-34.000732421871106,-52.96535263120907,-0.00034000732421871104,-0.0005296535263120907,18.964620209337966,0.00018964620209337965,-122.26450059288132,1084.012975248671,False
2008-02-14,-140.99853515624986,-148.72145980193554,-0.0014099853515624986,-0.0014872145980193553,7.72292464568568,7.72292464568568e-05,-114.54157594719564,1084.012975248671,False
2008-02-15,473.99902343749915,576.843005099155,0.004739990234374991,0.00576843005099155,-102.84398166165585,-0.0010284398166165584,-217.38555760885149,1084.012975248671,False
2008-02-19,175.5000000000029,136.80153027003848,0.0017550000000000289,0.001368015302700385,38.698469729964415,0.0003869846972996442,-178.68708787888707,1084.012975248671,False
2008-02-20,122.00048828124858,156.12032548963782,0.0012200048828124859,0.0015612032548963782,-34.11983720838924,-0.0003411983720838924,-212.8069250872763,1084.012975248671,False
2008-02-21,1.9995117187525544,-0.4726426578729246,1.9995117187525543e-05,-4.726426578729246e-06,2.472154376625479,2.472154376625479e-05,-210.33477071065084,1084.012975248671,False
2008-02-22,-182.99780273436983,-180.12372291894218,-0.0018299780273436982,-0.0018012372291894218,-2.874079815427649,-2.874079815427649e-05,-213.2088505260785,1084.012975248671,False
2008-02-25,213.00048828125037,222.5995931358217,0.0021300048828125037,0.002225995931358217,-9.599104854571323,-9.599104854571322e-05,-222.80795538064982,1084.012975248671,False
2008-02-26,255.99951171874602,262.8149931244193,0.00255999511718746,0.002628149931244193,-6.8154814056732675,-6.815481405673268e-05,-229.62343678632308,1084.012975248671,False
2008-02-27,130.00000000000284,159.15719804627668,0.0013000000000000283,0.0015915719804627667,-29.157198046273834,-0.00029157198046273836,-258.7806348325969,1084.012975248671,False
2008-02-28,150.0000000000009,191.31627741890821,0.0015000000000000091,0.0019131627741890821,-41.316277418907305,-0.00041316277418907305,-300.0969122515042,1084.012975248671,False
2008-02-29,183.99902343749758,158.21880206783533,0.001839990234374976,0.0015821880206783533,25.780221369662257,0.0002578022136966226,-274.31669088184196,1084.012975248671,False
2008-03-03,-346.5004882812474,-261.49794472736187,-0.003465004882812474,-0.0026149794472736187,-85.00254355388552,-0.0008500254355388551,-359.3192344357275,1084.012975248671,False
2008-03-04,256.00073242187545,308.3928417128479,0.0025600073242187547,0.003083928417128479,-52.39210929097243,-0.0005239210929097243,-411.7113437266999,1084.012975248671,False
2008-03-05,-114.00024414062585,-77.13668060854414,-0.0011400024414062585,-0.0007713668060854413,-36.86356353208171,-0.00036863563532081714,-448.57490725878165,1084.012975248671,False
2008-03-06,-29.000244140625284,-39.396828460870054,-0.00029000244140625284,-0.00039396828460870056,10.39658432024477,0.0001039658432024477,-438.1783229385369,1084.012975248671,False
2008-03-07,-48.000488281248124,-29.542373391232893,-0.00048000488281248123,-0.0002954237339123289,-18.45811489001523,-0.0001845811489001523,-456.6364378285521,1084.012975248671,False
2008-03-10,621.5014648437486,758.1569779429641,0.0062150146484374865,0.007581569779429641,-136.65551309921545,-0.0013665551309921546,-593.2919509277676,1084.012975248671,False
2008-03-11,89.99999999999679,86.54182752847028,0.0008999999999999679,0.0008654182752847028,3.4581724715265096,3.4581724715265094e-05,-589.8337784562411,1084.012975248671,False
2008-03-12,265.9985351562483,265.81170825531086,0.002659985351562483,0.0026581170825531087,0.18682690093743304,1.8682690093743304e-06,-589.6469515553038,1084.012975248671,False
2008-03-13,57.0007324218738,129.065962471029,0.000570007324218738,0.00129065962471029,-72.06523004915519,-0.0007206523004915519,-661.7121816044589,1084.012975248671,False
2008-03-14,61.99951171875199,62.72733884306557,0.0006199951171875199,0.0006272733884306557,-0.7278271243135777,-7.278271243135776e-06,-662.4400087287725,1084.012975248671,False
2008-03-17,453.9990234375018,576.2375454753081,0.004539990234375018,0.005762375454753082,-122.23852203780632,-0.0012223852203780631,-784.6785307665788,1084.012975248671,False
2008-03-18,-1272.4999999999984,-1567.8734364053955,-0.012724999999999985,-0.015678734364053957,295.3734364053971,0.002953734364053971,-489.30509436118166,1084.012975248671,False
2008-03-19,-244.03930664062557,-197.63661250088174,-0.002440393066406256,-0.0019763661250088173,-46.40269413974383,-0.0004640269413974383,-535.7077885009255,1084.012975248671,False
2008-03-20,263.9995117187493,242.554558391099,0.0026399951171874932,0.0024255455839109897,21.444953327650325,0.00021444953327650324,-514.2628351732752,1084.012975248671,False
2008-03-24,326.0009765625018,293.5188665873494,0.003260009765625018,0.002935188665873494,32.48210997515241,0.00032482109975152414,-481.7807251981228,1084.012975248671,False
2008-03-25,141.99951171875168,216.14799580606103,0.0014199951171875167,0.0021614799580606105,-74.14848408730936,-0.0007414848408730935,-555.9292092854322,1084.012975248671,False
2008-03-26,-4.000244140625766,2.9403759610414317,-4.0002441406257656e-05,2.9403759610414316e-05,-6.940620101667197,-6.940620101667197e-05,-562.8698293870993,1084.012975248671,False
2008-03-27,-363.9990234375014,-377.88197896370883,-0.0036399902343750143,-0.0037788197896370885,13.882955526207411,0.00013882955526207412,-548.9868738608919,1084.012975248671,False
2008-03-28,-149.99999999999952,-196.81565062022187,-0.0014999999999999953,-0.0019681565062022186,46.81565062022236,0.0004681565062022236,-502.1712232406696,1084.012975248671,False
2008-03-31,-336.9995117187494,-370.3008118651767,-0.003369995117187494,-0.003703008118651767,33.30130014642731,0.0003330130014642731,-468.86992309424227,1084.012975248671,False
2008-04-01,123.99902343749888,100.67089895606304,0.0012399902343749889,0.0010067089895606303,23.328124481435836,0.00023328124481435835,-445.5417986128064,1084.012975248671,False
2008-04-02,94.00024414062331,110.13121373761399,0.0009400024414062331,0.0011013121373761399,-16.13096959699068,-0.0001613096959699068,-461.6727682097971,1084.012975248671,False
2008-04-03,35.999755859375085,49.18608974020348,0.0003599975585937509,0.0004918608974020347,-13.186333880828393,-0.00013186333880828394,-474.85910209062547,1084.012975248671,False
2008-04-04,272.0019531250003,258.4833789829591,0.002720019531250003,0.002584833789829591,13.518574142041189,0.0001351857414204119,-461.3405279485843,1084.012975248671,False
2008-04-07,-88.00048828124922,-99.97725737874684,-0.0008800048828124921,-0.0009997725737874684,11.976769097497623,0.00011976769097497623,-449.3637588510867,1084.012975248671,False
2008-04-08,160.00000000000054,234.72428253707864,0.0016000000000000055,0.0023472428253707863,-74.7242825370781,-0.000747242825370781,-524.0880413881648,1084.012975248671,False
2008-04-09,-13.999511718749588,5.314906531400254,-0.0001399951171874959,5.314906531400254e-05,-19.314418250149842,-0.00019314418250149842,-543.4024596383147,1084.012975248671,False
2008-04-10,-201.00097656249935,-202.92271144363713,-0.0020100097656249936,-0.002029227114436371,1.9217348811377803,1.9217348811377805e-05,-541.4807247571769,1084.012975248671,False
2008-04-11,13.999023437498028,1.0089225270597453,0.00013999023437498027,1.0089225270597453e-05,12.990100910438283,0.00012990100910438283,-528.4906238467386,1084.012975248671,False
2008-04-14,114.50097656249734,129.7308882093868,0.0011450097656249734,0.0012973088820938678,-15.229911646889448,-0.00015229911646889448,-543.7205354936281,1084.012975248671,False
2008-04-15,1113.000976562496,993.5176755489174,0.011130009765624959,0.009935176755489173,119.48330101357851,0.0011948330101357852,-424.23723448004955,1084.012975248671,False
2008-04-16,-54.000244140625185,-53.77603782700502,-0.0005400024414062519,-0.0005377603782700502,-0.22420631362016508,-2.242063136201651e-06,-424.46144079366974,1084.012975248671,False
2008-04-17,-554.001464843751,-432.6925730378895,-0.0055400146484375105,-0.004326925730378895,-121.30889180586155,-0.0012130889180586154,-545.7703325995312,1084.012975248671,False
2008-04-18,24.00024414062479,22.908045186682553,0.0002400024414062479,0.00022908045186682553,1.092198953942237,1.092198953942237e-05,-544.678133645589,1084.012975248671,False
2008-04-21,151.9995117187466,122.10456543381818,0.0015199951171874658,0.0012210456543381818,29.89494628492841,0.0002989494628492841,-514.7831873606606,1084.012975248671,False
2008-04-22,-323.9990234375007,-246.76810091152774,-0.0032399902343750067,-0.0024676810091152773,-77.23092252597294,-0.0007723092252597295,-592.0141098866335,1084.012975248671,False
2008-04-23,-195.99975585937486,-219.96534686050106,-0.0019599975585937487,-0.0021996534686050105,23.9655910011262,0.000239655910011262,-568.0485188855073,1084.012975248671,False
2008-04-24,2.999267578125134,8.703039317379112,2.9992675781251342e-05,8.703039317379112e-05,-5.703771739253978,-5.703771739253978e-05,-573.7522906247613,1084.012975248671,False
2008-04-25,116.00097656249665,106.29933118380995,0.0011600097656249665,0.0010629933118380995,9.701645378686692,9.701645378686692e-05,-564.0506452460745,1084.012975248671,False
2008-04-28,-373.99902343750057,-318.7697688870431,-0.003739990234375006,-0.003187697688870431,-55.22925455045748,-0.0005522925455045748,-619.2798997965319,1084.012975248671,False
2008-04-29,-117.00073242187443,-122.08479467333706,-0.0011700073242187443,-0.0012208479467333707,5.084062251462626,5.084062251462626e-05,-614.1958375450693,1084.012975248671,False
2008-04-30,-141.99951171874974,-184.16001388634263,-0.0014199951171874974,-0.0018416001388634263,42.16050216759288,0.0004216050216759288,-572.0353353774764,1084.012975248671,False
2008-05-01,70.99975585937382,97.74784987035417,0.0007099975585937382,0.0009774784987035417,-26.748094010980353,-0.00026748094010980354,-598.7834293884567,1084.012975248671,False
2008-05-02,321.9995117187466,253.13313788474161,0.0032199951171874657,0.002531331378847416,68.86637383400497,0.0006886637383400497,-529.9170555544517,1084.012975248671,False
2008-05-05,35.999755859374,46.75509488383743,0.00035999755859374,0.0004675509488383743,-10.755339024463431,-0.00010755339024463431,-540.6723945789151,1084.012975248671,False
2008-05-06,-130.00000000000043,-149.0587454744707,-0.0013000000000000043,-0.001490587454744707,19.05874547447027,0.0001905874547447027,-521.6136491044449,1084.012975248671,False
2008-05-07,218.0004882812527,180.49475979938367,0.0021800048828125272,0.0018049475979938366,37.50572848186903,0.00037505728481869026,-484.1079206225759,1084.012975248671,False
2008-05-08,37.00073242187402,49.609486477756704,0.0003700073242187402,0.000496094864777567,-12.608754055882684,-0.00012608754055882685,-496.71667467845856,1084.012975248671,False
2008-05-09,-18.000488281250682,-31.499780058961147,-0.00018000488281250682,-0.00031499780058961144,13.499291777710464,0.00013499291777710465,-483.2173829007481,1084.012975248671,False
2008-05-12,-459.0014648437507,-392.04081471386326,-0.004590014648437507,-0.003920408147138632,-66.96065012988743,-0.0006696065012988743,-550.1780330306356,1084.012975248671,False
2008-05-13,-68.99975585937332,-67.38255328716181,-0.0006899975585937333,-0.0006738255328716181,-1.6172025722115109,-1.617202572211511e-05,-551.795235602847,1084.012975248671,False
2008-05-14,269.99999999999994,246.5018033131661,0.0026999999999999993,0.0024650180331316613,23.498196686833836,0.00023498196686833837,-528.2970389160132,1084.012975248671,False
2008-05-15,198.50024414062392,251.08444221375657,0.0019850024414062393,0.0025108444221375657,-52.584198073132654,-0.0005258419807313265,-580.8812369891459,1084.012975248671,False
2008-05-16,20.000244140624844,29.96574941886775,0.00020000244140624843,0.0002996574941886775,-9.965505278242905,-9.965505278242904e-05,-590.8467422673888,1084.012975248671,False
2008-05-19,190.49804687499596,129.0672764326394,0.0019049804687499595,0.001290672764326394,61.43077044235656,0.0006143077044235656,-529.4159718250322,1084.012975248671,False
2008-05-20,-95.99975585937537,-115.20922985362668,-0.0009599975585937537,-0.0011520922985362668,19.20947399425131,0.00019209473994251313,-510.2064978307809,1084.012975248671,False
2008-05-21,-98.99926757812379,-146.63960472035998,-0.000989992675781238,-0.0014663960472035998,47.64033714223619,0.0004764033714223619,-462.5661606885447,1084.012975248671,False
2008-05-22,58.50000000000052,74.23770722979452,0.0005850000000000052,0.0007423770722979452,-15.737707229794005,-0.00015737707229794004,-478.3038679183387,1084.012975248671,False
2008-05-23,-288.5004882812505,-155.49521167931954,-0.002885004882812505,-0.0015549521167931954,-133.00527660193097,-0.0013300527660193098,-611.3091445202697,1084.012975248671,False
2008-05-27,-74.00024414062423,-71.77246619225562,-0.0007400024414062423,-0.0007177246619225563,-2.2277779483686118,-2.2277779483686118e-05,-613.5369224686383,1084.012975248671,False
2008-05-28,-430.00097656249943,-297.46838244276245,-0.004300009765624994,-0.0029746838244276244,-132.53259411973698,-0.0013253259411973699,-746.0695165883753,1084.012975248671,False
2008-05-29,122.5004882812527,132.95538133288002,0.001225004882812527,0.0013295538133288002,-10.454893051627323,-0.00010454893051627324,-756.5244096400027,1084.012975248671,False
2008-05-30,-40.99999999999916,7.29626853388622,-0.0004099999999999916,7.29626853388622e-05,-48.29626853388538,-0.00048296268533885384,-804.820678173888,1084.012975248671,False
2008-06-02,-255.99999999999832,-245.46790738285972,-0.0025599999999999833,-0.0024546790738285973,-10.532092617138602,-0.00010532092617138602,-815.3527707910266,1084.012975248671,False
2008-06-03,18.000488281249524,28.07925987228581,0.00018000488281249525,0.0002807925987228581,-10.078771591036286,-0.00010078771591036286,-825.4315423820628,1084.012975248671,False
2008-06-04,534.2490234374986,480.0598380376872,0.0053424902343749865,0.004800598380376872,54.189185399811436,0.0005418918539981144,-771.2423569822514,1084.012975248671,False
2008-06-05,335.00000000000375,110.62623836982334,0.0033500000000000374,0.0011062623836982333,224.3737616301804,0.0022437376163018043,-546.868595352071,1084.012975248671,False
2008-06-06,10.999755859375236,1.1556257718727734,0.00010999755859375236,1.1556257718727734e-05,9.844130087502464,9.844130087502464e-05,-537.0244652645686,1084.012975248671,False
2008-06-09,-567.0004882812511,-523.961194722489,-0.005670004882812512,-0.0052396119472248905,-43.0392935587621,-0.000430392935587621,-580.0637588233307,1084.012975248671,False
2008-06-10,24.00073242187578,-32.03562657055579,0.0002400073242187578,-0.0003203562657055579,56.03635899243157,0.0005603635899243157,-524.0273998308991,1084.012975248671,False
2008-06-11,-96.00024414062511,-113.5367582814835,-0.0009600024414062511,-0.001135367582814835,17.536514140858387,0.00017536514140858387,-506.49088569004067,1084.012975248671,False
2008-06-12,220.99975585937534,253.6306048374689,0.0022099975585937533,0.002536306048374689,-32.63084897809355,-0.0003263084897809355,-539.1217346681342,1084.012975248671,False
2008-06-13,264.0014648437497,295.35107290058164,0.0026400146484374973,0.0029535107290058166,-31.349608056831926,-0.00031349608056831924,-570.4713427249661,1084.012975248671,False
2008-06-16,5.999755859373813,8.576138433759414,5.9997558593738134e-05,8.576138433759415e-05,-2.576382574385601,-2.576382574385601e-05,-573.0477252993517,1084.012975248671,False
2008-06-17,131.99951171874662,139.94673598963536,0.0013199951171874661,0.0013994673598963535,-7.947224270888739,-7.94722427088874e-05,-580.9949495702404,1084.012975248671,False
2008-06-18,328.99902343749903,272.407130475676,0.0032899902343749904,0.00272407130475676,56.59189296182302,0.0005659189296182302,-524.4030566084173,1084.012975248671,False
2008-06-19,-4.999999999999709,-9.74893368726686,-4.999999999999709e-05,-9.74893368726686e-05,4.748933687267151,4.748933687267151e-05,-519.6541229211501,1084.012975248671,False
2008-06-20,-330.0000000000016,-377.1450707799877,-0.003300000000000016,-0.003771450707799877,47.1450707799861,0.000471450707799861,-472.50905214116403,1084.012975248671,False
2008-06-23,-10.249755859374039,0.2630564071061716,-0.00010249755859374039,2.630564071061716e-06,-10.51281226648021,-0.0001051281226648021,-483.0218644076442,1084.012975248671,False
2008-06-24,-39.49853515624981,-7.09467034967242,-0.00039498535156249807,-7.09467034967242e-05,-32.40386480657739,-0.00032403864806577386,-515.4257292142216,1084.012975248671,False
2008-06-25,-183.50073242187534,-127.64236484762347,-0.0018350073242187535,-0.0012764236484762348,-55.85836757425187,-0.0005585836757425188,-571.2840967884736,1084.012975248671,False
2008-06-26,136.50073242187648,104.6853417289684,0.0013650073242187648,0.0010468534172896839,31.815390692908082,0.00031815390692908083,-539.4687060955655,1084.012975248671,False
2008-06-27,-138.49999999999736,-144.58210184298525,-0.0013849999999999735,-0.0014458210184298526,6.082101842987896,6.082101842987896e-05,-533.3866042525776,1084.012975248671,False
2008-06-30,540.7490234375016,548.9151634666415,0.005407490234375016,0.005489151634666415,-8.16614002913991,-8.166140029139911e-05,-541.5527442817175,1084.012975248671,False
2008-07-01,-596.4999999999968,-538.8264032666282,-0.005964999999999969,-0.005388264032666281,-57.67359673336864,-0.0005767359673336864,-599.2263410150862,1084.012975248671,False
2008-07-02,-247.50048828125153,-276.6137630835202,-0.002475004882812515,-0.0027661376308352023,29.113274802268677,0.00029113274802268675,-570.1130662128176,1084.012975248671,False
2008-07-03,-233.24853515625423,-180.60330887174933,-0.0023324853515625426,-0.0018060330887174933,-52.6452262845049,-0.000526452262845049,-622.7582924973225,1084.012975248671,False
2008-07-07,327.4999999999983,360.3697823096042,0.003274999999999983,0.003603697823096042,-32.86978230960591,-0.0003286978230960591,-655.6280748069285,1084.012975248671,False
2008-07-08,-151.50146484374852,-112.96239158470219,-0.0015150146484374852,-0.0011296239158470219,-38.53907325904633,-0.00038539073259046333,-694.1671480659747,1084.012975248671,False
2008-07-09,358.50048828124903,364.9212436982339,0.0035850048828124904,0.0036492124369823394,-6.420755416984889,-6.420755416984889e-05,-700.5879034829596,1084.012975248671,False
2008-07-10,129.49951171874608,27.582304186484734,0.0012949951171874609,0.00027582304186484733,101.91720753226134,0.0010191720753226134,-598.6706959506982,1084.012975248671,False
2008-07-11,-56.00024414062399,3.7608600025274157,-0.0005600024414062399,3.760860002527416e-05,-59.76110414315141,-0.0005976110414315141,-658.4318000938497,1084.012975248671,False
2008-07-14,-138.4999999999997,-128.3522697712249,-0.001384999999999997,-0.0012835226977122491,-10.147730228774776,-0.00010147730228774776,-668.5795303226245,1084.012975248671,False
2008-07-15,340.9999999999957,306.94258079506403,0.003409999999999957,0.00306942580795064,34.05741920493165,0.00034057419204931645,-634.5221111176928,1084.012975248671,False
2008-07-16,142.50000000000148,152.619846808368,0.0014250000000000148,0.0015261984680836802,-10.119846808366532,-0.00010119846808366532,-644.6419579260594,1084.012975248671,False
2008-07-17,-297.9990234375007,-246.87265126145726,-0.002979990234375007,-0.002468726512614573,-51.12637217604342,-0.0005112637217604342,-695.7683301021028,1084.012975248671,False
2008-07-18,108.99902343750313,83.88233580526418,0.0010899902343750312,0.0008388233580526417,25.11668763223895,0.0002511668763223895,-670.6516424698639,1084.012975248671,False
2008-07-21,-331.99902343750006,-322.3985153221922,-0.0033199902343750004,-0.003223985153221922,-9.600508115307832,-9.600508115307832e-05,-680.2521505851716,1084.012975248671,False
2008-07-22,-56.999511718753496,-149.45156832886022,-0.000569995117187535,-0.0014945156832886022,92.45205661010672,0.0009245205661010672,-587.8000939750649,1084.012975248671,False
2008-07-23,-123.00000000000082,-153.3934487675436,-0.0012300000000000082,-0.0015339344876754359,30.393448767542765,0.00030393448767542766,-557.4066452075222,1084.012975248671,False
2008-07-24,174.000000000004,155.82840693535314,0.0017400000000000401,0.0015582840693535314,18.171593064650864,0.00018171593064650863,-539.2350521428713,1084.012975248671,False
2008-07-25,-89.00195312499748,-99.72929487650237,-0.0008900195312499748,-0.0009972929487650237,10.72734175150488,0.00010727341751504881,-528.5077103913663,1084.012975248671,False
2008-07-28,-89.24853515625458,-146.39183668222864,-0.0008924853515625457,-0.0014639183668222863,57.14330152597407,0.0005714330152597406,-471.3644088653923,1084.012975248671,False
2008-07-29,-156.9995117187484,-150.7164148284833,-0.0015699951171874841,-0.001507164148284833,-6.283096890265114,-6.283096890265114e-05,-477.64750575565745,1084.012975248671,False
2008-07-30,119.25048828124818,106.5456044680198,0.0011925048828124818,0.0010654560446801981,12.704883813228378,0.00012704883813228378,-464.94262194242907,1084.012975248671,False
2008-07-31,-52.000732421875426,-72.80663684609469,-0.0005200073242187542,-0.000728066368460947,20.805904424219264,0.00020805904424219264,-444.1367175182098,1084.012975248671,False
2008-08-01,-191.99951171874932,-167.19258004468122,-0.001919995117187493,-0.0016719258004468122,-24.806931674068096,-0.00024806931674068095,-468.9436491922779,1084.012975248671,False
2008-08-04,20.9990234375002,115.29212711214169,0.00020999023437500198,0.0011529212711214169,-94.29310367464149,-0.0009429310367464149,-563.2367528669195,1084.012975248671,False
2008-08-05,54.499999999999275,61.44743221125485,0.0005449999999999928,0.0006144743221125485,-6.947432211255574,-6.947432211255574e-05,-570.184185078175,1084.012975248671,False
2008-08-06,0.0,-13.522565455723617,0.0,-0.00013522565455723618,13.522565455723617,0.00013522565455723618,-556.6616196224514,1084.012975248671,False
2008-08-07,0.0,-57.83918890469599,0.0,-0.0005783918890469599,57.83918890469599,0.0005783918890469599,-498.8224307177554,1084.012975248671,False
2008-08-08,0.0,-169.56731025973468,0.0,-0.0016956731025973468,169.56731025973468,0.0016956731025973468,-329.25512045802077,1084.012975248671,False
2008-08-11,-137.00073242187585,-65.84889541881029,-0.0013700073242187585,-0.0006584889541881028,-71.15183700306557,-0.0007115183700306557,-400.40695746108634,1084.012975248671,False
2008-08-12,169.0002441406238,88.27360529370885,0.001690002441406238,0.0008827360529370886,80.72663884691495,0.0008072663884691495,-319.68031861417137,1084.012975248671,False
2008-08-13,-169.99999999999946,-97.71554064282249,-0.0016999999999999947,-0.0009771554064282248,-72.28445935717697,-0.0007228445935717697,-391.9647779713483,1084.012975248671,False
2008-08-14,-224.50024414062443,-119.60622590899622,-0.0022450024414062443,-0.0011960622590899623,-104.89401823162821,-0.001048940182316282,-496.8587962029765,1084.012975248671,False
2008-08-15,48.00097656250115,13.392598002615856,0.0004800097656250115,0.00013392598002615855,34.608378559885296,0.00034608378559885297,-462.2504176430912,1084.012975248671,False
2008-08-18,62.49975585937365,-9.69060858955067,0.0006249975585937366,-9.69060858955067e-05,72.19036444892433,0.0007219036444892433,-390.0600531941669,1084.012975248671,False
2008-08-19,14.750000000001252,28.13371066539078,0.00014750000000001253,0.0002813371066539078,-13.383710665389527,-0.00013383710665389528,-403.44376385955644,1084.012975248671,False
2008-08-20,209.4995117187488,105.48930690982749,0.002094995117187488,0.001054893069098275,104.01020480892132,0.0010401020480892132,-299.43355905063515,1084.012975248671,False
2008-08-21,201.4999999999996,242.229213657361,0.002014999999999996,0.00242229213657361,-40.729213657361385,-0.00040729213657361387,-340.1627727079965,1084.012975248671,False
2008-08-22,-77.99926757812541,-44.59794360039875,-0.0007799926757812542,-0.0004459794360039875,-33.40132397772666,-0.0003340132397772666,-373.56409668572314,1084.012975248671,False
2008-08-25,23.99902343749986,13.619916787251817,0.00023999023437499861,0.00013619916787251817,10.379106650248044,0.00010379106650248044,-363.1849900354751,1084.012975248671,False
2008-08-26,100.00024414062473,53.03292150105059,0.0010000024414062473,0.0005303292150105059,46.96732263957414,0.00046967322639574144,-316.21766739590095,1084.012975248671,False
2008-08-27,47.000732421874574,18.010650982294194,0.00047000732421874575,0.00018010650982294195,28.99008143958038,0.0002899008143958038,-287.2275859563206,1084.012975248671,False
2008-08-28,-142.00000000000105,-112.83377821280905,-0.0014200000000000104,-0.0011283377821280905,-29.166221787192,-0.00029166221787192,-316.3938077435126,1084.012975248671,False
2008-08-29,-293.5007324218747,-183.0658886430596,-0.0029350073242187472,-0.001830658886430596,-110.43484377881512,-0.0011043484377881512,-426.82865152232773,1084.012975248671,False
2008-09-02,-70.49926757812483,-71.68021166816884,-0.0007049926757812483,-0.0007168021166816884,1.180944090044008,1.180944090044008e-05,-425.6477074322837,1084.012975248671,False
2008-09-03,-554.4999999999992,-651.1657836878172,-0.005544999999999992,-0.006511657836878172,96.66578368781802,0.0009666578368781803,-328.9819237444657,1084.012975248671,False
2008-09-04,-4.500244140625409,-5.6018501531339595,-4.5002441406254085e-05,-5.6018501531339595e-05,1.101606012508551,1.101606012508551e-05,-327.8803177319571,1084.012975248671,False
2008-09-05,201.4995117187496,163.3649603973932,0.002014995117187496,0.0016336496039739319,38.13455132135641,0.0003813455132135641,-289.7457664106007,1084.012975248671,False
2008-09-08,-361.0000000000004,-303.4567240472485,-0.003610000000000004,-0.003034567240472485,-57.54327595275191,-0.0005754327595275191,-347.2890423633526,1084.012975248671,False
2008-09-09,-242.50000000000097,-99.7608831458626,-0.0024250000000000096,-0.000997608831458626,-142.73911685413836,-0.0014273911685413836,-490.02815921749095,1084.012975248671,False
2008-09-10,131.99999999999983,167.59750440783475,0.0013199999999999983,0.0016759750440783474,-35.59750440783492,-0.00035597504407834917,-525.6256636253258,1084.012975248671,False
2008-09-11,189.99999999999997,101.36756004772177,0.0018999999999999998,0.0010136756004772178,88.6324399522782,0.000886324399522782,-436.9932236730476,1084.012975248671,False
2008-09-12,225.00000000000028,182.21191933834018,0.002250000000000003,0.0018221191933834018,42.7880806616601,0.00042788080661660104,-394.2051430113875,1084.012975248671,False
2008-09-15,-22.000000000000128,34.947116874887925,-0.00022000000000000128,0.00034947116874887925,-56.94711687488805,-0.0005694711687488805,-451.1522598862756,1084.012975248671,False
2008-09-16,187.00000000000034,-207.8413312257935,0.0018700000000000034,-0.002078413312257935,394.84133122579385,0.003948413312257939,-56.31092866048175,1084.012975248671,False
2008-09-17,237.99999999999832,489.8226527998944,0.0023799999999999833,0.004898226527998944,-251.82265279989608,-0.0025182265279989607,-308.13358146037785,1084.012975248671,False
2008-09-18,123.9999999999998,10.314405536728003,0.001239999999999998,0.00010314405536728003,113.6855944632718,0.001136855944632718,-194.44798699710606,1084.012975248671,False
2008-09-19,0.0,167.6614264797338,0.0,0.0016766142647973378,-167.6614264797338,-0.0016766142647973378,-362.10941347683985,1084.012975248671,False
2008-09-22,-177.99926757812418,-170.82762840373186,-0.0017799926757812417,-0.0017082762840373187,-7.171639174392311,-7.171639174392311e-05,-369.28105265123213,1084.012975248671,False
2008-09-23,158.99999999999793,176.96084056914034,0.0015899999999999792,0.0017696084056914034,-17.96084056914242,-0.00017960840569142419,-387.24189322037455,1084.012975248671,False
2008-09-24,253.00000000000017,177.9278787263199,0.002530000000000002,0.001779278787263199,75.07212127368027,0.0007507212127368027,-312.16977194669425,1084.012975248671,False
2008-09-25,-42.000000000001066,-6.390688131427481,-0.00042000000000001064,-6.390688131427481e-05,-35.609311868573585,-0.00035609311868573586,-347.7790838152678,1084.012975248671,False
2008-09-26,-1301.999999999999,-1102.3959795831058,-0.013019999999999992,-0.011023959795831059,-199.60402041689326,-0.0019960402041689328,-547.383104232161,1084.012975248671,False
2008-09-29,164.49999999999915,221.55112726841458,0.0016449999999999915,0.002215511272684146,-57.05112726841543,-0.0005705112726841542,-604.4342315005765,1084.012975248671,False
2008-09-30,-30.999999999999844,-16.619231699890737,-0.00030999999999999843,-0.00016619231699890736,-14.380768300109107,-0.00014380768300109107,-618.8149998006857,1084.012975248671,False
2008-10-01,-409.5000000000001,-474.64592365301667,-0.004095000000000001,-0.004746459236530167,65.14592365301655,0.0006514592365301655,-553.6690761476691,1084.012975248671,False
2008-10-02,-132.0000000000003,-158.19446788104446,-0.001320000000000003,-0.0015819446788104445,26.194467881044147,0.00026194467881044146,-527.474608266625,1084.012975248671,False
2008-10-03,-284.00000000000017,-141.36528870081483,-0.002840000000000002,-0.0014136528870081484,-142.63471129918534,-0.0014263471129918534,-670.1093195658103,1084.012975248671,False
2008-10-06,-517.4999999999993,-305.8900027026231,-0.005174999999999993,-0.0030589000270262313,-211.6099972973762,-0.002116099972973762,-881.7193168631866,1084.012975248671,False
2008-10-07,-189.7500000000005,-31.172724608019386,-0.001897500000000005,-0.00031172724608019385,-158.57727539198112,-0.0015857727539198112,-1040.2965922551678,1084.012975248671,False
2008-10-08,-630.5000000000011,-667.9898338101993,-0.006305000000000011,-0.0066798983381019935,37.489833810198206,0.00037489833810198204,-1002.8067584449695,1084.012975248671,False
2008-10-09,-65.50000000000104,-126.68257657325601,-0.0006550000000000104,-0.0012668257657325601,61.18257657325498,0.0006118257657325497,-941.6241818717145,1084.012975248671,False
2008-10-10,1684.7499999999989,1666.4410993807323,0.016847499999999987,0.016664410993807322,18.308900619266524,0.00018308900619266524,-923.315281252448,1084.012975248671,False
2008-10-13,0.0,-31.292750879400906,0.0,-0.00031292750879400905,31.292750879400906,0.00031292750879400905,-892.0225303730471,1084.012975248671,False
2008-10-14,-273.9999999999996,-186.3935961078577,-0.002739999999999996,-0.001863935961078577,-87.60640389214191,-0.0008760640389214191,-979.628934265189,1084.012975248671,False
2008-10-15,187.9999999999993,-9.590646658246115,0.0018799999999999928,-9.590646658246114e-05,197.59064665824542,0.001975906466582454,-782.0382876069435,1084.012975248671,False
2008-10-16,-23.99999999999972,-91.73295360555326,-0.0002399999999999972,-0.0009173295360555326,67.73295360555355,0.0006773295360555355,-714.30533400139,1084.012975248671,False
2008-10-17,98.00000000000003,71.30287860361702,0.0009800000000000002,0.0007130287860361702,26.69712139638301,0.0002669712139638301,-687.6082126050069,1084.012975248671,False
2008-10-20,-134.99999999999957,-248.69714028119958,-0.0013499999999999957,-0.0024869714028119957,113.6971402812,0.001136971402812,-573.9110723238068,1084.012975248671,False
2008-10-21,-88.99999999999993,-217.55230213902024,-0.0008899999999999993,-0.0021755230213902025,128.5523021390203,0.001285523021390203,-445.3587701847865,1084.012975248671,False
2008-10-22,10.999999999999865,-79.05591556545683,0.00010999999999999865,-0.0007905591556545683,90.0559155654567,0.000900559155654567,-355.3028546193298,1084.012975248671,False
2008-10-23,-248.00000000000006,-103.65758114481572,-0.0024800000000000004,-0.0010365758114481572,-144.34241885518435,-0.0014434241885518434,-499.64527347451417,1084.012975248671,False
2008-10-24,-59.00000000000025,-4.561270616026313,-0.0005900000000000025,-4.561270616026313e-05,-54.438729383973936,-0.0005443872938397393,-554.0840028584881,1084.012975248671,False
2008-10-27,1395.999999999999,1169.404792894586,0.013959999999999992,0.01169404792894586,226.595207105413,0.00226595207105413,-327.4887957530751,1084.012975248671,False
2008-10-28,0.0,54.45009273185236,0.0,0.0005445009273185236,-54.45009273185236,-0.0005445009273185236,-381.9388884849275,1084.012975248671,False
2008-10-29,102.00000000000038,56.06483235957977,0.0010200000000000038,0.0005606483235957977,45.935167640420616,0.0004593516764042062,-336.00372084450686,1084.012975248671,False
2008-10-30,0.0,-92.37711122572567,0.0,-0.0009237711122572568,92.37711122572567,0.0009237711122572568,-243.62660961878117,1084.012975248671,False
2008-10-31,0.0,27.176484021931497,0.0,0.000271764840219315,-27.176484021931497,-0.000271764840219315,-270.8030936407127,1084.012975248671,False
2008-11-03,0.0,37.586799401470046,0.0,0.00037586799401470046,-37.586799401470046,-0.00037586799401470046,-308.38989304218273,1084.012975248671,False
2008-11-04,0.0,-131.8627456419191,0.0,-0.001318627456419191,131.8627456419191,0.001318627456419191,-176.52714740026363,1084.012975248671,False
2008-11-05,0.0,-158.3323979416361,0.0,-0.001583323979416361,158.3323979416361,0.001583323979416361,-18.19474945862754,1084.012975248671,False
2008-11-06,0.0,91.0540348780309,0.0,0.000910540348780309,-91.0540348780309,-0.000910540348780309,-109.24878433665845,1084.012975248671,False
2008-11-07,-64.00000000000044,-78.61296880380766,-0.0006400000000000044,-0.0007861296880380766,14.61296880380722,0.0001461296880380722,-94.63581553285123,1084.012975248671,False
2008-11-10,-133.99999999999957,-181.9384076757788,-0.0013399999999999957,-0.001819384076757788,47.93840767577922,0.0004793840767577922,-46.69740785707201,1084.012975248671,False
2008-11-11,-554.5000000000002,-642.2727962197779,-0.005545000000000002,-0.0064227279621977785,87.77279621977766,0.0008777279621977766,41.07538836270565,1084.012975248671,False
2008-11-12,555.2500000000024,587.4402103589413,0.0055525000000000236,0.005874402103589413,-32.190210358938884,-0.00032190210358938885,8.885178003766768,1084.012975248671,False
2008-11-13,-547.2499999999998,-422.8921349150532,-0.005472499999999997,-0.004228921349150532,-124.35786508494658,-0.0012435786508494659,-115.47268708117981,1084.012975248671,False
2008-11-14,-40.49999999999906,-45.6384257837676,-0.0004049999999999906,-0.000456384257837676,5.13842578376854,5.1384257837685394e-05,-110.33426129741127,1084.012975248671,False
2008-11-17,279.00000000000216,214.79567923419103,0.0027900000000000216,0.0021479567923419103,64.20432076581113,0.0006420432076581113,-46.12994053160014,1084.012975248671,False
2008-11-18,-1192.000000000001,-1055.4657663146688,-0.011920000000000009,-0.010554657663146689,-136.53423368533208,-0.001365342336853321,-182.66417421693222,1084.012975248671,False
2008-11-19,-639.2500000000009,-593.7374345722876,-0.006392500000000009,-0.005937374345722876,-45.5125654277133,-0.000455125654277133,-228.17673964464552,1084.012975248671,False
2008-11-20,527.7499999999977,711.646285180928,0.0052774999999999775,0.00711646285180928,-183.89628518093025,-0.0018389628518093025,-412.07302482557577,1084.012975248671,False
2008-11-21,727.9999999999966,786.6938735524162,0.007279999999999966,0.007866938735524163,-58.69387355241963,-0.0005869387355241963,-470.7668983779954,1084.012975248671,False
2008-11-24,-22.999999999999957,-22.78556552192257,-0.00022999999999999957,-0.0002278556552192257,-0.21443447807738636,-2.1443447807738635e-06,-470.9813328560728,1084.012975248671,False
2008-11-25,235.99999999999852,246.5936723896023,0.0023599999999999854,0.0024659367238960227,-10.593672389603768,-0.00010593672389603767,-481.5750052456766,1084.012975248671,False
2008-11-26,0.0,36.03533935292061,0.0,0.00036035339352920607,-36.03533935292061,-0.00036035339352920607,-517.6103445985972,1084.012975248671,False
2008-11-28,0.0,-165.11767712137944,0.0,-0.0016511767712137945,165.11767712137944,0.0016511767712137945,-352.49266747721776,1084.012975248671,False
2008-12-01,243.25000000000097,173.21957821320146,0.0024325000000000097,0.0017321957821320145,70.03042178679951,0.000700304217867995,-282.4622456904183,1084.012975248671,False
2008-12-02,46.000000000000234,54.31218849416609,0.00046000000000000234,0.0005431218849416609,-8.312188494165852,-8.312188494165852e-05,-290.77443418458415,1084.012975248671,False
2008-12-03,0.0,-46.03096800933661,0.0,-0.0004603096800933661,46.03096800933661,0.0004603096800933661,-244.74346617524753,1084.012975248671,False
2008-12-04,171.99999999999983,164.50326818051457,0.0017199999999999982,0.0016450326818051456,7.496731819485262,7.496731819485262e-05,-237.24673435576227,1084.012975248671,False
2008-12-05,136.0,208.35528833531498,0.00136,0.00208355288335315,-72.35528833531498,-0.0007235528833531498,-309.60202269107725,1084.012975248671,False
2008-12-08,0.0,-10.75384760986863,0.0,-0.00010753847609868631,10.75384760986863,0.00010753847609868631,-298.84817508120864,1084.012975248671,False
2008-12-09,0.0,111.7373978460441,0.0,0.001117373978460441,-111.7373978460441,-0.001117373978460441,-410.58557292725277,1084.012975248671,False
2008-12-10,0.0,66.08824422517732,0.0,0.0006608824422517732,-66.08824422517732,-0.0006608824422517732,-476.6738171524301,1084.012975248671,False
2008-12-11,0.0,-0.7854744444376887,0.0,-7.854744444376886e-06,0.7854744444376887,7.854744444376886e-06,-475.8883427079924,1084.012975248671,False
2008-12-12,-79.99999999999997,-34.163667819872344,-0.0007999999999999997,-0.00034163667819872345,-45.83633218012763,-0.00045836332180127626,-521.72467488812,1084.012975248671,False
2008-12-15,182.00000000000176,226.41100748584972,0.0018200000000000176,0.002264110074858497,-44.41100748584796,-0.0004441100748584796,-566.1356823739679,1084.012975248671,False
2008-12-16,-48.00000000000029,21.38315309951566,-0.00048000000000000294,0.0002138315309951566,-69.38315309951595,-0.0006938315309951595,-635.5188354734839,1084.012975248671,False
2008-12-17,-11.999999999999096,-42.62561519476005,-0.00011999999999999096,-0.0004262561519476005,30.625615194760954,0.00030625615194760953,-604.893220278723,1084.012975248671,False
2008-12-18,-87.00000000000087,-145.35103094419912,-0.0008700000000000087,-0.0014535103094419912,58.35103094419826,0.0005835103094419825,-546.5421893345248,1084.012975248671,False
2008-12-19,-56.000000000000846,-37.110027093755946,-0.0005600000000000084,-0.00037110027093755946,-18.8899729062449,-0.000188899729062449,-565.4321622407697,1084.012975248671,False
2008-12-22,-227.50000000000227,-253.1573060695884,-0.0022750000000000227,-0.002531573060695884,25.657306069586127,0.00025657306069586127,-539.7748561711835,1084.012975248671,False
2008-12-23,29.0000000000002,54.50608508020099,0.000290000000000002,0.0005450608508020099,-25.50608508020079,-0.0002550608508020079,-565.2809412513843,1084.012975248671,False
2008-12-24,125.00000000000188,192.17650325465155,0.0012500000000000187,0.0019217650325465156,-67.17650325464967,-0.0006717650325464967,-632.457444506034,1084.012975248671,False
2008-12-26,-63.000244140625256,-78.19124738426711,-0.0006300024414062525,-0.0007819124738426711,15.191003243641859,0.0001519100324364186,-617.2664412623922,1084.012975248671,False
2008-12-29,191.00073242187875,122.24909734098912,0.0019100073242187875,0.0012224909734098912,68.75163508088963,0.0006875163508088963,-548.5148061815025,1084.012975248671,False
2008-12-30,311.9985351562474,273.12088201677244,0.003119985351562474,0.0027312088201677243,38.877653139474944,0.00038877653139474946,-509.6371530420276,1084.012975248671,False
2008-12-31,-47.99926757812548,-55.78941956887392,-0.00047999267578125484,-0.0005578941956887392,7.790151990748434,7.790151990748435e-05,-501.84700105127916,1084.012975248671,False
2009-01-02,-434.0014648437514,-368.5433548206813,-0.004340014648437514,-0.003685433548206813,-65.4581100230701,-0.000654581100230701,-567.3051110743493,1084.012975248671,False
2009-01-05,0.0,30.785049990807792,0.0,0.0003078504999080779,-30.785049990807792,-0.0003078504999080779,-598.0901610651571,1084.012975248671,False
2009-01-06,0.0,-47.95444804738401,0.0,-0.0004795444804738401,47.95444804738401,0.0004795444804738401,-550.135713017773,1084.012975248671,False
2009-01-07,0.0,55.95768366541532,0.0,0.0005595768366541532,-55.95768366541532,-0.0005595768366541532,-606.0933966831883,1084.012975248671,False
2009-01-08,0.0,21.855803770976507,0.0,0.00021855803770976507,-21.855803770976507,-0.00021855803770976507,-627.9492004541648,1084.012975248671,False
2009-01-09,0.0,-155.45102390862638,0.0,-0.0015545102390862639,155.45102390862638,0.0015545102390862639,-472.49817654553846,1084.012975248671,False
2009-01-12,-2.9999999999998916,-3.8330629532415417,-2.9999999999998917e-05,-3.8330629532415415e-05,0.83306295324165,8.3306295324165e-06,-471.6651135922968,1084.012975248671,False
2009-01-13,-585.2499999999989,-588.3304028613111,-0.005852499999999989,-0.005883304028613111,3.0804028613122227,3.0804028613122226e-05,-468.58471073098457,1084.012975248671,False
2009-01-14,68.00000000000034,53.31483194566689,0.0006800000000000034,0.0005331483194566689,14.685168054333452,0.00014685168054333453,-453.8995426766511,1084.012975248671,False
2009-01-15,250.5000000000026,388.2051013173709,0.002505000000000026,0.003882051013173709,-137.70510131736833,-0.0013770510131736833,-591.6046439940194,1084.012975248671,False
2009-01-16,-425.0000000000005,-381.0954539808418,-0.0042500000000000055,-0.003810954539808418,-43.904546019158715,-0.00043904546019158714,-635.5091900131781,1084.012975248671,False
2009-01-20,221.75000000000125,234.76656907357795,0.0022175000000000124,0.0023476656907357794,-13.016569073576704,-0.00013016569073576704,-648.5257590867548,1084.012975248671,False
2009-01-21,-93.24999999999898,-58.13643822786377,-0.0009324999999999898,-0.0005813643822786377,-35.113561772135206,-0.0003511356177213521,-683.63932085889,1084.012975248671,False
2009-01-22,-52.00000000000013,98.63501078370413,-0.0005200000000000013,0.0009863501078370414,-150.63501078370427,-0.0015063501078370427,-834.2743316425942,1084.012975248671,False
2009-01-23,299.7500000000025,272.3029794476382,0.002997500000000025,0.0027230297944763823,27.44702055236428,0.0002744702055236428,-806.82731109023,1084.012975248671,False
2009-01-26,17.000732421876922,19.875032069405613,0.00017000732421876922,0.00019875032069405612,-2.874299647528691,-2.874299647528691e-05,-809.7016107377586,1084.012975248671,False
2009-01-27,391.4995117187507,396.8437997804584,0.003914995117187507,0.003968437997804585,-5.3442880617077435,-5.3442880617077436e-05,-815.0458987994664,1084.012975248671,False
2009-01-28,169.00024414062642,173.4408410266575,0.0016900024414062643,0.001734408410266575,-4.440596886031074,-4.440596886031074e-05,-819.4864956854974,1084.012975248671,False
2009-01-29,219.00024414062574,204.9757164794971,0.0021900024414062574,0.0020497571647949708,14.024527661128644,0.00014024527661128644,-805.4619680243687,1084.012975248671,False
2009-01-30,-212.00073242187523,-199.95925569401703,-0.0021200073242187522,-0.0019995925569401703,-12.041476727858196,-0.00012041476727858197,-817.5034447522269,1084.012975248671,False
2009-02-02,6.750488281249403,-8.9579145522085,6.750488281249403e-05,-8.9579145522085e-05,15.708402833457903,0.00015708402833457903,-801.795041918769,1084.012975248671,False
2009-02-03,121.99951171875215,136.02617474824265,0.0012199951171875214,0.0013602617474824266,-14.026663029490507,-0.00014026663029490508,-815.8217049482595,1084.012975248671,False
2009-02-04,201.99999999999864,243.20244644243408,0.002019999999999986,0.0024320244644243406,-41.202446442435445,-0.0004120244644243544,-857.0241513906949,1084.012975248671,False
2009-02-05,0.9997558593755379,5.034979121846027,9.997558593755379e-06,5.034979121846027e-05,-4.035223262470489,-4.035223262470489e-05,-861.0593746531654,1084.012975248671,False
2009-02-06,-430.00000000000176,-456.6822653642509,-0.004300000000000017,-0.004566822653642509,26.682265364249133,0.0002668226536424913,-834.3771092889162,1084.012975248671,False
2009-02-09,214.00024414062563,237.17498217660483,0.0021400024414062564,0.0023717498217660483,-23.174738035979203,-0.00023174738035979203,-857.5518473248954,1084.012975248671,False
2009-02-10,325.50048828124903,311.28146518168484,0.0032550048828124904,0.0031128146518168485,14.219023099564197,0.00014219023099564196,-843.3328242253313,1084.012975248671,False
2009-02-11,86.99951171875155,77.77674278428009,0.0008699951171875155,0.0007777674278428009,9.22276893447146,9.222768934471461e-05,-834.1100552908598,1084.012975248671,False
2009-02-12,-366.4999999999997,-374.30450908752266,-0.0036649999999999973,-0.0037430450908752266,7.804509087522945,7.804509087522945e-05,-826.3055462033369,1084.012975248671,False
2009-02-13,-25.999023437501734,-94.00141529820664,-0.0002599902343750173,-0.0009400141529820663,68.0023918607049,0.000680023918607049,-758.3031543426321,1084.012975248671,False
2009-02-17,61.99951171874869,46.78041735767434,0.000619995117187487,0.00046780417357674336,15.219094361074355,0.00015219094361074354,-743.0840599815577,1084.012975248671,False
2009-02-18,-92.99951171875057,-98.37256044729153,-0.0009299951171875057,-0.0009837256044729153,5.373048728540965,5.373048728540965e-05,-737.7110112530167,1084.012975248671,False
2009-02-19,373.999023437502,351.0274502469078,0.0037399902343750197,0.003510274502469078,22.9715731905942,0.00022971573190594199,-714.7394380624226,1084.012975248671,False
2009-02-20,-676.9995117187514,-670.9403369763078,-0.006769995117187514,-0.006709403369763078,-6.059174742443588,-6.059174742443588e-05,-720.7986128048661,1084.012975248671,False
2009-02-23,85.74999999999719,56.45079304552763,0.0008574999999999719,0.0005645079304552763,29.299206954469554,0.0002929920695446955,-691.4994058503966,1084.012975248671,False
2009-02-24,-164.25048828125057,-167.70173428006825,-0.0016425048828125057,-0.0016770173428006824,3.451245998817683,3.451245998817683e-05,-688.0481598515789,1084.012975248671,False
2009-02-25,-827.9995117187503,-741.911823723286,-0.008279995117187503,-0.007419118237232861,-86.08768799546431,-0.0008608768799546431,-774.1358478470432,1084.012975248671,False
2009-02-26,-330.9997558593741,-350.1227574711211,-0.003309997558593741,-0.003501227574711211,19.123001611746986,0.00019123001611746985,-755.0128462352963,1084.012975248671,False
2009-02-27,-709.5000000000003,-633.8718579063977,-0.007095000000000003,-0.0063387185790639775,-75.6281420936026,-0.0007562814209360261,-830.6409883288989,1084.012975248671,False
2009-03-02,-748.0004882812507,-791.7375270125804,-0.007480004882812506,-0.007917375270125803,43.737038731329676,0.00043737038731329675,-786.9039495975692,1084.012975248671,False
2009-03-03,468.9997558593776,438.067029356564,0.004689997558593776,0.004380670293565639,30.932726502813637,0.00030932726502813635,-755.9712230947555,1084.012975248671,False
2009-03-04,-194.00024414062594,-46.77642278595957,-0.0019400024414062593,-0.0004677642278595957,-147.22382135466637,-0.0014722382135466637,-903.1950444494219,1084.012975248671,False
2009-03-05,79.75024414062543,84.77160169041603,0.0007975024414062543,0.0008477160169041603,-5.021357549790608,-5.021357549790608e-05,-908.2164019992125,1084.012975248671,False
2009-03-06,-836.2495117187532,-835.9344377672535,-0.008362495117187532,-0.008359344377672535,-0.3150739514996985,-3.150739514996985e-06,-908.5314759507122,1084.012975248671,False
2009-03-09,769.0002441406255,767.083899042359,0.007690002441406255,0.0076708389904235905,1.9163450982664472,1.916345098266447e-05,-906.6151308524458,1084.012975248671,False
2009-03-10,147.99926757812628,157.03648544921998,0.0014799926757812628,0.0015703648544921997,-9.037217871093702,-9.037217871093702e-05,-915.6523487235395,1084.012975248671,False
2009-03-11,133.00048828125074,160.09478435153682,0.0013300048828125074,0.0016009478435153681,-27.094296070286077,-0.0002709429607028608,-942.7466447938256,1084.012975248671,False
2009-03-12,60.9997558593751,83.07590558060404,0.000609997558593751,0.0008307590558060405,-22.076149721228944,-0.00022076149721228944,-964.8227945150545,1084.012975248671,False
2009-03-13,-161.99951171874886,-127.56813633013334,-0.0016199951171874886,-0.0012756813633013333,-34.43137538861552,-0.0003443137538861552,-999.25416990367,1084.012975248671,False
2009-03-16,-52.00073242187483,-125.56199643663676,-0.0005200073242187483,-0.0012556199643663677,73.56126401476193,0.0007356126401476193,-925.6929058889081,1084.012975248671,False
2009-03-17,-553.9990234374994,-457.9662530607045,-0.005539990234374994,-0.004579662530607045,-96.03277037679493,-0.0009603277037679493,-1021.725676265703,1084.012975248671,False
2009-03-18,696.9995117187494,598.7483928553319,0.006969995117187495,0.0059874839285533185,98.25111886341756,0.0009825111886341757,-923.4745574022854,1084.012975248671,False
2009-03-19,-25.999755859374083,-18.39428962014116,-0.00025999755859374085,-0.0001839428962014116,-7.605466239232925,-7.605466239232925e-05,-931.0800236415183,1084.012975248671,False
2009-03-20,-36.999511718749694,-0.2992821156861656,-0.0003699951171874969,-2.9928211568616557e-06,-36.700229603063526,-0.0003670022960306353,-967.7802532445819,1084.012975248671,False
2009-03-23,-574.0014648437495,-520.0803139917551,-0.005740014648437495,-0.005200803139917551,-53.92115085199441,-0.0005392115085199441,-1021.7014040965763,1084.012975248671,False
2009-03-24,119.99999999999851,105.73560554965408,0.0011999999999999851,0.001057356055496541,14.264394450344426,0.00014264394450344426,-1007.4370096462319,1084.012975248671,False
2009-03-25,42.00073242187608,28.330970050300955,0.0004200073242187608,0.00028330970050300953,13.669762371575125,0.00013669762371575124,-993.7672472746568,1084.012975248671,False
2009-03-26,-336.0009765624998,-306.4719696768239,-0.0033600097656249976,-0.003064719696768239,-29.52900688567587,-0.0002952900688567587,-1023.2962541603326,1084.012975248671,False
2009-03-27,-76.99951171874979,-92.30591188122689,-0.0007699951171874979,-0.0009230591188122689,15.306400162477104,0.00015306400162477105,-1007.9898539978556,1084.012975248671,False
2009-03-30,154.99926757812563,208.41690711141598,0.0015499926757812563,0.00208416907111416,-53.417639533290355,-0.0005341763953329036,-1061.407493531146,1084.012975248671,False
2009-03-31,253.0014648437466,216.89942870250596,0.0025300146484374657,0.0021689942870250596,36.10203614124063,0.00036102036141240633,-1025.3054573899053,1084.012975248671,False
2009-04-01,-174.00097656250065,-251.69091312668766,-0.0017400097656250066,-0.0025169091312668766,77.68993656418701,0.00077689936564187,-947.6155208257182,1084.012975248671,False
2009-04-02,-115.99975585937577,-134.3644083660904,-0.0011599975585937577,-0.0013436440836609041,18.364652506714634,0.00018364652506714635,-929.2508683190036,1084.012975248671,False
2009-04-03,-245.00000000000006,-350.2217686554593,-0.0024500000000000004,-0.003502217686554593,105.22176865545924,0.0010522176865545925,-824.0290996635445,1084.012975248671,False
2009-04-06,105.0000000000003,131.59271644231515,0.001050000000000003,0.0013159271644231515,-26.592716442314853,-0.00026592716442314855,-850.6218161058594,1084.012975248671,False
2009-04-07,146.4997558593751,150.9024184344009,0.0014649975585937511,0.001509024184344009,-4.402662575025772,-4.402662575025772e-05,-855.0244786808851,1084.012975248671,False
2009-04-08,323.0004882812524,359.9387716268517,0.003230004882812524,0.003599387716268517,-36.9382833455993,-0.00036938283345599305,-891.9627620264844,1084.012975248671,False
2009-04-09,249.99999999999653,299.0820480848026,0.0024999999999999654,0.002990820480848026,-49.08204808480605,-0.0004908204808480605,-941.0448101112904,1084.012975248671,False
2009-04-13,-38.000488281249105,-43.3320170920162,-0.00038000488281249105,-0.00043332017092016203,5.331528810767097,5.331528810767097e-05,-935.7132813005234,1084.012975248671,False
2009-04-14,1.9999999999985043,7.856686846849321,1.9999999999985043e-05,7.856686846849321e-05,-5.856686846850817,-5.856686846850817e-05,-941.5699681473742,1084.012975248671,False
2009-04-15,-270.9985351562518,-233.59689348613716,-0.002709985351562518,-0.002335968934861372,-37.40164167011466,-0.0003740164167011466,-978.9716098174888,1084.012975248671,False
2009-04-16,-119.00024414062557,-167.48602548644405,-0.0011900024414062556,-0.0016748602548644406,48.48578134581848,0.0004848578134581848,-930.4858284716703,1084.012975248671,False
2009-04-17,195.9997558593744,334.38088398487434,0.001959997558593744,0.0033438088398487433,-138.38112812549994,-0.0013838112812549993,-1068.8669565971702,1084.012975248671,False
2009-04-20,-47.999267578125526,-37.75089639146555,-0.0004799926757812553,-0.00037750896391465554,-10.248371186659973,-0.00010248371186659974,-1079.1153277838303,1084.012975248671,False
2009-04-21,177.9985351562517,156.0608951344483,0.0017799853515625171,0.0015606089513444828,21.937640021803418,0.0002193764002180342,-1057.1776877620268,1084.012975248671,False
2009-04-22,282.00195312500233,217.56071047247568,0.002820019531250023,0.0021756071047247566,64.44124265252665,0.0006444124265252665,-992.7364451095002,1084.012975248671,False
2009-04-23,74.99999999999899,100.63615718551202,0.0007499999999999899,0.0010063615718551202,-25.636157185513028,-0.0002563615718551303,-1018.3726022950133,1084.012975248671,False
2009-04-24,-118.00048828124889,-104.61588827912082,-0.0011800048828124888,-0.0010461588827912083,-13.384600002128067,-0.00013384600002128069,-1031.7572022971412,1084.012975248671,False
2009-04-27,-291.9995117187493,-269.2158100325027,-0.002919995117187493,-0.002692158100325027,-22.783701686246616,-0.00022783701686246617,-1054.5409039833878,1084.012975248671,False
2009-04-28,310.499023437502,363.68345084091413,0.00310499023437502,0.0036368345084091414,-53.184427403412144,-0.0005318442740341214,-1107.7253313868,1084.012975248671,False
2009-04-29,-185.9985351562516,-161.9118995947823,-0.0018599853515625158,-0.001619118995947823,-24.08663556146928,-0.00024086635561469278,-1131.8119669482694,1084.012975248671,False
2009-04-30,-40.00000000000175,-28.06026561553025,-0.0004000000000000175,-0.0002806026561553025,-11.9397343844715,-0.000119397343844715,-1143.7517013327408,1084.012975248671,False
2009-05-01,376.0000000000015,410.8405507236018,0.0037600000000000146,0.004108405507236018,-34.8405507236003,-0.000348405507236003,-1178.592252056341,1084.012975248671,False
2009-05-04,43.749755859375355,43.78662164689139,0.00043749755859375357,0.0004378662164689139,-0.0368657875160352,-3.6865787516035195e-07,-1178.629117843857,1084.012975248671,False
2009-05-05,143.9990234375025,159.63836376760605,0.001439990234375025,0.0015963836376760604,-15.63934033010355,-0.0001563934033010355,-1194.2684581739607,1084.012975248671,False
2009-05-06,-50.99999999999676,-86.36728163549297,-0.0005099999999999676,-0.0008636728163549297,35.36728163549621,0.0003536728163549621,-1158.9011765384644,1084.012975248671,False
2009-05-07,-21.99951171875138,2.440991751394952,-0.00021999511718751377,2.440991751394952e-05,-24.440503470146332,-0.00024440503470146333,-1183.3416800086106,1084.012975248671,False
2009-05-08,-27.50073242187449,-58.8800008170582,-0.00027500732421874486,-0.000588800008170582,31.379268395183715,0.00031379268395183714,-1151.9624116134269,1084.012975248671,False
2009-05-11,288.50073242187494,242.46551757832208,0.0028850073242187493,0.002424655175783221,46.035214843552865,0.00046035214843552865,-1105.927196769874,1084.012975248671,False
2009-05-12,-384.00000000000244,-358.5177484947771,-0.0038400000000000244,-0.003585177484947771,-25.48225150522535,-0.0002548225150522535,-1131.4094482750993,1084.012975248671,False
2009-05-13,111.49999999999994,117.92732249882755,0.0011149999999999995,0.0011792732249882754,-6.427322498827607,-6.427322498827607e-05,-1137.836770773927,1084.012975248671,False
2009-05-14,-37.499511718748145,-17.650171129827154,-0.00037499511718748144,-0.00017650171129827153,-19.84934058892099,-0.0001984934058892099,-1157.686111362848,1084.012975248671,False
2009-05-15,305.00048828125097,267.0340947387457,0.0030500048828125095,0.002670340947387457,37.96639354250527,0.0003796639354250527,-1119.7197178203426,1084.012975248671,False
2009-05-18,108.49999999999908,82.41407455821025,0.0010849999999999907,0.0008241407455821025,26.08592544178883,0.0002608592544178883,-1093.6337923785538,1084.012975248671,False
2009-05-19,210.9990234374968,191.74809190637995,0.0021099902343749677,0.0019174809190637995,19.250931531116834,0.00019250931531116834,-1074.382860847437,1084.012975248671,False
2009-05-20,88.00048828125038,141.47772695682778,0.0008800048828125039,0.0014147772695682777,-53.4772386755774,-0.000534772386755774,-1127.8600995230145,1084.012975248671,False
2009-05-21,63.499511718749176,82.26060429664201,0.0006349951171874918,0.0008226060429664202,-18.76109257789284,-0.0001876109257789284,-1146.6211921009074,1084.012975248671,False
2009-05-22,-11.999511718749844,8.079637208138664,-0.00011999511718749844,8.079637208138663e-05,-20.079148926888507,-0.00020079148926888506,-1166.700341027796,1084.012975248671,False
2009-05-26,-108.25000000000047,-68.48269542736949,-0.0010825000000000047,-0.0006848269542736949,-39.76730457263098,-0.00039767304572630975,-1206.467645600427,1084.012975248671,False
2009-05-27,331.49853515625045,320.6858953699176,0.0033149853515625047,0.003206858953699176,10.812639786332852,0.00010812639786332852,-1195.6550058140942,1084.012975248671,False
2009-05-28,445.5019531249998,398.8904761149357,0.004455019531249998,0.003988904761149357,46.61147701006405,0.0004661147701006405,-1149.0435288040303,1084.012975248671,False
2009-05-29,65.99951171875135,90.51044752457668,0.0006599951171875135,0.0009051044752457668,-24.510935805825326,-0.00024510935805825327,-1173.5544646098556,1084.012975248671,False
2009-06-01,140.00048828125128,129.8473414308939,0.0014000048828125128,0.001298473414308939,10.153146850357388,0.00010153146850357388,-1163.4013177594982,1084.012975248671,False
2009-06-02,-431.75097656249915,-443.18810694159026,-0.004317509765624991,-0.004431881069415902,11.437130379091116,0.00011437130379091116,-1151.964187380407,1084.012975248671,False
2009-06-03,241.75073242187335,274.62845831903985,0.0024175073242187336,0.0027462845831903986,-32.8777258971665,-0.000328777258971665,-1184.8419132775737,1084.012975248671,False
2009-06-04,-193.00073242187491,-226.1290265867422,-0.0019300073242187491,-0.0022612902658674223,33.1282941648673,0.000331282941648673,-1151.7136191127063,1084.012975248671,False
2009-06-05,-127.49975585937524,-134.8068345809768,-0.0012749975585937524,-0.0013480683458097682,7.30707872160157,7.30707872160157e-05,-1144.4065403911047,1084.012975248671,False
2009-06-08,49.99951171874669,56.3529395348815,0.0004999951171874669,0.000563529395348815,-6.353427816134811,-6.353427816134811e-05,-1150.7599682072396,1084.012975248671,False
2009-06-09,3.0020430585864233e-13,0.7807349673398516,3.0020430585864235e-18,7.807349673398516e-06,-0.7807349673395514,-7.807349673395514e-06,-1151.5407031745792,1084.012975248671,False
2009-06-10,226.50146484374827,203.4047056107981,0.0022650146484374826,0.002034047056107981,23.096759232950177,0.00023096759232950177,-1128.443943941629,1084.012975248671,False
2009-06-11,-420.5009765624993,-351.90863024379485,-0.004205009765624993,-0.0035190863024379486,-68.59234631870447,-0.0006859234631870447,-1197.0362902603333,1084.012975248671,False
2009-06-12,-456.4995117187478,-428.4188962669249,-0.004564995117187478,-0.0042841889626692485,-28.080615451822894,-0.0002808061545182289,-1225.1169057121563,1084.012975248671,False
2009-06-15,-87.00048828125267,-72.13700549183184,-0.0008700048828125267,-0.0007213700549183184,-14.863482789420829,-0.0001486348278942083,-1239.9803885015772,1084.012975248671,False
2009-06-16,96.25097656249827,95.15405794793887,0.0009625097656249826,0.0009515405794793887,1.0969186145593994,1.0969186145593995e-05,-1238.8834698870178,1084.012975248671,False
2009-06-17,141.9995117187515,132.873408830189,0.001419995117187515,0.00132873408830189,9.126102888562514,9.126102888562514e-05,-1229.7573669984554,1084.012975248671,False
2009-06-18,197.99951171874346,200.31901843331667,0.0019799951171874347,0.0020031901843331665,-2.3195067145732082,-2.3195067145732084e-05,-1232.0768737130286,1084.012975248671,False
2009-06-19,-1281.248535156252,-1171.777923632171,-0.01281248535156252,-0.01171777923632171,-109.47061152408105,-0.0010947061152408106,-1341.5474852371096,1084.012975248671,False
2009-06-22,26.500488281248963,33.43428423061371,0.0002650048828124896,0.0003343428423061371,-6.93379594936475,-6.93379594936475e-05,-1348.4812811864745,1084.012975248671,False
2009-06-23,550.749511718757,519.4502944112958,0.005507495117187571,0.005194502944112958,31.299217307461277,0.00031299217307461275,-1317.1820638790132,1084.012975248671,False
2009-06-24,194.9997558593754,243.30880301107993,0.001949997558593754,0.002433088030110799,-48.30904715170453,-0.00048309047151704534,-1365.4911110307178,1084.012975248671,False
2009-06-25,12.500000000001151,9.511276933028272,0.00012500000000001152,9.511276933028271e-05,2.988723066972879,2.988723066972879e-05,-1362.502387963745,1084.012975248671,False
2009-06-26,112.24902343750159,111.7841774880012,0.001122490234375016,0.001117841774880012,0.46484594950038627,4.648459495003863e-06,-1362.0375420142445,1084.012975248671,False
2009-06-29,-495.74780273437256,-459.7705789108215,-0.004957478027343726,-0.004597705789108215,-35.97722382355107,-0.0003597722382355107,-1398.0147658377955,1084.012975248671,False
2009-06-30,200.25024414062574,230.15073100739988,0.0020025024414062572,0.002301507310073999,-29.900486866774145,-0.00029900486866774143,-1427.9152527045696,1084.012975248671,False
2009-07-01,-560.0004882812495,-607.954743030327,-0.005600004882812495,-0.00607954743030327,47.95425474907745,0.0004795425474907745,-1379.960997955492,1084.012975248671,False
2009-07-02,-52.99951171874899,-79.58873212518796,-0.0005299951171874899,-0.0007958873212518796,26.58922040643897,0.0002658922040643897,-1353.3717775490531,1084.012975248671,False
2009-07-06,-345.75146484375273,-328.31418204339803,-0.0034575146484375273,-0.00328314182043398,-17.437282800354694,-0.00017437282800354694,-1370.809060349408,1084.012975248671,False
2009-07-07,-456.99853515625233,-420.1240369873904,-0.004569985351562523,-0.004201240369873904,-36.87449816886192,-0.0003687449816886192,-1407.6835585182698,1084.012975248671,False
2009-07-08,133.99902343749605,140.14689038678722,0.0013399902343749605,0.0014014689038678722,-6.147866949291171,-6.147866949291171e-05,-1413.831425467561,1084.012975248671,False
2009-07-09,-120.24902343750229,-100.32337155954995,-0.001202490234375023,-0.0010032337155954996,-19.925651877952333,-0.00019925651877952333,-1433.7570773455134,1084.012975248671,False
2009-07-10,836.7499999999964,820.862069888734,0.008367499999999964,0.00820862069888734,15.887930111262335,0.00015887930111262334,-1417.8691472342512,1084.012975248671,False
2009-07-13,80.00048828124707,68.78311943824629,0.0008000048828124707,0.0006878311943824629,11.217368843000784,0.00011217368843000784,-1406.6517783912504,1084.012975248671,False
2009-07-14,920.2495117187482,904.3504945957066,0.009202495117187482,0.009043504945957065,15.89901712304163,0.00015899017123041631,-1390.7527612682088,1084.012975248671,False
2009-07-15,76.0000000000002,60.685919659779444,0.000760000000000002,0.0006068591965977944,15.314080340220755,0.00015314080340220754,-1375.4386809279881,1084.012975248671,False
2009-07-16,115.49951171875117,101.57428075189586,0.0011549951171875117,0.0010157428075189586,13.92523096685531,0.0001392523096685531,-1361.513449961133,1084.012975248671,False
2009-07-17,456.00097656250057,500.27648723220966,0.0045600097656250055,0.005002764872322096,-44.27551066970909,-0.0004427551066970909,-1405.788960630842,1084.012975248671,False
2009-07-20,79.99975585937523,72.10368286378709,0.0007999975585937523,0.0007210368286378709,7.896072995588142,7.896072995588141e-05,-1397.8928876352538,1084.012975248671,False
2009-07-21,78.00048828124973,82.57112487978615,0.0007800048828124973,0.0008257112487978616,-4.570636598536424,-4.570636598536425e-05,-1402.4635242337902,1084.012975248671,False
2009-07-22,432.49999999999454,442.58768517812604,0.004324999999999945,0.004425876851781261,-10.087685178131494,-0.00010087685178131494,-1412.5512094119217,1084.012975248671,False
2009-07-23,106.4985351562508,77.00267828614533,0.001064985351562508,0.0007700267828614532,29.49585687010547,0.0002949585687010547,-1383.0553525418163,1084.012975248671,False
2009-07-24,39.500488281251556,43.020005867885075,0.00039500488281251554,0.0004302000586788507,-3.519517586633519,-3.519517586633519e-05,-1386.57487012845,1084.012975248671,False
2009-07-27,-484.0007324218755,-444.31445772568924,-0.0048400073242187555,-0.004443144577256892,-39.686274696186274,-0.00039686274696186275,-1426.2611448246362,1084.012975248671,False
2009-07-28,-125.50024414062624,-150.40097765518877,-0.0012550024414062623,-0.0015040097765518876,24.900733514562532,0.0002490073351456253,-1401.3604113100737,1084.012975248671,False
2009-07-29,161.50073242187383,171.22703974305884,0.0016150073242187383,0.0017122703974305883,-9.726307321185004,-9.726307321185004e-05,-1411.0867186312587,1084.012975248671,False
2009-07-30,371.7500000000028,284.60713598906057,0.0037175000000000276,0.0028460713598906055,87.14286401094222,0.0008714286401094222,-1323.9438546203164,1084.012975248671,False
2009-07-31,241.9999999999995,219.87957639523123,0.002419999999999995,0.0021987957639523124,22.120423604768263,0.00022120423604768264,-1301.823431015548,1084.012975248671,False
2009-08-03,245.00048828125333,213.0634239316108,0.002450004882812533,0.002130634239316108,31.937064349642526,0.0003193706434964253,-1269.8863666659056,1084.012975248671,False
2009-08-04,-105.50024414062605,-103.72409055749364,-0.0010550024414062605,-0.0010372409055749365,-1.7761535831324125,-1.7761535831324123e-05,-1271.662520249038,1084.012975248671,False
2009-08-05,-152.0004882812508,-132.18707590490948,-0.001520004882812508,-0.0013218707590490948,-19.81341237634132,-0.00019813412376341318,-1291.4759326253793,1084.012975248671,False
2009-08-06,83.99951171874932,57.398825623633655,0.0008399951171874932,0.0005739882562363365,26.600686095115663,0.0002660068609511566,-1264.8752465302637,1084.012975248671,False
2009-08-07,-261.4995117187515,-250.22272658506225,-0.0026149951171875146,-0.0025022272658506224,-11.27678513368923,-0.00011276785133689231,-1276.1520316639528,1084.012975248671,False
2009-08-10,-170.00048828125162,-146.3522936238119,-0.0017000048828125162,-0.001463522936238119,-23.648194657439717,-0.00023648194657439718,-1299.8002263213925,1084.012975248671,False
2009-08-11,233.2504882812521,266.067373468855,0.002332504882812521,0.00266067373468855,-32.81688518760291,-0.0003281688518760291,-1332.6171115089955,1084.012975248671,False
2009-08-12,214.25000000000148,217.80400672584446,0.0021425000000000146,0.0021780400672584445,-3.5540067258429815,-3.554006725842981e-05,-1336.1711182348386,1084.012975248671,False
2009-08-13,-300.4985351562501,-293.52976918606174,-0.0030049853515625013,-0.0029352976918606173,-6.968765970188372,-6.968765970188372e-05,-1343.1398842050269,1084.012975248671,False
2009-08-14,-736.5002441406256,-719.6517075980837,-0.007365002441406256,-0.0071965170759808374,-16.848536542541865,-0.00016848536542541864,-1359.9884207475689,1084.012975248671,False
2009-08-17,285.75024414062386,284.77781164977876,0.0028575024414062384,0.0028477781164977876,0.9724324908451081,9.724324908451081e-06,-1359.0159882567236,1084.012975248671,False
2009-08-18,332.4995117187556,315.1933594229658,0.0033249951171875564,0.0031519335942296577,17.306152295789843,0.00017306152295789844,-1341.7098359609338,1084.012975248671,False
2009-08-19,115.25048828125058,107.27709956154555,0.0011525048828125058,0.0010727709956154555,7.973388719705028,7.973388719705029e-05,-1333.7364472412287,1084.012975248671,False
2009-08-20,739.4999999999966,695.2329985815331,0.007394999999999966,0.006952329985815331,44.26700141846345,0.0004426700141846345,-1289.4694458227652,1084.012975248671,False
2009-08-21,-123.50000000000067,-138.35064896372631,-0.0012350000000000067,-0.001383506489637263,14.850648963725646,0.00014850648963725646,-1274.6187968590395,1084.012975248671,False
2009-08-24,50.49926757812379,56.11116362799161,0.0005049926757812379,0.0005611116362799161,-5.611896049867816,-5.6118960498678166e-05,-1280.2306929089073,1084.012975248671,False
2009-08-25,11.00097656250102,10.218117697676812,0.00011000976562501019,0.00010218117697676812,0.7828588648242079,7.828588648242079e-06,-1279.447834044083,1084.012975248671,False
2009-08-26,100.00000000000291,94.36611462017134,0.001000000000000029,0.0009436611462017134,5.633885379831568,5.633885379831568e-05,-1273.8139486642515,1084.012975248671,False
2009-08-27,201.99999999999997,246.54435276024392,0.0020199999999999997,0.002465443527602439,-44.54435276024395,-0.0004454435276024395,-1318.3583014244955,1084.012975248671,False
2009-08-28,-243.000488281252,-246.39119435139514,-0.00243000488281252,-0.0024639119435139515,3.3907060701431533,3.390706070143153e-05,-1314.9675953543524,1084.012975248671,False
2009-08-31,-580.2500000000022,-526.7695857363605,-0.005802500000000021,-0.005267695857363605,-53.480414263641705,-0.000534804142636417,-1368.448009617994,1084.012975248671,False
2009-09-01,396.2499999999978,467.15582486901906,0.003962499999999978,0.004671558248690191,-70.90582486902127,-0.0007090582486902128,-1439.3538344870153,1084.012975248671,False
2009-09-02,445.50073242187455,485.0547353356471,0.004455007324218745,0.004850547353356471,-39.554002913772536,-0.0003955400291377254,-1478.907837400788,1084.012975248671,False
2009-09-03,176.00000000000017,190.90334575004206,0.0017600000000000018,0.0019090334575004207,-14.903345750041893,-0.00014903345750041895,-1493.8111831508297,1084.012975248671,False
2009-09-04,249.99951171874932,263.27900040266906,0.0024999951171874933,0.0026327900040266907,-13.279488683919737,-0.00013279488683919736,-1507.0906718347494,1084.012975248671,False
2009-09-08,42.49853515624822,32.91245985807675,0.00042498535156248215,0.0003291245985807675,9.586075298171465,9.586075298171465e-05,-1497.504596536578,1084.012975248671,False
2009-09-09,124.50146484374987,134.21980474956476,0.0012450146484374988,0.0013421980474956476,-9.718339905814886,-9.718339905814887e-05,-1507.222936442393,1084.012975248671,False
2009-09-10,286.4992675781277,270.1444882212435,0.0028649926757812767,0.002701444882212435,16.354779356884194,0.00016354779356884193,-1490.8681570855088,1084.012975248671,False
2009-09-11,-0.000976562504764189,30.193403124679442,-9.76562504764189e-09,0.00030193403124679444,-30.194379687184206,-0.00030194379687184205,-1521.062536772693,1084.012975248671,False
2009-09-14,151.75146484375477,141.97337961344968,0.0015175146484375478,0.0014197337961344967,9.778085230305095,9.778085230305095e-05,-1511.2844515423878,1084.012975248671,False
2009-09-15,589.750488281249,600.8363393980433,0.005897504882812489,0.0060083633939804326,-11.085851116794288,-0.00011085851116794288,-1522.370302659182,1084.012975248671,False
2009-09-16,-69.50073242187565,-97.23716080253709,-0.0006950073242187565,-0.0009723716080253709,27.736428380661437,0.0002773642838066144,-1494.6338742785206,1084.012975248671,False
2009-09-17,-87.74902343749805,-79.51931296892113,-0.0008774902343749806,-0.0007951931296892112,-8.229710468576926,-8.229710468576925e-05,-1502.8635847470975,1084.012975248671,False
2009-09-18,-102.50048828125003,-115.20811149869148,-0.0010250048828125003,-0.0011520811149869149,12.707623217441451,0.00012707623217441451,-1490.155961529656,1084.012975248671,False
2009-09-21,461.24951171874625,457.1360269635083,0.004612495117187462,0.004571360269635083,4.113484755237948,4.1134847552379485e-05,-1486.042476774418,1084.012975248671,False
2009-09-22,-121.99951171874862,-135.11011676505328,-0.0012199951171874863,-0.0013511011676505327,13.110605046304656,0.00013110605046304656,-1472.9318717281133,1084.012975248671,False
2009-09-23,-509.49999999999943,-575.1610261997535,-0.0050949999999999945,-0.005751610261997535,65.66102619975402,0.0006566102619975402,-1407.2708455283591,1084.012975248671,False
2009-09-24,-110.50048828125058,-133.66194056734133,-0.0011050048828125057,-0.0013366194056734133,23.16145228609075,0.0002316145228609075,-1384.1093932422684,1084.012975248671,False
2009-09-25,191.50000000000182,204.03427992470947,0.0019150000000000183,0.002040342799247095,-12.534279924707647,-0.00012534279924707647,-1396.643673166976,1084.012975248671,False
2009-09-28,-29.74902343750155,-23.343431784264826,-0.0002974902343750155,-0.00023343431784264825,-6.405591653236723,-6.405591653236722e-05,-1403.0492648202128,1084.012975248671,False
2009-09-29,442.2507324218728,411.57169719876396,0.004422507324218728,0.00411571697198764,30.679035223108826,0.00030679035223108825,-1372.3702295971038,1084.012975248671,False
2009-09-30,-434.99975585937347,-420.03707743704774,-0.004349997558593735,-0.004200370774370478,-14.962678422325723,-0.00014962678422325722,-1387.3329080194296,1084.012975248671,False
2009-10-01,-25.750244140624872,-16.936961279423613,-0.00025750244140624874,-0.00016936961279423614,-8.813282861201259,-8.813282861201258e-05,-1396.146190880631,1084.012975248671,False
2009-10-02,414.25000000000006,427.91355922283896,0.0041425,0.0042791355922283895,-13.663559222838899,-0.000136635592228389,-1409.80975010347,1084.012975248671,False
2009-10-05,439.5002441406244,492.9456405764667,0.0043950024414062434,0.004929456405764667,-53.445396435842326,-0.0005344539643584232,-1463.2551465393121,1084.012975248671,False
2009-10-06,86.4995117187483,89.64552530435594,0.0008649951171874829,0.0008964552530435594,-3.1460135856076477,-3.146013585607648e-05,-1466.40116012492,1084.012975248671,False
2009-10-07,408.75048828124835,349.0639192848922,0.004087504882812483,0.0034906391928489224,59.68656899635613,0.0005968656899635612,-1406.7145911285638,1084.012975248671,False
2009-10-08,-16.50073242187353,-24.78024779250458,-0.0001650073242187353,-0.00024780247792504577,8.27951537063105,8.279515370631049e-05,-1398.4350757579327,1084.012975248671,False
2009-10-09,146.00024414062543,186.83521139503077,0.0014600024414062542,0.0018683521139503077,-40.83496725440534,-0.0004083496725440534,-1439.2700430123382,1084.012975248671,False
2009-10-12,31.749999999999986,55.86564027850086,0.00031749999999999986,0.0005586564027850086,-24.115640278500877,-0.00024115640278500876,-1463.385683290839,1084.012975248671,False
2009-10-13,324.00073242187426,371.29619943251436,0.0032400073242187426,0.0037129619943251434,-47.295467010640095,-0.00047295467010640096,-1510.6811503014792,1084.012975248671,False
2009-10-14,-259.00195312500057,-288.5972158750463,-0.0025900195312500056,-0.002885972158750463,29.59526275004572,0.0002959526275004572,-1481.0858875514334,1084.012975248671,False
2009-10-15,-175.24975585937563,-175.48634158535737,-0.0017524975585937563,-0.0017548634158535738,0.23658572598174032,2.365857259817403e-06,-1480.8493018254517,1084.012975248671,False
2009-10-16,341.99951171875335,311.59507168115834,0.0034199951171875334,0.0031159507168115833,30.40444003759501,0.00030404440037595006,-1450.4448617878566,1084.012975248671,False
2009-10-19,18.500000000003478,11.254370248430956,0.00018500000000003477,0.00011254370248430956,7.2456297515725225,7.245629751572523e-05,-1443.199232036284,1084.012975248671,False
2009-10-20,-6.999511718753064,25.104056220136606,-6.999511718753064e-05,0.00025104056220136604,-32.10356793888967,-0.0003210356793888967,-1475.3027999751737,1084.012975248671,False
2009-10-21,-35.75048828124852,8.788923509152458,-0.0003575048828124852,8.788923509152457e-05,-44.539411790400976,-0.00044539411790400974,-1519.8422117655746,1084.012975248671,False
2009-10-22,-133.74902343749787,-146.08150669570497,-0.0013374902343749786,-0.0014608150669570498,12.332483258207105,0.00012332483258207106,-1507.5097285073675,1084.012975248671,False
2009-10-23,-332.4995117187502,-358.1025933930404,-0.003324995117187502,-0.003581025933930404,25.603081674290195,0.00025603081674290196,-1481.9066468330773,1084.012975248671,False
2009-10-26,-333.5002441406265,-344.1350501806675,-0.003335002441406265,-0.0034413505018066753,10.634806040041042,0.00010634806040041041,-1471.2718407930363,1084.012975248671,False
2009-10-27,-648.0002441406272,-664.1062671148214,-0.006480002441406271,-0.006641062671148214,16.106022974194275,0.00016106022974194276,-1455.165817818842,1084.012975248671,False
2009-10-28,726.9995117187527,732.8387140095815,0.0072699951171875275,0.007328387140095815,-5.83920229082878,-5.83920229082878e-05,-1461.0050201096708,1084.012975248671,False
2009-10-29,-830.4995117187495,-780.6840538138636,-0.008304995117187495,-0.007806840538138636,-49.81545790488599,-0.0004981545790488599,-1510.8204780145568,1084.012975248671,False
2009-10-30,246.99975585937256,301.78394858176546,0.0024699975585937253,0.003017839485817655,-54.7841927223929,-0.000547841927223929,-1565.6046707369496,1084.012975248671,False
2009-11-02,442.75024414062204,480.11216507616865,0.00442750244140622,0.004801121650761687,-37.36192093554661,-0.00037361920935546607,-1602.9665916724962,1084.012975248671,False
2009-11-03,267.75024414061966,255.25906846867036,0.0026775024414061968,0.0025525906846867036,12.491175671949293,0.00012491175671949293,-1590.4754160005468,1084.012975248671,False
2009-11-04,247.50000000000023,219.78339708953524,0.0024750000000000024,0.0021978339708953526,27.716602910464985,0.00027716602910464987,-1562.7588130900817,1084.012975248671,False
2009-11-05,164.00048828124838,165.3559137104133,0.0016400048828124837,0.001653559137104133,-1.3554254291649102,-1.3554254291649101e-05,-1564.1142385192466,1084.012975248671,False
2009-11-06,515.9990234375002,424.51765153101826,0.005159990234375003,0.004245176515310182,91.48137190648197,0.0009148137190648197,-1472.6328666127647,1084.012975248671,False
2009-11-09,36.49951171874884,36.57067935227112,0.0003649951171874884,0.00036570679352271123,-0.07116763352227906,-7.116763352227907e-07,-1472.704034246287,1084.012975248671,False
2009-11-10,350.74951171875375,367.5446744307355,0.0035074951171875377,0.0036754467443073546,-16.79516271198173,-0.00016795162711981732,-1489.4991969582686,1084.012975248671,False
2009-11-11,-254.99999999999798,-272.76814916639273,-0.00254999999999998,-0.0027276814916639275,17.76814916639475,0.0001776814916639475,-1471.7310477918738,1084.012975248671,False
2009-11-12,151.2509765624973,198.71663272255432,0.001512509765624973,0.0019871663272255434,-47.46565616005702,-0.00047465656160057025,-1519.1967039519309,1084.012975248671,False
2009-11-13,402.999999999998,433.6129802620685,0.00402999999999998,0.004336129802620685,-30.612980262070494,-0.00030612980262070496,-1549.8096842140014,1084.012975248671,False
2009-11-16,18.74951171874843,19.12133293046611,0.0001874951171874843,0.0001912133293046611,-0.37182121171768046,-3.7182121171768046e-06,-1550.181505425719,1084.012975248671,False
2009-11-17,29.500976562499137,21.289272583394666,0.00029500976562499135,0.00021289272583394666,8.21170397910447,8.21170397910447e-05,-1541.9698014466146,1084.012975248671,False
2009-11-18,-189.0009765624992,-172.27068413339086,-0.001890009765624992,-0.0017227068413339086,-16.730292429108346,-0.00016730292429108345,-1558.700093875723,1084.012975248671,False
2009-11-19,63.25048828125102,77.4948212183104,0.0006325048828125103,0.000774948212183104,-14.244332937059383,-0.00014244332937059383,-1572.9444268127825,1084.012975248671,False
2009-11-20,551.0004882812528,461.65197844609855,0.005510004882812529,0.004616519784460985,89.34850983515429,0.0008934850983515429,-1483.5959169776281,1084.012975248671,False
2009-11-23,-2.2502441406245914,-1.7945176342212745,-2.2502441406245914e-05,-1.7945176342212746e-05,-0.4557265064033169,-4.557265064033169e-06,-1484.0516434840315,1084.012975248671,False
2009-11-24,499.49902343750364,428.3973142038389,0.004994990234375036,0.004283973142038389,71.10170923366474,0.0007110170923366473,-1412.9499342503668,1084.012975248671,False
2009-11-25,-462.99926757812614,-397.418674171917,-0.004629992675781261,-0.00397418674171917,-65.58059340620912,-0.0006558059340620912,-1478.530527656576,1084.012975248671,False
2009-11-27,136.99926757812614,149.62643202386357,0.0013699926757812615,0.0014962643202386357,-12.627164445737435,-0.00012627164445737436,-1491.1576921023134,1084.012975248671,False
2009-11-30,593.500488281252,547.8676483322039,0.005935004882812521,0.005478676483322039,45.63283994904816,0.00045632839949048164,-1445.5248521532653,1084.012975248671,False
2009-12-01,122.00048828124993,144.93622761162945,0.0012200048828124993,0.0014493622761162946,-22.93573933037952,-0.0002293573933037952,-1468.4605914836447,1084.012975248671,False
2009-12-02,-142.00073242187233,-125.14040302806484,-0.0014200073242187233,-0.0012514040302806484,-16.86032939380749,-0.0001686032939380749,-1485.3209208774522,1084.012975248671,False
2009-12-03,-866.9985351562502,-732.6311603414234,-0.008669985351562503,-0.007326311603414235,-134.3673748148268,-0.001343673748148268,-1619.688295692279,1084.012975248671,False
2009-12-04,-164.24999999999963,-151.84373097920417,-0.0016424999999999964,-0.0015184373097920417,-12.406269020795463,-0.00012406269020795463,-1632.0945647130745,1084.012975248671,False
2009-12-07,-336.75097656249955,-422.0188568221371,-0.0033675097656249956,-0.004220188568221371,85.26788025963754,0.0008526788025963754,-1546.8266844534369,1084.012975248671,False
2009-12-08,1.4999999999984368,-32.965958826534404,1.4999999999984368e-05,-0.00032965958826534404,34.46595882653284,0.0003446595882653284,-1512.360725626904,1084.012975248671,False
2009-12-09,228.00048828124483,224.02909251300358,0.002280004882812448,0.0022402909251300358,3.9713957682412513,3.9713957682412516e-05,-1508.3893298586627,1084.012975248671,False
2009-12-10,-144.00097656250068,-116.92443538347436,-0.0014400097656250069,-0.0011692443538347437,-27.07654117902632,-0.0002707654117902632,-1535.4658710376889,1084.012975248671,False
2009-12-11,231.50048828125085,238.77770800612012,0.0023150048828125087,0.0023877770800612014,-7.277219724869269,-7.27721972486927e-05,-1542.743090762558,1084.012975248671,False
2009-12-14,-91.74853515624878,-88.38818437123336,-0.0009174853515624878,-0.0008838818437123336,-3.360350785015413,-3.360350785015413e-05,-1546.1034415475735,1084.012975248671,False
2009-12-15,424.7485351562507,358.74936999063164,0.004247485351562507,0.0035874936999063163,65.99916516561905,0.0006599916516561905,-1480.1042763819546,1084.012975248671,False
2009-12-16,-403.5004882812502,-530.9004745886392,-0.004035004882812502,-0.0053090047458863926,127.39998630738899,0.0012739998630738898,-1352.7042900745655,1084.012975248671,False
2009-12-17,101.50097656249862,96.3572509691265,0.0010150097656249862,0.000963572509691265,5.143725593372125,5.143725593372125e-05,-1347.5605644811933,1084.012975248671,False
2009-12-18,-220.50000000000068,-155.4072164565011,-0.002205000000000007,-0.0015540721645650108,-65.09278354349959,-0.000650927835434996,-1412.6533480246928,1084.012975248671,False
2009-12-21,-35.75048828125066,-67.37074148605616,-0.0003575048828125066,-0.0006737074148605617,31.6202532048055,0.000316202532048055,-1381.0330948198873,1084.012975248671,False
2009-12-22,201.00097656250438,160.8636751166651,0.002010009765625044,0.001608636751166651,40.137301445839284,0.0004013730144583928,-1340.895793374048,1084.012975248671,False
2009-12-23,376.4985351562539,340.82894351913023,0.0037649853515625393,0.0034082894351913024,35.66959163712369,0.0003566959163712369,-1305.2262017369244,1084.012975248671,False
2009-12-24,71.9997558593783,79.28199464331871,0.000719997558593783,0.0007928199464331871,-7.282238783940414,-7.282238783940415e-05,-1312.5084405208647,1084.012975248671,False
2009-12-28,-222.7485351562513,-227.11049135493533,-0.002227485351562513,-0.0022711049135493533,4.361956198684027,4.361956198684027e-05,-1308.1464843221806,1084.012975248671,False
2009-12-29,-89.9995117187462,-64.84718669630058,-0.0008999951171874621,-0.0006484718669630058,-25.152325022445623,-0.00025152325022445625,-1333.2988093446263,1084.012975248671,False
2009-12-30,-223.00097656250148,-211.56416409927976,-0.0022300097656250146,-0.0021156416409927976,-11.436812463221713,-0.00011436812463221713,-1344.735621807848,1084.012975248671,False
2009-12-31,733.9995117187448,753.6524280775611,0.0073399951171874474,0.007536524280775611,-19.652916358816356,-0.00019652916358816355,-1364.3885381666644,1084.012975248671,False
2010-01-04,36.000244140625355,28.118717720239886,0.00036000244140625356,0.0002811871772023989,7.88152642038547,7.88152642038547e-05,-1356.507011746279,1084.012975248671,False
2010-01-05,336.50097656249653,346.4141453279766,0.0033650097656249653,0.003464141453279766,-9.913168765480066,-9.913168765480065e-05,-1366.420180511759,1084.012975248671,False
2010-01-06,35.49951171875106,32.775805656985504,0.0003549951171875106,0.000327758056569855,2.7237060617655544,2.7237060617655545e-05,-1363.6964744499935,1084.012975248671,False
2010-01-07,148.99902343750114,152.55197830332182,0.0014899902343750114,0.0015255197830332183,-3.5529548658206807,-3.55295486582068e-05,-1367.2494293158143,1084.012975248671,False
2010-01-08,242.00000000000017,249.2704396557953,0.0024200000000000016,0.002492704396557953,-7.270439655795116,-7.270439655795115e-05,-1374.5198689716094,1084.012975248671,False
2010-01-11,-518.5000000000017,-429.41405853577913,-0.005185000000000017,-0.004294140585357791,-89.08594146422257,-0.0008908594146422257,-1463.605810435832,1084.012975248671,False
2010-01-12,179.50024414062358,208.64134473281908,0.0017950024414062358,0.0020864134473281906,-29.1411005921955,-0.000291411005921955,-1492.7469110280274,1084.012975248671,False
2010-01-13,188.75146484375162,174.47000482660545,0.0018875146484375162,0.0017447000482660544,14.281460017146173,0.00014281460017146174,-1478.4654510108812,1084.012975248671,False
2010-01-14,-471.0000000000002,-451.6074966943673,-0.004710000000000002,-0.004516074966943673,-19.392503305632943,-0.0001939250330563294,-1497.8579543165142,1084.012975248671,False
2010-01-15,367.50000000000233,318.4630423178941,0.0036750000000000233,0.003184630423178941,49.03695768210821,0.000490369576821082,-1448.8209966344061,1084.012975248671,False
2010-01-19,-697.7504882812486,-598.6055473446102,-0.006977504882812486,-0.0059860554734461014,-99.14494093663848,-0.0009914494093663847,-1547.9659375710446,1084.012975248671,False
2010-01-20,-313.00024414062557,-325.93393114306156,-0.0031300024414062555,-0.0032593393114306157,12.933687002435988,0.00012933687002435987,-1535.0322505686086,1084.012975248671,False
2010-01-21,-543.0,-467.84200183898275,-0.00543,-0.004678420018389828,-75.15799816101725,-0.0007515799816101724,-1610.1902487296259,1084.012975248671,False
2010-01-22,131.99999999999716,102.48921994620223,0.0013199999999999716,0.0010248921994620223,29.51078005379493,0.0002951078005379493,-1580.679468675831,1084.012975248671,False
2010-01-25,5.7495117187501315,1.2861920436220515,5.749511718750131e-05,1.2861920436220515e-05,4.46331967512808,4.46331967512808e-05,-1576.216149000703,1084.012975248671,False
2010-01-26,-114.74853515624795,-151.71402191228051,-0.0011474853515624796,-0.0015171402191228051,36.96548675603256,0.00036965486756032563,-1539.2506622446704,1084.012975248671,False
2010-01-27,-402.25048828125125,-434.10417109808117,-0.004022504882812513,-0.004341041710980812,31.853682816829917,0.00031853682816829914,-1507.3969794278405,1084.012975248671,False
2010-01-28,-251.25000000000136,-254.7395295892004,-0.002512500000000014,-0.002547395295892004,3.489529589199037,3.489529589199037e-05,-1503.9074498386415,1084.012975248671,False
2010-01-29,813.7485351562445,767.0141463675359,0.008137485351562446,0.007670141463675359,46.73438878870866,0.00046734388788708655,-1457.1730610499328,1084.012975248671,False
2010-02-01,290.9999999999994,326.37596295995525,0.0029099999999999938,0.0032637596295995524,-35.37596295995587,-0.0003537596295995587,-1492.5490240098886,1084.012975248671,False
2010-02-02,-90.75000000000064,-67.51641891766998,-0.0009075000000000064,-0.0006751641891766998,-23.23358108233066,-0.0002323358108233066,-1515.7826050922192,1084.012975248671,False
2010-02-03,-1356.7499999999984,-1322.381262054605,-0.013567499999999984,-0.01322381262054605,-34.36873794539338,-0.0003436873794539338,-1550.1513430376126,1084.012975248671,False
2010-02-04,-70.99951171875048,-67.56555101942251,-0.0007099951171875049,-0.0006756555101942251,-3.4339606993279688,-3.4339606993279686e-05,-1553.5853037369407,1084.012975248671,False
2010-02-05,31.25024414062719,106.5079354955457,0.00031250244140627187,0.001065079354955457,-75.2576913549185,-0.0007525769135491851,-1628.8429950918592,1084.012975248671,False
2010-02-08,565.0000000000014,511.1729764074535,0.0056500000000000135,0.005111729764074535,53.827023592547846,0.0005382702359254785,-1575.0159714993113,1084.012975248671,False
2010-02-09,-106.50048828125023,-107.45640722530841,-0.0010650048828125022,-0.001074564072253084,0.9559189440581832,9.559189440581833e-06,-1574.0600525552532,1084.012975248671,False
2010-02-10,879.000488281253,964.4867952448288,0.00879000488281253,0.009644867952448288,-85.48630696357588,-0.0008548630696357588,-1659.546359518829,1084.012975248671,False
2010-02-11,11.999267578124218,-7.235250930381824,0.00011999267578124219,-7.235250930381824e-05,19.234518508506042,0.0001923451850850604,-1640.311841010323,1084.012975248671,False
2010-02-12,731.2509765624983,726.5692913893997,0.007312509765624983,0.007265692913893998,4.681685173098572,4.6816851730985715e-05,-1635.6301558372243,1084.012975248671,False
2010-02-16,115.49926757812749,98.83966246820395,0.0011549926757812748,0.0009883966246820395,16.659605109923532,0.00016659605109923533,-1618.9705507273006,1084.012975248671,False
2010-02-17,68.00195312500105,74.53836947874468,0.0006800195312500105,0.0007453836947874468,-6.536416353743633,-6.536416353743633e-05,-1625.5069670810442,1084.012975248671,False
2010-02-18,69.49804687500118,88.10896243287577,0.0006949804687500118,0.0008810896243287577,-18.61091555787459,-0.0001861091555787459,-1644.1178826389187,1084.012975248671,False
2010-02-19,-154.2499999999976,-177.4978729008855,-0.0015424999999999762,-0.0017749787290088552,23.2478729008879,0.000232478729008879,-1620.8700097380308,1084.012975248671,False
2010-02-22,-391.74804687499875,-388.4192298957804,-0.003917480468749988,-0.003884192298957804,-3.3288169792183453,-3.328816979218345e-05,-1624.1988267172492,1084.012975248671,False
2010-02-23,-62.750000000002295,-51.44575544437237,-0.000627500000000023,-0.0005144575544437236,-11.304244555629928,-0.00011304244555629929,-1635.5030712728792,1084.012975248671,False
2010-02-24,218.74853515624673,213.26636028531902,0.0021874853515624674,0.00213266360285319,5.482174870927707,5.4821748709277074e-05,-1630.0208964019514,1084.012975248671,False
2010-02-25,224.2504882812512,186.26854700009162,0.002242504882812512,0.0018626854700009162,37.98194128115958,0.00037981941281159577,-1592.0389551207918,1084.012975248671,False
2010-02-26,91.50048828125011,111.37570899411334,0.0009150048828125011,0.0011137570899411335,-19.875220712863225,-0.00019875220712863226,-1611.914175833655,1084.012975248671,False
2010-03-01,415.99951171875415,486.2669619496526,0.0041599951171875415,0.004862669619496526,-70.26745023089848,-0.0007026745023089848,-1682.1816260645535,1084.012975248671,False
2010-03-02,73.0002441406263,92.7295450534356,0.0007300024414062629,0.000927295450534356,-19.729300912809308,-0.00019729300912809308,-1701.9109269773628,1084.012975248671,False
2010-03-03,-116.75146484375556,-90.90862772178164,-0.0011675146484375555,-0.0009090862772178164,-25.842837121973915,-0.00025842837121973914,-1727.7537640993366,1084.012975248671,False
2010-03-04,358.7519531250007,333.10683559160907,0.0035875195312500066,0.003331068355916091,25.645117533391613,0.0002564511753339161,-1702.108646565945,1084.012975248671,False
2010-03-05,-213.5014648437522,-244.29528549706674,-0.0021350146484375217,-0.0024429528549706676,30.793820653314555,0.00030793820653314557,-1671.3148259126306,1084.012975248671,False
2010-03-08,70.50097656249685,70.93453985735553,0.0007050097656249684,0.0007093453985735554,-0.4335632948586863,-4.335632948586863e-06,-1671.7483892074893,1084.012975248671,False
2010-03-09,-135.25146484375335,-194.48232830541968,-0.0013525146484375335,-0.0019448232830541969,59.23086346166633,0.0005923086346166633,-1612.517525745823,1084.012975248671,False
2010-03-10,99.25195312499618,82.6327475557276,0.0009925195312499619,0.000826327475557276,16.619205569268573,0.00016619205569268572,-1595.8983201765543,1084.012975248671,False
2010-03-11,-112.75000000000081,-133.4750998926948,-0.001127500000000008,-0.001334750998926948,20.72509989269399,0.0002072509989269399,-1575.1732202838602,1084.012975248671,False
2010-03-12,29.999023437501126,26.094061971552872,0.00029999023437501124,0.0002609406197155287,3.9049614659482543,3.9049614659482544e-05,-1571.268258817912,1084.012975248671,False
2010-03-15,526.7495117187477,581.89845016147,0.005267495117187477,0.0058189845016147,-55.14893844272228,-0.0005514893844272229,-1626.4171972606343,1084.012975248671,False
2010-03-16,101.50073242187734,107.68572882254318,0.0010150073242187734,0.0010768572882254319,-6.184996400665838,-6.184996400665838e-05,-1632.6021936613001,1084.012975248671,False
2010-03-17,100.49853515624639,102.98689139847629,0.001004985351562464,0.0010298689139847628,-2.488356242229898,-2.488356242229898e-05,-1635.09054990353,1084.012975248671,False
2010-03-18,-511.000488281248,-568.1462127846642,-0.00511000488281248,-0.005681462127846641,57.14572450341615,0.0005714572450341615,-1577.9448254001138,1084.012975248671,False
2010-03-19,70.25024414062135,22.350068329573972,0.0007025024414062135,0.00022350068329573972,47.900175811047376,0.00047900175811047376,-1530.0446495890665,1084.012975248671,False
2010-03-22,214.00146484375142,208.6157301013492,0.002140014648437514,0.002086157301013492,5.385734742402235,5.385734742402235e-05,-1524.6589148466642,1084.012975248671,False
2010-03-23,-391.0004882812506,-406.633179057036,-0.003910004882812506,-0.0040663317905703595,15.632690775785363,0.00015632690775785362,-1509.026224070879,1084.012975248671,False
2010-03-24,6.749755859373755,32.27640040225875,6.749755859373754e-05,0.0003227640040225875,-25.526644542884995,-0.0002552664454288499,-1534.5528686137638,1084.012975248671,False
2010-03-25,248.25048828124838,254.37447004407088,0.0024825048828124837,0.0025437447004407086,-6.1239817628224955,-6.123981762822496e-05,-1540.6768503765863,1084.012975248671,False
2010-03-26,232.74999999999784,221.94684198803083,0.0023274999999999785,0.002219468419880308,10.803158011967014,0.00010803158011967014,-1529.8736923646193,1084.012975248671,False
2010-03-29,-83.75097656249997,-83.64914802977093,-0.0008375097656249998,-0.0008364914802977092,-0.10182853272904424,-1.0182853272904424e-06,-1529.9755208973484,1084.012975248671,False
2010-03-30,73.25097656249756,68.12541115100646,0.0007325097656249755,0.0006812541115100646,5.125565411491095,5.1255654114910955e-05,-1524.8499554858572,1084.012975248671,False
2010-03-31,344.4995117187473,290.3952391014637,0.0034449951171874734,0.002903952391014637,54.10427261728364,0.0005410427261728364,-1470.7456828685736,1084.012975248671,False
2010-04-01,76.99951171875172,105.75948693393644,0.0007699951171875172,0.0010575948693393644,-28.759975215184724,-0.00028759975215184724,-1499.5056580837584,1084.012975248671,False
2010-04-02,181.74999999999702,202.99337893526217,0.0018174999999999702,0.0020299337893526217,-21.243378935265156,-0.00021243378935265156,-1520.7490370190235,1084.012975248671,False
2010-04-05,82.0014648437463,75.3629350085698,0.000820014648437463,0.0007536293500856981,6.638529835176499,6.638529835176499e-05,-1514.110507183847,1084.012975248671,False
2010-04-06,223.74999999999673,244.62854850208583,0.0022374999999999674,0.0024462854850208584,-20.878548502089103,-0.00020878548502089103,-1534.9890556859361,1084.012975248671,False
2010-04-07,90.25024414062031,81.21503294524676,0.000902502441406203,0.0008121503294524676,9.035211195373549,9.035211195373549e-05,-1525.9538444905627,1084.012975248671,False
2010-04-08,359.24999999999955,348.1286276390689,0.0035924999999999954,0.003481286276390689,11.12137236093065,0.0001112137236093065,-1514.8324721296322,1084.012975248671,False
2010-04-09,7.998535156248808,6.294644379319436,7.998535156248808e-05,6.294644379319436e-05,1.7038907769293719,1.703890776929372e-05,-1513.1285813527027,1084.012975248671,False
2010-04-12,-133.4985351562502,-153.11505029467835,-0.0013349853515625019,-0.0015311505029467836,19.616515138428156,0.00019616515138428156,-1493.5120662142745,1084.012975248671,False
2010-04-13,309.49902343750125,255.72251209411195,0.0030949902343750126,0.0025572251209411193,53.7765113433893,0.000537765113433893,-1439.7355548708852,1084.012975248671,False
2010-04-14,40.499023437502956,36.01670244944587,0.00040499023437502957,0.0003601670244944587,4.482320988057083,4.482320988057083e-05,-1435.253233882828,1084.012975248671,False
2010-04-15,-609.2480468750002,-725.8225752547112,-0.006092480468750002,-0.0072582257525471115,116.57452837971096,0.0011657452837971094,-1318.678705503117,1084.012975248671,False
2010-04-16,21.749023437498295,21.81292547388161,0.00021749023437498294,0.0002181292547388161,-0.06390203638331471,-6.390203638331471e-07,-1318.7426075395003,1084.012975248671,False
2010-04-19,140.5004882812493,146.95964010361635,0.0014050048828124929,0.0014695964010361636,-6.459151822367062,-6.459151822367062e-05,-1325.2017593618675,1084.012975248671,False
2010-04-20,169.49951171875045,166.82984799247535,0.0016949951171875046,0.0016682984799247535,2.669663726275104,2.669663726275104e-05,-1322.5320956355924,1084.012975248671,False
2010-04-21,-31.249023437500547,-57.88512615545945,-0.00031249023437500547,-0.0005788512615545945,26.636102717958906,0.00026636102717958904,-1295.8959929176335,1084.012975248671,False
2010-04-22,354.49853515625273,299.267456145837,0.0035449853515625274,0.00299267456145837,55.231079010415726,0.0005523107901041573,-1240.6649139072179,1084.012975248671,False
2010-04-23,-28.499511718751737,-29.2276032136459,-0.00028499511718751736,-0.00029227603213645897,0.7280914948941621,7.280914948941622e-06,-1239.9368224123236,1084.012975248671,False
2010-04-26,-49.25097656249763,-83.2220296248438,-0.0004925097656249763,-0.0008322202962484379,33.97105306234617,0.00033971053062346174,-1205.9657693499776,1084.012975248671,False
2010-04-27,273.9995117187522,231.15309480243084,0.002739995117187522,0.0023115309480243084,42.846416916321374,0.00042846416916321375,-1163.119352433656,1084.012975248671,False
2010-04-28,404.24999999999574,360.6372497778424,0.004042499999999958,0.003606372497778424,43.61275022215335,0.00043612750222153353,-1119.5066022115027,1084.012975248671,False
2010-04-29,-40.7495117187467,-77.72166218923081,-0.00040749511718746705,-0.0007772166218923081,36.97215047048411,0.0003697215047048411,-1082.5344517410185,1084.012975248671,False
2010-04-30,214.99975585937116,189.1135419432484,0.0021499975585937115,0.0018911354194324841,25.886213916122756,0.0002588621391612276,-1056.6482378248957,1084.012975248671,False
2010-05-03,-641.999511718749,-615.3816789950478,-0.00641999511718749,-0.006153816789950478,-26.617832723701213,-0.0002661783272370121,-1083.2660705485969,1084.012975248671,False
2010-05-04,-50.4995117187479,-16.332461396823746,-0.000504995117187479,-0.00016332461396823745,-34.16705032192415,-0.00034167050321924153,-1117.433120870521,1084.012975248671,False
2010-05-05,-486.50146484374795,-469.5359540847958,-0.00486501464843748,-0.004695359540847958,-16.965510758952178,-0.00016965510758952177,-1134.3986316294731,1084.012975248671,False
2010-05-06,-96.4990234375,-97.92755846975008,-0.000964990234375,-0.0009792755846975009,1.4285350322500818,1.4285350322500819e-05,-1132.9700965972231,1084.012975248671,False
2010-05-07,697.4990234375002,662.0692930754753,0.006974990234375002,0.006620692930754754,35.429730362024884,0.00035429730362024884,-1097.5403662351982,1084.012975248671,False
2010-05-10,186.4999999999996,243.78453176034662,0.001864999999999996,0.002437845317603466,-57.28453176034702,-0.0005728453176034702,-1154.8248979955451,1084.012975248671,False
2010-05-11,540.5004882812514,486.5395086651238,0.005405004882812514,0.004865395086651238,53.96097961612759,0.0005396097961612759,-1100.8639183794176,1084.012975248671,False
2010-05-12,-255.0002441406251,-202.5297065290579,-0.002550002441406251,-0.002025297065290579,-52.47053761156721,-0.0005247053761156721,-1153.3344559909847,1084.012975248671,False
2010-05-13,-196.5002441406262,-140.49098243708875,-0.001965002441406262,-0.0014049098243708875,-56.00926170353745,-0.0005600926170353745,-1209.3437176945222,1084.012975248671,False
2010-05-14,9.75097656250044,7.5585517958758075,9.75097656250044e-05,7.558551795875808e-05,2.192424766624633,2.192424766624633e-05,-1207.1512929278977,1084.012975248671,False
2010-05-17,-636.0000000000001,-639.778078091425,-0.006360000000000001,-0.0063977807809142495,3.7780780914248453,3.7780780914248455e-05,-1203.373214836473,1084.012975248671,False
2010-05-18,-341.9999999999994,-378.5782767973349,-0.003419999999999994,-0.003785782767973349,36.57827679733555,0.00036578276797335547,-1166.7949380391374,1084.012975248671,False
2010-05-19,-780.5000000000016,-696.0856238635303,-0.007805000000000016,-0.006960856238635303,-84.41437613647133,-0.0008441437613647134,-1251.2093141756086,1084.012975248671,False
2010-05-20,-139.99999999999744,-94.78447071209845,-0.0013999999999999744,-0.0009478447071209846,-45.21552928789899,-0.00045215529287898987,-1296.4248434635076,1084.012975248671,False
2010-05-21,84.50024414062416,103.07700607208575,0.0008450024414062416,0.0010307700607208575,-18.57676193146159,-0.0001857676193146159,-1315.0016053949691,1084.012975248671,False
2010-05-24,78.00000000000406,75.73111851666832,0.0007800000000000406,0.0007573111851666832,2.268881483335747,2.268881483335747e-05,-1312.7327239116335,1084.012975248671,False
2010-05-25,-12.249511718753581,-53.680203415209036,-0.00012249511718753582,-0.0005368020341520904,41.430691696455455,0.00041430691696455455,-1271.302032215178,1084.012975248671,False
2010-05-26,671.500000000001,542.25202733828,0.00671500000000001,0.005422520273382799,129.24797266172106,0.0012924797266172107,-1142.0540595534571,1084.012975248671,False
2010-05-27,-50.500488281249744,-32.191769051306984,-0.0005050048828124975,-0.00032191769051306986,-18.30871922994276,-0.0001830871922994276,-1160.3627787833998,1084.012975248671,False
2010-05-28,196.00048828125063,257.9262869769474,0.0019600048828125063,0.002579262869769474,-61.925798695696756,-0.0006192579869569676,-1222.2885774790966,1084.012975248671,False
2010-06-01,285.24951171874847,324.41409451296715,0.0028524951171874846,0.0032441409451296715,-39.16458279421869,-0.0003916458279421869,-1261.4531602733152,1084.012975248671,False
2010-06-02,-214.49951171875168,-194.60550989053363,-0.002144995117187517,-0.0019460550989053363,-19.89400182821805,-0.00019894001828218053,-1281.3471621015333,1084.012975248671,False
2010-06-03,-491.50048828125057,-389.5388622982734,-0.004915004882812506,-0.003895388622982734,-101.96162598297718,-0.0010196162598297717,-1383.3087880845105,1084.012975248671,False
2010-06-04,76.99975585937614,198.7611604084829,0.0007699975585937613,0.0019876116040848293,-121.76140454910677,-0.0012176140454910676,-1505.0701926336174,1084.012975248671,False
2010-06-07,78.75048828125034,94.80162765688655,0.0007875048828125034,0.0009480162765688656,-16.05113937563621,-0.0001605113937563621,-1521.1213320092536,1084.012975248671,False
2010-06-08,-425.4990234375024,-341.29168958194407,-0.004254990234375024,-0.0034129168958194405,-84.20733385555832,-0.0008420733385555831,-1605.328665864812,1084.012975248671,False
2010-06-09,527.4992675781293,580.5993618882272,0.005274992675781293,0.005805993618882272,-53.100094310097916,-0.0005310009431009792,-1658.4287601749097,1084.012975248671,False
2010-06-10,209.00000000000355,254.3492274503406,0.0020900000000000354,0.002543492274503406,-45.349227450337054,-0.00045349227450337056,-1703.7779876252469,1084.012975248671,False
2010-06-11,-34.499511718749424,-65.43292149109357,-0.00034499511718749426,-0.0006543292149109357,30.93340977234414,0.0003093340977234414,-1672.8445778529026,1084.012975248671,False
2010-06-14,270.0004882812463,276.56357708164387,0.002700004882812463,0.0027656357708164387,-6.563088800397566,-6.563088800397566e-05,-1679.4076666533,1084.012975248671,False
2010-06-15,-11.500244140625675,-22.270409627075075,-0.00011500244140625676,-0.00022270409627075076,10.7701654864494,0.000107701654864494,-1668.6375011668506,1084.012975248671,False
2010-06-16,400.4990234375025,362.950988287789,0.004004990234375025,0.00362950988287789,37.548035149713485,0.00037548035149713487,-1631.089466017137,1084.012975248671,False
2010-06-17,73.49975585937302,78.14841432850267,0.0007349975585937302,0.0007814841432850267,-4.648658469129643,-4.6486584691296425e-05,-1635.7381244862668,1084.012975248671,False
2010-06-18,-212.24975585937352,-268.51414429819,-0.002122497558593735,-0.0026851414429818997,56.26438843881647,0.0005626438843881646,-1579.4737360474503,1084.012975248671,False
2010-06-21,-384.0002441406258,-420.5074526724117,-0.003840002441406258,-0.004205074526724117,36.50720853178592,0.0003650720853178592,-1542.9665275156644,1084.012975248671,False
2010-06-22,-138.0000000000011,-127.81491956832565,-0.001380000000000011,-0.0012781491956832564,-10.185080431675459,-0.00010185080431675459,-1553.15160794734,1084.012975248671,False
2010-06-23,76.50195312500358,76.44326273988685,0.0007650195312500359,0.0007644326273988684,0.05869038511673352,5.869038511673352e-07,-1553.0929175622232,1084.012975248671,False
2010-06-24,61.99926757812753,90.44762182167979,0.0006199926757812753,0.0009044762182167979,-28.44835424355226,-0.0002844835424355226,-1581.5412718057755,1084.012975248671,False
2010-06-25,-188.9997558593742,-241.2322281099893,-0.001889997558593742,-0.002412322281099893,52.2324722506151,0.000522324722506151,-1529.3087995551605,1084.012975248671,False
2010-06-28,-396.99951171875006,-304.6210891787712,-0.003969995117187501,-0.0030462108917877115,-92.37842253997889,-0.0009237842253997889,-1621.6872220951393,1084.012975248671,False
2010-06-29,-75.75000000000334,-75.5146207272243,-0.0007575000000000334,-0.0007551462072722429,-0.23537927277904203,-2.3537927277904204e-06,-1621.9226013679183,1084.012975248671,False
2010-06-30,-891.5014648437493,-962.6572464791419,-0.008915014648437494,-0.009626572464791419,71.1557816353926,0.000711557816353926,-1550.7668197325256,1084.012975248671,False
2010-07-01,-119.00000000000011,-130.30238597334514,-0.0011900000000000012,-0.0013030238597334515,11.302385973345025,0.00011302385973345025,-1539.4644337591806,1084.012975248671,False
2010-07-02,-45.9995117187531,1.8760103425475023,-0.000459995117187531,1.8760103425475022e-05,-47.8755220613006,-0.000478755220613006,-1587.3399558204812,1084.012975248671,False
2010-07-06,866.0009765624986,801.9226698934538,0.008660009765624987,0.008019226698934538,64.07830666904488,0.0006407830666904488,-1523.2616491514364,1084.012975248671,False
2010-07-07,-56.000976562499424,-47.74947936972363,-0.0005600097656249943,-0.0004774947936972363,-8.251497192775794,-8.251497192775794e-05,-1531.5131463442121,1084.012975248671,False
2010-07-08,273.9990234374989,320.120449662552,0.0027399902343749893,0.0032012044966255203,-46.121426225053085,-0.00046121426225053085,-1577.6345725692652,1084.012975248671,False
2010-07-09,-221.9995117187507,-175.7757419108468,-0.0022199951171875073,-0.001757757419108468,-46.22376980790392,-0.0004622376980790392,-1623.858342377169,1084.012975248671,False
2010-07-12,296.00097656250006,214.37250672021736,0.0029600097656250005,0.0021437250672021735,81.6284698422827,0.000816284698422827,-1542.2298725348865,1084.012975248671,False
2010-07-13,-30.000000000002608,-69.72514408558926,-0.0003000000000000261,-0.0006972514408558927,39.725144085586656,0.00039725144085586656,-1502.5047284492998,1084.012975248671,False
2010-07-14,17.9985351562503,17.843118769320487,0.00017998535156250298,0.00017843118769320486,0.15541638692981152,1.5541638692981151e-06,-1502.34931206237,1084.012975248671,False
2010-07-15,-453.499511718749,-620.2572230600665,-0.00453499511718749,-0.006202572230600665,166.75771134131753,0.0016675771134131753,-1335.5916007210526,1084.012975248671,False
2010-07-16,-62.99926757812551,-84.79328130103778,-0.0006299926757812551,-0.0008479328130103778,21.79401372291227,0.0002179401372291227,-1313.7975869981403,1084.012975248671,False
2010-07-19,195.9985351562463,157.74268146309848,0.001959985351562463,0.0015774268146309847,38.25585369314783,0.00038255853693147825,-1275.5417333049925,1084.012975248671,False
2010-07-20,1.9995117187522813,-5.213915577288747,1.9995117187522812e-05,-5.2139155772887465e-05,7.2134272960410275,7.213427296041028e-05,-1268.3283060089514,1084.012975248671,False
2010-07-21,76.00097656249898,100.77586625782533,0.0007600097656249898,0.0010077586625782532,-24.77488969532635,-0.0002477488969532635,-1293.1031957042778,1084.012975248671,False
2010-07-22,-114.00097656249858,-110.60189768662538,-0.0011400097656249857,-0.0011060189768662537,-3.399078875873201,-3.3990788758732006e-05,-1296.502274580151,1084.012975248671,False
2010-07-23,-66.49902343750068,-43.82349093446721,-0.0006649902343750068,-0.00043823490934467206,-22.675532503033473,-0.00022675532503033474,-1319.1778070831845,1084.012975248671,False
2010-07-26,-490.99951171874983,-515.881634385707,-0.004909995117187498,-0.00515881634385707,24.882122666957173,0.0002488212266695717,-1294.2956844162272,1084.012975248671,False
2010-07-27,-177.99975585937628,-175.11359435680038,-0.0017799975585937628,-0.0017511359435680037,-2.886161502575902,-2.8861615025759023e-05,-1297.1818459188032,1084.012975248671,False
2010-07-28,109.9999999999998,118.76161258677166,0.0010999999999999981,0.0011876161258677167,-8.76161258677186,-8.761612586771861e-05,-1305.943458505575,1084.012975248671,False
2010-07-29,273.99902343749693,249.51594856059518,0.0027399902343749694,0.002495159485605952,24.483074876901753,0.0002448307487690175,-1281.4603836286733,1084.012975248671,False
2010-07-30,158.00000000000296,95.33331047284312,0.0015800000000000295,0.0009533331047284312,62.66668952715983,0.0006266668952715983,-1218.7936941015134,1084.012975248671,False
2010-08-02,21.99951171875352,21.632089634715882,0.0002199951171875352,0.0002163208963471588,0.36742208403763854,3.6742208403763856e-06,-1218.4262720174759,1084.012975248671,False
2010-08-03,363.5007324218761,330.75365153432875,0.0036350073242187608,0.0033075365153432874,32.74708088754733,0.0003274708088754733,-1185.6791911299285,1084.012975248671,False
2010-08-04,41.000488281250696,34.78156541810985,0.00041000488281250696,0.00034781565418109847,6.218922863140847,6.218922863140847e-05,-1179.4602682667878,1084.012975248671,False
2010-08-05,65.99999999999453,73.80370472990764,0.0006599999999999452,0.0007380370472990763,-7.8037047299131075,-7.803704729913108e-05,-1187.2639729967009,1084.012975248671,False
2010-08-06,80.99853515624889,77.72514781939739,0.0008099853515624889,0.000777251478193974,3.273387336851499,3.2733873368514994e-05,-1183.9905856598493,1084.012975248671,False
2010-08-09,-218.49951171874795,-239.61328434121378,-0.0021849951171874797,-0.002396132843412138,21.11377262246583,0.0002111377262246583,-1162.8768130373835,1084.012975248671,False
2010-08-10,-440.9985351562501,-491.0627883385855,-0.004409985351562501,-0.004910627883385855,50.06425318233539,0.000500642531823354,-1112.8125598550482,1084.012975248671,False
2010-08-11,524.9999999999976,450.3331856878601,0.005249999999999976,0.004503331856878601,74.66681431213749,0.0007466681431213749,-1038.1457455429108,1084.012975248671,False
2010-08-12,-1.0009765625006268,1.8825937986997316,-1.0009765625006268e-05,1.8825937986997315e-05,-2.8835703612003583,-2.8835703612003582e-05,-1041.0293159041112,1084.012975248671,False
2010-08-13,211.0019531250019,225.61542394397713,0.002110019531250019,0.002256154239439771,-14.61347081897523,-0.0001461347081897523,-1055.6427867230864,1084.012975248671,False
2010-08-16,119.9995117187485,93.74611807551159,0.001199995117187485,0.0009374611807551158,26.253393643236905,0.00026253393643236905,-1029.3893930798495,1084.012975248671,False
2010-08-17,61.99951171875314,72.2600008946989,0.0006199951171875314,0.0007226000089469891,-10.260489175945764,-0.00010260489175945764,-1039.6498822557953,1084.012975248671,False
2010-08-18,79.99999999999716,124.29422530873771,0.0007999999999999716,0.0012429422530873771,-44.29422530874055,-0.0004429422530874055,-1083.944107564536,1084.012975248671,False
2010-08-19,-109.99951171874935,-124.34571265043125,-0.0010999951171874935,-0.0012434571265043126,14.346200931681906,0.00014346200931681906,-1069.597906632854,1084.012975248671,False
2010-08-20,-70.00097656250092,-68.94140786589101,-0.0007000097656250093,-0.0006894140786589101,-1.0595686966099152,-1.0595686966099152e-05,-1070.6574753294638,1084.012975248671,False
2010-08-23,-153.49926757812065,-202.95872639728606,-0.0015349926757812066,-0.0020295872639728607,49.459458819165405,0.000494594588191654,-1021.1980165102983,1084.012975248671,False
2010-08-24,301.50048828124983,286.5077279080029,0.0030150048828124984,0.0028650772790800288,14.992760373246938,0.00014992760373246938,-1006.2052561370514,1084.012975248671,False
2010-08-25,-302.99951171875296,-328.3761471195944,-0.0030299951171875294,-0.003283761471195944,25.37663540084145,0.0002537663540084145,-980.8286207362099,1084.012975248671,False
2010-08-26,324.49902343749426,325.61402788684165,0.0032449902343749427,0.0032561402788684165,-1.1150044493473956,-1.1150044493473957e-05,-981.9436251855573,1084.012975248671,False
2010-08-27,-83.99853515625367,-107.26535099415202,-0.0008399853515625367,-0.0010726535099415202,23.26681583789835,0.0002326681583789835,-958.676809347659,1084.012975248671,False
2010-08-30,319.4992675781185,281.756673836943,0.003194992675781185,0.00281756673836943,37.74259374117554,0.0003774259374117554,-920.9342156064833,1084.012975248671,False
2010-08-31,512.9992675781237,462.1150270599449,0.005129992675781237,0.004621150270599449,50.88424051817884,0.0005088424051817884,-870.0499750883046,1084.012975248671,False
2010-09-01,106.00097656250257,130.86889585075608,0.0010600097656250258,0.0013086889585075608,-24.867919288253503,-0.00024867919288253505,-894.917894376558,1084.012975248671,False
2010-09-02,-46.00097656249915,-17.511948328784488,-0.00046000976562499146,-0.00017511948328784489,-28.48902823371466,-0.0002848902823371466,-923.4069226102727,1084.012975248671,False
2010-09-03,145.00146484374588,137.49419683308332,0.0014500146484374588,0.0013749419683308332,7.507268010662557,7.507268010662557e-05,-915.8996545996101,1084.012975248671,False
2010-09-07,-18.000488281250632,-15.575973177836191,-0.00018000488281250633,-0.00015575973177836192,-2.424515103414441,-2.424515103414441e-05,-918.3241697030246,1084.012975248671,False
2010-09-08,-115.49951171875159,-119.2176157894,-0.001154995117187516,-0.001192176157894,3.7181040706484083,3.7181040706484084e-05,-914.6060656323762,1084.012975248671,False
2010-09-09,-75.00048828124936,-60.407460135104536,-0.0007500048828124937,-0.0006040746013510454,-14.593028146144825,-0.00014593028146144826,-929.1990937785209,1084.012975248671,False
2010-09-10,123.49951171874815,139.38743716217198,0.0012349951171874815,0.0013938743716217197,-15.887925443423825,-0.00015887925443423825,-945.0870192219447,1084.012975248671,False
2010-09-13,499.00195312499926,583.6941738274617,0.004990019531249993,0.005836941738274617,-84.69222070246241,-0.0008469222070246241,-1029.7792399244072,1084.012975248671,False
2010-09-14,113.00000000000031,122.09397759849489,0.0011300000000000032,0.001220939775984949,-9.093977598494575,-9.093977598494575e-05,-1038.8732175229018,1084.012975248671,False
2010-09-15,169.24951171875261,142.76935168054496,0.0016924951171875262,0.0014276935168054496,26.480160038207657,0.0002648016003820766,-1012.393057484694,1084.012975248671,False
2010-09-16,44.74902343750155,28.068388064790685,0.0004474902343750155,0.00028068388064790686,16.680635372710864,0.00016680635372710864,-995.7124221119832,1084.012975248671,False
2010-09-17,433.2509765625043,464.1771867337741,0.004332509765625043,0.004641771867337741,-30.92621017126976,-0.0003092621017126976,-1026.638632283253,1084.012975248671,False
2010-09-20,-132.4999999999974,-130.34173326634522,-0.0013249999999999742,-0.0013034173326634522,-2.158266733652198,-2.1582667336521977e-05,-1028.7968990169052,1084.012975248671,False
2010-09-21,256.99853515624847,189.272265942377,0.0025699853515624847,0.00189272265942377,67.72626921387146,0.0006772626921387146,-961.0706298030337,1084.012975248671,False
2010-09-22,-88.74926757812398,-76.19692125839103,-0.0008874926757812398,-0.0007619692125839103,-12.552346319732948,-0.00012552346319732948,-973.6229761227667,1084.012975248671,False
2010-09-23,296.7485351562478,330.2489371941128,0.0029674853515624777,0.0033024893719411277,-33.500402037865,-0.00033500402037865,-1007.1233781606317,1084.012975248671,False
2010-09-24,-39.49999999999987,-47.207228142963594,-0.0003949999999999987,-0.0004720722814296359,7.7072281429637215,7.707228142963721e-05,-999.416150017668,1084.012975248671,False
2010-09-27,219.00146484374758,260.83696024109935,0.0021900146484374757,0.0026083696024109936,-41.835495397351764,-0.00041835495397351765,-1041.2516454150198,1084.012975248671,False
2010-09-28,18.25000000000025,24.589537712901887,0.00018250000000000248,0.00024589537712901887,-6.339537712901638,-6.339537712901638e-05,-1047.5911831279213,1084.012975248671,False
2010-09-29,-110.50146484375111,-110.27958113199134,-0.001105014648437511,-0.0011027958113199133,-0.22188371175977295,-2.2188371175977297e-06,-1047.8130668396811,1084.012975248671,False
2010-09-30,269.498535156254,273.7183300220458,0.00269498535156254,0.002737183300220458,-4.219794865791812,-4.219794865791812e-05,-1052.032861705473,1084.012975248671,False
2010-10-01,-127.500000000001,-148.64675663650206,-0.0012750000000000098,-0.0014864675663650206,21.146756636501067,0.00021146756636501068,-1030.8861050689718,1084.012975248671,False
2010-10-04,1053.9999999999948,1026.9343630049275,0.010539999999999947,0.010269343630049275,27.06563699506728,0.0002706563699506728,-1003.8204680739045,1084.012975248671,False
2010-10-05,-6.498535156247016,35.429542848391804,-6.498535156247015e-05,0.000354295428483918,-41.92807800463882,-0.0004192807800463882,-1045.7485460785433,1084.012975248671,False
2010-10-06,-172.24902343749616,-161.92754894143755,-0.0017224902343749616,-0.0016192754894143754,-10.321474496058613,-0.00010321474496058613,-1056.070020574602,1084.012975248671,False
2010-10-07,339.99609375000557,312.48020058343377,0.0033999609375000555,0.0031248020058343377,27.5158931665718,0.000275158931665718,-1028.5541274080301,1084.012975248671,False
2010-10-08,227.2519531249924,212.97760752632837,0.002272519531249924,0.0021297760752632838,14.274345598664041,0.00014274345598664043,-1014.2797818093661,1084.012975248671,False
2010-10-11,-62.999023437502785,-58.59614173989679,-0.0006299902343750278,-0.0005859614173989679,-4.402881697605999,-4.4028816976059983e-05,-1018.6826635069721,1084.012975248671,False
2010-10-12,698.2509765624941,712.2168465350605,0.006982509765624941,0.007122168465350605,-13.965869972566452,-0.0001396586997256645,-1032.6485334795384,1084.012975248671,False
2010-10-13,87.49853515625036,114.55557803670624,0.0008749853515625035,0.0011455557803670623,-27.05704288045588,-0.0002705704288045588,-1059.7055763599942,1084.012975248671,False
2010-10-14,42.50292968750013,49.70768223148718,0.00042502929687500125,0.0004970768223148718,-7.2047525439870554,-7.204752543987055e-05,-1066.9103289039813,1084.012975248671,False
2010-10-15,65.99707031249662,59.15070565130163,0.0006599707031249662,0.0005915070565130163,6.84636466119499,6.84636466119499e-05,-1060.0639642427864,1084.012975248671,False
2010-10-18,-1408.4956054687489,-1316.913918196235,-0.014084956054687488,-0.013169139181962351,-91.58168727251382,-0.0009158168727251382,-1151.6456515153002,1084.012975248671,False
2010-10-19,289.4995117187469,311.5567516515115,0.0028949951171874685,0.003115567516515115,-22.057239932764617,-0.00022057239932764616,-1173.7028914480647,1084.012975248671,False
2010-10-20,-384.50195312500256,-344.57453348007016,-0.0038450195312500256,-0.0034457453348007015,-39.9274196449324,-0.000399274196449324,-1213.630311092997,1084.012975248671,False
2010-10-21,256.99999999999613,266.2034579075387,0.002569999999999961,0.002662034579075387,-9.203457907542543,-9.203457907542542e-05,-1222.8337690005396,1084.012975248671,False
2010-10-22,333.0009765624953,372.4417404819116,0.003330009765624953,0.003724417404819116,-39.44076391941633,-0.00039440763919416325,-1262.274532919956,1084.012975248671,False
2010-10-25,23.999023437503123,24.42913414161909,0.00023999023437503122,0.0002442913414161909,-0.4301107041159682,-4.301107041159682e-06,-1262.704643624072,1084.012975248671,False
2010-10-26,-368.9999999999986,-434.19580088604437,-0.003689999999999986,-0.0043419580088604436,65.19580088604579,0.0006519580088604578,-1197.5088427380263,1084.012975248671,False
2010-10-27,413.5029296875052,344.9442449788066,0.004135029296875052,0.0034494424497880658,68.55868470869859,0.0006855868470869859,-1128.9501580293277,1084.012975248671,False
2010-10-28,296.99707031250307,225.05023145488502,0.0029699707031250306,0.0022505023145488502,71.94683885761805,0.0007194683885761805,-1057.0033191717096,1084.012975248671,False
2010-10-29,-79.49999999999847,-56.711214951838485,-0.0007949999999999846,-0.0005671121495183848,-22.78878504815998,-0.0002278878504815998,-1079.7921042198695,1084.012975248671,False
2010-11-01,266.00097656250387,239.37703878213432,0.0026600097656250387,0.002393770387821343,26.623937780369545,0.00026623937780369543,-1053.1681664395,1084.012975248671,False
2010-11-02,-335.50097656250125,-352.66157644062895,-0.0033550097656250126,-0.0035266157644062894,17.160599878127698,0.00017160599878127697,-1036.0075665613724,1084.012975248671,False
2010-11-03,1056.7500000000002,894.0722704883475,0.010567500000000002,0.008940722704883474,162.67772951165273,0.0016267772951165272,-873.3298370497197,1084.012975248671,False
2010-11-04,164.0009765625002,199.19598181026024,0.001640009765625002,0.0019919598181026023,-35.19500524776004,-0.00035195005247760035,-908.5248422974797,1084.012975248671,False
2010-11-05,98.49999999999996,70.28034986616463,0.0009849999999999995,0.0007028034986616463,28.21965013383533,0.0002821965013383533,-880.3051921636444,1084.012975248671,False
2010-11-08,32.49804687500324,54.00427993689546,0.0003249804687500324,0.0005400427993689546,-21.506233061892218,-0.00021506233061892218,-901.8114252255366,1084.012975248671,False
2010-11-09,-181.50097656249707,-178.69882982950207,-0.0018150097656249708,-0.0017869882982950208,-2.8021467329949985,-2.8021467329949984e-05,-904.6135719585316,1084.012975248671,False
2010-11-10,8.00000000000297,-5.115028526224222,8.00000000000297e-05,-5.115028526224222e-05,13.115028526227192,0.0001311502852622719,-891.4985434323044,1084.012975248671,False
2010-11-11,-1298.4960937499993,-1426.4755747738157,-0.012984960937499993,-0.014264755747738157,127.97948102381633,0.0012797948102381634,-763.519062408488,1084.012975248671,False
2010-11-12,10.749999999998394,20.9898662796989,0.00010749999999998394,0.000209898662796989,-10.239866279700507,-0.00010239866279700507,-773.7589286881886,1084.012975248671,False
2010-11-15,-1245.5019531250014,-1217.011468585204,-0.012455019531250014,-0.012170114685852041,-28.490484539797308,-0.0002849048453979731,-802.2494132279859,1084.012975248671,False
2010-11-16,49.999999999998664,51.34222789514165,0.0004999999999999867,0.0005134222789514165,-1.3422278951429831,-1.3422278951429831e-05,-803.5916411231289,1084.012975248671,False
2010-11-17,1099.5019531250027,1079.2088037340836,0.010995019531250027,0.010792088037340837,20.293149390919098,0.00020293149390919097,-783.2984917322098,1084.012975248671,False
2010-11-18,-13.00390625000173,-9.881791186676192,-0.0001300390625000173,-9.881791186676192e-05,-3.1221150633255377,-3.122115063325538e-05,-786.4206067955353,1084.012975248671,False
2010-11-19,150.74999999999883,165.60735145778258,0.0015074999999999884,0.0016560735145778258,-14.85735145778375,-0.0001485735145778375,-801.277958253319,1084.012975248671,False
2010-11-22,127.50097656250225,209.0063396317688,0.0012750097656250225,0.002090063396317688,-81.50536306926656,-0.0008150536306926657,-882.7833213225855,1084.012975248671,False
2010-11-23,168.50292968749878,197.09866345070898,0.0016850292968749877,0.0019709866345070898,-28.595733763210205,-0.00028595733763210206,-911.3790550857957,1084.012975248671,False
2010-11-24,-368.50195312500324,-390.37435293941786,-0.0036850195312500326,-0.0039037435293941786,21.87239981441462,0.0002187239981441462,-889.5066552713811,1084.012975248671,False
2010-11-26,119.75195312500125,108.76629373324552,0.0011975195312500125,0.0010876629373324552,10.985659391755732,0.00010985659391755732,-878.5209958796254,1084.012975248671,False
2010-11-29,-167.00292968750003,-120.64457502637299,-0.0016700292968750002,-0.0012064457502637298,-46.35835466112704,-0.0004635835466112704,-924.8793505407524,1084.012975248671,False
2010-11-30,811.9995117187547,824.548297462971,0.008119995117187546,0.00824548297462971,-12.548785744216389,-0.00012548785744216387,-937.4281362849688,1084.012975248671,False
2010-12-01,168.2499999999963,165.63163908940857,0.001682499999999963,0.0016563163908940857,2.6183609105877395,2.6183609105877393e-05,-934.809775374381,1084.012975248671,False
2010-12-02,346.00292968749767,352.6053448552378,0.0034600292968749767,0.003526053448552378,-6.602415167740105,-6.602415167740106e-05,-941.4121905421212,1084.012975248671,False
2010-12-03,89.49902343750097,87.09682172011077,0.0008949902343750097,0.0008709682172011076,2.4022017173901986,2.4022017173901988e-05,-939.009988824731,1084.012975248671,False
2010-12-06,-54.248535156247456,-64.63033584067973,-0.0005424853515624745,-0.0006463033584067974,10.381800684432278,0.00010381800684432278,-928.6281881402987,1084.012975248671,False
2010-12-07,-154.50048828124935,-235.3163200916833,-0.0015450048828124935,-0.002353163200916833,80.81583181043396,0.0008081583181043396,-847.8123563298648,1084.012975248671,False
2010-12-08,161.2485351562538,133.2962820559038,0.001612485351562538,0.0013329628205590379,27.95225310035002,0.0002795225310035002,-819.8601032295147,1084.012975248671,False
2010-12-09,71.50097656250233,49.004624266127834,0.0007150097656250233,0.0004900462426612784,22.496352296374496,0.00022496352296374496,-797.3637509331402,1084.012975248671,False
2010-12-10,124.00097656250314,167.8366734124922,0.0012400097656250315,0.0016783667341249218,-43.83569684998905,-0.00043835696849989046,-841.1994477831292,1084.012975248671,False
2010-12-13,77.49804687499982,82.11822816368087,0.0007749804687499981,0.0008211822816368087,-4.620181288681053,-4.620181288681053e-05,-845.8196290718103,1084.012975248671,False
2010-12-14,-278.24853515624994,-358.8720142463755,-0.0027824853515624995,-0.003588720142463755,80.62347909012556,0.0008062347909012556,-765.1961499816847,1084.012975248671,False
2010-12-15,-18.499511718749872,-24.535214693110913,-0.00018499511718749872,-0.0002453521469311091,6.03570297436104,6.0357029743610405e-05,-759.1604470073237,1084.012975248671,False
2010-12-16,57.999511718751194,62.79706857840807,0.0005799951171875119,0.0006279706857840807,-4.797556859656879,-4.797556859656879e-05,-763.9580038669806,1084.012975248671,False
2010-12-17,138.24902343750514,161.49801926662622,0.0013824902343750514,0.001614980192666262,-23.24899582912107,-0.0002324899582912107,-787.2069996961017,1084.012975248671,False
2010-12-20,134.499511718748,161.30413689225065,0.00134499511718748,0.0016130413689225064,-26.804625173502643,-0.0002680462517350264,-814.0116248696042,1084.012975248671,False
2010-12-21,-6.248046875002923,-2.166638188858001,-6.248046875002923e-05,-2.166638188858001e-05,-4.081408686144922,-4.081408686144922e-05,-818.0930335557491,1084.012975248671,False
2010-12-22,-167.49804687499838,-173.59423581956307,-0.0016749804687499839,-0.0017359423581956306,6.0961889445646875,6.0961889445646876e-05,-811.9968446111844,1084.012975248671,False
2010-12-23,25.749023437498806,36.190033083224705,0.0002574902343749881,0.00036190033083224703,-10.441009645725899,-0.000104410096457259,-822.4378542569103,1084.012975248671,False
2010-12-27,438.2490234375005,400.20558770477845,0.004382490234375005,0.004002055877047784,38.04343573272206,0.00038043435732722057,-784.3944185241883,1084.012975248671,False
2010-12-28,123.25146484375445,114.14261524483103,0.0012325146484375444,0.0011414261524483103,9.108849598923413,9.108849598923413e-05,-775.2855689252649,1084.012975248671,False
2010-12-29,-118.75097656249766,-138.67719971286814,-0.0011875097656249766,-0.0013867719971286815,19.92622315037049,0.0001992622315037049,-755.3593457748945,1084.012975248671,False
2010-12-30,81.50000000000051,130.11658299175616,0.0008150000000000051,0.0013011658299175617,-48.61658299175565,-0.0004861658299175565,-803.9759287666501,1084.012975248671,False
2010-12-31,344.4999999999977,327.291610020398,0.003444999999999977,0.0032729161002039804,17.2083899795997,0.000172083899795997,-786.7675387870504,1084.012975248671,False
2011-01-03,-902.0019531249982,-773.8779030190088,-0.009020019531249982,-0.007738779030190089,-128.12405010598934,-0.0012812405010598933,-914.8915888930397,1084.012975248671,False
2011-01-04,62.501464843751876,69.63985123651662,0.0006250146484375188,0.0006963985123651662,-7.138386392764744,-7.138386392764744e-05,-922.0299752858045,1084.012975248671,False
2011-01-05,-22.000000000001048,-23.74046021155514,-0.00022000000000001047,-0.00023740460211555138,1.7404602115540904,1.7404602115540903e-05,-920.2895150742504,1084.012975248671,False
2011-01-06,-90.00097656250017,-81.15530182766892,-0.0009000097656250017,-0.0008115530182766892,-8.845674734831249,-8.845674734831249e-05,-929.1351898090817,1084.012975248671,False
2011-01-07,102.99902343749507,101.53175328589556,0.0010299902343749506,0.0010153175328589557,1.4672701515995072,1.4672701515995072e-05,-927.6679196574821,1084.012975248671,False
2011-01-10,334.99902343749807,284.6660150738269,0.0033499902343749805,0.0028466601507382686,50.33300836367118,0.0005033300836367118,-877.3349112938109,1084.012975248671,False
2011-01-11,182.99999999999835,162.55953808472395,0.0018299999999999835,0.0016255953808472395,20.440461915274398,0.00020440461915274398,-856.8944493785366,1084.012975248671,False
2011-01-12,-5.496093749997145,-8.743926771428692,-5.4960937499971455e-05,-8.743926771428691e-05,3.2478330214315463,3.247833021431546e-05,-853.646616357105,1084.012975248671,False
2011-01-13,-337.2499999999967,-356.8727796257974,-0.003372499999999967,-0.0035687277962579743,19.622779625800717,0.00019622779625800717,-834.0238367313043,1084.012975248671,False
2011-01-14,198.74951171875455,171.11945179431663,0.0019874951171875454,0.0017111945179431663,27.630059924437916,0.00027630059924437916,-806.3937768068664,1084.012975248671,False
2011-01-18,-368.74999999999784,-352.77960234775855,-0.0036874999999999786,-0.0035277960234775855,-15.970397652239285,-0.00015970397652239284,-822.3641744591057,1084.012975248671,False
2011-01-19,-522.4990234375001,-499.7397566187937,-0.005224990234375001,-0.0049973975661879375,-22.759266818706408,-0.00022759266818706407,-845.1234412778122,1084.012975248671,False
2011-01-20,-44.999999999997186,-43.76959831108282,-0.00044999999999997185,-0.00043769598311082814,-1.2304016889143696,-1.2304016889143697e-05,-846.3538429667266,1084.012975248671,False
2011-01-21,296.4999999999983,304.0931708427113,0.002964999999999983,0.0030409317084271127,-7.593170842712993,-7.593170842712994e-05,-853.9470138094396,1084.012975248671,False
2011-01-24,-223.00390624999864,-194.0528982986861,-0.002230039062499986,-0.001940528982986861,-28.951007951312533,-0.00028951007951312534,-882.898021760752,1084.012975248671,False
2011-01-25,205.00195312499807,188.19124883720573,0.002050019531249981,0.0018819124883720573,16.810704287792333,0.00016810704287792332,-866.0873174729597,1084.012975248671,False
2011-01-26,-242.50195312499915,-230.82029138242757,-0.0024250195312499915,-0.002308202913824276,-11.681661742571578,-0.00011681661742571578,-877.7689792155313,1084.012975248671,False
2011-01-27,-360.7495117187499,-406.1218447699759,-0.003607495117187499,-0.004061218447699759,45.37233305122601,0.0004537233305122601,-832.3966461643054,1084.012975248671,False
2011-01-28,86.00048828124665,92.60581719421698,0.0008600048828124665,0.0009260581719421698,-6.605328912970336,-6.605328912970336e-05,-839.0019750772757,1084.012975248671,False
2011-01-31,600.4980468749998,582.0892657416962,0.006004980468749998,0.005820892657416961,18.40878113330359,0.00018408781133303593,-820.5931939439721,1084.012975248671,False
2011-02-01,-183.24902343749875,-163.29851554872081,-0.0018324902343749875,-0.0016329851554872082,-19.950507888777935,-0.00019950507888777936,-840.54370183275,1084.012975248671,False
2011-02-02,466.5029296874961,373.65830875085464,0.004665029296874961,0.0037365830875085463,92.84462093664143,0.0009284462093664144,-747.6990808961086,1084.012975248671,False
2011-02-03,177.50000000000685,173.7401650274809,0.0017750000000000684,0.0017374016502748092,3.759834972525937,3.759834972525937e-05,-743.9392459235827,1084.012975248671,False
2011-02-04,141.49902343749895,126.3378585769873,0.0014149902343749896,0.001263378585769873,15.161164860511647,0.00015161164860511648,-728.778081063071,1084.012975248671,False
2011-02-07,448.99804687500057,487.00424442109244,0.004489980468750006,0.004870042444210925,-38.00619754609187,-0.0003800619754609187,-766.7842786091628,1084.012975248671,False
2011-02-08,-12.998535156247467,-14.12052468291641,-0.00012998535156247466,-0.00014120524682916408,1.1219895266689424,1.1219895266689423e-05,-765.6622890824939,1084.012975248671,False
2011-02-09,-69.49999999999909,-65.01314408517001,-0.0006949999999999909,-0.0006501314408517002,-4.4868559148290785,-4.4868559148290784e-05,-770.149144997323,1084.012975248671,False
2011-02-10,66.49804687499969,93.56543568291912,0.0006649804687499968,0.0009356543568291912,-27.06738880791943,-0.0002706738880791943,-797.2165338052424,1084.012975248671,False
2011-02-11,110.49902343750045,114.88865356743834,0.0011049902343750046,0.0011488865356743833,-4.389630129937885,-4.3896301299378846e-05,-801.6061639351803,1084.012975248671,False
2011-02-14,171.50000000000054,151.0848564333415,0.0017150000000000054,0.001510848564333415,20.415143566659026,0.00020415143566659025,-781.1910203685213,1084.012975248671,False
2011-02-15,85.75000000000048,107.09281625364076,0.0008575000000000049,0.0010709281625364076,-21.34281625364028,-0.00021342816253640278,-802.5338366221616,1084.012975248671,False
2011-02-16,229.75000000000114,238.09707072612775,0.0022975000000000113,0.0023809707072612774,-8.347070726126617,-8.347070726126617e-05,-810.8809073482882,1084.012975248671,False
2011-02-17,64.75000000000193,81.00669494073261,0.0006475000000000194,0.0008100669494073261,-16.256694940730682,-0.00016256694940730682,-827.1376022890189,1084.012975248671,False
2011-02-18,-182.99999999999875,-260.8735581768269,-0.0018299999999999875,-0.002608735581768269,77.87355817682817,0.0007787355817682817,-749.2640441121907,1084.012975248671,False
2011-02-22,11.001464843751819,59.08644905250554,0.00011001464843751819,0.0005908644905250554,-48.084984208753724,-0.0004808498420875372,-797.3490283209444,1084.012975248671,False
2011-02-23,32.748046874998764,41.69051638961022,0.0003274804687499876,0.00041690516389610217,-8.942469514611453,-8.942469514611453e-05,-806.2914978355559,1084.012975248671,False
2011-02-24,324.99999999999676,309.65636754003225,0.0032499999999999678,0.0030965636754003226,15.34363245996451,0.0001534363245996451,-790.9478653755914,1084.012975248671,False
2011-02-25,58.25195312499642,52.27894163459722,0.0005825195312499641,0.0005227894163459722,5.973011490399202,5.973011490399202e-05,-784.9748538851921,1084.012975248671,False
2011-02-28,357.00146484374534,253.2490310597601,0.0035700146484374533,0.002532490310597601,103.75243378398523,0.0010375243378398522,-681.2224201012069,1084.012975248671,False
2011-03-01,159.24999999999983,178.9935186685822,0.0015924999999999982,0.001789935186685822,-19.743518668582368,-0.00019743518668582368,-700.9659387697893,1084.012975248671,False
2011-03-02,81.99902343749966,132.29052447020348,0.0008199902343749966,0.0013229052447020348,-50.29150103270382,-0.0005029150103270382,-751.2574398024931,1084.012975248671,False
2011-03-03,50.4995117187477,102.04703192637953,0.000504995117187477,0.0010204703192637954,-51.547520207631834,-0.0005154752020763183,-802.8049600101249,1084.012975248671,False
2011-03-04,-79.24707031249719,-91.80900090112135,-0.0007924707031249719,-0.0009180900090112135,12.561930588624165,0.00012561930588624165,-790.2430294215008,1084.012975248671,False
2011-03-07,74.49902343750213,56.41222061054053,0.0007449902343750213,0.0005641222061054053,18.086802826961602,0.00018086802826961602,-772.1562265945391,1084.012975248671,False
2011-03-08,-298.50195312499744,-308.9600329296172,-0.0029850195312499743,-0.0030896003292961724,10.458079804619786,0.00010458079804619786,-761.6981467899193,1084.012975248671,False
2011-03-09,-1041.997070312495,-1077.896763870099,-0.01041997070312495,-0.01077896763870099,35.899693557603996,0.00035899693557603997,-725.7984532323153,1084.012975248671,False
2011-03-10,614.996093750007,553.5989842282299,0.00614996093750007,0.005535989842282299,61.39710952177711,0.0006139710952177711,-664.4013437105382,1084.012975248671,False
2011-03-11,-280.9980468750052,-268.6146525965505,-0.002809980468750052,-0.002686146525965505,-12.38339427845466,-0.0001238339427845466,-676.7847379889929,1084.012975248671,False
2011-03-14,-1586.501953125005,-1671.8518945168582,-0.01586501953125005,-0.016718518945168584,85.34994139185324,0.0008534994139185323,-591.4347965971397,1084.012975248671,False
2011-03-15,-544.4995117187492,-598.0410654352767,-0.005444995117187492,-0.005980410654352767,53.54155371652746,0.0005354155371652746,-537.8932428806122,1084.012975248671,False
2011-03-16,484.50195312499875,480.1243659133272,0.0048450195312499875,0.0048012436591332724,4.377587211671539,4.377587211671539e-05,-533.5156556689407,1084.012975248671,False
2011-03-17,229.99804687499181,226.95836412746158,0.0022999804687499183,0.002269583641274616,3.039682747530236,3.0396827475302358e-05,-530.4759729214104,1084.012975248671,False
2011-03-18,1081.2509765625068,1069.038607960977,0.010812509765625068,0.01069038607960977,12.21236860152976,0.0001221236860152976,-518.2636043198806,1084.012975248671,False
2011-03-21,-7.000976562497691,0.981948395869825,-7.000976562497691e-05,9.81948395869825e-06,-7.982924958367516,-7.982924958367516e-05,-526.2465292782482,1084.012975248671,False
2011-03-22,323.0029296875069,367.4135823076371,0.003230029296875069,0.003674135823076371,-44.410652620130236,-0.00044410652620130236,-570.6571818983784,1084.012975248671,False
2011-03-23,310.7480468750002,321.00467526265743,0.003107480468750002,0.003210046752626574,-10.256628387657202,-0.00010256628387657201,-580.9138102860356,1084.012975248671,False
2011-03-24,-109.49902343749895,-125.21819438401468,-0.0010949902343749896,-0.0012521819438401469,15.719170946515732,0.00015719170946515732,-565.1946393395199,1084.012975248671,False
2011-03-25,-327.25097656249864,-296.29492653607633,-0.0032725097656249864,-0.002962949265360763,-30.956050026422304,-0.000309560500264223,-596.1506893659422,1084.012975248671,False
2011-03-28,175.50097656250202,182.95928113451959,0.0017550097656250203,0.0018295928113451958,-7.458304572017568,-7.458304572017568e-05,-603.6089939379598,1084.012975248671,False
2011-03-29,274.99707031250284,275.17161838306936,0.0027499707031250283,0.0027517161838306937,-0.1745480705665159,-1.745480705665159e-06,-603.7835420085263,1084.012975248671,False
2011-03-30,277.0000000000032,258.9028924061139,0.002770000000000032,0.002589028924061139,18.09710759388929,0.0001809710759388929,-585.686434414637,1084.012975248671,False
2011-03-31,0.24999999999995204,-2.070347241516867,2.4999999999995204e-06,-2.070347241516867e-05,2.320347241516819,2.320347241516819e-05,-583.3660871731201,1084.012975248671,False
2011-04-01,75.50097656250097,78.687748544555,0.0007550097656250096,0.00078687748544555,-3.18677198205404,-3.18677198205404e-05,-586.5528591551742,1084.012975248671,False
2011-04-04,249.00000000000298,182.5678559440069,0.00249000000000003,0.001825678559440069,66.43214405599608,0.0006643214405599607,-520.1207150991781,1084.012975248671,False
2011-04-05,102.75000000000026,102.40979208671493,0.0010275000000000026,0.0010240979208671493,0.34020791328532596,3.4020791328532596e-06,-519.7805071858928,1084.012975248671,False
2011-04-06,10.500488281247295,16.215399440493893,0.00010500488281247294,0.00016215399440493893,-5.714911159246599,-5.714911159246599e-05,-525.4954183451395,1084.012975248671,False
2011-04-07,226.00097656250597,223.97284973162405,0.0022600097656250598,0.0022397284973162406,2.0281268308819165,2.0281268308819164e-05,-523.4672915142576,1084.012975248671,False
2011-04-08,-101.25000000000028,-116.12646514356499,-0.0010125000000000028,-0.00116126465143565,14.876465143564701,0.000148764651435647,-508.59082637069287,1084.012975248671,False
2011-04-11,-460.0000000000007,-532.4948352929734,-0.004600000000000007,-0.005324948352929734,72.49483529297277,0.0007249483529297277,-436.0959910777201,1084.012975248671,False
2011-04-12,120.4999999999957,118.66374978786033,0.001204999999999957,0.0011866374978786033,1.8362502121353685,1.8362502121353687e-05,-434.2597408655847,1084.012975248671,False
2011-04-13,319.4960937499918,273.41908985117425,0.003194960937499918,0.0027341908985117425,46.077003898817566,0.00046077003898817564,-388.18273696676715,1084.012975248671,False
2011-04-14,360.00097656249227,381.10537070045916,0.0036000097656249228,0.0038110537070045916,-21.104394137966892,-0.0002110439413796689,-409.28713110473404,1084.012975248671,False
2011-04-15,-138.25097656249955,-167.58434691443637,-0.0013825097656249956,-0.0016758434691443638,29.33337035193682,0.0002933337035193682,-379.9537607527972,1084.012975248671,False
2011-04-18,185.50195312500367,184.88068150133077,0.0018550195312500367,0.0018488068150133076,0.6212716236728966,6.212716236728966e-06,-379.3324891291243,1084.012975248671,False
2011-04-19,262.74609374999653,285.3887479272006,0.002627460937499965,0.002853887479272006,-22.642654177204065,-0.00022642654177204064,-401.9751433063284,1084.012975248671,False
2011-04-20,152.75292968749596,134.01488658890347,0.0015275292968749596,0.0013401488658890347,18.7380430985925,0.000187380430985925,-383.2371002077359,1084.012975248671,False
2011-04-21,110.2509765624961,87.73526357369121,0.001102509765624961,0.0008773526357369121,22.515712988804893,0.00022515712988804894,-360.721387218931,1084.012975248671,False
2011-04-25,70.7480468749987,127.02059080843573,0.0007074804687499871,0.0012702059080843572,-56.27254393343702,-0.0005627254393343702,-416.993931152368,1084.012975248671,False
2011-04-26,469.0019531249944,431.7839494396152,0.0046900195312499435,0.004317839494396152,37.21800368537919,0.0003721800368537919,-379.77592746698883,1084.012975248671,False
2011-04-27,151.99853515625136,171.20698032850444,0.0015199853515625136,0.0017120698032850445,-19.20844517225308,-0.0001920844517225308,-398.9843726392419,1084.012975248671,False
2011-04-28,319.2495117187502,328.08368441688907,0.0031924951171875024,0.0032808368441688907,-8.834172698138843,-8.834172698138843e-05,-407.8185453373807,1084.012975248671,False
2011-04-29,-18.498046875003784,-18.58542510459608,-0.00018498046875003784,-0.0001858542510459608,0.08737822959229646,8.737822959229646e-07,-407.73116710778845,1084.012975248671,False
2011-05-02,-323.7519531250005,-400.53949580310564,-0.0032375195312500053,-0.004005394958031056,76.78754267810513,0.0007678754267810513,-330.9436244296833,1084.012975248671,False
2011-05-03,-498.99853515624966,-502.0780845476087,-0.004989985351562497,-0.005020780845476087,3.0795493913590235,3.0795493913590236e-05,-327.8640750383243,1084.012975248671,False
2011-05-04,-519.0014648437505,-476.28733411345115,-0.005190014648437505,-0.004762873341134511,-42.7141307302993,-0.000427141307302993,-370.5782057686236,1084.012975248671,False
2011-05-05,70.00195312499828,36.024509399628926,0.0007000195312499828,0.00036024509399628924,33.977443725369355,0.00033977443725369353,-336.60076204325424,1084.012975248671,False
2011-05-06,415.49853515625387,444.35391183098625,0.0041549853515625386,0.004443539118309863,-28.855376674732383,-0.0002885537667473238,-365.4561387179866,1084.012975248671,False
2011-05-09,584.4995117187443,618.666104506967,0.005844995117187443,0.006186661045069671,-34.166592788222715,-0.00034166592788222716,-399.62273150620933,1084.012975248671,False
2011-05-10,-368.0000000000001,-387.5492872317337,-0.003680000000000001,-0.0038754928723173368,19.549287231733558,0.00019549287231733557,-380.0734442744758,1084.012975248671,False
2011-05-11,195.50146484374756,195.20101759731855,0.0019550146484374757,0.0019520101759731856,0.3004472464290018,3.004472464290018e-06,-379.7729970280468,1084.012975248671,False
2011-05-12,-636.9995117187489,-689.8356382198751,-0.006369995117187489,-0.006898356382198751,52.83612650112627,0.0005283612650112627,-326.93687052692053,1084.012975248671,False
2011-05-13,-328.00000000000364,-353.50712883229596,-0.0032800000000000364,-0.0035350712883229596,25.507128832292324,0.00025507128832292326,-301.4297416946282,1084.012975248671,False
2011-05-16,-179.00195312499716,-140.71972176527098,-0.0017900195312499716,-0.0014071972176527097,-38.28223135972618,-0.0003828223135972618,-339.7119730543544,1084.012975248671,False
2011-05-17,854.5004882812447,892.3289356934902,0.008545004882812447,0.008923289356934901,-37.82844741224551,-0.0003782844741224551,-377.5404204665999,1084.012975248671,False
2011-05-18,27.248535156246117,30.50293403791204,0.00027248535156246115,0.0003050293403791204,-3.2543988816659244,-3.2543988816659246e-05,-380.79481934826583,1084.012975248671,False
2011-05-19,55.99999999999639,-43.492895959157124,0.000559999999999964,-0.00043492895959157125,99.49289595915351,0.000994928959591535,-281.3019233891123,1084.012975248671,False
2011-05-20,-165.4999999999994,-176.9724141438584,-0.001654999999999994,-0.001769724141438584,11.472414143858998,0.00011472414143858999,-269.8295092452533,1084.012975248671,False
2011-05-23,-112.24853515624909,-84.44036198184111,-0.0011224853515624908,-0.0008444036198184111,-27.808173174407983,-0.00027808173174407984,-297.63768241966125,1084.012975248671,False
2011-05-24,217.99902343750313,228.25086760239424,0.0021799902343750312,0.0022825086760239425,-10.25184416489111,-0.00010251844164891111,-307.88952658455236,1084.012975248671,False
2011-05-25,405.50195312499886,423.54971822992377,0.004055019531249988,0.004235497182299238,-18.047765104924906,-0.00018047765104924906,-325.93729168947726,1084.012975248671,False
2011-05-26,345.4999999999968,298.951733745184,0.003454999999999968,0.00298951733745184,46.5482662548128,0.00046548266254812804,-279.38902543466446,1084.012975248671,False
2011-05-27,379.0000000000007,411.1017313306214,0.003790000000000007,0.004111017313306214,-32.10173133062074,-0.00032101731330620736,-311.4907567652852,1084.012975248671,False
2011-05-31,-296.50195312499886,-266.492087662121,-0.0029650195312499886,-0.00266492087662121,-30.009865462877883,-0.0003000986546287788,-341.5006222281631,1084.012975248671,False
2011-06-01,-194.50000000000168,-172.3516009142086,-0.0019450000000000168,-0.001723516009142086,-22.148399085793073,-0.00022148399085793075,-363.64902131395615,1084.012975248671,False
2011-06-02,-122.50097656249898,-166.7272826331166,-0.0012250097656249898,-0.001667272826331166,44.226306070617625,0.00044226306070617623,-319.42271524333853,1084.012975248671,False
2011-06-03,-97.49902343750564,-89.30921276761163,-0.0009749902343750564,-0.0008930921276761163,-8.189810669894015,-8.189810669894015e-05,-327.61252591323256,1084.012975248671,False
2011-06-06,-71.99902343749596,-67.98872073782995,-0.0007199902343749596,-0.0006798872073782995,-4.010302699666013,-4.0103026996660135e-05,-331.62282861289856,1084.012975248671,False
2011-06-07,-699.000976562502,-708.9139376658782,-0.00699000976562502,-0.007089139376658782,9.91296110337612,9.912961103376119e-05,-321.70986750952244,1084.012975248671,False
2011-06-08,334.99999999999625,348.27671725065517,0.0033499999999999624,0.0034827671725065515,-13.276717250658919,-0.0001327671725065892,-334.98658476018136,1084.012975248671,False
2011-06-09,-1072.5000000000005,-1051.4699822740852,-0.010725000000000005,-0.010514699822740852,-21.030017725915286,-0.00021030017725915285,-356.01660248609664,1084.012975248671,False
2011-06-10,-82.24853515624972,-148.7450182122162,-0.0008224853515624972,-0.001487450182122162,66.49648305596648,0.0006649648305596648,-289.5201194301302,1084.012975248671,False
2011-06-13,935.4980468749905,990.2167276627057,0.009354980468749904,0.009902167276627056,-54.71868078771524,-0.0005471868078771524,-344.23880021784544,1084.012975248671,False
2011-06-14,-253.4990234375012,-279.8020356605969,-0.002534990234375012,-0.002798020356605969,26.30301222309572,0.0002630301222309572,-317.9357879947497,1084.012975248671,False
2011-06-15,71.99902343750118,74.75825597784123,0.0007199902343750118,0.0007475825597784123,-2.759232540340051,-2.7592325403400507e-05,-320.6950205350898,1084.012975248671,False
2011-06-16,188.00390624999613,195.99997487083056,0.0018800390624999614,0.0019599997487083055,-7.996068620834421,-7.996068620834422e-05,-328.6910891559242,1084.012975248671,False
2011-06-17,135.74804687500358,139.14806534812206,0.0013574804687500359,0.0013914806534812206,-3.400018473118479,-3.400018473118479e-05,-332.09110762904265,1084.012975248671,False
2011-06-20,335.2480468749968,367.09775566553566,0.0033524804687499682,0.0036709775566553565,-31.84970879053884,-0.0003184970879053884,-363.9408164195815,1084.012975248671,False
2011-06-21,69.75000000000102,86.69223637651154,0.0006975000000000102,0.0008669223637651155,-16.94223637651052,-0.00016942236376510521,-380.883052796092,1084.012975248671,False
2011-06-22,-655.748046874999,-579.1344547536876,-0.006557480468749989,-0.005791344547536876,-76.6135921213114,-0.000766135921213114,-457.4966449174034,1084.012975248671,False
2011-06-23,-320.5009765625017,-348.8110747250715,-0.003205009765625017,-0.003488110747250715,28.310098162569773,0.0002831009816256977,-429.1865467548336,1084.012975248671,False
2011-06-24,16.249999999999986,-11.862721716930123,0.00016249999999999986,-0.00011862721716930123,28.11272171693011,0.0002811272171693011,-401.0738250379035,1084.012975248671,False
2011-06-27,307.2509765624951,303.8614072889645,0.003072509765624951,0.0030386140728896447,3.3895692735306397,3.38956927353064e-05,-397.68425576437284,1084.012975248671,False
2011-06-28,272.7490234375004,258.86809570263864,0.002727490234375004,0.0025886809570263864,13.880927734861757,0.00013880927734861756,-383.8033280295111,1084.012975248671,False
2011-06-29,68.50292968750057,88.71414588748716,0.0006850292968750057,0.0008871414588748716,-20.211216199986595,-0.00020211216199986595,-404.0145442294977,1084.012975248671,False
2011-06-30,-74.49902343749756,-16.543783980863054,-0.0007449902343749755,-0.00016543783980863054,-57.9552394566345,-0.000579552394566345,-461.9697836861322,1084.012975248671,False
2011-07-01,344.49853515625335,391.9428716877891,0.0034449853515625337,0.003919428716877891,-47.444336531535725,-0.00047444336531535724,-509.4141202176679,1084.012975248671,False
2011-07-05,162.99999999999935,152.08377008065344,0.0016299999999999934,0.0015208377008065345,10.91622991934591,0.0001091622991934591,-498.497890298322,1084.012975248671,False
2011-07-06,415.001464843745,456.8182041019985,0.00415001464843745,0.004568182041019985,-41.816739258253506,-0.00041816739258253505,-540.3146295565755,1084.012975248671,False
2011-07-07,105.99999999999665,95.63994793955949,0.0010599999999999666,0.0009563994793955949,10.360052060437155,0.00010360052060437155,-529.9545774961383,1084.012975248671,False
2011-07-08,-322.5014648437519,-290.1785865447885,-0.003225014648437519,-0.0029017858654478853,-32.32287829896336,-0.0003232287829896336,-562.2774557951017,1084.012975248671,False
2011-07-11,-81.49902343749969,-13.637910028024223,-0.0008149902343749969,-0.00013637910028024223,-67.86111340947546,-0.0006786111340947547,-630.1385692045772,1084.012975248671,False
2011-07-12,261.99951171874864,319.740183049926,0.0026199951171874862,0.0031974018304992595,-57.74067133117734,-0.0005774067133117734,-687.8792405357544,1084.012975248671,False
2011-07-13,-231.99951171875543,-216.436455314223,-0.0023199951171875544,-0.00216436455314223,-15.563056404532432,-0.0001556305640453243,-703.4422969402868,1084.012975248671,False
2011-07-14,394.2509765625008,398.6462472170799,0.003942509765625008,0.0039864624721707995,-4.395270654579122,-4.3952706545791216e-05,-707.837567594866,1084.012975248671,False
2011-07-15,-137.00390625000287,-151.84034072570657,-0.0013700390625000288,-0.0015184034072570657,14.836434475703697,0.00014836434475703697,-693.0011331191622,1084.012975248671,False
2011-07-18,488.50195312499693,495.775584988966,0.004885019531249969,0.00495775584988966,-7.273631863969058,-7.273631863969058e-05,-700.2747649831313,1084.012975248671,False
2011-07-19,-113.00390625000296,-109.8589814886775,-0.0011300390625000295,-0.001098589814886775,-3.1449247613254556,-3.1449247613254556e-05,-703.4196897444567,1084.012975248671,False
2011-07-20,-35.248046874998586,-6.719040369442894,-0.00035248046874998583,-6.719040369442893e-05,-28.529006505555692,-0.0002852900650555569,-731.9486962500124,1084.012975248671,False
2011-07-21,209.49999999999739,246.1720939046279,0.002094999999999974,0.002461720939046279,-36.672093904630515,-0.00036672093904630514,-768.6207901546429,1084.012975248671,False
2011-07-22,13.999511718747087,18.76692837161413,0.00013999511718747087,0.00018766928371614133,-4.767416652867045,-4.767416652867045e-05,-773.38820680751,1084.012975248671,False
2011-07-25,-98.99902343750088,-96.93038414738533,-0.0009899902343750088,-0.0009693038414738533,-2.0686392901155557,-2.0686392901155558e-05,-775.4568460976255,1084.012975248671,False
2011-07-26,-837.2490234375009,-798.4255480473726,-0.008372490234375009,-0.007984255480473726,-38.82347539012835,-0.0003882347539012835,-814.2803214877539,1084.012975248671,False
2011-07-27,-32.00390625000375,-38.406713223913435,-0.0003200390625000375,-0.00038406713223913434,6.402806973909684,6.402806973909684e-05,-807.8775145138442,1084.012975248671,False
2011-07-28,154.75000000000148,159.73408240977807,0.0015475000000000148,0.0015973408240977807,-4.98408240977659,-4.98408240977659e-05,-812.8615969236207,1084.012975248671,False
2011-07-29,-252.75000000000023,-269.76655457382395,-0.0025275000000000024,-0.0026976655457382395,17.016554573823726,0.00017016554573823727,-795.845042349797,1084.012975248671,False
2011-08-01,-605.9995117187518,-510.43123265927443,-0.006059995117187518,-0.005104312326592744,-95.56827905947739,-0.0009556827905947739,-891.4133214092744,1084.012975248671,False
2011-08-02,339.7504882812526,338.5112145538248,0.003397504882812526,0.003385112145538248,1.2392737274278147,1.2392737274278147e-05,-890.1740476818466,1084.012975248671,False
2011-08-03,-1560.5004882812525,-1457.8248961417812,-0.015605004882812525,-0.014578248961417812,-102.67559213947129,-0.001026755921394713,-992.8496398213179,1084.012975248671,False
2011-08-04,-166.99951171874824,-184.3385622862287,-0.0016699951171874824,-0.001843385622862287,17.339050567480456,0.00017339050567480457,-975.5105892538375,1084.012975248671,False
2011-08-05,-1145.000976562501,-752.591731873512,-0.011450009765625008,-0.00752591731873512,-392.4092446889889,-0.003924092446889889,-1367.9198339428262,1084.012975248671,False
2011-08-08,834.5004882812495,767.9470176108238,0.008345004882812495,0.007679470176108237,66.55347067042578,0.0006655347067042578,-1301.3663632724006,1084.012975248671,False
2011-08-09,31.75048828124835,-67.54029163788641,0.0003175048828124835,-0.0006754029163788641,99.29077991913476,0.0009929077991913476,-1202.0755833532658,1084.012975248671,False
2011-08-10,188.99951171875196,258.0407909449592,0.0018899951171875197,0.0025804079094495923,-69.04127922620725,-0.0006904127922620725,-1271.116862579473,1084.012975248671,False
2011-08-11,30.250976562498693,43.325655689018575,0.0003025097656249869,0.00043325655689018574,-13.074679126519882,-0.00013074679126519881,-1284.191541705993,1084.012975248671,False
2011-08-12,545.4990234374977,566.6955351212791,0.005454990234374978,0.005666955351212791,-21.19651168378141,-0.0002119651168378141,-1305.3880533897743,1084.012975248671,False
2011-08-15,270.0000000000017,295.3617890369863,0.002700000000000017,0.002953617890369863,-25.36178903698459,-0.0002536178903698459,-1330.749842426759,1084.012975248671,False
2011-08-16,88.00048828124875,89.70182710752373,0.0008800048828124875,0.0008970182710752373,-1.7013388262749771,-1.7013388262749772e-05,-1332.4511812530338,1084.012975248671,False
2011-08-17,281.9995117187474,437.0605803087349,0.0028199951171874738,0.004370605803087349,-155.06106858998754,-0.0015506106858998753,-1487.5122498430214,1084.012975248671,False
2011-08-18,301.99951171874966,214.53897176615595,0.0030199951171874964,0.0021453897176615597,87.4605399525937,0.000874605399525937,-1400.0517098904277,1084.012975248671,False
2011-08-19,397.0019531250002,334.26802876870795,0.003970019531250002,0.0033426802876870797,62.73392435629228,0.0006273392435629227,-1337.3177855341355,1084.012975248671,False
2011-08-22,526.4990234374984,636.372175574694,0.0052649902343749845,0.00636372175574694,-109.87315213719558,-0.0010987315213719557,-1447.190937671331,1084.012975248671,False
2011-08-23,-1009.9999999999991,-808.6032991720703,-0.010099999999999991,-0.008086032991720702,-201.39670082792884,-0.0020139670082792885,-1648.5876384992598,1084.012975248671,False
2011-08-24,-53.00097656249882,-93.10954643446865,-0.0005300097656249882,-0.0009310954643446866,40.108569871969834,0.00040108569871969834,-1608.47906862729,1084.012975248671,False
2011-08-25,553.0009765624983,539.9266846270946,0.005530009765624983,0.0053992668462709455,13.074291935403721,0.00013074291935403722,-1595.4047766918861,1084.012975248671,False
2011-08-26,-56.999511718750504,-6.952365811543688,-0.000569995117187505,-6.952365811543688e-05,-50.04714590720682,-0.0005004714590720682,-1645.451922599093,1084.012975248671,False
2011-08-29,381.99951171875057,491.00975068674967,0.003819995117187506,0.004910097506867496,-109.0102389679991,-0.001090102389679991,-1754.4621615670922,1084.012975248671,False
2011-08-30,18.99902343750131,8.90411396330897,0.00018999023437501312,8.90411396330897e-05,10.094909474192342,0.00010094909474192341,-1744.3672520929,1084.012975248671,False
2011-08-31,-25.99853515625052,-34.064683957011994,-0.0002599853515625052,-0.0003406468395701199,8.066148800761475,8.066148800761475e-05,-1736.3011032921384,1084.012975248671,False
2011-09-01,956.0009765625025,798.4591321490815,0.009560009765625025,0.007984591321490814,157.54184441342102,0.0015754184441342102,-1578.7592588787174,1084.012975248671,False
2011-09-02,-36.000976562501215,-30.9391027657829,-0.0003600097656250122,-0.000309391027657829,-5.0618737967183165,-5.0618737967183166e-05,-1583.8211326754358,1084.012975248671,False
2011-09-06,-211.99951171874937,-323.6660104923057,-0.0021199951171874936,-0.003236660104923057,111.66649877355633,0.0011166649877355633,-1472.1546339018796,1084.012975248671,False
2011-09-07,398.9990234374999,257.16820504909197,0.003989990234374999,0.0025716820504909197,141.83081838840792,0.0014183081838840793,-1330.3238155134718,1084.012975248671,False
2011-09-08,20.000000000000277,7.8678659885112925,0.00020000000000000277,7.867865988511292e-05,12.132134011488985,0.00012132134011488985,-1318.1916815019829,1084.012975248671,False
2011-09-09,-461.99951171875006,-558.4235244772384,-0.0046199951171875,-0.005584235244772384,96.42401275848835,0.0009642401275848834,-1221.7676687434946,1084.012975248671,False
2011-09-12,168.00048828124835,124.76070277222988,0.0016800048828124836,0.0012476070277222988,43.239785509018475,0.00043239785509018475,-1178.5278832344761,1084.012975248671,False
2011-09-13,-36.000976562498636,-37.80046239151837,-0.00036000976562498637,-0.0003780046239151837,1.799485829019737,1.7994858290197372e-05,-1176.7283974054565,1084.012975248671,False
2011-09-14,-450.9985351562507,-654.1745025536056,-0.004509985351562507,-0.006541745025536057,203.17596739735495,0.0020317596739735494,-973.5524300081015,1084.012975248671,False
2011-09-15,379.4980468750029,293.58200364264144,0.003794980468750029,0.0029358200364264144,85.91604323236146,0.0008591604323236146,-887.63638677574,1084.012975248671,False
2011-09-16,-370.49804687500165,-294.8297685670045,-0.0037049804687500163,-0.0029482976856700454,-75.66827830799713,-0.0007566827830799713,-963.3046650837371,1084.012975248671,False
2011-09-19,292.99951171874807,231.4272769243174,0.0029299951171874805,0.002314272769243174,61.57223479443067,0.0006157223479443067,-901.7324302893064,1084.012975248671,False
2011-09-20,-1021.7500000000032,-888.1059976850885,-0.010217500000000032,-0.008881059976850885,-133.6440023149147,-0.001336440023149147,-1035.376432604221,1084.012975248671,False
2011-09-21,-967.2514648437487,-1268.8846933971445,-0.009672514648437488,-0.012688846933971445,301.6332285533957,0.003016332285533957,-733.7432040508253,1084.012975248671,False
2011-09-22,-932.7490234374989,-586.8740763440001,-0.009327490234374989,-0.00586874076344,-345.8749470934988,-0.003458749470934988,-1079.6181511443242,1084.012975248671,False
2011-09-23,-18.50000000000287,155.20378457961795,-0.0001850000000000287,0.0015520378457961794,-173.70378457962082,-0.0017370378457962081,-1253.321935723945,1084.012975248671,False
2011-09-26,688.9995117187498,572.0138501036561,0.006889995117187498,0.005720138501036561,116.9856616150937,0.001169856616150937,-1136.3362741088513,1084.012975248671,False
2011-09-27,-485.99902343749903,-396.6384288855143,-0.0048599902343749906,-0.003966384288855143,-89.36059455198472,-0.0008936059455198472,-1225.6968686608361,1084.012975248671,False
2011-09-28,-124.0004882812483,-113.20227463458004,-0.001240004882812483,-0.0011320227463458004,-10.798213646668259,-0.0001079821364666826,-1236.4950823075044,1084.012975248671,False
2011-09-29,-170.00000000000074,-150.0586266116335,-0.0017000000000000075,-0.001500586266116335,-19.941373388367225,-0.00019941373388367224,-1256.4364556958717,1084.012975248671,False
2011-09-30,292.498046875004,251.83762160633182,0.00292498046875004,0.0025183762160633184,40.66042526867216,0.00040660425268672156,-1215.7760304271997,1084.012975248671,False
2011-10-03,8.750488281252842,21.76561715509189,8.750488281252842e-05,0.0002176561715509189,-13.015128873839046,-0.00013015128873839046,-1228.7911593010388,1084.012975248671,False
2011-10-04,795.500976562504,752.1905719997887,0.00795500976562504,0.0075219057199978874,43.310404562715235,0.00043310404562715236,-1185.4807547383234,1084.012975248671,False
2011-10-05,190.49853515624937,216.82739446073373,0.0019049853515624938,0.0021682739446073373,-26.328859304484354,-0.0002632885930448435,-1211.8096140428079,1084.012975248671,False
2011-10-06,-185.9990234375004,-237.3205346754168,-0.001859990234375004,-0.002373205346754168,51.32151123791641,0.0005132151123791642,-1160.4881028048915,1084.012975248671,False
2011-10-07,349.99999999999875,297.20956846790415,0.0034999999999999875,0.0029720956846790414,52.7904315320946,0.000527904315320946,-1107.697671272797,1084.012975248671,False
2011-10-10,-98.00048828124997,-92.10851267265124,-0.0009800048828124998,-0.0009210851267265124,-5.891975608598727,-5.891975608598727e-05,-1113.5896468813958,1084.012975248671,False
2011-10-11,248.00097656249892,299.88737827846035,0.0024800097656249892,0.0029988737827846036,-51.886401715961426,-0.0005188640171596143,-1165.4760485973572,1084.012975248671,False
2011-10-12,-23.000976562499403,-29.521485037906118,-0.00023000976562499403,-0.0002952148503790612,6.520508475406714,6.520508475406715e-05,-1158.9555401219504,1084.012975248671,False
2011-10-13,121.25000000000091,237.67473695627172,0.0012125000000000091,0.002376747369562717,-116.4247369562708,-0.001164247369562708,-1275.3802770782213,1084.012975248671,False
2011-10-14,-156.4990234375002,-187.97506548032857,-0.001564990234375002,-0.0018797506548032857,31.476042042828368,0.0003147604204282837,-1243.904235035393,1084.012975248671,False
2011-10-17,-390.50097656250205,-277.37683662690506,-0.0039050097656250205,-0.0027737683662690505,-113.12413993559699,-0.0011312413993559698,-1357.02837497099,1084.012975248671,False
2011-10-18,-149.50048828125085,-174.4391303183731,-0.0014950048828125085,-0.0017443913031837308,24.938642037122236,0.00024938642037122236,-1332.0897329338677,1084.012975248671,False
2011-10-19,-715.9970703125018,-568.0170798228995,-0.007159970703125018,-0.005680170798228995,-147.9799904896023,-0.001479799904896023,-1480.06972342347,1084.012975248671,False
2011-10-20,364.99951171875216,287.85776111705144,0.0036499951171875215,0.0028785776111705146,77.14175060170072,0.0007714175060170072,-1402.9279728217691,1084.012975248671,False
2011-10-21,242.9995117187484,284.2791817810355,0.002429995117187484,0.002842791817810355,-41.279670062287096,-0.00041279670062287097,-1444.2076428840562,1084.012975248671,False
2011-10-24,375.0009765625023,465.00362995129194,0.003750009765625023,0.004650036299512919,-90.00265338878967,-0.0009000265338878966,-1534.2102962728459,1084.012975248671,False
2011-10-25,240.49853515624778,203.9196908353603,0.002404985351562478,0.0020391969083536033,36.57884432088747,0.0003657884432088747,-1497.6314519519583,1084.012975248671,False
2011-10-26,376.4995117187484,320.2540344482447,0.0037649951171874843,0.0032025403444824467,56.24547727050373,0.0005624547727050373,-1441.3859746814546,1084.012975248671,False
2011-10-27,-12.499999999998753,-8.110555310772554,-0.00012499999999998753,-8.110555310772554e-05,-4.389444689226199,-4.389444689226199e-05,-1445.7754193706808,1084.012975248671,False
2011-10-28,-838.4999999999999,-682.0381890788447,-0.008384999999999998,-0.006820381890788447,-156.46181092115523,-0.0015646181092115524,-1602.237230291836,1084.012975248671,False
2011-10-31,-362.74902343749903,-354.87502023536064,-0.0036274902343749905,-0.0035487502023536063,-7.874003202138397,-7.874003202138397e-05,-1610.1112334939744,1084.012975248671,False
2011-11-01,270.7504882812515,269.3930763282052,0.002707504882812515,0.002693930763282052,1.3574119530462667,1.3574119530462667e-05,-1608.7538215409281,1084.012975248671,False
2011-11-02,942.0000000000014,825.2811808867691,0.009420000000000013,0.00825281180886769,116.71881911323226,0.0011671881911323226,-1492.0350024276959,1084.012975248671,False
2011-11-03,-149.99999999999875,-110.64131335020207,-0.0014999999999999875,-0.0011064131335020207,-39.35868664979668,-0.0003935868664979668,-1531.3936890774926,1084.012975248671,False
2011-11-04,537.5000000000013,517.4161826726879,0.005375000000000013,0.005174161826726879,20.08381732731334,0.0002008381732731334,-1511.3098717501794,1084.012975248671,False
2011-11-07,278.99853515625205,235.01035711175408,0.0027899853515625204,0.002350103571117541,43.98817804449797,0.00043988178044497973,-1467.3216937056814,1084.012975248671,False
2011-11-08,-648.7485351562489,-685.9626277590124,-0.006487485351562489,-0.006859626277590124,37.21409260276357,0.00037214092602763573,-1430.1076011029177,1084.012975248671,False
2011-11-09,-335.0000000000019,-385.42653429350486,-0.0033500000000000188,-0.003854265342935049,50.42653429350298,0.0005042653429350298,-1379.6810668094147,1084.012975248671,False
2011-11-10,378.49999999999875,247.38448861725942,0.0037849999999999876,0.0024738448861725943,131.11551138273933,0.0013111551138273933,-1248.5655554266755,1084.012975248671,False
2011-11-11,-156.49951171875003,-123.87516398911421,-0.0015649951171875004,-0.0012387516398911422,-32.624347729635815,-0.00032624347729635813,-1281.1899031563112,1084.012975248671,False
2011-11-14,71.49804687500091,66.64370803905788,0.0007149804687500091,0.0006664370803905788,4.854338835943025,4.854338835943025e-05,-1276.3355643203681,1084.012975248671,False
2011-11-15,-239.99902343749977,-364.76106717191624,-0.0023999902343749976,-0.0036476106717191624,124.76204373441647,0.0012476204373441646,-1151.5735205859517,1084.012975248671,False
2011-11-16,-723.0009765625,-851.6075521763785,-0.007230009765625,-0.008516075521763785,128.60657561387848,0.0012860657561387847,-1022.9669449720732,1084.012975248671,False
2011-11-17,-24.998535156248757,-31.98994528829361,-0.00024998535156248755,-0.00031989945288293613,6.991410132044855,6.991410132044855e-05,-1015.9755348400283,1084.012975248671,False
2011-11-18,-755.0000000000002,-711.548842198292,-0.007550000000000002,-0.0071154884219829205,-43.45115780170818,-0.0004345115780170818,-1059.4266926417365,1084.012975248671,False
2011-11-21,205.50048828124665,98.8411609242172,0.0020550048828124664,0.0009884116092421721,106.65932735702944,0.0010665932735702945,-952.767365284707,1084.012975248671,False
2011-11-22,-1144.4999999999968,-1043.1568528022044,-0.011444999999999967,-0.010431568528022045,-101.3431471977924,-0.001013431471977924,-1054.1105124824994,1084.012975248671,False
2011-11-23,-242.50195312499744,-259.1574114514052,-0.0024250195312499746,-0.002591574114514052,16.655458326407768,0.00016655458326407768,-1037.4550541560916,1084.012975248671,False
2011-11-25,1655.0009765624952,1585.2711393934346,0.016550009765624953,0.015852711393934345,69.7298371690606,0.000697298371690606,-967.725216987031,1084.012975248671,False
2011-11-28,9.00097656249677,-0.3504821557136424,9.00097656249677e-05,-3.504821557136424e-06,9.351458718210413,9.351458718210413e-05,-958.3737582688206,1084.012975248671,False
2011-11-29,1138.9990234374925,1099.2466528249208,0.011389990234374925,0.010992466528249208,39.75237061257167,0.00039752370612571665,-918.6213876562489,1084.012975248671,False
2011-11-30,-76.49999999999903,-39.3030204763686,-0.0007649999999999903,-0.00039303020476368604,-37.19697952363043,-0.0003719697952363043,-955.8183671798793,1084.012975248671,False
2011-12-01,90.99999999999918,89.1591154968252,0.0009099999999999918,0.0008915911549682519,1.8408845031739816,1.8408845031739814e-05,-953.9774826767052,1084.012975248671,False
2011-12-02,-8.000488281255457,20.289336629432597,-8.000488281255457e-05,0.00020289336629432598,-28.289824910688054,-0.00028289824910688054,-982.2673075873932,1084.012975248671,False
2011-12-05,-40.99951171875156,-33.7743340932582,-0.0004099951171875156,-0.00033774334093258197,-7.225177625493366,-7.225177625493366e-05,-989.4924852128867,1084.012975248671,False
2011-12-06,264.99999999999943,298.8889989055342,0.0026499999999999944,0.002988889989055342,-33.88899890553478,-0.00033888998905534775,-1023.3814841184214,1084.012975248671,False
2011-12-07,-811.4990234374982,-728.0810238393142,-0.008114990234374982,-0.007280810238393142,-83.417999598184,-0.00083417999598184,-1106.7994837166054,1084.012975248671,False
2011-12-08,107.49902343750088,52.84972074283177,0.0010749902343750088,0.0005284972074283177,54.64930269466911,0.0005464930269466911,-1052.1501810219363,1084.012975248671,False
2011-12-09,-659.5009765624993,-706.3426219781984,-0.006595009765624993,-0.007063426219781984,46.84164541569908,0.00046841645415699075,-1005.3085356062372,1084.012975248671,False
2011-12-12,-46.0000000000002,-48.189975600054765,-0.00046000000000000197,-0.00048189975600054763,2.1899756000545665,2.1899756000545665e-05,-1003.1185600061826,1084.012975248671,False
2011-12-13,-976.9995117187517,-945.2071760081113,-0.009769995117187517,-0.009452071760081114,-31.792335710640373,-0.0003179233571064037,-1034.910895716823,1084.012975248671,False
2011-12-14,16.999999999999552,3.3099390354359475,0.0001699999999999955,3.3099390354359475e-05,13.690060964563605,0.00013690060964563605,-1021.2208347522594,1084.012975248671,False
2011-12-15,30.499999999998522,73.3024849834866,0.00030499999999998524,0.000733024849834866,-42.80248498348807,-0.00042802484983488074,-1064.0233197357475,1084.012975248671,False
2011-12-16,-200.9999999999987,-208.37552149171586,-0.002009999999999987,-0.002083755214917159,7.375521491717166,7.375521491717165e-05,-1056.6477982440304,1084.012975248671,False
2011-12-19,618.9999999999953,721.0765630237977,0.006189999999999953,0.007210765630237977,-102.07656302380235,-0.0010207656302380235,-1158.7243612678326,1084.012975248671,False
2011-12-20,0.0,-3.5114651933948124,0.0,-3.5114651933948127e-05,3.5114651933948124,3.5114651933948127e-05,-1155.2128960744378,1084.012975248671,False
2011-12-21,0.0,-37.64289480775156,0.0,-0.0003764289480775156,37.64289480775156,0.0003764289480775156,-1117.5700012666862,1084.012975248671,False
2011-12-22,56.250000000000504,64.10574578069455,0.000562500000000005,0.0006410574578069455,-7.855745780694043,-7.855745780694043e-05,-1125.4257470473801,1084.012975248671,False
2011-12-23,23.999999999999915,-1.5492230410814258,0.00023999999999999914,-1.549223041081426e-05,25.54922304108134,0.0002554922304108134,-1099.8765240062987,1084.012975248671,False
2011-12-27,-336.24999999999943,-390.3707773972494,-0.0033624999999999944,-0.003903707773972494,54.12077739724998,0.0005412077739724998,-1045.7557466090489,1084.012975248671,False
2011-12-28,65.00000000000009,27.298190834328423,0.0006500000000000008,0.0002729819083432842,37.70180916567166,0.00037701809165671663,-1008.0539374433772,1084.012975248671,False
2011-12-29,-46.9999999999999,-2.5672039614106517,-0.000469999999999999,-2.5672039614106518e-05,-44.432796038589245,-0.00044432796038589245,-1052.4867334819664,1084.012975248671,False
2011-12-30,112.00000000000077,237.11882364708373,0.0011200000000000077,0.0023711882364708375,-125.11882364708296,-0.0012511882364708295,-1177.6055571290494,1084.012975248671,False
2012-01-03,30.49999999999857,63.37708020088151,0.0003049999999999857,0.0006337708020088151,-32.87708020088294,-0.00032877080200882945,-1210.4826373299325,1084.012975248671,False
2012-01-04,43.0000000000001,55.199068332677655,0.000430000000000001,0.0005519906833267766,-12.199068332677555,-0.00012199068332677555,-1222.68170566261,1084.012975248671,False
2012-01-05,69.75000000000072,63.35400540358921,0.0006975000000000073,0.0006335400540358921,6.395994596411512,6.395994596411512e-05,-1216.2857110661985,1084.012975248671,False
2012-01-06,-3.2499999999988702,-21.767154865259183,-3.24999999999887e-05,-0.00021767154865259182,18.517154865260313,0.00018517154865260312,-1197.768556200938,1084.012975248671,False
2012-01-09,224.5000000000013,282.32366422064797,0.002245000000000013,0.0028232366422064796,-57.82366422064666,-0.0005782366422064666,-1255.5922204215847,1084.012975248671,False
2012-01-10,36.50000000000221,48.33725205176712,0.0003650000000000221,0.0004833725205176712,-11.837252051764914,-0.00011837252051764914,-1267.4294724733495,1084.012975248671,False
2012-01-11,179.49853515624875,186.10816838730483,0.0017949853515624875,0.0018610816838730484,-6.60963323105608,-6.60963323105608e-05,-1274.0391057044055,1084.012975248671,False
2012-01-12,-216.49902343749943,-249.28827033517084,-0.002164990234374994,-0.0024928827033517086,32.789246897671404,0.00032789246897671405,-1241.2498588067342,1084.012975248671,False
2012-01-13,68.75000000000229,132.366620086261,0.0006875000000000228,0.00132366620086261,-63.61662008625872,-0.0006361662008625872,-1304.866478892993,1084.012975248671,False
2012-01-17,361.00048828125034,334.52845942649,0.003610004882812503,0.0033452845942649,26.472028854760367,0.0002647202885476037,-1278.3944500382327,1084.012975248671,False
2012-01-18,-3.251464843751142,8.83298150467219,-3.251464843751142e-05,8.83298150467219e-05,-12.084446348423333,-0.00012084446348423333,-1290.478896386656,1084.012975248671,False
2012-01-19,135.49999999999935,169.51893796558602,0.0013549999999999934,0.0016951893796558603,-34.01893796558667,-0.0003401893796558667,-1324.4978343522428,1084.012975248671,False
2012-01-20,147.7504882812449,160.35532053852282,0.0014775048828124492,0.001603553205385228,-12.604832257277906,-0.00012604832257277906,-1337.1026666095206,1084.012975248671,False
2012-01-23,-120.50048828125142,-104.48427761424293,-0.0012050048828125143,-0.0010448427761424292,-16.016210667008494,-0.00016016210667008494,-1353.118877276529,1084.012975248671,False
2012-01-24,579.2509765624968,568.5002980957936,0.005792509765624968,0.005685002980957936,10.75067846670322,0.0001075067846670322,-1342.3681988098258,1084.012975248671,False
2012-01-25,186.99853515624812,82.94370700074583,0.0018699853515624812,0.0008294370700074583,104.05482815550229,0.0010405482815550229,-1238.3133706543235,1084.012975248671,False
2012-01-26,39.499999999998636,18.069593547079016,0.00039499999999998635,0.00018069593547079016,21.43040645291962,0.0002143040645291962,-1216.8829642014039,1084.012975248671,False
2012-01-27,-41.49951171874738,-30.327228212828565,-0.0004149951171874738,-0.0003032722821282857,-11.172283505918813,-0.00011172283505918812,-1228.0552477073227,1084.012975248671,False
2012-01-30,113.99999999999427,93.86074475807918,0.0011399999999999427,0.0009386074475807918,20.139255241915095,0.00020139255241915095,-1207.9159924654075,1084.012975248671,False
2012-01-31,609.0019531249931,551.2259684514748,0.006090019531249931,0.005512259684514748,57.775984673518224,0.0005777598467351822,-1150.1400077918893,1084.012975248671,False
2012-02-01,129.0004882812521,178.21772104059784,0.001290004882812521,0.0017821772104059785,-49.217232759345734,-0.0004921723275934574,-1199.357240551235,1084.012975248671,False
2012-02-02,161.50000000000057,46.219143715294564,0.0016150000000000058,0.00046219143715294566,115.280856284706,0.0011528085628470601,-1084.076384266529,1084.012975248671,False
2012-02-03,-143.00146484375045,-162.39639708463136,-0.0014300146484375045,-0.0016239639708463137,19.394932240880905,0.00019394932240880905,-1064.681452025648,1084.012975248671,False
2012-02-06,313.5000000000022,347.78786239307163,0.0031350000000000223,0.0034778786239307163,-34.28786239306942,-0.0003428786239306942,-1098.9693144187174,1084.012975248671,False
2012-02-07,-55.498535156252984,-68.62199404969141,-0.0005549853515625299,-0.0006862199404969141,13.123458893438425,0.00013123458893438424,-1085.845855525279,1084.012975248671,False
2012-02-08,176.49902343749883,200.8265484547118,0.0017649902343749883,0.002008265484547118,-24.327525017212963,-0.00024327525017212964,-1110.173380542492,1084.012975248671,False
2012-02-09,-286.49902343749886,-344.599003943766,-0.0028649902343749886,-0.0034459900394376596,58.099980506267116,0.0005809998050626712,-1052.073400036225,1084.012975248671,False
2012-02-10,115.49853515625126,152.87735390096873,0.0011549853515625127,0.0015287735390096873,-37.378818744717464,-0.00037378818744717465,-1089.4522187809423,1084.012975248671,False
2012-02-13,-129.7490234375017,-109.68331745356033,-0.0012974902343750171,-0.0010968331745356034,-20.06570598394137,-0.0002006570598394137,-1109.5179247648837,1084.012975248671,False
2012-02-14,14.498046874996021,-30.108261883431368,0.00014498046874996022,-0.0003010826188343137,44.60630875842739,0.0004460630875842739,-1064.9116160064564,1084.012975248671,False
2012-02-15,334.50048828124363,348.7610469908653,0.0033450048828124364,0.0034876104699086527,-14.260558709621648,-0.00014260558709621647,-1079.172174716078,1084.012975248671,False
2012-02-16,-46.00000000000157,-33.50790504710101,-0.0004600000000000157,-0.00033507905047101014,-12.492094952900558,-0.00012492094952900557,-1091.6642696689785,1084.012975248671,False
2012-02-17,691.7519531249941,684.5659043334321,0.006917519531249941,0.006845659043334321,7.18604879156203,7.18604879156203e-05,-1084.4782208774163,1084.012975248671,False
2012-02-21,-25.499511718751748,-16.541082278801085,-0.0002549951171875175,-0.00016541082278801085,-8.958429439950663,-8.958429439950663e-05,-1093.436650317367,1084.012975248671,False
2012-02-22,343.0000000000007,399.74334008657917,0.003430000000000007,0.003997433400865792,-56.743340086578485,-0.0005674334008657848,-1150.1799904039453,1084.012975248671,False
2012-02-23,-92.25146484375337,-111.47152940828191,-0.0009225146484375336,-0.0011147152940828191,19.220064564528542,0.00019220064564528543,-1130.9599258394169,1084.012975248671,False
2012-02-24,103.99999999999869,87.66776722829309,0.001039999999999987,0.0008766776722829309,16.332232771705606,0.00016332232771705605,-1114.6276930677113,1084.012975248671,False
2012-02-27,477.74999999999716,452.11733543666605,0.004777499999999972,0.004521173354366661,25.632664563331105,0.00025632664563331105,-1088.9950285043801,1084.012975248671,False
2012-02-28,-911.9985351562501,-1106.9201610127998,-0.009119985351562502,-0.011069201610127997,194.92162585654967,0.0019492162585654966,-894.0734026478304,1084.012975248671,False
2012-02-29,181.0000000000021,246.81111668558515,0.001810000000000021,0.0024681111668558514,-65.81111668558304,-0.0006581111668558304,-959.8845193334134,1084.012975248671,False
2012-03-01,-151.7490234375004,-106.75500364980164,-0.001517490234375004,-0.0010675500364980164,-44.99401978769876,-0.0004499401978769876,-1004.8785391211122,1084.012975248671,False
2012-03-02,-135.25146484374886,-143.95887932882226,-0.0013525146484374886,-0.0014395887932882225,8.7074144850734,8.7074144850734e-05,-996.1711246360388,1084.012975248671,False
2012-03-05,-821.0004882812499,-846.4443529242053,-0.008210004882812498,-0.008464443529242053,25.44386464295542,0.0002544386464295542,-970.7272599930834,1084.012975248671,False
2012-03-06,222.99999999999707,218.07090137986336,0.0022299999999999707,0.0021807090137986335,4.929098620133715,4.929098620133715e-05,-965.7981613729497,1084.012975248671,False
2012-03-07,644.2504882812498,609.4967777560211,0.0064425048828124975,0.00609496777756021,34.75371052522871,0.0003475371052522871,-931.044450847721,1084.012975248671,False
2012-03-08,222.50048828124716,192.48888537634122,0.0022250048828124716,0.0019248888537634122,30.011602904905942,0.00030011602904905945,-901.0328479428151,1084.012975248671,False
2012-03-09,-86.9995117187457,-66.3315404622605,-0.0008699951171874569,-0.0006633154046226051,-20.66797125648519,-0.00020667971256485188,-921.7008191993003,1084.012975248671,False
2012-03-12,577.7490234374966,586.4077900538528,0.005777490234374966,0.005864077900538527,-8.65876661635616,-8.658766616356161e-05,-930.3595858156565,1084.012975248671,False
2012-03-13,-489.0004882812486,-586.7809364441567,-0.004890004882812486,-0.005867809364441567,97.78044816290816,0.0009778044816290815,-832.5791376527484,1084.012975248671,False
2012-03-14,110.49999999999774,148.0453229690754,0.0011049999999999773,0.001480453229690754,-37.545322969077645,-0.0003754532296907765,-870.1244606218261,1084.012975248671,False
2012-03-15,14.000000000001696,11.967752251259842,0.00014000000000001696,0.00011967752251259843,2.032247748741854,2.032247748741854e-05,-868.0922128730842,1084.012975248671,False
2012-03-16,65.00000000000226,96.32190419937126,0.0006500000000000226,0.0009632190419937126,-31.321904199369,-0.00031321904199369,-899.4141170724532,1084.012975248671,False
2012-03-19,-4.499999999999938,-27.587417186553562,-4.499999999999938e-05,-0.00027587417186553565,23.087417186553623,0.00023087417186553623,-876.3266998858996,1084.012975248671,False
2012-03-20,-12.99999999999954,-13.043857317746104,-0.0001299999999999954,-0.00013043857317746103,0.043857317746564206,4.3857317746564204e-07,-876.2828425681531,1084.012975248671,False
2012-03-21,-50.499999999999275,-75.60686079249837,-0.0005049999999999928,-0.0007560686079249836,25.10686079249909,0.0002510686079249909,-851.175981775654,1084.012975248671,False
2012-03-22,20.00000000000135,40.84101831101613,0.0002000000000000135,0.00040841018311016126,-20.84101831101478,-0.00020841018311014778,-872.0170000866688,1084.012975248671,False
2012-03-23,201.50000000000074,276.4817380674915,0.0020150000000000072,0.002764817380674915,-74.98173806749077,-0.0007498173806749077,-946.9987381541596,1084.012975248671,False
2012-03-26,-45.00000000000023,-39.9961032340168,-0.00045000000000000226,-0.000399961032340168,-5.003896765983427,-5.003896765983427e-05,-952.002634920143,1084.012975248671,False
2012-03-27,-46.74999999999976,-76.78435614141225,-0.0004674999999999976,-0.0007678435614141225,30.034356141412488,0.0003003435614141249,-921.9682787787306,1084.012975248671,False
2012-03-28,-29.499999999999066,-40.36955735119816,-0.00029499999999999064,-0.0004036955735119816,10.869557351199095,0.00010869557351199095,-911.0987214275315,1084.012975248671,False
2012-03-29,9.999999999999318,33.24804421762573,9.999999999999317e-05,0.0003324804421762573,-23.248044217626415,-0.00023248044217626416,-934.3467656451579,1084.012975248671,False
2012-03-30,98.75000000000028,127.01573083717113,0.000987500000000003,0.0012701573083717113,-28.26573083717085,-0.0002826573083717085,-962.6124964823288,1084.012975248671,False
2012-04-02,-14.749999999999144,-23.61450105611631,-0.00014749999999999144,-0.0002361450105611631,8.864501056117167,8.864501056117166e-05,-953.7479954262116,1084.012975248671,False
2012-04-03,-162.49999999999932,-257.6187403140872,-0.0016249999999999932,-0.0025761874031408716,95.11874031408786,0.0009511874031408786,-858.6292551121237,1084.012975248671,False
2012-04-04,19.499999999999094,32.33912982017243,0.00019499999999999094,0.0003233912982017243,-12.839129820173337,-0.00012839129820173338,-871.468384932297,1084.012975248671,False
2012-04-05,0.0,13.820420575409633,0.0,0.00013820420575409633,-13.820420575409633,-0.00013820420575409633,-885.2888055077067,1084.012975248671,False
2012-04-06,-126.74999999999994,-175.8774857720564,-0.0012674999999999995,-0.001758774857720564,49.127485772056446,0.0004912748577205645,-836.1613197356503,1084.012975248671,False
2012-04-09,-152.99999999999935,-132.50691399526795,-0.0015299999999999934,-0.0013250691399526796,-20.493086004731396,-0.00020493086004731394,-856.6544057403817,1084.012975248671,False
2012-04-10,127.99999999999864,137.0603100785089,0.0012799999999999864,0.001370603100785089,-9.06031007851027,-9.06031007851027e-05,-865.7147158188919,1084.012975248671,False
2012-04-11,744.0000000000084,758.6435549647741,0.007440000000000084,0.007586435549647741,-14.643554964765713,-0.00014643554964765713,-880.3582707836576,1084.012975248671,False
2012-04-12,-195.4999999999999,-195.5430106251696,-0.001954999999999999,-0.001955430106251696,0.04301062516969978,4.301062516969978e-07,-880.315260158488,1084.012975248671,False
2012-04-13,-123.99999999999922,-152.18873108744887,-0.0012399999999999922,-0.0015218873108744887,28.188731087449654,0.00028188731087449653,-852.1265290710382,1084.012975248671,False
2012-04-16,781.9999999999984,768.5082148073423,0.007819999999999985,0.007685082148073423,13.491785192656153,0.00013491785192656152,-838.6347438783821,1084.012975248671,False
2012-04-17,-62.75000000000037,-66.24255082672079,-0.0006275000000000037,-0.0006624255082672079,3.492550826720418,3.492550826720418e-05,-835.1421930516617,1084.012975248671,False
2012-04-18,-50.74999999999936,-53.82388627315498,-0.0005074999999999936,-0.0005382388627315498,3.0738862731556225,3.073886273155622e-05,-832.0683067785061,1084.012975248671,False
2012-04-19,-4.750000000000359,-3.4286187245571433,-4.750000000000359e-05,-3.4286187245571435e-05,-1.3213812754432155,-1.3213812754432154e-05,-833.3896880539493,1084.012975248671,False
2012-04-20,-110.49999999999991,-150.68847846898257,-0.0011049999999999992,-0.0015068847846898257,40.18847846898265,0.0004018847846898265,-793.2012095849666,1084.012975248671,False
2012-04-23,-70.24999999999923,-47.713154349448345,-0.0007024999999999923,-0.00047713154349448346,-22.536845650550887,-0.00022536845650550887,-815.7380552355174,1084.012975248671,False
2012-04-24,806.2500000000041,852.4158185335632,0.00806250000000004,0.008524158185335633,-46.165818533559104,-0.00046165818533559105,-861.9038737690765,1084.012975248671,False
2012-04-25,110.49999999999818,123.43553383275061,0.0011049999999999819,0.0012343553383275061,-12.935533832752427,-0.00012935533832752428,-874.839407601829,1084.012975248671,False
2012-04-26,107.74999999999773,121.30031366618124,0.0010774999999999773,0.0012130031366618123,-13.550313666183513,-0.00013550313666183512,-888.3897212680124,1084.012975248671,False
2012-04-27,-59.9999999999994,-71.04745876727696,-0.000599999999999994,-0.0007104745876727696,11.047458767277561,0.00011047458767277561,-877.3422625007348,1084.012975248671,False
2012-04-30,15.499511718750558,30.16594425093872,0.00015499511718750558,0.00030165944250938717,-14.66643253218816,-0.0001466643253218816,-892.008695032923,1084.012975248671,False
2012-05-01,-8.999023437503467,1.3565137312002236,-8.999023437503468e-05,1.3565137312002236e-05,-10.355537168703691,-0.00010355537168703691,-902.3642322016267,1084.012975248671,False
2012-05-02,-604.5019531250018,-563.3987348054163,-0.006045019531250018,-0.005633987348054164,-41.103218319585494,-0.00041103218319585495,-943.4674505212122,1084.012975248671,False
2012-05-03,-412.49853515624943,-449.21740352493106,-0.004124985351562495,-0.00449217403524931,36.718868368681626,0.00036718868368681626,-906.7485821525306,1084.012975248671,False
2012-05-04,21.249023437501712,28.222090870557203,0.00021249023437501714,0.000282220908705572,-6.9730674330554905,-6.973067433055491e-05,-913.7216495855861,1084.012975248671,False
2012-05-07,-519.7485351562514,-467.5198346686805,-0.005197485351562513,-0.004675198346686805,-52.22870048757085,-0.0005222870048757085,-965.9503500731569,1084.012975248671,False
2012-05-08,-182.50048828124744,-170.2452434222958,-0.0018250048828124745,-0.001702452434222958,-12.255244858951642,-0.00012255244858951642,-978.2055949321085,1084.012975248671,False
2012-05-09,39.50048828124564,45.03201389513452,0.0003950048828124564,0.0004503201389513452,-5.531525613888881,-5.5315256138888814e-05,-983.7371205459974,1084.012975248671,False
2012-05-10,-248.50000000000233,-237.5610656758854,-0.002485000000000023,-0.002375610656758854,-10.938934324116929,-0.00010938934324116928,-994.6760548701143,1084.012975248671,False
2012-05-11,-619.000000000002,-588.2753638282009,-0.00619000000000002,-0.005882753638282008,-30.724636171801194,-0.00030724636171801194,-1025.4006910419155,1084.012975248671,False
2012-05-14,-164.00146484374625,-166.16823620150697,-0.0016400146484374625,-0.0016616823620150697,2.166771357760723,2.166771357760723e-05,-1023.2339196841548,1084.012975248671,False
2012-05-15,-540.2499999999955,-513.137704308199,-0.005402499999999954,-0.00513137704308199,-27.112295691796476,-0.00027112295691796473,-1050.3462153759513,1084.012975248671,False
2012-05-16,-569.4995117187574,-608.330380901508,-0.005694995117187574,-0.00608330380901508,38.830869182750575,0.00038830869182750573,-1011.5153461932007,1084.012975248671,False
2012-05-17,-153.99999999999778,-209.87206295308505,-0.0015399999999999778,-0.0020987206295308503,55.872062953087266,0.0005587206295308727,-955.6432832401134,1084.012975248671,False
2012-05-18,945.0004882812474,914.3185052281954,0.009450004882812474,0.009143185052281953,30.681983053052022,0.00030681983053052023,-924.9613001870614,1084.012975248671,False
2012-05-21,-142.50097656250014,-116.50932047133833,-0.0014250097656250014,-0.0011650932047133833,-25.991656091161815,-0.00025991656091161816,-950.9529562782232,1084.012975248671,False
2012-05-22,-266.49951171874955,-216.6732228445224,-0.0026649951171874952,-0.002166732228445224,-49.826288874227146,-0.0004982628887422715,-1000.7792451524504,1084.012975248671,False
2012-05-23,183.75097656250193,180.50855361984387,0.0018375097656250193,0.0018050855361984386,3.2424229426580666,3.2424229426580666e-05,-997.5368222097923,1084.012975248671,False
2012-05-24,-23.000976562501496,-31.541044318454187,-0.00023000976562501495,-0.00031541044318454187,8.540067755952691,8.54006775595269e-05,-988.9967544538396,1084.012975248671,False
2012-05-25,54.00048828125196,138.35865140880605,0.0005400048828125197,0.0013835865140880606,-84.35816312755409,-0.0008435816312755409,-1073.3549175813937,1084.012975248671,False
2012-05-29,-160.50048828124974,-144.02703462525884,-0.0016050048828124975,-0.0014402703462525885,-16.47345365599091,-0.0001647345365599091,-1089.8283712373845,1084.012975248671,False
2012-05-30,-20.9999999999987,-19.04991397121789,-0.000209999999999987,-0.0001904991397121789,-1.9500860287808095,-1.9500860287808096e-05,-1091.7784572661653,1084.012975248671,False
2012-05-31,-87.75097656250202,-243.4089466036389,-0.0008775097656250201,-0.002434089466036389,155.65797004113688,0.0015565797004113689,-936.1204872250285,1084.012975248671,False
2012-06-01,-53.99951171874929,-30.91092390351256,-0.0005399951171874929,-0.00030910923903512563,-23.08858781523673,-0.0002308858781523673,-959.2090750402651,1084.012975248671,False
2012-06-04,307.99999999999625,291.83449258323935,0.0030799999999999625,0.0029183449258323936,16.165507416756896,0.00016165507416756895,-943.0435676235082,1084.012975248671,False
2012-06-05,968.0004882812522,874.3028330598643,0.009680004882812522,0.008743028330598642,93.69765522138789,0.0009369765522138789,-849.3459124021203,1084.012975248671,False
2012-06-06,-538.2495117187484,-364.5723275808242,-0.005382495117187484,-0.003645723275808242,-173.6771841379242,-0.001736771841379242,-1023.0230965400445,1084.012975248671,False
2012-06-07,416.4990234375034,413.4445639755971,0.0041649902343750345,0.004134445639755971,3.054459461906333,3.054459461906333e-05,-1019.9686370781383,1084.012975248671,False
2012-06-08,-352.49853515624955,-368.48007034184434,-0.0035249853515624953,-0.0036848007034184435,15.981535185594794,0.00015981535185594794,-1003.9871018925435,1084.012975248671,False
2012-06-11,338.75000000000125,269.3175442285944,0.0033875000000000125,0.002693175442285944,69.43245577140686,0.0006943245577140687,-934.5546461211366,1084.012975248671,False
2012-06-12,-44.751464843748806,-60.603922864708885,-0.00044751464843748804,-0.0006060392286470888,15.852458020960078,0.0001585245802096008,-918.7021881001765,1084.012975248671,False
2012-06-13,114.49951171874812,122.13861460978765,0.0011449951171874813,0.0012213861460978765,-7.639102891039528,-7.639102891039527e-05,-926.341290991216,1084.012975248671,False
2012-06-14,373.2500000000017,338.49083563378724,0.003732500000000017,0.0033849083563378722,34.75916436621446,0.00034759164366214465,-891.5821266250016,1084.012975248671,False
2012-06-15,53.50146484375016,60.233427899310364,0.0005350146484375016,0.0006023342789931036,-6.7319630555602,-6.7319630555602e-05,-898.3140896805618,1084.012975248671,False
2012-06-18,204.49951171874946,208.01035030989954,0.0020449951171874945,0.0020801035030989954,-3.510838591150076,-3.5108385911500764e-05,-901.8249282717119,1084.012975248671,False
2012-06-19,-52.49902343749605,-26.25051356133233,-0.0005249902343749605,-0.0002625051356133233,-26.24850987616372,-0.0002624850987616372,-928.0734381478755,1084.012975248671,False
2012-06-20,-1383.500488281249,-1200.9893110385963,-0.013835004882812491,-0.012009893110385963,-182.51117724265282,-0.0018251117724265283,-1110.5846153905284,1084.012975248671,False
2012-06-21,99.99902343749906,126.4313258652544,0.0009999902343749906,0.001264313258652544,-26.43230242775533,-0.00026432302427755334,-1137.0169178182837,1084.012975248671,False
2012-06-22,-74.25000000000185,-150.6004689753113,-0.0007425000000000184,-0.001506004689753113,76.35046897530944,0.0007635046897530944,-1060.6664488429742,1084.012975248671,False
2012-06-25,-2.9999999999974847,23.354233228417236,-2.9999999999974847e-05,0.00023354233228417237,-26.35423322841472,-0.0002635423322841472,-1087.0206820713888,1084.012975248671,False
2012-06-26,122.99999999999875,117.21345942857697,0.0012299999999999874,0.0011721345942857697,5.7865405714217815,5.786540571421781e-05,-1081.234141499967,1084.012975248671,False
2012-06-27,-475.000000000001,-354.26905224405016,-0.00475000000000001,-0.0035426905224405017,-120.73094775595087,-0.0012073094775595086,-1201.965089255918,1084.012975248671,False
2012-06-28,1036.0004882812482,899.1953916387158,0.010360004882812482,0.008991953916387158,136.80509664253236,0.0013680509664253237,-1065.1599926133856,1084.012975248671,False
2012-06-29,-42.00000000000078,-17.2625171050033,-0.0004200000000000078,-0.000172625171050033,-24.73748289499748,-0.0002473748289499748,-1089.8974755083832,1084.012975248671,False
2012-07-02,402.5009765624994,335.92829393238014,0.0040250097656249935,0.0033592829393238014,66.57268263011923,0.0006657268263011923,-1023.3247928782639,1084.012975248671,False
2012-07-03,-185.0014648437464,-143.89797185086417,-0.001850014648437464,-0.0014389797185086416,-41.103492992882224,-0.0004110349299288222,-1064.428285871146,1084.012975248671,False
2012-07-05,-603.4999999999975,-504.28428439713537,-0.006034999999999975,-0.005042842843971353,-99.21571560286213,-0.0009921571560286213,-1163.6440014740083,1084.012975248671,False
2012-07-06,64.99951171875186,29.22302698385264,0.0006499951171875186,0.0002922302698385264,35.77648473489922,0.0003577648473489922,-1127.867516739109,1084.012975248671,False
2012-07-09,-785.4980468750041,-724.9925504794543,-0.007854980468750042,-0.007249925504794543,-60.50549639554981,-0.0006050549639554982,-1188.3730131346588,1084.012975248671,False
2012-07-10,-128.75097656250043,-106.75659527949156,-0.0012875097656250042,-0.0010675659527949156,-21.994381283008863,-0.00021994381283008864,-1210.3673944176676,1084.012975248671,False
2012-07-11,-386.4990234374984,-363.283336124375,-0.0038649902343749843,-0.00363283336124375,-23.215687313123397,-0.00023215687313123397,-1233.583081730791,1084.012975248671,False
2012-07-12,839.9995117187485,789.6016615438721,0.008399995117187486,0.007896016615438721,50.39785017487645,0.0005039785017487645,-1183.1852315559145,1084.012975248671,False
2012-07-13,-58.25146484374888,-52.69735111306817,-0.0005825146484374887,-0.0005269735111306817,-5.5541137306807045,-5.554113730680705e-05,-1188.7393452865952,1084.012975248671,False
2012-07-16,158.00146484374898,175.77081383117175,0.0015800146484374897,0.0017577081383117175,-17.769348987422774,-0.00017769348987422772,-1206.508694274018,1084.012975248671,False
2012-07-17,230.50048828125432,303.112659031348,0.0023050048828125434,0.0030311265903134803,-72.6121707500937,-0.000726121707500937,-1279.1208650241115,1084.012975248671,False
2012-07-18,272.4985351562479,233.96838793696244,0.002724985351562479,0.0023396838793696244,38.53014721928545,0.00038530147219285454,-1240.590717804826,1084.012975248671,False
2012-07-19,-338.24853515625085,-308.48943337038764,-0.0033824853515625085,-0.0030848943337038765,-29.75910178586321,-0.0002975910178586321,-1270.349819590689,1084.012975248671,False
2012-07-20,-335.0014648437498,-288.70103393838355,-0.003350014648437498,-0.0028870103393838355,-46.30043090536623,-0.00046300430905366226,-1316.6502504960554,1084.012975248671,False
2012-07-23,-410.24951171874886,-443.87657593323377,-0.004102495117187488,-0.004438765759332337,33.6270642144849,0.000336270642144849,-1283.0231862815704,1084.012975248671,False
2012-07-24,371.4990234375048,253.66761479042506,0.0037149902343750476,0.0025366761479042508,117.83140864707971,0.001178314086470797,-1165.1917776344906,1084.012975248671,False
2012-07-25,696.9999999999984,597.0393519195832,0.006969999999999984,0.005970393519195831,99.96064808041524,0.0009996064808041525,-1065.2311295540753,1084.012975248671,False
2012-07-26,584.7514648437541,598.3293806313349,0.005847514648437541,0.005983293806313348,-13.577915787580764,-0.00013577915787580763,-1078.8090453416562,1084.012975248671,False
2012-07-27,-18.000488281251915,-23.470496632819888,-0.00018000488281251915,-0.00023470496632819888,5.470008351567973,5.470008351567973e-05,-1073.3390369900883,1084.012975248671,False
2012-07-30,-150.99902343749898,-129.10206688271293,-0.0015099902343749898,-0.0012910206688271292,-21.896956554786044,-0.00021896956554786045,-1095.2359935448744,1084.012975248671,False
2012-07-31,-168.99999999999915,-199.54858241729323,-0.0016899999999999914,-0.001995485824172932,30.548582417294085,0.00030548582417294087,-1064.6874111275804,1084.012975248671,False
2012-08-01,-251.5000000000009,-345.94761299249575,-0.002515000000000009,-0.0034594761299249575,94.44761299249484,0.0009444761299249484,-970.2397981350855,1084.012975248671,False
2012-08-02,614.9999999999989,679.9698732946154,0.006149999999999989,0.006799698732946153,-64.96987329461649,-0.0006496987329461649,-1035.209671429702,1084.012975248671,False
2012-08-03,97.99999999999997,116.36557768832276,0.0009799999999999998,0.0011636557768832277,-18.365577688322787,-0.00018365577688322788,-1053.5752491180247,1084.012975248671,False
2012-08-06,81.99999999999982,87.23287291349789,0.0008199999999999981,0.0008723287291349789,-5.2328729134980705,-5.23287291349807e-05,-1058.8081220315228,1084.012975248671,False
2012-08-07,-0.24999999999991918,14.132094275604462,-2.4999999999991917e-06,0.00014132094275604463,-14.38209427560438,-0.0001438209427560438,-1073.1902163071272,1084.012975248671,False
2012-08-08,55.2499999999971,69.27577705974004,0.000552499999999971,0.0006927577705974004,-14.025777059742936,-0.00014025777059742937,-1087.2159933668702,1084.012975248671,False
2012-08-09,16.49999999999966,35.63364446557576,0.00016499999999999658,0.00035633644465575765,-19.133644465576104,-0.00019133644465576104,-1106.3496378324462,1084.012975248671,False
2012-08-10,28.000000000001393,-24.405075986605528,0.0002800000000000139,-0.00024405075986605527,52.40507598660692,0.0005240507598660691,-1053.9445618458392,1084.012975248671,False
2012-08-13,-14.999999999999282,-58.74749022742832,-0.00014999999999999283,-0.0005874749022742832,43.74749022742904,0.0004374749022742904,-1010.1970716184102,1084.012975248671,False
2012-08-14,67.00000000000176,74.07960048268097,0.0006700000000000176,0.0007407960048268097,-7.079600482679211,-7.079600482679211e-05,-1017.2766721010894,1084.012975248671,False
2012-08-15,97.49999999999997,198.13831068837433,0.0009749999999999997,0.0019813831068837434,-100.63831068837436,-0.0010063831068837436,-1117.9149827894637,1084.012975248671,False
2012-08-16,36.25000000000077,43.88063434293552,0.00036250000000000767,0.00043880634342935524,-7.630634342934755,-7.630634342934755e-05,-1125.5456171323985,1084.012975248671,False
2012-08-17,5.499999999999686,23.97099833185313,5.499999999999686e-05,0.00023970998331853131,-18.470998331853444,-0.00018470998331853445,-1144.016615464252,1084.012975248671,False
2012-08-20,-46.499999999999716,55.095306237227646,-0.00046499999999999715,0.0005509530623722765,-101.59530623722736,-0.0010159530623722736,-1245.6119217014793,1084.012975248671,False
2012-08-21,24.00000000000282,6.242714092461089,0.0002400000000000282,6.242714092461089e-05,17.757285907541732,0.00017757285907541733,-1227.8546357939376,1084.012975248671,False
2012-08-22,-285.5000000000001,-167.70227256149465,-0.002855000000000001,-0.0016770227256149466,-117.79772743850546,-0.0011779772743850546,-1345.6523632324431,1084.012975248671,False
2012-08-23,175.24853515625244,168.85761690422353,0.0017524853515625243,0.0016885761690422353,6.390918252028911,6.390918252028911e-05,-1339.2614449804141,1084.012975248671,False
2012-08-24,20.00195312500061,37.113408330720816,0.0002000195312500061,0.00037113408330720815,-17.111455205720205,-0.00017111455205720205,-1356.3729001861343,1084.012975248671,False
2012-08-27,-132.00292968750347,-121.38198944517363,-0.0013200292968750347,-0.0012138198944517363,-10.620940242329837,-0.00010620940242329836,-1366.9938404284642,1084.012975248671,False
2012-08-28,-141.99902343750176,-112.78677161893049,-0.0014199902343750175,-0.001127867716189305,-29.212251818571275,-0.00029212251818571273,-1396.2060922470355,1084.012975248671,False
2012-08-29,-373.9990234375,-394.90132964216406,-0.003739990234375,-0.00394901329642164,20.902306204664058,0.00020902306204664058,-1375.3037860423715,1084.012975248671,False
2012-08-30,764.5000000000044,630.4193832971577,0.007645000000000044,0.006304193832971577,134.08061670284678,0.0013408061670284678,-1241.2231693395247,1084.012975248671,False
2012-08-31,105.99902343749683,74.84432831119669,0.0010599902343749682,0.0007484432831119669,31.15469512630014,0.0003115469512630014,-1210.0684742132246,1084.012975248671,False
2012-09-04,-83.99999999999841,-88.4696981794667,-0.0008399999999999841,-0.0008846969817946671,4.4696981794682955,4.4696981794682954e-05,-1205.5987760337564,1084.012975248671,False
2012-09-05,1405.001953125,1274.7998625511232,0.01405001953125,0.012747998625511231,130.20209057387683,0.0013020209057387684,-1075.3966854598796,1084.012975248671,False
2012-09-06,380.2490234375016,389.90569281042264,0.003802490234375016,0.0038990569281042264,-9.656669372921044,-9.656669372921044e-05,-1085.0533548328006,1084.012975248671,False
2012-09-07,-358.49951171875114,-356.3047395345958,-0.0035849951171875115,-0.003563047395345958,-2.1947721841553403,-2.1947721841553404e-05,-1087.248127016956,1084.012975248671,False
2012-09-10,39.498535156246525,36.433124622962026,0.00039498535156246527,0.00036433124622962026,3.065410533284499,3.0654105332844994e-05,-1084.1827164836716,1084.012975248671,False
2012-09-11,293.00048828125045,263.56339711313655,0.0029300048828125045,0.0026356339711313655,29.43709116811391,0.00029437091168113907,-1054.7456253155576,1084.012975248671,False
2012-09-12,1383.0029296874932,1304.2681224581877,0.013830029296874932,0.013042681224581876,78.73480722930549,0.0007873480722930549,-976.0108180862521,1084.012975248671,False
2012-09-13,322.99853515625273,300.0687193815557,0.0032299853515625272,0.003000687193815557,22.929815774697033,0.00022929815774697034,-953.081002311555,1084.012975248671,False
2012-09-14,-88.99853515625172,-91.23593753926156,-0.0008899853515625172,-0.0009123593753926156,2.2374023830098366,2.2374023830098366e-05,-950.8435999285452,1084.012975248671,False
2012-09-17,10.497070312507766,8.75907687895793,0.00010497070312507766,8.759076878957931e-05,1.7379934335498355,1.7379934335498355e-05,-949.1056064949954,1084.012975248671,False
2012-09-18,38.4999999999973,35.3533519587735,0.000384999999999973,0.00035353351958773504,3.1466480412237985,3.1466480412237986e-05,-945.9589584537716,1084.012975248671,False
2012-09-19,-12.00000000000295,-10.00683689810792,-0.00012000000000002951,-0.0001000683689810792,-1.9931631018950302,-1.99316310189503e-05,-947.9521215556666,1084.012975248671,False
2012-09-20,99.00097656249615,82.2622206981734,0.0009900097656249615,0.0008226222069817339,16.738755864322755,0.00016738755864322756,-931.2133656913438,1084.012975248671,False
2012-09-21,-234.4990234374992,-252.02867373342832,-0.002344990234374992,-0.002520286737334283,17.529650295929116,0.00017529650295929116,-913.6837153954148,1084.012975248671,False
2012-09-24,-617.0019531249975,-585.3579476347684,-0.006170019531249975,-0.005853579476347684,-31.64400549022912,-0.0003164400549022912,-945.3277208856439,1084.012975248671,False
2012-09-25,-346.4980468749984,-453.3451571443895,-0.003464980468749984,-0.004533451571443895,106.84711026939107,0.0010684711026939108,-838.4806106162528,1084.012975248671,False
2012-09-26,881.499023437497,818.0746720449481,0.00881499023437497,0.00818074672044948,63.42435139254894,0.0006342435139254895,-775.0562592237038,1084.012975248671,False
2012-09-27,-144.75097656249966,-113.6449374727377,-0.0014475097656249966,-0.001136449374727377,-31.106039089761964,-0.00031106039089761966,-806.1622983134657,1084.012975248671,False
2012-09-28,85.25146484375263,92.4494297323203,0.0008525146484375263,0.0009244942973232029,-7.197964888567668,-7.197964888567669e-05,-813.3602632020334,1084.012975248671,False
2012-10-01,27.000488281247172,25.277612267221784,0.00027000488281247174,0.00025277612267221784,1.7228760140253883,1.722876014025388e-05,-811.637387188008,1084.012975248671,False
2012-10-02,213.74951171875077,219.4280801707219,0.0021374951171875076,0.002194280801707219,-5.678568451971131,-5.678568451971131e-05,-817.3159556399792,1084.012975248671,False
2012-10-03,248.99951171875057,332.9108846644414,0.002489995117187506,0.003329108846644414,-83.91137294569086,-0.0008391137294569086,-901.22732858567,1084.012975248671,False
2012-10-04,-192.7495117187497,-170.56863693567283,-0.001927495117187497,-0.0017056863693567282,-22.18087478307686,-0.0002218087478307686,-923.4082033687469,1084.012975248671,False
2012-10-05,-133.25097656250048,-140.1471514067079,-0.0013325097656250048,-0.001401471514067079,6.896174844207422,6.896174844207422e-05,-916.5120285245395,1084.012975248671,False
2012-10-08,-642.9995117187473,-617.816890572456,-0.006429995117187472,-0.00617816890572456,-25.18262114629124,-0.0002518262114629124,-941.6946496708307,1084.012975248671,False
2012-10-09,-186.49902343749898,-205.80132806454532,-0.0018649902343749899,-0.002058013280645453,19.30230462704634,0.00019302304627046338,-922.3923450437844,1084.012975248671,False
2012-10-10,29.749999999997854,12.23834186290739,0.00029749999999997855,0.0001223834186290739,17.511658137090464,0.00017511658137090463,-904.880686906694,1084.012975248671,False
2012-10-11,-288.00146484375244,-315.27698445869714,-0.0028800146484375243,-0.0031527698445869713,27.2755196149447,0.000272755196149447,-877.6051672917492,1084.012975248671,False
2012-10-12,244.00146484375688,264.3657975378828,0.0024400146484375687,0.0026436579753788283,-20.36433269412595,-0.00020364332694125948,-897.9694999858752,1084.012975248671,False
2012-10-15,223.74951171875367,199.94329119277793,0.0022374951171875365,0.001999432911927779,23.806220525975732,0.0002380622052597573,-874.1632794598995,1084.012975248671,False
2012-10-16,116.24951171874866,116.1213923651057,0.0011624951171874866,0.001161213923651057,0.12811935364295834,1.2811935364295835e-06,-874.0351601062565,1084.012975248671,False
2012-10-17,-364.50048828124795,-361.60115338432684,-0.0036450048828124797,-0.0036160115338432683,-2.8993348969211183,-2.8993348969211182e-05,-876.9344950031776,1084.012975248671,False
2012-10-18,-1031.9995117187482,-1056.5215212146263,-0.010319995117187482,-0.010565215212146263,24.522009495878137,0.0002452200949587814,-852.4124855072995,1084.012975248671,False
2012-10-19,148.00048828124852,174.6478195718696,0.0014800048828124853,0.0017464781957186961,-26.647331290621082,-0.0002664733129062108,-879.0598167979206,1084.012975248671,False
2012-10-22,-503.2514648437484,-564.0861833827393,-0.005032514648437484,-0.005640861833827392,60.83471853899084,0.0006083471853899085,-818.2250982589297,1084.012975248671,False
2012-10-23,-165.4980468750002,-152.743102018767,-0.001654980468750002,-0.00152743102018767,-12.754944856233209,-0.00012754944856233208,-830.980043115163,1084.012975248671,False
2012-10-24,103.99902343749835,121.21863502276577,0.0010399902343749836,0.0012121863502276577,-17.219611585267415,-0.00017219611585267416,-848.1996547004304,1084.012975248671,False
2012-10-25,73.24902343750435,68.85913152559213,0.0007324902343750435,0.0006885913152559213,4.3898919119122155,4.389891911912215e-05,-843.8097627885182,1084.012975248671,False
2012-10-26,-205.7490234375019,-193.4159196388742,-0.002057490234375019,-0.0019341591963887418,-12.333103798627718,-0.00012333103798627717,-856.1428665871459,1084.012975248671,False
2012-10-29,285.0029296875023,268.14469809552975,0.002850029296875023,0.0026814469809552976,16.858231591972526,0.00016858231591972527,-839.2846349951734,1084.012975248671,False
2012-10-30,-6.4999999999992895,-29.50155312142911,-6.499999999999289e-05,-0.0002950155312142911,23.001553121429822,0.00023001553121429822,-816.2830818737436,1084.012975248671,False
2012-10-31,187.49804687499847,266.9736435104638,0.0018749804687499846,0.002669736435104638,-79.47559663546531,-0.000794755966354653,-895.758678509209,1084.012975248671,False
2012-11-01,-982.2509765624984,-898.4075139978391,-0.009822509765624984,-0.008984075139978391,-83.84346256465926,-0.0008384346256465926,-979.6021410738682,1084.012975248671,False
2012-11-02,112.50000000000121,112.48923230574391,0.001125000000000012,0.001124892323057439,0.010767694257296512,1.0767694257296512e-07,-979.5913733796109,1084.012975248671,False
2012-11-05,411.2504882812508,521.9032967542239,0.004112504882812508,0.005219032967542239,-110.6528084729731,-0.0011065280847297311,-1090.244181852584,1084.012975248671,False
2012-11-06,-717.2499999999994,-724.2718508537288,-0.007172499999999994,-0.007242718508537288,7.021850853729347,7.021850853729348e-05,-1083.2223309988547,1084.012975248671,False
2012-11-07,-100.75000000000186,-10.900599810365804,-0.0010075000000000186,-0.00010900599810365805,-89.84940018963606,-0.0008984940018963606,-1173.0717311884907,1084.012975248671,False
2012-11-08,119.49902343750378,130.61181061426686,0.0011949902343750378,0.0013061181061426686,-11.112787176763078,-0.00011112787176763078,-1184.1845183652538,1084.012975248671,False
2012-11-09,17.500000000004523,23.24151003340041,0.00017500000000004524,0.0002324151003340041,-5.741510033395887,-5.7415100333958865e-05,-1189.9260283986496,1084.012975248671,False
2012-11-12,-399.4970703125003,-378.3555367482773,-0.003994970703125003,-0.003783555367482773,-21.141533564222982,-0.0002114153356422298,-1211.0675619628726,1084.012975248671,False
2012-11-13,-293.9990234374935,-352.8324070028234,-0.0029399902343749352,-0.003528324070028234,58.83338356532988,0.0005883338356532989,-1152.2341783975426,1084.012975248671,False
2012-11-14,-386.0009765625005,-338.64854833530836,-0.003860009765625005,-0.0033864854833530835,-47.35242822719215,-0.0004735242822719215,-1199.5866066247347,1084.012975248671,False
2012-11-15,118.99902343750013,122.41658352698501,0.0011899902343750013,0.0012241658352698502,-3.41756008948488,-3.4175600894848796e-05,-1203.0041667142195,1084.012975248671,False
2012-11-16,918.9990234374974,900.498643825432,0.009189990234374975,0.009004986438254321,18.50037961206533,0.0001850037961206533,-1184.503787102154,1084.012975248671,False
2012-11-19,-57.248046875000185,-68.19623595194562,-0.0005724804687500018,-0.0006819623595194562,10.94818907694544,0.00010948189076945439,-1173.5555980252086,1084.012975248671,False
2012-11-20,75.9985351562543,85.75908580652256,0.0007599853515625431,0.0008575908580652256,-9.760550650268257,-9.760550650268257e-05,-1183.3161486754768,1084.012975248671,False
2012-11-21,718.9990234375009,636.2212537290224,0.007189990234375009,0.0063622125372902235,82.77776970847856,0.0008277776970847855,-1100.5383789669982,1084.012975248671,False
2012-11-23,-37.99804687499979,-32.36603591401508,-0.0003799804687499979,-0.0003236603591401508,-5.632010960984708,-5.632010960984708e-05,-1106.1703899279828,1084.012975248671,False
2012-11-26,-232.25097656250406,-199.9353954157026,-0.0023225097656250407,-0.001999353954157026,-32.31558114680146,-0.00032315581146801463,-1138.4859710747842,1084.012975248671,False
2012-11-27,-278.5009765624938,-154.6708877779813,-0.002785009765624938,-0.001546708877779813,-123.8300887845125,-0.001238300887845125,-1262.3160598592967,1084.012975248671,False
2012-11-28,359.9995117187465,382.55111470023286,0.003599995117187465,0.0038255111470023285,-22.551602981486383,-0.00022551602981486384,-1284.8676628407832,1084.012975248671,False
2012-11-29,-197.500488281249,-249.04867847044392,-0.00197500488281249,-0.002490486784704439,51.54819018919491,0.0005154819018919491,-1233.3194726515883,1084.012975248671,False
2012-11-30,-62.99853515624814,-84.56248018975214,-0.0006299853515624814,-0.0008456248018975214,21.563945033503998,0.00021563945033503998,-1211.7555276180842,1084.012975248671,False
2012-12-03,-345.50048828125074,-400.9573992372939,-0.0034550048828125074,-0.004009573992372939,55.456910956043146,0.0005545691095604315,-1156.298616662041,1084.012975248671,False
2012-12-04,-207.49999999999648,-221.45146810331164,-0.002074999999999965,-0.0022145146810331165,13.951468103315165,0.00013951468103315165,-1142.3471485587258,1084.012975248671,False
2012-12-05,288.5000000000037,323.69735386665957,0.002885000000000037,0.003236973538666596,-35.197353866655874,-0.00035197353866655873,-1177.5445024253818,1084.012975248671,False
2012-12-06,54.999511718752416,46.62175413964182,0.0005499951171875242,0.0004662175413964182,8.377757579110593,8.377757579110594e-05,-1169.1667448462713,1084.012975248671,False
2012-12-07,299.75292968750455,280.40814056950296,0.0029975292968750455,0.0028040814056950296,19.344789118001586,0.00019344789118001587,-1149.8219557282696,1084.012975248671,False
2012-12-10,261.7495117187509,280.2977943995467,0.002617495117187509,0.002802977943995467,-18.548282680795808,-0.0001854828268079581,-1168.3702384090655,1084.012975248671,False
2012-12-11,-21.499511718747783,9.065424116851858,-0.00021499511718747782,9.065424116851858e-05,-30.56493583559964,-0.0003056493583559964,-1198.9351742446652,1084.012975248671,False
2012-12-12,-460.7509765625028,-504.0520822734617,-0.004607509765625028,-0.005040520822734617,43.30110571095889,0.00043301105710958894,-1155.6340685337063,1084.012975248671,False
2012-12-13,-13.000488281248835,-28.39183123022008,-0.00013000488281248834,-0.0002839183123022008,15.391342948971246,0.00015391342948971247,-1140.2427255847351,1084.012975248671,False
2012-12-14,186.9995117187532,180.928924779703,0.0018699951171875322,0.00180928924779703,6.070586939050202,6.0705869390502016e-05,-1134.172138645685,1084.012975248671,False
2012-12-17,-333.7500000000016,-285.8162299894342,-0.003337500000000016,-0.002858162299894342,-47.9337700105674,-0.000479337700105674,-1182.1059086562523,1084.012975248671,False
2012-12-18,-193.00000000000068,-191.41164283214226,-0.0019300000000000068,-0.0019141164283214226,-1.588357167858419,-1.5883571678584188e-05,-1183.6942658241107,1084.012975248671,False
2012-12-19,60.00000000000013,8.68079843159769,0.0006000000000000012,8.680798431597691e-05,51.319201568402434,0.0005131920156840244,-1132.3750642557084,1084.012975248671,False
2012-12-20,-394.5000000000001,-333.6475354453726,-0.0039450000000000015,-0.003336475354453726,-60.85246455462749,-0.0006085246455462749,-1193.2275288103358,1084.012975248671,False
2012-12-21,-62.49999999999914,-75.56370679625023,-0.0006249999999999914,-0.0007556370679625022,13.06370679625109,0.0001306370679625109,-1180.1638220140846,1084.012975248671,False
2012-12-24,-237.24999999999767,-243.22056627946205,-0.0023724999999999766,-0.0024322056627946206,5.970566279464379,5.9705662794643786e-05,-1174.1932557346204,1084.012975248671,False
2012-12-26,-78.99999999999773,-71.24207584490911,-0.0007899999999999772,-0.0007124207584490911,-7.757924155088617,-7.757924155088617e-05,-1181.951179889709,1084.012975248671,False
2012-12-27,-680.9999999999983,-745.1218302276817,-0.006809999999999983,-0.007451218302276817,64.1218302276834,0.000641218302276834,-1117.8293496620256,1084.012975248671,False
2012-12-28,914.0000000000009,977.9476391505975,0.00914000000000001,0.009779476391505976,-63.947639150596615,-0.0006394763915059661,-1181.7769888126222,1084.012975248671,False
2012-12-31,296.9999999999997,397.71024155369645,0.002969999999999997,0.003977102415536965,-100.71024155369673,-0.0010071024155369674,-1282.487230366319,1084.012975248671,False
2013-01-02,-141.99951171875068,-161.16704128267358,-0.0014199951171875067,-0.0016116704128267358,19.167529563922898,0.00019167529563922898,-1263.319700802396,1084.012975248671,False
2013-01-03,-260.74951171875085,-257.5108062395759,-0.0026074951171875084,-0.002575108062395759,-3.2387054791749392,-3.238705479174939e-05,-1266.558406281571,1084.012975248671,False
2013-01-04,-0.4999999999988418,-7.3836341704027255,-4.999999999988418e-06,-7.383634170402726e-05,6.883634170403884,6.883634170403883e-05,-1259.6747721111672,1084.012975248671,False
2013-01-07,-24.999999999999915,19.187509949863667,-0.00024999999999999914,0.00019187509949863667,-44.18750994986358,-0.00044187509949863583,-1303.8622820610308,1084.012975248671,False
2013-01-08,68.50000000000419,60.94869157170614,0.0006850000000000419,0.0006094869157170614,7.55130842829805,7.55130842829805e-05,-1296.3109736327328,1084.012975248671,False
2013-01-09,311.250000000006,383.0084975507474,0.00311250000000006,0.003830084975507474,-71.75849755074137,-0.0007175849755074136,-1368.0694711834742,1084.012975248671,False
2013-01-10,-157.99902343749972,-125.22395447090956,-0.0015799902343749971,-0.0012522395447090956,-32.775068966590155,-0.00032775068966590156,-1400.8445401500644,1084.012975248671,False
2013-01-11,-75.00000000000091,-47.67524727259148,-0.0007500000000000091,-0.0004767524727259148,-27.324752727409432,-0.00027324752727409435,-1428.169292877474,1084.012975248671,False
2013-01-14,101.99999999999922,115.83211076358211,0.0010199999999999923,0.0011583211076358212,-13.83211076358289,-0.00013832110763582889,-1442.0014036410569,1084.012975248671,False
2013-01-15,90.74804687500165,101.30866491037756,0.0009074804687500165,0.0010130866491037756,-10.56061803537591,-0.0001056061803537591,-1452.5620216764328,1084.012975248671,False
2013-01-16,450.7519531250116,402.26127710103407,0.004507519531250116,0.004022612771010341,48.49067602397753,0.0004849067602397753,-1404.0713456524552,1084.012975248671,False
2013-01-17,-73.00048828124989,-87.03834217235311,-0.0007300048828124989,-0.0008703834217235311,14.037853891103225,0.00014037853891103226,-1390.033491761352,1084.012975248671,False
2013-01-18,348.9990234374927,321.54040334578247,0.003489990234374927,0.0032154040334578245,27.45862009171026,0.00027458620091710257,-1362.5748716696417,1084.012975248671,False
2013-01-22,-29.249999999999666,-51.981018383449026,-0.00029249999999999665,-0.0005198101838344903,22.73101838344936,0.0002273101838344936,-1339.8438532861924,1084.012975248671,False
2013-01-23,-323.4980468750015,-419.2524591534079,-0.0032349804687500146,-0.004192524591534079,95.75441227840645,0.0009575441227840644,-1244.0894410077858,1084.012975248671,False
2013-01-24,-93.50048828125014,-73.61548751603053,-0.0009350048828125014,-0.0007361548751603053,-19.885000765219615,-0.00019885000765219616,-1263.9744417730053,1084.012975248671,False
2013-01-25,44.24999999999799,39.64658560398329,0.0004424999999999799,0.0003964658560398329,4.603414396014699,4.603414396014699e-05,-1259.3710273769907,1084.012975248671,False
2013-01-28,60.999999999997655,91.96843919524309,0.0006099999999999766,0.000919684391952431,-30.968439195245438,-0.0003096843919524544,-1290.3394665722362,1084.012975248671,False
2013-01-29,-118.74999999999665,-53.89812476503873,-0.0011874999999999664,-0.0005389812476503873,-64.85187523495792,-0.0006485187523495792,-1355.1913418071942,1084.012975248671,False
2013-01-30,-292.0009765624981,-257.05719338895034,-0.0029200097656249813,-0.0025705719338895033,-34.943783173547786,-0.0003494378317354779,-1390.1351249807421,1084.012975248671,False
2013-01-31,387.00000000000045,391.1634876988628,0.0038700000000000045,0.003911634876988628,-4.163487698862355,-4.163487698862355e-05,-1394.2986126796045,1084.012975248671,False
2013-02-01,-98.2519531249977,-118.2697753015943,-0.000982519531249977,-0.001182697753015943,20.017822176596596,0.00020017822176596596,-1374.280790503008,1084.012975248671,False
2013-02-04,109.00097656250054,117.6588509879966,0.0010900097656250053,0.001176588509879966,-8.657874425496061,-8.657874425496061e-05,-1382.9386649285038,1084.012975248671,False
2013-02-05,85.75097656249953,65.87175295236558,0.0008575097656249953,0.0006587175295236558,19.87922361013395,0.00019879223610133948,-1363.0594413183699,1084.012975248671,False
2013-02-06,-80.50000000000209,-107.24624908460468,-0.0008050000000000209,-0.001072462490846047,26.746249084602596,0.000267462490846026,-1336.3131922337673,1084.012975248671,False
2013-02-07,268.49853515624966,260.52085577010394,0.0026849853515624965,0.0026052085577010393,7.977679386145724,7.977679386145723e-05,-1328.3355128476214,1084.012975248671,False
2013-02-08,-0.49999999999971445,-51.14402171231128,-4.999999999997144e-06,-0.0005114402171231128,50.64402171231156,0.0005064402171231156,-1277.69149113531,1084.012975248671,False
2013-02-11,-6.500000000000355,-2.2656874591718434,-6.500000000000356e-05,-2.2656874591718435e-05,-4.234312540828512,-4.234312540828512e-05,-1281.9258036761385,1084.012975248671,False
2013-02-12,86.0000000000035,64.25175601207577,0.000860000000000035,0.0006425175601207577,21.748243987927722,0.00021748243987927722,-1260.1775596882107,1084.012975248671,False
2013-02-13,-11.249999999996476,-37.22105380286344,-0.00011249999999996476,-0.0003722105380286344,25.97105380286696,0.0002597105380286696,-1234.2065058853439,1084.012975248671,False
2013-02-14,-82.49999999999538,-163.9502974477011,-0.0008249999999999538,-0.001639502974477011,81.45029744770572,0.0008145029744770572,-1152.7562084376382,1084.012975248671,False
2013-02-15,359.9999999999981,369.90548434936284,0.0035999999999999813,0.0036990548434936285,-9.905484349364713,-9.905484349364713e-05,-1162.661692787003,1084.012975248671,False
2013-02-19,-469.5000000000001,-531.4884965313124,-0.004695000000000001,-0.005314884965313124,61.98849653131231,0.0006198849653131231,-1100.6731962556905,1084.012975248671,False
2013-02-20,-154.00000000000006,-137.8214436333887,-0.0015400000000000006,-0.001378214436333887,-16.17855636661136,-0.0001617855636661136,-1116.8517526223018,1084.012975248671,False
2013-02-21,289.5000000000012,254.05923904238819,0.002895000000000012,0.002540592390423882,35.44076095761301,0.0003544076095761301,-1081.4109916646887,1084.012975248671,False
2013-02-22,-406.49999999999966,-403.61079614911694,-0.004064999999999997,-0.004036107961491169,-2.8892038508827227,-2.8892038508827228e-05,-1084.3001955155714,1084.012975248671,False
2013-02-25,96.50000000000531,172.50667077067095,0.0009650000000000532,0.0017250667077067096,-76.00667077066564,-0.0007600667077066564,-1160.306866286237,1084.012975248671,False
2013-02-26,560.0000000000008,579.9315329862516,0.005600000000000008,0.005799315329862516,-19.931532986250772,-0.00019931532986250774,-1180.2383992724876,1084.012975248671,False
2013-02-27,-34.99999999999869,-83.52344152549352,-0.00034999999999998693,-0.0008352344152549353,48.52344152549483,0.00048523441525494834,-1131.7149577469927,1084.012975248671,False
2013-02-28,113.25000000000364,89.09251247253715,0.0011325000000000365,0.0008909251247253715,24.157487527466486,0.00024157487527466485,-1107.5574702195263,1084.012975248671,False
2013-03-01,206.24999999999835,205.644929898253,0.0020624999999999836,0.00205644929898253,0.6050701017453548,6.050701017453548e-06,-1106.952400117781,1084.012975248671,False
2013-03-04,342.00000000000176,359.7235434912863,0.0034200000000000176,0.003597235434912863,-17.723543491284545,-0.00017723543491284544,-1124.6759436090656,1084.012975248671,False
2013-03-05,-19.99999999999808,-19.576178520461447,-0.00019999999999998082,-0.00019576178520461446,-0.4238214795366346,-4.238214795366346e-06,-1125.0997650886022,1084.012975248671,False
2013-03-06,122.25000000000101,120.43401112982474,0.00122250000000001,0.0012043401112982475,1.8159888701762696,1.8159888701762696e-05,-1123.283776218426,1084.012975248671,False
2013-03-07,114.75000000000121,117.20392610682904,0.001147500000000012,0.0011720392610682904,-2.4539261068278364,-2.4539261068278364e-05,-1125.7377023252538,1084.012975248671,False
2013-03-08,114.49999999999899,136.6293493505233,0.00114499999999999,0.0013662934935052332,-22.129349350524322,-0.00022129349350524322,-1147.8670516757782,1084.012975248671,False
2013-03-11,-75.4999999999996,-41.64988368980873,-0.000754999999999996,-0.0004164988368980873,-33.85011631019087,-0.0003385011631019087,-1181.7171679859691,1084.012975248671,False
2013-03-12,36.500000000000696,27.187674412981114,0.000365000000000007,0.00027187674412981115,9.312325587019583,9.312325587019582e-05,-1172.4048423989495,1084.012975248671,False
2013-03-13,117.99999999999835,120.21547181622462,0.0011799999999999836,0.0012021547181622462,-2.2154718162262697,-2.2154718162262696e-05,-1174.6203142151758,1084.012975248671,False
2013-03-14,-75.49999999999928,-57.75244407965984,-0.0007549999999999928,-0.0005775244407965984,-17.747555920339437,-0.00017747555920339436,-1192.3678701355152,1084.012975248671,False
2013-03-15,-115.24999999999886,-75.40272080529826,-0.0011524999999999886,-0.0007540272080529826,-39.847279194700604,-0.00039847279194700605,-1232.2151493302158,1084.012975248671,False
2013-03-18,-172.50000000000125,-144.1719037965875,-0.0017250000000000125,-0.001441719037965875,-28.328096203413764,-0.00028328096203413764,-1260.5432455336295,1084.012975248671,False
2013-03-19,180.99999999999469,156.21098038910267,0.0018099999999999469,0.0015621098038910268,24.789019610892012,0.00024789019610892013,-1235.7542259227375,1084.012975248671,False
2013-03-20,-336.00000000000534,-352.26442716295674,-0.0033600000000000535,-0.0035226442716295675,16.264427162951392,0.00016264427162951392,-1219.489798759786,1084.012975248671,False
2013-03-21,479.99999999999704,463.3362336242744,0.00479999999999997,0.004633362336242744,16.663766375722616,0.00016663766375722615,-1202.8260323840634,1084.012975248671,False
2013-03-22,-99.00000000000205,-103.34597425760938,-0.0009900000000000204,-0.0010334597425760937,4.345974257607338,4.3459742576073384e-05,-1198.480058126456,1084.012975248671,False
2013-03-25,175.24999999999912,165.713149873961,0.0017524999999999913,0.0016571314987396098,9.536850126038132,9.536850126038132e-05,-1188.9432080004178,1084.012975248671,False
2013-03-26,7.499999999998712,39.76625333426695,7.499999999998712e-05,0.00039766253334266947,-32.266253334268235,-0.00032266253334268234,-1221.209461334686,1084.012975248671,False
2013-03-27,109.99999999999459,95.01251666275994,0.0010999999999999459,0.0009501251666275993,14.98748333723465,0.0001498748333723465,-1206.2219779974514,1084.012975248671,False
2013-03-28,-125.75000000000048,-97.99368993117294,-0.001257500000000005,-0.0009799368993117293,-27.756310068827545,-0.00027756310068827546,-1233.978288066279,1084.012975248671,False
2013-04-01,92.00000000000131,40.608357162648886,0.000920000000000013,0.0004060835716264889,51.39164283735242,0.0005139164283735243,-1182.5866452289265,1084.012975248671,False
2013-04-02,-285.99999999999835,-361.9751321237094,-0.0028599999999999836,-0.003619751321237094,75.97513212371103,0.0007597513212371104,-1106.6115131052154,1084.012975248671,False
2013-04-03,13.999999999999172,10.738680465488208,0.00013999999999999172,0.00010738680465488209,3.261319534510964,3.261319534510964e-05,-1103.3501935707045,1084.012975248671,False
2013-04-04,-218.5000000000017,-166.83327210024322,-0.0021850000000000172,-0.0016683327210024323,-51.666727899758484,-0.0005166672789975849,-1155.0169214704629,1084.012975248671,False
2013-04-05,210.2499999999954,208.78874502794486,0.002102499999999954,0.0020878874502794484,1.46125497205054,1.4612549720505399e-05,-1153.5556664984124,1084.012975248671,False
2013-04-08,151.9999999999966,197.4544445725124,0.0015199999999999658,0.001974544445725124,-45.4544445725158,-0.000454544445725158,-1199.0101110709281,1084.012975248671,False
2013-04-09,543.5000000000056,487.6877906346737,0.005435000000000056,0.004876877906346737,55.81220936533185,0.0005581220936533185,-1143.1979017055962,1084.012975248671,False
2013-04-10,24.999999999999318,42.50428556981065,0.0002499999999999932,0.0004250428556981065,-17.50428556981133,-0.0001750428556981133,-1160.7021872754076,1084.012975248671,False
2013-04-11,-42.75000000000006,-253.64058489480306,-0.0004275000000000006,-0.0025364058489480306,210.890584894803,0.00210890584894803,-949.8116023806047,1084.012975248671,False
2013-04-12,-443.500000000001,-896.3345499356847,-0.00443500000000001,-0.008963345499356847,452.83454993568364,0.004528345499356837,-496.977052444921,1084.012975248671,False
2013-04-15,430.5000000000023,477.00291274881937,0.004305000000000022,0.004770029127488194,-46.502912748817096,-0.00046502912748817095,-543.479965193738,1084.012975248671,False
2013-04-16,-655.4999999999986,-674.4656511328909,-0.006554999999999986,-0.006744656511328909,18.965651132892276,0.00018965651132892277,-524.5143140608458,1084.012975248671,False
2013-04-17,-399.99999999999886,-356.83760334984356,-0.003999999999999989,-0.0035683760334984356,-43.1623966501553,-0.000431623966501553,-567.6767107110011,1084.012975248671,False
2013-04-18,604.9999999999952,575.2312463508001,0.006049999999999952,0.005752312463508001,29.768753649195105,0.00029768753649195105,-537.907957061806,1084.012975248671,False
2013-04-19,591.4999999999964,635.7010447976742,0.005914999999999964,0.006357010447976741,-44.20104479767781,-0.0004420104479767781,-582.1090018594838,1084.012975248671,False
2013-04-22,345.0000000000062,296.18726047208344,0.003450000000000062,0.0029618726047208345,48.81273952792276,0.0004881273952792276,-533.296262331561,1084.012975248671,False
2013-04-23,12.49999999999938,62.232403595265,0.0001249999999999938,0.00062232403595265,-49.732403595265616,-0.0004973240359526562,-583.0286659268266,1084.012975248671,False
2013-04-24,278.7500000000061,406.0938565443438,0.0027875000000000608,0.004060938565443438,-127.34385654433771,-0.001273438565443377,-710.3725224711643,1084.012975248671,False
2013-04-25,-107.25000000000158,-128.18987687472185,-0.0010725000000000157,-0.0012818987687472185,20.93987687472027,0.00020939876874720269,-689.432645596444,1084.012975248671,False
2013-04-26,115.25000000000045,202.59945763926973,0.0011525000000000046,0.002025994576392697,-87.34945763926927,-0.0008734945763926927,-776.7821032357133,1084.012975248671,False
2013-04-29,190.00000000000455,194.89452607590755,0.0019000000000000455,0.0019489452607590755,-4.894526075903002,-4.894526075903002e-05,-781.6766293116164,1084.012975248671,False
2013-04-30,-367.0014648437489,-295.20667610039493,-0.003670014648437489,-0.0029520667610039492,-71.79478874335399,-0.0007179478874335399,-853.4714180549704,1084.012975248671,False
2013-05-01,366.00146484375193,304.4089908789301,0.0036600146484375195,0.0030440899087893014,61.59247396482181,0.0006159247396482181,-791.8789440901486,1084.012975248671,False
2013-05-02,113.24853515624949,127.51359771920954,0.001132485351562495,0.0012751359771920954,-14.265062562960054,-0.00014265062562960053,-806.1440066531086,1084.012975248671,False
2013-05-03,88.0004882812492,73.40560919139497,0.000880004882812492,0.0007340560919139497,14.594879089854231,0.00014594879089854232,-791.5491275632544,1084.012975248671,False
2013-05-06,-162.99951171875333,-77.76919134861123,-0.0016299951171875333,-0.0007776919134861123,-85.2303203701421,-0.000852303203701421,-876.7794479333965,1084.012975248671,False
2013-05-07,381.749023437495,294.5785173186071,0.0038174902343749498,0.002945785173186071,87.17050611888789,0.0008717050611888789,-789.6089418145086,1084.012975248671,False
2013-05-08,-94.74853515625,-75.92490959008894,-0.0009474853515625,-0.0007592490959008895,-18.823625566161056,-0.00018823625566161055,-808.4325673806696,1084.012975248671,False
2013-05-09,-189.99999999999892,-60.95070468830609,-0.0018999999999999892,-0.0006095070468830609,-129.04929531169284,-0.0012904929531169286,-937.4818626923625,1084.012975248671,False
2013-05-10,5.249511718749748,21.32556971354039,5.2495117187497477e-05,0.0002132556971354039,-16.07605799479064,-0.0001607605799479064,-953.5579206871531,1084.012975248671,False
2013-05-13,159.99951171874966,150.60899438335585,0.0015999951171874966,0.0015060899438335586,9.39051733539381,9.39051733539381e-05,-944.1674033517593,1084.012975248671,False
2013-05-14,-217.25048828125045,-114.64990336672284,-0.0021725048828125045,-0.0011464990336672283,-102.60058491452762,-0.0010260058491452762,-1046.767988266287,1084.012975248671,False
2013-05-15,-172.00048828125196,-148.95813864173914,-0.0017200048828125195,-0.0014895813864173914,-23.04234963951282,-0.0002304234963951282,-1069.8103379057998,1084.012975248671,False
2013-05-16,150.00048828125344,192.94022921797225,0.0015000048828125343,0.0019294022921797225,-42.939740936718806,-0.0004293974093671881,-1112.7500788425186,1084.012975248671,False
2013-05-17,202.00146484375136,130.66280988218267,0.002020014648437514,0.0013066280988218268,71.3386549615687,0.0007133865496156869,-1041.41142388095,1084.012975248671,False
2013-05-20,-46.999999999999424,-24.163412428401088,-0.00046999999999999424,-0.00024163412428401088,-22.836587571598336,-0.00022836587571598336,-1064.2480114525483,1084.012975248671,False
2013-05-21,-375.00195312500097,-341.62598190831744,-0.0037500195312500095,-0.0034162598190831746,-33.375971216683524,-0.00033375971216683526,-1097.6239826692317,1084.012975248671,False
2013-05-22,154.00146484375108,55.547742885488546,0.0015400146484375109,0.0005554774288548855,98.45372195826253,0.0009845372195826253,-999.1702607109692,1084.012975248671,False
2013-05-23,-44.49951171875143,-26.44410960577889,-0.0004449951171875143,-0.0002644410960577889,-18.055402112972537,-0.00018055402112972536,-1017.2256628239417,1084.012975248671,False
2013-05-24,7.998046874998657,18.590454135148846,7.998046874998657e-05,0.00018590454135148846,-10.592407260150189,-0.00010592407260150189,-1027.818070084092,1084.012975248671,False
2013-05-28,70.50146484374788,6.846670736207379,0.0007050146484374789,6.846670736207379e-05,63.6547941075405,0.000636547941075405,-964.1632759765514,1084.012975248671,False
2013-05-29,263.4995117187511,207.71649285132483,0.0026349951171875108,0.0020771649285132483,55.78301886742625,0.0005578301886742625,-908.3802571091252,1084.012975248671,False
2013-05-30,-371.9999999999995,-344.33686821125735,-0.003719999999999995,-0.0034433686821125735,-27.663131788742135,-0.00027663131788742136,-936.0433888978673,1084.012975248671,False
2013-05-31,46.75000000000014,87.27478646422253,0.00046750000000000144,0.0008727478646422253,-40.52478646422239,-0.0004052478646422239,-976.5681753620897,1084.012975248671,False
2013-06-03,-46.5000000000003,-91.78981836066438,-0.000465000000000003,-0.0009178981836066439,45.289818360664086,0.0004528981836066409,-931.2783570014257,1084.012975248671,False
2013-06-04,-188.75000000000026,-192.82964228864432,-0.0018875000000000025,-0.0019282964228864432,4.079642288644067,4.079642288644067e-05,-927.1987147127816,1084.012975248671,False
2013-06-05,139.7499999999976,156.41816001829483,0.001397499999999976,0.0015641816001829483,-16.668160018297215,-0.00016668160018297215,-943.8668747310787,1084.012975248671,False
2013-06-06,264.7500000000001,167.06078784256812,0.002647500000000001,0.001670607878425681,97.689212157432,0.0009768921215743199,-846.1776625736468,1084.012975248671,False
2013-06-07,30.50000000000074,32.33709508433607,0.0003050000000000074,0.0003233709508433607,-1.8370950843353313,-1.837095084335331e-05,-848.0147576579822,1084.012975248671,False
2013-06-10,-122.00000000000108,-156.10401345465496,-0.0012200000000000108,-0.0015610401345465495,34.10401345465388,0.0003410401345465388,-813.9107442033282,1084.012975248671,False
2013-06-11,-258.00000000000114,-265.5364467409118,-0.0025800000000000115,-0.002655364467409118,7.536446740910662,7.536446740910662e-05,-806.3742974624176,1084.012975248671,False
2013-06-12,385.7499999999973,419.5150354448982,0.0038574999999999734,0.004195150354448982,-33.76503544490089,-0.0003376503544490089,-840.1393329073185,1084.012975248671,False
2013-06-13,-183.99999999999835,-170.79838638621766,-0.0018399999999999836,-0.0017079838638621766,-13.201613613780694,-0.00013201613613780694,-853.3409465210991,1084.012975248671,False
2013-06-14,379.0000000000043,354.5560753700397,0.0037900000000000433,0.003545560753700397,24.443924629964613,0.00024443924629964615,-828.8970218911345,1084.012975248671,False
2013-06-17,150.2499999999999,123.19011205332008,0.0015024999999999988,0.0012319011205332007,27.059887946679808,0.0002705988794667981,-801.8371339444546,1084.012975248671,False
2013-06-18,-535.0000000000023,-450.7497894797888,-0.005350000000000023,-0.004507497894797888,-84.2502105202135,-0.0008425021052021349,-886.0873444646681,1084.012975248671,False
2013-06-19,-648.7500000000003,-993.030551911042,-0.006487500000000004,-0.00993030551911042,344.2805519110417,0.003442805519110417,-541.8067925536265,1084.012975248671,False
2013-06-20,-89.99999999999929,-74.1176788547202,-0.0008999999999999929,-0.000741176788547202,-15.882321145279093,-0.00015882321145279093,-557.6891136989055,1084.012975248671,False
2013-06-21,-340.7499999999977,-364.2339092746915,-0.0034074999999999774,-0.003642339092746915,23.483909274693758,0.00023483909274693758,-534.2052044242118,1084.012975248671,False
2013-06-24,304.2500000000067,271.3575986652631,0.0030425000000000673,0.002713575986652631,32.892401334743624,0.00032892401334743624,-501.3128030894682,1084.012975248671,False
2013-06-25,466.0000000000099,303.82548228006647,0.004660000000000099,0.0030382548228006646,162.17451771994342,0.0016217451771994343,-339.1382853695248,1084.012975248671,False
2013-06-26,187.00000000000284,94.64773236941824,0.0018700000000000283,0.0009464773236941824,92.3522676305846,0.000923522676305846,-246.7860177389402,1084.012975248671,False
2013-06-27,-58.50000000000314,-7.946074369853614,-0.0005850000000000315,-7.946074369853613e-05,-50.55392563014953,-0.0005055392563014953,-297.3399433690897,1084.012975248671,False
2013-06-28,106.4999999999988,228.1994264723885,0.001064999999999988,0.002281994264723885,-121.69942647238969,-0.001216994264723897,-419.0393698414794,1084.012975248671,False
2013-07-01,17.500000000001723,-20.496570075748963,0.00017500000000001724,-0.00020496570075748962,37.99657007575068,0.00037996570075750683,-381.0427997657287,1084.012975248671,False
2013-07-02,35.25000000000062,74.60276984836833,0.0003525000000000062,0.0007460276984836832,-39.35276984836771,-0.00039352769848367705,-420.3955696140964,1084.012975248671,False
2013-07-03,131.25000000000134,24.30142950283517,0.0013125000000000133,0.00024301429502835169,106.94857049716617,0.0010694857049716618,-313.4469991169302,1084.012975248671,False
2013-07-05,45.74999999999927,103.90924838607074,0.0004574999999999927,0.0010390924838607075,-58.159248386071475,-0.0005815924838607148,-371.60624750300167,1084.012975248671,False
2013-07-08,143.00000000000048,162.54487903993967,0.0014300000000000048,0.0016254487903993968,-19.54487903993919,-0.0001954487903993919,-391.15112654294086,1084.012975248671,False
2013-07-09,161.99999999999952,141.99592642631274,0.0016199999999999951,0.0014199592642631274,20.00407357368678,0.00020004073573686782,-371.1470529692541,1084.012975248671,False
2013-07-10,450.0,634.4198965694762,0.0045,0.0063441989656947625,-184.41989656947624,-0.0018441989656947625,-555.5669495387303,1084.012975248671,False
2013-07-11,15.250000000000103,13.119143217174704,0.00015250000000000102,0.00013119143217174705,2.130856782825399,2.1308567828253987e-05,-553.436092755905,1084.012975248671,False
2013-07-12,116.49999999999525,155.4411353824368,0.0011649999999999525,0.0015544113538243681,-38.94113538244156,-0.0003894113538244156,-592.3772281383465,1084.012975248671,False
2013-07-15,-76.00000000000158,-52.342585050047674,-0.0007600000000000158,-0.0005234258505004768,-23.657414949953903,-0.00023657414949953903,-616.0346430883004,1084.012975248671,False
2013-07-16,93.50000000000173,52.51624934351253,0.0009350000000000173,0.0005251624934351252,40.98375065648921,0.00040983750656489206,-575.0508924318112,1084.012975248671,False
2013-07-17,-140.49999999999557,-88.18295820215496,-0.0014049999999999558,-0.0008818295820215497,-52.3170417978406,-0.000523170417978406,-627.3679342296518,1084.012975248671,False
2013-07-18,63.00000000000164,105.56594333102774,0.0006300000000000164,0.0010556594333102774,-42.5659433310261,-0.000425659433310261,-669.933877560678,1084.012975248671,False
2013-07-19,48.000000000001556,179.77253894071026,0.00048000000000001557,0.0017977253894071027,-131.7725389407087,-0.001317725389407087,-801.7064165013867,1084.012975248671,False
2013-07-22,-159.00000000000117,-146.7948796178195,-0.0015900000000000118,-0.001467948796178195,-12.205120382181661,-0.00012205120382181662,-813.9115368835684,1084.012975248671,False
2013-07-23,20.500000000001123,-6.995596304843474,0.00020500000000001122,-6.995596304843474e-05,27.495596304844597,0.00027495596304844596,-786.4159405787237,1084.012975248671,False
2013-07-24,10.500000000001616,40.98768254864103,0.00010500000000001616,0.00040987682548641034,-30.487682548639416,-0.0003048768254863942,-816.9036231273632,1084.012975248671,False
2013-07-25,160.49999999999716,124.13077394604521,0.0016049999999999717,0.0012413077394604522,36.36922605395195,0.00036369226053951947,-780.5343970734112,1084.012975248671,False
2013-07-26,-109.99999999999756,-77.05045804872573,-0.0010999999999999756,-0.0007705045804872573,-32.949541951271826,-0.00032949541951271825,-813.4839390246831,1084.012975248671,False
2013-07-29,142.50000000000227,122.61060077133124,0.0014250000000000228,0.0012261060077133124,19.88939922867104,0.00019889399228671038,-793.594539796012,1084.012975248671,False
2013-07-30,-88.750000000003,-115.37631411765531,-0.00088750000000003,-0.0011537631411765532,26.626314117652313,0.00026626314117652314,-766.9682256783597,1084.012975248671,False
2013-07-31,474.75000000000085,467.708551058081,0.004747500000000009,0.00467708551058081,7.041448941919839,7.041448941919839e-05,-759.9267767364398,1084.012975248671,False
2013-08-01,130.49999999999952,140.55476616722453,0.0013049999999999952,0.0014055476616722453,-10.054766167225011,-0.00010054766167225011,-769.9815429036648,1084.012975248671,False
2013-08-02,-22.500000000001403,-54.34540712149264,-0.00022500000000001403,-0.0005434540712149264,31.845407121491238,0.00031845407121491236,-738.1361357821736,1084.012975248671,False
2013-08-05,-235.50000000000256,-330.3221232128918,-0.0023550000000000255,-0.0033032212321289184,94.82212321288927,0.0009482212321288927,-643.3140125692844,1084.012975248671,False
2013-08-06,-98.2499999999994,-91.10533916405947,-0.000982499999999994,-0.0009110533916405947,-7.144660835939931,-7.144660835939931e-05,-650.4586734052243,1084.012975248671,False
2013-08-07,175.9999999999999,277.26478154465104,0.0017599999999999988,0.0027726478154465103,-101.26478154465116,-0.0010126478154465115,-751.7234549498755,1084.012975248671,False
2013-08-08,-119.99999999999986,-123.6064630606084,-0.0011999999999999986,-0.001236064630606084,3.6064630606085473,3.606463060608547e-05,-748.116991889267,1084.012975248671,False
2013-08-09,68.24999999999811,164.1018864897294,0.0006824999999999811,0.001641018864897294,-95.85188648973129,-0.0009585188648973128,-843.9688783789983,1084.012975248671,False
2013-08-12,115.50000000000078,49.40639264290796,0.0011550000000000078,0.0004940639264290796,66.09360735709282,0.0006609360735709282,-777.8752710219055,1084.012975248671,False
2013-08-13,-126.2499999999999,-88.56749550531609,-0.001262499999999999,-0.0008856749550531609,-37.68250449468381,-0.0003768250449468381,-815.5577755165893,1084.012975248671,False
2013-08-14,-444.75000000000057,-353.9263335125702,-0.004447500000000005,-0.003539263335125702,-90.82366648743039,-0.0009082366648743038,-906.3814420040197,1084.012975248671,False
2013-08-15,-31.24999999999996,12.480664161659341,-0.0003124999999999996,0.00012480664161659342,-43.730664161659305,-0.00043730664161659307,-950.112106165679,1084.012975248671,False
2013-08-16,-24.000000000005407,-54.04071615250045,-0.00024000000000005408,-0.0005404071615250045,30.040716152495044,0.00030040716152495046,-920.071390013184,1084.012975248671,False
2013-08-19,194.0000000000015,217.72871012398002,0.001940000000000015,0.0021772871012398004,-23.728710123978516,-0.00023728710123978517,-943.8001001371625,1084.012975248671,False
2013-08-20,-465.0000000000003,-459.63622328203894,-0.004650000000000003,-0.004596362232820389,-5.363776717961343,-5.363776717961343e-05,-949.1638768551238,1084.012975248671,False
2013-08-21,666.250000000002,645.1911811959517,0.006662500000000021,0.006451911811959517,21.05881880405036,0.0002105881880405036,-928.1050580510735,1084.012975248671,False
2013-08-22,145.49999999999602,266.77458112650953,0.0014549999999999602,0.0026677458112650955,-121.27458112651351,-0.001212745811265135,-1049.379639177587,1084.012975248671,False
2013-08-23,-38.74999999999943,-58.93022999778216,-0.0003874999999999943,-0.0005893022999778217,20.18022999778273,0.0002018022999778273,-1029.1994091798042,1084.012975248671,False
2013-08-26,-498.99999999999994,-453.91208586051175,-0.00499,-0.004539120858605117,-45.08791413948819,-0.0004508791413948819,-1074.2873233192925,1084.012975248671,False
2013-08-27,110.00000000000388,108.33874316877747,0.0011000000000000389,0.0010833874316877746,1.6612568312264102,1.6612568312264103e-05,-1072.626066488066,1084.012975248671,False
2013-08-28,364.9999999999921,358.2888702072297,0.003649999999999921,0.0035828887020722972,6.711129792762392,6.711129792762392e-05,-1065.9149366953036,1084.012975248671,False
2013-08-29,-269.9999999999975,-336.1897604701504,-0.002699999999999975,-0.003361897604701504,66.18976047015292,0.0006618976047015292,-999.7251762251507,1084.012975248671,False
2013-08-30,285.0000000000015,347.9976735132908,0.002850000000000015,0.003479976735132908,-62.99767351328933,-0.0006299767351328933,-1062.72284973844,1084.012975248671,False
2013-09-03,634.9999999999976,609.8894393560354,0.006349999999999976,0.006098894393560354,25.11056064396223,0.0002511056064396223,-1037.6122890944775,1084.012975248671,False
2013-09-04,-3.4999999999997002,-74.59177069266867,-3.4999999999997e-05,-0.0007459177069266867,71.09177069266897,0.0007109177069266898,-966.5205184018085,1084.012975248671,False
2013-09-05,11.500000000001382,69.52738317149142,0.00011500000000001381,0.0006952738317149142,-58.027383171490044,-0.0005802738317149005,-1024.5479015732985,1084.012975248671,False
2013-09-06,368.00000000000125,366.7146275996038,0.0036800000000000127,0.0036671462759960377,1.2853724003974776,1.2853724003974776e-05,-1023.262529172901,1084.012975248671,False
2013-09-09,138.49999999999645,58.04246677424395,0.0013849999999999644,0.0005804246677424395,80.4575332257525,0.000804575332257525,-942.8049959471485,1084.012975248671,False
2013-09-10,5.750000000000554,9.849009483336133,5.7500000000005545e-05,9.849009483336132e-05,-4.099009483335578,-4.099009483335578e-05,-946.9040054304842,1084.012975248671,False
2013-09-11,-52.50000000000118,-202.30735243503077,-0.0005250000000000118,-0.0020230735243503078,149.8073524350296,0.001498073524350296,-797.0966529954546,1084.012975248671,False
2013-09-12,63.00000000000171,-32.16487569221754,0.0006300000000000172,-0.00032164875692217544,95.16487569221925,0.0009516487569221925,-701.9317773032353,1084.012975248671,False
2013-09-13,82.49999999999515,111.729691645376,0.0008249999999999515,0.00111729691645376,-29.22969164538084,-0.0002922969164538084,-731.1614689486162,1084.012975248671,False
2013-09-16,207.9999999999958,183.7563955233435,0.0020799999999999578,0.001837563955233435,24.24360447665228,0.0002424360447665228,-706.9178644719639,1084.012975248671,False
2013-09-17,422.9999999999984,430.02595229452197,0.004229999999999984,0.00430025952294522,-7.025952294523563,-7.025952294523564e-05,-713.9438167664874,1084.012975248671,False
2013-09-18,39.49999999999869,310.5867496680605,0.00039499999999998694,0.003105867496680605,-271.0867496680618,-0.002710867496680618,-985.0305664345492,1084.012975248671,False
2013-09-19,-319.50000000000165,-452.2761131975332,-0.0031950000000000164,-0.004522761131975332,132.77611319753157,0.0013277611319753157,-852.2544532370176,1084.012975248671,False
2013-09-20,-142.49999999999764,-159.01026393271462,-0.0014249999999999764,-0.0015901026393271463,16.51026393271698,0.00016510263932716982,-835.7441893043007,1084.012975248671,False
2013-09-23,29.00000000000149,-18.701171303192318,0.0002900000000000149,-0.00018701171303192317,47.7011713031938,0.000477011713031938,-788.0430180011069,1084.012975248671,False
2013-09-24,-274.75000000000307,-193.4918827897987,-0.0027475000000000307,-0.001934918827897987,-81.25811721020438,-0.0008125811721020437,-869.3011352113112,1084.012975248671,False
2013-09-25,376.7500000000002,296.71130020275587,0.003767500000000002,0.0029671130020275586,80.03869979724436,0.0008003869979724437,-789.2624354140669,1084.012975248671,False
2013-09-26,-155.9999999999965,-83.00484209120988,-0.001559999999999965,-0.0008300484209120988,-72.99515790878662,-0.0007299515790878663,-862.2575933228535,1084.012975248671,False
2013-09-27,-362.25000000000415,-397.3732333434901,-0.0036225000000000415,-0.003973732333434901,35.123233343485936,0.00035123233343485935,-827.1343599793676,1084.012975248671,False
2013-09-30,447.7500000000015,339.40485610437486,0.0044775000000000145,0.0033940485610437486,108.34514389562662,0.0010834514389562661,-718.7892160837409,1084.012975248671,False
2013-10-01,-81.00000000000014,75.87767506522607,-0.0008100000000000015,0.0007587767506522607,-156.8776750652262,-0.0015687767506522622,-875.6668911489671,1084.012975248671,False
2013-10-02,-203.00000000000014,-260.4179185506857,-0.0020300000000000014,-0.002604179185506857,57.417918550685584,0.0005741791855068558,-818.2489725982815,1084.012975248671,False
2013-10-03,214.49999999999812,170.0854087726778,0.002144999999999981,0.001700854087726778,44.41459122732033,0.0004441459122732033,-773.8343813709612,1084.012975248671,False
2013-10-04,-346.9999999999977,-275.7156349086114,-0.0034699999999999774,-0.002757156349086114,-71.28436509138635,-0.0007128436509138635,-845.1187464623475,1084.012975248671,False
2013-10-07,-606.5000000000011,-524.7219400772705,-0.006065000000000011,-0.005247219400772705,-81.77805992273068,-0.0008177805992273068,-926.8968063850782,1084.012975248671,False
2013-10-08,-208.75000000000048,-290.10729995326903,-0.0020875000000000047,-0.0029010729995326903,81.35729995326855,0.0008135729995326855,-845.5395064318096,1084.012975248671,False
2013-10-09,1519.7499999999961,1538.813456753684,0.015197499999999961,0.01538813456753684,-19.063456753687888,-0.00019063456753687887,-864.6029631854975,1084.012975248671,False
2013-10-10,197.99999999999932,81.82354644042988,0.001979999999999993,0.0008182354644042988,116.17645355956944,0.0011617645355956943,-748.426509625928,1084.012975248671,False
2013-10-11,162.7499999999993,207.58679000539746,0.0016274999999999929,0.0020758679000539744,-44.83679000539817,-0.00044836790005398173,-793.2632996313262,1084.012975248671,False
2013-10-14,-152.5000000000001,-187.48866298604898,-0.0015250000000000012,-0.0018748866298604898,34.988662986048865,0.0003498866298604887,-758.2746366452773,1084.012975248671,False
2013-10-15,352.0000000000038,359.6911302774081,0.0035200000000000383,0.003596911302774081,-7.691130277404284,-7.691130277404284e-05,-765.9657669226815,1084.012975248671,False
2013-10-16,442.50000000000364,627.0202546843097,0.0044250000000000365,0.006270202546843098,-184.5202546843061,-0.001845202546843061,-950.4860216069876,1084.012975248671,False
2013-10-17,251.5000000000001,195.1966673155161,0.002515000000000001,0.001951966673155161,56.30333268448402,0.0005630333268448401,-894.1826889225035,1084.012975248671,False
2013-10-18,65.50000000000104,66.43488072695916,0.0006550000000000104,0.0006643488072695916,-0.9348807269581272,-9.348807269581271e-06,-895.1175696494616,1084.012975248671,False
2013-10-21,183.74999999999898,272.75269404689044,0.0018374999999999897,0.0027275269404689042,-89.00269404689146,-0.0008900269404689146,-984.120263696353,1084.012975248671,False
2013-10-22,-176.50000000000065,-204.5594505660102,-0.0017650000000000066,-0.0020455945056601023,28.05945056600956,0.0002805945056600956,-956.0608131303435,1084.012975248671,False
2013-10-23,253.49999999999937,300.19729433484383,0.002534999999999994,0.0030019729433484383,-46.69729433484446,-0.00046697294334844457,-1002.758107465188,1084.012975248671,False
2013-10-24,65.99999999999855,80.39910873100642,0.0006599999999999855,0.0008039910873100642,-14.399108731007871,-0.0001439910873100787,-1017.1572161961959,1084.012975248671,False
2013-10-25,107.00000000000273,110.94433150147111,0.0010700000000000273,0.001109443315014711,-3.9443315014683833,-3.9443315014683835e-05,-1021.1015476976643,1084.012975248671,False
2013-10-28,88.49902343749953,77.40894288829709,0.0008849902343749953,0.0007740894288829709,11.09008054920244,0.0001109008054920244,-1010.0114671484619,1084.012975248671,False
2013-10-29,-19.499023437497996,-4.363546029668086,-0.00019499023437497996,-4.363546029668086e-05,-15.13547740782991,-0.0001513547740782991,-1025.1469445562918,1084.012975248671,False
2013-10-30,-234.500000000002,-338.6831583497215,-0.00234500000000002,-0.0033868315834972153,104.18315834971952,0.0010418315834971952,-920.9637862065723,1084.012975248671,False
2013-10-31,35.5000000000023,9.036528887893363,0.000355000000000023,9.036528887893363e-05,26.46347111210894,0.0002646347111210894,-894.5003150944634,1084.012975248671,False
2013-11-01,161.75000000000296,139.3789758560281,0.0016175000000000295,0.0013937897585602809,22.371024143974864,0.00022371024143974863,-872.1292909504886,1084.012975248671,False
2013-11-04,-60.49999999999987,-79.02001882196764,-0.0006049999999999988,-0.0007902001882196764,18.520018821967767,0.00018520018821967767,-853.6092721285208,1084.012975248671,False
2013-11-05,74.99999999999788,114.59627291560186,0.0007499999999999789,0.0011459627291560185,-39.596272915603976,-0.0003959627291560398,-893.2055450441248,1084.012975248671,False
2013-11-06,-428.49999999999955,-412.46309800799247,-0.004284999999999995,-0.004124630980079925,-16.036901992007074,-0.00016036901992007074,-909.2424470361319,1084.012975248671,False
2013-11-07,185.74999999999915,161.4557769069336,0.0018574999999999915,0.0016145577690693362,24.29422309306554,0.0002429422309306554,-884.9482239430664,1084.012975248671,False
2013-11-08,-4.999999999999459,-9.729282377639198,-4.999999999999459e-05,-9.729282377639198e-05,4.729282377639739,4.7292823776397384e-05,-880.2189415654267,1084.012975248671,False
2013-11-11,-4.500000000000142,-28.600370162645262,-4.500000000000142e-05,-0.00028600370162645264,24.10037016264512,0.00024100370162645122,-856.1185714027815,1084.012975248671,False
2013-11-12,281.2500000000009,280.0027997432859,0.002812500000000009,0.002800027997432859,1.2472002567150184,1.2472002567150184e-05,-854.8713711460665,1084.012975248671,False
2013-11-13,62.00000000000255,102.18851709749659,0.0006200000000000255,0.001021885170974966,-40.188517097494035,-0.00040188517097494036,-895.0598882435605,1084.012975248671,False
2013-11-14,40.74999999999953,46.249121725211666,0.0004074999999999953,0.0004624912172521167,-5.4991217252121345,-5.4991217252121345e-05,-900.5590099687727,1084.012975248671,False
2013-11-15,-88.74999999999878,-161.06688836647913,-0.0008874999999999878,-0.0016106688836647913,72.31688836648036,0.0007231688836648036,-828.2421216022923,1084.012975248671,False
2013-11-18,-52.00000000000141,-57.11553423911131,-0.000520000000000014,-0.0005711553423911131,5.1155342391099055,5.1155342391099055e-05,-823.1265873631824,1084.012975248671,False
2013-11-19,-191.50000000000057,-229.34020165845135,-0.0019150000000000057,-0.0022934020165845137,37.84020165845078,0.0003784020165845078,-785.2863857047316,1084.012975248671,False
2013-11-20,553.9999999999976,507.22633482618164,0.005539999999999976,0.0050722633482618166,46.77366517381597,0.0004677366517381597,-738.5127205309157,1084.012975248671,False
2013-11-21,229.4999999999997,246.15216307789018,0.0022949999999999967,0.0024615216307789017,-16.652163077890492,-0.00016652163077890493,-755.1648836088061,1084.012975248671,False
2013-11-22,102.49999999999875,90.10392340410314,0.0010249999999999875,0.0009010392340410314,12.396076595895607,0.00012396076595895606,-742.7688070129105,1084.012975248671,False
2013-11-25,101.99999999999939,89.81781905457073,0.0010199999999999938,0.0008981781905457074,12.182180945428655,0.00012182180945428656,-730.5866260674819,1084.012975248671,False
2013-11-26,118.7500000000002,125.54583464612872,0.001187500000000002,0.0012554583464612873,-6.795834646128526,-6.795834646128525e-05,-737.3824607136105,1084.012975248671,False
2013-11-27,72.24999999999578,117.49274858371085,0.0007224999999999578,0.0011749274858371085,-45.24274858371507,-0.0004524274858371507,-782.6252092973256,1084.012975248671,False
2013-11-29,-81.75000000000297,-155.61476768868513,-0.0008175000000000297,-0.0015561476768868514,73.86476768868216,0.0007386476768868216,-708.7604416086434,1084.012975248671,False
2013-12-02,-249.74999999999778,-236.24089537134347,-0.002497499999999978,-0.0023624089537134345,-13.509104628654313,-0.00013509104628654315,-722.2695462372977,1084.012975248671,False
2013-12-03,72.4999999999981,137.51871596243316,0.000724999999999981,0.0013751871596243317,-65.01871596243507,-0.0006501871596243506,-787.2882621997328,1084.012975248671,False
2013-12-04,-231.25000000000318,-262.078866729269,-0.002312500000000032,-0.00262078866729269,30.828866729265826,0.00030828866729265824,-756.4593954704669,1084.012975248671,False
2013-12-05,672.5000000000003,670.8710472051448,0.0067250000000000035,0.006708710472051448,1.628952794855536,1.628952794855536e-05,-754.8304426756114,1084.012975248671,False
2013-12-06,77.99999999999866,105.1872293593582,0.0007799999999999867,0.001051872293593582,-27.187229359359534,-0.00027187229359359533,-782.0176720349709,1084.012975248671,False
2013-12-09,-39.99999999999987,26.916073222857026,-0.0003999999999999987,0.00026916073222857026,-66.9160732228569,-0.0006691607322285689,-848.9337452578278,1084.012975248671,False
2013-12-10,-293.25000000000045,-272.55913811391724,-0.0029325000000000045,-0.0027255913811391726,-20.690861886083212,-0.00020690861886083213,-869.624607143911,1084.012975248671,False
2013-12-11,-50.74999999999973,-126.0796592842452,-0.0005074999999999973,-0.001260796592842452,75.32965928424547,0.0007532965928424547,-794.2949478596655,1084.012975248671,False
2013-12-12,-5.2499999999999645,19.42327850220662,-5.249999999999964e-05,0.0001942327850220662,-24.673278502206585,-0.00024673278502206585,-818.9682263618721,1084.012975248671,False
2013-12-13,126.75000000000355,155.91181037422837,0.0012675000000000355,0.0015591181037422836,-29.161810374224814,-0.00029161810374224813,-848.1300367360969,1084.012975248671,False
2013-12-16,-54.75000000000059,-92.97775025658541,-0.0005475000000000059,-0.0009297775025658541,38.22775025658482,0.0003822775025658482,-809.9022864795121,1084.012975248671,False
2013-12-17,252.49999999999937,304.347255882922,0.002524999999999994,0.00304347255882922,-51.84725588292264,-0.0005184725588292263,-861.7495423624348,1084.012975248671,False
2013-12-18,-108.25000000000104,-202.33453576785658,-0.0010825000000000103,-0.0020233453576785658,94.08453576785554,0.0009408453576785554,-767.6650065945793,1084.012975248671,False
2013-12-19,141.50000000000068,180.46706001252562,0.0014150000000000067,0.0018046706001252563,-38.96706001252494,-0.0003896706001252494,-806.6320666071042,1084.012975248671,False
2013-12-20,212.50000000000358,168.64404260837298,0.0021250000000000357,0.00168644042608373,43.8559573916306,0.00043855957391630596,-762.7761092154736,1084.012975248671,False
2013-12-23,82.4999999999996,99.26901046951096,0.000824999999999996,0.0009926901046951096,-16.769010469511358,-0.00016769010469511357,-779.545119684985,1084.012975248671,False
2013-12-24,147.00000000000176,170.75652452204343,0.0014700000000000175,0.0017075652452204343,-23.756524522041673,-0.00023756524522041672,-803.3016442070267,1084.012975248671,False
2013-12-26,-69.00000000000072,-53.78139953459444,-0.0006900000000000072,-0.0005378139953459444,-15.218600465406283,-0.00015218600465406282,-818.520244672433,1084.012975248671,False
2013-12-27,-53.25000000000299,-73.39223658354044,-0.0005325000000000299,-0.0007339223658354044,20.142236583537446,0.00020142236583537446,-798.3780080888956,1084.012975248671,False
2013-12-30,273.74999999999835,247.23531522489193,0.0027374999999999834,0.0024723531522489193,26.514684775106417,0.0002651468477510642,-771.8633233137892,1084.012975248671,False
2013-12-31,-62.99975585937412,-99.90922606609031,-0.0006299975585937412,-0.000999092260660903,36.90947020671619,0.00036909470206716193,-734.9538531070731,1084.012975248671,False
2014-01-02,12.999023437497655,-22.608142934888264,0.00012999023437497656,-0.00022608142934888264,35.60716637238592,0.0003560716637238592,-699.3466867346872,1084.012975248671,False
2014-01-03,-132.24975585937494,-128.3584988481581,-0.0013224975585937493,-0.0012835849884815808,-3.891257011216851,-3.891257011216851e-05,-703.237943745904,1084.012975248671,False
2014-01-06,351.999755859376,363.1765294639255,0.00351999755859376,0.0036317652946392547,-11.176773604549453,-0.00011176773604549454,-714.4147173504534,1084.012975248671,False
2014-01-07,26.000244140623938,33.70338953465105,0.00026000244140623937,0.0003370338953465105,-7.703145394027114,-7.703145394027114e-05,-722.1178627444806,1084.012975248671,False
2014-01-08,17.50024414062564,1.5267119653976096,0.00017500244140625638,1.5267119653976097e-05,15.97353217522803,0.0001597353217522803,-706.1443305692526,1084.012975248671,False
2014-01-09,321.24999999999915,300.2419883791811,0.0032124999999999914,0.003002419883791811,21.008011620818024,0.00021008011620818025,-685.1363189484346,1084.012975248671,False
2014-01-10,-630.7504882812507,-634.9192224289247,-0.0063075048828125065,-0.006349192224289248,4.1687341476740585,4.1687341476740584e-05,-680.9675848007605,1084.012975248671,False
2014-01-13,341.50048828124903,305.46233012180414,0.0034150048828124903,0.0030546233012180416,36.03815815944489,0.00036038158159444893,-644.9294266413156,1084.012975248671,False
2014-01-14,154.50024414062415,171.97640020641768,0.0015450024414062414,0.0017197640020641769,-17.476156065793532,-0.0001747615606579353,-662.405582707109,1084.012975248671,False
2014-01-15,-39.4997558593783,-45.01278515605416,-0.00039499755859378295,-0.00045012785156054157,5.51302929667586,5.51302929667586e-05,-656.8925534104332,1084.012975248671,False
2014-01-16,33.99951171874956,15.398014385104908,0.0003399951171874956,0.0001539801438510491,18.60149733364465,0.00018601497333644651,-638.2910560767885,1084.012975248671,False
2014-01-17,111.25024414062095,106.9179335370882,0.0011125024414062096,0.001069179335370882,4.332310603532747,4.332310603532747e-05,-633.9587454732558,1084.012975248671,False
2014-01-21,11.99926757812812,23.217019411149536,0.0001199926757812812,0.00023217019411149537,-11.217751833021417,-0.00011217751833021417,-645.1764973062773,1084.012975248671,False
2014-01-22,-17.249267578122918,-39.01180515272279,-0.00017249267578122918,-0.0003901180515272279,21.762537574599875,0.00021762537574599876,-623.4139597316774,1084.012975248671,False
2014-01-23,-891.4999999999991,-816.3877801910154,-0.00891499999999999,-0.008163877801910155,-75.1122198089837,-0.000751122198089837,-698.5261795406611,1084.012975248671,False
2014-01-24,-157.2502441406258,-144.336578367543,-0.001572502441406258,-0.0014433657836754302,-12.913665773082784,-0.00012913665773082783,-711.439845313744,1084.012975248671,False
2014-01-27,41.50024414062669,42.30272322942325,0.00041500244140626693,0.0004230272322942325,-0.8024790887965594,-8.024790887965593e-06,-712.2423244025405,1084.012975248671,False
2014-01-28,-420.99975585937716,-430.8223823142721,-0.004209997558593772,-0.0043082238231427206,9.82262645489493,9.822626454894931e-05,-702.4196979476455,1084.012975248671,False
2014-01-29,190.00000000000006,244.824130529356,0.0019000000000000006,0.0024482413052935603,-54.824130529355955,-0.0005482413052935595,-757.2438284770014,1084.012975248671,False
2014-01-30,21.749267578126037,32.42689829459289,0.00021749267578126036,0.00032426898294592887,-10.677630716466851,-0.0001067763071646685,-767.9214591934683,1084.012975248671,False
2014-01-31,-1295.2502441406245,-1516.4084127059468,-0.012952502441406246,-0.015164084127059468,221.15816856532228,0.002211581685653223,-546.763290628146,1084.012975248671,False
2014-02-03,100.00048828124974,149.57081255405288,0.0010000048828124975,0.0014957081255405288,-49.570324272803134,-0.0004957032427280314,-596.3336149009492,1084.012975248671,False
2014-02-04,-5.5004882812497655,-26.229187760922294,-5.5004882812497655e-05,-0.0002622918776092229,20.728699479672528,0.00020728699479672527,-575.6049154212767,1084.012975248671,False
2014-02-05,841.5004882812568,862.6656254103328,0.008415004882812568,0.008626656254103329,-21.165137129076015,-0.00021165137129076016,-596.7700525503527,1084.012975248671,False
2014-02-06,333.4995117187513,316.8030599912521,0.003334995117187513,0.003168030599912521,16.69645172749921,0.0001669645172749921,-580.0736008228535,1084.012975248671,False
2014-02-07,163.25048828125102,119.44603603541285,0.0016325048828125103,0.0011944603603541285,43.80445224583818,0.0004380445224583818,-536.2691485770152,1084.012975248671,False
2014-02-10,479.4997558593753,483.06140399645574,0.0047949975585937525,0.004830614039964557,-3.5616481370804536,-3.561648137080454e-05,-539.8307967140956,1084.012975248671,False
2014-02-11,134.00073242187483,109.2371171996642,0.0013400073242187483,0.001092371171996642,24.763615222210632,0.0002476361522221063,-515.067181491885,1084.012975248671,False
2014-02-12,282.49975585937966,262.73488972605594,0.0028249975585937968,0.0026273488972605595,19.76486613332372,0.00019764866133323723,-495.30231535856126,1084.012975248671,False
2014-02-13,332.50000000000375,287.90440746420757,0.0033250000000000376,0.002879044074642076,44.595592535796186,0.00044595592535796186,-450.7067228227651,1084.012975248671,False
2014-02-14,166.99926757812125,173.77255692965173,0.0016699926757812126,0.0017377255692965173,-6.7732893515304795,-6.773289351530479e-05,-457.48001217429555,1084.012975248671,False
2014-02-18,-383.00000000000057,-340.0081244761777,-0.0038300000000000057,-0.0034000812447617774,-42.99187552382284,-0.0004299187552382284,-500.4718876981184,1084.012975248671,False
2014-02-19,139.5000000000051,118.8388218332871,0.001395000000000051,0.001188388218332871,20.66117816671799,0.0002066117816671799,-479.8107095314004,1084.012975248671,False
2014-02-20,110.00146484375506,113.88528481055238,0.0011000146484375507,0.0011388528481055238,-3.8838199667973186,-3.8838199667973185e-05,-483.6945294981977,1084.012975248671,False
2014-02-21,440.75048828125637,410.7012517486944,0.004407504882812564,0.004107012517486944,30.049236532561963,0.0003004923653256196,-453.64529296563575,1084.012975248671,False
2014-02-24,49.24951171875126,66.96949608504393,0.0004924951171875125,0.0006696949608504393,-17.71998436629267,-0.00017719984366292672,-471.36527733192844,1084.012975248671,False
2014-02-25,-374.2490234374999,-351.3820488815466,-0.003742490234374999,-0.003513820488815466,-22.866974555953277,-0.00022866974555953276,-494.2322518878817,1084.012975248671,False
2014-02-26,153.49926757812648,206.02813611523754,0.0015349926757812647,0.0020602813611523755,-52.528868537111066,-0.0005252886853711106,-546.7611204249928,1084.012975248671,False
2014-02-27,-198.9990234374995,-193.86254984887543,-0.0019899902343749947,-0.0019386254984887544,-5.136473588624057,-5.1364735886240566e-05,-551.8975940136169,1084.012975248671,False
2014-02-28,108.50073242187392,219.60771820512804,0.0010850073242187391,0.0021960771820512806,-111.10698578325412,-0.0011110698578325412,-663.004579796871,1084.012975248671,False
2014-03-03,306.4985351562534,342.12456224277895,0.003064985351562534,0.0034212456224277897,-35.62602708652554,-0.0003562602708652554,-698.6306068833965,1084.012975248671,False
2014-03-04,52.000244140625426,60.56375377360207,0.0005200024414062543,0.0006056375377360208,-8.563509632976647,-8.563509632976647e-05,-707.1941165163731,1084.012975248671,False
2014-03-05,236.25244140625142,221.26829479395397,0.0023625244140625143,0.00221268294793954,14.984146612297451,0.0001498414661229745,-692.2099699040757,1084.012975248671,False
2014-03-06,-198.25097656250077,-231.3236340210229,-0.0019825097656250078,-0.002313236340210229,33.072657458522144,0.00033072657458522146,-659.1373124455536,1084.012975248671,False
2014-03-07,35.750488281249986,45.163778816077155,0.00035750488281249983,0.0004516377881607715,-9.41329053482717,-9.413290534827169e-05,-668.5506029803807,1084.012975248671,False
2014-03-10,-92.00097656249423,-64.67278775070324,-0.0009200097656249423,-0.0006467278775070324,-27.328188811790994,-0.00027328188811790994,-695.8787917921718,1084.012975248671,False
2014-03-11,550.0009765624995,506.3494007466471,0.005500009765624996,0.005063494007466471,43.651575815852425,0.00043651575815852425,-652.2272159763194,1084.012975248671,False
2014-03-12,-740.0009765624981,-746.992059032312,-0.007400009765624981,-0.00746992059032312,6.991082469813932,6.991082469813933e-05,-645.2361335065054,1084.012975248671,False
2014-03-13,-76.49804687499918,-89.09874828059216,-0.0007649804687499918,-0.0008909874828059216,12.600701405592986,0.00012600701405592987,-632.6354321009125,1084.012975248671,False
2014-03-14,510.2480468750031,520.7730983251317,0.005102480468750031,0.005207730983251317,-10.525051450128615,-0.00010525051450128615,-643.1604835510411,1084.012975248671,False
2014-03-17,306.0019531250003,318.6617060140118,0.003060019531250003,0.0031866170601401182,-12.659752889011543,-0.00012659752889011543,-655.8202364400527,1084.012975248671,False
2014-03-18,-350.5007324218774,-396.58313484406017,-0.003505007324218774,-0.003965831348440601,46.08240242218278,0.0004608240242218278,-609.7378340178699,1084.012975248671,False
2014-03-19,98.75073242187055,80.92060500665802,0.0009875073242187056,0.0008092060500665803,17.83012741521253,0.0001783012741521253,-591.9077066026573,1084.012975248671,False
2014-03-20,-409.99999999999903,-364.10821417174526,-0.00409999999999999,-0.003641082141717453,-45.891785828253774,-0.00045891785828253774,-637.7994924309111,1084.012975248671,False
2014-03-21,-701.500976562496,-617.7192503180752,-0.00701500976562496,-0.006177192503180752,-83.78172624442084,-0.0008378172624442084,-721.5812186753319,1084.012975248671,False
2014-03-24,324.49951171874767,347.0016351118704,0.003244995117187477,0.0034700163511187042,-22.50212339312276,-0.00022502123393122758,-744.0833420684546,1084.012975248671,False
2014-03-25,-1106.9999999999982,-1040.4203847679385,-0.011069999999999983,-0.010404203847679384,-66.57961523205972,-0.0006657961523205972,-810.6629573005143,1084.012975248671,False
2014-03-26,-425.9990234374966,-375.3173616254429,-0.004259990234374966,-0.0037531736162544293,-50.681661812053676,-0.0005068166181205367,-861.344619112568,1084.012975248671,False
2014-03-27,390.0000000000135,366.5628084298181,0.0039000000000001347,0.003665628084298181,23.437191570195353,0.00023437191570195354,-837.9074275423727,1084.012975248671,False
2014-03-28,512.0000000000061,465.1469233212207,0.005120000000000061,0.004651469233212207,46.85307667878544,0.0004685307667878544,-791.0543508635873,1084.012975248671,False
2014-03-31,1028.4999999999936,1024.8177394143263,0.010284999999999937,0.010248177394143262,3.6822605856673363,3.6822605856673364e-05,-787.3720902779199,1084.012975248671,False
2014-04-01,84.49999999999653,129.06190877250563,0.0008449999999999654,0.0012906190877250564,-44.5619087725091,-0.000445619087725091,-831.9339990504291,1084.012975248671,False
2014-04-02,-55.00000000000051,-95.42998702003372,-0.0005500000000000051,-0.0009542998702003372,40.42998702003321,0.0004042998702003321,-791.5040120303959,1084.012975248671,False
2014-04-03,-531.5000000000007,-401.92958047275056,-0.005315000000000007,-0.004019295804727506,-129.57041952725012,-0.0012957041952725012,-921.074431557646,1084.012975248671,False
2014-04-04,-238.5007324218748,-187.97057532398875,-0.002385007324218748,-0.0018797057532398875,-50.53015709788605,-0.0005053015709788604,-971.6045886555321,1084.012975248671,False
2014-04-07,403.00097656249943,374.0836236485731,0.004030009765624994,0.003740836236485731,28.917352913926322,0.0002891735291392632,-942.6872357416057,1084.012975248671,False
2014-04-08,639.249267578117,580.0515184586138,0.00639249267578117,0.005800515184586138,59.197749119503214,0.0005919774911950322,-883.4894866221025,1084.012975248671,False
2014-04-09,-340.7480468749977,-356.77317989894345,-0.0034074804687499773,-0.0035677317989894347,16.025133023945727,0.00016025133023945726,-867.4643535981568,1084.012975248671,False
2014-04-10,-235.24999999999906,-240.1836131268028,-0.0023524999999999904,-0.002401836131268028,4.933613126803749,4.933613126803749e-05,-862.530740471353,1084.012975248671,False
2014-04-11,496.2499999999942,449.91306950657736,0.004962499999999942,0.004499130695065774,46.336930493416844,0.00046336930493416845,-816.1938099779362,1084.012975248671,False
2014-04-14,12.999267578121845,-117.71383886992439,0.00012999267578121844,-0.001177138388699244,130.71310644804623,0.0013071310644804624,-685.48070352989,1084.012975248671,False
2014-04-15,159.75073242187563,151.48484771276605,0.0015975073242187562,0.0015148484771276606,8.26588470910957,8.265884709109571e-05,-677.2148188207805,1084.012975248671,False
2014-04-16,77.99804687499272,104.21265774800165,0.0007799804687499272,0.0010421265774800165,-26.214610873008922,-0.0002621461087300892,-703.4294296937894,1084.012975248671,False
2014-04-17,344.99999999999983,307.8265614924317,0.003449999999999998,0.0030782656149243174,37.17343850756811,0.00037173438507568106,-666.2559911862213,1084.012975248671,False
2014-04-21,230.00000000000165,208.136026614853,0.0023000000000000164,0.00208136026614853,21.863973385148654,0.00021863973385148654,-644.3920178010726,1084.012975248671,False
2014-04-22,-131.99999999999952,-109.42312281024122,-0.0013199999999999952,-0.0010942312281024122,-22.576877189758292,-0.00022576877189758293,-666.9688949908309,1084.012975248671,False
2014-04-23,120.9999999999985,149.5066592703646,0.001209999999999985,0.001495066592703646,-28.5066592703661,-0.000285066592703661,-695.475554261197,1084.012975248671,False
2014-04-24,-412.00000000000057,-341.1681447977786,-0.004120000000000006,-0.003411681447977786,-70.83185520222196,-0.0007083185520222196,-766.3074094634189,1084.012975248671,False
2014-04-25,121.50000000000563,105.93102425954703,0.0012150000000000563,0.0010593102425954703,15.568975740458598,0.00015568975740458597,-750.7384337229603,1084.012975248671,False
2014-04-28,287.50000000000114,268.25725886053874,0.0028750000000000112,0.0026825725886053873,19.242741139462396,0.00019242741139462397,-731.4956925834979,1084.012975248671,False
2014-04-29,157.50000000000068,154.29835233522468,0.0015750000000000067,0.0015429835233522467,3.2016476647760044,3.2016476647760046e-05,-728.2940449187219,1084.012975248671,False
2014-04-30,7.499999999993449,2.447004384035779,7.49999999999345e-05,2.4470043840357788e-05,5.05299561595767,5.0529956159576696e-05,-723.2410493027642,1084.012975248671,False
2014-05-01,71.24999999999974,89.00976995441755,0.0007124999999999974,0.0008900976995441755,-17.759769954417806,-0.00017759769954417805,-741.000819257182,1084.012975248671,False
2014-05-02,249.25048828124466,235.75377657404476,0.0024925048828124464,0.0023575377657404474,13.496711707199893,0.00013496711707199893,-727.5041075499821,1084.012975248671,False
2014-05-05,-309.9990234375005,-320.8857599644191,-0.003099990234375005,-0.003208857599644191,10.886736526918583,0.00010886736526918583,-716.6173710230635,1084.012975248671,False
2014-05-06,-583.0021972656267,-555.8177542397232,-0.005830021972656267,-0.005558177542397231,-27.184443025903533,-0.00027184443025903536,-743.801814048967,1084.012975248671,False
2014-05-07,-39.99951171874874,-39.958634566330915,-0.0003999951171874874,-0.0003995863456633091,-0.040877152417827745,-4.0877152417827746e-07,-743.8426912013848,1084.012975248671,False
2014-05-08,68.25024414062003,71.73868243395023,0.0006825024414062003,0.0007173868243395023,-3.488438293330205,-3.488438293330205e-05,-747.331129494715,1084.012975248671,False
2014-05-09,775.7495117187443,842.7175868795227,0.0077574951171874434,0.008427175868795227,-66.96807516077843,-0.0006696807516077842,-814.2992046554934,1084.012975248671,False
2014-05-12,1.4999999999992877,-0.6120605659241298,1.4999999999992877e-05,-6.120605659241298e-06,2.1120605659234175,2.1120605659234175e-05,-812.18714408957,1084.012975248671,False
2014-05-13,-9.000244140624304,-3.572324431676563,-9.000244140624304e-05,-3.572324431676563e-05,-5.427919708947741,-5.427919708947741e-05,-817.6150637985177,1084.012975248671,False
2014-05-14,-533.9985351562481,-521.6966564492639,-0.005339985351562481,-0.005216966564492638,-12.301878706984212,-0.00012301878706984213,-829.9169425055019,1084.012975248671,False
2014-05-15,74.4992675781252,80.99393515560719,0.000744992675781252,0.0008099393515560719,-6.494667577481991,-6.49466757748199e-05,-836.4116100829839,1084.012975248671,False
2014-05-16,285.5002441406297,269.690112234177,0.002855002441406297,0.0026969011223417698,15.810131906452739,0.00015810131906452739,-820.6014781765311,1084.012975248671,False
2014-05-19,-197.24951171875196,-188.37997362752483,-0.0019724951171875196,-0.0018837997362752483,-8.869538091227128,-8.869538091227128e-05,-829.4710162677583,1084.012975248671,False
2014-05-20,389.9999999999937,379.75608831219324,0.003899999999999937,0.0037975608831219325,10.243911687800448,0.00010243911687800448,-819.2271045799578,1084.012975248671,False
2014-05-21,153.25024414062565,158.5344603474355,0.0015325024414062566,0.001585344603474355,-5.284216206809845,-5.2842162068098443e-05,-824.5113207867676,1084.012975248671,False
2014-05-22,162.74951171874952,147.77545075255944,0.0016274951171874952,0.0014777545075255944,14.97406096619008,0.0001497406096619008,-809.5372598205774,1084.012975248671,False
2014-05-23,45.50048828125401,78.21420046122014,0.0004550048828125401,0.0007821420046122015,-32.71371217996614,-0.00032713712179966136,-842.2509720005436,1084.012975248671,False
2014-05-27,-85.50073242187398,-89.32623555588982,-0.0008550073242187398,-0.0008932623555588982,3.8255031340158467,3.825503134015847e-05,-838.4254688665277,1084.012975248671,False
2014-05-28,221.99999999999747,193.88732934359328,0.0022199999999999746,0.0019388732934359327,28.11267065640419,0.0002811267065640419,-810.3127982101234,1084.012975248671,False
2014-05-29,-75.999755859377,-84.74554703509845,-0.0007599975585937701,-0.0008474554703509845,8.74579117572145,8.74579117572145e-05,-801.567007034402,1084.012975248671,False
2014-05-30,-50.74999999999979,-49.07754987382758,-0.0005074999999999979,-0.0004907754987382758,-1.6724501261722082,-1.6724501261722083e-05,-803.2394571605741,1084.012975248671,False
2014-06-02,19.249999999996277,18.373444908644064,0.00019249999999996277,0.00018373444908644063,0.8765550913522127,8.765550913522126e-06,-802.362902069222,1084.012975248671,False
2014-06-03,66.75048828125246,69.82594490321644,0.0006675048828125246,0.0006982594490321644,-3.07545662196398,-3.0754566219639796e-05,-805.438358691186,1084.012975248671,False
2014-06-04,479.25000000000625,446.36009892372385,0.004792500000000062,0.004463600989237239,32.8899010762824,0.00032889901076282396,-772.5484576149036,1084.012975248671,False
2014-06-05,186.49951171874906,183.66510046895246,0.0018649951171874905,0.0018366510046895245,2.8344112497966023,2.8344112497966023e-05,-769.7140463651069,1084.012975248671,False
2014-06-06,-1.4997558593747122,3.4480793381305332,-1.4997558593747123e-05,3.448079338130533e-05,-4.9478351975052455,-4.947835197505245e-05,-774.6618815626122,1084.012975248671,False
2014-06-09,106.24951171874594,110.6411460324963,0.0010624951171874593,0.001106411460324963,-4.391634313750359,-4.391634313750359e-05,-779.0535158763626,1084.012975248671,False
2014-06-10,-100.00024414062374,-90.33311017796507,-0.0010000024414062374,-0.0009033311017796506,-9.667133962658667,-9.667133962658667e-05,-788.7206498390212,1084.012975248671,False
2014-06-11,-168.99951171875045,-176.21170211894474,-0.0016899951171875046,-0.0017621170211894474,7.212190400194288,7.212190400194288e-05,-781.508459438827,1084.012975248671,False
2014-06-12,71.49975585937406,69.35598978239918,0.0007149975585937406,0.0006935598978239918,2.1437660769748845,2.1437660769748845e-05,-779.3646933618521,1084.012975248671,False
2014-06-13,29.75073242187323,29.154408000710454,0.0002975073242187323,0.00029154408000710454,0.5963244211627767,5.963244211627767e-06,-778.7683689406894,1084.012975248671,False
2014-06-16,-7.000488281247435,-1.2078341607196763,-7.000488281247434e-05,-1.2078341607196762e-05,-5.792654120527759,-5.792654120527759e-05,-784.5610230612172,1084.012975248671,False
2014-06-17,180.49951171875097,183.71819768547834,0.0018049951171875097,0.0018371819768547835,-3.218685966727378,-3.218685966727378e-05,-787.7797090279446,1084.012975248671,False
2014-06-18,407.75024414062193,437.4093473884434,0.004077502441406219,0.004374093473884434,-29.659103247821463,-0.00029659103247821464,-817.438812275766,1084.012975248671,False
2014-06-19,57.00000000000519,67.15620823946188,0.0005700000000000519,0.0006715620823946188,-10.156208239456689,-0.00010156208239456689,-827.5950205152227,1084.012975248671,False
2014-06-20,37.25097656249672,36.905652993373955,0.00037250976562496716,0.00036905652993373956,0.34532356912276185,3.4532356912276187e-06,-827.2496969460999,1084.012975248671,False
2014-06-23,-59.24926757812837,-55.5214193264421,-0.0005924926757812837,-0.000555214193264421,-3.727848251686268,-3.727848251686268e-05,-830.9775451977862,1084.012975248671,False
2014-06-24,244.9978027343829,224.43918024304227,0.002449978027343829,0.0022443918024304226,20.55862249134063,0.0002055862249134063,-810.4189227064455,1084.012975248671,False
2014-06-25,-177.49926757812463,-175.65495287784933,-0.0017749926757812463,-0.0017565495287784933,-1.844314700275305,-1.8443147002753052e-05,-812.2632374067208,1084.012975248671,False
2014-06-26,197.25000000000276,195.47101581299427,0.0019725000000000276,0.001954710158129943,1.77898418700849,1.77898418700849e-05,-810.4842532197123,1084.012975248671,False
2014-06-27,108.50000000000159,91.42632807862988,0.0010850000000000159,0.0009142632807862988,17.073671921371712,0.00017073671921371712,-793.4105812983406,1084.012975248671,False
2014-06-30,646.2492675781155,605.2382153218998,0.006462492675781154,0.0060523821532189985,41.011052256215635,0.00041011052256215635,-752.399529042125,1084.012975248671,False
2014-07-01,126.00097656250398,140.36618231200805,0.0012600097656250398,0.0014036618231200804,-14.36520574950407,-0.0001436520574950407,-766.764734791629,1084.012975248671,False
2014-07-02,96.24902343750227,42.57136647349398,0.0009624902343750227,0.0004257136647349398,53.67765696400829,0.0005367765696400829,-713.0870778276208,1084.012975248671,False
2014-07-03,-182.99951171875324,-197.45478560610172,-0.0018299951171875323,-0.0019745478560610173,14.455273887348483,0.00014455273887348482,-698.6318039402722,1084.012975248671,False
2014-07-07,-413.499999999997,-371.8097464718369,-0.00413499999999997,-0.003718097464718369,-41.6902535281601,-0.00041690253528160097,-740.3220574684324,1084.012975248671,False
2014-07-08,513.2514648437513,482.1017068860647,0.005132514648437512,0.004821017068860647,31.149757957686575,0.00031149757957686576,-709.1722995107458,1084.012975248671,False
2014-07-09,84.99804687500321,67.25877675087379,0.0008499804687500321,0.000672587767508738,17.73927012412942,0.00017739270124129418,-691.4330293866163,1084.012975248671,False
2014-07-10,177.7514648437466,204.52814205954954,0.0017775146484374658,0.0020452814205954954,-26.77667721580295,-0.0002677667721580295,-718.2097066024193,1084.012975248671,False
2014-07-11,-443.0014648437507,-525.6186145863721,-0.004430014648437507,-0.005256186145863722,82.61714974262145,0.0008261714974262145,-635.5925568597978,1084.012975248671,False
2014-07-14,-124.49975585937446,-168.7879953010989,-0.0012449975585937447,-0.0016878799530109891,44.28823944172444,0.00044288239441724444,-591.3043174180734,1084.012975248671,False
2014-07-15,161.50146484374628,133.68026004142354,0.0016150146484374627,0.0013368026004142355,27.82120480232274,0.0002782120480232274,-563.4831126157507,1084.012975248671,False
2014-07-16,49.749511718749375,111.7127653168113,0.0004974951171874938,0.001117127653168113,-61.963253598061925,-0.0006196325359806192,-625.4463662138126,1084.012975248671,False
2014-07-17,48.49999999999784,113.21573187055925,0.0004849999999999784,0.0011321573187055925,-64.71573187056141,-0.0006471573187056142,-690.162098084374,1084.012975248671,False
2014-07-18,36.750000000004555,33.361707585767235,0.0003675000000000455,0.00033361707585767233,3.38829241423732,3.38829241423732e-05,-686.7738056701367,1084.012975248671,False
2014-07-21,89.75048828124592,71.26638988216448,0.0008975048828124592,0.0007126638988216447,18.484098399081446,0.00018484098399081447,-668.2897072710552,1084.012975248671,False
2014-07-22,46.74804687499923,73.74693241505076,0.0004674804687499923,0.0007374693241505077,-26.998885540051532,-0.0002699888554005153,-695.2885928111068,1084.012975248671,False
2014-07-23,-424.49707031249807,-382.3931642680879,-0.004244970703124981,-0.003823931642680879,-42.10390604441017,-0.00042103906044410166,-737.392498855517,1084.012975248671,False
2014-07-24,92.500000000001,81.20788104144575,0.0009250000000000099,0.0008120788104144575,11.29211895855525,0.0001129211895855525,-726.1003798969618,1084.012975248671,False
2014-07-25,25.50000000000138,23.51332955076459,0.0002550000000000138,0.0002351332955076459,1.9866704492367901,1.98667044923679e-05,-724.113709447725,1084.012975248671,False
2014-07-28,-281.0000000000037,-233.37263601390205,-0.002810000000000037,-0.0023337263601390205,-47.62736398610164,-0.0004762736398610164,-771.7410734338266,1084.012975248671,False
2014-07-29,6.9995117187500355,-8.088045111754234,6.999511718750035e-05,-8.088045111754234e-05,15.087556830504269,0.0001508755683050427,-756.6535166033224,1084.012975248671,False
2014-07-30,-1186.9995117187507,-1108.9254737177305,-0.011869995117187507,-0.011089254737177305,-78.0740380010202,-0.0007807403800102019,-834.7275546043426,1084.012975248671,False
2014-07-31,-45.99999999999918,-9.31026793731727,-0.00045999999999999183,-9.31026793731727e-05,-36.68973206268191,-0.00036689732062681913,-871.4172866670244,1084.012975248671,False
2014-08-01,196.4997558593734,154.02804033845712,0.001964997558593734,0.0015402804033845712,42.47171552091629,0.0004247171552091629,-828.9455711461081,1084.012975248671,False
2014-08-04,-294.99999999999966,-264.232194845582,-0.0029499999999999965,-0.00264232194845582,-30.76780515441766,-0.00030767805154417656,-859.7133763005259,1084.012975248671,False
2014-08-05,-24.00000000000032,71.79263983108726,-0.0002400000000000032,0.0007179263983108726,-95.79263983108757,-0.0009579263983108757,-955.5060161316135,1084.012975248671,False
2014-08-06,-100.49951171874787,-102.54856643294987,-0.0010049951171874788,-0.0010254856643294988,2.0490547142020006,2.0490547142020007e-05,-953.4569614174114,1084.012975248671,False
2014-08-07,162.99999999999955,138.20121231684476,0.0016299999999999954,0.0013820121231684476,24.798787683154785,0.0002479878768315479,-928.6581737342567,1084.012975248671,False
2014-08-08,222.75000000000017,193.22095688908385,0.0022275000000000016,0.0019322095688908386,29.52904311091632,0.0002952904311091632,-899.1291306233404,1084.012975248671,False
2014-08-11,-11.00048828124622,-6.145697805358333,-0.0001100048828124622,-6.145697805358333e-05,-4.854790475887887,-4.854790475887887e-05,-903.9839210992283,1084.012975248671,False
2014-08-12,233.75048828125134,254.4909231447657,0.0023375048828125134,0.002544909231447657,-20.740434863514366,-0.00020740434863514366,-924.7243559627426,1084.012975248671,False
2014-08-13,112.24902343750045,74.66447104852756,0.0011224902343750045,0.0007466447104852756,37.584552388972895,0.00037584552388972894,-887.1398035737698,1084.012975248671,False
2014-08-14,-161.00000000000168,-200.84571561011535,-0.0016100000000000168,-0.0020084571561011537,39.84571561011367,0.0003984571561011367,-847.2940879636561,1084.012975248671,False
2014-08-15,62.50097656250024,21.902596266471356,0.0006250097656250025,0.00021902596266471357,40.598380296028886,0.00040598380296028887,-806.6957076676273,1084.012975248671,False
2014-08-18,38.74804687500097,16.680935958919914,0.0003874804687500097,0.00016680935958919915,22.06711091608106,0.0002206711091608106,-784.6285967515462,1084.012975248671,False
2014-08-19,21.000000000000913,8.57707509302281,0.00021000000000000914,8.57707509302281e-05,12.422924906978103,0.00012422924906978103,-772.2056718445681,1084.012975248671,False
2014-08-20,-301.498535156249,-368.29259173396736,-0.0030149853515624896,-0.0036829259173396735,66.79405657771838,0.0006679405657771838,-705.4116152668497,1084.012975248671,False
2014-08-21,11.500000000002693,35.982497501691114,0.00011500000000002693,0.00035982497501691114,-24.48249750168842,-0.0002448249750168842,-729.8941127685381,1084.012975248671,False
2014-08-22,107.50000000000189,116.01336002980253,0.0010750000000000189,0.0011601336002980253,-8.513360029800637,-8.513360029800637e-05,-738.4074727983387,1084.012975248671,False
2014-08-25,70.00000000000291,96.62869604265138,0.0007000000000000292,0.0009662869604265138,-26.62869604264847,-0.0002662869604264847,-765.0361688409872,1084.012975248671,False
2014-08-26,-13.000000000002368,-20.814299869993505,-0.00013000000000002368,-0.00020814299869993506,7.814299869991137,7.814299869991137e-05,-757.2218689709961,1084.012975248671,False
2014-08-27,-8.50000000000016,17.79474004937689,-8.50000000000016e-05,0.00017794740049376892,-26.29474004937705,-0.0002629474004937705,-783.5166090203732,1084.012975248671,False
2014-08-28,11.99999999999941,37.19155916930891,0.00011999999999999411,0.0003719155916930891,-25.1915591693095,-0.000251915591693095,-808.7081681896826,1084.012975248671,False
2014-08-29,11.250000000001265,-75.08262611600944,0.00011250000000001264,-0.0007508262611600943,86.3326261160107,0.000863326261160107,-722.3755420736719,1084.012975248671,False
2014-09-02,-45.50000000000006,-27.11148114515366,-0.00045500000000000054,-0.0002711148114515366,-18.388518854846396,-0.00018388518854846396,-740.7640609285183,1084.012975248671,False
2014-09-03,-9.999999999999158,-24.28632919059613,-9.999999999999158e-05,-0.0002428632919059613,14.286329190596973,0.00014286329190596974,-726.4777317379214,1084.012975248671,False
2014-09-04,75.75000000000134,84.93218093202404,0.0007575000000000134,0.0008493218093202404,-9.182180932022703,-9.182180932022703e-05,-735.6599126699441,1084.012975248671,False
2014-09-05,-14.500000000001116,-58.601157536736196,-0.00014500000000001117,-0.0005860115753673619,44.10115753673508,0.0004410115753673508,-691.558755133209,1084.012975248671,False
2014-09-08,-107.74999999999886,-126.77756853495792,-0.0010774999999999886,-0.0012677756853495792,19.02756853495906,0.00019027568534959059,-672.53118659825,1084.012975248671,False
2014-09-09,106.50000000000146,86.97020912706148,0.0010650000000000147,0.0008697020912706148,19.529790872939984,0.00019529790872939985,-653.00139572531,1084.012975248671,False
2014-09-10,26.000000000003634,-1.5878345825219244,0.00026000000000003635,-1.5878345825219243e-05,27.58783458252556,0.0002758783458252556,-625.4135611427844,1084.012975248671,False
2014-09-11,-103.749999999999,-135.65111746132783,-0.00103749999999999,-0.0013565111746132782,31.901117461328823,0.00031901117461328825,-593.5124436814556,1084.012975248671,False
2014-09-12,-74.99999999999977,-47.10054706995866,-0.0007499999999999977,-0.0004710054706995866,-27.899452930041114,-0.00027899452930041114,-621.4118966114967,1084.012975248671,False
2014-09-15,358.7500000000015,369.1800764209985,0.0035875000000000147,0.003691800764209985,-10.430076420997011,-0.00010430076420997011,-631.8419730324937,1084.012975248671,False
2014-09-16,35.99999999999728,33.14739544909815,0.0003599999999999728,0.00033147395449098147,2.8526045508991302,2.85260455089913e-05,-628.9893684815945,1084.012975248671,False
2014-09-17,366.2499999999945,316.22056217675936,0.003662499999999945,0.0031622056217675935,50.02943782323513,0.0005002943782323512,-578.9599306583593,1084.012975248671,False
2014-09-18,-10.75000000000048,-49.1939256868266,-0.0001075000000000048,-0.0004919392568682661,38.44392568682612,0.0003844392568682612,-540.5160049715332,1084.012975248671,False
2014-09-19,-168.00000000000034,-163.50195138880434,-0.0016800000000000033,-0.0016350195138880434,-4.498048611195998,-4.498048611195998e-05,-545.0140535827293,1084.012975248671,False
2014-09-22,-203.0000000000004,-173.96295578771526,-0.002030000000000004,-0.0017396295578771526,-29.03704421228514,-0.0002903704421228514,-574.0510977950144,1084.012975248671,False
2014-09-23,492.0000000000006,439.45180018087336,0.004920000000000006,0.004394518001808734,52.54819981912726,0.0005254819981912726,-521.5028979758871,1084.012975248671,False
2014-09-24,-321.0000000000015,-426.8558041758973,-0.003210000000000015,-0.004268558041758973,105.8558041758958,0.001058558041758958,-415.6470937999913,1084.012975248671,False
2014-09-25,229.49999999999667,212.0425952585046,0.0022949999999999668,0.002120425952585046,17.45740474149207,0.0001745740474149207,-398.1896890584992,1084.012975248671,False
2014-09-26,-114.49999999999825,-91.42705643474162,-0.0011449999999999826,-0.0009142705643474161,-23.072943565256637,-0.00023072943565256637,-421.26263262375585,1084.012975248671,False
2014-09-29,72.5000000000015,49.71192015927158,0.000725000000000015,0.0004971192015927158,22.788079840729928,0.00022788079840729928,-398.4745527830259,1084.012975248671,False
2014-09-30,-1079.2497558593777,-1094.7664278277596,-0.010792497558593777,-0.010947664278277596,15.516671968381843,0.00015516671968381844,-382.95788081464406,1084.012975248671,False
2014-10-01,-62.50024414062658,-59.65563549717604,-0.0006250024414062657,-0.0005965563549717605,-2.8446086434505347,-2.8446086434505347e-05,-385.8024894580946,1084.012975248671,False
2014-10-02,560.2504882812507,641.9482844305292,0.005602504882812507,0.006419482844305291,-81.69779614927847,-0.0008169779614927848,-467.5002856073731,1084.012975248671,False
2014-10-03,68.75024414062311,7.52631850205394,0.0006875024414062311,7.526318502053939e-05,61.22392563856917,0.0006122392563856917,-406.27635996880394,1084.012975248671,False
2014-10-06,-495.00024414062517,-519.1690040299968,-0.004950002441406252,-0.005191690040299968,24.168759889371643,0.00024168759889371642,-382.1076000794323,1084.012975248671,False
2014-10-07,1164.4997558593766,1127.071481048841,0.011644997558593766,0.01127071481048841,37.42827481053564,0.0003742827481053564,-344.67932526889666,1084.012975248671,False
2014-10-08,-231.74951171875287,-322.07542352334525,-0.0023174951171875285,-0.0032207542352334527,90.32591180459238,0.0009032591180459238,-254.35341346430428,1084.012975248671,False
2014-10-09,-893.2509765624984,-762.7940188624581,-0.008932509765624983,-0.007627940188624581,-130.45695770004033,-0.0013045695770004034,-384.8103711643446,1084.012975248671,False
2014-10-10,-387.74951171874807,-370.00591919192186,-0.0038774951171874805,-0.0037000591919192187,-17.743592526826205,-0.00017743592526826206,-402.5539636911708,1084.012975248671,False
2014-10-13,221.75048828125443,223.8931675384414,0.0022175048828125443,0.0022389316753844138,-2.1426792571869555,-2.1426792571869555e-05,-404.69664294835775,1084.012975248671,False
2014-10-14,-1131.000000000001,-1096.0711931984358,-0.01131000000000001,-0.010960711931984357,-34.92880680156509,-0.0003492880680156509,-439.62544974992284,1084.012975248671,False
2014-10-15,-122.25097656249599,-105.95339200263511,-0.00122250976562496,-0.0010595339200263512,-16.29758455986088,-0.0001629758455986088,-455.9230343097837,1084.012975248671,False
2014-10-16,1033.0004882812464,1093.4344286144767,0.010330004882812464,0.010934344286144766,-60.43394033323034,-0.0006043394033323034,-516.356974643014,1084.012975248671,False
2014-10-17,428.99951171875136,403.0976482445908,0.004289995117187514,0.004030976482445908,25.901863474160564,0.00025901863474160565,-490.4551111688535,1084.012975248671,False
2014-10-20,892.9999999999976,771.2857447004521,0.008929999999999976,0.007712857447004521,121.71425529954547,0.0012171425529954546,-368.740855869308,1084.012975248671,False
2014-10-21,-171.4995117187497,-180.48108850697497,-0.0017149951171874969,-0.0018048108850697497,8.981576788225283,8.981576788225283e-05,-359.7592790810827,1084.012975248671,False
2014-10-22,269.9997558593781,337.07695105836785,0.0026999975585937815,0.0033707695105836787,-67.07719519898973,-0.0006707719519898973,-426.8364742800724,1084.012975248671,False
2014-10-23,341.5007324218752,323.50329638175924,0.0034150073242187524,0.0032350329638175922,17.997436040115986,0.00017997436040115985,-408.83903823995644,1084.012975248671,False
2014-10-24,-38.50000000000207,-23.982514100891237,-0.0003850000000000207,-0.00023982514100891238,-14.51748589911083,-0.0001451748589911083,-423.3565241390673,1084.012975248671,False
2014-10-27,680.499755859375,624.5956969931917,0.00680499755859375,0.006245956969931917,55.90405886618328,0.0005590405886618327,-367.452465272884,1084.012975248671,False
2014-10-28,-209.5000000000004,-163.51770449245163,-0.002095000000000004,-0.0016351770449245162,-45.98229550754877,-0.0004598229550754877,-413.4347607804328,1084.012975248671,False
2014-10-29,2.9995117187525295,98.12294284777639,2.9995117187525295e-05,0.0009812294284777638,-95.12343112902386,-0.0009512343112902386,-508.55819190945664,1084.012975248671,False
2014-10-30,325.99999999999727,354.1234063252714,0.0032599999999999726,0.0035412340632527137,-28.123406325274118,-0.0002812340632527412,-536.6815982347307,1084.012975248671,False
2014-10-31,11.000000000001815,8.794571794640174,0.00011000000000001815,8.794571794640174e-05,2.205428205361642,2.2054282053616417e-05,-534.4761700293691,1084.012975248671,False
2014-11-03,-109.99999999999815,-120.06706464641026,-0.0010999999999999814,-0.0012006706464641026,10.067064646412106,0.00010067064646412107,-524.409105382957,1084.012975248671,False
2014-11-04,260.99999999999665,206.69292682544463,0.0026099999999999665,0.0020669292682544463,54.307073174552016,0.0005430707317455202,-470.10203220840503,1084.012975248671,False
2014-11-05,127.25000000000209,157.55632487543224,0.0012725000000000208,0.0015755632487543224,-30.30632487543015,-0.0003030632487543015,-500.4083570838352,1084.012975248671,False
2014-11-06,-68.00000000000259,1.1944434579012153,-0.0006800000000000259,1.1944434579012153e-05,-69.1944434579038,-0.000691944434579038,-569.602800541739,1084.012975248671,False
2014-11-07,157.99999999999403,151.4955934431363,0.0015799999999999404,0.001514955934431363,6.504406556857731,6.504406556857731e-05,-563.0983939848813,1084.012975248671,False
2014-11-10,76.99999999999773,84.20061712294265,0.0007699999999999773,0.0008420061712294264,-7.200617122944919,-7.20061712294492e-05,-570.2990111078262,1084.012975248671,False
2014-11-11,45.99999999999986,40.54042468900587,0.0004599999999999986,0.0004054042468900587,5.459575310993991,5.4595753109939904e-05,-564.8394357968323,1084.012975248671,False
2014-11-12,16.00000000000083,21.83870009906097,0.0001600000000000083,0.00021838700099060967,-5.838700099060137,-5.8387000990601375e-05,-570.6781358958924,1084.012975248671,False
2014-11-13,87.99999999999747,157.56573239373424,0.0008799999999999747,0.0015756573239373423,-69.56573239373677,-0.0006956573239373676,-640.2438682896292,1084.012975248671,False
2014-11-14,-30.24999999999895,-38.092636513354165,-0.00030249999999998946,-0.00038092636513354164,7.842636513355217,7.842636513355216e-05,-632.401231776274,1084.012975248671,False
2014-11-17,146.75000000000134,193.68227707420027,0.0014675000000000133,0.0019368227707420027,-46.932277074198936,-0.00046932277074198937,-679.333508850473,1084.012975248671,False
2014-11-18,-69.4999999999991,-74.0234772837652,-0.0006949999999999911,-0.000740234772837652,4.523477283766098,4.523477283766098e-05,-674.8100315667069,1084.012975248671,False
2014-11-19,132.49999999999858,136.90388931717172,0.0013249999999999857,0.001369038893171717,-4.403889317173139,-4.403889317173139e-05,-679.2139208838801,1084.012975248671,False
2014-11-20,114.50000000000057,138.0821838885258,0.0011450000000000056,0.001380821838885258,-23.582183888525236,-0.00023582183888525235,-702.7961047724053,1084.012975248671,False
2014-11-21,188.5000000000024,197.44671028952482,0.0018850000000000238,0.001974467102895248,-8.946710289522429,-8.946710289522429e-05,-711.7428150619278,1084.012975248671,False
2014-11-24,41.999999999998934,39.113540549218996,0.00041999999999998934,0.00039113540549219,2.886459450779938,2.886459450779938e-05,-708.8563556111478,1084.012975248671,False
2014-11-25,148.50000000000074,162.96209772253962,0.0014850000000000074,0.0016296209772253963,-14.462097722538886,-0.00014462097722538886,-723.3184533336866,1084.012975248671,False
2014-11-26,21.99999999999801,-37.403566921228844,0.0002199999999999801,-0.00037403566921228844,59.403566921226854,0.0005940356692122685,-663.9148864124597,1084.012975248671,False
2014-11-28,-362.00000000000244,-256.9372613813444,-0.0036200000000000242,-0.002569372613813444,-105.06273861865805,-0.0010506273861865805,-768.9776250311178,1084.012975248671,False
2014-12-01,266.74999999999636,211.63253938293093,0.0026674999999999637,0.0021163253938293095,55.11746061706543,0.0005511746061706543,-713.8601644140524,1084.012975248671,False
2014-12-02,52.50000000000021,86.3263581914809,0.0005250000000000021,0.0008632635819148091,-33.82635819148069,-0.0003382635819148069,-747.6865226055331,1084.012975248671,False
2014-12-03,7.000000000003618,6.978280545734666,7.000000000003618e-05,6.978280545734666e-05,0.021719454268952276,2.1719454268952276e-07,-747.6648031512642,1084.012975248671,False
2014-12-04,38.99999999999928,2.7857556994963035,0.00038999999999999284,2.7857556994963035e-05,36.214244300502976,0.00036214244300502977,-711.4505588507612,1084.012975248671,False
2014-12-05,-301.9999999999994,-326.97854441148615,-0.0030199999999999936,-0.0032697854441148615,24.97854441148678,0.0002497854441148678,-686.4720144392745,1084.012975248671,False
2014-12-08,60.4999999999966,155.0467870260024,0.0006049999999999659,0.001550467870260024,-94.5467870260058,-0.000945467870260058,-781.0188014652804,1084.012975248671,False
2014-12-09,-1129.9999999999998,-1121.6664999775833,-0.011299999999999998,-0.011216664999775833,-8.333500022416501,-8.333500022416502e-05,-789.3523014876969,1084.012975248671,False
2014-12-10,120.99999999999828,99.18294049936685,0.0012099999999999828,0.0009918294049936684,21.81705950063143,0.0002181705950063143,-767.5352419870654,1084.012975248671,False
2014-12-11,-1238.9999999999932,-1140.734279207687,-0.012389999999999932,-0.01140734279207687,-98.26572079230618,-0.0009826572079230619,-865.8009627793716,1084.012975248671,False
2014-12-12,-278.50000000000273,-324.65599926977836,-0.0027850000000000275,-0.0032465599926977838,46.155999269775634,0.00046155999269775636,-819.644963509596,1084.012975248671,False
2014-12-15,-1049.9999999999975,-1180.9919365261724,-0.010499999999999975,-0.011809919365261724,130.99193652617487,0.0013099193652617487,-688.6530269834211,1084.012975248671,False
2014-12-16,885.0000000000005,779.164819762261,0.008850000000000004,0.00779164819762261,105.83518023773945,0.0010583518023773945,-582.8178467456817,1084.012975248671,False
2014-12-17,872.2499999999964,800.6784724353281,0.008722499999999963,0.008006784724353282,71.57152756466826,0.0007157152756466826,-511.2463191810134,1084.012975248671,False
2014-12-18,0.0,35.8860318088539,0.0,0.000358860318088539,-35.8860318088539,-0.000358860318088539,-547.1323509898673,1084.012975248671,False
2014-12-19,45.499999999998714,-8.222800207021873,0.00045499999999998715,-8.222800207021872e-05,53.72280020702058,0.0005372280020702058,-493.40955078284674,1084.012975248671,False
2014-12-22,-50.00000000000194,-65.39502251954659,-0.0005000000000000194,-0.0006539502251954658,15.395022519544646,0.00015395022519544647,-478.0145282633021,1084.012975248671,False
2014-12-23,7.750000000000575,-2.5453356784992227,7.750000000000575e-05,-2.5453356784992228e-05,10.295335678499796,0.00010295335678499796,-467.71919258480233,1084.012975248671,False
2014-12-24,193.9999999999995,263.65315611419237,0.001939999999999995,0.002636531561141924,-69.65315611419288,-0.0006965315611419288,-537.3723486989952,1084.012975248671,False
2014-12-26,8.999999999998822,-24.8363998353856,8.999999999998823e-05,-0.000248363998353856,33.83639983538442,0.0003383639983538442,-503.53594886361077,1084.012975248671,False
2014-12-29,-101.50000000000063,-68.42066070136485,-0.0010150000000000063,-0.0006842066070136486,-33.07933929863577,-0.0003307933929863577,-536.6152881622465,1084.012975248671,False
2014-12-30,-221.24999999999886,-207.72682161895898,-0.0022124999999999888,-0.00207726821618959,-13.523178381039884,-0.00013523178381039884,-550.1384665432864,1084.012975248671,False
2014-12-31,-68.2500000000008,-34.14746703766075,-0.000682500000000008,-0.00034147467037660756,-34.10253296234004,-0.0003410253296234004,-584.2409995056265,1084.012975248671,False
2015-01-02,-256.24999999999983,-147.31091969222106,-0.0025624999999999984,-0.0014731091969222105,-108.93908030777877,-0.0010893908030777876,-693.1800798134053,1084.012975248671,False
2015-01-05,-464.49999999999943,-501.24081874828784,-0.004644999999999995,-0.0050124081874828785,36.740818748288405,0.00036740818748288404,-656.4392610651169,1084.012975248671,False
2015-01-06,545.5000000000007,478.05800194876133,0.005455000000000007,0.004780580019487613,67.44199805123935,0.0006744199805123935,-588.9972630138775,1084.012975248671,False
2015-01-07,661.9999999999992,819.531655554051,0.006619999999999992,0.00819531655554051,-157.53165555405178,-0.0015753165555405179,-746.5289185679293,1084.012975248671,False
2015-01-08,-63.000000000000526,-54.588240029888965,-0.0006300000000000052,-0.0005458824002988897,-8.41175997011156,-8.411759970111561e-05,-754.9406785380409,1084.012975248671,False
2015-01-09,-132.24999999999935,-29.14109181494363,-0.0013224999999999934,-0.0002914109181494363,-103.10890818505572,-0.0010310890818505572,-858.0495867230966,1084.012975248671,False
2015-01-12,-96.99999999999798,-101.34014241109024,-0.0009699999999999798,-0.0010134014241109024,4.340142411092259,4.340142411092259e-05,-853.7094443120043,1084.012975248671,False
2015-01-13,-205.5000000000013,-189.4624857567285,-0.002055000000000013,-0.0018946248575672851,-16.037514243272796,-0.00016037514243272795,-869.746958555277,1084.012975248671,False
2015-01-14,-616.5000000000016,-455.0865527872187,-0.006165000000000016,-0.004550865527872187,-161.4134472127829,-0.001614134472127829,-1031.16040576806,1084.012975248671,False
2015-01-15,630.9997558593739,605.8922841561345,0.0063099975585937385,0.0060589228415613445,25.107471703239412,0.00025107471703239413,-1006.0529340648205,1084.012975248671,False
2015-01-16,474.5004882812503,467.20229622028455,0.0047450048828125025,0.004672022962202846,7.298192060965732,7.298192060965733e-05,-998.7547420038547,1084.012975248671,False
2015-01-20,138.2499999999979,124.48503670898653,0.001382499999999979,0.0012448503670898653,13.76496329101137,0.0001376496329101137,-984.9897787128434,1084.012975248671,False
2015-01-21,932.0000000000015,889.522000480401,0.009320000000000014,0.00889522000480401,42.47799951960053,0.0004247799951960053,-942.5117791932429,1084.012975248671,False
2015-01-22,-220.0019531249995,-181.5446403969804,-0.002200019531249995,-0.001815446403969804,-38.457312728019076,-0.00038457312728019076,-980.9690919212619,1084.012975248671,False
2015-01-23,-79.9995117187515,-117.48851691509444,-0.0007999951171875151,-0.0011748851691509444,37.48900519634293,0.0003748900519634293,-943.4800867249189,1084.012975248671,False
2015-01-26,-295.4995117187496,-286.18392321309545,-0.002954995117187496,-0.0028618392321309544,-9.315588505654148,-9.315588505654148e-05,-952.7956752305731,1084.012975248671,False
2015-01-27,-357.00048828125125,-340.75760264078866,-0.0035700048828125126,-0.0034075760264078866,-16.24288564046259,-0.0001624288564046259,-969.0385608710358,1084.012975248671,False
2015-01-28,-368.0009765624985,-297.55047275115516,-0.0036800097656249854,-0.0029755047275115513,-70.45050381134337,-0.0007045050381134337,-1039.4890646823792,1084.012975248671,False
2015-01-29,-327.99999999999864,-255.4168408242241,-0.0032799999999999865,-0.002554168408242241,-72.58315917577454,-0.0007258315917577454,-1112.0722238581538,1084.012975248671,False
2015-01-30,384.9995117187511,344.0041107954945,0.0038499951171875107,0.003440041107954945,40.99540092325657,0.0004099540092325657,-1071.0768229348973,1084.012975248671,False
2015-02-02,-22.499511718752416,17.499317981123113,-0.00022499511718752417,0.00017499317981123114,-39.99882969987553,-0.0003999882969987553,-1111.075652634773,1084.012975248671,False
2015-02-03,-91.49926757812568,-89.9493927659363,-0.0009149926757812568,-0.000899493927659363,-1.5498748121893868,-1.5498748121893868e-05,-1112.6255274469622,1084.012975248671,False
2015-02-04,349.99902343750455,428.92325158543883,0.0034999902343750455,0.004289232515854388,-78.92422814793429,-0.0007892422814793429,-1191.5497555948964,1084.012975248671,False
2015-02-05,-611.9995117187492,-658.4935951649096,-0.006119995117187492,-0.006584935951649096,46.4940834461604,0.00046494083446160404,-1145.055672148736,1084.012975248671,False
2015-02-06,-131.49999999999832,-102.59470896398602,-0.0013149999999999833,-0.0010259470896398601,-28.9052910360123,-0.000289052910360123,-1173.9609631847484,1084.012975248671,False
2015-02-09,666.7499999999925,635.9609687249722,0.006667499999999925,0.006359609687249722,30.789031275020307,0.0003078903127502031,-1143.171931909728,1084.012975248671,False
2015-02-10,99.50000000000352,63.155548099888094,0.0009950000000000351,0.0006315554809988809,36.34445190011543,0.0003634445190011543,-1106.8274800096126,1084.012975248671,False
2015-02-11,375.4999999999991,377.4589366165002,0.003754999999999991,0.003774589366165002,-1.9589366165010915,-1.9589366165010915e-05,-1108.7864166261138,1084.012975248671,False
2015-02-12,112.0000000000027,172.06612577614663,0.001120000000000027,0.0017206612577614663,-60.066125776143934,-0.0006006612577614393,-1168.8525424022578,1084.012975248671,False
2015-02-13,44.00000000000111,-28.267198145108786,0.0004400000000000111,-0.00028267198145108784,72.26719814510989,0.0007226719814510989,-1096.5853442571479,1084.012975248671,False
2015-02-17,11.999999999998936,-15.377472914270733,0.00011999999999998936,-0.00015377472914270733,27.377472914269667,0.00027377472914269664,-1069.2078713428782,1084.012975248671,False
2015-02-18,106.50000000000048,151.79369302907193,0.0010650000000000047,0.0015179369302907194,-45.29369302907145,-0.0004529369302907145,-1114.5015643719496,1084.012975248671,False
2015-02-19,157.74999999999807,149.2024809476278,0.0015774999999999806,0.001492024809476278,8.547519052370262,8.547519052370263e-05,-1105.9540453195793,1084.012975248671,False
2015-02-20,24.750000000001908,10.168334267417178,0.0002475000000000191,0.00010168334267417178,14.58166573258473,0.0001458166573258473,-1091.3723795869946,1084.012975248671,False
2015-02-23,58.000000000001236,46.662659207520974,0.0005800000000000124,0.00046662659207520976,11.337340792480262,0.00011337340792480262,-1080.0350387945143,1084.012975248671,False
2015-02-24,-71.49999999999872,-61.7350519688152,-0.0007149999999999872,-0.000617350519688152,-9.764948031183522,-9.764948031183521e-05,-1089.799986825698,1084.012975248671,False
2015-02-25,98.75000000000043,138.3023349243412,0.0009875000000000042,0.0013830233492434121,-39.552334924340784,-0.00039552334924340785,-1129.3523217500388,1084.012975248671,False
2015-02-26,-113.25000000000031,-102.40857245095263,-0.001132500000000003,-0.0010240857245095263,-10.84142754904768,-0.0001084142754904768,-1140.1937492990864,1084.012975248671,False
2015-02-27,194.25000000000284,166.79278363989542,0.0019425000000000284,0.0016679278363989543,27.457216360107424,0.00027457216360107426,-1112.736532938979,1084.012975248671,False
2015-03-02,-128.24999999999918,-113.20109747373316,-0.0012824999999999918,-0.0011320109747373316,-15.04890252626602,-0.0001504890252626602,-1127.785435465245,1084.012975248671,False
2015-03-03,-90.25000000000097,-90.71724553609471,-0.0009025000000000096,-0.0009071724553609471,0.467245536093742,4.672455360937419e-06,-1127.3181899291512,1084.012975248671,False
2015-03-04,37.25000000000404,18.23529254600322,0.00037250000000004044,0.0001823529254600322,19.014707454000824,0.00019014707454000825,-1108.3034824751503,1084.012975248671,False
2015-03-05,-322.9999999999993,-449.52738397999394,-0.0032299999999999933,-0.00449527383979994,126.52738397999462,0.0012652738397999463,-981.7760984951557,1084.012975248671,False
2015-03-06,16.999999999999027,50.43012041862499,0.00016999999999999025,0.0005043012041862499,-33.43012041862596,-0.0003343012041862596,-1015.2062189137816,1084.012975248671,False
2015-03-09,-507.7499999999992,-507.62092619599133,-0.005077499999999992,-0.005076209261959913,-0.1290738040078736,-1.290738040078736e-06,-1015.3352927177896,1084.012975248671,False
2015-03-10,-95.00000000000148,-117.34470974415963,-0.0009500000000000147,-0.0011734470974415962,22.344709744158152,0.00022344709744158151,-992.9905829736314,1084.012975248671,False
2015-03-11,261.99999999999955,218.5987319922353,0.0026199999999999956,0.002185987319922353,43.40126800776426,0.0004340126800776426,-949.5893149658671,1084.012975248671,False
2015-03-12,-203.24999999999807,-156.2003423000496,-0.0020324999999999805,-0.0015620034230004961,-47.049657699948455,-0.00047049657699948453,-996.6389726658156,1084.012975248671,False
2015-03-13,438.2499999999993,366.98374640354893,0.004382499999999993,0.0036698374640354893,71.26625359645038,0.0007126625359645039,-925.3727190693652,1084.012975248671,False
2015-03-16,26.500000000001975,0.9954419633165372,0.0002650000000000198,9.954419633165372e-06,25.504558036685438,0.00025504558036685437,-899.8681610326797,1084.012975248671,False
2015-03-17,229.00000000000142,204.04502943103796,0.0022900000000000142,0.0020404502943103795,24.95497056896346,0.0002495497056896346,-874.9131904637163,1084.012975248671,False
2015-03-18,-50.49999999999999,39.12377141504563,-0.0005049999999999999,0.00039123771415045634,-89.62377141504562,-0.0008962377141504563,-964.536961878762,1084.012975248671,False
2015-03-19,139.24999999999824,170.45014064929978,0.0013924999999999823,0.0017045014064929979,-31.200140649301545,-0.0003120014064930155,-995.7371025280636,1084.012975248671,False
2015-03-20,-43.50000000000075,-20.20552614344527,-0.00043500000000000754,-0.0002020552614344527,-23.294473856555484,-0.00023294473856555484,-1019.031576384619,1084.012975248671,False
2015-03-23,-64.24999999999994,-42.994782418208864,-0.0006424999999999994,-0.00042994782418208865,-21.25521758179108,-0.0002125521758179108,-1040.2867939664102,1084.012975248671,False
2015-03-24,-945.4999999999964,-967.2948258564936,-0.009454999999999963,-0.009672948258564936,21.794825856497255,0.00021794825856497255,-1018.4919681099129,1084.012975248671,False
2015-03-25,-77.25000000000058,-60.08781554846147,-0.0007725000000000058,-0.0006008781554846147,-17.16218445153911,-0.0001716218445153911,-1035.654152561452,1084.012975248671,False
2015-03-26,159.99999999999872,163.0366745054502,0.0015999999999999873,0.001630366745054502,-3.0366745054514865,-3.0366745054514866e-05,-1038.6908270669035,1084.012975248671,False
2015-03-27,999.4999999999984,880.8224383520119,0.009994999999999985,0.008808224383520118,118.67756164798652,0.0011867756164798651,-920.013265418917,1084.012975248671,False
2015-03-30,-331.7500000000008,-262.2996076512676,-0.003317500000000008,-0.002622996076512676,-69.4503923487332,-0.000694503923487332,-989.4636577676501,1084.012975248671,False
2015-03-31,79.24999999999991,27.20145534278788,0.0007924999999999992,0.00027201455342787883,52.048544657212034,0.0005204854465721203,-937.4151131104381,1084.012975248671,False
2015-04-01,-98.0004882812483,-86.6244620953748,-0.0009800048828124829,-0.0008662446209537479,-11.3760261858735,-0.000113760261858735,-948.7911392963116,1084.012975248671,False
2015-04-02,177.00073242187656,139.05978904981163,0.0017700073242187656,0.0013905978904981164,37.940943372064936,0.0003794094337206494,-910.8501959242467,1084.012975248671,False
2015-04-03,418.7499999999975,440.307281797451,0.004187499999999975,0.00440307281797451,-21.557281797453527,-0.00021557281797453528,-932.4074777217002,1084.012975248671,False
2015-04-06,-157.00000000000088,-129.3826777908048,-0.0015700000000000089,-0.001293826777908048,-27.61732220919609,-0.00027617322209196087,-960.0247999308963,1084.012975248671,False
2015-04-07,210.74999999999753,240.8144725847865,0.0021074999999999753,0.002408144725847865,-30.064472584788973,-0.00030064472584788974,-990.0892725156853,1084.012975248671,False
2015-04-08,2.7500000000027995,3.017659873531997,2.7500000000027994e-05,3.017659873531997e-05,-0.2676598735291975,-2.6765987352919753e-06,-990.3569323892144,1084.012975248671,False
2015-04-09,189.75000000000136,152.97030375765644,0.0018975000000000135,0.0015297030375765644,36.779696242344926,0.00036779696242344924,-953.5772361468695,1084.012975248671,False
2015-04-10,-121.00048828124936,-101.05474111075337,-0.0012100048828124937,-0.0010105474111075337,-19.94574717049599,-0.00019945747170495992,-973.5229833173655,1084.012975248671,False
2015-04-13,-55.499511718751094,-47.274309321155684,-0.000554995117187511,-0.0004727430932115568,-8.22520239759541,-8.22520239759541e-05,-981.748185714961,1084.012975248671,False
2015-04-14,274.74951171874943,250.86053708872134,0.0027474951171874945,0.0025086053708872134,23.888974630028088,0.00023888974630028087,-957.8592110849329,1084.012975248671,False
2015-04-15,-40.999267578123344,-33.8307670734611,-0.00040999267578123346,-0.00033830767073461096,-7.168500504662248,-7.168500504662248e-05,-965.0277115895951,1084.012975248671,False
2015-04-16,-334.00024414062733,-416.3224771830299,-0.0033400024414062734,-0.0041632247718302985,82.32223304240256,0.0008232223304240256,-882.7054785471926,1084.012975248671,False
2015-04-17,100.49975585937524,90.08990838947871,0.0010049975585937525,0.0009008990838947871,10.409847469896533,0.00010409847469896534,-872.2956310772961,1084.012975248671,False
2015-04-20,136.00024414062614,101.48294481947345,0.0013600024414062613,0.0010148294481947344,34.51729932115269,0.0003451729932115269,-837.7783317561434,1084.012975248671,False
2015-04-21,-36.000732421875576,5.463728307904635,-0.00036000732421875576,5.463728307904635e-05,-41.464460729780214,-0.00041464460729780214,-879.2427924859236,1084.012975248671,False
2015-04-22,286.50024414062716,271.56893456298127,0.0028650024414062715,0.002715689345629813,14.93130957764589,0.0001493130957764589,-864.3114829082776,1084.012975248671,False
2015-04-23,45.5007324218719,53.02002588284651,0.00045500732421871904,0.0005302002588284652,-7.519293460974609,-7.519293460974609e-05,-871.8307763692522,1084.012975248671,False
2015-04-24,202.99951171874977,136.52468879612053,0.0020299951171874977,0.0013652468879612053,66.47482292262924,0.0006647482292262924,-805.3559534466231,1084.012975248671,False
2015-04-27,144.49951171875145,116.03483743028715,0.0014449951171875146,0.0011603483743028715,28.464674288464295,0.00028464674288464296,-776.8912791581588,1084.012975248671,False
2015-04-28,-458.99902343749727,-441.50420222395394,-0.004589990234374973,-0.004415042022239539,-17.494821213543332,-0.00017494821213543332,-794.3861003717021,1084.012975248671,False
2015-04-29,-905.0009765624966,-840.9039465771605,-0.009050009765624966,-0.008409039465771605,-64.09702998533612,-0.0006409702998533613,-858.4831303570382,1084.012975248671,False
2015-04-30,469.500000000003,499.4852630065444,0.00469500000000003,0.004994852630065444,-29.985263006541402,-0.00029985263006541404,-888.4683933635797,1084.012975248671,False
2015-05-01,126.24999999999693,162.061159606474,0.0012624999999999694,0.00162061159606474,-35.81115960647708,-0.00035811159606477077,-924.2795529700568,1084.012975248671,False
2015-05-04,-804.4999999999986,-753.5465689954277,-0.008044999999999986,-0.007535465689954278,-50.953431004570916,-0.0005095343100457091,-975.2329839746277,1084.012975248671,False
2015-05-05,-324.7500000000013,-312.2108527969962,-0.003247500000000013,-0.003122108527969962,-12.539147203005086,-0.00012539147203005088,-987.7721311776328,1084.012975248671,False
2015-05-06,395.0000000000016,378.82015430689387,0.003950000000000016,0.0037882015430689385,16.179845693107723,0.00016179845693107723,-971.5922854845251,1084.012975248671,False
2015-05-07,797.499999999993,733.7793039238238,0.00797499999999993,0.007337793039238238,63.72069607616913,0.0006372069607616913,-907.8715894083559,1084.012975248671,False
2015-05-08,-158.74999999999812,-184.65733354546262,-0.0015874999999999813,-0.001846573335454626,25.907333545464496,0.000259073335454645,-881.9642558628914,1084.012975248671,False
2015-05-11,-111.49999999999987,-81.84475697230967,-0.0011149999999999988,-0.0008184475697230966,-29.655243027690204,-0.00029655243027690206,-911.6194988905816,1084.012975248671,False
2015-05-12,26.000000000008367,87.76882602595543,0.0002600000000000837,0.0008776882602595543,-61.768826025947064,-0.0006176882602594707,-973.3883249165286,1084.012975248671,False
2015-05-13,743.9999999999985,729.6519554249106,0.007439999999999985,0.007296519554249106,14.348044575087897,0.00014348044575087897,-959.0402803414407,1084.012975248671,False
2015-05-14,5.499755859376739,3.960017093496033,5.499755859376739e-05,3.9600170934960326e-05,1.5397387658807062,1.539738765880706e-05,-957.5005415755601,1084.012975248671,False
2015-05-15,118.00097656249923,112.70057009755469,0.0011800097656249923,0.0011270057009755469,5.300406464944544,5.300406464944544e-05,-952.2001351106155,1084.012975248671,False
2015-05-18,-437.5004882812516,-455.75072503427833,-0.004375004882812516,-0.0045575072503427835,18.25023675302674,0.00018250236753026742,-933.9498983575888,1084.012975248671,False
2015-05-19,-1.4999999999991491,4.860737656534962,-1.4999999999991491e-05,4.860737656534962e-05,-6.360737656534111,-6.360737656534111e-05,-940.3106360141229,1084.012975248671,False
2015-05-20,147.99999999999528,154.97874559995554,0.001479999999999953,0.0015497874559995553,-6.978745599960263,-6.978745599960262e-05,-947.2893816140831,1084.012975248671,False
2015-05-21,-35.00000000000112,-36.01514797466178,-0.0003500000000000112,-0.00036015147974661777,1.0151479746606569,1.0151479746606568e-05,-946.2742336394225,1084.012975248671,False
2015-05-22,-391.0000000000009,-471.25190663547926,-0.003910000000000009,-0.004712519066354792,80.25190663547835,0.0008025190663547834,-866.0223270039442,1084.012975248671,False
2015-05-26,284.9999999999998,352.42122188941846,0.002849999999999998,0.0035242122188941846,-67.42122188941869,-0.0006742122188941868,-933.4435488933628,1084.012975248671,False
2015-05-27,12.249999999998023,16.929329338078716,0.00012249999999998024,0.00016929329338078716,-4.679329338080693,-4.679329338080693e-05,-938.1228782314436,1084.012975248671,False
2015-05-28,-441.999999999999,-439.5865409437255,-0.00441999999999999,-0.004395865409437255,-2.4134590562734957,-2.4134590562734958e-05,-940.5363372877171,1084.012975248671,False
2015-05-29,90.75000000000264,76.28108073652311,0.0009075000000000264,0.000762810807365231,14.468919263479535,0.00014468919263479536,-926.0674180242376,1084.012975248671,False
2015-06-01,-123.99999999999972,-112.9482145058223,-0.0012399999999999972,-0.001129482145058223,-11.051785494177409,-0.00011051785494177409,-937.1192035184149,1084.012975248671,False
2015-06-02,282.999999999992,261.55228792589355,0.00282999999999992,0.0026155228792589355,21.447712074098433,0.00021447712074098432,-915.6714914443164,1084.012975248671,False
2015-06-03,-503.00000000000387,-557.0364916622807,-0.005030000000000039,-0.005570364916622807,54.03649166227683,0.0005403649166227683,-861.6349997820396,1084.012975248671,False
2015-06-04,-221.24999999999673,-215.31465537442344,-0.0022124999999999675,-0.0021531465537442344,-5.935344625573293,-5.9353446255732934e-05,-867.5703444076129,1084.012975248671,False
2015-06-05,-674.0000000000036,-641.7661582299047,-0.006740000000000037,-0.006417661582299047,-32.233841770098934,-0.00032233841770098933,-899.8041861777118,1084.012975248671,False
2015-06-08,11.500000000000597,22.473274268816375,0.00011500000000000597,0.00022473274268816376,-10.973274268815778,-0.00010973274268815778,-910.7774604465276,1084.012975248671,False
2015-06-09,977.499999999993,940.2946506084689,0.00977499999999993,0.009402946506084689,37.20534939152401,0.0003720534939152401,-873.5721110550036,1084.012975248671,False
2015-06-10,18.250000000003446,-1.6574518624420422,0.00018250000000003447,-1.657451862442042e-05,19.907451862445487,0.00019907451862445486,-853.6646591925581,1084.012975248671,False
2015-06-11,-295.7500000000008,-283.0306496847433,-0.002957500000000008,-0.0028303064968474333,-12.719350315257486,-0.00012719350315257486,-866.3840095078156,1084.012975248671,False
2015-06-12,-160.50000000000026,-116.74764251994097,-0.0016050000000000025,-0.0011674764251994097,-43.75235748005929,-0.00043752357480059286,-910.1363669878749,1084.012975248671,False
2015-06-15,370.0000000000002,365.7107684638248,0.0037000000000000023,0.003657107684638248,4.289231536175407,4.2892315361754074e-05,-905.8471354516995,1084.012975248671,False
2015-06-16,4.500000000001183,-6.382667478703386,4.500000000001183e-05,-6.382667478703386e-05,10.882667478704569,0.00010882667478704569,-894.964467972995,1084.012975248671,False
2015-06-17,280.9999999999997,361.7737911249618,0.002809999999999997,0.003617737911249618,-80.77379112496209,-0.0008077379112496209,-975.7382590979571,1084.012975248671,False
2015-06-18,-85.00000000000077,-77.17307265356592,-0.0008500000000000077,-0.0007717307265356592,-7.826927346434843,-7.826927346434843e-05,-983.5651864443919,1084.012975248671,False
2015-06-19,140.99999999999855,47.959243186400755,0.0014099999999999855,0.00047959243186400754,93.0407568135978,0.000930407568135978,-890.5244296307941,1084.012975248671,False
2015-06-22,35.74999999999988,5.516158862537079,0.00035749999999999877,5.516158862537079e-05,30.2338411374628,0.000302338411374628,-860.2905884933313,1084.012975248671,False
2015-06-23,-135.99999999999912,-135.0019439064052,-0.0013599999999999912,-0.0013500194390640519,-0.9980560935939309,-9.980560935939309e-06,-861.2886445869252,1084.012975248671,False
2015-06-24,-40.49999999999933,-30.209226695912108,-0.0004049999999999933,-0.0003020922669591211,-10.290773304087224,-0.00010290773304087225,-871.5794178910124,1084.012975248671,False
2015-06-25,-48.74999999999859,-54.680177701080815,-0.00048749999999998594,-0.0005468017770108082,5.930177701082222,5.930177701082222e-05,-865.6492401899302,1084.012975248671,False
2015-06-26,-431.250000000001,-363.0948156975242,-0.00431250000000001,-0.003630948156975242,-68.15518430247681,-0.0006815518430247681,-933.804424492407,1084.012975248671,False
2015-06-29,49.000000000001634,41.93963612330152,0.0004900000000000164,0.0004193963612330152,7.060363876700116,7.060363876700115e-05,-926.7440606157069,1084.012975248671,False
2015-06-30,311.50000000000153,338.54993772948825,0.0031150000000000153,0.0033854993772948825,-27.049937729486714,-0.00027049937729486717,-953.7939983451936,1084.012975248671,False
2015-07-01,-55.750488281250355,-31.053151676504648,-0.0005575048828125036,-0.00031053151676504646,-24.697336604745708,-0.0002469733660474571,-978.4913349499393,1084.012975248671,False
2015-07-02,51.750732421876236,9.002995388973783,0.0005175073242187624,9.002995388973783e-05,42.74773703290245,0.0004274773703290245,-935.7435979170368,1084.012975248671,False
2015-07-06,-70.25097656249984,5.458176242374476,-0.0007025097656249984,5.458176242374476e-05,-75.70915280487432,-0.0007570915280487432,-1011.4527507219111,1084.012975248671,False
2015-07-07,-669.4997558593731,-713.6027704274303,-0.006694997558593731,-0.007136027704274303,44.10301456805723,0.00044103014568057234,-967.3497361538539,1084.012975248671,False
2015-07-08,-74.99926757812328,-59.392799210232596,-0.0007499926757812328,-0.0005939279921023259,-15.606468367890685,-0.00015606468367890684,-982.9562045217446,1084.012975248671,False
2015-07-09,813.2495117187443,754.2637950990959,0.008132495117187444,0.007542637950990959,58.98571661964843,0.0005898571661964843,-923.9704879020961,1084.012975248671,False
2015-07-10,262.00000000000136,188.11348548384748,0.002620000000000014,0.0018811348548384748,73.88651451615388,0.0007388651451615388,-850.0839733859423,1084.012975248671,False
2015-07-13,77.4997558593735,102.66279319397356,0.0007749975585937349,0.0010266279319397355,-25.163037334600062,-0.00025163037334600063,-875.2470107205423,1084.012975248671,False
2015-07-14,37.50024414062775,51.090310673447455,0.0003750024414062775,0.0005109031067344745,-13.590066532819705,-0.00013590066532819705,-888.837077253362,1084.012975248671,False
2015-07-15,337.5000000000061,389.6432070084847,0.0033750000000000607,0.003896432070084847,-52.14320700847861,-0.0005214320700847861,-940.9802842618407,1084.012975248671,False
2015-07-16,2.000000000001947,81.99732671885289,2.000000000001947e-05,0.0008199732671885289,-79.99732671885094,-0.0007999732671885094,-1020.9776109806916,1084.012975248671,False
2015-07-17,-175.9997558593739,-58.26347530556102,-0.0017599975585937389,-0.0005826347530556102,-117.73628055381286,-0.0011773628055381285,-1138.7138915345045,1084.012975248671,False
2015-07-20,-127.00048828125229,-126.14944701410266,-0.0012700048828125229,-0.0012614944701410265,-0.8510412671496255,-8.510412671496255e-06,-1139.564932801654,1084.012975248671,False
2015-07-21,-382.99999999999955,-380.2958042804202,-0.0038299999999999953,-0.003802958042804202,-2.7041957195793316,-2.7041957195793314e-05,-1142.2691285212334,1084.012975248671,False
2015-07-22,-63.00024414062493,-75.42047498070015,-0.0006300024414062493,-0.0007542047498070015,12.42023084007522,0.0001242023084007522,-1129.8488976811582,1084.012975248671,False
2015-07-23,-412.49975585937653,-390.8217407955011,-0.004124997558593765,-0.003908217407955011,-21.67801506387542,-0.0002167801506387542,-1151.5269127450335,1084.012975248671,False
2015-07-24,-34.49975585937638,-77.21838902557457,-0.0003449975585937638,-0.0007721838902557457,42.71863316619819,0.00042718633166198187,-1108.8082795788353,1084.012975248671,False
2015-07-27,607.2504882812478,614.2024829051156,0.006072504882812479,0.006142024829051156,-6.95199462386779,-6.95199462386779e-05,-1115.760274202703,1084.012975248671,False
2015-07-28,107.24902343749473,145.0317829123656,0.0010724902343749473,0.001450317829123656,-37.78275947487087,-0.00037782759474870874,-1153.5430336775737,1084.012975248671,False
2015-07-29,41.00048828124699,66.14551025129316,0.0004100048828124699,0.0006614551025129315,-25.145021970046173,-0.0002514502197004617,-1178.6880556476199,1084.012975248671,False
2015-07-30,-29.499755859375135,-58.10341088230243,-0.00029499755859375135,-0.0005810341088230243,28.603655022927292,0.00028603655022927293,-1150.0844006246925,1084.012975248671,False
2015-07-31,-204.00073242187415,-187.92011620006295,-0.0020400073242187416,-0.0018792011620006295,-16.080616221811198,-0.00016080616221811198,-1166.1650168465037,1084.012975248671,False
2015-08-03,-316.9995117187533,-329.7699221618963,-0.003169995117187533,-0.003297699221618963,12.770410443143021,0.00012770410443143021,-1153.3946064033607,1084.012975248671,False
2015-08-04,498.00024414062125,513.832918314161,0.004980002441406213,0.00513832918314161,-15.832674173539772,-0.0001583267417353977,-1169.2272805769005,1084.012975248671,False
2015-08-05,-443.7499999999977,-480.65002429476476,-0.004437499999999977,-0.004806500242947647,36.900024294767036,0.00036900024294767036,-1132.3272562821335,1084.012975248671,False
2015-08-06,-72.99999999999929,-84.146200282509,-0.0007299999999999929,-0.00084146200282509,11.14620028250971,0.0001114620028250971,-1121.1810559996238,1084.012975248671,False
2015-08-07,813.0000000000045,833.0869604102181,0.008130000000000045,0.008330869604102181,-20.086960410213578,-0.00020086960410213578,-1141.2680164098374,1084.012975248671,False
2015-08-10,-506.0002441406227,-509.71640663911336,-0.005060002441406228,-0.005097164066391133,3.7161624984906325,3.716162498490632e-05,-1137.5518539113468,1084.012975248671,False
2015-08-11,318.00024414062057,286.8268664296303,0.0031800024414062058,0.002868268664296303,31.17337771099028,0.0003117337771099028,-1106.3784762003565,1084.012975248671,False
2015-08-12,-247.4999999999982,-234.39833626712448,-0.002474999999999982,-0.0023439833626712446,-13.101663732873732,-0.0001310166373287373,-1119.4801399332302,1084.012975248671,False
2015-08-13,102.9997558593718,133.64103241164645,0.001029997558593718,0.0013364103241164645,-30.641276552274647,-0.0003064127655227465,-1150.1214164855048,1084.012975248671,False
2015-08-14,303.7495117187497,315.72415582296355,0.003037495117187497,0.0031572415582296356,-11.974644104213837,-0.00011974644104213837,-1162.0960605897187,1084.012975248671,False
2015-08-17,-165.74999999999903,-168.31797760245098,-0.0016574999999999904,-0.0016831797760245098,2.567977602451947,2.5679776024519468e-05,-1159.5280829872668,1084.012975248671,False
2015-08-18,-237.74999999999864,-314.78017722379747,-0.0023774999999999864,-0.0031478017722379745,77.03017722379883,0.0007703017722379883,-1082.497905763468,1084.012975248671,False
2015-08-19,-808.2495117187517,-905.320559888216,-0.008082495117187517,-0.00905320559888216,97.07104816946435,0.0009707104816946434,-985.4268575940036,1084.012975248671,False
2015-08-20,-597.9997558593743,-751.675771468588,-0.005979997558593743,-0.00751675771468588,153.67601560921366,0.0015367601560921367,-831.75084198479,1084.012975248671,False
2015-08-21,-849.9999999999997,-1004.4913850026079,-0.008499999999999997,-0.01004491385002608,154.49138500260824,0.0015449138500260825,-677.2594569821817,1084.012975248671,False
2015-08-24,-44.500488281252416,14.02474919012569,-0.0004450048828125242,0.0001402474919012569,-58.525237471378105,-0.000585252374713781,-735.7846944535598,1084.012975248671,False
2015-08-25,2049.250488281253,2128.3399025313474,0.020492504882812533,0.021283399025313475,-79.08941425009425,-0.0007908941425009425,-814.8741087036541,1084.012975248671,False
2015-08-26,463.24999999999983,507.4025717861676,0.004632499999999999,0.005074025717861676,-44.152571786167755,-0.00044152571786167756,-859.0266804898218,1084.012975248671,False
2015-08-27,124.00024414062635,89.71098862764111,0.0012400024414062636,0.0008971098862764112,34.289255512985235,0.0003428925551298524,-824.7374249768366,1084.012975248671,False
2015-08-28,-260.0000000000014,-316.5473178839039,-0.002600000000000014,-0.003165473178839039,56.54731788390245,0.0005654731788390245,-768.1901070929341,1084.012975248671,False
2015-08-31,-154.00073242187395,-239.39961767855817,-0.0015400073242187395,-0.0023939961767855816,85.39888525668422,0.0008539888525668423,-682.7912218362499,1084.012975248671,False
2015-09-01,500.0004882812501,374.6951173952565,0.005000004882812501,0.0037469511739525647,125.30537088599363,0.0012530537088599363,-557.4858509502562,1084.012975248671,False
2015-09-02,-217.99975585937375,-185.24501730122697,-0.0021799975585937376,-0.0018524501730122697,-32.754738558146784,-0.0003275473855814678,-590.240589508403,1084.012975248671,False
2015-09-03,-486.5009765624985,-460.3239818055365,-0.004865009765624985,-0.004603239818055365,-26.176994756962017,-0.0002617699475696202,-616.417584265365,1084.012975248671,False
2015-09-04,843.0009765625,923.569980968212,0.008430009765625,0.00923569980968212,-80.56900440571201,-0.0008056900440571201,-696.986588671077,1084.012975248671,False
2015-09-08,-277.0000000000002,-276.9429374069944,-0.002770000000000002,-0.002769429374069944,-0.05706259300580996,-5.706259300580996e-07,-697.0436512640829,1084.012975248671,False
2015-09-09,232.99926757812418,199.95015888922185,0.0023299926757812416,0.0019995015888922187,33.04910868890232,0.00033049108688902324,-663.9945425751805,1084.012975248671,False
2015-09-10,-59.99999999999918,-69.51074239212862,-0.0005999999999999918,-0.0006951074239212862,9.510742392129437,9.510742392129437e-05,-654.483800183051,1084.012975248671,False
2015-09-11,44.00024414062375,49.483455938863706,0.0004400024414062375,0.0004948345593886371,-5.483211798239957,-5.4832117982399566e-05,-659.967011981291,1084.012975248671,False
2015-09-14,-50.999755859375156,-115.17604254670677,-0.0005099975585937515,-0.0011517604254670678,64.17628668733161,0.0006417628668733161,-595.7907252939593,1084.012975248671,False
2015-09-15,286.00024414062773,253.25459409698783,0.0028600024414062774,0.002532545940969878,32.7456500436399,0.000327456500436399,-563.0450752503194,1084.012975248671,False
2015-09-16,-42.4999999999994,-34.96579125471169,-0.000424999999999994,-0.0003496579125471169,-7.534208745287714,-7.534208745287713e-05,-570.5792839956072,1084.012975248671,False
2015-09-17,35.99926757812534,17.770337984408087,0.0003599926757812534,0.00017770337984408086,18.228929593717254,0.00018228929593717253,-552.35035440189,1084.012975248671,False
2015-09-18,-49.99999999999969,-43.56070115989283,-0.0004999999999999969,-0.00043560701159892827,-6.439298840106858,-6.439298840106858e-05,-558.7896532419968,1084.012975248671,False
2015-09-21,-80.00000000000031,-4.746569742027397,-0.0008000000000000031,-4.746569742027397e-05,-75.25343025797292,-0.0007525343025797292,-634.0430834999697,1084.012975248671,False
2015-09-22,67.0007324218747,58.22630203721219,0.000670007324218747,0.0005822630203721219,8.774430384662509,8.774430384662508e-05,-625.2686531153072,1084.012975248671,False
2015-09-23,155.99926757812443,150.7522056168536,0.0015599926757812444,0.0015075220561685358,5.247061961270845,5.247061961270845e-05,-620.0215911540363,1084.012975248671,False
2015-09-24,-211.99951171875188,-181.11447604294307,-0.0021199951171875188,-0.0018111447604294306,-30.88503567580881,-0.0003088503567580881,-650.9066268298451,1084.012975248671,False
2015-09-25,-614.0002441406265,-478.7963556979489,-0.006140002441406265,-0.004787963556979489,-135.20388844267757,-0.0013520388844267756,-786.1105152725227,1084.012975248671,False
2015-09-28,-129.000244140627,-137.0948469749282,-0.00129000244140627,-0.001370948469749282,8.094602834301213,8.094602834301214e-05,-778.0159124382214,1084.012975248671,False
2015-09-29,943.0002441406272,853.9188609237325,0.00943000244140627,0.008539188609237325,89.08138321689466,0.0008908138321689467,-688.9345292213268,1084.012975248671,False
2015-09-30,49.000000000001556,46.22687536221805,0.0004900000000000156,0.0004622687536221805,2.7731246377835035,2.7731246377835034e-05,-686.1614045835432,1084.012975248671,False
2015-10-01,295.0000000000026,350.09600806323994,0.002950000000000026,0.003500960080632399,-55.09600806323732,-0.0005509600806323733,-741.2574126467805,1084.012975248671,False
2015-10-02,99.99999999999956,120.3035417752581,0.0009999999999999957,0.0012030354177525809,-20.303541775258537,-0.00020303541775258538,-761.560954422039,1084.012975248671,False
2015-10-05,0.0,46.00291185103065,0.0,0.00046002911851030653,-46.00291185103065,-0.00046002911851030653,-807.5638662730696,1084.012975248671,False
2015-10-06,134.00000000000014,103.40094692675169,0.0013400000000000013,0.0010340094692675168,30.599053073248456,0.00030599053073248456,-776.9648131998212,1084.012975248671,False
2015-10-07,0.0,-40.149181470303404,0.0,-0.00040149181470303406,40.149181470303404,0.00040149181470303406,-736.8156317295177,1084.012975248671,False
2015-10-08,0.0,41.36473467451402,0.0,0.0004136473467451402,-41.36473467451402,-0.0004136473467451402,-778.1803664040317,1084.012975248671,False
2015-10-09,-30.999999999999794,17.021427713726425,-0.00030999999999999794,0.00017021427713726425,-48.02142771372622,-0.00048021427713726216,-826.2017941177579,1084.012975248671,False
2015-10-12,-67.49999999999993,-20.655834254007743,-0.0006749999999999993,-0.00020655834254007744,-46.844165745992186,-0.00046844165745992184,-873.0459598637501,1084.012975248671,False
2015-10-13,0.0,78.82682376368169,0.0,0.0007882682376368169,-78.82682376368169,-0.0007882682376368169,-951.8727836274318,1084.012975248671,False
2015-10-14,77.00073242187614,-25.003251789681507,0.0007700073242187614,-0.0002500325178968151,102.00398421155765,0.0010200398421155764,-849.8687994158742,1084.012975248671,False
2015-10-15,-88.0004882812503,-48.13181743419604,-0.000880004882812503,-0.00048131817434196036,-39.86867084705426,-0.00039868670847054263,-889.7374702629284,1084.012975248671,False
2015-10-16,-127.00097656250132,-133.78504326969593,-0.0012700097656250132,-0.0013378504326969592,6.7840667071946115,6.784066707194612e-05,-882.9534035557338,1084.012975248671,False
2015-10-19,-119.00000000000031,-75.64272939656121,-0.0011900000000000031,-0.0007564272939656121,-43.357270603439105,-0.00043357270603439107,-926.3106741591729,1084.012975248671,False
2015-10-20,-310.0004882812508,-259.56499329980187,-0.003100004882812508,-0.002595649932998019,-50.435494981448926,-0.0005043549498144893,-976.7461691406218,1084.012975248671,False
2015-10-21,613.9999999999975,505.85672007906544,0.006139999999999975,0.005058567200790654,108.14327992093206,0.0010814327992093207,-868.6028892196897,1084.012975248671,False
2015-10-22,182.49999999999926,101.84237230407211,0.0018249999999999926,0.0010184237230407211,80.65762769592715,0.0008065762769592714,-787.9452615237626,1084.012975248671,False
2015-10-23,-18.749999999999496,10.018692268389668,-0.00018749999999999496,0.00010018692268389667,-28.768692268389163,-0.00028768692268389164,-816.7139537921518,1084.012975248671,False
2015-10-26,23.25000000000198,18.591275314915357,0.0002325000000000198,0.00018591275314915358,4.6587246850866215,4.658724685086622e-05,-812.0552291070651,1084.012975248671,False
2015-10-27,443.0000000000023,448.9058690222564,0.0044300000000000225,0.004489058690222564,-5.905869022254137,-5.905869022254137e-05,-817.9610981293192,1084.012975248671,False
2015-10-28,-312.00048828124835,-428.40068054522,-0.0031200048828124837,-0.0042840068054522,116.40019226397163,0.0011640019226397164,-701.5609058653476,1084.012975248671,False
2015-10-29,-83.24999999999864,-93.12998479027104,-0.0008324999999999864,-0.0009312998479027104,9.879984790272403,9.879984790272403e-05,-691.6809210750753,1084.012975248671,False
2015-10-30,210.24999999999983,128.23992410800014,0.0021024999999999985,0.0012823992410800015,82.01007589199969,0.0008201007589199969,-609.6708451830756,1084.012975248671,False
2015-11-02,35.99999999999998,-63.82896180634867,0.0003599999999999998,-0.0006382896180634867,99.82896180634864,0.0009982896180634865,-509.84188337672697,1084.012975248671,False
2015-11-03,-46.24999999999991,-67.0637815420964,-0.0004624999999999991,-0.0006706378154209639,20.813781542096486,0.00020813781542096486,-489.0281018346305,1084.012975248671,False
2015-11-04,-32.24999999999856,-42.81356908030681,-0.00032249999999998556,-0.00042813569080306813,10.563569080308255,0.00010563569080308256,-478.46453275432225,1084.012975248671,False
2015-11-05,14.25000000000112,-64.37102862035086,0.00014250000000001122,-0.0006437102862035085,78.62102862035198,0.0007862102862035198,-399.84350413397027,1084.012975248671,False
2015-11-06,-204.25000000000085,-206.0346849948217,-0.0020425000000000087,-0.002060346849948217,1.78468499482085,1.78468499482085e-05,-398.0588191391494,1084.012975248671,False
2015-11-09,30.500000000001204,31.000063689473194,0.000305000000000012,0.00031000063689473194,-0.5000636894719896,-5.000636894719896e-06,-398.5588828286214,1084.012975248671,False
2015-11-10,-180.0000000000025,-187.72360427100443,-0.001800000000000025,-0.0018772360427100443,7.723604271001932,7.723604271001932e-05,-390.83527855761946,1084.012975248671,False
2015-11-11,-564.0000000000016,-597.6192187015832,-0.005640000000000016,-0.0059761921870158325,33.619218701581644,0.00033619218701581643,-357.2160598560378,1084.012975248671,False
2015-11-12,-442.99999999999983,-408.7675375550644,-0.004429999999999998,-0.004087675375550644,-34.232462444935436,-0.00034232462444935434,-391.44852230097325,1084.012975248671,False
2015-11-13,378.5000000000024,421.7819415255462,0.003785000000000024,0.004217819415255462,-43.2819415255438,-0.000432819415255438,-434.73046382651705,1084.012975248671,False
2015-11-16,58.49999999999679,-12.754939856774179,0.0005849999999999679,-0.0001275493985677418,71.25493985677096,0.0007125493985677096,-363.47552396974606,1084.012975248671,False
2015-11-17,473.50000000000153,410.7598002581267,0.004735000000000015,0.004107598002581267,62.74019974187485,0.0006274019974187485,-300.7353242278712,1084.012975248671,False
2015-11-18,12.499999999998964,55.059328254312696,0.00012499999999998965,0.000550593282543127,-42.55932825431373,-0.0004255932825431373,-343.294652482185,1084.012975248671,False
2015-11-19,212.99999999999955,182.93886064834723,0.0021299999999999956,0.0018293886064834723,30.061139351652315,0.00030061139351652313,-313.23351313053263,1084.012975248671,False
2015-11-20,-100.0000000000018,-126.11476062801279,-0.001000000000000018,-0.0012611476062801279,26.114760628010984,0.0002611476062801098,-287.11875250252166,1084.012975248671,False
2015-11-23,-73.00000000000085,-37.54087712391208,-0.0007300000000000085,-0.00037540877123912083,-35.45912287608877,-0.0003545912287608877,-322.57787537861043,1084.012975248671,False
2015-11-24,122.4999999999935,99.80702155917321,0.0012249999999999351,0.0009980702155917322,22.692978440820298,0.00022692978440820298,-299.88489693779013,1084.012975248671,False
2015-11-25,61.99999999999814,-7.01506694980295,0.0006199999999999814,-7.01506694980295e-05,69.01506694980108,0.0006901506694980108,-230.86982998798905,1084.012975248671,False
2015-11-27,-161.25000000000318,-104.51488581650156,-0.0016125000000000319,-0.0010451488581650157,-56.73511418350162,-0.0005673511418350162,-287.6049441714907,1084.012975248671,False
2015-11-30,368.25073242187676,364.6584178683866,0.0036825073242187675,0.003646584178683866,3.592314553490155,3.592314553490155e-05,-284.0126296180005,1084.012975248671,False
2015-12-01,-233.00073242187557,-163.45193354785798,-0.002330007324218756,-0.0016345193354785797,-69.54879887401759,-0.000695487988740176,-353.5614284920181,1084.012975248671,False
2015-12-02,-244.2497558593734,-276.8763055236708,-0.0024424975585937343,-0.002768763055236708,32.626549664297386,0.0003262654966429739,-320.9348788277207,1084.012975248671,False
2015-12-03,619.7502441406224,432.2678602570654,0.006197502441406224,0.004322678602570654,187.48238388355696,0.0018748238388355697,-133.45249494416373,1084.012975248671,False
2015-12-04,-175.500244140626,-114.19400691250829,-0.00175500244140626,-0.0011419400691250828,-61.30623722811771,-0.0006130623722811771,-194.75873217228144,1084.012975248671,False
2015-12-07,-137.75024414062503,-125.26345876892515,-0.0013775024414062504,-0.0012526345876892515,-12.486785371699881,-0.0001248678537169988,-207.24551754398132,1084.012975248671,False
2015-12-08,-582.9992675781243,-564.0534444643715,-0.0058299926757812435,-0.005640534444643715,-18.945823113752795,-0.00018945823113752794,-226.19134065773412,1084.012975248671,False
2015-12-09,103.25000000000128,132.3974262896041,0.0010325000000000128,0.0013239742628960412,-29.147426289602834,-0.00029147426289602836,-255.33876694733695,1084.012975248671,False
2015-12-10,-1184.0004882812495,-1092.3011331135488,-0.011840004882812496,-0.010923011331135487,-91.69935516770079,-0.0009169935516770078,-347.0381221150377,1084.012975248671,False
2015-12-11,29.7495117187529,110.95837237363786,0.000297495117187529,0.0011095837237363785,-81.20886065488496,-0.0008120886065488495,-428.2469827699227,1084.012975248671,False
2015-12-14,568.0007324218747,549.1836038784298,0.005680007324218746,0.005491836038784299,18.817128543444824,0.00018817128543444824,-409.42985422647786,1084.012975248671,False
2015-12-15,265.9995117187501,232.59921664111232,0.002659995117187501,0.0023259921664111234,33.40029507763779,0.00033400295077637795,-376.02955914884006,1084.012975248671,False
2015-12-16,-807.9995117187511,-647.699042246052,-0.008079995117187511,-0.006476990422460521,-160.3004694726991,-0.0016030046947269909,-536.3300286215392,1084.012975248671,False
2015-12-17,24.00024414062341,-140.77185165278422,0.00024000244140623408,-0.0014077185165278423,164.77209579340763,0.0016477209579340763,-371.5579328281316,1084.012975248671,False
2015-12-18,506.99975585937625,431.95611690900904,0.005069997558593762,0.00431956116909009,75.04363895036721,0.0007504363895036721,-296.5142938777644,1084.012975248671,False
2015-12-21,47.000000000002345,116.79227595230311,0.00047000000000002346,0.0011679227595230311,-69.79227595230077,-0.0006979227595230077,-366.30656983006514,1084.012975248671,False
2015-12-22,-26.500488281248636,21.375106477931496,-0.00026500488281248636,0.00021375106477931495,-47.87559475918013,-0.00047875594759180134,-414.1821645892453,1084.012975248671,False
2015-12-23,75.74975585937429,38.70836207588331,0.0007574975585937429,0.0003870836207588331,37.04139378349098,0.0003704139378349098,-377.1407708057543,1084.012975248671,False
2015-12-24,-89.99975585937813,-59.709588306349815,-0.0008999975585937813,-0.0005970958830634982,-30.29016755302831,-0.00030290167553028314,-407.4309383587826,1084.012975248671,False
2015-12-28,1091.000732421876,1053.8358755712054,0.010910007324218759,0.010538358755712055,37.1648568506705,0.000371648568506705,-370.2660815081121,1084.012975248671,False
2015-12-29,-262.2507324218732,-239.87881734853465,-0.0026225073242187318,-0.0023987881734853465,-22.371915073338528,-0.00022371915073338526,-392.63799658145064,1084.012975248671,False
2015-12-30,-207.49975585937483,-250.74549950485618,-0.0020749975585937484,-0.002507454995048562,43.245743645481355,0.00043245743645481356,-349.3922529359693,1084.012975248671,False
2015-12-31,-16.500000000001847,57.248544430452455,-0.00016500000000001848,0.0005724854443045246,-73.7485444304543,-0.000737485444304543,-423.1407973664236,1084.012975248671,False
2016-01-04,4.2495117187495595,-9.168547174673904,4.2495117187495594e-05,-9.168547174673904e-05,13.418058893423463,0.00013418058893423462,-409.72273847300016,1084.012975248671,False
2016-01-05,-270.50000000000205,-259.3342603617983,-0.0027050000000000203,-0.0025933426036179826,-11.165739638203775,-0.00011165739638203774,-420.88847811120394,1084.012975248671,False
2016-01-06,-420.9997558593742,-552.8460079872709,-0.004209997558593742,-0.005528460079872709,131.84625212789672,0.001318462521278967,-289.0422259833072,1084.012975248671,False
2016-01-07,-262.00024414062455,-249.06059382847803,-0.0026200024414062455,-0.0024906059382847805,-12.939650312146512,-0.0001293965031214651,-301.98187629545373,1084.012975248671,False
2016-01-08,65.75048828125418,63.28623328755914,0.0006575048828125418,0.0006328623328755914,2.464254993695036,2.464254993695036e-05,-299.5176213017587,1084.012975248671,False
2016-01-11,236.0000000000016,232.12975321020505,0.0023600000000000157,0.0023212975321020507,3.870246789796539,3.870246789796539e-05,-295.6473745119622,1084.012975248671,False
2016-01-12,-415.9997558593734,-282.7829914974317,-0.004159997558593734,-0.002827829914974317,-133.21676436194173,-0.0013321676436194173,-428.8641388739039,1084.012975248671,False
2016-01-13,193.49999999999892,130.48004638626443,0.0019349999999999892,0.0013048004638626443,63.01995361373449,0.0006301995361373448,-365.8441852601694,1084.012975248671,False
2016-01-14,-260.000244140624,-246.747785063509,-0.00260000244140624,-0.00246747785063509,-13.252459077114963,-0.00013252459077114963,-379.0966443372844,1084.012975248671,False
2016-01-15,-18.499755859375682,-18.13250546942722,-0.0001849975585937568,-0.0001813250546942722,-0.36725038994846315,-3.6725038994846314e-06,-379.46389472723286,1084.012975248671,False
2016-01-19,-55.000244140622065,-7.4327288369986135,-0.0005500024414062207,-7.432728836998613e-05,-47.56751530362345,-0.0004756751530362345,-427.0314100308563,1084.012975248671,False
2016-01-20,-55.49999999999964,-51.83461518300937,-0.0005549999999999964,-0.0005183461518300937,-3.6653848169902687,-3.665384816990269e-05,-430.6967948478466,1084.012975248671,False
2016-01-21,597.9997558593768,610.4666404606245,0.005979997558593768,0.006104666404606245,-12.46688460124767,-0.00012466884601247671,-443.1636794490943,1084.012975248671,False
2016-01-22,90.00000000000199,56.04939789954135,0.0009000000000000199,0.0005604939789954135,33.95060210046064,0.0003395060210046064,-409.21307734863365,1084.012975248671,False
2016-01-25,149.00024414062418,167.9003272102398,0.0014900024414062417,0.001679003272102398,-18.90008306961562,-0.0001890008306961562,-428.11316041824927,1084.012975248671,False
2016-01-26,-44.00024414062459,-35.697916833599535,-0.00044000244140624586,-0.00035697916833599537,-8.302327307025053,-8.302327307025053e-05,-436.4154877252743,1084.012975248671,False
2016-01-27,-1.9995117187509412,4.741728109148768,-1.9995117187509412e-05,4.741728109148768e-05,-6.74123982789971,-6.74123982789971e-05,-443.15672755317405,1084.012975248671,False
2016-01-28,2.9992675781256417,-67.4051732022534,2.9992675781256417e-05,-0.0006740517320225339,70.40444078037903,0.0007040444078037903,-372.752286772795,1084.012975248671,False
2016-01-29,173.00097656250236,176.38582301545063,0.0017300097656250237,0.0017638582301545062,-3.384846452948267,-3.384846452948267e-05,-376.13713322574324,1084.012975248671,False
2016-02-01,-8.000488281249096,26.60708577599678,-8.000488281249096e-05,0.0002660708577599678,-34.60757405724588,-0.00034607574057245877,-410.7447072829891,1084.012975248671,False
2016-02-02,140.99975585937557,145.19536306497722,0.0014099975585937557,0.0014519536306497722,-4.195607205601647,-4.1956072056016464e-05,-414.94031448859073,1084.012975248671,False
2016-02-03,324.00146484374966,296.488756059424,0.0032400146484374967,0.00296488756059424,27.51270878432564,0.0002751270878432564,-387.4276057042651,1084.012975248671,False
2016-02-04,3.999023437497889,154.85725810509808,3.9990234374978885e-05,0.0015485725810509808,-150.8582346676002,-0.0015085823466760018,-538.2858403718653,1084.012975248671,False
2016-02-05,1205.998535156246,999.6940118371085,0.012059985351562458,0.009996940118371085,206.3045233191374,0.002063045233191374,-331.98131705272795,1084.012975248671,False
2016-02-08,-51.74926757812738,-53.27791662550846,-0.0005174926757812738,-0.0005327791662550846,1.52864904738108,1.5286490473810803e-05,-330.4526680053469,1084.012975248671,False
2016-02-09,-3.0000000000034674,-22.15643192352175,-3.0000000000034675e-05,-0.00022156431923521752,19.156431923518284,0.00019156431923518283,-311.2962360818286,1084.012975248671,False
2016-02-10,829.4990234375003,1100.0416936268293,0.008294990234375004,0.011000416936268293,-270.542670189329,-0.00270542670189329,-581.8389062711576,1084.012975248671,False
2016-02-11,174.74975585937443,193.2388037831251,0.0017474975585937444,0.0019323880378312509,-18.48904792375066,-0.0001848904792375066,-600.3279541949082,1084.012975248671,False
2016-02-12,-623.9990234375007,-515.660652617977,-0.006239990234375007,-0.00515660652617977,-108.33837081952367,-0.0010833837081952367,-708.6663250144319,1084.012975248671,False
2016-02-16,31.999511718750973,80.80794247123363,0.00031999511718750975,0.0008080794247123363,-48.80843075248266,-0.0004880843075248266,-757.4747557669145,1084.012975248671,False
2016-02-17,298.0004882812476,294.3722339946525,0.002980004882812476,0.002943722339946525,3.6282542865951086,3.628254286595109e-05,-753.8465014803194,1084.012975248671,False
2016-02-18,89.99999999999741,77.03136554356577,0.0008999999999999742,0.0007703136554356577,12.968634456431644,0.00012968634456431646,-740.8778670238877,1084.012975248671,False
2016-02-19,-198.99902343749898,-330.00218503938845,-0.00198999023437499,-0.0033000218503938844,131.00316160188947,0.0013100316160188947,-609.8747054219982,1084.012975248671,False
2016-02-22,249.99999999999926,193.70675716626474,0.0024999999999999927,0.0019370675716626473,56.293242833734524,0.0005629324283373452,-553.5814625882637,1084.012975248671,False
2016-02-23,329.99999999999955,292.6196804571999,0.0032999999999999956,0.0029261968045719987,37.38031954279967,0.0003738031954279967,-516.201143045464,1084.012975248671,False
2016-02-24,-6.0009765624996705,-10.35849041481196,-6.0009765624996704e-05,-0.0001035849041481196,4.35751385231229,4.35751385231229e-05,-511.84362919315174,1084.012975248671,False
2016-02-25,-368.00048828124915,-452.82796759210186,-0.0036800048828124917,-0.0045282796759210184,84.82747931085271,0.0008482747931085271,-427.01614988229903,1084.012975248671,False
2016-02-26,280.0000000000032,255.89656499696082,0.0028000000000000316,0.0025589656499696084,24.103435003042364,0.00024103435003042364,-402.91271487925667,1084.012975248671,False
2016-02-29,752.5002441406235,770.9628497194448,0.007525002441406236,0.0077096284971944476,-18.46260557882124,-0.0001846260557882124,-421.3753204580779,1084.012975248671,False
2016-03-01,220.00000000000222,198.16846471373708,0.0022000000000000223,0.0019816846471373707,21.831535286265137,0.00021831535286265136,-399.5437851718128,1084.012975248671,False
2016-03-02,164.00024414062335,214.32699626550908,0.0016400024414062336,0.002143269962655091,-50.32675212488573,-0.0005032675212488573,-449.8705372966985,1084.012975248671,False
2016-03-03,125.00000000000107,131.14400936042242,0.0012500000000000107,0.001311440093604224,-6.14400936042135,-6.14400936042135e-05,-456.01454665711987,1084.012975248671,False
2016-03-04,-66.99951171875041,-61.908311780325846,-0.0006699951171875041,-0.0006190831178032584,-5.091199938424566,-5.091199938424566e-05,-461.1057465955444,1084.012975248671,False
2016-03-07,-22.001953125002068,9.236715608641337,-0.00022001953125002068,9.236715608641337e-05,-31.238668733643404,-0.000312386687336434,-492.3444153291878,1084.012975248671,False
2016-03-08,-13.99999999999821,-40.83150924796193,-0.0001399999999999821,-0.0004083150924796193,26.831509247963723,0.0002683150924796372,-465.5129060812241,1084.012975248671,False
2016-03-09,270.0004882812478,235.35418013728065,0.002700004882812478,0.0023535418013728064,34.64630814396713,0.00034646308143967134,-430.866597937257,1084.012975248671,False
2016-03-10,1.4997558593744031,-13.961932555816333,1.4997558593744031e-05,-0.00013961932555816333,15.461688415190736,0.00015461688415190737,-415.40490952206625,1084.012975248671,False
2016-03-11,-149.24926757812446,-169.5109255938241,-0.0014924926757812445,-0.001695109255938241,20.261658015699652,0.00020261658015699653,-395.1432515063666,1084.012975248671,False
2016-03-14,-170.99975585937378,-190.2850205024828,-0.0017099975585937379,-0.001902850205024828,19.28526464310903,0.0001928526464310903,-375.85798686325757,1084.012975248671,False
2016-03-15,212.99926757812216,189.13183414975924,0.0021299926757812216,0.0018913183414975925,23.867433428362915,0.00023867433428362915,-351.99055343489465,1084.012975248671,False
2016-03-16,834.0014648437491,803.3000996600022,0.008340014648437491,0.008033000996600021,30.70136518374693,0.0003070136518374693,-321.2891882511477,1084.012975248671,False
2016-03-17,-34.50073242187388,-26.73284192974397,-0.00034500732421873876,-0.0002673284192974397,-7.767890492129908,-7.767890492129908e-05,-329.05707874327766,1084.012975248671,False
2016-03-18,-48.499755859377125,-90.22430663247904,-0.00048499755859377126,-0.0009022430663247904,41.72455077310192,0.0004172455077310192,-287.33252797017576,1084.012975248671,False
2016-03-21,114.50024414062528,133.52036310863807,0.001145002441406253,0.0013352036310863807,-19.02011896801278,-0.0001902011896801278,-306.3526469381885,1084.012975248671,False
2016-03-22,-785.4995117187503,-768.2026646757022,-0.007854995117187503,-0.007682026646757022,-17.29684704304816,-0.0001729684704304816,-323.6494939812367,1084.012975248671,False
2016-03-23,-26.500244140623426,-23.65389254518155,-0.0002650024414062343,-0.0002365389254518155,-2.8463515954418774,-2.8463515954418775e-05,-326.49584557667856,1084.012975248671,False
2016-03-24,-65.99999999999822,-67.22208692811657,-0.0006599999999999822,-0.0006722208692811657,1.222086928118344,1.222086928118344e-05,-325.2737586485602,1084.012975248671,False
2016-03-28,703.999023437505,714.242465627141,0.00703999023437505,0.00714242465627141,-10.24344218963597,-0.00010243442189635971,-335.5172008381962,1084.012975248671,False
2016-03-29,-2.7502441406247655,11.356888907107127,-2.7502441406247655e-05,0.00011356888907107127,-14.107133047731892,-0.00014107133047731892,-349.6243338859281,1084.012975248671,False
2016-03-30,21.00000000000064,52.99177258581721,0.0002100000000000064,0.000529917725858172,-31.99177258581657,-0.0003199177258581657,-381.6161064717447,1084.012975248671,False
2016-03-31,102.00048828125438,123.51946285147147,0.0010200048828125437,0.0012351946285147147,-21.518974570217097,-0.00021518974570217095,-403.13508104196177,1084.012975248671,False
2016-04-01,-173.49951171875114,-190.45651393789507,-0.0017349951171875115,-0.0019045651393789506,16.95700221914393,0.0001695700221914393,-386.17807882281784,1084.012975248671,False
2016-04-04,-43.00146484375364,-68.58586283602041,-0.0004300146484375364,-0.0006858586283602041,25.584397992266773,0.0002558439799226677,-360.5936808305511,1084.012975248671,False
2016-04-05,599.5014648437427,583.6396602543773,0.005995014648437427,0.005836396602543773,15.86180458936542,0.0001586180458936542,-344.73187624118566,1084.012975248671,False
2016-04-06,18.249023437495765,-67.51424530211588,0.00018249023437495764,-0.0006751424530211588,85.76326873961165,0.0008576326873961165,-258.968607501574,1084.012975248671,False
2016-04-07,85.7504882812517,121.34937971606662,0.000857504882812517,0.0012134937971606662,-35.59889143481492,-0.0003559889143481492,-294.5674989363889,1084.012975248671,False
2016-04-08,189.99902343750298,140.87552287893052,0.0018999902343750299,0.0014087552287893052,49.12350055857246,0.0004912350055857246,-245.44399837781646,1084.012975248671,False
2016-04-11,472.50024414062483,517.7585426061594,0.004725002441406248,0.005177585426061594,-45.25829846553455,-0.0004525829846553455,-290.702296843351,1084.012975248671,False
2016-04-12,195.7504882812496,205.28384351378415,0.001957504882812496,0.0020528384351378415,-9.533355232534547,-9.533355232534547e-05,-300.2356520758856,1084.012975248671,False
2016-04-13,-216.00048828124784,-311.97856236576433,-0.0021600048828124786,-0.0031197856236576432,95.97807408451649,0.000959780740845165,-204.2575779913691,1084.012975248671,False
2016-04-14,57.99975585937351,62.69637292933528,0.000579997558593735,0.0006269637292933528,-4.696617069961775,-4.696617069961775e-05,-208.95419506133086,1084.012975248671,False
2016-04-15,98.75048828124835,109.20478262061184,0.0009875048828124834,0.0010920478262061183,-10.454294339363486,-0.00010454294339363486,-219.40848940069435,1084.012975248671,False
2016-04-18,342.00097656250534,435.59483648428375,0.0034200097656250533,0.0043559483648428375,-93.5938599217784,-0.000935938599217784,-313.00234932247275,1084.012975248671,False
2016-04-19,40.24975585937655,49.32836903300418,0.0004024975585937655,0.0004932836903300418,-9.07861317362763,-9.07861317362763e-05,-322.08096249610037,1084.012975248671,False
2016-04-20,-310.24951171875205,-293.16825672244465,-0.0031024951171875204,-0.0029316825672244464,-17.081254996307393,-0.00017081254996307395,-339.16221749240776,1084.012975248671,False
2016-04-21,-453.7509765624979,-484.900316043815,-0.004537509765624979,-0.00484900316043815,31.1493394813171,0.000311493394813171,-308.01287801109066,1084.012975248671,False
2016-04-22,101.25073242187848,122.32437877158183,0.0010125073242187848,0.0012232437877158183,-21.073646349703353,-0.00021073646349703353,-329.086524360794,1084.012975248671,False
2016-04-25,-99.75048828125051,-61.46348193434342,-0.0009975048828125051,-0.0006146348193434342,-38.28700634690709,-0.0003828700634690709,-367.3735307077011,1084.012975248671,False
2016-04-26,-21.249999999998266,-36.23821708899558,-0.00021249999999998267,-0.00036238217088995585,14.988217088997317,0.00014988217088997318,-352.3853136187038,1084.012975248671,False
2016-04-27,-21.74999999999727,-106.88771451524468,-0.0002174999999999727,-0.001068877145152447,85.13771451524741,0.0008513771451524741,-267.24759910345637,1084.012975248671,False
2016-04-28,-28.50024414062483,15.108174209320595,-0.00028500244140624827,0.00015108174209320594,-43.608418349945424,-0.00043608418349945423,-310.8560174534018,1084.012975248671,False
2016-04-29,279.2504882812493,291.8629542345469,0.002792504882812493,0.002918629542345469,-12.612465953297601,-0.000126124659532976,-323.4684834066994,1084.012975248671,False
2016-05-02,-304.249999999999,-313.7731649073709,-0.0030424999999999897,-0.0031377316490737092,9.52316490737195,9.523164907371949e-05,-313.94531849932747,1084.012975248671,False
2016-05-03,-596.0004882812518,-609.9911719666533,-0.005960004882812518,-0.0060999117196665325,13.99068368540145,0.0001399068368540145,-299.954634813926,1084.012975248671,False
2016-05-04,-111.99975585937864,-120.94143014759149,-0.0011199975585937864,-0.001209414301475915,8.941674288212852,8.941674288212852e-05,-291.0129605257132,1084.012975248671,False
2016-05-05,701.7490234374975,707.5713982113339,0.007017490234374975,0.0070757139821133385,-5.822374773836373,-5.822374773836373e-05,-296.83533529954957,1084.012975248671,False
2016-05-06,-206.50024414062915,-242.08822176040144,-0.0020650024414062915,-0.0024208822176040143,35.58797761977229,0.0003558797761977229,-261.2473576797773,1084.012975248671,False
2016-05-09,323.25073242187193,356.19101097315365,0.0032325073242187195,0.0035619101097315365,-32.94027855128172,-0.00032940278551281724,-294.187636231059,1084.012975248671,False
2016-05-10,116.49902343749791,65.4417604299027,0.0011649902343749791,0.000654417604299027,51.05726300759521,0.0005105726300759521,-243.13037322346378,1084.012975248671,False
2016-05-11,-82.24853515625186,-75.02921454144075,-0.0008224853515625186,-0.0007502921454144075,-7.21932061481111,-7.21932061481111e-05,-250.3496938382749,1084.012975248671,False
2016-05-12,-46.249999999995644,-64.13158976305307,-0.00046249999999995644,-0.0006413158976305307,17.881589763057427,0.00017881589763057428,-232.46810407521747,1084.012975248671,False
2016-05-13,126.24999999999667,131.4752802344013,0.0012624999999999668,0.001314752802344013,-5.225280234404636,-5.225280234404636e-05,-237.6933843096221,1084.012975248671,False
2016-05-16,-238.25146484375415,-254.5757434128082,-0.0023825146484375416,-0.002545757434128082,16.32427856905406,0.0001632427856905406,-221.36910574056805,1084.012975248671,False
2016-05-17,-9.000000000000647,-15.248205565780523,-9.000000000000647e-05,-0.00015248205565780522,6.248205565779877,6.248205565779877e-05,-215.12090017478818,1084.012975248671,False
2016-05-18,-465.74951171875074,-541.6972322674876,-0.004657495117187507,-0.005416972322674876,75.94772054873687,0.0007594772054873687,-139.1731796260513,1084.012975248671,False
2016-05-19,217.24975585937693,242.04814739063318,0.002172497558593769,0.0024204814739063316,-24.798391531256243,-0.0002479839153125624,-163.97157115730755,1084.012975248671,False
2016-05-20,-51.750488281249154,-60.19064959097396,-0.0005175048828124915,-0.0006019064959097396,8.440161309724807,8.440161309724808e-05,-155.53140984758275,1084.012975248671,False
2016-05-23,-520.2478027343743,-371.0640985845898,-0.0052024780273437436,-0.003710640985845898,-149.18370414978455,-0.0014918370414978455,-304.7151139973673,1084.012975248671,False
2016-05-24,66.24975585937511,47.189087658745834,0.0006624975585937512,0.0004718908765874583,19.06066820062928,0.0001906066820062928,-285.65444579673806,1084.012975248671,False
2016-05-25,-20.500488281251215,-5.219198158247302,-0.00020500488281251214,-5.219198158247302e-05,-15.281290123003913,-0.00015281290123003914,-300.935735919742,1084.012975248671,False
2016-05-26,14.000488281253311,35.7721418268043,0.00014000488281253311,0.000357721418268043,-21.77165354555099,-0.0002177165354555099,-322.707389465293,1084.012975248671,False
2016-05-27,50.49853515624842,61.629052925818904,0.0005049853515624842,0.0006162905292581891,-11.130517769570481,-0.00011130517769570481,-333.83790723486345,1084.012975248671,False
2016-05-31,-49.99780273437274,-58.20099549997231,-0.0004999780273437274,-0.000582009954999723,8.203192765599567,8.203192765599567e-05,-325.6347144692639,1084.012975248671,False
2016-06-01,87.75073242187256,71.71499000114515,0.0008775073242187256,0.0007171499000114516,16.035742420727402,0.000160357424207274,-309.5989720485365,1084.012975248671,False
2016-06-02,709.4978027343752,689.622214829477,0.007094978027343752,0.00689622214829477,19.875587904898225,0.00019875587904898226,-289.72338414363827,1084.012975248671,False
2016-06-03,215.9999999999984,261.2240323486818,0.002159999999999984,0.002612240323486818,-45.22403234868341,-0.0004522403234868341,-334.9474164923217,1084.012975248671,False
2016-06-06,-33.00048828124857,-41.63538458215969,-0.0003300048828124857,-0.0004163538458215969,8.634896300911116,8.634896300911116e-05,-326.31252019141056,1084.012975248671,False
2016-06-07,594.2514648437531,558.0573307659589,0.0059425146484375305,0.005580573307659589,36.19413407779416,0.00036194134077794163,-290.1183861136164,1084.012975248671,False
2016-06-08,128.50048828124653,100.95322818843019,0.0012850048828124652,0.001009532281884302,27.547260092816344,0.0002754726009281634,-262.5711260208001,1084.012975248671,False
2016-06-09,-393.5009765625029,-406.33055103180334,-0.003935009765625029,-0.004063305510318033,12.82957446930044,0.0001282957446930044,-249.74155155149964,1084.012975248671,False
2016-06-10,53.49999999999709,105.97201712432935,0.0005349999999999708,0.0010597201712432935,-52.47201712433227,-0.0005247201712433227,-302.2135686758319,1084.012975248671,False
2016-06-13,-22.498535156251645,-28.748949403743865,-0.00022498535156251646,-0.00028748949403743866,6.25041424749222,6.25041424749222e-05,-295.96315442833964,1084.012975248671,False
2016-06-14,-110.25146484375816,-114.66322457768948,-0.0011025146484375816,-0.0011466322457768948,4.411759733931319,4.411759733931319e-05,-291.5513946944083,1084.012975248671,False
2016-06-15,527.9992675781157,527.9621032948896,0.005279992675781157,0.005279621032948896,0.0371642832260477,3.71642832260477e-07,-291.51423041118227,1084.012975248671,False
2016-06-16,-816.9995117187514,-801.20364293695,-0.008169995117187514,-0.0080120364293695,-15.795868781801346,-0.00015795868781801346,-307.3100991929836,1084.012975248671,False
2016-06-17,357.75097656250216,308.85652840590706,0.0035775097656250217,0.0030885652840590707,48.894448156595104,0.000488944481565951,-258.4156510363885,1084.012975248671,False
2016-06-20,-391.75292968749807,-332.98719714236586,-0.003917529296874981,-0.0033298719714236584,-58.76573254513221,-0.0005876573254513221,-317.1813835815207,1084.012975248671,False
2016-06-21,-182.5000000000048,-171.83835661975831,-0.001825000000000048,-0.0017183835661975832,-10.661643380246488,-0.00010661643380246488,-327.84302696176724,1084.012975248671,False
2016-06-22,1258.0019531250014,1306.0741509286747,0.012580019531250014,0.013060741509286747,-48.07219780367336,-0.0004807219780367336,-375.9152247654406,1084.012975248671,False
2016-06-23,349.2485351562457,102.36285292396485,0.0034924853515624567,0.0010236285292396486,246.88568223228083,0.002468856822322808,-129.02954253315977,1084.012975248671,False
2016-06-24,-312.9995117187517,-313.6798510202159,-0.003129995117187517,-0.003136798510202159,0.680339301464187,6.80339301464187e-06,-128.34920323169558,1084.012975248671,False
2016-06-27,493.49902343750193,589.3279986320888,0.00493499023437502,0.005893279986320888,-95.82897519458686,-0.0009582897519458686,-224.17817842628244,1084.012975248671,False
2016-06-28,371.24999999999847,493.8980930440329,0.0037124999999999845,0.004938980930440329,-122.64809304403445,-0.0012264809304403446,-346.8262714703169,1084.012975248671,False
2016-06-29,-8.498535156249005,60.249998794872596,-8.498535156249006e-05,0.0006024999879487259,-68.7485339511216,-0.0006874853395112161,-415.5748054214385,1084.012975248671,False
2016-06-30,450.49804687500375,437.3405823832057,0.0045049804687500375,0.004373405823832057,13.157464491798066,0.00013157464491798067,-402.41734092964043,1084.012975248671,False
2016-07-01,-172.00048828124886,-91.8674037521111,-0.0017200048828124887,-0.000918674037521111,-80.13308452913776,-0.0008013308452913776,-482.5504254587782,1084.012975248671,False
2016-07-05,282.2514648437501,305.5874774334693,0.002822514648437501,0.0030558747743346932,-23.33601258971919,-0.0002333601258971919,-505.8864380484974,1084.012975248671,False
2016-07-06,-58.99999999999822,-52.49818357598019,-0.0005899999999999821,-0.000524981835759802,-6.501816424018024,-6.501816424018025e-05,-512.3882544725154,1084.012975248671,False
2016-07-07,471.00097656250233,500.0931932787753,0.004710009765625024,0.0050009319327877525,-29.092216716272958,-0.00029092216716272956,-541.4804711887884,1084.012975248671,False
2016-07-08,77.24902343749841,83.67800395708308,0.0007724902343749841,0.0008367800395708307,-6.42898051958467,-6.428980519584669e-05,-547.9094517083731,1084.012975248671,False
2016-07-11,-267.5009765625001,-338.395473248916,-0.0026750097656250012,-0.0033839547324891603,70.89449668641589,0.0007089449668641589,-477.01495502195723,1084.012975248671,False
2016-07-12,50.25048828124789,66.93007923264801,0.0005025048828124789,0.0006693007923264801,-16.679590951400122,-0.0001667959095140012,-493.6945459733574,1084.012975248671,False
2016-07-13,-0.5004882812485079,61.22352585620695,-5.004882812485079e-06,0.0006122352585620695,-61.724014137455455,-0.0006172401413745546,-555.4185601108128,1084.012975248671,False
2016-07-14,-136.00048828124824,-143.70277505127711,-0.0013600048828124823,-0.001437027750512771,7.702286770028877,7.702286770028877e-05,-547.7162733407839,1084.012975248671,False
2016-07-15,226.5004882812447,230.115462942901,0.002265004882812447,0.00230115462942901,-3.6149746616562766,-3.6149746616562766e-05,-551.3312480024401,1084.012975248671,False
2016-07-18,40.49999999999568,54.546667082338004,0.00040499999999995677,0.00054546667082338,-14.046667082342324,-0.00014046667082342324,-565.3779150847824,1084.012975248671,False
2016-07-19,3.500000000001563,-2.31274179277176,3.500000000001563e-05,-2.31274179277176e-05,5.812741792773323,5.8127417927733234e-05,-559.5651732920091,1084.012975248671,False
2016-07-20,-2.500488281248167,54.27383986102944,-2.500488281248167e-05,0.0005427383986102944,-56.774328142277604,-0.000567743281422776,-616.3395014342867,1084.012975248671,False
2016-07-21,95.00024414062433,41.59584649054425,0.0009500024414062433,0.00041595846490544245,53.404397650080085,0.0005340439765008009,-562.9351037842066,1084.012975248671,False
2016-07-22,-144.5004882812535,-121.70631821448208,-0.001445004882812535,-0.0012170631821448207,-22.794170066771414,-0.00022794170066771415,-585.729273850978,1084.012975248671,False
2016-07-25,51.000976562495055,55.0089423879523,0.0005100097656249506,0.000550089423879523,-4.007965825457248,-4.007965825457248e-05,-589.7372396764353,1084.012975248671,False
2016-07-26,251.25073242187435,234.8712262158851,0.0025125073242187436,0.002348712262158851,16.37950620598926,0.0001637950620598926,-573.357733470446,1084.012975248671,False
2016-07-27,157.2495117187508,140.74810580291333,0.0015724951171875079,0.0014074810580291333,16.501405915837466,0.00016501405915837465,-556.8563275546085,1084.012975248671,False
2016-07-28,357.5009765625043,337.352897765101,0.003575009765625043,0.00337352897765101,20.148078797403343,0.00020148078797403344,-536.7082487572052,1084.012975248671,False
2016-07-29,37.74975585937421,52.821141327571254,0.00037749755859374214,0.0005282114132757126,-15.071385468197043,-0.00015071385468197043,-551.7796342254022,1084.012975248671,False
2016-08-01,140.747558593753,158.07904098014507,0.00140747558593753,0.0015807904098014507,-17.331482386392054,-0.00017331482386392054,-569.1111166117943,1084.012975248671,False
2016-08-02,-8.4990234375026,-44.42322096459614,-8.4990234375026e-05,-0.0004442322096459614,35.92419752709354,0.0003592419752709354,-533.1869190847008,1084.012975248671,False
2016-08-03,118.74902343750256,103.88476739493831,0.0011874902343750255,0.0010388476739493831,14.86425604256425,0.0001486425604256425,-518.3226630421366,1084.012975248671,False
2016-08-04,-294.0000000000036,-348.0548779705658,-0.002940000000000036,-0.003480548779705658,54.054877970562245,0.0005405487797056224,-464.26778507157434,1084.012975248671,False
2016-08-05,-52.249755859374986,-50.52523857758963,-0.0005224975585937498,-0.0005052523857758963,-1.724517281785353,-1.724517281785353e-05,-465.9923023533597,1084.012975248671,False
2016-08-08,168.0004882812532,160.65834049745337,0.0016800048828125322,0.0016065834049745337,7.342147783799845,7.342147783799846e-05,-458.65015456955985,1084.012975248671,False
2016-08-09,15.49902343749855,7.326680322317415,0.00015499023437498552,7.326680322317416e-05,8.172343115181135,8.172343115181136e-05,-450.4778114543787,1084.012975248671,False
2016-08-10,126.00195312499687,131.6444820530098,0.0012600195312499687,0.001316444820530098,-5.642528928012922,-5.642528928012922e-05,-456.12034038239165,1084.012975248671,False
2016-08-11,-134.00097656250242,-158.24177423393357,-0.0013400097656250242,-0.0015824177423393356,24.240797671431153,0.00024240797671431152,-431.8795427109605,1084.012975248671,False
2016-08-12,217.5009765625066,219.4710803756079,0.002175009765625066,0.002194710803756079,-1.9701038131013036,-1.9701038131013036e-05,-433.84964652406177,1084.012975248671,False
2016-08-15,-1.5019531250024158,8.809374071707978,-1.5019531250024159e-05,8.809374071707978e-05,-10.311327196710394,-0.00010311327196710393,-444.1609737207722,1084.012975248671,False
2016-08-16,-109.99951171874979,-84.653039092674,-0.0010999951171874979,-0.00084653039092674,-25.34647262607578,-0.0002534647262607578,-469.5074463468479,1084.012975248671,False
2016-08-17,223.50048828125318,198.31224669162103,0.002235004882812532,0.0019831224669162105,25.188241589632156,0.00025188241589632154,-444.31920475721574,1084.012975248671,False
2016-08-18,-243.5000000000009,-205.9840721150015,-0.002435000000000009,-0.002059840721150015,-37.5159278849994,-0.000375159278849994,-481.83513264221517,1084.012975248671,False
2016-08-19,-39.500976562499346,-23.789627776139877,-0.00039500976562499346,-0.00023789627776139876,-15.71134878635947,-0.0001571134878635947,-497.5464814285746,1084.012975248671,False
2016-08-22,150.0014648437579,154.93716401544665,0.001500014648437579,0.0015493716401544665,-4.9356991716887535,-4.935699171688754e-05,-502.4821806002634,1084.012975248671,False
2016-08-23,-553.5004882812502,-616.4146181432407,-0.005535004882812502,-0.006164146181432407,62.91412986199043,0.0006291412986199044,-439.568050738273,1084.012975248671,False
2016-08-24,-81.9997558593765,-92.39818881769311,-0.000819997558593765,-0.0009239818881769311,10.398432958316604,0.00010398432958316604,-429.16961777995635,1084.012975248671,False
2016-08-25,-10.001464843752846,-12.501555869321233,-0.00010001464843752845,-0.00012501555869321232,2.5000910255683877,2.500091025568388e-05,-426.66952675438796,1084.012975248671,False
2016-08-26,92.75146484374788,90.10116427034188,0.0009275146484374788,0.0009010116427034189,2.6503005734059997,2.6503005734059996e-05,-424.01922618098195,1084.012975248671,False
2016-08-29,-372.49926757812693,-328.1473330983877,-0.0037249926757812694,-0.003281473330983877,-44.351934479739214,-0.00044351934479739216,-468.37116066072116,1084.012975248671,False
2016-08-30,-135.25195312499935,-106.5554009506038,-0.0013525195312499934,-0.001065554009506038,-28.69655217439555,-0.00028696552174395547,-497.0677128351167,1084.012975248671,False
2016-08-31,117.7514648437459,113.55744510123714,0.0011775146484374588,0.0011355744510123714,4.1940197425087575,4.194019742508758e-05,-492.87369309260794,1084.012975248671,False
2016-09-01,316.7495117187479,312.4509511558389,0.003167495117187479,0.0031245095115583887,4.298560562909017,4.2985605629090175e-05,-488.5751325296989,1084.012975248671,False
2016-09-02,643.0009765624968,574.4888208520146,0.006430009765624968,0.005744888208520146,68.51215571048226,0.0006851215571048226,-420.06297681921666,1084.012975248671,False
2016-09-06,-45.50048828125121,-50.64711653092907,-0.00045500488281251207,-0.0005064711653092907,5.14662824967786,5.1466282496778606e-05,-414.9163485695388,1084.012975248671,False
2016-09-07,-317.9995117187483,-284.02085407274285,-0.003179995117187483,-0.0028402085407274284,-33.978657646005445,-0.00033978657646005446,-448.89500621554424,1084.012975248671,False
2016-09-08,-665.7495117187513,-728.4205634150903,-0.0066574951171875126,-0.007284205634150903,62.67105169633908,0.0006267105169633908,-386.22395451920517,1084.012975248671,False
2016-09-09,383.74951171874375,297.0384221084274,0.0038374951171874375,0.002970384221084274,86.71108961031632,0.0008671108961031632,-299.51286490888884,1084.012975248671,False
2016-09-12,-342.7504882812479,-289.2082875769533,-0.003427504882812479,-0.002892082875769533,-53.5422007042946,-0.000535422007042946,-353.05506561318344,1084.012975248671,False
2016-09-13,34.00048828125089,50.36163057132245,0.0003400048828125089,0.0005036163057132245,-16.361142290071562,-0.00016361142290071562,-369.416207903255,1084.012975248671,False
2016-09-14,473.2504882812566,488.77252011560734,0.004732504882812566,0.0048877252011560735,-15.522031834350742,-0.00015522031834350742,-384.9382397376057,1084.012975248671,False
2016-09-15,-181.5009765625018,-157.0435821508293,-0.0018150097656250178,-0.001570435821508293,-24.45739441167248,-0.00024457394411672484,-409.3956341492782,1084.012975248671,False
2016-09-16,74.49951171874699,39.22186153330148,0.0007449951171874698,0.0003922186153330148,35.27765018544551,0.0003527765018544551,-374.11798396383267,1084.012975248671,False
2016-09-19,15.000488281244017,15.775477858980777,0.00015000488281244017,0.00015775477858980777,-0.7749895777367595,-7.749895777367594e-06,-374.8929735415694,1084.012975248671,False
2016-09-20,831.2485351562482,773.532239746592,0.008312485351562482,0.007735322397465921,57.71629540965614,0.0005771629540965614,-317.17667813191326,1084.012975248671,False
2016-09-21,338.00048828125,374.9253585629925,0.0033800048828125,0.0037492535856299253,-36.92487028174253,-0.00036924870281742527,-354.1015484136558,1084.012975248671,False
2016-09-22,-251.49999999999906,-250.83652093858507,-0.0025149999999999908,-0.0025083652093858505,-0.6634790614139945,-6.634790614139945e-06,-354.7650274750698,1084.012975248671,False
2016-09-23,-300.4995117187435,-300.91482346003363,-0.003004995117187435,-0.0030091482346003362,0.41531174129011106,4.15311741290111e-06,-354.3497157337797,1084.012975248671,False
2016-09-26,195.49853515624557,85.92078612358097,0.0019549853515624556,0.0008592078612358096,109.5777490326646,0.001095777490326646,-244.7719667011151,1084.012975248671,False
2016-09-27,105.50048828124851,80.30183528362086,0.001055004882812485,0.0008030183528362086,25.198652997627647,0.00025198652997627646,-219.57331370348746,1084.012975248671,False
2016-09-28,-197.4990234375019,-165.33178653933027,-0.001974990234375019,-0.0016533178653933027,-32.16723689817164,-0.0003216723689817164,-251.7405506016591,1084.012975248671,False
2016-09-29,-6.000488281247144,-39.83240225923788,-6.000488281247144e-05,-0.0003983240225923788,33.83191397799074,0.0003383191397799074,-217.90863662366837,1084.012975248671,False
2016-09-30,-169.50048828124974,-134.85556922526365,-0.0016950048828124975,-0.0013485556922526365,-34.644919055986094,-0.00034644919055986094,-252.55355567965447,1084.012975248671,False
2016-10-03,-961.4999999999991,-931.5607351550957,-0.009614999999999992,-0.009315607351550957,-29.93926484490339,-0.00029939264844903394,-282.4928205245578,1084.012975248671,False
2016-10-04,255.00024414061943,231.8946705866567,0.002550002441406194,0.002318946705866567,23.105573553962728,0.00023105573553962728,-259.38724697059513,1084.012975248671,False
2016-10-05,-99.99975585937227,-183.60885059979236,-0.0009999975585937228,-0.0018360885059979237,83.60909474042009,0.0008360909474042009,-175.77815223017504,1084.012975248671,False
2016-10-06,-289.00097656249784,-279.411057104983,-0.0028900097656249786,-0.00279411057104983,-9.589919457514839,-9.589919457514839e-05,-185.36807168768988,1084.012975248671,False
2016-10-07,614.9999999999936,573.359792772501,0.006149999999999937,0.0057335979277250105,41.640207227492624,0.00041640207227492624,-143.72786446019725,1084.012975248671,False
2016-10-10,-544.9999999999989,-509.9637871498251,-0.005449999999999989,-0.005099637871498251,-35.03621285017374,-0.0003503621285017374,-178.764077310371,1084.012975248671,False
2016-10-11,-77.99975585937415,-63.683846065308664,-0.0007799975585937415,-0.0006368384606530867,-14.315909794065483,-0.00014315909794065484,-193.07998710443647,1084.012975248671,False
2016-10-12,-101.99951171874713,-114.61615234229507,-0.0010199951171874712,-0.0011461615234229507,12.616640623547937,0.00012616640623547938,-180.46334648088853,1084.012975248671,False
2016-10-13,10.500244140621191,21.13971539738369,0.00010500244140621191,0.0002113971539738369,-10.639471256762498,-0.00010639471256762498,-191.10281773765104,1084.012975248671,False
2016-10-14,-71.00024414062253,-78.71878849101196,-0.0007100024414062253,-0.0007871878849101196,7.718544350389436,7.718544350389436e-05,-183.3842733872616,1084.012975248671,False
2016-10-17,245.4992675781248,223.97701127774874,0.002454992675781248,0.0022397701127774873,21.522256300376057,0.00021522256300376058,-161.86201708688554,1084.012975248671,False
2016-10-18,113.00000000000182,76.42474691081064,0.0011300000000000181,0.0007642474691081064,36.57525308919118,0.00036575253089191176,-125.28676399769437,1084.012975248671,False
2016-10-19,25.000976562500185,46.80970969931361,0.00025000976562500186,0.00046809709699313607,-21.808733136813423,-0.00021808733136813424,-147.09549713450778,1084.012975248671,False
2016-10-20,-22.500488281247385,-26.825562707961158,-0.00022500488281247384,-0.00026825562707961156,4.325074426713773,4.325074426713773e-05,-142.770422707794,1084.012975248671,False
2016-10-21,293.00000000000284,368.91337429824557,0.0029300000000000285,0.0036891337429824558,-75.91337429824273,-0.0007591337429824273,-218.68379700603674,1084.012975248671,False
2016-10-24,3.0002441406250995,-46.35972397340457,3.0002441406250996e-05,-0.0004635972397340457,49.35996811402967,0.0004935996811402967,-169.32382889200707,1084.012975248671,False
2016-10-25,-239.00000000000048,-209.41729275944078,-0.002390000000000005,-0.002094172927594408,-29.5827072405597,-0.000295827072405597,-198.90653613256677,1084.012975248671,False
2016-10-26,-262.99975585937443,-268.80513297642653,-0.0026299975585937444,-0.0026880513297642653,5.805377117052103,5.805377117052103e-05,-193.10115901551467,1084.012975248671,False
2016-10-27,73.49926757812258,40.01673306902052,0.0007349926757812259,0.0004001673306902052,33.48253450910207,0.00033482534509102067,-159.6186245064126,1084.012975248671,False
2016-10-28,-92.99951171875107,-84.910094589108,-0.0009299951171875106,-0.00084910094589108,-8.089417129643067,-8.089417129643067e-05,-167.70804163605567,1084.012975248671,False
2016-10-31,-250.4997558593716,-328.6664388609798,-0.0025049975585937157,-0.003286664388609798,78.16668300160819,0.0007816668300160819,-89.54135863444748,1084.012975248671,False
2016-11-01,-11.500976562495765,-71.78636970492795,-0.00011500976562495765,-0.0007178636970492795,60.285393142432184,0.0006028539314243219,-29.255965492015292,1084.012975248671,False
2016-11-02,-474.50024414062267,-536.4774514074786,-0.004745002441406227,-0.005364774514074786,61.97720726685594,0.0006197720726685594,32.72124177484065,1084.012975248671,False
2016-11-03,-162.49853515625105,-165.04608204180897,-0.0016249853515625105,-0.0016504608204180897,2.547546885557921,2.5475468855579208e-05,35.26878866039857,1084.012975248671,False
2016-11-04,1161.9970703125105,1201.2007994046253,0.011619970703125105,0.012012007994046253,-39.20372909211483,-0.00039203729092114826,-3.9349404317162566,1084.012975248671,False
2016-11-07,36.50097656250112,35.59235702265773,0.0003650097656250112,0.0003559235702265773,0.9086195398433929,9.08619539843393e-06,-3.0263208918728637,1084.012975248671,False
2016-11-08,310.4999999999965,279.80645017735435,0.0031049999999999646,0.0027980645017735436,30.693549822642126,0.00030693549822642126,27.667228930769262,1084.012975248671,False
2016-11-09,-343.0009765625004,-367.4258709375257,-0.003430009765625004,-0.003674258709375257,24.424894375025303,0.00024424894375025305,52.092123305794566,1084.012975248671,False
2016-11-10,-469.999755859376,-372.2892491308492,-0.00469999755859376,-0.003722892491308492,-97.71050672852681,-0.000977105067285268,-45.618383422732244,1084.012975248671,False
2016-11-11,-249.999755859373,-287.8886811677025,-0.00249999755859373,-0.002878886811677025,37.888925308329476,0.00037888925308329476,-7.729458114402767,1084.012975248671,False
2016-11-14,595.2504882812475,556.2121817476684,0.005952504882812475,0.005562121817476684,39.03830653357909,0.0003903830653357909,31.30884841917632,1084.012975248671,False
2016-11-15,64.99902343749744,60.8326603991389,0.0006499902343749744,0.000608326603991389,4.16636303835854,4.1663630383585396e-05,35.47521145753486,1084.012975248671,False
2016-11-16,349.5000000000012,389.2678016348824,0.003495000000000012,0.003892678016348824,-39.76780163488121,-0.0003976780163488121,-4.292590177346348,1084.012975248671,False
2016-11-17,-259.4995117187467,-226.67443186369593,-0.002594995117187467,-0.0022667443186369595,-32.825079855050774,-0.00032825079855050777,-37.11767003239712,1084.012975248671,False
2016-11-18,254.24975585937582,292.33438120461466,0.0025424975585937584,0.0029233438120461466,-38.084625345238834,-0.0003808462534523883,-75.20229537763595,1084.012975248671,False
2016-11-21,133.25024414062293,122.20180609468221,0.0013325024414062292,0.001222018060946822,11.048438045940713,0.00011048438045940714,-64.15385733169524,1084.012975248671,False
2016-11-22,-317.50024414062256,-289.02468865770595,-0.0031750024414062255,-0.0028902468865770596,-28.475555482916604,-0.00028475555482916604,-92.62941281461184,1084.012975248671,False
2016-11-23,19.499755859376698,64.83428178347255,0.00019499755859376698,0.0006483428178347255,-45.33452592409585,-0.0004533452592409585,-137.9639387387077,1084.012975248671,False
2016-11-25,41.50024414062425,12.719572118014774,0.0004150024414062425,0.00012719572118014775,28.780672022609473,0.00028780672022609474,-109.18326671609822,1084.012975248671,False
2016-11-28,69.9997558593727,63.93806090066491,0.000699997558593727,0.0006393806090066491,6.06169495870779,6.06169495870779e-05,-103.12157175739043,1084.012975248671,False
2016-11-29,-429.99902343750205,-455.9874828243005,-0.00429999023437502,-0.004559874828243005,25.988459386798468,0.0002598845938679847,-77.13311237059196,1084.012975248671,False
2016-11-30,-192.75000000000085,-240.222996663941,-0.0019275000000000086,-0.00240222996663941,47.47299666394014,0.00047472996663940135,-29.660115706651823,1084.012975248671,False
2016-12-01,4.000000000001401,34.00078098341007,4.000000000001401e-05,0.0003400078098341007,-30.000780983408667,-0.00030000780983408665,-59.66089669006049,1084.012975248671,False
2016-12-02,229.25000000000293,232.5977651046807,0.0022925000000000293,0.002325977651046807,-3.3477651046777623,-3.3477651046777624e-05,-63.00866179473825,1084.012975248671,False
2016-12-05,41.249999999997556,21.962791822804586,0.00041249999999997555,0.00021962791822804586,19.28720817719297,0.0001928720817719297,-43.72145361754528,1084.012975248671,False
2016-12-06,353.75000000000125,393.8480789564054,0.0035375000000000124,0.003938480789564054,-40.09807895640415,-0.00040098078956404153,-83.81953257394943,1084.012975248671,False
2016-12-07,97.49999999999775,77.13354476182384,0.0009749999999999775,0.0007713354476182384,20.366455238173913,0.00020366455238173914,-63.45307733577552,1084.012975248671,False
2016-12-08,184.24999999999716,130.9898517686956,0.0018424999999999715,0.001309898517686956,53.26014823130157,0.0005326014823130158,-10.192929104473947,1084.012975248671,False
2016-12-09,-143.99999999999847,-106.08777240800408,-0.0014399999999999847,-0.001060877724080041,-37.91222759199438,-0.0003791222759199438,-48.10515669646833,1084.012975248671,False
2016-12-12,452.499999999997,417.87363729640686,0.00452499999999997,0.004178736372964068,34.62636270359013,0.0003462636270359013,-13.478793992878195,1084.012975248671,False
2016-12-13,-174.50000000000009,-119.56018835756745,-0.0017450000000000009,-0.0011956018835756746,-54.93981164243263,-0.0005493981164243263,-68.41860563531083,1084.012975248671,False
2016-12-14,75.99999999999916,-60.8550915707097,0.0007599999999999916,-0.0006085509157070971,136.85509157070885,0.0013685509157070886,68.43648593539803,1084.012975248671,False
2016-12-15,-108.49999999999972,-86.88304631619177,-0.0010849999999999972,-0.0008688304631619177,-21.61695368380795,-0.0002161695368380795,46.819532251590076,1084.012975248671,False
2016-12-16,93.49999999999812,113.87956900378227,0.0009349999999999812,0.0011387956900378226,-20.37956900378414,-0.0002037956900378414,26.439963247805935,1084.012975248671,False
2016-12-19,99.50000000000352,68.00260742877963,0.0009950000000000351,0.0006800260742877963,31.497392571223898,0.000314973925712239,57.93735581902983,1084.012975248671,False
2016-12-20,-73.00000000000179,-75.56139305100655,-0.0007300000000000179,-0.0007556139305100655,2.5613930510047567,2.5613930510047568e-05,60.49874887003459,1084.012975248671,False
2016-12-21,-43.49999999999923,-56.63198253729611,-0.0004349999999999923,-0.0005663198253729611,13.131982537296878,0.00013131982537296878,73.63073140733147,1084.012975248671,False
2016-12-22,23.999999999998384,36.52220996868541,0.00023999999999998382,0.0003652220996868541,-12.522209968687026,-0.00012522209968687025,61.108521438644445,1084.012975248671,False
2016-12-23,85.99999999999986,112.9300435419519,0.0008599999999999986,0.001129300435419519,-26.930043541952045,-0.00026930043541952047,34.1784778966924,1084.012975248671,False
2016-12-27,-307.5000000000025,-323.1343156256183,-0.003075000000000025,-0.0032313431562561827,15.634315625615784,0.00015634315625615784,49.81279352230818,1084.012975248671,False
2016-12-28,-12.999999999999428,44.80078239248764,-0.00012999999999999427,0.0004480078239248764,-57.800782392487065,-0.0005780078239248707,-7.9879888701788815,1084.012975248671,False
2016-12-29,-305.4999999999992,-347.90875720477993,-0.003054999999999992,-0.0034790875720477994,42.40875720478073,0.00042408757204780726,34.420768334601846,1084.012975248671,False
2016-12-30,247.0000000000029,298.4559019050542,0.002470000000000029,0.002984559019050542,-51.45590190505129,-0.000514559019050513,-17.035133570449446,1084.012975248671,False
2017-01-03,171.99999999999847,178.21991164899976,0.0017199999999999846,0.0017821991164899975,-6.21991164900129,-6.21991164900129e-05,-23.255045219450736,1084.012975248671,False
2017-01-04,114.00000000000263,154.423262700789,0.0011400000000000262,0.00154423262700789,-40.42326270078637,-0.0004042326270078637,-63.6783079202371,1084.012975248671,False
2017-01-05,408.4999999999949,356.50442474917475,0.004084999999999949,0.0035650442474917474,51.99557525082014,0.0005199557525082014,-11.682732669416964,1084.012975248671,False
2017-01-06,-28.999999999998415,25.236540646815257,-0.00028999999999998417,0.0002523654064681526,-54.23654064681367,-0.0005423654064681368,-65.91927331623063,1084.012975248671,False
2017-01-09,24.499999999996597,23.325849737691005,0.00024499999999996595,0.00023325849737691005,1.1741502623055915,1.1741502623055914e-05,-64.74512305392504,1084.012975248671,False
2017-01-10,195.9999999999971,238.66673061838813,0.001959999999999971,0.0023866673061838815,-42.66673061839103,-0.0004266673061839103,-107.41185367231607,1084.012975248671,False
2017-01-11,-187.00000000000065,-166.3456768551968,-0.0018700000000000066,-0.0016634567685519682,-20.65432314480384,-0.0002065432314480384,-128.06617681711992,1084.012975248671,False
2017-01-12,285.99999999999636,262.0329488314507,0.0028599999999999637,0.002620329488314507,23.96705116854565,0.00023967051168545653,-104.09912564857427,1084.012975248671,False
2017-01-13,-181.50000000000045,-107.90428523218173,-0.0018150000000000045,-0.0010790428523218174,-73.59571476781872,-0.0007359571476781871,-177.694840416393,1084.012975248671,False
2017-01-17,75.74999999999966,67.41604138145425,0.0007574999999999966,0.0006741604138145425,8.33395861854541,8.33395861854541e-05,-169.36088179784758,1084.012975248671,False
2017-01-18,-27.000000000000682,-66.42868444538618,-0.00027000000000000683,-0.0006642868444538618,39.4286844453855,0.00039428684445385497,-129.93219735246208,1084.012975248671,False
2017-01-19,31.99999999999943,46.97420268264969,0.00031999999999999433,0.0004697420268264969,-14.974202682650258,-0.00014974202682650257,-144.90640003511234,1084.012975248671,False
2017-01-20,-9.499999999998806,27.49506092327527,-9.499999999998807e-05,0.00027495060923275267,-36.995060923274075,-0.0003699506092327407,-181.90146095838642,1084.012975248671,False
2017-01-23,128.00000000000327,126.34708985716264,0.0012800000000000326,0.0012634708985716264,1.652910142840625,1.652910142840625e-05,-180.2485508155458,1084.012975248671,False
2017-01-24,197.9999999999987,115.01399315635558,0.001979999999999987,0.0011501399315635558,82.98600684364311,0.0008298600684364311,-97.26254397190269,1084.012975248671,False
2017-01-25,2.5000000000012763,-26.716350529634376,2.5000000000012764e-05,-0.0002671635052963438,29.21635052963565,0.00029216350529635653,-68.04619344226704,1084.012975248671,False
2017-01-26,9.000000000000995,-2.5658139923706855,9.000000000000995e-05,-2.5658139923706855e-05,11.56581399237168,0.0001156581399237168,-56.48037944989536,1084.012975248671,False
2017-01-27,-282.0,-271.88078876842894,-0.00282,-0.0027188078876842895,-10.119211231571057,-0.00010119211231571057,-66.59959068146642,1084.012975248671,False
2017-01-30,-45.999999999999126,-3.227431119252106,-0.0004599999999999913,-3.227431119252106e-05,-42.772568880747016,-0.00042772568880747016,-109.37215956221344,1084.012975248671,False
2017-01-31,285.99999999999994,258.6899626682578,0.0028599999999999993,0.002586899626682578,27.310037331742137,0.0002731003733174214,-82.0621222304713,1084.012975248671,False
2017-02-01,-50.000000000001236,-2.2919726496095194,-0.0005000000000000124,-2.2919726496095194e-05,-47.70802735039172,-0.00047708027350391717,-129.770149580863,1084.012975248671,False
2017-02-02,405.9999999999949,432.7941007116084,0.004059999999999949,0.004327941007116084,-26.79410071161351,-0.0002679410071161351,-156.56425029247652,1084.012975248671,False
2017-02-03,-34.00000000000311,17.119989410243143,-0.00034000000000003114,0.00017119989410243144,-51.119989410246255,-0.0005111998941024626,-207.68423970272278,1084.012975248671,False
2017-02-06,95.99999999999687,129.8232336053153,0.0009599999999999687,0.001298232336053153,-33.82323360531842,-0.0003382323360531842,-241.5074733080412,1084.012975248671,False
2017-02-07,75.49999999999903,96.84941828703492,0.0007549999999999904,0.0009684941828703493,-21.34941828703589,-0.00021349418287035888,-262.85689159507706,1084.012975248671,False
2017-02-08,112.00000000000006,130.71658978988398,0.0011200000000000006,0.0013071658978988398,-18.716589789883926,-0.00018716589789883925,-281.573481384961,1084.012975248671,False
2017-02-09,71.49999999999775,70.71444806282273,0.0007149999999999776,0.0007071444806282273,0.785551937175029,7.85551937175029e-06,-280.7879294477859,1084.012975248671,False
2017-02-10,132.49999999999835,113.00805602383903,0.0013249999999999835,0.0011300805602383903,19.49194397615932,0.00019491943976159318,-261.29598547162664,1084.012975248671,False
2017-02-13,87.25000000000259,84.2618329599424,0.0008725000000000258,0.000842618329599424,2.9881670400601905,2.9881670400601905e-05,-258.30781843156643,1084.012975248671,False
2017-02-14,135.50000000000034,176.22609880513383,0.0013550000000000033,0.0017622609880513383,-40.72609880513349,-0.00040726098805133487,-299.03391723669995,1084.012975248671,False
2017-02-15,-88.00000000000023,-46.143957319542096,-0.0008800000000000023,-0.000461439573195421,-41.85604268045813,-0.0004185604268045813,-340.8899599171581,1084.012975248671,False
2017-02-16,125.99999999999417,132.3165002167528,0.0012599999999999417,0.001323165002167528,-6.316500216758612,-6.316500216758612e-05,-347.2064601339167,1084.012975248671,False
2017-02-17,192.00000000000455,212.70720374497714,0.0019200000000000454,0.0021270720374497714,-20.70720374497259,-0.0002070720374497259,-367.91366387888934,1084.012975248671,False
2017-02-21,39.00000000000315,19.186272758042243,0.0003900000000000315,0.00019186272758042242,19.813727241960905,0.00019813727241960904,-348.0999366369284,1084.012975248671,False
2017-02-22,-58.50000000000508,-1.9656333688236032,-0.0005850000000000508,-1.9656333688236032e-05,-56.53436663118148,-0.0005653436663118148,-404.6343032681099,1084.012975248671,False
2017-02-23,67.50000000000009,100.25958616185318,0.0006750000000000009,0.0010025958616185317,-32.75958616185309,-0.00032759586161853094,-437.393889429963,1084.012975248671,False
2017-02-24,49.49999999999636,58.94712909718923,0.0004949999999999636,0.0005894712909718924,-9.447129097192871,-9.44712909719287e-05,-446.8410185271559,1084.012975248671,False
2017-02-27,-115.99999999999793,-153.78335469167132,-0.0011599999999999792,-0.0015378335469167133,37.783354691673395,0.00037783354691673396,-409.05766383548246,1084.012975248671,False
2017-02-28,483.4997558593766,536.2005533561613,0.004834997558593766,0.005362005533561613,-52.70079749678473,-0.0005270079749678473,-461.7584613322672,1084.012975248671,False
2017-03-01,-313.499755859373,-257.4177127620165,-0.00313499755859373,-0.002574177127620165,-56.08204309735652,-0.0005608204309735652,-517.8405044296237,1084.012975248671,False
2017-03-02,-42.50024414062649,-22.93134637578521,-0.0004250024414062649,-0.0002293134637578521,-19.56889776484128,-0.00019568897764841281,-537.409402194465,1084.012975248671,False
2017-03-03,-111.50000000000338,-122.07637456853682,-0.0011150000000000337,-0.0012207637456853682,10.576374568533438,0.00010576374568533439,-526.8330276259315,1084.012975248671,False
2017-03-06,-251.50024414062167,-219.23840483981328,-0.002515002441406217,-0.0021923840483981326,-32.26183930080839,-0.0003226183930080839,-559.09486692674,1084.012975248671,False
2017-03-07,-24.999511718749062,-7.757997671990097,-0.0002499951171874906,-7.757997671990097e-05,-17.241514046758965,-0.00017241514046758966,-576.336380973499,1084.012975248671,False
2017-03-08,-5.749511718755308,5.59684536111612,-5.7495117187553075e-05,5.59684536111612e-05,-11.346357079871428,-0.00011346357079871428,-587.6827380533704,1084.012975248671,False
2017-03-09,155.9995117187475,151.53799027109255,0.001559995117187475,0.0015153799027109256,4.461521447654945,4.4615214476549455e-05,-583.2212166057154,1084.012975248671,False
2017-03-10,60.24951171875294,62.88517565899174,0.0006024951171875294,0.0006288517565899174,-2.6356639402388,-2.6356639402387997e-05,-585.8568805459543,1084.012975248671,False
2017-03-13,-75.49999999999983,-85.54020860564577,-0.0007549999999999983,-0.0008554020860564578,10.040208605645944,0.00010040208605645944,-575.8166719403083,1084.012975248671,False
2017-03-14,134.7509765624998,153.4852337384105,0.001347509765624998,0.001534852337384105,-18.7342571759107,-0.00018734257175910698,-594.550929116219,1084.012975248671,False
2017-03-15,251.99902343750261,186.05740430958244,0.002519990234375026,0.0018605740430958245,65.94161912792018,0.0006594161912792018,-528.6093099882988,1084.012975248671,False
2017-03-16,-0.7490234374979075,-14.980767448977861,-7.490234374979075e-06,-0.0001498076744897786,14.231744011479954,0.00014231744011479954,-514.3775659768189,1084.012975248671,False
2017-03-17,32.99926757812466,29.174648253964975,0.0003299926757812466,0.00029174648253964974,3.824619324159684,3.824619324159684e-05,-510.5529466526592,1084.012975248671,False
2017-03-20,-455.49999999999915,-501.09175228214565,-0.004554999999999991,-0.005010917522821456,45.5917522821465,0.000455917522821465,-464.9611943705127,1084.012975248671,False
2017-03-21,144.5007324218754,128.1868099897609,0.001445007324218754,0.0012818680998976089,16.31392243211451,0.0001631392243211451,-448.6472719383982,1084.012975248671,False
2017-03-22,-152.500000000002,-151.25651473593288,-0.0015250000000000198,-0.0015125651473593287,-1.2434852640691076,-1.2434852640691077e-05,-449.8907572024673,1084.012975248671,False
2017-03-23,326.74926757811306,302.77965538430715,0.0032674926757811306,0.0030277965538430714,23.969612193805915,0.00023969612193805914,-425.92114500866137,1084.012975248671,False
2017-03-24,-20.249267578123874,-31.34606639373537,-0.00020249267578123875,-0.0003134606639373537,11.096798815611496,0.00011096798815611497,-414.82434619304985,1084.012975248671,False
2017-03-27,349.99902343749875,340.88685028327853,0.0034999902343749874,0.003408868502832785,9.112173154220216,9.112173154220215e-05,-405.71217303882963,1084.012975248671,False
2017-03-28,194.50097656249693,188.9481559696263,0.0019450097656249694,0.001889481559696263,5.552820592870631,5.552820592870631e-05,-400.15935244595903,1084.012975248671,False
2017-03-29,-46.50073242187514,-22.035711901333144,-0.00046500732421875143,-0.00022035711901333143,-24.465020520541998,-0.00024465020520542,-424.624372966501,1084.012975248671,False
2017-03-30,-18.49926757812549,-25.174481438905755,-0.0001849926757812549,-0.00025174481438905753,6.675213860780264,6.675213860780264e-05,-417.94915910572075,1084.012975248671,False
2017-03-31,-20.500732421872588,-24.77101945400862,-0.00020500732421872587,-0.0002477101945400862,4.270287032136032,4.270287032136032e-05,-413.6788720735847,1084.012975248671,False
2017-04-03,92.00024414062871,75.22489880059469,0.0009200024414062871,0.0007522489880059469,16.775345340034022,0.00016775345340034023,-396.90352673355073,1084.012975248671,False
2017-04-04,-410.00024414062716,-363.7570024488289,-0.004100002441406272,-0.003637570024488289,-46.24324169179823,-0.0004624324169179823,-443.14676842534897,1084.012975248671,False
2017-04-05,169.75048828125406,177.05414119260985,0.0016975048828125406,0.0017705414119260985,-7.303652911355783,-7.303652911355783e-05,-450.4504213367047,1084.012975248671,False
2017-04-06,4.0000000000033,0.29776155960358164,4.0000000000033e-05,2.9776155960358163e-06,3.702238440399718,3.702238440399718e-05,-446.748182896305,1084.012975248671,False
2017-04-07,-25.000244140630294,-19.10652808872746,-0.00025000244140630293,-0.0001910652808872746,-5.893716051902835,-5.8937160519028355e-05,-452.6418989482079,1084.012975248671,False
2017-04-10,91.00048828124709,67.25123157926822,0.0009100048828124709,0.0006725123157926823,23.749256701978865,0.00023749256701978866,-428.892642246229,1084.012975248671,False
2017-04-11,-172.75097656249864,-169.3101568824299,-0.0017275097656249863,-0.001693101568824299,-3.440819680068728,-3.440819680068728e-05,-432.33346192629773,1084.012975248671,False
2017-04-12,48.000488281249346,14.740778770262523,0.0004800048828124935,0.00014740778770262522,33.25970951098682,0.00033259709510986824,-399.0737524153109,1084.012975248671,False
2017-04-13,460.5004882812561,474.96945536951773,0.004605004882812561,0.004749694553695177,-14.46896708826165,-0.0001446896708826165,-413.5427195035725,1084.012975248671,False
2017-04-17,-69.50097656250207,-60.12100655051035,-0.0006950097656250208,-0.0006012100655051035,-9.379970011991723,-9.379970011991723e-05,-422.92268951556423,1084.012975248671,False
2017-04-18,-322.4985351562467,-269.0571177899768,-0.003224985351562467,-0.002690571177899768,-53.44141736626989,-0.0005344141736626989,-476.3641068818341,1084.012975248671,False
2017-04-19,551.7504882812523,543.6001025982234,0.005517504882812523,0.005436001025982234,8.150385683028844,8.150385683028844e-05,-468.2137211988053,1084.012975248671,False
2017-04-20,134.99780273437295,115.0133797729152,0.0013499780273437294,0.001150133797729152,19.984422961457753,0.00019984422961457753,-448.2292982373475,1084.012975248671,False
2017-04-21,4.500488281252117,50.959878952016,4.500488281252118e-05,0.00050959878952016,-46.45939067076388,-0.0004645939067076388,-494.6886889081114,1084.012975248671,False
2017-04-24,46.001464843751506,28.420815185874545,0.00046001464843751507,0.00028420815185874545,17.58064965787696,0.00017580649657876962,-477.1080392502344,1084.012975248671,False
2017-04-25,-121.75000000000108,-106.87449802478042,-0.0012175000000000109,-0.0010687449802478043,-14.875501975220658,-0.00014875501975220658,-491.98354122545504,1084.012975248671,False
2017-04-26,273.499511718752,309.1987222175951,0.0027349951171875197,0.003091987222175951,-35.699210498843115,-0.00035699210498843113,-527.6827517242982,1084.012975248671,False
2017-04-27,-24.999267578127217,-30.16180335848607,-0.0002499926757812722,-0.00030161803358486067,5.162535780358851,5.162535780358852e-05,-522.5202159439393,1084.012975248671,False
2017-04-28,-118.0014648437452,-33.26841550853814,-0.001180014648437452,-0.0003326841550853814,-84.73304933520706,-0.0008473304933520705,-607.2532652791464,1084.012975248671,False
2017-05-01,38.50000000000038,30.603755786304866,0.0003850000000000038,0.00030603755786304867,7.89624421369551,7.896244213695511e-05,-599.3570210654509,1084.012975248671,False
2017-05-02,-216.00000000000085,-219.5622982132235,-0.0021600000000000087,-0.002195622982132235,3.562298213222647,3.562298213222647e-05,-595.7947228522282,1084.012975248671,False
2017-05-03,-126.50024414062332,-80.1823291180717,-0.0012650024414062333,-0.000801823291180717,-46.31791502255162,-0.00046317915022551614,-642.1126378747798,1084.012975248671,False
2017-05-04,195.50048828124693,229.61783900710603,0.001955004882812469,0.0022961783900710604,-34.1173507258591,-0.000341173507258591,-676.2299886006389,1084.012975248671,False
2017-05-05,3.499511718746451,10.763901177439571,3.499511718746451e-05,0.00010763901177439571,-7.26438945869312,-7.26438945869312e-05,-683.494378059332,1084.012975248671,False
2017-05-08,-44.50000000000331,-6.753819777274941,-0.0004450000000000331,-6.753819777274942e-05,-37.74618022272837,-0.0003774618022272837,-721.2405582820604,1084.012975248671,False
2017-05-09,65.00048828125028,58.469847465243994,0.0006500048828125028,0.0005846984746524399,6.53064081600629,6.53064081600629e-05,-714.7099174660541,1084.012975248671,False
2017-05-10,-50.999511718749055,-62.96532386024573,-0.0005099951171874906,-0.0006296532386024573,11.965812141496677,0.00011965812141496677,-702.7441053245574,1084.012975248671,False
2017-05-11,62.99999999999673,76.32727183087044,0.0006299999999999673,0.0007632727183087045,-13.327271830873713,-0.00013327271830873712,-716.071377155431,1084.012975248671,False
2017-05-12,266.9992675781325,263.3898927669238,0.002669992675781325,0.0026338989276692383,3.6093748112086814,3.6093748112086814e-05,-712.4620023442224,1084.012975248671,False
2017-05-15,141.00024414062563,146.71284881783544,0.0014100024414062562,0.0014671284881783543,-5.712604677209811,-5.7126046772098105e-05,-718.1746070214322,1084.012975248671,False
2017-05-16,-753.9995117187514,-897.0798775947057,-0.007539995117187514,-0.008970798775947057,143.08036587595439,0.001430803658759544,-575.0942411454778,1084.012975248671,False
2017-05-17,177.99975585937335,140.6667703549476,0.0017799975585937335,0.001406667703549476,37.33298550442575,0.0003733298550442575,-537.761255641052,1084.012975248671,False
2017-05-18,369.9992675781327,353.3691024920368,0.0036999926757813268,0.003533691024920368,16.63016508609587,0.0001663016508609587,-521.1310905549561,1084.012975248671,False
2017-05-19,524.2504882812428,525.0574831286864,0.0052425048828124285,0.005250574831286864,-0.8069948474435478,-8.069948474435478e-06,-521.9380854023997,1084.012975248671,False
2017-05-22,-8.500488281249467,-5.575452115680889,-8.500488281249467e-05,-5.575452115680889e-05,-2.925036165568578,-2.925036165568578e-05,-524.8631215679683,1084.012975248671,False
2017-05-23,149.9995117187557,150.7155944940942,0.001499995117187557,0.0015071559449409422,-0.7160827753384922,-7.160827753384922e-06,-525.5792043433067,1084.012975248671,False
2017-05-24,351.00048828125114,377.6995540281828,0.003510004882812511,0.0037769955402818275,-26.699065746931637,-0.0002669906574693164,-552.2782700902384,1084.012975248671,False
2017-05-25,277.4990234375028,323.9096610217091,0.002774990234375028,0.003239096610217091,-46.41063758420631,-0.00046410637584206314,-598.6889076744446,1084.012975248671,False
2017-05-26,-150.9999999999987,-135.0991320014662,-0.0015099999999999868,-0.0013509913200146619,-15.900867998532505,-0.00015900867998532505,-614.5897756729771,1084.012975248671,False
2017-05-30,201.50146484374866,205.9845167224854,0.0020150146484374867,0.002059845167224854,-4.483051878736745,-4.483051878736745e-05,-619.0728275517139,1084.012975248671,False
2017-05-31,246.99951171874855,292.46688852812224,0.0024699951171874854,0.0029246688852812225,-45.46737680937369,-0.0004546737680937369,-664.5402043610876,1084.012975248671,False
2017-06-01,540.4995117187559,522.2320369766546,0.005404995117187559,0.005222320369766546,18.267474742101285,0.00018267474742101285,-646.2727296189863,1084.012975248671,False
2017-06-02,-28.50000000000059,-12.071455098550544,-0.0002850000000000059,-0.00012071455098550544,-16.428544901450046,-0.00016428544901450046,-662.7012745204364,1084.012975248671,False
2017-06-05,188.50097656250495,189.62037966933048,0.0018850097656250495,0.0018962037966933048,-1.11940310682553,-1.1194031068255299e-05,-663.820677627262,1084.012975248671,False
2017-06-06,113.99951171875341,90.58845127647942,0.0011399951171875342,0.0009058845127647942,23.411060442273993,0.00023411060442273993,-640.409617184988,1084.012975248671,False
2017-06-07,-221.99902343750614,-201.89671293967154,-0.0022199902343750613,-0.0020189671293967155,-20.102310497834594,-0.00020102310497834594,-660.5119276828225,1084.012975248671,False
2017-06-08,-698.9997558593786,-847.7309291114213,-0.006989997558593786,-0.008477309291114213,148.7311732520427,0.0014873117325204272,-511.7807544307798,1084.012975248671,False
2017-06-09,-148.99999999999736,-148.78324611298035,-0.0014899999999999736,-0.0014878324611298035,-0.21675388701700626,-2.167538870170063e-06,-511.9975083177968,1084.012975248671,False
2017-06-12,465.4990234374967,472.2561513266587,0.004654990234374967,0.004722561513266587,-6.757127889162007,-6.757127889162006e-05,-518.7546362069588,1084.012975248671,False
2017-06-13,87.50146484374721,64.16597001021007,0.0008750146484374721,0.0006416597001021008,23.33549483353714,0.0002333549483353714,-495.41914137342167,1084.012975248671,False
2017-06-14,-549.5009765624976,-492.37091137214503,-0.005495009765624976,-0.004923709113721451,-57.13006519035258,-0.0005713006519035258,-552.5492065637743,1084.012975248671,False
2017-06-15,-91.99975585937769,-101.97676336018354,-0.0009199975585937769,-0.0010197676336018355,9.977007500805854,9.977007500805854e-05,-542.5721990629685,1084.012975248671,False
2017-06-16,132.99902343750236,224.22347765108606,0.0013299902343750236,0.0022422347765108605,-91.2244542135837,-0.000912244542135837,-633.7966532765522,1084.012975248671,False
2017-06-19,-198.49951171874878,-164.85457531629612,-0.001984995117187488,-0.0016485457531629612,-33.64493640245266,-0.00033644936402452656,-667.4415896790049,1084.012975248671,False
2017-06-20,362.5004882812542,312.5927155178296,0.003625004882812542,0.003125927155178296,49.90777276342459,0.0004990777276342459,-617.5338169155802,1084.012975248671,False
2017-06-21,-2.00024414062673,-22.68430162106614,-2.00024414062673e-05,-0.0002268430162106614,20.68405748043941,0.0002068405748043941,-596.8497594351409,1084.012975248671,False
2017-06-22,225.5000000000029,257.44827500741997,0.002255000000000029,0.0025744827500741997,-31.948275007417067,-0.0003194827500741707,-628.798034442558,1084.012975248671,False
2017-06-23,-393.99999999999875,-357.8377247638397,-0.003939999999999988,-0.0035783772476383965,-36.162275236159076,-0.00036162275236159075,-664.9603096787171,1084.012975248671,False
2017-06-26,-760.5000000000009,-771.7335369177132,-0.007605000000000009,-0.007717335369177132,11.233536917712286,0.00011233536917712286,-653.7267727610048,1084.012975248671,False
2017-06-27,723.9995117187475,763.9259398820681,0.007239995117187475,0.00763925939882068,-39.926428163320566,-0.00039926428163320567,-693.6532009243253,1084.012975248671,False
2017-06-28,-1134.9985351562516,-1039.5220499942156,-0.011349985351562515,-0.010395220499942157,-95.47648516203594,-0.0009547648516203594,-789.1296860863613,1084.012975248671,False
2017-06-29,-26.50000000000098,-11.414752676004698,-0.0002650000000000098,-0.00011414752676004698,-15.085247323996283,-0.00015085247323996283,-804.2149334103576,1084.012975248671,False
2017-06-30,-953.0009765625009,-863.7752011327109,-0.009530009765625009,-0.00863775201132711,-89.22577542979002,-0.0008922577542979002,-893.4407088401476,1084.012975248671,False
2017-07-03,538.0000000000035,574.467414041056,0.005380000000000035,0.005744674140410561,-36.46741404105251,-0.00036467414041052506,-929.9081228812001,1084.012975248671,False
2017-07-05,-519.4990234375036,-563.1606766480683,-0.005194990234375037,-0.005631606766480683,43.66165321056462,0.00043661653210564624,-886.2464696706355,1084.012975248671,False
2017-07-06,523.9990234374968,493.48307411972803,0.005239990234374968,0.00493483074119728,30.515949317768786,0.00030515949317768787,-855.7305203528667,1084.012975248671,False
2017-07-07,197.99999999999986,200.76824253634064,0.0019799999999999987,0.002007682425363406,-2.7682425363407788,-2.7682425363407786e-05,-858.4987628892075,1084.012975248671,False
2017-07-10,66.9999999999993,54.610232543213655,0.0006699999999999931,0.0005461023254321366,12.389767456785648,0.00012389767456785647,-846.1089954324218,1084.012975248671,False
2017-07-11,462.0002441406254,456.9504728842459,0.004620002441406254,0.004569504728842459,5.049771256379472,5.049771256379472e-05,-841.0592241760423,1084.012975248671,False
2017-07-12,60.50073242187198,56.647981129494504,0.0006050073242187198,0.000566479811294945,3.8527512923774765,3.852751292377476e-05,-837.2064728836649,1084.012975248671,False
2017-07-13,389.99951171875057,365.9749965351682,0.0038999951171875056,0.003659749965351682,24.024515183582366,0.00024024515183582366,-813.1819577000825,1084.012975248671,False
2017-07-14,110.49951171874956,108.07793394650419,0.0011049951171874955,0.0010807793394650418,2.421577772245371,2.421577772245371e-05,-810.7603799278372,1084.012975248671,False
2017-07-17,185.50073242187256,168.3037781078726,0.0018550073242187255,0.001683037781078726,17.196954313999953,0.00017196954313999954,-793.5634256138372,1084.012975248671,False
2017-07-18,281.4995117187524,286.5625455463653,0.002814995117187524,0.002865625455463653,-5.063033827612912,-5.063033827612912e-05,-798.6264594414502,1084.012975248671,False
2017-07-19,130.50000000000176,116.91059881602305,0.0013050000000000175,0.0011691059881602304,13.589401183978708,0.00013589401183978708,-785.0370582574715,1084.012975248671,False
2017-07-20,144.5004882812556,185.4360735097041,0.001445004882812556,0.001854360735097041,-40.9355852284485,-0.00040935585228448504,-825.97264348592,1084.012975248671,False
2017-07-21,8.500488281248927,14.488944224021452,8.500488281248928e-05,0.00014488944224021452,-5.988455942772525,-5.988455942772525e-05,-831.9610994286925,1084.012975248671,False
2017-07-24,15.997802734375151,17.698589788628034,0.00015997802734375152,0.00017698589788628033,-1.7007870542528831,-1.7007870542528833e-05,-833.6618864829453,1084.012975248671,False
2017-07-25,-56.248535156251556,-42.20422799532774,-0.0005624853515625156,-0.00042204227995327743,-14.044307160923815,-0.00014044307160923815,-847.7061936438691,1084.012975248671,False
2017-07-26,234.74926757812386,185.7607598323163,0.0023474926757812388,0.001857607598323163,48.98850774580757,0.0004898850774580757,-798.7176858980615,1084.012975248671,False
2017-07-27,160.75048828125267,139.11412355702979,0.0016075048828125267,0.001391141235570298,21.636364724222886,0.00021636364724222888,-777.0813211738387,1084.012975248671,False
2017-07-28,-104.75048828124952,-113.01389590568957,-0.001047504882812495,-0.0011301389590568957,8.263407624440049,8.263407624440049e-05,-768.8179135493986,1084.012975248671,False
2017-07-31,257.2500000000008,229.25560242552828,0.002572500000000008,0.002292556024255283,27.994397574472515,0.00027994397574472514,-740.8235159749261,1084.012975248671,False
2017-08-01,41.749999999992696,45.58596111216129,0.00041749999999992694,0.0004558596111216129,-3.8359611121685973,-3.8359611121685974e-05,-744.6594770870946,1084.012975248671,False
2017-08-02,-187.7500000000018,-178.50778064149583,-0.0018775000000000178,-0.0017850778064149582,-9.242219358505963,-9.242219358505963e-05,-753.9016964456006,1084.012975248671,False
2017-08-03,-176.2509765624955,-218.74791198713945,-0.0017625097656249551,-0.0021874791198713945,42.49693542464394,0.00042496935424643934,-711.4047610209566,1084.012975248671,False
2017-08-04,156.50195312500153,165.74472976548037,0.0015650195312500153,0.0016574472976548036,-9.242776640478837,-9.242776640478838e-05,-720.6475376614354,1084.012975248671,False
2017-08-07,-166.2529296874997,-148.1548088083743,-0.0016625292968749969,-0.001481548088083743,-18.09812087912539,-0.00018098120879125388,-738.7456585405608,1084.012975248671,False
2017-08-08,522.7521972656263,483.3614732546097,0.0052275219726562626,0.004833614732546097,39.39072401101657,0.0003939072401101657,-699.3549345295443,1084.012975248671,False
2017-08-09,-847.5014648437516,-902.008786759514,-0.008475014648437517,-0.00902008786759514,54.50732191576242,0.0005450732191576242,-644.8476126137818,1084.012975248671,False
2017-08-10,297.00048828125546,241.16727824837454,0.0029700048828125544,0.0024116727824837455,55.83321003288091,0.0005583321003288091,-589.0144025809009,1084.012975248671,False
2017-08-11,711.0004882812502,603.7733327759192,0.007110004882812502,0.006037733327759192,107.22715550533098,0.0010722715550533098,-481.7872470755699,1084.012975248671,False
2017-08-14,-204.74902343750406,-251.1098983613852,-0.0020474902343750405,-0.002511098983613852,46.36087492388114,0.0004636087492388114,-435.4263721516887,1084.012975248671,False
2017-08-15,174.74902343749545,162.19835721580233,0.0017474902343749545,0.0016219835721580232,12.55066622169312,0.0001255066622169312,-422.8757059299956,1084.012975248671,False
2017-08-16,-985.9999999999945,-906.9903369806073,-0.009859999999999945,-0.009069903369806072,-79.00966301938729,-0.0007900966301938729,-501.8853689493829,1084.012975248671,False
2017-08-17,-25.750976562504448,-21.41585520837358,-0.0002575097656250445,-0.0002141585520837358,-4.3351213541308695,-4.335121354130869e-05,-506.22049030351377,1084.012975248671,False
2017-08-18,86.75292968749179,69.86839192872291,0.0008675292968749179,0.0006986839192872291,16.88453775876887,0.00016884537758768872,-489.3359525447449,1084.012975248671,False
2017-08-21,854.7485351562573,924.7760982851784,0.008547485351562573,0.009247760982851783,-70.02756312892109,-0.0007002756312892109,-559.3635156736659,1084.012975248671,False
2017-08-22,-104.24853515625466,-100.93329629911324,-0.0010424853515625465,-0.0010093329629911323,-3.3152388571414235,-3.315238857141423e-05,-562.6787545308073,1084.012975248671,False
2017-08-23,-102.75146484375044,-118.83649181395293,-0.0010275146484375044,-0.0011883649181395294,16.08502697020249,0.0001608502697020249,-546.5937275606047,1084.012975248671,False
2017-08-24,61.75073242187342,47.87397057070342,0.0006175073242187342,0.0004787397057070342,13.876761851170002,0.0001387676185117,-532.7169657094347,1084.012975248671,False
2017-08-25,512.2504882812409,530.024449881171,0.005122504882812409,0.00530024449881171,-17.77396159993009,-0.00017773961599930088,-550.4909273093648,1084.012975248671,False
2017-08-28,188.24951171874676,171.2147382437678,0.0018824951171874675,0.0017121473824376781,17.034773474978948,0.0001703477347497895,-533.4561538343859,1084.012975248671,False
2017-08-29,208.7490234375029,187.58249765819875,0.002087490234375029,0.0018758249765819875,21.166525779304152,0.0002116652577930415,-512.2896280550817,1084.012975248671,False
2017-08-30,344.75195312499915,395.39462213408353,0.0034475195312499915,0.003953946221340835,-50.642669009084386,-0.0005064266900908439,-562.932297064166,1084.012975248671,False
2017-08-31,180.24902343749636,143.61453438014163,0.0018024902343749636,0.0014361453438014164,36.63448905735473,0.00036634489057354725,-526.2978080068114,1084.012975248671,False
2017-09-01,13.499511718750824,-8.944826937242482,0.00013499511718750824,-8.944826937242481e-05,22.444338655993306,0.00022444338655993305,-503.85346935081805,1084.012975248671,False
2017-09-05,36.74999999999994,24.59654967386912,0.00036749999999999945,0.0002459654967386912,12.153450326130823,0.00012153450326130823,-491.7000190246872,1084.012975248671,False
2017-09-06,291.00097656249966,270.61005586127334,0.0029100097656249964,0.0027061005586127332,20.39092070122632,0.0002039092070122632,-471.3090983234609,1084.012975248671,False
2017-09-07,-118.49975585937618,-100.90811522743014,-0.0011849975585937619,-0.0010090811522743015,-17.591640631946035,-0.00017591640631946034,-488.90073895540695,1084.012975248671,False
2017-09-08,-52.50000000000236,-156.50340346043419,-0.0005250000000000236,-0.0015650340346043418,104.00340346043183,0.0010400340346043183,-384.8973354949751,1084.012975248671,False
2017-09-11,40.49999999999915,1.2048308024473187,0.00040499999999999147,1.2048308024473187e-05,39.29516919755183,0.0003929516919755183,-345.60216629742325,1084.012975248671,False
2017-09-12,-80.501464843749,-81.54380692800153,-0.0008050146484374901,-0.0008154380692800152,1.0423420842525246,1.0423420842525247e-05,-344.5598242131707,1084.012975248671,False
2017-09-13,-50.49902343750502,-53.61390867824241,-0.0005049902343750503,-0.0005361390867824241,3.1148852407373866,3.114885240737387e-05,-341.4449389724333,1084.012975248671,False
2017-09-14,-2.999511718748437,-37.69618539268083,-2.9995117187484366e-05,-0.0003769618539268083,34.696673673932395,0.00034696673673932394,-306.7482652985009,1084.012975248671,False
2017-09-15,-250.0004882812499,-254.75915203474239,-0.002500004882812499,-0.0025475915203474237,4.758663753492499,4.7586637534924986e-05,-301.9896015450084,1084.012975248671,False
2017-09-18,38.49926757812629,36.29686032927013,0.00038499267578126294,0.0003629686032927013,2.2024072488561615,2.2024072488561616e-05,-299.7871942961522,1084.012975248671,False
2017-09-19,10.000976562496419,32.14366053807457,0.0001000097656249642,0.0003214366053807457,-22.14268397557815,-0.0002214268397557815,-321.9298782717304,1084.012975248671,False
2017-09-20,-673.9995117187475,-611.6017524254813,-0.006739995117187475,-0.006116017524254813,-62.397759293266176,-0.0006239775929326618,-384.32763756499656,1084.012975248671,False
2017-09-21,-26.000488281248444,-28.91030675661697,-0.00026000488281248445,-0.0002891030675661697,2.9098184753685246,2.9098184753685246e-05,-381.41781908962804,1084.012975248671,False
2017-09-22,-88.00000000000233,-63.061797337198016,-0.0008800000000000233,-0.0006306179733719801,-24.938202662804315,-0.0002493820266280432,-406.35602175243235,1084.012975248671,False
2017-09-25,-24.49926757812615,-52.784925036034565,-0.0002449926757812615,-0.0005278492503603457,28.285657457908414,0.00028285657457908413,-378.0703642945239,1084.012975248671,False
2017-09-26,244.99951171875972,280.88335969984576,0.0024499951171875973,0.0028088335969984573,-35.883847981086035,-0.00035883847981086036,-413.95421227560996,1084.012975248671,False
2017-09-27,15.25024414062689,13.349136737731824,0.0001525024414062689,0.00013349136737731825,1.9011074028950663,1.9011074028950662e-05,-412.05310487271487,1084.012975248671,False
2017-09-28,268.49951171875705,227.11729345022633,0.0026849951171875703,0.0022711729345022635,41.38221826853072,0.0004138221826853072,-370.67088660418415,1084.012975248671,False
2017-09-29,-81.49999999999979,-105.57396206993657,-0.0008149999999999979,-0.0010557396206993658,24.073962069936783,0.00024073962069936784,-346.59692453424736,1084.012975248671,False
2017-10-02,75.9985351562469,65.29210656788295,0.000759985351562469,0.0006529210656788296,10.706428588363949,0.00010706428588363949,-335.8904959458834,1084.012975248671,False
2017-10-03,91.00146484375365,93.43281732262372,0.0009100146484375365,0.0009343281732262372,-2.4313524788700676,-2.4313524788700674e-05,-338.32184842475345,1084.012975248671,False
2017-10-04,189.00048828125205,174.0179182023498,0.0018900048828125204,0.001740179182023498,14.982570078902256,0.00014982570078902257,-323.3392783458512,1084.012975248671,False
2017-10-05,5.999023437500167,0.17511825204608678,5.999023437500167e-05,1.7511825204608678e-06,5.82390518545408,5.8239051854540805e-05,-317.51537316039713,1084.012975248671,False
2017-10-06,291.49926757812176,241.995910906125,0.002914992675781218,0.0024199591090612502,49.503356671996755,0.0004950335667199676,-268.0120164884004,1084.012975248671,False
2017-10-09,274.0009765625066,222.71272531934048,0.002740009765625066,0.002227127253193405,51.288251243166116,0.0005128825124316611,-216.72376524523426,1084.012975248671,False
2017-10-10,38.499511718747314,66.29061142816003,0.00038499511718747317,0.0006629061142816003,-27.79109970941272,-0.0002779109970941272,-244.51486495464698,1084.012975248671,False
2017-10-11,68.49951171875001,58.665596820388615,0.0006849951171875001,0.0005866559682038862,9.8339148983614,9.8339148983614e-05,-234.68095005628558,1084.012975248671,False
2017-10-12,310.74951171874335,289.15152103938954,0.0031074951171874334,0.0028915152103938953,21.597990679353813,0.00021597990679353814,-213.08295937693177,1084.012975248671,False
2017-10-13,102.50048828125443,102.3954044223885,0.0010250048828125444,0.0010239540442238849,0.10508385886593885,1.0508385886593884e-06,-212.97787551806584,1084.012975248671,False
2017-10-16,-314.4985351562539,-372.30866849125516,-0.0031449853515625394,-0.0037230866849125516,57.81013333500124,0.0005781013333500124,-155.1677421830646,1084.012975248671,False
2017-10-17,-20.00073242187227,-27.134497010509612,-0.0002000073242187227,-0.0002713449701050961,7.133764588637341,7.133764588637341e-05,-148.03397759442726,1084.012975248671,False
2017-10-18,59.00000000000638,58.9202635168414,0.0005900000000000638,0.000589202635168414,0.07973648316497872,7.973648316497872e-07,-147.95424111126226,1084.012975248671,False
2017-10-19,-1.9999999999984084,16.01055658070522,-1.9999999999984084e-05,0.0001601055658070522,-18.01055658070363,-0.0001801055658070363,-165.96479769196588,1084.012975248671,False
2017-10-20,-229.4995117187521,-233.01645680938526,-0.002294995117187521,-0.002330164568093853,3.5169450906331576,3.5169450906331575e-05,-162.44785260133273,1084.012975248671,False
2017-10-23,15.000488281250213,4.505686789558752,0.00015000488281250213,4.5056867895587514e-05,10.494801491691462,0.00010494801491691461,-151.95305110964125,1084.012975248671,False
2017-10-24,-133.5009765625016,-118.30417997110438,-0.001335009765625016,-0.0011830417997110438,-15.196796591397217,-0.00015196796591397216,-167.14984770103848,1084.012975248671,False
2017-10-25,-211.5007324218772,-185.43343650301676,-0.002115007324218772,-0.0018543343650301676,-26.067295918860424,-0.00026067295918860424,-193.2171436198989,1084.012975248671,False
2017-10-26,736.0014648437518,841.5765085730696,0.007360014648437518,0.008415765085730697,-105.57504372931783,-0.0010557504372931783,-298.79218734921676,1084.012975248671,False
2017-10-27,66.75048828125026,74.32127941010584,0.0006675048828125025,0.0007432127941010585,-7.570791128855589,-7.570791128855589e-05,-306.36297847807236,1084.012975248671,False
2017-10-30,-48.001464843751805,-65.94625460094403,-0.00048001464843751805,-0.0006594625460094403,17.944789757192225,0.00017944789757192226,-288.41818872088015,1084.012975248671,False
2017-10-31,120.00097656250097,108.93344098751193,0.0012000097656250097,0.0010893344098751193,11.067535574989037,0.00011067535574989037,-277.3506531458911,1084.012975248671,False
2017-11-01,15.998535156251418,15.876461587402336,0.00015998535156251417,0.00015876461587402334,0.12207356884908194,1.2207356884908195e-06,-277.228579577042,1084.012975248671,False
2017-11-02,12.002929687493435,65.70324272536203,0.00012002929687493434,0.0006570324272536203,-53.7003130378686,-0.000537003130378686,-330.92889261491064,1084.012975248671,False
2017-11-03,353.9980468749937,326.4994773096267,0.0035399804687499367,0.003264994773096267,27.498569565367006,0.0002749856956536701,-303.43032304954363,1084.012975248671,False
2017-11-06,-67.99926757812543,-94.57665676477117,-0.0006799926757812542,-0.0009457665676477117,26.577389186645746,0.00026577389186645744,-276.8529338628979,1084.012975248671,False
2017-11-07,302.5004882812466,294.8304667819522,0.003025004882812466,0.0029483046678195225,7.670021499294364,7.670021499294365e-05,-269.1829123636035,1084.012975248671,False
2017-11-08,-102.00146484375175,-103.8105329419277,-0.0010200146484375175,-0.0010381053294192771,1.8090680981759562,1.8090680981759563e-05,-267.3738442654276,1084.012975248671,False
2017-11-09,-331.99853515624955,-340.1503243316985,-0.0033199853515624954,-0.003401503243316985,8.151789175448982,8.151789175448983e-05,-259.2220550899786,1084.012975248671,False
2017-11-10,82.9995117187527,103.45643651220598,0.000829995117187527,0.0010345643651220597,-20.456924793453283,-0.00020456924793453283,-279.6789798834319,1084.012975248671,False
2017-11-13,-14.00000000000297,-20.726291154903116,-0.0001400000000000297,-0.00020726291154903116,6.726291154900146,6.726291154900146e-05,-272.95268872853177,1084.012975248671,False
2017-11-14,-277.99902343750216,-278.8944631908627,-0.0027799902343750215,-0.0027889446319086272,0.8954397533605629,8.954397533605629e-06,-272.0572489751712,1084.012975248671,False
2017-11-15,409.0000000000059,361.07740283587304,0.004090000000000059,0.0036107740283587305,47.92259716413287,0.00047922597164132865,-224.13465181103834,1084.012975248671,False
2017-11-16,449.74780273437466,385.44109869804595,0.004497478027343746,0.0038544109869804596,64.30670403632871,0.0006430670403632871,-159.82794777470963,1084.012975248671,False
2017-11-17,-172.24951171875094,-226.84975206660644,-0.0017224951171875094,-0.0022684975206660645,54.600240347855504,0.000546002403478555,-105.22770742685412,1084.012975248671,False
2017-11-20,389.25024414062045,403.3817845237215,0.0038925024414062045,0.004033817845237215,-14.131540383101026,-0.00014131540383101026,-119.35924780995515,1084.012975248671,False
2017-11-21,221.24999999999443,194.19447048636908,0.002212499999999944,0.0019419447048636908,27.055529513625345,0.00027055529513625345,-92.3037182963298,1084.012975248671,False
2017-11-22,30.499511718748252,47.781994493292004,0.0003049951171874825,0.00047781994493292004,-17.28248277454375,-0.0001728248277454375,-109.58620107087356,1084.012975248671,False
2017-11-24,144.74951171875287,140.03083831686237,0.0014474951171875288,0.0014003083831686236,4.7186734018904986,4.718673401890498e-05,-104.86752766898306,1084.012975248671,False
2017-11-27,159.24999999999557,172.91665156724216,0.0015924999999999557,0.0017291665156724215,-13.66665156724659,-0.00013666651567246588,-118.53417923622965,1084.012975248671,False
2017-11-28,-848.0014648437508,-791.3808393203867,-0.008480014648437508,-0.007913808393203867,-56.62062552336408,-0.0005662062552336408,-175.15480475959373,1084.012975248671,False
2017-11-29,146.99999999999835,96.1582985770438,0.0014699999999999835,0.0009615829857704379,50.84170142295456,0.0005084170142295455,-124.31310333663917,1084.012975248671,False
2017-11-30,-9.499023437499723,-27.126864889020773,-9.499023437499723e-05,-0.00027126864889020775,17.62784145152105,0.0001762784145152105,-106.68526188511812,1084.012975248671,False
2017-12-01,-444.75195312499943,-354.3527287225022,-0.004447519531249994,-0.003543527287225022,-90.39922440249723,-0.0009039922440249723,-197.08448628761533,1084.012975248671,False
2017-12-04,-316.9985351562504,-324.4736877946078,-0.003169985351562504,-0.003244736877946078,7.475152638357429,7.475152638357429e-05,-189.6093336492579,1084.012975248671,False
2017-12-05,191.99951171875307,205.17783717190633,0.0019199951171875306,0.0020517783717190633,-13.178325453153263,-0.00013178325453153263,-202.78765910241117,1084.012975248671,False
2017-12-06,212.500000000003,319.8620227372802,0.00212500000000003,0.003198620227372802,-107.36202273727719,-0.0010736202273727718,-310.14968183968836,1084.012975248671,False
2017-12-07,78.50048828125148,65.57919089315291,0.0007850048828125148,0.0006557919089315291,12.921297388098566,0.00012921297388098567,-297.2283844515898,1084.012975248671,False
2017-12-08,267.5000000000018,216.0537055502093,0.002675000000000018,0.002160537055502093,51.44629444979253,0.0005144629444979253,-245.7820900017973,1084.012975248671,False
2017-12-11,-61.00073242187588,-30.429484274183828,-0.0006100073242187588,-0.00030429484274183827,-30.571248147692053,-0.00030571248147692054,-276.35333814948933,1084.012975248671,False
2017-12-12,141.00024414063068,95.4396610289601,0.001410002441406307,0.000954396610289601,45.56058311167058,0.0004556058311167058,-230.79275503781875,1084.012975248671,False
2017-12-13,-85.49999999999733,-123.0052619227086,-0.0008549999999999733,-0.001230052619227086,37.50526192271127,0.0003750526192271127,-193.28749311510748,1084.012975248671,False
2017-12-14,492.00024414062443,505.71225432739305,0.004920002441406245,0.005057122543273931,-13.712010186768623,-0.00013712010186768623,-206.9995033018761,1084.012975248671,False
2017-12-15,215.99999999999724,163.98212427669063,0.0021599999999999723,0.0016398212427669063,52.01787572330662,0.0005201787572330661,-154.9816275785695,1084.012975248671,False
2017-12-18,-134.5004882812494,-163.19869309679964,-0.001345004882812494,-0.0016319869309679965,28.69820481555024,0.0002869820481555024,-126.28342276301925,1084.012975248671,False
2017-12-19,18.000244140625448,-23.82524822622267,0.00018000244140625447,-0.0002382524822622267,41.82549236684812,0.0004182549236684812,-84.45793039617112,1084.012975248671,False
2017-12-20,85.50000000000045,72.27079411359986,0.0008550000000000045,0.0007227079411359986,13.229205886400592,0.00013229205886400593,-71.22872450977053,1084.012975248671,False
2017-12-21,30.500732421874503,-4.695334131168966,0.00030500732421874505,-4.695334131168966e-05,35.196066553043465,0.00035196066553043465,-36.032657956727064,1084.012975248671,False
2017-12-22,88.99902343750776,62.28136075608961,0.0008899902343750776,0.0006228136075608961,26.717662681418147,0.0002671766268141815,-9.314995275308917,1084.012975248671,False
2017-12-26,27.000488281251307,11.424260794777751,0.0002700048828125131,0.00011424260794777751,15.576227486473556,0.00015576227486473556,6.261232211164639,1084.012975248671,False
2017-12-27,87.4985351562467,81.56748131104774,0.0008749853515624671,0.0008156748131104775,5.93105384519896,5.93105384519896e-05,12.1922860563636,1084.012975248671,False
2017-12-28,-5.498046875000085,-46.549160213739285,-5.498046875000085e-05,-0.00046549160213739285,41.0511133387392,0.000410511133387392,53.2433993951028,1084.012975248671,False
