09/13/1995,1.5518,1.5518,1.5472,1.5472,42
09/14/1995,1.5456,1.548,1.5418,1.546,42
09/15/1995,1.5442,1.546,1.544,1.546,42
09/18/1995,1.5436,1.5438,1.5424,1.5426,20
09/19/1995,1.5436,1.5436,1.5416,1.5416,20
09/20/1995,1.5422,1.5474,1.5422,1.5468,295
09/21/1995,1.549,1.5642,1.5486,1.562,295
09/22/1995,1.5936,1.5944,1.5728,1.575,295
09/25/1995,1.569,1.57,1.566,1.57,65
09/26/1995,1.57,1.57,1.5638,1.5656,65
09/27/1995,1.566,1.5668,1.5632,1.565,14
09/28/1995,1.573,1.5794,1.5722,1.5784,22
09/29/1995,1.5758,1.5806,1.5758,1.5802,22
10/02/1995,1.58,1.5846,1.5736,1.5846,22
10/03/1995,1.5864,1.5902,1.5852,1.588,34
10/04/1995,1.5772,1.578,1.576,1.578,23
10/05/1995,1.5806,1.5848,1.5794,1.5794,12
10/06/1995,1.582,1.584,1.582,1.5822,21
10/09/1995,1.585,1.585,1.58,1.582,21
10/10/1995,1.5848,1.5848,1.5722,1.5772,21
10/11/1995,1.5742,1.5752,1.574,1.5742,16
10/12/1995,1.572,1.572,1.568,1.5712,30
10/13/1995,1.5726,1.5738,1.5708,1.5708,30
10/16/1995,1.5722,1.574,1.5722,1.573,29
10/17/1995,1.572,1.5728,1.5696,1.5696,29
10/18/1995,1.5706,1.577,1.5706,1.577,26
10/19/1995,1.5652,1.5702,1.5652,1.5702,26
10/20/1995,1.5706,1.577,1.57,1.57,26
10/23/1995,1.5746,1.578,1.574,1.5756,26
10/24/1995,1.5762,1.579,1.575,1.579,91
10/25/1995,1.5778,1.579,1.5776,1.5784,91
10/26/1995,1.5784,1.5784,1.575,1.576,91
10/27/1995,1.5842,1.5842,1.5786,1.5792,91
10/30/1995,1.5744,1.576,1.5722,1.5732,48
10/31/1995,1.5744,1.5772,1.574,1.574,53
11/01/1995,1.5778,1.5784,1.5772,1.578,23
11/02/1995,1.5756,1.5786,1.5756,1.5786,23
11/03/1995,1.577,1.5778,1.5738,1.5738,23
11/06/1995,1.5774,1.5846,1.5766,1.5792,25
11/07/1995,1.5774,1.5784,1.576,1.576,58
11/08/1995,1.5786,1.58,1.5786,1.58,9
11/09/1995,1.5768,1.5776,1.5768,1.5774,9
11/10/1995,1.579,1.579,1.5716,1.574,9
11/13/1995,1.5644,1.569,1.5644,1.565,63
11/14/1995,1.5516,1.56,1.5514,1.5592,178
11/15/1995,1.5588,1.565,1.5586,1.559,203
11/16/1995,1.5568,1.56,1.5568,1.56,40
11/17/1995,1.5552,1.5574,1.554,1.5574,40
11/20/1995,1.54,1.5458,1.54,1.5422,40
11/21/1995,1.5472,1.554,1.5472,1.5516,27
11/22/1995,1.556,1.5576,1.5552,1.5576,23
11/24/1995,1.5622,1.5624,1.5622,1.5624,23
11/27/1995,1.5586,1.5588,1.5564,1.5566,23
11/28/1995,1.5538,1.5538,1.5462,1.5478,23
11/29/1995,1.5432,1.5444,1.5314,1.5324,23
11/30/1995,1.5334,1.536,1.5292,1.5304,113
12/01/1995,1.5324,1.533,1.5258,1.5286,113
12/04/1995,1.5314,1.537,1.5314,1.5346,58
12/05/1995,1.5316,1.5412,1.5316,1.5412,50
12/06/1995,1.5406,1.5406,1.538,1.538,9
12/07/1995,1.5414,1.543,1.5344,1.537,9
12/08/1995,1.533,1.5338,1.528,1.53,9
12/11/1995,1.5328,1.5346,1.532,1.5346,9
12/12/1995,1.5322,1.5322,1.5322,1.5322,10
12/13/1995,1.5334,1.5334,1.5308,1.5308,9
12/14/1995,1.535,1.5364,1.535,1.5364,29
12/15/1995,1.5412,1.5412,1.5362,1.5362,4
12/18/1995,1.5352,1.539,1.535,1.5382,4
12/19/1995,1.538,1.5402,1.5362,1.5398,4
12/20/1995,1.539,1.54,1.5358,1.537,4
12/21/1995,1.5386,1.5392,1.534,1.534,18
12/22/1995,1.538,1.5388,1.5356,1.5356,37
12/27/1995,1.5578,1.559,1.5504,1.5528,100
12/28/1995,1.5572,1.5582,1.5518,1.5524,100
12/29/1995,1.5444,1.5506,1.5406,1.5506,141
01/03/1996,1.5522,1.5522,1.548,1.548,141
01/04/1996,1.549,1.549,1.5476,1.5476,141
01/05/1996,1.549,1.55,1.5448,1.5464,141
01/08/1996,1.5474,1.5482,1.5452,1.548,141
01/09/1996,1.5502,1.5502,1.546,1.5474,141
01/10/1996,1.548,1.548,1.5416,1.5434,141
01/11/1996,1.5426,1.5436,1.5398,1.542,141
01/12/1996,1.5422,1.5426,1.5376,1.5406,141
01/15/1996,1.5444,1.5448,1.5438,1.5438,141
01/16/1996,1.5428,1.5428,1.538,1.5382,141
01/17/1996,1.534,1.534,1.53,1.533,141
01/18/1996,1.5194,1.525,1.5182,1.5216,141
01/19/1996,1.5164,1.517,1.507,1.512,141
01/22/1996,1.5082,1.5098,1.5032,1.509,141
01/23/1996,1.5116,1.5128,1.51,1.5108,28
01/24/1996,1.5124,1.5126,1.5076,1.508,47
01/25/1996,1.51,1.5158,1.5078,1.5148,132
01/26/1996,1.5076,1.508,1.5002,1.505,132
01/29/1996,1.5014,1.504,1.5014,1.5018,37
01/30/1996,1.5056,1.5088,1.5042,1.5042,37
01/31/1996,1.505,1.5052,1.5032,1.504,18
02/01/1996,1.5132,1.5138,1.511,1.511,25
02/02/1996,1.5196,1.5196,1.5162,1.517,25
02/05/1996,1.526,1.5318,1.526,1.528,25
02/06/1996,1.539,1.539,1.5356,1.5368,25
02/07/1996,1.5386,1.5434,1.5346,1.5346,112
02/08/1996,1.5378,1.5378,1.532,1.532,112
02/09/1996,1.5344,1.537,1.5314,1.5342,112
02/12/1996,1.5258,1.5314,1.5254,1.5282,112
02/13/1996,1.5296,1.5302,1.527,1.53,112
02/14/1996,1.5368,1.5396,1.5364,1.538,112
02/15/1996,1.541,1.542,1.5372,1.5372,112
02/16/1996,1.5362,1.541,1.5356,1.541,112
02/19/1996,1.547,1.5494,1.5448,1.5468,112
02/20/1996,1.547,1.5494,1.541,1.5436,112
02/21/1996,1.544,1.5462,1.5404,1.5404,112
02/22/1996,1.5426,1.5432,1.5394,1.5394,112
02/23/1996,1.5432,1.546,1.537,1.5382,112
02/26/1996,1.5402,1.5402,1.538,1.5402,112
02/27/1996,1.5396,1.5426,1.5376,1.542,29
02/28/1996,1.54,1.54,1.537,1.538,29
02/29/1996,1.5344,1.5344,1.5292,1.5314,29
03/01/1996,1.53,1.531,1.5238,1.5272,29
03/04/1996,1.527,1.5286,1.527,1.5286,70
03/05/1996,1.5256,1.5276,1.5252,1.5252,70
03/06/1996,1.5298,1.5316,1.528,1.528,17
03/07/1996,1.5272,1.5272,1.5228,1.526,169
03/08/1996,1.53,1.53,1.527,1.527,169
03/11/1996,1.5208,1.523,1.5208,1.5226,14
03/12/1996,1.5208,1.523,1.5208,1.523,14
03/13/1996,1.523,1.523,1.523,1.523,2
03/14/1996,1.5276,1.5276,1.5276,1.5276,2
03/15/1996,1.5202,1.527,1.5202,1.5226,27
03/18/1996,1.525,1.5276,1.5246,1.5276,27
03/19/1996,1.5308,1.5308,1.527,1.527,16
03/20/1996,1.5312,1.5352,1.531,1.5352,16
03/21/1996,1.5366,1.5376,1.5342,1.5376,16
03/22/1996,1.5346,1.5346,1.5316,1.533,16
03/25/1996,1.533,1.5348,1.52,1.5232,237
03/26/1996,1.5204,1.5248,1.5196,1.523,111
03/27/1996,1.5212,1.522,1.519,1.519,111
03/28/1996,1.5174,1.5188,1.516,1.516,111
03/29/1996,1.5236,1.5254,1.5234,1.524,111
04/01/1996,1.5244,1.5244,1.522,1.523,111
04/02/1996,1.5232,1.5254,1.5224,1.5226,85
04/03/1996,1.523,1.5244,1.5226,1.5244,85
04/04/1996,1.5242,1.5256,1.524,1.5244,17
04/05/1996,1.5296,1.5296,1.5284,1.529,25
04/08/1996,1.527,1.5298,1.5268,1.5298,25
04/09/1996,1.5288,1.5288,1.5244,1.5254,82
04/10/1996,1.52,1.5208,1.5188,1.5192,82
04/11/1996,1.5128,1.5134,1.5072,1.512,85
04/12/1996,1.5098,1.5126,1.5084,1.5126,85
04/15/1996,1.5096,1.512,1.5052,1.5068,154
04/16/1996,1.5062,1.5094,1.5062,1.5076,154
04/17/1996,1.5064,1.5084,1.5046,1.5046,28
04/18/1996,1.508,1.5128,1.507,1.507,27
04/19/1996,1.516,1.519,1.5158,1.519,27
04/22/1996,1.5116,1.5116,1.5096,1.511,103
04/23/1996,1.51,1.5112,1.509,1.5112,21
04/24/1996,1.5138,1.5144,1.5124,1.5124,15
04/25/1996,1.5122,1.5128,1.509,1.509,24
04/26/1996,1.5068,1.508,1.5062,1.507,24
04/29/1996,1.5122,1.5122,1.5098,1.51,24
04/30/1996,1.506,1.5094,1.5046,1.5094,24
05/01/1996,1.507,1.507,1.4916,1.492,24
05/02/1996,1.491,1.498,1.489,1.498,217
05/03/1996,1.5018,1.5028,1.4992,1.5014,217
05/06/1996,1.506,1.5074,1.505,1.5074,17
05/07/1996,1.5064,1.5108,1.5064,1.5094,101
05/08/1996,1.5094,1.5116,1.5092,1.5116,101
05/09/1996,1.5224,1.523,1.52,1.5206,101
05/10/1996,1.5208,1.5284,1.5192,1.5254,101
05/13/1996,1.5192,1.521,1.5152,1.5172,238
05/14/1996,1.514,1.517,1.5134,1.515,64
05/15/1996,1.5138,1.5178,1.5138,1.5138,20
05/16/1996,1.513,1.513,1.51,1.513,41
05/17/1996,1.5142,1.5146,1.513,1.513,41
05/20/1996,1.5108,1.5116,1.5106,1.5116,29
05/21/1996,1.5132,1.5148,1.5096,1.5096,29
05/22/1996,1.512,1.513,1.5084,1.5102,29
05/23/1996,1.508,1.5096,1.5062,1.5096,29
05/24/1996,1.5122,1.5154,1.512,1.512,29
05/28/1996,1.5124,1.513,1.5094,1.5094,29
05/29/1996,1.5136,1.5168,1.5132,1.5168,29
05/30/1996,1.5308,1.538,1.5294,1.5364,322
05/31/1996,1.5336,1.54,1.5304,1.538,322
06/03/1996,1.552,1.5534,1.5466,1.5466,322
06/04/1996,1.555,1.5552,1.549,1.5494,322
06/05/1996,1.5492,1.5532,1.5432,1.544,118
06/06/1996,1.548,1.5486,1.5374,1.544,118
06/07/1996,1.5426,1.5494,1.541,1.5482,118
06/10/1996,1.5372,1.5374,1.5332,1.5342,131
06/11/1996,1.535,1.5364,1.5336,1.5362,131
06/12/1996,1.5364,1.54,1.536,1.537,26
06/13/1996,1.5332,1.5358,1.5328,1.533,26
06/14/1996,1.5342,1.5382,1.534,1.5382,137
06/17/1996,1.5372,1.545,1.537,1.5444,137
06/18/1996,1.5432,1.5482,1.5426,1.5464,67
06/19/1996,1.5432,1.5434,1.542,1.5424,67
06/20/1996,1.543,1.543,1.5394,1.54,67
06/21/1996,1.5382,1.54,1.5364,1.5394,72
06/24/1996,1.5382,1.5394,1.5336,1.5394,72
06/25/1996,1.5406,1.543,1.539,1.5398,121
06/26/1996,1.5402,1.5426,1.5396,1.5398,121
06/27/1996,1.54,1.5422,1.539,1.5418,121
06/28/1996,1.5484,1.549,1.546,1.548,121
07/01/1996,1.5506,1.554,1.5506,1.554,121
07/02/1996,1.5594,1.5594,1.5534,1.5558,121
07/03/1996,1.5588,1.5592,1.5556,1.5562,121
07/05/1996,1.5622,1.5638,1.5542,1.5566,121
07/08/1996,1.5562,1.5568,1.5514,1.5524,121
07/09/1996,1.5536,1.554,1.5508,1.551,121
07/10/1996,1.5492,1.5518,1.547,1.5496,82
07/11/1996,1.552,1.554,1.5508,1.554,82
07/12/1996,1.5538,1.5554,1.5522,1.5522,82
07/15/1996,1.5504,1.5508,1.549,1.5496,82
07/16/1996,1.5522,1.558,1.551,1.5542,82
07/17/1996,1.5592,1.5592,1.5498,1.5536,82
07/18/1996,1.546,1.5464,1.537,1.5436,82
07/19/1996,1.5464,1.5464,1.5426,1.5454,52
07/22/1996,1.5448,1.5476,1.5436,1.5476,52
07/23/1996,1.551,1.553,1.55,1.553,46
07/24/1996,1.553,1.5552,1.551,1.5532,46
07/25/1996,1.5518,1.5596,1.5512,1.5592,105
07/26/1996,1.5566,1.559,1.554,1.5544,105
07/29/1996,1.5548,1.5574,1.5548,1.5574,50
07/30/1996,1.5576,1.5584,1.5564,1.5568,19
07/31/1996,1.5558,1.5604,1.5558,1.558,117
08/01/1996,1.5562,1.5566,1.5538,1.556,79
08/02/1996,1.553,1.553,1.5416,1.545,79
08/05/1996,1.541,1.547,1.541,1.545,79
08/06/1996,1.5436,1.5456,1.5364,1.54,202
08/07/1996,1.538,1.5434,1.537,1.5434,109
08/08/1996,1.542,1.5432,1.542,1.5426,109
08/09/1996,1.549,1.5536,1.5484,1.552,109
08/12/1996,1.552,1.5522,1.5498,1.5498,28
08/13/1996,1.55,1.5508,1.548,1.5484,28
08/14/1996,1.5492,1.5492,1.5474,1.548,25
08/15/1996,1.5486,1.5504,1.5484,1.5494,8
08/16/1996,1.5508,1.5508,1.5482,1.55,8
08/19/1996,1.5474,1.5488,1.545,1.5452,39
08/20/1996,1.5448,1.546,1.543,1.5446,82
08/21/1996,1.5474,1.5494,1.5454,1.5476,137
08/22/1996,1.55,1.551,1.5472,1.5472,137
08/23/1996,1.5498,1.555,1.5498,1.554,137
08/26/1996,1.5566,1.557,1.5554,1.5556,78
08/27/1996,1.5568,1.5592,1.5568,1.5588,78
08/28/1996,1.5536,1.5568,1.5524,1.5562,126
08/29/1996,1.558,1.56,1.558,1.558,126
08/30/1996,1.5582,1.5588,1.5558,1.5558,126
09/03/1996,1.5606,1.563,1.559,1.5616,64
09/04/1996,1.5658,1.568,1.5656,1.566,64
09/05/1996,1.5668,1.5716,1.5666,1.5706,201
09/09/1996,1.5596,1.5608,1.5596,1.5606,13
09/10/1996,1.557,1.558,1.5526,1.5546,56
09/11/1996,1.5552,1.5552,1.5536,1.5538,56
09/12/1996,1.5552,1.5552,1.5542,1.5552,20
09/13/1996,1.5548,1.555,1.5504,1.5548,25
09/16/1996,1.5544,1.5554,1.5512,1.5512,25
09/17/1996,1.5568,1.5578,1.5546,1.5548,61
09/18/1996,1.5554,1.5596,1.5546,1.5588,61
09/19/1996,1.561,1.5614,1.5584,1.5584,61
09/20/1996,1.5532,1.5536,1.55,1.552,61
09/23/1996,1.554,1.555,1.552,1.5522,39
09/24/1996,1.555,1.559,1.555,1.5574,39
09/25/1996,1.5654,1.5666,1.5614,1.5624,39
09/26/1996,1.561,1.5622,1.5566,1.5582,39
09/27/1996,1.5612,1.562,1.559,1.562,39
09/30/1996,1.5646,1.5646,1.5608,1.5616,18
10/01/1996,1.5654,1.5658,1.563,1.563,29
10/02/1996,1.5628,1.566,1.5628,1.565,29
10/03/1996,1.5646,1.5656,1.5634,1.5648,184
10/04/1996,1.5642,1.5644,1.564,1.564,184
10/07/1996,1.5628,1.5634,1.5616,1.5626,184
10/08/1996,1.5624,1.5626,1.56,1.5606,184
10/09/1996,1.5614,1.5652,1.561,1.5648,184
10/10/1996,1.564,1.5652,1.5622,1.5626,184
10/11/1996,1.5654,1.575,1.5646,1.5748,184
10/14/1996,1.5786,1.5804,1.5772,1.578,184
10/15/1996,1.5798,1.583,1.5788,1.582,184
10/16/1996,1.5868,1.5878,1.582,1.583,184
10/17/1996,1.583,1.587,1.5794,1.587,184
10/18/1996,1.5858,1.5866,1.5834,1.586,184
10/21/1996,1.5912,1.595,1.5888,1.5934,184
10/22/1996,1.591,1.594,1.5888,1.594,184
10/23/1996,1.5972,1.599,1.595,1.598,184
10/24/1996,1.5958,1.597,1.589,1.589,184
10/25/1996,1.5934,1.5958,1.5898,1.5958,184
10/28/1996,1.6028,1.6132,1.6022,1.61,184
10/29/1996,1.612,1.612,1.6038,1.6098,184
10/30/1996,1.6096,1.632,1.6084,1.632,184
10/31/1996,1.6324,1.6328,1.623,1.6274,184
11/01/1996,1.626,1.642,1.625,1.638,184
11/04/1996,1.636,1.6396,1.632,1.6364,184
11/05/1996,1.6442,1.654,1.642,1.6494,184
11/06/1996,1.6454,1.6482,1.6396,1.6396,184
11/07/1996,1.6406,1.651,1.6394,1.6396,300
11/08/1996,1.6484,1.654,1.645,1.65,300
11/11/1996,1.6482,1.656,1.6452,1.6466,300
11/12/1996,1.6494,1.655,1.6476,1.6476,684
11/13/1996,1.6448,1.6522,1.641,1.651,684
11/14/1996,1.6594,1.6656,1.659,1.664,684
11/15/1996,1.6634,1.6684,1.663,1.6646,684
11/18/1996,1.6636,1.668,1.661,1.668,684
11/19/1996,1.67,1.6756,1.6688,1.6726,684
11/20/1996,1.6752,1.6806,1.6742,1.6764,684
11/21/1996,1.6798,1.6848,1.678,1.6814,684
11/22/1996,1.6884,1.6896,1.682,1.6844,684
11/25/1996,1.6798,1.683,1.677,1.681,684
11/26/1996,1.668,1.675,1.666,1.6662,208
11/27/1996,1.6708,1.679,1.6706,1.678,208
11/29/1996,1.6786,1.684,1.6786,1.6812,208
12/02/1996,1.6824,1.6866,1.6812,1.6842,208
12/03/1996,1.681,1.681,1.6654,1.6702,208
12/04/1996,1.6442,1.652,1.6382,1.643,208
12/05/1996,1.6424,1.6474,1.61,1.6224,208
12/06/1996,1.6328,1.647,1.6328,1.6466,208
12/09/1996,1.6442,1.6492,1.6422,1.6444,208
12/10/1996,1.646,1.6556,1.646,1.649,118
12/11/1996,1.6502,1.654,1.6502,1.654,4
12/12/1996,1.6492,1.6496,1.647,1.6494,4
12/13/1996,1.6534,1.6568,1.6496,1.6568,17
12/16/1996,1.6534,1.661,1.653,1.657,17
12/17/1996,1.663,1.6658,1.6604,1.661,17
12/18/1996,1.668,1.6728,1.6662,1.6716,17
12/19/1996,1.672,1.6726,1.661,1.6634,17
12/20/1996,1.6614,1.6644,1.6588,1.6616,17
12/23/1996,1.667,1.6744,1.6656,1.672,17
12/24/1996,1.6732,1.6746,1.668,1.6682,96
12/27/1996,1.6706,1.6816,1.6706,1.6798,96
12/30/1996,1.6884,1.69,1.6842,1.685,96
12/31/1996,1.6886,1.6976,1.687,1.6976,96
01/03/1997,1.6908,1.699,1.688,1.694,172
01/06/1997,1.6842,1.694,1.6834,1.6878,172
01/07/1997,1.691,1.6938,1.6894,1.693,172
01/08/1997,1.6916,1.6936,1.6832,1.6832,211
01/09/1997,1.685,1.6928,1.6838,1.6906,211
01/10/1997,1.6932,1.6996,1.678,1.682,211
01/13/1997,1.6768,1.681,1.67,1.67,211
01/14/1997,1.6722,1.6736,1.6666,1.6686,211
01/15/1997,1.6688,1.674,1.6668,1.6702,211
01/16/1997,1.6804,1.6818,1.6708,1.675,211
01/17/1997,1.677,1.6784,1.669,1.6722,211
01/20/1997,1.667,1.6692,1.657,1.6692,211
01/21/1997,1.6592,1.6674,1.6592,1.663,347
01/22/1997,1.6622,1.6638,1.649,1.655,347
01/23/1997,1.63,1.6368,1.618,1.631,347
01/24/1997,1.627,1.635,1.626,1.627,347
01/27/1997,1.6248,1.6282,1.6186,1.62,347
01/28/1997,1.6238,1.6238,1.6024,1.604,347
01/29/1997,1.62,1.6204,1.608,1.62,347
01/30/1997,1.6194,1.626,1.6122,1.619,452
01/31/1997,1.612,1.6126,1.594,1.602,452
02/03/1997,1.5978,1.613,1.5976,1.6126,452
02/04/1997,1.614,1.626,1.614,1.622,452
02/05/1997,1.62,1.631,1.6188,1.627,452
02/06/1997,1.6396,1.645,1.6352,1.6388,452
02/07/1997,1.6322,1.6372,1.6264,1.628,452
02/10/1997,1.631,1.635,1.627,1.6316,452
02/11/1997,1.64,1.6416,1.6318,1.639,452
02/12/1997,1.6354,1.6428,1.6278,1.628,452
02/13/1997,1.6316,1.6346,1.6258,1.631,452
02/14/1997,1.6232,1.6232,1.6158,1.6216,452
02/18/1997,1.6202,1.6218,1.6006,1.602,452
02/19/1997,1.6082,1.617,1.604,1.617,452
02/20/1997,1.6152,1.6186,1.6058,1.606,452
02/21/1997,1.611,1.6204,1.61,1.6174,452
02/24/1997,1.62,1.6296,1.62,1.625,452
02/25/1997,1.634,1.6372,1.629,1.6362,452
02/26/1997,1.6352,1.641,1.6332,1.637,497
02/27/1997,1.633,1.634,1.625,1.626,497
02/28/1997,1.6256,1.6304,1.617,1.6264,497
03/03/1997,1.6288,1.6302,1.619,1.6192,497
03/04/1997,1.6172,1.6186,1.6132,1.6176,497
03/05/1997,1.6128,1.6152,1.6094,1.6098,497
03/06/1997,1.6134,1.6166,1.6094,1.6094,497
03/07/1997,1.615,1.6156,1.604,1.6074,497
03/10/1997,1.6018,1.6054,1.595,1.597,441
03/11/1997,1.6042,1.6072,1.6018,1.605,128
03/12/1997,1.608,1.6084,1.59,1.591,128
03/13/1997,1.5986,1.605,1.597,1.605,42
03/14/1997,1.5948,1.595,1.5898,1.595,1
03/17/1997,1.5994,1.5998,1.588,1.589,1
03/18/1997,1.5864,1.5894,1.583,1.5846,1
03/19/1997,1.5886,1.594,1.5874,1.592,1
03/20/1997,1.596,1.6,1.5908,1.5934,1
03/21/1997,1.5916,1.6,1.587,1.598,1
03/24/1997,1.602,1.611,1.5986,1.607,1
03/25/1997,1.6176,1.6178,1.6128,1.615,1
03/26/1997,1.616,1.6198,1.6142,1.6198,1
03/27/1997,1.6278,1.6312,1.6252,1.6256,1
03/31/1997,1.632,1.6366,1.6316,1.635,1
04/01/1997,1.6378,1.6446,1.6352,1.6426,1
04/02/1997,1.6514,1.6514,1.64,1.6432,415
04/03/1997,1.6418,1.6442,1.6364,1.6392,415
04/04/1997,1.6434,1.6438,1.6326,1.638,415
04/07/1997,1.6328,1.6344,1.625,1.6258,415
04/08/1997,1.6264,1.6272,1.619,1.619,415
04/09/1997,1.6246,1.6258,1.6196,1.6232,415
04/10/1997,1.6174,1.6234,1.617,1.62,415
04/11/1997,1.6216,1.6246,1.6192,1.624,415
04/14/1997,1.6276,1.6308,1.621,1.6218,415
04/15/1997,1.619,1.6276,1.618,1.627,415
04/16/1997,1.6278,1.6278,1.6192,1.62,415
04/17/1997,1.623,1.628,1.622,1.6272,415
04/18/1997,1.628,1.6334,1.6278,1.631,415
04/21/1997,1.631,1.637,1.6306,1.632,415
04/22/1997,1.6346,1.6364,1.6308,1.6344,415
04/23/1997,1.6336,1.6346,1.6296,1.6322,415
04/24/1997,1.6212,1.628,1.6158,1.6206,415
04/25/1997,1.6246,1.625,1.6216,1.622,415
04/28/1997,1.625,1.6254,1.6216,1.6228,415
04/29/1997,1.623,1.625,1.621,1.6216,415
04/30/1997,1.63,1.632,1.627,1.6276,415
05/01/1997,1.6224,1.6254,1.6198,1.6214,415
05/02/1997,1.622,1.6286,1.5986,1.6112,415
05/05/1997,1.622,1.6246,1.618,1.62,415
05/06/1997,1.622,1.637,1.6152,1.6348,415
05/07/1997,1.6342,1.6386,1.6288,1.6362,415
05/08/1997,1.6138,1.63,1.6076,1.619,415
05/09/1997,1.6186,1.6272,1.6154,1.619,415
05/12/1997,1.623,1.6254,1.616,1.616,415
05/13/1997,1.6222,1.625,1.617,1.6228,415
05/14/1997,1.6326,1.6374,1.6286,1.6338,415
05/15/1997,1.6464,1.648,1.64,1.6406,415
05/16/1997,1.6414,1.6428,1.6372,1.6396,415
05/19/1997,1.636,1.6422,1.6324,1.638,415
05/20/1997,1.6394,1.6492,1.6368,1.6432,415
05/21/1997,1.6538,1.659,1.652,1.654,415
05/22/1997,1.6438,1.6476,1.6368,1.6398,415
05/23/1997,1.6236,1.6326,1.6226,1.6348,415
05/26/1997,1.6374,1.6434,1.6372,1.64,415
05/27/1997,1.6374,1.6434,1.631,1.6314,415
05/28/1997,1.6308,1.6366,1.6302,1.6342,415
05/29/1997,1.6388,1.64,1.6336,1.638,415
05/30/1997,1.6376,1.64,1.6364,1.6384,415
06/02/1997,1.64,1.641,1.632,1.6332,415
06/03/1997,1.6344,1.6378,1.631,1.636,415
06/04/1997,1.6344,1.635,1.6262,1.6282,415
06/05/1997,1.6322,1.634,1.629,1.6302,415
06/06/1997,1.6342,1.6348,1.624,1.6256,415
06/09/1997,1.6338,1.637,1.63,1.635,415
06/10/1997,1.6366,1.639,1.634,1.6354,415
06/11/1997,1.6364,1.6426,1.6364,1.6366,415
06/12/1997,1.6364,1.6364,1.6316,1.632,415
06/13/1997,1.628,1.6318,1.625,1.631,24
06/16/1997,1.6312,1.634,1.63,1.6326,24
06/17/1997,1.6332,1.635,1.6296,1.6346,24
06/18/1997,1.6344,1.639,1.6324,1.6348,24
06/19/1997,1.6346,1.6388,1.6342,1.638,24
06/20/1997,1.6454,1.6482,1.642,1.6482,24
06/23/1997,1.6534,1.6574,1.65,1.6564,24
06/24/1997,1.6684,1.6692,1.6628,1.6658,24
06/25/1997,1.663,1.6672,1.6588,1.6628,24
06/26/1997,1.6608,1.665,1.658,1.6628,24
06/27/1997,1.662,1.6676,1.661,1.663,24
06/30/1997,1.6588,1.6636,1.6576,1.6616,24
07/01/1997,1.6606,1.6646,1.6584,1.6602,24
07/02/1997,1.6558,1.6568,1.6522,1.655,24
07/03/1997,1.6702,1.675,1.6672,1.6718,24
07/07/1997,1.6866,1.6896,1.678,1.679,24
07/08/1997,1.6866,1.691,1.6794,1.6896,24
07/09/1997,1.6842,1.6858,1.679,1.6816,24
07/10/1997,1.684,1.6874,1.68,1.6848,24
07/11/1997,1.6852,1.6944,1.6834,1.6922,24
07/14/1997,1.6884,1.6888,1.6824,1.6848,24
07/15/1997,1.6842,1.6874,1.6796,1.6816,24
07/16/1997,1.6752,1.6786,1.6682,1.6716,24
07/17/1997,1.675,1.6754,1.662,1.6634,24
07/18/1997,1.6692,1.673,1.666,1.6702,24
07/21/1997,1.6746,1.6784,1.6724,1.6728,24
07/22/1997,1.675,1.676,1.6686,1.6728,24
07/23/1997,1.6788,1.6832,1.6746,1.6798,24
07/24/1997,1.6762,1.677,1.6666,1.6716,24
07/25/1997,1.6712,1.673,1.659,1.6642,24
07/28/1997,1.6578,1.659,1.6474,1.6484,24
07/29/1997,1.6286,1.6318,1.624,1.63,24
07/30/1997,1.6252,1.63,1.6218,1.6228,24
07/31/1997,1.6264,1.642,1.6254,1.634,24
08/01/1997,1.637,1.64,1.6344,1.6352,24
08/04/1997,1.629,1.629,1.6236,1.6252,24
08/05/1997,1.6276,1.6324,1.6238,1.625,24
08/06/1997,1.6218,1.623,1.5894,1.595,24
08/07/1997,1.5992,1.606,1.5892,1.596,24
08/08/1997,1.5878,1.592,1.565,1.57,24
08/11/1997,1.5842,1.592,1.583,1.5884,24
08/12/1997,1.5872,1.5918,1.5732,1.5834,24
08/13/1997,1.5768,1.5836,1.5712,1.5732,24
08/14/1997,1.5822,1.585,1.576,1.579,24
08/15/1997,1.5878,1.601,1.5872,1.5948,24
08/18/1997,1.608,1.614,1.604,1.605,24
08/19/1997,1.606,1.61,1.601,1.6052,24
08/20/1997,1.6034,1.6044,1.5924,1.5932,24
08/21/1997,1.5914,1.5988,1.5866,1.5912,24
08/22/1997,1.59,1.603,1.584,1.597,24
08/25/1997,1.608,1.608,1.6008,1.6032,24
08/26/1997,1.6052,1.6224,1.6036,1.6188,24
08/27/1997,1.6106,1.6126,1.6034,1.6068,24
08/28/1997,1.6124,1.6156,1.6042,1.6116,24
08/29/1997,1.6156,1.624,1.615,1.6208,24
09/02/1997,1.614,1.6148,1.596,1.597,24
09/03/1997,1.591,1.5968,1.587,1.5892,24
09/04/1997,1.584,1.5868,1.5784,1.5804,24
09/05/1997,1.583,1.587,1.5822,1.5838,24
09/08/1997,1.5902,1.5928,1.581,1.582,24
09/09/1997,1.582,1.5888,1.579,1.5884,24
09/10/1997,1.59,1.594,1.583,1.583,24
09/11/1997,1.5898,1.5918,1.5852,1.5868,24
09/12/1997,1.5954,1.6,1.589,1.5976,0
09/15/1997,1.599,1.601,1.594,1.5982,0
09/16/1997,1.6002,1.6008,1.583,1.588,0
09/17/1997,1.5902,1.595,1.5836,1.594,0
09/18/1997,1.5958,1.6012,1.5902,1.5982,0
09/19/1997,1.6048,1.606,1.5996,1.602,0
09/22/1997,1.6058,1.6066,1.5962,1.5972,0
09/23/1997,1.5984,1.6064,1.5974,1.602,0
09/24/1997,1.6078,1.613,1.6054,1.6098,0
09/25/1997,1.6088,1.6168,1.6064,1.6164,0
09/26/1997,1.6238,1.6248,1.598,1.599,0
09/29/1997,1.6072,1.612,1.602,1.6106,0
09/30/1997,1.6064,1.6106,1.6042,1.6086,0
10/01/1997,1.6118,1.6148,1.6082,1.6096,0
10/02/1997,1.6106,1.6116,1.6068,1.6104,0
10/03/1997,1.6112,1.6112,1.5966,1.5972,0
10/06/1997,1.61,1.614,1.608,1.612,0
10/07/1997,1.6108,1.6208,1.6088,1.6194,0
10/08/1997,1.619,1.6192,1.6146,1.6152,0
10/09/1997,1.618,1.62,1.616,1.6178,0
10/10/1997,1.6196,1.6216,1.616,1.6168,0
10/13/1997,1.6176,1.6206,1.6166,1.6204,0
10/14/1997,1.6208,1.6212,1.6112,1.6134,0
10/15/1997,1.618,1.618,1.612,1.614,0
10/16/1997,1.619,1.62,1.613,1.6136,0
10/17/1997,1.6144,1.6168,1.609,1.6162,0
10/20/1997,1.6206,1.6312,1.6154,1.624,0
10/21/1997,1.6294,1.6366,1.6266,1.6316,0
10/22/1997,1.6316,1.6318,1.624,1.6284,0
10/23/1997,1.629,1.6302,1.6226,1.6268,0
10/24/1997,1.6294,1.632,1.6252,1.6316,0
10/27/1997,1.6314,1.6458,1.6308,1.6448,0
10/28/1997,1.6582,1.68,1.657,1.671,0
10/29/1997,1.6674,1.668,1.659,1.6654,0
10/30/1997,1.668,1.6728,1.6626,1.6648,0
10/31/1997,1.666,1.671,1.6632,1.6692,0
11/03/1997,1.6746,1.6756,1.668,1.671,0
11/04/1997,1.6736,1.6802,1.6726,1.6798,0
11/05/1997,1.6814,1.6822,1.673,1.675,0
11/06/1997,1.679,1.687,1.671,1.6856,0
11/07/1997,1.6862,1.691,1.6806,1.6882,0
11/10/1997,1.6826,1.6844,1.6774,1.6782,0
11/11/1997,1.693,1.706,1.693,1.701,0
11/12/1997,1.7018,1.7114,1.6982,1.7066,0
11/13/1997,1.7022,1.7024,1.696,1.698,0
11/14/1997,1.6962,1.6972,1.6878,1.6918,0
11/17/1997,1.688,1.6886,1.6834,1.6862,0
11/18/1997,1.6928,1.697,1.6892,1.6916,0
11/19/1997,1.6896,1.6922,1.6838,1.6858,0
11/20/1997,1.6896,1.697,1.6864,1.6936,0
11/21/1997,1.6868,1.6898,1.6822,1.6868,0
11/24/1997,1.6874,1.6942,1.6872,1.692,0
11/25/1997,1.6892,1.6902,1.684,1.6846,0
11/26/1997,1.6756,1.6776,1.6696,1.6728,0
11/28/1997,1.6722,1.677,1.6662,1.6768,0
12/01/1997,1.687,1.687,1.6758,1.6804,0
12/02/1997,1.6838,1.6878,1.6822,1.6834,0
12/03/1997,1.68,1.6828,1.6788,1.6794,0
12/04/1997,1.6826,1.6846,1.6748,1.6766,0
12/05/1997,1.6658,1.6662,1.6598,1.6618,0
12/08/1997,1.6574,1.6578,1.6512,1.652,0
12/09/1997,1.6474,1.649,1.644,1.644,0
12/10/1997,1.65,1.65,1.6438,1.6438,0
12/11/1997,1.6498,1.656,1.6498,1.652,0
12/12/1997,1.6516,1.6586,1.6482,1.6522,0
12/15/1997,1.6412,1.6428,1.6282,1.6294,0
12/16/1997,1.6264,1.629,1.623,1.624,0
12/17/1997,1.6282,1.648,1.628,1.6444,0
12/18/1997,1.6448,1.6512,1.6416,1.6506,0
12/19/1997,1.658,1.669,1.6554,1.6622,0
12/22/1997,1.658,1.664,1.657,1.6578,0
12/23/1997,1.6572,1.6624,1.652,1.6624,0
12/24/1997,1.661,1.6658,1.6572,1.6658,0
12/29/1997,1.6708,1.673,1.6672,1.67,0
12/30/1997,1.665,1.6668,1.6486,1.6486,0
12/31/1997,1.6498,1.6524,1.6468,1.647,0
01/05/1998,1.6352,1.6406,1.631,1.6384,0
01/06/1998,1.6248,1.6254,1.619,1.624,0
01/07/1998,1.6208,1.6214,1.6126,1.617,0
01/08/1998,1.6212,1.6222,1.6124,1.6166,0
01/09/1998,1.608,1.6198,1.6068,1.6142,0
01/12/1998,1.607,1.6114,1.6064,1.6086,0
01/13/1998,1.617,1.6314,1.6166,1.6298,0
01/14/1998,1.6298,1.6302,1.6218,1.6246,0
01/15/1998,1.624,1.63,1.6226,1.6288,0
01/16/1998,1.6248,1.6274,1.6228,1.6254,0
01/19/1998,1.632,1.638,1.6288,1.6336,0
01/20/1998,1.632,1.638,1.625,1.6262,0
01/21/1998,1.6214,1.6284,1.616,1.6208,0
01/22/1998,1.6258,1.6434,1.6256,1.6434,0
01/23/1998,1.6442,1.6528,1.6438,1.6486,0
01/26/1998,1.671,1.6834,1.6598,1.66,0
01/27/1998,1.6524,1.659,1.6412,1.649,0
01/28/1998,1.639,1.644,1.6286,1.6332,0
01/29/1998,1.6398,1.6412,1.6326,1.6388,0
01/30/1998,1.6364,1.6364,1.628,1.634,0
02/02/1998,1.6294,1.6324,1.6226,1.629,0
02/03/1998,1.635,1.6456,1.633,1.635,0
02/04/1998,1.6428,1.6476,1.638,1.6472,0
02/05/1998,1.6538,1.6556,1.648,1.649,0
02/06/1998,1.6522,1.6522,1.641,1.6468,0
02/09/1998,1.64,1.64,1.6306,1.6328,0
02/10/1998,1.6282,1.6316,1.618,1.6194,0
02/11/1998,1.6226,1.6296,1.619,1.6244,0
02/12/1998,1.6304,1.6372,1.6278,1.634,0
02/13/1998,1.637,1.6376,1.633,1.6338,0
02/17/1998,1.6396,1.6402,1.6336,1.6354,0
02/18/1998,1.63,1.6386,1.624,1.635,0
02/19/1998,1.6354,1.6392,1.6322,1.6328,0
02/20/1998,1.6348,1.637,1.633,1.6346,0
02/23/1998,1.6358,1.636,1.6302,1.6338,0
02/24/1998,1.6454,1.646,1.641,1.646,0
02/25/1998,1.6496,1.65,1.6456,1.646,0
02/26/1998,1.6416,1.6426,1.6356,1.641,0
02/27/1998,1.644,1.6478,1.6416,1.6448,0
03/02/1998,1.6414,1.6608,1.6414,1.651,0
03/03/1998,1.6452,1.6476,1.643,1.647,0
03/04/1998,1.6506,1.6512,1.6466,1.6466,0
03/05/1998,1.6468,1.6506,1.644,1.6468,0
03/06/1998,1.6324,1.6386,1.6314,1.6354,0
03/09/1998,1.6376,1.6384,1.6328,1.6364,0
03/10/1998,1.639,1.639,1.6356,1.6356,0
03/11/1998,1.6408,1.641,1.638,1.64,0
03/12/1998,1.649,1.6544,1.6444,1.652,0
03/13/1998,1.6494,1.6598,1.6476,1.6592,0
03/16/1998,1.663,1.6656,1.6596,1.6614,0
03/17/1998,1.6614,1.6642,1.658,1.6634,0
03/18/1998,1.6672,1.6716,1.661,1.6644,0
03/19/1998,1.665,1.665,1.6586,1.6588,0
03/20/1998,1.6592,1.6602,1.6528,1.6562,0
03/23/1998,1.661,1.6732,1.6594,1.6696,0
03/24/1998,1.671,1.6724,1.6676,1.6684,0
03/25/1998,1.6684,1.6694,1.6642,1.6668,0
03/26/1998,1.6684,1.67,1.6668,1.6696,0
03/27/1998,1.6802,1.6826,1.6768,1.68,0
03/30/1998,1.677,1.6786,1.6732,1.6776,0
03/31/1998,1.6716,1.6778,1.6654,1.6774,0
04/01/1998,1.665,1.672,1.6636,1.6666,0
04/02/1998,1.665,1.6682,1.6628,1.6652,0
04/03/1998,1.6582,1.661,1.654,1.6572,0
04/06/1998,1.65,1.6554,1.6498,1.653,0
04/07/1998,1.66,1.6636,1.6582,1.6584,0
04/08/1998,1.6618,1.6664,1.6608,1.6614,0
04/09/1998,1.6656,1.6708,1.662,1.6658,0
04/13/1998,1.6662,1.6692,1.6644,1.6658,0
04/14/1998,1.6622,1.6714,1.6606,1.6714,0
04/15/1998,1.6798,1.6812,1.672,1.6778,0
04/17/1998,1.687,1.6922,1.682,1.682,0
04/20/1998,1.6796,1.6812,1.667,1.6706,0
04/21/1998,1.6716,1.6756,1.6706,1.675,0
04/22/1998,1.6702,1.6748,1.6642,1.6702,0
04/23/1998,1.6682,1.6692,1.6618,1.6618,0
04/24/1998,1.6604,1.6656,1.66,1.6656,0
04/27/1998,1.6642,1.6666,1.6592,1.665,0
04/28/1998,1.6706,1.6716,1.661,1.6644,0
04/29/1998,1.6636,1.6668,1.6614,1.6668,0
04/30/1998,1.6674,1.6698,1.665,1.6652,0
05/01/1998,1.6682,1.6706,1.666,1.666,0
05/04/1998,1.6588,1.6666,1.6588,1.6628,0
05/05/1998,1.6628,1.665,1.6572,1.6584,0
05/06/1998,1.6598,1.6604,1.655,1.658,0
05/07/1998,1.6558,1.659,1.6494,1.653,0
05/08/1998,1.6458,1.646,1.6332,1.6394,0
05/11/1998,1.6346,1.6362,1.6312,1.6346,0
05/12/1998,1.627,1.633,1.627,1.6276,0
05/13/1998,1.63,1.6344,1.628,1.6328,0
05/14/1998,1.6294,1.6302,1.618,1.621,0
05/15/1998,1.6284,1.6326,1.626,1.6278,0
05/18/1998,1.6202,1.6228,1.6142,1.6186,0
05/19/1998,1.6196,1.6278,1.6196,1.6232,0
05/20/1998,1.6192,1.6264,1.6188,1.6248,0
05/21/1998,1.6306,1.6328,1.6242,1.6254,0
05/22/1998,1.6292,1.6302,1.6252,1.63,0
05/25/1998,1.6304,1.6312,1.626,1.6268,0
05/26/1998,1.6274,1.6352,1.6272,1.6332,0
05/27/1998,1.6352,1.641,1.6318,1.6392,0
05/28/1998,1.629,1.6326,1.621,1.6224,0
05/29/1998,1.6264,1.6296,1.6222,1.6278,0
06/01/1998,1.6314,1.6324,1.6274,1.6318,0
06/02/1998,1.64,1.6402,1.6336,1.6356,0
06/03/1998,1.6372,1.6382,1.6304,1.634,0
06/04/1998,1.6384,1.6518,1.6358,1.645,0
06/05/1998,1.6362,1.6384,1.6336,1.6376,0
06/08/1998,1.6316,1.633,1.6302,1.6322,0
06/09/1998,1.6334,1.635,1.6314,1.635,0
06/10/1998,1.6364,1.6364,1.633,1.633,0
06/11/1998,1.628,1.632,1.628,1.632,0
06/12/1998,1.6196,1.626,1.619,1.624,0
06/15/1998,1.6248,1.6276,1.62,1.625,0
06/16/1998,1.6266,1.6412,1.6266,1.639,0
06/17/1998,1.6432,1.6514,1.6428,1.6496,0
06/18/1998,1.6604,1.669,1.6556,1.6678,0
06/19/1998,1.6652,1.6672,1.661,1.6652,0
06/22/1998,1.6612,1.6612,1.6544,1.6592,0
06/23/1998,1.6672,1.669,1.6612,1.6614,0
06/24/1998,1.6598,1.662,1.6568,1.662,0
06/25/1998,1.661,1.6658,1.6588,1.6594,0
06/26/1998,1.6628,1.667,1.6606,1.6606,0
06/29/1998,1.6514,1.661,1.6514,1.66,0
06/30/1998,1.6596,1.6616,1.6552,1.6584,0
07/01/1998,1.6608,1.661,1.652,1.6556,0
07/02/1998,1.6526,1.656,1.649,1.653,0
07/03/1998,1.6518,1.654,1.642,1.6424,0
07/06/1998,1.637,1.6398,1.63,1.6398,0
07/07/1998,1.6308,1.6348,1.6276,1.629,0
07/08/1998,1.6312,1.633,1.6306,1.632,0
07/09/1998,1.6298,1.6328,1.6204,1.6244,0
07/10/1998,1.6268,1.6276,1.6236,1.6274,0
07/13/1998,1.6246,1.6334,1.6236,1.6302,0
07/14/1998,1.6352,1.6362,1.63,1.6308,0
07/15/1998,1.629,1.635,1.6254,1.6348,0
07/16/1998,1.63,1.633,1.6294,1.6312,0
07/17/1998,1.6342,1.641,1.6338,1.636,0
07/20/1998,1.6408,1.6422,1.6386,1.6416,0
07/21/1998,1.6426,1.6438,1.6402,1.6438,0
07/22/1998,1.6382,1.64,1.6356,1.6366,0
07/23/1998,1.6386,1.64,1.6332,1.638,0
07/24/1998,1.6462,1.6496,1.6452,1.6478,0
07/27/1998,1.6534,1.6566,1.6504,1.6542,0
07/28/1998,1.6516,1.6536,1.6454,1.646,0
07/29/1998,1.6426,1.6456,1.6394,1.6414,0
07/30/1998,1.6394,1.6418,1.6352,1.6396,0
07/31/1998,1.6324,1.6346,1.6314,1.6344,0
08/03/1998,1.6298,1.6312,1.619,1.6216,0
08/04/1998,1.6234,1.6288,1.622,1.6282,0
08/05/1998,1.6318,1.638,1.6316,1.6352,0
08/06/1998,1.6338,1.6348,1.6294,1.63,0
08/07/1998,1.6302,1.633,1.628,1.6328,0
08/10/1998,1.6252,1.6284,1.6224,1.627,0
08/11/1998,1.6322,1.6328,1.6258,1.6314,0
08/12/1998,1.6298,1.6308,1.6258,1.627,0
08/13/1998,1.6244,1.627,1.6208,1.621,0
08/14/1998,1.6218,1.6232,1.6186,1.622,0
08/17/1998,1.6166,1.6168,1.6052,1.6108,0
08/18/1998,1.6134,1.6156,1.6116,1.612,0
08/19/1998,1.614,1.6216,1.6122,1.6216,0
08/20/1998,1.6202,1.626,1.6198,1.626,0
08/21/1998,1.6294,1.6366,1.626,1.6324,0
08/24/1998,1.633,1.637,1.6312,1.6354,0
08/25/1998,1.6388,1.64,1.6348,1.6374,0
08/26/1998,1.6374,1.6386,1.634,1.635,0
08/27/1998,1.6358,1.6486,1.6352,1.6486,0
08/28/1998,1.6526,1.659,1.6442,1.6478,0
08/31/1998,1.68,1.6842,1.6618,1.6658,0
09/01/1998,1.6766,1.6822,1.6716,1.6726,0
09/02/1998,1.6748,1.6766,1.6642,1.666,0
09/03/1998,1.668,1.685,1.667,1.684,0
09/04/1998,1.6734,1.6766,1.6652,1.6652,0
09/07/1998,1.6688,1.6738,1.6646,1.6722,0
09/08/1998,1.6662,1.6662,1.656,1.6578,0
09/09/1998,1.6552,1.6592,1.6544,1.6544,0
09/10/1998,1.669,1.6742,1.6636,1.6636,0
09/11/1998,1.6816,1.687,1.675,1.678,0
09/14/1998,1.6612,1.67,1.6612,1.6682,0
09/15/1998,1.6698,1.675,1.667,1.6722,0
09/16/1998,1.6694,1.6696,1.6624,1.6666,0
09/17/1998,1.6704,1.6848,1.67,1.683,0
09/18/1998,1.6752,1.679,1.67,1.6726,0
09/21/1998,1.6704,1.6786,1.67,1.6786,0
09/22/1998,1.673,1.6754,1.6642,1.6698,0
09/23/1998,1.6778,1.678,1.6714,1.6718,0
09/24/1998,1.6786,1.6804,1.6712,1.6798,0
09/25/1998,1.6892,1.6994,1.685,1.697,0
09/28/1998,1.6898,1.6962,1.6854,1.6934,0
09/29/1998,1.6992,1.7066,1.699,1.7024,0
09/30/1998,1.702,1.704,1.6882,1.691,0
10/01/1998,1.692,1.7014,1.6872,1.6994,0
10/02/1998,1.699,1.705,1.6926,1.701,0
10/05/1998,1.6918,1.6942,1.6808,1.6846,0
10/06/1998,1.6776,1.682,1.6744,1.6758,0
10/07/1998,1.6758,1.6932,1.672,1.6932,0
10/08/1998,1.6984,1.73,1.6908,1.7186,0
10/09/1998,1.706,1.7118,1.693,1.7026,0
10/12/1998,1.694,1.6974,1.6818,1.6854,0
10/13/1998,1.685,1.6996,1.681,1.6936,0
10/14/1998,1.7,1.7038,1.6936,1.695,0
10/15/1998,1.6992,1.7068,1.6934,1.6942,0
10/16/1998,1.699,1.708,1.69,1.7002,0
10/19/1998,1.6974,1.7004,1.6966,1.6974,0
10/20/1998,1.6956,1.7048,1.6906,1.701,0
10/21/1998,1.704,1.7066,1.695,1.702,0
10/22/1998,1.6924,1.6932,1.6834,1.684,0
10/23/1998,1.6896,1.6922,1.6868,1.6902,0
10/26/1998,1.682,1.682,1.674,1.677,0
10/27/1998,1.6586,1.665,1.658,1.66,0
10/28/1998,1.6724,1.6726,1.6686,1.67,0
10/29/1998,1.6698,1.677,1.6682,1.6718,0
10/30/1998,1.6718,1.68,1.6712,1.6744,0
11/02/1998,1.6726,1.6744,1.6622,1.6634,0
11/03/1998,1.6602,1.6618,1.6504,1.6524,0
11/04/1998,1.656,1.656,1.648,1.65,0
11/05/1998,1.6572,1.6588,1.646,1.6532,0
11/06/1998,1.6582,1.6624,1.6578,1.6594,0
11/09/1998,1.6556,1.663,1.6538,1.6606,0
11/10/1998,1.66,1.661,1.655,1.658,0
11/11/1998,1.6572,1.66,1.6512,1.6568,0
11/12/1998,1.6604,1.6614,1.6538,1.6554,0
11/13/1998,1.6582,1.6696,1.6562,1.6632,0
11/16/1998,1.662,1.674,1.6608,1.67,0
11/17/1998,1.6738,1.6778,1.6708,1.6756,0
11/18/1998,1.6748,1.675,1.6688,1.6728,0
11/19/1998,1.6682,1.6696,1.665,1.6696,0
11/20/1998,1.6646,1.6646,1.6572,1.661,0
11/23/1998,1.6542,1.6554,1.6424,1.649,0
11/24/1998,1.6552,1.6558,1.65,1.6534,0
11/25/1998,1.658,1.663,1.6558,1.6624,0
11/26/1998,1.659,1.66,1.6536,1.6584,0
11/27/1998,1.6578,1.6604,1.6544,1.656,0
11/30/1998,1.6518,1.6536,1.6438,1.646,0
12/01/1998,1.6468,1.652,1.6456,1.6514,0
12/02/1998,1.653,1.657,1.649,1.6564,0
12/03/1998,1.6654,1.672,1.6648,1.6664,0
12/04/1998,1.6646,1.6682,1.663,1.6642,0
12/07/1998,1.662,1.663,1.6548,1.663,0
12/08/1998,1.6518,1.653,1.6462,1.652,0
12/09/1998,1.6584,1.661,1.6552,1.6576,0
12/10/1998,1.6556,1.663,1.6546,1.663,0
12/11/1998,1.6654,1.6746,1.6614,1.672,0
12/14/1998,1.6826,1.6832,1.6768,1.6804,0
12/15/1998,1.6886,1.689,1.68,1.684,0
12/16/1998,1.6818,1.6842,1.674,1.6756,0
12/17/1998,1.6662,1.679,1.6624,1.6742,0
12/18/1998,1.6694,1.68,1.6688,1.6796,0
12/21/1998,1.679,1.6816,1.6762,1.6792,0
12/22/1998,1.6798,1.681,1.676,1.679,0
12/23/1998,1.676,1.6788,1.672,1.672,0
12/24/1998,1.6746,1.6752,1.669,1.6726,0
12/28/1998,1.6706,1.6738,1.6694,1.6702,0
12/29/1998,1.6722,1.6764,1.6718,1.6764,0
12/30/1998,1.6788,1.6798,1.6686,1.6686,0
12/31/1998,1.6576,1.663,1.649,1.6598,0
01/04/1999,1.658,1.668,1.651,1.652,0
01/05/1999,1.6568,1.6576,1.65,1.6542,0
01/06/1999,1.6514,1.6624,1.6472,1.66,0
01/07/1999,1.6514,1.6548,1.645,1.6452,0
01/08/1999,1.648,1.6492,1.6362,1.6404,0
01/11/1999,1.638,1.6424,1.6362,1.641,0
01/12/1999,1.628,1.63,1.6212,1.6282,0
01/13/1999,1.6284,1.655,1.6282,1.655,0
01/14/1999,1.645,1.6512,1.6418,1.6458,0
01/15/1999,1.6544,1.6624,1.652,1.6552,0
01/18/1999,1.648,1.6542,1.6474,1.6542,0
01/19/1999,1.648,1.6584,1.6452,1.6572,0
01/20/1999,1.6524,1.6564,1.648,1.6496,0
01/21/1999,1.6432,1.6476,1.6402,1.6462,0
01/22/1999,1.6494,1.6556,1.648,1.648,0
01/25/1999,1.6528,1.6586,1.652,1.6568,0
01/26/1999,1.6554,1.661,1.6552,1.6596,0
01/27/1999,1.6576,1.6576,1.6482,1.653,0
01/28/1999,1.6444,1.649,1.6428,1.6462,0
01/29/1999,1.6474,1.649,1.644,1.6456,0
02/01/1999,1.6458,1.6462,1.6404,1.6404,0
02/02/1999,1.6406,1.6462,1.6396,1.642,0
02/03/1999,1.6374,1.6396,1.6322,1.6352,0
02/04/1999,1.634,1.641,1.6292,1.6358,0
02/05/1999,1.6436,1.6444,1.6376,1.6392,0
02/08/1999,1.6314,1.6344,1.63,1.633,0
02/09/1999,1.6376,1.6404,1.6366,1.639,0
02/10/1999,1.6352,1.6372,1.629,1.6306,0
02/11/1999,1.6288,1.6288,1.618,1.6212,0
02/12/1999,1.6214,1.627,1.6206,1.6246,0
02/15/1999,1.6314,1.6322,1.623,1.6258,0
02/16/1999,1.6314,1.6332,1.623,1.628,0
02/17/1999,1.6338,1.6386,1.6312,1.6358,0
02/18/1999,1.635,1.6378,1.6334,1.6338,0
02/19/1999,1.6348,1.6352,1.6314,1.6316,0
02/22/1999,1.6198,1.6238,1.6168,1.6196,0
02/23/1999,1.6258,1.6268,1.6124,1.6124,0
02/24/1999,1.6124,1.6148,1.6,1.603,0
02/25/1999,1.5964,1.6036,1.5954,1.6008,0
02/26/1999,1.602,1.6038,1.597,1.602,0
03/01/1999,1.599,1.609,1.595,1.608,0
03/02/1999,1.6086,1.61,1.604,1.6094,0
03/03/1999,1.6148,1.6216,1.6118,1.6202,0
03/04/1999,1.6128,1.6144,1.6062,1.607,0
03/05/1999,1.6104,1.6106,1.607,1.608,0
03/08/1999,1.6018,1.6108,1.6004,1.6108,0
03/09/1999,1.6084,1.611,1.6078,1.6078,0
03/10/1999,1.619,1.6246,1.617,1.623,0
03/11/1999,1.6264,1.6268,1.6232,1.626,0
03/12/1999,1.6346,1.6366,1.625,1.6306,0
03/15/1999,1.629,1.6292,1.6202,1.624,0
03/16/1999,1.6214,1.623,1.6168,1.623,0
03/17/1999,1.6276,1.629,1.623,1.6238,0
03/18/1999,1.6286,1.6314,1.625,1.627,0
03/19/1999,1.6288,1.6288,1.6254,1.6258,0
03/22/1999,1.628,1.628,1.624,1.6256,0
03/23/1999,1.6266,1.6272,1.621,1.625,0
03/24/1999,1.637,1.6436,1.6334,1.6436,0
03/25/1999,1.6338,1.6372,1.6324,1.635,0
03/26/1999,1.623,1.6262,1.6206,1.6222,0
03/29/1999,1.622,1.6222,1.615,1.615,0
03/30/1999,1.6158,1.6172,1.6122,1.6122,0
03/31/1999,1.611,1.6138,1.6042,1.612,0
04/01/1999,1.6114,1.613,1.6048,1.613,0
04/02/1999,1.602,1.6044,1.601,1.603,0
04/05/1999,1.6032,1.6052,1.6016,1.603,0
04/06/1999,1.5992,1.6018,1.5836,1.5872,0
04/07/1999,1.5912,1.5972,1.587,1.5956,0
04/08/1999,1.5948,1.6062,1.5946,1.6056,0
04/09/1999,1.6042,1.6076,1.6006,1.602,0
04/12/1999,1.6076,1.6166,1.6076,1.6154,0
04/13/1999,1.613,1.6154,1.6104,1.612,0
04/14/1999,1.614,1.62,1.6126,1.6162,0
04/15/1999,1.61,1.6142,1.6094,1.6132,0
04/16/1999,1.6082,1.611,1.6024,1.608,0
04/19/1999,1.6122,1.6224,1.611,1.6132,0
04/20/1999,1.6094,1.6178,1.6094,1.6162,0
04/21/1999,1.6094,1.6124,1.6036,1.6046,0
04/22/1999,1.6052,1.6066,1.604,1.605,0
04/23/1999,1.6154,1.618,1.6124,1.6156,0
04/26/1999,1.6128,1.6168,1.6128,1.614,0
04/27/1999,1.6106,1.6128,1.6086,1.612,0
04/28/1999,1.6174,1.6188,1.6158,1.6184,0
04/29/1999,1.6134,1.6166,1.6102,1.6102,0
04/30/1999,1.6074,1.6118,1.6072,1.611,0
05/03/1999,1.6086,1.6116,1.6078,1.6114,0
05/04/1999,1.6088,1.6132,1.6078,1.6118,0
05/05/1999,1.628,1.6316,1.625,1.6268,0
05/06/1999,1.637,1.6396,1.632,1.6332,0
05/07/1999,1.6398,1.6398,1.63,1.6304,0
05/10/1999,1.629,1.6298,1.623,1.6256,0
05/11/1999,1.625,1.6268,1.62,1.6206,0
05/12/1999,1.6224,1.6228,1.6154,1.6192,0
05/13/1999,1.617,1.6194,1.6166,1.6178,0
05/14/1999,1.62,1.6218,1.6132,1.6172,0
05/17/1999,1.6198,1.621,1.6144,1.6198,0
05/18/1999,1.6182,1.6234,1.616,1.621,0
05/19/1999,1.622,1.6224,1.6154,1.6188,0
05/20/1999,1.617,1.6228,1.6096,1.6138,0
05/21/1999,1.6064,1.6086,1.6048,1.6062,0
05/24/1999,1.6038,1.6044,1.598,1.599,0
05/25/1999,1.5958,1.602,1.5958,1.6002,0
05/26/1999,1.6014,1.605,1.5998,1.5998,0
05/27/1999,1.5946,1.5962,1.5874,1.595,0
05/28/1999,1.598,1.6042,1.596,1.6006,0
05/31/1999,1.602,1.6044,1.6012,1.603,0
06/01/1999,1.602,1.606,1.598,1.603,0
06/02/1999,1.612,1.6132,1.6076,1.6094,0
06/03/1999,1.604,1.6074,1.603,1.6072,0
06/04/1999,1.606,1.6102,1.6028,1.6084,0
06/07/1999,1.6102,1.611,1.6066,1.6078,0
06/08/1999,1.5992,1.6066,1.5984,1.6004,0
06/09/1999,1.6052,1.607,1.6048,1.6052,0
06/10/1999,1.602,1.603,1.6,1.6,0
06/11/1999,1.6044,1.6138,1.6036,1.6086,0
06/14/1999,1.6166,1.6166,1.609,1.6126,0
06/15/1999,1.6074,1.609,1.5992,1.6,0
06/16/1999,1.5942,1.5952,1.5866,1.5894,0
06/17/1999,1.5886,1.5958,1.5868,1.5958,0
06/18/1999,1.5948,1.6022,1.591,1.599,0
06/21/1999,1.5952,1.596,1.5906,1.5908,0
06/22/1999,1.5924,1.594,1.5862,1.588,0
06/23/1999,1.5908,1.592,1.5784,1.5802,0
06/24/1999,1.5818,1.5824,1.5744,1.579,0
06/25/1999,1.5892,1.5944,1.588,1.5884,0
06/28/1999,1.5848,1.588,1.5826,1.5836,0
06/29/1999,1.5838,1.5844,1.5792,1.584,0
06/30/1999,1.5758,1.5766,1.5732,1.576,0
07/01/1999,1.579,1.5826,1.5776,1.5786,0
07/02/1999,1.574,1.5772,1.5706,1.5772,0
07/05/1999,1.5786,1.5802,1.5754,1.5768,0
07/06/1999,1.5786,1.5786,1.568,1.5712,0
07/07/1999,1.5626,1.5648,1.558,1.558,0
07/08/1999,1.562,1.562,1.554,1.555,0
07/09/1999,1.5596,1.5614,1.5514,1.5532,0
07/12/1999,1.5496,1.5544,1.5496,1.552,0
07/13/1999,1.5578,1.5588,1.554,1.5574,0
07/14/1999,1.558,1.5604,1.5524,1.5584,0
07/15/1999,1.5642,1.569,1.5636,1.5658,0
07/16/1999,1.5662,1.5702,1.565,1.5668,0
07/19/1999,1.5628,1.5634,1.5578,1.5588,0
07/20/1999,1.5804,1.5826,1.5716,1.5738,0
07/21/1999,1.57,1.577,1.57,1.5728,0
07/22/1999,1.579,1.5858,1.575,1.5828,0
07/23/1999,1.5828,1.586,1.5814,1.5824,0
07/26/1999,1.5816,1.5918,1.5816,1.591,0
07/27/1999,1.5914,1.5948,1.5892,1.5904,0
07/28/1999,1.5908,1.5958,1.5834,1.587,0
07/29/1999,1.5984,1.6038,1.5968,1.6026,0
07/30/1999,1.618,1.6244,1.6128,1.62,0
08/02/1999,1.6222,1.6222,1.6138,1.617,0
08/03/1999,1.617,1.618,1.6154,1.6166,0
08/04/1999,1.6204,1.6284,1.6194,1.624,0
08/05/1999,1.6216,1.622,1.6124,1.619,0
08/06/1999,1.614,1.6196,1.613,1.6154,0
08/09/1999,1.6104,1.6104,1.6046,1.606,0
08/10/1999,1.6062,1.6164,1.605,1.6134,0
08/11/1999,1.6152,1.6176,1.6112,1.6112,0
08/12/1999,1.6094,1.6134,1.6064,1.6098,0
08/13/1999,1.6116,1.6154,1.6108,1.612,0
08/16/1999,1.606,1.611,1.6034,1.6036,0
08/17/1999,1.601,1.6032,1.5958,1.599,0
08/18/1999,1.6048,1.6092,1.6032,1.6056,0
08/19/1999,1.6032,1.6046,1.5982,1.6042,0
08/20/1999,1.6178,1.6224,1.6156,1.618,0
08/23/1999,1.6158,1.6186,1.612,1.612,0
08/24/1999,1.6022,1.6046,1.5912,1.5984,0
08/25/1999,1.595,1.5952,1.5842,1.5874,0
08/26/1999,1.5852,1.593,1.585,1.5918,0
08/27/1999,1.588,1.5906,1.5848,1.587,0
08/30/1999,1.5896,1.5908,1.5862,1.5874,0
08/31/1999,1.59,1.607,1.5896,1.6062,0
09/01/1999,1.6056,1.613,1.6036,1.6096,0
09/02/1999,1.605,1.6094,1.599,1.6094,0
09/03/1999,1.6072,1.616,1.6064,1.6104,0
09/06/1999,1.6054,1.607,1.6014,1.6062,0
09/07/1999,1.606,1.6068,1.6,1.6064,0
09/08/1999,1.605,1.626,1.6036,1.626,0
09/09/1999,1.6192,1.629,1.6174,1.629,0
09/10/1999,1.6374,1.6374,1.6278,1.6282,0
09/13/1999,1.621,1.6236,1.6116,1.6148,0
09/14/1999,1.609,1.611,1.5986,1.6024,0
09/15/1999,1.6074,1.6116,1.6042,1.607,0
09/16/1999,1.615,1.621,1.613,1.615,0
09/17/1999,1.6266,1.6268,1.6162,1.619,0
09/20/1999,1.6238,1.6264,1.6214,1.622,0
09/21/1999,1.6212,1.6314,1.6208,1.628,0
09/22/1999,1.6332,1.6386,1.628,1.6348,0
09/23/1999,1.6292,1.6342,1.6288,1.6334,0
09/24/1999,1.643,1.647,1.6396,1.643,0
09/27/1999,1.641,1.6506,1.6402,1.646,0
09/28/1999,1.6472,1.6498,1.644,1.6478,0
09/29/1999,1.6474,1.6494,1.6412,1.6418,0
09/30/1999,1.644,1.6486,1.644,1.6464,0
10/01/1999,1.6464,1.6518,1.6456,1.6508,0
10/04/1999,1.6544,1.66,1.6538,1.6574,0
10/05/1999,1.6562,1.6566,1.6502,1.6542,0
10/06/1999,1.6578,1.6578,1.6534,1.6544,0
10/07/1999,1.6558,1.6562,1.6482,1.653,0
10/08/1999,1.6518,1.654,1.6476,1.6522,0
10/11/1999,1.6508,1.658,1.6502,1.6528,0
10/12/1999,1.6526,1.6578,1.6512,1.6522,0
10/13/1999,1.6574,1.6598,1.653,1.6542,0
10/14/1999,1.6558,1.6572,1.653,1.6556,0
10/15/1999,1.665,1.6682,1.6622,1.666,0
10/18/1999,1.6694,1.6708,1.6676,1.6694,0
10/19/1999,1.6694,1.6728,1.6656,1.6724,0
10/20/1999,1.6722,1.674,1.666,1.6686,0
10/21/1999,1.6634,1.6768,1.6632,1.6744,0
10/22/1999,1.676,1.6792,1.6732,1.6744,0
10/25/1999,1.6572,1.6626,1.657,1.6608,0
10/26/1999,1.6636,1.6648,1.6576,1.6582,0
10/27/1999,1.6514,1.6582,1.651,1.652,0
10/28/1999,1.6464,1.6486,1.6408,1.6412,0
10/29/1999,1.638,1.643,1.6332,1.6366,0
11/01/1999,1.6448,1.65,1.643,1.6472,0
11/02/1999,1.643,1.649,1.6424,1.646,0
11/03/1999,1.6446,1.652,1.6442,1.6494,0
11/04/1999,1.644,1.648,1.638,1.6438,0
11/05/1999,1.6218,1.6284,1.621,1.6274,0
11/08/1999,1.6238,1.6248,1.619,1.6234,0
11/09/1999,1.6192,1.6254,1.618,1.6242,0
11/10/1999,1.6236,1.6248,1.6192,1.6214,0
11/11/1999,1.629,1.6294,1.6216,1.6216,0
11/12/1999,1.623,1.6232,1.6164,1.6166,0
11/15/1999,1.615,1.619,1.6144,1.6176,0
11/16/1999,1.6216,1.6242,1.621,1.6228,0
11/17/1999,1.6186,1.6278,1.6162,1.6274,0
11/18/1999,1.629,1.629,1.6224,1.6224,0
11/19/1999,1.6156,1.623,1.6138,1.6216,0
11/22/1999,1.62,1.623,1.6186,1.6212,0
11/23/1999,1.6198,1.6254,1.6198,1.6248,0
11/24/1999,1.625,1.6258,1.6134,1.615,0
11/25/1999,1.6086,1.6188,1.6082,1.6138,0
11/26/1999,1.6086,1.6188,1.603,1.6064,0
11/29/1999,1.6076,1.608,1.5998,1.6036,0
11/30/1999,1.6058,1.6072,1.5914,1.5976,0
12/01/1999,1.5988,1.603,1.5966,1.603,0
12/02/1999,1.6014,1.6026,1.597,1.598,0
12/03/1999,1.6004,1.6024,1.5986,1.601,0
12/06/1999,1.602,1.6132,1.5998,1.6132,0
12/07/1999,1.622,1.63,1.6192,1.6236,0
12/08/1999,1.6268,1.6306,1.6232,1.6238,0
12/09/1999,1.6268,1.6268,1.6188,1.62,0
12/10/1999,1.6252,1.6272,1.6226,1.6242,0
12/13/1999,1.6226,1.6256,1.622,1.6234,0
12/14/1999,1.6254,1.6272,1.614,1.6168,0
12/15/1999,1.6126,1.6148,1.6052,1.6064,0
12/16/1999,1.6054,1.6208,1.6054,1.6158,0
12/17/1999,1.6128,1.619,1.6116,1.6134,0
12/20/1999,1.6052,1.6116,1.6034,1.6084,0
12/21/1999,1.6072,1.6148,1.6068,1.608,0
12/22/1999,1.6132,1.6142,1.61,1.6116,0
12/23/1999,1.6092,1.6122,1.6084,1.6106,0
12/27/1999,1.6144,1.6182,1.6142,1.618,0
12/28/1999,1.618,1.6232,1.6168,1.6208,0
12/29/1999,1.616,1.6202,1.6152,1.617,0
12/30/1999,1.6178,1.6208,1.6138,1.6156,0
12/31/1999,1.616,1.6172,1.6142,1.6142,0
01/03/2000,1.6162,1.6214,1.615,1.616,0
01/04/2000,1.6372,1.6416,1.632,1.638,0
01/05/2000,1.6362,1.6448,1.6346,1.6394,0
01/06/2000,1.6414,1.651,1.6402,1.6494,0
01/07/2000,1.647,1.65,1.643,1.643,0
01/10/2000,1.6386,1.6398,1.6334,1.6366,0
01/11/2000,1.6366,1.6454,1.6364,1.642,0
01/12/2000,1.6482,1.654,1.6452,1.648,0
01/13/2000,1.6474,1.649,1.6408,1.642,0
01/14/2000,1.6476,1.6478,1.6422,1.644,0
01/17/2000,1.6342,1.639,1.6306,1.6318,0
01/18/2000,1.6342,1.639,1.6306,1.6348,0
01/19/2000,1.6368,1.6418,1.6368,1.6374,0
01/20/2000,1.644,1.6472,1.6428,1.6468,0
01/21/2000,1.654,1.6578,1.6524,1.6536,0
01/24/2000,1.6482,1.6552,1.6468,1.6544,0
01/25/2000,1.651,1.6532,1.643,1.6458,0
01/26/2000,1.6444,1.6466,1.6422,1.644,0
01/27/2000,1.6384,1.6404,1.6344,1.636,0
01/28/2000,1.639,1.6392,1.6222,1.6266,0
01/31/2000,1.6224,1.6258,1.6198,1.6212,0
02/01/2000,1.616,1.6174,1.6106,1.6138,0
02/02/2000,1.6156,1.616,1.6056,1.6066,0
02/03/2000,1.6076,1.6092,1.5986,1.6006,0
02/04/2000,1.596,1.602,1.5834,1.5886,0
02/07/2000,1.5914,1.5998,1.591,1.5922,0
02/08/2000,1.597,1.605,1.597,1.6022,0
02/09/2000,1.612,1.6142,1.606,1.6104,0
02/10/2000,1.613,1.6168,1.6068,1.61,0
02/11/2000,1.6096,1.61,1.595,1.5972,0
02/14/2000,1.5936,1.5968,1.588,1.5908,0
02/15/2000,1.587,1.5902,1.5844,1.586,0
02/16/2000,1.5954,1.6016,1.594,1.5992,0
02/17/2000,1.6076,1.614,1.6044,1.6114,0
02/18/2000,1.6084,1.6086,1.6032,1.6048,0
02/21/2000,1.5994,1.6016,1.5978,1.5992,0
02/22/2000,1.5994,1.612,1.5978,1.6078,0
02/23/2000,1.6124,1.6142,1.6066,1.6092,0
02/24/2000,1.606,1.606,1.5972,1.598,0
02/25/2000,1.6004,1.6004,1.5924,1.5944,0
02/28/2000,1.5932,1.5944,1.587,1.588,0
02/29/2000,1.593,1.6018,1.5866,1.5866,0
03/01/2000,1.5788,1.587,1.5762,1.5786,0
03/02/2000,1.5862,1.5874,1.5802,1.5816,0
03/03/2000,1.5862,1.5862,1.5754,1.5794,0
03/06/2000,1.58,1.5818,1.5764,1.5768,0
03/07/2000,1.5744,1.5766,1.5694,1.5758,0
03/08/2000,1.58,1.5814,1.5774,1.5794,0
03/09/2000,1.5838,1.5838,1.5786,1.5804,0
03/10/2000,1.5814,1.5836,1.577,1.5782,0
03/13/2000,1.577,1.5832,1.576,1.5802,0
03/14/2000,1.58,1.5802,1.5672,1.5714,0
03/15/2000,1.5772,1.5796,1.5704,1.571,0
03/16/2000,1.5734,1.5764,1.5692,1.572,0
03/17/2000,1.5766,1.5774,1.574,1.5744,0
03/20/2000,1.573,1.5748,1.5642,1.568,0
03/21/2000,1.5704,1.572,1.5672,1.5708,0
03/22/2000,1.574,1.574,1.5664,1.5676,0
03/23/2000,1.5796,1.5806,1.576,1.58,0
03/24/2000,1.5872,1.5906,1.5868,1.589,0
03/27/2000,1.5928,1.6012,1.5924,1.5952,0
03/28/2000,1.5876,1.591,1.5832,1.587,0
03/29/2000,1.5896,1.5956,1.5858,1.5876,0
03/30/2000,1.595,1.595,1.588,1.5894,0
03/31/2000,1.597,1.598,1.5928,1.5948,0
04/03/2000,1.592,1.5938,1.588,1.5928,0
04/04/2000,1.5984,1.5996,1.5958,1.598,0
04/05/2000,1.5978,1.5982,1.5892,1.5892,0
04/06/2000,1.584,1.5892,1.583,1.5858,0
04/07/2000,1.5808,1.5862,1.5786,1.5828,0
04/10/2000,1.5808,1.583,1.5796,1.5816,0
04/11/2000,1.5858,1.588,1.5844,1.5852,0
04/12/2000,1.5858,1.5876,1.5838,1.5852,0
04/13/2000,1.5886,1.5938,1.5858,1.5892,0
04/14/2000,1.5888,1.5892,1.5836,1.5856,0
04/17/2000,1.5896,1.5912,1.5876,1.588,0
04/18/2000,1.5828,1.584,1.5764,1.5824,0
04/19/2000,1.5794,1.5824,1.5766,1.581,0
04/20/2000,1.582,1.583,1.5788,1.58,0
04/24/2000,1.5766,1.5796,1.5754,1.5796,0
04/25/2000,1.5812,1.5812,1.5734,1.5782,0
04/26/2000,1.5816,1.582,1.575,1.5778,0
04/27/2000,1.5762,1.5774,1.572,1.573,0
04/28/2000,1.5744,1.5754,1.5648,1.5682,0
05/01/2000,1.5534,1.5576,1.553,1.555,0
05/02/2000,1.554,1.565,1.553,1.5644,0
05/03/2000,1.5602,1.566,1.5596,1.5604,0
05/04/2000,1.5622,1.563,1.539,1.539,0
05/05/2000,1.5418,1.5442,1.53,1.5394,0
05/08/2000,1.5292,1.536,1.5272,1.5304,0
05/09/2000,1.5322,1.5374,1.5316,1.5356,0
05/10/2000,1.5336,1.534,1.5216,1.5248,0
05/11/2000,1.5126,1.514,1.494,1.502,0
05/12/2000,1.5048,1.517,1.503,1.5166,0
05/15/2000,1.5182,1.5204,1.512,1.5144,0
05/16/2000,1.507,1.5074,1.4966,1.5,0
05/17/2000,1.4954,1.4988,1.4888,1.4916,0
05/18/2000,1.4952,1.4978,1.478,1.4808,0
05/19/2000,1.483,1.4882,1.476,1.4824,0
05/22/2000,1.4892,1.4892,1.4834,1.488,0
05/23/2000,1.4928,1.4964,1.4788,1.4808,0
05/24/2000,1.4772,1.4794,1.4688,1.4756,0
05/25/2000,1.4774,1.4814,1.472,1.4752,0
05/26/2000,1.4724,1.4776,1.4708,1.473,0
05/29/2000,1.4898,1.493,1.487,1.493,0
05/30/2000,1.4898,1.504,1.487,1.504,0
05/31/2000,1.4968,1.4994,1.4936,1.4954,0
06/01/2000,1.5002,1.5024,1.4924,1.4962,0
06/02/2000,1.4946,1.5018,1.4944,1.4972,0
06/05/2000,1.5096,1.5168,1.5086,1.514,0
06/06/2000,1.5188,1.5202,1.512,1.5132,0
06/07/2000,1.5294,1.5294,1.5218,1.5234,0
06/08/2000,1.5226,1.523,1.516,1.5212,0
06/09/2000,1.5108,1.513,1.505,1.5056,0
06/12/2000,1.5076,1.5126,1.5038,1.5116,0
06/13/2000,1.5118,1.518,1.5118,1.5136,0
06/14/2000,1.507,1.512,1.5026,1.504,0
06/15/2000,1.4992,1.508,1.4958,1.508,0
06/16/2000,1.5162,1.52,1.5126,1.5136,0
06/19/2000,1.5172,1.519,1.5136,1.5154,0
06/20/2000,1.5148,1.517,1.5084,1.5104,0
06/21/2000,1.5212,1.5212,1.5056,1.5062,0
06/22/2000,1.5016,1.5088,1.4994,1.5084,0
06/23/2000,1.5166,1.5168,1.5018,1.508,0
06/26/2000,1.5032,1.5056,1.5002,1.5034,0
06/27/2000,1.5002,1.503,1.4974,1.4994,0
06/28/2000,1.5078,1.5104,1.5054,1.5088,0
06/29/2000,1.514,1.5214,1.513,1.5208,0
06/30/2000,1.5216,1.5232,1.512,1.513,0
07/03/2000,1.5188,1.5206,1.5106,1.5132,0
07/04/2000,1.5156,1.5176,1.5142,1.5174,0
07/05/2000,1.5156,1.5186,1.5124,1.514,0
07/06/2000,1.5112,1.5154,1.5084,1.5144,0
07/07/2000,1.5094,1.5144,1.5068,1.5132,0
07/10/2000,1.516,1.5214,1.514,1.5168,0
07/11/2000,1.514,1.5176,1.5134,1.5134,0
07/12/2000,1.5184,1.5202,1.5134,1.516,0
07/13/2000,1.5092,1.5092,1.5022,1.505,0
07/14/2000,1.5042,1.5064,1.4986,1.5024,0
07/17/2000,1.5002,1.5028,1.4952,1.496,0
07/18/2000,1.4968,1.5014,1.4926,1.5004,0
07/19/2000,1.4992,1.5,1.4952,1.498,0
07/20/2000,1.4992,1.5002,1.4928,1.496,0
07/21/2000,1.515,1.5192,1.5098,1.515,0
07/24/2000,1.5208,1.5226,1.5182,1.5186,0
07/25/2000,1.5168,1.5194,1.5142,1.5184,0
07/26/2000,1.518,1.5234,1.5172,1.518,0
07/27/2000,1.5166,1.5182,1.5158,1.516,0
07/28/2000,1.515,1.5154,1.5078,1.5092,0
07/31/2000,1.5048,1.5062,1.4976,1.4978,0
08/01/2000,1.5004,1.5024,1.4946,1.5018,0
08/02/2000,1.4954,1.4966,1.4872,1.4892,0
08/03/2000,1.4942,1.5,1.484,1.4888,0
08/04/2000,1.497,1.5028,1.4906,1.5018,0
08/07/2000,1.5056,1.5096,1.5016,1.5074,0
08/08/2000,1.5114,1.5154,1.508,1.5092,0
08/09/2000,1.5056,1.5066,1.5008,1.5018,0
08/10/2000,1.5028,1.504,1.4982,1.501,0
08/11/2000,1.4968,1.5086,1.4968,1.507,0
08/14/2000,1.5032,1.5078,1.5014,1.5064,0
08/15/2000,1.5058,1.5148,1.5044,1.5056,0
08/16/2000,1.5034,1.5068,1.5,1.5,0
08/17/2000,1.5006,1.5028,1.4976,1.499,0
08/18/2000,1.5,1.5,1.4934,1.4964,0
08/21/2000,1.491,1.494,1.4896,1.4922,0
08/22/2000,1.4884,1.4892,1.4832,1.4862,0
08/23/2000,1.484,1.4846,1.4772,1.4812,0
08/24/2000,1.4864,1.488,1.4776,1.4806,0
08/25/2000,1.4826,1.4828,1.4724,1.475,0
08/28/2000,1.4712,1.4738,1.4696,1.472,0
08/29/2000,1.471,1.4724,1.46,1.4602,0
08/30/2000,1.4568,1.4578,1.4428,1.4504,0
08/31/2000,1.459,1.4608,1.4534,1.4562,0
09/01/2000,1.4504,1.4532,1.4468,1.451,0
09/04/2000,1.4636,1.466,1.459,1.46,0
09/05/2000,1.4636,1.466,1.4498,1.4518,0
09/06/2000,1.4548,1.4554,1.4472,1.449,0
09/07/2000,1.439,1.4402,1.4314,1.4356,0
09/08/2000,1.4382,1.4398,1.421,1.4244,0
09/11/2000,1.416,1.425,1.409,1.416,0
09/12/2000,1.4056,1.4072,1.3952,1.4042,0
09/13/2000,1.4072,1.4108,1.405,1.4102,0
09/14/2000,1.409,1.423,1.4032,1.4162,0
09/15/2000,1.4086,1.416,1.4068,1.4096,0
09/18/2000,1.401,1.4036,1.398,1.3996,0
09/19/2000,1.408,1.4094,1.4012,1.4066,0
09/20/2000,1.4124,1.4168,1.4082,1.4168,0
09/21/2000,1.4104,1.4222,1.4104,1.4214,0
09/22/2000,1.4382,1.48,1.4382,1.469,0
09/25/2000,1.458,1.4658,1.456,1.4576,0
09/26/2000,1.4532,1.4612,1.4532,1.4548,0
09/27/2000,1.465,1.4694,1.4624,1.468,0
09/28/2000,1.466,1.4694,1.465,1.4668,0
09/29/2000,1.465,1.478,1.4636,1.4708,0
10/02/2000,1.4782,1.4794,1.473,1.473,0
10/03/2000,1.4716,1.4718,1.4636,1.4642,0
10/04/2000,1.4594,1.4616,1.4542,1.4574,0
10/05/2000,1.4606,1.4614,1.4542,1.458,0
10/06/2000,1.4478,1.453,1.445,1.4484,0
10/09/2000,1.4488,1.4514,1.4476,1.4506,0
10/10/2000,1.4506,1.4598,1.4494,1.4574,0
10/11/2000,1.4566,1.4656,1.4554,1.4626,0
10/12/2000,1.4624,1.465,1.46,1.462,0
10/13/2000,1.472,1.482,1.471,1.4736,0
10/16/2000,1.4534,1.4556,1.446,1.4496,0
10/17/2000,1.4492,1.45,1.436,1.438,0
10/18/2000,1.4518,1.4548,1.445,1.4528,0
10/19/2000,1.4446,1.4496,1.4432,1.447,0
10/20/2000,1.4474,1.4514,1.4464,1.4498,0
10/23/2000,1.4534,1.4592,1.453,1.456,0
10/24/2000,1.4534,1.4576,1.4518,1.454,0
10/25/2000,1.4516,1.4528,1.4406,1.4408,0
10/26/2000,1.4344,1.4364,1.4202,1.4268,0
10/27/2000,1.4358,1.441,1.4336,1.4354,0
10/30/2000,1.455,1.468,1.4532,1.4608,0
10/31/2000,1.4538,1.454,1.4464,1.4498,0
11/01/2000,1.4512,1.459,1.4438,1.448,0
11/02/2000,1.4528,1.4566,1.4462,1.4512,0
11/03/2000,1.4468,1.456,1.4402,1.4534,0
11/06/2000,1.451,1.4526,1.4446,1.4472,0
11/07/2000,1.4304,1.4332,1.4256,1.4298,0
11/08/2000,1.4348,1.4376,1.4202,1.4264,0
11/09/2000,1.4244,1.4268,1.4142,1.4186,0
11/10/2000,1.4336,1.437,1.4262,1.4302,0
11/13/2000,1.4284,1.435,1.4266,1.4336,0
11/14/2000,1.4394,1.444,1.4322,1.4334,0
11/15/2000,1.4316,1.4344,1.4246,1.4262,0
11/16/2000,1.4278,1.4286,1.422,1.4246,0
11/17/2000,1.4244,1.4272,1.421,1.424,0
11/20/2000,1.4236,1.4264,1.4216,1.4248,0
11/21/2000,1.4234,1.43,1.4194,1.4208,0
11/22/2000,1.4186,1.4236,1.416,1.4162,0
11/23/2000,1.408,1.4096,1.3986,1.4018,0
11/24/2000,1.408,1.4096,1.3966,1.4072,0
11/27/2000,1.4014,1.4082,1.4014,1.4078,0
11/28/2000,1.418,1.4222,1.4148,1.4216,0
11/29/2000,1.4176,1.4256,1.4168,1.4228,0
11/30/2000,1.4242,1.4244,1.418,1.4182,0
12/01/2000,1.4254,1.4378,1.4242,1.4312,0
12/04/2000,1.4396,1.4538,1.4386,1.452,0
12/05/2000,1.4542,1.4542,1.4448,1.4454,0
12/06/2000,1.4352,1.441,1.4318,1.4356,0
12/07/2000,1.4424,1.4498,1.4404,1.446,0
12/08/2000,1.4436,1.451,1.443,1.4496,0
12/11/2000,1.4468,1.4584,1.444,1.4556,0
12/12/2000,1.4556,1.4578,1.4464,1.4476,0
12/13/2000,1.4484,1.449,1.4442,1.448,0
12/14/2000,1.456,1.4692,1.454,1.4666,0
12/15/2000,1.4736,1.48,1.4736,1.4784,0
12/18/2000,1.476,1.4824,1.4718,1.4736,0
12/19/2000,1.476,1.4782,1.463,1.4676,0
12/20/2000,1.47,1.474,1.4656,1.4694,0
12/21/2000,1.4804,1.481,1.4686,1.4802,0
12/22/2000,1.4722,1.4858,1.4722,1.4804,0
12/26/2000,1.483,1.483,1.4812,1.4826,0
12/27/2000,1.487,1.493,1.485,1.4902,0
12/28/2000,1.4968,1.5,1.4886,1.4904,0
12/29/2000,1.495,1.4984,1.489,1.4942,0
01/02/2001,1.4938,1.4978,1.4912,1.4932,0
01/03/2001,1.5026,1.511,1.499,1.508,0
01/04/2001,1.4912,1.504,1.4894,1.4962,0
01/05/2001,1.5008,1.508,1.4992,1.502,0
01/08/2001,1.5036,1.51,1.499,1.5,0
01/09/2001,1.4976,1.4976,1.4874,1.4898,0
01/10/2001,1.4902,1.4946,1.4856,1.492,0
01/11/2001,1.488,1.5012,1.4862,1.5004,0
01/12/2001,1.4978,1.5032,1.4898,1.4916,0
01/15/2001,1.4782,1.4804,1.4712,1.4792,0
01/16/2001,1.4782,1.4804,1.4684,1.4706,0
01/17/2001,1.4712,1.4754,1.469,1.475,0
01/18/2001,1.4742,1.478,1.469,1.472,0
01/19/2001,1.473,1.4762,1.471,1.4716,0
01/22/2001,1.464,1.4668,1.4548,1.4548,0
01/23/2001,1.4664,1.474,1.4642,1.4724,0
01/24/2001,1.4692,1.4702,1.4616,1.464,0
01/25/2001,1.4562,1.4564,1.4466,1.451,0
01/26/2001,1.4618,1.4686,1.4588,1.4614,0
01/29/2001,1.4598,1.464,1.4562,1.4584,0
01/30/2001,1.4586,1.46,1.4556,1.4598,0
01/31/2001,1.4624,1.4636,1.4594,1.4606,0
02/01/2001,1.4638,1.478,1.4634,1.476,0
02/02/2001,1.4786,1.483,1.4752,1.4766,0
02/05/2001,1.4688,1.4768,1.4686,1.4754,0
02/06/2001,1.475,1.475,1.4632,1.464,0
02/07/2001,1.459,1.4618,1.454,1.46,0
02/08/2001,1.4554,1.4554,1.4486,1.4502,0
02/09/2001,1.444,1.4462,1.4374,1.4446,0
02/12/2001,1.4452,1.454,1.4448,1.451,0
02/13/2001,1.452,1.4578,1.448,1.4548,0
02/14/2001,1.4516,1.4598,1.4514,1.4558,0
02/15/2001,1.4552,1.4606,1.4452,1.4468,0
02/16/2001,1.449,1.4574,1.4488,1.4508,0
02/19/2001,1.448,1.4544,1.4448,1.4466,0
02/20/2001,1.448,1.4544,1.4316,1.4364,0
02/21/2001,1.447,1.4478,1.4414,1.4422,0
02/22/2001,1.4424,1.4458,1.4392,1.4436,0
02/23/2001,1.4452,1.448,1.4418,1.4454,0
02/26/2001,1.453,1.4568,1.4466,1.4494,0
02/27/2001,1.4454,1.448,1.442,1.4426,0
02/28/2001,1.4432,1.4508,1.4396,1.4476,0
03/01/2001,1.4444,1.4518,1.4444,1.4506,0
03/02/2001,1.4552,1.475,1.453,1.471,0
03/05/2001,1.4698,1.4724,1.4662,1.4698,0
03/06/2001,1.4672,1.4692,1.4638,1.4676,0
03/07/2001,1.4676,1.4722,1.4626,1.4638,0
03/08/2001,1.4608,1.4708,1.4594,1.4686,0
03/09/2001,1.4694,1.475,1.4644,1.4686,0
03/12/2001,1.4692,1.4696,1.462,1.4628,0
03/13/2001,1.4642,1.4646,1.4506,1.4506,0
03/14/2001,1.4482,1.4572,1.4438,1.4552,0
03/15/2001,1.4448,1.4488,1.4416,1.442,0
03/16/2001,1.4378,1.4378,1.426,1.4302,0
03/19/2001,1.4294,1.432,1.424,1.4282,0
03/20/2001,1.422,1.4308,1.422,1.4266,0
03/21/2001,1.433,1.4372,1.423,1.4264,0
03/22/2001,1.4286,1.4294,1.416,1.4188,0
03/23/2001,1.4188,1.4282,1.4178,1.4248,0
03/26/2001,1.4248,1.433,1.4244,1.4314,0
03/27/2001,1.4332,1.4352,1.4316,1.433,0
03/28/2001,1.4306,1.434,1.426,1.429,0
03/29/2001,1.435,1.4416,1.4316,1.437,0
03/30/2001,1.4256,1.4276,1.4218,1.4226,0
04/02/2001,1.415,1.4222,1.4112,1.4152,0
04/03/2001,1.4168,1.4324,1.4168,1.4316,0
04/04/2001,1.432,1.435,1.4286,1.4312,0
04/05/2001,1.431,1.438,1.4234,1.4256,0
04/06/2001,1.4264,1.44,1.4246,1.438,0
04/09/2001,1.4392,1.4484,1.436,1.4436,0
04/10/2001,1.443,1.4444,1.4296,1.431,0
04/11/2001,1.4318,1.4366,1.4254,1.4354,0
04/12/2001,1.435,1.44,1.4312,1.4378,0
04/16/2001,1.436,1.437,1.431,1.4366,0
04/17/2001,1.436,1.4414,1.4258,1.4308,0
04/18/2001,1.4304,1.4316,1.4182,1.4244,0
04/19/2001,1.4256,1.4456,1.4242,1.444,0
04/20/2001,1.4438,1.4468,1.435,1.44,0
04/23/2001,1.4408,1.4454,1.4346,1.4366,0
04/24/2001,1.436,1.4416,1.4322,1.4324,0
04/25/2001,1.4322,1.4396,1.43,1.4392,0
04/26/2001,1.4396,1.442,1.4344,1.4396,0
04/27/2001,1.44,1.4418,1.4308,1.4324,333
04/30/2001,1.4322,1.4352,1.427,1.4292,333
05/01/2001,1.4312,1.4348,1.425,1.4336,333
05/02/2001,1.434,1.436,1.4276,1.4328,1211
05/03/2001,1.4318,1.4362,1.4286,1.4348,1319
05/04/2001,1.4336,1.443,1.4312,1.438,660
05/07/2001,1.4354,1.4396,1.4334,1.4368,4541
05/08/2001,1.4368,1.4372,1.4234,1.4246,1607
05/09/2001,1.425,1.427,1.4162,1.4204,2477
05/10/2001,1.4202,1.427,1.417,1.4206,1691
05/11/2001,1.4208,1.4222,1.412,1.4164,795
05/14/2001,1.4216,1.4216,1.4144,1.419,1515
05/15/2001,1.4172,1.4236,1.4152,1.4234,3525
05/16/2001,1.4226,1.4304,1.4196,1.4292,1323
05/17/2001,1.4298,1.4318,1.4258,1.4318,2170
05/18/2001,1.4318,1.4384,1.4252,1.438,2068
05/21/2001,1.438,1.4404,1.434,1.4388,4665
05/22/2001,1.4396,1.4396,1.423,1.4262,2382
05/23/2001,1.4264,1.428,1.4162,1.4188,2294
05/24/2001,1.4188,1.419,1.4066,1.4074,5217
05/25/2001,1.4072,1.4226,1.4066,1.4216,291
05/28/2001,1.4212,1.4216,1.418,1.4192,1425
05/29/2001,1.4204,1.423,1.4144,1.4222,1007
05/30/2001,1.4206,1.4268,1.4192,1.426,1730
05/31/2001,1.426,1.4262,1.4154,1.4178,1907
06/01/2001,1.4174,1.4222,1.4112,1.4204,1444
06/04/2001,1.4198,1.4208,1.411,1.414,2011
06/05/2001,1.414,1.414,1.4058,1.4124,5010
06/06/2001,1.4132,1.4146,1.389,1.3924,3235
06/07/2001,1.3912,1.393,1.3788,1.3928,2445
06/08/2001,1.3924,1.3934,1.3764,1.3796,558
06/11/2001,1.3818,1.3884,1.3712,1.3738,1438
06/12/2001,1.373,1.3792,1.3652,1.374,169
06/13/2001,1.37,1.3908,1.37,1.39,118
06/14/2001,1.39,1.4,1.3874,1.4,132
06/15/2001,1.3964,1.4056,1.3942,1.402,1002
06/18/2001,1.399,1.403,1.3958,1.4016,1459
06/19/2001,1.4006,1.4008,1.3892,1.396,1512
06/20/2001,1.3966,1.3968,1.3856,1.3912,2784
06/21/2001,1.391,1.4132,1.3904,1.411,1202
06/22/2001,1.41,1.4148,1.404,1.4076,1089
06/25/2001,1.407,1.4128,1.4066,1.4084,1690
06/26/2001,1.4084,1.4124,1.4056,1.4104,2511
06/27/2001,1.4112,1.418,1.4078,1.4122,2279
06/28/2001,1.4124,1.4156,1.4022,1.4042,1714
06/29/2001,1.404,1.4114,1.399,1.4112,1022
07/02/2001,1.4108,1.414,1.4062,1.4128,2261
07/03/2001,1.4128,1.413,1.401,1.4022,763
07/04/2001,1.403,1.405,1.3982,1.4038,2131
07/05/2001,1.4032,1.405,1.3954,1.3992,3359
07/06/2001,1.399,1.4102,1.393,1.4078,1419
07/09/2001,1.4076,1.409,1.4016,1.4054,1522
07/10/2001,1.4058,1.4094,1.4042,1.4076,2903
07/11/2001,1.4076,1.4156,1.4038,1.405,1503
07/12/2001,1.4044,1.406,1.4,1.4038,3102
07/13/2001,1.4046,1.4046,1.3942,1.4,1314
07/16/2001,1.3992,1.4002,1.3946,1.3966,2035
07/17/2001,1.3994,1.403,1.39,1.397,3718
07/18/2001,1.3986,1.4184,1.3966,1.4184,2594
07/19/2001,1.418,1.4288,1.4106,1.4244,1654
07/20/2001,1.4256,1.4326,1.423,1.4256,1926
07/23/2001,1.423,1.4234,1.4146,1.4172,1969
07/24/2001,1.4176,1.423,1.4126,1.42,1194
07/25/2001,1.4188,1.4262,1.416,1.4256,1666
07/26/2001,1.425,1.4284,1.4216,1.4252,875
07/27/2001,1.4248,1.4272,1.4196,1.4214,839
07/30/2001,1.4206,1.4248,1.418,1.4234,1661
07/31/2001,1.4238,1.4276,1.4206,1.4228,0
08/01/2001,1.423,1.4324,1.4228,1.4318,0
08/02/2001,1.432,1.4332,1.4254,1.4298,1759
08/03/2001,1.4298,1.4298,1.423,1.4266,4057
08/06/2001,1.4256,1.4256,1.415,1.4164,3270
08/07/2001,1.4164,1.4176,1.4104,1.4144,1681
08/08/2001,1.4144,1.4168,1.411,1.4156,4824
08/09/2001,1.4164,1.427,1.4116,1.424,1706
08/10/2001,1.4242,1.4262,1.4214,1.4218,1488
08/13/2001,1.4222,1.4254,1.4186,1.4186,1602
08/14/2001,1.4192,1.4282,1.4152,1.4272,4119
08/15/2001,1.4276,1.4398,1.4262,1.4398,3069
08/16/2001,1.439,1.4502,1.4386,1.4438,1846
08/17/2001,1.4444,1.4472,1.4378,1.444,1232
08/20/2001,1.4448,1.4458,1.4414,1.443,2838
08/21/2001,1.443,1.4532,1.4422,1.4532,1968
08/22/2001,1.4528,1.4574,1.4464,1.4484,1346
08/23/2001,1.4476,1.4488,1.4426,1.4462,1491
08/24/2001,1.4444,1.4472,1.4398,1.4428,687
08/27/2001,1.4424,1.4444,1.4404,1.4428,2554
08/28/2001,1.4428,1.4526,1.4366,1.4524,2345
08/29/2001,1.452,1.4564,1.4486,1.4498,1468
08/30/2001,1.4498,1.4602,1.447,1.4576,1497
08/31/2001,1.4568,1.4614,1.449,1.4534,887
09/03/2001,1.4522,1.4558,1.451,1.4524,3022
09/04/2001,1.4534,1.4558,1.441,1.4438,2736
09/05/2001,1.4444,1.458,1.4396,1.4562,2315
09/06/2001,1.4564,1.4574,1.4458,1.457,1516
09/07/2001,1.4558,1.4642,1.45,1.4616,921
09/10/2001,1.4604,1.4676,1.457,1.457,247
09/11/2001,1.4564,1.4772,1.4532,1.455,124
09/13/2001,1.468,1.4728,1.4664,1.4712,711
09/14/2001,1.4644,1.473,1.4606,1.4658,1774
09/17/2001,1.4678,1.4718,1.4568,1.4604,1133
09/18/2001,1.4606,1.4702,1.4536,1.4618,970
09/19/2001,1.4622,1.466,1.4554,1.4614,1285
09/20/2001,1.4616,1.4624,1.4568,1.4604,2576
09/21/2001,1.4596,1.4596,1.4452,1.448,2685
09/24/2001,1.4504,1.4602,1.447,1.4578,1698
09/25/2001,1.4562,1.465,1.454,1.4648,1226
09/26/2001,1.4638,1.471,1.4638,1.469,1141
09/27/2001,1.4682,1.4706,1.4654,1.4682,2558
09/28/2001,1.468,1.4688,1.4594,1.4678,3737
10/01/2001,1.4668,1.4754,1.4644,1.4726,4421
10/02/2001,1.4732,1.4748,1.4558,1.4634,3732
10/03/2001,1.463,1.473,1.4606,1.4704,1322
10/04/2001,1.4712,1.473,1.4644,1.471,1283
10/05/2001,1.4702,1.4756,1.469,1.4748,2646
10/08/2001,1.4762,1.4772,1.4662,1.4662,4122
10/09/2001,1.4698,1.4698,1.4502,1.452,2179
10/10/2001,1.4532,1.4546,1.443,1.4462,2040
10/11/2001,1.446,1.4472,1.4348,1.4394,1107
10/12/2001,1.4392,1.4492,1.4376,1.4456,1678
10/15/2001,1.4466,1.449,1.4414,1.4438,2674
10/16/2001,1.4434,1.4446,1.4376,1.444,1469
10/17/2001,1.4454,1.4474,1.439,1.4426,1640
10/18/2001,1.4424,1.4454,1.437,1.4398,2231
10/19/2001,1.44,1.44,1.4284,1.4302,5414
10/22/2001,1.4284,1.4306,1.4164,1.4204,3152
10/23/2001,1.421,1.4226,1.4154,1.4218,2882
10/24/2001,1.4214,1.4264,1.416,1.4248,3075
10/25/2001,1.4258,1.429,1.4196,1.423,3191
10/26/2001,1.423,1.4336,1.4212,1.4332,5059
10/29/2001,1.433,1.4506,1.433,1.4504,3019
10/30/2001,1.4514,1.456,1.447,1.4482,2092
10/31/2001,1.4482,1.4534,1.4476,1.4512,4818
11/01/2001,1.4514,1.465,1.449,1.4592,2036
11/02/2001,1.4598,1.4642,1.456,1.4584,1800
11/05/2001,1.4586,1.4586,1.4478,1.4552,1798
11/06/2001,1.4572,1.462,1.453,1.4542,2623
11/07/2001,1.4544,1.4642,1.4536,1.4608,4293
11/08/2001,1.4604,1.463,1.4498,1.4514,3002
11/09/2001,1.4512,1.4566,1.4452,1.4544,352
11/12/2001,1.4546,1.4598,1.4486,1.4546,5746
11/13/2001,1.4526,1.4526,1.4376,1.4384,3697
11/14/2001,1.4392,1.4426,1.4328,1.4394,4294
11/15/2001,1.4396,1.44,1.4284,1.4298,2204
11/16/2001,1.4298,1.4346,1.4246,1.425,4244
11/19/2001,1.4254,1.426,1.4068,1.4102,2211
11/20/2001,1.4112,1.42,1.411,1.4186,1975
11/21/2001,1.4186,1.4194,1.4106,1.4134,691
11/22/2001,1.415,1.4162,1.4092,1.411,2771
11/23/2001,1.4104,1.4154,1.4028,1.409,2140
11/26/2001,1.409,1.4188,1.4088,1.4106,2465
11/27/2001,1.4102,1.415,1.4042,1.4136,1859
11/28/2001,1.414,1.4252,1.4124,1.425,3107
11/29/2001,1.4246,1.4274,1.4198,1.4254,2837
11/30/2001,1.4254,1.4286,1.421,1.423,2439
12/03/2001,1.4224,1.4254,1.4178,1.4242,1456
12/04/2001,1.4224,1.4242,1.4186,1.422,3117
12/05/2001,1.422,1.4234,1.4132,1.4154,6424
12/06/2001,1.4158,1.4286,1.4142,1.4276,2156
12/07/2001,1.4276,1.4334,1.4234,1.4328,1020
12/10/2001,1.432,1.4354,1.4268,1.435,601
12/11/2001,1.433,1.4392,1.4308,1.4392,387
12/12/2001,1.4386,1.4472,1.4384,1.4462,383
12/13/2001,1.446,1.449,1.4398,1.4402,243
12/14/2001,1.4338,1.449,1.4324,1.4446,3495
12/17/2001,1.446,1.455,1.4442,1.4516,1916
12/18/2001,1.4518,1.4546,1.4462,1.4494,3066
12/19/2001,1.4494,1.4498,1.4392,1.4438,2191
12/20/2001,1.4436,1.4438,1.4356,1.4426,5389
12/21/2001,1.4434,1.4466,1.4278,1.4332,1096
12/24/2001,1.433,1.437,1.4266,1.436,4423
12/26/2001,1.436,1.4484,1.4336,1.4466,2099
12/27/2001,1.446,1.449,1.4378,1.445,1818
12/28/2001,1.4448,1.445,1.438,1.4438,1323
12/31/2001,1.444,1.4498,1.4418,1.4492,3870
01/02/2002,1.4486,1.4486,1.4362,1.4414,3652
01/03/2002,1.441,1.4424,1.4308,1.4324,3388
01/04/2002,1.4324,1.441,1.4318,1.4402,4905
01/07/2002,1.4406,1.442,1.428,1.4346,2404
01/08/2002,1.435,1.438,1.4318,1.433,2195
01/09/2002,1.4332,1.438,1.4278,1.432,5048
01/10/2002,1.4322,1.441,1.4318,1.434,1849
01/11/2002,1.434,1.444,1.432,1.4436,1882
01/14/2002,1.4418,1.4464,1.4412,1.444,4680
01/15/2002,1.4434,1.4442,1.431,1.4344,1867
01/16/2002,1.435,1.4364,1.4292,1.4312,2962
01/17/2002,1.4322,1.4348,1.425,1.4312,3019
01/18/2002,1.4302,1.4342,1.427,1.4334,564
01/21/2002,1.432,1.437,1.4298,1.4308,4727
01/22/2002,1.4308,1.437,1.4218,1.4246,4401
01/23/2002,1.4244,1.43,1.4176,1.4192,2652
01/24/2002,1.42,1.4228,1.4158,1.418,4892
01/25/2002,1.4214,1.4216,1.4024,1.4044,3474
01/28/2002,1.4044,1.4076,1.4004,1.4038,2235
01/29/2002,1.4054,1.4106,1.4006,1.409,2610
01/30/2002,1.41,1.4142,1.4064,1.41,3249
01/31/2002,1.4108,1.412,1.4052,1.4066,1751
02/01/2002,1.4066,1.4142,1.4024,1.4128,3323
02/04/2002,1.4112,1.4204,1.4106,1.4186,3575
02/05/2002,1.419,1.4214,1.4094,1.4116,2013
02/06/2002,1.412,1.413,1.4076,1.4098,3613
02/07/2002,1.411,1.4116,1.4038,1.4108,3432
02/08/2002,1.4108,1.4158,1.408,1.4122,6710
02/11/2002,1.4116,1.422,1.4102,1.4192,6832
02/12/2002,1.4188,1.4322,1.4188,1.4312,2226
02/13/2002,1.4302,1.4332,1.425,1.4264,2077
02/14/2002,1.4244,1.429,1.4232,1.4284,1636
02/15/2002,1.4282,1.4312,1.4246,1.4294,1558
02/18/2002,1.4294,1.4314,1.4252,1.4266,3055
02/19/2002,1.4266,1.4314,1.4206,1.4298,1606
02/20/2002,1.429,1.4304,1.4242,1.426,2226
02/21/2002,1.4246,1.4268,1.4214,1.4228,4574
02/22/2002,1.4244,1.4326,1.4228,1.4308,4301
02/25/2002,1.4308,1.4308,1.422,1.4232,6200
02/26/2002,1.4236,1.4262,1.4124,1.4146,2279
02/27/2002,1.415,1.4196,1.4134,1.418,3668
02/28/2002,1.4178,1.4192,1.4096,1.4158,3441
03/01/2002,1.4158,1.4224,1.4144,1.4174,2114
03/04/2002,1.418,1.4236,1.4148,1.4214,2137
03/05/2002,1.422,1.424,1.4164,1.4226,2927
03/06/2002,1.4232,1.4248,1.4194,1.4212,6992
03/07/2002,1.422,1.4304,1.4176,1.4274,3921
03/08/2002,1.4272,1.4274,1.4184,1.4196,865
03/11/2002,1.42,1.4218,1.418,1.4198,862
03/12/2002,1.4188,1.4194,1.4088,1.4154,171
03/13/2002,1.414,1.417,1.409,1.4156,323
03/14/2002,1.4158,1.4226,1.4146,1.4208,635
03/15/2002,1.4128,1.4198,1.4126,1.416,2243
03/18/2002,1.4162,1.42,1.4134,1.4192,3175
03/19/2002,1.4192,1.4226,1.413,1.4172,2931
03/20/2002,1.4156,1.4222,1.4122,1.4208,4387
03/21/2002,1.4216,1.4256,1.4166,1.4182,1901
03/22/2002,1.4196,1.4212,1.4168,1.4182,1319
03/25/2002,1.418,1.4212,1.416,1.4188,3313
03/26/2002,1.4198,1.4218,1.4158,1.4198,1764
03/27/2002,1.4198,1.4208,1.4148,1.4182,1729
03/28/2002,1.4182,1.42,1.416,1.419,8959
04/01/2002,1.419,1.4368,1.4184,1.4348,4491
04/02/2002,1.4348,1.435,1.429,1.4302,2347
04/03/2002,1.4298,1.4322,1.4272,1.4296,3892
04/04/2002,1.4296,1.4338,1.4272,1.4278,1438
04/05/2002,1.4288,1.4318,1.4262,1.427,2759
04/08/2002,1.4258,1.4298,1.4228,1.4248,1801
04/09/2002,1.4242,1.431,1.4242,1.4302,2192
04/10/2002,1.4308,1.4334,1.4298,1.4308,2132
04/11/2002,1.4314,1.4348,1.4282,1.4334,2229
04/12/2002,1.4324,1.433,1.4296,1.4314,1042
04/15/2002,1.431,1.4334,1.429,1.433,2167
04/16/2002,1.432,1.4358,1.4306,1.4338,3259
04/17/2002,1.4354,1.4412,1.4336,1.4392,3193
04/18/2002,1.4408,1.444,1.4392,1.4436,1632
04/19/2002,1.443,1.4448,1.4408,1.4436,2413
04/22/2002,1.443,1.4462,1.4412,1.445,1629
04/23/2002,1.4456,1.4466,1.4416,1.4424,2178
04/24/2002,1.4422,1.446,1.441,1.4436,3369
04/25/2002,1.445,1.4516,1.4448,1.4504,2486
04/26/2002,1.4506,1.454,1.4462,1.453,2919
04/29/2002,1.453,1.4592,1.4524,1.4548,1588
04/30/2002,1.4544,1.4548,1.4516,1.4534,2958
05/01/2002,1.4522,1.4614,1.451,1.4592,2754
05/02/2002,1.459,1.464,1.4574,1.4594,2797
05/03/2002,1.4596,1.467,1.4568,1.4638,1330
05/06/2002,1.4648,1.4658,1.4628,1.4646,2392
05/07/2002,1.465,1.4656,1.4598,1.4642,5914
05/08/2002,1.4636,1.4636,1.4498,1.4526,1656
05/09/2002,1.4528,1.4586,1.452,1.4558,2097
05/10/2002,1.4562,1.4624,1.4552,1.4594,2239
05/13/2002,1.459,1.462,1.453,1.4542,3548
05/14/2002,1.4544,1.455,1.4426,1.4462,4676
05/15/2002,1.4472,1.458,1.4448,1.4572,2463
05/16/2002,1.4574,1.4592,1.4518,1.4542,3152
05/17/2002,1.4534,1.4604,1.4524,1.4568,1461
05/20/2002,1.457,1.4608,1.4546,1.4572,3241
05/21/2002,1.457,1.459,1.451,1.4574,2542
05/22/2002,1.4576,1.461,1.4546,1.4566,3122
05/23/2002,1.457,1.4602,1.449,1.4524,2491
05/24/2002,1.4528,1.4576,1.4494,1.4556,523
05/27/2002,1.4552,1.4566,1.4522,1.4552,3992
05/28/2002,1.454,1.462,1.4522,1.4578,2832
05/29/2002,1.4582,1.4612,1.4558,1.4608,3265
05/30/2002,1.4612,1.4672,1.4604,1.464,5446
05/31/2002,1.464,1.4666,1.4528,1.4548,2761
06/03/2002,1.4556,1.4626,1.4538,1.4612,2212
06/04/2002,1.4624,1.4652,1.4576,1.4588,3375
06/05/2002,1.4572,1.4594,1.4524,1.4582,2220
06/06/2002,1.4588,1.4602,1.4536,1.459,2458
06/07/2002,1.4602,1.4626,1.4576,1.459,1100
06/10/2002,1.4584,1.4624,1.4552,1.4592,2611
06/11/2002,1.4602,1.4726,1.4596,1.4714,504
06/12/2002,1.4714,1.475,1.4678,1.4702,354
06/13/2002,1.4704,1.474,1.4686,1.471,365
06/14/2002,1.4638,1.4716,1.4618,1.4684,1874
06/17/2002,1.4682,1.4714,1.4668,1.471,4462
06/18/2002,1.4708,1.4854,1.4702,1.4832,3678
06/19/2002,1.4832,1.4868,1.4794,1.4828,3134
06/20/2002,1.484,1.4938,1.481,1.4908,2193
06/21/2002,1.4908,1.494,1.4874,1.4886,5667
06/24/2002,1.4896,1.501,1.4896,1.493,4159
06/25/2002,1.492,1.501,1.4904,1.4978,6352
06/26/2002,1.5008,1.5242,1.5008,1.5212,4296
06/27/2002,1.5198,1.5232,1.5102,1.5202,4800
06/28/2002,1.5214,1.5308,1.5132,1.5244,2061
07/01/2002,1.5252,1.5278,1.5214,1.5234,2696
07/02/2002,1.5266,1.5294,1.5164,1.526,2596
07/03/2002,1.5292,1.5298,1.5158,1.5174,861
07/04/2002,1.5202,1.5208,1.5168,1.5184,2205
07/05/2002,1.5184,1.5208,1.5086,1.5152,2366
07/08/2002,1.5176,1.538,1.5172,1.531,2500
07/09/2002,1.5378,1.5432,1.5338,1.5426,3825
07/10/2002,1.542,1.5466,1.539,1.5408,2978
07/11/2002,1.5424,1.5522,1.536,1.5516,1998
07/12/2002,1.5486,1.5486,1.5412,1.5452,5831
07/15/2002,1.5462,1.5676,1.546,1.5654,3744
07/16/2002,1.5634,1.5734,1.563,1.5654,3521
07/17/2002,1.5704,1.5722,1.5568,1.5666,1561
07/18/2002,1.5664,1.5686,1.5572,1.5664,2423
07/19/2002,1.5686,1.5808,1.5674,1.5732,1906
07/22/2002,1.57,1.5768,1.567,1.5718,3239
07/23/2002,1.5742,1.5744,1.551,1.5524,4280
07/24/2002,1.558,1.573,1.5542,1.571,2342
07/25/2002,1.5678,1.59,1.5662,1.5774,2985
07/26/2002,1.5794,1.5798,1.5574,1.561,2188
07/29/2002,1.56,1.5642,1.5526,1.5574,1935
07/30/2002,1.5598,1.5704,1.5566,1.5684,4383
07/31/2002,1.5682,1.569,1.55,1.5582,3921
08/01/2002,1.5594,1.5608,1.5434,1.5556,4142
08/02/2002,1.5558,1.569,1.555,1.5652,2024
08/05/2002,1.5652,1.5674,1.5568,1.5574,5878
08/06/2002,1.557,1.557,1.5308,1.5326,3393
08/07/2002,1.5346,1.539,1.5278,1.5342,3944
08/08/2002,1.5356,1.5384,1.5218,1.5264,3420
08/09/2002,1.5278,1.5344,1.5176,1.5206,1823
08/12/2002,1.522,1.5302,1.521,1.5282,2526
08/13/2002,1.5274,1.5344,1.522,1.5316,3973
08/14/2002,1.5342,1.544,1.5338,1.5356,2023
08/15/2002,1.5332,1.538,1.5274,1.5346,1411
08/16/2002,1.5334,1.537,1.5298,1.5342,4634
08/19/2002,1.5364,1.542,1.5226,1.5238,2917
08/20/2002,1.5248,1.528,1.5192,1.5264,4643
08/21/2002,1.5262,1.5316,1.5188,1.5294,2569
08/22/2002,1.5294,1.5296,1.516,1.5194,1807
08/23/2002,1.5184,1.5212,1.5142,1.5168,1908
08/26/2002,1.5178,1.5226,1.5168,1.5198,5403
08/27/2002,1.5194,1.5338,1.5178,1.5332,1715
08/28/2002,1.532,1.5358,1.5294,1.534,5073
08/29/2002,1.5322,1.549,1.531,1.5468,2800
08/30/2002,1.548,1.5532,1.544,1.5468,548
09/02/2002,1.546,1.5504,1.5452,1.549,3856
09/03/2002,1.548,1.5636,1.5452,1.5616,2675
09/04/2002,1.5644,1.566,1.5594,1.5632,3381
09/05/2002,1.5628,1.572,1.5622,1.5668,2828
09/06/2002,1.5638,1.57,1.556,1.557,838
09/09/2002,1.557,1.5624,1.5548,1.5548,812
09/10/2002,1.5542,1.5624,1.551,1.5546,287
09/11/2002,1.555,1.5574,1.547,1.5524,632
09/12/2002,1.5532,1.561,1.5516,1.56,347
09/13/2002,1.5522,1.557,1.5416,1.5442,2604
09/16/2002,1.5432,1.5442,1.5322,1.5352,3959
09/17/2002,1.533,1.534,1.5204,1.5302,4411
09/18/2002,1.533,1.545,1.5278,1.5412,3052
09/19/2002,1.5422,1.5518,1.541,1.5476,2389
09/20/2002,1.5504,1.5516,1.5378,1.5462,2884
09/23/2002,1.5472,1.554,1.5412,1.5432,2355
09/24/2002,1.5426,1.5532,1.541,1.5516,4450
09/25/2002,1.5518,1.5596,1.5496,1.5512,2691
09/26/2002,1.5512,1.5548,1.5476,1.5508,3531
09/27/2002,1.5516,1.5542,1.545,1.5532,5293
09/30/2002,1.5544,1.5674,1.5538,1.5626,5100
10/01/2002,1.5618,1.5696,1.5586,1.5594,2718
10/02/2002,1.56,1.5632,1.5544,1.5598,3432
10/03/2002,1.5634,1.5666,1.5604,1.5624,2713
10/04/2002,1.563,1.5648,1.5576,1.5598,2289
10/07/2002,1.5594,1.5612,1.5562,1.558,8056
10/08/2002,1.5598,1.563,1.5462,1.5472,10466
10/09/2002,1.5474,1.5602,1.5442,1.5588,2474
10/10/2002,1.5592,1.5626,1.5558,1.5588,3916
10/11/2002,1.5588,1.5598,1.5524,1.5552,1023
10/14/2002,1.5568,1.5574,1.551,1.5552,4742
10/15/2002,1.5518,1.5524,1.543,1.546,2054
10/16/2002,1.5466,1.5504,1.5444,1.5486,4593
10/17/2002,1.5478,1.553,1.544,1.5468,3546
10/18/2002,1.5448,1.5466,1.538,1.5408,3148
10/21/2002,1.5402,1.5462,1.5364,1.5386,3231
10/22/2002,1.539,1.5446,1.5366,1.5428,4493
10/23/2002,1.5404,1.546,1.538,1.5428,3273
10/24/2002,1.5428,1.5504,1.5404,1.5472,3077
10/25/2002,1.5484,1.552,1.5458,1.5462,9463
10/28/2002,1.545,1.5576,1.5408,1.5548,3322
10/29/2002,1.5548,1.5566,1.5502,1.5544,2738
10/30/2002,1.552,1.5544,1.5508,1.5538,3589
10/31/2002,1.5532,1.5612,1.552,1.56,3027
11/01/2002,1.5614,1.5636,1.557,1.5598,6263
11/04/2002,1.561,1.561,1.5484,1.5522,6258
11/05/2002,1.5534,1.5634,1.5522,1.5586,2461
11/06/2002,1.5582,1.5614,1.5524,1.5604,7740
11/07/2002,1.5602,1.5776,1.559,1.577,4011
11/08/2002,1.5758,1.5888,1.5744,1.586,1386
11/11/2002,1.5854,1.5928,1.582,1.586,3065
11/12/2002,1.5828,1.5886,1.5798,1.585,1917
11/13/2002,1.5858,1.5866,1.5806,1.5816,2562
11/14/2002,1.5826,1.586,1.575,1.5774,1889
11/15/2002,1.5762,1.5786,1.57,1.5768,1528
11/18/2002,1.5776,1.5798,1.5748,1.578,5390
11/19/2002,1.577,1.5776,1.5674,1.5702,11429
11/20/2002,1.5782,1.5886,1.5744,1.577,0
11/21/2002,1.5694,1.5792,1.5686,1.5764,14538
11/22/2002,1.5792,1.5822,1.575,1.5764,3948
11/25/2002,1.5762,1.5762,1.5604,1.5614,9019
11/26/2002,1.562,1.564,1.5436,1.549,13619
11/27/2002,1.5504,1.552,1.539,1.5432,2735
11/29/2002,1.5474,1.5552,1.5438,1.554,6746
12/02/2002,1.5546,1.5574,1.5432,1.5566,9922
12/03/2002,1.5566,1.5704,1.5542,1.5676,13088
12/04/2002,1.5694,1.5748,1.5664,1.567,15680
12/05/2002,1.5684,1.5728,1.5654,1.57,18248
12/06/2002,1.5692,1.5784,1.5674,1.5742,1334
12/09/2002,1.5762,1.5792,1.5744,1.5772,2617
12/10/2002,1.5806,1.583,1.568,1.5714,3630
12/11/2002,1.5706,1.577,1.5682,1.5764,720
12/12/2002,1.577,1.582,1.5724,1.5816,936
12/13/2002,1.5716,1.5808,1.5676,1.5796,3149
12/16/2002,1.579,1.5838,1.5766,1.582,4091
12/17/2002,1.5814,1.5918,1.5806,1.5884,6820
12/18/2002,1.5894,1.5942,1.5858,1.5908,9844
12/19/2002,1.5938,1.5966,1.5884,1.594,11278
12/20/2002,1.594,1.5956,1.591,1.5938,15715
12/23/2002,1.592,1.5968,1.5776,1.5828,18091
12/26/2002,1.5876,1.5918,1.586,1.5912,19360
12/27/2002,1.5918,1.5958,1.59,1.595,21470
12/30/2002,1.5944,1.5976,1.5928,1.5968,23514
12/31/2002,1.5938,1.6052,1.5924,1.6022,2706
01/02/2003,1.5992,1.6006,1.5836,1.585,6510
01/03/2003,1.586,1.603,1.5826,1.5996,2226
01/06/2003,1.5996,1.6078,1.5988,1.6004,4815
01/07/2003,1.601,1.601,1.594,1.5964,9282
01/08/2003,1.5962,1.61,1.5888,1.6042,13021
01/09/2003,1.605,1.6088,1.5954,1.5986,16018
01/10/2003,1.5994,1.6074,1.5972,1.6022,1928
01/13/2003,1.6022,1.6022,1.5922,1.5932,3278
01/14/2003,1.5924,1.6044,1.5916,1.5988,6346
01/15/2003,1.5976,1.6002,1.589,1.597,8832
01/16/2003,1.598,1.6082,1.5956,1.6052,11279
01/17/2003,1.604,1.6132,1.6022,1.6106,2863
01/21/2003,1.6024,1.6116,1.5956,1.6098,6313
01/22/2003,1.6116,1.6148,1.603,1.6118,9528
01/23/2003,1.615,1.6182,1.61,1.6158,14432
01/24/2003,1.616,1.6296,1.6152,1.6284,3017
01/27/2003,1.628,1.6354,1.6228,1.6308,6385
01/28/2003,1.63,1.6362,1.6254,1.6336,3461
01/29/2003,1.6338,1.6442,1.6336,1.6416,4905
01/30/2003,1.6422,1.6502,1.6346,1.6478,10442
01/31/2003,1.6504,1.6524,1.6368,1.642,14422
02/03/2003,1.6418,1.6422,1.6312,1.6364,17426
02/04/2003,1.6386,1.6448,1.6368,1.644,21492
02/05/2003,1.6444,1.649,1.6342,1.6394,28039
02/06/2003,1.6368,1.6434,1.6304,1.6334,31392
02/07/2003,1.6336,1.6342,1.6198,1.6282,33519
02/10/2003,1.6274,1.6318,1.6218,1.6244,37176
02/11/2003,1.6216,1.6236,1.6106,1.6146,40396
02/12/2003,1.614,1.6188,1.6096,1.6126,43895
02/13/2003,1.6132,1.6214,1.6122,1.6178,48152
02/14/2003,1.6172,1.6198,1.6068,1.6082,4981
02/18/2003,1.609,1.609,1.5874,1.5888,8736
02/19/2003,1.5882,1.5954,1.5868,1.5946,13049
02/20/2003,1.5936,1.5996,1.5888,1.5914,19750
02/21/2003,1.5914,1.5956,1.57,1.5772,24862
02/24/2003,1.5752,1.586,1.5722,1.5828,30587
02/25/2003,1.5852,1.5872,1.5684,1.5722,34539
02/26/2003,1.5714,1.5828,1.57,1.5776,38891
02/27/2003,1.5804,1.5858,1.5744,1.5788,41649
02/28/2003,1.5768,1.5822,1.5712,1.5726,44890
03/03/2003,1.5706,1.5796,1.57,1.5772,47959
03/04/2003,1.5772,1.5842,1.577,1.5798,53080
03/05/2003,1.5808,1.6032,1.5808,1.6014,57652
03/06/2003,1.6014,1.6054,1.5976,1.6016,3831
03/07/2003,1.601,1.6084,1.5952,1.6002,6346
03/10/2003,1.6018,1.6028,1.5924,1.5994,7827
03/11/2003,1.5996,1.6072,1.5974,1.6052,9074
03/12/2003,1.6056,1.615,1.6044,1.6114,10066
03/13/2003,1.611,1.612,1.5994,1.6012,10422
03/14/2003,1.5916,1.593,1.5696,1.5748,4642
03/17/2003,1.5788,1.5816,1.557,1.5618,9174
03/18/2003,1.56,1.5612,1.5514,1.5582,13134
03/19/2003,1.558,1.5588,1.5448,1.5532,15079
03/20/2003,1.5564,1.5612,1.5526,1.5572,17394
03/21/2003,1.5576,1.561,1.5508,1.5548,21125
03/24/2003,1.5572,1.569,1.5566,1.5656,23933
03/25/2003,1.5666,1.5714,1.5602,1.5636,1885
03/26/2003,1.5668,1.5684,1.5622,1.566,5182
03/27/2003,1.5674,1.5708,1.555,1.5562,8633
03/28/2003,1.5574,1.5704,1.5536,1.5684,11285
03/31/2003,1.5662,1.576,1.5656,1.5724,14271
04/01/2003,1.577,1.577,1.5644,1.5702,17197
04/02/2003,1.572,1.5742,1.557,1.558,20809
04/03/2003,1.56,1.5666,1.5522,1.563,23668
04/04/2003,1.5654,1.5658,1.552,1.554,4343
04/07/2003,1.552,1.552,1.539,1.5448,8050
04/08/2003,1.548,1.5496,1.5424,1.5468,11572
04/09/2003,1.5484,1.5576,1.5436,1.5562,15414
04/10/2003,1.5572,1.5678,1.5562,1.5658,18096
04/11/2003,1.5652,1.5672,1.56,1.5648,2242
04/14/2003,1.5636,1.5704,1.562,1.5672,5360
04/15/2003,1.5664,1.5682,1.5612,1.565,10208
04/16/2003,1.5646,1.5754,1.5634,1.5746,13290
04/17/2003,1.5756,1.579,1.5646,1.5664,15734
04/21/2003,1.567,1.5692,1.553,1.5564,19701
04/22/2003,1.5564,1.575,1.5548,1.5714,4714
04/23/2003,1.572,1.5832,1.5664,1.581,7833
04/24/2003,1.5812,1.5928,1.5786,1.5886,10362
04/25/2003,1.589,1.5908,1.5818,1.5838,2715
04/28/2003,1.5856,1.5934,1.5814,1.5844,6032
04/29/2003,1.584,1.59,1.5812,1.59,11690
04/30/2003,1.59,1.5986,1.5868,1.5944,14457
05/01/2003,1.5948,1.6074,1.5932,1.6052,17767
05/02/2003,1.6062,1.6076,1.597,1.6002,1354
05/05/2003,1.6002,1.6032,1.598,1.6026,6852
05/06/2003,1.6016,1.6146,1.601,1.6122,13424
05/07/2003,1.6112,1.612,1.5866,1.5934,17981
05/08/2003,1.5926,1.6042,1.5888,1.5964,21453
05/09/2003,1.598,1.6054,1.597,1.6004,3329
05/12/2003,1.6022,1.6114,1.6004,1.606,5382
05/13/2003,1.607,1.6082,1.601,1.6056,9700
05/14/2003,1.6052,1.618,1.603,1.6142,14431
05/15/2003,1.6146,1.6248,1.6096,1.6182,3297
05/16/2003,1.6188,1.6264,1.6154,1.6214,4401
05/19/2003,1.6234,1.6352,1.6222,1.6296,7789
05/20/2003,1.6308,1.6404,1.628,1.6382,12057
05/21/2003,1.6384,1.6442,1.6328,1.633,14672
05/22/2003,1.6326,1.6376,1.6294,1.6342,17619
05/23/2003,1.632,1.643,1.629,1.6348,3968
05/27/2003,1.638,1.6452,1.631,1.6376,8019
05/28/2003,1.637,1.6416,1.629,1.6346,12938
05/29/2003,1.6368,1.6534,1.6302,1.6504,17229
05/30/2003,1.652,1.653,1.6318,1.6376,3959
06/02/2003,1.6256,1.6384,1.6228,1.6374,8552
06/03/2003,1.6354,1.6412,1.6222,1.6272,12266
06/04/2003,1.6278,1.6334,1.6264,1.6322,20992
06/05/2003,1.63,1.6612,1.6276,1.6598,28131
06/06/2003,1.6596,1.6704,1.6538,1.6614,4561
06/09/2003,1.6574,1.6646,1.6424,1.645,6300
06/10/2003,1.645,1.6568,1.6416,1.6508,7398
06/11/2003,1.6512,1.6694,1.6498,1.6672,8224
06/12/2003,1.6656,1.6786,1.6656,1.6688,8979
06/13/2003,1.6568,1.664,1.6526,1.6616,24897
06/16/2003,1.6638,1.6778,1.6606,1.6676,30151
06/17/2003,1.6664,1.6798,1.6662,1.6742,4125
06/18/2003,1.6732,1.6758,1.665,1.669,8930
06/19/2003,1.6692,1.6706,1.6588,1.6678,14648
06/20/2003,1.6682,1.672,1.6482,1.6512,5524
06/23/2003,1.6502,1.6598,1.6458,1.6586,9916
06/24/2003,1.6576,1.6608,1.6496,1.6544,5963
06/25/2003,1.656,1.67,1.6508,1.6606,10921
06/26/2003,1.6628,1.6648,1.6504,1.653,16838
06/27/2003,1.6536,1.6542,1.637,1.6382,4547
06/30/2003,1.6402,1.6488,1.637,1.6468,8445
07/01/2003,1.6484,1.6568,1.6432,1.655,11060
07/02/2003,1.6542,1.659,1.6524,1.6564,15785
07/03/2003,1.6584,1.6666,1.6526,1.6626,21311
07/07/2003,1.6602,1.6602,1.6396,1.6416,26323
07/08/2003,1.6404,1.6422,1.6242,1.6264,30570
07/09/2003,1.6272,1.631,1.6202,1.6272,5685
07/10/2003,1.63,1.6308,1.6152,1.629,9291
07/11/2003,1.6282,1.6316,1.6232,1.624,4634
07/14/2003,1.6238,1.6238,1.606,1.6098,11103
07/15/2003,1.609,1.609,1.584,1.5852,19962
07/16/2003,1.5858,1.5908,1.5794,1.5892,26489
07/17/2003,1.591,1.5936,1.5786,1.5886,31180
07/18/2003,1.5908,1.5928,1.5768,1.5842,8342
07/21/2003,1.58,1.5966,1.5724,1.5948,12340
07/22/2003,1.5942,1.5998,1.5894,1.5928,17436
07/23/2003,1.5916,1.6048,1.5876,1.6026,22435
07/24/2003,1.6022,1.6124,1.6008,1.6092,28121
07/25/2003,1.6108,1.6186,1.6064,1.615,32473
07/28/2003,1.6138,1.624,1.6124,1.6208,36380
07/29/2003,1.62,1.626,1.6164,1.62,41305
07/30/2003,1.619,1.6208,1.61,1.613,6006
07/31/2003,1.6104,1.6124,1.6006,1.6046,10115
08/01/2003,1.6058,1.61,1.596,1.6036,2799
08/04/2003,1.6058,1.611,1.602,1.6054,6499
08/05/2003,1.6074,1.6124,1.5978,1.6052,5323
08/07/2003,1.6054,1.6152,1.6018,1.6144,9277
08/08/2003,1.615,1.615,1.5974,1.5992,3426
08/11/2003,1.5992,1.6068,1.5948,1.6042,1957
08/12/2003,1.604,1.606,1.5962,1.6002,6031
08/13/2003,1.599,1.6066,1.5926,1.6034,10029
08/14/2003,1.6042,1.6108,1.5954,1.5974,12079
08/15/2003,1.6,1.6006,1.5896,1.5926,2858
08/18/2003,1.5946,1.5956,1.5844,1.5858,7384
08/19/2003,1.587,1.5878,1.5784,1.5856,4327
08/20/2003,1.585,1.5944,1.5832,1.5926,5919
08/21/2003,1.5912,1.5928,1.5726,1.5752,4594
08/22/2003,1.5754,1.5776,1.5682,1.5734,2339
08/25/2003,1.5716,1.5768,1.566,1.5696,6581
08/26/2003,1.567,1.5726,1.5596,1.5698,10460
08/27/2003,1.5678,1.5732,1.565,1.5698,15721
08/28/2003,1.5698,1.5772,1.5638,1.5736,19612
08/29/2003,1.5764,1.5812,1.5712,1.574,5345
09/02/2003,1.568,1.5794,1.5606,1.5682,12420
09/03/2003,1.5654,1.575,1.56,1.5696,17390
09/04/2003,1.57,1.5814,1.566,1.5802,21704
09/05/2003,1.5808,1.5902,1.577,1.588,3321
09/08/2003,1.5876,1.5898,1.581,1.584,5461
09/09/2003,1.582,1.5922,1.578,1.5894,7023
09/10/2003,1.5912,1.594,1.5874,1.5908,8302
09/11/2003,1.592,1.5974,1.5902,1.5946,8665
09/12/2003,1.585,1.597,1.5806,1.594,3506
09/15/2003,1.595,1.5978,1.5902,1.592,7881
09/16/2003,1.5916,1.596,1.5752,1.5768,4351
09/17/2003,1.5776,1.6002,1.5764,1.5998,5479
09/18/2003,1.6002,1.612,1.5974,1.6042,13176
09/19/2003,1.6074,1.628,1.6048,1.6236,0
09/22/2003,1.6298,1.6456,1.6298,1.6418,6664
09/23/2003,1.6412,1.6494,1.6364,1.6432,4852
09/24/2003,1.6404,1.651,1.638,1.6498,3493
09/25/2003,1.6494,1.6542,1.6438,1.6506,5633
09/26/2003,1.6494,1.6536,1.6472,1.6492,4091
09/29/2003,1.6486,1.6584,1.6364,1.6566,7182
09/30/2003,1.6582,1.6672,1.6498,1.6536,7801
10/01/2003,1.6524,1.6608,1.6446,1.6588,8639
10/02/2003,1.661,1.667,1.6558,1.6616,5724
10/03/2003,1.6592,1.6654,1.6498,1.654,4685
10/06/2003,1.6538,1.6676,1.6501,1.6607,6304
10/07/2003,1.6621,1.6696,1.6531,1.6544,5537
10/08/2003,1.6548,1.6592,1.6507,1.6543,4131
10/09/2003,1.6562,1.6618,1.6488,1.6599,7389
10/10/2003,1.6592,1.6649,1.6532,1.6572,0
10/14/2003,1.6588,1.6697,1.6464,1.6667,6321
10/15/2003,1.6666,1.6695,1.6569,1.6609,4863
10/16/2003,1.6601,1.675,1.6591,1.6668,7178
10/17/2003,1.6657,1.6722,1.6611,1.6683,4376
10/20/2003,1.6721,1.6748,1.6636,1.6675,5651
10/21/2003,1.664,1.6712,1.6623,1.6656,3577
10/22/2003,1.6683,1.6878,1.6669,1.686,10257
10/23/2003,1.686,1.6908,1.6831,1.6887,6716
10/24/2003,1.6887,1.6939,1.6873,1.6917,3427
10/27/2003,1.6899,1.6917,1.6849,1.6896,4143
10/28/2003,1.6881,1.694,1.6816,1.6911,5844
10/29/2003,1.6915,1.7018,1.6905,1.6947,5745
10/30/2003,1.692,1.7018,1.689,1.6902,4718
10/31/2003,1.6898,1.6942,1.6846,1.6894,6047
11/03/2003,1.6891,1.6926,1.6703,1.6716,8759
11/04/2003,1.6718,1.6794,1.6622,1.6756,7022
11/05/2003,1.679,1.6821,1.665,1.6678,10850
11/06/2003,1.6688,1.6735,1.6594,1.6628,6667
11/07/2003,1.6631,1.672,1.6526,1.6672,7815
11/10/2003,1.6683,1.6712,1.6658,1.6674,3988
11/11/2003,1.6642,1.6674,1.6596,1.6674,4025
11/12/2003,1.6605,1.6746,1.6605,1.6689,5382
11/13/2003,1.6706,1.6854,1.6706,1.6828,6773
11/14/2003,1.6841,1.6874,1.6787,1.6831,5564
11/17/2003,1.6854,1.6907,1.6829,1.6893,5552
11/18/2003,1.6874,1.7021,1.6827,1.6987,8291
11/19/2003,1.6991,1.7024,1.6919,1.6936,5891
11/20/2003,1.6941,1.7055,1.6935,1.7002,5619
11/21/2003,1.7009,1.7043,1.697,1.7009,3997
11/24/2003,1.7022,1.7033,1.6904,1.6933,6533
11/25/2003,1.6942,1.6997,1.6914,1.6958,6753
11/26/2003,1.6956,1.71,1.6927,1.7077,0
11/28/2003,1.712,1.7222,1.7072,1.7203,5536
12/01/2003,1.7203,1.7257,1.7163,1.7178,4353
12/02/2003,1.7176,1.7295,1.7154,1.7272,6109
12/03/2003,1.729,1.7302,1.7233,1.7253,3826
12/04/2003,1.7267,1.7275,1.7164,1.7213,7883
12/05/2003,1.72,1.7311,1.7187,1.7285,5169
12/08/2003,1.7279,1.7352,1.7261,1.7316,5519
12/09/2003,1.733,1.7488,1.7325,1.7452,4815
12/10/2003,1.7454,1.747,1.7347,1.7428,3601
12/11/2003,1.7422,1.7466,1.7373,1.7464,2042
12/12/2003,1.7342,1.7387,1.7306,1.7344,5168
12/15/2003,1.7265,1.7357,1.7242,1.7332,5927
12/16/2003,1.7354,1.7439,1.7313,1.7423,5490
12/17/2003,1.7419,1.7577,1.7376,1.7536,8009
12/18/2003,1.7538,1.7626,1.7517,1.7601,6861
12/19/2003,1.76,1.761,1.7499,1.7552,5857
12/22/2003,1.7524,1.7556,1.7486,1.7521,4284
12/23/2003,1.752,1.7561,1.752,1.7526,2711
12/24/2003,1.7534,1.7654,1.7526,1.7644,3450
12/26/2003,1.763,1.7655,1.7601,1.761,665
12/29/2003,1.761,1.7668,1.7597,1.7626,3170
12/30/2003,1.7637,1.7711,1.7624,1.7683,3760
12/31/2003,1.7678,1.7843,1.7674,1.7739,5394
01/02/2004,1.7776,1.7853,1.772,1.7835,3300
01/05/2004,1.7836,1.8005,1.7836,1.7983,7223
01/06/2004,1.7974,1.8182,1.7954,1.8135,9030
01/07/2004,1.8108,1.8163,1.8025,1.8097,7189
01/08/2004,1.8085,1.8267,1.8015,1.8222,13778
01/09/2004,1.826,1.841,1.8188,1.8376,12034
01/12/2004,1.8388,1.8488,1.8352,1.8373,10638
01/13/2004,1.837,1.845,1.8315,1.8334,9913
01/14/2004,1.838,1.8402,1.8226,1.8252,9431
01/15/2004,1.823,1.8268,1.81,1.8134,8419
01/16/2004,1.8158,1.8187,1.785,1.7871,8419
01/20/2004,1.7768,1.814,1.7747,1.811,13058
01/21/2004,1.813,1.8293,1.8071,1.8213,8882
01/22/2004,1.8241,1.8406,1.8241,1.8365,7488
01/23/2004,1.8385,1.845,1.8098,1.8182,10999
01/26/2004,1.817,1.8237,1.8036,1.8043,9309
01/27/2004,1.8069,1.8221,1.795,1.8194,9430
01/28/2004,1.8215,1.8313,1.8092,1.8168,10593
01/29/2004,1.8102,1.8204,1.8022,1.8084,15211
01/30/2004,1.8112,1.8199,1.7994,1.8179,11575
02/02/2004,1.819,1.821,1.8075,1.8115,6101
02/03/2004,1.8141,1.8362,1.8132,1.8326,10544
02/04/2004,1.8335,1.8338,1.8225,1.8277,8583
02/05/2004,1.8265,1.8372,1.8248,1.8274,8127
02/06/2004,1.8293,1.8466,1.8267,1.8409,12233
02/09/2004,1.8379,1.8578,1.8375,1.8524,10928
02/10/2004,1.8546,1.8683,1.853,1.8652,11900
02/11/2004,1.8642,1.8876,1.8596,1.8818,15360
02/12/2004,1.8875,1.8922,1.8835,1.8848,11176
02/13/2004,1.8886,1.895,1.8739,1.8788,11176
02/16/2004,1.8805,1.8871,1.8772,1.8847,3037
02/17/2004,1.8842,1.9044,1.8772,1.8988,10891
02/18/2004,1.9002,1.9102,1.8799,1.8834,11765
02/19/2004,1.886,1.8944,1.8831,1.8911,12543
02/20/2004,1.8928,1.8964,1.8531,1.856,13765
02/23/2004,1.8567,1.8674,1.8429,1.8594,9475
02/24/2004,1.8655,1.8907,1.8597,1.8866,10442
02/25/2004,1.887,1.892,1.8662,1.8681,12202
02/26/2004,1.8693,1.8754,1.8523,1.8586,11584
02/27/2004,1.8599,1.8686,1.8447,1.8646,11530
03/01/2004,1.8666,1.8729,1.8598,1.8657,10301
03/02/2004,1.8676,1.8676,1.833,1.8395,18769
03/03/2004,1.8377,1.8387,1.8136,1.8272,15192
03/04/2004,1.8282,1.836,1.8175,1.8215,15542
03/05/2004,1.8206,1.8486,1.8162,1.8446,13717
03/08/2004,1.8465,1.8536,1.841,1.845,9075
03/09/2004,1.8503,1.8579,1.8214,1.8306,8405
03/10/2004,1.8228,1.8275,1.7955,1.8038,7751
03/11/2004,1.7888,1.801,1.7782,1.7945,13225
03/12/2004,1.7967,1.7975,1.7765,1.7883,11391
03/15/2004,1.7858,1.7977,1.7802,1.7885,8121
03/16/2004,1.7907,1.8057,1.7866,1.7986,11369
03/17/2004,1.7993,1.8043,1.7931,1.8029,9560
03/18/2004,1.8018,1.8264,1.8018,1.8192,11813
03/19/2004,1.8225,1.8237,1.812,1.818,7415
03/22/2004,1.8206,1.8367,1.813,1.8332,6451
03/23/2004,1.8345,1.8409,1.8275,1.8344,6923
03/24/2004,1.84,1.841,1.8095,1.8102,9211
03/25/2004,1.8108,1.8135,1.7868,1.7955,10588
03/26/2004,1.7927,1.8111,1.7882,1.8001,8297
03/29/2004,1.8032,1.8104,1.7938,1.805,7760
03/30/2004,1.8069,1.8179,1.8067,1.8137,6663
03/31/2004,1.8157,1.8343,1.8132,1.8316,8099
04/01/2004,1.832,1.8489,1.8267,1.8432,10617
04/02/2004,1.8449,1.8454,1.815,1.8205,10000
04/05/2004,1.8172,1.8192,1.7995,1.8059,11361
04/06/2004,1.8118,1.8339,1.8087,1.8281,9971
04/07/2004,1.8339,1.8344,1.8236,1.8305,7526
04/08/2004,1.83,1.8367,1.8184,1.8208,9483
04/12/2004,1.823,1.8306,1.8207,1.8291,2703
04/13/2004,1.8285,1.8323,1.8029,1.8094,9861
04/14/2004,1.809,1.809,1.7755,1.7811,15137
04/15/2004,1.781,1.7907,1.7672,1.7822,11365
04/16/2004,1.7836,1.7973,1.7746,1.7893,10637
04/19/2004,1.791,1.8059,1.7898,1.7997,6330
04/20/2004,1.7985,1.7988,1.7765,1.7839,8805
04/21/2004,1.7763,1.7769,1.7577,1.7651,14714
04/22/2004,1.7659,1.7694,1.7548,1.7617,11373
04/23/2004,1.7678,1.774,1.7564,1.7639,11066
04/26/2004,1.7635,1.7822,1.7591,1.7803,8316
04/27/2004,1.7801,1.7869,1.7745,1.7831,7703
04/28/2004,1.785,1.7896,1.7632,1.7643,11184
04/29/2004,1.765,1.7747,1.7515,1.7666,15466
04/30/2004,1.7671,1.7742,1.7597,1.7724,9573
05/03/2004,1.7726,1.7734,1.7625,1.7645,6064
05/04/2004,1.7644,1.7905,1.7641,1.7858,9679
05/05/2004,1.7902,1.7959,1.7812,1.7867,9126
05/06/2004,1.785,1.7927,1.7777,1.7892,8490
05/07/2004,1.7889,1.7977,1.7764,1.7819,15300
05/10/2004,1.7803,1.781,1.7651,1.7715,7552
05/11/2004,1.7685,1.7721,1.7478,1.7512,9671
05/12/2004,1.7507,1.7751,1.7507,1.7679,10306
05/13/2004,1.7672,1.7698,1.7526,1.7572,7004
05/14/2004,1.7575,1.7599,1.7436,1.7541,8578
05/17/2004,1.756,1.77,1.7529,1.7635,9532
05/18/2004,1.7651,1.7671,1.7569,1.7617,7714
05/19/2004,1.7616,1.7813,1.7589,1.7798,7008
05/20/2004,1.781,1.7811,1.7603,1.7699,7688
05/21/2004,1.7735,1.7948,1.7701,1.7863,7846
05/24/2004,1.787,1.7902,1.7785,1.7886,6372
05/25/2004,1.7866,1.8115,1.7863,1.8087,10662
05/26/2004,1.8079,1.8176,1.8062,1.8128,10740
05/27/2004,1.8122,1.8378,1.8077,1.8341,10948
05/28/2004,1.8357,1.84,1.8272,1.8304,9454
05/31/2004,1.8325,1.8349,1.8278,1.8303,0
06/01/2004,1.8303,1.839,1.8255,1.8379,9499
06/02/2004,1.8374,1.8469,1.8285,1.8334,13336
06/03/2004,1.8318,1.8416,1.8269,1.8388,9917
06/04/2004,1.8391,1.8438,1.8305,1.8387,10806
06/07/2004,1.838,1.8465,1.8336,1.839,6031
06/08/2004,1.8403,1.8455,1.8317,1.8335,3854
06/09/2004,1.8369,1.8408,1.8243,1.8279,4158
06/10/2004,1.8279,1.8444,1.8187,1.8427,0
06/11/2004,1.8277,1.828,1.8017,1.828,4947
06/14/2004,1.8031,1.8041,1.7901,1.7982,12528
06/15/2004,1.7993,1.8196,1.7964,1.8172,10896
06/16/2004,1.8194,1.8209,1.8089,1.813,11525
06/17/2004,1.8128,1.8244,1.8103,1.8226,8663
06/18/2004,1.8198,1.8264,1.811,1.8255,9949
06/21/2004,1.825,1.8272,1.8142,1.8163,7391
06/22/2004,1.8176,1.8215,1.8042,1.805,10547
06/23/2004,1.8088,1.8156,1.801,1.8033,9384
06/24/2004,1.8041,1.8164,1.7975,1.8125,10658
06/25/2004,1.8125,1.8145,1.8048,1.8129,9031
06/28/2004,1.8142,1.8219,1.8082,1.8175,9291
06/29/2004,1.8175,1.8182,1.7929,1.7953,16220
06/30/2004,1.7949,1.8087,1.7897,1.8057,11833
07/01/2004,1.808,1.8111,1.8004,1.8089,7993
07/02/2004,1.8092,1.8242,1.8053,1.8214,10572
07/05/2004,1.821,1.8252,1.816,1.8188,2718
07/06/2004,1.8179,1.8328,1.816,1.8314,13161
07/07/2004,1.83,1.8469,1.8283,1.8442,11019
07/08/2004,1.8449,1.8492,1.8363,1.8418,8792
07/09/2004,1.841,1.8514,1.8387,1.8474,10194
07/12/2004,1.8474,1.8561,1.8467,1.8543,7077
07/13/2004,1.851,1.8528,1.842,1.8476,9622
07/14/2004,1.8475,1.8522,1.8435,1.8469,9438
07/15/2004,1.8474,1.8486,1.8384,1.8421,8349
07/16/2004,1.8428,1.8664,1.8388,1.8641,13590
07/19/2004,1.8642,1.8683,1.8576,1.8592,8759
07/20/2004,1.8599,1.8599,1.8404,1.8437,13427
07/21/2004,1.844,1.8462,1.8235,1.8291,16946
07/22/2004,1.8334,1.841,1.827,1.8342,11094
07/23/2004,1.836,1.8372,1.8216,1.823,13590
07/26/2004,1.8228,1.8344,1.8228,1.8337,9782
07/27/2004,1.8333,1.837,1.8124,1.8137,12869
07/28/2004,1.8135,1.8182,1.8076,1.8153,16324
07/29/2004,1.8173,1.8215,1.8014,1.8083,17376
07/30/2004,1.8098,1.8179,1.8054,1.8124,13816
08/02/2004,1.8156,1.8265,1.8125,1.8213,9382
08/03/2004,1.818,1.8219,1.8106,1.8189,11675
08/04/2004,1.8174,1.8198,1.8088,1.8179,10680
08/05/2004,1.818,1.8237,1.813,1.8189,10628
08/06/2004,1.8181,1.8407,1.8146,1.8351,16538
08/09/2004,1.836,1.8387,1.8321,1.8353,6495
08/10/2004,1.8348,1.8365,1.8201,1.8242,10716
08/11/2004,1.8209,1.8268,1.8196,1.8238,8907
08/12/2004,1.825,1.8316,1.8145,1.8195,12559
08/13/2004,1.8178,1.8409,1.8088,1.8379,18257
08/16/2004,1.8393,1.8419,1.833,1.8369,10654
08/17/2004,1.8354,1.8396,1.8222,1.8231,14644
08/18/2004,1.8232,1.8257,1.8163,1.8182,12264
08/19/2004,1.8186,1.8309,1.8158,1.8278,12456
08/20/2004,1.827,1.83,1.8124,1.8142,11482
08/23/2004,1.8167,1.8167,1.8033,1.805,12153
08/24/2004,1.8044,1.8058,1.7853,1.7871,18038
08/25/2004,1.7895,1.7983,1.7869,1.7943,11865
08/26/2004,1.792,1.7969,1.7893,1.7928,8683
08/27/2004,1.7934,1.8014,1.7865,1.7872,11588
08/30/2004,1.7871,1.7957,1.7832,1.7913,6896
08/31/2004,1.7935,1.8046,1.7884,1.7983,17174
09/01/2004,1.8007,1.8018,1.7873,1.7907,12897
09/02/2004,1.7918,1.7963,1.7854,1.7876,7917
09/03/2004,1.7876,1.7923,1.7725,1.7753,12714
09/06/2004,1.7746,1.78,1.7736,1.7796,2254
09/07/2004,1.7795,1.7838,1.77,1.7734,8109
09/08/2004,1.772,1.7898,1.7708,1.7882,6722
09/09/2004,1.7857,1.7876,1.7811,1.7844,2734
09/10/2004,1.7752,1.7891,1.7696,1.7827,10189
09/13/2004,1.7868,1.788,1.7797,1.7828,6479
09/14/2004,1.7832,1.7905,1.781,1.7841,9979
09/15/2004,1.7825,1.7846,1.7612,1.7631,16417
09/16/2004,1.7626,1.7826,1.7626,1.7816,16745
09/17/2004,1.7802,1.7866,1.7771,1.7807,7822
09/20/2004,1.7802,1.781,1.7696,1.7732,8878
09/21/2004,1.7744,1.7895,1.7721,1.7868,15816
09/22/2004,1.7853,1.7891,1.7757,1.7809,13298
09/23/2004,1.782,1.7933,1.7816,1.7862,15888
09/24/2004,1.7859,1.7979,1.7836,1.7923,18472
09/27/2004,1.7948,1.7984,1.7921,1.7969,9738
09/28/2004,1.7985,1.8053,1.7975,1.8017,13064
09/29/2004,1.8024,1.8031,1.7858,1.7894,21749
09/30/2004,1.7894,1.8027,1.7853,1.8023,16898
10/01/2004,1.8022,1.8034,1.783,1.7879,17748
10/04/2004,1.7876,1.788,1.7717,1.7745,14692
10/05/2004,1.7742,1.7781,1.7706,1.7738,15417
10/06/2004,1.7726,1.7792,1.7651,1.7658,19234
10/07/2004,1.77,1.7758,1.7677,1.7733,10792
10/08/2004,1.772,1.7881,1.772,1.7866,17485
10/11/2004,1.786,1.7898,1.7839,1.7866,4368
10/12/2004,1.7885,1.7909,1.7761,1.7797,13924
10/13/2004,1.784,1.7877,1.7757,1.7851,17161
10/14/2004,1.7856,1.7964,1.7846,1.7891,16924
10/15/2004,1.7889,1.7989,1.7875,1.7955,18800
10/18/2004,1.7978,1.7993,1.7871,1.7924,13151
10/19/2004,1.7905,1.7979,1.785,1.7955,12400
10/20/2004,1.7965,1.8116,1.7937,1.8104,18954
10/21/2004,1.8108,1.8237,1.8085,1.8215,23067
10/22/2004,1.8207,1.8251,1.8154,1.8185,14448
10/25/2004,1.821,1.8382,1.821,1.8344,16818
10/26/2004,1.8355,1.8384,1.8263,1.8286,11257
10/27/2004,1.8267,1.8374,1.8204,1.8223,17159
10/28/2004,1.8205,1.8289,1.8133,1.8218,14713
10/29/2004,1.8242,1.8321,1.8223,1.8312,12998
11/01/2004,1.8325,1.8355,1.8241,1.8269,9652
11/02/2004,1.828,1.8354,1.8246,1.8309,15351
11/03/2004,1.8359,1.8452,1.826,1.842,15984
11/04/2004,1.8435,1.8448,1.836,1.8372,12740
11/05/2004,1.8392,1.8514,1.8248,1.8493,20992
11/08/2004,1.8518,1.8571,1.8479,1.8497,10812
11/09/2004,1.8512,1.856,1.845,1.8516,8849
11/10/2004,1.8523,1.857,1.8357,1.84,16773
11/11/2004,1.8418,1.8442,1.8339,1.84,5915
11/12/2004,1.8385,1.8553,1.8369,1.8544,10860
11/15/2004,1.8519,1.8551,1.8401,1.8414,8331
11/16/2004,1.8447,1.8529,1.8412,1.8499,9852
11/17/2004,1.851,1.8618,1.8463,1.8556,11674
11/18/2004,1.857,1.8607,1.8451,1.8488,11992
11/19/2004,1.8463,1.8584,1.8441,1.8534,13610
11/22/2004,1.8555,1.8576,1.8491,1.8549,8200
11/23/2004,1.8576,1.8702,1.8497,1.8651,15760
11/24/2004,1.8658,1.88,1.8649,1.8788,9560
11/25/2004,1.8799,1.8873,1.8778,1.8858,0
11/26/2004,1.8799,1.9019,1.8778,1.8942,17205
11/29/2004,1.8972,1.8972,1.883,1.8925,10582
11/30/2004,1.8921,1.9115,1.885,1.909,25004
12/01/2004,1.9075,1.9342,1.9075,1.9315,26944
12/02/2004,1.9324,1.9426,1.9162,1.9216,25280
12/03/2004,1.9225,1.9433,1.9166,1.9407,23781
12/06/2004,1.9416,1.9433,1.9368,1.9404,20710
12/07/2004,1.9366,1.95,1.9354,1.9453,17952
12/08/2004,1.9439,1.9447,1.9179,1.9335,20056
12/09/2004,1.9345,1.942,1.9142,1.9273,21912
12/10/2004,1.914,1.9147,1.8904,1.9054,18987
12/13/2004,1.8985,1.9167,1.897,1.9163,15549
12/14/2004,1.9146,1.9188,1.9091,1.9173,14380
12/15/2004,1.9165,1.9354,1.9026,1.9314,13224
12/16/2004,1.9314,1.9446,1.9156,1.9182,26471
12/17/2004,1.9219,1.9346,1.9178,1.9288,16179
12/20/2004,1.933,1.9406,1.9266,1.9372,9029
12/21/2004,1.9367,1.939,1.915,1.9166,16627
12/22/2004,1.9177,1.9204,1.9002,1.9059,19819
12/23/2004,1.9065,1.915,1.9042,1.9105,12240
12/27/2004,1.9128,1.9292,1.9108,1.9241,8834
12/28/2004,1.9248,1.9325,1.9172,1.9206,8423
12/29/2004,1.9196,1.9246,1.9029,1.906,19578
12/30/2004,1.909,1.9205,1.9069,1.9167,13344
12/31/2004,1.9166,1.927,1.9055,1.9071,11377
01/03/2005,1.9102,1.912,1.8873,1.8963,17035
01/04/2005,1.8969,1.9002,1.87,1.8716,24789
01/05/2005,1.8735,1.882,1.865,1.8766,18732
01/06/2005,1.8773,1.8781,1.8622,1.8665,14635
01/07/2005,1.8692,1.8789,1.8571,1.8632,18263
01/10/2005,1.8628,1.8718,1.8625,1.8689,8962
01/11/2005,1.87,1.8752,1.8679,1.8703,10889
01/12/2005,1.8715,1.8869,1.8625,1.8845,15450
01/13/2005,1.8838,1.8865,1.873,1.8734,13469
01/14/2005,1.8745,1.8751,1.8575,1.8613,13227
01/17/2005,1.8637,1.8684,1.8522,1.8553,0
01/18/2005,1.8637,1.8684,1.8464,1.8599,20846
01/19/2005,1.8594,1.8764,1.8566,1.8627,16599
01/20/2005,1.8648,1.8694,1.8581,1.8675,13397
01/21/2005,1.8655,1.8767,1.8557,1.8731,15206
01/24/2005,1.873,1.8783,1.8685,1.8749,10297
01/25/2005,1.8732,1.8754,1.8573,1.8576,11901
01/26/2005,1.8591,1.8803,1.8585,1.8761,16271
01/27/2005,1.8772,1.8854,1.8742,1.8833,12591
01/28/2005,1.884,1.887,1.874,1.883,12802
01/31/2005,1.8809,1.8837,1.8742,1.8778,11394
02/01/2005,1.8792,1.8819,1.873,1.8794,12197
02/02/2005,1.8794,1.8845,1.8778,1.8823,13966
02/03/2005,1.8824,1.8874,1.8723,1.8775,15722
02/04/2005,1.8781,1.889,1.869,1.8704,24713
02/07/2005,1.868,1.8711,1.8507,1.8546,17684
02/08/2005,1.8515,1.8557,1.8473,1.8511,12769
02/09/2005,1.8504,1.8608,1.8486,1.8543,14734
02/10/2005,1.8551,1.8698,1.8445,1.8651,17864
02/11/2005,1.8654,1.8677,1.8594,1.8643,8092
02/14/2005,1.8662,1.8897,1.8649,1.8856,17733
02/15/2005,1.8843,1.8945,1.8802,1.8924,14483
02/16/2005,1.8922,1.8929,1.8724,1.8832,23715
02/17/2005,1.8822,1.8935,1.8813,1.8922,14716
02/18/2005,1.8923,1.8949,1.887,1.8911,10673
02/22/2005,1.8911,1.9114,1.8885,1.9096,25316
02/23/2005,1.9087,1.911,1.9021,1.9083,17941
02/24/2005,1.906,1.9123,1.8996,1.9093,17643
02/25/2005,1.9072,1.9179,1.9049,1.9164,15767
02/28/2005,1.9161,1.925,1.9148,1.9218,15398
03/01/2005,1.9197,1.9215,1.9157,1.9191,10769
03/02/2005,1.9192,1.92,1.9067,1.9119,12807
03/03/2005,1.9121,1.9129,1.9046,1.9063,10870
03/04/2005,1.9057,1.9264,1.9021,1.923,21006
03/07/2005,1.9226,1.9242,1.9107,1.9132,15004
03/08/2005,1.9148,1.9318,1.9124,1.9281,14965
03/09/2005,1.9287,1.9314,1.9194,1.9259,16965
03/10/2005,1.924,1.9302,1.9204,1.9219,15631
03/11/2005,1.9135,1.9198,1.9074,1.9165,22462
03/14/2005,1.917,1.9185,1.9009,1.9046,22140
03/15/2005,1.9048,1.9168,1.9025,1.9038,25140
03/16/2005,1.9041,1.9206,1.9027,1.9167,19462
03/17/2005,1.9176,1.92,1.9099,1.9147,13212
03/18/2005,1.9166,1.9168,1.9042,1.9108,15551
03/21/2005,1.9121,1.9121,1.8865,1.8901,19879
03/22/2005,1.8885,1.8939,1.872,1.8767,17836
03/23/2005,1.878,1.881,1.8586,1.8597,21310
03/24/2005,1.862,1.8667,1.8601,1.8627,14472
03/28/2005,1.8626,1.8634,1.8524,1.8575,10854
03/29/2005,1.8588,1.8694,1.8583,1.8684,12216
03/30/2005,1.8681,1.8776,1.8669,1.8731,14725
03/31/2005,1.8704,1.8853,1.8686,1.8826,20286
04/01/2005,1.8813,1.893,1.8694,1.8746,26466
04/04/2005,1.8731,1.8736,1.8643,1.8696,10967
04/05/2005,1.8696,1.8754,1.8653,1.8744,11720
04/06/2005,1.8743,1.8784,1.8681,1.8745,13345
04/07/2005,1.8735,1.88,1.8622,1.8629,19410
04/08/2005,1.864,1.8808,1.8613,1.879,18413
04/11/2005,1.8796,1.8876,1.8757,1.8852,13013
04/12/2005,1.8834,1.8918,1.8773,1.8856,18410
04/13/2005,1.8867,1.89,1.8809,1.8883,20071
04/14/2005,1.889,1.8893,1.8706,1.876,22267
04/15/2005,1.8749,1.8898,1.872,1.8866,23007
04/18/2005,1.8876,1.9006,1.8834,1.8986,13618
04/19/2005,1.9009,1.9154,1.8951,1.9123,19058
04/20/2005,1.9124,1.9166,1.9046,1.9139,23988
04/21/2005,1.9144,1.9168,1.9017,1.9034,22210
04/22/2005,1.9036,1.9124,1.9012,1.9107,14541
04/25/2005,1.9116,1.9127,1.9034,1.9054,11245
04/26/2005,1.9063,1.9088,1.8977,1.9013,14443
04/27/2005,1.9013,1.9052,1.8946,1.902,20207
04/28/2005,1.8999,1.9066,1.8955,1.9038,20823
04/29/2005,1.903,1.9122,1.9017,1.903,18455
05/02/2005,1.903,1.9033,1.8886,1.8909,13986
05/03/2005,1.891,1.8919,1.885,1.8859,21896
05/04/2005,1.8887,1.8998,1.8884,1.8978,20933
05/05/2005,1.899,1.9046,1.8966,1.902,15487
05/06/2005,1.9004,1.9004,1.8863,1.8872,30186
05/09/2005,1.889,1.889,1.8775,1.8798,15791
05/10/2005,1.8813,1.8824,1.8734,1.8795,14862
05/11/2005,1.879,1.8882,1.8666,1.8678,32820
05/12/2005,1.8697,1.8709,1.8575,1.8633,28191
05/13/2005,1.8618,1.8632,1.8459,1.8479,22295
05/16/2005,1.8479,1.8485,1.8305,1.8355,29617
05/17/2005,1.835,1.8401,1.8299,1.8341,18138
05/18/2005,1.8327,1.8388,1.8269,1.838,20325
05/19/2005,1.8371,1.8414,1.8303,1.833,19865
05/20/2005,1.8331,1.8373,1.8213,1.8242,20499
05/23/2005,1.8258,1.8296,1.8226,1.8275,15699
05/24/2005,1.8286,1.8342,1.8241,1.8263,18003
05/25/2005,1.8273,1.8317,1.8225,1.8299,15715
05/26/2005,1.8302,1.8314,1.8175,1.8196,24067
05/27/2005,1.8203,1.826,1.8187,1.8223,14094
05/31/2005,1.823,1.8247,1.8092,1.8166,29820
06/01/2005,1.816,1.8214,1.8066,1.8103,31235
06/02/2005,1.8096,1.8198,1.8076,1.816,24850
06/03/2005,1.8147,1.824,1.8094,1.8126,24172
06/06/2005,1.8128,1.8244,1.8123,1.8238,22540
06/07/2005,1.8238,1.8349,1.8201,1.8346,25932
06/08/2005,1.8346,1.8399,1.8218,1.825,34464
06/09/2005,1.8233,1.8283,1.8172,1.8197,18041
06/10/2005,1.8141,1.8196,1.8042,1.8053,23467
06/13/2005,1.8057,1.8063,1.7937,1.8003,21447
06/14/2005,1.8012,1.8092,1.7967,1.8004,24936
06/15/2005,1.8004,1.8184,1.7983,1.8162,29317
06/16/2005,1.8164,1.8229,1.8108,1.8142,27560
06/17/2005,1.8165,1.825,1.8129,1.8233,21570
06/20/2005,1.8203,1.8227,1.815,1.817,15417
06/21/2005,1.819,1.8282,1.8108,1.8237,25292
06/22/2005,1.8225,1.8274,1.8121,1.8163,24355
06/23/2005,1.8164,1.8177,1.8083,1.8085,18125
06/24/2005,1.8096,1.8198,1.806,1.8172,19782
06/27/2005,1.8182,1.8263,1.8169,1.8228,14975
06/28/2005,1.8235,1.8242,1.8092,1.811,18842
06/29/2005,1.8112,1.8133,1.7946,1.8002,27916
06/30/2005,1.8019,1.8058,1.7829,1.7863,28444
07/01/2005,1.7868,1.7872,1.7631,1.766,31203
07/05/2005,1.7574,1.7614,1.7464,1.7516,35010
07/06/2005,1.7524,1.7567,1.7477,1.7516,19352
07/07/2005,1.7489,1.7503,1.7353,1.7401,29368
07/08/2005,1.7404,1.7404,1.7271,1.7318,27830
07/11/2005,1.7326,1.7553,1.7324,1.7545,21576
07/12/2005,1.754,1.7749,1.7515,1.7733,29889
07/13/2005,1.7747,1.7747,1.7491,1.7578,29652
07/14/2005,1.7605,1.7614,1.7513,1.7516,24251
07/15/2005,1.7528,1.7604,1.7476,1.7485,22884
07/18/2005,1.747,1.7527,1.7423,1.7457,13946
07/19/2005,1.7447,1.7461,1.731,1.7381,23305
07/20/2005,1.7366,1.7423,1.7242,1.7374,46331
07/21/2005,1.7375,1.7587,1.737,1.7497,60488
07/22/2005,1.7487,1.7543,1.7329,1.7346,28096
07/25/2005,1.7343,1.7447,1.7303,1.7441,18209
07/26/2005,1.7442,1.7444,1.7321,1.7376,21228
07/27/2005,1.7352,1.7449,1.731,1.7441,25537
07/28/2005,1.7409,1.7572,1.7381,1.7543,32695
07/29/2005,1.7535,1.759,1.7493,1.7549,30530
08/01/2005,1.754,1.771,1.7517,1.7671,30454
08/02/2005,1.7648,1.7729,1.7645,1.7679,20590
08/03/2005,1.7695,1.7809,1.7629,1.7771,27281
08/04/2005,1.7756,1.7806,1.7692,1.7783,27818
08/05/2005,1.7786,1.7806,1.7697,1.7753,27011
08/08/2005,1.7748,1.7884,1.7711,1.785,17130
08/09/2005,1.7828,1.7897,1.7803,1.7842,20530
08/10/2005,1.7855,1.7961,1.7844,1.7932,29595
08/11/2005,1.7948,1.8099,1.7936,1.8075,28233
08/12/2005,1.811,1.816,1.8059,1.813,34933
08/15/2005,1.8132,1.8152,1.8057,1.8104,19196
08/16/2005,1.8099,1.8129,1.8024,1.8081,27616
08/17/2005,1.8082,1.8115,1.8003,1.8045,26713
08/18/2005,1.8042,1.8077,1.79,1.7926,35535
08/19/2005,1.7924,1.7964,1.7879,1.7956,23314
08/22/2005,1.795,1.8035,1.7931,1.7995,24110
08/23/2005,1.7995,1.801,1.7949,1.7996,20175
08/24/2005,1.7993,1.8017,1.7895,1.7991,29030
08/25/2005,1.7995,1.8073,1.7971,1.8033,21997
08/26/2005,1.802,1.809,1.7982,1.8,25404
08/29/2005,1.8006,1.8081,1.7918,1.7947,25739
08/30/2005,1.7948,1.7957,1.7812,1.7851,34709
08/31/2005,1.7847,1.805,1.7814,1.8018,64801
09/01/2005,1.8025,1.836,1.8002,1.8335,63405
09/02/2005,1.8326,1.8442,1.8295,1.8424,45771
09/06/2005,1.8402,1.8492,1.8367,1.8431,38831
09/07/2005,1.8406,1.8457,1.8348,1.8362,30530
09/08/2005,1.8356,1.8439,1.8325,1.8354,32837
09/09/2005,1.8344,1.8421,1.8318,1.8385,27870
09/12/2005,1.8409,1.8423,1.8182,1.8196,23201
09/13/2005,1.8192,1.8248,1.818,1.8223,28323
09/14/2005,1.8236,1.8302,1.8214,1.8226,12401
09/15/2005,1.8233,1.8234,1.8038,1.8056,11209
09/16/2005,1.8032,1.8118,1.799,1.8053,34265
09/19/2005,1.801,1.8037,1.7944,1.8007,25035
09/20/2005,1.7992,1.8059,1.7955,1.7967,23155
09/21/2005,1.7963,1.8105,1.7935,1.8063,29104
09/22/2005,1.8091,1.8125,1.7856,1.7884,36735
09/23/2005,1.7885,1.7906,1.7727,1.7752,32938
09/26/2005,1.77,1.7775,1.7681,1.7754,26896
09/27/2005,1.7765,1.7769,1.7617,1.7644,32383
09/28/2005,1.7651,1.7698,1.7585,1.7639,37429
09/29/2005,1.7659,1.7683,1.7574,1.7596,30919
09/30/2005,1.7594,1.7713,1.7548,1.7603,45399
10/03/2005,1.76,1.7619,1.7502,1.7525,28040
10/04/2005,1.7528,1.7605,1.7497,1.7586,24044
10/05/2005,1.7577,1.7645,1.7558,1.76,25973
10/06/2005,1.765,1.7796,1.763,1.7785,44865
10/07/2005,1.7776,1.7776,1.7561,1.7595,41238
10/10/2005,1.7589,1.7621,1.7501,1.7595,14676
10/11/2005,1.7543,1.7544,1.7428,1.7435,29864
10/12/2005,1.7441,1.7535,1.7377,1.7498,29916
10/13/2005,1.7512,1.7563,1.7431,1.7539,42266
10/14/2005,1.755,1.7698,1.7471,1.7687,63432
10/17/2005,1.7667,1.7717,1.7514,1.7528,33887
10/18/2005,1.7525,1.7525,1.741,1.7483,37025
10/19/2005,1.7488,1.7657,1.7416,1.7621,44433
10/20/2005,1.7643,1.774,1.7584,1.7706,35190
10/21/2005,1.7728,1.7789,1.7627,1.7646,39696
10/24/2005,1.7655,1.7721,1.7636,1.7658,37364
10/25/2005,1.7687,1.7858,1.7621,1.7838,58157
10/26/2005,1.783,1.7854,1.7704,1.7743,47896
10/27/2005,1.7739,1.7894,1.7728,1.783,50740
10/28/2005,1.7817,1.785,1.7722,1.7729,38806
10/31/2005,1.7729,1.7815,1.7663,1.7693,34858
11/01/2005,1.7675,1.7716,1.76,1.7633,42991
11/02/2005,1.766,1.7766,1.7616,1.7755,34737
11/03/2005,1.7759,1.7788,1.7688,1.77,50522
11/04/2005,1.7699,1.7703,1.7451,1.7503,70081
11/07/2005,1.7475,1.751,1.7382,1.7445,42880
11/08/2005,1.7419,1.7438,1.7321,1.7432,30895
11/09/2005,1.7429,1.7453,1.7356,1.7432,44455
11/10/2005,1.7432,1.7511,1.7392,1.7406,54924
11/11/2005,1.7405,1.7431,1.737,1.7406,18517
11/14/2005,1.7414,1.749,1.7336,1.7367,35050
11/15/2005,1.7373,1.7393,1.7298,1.7326,47431
11/16/2005,1.7338,1.7364,1.7133,1.7174,65402
11/17/2005,1.7171,1.7221,1.7145,1.7198,44475
11/18/2005,1.7186,1.7223,1.7094,1.7161,60552
11/21/2005,1.7166,1.724,1.7136,1.7175,55769
11/22/2005,1.7151,1.7234,1.706,1.7213,54071
11/23/2005,1.7226,1.7256,1.7173,1.7208,37897
11/25/2005,1.7229,1.7285,1.712,1.7128,35236
11/28/2005,1.7125,1.734,1.7046,1.7326,51785
11/29/2005,1.7289,1.7291,1.7141,1.7196,52411
11/30/2005,1.7166,1.7346,1.7159,1.7289,70024
12/01/2005,1.7289,1.7342,1.7259,1.7323,83459
12/02/2005,1.7315,1.7377,1.7246,1.7336,77462
12/05/2005,1.7319,1.7443,1.7271,1.7426,44112
12/06/2005,1.7415,1.7453,1.7311,1.7419,42826
12/07/2005,1.7403,1.7428,1.7291,1.7345,42264
12/08/2005,1.734,1.756,1.7327,1.7536,54112
12/09/2005,1.7521,1.7566,1.7462,1.7546,38772
12/12/2005,1.7504,1.7773,1.7504,1.7757,49257
12/13/2005,1.7754,1.7782,1.7653,1.7695,41891
12/14/2005,1.7698,1.7812,1.7685,1.773,23185
12/15/2005,1.7723,1.7756,1.7614,1.7643,11302
12/16/2005,1.7644,1.7739,1.7624,1.7722,40009
12/19/2005,1.7691,1.7731,1.7588,1.7624,28905
12/20/2005,1.7624,1.7681,1.7524,1.7546,48018
12/21/2005,1.7541,1.759,1.7378,1.7444,43415
12/22/2005,1.7447,1.7452,1.7337,1.7379,41665
12/23/2005,1.7363,1.7399,1.7303,1.7326,21041
12/27/2005,1.733,1.7382,1.7262,1.7265,12608
12/28/2005,1.7265,1.7408,1.7128,1.7146,48398
12/29/2005,1.7175,1.7279,1.7166,1.7233,32955
12/30/2005,1.7244,1.7293,1.7164,1.7187,29608
01/03/2006,1.7188,1.7464,1.7186,1.7449,57357
01/04/2006,1.7462,1.7618,1.746,1.7579,53297
01/05/2006,1.7566,1.7591,1.7485,1.756,45511
01/06/2006,1.7543,1.7723,1.7513,1.7707,57656
01/09/2006,1.768,1.7726,1.7626,1.765,30232
01/10/2006,1.7653,1.77,1.7619,1.7656,30746
01/11/2006,1.7639,1.7671,1.7521,1.764,45795
01/12/2006,1.7659,1.7728,1.7579,1.7602,56941
01/13/2006,1.7605,1.7782,1.7594,1.7763,56605
01/17/2006,1.776,1.7796,1.7587,1.7665,49951
01/18/2006,1.7682,1.7707,1.7586,1.763,42598
01/19/2006,1.7631,1.7646,1.7527,1.759,44457
01/20/2006,1.7575,1.7725,1.7535,1.7717,44027
01/23/2006,1.772,1.7882,1.7714,1.7872,35682
01/24/2006,1.787,1.7899,1.7807,1.7861,30124
01/25/2006,1.7836,1.7938,1.7818,1.7846,42771
01/26/2006,1.7834,1.7892,1.7778,1.7811,45223
01/27/2006,1.7797,1.7881,1.7667,1.7677,72502
01/30/2006,1.7695,1.7718,1.7637,1.7667,35186
01/31/2006,1.769,1.786,1.7667,1.7802,62831
02/01/2006,1.7785,1.7815,1.7729,1.7734,41100
02/02/2006,1.775,1.7818,1.7713,1.7798,37686
02/03/2006,1.7802,1.7812,1.7594,1.7624,82327
02/06/2006,1.7621,1.7643,1.7436,1.7481,41330
02/07/2006,1.7483,1.7516,1.7405,1.7452,34394
02/08/2006,1.7469,1.7475,1.738,1.7396,35708
02/09/2006,1.741,1.7466,1.7376,1.7396,31402
02/10/2006,1.7414,1.7578,1.7413,1.7444,69179
02/13/2006,1.7438,1.7443,1.7363,1.7423,32173
02/14/2006,1.7412,1.7448,1.7283,1.7357,49087
02/15/2006,1.7356,1.749,1.7334,1.74,67987
02/16/2006,1.741,1.7413,1.7307,1.7385,46158
02/17/2006,1.739,1.7426,1.7333,1.7392,50904
02/21/2006,1.7414,1.7476,1.7409,1.7465,41040
02/22/2006,1.7449,1.7468,1.7374,1.7422,45320
02/23/2006,1.7441,1.7557,1.7417,1.7518,61154
02/24/2006,1.7517,1.7538,1.7428,1.7453,50647
02/27/2006,1.7437,1.7451,1.7376,1.74,35115
02/28/2006,1.7399,1.7569,1.7376,1.7545,66446
03/01/2006,1.7537,1.7595,1.7462,1.7501,52094
03/02/2006,1.7502,1.7549,1.7436,1.7539,60039
03/03/2006,1.7533,1.7586,1.7504,1.7539,45774
03/06/2006,1.756,1.7626,1.7468,1.7491,31327
03/07/2006,1.7491,1.7499,1.733,1.7359,48712
03/08/2006,1.735,1.7421,1.7344,1.7368,31506
03/09/2006,1.7385,1.7413,1.7345,1.7357,28311
03/10/2006,1.7376,1.7416,1.7248,1.7282,71362
03/13/2006,1.7278,1.7353,1.7254,1.735,36774
03/14/2006,1.7352,1.7505,1.7351,1.7483,56865
03/15/2006,1.7478,1.7514,1.744,1.7509,58340
03/16/2006,1.7495,1.7615,1.746,1.7595,70647
03/17/2006,1.7589,1.7598,1.753,1.7591,51322
03/20/2006,1.7574,1.7606,1.7546,1.7579,34524
03/21/2006,1.7579,1.7581,1.7468,1.7498,55099
03/22/2006,1.7505,1.7527,1.7471,1.7484,34303
03/23/2006,1.7484,1.7488,1.7347,1.7366,73007
03/24/2006,1.736,1.7462,1.7327,1.7442,51635
03/27/2006,1.744,1.7513,1.7433,1.7492,29883
03/28/2006,1.748,1.7555,1.7442,1.7451,53395
03/29/2006,1.7448,1.7461,1.7333,1.7359,50268
03/30/2006,1.7364,1.75,1.7361,1.7485,59505
03/31/2006,1.748,1.749,1.7352,1.738,55667
04/03/2006,1.7382,1.7423,1.7265,1.7403,46757
04/04/2006,1.741,1.7595,1.7386,1.7578,65954
04/05/2006,1.7571,1.7635,1.7499,1.7567,62847
04/06/2006,1.7558,1.7613,1.7505,1.7541,66341
04/07/2006,1.7533,1.755,1.7409,1.7448,64258
04/10/2006,1.7441,1.7489,1.7392,1.7432,28774
04/11/2006,1.7449,1.7512,1.741,1.7498,44394
04/12/2006,1.7504,1.7588,1.7477,1.7518,48985
04/13/2006,1.7517,1.7575,1.7498,1.7533,41993
04/17/2006,1.7541,1.7764,1.7541,1.771,40138
04/18/2006,1.7714,1.7851,1.7695,1.7815,69369
04/19/2006,1.7849,1.7951,1.7812,1.7936,75498
04/20/2006,1.7937,1.7938,1.7771,1.78,54346
04/21/2006,1.7799,1.7863,1.7768,1.7826,46166
04/24/2006,1.7878,1.7945,1.7806,1.7908,51600
04/25/2006,1.7885,1.7957,1.784,1.7903,68953
04/26/2006,1.7892,1.7924,1.7814,1.7864,75171
04/27/2006,1.786,1.806,1.7833,1.8042,84557
04/28/2006,1.803,1.8272,1.8013,1.8228,61350
05/01/2006,1.8244,1.8428,1.8218,1.8285,63524
05/02/2006,1.8257,1.8439,1.822,1.8419,64574
05/03/2006,1.8407,1.8491,1.8366,1.8423,69190
05/04/2006,1.8434,1.8562,1.8348,1.8549,64951
05/05/2006,1.8531,1.8636,1.8486,1.8604,55784
05/08/2006,1.8635,1.87,1.856,1.8586,37871
05/09/2006,1.859,1.87,1.8525,1.8673,51990
05/10/2006,1.8679,1.8745,1.8612,1.8674,66395
05/11/2006,1.8651,1.8868,1.8541,1.8853,82410
05/12/2006,1.8833,1.9011,1.8832,1.8934,80117
05/15/2006,1.8974,1.9006,1.8775,1.8805,62210
05/16/2006,1.8799,1.8908,1.8755,1.8897,51687
05/17/2006,1.889,1.9035,1.8785,1.8838,92464
05/18/2006,1.8804,1.8957,1.8804,1.8914,57444
05/19/2006,1.8959,1.8964,1.8709,1.8783,58441
05/22/2006,1.8774,1.8895,1.8641,1.8877,45894
05/23/2006,1.8861,1.8894,1.8784,1.8862,40303
05/24/2006,1.8805,1.8874,1.8658,1.8744,71543
05/25/2006,1.8692,1.8753,1.8671,1.874,53030
05/26/2006,1.8774,1.8778,1.8536,1.8561,73206
05/30/2006,1.8585,1.8877,1.8571,1.8843,78359
05/31/2006,1.8841,1.8862,1.8688,1.8697,57454
06/01/2006,1.8718,1.8729,1.8544,1.8654,54017
06/02/2006,1.8664,1.8865,1.8612,1.8836,65935
06/05/2006,1.8838,1.8885,1.872,1.8744,42306
06/06/2006,1.8725,1.8777,1.8594,1.8627,45499
06/07/2006,1.8605,1.865,1.8531,1.8568,44281
06/08/2006,1.8572,1.8579,1.837,1.842,60104
06/09/2006,1.8435,1.8488,1.8368,1.8416,55033
06/12/2006,1.8399,1.8472,1.8381,1.8454,40313
06/13/2006,1.8436,1.8477,1.8317,1.8342,49565
06/14/2006,1.834,1.8503,1.8338,1.8422,27419
06/15/2006,1.8442,1.8547,1.8423,1.8478,11569
06/16/2006,1.8523,1.8597,1.8505,1.8551,40684
06/19/2006,1.8557,1.8567,1.8406,1.8436,36978
06/20/2006,1.844,1.8495,1.8404,1.846,29187
06/21/2006,1.846,1.8508,1.8443,1.8474,36270
06/22/2006,1.8487,1.8503,1.8297,1.8317,56241
06/23/2006,1.8315,1.8347,1.8162,1.8228,43679
06/26/2006,1.8217,1.8281,1.8195,1.8269,28690
06/27/2006,1.8264,1.8299,1.8222,1.8263,22972
06/28/2006,1.8247,1.8275,1.8175,1.822,28107
06/29/2006,1.8216,1.8333,1.8124,1.8329,49203
06/30/2006,1.831,1.8531,1.8304,1.8508,62166
07/03/2006,1.8512,1.8521,1.8417,1.8434,36972
07/05/2006,1.8451,1.852,1.8357,1.8384,48753
07/06/2006,1.837,1.8441,1.8363,1.8403,40213
07/07/2006,1.8403,1.8575,1.8387,1.8543,51947
07/10/2006,1.8534,1.8552,1.84,1.8437,34001
07/11/2006,1.8447,1.8504,1.8397,1.8492,36119
07/12/2006,1.8478,1.8511,1.8339,1.8357,46845
07/13/2006,1.8372,1.8499,1.8361,1.847,43825
07/14/2006,1.8468,1.849,1.8368,1.8412,38842
07/17/2006,1.8401,1.8416,1.8202,1.8219,41922
07/18/2006,1.8216,1.8356,1.82,1.8292,70084
07/19/2006,1.8287,1.8468,1.8252,1.846,60505
07/20/2006,1.8448,1.8545,1.8441,1.8523,46054
07/21/2006,1.8514,1.8633,1.8493,1.8612,47485
07/24/2006,1.8615,1.8621,1.8505,1.852,31738
07/25/2006,1.854,1.8559,1.8408,1.8424,43147
07/26/2006,1.8422,1.8575,1.8412,1.8557,42946
07/27/2006,1.8562,1.8698,1.8547,1.8591,53500
07/28/2006,1.8599,1.8688,1.8565,1.866,60449
07/31/2006,1.8652,1.8711,1.864,1.87,38366
08/01/2006,1.8694,1.8785,1.8646,1.8777,57938
08/02/2006,1.878,1.8815,1.8749,1.8803,40884
08/03/2006,1.8793,1.8929,1.8718,1.8903,77441
08/04/2006,1.889,1.9143,1.8869,1.91,84285
08/07/2006,1.9092,1.9128,1.9056,1.9072,33590
08/08/2006,1.9057,1.916,1.9045,1.9106,48975
08/09/2006,1.9081,1.9123,1.8986,1.9058,42400
08/10/2006,1.9066,1.9101,1.8878,1.8948,61240
08/11/2006,1.8948,1.8999,1.8896,1.8907,55279
08/14/2006,1.89,1.8963,1.8851,1.8885,44208
08/15/2006,1.8899,1.8989,1.8862,1.8941,58295
08/16/2006,1.8944,1.9034,1.8889,1.8967,53161
08/17/2006,1.897,1.9037,1.8827,1.8846,64993
08/18/2006,1.8864,1.8877,1.8783,1.8815,46368
08/21/2006,1.8815,1.9005,1.8811,1.8952,47788
08/22/2006,1.8928,1.8957,1.8861,1.8878,41196
08/23/2006,1.8891,1.9005,1.8869,1.8942,46446
08/24/2006,1.8932,1.898,1.8864,1.8888,49843
08/25/2006,1.888,1.8923,1.8836,1.8879,41128
08/28/2006,1.8879,1.8999,1.8867,1.8954,27376
08/29/2006,1.8938,1.9033,1.8902,1.8996,70682
08/30/2006,1.8995,1.9066,1.8979,1.9049,46693
08/31/2006,1.9042,1.9098,1.8999,1.9052,59914
09/01/2006,1.9047,1.9073,1.896,1.9057,63952
09/05/2006,1.907,1.9084,1.8916,1.8949,57011
09/06/2006,1.894,1.8963,1.8791,1.8851,72036
09/07/2006,1.8855,1.8872,1.8708,1.8756,77281
09/08/2006,1.876,1.8763,1.8629,1.8656,66477
09/11/2006,1.8651,1.8708,1.8604,1.8653,48236
09/12/2006,1.8645,1.8774,1.8645,1.8742,72501
09/13/2006,1.874,1.878,1.8711,1.8765,41642
09/14/2006,1.8772,1.8919,1.876,1.8866,18738
09/15/2006,1.8889,1.8903,1.8774,1.8804,62891
09/18/2006,1.8795,1.8861,1.8756,1.8826,33667
09/19/2006,1.8824,1.892,1.8794,1.8834,55388
09/20/2006,1.883,1.8951,1.8822,1.8906,45160
09/21/2006,1.889,1.905,1.888,1.9036,67075
09/22/2006,1.9036,1.908,1.9011,1.902,37019
09/25/2006,1.9029,1.909,1.8998,1.9035,29209
09/26/2006,1.9019,1.9044,1.8942,1.8983,55762
09/27/2006,1.8962,1.8975,1.8868,1.8907,67969
09/28/2006,1.8906,1.893,1.8739,1.878,78856
09/29/2006,1.8775,1.8795,1.8648,1.873,82374
10/02/2006,1.8755,1.8894,1.8693,1.8888,79295
10/03/2006,1.8882,1.8913,1.8872,1.8888,40620
10/04/2006,1.8884,1.8898,1.8799,1.8873,59203
10/05/2006,1.888,1.8884,1.8763,1.8802,72422
10/06/2006,1.8805,1.8898,1.8687,1.8728,81447
10/09/2006,1.8708,1.8727,1.8648,1.8728,27714
10/10/2006,1.8686,1.8717,1.853,1.8555,53379
10/11/2006,1.8555,1.8603,1.8529,1.8545,50441
10/12/2006,1.8552,1.8627,1.8548,1.8589,51493
10/13/2006,1.86,1.8655,1.8545,1.8581,64530
10/16/2006,1.8561,1.866,1.8536,1.8613,48880
10/17/2006,1.8632,1.8749,1.8613,1.8714,78780
10/18/2006,1.8725,1.8751,1.8675,1.8686,62939
10/19/2006,1.8689,1.8811,1.8675,1.8791,86984
10/20/2006,1.8785,1.887,1.8767,1.8853,51783
10/23/2006,1.884,1.8844,1.8695,1.8747,61070
10/24/2006,1.8739,1.8779,1.8683,1.8752,51289
10/25/2006,1.8733,1.881,1.8732,1.8796,52848
10/26/2006,1.8785,1.8935,1.8785,1.8914,52309
10/27/2006,1.8907,1.9013,1.888,1.8971,64505
10/30/2006,1.8967,1.9051,1.8961,1.9025,48208
10/31/2006,1.8997,1.9108,1.8966,1.9082,74874
11/01/2006,1.9086,1.9145,1.9063,1.9125,58894
11/02/2006,1.9085,1.9115,1.9041,1.9096,49078
11/03/2006,1.909,1.9123,1.8981,1.9018,72781
11/06/2006,1.9021,1.9033,1.8951,1.8972,36883
11/07/2006,1.8996,1.913,1.8985,1.9058,65711
11/08/2006,1.9073,1.9103,1.9013,1.9063,56553
11/09/2006,1.9051,1.909,1.898,1.9059,86817
11/10/2006,1.9061,1.9185,1.9061,1.9117,59251
11/13/2006,1.9124,1.9159,1.9002,1.9015,61086
11/14/2006,1.902,1.9055,1.8928,1.8975,98908
11/15/2006,1.8959,1.8974,1.8841,1.8895,75343
11/16/2006,1.8898,1.8941,1.8856,1.8885,70482
11/17/2006,1.8892,1.8972,1.884,1.8939,67619
11/20/2006,1.8954,1.8992,1.8936,1.897,40056
11/21/2006,1.8978,1.9008,1.8966,1.9002,42825
11/22/2006,1.9004,1.9173,1.8989,1.9141,79488
11/24/2006,1.9151,1.9354,1.9132,1.9325,82763
11/27/2006,1.9387,1.9415,1.9309,1.9374,58186
11/28/2006,1.9375,1.9537,1.9372,1.9514,93901
11/29/2006,1.9516,1.9548,1.9437,1.9467,95427
11/30/2006,1.946,1.9702,1.9451,1.9662,115055
12/01/2006,1.9658,1.9852,1.9637,1.9806,123161
12/04/2006,1.9834,1.9843,1.9727,1.98,68840
12/05/2006,1.9809,1.9816,1.9681,1.9745,106281
12/06/2006,1.973,1.9741,1.9618,1.9659,87295
12/07/2006,1.9652,1.9712,1.9612,1.9623,91425
12/08/2006,1.963,1.9731,1.9512,1.9523,152058
12/11/2006,1.9527,1.9596,1.9467,1.9585,87897
12/12/2006,1.959,1.9716,1.9578,1.9696,78802
12/13/2006,1.9707,1.9736,1.9607,1.966,54882
12/14/2006,1.9664,1.9714,1.958,1.9612,37565
12/15/2006,1.9615,1.9675,1.9506,1.9509,104235
12/18/2006,1.9534,1.9587,1.944,1.9498,68845
12/19/2006,1.9486,1.9709,1.948,1.9687,92755
12/20/2006,1.97,1.9756,1.9624,1.9652,83873
12/21/2006,1.9655,1.9709,1.9564,1.9626,73376
12/22/2006,1.9624,1.969,1.9564,1.957,62359
12/26/2006,1.9559,1.9604,1.9521,1.9545,13492
12/27/2006,1.9541,1.9642,1.9532,1.9569,55388
12/28/2006,1.958,1.9685,1.9561,1.9633,68398
12/29/2006,1.9633,1.9678,1.9561,1.9572,41932
01/02/2007,1.968,1.975,1.9676,1.9742,50764
01/03/2007,1.9737,1.9756,1.9485,1.9511,101664
01/04/2007,1.9516,1.9537,1.9403,1.9448,86170
01/05/2007,1.9446,1.945,1.9267,1.9308,101240
01/08/2007,1.9308,1.9408,1.9265,1.9382,60825
01/09/2007,1.9396,1.9459,1.9387,1.9402,53293
01/10/2007,1.9397,1.9427,1.9321,1.9336,67486
01/11/2007,1.9332,1.9537,1.9323,1.9446,131845
01/12/2007,1.9445,1.9608,1.9426,1.9568,87052
01/16/2007,1.9591,1.972,1.9569,1.9622,83207
01/17/2007,1.9608,1.9722,1.96,1.9687,62588
01/18/2007,1.97,1.9783,1.9632,1.9729,80339
01/19/2007,1.9741,1.977,1.9692,1.9734,57091
01/22/2007,1.9731,1.9785,1.9714,1.9758,52614
01/23/2007,1.9754,1.9914,1.9753,1.9821,57107
01/24/2007,1.981,1.983,1.9643,1.9671,82776
01/25/2007,1.968,1.9733,1.9622,1.9638,70322
01/26/2007,1.9637,1.9678,1.9544,1.9585,66758
01/29/2007,1.9604,1.9614,1.9546,1.9592,42684
01/30/2007,1.9605,1.9695,1.96,1.9614,55442
01/31/2007,1.9623,1.967,1.948,1.9638,114102
02/01/2007,1.9643,1.9738,1.962,1.9676,84416
02/02/2007,1.9669,1.9749,1.9634,1.9669,79975
02/05/2007,1.9653,1.9667,1.9533,1.9595,62162
02/06/2007,1.9595,1.9719,1.9588,1.9702,53998
02/07/2007,1.9709,1.9733,1.9672,1.969,54883
02/08/2007,1.9696,1.9727,1.9541,1.9578,120616
02/09/2007,1.9588,1.9603,1.9456,1.9502,60744
02/12/2007,1.9513,1.9567,1.9436,1.9469,38782
02/13/2007,1.9462,1.9525,1.9385,1.9456,61646
02/14/2007,1.9466,1.9641,1.9454,1.9619,89691
02/15/2007,1.9632,1.9678,1.9507,1.9546,79252
02/16/2007,1.9517,1.9542,1.9463,1.9503,50601
02/20/2007,1.9541,1.9577,1.9428,1.9548,81168
02/21/2007,1.9549,1.9591,1.9486,1.9545,68049
02/22/2007,1.9539,1.9602,1.9461,1.9562,65914
02/23/2007,1.9564,1.9653,1.9536,1.9637,78391
02/26/2007,1.9642,1.9669,1.9609,1.9641,43638
02/27/2007,1.9631,1.9674,1.9592,1.9632,78332
02/28/2007,1.9637,1.9646,1.9516,1.9637,106439
03/01/2007,1.9634,1.9652,1.9554,1.9604,124171
03/02/2007,1.9584,1.9589,1.9412,1.9434,117607
03/05/2007,1.9444,1.9449,1.9184,1.9223,118419
03/06/2007,1.9197,1.9323,1.9183,1.9293,73193
03/07/2007,1.9334,1.936,1.9261,1.9337,55656
03/08/2007,1.9307,1.9354,1.9273,1.9296,67380
03/09/2007,1.9289,1.9341,1.926,1.9316,63679
03/12/2007,1.9331,1.9433,1.9252,1.9318,96839
03/13/2007,1.933,1.9354,1.9271,1.9304,64902
03/14/2007,1.9283,1.9376,1.9203,1.9353,60316
03/15/2007,1.9342,1.9392,1.9309,1.9364,29230
03/16/2007,1.9362,1.95,1.9353,1.9414,64102
03/19/2007,1.9414,1.9469,1.9382,1.9437,50123
03/20/2007,1.9436,1.9618,1.9424,1.9601,89142
03/21/2007,1.9614,1.9688,1.9548,1.968,64896
03/22/2007,1.9687,1.9722,1.9605,1.9643,80243
03/23/2007,1.9636,1.9684,1.958,1.9607,77249
03/26/2007,1.9602,1.9717,1.9567,1.9692,73586
03/27/2007,1.9686,1.9698,1.9613,1.9649,69869
03/28/2007,1.9645,1.9679,1.9592,1.9612,92187
03/29/2007,1.9609,1.9652,1.9609,1.9612,53563
03/30/2007,1.9621,1.9713,1.9538,1.9669,118009
04/02/2007,1.9684,1.9795,1.9656,1.9774,73117
04/03/2007,1.9768,1.9815,1.9722,1.9738,52808
04/04/2007,1.9738,1.9768,1.9709,1.9745,40363
04/05/2007,1.9751,1.9763,1.9662,1.9699,78337
04/06/2007,1.9705,1.9718,1.9631,1.9644,10081
04/09/2007,1.9648,1.9654,1.9587,1.9605,25158
04/10/2007,1.9618,1.9748,1.9609,1.9712,60382
04/11/2007,1.9715,1.9814,1.9705,1.9746,51011
04/12/2007,1.9746,1.9809,1.972,1.9778,42979
04/13/2007,1.9786,1.9883,1.9776,1.9869,74254
04/16/2007,1.985,1.9937,1.985,1.9896,50709
04/17/2007,1.9893,2.007,1.9876,2.0058,102524
04/18/2007,2.007,2.0128,2.0008,2.0052,65970
04/19/2007,2.0087,2.0089,1.9981,2.0013,59011
04/20/2007,2.002,2.0064,1.9984,2.0029,45159
04/23/2007,2.0015,2.0057,1.9962,2.0006,48011
04/24/2007,2,2.0042,1.9948,1.9994,68113
04/25/2007,2.0013,2.0058,2,2.0015,56609
04/26/2007,2.0013,2.0055,1.9887,1.9907,81855
04/27/2007,1.9893,2.004,1.9859,1.9964,101427
04/30/2007,1.9974,2.0027,1.9885,1.9986,81929
05/01/2007,1.999,2.007,1.9955,1.9993,90266
05/02/2007,1.9984,1.9989,1.9863,1.9888,72531
05/03/2007,1.9884,1.9942,1.9849,1.9871,61744
05/04/2007,1.9862,1.9938,1.9836,1.9922,65894
05/07/2007,1.9936,1.997,1.992,1.9925,43895
05/08/2007,1.9925,1.9959,1.9873,1.9885,74481
05/09/2007,1.9885,1.9994,1.9876,1.993,79075
05/10/2007,1.9931,1.9959,1.9763,1.9781,122522
05/11/2007,1.9778,1.9841,1.9757,1.9819,72097
05/14/2007,1.9819,1.9842,1.9777,1.9779,34431
05/15/2007,1.9789,1.9868,1.9743,1.9851,84995
05/16/2007,1.9851,1.9872,1.9753,1.9777,83066
05/17/2007,1.9765,1.9788,1.9729,1.9739,42506
05/18/2007,1.9746,1.9776,1.9696,1.9744,65055
05/21/2007,1.9745,1.9752,1.9673,1.97,59332
05/22/2007,1.97,1.9767,1.9699,1.9748,60390
05/23/2007,1.9748,1.9892,1.9712,1.9858,101427
05/24/2007,1.9862,1.9887,1.9827,1.9857,73302
05/25/2007,1.9841,1.9878,1.9828,1.9843,56497
05/29/2007,1.9836,1.9897,1.9789,1.9798,96740
05/30/2007,1.9812,1.9828,1.9731,1.9755,71724
05/31/2007,1.9755,1.9818,1.9736,1.9794,90361
06/01/2007,1.9802,1.9825,1.976,1.9819,89461
06/04/2007,1.9817,1.9927,1.9812,1.9901,86266
06/05/2007,1.9911,1.9967,1.9909,1.992,79630
06/06/2007,1.9924,1.9956,1.9906,1.9924,82063
06/07/2007,1.9921,1.9942,1.9745,1.9771,136775
06/08/2007,1.9772,1.9792,1.9623,1.9666,146537
06/11/2007,1.9696,1.9705,1.9649,1.9691,70465
06/12/2007,1.969,1.9783,1.9689,1.9763,60632
06/13/2007,1.9744,1.9763,1.9671,1.9735,63393
06/14/2007,1.9725,1.9735,1.9657,1.9694,42909
06/15/2007,1.9673,1.9761,1.9669,1.9732,84153
06/18/2007,1.9738,1.9824,1.9733,1.9815,72579
06/19/2007,1.9816,1.9872,1.9806,1.9869,79936
06/20/2007,1.9865,1.9928,1.9852,1.9926,74763
06/21/2007,1.9908,1.992,1.9865,1.9898,56941
06/22/2007,1.9896,1.9975,1.9891,1.9971,60218
06/25/2007,1.997,1.9985,1.9935,1.9965,46936
06/26/2007,1.9953,1.9995,1.9936,1.9968,57509
06/27/2007,1.996,1.9977,1.9906,1.9957,55667
06/28/2007,1.9965,2.0022,1.9951,1.999,60286
06/29/2007,2.0006,2.0068,1.9985,2.0055,81952
07/02/2007,2.0056,2.0163,2.0049,2.0144,100949
07/03/2007,2.0156,2.0174,2.0111,2.0157,62032
07/05/2007,2.0152,2.0185,2.0068,2.0101,103784
07/06/2007,2.0091,2.012,2.0036,2.0084,85512
07/09/2007,2.0089,2.0151,2.0075,2.0129,64543
07/10/2007,2.013,2.026,2.0101,2.0247,94323
07/11/2007,2.0255,2.0343,2.0225,2.0317,118117
07/12/2007,2.0299,2.0346,2.0252,2.0285,79017
07/13/2007,2.0276,2.0348,2.0242,2.0319,74617
07/16/2007,2.032,2.0385,2.0308,2.0353,57561
07/17/2007,2.0342,2.0457,2.0332,2.0442,92875
07/18/2007,2.0444,2.0538,2.0438,2.0516,107031
07/19/2007,2.051,2.0525,2.0453,2.047,99917
07/20/2007,2.0472,2.0571,2.0464,2.053,81352
07/23/2007,2.054,2.0588,2.053,2.0565,53908
07/24/2007,2.0577,2.0636,2.0571,2.0623,74258
07/25/2007,2.06,2.0608,2.047,2.0498,92883
07/26/2007,2.0521,2.0547,2.0411,2.0478,110236
07/27/2007,2.0445,2.048,2.0202,2.0255,133759
07/30/2007,2.023,2.0276,2.017,2.0213,75556
07/31/2007,2.0227,2.0364,2.0227,2.0333,96018
08/01/2007,2.0285,2.0336,2.0191,2.0267,110909
08/02/2007,2.031,2.0367,2.0268,2.0343,65941
08/03/2007,2.0353,2.0449,2.0326,2.0434,82856
08/06/2007,2.0391,2.045,2.0268,2.0288,90813
08/07/2007,2.0302,2.0326,2.0176,2.0227,85878
08/08/2007,2.021,2.0388,2.014,2.0351,97180
08/09/2007,2.0352,2.0385,2.02,2.0227,129325
08/10/2007,2.0222,2.026,2.0144,2.0221,105776
08/13/2007,2.0218,2.0248,2.0073,2.0125,70600
08/14/2007,2.0102,2.0122,1.9953,1.9962,96547
08/15/2007,1.9968,1.9968,1.9843,1.9927,121007
08/16/2007,1.9852,1.9877,1.9754,1.9775,128427
08/17/2007,1.9825,1.9923,1.9638,1.9786,100440
08/20/2007,1.9809,1.9887,1.9757,1.9868,50861
08/21/2007,1.9877,1.9894,1.9732,1.981,52765
08/22/2007,1.9799,1.992,1.979,1.9904,56063
08/23/2007,1.992,2.0085,1.991,2.0021,74538
08/24/2007,2.004,2.0142,1.9969,2.0127,69426
08/27/2007,2.0131,2.0185,2.011,2.0124,42532
08/28/2007,2.0097,2.0135,1.9995,2.0066,66725
08/29/2007,1.9992,2.018,1.9954,2.0156,75187
08/30/2007,2.0167,2.0179,2.0038,2.0132,66992
08/31/2007,2.0121,2.023,2.0104,2.0161,74420
09/04/2007,2.0175,2.0209,2.0071,2.0141,76669
09/05/2007,2.014,2.0225,2.0039,2.0203,90663
09/06/2007,2.0198,2.0264,2.0139,2.0229,84272
09/07/2007,2.0234,2.0324,2.0158,2.0276,98929
09/10/2007,2.028,2.0331,2.025,2.0273,50444
09/11/2007,2.0273,2.0335,2.0232,2.0315,67055
09/12/2007,2.0327,2.0365,2.0286,2.0304,78323
09/13/2007,2.0291,2.0347,2.0233,2.0318,44565
09/14/2007,2.02,2.0212,2.0008,2.0049,107673
09/17/2007,2.0025,2.0044,1.9867,1.9891,77580
09/18/2007,1.9887,2.0103,1.9831,2.008,87367
09/19/2007,2.0073,2.0118,1.9902,1.9977,82169
09/20/2007,1.9957,2.0102,1.9927,2.0054,73899
09/21/2007,2.005,2.0169,2.0024,2.0156,47203
09/24/2007,2.0162,2.0277,2.0152,2.017,38129
09/25/2007,2.0172,2.0174,2.0041,2.0136,68998
09/26/2007,2.0145,2.0178,2.0066,2.0115,52864
09/27/2007,2.0113,2.025,2.0098,2.0231,63027
09/28/2007,2.0233,2.0454,2.0158,2.0419,87987
10/01/2007,2.0443,2.046,2.0343,2.0408,70019
10/02/2007,2.0396,2.0423,2.0337,2.0377,53084
10/03/2007,2.0375,2.0413,2.0276,2.0288,53169
10/04/2007,2.0289,2.0397,2.0247,2.0346,68438
10/05/2007,2.0357,2.0412,2.0269,2.0391,79461
10/08/2007,2.0379,2.0397,2.0299,2.0391,35083
10/09/2007,2.0336,2.0354,2.0224,2.0318,63784
10/10/2007,2.0343,2.0467,2.0333,2.0384,66620
10/11/2007,2.0397,2.0397,2.0275,2.0303,89284
10/12/2007,2.03,2.0332,2.0214,2.0308,86476
10/15/2007,2.0316,2.0405,2.0285,2.039,59891
10/16/2007,2.0399,2.0405,2.0262,2.028,100701
10/17/2007,2.0297,2.0387,2.0255,2.0322,77413
10/18/2007,2.0375,2.0482,2.0353,2.0416,74215
10/19/2007,2.0399,2.0493,2.0375,2.0465,86373
10/22/2007,2.0499,2.0527,2.0223,2.0254,115170
10/23/2007,2.028,2.0487,2.0272,2.047,94822
10/24/2007,2.0483,2.0485,2.0393,2.0455,60742
10/25/2007,2.0462,2.052,2.042,2.0479,59936
10/26/2007,2.0485,2.054,2.0447,2.0488,53291
10/29/2007,2.051,2.0611,2.0497,2.0586,55889
10/30/2007,2.0596,2.0673,2.0536,2.0649,70310
10/31/2007,2.0646,2.0796,2.064,2.0785,77187
11/01/2007,2.0776,2.0847,2.0726,2.0812,105194
11/02/2007,2.0752,2.0876,2.0736,2.0862,90306
11/05/2007,2.0859,2.0869,2.0756,2.0778,64898
11/06/2007,2.0778,2.0881,2.0776,2.0845,67155
11/07/2007,2.0854,2.1046,2.0838,2.1023,130029
11/08/2007,2.0979,2.1093,2.0955,2.1064,94788
11/09/2007,2.1038,2.1138,2.0854,2.0878,117148
11/12/2007,2.0839,2.085,2.05,2.0569,100978
11/13/2007,2.0513,2.0739,2.0507,2.0664,69942
11/14/2007,2.0716,2.0823,2.0485,2.054,114336
11/15/2007,2.0485,2.0598,2.04,2.0414,90219
11/16/2007,2.0414,2.0533,2.0334,2.0495,65598
11/19/2007,2.0511,2.0546,2.043,2.0478,53677
11/20/2007,2.0479,2.0667,2.0437,2.0649,69890
11/21/2007,2.0649,2.068,2.0509,2.0611,54846
11/23/2007,2.062,2.075,2.0503,2.0585,64980
11/26/2007,2.0588,2.0725,2.0581,2.0704,54403
11/27/2007,2.0685,2.0744,2.0629,2.0681,64668
11/28/2007,2.0661,2.0822,2.0571,2.08,102552
11/29/2007,2.0796,2.0796,2.0585,2.0604,77890
11/30/2007,2.0609,2.0691,2.0523,2.0558,77063
12/03/2007,2.0533,2.0672,2.0516,2.066,60667
12/04/2007,2.063,2.0668,2.0551,2.0566,54054
12/05/2007,2.0587,2.0588,2.023,2.025,104450
12/06/2007,2.028,2.0308,2.0167,2.0285,83424
12/07/2007,2.0271,2.0343,2.0218,2.031,58802
12/10/2007,2.0307,2.0484,2.0286,2.0459,57560
12/11/2007,2.0465,2.0518,2.0326,2.0354,60359
12/12/2007,2.0354,2.0607,2.034,2.0467,56434
12/13/2007,2.045,2.0481,2.0339,2.0387,29982
12/14/2007,2.035,2.0387,2.0088,2.0093,63356
12/17/2007,2.0095,2.0171,2.0042,2.0159,46767
12/18/2007,2.0151,2.0168,2.0057,2.0078,43641
12/19/2007,2.0086,2.0144,1.9879,1.9918,58650
12/20/2007,1.9906,1.9939,1.9763,1.9769,47929
12/21/2007,1.9796,1.9851,1.9765,1.9793,42247
12/24/2007,1.9793,1.9811,1.9712,1.9726,8833
12/26/2007,1.9777,1.9811,1.976,1.9798,11473
12/27/2007,1.9803,1.9927,1.9784,1.9918,43626
12/28/2007,1.9908,1.9982,1.9862,1.9885,35956
12/31/2007,1.9911,2.0061,1.9774,1.9785,29578
01/02/2008,1.981,1.9825,1.973,1.9763,47489
01/03/2008,1.9777,1.98,1.9665,1.9694,62864
01/04/2008,1.9684,1.9812,1.9634,1.9686,74797
01/07/2008,1.9691,1.9717,1.9611,1.9655,44803
01/08/2008,1.9642,1.9804,1.9624,1.967,50896
01/09/2008,1.9685,1.9722,1.9511,1.9528,63254
01/10/2008,1.954,1.9625,1.9501,1.9561,103166
01/11/2008,1.9575,1.9587,1.9435,1.9523,57354
01/14/2008,1.953,1.9598,1.9504,1.9515,52714
01/15/2008,1.9478,1.9694,1.9473,1.9596,93008
01/16/2008,1.9537,1.9674,1.9482,1.9594,104843
01/17/2008,1.9577,1.9748,1.956,1.9663,87125
01/18/2008,1.9666,1.9683,1.946,1.9503,83221
01/22/2008,1.9519,1.9616,1.928,1.9565,131382
01/23/2008,1.9572,1.9583,1.9401,1.9463,80047
01/24/2008,1.9498,1.9722,1.9441,1.9691,79895
01/25/2008,1.9698,1.9795,1.9682,1.9757,57382
01/28/2008,1.9784,1.9844,1.967,1.9781,47363
01/29/2008,1.9792,1.9873,1.9755,1.9842,49886
01/30/2008,1.9836,1.9904,1.9785,1.9886,55693
01/31/2008,1.9823,1.9892,1.977,1.9848,61510
02/01/2008,1.9834,1.9889,1.9597,1.9627,121596
02/04/2008,1.9602,1.9741,1.9575,1.9691,70104
02/05/2008,1.9686,1.9717,1.9556,1.959,63131
02/06/2008,1.9585,1.9614,1.9505,1.9554,43985
02/07/2008,1.9579,1.9581,1.9343,1.9363,94667
02/08/2008,1.9378,1.947,1.936,1.9411,42923
02/11/2008,1.9414,1.9487,1.9355,1.9458,50041
02/12/2008,1.9462,1.9594,1.9401,1.958,66652
02/13/2008,1.9555,1.9626,1.951,1.9609,57859
02/14/2008,1.9596,1.9705,1.9579,1.9655,54720
02/15/2008,1.9665,1.9688,1.9545,1.9551,61872
02/19/2008,1.9551,1.9606,1.9421,1.9456,87414
02/20/2008,1.9452,1.9472,1.9331,1.9402,77673
02/21/2008,1.9385,1.9618,1.9385,1.9588,97829
02/22/2008,1.9598,1.9683,1.9584,1.966,53793
02/25/2008,1.9659,1.9677,1.959,1.9645,51966
02/26/2008,1.9651,1.9856,1.961,1.9839,77111
02/27/2008,1.985,1.9949,1.9768,1.9819,81698
02/28/2008,1.9795,1.993,1.9743,1.9907,67271
02/29/2008,1.9877,1.9904,1.9767,1.9863,71177
03/03/2008,1.9875,1.9922,1.9793,1.9831,69356
03/04/2008,1.9817,1.9877,1.9792,1.9842,55112
03/05/2008,1.9836,1.9956,1.9706,1.9903,108008
03/06/2008,1.9905,2.0125,1.9884,2.0078,83374
03/07/2008,2.01,2.0209,2.0088,2.0137,82571
03/10/2008,2.016,2.0225,2.0079,2.0085,72441
03/11/2008,2.0056,2.0203,1.9987,2.0021,95458
03/12/2008,2.0063,2.0274,2.005,2.0233,87454
03/13/2008,2.027,2.0387,2.0247,2.0288,55309
03/14/2008,2.0177,2.0243,2.0014,2.0059,110233
03/17/2008,2.0038,2.0072,1.9742,1.9863,83963
03/18/2008,1.9832,2.0117,1.9804,2.003,112267
03/19/2008,1.9913,2.0005,1.9661,1.9707,111219
03/20/2008,1.9682,1.974,1.958,1.9691,65750
03/24/2008,1.9691,1.9739,1.9619,1.9706,28849
03/25/2008,1.9742,1.9932,1.9711,1.9865,76318
03/26/2008,1.9917,1.9977,1.9794,1.9929,83196
03/27/2008,1.9947,2.0069,1.9898,1.9908,89180
03/28/2008,1.9941,1.9968,1.9757,1.979,86935
03/31/2008,1.9839,1.9855,1.9693,1.9712,70102
04/01/2008,1.9706,1.9757,1.961,1.9646,82342
04/02/2008,1.9646,1.9788,1.9636,1.9769,64702
04/03/2008,1.9762,1.9869,1.9651,1.9843,92242
04/04/2008,1.9856,1.9966,1.9806,1.9811,75373
04/07/2008,1.9802,1.9855,1.9732,1.9757,48169
04/08/2008,1.9779,1.9824,1.9563,1.9591,86419
04/09/2008,1.9575,1.9694,1.955,1.9651,64759
04/10/2008,1.9663,1.9755,1.9609,1.9624,94290
04/11/2008,1.9612,1.9674,1.9588,1.9626,60123
04/14/2008,1.9567,1.9803,1.9525,1.9651,83901
04/15/2008,1.9678,1.9678,1.9507,1.9525,88661
04/16/2008,1.9538,1.972,1.9511,1.9623,93425
04/17/2008,1.9642,1.985,1.9611,1.9837,128139
04/18/2008,1.9825,1.9924,1.9803,1.9859,84476
04/21/2008,1.9885,1.9955,1.9699,1.9723,78821
04/22/2008,1.9721,1.9936,1.9671,1.9876,100969
04/23/2008,1.9887,1.9902,1.9696,1.973,104603
04/24/2008,1.9717,1.9748,1.9614,1.9685,87850
04/25/2008,1.9658,1.9823,1.9608,1.9749,95102
04/28/2008,1.977,1.9898,1.9715,1.9829,68120
04/29/2008,1.9846,1.985,1.9601,1.9613,114035
04/30/2008,1.9628,1.9833,1.9559,1.9829,116563
05/01/2008,1.982,1.9853,1.9654,1.9678,105015
05/02/2008,1.9701,1.9843,1.9646,1.9683,117496
05/05/2008,1.9673,1.9775,1.9595,1.9659,54922
05/06/2008,1.9665,1.9717,1.9577,1.9672,70966
05/07/2008,1.967,1.9677,1.9446,1.9472,93148
05/08/2008,1.9487,1.9575,1.9447,1.9478,83521
05/09/2008,1.9491,1.9519,1.9406,1.9467,72985
05/12/2008,1.947,1.9584,1.939,1.9514,57359
05/13/2008,1.9518,1.9568,1.9365,1.9406,85032
05/14/2008,1.9402,1.9428,1.9313,1.9391,63307
05/15/2008,1.9419,1.9456,1.9359,1.9405,61352
05/16/2008,1.9435,1.9555,1.9397,1.9514,82858
05/19/2008,1.952,1.9582,1.941,1.9437,64235
05/20/2008,1.9442,1.9677,1.9439,1.9633,97862
05/21/2008,1.9631,1.9695,1.9571,1.9649,75756
05/22/2008,1.9688,1.9818,1.9649,1.9749,79822
05/23/2008,1.9761,1.982,1.9722,1.9778,48746
05/27/2008,1.9779,1.9815,1.9685,1.9731,62751
05/28/2008,1.9729,1.98,1.9676,1.9773,64175
05/29/2008,1.9782,1.9797,1.9649,1.9728,70621
05/30/2008,1.974,1.9805,1.9661,1.9788,75489
06/02/2008,1.9734,1.9757,1.9574,1.9635,103779
06/03/2008,1.9642,1.9723,1.9587,1.9632,105246
06/04/2008,1.9601,1.9618,1.9509,1.9533,73703
06/05/2008,1.953,1.9584,1.9447,1.9581,96652
06/06/2008,1.957,1.9725,1.9486,1.97,101046
06/09/2008,1.969,1.9792,1.9659,1.9739,112694
06/10/2008,1.9731,1.9744,1.9509,1.952,106572
06/11/2008,1.9527,1.9662,1.9482,1.9624,93534
06/12/2008,1.9632,1.964,1.9423,1.9471,59421
06/13/2008,1.9321,1.938,1.9276,1.9333,82749
06/16/2008,1.9342,1.9557,1.933,1.9503,83609
06/17/2008,1.95,1.9569,1.9339,1.9437,110490
06/18/2008,1.9437,1.948,1.9349,1.9465,57479
06/19/2008,1.9466,1.9615,1.9453,1.9606,104118
06/20/2008,1.9595,1.9662,1.9571,1.9639,59379
06/23/2008,1.9631,1.9632,1.9458,1.9525,80841
06/24/2008,1.9527,1.9603,1.95,1.9573,57408
06/25/2008,1.959,1.9648,1.953,1.9605,80335
06/26/2008,1.963,1.9782,1.9595,1.976,95020
06/27/2008,1.9773,1.9836,1.9687,1.9814,76956
06/30/2008,1.9848,1.9866,1.9763,1.9819,67491
07/01/2008,1.9817,1.9894,1.9775,1.983,76169
07/02/2008,1.984,1.9867,1.9738,1.9832,70120
07/03/2008,1.9832,1.9833,1.9693,1.9713,88289
07/04/2008,1.9729,1.9746,1.9681,1.9713,18419
07/07/2008,1.9737,1.9737,1.9546,1.9671,94126
07/08/2008,1.9656,1.9698,1.9565,1.9586,63556
07/09/2008,1.9598,1.9734,1.9574,1.9716,72276
07/10/2008,1.9725,1.9745,1.9618,1.9676,75567
07/11/2008,1.9684,1.9868,1.966,1.9764,98921
07/14/2008,1.981,1.9871,1.9721,1.9852,68624
07/15/2008,1.9855,2.0074,1.9843,1.9926,106840
07/16/2008,1.996,2.0006,1.9865,1.9899,69428
07/17/2008,1.9894,1.9986,1.9862,1.9903,74336
07/18/2008,1.9905,1.9913,1.9821,1.9896,71649
07/21/2008,1.99,1.9955,1.9823,1.9904,44317
07/22/2008,1.9952,1.9996,1.9815,1.9838,79193
07/23/2008,1.984,1.996,1.9824,1.9891,88595
07/24/2008,1.9903,1.992,1.9741,1.9766,111030
07/25/2008,1.9791,1.9906,1.9757,1.982,90118
07/28/2008,1.9827,1.9894,1.9769,1.9877,71124
07/29/2008,1.9875,1.99,1.9692,1.9718,105864
07/30/2008,1.9729,1.9776,1.9676,1.9743,92686
07/31/2008,1.9746,1.9865,1.9717,1.9763,119344
08/01/2008,1.9774,1.9779,1.9662,1.9672,76489
08/04/2008,1.9698,1.9699,1.9538,1.957,89923
08/05/2008,1.9556,1.9569,1.9461,1.9501,74432
08/06/2008,1.9474,1.9539,1.9407,1.9419,73302
08/07/2008,1.9421,1.9486,1.9366,1.9383,88230
08/08/2008,1.9388,1.9388,1.9095,1.9146,119828
08/11/2008,1.9155,1.9206,1.9017,1.9072,76877
08/12/2008,1.9051,1.9075,1.8905,1.8946,89253
08/13/2008,1.8915,1.899,1.8595,1.8681,156785
08/14/2008,1.8658,1.8746,1.858,1.8635,92689
08/15/2008,1.8648,1.8648,1.8471,1.8586,85212
08/18/2008,1.8613,1.8684,1.8578,1.8602,59563
08/19/2008,1.8604,1.8644,1.8501,1.8622,78093
08/20/2008,1.8636,1.8649,1.8505,1.8579,70049
08/21/2008,1.8577,1.8756,1.8575,1.8721,89014
08/22/2008,1.8749,1.8751,1.8476,1.8489,93014
08/25/2008,1.8485,1.8564,1.8376,1.8495,58806
08/26/2008,1.8501,1.8506,1.8303,1.8361,78556
08/27/2008,1.8358,1.8464,1.8259,1.8301,69263
08/28/2008,1.8323,1.8383,1.822,1.8266,75233
08/29/2008,1.8261,1.8326,1.8152,1.8156,64567
09/02/2008,1.8169,1.817,1.7765,1.7806,138239
09/03/2008,1.7818,1.7826,1.765,1.774,97563
09/04/2008,1.7743,1.7847,1.7613,1.7673,120748
09/05/2008,1.759,1.7734,1.7524,1.7618,109399
09/08/2008,1.7731,1.7968,1.7462,1.7537,139570
09/09/2008,1.757,1.7701,1.7499,1.7624,121405
09/10/2008,1.759,1.7676,1.7515,1.7555,85837
09/11/2008,1.75,1.7589,1.7442,1.7523,89275
09/12/2008,1.7469,1.784,1.7425,1.7816,118521
09/15/2008,1.7861,1.8,1.7645,1.7785,108354
09/16/2008,1.787,1.7884,1.7615,1.7748,60129
09/17/2008,1.7708,1.817,1.7677,1.8155,76486
09/18/2008,1.8053,1.8218,1.8017,1.8139,72026
09/19/2008,1.8107,1.8295,1.7826,1.8272,67074
09/22/2008,1.8239,1.856,1.8173,1.8506,65738
09/23/2008,1.8507,1.8568,1.8404,1.8534,60924
09/24/2008,1.8476,1.8547,1.8409,1.8467,44632
09/25/2008,1.8421,1.8624,1.8266,1.8342,69933
09/26/2008,1.8335,1.8432,1.8292,1.8381,60721
09/29/2008,1.8381,1.8381,1.7922,1.8132,84156
09/30/2008,1.8035,1.8145,1.78,1.784,88360
10/01/2008,1.7879,1.7921,1.7647,1.7763,71432
10/02/2008,1.7741,1.7742,1.7533,1.7633,56234
10/03/2008,1.7618,1.7802,1.7522,1.7741,80745
10/06/2008,1.7702,1.7702,1.7303,1.7375,76766
10/07/2008,1.7449,1.766,1.7317,1.7506,66033
10/08/2008,1.7496,1.7895,1.7269,1.7304,81368
10/09/2008,1.7291,1.7399,1.7061,1.7199,61720
10/10/2008,1.711,1.7182,1.6785,1.6973,58932
10/13/2008,1.7128,1.7433,1.6933,1.7262,43592
10/14/2008,1.7371,1.759,1.7359,1.7405,63410
10/15/2008,1.737,1.757,1.7235,1.7289,53391
10/16/2008,1.714,1.7324,1.7108,1.7263,61745
10/17/2008,1.7296,1.735,1.7182,1.7287,44978
10/20/2008,1.7234,1.7472,1.7045,1.7082,53336
10/21/2008,1.7107,1.7147,1.653,1.6893,63722
10/22/2008,1.668,1.668,1.61,1.6305,79798
10/23/2008,1.6198,1.6318,1.6007,1.6088,75990
10/24/2008,1.6242,1.6245,1.5224,1.5844,88327
10/27/2008,1.5824,1.5854,1.5248,1.5611,61041
10/28/2008,1.5493,1.5937,1.537,1.5743,67151
10/29/2008,1.5898,1.645,1.5898,1.628,85517
10/30/2008,1.6343,1.6634,1.6169,1.6412,82269
10/31/2008,1.6338,1.6464,1.5967,1.6106,80069
11/03/2008,1.6032,1.6363,1.5738,1.5788,59011
11/04/2008,1.5703,1.6069,1.5564,1.5892,63410
11/05/2008,1.5916,1.6166,1.5713,1.5931,74535
11/06/2008,1.5855,1.6018,1.5542,1.5727,82966
11/07/2008,1.5595,1.5855,1.5511,1.5669,50474
11/10/2008,1.5751,1.586,1.5545,1.5593,42248
11/11/2008,1.5595,1.5675,1.534,1.5395,40668
11/12/2008,1.5346,1.5461,1.4875,1.4946,83198
11/13/2008,1.4847,1.4982,1.4551,1.4672,78262
11/14/2008,1.4819,1.4949,1.4648,1.4935,56260
11/17/2008,1.4658,1.5072,1.4636,1.5014,60269
11/18/2008,1.4945,1.508,1.4886,1.4902,57892
11/19/2008,1.4955,1.5244,1.4894,1.5018,73018
11/20/2008,1.4948,1.4993,1.4705,1.4811,70909
11/21/2008,1.4729,1.5059,1.4696,1.4775,65603
11/24/2008,1.491,1.5188,1.4841,1.5116,62943
11/25/2008,1.5178,1.553,1.498,1.5442,83764
11/26/2008,1.5443,1.5448,1.5174,1.5288,53647
11/28/2008,1.5345,1.5511,1.5259,1.5371,50757
12/01/2008,1.5371,1.5399,1.4806,1.4909,62377
12/02/2008,1.489,1.5068,1.4775,1.4878,62821
12/03/2008,1.49,1.4934,1.4663,1.4726,47387
12/04/2008,1.4781,1.4814,1.4468,1.4746,70352
12/05/2008,1.468,1.4775,1.4518,1.4705,49874
12/08/2008,1.4737,1.5046,1.4691,1.494,59012
12/09/2008,1.4893,1.4894,1.467,1.4755,73085
12/10/2008,1.4758,1.4886,1.4736,1.4774,53538
12/11/2008,1.4801,1.5086,1.4768,1.497,70059
12/12/2008,1.5012,1.51,1.4788,1.4948,66220
12/15/2008,1.494,1.5359,1.4893,1.5225,68658
12/16/2008,1.528,1.5624,1.5182,1.545,54701
12/17/2008,1.554,1.57,1.5217,1.5447,83125
12/18/2008,1.5499,1.5601,1.4856,1.505,79309
12/19/2008,1.5018,1.5173,1.4785,1.4841,57917
12/22/2008,1.4933,1.4968,1.466,1.4839,33398
12/23/2008,1.4802,1.488,1.4643,1.4716,22707
12/24/2008,1.47,1.478,1.4627,1.468,8193
12/26/2008,1.4697,1.4747,1.4555,1.465,5114
12/29/2008,1.4647,1.4766,1.4371,1.4537,29966
12/30/2008,1.437,1.4533,1.4367,1.4382,24706
12/31/2008,1.4403,1.469,1.4329,1.4557,23743
01/02/2009,1.4496,1.4538,1.4353,1.4452,19710
01/05/2009,1.4522,1.4722,1.4407,1.4707,45461
01/06/2009,1.4675,1.4982,1.4486,1.492,72634
01/07/2009,1.4888,1.5272,1.4786,1.5112,72651
01/08/2009,1.5088,1.5356,1.4969,1.5205,70826
01/09/2009,1.5203,1.533,1.5097,1.5109,53350
01/12/2009,1.5119,1.513,1.478,1.4822,56300
01/13/2009,1.479,1.4808,1.443,1.4477,66055
01/14/2009,1.4493,1.4688,1.4469,1.4567,57237
01/15/2009,1.4579,1.467,1.4453,1.4641,63885
01/16/2009,1.4636,1.4964,1.4628,1.4646,68501
01/20/2009,1.4809,1.4893,1.3844,1.3908,130223
01/21/2009,1.3859,1.4015,1.3612,1.3907,89858
01/22/2009,1.401,1.401,1.3678,1.3865,83501
01/23/2009,1.388,1.3883,1.3492,1.3753,70983
01/26/2009,1.381,1.3987,1.3536,1.393,75808
01/27/2009,1.4,1.4234,1.3917,1.4142,77924
01/28/2009,1.4145,1.4366,1.4115,1.424,81304
01/29/2009,1.424,1.4404,1.4059,1.4309,79297
01/30/2009,1.4277,1.4536,1.4174,1.4443,84534
02/02/2009,1.4471,1.4479,1.4044,1.4265,74374
02/03/2009,1.4237,1.4481,1.4149,1.4417,77283
02/04/2009,1.4427,1.457,1.4313,1.4451,77961
02/05/2009,1.4435,1.47,1.4359,1.4628,87646
02/06/2009,1.4608,1.484,1.4581,1.4792,82388
02/09/2009,1.4795,1.4979,1.4696,1.4905,64161
02/10/2009,1.4898,1.4904,1.445,1.4479,98461
02/11/2009,1.453,1.4563,1.4311,1.4374,86666
02/12/2009,1.4371,1.441,1.4132,1.419,85030
02/13/2009,1.4277,1.4604,1.425,1.4381,70331
02/17/2009,1.4225,1.4316,1.4121,1.4263,78680
02/18/2009,1.4242,1.4297,1.409,1.4217,65289
02/19/2009,1.4229,1.4451,1.4215,1.4299,68811
02/20/2009,1.4295,1.4483,1.4146,1.4438,69648
02/23/2009,1.4403,1.466,1.4361,1.4483,59437
02/24/2009,1.4486,1.4578,1.4371,1.4489,61260
02/25/2009,1.4519,1.4597,1.4173,1.4194,68648
02/26/2009,1.4209,1.4387,1.416,1.4311,66218
02/27/2009,1.4309,1.4366,1.4108,1.4323,78986
03/02/2009,1.4267,1.4288,1.3957,1.4036,77031
03/03/2009,1.404,1.4157,1.3982,1.4076,65511
03/04/2009,1.4034,1.4199,1.3983,1.4156,62336
03/05/2009,1.4185,1.4234,1.4036,1.4111,71422
03/06/2009,1.4121,1.4309,1.4041,1.4093,80918
03/09/2009,1.4126,1.4183,1.3742,1.3799,101435
03/10/2009,1.3779,1.3907,1.3688,1.372,89827
03/11/2009,1.3749,1.3889,1.3653,1.3848,71344
03/12/2009,1.3868,1.3986,1.37,1.3911,45753
03/13/2009,1.3945,1.4077,1.387,1.3975,61101
03/16/2009,1.3961,1.4239,1.3896,1.4096,67443
03/17/2009,1.4081,1.4145,1.3969,1.4034,47923
03/18/2009,1.4045,1.4306,1.385,1.4227,74447
03/19/2009,1.4301,1.4603,1.4166,1.4515,79186
03/20/2009,1.4524,1.4593,1.4393,1.444,61651
03/23/2009,1.449,1.4654,1.4452,1.4554,62228
03/24/2009,1.4565,1.4782,1.4553,1.4724,74268
03/25/2009,1.4704,1.4745,1.4516,1.4531,81260
03/26/2009,1.4554,1.464,1.4426,1.4439,59509
03/27/2009,1.4458,1.4497,1.427,1.4306,61544
03/30/2009,1.425,1.4305,1.4112,1.4199,54380
03/31/2009,1.4267,1.4379,1.4244,1.4348,55691
04/01/2009,1.4326,1.447,1.4275,1.4446,65164
04/02/2009,1.445,1.4755,1.445,1.4712,95941
04/03/2009,1.4732,1.4849,1.465,1.4825,66479
04/06/2009,1.4845,1.4962,1.4671,1.4726,69418
04/07/2009,1.4744,1.4779,1.4582,1.4728,67552
04/08/2009,1.4734,1.4751,1.4635,1.4685,48846
04/09/2009,1.4702,1.478,1.4585,1.4632,65049
04/13/2009,1.4637,1.4872,1.4605,1.4832,29857
04/14/2009,1.485,1.4946,1.4824,1.4927,66065
04/15/2009,1.489,1.5041,1.4824,1.496,75678
04/16/2009,1.4989,1.5067,1.4838,1.4922,58094
04/17/2009,1.4924,1.4943,1.4753,1.4791,57224
04/20/2009,1.4782,1.4816,1.4496,1.4543,77307
04/21/2009,1.4539,1.4716,1.4466,1.4665,77873
04/22/2009,1.4668,1.4687,1.4397,1.4503,108893
04/23/2009,1.4484,1.4743,1.4443,1.4694,74500
04/24/2009,1.4718,1.4774,1.4573,1.4669,87733
04/27/2009,1.466,1.4694,1.4513,1.4636,60426
04/28/2009,1.4629,1.4693,1.4516,1.462,66613
04/29/2009,1.4635,1.4815,1.4617,1.4767,68997
04/30/2009,1.4758,1.4953,1.4701,1.482,95796
05/01/2009,1.4784,1.4934,1.4755,1.4922,54208
05/04/2009,1.4916,1.5024,1.4832,1.4961,47312
05/05/2009,1.5031,1.5163,1.4982,1.5069,73495
05/06/2009,1.5068,1.515,1.499,1.5131,74489
05/07/2009,1.5121,1.5197,1.494,1.4993,102518
05/08/2009,1.5034,1.5248,1.4968,1.5215,70542
05/11/2009,1.5225,1.5245,1.5067,1.5133,62652
05/12/2009,1.5108,1.5352,1.5072,1.5271,94639
05/13/2009,1.5269,1.5331,1.5084,1.5168,103772
05/14/2009,1.5142,1.5248,1.5058,1.523,74668
05/15/2009,1.5217,1.5287,1.5131,1.5159,86046
05/18/2009,1.5179,1.535,1.5113,1.5316,66836
05/19/2009,1.5334,1.5523,1.5294,1.5511,90957
05/20/2009,1.547,1.5792,1.5447,1.5776,101847
05/21/2009,1.5737,1.589,1.5512,1.5837,133248
05/22/2009,1.5847,1.5943,1.5755,1.5917,69942
05/26/2009,1.5923,1.5969,1.5776,1.5925,84693
05/27/2009,1.5933,1.6084,1.5925,1.6045,99703
05/28/2009,1.5956,1.6016,1.5852,1.5951,96526
05/29/2009,1.5933,1.6202,1.592,1.6138,104007
06/01/2009,1.6184,1.6498,1.6162,1.6445,97506
06/02/2009,1.644,1.6598,1.6324,1.6574,114237
06/03/2009,1.6582,1.6665,1.624,1.6277,133721
06/04/2009,1.6299,1.6435,1.6085,1.6193,147902
06/05/2009,1.6142,1.6244,1.5935,1.5975,127973
06/08/2009,1.595,1.6107,1.5802,1.6046,107740
06/09/2009,1.6042,1.6361,1.5983,1.6334,108742
06/10/2009,1.6315,1.6476,1.624,1.6308,109732
06/11/2009,1.6349,1.6624,1.634,1.659,64230
06/12/2009,1.6571,1.6597,1.6322,1.6448,83522
06/15/2009,1.6415,1.6442,1.6237,1.629,93127
06/16/2009,1.6302,1.6508,1.621,1.6433,94313
06/17/2009,1.639,1.6478,1.6217,1.6425,113030
06/18/2009,1.639,1.6467,1.6185,1.6348,118488
06/19/2009,1.6338,1.6561,1.6302,1.6513,93196
06/22/2009,1.6498,1.6513,1.6317,1.6342,99004
06/23/2009,1.6335,1.6473,1.6206,1.6452,108692
06/24/2009,1.6455,1.66,1.6366,1.641,107103
06/25/2009,1.641,1.647,1.6228,1.637,109251
06/26/2009,1.6374,1.656,1.6364,1.6527,86568
06/29/2009,1.6507,1.6587,1.6425,1.6572,73833
06/30/2009,1.6561,1.6742,1.642,1.6463,127499
07/01/2009,1.6465,1.6546,1.6379,1.6474,93242
07/02/2009,1.648,1.6498,1.6321,1.642,107146
07/03/2009,1.6345,1.6429,1.63,1.642,107146
07/06/2009,1.6287,1.6324,1.6092,1.6249,111809
07/07/2009,1.6273,1.6295,1.6114,1.6149,87007
07/08/2009,1.613,1.6136,1.5981,1.6025,101061
07/09/2009,1.6057,1.638,1.6026,1.6357,111173
07/10/2009,1.6339,1.6339,1.6151,1.6189,82233
07/13/2009,1.6184,1.624,1.603,1.6205,82764
07/14/2009,1.6235,1.6342,1.6225,1.6275,82567
07/15/2009,1.6319,1.6468,1.6301,1.6424,89841
07/16/2009,1.6417,1.65,1.6353,1.6452,78601
07/17/2009,1.6439,1.6441,1.6263,1.6378,77339
07/20/2009,1.634,1.6557,1.6326,1.6532,90639
07/21/2009,1.6543,1.655,1.6382,1.6432,84813
07/22/2009,1.6449,1.6505,1.6307,1.6462,97930
07/23/2009,1.6461,1.6585,1.6433,1.6518,103980
07/24/2009,1.6482,1.6542,1.6388,1.643,81089
07/27/2009,1.6441,1.6525,1.6381,1.6497,77178
07/28/2009,1.6493,1.6556,1.6389,1.6436,104619
07/29/2009,1.6421,1.6468,1.6344,1.6356,123945
07/30/2009,1.637,1.6527,1.6339,1.6489,112307
07/31/2009,1.649,1.6733,1.6472,1.6687,143783
08/03/2009,1.6724,1.6986,1.6694,1.6919,130730
08/04/2009,1.6932,1.7004,1.6886,1.692,102748
08/05/2009,1.6936,1.7043,1.6901,1.7018,111791
08/06/2009,1.6987,1.7029,1.675,1.6774,139055
08/07/2009,1.6778,1.6835,1.6649,1.6664,127462
08/10/2009,1.6673,1.672,1.6429,1.646,114780
08/11/2009,1.6479,1.6522,1.6428,1.6473,86941
08/12/2009,1.6475,1.6559,1.6389,1.6517,115981
08/13/2009,1.6492,1.668,1.6485,1.6554,94840
08/14/2009,1.6571,1.6609,1.6482,1.6502,81861
08/17/2009,1.6505,1.6521,1.6273,1.6338,87969
08/18/2009,1.6335,1.6588,1.6325,1.6569,103090
08/19/2009,1.6558,1.6593,1.6373,1.6542,119567
08/20/2009,1.6537,1.6608,1.645,1.6506,79835
08/21/2009,1.6504,1.6627,1.6416,1.648,96587
08/24/2009,1.6499,1.6543,1.639,1.6395,72146
08/25/2009,1.6412,1.6445,1.6329,1.6344,78488
08/26/2009,1.6341,1.6355,1.6159,1.6237,104778
08/27/2009,1.6233,1.6305,1.6152,1.6285,100556
08/28/2009,1.6273,1.6383,1.6256,1.6269,90629
08/31/2009,1.6269,1.6329,1.6182,1.6266,68543
09/01/2009,1.6287,1.6375,1.6112,1.6163,135004
09/02/2009,1.6156,1.6301,1.611,1.6278,113264
09/03/2009,1.6269,1.6415,1.6236,1.632,94839
09/04/2009,1.6331,1.6412,1.6285,1.6398,91541
09/08/2009,1.6399,1.6589,1.6322,1.6486,134897
09/09/2009,1.6498,1.6593,1.6455,1.6531,93575
09/10/2009,1.6545,1.6688,1.6481,1.6664,81566
09/11/2009,1.6651,1.6742,1.6643,1.6686,93820
09/14/2009,1.668,1.668,1.6519,1.6573,90053
09/15/2009,1.6574,1.6661,1.6401,1.649,128249
09/16/2009,1.6484,1.6534,1.643,1.6492,107745
09/17/2009,1.6481,1.6568,1.6424,1.6447,108218
09/18/2009,1.645,1.6453,1.6229,1.6271,131556
09/21/2009,1.6214,1.6264,1.6133,1.6192,92024
09/22/2009,1.6203,1.6395,1.6203,1.635,94457
09/23/2009,1.6352,1.6467,1.6328,1.6416,117524
09/24/2009,1.633,1.6386,1.6021,1.606,176482
09/25/2009,1.6064,1.6064,1.5915,1.5937,156654
09/28/2009,1.5963,1.5966,1.5766,1.5868,108450
09/29/2009,1.5875,1.5989,1.5823,1.5938,139941
09/30/2009,1.5955,1.6124,1.5941,1.6002,167643
10/01/2009,1.6002,1.6024,1.592,1.5946,118425
10/02/2009,1.5938,1.5952,1.58,1.5914,126260
10/05/2009,1.592,1.6021,1.5897,1.5937,87145
10/06/2009,1.5934,1.6047,1.5871,1.5908,111832
10/07/2009,1.591,1.5968,1.5853,1.5932,98310
10/08/2009,1.5956,1.6117,1.5945,1.6062,130598
10/09/2009,1.6061,1.6071,1.582,1.5832,124936
10/12/2009,1.5847,1.5879,1.5724,1.5788,66966
10/13/2009,1.5799,1.5924,1.5702,1.5888,132274
10/14/2009,1.5914,1.6021,1.5897,1.5964,130958
10/15/2009,1.5995,1.6295,1.5988,1.6263,165320
10/16/2009,1.6262,1.6395,1.6246,1.6351,125902
10/19/2009,1.6315,1.6419,1.6236,1.6366,109031
10/20/2009,1.6416,1.6485,1.6323,1.6353,124917
10/21/2009,1.6377,1.6633,1.6342,1.6631,162534
10/22/2009,1.659,1.6634,1.6482,1.6618,120956
10/23/2009,1.6612,1.6689,1.6294,1.6306,180294
10/26/2009,1.6293,1.6391,1.6245,1.6299,131659
10/27/2009,1.6314,1.6435,1.6281,1.6382,141978
10/28/2009,1.637,1.6464,1.6281,1.6406,171410
10/29/2009,1.6377,1.6602,1.6334,1.6544,153815
10/30/2009,1.6554,1.6575,1.6406,1.6442,147701
11/02/2009,1.6392,1.6476,1.6323,1.6383,130234
11/03/2009,1.6397,1.6453,1.6258,1.6398,133604
11/04/2009,1.6423,1.66,1.6396,1.6589,124133
11/05/2009,1.6556,1.6632,1.6463,1.6582,139848
11/06/2009,1.6576,1.6633,1.6514,1.6597,106676
11/09/2009,1.6647,1.6839,1.6613,1.6749,103151
11/10/2009,1.6758,1.6784,1.6597,1.6734,135820
11/11/2009,1.6739,1.6795,1.6531,1.6553,149797
11/12/2009,1.6576,1.6624,1.6512,1.6567,127371
11/13/2009,1.6573,1.6704,1.6571,1.6671,111219
11/16/2009,1.6703,1.6876,1.6667,1.6834,113314
11/17/2009,1.682,1.687,1.6751,1.6793,106211
11/18/2009,1.68,1.6844,1.6711,1.6715,100375
11/19/2009,1.6742,1.6746,1.6603,1.6644,93949
11/20/2009,1.6653,1.6675,1.6457,1.648,114426
11/23/2009,1.6475,1.6653,1.6471,1.6618,76332
11/24/2009,1.6612,1.6617,1.6495,1.6589,101546
11/25/2009,1.6582,1.6745,1.6577,1.6713,115643
11/27/2009,1.6701,1.6727,1.627,1.6491,172834
11/30/2009,1.6518,1.6593,1.6378,1.6422,119873
12/01/2009,1.6446,1.6648,1.639,1.6639,118906
12/02/2009,1.6612,1.6697,1.6549,1.664,98572
12/03/2009,1.6635,1.6722,1.653,1.6564,92306
12/04/2009,1.6538,1.668,1.642,1.6427,138541
12/07/2009,1.6462,1.6514,1.6313,1.6439,119422
12/08/2009,1.6452,1.6477,1.6255,1.6259,147945
12/09/2009,1.6271,1.6378,1.6165,1.6244,166612
12/10/2009,1.6283,1.6346,1.6215,1.6264,78867
12/11/2009,1.6277,1.6329,1.6187,1.6231,93227
12/14/2009,1.6214,1.6316,1.6179,1.6294,71182
12/15/2009,1.6297,1.6311,1.6196,1.6247,88457
12/16/2009,1.6262,1.6404,1.6223,1.6301,110032
12/17/2009,1.6315,1.6333,1.6071,1.6146,128429
12/18/2009,1.6154,1.6242,1.6043,1.6111,108424
12/21/2009,1.6116,1.6156,1.602,1.6045,60964
12/22/2009,1.6032,1.6093,1.5912,1.596,72694
12/23/2009,1.5956,1.5989,1.5917,1.5944,54172
12/24/2009,1.5951,1.6016,1.5919,1.5938,23530
12/28/2009,1.5939,1.6009,1.5924,1.5994,21508
12/29/2009,1.5992,1.6062,1.5859,1.5897,71172
12/30/2009,1.5897,1.6088,1.5825,1.6061,76598
12/31/2009,1.6073,1.6229,1.6041,1.6146,54286
01/04/2010,1.6118,1.6235,1.6052,1.6085,107463
01/05/2010,1.6086,1.6148,1.5958,1.5992,102364
01/06/2010,1.5983,1.6059,1.593,1.5992,106163
01/07/2010,1.5998,1.6052,1.589,1.5935,90873
01/08/2010,1.5924,1.6105,1.5908,1.6027,122147
01/11/2010,1.6051,1.6188,1.6051,1.6094,80749
01/12/2010,1.6106,1.619,1.6055,1.6171,91563
01/13/2010,1.6158,1.6301,1.6131,1.6275,124037
01/14/2010,1.6265,1.6341,1.6244,1.6324,81534
01/15/2010,1.6325,1.6349,1.6205,1.6253,102987
01/19/2010,1.6266,1.6454,1.6244,1.6355,167277
01/20/2010,1.6355,1.6363,1.6237,1.6281,119134
01/21/2010,1.6287,1.6306,1.6117,1.6203,152647
01/22/2010,1.6186,1.6279,1.6071,1.6112,154259
01/25/2010,1.61,1.6256,1.609,1.6238,99066
01/26/2010,1.6239,1.6263,1.6088,1.6139,136692
01/27/2010,1.6142,1.624,1.6101,1.6168,127323
01/28/2010,1.6168,1.6273,1.6106,1.6122,140758
01/29/2010,1.6122,1.6174,1.5975,1.5986,147214
02/01/2010,1.5938,1.5975,1.5845,1.5949,117861
02/02/2010,1.5959,1.5992,1.5899,1.597,98193
02/03/2010,1.5974,1.6068,1.5873,1.5891,100952
02/04/2010,1.5898,1.5917,1.5725,1.5752,165376
02/05/2010,1.5759,1.5771,1.5554,1.56,175838
02/08/2010,1.5599,1.5657,1.5531,1.5609,93544
02/09/2010,1.5587,1.5745,1.5558,1.5682,151950
02/10/2010,1.5702,1.5762,1.5567,1.5585,143605
02/11/2010,1.5598,1.5714,1.5555,1.5692,153797
02/12/2010,1.5693,1.574,1.5576,1.5663,124316
02/16/2010,1.5663,1.5794,1.5608,1.5777,128429
02/17/2010,1.5779,1.5813,1.5662,1.5685,107722
02/18/2010,1.5682,1.5687,1.5487,1.5624,126921
02/19/2010,1.5485,1.5493,1.5336,1.5463,135876
02/22/2010,1.5449,1.5519,1.5429,1.5486,91812
02/23/2010,1.5476,1.5574,1.5391,1.5441,151052
02/24/2010,1.543,1.5475,1.5384,1.5396,120674
02/25/2010,1.541,1.5421,1.5187,1.5244,177619
02/26/2010,1.5262,1.5319,1.515,1.5245,159976
03/01/2010,1.5157,1.5205,1.4778,1.5008,209836
03/02/2010,1.4992,1.4997,1.4853,1.4948,163389
03/03/2010,1.496,1.5131,1.4958,1.5093,159277
03/04/2010,1.5101,1.5136,1.5005,1.5029,132175
03/05/2010,1.5026,1.5167,1.4992,1.5157,147250
03/08/2010,1.5149,1.5196,1.503,1.5074,158274
03/09/2010,1.5058,1.5058,1.4935,1.4987,147831
03/10/2010,1.4998,1.5017,1.4872,1.4973,160214
03/11/2010,1.4982,1.5068,1.4945,1.5049,83265
03/12/2010,1.5055,1.5235,1.5017,1.5163,110945
03/15/2010,1.5169,1.5198,1.501,1.5036,102277
03/16/2010,1.5046,1.5253,1.497,1.5224,129278
03/17/2010,1.524,1.5375,1.52,1.5321,139957
03/18/2010,1.5311,1.5321,1.5208,1.5244,112582
03/19/2010,1.5238,1.5249,1.4982,1.5012,137104
03/22/2010,1.4998,1.51,1.4923,1.5083,90963
03/23/2010,1.5098,1.5105,1.4965,1.5024,104308
03/24/2010,1.5038,1.5038,1.4856,1.4883,130114
03/25/2010,1.487,1.5005,1.479,1.4814,134008
03/26/2010,1.4808,1.4917,1.4799,1.4886,98176
03/29/2010,1.4944,1.5013,1.4884,1.4967,81022
03/30/2010,1.4975,1.5123,1.4966,1.5056,119028
03/31/2010,1.5062,1.5199,1.5037,1.5174,124487
04/01/2010,1.5179,1.5293,1.5166,1.5264,107902
04/02/2010,1.5287,1.5292,1.5176,1.5187,12042
04/05/2010,1.5256,1.5315,1.5213,1.5288,42370
04/06/2010,1.5283,1.5301,1.5122,1.5268,115848
04/07/2010,1.5261,1.5281,1.5132,1.5267,109151
04/08/2010,1.5225,1.528,1.5135,1.5266,101755
04/09/2010,1.5273,1.5388,1.5263,1.5363,120119
04/12/2010,1.5437,1.548,1.5347,1.5371,85810
04/13/2010,1.536,1.5445,1.5329,1.5369,81218
04/14/2010,1.5373,1.5488,1.5367,1.5469,88190
04/15/2010,1.5467,1.552,1.5381,1.55,105645
04/16/2010,1.5474,1.5481,1.5353,1.5386,115099
04/19/2010,1.5292,1.5341,1.5186,1.5308,125458
04/20/2010,1.5328,1.5431,1.5285,1.5361,94083
04/21/2010,1.5372,1.5437,1.5326,1.5401,96280
04/22/2010,1.5408,1.5472,1.5337,1.5384,137354
04/23/2010,1.5382,1.54,1.5291,1.5369,131350
04/26/2010,1.5375,1.5498,1.5369,1.5454,107678
04/27/2010,1.5454,1.5481,1.5236,1.5254,164488
04/28/2010,1.5249,1.5285,1.5122,1.5191,164163
04/29/2010,1.5197,1.5341,1.5141,1.5331,126637
04/30/2010,1.5331,1.5389,1.525,1.5273,127142
05/03/2010,1.5315,1.5317,1.5208,1.5254,60398
05/04/2010,1.5237,1.5263,1.5088,1.5159,159968
05/05/2010,1.5137,1.5171,1.5066,1.51,154094
05/06/2010,1.5101,1.5148,1.465,1.4781,245381
05/07/2010,1.4783,1.4937,1.4476,1.4808,304790
05/10/2010,1.4829,1.5054,1.4758,1.4877,192465
05/11/2010,1.4855,1.5006,1.472,1.4951,217579
05/12/2010,1.493,1.5043,1.4815,1.4819,153182
05/13/2010,1.4829,1.4916,1.4594,1.4639,131077
05/14/2010,1.4592,1.4637,1.4495,1.4558,155463
05/17/2010,1.4518,1.4547,1.425,1.4476,154142
05/18/2010,1.4483,1.4522,1.4304,1.4321,141555
05/19/2010,1.4288,1.445,1.4236,1.4397,168487
05/20/2010,1.445,1.446,1.4227,1.4417,169648
05/21/2010,1.4343,1.4498,1.4317,1.4472,135182
05/24/2010,1.4462,1.4529,1.4352,1.4445,84453
05/25/2010,1.4411,1.4414,1.426,1.4365,105256
05/26/2010,1.4429,1.4446,1.433,1.4411,109077
05/27/2010,1.4373,1.4609,1.4373,1.4587,138585
05/28/2010,1.4562,1.4613,1.4435,1.4488,125150
06/01/2010,1.4442,1.4724,1.4425,1.4663,175719
06/02/2010,1.4646,1.4772,1.4554,1.4643,133683
06/03/2010,1.4658,1.4744,1.4587,1.4637,91809
06/04/2010,1.4616,1.4682,1.445,1.4459,132596
06/07/2010,1.4425,1.4564,1.4387,1.447,133300
06/08/2010,1.447,1.453,1.4346,1.4381,151769
06/09/2010,1.4455,1.4609,1.4394,1.4528,117941
06/10/2010,1.4541,1.4722,1.4508,1.4702,117039
06/11/2010,1.4709,1.4764,1.4505,1.4512,139426
06/14/2010,1.4555,1.4811,1.4552,1.4773,115142
06/15/2010,1.474,1.484,1.4685,1.4816,112463
06/16/2010,1.4807,1.4858,1.4727,1.4795,102249
06/17/2010,1.4724,1.4842,1.4645,1.4811,104174
06/18/2010,1.482,1.489,1.4773,1.4796,72831
06/21/2010,1.485,1.4937,1.474,1.4759,80443
06/22/2010,1.4762,1.4861,1.4688,1.4812,143731
06/23/2010,1.4804,1.4973,1.4802,1.4964,128499
06/24/2010,1.4962,1.5012,1.4915,1.4934,110175
06/25/2010,1.4922,1.508,1.4855,1.5038,114887
06/28/2010,1.5056,1.513,1.5017,1.5108,91976
06/29/2010,1.5098,1.512,1.5012,1.508,111405
06/30/2010,1.5064,1.5075,1.4935,1.4956,136142
07/01/2010,1.4943,1.5197,1.4873,1.5146,181152
07/02/2010,1.5178,1.5229,1.5149,1.5194,87913
07/06/2010,1.5194,1.5227,1.5081,1.5145,105053
07/07/2010,1.5149,1.5218,1.508,1.5203,90300
07/08/2010,1.5181,1.5248,1.5099,1.5152,92809
07/09/2010,1.5157,1.5203,1.5046,1.5061,82275
07/12/2010,1.5063,1.5085,1.4946,1.503,118902
07/13/2010,1.5021,1.5194,1.4963,1.5155,134681
07/14/2010,1.5172,1.5295,1.5169,1.5248,112216
07/15/2010,1.5261,1.547,1.5233,1.5409,103436
07/16/2010,1.5442,1.5447,1.5275,1.5301,96332
07/19/2010,1.5287,1.5349,1.5199,1.5234,79665
07/20/2010,1.5228,1.5307,1.515,1.5262,101915
07/21/2010,1.5271,1.5335,1.5122,1.5142,117746
07/22/2010,1.5165,1.5294,1.5147,1.5263,79833
07/23/2010,1.5258,1.5447,1.5253,1.5419,124323
07/26/2010,1.5415,1.5517,1.5406,1.5473,75600
07/27/2010,1.5481,1.5599,1.5438,1.5585,96115
07/28/2010,1.5588,1.5635,1.5542,1.5581,91937
07/29/2010,1.5589,1.566,1.5576,1.5615,83978
07/30/2010,1.561,1.5719,1.5548,1.5693,111514
08/02/2010,1.5715,1.5904,1.5691,1.589,119829
08/03/2010,1.5882,1.5965,1.586,1.5941,92520
08/04/2010,1.5944,1.5961,1.5853,1.5892,97029
08/05/2010,1.5884,1.5922,1.5816,1.5877,84481
08/06/2010,1.5887,1.5997,1.5835,1.5963,103830
08/09/2010,1.5989,1.5993,1.589,1.5894,60045
08/10/2010,1.5904,1.5907,1.5707,1.5875,133350
08/11/2010,1.585,1.5861,1.5625,1.5669,158309
08/12/2010,1.5643,1.5711,1.5559,1.5564,106079
08/13/2010,1.5573,1.568,1.557,1.5589,94139
08/16/2010,1.559,1.5701,1.5531,1.5644,97936
08/17/2010,1.5657,1.5695,1.5549,1.5569,118872
08/18/2010,1.5577,1.5688,1.5495,1.5604,121377
08/19/2010,1.5598,1.5671,1.5506,1.5593,143218
08/20/2010,1.5589,1.5594,1.546,1.553,92990
08/23/2010,1.5534,1.5619,1.5497,1.5531,90258
08/24/2010,1.5501,1.551,1.5369,1.5438,126371
08/25/2010,1.5403,1.5471,1.5386,1.5448,95710
08/26/2010,1.5469,1.5597,1.5464,1.5523,112670
08/27/2010,1.5521,1.5547,1.5441,1.5512,108482
08/30/2010,1.553,1.5577,1.5448,1.5464,61259
08/31/2010,1.5458,1.5474,1.5325,1.5331,121858
09/01/2010,1.5346,1.5491,1.5334,1.5443,126638
09/02/2010,1.5452,1.5454,1.5349,1.5386,87545
09/03/2010,1.5394,1.5472,1.5389,1.5446,96551
09/07/2010,1.5448,1.5488,1.5295,1.5342,160920
09/08/2010,1.5355,1.5534,1.5345,1.5478,162651
09/09/2010,1.5472,1.5479,1.5375,1.5429,86483
09/10/2010,1.5424,1.5459,1.5332,1.5341,114419
09/13/2010,1.5341,1.5479,1.5341,1.5395,103216
09/14/2010,1.5415,1.5577,1.5336,1.5555,136497
09/15/2010,1.5527,1.5642,1.5438,1.5609,111150
09/16/2010,1.5619,1.564,1.5528,1.5632,95523
09/17/2010,1.5617,1.5721,1.5585,1.5611,81513
09/20/2010,1.5642,1.5678,1.5527,1.5534,76305
09/21/2010,1.5538,1.5636,1.5494,1.5611,93130
09/22/2010,1.5594,1.5706,1.5591,1.566,114909
09/23/2010,1.5646,1.5734,1.5604,1.5685,99515
09/24/2010,1.5671,1.5835,1.5633,1.5809,99088
09/27/2010,1.5814,1.5859,1.5778,1.5846,65723
09/28/2010,1.5805,1.5888,1.571,1.5782,153000
09/29/2010,1.5794,1.5867,1.5754,1.5784,85263
09/30/2010,1.5785,1.5916,1.5662,1.5707,181311
10/01/2010,1.5708,1.5867,1.5697,1.5826,108607
10/04/2010,1.5803,1.5864,1.5739,1.5825,93877
10/05/2010,1.5817,1.5924,1.574,1.5896,109024
10/06/2010,1.588,1.5933,1.5824,1.5885,91265
10/07/2010,1.5877,1.6013,1.5818,1.5871,129770
10/08/2010,1.5862,1.5959,1.5817,1.5942,106960
10/11/2010,1.5952,1.5957,1.5861,1.5888,53166
10/12/2010,1.5876,1.591,1.5747,1.5769,133631
10/13/2010,1.5801,1.5904,1.5768,1.5886,118079
10/14/2010,1.5885,1.6061,1.5884,1.598,117720
10/15/2010,1.5999,1.61,1.5964,1.5977,110139
10/18/2010,1.5977,1.5998,1.583,1.5927,85364
10/19/2010,1.5885,1.5938,1.5672,1.569,141603
10/20/2010,1.5697,1.5873,1.5641,1.5848,109383
10/21/2010,1.5834,1.5846,1.5677,1.5703,116038
10/22/2010,1.5704,1.5746,1.5644,1.5662,72851
10/25/2010,1.566,1.5767,1.5659,1.574,98994
10/26/2010,1.5719,1.5891,1.5683,1.5827,158375
10/27/2010,1.584,1.586,1.5724,1.575,119327
10/28/2010,1.577,1.5973,1.5756,1.5925,116387
10/29/2010,1.5938,1.604,1.5872,1.6013,112699
11/01/2010,1.6041,1.6085,1.5985,1.6028,78309
11/02/2010,1.6033,1.6075,1.5958,1.6018,85373
11/03/2010,1.6028,1.6179,1.6003,1.6109,139808
11/04/2010,1.6097,1.6295,1.6081,1.6276,144779
11/05/2010,1.6267,1.6291,1.6162,1.6185,144779
11/08/2010,1.6186,1.6209,1.6098,1.6126,86387
11/09/2010,1.6135,1.6181,1.5946,1.6034,117630
11/10/2010,1.5977,1.6134,1.5957,1.6113,142801
11/11/2010,1.6109,1.6176,1.6077,1.6104,91845
11/12/2010,1.6116,1.6182,1.5983,1.6142,136538
11/15/2010,1.612,1.6151,1.6038,1.6061,85082
11/16/2010,1.6049,1.6084,1.5835,1.5876,148407
11/17/2010,1.5879,1.5946,1.5852,1.5895,80762
11/18/2010,1.5904,1.6054,1.5886,1.6041,105433
11/19/2010,1.6044,1.6094,1.5934,1.5971,89601
11/22/2010,1.5995,1.6082,1.5895,1.5944,92170
11/23/2010,1.5956,1.596,1.5755,1.5778,130800
11/24/2010,1.5782,1.5836,1.5738,1.5759,97690
11/26/2010,1.5773,1.5792,1.5588,1.5607,99948
11/29/2010,1.5604,1.5645,1.5526,1.5565,89254
11/30/2010,1.5559,1.5595,1.5483,1.5569,118962
12/01/2010,1.5553,1.5647,1.5546,1.5616,138789
12/02/2010,1.5608,1.5667,1.5511,1.5578,139426
12/03/2010,1.5595,1.5789,1.558,1.5742,126179
12/06/2010,1.5774,1.5775,1.5653,1.5717,86573
12/07/2010,1.5715,1.5823,1.5702,1.5767,102868
12/08/2010,1.5762,1.5837,1.5668,1.5805,112254
12/09/2010,1.5805,1.5841,1.5711,1.575,100727
12/10/2010,1.5762,1.5853,1.5737,1.579,79287
12/13/2010,1.579,1.5887,1.5708,1.5858,101715
12/14/2010,1.5846,1.59,1.5727,1.5767,105340
12/15/2010,1.5757,1.5764,1.552,1.5529,118889
12/16/2010,1.554,1.5628,1.5532,1.5596,80461
12/17/2010,1.5627,1.5639,1.5444,1.5502,95686
12/20/2010,1.5508,1.5567,1.5467,1.5495,68381
12/21/2010,1.5496,1.556,1.5426,1.5454,66747
12/22/2010,1.546,1.5486,1.5346,1.5359,71897
12/23/2010,1.5378,1.5438,1.5363,1.5404,58337
12/27/2010,1.5425,1.5448,1.5361,1.5395,31754
12/28/2010,1.5411,1.5505,1.5335,1.5361,59725
12/29/2010,1.5364,1.551,1.5342,1.5501,58950
12/30/2010,1.5492,1.5527,1.5357,1.5407,66569
12/31/2010,1.5419,1.5659,1.5416,1.5581,47158
01/03/2011,1.5536,1.557,1.5424,1.5483,69691
01/04/2011,1.5475,1.5638,1.5447,1.5573,110787
01/05/2011,1.5584,1.562,1.5443,1.5485,110012
01/06/2011,1.5499,1.5557,1.5439,1.5461,126000
01/07/2011,1.5448,1.5573,1.5397,1.5541,118535
01/10/2011,1.5526,1.5595,1.5467,1.5575,90933
01/11/2011,1.5568,1.5633,1.5506,1.5593,116396
01/12/2011,1.5591,1.5773,1.5575,1.5758,138823
01/13/2011,1.5743,1.5878,1.5713,1.5836,129403
01/14/2011,1.5826,1.5882,1.5803,1.5875,114305
01/18/2011,1.587,1.6054,1.5828,1.5969,200762
01/19/2011,1.5959,1.6032,1.5938,1.5981,114573
01/20/2011,1.5985,1.6005,1.5831,1.5905,148483
01/21/2011,1.5891,1.6011,1.5861,1.5995,107918
01/24/2011,1.5992,1.6008,1.5916,1.5988,86266
01/25/2011,1.5976,1.6013,1.5745,1.5787,204006
01/26/2011,1.5816,1.5939,1.5763,1.5873,138207
01/27/2011,1.5904,1.5986,1.5874,1.593,131180
01/28/2011,1.5929,1.5962,1.582,1.5863,122793
01/31/2011,1.5842,1.6045,1.5818,1.602,138822
02/01/2011,1.601,1.6159,1.6005,1.6135,136837
02/02/2011,1.6132,1.6225,1.6124,1.6167,107798
02/03/2011,1.6179,1.6274,1.6117,1.6143,136208
02/04/2011,1.6133,1.6169,1.6032,1.6091,121311
02/07/2011,1.6097,1.6181,1.6084,1.6115,97537
02/08/2011,1.6112,1.6158,1.6023,1.6053,129097
02/09/2011,1.6072,1.6121,1.6028,1.6092,119649
02/10/2011,1.6093,1.6136,1.6001,1.6088,142363
02/11/2011,1.6087,1.6109,1.5959,1.6019,117976
02/14/2011,1.6004,1.6075,1.5978,1.6031,95690
02/15/2011,1.6027,1.617,1.6003,1.6128,202663
02/16/2011,1.612,1.6182,1.5983,1.6092,199390
02/17/2011,1.6089,1.6185,1.6072,1.617,105095
02/18/2011,1.6171,1.6261,1.6146,1.6243,126706
02/22/2011,1.6245,1.6254,1.6098,1.6142,173888
02/23/2011,1.6143,1.6296,1.6142,1.6199,119004
02/24/2011,1.621,1.6253,1.6082,1.6138,131298
02/25/2011,1.6141,1.6159,1.6028,1.6097,113677
02/28/2011,1.6085,1.6276,1.6071,1.6268,137969
03/01/2011,1.6265,1.6329,1.625,1.6263,126980
03/02/2011,1.6261,1.6343,1.6214,1.6328,104401
03/03/2011,1.6325,1.6333,1.6251,1.6273,136190
03/04/2011,1.6274,1.633,1.622,1.6261,108310
03/07/2011,1.6277,1.634,1.6181,1.6199,118994
03/08/2011,1.6205,1.6209,1.6123,1.6158,103113
03/09/2011,1.6161,1.6244,1.6136,1.6193,118175
03/10/2011,1.6199,1.6214,1.6038,1.6048,130465
03/11/2011,1.605,1.6072,1.5959,1.6053,115960
03/14/2011,1.6069,1.6184,1.601,1.6157,121332
03/15/2011,1.6156,1.6169,1.5961,1.6076,125233
03/16/2011,1.6076,1.6115,1.597,1.6012,116241
03/17/2011,1.5973,1.6158,1.5967,1.612,118570
03/18/2011,1.6129,1.6243,1.6043,1.6199,123635
03/21/2011,1.6203,1.6312,1.619,1.6302,97419
03/22/2011,1.6283,1.6385,1.6277,1.6365,91779
03/23/2011,1.6353,1.6376,1.6202,1.6229,100696
03/24/2011,1.6225,1.6252,1.6075,1.6091,138862
03/25/2011,1.611,1.6127,1.599,1.5999,108863
03/28/2011,1.599,1.6023,1.5921,1.5986,105476
03/29/2011,1.5973,1.6027,1.5927,1.5975,90698
03/30/2011,1.5987,1.6069,1.5964,1.6054,108245
03/31/2011,1.6057,1.6137,1.5999,1.6052,132387
04/01/2011,1.602,1.6118,1.5954,1.6104,153680
04/04/2011,1.6097,1.6162,1.6092,1.6112,81906
04/05/2011,1.6118,1.6284,1.6075,1.627,148504
04/06/2011,1.6275,1.6349,1.6241,1.6312,123654
04/07/2011,1.6315,1.6365,1.6246,1.6301,105417
04/08/2011,1.6307,1.6414,1.63,1.6336,107021
04/11/2011,1.6361,1.6413,1.63,1.6332,85638
04/12/2011,1.6334,1.6335,1.6214,1.6242,138544
04/13/2011,1.6247,1.6298,1.6224,1.6261,91241
04/14/2011,1.6252,1.6374,1.6242,1.634,107846
04/15/2011,1.6332,1.6361,1.6279,1.6294,85559
04/18/2011,1.6311,1.6318,1.6153,1.6241,157132
04/19/2011,1.6259,1.6334,1.6219,1.6304,107014
04/20/2011,1.6309,1.6418,1.6296,1.6397,121211
04/21/2011,1.6387,1.659,1.6376,1.6538,138520
04/25/2011,1.6505,1.6542,1.6458,1.6496,34404
04/26/2011,1.6481,1.6523,1.6421,1.6466,93629
04/27/2011,1.6474,1.6628,1.6425,1.6568,127699
04/28/2011,1.6616,1.6738,1.6612,1.6633,94116
04/29/2011,1.6635,1.6715,1.6615,1.6701,66179
05/02/2011,1.6707,1.6731,1.6625,1.6673,69127
05/03/2011,1.6638,1.6653,1.6453,1.6458,132925
05/04/2011,1.6477,1.6566,1.6444,1.6507,109433
05/05/2011,1.6486,1.6536,1.6349,1.637,151468
05/06/2011,1.6381,1.6456,1.6347,1.6358,150109
05/09/2011,1.6369,1.64,1.6262,1.6382,125994
05/10/2011,1.6384,1.6415,1.6308,1.6343,77266
05/11/2011,1.636,1.6512,1.6315,1.6337,149889
05/12/2011,1.6346,1.6375,1.6229,1.6278,154745
05/13/2011,1.6284,1.6302,1.6139,1.6168,128750
05/16/2011,1.6169,1.6249,1.6154,1.6203,90672
05/17/2011,1.6198,1.6299,1.6169,1.6244,127018
05/18/2011,1.6239,1.6282,1.6099,1.6138,161431
05/19/2011,1.6161,1.6237,1.6124,1.6209,122755
05/20/2011,1.622,1.6301,1.6162,1.6273,129077
05/23/2011,1.6223,1.623,1.6081,1.6113,114345
05/24/2011,1.612,1.6206,1.6053,1.6178,105695
05/25/2011,1.6181,1.6291,1.6129,1.6274,124678
05/26/2011,1.6269,1.6406,1.6267,1.6389,120785
05/27/2011,1.6388,1.6508,1.6377,1.6487,106799
05/31/2011,1.6479,1.6546,1.6421,1.645,114378
06/01/2011,1.6447,1.6494,1.6327,1.6358,130405
06/02/2011,1.6328,1.6417,1.63,1.6359,104774
06/03/2011,1.6371,1.6438,1.6281,1.6415,109334
06/06/2011,1.6418,1.6459,1.6339,1.635,83749
06/07/2011,1.6351,1.6473,1.6323,1.645,114179
06/08/2011,1.644,1.6447,1.6346,1.6391,123079
06/09/2011,1.6397,1.6468,1.6358,1.6365,110422
06/10/2011,1.6343,1.6362,1.6188,1.6219,141743
06/13/2011,1.6225,1.6369,1.6196,1.6354,108546
06/14/2011,1.6355,1.6423,1.6335,1.6364,92759
06/15/2011,1.6353,1.6364,1.6148,1.616,142039
06/16/2011,1.6176,1.6207,1.606,1.6087,134526
06/17/2011,1.6144,1.618,1.6075,1.6158,88736
06/20/2011,1.615,1.6217,1.609,1.6163,81753
06/21/2011,1.6182,1.6236,1.6148,1.6229,75919
06/22/2011,1.6223,1.6246,1.6042,1.6062,126273
06/23/2011,1.6057,1.6057,1.5922,1.598,144067
06/24/2011,1.6003,1.603,1.5935,1.5956,104017
06/27/2011,1.5951,1.5996,1.5896,1.596,94423
06/28/2011,1.5974,1.6028,1.5894,1.5973,132708
06/29/2011,1.598,1.6059,1.5954,1.6038,116738
06/30/2011,1.6048,1.6102,1.5957,1.6051,128622
07/01/2011,1.6029,1.6081,1.5972,1.6049,103048
07/05/2011,1.605,1.6125,1.5975,1.6033,138744
07/06/2011,1.6053,1.6077,1.5932,1.5966,115189
07/07/2011,1.5992,1.6005,1.5929,1.5947,95243
07/08/2011,1.5958,1.6067,1.5917,1.6017,134967
07/11/2011,1.6017,1.6028,1.5867,1.5894,118428
07/12/2011,1.5901,1.5938,1.5768,1.5924,147672
07/13/2011,1.592,1.611,1.5891,1.6093,154064
07/14/2011,1.6151,1.6184,1.6084,1.6117,104614
07/15/2011,1.613,1.6164,1.6064,1.611,84050
07/18/2011,1.6118,1.6125,1.5993,1.6034,109428
07/19/2011,1.6041,1.6168,1.6036,1.6107,107391
07/20/2011,1.6111,1.6156,1.6057,1.615,96828
07/21/2011,1.6143,1.6323,1.6111,1.6304,125841
07/22/2011,1.631,1.6317,1.6253,1.6296,78036
07/25/2011,1.6319,1.6327,1.6251,1.6287,63262
07/26/2011,1.6273,1.642,1.6256,1.6413,95720
07/27/2011,1.6412,1.646,1.6303,1.6317,97492
07/28/2011,1.6319,1.6372,1.6284,1.6336,73544
07/29/2011,1.6362,1.6464,1.6251,1.6423,115279
08/01/2011,1.6379,1.6468,1.6229,1.6292,117693
08/02/2011,1.6298,1.6321,1.6218,1.6289,86809
08/03/2011,1.6279,1.6425,1.6245,1.6413,104161
08/04/2011,1.6431,1.6435,1.6235,1.6277,130650
08/05/2011,1.625,1.6394,1.6222,1.6356,148041
08/08/2011,1.6441,1.6486,1.629,1.6348,135122
08/09/2011,1.6306,1.6406,1.6168,1.6208,164688
08/10/2011,1.6322,1.6327,1.6116,1.6154,137648
08/11/2011,1.6126,1.6238,1.6105,1.6208,114327
08/12/2011,1.6228,1.6308,1.616,1.6274,103119
08/15/2011,1.6278,1.6406,1.6251,1.6381,74092
08/16/2011,1.6377,1.6474,1.6317,1.6451,87695
08/17/2011,1.6446,1.659,1.6339,1.6562,113022
08/18/2011,1.6534,1.655,1.6415,1.6498,96138
08/19/2011,1.65,1.6615,1.644,1.6477,105227
08/22/2011,1.648,1.6517,1.6431,1.648,63539
08/23/2011,1.6458,1.657,1.6449,1.6497,75111
08/24/2011,1.6485,1.6532,1.6357,1.6367,87013
08/25/2011,1.6362,1.6395,1.6241,1.628,90536
08/26/2011,1.6284,1.6378,1.6204,1.6332,94879
08/29/2011,1.6341,1.6451,1.6332,1.6405,57469
08/30/2011,1.6406,1.6416,1.6252,1.6305,90066
08/31/2011,1.6301,1.6333,1.6225,1.6238,68717
09/01/2011,1.6251,1.6254,1.6128,1.6174,92771
09/02/2011,1.6181,1.6252,1.6169,1.6205,70866
09/06/2011,1.6155,1.6205,1.5918,1.5933,178104
09/07/2011,1.5942,1.6038,1.5914,1.5976,104857
09/08/2011,1.5984,1.6082,1.5911,1.5965,122188
09/09/2011,1.5956,1.5989,1.5842,1.5862,120368
09/12/2011,1.5838,1.5886,1.5772,1.5811,111205
09/13/2011,1.586,1.587,1.5761,1.5801,118247
09/14/2011,1.5777,1.5815,1.5706,1.5768,127981
09/15/2011,1.5764,1.5867,1.5732,1.5808,99524
09/16/2011,1.5786,1.5826,1.5729,1.5774,87036
09/19/2011,1.5705,1.5741,1.5618,1.5678,95022
09/20/2011,1.5688,1.5735,1.5641,1.5716,97495
09/21/2011,1.5726,1.573,1.5474,1.5566,149388
09/22/2011,1.5491,1.5505,1.5316,1.5342,154346
09/23/2011,1.533,1.5481,1.5328,1.5412,128635
09/26/2011,1.5463,1.5558,1.5421,1.5511,116272
09/27/2011,1.5544,1.5693,1.5513,1.5644,123908
09/28/2011,1.5624,1.5666,1.5553,1.5589,99637
09/29/2011,1.5562,1.5706,1.5532,1.5579,114825
09/30/2011,1.5595,1.5656,1.5521,1.5609,116510
10/03/2011,1.5542,1.5595,1.5413,1.5457,136662
10/04/2011,1.5425,1.549,1.533,1.5368,119093
10/05/2011,1.5467,1.5486,1.5385,1.5458,121034
10/06/2011,1.5452,1.5493,1.5179,1.5422,183999
10/07/2011,1.5429,1.5636,1.5414,1.5544,141028
10/10/2011,1.5543,1.5679,1.5517,1.5666,77502
10/11/2011,1.5648,1.5653,1.5561,1.5578,88456
10/12/2011,1.5581,1.5789,1.5532,1.5743,125370
10/13/2011,1.5727,1.5774,1.5655,1.5759,96830
10/14/2011,1.5751,1.5842,1.5712,1.5805,81797
10/17/2011,1.5809,1.5839,1.572,1.5742,75268
10/18/2011,1.573,1.5812,1.5621,1.5706,121880
10/19/2011,1.5701,1.5847,1.569,1.5753,105209
10/20/2011,1.576,1.5797,1.5672,1.5777,119347
10/21/2011,1.5782,1.5964,1.5745,1.5929,102204
10/24/2011,1.5933,1.5998,1.589,1.599,84629
10/25/2011,1.5985,1.6031,1.5948,1.6006,96243
10/26/2011,1.5999,1.6033,1.588,1.5948,100933
10/27/2011,1.5956,1.6133,1.5945,1.6106,121904
10/28/2011,1.6097,1.6144,1.6062,1.6108,82515
10/31/2011,1.6119,1.6158,1.5958,1.6126,130996
11/01/2011,1.6083,1.609,1.5883,1.5955,128152
11/02/2011,1.595,1.6043,1.5909,1.5955,104116
11/03/2011,1.5933,1.6055,1.5867,1.6031,137801
11/04/2011,1.6032,1.6058,1.5938,1.6032,94382
11/07/2011,1.6051,1.6073,1.5972,1.605,75820
11/08/2011,1.6047,1.6124,1.6029,1.6113,70664
11/09/2011,1.6081,1.6114,1.5899,1.5913,110232
11/10/2011,1.5906,1.598,1.5863,1.59,115225
11/11/2011,1.593,1.6088,1.589,1.6056,80812
11/14/2011,1.6063,1.609,1.5873,1.5887,81017
11/15/2011,1.5895,1.5927,1.5793,1.5827,81318
11/16/2011,1.581,1.5817,1.5716,1.5769,97731
11/17/2011,1.5723,1.581,1.5686,1.5751,91834
11/18/2011,1.5758,1.5885,1.5733,1.578,78187
11/21/2011,1.5783,1.5787,1.5605,1.5641,84107
11/22/2011,1.5642,1.5688,1.5577,1.5621,73460
11/23/2011,1.5639,1.5652,1.5491,1.5505,91311
11/25/2011,1.5522,1.5563,1.542,1.5432,83526
11/28/2011,1.5489,1.5592,1.5456,1.549,79246
11/29/2011,1.5503,1.5656,1.5467,1.5602,90570
11/30/2011,1.5607,1.578,1.5523,1.5697,142802
12/01/2011,1.5697,1.5753,1.5634,1.5683,106331
12/02/2011,1.5687,1.5727,1.5574,1.5593,83475
12/05/2011,1.5599,1.5721,1.5586,1.5643,90151
12/06/2011,1.5643,1.5664,1.556,1.5603,94502
12/07/2011,1.5599,1.5725,1.5586,1.5693,99923
12/08/2011,1.5706,1.5769,1.5608,1.5641,103543
12/09/2011,1.5625,1.5734,1.5584,1.5661,91127
12/12/2011,1.5646,1.5659,1.5536,1.558,100879
12/13/2011,1.5583,1.5628,1.545,1.5492,128415
12/14/2011,1.5482,1.5531,1.5407,1.5467,124576
12/15/2011,1.5465,1.5531,1.5435,1.5502,93019
12/16/2011,1.55,1.5545,1.5469,1.5485,74711
12/19/2011,1.5512,1.5532,1.5451,1.5507,61153
12/20/2011,1.5483,1.5688,1.5477,1.5648,96094
12/21/2011,1.5646,1.5761,1.5633,1.5656,80483
12/22/2011,1.5664,1.5716,1.5637,1.5668,49103
12/23/2011,1.5666,1.5696,1.557,1.5616,38875
12/27/2011,1.5641,1.5668,1.562,1.5657,21226
12/28/2011,1.5649,1.5681,1.5427,1.544,87651
12/29/2011,1.545,1.5465,1.535,1.5382,56278
12/30/2011,1.5398,1.5562,1.539,1.55,55567
01/03/2012,1.5564,1.5663,1.5557,1.5638,65038
01/04/2012,1.5634,1.5659,1.5568,1.56,63867
01/05/2012,1.56,1.5619,1.5457,1.5475,82304
01/06/2012,1.5485,1.5515,1.5365,1.5414,79764
01/09/2012,1.5411,1.5461,1.5386,1.5429,49997
01/10/2012,1.5453,1.5492,1.5436,1.5476,53615
01/11/2012,1.5474,1.5479,1.53,1.5306,108598
01/12/2012,1.5323,1.5359,1.527,1.5331,96728
01/13/2012,1.5329,1.54,1.5222,1.5293,98304
01/17/2012,1.5286,1.5396,1.5273,1.5318,90528
01/18/2012,1.5324,1.5436,1.5319,1.5417,88968
01/19/2012,1.5423,1.549,1.5407,1.546,81310
01/20/2012,1.5482,1.5571,1.5443,1.5532,88814
01/23/2012,1.5535,1.5596,1.551,1.5555,79551
01/24/2012,1.5557,1.5624,1.5525,1.5597,81310
01/25/2012,1.5613,1.5672,1.5525,1.5639,108606
01/26/2012,1.5648,1.573,1.5644,1.5689,98595
01/27/2012,1.5683,1.5735,1.5635,1.5716,100109
01/30/2012,1.5722,1.5723,1.5647,1.5692,68072
01/31/2012,1.5701,1.5794,1.5691,1.5749,103871
02/01/2012,1.5762,1.588,1.57,1.5829,107035
02/02/2012,1.5834,1.5854,1.579,1.5797,79429
02/03/2012,1.5803,1.5855,1.5745,1.5825,99791
02/06/2012,1.5814,1.5837,1.5725,1.5821,74051
02/07/2012,1.5818,1.5901,1.5784,1.5891,86747
02/08/2012,1.5899,1.5924,1.5792,1.5812,86986
02/09/2012,1.5813,1.5882,1.5789,1.5822,86263
02/10/2012,1.5814,1.5845,1.5725,1.5735,79641
02/13/2012,1.579,1.5824,1.5755,1.577,71197
02/14/2012,1.5748,1.5768,1.5641,1.5653,109948
02/15/2012,1.5691,1.5732,1.5667,1.5687,100608
02/16/2012,1.5682,1.5813,1.5652,1.5798,119418
02/17/2012,1.5797,1.586,1.5786,1.5838,86835
02/21/2012,1.5855,1.5895,1.5769,1.5782,128533
02/22/2012,1.5781,1.5813,1.5645,1.5669,135343
02/23/2012,1.5672,1.5747,1.5648,1.5713,93920
02/24/2012,1.574,1.5899,1.5718,1.5884,145632
02/27/2012,1.5887,1.5895,1.5808,1.5817,86206
02/28/2012,1.5818,1.5907,1.5798,1.5886,88121
02/29/2012,1.59,1.5992,1.5898,1.5919,139306
03/01/2012,1.5914,1.5975,1.5895,1.595,82540
03/02/2012,1.5953,1.5965,1.5822,1.583,96839
03/05/2012,1.5829,1.5876,1.5784,1.5867,76571
03/06/2012,1.5862,1.5882,1.5696,1.5706,132213
03/07/2012,1.5717,1.5758,1.5697,1.5739,78812
03/08/2012,1.5742,1.5833,1.5724,1.5826,106886
03/09/2012,1.583,1.5831,1.566,1.5667,131520
03/12/2012,1.5671,1.5695,1.5601,1.5631,100531
03/13/2012,1.5635,1.5747,1.562,1.5688,138709
03/14/2012,1.5704,1.5744,1.5649,1.5674,126314
03/15/2012,1.5667,1.5738,1.5633,1.5722,76123
03/16/2012,1.5699,1.5852,1.5685,1.5823,103021
03/19/2012,1.5835,1.5905,1.5812,1.5889,78403
03/20/2012,1.5882,1.5887,1.5821,1.5859,67749
03/21/2012,1.5852,1.5914,1.5807,1.5849,91058
03/22/2012,1.5859,1.5883,1.5761,1.5809,81533
03/23/2012,1.5806,1.59,1.5798,1.586,80368
03/26/2012,1.5862,1.5965,1.5792,1.5944,96398
03/27/2012,1.5955,1.5994,1.5934,1.5953,85884
03/28/2012,1.5941,1.5956,1.5832,1.5887,112504
03/29/2012,1.5881,1.5951,1.5852,1.5924,96035
03/30/2012,1.5945,1.603,1.5939,1.5988,114251
04/02/2012,1.6002,1.6056,1.5972,1.6035,90454
04/03/2012,1.601,1.604,1.5884,1.5888,107606
04/04/2012,1.5904,1.5909,1.5826,1.5882,92166
04/05/2012,1.5885,1.5902,1.5797,1.5823,88674
04/06/2012,1.5822,1.5886,1.5816,1.5869,15672
04/09/2012,1.5885,1.5908,1.5829,1.5901,35541
04/10/2012,1.5892,1.5925,1.5802,1.5853,109182
04/11/2012,1.5858,1.5933,1.5845,1.5896,100612
04/12/2012,1.5907,1.5979,1.5902,1.5965,85594
04/13/2012,1.5949,1.5963,1.5834,1.5846,100050
04/16/2012,1.5859,1.5906,1.5813,1.5898,108097
04/17/2012,1.5893,1.5969,1.5857,1.5943,103769
04/18/2012,1.5919,1.6037,1.5889,1.6023,161279
04/19/2012,1.6012,1.6072,1.6003,1.6051,123505
04/20/2012,1.6046,1.6146,1.6032,1.6103,114829
04/23/2012,1.6117,1.6131,1.6071,1.6119,95864
04/24/2012,1.6122,1.6158,1.6104,1.6131,89152
04/25/2012,1.6139,1.62,1.6077,1.6175,127696
04/26/2012,1.6165,1.6202,1.6154,1.6192,96562
04/27/2012,1.6176,1.6276,1.6149,1.6264,107041
04/30/2012,1.6266,1.6298,1.6217,1.6229,103201
05/01/2012,1.6232,1.6244,1.6182,1.6216,72750
05/02/2012,1.6217,1.6235,1.6157,1.6193,102241
05/03/2012,1.6195,1.6212,1.6155,1.6178,88381
05/04/2012,1.6176,1.6198,1.6137,1.6141,99435
05/07/2012,1.615,1.6193,1.611,1.6179,79542
05/08/2012,1.6188,1.6195,1.6118,1.6161,102064
05/09/2012,1.6153,1.6156,1.6062,1.614,126754
05/10/2012,1.6132,1.618,1.6089,1.6151,120240
05/11/2012,1.6131,1.614,1.6057,1.6067,103329
05/14/2012,1.6066,1.6121,1.6047,1.6101,111815
05/15/2012,1.6095,1.6111,1.5986,1.6,112088
05/16/2012,1.5995,1.5997,1.5884,1.5911,157221
05/17/2012,1.591,1.5931,1.5752,1.5814,156473
05/18/2012,1.5781,1.5835,1.573,1.5801,130916
05/21/2012,1.5809,1.584,1.5777,1.5804,101144
05/22/2012,1.5823,1.5847,1.5739,1.5773,106372
05/23/2012,1.5762,1.577,1.5666,1.5687,138417
05/24/2012,1.5691,1.5725,1.5637,1.5649,112978
05/25/2012,1.5667,1.5698,1.5627,1.5642,90558
05/29/2012,1.5681,1.5715,1.5606,1.5633,129385
05/30/2012,1.5636,1.5637,1.5473,1.5484,113892
05/31/2012,1.5481,1.5524,1.5358,1.5411,150295
06/01/2012,1.5404,1.5439,1.5267,1.5372,175818
06/04/2012,1.5368,1.5415,1.5341,1.5382,65087
06/05/2012,1.5381,1.5407,1.532,1.5368,73361
06/06/2012,1.5377,1.5516,1.5372,1.5472,108609
06/07/2012,1.549,1.5633,1.5429,1.5553,130722
06/08/2012,1.5532,1.5536,1.5403,1.5459,110496
06/11/2012,1.5514,1.5581,1.5482,1.5498,95731
06/12/2012,1.5472,1.5591,1.5454,1.5569,124083
06/13/2012,1.557,1.5598,1.5503,1.5529,128725
06/14/2012,1.5509,1.5565,1.5473,1.5532,124765
06/15/2012,1.5549,1.5747,1.547,1.5676,123288
06/18/2012,1.5721,1.5733,1.5631,1.5663,93092
06/19/2012,1.5662,1.5754,1.561,1.5728,102584
06/20/2012,1.572,1.5773,1.5644,1.5694,109572
06/21/2012,1.5706,1.5729,1.5573,1.5591,105767
06/22/2012,1.5592,1.563,1.5553,1.5582,83813
06/25/2012,1.5587,1.5589,1.5534,1.5559,63080
06/26/2012,1.5566,1.5647,1.556,1.5634,103719
06/27/2012,1.5631,1.5637,1.5541,1.5554,84598
06/28/2012,1.5566,1.5621,1.5481,1.5493,101609
06/29/2012,1.5517,1.5713,1.5506,1.5677,132492
07/02/2012,1.5692,1.572,1.5638,1.5689,105920
07/03/2012,1.569,1.5711,1.5657,1.5693,74423
07/05/2012,1.5684,1.5688,1.5497,1.5522,168853
07/06/2012,1.5518,1.5549,1.5458,1.5472,89878
07/09/2012,1.5478,1.5536,1.5468,1.5516,61557
07/10/2012,1.5525,1.5547,1.5476,1.5502,80723
07/11/2012,1.5515,1.5575,1.5483,1.5485,89965
07/12/2012,1.5503,1.5514,1.539,1.5427,95106
07/13/2012,1.5428,1.558,1.5411,1.5564,106882
07/16/2012,1.5575,1.5653,1.5515,1.5625,102516
07/17/2012,1.563,1.5676,1.5552,1.5644,90736
07/18/2012,1.5645,1.5667,1.5578,1.5638,82754
07/19/2012,1.5652,1.5736,1.5634,1.572,102754
07/20/2012,1.5714,1.572,1.5609,1.5614,82535
07/23/2012,1.5607,1.5613,1.5482,1.5519,119465
07/24/2012,1.5503,1.555,1.5484,1.5506,98935
07/25/2012,1.5504,1.555,1.5456,1.5507,141240
07/26/2012,1.5496,1.5724,1.5469,1.5691,170260
07/27/2012,1.5682,1.5767,1.5665,1.5724,136577
07/30/2012,1.5732,1.5739,1.5671,1.5707,77248
07/31/2012,1.5705,1.5729,1.5625,1.5681,109533
08/01/2012,1.5674,1.569,1.5529,1.5551,111726
08/02/2012,1.554,1.5681,1.5488,1.5501,180390
08/03/2012,1.5513,1.5657,1.5503,1.5643,108187
08/06/2012,1.5638,1.5665,1.5545,1.5608,83225
08/07/2012,1.5599,1.5684,1.5562,1.5638,88612
08/08/2012,1.562,1.5676,1.5571,1.5648,92144
08/09/2012,1.5655,1.5685,1.5603,1.5633,87099
08/10/2012,1.5634,1.57,1.5575,1.5671,124286
08/13/2012,1.5676,1.5716,1.5655,1.5686,77406
08/14/2012,1.5679,1.5736,1.5663,1.5689,78859
08/15/2012,1.5672,1.57,1.5658,1.5686,74954
08/16/2012,1.568,1.5744,1.5635,1.5738,111999
08/17/2012,1.5735,1.5738,1.5673,1.569,82714
08/20/2012,1.5696,1.5717,1.5676,1.5708,61311
08/21/2012,1.571,1.5804,1.5705,1.5777,116282
08/22/2012,1.5779,1.5881,1.5766,1.5866,104062
08/23/2012,1.5877,1.5912,1.5857,1.5863,97613
08/24/2012,1.5858,1.587,1.58,1.5809,99118
08/27/2012,1.5815,1.5828,1.579,1.5797,45084
08/28/2012,1.5788,1.5836,1.5752,1.582,84801
08/29/2012,1.5823,1.5854,1.5802,1.5835,69257
08/30/2012,1.583,1.5874,1.5769,1.5786,77994
08/31/2012,1.5783,1.5896,1.5778,1.5882,106877
09/04/2012,1.5878,1.5912,1.585,1.588,112806
09/05/2012,1.5873,1.5934,1.5825,1.5904,102832
09/06/2012,1.5902,1.5942,1.5881,1.5936,105697
09/07/2012,1.5935,1.6035,1.5922,1.6005,130389
09/10/2012,1.6012,1.6018,1.5959,1.6,100317
09/11/2012,1.5989,1.6084,1.5986,1.607,111569
09/12/2012,1.6069,1.6132,1.6064,1.6103,150271
09/13/2012,1.6107,1.6174,1.6069,1.6154,133916
09/14/2012,1.615,1.625,1.6138,1.6216,130378
09/17/2012,1.6223,1.6268,1.6204,1.6233,96044
09/18/2012,1.6241,1.6263,1.6214,1.6235,78117
09/19/2012,1.6235,1.6266,1.6179,1.6224,94247
09/20/2012,1.6215,1.6231,1.6159,1.6212,105941
09/21/2012,1.6212,1.6304,1.6208,1.6241,112399
09/24/2012,1.6243,1.6244,1.6176,1.6225,77930
09/25/2012,1.6219,1.6263,1.6178,1.6206,97700
09/26/2012,1.6189,1.6204,1.6133,1.6151,102244
09/27/2012,1.6166,1.624,1.6162,1.6232,114217
09/28/2012,1.623,1.6269,1.6109,1.6136,157291
10/01/2012,1.6154,1.6171,1.6105,1.6127,93872
10/02/2012,1.6127,1.6185,1.6122,1.6137,88267
10/03/2012,1.6126,1.6139,1.6063,1.607,90075
10/04/2012,1.6079,1.6198,1.6072,1.6181,106481
10/05/2012,1.619,1.6213,1.6119,1.6138,103927
10/08/2012,1.6139,1.6139,1.6016,1.6026,92006
10/09/2012,1.6019,1.6041,1.5972,1.6002,122563
10/10/2012,1.6003,1.603,1.5972,1.6001,84352
10/11/2012,1.5996,1.605,1.5981,1.604,78283
10/12/2012,1.6042,1.6093,1.6014,1.607,90136
10/15/2012,1.6073,1.6077,1.6017,1.6071,81589
10/16/2012,1.6069,1.6129,1.6057,1.6108,98604
10/17/2012,1.6108,1.6175,1.6108,1.615,93807
10/18/2012,1.6139,1.6167,1.6035,1.6059,111638
10/19/2012,1.6047,1.6064,1.5992,1.6009,92775
10/22/2012,1.6004,1.6048,1.5987,1.6001,75897
10/23/2012,1.6012,1.6021,1.5909,1.5939,105007
10/24/2012,1.5952,1.6045,1.5932,1.6035,110595
10/25/2012,1.6034,1.6141,1.6023,1.6121,131557
10/26/2012,1.6117,1.6139,1.6078,1.6095,95151
10/29/2012,1.6103,1.6103,1.6004,1.6037,58008
10/30/2012,1.6027,1.6084,1.6019,1.6075,41223
10/31/2012,1.6079,1.6138,1.6067,1.6127,86744
11/01/2012,1.6125,1.6173,1.6118,1.6126,94345
11/02/2012,1.6122,1.6132,1.6005,1.6019,106367
11/05/2012,1.6018,1.6037,1.5955,1.5969,95316
11/06/2012,1.5979,1.6006,1.5963,1.5992,74058
11/07/2012,1.5993,1.6041,1.5952,1.5986,113735
11/08/2012,1.5982,1.6004,1.5926,1.5977,99135
11/09/2012,1.5981,1.6018,1.5885,1.5901,119099
11/12/2012,1.5903,1.5913,1.5862,1.5873,58987
11/13/2012,1.5875,1.5913,1.5856,1.5873,95938
11/14/2012,1.5871,1.59,1.5835,1.5852,101676
11/15/2012,1.5845,1.5878,1.5822,1.5849,100003
11/16/2012,1.5863,1.59,1.5834,1.588,95161
11/19/2012,1.5891,1.5922,1.5885,1.5901,73103
11/20/2012,1.5906,1.5934,1.589,1.5914,82233
11/21/2012,1.5921,1.5958,1.5882,1.5948,86164
11/23/2012,1.5954,1.6051,1.5925,1.6044,111477
11/26/2012,1.6025,1.6039,1.5995,1.6018,76491
11/27/2012,1.6032,1.6057,1.6009,1.6017,78234
11/28/2012,1.6016,1.6022,1.596,1.6015,87219
11/29/2012,1.6014,1.6047,1.6002,1.6038,88152
11/30/2012,1.6042,1.6061,1.5988,1.6023,101528
12/03/2012,1.6021,1.6116,1.6019,1.6093,125327
12/04/2012,1.6095,1.613,1.6085,1.6105,96638
12/05/2012,1.6099,1.6119,1.6082,1.6097,99409
12/06/2012,1.6093,1.6128,1.6039,1.6047,124463
12/07/2012,1.6043,1.6061,1.6002,1.6035,123008
12/10/2012,1.6029,1.6097,1.6014,1.607,99112
12/11/2012,1.6075,1.6122,1.6068,1.6112,112997
12/12/2012,1.6116,1.6208,1.6095,1.6159,151649
12/13/2012,1.6139,1.6154,1.6084,1.6111,137081
12/14/2012,1.6111,1.6175,1.61,1.6164,100889
12/17/2012,1.6169,1.6213,1.6153,1.6199,74531
12/18/2012,1.6195,1.6267,1.6191,1.6244,83645
12/19/2012,1.6245,1.6304,1.624,1.6255,93483
12/20/2012,1.6246,1.6294,1.624,1.6279,96456
12/21/2012,1.6275,1.6276,1.6148,1.6157,91489
12/24/2012,1.6161,1.6205,1.6097,1.6132,35338
12/26/2012,1.6147,1.6169,1.6105,1.6126,31069
12/27/2012,1.6135,1.6201,1.6065,1.6106,78650
12/28/2012,1.6106,1.6168,1.6075,1.6148,58501
12/31/2012,1.6162,1.6271,1.6131,1.624,60151
01/02/2013,1.63,1.6314,1.6221,1.6242,78103
01/03/2013,1.625,1.6252,1.6087,1.6103,100945
01/04/2013,1.6065,1.6095,1.5945,1.6059,126759
01/07/2013,1.6075,1.6113,1.6017,1.6102,96245
01/08/2013,1.612,1.6123,1.6025,1.6054,85885
01/09/2013,1.6052,1.6071,1.5988,1.6012,106874
01/10/2013,1.6014,1.6164,1.6,1.6149,130556
01/11/2013,1.6162,1.6166,1.6084,1.6118,100457
01/14/2013,1.6129,1.6151,1.6026,1.6083,101229
01/15/2013,1.607,1.6097,1.6028,1.6053,109936
01/16/2013,1.6059,1.6076,1.597,1.6001,118666
01/17/2013,1.5993,1.6035,1.5951,1.6004,124649
01/18/2013,1.5995,1.5995,1.5847,1.5859,160777
01/22/2013,1.5843,1.5889,1.5801,1.5841,189342
01/23/2013,1.5836,1.5888,1.5797,1.5836,117500
01/24/2013,1.5828,1.5848,1.5752,1.5787,126741
01/25/2013,1.5785,1.5823,1.5741,1.5795,136876
01/28/2013,1.5766,1.5791,1.567,1.5692,118120
01/29/2013,1.5686,1.5769,1.5686,1.5754,105020
01/30/2013,1.5754,1.5813,1.5721,1.5787,104679
01/31/2013,1.5794,1.5872,1.5771,1.5853,119838
02/01/2013,1.5855,1.5874,1.5685,1.5713,138410
02/04/2013,1.5695,1.5769,1.569,1.5759,103840
02/05/2013,1.5749,1.5802,1.5627,1.5658,143369
02/06/2013,1.5657,1.5675,1.5628,1.5663,95529
02/07/2013,1.5662,1.5767,1.5642,1.5708,190908
02/08/2013,1.5711,1.5842,1.5702,1.5794,132489
02/11/2013,1.5787,1.5807,1.5649,1.566,105729
02/12/2013,1.5649,1.5669,1.5568,1.5651,131541
02/13/2013,1.5679,1.5686,1.552,1.5539,147927
02/14/2013,1.5537,1.554,1.5471,1.5482,107884
02/15/2013,1.5493,1.5548,1.5459,1.5512,116507
02/19/2013,1.5487,1.5506,1.5412,1.5422,149430
02/20/2013,1.5423,1.5449,1.5189,1.5242,186212
02/21/2013,1.5238,1.5271,1.5124,1.5239,164712
02/22/2013,1.5248,1.532,1.5155,1.5239,142476
02/25/2013,1.5112,1.5198,1.5082,1.5187,171181
02/26/2013,1.5166,1.5218,1.511,1.5129,151346
02/27/2013,1.5126,1.5187,1.5079,1.5146,134279
02/28/2013,1.5157,1.5221,1.5147,1.5172,120311
03/01/2013,1.5166,1.5185,1.4983,1.5016,148947
03/04/2013,1.5028,1.5117,1.4998,1.511,112199
03/05/2013,1.5112,1.5199,1.5093,1.5112,121495
03/06/2013,1.5125,1.5154,1.5014,1.504,109670
03/07/2013,1.4989,1.5082,1.4967,1.5016,157489
03/08/2013,1.5012,1.5046,1.4884,1.4933,144891
03/11/2013,1.4924,1.4944,1.4865,1.493,107793
03/12/2013,1.4917,1.492,1.4831,1.4909,158277
03/13/2013,1.4898,1.4983,1.4892,1.4923,163182
03/14/2013,1.492,1.5121,1.4915,1.508,153893
03/15/2013,1.5079,1.5168,1.506,1.5072,155942
03/18/2013,1.5104,1.5137,1.5063,1.5093,106987
03/19/2013,1.51,1.5138,1.5066,1.5094,113490
03/20/2013,1.5086,1.518,1.5019,1.5108,202830
03/21/2013,1.5097,1.5204,1.5083,1.5175,125039
03/22/2013,1.5163,1.5244,1.5158,1.5222,104896
03/25/2013,1.5223,1.526,1.5137,1.5175,105117
03/26/2013,1.5165,1.5201,1.5128,1.5151,73754
03/27/2013,1.5153,1.5176,1.5085,1.5122,84832
03/28/2013,1.5124,1.5195,1.5105,1.5165,103988
04/01/2013,1.5189,1.5236,1.5171,1.5224,43333
04/02/2013,1.5217,1.5253,1.5093,1.5101,104566
04/03/2013,1.5101,1.5154,1.5069,1.5137,94730
04/04/2013,1.5126,1.524,1.5027,1.523,147074
04/05/2013,1.5226,1.5357,1.5194,1.5332,119780
04/08/2013,1.5327,1.5346,1.5232,1.5247,96787
04/09/2013,1.5257,1.5337,1.5244,1.533,89357
04/10/2013,1.5315,1.5338,1.5287,1.531,71317
04/11/2013,1.5323,1.5406,1.5313,1.5385,96601
04/12/2013,1.5378,1.5405,1.5335,1.5338,82773
04/15/2013,1.5337,1.5381,1.5265,1.5273,92145
04/16/2013,1.5286,1.5374,1.5266,1.5363,96945
04/17/2013,1.5358,1.5364,1.5212,1.5232,122290
04/18/2013,1.5239,1.5308,1.5213,1.528,92894
04/19/2013,1.5276,1.5364,1.5218,1.5225,108907
04/22/2013,1.5227,1.5289,1.5197,1.5274,76609
04/23/2013,1.5283,1.5293,1.5192,1.5238,102389
04/24/2013,1.5234,1.5283,1.5222,1.5263,68502
04/25/2013,1.5261,1.5477,1.5259,1.5439,171765
04/26/2013,1.5428,1.5495,1.5414,1.5482,98451
04/29/2013,1.5475,1.5542,1.5472,1.5486,87762
04/30/2013,1.549,1.5564,1.5463,1.5526,106048
05/01/2013,1.5528,1.5603,1.5522,1.5586,94655
05/02/2013,1.5555,1.5587,1.5493,1.5528,103235
05/03/2013,1.553,1.5599,1.5475,1.556,124343
05/06/2013,1.5563,1.5594,1.5517,1.5542,46804
05/07/2013,1.5538,1.5549,1.5442,1.5484,87379
05/08/2013,1.5478,1.5589,1.5468,1.5539,106624
05/09/2013,1.5534,1.5585,1.5422,1.5426,131945
05/10/2013,1.5446,1.5454,1.5309,1.5352,140856
05/13/2013,1.5355,1.5382,1.5272,1.5287,103182
05/14/2013,1.53,1.5327,1.5202,1.5217,129890
05/15/2013,1.5215,1.527,1.517,1.5217,158288
05/16/2013,1.5223,1.532,1.5194,1.5303,119642
05/17/2013,1.5271,1.5278,1.5154,1.5167,117000
05/20/2013,1.5184,1.5279,1.5164,1.5267,110467
05/21/2013,1.5258,1.5274,1.511,1.5149,141015
05/22/2013,1.515,1.5171,1.5017,1.5035,178760
05/23/2013,1.5039,1.5127,1.5012,1.5102,136036
05/24/2013,1.5103,1.5141,1.5062,1.5112,99745
05/28/2013,1.5122,1.5155,1.5024,1.5062,134350
05/29/2013,1.5037,1.5145,1.5006,1.5122,131320
05/30/2013,1.5124,1.5236,1.5108,1.5218,134936
05/31/2013,1.523,1.5239,1.5138,1.518,136985
06/03/2013,1.5196,1.5376,1.5191,1.5324,141830
06/04/2013,1.5317,1.5342,1.5272,1.5304,104833
06/05/2013,1.5312,1.5409,1.529,1.5401,143513
06/06/2013,1.5406,1.5684,1.5381,1.5608,236911
06/07/2013,1.5587,1.5617,1.5487,1.5558,185374
06/10/2013,1.5538,1.5586,1.5495,1.5584,128786
06/11/2013,1.557,1.5652,1.552,1.5642,190058
06/12/2013,1.5644,1.57,1.5633,1.5677,165791
06/13/2013,1.568,1.5738,1.5646,1.5697,136240
06/14/2013,1.5706,1.5709,1.5608,1.5693,112803
06/17/2013,1.5703,1.5743,1.5672,1.5686,81327
06/18/2013,1.5711,1.5714,1.5556,1.5641,106178
06/19/2013,1.5632,1.5669,1.5441,1.5477,119256
06/20/2013,1.5483,1.5509,1.5406,1.5469,179984
06/21/2013,1.5496,1.5523,1.536,1.542,131906
06/24/2013,1.5389,1.5457,1.5335,1.5435,140934
06/25/2013,1.5428,1.547,1.5389,1.5418,113452
06/26/2013,1.5416,1.5433,1.5289,1.5306,126799
06/27/2013,1.5307,1.5339,1.5193,1.5253,120082
06/28/2013,1.5253,1.5271,1.5157,1.5204,113592
07/01/2013,1.5204,1.5242,1.5175,1.5199,80183
07/02/2013,1.5207,1.523,1.5128,1.5146,89633
07/03/2013,1.5146,1.5298,1.5122,1.5266,110983
07/05/2013,1.527,1.5276,1.4845,1.4893,259580
07/08/2013,1.4874,1.496,1.4852,1.4942,94362
07/09/2013,1.494,1.4974,1.4806,1.4862,129532
07/10/2013,1.486,1.5009,1.4838,1.4917,130479
07/11/2013,1.5053,1.5216,1.5027,1.5184,166241
07/12/2013,1.5179,1.5182,1.5069,1.5096,93218
07/15/2013,1.5099,1.512,1.5021,1.5096,88762
07/16/2013,1.5092,1.5163,1.5037,1.5142,112226
07/17/2013,1.5144,1.5262,1.5072,1.5202,165014
07/18/2013,1.5206,1.5237,1.515,1.5211,102731
07/19/2013,1.5221,1.5276,1.5191,1.5255,68092
07/22/2013,1.5259,1.5378,1.5252,1.5351,90802
07/23/2013,1.5349,1.5387,1.532,1.5386,95095
07/24/2013,1.5369,1.5384,1.5284,1.5307,101884
07/25/2013,1.5314,1.5432,1.5258,1.5355,123420
07/26/2013,1.538,1.5412,1.5351,1.5378,80129
07/29/2013,1.5378,1.5409,1.5323,1.5352,66472
07/30/2013,1.5338,1.535,1.5218,1.5238,95561
07/31/2013,1.5236,1.525,1.512,1.5242,158665
08/01/2013,1.5198,1.5239,1.5105,1.5115,163453
08/02/2013,1.5117,1.5304,1.5098,1.528,135811
08/05/2013,1.5276,1.5373,1.5254,1.5344,98980
08/06/2013,1.5353,1.5395,1.5328,1.5351,79871
08/07/2013,1.5347,1.5528,1.52,1.5492,227361
08/08/2013,1.5487,1.557,1.548,1.5544,94719
08/09/2013,1.5531,1.5554,1.5493,1.5509,74505
08/12/2013,1.5505,1.5518,1.5455,1.5467,59553
08/13/2013,1.546,1.551,1.542,1.5442,98265
08/14/2013,1.5442,1.5544,1.5419,1.5502,120338
08/15/2013,1.5498,1.565,1.5498,1.5638,155672
08/16/2013,1.5637,1.5655,1.5604,1.5638,87155
08/19/2013,1.563,1.567,1.5606,1.5654,70496
08/20/2013,1.5645,1.5695,1.5625,1.5673,79274
08/21/2013,1.5662,1.5716,1.5635,1.5696,104316
08/22/2013,1.5659,1.5661,1.556,1.5581,103655
08/23/2013,1.5586,1.5656,1.5537,1.5572,101998
08/26/2013,1.5574,1.561,1.5554,1.5575,46327
08/27/2013,1.5574,1.559,1.5479,1.5538,105343
08/28/2013,1.5545,1.5552,1.5425,1.5525,128563
08/29/2013,1.5526,1.5546,1.548,1.5496,81003
08/30/2013,1.5503,1.5527,1.5461,1.5493,69971
09/03/2013,1.5516,1.5604,1.5504,1.5562,146968
09/04/2013,1.5557,1.5648,1.5555,1.5622,99334
09/05/2013,1.5622,1.5675,1.5571,1.559,122964
09/06/2013,1.5587,1.5682,1.5564,1.5634,109217
09/09/2013,1.5626,1.5732,1.5626,1.5702,91530
09/10/2013,1.5694,1.5746,1.5685,1.5731,93728
09/11/2013,1.573,1.5829,1.5719,1.5826,148589
09/12/2013,1.5823,1.5841,1.5768,1.5812,113333
09/13/2013,1.5795,1.5874,1.5766,1.5869,106192
09/16/2013,1.5923,1.5953,1.5883,1.5887,91068
09/17/2013,1.5886,1.5928,1.5876,1.59,78622
09/18/2013,1.5895,1.6153,1.5882,1.6098,149489
09/19/2013,1.6125,1.6137,1.6013,1.6024,138043
09/20/2013,1.602,1.6057,1.5977,1.601,89228
09/23/2013,1.5994,1.6063,1.5989,1.6038,72309
09/24/2013,1.6032,1.6035,1.5943,1.5997,82201
09/25/2013,1.5994,1.6079,1.5971,1.6067,86723
09/26/2013,1.6069,1.6087,1.599,1.6033,82162
09/27/2013,1.603,1.6138,1.6021,1.6125,87743
09/30/2013,1.613,1.6194,1.6119,1.6177,96284
10/01/2013,1.6175,1.6252,1.6173,1.6188,97468
10/02/2013,1.6184,1.6243,1.6153,1.6212,87270
10/03/2013,1.622,1.6232,1.6145,1.6151,89292
10/04/2013,1.615,1.6169,1.5996,1.6017,107303
10/07/2013,1.6017,1.6092,1.6016,1.6084,77834
10/08/2013,1.6081,1.6117,1.601,1.6073,85299
10/09/2013,1.6073,1.6114,1.5909,1.5948,119438
10/10/2013,1.5949,1.5975,1.5906,1.597,77576
10/11/2013,1.5963,1.5994,1.5915,1.5952,62916
10/14/2013,1.5965,1.6012,1.5947,1.5987,54636
10/15/2013,1.5977,1.6022,1.5908,1.5987,89758
10/16/2013,1.5993,1.6056,1.5886,1.594,121330
10/17/2013,1.5951,1.6166,1.5933,1.6151,125001
10/18/2013,1.6154,1.6218,1.6134,1.6153,69946
10/21/2013,1.6163,1.6174,1.6125,1.6138,53523
10/22/2013,1.614,1.6242,1.6108,1.6232,87157
10/23/2013,1.6225,1.625,1.6113,1.6164,87941
10/24/2013,1.6159,1.6217,1.6131,1.6198,79591
10/25/2013,1.6195,1.6241,1.6144,1.6168,73204
10/28/2013,1.6166,1.6203,1.6119,1.6153,61131
10/29/2013,1.6134,1.6137,1.6016,1.6041,93212
10/30/2013,1.6043,1.6073,1.5992,1.6011,93296
10/31/2013,1.6032,1.6064,1.6,1.6048,104739
11/01/2013,1.6037,1.6042,1.5903,1.5922,110483
11/04/2013,1.592,1.5975,1.5897,1.5965,63035
11/05/2013,1.5961,1.6059,1.5944,1.6044,106010
11/06/2013,1.604,1.6114,1.6038,1.6078,73815
11/07/2013,1.6074,1.6111,1.6005,1.6084,123824
11/08/2013,1.6093,1.6102,1.5953,1.5997,114618
11/11/2013,1.6006,1.6018,1.5961,1.5974,53611
11/12/2013,1.5985,1.5988,1.585,1.5887,105913
11/13/2013,1.5893,1.6063,1.5875,1.6019,127455
11/14/2013,1.6041,1.6099,1.5984,1.6054,103075
11/15/2013,1.6061,1.6132,1.6042,1.6108,85144
11/18/2013,1.6115,1.6146,1.6079,1.6094,66409
11/19/2013,1.6109,1.613,1.6056,1.6114,74276
11/20/2013,1.6111,1.6175,1.6083,1.6087,123795
11/21/2013,1.6096,1.6199,1.607,1.616,104146
11/22/2013,1.6191,1.6224,1.6174,1.6204,69730
11/25/2013,1.623,1.6238,1.6131,1.6146,81566
11/26/2013,1.6159,1.6218,1.6137,1.6217,89492
11/27/2013,1.6211,1.6329,1.6195,1.6275,124746
11/29/2013,1.6286,1.6383,1.6274,1.636,113600
12/02/2013,1.637,1.6442,1.6342,1.6348,128461
12/03/2013,1.6353,1.6436,1.6346,1.64,79648
12/04/2013,1.6386,1.6403,1.6325,1.6377,119478
12/05/2013,1.6381,1.6403,1.6298,1.634,117464
12/06/2013,1.6339,1.6394,1.6292,1.6342,118483
12/09/2013,1.6344,1.6433,1.6323,1.6427,81580
12/10/2013,1.642,1.6465,1.6418,1.6446,110392
12/11/2013,1.6448,1.6457,1.6338,1.6382,149664
12/12/2013,1.6375,1.6418,1.632,1.6346,128435
12/13/2013,1.6334,1.6351,1.6252,1.6281,95165
12/16/2013,1.6293,1.6339,1.6279,1.629,75046
12/17/2013,1.6288,1.6326,1.6203,1.6254,83680
12/18/2013,1.6262,1.6476,1.626,1.6421,146288
12/19/2013,1.6374,1.6386,1.6326,1.6364,70968
12/20/2013,1.6358,1.6386,1.6305,1.6324,75912
12/23/2013,1.6322,1.6367,1.6315,1.634,44924
12/24/2013,1.6338,1.6375,1.6314,1.6366,23822
12/26/2013,1.637,1.6431,1.6367,1.6413,20919
12/27/2013,1.6407,1.657,1.6399,1.6453,85287
12/30/2013,1.648,1.6525,1.6452,1.6512,45497
12/31/2013,1.6485,1.6572,1.6465,1.6558,39433
01/02/2014,1.655,1.6551,1.6402,1.6414,76444
01/03/2014,1.6439,1.6466,1.6387,1.6413,79771
01/06/2014,1.6404,1.6426,1.6329,1.6397,83519
01/07/2014,1.6406,1.6431,1.6365,1.6399,63774
01/08/2014,1.6393,1.6464,1.6369,1.6443,88301
01/09/2014,1.6434,1.649,1.6432,1.6463,82105
01/10/2014,1.6467,1.6509,1.637,1.6465,120295
01/13/2014,1.6478,1.65,1.6338,1.6381,95800
01/14/2014,1.6378,1.6458,1.6359,1.6428,92961
01/15/2014,1.6431,1.6432,1.6313,1.6361,115941
01/16/2014,1.6362,1.6376,1.6308,1.6351,89639
01/17/2014,1.6345,1.6452,1.6301,1.6413,111280
01/21/2014,1.6405,1.648,1.6389,1.6472,131302
01/22/2014,1.6469,1.6581,1.6443,1.657,130565
01/23/2014,1.6566,1.6638,1.655,1.6624,134922
01/24/2014,1.6632,1.6662,1.6472,1.65,157070
01/27/2014,1.6476,1.6582,1.6465,1.6568,83589
01/28/2014,1.6574,1.6619,1.6531,1.6573,87893
01/29/2014,1.6554,1.6601,1.6519,1.6569,92040
01/30/2014,1.6551,1.656,1.6439,1.6472,99219
01/31/2014,1.6488,1.6493,1.6422,1.6428,101561
02/03/2014,1.6426,1.6435,1.6284,1.6301,147462
02/04/2014,1.6307,1.6339,1.6252,1.6315,103297
02/05/2014,1.6321,1.6337,1.6247,1.6307,109910
02/06/2014,1.6308,1.6343,1.6267,1.6317,81785
02/07/2014,1.6316,1.6414,1.6295,1.6407,111857
02/10/2014,1.6408,1.6423,1.6377,1.64,57690
02/11/2014,1.6401,1.6484,1.6387,1.6445,87235
02/12/2014,1.6448,1.6596,1.6422,1.6593,157245
02/13/2014,1.6606,1.6672,1.6597,1.6651,115454
02/14/2014,1.6653,1.6747,1.6641,1.6739,95437
02/18/2014,1.6752,1.6821,1.6652,1.668,193305
02/19/2014,1.6679,1.6731,1.6634,1.6694,126770
02/20/2014,1.6678,1.6699,1.6622,1.6657,98394
02/21/2014,1.6649,1.6723,1.6608,1.6643,122627
02/24/2014,1.663,1.6676,1.6581,1.6662,86139
02/25/2014,1.6653,1.6725,1.6639,1.6675,125981
02/26/2014,1.6676,1.67,1.6619,1.6661,79486
02/27/2014,1.6663,1.6697,1.6615,1.6683,85049
02/28/2014,1.6688,1.6767,1.6675,1.6757,124178
03/03/2014,1.6736,1.675,1.6651,1.6658,94018
03/04/2014,1.6664,1.6715,1.6638,1.6672,83676
03/05/2014,1.6659,1.674,1.6655,1.6713,91588
03/06/2014,1.6719,1.6777,1.6684,1.6738,111364
03/07/2014,1.6737,1.6784,1.6706,1.6725,98719
03/10/2014,1.6725,1.6741,1.662,1.6639,106184
03/11/2014,1.6645,1.6652,1.6596,1.6626,109190
03/12/2014,1.6616,1.6635,1.6568,1.6614,130758
03/13/2014,1.6618,1.672,1.6607,1.6615,136621
03/14/2014,1.6612,1.6645,1.6576,1.6619,89368
03/17/2014,1.6633,1.6655,1.6593,1.6626,66911
03/18/2014,1.6624,1.6637,1.6534,1.6575,102507
03/19/2014,1.6585,1.6644,1.6496,1.6521,118619
03/20/2014,1.6522,1.6557,1.6469,1.6493,78804
03/21/2014,1.6498,1.651,1.6465,1.6484,67188
03/24/2014,1.6466,1.6527,1.6455,1.6484,68147
03/25/2014,1.6485,1.654,1.6471,1.6521,82892
03/26/2014,1.6523,1.6587,1.6499,1.6565,74421
03/27/2014,1.6568,1.6638,1.6546,1.6606,91858
03/28/2014,1.6597,1.6643,1.659,1.6635,66472
03/31/2014,1.6637,1.6675,1.6603,1.6662,86889
04/01/2014,1.6653,1.6666,1.661,1.662,60689
04/02/2014,1.6622,1.6656,1.6612,1.6616,53794
04/03/2014,1.6615,1.6653,1.656,1.6579,95016
04/04/2014,1.6584,1.6596,1.6545,1.657,80285
04/07/2014,1.6563,1.6615,1.6556,1.6601,48181
04/08/2014,1.6599,1.6747,1.6598,1.6739,109353
04/09/2014,1.6738,1.6793,1.6716,1.6785,77408
04/10/2014,1.6782,1.6812,1.6746,1.6779,68371
04/11/2014,1.6775,1.6779,1.671,1.6738,63387
04/14/2014,1.6729,1.6736,1.6689,1.6719,58341
04/15/2014,1.6717,1.6745,1.664,1.6712,72662
04/16/2014,1.672,1.6816,1.6712,1.679,53303
04/17/2014,1.679,1.6834,1.6779,1.6791,52593
04/21/2014,1.6797,1.6812,1.6776,1.6793,19257
04/22/2014,1.6787,1.6833,1.6779,1.6815,53898
04/23/2014,1.6819,1.6829,1.6755,1.6774,74493
04/24/2014,1.6773,1.6801,1.6759,1.6792,52915
04/25/2014,1.6795,1.6828,1.6783,1.6794,52956
04/28/2014,1.68,1.6853,1.677,1.6806,74149
04/29/2014,1.6802,1.6841,1.6787,1.6825,76977
04/30/2014,1.682,1.6895,1.6797,1.6881,84051
05/01/2014,1.6869,1.6916,1.6866,1.6889,54775
05/02/2014,1.6881,1.689,1.6804,1.6864,92847
05/05/2014,1.687,1.6877,1.6848,1.6864,29818
05/06/2014,1.6861,1.6992,1.6861,1.698,97888
05/07/2014,1.6967,1.6982,1.6946,1.6955,60482
05/08/2014,1.6948,1.6969,1.692,1.6939,101393
05/09/2014,1.6928,1.6934,1.6827,1.6838,92837
05/12/2014,1.6848,1.6899,1.6844,1.6861,51985
05/13/2014,1.6863,1.6879,1.6815,1.6818,65208
05/14/2014,1.6822,1.6871,1.6748,1.6766,115702
05/15/2014,1.6762,1.6802,1.6727,1.6791,81568
05/16/2014,1.6786,1.684,1.678,1.6817,61760
05/19/2014,1.6819,1.6842,1.6802,1.6814,53132
05/20/2014,1.681,1.6864,1.6799,1.6836,59451
05/21/2014,1.6836,1.6919,1.6829,1.6893,100805
05/22/2014,1.6895,1.6915,1.6849,1.6862,64365
05/23/2014,1.6866,1.6873,1.6809,1.6816,55260
05/27/2014,1.683,1.688,1.678,1.6808,82661
05/28/2014,1.6807,1.6813,1.6694,1.6707,98200
05/29/2014,1.6709,1.6739,1.6691,1.6719,76737
05/30/2014,1.6716,1.6776,1.6715,1.6762,81795
06/02/2014,1.6759,1.6764,1.6724,1.6744,75139
06/03/2014,1.6745,1.6782,1.6729,1.6744,63124
06/04/2014,1.6749,1.6768,1.6697,1.6742,73953
06/05/2014,1.6736,1.6825,1.6721,1.6814,130875
06/06/2014,1.6814,1.6847,1.678,1.681,81331
06/09/2014,1.6808,1.6832,1.6784,1.6794,69156
06/10/2014,1.6802,1.6817,1.6742,1.6754,149335
06/11/2014,1.6754,1.6811,1.6737,1.6793,151827
06/12/2014,1.6789,1.6931,1.6787,1.6837,189453
06/13/2014,1.6913,1.6979,1.6911,1.6955,152093
06/16/2014,1.6964,1.6997,1.6946,1.6965,78468
06/17/2014,1.6968,1.6977,1.6925,1.6943,79080
06/18/2014,1.6948,1.6992,1.6897,1.6942,113514
06/19/2014,1.6981,1.7051,1.6974,1.7031,102075
06/20/2014,1.7027,1.7049,1.6991,1.7001,95216
06/23/2014,1.7009,1.7041,1.699,1.7011,60677
06/24/2014,1.7015,1.7022,1.6955,1.6972,101875
06/25/2014,1.6972,1.6995,1.6941,1.6969,79299
06/26/2014,1.6972,1.703,1.696,1.7014,103703
06/27/2014,1.7015,1.7042,1.6997,1.7011,61061
06/30/2014,1.7025,1.7105,1.6998,1.7095,96352
07/01/2014,1.7099,1.7156,1.7086,1.7141,83903
07/02/2014,1.7141,1.7169,1.713,1.7153,71572
07/03/2014,1.7154,1.7156,1.7076,1.7139,81914
07/07/2014,1.7152,1.7153,1.7099,1.7122,76692
07/08/2014,1.7121,1.7139,1.7076,1.7119,68032
07/09/2014,1.712,1.7152,1.7085,1.7149,71708
07/10/2014,1.7147,1.716,1.7096,1.7133,64503
07/11/2014,1.7126,1.7142,1.708,1.7108,55859
07/14/2014,1.711,1.7136,1.7061,1.7072,76426
07/15/2014,1.7077,1.7184,1.705,1.7138,127097
07/16/2014,1.7134,1.7143,1.7104,1.7126,78405
07/17/2014,1.7129,1.7135,1.7077,1.7104,61046
07/18/2014,1.7093,1.711,1.7028,1.7086,94507
07/21/2014,1.7077,1.7092,1.7048,1.7066,47091
07/22/2014,1.7066,1.7076,1.7033,1.7052,71338
07/23/2014,1.7056,1.7088,1.7016,1.7021,95680
07/24/2014,1.7032,1.7047,1.6959,1.6977,102901
07/25/2014,1.6981,1.6991,1.6954,1.6969,72500
07/28/2014,1.6969,1.6995,1.6966,1.6973,47530
07/29/2014,1.6975,1.6989,1.6926,1.6938,75837
07/30/2014,1.6936,1.6948,1.6883,1.6909,92576
07/31/2014,1.6906,1.692,1.6849,1.6876,106986
08/01/2014,1.688,1.6886,1.6805,1.6825,129290
08/04/2014,1.6821,1.6859,1.6808,1.6847,63935
08/05/2014,1.6852,1.6883,1.684,1.6869,82318
08/06/2014,1.6879,1.6879,1.6816,1.684,91252
08/07/2014,1.6845,1.6859,1.6818,1.6829,71646
08/08/2014,1.6826,1.6829,1.6761,1.677,100960
08/11/2014,1.6767,1.6791,1.6766,1.6781,56113
08/12/2014,1.6781,1.6811,1.6752,1.6808,65066
08/13/2014,1.6804,1.6842,1.6681,1.6683,161992
08/14/2014,1.6683,1.6693,1.6653,1.6681,80980
08/15/2014,1.6679,1.6698,1.6673,1.6693,74818
08/18/2014,1.6712,1.6734,1.6709,1.6723,55978
08/19/2014,1.6721,1.6725,1.6607,1.6615,96849
08/20/2014,1.661,1.6678,1.6587,1.6595,124887
08/21/2014,1.6593,1.6598,1.6562,1.6583,63504
08/22/2014,1.6575,1.6595,1.6559,1.6574,79615
08/25/2014,1.6549,1.6595,1.6549,1.6576,42355
08/26/2014,1.6568,1.6593,1.6536,1.6545,73337
08/27/2014,1.6539,1.6604,1.6534,1.6579,85079
08/28/2014,1.6573,1.6612,1.6565,1.6584,76742
08/29/2014,1.6587,1.6612,1.656,1.6561,87182
09/02/2014,1.6586,1.6643,1.6466,1.6472,151953
09/03/2014,1.6466,1.6496,1.6439,1.6453,119284
09/04/2014,1.6458,1.6464,1.6329,1.6331,139197
09/05/2014,1.6318,1.6339,1.6275,1.6329,124912
09/08/2014,1.6183,1.6232,1.6098,1.6114,182933
09/09/2014,1.6093,1.6155,1.6059,1.6089,202441
09/10/2014,1.6105,1.623,1.6051,1.6199,248745
09/11/2014,1.6204,1.6271,1.6186,1.6219,139986
09/12/2014,1.626,1.6263,1.6192,1.6244,115135
09/15/2014,1.6256,1.6261,1.6208,1.6213,61974
09/16/2014,1.6216,1.6299,1.615,1.6266,127204
09/17/2014,1.626,1.6346,1.6236,1.6279,126837
09/18/2014,1.6248,1.6397,1.6233,1.6362,133473
09/19/2014,1.6436,1.6515,1.6266,1.63,259973
09/22/2014,1.6281,1.6356,1.6278,1.6345,86010
09/23/2014,1.635,1.6404,1.6291,1.6393,111709
09/24/2014,1.6376,1.6402,1.6316,1.6327,87340
09/25/2014,1.6327,1.6331,1.6265,1.63,133077
09/26/2014,1.6308,1.6323,1.6227,1.6241,87454
09/29/2014,1.6229,1.6264,1.6203,1.624,80792
09/30/2014,1.6231,1.6277,1.6155,1.6191,128059
10/01/2014,1.6204,1.6242,1.6151,1.6165,95429
10/02/2014,1.6172,1.624,1.6102,1.6136,122164
10/03/2014,1.6142,1.6149,1.5941,1.5953,120204
10/06/2014,1.5955,1.6089,1.5944,1.6051,88767
10/07/2014,1.6073,1.6119,1.6017,1.6087,99211
10/08/2014,1.6089,1.6173,1.6023,1.6151,120589
10/09/2014,1.6151,1.6218,1.6092,1.6111,116356
10/10/2014,1.6111,1.6126,1.6,1.6045,87562
10/13/2014,1.6061,1.6118,1.6041,1.605,67606
10/14/2014,1.6067,1.6072,1.5888,1.59,121065
10/15/2014,1.5898,1.6062,1.5866,1.5922,231323
10/16/2014,1.5997,1.6089,1.5933,1.6053,146205
10/17/2014,1.6069,1.6119,1.6021,1.6102,94314
10/20/2014,1.6086,1.6172,1.6071,1.6161,62835
10/21/2014,1.6153,1.6178,1.6101,1.6113,66013
10/22/2014,1.611,1.6124,1.6005,1.6043,83814
10/23/2014,1.6037,1.6054,1.5988,1.6022,76536
10/24/2014,1.6022,1.6092,1.6004,1.607,68774
10/27/2014,1.6078,1.6141,1.6077,1.6122,51404
10/28/2014,1.6112,1.6177,1.6082,1.6123,71303
10/29/2014,1.6125,1.6155,1.5996,1.6013,88162
10/30/2014,1.6008,1.6032,1.5944,1.5997,84521
10/31/2014,1.5996,1.6006,1.5936,1.5985,101243
11/03/2014,1.5969,1.6027,1.592,1.5971,84076
11/04/2014,1.597,1.6011,1.596,1.5997,68730
11/05/2014,1.5997,1.6017,1.5862,1.5972,126999
11/06/2014,1.5957,1.5997,1.5819,1.5833,104001
11/07/2014,1.5833,1.5883,1.5786,1.586,105076
11/10/2014,1.5877,1.5913,1.5836,1.5847,63970
11/11/2014,1.5839,1.5942,1.5831,1.5882,72512
11/12/2014,1.5911,1.5937,1.5771,1.5777,141581
11/13/2014,1.5762,1.5778,1.569,1.5715,77925
11/14/2014,1.57,1.5705,1.5589,1.5677,112640
11/17/2014,1.5662,1.5732,1.5616,1.5638,77051
11/18/2014,1.5631,1.5676,1.5626,1.5632,78315
11/19/2014,1.5622,1.5718,1.5587,1.5675,109161
11/20/2014,1.5678,1.5736,1.5629,1.5696,93346
11/21/2014,1.5688,1.5712,1.5624,1.5643,82138
11/24/2014,1.5644,1.5712,1.5626,1.5694,54948
11/25/2014,1.5699,1.5734,1.5647,1.5706,72002
11/26/2014,1.5702,1.5804,1.5677,1.5796,91565
11/28/2014,1.5793,1.5824,1.5614,1.5617,110785
12/01/2014,1.5636,1.5762,1.5583,1.5739,100638
12/02/2014,1.5729,1.5742,1.563,1.5636,76141
12/03/2014,1.5637,1.5719,1.5616,1.5684,87802
12/04/2014,1.5681,1.5725,1.5641,1.5672,92617
12/05/2014,1.5669,1.5694,1.5566,1.558,89035
12/08/2014,1.5563,1.5678,1.5541,1.5662,75304
12/09/2014,1.5654,1.5717,1.5626,1.5663,131348
12/10/2014,1.5669,1.5719,1.5647,1.5704,114651
12/11/2014,1.5716,1.5757,1.5652,1.5701,103482
12/12/2014,1.5717,1.5735,1.5684,1.5696,73171
12/15/2014,1.5715,1.5738,1.5589,1.5631,90974
12/16/2014,1.5632,1.5776,1.56,1.5719,117688
12/17/2014,1.5737,1.574,1.5527,1.5542,122366
12/18/2014,1.5563,1.5668,1.554,1.5661,85256
12/19/2014,1.566,1.5673,1.5595,1.5624,67789
12/22/2014,1.5613,1.5656,1.5563,1.5583,41407
12/23/2014,1.5576,1.5599,1.5476,1.551,62274
12/24/2014,1.551,1.5548,1.5495,1.5544,26151
12/26/2014,1.5551,1.556,1.5528,1.5551,10931
12/29/2014,1.5549,1.5577,1.5498,1.5512,44971
12/30/2014,1.5503,1.5565,1.5491,1.5548,45035
12/31/2014,1.5552,1.5612,1.554,1.557,41591
01/02/2015,1.5571,1.5577,1.5315,1.5326,109677
01/05/2015,1.5275,1.5311,1.5195,1.5246,106481
01/06/2015,1.5241,1.5265,1.5133,1.5154,100514
01/07/2015,1.5136,1.5148,1.5046,1.5114,96027
01/08/2015,1.5096,1.511,1.5027,1.5075,79467
01/09/2015,1.5071,1.5168,1.507,1.5157,120898
01/12/2015,1.5181,1.5188,1.5092,1.5172,79292
01/13/2015,1.5158,1.5185,1.507,1.5139,112743
01/14/2015,1.5154,1.5263,1.5138,1.5214,106505
01/15/2015,1.5227,1.5261,1.5143,1.5176,152034
01/16/2015,1.5169,1.5228,1.5068,1.516,108063
01/20/2015,1.5128,1.5194,1.5051,1.5151,101096
01/21/2015,1.5141,1.5173,1.507,1.5117,101996
01/22/2015,1.5138,1.5208,1.4966,1.5012,101809
01/23/2015,1.5002,1.5031,1.4946,1.5011,103229
01/26/2015,1.5004,1.5099,1.4983,1.5071,73929
01/27/2015,1.5079,1.5219,1.5055,1.5196,97020
01/28/2015,1.5186,1.5216,1.5127,1.5153,79964
01/29/2015,1.5139,1.5158,1.5013,1.5043,88750
01/30/2015,1.5067,1.5095,1.4985,1.5053,93371
02/02/2015,1.5081,1.5086,1.5,1.5032,92316
02/03/2015,1.5023,1.5194,1.4983,1.5162,117131
02/04/2015,1.5147,1.5247,1.5136,1.522,101653
02/05/2015,1.5181,1.534,1.5163,1.5327,87151
02/06/2015,1.5328,1.5349,1.5207,1.5229,88935
02/09/2015,1.5228,1.5265,1.5195,1.523,52961
02/10/2015,1.5208,1.5273,1.5193,1.5251,74973
02/11/2015,1.5252,1.5297,1.5215,1.5244,78646
02/12/2015,1.5234,1.5412,1.5206,1.5405,129445
02/13/2015,1.5381,1.5419,1.5368,1.5389,58131
02/17/2015,1.5407,1.5437,1.5313,1.5361,108918
02/18/2015,1.5343,1.5479,1.5339,1.5433,98265
02/19/2015,1.5436,1.5463,1.5402,1.541,66563
02/20/2015,1.5411,1.5432,1.5341,1.5394,105725
02/23/2015,1.5389,1.5473,1.533,1.5452,68719
02/24/2015,1.5451,1.5473,1.54,1.5452,79182
02/25/2015,1.5448,1.5537,1.5446,1.5526,67008
02/26/2015,1.5525,1.5552,1.5393,1.5405,101387
02/27/2015,1.5408,1.5458,1.5382,1.5436,85449
03/02/2015,1.5424,1.5429,1.5349,1.5361,75243
03/03/2015,1.5358,1.5396,1.5343,1.5364,60562
03/04/2015,1.5359,1.5372,1.525,1.526,100723
03/05/2015,1.5263,1.5269,1.5215,1.5238,84449
03/06/2015,1.5249,1.5251,1.5026,1.5048,122674
03/09/2015,1.5042,1.5136,1.5033,1.513,102148
03/10/2015,1.5129,1.5131,1.5028,1.5073,131097
03/11/2015,1.5052,1.5096,1.4892,1.4933,198595
03/12/2015,1.4933,1.5027,1.485,1.4851,153110
03/13/2015,1.4872,1.4887,1.4689,1.4713,156995
03/16/2015,1.473,1.4844,1.4728,1.4825,91289
03/17/2015,1.4815,1.4836,1.4715,1.4745,88023
03/18/2015,1.4733,1.5145,1.4625,1.4854,177297
03/19/2015,1.4943,1.5001,1.468,1.4712,146864
03/20/2015,1.4747,1.4982,1.4714,1.4934,125687
03/23/2015,1.4963,1.4966,1.4831,1.4932,121065
03/24/2015,1.4946,1.4977,1.4834,1.4836,106995
03/25/2015,1.4838,1.4946,1.4823,1.4858,88488
03/26/2015,1.4876,1.4988,1.4798,1.4831,101690
03/27/2015,1.4843,1.4914,1.4789,1.4868,94806
03/30/2015,1.488,1.4893,1.4745,1.4807,81061
03/31/2015,1.4792,1.4864,1.4748,1.4837,83820
04/01/2015,1.4815,1.4864,1.4731,1.482,93950
04/02/2015,1.4818,1.4862,1.4768,1.4817,81550
04/03/2015,1.4822,1.4939,1.4803,1.4911,21999
04/06/2015,1.4919,1.4975,1.4864,1.4914,41701
04/07/2015,1.4882,1.4913,1.4796,1.4822,78254
04/08/2015,1.4805,1.4965,1.4802,1.4875,97785
04/09/2015,1.4862,1.4879,1.4677,1.4686,90964
04/10/2015,1.4703,1.4718,1.4581,1.4643,88404
04/13/2015,1.4624,1.4675,1.456,1.467,79548
04/14/2015,1.4663,1.4795,1.4598,1.4773,109598
04/15/2015,1.4773,1.4849,1.4694,1.484,94586
04/16/2015,1.4825,1.4964,1.4807,1.4951,94156
04/17/2015,1.4931,1.5048,1.4911,1.4954,97239
04/20/2015,1.4962,1.4978,1.4882,1.4896,54829
04/21/2015,1.4896,1.4967,1.4851,1.4918,57177
04/22/2015,1.4918,1.5074,1.4908,1.504,88297
04/23/2015,1.5033,1.5065,1.4955,1.5049,76168
04/24/2015,1.5054,1.5183,1.5023,1.5171,84085
04/27/2015,1.5175,1.5257,1.5103,1.5218,77683
04/28/2015,1.5221,1.5339,1.5168,1.5331,113157
04/29/2015,1.5336,1.5494,1.5323,1.5426,143532
04/30/2015,1.5426,1.5488,1.5299,1.5354,147655
05/01/2015,1.5349,1.5393,1.511,1.5127,127269
05/04/2015,1.5139,1.517,1.5086,1.5117,79141
05/05/2015,1.512,1.5214,1.508,1.517,101010
05/06/2015,1.5178,1.5289,1.5146,1.5239,115920
05/07/2015,1.5239,1.5271,1.516,1.5254,92377
05/08/2015,1.5412,1.5519,1.535,1.5448,187259
05/11/2015,1.5451,1.561,1.5389,1.5586,118504
05/12/2015,1.5584,1.5708,1.5553,1.5674,122947
05/13/2015,1.5669,1.5766,1.563,1.5745,161283
05/14/2015,1.5739,1.5821,1.5725,1.5763,108400
05/15/2015,1.5773,1.5806,1.5699,1.5749,103393
05/18/2015,1.5723,1.5743,1.5635,1.5654,80884
05/19/2015,1.5653,1.5667,1.5444,1.5494,138611
05/20/2015,1.5508,1.5585,1.547,1.5543,106345
05/21/2015,1.5529,1.5697,1.5521,1.567,105941
05/22/2015,1.5662,1.5688,1.5457,1.5485,104483
05/26/2015,1.5465,1.5505,1.5352,1.5382,102674
05/27/2015,1.538,1.5435,1.5299,1.5335,96620
05/28/2015,1.5353,1.5384,1.5258,1.5321,81171
05/29/2015,1.5314,1.5341,1.5235,1.5289,84889
06/01/2015,1.5285,1.5304,1.5168,1.5203,88829
06/02/2015,1.5193,1.5367,1.5179,1.5348,108605
06/03/2015,1.5343,1.5374,1.5249,1.5313,88595
06/04/2015,1.5332,1.5441,1.5304,1.5368,87403
06/05/2015,1.5356,1.5377,1.519,1.5275,101224
06/08/2015,1.526,1.5364,1.522,1.5332,93268
06/09/2015,1.5345,1.5389,1.5257,1.5373,110776
06/10/2015,1.5383,1.5554,1.5368,1.5526,180258
06/11/2015,1.5517,1.5533,1.5421,1.5518,106562
06/12/2015,1.5505,1.5588,1.5457,1.5543,112669
06/15/2015,1.5548,1.5605,1.5478,1.5596,64018
06/16/2015,1.5589,1.5644,1.5531,1.5638,74944
06/17/2015,1.5641,1.5838,1.5617,1.5819,117244
06/18/2015,1.5827,1.5924,1.5796,1.5863,109048
06/19/2015,1.5872,1.5887,1.5826,1.5871,58807
06/22/2015,1.586,1.5902,1.5796,1.5821,77055
06/23/2015,1.5818,1.5822,1.57,1.5706,97282
06/24/2015,1.5719,1.5794,1.5659,1.5693,78655
06/25/2015,1.5698,1.5762,1.5668,1.5724,76185
06/26/2015,1.5735,1.5758,1.57,1.5723,63645
06/29/2015,1.5669,1.5781,1.565,1.5728,109926
06/30/2015,1.5727,1.5769,1.5685,1.5725,100678
07/01/2015,1.5692,1.573,1.558,1.5593,90972
07/02/2015,1.5608,1.5632,1.5555,1.5592,64082
07/03/2015,1.5598,1.5638,1.5555,1.5592,28546
07/06/2015,1.5533,1.5622,1.5524,1.5596,71544
07/07/2015,1.5598,1.5601,1.5405,1.5436,111551
07/08/2015,1.5447,1.546,1.5323,1.5347,85810
07/09/2015,1.5356,1.5413,1.5337,1.5356,68330
07/10/2015,1.5369,1.5546,1.5357,1.5497,97924
07/13/2015,1.551,1.5582,1.5473,1.5476,78135
07/14/2015,1.548,1.5636,1.5443,1.5624,95833
07/15/2015,1.5625,1.5669,1.557,1.5623,77652
07/16/2015,1.5631,1.5644,1.5553,1.5599,60838
07/17/2015,1.5601,1.5668,1.5547,1.5606,63023
07/20/2015,1.5598,1.5622,1.5531,1.5562,55727
07/21/2015,1.555,1.5585,1.5522,1.5548,62881
07/22/2015,1.555,1.5642,1.5545,1.5593,85169
07/23/2015,1.5604,1.5665,1.5491,1.5507,91317
07/24/2015,1.5507,1.5521,1.5461,1.5505,49445
07/27/2015,1.5505,1.559,1.5485,1.5551,71486
07/28/2015,1.5554,1.5623,1.5522,1.5591,72424
07/29/2015,1.5607,1.5685,1.5582,1.561,80038
07/30/2015,1.5596,1.5641,1.5558,1.5595,61949
07/31/2015,1.5594,1.5674,1.5544,1.561,117059
08/03/2015,1.5623,1.5641,1.556,1.5578,73899
08/04/2015,1.5582,1.563,1.5553,1.5563,85093
08/05/2015,1.5562,1.5653,1.552,1.5593,100633
08/06/2015,1.5598,1.5632,1.5462,1.5513,148806
08/07/2015,1.5511,1.5546,1.5419,1.549,120399
08/10/2015,1.5487,1.5603,1.5454,1.56,90477
08/11/2015,1.5585,1.5613,1.5551,1.5557,74674
08/12/2015,1.557,1.5657,1.5531,1.561,105496
08/13/2015,1.5611,1.5634,1.5569,1.5611,59731
08/14/2015,1.5609,1.5661,1.5585,1.5649,65164
08/17/2015,1.5646,1.5689,1.5575,1.5582,64618
08/18/2015,1.5583,1.5714,1.5559,1.5661,102334
08/19/2015,1.5657,1.5698,1.5633,1.5688,72125
08/20/2015,1.5679,1.57,1.5604,1.5675,87359
08/21/2015,1.569,1.5721,1.5656,1.5696,90710
08/24/2015,1.5685,1.5802,1.5628,1.5774,152621
08/25/2015,1.5759,1.5817,1.5678,1.5683,101773
08/26/2015,1.5687,1.5718,1.5451,1.5466,154369
08/27/2015,1.5467,1.5507,1.5369,1.5423,113907
08/28/2015,1.5407,1.5442,1.5333,1.539,100775
08/31/2015,1.5403,1.5435,1.5338,1.5348,63760
09/01/2015,1.5343,1.5407,1.5298,1.5306,103718
09/02/2015,1.5302,1.5325,1.5263,1.53,72674
09/03/2015,1.5302,1.5313,1.5218,1.5256,94804
09/04/2015,1.5253,1.5278,1.5164,1.5184,78918
09/08/2015,1.5178,1.5412,1.5172,1.5394,158248
09/09/2015,1.5394,1.5404,1.5349,1.5365,122365
09/10/2015,1.536,1.5477,1.5338,1.5468,138502
09/11/2015,1.5436,1.5455,1.5393,1.5419,74251
09/14/2015,1.5421,1.5463,1.5365,1.5427,55323
09/15/2015,1.5419,1.5451,1.5322,1.5324,58947
09/16/2015,1.5334,1.5522,1.5323,1.5481,103712
09/17/2015,1.5488,1.5622,1.548,1.5608,92892
09/18/2015,1.5578,1.565,1.5507,1.5545,93914
09/21/2015,1.5518,1.5561,1.5474,1.5498,61212
09/22/2015,1.5501,1.5522,1.5334,1.536,85517
09/23/2015,1.5354,1.5357,1.5214,1.5254,102314
09/24/2015,1.5242,1.5283,1.5194,1.5228,81272
09/25/2015,1.5217,1.5255,1.5129,1.5187,78847
09/28/2015,1.5199,1.5236,1.5152,1.5166,62323
09/29/2015,1.5164,1.5199,1.5123,1.5152,75100
09/30/2015,1.5147,1.5208,1.51,1.5113,91211
10/01/2015,1.5121,1.5175,1.5101,1.5126,63467
10/02/2015,1.5125,1.5231,1.5123,1.5184,80079
10/05/2015,1.5172,1.5239,1.513,1.5148,79154
10/06/2015,1.5141,1.5238,1.5133,1.5224,59518
10/07/2015,1.5228,1.5333,1.5217,1.5313,82278
10/08/2015,1.5311,1.5367,1.5256,1.5348,89621
10/09/2015,1.5342,1.5378,1.5295,1.5333,71363
10/12/2015,1.5312,1.5368,1.5309,1.5354,40782
10/13/2015,1.5337,1.5382,1.5194,1.5247,103058
10/14/2015,1.5244,1.5489,1.5243,1.5477,122288
10/15/2015,1.5478,1.5504,1.541,1.5487,91254
10/16/2015,1.5462,1.5482,1.5425,1.5453,53752
10/19/2015,1.5434,1.5491,1.5423,1.5463,44589
10/20/2015,1.5455,1.5501,1.5431,1.5436,48656
10/21/2015,1.5438,1.5473,1.5405,1.5417,50009
10/22/2015,1.541,1.5514,1.5365,1.5383,103228
10/23/2015,1.5386,1.5414,1.5301,1.5316,79748
10/26/2015,1.5304,1.5378,1.5301,1.5347,51635
10/27/2015,1.5344,1.5355,1.5278,1.5296,65678
10/28/2015,1.53,1.5343,1.5243,1.5246,76047
10/29/2015,1.5262,1.5318,1.5238,1.5312,66634
10/30/2015,1.5307,1.5465,1.5305,1.5422,108298
11/02/2015,1.5448,1.5494,1.54,1.5408,72084
11/03/2015,1.5412,1.5441,1.5355,1.5433,60033
11/04/2015,1.5417,1.5441,1.5356,1.5376,69506
11/05/2015,1.5383,1.5397,1.52,1.5205,149244
11/06/2015,1.5205,1.5214,1.5023,1.5036,123835
11/09/2015,1.505,1.5124,1.5038,1.5109,81292
11/10/2015,1.511,1.5142,1.5088,1.5103,49782
11/11/2015,1.5117,1.5218,1.5116,1.5194,72968
11/12/2015,1.5213,1.5244,1.517,1.5216,77356
11/13/2015,1.5226,1.5268,1.5184,1.5227,65294
11/16/2015,1.5222,1.5226,1.5179,1.5195,47435
11/17/2015,1.5197,1.5236,1.5152,1.5208,61784
11/18/2015,1.5212,1.5247,1.5185,1.5227,53946
11/19/2015,1.5227,1.5333,1.5226,1.529,89639
11/20/2015,1.5286,1.5307,1.518,1.519,74901
11/23/2015,1.5184,1.5193,1.5106,1.5114,66853
11/24/2015,1.5121,1.5153,1.5052,1.5088,72326
11/25/2015,1.5081,1.5135,1.5055,1.5125,59660
11/27/2015,1.5104,1.5109,1.5028,1.5049,76581
11/30/2015,1.5034,1.5068,1.4992,1.5059,62340
12/01/2015,1.5061,1.5124,1.5049,1.5081,59905
12/02/2015,1.5075,1.5079,1.4893,1.4937,96596
12/03/2015,1.4944,1.5159,1.4901,1.515,155734
12/04/2015,1.5144,1.5158,1.5078,1.5102,96932
12/07/2015,1.5106,1.5114,1.5043,1.5061,70112
12/08/2015,1.5046,1.506,1.4956,1.4995,92051
12/09/2015,1.501,1.5193,1.5004,1.5164,146204
12/10/2015,1.518,1.5206,1.511,1.5154,113814
12/11/2015,1.5158,1.5242,1.5126,1.5231,80264
12/14/2015,1.5196,1.5206,1.5108,1.5142,71825
12/15/2015,1.5178,1.5187,1.503,1.5044,83704
12/16/2015,1.5041,1.5104,1.496,1.5067,101280
12/17/2015,1.4986,1.502,1.4867,1.4889,102762
12/18/2015,1.491,1.4952,1.4888,1.4915,72754
12/21/2015,1.4905,1.4933,1.488,1.4889,53185
12/22/2015,1.4889,1.4911,1.481,1.4817,53082
12/23/2015,1.483,1.4904,1.4824,1.4874,48172
12/24/2015,1.4877,1.4949,1.4874,1.4931,27585
12/28/2015,1.4925,1.4938,1.4877,1.4888,30531
12/29/2015,1.4884,1.4917,1.4788,1.4831,52744
12/30/2015,1.4816,1.4849,1.4794,1.4832,40279
12/31/2015,1.4808,1.4845,1.4726,1.4734,55795
01/04/2016,1.4736,1.4818,1.4665,1.4713,95959
01/05/2016,1.4719,1.4727,1.4638,1.4665,74050
01/06/2016,1.4678,1.4682,1.4602,1.4628,72463
01/07/2016,1.4632,1.4642,1.4534,1.4616,105298
01/08/2016,1.4627,1.4646,1.4505,1.4517,97461
01/11/2016,1.4509,1.4604,1.4495,1.4547,79292
01/12/2016,1.4546,1.456,1.4353,1.4432,107270
01/13/2016,1.4427,1.4477,1.438,1.4445,83378
01/14/2016,1.4419,1.4445,1.4361,1.4405,80803
01/15/2016,1.4418,1.4427,1.4252,1.4262,97181
01/19/2016,1.4261,1.4341,1.413,1.4177,178432
01/20/2016,1.4165,1.422,1.4126,1.4154,104905
01/21/2016,1.4186,1.4249,1.4079,1.4217,116743
01/22/2016,1.4223,1.4363,1.4205,1.4281,109846
01/25/2016,1.4269,1.431,1.4223,1.4256,69500
01/26/2016,1.4242,1.4367,1.4173,1.4359,91916
01/27/2016,1.4348,1.4356,1.4231,1.425,98972
01/28/2016,1.4243,1.4408,1.4239,1.4364,109197
01/29/2016,1.436,1.4414,1.415,1.4242,140106
02/01/2016,1.424,1.4446,1.4229,1.4443,109494
02/02/2016,1.4422,1.4447,1.4327,1.4414,97345
02/03/2016,1.441,1.465,1.4385,1.4601,132690
02/04/2016,1.4594,1.4674,1.453,1.4599,123897
02/05/2016,1.4577,1.4595,1.4453,1.4499,100547
02/08/2016,1.4499,1.4548,1.4352,1.444,76026
02/09/2016,1.4432,1.4517,1.4379,1.4455,89888
02/10/2016,1.4471,1.4579,1.4438,1.4531,90036
02/11/2016,1.4539,1.4563,1.4383,1.4471,107555
02/12/2016,1.4482,1.4571,1.4443,1.4519,87245
02/16/2016,1.4502,1.4535,1.4275,1.4285,131648
02/17/2016,1.4307,1.434,1.4233,1.4288,88488
02/18/2016,1.4289,1.4395,1.4258,1.4317,76388
02/19/2016,1.4332,1.4415,1.4247,1.4361,96822
02/22/2016,1.4294,1.4305,1.4059,1.4153,116080
02/23/2016,1.4151,1.4157,1.4007,1.4018,94868
02/24/2016,1.4026,1.4027,1.3878,1.3915,118780
02/25/2016,1.3931,1.3996,1.3901,1.3976,89022
02/26/2016,1.3956,1.4043,1.3854,1.3863,96841
02/29/2016,1.386,1.3947,1.3835,1.3916,83395
03/01/2016,1.3923,1.4021,1.3903,1.3953,97948
03/02/2016,1.3954,1.4093,1.3915,1.4075,97440
03/03/2016,1.4081,1.4195,1.4033,1.4173,109527
03/04/2016,1.4173,1.4251,1.4108,1.4215,99193
03/07/2016,1.4224,1.4285,1.4134,1.4264,92908
03/08/2016,1.4261,1.4277,1.4174,1.4217,131921
03/09/2016,1.4211,1.4241,1.4178,1.4227,116379
03/10/2016,1.4214,1.4318,1.4118,1.4287,193019
03/11/2016,1.4285,1.4441,1.4259,1.439,106135
03/14/2016,1.4381,1.4394,1.4295,1.4301,60558
03/15/2016,1.4305,1.4309,1.4142,1.416,73268
03/16/2016,1.4157,1.4279,1.4058,1.4228,100426
03/17/2016,1.4257,1.4507,1.4225,1.4483,135074
03/18/2016,1.4484,1.4519,1.4415,1.448,64954
03/21/2016,1.4463,1.4472,1.4368,1.4396,60197
03/22/2016,1.4371,1.4402,1.4194,1.4207,109904
03/23/2016,1.4217,1.4234,1.4085,1.4118,81229
03/24/2016,1.412,1.4187,1.4059,1.4154,75145
03/28/2016,1.414,1.4287,1.4124,1.4254,49573
03/29/2016,1.4258,1.4408,1.4198,1.438,94245
03/30/2016,1.4392,1.4462,1.4364,1.4389,89516
03/31/2016,1.4381,1.4428,1.4327,1.4373,95743
04/01/2016,1.4367,1.4375,1.4174,1.4217,133667
04/04/2016,1.4224,1.4324,1.4193,1.4283,80627
04/05/2016,1.4271,1.4281,1.4122,1.4158,82546
04/06/2016,1.416,1.4174,1.4008,1.4129,122772
04/07/2016,1.4125,1.416,1.4051,1.4063,86569
04/08/2016,1.4057,1.4143,1.4042,1.4123,78604
04/11/2016,1.4125,1.4289,1.4109,1.4244,89566
04/12/2016,1.4237,1.4351,1.4198,1.4278,91272
04/13/2016,1.4266,1.428,1.4194,1.4214,77178
04/14/2016,1.4205,1.4209,1.4092,1.4154,89934
04/15/2016,1.4152,1.4244,1.4135,1.4205,68453
04/18/2016,1.4183,1.4294,1.4133,1.4278,81197
04/19/2016,1.4276,1.4422,1.4272,1.4406,101784
04/20/2016,1.4397,1.4413,1.433,1.4368,89416
04/21/2016,1.4335,1.4444,1.4285,1.4327,105336
04/22/2016,1.4318,1.4453,1.4314,1.4408,98782
04/25/2016,1.4453,1.4525,1.4404,1.4479,89421
04/26/2016,1.4482,1.4641,1.448,1.458,105219
04/27/2016,1.4579,1.4623,1.4475,1.4541,96641
04/28/2016,1.4536,1.4626,1.4525,1.4611,82927
04/29/2016,1.461,1.4675,1.4578,1.4613,107148
05/02/2016,1.4599,1.4698,1.4592,1.4668,52247
05/03/2016,1.4671,1.4771,1.4531,1.4543,125039
05/04/2016,1.4537,1.4573,1.4462,1.4501,95656
05/05/2016,1.4502,1.4531,1.4445,1.4478,79372
05/06/2016,1.4485,1.4554,1.4416,1.4421,91111
05/09/2016,1.4421,1.4481,1.4376,1.4413,74149
05/10/2016,1.4409,1.448,1.4391,1.4436,63749
05/11/2016,1.4446,1.449,1.4397,1.4454,68537
05/12/2016,1.4444,1.4532,1.4407,1.4454,96223
05/13/2016,1.4446,1.4453,1.434,1.4368,91519
05/16/2016,1.4353,1.4416,1.4333,1.4391,56559
05/17/2016,1.4409,1.4525,1.4405,1.4457,98931
05/18/2016,1.4462,1.4637,1.4405,1.4598,145467
05/19/2016,1.4602,1.4665,1.4563,1.4618,97660
05/20/2016,1.4604,1.4614,1.4486,1.4506,84027
05/23/2016,1.4501,1.455,1.4442,1.4487,76499
05/24/2016,1.4485,1.4644,1.4479,1.4632,105308
05/25/2016,1.4627,1.4731,1.4602,1.4722,101531
05/26/2016,1.4706,1.4741,1.4642,1.4665,80011
05/27/2016,1.4671,1.469,1.4606,1.4637,65759
05/31/2016,1.4608,1.4729,1.4465,1.4467,178358
06/01/2016,1.4484,1.4508,1.4387,1.4406,129486
06/02/2016,1.4412,1.4473,1.4407,1.4429,74864
06/03/2016,1.4419,1.4584,1.44,1.4515,123676
06/06/2016,1.4481,1.4485,1.4351,1.4459,151854
06/07/2016,1.4454,1.4669,1.4444,1.4552,142054
06/08/2016,1.4545,1.4602,1.45,1.4504,142553
06/09/2016,1.4509,1.4527,1.4446,1.4483,119100
06/10/2016,1.4466,1.4481,1.4187,1.4269,174298
06/13/2016,1.4237,1.434,1.4124,1.4233,215070
06/14/2016,1.4223,1.4232,1.4099,1.4112,142735
06/15/2016,1.4118,1.4231,1.4116,1.4185,119372
06/16/2016,1.4203,1.4264,1.4021,1.4216,156205
06/17/2016,1.4215,1.4398,1.4213,1.436,132830
06/20/2016,1.4467,1.473,1.4444,1.4702,176792
06/21/2016,1.4689,1.4794,1.4623,1.4673,165753
06/22/2016,1.4666,1.4783,1.4649,1.4697,134721
06/23/2016,1.48,1.4954,1.4737,1.4813,179198
06/24/2016,1.4995,1.5009,1.3246,1.366,504320
06/27/2016,1.3443,1.3502,1.3133,1.319,228699
06/28/2016,1.3236,1.3429,1.3228,1.3354,144499
06/29/2016,1.334,1.354,1.329,1.3432,134716
06/30/2016,1.345,1.3502,1.3215,1.3248,182423
07/01/2016,1.3302,1.3359,1.3255,1.3293,101825
07/05/2016,1.3285,1.3351,1.301,1.3037,172711
07/06/2016,1.3028,1.3039,1.2806,1.2935,150858
07/07/2016,1.2934,1.3058,1.2888,1.2906,106272
07/08/2016,1.2923,1.303,1.2892,1.2959,103378
07/11/2016,1.2954,1.3029,1.286,1.3014,125391
07/12/2016,1.301,1.3306,1.2983,1.3278,157111
07/13/2016,1.3257,1.335,1.3144,1.3169,133642
07/14/2016,1.3143,1.3491,1.3116,1.3338,196461
07/15/2016,1.3336,1.3488,1.3139,1.3211,151108
07/18/2016,1.3205,1.3324,1.3195,1.3267,76913
07/19/2016,1.3257,1.3283,1.3082,1.3098,113660
07/20/2016,1.3108,1.3238,1.3073,1.3157,97177
07/21/2016,1.3243,1.3284,1.3165,1.3212,97095
07/22/2016,1.3225,1.33,1.3087,1.31,109541
07/25/2016,1.3131,1.3173,1.3104,1.3136,57767
07/26/2016,1.3146,1.319,1.3067,1.3143,93841
07/27/2016,1.3146,1.3247,1.3082,1.3198,91839
07/28/2016,1.3222,1.3261,1.3127,1.316,77250
07/29/2016,1.3168,1.3312,1.316,1.3247,110890
08/01/2016,1.3247,1.3282,1.3172,1.32,60969
08/02/2016,1.3187,1.3376,1.3181,1.3357,94958
08/03/2016,1.3364,1.3382,1.3289,1.3325,65164
08/04/2016,1.3328,1.337,1.3111,1.3124,165477
08/05/2016,1.3125,1.3184,1.3028,1.309,104022
08/08/2016,1.3084,1.3105,1.3036,1.3047,47943
08/09/2016,1.305,1.3052,1.2964,1.3009,75170
08/10/2016,1.3004,1.3104,1.2999,1.302,74225
08/11/2016,1.3018,1.3036,1.2943,1.2976,65310
08/12/2016,1.2964,1.3043,1.291,1.2924,72116
08/15/2016,1.2925,1.2953,1.2872,1.288,53861
08/16/2016,1.2886,1.3059,1.2886,1.3043,105870
08/17/2016,1.3051,1.3094,1.2983,1.305,86311
08/18/2016,1.3048,1.3179,1.3044,1.3154,101559
08/19/2016,1.3166,1.3192,1.3029,1.3085,87437
08/22/2016,1.3078,1.3164,1.304,1.3141,65407
08/23/2016,1.3143,1.3218,1.3135,1.3199,67257
08/24/2016,1.3205,1.3279,1.3167,1.3235,68809
08/25/2016,1.3236,1.3269,1.3173,1.3175,56190
08/26/2016,1.3192,1.3285,1.3127,1.3131,104440
08/29/2016,1.3121,1.3145,1.3065,1.3113,42123
08/30/2016,1.3109,1.3125,1.3064,1.3088,66694
08/31/2016,1.3083,1.3162,1.3067,1.313,96365
09/01/2016,1.3142,1.3321,1.3131,1.3274,137274
09/02/2016,1.328,1.3356,1.3254,1.3298,104249
09/06/2016,1.33,1.3448,1.329,1.344,138790
09/07/2016,1.343,1.3433,1.3321,1.3338,111923
09/08/2016,1.3338,1.3377,1.3284,1.3302,88323
09/09/2016,1.3301,1.3337,1.3239,1.3273,107038
09/12/2016,1.3272,1.3349,1.3236,1.3334,105772
09/13/2016,1.3335,1.334,1.3167,1.3185,153147
09/14/2016,1.3186,1.3242,1.3139,1.3236,137020
09/15/2016,1.3242,1.3281,1.317,1.324,116318
09/16/2016,1.3261,1.3268,1.3017,1.3022,114315
09/19/2016,1.303,1.3113,1.3024,1.3053,72056
09/20/2016,1.3051,1.3085,1.2966,1.2999,82030
09/21/2016,1.3001,1.3067,1.2965,1.302,97218
09/22/2016,1.3053,1.3141,1.3047,1.3093,85848
09/23/2016,1.3096,1.3108,1.2932,1.2981,96337
09/26/2016,1.2982,1.3006,1.2935,1.2987,62530
09/27/2016,1.2994,1.3048,1.2958,1.3043,74285
09/28/2016,1.3042,1.3053,1.2999,1.3044,71863
09/29/2016,1.3033,1.3076,1.2971,1.2987,79869
09/30/2016,1.2982,1.3042,1.2954,1.2997,120814
10/03/2016,1.2964,1.2967,1.2835,1.2875,124312
10/04/2016,1.2862,1.2878,1.2736,1.2744,133637
10/05/2016,1.2746,1.2786,1.27,1.2764,104747
10/06/2016,1.2758,1.2773,1.2616,1.2617,124604
10/07/2016,1.263,1.2634,1.2034,1.2445,273174
10/10/2016,1.2448,1.2458,1.2357,1.2361,76349
10/11/2016,1.2373,1.2378,1.2102,1.2147,209754
10/12/2016,1.213,1.2338,1.213,1.221,205639
10/13/2016,1.2204,1.2286,1.2144,1.2269,127733
10/14/2016,1.2259,1.2277,1.2181,1.2197,125976
10/17/2016,1.2178,1.2216,1.2148,1.2205,82769
10/18/2016,1.2199,1.2337,1.2194,1.2305,138777
10/19/2016,1.2312,1.2346,1.2265,1.2283,95399
10/20/2016,1.2294,1.2309,1.2221,1.2262,87789
10/21/2016,1.226,1.2273,1.2182,1.2241,82072
10/24/2016,1.2235,1.2261,1.2196,1.2235,70368
10/25/2016,1.2236,1.2255,1.2093,1.2201,167028
10/26/2016,1.2196,1.2262,1.2166,1.2236,106929
10/27/2016,1.2252,1.2284,1.216,1.2186,116094
10/28/2016,1.2178,1.2224,1.2125,1.2201,141132
10/31/2016,1.2197,1.2261,1.2154,1.2254,106674
11/01/2016,1.2252,1.2291,1.2215,1.2258,104494
11/02/2016,1.2251,1.2364,1.2231,1.2297,119478
11/03/2016,1.2308,1.2505,1.2306,1.2467,233420
11/04/2016,1.2476,1.2566,1.2458,1.2515,119619
11/07/2016,1.2484,1.2508,1.2388,1.2408,117826
11/08/2016,1.2403,1.2448,1.237,1.2404,84545
11/09/2016,1.2379,1.2557,1.2361,1.2449,168358
11/10/2016,1.2428,1.2594,1.2385,1.2573,149010
11/11/2016,1.2558,1.2682,1.2532,1.2609,120837
11/14/2016,1.2587,1.2602,1.2451,1.2491,138360
11/15/2016,1.2509,1.2536,1.2386,1.2477,139369
11/16/2016,1.2454,1.2509,1.2416,1.2447,108200
11/17/2016,1.2447,1.2515,1.2414,1.2421,118612
11/18/2016,1.2417,1.2443,1.2308,1.237,134645
11/21/2016,1.2349,1.2519,1.2319,1.2489,144704
11/22/2016,1.2499,1.252,1.239,1.2419,95002
11/23/2016,1.2427,1.2474,1.2365,1.2444,107630
11/25/2016,1.2431,1.25,1.2406,1.2461,113603
11/28/2016,1.2475,1.2537,1.239,1.2418,105247
11/29/2016,1.2418,1.2531,1.2393,1.251,100976
11/30/2016,1.2499,1.2527,1.2423,1.251,131971
12/01/2016,1.2519,1.2699,1.251,1.2585,175823
12/02/2016,1.26,1.2741,1.2573,1.2712,98836
12/05/2016,1.2654,1.2748,1.2634,1.2727,113557
12/06/2016,1.2736,1.2777,1.2659,1.2681,95868
12/07/2016,1.2681,1.2685,1.2572,1.2625,102579
12/08/2016,1.2632,1.2708,1.255,1.259,135041
12/09/2016,1.2582,1.2622,1.2555,1.257,92038
12/12/2016,1.2598,1.2702,1.2569,1.2673,135134
12/13/2016,1.2685,1.2731,1.2654,1.2664,130683
12/14/2016,1.2663,1.2738,1.253,1.2601,162500
12/15/2016,1.2544,1.2568,1.2377,1.2438,163381
12/16/2016,1.2455,1.2538,1.2411,1.2501,106630
12/19/2016,1.2517,1.253,1.2383,1.2428,90842
12/20/2016,1.242,1.2437,1.234,1.2395,85174
12/21/2016,1.2399,1.242,1.2353,1.2378,60462
12/22/2016,1.2382,1.2405,1.2304,1.2312,72916
12/23/2016,1.231,1.2326,1.2255,1.2299,57594
12/27/2016,1.2301,1.2314,1.2267,1.23,31557
12/28/2016,1.2293,1.2323,1.2227,1.2248,69223
12/29/2016,1.2245,1.2293,1.2228,1.2274,70054
12/30/2016,1.228,1.2409,1.2265,1.2358,104045
01/03/2017,1.2299,1.2325,1.2217,1.2254,122293
01/04/2017,1.2255,1.2371,1.2238,1.2333,91093
01/05/2017,1.2342,1.245,1.2287,1.2427,142945
01/06/2017,1.2432,1.2449,1.2278,1.2293,114497
01/09/2017,1.2272,1.2288,1.214,1.2178,130325
01/10/2017,1.2192,1.2206,1.2123,1.2179,97426
01/11/2017,1.2192,1.2289,1.2052,1.2223,188857
01/12/2017,1.2216,1.2331,1.2166,1.2178,122454
01/13/2017,1.2174,1.2248,1.2135,1.22,108812
01/17/2017,1.2064,1.2431,1.2001,1.2411,335326
01/18/2017,1.2419,1.2425,1.2268,1.2301,127644
01/19/2017,1.2278,1.236,1.2263,1.2349,94795
01/20/2017,1.2349,1.2394,1.2273,1.2392,98611
01/23/2017,1.2392,1.2556,1.2389,1.2514,105859
01/24/2017,1.255,1.2556,1.2431,1.2515,111862
01/25/2017,1.2539,1.2652,1.2504,1.2639,108650
01/26/2017,1.2648,1.2686,1.2568,1.262,96294
01/27/2017,1.26,1.2617,1.2527,1.2569,78674
01/30/2017,1.258,1.2612,1.2475,1.2494,81310
01/31/2017,1.2502,1.2606,1.2421,1.2591,119835
02/01/2017,1.2591,1.269,1.2552,1.2685,102689
02/02/2017,1.2665,1.2715,1.2526,1.2532,134765
02/03/2017,1.254,1.2546,1.246,1.2489,91247
02/06/2017,1.2481,1.2506,1.2435,1.2476,63588
02/07/2017,1.2473,1.2554,1.2353,1.2525,132560
02/08/2017,1.2514,1.2556,1.2481,1.2533,79337
02/09/2017,1.2543,1.2589,1.2497,1.2502,93224
02/10/2017,1.2502,1.2528,1.2445,1.2489,93293
02/13/2017,1.2497,1.2546,1.2486,1.2533,69928
02/14/2017,1.2531,1.2555,1.2449,1.2471,106811
02/15/2017,1.2478,1.2488,1.2389,1.2451,99289
02/16/2017,1.2465,1.2529,1.2459,1.2501,91506
02/17/2017,1.2487,1.2515,1.2392,1.2417,104210
02/21/2017,1.2425,1.2488,1.2406,1.2478,122805
02/22/2017,1.2481,1.2514,1.2417,1.2461,109626
02/23/2017,1.2461,1.2565,1.2431,1.2545,116678
02/24/2017,1.2553,1.2574,1.245,1.2461,121326
02/27/2017,1.2458,1.2481,1.2384,1.2446,106596
02/28/2017,1.2444,1.2473,1.2376,1.2405,115435
03/01/2017,1.238,1.2408,1.2282,1.2284,138256
03/02/2017,1.2304,1.2309,1.2244,1.2263,117478
03/03/2017,1.2269,1.2309,1.2215,1.2281,108889
03/06/2017,1.2295,1.2303,1.2225,1.2241,118571
03/07/2017,1.224,1.2255,1.2171,1.2202,104155
03/08/2017,1.2202,1.2215,1.214,1.217,178754
03/09/2017,1.217,1.2196,1.2134,1.2178,195448
03/10/2017,1.2185,1.2218,1.2168,1.2206,110330
03/13/2017,1.2196,1.2281,1.2185,1.2261,116917
03/14/2017,1.225,1.2251,1.2138,1.219,103854
03/15/2017,1.2186,1.234,1.2177,1.2321,123680
03/16/2017,1.2321,1.2407,1.2271,1.2388,126891
03/17/2017,1.2392,1.2435,1.2353,1.2426,98984
03/20/2017,1.2416,1.2465,1.2365,1.2378,78582
03/21/2017,1.239,1.2524,1.2371,1.2504,136140
03/22/2017,1.2508,1.2536,1.2452,1.2516,113105
03/23/2017,1.2508,1.256,1.2491,1.2543,95232
03/24/2017,1.2547,1.2549,1.2496,1.2526,66196
03/27/2017,1.2517,1.2643,1.2517,1.2593,95422
03/28/2017,1.2585,1.2621,1.2466,1.2476,102166
03/29/2017,1.2484,1.2502,1.2402,1.2461,145626
03/30/2017,1.2461,1.2547,1.2426,1.2502,108018
03/31/2017,1.2491,1.2588,1.2455,1.2556,127019
04/03/2017,1.256,1.2579,1.2488,1.2497,91611
04/04/2017,1.2504,1.2518,1.2441,1.2472,90505
04/05/2017,1.2468,1.2521,1.2445,1.2508,96376
04/06/2017,1.251,1.2527,1.2472,1.2498,81324
04/07/2017,1.249,1.2499,1.2386,1.2401,125157
04/10/2017,1.2394,1.2451,1.2388,1.2439,61820
04/11/2017,1.2438,1.2518,1.2425,1.2511,89744
04/12/2017,1.2511,1.2569,1.25,1.2512,80387
04/13/2017,1.2567,1.2594,1.252,1.2537,73768
04/17/2017,1.255,1.2618,1.2544,1.2584,43980
04/18/2017,1.2585,1.2929,1.2533,1.2871,276818
04/19/2017,1.2867,1.2881,1.2789,1.2804,154369
04/20/2017,1.2801,1.2866,1.2792,1.2837,100793
04/21/2017,1.2824,1.2854,1.2776,1.2814,98044
04/24/2017,1.2842,1.2852,1.279,1.2807,85614
04/25/2017,1.281,1.2865,1.2793,1.2849,99090
04/26/2017,1.2855,1.2882,1.2824,1.2862,94678
04/27/2017,1.2859,1.2935,1.2857,1.2924,112227
04/28/2017,1.2922,1.2983,1.2906,1.2964,135059
05/01/2017,1.2959,1.2963,1.29,1.2921,42319
05/02/2017,1.2901,1.2958,1.2882,1.2948,88066
05/03/2017,1.2955,1.2965,1.2879,1.2904,96890
05/04/2017,1.2881,1.2948,1.2846,1.2935,88731
05/05/2017,1.2932,1.3004,1.2914,1.2988,84223
05/08/2017,1.2998,1.3002,1.2944,1.2958,69970
05/09/2017,1.2955,1.2976,1.2918,1.294,87554
05/10/2017,1.2951,1.3002,1.2942,1.2956,94847
05/11/2017,1.2949,1.2961,1.2862,1.2904,128480
05/12/2017,1.2901,1.2912,1.2857,1.2892,89050
05/15/2017,1.2907,1.2953,1.2894,1.2907,72228
05/16/2017,1.2909,1.2971,1.2877,1.2934,112569
05/17/2017,1.2929,1.3003,1.2917,1.2967,119938
05/18/2017,1.2987,1.3059,1.2898,1.2952,166292
05/19/2017,1.2948,1.3052,1.2943,1.3043,95780
05/22/2017,1.3032,1.3053,1.2976,1.3006,96589
05/23/2017,1.3007,1.3043,1.2962,1.2976,122695
05/24/2017,1.2973,1.3008,1.2936,1.2958,89964
05/25/2017,1.2977,1.3023,1.294,1.2945,79895
05/26/2017,1.2945,1.2948,1.2782,1.2804,165588
05/30/2017,1.282,1.2896,1.2801,1.2865,131438
05/31/2017,1.2807,1.2929,1.2775,1.29,158765
06/01/2017,1.2883,1.2921,1.2835,1.2882,99029
06/02/2017,1.2889,1.2909,1.2851,1.2884,84769
06/05/2017,1.2877,1.2946,1.2861,1.2912,76319
06/06/2017,1.2906,1.2955,1.2877,1.2893,91206
06/07/2017,1.291,1.2984,1.2892,1.2956,141546
06/08/2017,1.2961,1.2981,1.2911,1.2948,92135
06/09/2017,1.2746,1.2833,1.2638,1.2731,305871
06/12/2017,1.2739,1.2772,1.2641,1.2661,125887
06/13/2017,1.2677,1.276,1.2644,1.2756,136953
06/14/2017,1.2754,1.2821,1.2724,1.2748,232605
06/15/2017,1.2749,1.2798,1.2691,1.2763,158063
06/16/2017,1.2791,1.2843,1.2787,1.2817,101252
06/19/2017,1.2799,1.2851,1.276,1.2766,88602
06/20/2017,1.2772,1.2795,1.2639,1.2664,144088
06/21/2017,1.2662,1.2746,1.2625,1.2702,122120
06/22/2017,1.2708,1.2725,1.2687,1.2703,65990
06/23/2017,1.2713,1.2778,1.2709,1.2756,86075
06/26/2017,1.2774,1.2794,1.274,1.2754,70172
06/27/2017,1.2754,1.2897,1.2749,1.284,103966
06/28/2017,1.2848,1.3005,1.2827,1.2968,187098
06/29/2017,1.2961,1.3047,1.2959,1.3023,127741
06/30/2017,1.3036,1.3061,1.2975,1.3045,109748
07/03/2017,1.3046,1.3054,1.2962,1.2985,81920
07/05/2017,1.2965,1.2988,1.2922,1.2962,110939
07/06/2017,1.2966,1.3013,1.2949,1.3001,89758
07/07/2017,1.2999,1.3003,1.2894,1.291,98729
07/10/2017,1.2917,1.2936,1.2881,1.2913,67662
07/11/2017,1.2906,1.2955,1.2859,1.2878,104970
07/12/2017,1.2874,1.2939,1.2839,1.2914,116796
07/13/2017,1.2916,1.2982,1.2914,1.2971,88023
07/14/2017,1.2965,1.3141,1.2962,1.3114,129913
07/17/2017,1.3136,1.314,1.3072,1.3083,82123
07/18/2017,1.3084,1.3153,1.3031,1.3075,125188
07/19/2017,1.3068,1.3079,1.3037,1.3052,77559
07/20/2017,1.305,1.3057,1.2956,1.2999,130759
07/21/2017,1.2999,1.3044,1.2976,1.3031,92041
07/24/2017,1.3021,1.3082,1.301,1.306,83298
07/25/2017,1.3047,1.3107,1.303,1.306,82252
07/26/2017,1.3051,1.3147,1.3021,1.3117,104775
07/27/2017,1.3143,1.3181,1.3073,1.3095,121137
07/28/2017,1.3085,1.3174,1.3083,1.317,87172
07/31/2017,1.316,1.3247,1.3118,1.3217,105754
08/01/2017,1.3229,1.3266,1.3212,1.3231,98928
08/02/2017,1.323,1.3273,1.321,1.3249,78386
08/03/2017,1.3243,1.3287,1.313,1.3153,136488
08/04/2017,1.3157,1.3183,1.3041,1.3053,107819
08/07/2017,1.3061,1.3077,1.3032,1.3049,68297
08/08/2017,1.3055,1.3071,1.2969,1.3005,87892
08/09/2017,1.3007,1.3045,1.2985,1.3019,94386
08/10/2017,1.3022,1.3031,1.2966,1.2995,75979
08/11/2017,1.2992,1.3046,1.2954,1.3028,106378
08/14/2017,1.3028,1.3036,1.297,1.2984,70763
08/15/2017,1.2975,1.2985,1.286,1.2877,120643
08/16/2017,1.2887,1.2917,1.2855,1.2898,116162
08/17/2017,1.2902,1.2925,1.2865,1.2887,93856
08/18/2017,1.2882,1.2931,1.2844,1.2888,100812
08/21/2017,1.2886,1.2928,1.2862,1.2911,70584
08/22/2017,1.2908,1.292,1.2821,1.2839,86178
08/23/2017,1.2834,1.2845,1.279,1.2815,85256
08/24/2017,1.2812,1.2846,1.2783,1.2811,77646
08/25/2017,1.281,1.2898,1.2803,1.2887,81085
08/28/2017,1.2924,1.2952,1.2882,1.2948,66142
08/29/2017,1.2941,1.2988,1.291,1.2931,87611
08/30/2017,1.293,1.2946,1.2886,1.2933,89811
08/31/2017,1.2932,1.2942,1.2857,1.294,105704
09/01/2017,1.2932,1.3002,1.2911,1.2961,105551
09/05/2017,1.297,1.3049,1.2913,1.3047,142326
09/06/2017,1.3042,1.3088,1.3024,1.3045,101945
09/07/2017,1.3047,1.3119,1.3037,1.3087,114957
09/08/2017,1.3102,1.3227,1.3098,1.3203,138217
09/11/2017,1.3195,1.3226,1.3163,1.3177,125128
09/12/2017,1.3172,1.3301,1.3163,1.3297,190493
09/13/2017,1.329,1.3331,1.3186,1.3199,195490
09/14/2017,1.3208,1.3408,1.315,1.3399,204740
09/15/2017,1.3436,1.3652,1.3418,1.3608,223776
09/18/2017,1.3625,1.3655,1.3501,1.3526,155952
09/19/2017,1.3534,1.3588,1.3506,1.356,135859
09/20/2017,1.3548,1.3695,1.3487,1.3519,175932
09/21/2017,1.3534,1.3622,1.3505,1.3608,131541
09/22/2017,1.3615,1.363,1.3485,1.3563,201208
09/25/2017,1.3528,1.3605,1.3467,1.3505,125570
09/26/2017,1.3505,1.3549,1.3444,1.3489,109790
09/27/2017,1.3496,1.3498,1.3398,1.3438,118487
09/28/2017,1.3427,1.3488,1.3374,1.3478,112437
09/29/2017,1.3471,1.3471,1.338,1.3439,133164
10/02/2017,1.3415,1.3433,1.3286,1.3315,113008
10/03/2017,1.3305,1.3317,1.325,1.3274,105333
10/04/2017,1.3263,1.3322,1.3263,1.3277,82473
10/05/2017,1.327,1.3278,1.3135,1.3139,145116
10/06/2017,1.3144,1.3147,1.3048,1.3094,131751
10/09/2017,1.3109,1.3211,1.3101,1.3178,93924
10/10/2017,1.3167,1.3253,1.3158,1.3227,99632
10/11/2017,1.3231,1.3262,1.3202,1.3244,79389
10/12/2017,1.3249,1.3316,1.3147,1.3299,163315
10/13/2017,1.3286,1.3363,1.3272,1.3317,140402
10/16/2017,1.3322,1.3336,1.3249,1.327,106059
10/17/2017,1.3274,1.3312,1.3177,1.3214,136538
10/18/2017,1.3216,1.3241,1.3163,1.3224,112096
10/19/2017,1.3223,1.325,1.315,1.3178,100947
10/20/2017,1.3174,1.3223,1.3107,1.3213,124629
10/23/2017,1.321,1.3249,1.3179,1.3221,92653
10/24/2017,1.3218,1.3248,1.3134,1.3157,95959
10/25/2017,1.3152,1.3291,1.313,1.3274,152239
10/26/2017,1.3283,1.3298,1.3165,1.3175,114564
10/27/2017,1.3171,1.3172,1.3088,1.3141,118131
10/30/2017,1.315,1.3234,1.314,1.3219,97537
10/31/2017,1.3223,1.3307,1.3209,1.3301,116128
11/01/2017,1.3302,1.3338,1.3257,1.3266,120570
11/02/2017,1.3266,1.3316,1.3057,1.3078,259415
11/03/2017,1.3071,1.315,1.3053,1.3083,143617
11/06/2017,1.3096,1.319,1.3073,1.3187,95085
11/07/2017,1.3185,1.3192,1.3123,1.3181,90830
11/08/2017,1.3183,1.319,1.31,1.3126,92458
11/09/2017,1.3127,1.3179,1.3098,1.317,117062
11/10/2017,1.3156,1.3243,1.3125,1.3209,109426
11/13/2017,1.3182,1.3185,1.3074,1.3127,120057
11/14/2017,1.3124,1.3199,1.3086,1.3176,120982
11/15/2017,1.3172,1.3225,1.3142,1.3176,128981
11/16/2017,1.3181,1.322,1.3145,1.3194,118460
11/17/2017,1.3204,1.3271,1.3178,1.3228,132647
11/20/2017,1.3226,1.329,1.3196,1.3247,103119
11/21/2017,1.3248,1.3277,1.3218,1.3245,97098
11/22/2017,1.3252,1.334,1.3222,1.333,111687
11/24/2017,1.333,1.3368,1.3285,1.3339,121611
11/27/2017,1.3337,1.3391,1.3317,1.3326,104181
11/28/2017,1.3329,1.3396,1.3228,1.338,240629
11/29/2017,1.3366,1.3456,1.3355,1.3432,215806
11/30/2017,1.3421,1.3556,1.3416,1.353,222113
12/01/2017,1.3525,1.3556,1.345,1.3473,160221
12/04/2017,1.3479,1.3545,1.3419,1.3475,223258
12/05/2017,1.3484,1.3484,1.3375,1.3446,141554
12/06/2017,1.3429,1.3442,1.3362,1.3379,137307
12/07/2017,1.3382,1.349,1.3323,1.3471,206118
12/08/2017,1.3484,1.3524,1.3358,1.3401,202983
12/11/2017,1.3394,1.3434,1.3333,1.3343,138863
12/12/2017,1.3346,1.3383,1.3304,1.3318,161679
12/13/2017,1.332,1.3434,1.3314,1.3417,226521
12/14/2017,1.3411,1.347,1.3394,1.3446,163843
12/15/2017,1.3483,1.3504,1.3364,1.3383,153022
12/18/2017,1.3383,1.3479,1.3373,1.3441,94825
12/19/2017,1.344,1.3456,1.3384,1.3435,80726
12/20/2017,1.3439,1.347,1.3418,1.3441,81731
12/21/2017,1.3422,1.344,1.3382,1.3435,74029
12/22/2017,1.3437,1.3451,1.3398,1.3432,67479
12/26/2017,1.3429,1.3444,1.3399,1.3431,24689
12/27/2017,1.3427,1.3479,1.3422,1.344,70513
12/28/2017,1.3448,1.3491,1.3433,1.3479,56455
12/29/2017,1.3466,1.3579,1.3457,1.3557,89594
01/02/2018,1.3543,1.3634,1.3536,1.3628,100481
01/03/2018,1.3624,1.3646,1.3525,1.3547,105289
01/04/2018,1.3545,1.3591,1.3536,1.3586,67604
01/05/2018,1.3582,1.3615,1.3555,1.3597,76471
01/08/2018,1.3601,1.3616,1.3553,1.3595,75060
01/09/2018,1.3601,1.3613,1.3532,1.3562,78262
01/10/2018,1.3572,1.3592,1.3511,1.3539,110012
01/11/2018,1.3538,1.3584,1.3486,1.3566,110233
01/12/2018,1.357,1.3773,1.3565,1.3764,200338
01/16/2018,1.3777,1.3848,1.3756,1.3821,187127
01/17/2018,1.3818,1.3972,1.3785,1.3907,160512
01/18/2018,1.3838,1.394,1.3831,1.392,114605
01/19/2018,1.3923,1.3971,1.3865,1.39,113537
01/22/2018,1.3926,1.4017,1.3883,1.4007,117345
01/23/2018,1.4007,1.4057,1.3942,1.4026,125435
01/24/2018,1.4028,1.4291,1.4023,1.4242,200657
01/25/2018,1.4261,1.437,1.4107,1.4145,271901
01/26/2018,1.414,1.4312,1.4139,1.4184,178251
01/29/2018,1.4171,1.4182,1.405,1.4104,139286
01/30/2018,1.4098,1.4191,1.4004,1.4177,143285
01/31/2018,1.4174,1.4257,1.4145,1.42,178846
02/01/2018,1.4216,1.4302,1.4181,1.4287,140669
02/02/2018,1.429,1.43,1.4123,1.4152,132130
02/05/2018,1.4111,1.4173,1.3975,1.4023,140889
02/06/2018,1.3991,1.4021,1.3857,1.3979,183699
02/07/2018,1.3975,1.4014,1.3868,1.3899,131068
02/08/2018,1.3888,1.4087,1.3864,1.394,248825
02/09/2018,1.3943,1.4006,1.378,1.3825,203227
02/12/2018,1.384,1.3895,1.3814,1.3843,102745
02/13/2018,1.3858,1.3942,1.385,1.3893,98840
02/14/2018,1.3905,1.4034,1.3816,1.4003,144520
02/15/2018,1.4017,1.4119,1.401,1.4106,116090
02/16/2018,1.4107,1.416,1.4011,1.4037,97135
02/20/2018,1.4045,1.4063,1.3945,1.4,143625
02/21/2018,1.4011,1.4023,1.3916,1.3948,142662
02/22/2018,1.3923,1.4001,1.3868,1.3969,115141
02/23/2018,1.3965,1.4017,1.3915,1.3982,99698
02/26/2018,1.3982,1.4082,1.3938,1.3974,102490
02/27/2018,1.3975,1.4006,1.3865,1.3926,138738
02/28/2018,1.3919,1.3926,1.3765,1.3778,161588
03/01/2018,1.376,1.3793,1.3719,1.3776,146100
03/02/2018,1.3781,1.3824,1.3762,1.3795,124064
03/05/2018,1.3815,1.3884,1.3772,1.3836,131197
03/06/2018,1.385,1.3936,1.3821,1.3893,120449
03/07/2018,1.3901,1.3919,1.385,1.3902,119223
03/08/2018,1.3901,1.3914,1.3784,1.3801,129629
03/09/2018,1.3815,1.3893,1.3791,1.3852,123820
03/12/2018,1.3857,1.392,1.3843,1.391,105526
03/13/2018,1.3906,1.3997,1.3877,1.3978,127026
03/14/2018,1.397,1.3999,1.3928,1.3976,142502
03/15/2018,1.3967,1.399,1.3923,1.3933,134556
03/16/2018,1.3999,1.404,1.3945,1.3996,120051
03/19/2018,1.4002,1.4146,1.397,1.4107,173315
03/20/2018,1.4082,1.4123,1.4039,1.4056,98448
03/21/2018,1.4057,1.4204,1.4053,1.4184,150729
03/22/2018,1.4189,1.4272,1.4126,1.4161,145405
03/23/2018,1.4156,1.4223,1.4136,1.4196,103110
03/26/2018,1.4202,1.4294,1.4196,1.4276,101356
03/27/2018,1.4279,1.4293,1.4113,1.4201,138937
03/28/2018,1.4209,1.4244,1.4113,1.4127,109658
03/29/2018,1.4125,1.4138,1.4054,1.4058,119003
04/02/2018,1.4064,1.4122,1.4062,1.4085,46244
04/03/2018,1.4093,1.4131,1.4064,1.4099,90696
04/04/2018,1.4103,1.4139,1.406,1.4119,99049
04/05/2018,1.4129,1.414,1.4007,1.4044,107884
04/06/2018,1.4041,1.4146,1.4024,1.4126,108112
04/09/2018,1.4125,1.4204,1.4118,1.4173,83421
04/10/2018,1.4171,1.4227,1.4159,1.4223,83354
04/11/2018,1.4217,1.4263,1.4199,1.4211,85825
04/12/2018,1.4217,1.4286,1.4183,1.4265,109246
04/13/2018,1.4269,1.4335,1.4259,1.4275,94935
04/16/2018,1.4284,1.4382,1.4271,1.4369,100216
04/17/2018,1.4375,1.4413,1.4318,1.4322,121502
04/18/2018,1.4327,1.4349,1.4207,1.4239,130290
04/19/2018,1.424,1.4279,1.41,1.411,152695
04/20/2018,1.4117,1.4121,1.4029,1.4055,133018
04/23/2018,1.4032,1.4064,1.3959,1.397,96604
04/24/2018,1.3969,1.4019,1.3951,1.4003,98926
04/25/2018,1.401,1.4028,1.3955,1.3972,75375
04/26/2018,1.3962,1.4028,1.3925,1.3955,116106
04/27/2018,1.3943,1.3963,1.3777,1.3818,155833
04/30/2018,1.3809,1.3822,1.3742,1.3776,117565
05/01/2018,1.3797,1.3803,1.3618,1.3646,132035
05/02/2018,1.3639,1.3694,1.3582,1.3631,136463
05/03/2018,1.3599,1.3654,1.3562,1.3595,133792
05/04/2018,1.3598,1.361,1.3511,1.3567,116796
05/07/2018,1.3555,1.36,1.354,1.3585,61615
05/08/2018,1.3581,1.3616,1.3506,1.3559,127536
05/09/2018,1.3567,1.3629,1.3521,1.3578,105644
05/10/2018,1.3572,1.3638,1.348,1.3541,221143
05/11/2018,1.3539,1.3617,1.3522,1.3567,103452
05/14/2018,1.3566,1.3628,1.356,1.3585,76872
05/15/2018,1.3578,1.3591,1.347,1.3527,112064
05/16/2018,1.3527,1.354,1.3475,1.3504,110385
05/17/2018,1.3527,1.3587,1.3491,1.3524,116842
05/18/2018,1.3533,1.3545,1.3471,1.3499,88396
05/21/2018,1.349,1.35,1.3407,1.343,104119
05/22/2018,1.3446,1.3507,1.3428,1.3444,109937
05/23/2018,1.3447,1.3457,1.3319,1.3361,160465
05/24/2018,1.3365,1.3434,1.3362,1.3397,145550
05/25/2018,1.3393,1.34,1.3306,1.3328,108930
05/29/2018,1.332,1.3353,1.3215,1.3258,211876
05/30/2018,1.3267,1.3318,1.3253,1.329,137241
05/31/2018,1.3293,1.3357,1.3286,1.3299,146676
06/01/2018,1.3302,1.337,1.3261,1.3354,120748
06/04/2018,1.3362,1.3406,1.3302,1.3322,103359
06/05/2018,1.3322,1.3416,1.331,1.3399,127635
06/06/2018,1.3405,1.345,1.3403,1.3416,107798
06/07/2018,1.3422,1.3477,1.3375,1.3431,154522
06/08/2018,1.3426,1.3444,1.3359,1.3417,113664
06/11/2018,1.3416,1.3446,1.3348,1.3384,118892
06/12/2018,1.3382,1.3429,1.3345,1.3379,155701
06/13/2018,1.3377,1.3392,1.3311,1.336,167325
06/14/2018,1.3378,1.3448,1.3255,1.3283,191703
06/15/2018,1.3319,1.3354,1.3266,1.3337,109666
06/18/2018,1.3328,1.3331,1.3281,1.3296,70617
06/19/2018,1.3298,1.3329,1.3204,1.3221,109033
06/20/2018,1.3224,1.3269,1.3199,1.3239,109082
06/21/2018,1.3228,1.332,1.3152,1.3306,156409
06/22/2018,1.3291,1.3366,1.3288,1.3312,110384
06/25/2018,1.3321,1.3341,1.3271,1.3329,79237
06/26/2018,1.3332,1.3342,1.3241,1.3282,102962
06/27/2018,1.3271,1.3282,1.3154,1.3175,131539
06/28/2018,1.3165,1.3167,1.3095,1.3113,133168
06/29/2018,1.3119,1.3259,1.3114,1.3236,149843
07/02/2018,1.3255,1.3255,1.3138,1.3167,99873
07/03/2018,1.318,1.325,1.3158,1.3208,103449
07/05/2018,1.3234,1.3315,1.3214,1.3252,166017
07/06/2018,1.3262,1.3332,1.3243,1.3307,96501
07/09/2018,1.3358,1.3403,1.3229,1.3295,224633
07/10/2018,1.3292,1.3341,1.3262,1.3305,126910
07/11/2018,1.3314,1.3324,1.323,1.3249,100682
07/12/2018,1.3241,1.328,1.3216,1.3245,86507
07/13/2018,1.324,1.3275,1.3137,1.3263,133454
07/16/2018,1.3262,1.3328,1.3252,1.3266,85759
07/17/2018,1.3271,1.3304,1.3101,1.3156,167259
07/18/2018,1.3147,1.315,1.3043,1.3095,139379
07/19/2018,1.3107,1.3114,1.2988,1.3047,149732
07/20/2018,1.3046,1.3171,1.3025,1.3164,139220
07/23/2018,1.3163,1.3189,1.3112,1.313,94213
07/24/2018,1.3128,1.319,1.3101,1.317,99705
07/25/2018,1.3171,1.323,1.3161,1.3202,97599
07/26/2018,1.3213,1.324,1.3132,1.3138,108449
07/27/2018,1.3136,1.3157,1.3109,1.3139,78184
07/30/2018,1.3131,1.3179,1.3123,1.3161,67045
07/31/2018,1.3157,1.32,1.3115,1.315,100969
08/01/2018,1.3143,1.3169,1.312,1.3153,85278
08/02/2018,1.3146,1.3177,1.3036,1.3046,153044
08/03/2018,1.3039,1.3064,1.2997,1.3028,95310
08/06/2018,1.3026,1.3027,1.294,1.2964,75626
08/07/2018,1.2964,1.2993,1.2944,1.2955,82365
08/08/2018,1.2957,1.298,1.2872,1.2913,107107
08/09/2018,1.2904,1.2929,1.2833,1.2865,105490
08/10/2018,1.2845,1.2854,1.274,1.2779,143024
08/13/2018,1.2771,1.2808,1.2747,1.277,89100
08/14/2018,1.2776,1.2844,1.2721,1.2728,106257
08/15/2018,1.2737,1.2751,1.2678,1.2709,100676
08/16/2018,1.2708,1.2768,1.27,1.2723,98992
08/17/2018,1.2725,1.2768,1.2711,1.2761,79063
08/20/2018,1.2757,1.2813,1.2742,1.2797,72875
08/21/2018,1.2808,1.2938,1.2806,1.2915,111915
08/22/2018,1.2917,1.2949,1.288,1.2925,78872
08/23/2018,1.2923,1.2928,1.2815,1.2825,97518
08/24/2018,1.2822,1.2892,1.2809,1.2857,84262
08/27/2018,1.2854,1.2911,1.2839,1.2902,51134
08/28/2018,1.2906,1.2943,1.2872,1.2877,78864
08/29/2018,1.2878,1.3043,1.2855,1.303,160554
08/30/2018,1.304,1.305,1.2992,1.3021,97139
08/31/2018,1.3016,1.3036,1.2951,1.2964,111721
09/04/2018,1.2925,1.2941,1.2817,1.2862,185192
09/05/2018,1.2858,1.2989,1.2791,1.2903,190915
09/06/2018,1.2915,1.2967,1.2901,1.2938,101708
09/07/2018,1.2934,1.3032,1.2911,1.2928,150787
09/10/2018,1.2917,1.3055,1.29,1.3032,160587
09/11/2018,1.3034,1.3091,1.2966,1.301,162196
09/12/2018,1.3018,1.3086,1.2982,1.3058,151802
09/13/2018,1.3051,1.3126,1.3028,1.3113,225450
09/14/2018,1.3158,1.3206,1.3108,1.3118,106033
09/17/2018,1.3124,1.3216,1.3121,1.3213,84888
09/18/2018,1.321,1.3227,1.317,1.319,83838
09/19/2018,1.32,1.3268,1.3149,1.3197,126175
09/20/2018,1.3196,1.335,1.3186,1.3318,144282
09/21/2018,1.3323,1.3327,1.3103,1.3127,175020
09/24/2018,1.3133,1.3217,1.3112,1.3167,89659
09/25/2018,1.3165,1.3243,1.3143,1.3235,90137
09/26/2018,1.323,1.3266,1.3186,1.3231,92239
09/27/2018,1.3214,1.3225,1.3121,1.3134,93302
09/28/2018,1.3126,1.3136,1.3046,1.3086,105099
10/01/2018,1.3077,1.3162,1.3056,1.3082,94838
10/02/2018,1.3082,1.3093,1.2984,1.3022,87909
10/03/2018,1.3023,1.3067,1.2967,1.3019,82151
10/04/2018,1.299,1.3083,1.2963,1.3066,100525
10/05/2018,1.3063,1.3165,1.3045,1.3152,129727
10/08/2018,1.3168,1.3174,1.3069,1.3133,75051
10/09/2018,1.3135,1.3192,1.3073,1.3186,117805
10/10/2018,1.3181,1.3256,1.3177,1.3238,111413
10/11/2018,1.3235,1.3297,1.3221,1.3272,118244
10/12/2018,1.3268,1.3296,1.3183,1.32,107962
10/15/2018,1.3139,1.3219,1.3131,1.3192,88828
10/16/2018,1.319,1.3274,1.3178,1.3227,93580
10/17/2018,1.3219,1.3228,1.3135,1.3157,97044
10/18/2018,1.3144,1.3166,1.305,1.3066,113979
10/19/2018,1.3055,1.3138,1.3044,1.3099,101454
10/22/2018,1.3095,1.3123,1.2988,1.3004,97807
10/23/2018,1.3002,1.3076,1.2968,1.3016,103943
10/24/2018,1.3011,1.3021,1.2897,1.2912,95400
10/25/2018,1.2915,1.2949,1.2825,1.2854,102613
10/26/2018,1.2843,1.287,1.2805,1.2859,92362
10/29/2018,1.2856,1.2881,1.2819,1.2833,84244
10/30/2018,1.2825,1.2839,1.2722,1.2728,98052
10/31/2018,1.2735,1.2857,1.2726,1.2796,165117
11/01/2018,1.2798,1.3062,1.2789,1.3041,219406
11/02/2018,1.3023,1.3065,1.2975,1.2985,116367
11/05/2018,1.3029,1.308,1.2987,1.3076,109646
11/06/2018,1.3081,1.3131,1.3044,1.3115,110183
11/07/2018,1.3115,1.3198,1.3097,1.317,119933
11/08/2018,1.3149,1.3171,1.3066,1.3071,114661
11/09/2018,1.3087,1.3089,1.2979,1.2996,115690
11/12/2018,1.2947,1.2966,1.2846,1.2874,144906
11/13/2018,1.2872,1.3067,1.2869,1.2973,210888
11/14/2018,1.3051,1.3092,1.2898,1.3052,270534
11/15/2018,1.3007,1.3047,1.2739,1.2812,273286
11/16/2018,1.2781,1.2895,1.2777,1.2847,147200
11/19/2018,1.2847,1.29,1.281,1.2871,99866
11/20/2018,1.2874,1.2898,1.2791,1.28,93787
11/21/2018,1.2799,1.2835,1.2778,1.2795,80732
11/23/2018,1.2789,1.2941,1.2783,1.2821,148200
11/26/2018,1.283,1.2876,1.2808,1.2822,58631
11/27/2018,1.2823,1.283,1.2735,1.2745,91227
11/28/2018,1.2752,1.2858,1.2743,1.2846,96949
11/29/2018,1.2836,1.2859,1.2764,1.2792,89999
11/30/2018,1.2791,1.2818,1.2742,1.2751,93205
12/03/2018,1.2748,1.2833,1.2706,1.2733,109336
12/04/2018,1.2736,1.2848,1.2665,1.2723,158299
12/05/2018,1.2719,1.2805,1.2679,1.2742,80433
12/06/2018,1.2737,1.2817,1.2704,1.278,121645
12/07/2018,1.2782,1.2794,1.2714,1.2756,99646
12/10/2018,1.2722,1.2763,1.2511,1.256,231568
12/11/2018,1.2567,1.2642,1.2481,1.2531,172603
12/12/2018,1.2491,1.2677,1.2479,1.2638,206799
12/13/2018,1.2641,1.2688,1.261,1.2662,131891
12/14/2018,1.2717,1.2723,1.2589,1.264,100047
12/17/2018,1.2647,1.2706,1.2635,1.2689,85547
12/18/2018,1.2672,1.2763,1.2669,1.2696,82036
12/19/2018,1.2701,1.2737,1.2665,1.2683,86683
12/20/2018,1.2679,1.2766,1.2671,1.2729,94477
12/21/2018,1.2714,1.2752,1.267,1.2688,82092
12/24/2018,1.2701,1.2791,1.2687,1.2771,44100
12/26/2018,1.2736,1.2773,1.2683,1.2699,31716
12/27/2018,1.2695,1.2727,1.2666,1.2696,71803
12/28/2018,1.269,1.2756,1.2683,1.274,56693
12/31/2018,1.2751,1.2862,1.2727,1.279,68614
01/02/2019,1.2799,1.282,1.2627,1.2656,102778
01/03/2019,1.2628,1.2692,1.2512,1.2676,98348
01/04/2019,1.2679,1.279,1.2659,1.2784,97488
01/07/2019,1.278,1.2832,1.2764,1.2815,69943
01/08/2019,1.2829,1.2841,1.275,1.2761,72381
01/09/2019,1.276,1.2848,1.2757,1.2839,102840
01/10/2019,1.2842,1.2843,1.2769,1.2786,84791
01/11/2019,1.2786,1.2907,1.2749,1.2887,128233
01/14/2019,1.2903,1.2971,1.2858,1.2907,109167
01/15/2019,1.2905,1.2956,1.2707,1.2872,171723
01/16/2019,1.29,1.2938,1.2865,1.2911,126336
01/17/2019,1.2917,1.3039,1.2869,1.3026,110283
01/18/2019,1.3025,1.3031,1.2893,1.2909,96105
01/22/2019,1.2911,1.3012,1.2866,1.2994,147117
01/23/2019,1.2994,1.3117,1.2976,1.3101,114522
01/24/2019,1.311,1.3128,1.3046,1.3087,97866
01/25/2019,1.31,1.3252,1.3093,1.3231,139003
01/28/2019,1.3241,1.3244,1.317,1.3192,94983
01/29/2019,1.3184,1.3233,1.3088,1.313,186126
01/30/2019,1.3112,1.3178,1.3085,1.3148,96077
01/31/2019,1.3145,1.319,1.3127,1.3141,95048
02/01/2019,1.3135,1.3143,1.3071,1.3112,80282
02/04/2019,1.3113,1.3132,1.3057,1.3072,69098
02/05/2019,1.3063,1.3083,1.2952,1.2983,83928
02/06/2019,1.2982,1.3006,1.2951,1.2964,67184
02/07/2019,1.2956,1.3021,1.2877,1.2979,108676
02/08/2019,1.2972,1.3,1.2944,1.2956,63389
02/11/2019,1.2955,1.2962,1.2867,1.2883,99471
02/12/2019,1.288,1.2931,1.2855,1.292,85516
02/13/2019,1.2912,1.2981,1.2865,1.2872,122244
02/14/2019,1.2867,1.2896,1.2791,1.2819,105114
02/15/2019,1.2815,1.2916,1.2803,1.2905,111656
02/19/2019,1.2921,1.3091,1.2909,1.3084,190147
02/20/2019,1.3081,1.3127,1.3029,1.3078,146993
02/21/2019,1.3064,1.3111,1.3041,1.3054,120288
02/22/2019,1.3048,1.3095,1.2983,1.3076,87935
02/25/2019,1.3071,1.3129,1.3064,1.3116,91701
02/26/2019,1.3133,1.3302,1.313,1.3287,202398
02/27/2019,1.3272,1.3364,1.3246,1.3322,139003
02/28/2019,1.3321,1.3331,1.3264,1.3278,135157
03/01/2019,1.327,1.3297,1.3182,1.3201,124552
03/04/2019,1.3243,1.3264,1.3176,1.318,80836
03/05/2019,1.3185,1.3207,1.3105,1.3178,132452
03/06/2019,1.3155,1.319,1.3132,1.318,93347
03/07/2019,1.318,1.3191,1.3074,1.3081,122504
03/08/2019,1.3088,1.3113,1.2995,1.3019,166963
03/11/2019,1.2992,1.3175,1.2965,1.3156,222016
03/12/2019,1.3197,1.3296,1.3009,1.3085,291510
03/13/2019,1.3076,1.3385,1.3065,1.3223,172226
03/14/2019,1.332,1.3333,1.3208,1.3237,172082
03/15/2019,1.3323,1.3361,1.3263,1.3344,91317
03/18/2019,1.3359,1.336,1.3243,1.3313,109185
03/19/2019,1.3308,1.3371,1.33,1.3328,80650
03/20/2019,1.3326,1.3331,1.3203,1.3304,137186
03/21/2019,1.3251,1.3284,1.306,1.313,175764
03/22/2019,1.3173,1.3279,1.3137,1.3263,130364
03/25/2019,1.3271,1.3303,1.3215,1.3237,109139
03/26/2019,1.3249,1.3317,1.3213,1.3275,104632
03/27/2019,1.3262,1.3323,1.322,1.3318,147011
03/28/2019,1.3206,1.3249,1.3085,1.3109,135940
03/29/2019,1.3101,1.3187,1.3027,1.3056,186517
04/01/2019,1.3085,1.32,1.3059,1.3177,112478
04/02/2019,1.3107,1.32,1.3063,1.3163,131177
04/03/2019,1.3182,1.3245,1.3169,1.3206,114546
04/04/2019,1.3209,1.3238,1.3106,1.3109,82889
04/05/2019,1.312,1.3168,1.3033,1.3075,95946
04/08/2019,1.3073,1.3121,1.3073,1.3112,67323
04/09/2019,1.3111,1.3167,1.3076,1.3087,109191
04/10/2019,1.3097,1.3165,1.3093,1.3128,74079
04/11/2019,1.3127,1.3151,1.3091,1.3099,79761
04/12/2019,1.3096,1.3175,1.3092,1.3119,87114
04/15/2019,1.3119,1.3162,1.3117,1.3139,58877
04/16/2019,1.3139,1.3143,1.3083,1.3093,83123
04/17/2019,1.3085,1.3105,1.3066,1.3076,74720
04/18/2019,1.3073,1.3089,1.3016,1.3017,88102
04/22/2019,1.3022,1.3035,1.3012,1.3019,27178
04/23/2019,1.3015,1.3056,1.2965,1.2976,101728
04/24/2019,1.2966,1.3,1.2923,1.2941,96337
04/25/2019,1.2934,1.295,1.2899,1.2926,92169
04/26/2019,1.2926,1.2978,1.2909,1.2959,94628
04/29/2019,1.2952,1.2981,1.2938,1.2968,61646
04/30/2019,1.2964,1.3082,1.2959,1.3069,135890
05/01/2019,1.3073,1.3136,1.3062,1.3079,83017
05/02/2019,1.3082,1.3113,1.3047,1.3056,99404
05/03/2019,1.3062,1.3208,1.3015,1.3193,135505
05/06/2019,1.3193,1.32,1.311,1.3128,72288
05/07/2019,1.3128,1.316,1.3066,1.3091,105778
05/08/2019,1.3101,1.3106,1.3013,1.303,102024
05/09/2019,1.3033,1.306,1.2992,1.3048,94068
05/10/2019,1.3035,1.3071,1.3014,1.3032,82051
05/13/2019,1.3028,1.3064,1.2964,1.2988,80073
05/14/2019,1.2982,1.2993,1.2924,1.2927,83917
05/15/2019,1.2931,1.2944,1.2847,1.2864,97629
05/16/2019,1.2864,1.2871,1.2807,1.2811,78998
05/17/2019,1.2813,1.2816,1.2733,1.2744,93919
05/20/2019,1.2751,1.2775,1.2733,1.2744,77917
05/21/2019,1.2742,1.2832,1.2702,1.2721,186348
05/22/2019,1.2723,1.2736,1.264,1.2685,138205
05/23/2019,1.2674,1.2698,1.2618,1.2669,114075
05/24/2019,1.2674,1.2747,1.2661,1.2727,123512
05/28/2019,1.2733,1.2761,1.2662,1.2668,113482
05/29/2019,1.2666,1.2683,1.2623,1.2635,96197
05/30/2019,1.2638,1.265,1.259,1.2619,81257
05/31/2019,1.2613,1.2654,1.2568,1.2643,125316
06/03/2019,1.2639,1.2683,1.2618,1.2676,120950
06/04/2019,1.2672,1.2723,1.2649,1.2713,106935
06/05/2019,1.2707,1.2751,1.2687,1.27,99882
06/06/2019,1.2696,1.2748,1.2674,1.2695,96187
06/07/2019,1.2699,1.2768,1.2694,1.2745,99157
06/10/2019,1.2737,1.2741,1.2657,1.2694,128275
06/11/2019,1.269,1.2736,1.2674,1.2725,110785
06/12/2019,1.2728,1.2763,1.2685,1.2691,149092
06/13/2019,1.2693,1.2709,1.2663,1.2684,129063
06/14/2019,1.2729,1.2735,1.2632,1.2636,88810
06/17/2019,1.2646,1.2658,1.2583,1.2591,62637
06/18/2019,1.2586,1.2616,1.2556,1.2611,87704
06/19/2019,1.2608,1.2725,1.2594,1.2719,100156
06/20/2019,1.2696,1.2776,1.2693,1.2748,101855
06/21/2019,1.2752,1.2795,1.2689,1.2785,84232
06/24/2019,1.2787,1.2814,1.2756,1.2789,65498
06/25/2019,1.2785,1.283,1.2719,1.2741,90012
06/26/2019,1.2738,1.2755,1.2709,1.2735,65310
06/27/2019,1.2737,1.2769,1.2705,1.2706,65982
06/28/2019,1.2713,1.2778,1.2708,1.2749,85092
07/01/2019,1.2747,1.275,1.2676,1.268,90077
07/02/2019,1.2686,1.269,1.2627,1.2646,90682
07/03/2019,1.2638,1.2644,1.2598,1.2618,68909
07/05/2019,1.2617,1.2632,1.2523,1.2566,117234
07/08/2019,1.2572,1.2581,1.2542,1.2555,59044
07/09/2019,1.2555,1.256,1.248,1.2507,77996
07/10/2019,1.2502,1.2561,1.2484,1.2544,89236
07/11/2019,1.2546,1.2609,1.2542,1.2564,83755
07/12/2019,1.2563,1.2617,1.2558,1.2608,56501
07/15/2019,1.2611,1.2615,1.2546,1.2557,47755
07/16/2019,1.2554,1.2557,1.2432,1.2443,101570
07/17/2019,1.2441,1.2492,1.2417,1.2473,81264
07/18/2019,1.2471,1.2592,1.2462,1.2576,123852
07/19/2019,1.258,1.2589,1.2509,1.2532,85595
07/22/2019,1.2538,1.2547,1.2488,1.2515,64466
07/23/2019,1.2506,1.2514,1.2448,1.2473,89134
07/24/2019,1.247,1.2553,1.2456,1.251,76070
07/25/2019,1.2514,1.2548,1.2466,1.2481,97583
07/26/2019,1.248,1.2489,1.2405,1.2414,77949
07/29/2019,1.2411,1.2412,1.224,1.2252,133181
07/30/2019,1.2248,1.2254,1.2147,1.219,144581
07/31/2019,1.2178,1.2277,1.2161,1.2188,166159
08/01/2019,1.2178,1.2197,1.2104,1.2174,147288
08/02/2019,1.2145,1.2194,1.2115,1.2183,94158
08/05/2019,1.2176,1.2212,1.2126,1.2167,121188
08/06/2019,1.2163,1.2232,1.2158,1.2174,115851
08/07/2019,1.2188,1.2213,1.2142,1.2166,105890
08/08/2019,1.2162,1.2202,1.2115,1.2153,92064
08/09/2019,1.2159,1.2167,1.2044,1.2073,100737
08/12/2019,1.206,1.2126,1.2033,1.2097,86722
08/13/2019,1.2099,1.2116,1.206,1.2073,85873
08/14/2019,1.2076,1.2119,1.2062,1.2077,78447
08/15/2019,1.2076,1.2168,1.2067,1.2126,108450
08/16/2019,1.2094,1.2191,1.2094,1.2169,86584
08/19/2019,1.216,1.2189,1.2119,1.2148,66631
08/20/2019,1.2139,1.2196,1.2078,1.218,120956
08/21/2019,1.2179,1.2189,1.2126,1.2137,80236
08/22/2019,1.2147,1.2285,1.212,1.2269,155680
08/23/2019,1.2267,1.2307,1.2206,1.2298,125319
08/26/2019,1.2283,1.2298,1.2219,1.2229,69245
08/27/2019,1.2232,1.232,1.2219,1.2305,110770
08/28/2019,1.2301,1.2301,1.2165,1.2229,142699
08/29/2019,1.2226,1.224,1.218,1.2185,92884
08/30/2019,1.2189,1.2236,1.2148,1.2161,104921
09/03/2019,1.2152,1.2182,1.1965,1.209,237502
09/04/2019,1.2089,1.2268,1.2089,1.222,155322
09/05/2019,1.2262,1.2359,1.2216,1.2326,156926
09/06/2019,1.2338,1.2348,1.2284,1.2298,124966
09/09/2019,1.2284,1.2391,1.2237,1.2349,171913
09/10/2019,1.2353,1.2383,1.231,1.2358,141295
09/11/2019,1.2361,1.2374,1.2315,1.2328,191745
09/12/2019,1.2329,1.2369,1.2284,1.2349,188081
09/13/2019,1.2382,1.2549,1.237,1.252,138961
09/16/2019,1.2543,1.2544,1.2443,1.2468,102344
09/17/2019,1.2467,1.257,1.2437,1.2546,97676
09/18/2019,1.2545,1.2554,1.2481,1.2506,96626
09/19/2019,1.2514,1.2602,1.2478,1.2577,117196
09/20/2019,1.2572,1.2624,1.2499,1.2514,128757
09/23/2019,1.2508,1.2528,1.2451,1.2474,92150
09/24/2019,1.247,1.2543,1.2453,1.2535,125425
09/25/2019,1.2534,1.2534,1.2387,1.239,128420
09/26/2019,1.2396,1.2419,1.2341,1.2365,104378
09/27/2019,1.2362,1.2372,1.2306,1.2325,99684
09/30/2019,1.2331,1.2382,1.231,1.2332,101556
10/01/2019,1.2329,1.2375,1.2241,1.2335,174888
10/02/2019,1.2322,1.2359,1.226,1.2339,127565
10/03/2019,1.233,1.2445,1.2298,1.2383,159274
10/04/2019,1.2372,1.2387,1.2307,1.2363,102144
10/07/2019,1.235,1.2367,1.2315,1.2329,59570
10/08/2019,1.2318,1.2331,1.2224,1.2246,107747
10/09/2019,1.2246,1.2321,1.2226,1.2238,94196
10/10/2019,1.2237,1.2497,1.2235,1.2472,205464
10/11/2019,1.2471,1.2735,1.2435,1.2687,271067
10/14/2019,1.267,1.2677,1.2542,1.2602,132123
10/15/2019,1.2655,1.2832,1.262,1.2808,290106
10/16/2019,1.2788,1.2904,1.2682,1.2865,298175
10/17/2019,1.2845,1.3015,1.2773,1.2901,256939
10/18/2019,1.2916,1.302,1.2862,1.297,134445
10/21/2019,1.2942,1.3037,1.2897,1.2993,134064
10/22/2019,1.2985,1.3024,1.2886,1.2906,175214
10/23/2019,1.2895,1.2945,1.2864,1.2929,104153
10/24/2019,1.2935,1.297,1.281,1.2887,112156
10/25/2019,1.2866,1.2884,1.2825,1.285,76757
10/28/2019,1.2845,1.2897,1.2832,1.2876,72983
10/29/2019,1.288,1.2924,1.2826,1.2879,96769
10/30/2019,1.2881,1.2926,1.2863,1.2908,88061
10/31/2019,1.2918,1.2994,1.2917,1.2957,109914
11/01/2019,1.2949,1.299,1.2943,1.2952,81345
11/04/2019,1.2954,1.296,1.2892,1.2896,64864
11/05/2019,1.2899,1.2933,1.2875,1.2899,74461
11/06/2019,1.2897,1.2913,1.2859,1.2868,59761
11/07/2019,1.287,1.2892,1.2804,1.2835,101770
11/08/2019,1.2827,1.2836,1.2782,1.2797,65395
11/11/2019,1.28,1.2912,1.2798,1.2867,89753
11/12/2019,1.2869,1.2887,1.2827,1.287,83354
11/13/2019,1.2862,1.2871,1.2833,1.2851,70153
11/14/2019,1.2863,1.29,1.2836,1.2887,74436
11/15/2019,1.2891,1.293,1.2878,1.2914,80529
11/18/2019,1.2925,1.2997,1.2919,1.2965,87892
11/19/2019,1.296,1.298,1.292,1.2921,77823
11/20/2019,1.2937,1.294,1.2897,1.2931,79453
11/21/2019,1.2935,1.2979,1.2901,1.2911,90347
11/22/2019,1.2918,1.2937,1.283,1.2839,112457
11/25/2019,1.2856,1.292,1.2849,1.2912,91567
11/26/2019,1.2906,1.2911,1.2841,1.2877,90614
11/27/2019,1.287,1.2932,1.2833,1.2922,106518
11/29/2019,1.295,1.2957,1.2884,1.2937,127341
12/02/2019,1.2919,1.2954,1.2901,1.2949,94094
12/03/2019,1.2949,1.3017,1.2935,1.2997,115090
12/04/2019,1.3002,1.3126,1.2987,1.3103,161578
12/05/2019,1.311,1.317,1.3108,1.3165,114012
12/06/2019,1.3164,1.317,1.3104,1.3141,131304
12/09/2019,1.3136,1.3184,1.3135,1.3151,126550
12/10/2019,1.3148,1.3218,1.3135,1.3207,149159
12/11/2019,1.3127,1.3216,1.3114,1.3208,223232
12/12/2019,1.3199,1.3231,1.3051,1.3139,225346
12/13/2019,1.3484,1.3548,1.3345,1.3378,248647
12/16/2019,1.3386,1.3461,1.336,1.3389,117118
12/17/2019,1.333,1.334,1.3138,1.3158,183489
12/18/2019,1.3172,1.3173,1.3098,1.3124,116113
12/19/2019,1.3119,1.3171,1.3026,1.305,138976
12/20/2019,1.3045,1.3116,1.3015,1.3052,86033
12/23/2019,1.3029,1.3068,1.294,1.2975,82971
12/24/2019,1.2977,1.3008,1.2958,1.3003,34748
12/26/2019,1.3008,1.3053,1.2996,1.3042,34216
12/27/2019,1.3041,1.3149,1.3003,1.3125,87806
12/30/2019,1.3114,1.3179,1.3103,1.3143,73151
12/31/2019,1.3146,1.3312,1.3132,1.3292,87712
01/02/2020,1.3273,1.3293,1.3142,1.3156,98603
01/03/2020,1.3169,1.3185,1.3079,1.3104,82143
01/06/2020,1.3089,1.3201,1.3088,1.3188,72218
01/07/2020,1.3198,1.3238,1.312,1.3146,83489
01/08/2020,1.3142,1.3194,1.3105,1.3125,87537
01/09/2020,1.3121,1.3147,1.3037,1.3081,93817
01/10/2020,1.309,1.3121,1.3066,1.3085,79595
01/13/2020,1.3057,1.3069,1.2985,1.3025,93322
01/14/2020,1.3013,1.3057,1.2978,1.3051,78270
01/15/2020,1.3045,1.3066,1.3007,1.305,74724
01/16/2020,1.3071,1.3106,1.3049,1.309,71759
01/17/2020,1.3097,1.3141,1.3026,1.304,82884
01/21/2020,1.3024,1.3105,1.2984,1.3072,124405
01/22/2020,1.3065,1.3175,1.3056,1.3156,112718
01/23/2020,1.3158,1.3171,1.3116,1.3138,75904
01/24/2020,1.3142,1.3198,1.3076,1.31,110738
01/27/2020,1.3097,1.3126,1.3059,1.3068,76685
01/28/2020,1.3075,1.3085,1.2994,1.3025,87677
01/29/2020,1.3046,1.3046,1.3007,1.3042,61986
01/30/2020,1.3032,1.3125,1.2995,1.3098,147060
01/31/2020,1.3105,1.3225,1.31,1.3217,115217
02/03/2020,1.3195,1.32,1.2998,1.3013,160403
02/04/2020,1.3011,1.3062,1.2955,1.3052,112144
02/05/2020,1.3042,1.3085,1.297,1.3002,122646
02/06/2020,1.3013,1.3013,1.2932,1.2936,89454
02/07/2020,1.2939,1.2972,1.2894,1.2899,93977
02/10/2020,1.29,1.2958,1.2885,1.2928,89461
02/11/2020,1.2926,1.298,1.2905,1.2975,91993
02/12/2020,1.2965,1.3003,1.2964,1.297,87282
02/13/2020,1.2966,1.308,1.2954,1.3064,153536
02/14/2020,1.3053,1.3074,1.3011,1.3043,89992
02/18/2020,1.3052,1.3065,1.298,1.301,140102
02/19/2020,1.3009,1.3033,1.2916,1.2929,113124
02/20/2020,1.2929,1.2937,1.2857,1.2889,108319
02/21/2020,1.2885,1.2989,1.2885,1.2981,115156
02/24/2020,1.2958,1.2962,1.2894,1.2921,97031
02/25/2020,1.2935,1.3025,1.2922,1.3007,108597
02/26/2020,1.3009,1.3015,1.2903,1.2917,113081
02/27/2020,1.291,1.2953,1.2865,1.2898,124685
02/28/2020,1.2895,1.2926,1.2732,1.2798,179064
03/02/2020,1.2797,1.2856,1.2745,1.2781,171264
03/03/2020,1.2766,1.2847,1.2761,1.2815,151289
03/04/2020,1.2819,1.2876,1.2774,1.287,131448
03/05/2020,1.2874,1.297,1.2864,1.2948,116660
03/06/2020,1.2961,1.3055,1.2951,1.3018,152949
03/09/2020,1.308,1.3203,1.3036,1.3114,215086
03/10/2020,1.3117,1.3118,1.2884,1.2916,164765
03/11/2020,1.2894,1.2979,1.2806,1.2842,191799
03/12/2020,1.2823,1.2849,1.249,1.2582,200673
03/13/2020,1.2588,1.2644,1.2277,1.233,167631
03/16/2020,1.2422,1.245,1.2225,1.2259,148830
03/17/2020,1.2291,1.2301,1.2026,1.2122,121333
03/18/2020,1.2087,1.2153,1.1475,1.1604,163126
03/19/2020,1.1617,1.1823,1.1497,1.1562,169440
03/20/2020,1.15,1.1952,1.1438,1.1587,143578
03/23/2020,1.1684,1.1732,1.1466,1.1542,92965
03/24/2020,1.1573,1.1821,1.1495,1.177,89160
03/25/2020,1.1784,1.1991,1.1656,1.1891,107092
03/26/2020,1.19,1.2248,1.1795,1.2168,100427
03/27/2020,1.218,1.2506,1.215,1.25,112448
03/30/2020,1.2467,1.2497,1.2336,1.2404,78563
03/31/2020,1.2397,1.2492,1.226,1.2456,101715
04/01/2020,1.2439,1.2454,1.2345,1.2384,64615
04/02/2020,1.2396,1.2485,1.2356,1.2404,65035
04/03/2020,1.2408,1.2412,1.2213,1.2282,71865
04/06/2020,1.2233,1.2336,1.2219,1.2311,65294
04/07/2020,1.2237,1.2395,1.2174,1.2348,76241
04/08/2020,1.2346,1.2429,1.2297,1.24,50089
04/09/2020,1.2399,1.2491,1.2367,1.2455,62450
04/13/2020,1.2462,1.2545,1.2461,1.2537,33285
04/14/2020,1.2524,1.2653,1.2511,1.2633,64673
04/15/2020,1.2633,1.2636,1.2441,1.2556,70983
04/16/2020,1.2532,1.2535,1.2414,1.2462,57605
04/17/2020,1.2494,1.2528,1.2411,1.2493,59640
04/20/2020,1.2506,1.2509,1.2421,1.2448,46606
04/21/2020,1.2442,1.2448,1.2252,1.2284,82313
04/22/2020,1.2306,1.2391,1.2279,1.2322,63782
04/23/2020,1.2337,1.2419,1.2311,1.2358,71933
04/24/2020,1.235,1.238,1.2299,1.2355,47839
04/27/2020,1.2369,1.2459,1.2363,1.2425,45955
04/28/2020,1.2431,1.2523,1.2407,1.2436,59434
04/29/2020,1.2427,1.2488,1.2391,1.2454,49905
04/30/2020,1.2477,1.2647,1.2432,1.2602,113277
05/01/2020,1.26,1.2602,1.2484,1.2488,56275
05/04/2020,1.2486,1.2489,1.2407,1.2442,61699
05/05/2020,1.2443,1.2486,1.2422,1.2455,65416
05/06/2020,1.2443,1.2453,1.2336,1.2347,62311
05/07/2020,1.2343,1.2421,1.2267,1.2359,94427
05/08/2020,1.2363,1.247,1.2359,1.2412,49375
05/11/2020,1.2407,1.2439,1.2283,1.2332,72655
05/12/2020,1.2337,1.2379,1.2256,1.2282,76059
05/13/2020,1.227,1.2342,1.2211,1.2221,94114
05/14/2020,1.2234,1.2243,1.2166,1.2196,76319
05/15/2020,1.2232,1.2241,1.2101,1.2118,87713
05/18/2020,1.2085,1.2229,1.2079,1.2193,94734
05/19/2020,1.22,1.2297,1.2185,1.2282,85840
05/20/2020,1.2244,1.229,1.2223,1.2231,64779
05/21/2020,1.2235,1.225,1.2186,1.2236,70209
05/22/2020,1.2223,1.2234,1.2161,1.217,66926
05/26/2020,1.217,1.2364,1.2165,1.2343,127637
05/27/2020,1.2337,1.2355,1.2203,1.2256,116843
05/28/2020,1.2262,1.2346,1.2234,1.2344,81977
05/29/2020,1.2326,1.2394,1.229,1.2326,119183
06/01/2020,1.2339,1.2508,1.2327,1.2496,97449
06/02/2020,1.2492,1.2577,1.2479,1.2542,109335
06/03/2020,1.2549,1.2616,1.2547,1.2589,95446
06/04/2020,1.2574,1.2634,1.2501,1.2614,104306
06/05/2020,1.2592,1.2732,1.2583,1.2669,126865
06/08/2020,1.2681,1.2736,1.2628,1.2726,98667
06/09/2020,1.2722,1.2756,1.2619,1.2741,118602
06/10/2020,1.273,1.2813,1.2707,1.2769,162181
06/11/2020,1.2747,1.2754,1.2577,1.2595,139709
06/12/2020,1.2605,1.266,1.248,1.2496,134269
06/15/2020,1.2525,1.2613,1.2461,1.2592,101540
06/16/2020,1.262,1.2694,1.2558,1.2583,108518
06/17/2020,1.2573,1.2595,1.2517,1.2546,76865
06/18/2020,1.2559,1.2573,1.2407,1.2426,128210
06/19/2020,1.2425,1.2462,1.235,1.2361,95406
06/22/2020,1.236,1.2483,1.234,1.2478,69721
06/23/2020,1.2476,1.2538,1.2439,1.2528,88584
06/24/2020,1.2519,1.2548,1.2419,1.2428,93622
06/25/2020,1.2429,1.247,1.2394,1.2414,78735
06/26/2020,1.2421,1.2442,1.232,1.2348,75364
06/29/2020,1.2343,1.2394,1.2256,1.229,79427
06/30/2020,1.2305,1.2407,1.2263,1.2397,99347
07/01/2020,1.2405,1.2495,1.2365,1.2476,84726
07/02/2020,1.2484,1.2536,1.2461,1.2466,82196
07/06/2020,1.2473,1.2526,1.2442,1.2503,92840
07/07/2020,1.2493,1.2598,1.2467,1.2559,87283
07/08/2020,1.2552,1.2628,1.2514,1.2627,80648
07/09/2020,1.2616,1.2674,1.2604,1.2625,98738
07/10/2020,1.2607,1.2669,1.2571,1.2633,83377
07/13/2020,1.2627,1.2671,1.2555,1.2578,82281
07/14/2020,1.2563,1.2569,1.2484,1.2561,86534
07/15/2020,1.2563,1.2654,1.2563,1.2586,85958
07/16/2020,1.2591,1.2628,1.2523,1.2549,78674
07/17/2020,1.2559,1.2578,1.2516,1.2573,50813
07/20/2020,1.2569,1.267,1.2522,1.2669,86895
07/21/2020,1.2659,1.2773,1.2654,1.2762,95802
07/22/2020,1.2732,1.2747,1.2647,1.2741,101418
07/23/2020,1.2736,1.2764,1.2677,1.2746,96255
07/24/2020,1.274,1.2807,1.272,1.2794,82848
07/27/2020,1.2802,1.2906,1.2788,1.2876,95166
07/28/2020,1.2893,1.2956,1.2843,1.295,107920
07/29/2020,1.2936,1.3017,1.2916,1.2967,111129
07/30/2020,1.3004,1.3106,1.2948,1.3091,119266
07/31/2020,1.3098,1.3174,1.3073,1.3108,148309
08/03/2020,1.309,1.3117,1.3007,1.3078,95502
08/04/2020,1.3081,1.3111,1.2984,1.3059,97162
08/05/2020,1.3069,1.3164,1.306,1.3119,94012
08/06/2020,1.3122,1.3189,1.3117,1.3153,111822
08/07/2020,1.315,1.315,1.3012,1.3055,93194
08/10/2020,1.306,1.3106,1.3021,1.3071,73699
08/11/2020,1.3075,1.3134,1.3044,1.3066,93347
08/12/2020,1.3059,1.307,1.3008,1.3029,88540
08/13/2020,1.3033,1.3127,1.3033,1.3054,79803
08/14/2020,1.3068,1.3145,1.3049,1.3093,69150
08/17/2020,1.3099,1.3123,1.3076,1.3103,51166
08/18/2020,1.3109,1.3252,1.3104,1.3246,91544
08/19/2020,1.3245,1.3269,1.3095,1.3116,96552
08/20/2020,1.3109,1.3227,1.3066,1.3214,121040
08/21/2020,1.3217,1.3256,1.3061,1.3095,112938
08/24/2020,1.3088,1.3151,1.3056,1.306,74071
08/25/2020,1.3065,1.3173,1.306,1.3148,82681
08/26/2020,1.3147,1.3221,1.3119,1.3193,82393
08/27/2020,1.3213,1.3286,1.3162,1.3206,130984
08/28/2020,1.3204,1.3357,1.3187,1.3344,113205
08/31/2020,1.3353,1.3397,1.3303,1.3379,83187
09/01/2020,1.3367,1.3483,1.3358,1.3385,126804
09/02/2020,1.3391,1.3403,1.3284,1.3323,114957
09/03/2020,1.3353,1.3359,1.3242,1.3272,101514
09/04/2020,1.3278,1.332,1.3176,1.3291,113925
09/08/2020,1.325,1.3263,1.298,1.2989,222939
09/09/2020,1.2978,1.3023,1.2885,1.2991,209095
09/10/2020,1.2998,1.3035,1.2772,1.2802,176134
09/11/2020,1.2806,1.2872,1.2768,1.2796,125077
09/14/2020,1.2798,1.2926,1.2796,1.2862,82386
09/15/2020,1.2852,1.2932,1.2821,1.2904,80998
09/16/2020,1.2895,1.3013,1.2882,1.2957,103722
09/17/2020,1.2973,1.3006,1.287,1.2967,143830
09/18/2020,1.2973,1.3005,1.292,1.2933,77470
09/21/2020,1.293,1.2972,1.2781,1.28,107877
09/22/2020,1.2817,1.2872,1.2716,1.2739,147054
09/23/2020,1.2742,1.2782,1.2679,1.272,107173
09/24/2020,1.2728,1.2787,1.2695,1.2746,113983
09/25/2020,1.2752,1.2811,1.269,1.2735,102125
09/28/2020,1.2763,1.2934,1.2756,1.2839,109989
09/29/2020,1.2838,1.2908,1.2827,1.2866,101452
09/30/2020,1.2864,1.2948,1.281,1.2904,132548
10/01/2020,1.2923,1.2984,1.2823,1.2897,193409
10/02/2020,1.289,1.2958,1.2839,1.2939,147722
10/05/2020,1.2928,1.2997,1.2904,1.2976,70911
10/06/2020,1.2985,1.3012,1.287,1.2905,114577
10/07/2020,1.2881,1.2933,1.2848,1.2915,105461
10/08/2020,1.2921,1.2974,1.2895,1.2935,72760
10/09/2020,1.294,1.3054,1.2924,1.3041,97956
10/12/2020,1.3036,1.3086,1.3009,1.3066,77232
10/13/2020,1.3069,1.3072,1.2926,1.2942,115941
10/14/2020,1.294,1.3069,1.2867,1.3028,134506
10/15/2020,1.3017,1.3033,1.2893,1.2904,120910
10/16/2020,1.2908,1.2965,1.2856,1.2935,131428
10/19/2020,1.2905,1.3028,1.2901,1.2948,115006
10/20/2020,1.2944,1.2984,1.2911,1.2946,81551
10/21/2020,1.2944,1.3182,1.2944,1.3163,141674
10/22/2020,1.3144,1.3156,1.3073,1.3081,79269
10/23/2020,1.3089,1.3126,1.3021,1.3039,89364
10/26/2020,1.306,1.3078,1.2996,1.3022,80791
10/27/2020,1.3026,1.3084,1.3004,1.3061,72336
10/28/2020,1.3044,1.3067,1.292,1.2997,125680
10/29/2020,1.2991,1.3029,1.2884,1.2929,119714
10/30/2020,1.2926,1.2992,1.2901,1.2961,105206
11/02/2020,1.2937,1.2947,1.2855,1.2904,82566
11/03/2020,1.2918,1.3084,1.2918,1.3029,96430
11/04/2020,1.3074,1.3145,1.2917,1.2998,121704
11/05/2020,1.2946,1.3158,1.2936,1.3147,97406
11/06/2020,1.3145,1.318,1.3095,1.3163,87944
11/09/2020,1.3165,1.3212,1.3121,1.3172,116095
11/10/2020,1.3164,1.3282,1.316,1.3257,109048
11/11/2020,1.3272,1.3326,1.3194,1.3215,94660
11/12/2020,1.3227,1.3231,1.3108,1.312,88690
11/13/2020,1.3121,1.3204,1.3112,1.3179,67757
11/16/2020,1.3197,1.3244,1.3167,1.3192,73644
11/17/2020,1.3201,1.3275,1.3196,1.3262,82075
11/18/2020,1.3265,1.3315,1.3246,1.3284,60913
11/19/2020,1.3268,1.3281,1.3197,1.3257,92014
11/20/2020,1.3255,1.3306,1.3248,1.328,69002
11/23/2020,1.3298,1.34,1.3266,1.3327,115483
11/24/2020,1.3323,1.3383,1.3294,1.3353,79593
11/25/2020,1.3362,1.3395,1.3306,1.3384,91345
11/27/2020,1.3387,1.3401,1.3295,1.3318,115599
11/30/2020,1.3328,1.3392,1.3305,1.3344,133289
12/01/2020,1.3333,1.3446,1.3316,1.3417,149352
12/02/2020,1.3426,1.3443,1.3287,1.3359,141730
12/03/2020,1.3374,1.3502,1.3353,1.345,140756
12/04/2020,1.3454,1.354,1.3409,1.3444,164304
12/07/2020,1.3421,1.3439,1.3223,1.3401,254412
12/08/2020,1.3374,1.3396,1.329,1.3354,185493
12/09/2020,1.3359,1.3478,1.3356,1.3397,153784
12/10/2020,1.3364,1.339,1.3246,1.329,166380
12/11/2020,1.3311,1.3337,1.3146,1.3238,152640
12/14/2020,1.3341,1.3458,1.3303,1.3334,141077
12/15/2020,1.3341,1.3481,1.329,1.3444,128613
12/16/2020,1.3465,1.3568,1.3446,1.3494,109868
12/17/2020,1.3511,1.3643,1.3509,1.3588,105767
12/18/2020,1.3596,1.36,1.3483,1.3517,93703
12/21/2020,1.3448,1.3517,1.32,1.3475,177573
12/22/2020,1.3469,1.3485,1.3319,1.337,124565
12/23/2020,1.338,1.3587,1.3378,1.3496,170997
12/24/2020,1.3518,1.3634,1.3512,1.3552,65288
12/28/2020,1.3569,1.359,1.3439,1.3458,73192
12/29/2020,1.3459,1.3532,1.3459,1.3508,76483
12/30/2020,1.3512,1.3633,1.3499,1.3618,86234
12/31/2020,1.3618,1.3693,1.361,1.3659,80237
01/04/2021,1.3667,1.371,1.3547,1.3572,112268
01/05/2021,1.3576,1.3648,1.3559,1.3633,68850
01/06/2021,1.3631,1.3677,1.3538,1.3606,96585
01/07/2021,1.3616,1.3638,1.3537,1.3576,81321
01/08/2021,1.3572,1.3642,1.3544,1.3568,88869
01/11/2021,1.3562,1.3574,1.3456,1.3532,69797
01/12/2021,1.3519,1.3675,1.351,1.3669,92370
01/13/2021,1.3667,1.3707,1.3616,1.3635,80845
01/14/2021,1.364,1.3716,1.362,1.3687,74106
01/15/2021,1.3694,1.3702,1.3576,1.3585,76663
01/19/2021,1.3591,1.3641,1.3523,1.3636,94679
01/20/2021,1.364,1.3723,1.3627,1.3649,84373
01/21/2021,1.3661,1.375,1.3657,1.3727,74962
01/22/2021,1.3738,1.374,1.3638,1.3686,77283
01/25/2021,1.3685,1.3728,1.3652,1.3667,74151
01/26/2021,1.3675,1.3749,1.3612,1.3735,87864
01/27/2021,1.374,1.3762,1.3662,1.369,105807
01/28/2021,1.37,1.375,1.3633,1.3745,110109
01/29/2021,1.3729,1.3755,1.366,1.3705,127061
02/01/2021,1.3705,1.3761,1.3658,1.3674,96763
02/02/2021,1.3669,1.3713,1.3614,1.3657,87067
02/03/2021,1.367,1.3686,1.3621,1.3644,76925
02/04/2021,1.3651,1.3701,1.3568,1.3676,136818
02/05/2021,1.367,1.3743,1.3668,1.373,81160
02/08/2021,1.3738,1.3751,1.3681,1.3746,66974
02/09/2021,1.3744,1.3822,1.374,1.3814,75550
02/10/2021,1.3819,1.3868,1.3804,1.3843,70040
02/11/2021,1.3833,1.3861,1.38,1.3806,60911
02/12/2021,1.3816,1.3864,1.3776,1.385,73276
02/16/2021,1.3858,1.3953,1.3858,1.3913,142204
02/17/2021,1.3907,1.3908,1.3831,1.3862,83336
02/18/2021,1.386,1.3987,1.384,1.3976,106123
02/19/2021,1.398,1.4039,1.3953,1.4015,84256
02/22/2021,1.4011,1.4089,1.3981,1.4078,78874
02/23/2021,1.4068,1.4119,1.4055,1.4109,68130
02/24/2021,1.4114,1.4245,1.4083,1.4125,97340
02/25/2021,1.4142,1.4183,1.4002,1.4035,114264
02/26/2021,1.4012,1.4028,1.3888,1.3946,161906
03/01/2021,1.3934,1.3999,1.3905,1.3923,78691
03/02/2021,1.393,1.3977,1.3859,1.3965,72922
03/03/2021,1.3955,1.4006,1.3921,1.3957,77102
03/04/2021,1.3954,1.4018,1.388,1.389,99436
03/05/2021,1.3891,1.3906,1.3779,1.3843,105224
03/08/2021,1.3841,1.3866,1.3801,1.3838,84305
03/09/2021,1.3819,1.3926,1.3801,1.3897,118260
03/10/2021,1.3893,1.3939,1.3845,1.3932,157380
03/11/2021,1.3936,1.3999,1.3919,1.3988,107617
03/12/2021,1.3996,1.4009,1.3867,1.3927,86692
03/15/2021,1.3929,1.3955,1.3856,1.3893,67216
03/16/2021,1.3908,1.3912,1.3813,1.39,66670
03/17/2021,1.3896,1.3975,1.3855,1.3949,73153
03/18/2021,1.3963,1.4006,1.39,1.3933,101179
03/19/2021,1.3933,1.3963,1.3834,1.3875,100046
03/22/2021,1.3843,1.3882,1.3822,1.3868,63010
03/23/2021,1.3863,1.3869,1.3744,1.3762,92843
03/24/2021,1.3753,1.3761,1.3678,1.3697,78303
03/25/2021,1.369,1.3749,1.3674,1.3743,78877
03/26/2021,1.3737,1.3816,1.3737,1.3789,73604
03/29/2021,1.3797,1.3851,1.3759,1.3764,82913
03/30/2021,1.3768,1.3787,1.3709,1.3725,64396
03/31/2021,1.3739,1.3815,1.3719,1.3781,81590
04/01/2021,1.3786,1.384,1.3749,1.3834,69505
04/02/2021,1.3847,1.3856,1.3811,1.3828,9865
04/05/2021,1.3822,1.3917,1.3816,1.3907,41749
04/06/2021,1.3909,1.3922,1.3804,1.3825,87525
04/07/2021,1.3825,1.3843,1.3727,1.3737,100049
04/08/2021,1.3734,1.3785,1.3721,1.3739,74524
04/09/2021,1.3734,1.3752,1.3671,1.3718,76469
04/12/2021,1.3708,1.378,1.3672,1.3747,63640
04/13/2021,1.3747,1.3772,1.3696,1.3754,68029
04/14/2021,1.3755,1.3812,1.3752,1.3782,65210
04/15/2021,1.3779,1.3812,1.3763,1.3791,57433
04/16/2021,1.3788,1.3852,1.3718,1.3837,80439
04/19/2021,1.3836,1.3996,1.3812,1.3993,112462
04/20/2021,1.399,1.4012,1.3928,1.3931,78078
04/21/2021,1.3936,1.3951,1.3887,1.3928,66675
04/22/2021,1.3934,1.3952,1.3825,1.384,92619
04/23/2021,1.384,1.3898,1.3836,1.3878,69626
04/26/2021,1.3878,1.3932,1.3867,1.3908,62898
04/27/2021,1.3896,1.3926,1.386,1.3904,60451
04/28/2021,1.3907,1.3952,1.3862,1.3947,72414
04/29/2021,1.3939,1.3979,1.3933,1.395,72411
04/30/2021,1.3941,1.3959,1.3803,1.3811,135236
05/03/2021,1.3816,1.3934,1.3801,1.3915,72450
05/04/2021,1.391,1.3914,1.3839,1.3893,92883
05/05/2021,1.3887,1.3928,1.3877,1.391,69099
05/06/2021,1.3909,1.3942,1.3858,1.3887,118451
05/07/2021,1.3891,1.4007,1.3889,1.3997,123806
05/10/2021,1.3999,1.4159,1.3999,1.4135,128633
05/11/2021,1.412,1.4167,1.4104,1.4158,93385
05/12/2021,1.4148,1.4154,1.405,1.4061,110130
05/13/2021,1.4057,1.4078,1.4006,1.4044,90216
05/14/2021,1.4052,1.4111,1.4036,1.4101,71402
05/17/2021,1.4099,1.4148,1.4077,1.4145,67331
05/18/2021,1.4136,1.4222,1.4136,1.4192,85416
05/19/2021,1.4184,1.4202,1.4097,1.4106,98961
05/20/2021,1.4118,1.4193,1.4101,1.4187,71758
05/21/2021,1.4188,1.4235,1.414,1.4156,86784
05/24/2021,1.415,1.4172,1.4112,1.4158,57506
05/25/2021,1.4155,1.4212,1.4115,1.4149,74170
05/26/2021,1.4148,1.4176,1.4113,1.4125,76747
05/27/2021,1.4121,1.4221,1.4091,1.4212,99007
05/28/2021,1.4203,1.4208,1.4136,1.4196,88467
06/01/2021,1.4194,1.4256,1.4146,1.4159,148126
06/02/2021,1.4152,1.4183,1.4111,1.4168,80472
06/03/2021,1.417,1.4203,1.4085,1.4096,96976
06/04/2021,1.4106,1.4202,1.4081,1.4162,92386
06/07/2021,1.416,1.4192,1.4112,1.4184,76624
06/08/2021,1.4182,1.4185,1.412,1.4163,107315
06/09/2021,1.415,1.4189,1.411,1.4116,148086
06/10/2021,1.4118,1.4179,1.4073,1.417,161412
06/11/2021,1.4175,1.4187,1.4096,1.4108,101371
06/14/2021,1.4112,1.4126,1.4071,1.4112,63082
06/15/2021,1.4113,1.413,1.4036,1.4083,93979
06/16/2021,1.4083,1.4135,1.3984,1.4003,103867
06/17/2021,1.3986,1.4012,1.3897,1.3925,145428
06/18/2021,1.3925,1.3946,1.3792,1.382,134227
06/21/2021,1.3798,1.3939,1.3788,1.3932,118685
06/22/2021,1.3937,1.3966,1.3863,1.3943,86918
06/23/2021,1.3949,1.4004,1.3926,1.3965,81941
06/24/2021,1.3965,1.3988,1.3891,1.393,92005
06/25/2021,1.3923,1.3938,1.3874,1.3878,64973
06/28/2021,1.389,1.3943,1.3872,1.3881,74197
06/29/2021,1.3884,1.3884,1.3816,1.3853,72828
06/30/2021,1.3842,1.3875,1.3799,1.3805,88735
07/01/2021,1.3827,1.3836,1.3754,1.3756,98231
07/02/2021,1.3764,1.3847,1.3733,1.3807,89472
07/06/2021,1.3841,1.3902,1.3775,1.3801,147632
07/07/2021,1.38,1.3844,1.3755,1.3802,93973
07/08/2021,1.3801,1.3807,1.3743,1.3777,98934
07/09/2021,1.3785,1.3912,1.3757,1.3892,110666
07/12/2021,1.39,1.3913,1.384,1.3875,73115
07/13/2021,1.3892,1.3907,1.3801,1.3822,81047
07/14/2021,1.3816,1.3894,1.3803,1.3853,87087
07/15/2021,1.3864,1.3901,1.3806,1.3812,112204
07/16/2021,1.3826,1.3864,1.3762,1.377,96720
07/19/2021,1.3769,1.3773,1.3655,1.366,146696
07/20/2021,1.3672,1.369,1.3573,1.3627,132652
07/21/2021,1.363,1.3725,1.3593,1.3717,94462
07/22/2021,1.3717,1.3789,1.3692,1.3776,104672
07/23/2021,1.3763,1.3782,1.3721,1.3755,66908
07/26/2021,1.3751,1.3836,1.3739,1.3816,81754
07/27/2021,1.3823,1.3897,1.3768,1.3889,105537
07/28/2021,1.3884,1.3915,1.3844,1.3908,91409
07/29/2021,1.3906,1.3984,1.3899,1.3972,79326
07/30/2021,1.3962,1.3985,1.3889,1.3893,98255
08/02/2021,1.3896,1.3933,1.3877,1.3893,68467
08/03/2021,1.3887,1.394,1.3884,1.3917,58719
08/04/2021,1.3916,1.3959,1.3885,1.389,66033
08/05/2021,1.3887,1.395,1.3873,1.3934,91044
08/06/2021,1.393,1.3934,1.3862,1.3875,60300
08/09/2021,1.3874,1.3895,1.3842,1.3855,57192
08/10/2021,1.385,1.3875,1.3828,1.3842,56755
08/11/2021,1.3841,1.3889,1.3803,1.3866,73001
08/12/2021,1.3866,1.3879,1.3794,1.3801,61844
08/13/2021,1.3815,1.3877,1.3791,1.3869,58690
08/16/2021,1.3867,1.388,1.3828,1.3838,65501
08/17/2021,1.3843,1.3845,1.3727,1.3737,88823
08/18/2021,1.3745,1.3787,1.3732,1.3763,78942
08/19/2021,1.3747,1.3759,1.3633,1.3639,102683
08/20/2021,1.364,1.3642,1.3602,1.3623,80812
08/23/2021,1.3622,1.3733,1.3614,1.3731,89008
08/24/2021,1.3722,1.3749,1.3694,1.3731,73361
08/25/2021,1.3733,1.3768,1.3697,1.3762,63865
08/26/2021,1.3761,1.3769,1.3689,1.3695,61503
08/27/2021,1.3698,1.3783,1.368,1.3769,88082
08/30/2021,1.3753,1.3776,1.3734,1.3768,42084
08/31/2021,1.3759,1.3808,1.3744,1.3758,90787
09/01/2021,1.3755,1.3799,1.3731,1.3779,67036
09/02/2021,1.3771,1.3841,1.3768,1.3839,67346
09/03/2021,1.3836,1.3893,1.3818,1.388,75046
09/07/2021,1.3859,1.3869,1.3768,1.3787,129402
09/08/2021,1.3789,1.3791,1.3726,1.378,147382
09/09/2021,1.3775,1.3862,1.3754,1.3838,119284
09/10/2021,1.3842,1.389,1.3828,1.3847,89892
09/13/2021,1.3843,1.3852,1.3798,1.3834,68663
09/14/2021,1.3841,1.3917,1.3805,1.3816,109017
09/15/2021,1.3812,1.3856,1.3794,1.3834,62836
09/16/2021,1.3845,1.3855,1.3766,1.3792,83879
09/17/2021,1.3795,1.3814,1.3719,1.3739,73332
09/20/2021,1.3731,1.3737,1.3642,1.3647,119781
09/21/2021,1.3662,1.3694,1.3643,1.3665,90640
09/22/2021,1.3659,1.3692,1.361,1.3616,100658
09/23/2021,1.3618,1.3753,1.3614,1.3734,129957
09/24/2021,1.3725,1.3738,1.3659,1.3661,81869
09/27/2021,1.3668,1.373,1.3659,1.371,88947
09/28/2021,1.3706,1.3719,1.3522,1.3534,161102
09/29/2021,1.3538,1.3555,1.3412,1.3435,128044
09/30/2021,1.3428,1.3517,1.3416,1.3475,130834
10/01/2021,1.3471,1.3576,1.3434,1.3554,122659
10/04/2021,1.3547,1.3641,1.3533,1.3615,110790
10/05/2021,1.3606,1.3648,1.3585,1.363,77710
10/06/2021,1.3623,1.3631,1.3544,1.3581,97772
10/07/2021,1.3584,1.364,1.3571,1.3621,79542
10/08/2021,1.3615,1.3668,1.3584,1.3621,75852
10/11/2021,1.3625,1.3675,1.3585,1.3609,67425
10/12/2021,1.36,1.3639,1.3568,1.3595,76894
10/13/2021,1.359,1.3666,1.3576,1.3643,82563
10/14/2021,1.3662,1.3735,1.3659,1.3686,92922
10/15/2021,1.3672,1.3774,1.3668,1.375,87875
10/18/2021,1.3753,1.3766,1.3706,1.3729,91492
10/19/2021,1.373,1.3833,1.3727,1.3798,92221
10/20/2021,1.3795,1.3833,1.3741,1.3831,77172
10/21/2021,1.3821,1.3832,1.3775,1.3783,72136
10/22/2021,1.3795,1.3816,1.3735,1.3758,90400
10/25/2021,1.3752,1.3791,1.3741,1.3771,61953
10/26/2021,1.3769,1.3831,1.3757,1.3766,75598
10/27/2021,1.3764,1.3781,1.3709,1.3746,103063
10/28/2021,1.3741,1.3815,1.3721,1.3789,90458
10/29/2021,1.3794,1.3803,1.3669,1.3689,110982
11/01/2021,1.3688,1.3693,1.3642,1.3658,80730
11/02/2021,1.3666,1.3667,1.3605,1.3618,79105
11/03/2021,1.3614,1.3691,1.3607,1.3679,82618
11/04/2021,1.3686,1.3699,1.3471,1.3495,168846
11/05/2021,1.35,1.3509,1.3424,1.3482,119444
11/08/2021,1.3489,1.358,1.3451,1.3557,93206
11/09/2021,1.3562,1.3609,1.3524,1.3563,76849
11/10/2021,1.3563,1.3566,1.3401,1.3415,106838
11/11/2021,1.3407,1.3434,1.3359,1.3365,88680
11/12/2021,1.3367,1.3427,1.3353,1.3416,101752
11/15/2021,1.3418,1.345,1.3403,1.3429,69416
11/16/2021,1.3408,1.3473,1.3405,1.3429,92690
11/17/2021,1.3424,1.3497,1.3397,1.3486,83782
11/18/2021,1.3494,1.3514,1.3465,1.3498,65765
11/19/2021,1.35,1.351,1.3407,1.3448,103634
11/22/2021,1.3448,1.3451,1.3384,1.3386,76324
11/23/2021,1.3399,1.341,1.3342,1.3382,75398
11/24/2021,1.3378,1.339,1.3316,1.3322,79409
11/26/2021,1.3327,1.3354,1.3277,1.3333,129794
11/29/2021,1.3331,1.3363,1.3287,1.3292,86326
11/30/2021,1.331,1.3372,1.3194,1.3282,160972
12/01/2021,1.3298,1.3354,1.3262,1.3279,111209
12/02/2021,1.3277,1.3334,1.3272,1.3298,72907
12/03/2021,1.3299,1.3312,1.3209,1.323,106411
12/06/2021,1.324,1.3286,1.3222,1.3258,107512
12/07/2021,1.3259,1.329,1.3209,1.3238,106974
12/08/2021,1.324,1.3262,1.316,1.3235,192570
12/09/2021,1.3203,1.3223,1.3171,1.3209,170577
12/10/2021,1.3225,1.3282,1.3192,1.3262,103053
12/13/2021,1.3265,1.3275,1.3213,1.3224,77062
12/14/2021,1.3223,1.3262,1.3196,1.3225,77593
12/15/2021,1.3236,1.3288,1.3176,1.3242,94616
12/16/2021,1.3265,1.3378,1.3247,1.3311,144520
12/17/2021,1.3328,1.3341,1.3232,1.3252,86201
12/20/2021,1.3243,1.3244,1.3172,1.3201,81993
12/21/2021,1.3206,1.3269,1.3194,1.3262,66713
12/22/2021,1.3266,1.3362,1.3238,1.3357,73602
12/23/2021,1.3353,1.3436,1.3342,1.3416,79227
12/27/2021,1.3405,1.3445,1.339,1.3441,47775
12/28/2021,1.3442,1.346,1.3414,1.3423,41252
12/29/2021,1.3432,1.3498,1.3407,1.3486,75955
12/30/2021,1.3486,1.352,1.345,1.3505,68610
12/31/2021,1.3496,1.3547,1.3462,1.3531,68017
01/03/2022,1.3524,1.3536,1.3426,1.3481,68537
01/04/2022,1.3475,1.3553,1.3456,1.3531,83823
01/05/2022,1.3525,1.3594,1.3518,1.3557,78113
01/06/2022,1.355,1.3555,1.3486,1.3521,72955
01/07/2022,1.3531,1.3599,1.3523,1.3593,60782
01/10/2022,1.3586,1.3601,1.3528,1.3566,69128
01/11/2022,1.3574,1.3634,1.3558,1.3625,86435
01/12/2022,1.3632,1.3712,1.3618,1.3708,112785
01/13/2022,1.37,1.3745,1.3696,1.3716,91791
01/14/2022,1.3706,1.374,1.365,1.3673,87975
01/18/2022,1.3666,1.3686,1.3568,1.3593,146010
01/19/2022,1.3593,1.3645,1.3584,1.3622,94325
01/20/2022,1.3607,1.3659,1.3582,1.3609,81331
01/21/2022,1.3594,1.3599,1.3541,1.3551,114290
01/24/2022,1.355,1.3561,1.3436,1.3478,126293
01/25/2022,1.3487,1.3515,1.3433,1.3514,102211
01/26/2022,1.35,1.3522,1.3441,1.3461,93114
01/27/2022,1.346,1.3464,1.3354,1.3369,136611
01/28/2022,1.3375,1.3429,1.336,1.3381,110471
01/31/2022,1.3391,1.3456,1.3383,1.3455,110337
02/01/2022,1.3439,1.3525,1.343,1.3514,95612
02/02/2022,1.352,1.3584,1.3513,1.358,92072
02/03/2022,1.3572,1.3627,1.3535,1.3585,156121
02/04/2022,1.3595,1.3611,1.3501,1.3525,117567
02/07/2022,1.3527,1.3548,1.3487,1.3535,77192
02/08/2022,1.3528,1.3561,1.3505,1.3539,80210
02/09/2022,1.3543,1.3586,1.3524,1.3532,94326
02/10/2022,1.3531,1.3641,1.352,1.3572,139686
02/11/2022,1.356,1.3607,1.3512,1.3547,115771
02/14/2022,1.3558,1.3569,1.3492,1.3518,103017
02/15/2022,1.3529,1.3565,1.3483,1.3532,85776
02/16/2022,1.3539,1.3599,1.3536,1.3597,77268
02/17/2022,1.3579,1.3636,1.3554,1.362,96775
02/18/2022,1.3613,1.364,1.3571,1.3601,76496
02/22/2022,1.3591,1.3637,1.3536,1.359,168139
02/23/2022,1.3582,1.362,1.3534,1.3537,77984
02/24/2022,1.3545,1.3548,1.3272,1.3383,194560
02/25/2022,1.3375,1.3438,1.3365,1.341,115063
02/28/2022,1.3347,1.3434,1.3329,1.3415,122003
03/01/2022,1.342,1.3439,1.3302,1.3312,131751
03/02/2022,1.3324,1.3408,1.3271,1.3372,122869
03/03/2022,1.3404,1.3416,1.3316,1.3333,91379
03/04/2022,1.3344,1.335,1.3201,1.3217,117179
03/07/2022,1.3228,1.3236,1.3101,1.3104,128633
03/08/2022,1.3105,1.3144,1.3081,1.3105,153265
03/09/2022,1.3098,1.3189,1.3087,1.3181,185794
03/10/2022,1.3182,1.3195,1.3078,1.3097,165972
03/11/2022,1.3081,1.3119,1.3021,1.3032,99464
03/14/2022,1.303,1.3073,1.2994,1.3011,78599
03/15/2022,1.2995,1.3083,1.2994,1.3026,78572
03/16/2022,1.3034,1.3149,1.3029,1.3109,99173
03/17/2022,1.3138,1.3202,1.3082,1.3148,123536
03/18/2022,1.3143,1.3191,1.3106,1.3182,73415
03/21/2022,1.3168,1.3204,1.3122,1.3155,75834
03/22/2022,1.3163,1.3268,1.3115,1.3249,104530
03/23/2022,1.3252,1.3294,1.317,1.32,99307
03/24/2022,1.3203,1.3211,1.3153,1.3179,90203
03/25/2022,1.3183,1.3222,1.3156,1.318,84901
03/28/2022,1.3181,1.3185,1.3063,1.3095,103629
03/29/2022,1.3093,1.3156,1.3047,1.3092,127605
03/30/2022,1.3092,1.3179,1.3085,1.3133,104387
03/31/2022,1.3132,1.3171,1.3101,1.3131,117977
04/01/2022,1.3136,1.3147,1.3083,1.3103,80237
04/04/2022,1.3108,1.3134,1.309,1.3112,73703
04/05/2022,1.3111,1.3164,1.3063,1.3077,86359
04/06/2022,1.307,1.3105,1.3042,1.3067,85513
04/07/2022,1.3066,1.3104,1.3049,1.3071,77817
04/08/2022,1.3072,1.3075,1.2979,1.3036,95755
04/11/2022,1.3032,1.3054,1.2987,1.303,78997
04/12/2022,1.303,1.3052,1.2992,1.3002,81332
04/13/2022,1.3,1.3117,1.2969,1.3108,110763
04/14/2022,1.3116,1.3145,1.3032,1.3074,106574
04/18/2022,1.3061,1.3063,1.3002,1.3007,36087
04/19/2022,1.3006,1.3038,1.2978,1.2997,86185
04/20/2022,1.2997,1.3069,1.2994,1.3054,86543
04/21/2022,1.3061,1.3088,1.302,1.3025,112472
04/22/2022,1.3029,1.3032,1.282,1.2822,153861
04/25/2022,1.2833,1.284,1.2696,1.2732,134405
04/26/2022,1.2742,1.2771,1.257,1.2587,112159
04/27/2022,1.2573,1.2601,1.2502,1.254,119387
04/28/2022,1.2543,1.2569,1.2411,1.2462,130669
04/29/2022,1.2456,1.2614,1.2454,1.2599,126666
05/02/2022,1.2577,1.2598,1.2472,1.2474,65290
05/03/2022,1.2491,1.2568,1.247,1.249,86706
05/04/2022,1.2498,1.2638,1.2451,1.2577,111897
05/05/2022,1.2631,1.2635,1.2325,1.235,172764
05/06/2022,1.2355,1.238,1.2276,1.2331,123770
05/09/2022,1.2344,1.2406,1.2261,1.2343,107083
05/10/2022,1.2327,1.2375,1.2291,1.2313,99974
05/11/2022,1.2314,1.24,1.2236,1.2269,143014
05/12/2022,1.2249,1.2252,1.2164,1.2174,118644
05/13/2022,1.2199,1.2264,1.2156,1.2242,87935
05/16/2022,1.2251,1.233,1.2217,1.2319,73411
05/17/2022,1.2323,1.2499,1.2318,1.2481,118643
05/18/2022,1.2493,1.2503,1.2329,1.2345,93277
05/19/2022,1.2341,1.2524,1.2337,1.2499,105489
05/20/2022,1.2475,1.2501,1.2437,1.2471,76067
05/23/2022,1.2487,1.2601,1.2487,1.2579,79389
05/24/2022,1.259,1.2598,1.2472,1.2511,105723
05/25/2022,1.2534,1.2591,1.248,1.2585,86180
05/26/2022,1.2582,1.2621,1.2552,1.2595,70590
05/27/2022,1.2604,1.2667,1.2586,1.2626,77021
05/31/2022,1.2631,1.266,1.2561,1.2605,149912
06/01/2022,1.2599,1.2617,1.2458,1.2493,101742
06/02/2022,1.2484,1.2586,1.247,1.2567,63135
06/03/2022,1.2575,1.259,1.2484,1.25,58130
06/06/2022,1.2486,1.2577,1.2476,1.2535,110516
06/07/2022,1.253,1.26,1.2431,1.2587,160108
06/08/2022,1.2592,1.2598,1.2513,1.2539,190481
06/09/2022,1.2538,1.2559,1.2487,1.2507,146778
06/10/2022,1.2502,1.2526,1.2308,1.2324,118897
06/13/2022,1.232,1.2328,1.2121,1.2151,144269
06/14/2022,1.2148,1.2225,1.1952,1.1991,164097
06/15/2022,1.2016,1.2223,1.2008,1.2142,182741
06/16/2022,1.2193,1.2426,1.2061,1.2375,208148
06/17/2022,1.2374,1.2379,1.2192,1.223,116774
06/21/2022,1.2241,1.2345,1.2219,1.2295,119737
06/22/2022,1.23,1.2334,1.218,1.2282,93972
06/23/2022,1.2285,1.2315,1.2188,1.2272,94381
06/24/2022,1.2277,1.2341,1.2261,1.2289,82494
06/27/2022,1.2291,1.2353,1.2257,1.2296,72921
06/28/2022,1.2288,1.2312,1.2197,1.2201,82001
06/29/2022,1.2202,1.2231,1.2123,1.2136,94161
06/30/2022,1.2141,1.2206,1.2109,1.2199,117233
07/01/2022,1.2189,1.2194,1.1992,1.2113,126465
07/05/2022,1.2112,1.2182,1.1915,1.1965,171004
07/06/2022,1.1968,1.2006,1.1892,1.1941,122836
07/07/2022,1.1933,1.2046,1.1926,1.203,94314
07/08/2022,1.2039,1.2071,1.1936,1.2043,108484
07/11/2022,1.2052,1.2054,1.1882,1.1912,93231
07/12/2022,1.1907,1.1932,1.1823,1.1915,91735
07/13/2022,1.1901,1.1984,1.1844,1.1924,131795
07/14/2022,1.191,1.1911,1.1778,1.1848,138400
07/15/2022,1.1842,1.189,1.1821,1.1872,90045
07/18/2022,1.1884,1.205,1.1878,1.1969,95057
07/19/2022,1.1969,1.2063,1.194,1.2013,108517
07/20/2022,1.2014,1.2053,1.1969,1.1982,90361
07/21/2022,1.1995,1.2021,1.1905,1.1979,122810
07/22/2022,1.2016,1.2081,1.1931,1.1994,125187
07/25/2022,1.202,1.2102,1.1975,1.2063,85637
07/26/2022,1.206,1.2106,1.1979,1.2043,99461
07/27/2022,1.2047,1.2201,1.2035,1.2178,103542
07/28/2022,1.2171,1.2205,1.2116,1.2163,116502
07/29/2022,1.2187,1.2259,1.2076,1.2188,148517
08/01/2022,1.2188,1.2306,1.2168,1.2266,93305
08/02/2022,1.2265,1.2291,1.217,1.218,94709
08/03/2022,1.2175,1.222,1.2111,1.2156,95118
08/04/2022,1.2159,1.2231,1.2069,1.2185,117755
08/05/2022,1.2166,1.2178,1.2012,1.2073,96027
08/08/2022,1.2077,1.2147,1.2057,1.2081,80638
08/09/2022,1.2088,1.2139,1.2072,1.2078,74937
08/10/2022,1.2084,1.2286,1.2074,1.2235,126329
08/11/2022,1.2225,1.2258,1.219,1.2208,95693
08/12/2022,1.2207,1.2227,1.2107,1.2148,94336
08/15/2022,1.2141,1.2156,1.2057,1.2061,83075
08/16/2022,1.2063,1.2125,1.2014,1.2096,100286
08/17/2022,1.2102,1.2151,1.2035,1.207,95784
08/18/2022,1.2057,1.2086,1.1928,1.1937,112706
08/19/2022,1.1935,1.1941,1.1797,1.1817,117342
08/22/2022,1.183,1.1842,1.1747,1.1757,100029
08/23/2022,1.177,1.1883,1.1722,1.1822,133502
08/24/2022,1.1837,1.1843,1.176,1.1792,97746
08/25/2022,1.1801,1.1868,1.1788,1.1831,92936
08/26/2022,1.184,1.1905,1.1737,1.1747,138305
08/29/2022,1.1732,1.1747,1.1651,1.1705,100550
08/30/2022,1.1708,1.1765,1.1624,1.1661,117017
08/31/2022,1.1657,1.1696,1.1601,1.1618,126888
09/01/2022,1.1619,1.1621,1.1501,1.154,126750
09/02/2022,1.1545,1.1594,1.1497,1.1515,135164
09/06/2022,1.1491,1.1611,1.1445,1.1526,196885
09/07/2022,1.1521,1.1542,1.1407,1.1503,128490
09/08/2022,1.1539,1.1562,1.146,1.1499,143427
09/09/2022,1.1502,1.1649,1.1501,1.1591,147098
09/12/2022,1.1631,1.1712,1.1602,1.1681,157766
09/13/2022,1.1683,1.174,1.1493,1.1504,255052
09/14/2022,1.1497,1.1591,1.1481,1.1542,198516
09/15/2022,1.1542,1.155,1.1448,1.1467,125974
09/16/2022,1.1492,1.1504,1.1374,1.1436,140047
09/19/2022,1.1445,1.1466,1.138,1.1443,49941
09/20/2022,1.1456,1.1485,1.138,1.1392,107401
09/21/2022,1.1405,1.1407,1.1258,1.137,154537
09/22/2022,1.1292,1.1386,1.1233,1.1274,189873
09/23/2022,1.1279,1.1298,1.084,1.0861,272038
09/26/2022,1.084,1.093,1.0392,1.0693,384067
09/27/2022,1.0674,1.0848,1.0648,1.0738,217880
09/28/2022,1.0732,1.0919,1.0539,1.0906,284664
09/29/2022,1.0892,1.1131,1.0765,1.1064,237093
09/30/2022,1.1125,1.1243,1.1034,1.1181,235304
10/03/2022,1.1192,1.1347,1.1093,1.1323,163977
10/04/2022,1.1332,1.1507,1.1293,1.1494,162555
10/05/2022,1.1487,1.1511,1.1242,1.1359,128861
10/06/2022,1.1332,1.1398,1.1125,1.1162,137740
10/07/2022,1.1178,1.1238,1.1069,1.109,132604
10/10/2022,1.11,1.1124,1.1032,1.1071,87702
10/11/2022,1.1072,1.1194,1.0966,1.1036,174262
10/12/2022,1.0982,1.1148,1.0937,1.1107,181411
10/13/2022,1.1115,1.1395,1.107,1.1334,226124
10/14/2022,1.1346,1.1381,1.1166,1.1187,222249
10/17/2022,1.1243,1.1455,1.1224,1.1379,139609
10/18/2022,1.1379,1.1425,1.1269,1.1332,114526
10/19/2022,1.1338,1.1373,1.1199,1.1219,106685
10/20/2022,1.1236,1.1351,1.1187,1.1233,131534
10/21/2022,1.1251,1.133,1.1074,1.1287,191988
10/24/2022,1.1403,1.1425,1.1273,1.1296,145220
10/25/2022,1.1294,1.1517,1.1287,1.1489,134945
10/26/2022,1.149,1.1654,1.1446,1.1641,155522
10/27/2022,1.1641,1.1661,1.1565,1.1576,130005
10/28/2022,1.1579,1.1639,1.1518,1.1627,118446
10/31/2022,1.1619,1.1629,1.1475,1.1486,103558
11/01/2022,1.1483,1.1581,1.1452,1.1499,109162
11/02/2022,1.1501,1.1583,1.1402,1.1489,106446
11/03/2022,1.1402,1.1436,1.1165,1.1178,176194
11/04/2022,1.1171,1.1396,1.1156,1.1381,161087
11/07/2022,1.1341,1.1555,1.1304,1.1546,138567
11/08/2022,1.1525,1.1612,1.1442,1.1549,103164
11/09/2022,1.1557,1.1578,1.1344,1.1355,111991
11/10/2022,1.1367,1.1743,1.1364,1.1708,177953
11/11/2022,1.1715,1.1867,1.1659,1.1865,125768
11/14/2022,1.1795,1.184,1.172,1.1791,105032
11/15/2022,1.1764,1.2041,1.1752,1.1885,152973
11/16/2022,1.1872,1.1952,1.1841,1.1922,112266
11/17/2022,1.1927,1.1967,1.1772,1.186,100572
11/18/2022,1.1876,1.196,1.1866,1.19,77886
11/21/2022,1.1894,1.1904,1.1787,1.1824,62367
11/22/2022,1.1829,1.1911,1.1826,1.1892,58531
11/23/2022,1.1892,1.2089,1.1881,1.2074,95978
11/25/2022,1.2062,1.2161,1.2061,1.2102,96584
11/28/2022,1.2078,1.2125,1.1947,1.1959,89437
11/29/2022,1.1965,1.2071,1.1951,1.1958,80955
11/30/2022,1.1956,1.2093,1.1905,1.2064,116017
12/01/2022,1.2066,1.2321,1.2066,1.2264,125160
12/02/2022,1.2262,1.2306,1.2139,1.2292,106575
12/05/2022,1.2295,1.235,1.2167,1.2179,82931
12/06/2022,1.22,1.2274,1.2131,1.2149,94184
12/07/2022,1.2136,1.2239,1.2111,1.2218,77725
12/08/2022,1.2215,1.2251,1.2158,1.2247,65076
12/09/2022,1.2237,1.2325,1.2202,1.2275,81024
12/12/2022,1.2263,1.2302,1.2209,1.2261,123057
12/13/2022,1.2265,1.2448,1.225,1.2377,174953
12/14/2022,1.237,1.2449,1.2344,1.2405,183588
12/15/2022,1.2426,1.2432,1.2157,1.2191,134353
12/16/2022,1.2214,1.2252,1.215,1.2197,91022
12/19/2022,1.2186,1.2272,1.2148,1.2171,62917
12/20/2022,1.2175,1.2252,1.2113,1.2197,88059
12/21/2022,1.2212,1.2219,1.2081,1.2108,75327
12/22/2022,1.2107,1.2171,1.2017,1.2054,72780
12/23/2022,1.2063,1.2115,1.2042,1.2064,60516
12/27/2022,1.2076,1.2137,1.2025,1.2054,43012
12/28/2022,1.2055,1.215,1.2026,1.2049,72130
12/29/2022,1.204,1.21,1.2035,1.2095,52869
12/30/2022,1.2083,1.2128,1.203,1.2084,78858
01/03/2023,1.2076,1.2105,1.1919,1.2004,118341
01/04/2023,1.1989,1.2108,1.1977,1.2079,93980
01/05/2023,1.2079,1.2098,1.1892,1.1937,97575
01/06/2023,1.1931,1.212,1.1861,1.2117,103635
01/09/2023,1.2109,1.2229,1.2109,1.2222,87458
01/10/2023,1.2203,1.2216,1.2129,1.2182,72674
01/11/2023,1.2167,1.2196,1.2119,1.2173,54851
01/12/2023,1.217,1.2264,1.2083,1.224,136070
01/13/2023,1.2234,1.2268,1.2167,1.2245,61626
01/17/2023,1.2241,1.2317,1.2185,1.229,150748
01/18/2023,1.2303,1.2452,1.227,1.2356,111967
01/19/2023,1.236,1.2411,1.2326,1.2407,77268
01/20/2023,1.2405,1.242,1.2349,1.241,60308
01/23/2023,1.2416,1.2462,1.2337,1.2378,67030
01/24/2023,1.2392,1.2427,1.2277,1.235,80833
01/25/2023,1.2348,1.2417,1.2297,1.2412,70624
01/26/2023,1.2412,1.2442,1.2356,1.242,67627
01/27/2023,1.2422,1.2432,1.2356,1.2405,55318
01/30/2023,1.2401,1.2429,1.2348,1.2358,61130
01/31/2023,1.2365,1.2382,1.2295,1.2333,80269
02/01/2023,1.2328,1.2408,1.2278,1.238,89456
02/02/2023,1.2388,1.2414,1.2231,1.224,152959
02/03/2023,1.2239,1.2273,1.2055,1.2063,124518
02/06/2023,1.2028,1.2085,1.2013,1.2031,87032
02/07/2023,1.2028,1.2103,1.1968,1.2041,101340
02/08/2023,1.2061,1.2117,1.2045,1.2079,65149
02/09/2023,1.2079,1.2201,1.2064,1.2126,82576
02/10/2023,1.2125,1.2146,1.2053,1.2056,71561
02/13/2023,1.2059,1.2158,1.2037,1.2138,57277
02/14/2023,1.2145,1.2277,1.2124,1.2181,112914
02/15/2023,1.2181,1.2187,1.1994,1.2026,110685
02/16/2023,1.2038,1.2079,1.1971,1.2017,81579
02/17/2023,1.1991,1.2054,1.192,1.2051,87830
02/21/2023,1.2044,1.2152,1.199,1.2112,138982
02/22/2023,1.2116,1.2139,1.2038,1.2041,71130
02/23/2023,1.2048,1.2078,1.1995,1.202,70171
02/24/2023,1.202,1.2045,1.1927,1.1947,94191
02/27/2023,1.195,1.2069,1.1925,1.2061,91343
02/28/2023,1.2063,1.2148,1.202,1.2057,114064
03/01/2023,1.2025,1.2092,1.1967,1.202,123834
03/02/2023,1.203,1.2038,1.1922,1.1945,97933
03/03/2023,1.195,1.2051,1.195,1.2047,94873
03/06/2023,1.2043,1.2052,1.1994,1.2017,110399
03/07/2023,1.2027,1.2067,1.1822,1.183,190537
03/08/2023,1.183,1.1859,1.1803,1.1843,223667
03/09/2023,1.1844,1.1939,1.1833,1.1911,173015
03/10/2023,1.1955,1.2145,1.1937,1.2061,175767
03/13/2023,1.211,1.2227,1.2068,1.2224,150309
03/14/2023,1.2216,1.225,1.2157,1.2199,126080
03/15/2023,1.2182,1.2208,1.2036,1.2103,145917
03/16/2023,1.2091,1.2154,1.2052,1.2148,110008
03/17/2023,1.2135,1.2226,1.2128,1.2223,85131
03/20/2023,1.2226,1.2313,1.2191,1.2307,95390
03/21/2023,1.2306,1.2308,1.2204,1.2241,82446
03/22/2023,1.2246,1.2358,1.2233,1.2325,107842
03/23/2023,1.2295,1.2366,1.2282,1.2298,96196
03/24/2023,1.2307,1.2312,1.2211,1.2248,81349
03/27/2023,1.226,1.2317,1.2241,1.231,61451
03/28/2023,1.2309,1.237,1.2302,1.2358,63983
03/29/2023,1.236,1.2382,1.2323,1.2335,77544
03/30/2023,1.2335,1.2414,1.2314,1.2413,76958
03/31/2023,1.2412,1.2442,1.2344,1.2355,94867
04/03/2023,1.2351,1.2444,1.2293,1.243,90943
04/04/2023,1.2439,1.2545,1.2415,1.2519,110420
04/05/2023,1.2522,1.2532,1.2451,1.2483,89657
04/06/2023,1.2481,1.2505,1.2431,1.2473,66378
04/07/2023,1.2466,1.2475,1.2408,1.2442,16250
04/10/2023,1.2434,1.2463,1.2364,1.24,43685
04/11/2023,1.2402,1.2476,1.2402,1.244,65658
04/12/2023,1.2448,1.2515,1.2418,1.2507,80358
04/13/2023,1.2506,1.2556,1.2492,1.2544,75728
04/14/2023,1.2547,1.2564,1.2417,1.2433,88660
04/17/2023,1.2441,1.2456,1.237,1.2391,76697
04/18/2023,1.2396,1.2467,1.2385,1.2446,74799
04/19/2023,1.2443,1.2491,1.2408,1.2454,87573
04/20/2023,1.2454,1.2483,1.2419,1.2455,67614
04/21/2023,1.2453,1.2463,1.2381,1.2445,86408
04/24/2023,1.2452,1.2502,1.2425,1.2498,72558
04/25/2023,1.2501,1.2522,1.2401,1.2421,99256
04/26/2023,1.2421,1.2531,1.2417,1.247,109655
04/27/2023,1.2484,1.2515,1.245,1.2508,80401
04/28/2023,1.2512,1.2599,1.246,1.2579,123468
05/01/2023,1.2585,1.2597,1.2493,1.25,71288
05/02/2023,1.2506,1.2526,1.2448,1.2481,102890
05/03/2023,1.248,1.2605,1.248,1.2578,79099
05/04/2023,1.2579,1.2617,1.2561,1.2592,82290
05/05/2023,1.2584,1.2665,1.2534,1.2654,94499
05/08/2023,1.2641,1.2682,1.2626,1.2631,54419
05/09/2023,1.2622,1.2651,1.259,1.2635,76460
05/10/2023,1.2632,1.2692,1.2615,1.2634,107469
05/11/2023,1.2638,1.2652,1.2506,1.2522,118277
05/12/2023,1.2521,1.255,1.2454,1.2457,90825
05/15/2023,1.2455,1.2545,1.2454,1.2539,69471
05/16/2023,1.2535,1.2556,1.2475,1.2495,110460
05/17/2023,1.2494,1.2519,1.243,1.2492,86626
05/18/2023,1.2499,1.2501,1.24,1.2411,81878
05/19/2023,1.2412,1.2492,1.2401,1.2457,86787
05/22/2023,1.2455,1.2479,1.2421,1.245,66147
05/23/2023,1.2445,1.2454,1.238,1.2425,92572
05/24/2023,1.2426,1.2478,1.2364,1.2367,124360
05/25/2023,1.2377,1.2394,1.2314,1.2323,95922
05/26/2023,1.2328,1.2401,1.2317,1.2357,88440
05/30/2023,1.236,1.2453,1.2333,1.2398,117479
05/31/2023,1.2418,1.2451,1.2354,1.2428,136291
06/01/2023,1.2447,1.2545,1.2404,1.2531,118392
06/02/2023,1.253,1.2549,1.2446,1.2456,96429
06/05/2023,1.2451,1.2455,1.2372,1.2439,100274
06/06/2023,1.2436,1.2462,1.2395,1.2434,72038
06/07/2023,1.2425,1.2505,1.2398,1.2443,98007
06/08/2023,1.2446,1.2564,1.2439,1.2559,89226
06/09/2023,1.2562,1.2593,1.2537,1.2578,110590
06/12/2023,1.2588,1.2601,1.2489,1.2507,130455
06/13/2023,1.2515,1.2628,1.2511,1.2604,239805
06/14/2023,1.2612,1.2701,1.2602,1.2671,137958
06/15/2023,1.2682,1.28,1.2646,1.2796,105884
06/16/2023,1.2798,1.2863,1.2784,1.2847,106188
06/20/2023,1.284,1.285,1.2726,1.2772,135026
06/21/2023,1.2779,1.2816,1.2703,1.2785,119392
06/22/2023,1.2779,1.2874,1.273,1.275,112955
06/23/2023,1.2748,1.2754,1.2688,1.2714,86157
06/26/2023,1.272,1.2753,1.2692,1.2724,69381
06/27/2023,1.2716,1.2764,1.2708,1.2755,84764
06/28/2023,1.2753,1.2757,1.261,1.2652,128434
06/29/2023,1.2639,1.2671,1.2594,1.2617,105574
06/30/2023,1.2614,1.2731,1.2603,1.2699,106000
07/03/2023,1.2702,1.2727,1.2662,1.2694,81205
07/05/2023,1.2694,1.2742,1.2686,1.2698,114010
07/06/2023,1.2706,1.2784,1.2676,1.2743,133949
07/07/2023,1.274,1.2853,1.2729,1.2843,109815
07/10/2023,1.284,1.2872,1.2753,1.2861,103705
07/11/2023,1.2863,1.2939,1.2861,1.2932,115159
07/12/2023,1.2931,1.3005,1.2908,1.2997,124974
07/13/2023,1.2993,1.3145,1.2986,1.3135,112797
07/14/2023,1.3136,1.3146,1.3093,1.3106,90401
07/17/2023,1.3098,1.3112,1.3054,1.3085,71593
07/18/2023,1.3077,1.3129,1.3032,1.3049,94909
07/19/2023,1.3041,1.3046,1.2871,1.2932,134937
07/20/2023,1.294,1.2968,1.2843,1.2861,91656
07/21/2023,1.2873,1.2907,1.2819,1.2862,105547
07/24/2023,1.2863,1.2887,1.2801,1.2828,79569
07/25/2023,1.2828,1.2909,1.2813,1.2897,71896
07/26/2023,1.2906,1.2964,1.2879,1.296,77156
07/27/2023,1.2947,1.2999,1.2786,1.2804,130099
07/28/2023,1.2802,1.2892,1.2765,1.286,107184
07/31/2023,1.2854,1.2876,1.2832,1.2841,63958
08/01/2023,1.284,1.2844,1.2744,1.2775,97418
08/02/2023,1.2785,1.2808,1.2683,1.2722,100145
08/03/2023,1.2713,1.2731,1.2623,1.2703,122581
08/04/2023,1.2713,1.2796,1.2655,1.2757,93855
08/07/2023,1.2756,1.2793,1.2717,1.2787,57872
08/08/2023,1.2783,1.279,1.2687,1.2749,70606
08/09/2023,1.2755,1.2786,1.2715,1.2727,60743
08/10/2023,1.2721,1.2822,1.2672,1.2695,93753
08/11/2023,1.2679,1.2741,1.2669,1.2701,73332
08/14/2023,1.27,1.2718,1.2619,1.2678,90413
08/15/2023,1.2693,1.2755,1.2678,1.2708,94077
08/16/2023,1.2707,1.277,1.269,1.2727,79697
08/17/2023,1.2733,1.2791,1.2705,1.273,87072
08/18/2023,1.2749,1.2768,1.2692,1.2745,83441
08/21/2023,1.2734,1.277,1.2713,1.2766,71139
08/22/2023,1.2759,1.2804,1.2721,1.2741,74444
08/23/2023,1.2733,1.2767,1.2615,1.2718,157050
08/24/2023,1.2722,1.2731,1.2592,1.2609,102712
08/25/2023,1.2604,1.2656,1.255,1.2597,123828
08/28/2023,1.2583,1.2613,1.2568,1.2604,45706
08/29/2023,1.2606,1.2656,1.2564,1.2634,103717
08/30/2023,1.2645,1.2748,1.262,1.2718,91131
08/31/2023,1.272,1.2737,1.2654,1.2665,90261
09/01/2023,1.2674,1.2715,1.2578,1.2594,98401
09/05/2023,1.2605,1.2643,1.2528,1.2567,139352
09/06/2023,1.2565,1.2589,1.2483,1.2507,100316
09/07/2023,1.2505,1.2508,1.2446,1.2471,89044
09/08/2023,1.2473,1.2515,1.2451,1.2451,67031
09/11/2023,1.247,1.2548,1.247,1.251,119462
09/12/2023,1.2513,1.2531,1.246,1.2486,112518
09/13/2023,1.2495,1.2512,1.2434,1.2487,225853
09/14/2023,1.2488,1.2506,1.2397,1.2402,141766
09/15/2023,1.2408,1.2446,1.2379,1.2382,106616
09/18/2023,1.2383,1.241,1.237,1.2374,62256
09/19/2023,1.2385,1.2425,1.2369,1.239,64387
09/20/2023,1.2391,1.2424,1.2332,1.2362,153313
09/21/2023,1.2343,1.2347,1.2233,1.2293,167592
09/22/2023,1.2298,1.2299,1.2235,1.2246,113859
09/25/2023,1.2245,1.2255,1.2198,1.2212,73811
09/26/2023,1.2218,1.2221,1.2156,1.2161,80996
09/27/2023,1.2162,1.2169,1.2115,1.2143,150094
09/28/2023,1.2143,1.2229,1.2124,1.2199,130430
09/29/2023,1.221,1.2277,1.2185,1.221,133727
10/02/2023,1.2199,1.2225,1.2091,1.2111,105981
10/03/2023,1.2093,1.2106,1.2058,1.2091,112416
10/04/2023,1.208,1.2182,1.2043,1.2143,135840
10/05/2023,1.2143,1.22,1.2112,1.2199,105366
10/06/2023,1.2197,1.2266,1.211,1.2251,129849
10/09/2023,1.2202,1.225,1.2169,1.2239,87666
10/10/2023,1.2246,1.2297,1.2217,1.2284,99642
10/11/2023,1.2292,1.2342,1.2271,1.2309,98007
10/12/2023,1.2316,1.2335,1.2176,1.2178,103872
10/13/2023,1.218,1.2229,1.2127,1.2139,96832
10/16/2023,1.2152,1.2223,1.2146,1.2216,71420
10/17/2023,1.2219,1.2221,1.2137,1.2179,98474
10/18/2023,1.2188,1.2215,1.2141,1.2148,87211
10/19/2023,1.2143,1.2195,1.2094,1.2146,115345
10/20/2023,1.2145,1.2173,1.2097,1.216,80663
10/23/2023,1.2168,1.2262,1.2146,1.2259,96444
10/24/2023,1.2252,1.2292,1.2157,1.2165,98987
10/25/2023,1.2163,1.2179,1.211,1.2119,93919
10/26/2023,1.2114,1.2143,1.2072,1.2139,93204
10/27/2023,1.2129,1.2167,1.2109,1.2117,83376
10/30/2023,1.213,1.2179,1.2094,1.2166,77436
10/31/2023,1.2171,1.2205,1.2123,1.2154,91019
11/01/2023,1.2155,1.2168,1.2098,1.2133,113583
11/02/2023,1.2157,1.2231,1.2155,1.2209,132467
11/03/2023,1.2205,1.2393,1.2187,1.2384,142190
11/06/2023,1.2378,1.2432,1.2341,1.2355,106185
11/07/2023,1.235,1.235,1.2265,1.2298,105297
11/08/2023,1.2304,1.2305,1.2245,1.2286,76488
11/09/2023,1.2288,1.2311,1.2215,1.2223,88535
11/10/2023,1.2228,1.224,1.2183,1.2221,93413
11/13/2023,1.2234,1.2283,1.2225,1.2281,64980
11/14/2023,1.228,1.2509,1.2267,1.2503,146811
11/15/2023,1.2498,1.2523,1.2406,1.2421,150671
11/16/2023,1.242,1.2459,1.2379,1.242,100846
11/17/2023,1.2416,1.2468,1.2376,1.2451,93932
11/20/2023,1.2463,1.252,1.2448,1.2513,81999
11/21/2023,1.2504,1.2561,1.2504,1.2543,82966
11/22/2023,1.254,1.2552,1.2451,1.2493,99063
11/24/2023,1.25,1.2617,1.2491,1.261,123888
11/27/2023,1.2607,1.2646,1.2592,1.2635,90961
11/28/2023,1.2632,1.2718,1.2609,1.2701,114413
11/29/2023,1.2702,1.2735,1.2667,1.2709,99453
11/30/2023,1.2696,1.2712,1.2605,1.2625,146014
12/01/2023,1.2629,1.2718,1.2615,1.2701,97703
12/04/2023,1.2711,1.2726,1.2605,1.2624,98371
12/05/2023,1.2632,1.2653,1.2578,1.2584,80156
12/06/2023,1.2595,1.2614,1.2553,1.2563,63605
12/07/2023,1.2562,1.2613,1.2544,1.2593,87383
12/08/2023,1.2594,1.2603,1.2502,1.2551,100828
12/11/2023,1.2545,1.2592,1.2535,1.2556,94019
12/12/2023,1.2555,1.2616,1.2514,1.2564,160669
12/13/2023,1.2566,1.2635,1.2501,1.2627,200121
12/14/2023,1.2618,1.2794,1.2612,1.2757,146008
12/15/2023,1.277,1.2798,1.2675,1.2697,125451
12/18/2023,1.2684,1.2711,1.2636,1.2647,58275
12/19/2023,1.2655,1.2769,1.2651,1.2729,80678
12/20/2023,1.2737,1.2739,1.2631,1.2648,93389
12/21/2023,1.2646,1.2702,1.2618,1.2691,83624
12/22/2023,1.2691,1.2751,1.2686,1.2709,58819
12/26/2023,1.2701,1.2736,1.2691,1.273,20650
12/27/2023,1.273,1.2808,1.2705,1.28,60887
12/28/2023,1.2808,1.2833,1.2717,1.2732,78707
12/29/2023,1.274,1.2778,1.2705,1.2751,67192
01/02/2024,1.2739,1.2765,1.2616,1.2626,95762
01/03/2024,1.2625,1.2682,1.2621,1.267,95389
01/04/2024,1.2676,1.2735,1.2663,1.2689,84919
01/05/2024,1.2689,1.2777,1.2617,1.2728,98281
01/08/2024,1.2727,1.2773,1.2678,1.2765,74373
01/09/2024,1.2755,1.277,1.2695,1.2704,64122
01/10/2024,1.2715,1.2749,1.2691,1.2748,70417
01/11/2024,1.2748,1.28,1.2694,1.2768,112266
01/12/2024,1.2767,1.2791,1.2724,1.2753,92266
01/16/2024,1.2757,1.2771,1.2624,1.2637,173355
01/17/2024,1.2642,1.2701,1.2601,1.2683,110526
01/18/2024,1.2682,1.2712,1.2653,1.2691,84096
01/19/2024,1.271,1.2719,1.2665,1.2702,82394
01/22/2024,1.2706,1.2738,1.2691,1.2709,67333
01/23/2024,1.2714,1.2752,1.2653,1.2684,87188
01/24/2024,1.2691,1.2779,1.269,1.2729,118253
01/25/2024,1.273,1.2747,1.2685,1.2704,90422
01/26/2024,1.2713,1.2763,1.2679,1.2708,79988
01/29/2024,1.2704,1.2723,1.2666,1.2696,71950
01/30/2024,1.2712,1.2726,1.2644,1.27,95032
01/31/2024,1.2703,1.2755,1.2662,1.2715,160566
02/01/2024,1.2691,1.276,1.2629,1.2751,158559
02/02/2024,1.2748,1.2776,1.2617,1.2642,149257
02/05/2024,1.2636,1.264,1.2521,1.2537,125432
02/06/2024,1.2538,1.2607,1.2535,1.2597,102750
02/07/2024,1.2599,1.2645,1.2599,1.2632,81382
02/08/2024,1.263,1.2642,1.2575,1.2619,67808
02/09/2024,1.262,1.2647,1.2601,1.2631,70042
02/12/2024,1.2626,1.2657,1.2609,1.2627,51190
02/13/2024,1.2632,1.27,1.2575,1.2576,131970
02/14/2024,1.2593,1.2613,1.2537,1.2563,95597
02/15/2024,1.2567,1.2605,1.2542,1.2598,77868
02/16/2024,1.2603,1.2627,1.2552,1.2609,81899
02/20/2024,1.2606,1.267,1.2581,1.2621,140720
02/21/2024,1.2623,1.2644,1.2604,1.2633,63774
02/22/2024,1.264,1.2714,1.2613,1.2662,147398
02/23/2024,1.2663,1.2704,1.2651,1.2677,71676
02/26/2024,1.2674,1.2702,1.2658,1.268,53899
02/27/2024,1.2686,1.2699,1.2662,1.2682,63424
02/28/2024,1.2687,1.2687,1.2623,1.2655,84867
02/29/2024,1.266,1.2683,1.2613,1.2614,116033
03/01/2024,1.2624,1.2665,1.26,1.2664,95434
03/04/2024,1.2655,1.2709,1.2655,1.2692,73799
03/05/2024,1.2692,1.2737,1.2672,1.2703,80340
03/06/2024,1.271,1.2763,1.2691,1.2742,88417
03/07/2024,1.2732,1.2812,1.2724,1.2807,97707
03/08/2024,1.2811,1.2894,1.2802,1.2858,134133
03/11/2024,1.2862,1.2863,1.2796,1.2807,135895
03/12/2024,1.2812,1.2824,1.2743,1.2792,190611
03/13/2024,1.2789,1.2812,1.2775,1.2795,184211
03/14/2024,1.28,1.2823,1.273,1.275,139388
03/15/2024,1.276,1.2766,1.2731,1.2745,90034
03/18/2024,1.2742,1.2754,1.2723,1.2736,57420
03/19/2024,1.2737,1.2739,1.2673,1.2729,92327
03/20/2024,1.2726,1.2792,1.269,1.2786,94891
03/21/2024,1.2795,1.281,1.2656,1.2663,153611
03/22/2024,1.2662,1.2681,1.2581,1.2596,145645
03/25/2024,1.2601,1.2657,1.2597,1.2643,105368
03/26/2024,1.2642,1.2673,1.2628,1.2632,76593
03/27/2024,1.2633,1.2646,1.261,1.2637,76592
03/28/2024,1.2644,1.266,1.259,1.2627,102648
04/01/2024,1.2636,1.2648,1.2543,1.2546,84099
04/02/2024,1.2556,1.2584,1.2543,1.2574,98906
04/03/2024,1.2583,1.2662,1.2568,1.2659,89198
04/04/2024,1.2658,1.2688,1.264,1.2655,84507
04/05/2024,1.2648,1.2654,1.2579,1.2639,105312
04/08/2024,1.2641,1.2669,1.2618,1.2663,73570
04/09/2024,1.266,1.2715,1.2654,1.2676,85203
04/10/2024,1.2684,1.2714,1.2524,1.2531,176996
04/11/2024,1.2545,1.2583,1.2515,1.2557,124774
04/12/2024,1.2558,1.2563,1.2432,1.2449,130539
04/15/2024,1.2446,1.2503,1.244,1.2447,127616
04/16/2024,1.2449,1.2476,1.241,1.2443,113158
04/17/2024,1.243,1.2486,1.2421,1.2456,110848
04/18/2024,1.246,1.2488,1.2437,1.2439,78143
04/19/2024,1.244,1.2472,1.237,1.2372,124520
04/22/2024,1.2375,1.2396,1.2303,1.2363,123114
04/23/2024,1.2354,1.2462,1.2335,1.2453,181038
04/24/2024,1.2455,1.2473,1.2426,1.2457,85993
04/25/2024,1.2469,1.2536,1.2458,1.2513,131903
04/26/2024,1.2517,1.2545,1.2452,1.2505,107749
04/29/2024,1.25,1.2572,1.2495,1.2567,108512
04/30/2024,1.2567,1.2568,1.2494,1.2507,125734
05/01/2024,1.2496,1.2554,1.2469,1.2549,116852
05/02/2024,1.2528,1.2547,1.2475,1.2542,108464
05/03/2024,1.2537,1.2638,1.2532,1.2554,157136
05/06/2024,1.2554,1.2598,1.2541,1.2572,55780
05/07/2024,1.2569,1.2573,1.2504,1.251,84414
05/08/2024,1.2513,1.2513,1.2471,1.2498,91825
05/09/2024,1.2495,1.253,1.2449,1.2526,138226
05/10/2024,1.2525,1.2544,1.2504,1.2529,71958
05/13/2024,1.2521,1.2571,1.2519,1.2559,65025
05/14/2024,1.2561,1.2595,1.2511,1.2592,108612
05/15/2024,1.2594,1.2689,1.2586,1.2683,130510
05/16/2024,1.2687,1.2703,1.2646,1.2678,110733
05/17/2024,1.2671,1.2713,1.2647,1.2711,81367
05/20/2024,1.2705,1.2728,1.2691,1.2714,92535
05/21/2024,1.2709,1.2729,1.2689,1.2714,92967
05/22/2024,1.2712,1.2764,1.2701,1.2716,117468
05/23/2024,1.2721,1.2748,1.2686,1.2688,125853
05/24/2024,1.2699,1.2753,1.2677,1.2739,82605
05/28/2024,1.2743,1.2802,1.2735,1.276,158865
05/29/2024,1.2765,1.2774,1.27,1.2705,128797
05/30/2024,1.2704,1.2749,1.2682,1.2739,99087
05/31/2024,1.2735,1.2768,1.2701,1.2732,126092
06/03/2024,1.2742,1.2811,1.2694,1.2798,142731
06/04/2024,1.2808,1.2819,1.2743,1.2783,119507
06/05/2024,1.277,1.281,1.2756,1.2794,86503
06/06/2024,1.2789,1.281,1.2764,1.2796,97985
06/07/2024,1.2792,1.2843,1.2717,1.2725,128822
06/10/2024,1.2714,1.2738,1.2689,1.2734,108747
06/11/2024,1.2728,1.2752,1.2706,1.2747,151452
06/12/2024,1.2744,1.2862,1.2734,1.2814,262641
06/13/2024,1.2803,1.2808,1.2739,1.2765,156573
06/14/2024,1.2768,1.2771,1.2664,1.2689,156493
06/17/2024,1.2687,1.2717,1.2666,1.2713,99588
06/18/2024,1.2707,1.2728,1.2676,1.2717,85514
06/20/2024,1.2717,1.2746,1.2662,1.2678,143130
06/21/2024,1.2666,1.2683,1.2626,1.2655,110421
06/24/2024,1.2647,1.2706,1.264,1.2699,76053
06/25/2024,1.2693,1.271,1.2678,1.2701,74273
06/26/2024,1.2696,1.2701,1.2622,1.2628,110106
06/27/2024,1.2629,1.2678,1.262,1.2652,84177
06/28/2024,1.2649,1.2707,1.2627,1.2649,103663
07/01/2024,1.2655,1.2727,1.2641,1.2648,119685
07/02/2024,1.2658,1.2704,1.2622,1.2691,92428
07/03/2024,1.2694,1.2785,1.2685,1.2743,104246
07/05/2024,1.2753,1.2825,1.2748,1.2824,129138
07/08/2024,1.282,1.2853,1.2808,1.282,104685
07/09/2024,1.2814,1.2832,1.2785,1.2794,85074
07/10/2024,1.2795,1.2856,1.2791,1.2853,90212
07/11/2024,1.2856,1.2956,1.2855,1.292,150495
07/12/2024,1.2921,1.2997,1.2909,1.2996,118082
07/15/2024,1.299,1.3001,1.2968,1.2979,117469
07/16/2024,1.2973,1.2986,1.2944,1.2975,99545
07/17/2024,1.2979,1.305,1.2973,1.3012,116103
07/18/2024,1.3015,1.3018,1.2946,1.2954,79892
07/19/2024,1.2952,1.2957,1.2907,1.2915,75874
07/22/2024,1.2918,1.2947,1.2911,1.2931,79688
07/23/2024,1.2938,1.2941,1.2893,1.2909,69599
07/24/2024,1.2914,1.2943,1.2883,1.2909,86526
07/25/2024,1.2913,1.2919,1.2853,1.2865,105431
07/26/2024,1.2856,1.2884,1.2855,1.2878,70357
07/29/2024,1.2868,1.2894,1.2812,1.287,121586
07/30/2024,1.2867,1.2872,1.2825,1.2838,69860
07/31/2024,1.2839,1.2871,1.2826,1.2861,115007
08/01/2024,1.2861,1.2869,1.2733,1.2734,206450
08/02/2024,1.2743,1.2847,1.2714,1.2812,161496
08/05/2024,1.2811,1.2823,1.2716,1.2764,167251
08/06/2024,1.2785,1.2809,1.2678,1.2703,147186
08/07/2024,1.2695,1.2742,1.2687,1.269,91571
08/08/2024,1.2698,1.2758,1.267,1.2756,102283
08/09/2024,1.2749,1.2779,1.2732,1.2763,65435
08/12/2024,1.2765,1.28,1.2753,1.2775,60231
08/13/2024,1.2767,1.2879,1.2767,1.2874,85930
08/14/2024,1.2869,1.2874,1.282,1.2835,82157
08/15/2024,1.2833,1.2876,1.2804,1.2867,86359
08/16/2024,1.2863,1.2951,1.2856,1.2948,83161
08/19/2024,1.2948,1.3002,1.2944,1.2996,100310
08/20/2024,1.2997,1.3057,1.2978,1.3035,117174
08/21/2024,1.3038,1.3125,1.3015,1.311,128743
08/22/2024,1.3094,1.3134,1.308,1.3096,113823
08/23/2024,1.3094,1.3233,1.3091,1.3206,185670
08/26/2024,1.3216,1.3226,1.3184,1.3194,75313
08/27/2024,1.3191,1.327,1.3184,1.3263,93320
08/28/2024,1.3263,1.3266,1.3171,1.3189,118391
08/29/2024,1.3195,1.323,1.3148,1.3173,105577
08/30/2024,1.3168,1.3203,1.3112,1.3125,108858
09/03/2024,1.3129,1.3158,1.3089,1.3102,144628
09/04/2024,1.3112,1.3177,1.3103,1.3143,105558
09/05/2024,1.3148,1.3187,1.3138,1.3173,83012
09/06/2024,1.318,1.324,1.3111,1.3136,162195
09/09/2024,1.3128,1.3145,1.3069,1.3079,94705
09/10/2024,1.3073,1.3109,1.305,1.3082,141705
09/11/2024,1.3078,1.3113,1.3002,1.3044,253057
09/12/2024,1.3043,1.3128,1.3032,1.3103,153511
09/13/2024,1.3129,1.3161,1.3119,1.3124,136540
09/16/2024,1.3131,1.3221,1.3129,1.321,77935
09/17/2024,1.322,1.3232,1.3149,1.3169,86480
09/18/2024,1.3161,1.3298,1.3158,1.3249,120602
09/19/2024,1.3216,1.3313,1.3153,1.3281,141622
09/20/2024,1.3284,1.3338,1.3266,1.3316,125077
09/23/2024,1.3324,1.3357,1.3246,1.3344,117323
09/24/2024,1.3342,1.3413,1.3329,1.3398,86576
09/25/2024,1.3409,1.3426,1.3309,1.3317,113550
09/26/2024,1.332,1.3431,1.331,1.3416,116424
09/27/2024,1.3409,1.3425,1.3357,1.3383,96375
09/30/2024,1.337,1.3421,1.3348,1.3374,138693
10/01/2024,1.3371,1.3388,1.3235,1.3283,131588
10/02/2024,1.3278,1.3304,1.3244,1.326,80684
10/03/2024,1.3265,1.3269,1.309,1.3112,189520
10/04/2024,1.3122,1.3173,1.3069,1.3121,158567
10/07/2024,1.3121,1.3134,1.3058,1.3071,79549
10/08/2024,1.3083,1.3114,1.3064,1.3091,64267
10/09/2024,1.31,1.3105,1.3055,1.3064,60637
10/10/2024,1.3074,1.3093,1.301,1.3046,96423
10/11/2024,1.3065,1.3083,1.3042,1.3071,54456
10/14/2024,1.3071,1.3071,1.3029,1.305,61014
10/15/2024,1.306,1.3102,1.3035,1.3067,87969
10/16/2024,1.3071,1.3077,1.2977,1.2983,120050
10/17/2024,1.2988,1.3023,1.2974,1.3008,90024
10/18/2024,1.3009,1.307,1.3008,1.3045,76883
10/21/2024,1.305,1.3057,1.2976,1.2978,59238
10/22/2024,1.2986,1.3015,1.2943,1.2978,72009
10/23/2024,1.2985,1.2995,1.2906,1.2921,71437
10/24/2024,1.2918,1.2987,1.2909,1.2972,75174
10/25/2024,1.2974,1.2998,1.2955,1.2967,51083
10/28/2024,1.2961,1.3001,1.2938,1.2968,55440
10/29/2024,1.297,1.3016,1.2957,1.3004,81424
10/30/2024,1.301,1.3043,1.2936,1.2983,153355
10/31/2024,1.2965,1.2999,1.2843,1.2881,164794
11/01/2024,1.2895,1.298,1.2885,1.2925,122318
11/04/2024,1.2958,1.2998,1.2934,1.2952,105561
11/05/2024,1.2959,1.3042,1.2947,1.302,63605
11/06/2024,1.304,1.3048,1.2833,1.2888,169123
11/07/2024,1.2883,1.3009,1.2873,1.2965,120324
11/08/2024,1.2984,1.2989,1.2883,1.2912,88318
11/11/2024,1.2912,1.2925,1.2855,1.2861,69482
11/12/2024,1.287,1.2873,1.2718,1.2736,128085
11/13/2024,1.2748,1.2769,1.2686,1.2704,125909
11/14/2024,1.271,1.2719,1.2629,1.2687,138974
11/15/2024,1.2667,1.2696,1.2597,1.2611,120097
11/18/2024,1.2618,1.2686,1.2609,1.2669,80471
11/19/2024,1.2681,1.2689,1.2612,1.2676,100900
11/20/2024,1.2682,1.2723,1.263,1.2646,76236
11/21/2024,1.2652,1.266,1.2576,1.26,80390
11/22/2024,1.259,1.2594,1.2487,1.2525,122777
11/25/2024,1.2555,1.2613,1.2541,1.2573,108072
11/26/2024,1.2567,1.2615,1.2506,1.2546,118705
11/27/2024,1.2568,1.2695,1.2566,1.2672,112670
11/29/2024,1.2681,1.275,1.2645,1.2724,129328
12/02/2024,1.2734,1.2734,1.2617,1.265,112933
12/03/2024,1.2654,1.27,1.2637,1.2667,89104
12/04/2024,1.2672,1.2721,1.263,1.27,111863
12/05/2024,1.2703,1.2771,1.2693,1.2757,88687
12/06/2024,1.276,1.2811,1.2721,1.2736,130998
12/09/2024,1.2749,1.28,1.2717,1.2752,139025
12/10/2024,1.2745,1.2779,1.2724,1.2774,176824
12/11/2024,1.2773,1.2782,1.2713,1.2745,147394
12/12/2024,1.2751,1.2788,1.2666,1.267,162556
12/13/2024,1.2665,1.2672,1.2603,1.261,94179
12/16/2024,1.2608,1.2693,1.2608,1.2677,86942
12/17/2024,1.2676,1.2722,1.266,1.2703,80824
12/18/2024,1.2702,1.2735,1.2555,1.2586,114085
12/19/2024,1.2568,1.2659,1.2488,1.2497,133633
12/20/2024,1.2496,1.2606,1.2467,1.259,116227
12/23/2024,1.2559,1.258,1.2503,1.2527,58610
12/24/2024,1.2533,1.2567,1.2511,1.2513,31750
12/26/2024,1.2546,1.2546,1.2494,1.2519,25638
12/27/2024,1.252,1.2586,1.2498,1.2574,57760
12/30/2024,1.2576,1.26,1.25,1.2537,71208
12/31/2024,1.2546,1.2562,1.2498,1.2503,64721
01/02/2025,1.2504,1.2534,1.2346,1.2361,136984
01/03/2025,1.2372,1.2428,1.2369,1.2421,74598
01/06/2025,1.2413,1.2545,1.2411,1.2506,148496
01/07/2025,1.2515,1.257,1.247,1.2485,84387
01/08/2025,1.2471,1.2488,1.2315,1.2351,173733
01/09/2025,1.2356,1.236,1.2234,1.2304,141916
01/10/2025,1.2303,1.2316,1.2187,1.2205,153331
01/13/2025,1.2205,1.2206,1.2095,1.2162,153092
01/14/2025,1.2229,1.2246,1.2133,1.2193,144165
01/15/2025,1.221,1.2303,1.2156,1.2226,162171
01/16/2025,1.2236,1.2257,1.2171,1.2232,104886
01/17/2025,1.2233,1.224,1.2157,1.2164,113765
01/21/2025,1.2167,1.2358,1.2156,1.2324,241547
01/22/2025,1.2353,1.2372,1.2304,1.2322,94474
01/23/2025,1.2315,1.2373,1.229,1.2357,100601
01/24/2025,1.2352,1.2499,1.2345,1.248,125932
01/27/2025,1.247,1.2522,1.2424,1.2488,114184
01/28/2025,1.2497,1.2498,1.2412,1.2442,89647
01/29/2025,1.2437,1.2461,1.2391,1.2442,103054
01/30/2025,1.2447,1.2475,1.2406,1.2458,88959
01/31/2025,1.2416,1.247,1.2385,1.2399,141880
02/03/2025,1.232,1.2455,1.2247,1.2393,202005
02/04/2025,1.2444,1.2492,1.2378,1.2481,99369
02/05/2025,1.2481,1.2548,1.2463,1.2505,89709
02/06/2025,1.2505,1.2509,1.2359,1.2436,138264
02/07/2025,1.2434,1.2494,1.2375,1.2412,116468
02/10/2025,1.2389,1.2421,1.2361,1.2365,55132
02/11/2025,1.2366,1.2454,1.2332,1.2438,81590
02/12/2025,1.2445,1.2482,1.2376,1.2445,117782
02/13/2025,1.2441,1.2567,1.2441,1.2537,144355
02/14/2025,1.2562,1.263,1.2549,1.2595,91568
02/18/2025,1.2588,1.2634,1.2577,1.2596,120822
02/19/2025,1.2629,1.2638,1.2563,1.2583,71331
02/20/2025,1.2585,1.2671,1.2578,1.2669,82859
02/21/2025,1.2666,1.2678,1.2624,1.2631,86742
02/24/2025,1.264,1.2691,1.2611,1.2632,82168
02/25/2025,1.2629,1.2678,1.2606,1.2669,76645
02/26/2025,1.2666,1.2715,1.2634,1.2684,98420
02/27/2025,1.2675,1.2689,1.2597,1.2608,106609
02/28/2025,1.2594,1.2622,1.2559,1.2572,122419
03/03/2025,1.2582,1.2725,1.2582,1.269,145061
03/04/2025,1.2707,1.28,1.2678,1.2788,150852
03/05/2025,1.279,1.2901,1.2768,1.2897,182872
03/06/2025,1.2895,1.2924,1.2866,1.2895,178634
03/07/2025,1.2882,1.2944,1.2877,1.292,111911
03/10/2025,1.2923,1.2946,1.2861,1.2869,124934
03/11/2025,1.2874,1.2966,1.2872,1.2961,151154
03/12/2025,1.295,1.3,1.2914,1.2967,155817
03/13/2025,1.2966,1.2973,1.2921,1.2951,131998
03/14/2025,1.2944,1.2958,1.2909,1.2931,100401
03/17/2025,1.2923,1.2997,1.2923,1.2997,56747
03/18/2025,1.2993,1.3009,1.295,1.3003,78605
03/19/2025,1.3003,1.301,1.2954,1.3007,80720
03/20/2025,1.3,1.3013,1.2934,1.2959,78831
03/21/2025,1.2963,1.2968,1.2886,1.2925,90049
03/24/2025,1.2902,1.2973,1.2895,1.2925,89969
03/25/2025,1.2922,1.2966,1.29,1.2945,69696
03/26/2025,1.2945,1.2947,1.2874,1.2884,98772
03/27/2025,1.2879,1.2992,1.2871,1.2948,101345
03/28/2025,1.2954,1.2968,1.292,1.2939,79812
03/31/2025,1.2937,1.2972,1.2885,1.2911,110743
04/01/2025,1.2916,1.294,1.2879,1.2909,81616
04/02/2025,1.292,1.3025,1.29,1.298,90110
04/03/2025,1.3008,1.3208,1.2973,1.3094,200066
04/04/2025,1.3102,1.3113,1.2852,1.288,260453
04/07/2025,1.2848,1.2934,1.2709,1.2749,198855
04/08/2025,1.2718,1.2813,1.2718,1.2789,130681
04/09/2025,1.2775,1.2865,1.2745,1.2807,175691
04/10/2025,1.2827,1.2997,1.2812,1.2982,137857
04/11/2025,1.2975,1.3146,1.2966,1.306,169696
04/14/2025,1.3091,1.3203,1.3064,1.3198,98057
04/15/2025,1.3185,1.3253,1.3166,1.3219,79885
04/16/2025,1.3232,1.3303,1.3214,1.3233,84248
04/17/2025,1.3243,1.3275,1.3205,1.3271,73970
04/21/2025,1.3276,1.3425,1.3275,1.3382,66556
04/22/2025,1.3385,1.3425,1.3328,1.3338,107047
04/23/2025,1.3304,1.3341,1.3236,1.3268,114465
04/24/2025,1.3253,1.3351,1.3252,1.3329,72047
04/25/2025,1.3344,1.3344,1.3277,1.3332,63505
04/28/2025,1.3315,1.3448,1.3282,1.3429,93573
04/29/2025,1.3443,1.3447,1.3382,1.3404,80932
04/30/2025,1.3412,1.3417,1.3312,1.3342,94441
05/01/2025,1.333,1.3348,1.3263,1.328,69119
05/02/2025,1.3281,1.3334,1.3256,1.3277,86611
05/05/2025,1.3273,1.334,1.3261,1.3292,54242
05/06/2025,1.33,1.3406,1.3264,1.3379,103172
05/07/2025,1.3379,1.338,1.3283,1.3326,83684
05/08/2025,1.3295,1.3358,1.3238,1.3254,118487
05/09/2025,1.3247,1.3325,1.3214,1.3317,59936
05/12/2025,1.3279,1.3302,1.3142,1.3182,117986
05/13/2025,1.3175,1.3319,1.3172,1.3302,84455
05/14/2025,1.3308,1.3363,1.3256,1.3267,81522
05/15/2025,1.3267,1.3321,1.3262,1.33,63100
05/16/2025,1.3307,1.3335,1.3252,1.328,56949
05/19/2025,1.3286,1.3405,1.328,1.3358,75398
05/20/2025,1.3365,1.3397,1.3336,1.3381,69462
05/21/2025,1.3392,1.347,1.3388,1.3431,109699
05/22/2025,1.3421,1.3443,1.3392,1.3425,81892
05/23/2025,1.3425,1.3542,1.342,1.3533,94863
05/27/2025,1.3533,1.3594,1.3501,1.3514,115156
05/28/2025,1.3508,1.3523,1.3451,1.3471,72187
05/29/2025,1.3476,1.3509,1.3417,1.3499,78902
05/30/2025,1.3495,1.3512,1.3449,1.347,75306
06/02/2025,1.3455,1.3561,1.3451,1.3542,114484
06/03/2025,1.3547,1.356,1.3493,1.3526,69461
06/04/2025,1.3519,1.3582,1.3503,1.356,71360
06/05/2025,1.3555,1.3618,1.3541,1.3582,81123
06/06/2025,1.3575,1.3585,1.3508,1.353,84675
06/09/2025,1.3526,1.3582,1.3526,1.3564,74921
06/10/2025,1.3548,1.3565,1.3456,1.3495,155089
06/11/2025,1.3495,1.3567,1.3465,1.3549,141717
06/12/2025,1.3551,1.3624,1.3523,1.3596,135864
06/13/2025,1.3625,1.3641,1.3523,1.357,101635
06/16/2025,1.3565,1.363,1.3542,1.3605,61139
06/17/2025,1.3581,1.3588,1.3421,1.3436,97871
06/18/2025,1.342,1.3485,1.3407,1.3423,94435
06/20/2025,1.3427,1.3519,1.339,1.3472,120865
06/23/2025,1.3406,1.3538,1.3378,1.3528,90565
06/24/2025,1.3528,1.3656,1.3525,1.3638,95856
06/25/2025,1.3622,1.3678,1.3598,1.367,65540
06/26/2025,1.3671,1.3777,1.3667,1.3755,110277
06/27/2025,1.3734,1.3759,1.3689,1.3703,88212
06/30/2025,1.3731,1.3747,1.3682,1.3725,68672
07/01/2025,1.3739,1.3796,1.371,1.3745,79840
07/02/2025,1.3752,1.376,1.3569,1.3642,152352
07/03/2025,1.365,1.3683,1.3593,1.3648,90862
07/07/2025,1.3657,1.3689,1.3582,1.3619,101665
07/08/2025,1.3614,1.3654,1.3533,1.3601,70804
07/09/2025,1.3598,1.3628,1.3572,1.3594,55391
07/10/2025,1.3593,1.3627,1.3539,1.3581,53556
07/11/2025,1.3585,1.3593,1.3488,1.3517,68808
07/14/2025,1.3488,1.3511,1.3431,1.3436,71093
07/15/2025,1.3433,1.3475,1.3386,1.3397,80092
07/16/2025,1.339,1.3492,1.3371,1.3415,134992
07/17/2025,1.3427,1.3428,1.338,1.3416,69102
07/18/2025,1.3426,1.3482,1.3412,1.3424,56457
07/21/2025,1.3424,1.3518,1.3409,1.3497,59089
07/22/2025,1.35,1.3541,1.3469,1.3534,61300
07/23/2025,1.3539,1.3591,1.3522,1.3585,64883
07/24/2025,1.3587,1.3595,1.3508,1.3523,63399
07/25/2025,1.3518,1.3519,1.3422,1.3442,72999
07/28/2025,1.3442,1.3459,1.3357,1.3358,69084
07/29/2025,1.336,1.3369,1.3313,1.3361,85329
07/30/2025,1.3356,1.3392,1.3234,1.3245,95325
07/31/2025,1.3237,1.3288,1.3191,1.3224,103240
08/01/2025,1.3206,1.3316,1.3147,1.3232,151451
08/04/2025,1.3286,1.3336,1.3259,1.3282,75235
08/05/2025,1.3292,1.3322,1.3265,1.3301,55137
08/06/2025,1.3311,1.3374,1.3287,1.3369,49259
08/07/2025,1.3369,1.3454,1.3352,1.3416,82707
08/08/2025,1.345,1.3464,1.3424,1.3458,51456
08/11/2025,1.3453,1.3483,1.3405,1.3441,46891
08/12/2025,1.3438,1.3529,1.3426,1.3501,75842
08/13/2025,1.3506,1.359,1.3498,1.3573,49675
08/14/2025,1.3576,1.3599,1.3525,1.3537,65948
08/15/2025,1.3533,1.358,1.353,1.3559,39542
08/18/2025,1.3569,1.357,1.3505,1.351,51573
08/19/2025,1.3505,1.3535,1.3481,1.3489,50014
08/20/2025,1.3489,1.3514,1.345,1.3455,65940
08/21/2025,1.3458,1.3486,1.3409,1.3422,56757
08/22/2025,1.3417,1.3548,1.3393,1.3528,81404
08/25/2025,1.3529,1.353,1.3449,1.3462,0
08/26/2025,1.3461,1.3496,1.3437,1.3483,56865
08/27/2025,1.3479,1.3505,1.342,1.35,49567
08/28/2025,1.3503,1.3533,1.3486,1.3518,54948
08/29/2025,1.3515,1.352,1.3449,1.3513,74289
09/02/2025,1.3513,1.3553,1.3342,1.3381,185057
09/03/2025,1.3393,1.346,1.3335,1.3443,109899
09/04/2025,1.3444,1.3461,1.3417,1.3428,49315
09/05/2025,1.3434,1.3556,1.3434,1.3507,126459
09/08/2025,1.3515,1.3557,1.3484,1.3554,92772
09/09/2025,1.3552,1.3591,1.3519,1.3523,144657
09/10/2025,1.3526,1.3578,1.3513,1.3537,169769
09/11/2025,1.3533,1.3583,1.3493,1.358,135677
09/12/2025,1.3575,1.3584,1.3526,1.3573,78424
09/15/2025,1.3566,1.3624,1.3552,1.3609,56818
09/16/2025,1.3608,1.3675,1.3602,1.3662,72860
09/17/2025,1.3648,1.3729,1.3622,1.3641,79425
09/18/2025,1.3627,1.3663,1.3537,1.3556,84301
09/19/2025,1.3553,1.3561,1.3464,1.3472,72246
