01/04/1999,1.1794,1.1925,1.1793,1.183,0
01/05/1999,1.1868,1.1884,1.183,1.183,0
01/06/1999,1.182,1.1827,1.1742,1.179,0
01/07/1999,1.1662,1.1711,1.1652,1.1678,0
01/08/1999,1.1751,1.1757,1.1686,1.169,0
01/11/1999,1.1602,1.1637,1.1597,1.16,0
01/12/1999,1.153,1.1547,1.1424,1.1538,0
01/13/1999,1.1601,1.179,1.1593,1.179,0
01/14/1999,1.1697,1.1723,1.1654,1.167,0
01/15/1999,1.1738,1.177,1.167,1.167,0
01/18/1999,1.1597,1.1648,1.1597,1.164,0
01/19/1999,1.1635,1.1668,1.1599,1.166,0
01/20/1999,1.1642,1.165,1.1592,1.1625,0
01/21/1999,1.1597,1.1616,1.158,1.1603,0
01/22/1999,1.1628,1.1654,1.1599,1.1606,0
01/25/1999,1.1609,1.1638,1.1601,1.1637,0
01/26/1999,1.1585,1.1615,1.1575,1.1612,0
01/27/1999,1.159,1.159,1.153,1.153,0
01/28/1999,1.1465,1.1494,1.1413,1.1435,0
01/29/1999,1.1438,1.1452,1.1397,1.141,0
02/01/1999,1.1408,1.1417,1.135,1.135,0
02/02/1999,1.1324,1.1369,1.1311,1.135,0
02/03/1999,1.1371,1.1382,1.134,1.1356,0
02/04/1999,1.1337,1.1338,1.1275,1.1289,0
02/05/1999,1.1354,1.1389,1.13,1.1313,0
02/08/1999,1.1288,1.1289,1.1243,1.1261,0
02/09/1999,1.1328,1.1374,1.1326,1.1374,0
02/10/1999,1.1335,1.1372,1.1296,1.137,0
02/11/1999,1.133,1.1349,1.1328,1.1334,0
02/12/1999,1.1254,1.1267,1.1227,1.1266,0
02/15/1999,1.13,1.1317,1.124,1.1251,0
02/16/1999,1.1241,1.1251,1.1186,1.1188,0
02/17/1999,1.122,1.1326,1.1219,1.1267,0
02/18/1999,1.1268,1.1288,1.124,1.1249,0
02/19/1999,1.1235,1.1235,1.1177,1.1178,0
02/22/1999,1.1033,1.1068,1.0984,1.101,0
02/23/1999,1.1044,1.1094,1.0982,1.0984,0
02/24/1999,1.1018,1.1046,1.0968,1.104,0
02/25/1999,1.1009,1.1059,1.1,1.1048,0
02/26/1999,1.1039,1.1055,1.0969,1.103,0
03/01/1999,1.0994,1.1033,1.0983,1.0988,0
03/02/1999,1.0898,1.0915,1.0869,1.0895,0
03/03/1999,1.0938,1.0952,1.0898,1.09,0
03/04/1999,1.0891,1.0896,1.084,1.086,0
03/05/1999,1.0804,1.0851,1.0778,1.0846,0
03/08/1999,1.0838,1.0925,1.0829,1.0912,0
03/09/1999,1.09,1.091,1.0874,1.088,0
03/10/1999,1.0918,1.099,1.0918,1.0984,0
03/11/1999,1.0955,1.0955,1.0915,1.0955,0
03/12/1999,1.1079,1.1097,1.0946,1.0983,0
03/15/1999,1.0957,1.102,1.0941,1.0998,0
03/16/1999,1.0984,1.0994,1.0866,1.0923,0
03/17/1999,1.1046,1.1065,1.099,1.1004,0
03/18/1999,1.1045,1.112,1.1045,1.1062,0
03/19/1999,1.1021,1.1044,1.0962,1.1034,0
03/22/1999,1.105,1.105,1.0903,1.0916,0
03/23/1999,1.0956,1.0967,1.0924,1.0949,0
03/24/1999,1.0961,1.0998,1.0929,1.0979,0
03/25/1999,1.0934,1.0952,1.0916,1.0938,0
03/26/1999,1.0881,1.091,1.0858,1.0872,0
03/29/1999,1.0796,1.083,1.073,1.073,0
03/30/1999,1.078,1.0802,1.0749,1.0777,0
03/31/1999,1.0763,1.0804,1.0738,1.08,0
04/01/1999,1.0815,1.085,1.0772,1.0845,0
04/02/1999,1.0833,1.084,1.0813,1.084,0
04/05/1999,1.0825,1.0828,1.079,1.08,0
04/06/1999,1.0756,1.0779,1.0748,1.0774,0
04/07/1999,1.0882,1.0887,1.0816,1.085,0
04/08/1999,1.0819,1.0855,1.0802,1.0827,0
04/09/1999,1.0792,1.0847,1.0779,1.0826,0
04/12/1999,1.0861,1.0915,1.0861,1.0915,0
04/13/1999,1.0863,1.087,1.08,1.08,0
04/14/1999,1.0817,1.0857,1.0811,1.0832,0
04/15/1999,1.0845,1.0857,1.0818,1.0818,0
04/16/1999,1.0749,1.0754,1.0682,1.0718,0
04/19/1999,1.0723,1.0738,1.0662,1.0665,0
04/20/1999,1.068,1.072,1.068,1.0705,0
04/21/1999,1.0669,1.0673,1.0614,1.0638,0
04/22/1999,1.065,1.0689,1.0614,1.0615,0
04/23/1999,1.0648,1.0718,1.0648,1.0652,0
04/26/1999,1.0643,1.0656,1.0629,1.0646,0
04/27/1999,1.0619,1.068,1.0615,1.0655,0
04/28/1999,1.068,1.0725,1.068,1.069,0
04/29/1999,1.066,1.067,1.063,1.0632,0
04/30/1999,1.0623,1.0663,1.0616,1.0616,0
05/03/1999,1.0616,1.0628,1.061,1.0627,0
05/04/1999,1.0606,1.0624,1.0592,1.0624,0
05/05/1999,1.0657,1.07,1.0647,1.0688,0
05/06/1999,1.0772,1.085,1.076,1.0823,0
05/07/1999,1.0829,1.0835,1.08,1.0805,0
05/10/1999,1.0754,1.077,1.0735,1.0758,0
05/11/1999,1.0813,1.0824,1.0767,1.0776,0
05/12/1999,1.0742,1.0751,1.0665,1.067,0
05/13/1999,1.0673,1.0696,1.064,1.0644,0
05/14/1999,1.0684,1.0709,1.0669,1.0698,0
05/17/1999,1.0693,1.0704,1.0668,1.0701,0
05/18/1999,1.0692,1.0722,1.0684,1.0703,0
05/19/1999,1.0697,1.0708,1.0645,1.0658,0
05/20/1999,1.0681,1.073,1.0649,1.066,0
05/21/1999,1.0646,1.0646,1.059,1.059,0
05/24/1999,1.057,1.0605,1.0563,1.0595,0
05/25/1999,1.0611,1.0653,1.059,1.0635,0
05/26/1999,1.063,1.0635,1.0538,1.055,0
05/27/1999,1.0459,1.0479,1.0416,1.0474,0
05/28/1999,1.047,1.0513,1.0425,1.0484,0
05/31/1999,1.0463,1.0491,1.0434,1.0434,0
06/01/1999,1.0437,1.0451,1.042,1.0432,0
06/02/1999,1.0458,1.0469,1.0353,1.0394,0
06/03/1999,1.036,1.0402,1.0312,1.0389,0
06/04/1999,1.0336,1.0336,1.0281,1.0319,0
06/07/1999,1.0366,1.0367,1.0268,1.0319,0
06/08/1999,1.0282,1.0594,1.0255,1.0404,0
06/09/1999,1.0463,1.048,1.0455,1.0475,0
06/10/1999,1.0543,1.0549,1.051,1.0539,0
06/11/1999,1.0551,1.0601,1.0549,1.0554,0
06/14/1999,1.0591,1.0591,1.0501,1.0505,0
06/15/1999,1.0486,1.0501,1.0448,1.0461,0
06/16/1999,1.0493,1.0499,1.04,1.0412,0
06/17/1999,1.0373,1.0419,1.0365,1.04,0
06/18/1999,1.0403,1.0478,1.0355,1.0453,0
06/21/1999,1.0445,1.0476,1.0396,1.042,0
06/22/1999,1.0412,1.0415,1.037,1.037,0
06/23/1999,1.0388,1.0408,1.035,1.035,0
06/24/1999,1.0393,1.0426,1.0381,1.0385,0
06/25/1999,1.0459,1.053,1.0457,1.0503,0
06/28/1999,1.0461,1.05,1.0439,1.0459,0
06/29/1999,1.0415,1.0425,1.0388,1.0422,0
06/30/1999,1.038,1.0396,1.0366,1.0376,0
07/01/1999,1.0392,1.0443,1.0316,1.0316,0
07/02/1999,1.0284,1.0308,1.0265,1.0289,0
07/05/1999,1.0297,1.0304,1.027,1.0283,0
07/06/1999,1.0285,1.0285,1.0239,1.0276,0
07/07/1999,1.0283,1.0322,1.0275,1.0282,0
07/08/1999,1.0276,1.0276,1.022,1.0221,0
07/09/1999,1.0266,1.0288,1.022,1.0263,0
07/12/1999,1.0239,1.0249,1.016,1.0169,0
07/13/1999,1.0191,1.0232,1.0156,1.0232,0
07/14/1999,1.0211,1.0227,1.0174,1.0218,0
07/15/1999,1.0256,1.0278,1.023,1.024,0
07/16/1999,1.0245,1.0253,1.0229,1.0242,0
07/19/1999,1.0225,1.0225,1.0161,1.0182,0
07/20/1999,1.0312,1.0463,1.0312,1.0457,0
07/21/1999,1.0458,1.0513,1.0433,1.0505,0
07/22/1999,1.058,1.058,1.0516,1.0572,0
07/23/1999,1.0557,1.056,1.0522,1.053,0
07/26/1999,1.0572,1.0739,1.0557,1.0739,0
07/27/1999,1.0696,1.0735,1.0648,1.0664,0
07/28/1999,1.0659,1.0725,1.0629,1.0654,0
07/29/1999,1.0698,1.075,1.0687,1.0711,0
07/30/1999,1.0756,1.0779,1.0718,1.0738,0
08/02/1999,1.0723,1.0729,1.0661,1.07,0
08/03/1999,1.0723,1.0732,1.0671,1.0671,0
08/04/1999,1.0705,1.0822,1.0705,1.0797,0
08/05/1999,1.0806,1.0835,1.0776,1.0821,0
08/06/1999,1.0789,1.0791,1.0754,1.077,0
08/09/1999,1.076,1.0765,1.0712,1.0733,0
08/10/1999,1.0741,1.0798,1.073,1.077,0
08/11/1999,1.0738,1.0755,1.0696,1.0697,0
08/12/1999,1.0683,1.0695,1.0644,1.0668,0
08/13/1999,1.0695,1.0718,1.0688,1.0688,0
08/16/1999,1.0597,1.062,1.0575,1.0575,0
08/17/1999,1.0602,1.0603,1.0531,1.0545,0
08/18/1999,1.0539,1.057,1.052,1.0546,0
08/19/1999,1.0544,1.0568,1.048,1.053,0
08/20/1999,1.0662,1.0698,1.0647,1.0688,0
08/23/1999,1.0689,1.0691,1.0624,1.0627,0
08/24/1999,1.0515,1.0544,1.0413,1.0535,0
08/25/1999,1.0547,1.0562,1.0436,1.0438,0
08/26/1999,1.0434,1.0484,1.0425,1.0462,0
08/27/1999,1.0468,1.0496,1.0441,1.0464,0
08/30/1999,1.0493,1.0496,1.0452,1.046,0
08/31/1999,1.0478,1.0588,1.0475,1.058,0
09/01/1999,1.0581,1.0648,1.0568,1.0622,0
09/02/1999,1.0598,1.0686,1.0563,1.0667,0
09/03/1999,1.0698,1.0728,1.0673,1.069,0
09/06/1999,1.0586,1.0624,1.0571,1.0595,0
09/07/1999,1.0583,1.0592,1.0521,1.0568,0
09/08/1999,1.0595,1.066,1.058,1.0625,0
09/09/1999,1.0611,1.0634,1.059,1.0634,0
09/10/1999,1.0622,1.0637,1.0561,1.06,0
09/13/1999,1.0439,1.0465,1.037,1.0416,0
09/14/1999,1.0492,1.0497,1.0394,1.0435,0
09/15/1999,1.0425,1.0455,1.0379,1.0441,0
09/16/1999,1.0472,1.0541,1.042,1.042,0
09/17/1999,1.0469,1.048,1.0432,1.0466,0
09/20/1999,1.0488,1.0519,1.0466,1.048,0
09/21/1999,1.044,1.0512,1.0419,1.0468,0
09/22/1999,1.0557,1.0605,1.0551,1.0562,0
09/23/1999,1.0505,1.0532,1.0495,1.0495,0
09/24/1999,1.0512,1.0603,1.0511,1.0528,0
09/27/1999,1.0497,1.0538,1.0478,1.0481,0
09/28/1999,1.0538,1.0554,1.0511,1.055,0
09/29/1999,1.0607,1.0629,1.0575,1.062,0
09/30/1999,1.0705,1.0755,1.0673,1.072,0
10/01/1999,1.0743,1.0825,1.0727,1.0789,0
10/04/1999,1.0772,1.0833,1.0751,1.0782,0
10/05/1999,1.0793,1.0804,1.0724,1.0738,0
10/06/1999,1.08,1.0828,1.0748,1.0796,0
10/07/1999,1.0749,1.077,1.0711,1.0757,0
10/08/1999,1.0763,1.0769,1.0681,1.0709,0
10/11/1999,1.0666,1.0703,1.0662,1.0685,0
10/12/1999,1.069,1.0723,1.0681,1.0718,0
10/13/1999,1.0815,1.0855,1.08,1.083,0
10/14/1999,1.084,1.0865,1.0798,1.0807,0
10/15/1999,1.0826,1.0921,1.0812,1.0908,0
10/18/1999,1.0946,1.0948,1.0893,1.0909,0
10/19/1999,1.0879,1.088,1.084,1.0867,0
10/20/1999,1.0878,1.0883,1.0797,1.082,0
10/21/1999,1.0789,1.084,1.0781,1.083,0
10/22/1999,1.0848,1.0851,1.079,1.08,0
10/25/1999,1.073,1.0742,1.0678,1.0722,0
10/26/1999,1.0712,1.073,1.066,1.0672,0
10/27/1999,1.0625,1.0673,1.0585,1.0598,0
10/28/1999,1.054,1.0572,1.0512,1.0563,0
10/29/1999,1.0551,1.059,1.0465,1.0489,0
11/01/1999,1.0583,1.0623,1.0564,1.0599,0
11/02/1999,1.0538,1.0592,1.0526,1.0533,0
11/03/1999,1.0548,1.0557,1.0518,1.0521,0
11/04/1999,1.0512,1.054,1.0467,1.0525,0
11/05/1999,1.04,1.043,1.0389,1.0426,0
11/08/1999,1.0464,1.0484,1.0423,1.0432,0
11/09/1999,1.0411,1.0455,1.0392,1.0448,0
11/10/1999,1.0426,1.0445,1.0415,1.0427,0
11/11/1999,1.0476,1.0476,1.041,1.041,0
11/12/1999,1.0438,1.0438,1.0329,1.033,0
11/15/1999,1.0344,1.0357,1.032,1.0322,0
11/16/1999,1.0343,1.0371,1.0343,1.036,0
11/17/1999,1.0335,1.0454,1.0312,1.0433,0
11/18/1999,1.043,1.0454,1.0386,1.039,0
11/19/1999,1.0305,1.0337,1.0305,1.0319,0
11/22/1999,1.0325,1.0345,1.031,1.0328,0
11/23/1999,1.0333,1.0348,1.0321,1.0328,0
11/24/1999,1.0297,1.03,1.0221,1.0233,0
11/25/1999,1.0204,1.0225,1.0176,1.021,0
11/26/1999,1.0204,1.0225,1.009,1.0119,0
11/29/1999,1.016,1.0207,1.0108,1.0111,0
11/30/1999,1.0106,1.0154,1.0055,1.0116,0
12/01/1999,1.0097,1.0134,1.0091,1.0112,0
12/02/1999,1.009,1.0114,1.0017,1.0072,0
12/03/1999,1.0019,1.0048,1,1.0022,0
12/06/1999,1.0028,1.0181,1.0008,1.0181,0
12/07/1999,1.0229,1.03,1.021,1.0238,0
12/08/1999,1.026,1.0291,1.0235,1.0235,0
12/09/1999,1.0279,1.0279,1.0165,1.0165,0
12/10/1999,1.0285,1.0293,1.0203,1.0214,0
12/13/1999,1.0199,1.023,1.0185,1.0196,0
12/14/1999,1.021,1.0219,1.0098,1.011,0
12/15/1999,1.0125,1.0129,1.0079,1.0092,0
12/16/1999,1.0135,1.0247,1.0132,1.0215,0
12/17/1999,1.022,1.0311,1.021,1.0217,0
12/20/1999,1.0154,1.0186,1.0106,1.0151,0
12/21/1999,1.0192,1.0209,1.0141,1.0155,0
12/22/1999,1.0152,1.0172,1.0132,1.0142,0
12/23/1999,1.0151,1.017,1.0135,1.0156,0
12/27/1999,1.0203,1.021,1.018,1.0197,0
12/28/1999,1.0191,1.02,1.0179,1.0182,0
12/29/1999,1.0129,1.0157,1.0124,1.0136,0
12/30/1999,1.01,1.0135,1.0081,1.0106,0
12/31/1999,1.013,1.0141,1.0108,1.012,0
01/03/2000,1.0148,1.024,1.013,1.014,0
01/04/2000,1.0323,1.039,1.0266,1.0367,0
01/05/2000,1.035,1.0454,1.0337,1.0411,0
01/06/2000,1.0365,1.0464,1.0364,1.0452,0
01/07/2000,1.0363,1.0384,1.0326,1.0344,0
01/10/2000,1.0348,1.0348,1.0263,1.0278,0
01/11/2000,1.0304,1.0364,1.0295,1.0314,0
01/12/2000,1.0378,1.0414,1.0335,1.0355,0
01/13/2000,1.0365,1.0365,1.0311,1.0316,0
01/14/2000,1.0299,1.0316,1.0258,1.0271,0
01/17/2000,1.0166,1.0185,1.0113,1.0139,0
01/18/2000,1.0166,1.0185,1.0113,1.0136,0
01/19/2000,1.0168,1.0207,1.0141,1.0151,0
01/20/2000,1.0168,1.0182,1.0121,1.013,0
01/21/2000,1.0201,1.023,1.0155,1.0159,0
01/24/2000,1.0079,1.0105,1.0056,1.0074,0
01/25/2000,1.0097,1.0128,1.0046,1.005,0
01/26/2000,1.0051,1.009,1.0038,1.0053,0
01/27/2000,1.0048,1.0058,0.9977,0.9997,0
01/28/2000,0.9914,0.992,0.9852,0.9877,0
01/31/2000,0.9811,0.986,0.9811,0.9821,0
02/01/2000,0.9736,0.9746,0.97,0.9742,0
02/02/2000,0.976,0.9775,0.9723,0.9751,0
02/03/2000,0.9789,0.9799,0.9736,0.9742,0
02/04/2000,0.9925,0.9964,0.9856,0.987,0
02/07/2000,0.9856,0.9856,0.9791,0.9799,0
02/08/2000,0.983,0.9936,0.981,0.9926,0
02/09/2000,0.9885,0.9967,0.9873,0.9936,0
02/10/2000,0.9947,0.9981,0.9875,0.9884,0
02/11/2000,0.9892,0.9892,0.9809,0.9825,0
02/14/2000,0.9893,0.9935,0.9875,0.9887,0
02/15/2000,0.982,0.9832,0.9781,0.9795,0
02/16/2000,0.9834,0.984,0.9807,0.9821,0
02/17/2000,0.9884,0.9978,0.9862,0.9943,0
02/18/2000,0.9896,0.9913,0.9862,0.9876,0
02/21/2000,0.9865,0.9901,0.9858,0.9882,0
02/22/2000,0.9865,1.0045,0.9858,1.0032,0
02/23/2000,1.0047,1.0104,1.0041,1.0078,0
02/24/2000,1.0043,1.005,0.9905,0.9915,0
02/25/2000,0.9942,0.9954,0.9818,0.9827,0
02/28/2000,0.975,0.9752,0.944,0.9645,0
02/29/2000,0.9725,0.9843,0.9654,0.9715,0
03/01/2000,0.966,0.9726,0.9627,0.9671,0
03/02/2000,0.9744,0.9797,0.9691,0.974,0
03/03/2000,0.9661,0.9684,0.9615,0.9665,0
03/06/2000,0.9571,0.9675,0.9565,0.9651,0
03/07/2000,0.9598,0.9627,0.958,0.9595,0
03/08/2000,0.9575,0.9619,0.954,0.954,0
03/09/2000,0.961,0.965,0.96,0.9619,0
03/10/2000,0.9738,0.9753,0.9661,0.9672,0
03/13/2000,0.9686,0.9793,0.9684,0.977,0
03/14/2000,0.9715,0.9715,0.9667,0.9682,0
03/15/2000,0.9736,0.9763,0.97,0.9705,0
03/16/2000,0.9737,0.977,0.9708,0.974,0
03/17/2000,0.9764,0.9777,0.9723,0.9732,0
03/20/2000,0.978,0.9804,0.9756,0.977,0
03/21/2000,0.9792,0.9795,0.9751,0.9762,0
03/22/2000,0.9703,0.9704,0.9635,0.9663,0
03/23/2000,0.9663,0.9699,0.9657,0.9698,0
03/24/2000,0.9773,0.982,0.9747,0.9779,0
03/27/2000,0.982,0.9843,0.9758,0.978,0
03/28/2000,0.9713,0.9746,0.9697,0.9717,0
03/29/2000,0.9662,0.9666,0.9594,0.9625,0
03/30/2000,0.9573,0.963,0.956,0.959,0
03/31/2000,0.9669,0.968,0.958,0.9605,0
04/03/2000,0.9615,0.9622,0.9554,0.9597,0
04/04/2000,0.9635,0.9637,0.957,0.9592,0
04/05/2000,0.9674,0.9735,0.9638,0.9713,0
04/06/2000,0.968,0.969,0.9649,0.967,0
04/07/2000,0.9644,0.9647,0.9602,0.9613,0
04/10/2000,0.9591,0.9635,0.9578,0.9626,0
04/11/2000,0.9664,0.9679,0.9631,0.964,0
04/12/2000,0.9633,0.9645,0.9598,0.9616,0
04/13/2000,0.9609,0.9639,0.9573,0.9575,0
04/14/2000,0.958,0.9598,0.9551,0.9579,0
04/17/2000,0.9685,0.9713,0.9605,0.9605,0
04/18/2000,0.9571,0.9571,0.9491,0.9536,0
04/19/2000,0.9512,0.9522,0.948,0.9485,0
04/20/2000,0.944,0.9456,0.9411,0.9414,0
04/24/2000,0.9405,0.9445,0.9403,0.9445,0
04/25/2000,0.942,0.9438,0.932,0.9339,0
04/26/2000,0.9244,0.928,0.9206,0.9228,0
04/27/2000,0.9266,0.9313,0.917,0.92,0
04/28/2000,0.9128,0.916,0.906,0.9105,0
05/01/2000,0.9146,0.9164,0.9116,0.9125,0
05/02/2000,0.92,0.9202,0.912,0.9138,0
05/03/2000,0.9104,0.9136,0.8924,0.894,0
05/04/2000,0.8982,0.8995,0.887,0.8974,0
05/05/2000,0.893,0.9024,0.8916,0.9011,0
05/08/2000,0.8997,0.9067,0.894,0.8967,0
05/09/2000,0.8996,0.9027,0.897,0.8986,0
05/10/2000,0.9092,0.915,0.9075,0.9116,0
05/11/2000,0.9108,0.9132,0.9036,0.912,0
05/12/2000,0.9052,0.9088,0.8998,0.9072,0
05/15/2000,0.9203,0.9207,0.9162,0.9169,0
05/16/2000,0.9145,0.9145,0.9084,0.9093,0
05/17/2000,0.9046,0.9071,0.894,0.8944,0
05/18/2000,0.8966,0.8979,0.8921,0.8959,0
05/19/2000,0.8951,0.8975,0.8861,0.8887,0
05/22/2000,0.8993,0.9036,0.8978,0.9019,0
05/23/2000,0.9046,0.9172,0.9034,0.9123,0
05/24/2000,0.9076,0.9133,0.905,0.9112,0
05/25/2000,0.9085,0.9087,0.9008,0.9019,0
05/26/2000,0.9137,0.92,0.9129,0.9148,0
05/29/2000,0.9328,0.9342,0.9253,0.928,0
05/30/2000,0.9328,0.9425,0.9253,0.9377,0
05/31/2000,0.9327,0.935,0.929,0.9304,0
06/01/2000,0.938,0.9392,0.9327,0.9341,0
06/02/2000,0.9331,0.9385,0.9307,0.9364,0
06/05/2000,0.9462,0.9468,0.9428,0.944,0
06/06/2000,0.9493,0.9522,0.9452,0.9483,0
06/07/2000,0.9555,0.9608,0.9541,0.9572,0
06/08/2000,0.9625,0.9696,0.9572,0.9693,0
06/09/2000,0.9567,0.9572,0.9518,0.952,0
06/12/2000,0.9543,0.9551,0.9495,0.953,0
06/13/2000,0.9535,0.96,0.9523,0.9585,0
06/14/2000,0.9595,0.9653,0.9595,0.9636,0
06/15/2000,0.96,0.96,0.9504,0.9528,0
06/16/2000,0.9592,0.9644,0.9555,0.9623,0
06/19/2000,0.9698,0.9744,0.9684,0.9697,0
06/20/2000,0.9642,0.9672,0.9583,0.9597,0
06/21/2000,0.963,0.9635,0.9512,0.9525,0
06/22/2000,0.9506,0.9524,0.9434,0.9455,0
06/23/2000,0.9427,0.948,0.9397,0.947,0
06/26/2000,0.9408,0.9422,0.9343,0.9375,0
06/27/2000,0.9417,0.9466,0.9414,0.9451,0
06/28/2000,0.9512,0.9514,0.9454,0.9466,0
06/29/2000,0.9464,0.9565,0.9446,0.9556,0
06/30/2000,0.9564,0.9645,0.9551,0.9593,0
07/03/2000,0.9573,0.959,0.9523,0.9543,0
07/04/2000,0.954,0.9555,0.951,0.9542,0
07/05/2000,0.954,0.9602,0.951,0.9589,0
07/06/2000,0.9576,0.9639,0.9561,0.9601,0
07/07/2000,0.9545,0.9556,0.9514,0.953,0
07/10/2000,0.9527,0.9577,0.9517,0.9563,0
07/11/2000,0.9587,0.9606,0.9561,0.9566,0
07/12/2000,0.9564,0.9569,0.9508,0.9539,0
07/13/2000,0.946,0.9469,0.9373,0.939,0
07/14/2000,0.9409,0.9412,0.9362,0.9384,0
07/17/2000,0.9419,0.9437,0.94,0.9406,0
07/18/2000,0.9394,0.9404,0.9379,0.9392,0
07/19/2000,0.9305,0.9305,0.9235,0.9241,0
07/20/2000,0.9272,0.9298,0.9233,0.9258,0
07/21/2000,0.9364,0.9395,0.935,0.9387,0
07/24/2000,0.9397,0.9405,0.936,0.9364,0
07/25/2000,0.9359,0.9462,0.9352,0.9441,0
07/26/2000,0.9416,0.9478,0.941,0.9425,0
07/27/2000,0.9447,0.947,0.9414,0.9417,0
07/28/2000,0.9357,0.9365,0.9286,0.9303,0
07/31/2000,0.9268,0.9287,0.925,0.928,0
08/01/2000,0.9295,0.9312,0.9269,0.9288,0
08/02/2000,0.9192,0.9218,0.9158,0.9168,0
08/03/2000,0.9164,0.9197,0.9032,0.9063,0
08/04/2000,0.909,0.9093,0.905,0.9058,0
08/07/2000,0.9096,0.912,0.9075,0.9106,0
08/08/2000,0.9107,0.9109,0.9055,0.9069,0
08/09/2000,0.9041,0.9052,0.8985,0.8998,0
08/10/2000,0.9014,0.9069,0.9012,0.9055,0
08/11/2000,0.9103,0.9165,0.9091,0.915,0
08/14/2000,0.9055,0.9068,0.9026,0.9028,0
08/15/2000,0.9073,0.9152,0.9069,0.9134,0
08/16/2000,0.9153,0.9194,0.9079,0.9093,0
08/17/2000,0.9166,0.918,0.913,0.914,0
08/18/2000,0.9188,0.9198,0.9136,0.9142,0
08/21/2000,0.9083,0.9092,0.9031,0.9041,0
08/22/2000,0.9028,0.9047,0.8978,0.8987,0
08/23/2000,0.8989,0.8989,0.892,0.893,0
08/24/2000,0.9008,0.9048,0.8996,0.9021,0
08/25/2000,0.9032,0.9058,0.8988,0.9036,0
08/28/2000,0.9036,0.9057,0.9008,0.9014,0
08/29/2000,0.901,0.9034,0.8972,0.8976,0
08/30/2000,0.8935,0.895,0.8878,0.8935,0
08/31/2000,0.8935,0.8978,0.8926,0.8962,0
09/01/2000,0.8888,0.8923,0.8883,0.891,0
09/04/2000,0.9001,0.9047,0.8992,0.9,0
09/05/2000,0.9001,0.9047,0.8865,0.8893,0
09/06/2000,0.8903,0.8914,0.8813,0.8832,0
09/07/2000,0.8717,0.8732,0.864,0.8677,0
09/08/2000,0.8742,0.875,0.8695,0.8728,0
09/11/2000,0.8645,0.8727,0.8571,0.8599,0
09/12/2000,0.8588,0.8635,0.855,0.8616,0
09/13/2000,0.863,0.871,0.8614,0.8652,0
09/14/2000,0.8603,0.8719,0.857,0.8692,0
09/15/2000,0.8688,0.8742,0.8654,0.8663,0
09/18/2000,0.857,0.8614,0.8551,0.857,0
09/19/2000,0.8587,0.8599,0.853,0.8585,0
09/20/2000,0.8557,0.8562,0.8478,0.8506,0
09/21/2000,0.8509,0.8584,0.8497,0.8547,0
09/22/2000,0.8619,0.9208,0.8601,0.896,0
09/25/2000,0.8836,0.8863,0.8804,0.8812,0
09/26/2000,0.8775,0.8835,0.8764,0.8782,0
09/27/2000,0.8861,0.8917,0.8848,0.8896,0
09/28/2000,0.8865,0.8895,0.8841,0.8861,0
09/29/2000,0.8829,0.8859,0.8778,0.8794,0
10/02/2000,0.8871,0.8894,0.8836,0.8842,0
10/03/2000,0.8823,0.8826,0.879,0.88,0
10/04/2000,0.878,0.8811,0.8772,0.8772,0
10/05/2000,0.8777,0.8808,0.8755,0.88,0
10/06/2000,0.8723,0.877,0.8695,0.873,0
10/09/2000,0.8723,0.8736,0.8712,0.8717,0
10/10/2000,0.8715,0.8773,0.8691,0.8752,0
10/11/2000,0.8743,0.8793,0.8737,0.8756,0
10/12/2000,0.8722,0.8725,0.8665,0.868,0
10/13/2000,0.8657,0.8685,0.8623,0.8665,0
10/16/2000,0.8573,0.8584,0.853,0.8541,0
10/17/2000,0.853,0.8539,0.8503,0.8518,0
10/18/2000,0.8579,0.8598,0.8547,0.8553,0
10/19/2000,0.8408,0.8469,0.8404,0.8435,0
10/20/2000,0.8459,0.8505,0.8451,0.8477,0
10/23/2000,0.8426,0.8432,0.8392,0.8403,0
10/24/2000,0.8375,0.8417,0.8367,0.8395,0
10/25/2000,0.8397,0.8404,0.8307,0.8332,0
10/26/2000,0.83,0.8332,0.8245,0.831,0
10/27/2000,0.8312,0.8358,0.8308,0.8344,0
10/30/2000,0.8427,0.8545,0.8411,0.8506,0
10/31/2000,0.8433,0.845,0.8398,0.8433,0
11/01/2000,0.8509,0.8585,0.8489,0.8568,0
11/02/2000,0.863,0.8684,0.8573,0.8646,0
11/03/2000,0.8609,0.882,0.8591,0.8756,0
11/06/2000,0.8681,0.8743,0.8643,0.8682,0
11/07/2000,0.8675,0.868,0.8605,0.8615,0
11/08/2000,0.8613,0.8707,0.855,0.8579,0
11/09/2000,0.8574,0.858,0.8534,0.8545,0
11/10/2000,0.868,0.8718,0.864,0.8672,0
11/13/2000,0.8632,0.868,0.8618,0.8638,0
11/14/2000,0.8619,0.863,0.8577,0.86,0
11/15/2000,0.8589,0.8648,0.8584,0.8606,0
11/16/2000,0.859,0.8613,0.8575,0.8582,0
11/17/2000,0.8533,0.8588,0.8524,0.8547,0
11/20/2000,0.8499,0.852,0.8491,0.8496,0
11/21/2000,0.8514,0.8544,0.8478,0.8482,0
11/22/2000,0.8445,0.8494,0.8435,0.844,0
11/23/2000,0.8446,0.8464,0.8392,0.8397,0
11/24/2000,0.8446,0.8464,0.8384,0.8445,0
11/27/2000,0.8403,0.8434,0.8393,0.8401,0
11/28/2000,0.8521,0.857,0.8513,0.856,0
11/29/2000,0.8576,0.8645,0.8565,0.8636,0
11/30/2000,0.8592,0.8709,0.8577,0.8676,0
12/01/2000,0.872,0.8796,0.8717,0.8739,0
12/04/2000,0.8797,0.8938,0.8761,0.8917,0
12/05/2000,0.8888,0.8911,0.8818,0.8823,0
12/06/2000,0.8813,0.8878,0.8776,0.8839,0
12/07/2000,0.8922,0.898,0.8905,0.895,0
12/08/2000,0.8894,0.8918,0.8845,0.8887,0
12/11/2000,0.8828,0.8867,0.88,0.8804,0
12/12/2000,0.8767,0.884,0.8761,0.878,0
12/13/2000,0.8806,0.8823,0.872,0.8758,0
12/14/2000,0.8762,0.887,0.8762,0.8842,0
12/15/2000,0.8928,0.9037,0.8928,0.9006,0
12/18/2000,0.8982,0.9052,0.8974,0.8983,0
12/19/2000,0.8972,0.9005,0.8911,0.8934,0
12/20/2000,0.8976,0.9117,0.8976,0.9093,0
12/21/2000,0.9124,0.9196,0.9092,0.9175,0
12/22/2000,0.9177,0.9291,0.9177,0.9259,0
12/26/2000,0.9292,0.9325,0.9292,0.9315,0
12/27/2000,0.9343,0.9373,0.9307,0.9338,0
12/28/2000,0.9334,0.9349,0.929,0.9313,0
12/29/2000,0.9324,0.936,0.9312,0.9323,0
01/02/2001,0.9437,0.9488,0.9437,0.9464,0
01/03/2001,0.9538,0.9601,0.9498,0.9558,0
01/04/2001,0.931,0.9543,0.9287,0.948,0
01/05/2001,0.9518,0.9615,0.9501,0.9558,0
01/08/2001,0.96,0.9611,0.9503,0.9517,0
01/09/2001,0.9511,0.9511,0.9403,0.9427,0
01/10/2001,0.946,0.9484,0.9405,0.943,0
01/11/2001,0.9405,0.9555,0.9378,0.9543,0
01/12/2001,0.954,0.9596,0.9521,0.9572,0
01/15/2001,0.9537,0.9537,0.9428,0.9434,0
01/16/2001,0.9537,0.9537,0.9399,0.9436,0
01/17/2001,0.9427,0.9465,0.939,0.9406,0
01/18/2001,0.9361,0.9449,0.9361,0.9425,0
01/19/2001,0.9467,0.9516,0.9405,0.9408,0
01/22/2001,0.9365,0.9385,0.9289,0.9307,0
01/23/2001,0.94,0.9462,0.9385,0.942,0
01/24/2001,0.9391,0.94,0.9297,0.9309,0
01/25/2001,0.9238,0.9255,0.9126,0.916,0
01/26/2001,0.9247,0.9327,0.9231,0.9245,0
01/29/2001,0.9239,0.9274,0.9193,0.9203,0
01/30/2001,0.9192,0.9207,0.9153,0.9205,0
01/31/2001,0.9279,0.9329,0.9266,0.9307,0
02/01/2001,0.9364,0.9454,0.9364,0.9427,0
02/02/2001,0.9426,0.9429,0.9372,0.9413,0
02/05/2001,0.9368,0.9443,0.9364,0.9432,0
02/06/2001,0.9393,0.94,0.9332,0.9335,0
02/07/2001,0.9309,0.9344,0.9267,0.9329,0
02/08/2001,0.9303,0.931,0.9225,0.923,0
02/09/2001,0.9187,0.9242,0.914,0.923,0
02/12/2001,0.9262,0.9318,0.9255,0.929,0
02/13/2001,0.932,0.9338,0.9265,0.9282,0
02/14/2001,0.9208,0.9227,0.9176,0.9187,0
02/15/2001,0.919,0.92,0.9068,0.9083,0
02/16/2001,0.9047,0.9142,0.904,0.9117,0
02/19/2001,0.9135,0.924,0.9126,0.9216,0
02/20/2001,0.9135,0.9248,0.9067,0.9076,0
02/21/2001,0.912,0.9178,0.9064,0.9139,0
02/22/2001,0.9088,0.9134,0.9038,0.906,0
02/23/2001,0.9051,0.908,0.9031,0.9058,0
02/26/2001,0.9179,0.9188,0.9084,0.9113,0
02/27/2001,0.9124,0.9173,0.9087,0.9158,0
02/28/2001,0.9174,0.926,0.9167,0.925,0
03/01/2001,0.9243,0.9283,0.9228,0.9272,0
03/02/2001,0.9309,0.9384,0.9286,0.9358,0
03/05/2001,0.936,0.936,0.9296,0.9307,0
03/06/2001,0.9298,0.9301,0.9254,0.9291,0
03/07/2001,0.9343,0.9372,0.9308,0.9313,0
03/08/2001,0.9302,0.9342,0.9272,0.9317,0
03/09/2001,0.9316,0.9375,0.9314,0.9356,0
03/12/2001,0.932,0.9341,0.926,0.9267,0
03/13/2001,0.928,0.93,0.9203,0.9203,0
03/14/2001,0.915,0.921,0.9085,0.9189,0
03/15/2001,0.9116,0.912,0.905,0.9058,0
03/16/2001,0.901,0.9012,0.8928,0.8952,0
03/19/2001,0.8973,0.9021,0.8938,0.8995,0
03/20/2001,0.899,0.906,0.8987,0.902,0
03/21/2001,0.9084,0.9128,0.8965,0.899,0
03/22/2001,0.8958,0.897,0.8875,0.89,0
03/23/2001,0.8883,0.8975,0.8853,0.8935,0
03/27/2001,0.8972,0.8985,0.8948,0.8951,0
03/28/2001,0.8938,0.8953,0.8853,0.8882,0
03/29/2001,0.8868,0.8892,0.8824,0.8856,0
03/30/2001,0.8828,0.8845,0.8771,0.883,0
04/02/2001,0.876,0.884,0.8744,0.8802,0
04/03/2001,0.8804,0.8973,0.8798,0.8965,0
04/04/2001,0.8981,0.9055,0.8939,0.9029,0
04/05/2001,0.9014,0.9094,0.8958,0.896,0
04/06/2001,0.8972,0.9054,0.8929,0.9032,0
04/09/2001,0.9042,0.9054,0.8929,0.8985,0
04/10/2001,0.8973,0.8997,0.8871,0.8885,0
04/11/2001,0.889,0.8919,0.8812,0.8879,0
04/12/2001,0.8882,0.8944,0.8835,0.8919,0
04/13/2001,0.8882,0.8944,0.8835,0.8919,0
04/16/2001,0.8897,0.8902,0.883,0.8864,0
04/17/2001,0.889,0.8911,0.8778,0.8835,0
04/18/2001,0.8835,0.8892,0.87,0.8824,0
04/19/2001,0.8835,0.898,0.8805,0.897,0
04/20/2001,0.897,0.9041,0.895,0.9039,0
04/23/2001,0.9007,0.9075,0.894,0.8976,0
04/24/2001,0.8959,0.9016,0.8925,0.8934,0
04/25/2001,0.8934,0.8995,0.8904,0.8966,0
04/26/2001,0.8972,0.9036,0.8942,0.9026,0
04/27/2001,0.903,0.905,0.8884,0.8914,1770
04/30/2001,0.8905,0.8922,0.8845,0.8863,1770
05/01/2001,0.8883,0.8935,0.885,0.8928,1770
05/02/2001,0.893,0.8943,0.8882,0.8941,4367
05/03/2001,0.8931,0.8974,0.887,0.8897,2971
05/04/2001,0.8892,0.9001,0.8887,0.8921,2124
05/07/2001,0.892,0.8926,0.8894,0.8896,5239
05/08/2001,0.8896,0.8907,0.8818,0.8843,3805
05/09/2001,0.883,0.8855,0.8806,0.8855,6644
05/10/2001,0.8853,0.8918,0.8778,0.8811,3052
05/11/2001,0.8809,0.8815,0.8734,0.8747,1959
05/14/2001,0.8738,0.876,0.8722,0.874,4654
05/15/2001,0.874,0.8796,0.8733,0.8783,5876
05/16/2001,0.8783,0.8864,0.8745,0.8828,4397
05/17/2001,0.8829,0.8878,0.8789,0.8826,3771
05/18/2001,0.8825,0.8826,0.8752,0.8804,3978
05/21/2001,0.8798,0.8817,0.8737,0.8771,6718
05/22/2001,0.8768,0.8773,0.8624,0.8647,5166
05/23/2001,0.865,0.866,0.8542,0.8565,4391
05/24/2001,0.856,0.8609,0.8502,0.8562,4220
05/25/2001,0.8568,0.8624,0.8536,0.8577,357
05/28/2001,0.8597,0.8604,0.858,0.8596,2774
05/29/2001,0.8597,0.8609,0.8527,0.855,2502
05/30/2001,0.8553,0.8589,0.8535,0.8567,5129
05/31/2001,0.8566,0.8566,0.8443,0.8454,3268
06/01/2001,0.8452,0.8502,0.8429,0.8463,3581
06/04/2001,0.847,0.8536,0.8433,0.8464,4821
06/05/2001,0.8457,0.8545,0.8424,0.854,5069
06/06/2001,0.854,0.8568,0.8445,0.848,3671
06/07/2001,0.8478,0.8515,0.8457,0.8504,4404
06/08/2001,0.851,0.852,0.8458,0.8506,2601
06/11/2001,0.8498,0.854,0.8411,0.8433,3135
06/12/2001,0.8431,0.8537,0.8414,0.853,1051
06/13/2001,0.8521,0.8566,0.8506,0.854,1101
06/14/2001,0.8543,0.8629,0.849,0.861,759
06/15/2001,0.861,0.8658,0.8585,0.8603,3125
06/18/2001,0.8616,0.8628,0.8559,0.8598,2833
06/19/2001,0.8593,0.8594,0.8512,0.8521,2087
06/20/2001,0.8514,0.854,0.8481,0.8534,2455
06/21/2001,0.8536,0.8565,0.8495,0.8534,2422
06/22/2001,0.8531,0.8562,0.8497,0.8562,3819
06/25/2001,0.8552,0.861,0.855,0.8582,4071
06/26/2001,0.8576,0.8638,0.8575,0.8619,3890
06/27/2001,0.8622,0.8648,0.8573,0.8591,7530
06/28/2001,0.8588,0.8602,0.8423,0.8426,3029
06/29/2001,0.8434,0.8487,0.8427,0.8484,2481
07/02/2001,0.8486,0.8494,0.8431,0.8457,3562
07/03/2001,0.8465,0.8491,0.8445,0.8467,1521
07/04/2001,0.8467,0.847,0.8423,0.8448,7830
07/05/2001,0.8448,0.847,0.8343,0.8351,6303
07/06/2001,0.8351,0.8467,0.8342,0.8463,4822
07/09/2001,0.8462,0.8503,0.8433,0.8497,8534
07/10/2001,0.8485,0.8561,0.8478,0.854,8685
07/11/2001,0.8538,0.8629,0.8521,0.8585,5995
07/12/2001,0.8577,0.8577,0.8496,0.8525,3576
07/13/2001,0.8525,0.855,0.8497,0.8535,4251
07/16/2001,0.8534,0.8583,0.8515,0.8516,4790
07/17/2001,0.8516,0.8597,0.8486,0.858,8152
07/18/2001,0.8584,0.873,0.856,0.8729,6274
07/19/2001,0.8726,0.8768,0.8669,0.8695,4378
07/20/2001,0.8699,0.8775,0.8694,0.8707,3507
07/23/2001,0.8696,0.8705,0.8644,0.8678,5141
07/24/2001,0.8683,0.876,0.8677,0.8737,7128
07/25/2001,0.8732,0.8802,0.8707,0.8797,5144
07/26/2001,0.8799,0.8814,0.8737,0.8772,5162
07/27/2001,0.8767,0.8797,0.8713,0.8768,2329
07/30/2001,0.8756,0.8766,0.8714,0.8734,5132
07/31/2001,0.8735,0.8773,0.8715,0.8742,0
08/01/2001,0.8753,0.8822,0.8753,0.8802,0
08/02/2001,0.8802,0.8833,0.8775,0.8829,5081
08/03/2001,0.8829,0.8864,0.8764,0.8834,3231
08/06/2001,0.8824,0.8825,0.8778,0.8808,4837
08/07/2001,0.8803,0.8806,0.8745,0.8766,2966
08/08/2001,0.8765,0.88,0.8733,0.8795,8113
08/09/2001,0.8799,0.8932,0.8778,0.8912,3242
08/10/2001,0.8916,0.895,0.8905,0.8926,5184
08/13/2001,0.893,0.9,0.8917,0.8957,5002
08/14/2001,0.8959,0.903,0.8934,0.9026,7968
08/15/2001,0.9025,0.9143,0.9015,0.9143,6645
08/16/2001,0.9133,0.9196,0.9084,0.9114,4707
08/17/2001,0.911,0.9178,0.9096,0.9178,6507
08/20/2001,0.9165,0.92,0.9104,0.9139,5967
08/21/2001,0.9138,0.9177,0.9073,0.9171,8466
08/22/2001,0.9175,0.9233,0.9131,0.9145,4987
08/23/2001,0.914,0.9162,0.9094,0.9148,4771
08/24/2001,0.9144,0.9162,0.9072,0.9132,2501
08/27/2001,0.9121,0.9142,0.9081,0.9109,10955
08/28/2001,0.9111,0.9125,0.9024,0.912,4952
08/29/2001,0.9127,0.9144,0.9082,0.9089,7540
08/30/2001,0.9088,0.9181,0.9057,0.9166,7163
08/31/2001,0.9162,0.9199,0.9065,0.9098,1703
09/03/2001,0.9092,0.91,0.9055,0.9069,8841
09/04/2001,0.9074,0.91,0.8844,0.888,5772
09/05/2001,0.8882,0.8909,0.8843,0.8845,7732
09/06/2001,0.8859,0.8967,0.8824,0.8963,4437
09/07/2001,0.8952,0.9071,0.8929,0.9071,2469
09/10/2001,0.9063,0.9075,0.897,0.8978,1992
09/11/2001,0.8976,0.9091,0.8954,0.9089,371
09/13/2001,0.9063,0.9124,0.9061,0.9114,978
09/14/2001,0.909,0.9227,0.9063,0.9195,6941
09/17/2001,0.9208,0.931,0.9145,0.9239,4409
09/18/2001,0.9229,0.9263,0.9168,0.9254,5883
09/19/2001,0.925,0.9301,0.921,0.9249,5603
09/20/2001,0.9252,0.9268,0.9203,0.925,7505
09/21/2001,0.9247,0.9254,0.9069,0.9124,4530
09/24/2001,0.9116,0.9174,0.9084,0.9147,6004
09/25/2001,0.9143,0.9228,0.9125,0.9207,4379
09/26/2001,0.921,0.9222,0.9175,0.9206,5589
09/27/2001,0.921,0.9212,0.9139,0.916,6881
09/28/2001,0.916,0.9163,0.9059,0.9092,7437
10/01/2001,0.9088,0.9156,0.9044,0.9155,5040
10/02/2001,0.915,0.9176,0.9116,0.9168,7802
10/03/2001,0.9165,0.9212,0.9106,0.9125,5019
10/04/2001,0.9124,0.9167,0.9093,0.9165,3792
10/05/2001,0.9156,0.9188,0.9137,0.9151,6169
10/08/2001,0.9171,0.9221,0.9148,0.9156,6964
10/09/2001,0.9185,0.9204,0.9102,0.9102,5859
10/10/2001,0.9114,0.9138,0.9079,0.9088,10104
10/11/2001,0.9084,0.9103,0.897,0.9002,6668
10/12/2001,0.9005,0.9106,0.8994,0.9091,4497
10/15/2001,0.9093,0.9118,0.9044,0.9068,4950
10/16/2001,0.907,0.9092,0.9018,0.9062,9469
10/17/2001,0.906,0.9072,0.899,0.9011,4214
10/18/2001,0.9016,0.9037,0.8975,0.902,6729
10/19/2001,0.9018,0.9018,0.8947,0.8971,7825
10/22/2001,0.897,0.8984,0.8878,0.8902,5969
10/23/2001,0.8899,0.892,0.8853,0.8887,3747
10/24/2001,0.8886,0.8926,0.8882,0.8919,6802
10/25/2001,0.8924,0.8961,0.8861,0.8906,5249
10/26/2001,0.8909,0.8934,0.8888,0.8913,16605
10/29/2001,0.8913,0.9034,0.891,0.9033,5508
10/30/2001,0.9039,0.909,0.902,0.9028,6893
10/31/2001,0.9029,0.9057,0.8972,0.8984,15531
11/01/2001,0.8988,0.9105,0.8978,0.9005,5010
11/02/2001,0.9011,0.9061,0.899,0.9012,5176
11/05/2001,0.8999,0.9001,0.8931,0.8966,5118
11/06/2001,0.8963,0.898,0.8927,0.8931,12626
11/07/2001,0.8934,0.9033,0.8925,0.8961,6612
11/08/2001,0.8967,0.8985,0.8894,0.8912,4342
11/09/2001,0.8914,0.8934,0.888,0.8924,5264
11/12/2001,0.8934,0.9009,0.8902,0.894,12943
11/13/2001,0.8929,0.8929,0.878,0.8791,9241
11/14/2001,0.8796,0.883,0.876,0.8816,3515
11/15/2001,0.8817,0.8844,0.8796,0.8808,4642
11/16/2001,0.8807,0.8856,0.8803,0.8834,13184
11/19/2001,0.8834,0.8843,0.8756,0.8782,3500
11/20/2001,0.878,0.8834,0.8773,0.8826,8658
11/21/2001,0.8827,0.8828,0.8745,0.8772,2230
11/22/2001,0.8777,0.8786,0.8757,0.8779,8438
11/23/2001,0.8775,0.8805,0.8731,0.8777,3707
11/26/2001,0.8772,0.8823,0.8772,0.8797,7763
11/27/2001,0.8797,0.8832,0.8763,0.8827,6126
11/28/2001,0.8828,0.888,0.8815,0.8873,6622
11/29/2001,0.887,0.8915,0.8853,0.8872,16507
11/30/2001,0.8871,0.8975,0.8843,0.8967,7646
12/03/2001,0.8954,0.8964,0.8885,0.891,3158
12/04/2001,0.8907,0.8918,0.8883,0.8899,10017
12/05/2001,0.89,0.8935,0.8844,0.888,8503
12/06/2001,0.8883,0.8951,0.8864,0.8942,5426
12/07/2001,0.8944,0.8949,0.8878,0.8896,3798
12/10/2001,0.8894,0.8915,0.8839,0.8907,2466
12/11/2001,0.8902,0.8929,0.8884,0.8926,1662
12/12/2001,0.8924,0.8986,0.892,0.8981,971
12/13/2001,0.8975,0.8991,0.8919,0.8933,1443
12/14/2001,0.8902,0.9021,0.8891,0.9014,6378
12/17/2001,0.9006,0.9051,0.8982,0.8988,7914
12/18/2001,0.8991,0.9009,0.8963,0.9001,7271
12/19/2001,0.9004,0.9004,0.8922,0.8976,6532
12/20/2001,0.8974,0.8983,0.8933,0.897,16334
12/21/2001,0.8967,0.8985,0.8828,0.8859,8595
12/24/2001,0.8858,0.8878,0.8713,0.8738,1360
12/26/2001,0.8768,0.8785,0.8741,0.8779,13286
12/27/2001,0.878,0.8843,0.8746,0.8804,4193
12/28/2001,0.8808,0.8825,0.8766,0.8824,3808
12/31/2001,0.8818,0.8894,0.88,0.8888,8328
01/02/2002,0.898,0.904,0.898,0.9012,7127
01/03/2002,0.9011,0.903,0.8952,0.896,4861
01/04/2002,0.8964,0.8974,0.8914,0.8918,11301
01/07/2002,0.8926,0.897,0.8857,0.891,4889
01/08/2002,0.8907,0.8909,0.8855,0.8907,11120
01/09/2002,0.8907,0.8926,0.8837,0.8887,5577
01/10/2002,0.8887,0.8915,0.8877,0.8887,2417
01/11/2002,0.8893,0.8903,0.8873,0.89,6945
01/14/2002,0.8913,0.8929,0.889,0.8917,7452
01/15/2002,0.8919,0.8919,0.8796,0.8818,3939
01/16/2002,0.881,0.882,0.878,0.8801,4011
01/17/2002,0.88,0.8827,0.877,0.8792,2995
01/18/2002,0.8792,0.8828,0.8775,0.8825,2211
01/21/2002,0.8818,0.8843,0.8806,0.8812,4597
01/22/2002,0.8811,0.8843,0.8791,0.8837,7329
01/23/2002,0.8849,0.8868,0.8748,0.8756,3823
01/24/2002,0.8761,0.8773,0.8734,0.8747,10683
01/25/2002,0.8763,0.8765,0.8614,0.863,6569
01/28/2002,0.8624,0.8644,0.8554,0.8595,5169
01/29/2002,0.8599,0.864,0.8576,0.863,4474
01/30/2002,0.8642,0.8656,0.8583,0.8599,5171
01/31/2002,0.8599,0.8629,0.8561,0.8568,6865
02/01/2002,0.8577,0.8629,0.8549,0.8601,7634
02/04/2002,0.8601,0.8694,0.8593,0.8686,6721
02/05/2002,0.8684,0.8715,0.8638,0.8659,8665
02/06/2002,0.8663,0.8692,0.8619,0.8673,6852
02/07/2002,0.8663,0.8703,0.8633,0.8697,6612
02/08/2002,0.869,0.874,0.8684,0.872,16339
02/11/2002,0.8697,0.8788,0.8694,0.8753,6816
02/12/2002,0.8755,0.8788,0.8729,0.8752,4943
02/13/2002,0.8754,0.8757,0.8697,0.8703,4726
02/14/2002,0.8703,0.8736,0.867,0.8728,4187
02/15/2002,0.8728,0.8732,0.8684,0.8717,2664
02/18/2002,0.8722,0.873,0.8691,0.8696,11539
02/19/2002,0.8698,0.8772,0.8655,0.875,8220
02/20/2002,0.8755,0.8774,0.8678,0.8694,4567
02/21/2002,0.8688,0.8711,0.8672,0.8678,14475
02/22/2002,0.8695,0.8768,0.8673,0.8749,6319
02/25/2002,0.8746,0.8748,0.8681,0.8682,7205
02/26/2002,0.8685,0.8717,0.861,0.8631,4456
02/27/2002,0.8632,0.8661,0.862,0.8649,7667
02/28/2002,0.865,0.8695,0.8623,0.8682,5425
03/01/2002,0.8688,0.8688,0.8628,0.8646,9040
03/04/2002,0.865,0.8712,0.8627,0.8688,9062
03/05/2002,0.8693,0.8723,0.8645,0.8712,7614
03/06/2002,0.8714,0.8771,0.8693,0.8758,11371
03/07/2002,0.8757,0.8838,0.8738,0.8832,6943
03/08/2002,0.8823,0.8823,0.8718,0.8732,1965
03/11/2002,0.8739,0.8768,0.873,0.8753,1755
03/12/2002,0.8749,0.876,0.8704,0.8759,1388
03/13/2002,0.875,0.8782,0.8724,0.8765,1659
03/14/2002,0.8753,0.8842,0.8753,0.8824,1519
03/15/2002,0.8798,0.8838,0.8777,0.8791,5148
03/18/2002,0.8785,0.8798,0.8752,0.879,3357
03/19/2002,0.8798,0.8812,0.8766,0.8797,7301
03/20/2002,0.8792,0.883,0.8756,0.8812,6431
03/21/2002,0.8824,0.883,0.8777,0.8788,8052
03/22/2002,0.8797,0.8797,0.872,0.8738,3312
03/25/2002,0.8739,0.8752,0.8725,0.8743,7916
03/26/2002,0.8738,0.877,0.8704,0.8739,4761
03/27/2002,0.8738,0.8742,0.8692,0.87,3371
03/28/2002,0.8696,0.8713,0.8674,0.8682,8917
04/01/2002,0.8688,0.8793,0.8686,0.878,7355
04/02/2002,0.8775,0.8789,0.8746,0.8763,5899
04/03/2002,0.8767,0.8805,0.8748,0.8783,13886
04/04/2002,0.8784,0.8831,0.8741,0.8751,4715
04/05/2002,0.8755,0.8789,0.8748,0.8767,11623
04/08/2002,0.8767,0.8769,0.8711,0.8716,8927
04/09/2002,0.8721,0.8785,0.8712,0.8781,4580
04/10/2002,0.8785,0.88,0.8764,0.878,9005
04/11/2002,0.878,0.8823,0.8768,0.8807,6872
04/12/2002,0.8801,0.8801,0.8751,0.8769,3687
04/15/2002,0.877,0.88,0.8766,0.8779,7945
04/16/2002,0.8769,0.8818,0.8769,0.8797,15527
04/17/2002,0.8801,0.8887,0.8796,0.8872,9529
04/18/2002,0.8882,0.89,0.8837,0.8881,6081
04/19/2002,0.8889,0.8902,0.8858,0.8896,6687
04/22/2002,0.888,0.8886,0.8848,0.8876,6485
04/23/2002,0.8877,0.8881,0.8842,0.8866,6565
04/24/2002,0.8868,0.8911,0.8856,0.8902,11094
04/25/2002,0.8906,0.8973,0.8897,0.8961,6338
04/26/2002,0.8958,0.9006,0.8943,0.8996,6194
04/29/2002,0.8994,0.9027,0.8991,0.9017,8783
04/30/2002,0.9013,0.9021,0.8974,0.899,10471
05/01/2002,0.8986,0.9068,0.8979,0.9041,7422
05/02/2002,0.9046,0.9058,0.8995,0.901,15797
05/03/2002,0.9012,0.9158,0.901,0.915,5940
05/06/2002,0.9151,0.917,0.912,0.915,9655
05/07/2002,0.9162,0.9174,0.9098,0.9135,12470
05/08/2002,0.913,0.9132,0.902,0.9025,9372
05/09/2002,0.9026,0.9098,0.9026,0.9075,8463
05/10/2002,0.9081,0.9134,0.9073,0.9122,10225
05/13/2002,0.9116,0.9153,0.9084,0.9105,10507
05/14/2002,0.9105,0.9108,0.8998,0.901,18062
05/15/2002,0.9013,0.9113,0.8987,0.9101,10569
05/16/2002,0.91,0.913,0.9075,0.9106,15667
05/17/2002,0.9102,0.9207,0.9101,0.9203,7376
05/20/2002,0.92,0.9218,0.917,0.9212,13738
05/21/2002,0.92,0.921,0.9151,0.919,14521
05/22/2002,0.9186,0.9268,0.9172,0.9252,11328
05/23/2002,0.9247,0.926,0.9172,0.9206,7886
05/24/2002,0.9205,0.9221,0.9156,0.9202,2669
05/27/2002,0.92,0.9213,0.9175,0.9196,12523
05/28/2002,0.9199,0.9299,0.9175,0.9284,15726
05/29/2002,0.9279,0.9362,0.9264,0.9358,14669
05/30/2002,0.9348,0.9407,0.934,0.9381,10671
05/31/2002,0.9366,0.9394,0.9278,0.9317,12960
06/03/2002,0.9323,0.9407,0.9299,0.9372,13973
06/04/2002,0.9405,0.9447,0.9386,0.9408,10674
06/05/2002,0.9386,0.941,0.9347,0.9389,20167
06/06/2002,0.9386,0.9476,0.9333,0.9453,10796
06/07/2002,0.947,0.9487,0.9425,0.9438,5266
06/10/2002,0.9428,0.9483,0.9388,0.9432,4063
06/11/2002,0.9443,0.9492,0.9403,0.947,3645
06/12/2002,0.9481,0.9504,0.9427,0.9444,2238
06/13/2002,0.9437,0.9472,0.9395,0.9418,1715
06/14/2002,0.9392,0.9489,0.9377,0.9416,6818
06/17/2002,0.9408,0.943,0.9374,0.9404,12567
06/18/2002,0.9406,0.9483,0.9398,0.9474,13869
06/19/2002,0.948,0.9542,0.948,0.9527,14579
06/20/2002,0.954,0.963,0.9521,0.9601,16423
06/21/2002,0.9611,0.9682,0.9594,0.9665,21746
06/24/2002,0.9669,0.978,0.9652,0.967,17904
06/25/2002,0.967,0.9766,0.9626,0.9738,30824
06/26/2002,0.976,0.9917,0.9754,0.9825,16312
06/27/2002,0.979,0.987,0.9775,0.9848,22513
06/28/2002,0.9849,0.9956,0.9802,0.9885,11946
07/01/2002,0.9884,0.994,0.9828,0.9842,18416
07/02/2002,0.9885,0.9887,0.9767,0.9804,13103
07/03/2002,0.9833,0.9842,0.9732,0.9779,4364
07/04/2002,0.9775,0.9776,0.9718,0.9755,8704
07/05/2002,0.975,0.9776,0.9686,0.9701,18163
07/08/2002,0.9715,0.9872,0.9712,0.9847,18840
07/09/2002,0.9876,0.9923,0.9841,0.9914,20957
07/10/2002,0.9904,0.9939,0.983,0.9855,17398
07/11/2002,0.9863,0.9913,0.9807,0.9882,12696
07/12/2002,0.9855,0.9897,0.9824,0.9878,24734
07/15/2002,0.9888,1.0062,0.9888,1.0029,19491
07/16/2002,1.0001,1.0121,0.9998,1.0052,18398
07/17/2002,1.0093,1.0134,1.0007,1.0068,10181
07/18/2002,1.0041,1.009,1.0017,1.0073,16823
07/19/2002,1.0088,1.0185,1.008,1.011,20039
07/22/2002,1.0071,1.0109,1.0031,1.0046,25793
07/23/2002,1.0062,1.0066,0.9821,0.9838,20264
07/24/2002,0.986,0.9956,0.9832,0.9937,12542
07/25/2002,0.9935,1.0026,0.99,0.9995,19810
07/26/2002,1.0008,1.0044,0.9839,0.985,10059
07/29/2002,0.9853,0.9867,0.975,0.9785,11468
07/30/2002,0.9788,0.9873,0.9758,0.9821,15626
07/31/2002,0.9811,0.9834,0.9738,0.9749,21640
08/01/2002,0.9754,0.9838,0.9707,0.9817,12769
08/02/2002,0.9828,0.9899,0.9819,0.9848,13135
08/05/2002,0.9849,0.9857,0.9782,0.979,22275
08/06/2002,0.979,0.9791,0.9606,0.9632,15579
08/07/2002,0.9636,0.9747,0.9625,0.9725,11666
08/08/2002,0.973,0.9758,0.9625,0.9641,13602
08/09/2002,0.9655,0.9725,0.964,0.969,14705
08/12/2002,0.969,0.9785,0.9684,0.9774,10182
08/13/2002,0.9775,0.9822,0.9739,0.9801,14041
08/14/2002,0.9814,0.9881,0.9767,0.9807,13676
08/15/2002,0.977,0.9835,0.9734,0.9823,9183
08/16/2002,0.9803,0.9855,0.9773,0.9825,15569
08/19/2002,0.9832,0.986,0.9739,0.9756,11594
08/20/2002,0.975,0.9797,0.9717,0.9778,15272
08/21/2002,0.9779,0.9831,0.9742,0.9785,14362
08/22/2002,0.979,0.9798,0.9666,0.9693,11959
08/23/2002,0.9676,0.9724,0.9647,0.9711,6793
08/26/2002,0.9723,0.9732,0.9676,0.9714,19197
08/27/2002,0.972,0.9832,0.9697,0.9824,6963
08/28/2002,0.9823,0.9826,0.9784,0.9793,14403
08/29/2002,0.9781,0.9883,0.9772,0.9833,6528
08/30/2002,0.9835,0.9857,0.979,0.9802,3490
09/02/2002,0.9817,0.9845,0.9792,0.9845,16963
09/03/2002,0.9833,0.9969,0.9792,0.9959,10546
09/04/2002,0.9967,0.9967,0.9899,0.9907,11816
09/05/2002,0.9916,0.999,0.9883,0.9927,15585
09/06/2002,0.9916,0.995,0.9801,0.9806,4649
09/09/2002,0.981,0.9824,0.9778,0.9784,4235
09/10/2002,0.9793,0.9834,0.9721,0.9748,1473
09/11/2002,0.975,0.9767,0.97,0.9755,2208
09/12/2002,0.9758,0.9821,0.974,0.9815,1150
09/13/2002,0.9779,0.9803,0.9666,0.9688,9678
09/16/2002,0.9681,0.9691,0.9629,0.9673,17421
09/17/2002,0.9656,0.971,0.9571,0.9675,11184
09/18/2002,0.9701,0.9759,0.9651,0.9726,11743
09/19/2002,0.9744,0.9837,0.973,0.981,11347
09/20/2002,0.9836,0.9841,0.9749,0.977,11020
09/23/2002,0.9771,0.9824,0.9716,0.9744,14889
09/24/2002,0.975,0.9803,0.9725,0.9779,14353
09/25/2002,0.9788,0.982,0.972,0.9729,10827
09/26/2002,0.9738,0.9779,0.9685,0.9742,7296
09/27/2002,0.9742,0.9779,0.9717,0.9762,15058
09/30/2002,0.9776,0.9869,0.9775,0.9834,14307
10/01/2002,0.9837,0.9861,0.9793,0.9815,10666
10/02/2002,0.9794,0.984,0.978,0.9815,26823
10/03/2002,0.9836,0.9879,0.9827,0.9838,18287
10/04/2002,0.9849,0.986,0.9753,0.9769,9749
10/07/2002,0.9769,0.981,0.9751,0.9793,18853
10/08/2002,0.9804,0.9817,0.9736,0.9744,43649
10/09/2002,0.9764,0.9887,0.9754,0.9876,12375
10/10/2002,0.9875,0.9901,0.9821,0.9835,6668
10/11/2002,0.9837,0.9854,0.9808,0.9835,2986
10/14/2002,0.9846,0.9864,0.983,0.9835,16008
10/15/2002,0.9843,0.987,0.9766,0.978,5522
10/16/2002,0.979,0.981,0.9776,0.9793,26067
10/17/2002,0.9795,0.9795,0.9672,0.9694,8005
10/18/2002,0.968,0.972,0.9675,0.9694,19227
10/21/2002,0.9698,0.9742,0.9666,0.9718,35758
10/22/2002,0.9713,0.978,0.9699,0.9764,45001
10/23/2002,0.976,0.9775,0.9726,0.9744,54129
10/24/2002,0.9734,0.9763,0.9705,0.9752,6840
10/25/2002,0.9763,0.9775,0.9737,0.9747,27354
10/28/2002,0.9745,0.9827,0.9708,0.9821,37055
10/29/2002,0.9823,0.9846,0.9787,0.9826,41987
10/30/2002,0.981,0.9832,0.9796,0.9826,54951
10/31/2002,0.9821,0.989,0.9815,0.9871,70858
11/01/2002,0.9886,0.9985,0.9872,0.9946,8974
11/04/2002,0.9952,0.9961,0.9913,0.9953,14186
11/05/2002,0.9963,1.0024,0.9954,0.9977,25390
11/06/2002,0.998,1.0032,0.9923,1.0008,16502
11/07/2002,1.002,1.0079,0.9967,1.0073,9787
11/08/2002,1.0075,1.0129,1.0057,1.0112,8528
11/11/2002,1.0108,1.0153,1.0076,1.0112,17368
11/12/2002,1.0086,1.0118,1.0048,1.0097,16089
11/13/2002,1.0106,1.0111,1.0028,1.005,18110
11/14/2002,1.0066,1.0085,1.0014,1.0041,11577
11/15/2002,1.0028,1.0083,0.9997,1.0073,7624
11/18/2002,1.008,1.0105,1.0047,1.0071,17570
11/19/2002,1.0076,1.0128,0.9993,1.0016,0
11/20/2002,1.0015,1.0031,0.9978,1.0004,23331
11/21/2002,1,1.0031,0.9967,0.9998,10878
11/22/2002,1.0011,1.0022,0.995,0.9959,11755
11/25/2002,0.9955,0.996,0.9882,0.9899,8268
11/26/2002,0.991,0.9928,0.9885,0.9914,20568
11/27/2002,0.9925,0.993,0.9866,0.99,4584
11/29/2002,0.9932,0.9951,0.9885,0.9935,23605
12/02/2002,0.9935,0.9976,0.9854,0.9965,7966
12/03/2002,0.9961,0.9996,0.9945,0.995,13199
12/04/2002,0.9966,1.0025,0.9959,0.9992,7293
12/05/2002,1.0003,1.0022,0.9967,1,20908
12/06/2002,0.9999,1.0127,0.9999,1.0088,3898
12/09/2002,1.0097,1.0117,1.0064,1.0095,6949
12/10/2002,1.0107,1.0138,1.0069,1.0089,8623
12/11/2002,1.0073,1.0098,1.0059,1.0078,10668
12/12/2002,1.008,1.0193,1.0075,1.0184,12586
12/13/2002,1.0144,1.022,1.0134,1.0184,9908
12/16/2002,1.0192,1.0209,1.0156,1.0183,33221
12/17/2002,1.0185,1.0296,1.0179,1.0246,43607
12/18/2002,1.0241,1.0247,1.0188,1.0222,16133
12/19/2002,1.0238,1.0251,1.0168,1.023,5938
12/20/2002,1.0235,1.0238,1.0206,1.0231,14418
12/23/2002,1.0231,1.0282,1.018,1.0222,19402
12/24/2002,1.023,1.0291,1.0221,1.027,3399
12/26/2002,1.0306,1.0344,1.0296,1.0338,10562
12/27/2002,1.0343,1.0408,1.0325,1.0406,9089
12/30/2002,1.0391,1.046,1.0379,1.0447,4328
12/31/2002,1.0448,1.0472,1.0422,1.0471,15166
01/02/2003,1.0444,1.0444,1.0305,1.033,26132
01/03/2003,1.0326,1.0404,1.031,1.0383,9334
01/06/2003,1.0392,1.0465,1.0387,1.0442,11772
01/07/2003,1.0427,1.0429,1.0367,1.0384,32634
01/08/2003,1.0378,1.0505,1.0332,1.0461,47204
01/09/2003,1.0468,1.0514,1.0434,1.0457,60486
01/10/2003,1.046,1.0557,1.0447,1.0556,12037
01/13/2003,1.0552,1.0555,1.0496,1.0521,13649
01/14/2003,1.0512,1.0572,1.0509,1.0541,35349
01/15/2003,1.0524,1.0568,1.0477,1.052,12904
01/16/2003,1.0531,1.0603,1.0521,1.0593,24749
01/17/2003,1.0593,1.0654,1.058,1.0629,13217
01/21/2003,1.0658,1.0709,1.0607,1.0692,25003
01/22/2003,1.0699,1.0715,1.0661,1.0693,37635
01/23/2003,1.0705,1.0755,1.0686,1.0735,57437
01/24/2003,1.0723,1.0828,1.0717,1.0815,22289
01/27/2003,1.0812,1.0885,1.0759,1.0832,34399
01/28/2003,1.0827,1.0827,1.0761,1.0798,51867
01/29/2003,1.0804,1.0879,1.0786,1.081,69237
01/30/2003,1.0814,1.082,1.0711,1.0786,19933
01/31/2003,1.0801,1.0816,1.0704,1.0736,20206
02/03/2003,1.0767,1.0774,1.0674,1.0749,24654
02/04/2003,1.0771,1.0889,1.0749,1.0859,54068
02/05/2003,1.0864,1.0919,1.072,1.0786,19957
02/06/2003,1.0767,1.0848,1.0749,1.0816,48046
02/07/2003,1.0814,1.0822,1.0715,1.0815,19600
02/10/2003,1.0811,1.0814,1.0711,1.0732,27680
02/11/2003,1.0711,1.0746,1.065,1.0718,21233
02/12/2003,1.0721,1.0755,1.0688,1.0705,45028
02/13/2003,1.0705,1.0845,1.0691,1.0825,15055
02/14/2003,1.0822,1.0839,1.075,1.0762,14321
02/18/2003,1.076,1.0763,1.0663,1.0674,16346
02/19/2003,1.0674,1.0754,1.0656,1.0747,25143
02/20/2003,1.0737,1.0824,1.0733,1.0813,17212
02/21/2003,1.0811,1.0837,1.074,1.0756,23334
02/24/2003,1.0716,1.0796,1.0701,1.0782,17738
02/25/2003,1.079,1.0812,1.0733,1.0756,36837
02/26/2003,1.0752,1.0803,1.0723,1.0783,59315
02/27/2003,1.0781,1.083,1.0728,1.076,17597
02/28/2003,1.0736,1.0801,1.0729,1.0795,18898
03/03/2003,1.0772,1.0894,1.0763,1.0879,38272
03/04/2003,1.089,1.0931,1.0871,1.0873,23266
03/05/2003,1.0919,1.0997,1.0915,1.0968,47360
03/06/2003,1.096,1.1007,1.0922,1.0969,69094
03/07/2003,1.0967,1.1064,1.0963,1.1008,8622
03/10/2003,1.1011,1.1064,1.1,1.1042,17323
03/11/2003,1.1051,1.1082,1.1004,1.1027,6307
03/12/2003,1.1036,1.1055,1.098,1.1,7106
03/13/2003,1.1,1.1,1.0776,1.0807,10928
03/14/2003,1.075,1.0784,1.0651,1.0707,23706
03/17/2003,1.0752,1.0809,1.0553,1.0602,19728
03/18/2003,1.0595,1.0617,1.0507,1.0596,34601
03/19/2003,1.064,1.064,1.0519,1.0531,50050
03/20/2003,1.0522,1.0642,1.048,1.0584,63597
03/21/2003,1.0586,1.0587,1.047,1.05,17807
03/24/2003,1.0555,1.0645,1.0536,1.0614,15602
03/25/2003,1.0613,1.0691,1.0602,1.0621,29924
03/26/2003,1.0628,1.0673,1.0593,1.0652,43036
03/27/2003,1.0665,1.0715,1.0644,1.0655,16943
03/28/2003,1.0658,1.0772,1.0641,1.0751,25933
03/31/2003,1.0757,1.0903,1.0753,1.0868,41579
04/01/2003,1.0886,1.0894,1.0836,1.086,31294
04/02/2003,1.0893,1.0931,1.0722,1.0729,61498
04/03/2003,1.0741,1.0766,1.0658,1.0704,81244
04/04/2003,1.0736,1.0741,1.0656,1.0702,25205
04/07/2003,1.0645,1.0676,1.0534,1.0628,43581
04/08/2003,1.0668,1.0697,1.0618,1.0684,74731
04/09/2003,1.068,1.0758,1.065,1.0736,19819
04/10/2003,1.0748,1.0806,1.0736,1.0769,19885
04/11/2003,1.0759,1.0766,1.067,1.0727,16471
04/14/2003,1.0712,1.0787,1.0693,1.0754,35604
04/15/2003,1.075,1.0797,1.0713,1.079,22724
04/16/2003,1.0779,1.0899,1.0763,1.0887,39517
04/17/2003,1.0888,1.0938,1.0846,1.0859,11036
04/21/2003,1.0882,1.0885,1.0801,1.0843,23357
04/22/2003,1.0846,1.0983,1.0829,1.0948,13700
04/23/2003,1.0953,1.0962,1.09,1.0942,38325
04/24/2003,1.0946,1.1028,1.0926,1.1005,24336
04/25/2003,1.1014,1.1032,1.0942,1.1005,22459
04/28/2003,1.1014,1.1059,1.0957,1.0962,30352
04/29/2003,1.0967,1.1067,1.0915,1.1049,24595
04/30/2003,1.1063,1.1172,1.1046,1.1159,16489
05/01/2003,1.1164,1.1252,1.1138,1.121,38994
05/02/2003,1.1216,1.1256,1.1171,1.1211,22467
05/05/2003,1.1204,1.1288,1.119,1.1264,47138
05/06/2003,1.1275,1.144,1.1262,1.1404,31877
05/07/2003,1.1416,1.1428,1.1313,1.1358,61786
05/08/2003,1.1342,1.1492,1.1293,1.1482,23936
05/09/2003,1.1476,1.1522,1.1424,1.1475,23058
05/12/2003,1.1539,1.161,1.1512,1.1544,24130
05/13/2003,1.1546,1.1554,1.1448,1.1502,26074
05/14/2003,1.1517,1.1526,1.1456,1.1492,21899
05/15/2003,1.147,1.1476,1.1365,1.1388,27675
05/16/2003,1.1377,1.1582,1.1352,1.1565,33483
05/19/2003,1.164,1.1728,1.161,1.164,25147
05/20/2003,1.1642,1.1706,1.1593,1.17,22122
05/21/2003,1.1705,1.1735,1.1627,1.166,20023
05/22/2003,1.1626,1.1721,1.1612,1.1688,20447
05/23/2003,1.1685,1.1827,1.1656,1.1793,28747
05/27/2003,1.1851,1.1928,1.1794,1.185,38415
05/28/2003,1.1812,1.1839,1.17,1.1754,39710
05/29/2003,1.1753,1.1905,1.1685,1.1863,25895
05/30/2003,1.1901,1.191,1.1737,1.1783,30492
06/02/2003,1.1723,1.1766,1.1646,1.1754,27762
06/03/2003,1.176,1.1776,1.1682,1.1743,23357
06/04/2003,1.1727,1.1747,1.163,1.1683,39377
06/05/2003,1.1638,1.1888,1.1629,1.1842,72284
06/06/2003,1.1842,1.188,1.1681,1.1698,13048
06/09/2003,1.1699,1.1787,1.1657,1.1738,20341
06/10/2003,1.1716,1.1739,1.1669,1.1677,25972
06/11/2003,1.1672,1.178,1.1659,1.1757,30834
06/12/2003,1.1744,1.1808,1.1705,1.1763,34521
06/13/2003,1.1734,1.1844,1.1704,1.1835,21972
06/16/2003,1.1843,1.1896,1.1785,1.1806,23507
06/17/2003,1.1795,1.1834,1.1735,1.1767,26645
06/18/2003,1.1757,1.1769,1.1632,1.1657,65980
06/19/2003,1.1657,1.171,1.1552,1.1678,95917
06/20/2003,1.1687,1.1701,1.152,1.155,24389
06/23/2003,1.1545,1.1577,1.1475,1.1521,47980
06/24/2003,1.1527,1.1553,1.1446,1.1477,70481
06/25/2003,1.1482,1.1593,1.1463,1.1507,25471
06/26/2003,1.1501,1.1522,1.1389,1.1402,46513
06/27/2003,1.1402,1.1442,1.1362,1.1392,70587
06/30/2003,1.1406,1.1494,1.1376,1.1469,26050
07/01/2003,1.1485,1.1585,1.1484,1.1536,42803
07/02/2003,1.154,1.1545,1.1482,1.1519,65512
07/03/2003,1.1517,1.1517,1.141,1.1461,26791
07/07/2003,1.1457,1.1457,1.1291,1.13,50143
07/08/2003,1.1295,1.133,1.1236,1.1281,67109
07/09/2003,1.1299,1.1344,1.1285,1.1317,22017
07/10/2003,1.1331,1.1371,1.1289,1.1366,40103
07/11/2003,1.1355,1.1368,1.1252,1.1291,15743
07/14/2003,1.1271,1.1289,1.1221,1.126,34933
07/15/2003,1.1258,1.1317,1.1135,1.1175,66085
07/16/2003,1.1156,1.1214,1.1093,1.1191,92338
07/17/2003,1.12,1.1232,1.1137,1.1194,119953
07/18/2003,1.1194,1.1288,1.1154,1.1269,23953
07/21/2003,1.1239,1.1339,1.1226,1.1326,20493
07/22/2003,1.1326,1.1355,1.129,1.1312,49717
07/23/2003,1.1315,1.1473,1.13,1.1445,75073
07/24/2003,1.1468,1.1495,1.1408,1.1449,99246
07/25/2003,1.1461,1.1534,1.1429,1.1492,120309
07/28/2003,1.1486,1.1504,1.1437,1.1487,30970
07/29/2003,1.1475,1.1525,1.1415,1.1447,28061
07/30/2003,1.1425,1.1435,1.132,1.1344,27978
07/31/2003,1.1341,1.1348,1.121,1.1226,28375
08/01/2003,1.1219,1.1262,1.1121,1.1248,19108
08/04/2003,1.1268,1.1361,1.1247,1.1339,47254
08/05/2003,1.1345,1.1391,1.1288,1.1335,23913
08/06/2003,1.1378,1.1413,1.1312,1.1332,24431
08/07/2003,1.1325,1.1405,1.1308,1.1357,22508
08/08/2003,1.1365,1.1369,1.127,1.1282,26428
08/11/2003,1.1292,1.1369,1.1254,1.1349,22218
08/12/2003,1.135,1.1364,1.1265,1.1299,30265
08/13/2003,1.1263,1.1321,1.121,1.13,54775
08/14/2003,1.1304,1.1332,1.1217,1.1237,8831
08/15/2003,1.127,1.1279,1.1233,1.1242,23690
08/18/2003,1.1257,1.126,1.1116,1.1142,36161
08/19/2003,1.1138,1.1142,1.1042,1.1136,22044
08/20/2003,1.1137,1.1139,1.1073,1.1113,75172
08/21/2003,1.1104,1.1113,1.0876,1.092,29766
08/22/2003,1.0914,1.0941,1.083,1.0878,23841
08/25/2003,1.0852,1.0913,1.084,1.0875,62286
08/26/2003,1.0857,1.0903,1.0786,1.0878,22331
08/27/2003,1.0852,1.0925,1.0827,1.0876,32996
08/28/2003,1.0873,1.0909,1.0807,1.0863,24192
08/29/2003,1.0883,1.0994,1.0868,1.0966,30963
09/02/2003,1.0957,1.1011,1.0801,1.082,37129
09/03/2003,1.0806,1.0868,1.0759,1.0838,66205
09/04/2003,1.0845,1.0946,1.0805,1.0922,106084
09/05/2003,1.0943,1.1111,1.0911,1.1103,15059
09/08/2003,1.1094,1.1127,1.1045,1.1093,27557
09/09/2003,1.1069,1.1238,1.1055,1.1222,10487
09/10/2003,1.123,1.1236,1.1162,1.1211,19494
09/11/2003,1.1205,1.1273,1.1155,1.1199,23694
09/12/2003,1.1173,1.1296,1.1106,1.1257,19679
09/15/2003,1.1228,1.128,1.1216,1.1272,26629
09/16/2003,1.1258,1.129,1.1128,1.1144,35119
09/17/2003,1.1149,1.1272,1.1112,1.1271,72330
09/18/2003,1.1256,1.1317,1.12,1.1215,31466
09/19/2003,1.122,1.1356,1.1212,1.1328,0
09/22/2003,1.1352,1.1478,1.1352,1.1457,33405
09/23/2003,1.1435,1.15,1.1411,1.1439,28134
09/24/2003,1.1422,1.1478,1.14,1.1458,24694
09/25/2003,1.1469,1.1511,1.1433,1.146,28402
09/26/2003,1.1462,1.1475,1.1413,1.1445,19112
09/29/2003,1.143,1.1578,1.1372,1.156,43813
09/30/2003,1.1588,1.1714,1.1549,1.162,41117
10/01/2003,1.1639,1.1707,1.1621,1.1687,25486
10/02/2003,1.1704,1.1746,1.1639,1.1667,31749
10/03/2003,1.1666,1.1699,1.1529,1.1537,40479
10/06/2003,1.1549,1.1699,1.151,1.1677,28649
10/07/2003,1.1688,1.1791,1.1676,1.175,38670
10/08/2003,1.1749,1.1817,1.1743,1.178,32864
10/09/2003,1.1796,1.184,1.1663,1.1719,42906
10/10/2003,1.1725,1.1829,1.1683,1.1784,0
10/14/2003,1.1691,1.1747,1.1562,1.1715,52071
10/15/2003,1.1713,1.1725,1.157,1.163,35668
10/16/2003,1.1599,1.1677,1.1552,1.1584,38194
10/17/2003,1.1578,1.1666,1.1528,1.1634,41308
10/20/2003,1.1676,1.1688,1.1583,1.1641,31429
10/21/2003,1.161,1.1682,1.16,1.1633,27502
10/22/2003,1.1651,1.1809,1.1633,1.179,37773
10/23/2003,1.1788,1.183,1.174,1.1767,29935
10/24/2003,1.178,1.1842,1.1746,1.1797,28313
10/27/2003,1.1757,1.1767,1.1704,1.1726,28202
10/28/2003,1.172,1.1728,1.1642,1.1669,29915
10/29/2003,1.1659,1.1706,1.1645,1.1657,28036
10/30/2003,1.1651,1.1743,1.1604,1.1616,46598
10/31/2003,1.1611,1.1643,1.1551,1.1559,32630
11/03/2003,1.1564,1.1607,1.1414,1.1447,43194
11/04/2003,1.145,1.1499,1.1416,1.1482,27545
11/05/2003,1.1482,1.1485,1.14,1.1427,40589
11/06/2003,1.1428,1.1454,1.1372,1.1401,31681
11/07/2003,1.1401,1.1533,1.1365,1.152,45848
11/10/2003,1.1494,1.1524,1.1455,1.1481,24827
11/11/2003,1.1459,1.1519,1.1435,1.1481,17520
11/12/2003,1.1501,1.1652,1.1495,1.1621,41071
11/13/2003,1.1621,1.1731,1.162,1.1721,42130
11/14/2003,1.1723,1.1795,1.172,1.1759,40368
11/17/2003,1.1813,1.184,1.1718,1.1757,36266
11/18/2003,1.1742,1.1969,1.1726,1.1944,56693
11/19/2003,1.1954,1.197,1.1865,1.1875,47447
11/20/2003,1.1882,1.1963,1.1875,1.1903,40925
11/21/2003,1.1903,1.1933,1.1851,1.1909,25229
11/24/2003,1.1901,1.191,1.1753,1.1762,33975
11/25/2003,1.1765,1.1814,1.1747,1.1778,34063
11/26/2003,1.1787,1.1943,1.1764,1.1916,0
11/28/2003,1.1906,1.201,1.188,1.1984,25922
12/01/2003,1.1991,1.2037,1.1932,1.1968,38361
12/02/2003,1.1966,1.2087,1.1939,1.2077,47517
12/03/2003,1.2099,1.2126,1.2061,1.2097,27638
12/04/2003,1.211,1.2157,1.2025,1.2097,53401
12/05/2003,1.2081,1.2174,1.2062,1.2162,46999
12/08/2003,1.2162,1.2237,1.2145,1.2219,29256
12/09/2003,1.223,1.2274,1.2185,1.2236,21551
12/10/2003,1.2249,1.2266,1.2152,1.2217,15135
12/11/2003,1.2217,1.2233,1.2114,1.2215,13073
12/12/2003,1.2194,1.2276,1.2178,1.2263,0
12/15/2003,1.2125,1.2294,1.2115,1.2269,0
12/16/2003,1.2283,1.233,1.227,1.23,0
12/17/2003,1.2301,1.2394,1.2266,1.237,0
12/18/2003,1.2372,1.241,1.2331,1.2396,0
12/19/2003,1.2394,1.2404,1.2314,1.2358,0
12/22/2003,1.2335,1.2419,1.232,1.2379,0
12/23/2003,1.2375,1.24,1.2358,1.2364,0
12/24/2003,1.2373,1.2444,1.2369,1.2426,0
12/26/2003,1.2422,1.2436,1.24,1.2408,0
12/29/2003,1.2404,1.2484,1.24,1.2464,0
12/30/2003,1.2462,1.2535,1.2453,1.2519,0
12/31/2003,1.2524,1.2623,1.2489,1.2534,0
01/02/2004,1.2583,1.2595,1.2538,1.2576,0
01/05/2004,1.2607,1.2672,1.2601,1.265,0
01/06/2004,1.265,1.2788,1.2644,1.2737,0
01/07/2004,1.2705,1.2719,1.2603,1.2622,0
01/08/2004,1.2606,1.2758,1.2537,1.2739,0
01/09/2004,1.2749,1.2847,1.2679,1.2818,0
01/12/2004,1.2827,1.2875,1.2711,1.2729,0
01/13/2004,1.2716,1.2775,1.2688,1.2728,0
01/14/2004,1.2746,1.2766,1.2608,1.2646,0
01/15/2004,1.2627,1.2653,1.2541,1.2558,0
01/16/2004,1.2562,1.2588,1.2332,1.2357,0
01/20/2004,1.2341,1.2578,1.2315,1.2546,0
01/21/2004,1.2574,1.2655,1.2531,1.2611,0
01/22/2004,1.2615,1.2734,1.2615,1.269,0
01/23/2004,1.271,1.2758,1.2546,1.258,0
01/26/2004,1.2564,1.2597,1.244,1.2453,0
01/27/2004,1.2445,1.2639,1.2422,1.2613,0
01/28/2004,1.2624,1.2629,1.2446,1.2494,0
01/29/2004,1.241,1.252,1.2347,1.2387,0
01/30/2004,1.2392,1.2479,1.2335,1.2448,0
02/02/2004,1.2471,1.2472,1.2375,1.2394,0
02/03/2004,1.2425,1.2585,1.2401,1.2533,0
02/04/2004,1.2532,1.2565,1.2462,1.252,0
02/05/2004,1.2527,1.2625,1.2507,1.2525,0
02/06/2004,1.2542,1.2714,1.25,1.268,0
02/09/2004,1.2615,1.275,1.2612,1.2674,0
02/10/2004,1.2686,1.2777,1.2655,1.2694,0
02/11/2004,1.2669,1.2825,1.2623,1.2799,0
02/12/2004,1.2831,1.2837,1.2776,1.2783,0
02/13/2004,1.2808,1.2886,1.2705,1.2725,0
02/17/2004,1.2756,1.2868,1.2708,1.2828,0
02/18/2004,1.284,1.2919,1.2652,1.2696,0
02/19/2004,1.269,1.2728,1.2639,1.2692,0
02/20/2004,1.2727,1.276,1.2487,1.2507,0
02/23/2004,1.2507,1.2589,1.2442,1.2531,0
02/24/2004,1.2555,1.2707,1.2517,1.268,0
02/25/2004,1.2676,1.27,1.2469,1.2488,0
02/26/2004,1.2491,1.251,1.2377,1.2432,0
02/27/2004,1.243,1.2505,1.2365,1.2489,0
03/01/2004,1.249,1.2536,1.242,1.2441,0
03/02/2004,1.2457,1.2458,1.219,1.2225,0
03/03/2004,1.2211,1.2215,1.2052,1.219,0
03/04/2004,1.219,1.2239,1.213,1.219,0
03/05/2004,1.2189,1.2432,1.2161,1.2371,0
03/08/2004,1.2379,1.2418,1.2336,1.2389,0
03/09/2004,1.24,1.2456,1.2273,1.2348,0
03/10/2004,1.231,1.235,1.2194,1.2231,0
03/11/2004,1.2223,1.2385,1.2164,1.2316,0
03/12/2004,1.2317,1.2329,1.2143,1.2192,54410
03/15/2004,1.2186,1.2288,1.2176,1.2232,47890
03/16/2004,1.2236,1.2343,1.22,1.2237,53116
03/17/2004,1.224,1.226,1.2146,1.2212,55644
03/18/2004,1.2205,1.2401,1.2193,1.2346,71620
03/19/2004,1.2359,1.238,1.2228,1.2249,49025
03/22/2004,1.225,1.2375,1.2195,1.2306,42278
03/23/2004,1.2318,1.2343,1.2238,1.2295,47349
03/24/2004,1.2324,1.2349,1.2092,1.2102,69664
03/25/2004,1.2095,1.2178,1.2072,1.211,43801
03/26/2004,1.2096,1.2187,1.2046,1.2092,52034
03/29/2004,1.2105,1.2147,1.2025,1.2118,36524
03/30/2004,1.2139,1.2209,1.2127,1.215,36249
03/31/2004,1.2156,1.23,1.2149,1.228,54028
04/01/2004,1.2289,1.2366,1.2231,1.2327,57720
04/02/2004,1.2339,1.2345,1.2077,1.2111,57628
04/05/2004,1.2088,1.2106,1.1962,1.1989,63282
04/06/2004,1.1989,1.211,1.1959,1.2072,46661
04/07/2004,1.2119,1.2193,1.2029,1.2155,63117
04/08/2004,1.215,1.2198,1.2041,1.2056,52234
04/12/2004,1.2059,1.208,1.2031,1.205,12798
04/13/2004,1.2057,1.2062,1.1885,1.1923,47518
04/14/2004,1.1917,1.1952,1.1848,1.1939,60735
04/15/2004,1.1935,1.1974,1.186,1.196,58222
04/16/2004,1.1962,1.2029,1.1902,1.1971,54756
04/19/2004,1.2,1.2063,1.1982,1.1997,37461
04/20/2004,1.199,1.1993,1.1823,1.1889,56782
04/21/2004,1.1832,1.19,1.1797,1.1817,60703
04/22/2004,1.1817,1.1898,1.1764,1.1875,56285
04/23/2004,1.1891,1.1928,1.1781,1.1822,53652
04/26/2004,1.1796,1.187,1.1745,1.1862,43175
04/27/2004,1.1843,1.1933,1.1816,1.1919,58280
04/28/2004,1.1909,1.1939,1.1806,1.1825,57758
04/29/2004,1.1831,1.197,1.1788,1.1948,76324
04/30/2004,1.1951,1.1998,1.1906,1.1969,49789
05/03/2004,1.1988,1.1988,1.1906,1.1926,36437
05/04/2004,1.1928,1.2106,1.1914,1.2077,67990
05/05/2004,1.2093,1.2178,1.2084,1.2156,56457
05/06/2004,1.2149,1.2162,1.205,1.2066,53008
05/07/2004,1.206,1.2137,1.1864,1.1881,76911
05/10/2004,1.1865,1.1883,1.18,1.1853,47844
05/11/2004,1.1818,1.1879,1.1778,1.1851,38064
05/12/2004,1.1856,1.1931,1.1824,1.1898,44551
05/13/2004,1.1895,1.1919,1.1761,1.1811,46572
05/14/2004,1.1796,1.1895,1.1752,1.1871,62490
05/17/2004,1.1881,1.2054,1.187,1.1999,66478
05/18/2004,1.2012,1.2031,1.1921,1.1935,50996
05/19/2004,1.1944,1.2036,1.1929,1.2006,35656
05/20/2004,1.2009,1.2011,1.1886,1.1912,39123
05/21/2004,1.1957,1.2064,1.1945,1.1999,49179
05/24/2004,1.1988,1.2017,1.1925,1.2008,35227
05/25/2004,1.2001,1.2125,1.1979,1.2099,50564
05/26/2004,1.21,1.2139,1.2071,1.2107,42944
05/27/2004,1.2103,1.2283,1.2083,1.2268,44976
05/28/2004,1.2265,1.229,1.2196,1.221,41762
05/31/2004,1.223,1.224,1.2175,1.2185,0
06/01/2004,1.2185,1.2262,1.2151,1.2222,52764
06/02/2004,1.2239,1.2302,1.2202,1.2221,49752
06/03/2004,1.2207,1.225,1.2165,1.2213,53582
06/04/2004,1.2218,1.2296,1.213,1.2288,71143
06/07/2004,1.2288,1.2337,1.2284,1.2311,33681
06/08/2004,1.2321,1.235,1.2243,1.2262,32315
06/09/2004,1.2257,1.2273,1.2034,1.2043,47930
06/10/2004,1.2025,1.2117,1.2024,1.2104,0
06/11/2004,1.2092,1.2094,1.1946,1.2085,15411
06/14/2004,1.1973,1.2069,1.1936,1.2043,52890
06/15/2004,1.2037,1.215,1.2012,1.2146,76138
06/16/2004,1.2144,1.215,1.1961,1.1985,71969
06/17/2004,1.199,1.2062,1.1976,1.2045,59451
06/18/2004,1.2027,1.2129,1.1955,1.2121,59938
06/21/2004,1.2122,1.2128,1.2058,1.2086,42846
06/22/2004,1.2093,1.2114,1.2044,1.2078,47600
06/23/2004,1.21,1.2177,1.2048,1.2071,46837
06/24/2004,1.2078,1.2173,1.2025,1.215,53368
06/25/2004,1.2158,1.2173,1.2091,1.2141,42936
06/28/2004,1.2155,1.2214,1.2107,1.217,55380
06/29/2004,1.217,1.2176,1.2054,1.2066,59786
06/30/2004,1.2063,1.2195,1.2051,1.2178,65904
07/01/2004,1.2173,1.2195,1.2118,1.2158,44091
07/02/2004,1.2141,1.2313,1.2125,1.2309,54440
07/05/2004,1.2311,1.2322,1.2256,1.2273,10543
07/06/2004,1.2273,1.2322,1.2248,1.2292,48081
07/07/2004,1.2278,1.2375,1.2259,1.2353,55008
07/08/2004,1.2355,1.2393,1.2315,1.238,48029
07/09/2004,1.2375,1.2409,1.2356,1.2392,38408
07/12/2004,1.2399,1.2423,1.2371,1.2389,36553
07/13/2004,1.2393,1.2399,1.2287,1.2319,68003
07/14/2004,1.2321,1.2409,1.2305,1.2382,54876
07/15/2004,1.2371,1.239,1.2315,1.2326,45877
07/16/2004,1.2342,1.2449,1.2313,1.2436,57551
07/19/2004,1.2437,1.2449,1.2386,1.2423,37077
07/20/2004,1.243,1.2443,1.2291,1.2321,59952
07/21/2004,1.232,1.2339,1.22,1.2227,78480
07/22/2004,1.2263,1.2284,1.2222,1.2231,55767
07/23/2004,1.2242,1.2257,1.2076,1.2088,75719
07/26/2004,1.2094,1.2161,1.2079,1.2131,45878
07/27/2004,1.2134,1.218,1.2026,1.2033,78071
07/28/2004,1.2046,1.207,1.199,1.205,88658
07/29/2004,1.2045,1.2088,1.1981,1.2028,83538
07/30/2004,1.2031,1.2112,1.1994,1.2007,78100
08/02/2004,1.2042,1.2085,1.2017,1.2028,43582
08/03/2004,1.2016,1.2069,1.1985,1.2043,54120
08/04/2004,1.2044,1.2061,1.1959,1.2033,77943
08/05/2004,1.2045,1.2067,1.2015,1.2056,43635
08/06/2004,1.205,1.2284,1.2037,1.2269,82430
08/09/2004,1.2277,1.2284,1.2238,1.227,32814
08/10/2004,1.2267,1.2312,1.222,1.2225,49250
08/11/2004,1.2224,1.2242,1.219,1.221,49687
08/12/2004,1.2217,1.2309,1.221,1.2254,64347
08/13/2004,1.2244,1.237,1.2171,1.2366,74750
08/16/2004,1.237,1.2378,1.2311,1.2351,48485
08/17/2004,1.2353,1.2385,1.2304,1.2338,55946
08/18/2004,1.2348,1.2361,1.228,1.2323,60378
08/19/2004,1.2329,1.2375,1.2329,1.2364,46460
08/20/2004,1.2368,1.2379,1.2275,1.2303,53197
08/23/2004,1.2303,1.2313,1.2128,1.2141,66960
08/24/2004,1.2139,1.2163,1.2057,1.2071,64452
08/25/2004,1.2074,1.2113,1.2048,1.2085,55123
08/26/2004,1.2085,1.2118,1.204,1.2102,56908
08/27/2004,1.2104,1.2133,1.2002,1.202,67158
08/30/2004,1.2013,1.2067,1.1985,1.2048,40048
08/31/2004,1.2051,1.2193,1.2041,1.2169,69903
09/01/2004,1.2177,1.2219,1.2143,1.2186,57759
09/02/2004,1.219,1.22,1.214,1.2157,46713
09/03/2004,1.2166,1.2197,1.204,1.2066,72985
09/06/2004,1.2064,1.2078,1.2046,1.2067,8271
09/07/2004,1.2068,1.2111,1.2046,1.2107,32755
09/08/2004,1.2099,1.2191,1.2025,1.2187,36981
09/09/2004,1.218,1.2214,1.2158,1.2191,14827
09/10/2004,1.2223,1.2302,1.2171,1.2259,61531
09/13/2004,1.2257,1.2279,1.2215,1.2251,33654
09/14/2004,1.2251,1.2288,1.2218,1.2249,71891
09/15/2004,1.2244,1.2253,1.2126,1.2149,87062
09/16/2004,1.2143,1.2191,1.2113,1.2182,76324
09/17/2004,1.2178,1.2216,1.2151,1.2174,44521
09/20/2004,1.2178,1.2178,1.2118,1.2162,39543
09/21/2004,1.2165,1.2341,1.2162,1.2312,73758
09/22/2004,1.2328,1.2328,1.2218,1.2253,72921
09/23/2004,1.2256,1.233,1.2247,1.2261,77477
09/24/2004,1.2262,1.2358,1.2233,1.2257,89076
09/27/2004,1.2275,1.231,1.2243,1.2285,43718
09/28/2004,1.2294,1.2347,1.2277,1.232,64647
09/29/2004,1.2322,1.2338,1.2284,1.2323,65089
09/30/2004,1.2328,1.2439,1.231,1.2432,84767
10/01/2004,1.2426,1.2433,1.2381,1.2406,45813
10/04/2004,1.2395,1.2396,1.2253,1.2287,68026
10/05/2004,1.2282,1.2326,1.226,1.2324,53314
10/06/2004,1.2308,1.2319,1.2243,1.2271,63686
10/07/2004,1.2278,1.2311,1.227,1.2289,41074
10/08/2004,1.2284,1.243,1.2272,1.2413,84143
10/11/2004,1.2419,1.2419,1.2368,1.2413,20464
10/12/2004,1.2381,1.2387,1.2284,1.2317,58388
10/13/2004,1.2325,1.2355,1.2219,1.2334,92553
10/14/2004,1.2336,1.2418,1.2318,1.2395,78433
10/15/2004,1.2382,1.2504,1.2374,1.2472,92442
10/18/2004,1.2471,1.2533,1.2458,1.2499,60411
10/19/2004,1.2489,1.2526,1.2451,1.2516,71117
10/20/2004,1.2513,1.2627,1.2497,1.2584,83221
10/21/2004,1.258,1.265,1.2569,1.2622,74434
10/22/2004,1.2611,1.2685,1.2596,1.2646,63876
10/25/2004,1.2711,1.2828,1.2709,1.2794,87003
10/26/2004,1.2804,1.284,1.2724,1.275,75018
10/27/2004,1.275,1.2812,1.2694,1.2702,126058
10/28/2004,1.2699,1.2764,1.263,1.2729,107832
10/29/2004,1.274,1.2797,1.2705,1.2787,95217
11/01/2004,1.2813,1.2832,1.2716,1.2743,75133
11/02/2004,1.2751,1.2753,1.2663,1.2687,57968
11/03/2004,1.274,1.2829,1.2656,1.2817,112060
11/04/2004,1.2824,1.2898,1.2791,1.286,89690
11/05/2004,1.287,1.2973,1.276,1.2946,142488
11/08/2004,1.2964,1.2987,1.2905,1.2912,79202
11/09/2004,1.2912,1.2939,1.2882,1.2897,69195
11/10/2004,1.2896,1.3003,1.2847,1.2888,148707
11/11/2004,1.2888,1.2919,1.2858,1.2888,40417
11/12/2004,1.2906,1.2989,1.2875,1.2985,100429
11/15/2004,1.297,1.2999,1.2916,1.2943,67106
11/16/2004,1.2947,1.2996,1.292,1.2966,84536
11/17/2004,1.2957,1.3048,1.2952,1.3039,85919
11/18/2004,1.3041,1.3074,1.294,1.2975,96186
11/19/2004,1.2949,1.3068,1.2937,1.3015,107561
11/22/2004,1.3038,1.3052,1.3011,1.3035,45890
11/23/2004,1.3043,1.3107,1.2975,1.3079,94928
11/24/2004,1.3082,1.318,1.3081,1.3167,75798
11/25/2004,1.3185,1.3248,1.3163,1.3244,0
11/26/2004,1.3185,1.333,1.3163,1.3293,107795
11/29/2004,1.3283,1.3305,1.3228,1.3276,74610
11/30/2004,1.3272,1.3335,1.3232,1.3292,98176
12/01/2004,1.3286,1.337,1.3276,1.3321,96660
12/02/2004,1.3341,1.3384,1.3237,1.3269,131893
12/03/2004,1.3266,1.3463,1.3257,1.3453,143324
12/06/2004,1.3445,1.3456,1.339,1.342,63613
12/07/2004,1.3403,1.3471,1.339,1.3429,59303
12/08/2004,1.3423,1.3434,1.3192,1.3335,89477
12/09/2004,1.3346,1.3362,1.3252,1.3327,42002
12/10/2004,1.3321,1.3329,1.3148,1.3246,128785
12/13/2004,1.321,1.3338,1.3206,1.3334,83720
12/14/2004,1.3324,1.335,1.327,1.3313,102285
12/15/2004,1.3302,1.3474,1.3272,1.3416,93822
12/16/2004,1.3408,1.3439,1.3215,1.3242,155228
12/17/2004,1.3262,1.3327,1.3236,1.3298,98243
12/20/2004,1.3341,1.3418,1.3307,1.3401,70610
12/21/2004,1.3407,1.3419,1.3361,1.3375,69265
12/22/2004,1.3376,1.3415,1.3354,1.3405,70855
12/23/2004,1.3396,1.3527,1.3391,1.3494,73320
12/27/2004,1.3528,1.3649,1.352,1.3628,50630
12/28/2004,1.3628,1.3654,1.3599,1.3624,44109
12/29/2004,1.3623,1.3656,1.3566,1.3596,70650
12/30/2004,1.3618,1.3687,1.3584,1.3659,58951
12/31/2004,1.3643,1.3672,1.3523,1.3558,52593
01/03/2005,1.357,1.3593,1.3397,1.349,116282
01/04/2005,1.3472,1.3504,1.3259,1.3281,163892
01/05/2005,1.3284,1.3313,1.3222,1.3274,131329
01/06/2005,1.328,1.3292,1.3164,1.3178,119324
01/07/2005,1.3188,1.3259,1.3034,1.3062,181934
01/10/2005,1.3063,1.3132,1.3061,1.3098,105535
01/11/2005,1.311,1.318,1.3079,1.3128,95690
01/12/2005,1.3124,1.3302,1.3091,1.3275,167287
01/13/2005,1.3264,1.3274,1.32,1.321,114897
01/14/2005,1.3224,1.3224,1.3065,1.3103,127739
01/17/2005,1.3114,1.3135,1.3072,1.3089,0
01/18/2005,1.3114,1.3135,1.3003,1.304,116788
01/19/2005,1.3027,1.3128,1.2972,1.3003,137637
01/20/2005,1.3014,1.3033,1.2931,1.2964,125186
01/21/2005,1.2965,1.3075,1.294,1.306,116551
01/24/2005,1.305,1.3107,1.3035,1.3066,85323
01/25/2005,1.3054,1.3084,1.2952,1.2973,117410
01/26/2005,1.298,1.3117,1.2975,1.3078,109199
01/27/2005,1.3082,1.3132,1.3017,1.3044,105270
01/28/2005,1.3047,1.3088,1.2993,1.3048,103750
01/31/2005,1.3023,1.3067,1.2982,1.3035,90743
02/01/2005,1.305,1.3073,1.3007,1.3062,82183
02/02/2005,1.3049,1.31,1.3016,1.3046,100161
02/03/2005,1.3035,1.3044,1.2946,1.2975,99568
02/04/2005,1.2979,1.3049,1.287,1.2881,131796
02/07/2005,1.2862,1.287,1.2737,1.278,118291
02/08/2005,1.2759,1.2804,1.2738,1.2781,94021
02/09/2005,1.2767,1.2821,1.2744,1.2798,104257
02/10/2005,1.2815,1.291,1.2742,1.2884,151454
02/11/2005,1.2882,1.2901,1.2849,1.2873,71912
02/14/2005,1.2885,1.2995,1.2881,1.2966,78029
02/15/2005,1.2977,1.3057,1.2958,1.3022,127960
02/16/2005,1.3025,1.3071,1.2963,1.3043,133212
02/17/2005,1.3031,1.3093,1.3019,1.3076,106177
02/18/2005,1.3076,1.3086,1.3017,1.3075,85639
02/22/2005,1.3059,1.3267,1.3035,1.3264,142184
02/23/2005,1.3264,1.3277,1.3189,1.3235,123309
02/24/2005,1.3213,1.3273,1.3178,1.3207,107320
02/25/2005,1.3197,1.3253,1.3148,1.3243,105325
02/28/2005,1.3242,1.3282,1.3221,1.3243,92244
03/01/2005,1.3219,1.3229,1.317,1.3189,85527
03/02/2005,1.3188,1.3189,1.3089,1.3137,94711
03/03/2005,1.3136,1.3167,1.3098,1.3112,75891
03/04/2005,1.311,1.3256,1.3087,1.324,131809
03/07/2005,1.3237,1.3266,1.318,1.3204,67944
03/08/2005,1.3217,1.3363,1.321,1.3344,92861
03/09/2005,1.3351,1.3426,1.3331,1.34,84420
03/10/2005,1.3392,1.3458,1.337,1.3426,56476
03/11/2005,1.3452,1.351,1.3423,1.3484,118876
03/14/2005,1.349,1.3507,1.3365,1.3396,95894
03/15/2005,1.3393,1.3439,1.3325,1.3345,125195
03/16/2005,1.3335,1.3468,1.332,1.3441,120628
03/17/2005,1.3446,1.3447,1.3369,1.3398,95362
03/18/2005,1.3408,1.3415,1.3292,1.3338,99506
03/21/2005,1.3336,1.3345,1.3167,1.3203,111585
03/22/2005,1.3191,1.3249,1.3079,1.3114,114026
03/23/2005,1.3109,1.3112,1.2984,1.3004,129707
03/24/2005,1.3016,1.3058,1.2959,1.298,114594
03/28/2005,1.2976,1.2983,1.288,1.29,64705
03/29/2005,1.2915,1.2981,1.2902,1.295,79167
03/30/2005,1.2958,1.301,1.2936,1.2959,90007
03/31/2005,1.2937,1.3043,1.2934,1.2982,114323
04/01/2005,1.2988,1.308,1.2893,1.293,143959
04/04/2005,1.2918,1.2928,1.2841,1.2875,94002
04/05/2005,1.287,1.29,1.2822,1.2896,83656
04/06/2005,1.2878,1.2932,1.2861,1.2899,98762
04/07/2005,1.2892,1.2962,1.2866,1.2873,112243
04/08/2005,1.2873,1.2955,1.2828,1.2946,127083
04/11/2005,1.2947,1.3024,1.2929,1.3003,97018
04/12/2005,1.2994,1.304,1.2883,1.2946,199031
04/13/2005,1.2936,1.2975,1.287,1.2933,158601
04/14/2005,1.2937,1.2939,1.2787,1.2846,159331
04/15/2005,1.2819,1.296,1.2797,1.2928,175741
04/18/2005,1.2934,1.3063,1.2893,1.3038,131974
04/19/2005,1.3044,1.3096,1.3,1.3055,120804
04/20/2005,1.3076,1.3123,1.3009,1.3101,166437
04/21/2005,1.3106,1.3143,1.3042,1.307,173286
04/22/2005,1.307,1.3111,1.3038,1.3081,113487
04/25/2005,1.3076,1.3076,1.297,1.3005,117193
04/26/2005,1.301,1.3031,1.2961,1.299,97332
04/27/2005,1.3006,1.3008,1.292,1.2955,134656
04/28/2005,1.2939,1.296,1.2896,1.2909,140417
04/29/2005,1.2915,1.2994,1.2869,1.2879,146862
05/02/2005,1.2874,1.2889,1.2851,1.2877,65916
05/03/2005,1.2868,1.2931,1.2844,1.2879,118014
05/04/2005,1.2888,1.2986,1.2879,1.2956,120114
05/05/2005,1.2966,1.3002,1.2938,1.2958,112235
05/06/2005,1.297,1.2976,1.2822,1.2829,162422
05/09/2005,1.2828,1.286,1.2801,1.2844,79336
05/10/2005,1.287,1.2902,1.2826,1.2883,96366
05/11/2005,1.289,1.2925,1.2788,1.281,192018
05/12/2005,1.2818,1.2826,1.2696,1.2718,150783
05/13/2005,1.2688,1.2698,1.2619,1.2636,129196
05/16/2005,1.2638,1.266,1.2591,1.2645,117383
05/17/2005,1.2642,1.2672,1.2603,1.2627,104907
05/18/2005,1.2618,1.2698,1.2595,1.2684,113498
05/19/2005,1.2684,1.2698,1.2612,1.2648,98764
05/20/2005,1.2647,1.2662,1.2544,1.2564,140714
05/23/2005,1.2555,1.2605,1.2542,1.2585,94701
05/24/2005,1.2576,1.2636,1.2564,1.2594,109126
05/25/2005,1.2584,1.2627,1.2558,1.2606,112211
05/26/2005,1.2608,1.2618,1.2495,1.2518,147324
05/27/2005,1.2517,1.2593,1.2512,1.259,94880
05/31/2005,1.2542,1.2551,1.23,1.2306,202646
06/01/2005,1.2307,1.2345,1.2161,1.2229,206469
06/02/2005,1.2202,1.23,1.2184,1.2289,155349
06/03/2005,1.2278,1.2347,1.2207,1.2225,158655
06/06/2005,1.2229,1.2297,1.2222,1.2278,102343
06/07/2005,1.2265,1.2318,1.2239,1.2283,107617
06/08/2005,1.2287,1.2356,1.2209,1.2237,144776
06/09/2005,1.2236,1.2274,1.2177,1.2217,87247
06/10/2005,1.2272,1.2291,1.2148,1.216,160505
06/13/2005,1.2153,1.2162,1.207,1.2149,148154
06/14/2005,1.2154,1.2196,1.2062,1.2074,184106
06/15/2005,1.2073,1.2174,1.2059,1.2157,197382
06/16/2005,1.2162,1.2209,1.2098,1.2139,178657
06/17/2005,1.2146,1.2329,1.2131,1.2319,173239
06/20/2005,1.225,1.2279,1.2165,1.2187,144957
06/21/2005,1.2193,1.2227,1.211,1.2215,161203
06/22/2005,1.2215,1.2246,1.2137,1.2165,106470
06/23/2005,1.2168,1.2183,1.2056,1.2061,132266
06/24/2005,1.2071,1.2146,1.202,1.2129,102993
06/27/2005,1.2133,1.2223,1.2133,1.2195,64605
06/28/2005,1.2206,1.2213,1.2088,1.2109,88353
06/29/2005,1.21,1.215,1.2052,1.2111,134729
06/30/2005,1.2105,1.2158,1.2077,1.2137,123334
07/01/2005,1.2135,1.2143,1.1976,1.1995,155426
07/05/2005,1.1969,1.1986,1.1902,1.1946,131429
07/06/2005,1.1954,1.1986,1.1925,1.1959,96217
07/07/2005,1.1966,1.2074,1.1941,1.1976,144129
07/08/2005,1.198,1.2019,1.19,1.1989,146385
07/11/2005,1.1994,1.2118,1.199,1.2108,101289
07/12/2005,1.2105,1.2287,1.2085,1.2266,153506
07/13/2005,1.2272,1.2272,1.2103,1.212,126750
07/14/2005,1.2114,1.2155,1.2087,1.2121,119631
07/15/2005,1.2113,1.2166,1.205,1.2076,111343
07/18/2005,1.2053,1.2119,1.2053,1.2081,64178
07/19/2005,1.208,1.2096,1.1982,1.2072,109647
07/20/2005,1.2058,1.2216,1.2024,1.2186,154637
07/21/2005,1.2177,1.2283,1.2125,1.2195,232254
07/22/2005,1.2193,1.2216,1.2079,1.2091,113159
07/25/2005,1.2081,1.2114,1.2053,1.2085,75718
07/26/2005,1.2092,1.2095,1.2006,1.2049,119121
07/27/2005,1.2047,1.211,1.1985,1.2103,151219
07/28/2005,1.209,1.2174,1.206,1.2158,143963
07/29/2005,1.2153,1.2184,1.21,1.2151,136695
08/01/2005,1.2148,1.2273,1.214,1.2219,131588
08/02/2005,1.22,1.2277,1.2196,1.2218,122327
08/03/2005,1.2218,1.2368,1.2171,1.2361,138390
08/04/2005,1.2358,1.2424,1.2322,1.2402,139506
08/05/2005,1.2407,1.2431,1.2332,1.2368,141652
08/08/2005,1.2361,1.2412,1.2338,1.2383,66468
08/09/2005,1.237,1.2439,1.2351,1.2388,108669
08/10/2005,1.2395,1.2447,1.2354,1.2399,119583
08/11/2005,1.2408,1.2495,1.2397,1.2455,123369
08/12/2005,1.2485,1.2505,1.2402,1.2458,144708
08/15/2005,1.247,1.2474,1.2362,1.2385,92549
08/16/2005,1.2385,1.2391,1.2312,1.2374,101425
08/17/2005,1.2372,1.2385,1.2277,1.2278,111266
08/18/2005,1.2289,1.2309,1.2173,1.2192,119781
08/19/2005,1.2189,1.221,1.214,1.2184,100597
08/22/2005,1.2179,1.2258,1.2171,1.2239,83852
08/23/2005,1.2239,1.2268,1.2205,1.2245,92635
08/24/2005,1.2246,1.2293,1.2175,1.2281,125169
08/25/2005,1.2285,1.2339,1.2269,1.2321,94715
08/26/2005,1.231,1.2354,1.2281,1.2295,86084
08/29/2005,1.2297,1.2359,1.2226,1.2235,97601
08/30/2005,1.2234,1.2248,1.2181,1.223,103841
08/31/2005,1.2229,1.2368,1.2198,1.2344,159575
09/01/2005,1.235,1.2533,1.2334,1.2505,198794
09/02/2005,1.2507,1.2598,1.2476,1.2549,172628
09/06/2005,1.2539,1.2593,1.2449,1.2487,139526
09/07/2005,1.247,1.2543,1.2413,1.2425,127230
09/08/2005,1.2418,1.2458,1.2387,1.2406,113015
09/09/2005,1.2402,1.2468,1.2379,1.2408,122067
09/12/2005,1.2408,1.2418,1.2273,1.2279,115362
09/13/2005,1.2282,1.232,1.2249,1.227,83968
09/14/2005,1.227,1.2333,1.2261,1.2279,45845
09/15/2005,1.2285,1.2286,1.2193,1.2219,24556
09/16/2005,1.2276,1.2364,1.2254,1.2295,104000
09/19/2005,1.2225,1.2229,1.2155,1.2201,101036
09/20/2005,1.219,1.2244,1.2165,1.2187,94439
09/21/2005,1.2172,1.2294,1.2165,1.2258,110907
09/22/2005,1.2275,1.2322,1.2184,1.22,119499
09/23/2005,1.2205,1.2224,1.209,1.2103,115401
09/26/2005,1.2079,1.2131,1.206,1.2117,84940
09/27/2005,1.2121,1.2134,1.2023,1.2063,127905
09/28/2005,1.2066,1.2106,1.2043,1.2075,111416
09/29/2005,1.209,1.2124,1.2054,1.2085,115081
09/30/2005,1.2084,1.2142,1.2045,1.2059,161211
10/03/2005,1.2072,1.208,1.1949,1.196,87539
10/04/2005,1.1963,1.1995,1.1947,1.1972,86289
10/05/2005,1.1966,1.2034,1.1962,1.2,91120
10/06/2005,1.203,1.2249,1.203,1.2228,181149
10/07/2005,1.2227,1.2228,1.2137,1.216,135301
10/10/2005,1.2163,1.2197,1.2084,1.216,58325
10/11/2005,1.2111,1.2111,1.2019,1.2026,99695
10/12/2005,1.2033,1.2096,1.1995,1.2072,96300
10/13/2005,1.2063,1.2079,1.1954,1.206,143975
10/14/2005,1.2069,1.2151,1.202,1.2133,172715
10/17/2005,1.2118,1.2163,1.2052,1.2074,98657
10/18/2005,1.206,1.2063,1.1955,1.1993,110555
10/19/2005,1.2003,1.2042,1.1914,1.2019,134023
10/20/2005,1.2033,1.2063,1.1986,1.2029,109659
10/21/2005,1.2057,1.213,1.1965,1.1981,133255
10/24/2005,1.1982,1.2059,1.1958,1.2012,97989
10/25/2005,1.2016,1.2158,1.1971,1.2142,147968
10/26/2005,1.2145,1.2172,1.2084,1.2111,108113
10/27/2005,1.2092,1.2207,1.2076,1.2175,121977
10/28/2005,1.2173,1.2204,1.2081,1.2095,131183
10/31/2005,1.2094,1.2122,1.2,1.2023,107457
11/01/2005,1.2013,1.2065,1.2003,1.2033,102857
11/02/2005,1.2063,1.2116,1.2019,1.21,117634
11/03/2005,1.2105,1.2112,1.1963,1.197,163857
11/04/2005,1.197,1.2023,1.1829,1.185,214874
11/07/2005,1.1834,1.1859,1.1802,1.1842,113637
11/08/2005,1.1815,1.1824,1.1732,1.1812,122432
11/09/2005,1.1805,1.1814,1.1741,1.1795,132289
11/10/2005,1.1788,1.1829,1.17,1.171,154504
11/11/2005,1.1713,1.1755,1.1693,1.171,44354
11/14/2005,1.1738,1.1795,1.1681,1.1711,108020
11/15/2005,1.1713,1.175,1.1662,1.1732,144892
11/16/2005,1.1742,1.1758,1.1666,1.1706,132870
11/17/2005,1.1692,1.1783,1.1661,1.1774,159189
11/18/2005,1.1764,1.1814,1.1681,1.1781,210300
11/21/2005,1.1793,1.1856,1.1734,1.1744,173940
11/22/2005,1.174,1.184,1.17,1.1822,185066
11/23/2005,1.1837,1.189,1.178,1.1816,132886
11/25/2005,1.183,1.1838,1.1722,1.1729,94695
11/28/2005,1.1721,1.1918,1.1685,1.1887,152124
11/29/2005,1.1861,1.1874,1.1749,1.1802,156732
11/30/2005,1.178,1.1817,1.1765,1.1804,127588
12/01/2005,1.18,1.1813,1.1698,1.1754,167787
12/02/2005,1.1746,1.176,1.167,1.1722,182740
12/05/2005,1.1715,1.1829,1.1697,1.1801,138490
12/06/2005,1.1797,1.1816,1.1763,1.1802,119975
12/07/2005,1.1789,1.181,1.1712,1.1731,111490
12/08/2005,1.1719,1.1856,1.1709,1.1817,164519
12/09/2005,1.1824,1.1843,1.1772,1.1825,103660
12/12/2005,1.1799,1.1987,1.179,1.1952,146215
12/13/2005,1.1957,1.1992,1.191,1.1957,92502
12/14/2005,1.1937,1.2066,1.1936,1.2008,59575
12/15/2005,1.1996,1.2041,1.1938,1.197,29241
12/16/2005,1.2029,1.2084,1.1994,1.2069,127220
12/19/2005,1.2084,1.2096,1.2031,1.2064,73063
12/20/2005,1.2058,1.207,1.1894,1.1922,127085
12/21/2005,1.1915,1.1966,1.1854,1.1896,93461
12/22/2005,1.1885,1.1949,1.186,1.193,92672
12/23/2005,1.1918,1.1937,1.188,1.191,56368
12/27/2005,1.19,1.1928,1.1876,1.1882,32859
12/28/2005,1.188,1.1983,1.1862,1.1876,104948
12/29/2005,1.1884,1.1929,1.1866,1.1891,60430
12/30/2005,1.1886,1.1938,1.1825,1.188,93498
01/03/2006,1.1869,1.2077,1.1857,1.2067,171468
01/04/2006,1.2062,1.2193,1.2061,1.2171,174319
01/05/2006,1.2158,1.2166,1.211,1.2153,125188
01/06/2006,1.2145,1.2227,1.2124,1.2203,163880
01/09/2006,1.2188,1.2198,1.2096,1.2131,100830
01/10/2006,1.2125,1.2154,1.2079,1.2116,107118
01/11/2006,1.2103,1.2187,1.2086,1.2166,128142
01/12/2006,1.2178,1.2204,1.2046,1.2083,198986
01/13/2006,1.2074,1.2184,1.2069,1.2175,169837
01/17/2006,1.2186,1.2214,1.2088,1.2135,146514
01/18/2006,1.2151,1.2199,1.2107,1.2147,158885
01/19/2006,1.2154,1.2162,1.2089,1.2126,128857
01/20/2006,1.2128,1.2178,1.2075,1.2174,132648
01/23/2006,1.2177,1.2347,1.2174,1.2336,121071
01/24/2006,1.2332,1.2357,1.2291,1.2324,103730
01/25/2006,1.2305,1.2359,1.2268,1.2291,128374
01/26/2006,1.2274,1.2302,1.2232,1.2244,110974
01/27/2006,1.2237,1.2267,1.2118,1.2135,194644
01/30/2006,1.2136,1.2146,1.2093,1.2117,94500
01/31/2006,1.2119,1.222,1.2107,1.2178,164846
02/01/2006,1.2177,1.2192,1.2077,1.2087,122357
02/02/2006,1.2088,1.2134,1.206,1.2126,116938
02/03/2006,1.2115,1.2138,1.1994,1.205,201962
02/06/2006,1.2054,1.2072,1.197,1.1992,111721
02/07/2006,1.1995,1.204,1.1966,1.1994,102969
02/08/2006,1.2009,1.2018,1.1945,1.1967,118164
02/09/2006,1.1981,1.2018,1.1967,1.1991,106188
02/10/2006,1.2006,1.2047,1.1912,1.1927,252813
02/13/2006,1.1916,1.1939,1.1897,1.1928,86265
02/14/2006,1.1919,1.1943,1.1878,1.193,108272
02/15/2006,1.1932,1.1974,1.1888,1.1904,141333
02/16/2006,1.1909,1.1925,1.1864,1.1906,97163
02/17/2006,1.192,1.1966,1.1873,1.1925,209597
02/21/2006,1.1942,1.199,1.1904,1.1935,99303
02/22/2006,1.1922,1.1943,1.1865,1.1911,108346
02/23/2006,1.1921,1.198,1.1904,1.1932,137186
02/24/2006,1.1929,1.1944,1.1873,1.1885,108715
02/27/2006,1.188,1.1896,1.1835,1.1864,71718
02/28/2006,1.1857,1.195,1.1843,1.1929,120688
03/01/2006,1.1936,1.1983,1.1899,1.1925,129215
03/02/2006,1.1929,1.2052,1.1919,1.204,149987
03/03/2006,1.2041,1.2058,1.2001,1.2038,108769
03/06/2006,1.2052,1.2098,1.1994,1.2024,93141
03/07/2006,1.2013,1.2027,1.1872,1.1891,120333
03/08/2006,1.189,1.1944,1.1876,1.1918,100466
03/09/2006,1.193,1.1955,1.1899,1.1912,70122
03/10/2006,1.1979,1.1999,1.1932,1.1986,152318
03/13/2006,1.1985,1.2061,1.1982,1.2033,101018
03/14/2006,1.203,1.2104,1.2012,1.2092,146209
03/15/2006,1.2087,1.2146,1.2077,1.2144,149338
03/16/2006,1.2138,1.2259,1.2105,1.2247,172809
03/17/2006,1.2242,1.2277,1.2208,1.2263,116255
03/20/2006,1.2248,1.2264,1.2215,1.2233,84164
03/21/2006,1.2228,1.2233,1.2142,1.2167,144034
03/22/2006,1.2173,1.2179,1.2131,1.2145,104352
03/23/2006,1.2142,1.2145,1.2018,1.2029,151763
03/24/2006,1.2031,1.2109,1.2013,1.2093,136402
03/27/2006,1.2094,1.2122,1.2065,1.207,57237
03/28/2006,1.2072,1.2168,1.2053,1.2066,151979
03/29/2006,1.2067,1.2109,1.2039,1.2082,94852
03/30/2006,1.2087,1.223,1.2081,1.2213,170384
03/31/2006,1.2222,1.2232,1.2139,1.2179,131752
04/03/2006,1.2174,1.2205,1.2089,1.2198,120392
04/04/2006,1.2188,1.2333,1.2175,1.2322,151542
04/05/2006,1.2316,1.2362,1.2299,1.2357,141276
04/06/2006,1.2346,1.2386,1.2251,1.2283,209891
04/07/2006,1.2275,1.2281,1.2145,1.2161,192970
04/10/2006,1.2159,1.2184,1.213,1.2151,79713
04/11/2006,1.2166,1.2208,1.2143,1.2188,94356
04/12/2006,1.2191,1.2218,1.2115,1.2154,136710
04/13/2006,1.2153,1.2181,1.2117,1.2153,99705
04/17/2006,1.2168,1.2338,1.2162,1.2308,112485
04/18/2006,1.2302,1.241,1.2274,1.2361,181183
04/19/2006,1.2411,1.2443,1.2333,1.2433,189039
04/20/2006,1.2428,1.2428,1.2332,1.2363,138079
04/21/2006,1.2362,1.2406,1.2311,1.2388,141171
04/24/2006,1.241,1.246,1.2377,1.2448,132066
04/25/2006,1.2431,1.2485,1.241,1.2478,170441
04/26/2006,1.2473,1.2514,1.2428,1.2499,177473
04/27/2006,1.249,1.2589,1.2445,1.2578,200643
04/28/2006,1.257,1.268,1.256,1.2652,171886
05/01/2006,1.266,1.2731,1.2595,1.2652,159058
05/02/2006,1.2606,1.2708,1.2598,1.2669,161016
05/03/2006,1.2651,1.2709,1.2629,1.2666,163833
05/04/2006,1.2669,1.2762,1.2607,1.2751,232489
05/05/2006,1.2734,1.2803,1.271,1.2772,190810
05/08/2006,1.2778,1.2823,1.2727,1.274,136177
05/09/2006,1.2737,1.2819,1.2696,1.2789,184471
05/10/2006,1.2795,1.2867,1.2785,1.2843,219612
05/11/2006,1.2815,1.2904,1.2717,1.2883,241337
05/12/2006,1.2867,1.2988,1.2862,1.2938,263315
05/15/2006,1.2975,1.3003,1.2808,1.2839,228694
05/16/2006,1.2828,1.2897,1.2799,1.289,187004
05/17/2006,1.2885,1.2949,1.2728,1.2775,307367
05/18/2006,1.2755,1.2886,1.2751,1.285,190820
05/19/2006,1.2879,1.289,1.2718,1.28,199619
05/22/2006,1.2785,1.291,1.2716,1.2889,173323
05/23/2006,1.2883,1.2903,1.2829,1.2892,153465
05/24/2006,1.2829,1.292,1.2752,1.2806,226797
05/25/2006,1.2775,1.2838,1.2766,1.2827,150332
05/26/2006,1.2843,1.2851,1.2718,1.2737,166269
05/30/2006,1.2748,1.2927,1.2736,1.2891,222752
05/31/2006,1.2889,1.2919,1.2821,1.2824,176313
06/01/2006,1.283,1.2839,1.2736,1.2815,183922
06/02/2006,1.2825,1.2954,1.2809,1.2932,222198
06/05/2006,1.2937,1.2992,1.2916,1.2934,133883
06/06/2006,1.2915,1.2945,1.2819,1.2849,147251
06/07/2006,1.2835,1.2848,1.277,1.2808,119811
06/08/2006,1.281,1.2815,1.2633,1.2646,227321
06/09/2006,1.2661,1.2691,1.2602,1.2652,172672
06/12/2006,1.2622,1.2656,1.257,1.2615,92294
06/13/2006,1.2586,1.2621,1.2534,1.2546,114998
06/14/2006,1.2547,1.2653,1.2537,1.2595,74771
06/15/2006,1.2608,1.266,1.2583,1.2614,53051
06/16/2006,1.2711,1.2751,1.2696,1.2726,115511
06/19/2006,1.2724,1.2729,1.2629,1.2656,95807
06/20/2006,1.2651,1.2694,1.2613,1.2661,108423
06/21/2006,1.2659,1.2754,1.2657,1.2736,109011
06/22/2006,1.2739,1.2753,1.2623,1.2658,174421
06/23/2006,1.2644,1.2662,1.2551,1.2591,157153
06/26/2006,1.2578,1.2677,1.2575,1.2652,101580
06/27/2006,1.2658,1.2689,1.2632,1.2656,103517
06/28/2006,1.2646,1.2655,1.2585,1.2626,124507
06/29/2006,1.2617,1.2735,1.2586,1.2732,167717
06/30/2006,1.2733,1.286,1.2723,1.285,159169
07/03/2006,1.2855,1.2889,1.2826,1.2862,105572
07/05/2006,1.2869,1.2905,1.2771,1.28,182975
07/06/2006,1.2788,1.2847,1.2783,1.2838,147900
07/07/2006,1.2838,1.2925,1.2827,1.2877,159326
07/10/2006,1.287,1.2875,1.278,1.2792,98075
07/11/2006,1.2796,1.2837,1.2764,1.2828,108812
07/12/2006,1.2825,1.2837,1.2731,1.2758,142244
07/13/2006,1.2758,1.2785,1.2719,1.275,130250
07/14/2006,1.2745,1.276,1.268,1.2706,136995
07/17/2006,1.269,1.2698,1.2555,1.2576,131485
07/18/2006,1.257,1.2612,1.2524,1.2562,174861
07/19/2006,1.2556,1.2661,1.2503,1.2652,194346
07/20/2006,1.2641,1.2704,1.2636,1.2687,113317
07/21/2006,1.2676,1.2744,1.2674,1.2737,95424
07/24/2006,1.2748,1.2754,1.2655,1.2675,78130
07/25/2006,1.268,1.2718,1.2608,1.2628,119450
07/26/2006,1.2625,1.2764,1.2603,1.2742,135908
07/27/2006,1.2757,1.2815,1.2723,1.2735,161683
07/28/2006,1.2738,1.2812,1.2701,1.2792,159381
07/31/2006,1.2806,1.2824,1.2782,1.2813,115258
08/01/2006,1.2809,1.2869,1.276,1.2855,201642
08/02/2006,1.2861,1.2874,1.2813,1.2843,117771
08/03/2006,1.2828,1.2871,1.2777,1.2846,176075
08/04/2006,1.2837,1.2945,1.281,1.2914,173038
08/07/2006,1.2918,1.2926,1.2863,1.2876,82123
08/08/2006,1.2853,1.2928,1.2839,1.2889,129384
08/09/2006,1.2855,1.2937,1.2795,1.2891,123327
08/10/2006,1.2893,1.2943,1.2776,1.2827,178013
08/11/2006,1.2824,1.2828,1.2743,1.2751,134104
08/14/2006,1.2739,1.2791,1.2735,1.2744,87568
08/15/2006,1.2748,1.2832,1.2722,1.2811,145468
08/16/2006,1.2811,1.2892,1.2796,1.2867,106580
08/17/2006,1.2867,1.2911,1.2836,1.285,129110
08/18/2006,1.2852,1.2869,1.2803,1.2849,116854
08/21/2006,1.2846,1.2961,1.2846,1.2922,128777
08/22/2006,1.2912,1.2912,1.2805,1.2819,153932
08/23/2006,1.2827,1.288,1.2795,1.2815,141692
08/24/2006,1.2806,1.2877,1.2767,1.2783,155468
08/25/2006,1.2782,1.2802,1.2743,1.2779,111775
08/28/2006,1.2775,1.2838,1.2771,1.2804,69367
08/29/2006,1.2801,1.2855,1.2765,1.2849,171655
08/30/2006,1.2845,1.2868,1.2827,1.2846,103189
08/31/2006,1.2848,1.2892,1.2797,1.2823,190919
09/01/2006,1.2819,1.286,1.2766,1.2849,164040
09/05/2006,1.2854,1.2882,1.2806,1.2828,124418
09/06/2006,1.2828,1.2842,1.278,1.2824,141050
09/07/2006,1.2814,1.2838,1.2713,1.2742,175226
09/08/2006,1.274,1.2746,1.2658,1.268,161287
09/11/2006,1.2675,1.2746,1.2654,1.2707,109384
09/12/2006,1.2704,1.2741,1.2676,1.2696,150532
09/13/2006,1.2687,1.2722,1.2669,1.2696,67146
09/14/2006,1.2699,1.2755,1.2678,1.2724,55438
09/15/2006,1.2791,1.2802,1.2695,1.2725,173718
09/18/2006,1.2701,1.2776,1.2696,1.2765,128286
09/19/2006,1.2769,1.279,1.2714,1.2741,175040
09/20/2006,1.2736,1.2793,1.2727,1.2759,112848
09/21/2006,1.275,1.286,1.2745,1.2847,176452
09/22/2006,1.2842,1.2891,1.2838,1.2843,118822
09/25/2006,1.2846,1.2879,1.279,1.2821,114618
09/26/2006,1.2805,1.282,1.272,1.2757,152149
09/27/2006,1.2741,1.2775,1.2728,1.2763,125495
09/28/2006,1.2759,1.2788,1.2732,1.2766,122300
09/29/2006,1.2751,1.2767,1.2692,1.2739,171719
10/02/2006,1.2733,1.2812,1.2715,1.2792,141776
10/03/2006,1.2791,1.2817,1.2772,1.2781,90133
10/04/2006,1.2782,1.2791,1.2719,1.2762,143176
10/05/2006,1.2766,1.2774,1.2719,1.274,141699
10/06/2006,1.2739,1.2765,1.262,1.2656,223020
10/09/2006,1.2637,1.2661,1.2633,1.2656,46943
10/10/2006,1.2641,1.2661,1.2564,1.258,135930
10/11/2006,1.2581,1.2603,1.2547,1.2563,119646
10/12/2006,1.2567,1.261,1.256,1.2592,112464
10/13/2006,1.2601,1.2621,1.2526,1.2558,168017
10/16/2006,1.2546,1.2579,1.2532,1.2567,101195
10/17/2006,1.2575,1.2608,1.2549,1.2583,141236
10/18/2006,1.2577,1.26,1.254,1.2574,143531
10/19/2006,1.2572,1.2681,1.2571,1.2667,194464
10/20/2006,1.2663,1.2678,1.2636,1.2658,102838
10/23/2006,1.2656,1.2658,1.2573,1.2589,120131
10/24/2006,1.2586,1.2614,1.2562,1.2602,107945
10/25/2006,1.2591,1.266,1.259,1.2648,138730
10/26/2006,1.2641,1.2736,1.264,1.2725,154664
10/27/2006,1.2723,1.2784,1.2697,1.2768,171939
10/30/2006,1.2763,1.2769,1.2732,1.2762,107867
10/31/2006,1.275,1.2816,1.2711,1.2796,178042
11/01/2006,1.2798,1.2831,1.2774,1.2807,141118
11/02/2006,1.2786,1.2814,1.2767,1.281,114796
11/03/2006,1.2807,1.2824,1.2711,1.2745,212019
11/06/2006,1.2743,1.2754,1.2718,1.2749,88096
11/07/2006,1.2759,1.2848,1.275,1.2795,190974
11/08/2006,1.2811,1.2834,1.2773,1.2799,131374
11/09/2006,1.2784,1.2874,1.2775,1.2848,194546
11/10/2006,1.2858,1.2926,1.2854,1.287,146596
11/13/2006,1.2873,1.2903,1.2819,1.2833,145169
11/14/2006,1.2832,1.2895,1.2813,1.2845,214529
11/15/2006,1.2832,1.2857,1.2795,1.2845,167972
11/16/2006,1.2851,1.2863,1.2803,1.2817,166743
11/17/2006,1.2816,1.2866,1.2782,1.2834,197287
11/20/2006,1.2845,1.287,1.2824,1.2832,109916
11/21/2006,1.2835,1.2873,1.2815,1.2861,122579
11/22/2006,1.2865,1.2975,1.2857,1.2943,204869
11/24/2006,1.2957,1.3125,1.2943,1.3104,222879
11/27/2006,1.3162,1.318,1.3099,1.3142,179632
11/28/2006,1.3147,1.3224,1.3133,1.3204,262192
11/29/2006,1.3208,1.3231,1.3142,1.317,202389
11/30/2006,1.3164,1.3286,1.3153,1.326,231606
12/01/2006,1.325,1.3359,1.3231,1.3343,270872
12/04/2006,1.337,1.3372,1.3292,1.3337,164678
12/05/2006,1.3349,1.3373,1.3296,1.3337,241642
12/06/2006,1.3325,1.335,1.3263,1.3294,179116
12/07/2006,1.3287,1.3331,1.3281,1.3287,174441
12/08/2006,1.3291,1.337,1.3196,1.3204,353007
12/11/2006,1.3188,1.3269,1.3134,1.3255,220558
12/12/2006,1.3252,1.3297,1.3216,1.3278,199863
12/13/2006,1.3287,1.3292,1.3195,1.3206,106836
12/14/2006,1.321,1.3255,1.3142,1.3154,63683
12/15/2006,1.3207,1.3243,1.3114,1.3136,279196
12/18/2006,1.3136,1.3173,1.3105,1.3152,145485
12/19/2006,1.3153,1.327,1.3137,1.3246,230423
12/20/2006,1.325,1.3297,1.3213,1.323,165809
12/21/2006,1.3226,1.3265,1.3191,1.3228,163594
12/22/2006,1.3229,1.3264,1.3157,1.3168,145678
12/26/2006,1.317,1.319,1.3139,1.3149,26866
12/27/2006,1.3151,1.3227,1.3145,1.3171,108538
12/28/2006,1.3172,1.3248,1.3152,1.3193,155707
12/29/2006,1.3196,1.3252,1.3184,1.3236,88954
01/02/2007,1.3319,1.3343,1.331,1.3333,62069
01/03/2007,1.3325,1.3335,1.3191,1.3211,183643
01/04/2007,1.3208,1.3224,1.3117,1.3131,192517
01/05/2007,1.3133,1.3149,1.3023,1.3052,205297
01/08/2007,1.3051,1.3078,1.3013,1.3061,159882
01/09/2007,1.3068,1.3094,1.3026,1.3042,140581
01/10/2007,1.3035,1.3042,1.2969,1.2978,170198
01/11/2007,1.2977,1.3054,1.292,1.2928,289986
01/12/2007,1.2931,1.2982,1.2901,1.296,174496
01/16/2007,1.2962,1.3026,1.2946,1.2959,200546
01/17/2007,1.2954,1.2987,1.2925,1.2968,129599
01/18/2007,1.2974,1.3013,1.2931,1.2993,215692
01/19/2007,1.2997,1.3035,1.2948,1.2999,162281
01/22/2007,1.2992,1.3016,1.2957,1.2987,128725
01/23/2007,1.2978,1.3077,1.2961,1.3055,144039
01/24/2007,1.3055,1.3069,1.298,1.2994,178595
01/25/2007,1.2994,1.3033,1.2944,1.2958,194972
01/26/2007,1.2958,1.2975,1.2901,1.2938,191533
01/29/2007,1.295,1.2997,1.2927,1.2986,101784
01/30/2007,1.2989,1.301,1.2972,1.299,109831
01/31/2007,1.2994,1.3065,1.2952,1.3057,236236
02/01/2007,1.3051,1.3084,1.3029,1.3049,154133
02/02/2007,1.3049,1.3092,1.2977,1.2991,232607
02/05/2007,1.2982,1.2992,1.2939,1.2954,115701
02/06/2007,1.2954,1.3016,1.2938,1.3005,122605
02/07/2007,1.3009,1.3049,1.2996,1.303,136724
02/08/2007,1.3037,1.3065,1.2997,1.3061,163028
02/09/2007,1.306,1.3066,1.3005,1.3027,127636
02/12/2007,1.304,1.3058,1.2962,1.2982,116835
02/13/2007,1.2984,1.3065,1.2975,1.3052,154631
02/14/2007,1.3057,1.3172,1.3043,1.3143,202013
02/15/2007,1.315,1.3191,1.3136,1.3165,183466
02/16/2007,1.3156,1.3164,1.3111,1.3153,135016
02/20/2007,1.3172,1.3207,1.3139,1.3151,121457
02/21/2007,1.3151,1.3181,1.3127,1.3156,152977
02/22/2007,1.3156,1.3157,1.3094,1.3141,137439
02/23/2007,1.314,1.3202,1.3114,1.3178,152279
02/26/2007,1.3186,1.3211,1.3164,1.3196,105850
02/27/2007,1.32,1.3272,1.3173,1.3255,206293
02/28/2007,1.3252,1.3252,1.3192,1.3242,180227
03/01/2007,1.3237,1.325,1.3164,1.3205,226792
03/02/2007,1.3186,1.321,1.3151,1.3199,185492
03/05/2007,1.3212,1.3219,1.3079,1.3107,224672
03/06/2007,1.3092,1.314,1.3089,1.3128,137688
03/07/2007,1.3135,1.3194,1.3117,1.3188,126653
03/08/2007,1.3184,1.3188,1.3121,1.3142,149749
03/09/2007,1.3139,1.3164,1.309,1.3119,164390
03/12/2007,1.3121,1.3205,1.3113,1.3192,185923
03/13/2007,1.3195,1.3226,1.3159,1.3199,155803
03/14/2007,1.3198,1.3249,1.318,1.3231,132459
03/15/2007,1.322,1.3253,1.3196,1.3235,57313
03/16/2007,1.3287,1.3391,1.3282,1.3357,173906
03/19/2007,1.3366,1.3373,1.3328,1.3348,114925
03/20/2007,1.3349,1.3369,1.3319,1.3355,141150
03/21/2007,1.3368,1.3436,1.3336,1.3427,159495
03/22/2007,1.343,1.3458,1.3356,1.3377,199032
03/23/2007,1.3376,1.3387,1.3321,1.3334,202094
03/26/2007,1.3336,1.3392,1.3298,1.3374,165574
03/27/2007,1.3374,1.3409,1.3366,1.3388,192920
03/28/2007,1.3399,1.3418,1.3351,1.3366,178604
03/29/2007,1.3354,1.3396,1.3343,1.3377,129369
03/30/2007,1.3373,1.3442,1.3328,1.3394,254101
04/02/2007,1.3412,1.3425,1.3372,1.3405,128366
04/03/2007,1.3406,1.3421,1.3359,1.337,113844
04/04/2007,1.3367,1.3419,1.3355,1.3404,144912
04/05/2007,1.3408,1.348,1.339,1.3463,140051
04/06/2007,1.3466,1.3469,1.3401,1.3409,45379
04/09/2007,1.3415,1.3416,1.3377,1.3395,47944
04/10/2007,1.3395,1.3493,1.3387,1.3461,135161
04/11/2007,1.3467,1.3478,1.3443,1.3462,101742
04/12/2007,1.3467,1.354,1.3463,1.3516,167105
04/13/2007,1.3522,1.3589,1.3516,1.3573,209161
04/16/2007,1.3585,1.3612,1.3566,1.3582,116905
04/17/2007,1.3564,1.3628,1.3558,1.3599,174432
04/18/2007,1.3606,1.365,1.3589,1.3611,149371
04/19/2007,1.3644,1.3651,1.3592,1.3633,142997
04/20/2007,1.3648,1.3668,1.3616,1.3628,121003
04/23/2007,1.3622,1.3637,1.357,1.3603,99889
04/24/2007,1.3605,1.3673,1.3578,1.3654,156533
04/25/2007,1.3669,1.3695,1.365,1.3671,129777
04/26/2007,1.3672,1.3681,1.3611,1.363,165779
04/27/2007,1.3622,1.3715,1.3607,1.3669,216647
04/30/2007,1.3682,1.3705,1.3615,1.3676,167552
05/01/2007,1.367,1.37,1.3616,1.3645,186697
05/02/2007,1.363,1.3638,1.3583,1.3622,140548
05/03/2007,1.3608,1.3646,1.357,1.3577,168971
05/04/2007,1.3577,1.3634,1.3555,1.3616,171862
05/07/2007,1.3623,1.365,1.3613,1.3625,81993
05/08/2007,1.362,1.3643,1.3537,1.3565,177850
05/09/2007,1.3564,1.3588,1.3541,1.3548,123034
05/10/2007,1.3548,1.3584,1.3484,1.3502,202726
05/11/2007,1.3498,1.3551,1.3482,1.3546,139149
05/14/2007,1.355,1.3578,1.3543,1.3559,81511
05/15/2007,1.356,1.3628,1.3546,1.3609,169731
05/16/2007,1.361,1.3628,1.3521,1.3539,184685
05/17/2007,1.3533,1.356,1.3492,1.3509,120410
05/18/2007,1.3512,1.3538,1.348,1.3522,127869
05/21/2007,1.3534,1.3546,1.3451,1.3483,116838
05/22/2007,1.348,1.349,1.3453,1.3469,81707
05/23/2007,1.3463,1.3516,1.343,1.3471,178206
05/24/2007,1.3469,1.3473,1.3427,1.3445,147891
05/25/2007,1.3442,1.3485,1.3423,1.3462,127017
05/29/2007,1.346,1.3531,1.343,1.3461,202086
05/30/2007,1.3459,1.3468,1.3416,1.3439,136962
05/31/2007,1.3439,1.3487,1.3432,1.3463,171504
06/01/2007,1.3462,1.3472,1.34,1.3452,246815
06/04/2007,1.3449,1.3507,1.3439,1.3495,157763
06/05/2007,1.3499,1.3562,1.3496,1.3529,183928
06/06/2007,1.3526,1.3544,1.3491,1.3512,184327
06/07/2007,1.3505,1.3517,1.3426,1.3437,202486
06/08/2007,1.3431,1.3433,1.3323,1.3366,246893
06/11/2007,1.3377,1.3377,1.3337,1.3361,112527
06/12/2007,1.3361,1.3372,1.3304,1.332,155886
06/13/2007,1.3305,1.3318,1.3266,1.331,138991
06/14/2007,1.3311,1.3325,1.328,1.3308,61170
06/15/2007,1.3349,1.3431,1.3346,1.3419,198432
06/18/2007,1.3432,1.346,1.3417,1.3453,125904
06/19/2007,1.3454,1.3478,1.3424,1.3464,120237
06/20/2007,1.3464,1.3478,1.3435,1.3458,109715
06/21/2007,1.344,1.3446,1.341,1.3427,133405
06/22/2007,1.3427,1.3509,1.3418,1.3503,173124
06/25/2007,1.3504,1.3512,1.3477,1.3503,122024
06/26/2007,1.3501,1.3516,1.3468,1.3504,138326
06/27/2007,1.3493,1.3497,1.3452,1.3482,132872
06/28/2007,1.3488,1.3518,1.3459,1.3468,129553
06/29/2007,1.3481,1.3577,1.3465,1.3568,170019
07/02/2007,1.3572,1.3673,1.3563,1.3659,191557
07/03/2007,1.3664,1.367,1.3618,1.3653,122921
07/05/2007,1.3642,1.3693,1.3611,1.3632,183164
07/06/2007,1.3626,1.3674,1.3601,1.3653,143940
07/09/2007,1.3661,1.3671,1.3642,1.3654,83496
07/10/2007,1.3659,1.378,1.3626,1.3761,241310
07/11/2007,1.3798,1.3812,1.3762,1.3793,179730
07/12/2007,1.3775,1.3828,1.3772,1.3813,142877
07/13/2007,1.3819,1.3844,1.3793,1.3817,180814
07/16/2007,1.3815,1.3832,1.3788,1.3811,116132
07/17/2007,1.3802,1.3828,1.3786,1.3811,130468
07/18/2007,1.381,1.3863,1.378,1.3823,180560
07/19/2007,1.3831,1.3858,1.3813,1.3832,138241
07/20/2007,1.3826,1.387,1.3806,1.3847,141108
07/23/2007,1.3859,1.3871,1.382,1.3829,125670
07/24/2007,1.3833,1.3878,1.3824,1.3853,136922
07/25/2007,1.3851,1.3854,1.372,1.3732,239780
07/26/2007,1.3748,1.3795,1.3715,1.3763,235737
07/27/2007,1.3761,1.3776,1.3647,1.367,228233
07/30/2007,1.3648,1.3728,1.3631,1.371,142176
07/31/2007,1.372,1.3749,1.3701,1.3711,156317
08/01/2007,1.37,1.3732,1.3659,1.3679,192507
08/02/2007,1.3696,1.3726,1.3671,1.3712,130203
08/03/2007,1.3722,1.3839,1.3703,1.3821,193093
08/06/2007,1.3819,1.386,1.3799,1.3818,167337
08/07/2007,1.3814,1.3835,1.3754,1.3779,155892
08/08/2007,1.376,1.3845,1.3739,1.3816,165500
08/09/2007,1.3813,1.3835,1.3672,1.3703,268056
08/10/2007,1.3698,1.3725,1.3661,1.3716,177262
08/13/2007,1.3711,1.3728,1.3622,1.3638,151298
08/14/2007,1.3626,1.3644,1.3546,1.3558,170785
08/15/2007,1.3551,1.3553,1.3451,1.3478,211047
08/16/2007,1.3439,1.3461,1.337,1.3419,257026
08/17/2007,1.3438,1.3559,1.3383,1.3488,291966
08/20/2007,1.3504,1.3522,1.3472,1.3494,121540
08/21/2007,1.3488,1.3533,1.3469,1.348,142091
08/22/2007,1.3475,1.3563,1.3462,1.3544,149856
08/23/2007,1.3559,1.3599,1.3546,1.3568,127288
08/24/2007,1.3577,1.3694,1.3563,1.3682,147610
08/27/2007,1.3685,1.3695,1.3644,1.3662,82683
08/28/2007,1.3653,1.3691,1.361,1.3642,126831
08/29/2007,1.3613,1.3692,1.3572,1.367,164285
08/30/2007,1.3686,1.3686,1.3602,1.3647,166105
08/31/2007,1.3641,1.373,1.363,1.3647,184915
09/04/2007,1.3641,1.3664,1.3559,1.3619,186560
09/05/2007,1.3614,1.368,1.3576,1.366,164858
09/06/2007,1.3655,1.3716,1.364,1.3691,151979
09/07/2007,1.3696,1.3804,1.3668,1.3773,188032
09/10/2007,1.378,1.382,1.3771,1.3809,104202
09/11/2007,1.3808,1.3852,1.3782,1.3836,123125
09/12/2007,1.3841,1.3918,1.3827,1.3911,140023
09/13/2007,1.3908,1.3928,1.3863,1.3886,94034
09/14/2007,1.3905,1.393,1.3875,1.3907,171606
09/17/2007,1.3907,1.3921,1.3881,1.3899,109968
09/18/2007,1.3894,1.4013,1.3859,1.3998,161408
09/19/2007,1.4009,1.4011,1.3957,1.3982,136073
09/20/2007,1.3985,1.4119,1.3983,1.4097,183983
09/21/2007,1.4088,1.414,1.4061,1.4102,113707
09/24/2007,1.4114,1.4152,1.4087,1.4107,96882
09/25/2007,1.41,1.4176,1.4081,1.4164,129067
09/26/2007,1.4167,1.4183,1.4133,1.4155,110535
09/27/2007,1.4151,1.4214,1.4146,1.4182,148209
09/28/2007,1.4167,1.43,1.4166,1.4293,184676
10/01/2007,1.4292,1.4302,1.4231,1.426,136598
10/02/2007,1.4252,1.426,1.416,1.4175,160623
10/03/2007,1.4171,1.4222,1.4105,1.4126,158550
10/04/2007,1.4111,1.417,1.4087,1.4137,162890
10/05/2007,1.4153,1.4177,1.4051,1.4158,210696
10/08/2007,1.4157,1.4172,1.4055,1.4158,97332
10/09/2007,1.4072,1.4134,1.4033,1.4119,165946
10/10/2007,1.4122,1.4193,1.4114,1.415,149738
10/11/2007,1.4163,1.4262,1.4154,1.4232,228766
10/12/2007,1.4219,1.4233,1.4172,1.4192,171630
10/15/2007,1.4192,1.4262,1.418,1.4217,138262
10/16/2007,1.4233,1.4245,1.4162,1.4183,181324
10/17/2007,1.4191,1.425,1.4175,1.4204,171755
10/18/2007,1.4229,1.4327,1.4214,1.4311,148947
10/19/2007,1.4304,1.434,1.4259,1.4311,168216
10/22/2007,1.4336,1.4363,1.4139,1.4171,270726
10/23/2007,1.419,1.4294,1.4184,1.4264,175979
10/24/2007,1.4267,1.4282,1.4201,1.4269,162553
10/25/2007,1.4273,1.4356,1.4259,1.433,162622
10/26/2007,1.4339,1.4407,1.4327,1.4396,117145
10/29/2007,1.4428,1.4448,1.4388,1.4435,118453
10/30/2007,1.4434,1.4452,1.4385,1.4445,115118
10/31/2007,1.4449,1.4517,1.4428,1.451,179647
11/01/2007,1.449,1.4493,1.4413,1.4469,176008
11/02/2007,1.4428,1.4537,1.4428,1.4507,209145
11/05/2007,1.4523,1.4533,1.4452,1.4479,126295
11/06/2007,1.4483,1.458,1.4477,1.4563,145749
11/07/2007,1.4572,1.4739,1.4563,1.4678,243025
11/08/2007,1.4636,1.4712,1.4628,1.4676,206561
11/09/2007,1.4683,1.476,1.4637,1.4676,216820
11/12/2007,1.4684,1.4686,1.4533,1.4562,162941
11/13/2007,1.4541,1.464,1.4528,1.4605,145043
11/14/2007,1.4624,1.4734,1.462,1.4664,205447
11/15/2007,1.4656,1.4712,1.4612,1.4621,181247
11/16/2007,1.4625,1.4681,1.4589,1.4665,169546
11/19/2007,1.4676,1.4696,1.4629,1.4674,110277
11/20/2007,1.4675,1.4862,1.4642,1.4821,194507
11/21/2007,1.4845,1.4879,1.4782,1.4849,121410
11/23/2007,1.4857,1.4977,1.4786,1.4838,164833
11/26/2007,1.4839,1.4893,1.481,1.4872,144884
11/27/2007,1.4871,1.4918,1.4815,1.4852,167363
11/28/2007,1.4837,1.4868,1.4719,1.4864,215822
11/29/2007,1.484,1.4851,1.4728,1.4758,156152
11/30/2007,1.4755,1.479,1.4633,1.4643,198266
12/03/2007,1.4641,1.4714,1.4624,1.4676,124334
12/04/2007,1.4673,1.4774,1.464,1.477,156545
12/05/2007,1.4769,1.4774,1.4596,1.462,192580
12/06/2007,1.462,1.4656,1.4527,1.4637,196919
12/07/2007,1.4642,1.4677,1.4601,1.4657,126121
12/10/2007,1.466,1.4738,1.4642,1.4714,106057
12/11/2007,1.4721,1.4752,1.4641,1.4675,154117
12/12/2007,1.4658,1.4752,1.4652,1.472,117020
12/13/2007,1.4711,1.4737,1.4576,1.4622,104685
12/14/2007,1.4631,1.4667,1.4423,1.4435,229017
12/17/2007,1.4406,1.4465,1.4342,1.4407,147583
12/18/2007,1.4423,1.445,1.4379,1.442,108245
12/19/2007,1.4421,1.4437,1.4338,1.4394,112243
12/20/2007,1.4387,1.4405,1.4323,1.4336,104988
12/21/2007,1.4334,1.4422,1.4331,1.437,94326
12/24/2007,1.437,1.4427,1.437,1.4415,17330
12/26/2007,1.4441,1.4518,1.444,1.4513,41385
12/27/2007,1.4497,1.4654,1.448,1.4641,105352
12/28/2007,1.4625,1.4744,1.4604,1.4726,95104
12/31/2007,1.4739,1.4759,1.458,1.459,69601
01/02/2008,1.4678,1.4759,1.4653,1.4733,107899
01/03/2008,1.4731,1.4788,1.4693,1.4749,133327
01/04/2008,1.4748,1.483,1.47,1.4777,184253
01/07/2008,1.4759,1.4761,1.466,1.4696,106089
01/08/2008,1.4692,1.4754,1.4681,1.471,98494
01/09/2008,1.4711,1.4742,1.4638,1.4662,130136
01/10/2008,1.4658,1.4813,1.464,1.4791,219507
01/11/2008,1.4804,1.4814,1.4757,1.478,128750
01/14/2008,1.4779,1.4908,1.4774,1.4868,125737
01/15/2008,1.4857,1.4916,1.4792,1.4828,184004
01/16/2008,1.4774,1.4853,1.4587,1.4645,295718
01/17/2008,1.4646,1.471,1.4581,1.4667,191917
01/18/2008,1.4634,1.4689,1.4596,1.4618,153859
01/22/2008,1.4599,1.4639,1.4355,1.4595,407097
01/23/2008,1.4652,1.4654,1.4485,1.4573,229113
01/24/2008,1.4614,1.4763,1.4571,1.4741,204036
01/25/2008,1.4739,1.476,1.4642,1.4657,158450
01/28/2008,1.4668,1.4781,1.4643,1.476,118513
01/29/2008,1.4772,1.4776,1.4719,1.476,101183
01/30/2008,1.4754,1.489,1.4738,1.4879,141938
01/31/2008,1.4837,1.4896,1.4783,1.4859,166409
02/01/2008,1.483,1.4946,1.4768,1.4788,214162
02/04/2008,1.4783,1.4833,1.4777,1.481,103367
02/05/2008,1.4816,1.4817,1.4607,1.4635,198790
02/06/2008,1.4631,1.4656,1.4575,1.4612,140958
02/07/2008,1.4608,1.4638,1.4424,1.4445,237205
02/08/2008,1.4477,1.4534,1.4436,1.4492,113803
02/11/2008,1.4505,1.4563,1.4466,1.4501,121693
02/12/2008,1.4505,1.4603,1.4483,1.4579,152948
02/13/2008,1.4565,1.4587,1.4518,1.4564,114928
02/14/2008,1.4562,1.4637,1.4538,1.4621,160022
02/15/2008,1.463,1.4698,1.462,1.4657,119943
02/19/2008,1.4669,1.4747,1.46,1.4722,198328
02/20/2008,1.4717,1.4722,1.4604,1.4707,182932
02/21/2008,1.4707,1.483,1.4694,1.4809,180157
02/22/2008,1.4811,1.4855,1.4781,1.4817,127308
02/25/2008,1.4825,1.4837,1.4787,1.4815,100952
02/26/2008,1.4821,1.4978,1.4771,1.4961,195755
02/27/2008,1.499,1.5137,1.4975,1.5111,235497
02/28/2008,1.5113,1.5223,1.5067,1.5208,164776
02/29/2008,1.5186,1.5234,1.5138,1.5185,177290
03/03/2008,1.5183,1.5272,1.5151,1.5188,199054
03/04/2008,1.5196,1.5246,1.5168,1.5202,166667
03/05/2008,1.5199,1.5299,1.514,1.5259,218606
03/06/2008,1.5271,1.539,1.5263,1.5361,219626
03/07/2008,1.5388,1.546,1.531,1.5346,233494
03/10/2008,1.5352,1.5402,1.531,1.5347,167675
03/11/2008,1.5346,1.5493,1.528,1.5314,284315
03/12/2008,1.5337,1.5569,1.5332,1.5521,238047
03/13/2008,1.5562,1.5643,1.5521,1.5585,131652
03/14/2008,1.5559,1.5618,1.5463,1.559,287780
03/17/2008,1.56,1.582,1.5591,1.5655,247986
03/18/2008,1.5655,1.5757,1.5541,1.5637,242195
03/19/2008,1.5547,1.5716,1.5514,1.5544,244584
03/20/2008,1.5571,1.5578,1.533,1.5361,204361
03/24/2008,1.5347,1.5388,1.5273,1.5351,94755
03/25/2008,1.5367,1.5594,1.534,1.553,157175
03/26/2008,1.5569,1.5797,1.5521,1.5754,205323
03/27/2008,1.578,1.5788,1.5667,1.572,181038
03/28/2008,1.5723,1.5783,1.5685,1.5703,146119
03/31/2008,1.5742,1.5843,1.5705,1.5729,181569
04/01/2008,1.571,1.5732,1.551,1.5548,216521
04/02/2008,1.5569,1.565,1.5482,1.561,195796
04/03/2008,1.5638,1.5638,1.5461,1.5628,220390
04/04/2008,1.5632,1.5727,1.5589,1.5672,159509
04/07/2008,1.5681,1.5692,1.5577,1.5661,119447
04/08/2008,1.5656,1.5752,1.5624,1.5673,128322
04/09/2008,1.5659,1.5817,1.5634,1.5777,161986
04/10/2008,1.5785,1.5867,1.5677,1.5697,218798
04/11/2008,1.5698,1.5809,1.569,1.5786,168193
04/14/2008,1.5638,1.584,1.562,1.576,183091
04/15/2008,1.5792,1.583,1.5706,1.5744,172201
04/16/2008,1.5744,1.594,1.5715,1.5913,201248
04/17/2008,1.5906,1.5946,1.5807,1.5849,219934
04/18/2008,1.586,1.5921,1.5675,1.5767,295148
04/21/2008,1.5771,1.5914,1.5757,1.5882,175555
04/22/2008,1.5876,1.5985,1.5801,1.5964,268482
04/23/2008,1.5962,1.5964,1.5826,1.5859,209851
04/24/2008,1.5852,1.5858,1.5604,1.5651,335894
04/25/2008,1.5647,1.5675,1.5522,1.5562,232129
04/28/2008,1.5574,1.5663,1.5561,1.5612,168962
04/29/2008,1.5625,1.563,1.5509,1.5531,207566
04/30/2008,1.5536,1.5616,1.5485,1.5609,278949
05/01/2008,1.5593,1.5615,1.5401,1.543,213006
05/02/2008,1.5442,1.5469,1.5329,1.5386,264929
05/05/2008,1.5402,1.549,1.5393,1.5468,136733
05/06/2008,1.5471,1.5567,1.5422,1.55,195150
05/07/2008,1.5502,1.551,1.5337,1.5371,225770
05/08/2008,1.5367,1.5415,1.5255,1.5375,288506
05/09/2008,1.5375,1.5463,1.5367,1.5452,178776
05/12/2008,1.544,1.5547,1.534,1.5512,205077
05/13/2008,1.5518,1.5542,1.5405,1.5454,233105
05/14/2008,1.5447,1.5463,1.5373,1.5434,193732
05/15/2008,1.5456,1.5525,1.5396,1.543,226480
05/16/2008,1.5423,1.558,1.5415,1.5558,255982
05/19/2008,1.5562,1.5612,1.5463,1.5489,188512
05/20/2008,1.5496,1.5667,1.5482,1.5646,235545
05/21/2008,1.5631,1.5775,1.561,1.5759,215050
05/22/2008,1.5775,1.5796,1.5675,1.5681,181785
05/23/2008,1.5709,1.5778,1.5678,1.5773,159357
05/27/2008,1.5754,1.5804,1.5666,1.5687,226651
05/28/2008,1.5662,1.5747,1.5595,1.562,223923
05/29/2008,1.5636,1.5653,1.5474,1.5497,241849
05/30/2008,1.5504,1.5559,1.545,1.5546,182731
06/02/2008,1.5546,1.558,1.5476,1.5532,180641
06/03/2008,1.5528,1.562,1.54,1.5457,358580
06/04/2008,1.5424,1.5475,1.541,1.5433,206479
06/05/2008,1.542,1.5595,1.5357,1.5583,343830
06/06/2008,1.5578,1.5772,1.5566,1.5759,241473
06/09/2008,1.5778,1.5839,1.5607,1.5646,310017
06/10/2008,1.5637,1.565,1.5435,1.5443,313814
06/11/2008,1.5452,1.5583,1.5449,1.5565,233459
06/12/2008,1.5554,1.5565,1.5378,1.5419,171266
06/13/2008,1.538,1.5414,1.5236,1.5282,217216
06/16/2008,1.5345,1.5452,1.5278,1.5418,185994
06/17/2008,1.5402,1.5485,1.5394,1.5445,194083
06/18/2008,1.544,1.5472,1.5394,1.5458,164732
06/19/2008,1.5465,1.552,1.5398,1.5427,183573
06/20/2008,1.5436,1.5585,1.5424,1.5557,208215
06/23/2008,1.5542,1.557,1.5401,1.5455,204579
06/24/2008,1.5452,1.5558,1.5426,1.5511,181702
06/25/2008,1.5508,1.5624,1.5472,1.5603,205600
06/26/2008,1.5596,1.5706,1.5568,1.5696,209069
06/27/2008,1.5693,1.5734,1.5658,1.5712,164514
06/30/2008,1.5723,1.5776,1.567,1.569,184795
07/01/2008,1.5694,1.5768,1.5663,1.573,203438
07/02/2008,1.5735,1.5833,1.5718,1.5828,202552
07/03/2008,1.5834,1.5853,1.5625,1.5639,305186
07/04/2008,1.5642,1.5671,1.5598,1.5639,45021
07/07/2008,1.565,1.5698,1.5555,1.5673,204177
07/08/2008,1.5669,1.5686,1.558,1.5601,178154
07/09/2008,1.5615,1.5695,1.5596,1.5689,155056
07/10/2008,1.5686,1.5749,1.5638,1.5728,177760
07/11/2008,1.5733,1.5896,1.5712,1.5836,246145
07/14/2008,1.5891,1.594,1.579,1.5863,185763
07/15/2008,1.5853,1.5988,1.5814,1.5823,271602
07/16/2008,1.5861,1.5898,1.5748,1.5759,208932
07/17/2008,1.5771,1.5846,1.5735,1.577,222259
07/18/2008,1.5811,1.5841,1.576,1.5796,150947
07/21/2008,1.5795,1.5885,1.5783,1.5847,132868
07/22/2008,1.5878,1.5901,1.5712,1.574,236700
07/23/2008,1.5744,1.5754,1.5626,1.5633,227985
07/24/2008,1.5641,1.5672,1.5585,1.5616,197725
07/25/2008,1.5638,1.5714,1.5622,1.5653,183935
07/28/2008,1.5665,1.5729,1.5644,1.5714,138898
07/29/2008,1.5701,1.572,1.5517,1.5547,250091
07/30/2008,1.5549,1.5579,1.5485,1.5533,207441
07/31/2008,1.5542,1.5665,1.5534,1.5557,250907
08/01/2008,1.5564,1.5565,1.5478,1.5512,219372
08/04/2008,1.5528,1.5598,1.5519,1.5554,146076
08/05/2008,1.5539,1.5544,1.541,1.5439,207249
08/06/2008,1.542,1.5486,1.5366,1.5384,170548
08/07/2008,1.5381,1.5474,1.528,1.5294,284246
08/08/2008,1.5298,1.5307,1.4968,1.4982,387011
08/11/2008,1.4994,1.5057,1.4853,1.4901,261686
08/12/2008,1.4873,1.4938,1.4785,1.4888,252335
08/13/2008,1.4887,1.4955,1.4817,1.4907,282311
08/14/2008,1.49,1.4929,1.4752,1.4788,259204
08/15/2008,1.4781,1.4783,1.4636,1.4655,238657
08/18/2008,1.4658,1.4747,1.4622,1.4675,177002
08/19/2008,1.4654,1.4773,1.4609,1.4745,243234
08/20/2008,1.4765,1.4786,1.4651,1.4718,216372
08/21/2008,1.4725,1.4885,1.4714,1.4857,241561
08/22/2008,1.4877,1.4886,1.474,1.4758,194382
08/25/2008,1.4768,1.4792,1.468,1.4741,139114
08/26/2008,1.4738,1.4745,1.4556,1.4634,270868
08/27/2008,1.4631,1.4764,1.4618,1.4695,244100
08/28/2008,1.4702,1.48,1.466,1.4689,288472
08/29/2008,1.4685,1.4756,1.4629,1.4631,190105
09/02/2008,1.468,1.4712,1.4456,1.4504,341960
09/03/2008,1.4507,1.4524,1.4374,1.4481,276839
09/04/2008,1.4488,1.4538,1.4308,1.4317,399636
09/05/2008,1.4254,1.4342,1.4189,1.4236,374094
09/08/2008,1.4313,1.4424,1.4048,1.4101,381513
09/09/2008,1.4116,1.4221,1.4042,1.4164,336132
09/10/2008,1.4104,1.4177,1.3987,1.403,282290
09/11/2008,1.3965,1.3998,1.388,1.3947,233591
09/12/2008,1.3941,1.416,1.3903,1.4142,283655
09/15/2008,1.421,1.4407,1.4015,1.4132,354118
09/16/2008,1.4211,1.4228,1.401,1.4109,230141
09/17/2008,1.4055,1.4381,1.4042,1.4371,234376
09/18/2008,1.4324,1.4542,1.4275,1.4381,226410
09/19/2008,1.433,1.447,1.4126,1.4443,201919
09/22/2008,1.4462,1.4846,1.4414,1.478,249788
09/23/2008,1.4772,1.4807,1.461,1.4702,207265
09/24/2008,1.4657,1.4739,1.4609,1.4655,153031
09/25/2008,1.4617,1.4765,1.4561,1.4621,191697
09/26/2008,1.4616,1.4676,1.4552,1.4623,173796
09/29/2008,1.4634,1.4638,1.4313,1.4488,231510
09/30/2008,1.4439,1.4466,1.406,1.4134,218695
10/01/2008,1.4159,1.4211,1.3995,1.4084,182964
10/02/2008,1.4029,1.4046,1.3752,1.3833,208147
10/03/2008,1.3814,1.3914,1.3691,1.3829,225463
10/06/2008,1.3642,1.3698,1.3448,1.3461,198288
10/07/2008,1.3499,1.3749,1.3482,1.3652,190510
10/08/2008,1.3625,1.3802,1.3551,1.3718,213439
10/09/2008,1.3676,1.3835,1.3615,1.369,133821
10/10/2008,1.3619,1.3692,1.328,1.3487,185613
10/13/2008,1.3598,1.37,1.3476,1.3527,126800
10/14/2008,1.3603,1.3775,1.3599,1.3655,171029
10/15/2008,1.3626,1.3691,1.3475,1.3511,172822
10/16/2008,1.3465,1.3533,1.3341,1.3426,186239
10/17/2008,1.347,1.3512,1.3379,1.342,143916
10/20/2008,1.3397,1.351,1.327,1.3305,163043
10/21/2008,1.3319,1.334,1.3031,1.3114,177677
10/22/2008,1.3038,1.3058,1.2725,1.2853,210622
10/23/2008,1.2818,1.293,1.2717,1.2833,226146
10/24/2008,1.2946,1.296,1.2479,1.2604,245326
10/27/2008,1.2591,1.268,1.2327,1.2521,189523
10/28/2008,1.2468,1.2735,1.2326,1.2596,204705
10/29/2008,1.2778,1.2978,1.2615,1.2835,252654
10/30/2008,1.2946,1.3277,1.279,1.2951,247249
10/31/2008,1.2856,1.2884,1.2653,1.2741,240588
11/03/2008,1.2712,1.288,1.2577,1.2609,175568
11/04/2008,1.2569,1.3029,1.2507,1.2931,221611
11/05/2008,1.2973,1.3096,1.2771,1.2972,225565
11/06/2008,1.2913,1.2936,1.2658,1.2716,212955
11/07/2008,1.2664,1.2832,1.2634,1.2729,150763
11/10/2008,1.2774,1.2906,1.2692,1.274,140023
11/11/2008,1.2729,1.2779,1.2483,1.2532,164421
11/12/2008,1.2493,1.261,1.2446,1.2489,183697
11/13/2008,1.2439,1.2848,1.2372,1.2675,248143
11/14/2008,1.2774,1.2815,1.254,1.2778,179969
11/17/2008,1.2543,1.2728,1.2496,1.2663,153371
11/18/2008,1.2615,1.2687,1.2551,1.2563,141195
11/19/2008,1.262,1.28,1.247,1.2588,217601
11/20/2008,1.2486,1.2585,1.2417,1.25,192049
11/21/2008,1.2442,1.263,1.2415,1.2496,219717
11/24/2008,1.2586,1.2969,1.2558,1.287,205100
11/25/2008,1.2945,1.3077,1.2798,1.3018,240081
11/26/2008,1.3056,1.3056,1.2811,1.2874,141556
11/28/2008,1.2873,1.2963,1.2639,1.27,136801
12/01/2008,1.2707,1.2716,1.2577,1.2668,138054
12/02/2008,1.2614,1.2762,1.2557,1.2696,159357
12/03/2008,1.2721,1.2739,1.2597,1.265,143712
12/04/2008,1.2708,1.2845,1.2546,1.2789,215849
12/05/2008,1.2768,1.2797,1.262,1.2688,192565
12/08/2008,1.272,1.2974,1.2709,1.295,155783
12/09/2008,1.2935,1.2999,1.2793,1.2918,175873
12/10/2008,1.2923,1.307,1.2899,1.301,179482
12/11/2008,1.3018,1.3405,1.2998,1.3314,154462
12/12/2008,1.3319,1.3384,1.3219,1.334,144558
12/15/2008,1.3345,1.3692,1.3335,1.3636,144337
12/16/2008,1.3667,1.4115,1.36,1.3944,171429
12/17/2008,1.4009,1.4403,1.3973,1.4313,229967
12/18/2008,1.4372,1.4687,1.4145,1.4283,268185
12/19/2008,1.423,1.4284,1.379,1.3853,176640
12/22/2008,1.3876,1.4093,1.3871,1.3926,100856
12/23/2008,1.3918,1.3993,1.3892,1.3942,57500
12/24/2008,1.3903,1.3995,1.3894,1.3944,18669
12/26/2008,1.4026,1.4098,1.3993,1.4041,13244
12/29/2008,1.4038,1.4334,1.3885,1.406,100672
12/30/2008,1.3916,1.4191,1.3908,1.4054,73173
12/31/2008,1.4073,1.4116,1.3817,1.3921,69253
01/02/2009,1.39,1.3956,1.3804,1.3823,57889
01/05/2009,1.3874,1.3932,1.3513,1.3573,144156
01/06/2009,1.3603,1.3628,1.3283,1.3492,174380
01/07/2009,1.3474,1.3717,1.3401,1.3583,179512
01/08/2009,1.3622,1.377,1.3501,1.3694,177491
01/09/2009,1.3671,1.3722,1.3375,1.34,176196
01/12/2009,1.342,1.345,1.3256,1.3365,138495
01/13/2009,1.3332,1.3342,1.3112,1.315,167800
01/14/2009,1.3155,1.3309,1.3064,1.3137,178186
01/15/2009,1.314,1.3223,1.2999,1.3139,227300
01/16/2009,1.3114,1.3323,1.3112,1.3216,144092
01/20/2009,1.332,1.3364,1.2837,1.2874,240813
01/21/2009,1.2845,1.308,1.2811,1.2933,195377
01/22/2009,1.3051,1.3074,1.2896,1.3008,182576
01/23/2009,1.3006,1.3025,1.2755,1.2967,195359
01/26/2009,1.2968,1.3197,1.2852,1.3125,178461
01/27/2009,1.3194,1.3319,1.3105,1.3167,179580
01/28/2009,1.3169,1.3321,1.3089,1.3126,195197
01/29/2009,1.314,1.317,1.2921,1.2953,188272
01/30/2009,1.2931,1.2934,1.2759,1.2784,197969
02/02/2009,1.2768,1.2894,1.2698,1.2821,143139
02/03/2009,1.2814,1.305,1.2794,1.3,196768
02/04/2009,1.3013,1.3063,1.2804,1.2847,197629
02/05/2009,1.283,1.2898,1.2753,1.2787,198800
02/06/2009,1.2778,1.2988,1.2738,1.2935,210520
02/09/2009,1.2958,1.3087,1.2867,1.3017,167445
02/10/2009,1.2995,1.3069,1.2802,1.2859,266680
02/11/2009,1.2902,1.2992,1.2827,1.2899,200982
02/12/2009,1.2883,1.2939,1.2714,1.277,243157
02/13/2009,1.2888,1.2938,1.2816,1.2874,155165
02/17/2009,1.2789,1.2821,1.2558,1.2614,252617
02/18/2009,1.2577,1.2638,1.2508,1.2549,187427
02/19/2009,1.2545,1.2757,1.2534,1.2681,190106
02/20/2009,1.268,1.2881,1.2552,1.2836,254614
02/23/2009,1.2814,1.2989,1.2686,1.2711,209751
02/24/2009,1.2704,1.2874,1.2658,1.2849,191073
02/25/2009,1.2864,1.288,1.2686,1.2709,175718
02/26/2009,1.2718,1.281,1.2679,1.2747,153515
02/27/2009,1.2732,1.2748,1.2601,1.2696,229340
03/02/2009,1.2615,1.2631,1.2543,1.257,148934
03/03/2009,1.256,1.2678,1.252,1.2589,181126
03/04/2009,1.2541,1.2666,1.2456,1.2642,181795
03/05/2009,1.2647,1.2655,1.246,1.2543,197584
03/06/2009,1.2542,1.2755,1.2536,1.2661,222352
03/09/2009,1.2664,1.2727,1.2555,1.2629,184570
03/10/2009,1.2605,1.2823,1.2576,1.2637,242873
03/11/2009,1.268,1.2865,1.2615,1.2803,166059
03/12/2009,1.2845,1.2944,1.2731,1.2862,128869
03/13/2009,1.2906,1.2961,1.286,1.2901,149548
03/16/2009,1.2898,1.3075,1.2836,1.2984,188864
03/17/2009,1.2976,1.3037,1.2933,1.3007,150299
03/18/2009,1.3016,1.3497,1.2988,1.3419,233081
03/19/2009,1.3507,1.3737,1.3415,1.366,228523
03/20/2009,1.3667,1.3725,1.3515,1.3552,185528
03/23/2009,1.3636,1.3736,1.3485,1.363,162992
03/24/2009,1.3622,1.3678,1.3431,1.3519,211087
03/25/2009,1.3472,1.3655,1.3418,1.3566,245630
03/26/2009,1.3582,1.3642,1.3493,1.3514,168301
03/27/2009,1.3523,1.3593,1.3257,1.3305,186511
03/30/2009,1.323,1.3288,1.3114,1.3164,163052
03/31/2009,1.3204,1.3345,1.3175,1.3283,154352
04/01/2009,1.3247,1.3289,1.3167,1.3234,140622
04/02/2009,1.3234,1.3519,1.3233,1.3443,223503
04/03/2009,1.3465,1.3496,1.3363,1.3488,155420
04/06/2009,1.3514,1.3582,1.3356,1.3397,143512
04/07/2009,1.3403,1.3407,1.3223,1.3252,140019
04/08/2009,1.3264,1.3306,1.3146,1.323,142148
04/09/2009,1.3261,1.3335,1.3121,1.3143,154697
04/13/2009,1.3183,1.339,1.3123,1.3355,78413
04/14/2009,1.336,1.3377,1.3221,1.3285,133765
04/15/2009,1.3256,1.3292,1.3141,1.3183,154966
04/16/2009,1.3209,1.3265,1.312,1.3165,144450
04/17/2009,1.3173,1.3192,1.301,1.302,122413
04/20/2009,1.3043,1.3043,1.2882,1.2917,141224
04/21/2009,1.2918,1.2989,1.2889,1.2924,127929
04/22/2009,1.2939,1.3032,1.2878,1.3013,165410
04/23/2009,1.2994,1.3157,1.2974,1.3109,137146
04/24/2009,1.313,1.3297,1.3107,1.3243,159852
04/27/2009,1.324,1.3241,1.2994,1.3018,152030
04/28/2009,1.3018,1.3165,1.2961,1.3146,153277
04/29/2009,1.3139,1.336,1.3119,1.3288,164285
04/30/2009,1.3255,1.3384,1.3189,1.3261,190696
05/01/2009,1.3222,1.3328,1.3215,1.3265,69545
05/04/2009,1.3275,1.3428,1.321,1.3371,127817
05/05/2009,1.3414,1.3436,1.328,1.3311,154498
05/06/2009,1.3312,1.3374,1.3244,1.3347,188672
05/07/2009,1.3309,1.3469,1.325,1.337,249213
05/08/2009,1.3385,1.3649,1.3339,1.3618,176764
05/11/2009,1.3654,1.3668,1.3555,1.3595,142780
05/12/2009,1.3575,1.3705,1.356,1.3637,190214
05/13/2009,1.3642,1.3719,1.3562,1.3607,188288
05/14/2009,1.3588,1.3664,1.3522,1.365,148663
05/15/2009,1.3635,1.3649,1.3459,1.3471,178293
05/18/2009,1.3481,1.3563,1.342,1.3533,149212
05/19/2009,1.3551,1.3665,1.3528,1.3648,194041
05/20/2009,1.3625,1.3826,1.3579,1.38,224853
05/21/2009,1.3759,1.3922,1.3724,1.3888,226822
05/22/2009,1.3899,1.4048,1.3886,1.4013,182514
05/26/2009,1.4023,1.4034,1.3857,1.3982,216548
05/27/2009,1.3985,1.3999,1.3825,1.3916,240582
05/28/2009,1.3835,1.3981,1.3791,1.396,203677
05/29/2009,1.3933,1.4168,1.3922,1.4131,250610
06/01/2009,1.4133,1.4245,1.4097,1.4169,206432
06/02/2009,1.4152,1.4332,1.4101,1.4318,238976
06/03/2009,1.4304,1.4338,1.4108,1.4133,262944
06/04/2009,1.4147,1.4241,1.4069,1.4178,275312
06/05/2009,1.4177,1.4267,1.3931,1.3961,278203
06/08/2009,1.3943,1.4002,1.3804,1.3891,212742
06/09/2009,1.3897,1.4103,1.385,1.4077,231826
06/10/2009,1.4071,1.4144,1.3913,1.3968,249133
06/11/2009,1.397,1.4178,1.3942,1.4128,127651
06/12/2009,1.4085,1.4116,1.3922,1.3998,167863
06/15/2009,1.3978,1.3989,1.3742,1.3775,203067
06/16/2009,1.3777,1.3922,1.3736,1.3834,198960
06/17/2009,1.3822,1.3976,1.3795,1.3955,208008
06/18/2009,1.3932,1.3994,1.3863,1.3892,202138
06/19/2009,1.3896,1.4007,1.3875,1.3948,154115
06/22/2009,1.3942,1.3945,1.3818,1.3862,194318
06/23/2009,1.3848,1.4103,1.3821,1.4076,277272
06/24/2009,1.407,1.4133,1.3884,1.3919,266058
06/25/2009,1.3927,1.4012,1.3886,1.3985,236598
06/26/2009,1.3991,1.4116,1.398,1.4075,198006
06/29/2009,1.4058,1.4101,1.3979,1.4081,150162
06/30/2009,1.4072,1.4149,1.3998,1.404,233978
07/01/2009,1.4035,1.4202,1.3999,1.4147,219328
07/02/2009,1.4148,1.4152,1.3988,1.4025,228046
07/03/2009,1.3959,1.4027,1.394,1.4025,228046
07/06/2009,1.3961,1.3998,1.3876,1.396,227638
07/07/2009,1.3974,1.4051,1.3902,1.3927,206072
07/08/2009,1.3917,1.3938,1.3832,1.385,232588
07/09/2009,1.3874,1.4074,1.3858,1.4035,251701
07/10/2009,1.402,1.4031,1.3877,1.395,196965
07/13/2009,1.3945,1.4003,1.3898,1.3974,177078
07/14/2009,1.3989,1.4018,1.3913,1.3935,179240
07/15/2009,1.3972,1.4137,1.3964,1.413,220833
07/16/2009,1.4102,1.4167,1.4057,1.4148,177036
07/17/2009,1.4144,1.4149,1.4064,1.414,150003
07/20/2009,1.4116,1.4251,1.4109,1.4219,180361
07/21/2009,1.4227,1.4279,1.4164,1.4195,201509
07/22/2009,1.4216,1.4258,1.4156,1.4228,169965
07/23/2009,1.4208,1.4294,1.4119,1.4204,236743
07/24/2009,1.415,1.4255,1.4135,1.4216,166162
07/27/2009,1.4227,1.4299,1.4171,1.4244,181275
07/28/2009,1.4242,1.4306,1.4131,1.4177,257173
07/29/2009,1.4169,1.4197,1.4007,1.4008,298175
07/30/2009,1.4038,1.4096,1.4008,1.4077,224051
07/31/2009,1.407,1.4282,1.4065,1.4254,284727
08/03/2009,1.4269,1.4446,1.4207,1.4409,269338
08/04/2009,1.4418,1.4433,1.4368,1.4389,168745
08/05/2009,1.44,1.4449,1.4355,1.443,200410
08/06/2009,1.4415,1.4433,1.4329,1.4343,207832
08/07/2009,1.4353,1.4419,1.4155,1.4172,273006
08/10/2009,1.4175,1.422,1.4105,1.4132,175885
08/11/2009,1.4144,1.4187,1.411,1.4148,165312
08/12/2009,1.4148,1.4249,1.4087,1.4214,249029
08/13/2009,1.4205,1.4329,1.4201,1.4264,215474
08/14/2009,1.4283,1.4308,1.416,1.417,166529
08/17/2009,1.4192,1.4195,1.4045,1.4082,186801
08/18/2009,1.4073,1.4157,1.4068,1.4139,176720
08/19/2009,1.413,1.4268,1.4085,1.424,264852
08/20/2009,1.4229,1.4279,1.4201,1.4256,163412
08/21/2009,1.4247,1.4378,1.4208,1.4336,223974
08/24/2009,1.4342,1.436,1.4281,1.4288,140613
08/25/2009,1.4299,1.4372,1.4253,1.4308,176910
08/26/2009,1.4297,1.4353,1.4206,1.4241,197537
08/27/2009,1.4244,1.4409,1.422,1.4372,229045
08/28/2009,1.4347,1.439,1.4281,1.4287,176381
08/31/2009,1.4305,1.4368,1.4256,1.433,162745
09/01/2009,1.4331,1.4379,1.4177,1.4214,256408
09/02/2009,1.4222,1.4296,1.4189,1.4272,204208
09/03/2009,1.4264,1.435,1.4237,1.425,198535
09/04/2009,1.4255,1.433,1.4191,1.4309,218074
09/08/2009,1.4309,1.4536,1.4303,1.4489,297778
09/09/2009,1.4494,1.4602,1.4467,1.4543,199920
09/10/2009,1.4563,1.4614,1.4503,1.4583,169956
09/11/2009,1.4581,1.4635,1.4552,1.4592,203402
09/14/2009,1.4596,1.4652,1.4514,1.4613,214700
09/15/2009,1.4625,1.4685,1.4558,1.4658,233857
09/16/2009,1.4659,1.4737,1.4641,1.4722,241223
09/17/2009,1.4708,1.4773,1.4687,1.4747,210889
09/18/2009,1.4742,1.4744,1.4646,1.472,177035
09/21/2009,1.4695,1.4712,1.461,1.4677,176858
09/22/2009,1.468,1.4822,1.4675,1.479,181689
09/23/2009,1.4785,1.4844,1.4726,1.4797,229402
09/24/2009,1.4699,1.4802,1.4627,1.4653,283645
09/25/2009,1.4664,1.4725,1.4614,1.4664,225108
09/28/2009,1.47,1.4719,1.4562,1.459,234719
09/29/2009,1.4611,1.4646,1.4521,1.4568,245299
09/30/2009,1.4585,1.4674,1.4574,1.4645,294482
10/01/2009,1.4639,1.4667,1.4515,1.4534,262497
10/02/2009,1.4539,1.4647,1.4479,1.4587,297781
10/05/2009,1.4587,1.4668,1.4578,1.466,157196
10/06/2009,1.4649,1.4761,1.4644,1.4709,207435
10/07/2009,1.4722,1.4736,1.4645,1.4668,221072
10/08/2009,1.4685,1.4816,1.468,1.4775,281045
10/09/2009,1.4793,1.4793,1.467,1.4707,212759
10/12/2009,1.4718,1.4811,1.4674,1.4787,122454
10/13/2009,1.4773,1.4874,1.4758,1.482,247927
10/14/2009,1.4851,1.4944,1.4836,1.4903,218334
10/15/2009,1.493,1.4964,1.484,1.4926,244378
10/16/2009,1.4935,1.4965,1.4846,1.4897,219870
10/19/2009,1.4897,1.4965,1.4826,1.4942,189175
10/20/2009,1.4963,1.4992,1.488,1.4925,252680
10/21/2009,1.4935,1.5045,1.4886,1.5034,297781
10/22/2009,1.5004,1.5038,1.4942,1.5024,222875
10/23/2009,1.5028,1.5059,1.4983,1.5,232306
10/26/2009,1.5,1.5062,1.4843,1.4857,261141
10/27/2009,1.487,1.4927,1.4767,1.4806,330482
10/28/2009,1.4807,1.4839,1.469,1.4718,318928
10/29/2009,1.4719,1.4858,1.4681,1.4844,312544
10/30/2009,1.4833,1.4857,1.4702,1.4726,313640
11/02/2009,1.473,1.4843,1.47,1.4751,277473
11/03/2009,1.4772,1.4811,1.4624,1.4701,333458
11/04/2009,1.4718,1.4908,1.47,1.4895,290221
11/05/2009,1.4874,1.4916,1.481,1.4867,207097
11/06/2009,1.4872,1.4913,1.4812,1.4835,260485
11/09/2009,1.4874,1.5019,1.4851,1.4996,194821
11/10/2009,1.4996,1.5019,1.4936,1.4979,220304
11/11/2009,1.4983,1.5048,1.4951,1.4962,228091
11/12/2009,1.4982,1.5016,1.482,1.4863,315833
11/13/2009,1.4846,1.4937,1.4823,1.4893,246095
11/16/2009,1.4921,1.5015,1.4878,1.4983,279006
11/17/2009,1.4965,1.4998,1.4806,1.4853,280662
11/18/2009,1.4863,1.499,1.4862,1.4938,259800
11/19/2009,1.4961,1.4963,1.4842,1.4917,285426
11/20/2009,1.4913,1.4934,1.4799,1.4855,269615
11/23/2009,1.4852,1.4999,1.4848,1.4972,201592
11/24/2009,1.4959,1.4988,1.4886,1.4975,249545
11/25/2009,1.4964,1.5144,1.4954,1.5137,266464
11/27/2009,1.5137,1.5141,1.4827,1.496,453052
11/30/2009,1.501,1.5084,1.4964,1.4991,274033
12/01/2009,1.5005,1.5118,1.497,1.5094,268011
12/02/2009,1.5077,1.511,1.5032,1.5035,226483
12/03/2009,1.5046,1.5142,1.5045,1.509,309711
12/04/2009,1.5052,1.5092,1.4821,1.4827,451403
12/07/2009,1.4871,1.4905,1.4755,1.482,310855
12/08/2009,1.4827,1.4867,1.468,1.4682,330763
12/09/2009,1.4704,1.4782,1.4667,1.4715,304302
12/10/2009,1.4737,1.476,1.4684,1.4719,168421
12/11/2009,1.4726,1.4772,1.4581,1.4614,272679
12/14/2009,1.4611,1.4682,1.4599,1.4643,194822
12/15/2009,1.4648,1.4655,1.4497,1.4523,241078
12/16/2009,1.4536,1.4588,1.4501,1.4512,238175
12/17/2009,1.4528,1.4531,1.4302,1.4347,302014
12/18/2009,1.4346,1.4409,1.4258,1.4319,245094
12/21/2009,1.4309,1.437,1.4265,1.4287,139737
12/22/2009,1.427,1.433,1.4215,1.4252,176316
12/23/2009,1.4251,1.4365,1.4232,1.4334,139657
12/24/2009,1.433,1.4416,1.4327,1.4353,57193
12/28/2009,1.4372,1.4411,1.4349,1.438,59279
12/29/2009,1.4368,1.4457,1.433,1.435,151808
12/30/2009,1.4346,1.436,1.4271,1.4333,134788
12/31/2009,1.4339,1.444,1.4304,1.4334,103125
01/04/2010,1.4323,1.4455,1.4256,1.441,221750
01/05/2010,1.4407,1.4483,1.4344,1.4367,218270
01/06/2010,1.4362,1.4433,1.4281,1.4408,263831
01/07/2010,1.44,1.4446,1.4296,1.4325,243923
01/08/2010,1.4306,1.4438,1.4261,1.4415,348468
01/11/2010,1.441,1.4555,1.4409,1.4518,212216
01/12/2010,1.4512,1.4544,1.4452,1.4495,226302
01/13/2010,1.4492,1.4577,1.4455,1.4511,271150
01/14/2010,1.45,1.4555,1.4443,1.4501,245562
01/15/2010,1.4497,1.4511,1.4334,1.4355,252340
01/19/2010,1.4348,1.4413,1.4249,1.429,345534
01/20/2010,1.4288,1.4288,1.4078,1.4105,341110
01/21/2010,1.4107,1.4142,1.4027,1.4103,366647
01/22/2010,1.4082,1.418,1.4064,1.4134,272957
01/25/2010,1.4147,1.4193,1.4126,1.4149,187851
01/26/2010,1.4148,1.4177,1.404,1.4085,313123
01/27/2010,1.4079,1.4095,1.3991,1.4033,335848
01/28/2010,1.4027,1.4051,1.3929,1.3975,376943
01/29/2010,1.3963,1.3987,1.3858,1.3865,356293
02/01/2010,1.386,1.3937,1.3851,1.392,246958
02/02/2010,1.3932,1.3974,1.3884,1.3963,265894
02/03/2010,1.3965,1.4026,1.3885,1.3902,323139
02/04/2010,1.3892,1.3901,1.3722,1.3743,409551
02/05/2010,1.3728,1.3746,1.3584,1.3635,464958
02/08/2010,1.3657,1.3714,1.3621,1.3671,247392
02/09/2010,1.3658,1.384,1.3648,1.3773,431230
02/10/2010,1.3792,1.3812,1.3676,1.3735,298921
02/11/2010,1.3733,1.3801,1.3594,1.3687,369678
02/12/2010,1.3689,1.3695,1.3531,1.3617,339011
02/16/2010,1.3618,1.3779,1.3578,1.3756,321535
02/17/2010,1.3759,1.3789,1.3584,1.3616,293170
02/18/2010,1.36,1.3655,1.3496,1.3616,346438
02/19/2010,1.3496,1.3619,1.3442,1.3595,342249
02/22/2010,1.3617,1.3654,1.3572,1.3607,219062
02/23/2010,1.36,1.3692,1.3497,1.3522,387964
02/24/2010,1.3513,1.3627,1.3502,1.3525,325557
02/25/2010,1.354,1.3571,1.3451,1.3544,384343
02/26/2010,1.3542,1.3684,1.353,1.3621,379305
03/01/2010,1.3624,1.3654,1.346,1.3575,358508
03/02/2010,1.3569,1.3623,1.3433,1.36,370881
03/03/2010,1.3608,1.3737,1.3592,1.37,367057
03/04/2010,1.3694,1.3713,1.355,1.3577,364918
03/05/2010,1.3581,1.363,1.353,1.3623,297999
03/08/2010,1.3641,1.3705,1.3605,1.3633,238518
03/09/2010,1.3628,1.3636,1.3536,1.3593,303465
03/10/2010,1.3601,1.368,1.3544,1.3651,266173
03/11/2010,1.3655,1.3688,1.362,1.3673,156228
03/12/2010,1.3674,1.3796,1.3668,1.3757,290812
03/15/2010,1.3762,1.3776,1.3639,1.3673,225669
03/16/2010,1.3678,1.3785,1.3658,1.3757,288581
03/17/2010,1.3771,1.3819,1.3727,1.3754,254490
03/18/2010,1.3736,1.3742,1.3587,1.362,309394
03/19/2010,1.3609,1.3628,1.3503,1.3536,286789
03/22/2010,1.3531,1.3569,1.3463,1.3544,303153
03/23/2010,1.3565,1.357,1.3475,1.3489,324045
03/24/2010,1.3496,1.3501,1.3312,1.3338,413012
03/25/2010,1.3325,1.3388,1.3266,1.3291,379887
03/26/2010,1.3284,1.3425,1.3268,1.34,344158
03/29/2010,1.3467,1.3506,1.3418,1.3464,235099
03/30/2010,1.3476,1.3538,1.3396,1.3421,305069
03/31/2010,1.3421,1.3549,1.3385,1.351,375318
04/01/2010,1.3507,1.3593,1.346,1.357,312578
04/02/2010,1.3587,1.3593,1.3477,1.3486,54830
04/05/2010,1.3492,1.3539,1.346,1.3484,128059
04/06/2010,1.3483,1.3498,1.3355,1.3394,310565
04/07/2010,1.3396,1.3409,1.3326,1.3372,289314
04/08/2010,1.3341,1.3367,1.3283,1.3351,313608
04/09/2010,1.3357,1.3506,1.3342,1.3456,382153
04/12/2010,1.3628,1.3694,1.3567,1.3588,305464
04/13/2010,1.359,1.3629,1.3546,1.3596,246408
04/14/2010,1.3616,1.3682,1.3595,1.3656,312008
04/15/2010,1.3652,1.3669,1.3523,1.3576,302972
04/16/2010,1.358,1.3583,1.3474,1.3498,340398
04/19/2010,1.348,1.35,1.3417,1.3475,256836
04/20/2010,1.349,1.3525,1.3429,1.3441,271979
04/21/2010,1.3443,1.3449,1.3359,1.3405,273882
04/22/2010,1.3391,1.3424,1.3259,1.3315,448260
04/23/2010,1.3291,1.3402,1.3202,1.3388,422184
04/26/2010,1.335,1.3399,1.3292,1.3345,294426
04/27/2010,1.3393,1.3415,1.3165,1.3209,539793
04/28/2010,1.3165,1.3268,1.3117,1.3189,605208
04/29/2010,1.3211,1.3281,1.3186,1.3246,360330
04/30/2010,1.3241,1.3344,1.3227,1.3308,361569
05/03/2010,1.3333,1.3335,1.3156,1.3214,250178
05/04/2010,1.319,1.3216,1.2982,1.3005,468697
05/05/2010,1.2977,1.2999,1.2806,1.2827,569862
05/06/2010,1.2819,1.2859,1.2525,1.2603,828859
05/07/2010,1.2643,1.2803,1.2591,1.274,672554
05/10/2010,1.2922,1.3097,1.2758,1.2802,606839
05/11/2010,1.279,1.2804,1.2652,1.2696,425029
05/12/2010,1.2636,1.2742,1.2607,1.2634,315250
05/13/2010,1.2633,1.2687,1.2516,1.2565,288648
05/14/2010,1.2526,1.2578,1.2355,1.2387,460512
05/17/2010,1.2353,1.2417,1.2235,1.2389,491594
05/18/2010,1.2399,1.2447,1.2163,1.2207,550193
05/19/2010,1.2172,1.2425,1.214,1.2376,638060
05/20/2010,1.2424,1.26,1.2297,1.2568,605424
05/21/2010,1.2475,1.2674,1.2465,1.2587,419525
05/24/2010,1.255,1.2565,1.2346,1.2402,280348
05/25/2010,1.2353,1.2358,1.2181,1.2318,400948
05/26/2010,1.2371,1.238,1.217,1.2201,352971
05/27/2010,1.2166,1.2397,1.2155,1.2379,479857
05/28/2010,1.236,1.2456,1.2267,1.2324,366661
06/01/2010,1.2283,1.2357,1.2112,1.2258,530192
06/02/2010,1.2216,1.2276,1.2175,1.224,333002
06/03/2010,1.225,1.2328,1.2152,1.2178,353616
06/04/2010,1.2165,1.2217,1.1955,1.1966,516180
06/07/2010,1.1952,1.1992,1.1874,1.1936,373148
06/08/2010,1.1919,1.201,1.1902,1.1924,420693
06/09/2010,1.1964,1.2074,1.1924,1.1985,341633
06/10/2010,1.1983,1.2144,1.1957,1.2096,285964
06/11/2010,1.2118,1.2164,1.2054,1.2084,266377
06/14/2010,1.2128,1.2309,1.2124,1.2251,305666
06/15/2010,1.2221,1.236,1.2177,1.2343,330596
06/16/2010,1.233,1.2363,1.2263,1.2322,256776
06/17/2010,1.2312,1.2423,1.2251,1.2387,316888
06/18/2010,1.2387,1.2426,1.2362,1.2371,189830
06/21/2010,1.2439,1.2477,1.2311,1.2328,257963
06/22/2010,1.233,1.2362,1.2258,1.2273,282277
06/23/2010,1.2278,1.2352,1.2216,1.2329,312742
06/24/2010,1.2317,1.2395,1.2268,1.2338,343129
06/25/2010,1.2337,1.2402,1.226,1.2393,299215
06/28/2010,1.2384,1.2404,1.227,1.2292,250731
06/29/2010,1.2286,1.2296,1.2157,1.2214,330210
06/30/2010,1.2198,1.2311,1.2172,1.2248,345791
07/01/2010,1.2239,1.2545,1.2197,1.2481,480784
07/02/2010,1.2519,1.2617,1.2486,1.2557,279628
07/06/2010,1.2559,1.2666,1.2483,1.2623,359963
07/07/2010,1.2627,1.2668,1.2556,1.2654,288348
07/08/2010,1.2635,1.2725,1.2622,1.268,249254
07/09/2010,1.2694,1.2723,1.2609,1.2646,247622
07/12/2010,1.264,1.2649,1.2552,1.2597,184312
07/13/2010,1.2592,1.274,1.2524,1.2702,337464
07/14/2010,1.2728,1.2779,1.2682,1.273,255092
07/15/2010,1.2742,1.2967,1.2708,1.2895,341871
07/16/2010,1.2931,1.3006,1.2889,1.2943,289643
07/19/2010,1.2906,1.299,1.2869,1.2958,226230
07/20/2010,1.2947,1.3029,1.2838,1.2893,285869
07/21/2010,1.289,1.2912,1.2731,1.2743,273136
07/22/2010,1.2754,1.2933,1.2737,1.2893,284053
07/23/2010,1.2887,1.2966,1.2792,1.292,347918
07/26/2010,1.2896,1.3006,1.2876,1.2988,229854
07/27/2010,1.2986,1.3046,1.295,1.2988,277661
07/28/2010,1.3,1.3041,1.2965,1.2979,219732
07/29/2010,1.2988,1.3106,1.2977,1.3076,251094
07/30/2010,1.3077,1.3094,1.298,1.3054,285059
08/02/2010,1.306,1.3195,1.3054,1.3167,256865
08/03/2010,1.3172,1.3262,1.3146,1.3231,236132
08/04/2010,1.3227,1.3239,1.3129,1.3172,263048
08/05/2010,1.3156,1.3235,1.3118,1.3175,242098
08/06/2010,1.3185,1.3333,1.3156,1.3274,288250
08/09/2010,1.3284,1.3307,1.3215,1.3225,165319
08/10/2010,1.3225,1.323,1.3073,1.3197,303762
08/11/2010,1.3177,1.3186,1.2859,1.2878,421976
08/12/2010,1.2846,1.2932,1.2779,1.2822,360136
08/13/2010,1.2826,1.2906,1.2749,1.2752,281618
08/16/2010,1.2763,1.2871,1.2732,1.2807,237735
08/17/2010,1.2823,1.2915,1.2803,1.288,295886
08/18/2010,1.2878,1.2922,1.2822,1.2863,258924
08/19/2010,1.2854,1.2903,1.277,1.2822,375279
08/20/2010,1.2818,1.2834,1.2663,1.2709,306570
08/23/2010,1.2708,1.273,1.2646,1.268,246326
08/24/2010,1.265,1.2719,1.2587,1.2672,378965
08/25/2010,1.2634,1.2727,1.2607,1.2654,333730
08/26/2010,1.2662,1.2764,1.265,1.2702,333413
08/27/2010,1.2714,1.278,1.2675,1.2731,313182
08/30/2010,1.2765,1.2766,1.2658,1.2666,184358
08/31/2010,1.2664,1.2743,1.2623,1.2662,294866
09/01/2010,1.2688,1.2856,1.2662,1.2796,313070
09/02/2010,1.28,1.2848,1.2775,1.2812,249002
09/03/2010,1.2824,1.2897,1.2808,1.2878,272209
09/07/2010,1.2893,1.2919,1.2677,1.27,416476
09/08/2010,1.2681,1.2763,1.2659,1.2721,325023
09/09/2010,1.2722,1.2766,1.2664,1.2698,224476
09/10/2010,1.2694,1.2744,1.264,1.2713,270384
09/13/2010,1.2703,1.2889,1.27,1.286,294789
09/14/2010,1.2871,1.3029,1.2825,1.3015,417330
09/15/2010,1.2986,1.3033,1.2952,1.3002,330978
09/16/2010,1.3007,1.3112,1.2971,1.3076,350791
09/17/2010,1.3071,1.3155,1.3016,1.3039,327492
09/20/2010,1.3045,1.3118,1.3025,1.3056,231078
09/21/2010,1.3059,1.3284,1.3054,1.3241,327891
09/22/2010,1.3246,1.3437,1.3244,1.3384,427722
09/23/2010,1.3396,1.3412,1.3301,1.3331,342300
09/24/2010,1.3312,1.3494,1.3284,1.3467,304147
09/27/2010,1.3484,1.3505,1.3422,1.3471,209068
09/28/2010,1.344,1.3592,1.3377,1.3562,427542
09/29/2010,1.3582,1.3644,1.3564,1.3637,335517
09/30/2010,1.3617,1.3678,1.3553,1.3634,434769
10/01/2010,1.3624,1.3786,1.3611,1.3772,323301
10/04/2010,1.3784,1.3784,1.366,1.3679,263075
10/05/2010,1.3669,1.3854,1.3632,1.384,364432
10/06/2010,1.3827,1.3942,1.3792,1.3929,341495
10/07/2010,1.3917,1.4022,1.3849,1.3922,449914
10/08/2010,1.3911,1.3978,1.3825,1.3904,413239
10/11/2010,1.3993,1.4001,1.3859,1.388,192403
10/12/2010,1.3874,1.3931,1.3768,1.3906,396796
10/13/2010,1.3911,1.3996,1.3905,1.3956,295685
10/14/2010,1.3953,1.4116,1.3948,1.4049,336100
10/15/2010,1.407,1.4156,1.3929,1.3954,459984
10/18/2010,1.3964,1.399,1.3823,1.3988,316840
10/19/2010,1.3938,1.3996,1.3703,1.3732,485586
10/20/2010,1.3732,1.3982,1.3688,1.3949,438765
10/21/2010,1.3949,1.4042,1.3862,1.3922,414770
10/22/2010,1.3919,1.3966,1.385,1.392,268569
10/25/2010,1.3942,1.4072,1.3926,1.3967,284655
10/26/2010,1.3948,1.3974,1.3817,1.384,340318
10/27/2010,1.3851,1.3871,1.3726,1.3752,359292
10/28/2010,1.3769,1.3939,1.3761,1.3919,368490
10/29/2010,1.392,1.3946,1.38,1.3888,350953
11/01/2010,1.3961,1.4005,1.3856,1.3881,289250
11/02/2010,1.389,1.4052,1.3875,1.4029,332627
11/03/2010,1.4025,1.4201,1.3984,1.4098,438195
11/04/2010,1.4122,1.4276,1.4095,1.4202,410020
11/05/2010,1.4207,1.4245,1.4017,1.4038,410020
11/08/2010,1.405,1.4079,1.3881,1.3918,327333
11/09/2010,1.391,1.397,1.3745,1.3826,442912
11/10/2010,1.3758,1.382,1.3665,1.3773,490814
11/11/2010,1.3771,1.3817,1.3632,1.3649,360751
11/12/2010,1.3659,1.3774,1.3569,1.369,482797
11/15/2010,1.3677,1.3747,1.3561,1.3598,369300
11/16/2010,1.3578,1.3652,1.3444,1.3487,454019
11/17/2010,1.3485,1.3564,1.3458,1.3519,317980
11/18/2010,1.3526,1.3669,1.3526,1.363,329522
11/19/2010,1.3639,1.3732,1.3606,1.3671,262401
11/22/2010,1.3735,1.3785,1.3576,1.3613,336710
11/23/2010,1.3622,1.3629,1.3359,1.3373,452251
11/24/2010,1.338,1.3421,1.3282,1.3313,370767
11/26/2010,1.3337,1.3388,1.32,1.3242,389971
11/29/2010,1.3273,1.3302,1.3063,1.3116,430369
11/30/2010,1.3112,1.315,1.2968,1.3009,502072
12/01/2010,1.2985,1.3182,1.2969,1.3132,495759
12/02/2010,1.3124,1.3247,1.3059,1.3202,486962
12/03/2010,1.3213,1.3438,1.3192,1.3378,402403
12/06/2010,1.3407,1.3421,1.3244,1.332,352351
12/07/2010,1.3307,1.34,1.3257,1.3286,365196
12/08/2010,1.3267,1.328,1.3179,1.326,371737
12/09/2010,1.3265,1.3327,1.3163,1.3236,313895
12/10/2010,1.3234,1.3278,1.3172,1.3224,222817
12/13/2010,1.32,1.343,1.3176,1.3395,320719
12/14/2010,1.3379,1.3493,1.3358,1.3383,373433
12/15/2010,1.3378,1.3378,1.3204,1.321,337425
12/16/2010,1.3216,1.3263,1.3178,1.321,271206
12/17/2010,1.3238,1.3358,1.3129,1.3173,338273
12/20/2010,1.3163,1.318,1.3091,1.3114,217297
12/21/2010,1.3118,1.3199,1.3069,1.3088,228039
12/22/2010,1.3093,1.3179,1.3073,1.3083,215272
12/23/2010,1.3097,1.3148,1.305,1.3111,201048
12/27/2010,1.3109,1.3168,1.3068,1.314,93879
12/28/2010,1.3156,1.3272,1.3091,1.3114,205415
12/29/2010,1.3104,1.324,1.308,1.3211,154904
12/30/2010,1.3216,1.3313,1.3215,1.3282,179146
12/31/2010,1.3287,1.3423,1.3284,1.3364,89767
01/03/2011,1.3344,1.3394,1.3248,1.3362,232011
01/04/2011,1.335,1.3431,1.3287,1.3301,310679
01/05/2011,1.3306,1.3322,1.3121,1.3146,361260
01/06/2011,1.315,1.3165,1.2992,1.301,388774
01/07/2011,1.3,1.3023,1.2901,1.2929,436215
01/10/2011,1.2893,1.2961,1.287,1.2949,301045
01/11/2011,1.2944,1.2989,1.2898,1.2966,321036
01/12/2011,1.2972,1.3142,1.2957,1.3128,465059
01/13/2011,1.3122,1.3379,1.3084,1.3343,518037
01/14/2011,1.3345,1.3453,1.331,1.3353,358114
01/18/2011,1.3369,1.3462,1.3234,1.338,539424
01/19/2011,1.3382,1.3534,1.3362,1.3453,373392
01/20/2011,1.3455,1.3518,1.339,1.3466,384487
01/21/2011,1.3456,1.3622,1.3442,1.3591,326435
01/24/2011,1.3602,1.368,1.3533,1.3629,296429
01/25/2011,1.3632,1.3696,1.3566,1.3663,393954
01/26/2011,1.3672,1.3714,1.3632,1.3675,297228
01/27/2011,1.3692,1.3753,1.3629,1.3722,384226
01/28/2011,1.3725,1.374,1.3576,1.3609,368088
01/31/2011,1.3575,1.3734,1.3564,1.3688,332910
02/01/2011,1.3683,1.3836,1.3682,1.3813,365982
02/02/2011,1.3815,1.3856,1.376,1.3792,276187
02/03/2011,1.3799,1.382,1.3604,1.3629,416132
02/04/2011,1.3622,1.3676,1.3538,1.3579,368615
02/07/2011,1.3568,1.3621,1.3502,1.3582,284488
02/08/2011,1.3575,1.3683,1.3568,1.3621,350509
02/09/2011,1.3622,1.3739,1.3604,1.3718,356255
02/10/2011,1.3717,1.3724,1.3572,1.3586,342236
02/11/2011,1.3595,1.3617,1.3492,1.3534,349106
02/14/2011,1.3525,1.3555,1.3424,1.3478,290380
02/15/2011,1.3488,1.3547,1.3457,1.3489,319852
02/16/2011,1.3485,1.3586,1.3458,1.3564,418100
02/17/2011,1.3555,1.3617,1.3533,1.3601,294706
02/18/2011,1.3605,1.3714,1.3542,1.3681,354605
02/22/2011,1.3687,1.3714,1.3523,1.3658,505527
02/23/2011,1.3653,1.3785,1.3651,1.3741,311028
02/24/2011,1.3747,1.3819,1.3701,1.3805,311866
02/25/2011,1.3799,1.3837,1.3721,1.3741,238622
02/28/2011,1.3745,1.3854,1.371,1.3801,272105
03/01/2011,1.3803,1.3853,1.3761,1.377,276952
03/02/2011,1.3774,1.389,1.3742,1.386,336858
03/03/2011,1.3863,1.3975,1.3831,1.3956,432965
03/04/2011,1.3959,1.4007,1.3938,1.3985,342618
03/07/2011,1.399,1.4035,1.3954,1.3966,235370
03/08/2011,1.3968,1.3988,1.386,1.3901,297445
03/09/2011,1.3904,1.3941,1.3854,1.3903,228511
03/10/2011,1.3906,1.3924,1.3774,1.3795,312115
03/11/2011,1.3784,1.3898,1.3733,1.3869,300884
03/14/2011,1.3948,1.3984,1.3886,1.3973,273759
03/15/2011,1.3969,1.3995,1.3836,1.3978,380356
03/16/2011,1.3977,1.3984,1.3848,1.3882,370287
03/17/2011,1.3904,1.4036,1.385,1.3988,311103
03/18/2011,1.3999,1.4167,1.3962,1.4137,289168
03/21/2011,1.4159,1.4221,1.412,1.4207,233494
03/22/2011,1.4197,1.4229,1.4159,1.4185,218874
03/23/2011,1.4183,1.4196,1.4066,1.4103,310573
03/24/2011,1.4076,1.4202,1.4035,1.4164,291925
03/25/2011,1.4156,1.4176,1.4036,1.4051,236849
03/28/2011,1.4029,1.4097,1.4,1.4078,237107
03/29/2011,1.4065,1.413,1.4026,1.4068,277555
03/30/2011,1.4088,1.4129,1.4031,1.41,293284
03/31/2011,1.4107,1.4214,1.4096,1.4181,313084
04/01/2011,1.4151,1.4227,1.4041,1.4216,402264
04/04/2011,1.4217,1.4249,1.4173,1.4198,204570
04/05/2011,1.42,1.4226,1.4131,1.4205,258552
04/06/2011,1.4202,1.4329,1.4197,1.4314,312891
04/07/2011,1.4309,1.4316,1.4222,1.4278,337531
04/08/2011,1.4282,1.4468,1.427,1.4414,257705
04/11/2011,1.4431,1.4462,1.44,1.4408,174733
04/12/2011,1.4415,1.45,1.4356,1.4466,299001
04/13/2011,1.4459,1.45,1.4392,1.442,269514
04/14/2011,1.4424,1.4495,1.4345,1.4471,299102
04/15/2011,1.4468,1.4484,1.437,1.4416,255421
04/18/2011,1.4399,1.4402,1.4137,1.4215,408656
04/19/2011,1.4214,1.4334,1.4186,1.4321,258471
04/20/2011,1.4314,1.4532,1.4311,1.4497,310725
04/21/2011,1.4505,1.4631,1.4487,1.4555,276678
04/25/2011,1.4547,1.4609,1.4508,1.4567,103252
04/26/2011,1.4562,1.464,1.4476,1.4614,241838
04/27/2011,1.4629,1.4778,1.4614,1.4721,313572
04/28/2011,1.4757,1.4864,1.4755,1.4802,279673
04/29/2011,1.4807,1.4862,1.4781,1.482,178997
05/02/2011,1.481,1.4885,1.4744,1.483,214345
05/03/2011,1.4809,1.4874,1.4738,1.4803,288611
05/04/2011,1.4807,1.4925,1.4758,1.4833,374774
05/05/2011,1.4813,1.4884,1.4496,1.4508,509966
05/06/2011,1.4524,1.4575,1.4294,1.4323,541290
05/09/2011,1.4351,1.443,1.4242,1.4324,386539
05/10/2011,1.4339,1.4402,1.4258,1.4383,320311
05/11/2011,1.4399,1.4413,1.4161,1.4184,360158
05/12/2011,1.419,1.4267,1.4115,1.4219,369384
05/13/2011,1.4231,1.433,1.4056,1.41,390026
05/16/2011,1.4071,1.4236,1.4038,1.418,313519
05/17/2011,1.4151,1.4232,1.4111,1.4218,349355
05/18/2011,1.4225,1.4279,1.4186,1.4216,288025
05/19/2011,1.4244,1.4319,1.4198,1.4303,346643
05/20/2011,1.4303,1.4339,1.4126,1.4198,421575
05/23/2011,1.413,1.4139,1.3963,1.4054,407144
05/24/2011,1.4044,1.4127,1.3995,1.4103,310004
05/25/2011,1.4092,1.4113,1.4006,1.407,377507
05/26/2011,1.4078,1.4203,1.4063,1.4137,375246
05/27/2011,1.4131,1.43,1.4122,1.4268,328971
05/31/2011,1.4308,1.4422,1.4254,1.4379,339937
06/01/2011,1.4389,1.4458,1.4318,1.4369,362977
06/02/2011,1.433,1.4512,1.4322,1.448,339442
06/03/2011,1.4486,1.4641,1.4448,1.4622,364897
06/06/2011,1.4629,1.4658,1.4555,1.4585,235621
06/07/2011,1.4579,1.4695,1.4562,1.4692,281977
06/08/2011,1.4688,1.4692,1.4562,1.4577,312970
06/09/2011,1.4577,1.4659,1.4476,1.4509,357202
06/10/2011,1.447,1.451,1.4281,1.4312,327614
06/13/2011,1.4292,1.439,1.428,1.4372,210274
06/14/2011,1.4374,1.4456,1.4339,1.4426,231077
06/15/2011,1.4401,1.441,1.4118,1.4132,412224
06/16/2011,1.413,1.4186,1.4039,1.4103,415302
06/17/2011,1.4176,1.4303,1.4091,1.4276,319613
06/20/2011,1.4237,1.4291,1.4154,1.4267,241768
06/21/2011,1.427,1.4386,1.426,1.438,259111
06/22/2011,1.4368,1.4407,1.4306,1.4338,287842
06/23/2011,1.4303,1.4304,1.4093,1.4182,398872
06/24/2011,1.423,1.4273,1.4109,1.4138,310735
06/27/2011,1.4155,1.4263,1.407,1.4233,293388
06/28/2011,1.4259,1.4366,1.4204,1.4331,365362
06/29/2011,1.4338,1.4416,1.4292,1.4394,344987
06/30/2011,1.4401,1.4507,1.4395,1.4488,290440
07/01/2011,1.4462,1.452,1.4405,1.4478,251737
07/05/2011,1.4512,1.4547,1.4365,1.4381,318440
07/06/2011,1.4397,1.4437,1.4256,1.4266,299631
07/07/2011,1.4291,1.4345,1.4191,1.432,340487
07/08/2011,1.433,1.434,1.4176,1.4214,369874
07/11/2011,1.4192,1.42,1.3958,1.3996,419777
07/12/2011,1.4019,1.4037,1.3811,1.4,573663
07/13/2011,1.3942,1.4165,1.3923,1.4117,436217
07/14/2011,1.4189,1.4256,1.4087,1.4108,371851
07/15/2011,1.4121,1.4173,1.4065,1.4108,288739
07/18/2011,1.41,1.4108,1.3988,1.4057,277153
07/19/2011,1.4078,1.4193,1.4043,1.4108,372547
07/20/2011,1.4128,1.4216,1.4108,1.4201,304958
07/21/2011,1.4196,1.4413,1.4114,1.439,491312
07/22/2011,1.4394,1.4414,1.43,1.4344,264324
07/25/2011,1.438,1.4384,1.4301,1.4362,235496
07/26/2011,1.4355,1.4505,1.4336,1.4498,286679
07/27/2011,1.449,1.4514,1.4319,1.4352,333394
07/28/2011,1.4349,1.4382,1.4234,1.4292,305232
07/29/2011,1.4308,1.4398,1.4212,1.4348,360049
08/01/2011,1.4339,1.4438,1.4169,1.4249,389581
08/02/2011,1.4238,1.4271,1.4139,1.418,371534
08/03/2011,1.4179,1.4332,1.4131,1.4298,420381
08/04/2011,1.4346,1.4355,1.407,1.4121,577693
08/05/2011,1.4077,1.4286,1.4041,1.425,513927
08/08/2011,1.4349,1.4393,1.412,1.4179,470736
08/09/2011,1.416,1.4372,1.4145,1.4209,485590
08/10/2011,1.4385,1.4395,1.4154,1.4193,457078
08/11/2011,1.4157,1.429,1.4098,1.4208,448990
08/12/2011,1.4231,1.4286,1.4143,1.4238,275331
08/15/2011,1.4256,1.4472,1.4256,1.4444,307301
08/16/2011,1.4441,1.4467,1.4348,1.4389,317023
08/17/2011,1.4394,1.4512,1.4319,1.4446,320199
08/18/2011,1.4418,1.4447,1.4265,1.432,325556
08/19/2011,1.4323,1.4449,1.4253,1.4382,313366
08/22/2011,1.4372,1.443,1.4342,1.4367,182568
08/23/2011,1.4351,1.4497,1.4349,1.442,277467
08/24/2011,1.4429,1.4478,1.4374,1.4416,256054
08/25/2011,1.4405,1.4472,1.4322,1.4364,321648
08/26/2011,1.437,1.45,1.4324,1.448,350854
08/29/2011,1.449,1.4553,1.4462,1.4503,164570
08/30/2011,1.451,1.453,1.438,1.4447,243875
08/31/2011,1.4436,1.4466,1.4355,1.4377,246224
09/01/2011,1.4376,1.4378,1.4224,1.427,290076
09/02/2011,1.4259,1.4287,1.418,1.4184,262475
09/06/2011,1.4162,1.4283,1.3969,1.3986,605886
09/07/2011,1.4,1.4149,1.3991,1.4089,286012
09/08/2011,1.4093,1.4095,1.3871,1.3888,378127
09/09/2011,1.3886,1.3935,1.3625,1.3658,472976
09/12/2011,1.3574,1.3695,1.3497,1.3575,389990
09/13/2011,1.3662,1.3738,1.3556,1.371,423176
09/14/2011,1.3678,1.3782,1.359,1.3749,381821
09/15/2011,1.3742,1.3938,1.3703,1.3889,269199
09/16/2011,1.3872,1.3872,1.374,1.3783,301357
09/19/2011,1.3672,1.3711,1.3577,1.3658,318921
09/20/2011,1.3668,1.3738,1.3585,1.3678,307611
09/21/2011,1.3692,1.3791,1.3554,1.3665,352799
09/22/2011,1.3577,1.3594,1.338,1.3464,455837
09/23/2011,1.3458,1.3563,1.3414,1.3455,359907
09/26/2011,1.3501,1.3545,1.3357,1.3459,399493
09/27/2011,1.352,1.3662,1.3474,1.3639,370514
09/28/2011,1.3582,1.3684,1.3525,1.3571,307418
09/29/2011,1.3523,1.3675,1.3513,1.3556,279130
09/30/2011,1.358,1.3596,1.338,1.3415,323034
10/03/2011,1.3353,1.3379,1.3161,1.3217,376287
10/04/2011,1.3183,1.3368,1.3142,1.3236,416518
10/05/2011,1.3331,1.338,1.3256,1.3351,356614
10/06/2011,1.3345,1.3445,1.3235,1.3417,451604
10/07/2011,1.3425,1.3518,1.3353,1.3381,329607
10/10/2011,1.3382,1.369,1.3371,1.3654,256950
10/11/2011,1.3627,1.3676,1.3557,1.3653,286387
10/12/2011,1.364,1.3825,1.3573,1.3779,316600
10/13/2011,1.3771,1.3817,1.3676,1.3775,304876
10/14/2011,1.3764,1.3885,1.3714,1.387,283759
10/17/2011,1.3871,1.3905,1.3717,1.3735,282897
10/18/2011,1.3728,1.3811,1.3645,1.3734,338900
10/19/2011,1.3727,1.3862,1.3717,1.3739,291119
10/20/2011,1.3751,1.3837,1.3649,1.3763,428480
10/21/2011,1.3768,1.3897,1.3697,1.3859,290552
10/24/2011,1.3861,1.3949,1.3815,1.394,279707
10/25/2011,1.3925,1.3954,1.3842,1.392,343739
10/26/2011,1.3904,1.397,1.3792,1.389,353908
10/27/2011,1.3891,1.4241,1.3858,1.4201,432110
10/28/2011,1.4175,1.4195,1.4126,1.4148,233050
10/31/2011,1.4146,1.4166,1.3822,1.392,342132
11/01/2011,1.3855,1.3866,1.3604,1.3707,432717
11/02/2011,1.3693,1.3825,1.3633,1.3757,300005
11/03/2011,1.3741,1.3854,1.3652,1.383,446224
11/04/2011,1.3812,1.3879,1.3708,1.3773,321864
11/07/2011,1.3816,1.3819,1.3678,1.3771,267747
11/08/2011,1.3766,1.3846,1.3722,1.384,268761
11/09/2011,1.383,1.3857,1.3521,1.354,424486
11/10/2011,1.3527,1.3653,1.3484,1.3582,340140
11/11/2011,1.3608,1.3795,1.3578,1.3748,236711
11/14/2011,1.3775,1.3794,1.359,1.3611,229167
11/15/2011,1.3622,1.364,1.3495,1.3542,260681
11/16/2011,1.3527,1.3558,1.3428,1.3511,299129
11/17/2011,1.3457,1.354,1.342,1.3464,324009
11/18/2011,1.3466,1.3614,1.3447,1.3513,288299
11/21/2011,1.3522,1.3543,1.343,1.3496,272027
11/22/2011,1.3488,1.3569,1.3468,1.3506,270548
11/23/2011,1.3515,1.3531,1.3319,1.3328,304645
11/25/2011,1.3346,1.3412,1.3212,1.3239,305688
11/28/2011,1.3315,1.3401,1.3273,1.3303,246194
11/29/2011,1.3312,1.3444,1.3286,1.333,306908
11/30/2011,1.3332,1.3535,1.326,1.3436,441324
12/01/2011,1.3441,1.3522,1.3417,1.3456,280158
12/02/2011,1.346,1.355,1.3362,1.3404,281905
12/05/2011,1.3407,1.3487,1.3373,1.34,249473
12/06/2011,1.3395,1.3429,1.3333,1.341,231102
12/07/2011,1.3403,1.3453,1.335,1.3396,259934
12/08/2011,1.3415,1.3461,1.3288,1.3336,366724
12/09/2011,1.335,1.3434,1.3281,1.3371,295942
12/12/2011,1.3361,1.3377,1.3163,1.3186,260451
12/13/2011,1.3173,1.3237,1.3009,1.3038,387751
12/14/2011,1.3033,1.3065,1.2945,1.2975,273640
12/15/2011,1.2985,1.3051,1.2958,1.3012,210055
12/16/2011,1.3031,1.3096,1.3006,1.3037,230604
12/19/2011,1.3047,1.3055,1.2993,1.3026,158626
12/20/2011,1.3007,1.3142,1.3003,1.3084,191054
12/21/2011,1.3092,1.3224,1.3038,1.3057,235154
12/22/2011,1.3058,1.3133,1.3029,1.3058,147047
12/23/2011,1.3067,1.3109,1.304,1.3071,77608
12/27/2011,1.3089,1.3097,1.3072,1.3083,37818
12/28/2011,1.3082,1.3095,1.2924,1.2953,177098
12/29/2011,1.2954,1.2979,1.2869,1.2947,141379
12/30/2011,1.2961,1.3008,1.2915,1.2968,115573
01/03/2012,1.3047,1.3085,1.302,1.3063,137120
01/04/2012,1.3059,1.308,1.2904,1.2944,216058
01/05/2012,1.2948,1.2952,1.2777,1.2792,266261
01/06/2012,1.2798,1.282,1.2703,1.2729,227148
01/09/2012,1.27,1.2791,1.2673,1.2761,186645
01/10/2012,1.2773,1.2824,1.2747,1.2795,214390
01/11/2012,1.2778,1.2794,1.2664,1.27,289336
01/12/2012,1.2713,1.2848,1.2702,1.2832,321518
01/13/2012,1.2815,1.2884,1.2627,1.2672,400353
01/17/2012,1.2642,1.282,1.2628,1.2724,373270
01/18/2012,1.2741,1.2872,1.2736,1.284,353752
01/19/2012,1.2857,1.2975,1.2841,1.2937,285083
01/20/2012,1.2969,1.2989,1.2889,1.2925,241537
01/23/2012,1.2885,1.3056,1.288,1.302,270677
01/24/2012,1.3017,1.3066,1.2956,1.3025,308386
01/25/2012,1.3034,1.3124,1.2933,1.3087,365623
01/26/2012,1.3103,1.3186,1.3093,1.311,279417
01/27/2012,1.3107,1.3237,1.3078,1.3207,331156
01/30/2012,1.3218,1.3224,1.3078,1.3126,218465
01/31/2012,1.3143,1.3216,1.3043,1.3086,317545
02/01/2012,1.3093,1.3221,1.3027,1.3158,348285
02/02/2012,1.3169,1.3198,1.3086,1.3143,294235
02/03/2012,1.3147,1.3217,1.3067,1.3154,357602
02/06/2012,1.3123,1.3144,1.3028,1.3125,279685
02/07/2012,1.3126,1.328,1.3091,1.3248,383182
02/08/2012,1.326,1.329,1.3222,1.3253,276607
02/09/2012,1.3253,1.3325,1.3216,1.329,308723
02/10/2012,1.3288,1.3292,1.3157,1.3172,246746
02/13/2012,1.3237,1.3285,1.3185,1.3205,209072
02/14/2012,1.3175,1.3218,1.308,1.3094,281658
02/15/2012,1.3134,1.3192,1.3045,1.3063,321141
02/16/2012,1.3063,1.3161,1.2975,1.3141,358451
02/17/2012,1.3134,1.3199,1.3116,1.3159,232493
02/21/2012,1.3206,1.3295,1.3182,1.3247,384165
02/22/2012,1.323,1.3268,1.3212,1.3245,238054
02/23/2012,1.3249,1.3381,1.3232,1.3336,320659
02/24/2012,1.337,1.3488,1.3358,1.346,263776
02/27/2012,1.346,1.3473,1.3367,1.3398,258732
02/28/2012,1.3394,1.3473,1.339,1.3458,250559
02/29/2012,1.3458,1.3487,1.3315,1.3339,345085
03/01/2012,1.3322,1.3357,1.3282,1.3316,246951
03/02/2012,1.3317,1.3334,1.3188,1.3206,260353
03/05/2012,1.32,1.3244,1.3161,1.3227,220586
03/06/2012,1.3216,1.3227,1.3104,1.3106,280597
03/07/2012,1.3119,1.3165,1.3096,1.3149,248830
03/08/2012,1.315,1.3292,1.3136,1.3273,289207
03/09/2012,1.3274,1.3277,1.3097,1.3107,308977
03/12/2012,1.3115,1.316,1.308,1.3149,221268
03/13/2012,1.315,1.3192,1.3052,1.3073,321411
03/14/2012,1.3081,1.3091,1.3011,1.3023,270176
03/15/2012,1.3029,1.312,1.3004,1.3097,214767
03/16/2012,1.3084,1.3195,1.3055,1.3179,254334
03/19/2012,1.3185,1.3272,1.3148,1.3245,224237
03/20/2012,1.3244,1.3259,1.3178,1.3236,208459
03/21/2012,1.3229,1.3292,1.3185,1.321,245811
03/22/2012,1.322,1.3261,1.314,1.3188,243903
03/23/2012,1.3206,1.33,1.3196,1.327,241136
03/26/2012,1.3271,1.3374,1.3197,1.3349,261180
03/27/2012,1.336,1.3391,1.3319,1.3341,182687
03/28/2012,1.3322,1.3379,1.3282,1.3328,239588
03/29/2012,1.3322,1.3351,1.3257,1.3292,226316
03/30/2012,1.3308,1.3383,1.3303,1.3339,236775
04/02/2012,1.3365,1.3387,1.3283,1.3338,240814
04/03/2012,1.3324,1.3374,1.3218,1.322,301290
04/04/2012,1.3241,1.3245,1.3112,1.3141,274349
04/05/2012,1.3147,1.3169,1.304,1.3068,233636
04/06/2012,1.3069,1.3119,1.3044,1.3087,50858
04/09/2012,1.3101,1.314,1.3037,1.3127,104022
04/10/2012,1.3115,1.315,1.3059,1.3082,291464
04/11/2012,1.3089,1.3163,1.3072,1.3104,227979
04/12/2012,1.3112,1.3218,1.3106,1.32,274580
04/13/2012,1.3192,1.3206,1.3074,1.3083,242328
04/16/2012,1.3075,1.3154,1.3,1.3139,303925
04/17/2012,1.3138,1.3178,1.3095,1.3143,226444
04/18/2012,1.3132,1.3146,1.3061,1.313,242766
04/19/2012,1.3124,1.317,1.3072,1.3136,303320
04/20/2012,1.3139,1.3232,1.3132,1.3219,243875
04/23/2012,1.3194,1.3214,1.3107,1.3148,226354
04/24/2012,1.3163,1.3222,1.3148,1.3193,224930
04/25/2012,1.3199,1.3239,1.3175,1.3232,246699
04/26/2012,1.3223,1.3266,1.3201,1.3241,225954
04/27/2012,1.32,1.3273,1.316,1.3262,224478
04/30/2012,1.3247,1.3269,1.3211,1.3242,149908
05/01/2012,1.3243,1.3287,1.3207,1.3232,158386
05/02/2012,1.324,1.3245,1.3124,1.3164,258790
05/03/2012,1.3159,1.3183,1.3097,1.3152,236027
05/04/2012,1.3154,1.3182,1.3082,1.3089,237586
05/07/2012,1.303,1.3068,1.2957,1.3054,227383
05/08/2012,1.3062,1.3067,1.2984,1.303,273862
05/09/2012,1.3004,1.3009,1.2913,1.2948,333777
05/10/2012,1.2936,1.2981,1.2925,1.2953,253654
05/11/2012,1.2931,1.2959,1.2906,1.2924,221596
05/14/2012,1.2885,1.2907,1.2823,1.2845,268593
05/15/2012,1.2828,1.2871,1.2723,1.2736,358548
05/16/2012,1.2735,1.2761,1.2683,1.2724,364621
05/17/2012,1.2717,1.2752,1.2668,1.2715,320573
05/18/2012,1.2686,1.2796,1.2644,1.2739,307173
05/21/2012,1.2777,1.2826,1.2726,1.279,227694
05/22/2012,1.2811,1.2819,1.2659,1.272,290187
05/23/2012,1.268,1.2689,1.2546,1.2574,397628
05/24/2012,1.2588,1.2622,1.2516,1.2526,347365
05/25/2012,1.2538,1.2604,1.2496,1.2518,278740
05/29/2012,1.257,1.2625,1.2462,1.2489,408604
05/30/2012,1.249,1.2494,1.2362,1.2381,363376
05/31/2012,1.2371,1.2429,1.2337,1.2368,354135
06/01/2012,1.2361,1.2462,1.2288,1.2413,458185
06/04/2012,1.2435,1.2511,1.2386,1.2493,238948
06/05/2012,1.2495,1.2543,1.241,1.2446,259090
06/06/2012,1.2452,1.2587,1.2441,1.2546,379706
06/07/2012,1.2576,1.2627,1.254,1.2603,336903
06/08/2012,1.2563,1.2575,1.2435,1.2507,312801
06/11/2012,1.2647,1.267,1.2481,1.2499,354648
06/12/2012,1.247,1.253,1.2443,1.2501,375779
06/13/2012,1.2505,1.2611,1.2474,1.2589,360912
06/14/2012,1.2566,1.2638,1.2543,1.2601,297009
06/15/2012,1.2642,1.2676,1.2602,1.2647,214311
06/18/2012,1.2754,1.2759,1.2567,1.2591,306255
06/19/2012,1.2587,1.2741,1.2578,1.2699,312893
06/20/2012,1.2696,1.2753,1.2646,1.2676,307192
06/21/2012,1.2709,1.2711,1.2541,1.2563,364723
06/22/2012,1.2557,1.2594,1.2528,1.2572,251484
06/25/2012,1.2564,1.2569,1.2481,1.2506,214261
06/26/2012,1.251,1.2542,1.2451,1.2506,273601
06/27/2012,1.2504,1.2519,1.2455,1.2468,197694
06/28/2012,1.2479,1.2535,1.2417,1.2436,278698
06/29/2012,1.2451,1.2703,1.2443,1.2668,388212
07/02/2012,1.2678,1.2682,1.2578,1.2593,223942
07/03/2012,1.2596,1.2639,1.257,1.2622,184384
07/05/2012,1.2619,1.2619,1.2374,1.2401,403817
07/06/2012,1.2408,1.2414,1.2271,1.2283,291598
07/09/2012,1.228,1.2336,1.2266,1.2321,218836
07/10/2012,1.2328,1.2345,1.2246,1.2263,226816
07/11/2012,1.2261,1.2308,1.2222,1.2232,229414
07/12/2012,1.2251,1.2259,1.2176,1.2206,204599
07/13/2012,1.2211,1.2267,1.2171,1.2251,227048
07/16/2012,1.2256,1.2301,1.2184,1.2286,211953
07/17/2012,1.2281,1.2327,1.2197,1.2297,264786
07/18/2012,1.23,1.2317,1.2225,1.2272,214863
07/19/2012,1.2292,1.2335,1.2237,1.2287,255789
07/20/2012,1.2286,1.2292,1.2153,1.2168,245281
07/23/2012,1.2132,1.2154,1.2076,1.2135,284732
07/24/2012,1.2125,1.2147,1.2051,1.2071,240980
07/25/2012,1.2071,1.2179,1.2061,1.2167,281130
07/26/2012,1.2158,1.2337,1.2124,1.2293,338189
07/27/2012,1.2285,1.2397,1.2247,1.2317,348129
07/30/2012,1.231,1.2317,1.2233,1.2269,182033
07/31/2012,1.2265,1.2338,1.2256,1.2313,221689
08/01/2012,1.2306,1.2344,1.2225,1.2243,211572
08/02/2012,1.2236,1.2413,1.214,1.218,478120
08/03/2012,1.2188,1.2399,1.2173,1.2382,300265
08/06/2012,1.2398,1.245,1.2347,1.24,209578
08/07/2012,1.2402,1.2448,1.2381,1.2417,172830
08/08/2012,1.2403,1.2407,1.2331,1.236,185922
08/09/2012,1.237,1.2392,1.227,1.23,189274
08/10/2012,1.2309,1.2322,1.2245,1.2297,167683
08/13/2012,1.2292,1.2378,1.2265,1.2338,185556
08/14/2012,1.2335,1.239,1.232,1.2335,182943
08/15/2012,1.2322,1.2348,1.2267,1.2293,160227
08/16/2012,1.2293,1.2377,1.2258,1.2366,221999
08/17/2012,1.2359,1.2386,1.2292,1.2324,198739
08/20/2012,1.2342,1.2372,1.2298,1.2351,183922
08/21/2012,1.2349,1.2492,1.2349,1.247,267939
08/22/2012,1.2473,1.2543,1.2434,1.2532,264389
08/23/2012,1.2531,1.2593,1.2527,1.2568,229424
08/24/2012,1.2568,1.2574,1.2483,1.2521,229786
08/27/2012,1.2512,1.2539,1.2492,1.2505,114497
08/28/2012,1.25,1.258,1.2467,1.2565,208471
08/29/2012,1.2568,1.2576,1.2521,1.2529,177805
08/30/2012,1.2533,1.2566,1.2488,1.2509,183075
08/31/2012,1.2509,1.264,1.2496,1.2582,312652
09/04/2012,1.2581,1.263,1.2556,1.2574,268497
09/05/2012,1.2568,1.2626,1.2503,1.2601,301738
09/06/2012,1.2604,1.2654,1.2562,1.2648,324973
09/07/2012,1.2634,1.282,1.2627,1.2798,324900
09/10/2012,1.2809,1.2811,1.2756,1.277,198491
09/11/2012,1.276,1.2872,1.2758,1.2861,284159
09/12/2012,1.2854,1.2938,1.2815,1.2895,404035
09/13/2012,1.2899,1.3004,1.2855,1.2986,346801
09/14/2012,1.2995,1.3179,1.299,1.3128,329684
09/17/2012,1.3135,1.3183,1.3093,1.3116,235533
09/18/2012,1.3124,1.313,1.3041,1.3048,227799
09/19/2012,1.3056,1.3097,1.3004,1.3074,264759
09/20/2012,1.3057,1.307,1.293,1.2981,277597
09/21/2012,1.2977,1.3059,1.2966,1.3001,281069
09/24/2012,1.2988,1.2991,1.2902,1.2947,210912
09/25/2012,1.2944,1.2983,1.2898,1.2938,256749
09/26/2012,1.2914,1.2924,1.2846,1.2871,242644
09/27/2012,1.2884,1.294,1.2839,1.2927,288116
09/28/2012,1.2924,1.2971,1.2849,1.2862,305925
10/01/2012,1.2858,1.295,1.2813,1.2896,282079
10/02/2012,1.2897,1.2979,1.289,1.2925,234486
10/03/2012,1.2929,1.2947,1.2888,1.2909,226853
10/04/2012,1.2918,1.3041,1.2917,1.3028,308299
10/05/2012,1.3025,1.308,1.3002,1.3042,247356
10/08/2012,1.3033,1.3034,1.2945,1.2984,162322
10/09/2012,1.2978,1.3,1.2864,1.2892,308267
10/10/2012,1.2892,1.2922,1.2844,1.2905,217687
10/11/2012,1.2866,1.296,1.2833,1.2938,223709
10/12/2012,1.2939,1.3,1.293,1.2965,199900
10/15/2012,1.2963,1.2987,1.2898,1.2949,194490
10/16/2012,1.2958,1.3069,1.295,1.305,273330
10/17/2012,1.3098,1.3147,1.309,1.3132,237578
10/18/2012,1.3121,1.3136,1.3062,1.307,237217
10/19/2012,1.3075,1.3084,1.3019,1.303,217244
10/22/2012,1.3034,1.309,1.3022,1.3052,205135
10/23/2012,1.3069,1.3082,1.2957,1.2979,245218
10/24/2012,1.2995,1.3003,1.2926,1.298,228980
10/25/2012,1.2976,1.3029,1.2932,1.2955,226534
10/26/2012,1.2945,1.2962,1.2887,1.2939,261817
10/29/2012,1.295,1.295,1.289,1.291,121660
10/30/2012,1.291,1.299,1.2892,1.2969,120267
10/31/2012,1.2966,1.3027,1.2952,1.2967,213027
11/01/2012,1.2961,1.2988,1.293,1.2942,189227
11/02/2012,1.2948,1.2956,1.2826,1.2831,276549
11/05/2012,1.2826,1.2847,1.2772,1.2793,219459
11/06/2012,1.28,1.2832,1.2767,1.2821,234289
11/07/2012,1.2817,1.2881,1.2741,1.2773,361792
11/08/2012,1.2775,1.2781,1.2721,1.2752,297795
11/09/2012,1.275,1.2794,1.2693,1.2716,286917
11/12/2012,1.2719,1.2743,1.2701,1.2717,147452
11/13/2012,1.2712,1.2733,1.2665,1.2709,309295
11/14/2012,1.2707,1.2787,1.2706,1.275,269791
11/15/2012,1.2738,1.2807,1.2721,1.2777,243579
11/16/2012,1.2784,1.2788,1.2693,1.273,254596
11/19/2012,1.2746,1.2824,1.2743,1.2811,215057
11/20/2012,1.2787,1.2832,1.2768,1.2809,238921
11/21/2012,1.2818,1.2836,1.2739,1.2828,238434
11/23/2012,1.283,1.2994,1.283,1.2988,308294
11/26/2012,1.2974,1.2987,1.2946,1.2965,180265
11/27/2012,1.2993,1.3012,1.2917,1.2936,243441
11/28/2012,1.2941,1.2957,1.2881,1.2934,233723
11/29/2012,1.2953,1.3017,1.2941,1.2976,246992
11/30/2012,1.2979,1.3031,1.2969,1.3,268334
12/03/2012,1.2995,1.3078,1.299,1.3059,273625
12/04/2012,1.3059,1.311,1.3047,1.3101,253280
12/05/2012,1.3097,1.313,1.3061,1.308,253686
12/06/2012,1.3072,1.3088,1.2951,1.2964,319195
12/07/2012,1.296,1.2974,1.2877,1.2928,270296
12/10/2012,1.2897,1.2947,1.2886,1.2939,176719
12/11/2012,1.2943,1.3016,1.2929,1.3004,237328
12/12/2012,1.3009,1.3099,1.2996,1.3082,266906
12/13/2012,1.3072,1.3101,1.3041,1.3077,237395
12/14/2012,1.3087,1.3186,1.3078,1.3171,254562
12/17/2012,1.3186,1.3205,1.3156,1.3172,160781
12/18/2012,1.3174,1.3252,1.3168,1.3231,181264
12/19/2012,1.3235,1.3321,1.3235,1.3259,228297
12/20/2012,1.3218,1.3308,1.3212,1.3252,204854
12/21/2012,1.3261,1.3261,1.317,1.3187,202083
12/24/2012,1.3192,1.3247,1.3183,1.3201,59433
12/26/2012,1.322,1.3267,1.3199,1.3232,53665
12/27/2012,1.3235,1.3295,1.3213,1.3249,154306
12/28/2012,1.3245,1.3266,1.3175,1.3231,132099
12/31/2012,1.3227,1.3245,1.3181,1.3208,103044
01/02/2013,1.3257,1.3289,1.3162,1.3184,170097
01/03/2013,1.3195,1.3198,1.3055,1.3069,253804
01/04/2013,1.305,1.31,1.3005,1.308,263072
01/07/2013,1.3085,1.3128,1.3025,1.312,229282
01/08/2013,1.3136,1.3148,1.3064,1.3091,228038
01/09/2013,1.3091,1.3104,1.3044,1.3062,221294
01/10/2013,1.3066,1.328,1.3046,1.3259,344492
01/11/2013,1.3276,1.3373,1.3255,1.3346,307899
01/14/2013,1.3375,1.3413,1.3342,1.3385,225105
01/15/2013,1.3382,1.3401,1.327,1.3304,305268
01/16/2013,1.3306,1.3332,1.3262,1.3296,265806
01/17/2013,1.3297,1.3394,1.3276,1.3392,291059
01/18/2013,1.3381,1.3404,1.3286,1.3325,297890
01/22/2013,1.3317,1.3377,1.3272,1.3324,400822
01/23/2013,1.3326,1.336,1.3269,1.3325,234950
01/24/2013,1.3317,1.3398,1.3291,1.3378,286929
01/25/2013,1.3383,1.3485,1.3354,1.3469,324884
01/28/2013,1.3468,1.3482,1.3429,1.346,214356
01/29/2013,1.3451,1.3503,1.3418,1.3491,275612
01/30/2013,1.3493,1.3592,1.3486,1.357,287947
01/31/2013,1.3571,1.3598,1.3545,1.3578,240654
02/01/2013,1.3589,1.3715,1.3587,1.3665,404628
02/04/2013,1.3654,1.3658,1.3509,1.3523,278973
02/05/2013,1.3504,1.3602,1.3462,1.3588,364363
02/06/2013,1.3587,1.36,1.3497,1.3529,277241
02/07/2013,1.3523,1.3581,1.3374,1.3407,451520
02/08/2013,1.3399,1.3433,1.3356,1.3366,271248
02/11/2013,1.3374,1.3431,1.336,1.3392,216669
02/12/2013,1.3404,1.348,1.3367,1.3446,251774
02/13/2013,1.3453,1.3523,1.3429,1.3451,246183
02/14/2013,1.3452,1.3459,1.3317,1.335,261089
02/15/2013,1.3362,1.3396,1.3308,1.3358,237879
02/19/2013,1.3349,1.3399,1.3324,1.3391,303420
02/20/2013,1.3389,1.3437,1.3273,1.3287,313250
02/21/2013,1.3288,1.3292,1.3163,1.3172,368309
02/22/2013,1.3193,1.3247,1.3147,1.3181,283086
02/25/2013,1.3195,1.3321,1.305,1.3122,459601
02/26/2013,1.3063,1.3126,1.302,1.3056,449110
02/27/2013,1.3067,1.3149,1.3042,1.3129,346071
02/28/2013,1.3136,1.3164,1.3055,1.3065,281712
03/01/2013,1.3068,1.3103,1.2967,1.302,325169
03/04/2013,1.3016,1.3033,1.2983,1.3025,210759
03/05/2013,1.3028,1.3076,1.3011,1.3042,212788
03/06/2013,1.3045,1.3072,1.2965,1.2996,220283
03/07/2013,1.2975,1.3119,1.2974,1.3108,387020
03/08/2013,1.3105,1.3135,1.2955,1.3003,346277
03/11/2013,1.2996,1.3055,1.298,1.3042,179065
03/12/2013,1.3046,1.3076,1.2991,1.3027,252971
03/13/2013,1.303,1.3066,1.2924,1.296,315432
03/14/2013,1.296,1.3033,1.2911,1.2999,296271
03/15/2013,1.301,1.3115,1.3007,1.3062,254580
03/18/2013,1.2935,1.3005,1.2892,1.2956,349691
03/19/2013,1.2968,1.2978,1.2852,1.2884,410877
03/20/2013,1.2877,1.2988,1.2866,1.2954,319590
03/21/2013,1.2951,1.2964,1.2887,1.2924,314672
03/22/2013,1.2903,1.3019,1.2897,1.2991,294940
03/25/2013,1.2975,1.3094,1.2837,1.2872,400240
03/26/2013,1.2858,1.2899,1.2836,1.2865,265665
03/27/2013,1.2866,1.2874,1.2758,1.2782,289448
03/28/2013,1.2786,1.2852,1.2762,1.2823,266491
04/01/2013,1.2819,1.2875,1.2778,1.2856,95747
04/02/2013,1.2852,1.2885,1.2816,1.2822,217356
04/03/2013,1.2828,1.2871,1.2797,1.2853,215762
04/04/2013,1.2851,1.2956,1.2751,1.2944,448553
04/05/2013,1.2941,1.3047,1.2907,1.3019,298273
04/08/2013,1.2999,1.3044,1.2975,1.3009,185838
04/09/2013,1.3022,1.311,1.301,1.3105,245324
04/10/2013,1.3086,1.3128,1.3058,1.3064,213917
04/11/2013,1.3074,1.3145,1.305,1.3118,237955
04/12/2013,1.311,1.3132,1.3042,1.3085,243121
04/15/2013,1.3113,1.3115,1.3027,1.3045,250289
04/16/2013,1.3049,1.3208,1.3031,1.3196,317540
04/17/2013,1.3181,1.3205,1.3006,1.302,354125
04/18/2013,1.3041,1.3101,1.3027,1.3053,252896
04/19/2013,1.3062,1.3135,1.3051,1.3066,218846
04/22/2013,1.3073,1.3089,1.3019,1.3064,185711
04/23/2013,1.3068,1.309,1.2977,1.2995,274475
04/24/2013,1.3007,1.3039,1.2959,1.3027,241850
04/25/2013,1.3018,1.3098,1.2993,1.3021,271446
04/26/2013,1.3015,1.3052,1.2994,1.3033,210625
04/29/2013,1.3061,1.3121,1.3036,1.3101,209470
04/30/2013,1.3096,1.3191,1.3057,1.3166,285067
05/01/2013,1.3171,1.3248,1.3165,1.3217,198603
05/02/2013,1.3187,1.3222,1.304,1.3061,440047
05/03/2013,1.3068,1.3164,1.3035,1.3113,297214
05/06/2013,1.3121,1.3145,1.3056,1.3081,133956
05/07/2013,1.3078,1.3135,1.3071,1.3088,183012
05/08/2013,1.3083,1.3198,1.3075,1.3162,235593
05/09/2013,1.316,1.3181,1.3012,1.3019,282023
05/10/2013,1.3047,1.3054,1.2938,1.2986,302174
05/13/2013,1.2979,1.3003,1.2944,1.2973,213180
05/14/2013,1.2983,1.3032,1.2911,1.2939,283856
05/15/2013,1.2932,1.2945,1.2845,1.2877,287148
05/16/2013,1.2884,1.2932,1.2848,1.2909,264742
05/17/2013,1.2888,1.2892,1.2798,1.2831,265709
05/20/2013,1.2848,1.2903,1.2822,1.2899,196063
05/21/2013,1.2887,1.2936,1.2843,1.2903,258625
05/22/2013,1.2909,1.3,1.2835,1.2844,397720
05/23/2013,1.2853,1.2959,1.2823,1.2933,325451
05/24/2013,1.2934,1.2995,1.2906,1.2919,238648
05/28/2013,1.2938,1.2952,1.2851,1.2876,308706
05/29/2013,1.2856,1.298,1.2839,1.2936,307771
05/30/2013,1.2939,1.3063,1.2935,1.3046,309070
05/31/2013,1.3047,1.306,1.2945,1.2983,290258
06/03/2013,1.2991,1.3109,1.2956,1.3073,294332
06/04/2013,1.3073,1.3103,1.3043,1.3082,225479
06/05/2013,1.3084,1.3118,1.3054,1.3087,250417
06/06/2013,1.3092,1.3307,1.3075,1.3247,472383
06/07/2013,1.3241,1.3286,1.3191,1.3224,308499
06/10/2013,1.3202,1.327,1.3178,1.3262,248889
06/11/2013,1.3257,1.3318,1.3232,1.3308,324546
06/12/2013,1.3313,1.3361,1.3265,1.333,287078
06/13/2013,1.3338,1.3391,1.3278,1.3346,257137
06/14/2013,1.3378,1.338,1.3301,1.3347,234874
06/17/2013,1.3357,1.3389,1.3325,1.3348,173366
06/18/2013,1.337,1.3423,1.3332,1.3411,242700
06/19/2013,1.34,1.3424,1.3268,1.3275,224135
06/20/2013,1.3302,1.3308,1.3167,1.3201,359499
06/21/2013,1.3231,1.326,1.3104,1.3146,274016
06/24/2013,1.3113,1.315,1.3065,1.313,278469
06/25/2013,1.3128,1.3156,1.307,1.3096,246203
06/26/2013,1.3087,1.3092,1.2988,1.3008,273191
06/27/2013,1.3012,1.3062,1.3004,1.3052,231530
06/28/2013,1.3043,1.3108,1.2995,1.3023,266624
07/01/2013,1.3014,1.3072,1.3009,1.3063,189879
07/02/2013,1.3067,1.3082,1.2967,1.2981,263432
07/03/2013,1.2983,1.3037,1.2927,1.3017,237293
07/05/2013,1.3012,1.3028,1.2808,1.2833,431229
07/08/2013,1.2827,1.2886,1.2815,1.2878,182993
07/09/2013,1.2873,1.2901,1.2755,1.279,283410
07/10/2013,1.2789,1.299,1.2768,1.2886,299164
07/11/2013,1.3016,1.3212,1.3008,1.3101,378770
07/12/2013,1.3099,1.3103,1.3003,1.3063,220465
07/15/2013,1.3069,1.3083,1.2996,1.307,180810
07/16/2013,1.3068,1.3178,1.3046,1.3163,221735
07/17/2013,1.3159,1.3185,1.3086,1.3115,253146
07/18/2013,1.3128,1.3129,1.3069,1.3105,172521
07/19/2013,1.3115,1.3158,1.3092,1.3139,146551
07/22/2013,1.3141,1.3222,1.314,1.3192,170678
07/23/2013,1.3186,1.3243,1.3166,1.3237,170473
07/24/2013,1.3227,1.3259,1.3179,1.3197,221547
07/25/2013,1.3202,1.3299,1.3168,1.3246,232162
07/26/2013,1.3276,1.33,1.3255,1.3279,153736
07/29/2013,1.3284,1.3298,1.3241,1.3268,155080
07/30/2013,1.3265,1.3305,1.3236,1.3266,183935
07/31/2013,1.3265,1.3347,1.3209,1.3339,335681
08/01/2013,1.3305,1.3313,1.3193,1.3216,278300
08/02/2013,1.3214,1.3297,1.3187,1.3288,229513
08/05/2013,1.3286,1.3303,1.3234,1.3261,155132
08/06/2013,1.3262,1.3326,1.3248,1.3307,197013
08/07/2013,1.3308,1.3349,1.3267,1.3334,209744
08/08/2013,1.3338,1.3402,1.3329,1.3391,202519
08/09/2013,1.3382,1.3392,1.3334,1.3342,142452
08/12/2013,1.3341,1.3346,1.3279,1.3312,143053
08/13/2013,1.3304,1.332,1.3235,1.3262,219665
08/14/2013,1.3266,1.3284,1.324,1.3261,169868
08/15/2013,1.326,1.3364,1.3207,1.3349,313774
08/16/2013,1.3351,1.3382,1.3312,1.3337,182199
08/19/2013,1.3339,1.3377,1.3317,1.3344,136594
08/20/2013,1.3337,1.3454,1.3325,1.3421,244413
08/21/2013,1.3419,1.3429,1.3336,1.3376,219988
08/22/2013,1.3358,1.3374,1.3299,1.3354,200664
08/23/2013,1.3357,1.3412,1.3334,1.3384,194675
08/26/2013,1.3383,1.3396,1.3358,1.3374,95099
08/27/2013,1.3371,1.34,1.3323,1.3386,206068
08/28/2013,1.3394,1.3399,1.3304,1.3339,209542
08/29/2013,1.3344,1.3344,1.3219,1.3243,225304
08/30/2013,1.3243,1.3256,1.3173,1.3208,176576
09/03/2013,1.3212,1.3227,1.3138,1.3169,251349
09/04/2013,1.3169,1.3219,1.3157,1.3207,165928
09/05/2013,1.3206,1.3224,1.311,1.312,304204
09/06/2013,1.3118,1.319,1.3105,1.3182,237405
09/09/2013,1.3173,1.3281,1.3166,1.326,180752
09/10/2013,1.3255,1.3277,1.323,1.3268,191741
09/11/2013,1.3266,1.3325,1.3245,1.331,225376
09/12/2013,1.3311,1.3325,1.325,1.3304,186496
09/13/2013,1.3306,1.3327,1.3257,1.331,186672
09/16/2013,1.3368,1.3391,1.3334,1.3337,164112
09/17/2013,1.3337,1.3377,1.3329,1.3362,103799
09/18/2013,1.3362,1.3547,1.3342,1.3509,229827
09/19/2013,1.3513,1.3573,1.3505,1.353,224931
09/20/2013,1.3533,1.3552,1.3501,1.3524,166089
09/23/2013,1.3539,1.3548,1.3482,1.3498,151457
09/24/2013,1.3496,1.3522,1.3467,1.3479,137957
09/25/2013,1.3474,1.354,1.3464,1.3525,134855
09/26/2013,1.3526,1.3529,1.3474,1.349,140716
09/27/2013,1.349,1.3567,1.3477,1.3521,149897
09/30/2013,1.3481,1.3559,1.348,1.3527,158856
10/01/2013,1.3524,1.3591,1.3519,1.3533,186815
10/02/2013,1.3526,1.361,1.3507,1.3585,231215
10/03/2013,1.3582,1.3649,1.358,1.3624,164740
10/04/2013,1.3624,1.3635,1.3541,1.3558,152800
10/07/2013,1.3563,1.3594,1.3545,1.358,110524
10/08/2013,1.3581,1.3611,1.356,1.3569,133110
10/09/2013,1.3577,1.3609,1.3488,1.3525,198604
10/10/2013,1.3529,1.3552,1.349,1.3538,157153
10/11/2013,1.3528,1.3585,1.3523,1.3557,156465
10/14/2013,1.3559,1.3602,1.3548,1.358,95690
10/15/2013,1.3562,1.3574,1.3482,1.3523,208065
10/16/2013,1.3531,1.3571,1.3475,1.3535,208438
10/17/2013,1.3538,1.3685,1.3518,1.3679,242596
10/18/2013,1.3674,1.3707,1.3662,1.3681,131453
10/21/2013,1.3686,1.3691,1.3653,1.368,100967
10/22/2013,1.368,1.3795,1.3664,1.3785,196295
10/23/2013,1.3781,1.3795,1.3743,1.3781,168143
10/24/2013,1.3778,1.3827,1.3766,1.3804,176744
10/25/2013,1.3801,1.3834,1.3776,1.3807,148588
10/28/2013,1.3809,1.3819,1.3776,1.3807,105828
10/29/2013,1.3789,1.3815,1.3738,1.3749,217958
10/30/2013,1.3747,1.3787,1.3697,1.3728,199993
10/31/2013,1.3739,1.374,1.3576,1.3592,286499
11/01/2013,1.359,1.3591,1.348,1.3493,241421
11/04/2013,1.349,1.3526,1.3442,1.3518,142687
11/05/2013,1.3513,1.3524,1.345,1.3475,189195
11/06/2013,1.3474,1.3549,1.3469,1.3522,185159
11/07/2013,1.3516,1.353,1.3294,1.3428,437521
11/08/2013,1.3417,1.3453,1.3318,1.3356,259995
11/11/2013,1.3358,1.3418,1.3346,1.3404,113866
11/12/2013,1.3406,1.3457,1.3359,1.3428,230321
11/13/2013,1.3435,1.3499,1.3391,1.3463,230716
11/14/2013,1.3483,1.3495,1.3419,1.3455,192914
11/15/2013,1.3459,1.3507,1.3432,1.349,146370
11/18/2013,1.3493,1.3543,1.3475,1.35,122314
11/19/2013,1.3503,1.3548,1.3488,1.3532,200654
11/20/2013,1.3535,1.3582,1.3414,1.342,287387
11/21/2013,1.3439,1.3488,1.34,1.3461,230041
11/22/2013,1.3477,1.356,1.3463,1.3551,151394
11/25/2013,1.3554,1.356,1.349,1.3516,136897
11/26/2013,1.3523,1.3576,1.3519,1.3575,177389
11/27/2013,1.3567,1.3615,1.3558,1.3573,158394
11/29/2013,1.3577,1.3623,1.3564,1.3587,184088
12/02/2013,1.3588,1.3616,1.3526,1.354,182452
12/03/2013,1.3541,1.3615,1.3524,1.3591,170532
12/04/2013,1.359,1.3609,1.3528,1.3588,230474
12/05/2013,1.3591,1.3678,1.3543,1.3676,322628
12/06/2013,1.3672,1.3709,1.3616,1.3696,211894
12/09/2013,1.3711,1.3747,1.3695,1.374,132444
12/10/2013,1.3737,1.3796,1.3735,1.3764,200922
12/11/2013,1.376,1.3811,1.3741,1.3788,248925
12/12/2013,1.3787,1.3803,1.3737,1.3744,234536
12/13/2013,1.3748,1.3768,1.3708,1.3733,179470
12/16/2013,1.3737,1.3797,1.3734,1.3762,153411
12/17/2013,1.3757,1.378,1.3721,1.3765,144624
12/18/2013,1.3768,1.3846,1.3673,1.3757,228130
12/19/2013,1.3674,1.3694,1.3649,1.3655,174579
12/20/2013,1.3656,1.3709,1.3625,1.3672,180641
12/23/2013,1.367,1.3716,1.367,1.3689,80934
12/24/2013,1.3696,1.3699,1.3654,1.3679,34364
12/26/2013,1.3686,1.3699,1.3679,1.3691,26138
12/27/2013,1.3688,1.3893,1.3687,1.3733,176825
12/30/2013,1.3759,1.3819,1.3728,1.3802,98495
12/31/2013,1.3796,1.3812,1.3742,1.3788,64841
01/02/2014,1.3726,1.3727,1.363,1.3652,177189
01/03/2014,1.3667,1.3672,1.3582,1.3598,149837
01/06/2014,1.3596,1.3653,1.3571,1.3635,164085
01/07/2014,1.3634,1.3656,1.3596,1.3617,165968
01/08/2014,1.3616,1.3634,1.3552,1.3582,209215
01/09/2014,1.3576,1.3633,1.3547,1.359,242975
01/10/2014,1.3602,1.3687,1.3571,1.366,231614
01/13/2014,1.3666,1.3685,1.3637,1.3673,138853
01/14/2014,1.3669,1.37,1.3649,1.3673,167370
01/15/2014,1.3675,1.3675,1.3579,1.3599,204483
01/16/2014,1.3601,1.3649,1.3581,1.3614,209806
01/17/2014,1.3615,1.362,1.3515,1.3529,210477
01/21/2014,1.353,1.3568,1.3506,1.3559,247480
01/22/2014,1.3559,1.3583,1.3533,1.3546,143625
01/23/2014,1.3545,1.3699,1.3529,1.3696,316076
01/24/2014,1.3692,1.374,1.3662,1.3676,244123
01/27/2014,1.3681,1.3717,1.3652,1.3666,161699
01/28/2014,1.3674,1.3688,1.3628,1.3665,163639
01/29/2014,1.3655,1.3684,1.3602,1.3663,257429
01/30/2014,1.3663,1.3664,1.3543,1.355,263799
01/31/2014,1.3557,1.3574,1.3479,1.3484,321695
02/03/2014,1.3488,1.3536,1.3476,1.3531,226387
02/04/2014,1.3527,1.3539,1.3493,1.3516,181062
02/05/2014,1.3515,1.3556,1.3498,1.3534,209526
02/06/2014,1.3536,1.362,1.3481,1.3587,309945
02/07/2014,1.359,1.3646,1.3551,1.3628,236950
02/10/2014,1.3624,1.3651,1.3618,1.3641,124011
02/11/2014,1.3644,1.3683,1.3629,1.3638,195525
02/12/2014,1.3636,1.3653,1.3562,1.3594,224243
02/13/2014,1.3596,1.3692,1.3585,1.3674,199197
02/14/2014,1.3678,1.3716,1.3673,1.37,146628
02/18/2014,1.3702,1.3771,1.3691,1.3757,238140
02/19/2014,1.3759,1.3773,1.3725,1.3744,129996
02/20/2014,1.3734,1.3762,1.368,1.372,181485
02/21/2014,1.3722,1.3759,1.3702,1.3744,135181
02/24/2014,1.3739,1.3773,1.3708,1.3735,121043
02/25/2014,1.3735,1.3767,1.3715,1.3742,166541
02/26/2014,1.3746,1.3757,1.3661,1.3683,207013
02/27/2014,1.3683,1.3727,1.3643,1.3711,196496
02/28/2014,1.3708,1.3826,1.3694,1.3822,267889
03/03/2014,1.3786,1.3793,1.3726,1.3733,183656
03/04/2014,1.3737,1.3783,1.3721,1.3735,154171
03/05/2014,1.374,1.375,1.3707,1.3731,159592
03/06/2014,1.3736,1.3873,1.3711,1.3861,328406
03/07/2014,1.386,1.3915,1.3852,1.3872,238924
03/10/2014,1.3873,1.3898,1.3862,1.3869,146483
03/11/2014,1.388,1.388,1.3834,1.387,179822
03/12/2014,1.3859,1.3915,1.3843,1.3903,242415
03/13/2014,1.3903,1.3967,1.3845,1.3859,352296
03/14/2014,1.387,1.3937,1.3847,1.3903,232175
03/17/2014,1.3912,1.3947,1.3878,1.3919,133961
03/18/2014,1.392,1.3942,1.3878,1.3928,158446
03/19/2014,1.3932,1.3933,1.3808,1.3828,186383
03/20/2014,1.3818,1.3844,1.3747,1.3779,209266
03/21/2014,1.378,1.3809,1.3764,1.3792,140894
03/24/2014,1.3798,1.3875,1.3758,1.3837,192093
03/25/2014,1.3837,1.3845,1.3747,1.3825,244947
03/26/2014,1.3826,1.3826,1.3774,1.3789,143984
03/27/2014,1.3782,1.3795,1.3727,1.3746,177625
03/28/2014,1.3741,1.3772,1.3702,1.375,167417
03/31/2014,1.3751,1.3808,1.3717,1.3774,209837
04/01/2014,1.3773,1.3814,1.3768,1.379,115256
04/02/2014,1.3793,1.3818,1.3751,1.3762,122839
04/03/2014,1.3766,1.3808,1.3696,1.3712,284230
04/04/2014,1.3716,1.3729,1.3669,1.37,226723
04/07/2014,1.3698,1.3747,1.3694,1.3737,104869
04/08/2014,1.3741,1.381,1.3735,1.3793,159641
04/09/2014,1.3795,1.386,1.3778,1.385,158264
04/10/2014,1.3851,1.3898,1.3834,1.3889,137083
04/11/2014,1.3885,1.3903,1.3861,1.3885,108887
04/14/2014,1.3856,1.3862,1.3806,1.3819,137542
04/15/2014,1.3817,1.3831,1.3787,1.3808,123820
04/16/2014,1.3811,1.3849,1.3802,1.3819,109562
04/17/2014,1.3814,1.3864,1.3809,1.3817,108892
04/21/2014,1.3817,1.3829,1.3785,1.3794,41121
04/22/2014,1.3792,1.3824,1.3782,1.3801,102650
04/23/2014,1.3803,1.3854,1.3797,1.3814,162973
04/24/2014,1.3814,1.3842,1.3789,1.3823,157395
04/25/2014,1.3831,1.3849,1.3825,1.3834,94850
04/28/2014,1.384,1.3878,1.3812,1.3852,153057
04/29/2014,1.3848,1.3877,1.3804,1.3809,179268
04/30/2014,1.381,1.3877,1.3768,1.387,227572
05/01/2014,1.3865,1.3888,1.3862,1.3863,59152
05/02/2014,1.3867,1.388,1.3805,1.387,196881
05/05/2014,1.3873,1.3885,1.3864,1.3876,79782
05/06/2014,1.3874,1.395,1.3871,1.3932,167873
05/07/2014,1.3925,1.3938,1.3908,1.3915,130709
05/08/2014,1.391,1.3993,1.3831,1.3852,357383
05/09/2014,1.3839,1.3843,1.3743,1.3745,231790
05/12/2014,1.3755,1.3773,1.3747,1.3754,101439
05/13/2014,1.3757,1.377,1.3687,1.3697,214470
05/14/2014,1.3701,1.373,1.3697,1.3705,146960
05/15/2014,1.3712,1.3731,1.3645,1.3714,232853
05/16/2014,1.3709,1.3726,1.3684,1.3697,118219
05/19/2014,1.3697,1.3734,1.3694,1.3711,118610
05/20/2014,1.3708,1.3712,1.3676,1.3696,111697
05/21/2014,1.3698,1.3722,1.3632,1.3678,175669
05/22/2014,1.3685,1.3687,1.3644,1.365,137816
05/23/2014,1.3655,1.3656,1.3614,1.3626,121505
05/27/2014,1.3623,1.3668,1.3612,1.3634,153882
05/28/2014,1.3634,1.3638,1.3586,1.3593,142266
05/29/2014,1.3592,1.3626,1.3586,1.3602,126642
05/30/2014,1.3601,1.365,1.3598,1.3634,152758
06/02/2014,1.3631,1.3636,1.3586,1.3595,160355
06/03/2014,1.3597,1.3649,1.3585,1.3623,167837
06/04/2014,1.3626,1.3639,1.3596,1.3599,149928
06/05/2014,1.36,1.3671,1.3502,1.3658,505682
06/06/2014,1.3662,1.3677,1.3621,1.3647,203782
06/09/2014,1.3647,1.3669,1.3582,1.3588,172849
06/10/2014,1.3592,1.3601,1.3533,1.3544,208054
06/11/2014,1.3545,1.3557,1.3522,1.3528,230773
06/12/2014,1.3533,1.3572,1.3512,1.3564,209557
06/13/2014,1.3555,1.3583,1.3525,1.3538,155653
06/16/2014,1.3544,1.3585,1.3517,1.3572,131468
06/17/2014,1.3578,1.3593,1.3541,1.3547,112626
06/18/2014,1.3551,1.3608,1.3546,1.3563,168189
06/19/2014,1.3591,1.3648,1.3589,1.3611,153177
06/20/2014,1.3611,1.3638,1.3567,1.3596,132073
06/23/2014,1.3597,1.3617,1.3577,1.3607,102386
06/24/2014,1.3607,1.3632,1.3587,1.3606,157381
06/25/2014,1.3608,1.3656,1.3604,1.3631,150113
06/26/2014,1.3633,1.3645,1.3579,1.3611,176878
06/27/2014,1.3616,1.3656,1.3613,1.3649,118127
06/30/2014,1.3649,1.3702,1.3644,1.3698,145256
07/01/2014,1.3697,1.3705,1.3679,1.3683,120550
07/02/2014,1.3683,1.3687,1.3643,1.3658,106287
07/03/2014,1.3661,1.3668,1.3599,1.3606,161639
07/07/2014,1.3599,1.3614,1.3579,1.3612,126211
07/08/2014,1.3609,1.3621,1.3592,1.3614,100355
07/09/2014,1.3616,1.3652,1.3606,1.365,154792
07/10/2014,1.3645,1.3654,1.3592,1.3607,145228
07/11/2014,1.3611,1.3628,1.3595,1.3612,96545
07/14/2014,1.3611,1.3644,1.3601,1.3622,106672
07/15/2014,1.3623,1.3631,1.3564,1.3571,210434
07/16/2014,1.3571,1.3574,1.3523,1.3526,132949
07/17/2014,1.3528,1.3543,1.3519,1.3529,118396
07/18/2014,1.3529,1.3538,1.3493,1.3528,161533
07/21/2014,1.3531,1.3552,1.3515,1.3525,96406
07/22/2014,1.3527,1.3532,1.3461,1.3468,191543
07/23/2014,1.3468,1.3476,1.3456,1.3459,125308
07/24/2014,1.3463,1.3486,1.3439,1.3465,146497
07/25/2014,1.3465,1.3477,1.3422,1.3433,136721
07/28/2014,1.3434,1.3446,1.3428,1.3435,79710
07/29/2014,1.3441,1.3446,1.3405,1.3411,133238
07/30/2014,1.3411,1.3417,1.3369,1.3393,197099
07/31/2014,1.3396,1.3403,1.3373,1.3392,167085
08/01/2014,1.339,1.3447,1.338,1.343,215373
08/04/2014,1.343,1.3433,1.3411,1.3421,102537
08/05/2014,1.3424,1.3427,1.336,1.3374,185064
08/06/2014,1.3374,1.339,1.3335,1.3379,199444
08/07/2014,1.3385,1.3396,1.3339,1.336,201751
08/08/2014,1.3363,1.3435,1.3345,1.3413,205084
08/11/2014,1.3409,1.341,1.3382,1.3384,90749
08/12/2014,1.3387,1.3388,1.3338,1.3369,125719
08/13/2014,1.337,1.3417,1.3344,1.337,196545
08/14/2014,1.3365,1.341,1.335,1.3368,149068
08/15/2014,1.3367,1.3414,1.336,1.34,160657
08/18/2014,1.3394,1.34,1.3354,1.3363,104859
08/19/2014,1.3364,1.3365,1.3314,1.3321,159667
08/20/2014,1.3319,1.3326,1.3257,1.3265,176085
08/21/2014,1.3258,1.329,1.3243,1.3282,131932
08/22/2014,1.3282,1.3298,1.3222,1.3243,202887
08/25/2014,1.3208,1.3212,1.3185,1.3194,115049
08/26/2014,1.3192,1.3215,1.3166,1.3174,162519
08/27/2014,1.3171,1.3212,1.3153,1.3197,190234
08/28/2014,1.3195,1.3222,1.316,1.3185,172845
08/29/2014,1.3184,1.3198,1.3134,1.3135,198036
09/02/2014,1.313,1.3147,1.3111,1.3127,220081
09/03/2014,1.3134,1.3161,1.3123,1.3146,191738
09/04/2014,1.3149,1.3154,1.2921,1.2938,443017
09/05/2014,1.2941,1.2992,1.2922,1.2959,261182
09/08/2014,1.2953,1.296,1.2882,1.2908,249022
09/09/2014,1.29,1.2959,1.286,1.2919,334354
09/10/2014,1.294,1.2964,1.2884,1.2906,370262
09/11/2014,1.2916,1.2953,1.2897,1.2924,281865
09/12/2014,1.2934,1.2989,1.2918,1.2958,257919
09/15/2014,1.2977,1.298,1.2918,1.2945,157102
09/16/2014,1.2948,1.3006,1.2931,1.2969,213185
09/17/2014,1.2967,1.2993,1.2861,1.2925,298537
09/18/2014,1.2859,1.2939,1.2843,1.2924,228765
09/19/2014,1.2925,1.2937,1.2835,1.2844,218537
09/22/2014,1.2834,1.2875,1.2824,1.2843,184821
09/23/2014,1.2854,1.2908,1.285,1.2865,192720
09/24/2014,1.2855,1.2871,1.2781,1.2787,203833
09/25/2014,1.2787,1.279,1.2703,1.2755,279428
09/26/2014,1.2757,1.2768,1.2683,1.2689,215365
09/29/2014,1.2688,1.2722,1.267,1.27,178918
09/30/2014,1.2695,1.271,1.2578,1.2635,323455
10/01/2014,1.2636,1.2647,1.259,1.2614,261991
10/02/2014,1.2625,1.2705,1.262,1.2681,352039
10/03/2014,1.2679,1.2679,1.2506,1.2515,274272
10/06/2014,1.252,1.2682,1.2514,1.2633,268523
10/07/2014,1.2662,1.2688,1.259,1.267,284419
10/08/2014,1.2672,1.2755,1.2628,1.2738,327218
10/09/2014,1.2736,1.2797,1.2668,1.2693,335601
10/10/2014,1.2696,1.2722,1.2611,1.2619,217884
10/13/2014,1.2634,1.2767,1.2632,1.2671,168761
10/14/2014,1.2747,1.2754,1.2645,1.2654,219702
10/15/2014,1.2662,1.2893,1.263,1.2781,558532
10/16/2014,1.2825,1.285,1.2711,1.2805,368260
10/17/2014,1.281,1.2842,1.2749,1.2778,175440
10/20/2014,1.2764,1.2822,1.2736,1.2813,149989
10/21/2014,1.28,1.2845,1.2717,1.273,223770
10/22/2014,1.2717,1.2744,1.2641,1.2648,203639
10/23/2014,1.265,1.268,1.2617,1.2653,168618
10/24/2014,1.265,1.27,1.2638,1.2668,143721
10/27/2014,1.2677,1.2727,1.2669,1.2712,143036
10/28/2014,1.2702,1.2769,1.2688,1.2739,177643
10/29/2014,1.2737,1.2775,1.2633,1.2649,191826
10/30/2014,1.2639,1.2643,1.2548,1.2616,246851
10/31/2014,1.2616,1.2619,1.2489,1.253,354884
11/03/2014,1.2515,1.2515,1.2442,1.2494,224709
11/04/2014,1.2492,1.2581,1.2491,1.256,215474
11/05/2014,1.2553,1.2571,1.246,1.2483,251427
11/06/2014,1.248,1.2537,1.2367,1.239,349270
11/07/2014,1.2383,1.2474,1.2361,1.2444,326756
11/10/2014,1.2466,1.2512,1.2421,1.2425,167321
11/11/2014,1.2425,1.2504,1.2397,1.2467,166255
11/12/2014,1.2477,1.2501,1.2422,1.2435,234058
11/13/2014,1.2433,1.2495,1.2429,1.249,161080
11/14/2014,1.2478,1.255,1.24,1.2528,318354
11/17/2014,1.2521,1.2581,1.2447,1.2454,188219
11/18/2014,1.2454,1.2548,1.2445,1.2537,209082
11/19/2014,1.2536,1.2605,1.2514,1.2547,251234
11/20/2014,1.255,1.2577,1.2506,1.2552,265502
11/21/2014,1.2545,1.257,1.2377,1.2389,322179
11/24/2014,1.2376,1.2446,1.2366,1.2436,200699
11/25/2014,1.2441,1.2489,1.2403,1.2473,203672
11/26/2014,1.2475,1.2534,1.2445,1.2516,208393
11/28/2014,1.2508,1.2525,1.2428,1.2436,232226
12/01/2014,1.2447,1.2509,1.2421,1.2479,235797
12/02/2014,1.2473,1.2478,1.2378,1.2381,191496
12/03/2014,1.2384,1.2392,1.2302,1.2311,250710
12/04/2014,1.2309,1.2458,1.2277,1.2368,431883
12/05/2014,1.2379,1.2394,1.2272,1.2289,304104
12/08/2014,1.2288,1.2346,1.2248,1.2327,207631
12/09/2014,1.2316,1.245,1.2293,1.2378,347426
12/10/2014,1.2378,1.2449,1.2362,1.2443,337544
12/11/2014,1.2447,1.2496,1.2371,1.2385,337642
12/12/2014,1.2412,1.2493,1.2391,1.2459,253857
12/15/2014,1.248,1.2487,1.2422,1.2444,204449
12/16/2014,1.2451,1.2579,1.2443,1.2495,318226
12/17/2014,1.252,1.2523,1.2328,1.2337,297543
12/18/2014,1.2344,1.2362,1.2275,1.2292,218383
12/19/2014,1.2295,1.2312,1.2229,1.2235,166283
12/22/2014,1.2231,1.2281,1.2226,1.223,95359
12/23/2014,1.2237,1.2254,1.2173,1.2185,102105
12/24/2014,1.2181,1.2229,1.2178,1.2199,42818
12/26/2014,1.2229,1.2237,1.2176,1.2185,32179
12/29/2014,1.2189,1.223,1.2151,1.2165,98863
12/30/2014,1.2163,1.2196,1.2132,1.2162,109476
12/31/2014,1.2164,1.2178,1.2104,1.2107,72699
01/02/2015,1.211,1.2113,1.2007,1.2013,160116
01/05/2015,1.196,1.1985,1.1895,1.1947,237144
01/06/2015,1.1942,1.1977,1.1892,1.1921,240557
01/07/2015,1.1884,1.1904,1.1809,1.1857,268682
01/08/2015,1.1842,1.1854,1.1761,1.179,239827
01/09/2015,1.1798,1.1854,1.1769,1.1848,287812
01/12/2015,1.187,1.1878,1.1792,1.1847,185095
01/13/2015,1.1837,1.1866,1.1759,1.1771,231368
01/14/2015,1.1782,1.1854,1.1734,1.1782,314743
01/15/2015,1.1794,1.1797,1.1574,1.1622,524574
01/16/2015,1.1637,1.1656,1.1467,1.159,346731
01/20/2015,1.1571,1.1646,1.1546,1.1554,276310
01/21/2015,1.1558,1.1687,1.1547,1.1597,266115
01/22/2015,1.1618,1.1668,1.1321,1.1383,380598
01/23/2015,1.1371,1.1379,1.1119,1.1251,392838
01/26/2015,1.1152,1.13,1.1102,1.1272,218118
01/27/2015,1.1244,1.1428,1.1229,1.138,300148
01/28/2015,1.1376,1.1388,1.1281,1.1314,221761
01/29/2015,1.128,1.1372,1.1266,1.1317,206212
01/30/2015,1.133,1.1368,1.1281,1.1296,204496
02/02/2015,1.1314,1.1367,1.1296,1.135,167851
02/03/2015,1.134,1.1539,1.1317,1.1491,292263
02/04/2015,1.1472,1.149,1.132,1.1423,205216
02/05/2015,1.1342,1.1503,1.1308,1.1479,204190
02/06/2015,1.148,1.1483,1.1315,1.1323,216345
02/09/2015,1.1319,1.1363,1.1275,1.1341,148015
02/10/2015,1.1328,1.135,1.1277,1.1317,166817
02/11/2015,1.132,1.1352,1.1283,1.1307,136870
02/12/2015,1.1335,1.1427,1.1307,1.1418,213638
02/13/2015,1.1405,1.1447,1.1383,1.1395,137660
02/17/2015,1.1402,1.1452,1.1325,1.1417,225669
02/18/2015,1.1413,1.1419,1.1337,1.1384,159326
02/19/2015,1.1403,1.1454,1.1358,1.1368,149325
02/20/2015,1.1368,1.1434,1.1281,1.1399,282844
02/23/2015,1.1382,1.1397,1.1298,1.1336,126493
02/24/2015,1.1338,1.1361,1.129,1.1339,174423
02/25/2015,1.1342,1.1392,1.1338,1.1362,113384
02/26/2015,1.1365,1.1382,1.1185,1.1199,238349
02/27/2015,1.12,1.1249,1.1177,1.1195,220003
03/02/2015,1.1183,1.1242,1.1161,1.1188,154019
03/03/2015,1.1182,1.1219,1.1156,1.118,155159
03/04/2015,1.1181,1.1187,1.1063,1.1075,252738
03/05/2015,1.1082,1.1116,1.0988,1.1028,284787
03/06/2015,1.1034,1.1034,1.084,1.0859,343526
03/09/2015,1.0836,1.0908,1.0824,1.086,190758
03/10/2015,1.0853,1.0856,1.0693,1.0698,393086
03/11/2015,1.0685,1.0718,1.0512,1.0535,524395
03/12/2015,1.0547,1.0684,1.0494,1.0599,359064
03/13/2015,1.0638,1.0647,1.0473,1.0484,320907
03/16/2015,1.0498,1.0632,1.0491,1.0595,249440
03/17/2015,1.0581,1.0663,1.0563,1.0611,240582
03/18/2015,1.0608,1.1011,1.0591,1.0753,471511
03/19/2015,1.0845,1.0931,1.0625,1.0653,409113
03/20/2015,1.067,1.0894,1.0668,1.0823,321356
03/23/2015,1.0877,1.0984,1.078,1.0954,348943
03/24/2015,1.0958,1.1041,1.0903,1.093,361201
03/25/2015,1.0934,1.1027,1.0913,1.0972,225437
03/26/2015,1.0983,1.1064,1.0867,1.0882,320364
03/27/2015,1.0888,1.0961,1.0812,1.0916,279487
03/30/2015,1.09,1.0907,1.0821,1.0834,201591
03/31/2015,1.0838,1.0857,1.0724,1.0754,228170
04/01/2015,1.0752,1.0811,1.0729,1.0775,236738
04/02/2015,1.0775,1.0916,1.076,1.0905,223277
04/03/2015,1.0893,1.1038,1.0873,1.1003,102604
04/06/2015,1.1007,1.1047,1.092,1.0987,107727
04/07/2015,1.0942,1.0965,1.0813,1.0839,222282
04/08/2015,1.0822,1.0897,1.0772,1.0808,261026
04/09/2015,1.0791,1.0797,1.0645,1.0648,260859
04/10/2015,1.0671,1.0692,1.0577,1.0613,228632
04/13/2015,1.0603,1.0628,1.0529,1.0578,238637
04/14/2015,1.0575,1.0717,1.0539,1.0668,309038
04/15/2015,1.0663,1.0711,1.0579,1.0693,342662
04/16/2015,1.0688,1.0826,1.0633,1.0806,350927
04/17/2015,1.0773,1.0857,1.0742,1.08,302384
04/20/2015,1.082,1.0827,1.072,1.0744,180929
04/21/2015,1.0746,1.0789,1.0667,1.0742,211384
04/22/2015,1.0744,1.0809,1.0716,1.0747,219108
04/23/2015,1.0731,1.0853,1.0672,1.0832,277806
04/24/2015,1.083,1.0907,1.0791,1.0875,281582
04/27/2015,1.0874,1.0934,1.0826,1.0887,200883
04/28/2015,1.0892,1.0998,1.0867,1.0985,247121
04/29/2015,1.0985,1.1195,1.0965,1.1118,455088
04/30/2015,1.1124,1.1273,1.1077,1.1266,445064
05/01/2015,1.1224,1.1297,1.1181,1.1198,192844
05/04/2015,1.1199,1.1231,1.1129,1.1145,174401
05/05/2015,1.1154,1.1229,1.1072,1.1201,275171
05/06/2015,1.1193,1.1377,1.1181,1.1357,383913
05/07/2015,1.1349,1.1398,1.1243,1.1274,299995
05/08/2015,1.1261,1.1303,1.1184,1.121,327889
05/11/2015,1.1206,1.1211,1.1136,1.1161,214387
05/12/2015,1.1157,1.1284,1.1139,1.1225,227539
05/13/2015,1.1224,1.1387,1.1207,1.1365,260120
05/14/2015,1.1357,1.1457,1.1344,1.14,291694
05/15/2015,1.1414,1.1472,1.1328,1.1469,284468
05/18/2015,1.145,1.1452,1.1302,1.1308,204769
05/19/2015,1.132,1.1331,1.1122,1.1159,329080
05/20/2015,1.1151,1.1156,1.1066,1.112,296126
05/21/2015,1.1095,1.1185,1.1082,1.1134,241415
05/22/2015,1.1111,1.1212,1.1005,1.1043,290746
05/26/2015,1.0987,1.1013,1.0866,1.0874,315701
05/27/2015,1.0876,1.0932,1.0821,1.0892,322754
05/28/2015,1.0902,1.0962,1.0869,1.0957,287247
05/29/2015,1.0959,1.1008,1.0928,1.0983,244145
06/01/2015,1.0982,1.0983,1.0889,1.0935,243385
06/02/2015,1.0924,1.1198,1.0918,1.1169,407893
06/03/2015,1.1154,1.1288,1.1081,1.1252,406772
06/04/2015,1.1271,1.1382,1.1223,1.1246,369217
06/05/2015,1.1228,1.1283,1.105,1.112,340913
06/08/2015,1.1102,1.1309,1.1084,1.1278,299981
06/09/2015,1.1283,1.1347,1.1215,1.1282,303227
06/10/2015,1.128,1.1388,1.1261,1.1317,410827
06/11/2015,1.1323,1.1333,1.118,1.1263,375320
06/12/2015,1.1255,1.1312,1.1165,1.1275,317258
06/15/2015,1.1234,1.1309,1.1204,1.1297,203732
06/16/2015,1.1297,1.1344,1.1218,1.1254,189322
06/17/2015,1.126,1.1372,1.122,1.1347,239506
06/18/2015,1.1355,1.145,1.1342,1.1383,268005
06/19/2015,1.1382,1.1416,1.1305,1.1366,165543
06/22/2015,1.138,1.1424,1.1324,1.135,204945
06/23/2015,1.1353,1.136,1.1146,1.118,271588
06/24/2015,1.1179,1.1247,1.1171,1.1218,212126
06/25/2015,1.1215,1.1239,1.1165,1.1214,178396
06/26/2015,1.1211,1.1232,1.1141,1.1172,181369
06/29/2015,1.1001,1.1292,1.0962,1.1265,372729
06/30/2015,1.1242,1.1256,1.1124,1.1156,252525
07/01/2015,1.1144,1.1187,1.1054,1.1059,201114
07/02/2015,1.1064,1.1134,1.1043,1.1096,173453
07/03/2015,1.1096,1.1129,1.1076,1.1096,58475
07/06/2015,1.1012,1.1108,1.0992,1.1058,199663
07/07/2015,1.1066,1.1068,1.0927,1.0986,274988
07/08/2015,1.1008,1.1104,1.0985,1.1071,215237
07/09/2015,1.1084,1.1136,1.1001,1.1022,172711
07/10/2015,1.1053,1.1226,1.1053,1.1138,279218
07/13/2015,1.1142,1.1207,1.1003,1.1007,253151
07/14/2015,1.1015,1.1097,1.0974,1.1018,192182
07/15/2015,1.1018,1.1044,1.0938,1.0957,189743
07/16/2015,1.0953,1.0972,1.0864,1.0883,227103
07/17/2015,1.0884,1.0916,1.0836,1.0857,148181
07/20/2015,1.084,1.0878,1.0817,1.0837,131729
07/21/2015,1.083,1.0977,1.082,1.095,217558
07/22/2015,1.0946,1.0975,1.0877,1.0912,176683
07/23/2015,1.0934,1.1026,1.0929,1.1006,240611
07/24/2015,1.0991,1.1003,1.0932,1.0989,164256
07/27/2015,1.0984,1.1137,1.0977,1.1105,220864
07/28/2015,1.11,1.1106,1.1029,1.1049,154260
07/29/2015,1.1069,1.1091,1.0973,1.1015,207964
07/30/2015,1.0988,1.0996,1.0899,1.0924,219169
07/31/2015,1.0938,1.1121,1.0927,1.0971,312456
08/03/2015,1.0987,1.1002,1.0947,1.0954,150848
08/04/2015,1.0959,1.0994,1.0885,1.0897,169912
08/05/2015,1.0896,1.0948,1.0852,1.0901,232615
08/06/2015,1.0906,1.095,1.0879,1.0926,145953
08/07/2015,1.0929,1.0984,1.086,1.0976,262879
08/10/2015,1.0965,1.1047,1.093,1.1024,166155
08/11/2015,1.1022,1.1093,1.0965,1.1035,258533
08/12/2015,1.1046,1.122,1.1028,1.1174,311498
08/13/2015,1.1165,1.1193,1.1084,1.1146,197144
08/14/2015,1.1157,1.1193,1.1102,1.1124,170057
08/17/2015,1.1119,1.113,1.1062,1.1085,166584
08/18/2015,1.1084,1.1098,1.102,1.1023,155964
08/19/2015,1.1031,1.1139,1.1021,1.1134,249640
08/20/2015,1.1126,1.1249,1.111,1.1202,247041
08/21/2015,1.124,1.1394,1.1233,1.1358,307558
08/24/2015,1.1381,1.1718,1.1373,1.1603,562888
08/25/2015,1.1585,1.1609,1.1398,1.1429,391188
08/26/2015,1.152,1.1564,1.1294,1.1352,346626
08/27/2015,1.1316,1.1367,1.1205,1.1268,268515
08/28/2015,1.125,1.1312,1.1158,1.1185,217186
08/31/2015,1.1181,1.1265,1.1178,1.1239,175656
09/01/2015,1.121,1.1335,1.121,1.1296,245531
09/02/2015,1.1312,1.1314,1.1218,1.124,185805
09/03/2015,1.1226,1.1245,1.1088,1.1117,302169
09/04/2015,1.112,1.12,1.109,1.115,248161
09/08/2015,1.116,1.1231,1.1122,1.1186,298654
09/09/2015,1.1204,1.1217,1.1132,1.1197,292263
09/10/2015,1.1213,1.1296,1.1172,1.1285,347864
09/11/2015,1.1295,1.1368,1.1272,1.1353,240021
09/14/2015,1.1354,1.1391,1.1302,1.1332,156093
09/15/2015,1.1333,1.1348,1.1276,1.129,153708
09/16/2015,1.1282,1.1339,1.1232,1.1294,177555
09/17/2015,1.1307,1.1457,1.1302,1.1413,272446
09/18/2015,1.1433,1.1476,1.1285,1.1368,232132
09/21/2015,1.1304,1.1347,1.1197,1.1206,200394
09/22/2015,1.1205,1.1223,1.1128,1.1147,197988
09/23/2015,1.114,1.1229,1.112,1.1222,222665
09/24/2015,1.1201,1.1311,1.1179,1.1234,244468
09/25/2015,1.1192,1.1227,1.113,1.1203,216443
09/28/2015,1.1206,1.1262,1.116,1.1244,193193
09/29/2015,1.1256,1.1295,1.1207,1.1272,209876
09/30/2015,1.1263,1.1275,1.1171,1.1179,200739
10/01/2015,1.1185,1.1223,1.1148,1.1196,167167
10/02/2015,1.12,1.1331,1.1162,1.1241,295509
10/05/2015,1.1228,1.1301,1.1185,1.1192,166876
10/06/2015,1.1197,1.1292,1.1184,1.1284,159864
10/07/2015,1.128,1.1296,1.1222,1.1263,183493
10/08/2015,1.125,1.1338,1.1245,1.1284,220647
10/09/2015,1.129,1.1398,1.1278,1.1377,209497
10/12/2015,1.1373,1.1408,1.1365,1.1388,77356
10/13/2015,1.1367,1.1422,1.1355,1.1395,160968
10/14/2015,1.1393,1.15,1.139,1.1489,195728
10/15/2015,1.1492,1.1505,1.1372,1.1394,235360
10/16/2015,1.1389,1.1405,1.1344,1.1386,141565
10/19/2015,1.1369,1.1388,1.1314,1.1336,133525
10/20/2015,1.1339,1.1397,1.1333,1.1346,135865
10/21/2015,1.1355,1.1386,1.1343,1.1346,115408
10/22/2015,1.1347,1.136,1.1109,1.1117,388620
10/23/2015,1.1113,1.1148,1.1004,1.1012,290048
10/26/2015,1.1013,1.1076,1.1011,1.1053,173620
10/27/2015,1.106,1.1086,1.1037,1.105,159627
10/28/2015,1.1051,1.1104,1.0904,1.0909,291699
10/29/2015,1.0932,1.0992,1.0908,1.0981,234362
10/30/2015,1.0992,1.1079,1.0972,1.1009,278168
11/02/2015,1.1037,1.1059,1.1006,1.1017,141401
11/03/2015,1.1018,1.1036,1.0942,1.097,166732
11/04/2015,1.0967,1.0974,1.0849,1.0865,252284
11/05/2015,1.0872,1.0903,1.0839,1.0891,210785
11/06/2015,1.0887,1.09,1.071,1.075,300147
11/09/2015,1.0735,1.0795,1.0723,1.0762,199476
11/10/2015,1.0758,1.0769,1.0679,1.0711,193560
11/11/2015,1.0727,1.0778,1.071,1.0734,170360
11/12/2015,1.0761,1.0835,1.0695,1.0798,280304
11/13/2015,1.0809,1.0821,1.0718,1.0741,229547
11/16/2015,1.074,1.0762,1.0678,1.0681,174712
11/17/2015,1.0687,1.0695,1.0634,1.0652,184707
11/18/2015,1.0648,1.0696,1.062,1.065,195923
11/19/2015,1.0662,1.0767,1.0661,1.0736,248376
11/20/2015,1.0731,1.0737,1.0643,1.0656,216616
11/23/2015,1.0644,1.066,1.0596,1.0627,207779
11/24/2015,1.0636,1.0677,1.0622,1.0659,191861
11/25/2015,1.0647,1.0693,1.0568,1.0619,248372
11/27/2015,1.0608,1.0641,1.057,1.0602,159008
11/30/2015,1.0592,1.0598,1.056,1.0576,178738
12/01/2015,1.0572,1.064,1.0566,1.0634,216661
12/02/2015,1.0627,1.0634,1.0553,1.0619,258471
12/03/2015,1.0609,1.0984,1.049,1.0974,746629
12/04/2015,1.0933,1.0959,1.0837,1.0875,432917
12/07/2015,1.0875,1.0889,1.0797,1.0847,226426
12/08/2015,1.0833,1.0904,1.0831,1.0889,223306
12/09/2015,1.0895,1.1044,1.088,1.1027,443318
12/10/2015,1.102,1.1022,1.0925,1.0937,371435
12/11/2015,1.097,1.106,1.0954,1.102,282001
12/14/2015,1.1001,1.1077,1.0973,1.1027,225075
12/15/2015,1.1027,1.1088,1.0933,1.0946,219671
12/16/2015,1.096,1.104,1.0915,1.1008,289991
12/17/2015,1.0922,1.0922,1.0828,1.083,225400
12/18/2015,1.086,1.09,1.083,1.0891,191991
12/21/2015,1.0887,1.0965,1.0874,1.0952,134331
12/22/2015,1.0938,1.1011,1.0928,1.0979,139450
12/23/2015,1.0979,1.098,1.0893,1.0936,119111
12/24/2015,1.0932,1.0991,1.0928,1.0976,51301
12/28/2015,1.0986,1.1016,1.0978,1.0999,71503
12/29/2015,1.0996,1.1014,1.0921,1.0961,111015
12/30/2015,1.0945,1.0964,1.0922,1.0944,97068
12/31/2015,1.0948,1.0958,1.0871,1.0886,85589
01/04/2016,1.0884,1.0966,1.0799,1.0846,257001
01/05/2016,1.0849,1.0857,1.0728,1.0763,185451
01/06/2016,1.077,1.0818,1.0732,1.0806,185904
01/07/2016,1.0796,1.0959,1.0788,1.0952,287672
01/08/2016,1.0941,1.095,1.0812,1.092,290346
01/11/2016,1.096,1.09875,1.0865,1.08895,163551
01/12/2016,1.08785,1.09175,1.08365,1.08715,162441
01/13/2016,1.08665,1.0905,1.0821,1.0894,178288
01/14/2016,1.08965,1.09595,1.085,1.0878,227881
01/15/2016,1.088,1.10005,1.087,1.09245,271282
01/19/2016,1.093,1.0954,1.08745,1.09395,225281
01/20/2016,1.09285,1.0991,1.08915,1.0906,201056
01/21/2016,1.0904,1.09355,1.0789,1.08905,306385
01/22/2016,1.0885,1.089,1.0801,1.08035,180360
01/25/2016,1.08075,1.087,1.0802,1.0849,107054
01/26/2016,1.08625,1.0887,1.0831,1.0865,154577
01/27/2016,1.08795,1.093,1.0863,1.09175,191792
01/28/2016,1.09145,1.098,1.0881,1.0967,191828
01/29/2016,1.09495,1.096,1.0821,1.08385,276017
02/01/2016,1.0841,1.09245,1.0825,1.09035,164237
02/02/2016,1.0898,1.0951,1.08965,1.0927,152449
02/03/2016,1.09355,1.11565,1.0914,1.1103,338485
02/04/2016,1.1096,1.125,1.10795,1.1222,305386
02/05/2016,1.12125,1.127,1.11185,1.11545,279209
02/08/2016,1.1157,1.1226,1.1096,1.12215,213026
02/09/2016,1.12085,1.13485,1.1172,1.1296,276790
02/10/2016,1.12965,1.13205,1.117,1.12895,265488
02/11/2016,1.1289,1.13855,1.12825,1.1332,338630
02/12/2016,1.1324,1.1342,1.1222,1.1264,218506
02/16/2016,1.1252,1.12535,1.11315,1.11515,252059
02/17/2016,1.1148,1.11865,1.1113,1.1146,170147
02/18/2016,1.11355,1.1156,1.10765,1.11035,179265
02/19/2016,1.11165,1.1145,1.1065,1.11415,170802
02/22/2016,1.1122,1.1131,1.10085,1.1031,157527
02/23/2016,1.10325,1.10585,1.09955,1.10145,158317
02/24/2016,1.10245,1.1052,1.0962,1.1019,243501
02/25/2016,1.10215,1.10545,1.09915,1.1045,166636
02/26/2016,1.1024,1.10725,1.09155,1.09315,238313
02/29/2016,1.0923,1.09665,1.08625,1.0885,193708
03/01/2016,1.08865,1.08975,1.08375,1.08695,193265
03/02/2016,1.08715,1.0884,1.08285,1.0867,160003
03/03/2016,1.087,1.09755,1.0856,1.09585,184888
03/04/2016,1.09535,1.1046,1.0905,1.10005,330833
03/07/2016,1.09955,1.1028,1.09415,1.10185,159267
03/08/2016,1.1018,1.106,1.0994,1.1005,202254
03/09/2016,1.1008,1.10365,1.09465,1.1004,308775
03/10/2016,1.09985,1.12195,1.08225,1.12005,605278
03/11/2016,1.1212,1.1241,1.11115,1.11875,294305
03/14/2016,1.11785,1.12065,1.11085,1.1124,155892
03/15/2016,1.1134,1.11555,1.11025,1.11385,131135
03/16/2016,1.1136,1.12735,1.1088,1.12245,228618
03/17/2016,1.12435,1.13715,1.12335,1.13475,253026
03/18/2016,1.1344,1.1365,1.1284,1.1296,153476
03/21/2016,1.12975,1.1313,1.1262,1.128,117765
03/22/2016,1.12685,1.12885,1.1216,1.12465,157033
03/23/2016,1.1242,1.125,1.1185,1.1208,133284
03/24/2016,1.1208,1.12135,1.11695,1.1197,116495
03/28/2016,1.1186,1.1246,1.11785,1.12275,72543
03/29/2016,1.12225,1.13295,1.11945,1.1322,231110
03/30/2016,1.1317,1.13915,1.1311,1.136,212742
03/31/2016,1.136,1.1438,1.13345,1.1412,230668
04/01/2016,1.14045,1.14625,1.13585,1.14165,276451
04/04/2016,1.142,1.14375,1.13805,1.14195,131382
04/05/2016,1.1414,1.1429,1.13585,1.14085,182061
04/06/2016,1.1406,1.14545,1.1349,1.1429,227973
04/07/2016,1.1417,1.1476,1.1358,1.14005,225271
04/08/2016,1.1394,1.144,1.137,1.1419,157029
04/11/2016,1.143,1.1469,1.13925,1.1433,148011
04/12/2016,1.1426,1.1486,1.13665,1.14175,181993
04/13/2016,1.1405,1.14115,1.1288,1.13035,197579
04/14/2016,1.1295,1.13145,1.1253,1.12855,150635
04/15/2016,1.12775,1.1336,1.1264,1.13045,131614
04/18/2016,1.1313,1.1351,1.12925,1.1332,102535
04/19/2016,1.1333,1.14035,1.13215,1.1393,145536
04/20/2016,1.1375,1.1406,1.1308,1.1319,143956
04/21/2016,1.13165,1.1417,1.12865,1.13115,255234
04/22/2016,1.1301,1.1325,1.1234,1.12445,151733
04/25/2016,1.12405,1.12945,1.1236,1.1276,108933
04/26/2016,1.1283,1.13565,1.12715,1.13055,162626
04/27/2016,1.1314,1.1378,1.12865,1.1341,180263
04/28/2016,1.13385,1.13825,1.131,1.1364,169932
04/29/2016,1.13655,1.1475,1.13625,1.1465,242657
05/02/2016,1.14735,1.15515,1.1462,1.1537,147858
05/03/2016,1.15425,1.16305,1.1509,1.15205,230101
05/04/2016,1.15135,1.15435,1.14795,1.15145,191243
05/05/2016,1.14985,1.15065,1.1398,1.1411,171141
05/06/2016,1.1417,1.1498,1.13985,1.141,187973
05/09/2016,1.141,1.1432,1.1387,1.13995,118571
05/10/2016,1.1392,1.14215,1.137,1.13805,125667
05/11/2016,1.1383,1.14575,1.13795,1.14365,117410
05/12/2016,1.1436,1.14395,1.1379,1.13845,129801
05/13/2016,1.1385,1.13895,1.1292,1.13165,174732
05/16/2016,1.13115,1.13515,1.13105,1.1327,84487
05/17/2016,1.1326,1.1358,1.1305,1.1326,123558
05/18/2016,1.13215,1.13245,1.12225,1.12375,180049
05/19/2016,1.1226,1.1237,1.1187,1.1208,165269
05/20/2016,1.1208,1.1244,1.1203,1.12255,105181
05/23/2016,1.12235,1.1249,1.1194,1.12265,110981
05/24/2016,1.12265,1.12335,1.1139,1.1152,156232
05/25/2016,1.1144,1.1173,1.11345,1.1168,122498
05/26/2016,1.11615,1.1222,1.11545,1.1195,152294
05/27/2016,1.1197,1.12055,1.11155,1.11435,138922
05/31/2016,1.1118,1.1178,1.11025,1.113,210934
06/01/2016,1.11345,1.1198,1.1118,1.11865,182107
06/02/2016,1.11905,1.12235,1.11485,1.1153,168262
06/03/2016,1.1156,1.1377,1.11395,1.1348,278272
06/06/2016,1.13675,1.1395,1.1328,1.1376,195951
06/07/2016,1.13595,1.13825,1.13405,1.13645,173499
06/08/2016,1.13585,1.1413,1.13565,1.1399,230698
06/09/2016,1.13995,1.14165,1.1306,1.1332,269704
06/10/2016,1.1352,1.13595,1.1283,1.1298,244396
06/13/2016,1.1285,1.13415,1.1269,1.1332,151978
06/14/2016,1.1326,1.1336,1.1227,1.1242,175159
06/15/2016,1.12445,1.1338,1.1228,1.13025,164471
06/16/2016,1.1299,1.13325,1.1169,1.12755,251834
06/17/2016,1.12675,1.13335,1.1259,1.1307,147191
06/20/2016,1.13535,1.14195,1.1338,1.13515,141090
06/21/2016,1.1348,1.1386,1.12755,1.1294,144717
06/22/2016,1.12835,1.1375,1.1272,1.1346,126220
06/23/2016,1.1372,1.14575,1.13525,1.13905,159381
06/24/2016,1.145,1.1455,1.0947,1.11555,386658
06/27/2016,1.1087,1.11165,1.10035,1.1036,218334
06/28/2016,1.10555,1.1144,1.10435,1.10795,149845
06/29/2016,1.1113,1.1162,1.1081,1.1138,154841
06/30/2016,1.11535,1.11845,1.1052,1.11075,218956
07/01/2016,1.11325,1.11995,1.1102,1.1165,129233
07/05/2016,1.1165,1.1216,1.10915,1.11005,182471
07/06/2016,1.10955,1.1143,1.10595,1.1134,143675
07/07/2016,1.11265,1.11375,1.1081,1.1084,106263
07/08/2016,1.109,1.11495,1.10295,1.10775,173909
07/11/2016,1.10795,1.11035,1.1043,1.1085,97921
07/12/2016,1.1088,1.1155,1.108,1.1096,144077
07/13/2016,1.109,1.1148,1.10695,1.11355,127463
07/14/2016,1.1121,1.1192,1.1115,1.11485,139913
07/15/2016,1.1141,1.11765,1.1052,1.10885,141795
07/18/2016,1.10795,1.11125,1.10645,1.1096,87018
07/19/2016,1.11005,1.11075,1.10255,1.10415,143158
07/20/2016,1.10445,1.10565,1.10065,1.103,124002
07/21/2016,1.10355,1.10855,1.10045,1.10385,171252
07/22/2016,1.1049,1.1066,1.09795,1.09865,124109
07/25/2016,1.09955,1.10235,1.0976,1.1014,86097
07/26/2016,1.1016,1.10545,1.1003,1.1011,104081
07/27/2016,1.10075,1.1089,1.0984,1.1043,149979
07/28/2016,1.1076,1.1143,1.1075,1.10955,142653
07/29/2016,1.10975,1.1219,1.1093,1.12015,191185
08/01/2016,1.12055,1.1206,1.1177,1.1191,96797
08/02/2016,1.1185,1.12555,1.11835,1.1248,129475
08/03/2016,1.12435,1.1245,1.1162,1.1167,116363
08/04/2016,1.1169,1.1176,1.11335,1.11495,107553
08/05/2016,1.1146,1.11805,1.1064,1.11095,160714
08/08/2016,1.11035,1.11235,1.10905,1.11005,70632
08/09/2016,1.1105,1.11405,1.10885,1.11255,102809
08/10/2016,1.1132,1.12075,1.11315,1.11915,140797
08/11/2016,1.11985,1.12085,1.1151,1.1159,102987
08/12/2016,1.11545,1.1237,1.11465,1.11775,138559
08/15/2016,1.11845,1.1219,1.1168,1.11965,66769
08/16/2016,1.1197,1.13375,1.1192,1.12905,206724
08/17/2016,1.129,1.13305,1.12535,1.1304,139522
08/18/2016,1.1301,1.138,1.13,1.1367,158455
08/19/2016,1.13655,1.1373,1.13165,1.13355,122279
08/22/2016,1.1326,1.1343,1.12825,1.13365,103707
08/23/2016,1.1333,1.13665,1.1315,1.13175,108005
08/24/2016,1.1318,1.13225,1.12565,1.12735,121185
08/25/2016,1.1274,1.1308,1.12695,1.1289,103635
08/26/2016,1.1295,1.1352,1.11895,1.11965,261635
08/29/2016,1.11965,1.1217,1.1167,1.11955,115688
08/30/2016,1.11945,1.12005,1.11405,1.11495,129669
08/31/2016,1.1151,1.1173,1.1131,1.11665,148473
09/01/2016,1.1165,1.1211,1.1133,1.12045,173853
09/02/2016,1.12025,1.12605,1.1155,1.1165,203256
09/06/2016,1.1159,1.1268,1.11435,1.12595,267554
09/07/2016,1.12555,1.1276,1.1233,1.1248,141579
09/08/2016,1.1243,1.1331,1.1237,1.1262,255541
09/09/2016,1.1268,1.12875,1.1201,1.1231,187756
09/12/2016,1.12375,1.1273,1.1213,1.1245,183382
09/13/2016,1.1237,1.12625,1.1206,1.12105,224053
09/14/2016,1.1219,1.12765,1.1215,1.1252,291944
09/15/2016,1.12505,1.129,1.12195,1.1244,246893
09/16/2016,1.1287,1.12925,1.11915,1.1193,214465
09/19/2016,1.11955,1.124,1.11925,1.1219,115829
09/20/2016,1.1218,1.1255,1.1191,1.11985,129791
09/21/2016,1.11935,1.1238,1.1164,1.12175,182693
09/22/2016,1.1232,1.12985,1.1224,1.1241,164759
09/23/2016,1.1248,1.128,1.12325,1.12715,128952
09/26/2016,1.1266,1.132,1.12605,1.12955,118108
09/27/2016,1.12925,1.13,1.12315,1.1262,163167
09/28/2016,1.12595,1.1277,1.12215,1.12545,151924
09/29/2016,1.1256,1.12875,1.1233,1.1252,155441
09/30/2016,1.12535,1.12905,1.11915,1.1277,252582
10/03/2016,1.12765,1.1285,1.1243,1.1255,106406
10/04/2016,1.125,1.12755,1.11735,1.1232,254895
10/05/2016,1.1242,1.12675,1.12235,1.1247,147351
10/06/2016,1.1241,1.12445,1.1171,1.11725,159789
10/07/2016,1.1178,1.12365,1.11355,1.12105,243259
10/10/2016,1.1221,1.12315,1.1162,1.1169,88304
10/11/2016,1.1169,1.1173,1.1078,1.108,185029
10/12/2016,1.10855,1.10985,1.10335,1.10405,188708
10/13/2016,1.1035,1.10875,1.1014,1.1084,183812
10/14/2016,1.1082,1.10865,1.0998,1.10095,165162
10/17/2016,1.09985,1.1037,1.0992,1.1025,110398
10/18/2016,1.1026,1.1054,1.0997,1.1005,130791
10/19/2016,1.1005,1.10315,1.0981,1.09935,118319
10/20/2016,1.09985,1.1065,1.09405,1.0951,203672
10/21/2016,1.0952,1.09545,1.08835,1.08985,149403
10/24/2016,1.0903,1.09245,1.0884,1.09015,115149
10/25/2016,1.0898,1.0929,1.0875,1.09135,150893
10/26/2016,1.09125,1.097,1.0898,1.09315,160612
10/27/2016,1.0931,1.09645,1.09045,1.0925,150387
10/28/2016,1.0919,1.1014,1.09145,1.10025,178608
10/31/2016,1.1003,1.10165,1.0958,1.0987,122012
11/01/2016,1.0997,1.10905,1.09815,1.1082,171788
11/02/2016,1.10785,1.1143,1.10705,1.11155,202939
11/03/2016,1.11175,1.1145,1.1078,1.1124,171130
11/04/2016,1.11235,1.1163,1.10985,1.1138,154363
11/07/2016,1.11095,1.1129,1.10455,1.10565,149502
11/08/2016,1.10615,1.10845,1.10265,1.1047,126103
11/09/2016,1.103,1.1317,1.092,1.0946,454374
11/10/2016,1.094,1.0969,1.0879,1.0906,234989
11/11/2016,1.0897,1.09375,1.0844,1.0859,184712
11/14/2016,1.085,1.0856,1.07225,1.0739,247599
11/15/2016,1.07585,1.083,1.07275,1.073,212916
11/16/2016,1.0735,1.0773,1.06795,1.06945,223116
11/17/2016,1.07115,1.0757,1.0631,1.06385,226817
11/18/2016,1.0637,1.0654,1.058,1.0611,245981
11/21/2016,1.05985,1.06595,1.05895,1.062,180709
11/22/2016,1.064,1.06685,1.05935,1.06345,174855
11/23/2016,1.0635,1.0654,1.05365,1.0558,238154
11/25/2016,1.056,1.06365,1.0527,1.06005,247002
11/28/2016,1.06085,1.06945,1.05725,1.06045,208659
11/29/2016,1.06185,1.0663,1.05735,1.0656,195819
11/30/2016,1.0656,1.06745,1.05595,1.06045,266324
12/01/2016,1.06,1.0676,1.05905,1.06535,224873
12/02/2016,1.0667,1.0696,1.06305,1.06645,193403
12/05/2016,1.055,1.0802,1.051,1.07745,301980
12/06/2016,1.0767,1.07905,1.0703,1.07215,199793
12/07/2016,1.0724,1.0773,1.07145,1.07635,136188
12/08/2016,1.0762,1.0878,1.0601,1.0617,355294
12/09/2016,1.0617,1.06335,1.05335,1.0557,219956
12/12/2016,1.0549,1.0655,1.0528,1.0633,251413
12/13/2016,1.0646,1.067,1.06065,1.0623,208656
12/14/2016,1.06285,1.06725,1.04985,1.05605,348975
12/15/2016,1.05305,1.05305,1.03675,1.0426,343080
12/16/2016,1.0469,1.0521,1.0447,1.04785,210423
12/19/2016,1.0493,1.05255,1.0439,1.0449,153685
12/20/2016,1.0447,1.0464,1.0398,1.04355,148092
12/21/2016,1.0437,1.04965,1.0428,1.04715,119202
12/22/2016,1.047,1.05435,1.04675,1.0479,139161
12/23/2016,1.04785,1.0514,1.0471,1.0491,70970
12/27/2016,1.04985,1.05085,1.0474,1.05015,55543
12/28/2016,1.0501,1.0524,1.04205,1.0458,127148
12/29/2016,1.0457,1.05305,1.04505,1.0521,137127
12/30/2016,1.0528,1.06935,1.052,1.0574,175583
01/03/2017,1.05005,1.0524,1.03735,1.04455,242107
01/04/2017,1.0442,1.0532,1.0422,1.04985,197674
01/05/2017,1.0516,1.0646,1.0511,1.0622,281224
01/06/2017,1.06345,1.06595,1.0554,1.0561,214539
01/09/2017,1.056,1.0612,1.05395,1.06065,150399
01/10/2017,1.061,1.06555,1.0579,1.05865,164457
01/11/2017,1.0582,1.06505,1.04805,1.06035,311839
01/12/2017,1.061,1.07105,1.05975,1.0651,250909
01/13/2017,1.0636,1.07015,1.0621,1.0668,184052
01/17/2017,1.065,1.0745,1.06035,1.0734,308227
01/18/2017,1.0736,1.0737,1.06525,1.06915,164188
01/19/2017,1.0655,1.07,1.06115,1.0682,240444
01/20/2017,1.0683,1.07325,1.0647,1.073,193044
01/23/2017,1.07275,1.07925,1.0725,1.0768,195161
01/24/2017,1.079,1.07965,1.0741,1.0743,147211
01/25/2017,1.07515,1.079,1.07315,1.07615,166611
01/26/2017,1.0768,1.07845,1.06765,1.07175,204428
01/27/2017,1.07,1.0744,1.0677,1.07175,174870
01/30/2017,1.0729,1.07585,1.06375,1.0711,203413
01/31/2017,1.0717,1.0829,1.07015,1.0821,291790
02/01/2017,1.08135,1.0824,1.07465,1.0793,213546
02/02/2017,1.07835,1.0844,1.0771,1.07785,190930
02/03/2017,1.07775,1.08125,1.0725,1.07815,206353
02/06/2017,1.0798,1.0803,1.07195,1.0762,150732
02/07/2017,1.0761,1.07635,1.06695,1.07085,174681
02/08/2017,1.0695,1.07275,1.0653,1.06985,184719
02/09/2017,1.07055,1.0721,1.0662,1.067,164940
02/10/2017,1.06645,1.0679,1.06185,1.06425,176378
02/13/2017,1.06415,1.06695,1.06025,1.06095,138249
02/14/2017,1.06055,1.0644,1.0571,1.0583,201932
02/15/2017,1.05885,1.0619,1.0531,1.06,210400
02/16/2017,1.06035,1.06885,1.0601,1.0685,207182
02/17/2017,1.0679,1.06855,1.06135,1.06145,158961
02/21/2017,1.0628,1.06415,1.05335,1.0556,244476
02/22/2017,1.05425,1.05815,1.05015,1.05785,238552
02/23/2017,1.05625,1.0602,1.05435,1.05785,167897
02/24/2017,1.0584,1.0624,1.0562,1.05695,207131
02/27/2017,1.0565,1.0636,1.0557,1.05935,167550
02/28/2017,1.05915,1.06355,1.05705,1.05975,197642
03/01/2017,1.05765,1.05945,1.0518,1.0548,243354
03/02/2017,1.0551,1.05545,1.0498,1.05045,194779
03/03/2017,1.0508,1.0628,1.05055,1.06015,278704
03/06/2017,1.06145,1.06425,1.0577,1.05895,205025
03/07/2017,1.0583,1.0605,1.056,1.05695,199269
03/08/2017,1.05665,1.0576,1.05365,1.055,286642
03/09/2017,1.0542,1.0616,1.05255,1.05935,400311
03/10/2017,1.0623,1.07485,1.0614,1.07415,359098
03/13/2017,1.0733,1.0763,1.07005,1.07085,171512
03/14/2017,1.07015,1.0711,1.0649,1.066,159124
03/15/2017,1.06575,1.07905,1.0654,1.0753,228124
03/16/2017,1.07825,1.08195,1.07545,1.07975,214203
03/17/2017,1.0819,1.0831,1.0777,1.07905,184212
03/20/2017,1.0789,1.0826,1.07735,1.0781,137692
03/21/2017,1.0786,1.0868,1.0767,1.08475,237893
03/22/2017,1.08555,1.0872,1.08225,1.0844,198932
03/23/2017,1.084,1.08505,1.0814,1.08305,157631
03/24/2017,1.08285,1.08625,1.08055,1.08505,148856
03/27/2017,1.08725,1.0949,1.08725,1.0911,189985
03/28/2017,1.0907,1.0915,1.0841,1.08505,166249
03/29/2017,1.0855,1.08685,1.07825,1.07995,201704
03/30/2017,1.08095,1.08095,1.071,1.07285,198723
03/31/2017,1.07205,1.07405,1.0689,1.0722,181669
04/03/2017,1.06985,1.0719,1.068,1.07045,146711
04/04/2017,1.0704,1.0714,1.0673,1.07055,137729
04/05/2017,1.0715,1.07255,1.0668,1.07025,183821
04/06/2017,1.0699,1.07185,1.0664,1.0682,142673
04/07/2017,1.06765,1.0715,1.0615,1.06235,203794
04/10/2017,1.0615,1.06415,1.06045,1.06295,131731
04/11/2017,1.0628,1.06645,1.0613,1.0642,138799
04/12/2017,1.0637,1.0707,1.06205,1.0627,160589
04/13/2017,1.0698,1.07095,1.0641,1.0654,146496
04/17/2017,1.0641,1.0703,1.0634,1.06745,79752
04/18/2017,1.06755,1.07675,1.0669,1.07625,180975
04/19/2017,1.0763,1.07675,1.07305,1.07505,128144
04/20/2017,1.0739,1.08065,1.07385,1.07495,161533
04/21/2017,1.0738,1.0767,1.07115,1.0724,157050
04/24/2017,1.0893,1.09285,1.08485,1.08865,255395
04/25/2017,1.08955,1.0978,1.0879,1.09675,235438
04/26/2017,1.09555,1.09785,1.08835,1.09255,240283
04/27/2017,1.0931,1.0959,1.0877,1.09085,244906
04/28/2017,1.0898,1.0973,1.0882,1.0921,223988
05/01/2017,1.0921,1.09495,1.09095,1.0931,68794
05/02/2017,1.0924,1.0958,1.0913,1.0952,124109
05/03/2017,1.09545,1.09615,1.09065,1.0928,143553
05/04/2017,1.09085,1.101,1.08975,1.1,215925
05/05/2017,1.1004,1.10235,1.0968,1.1011,179400
05/08/2017,1.10355,1.1036,1.09375,1.0954,177141
05/09/2017,1.0945,1.0954,1.0884,1.0889,197594
05/10/2017,1.08965,1.0918,1.0873,1.08815,146597
05/11/2017,1.08865,1.09115,1.0858,1.0885,132556
05/12/2017,1.08795,1.0953,1.0874,1.0942,175113
05/15/2017,1.095,1.1008,1.09405,1.09955,132975
05/16/2017,1.09965,1.1115,1.09945,1.11125,227506
05/17/2017,1.11,1.118,1.10975,1.1166,241111
05/18/2017,1.1183,1.1188,1.10915,1.112,253878
05/19/2017,1.1116,1.12275,1.1114,1.12205,198450
05/22/2017,1.12205,1.12785,1.1176,1.1251,205944
05/23/2017,1.1253,1.12825,1.11895,1.11985,240667
05/24/2017,1.11965,1.12355,1.1182,1.1212,191794
05/25/2017,1.1227,1.12625,1.1205,1.1216,146486
05/26/2017,1.122,1.1246,1.11725,1.11895,161902
05/30/2017,1.1186,1.12165,1.112,1.1199,256969
05/31/2017,1.11935,1.12625,1.1174,1.1256,211394
06/01/2017,1.1251,1.12655,1.12095,1.12235,140453
06/02/2017,1.1222,1.1294,1.12125,1.12855,180188
06/05/2017,1.12865,1.1291,1.12415,1.12645,110977
06/06/2017,1.1263,1.12915,1.1247,1.12755,156412
06/07/2017,1.12845,1.12895,1.121,1.12605,238549
06/08/2017,1.12635,1.1274,1.11995,1.1228,234402
06/09/2017,1.1208,1.122,1.11705,1.1202,197731
06/12/2017,1.1209,1.12365,1.11955,1.1212,169696
06/13/2017,1.12075,1.12285,1.11885,1.12155,195134
06/14/2017,1.1212,1.1299,1.1196,1.1219,493455
06/15/2017,1.12185,1.12295,1.1133,1.1154,238009
06/16/2017,1.1201,1.1257,1.1193,1.12485,186469
06/19/2017,1.1255,1.12675,1.11975,1.1203,136573
06/20/2017,1.1202,1.1219,1.1173,1.1183,150791
06/21/2017,1.1189,1.1226,1.1181,1.1216,124395
06/22/2017,1.122,1.1229,1.1191,1.11985,122772
06/23/2017,1.1201,1.12605,1.1196,1.12485,127908
06/26/2017,1.1244,1.1271,1.12225,1.12315,158683
06/27/2017,1.12345,1.1401,1.12295,1.1398,295413
06/28/2017,1.13885,1.1441,1.1341,1.143,378652
06/29/2017,1.1425,1.1493,1.14215,1.14795,265112
06/30/2017,1.1488,1.1491,1.1438,1.1467,206174
07/03/2017,1.1467,1.1472,1.14,1.14015,167927
07/05/2017,1.1409,1.14215,1.1356,1.13855,255530
07/06/2017,1.1394,1.14675,1.1372,1.14645,199475
07/07/2017,1.1464,1.1482,1.14215,1.14445,200596
07/10/2017,1.1441,1.14595,1.1423,1.14445,128522
07/11/2017,1.144,1.1521,1.14235,1.1518,188377
07/12/2017,1.15055,1.153,1.14315,1.1455,242085
07/13/2017,1.1452,1.14945,1.1409,1.14435,243617
07/14/2017,1.1438,1.15095,1.1429,1.1504,204295
07/17/2017,1.15105,1.1525,1.1473,1.1518,140065
07/18/2017,1.1516,1.1622,1.1509,1.15985,260099
07/19/2017,1.1592,1.1594,1.15465,1.1555,173069
07/20/2017,1.15535,1.1694,1.15135,1.1659,367540
07/21/2017,1.16675,1.1718,1.16535,1.1713,204040
07/24/2017,1.1701,1.1718,1.166,1.1677,164810
07/25/2017,1.16715,1.1746,1.16645,1.16835,222381
07/26/2017,1.168,1.1773,1.16455,1.1736,265620
07/27/2017,1.178,1.1808,1.1681,1.17145,273487
07/28/2017,1.1707,1.17945,1.1701,1.17915,228852
07/31/2017,1.17825,1.18755,1.1753,1.18605,241637
08/01/2017,1.1866,1.18685,1.1814,1.18315,213114
08/02/2017,1.1834,1.19395,1.18225,1.18895,259270
08/03/2017,1.1882,1.192,1.18575,1.1894,193490
08/04/2017,1.1896,1.1915,1.17535,1.17905,262371
08/07/2017,1.17955,1.184,1.17945,1.182,145209
08/08/2017,1.18215,1.18485,1.17395,1.17775,186720
08/09/2017,1.17745,1.1788,1.17125,1.1777,206526
08/10/2017,1.17825,1.18085,1.17265,1.1792,183767
08/11/2017,1.17945,1.18695,1.177,1.18455,214189
08/14/2017,1.1846,1.186,1.17915,1.1805,143563
08/15/2017,1.1798,1.1814,1.1708,1.17545,191208
08/16/2017,1.17565,1.1799,1.17015,1.17885,226919
08/17/2017,1.17885,1.18085,1.168,1.1759,249307
08/18/2017,1.17435,1.17925,1.17255,1.17765,163095
08/21/2017,1.1777,1.18455,1.1748,1.18275,144178
08/22/2017,1.18285,1.1841,1.17615,1.1768,143901
08/23/2017,1.17805,1.1839,1.1756,1.18355,158662
08/24/2017,1.18225,1.1832,1.1798,1.1818,114217
08/25/2017,1.1814,1.1955,1.17865,1.1892,244049
08/28/2017,1.19565,1.1997,1.19295,1.1993,150951
08/29/2017,1.1991,1.20825,1.1958,1.2003,285533
08/30/2017,1.19815,1.1996,1.1892,1.19025,241591
08/31/2017,1.1903,1.1923,1.1832,1.1912,251802
09/01/2017,1.19275,1.19895,1.18575,1.18755,272942
09/05/2017,1.189,1.19485,1.1876,1.19265,250607
09/06/2017,1.1923,1.1958,1.191,1.19185,185085
09/07/2017,1.19255,1.2065,1.19195,1.20105,363283
09/08/2017,1.2025,1.20975,1.20195,1.20325,239632
09/11/2017,1.2029,1.2034,1.1951,1.1967,225131
09/12/2017,1.19585,1.1982,1.193,1.19735,247239
09/13/2017,1.1969,1.1998,1.18755,1.18765,368270
09/14/2017,1.189,1.1924,1.18375,1.19145,291833
09/15/2017,1.1974,1.2046,1.19585,1.19975,253928
09/18/2017,1.1995,1.2027,1.1972,1.20095,160230
09/19/2017,1.20105,1.20645,1.2008,1.2055,194989
09/20/2017,1.20545,1.20925,1.19175,1.19465,252481
09/21/2017,1.1948,1.20085,1.192,1.1986,210985
09/22/2017,1.1995,1.20595,1.1991,1.19975,212018
09/25/2017,1.19705,1.1991,1.1886,1.19,243294
09/26/2017,1.1901,1.1916,1.18105,1.1853,267058
09/27/2017,1.1846,1.1849,1.17705,1.1811,253000
09/28/2017,1.1796,1.1854,1.177,1.1841,230036
09/29/2017,1.18335,1.18815,1.1821,1.18645,216250
10/02/2017,1.18565,1.18635,1.17785,1.1792,199146
10/03/2017,1.178,1.1821,1.17425,1.17965,184631
10/04/2017,1.17845,1.1835,1.1782,1.18105,177815
10/05/2017,1.1802,1.1823,1.1743,1.17495,198140
10/06/2017,1.17555,1.1783,1.1712,1.17775,241455
10/09/2017,1.1779,1.17995,1.1762,1.1793,106711
10/10/2017,1.1783,1.18695,1.1782,1.18475,233520
10/11/2017,1.185,1.19125,1.18375,1.1897,226077
10/12/2017,1.1901,1.1921,1.18675,1.1875,170462
10/13/2017,1.1873,1.1915,1.1845,1.1858,220890
10/16/2017,1.18505,1.1859,1.1819,1.1831,153468
10/17/2017,1.18355,1.1836,1.1774,1.1809,181411
10/18/2017,1.1804,1.1843,1.1767,1.1841,190352
10/19/2017,1.1828,1.18945,1.1804,1.18655,224437
10/20/2017,1.1883,1.18935,1.17975,1.18145,207750
10/23/2017,1.1808,1.1812,1.17595,1.17725,174881
10/24/2017,1.1784,1.18275,1.1777,1.18205,176238
10/25/2017,1.1796,1.18515,1.1787,1.18395,205877
10/26/2017,1.1847,1.18685,1.1671,1.16905,390098
10/27/2017,1.1684,1.1686,1.1604,1.1629,330553
10/30/2017,1.1633,1.16885,1.1624,1.1669,210053
10/31/2017,1.16795,1.16915,1.16515,1.1681,175146
11/01/2017,1.1676,1.1686,1.1635,1.1647,185442
11/02/2017,1.1651,1.17145,1.164,1.1688,220965
11/03/2017,1.1684,1.17225,1.1625,1.1634,230417
11/06/2017,1.16395,1.16495,1.16055,1.16325,172355
11/07/2017,1.1636,1.16405,1.15785,1.1612,203388
11/08/2017,1.1616,1.16355,1.1603,1.16195,149685
11/09/2017,1.16175,1.16775,1.16085,1.167,242010
11/10/2017,1.1664,1.17,1.16445,1.1687,184357
11/13/2017,1.16775,1.1697,1.16585,1.1689,136647
11/14/2017,1.16855,1.1826,1.16825,1.1815,291584
11/15/2017,1.18165,1.18815,1.18055,1.1813,289868
11/16/2017,1.1802,1.18195,1.1775,1.1784,178838
11/17/2017,1.17895,1.18395,1.1783,1.1815,195148
11/20/2017,1.1787,1.18265,1.17395,1.17495,230765
11/21/2017,1.175,1.1774,1.1728,1.1759,181539
11/22/2017,1.1752,1.18435,1.1749,1.184,192218
11/24/2017,1.1834,1.1959,1.18275,1.1942,261964
11/27/2017,1.19475,1.1975,1.1909,1.19135,198729
11/28/2017,1.1913,1.1933,1.184,1.18495,224825
11/29/2017,1.18605,1.18955,1.1829,1.18745,198240
11/30/2017,1.1861,1.1942,1.18185,1.1908,271925
12/01/2017,1.19005,1.195,1.186,1.1903,289302
12/04/2017,1.18785,1.18875,1.1838,1.1866,170174
12/05/2017,1.18755,1.18855,1.1808,1.1823,185404
12/06/2017,1.1837,1.1856,1.1788,1.17985,197952
12/07/2017,1.18085,1.1821,1.1777,1.1779,197235
12/08/2017,1.1781,1.1782,1.17345,1.1772,256911
12/11/2017,1.17755,1.1816,1.17685,1.17905,211877
12/12/2017,1.1777,1.1797,1.17215,1.17415,308603
12/13/2017,1.17415,1.1835,1.17325,1.1824,423777
12/14/2017,1.18265,1.18645,1.1772,1.17935,356013
12/15/2017,1.185,1.1901,1.18355,1.1845,287856
12/18/2017,1.18345,1.1919,1.1829,1.18675,184992
12/19/2017,1.18655,1.19255,1.1859,1.1922,204801
12/20/2017,1.1916,1.1976,1.1905,1.19535,203027
12/21/2017,1.1947,1.19635,1.19245,1.1948,158705
12/22/2017,1.19435,1.1945,1.18925,1.1928,136530
12/26/2017,1.19455,1.196,1.1922,1.1941,55969
12/27/2017,1.19375,1.19835,1.1931,1.19695,124813
12/28/2017,1.196,1.2014,1.19525,1.20075,129545
12/29/2017,1.19935,1.20795,1.19905,1.20755,153591
01/02/2018,1.207,1.2135,1.20565,1.2106,200345
01/03/2018,1.21085,1.21185,1.20535,1.20685,184726
01/04/2018,1.2064,1.21405,1.2055,1.2122,222465
01/05/2018,1.21215,1.2133,1.20705,1.20985,186993
01/08/2018,1.2081,1.2102,1.2005,1.20125,198647
01/09/2018,1.20145,1.20235,1.1964,1.19795,197645
01/10/2018,1.1985,1.2066,1.1971,1.2006,292236
01/11/2018,1.1995,1.21055,1.19745,1.20845,317187
01/12/2018,1.20825,1.22655,1.20765,1.22285,393619
01/16/2018,1.22495,1.23425,1.2233,1.23165,546081
01/17/2018,1.23015,1.23685,1.22225,1.22835,324261
01/18/2018,1.22125,1.23085,1.2209,1.2286,233389
01/19/2018,1.22845,1.2337,1.2256,1.2275,233532
01/22/2018,1.2298,1.2309,1.2255,1.22995,173513
01/23/2018,1.23005,1.2347,1.22635,1.23355,221040
01/24/2018,1.23375,1.24555,1.2329,1.24445,323260
01/25/2018,1.24395,1.25765,1.2402,1.2428,557530
01/26/2018,1.2414,1.2531,1.241,1.246,332054
01/29/2018,1.24555,1.2469,1.2374,1.24265,282188
01/30/2018,1.24205,1.2491,1.23715,1.2441,299582
01/31/2018,1.24385,1.2511,1.24225,1.24475,303231
02/01/2018,1.24475,1.25575,1.2419,1.25375,297451
02/02/2018,1.254,1.25515,1.24415,1.24855,318857
02/05/2018,1.2465,1.2508,1.23945,1.24315,283581
02/06/2018,1.2406,1.24665,1.2345,1.2424,370346
02/07/2018,1.2411,1.2437,1.22755,1.23055,276130
02/08/2018,1.2284,1.23235,1.224,1.2291,323227
02/09/2018,1.2277,1.23155,1.22335,1.22595,274904
02/12/2018,1.22775,1.2327,1.2262,1.23085,170502
02/13/2018,1.23185,1.23975,1.2311,1.23805,205834
02/14/2018,1.23745,1.2491,1.2301,1.24625,305544
02/15/2018,1.24745,1.25335,1.2471,1.253,198451
02/16/2018,1.25205,1.25795,1.24155,1.24395,231193
02/20/2018,1.24335,1.24575,1.23405,1.23565,325966
02/21/2018,1.2354,1.23805,1.2301,1.23215,220540
02/22/2018,1.2295,1.237,1.2277,1.2349,222821
02/23/2018,1.2346,1.2354,1.22965,1.23135,161340
02/26/2018,1.23055,1.23715,1.22945,1.23275,177858
02/27/2018,1.23275,1.2362,1.22365,1.2253,280019
02/28/2018,1.2249,1.22565,1.2202,1.2217,216326
03/01/2018,1.2206,1.22855,1.2166,1.22655,272621
03/02/2018,1.22835,1.23475,1.22625,1.2341,208597
03/05/2018,1.2356,1.236,1.2279,1.23355,212186
03/06/2018,1.2344,1.243,1.23375,1.2414,218947
03/07/2018,1.24295,1.24615,1.2393,1.24135,205870
03/08/2018,1.24155,1.24535,1.2304,1.2312,372406
03/09/2018,1.23175,1.234,1.22785,1.23205,240823
03/12/2018,1.2318,1.23505,1.22945,1.23415,204675
03/13/2018,1.23375,1.2412,1.2319,1.2402,325993
03/14/2018,1.2397,1.24165,1.2351,1.23785,356237
03/15/2018,1.237,1.23855,1.23015,1.2305,334000
03/16/2018,1.2392,1.2424,1.2347,1.2371,323806
03/19/2018,1.2376,1.24455,1.2343,1.24435,229672
03/20/2018,1.24195,1.244,1.23235,1.23355,194101
03/21/2018,1.2327,1.2432,1.23255,1.2411,260797
03/22/2018,1.24195,1.24675,1.23645,1.23865,239058
03/23/2018,1.23855,1.24535,1.2385,1.24465,185659
03/26/2018,1.24365,1.254,1.2431,1.2534,215794
03/27/2018,1.25245,1.25535,1.2448,1.24775,238935
03/28/2018,1.2478,1.24915,1.23685,1.2381,228413
03/29/2018,1.23795,1.2404,1.2352,1.23585,191994
04/02/2018,1.2388,1.2414,1.23485,1.2368,100862
04/03/2018,1.23695,1.24035,1.232,1.2335,213519
04/04/2018,1.234,1.23825,1.23235,1.23485,169413
04/05/2018,1.2348,1.23555,1.2282,1.23005,198269
04/06/2018,1.2303,1.2354,1.22765,1.23485,215080
04/09/2018,1.2338,1.2393,1.23215,1.2383,188055
04/10/2018,1.2384,1.24385,1.2363,1.2421,228800
04/11/2018,1.24135,1.2458,1.2407,1.24225,187587
04/12/2018,1.2424,1.24375,1.23565,1.2387,200464
04/13/2018,1.2382,1.24035,1.2364,1.2389,140509
04/16/2018,1.2385,1.2451,1.23805,1.24375,176680
04/17/2018,1.24345,1.24685,1.239,1.2422,191809
04/18/2018,1.2429,1.2451,1.2395,1.24305,194067
04/19/2018,1.24305,1.24525,1.23795,1.23885,214391
04/20/2018,1.23945,1.24035,1.2299,1.23325,231417
04/23/2018,1.23295,1.2339,1.2247,1.22535,224199
04/24/2018,1.22545,1.22935,1.223,1.2285,212938
04/25/2018,1.22795,1.2286,1.2206,1.2224,205367
04/26/2018,1.2206,1.2255,1.21405,1.215,344686
04/27/2018,1.2146,1.2179,1.20975,1.2164,261987
04/30/2018,1.217,1.21805,1.2106,1.2123,222888
05/01/2018,1.21175,1.2126,1.20225,1.2036,188349
05/02/2018,1.20335,1.2071,1.19765,1.2025,314725
05/03/2018,1.1994,1.2045,1.19845,1.2029,271769
05/04/2018,1.2021,1.2031,1.1945,1.19985,267106
05/07/2018,1.1993,1.20125,1.1931,1.19585,165318
05/08/2018,1.1957,1.1972,1.18715,1.189,287935
05/09/2018,1.1893,1.19295,1.18555,1.1894,261003
05/10/2018,1.1884,1.1977,1.18735,1.19565,332089
05/11/2018,1.1946,1.1997,1.19205,1.19725,221543
05/14/2018,1.1978,1.2025,1.19535,1.19715,201921
05/15/2018,1.1957,1.1966,1.1848,1.18755,331653
05/16/2018,1.1867,1.18815,1.179,1.1828,381691
05/17/2018,1.1835,1.1862,1.1801,1.18225,283482
05/18/2018,1.182,1.1846,1.17725,1.1797,257004
05/21/2018,1.1789,1.1819,1.17395,1.1795,265071
05/22/2018,1.18155,1.1852,1.1779,1.18,291627
05/23/2018,1.1798,1.1811,1.1696,1.1719,430841
05/24/2018,1.1719,1.1768,1.1709,1.17455,308535
05/25/2018,1.1738,1.1752,1.1663,1.16795,363578
05/29/2018,1.17045,1.17455,1.1526,1.1548,731721
05/30/2018,1.1558,1.16915,1.15335,1.1668,504707
05/31/2018,1.16795,1.1738,1.1653,1.17005,411583
06/01/2018,1.1705,1.17295,1.1628,1.1675,345621
06/04/2018,1.1673,1.17555,1.1672,1.1709,250314
06/05/2018,1.1706,1.1742,1.16625,1.1724,278736
06/06/2018,1.1726,1.1805,1.1723,1.17775,328571
06/07/2018,1.1785,1.1848,1.17815,1.18145,299866
06/08/2018,1.1805,1.1817,1.1733,1.17765,270613
06/11/2018,1.1779,1.18265,1.1777,1.1793,228004
06/12/2018,1.1786,1.18145,1.17375,1.17545,327959
06/13/2018,1.17495,1.18055,1.17295,1.17775,457432
06/14/2018,1.1796,1.1858,1.1564,1.15935,570616
06/15/2018,1.16525,1.1707,1.1622,1.1686,320668
06/18/2018,1.1676,1.1705,1.16445,1.16955,181774
06/19/2018,1.17005,1.1724,1.16095,1.1653,295487
06/20/2018,1.1664,1.16765,1.1613,1.1663,233958
06/21/2018,1.16485,1.17085,1.1582,1.1698,333933
06/22/2018,1.168,1.17495,1.16745,1.17375,241438
06/25/2018,1.1741,1.17875,1.1702,1.1778,217497
06/26/2018,1.17755,1.17945,1.17075,1.1723,248560
06/27/2018,1.1717,1.17445,1.16115,1.1628,302853
06/28/2018,1.16255,1.1669,1.15945,1.16235,264551
06/29/2018,1.1627,1.17575,1.1625,1.17365,337907
07/02/2018,1.1738,1.1748,1.16555,1.16745,192483
07/03/2018,1.1699,1.17375,1.1685,1.17145,176487
07/05/2018,1.172,1.1782,1.1691,1.1741,294051
07/06/2018,1.17495,1.183,1.174,1.1805,209986
07/09/2018,1.1809,1.18515,1.1793,1.1809,186245
07/10/2018,1.18095,1.18225,1.17495,1.1804,176234
07/11/2018,1.1799,1.18165,1.17225,1.173,253616
07/12/2018,1.173,1.17505,1.1704,1.17255,169174
07/13/2018,1.1723,1.17415,1.16665,1.1731,197662
07/16/2018,1.17375,1.1779,1.1729,1.1767,150267
07/17/2018,1.1763,1.17975,1.1701,1.1716,193417
07/18/2018,1.17125,1.1717,1.1653,1.16995,204532
07/19/2018,1.1695,1.1728,1.16225,1.16935,280556
07/20/2018,1.16915,1.17875,1.16745,1.17735,289515
07/23/2018,1.1774,1.18005,1.1731,1.1737,187511
07/24/2018,1.17375,1.1764,1.1701,1.173,199833
07/25/2018,1.17285,1.1785,1.1709,1.17465,223726
07/26/2018,1.1768,1.17875,1.16825,1.16885,250043
07/27/2018,1.1683,1.17065,1.16625,1.1699,199811
07/30/2018,1.1698,1.1761,1.16885,1.1751,183956
07/31/2018,1.17475,1.179,1.1724,1.17375,227953
08/01/2018,1.1728,1.1739,1.16965,1.17025,193668
08/02/2018,1.16965,1.1704,1.1618,1.1623,231821
08/03/2018,1.1622,1.16465,1.1594,1.16135,265901
08/06/2018,1.16045,1.16055,1.15645,1.1591,205320
08/07/2018,1.1588,1.16425,1.1585,1.1628,215677
08/08/2018,1.163,1.1662,1.1606,1.1652,211417
08/09/2018,1.1646,1.165,1.1555,1.15725,227087
08/10/2018,1.15575,1.1566,1.1417,1.1429,452256
08/13/2018,1.1417,1.14615,1.1394,1.14225,325193
08/14/2018,1.1432,1.1457,1.1357,1.1366,263133
08/15/2018,1.1371,1.13815,1.13275,1.13725,289694
08/16/2018,1.1368,1.1433,1.13595,1.13895,305497
08/17/2018,1.13965,1.14685,1.13895,1.14675,250514
08/20/2018,1.1461,1.1508,1.14165,1.149,213804
08/21/2018,1.151,1.1624,1.1507,1.15945,317259
08/22/2018,1.1594,1.16445,1.1574,1.16095,248075
08/23/2018,1.1615,1.1619,1.15485,1.15555,222981
08/24/2018,1.15605,1.1658,1.15525,1.16435,238275
08/27/2018,1.1643,1.17115,1.1612,1.1696,192624
08/28/2018,1.1697,1.17505,1.16795,1.1711,232968
08/29/2018,1.1708,1.17265,1.1668,1.17145,247248
08/30/2018,1.17215,1.17315,1.1654,1.1677,246754
08/31/2018,1.1678,1.1703,1.15965,1.1609,266680
09/04/2018,1.1609,1.16395,1.15405,1.15905,347935
09/05/2018,1.1592,1.16505,1.1552,1.16335,300428
09/06/2018,1.16395,1.1667,1.1613,1.16335,238352
09/07/2018,1.16315,1.1656,1.1557,1.15715,291645
09/10/2018,1.15555,1.16225,1.15305,1.16025,218940
09/11/2018,1.15995,1.1649,1.15705,1.159,331638
09/12/2018,1.16045,1.1654,1.1574,1.16365,345733
09/13/2018,1.1632,1.1703,1.16105,1.16935,447496
09/14/2018,1.17745,1.18055,1.17035,1.17155,280012
09/17/2018,1.17105,1.17805,1.17,1.1768,163078
09/18/2018,1.1767,1.1807,1.17335,1.17485,223559
09/19/2018,1.17525,1.17965,1.17305,1.17545,194266
09/20/2018,1.17525,1.1864,1.1747,1.1855,266685
09/21/2018,1.1857,1.18815,1.1811,1.18255,237184
09/24/2018,1.1822,1.1893,1.18015,1.1836,225120
09/25/2018,1.18255,1.18695,1.1807,1.18435,227077
09/26/2018,1.1843,1.1875,1.1801,1.1837,264250
09/27/2018,1.1818,1.18305,1.1711,1.17305,309543
09/28/2018,1.17125,1.1723,1.1641,1.1682,297289
10/01/2018,1.1683,1.1695,1.1633,1.16445,220813
10/02/2018,1.1645,1.1649,1.1573,1.16125,262987
10/03/2018,1.1616,1.1661,1.15315,1.1584,275313
10/04/2018,1.1545,1.16065,1.15265,1.15785,233008
10/05/2018,1.1576,1.16135,1.1547,1.1589,230487
10/08/2018,1.1586,1.15925,1.15225,1.15515,159032
10/09/2018,1.1555,1.15655,1.14935,1.156,254931
10/10/2018,1.1552,1.1607,1.1541,1.15865,216787
10/11/2018,1.15875,1.16585,1.1586,1.1653,324112
10/12/2018,1.1651,1.16685,1.15925,1.16215,208168
10/15/2018,1.161,1.16635,1.16005,1.16405,157712
10/16/2018,1.1637,1.1678,1.16215,1.1634,189349
10/17/2018,1.16275,1.16355,1.155,1.1561,217562
10/18/2018,1.155,1.158,1.1501,1.1517,232722
10/19/2018,1.15055,1.1586,1.14835,1.1561,244228
10/22/2018,1.15665,1.16005,1.15055,1.1517,165811
10/23/2018,1.15135,1.15425,1.1488,1.1517,221139
10/24/2018,1.1518,1.15245,1.14265,1.14355,254644
10/25/2018,1.1444,1.14785,1.1401,1.14075,235221
10/26/2018,1.1417,1.1466,1.138,1.14545,245975
10/29/2018,1.1442,1.146,1.14045,1.14345,226065
10/30/2018,1.1414,1.1431,1.13825,1.13845,189601
10/31/2018,1.13865,1.14015,1.1343,1.13555,252900
11/01/2018,1.1355,1.1463,1.13515,1.1447,248490
11/02/2018,1.14435,1.1494,1.14095,1.14225,268989
11/05/2018,1.14265,1.1461,1.1389,1.14555,158016
11/06/2018,1.1443,1.14745,1.14275,1.14485,159045
11/07/2018,1.14545,1.15455,1.143,1.14905,268365
11/08/2018,1.1459,1.14785,1.13825,1.1388,204363
11/09/2018,1.1397,1.14005,1.1348,1.1367,180120
11/12/2018,1.13495,1.13615,1.12455,1.1271,202614
11/13/2018,1.125,1.13235,1.125,1.1298,236407
11/14/2018,1.1325,1.13765,1.12915,1.13665,247663
11/15/2018,1.13415,1.1389,1.12965,1.1377,242762
11/16/2018,1.135,1.14465,1.13465,1.1438,217548
11/19/2018,1.1442,1.1489,1.1418,1.14785,145884
11/20/2018,1.14745,1.1495,1.1381,1.13905,197119
11/21/2018,1.1391,1.14475,1.13885,1.1411,186238
11/23/2018,1.1407,1.1454,1.135,1.13545,203708
11/26/2018,1.1355,1.14025,1.1342,1.1347,147894
11/27/2018,1.13485,1.1361,1.12945,1.1312,200671
11/28/2018,1.1312,1.14055,1.1283,1.1392,242326
11/29/2018,1.1382,1.14155,1.13625,1.1404,220747
11/30/2018,1.14025,1.14135,1.1318,1.1322,202120
12/03/2018,1.13465,1.13915,1.1331,1.13545,196671
12/04/2018,1.13665,1.14305,1.1329,1.1353,252191
12/05/2018,1.13505,1.1372,1.1321,1.1351,130235
12/06/2018,1.1354,1.142,1.13285,1.1381,252497
12/07/2018,1.13845,1.1431,1.1367,1.14295,224742
12/10/2018,1.1407,1.1449,1.1356,1.13585,312342
12/11/2018,1.1357,1.14055,1.1311,1.1332,363418
12/12/2018,1.1325,1.1392,1.1319,1.13715,342016
12/13/2018,1.1375,1.1396,1.13325,1.13675,348196
12/14/2018,1.1448,1.1457,1.1362,1.1396,275822
12/17/2018,1.13955,1.14495,1.1395,1.1442,172375
12/18/2018,1.1438,1.1493,1.1426,1.1446,164785
12/19/2018,1.1458,1.15325,1.14555,1.14635,216554
12/20/2018,1.147,1.1575,1.1466,1.1558,258931
12/21/2018,1.1535,1.1558,1.14385,1.1452,182614
12/24/2018,1.1452,1.15215,1.145,1.14925,70618
12/26/2018,1.1495,1.1504,1.1424,1.1433,78854
12/27/2018,1.1437,1.15325,1.1434,1.15265,178453
12/28/2018,1.15065,1.15475,1.15045,1.15155,141218
12/31/2018,1.1514,1.15405,1.14945,1.15225,94737
01/02/2019,1.1533,1.1569,1.1396,1.1414,213671
01/03/2019,1.142,1.14805,1.13775,1.1461,217663
01/04/2019,1.14635,1.14875,1.1413,1.1467,210556
01/07/2019,1.1475,1.15505,1.1471,1.15465,186803
01/08/2019,1.15445,1.15515,1.1488,1.1508,177145
01/09/2019,1.15065,1.16245,1.1504,1.16095,254788
01/10/2019,1.16125,1.16325,1.1547,1.1562,207876
01/11/2019,1.1559,1.1603,1.15195,1.1527,187965
01/14/2019,1.15265,1.1543,1.15115,1.15265,138583
01/15/2019,1.1527,1.155,1.1441,1.14605,226599
01/16/2019,1.1466,1.1483,1.14365,1.14565,150044
01/17/2019,1.1451,1.14605,1.14245,1.14445,156970
01/18/2019,1.14445,1.14645,1.14075,1.14245,150789
01/22/2019,1.14185,1.1445,1.1389,1.1415,185488
01/23/2019,1.14135,1.14465,1.1402,1.14355,135435
01/24/2019,1.1431,1.14405,1.13375,1.1348,287586
01/25/2019,1.1352,1.1466,1.1347,1.14625,235171
01/28/2019,1.1455,1.14915,1.14375,1.1476,141624
01/29/2019,1.14735,1.14965,1.14575,1.1475,151084
01/30/2019,1.148,1.15475,1.1451,1.15375,220748
01/31/2019,1.1525,1.15565,1.14775,1.14865,233027
02/01/2019,1.1489,1.15305,1.1476,1.15015,172646
02/04/2019,1.14955,1.1501,1.1465,1.1472,110867
02/05/2019,1.14745,1.148,1.144,1.14485,142948
02/06/2019,1.1443,1.14475,1.1398,1.1402,132693
02/07/2019,1.14005,1.1404,1.1359,1.13855,165956
02/08/2019,1.1373,1.13845,1.13545,1.13565,126577
02/11/2019,1.13525,1.1363,1.13,1.13085,178399
02/12/2019,1.1308,1.1372,1.12895,1.1364,190032
02/13/2019,1.13595,1.13725,1.1291,1.1301,173988
02/14/2019,1.1284,1.13375,1.12765,1.13285,192877
02/15/2019,1.132,1.13335,1.1261,1.1322,181103
02/19/2019,1.13185,1.13835,1.13005,1.13655,282210
02/20/2019,1.13625,1.13965,1.1349,1.1375,175231
02/21/2019,1.13635,1.1388,1.13405,1.13575,198651
02/22/2019,1.1355,1.1377,1.1336,1.1359,139254
02/25/2019,1.1355,1.13875,1.13545,1.13845,118394
02/26/2019,1.1377,1.14215,1.13635,1.14155,187286
02/27/2019,1.1411,1.14215,1.138,1.1388,141669
02/28/2019,1.13865,1.14365,1.13745,1.13935,201724
03/01/2019,1.13865,1.1423,1.1367,1.13715,157333
03/04/2019,1.1388,1.13935,1.1321,1.13435,156233
03/05/2019,1.1349,1.1351,1.13015,1.13145,158626
03/06/2019,1.13125,1.13355,1.1296,1.1318,149341
03/07/2019,1.1315,1.13285,1.11845,1.1191,365760
03/08/2019,1.12015,1.12535,1.11925,1.125,239607
03/11/2019,1.1243,1.12645,1.1228,1.1246,233454
03/12/2019,1.1253,1.1311,1.12525,1.1302,336634
03/13/2019,1.1294,1.1343,1.1282,1.13345,330049
03/14/2019,1.13315,1.13395,1.12955,1.1302,285176
03/15/2019,1.13925,1.1432,1.1387,1.14075,208794
03/18/2019,1.141,1.14455,1.14055,1.14235,129957
03/19/2019,1.14225,1.1448,1.14195,1.14385,130540
03/20/2019,1.1433,1.15345,1.142,1.1532,201422
03/21/2019,1.1509,1.1521,1.1425,1.14355,227581
03/22/2019,1.1458,1.1473,1.1354,1.1375,267086
03/25/2019,1.13725,1.1412,1.13685,1.1392,147476
03/26/2019,1.1393,1.14065,1.13425,1.1358,162936
03/27/2019,1.1348,1.1364,1.132,1.13425,215000
03/28/2019,1.13255,1.1335,1.12875,1.13005,193757
03/29/2019,1.13,1.13205,1.1283,1.12885,189174
04/01/2019,1.12985,1.1323,1.12765,1.1285,176889
04/02/2019,1.1277,1.12875,1.1255,1.12695,168709
04/03/2019,1.1272,1.1326,1.1272,1.131,178296
04/04/2019,1.13065,1.13155,1.12735,1.1288,129698
04/05/2019,1.1289,1.1321,1.1277,1.12845,133366
04/08/2019,1.12825,1.13415,1.12805,1.13285,146347
04/09/2019,1.1328,1.13505,1.13205,1.13325,131389
04/10/2019,1.1328,1.136,1.12935,1.13355,199443
04/11/2019,1.1336,1.1349,1.13115,1.1317,135586
04/12/2019,1.1316,1.13855,1.1316,1.1357,212323
04/15/2019,1.13635,1.13815,1.1358,1.13635,135313
04/16/2019,1.13595,1.13735,1.13355,1.1347,199751
04/17/2019,1.1339,1.13785,1.13335,1.13535,184443
04/18/2019,1.135,1.13575,1.12795,1.1283,253387
04/22/2019,1.1294,1.1316,1.1289,1.13125,70476
04/23/2019,1.13095,1.13145,1.12445,1.1268,224413
04/24/2019,1.1276,1.1277,1.11915,1.1193,263952
04/25/2019,1.1205,1.12105,1.1166,1.11765,226181
04/26/2019,1.11805,1.1222,1.11565,1.1201,253899
04/29/2019,1.11925,1.12335,1.11905,1.1229,150906
04/30/2019,1.12295,1.1275,1.12205,1.12665,243558
05/01/2019,1.12615,1.1311,1.12325,1.12405,162143
05/02/2019,1.1242,1.12605,1.12125,1.12155,163209
05/03/2019,1.1214,1.12455,1.11755,1.1235,205155
05/06/2019,1.1222,1.1249,1.1218,1.12435,121218
05/07/2019,1.12345,1.12565,1.12045,1.122,176296
05/08/2019,1.12305,1.1251,1.12195,1.1229,180222
05/09/2019,1.12305,1.1286,1.12075,1.1259,222222
05/10/2019,1.1253,1.12875,1.1251,1.1265,148389
05/13/2019,1.127,1.12965,1.1254,1.1264,160360
05/14/2019,1.12565,1.12755,1.1233,1.1239,161357
05/15/2019,1.1239,1.12555,1.1208,1.12345,177617
05/16/2019,1.1234,1.1252,1.1194,1.1198,139482
05/17/2019,1.12035,1.1211,1.1182,1.11865,142328
05/20/2019,1.1185,1.1201,1.11765,1.11935,107746
05/21/2019,1.1192,1.1214,1.11665,1.1183,171890
05/22/2019,1.11855,1.1205,1.11725,1.1184,126258
05/23/2019,1.1174,1.12085,1.11265,1.12035,240487
05/24/2019,1.12025,1.1233,1.11975,1.1226,151531
05/28/2019,1.1228,1.12345,1.1177,1.11835,206639
05/29/2019,1.1183,1.119,1.11415,1.1151,183465
05/30/2019,1.11495,1.1158,1.11305,1.11495,126119
05/31/2019,1.11445,1.1194,1.1139,1.1187,257632
06/03/2019,1.11805,1.12755,1.11735,1.1271,236258
06/04/2019,1.1256,1.12895,1.1238,1.1271,259080
06/05/2019,1.12645,1.1318,1.12305,1.12375,268165
06/06/2019,1.1234,1.1318,1.12075,1.1281,290766
06/07/2019,1.12845,1.1355,1.12585,1.13465,251370
06/10/2019,1.1335,1.13395,1.12965,1.1322,189337
06/11/2019,1.13185,1.1343,1.1307,1.1338,307807
06/12/2019,1.1332,1.1348,1.1287,1.1291,436690
06/13/2019,1.12935,1.13055,1.12705,1.12805,251284
06/14/2019,1.1359,1.1372,1.12845,1.12895,255695
06/17/2019,1.1295,1.13295,1.1285,1.1299,131890
06/18/2019,1.13015,1.1324,1.12615,1.1275,255530
06/19/2019,1.12745,1.13345,1.12665,1.13265,177411
06/20/2019,1.13075,1.1394,1.1307,1.1369,233211
06/21/2019,1.13715,1.14545,1.1359,1.14445,219522
06/24/2019,1.14495,1.14795,1.14465,1.1476,155150
06/25/2019,1.1472,1.1486,1.14185,1.1448,211965
06/26/2019,1.14435,1.1466,1.1422,1.1443,155624
06/27/2019,1.14435,1.1452,1.1418,1.1443,140478
06/28/2019,1.1439,1.1464,1.142,1.14465,150754
07/01/2019,1.1435,1.144,1.1349,1.13535,214112
07/02/2019,1.13565,1.13895,1.1342,1.1358,156093
07/03/2019,1.1354,1.1379,1.13345,1.13475,135337
07/05/2019,1.1344,1.13585,1.1271,1.12855,223386
07/08/2019,1.12915,1.1297,1.127,1.1276,120331
07/09/2019,1.1276,1.1281,1.12555,1.127,112359
07/10/2019,1.12695,1.1325,1.1263,1.1313,198215
07/11/2019,1.1313,1.1344,1.13035,1.1316,181383
07/12/2019,1.1311,1.13325,1.12955,1.1329,138926
07/15/2019,1.13285,1.13405,1.1309,1.1316,104102
07/16/2019,1.13155,1.13185,1.12575,1.1262,150627
07/17/2019,1.12645,1.1288,1.1254,1.1277,118100
07/18/2019,1.12795,1.13315,1.12565,1.13195,206122
07/19/2019,1.13285,1.1332,1.1253,1.12705,183813
07/22/2019,1.12715,1.12755,1.1256,1.1261,116579
07/23/2019,1.1259,1.1259,1.11945,1.1199,174305
07/24/2019,1.12015,1.1204,1.1171,1.11835,171721
07/25/2019,1.1187,1.1233,1.11455,1.11895,306855
07/26/2019,1.11895,1.1195,1.1156,1.117,185046
07/29/2019,1.1171,1.1194,1.11555,1.119,136746
07/30/2019,1.1187,1.12035,1.11745,1.1199,133778
07/31/2019,1.11965,1.12035,1.1102,1.11275,239383
08/01/2019,1.1112,1.11345,1.1065,1.1123,283259
08/02/2019,1.11205,1.11535,1.1107,1.11485,213152
08/05/2019,1.11425,1.12495,1.1141,1.1239,239517
08/06/2019,1.1248,1.1285,1.12025,1.1236,230617
08/07/2019,1.1237,1.12765,1.12125,1.1249,212715
08/08/2019,1.12315,1.1265,1.12085,1.12175,187411
08/09/2019,1.1222,1.12535,1.1214,1.12375,129097
08/12/2019,1.123,1.1261,1.1192,1.12515,134930
08/13/2019,1.1246,1.1259,1.11995,1.12045,207706
08/14/2019,1.1201,1.12205,1.1159,1.11675,171352
08/15/2019,1.1167,1.1184,1.11165,1.1133,196530
08/16/2019,1.11305,1.1137,1.10905,1.11225,145599
08/19/2019,1.1116,1.1138,1.1099,1.1106,112292
08/20/2019,1.11,1.11295,1.1088,1.11195,130817
08/21/2019,1.1118,1.1129,1.11015,1.11075,107256
08/22/2019,1.11085,1.1133,1.10825,1.1105,202399
08/23/2019,1.10975,1.11725,1.107,1.1165,215551
08/26/2019,1.1166,1.11825,1.11125,1.1116,135087
08/27/2019,1.1118,1.1133,1.1103,1.111,121813
08/28/2019,1.1107,1.1114,1.1089,1.10955,132449
08/29/2019,1.1094,1.11065,1.10545,1.1065,186886
08/30/2019,1.1069,1.10725,1.09755,1.09895,214309
09/03/2019,1.10015,1.1009,1.0936,1.0978,296655
09/04/2019,1.0979,1.10485,1.0978,1.1042,219746
09/05/2019,1.10445,1.10925,1.10235,1.1043,225438
09/06/2019,1.10425,1.10635,1.10265,1.1037,196305
09/09/2019,1.10325,1.10735,1.1021,1.1058,183127
09/10/2019,1.1054,1.10645,1.10355,1.1052,306069
09/11/2019,1.1052,1.10595,1.09895,1.10115,319817
09/12/2019,1.1011,1.10895,1.0928,1.10755,586075
09/13/2019,1.114,1.1184,1.113,1.11415,292172
09/16/2019,1.11495,1.11595,1.10675,1.1081,155489
09/17/2019,1.1078,1.11475,1.10655,1.114,173206
09/18/2019,1.1145,1.1148,1.1085,1.11035,159348
09/19/2019,1.1104,1.1144,1.10935,1.11235,151643
09/20/2019,1.1109,1.1137,1.1063,1.1082,151007
09/23/2019,1.1085,1.1091,1.10315,1.10625,167595
09/24/2019,1.10585,1.10925,1.1049,1.10855,153767
09/25/2019,1.10855,1.1088,1.10035,1.10075,175587
09/26/2019,1.1009,1.10315,1.0972,1.0992,190182
09/27/2019,1.098,1.102,1.0966,1.1001,162434
09/30/2019,1.09995,1.1008,1.09445,1.09625,169462
10/01/2019,1.0957,1.10025,1.09385,1.0996,221896
10/02/2019,1.099,1.1021,1.0962,1.10165,166893
10/03/2019,1.1015,1.1055,1.09955,1.1029,202051
10/04/2019,1.1026,1.1058,1.1012,1.1037,151556
10/07/2019,1.10305,1.10535,1.10145,1.1026,107878
10/08/2019,1.10215,1.10475,1.09925,1.1008,165114
10/09/2019,1.10065,1.10425,1.10055,1.10245,116311
10/10/2019,1.10205,1.1083,1.10205,1.10555,201895
10/11/2019,1.1057,1.11115,1.1049,1.109,230204
10/14/2019,1.10855,1.1089,1.10595,1.1077,102714
10/15/2019,1.1073,1.1092,1.1037,1.1081,232135
10/16/2019,1.10775,1.11315,1.10675,1.11185,226959
10/17/2019,1.1118,1.11835,1.11085,1.1167,232895
10/18/2019,1.1171,1.1215,1.1157,1.1204,142404
10/21/2019,1.1199,1.12215,1.11805,1.1188,131323
10/22/2019,1.11915,1.1198,1.11585,1.1165,150232
10/23/2019,1.11655,1.11805,1.1146,1.11685,115184
10/24/2019,1.117,1.12,1.113,1.11465,187670
10/25/2019,1.11425,1.11595,1.11095,1.11175,115527
10/28/2019,1.1117,1.1143,1.11125,1.1134,95771
10/29/2019,1.1136,1.11535,1.1108,1.11455,146337
10/30/2019,1.1145,1.1185,1.11135,1.11595,204065
10/31/2019,1.11855,1.12075,1.11635,1.11765,208008
11/01/2019,1.1184,1.1203,1.11585,1.11945,180311
11/04/2019,1.1196,1.12055,1.11545,1.11575,150669
11/05/2019,1.11515,1.1169,1.1092,1.10935,190829
11/06/2019,1.11015,1.1121,1.10905,1.10965,132314
11/07/2019,1.10935,1.1117,1.1061,1.10725,189456
11/08/2019,1.10755,1.1081,1.1042,1.10485,132608
11/11/2019,1.1044,1.1067,1.10405,1.1058,103459
11/12/2019,1.1057,1.10615,1.10255,1.1035,126709
11/13/2019,1.10335,1.1043,1.1018,1.10245,150184
11/14/2019,1.1029,1.10485,1.10095,1.10425,132498
11/15/2019,1.10405,1.10765,1.1034,1.10725,140118
11/18/2019,1.1072,1.11095,1.10705,1.1094,134057
11/19/2019,1.109,1.1102,1.1081,1.10965,112903
11/20/2019,1.10945,1.1099,1.10705,1.1087,157999
11/21/2019,1.10915,1.1113,1.1067,1.10745,147805
11/22/2019,1.1076,1.11115,1.1029,1.10355,166210
11/25/2019,1.10355,1.1047,1.10175,1.10235,136427
11/26/2019,1.10265,1.10385,1.102,1.10345,110868
11/27/2019,1.1035,1.1037,1.10045,1.10175,141835
11/29/2019,1.1016,1.10385,1.09905,1.1027,193156
12/02/2019,1.10295,1.11,1.1012,1.10885,251056
12/03/2019,1.10865,1.1103,1.10745,1.10895,177238
12/04/2019,1.10895,1.1124,1.10745,1.10825,266105
12/05/2019,1.1083,1.1114,1.1083,1.1106,199336
12/06/2019,1.11095,1.1115,1.10445,1.1061,240323
12/09/2019,1.1063,1.1083,1.1058,1.1069,197297
12/10/2019,1.1068,1.1102,1.1067,1.11005,304698
12/11/2019,1.1096,1.11485,1.10735,1.11415,560754
12/12/2019,1.11345,1.1156,1.1104,1.1115,378344
12/13/2019,1.125,1.12635,1.11815,1.1191,296981
12/16/2019,1.1197,1.12275,1.11915,1.12175,173496
12/17/2019,1.121,1.1244,1.11985,1.1216,158423
12/18/2019,1.12205,1.12215,1.1178,1.1183,156483
12/19/2019,1.11835,1.12095,1.11725,1.11885,149558
12/20/2019,1.1187,1.1189,1.11305,1.114,141854
12/23/2019,1.11405,1.1159,1.11325,1.11565,105834
12/24/2019,1.11515,1.1156,1.113,1.115,46420
12/26/2019,1.1154,1.1172,1.1144,1.11655,46551
12/27/2019,1.116,1.12465,1.1159,1.12445,172811
12/30/2019,1.12375,1.1275,1.1234,1.12565,149563
12/31/2019,1.12565,1.1293,1.12515,1.1282,119988
01/02/2020,1.1267,1.12755,1.12135,1.1217,177128
01/03/2020,1.1222,1.1229,1.11735,1.1217,169485
01/06/2020,1.12085,1.12545,1.1206,1.12405,140402
01/07/2020,1.1246,1.12465,1.1181,1.11925,154584
01/08/2020,1.1198,1.12155,1.11485,1.1158,208215
01/09/2020,1.1153,1.11655,1.1137,1.11515,146070
01/10/2020,1.11515,1.11735,1.1129,1.1166,161081
01/13/2020,1.11615,1.11905,1.11565,1.1182,133271
01/14/2020,1.11775,1.11875,1.11465,1.1171,141237
01/15/2020,1.1169,1.12055,1.116,1.11925,143915
01/16/2020,1.1192,1.12125,1.11665,1.1174,147897
01/17/2020,1.1176,1.1182,1.1125,1.11325,143037
01/21/2020,1.1129,1.1156,1.1115,1.11325,242557
01/22/2020,1.11185,1.11355,1.11065,1.11295,172395
01/23/2020,1.1128,1.1144,1.10705,1.1089,233357
01/24/2020,1.1089,1.1101,1.1051,1.10635,155135
01/27/2020,1.10625,1.1071,1.10425,1.1049,156277
01/28/2020,1.1051,1.1058,1.103,1.1049,142025
01/29/2020,1.10525,1.106,1.1024,1.1051,162183
01/30/2020,1.10415,1.10685,1.10365,1.1059,165288
01/31/2020,1.1062,1.1125,1.10455,1.11185,227281
02/03/2020,1.11165,1.112,1.1061,1.10925,179792
02/04/2020,1.10875,1.1092,1.10605,1.107,145542
02/05/2020,1.10715,1.10745,1.102,1.1023,197878
02/06/2020,1.10245,1.10385,1.0989,1.10015,177799
02/07/2020,1.10035,1.10085,1.0966,1.097,190389
02/10/2020,1.0968,1.0981,1.09305,1.09375,158712
02/11/2020,1.09335,1.09475,1.09135,1.09445,171113
02/12/2020,1.094,1.09475,1.0887,1.08885,188198
02/13/2020,1.0892,1.0908,1.08525,1.08625,196589
02/14/2020,1.0859,1.08805,1.0846,1.0859,162720
02/18/2020,1.0857,1.08695,1.08025,1.08115,313856
02/19/2020,1.081,1.0829,1.0799,1.08135,180548
02/20/2020,1.0822,1.08365,1.0793,1.08045,232080
02/21/2020,1.0798,1.08785,1.07975,1.0872,256594
02/24/2020,1.0845,1.0887,1.0819,1.08565,255787
02/25/2020,1.0867,1.09035,1.0843,1.0894,265324
02/26/2020,1.08945,1.09215,1.08675,1.09115,273653
02/27/2020,1.08935,1.1018,1.089,1.0998,369600
02/28/2020,1.1014,1.10635,1.09615,1.10395,410188
03/02/2020,1.1064,1.11945,1.10465,1.1173,440293
03/03/2020,1.11545,1.1221,1.1104,1.11865,374128
03/04/2020,1.1183,1.1195,1.1103,1.1146,304342
03/05/2020,1.11395,1.12505,1.1125,1.1207,336945
03/06/2020,1.1239,1.13605,1.12155,1.1322,424208
03/09/2020,1.13485,1.1502,1.1344,1.1466,424629
03/10/2020,1.1453,1.14625,1.1279,1.13,466261
03/11/2020,1.1294,1.13695,1.12605,1.1284,493256
03/12/2020,1.12655,1.1336,1.1056,1.1178,524008
03/13/2020,1.1207,1.12635,1.111,1.11245,315387
03/16/2020,1.1214,1.1278,1.1128,1.1227,201396
03/17/2020,1.12435,1.1244,1.1005,1.10495,196868
03/18/2020,1.10515,1.10945,1.085,1.09265,236112
03/19/2020,1.0972,1.10345,1.0707,1.0719,277211
03/20/2020,1.0714,1.08715,1.0675,1.06915,248034
03/23/2020,1.07315,1.08715,1.0671,1.07715,219818
03/24/2020,1.0773,1.09315,1.07665,1.07995,196644
03/25/2020,1.0822,1.09345,1.08005,1.09085,171720
03/26/2020,1.0923,1.1096,1.0909,1.108,205611
03/27/2020,1.107,1.11875,1.0991,1.1157,198735
03/30/2020,1.1165,1.11835,1.10465,1.10635,143163
03/31/2020,1.10815,1.10865,1.0959,1.10495,205731
04/01/2020,1.10625,1.10695,1.0931,1.0957,158748
04/02/2020,1.0979,1.09905,1.0844,1.0873,172086
04/03/2020,1.08805,1.08835,1.07955,1.0834,134457
04/06/2020,1.0835,1.0857,1.07915,1.08205,126450
04/07/2020,1.0816,1.09525,1.08075,1.09275,165316
04/08/2020,1.09155,1.09245,1.0851,1.0883,130074
04/09/2020,1.08785,1.09715,1.08615,1.09555,167526
04/13/2020,1.09565,1.09865,1.0912,1.09425,72771
04/14/2020,1.093,1.1005,1.0928,1.09995,120234
04/15/2020,1.1,1.1007,1.08725,1.0939,142554
04/16/2020,1.0924,1.0927,1.0832,1.08615,137628
04/17/2020,1.0872,1.09095,1.0827,1.08835,128948
04/20/2020,1.0891,1.0912,1.08555,1.08765,101892
04/21/2020,1.08825,1.08955,1.08305,1.08665,136304
04/22/2020,1.0869,1.0899,1.0816,1.08325,119418
04/23/2020,1.0836,1.08595,1.0768,1.07975,177571
04/24/2020,1.079,1.08425,1.0739,1.08105,129069
04/27/2020,1.08325,1.08725,1.08235,1.08435,96001
04/28/2020,1.08415,1.09005,1.08205,1.0847,130730
04/29/2020,1.08325,1.0895,1.08305,1.08805,117506
04/30/2020,1.08835,1.09825,1.08415,1.0962,224340
05/01/2020,1.0961,1.10285,1.09435,1.09865,88679
05/04/2020,1.09815,1.0984,1.09035,1.0915,107609
05/05/2020,1.09095,1.0935,1.0834,1.086,162382
05/06/2020,1.08495,1.08525,1.079,1.08125,117816
05/07/2020,1.08015,1.0842,1.0774,1.08345,123984
05/08/2020,1.08395,1.08835,1.08225,1.085,105986
05/11/2020,1.08395,1.08575,1.08075,1.08165,110064
05/12/2020,1.08145,1.0893,1.0791,1.08605,149471
05/13/2020,1.08545,1.09045,1.0818,1.0822,147605
05/14/2020,1.08245,1.083,1.0781,1.0789,148648
05/15/2020,1.08115,1.08575,1.0795,1.082,140127
05/18/2020,1.082,1.0933,1.0805,1.092,182678
05/19/2020,1.0921,1.09815,1.0908,1.0952,154098
05/20/2020,1.09285,1.1005,1.0924,1.09915,133456
05/21/2020,1.0984,1.1014,1.09415,1.09605,138798
05/22/2020,1.09525,1.09585,1.089,1.0892,120545
05/26/2020,1.09025,1.1,1.0874,1.0998,203562
05/27/2020,1.09815,1.10345,1.09375,1.09945,247118
05/28/2020,1.10105,1.1097,1.09945,1.10925,186555
05/29/2020,1.1084,1.11485,1.1073,1.1101,225227
06/01/2020,1.1119,1.11575,1.11035,1.11355,126750
06/02/2020,1.11345,1.11995,1.11175,1.11745,189688
06/03/2020,1.11735,1.12605,1.11695,1.12405,218626
06/04/2020,1.1237,1.13645,1.11965,1.1352,294675
06/05/2020,1.13385,1.13855,1.12805,1.12955,243221
06/08/2020,1.1296,1.1321,1.127,1.1306,193781
06/09/2020,1.1294,1.13655,1.1242,1.13465,305661
06/10/2020,1.13405,1.1424,1.1322,1.1394,499266
06/11/2020,1.13785,1.14045,1.1289,1.1301,311532
06/12/2020,1.132,1.1365,1.12365,1.1255,301329
06/15/2020,1.12665,1.13565,1.125,1.13405,176721
06/16/2020,1.1348,1.13775,1.1251,1.12955,183980
06/17/2020,1.12845,1.1317,1.1229,1.1254,149634
06/18/2020,1.12635,1.12835,1.1208,1.12305,141141
06/19/2020,1.12255,1.1277,1.11895,1.12075,169353
06/22/2020,1.1202,1.12925,1.11895,1.1282,117766
06/23/2020,1.1283,1.1371,1.12545,1.1333,161289
06/24/2020,1.133,1.1347,1.1269,1.128,173612
06/25/2020,1.1274,1.12795,1.121,1.1236,156984
06/26/2020,1.1236,1.1259,1.12145,1.12465,127995
06/29/2020,1.124,1.13075,1.12365,1.1254,153410
06/30/2020,1.12575,1.1281,1.1208,1.12535,197872
07/01/2020,1.125,1.12935,1.1202,1.12635,176435
07/02/2020,1.12675,1.13205,1.1241,1.12455,168215
07/06/2020,1.1256,1.1364,1.12365,1.13335,245504
07/07/2020,1.13265,1.135,1.12755,1.13035,172637
07/08/2020,1.1292,1.13685,1.1279,1.1353,180863
07/09/2020,1.135,1.13865,1.1296,1.13125,208374
07/10/2020,1.1298,1.1341,1.127,1.13155,152861
07/13/2020,1.1321,1.1392,1.1318,1.137,192221
07/14/2020,1.13665,1.14245,1.13405,1.141,193601
07/15/2020,1.14195,1.14675,1.14065,1.14215,188870
07/16/2020,1.1427,1.14565,1.13845,1.13925,206720
07/17/2020,1.1397,1.14585,1.13915,1.1452,150100
07/20/2020,1.14325,1.14815,1.14165,1.14555,201493
07/21/2020,1.146,1.1554,1.14365,1.15445,252875
07/22/2020,1.15465,1.1616,1.15205,1.1583,261651
07/23/2020,1.1587,1.164,1.15535,1.1622,232205
07/24/2020,1.161,1.1671,1.15945,1.165,213788
07/27/2020,1.1659,1.1794,1.1655,1.17635,266042
07/28/2020,1.17635,1.1786,1.17115,1.1736,211331
07/29/2020,1.17325,1.1819,1.1726,1.17775,219881
07/30/2020,1.18055,1.18595,1.17425,1.18475,239405
07/31/2020,1.18545,1.19195,1.17725,1.17995,318912
08/03/2020,1.179,1.18075,1.17065,1.17705,212382
08/04/2020,1.1774,1.18165,1.1731,1.1792,194343
08/05/2020,1.1808,1.1915,1.1803,1.18705,210603
08/06/2020,1.1874,1.1926,1.18265,1.1884,233843
08/07/2020,1.1888,1.1892,1.1764,1.1791,236976
08/10/2020,1.1795,1.18095,1.17445,1.17525,161515
08/11/2020,1.175,1.1817,1.173,1.1754,224689
08/12/2020,1.1748,1.1826,1.1719,1.17925,200610
08/13/2020,1.1793,1.1872,1.17915,1.18065,194916
08/14/2020,1.1823,1.18575,1.17885,1.1845,153531
08/17/2020,1.18495,1.1888,1.18355,1.18725,128995
08/18/2020,1.18775,1.1973,1.1875,1.1945,206561
08/19/2020,1.19405,1.19595,1.1836,1.1862,219334
08/20/2020,1.18465,1.18745,1.18075,1.1858,203582
08/21/2020,1.1868,1.1888,1.17585,1.17935,195302
08/24/2020,1.17995,1.18555,1.17895,1.17975,140117
08/25/2020,1.17935,1.18485,1.1789,1.1838,154929
08/26/2020,1.1839,1.1845,1.17765,1.18195,164948
08/27/2020,1.18365,1.19065,1.17655,1.1828,336033
08/28/2020,1.18245,1.19235,1.18145,1.18945,236250
08/31/2020,1.1914,1.19695,1.18875,1.19395,200188
09/01/2020,1.1941,1.2015,1.19045,1.1913,263767
09/02/2020,1.1918,1.19315,1.18245,1.1828,241988
09/03/2020,1.1855,1.1867,1.17905,1.18585,219832
09/04/2020,1.18505,1.18675,1.17825,1.1853,220600
09/08/2020,1.1841,1.18505,1.17665,1.17825,386505
09/09/2020,1.17735,1.1836,1.1753,1.1809,426011
09/10/2020,1.1805,1.1918,1.1801,1.1826,488178
09/11/2020,1.18435,1.1898,1.1843,1.1855,208803
09/14/2020,1.1864,1.19125,1.18555,1.1889,129471
09/15/2020,1.1889,1.1924,1.1862,1.18765,136172
09/16/2020,1.1871,1.1905,1.18095,1.1821,201295
09/17/2020,1.1836,1.18745,1.1759,1.1861,205750
09/18/2020,1.18665,1.18925,1.1848,1.1874,141963
09/21/2020,1.18675,1.18935,1.17515,1.17755,234778
09/22/2020,1.17885,1.1793,1.1712,1.1726,214789
09/23/2020,1.17275,1.1739,1.1671,1.16775,204073
09/24/2020,1.168,1.17065,1.16455,1.16855,191755
09/25/2020,1.16875,1.1704,1.16305,1.16415,174263
09/28/2020,1.16475,1.16995,1.16345,1.1683,152658
09/29/2020,1.16805,1.1765,1.16805,1.1756,176883
09/30/2020,1.17575,1.17735,1.17025,1.17355,215416
10/01/2020,1.17395,1.17875,1.1735,1.17635,186403
10/02/2020,1.17645,1.17655,1.17125,1.173,184850
10/05/2020,1.173,1.1815,1.1725,1.17925,151729
10/06/2020,1.1801,1.1825,1.1748,1.17695,169097
10/07/2020,1.17505,1.1799,1.17415,1.17835,133058
10/08/2020,1.1783,1.1797,1.1748,1.1773,129511
10/09/2020,1.17755,1.18475,1.17735,1.18405,157220
10/12/2020,1.18325,1.1842,1.1802,1.1825,114451
10/13/2020,1.1827,1.1831,1.1745,1.176,174331
10/14/2020,1.1758,1.17865,1.17345,1.1766,140896
10/15/2020,1.17625,1.17725,1.1702,1.17115,177892
10/16/2020,1.17225,1.17605,1.17075,1.17325,149380
10/19/2020,1.1735,1.18075,1.1717,1.17815,176853
10/20/2020,1.1779,1.18545,1.17735,1.184,167607
10/21/2020,1.1835,1.18945,1.18345,1.1875,188740
10/22/2020,1.18745,1.18795,1.18235,1.1831,151595
10/23/2020,1.18325,1.18775,1.1799,1.18715,169054
10/26/2020,1.187,1.18725,1.1815,1.1826,154580
10/27/2020,1.1822,1.18515,1.1804,1.1825,139859
10/28/2020,1.18,1.1801,1.1729,1.1763,242269
10/29/2020,1.17555,1.17695,1.1661,1.1682,235294
10/30/2020,1.1684,1.1715,1.1651,1.1655,198643
11/02/2020,1.1655,1.1667,1.1632,1.1642,132536
11/03/2020,1.16505,1.1751,1.1648,1.17165,155328
11/04/2020,1.1741,1.17825,1.16125,1.1735,260869
11/05/2020,1.1733,1.1869,1.17205,1.1848,207774
11/06/2020,1.18335,1.19005,1.18045,1.18915,195357
11/09/2020,1.18965,1.19295,1.18035,1.1841,247147
11/10/2020,1.1825,1.1853,1.17885,1.1822,155780
11/11/2020,1.1826,1.18415,1.17535,1.17825,138880
11/12/2020,1.17835,1.1831,1.1767,1.1815,123009
11/13/2020,1.18135,1.18455,1.18065,1.18405,87448
11/16/2020,1.18465,1.1877,1.1821,1.185,124456
11/17/2020,1.18625,1.19015,1.18495,1.18715,125537
11/18/2020,1.18695,1.18975,1.1856,1.18695,113510
11/19/2020,1.18595,1.18885,1.1822,1.18815,141175
11/20/2020,1.1879,1.18965,1.1855,1.18635,121495
11/23/2020,1.1865,1.1912,1.18045,1.18475,205523
11/24/2020,1.1847,1.1902,1.18435,1.18875,148296
11/25/2020,1.1898,1.1935,1.18865,1.19215,182930
11/27/2020,1.1921,1.19665,1.1889,1.19605,192710
11/30/2020,1.1968,1.20075,1.19275,1.19505,236326
12/01/2020,1.1932,1.208,1.1932,1.2051,242725
12/02/2020,1.2076,1.21215,1.2043,1.2102,233075
12/03/2020,1.21155,1.2177,1.2103,1.21445,234305
12/04/2020,1.2144,1.2179,1.2112,1.21395,231196
12/07/2020,1.2132,1.2168,1.208,1.21205,254159
12/08/2020,1.21125,1.21355,1.20965,1.21055,254924
12/09/2020,1.21065,1.2149,1.20595,1.20735,427302
12/10/2020,1.20815,1.21595,1.2076,1.2134,456339
12/11/2020,1.21705,1.21935,1.2136,1.21425,249982
12/14/2020,1.2162,1.2206,1.21455,1.2176,186084
12/15/2020,1.2174,1.2198,1.2149,1.2187,146856
12/16/2020,1.2181,1.2241,1.21555,1.2194,213378
12/17/2020,1.2229,1.23035,1.22195,1.22935,192614
12/18/2020,1.22995,1.23,1.22555,1.2272,154429
12/21/2020,1.22555,1.2285,1.2158,1.228,252788
12/22/2020,1.2271,1.22905,1.2185,1.2194,186565
12/23/2020,1.2195,1.2251,1.2186,1.22085,184414
12/24/2020,1.22175,1.22435,1.2205,1.2211,56166
12/28/2020,1.2219,1.2278,1.2208,1.22325,121859
12/29/2020,1.2234,1.23,1.22335,1.2277,126668
12/30/2020,1.22745,1.233,1.2271,1.23085,133830
12/31/2020,1.2319,1.2329,1.2229,1.2246,131799
01/04/2021,1.2252,1.23295,1.2249,1.2271,182283
01/05/2021,1.2268,1.2324,1.22655,1.2322,133366
01/06/2021,1.2316,1.2368,1.22835,1.23265,215013
01/07/2021,1.23445,1.2362,1.2262,1.2285,160942
01/08/2021,1.2286,1.2302,1.221,1.22325,213022
01/11/2021,1.22335,1.2235,1.21485,1.2179,149163
01/12/2021,1.21715,1.2226,1.21535,1.2217,143720
01/13/2021,1.22225,1.22395,1.21555,1.21705,145532
01/14/2021,1.21745,1.2195,1.2125,1.21705,166280
01/15/2021,1.2166,1.2178,1.20885,1.20925,142809
01/19/2021,1.2096,1.216,1.20675,1.2141,228555
01/20/2021,1.2145,1.2174,1.2091,1.21215,145166
01/21/2021,1.21225,1.2187,1.21215,1.21725,163178
01/22/2021,1.218,1.2203,1.21645,1.2181,136513
01/25/2021,1.2183,1.2197,1.2129,1.21515,156270
01/26/2021,1.2155,1.2189,1.21205,1.21775,164218
01/27/2021,1.2172,1.21825,1.20695,1.21125,284535
01/28/2021,1.21205,1.21545,1.2092,1.21435,199525
01/29/2021,1.21345,1.2168,1.21055,1.2143,218393
02/01/2021,1.21415,1.21475,1.20665,1.2078,182067
02/02/2021,1.2072,1.20985,1.20215,1.20305,194464
02/03/2021,1.20525,1.206,1.20135,1.2036,155420
02/04/2021,1.2045,1.2052,1.1966,1.19755,167699
02/05/2021,1.1973,1.206,1.19605,1.20525,188556
02/08/2021,1.2054,1.20745,1.20285,1.20645,147688
02/09/2021,1.206,1.21295,1.20555,1.2126,182756
02/10/2021,1.2128,1.21515,1.21165,1.2137,152771
02/11/2021,1.21275,1.2157,1.21205,1.2138,115529
02/12/2021,1.21395,1.2141,1.20875,1.2123,146827
02/16/2021,1.2129,1.21765,1.2101,1.2122,263881
02/17/2021,1.21105,1.2112,1.20295,1.2043,207928
02/18/2021,1.20485,1.21005,1.2041,1.20915,176081
02/19/2021,1.2098,1.21505,1.20875,1.21215,172753
02/22/2021,1.21295,1.21745,1.2096,1.2173,192525
02/23/2021,1.2164,1.2186,1.214,1.21485,157735
02/24/2021,1.21525,1.21795,1.21135,1.2153,217783
02/25/2021,1.2171,1.2249,1.216,1.21885,323554
02/26/2021,1.2185,1.2188,1.2066,1.20815,308469
03/01/2021,1.208,1.2105,1.2031,1.20505,221325
03/02/2021,1.20525,1.20975,1.19945,1.20875,213958
03/03/2021,1.20875,1.2116,1.20455,1.20685,192159
03/04/2021,1.2067,1.20685,1.19635,1.19675,253320
03/05/2021,1.1975,1.1977,1.18945,1.1915,291239
03/08/2021,1.1919,1.1934,1.18455,1.1859,226412
03/09/2021,1.18485,1.19165,1.18365,1.1902,262709
03/10/2021,1.19045,1.1931,1.187,1.1923,473974
03/11/2021,1.19275,1.19905,1.19155,1.19835,440108
03/12/2021,1.20075,1.2012,1.19335,1.1973,227462
03/15/2021,1.19745,1.19905,1.1934,1.1949,150725
03/16/2021,1.1952,1.19755,1.1905,1.1927,164042
03/17/2021,1.19275,1.2009,1.19085,1.20005,192981
03/18/2021,1.20015,1.2011,1.1928,1.1936,198520
03/19/2021,1.19365,1.1959,1.18955,1.193,174354
03/22/2021,1.19,1.1969,1.18925,1.19635,149887
03/23/2021,1.19555,1.19625,1.18635,1.1873,176362
03/24/2021,1.1869,1.1873,1.18305,1.18425,166482
03/25/2021,1.18335,1.18475,1.178,1.1796,189419
03/26/2021,1.17865,1.18245,1.17865,1.18095,132592
03/29/2021,1.1812,1.18135,1.17795,1.1783,137245
03/30/2021,1.1783,1.17925,1.1729,1.1736,153942
03/31/2021,1.1736,1.17785,1.17215,1.1742,180803
04/01/2021,1.17445,1.17975,1.17295,1.17885,161185
04/02/2021,1.17965,1.1804,1.1766,1.17745,32923
04/05/2021,1.17765,1.18375,1.17535,1.1829,97590
04/06/2021,1.18305,1.18945,1.18115,1.18875,170700
04/07/2021,1.18895,1.19315,1.1877,1.18825,174211
04/08/2021,1.18875,1.1943,1.1876,1.1933,152234
04/09/2021,1.193,1.19355,1.18825,1.19185,150628
04/12/2021,1.1916,1.1935,1.1886,1.19205,141547
04/13/2021,1.1928,1.19715,1.18925,1.19615,181518
04/14/2021,1.1965,1.2003,1.19635,1.1986,152628
04/15/2021,1.19945,1.2008,1.19705,1.1989,152660
04/16/2021,1.198,1.20085,1.19645,1.19925,129943
04/19/2021,1.19915,1.20625,1.1956,1.2053,204416
04/20/2021,1.205,1.20935,1.20355,1.2044,151021
04/21/2021,1.20505,1.2057,1.2012,1.20425,122172
04/22/2021,1.2047,1.2083,1.20065,1.202,174686
04/23/2021,1.20285,1.2113,1.2025,1.2105,151403
04/26/2021,1.2109,1.2129,1.2073,1.21045,149119
04/27/2021,1.21015,1.2105,1.2069,1.2099,126390
04/28/2021,1.21025,1.21465,1.20675,1.21365,193239
04/29/2021,1.2138,1.21615,1.2113,1.21355,153721
04/30/2021,1.21355,1.2137,1.20265,1.20325,217772
05/03/2021,1.20395,1.20865,1.2023,1.20765,125856
05/04/2021,1.20725,1.20745,1.20085,1.20215,160001
05/05/2021,1.20195,1.2036,1.1995,1.2009,133771
05/06/2021,1.2015,1.2081,1.20015,1.20635,148610
05/07/2021,1.2072,1.218,1.2061,1.21735,226229
05/10/2021,1.21755,1.2187,1.2136,1.2154,151684
05/11/2021,1.2139,1.21895,1.2131,1.216,153792
05/12/2021,1.21575,1.216,1.2071,1.20875,227063
05/13/2021,1.2079,1.2113,1.2058,1.20835,159305
05/14/2021,1.2088,1.2155,1.20775,1.215,166952
05/17/2021,1.2153,1.21755,1.2133,1.21655,124821
05/18/2021,1.21605,1.22415,1.2159,1.22355,178672
05/19/2021,1.22305,1.22515,1.21655,1.21785,191975
05/20/2021,1.21815,1.22345,1.2174,1.2225,122935
05/21/2021,1.2235,1.22455,1.2166,1.21865,163626
05/24/2021,1.21885,1.22355,1.2176,1.2218,128352
05/25/2021,1.222,1.2271,1.22165,1.22605,166554
05/26/2021,1.22555,1.22675,1.21865,1.2197,164005
05/27/2021,1.2197,1.2218,1.21785,1.22025,152471
05/28/2021,1.2198,1.22085,1.2136,1.22045,180406
06/01/2021,1.22005,1.2258,1.21865,1.22315,210947
06/02/2021,1.2217,1.22295,1.21665,1.2214,164072
06/03/2021,1.2216,1.22165,1.212,1.21275,197372
06/04/2021,1.2128,1.21885,1.21055,1.2167,178884
06/07/2021,1.21675,1.2204,1.21465,1.21965,151318
06/08/2021,1.2193,1.2196,1.21655,1.2181,208737
06/09/2021,1.2174,1.22195,1.2172,1.21805,437114
06/10/2021,1.2179,1.2195,1.21435,1.2172,435986
06/11/2021,1.21965,1.2215,1.21145,1.2124,247187
06/14/2021,1.213,1.2152,1.2116,1.21395,121810
06/15/2021,1.21415,1.2169,1.2122,1.21465,126315
06/16/2021,1.215,1.2156,1.2015,1.2039,205868
06/17/2021,1.20145,1.20265,1.19115,1.1931,306550
06/18/2021,1.19255,1.1945,1.1867,1.1892,225668
06/21/2021,1.1882,1.1942,1.18675,1.19295,205921
06/22/2021,1.19365,1.19725,1.19005,1.1956,161650
06/23/2021,1.1961,1.199,1.19305,1.19485,157596
06/24/2021,1.19465,1.19755,1.1936,1.195,115989
06/25/2021,1.19505,1.19945,1.1945,1.19495,130109
06/28/2021,1.1956,1.19635,1.1921,1.1942,144136
06/29/2021,1.19435,1.1948,1.18955,1.192,143431
06/30/2021,1.1917,1.1927,1.18625,1.1865,168822
07/01/2021,1.1874,1.19015,1.1854,1.1858,154435
07/02/2021,1.18655,1.1891,1.18235,1.18605,189425
07/06/2021,1.1883,1.19115,1.18205,1.18395,267001
07/07/2021,1.18365,1.18535,1.1797,1.18215,158339
07/08/2021,1.1808,1.18835,1.17985,1.1855,177382
07/09/2021,1.186,1.1896,1.184,1.1892,134755
07/12/2021,1.1892,1.1895,1.1851,1.1873,117933
07/13/2021,1.1876,1.189,1.1786,1.1796,220324
07/14/2021,1.1792,1.18535,1.17855,1.1844,168261
07/15/2021,1.1847,1.1864,1.18095,1.18205,127524
07/16/2021,1.18245,1.18355,1.1805,1.1822,122613
07/19/2021,1.1821,1.1838,1.17765,1.1804,224040
07/20/2021,1.1808,1.1815,1.1768,1.17945,171809
07/21/2021,1.17925,1.18175,1.1764,1.18125,137004
07/22/2021,1.1809,1.18425,1.1769,1.1783,207055
07/23/2021,1.1783,1.1798,1.1766,1.17825,126976
07/26/2021,1.1783,1.18285,1.1774,1.18125,131803
07/27/2021,1.18135,1.18525,1.17805,1.1834,164998
07/28/2021,1.18295,1.1861,1.1783,1.18495,192120
07/29/2021,1.18545,1.1903,1.1851,1.1901,150212
07/30/2021,1.18965,1.1919,1.18615,1.1866,163779
08/02/2021,1.18755,1.19065,1.18685,1.18825,108058
08/03/2021,1.18805,1.1903,1.18625,1.1872,93174
08/04/2021,1.1872,1.1909,1.18415,1.18475,153353
08/05/2021,1.1845,1.18655,1.18365,1.18445,121046
08/06/2021,1.18425,1.1844,1.1762,1.17655,167060
08/09/2021,1.17665,1.1777,1.1742,1.17485,132285
08/10/2021,1.1747,1.17505,1.1717,1.17295,115416
08/11/2021,1.17275,1.1762,1.1713,1.17455,140171
08/12/2021,1.17485,1.1755,1.173,1.17365,112289
08/13/2021,1.17365,1.18115,1.1736,1.18015,141693
08/16/2021,1.1803,1.18075,1.1774,1.17815,100012
08/17/2021,1.17845,1.17905,1.17135,1.17165,142598
08/18/2021,1.17175,1.1749,1.1699,1.1718,135019
08/19/2021,1.17135,1.1721,1.16705,1.16805,134972
08/20/2021,1.16815,1.17095,1.1669,1.17015,112616
08/23/2021,1.17005,1.1755,1.16975,1.1753,129024
08/24/2021,1.1751,1.17695,1.1732,1.17595,116765
08/25/2021,1.1762,1.1779,1.17305,1.17755,120592
08/26/2021,1.17755,1.17825,1.17495,1.1755,113221
08/27/2021,1.1759,1.1806,1.17375,1.1798,182130
08/30/2021,1.1801,1.18135,1.1786,1.1807,96863
08/31/2021,1.18005,1.1849,1.17985,1.18155,187033
09/01/2021,1.1813,1.18605,1.1796,1.1849,154692
09/02/2021,1.1843,1.1878,1.1836,1.18765,127627
09/03/2021,1.1876,1.19115,1.1868,1.18925,178483
09/07/2021,1.18815,1.1888,1.1839,1.1847,338657
09/08/2021,1.18465,1.1852,1.1803,1.1826,504047
09/09/2021,1.1819,1.1843,1.18055,1.18305,318034
09/10/2021,1.1844,1.18725,1.18305,1.1836,202255
09/13/2021,1.18365,1.18385,1.17905,1.18245,157618
09/14/2021,1.18305,1.1867,1.18205,1.18285,127409
09/15/2021,1.18255,1.1853,1.1819,1.1828,120419
09/16/2021,1.1836,1.1841,1.177,1.17735,166383
09/17/2021,1.1786,1.1809,1.1743,1.1749,166099
09/20/2021,1.1746,1.1756,1.17195,1.1744,142981
09/21/2021,1.17495,1.1768,1.17335,1.1745,128134
09/22/2021,1.1744,1.1775,1.1703,1.17115,180579
09/23/2021,1.1711,1.17685,1.1701,1.1765,155047
09/24/2021,1.1757,1.17655,1.17185,1.17335,126648
09/27/2021,1.1735,1.1743,1.17005,1.1717,131415
09/28/2021,1.1715,1.17205,1.16855,1.16945,187630
09/29/2021,1.17,1.1707,1.16055,1.16175,211960
09/30/2021,1.16125,1.16255,1.1578,1.16,214730
10/01/2021,1.1597,1.1623,1.1578,1.1613,163705
10/04/2021,1.16095,1.1656,1.16035,1.164,142002
10/05/2021,1.16335,1.1638,1.1596,1.16125,133696
10/06/2021,1.1611,1.1616,1.15445,1.1565,180704
10/07/2021,1.1571,1.15865,1.15615,1.1566,120532
10/08/2021,1.1569,1.16005,1.15555,1.1591,160155
10/11/2021,1.1586,1.1601,1.1562,1.15735,109316
10/12/2021,1.1568,1.1584,1.15375,1.15435,131335
10/13/2021,1.15435,1.1611,1.15425,1.1603,166366
10/14/2021,1.16105,1.1637,1.15965,1.1612,142075
10/15/2021,1.16135,1.16315,1.16005,1.16185,133566
10/18/2021,1.16115,1.1635,1.1584,1.1623,154376
10/19/2021,1.16245,1.16815,1.16205,1.16515,163848
10/20/2021,1.1645,1.16705,1.16285,1.1668,132831
10/21/2021,1.16585,1.1679,1.1631,1.16345,137619
10/22/2021,1.16365,1.1667,1.1632,1.16475,149002
10/25/2021,1.1651,1.1676,1.1601,1.16235,160431
10/26/2021,1.16225,1.16365,1.15955,1.16075,135932
10/27/2021,1.16055,1.1638,1.1595,1.16195,186296
10/28/2021,1.16135,1.17025,1.15915,1.16945,277836
10/29/2021,1.1692,1.17,1.15445,1.15685,288868
11/01/2021,1.15715,1.16185,1.15555,1.1616,141079
11/02/2021,1.16145,1.1623,1.15845,1.1591,130888
11/03/2021,1.15875,1.1625,1.1571,1.162,161836
11/04/2021,1.16205,1.1625,1.1535,1.1561,172189
11/05/2021,1.15605,1.15815,1.15205,1.1558,184454
11/08/2021,1.1573,1.1603,1.1558,1.1597,131272
11/09/2021,1.1594,1.1616,1.15765,1.16015,138175
11/10/2021,1.16015,1.16025,1.1482,1.14905,224743
11/11/2021,1.1485,1.1494,1.14495,1.14515,145588
11/12/2021,1.1457,1.14685,1.1439,1.145,133679
11/15/2021,1.145,1.14695,1.1362,1.1391,165611
11/16/2021,1.1373,1.13915,1.13145,1.1322,187699
11/17/2021,1.1326,1.13375,1.12685,1.132,196271
11/18/2021,1.1324,1.1379,1.1318,1.13755,172355
11/19/2021,1.1377,1.13775,1.1254,1.12935,253493
11/22/2021,1.1289,1.12945,1.1235,1.1236,198908
11/23/2021,1.12395,1.12785,1.123,1.1254,179263
11/24/2021,1.12525,1.1259,1.119,1.1202,205974
11/26/2021,1.1203,1.1325,1.1203,1.1306,270766
11/29/2021,1.13,1.1304,1.12615,1.1276,149519
11/30/2021,1.1294,1.1386,1.12375,1.13265,315551
12/01/2021,1.1342,1.1363,1.1305,1.13205,195363
12/02/2021,1.132,1.135,1.1297,1.1299,154645
12/03/2021,1.1304,1.1336,1.12685,1.13135,194549
12/06/2021,1.13125,1.13155,1.1268,1.12805,194470
12/07/2021,1.1286,1.13,1.12285,1.12625,271791
12/08/2021,1.127,1.1356,1.1267,1.1351,371382
12/09/2021,1.1343,1.1346,1.12785,1.12885,470618
12/10/2021,1.1319,1.13515,1.1291,1.13385,221436
12/13/2021,1.1341,1.1346,1.12865,1.1316,151971
12/14/2021,1.1309,1.1351,1.12805,1.12835,133075
12/15/2021,1.1285,1.1326,1.12475,1.1298,159010
12/16/2021,1.132,1.1388,1.1308,1.13505,170296
12/17/2021,1.13575,1.1375,1.126,1.1277,139313
12/20/2021,1.12635,1.1327,1.12585,1.12975,122480
12/21/2021,1.12985,1.1325,1.12815,1.13025,120979
12/22/2021,1.13035,1.1364,1.1285,1.1354,127139
12/23/2021,1.13465,1.1363,1.1311,1.13575,110747
12/27/2021,1.13445,1.13555,1.1323,1.13455,71778
12/28/2021,1.13465,1.13535,1.1309,1.1322,92491
12/29/2021,1.13285,1.13905,1.1292,1.1363,186225
12/30/2021,1.13665,1.13775,1.1315,1.1345,133277
12/31/2021,1.134,1.14035,1.132,1.14025,121477
01/03/2022,1.1394,1.1395,1.1295,1.1313,143496
01/04/2022,1.1311,1.1338,1.1287,1.1303,154132
01/05/2022,1.1301,1.1362,1.12915,1.13255,149151
01/06/2022,1.13245,1.13465,1.12985,1.13015,136948
01/07/2022,1.1311,1.138,1.13045,1.1378,146241
01/10/2022,1.13745,1.13765,1.1299,1.1338,142652
01/11/2022,1.1342,1.139,1.1327,1.13825,143578
01/12/2022,1.13845,1.14675,1.1369,1.14635,199954
01/13/2022,1.1456,1.1495,1.1449,1.14745,165588
01/14/2022,1.1468,1.1496,1.14115,1.1428,152804
01/18/2022,1.1431,1.1447,1.1328,1.1339,287778
01/19/2022,1.13415,1.13695,1.13315,1.1364,149656
01/20/2022,1.1355,1.1381,1.13145,1.13245,147458
01/21/2022,1.1323,1.1372,1.13125,1.1353,138313
01/24/2022,1.1355,1.13565,1.13015,1.1332,164397
01/25/2022,1.1337,1.1341,1.1274,1.13155,150912
01/26/2022,1.13155,1.1322,1.12455,1.12645,163283
01/27/2022,1.1252,1.1253,1.1141,1.11505,265912
01/28/2022,1.11555,1.11835,1.11305,1.11545,183279
01/31/2022,1.11555,1.12575,1.11435,1.12535,194715
02/01/2022,1.12405,1.12885,1.123,1.1262,179401
02/02/2022,1.12775,1.134,1.12755,1.1319,174703
02/03/2022,1.13125,1.146,1.1275,1.1442,282793
02/04/2022,1.1449,1.14925,1.142,1.14565,238860
02/07/2022,1.1464,1.14675,1.14235,1.1452,181550
02/08/2022,1.1449,1.14565,1.1404,1.1422,132514
02/09/2022,1.1425,1.1456,1.14105,1.144,127801
02/10/2022,1.1429,1.15035,1.13815,1.1457,263886
02/11/2022,1.1437,1.1437,1.1336,1.1343,211585
02/14/2022,1.13515,1.13765,1.12875,1.13025,196923
02/15/2022,1.13125,1.13745,1.131,1.1366,164346
02/16/2022,1.13625,1.1402,1.13515,1.1396,133192
02/17/2022,1.138,1.1392,1.13285,1.1369,165653
02/18/2022,1.1367,1.13825,1.13185,1.13375,130882
02/22/2022,1.13235,1.13965,1.1293,1.134,292834
02/23/2022,1.13315,1.1364,1.13055,1.13125,133507
02/24/2022,1.131,1.1313,1.11105,1.1191,375205
02/25/2022,1.12,1.12785,1.117,1.12675,236318
02/28/2022,1.11635,1.1252,1.11485,1.12265,266849
03/01/2022,1.12235,1.12365,1.10935,1.11265,254228
03/02/2022,1.11245,1.1146,1.106,1.1126,270057
03/03/2022,1.11215,1.1125,1.1035,1.106,192381
03/04/2022,1.10675,1.10695,1.08875,1.0913,297041
03/07/2022,1.0928,1.0934,1.08065,1.08485,358901
03/08/2022,1.0854,1.0959,1.085,1.09075,417350
03/09/2022,1.09005,1.10965,1.089,1.1079,594422
03/10/2022,1.10705,1.11225,1.0977,1.09865,461359
03/11/2022,1.10255,1.10815,1.0939,1.0944,326343
03/14/2022,1.09565,1.10315,1.09365,1.09955,177716
03/15/2022,1.09805,1.10565,1.09635,1.0978,183794
03/16/2022,1.0989,1.10835,1.09865,1.104,231625
03/17/2022,1.1065,1.11725,1.1042,1.11355,186963
03/18/2022,1.1126,1.1153,1.1037,1.10835,167114
03/21/2022,1.10845,1.11045,1.1044,1.1049,111272
03/22/2022,1.10505,1.10795,1.0994,1.10555,164995
03/23/2022,1.1064,1.1078,1.09965,1.1042,144803
03/24/2022,1.10405,1.1047,1.0998,1.1032,150455
03/25/2022,1.10335,1.1071,1.101,1.102,139319
03/28/2022,1.1017,1.1033,1.0977,1.1023,168114
03/29/2022,1.10205,1.117,1.1002,1.1121,279770
03/30/2022,1.1119,1.1202,1.11175,1.11925,189434
03/31/2022,1.11875,1.12155,1.109,1.1099,240195
04/01/2022,1.10955,1.11055,1.10565,1.10685,157970
04/04/2022,1.1069,1.10835,1.0989,1.10005,147516
04/05/2022,1.10005,1.1017,1.0928,1.09325,152594
04/06/2022,1.09325,1.0966,1.09025,1.0928,165759
04/07/2022,1.0926,1.09655,1.08915,1.0907,186335
04/08/2022,1.09075,1.0918,1.0863,1.09105,160976
04/11/2022,1.0939,1.09595,1.0899,1.09165,130990
04/12/2022,1.09125,1.093,1.08465,1.0855,161423
04/13/2022,1.08505,1.09185,1.0833,1.09095,152595
04/14/2022,1.09155,1.0948,1.0781,1.0854,270728
04/18/2022,1.08315,1.08465,1.0794,1.08085,61374
04/19/2022,1.0804,1.08385,1.07845,1.08135,116655
04/20/2022,1.0811,1.089,1.08075,1.08645,169022
04/21/2022,1.0874,1.09585,1.0845,1.08605,206510
04/22/2022,1.0856,1.08735,1.07925,1.0808,173156
04/25/2022,1.0831,1.084,1.0718,1.07315,195175
04/26/2022,1.07335,1.07595,1.0657,1.06665,184280
04/27/2022,1.06605,1.06765,1.05345,1.0581,257166
04/28/2022,1.0579,1.05845,1.04905,1.05245,230174
04/29/2022,1.05185,1.0612,1.051,1.0589,249834
05/02/2022,1.0569,1.05875,1.0509,1.0511,133418
05/03/2022,1.05275,1.0596,1.05105,1.05445,164406
05/04/2022,1.05405,1.065,1.0524,1.06355,197769
05/05/2022,1.06395,1.06585,1.0509,1.05315,241715
05/06/2022,1.0556,1.0615,1.04985,1.0563,257124
05/09/2022,1.05595,1.0608,1.0511,1.0581,199730
05/10/2022,1.0575,1.06,1.05405,1.05455,174614
05/11/2022,1.0546,1.0592,1.05165,1.0545,223723
05/12/2022,1.05275,1.05425,1.0366,1.03825,272341
05/13/2022,1.0392,1.0434,1.03615,1.0417,182076
05/16/2022,1.04135,1.0455,1.0401,1.04495,128856
05/17/2022,1.04495,1.05675,1.04395,1.0556,195154
05/18/2022,1.056,1.0575,1.04715,1.04855,156046
05/19/2022,1.04755,1.06175,1.0471,1.0609,204257
05/20/2022,1.0595,1.06085,1.0542,1.05555,143321
05/23/2022,1.05755,1.0707,1.05695,1.0702,208386
05/24/2022,1.0702,1.0757,1.067,1.07335,201509
05/25/2022,1.07415,1.07475,1.06505,1.0696,158841
05/26/2022,1.06885,1.0739,1.0669,1.0727,121917
05/27/2022,1.0737,1.0772,1.0703,1.07385,154873
05/31/2022,1.0741,1.07935,1.0685,1.0742,264239
06/01/2022,1.07385,1.07445,1.06325,1.06605,197477
06/02/2022,1.0654,1.07545,1.06485,1.0743,136648
06/03/2022,1.0752,1.0768,1.0707,1.07245,116020
06/06/2022,1.07215,1.07555,1.06875,1.06935,130736
06/07/2022,1.0697,1.0717,1.0655,1.07095,255412
06/08/2022,1.07075,1.0751,1.06735,1.07175,505278
06/09/2022,1.0719,1.0775,1.06115,1.0628,512937
06/10/2022,1.06795,1.0704,1.0567,1.05845,321565
06/13/2022,1.05765,1.05825,1.04685,1.04885,236882
06/14/2022,1.04775,1.05535,1.0464,1.0481,219770
06/15/2022,1.04835,1.05775,1.0428,1.04925,297318
06/16/2022,1.05115,1.0668,1.04465,1.06425,267046
06/17/2022,1.0617,1.0627,1.0511,1.05575,194926
06/21/2022,1.0555,1.06485,1.05405,1.05975,236780
06/22/2022,1.0602,1.0673,1.05345,1.0633,173769
06/23/2022,1.0631,1.0646,1.0546,1.05845,191227
06/24/2022,1.05865,1.06345,1.0576,1.0612,142943
06/27/2022,1.06145,1.06785,1.0613,1.06465,138963
06/28/2022,1.06445,1.0668,1.0564,1.0584,172642
06/29/2022,1.0582,1.0596,1.0495,1.0501,187518
06/30/2022,1.05005,1.05465,1.04395,1.0538,236862
07/01/2022,1.0536,1.0542,1.04205,1.0481,204861
07/05/2022,1.04815,1.052,1.02895,1.0316,346097
07/06/2022,1.03205,1.0331,1.0215,1.0235,225402
07/07/2022,1.02365,1.0273,1.0195,1.02085,185535
07/08/2022,1.0214,1.0242,1.01215,1.02245,225947
07/11/2022,1.02285,1.02345,1.00835,1.0112,186388
07/12/2022,1.0089,1.01235,1.0048,1.0094,224018
07/13/2022,1.0086,1.01725,1.0046,1.0114,291424
07/14/2022,1.0107,1.01085,1,1.0077,301539
07/15/2022,1.00675,1.01455,1.0053,1.0127,191830
07/18/2022,1.0134,1.0249,1.01255,1.01975,191913
07/19/2022,1.01915,1.03155,1.0165,1.02775,243697
07/20/2022,1.0271,1.03175,1.02,1.02215,240607
07/21/2022,1.0224,1.032,1.0194,1.02335,301041
07/22/2022,1.0268,1.0296,1.01695,1.02355,231263
07/25/2022,1.0255,1.0298,1.0218,1.02605,167291
07/26/2022,1.0259,1.029,1.01465,1.01605,206204
07/27/2022,1.01565,1.02585,1.01345,1.02355,236999
07/28/2022,1.02345,1.027,1.0149,1.02115,267290
07/29/2022,1.023,1.02895,1.01805,1.02545,266964
08/01/2022,1.0258,1.03095,1.02395,1.02875,193098
08/02/2022,1.02905,1.03275,1.0196,1.02055,201639
08/03/2022,1.01975,1.02425,1.01545,1.0186,211751
08/04/2022,1.0201,1.0284,1.01835,1.028,171396
08/05/2022,1.0277,1.0281,1.01705,1.02055,189150
08/08/2022,1.02055,1.0251,1.01875,1.02155,138228
08/09/2022,1.0223,1.02755,1.0217,1.0233,133675
08/10/2022,1.0239,1.03965,1.0229,1.03315,275178
08/11/2022,1.03265,1.039,1.03005,1.035,216625
08/12/2022,1.03475,1.0353,1.02625,1.029,171284
08/15/2022,1.0283,1.0292,1.0178,1.0179,171051
08/16/2022,1.01815,1.02175,1.01445,1.0191,188654
08/17/2022,1.0191,1.0225,1.0167,1.02065,170845
08/18/2022,1.0197,1.02125,1.00985,1.01095,227077
08/19/2022,1.0106,1.0114,1.00505,1.0051,180587
08/22/2022,1.00565,1.0065,0.99435,0.99505,222495
08/23/2022,0.99585,1.00355,0.9916,0.9978,271379
08/24/2022,0.99835,1.00165,0.9926,0.9979,241878
08/25/2022,0.99835,1.0048,0.99635,0.9984,219088
08/26/2022,0.99895,1.0104,0.996,0.9978,318566
08/29/2022,0.997,1.00425,0.99265,1.0004,240802
08/30/2022,1.001,1.0067,0.99935,1.0033,259394
08/31/2022,1.00285,1.00905,0.99825,1.0056,270752
09/01/2022,1.00615,1.0064,0.9919,0.99535,283439
09/02/2022,0.99545,1.00425,0.99505,0.9974,283970
09/06/2022,0.99375,0.9994,0.9871,0.99165,457043
09/07/2022,0.9911,1.00185,0.98825,0.9989,304998
09/08/2022,1.0014,1.005,0.9935,0.99965,361481
09/09/2022,0.99995,1.01175,0.99995,1.0048,268250
09/12/2022,1.0092,1.0202,1.0062,1.01215,367733
09/13/2022,1.01245,1.019,0.99685,0.998,395987
09/14/2022,0.99695,1.00265,0.9958,0.99825,555034
09/15/2022,0.9981,1.0019,0.9957,0.99935,340455
09/16/2022,1.00645,1.0103,1.0011,1.0069,278901
09/19/2022,1.0078,1.0096,1.0032,1.00785,144699
09/20/2022,1.0093,1.01165,1.0021,1.00345,205162
09/21/2022,1.004,1.00405,0.98775,0.99715,330863
09/22/2022,0.99035,0.99695,0.98685,0.98915,321019
09/23/2022,0.98975,0.9913,0.9728,0.9732,314260
09/26/2022,0.97325,0.977,0.96095,0.96705,346674
09/27/2022,0.96675,0.9729,0.9627,0.9657,245205
09/28/2022,0.9651,0.98085,0.9592,0.98025,327307
09/29/2022,0.9792,0.9871,0.969,0.98465,295624
09/30/2022,0.98785,0.99085,0.9788,0.98615,339313
10/03/2022,0.9847,0.98985,0.98065,0.9871,209344
10/04/2022,0.98775,1.00545,0.98595,1.00525,260488
10/05/2022,1.0036,1.0049,0.9887,0.99465,250906
10/06/2022,0.99375,0.9977,0.98375,0.98425,201035
10/07/2022,0.9842,0.9867,0.9776,0.97855,190878
10/10/2022,0.97855,0.9803,0.973,0.9753,179155
10/11/2022,0.97535,0.98235,0.97185,0.97565,189825
10/12/2022,0.975,0.97835,0.9716,0.9746,166935
10/13/2022,0.9752,0.98535,0.9675,0.9834,256844
10/14/2022,0.9826,0.98555,0.97535,0.977,212315
10/17/2022,0.97675,0.98985,0.9766,0.98935,183633
10/18/2022,0.98855,0.9921,0.9857,0.98945,170322
10/19/2022,0.9905,0.99165,0.9801,0.981,196749
10/20/2022,0.98165,0.9888,0.9796,0.9826,202698
10/21/2022,0.9829,0.99115,0.97455,0.9887,349967
10/24/2022,0.99205,0.99405,0.9848,0.99165,229488
10/25/2022,0.9915,1.00175,0.9888,1,218331
10/26/2022,1.00065,1.01285,0.9983,1.0121,264023
10/27/2022,1.0121,1.01315,0.99945,0.99995,291972
10/28/2022,1.0004,1.00345,0.9963,0.9992,202396
10/31/2022,0.99995,1.0001,0.99085,0.99235,165706
11/01/2022,0.99165,0.99895,0.98875,0.99175,184396
11/02/2022,0.9912,1.00115,0.98465,0.9921,236032
11/03/2022,0.9846,0.98715,0.97605,0.97835,209971
11/04/2022,0.9779,0.9998,0.9773,0.99795,294270
11/07/2022,0.99615,1.00645,0.9948,1.00565,179917
11/08/2022,1.0049,1.0126,1.0001,1.01035,188823
11/09/2022,1.0103,1.01155,1.002,1.0029,188234
11/10/2022,1.00415,1.0249,0.9962,1.0208,339094
11/11/2022,1.0227,1.03915,1.01895,1.039,280212
11/14/2022,1.03545,1.03855,1.0297,1.03795,221118
11/15/2022,1.03495,1.05085,1.03055,1.039,356311
11/16/2022,1.0372,1.04635,1.0356,1.0417,243491
11/17/2022,1.0419,1.0429,1.03275,1.0387,182882
11/18/2022,1.0388,1.0418,1.03355,1.035,148315
11/21/2022,1.03495,1.03545,1.02435,1.026,146340
11/22/2022,1.02635,1.0328,1.02595,1.0315,126878
11/23/2022,1.0323,1.0425,1.0316,1.042,176840
11/25/2022,1.0415,1.0466,1.0371,1.0422,215731
11/28/2022,1.03955,1.05135,1.0346,1.0354,220977
11/29/2022,1.03595,1.041,1.03345,1.0342,177718
11/30/2022,1.03455,1.0443,1.03045,1.04285,269790
12/01/2022,1.0421,1.05485,1.04055,1.05315,262082
12/02/2022,1.0537,1.0557,1.04395,1.05475,248788
12/05/2022,1.0549,1.0606,1.04915,1.05045,221630
12/06/2022,1.0507,1.05435,1.04695,1.04735,168170
12/07/2022,1.04735,1.056,1.04525,1.05235,240041
12/08/2022,1.0517,1.0573,1.04965,1.05675,175731
12/09/2022,1.05635,1.05955,1.05,1.0553,208285
12/12/2022,1.0543,1.05865,1.0512,1.0529,245288
12/13/2022,1.0544,1.06795,1.0533,1.0642,450111
12/14/2022,1.0639,1.0701,1.062,1.06695,559291
12/15/2022,1.06845,1.07385,1.05945,1.06315,437740
12/16/2022,1.06955,1.07315,1.06515,1.06685,205638
12/19/2022,1.0658,1.0726,1.06435,1.0672,143284
12/20/2022,1.06755,1.07265,1.0646,1.06895,173751
12/21/2022,1.0688,1.0712,1.0655,1.06795,152326
12/22/2022,1.067,1.0723,1.0634,1.06565,172449
12/23/2022,1.0666,1.0695,1.0649,1.0683,123593
12/27/2022,1.0696,1.07315,1.0672,1.07025,132366
12/28/2022,1.06995,1.07335,1.0665,1.0675,135821
12/29/2022,1.0671,1.07455,1.0665,1.07325,131334
12/30/2022,1.0712,1.0767,1.06915,1.0754,156734
01/03/2023,1.0723,1.0736,1.057,1.0617,262819
01/04/2023,1.06,1.0686,1.05905,1.0656,207581
01/05/2023,1.0652,1.06795,1.0562,1.0578,206216
01/06/2023,1.05705,1.06965,1.0529,1.0694,232910
01/09/2023,1.069,1.0812,1.0689,1.07995,199693
01/10/2023,1.07815,1.0806,1.07585,1.0787,148064
01/11/2023,1.07795,1.0822,1.07705,1.0809,153474
01/12/2023,1.0803,1.09115,1.0758,1.0892,287745
01/13/2023,1.0892,1.09105,1.08225,1.0871,175494
01/17/2023,1.0877,1.0916,1.08145,1.0833,286676
01/18/2023,1.0828,1.09275,1.08055,1.08355,248977
01/19/2023,1.08305,1.08775,1.0819,1.08685,175461
01/20/2023,1.0867,1.08955,1.08385,1.08905,143054
01/23/2023,1.09005,1.09625,1.0882,1.08935,176164
01/24/2023,1.09055,1.0933,1.087,1.0919,150809
01/25/2023,1.09195,1.0958,1.08915,1.09485,161872
01/26/2023,1.0948,1.09615,1.08815,1.09205,171085
01/27/2023,1.0924,1.09315,1.08685,1.09,164075
01/30/2023,1.0898,1.09445,1.0869,1.08765,165174
01/31/2023,1.08815,1.09045,1.08305,1.08925,186452
02/01/2023,1.08915,1.10395,1.088,1.10055,249883
02/02/2023,1.1018,1.1059,1.0911,1.09335,316852
02/03/2023,1.09345,1.09645,1.08165,1.08285,285371
02/06/2023,1.08215,1.0822,1.07325,1.07475,176677
02/07/2023,1.0748,1.07895,1.06915,1.0742,241795
02/08/2023,1.075,1.07825,1.0731,1.07455,151832
02/09/2023,1.07335,1.0811,1.07285,1.07575,174727
02/10/2023,1.07595,1.0772,1.0685,1.0692,182915
02/13/2023,1.0698,1.07485,1.0674,1.0735,143300
02/14/2023,1.07425,1.08245,1.07245,1.07565,274364
02/15/2023,1.07515,1.0762,1.06775,1.0698,189147
02/16/2023,1.0703,1.07365,1.06675,1.07045,188628
02/17/2023,1.0686,1.0713,1.06265,1.0711,188775
02/21/2023,1.0706,1.07185,1.06505,1.06615,252448
02/22/2023,1.0665,1.0676,1.0611,1.06125,164068
02/23/2023,1.06165,1.0638,1.0587,1.06055,166113
02/24/2023,1.06055,1.0624,1.05455,1.05605,202176
02/27/2023,1.05535,1.06295,1.0542,1.0618,177211
02/28/2023,1.0617,1.0654,1.0583,1.0592,202147
03/01/2023,1.0589,1.06995,1.05735,1.06655,222729
03/02/2023,1.06775,1.0679,1.0582,1.05965,198643
03/03/2023,1.06025,1.0644,1.05935,1.06405,184565
03/06/2023,1.06345,1.0699,1.06265,1.068,217779
03/07/2023,1.06855,1.06985,1.05495,1.0555,347159
03/08/2023,1.0553,1.05775,1.05275,1.05495,648642
03/09/2023,1.0548,1.05925,1.05395,1.05775,398301
03/10/2023,1.06475,1.07705,1.064,1.071,425417
03/13/2023,1.0744,1.08165,1.07135,1.08025,352479
03/14/2023,1.07995,1.0815,1.07405,1.0803,256767
03/15/2023,1.0797,1.08225,1.05805,1.06525,373996
03/16/2023,1.0641,1.06955,1.06125,1.0672,297532
03/17/2023,1.0669,1.0744,1.06685,1.07405,198800
03/20/2023,1.0734,1.07905,1.06905,1.07815,201241
03/21/2023,1.0782,1.08445,1.07615,1.0821,177916
03/22/2023,1.0826,1.0968,1.0814,1.0935,211504
03/23/2023,1.09165,1.09835,1.08775,1.08955,247835
03/24/2023,1.0884,1.08915,1.0768,1.0814,245678
03/27/2023,1.08165,1.0853,1.07975,1.08485,125962
03/28/2023,1.0851,1.09005,1.08495,1.08955,141552
03/29/2023,1.08955,1.0923,1.087,1.08965,148498
03/30/2023,1.08935,1.0976,1.0873,1.09545,171511
03/31/2023,1.0955,1.09745,1.0885,1.09035,196863
04/03/2023,1.08875,1.0964,1.08355,1.09435,183252
04/04/2023,1.09505,1.10195,1.09295,1.09995,184554
04/05/2023,1.0998,1.10125,1.09345,1.0953,172427
04/06/2023,1.0952,1.0981,1.09285,1.0975,123194
04/07/2023,1.09635,1.0966,1.092,1.09585,31876
04/10/2023,1.09515,1.09605,1.08745,1.09025,95955
04/11/2023,1.09075,1.0971,1.0903,1.095,129375
04/12/2023,1.0956,1.10425,1.0954,1.1037,198851
04/13/2023,1.10325,1.11075,1.10165,1.1088,181406
04/14/2023,1.10865,1.11145,1.1012,1.10375,195840
04/17/2023,1.10355,1.1038,1.0947,1.09655,174658
04/18/2023,1.0964,1.10215,1.09595,1.101,141469
04/19/2023,1.1012,1.10215,1.0954,1.099,162488
04/20/2023,1.0994,1.10255,1.09685,1.10005,149926
04/21/2023,1.1003,1.1029,1.09725,1.10115,158791
04/24/2023,1.1024,1.1085,1.10005,1.10815,157609
04/25/2023,1.1081,1.11025,1.0998,1.1006,195330
04/26/2023,1.101,1.1129,1.1002,1.10725,283972
04/27/2023,1.1076,1.10945,1.1023,1.10575,201475
04/28/2023,1.10585,1.1076,1.0993,1.10485,242137
05/01/2023,1.1049,1.10665,1.0995,1.1001,122625
05/02/2023,1.1001,1.10385,1.0972,1.1031,197795
05/03/2023,1.1032,1.11215,1.10295,1.10905,218286
05/04/2023,1.10935,1.11195,1.10145,1.1044,280253
05/05/2023,1.10405,1.1076,1.09945,1.1054,201737
05/08/2023,1.10465,1.10805,1.10265,1.10325,124521
05/09/2023,1.10295,1.1031,1.09665,1.0992,182659
05/10/2023,1.0985,1.1032,1.09665,1.10015,236302
05/11/2023,1.10075,1.1021,1.0923,1.09415,221050
05/12/2023,1.0938,1.0958,1.087,1.08755,204800
05/15/2023,1.08685,1.09125,1.0867,1.0896,153258
05/16/2023,1.0897,1.0926,1.08755,1.0889,151791
05/17/2023,1.08835,1.0894,1.0831,1.0858,173545
05/18/2023,1.08595,1.08665,1.0781,1.0785,166280
05/19/2023,1.07885,1.08475,1.0778,1.0826,210997
05/22/2023,1.0827,1.08485,1.0813,1.0836,162641
05/23/2023,1.08295,1.0837,1.0777,1.07925,204007
05/24/2023,1.07885,1.08175,1.0763,1.0766,227412
05/25/2023,1.07655,1.07705,1.07215,1.0735,205617
05/26/2023,1.074,1.0774,1.07155,1.07435,219111
05/30/2023,1.07385,1.07595,1.0685,1.0732,259570
05/31/2023,1.0749,1.0749,1.0647,1.06855,281888
06/01/2023,1.07005,1.07785,1.06715,1.07715,228350
06/02/2023,1.07725,1.0788,1.0714,1.07205,204582
06/05/2023,1.07165,1.0731,1.06825,1.07225,178742
06/06/2023,1.0721,1.07405,1.06745,1.0702,191540
06/07/2023,1.0701,1.0747,1.06755,1.0709,246296
06/08/2023,1.07055,1.07925,1.07025,1.0785,219446
06/09/2023,1.0788,1.07905,1.07475,1.07545,227114
06/12/2023,1.07525,1.07945,1.07375,1.076,349852
06/13/2023,1.076,1.0828,1.076,1.07935,535272
06/14/2023,1.07935,1.0867,1.0777,1.0837,379669
06/15/2023,1.0889,1.10045,1.08555,1.10025,267338
06/16/2023,1.0997,1.10225,1.097,1.0996,208152
06/20/2023,1.0993,1.0997,1.0943,1.0968,200660
06/21/2023,1.0968,1.1041,1.0956,1.1035,135333
06/22/2023,1.10355,1.10615,1.0996,1.1007,164655
06/23/2023,1.1003,1.1007,1.0891,1.09385,200772
06/26/2023,1.09455,1.0967,1.09335,1.0961,135042
06/27/2023,1.0954,1.10225,1.09475,1.10055,143883
06/28/2023,1.1007,1.1008,1.09415,1.0968,197398
06/29/2023,1.09575,1.09845,1.09035,1.09105,206971
06/30/2023,1.09065,1.09735,1.0876,1.0953,196702
07/03/2023,1.09515,1.09755,1.0911,1.0953,132190
07/05/2023,1.0955,1.09575,1.0891,1.08935,243866
07/06/2023,1.08945,1.09405,1.08715,1.092,227043
07/07/2023,1.0929,1.10125,1.0906,1.1007,204368
07/10/2023,1.1005,1.104,1.0982,1.10375,149102
07/11/2023,1.1039,1.10655,1.1014,1.1037,152271
07/12/2023,1.1046,1.11785,1.1044,1.1176,238543
07/13/2023,1.11675,1.12645,1.1166,1.12585,229029
07/14/2023,1.126,1.12805,1.12405,1.12695,197524
07/17/2023,1.12655,1.12845,1.1239,1.1278,145947
07/18/2023,1.1273,1.13105,1.12435,1.12635,212460
07/19/2023,1.1262,1.12745,1.1208,1.12355,189013
07/20/2023,1.12355,1.12615,1.11505,1.1158,170455
07/21/2023,1.1165,1.1176,1.1139,1.1156,134534
07/24/2023,1.116,1.11775,1.10905,1.11015,197409
07/25/2023,1.1094,1.1117,1.1051,1.1075,183027
07/26/2023,1.10855,1.11365,1.1067,1.11325,174937
07/27/2023,1.1116,1.1177,1.0993,1.1,330420
07/28/2023,1.1006,1.10745,1.097,1.10505,251254
07/31/2023,1.10445,1.10725,1.10195,1.10245,147394
08/01/2023,1.1023,1.1029,1.09775,1.0999,155624
08/02/2023,1.10395,1.1043,1.09425,1.09675,197586
08/03/2023,1.09625,1.0986,1.0935,1.0966,168969
08/04/2023,1.0972,1.1065,1.0952,1.1032,208189
08/07/2023,1.10325,1.1037,1.09875,1.1029,153739
08/08/2023,1.1024,1.1033,1.09505,1.09805,167280
08/09/2023,1.09775,1.10165,1.0973,1.0996,120915
08/10/2023,1.0997,1.1085,1.09865,1.101,206554
08/11/2023,1.1002,1.10245,1.09615,1.09695,155331
08/14/2023,1.0967,1.0978,1.0892,1.09225,173926
08/15/2023,1.09235,1.09705,1.0914,1.0922,185079
08/16/2023,1.09215,1.0951,1.08885,1.08975,135438
08/17/2023,1.0896,1.09345,1.08715,1.08725,156866
08/18/2023,1.0888,1.0909,1.08595,1.0893,142572
08/21/2023,1.0889,1.0929,1.0884,1.0913,120744
08/22/2023,1.0911,1.09445,1.08465,1.0866,195338
08/23/2023,1.08575,1.0885,1.08155,1.08725,212948
08/24/2023,1.08765,1.08885,1.08165,1.08205,154437
08/25/2023,1.0824,1.0853,1.07765,1.08185,230931
08/28/2023,1.08085,1.08325,1.0804,1.0822,112616
08/29/2023,1.083,1.0902,1.0792,1.0882,239560
08/30/2023,1.08885,1.09555,1.08645,1.09335,234282
08/31/2023,1.0937,1.09475,1.08425,1.08525,253955
09/01/2023,1.08505,1.08895,1.0779,1.0786,221939
09/05/2023,1.0792,1.08155,1.07125,1.0728,287431
09/06/2023,1.07285,1.0755,1.07085,1.07315,220167
09/07/2023,1.07315,1.0736,1.06905,1.0699,183256
09/08/2023,1.06995,1.0748,1.0698,1.07015,194048
09/11/2023,1.07175,1.0763,1.0711,1.07485,223922
09/12/2023,1.0755,1.07725,1.07085,1.07355,332730
09/13/2023,1.0762,1.07675,1.0713,1.0735,552945
09/14/2023,1.0729,1.07535,1.06325,1.0636,385312
09/15/2023,1.06845,1.07305,1.06755,1.07035,228590
09/18/2023,1.0707,1.0741,1.06965,1.072,114813
09/19/2023,1.0733,1.07595,1.0716,1.07185,145568
09/20/2023,1.07175,1.0778,1.069,1.07265,210334
09/21/2023,1.07015,1.0713,1.0656,1.0701,237984
09/22/2023,1.07015,1.0711,1.0653,1.0686,163738
09/25/2023,1.06845,1.06935,1.0613,1.0625,165600
09/26/2023,1.0631,1.06475,1.05995,1.06035,158317
09/27/2023,1.0609,1.06115,1.05255,1.05445,247273
09/28/2023,1.0543,1.06145,1.05265,1.059,273944
09/29/2023,1.06,1.06525,1.0593,1.06125,246776
10/02/2023,1.0602,1.0627,1.05115,1.0527,235653
10/03/2023,1.0513,1.05275,1.0482,1.0509,240122
10/04/2023,1.0498,1.0566,1.0484,1.05365,234369
10/05/2023,1.054,1.05835,1.05315,1.05825,178463
10/06/2023,1.05805,1.0632,1.0514,1.06245,281299
10/09/2023,1.05855,1.06055,1.0551,1.05955,161279
10/10/2023,1.05985,1.0651,1.0585,1.063,191347
10/11/2023,1.0635,1.0665,1.0611,1.0637,193019
10/12/2023,1.06495,1.06685,1.05545,1.0555,206371
10/13/2023,1.0559,1.0587,1.05235,1.05395,185449
10/16/2023,1.0548,1.0591,1.05435,1.0582,156878
10/17/2023,1.05885,1.06225,1.056,1.0596,224402
10/18/2023,1.06045,1.06215,1.05495,1.0562,177083
10/19/2023,1.05625,1.06415,1.0553,1.06065,238062
10/20/2023,1.06045,1.06285,1.05895,1.0617,171779
10/23/2023,1.0619,1.07025,1.05955,1.0699,226858
10/24/2023,1.06945,1.07215,1.0607,1.06125,243411
10/25/2023,1.0614,1.063,1.05885,1.05895,186477
10/26/2023,1.059,1.0591,1.05425,1.05825,206007
10/27/2023,1.05835,1.06185,1.0557,1.0589,210688
10/30/2023,1.05855,1.06465,1.0568,1.0639,170458
10/31/2023,1.0635,1.0696,1.0578,1.06025,242212
11/01/2023,1.0596,1.0601,1.05365,1.0562,228319
11/02/2023,1.05895,1.06865,1.05885,1.06445,222819
11/03/2023,1.064,1.07655,1.0633,1.07545,263641
11/06/2023,1.0747,1.07745,1.07345,1.07425,185350
11/07/2023,1.07395,1.07405,1.06815,1.0713,185953
11/08/2023,1.0716,1.07335,1.06765,1.07185,153020
11/09/2023,1.07255,1.0741,1.0676,1.0683,165952
11/10/2023,1.0684,1.07085,1.06715,1.06955,145832
11/13/2023,1.0701,1.0722,1.06795,1.0717,138511
11/14/2023,1.0713,1.0902,1.06725,1.08965,316911
11/15/2023,1.0892,1.0901,1.0846,1.08605,250800
11/16/2023,1.0863,1.09085,1.08435,1.08685,198247
11/17/2023,1.0866,1.0931,1.08375,1.0913,179251
11/20/2023,1.09235,1.09645,1.09095,1.09585,184807
11/21/2023,1.09535,1.09765,1.09115,1.0927,195692
11/22/2023,1.0922,1.09345,1.0864,1.08955,233355
11/24/2023,1.08985,1.09555,1.08925,1.09505,198738
11/27/2023,1.09545,1.09685,1.09345,1.09655,155442
11/28/2023,1.0964,1.1018,1.09435,1.10005,211866
11/29/2023,1.1002,1.1025,1.09685,1.09915,228819
11/30/2023,1.09785,1.0991,1.0886,1.0897,299314
12/01/2023,1.0897,1.09195,1.0835,1.0879,267469
12/04/2023,1.08905,1.0901,1.08095,1.0834,245698
12/05/2023,1.0839,1.0853,1.0784,1.07895,246654
12/06/2023,1.0802,1.08095,1.07635,1.0773,192859
12/07/2023,1.0771,1.08215,1.0759,1.0802,198814
12/08/2023,1.07985,1.08035,1.0727,1.0762,230204
12/11/2023,1.0765,1.0782,1.07445,1.07645,247842
12/12/2023,1.0768,1.08325,1.07635,1.07925,385335
12/13/2023,1.0797,1.0899,1.0775,1.089,542261
12/14/2023,1.08765,1.10105,1.08765,1.0993,388462
12/15/2023,1.1038,1.10475,1.09315,1.09425,284652
12/18/2023,1.0938,1.09745,1.0935,1.0959,165281
12/19/2023,1.0966,1.1029,1.0957,1.1018,155925
12/20/2023,1.1024,1.1025,1.097,1.09865,184513
12/21/2023,1.098,1.10525,1.0974,1.1039,170021
12/22/2023,1.1049,1.10815,1.10335,1.1055,165916
12/26/2023,1.10535,1.1085,1.1048,1.1084,60568
12/27/2023,1.1083,1.11605,1.1068,1.11385,155137
12/28/2023,1.11415,1.11745,1.10905,1.11,167372
12/29/2023,1.1097,1.11195,1.10685,1.1075,171290
01/02/2024,1.1076,1.10785,1.09725,1.09795,214572
01/03/2024,1.09745,1.09985,1.0926,1.095,216469
01/04/2024,1.0956,1.1004,1.09475,1.09795,192757
01/05/2024,1.09765,1.1031,1.0908,1.0977,258915
01/08/2024,1.0977,1.101,1.09535,1.09925,141961
01/09/2024,1.0984,1.09965,1.0941,1.09555,180681
01/10/2024,1.096,1.10035,1.0953,1.1001,164423
01/11/2024,1.1003,1.10405,1.0958,1.10105,242903
01/12/2024,1.1,1.10155,1.09645,1.09845,184000
01/16/2024,1.09775,1.09955,1.08895,1.09005,363087
01/17/2024,1.0902,1.09115,1.0871,1.0901,211426
01/18/2024,1.091,1.09325,1.0872,1.0887,188196
01/19/2024,1.09015,1.09235,1.08905,1.09175,149743
01/22/2024,1.09195,1.09335,1.0904,1.09085,130655
01/23/2024,1.0905,1.09405,1.08455,1.0869,221884
01/24/2024,1.0878,1.0956,1.0875,1.0912,238949
01/25/2024,1.09095,1.09255,1.0844,1.08585,239510
01/26/2024,1.08685,1.0909,1.08345,1.088,198562
01/29/2024,1.08715,1.08725,1.08175,1.084,196639
01/30/2024,1.08565,1.08795,1.0833,1.08665,185565
01/31/2024,1.08655,1.09085,1.081,1.08605,344623
02/01/2024,1.08355,1.08955,1.0799,1.0892,267165
02/02/2024,1.0893,1.0917,1.0799,1.0811,284552
02/05/2024,1.08,1.08045,1.0741,1.07605,221086
02/06/2024,1.07605,1.078,1.074,1.0767,184899
02/07/2024,1.0772,1.08015,1.07715,1.0789,168491
02/08/2024,1.0789,1.0805,1.07575,1.07905,156168
02/09/2024,1.0794,1.08115,1.07775,1.07975,158827
02/12/2024,1.0801,1.08205,1.07715,1.07835,145881
02/13/2024,1.07875,1.083,1.07145,1.07155,258772
02/14/2024,1.07225,1.07485,1.0709,1.0742,179916
02/15/2024,1.07405,1.07975,1.0737,1.07815,205410
02/16/2024,1.0787,1.08,1.07445,1.07895,198202
02/20/2024,1.07895,1.08505,1.0773,1.0818,337055
02/21/2024,1.0822,1.08355,1.0801,1.0828,161716
02/22/2024,1.0831,1.0899,1.08125,1.0832,272260
02/23/2024,1.0832,1.0849,1.08215,1.0833,166448
02/26/2024,1.0831,1.0869,1.0822,1.08555,149888
02/27/2024,1.08605,1.08745,1.08415,1.08535,171507
02/28/2024,1.08525,1.0854,1.08045,1.0842,185902
02/29/2024,1.08455,1.0863,1.08025,1.0809,274847
03/01/2024,1.0811,1.085,1.0804,1.0848,223186
03/04/2024,1.08485,1.08725,1.08435,1.0862,152041
03/05/2024,1.08635,1.0882,1.0845,1.08585,159822
03/06/2024,1.0862,1.09205,1.0847,1.0902,199566
03/07/2024,1.09015,1.0953,1.08715,1.0951,266168
03/08/2024,1.09525,1.0985,1.09215,1.09455,278957
03/11/2024,1.09425,1.09515,1.0917,1.09275,232151
03/12/2024,1.09275,1.09465,1.09045,1.0927,343086
03/13/2024,1.0928,1.0966,1.0922,1.09535,537276
03/14/2024,1.095,1.0956,1.08815,1.0886,340888
03/15/2024,1.0928,1.0941,1.09145,1.09315,207208
03/18/2024,1.0932,1.09465,1.0907,1.0911,150384
03/19/2024,1.0912,1.09165,1.08745,1.0903,187147
03/20/2024,1.09045,1.09625,1.08755,1.09545,233289
03/21/2024,1.0962,1.09815,1.08935,1.09005,290152
03/22/2024,1.0902,1.09055,1.08395,1.08415,247712
03/25/2024,1.08435,1.088,1.0839,1.0873,155869
03/26/2024,1.08745,1.09015,1.08615,1.08695,171565
03/27/2024,1.0868,1.08735,1.08455,1.0857,158436
03/28/2024,1.0862,1.0862,1.08085,1.08215,242746
04/01/2024,1.0812,1.0833,1.07645,1.07705,151887
04/02/2024,1.07765,1.0813,1.0758,1.0797,239689
04/03/2024,1.08045,1.087,1.0797,1.0868,200069
04/04/2024,1.08675,1.09085,1.08635,1.0882,200896
04/05/2024,1.0871,1.08795,1.08225,1.0866,207772
04/08/2024,1.0869,1.0893,1.0852,1.08885,148986
04/09/2024,1.08915,1.0916,1.0878,1.08835,142390
04/10/2024,1.0886,1.08965,1.07585,1.0766,294214
04/11/2024,1.0771,1.0785,1.0728,1.07545,260590
04/12/2024,1.0754,1.0758,1.0651,1.06675,280533
04/15/2024,1.06665,1.0693,1.0648,1.06525,254140
04/16/2024,1.06525,1.0681,1.06285,1.0658,259272
04/17/2024,1.06445,1.0706,1.0633,1.0697,200574
04/18/2024,1.06995,1.07155,1.0667,1.06705,156472
04/19/2024,1.06675,1.0703,1.06355,1.06755,194109
04/22/2024,1.06775,1.0695,1.06485,1.06835,132164
04/23/2024,1.06775,1.0736,1.06625,1.0728,222013
04/24/2024,1.07285,1.0738,1.0702,1.0717,145709
04/25/2024,1.07235,1.0764,1.0701,1.07505,222968
04/26/2024,1.07535,1.07755,1.0696,1.0728,223506
04/29/2024,1.0715,1.07555,1.07115,1.0746,207509
04/30/2024,1.07435,1.07565,1.06855,1.06985,252455
05/01/2024,1.06875,1.0754,1.067,1.07485,201668
05/02/2024,1.0732,1.07505,1.0694,1.075,183635
05/03/2024,1.0746,1.08325,1.0744,1.07865,240375
05/06/2024,1.07815,1.08095,1.0774,1.0794,110388
05/07/2024,1.07865,1.08055,1.0766,1.07695,137574
05/08/2024,1.07725,1.0776,1.0753,1.07635,126932
05/09/2024,1.07675,1.08015,1.07405,1.07985,169394
05/10/2024,1.08,1.0807,1.07765,1.079,136496
05/13/2024,1.0788,1.0823,1.0782,1.08055,133042
05/14/2024,1.0807,1.08415,1.07805,1.08355,199348
05/15/2024,1.0834,1.09015,1.08285,1.08935,233825
05/16/2024,1.08995,1.09095,1.0868,1.0885,189968
05/17/2024,1.08815,1.0892,1.08495,1.0889,161393
05/20/2024,1.08825,1.08975,1.0867,1.0878,130461
05/21/2024,1.08715,1.08875,1.08555,1.0865,142312
05/22/2024,1.0868,1.0876,1.08295,1.0834,173233
05/23/2024,1.0837,1.0872,1.0815,1.08155,211289
05/24/2024,1.0825,1.08685,1.0816,1.08605,143914
05/28/2024,1.08585,1.0899,1.0851,1.08685,254031
05/29/2024,1.0868,1.08715,1.0809,1.08155,254908
05/30/2024,1.0812,1.0853,1.0796,1.08445,223036
05/31/2024,1.084,1.089,1.0818,1.085,271543
06/03/2024,1.08575,1.09125,1.08345,1.09045,245034
06/04/2024,1.0912,1.0923,1.08655,1.0889,266646
06/05/2024,1.0885,1.0898,1.08605,1.08815,211115
06/06/2024,1.0874,1.09075,1.08665,1.08985,207696
06/07/2024,1.08955,1.0919,1.08035,1.081,294597
06/10/2024,1.07745,1.07855,1.07365,1.0766,327799
06/11/2024,1.0768,1.0777,1.0723,1.07465,417297
06/12/2024,1.0743,1.08555,1.07375,1.0817,569877
06/13/2024,1.0814,1.0818,1.07345,1.0741,368141
06/14/2024,1.0783,1.0792,1.0715,1.07465,289233
06/17/2024,1.075,1.07845,1.07325,1.0782,170932
06/18/2024,1.07795,1.08075,1.0756,1.07855,167608
06/20/2024,1.07855,1.07995,1.07455,1.07545,233132
06/21/2024,1.0749,1.0764,1.07145,1.0738,189930
06/24/2024,1.0735,1.079,1.0727,1.0779,151459
06/25/2024,1.07765,1.07865,1.07325,1.07585,139734
06/26/2024,1.0756,1.076,1.07075,1.0721,203000
06/27/2024,1.0722,1.0767,1.0717,1.07455,179261
06/28/2024,1.0744,1.0765,1.07245,1.0752,223808
07/01/2024,1.07705,1.08155,1.07585,1.07685,241963
07/02/2024,1.0779,1.0785,1.0748,1.078,174706
07/03/2024,1.0788,1.0855,1.0774,1.08175,208951
07/05/2024,1.08245,1.08785,1.08195,1.0873,255875
07/08/2024,1.08515,1.0881,1.08505,1.0861,146814
07/09/2024,1.0859,1.0868,1.08405,1.0848,121229
07/10/2024,1.0847,1.0865,1.08455,1.08595,124997
07/11/2024,1.08665,1.0933,1.08635,1.0901,284254
07/12/2024,1.0901,1.0944,1.08945,1.0939,200135
07/15/2024,1.09255,1.0954,1.09155,1.09335,186872
07/16/2024,1.0927,1.09375,1.0903,1.0928,183818
07/17/2024,1.093,1.09795,1.0926,1.09685,230558
07/18/2024,1.09695,1.0971,1.09235,1.0929,198000
07/19/2024,1.09255,1.09305,1.0905,1.0908,178326
07/22/2024,1.0913,1.0932,1.09015,1.0918,164641
07/23/2024,1.092,1.0925,1.08715,1.088,187637
07/24/2024,1.08815,1.0894,1.0852,1.0865,201964
07/25/2024,1.08665,1.0896,1.0854,1.0874,214054
07/26/2024,1.0871,1.0894,1.08675,1.08825,144112
07/29/2024,1.08815,1.0895,1.08275,1.08465,203441
07/30/2024,1.0846,1.086,1.08225,1.0835,171891
07/31/2024,1.08395,1.08755,1.0825,1.085,258611
08/01/2024,1.0849,1.08575,1.0799,1.08065,264123
08/02/2024,1.08125,1.09485,1.08035,1.0935,397017
08/05/2024,1.094,1.10305,1.0914,1.09725,427573
08/06/2024,1.09735,1.0984,1.09245,1.0949,262991
08/07/2024,1.09515,1.0957,1.09255,1.09425,184032
08/08/2024,1.0943,1.0964,1.09,1.09375,190821
08/09/2024,1.09365,1.09495,1.0927,1.09385,143801
08/12/2024,1.0935,1.0957,1.0928,1.09485,129123
08/13/2024,1.09495,1.10175,1.09305,1.1017,187062
08/14/2024,1.1011,1.10645,1.10035,1.10335,251997
08/15/2024,1.103,1.1031,1.09645,1.09935,212661
08/16/2024,1.09885,1.10445,1.09855,1.10355,149861
08/19/2024,1.10435,1.1101,1.1037,1.10965,179877
08/20/2024,1.11,1.1145,1.10855,1.1135,182037
08/21/2024,1.11415,1.11875,1.1113,1.1175,232250
08/22/2024,1.1162,1.11895,1.111,1.11225,201295
08/23/2024,1.1124,1.12125,1.1117,1.1199,250284
08/26/2024,1.12025,1.12125,1.11605,1.11745,167327
08/27/2024,1.117,1.1201,1.11595,1.11965,146141
08/28/2024,1.11935,1.11955,1.11145,1.11255,215724
08/29/2024,1.11275,1.11475,1.10635,1.10865,207561
08/30/2024,1.1085,1.1103,1.1051,1.10595,197412
09/03/2024,1.1054,1.1085,1.1033,1.1045,270277
09/04/2024,1.10505,1.11015,1.1045,1.1082,184659
09/05/2024,1.10885,1.11255,1.1079,1.11085,193325
09/06/2024,1.1115,1.11595,1.10695,1.10905,297220
09/09/2024,1.10895,1.1095,1.1037,1.1047,188050
09/10/2024,1.1039,1.1053,1.1018,1.10275,357444
09/11/2024,1.10215,1.10575,1.10045,1.1021,504119
09/12/2024,1.1015,1.10765,1.10065,1.10625,325342
09/13/2024,1.1118,1.11445,1.11125,1.112,194428
09/16/2024,1.1121,1.11785,1.1118,1.1162,149913
09/17/2024,1.1174,1.1186,1.11495,1.1163,134664
09/18/2024,1.1156,1.1227,1.1134,1.11865,187611
09/19/2024,1.11575,1.1215,1.1104,1.12015,225530
09/20/2024,1.1197,1.1217,1.1171,1.12,168675
09/23/2024,1.11975,1.12015,1.1118,1.11515,240087
09/24/2024,1.1146,1.12165,1.1138,1.1202,168674
09/25/2024,1.12145,1.12495,1.1156,1.11685,222959
09/26/2024,1.1165,1.12225,1.1159,1.1213,215205
09/27/2024,1.12105,1.12365,1.1158,1.1201,219906
09/30/2024,1.1196,1.1242,1.11475,1.11665,232434
10/01/2024,1.11665,1.1177,1.1079,1.1105,256534
10/02/2024,1.1104,1.1116,1.1066,1.10715,156767
10/03/2024,1.108,1.10815,1.10385,1.10575,172621
10/04/2024,1.10615,1.10705,1.0983,1.10045,244934
10/07/2024,1.10025,1.1019,1.09865,1.10015,149478
10/08/2024,1.10065,1.1029,1.0992,1.1004,123220
10/09/2024,1.10115,1.10125,1.0967,1.0968,125026
10/10/2024,1.097,1.0984,1.09295,1.0951,181423
10/11/2024,1.0966,1.0983,1.09555,1.0968,151184
10/14/2024,1.09635,1.0965,1.0917,1.09255,120862
10/15/2024,1.0935,1.0945,1.091,1.0915,145370
10/16/2024,1.09185,1.0929,1.08805,1.0883,145209
10/17/2024,1.08885,1.09005,1.08375,1.08515,212112
10/18/2024,1.08575,1.08955,1.0851,1.08915,142466
10/21/2024,1.0893,1.08975,1.0836,1.0837,145945
10/22/2024,1.08405,1.08635,1.08175,1.0825,162847
10/23/2024,1.08235,1.0831,1.07855,1.0805,175534
10/24/2024,1.08065,1.0853,1.07935,1.08455,198512
10/25/2024,1.08495,1.0862,1.0816,1.08255,162049
10/28/2024,1.0819,1.08495,1.08045,1.08335,142651
10/29/2024,1.08345,1.0848,1.07905,1.0835,220104
10/30/2024,1.0838,1.08925,1.0826,1.08905,208258
10/31/2024,1.08785,1.0908,1.0864,1.089,227720
11/01/2024,1.0901,1.09245,1.08505,1.08575,189074
11/04/2024,1.0889,1.09335,1.0888,1.0897,186446
11/05/2024,1.0897,1.0955,1.08905,1.09495,146449
11/06/2024,1.0946,1.09545,1.0699,1.0752,388385
11/07/2024,1.07475,1.084,1.07285,1.0799,252902
11/08/2024,1.0818,1.082,1.0702,1.0729,220341
11/11/2024,1.07245,1.0743,1.06435,1.06655,228382
11/12/2024,1.0671,1.06775,1.0609,1.0627,211717
11/13/2024,1.06355,1.0669,1.05695,1.05795,316306
11/14/2024,1.0577,1.05955,1.05085,1.056,291921
11/15/2024,1.0543,1.06055,1.05285,1.05495,231395
11/18/2024,1.05495,1.0619,1.05415,1.0602,171990
11/19/2024,1.06115,1.06125,1.05345,1.0605,218122
11/20/2024,1.0608,1.06205,1.05175,1.05505,176136
11/21/2024,1.05535,1.05645,1.04715,1.0494,225906
11/22/2024,1.0484,1.05085,1.03405,1.042,321696
11/25/2024,1.046,1.05395,1.0451,1.0514,267465
11/26/2024,1.0503,1.05525,1.0433,1.04815,277339
11/27/2024,1.0497,1.0596,1.04825,1.05705,266738
11/29/2024,1.0574,1.0603,1.05345,1.05735,239466
12/02/2024,1.0575,1.0575,1.04665,1.04955,271419
12/03/2024,1.05035,1.05405,1.0486,1.051,203141
12/04/2024,1.0515,1.0549,1.0477,1.0519,242263
12/05/2024,1.05145,1.05935,1.05115,1.05915,218391
12/06/2024,1.059,1.06335,1.05455,1.05575,268098
12/09/2024,1.05655,1.05975,1.0535,1.05575,263171
12/10/2024,1.0559,1.05705,1.0501,1.0529,404294
12/11/2024,1.0529,1.05415,1.0482,1.04935,447931
12/12/2024,1.0499,1.05315,1.04645,1.04735,376701
12/13/2024,1.051,1.05675,1.0496,1.05375,221453
12/16/2024,1.05405,1.05675,1.0517,1.0553,159966
12/17/2024,1.0553,1.0577,1.05215,1.0531,162407
12/18/2024,1.05335,1.05545,1.03845,1.0418,250939
12/19/2024,1.0388,1.0463,1.03875,1.0402,275127
12/20/2024,1.0404,1.04875,1.03825,1.04845,244292
12/23/2024,1.04715,1.0484,1.0423,1.04505,156836
12/24/2024,1.0445,1.0448,1.0421,1.0427,66189
12/26/2024,1.04365,1.04685,1.04285,1.04565,63172
12/27/2024,1.0461,1.0482,1.04425,1.0466,140403
12/30/2024,1.04645,1.04935,1.04065,1.0431,175947
12/31/2024,1.0441,1.04585,1.0378,1.03885,128147
01/02/2025,1.0388,1.0408,1.0256,1.02825,276522
01/03/2025,1.0297,1.03415,1.02965,1.03335,165791
01/06/2025,1.03345,1.04685,1.0327,1.0419,279621
01/07/2025,1.042,1.04655,1.03705,1.03865,188742
01/08/2025,1.0373,1.0388,1.03035,1.03395,187961
01/09/2025,1.0348,1.03505,1.0313,1.03275,94168
01/10/2025,1.0329,1.0341,1.02415,1.0274,242393
01/13/2025,1.0274,1.02785,1.02045,1.0236,201443
01/14/2025,1.0291,1.0337,1.02665,1.0326,219906
01/15/2025,1.0335,1.03825,1.0285,1.03215,207355
01/16/2025,1.0316,1.03415,1.02865,1.0328,191064
01/17/2025,1.0327,1.0357,1.0291,1.03025,185067
01/21/2025,1.0302,1.0461,1.0292,1.0444,472010
01/22/2025,1.04505,1.0483,1.0418,1.04455,185043
01/23/2025,1.04345,1.0462,1.03955,1.04475,200481
01/24/2025,1.0441,1.05455,1.04355,1.05195,248937
01/27/2025,1.05095,1.05575,1.04775,1.0516,193625
01/28/2025,1.05145,1.0515,1.0437,1.04585,176625
01/29/2025,1.04535,1.04665,1.04045,1.0438,229609
01/30/2025,1.04425,1.0489,1.04075,1.04495,219487
01/31/2025,1.0412,1.0455,1.03705,1.0397,304465
02/03/2025,1.0281,1.0372,1.0231,1.0304,433767
02/04/2025,1.03645,1.0408,1.0292,1.0402,215671
02/05/2025,1.0401,1.0464,1.03895,1.04265,182368
02/06/2025,1.0424,1.0424,1.0371,1.04035,181344
02/07/2025,1.0402,1.04325,1.0323,1.035,294058
02/10/2025,1.0315,1.0354,1.03065,1.0324,132237
02/11/2025,1.03235,1.03985,1.0309,1.03745,152331
02/12/2025,1.0377,1.04465,1.03295,1.04075,279858
02/13/2025,1.03995,1.04835,1.03875,1.0451,305902
02/14/2025,1.04805,1.0529,1.04615,1.0514,201057
02/18/2025,1.0505,1.05205,1.04485,1.04585,243357
02/19/2025,1.04635,1.0474,1.0414,1.04385,152343
02/20/2025,1.04355,1.05155,1.04305,1.0513,170417
02/21/2025,1.0511,1.0517,1.04605,1.0474,179863
02/24/2025,1.04835,1.05395,1.04635,1.04845,200252
02/25/2025,1.0479,1.05295,1.04665,1.05205,177237
02/26/2025,1.0525,1.0539,1.04845,1.05015,209027
02/27/2025,1.0495,1.0505,1.0405,1.0413,249469
02/28/2025,1.04,1.0428,1.0367,1.0375,242975
03/03/2025,1.04095,1.0512,1.0396,1.0481,313366
03/04/2025,1.0492,1.0635,1.0478,1.0608,397006
03/05/2025,1.0629,1.0804,1.06085,1.0797,473901
03/06/2025,1.0798,1.0859,1.0771,1.08075,392404
03/07/2025,1.07935,1.0894,1.0786,1.0847,328190
03/10/2025,1.08465,1.08795,1.08095,1.0834,321711
03/11/2025,1.08375,1.09505,1.0837,1.0935,504306
03/12/2025,1.09175,1.09355,1.08785,1.08875,535145
03/13/2025,1.0891,1.08985,1.0824,1.0855,305527
03/14/2025,1.09075,1.0967,1.08845,1.09355,243192
03/17/2025,1.0937,1.0984,1.09225,1.09805,140360
03/18/2025,1.09765,1.10085,1.0947,1.0998,187543
03/19/2025,1.0996,1.1,1.091,1.0962,194067
03/20/2025,1.09545,1.0969,1.0866,1.09,180439
03/21/2025,1.0906,1.09125,1.0847,1.08715,158394
03/24/2025,1.08715,1.09085,1.0832,1.08565,166534
03/25/2025,1.0853,1.08805,1.0827,1.0848,152647
03/26/2025,1.0843,1.0853,1.07935,1.08045,172095
03/27/2025,1.07885,1.0869,1.0781,1.0839,191301
03/28/2025,1.08455,1.08925,1.0812,1.08725,181222
03/31/2025,1.08665,1.0897,1.0831,1.0862,224617
04/01/2025,1.0864,1.0876,1.08245,1.0833,162370
04/02/2025,1.0838,1.09715,1.0825,1.09005,226275
04/03/2025,1.08755,1.1192,1.0848,1.1082,465197
04/04/2025,1.1097,1.11515,1.09685,1.09885,441748
04/07/2025,1.0966,1.1095,1.09445,1.098,343006
04/08/2025,1.09585,1.1036,1.0932,1.0995,252425
04/09/2025,1.1,1.114,1.09575,1.1006,407379
04/10/2025,1.0998,1.12845,1.0985,1.12595,360909
04/11/2025,1.12445,1.15175,1.12335,1.1356,450299
04/14/2025,1.13655,1.14675,1.1338,1.1397,255177
04/15/2025,1.1395,1.14215,1.1306,1.1316,202322
04/16/2025,1.1321,1.14525,1.1321,1.14265,223971
04/17/2025,1.14395,1.14475,1.1374,1.14135,181633
04/21/2025,1.14305,1.1613,1.143,1.1562,195399
04/22/2025,1.1553,1.1586,1.14555,1.14655,228901
04/23/2025,1.14065,1.1478,1.13455,1.1361,308782
04/24/2025,1.1354,1.14335,1.1354,1.14145,193842
04/25/2025,1.1426,1.1427,1.135,1.1415,169781
04/28/2025,1.1398,1.146,1.1364,1.14475,188190
04/29/2025,1.14545,1.14555,1.14025,1.1415,166343
04/30/2025,1.1421,1.1431,1.13475,1.138,204149
05/01/2025,1.1361,1.13715,1.12965,1.13165,137025
05/02/2025,1.13215,1.14115,1.1304,1.133,190257
05/05/2025,1.1341,1.13945,1.1326,1.13435,132547
05/06/2025,1.13465,1.14105,1.13085,1.14005,174895
05/07/2025,1.14015,1.14065,1.13195,1.1363,167687
05/08/2025,1.13345,1.13625,1.1237,1.1251,233950
05/09/2025,1.12515,1.1318,1.12215,1.1284,156342
05/12/2025,1.1248,1.12675,1.1089,1.1113,278297
05/13/2025,1.11115,1.12185,1.11115,1.1208,174492
05/14/2025,1.121,1.12885,1.1187,1.12015,195872
05/15/2025,1.1199,1.12495,1.1191,1.11975,146186
05/16/2025,1.12075,1.124,1.1151,1.1172,152946
05/19/2025,1.1193,1.13075,1.119,1.12545,179842
05/20/2025,1.12615,1.13055,1.1237,1.12915,141939
05/21/2025,1.1303,1.1382,1.12985,1.1352,188620
05/22/2025,1.13475,1.13605,1.1271,1.1294,161939
05/23/2025,1.1298,1.1394,1.12945,1.1376,212722
05/27/2025,1.1382,1.1434,1.1338,1.13525,197126
05/28/2025,1.1342,1.13595,1.12975,1.13075,162534
05/29/2025,1.13055,1.1396,1.12215,1.1387,194477
05/30/2025,1.1382,1.1401,1.1323,1.137,176769
06/02/2025,1.1365,1.14605,1.13575,1.1452,175139
06/03/2025,1.1452,1.14645,1.13725,1.13845,133033
06/04/2025,1.1381,1.14435,1.13655,1.14295,147206
06/05/2025,1.1427,1.1502,1.14115,1.14495,214171
06/06/2025,1.1452,1.14635,1.13775,1.1403,209438
06/09/2025,1.1397,1.14445,1.13915,1.14335,201813
06/10/2025,1.1425,1.14525,1.1377,1.1425,296933
06/11/2025,1.14325,1.1504,1.14075,1.14905,540870
06/12/2025,1.14925,1.16335,1.1489,1.158,395729
06/13/2025,1.166,1.16855,1.156,1.1613,332219
06/16/2025,1.16095,1.16855,1.15935,1.16515,156228
06/17/2025,1.16335,1.165,1.1543,1.1548,165603
06/18/2025,1.1549,1.1599,1.1529,1.1544,167687
06/20/2025,1.1549,1.161,1.1512,1.15945,235448
06/23/2025,1.15425,1.16475,1.15185,1.16395,205434
06/24/2025,1.164,1.17065,1.16375,1.16885,197930
06/25/2025,1.1672,1.1729,1.1653,1.17245,129074
06/26/2025,1.1719,1.18075,1.1717,1.1782,215393
06/27/2025,1.1761,1.18155,1.17415,1.17605,168818
06/30/2025,1.179,1.1849,1.1768,1.1836,171057
07/01/2025,1.1844,1.18895,1.1821,1.18395,175942
07/02/2025,1.1863,1.1867,1.1803,1.1856,162173
07/03/2025,1.1856,1.1867,1.17745,1.18055,155357
07/07/2025,1.1815,1.18455,1.1741,1.17745,196378
07/08/2025,1.1764,1.18195,1.1737,1.178,150697
07/09/2025,1.1779,1.1783,1.17435,1.17665,98402
07/10/2025,1.1778,1.1801,1.17135,1.17435,133284
07/11/2025,1.17515,1.17645,1.17155,1.1739,123993
07/14/2025,1.1717,1.1747,1.17035,1.172,124713
07/15/2025,1.1714,1.1756,1.1641,1.16515,160109
07/16/2025,1.165,1.17695,1.161,1.16755,289427
07/17/2025,1.16855,1.16885,1.16015,1.163,135738
07/18/2025,1.1641,1.17165,1.1641,1.16665,123529
07/21/2025,1.16745,1.1761,1.1658,1.1737,144165
07/22/2025,1.174,1.1804,1.17215,1.1791,174988
07/23/2025,1.17955,1.1818,1.1753,1.1814,175920
07/24/2025,1.1812,1.1829,1.1771,1.18065,149986
07/25/2025,1.1788,1.18005,1.17425,1.17855,139732
07/28/2025,1.17975,1.1809,1.1623,1.16325,209381
07/29/2025,1.1625,1.1636,1.1556,1.15865,234034
07/30/2025,1.1581,1.16085,1.1437,1.14615,232858
07/31/2025,1.14375,1.1494,1.1437,1.14605,185716
08/01/2025,1.145,1.16305,1.1424,1.1559,300436
08/04/2025,1.16205,1.1629,1.1582,1.15965,159202
08/05/2025,1.1604,1.162,1.1559,1.1605,127799
08/06/2025,1.16065,1.16995,1.1595,1.1693,143855
08/07/2025,1.16895,1.1727,1.16395,1.16505,178224
08/08/2025,1.16925,1.1707,1.1657,1.1684,106649
08/11/2025,1.16715,1.1703,1.16175,1.1639,104070
08/12/2025,1.16455,1.1724,1.1625,1.1695,161064
08/13/2025,1.1701,1.17565,1.1696,1.17265,132423
08/14/2025,1.173,1.17395,1.16545,1.16645,134405
08/15/2025,1.16725,1.1738,1.16685,1.17255,106414
08/18/2025,1.17345,1.1741,1.16775,1.16815,91137
08/19/2025,1.16815,1.1714,1.166,1.1668,87716
08/20/2025,1.16675,1.16945,1.1642,1.1675,109560
08/21/2025,1.16725,1.16805,1.1619,1.16275,134638
08/22/2025,1.1624,1.17605,1.16,1.1739,205120
08/25/2025,1.1738,1.17425,1.1619,1.1636,0
08/26/2025,1.1637,1.1681,1.1618,1.1659,150763
08/27/2025,1.16575,1.16625,1.15885,1.16455,141641
08/28/2025,1.16485,1.17095,1.16405,1.17005,143384
08/29/2025,1.16925,1.17205,1.16625,1.17105,158522
09/02/2025,1.16985,1.17475,1.1623,1.16435,276183
09/03/2025,1.16525,1.16915,1.16175,1.1671,162780
09/04/2025,1.167,1.1676,1.16365,1.1651,131523
09/05/2025,1.1656,1.1766,1.1655,1.17225,230044
09/08/2025,1.1727,1.1771,1.17095,1.17665,179807
09/09/2025,1.1771,1.1785,1.17085,1.1711,390990
09/10/2025,1.1717,1.1735,1.16865,1.17085,534380
09/11/2025,1.1702,1.17475,1.1656,1.17375,378653
09/12/2025,1.1798,1.181,1.17635,1.1804,197847
09/15/2025,1.17965,1.18365,1.17785,1.18315,118639
09/16/2025,1.18255,1.19405,1.18185,1.1929,184408
09/17/2025,1.1927,1.19795,1.18685,1.1895,224434
09/18/2025,1.18765,1.1907,1.18085,1.18465,201437
09/19/2025,1.18425,1.1851,1.17865,1.1806,128318
