01/30/1996,408.8,410.5,405.8,409,68826
01/31/1996,406.5,408.8,405,408.5,38461
02/01/1996,409.2,414,408.7,413.7,63681
02/02/1996,415,420.2,414.5,417.7,255
02/05/1996,418.9,419.3,415.6,415.9,35478
02/06/1996,415.2,416.3,412.5,414.6,45009
02/07/1996,414.5,418.2,409.5,411.4,83955
02/08/1996,410.9,412.2,408.7,411.5,3734
02/09/1996,411.8,412.6,406.5,407.8,49876
02/12/1996,407.5,408,402.1,403.3,63667
02/13/1996,404,406,402.5,405.1,44683
02/14/1996,406,407.9,404.3,406.5,34437
02/15/1996,407.2,407.5,404.7,405.7,23189
02/16/1996,405.5,409.2,404.6,407.5,30294
02/20/1996,408.5,409,399.2,401.1,60875
02/21/1996,401.3,404.2,397.5,404,62545
02/22/1996,404.9,404.9,400.9,401.5,35565
02/23/1996,401.4,401.6,398.1,399.9,31007
02/26/1996,399.7,402,399.4,400.6,21416
02/27/1996,400.8,401.7,398.7,399.6,32285
02/28/1996,399.9,402.4,398.3,402.1,38715
02/29/1996,402.1,403.6,401.1,401.2,24815
03/01/1996,401.1,402.1,399,400.2,28786
03/04/1996,400,400.8,393.8,395.2,80364
03/05/1996,395,395.6,393.3,394.6,31655
03/06/1996,394.6,395.4,393.6,394.4,17633
03/07/1996,394.6,396.8,392.3,396.4,39725
03/08/1996,396.7,399.7,395.1,398.2,55883
03/11/1996,398.5,399.1,396.2,396.7,21073
03/12/1996,396.4,398.4,396.4,397.5,29048
03/13/1996,397.1,398.7,397.1,397.7,16866
03/14/1996,398,398,396.2,396.5,19151
03/15/1996,396.6,397.5,395.9,396.9,18023
03/18/1996,397.2,398,394.6,396.3,25262
03/19/1996,396.2,396.5,395.5,396,14305
03/20/1996,396,396.8,395.1,396.5,24466
03/21/1996,396.5,399.2,395.6,398.7,37338
03/22/1996,398.6,399.5,397.6,398.9,28446
03/25/1996,399,399.2,398.3,399,24259
03/26/1996,399.3,401.8,399.3,400.5,42223
03/27/1996,400.8,401.4,399.9,400.4,29420
03/28/1996,400.3,400.8,396.4,396.9,30764
03/29/1996,396.5,397.5,394,395.8,7791
04/01/1996,396.5,397.5,394.3,395.1,2026
04/02/1996,394.9,395.1,393,394,564
04/03/1996,393.7,395.8,393.7,394.3,1445
04/04/1996,394.2,395.1,393.3,395.1,148
04/08/1996,396,398.2,395,398.2,157
04/09/1996,397.6,398,393.8,394.6,160
04/10/1996,397.6,398,393.8,395,111
04/11/1996,395.9,396.3,394,395.8,99
04/12/1996,394.9,394.9,393.8,394.6,11
04/15/1996,393.6,393.6,392.2,393,70
04/16/1996,393.4,393.8,390,391,182
04/17/1996,391.3,391.5,390.5,390.6,132
04/18/1996,390.5,391.7,389.9,390.3,67
04/19/1996,390.5,391,389.7,390.6,33
04/22/1996,391.2,391.5,391.2,391.5,25
04/23/1996,393.2,393.2,391.3,391.3,23
04/24/1996,391,391,390.2,390.6,48
04/25/1996,393.1,394.3,393.1,393.3,2
04/26/1996,392.3,392.3,390.3,390.3,0
05/30/1996,394.2,394.9,393.5,394,32203
05/31/1996,393.7,395.5,393.1,394.4,100
06/03/1996,394.5,394.7,393.5,393.6,14066
06/04/1996,393.2,393.9,390.2,390.8,50251
06/05/1996,390.8,391,388.8,388.9,34776
06/06/1996,388.9,389,386.2,388.4,42690
06/07/1996,388.5,389.8,387.4,387.6,33576
06/10/1996,387.8,388.6,387.8,388.5,13228
06/11/1996,388.1,388.7,385.1,386.9,40510
06/12/1996,386.9,387.7,386.2,386.8,17523
06/13/1996,386.3,387.3,386.3,386.5,13406
06/14/1996,386.5,387.6,385,387.1,25772
06/17/1996,387.1,387.6,386.3,387.3,11506
06/18/1996,387.4,388.1,386.6,387.7,19236
06/19/1996,387.8,388.7,386.4,386.5,23539
06/20/1996,386.5,386.7,385.9,386.3,10556
06/21/1996,386.1,386.9,384.6,386.8,27799
06/24/1996,386.9,387.1,385.5,386.7,15330
06/25/1996,387,387.4,385.5,385.6,23236
06/26/1996,385.6,386,384.6,384.7,30643
06/27/1996,384.7,385.2,383.4,383.6,25584
06/28/1996,383.6,384,381.5,381.6,30149
07/01/1996,381.4,384,381.4,382.7,18898
07/02/1996,382.9,383.5,382.2,382.7,13931
07/03/1996,383.4,384,382.4,382.5,9503
07/08/1996,383.5,385,381.5,382.1,21480
07/09/1996,382.3,385,381.7,383.5,25403
07/10/1996,383.7,385.4,383,383.4,28256
07/11/1996,383.5,385.2,383.4,384.6,26318
07/12/1996,384.8,385.4,383.7,384.4,22586
07/15/1996,384,385.8,383.6,385.7,31526
07/16/1996,385.8,387,384,384.2,50956
07/17/1996,384,384.8,383.6,384.2,14351
07/18/1996,384.2,385.3,384.1,384.6,17810
07/19/1996,384.6,386,384.6,385.3,26275
07/22/1996,385.4,386.6,385,385.5,28178
07/23/1996,385.5,386.6,384.2,385.5,35074
07/24/1996,385.5,386.5,385,386.3,33185
07/25/1996,386.1,386.6,385.4,385.7,21164
07/26/1996,385.6,386.5,385.2,385.7,23654
07/29/1996,386,386,384.6,385,35856
07/30/1996,390.1,391.2,390,390.3,26122
07/31/1996,390.1,393.3,390,393.1,32045
08/01/1996,393.1,393.1,391.8,392.1,18998
08/02/1996,392.4,393.6,392,393.2,21988
08/05/1996,393.5,396.2,393,395,39733
08/06/1996,395,395.2,393.9,394.4,10859
08/07/1996,394.7,394.7,393.7,394.1,10857
08/08/1996,394.2,394.4,393.4,394.4,10425
08/09/1996,394.2,394.7,392.9,393.3,20890
08/12/1996,393.5,394,392.8,393.4,15663
08/13/1996,393.2,393.7,392.9,393.2,19615
08/14/1996,393.3,393.3,391.2,391.7,29445
08/15/1996,391.6,392.5,390.7,391.7,14968
08/16/1996,391.7,391.7,390.8,391.4,8539
08/19/1996,392.4,392.9,391.1,392.4,16181
08/20/1996,392.7,393,392.2,392.9,10272
08/21/1996,392.8,393,391.7,391.8,9941
08/22/1996,391.8,393.4,391.7,392.5,17061
08/23/1996,392.6,393.7,392.1,393.2,15928
08/26/1996,393.3,394.6,393.3,394.5,17165
08/27/1996,394.6,394.7,393.6,394,11755
08/28/1996,394,394.1,392.9,393,13611
08/29/1996,393,393.2,391.7,392.4,16407
08/30/1996,392.4,392.7,390,391.3,26210
09/03/1996,391.6,392.2,390.4,390.5,18629
09/04/1996,390.7,391,389.3,389.7,25101
09/05/1996,389.8,390.4,389.3,389.6,12911
09/06/1996,389.5,389.9,388.6,388.8,23167
09/09/1996,389,389.2,385.8,387.2,57467
09/10/1996,387.2,387.3,386,386.8,18893
09/11/1996,386.8,387.7,386,386,20566
09/12/1996,386.4,386.4,384.6,385.8,32950
09/13/1996,386,386.7,385.5,385.6,22947
09/16/1996,385.7,386.4,385.6,386.3,12703
09/17/1996,386.4,387,386,386.1,12603
09/18/1996,387,387,385.5,386.3,19772
09/19/1996,386.3,386.6,385.4,385.6,18245
09/20/1996,385.5,385.8,383.3,383.9,35637
09/23/1996,384,384.7,383.8,384.4,9090
09/24/1996,384.5,385.8,384.4,385.7,15649
09/25/1996,386,386.3,385,385.3,14754
09/26/1996,385.2,385.3,382.6,383.6,40974
09/27/1996,383.3,383.7,381.9,382.8,34129
09/30/1996,382.8,383.1,380.1,380.5,23183
10/01/1996,380.8,381.5,379,381,30102
10/02/1996,381,383.3,380.6,382.3,25871
10/03/1996,382.5,382.8,381,382.7,15761
10/04/1996,382.7,383.5,382.3,382.6,16108
10/07/1996,382.3,383.8,381.8,382.6,16344
10/08/1996,382.6,384.3,382.6,383.4,15695
10/09/1996,383.3,384.4,382.6,383.5,27890
10/10/1996,383.7,385.3,383.5,384.5,24134
10/11/1996,384.3,384.5,382.8,383.4,16797
10/14/1996,383.3,384.1,382.7,383.8,6551
10/15/1996,383.7,383.8,383,383.3,9018
10/16/1996,384,384.3,382.8,383.3,18634
10/17/1996,383.2,383.2,382.1,382.6,18192
10/18/1996,382.6,382.6,381.6,382.1,10624
10/21/1996,382.2,384,380.3,383.9,29090
10/22/1996,383.9,386.5,383.7,386.1,44168
10/23/1996,386,386.3,385.4,385.9,10935
10/24/1996,385.8,385.9,384.5,384.9,16727
10/25/1996,384.7,384.9,383.9,384.6,12954
10/28/1996,384.5,384.9,384.4,384.6,7948
10/29/1996,384.6,384.7,381.5,381.6,42933
10/30/1996,381.6,381.9,380.6,381.3,19920
10/31/1996,380.8,381.9,377.7,379.1,45031
11/01/1996,378.8,379.5,377.8,379.2,29839
11/04/1996,379.3,379.9,378.8,379.6,7988
11/05/1996,379.6,380.5,379.4,379.6,11955
11/06/1996,379.6,379.9,378.3,378.7,20876
11/07/1996,378.1,382,377.8,379.6,42397
11/08/1996,379.6,380.5,378.3,380.5,30602
11/11/1996,380.9,382.8,380.2,382.8,27248
11/12/1996,382.8,383.8,382.3,383.4,31468
11/13/1996,383.6,385.8,382.8,384.2,46415
11/14/1996,384,384.4,381.4,381.8,30986
11/15/1996,382,382.2,379.8,381.1,24439
11/18/1996,381.5,381.5,379.4,379.7,19089
11/19/1996,379.9,379.9,378.2,378.4,21432
11/20/1996,378.7,380.4,378.5,379,23136
11/21/1996,378.8,379,375.8,376.5,49929
11/22/1996,376.6,377.6,376.3,376.3,35425
11/25/1996,376.5,376.5,373.3,374.5,33389
11/26/1996,374.5,374.9,373.2,374.5,31984
11/27/1996,376.6,377.3,374.5,375,27846
12/02/1996,373.9,373.9,370.7,370.9,20501
12/03/1996,370.8,371.2,367.7,370.4,44376
12/04/1996,370.5,373.5,370,372.5,37172
12/05/1996,372.7,374.4,369.5,373,42358
12/06/1996,372.8,376.1,370,370.8,41725
12/09/1996,370.6,371.1,369.6,369.7,12014
12/10/1996,369.7,371.3,369.4,370.5,12836
12/11/1996,370.7,372,369.5,370.6,21591
12/12/1996,370.7,371.1,369.7,370.8,18723
12/13/1996,370.8,371.9,370.2,370.4,11635
12/16/1996,370,370.5,369.1,369.9,11373
12/17/1996,370.2,371.8,369,370.5,32295
12/18/1996,370.4,371.6,370.4,371.3,13439
12/19/1996,371.3,371.7,370.7,371.1,8498
12/20/1996,370.7,371.4,370.2,370.5,11277
12/23/1996,370.4,371.1,370.4,370.6,12902
12/24/1996,370.7,370.8,370.3,370.6,3533
12/26/1996,370.8,371.4,370.8,371.1,4016
12/27/1996,371,371.7,370.8,371.1,8505
12/30/1996,371.2,371.7,371,371.2,6723
12/31/1996,371.3,371.5,368.5,369.2,15943
01/02/1997,369.2,369.4,366.5,366.6,32694
01/03/1997,366.5,366.7,361.8,362,42723
01/06/1997,362.4,362.5,357.6,358.7,38691
01/07/1997,358.8,360.7,358.4,359.7,40344
01/08/1997,359.9,359.9,355.3,356.8,43324
01/09/1997,356.8,359.2,355,358.8,39190
01/10/1997,359.1,360.6,358.4,360.2,24907
01/13/1997,360,361.7,359.1,359.7,35342
01/14/1997,359.8,359.8,354,354.7,42865
01/15/1997,354.8,356.5,352.6,353.2,44548
01/16/1997,353.3,356.5,353.1,355,28836
01/17/1997,355.4,357.1,355,356.4,32041
01/20/1997,356.1,356.4,353.4,354.6,20400
01/21/1997,354.6,356.3,352.7,353.8,36723
01/22/1997,353.8,353.9,349.8,351.7,42476
01/23/1997,351.8,352.8,347.2,352.5,59338
01/24/1997,352.8,355.3,352.8,353.4,36811
01/27/1997,353.5,357.8,353.2,357.3,38862
01/28/1997,357.4,358.2,353.2,354,35703
01/29/1997,354,354.2,350.9,351.8,28650
01/30/1997,353,353,347.3,349.5,62952
01/31/1997,347.7,348.7,345.4,346,32926
02/03/1997,346.3,348.8,345.6,348.5,28101
02/04/1997,348.6,349.2,346.1,346.4,29890
02/05/1997,346.2,346.7,344.3,346.4,22968
02/06/1997,346.4,347.1,344,345.1,24658
02/07/1997,344.5,345.1,339.4,344,43083
02/10/1997,343.9,345.1,342.4,343.1,14084
02/11/1997,342.9,343.4,340.3,341.9,26805
02/12/1997,341.6,348,338.5,345.4,73940
02/13/1997,345,346.1,342.8,343,28382
02/14/1997,343,348.6,342.7,346.7,34657
02/18/1997,346.2,349.5,346,347.7,19431
02/19/1997,347.7,349.1,347.3,347.6,27730
02/20/1997,347.3,354.1,346.5,352.6,62907
02/21/1997,352.5,356.8,352.4,354.1,51891
02/24/1997,354,356.2,353.8,355.2,18574
02/25/1997,355.2,357.1,353.9,356.1,26584
02/26/1997,356,358.7,354.5,356,44700
02/27/1997,355.9,364.5,355.7,361,92637
02/28/1997,361.1,365.5,359.8,365.1,52963
03/03/1997,365.1,366,363.5,363.8,34083
03/04/1997,363.7,364.5,360.1,360.5,32165
03/05/1997,360.5,360.6,352.5,354.4,54594
03/06/1997,354.5,355.3,353,353.6,25440
03/07/1997,353.5,354.4,349,349.9,43297
03/10/1997,350.3,353.3,350.3,353.1,27076
03/11/1997,353.3,355.5,351.6,355.1,6881
03/12/1997,355.2,355.4,351.9,353.2,29421
03/13/1997,353.3,355.4,352.2,354.5,29335
03/14/1997,354.6,355.5,352.5,353,15117
03/17/1997,352.6,353.3,348,348.3,37938
03/18/1997,348.3,351.1,346.3,350.4,832
03/19/1997,350.4,354.5,349,352.9,150
03/20/1997,352.9,354.4,351.2,352.2,31004
03/21/1997,352.2,354.8,351.3,353.5,35833
03/24/1997,353.3,353.3,349.4,350.9,21603
03/25/1997,350.8,352.5,347.8,348.2,41038
03/26/1997,348.2,352,346.4,351.5,26848
03/27/1997,353.5,353.6,350.5,352.5,34523
03/31/1997,352.8,356,351,354,27609
04/01/1997,354.3,355,352.2,354.7,25629
04/02/1997,354.7,355.1,351.7,352.1,21938
04/03/1997,351.8,352.5,350,351.4,22018
04/04/1997,351.1,352.1,349.5,351.7,22834
04/07/1997,351.4,352.3,349.4,351.1,19646
04/08/1997,350.9,352.3,350.5,351.2,14884
04/09/1997,351,351.5,349.9,350.4,10067
04/10/1997,350.5,351.1,350,350.9,9665
04/11/1997,351,351.5,348,349.3,34490
04/14/1997,349.5,349.8,348.5,348.7,11263
04/15/1997,348.5,348.5,342.3,343.9,65860
04/16/1997,344.2,344.3,339.5,343.3,47845
04/17/1997,343.3,346.2,342.1,344.3,33734
04/18/1997,344.4,345.2,343,343.4,13284
04/21/1997,343.3,345.1,342.9,344.9,9097
04/22/1997,345,345.1,342.9,343.4,11615
04/23/1997,343.4,343.5,342.3,343.3,9665
04/24/1997,343.3,344,342,342.7,12650
04/25/1997,342.5,345,342.4,343.9,12328
04/28/1997,343.6,343.7,340.5,341.4,19406
04/29/1997,341.2,342.2,340.8,341.6,12989
04/30/1997,341.6,343.2,340.8,341.2,22266
05/01/1997,341.1,342.9,340.4,341.7,22989
05/02/1997,341.7,342,340.9,341.6,22989
05/05/1997,342,344.8,341.4,344.3,24988
05/06/1997,344.4,345.5,340.5,341.5,32808
05/07/1997,341.5,343,341.4,342.4,15632
05/08/1997,342.5,346.6,342.4,344.8,45155
05/09/1997,345,349.5,344.6,349.3,36724
05/12/1997,349.5,352.2,348.2,348.7,39993
05/13/1997,348.6,350.9,348,350.5,28902
05/14/1997,350.5,350.8,347.6,348.2,19844
05/15/1997,348.5,349.8,346.7,348.4,25421
05/16/1997,348.4,348.8,344.3,344.9,33110
05/19/1997,344.8,345.3,340.7,342.2,33275
05/20/1997,342.3,344.2,341.3,343.4,17680
05/21/1997,343.9,344,342.2,343.7,16206
05/22/1997,344.2,344.2,342.7,343.2,26629
05/23/1997,343.3,344.3,341.8,343.1,18189
05/27/1997,343.4,345.3,343.1,344.7,29170
05/28/1997,343.4,345.8,343.1,345.3,48083
05/29/1997,347.4,349.2,346.5,348.6,31913
05/30/1997,348.6,350.4,346.7,347.5,31928
06/02/1997,347.3,347.4,346.2,346.5,9929
06/03/1997,346.5,347.1,345,345.7,19018
06/04/1997,345.8,346.3,343.4,343.6,23648
06/05/1997,343.5,345.7,341.5,345.6,42144
06/06/1997,345.6,347.6,345.5,345.7,27040
06/09/1997,345.8,347.3,345.5,346.3,8208
06/10/1997,346.4,346.7,345.4,346.1,8380
06/11/1997,346.3,346.5,345.5,346,8677
06/12/1997,345.9,346,343.4,343.6,14118
06/13/1997,343.4,344.4,342.8,343.1,17724
06/16/1997,343.1,345,342.9,344.8,8215
06/17/1997,344.8,344.8,343.3,343.7,10347
06/18/1997,343.7,344.4,340.6,341,35958
06/19/1997,341,342.8,340.2,342.4,33717
06/20/1997,342.3,342.7,339.1,339.4,33717
06/23/1997,339.1,341.4,338.5,341.1,26044
06/24/1997,341.2,343.2,339.4,339.5,16987
06/25/1997,339.1,341.2,338.7,339,20527
06/26/1997,339.2,340.9,338.1,339.8,31856
06/27/1997,340,340.1,335.2,335.9,47975
06/30/1997,335.9,336.7,334.6,335.3,30425
07/01/1997,334.9,335.8,334.6,335.1,28133
07/02/1997,334.9,335.5,332.1,332.3,24551
07/03/1997,332.5,334.1,324,325.2,4208
07/07/1997,325.2,325.8,314.6,319,56992
07/08/1997,318.7,323.4,318.1,321,46077
07/09/1997,320.9,321.3,316.2,318.9,34860
07/10/1997,319.2,322.2,319,320.8,25280
07/11/1997,320.7,323.1,319.6,322.2,21220
07/14/1997,322.1,323.4,320,320.8,20421
07/15/1997,320.7,322.2,318.7,319,26986
07/16/1997,319,322,317.6,318.7,29233
07/17/1997,318.5,325,318.4,324.7,50150
07/18/1997,324.1,330.9,323.2,329.6,58939
07/21/1997,329.8,329.8,325.9,326.2,34996
07/22/1997,326.2,330.2,325.4,326.2,55889
07/23/1997,326,326.1,323.7,323.8,31658
07/24/1997,323.8,329.7,321.2,323.8,63248
07/25/1997,323.7,328,323.5,326.5,26739
07/28/1997,326.5,330,325.6,329.5,50170
07/29/1997,329,329.4,325.1,325.8,37675
07/30/1997,330.1,332.8,329.7,330.6,32235
07/31/1997,331,331.8,328,328.6,30181
08/01/1997,328.9,330.1,327.3,328.9,27918
08/04/1997,328.5,329.5,327.6,328.1,15016
08/05/1997,328.1,328.2,321,324.6,44226
08/06/1997,324.5,324.8,321.5,322.5,20371
08/07/1997,322.5,327,322.1,325.8,33387
08/08/1997,325.5,332,325,330.4,55226
08/11/1997,330.8,333.4,330.3,332.5,31973
08/12/1997,332.5,332.5,328.7,330.8,27281
08/13/1997,331.5,333.2,329.7,330.7,50228
08/14/1997,330.5,331.4,326.6,328,34680
08/15/1997,327.7,329.8,327,329.5,32224
08/18/1997,330.4,330.9,324.5,324.7,39012
08/19/1997,324.7,327.2,324.5,326.5,16535
08/20/1997,326.1,326.5,323.9,324.7,22801
08/21/1997,324.9,327.9,324.4,326.6,22302
08/22/1997,326.6,331.8,325,329.7,45827
08/25/1997,328.6,328.8,327,328,9685
08/26/1997,328,330.7,327.2,329,22786
08/27/1997,329,329.6,327.3,328.8,16112
08/28/1997,328.8,330.4,326.8,327.1,36850
08/29/1997,327,328.9,326.9,327.4,13200
09/02/1997,327,328.4,325,325.8,25118
09/03/1997,325.4,325.9,324,325,19643
09/04/1997,325.1,325.3,323.6,324.3,17927
09/05/1997,324.8,325.6,323.8,325.4,19748
09/08/1997,325.4,325.4,323,324.6,16214
09/09/1997,324.6,324.9,323.6,324.1,10935
09/10/1997,324.1,324.5,323.2,324.1,14134
09/11/1997,324.4,329,323.2,326.6,55069
09/12/1997,326.5,327.2,325,326.2,32032
09/15/1997,326.2,326.2,323.4,324.7,36261
09/16/1997,324.7,324.7,321,322.8,40450
09/17/1997,324.2,324.2,321.6,322.2,14520
09/18/1997,322.2,323.7,322.1,322.7,17019
09/19/1997,323,325.2,322.5,323,24495
09/22/1997,323.1,323.6,322.2,323.1,9596
09/23/1997,323,324.4,322.6,324.2,19194
09/24/1997,324.2,326.4,324,325.9,26002
09/25/1997,325.8,330.2,325.4,329.5,65610
09/26/1997,329.4,329.5,327.6,329,36005
09/29/1997,329,330.9,328.3,330.4,35214
09/30/1997,330.4,337.9,330,336.9,107120
10/01/1997,336.6,342.1,335.9,336.1,84690
10/02/1997,336,336.3,332.6,333.5,37474
10/03/1997,333.5,337.2,332.7,336.9,36520
10/06/1997,336.4,336.9,334.1,334.6,17306
10/07/1997,334.6,334.9,332.8,333.3,18752
10/08/1997,333.4,336,332.6,335.3,31287
10/09/1997,335.3,336.7,327,329.2,73239
10/10/1997,329.3,331.8,328.4,331.2,31220
10/13/1997,330.9,332.2,329.6,329.8,10427
10/14/1997,329.8,330,328.5,329.3,15265
10/15/1997,329.1,329.7,326,328.1,35331
10/16/1997,328.2,329.1,326,326.8,32293
10/17/1997,326.8,327.7,324.5,326.2,33410
10/20/1997,325.8,326.1,324.5,324.8,21461
10/21/1997,324.7,325.5,323.8,323.9,19494
10/22/1997,323.9,325,323.1,323.6,27626
10/23/1997,323.6,326,323.4,324.7,32979
10/24/1997,324.5,325,308.3,308.6,129578
10/27/1997,309.6,313.5,308,312.3,48627
10/28/1997,312.4,317.1,309.7,316.5,42238
10/29/1997,316.6,317.3,312.7,314.4,40825
10/30/1997,314.4,319.3,313.4,317.2,51281
10/31/1997,316.6,317.9,310.8,312.1,31553
11/03/1997,312.1,315.5,311.8,314.4,29330
11/04/1997,313.5,316.9,313.1,314.8,22032
11/05/1997,314.6,316.1,314,314.5,17761
11/06/1997,314.5,314.5,311.8,313.2,24152
11/07/1997,313.2,314.9,308.6,311.2,40924
11/10/1997,310.6,312,309.6,311.1,19444
11/11/1997,311.1,315.7,310.5,310.6,38936
11/12/1997,310.6,311.4,308,308.4,31279
11/13/1997,308.3,309.6,307.9,308.8,23789
11/14/1997,309.3,309.6,300,304.3,54935
11/17/1997,309.3,309.3,303.2,304.7,20399
11/18/1997,304.3,308,303.9,307.6,35176
11/19/1997,307.5,308.2,304.4,305,52818
11/20/1997,305,305,303.5,303.8,24831
11/21/1997,303.9,306.7,303.8,305.9,40041
11/24/1997,305.6,307.1,303.4,303.9,40753
11/25/1997,303.9,304.3,300,300.5,37007
11/26/1997,302.2,302.5,297,298.6,30171
12/01/1997,298.5,299.1,294.8,295.7,25079
12/02/1997,295.5,297.7,294.8,295.9,20555
12/03/1997,295.9,296.3,292.4,294.5,29034
12/04/1997,294.5,294.5,288.2,288.5,30303
12/05/1997,288.4,291.7,288.2,290.5,22477
12/08/1997,290.5,291.5,289.4,290,12726
12/09/1997,290.2,290.2,283.3,284.9,40971
12/10/1997,285,290.7,284.4,288.6,47533
12/11/1997,288.9,290.3,285.6,286,18045
12/12/1997,286.3,286.5,284,284.8,18844
12/15/1997,284.7,288.4,284.5,286.4,23861
12/16/1997,286.6,287.8,285.1,285.4,32005
12/17/1997,285.5,291.7,285.5,291.1,26705
12/18/1997,291,292.9,287.6,289.2,43206
12/19/1997,289,291.6,288,291.1,19759
12/22/1997,291,293.7,291,292.7,14607
12/23/1997,292.7,296.2,292.7,295.5,26973
12/24/1997,296,298.5,295.5,297.9,13097
12/26/1997,297.5,297.8,295.8,296.2,6029
12/29/1997,296.2,296.2,291.5,292.5,30257
12/30/1997,292.3,292.6,290.4,291.6,15567
12/31/1997,291.7,291.9,288.2,289.9,15567
01/02/1998,289.2,289.9,288.6,289.4,6489
01/05/1998,289.3,289.9,281.8,282.7,54246
01/06/1998,282.5,285.5,281.5,282.3,33455
01/07/1998,282.2,284.8,281.6,284.7,31431
01/08/1998,284.8,284.9,279,281.8,49284
01/09/1998,281.7,283.3,279,279.1,33277
01/12/1998,280.4,280.4,278.3,278.9,26782
01/13/1998,278.9,284.2,277.5,283.8,46032
01/14/1998,283.8,287.3,282,282.4,37646
01/15/1998,282.5,287.3,281.9,286.4,35066
01/16/1998,286.8,296.6,286.5,291.1,61207
01/20/1998,288.1,293.5,287.2,291.3,29410
01/21/1998,291.3,294.3,290.4,293.3,26796
01/22/1998,293.4,296.3,290.4,291.3,46682
01/23/1998,291.4,301,290.3,300.3,46682
01/26/1998,300.3,306,296.7,297.1,63756
01/27/1998,297.5,301,297.5,300.7,33280
01/28/1998,301.5,306,297,306,39097
01/29/1998,308,309,304.1,304.9,46414
01/30/1998,304.9,307.4,302,304.6,37551
02/02/1998,304.6,306,303.2,305,14572
02/03/1998,305,305.8,296,297.2,50828
02/04/1998,297.2,302.5,296.5,301.2,28316
02/05/1998,301.2,310,297.5,300.7,39799
02/06/1998,300.3,304,299.5,300,19882
02/09/1998,300.3,303.5,300.3,301.6,15206
02/10/1998,301.6,303.5,300.9,302.3,148
02/11/1998,302.5,303.2,299.8,301.8,30344
02/12/1998,302.2,302.7,299,300.4,18500
02/13/1998,300.8,301.7,299.5,301.6,18954
02/17/1998,300.5,302.3,298.6,299.5,30519
02/18/1998,299.9,300.4,298.4,299.1,16048
02/19/1998,299.1,300.6,299,300.4,14303
02/20/1998,300.3,300.7,297.8,298.7,22164
02/23/1998,298.2,298.2,293.5,294.7,33698
02/24/1998,294.1,295,291.8,292.7,21559
02/25/1998,292.7,294.2,292.4,293.1,16689
02/26/1998,292.5,295.6,292.3,295.4,19052
02/27/1998,295.6,301.2,295,300.1,46673
03/02/1998,300,301.5,298.7,300.5,20563
03/03/1998,300.5,300.6,297,298.5,22357
03/04/1998,298.5,298.8,295.8,296.8,20883
03/05/1998,296.9,297.5,293.7,294.1,28007
03/06/1998,293.9,296.3,293.8,295.2,19295
03/09/1998,295,295.4,294.2,295,19295
03/10/1998,294.8,296.6,294.8,296.5,21695
03/11/1998,296.3,296.8,294.6,295.1,20639
03/12/1998,295,295.3,294.3,295.1,14068
03/13/1998,295.1,296.2,294.9,295.9,15400
03/16/1998,296.1,296.4,294.4,295.1,18048
03/17/1998,295.1,296,292,292.3,35865
03/18/1998,292.7,292.9,287.3,291.6,52004
03/19/1998,291.5,293.8,290.6,292.1,28346
03/20/1998,292,293.7,291.3,292.2,21585
03/23/1998,292.3,299.8,292.3,299.5,47982
03/24/1998,298.8,302.5,297.6,299.9,57866
03/25/1998,299.8,300.6,298,299.4,32504
03/26/1998,299.4,302.1,299,301.8,41522
03/27/1998,301.7,305,301.2,303.1,26499
03/30/1998,304.9,305.6,303.6,303.9,25868
03/31/1998,303.8,304.9,301.7,303.3,20119
04/01/1998,303.3,304.5,301.6,301.9,28002
04/02/1998,301.9,305.4,301.2,304.2,32603
04/03/1998,303.6,310.8,303.6,310.3,61838
04/06/1998,310.3,317,309.7,311.4,69795
04/07/1998,311.8,312.5,308.5,312,33586
04/08/1998,311.7,312.5,309.4,311.1,24646
04/09/1998,311.2,312,308.8,310.2,28960
04/13/1998,311.6,313.1,311.2,312.9,16881
04/14/1998,312.8,312.9,309.7,310,22675
04/15/1998,310,310.7,308.1,309,23014
04/16/1998,308.7,310.5,307.4,309.8,21629
04/17/1998,309.8,310.5,308.3,309.4,19537
04/20/1998,309.2,310.2,308.2,309.6,8771
04/21/1998,309.8,314.3,309,312.6,37013
04/22/1998,312.6,315.9,312,314.9,42955
04/23/1998,315,316.8,313.8,315.8,26372
04/24/1998,315.9,316.5,313.5,314.2,14907
04/27/1998,313.8,314.4,310.5,311.2,31852
04/28/1998,311,311.3,308,309.4,32139
04/29/1998,309.3,312.8,308.6,311.6,29616
04/30/1998,311.4,313.3,306.5,307.9,43184
05/01/1998,308,308.5,302.5,303.6,47253
05/04/1998,304.2,306.9,304.1,305.4,23502
05/05/1998,305.5,306.4,303.7,304.6,22567
05/06/1998,304.3,304.9,300.7,301.6,42794
05/07/1998,302,302,297.8,299.6,60537
05/08/1998,299.5,301.9,299.3,300.7,19457
05/11/1998,300.4,302.1,299.1,301.2,24517
05/12/1998,301.8,301.9,297.9,298.9,40185
05/13/1998,298.9,300.7,296.1,299.2,34994
05/14/1998,299.5,299.9,295.9,299.7,39876
05/15/1998,299.7,304.4,299.5,301.9,31263
05/18/1998,301.9,302,299.3,300.2,28360
05/19/1998,300,301,299,299.3,17098
05/20/1998,299.4,301.5,298.1,299.9,29918
05/21/1998,299.9,301.6,299.8,301.1,19830
05/22/1998,301.3,301.9,299.4,300,19468
05/26/1998,299.5,299.7,294.8,295.6,49010
05/27/1998,295.2,295.4,290.6,293.7,35566
05/28/1998,296,297,295.3,295.6,40755
05/29/1998,295.6,296.7,294.3,295.1,27100
06/01/1998,295.4,295.5,290.4,290.6,36911
06/02/1998,290.2,294.3,289.2,293.2,35053
06/03/1998,293.4,296.2,292.3,295.3,30359
06/04/1998,295,295.8,293.6,295.6,16753
06/05/1998,295.5,296,292.3,293.6,24808
06/08/1998,293.2,298.8,291.4,298.4,42250
06/09/1998,298.2,301,294.4,295.5,62696
06/10/1998,295.7,297.1,290.8,295.1,27975
06/11/1998,294.8,296.1,288.5,288.7,47020
06/12/1998,288.7,290.7,286.3,287.3,40232
06/15/1998,287.4,288.2,285.7,286.6,18832
06/16/1998,286.3,290.2,285.6,290,23699
06/17/1998,290,295.6,289.3,294.9,44390
06/18/1998,294.7,297.3,292.5,294.6,33249
06/19/1998,294.3,301.6,293.8,300.8,50721
06/22/1998,298,299,295.4,297.1,20022
06/23/1998,297.1,297.7,295.4,296.4,14605
06/24/1998,296.5,296.9,293.4,294.2,21230
06/25/1998,294.3,296.7,293.6,295.1,19572
06/26/1998,295.1,296,293.5,295,21369
06/29/1998,295,295.6,293.7,294.9,8418
06/30/1998,294.9,299.4,294.7,298.1,28885
07/01/1998,297.8,299.7,296.2,297.4,23577
07/02/1998,297.4,297.7,294.4,295,17975
07/06/1998,295.3,295.5,293.5,294.3,10415
07/07/1998,294.7,296.5,294.3,295.9,20300
07/08/1998,295.8,297,292.2,294.2,34222
07/09/1998,294.2,294.5,291.7,292.5,22895
07/10/1998,292.7,292.7,290.8,291.6,15273
07/13/1998,290.8,293.3,289.7,292.4,20073
07/14/1998,292.2,295.3,292.2,294,25346
07/15/1998,294.1,295,293.1,294.5,18598
07/16/1998,294.5,296.1,293,294,29048
07/17/1998,294.2,295.3,293.5,295.1,10979
07/20/1998,295.5,296.9,294.9,296.7,21406
07/21/1998,296.9,297,295.3,295.5,16814
07/22/1998,295.5,295.9,294.5,294.6,20581
07/23/1998,294.4,295.1,292.9,293.7,23588
07/24/1998,294,295.3,290.5,291.2,43898
07/27/1998,291.4,291.4,289.6,290.2,24645
07/28/1998,289.8,291.9,289.7,291.7,33013
07/29/1998,291.7,292.2,289.1,289.9,38922
07/30/1998,294.3,295.4,293.1,293.2,33295
07/31/1998,293.1,293.9,290.1,290.5,29699
08/03/1998,291,291.1,287.5,287.9,39440
08/04/1998,287.6,293.5,286.8,292.5,42719
08/05/1998,293.2,294.8,291.1,291.8,22666
08/06/1998,291.6,292.5,290.4,291.4,16966
08/07/1998,291.5,291.6,289.4,290.5,14740
08/10/1998,290.5,291.4,289.1,291.3,22066
08/11/1998,291.4,291.8,287.3,288,27494
08/12/1998,287.7,290.2,286.2,286.8,36199
08/13/1998,286.9,289.8,286.2,289.3,28900
08/14/1998,289.3,289.5,287.2,287.9,28900
08/17/1998,287.7,289.8,286.7,289.1,22325
08/18/1998,289.1,289.5,288.2,289,17110
08/19/1998,289.2,290.9,286.9,287.1,37681
08/20/1998,287.5,290,287,289,32760
08/21/1998,289.6,289.8,287.4,288.7,29223
08/24/1998,289,289.1,288,288.5,10883
08/25/1998,288.5,288.7,286,286.9,33397
08/26/1998,287,289,284.9,285.9,46100
08/27/1998,285.7,285.8,280,280.1,60115
08/28/1998,279.9,281.9,273.8,277.9,41318
08/31/1998,278.5,280.5,277.3,278.9,19524
09/01/1998,279.3,283,279.3,282.2,31424
09/02/1998,282,284.5,281.9,283.4,18354
09/03/1998,283.4,290.5,281.7,288.3,62318
09/04/1998,288.2,290.8,287.5,290.1,32424
09/08/1998,291.5,291.7,288.2,289.2,22835
09/09/1998,289.1,290.4,286.3,287.4,25864
09/10/1998,287.3,295.2,287.3,293.8,80864
09/11/1998,293.5,300.2,293.2,296.8,81301
09/14/1998,296.3,296.3,292.1,293.4,21207
09/15/1998,293.4,295.7,292,293,23808
09/16/1998,292.7,292.9,290.2,290.6,28960
09/17/1998,290.6,294.6,289.6,293.9,28960
09/18/1998,294.2,296,292.2,294.2,25625
09/21/1998,294.2,296.5,290.4,291.6,31436
09/22/1998,291.6,292.6,290.4,290.5,19482
09/23/1998,290.6,292.7,290,292.5,20657
09/24/1998,292.9,297.4,292.2,296.4,49363
09/25/1998,296.7,302.2,295.8,296.2,57924
09/28/1998,295.7,298.4,294,298,31472
09/29/1998,298,299.5,295.5,296.9,33126
09/30/1998,296.5,299.9,295.4,299,38128
10/01/1998,299.1,303.4,298.1,302.1,69887
10/02/1998,302.3,305.6,301.1,302.8,73536
10/05/1998,302.9,302.9,297.8,299,41323
10/06/1998,299.3,299.3,296.1,298.3,26184
10/07/1998,298.1,303.2,298.1,302.9,36065
10/08/1998,303.5,306.9,301.3,302,62123
10/09/1998,301.6,303.9,298.4,298.5,31574
10/12/1998,299,300.1,296.6,298.2,20123
10/13/1998,298.6,299,297.3,298.5,25523
10/14/1998,298.2,298.9,296.6,297.8,22832
10/15/1998,298.1,300.9,297.7,299.2,30679
10/16/1998,300.8,302.7,299,301.7,38726
10/19/1998,301.3,302,297.7,297.8,19558
10/20/1998,297.8,298.4,296.2,297.8,30930
10/21/1998,298,298.6,296.5,296.8,23410
10/22/1998,296.7,296.9,292.9,293.6,41144
10/23/1998,293.8,295,293.2,294.2,16568
10/26/1998,294,294.2,292,293.6,17609
10/27/1998,293.8,294.9,293.4,294.8,17538
10/28/1998,294.6,296,293.6,294.4,16909
10/29/1998,294.6,295.7,294,294.8,18070
10/30/1998,294.5,295.3,292.9,293.7,26125
11/02/1998,294,294.5,290.8,290.9,31398
11/03/1998,291.1,291.7,288.7,289.7,52225
11/04/1998,290.2,292.7,290,291.8,32772
11/05/1998,292,296,291.4,294.8,37931
11/06/1998,294.8,295.5,292.9,294,30806
11/09/1998,293.9,293.9,293,293.4,11349
11/10/1998,293.9,294.9,292.6,294.2,21154
11/11/1998,293.9,295.3,293.4,293.7,18286
11/12/1998,293.8,298.2,293.6,297.5,45830
11/13/1998,297.5,298.4,295.8,296.5,25406
11/16/1998,296.1,296.5,295.1,295.6,14818
11/17/1998,295.7,295.7,294.3,294.9,14866
11/18/1998,295,299.1,294.7,298.2,40440
11/19/1998,298.1,298.9,296,296.1,34143
11/20/1998,296.3,297.4,295.6,296.4,17747
11/23/1998,296.6,297.2,295.7,297.1,23146
11/24/1998,296.6,297.3,296.1,296.4,23146
11/25/1998,296.4,297,295.5,296.5,20948
11/30/1998,298.8,298.8,294,295.1,47496
12/01/1998,295,296.7,294.8,295.9,17129
12/02/1998,295.9,296.7,294.9,295.2,18962
12/03/1998,295.5,295.5,293.3,293.7,22130
12/04/1998,293.8,294.8,293.6,294.3,14090
12/07/1998,293.8,299.5,293.8,296.8,39721
12/08/1998,296.9,296.9,294.8,295.5,17405
12/09/1998,295.5,296.9,294.5,295.8,13189
12/10/1998,295.9,297.4,295.7,295.9,18117
12/11/1998,296.2,297.1,291.2,292.6,51509
12/14/1998,293.3,293.8,291.9,292.8,11676
12/15/1998,292.9,294.9,292.9,294.3,13010
12/16/1998,294.3,296.6,294.3,296.5,34931
12/17/1998,296.8,297.4,292.3,292.9,29177
12/18/1998,293.2,293.9,289.8,290.4,37391
12/21/1998,290.8,291.6,289.5,290.2,18388
12/22/1998,290.7,290.7,288.1,289,31324
12/23/1998,288.4,289.3,286.5,288,25746
12/24/1998,287.8,288.7,286.9,287.5,5344
12/28/1998,287.6,288.2,287,287.8,7518
12/29/1998,287.7,289.1,287,287.1,16473
12/30/1998,287.1,289.1,287.1,288.1,13882
12/31/1998,288.1,289.5,287.9,289.2,9017
01/04/1999,289.6,290,287.3,288.3,25884
01/05/1999,288.3,288.6,287,287.8,24740
01/06/1999,287.8,288.9,287.4,288.5,26610
01/07/1999,288.4,292.8,288.4,292.4,38607
01/08/1999,292.5,293.3,291.2,292,34659
01/11/1999,292.3,294.3,291.6,293.6,33158
01/12/1999,293.9,293.9,288,289.3,48925
01/13/1999,289.3,289.7,285,287,53194
01/14/1999,287.1,287.6,285.8,287.4,15942
01/15/1999,287.3,287.6,285.9,287.4,9308
01/19/1999,287,288,286,286.8,21358
01/20/1999,287,287.7,285.8,287.5,20451
01/21/1999,287.7,289,287.3,288,25777
01/22/1999,288,288.2,286.2,286.7,25758
01/25/1999,286.5,288.7,286.3,288,44830
01/26/1999,288,288.1,285.9,286.3,48233
01/27/1999,286.3,286.5,282.5,283.4,48022
01/28/1999,283.4,285.8,282.1,284.8,20890
01/29/1999,284.7,287.7,284.7,286.3,5646
02/01/1999,290,290,286.7,289.2,927
02/02/1999,289,290.8,288.7,289.3,1515
02/03/1999,289.3,289.3,287,288,148
02/04/1999,288,291,287.8,290.2,554
02/05/1999,290.5,291.7,289.1,289.6,123
02/08/1999,289.5,290.7,289.5,290.4,439
02/09/1999,288.1,289,287.9,288.4,27
02/10/1999,288.7,289.8,288,288,146
02/11/1999,288.6,288.6,288,288.6,423
02/12/1999,290,290.8,289.8,290.5,117
02/16/1999,289,289,285.6,286.9,75
02/17/1999,287,287.1,285.9,285.9,59
02/18/1999,286.2,287.5,286.2,287.1,15
02/19/1999,287.3,290,287.3,289.5,261
02/22/1999,289.5,291.5,288.8,289,21
02/23/1999,292.2,292.5,289,289.7,82
02/24/1999,286,291.5,285.5,289.2,0
03/30/1999,282.5,282.5,281.1,281.3,21772
03/31/1999,282.5,282.8,280.6,281.9,24221
04/01/1999,281.9,283,281.7,282,12745
04/05/1999,281.8,282,279.1,280.3,22157
04/06/1999,280,282.8,280,281.8,28857
04/07/1999,282.3,282.6,281.6,282.3,11671
04/08/1999,282,283.5,281.3,282.7,20746
04/09/1999,282.4,284.1,281.3,283.4,21098
04/12/1999,283.6,286.2,283.6,284.5,31959
04/13/1999,284.1,286,284,285.6,31959
04/14/1999,285.5,286.1,282.4,283.2,28398
04/15/1999,283.1,285.9,283.1,285.3,26715
04/16/1999,285.5,286.7,285.2,285.6,27166
04/19/1999,285.5,286.5,284.6,286.3,15556
04/20/1999,286.4,287,285.6,285.9,19279
04/21/1999,286.4,286.4,284.6,285.5,18005
04/22/1999,285.4,285.4,284.3,285.2,15331
04/23/1999,285.2,285.7,284.3,284.9,12619
04/26/1999,285.3,285.3,281.7,282.6,36130
04/27/1999,283.9,283.9,281.6,283.5,20641
04/28/1999,283.5,284.9,283.2,284.1,18828
04/29/1999,284,287.9,284,287.3,62622
04/30/1999,287.4,289,286.8,287.8,49350
05/03/1999,287.4,288.2,287,287.6,9163
05/04/1999,287.6,287.8,286.2,286.9,14995
05/05/1999,287.1,289.2,286.5,288.5,40308
05/06/1999,288.4,291.2,288.1,290.7,48284
05/07/1999,290.7,290.9,280.3,283.7,86233
05/10/1999,282.9,283.4,276.5,278.4,86233
05/11/1999,278.4,280.4,278.1,278.8,39444
05/12/1999,278.8,279.6,277,277.8,34773
05/13/1999,277.7,279.6,277.6,278.1,22812
05/14/1999,278.3,278.9,275.8,276.2,33965
05/17/1999,276.2,277.3,274,274.8,46805
05/18/1999,274.8,275.9,273.9,274.2,31377
05/19/1999,274.4,274.5,272.4,273.5,23721
05/20/1999,273.5,275.5,273.5,274.7,27120
05/21/1999,274.7,275.5,272.5,273.3,38162
05/24/1999,273.2,274.2,271.7,272.9,28094
05/25/1999,272.8,273.7,269.6,270.8,71094
05/26/1999,270.7,271.4,269.2,269.5,53575
05/27/1999,271.1,272.6,269.4,272.2,46946
05/28/1999,272.3,273.8,270.4,272,16713
06/01/1999,271.5,272,267,269.5,21196
06/02/1999,268.6,269.8,267,267.1,25827
06/03/1999,267.1,268.6,265.2,267.6,26844
06/04/1999,267.6,268.7,265.8,267.2,26844
06/07/1999,267,269,266.2,267.2,14533
06/08/1999,267.1,267.2,262.8,263.8,36492
06/09/1999,263.9,264.6,259.2,261.1,47790
06/10/1999,261,262.4,258.5,260.1,37784
06/11/1999,260.1,262.7,259.5,262.3,27153
06/14/1999,261.6,263,260.2,262,23059
06/15/1999,261.9,262.3,260.6,261,16535
06/16/1999,260.7,260.8,259.7,259.9,12530
06/17/1999,259.9,260.9,259.7,260,16022
06/18/1999,259.9,264.8,259.4,260.9,22550
06/21/1999,261.3,261.3,260,260.3,6563
06/22/1999,260.3,261,259.2,259.9,17839
06/23/1999,260,262,259.3,261.8,22779
06/24/1999,261.9,262.8,261.5,262.4,21327
06/25/1999,262.2,262.8,260,260.8,16199
06/28/1999,260.8,262.6,260.6,262,21332
06/29/1999,262.2,263.5,261.7,262,28313
06/30/1999,262.1,263.8,261.6,263.6,28082
07/01/1999,263.5,264.7,263.2,264.4,32711
07/02/1999,264.4,264.7,263.9,264.6,14785
07/06/1999,263.6,263.6,256.5,257.8,69152
07/07/1999,257.8,259.6,256.5,258,40944
07/08/1999,259,259,256.9,257.7,23143
07/09/1999,257.7,259.9,257,258.1,22755
07/12/1999,257.8,258.1,256,256.5,24998
07/13/1999,256.5,257.3,254.6,256.7,31655
07/14/1999,256.7,257.1,254.4,255,17516
07/15/1999,255,255.3,253.7,254.8,22834
07/16/1999,255.1,257.3,254,254.5,21852
07/19/1999,254.6,255,253.7,253.9,19363
07/20/1999,254.1,254.5,253.2,254.1,31558
07/21/1999,254.3,257,253.3,256.3,43361
07/22/1999,256.5,258,254.3,256.7,53158
07/23/1999,256.3,256.7,255.3,255.4,38003
07/26/1999,256,256,253.8,254.7,23212
07/27/1999,254.7,255.5,254.1,254.5,51176
07/28/1999,255.4,255.4,254,254.5,36459
07/29/1999,257,260,256.4,259.7,68973
07/30/1999,259.7,260.1,257.9,258.8,24061
08/02/1999,258.8,258.8,256.6,257.8,19317
08/03/1999,257.9,259.6,257.5,258.5,39132
08/04/1999,258.3,260.8,257,258.6,44849
08/05/1999,259,259.8,257.5,258,24656
08/06/1999,258,258.8,257,258.6,24656
08/09/1999,258.5,260.1,258.1,259.3,23655
08/10/1999,259.3,260.2,258.7,259.8,13813
08/11/1999,260,262.8,259.3,261.5,52738
08/12/1999,261.5,263.5,261.5,263,31152
08/13/1999,263.2,263.9,263,263.2,22694
08/16/1999,263.5,263.5,260.8,262.7,21863
08/17/1999,262.3,264.3,261.5,264,32200
08/18/1999,264.4,264.7,261.4,262.2,29103
08/19/1999,262.4,262.6,259.8,261.2,21854
08/20/1999,261.3,261.5,259.5,259.6,29835
08/23/1999,259.6,259.9,256,256.2,62653
08/24/1999,256.4,256.9,254.6,254.7,35350
08/25/1999,254.7,255.6,253.8,254.2,27762
08/26/1999,254.4,255.8,253.9,254.6,21124
08/27/1999,255.2,256.8,254.8,255.5,18555
08/30/1999,255.5,256.6,255.2,255.8,7536
08/31/1999,256.2,258.2,255.8,257.3,25813
09/01/1999,257.5,257.8,255,255.6,17994
09/02/1999,255.8,257,255.3,256.7,23838
09/03/1999,256.8,257.4,254.8,255.5,23274
09/07/1999,255.6,257.9,255.6,257.3,33074
09/08/1999,257.3,257.8,256.7,257.7,16252
09/09/1999,257.7,258.9,257.3,258.6,26599
09/10/1999,258.6,258.9,257.2,257.9,15312
09/13/1999,258.1,258.5,257.2,257.8,18796
09/14/1999,257.9,258.3,257,258.2,23037
09/15/1999,258.4,258.7,256.9,257.3,20091
09/16/1999,257.4,257.6,256.2,257.4,12863
09/17/1999,257.2,257.4,255,255.9,25704
09/20/1999,255.5,256.5,255.3,255.8,11881
09/21/1999,255.9,262,255.4,261.8,78123
09/22/1999,261.5,266.4,261.5,265.5,74727
09/23/1999,265.2,267.8,263.4,267.3,65078
09/24/1999,267.4,272.5,266.4,269.8,80933
09/27/1999,269.8,287.8,269.6,283.8,91059
09/28/1999,283.6,310,284,310,173216
09/29/1999,311.1,322.4,297.1,302,88801
09/30/1999,302,309.9,295.1,299.5,43837
10/01/1999,299.1,311,297,305.3,41430
10/04/1999,305.6,319,305.6,318,47990
10/05/1999,318.5,339,318.5,326,97879
10/06/1999,326,329.9,315.2,326,69400
10/07/1999,326,329.8,317.1,324.3,31875
10/08/1999,324,326.5,317.5,321.7,32459
10/11/1999,321.5,322,317.5,320.3,18359
10/12/1999,320,325.3,317.8,318.2,29187
10/13/1999,318.5,325.3,316.9,321.8,34080
10/14/1999,322.1,324.9,312,314.2,47336
10/15/1999,314.2,318.5,314.2,316.4,30975
10/18/1999,317.2,319.2,311.1,311.7,31739
10/19/1999,311.9,312.6,306.2,309.5,33070
10/20/1999,309.5,312.2,306,307.3,23920
10/21/1999,307.3,307.9,302.2,305.5,36518
10/22/1999,305.6,306.4,302.1,303.3,23901
10/25/1999,303,303.9,299,300.5,25240
10/26/1999,300.5,300.5,289.6,290.4,58440
10/27/1999,290.4,295,287.6,294.2,36400
10/28/1999,294.8,303,294.8,300.4,33932
10/29/1999,300.6,302.8,298.2,300.3,26132
11/01/1999,299.7,299.7,288,291.5,38443
11/02/1999,291.5,294.4,289.7,292.4,20330
11/03/1999,292.9,294.5,291.7,293.3,15122
11/04/1999,293.2,294,291.7,293.7,10379
11/05/1999,293.7,294,288.5,291,23488
11/08/1999,291,291.3,288.1,291.1,21265
11/09/1999,291.3,293.3,291.3,293.1,17040
11/10/1999,293.3,299.8,292.3,299.1,17040
11/11/1999,299.1,300.4,294.3,294.9,24469
11/12/1999,294.8,295.5,291.9,292.1,23980
11/15/1999,292.1,293.6,290.1,292.5,18055
11/16/1999,292.3,296,292.3,295.3,17183
11/17/1999,295.3,297,294.5,295.7,19394
11/18/1999,295.3,295.3,294.2,295.1,18811
11/19/1999,295.5,296.4,293.8,295.7,14655
11/22/1999,295.4,296.6,294.8,295.6,26578
11/23/1999,295.5,299.2,295.4,298.7,39630
11/24/1999,298.6,300.4,297.3,299.4,32589
11/29/1999,297,297,289,290.6,23424
11/30/1999,291,292,289,290.1,3446
12/01/1999,290.8,291.5,287.5,288.9,1557
12/02/1999,290,290,283.2,284.7,1194
12/03/1999,285,285,280,280,266
12/06/1999,281,281,275,276.4,319
12/07/1999,280.7,284.5,279,283.7,281
12/08/1999,283.4,285,281.3,282.3,165
12/09/1999,281,281.2,277.5,278.4,81
12/10/1999,279,281.7,278.9,278.9,118
12/13/1999,279.5,280.1,278.6,280.1,294
12/14/1999,279.5,280.5,279.3,280,24
12/15/1999,281.5,282.6,281.5,282.6,18
12/16/1999,280.1,282,280.1,281.8,14
12/17/1999,283.4,283.4,283.4,283.4,23
12/20/1999,283.6,283.9,283.6,283.9,8
12/21/1999,283.5,287,282.4,286.9,59
12/22/1999,286.7,286.7,286.7,286.7,32
12/23/1999,286.7,287.5,285.3,286.7,79
12/27/1999,287,289,287,288,33
12/28/1999,291.3,291.3,290,290,0
01/04/2000,289.5,289.5,280,283.7,30697
01/05/2000,283.7,285,281,282.1,21621
01/06/2000,281.6,282.8,280.2,282.4,25448
01/07/2000,282.5,284.5,282,282.9,19055
01/10/2000,282.4,283.9,281.8,282.7,11266
01/11/2000,282.4,285.3,281.9,284.4,30603
01/12/2000,284.5,285,282.5,283.7,13500
01/13/2000,283.5,285.9,282.9,285.1,17841
01/14/2000,285.2,285.6,284,284.9,12171
01/18/2000,286.1,289.8,285.9,289.6,32339
01/19/2000,289.6,291,287.5,290.3,28615
01/20/2000,290.3,290.7,288.4,289.3,24097
01/21/2000,289,290.3,287.4,289.7,20707
01/24/2000,289.7,289.7,286.3,288.1,25726
01/25/2000,288,291.8,286.6,286.6,32140
01/26/2000,286.8,287.5,284.7,286.5,36122
01/27/2000,286.2,287.5,285.6,287.1,19633
01/28/2000,289.6,290.7,283,286,39718
01/31/2000,286,287.4,284.9,286.2,15193
02/01/2000,286,286.5,285,285.4,13450
02/02/2000,285.4,289.2,285.3,287.7,18559
02/03/2000,287.7,290.9,287,289.9,21679
02/04/2000,290.2,318.5,289.9,313,111565
02/07/2000,318,326.9,302,304.5,81002
02/08/2000,306,308,298.5,301.7,41222
02/09/2000,301.7,314,301.7,308.6,43956
02/10/2000,308.5,319,308.5,318.7,68353
02/11/2000,318.3,320.4,311,313.6,33896
02/14/2000,313.6,313.6,308.3,311,26794
02/15/2000,310.7,311.5,303.8,304.1,29195
02/16/2000,304.2,306,299.7,305,26789
02/17/2000,305.3,312.5,300,303.8,56335
02/18/2000,303.3,307.8,302,307.3,11809
02/22/2000,307.6,309.4,304.2,307.7,19378
02/23/2000,307.7,308.2,302.3,302.4,25886
02/24/2000,302.4,303.5,300.2,300.9,28337
02/25/2000,300.9,301.2,293.5,294.6,50881
02/28/2000,294.5,295.4,293.1,294.2,12399
02/29/2000,293.8,296.5,293.5,294.2,19656
03/01/2000,294.2,296.2,292.8,293.3,14909
03/02/2000,292.9,293.3,289.4,289.7,28152
03/03/2000,289.7,292.2,289.2,290.3,14362
03/06/2000,290.6,291.7,289.2,289.4,11764
03/07/2000,289.5,295.4,289.4,293.7,29350
03/08/2000,293.8,295,289.8,290.4,23098
03/09/2000,290,293,289.6,292.7,20155
03/10/2000,292.7,294,289.4,290,33677
03/13/2000,290,292.9,290,291.5,15867
03/14/2000,291.7,292.6,289.2,289.7,14104
03/15/2000,289.6,291,289.3,289.6,10300
03/16/2000,289.9,290.4,286.3,287,39830
03/17/2000,286.8,287,283.6,285,22018
03/20/2000,285,286.9,284.5,286.5,17900
03/21/2000,286.5,292,284.2,290.4,42694
03/22/2000,290.4,291.1,288.1,288.3,13804
03/23/2000,288.4,288.6,283.8,285.4,36661
03/24/2000,285.6,286.1,284.6,285.1,12053
03/27/2000,285.4,285.4,280.2,280.5,51450
03/28/2000,280.8,281.8,279.4,279.5,22148
03/29/2000,279.5,280.2,274.8,275.9,17775
03/30/2000,279,280.2,277.9,279.1,51714
03/31/2000,279.6,283,277.5,281.4,29784
04/03/2000,281.5,282,279.7,280.4,31833
04/04/2000,280.7,291.5,278.4,286.6,12345
04/05/2000,286.7,287.1,283.2,283.8,44068
04/06/2000,283.8,284.3,281.3,282.7,21139
04/07/2000,283,283.6,281.9,282.5,13216
04/10/2000,281.8,285,281.5,284,7865
04/11/2000,284.3,286,283.1,283.7,6784
04/12/2000,283.5,285.7,281.5,283.5,17914
04/13/2000,283.5,284.8,282,283.2,19820
04/14/2000,283.4,288.5,282.5,284.6,11969
04/17/2000,285.1,287.5,282.8,284.2,30672
04/18/2000,284,284.8,282.4,283,17842
04/19/2000,283,283.9,282,282.5,15410
04/20/2000,282.4,283,280.5,281.5,11574
04/24/2000,281.5,282.9,280.9,281.2,13093
04/25/2000,281,282,279.5,279.8,7764
04/26/2000,280,280.1,276.4,277.1,13617
04/27/2000,277.3,279.1,276.8,278.4,27418
04/28/2000,278.2,279,274,274.7,15077
05/01/2000,274.8,276.1,273.6,274.8,25399
05/02/2000,275.1,277.9,274.7,277,16303
05/03/2000,277.2,279.4,276.6,279.1,16038
05/04/2000,280,284,278.1,281.2,22230
05/05/2000,282,283.8,278.5,280.1,34630
05/08/2000,279.8,279.8,277.3,277.6,30215
05/09/2000,278,278.9,276.7,278.2,15420
05/10/2000,278.4,280,277.9,278.7,18476
05/11/2000,278.7,279.3,276.1,276.5,14291
05/12/2000,276.8,277.9,276.5,276.9,23254
05/15/2000,277.2,277.8,274.8,276.4,10326
05/16/2000,276.8,278,275.7,276.2,19334
05/17/2000,276.1,276.2,272.7,273.8,15838
05/18/2000,273.8,274.8,272.1,273.7,18760
05/19/2000,274.4,274.9,273.3,274.6,18760
05/22/2000,274.3,277.5,274,276.2,20592
05/23/2000,276.2,277.2,273.8,274.7,30181
05/24/2000,275,275,273.2,273.8,23831
05/25/2000,273.8,275,269.5,270.7,15927
05/26/2000,270.8,273.3,270.1,272.2,56143
05/30/2000,275.1,277.2,275,275.5,28747
05/31/2000,275.1,275.9,274.5,274.8,11812
06/01/2000,275.4,276.4,274.8,275.4,12632
06/02/2000,275.5,285.9,275.3,284.2,65969
06/05/2000,283.8,289.1,283.2,288.2,33366
06/06/2000,287,294.5,286.6,291.8,39835
06/07/2000,292,292.2,286.9,290,33066
06/08/2000,290,290.2,286.3,286.8,34158
06/09/2000,287.2,289.3,286.1,286.4,18789
06/12/2000,286.4,289.2,285.6,289.1,17145
06/13/2000,289.3,296.5,286.8,288.1,44398
06/14/2000,288.7,294.5,288.1,294.2,30656
06/15/2000,294,295.3,289,292.1,23971
06/16/2000,291.5,294.4,290.6,291.2,24105
06/19/2000,291.5,291.5,287.5,288,14493
06/20/2000,288.2,289.7,287,288.1,13545
06/21/2000,288,289.6,287.5,288.1,11995
06/22/2000,288.2,291.1,286.5,287.2,29171
06/23/2000,287.3,288,284,284.8,24722
06/26/2000,284.8,286.5,283.6,285.5,12557
06/27/2000,285.8,287.6,284.8,287.5,14746
06/28/2000,287.7,294.8,287.4,294.3,39725
06/29/2000,294.3,294.3,289.4,290.7,23137
06/30/2000,290.5,291.7,289.1,291.5,16279
07/05/2000,289.7,289.7,285.1,285.3,25522
07/06/2000,285.3,287,283.4,284.6,22407
07/07/2000,284.5,285.7,282.6,284.6,15437
07/10/2000,284.7,286.4,284.3,284.9,14496
07/11/2000,284.6,285.2,283,283.3,17938
07/12/2000,283.3,284.5,280.6,281.4,22032
07/13/2000,281.7,282.8,280.7,280.9,15388
07/14/2000,281,282,280.6,281.9,15388
07/17/2000,281.7,284.8,281.7,284.2,23279
07/18/2000,284,284.6,282.6,283.1,17138
07/19/2000,283.1,283.2,278,279.6,26952
07/20/2000,279.8,281.5,4,280.4,19905
07/21/2000,280.5,281.7,279.2,280.6,13556
07/24/2000,280.6,280.6,279.2,279.3,15240
07/25/2000,279.8,281.7,4,279.3,26047
07/26/2000,279.2,280.5,4,279.7,22570
07/27/2000,279.6,280.6,277.7,278.6,29016
07/28/2000,284.8,285.2,283.7,284.2,25335
07/31/2000,284.2,284.5,282.4,283.2,17568
08/01/2000,283.2,284.4,4,283.2,8947
08/02/2000,283,285,282.4,282.8,16876
08/03/2000,283,283.9,278.4,279.5,32643
08/04/2000,279.5,280.5,277.8,278.6,21323
08/07/2000,278.7,279.6,4,279.1,6557
08/08/2000,279,279.8,277.2,278.7,16787
08/09/2000,279,279,276.5,277.3,15243
08/10/2000,277.5,278.5,276.9,277.6,12203
08/11/2000,278.2,280.5,277.7,280.3,14939
08/14/2000,279.8,281.6,279.1,279.6,11120
08/15/2000,279.9,280.3,278.7,279.6,8319
08/16/2000,279.8,282.8,279.7,282.3,22411
08/17/2000,282.4,283.9,281.6,282.6,16032
08/18/2000,283,283,280.3,281.7,11106
08/21/2000,281.5,281.7,279.2,280,6072
08/22/2000,280,280.2,277.9,278.3,11525
08/23/2000,278.7,278.8,275.3,275.7,21617
08/24/2000,275.7,277.8,275.7,277.5,12140
08/25/2000,277.9,279.3,276.9,278.6,12396
08/28/2000,278.9,279,277.7,278.5,6342
08/29/2000,278.6,279.5,276.7,277.5,16951
08/30/2000,277.7,278.4,276.9,278.2,7963
08/31/2000,278.5,282.7,278.4,282.1,34241
09/01/2000,281.9,282.1,280.7,280.9,8764
09/05/2000,281,281.3,278.9,279.7,13478
09/06/2000,279.5,280,277.5,277.9,17485
09/07/2000,278.2,278.6,276.3,277.7,17260
09/08/2000,278,278.4,275.1,276.8,24340
09/11/2000,276.8,277.3,275.9,276.8,13640
09/12/2000,277,279.5,276.4,276.6,24455
09/13/2000,276.5,277.4,275.9,276.5,11101
09/14/2000,276.7,278.1,275.5,276,15630
09/15/2000,275.8,276.9,274.3,275.8,16426
09/18/2000,276,278,274.7,274.9,17196
09/19/2000,275.3,276.3,274,275.4,12053
09/20/2000,275.4,275.8,272.3,272.5,23559
09/21/2000,272.7,274.2,271.7,273.5,13480
09/22/2000,273.9,279.2,273.5,275.1,30053
09/25/2000,275.2,277.4,275.2,277.3,13097
09/26/2000,277.4,278.7,276.8,277.3,19561
09/27/2000,277.4,282.5,277.1,281.6,42430
09/28/2000,281.7,282.2,278.2,278.9,28259
09/29/2000,278.8,279,275.5,276.9,22090
10/02/2000,277.3,277.6,275.6,276.3,11620
10/03/2000,276.1,276.2,274.5,274.8,10992
10/04/2000,275,275.3,272.8,273.2,15465
10/05/2000,273.5,274.7,272.3,273.4,16472
10/06/2000,273.8,273.9,271.6,272.1,15880
10/09/2000,272,273.2,272,272.9,8482
10/10/2000,273.3,275.8,271.2,275.1,23979
10/11/2000,275.3,277.5,272.8,273,23630
10/12/2000,273.4,279.3,272.8,278.8,38963
10/13/2000,278.9,279.9,273.8,274.8,31284
10/16/2000,274.6,274.8,273.4,273.9,11687
10/17/2000,273.8,274.3,271.4,273.4,17153
10/18/2000,273.4,276.1,271.8,272.6,28214
10/19/2000,272.5,273,272.1,272.3,8660
10/20/2000,272.6,273.8,272.1,273.3,8586
10/23/2000,273.3,274,271.8,272,11861
10/24/2000,272.2,272.8,271.6,272.1,12384
10/25/2000,272.5,272.6,267.7,267.9,30655
10/26/2000,268.2,268.9,265.8,266.6,19885
10/27/2000,266.5,267.9,263.5,265.9,30521
10/30/2000,266,267.8,265.7,265.8,8576
10/31/2000,265.7,267.1,265,266.4,15283
11/01/2000,266.5,267.8,264.6,265.4,20795
11/02/2000,265.5,268.2,264.9,265.9,15188
11/03/2000,266,268.1,265.1,266.1,15628
11/06/2000,266.1,267.4,265.6,266,16121
11/07/2000,266.4,268,264.5,265.4,20019
11/08/2000,265.5,266.8,264.8,266.1,11016
11/09/2000,266.4,267.6,265,266.9,18035
11/10/2000,267,267.2,265.1,265.5,12745
11/13/2000,265.5,266.8,264.9,265.3,17698
11/14/2000,265.3,266.2,264.9,265.4,9976
11/15/2000,265.5,266.6,265.2,265.6,8022
11/16/2000,265.7,269.2,265.3,266.3,36130
11/17/2000,266.6,267.5,265.6,266.2,16023
11/20/2000,266.5,267.4,266.3,266.8,11728
11/21/2000,267,267.6,265.9,266.1,27608
11/22/2000,266.2,267.7,4,266.7,0
11/27/2000,266.6,271,266,270.3,59195
11/28/2000,270.7,271.2,268.8,269.8,37180
11/29/2000,272.5,272.9,269.5,269.6,38467
11/30/2000,269.8,273.5,4,273.3,305053
12/01/2000,273.2,275.4,271.6,271.9,23519
12/04/2000,272.5,275,4,273.8,15584
12/05/2000,274,274.7,272.6,273.3,12705
12/06/2000,273.3,277.5,4,277.3,35878
12/07/2000,277.2,278.5,275.4,276.1,19388
12/08/2000,276.5,276.5,274.7,275.1,12355
12/11/2000,275,275.5,272.3,273.1,20089
12/12/2000,273,273.9,272.5,273.2,10105
12/13/2000,273.5,273.6,270.3,271.2,20423
12/14/2000,271.3,272.4,270.6,271.5,15906
12/15/2000,271.5,273,4,272.9,12326
12/18/2000,272.9,272.9,271.7,272,7931
12/19/2000,271.9,272.3,4,272,10067
12/20/2000,272,275.7,4,274.7,26415
12/21/2000,275.3,276.7,274.2,275.7,21285
12/22/2000,275.8,276.4,275,275.5,6965
12/26/2000,275.7,276.5,275.6,275.9,4874
12/27/2000,275.5,277.5,4,276.9,15525
12/28/2000,277,277.2,272.6,273.7,23759
12/29/2000,273.3,274.4,272.3,273.6,10413
01/02/2001,273.8,275,269,270,41621
01/03/2001,270,271,267.6,269.3,37296
01/04/2001,269.8,269.8,267.8,268.4,22279
01/05/2001,268.5,269.7,267.5,269,27336
01/08/2001,269.2,270.3,268.6,269,9827
01/09/2001,269,269.3,267.7,268.5,10861
01/10/2001,268.4,268.4,265.5,265.6,24349
01/11/2001,265.6,266.3,263.9,264.8,25568
01/12/2001,264.5,265.3,264,264.6,13991
01/16/2001,264.6,266.1,263.4,263.9,24176
01/17/2001,264,264.5,263,263.8,23880
01/18/2001,264.3,265.9,263.7,264.8,17302
01/19/2001,265,266.8,264.5,264.9,14887
01/22/2001,265.5,268.6,265.5,267,32796
01/23/2001,267,269.1,265.5,266.7,23491
01/24/2001,266.3,266.9,263.9,264.6,35559
01/25/2001,264.8,265.3,263.2,264.8,18694
01/26/2001,264.7,265.2,262,262.9,40364
01/29/2001,262.9,263.6,262.2,262.8,21050
01/30/2001,265.2,269,265.1,268,33196
01/31/2001,268.3,268.5,266.2,268,20541
02/01/2001,267.8,270.8,267.8,270.7,28511
02/02/2001,270.9,270.9,268.5,269.3,13830
02/05/2001,269.2,269.5,266.7,267.4,10833
02/06/2001,267.3,267.4,263.8,265.4,27755
02/07/2001,265.5,266.1,264.3,264.9,11711
02/08/2001,265.1,265.4,262.1,262.2,27397
02/09/2001,262.2,263,260.7,262,22485
02/12/2001,262.7,263.4,261.9,262.7,8861
02/13/2001,263,263.2,261.5,262.2,13047
02/14/2001,262.2,262.5,261.1,261.2,11161
02/15/2001,261.7,261.8,256.3,256.9,29316
02/16/2001,257.1,260.5,255.1,259.8,32412
02/20/2001,260.5,260.8,257.3,257.6,14104
02/21/2001,257.3,260.3,257.2,259.4,18411
02/22/2001,259.6,261.7,258.4,259.8,21757
02/23/2001,259.9,262.7,259.3,262.1,21434
02/26/2001,262.1,267,261.3,266.8,37267
02/27/2001,267,269.7,266.5,268.4,42033
02/28/2001,268.3,268.4,265.1,267.8,36051
03/01/2001,267.7,268.6,265.5,266.2,22316
03/02/2001,266,266,262.7,263.1,26187
03/05/2001,263.2,263.9,262.1,263.5,8532
03/06/2001,263.7,263.7,260.2,260.9,14713
03/07/2001,261.3,263,260.1,262.4,28596
03/08/2001,262.4,266.5,262.2,266.1,28681
03/09/2001,266.5,271.7,266.5,271.5,53477
03/12/2001,271.7,274.7,269,272.3,35128
03/13/2001,272.5,272.7,267.3,267.5,29970
03/14/2001,267.4,269,262.6,262.9,33656
03/15/2001,262.8,263.6,259.5,260.3,28762
03/16/2001,260,261.2,258,258.4,28762
03/19/2001,259,261.4,258.4,260.1,18256
03/20/2001,260.1,262.5,260.1,260.8,20193
03/21/2001,261.5,262.9,260.4,262.2,28580
03/22/2001,262.5,262.6,260.5,261.4,13614
03/23/2001,262.1,263.5,261.3,261.7,26039
03/26/2001,261.8,262.7,260.8,262.1,17858
03/27/2001,262,262.7,260.6,261.1,26314
03/28/2001,261.3,261.4,259.1,259.7,30152
03/29/2001,261.5,262.2,259.8,260.4,28985
03/30/2001,260.5,260.9,258.5,259.2,21126
04/02/2001,259.1,259.5,255.8,256.6,33078
04/03/2001,256.6,259.4,256.6,257.9,16126
04/04/2001,258.7,261.5,258,259.4,20371
04/05/2001,260.2,260.2,258.4,259.1,10369
04/06/2001,259.3,261.1,258.4,260.9,15363
04/09/2001,260.9,261.9,259,259.2,14792
04/10/2001,259.2,259.6,257.2,258.2,14792
04/11/2001,258.8,260.6,257.6,259.6,18556
04/12/2001,259.7,261.7,259.5,260.9,17122
04/16/2001,260.6,265,260.2,264.1,35166
04/17/2001,264.2,264.7,260.8,261.8,15509
04/18/2001,262,263.2,259.2,262,24261
04/19/2001,261.8,266.1,261.8,266,35516
04/20/2001,266.2,266.8,264.2,265.4,22693
04/23/2001,265.4,265.8,263.1,264.3,11839
04/24/2001,264.3,265.7,263.5,264.7,22270
04/25/2001,264.8,265,262.2,262.6,17506
04/26/2001,262.8,264.9,262.7,264.5,17490
04/27/2001,264.6,267.5,264.1,264.3,23770
04/30/2001,264.3,264.5,263.5,264.4,10999
05/01/2001,264.3,265,264.1,264.8,7098
05/02/2001,265,266,264.3,265.8,15903
05/03/2001,266,268,265.5,266.7,22531
05/04/2001,267.2,267.9,266.2,266.5,21822
05/07/2001,266.5,267,265.9,266.5,5286
05/08/2001,266.8,266.8,265.3,265.5,10628
05/09/2001,265.3,271,265,270.4,48200
05/10/2001,270.5,271.1,268.5,269.5,30850
05/11/2001,269.6,270.2,268.2,268.3,21094
05/14/2001,268.3,269.1,267.8,268.7,12217
05/15/2001,268.6,268.8,266.6,268.5,26093
05/16/2001,268.6,273.5,268.3,272.4,28668
05/17/2001,272.3,274.9,271.8,274,39248
05/18/2001,274,288.5,272.5,287.8,59358
05/21/2001,287.4,298.6,283.1,285.8,74582
05/22/2001,286.5,287.9,282.2,285.5,42375
05/23/2001,285.6,286,282.8,284,32894
05/24/2001,284.4,288.5,276,279.4,57303
05/25/2001,279.5,281.7,275.5,278.2,33317
05/29/2001,278.1,278.3,273.4,273.9,35767
05/30/2001,275.2,276.2,266,267.4,75361
05/31/2001,267.9,269.6,266.5,266.9,23493
06/01/2001,266.8,268.7,266.2,268,18171
06/04/2001,267.9,268.5,266.2,266.5,14692
06/05/2001,266.9,267.5,265.5,267.1,13999
06/06/2001,267.1,268.4,266.3,267,16362
06/07/2001,267,267.6,266.6,267.3,6579
06/08/2001,267.6,275.5,267.1,274.5,29036
06/11/2001,275,275.2,267.5,268.9,28482
06/12/2001,269,273.4,267.8,272.6,24210
06/13/2001,272,274.5,270.2,273.1,26231
06/14/2001,273.2,277.9,271.5,276.4,31760
06/15/2001,277.1,277.2,270.8,272.3,24515
06/18/2001,271.6,275.1,271.6,273.4,19125
06/19/2001,273.6,275.8,272.6,274.4,16348
06/20/2001,274.6,274.7,271.8,273.4,16178
06/21/2001,273.2,274.7,272.1,273.6,12845
06/22/2001,273.8,276.7,272.5,273.3,22094
06/25/2001,273.2,275.9,273.1,274.7,13032
06/26/2001,274.5,279.8,274,277,26437
06/27/2001,277,278,272.2,272.8,23385
06/28/2001,272.9,274.1,268.4,270,36816
06/29/2001,270.5,272.7,270,271.3,17404
07/02/2001,271.5,271.5,268.5,270.1,17618
07/03/2001,270,270.2,268.1,268.3,18329
07/05/2001,267.7,268.8,265.3,265.8,24567
07/06/2001,266,267.7,264.8,266.6,21069
07/09/2001,267.1,267.5,265.9,267,13508
07/10/2001,267,268.1,266.6,266.7,13218
07/11/2001,266.5,270.2,266.1,268.8,26153
07/12/2001,269,269.2,266,267.1,17666
07/13/2001,267.4,267.9,266.3,267.6,14022
07/16/2001,267.6,269.6,267,267.4,16943
07/17/2001,267.6,268.7,267.2,268.6,10906
07/18/2001,268.7,271.5,268.2,270.8,25414
07/19/2001,271.4,272.1,268,269.7,23642
07/20/2001,269.8,271.1,269,270.2,18566
07/23/2001,270.4,270.4,268.8,269.1,6408
07/24/2001,269.1,270.3,268.6,270,15963
07/25/2001,270,270.2,267.3,267.8,36179
07/26/2001,267.8,268.3,265.4,266.3,37011
07/27/2001,266.3,267.5,265.4,267.4,25743
07/30/2001,270.6,270.6,267.3,267.6,32880
07/31/2001,267.6,269.5,267.3,269.2,11929
08/01/2001,269.2,271.2,268.9,270.3,20267
08/02/2001,270.3,270.7,269.2,270.3,8907
08/03/2001,270,271.4,268.9,270.8,15400
08/06/2001,270.3,271,269.3,269.9,7418
08/07/2001,270.1,270.3,268.3,269.9,12903
08/08/2001,269.8,271.2,268.7,270.7,14468
08/09/2001,270.8,276.6,270.5,276.2,57175
08/10/2001,276.2,279.8,275.2,276.8,48326
08/13/2001,275.8,280.2,275.8,278.6,22918
08/14/2001,278.8,279.4,276.1,279.1,27365
08/15/2001,279.3,280.5,277.2,278.4,30504
08/16/2001,278.7,279.4,277.5,277.9,28655
08/17/2001,277.5,283.8,277.4,282,41753
08/20/2001,282,282,278.4,278.6,18330
08/21/2001,278.9,280.2,276.2,277.4,21599
08/22/2001,278.2,280.8,277,277.3,17549
08/23/2001,277,278.4,276.7,277.7,10573
08/24/2001,277.9,278.2,274.3,274.9,22497
08/27/2001,274.9,275.5,273.5,274.9,14125
08/28/2001,274.2,275.1,272.6,274.4,15758
08/29/2001,274.3,276.4,274,275.8,16267
08/30/2001,275.9,277.7,274.3,277.5,19508
08/31/2001,276.9,278.4,274.5,276.5,18648
09/04/2001,276.1,276.1,273.3,273.7,18862
09/05/2001,273.5,274.8,273.2,274.1,12624
09/06/2001,274,275.6,273.5,275,16898
09/07/2001,275,276.6,274.4,275.1,20602
09/10/2001,275,275.8,272.7,273.7,0
09/11/2001,273.7,290,273.1,273.7,4517
09/14/2001,300,300,289,290,0
09/17/2001,300,300,287,291.5,32280
09/18/2001,291,292,287.7,289.7,15839
09/19/2001,289.7,294,288.6,292.3,25786
09/20/2001,292,292.3,289,289.8,15305
09/21/2001,291.8,296,290.3,292.9,24549
09/24/2001,293,294,288,290.9,14966
09/25/2001,291.5,292,288.8,291.8,17478
09/26/2001,291.8,295.2,290.1,294.8,20936
09/27/2001,295,295.3,290.5,293.2,17778
09/28/2001,292.9,295.5,291.5,294,16676
10/01/2001,293.7,294.1,291.9,293.2,11050
10/02/2001,293,294,290.3,290.9,23003
10/03/2001,291.3,292.8,290.7,291.6,18661
10/04/2001,291,293.3,290.1,291.6,20131
10/05/2001,291.6,293.8,291.6,292.5,18689
10/08/2001,293.8,295.9,292.1,293.4,14739
10/09/2001,293.5,293.8,289.3,289.7,471
10/10/2001,290,290.8,285.1,286.7,32111
10/11/2001,285.8,286.9,281.3,282.6,26657
10/12/2001,282.6,286.5,282.6,285.7,22260
10/15/2001,285.3,286.8,282.5,282.7,17946
10/16/2001,282.7,283.6,282,282.9,12101
10/17/2001,282.8,284.8,282.4,284,18019
10/18/2001,284.2,284.9,279.2,279.8,34261
10/19/2001,280.2,281.4,278.8,280.7,22957
10/22/2001,280.9,280.9,275.8,276.1,24325
10/23/2001,276.3,277.4,275.5,276.5,16387
10/24/2001,276.4,277.4,276.1,276.3,11207
10/25/2001,276.3,278.4,276.1,278.2,17174
10/26/2001,277.7,279,277.5,278.3,14312
10/29/2001,278.4,280.3,278.1,279.7,12810
10/30/2001,279.8,282,279.5,281.2,12666
10/31/2001,281.2,282.4,279.1,280.5,18531
11/01/2001,280.5,282.3,279.6,280.7,13195
11/02/2001,280.7,281.7,280.4,280.8,8609
11/05/2001,280,280.8,278.5,279.5,10494
11/06/2001,279.8,280.7,279,280.2,17542
11/07/2001,281,281.9,280.2,281.3,12910
11/08/2001,281.2,281.3,276.8,277.1,28385
11/09/2001,277.7,278.2,277.1,277.7,22432
11/12/2001,277.7,282.5,277.7,278.6,23279
11/13/2001,278.9,279.5,276.2,278,25190
11/14/2001,277.6,279.5,277.4,278,17152
11/15/2001,277.8,278.1,274.7,275.3,26445
11/16/2001,275.1,275.7,273.8,274.9,17810
11/19/2001,274.9,274.9,272.3,272.9,18738
11/20/2001,273,274,272.5,273.2,19446
11/21/2001,273.3,273.7,271.9,273.1,16265
11/26/2001,272.6,273.2,272.2,272.5,18622
11/27/2001,272.6,273.9,272.4,273.4,26484
11/28/2001,273.3,275,273.3,274.1,22973
11/29/2001,275.4,276.5,274.5,274.7,35430
11/30/2001,274.9,276.6,273.7,274.9,19364
12/03/2001,278.2,278.7,275.5,277.9,22152
12/04/2001,276.4,277.4,276.1,276.3,11456
12/05/2001,276.4,276.4,274.1,274.6,20400
12/06/2001,275.4,275.4,274,275,11503
12/07/2001,275.4,275.9,274.1,274.7,14514
12/10/2001,274.7,274.9,271.7,273,31419
12/11/2001,273.1,273.4,272.1,272.9,14067
12/12/2001,273.2,274.8,272.8,274.5,12707
12/13/2001,274.5,275,274.3,274.6,7449
12/14/2001,274.7,279.2,273.8,278.6,44613
12/17/2001,278.4,278.9,277,278.3,15538
12/18/2001,278.2,281.4,278.1,280.9,27034
12/19/2001,280.9,281,275.6,276,34903
12/20/2001,276,277,275.8,276.5,11083
12/21/2001,276.6,279.4,276.6,278.3,9332
12/26/2001,278.8,279.9,278.2,279.6,6709
12/27/2001,279.9,280.8,277.4,277.7,12947
12/28/2001,277.5,278.1,276.3,276.8,11407
12/31/2001,276.9,279.5,276.5,279,10581
01/02/2002,279.5,279.8,278.2,279.2,12424
01/03/2002,279,280.4,277.2,278.5,18026
01/04/2002,278.7,279.5,277.6,279.2,14008
01/07/2002,279.5,280.5,278,278.9,17096
01/08/2002,279.3,279.5,278.5,279.2,17464
01/09/2002,279.3,285,279,283.7,65407
01/10/2002,283.7,289.6,283.3,287.4,42011
01/11/2002,287.6,288.4,285.7,287.7,38789
01/14/2002,287.6,287.6,285.5,285.7,16924
01/15/2002,285.5,285.6,283,284.7,20662
01/16/2002,284.5,289.9,283.5,287.6,34102
01/17/2002,287.5,288.6,284.5,284.7,20916
01/18/2002,284.6,284.8,282.8,283.4,14393
01/22/2002,282.5,283.9,281.2,281.8,26643
01/23/2002,281.6,282.4,278.2,278.9,35904
01/24/2002,278.9,279.7,277.5,278.4,25333
01/25/2002,278.4,279.6,278.2,279.1,14387
01/28/2002,279,279.8,278,278.5,18746
01/29/2002,278.4,281.6,277.2,281.4,25737
01/30/2002,282.6,284.3,281.4,282.9,38463
01/31/2002,282.4,283.7,281.8,282.9,16765
02/01/2002,283,287.9,282.4,286.8,30042
02/04/2002,287,290.5,286,290.1,39492
02/05/2002,290,299.8,290,299.1,65216
02/06/2002,299,309,297,298.3,63384
02/07/2002,298.1,302.3,296.5,300.6,35209
02/08/2002,301.1,309.4,300.6,304.4,40512
02/11/2002,303.5,304.4,298.5,300.8,20041
02/12/2002,300.8,302.4,297.8,301.3,18549
02/13/2002,301.1,301.8,296,300,28154
02/14/2002,300.1,301.1,298.5,300.2,16893
02/15/2002,300.5,302.5,298.5,298.9,17759
02/19/2002,298.5,299.5,293,293.6,30815
02/20/2002,293.9,294.6,291.1,292.6,26660
02/21/2002,292.1,294.5,290.5,293.5,23476
02/22/2002,293.6,295,292,293.5,20002
02/25/2002,292.7,293.3,291.1,292.9,17410
02/26/2002,291.6,298.5,291.6,298.2,30178
02/27/2002,298.2,299.9,296.1,296.6,23749
02/28/2002,296.9,298.5,296.3,297.1,19388
03/01/2002,297.4,300,295.5,298.4,25415
03/04/2002,298.3,300.5,297,297.1,19016
03/05/2002,297.1,299.4,294.2,294.4,3007
03/06/2002,294.4,295,292.6,293.9,18001
03/07/2002,293.8,294.2,289.5,290.5,32475
03/08/2002,290.5,290.5,288.3,290.3,1564
03/11/2002,289.9,293,289.8,291.3,11437
03/12/2002,291.1,295,290.5,293.8,29750
03/13/2002,293.4,295.1,293.1,293.8,12469
03/14/2002,294,294,290.7,291.2,26760
03/15/2002,291.1,291.6,289.3,290.1,19848
03/18/2002,290.1,293,289.9,292.3,17856
03/19/2002,292.5,294,291.9,293,14863
03/20/2002,293,293.3,291.6,292.4,15061
03/21/2002,292.4,293.6,291.9,293.1,19851
03/22/2002,293,297.8,293,297.6,39727
03/25/2002,298,298.6,296.9,297.7,50323
03/26/2002,298,298.4,295.8,296.8,31660
03/27/2002,299,304.4,297.1,303.3,61155
03/28/2002,303.9,305.8,301.5,303.7,29316
04/01/2002,304,304.8,301.9,304.2,16483
04/02/2002,304.5,307.8,301.8,307,28770
04/03/2002,306.9,308,302.1,303.5,29249
04/04/2002,303.4,304,300,302,28088
04/05/2002,301.1,303.2,299,301,22380
04/08/2002,301.4,302.3,300.1,301.3,15293
04/09/2002,299.4,300.7,299.2,299.5,14731
04/10/2002,302.3,302.9,298.1,302.5,27908
04/11/2002,303,304.2,302,303,25192
04/12/2002,303,303.5,301.1,302.9,866
04/15/2002,302.9,303.7,300.4,300.7,22158
04/16/2002,300.5,300.9,298.3,299.5,24421
04/17/2002,299.4,303.4,298.6,302.8,23497
04/18/2002,303,307,302.8,305.2,33728
04/19/2002,305.2,305.3,301.9,303,15529
04/22/2002,302.8,305.2,302.5,303.6,12248
04/23/2002,303.7,305.2,302.7,304.6,15985
04/24/2002,304.6,306.2,304.3,304.8,17428
04/25/2002,304.9,309.8,304.8,308.6,35900
04/26/2002,308.6,312.5,304.8,312.1,42332
04/29/2002,311.8,312.9,310,311.5,20569
04/30/2002,311.5,312.2,307.5,309.2,26953
05/01/2002,309.1,311.6,307.5,309.4,38280
05/02/2002,309.1,309.9,307.1,308.6,22027
05/03/2002,308.3,313.8,308,312.5,31556
05/06/2002,312.3,312.8,310.9,311.5,18249
05/07/2002,311.5,314.5,309.3,311.9,46238
05/08/2002,311.9,313.5,308.3,308.5,54713
05/09/2002,308.6,310.6,308.4,309.8,18810
05/10/2002,309.9,312.2,309.9,311.3,19963
05/13/2002,311.5,312,309.5,310.9,18484
05/14/2002,310.9,311.3,307.1,307.6,40418
05/15/2002,307.7,309.3,306.5,309,28536
05/16/2002,309,310.8,308.8,310.1,27605
05/17/2002,310,312.4,309.4,310.9,32211
05/20/2002,310.9,316.7,310.4,316,40604
05/21/2002,316,317.3,314,316.1,46892
05/22/2002,316,319.8,315.6,318.3,32020
05/23/2002,318.4,323.3,315.6,322.8,55962
05/24/2002,322.5,322.5,319.3,320.7,40909
05/28/2002,320.2,325.8,319.8,324.1,60780
05/29/2002,324.1,327.3,323,325.5,61740
05/30/2002,326.8,327.9,324.7,326.7,41615
05/31/2002,326.7,330.2,325.2,327.5,32581
06/03/2002,327.5,329.5,325.9,327.7,738
06/04/2002,327.7,331.5,327.7,328.8,27467
06/05/2002,328.5,328.5,321.1,322.1,52646
06/06/2002,322.1,326.6,321.3,325.8,34139
06/07/2002,326.1,328.8,324.3,325.4,31184
06/10/2002,324.5,325.1,318.5,319.5,44652
06/11/2002,319.5,320.9,316.6,320.5,41634
06/12/2002,320.8,322.7,319.6,321.1,30286
06/13/2002,321,321.1,317.6,318.5,26805
06/14/2002,318.5,324,318.5,319.8,30161
06/17/2002,319.6,319.8,317.7,318.1,15125
06/18/2002,317.8,320.2,317.2,319.7,17986
06/19/2002,320,323,319.8,320.3,23067
06/20/2002,321.3,325.4,321.1,323.7,39500
06/21/2002,324,325.8,322.8,325.1,22235
06/24/2002,325.4,327.7,324.3,324.7,29985
06/25/2002,323.3,324.2,318.3,320.5,54104
06/26/2002,321.4,326.4,320.1,320.8,47772
06/27/2002,321.2,321.5,316.9,319.6,44270
06/28/2002,319.2,321.8,310.5,313.9,42796
07/01/2002,314.5,315.5,311.6,314.4,34019
07/02/2002,314.3,316,313,313.2,28983
07/03/2002,313.1,314.3,310.5,311.3,26173
07/08/2002,310.5,313.8,309,312.5,26056
07/09/2002,313.1,316.7,312.3,316.5,36014
07/10/2002,316.7,317.9,314.2,315.1,33357
07/11/2002,315.9,318.3,313.7,317.6,39833
07/12/2002,317,317.3,315.2,315.9,33266
07/15/2002,316,320.3,316,319.9,37161
07/16/2002,320,321.3,316.8,317.5,32026
07/17/2002,317.5,318.8,315.7,317.7,26623
07/18/2002,317.5,318.1,316.4,317.1,13363
07/19/2002,317.2,326,317.2,323.9,49140
07/22/2002,324,326.1,322.2,323.5,30186
07/23/2002,323.4,323.5,311.5,312.6,68239
07/24/2002,312.9,314.1,306.7,311.4,51761
07/25/2002,311.5,312.4,308.9,309.7,35260
07/26/2002,310.6,310.6,300.5,303.3,53397
07/29/2002,303.2,303.5,301.6,302.4,28153
07/30/2002,304.4,307.5,303.5,306,38555
07/31/2002,306.4,307.9,303.8,305.2,24029
08/01/2002,305.2,306.8,300.3,306,37178
08/02/2002,306,309.8,305.8,309,23218
08/05/2002,309.1,311.5,308.5,309.6,20921
08/06/2002,309.7,310.4,306.5,307.3,18985
08/07/2002,307.4,317.2,307.4,316.1,44967
08/08/2002,315.9,316.5,311.9,312.2,31143
08/09/2002,311.9,316.7,309.8,316,25984
08/12/2002,315.5,319.7,315,315.8,28992
08/13/2002,315.8,316.9,315.1,315.9,14012
08/14/2002,316.1,319.2,312.5,313.5,37978
08/15/2002,313.2,317.8,312.8,316.1,26602
08/16/2002,316.1,317.3,313.8,315.4,15307
08/19/2002,315.4,315.4,306,307.7,43298
08/20/2002,307.7,311.2,307.7,310.4,22116
08/21/2002,310.3,311,307.5,309.3,15050
08/22/2002,309.5,310.1,306.1,308.3,22028
08/23/2002,308.1,308.7,305.6,308.3,16780
08/26/2002,308.3,312,307.7,311,18316
08/27/2002,311,314.5,309.6,313.9,27488
08/28/2002,313.9,314.1,310.7,310.9,18090
08/29/2002,311.3,314.8,310.8,314.4,23621
08/30/2002,314.4,316,313.3,313.9,14074
09/03/2002,313.8,315.9,312.6,315,19534
09/04/2002,315.2,317.1,313.8,316.5,18267
09/05/2002,316.1,320.8,315.4,319.8,37721
09/06/2002,319.9,322.9,319.2,321.5,32347
09/09/2002,321.5,325.5,321.2,322.8,29181
09/10/2002,322.6,322.9,318.2,319.4,24669
09/11/2002,319.2,319.3,316,318.1,10198
09/12/2002,318.1,321.3,318,320.4,22675
09/13/2002,320.5,321.5,317,318.1,27680
09/16/2002,317.8,319.8,316.4,318.5,21673
09/17/2002,318.6,318.6,314.7,318.2,2332
09/18/2002,318.2,322.5,318,321.8,39325
09/19/2002,321.3,325,320.6,323.9,35783
09/20/2002,324,325.3,321.6,323.2,29653
09/23/2002,323.5,326,322.6,324.1,29794
09/24/2002,324.1,329.3,323.2,327.2,49417
09/25/2002,327.5,328,323.4,323.6,30485
09/26/2002,323.5,324.6,319.8,321.7,40760
09/27/2002,321.6,323.1,320.1,321.1,25877
09/30/2002,321.7,326.2,321.2,325.2,27455
10/01/2002,324.3,325,321.6,322.2,25371
10/02/2002,322.1,323.6,320.8,322.8,26217
10/03/2002,322.8,325.5,322,322.4,30466
10/04/2002,322.1,323.6,320,323.3,32144
10/07/2002,323.4,324.3,322.2,323.1,16584
10/08/2002,323.1,323.9,318.8,319.4,36508
10/09/2002,319.1,321.3,318.8,320.8,24853
10/10/2002,320.8,321.6,316.8,317.4,38781
10/11/2002,317.3,318.5,316.6,317.2,33568
10/14/2002,317.2,319.3,317.2,318.6,11442
10/15/2002,318.5,319.3,313,313.4,49257
10/16/2002,313.8,315.6,313.3,314.7,21125
10/17/2002,314.7,315.4,310.1,312.2,42481
10/18/2002,312.4,313.8,311.1,313.3,19551
10/21/2002,313.4,314.3,310.9,311.5,20415
10/22/2002,311.6,313.9,311.2,313.6,20288
10/23/2002,313.9,314,312.2,312.6,21225
10/24/2002,312.6,313,309.1,311.2,34528
10/25/2002,311.8,314.8,311.7,313.9,30371
10/28/2002,313.8,315.9,313.5,315.6,20890
10/29/2002,315.7,318.8,315.7,318.1,32783
10/30/2002,318.2,318.2,316.4,316.9,18232
10/31/2002,317.2,318.7,316,318.4,24543
11/01/2002,318.3,322,317.9,319.2,38934
11/04/2002,319.2,319.3,317.1,318.7,22695
11/05/2002,318.8,320.2,318.3,318.6,15194
11/06/2002,318.6,318.9,317.2,317.9,14493
11/07/2002,318.2,321.5,318.2,320.9,45938
11/08/2002,321.1,323.5,320.6,321.7,33793
11/11/2002,321.7,322.2,320.1,321.6,19664
11/12/2002,321.8,325,321,324.7,39963
11/13/2002,324.7,325.4,317,318.9,58895
11/14/2002,319,319.7,317.2,318.1,25598
11/15/2002,318.1,321.3,318.1,320.9,34938
11/18/2002,320.6,321,318.1,319.4,20853
11/19/2002,319.5,320.6,318.6,318.8,19552
11/20/2002,319,319.7,317.5,317.6,21837
11/21/2002,317.6,318.7,317.2,317.6,41334
11/22/2002,317.8,322,316.5,320.9,43611
11/25/2002,320.3,321.2,316.9,317.9,45981
11/26/2002,318.1,318.9,317.1,317.7,50896
11/27/2002,318.9,319.5,317.7,317.8,46168
12/02/2002,319.1,319.4,316.6,318.5,36704
12/03/2002,318.6,321.7,318.1,321.2,36704
12/04/2002,321.8,324.5,320.6,323.1,34662
12/05/2002,322.3,325.8,321.7,325.6,35619
12/06/2002,326.5,330,324.7,327.1,53088
12/09/2002,327,327.4,325.5,326.5,53088
12/10/2002,326.7,327.1,323.1,324.2,34046
12/11/2002,324.4,326,323.3,325.5,34046
12/12/2002,327.9,333.5,326.6,332.1,52403
12/13/2002,332.1,336.7,330.7,333.8,52403
12/16/2002,333.6,338,332.7,337.6,50607
12/17/2002,337.4,343,336.3,338,57485
12/18/2002,338,342.8,336.5,342.7,57485
12/19/2002,343.3,355.7,343.3,346.5,55579
12/20/2002,347,348.9,339,341,55579
12/23/2002,340.1,345.8,340.1,345.6,38720
12/24/2002,345.3,349.3,345.1,347.3,16500
12/26/2002,347.3,350.6,344.8,349.4,14243
12/27/2002,348.3,352,347.3,349.7,14243
12/30/2002,350,350.8,342.5,344.1,25324
12/31/2002,344,348.5,341.7,348.2,25324
01/02/2003,344,348.2,342.8,346.5,34840
01/03/2003,345.3,353.5,343.6,351.6,39510
01/06/2003,354.5,357,350.5,352.1,39510
01/07/2003,351.9,352,345,347.7,39841
01/08/2003,345.3,356,345.2,354.3,52445
01/09/2003,354,357.5,351.5,353.7,52445
01/10/2003,353.6,356.5,350.5,354.9,43303
01/13/2003,354.4,355.4,351.6,355.1,42149
01/14/2003,354.9,355.1,351.5,352.4,37769
01/15/2003,350.5,353.4,348.7,351.1,41395
01/16/2003,350.9,359,350.6,358.1,41785
01/17/2003,358,358.7,355.3,356.8,41785
01/21/2003,356.1,358.1,353.4,357.5,43860
01/22/2003,357.9,360.4,357.8,359.9,43860
01/23/2003,363.3,367.7,360,364.7,62860
01/24/2003,364.3,370.2,362.8,368.4,62860
01/27/2003,370.5,373.7,367.8,369.4,61851
01/28/2003,369.4,370.2,365.5,370,61851
01/29/2003,370,371.2,365.5,366.3,57104
01/30/2003,367,371.2,363.5,369.7,51847
01/31/2003,369.8,372.7,368,369.1,30468
02/03/2003,368.9,372.7,368.7,371.6,25072
02/04/2003,372,380,371.9,379.9,40279
02/05/2003,380.2,390.8,373,377.2,76848
02/06/2003,376.5,377.3,369,370.7,60722
02/07/2003,369.9,375.6,367.6,370.5,50696
02/10/2003,370.4,373.7,363.5,364.2,40672
02/11/2003,363.8,366.2,361,363,51903
02/12/2003,363.7,366.4,352.5,353,77081
02/13/2003,353,359.1,348.5,357.7,51407
02/14/2003,357.7,358.6,349,352.2,41023
02/18/2003,348.1,349,343,344.3,39743
02/19/2003,343.6,350.3,342.4,350,39628
02/20/2003,350.4,355,349.8,353.1,36697
02/21/2003,353.3,355,351,351.8,21107
02/24/2003,351.9,358.1,350.4,356.4,30937
02/25/2003,356.9,360.6,351,352.4,45348
02/26/2003,352,356.5,351.3,354.1,27584
02/27/2003,354.5,357,345.7,346.2,47161
02/28/2003,346.4,351.5,345.3,350.3,34862
03/03/2003,349.8,349.9,345.2,349.3,30646
03/04/2003,349.5,354.9,349.5,353.3,25923
03/05/2003,353.4,358.8,352.3,353.2,37680
03/06/2003,353.5,357.4,352.6,356.9,27349
03/07/2003,356.9,358.7,347,350.9,52448
03/10/2003,353.7,355.5,353.2,354.8,22740
03/11/2003,354.9,355.5,348.7,350.6,1604
03/12/2003,351,351.3,345.9,346.6,34778
03/13/2003,346.3,346.7,332,336,60961
03/14/2003,335,339.5,332.4,336.6,30783
03/17/2003,338.4,345.3,334.8,337.2,39424
03/18/2003,337.5,340.5,334.3,337.7,35981
03/19/2003,339.4,341,334.3,336.2,29388
03/20/2003,336,338,331.8,333,32670
03/21/2003,332.8,334.5,325.8,326.1,49556
03/24/2003,327.7,330.7,326.3,329.5,24460
03/25/2003,330,334.5,327.3,328.3,38854
03/26/2003,328.7,331.4,328.3,330.1,43105
03/27/2003,330.1,333.5,328.3,328.4,53765
03/28/2003,329.4,331.9,329.4,332,840
03/31/2003,333.4,336.8,333.1,337,2284
04/01/2003,336.8,339.4,335.5,335,2186
04/02/2003,335.3,336.7,330,330,3006
04/03/2003,330.4,330.9,324.1,326,2768
04/04/2003,325.7,326.4,322.6,326,2078
04/07/2003,324,324,320,322,3288
04/08/2003,322.7,324.1,319.8,323,3179
04/09/2003,323,325.3,323,326,2855
04/10/2003,326.2,327.9,325,327,1834
04/11/2003,327.3,327.3,325.4,328,942
04/14/2003,327.5,328.1,326,325,1566
04/15/2003,324.9,325.7,324.2,326,731
04/16/2003,324.9,325.7,323.4,326,907
04/17/2003,326.8,327.5,326.5,328,1675
04/21/2003,327.6,329.9,327.6,334,1232
04/22/2003,333.7,336.4,332.4,335,2250
04/23/2003,334.4,334.9,333.1,332,1430
04/24/2003,331.9,334,331.4,335,1533
04/25/2003,334.7,335.1,332.8,334,1435
04/28/2003,333.7,335.4,333.3,335,703
04/29/2003,334.3,334.7,332.8,334,763
04/30/2003,334.4,338.5,334,339,2390
05/01/2003,340,340.5,338.5,342,1352
05/02/2003,342.4,343,340.8,341,855
05/05/2003,341.8,342.1,341,343,527
05/06/2003,342.6,345.2,341.6,343,1776
05/07/2003,344.8,345.2,342.7,342,1933
05/08/2003,342.4,343.8,341.2,349,812
05/09/2003,349,349.4,347,349,1648
05/12/2003,349.4,351.5,348.5,352,1617
05/13/2003,351.8,352,349.8,350,909
05/14/2003,350.1,351.1,348.7,352,1359
05/15/2003,352.5,356.4,351.2,353,2504
05/16/2003,352.4,353.9,351.6,355,1478
05/19/2003,356.8,360.5,356.8,364,2737
05/20/2003,364,370.3,364,366,5601
05/21/2003,366.8,368.8,364,372,2578
05/22/2003,372.5,373,369.1,368,2276
05/23/2003,367.9,370.8,365.5,369,0
05/27/2003,370.7,374.9,370.1,368,1911
05/28/2003,367,367.3,360.6,365,2667
05/29/2003,362,371,362,370.7,58393
05/30/2003,366.5,367,361.5,365.6,40340
06/02/2003,361.3,368.3,361.3,367.1,36817
06/03/2003,366.1,367.6,364.3,366.3,24852
06/04/2003,365.6,366.7,362.7,363.6,28078
06/05/2003,364.7,370.5,364.7,369.5,49032
06/06/2003,367,367.8,362.2,364.5,38678
06/09/2003,364.2,366.8,361.8,362.6,24999
06/10/2003,359.5,360,352,352.8,73304
06/11/2003,355,358,354.3,356.2,34083
06/12/2003,352.6,354.2,351.5,353.9,31081
06/13/2003,353.9,357.7,351.9,357.2,28869
06/16/2003,358,360.3,356.5,359.7,30690
06/17/2003,359.8,365.7,359.8,363.8,47836
06/18/2003,359.6,361.5,357,357.8,36607
06/19/2003,357.2,363.6,357.1,361.8,36726
06/20/2003,359.5,359.8,355.8,356.7,24143
06/23/2003,356.3,357.5,351,353.4,42233
06/24/2003,354,354.5,346.3,346.7,58542
06/25/2003,347.8,350.3,347.6,349.6,29759
06/26/2003,344.2,345.5,343.5,344.2,33498
06/27/2003,343.4,347.3,343.3,345.5,24973
06/30/2003,345.7,348.1,344.5,346.3,23509
07/01/2003,348.5,353.8,348.5,351.7,38715
07/02/2003,350.7,353.3,350.7,351.6,24426
07/03/2003,349.6,352.4,349.3,351.3,19674
07/07/2003,348.8,349.8,347.8,348.4,22420
07/08/2003,346.5,348.2,342.6,344.4,33385
07/09/2003,345.5,346.3,343.5,343.9,29384
07/10/2003,342.5,346,342.4,344.6,38705
07/11/2003,342.3,345.5,342.3,345.1,24412
07/14/2003,346,348.2,346,347.8,22025
07/15/2003,348.5,349,341,342.2,21307
07/16/2003,341.9,344.5,341.9,343.2,25585
07/17/2003,344.1,345.5,340.8,344.3,30899
07/18/2003,343.5,347.8,343,347.3,2
07/21/2003,347.7,352.3,347.4,351,36896
07/22/2003,351.5,352.9,349.6,350.7,33592
07/23/2003,354.2,359.1,354.2,358.7,59972
07/24/2003,358.2,363.9,356,362.3,66254
07/25/2003,360.7,364.5,360.5,362.8,63268
07/28/2003,362.3,367.7,362.3,364.9,58359
07/29/2003,363.5,364.2,360.9,361.7,48032
07/30/2003,363,363.6,356.6,358.1,59686
07/31/2003,358.1,359.4,355,355.8,41083
08/01/2003,356,356.9,346,347.8,59013
08/04/2003,348.7,351.8,348,350.9,40701
08/05/2003,351,352.4,349.3,351.2,18662
08/06/2003,351.2,354.6,350.2,352.4,33050
08/07/2003,352.3,355,351,354.1,24289
08/08/2003,354.1,359,353.4,357.9,36965
08/11/2003,357.7,363.5,357.5,363.3,28290
08/12/2003,362.9,363.4,359.7,360,23753
08/13/2003,360,366,357.2,363.7,41245
08/14/2003,363.7,368.8,362.3,367.5,41245
08/15/2003,367.3,367.5,364.3,364.7,12419
08/18/2003,364.7,364.8,359,359.9,25584
08/19/2003,360,363.8,357.3,363,34143
08/20/2003,363,368.2,362.1,367,38273
08/21/2003,367,368,359.5,361.8,43105
08/22/2003,361.8,365.3,359.4,364.3,32424
08/25/2003,364.4,365.3,361.6,362.4,19386
08/26/2003,362.5,367.1,360.3,366.8,47394
08/27/2003,366.4,375.4,364.4,374.1,64560
08/28/2003,374,374.2,370,371.6,37884
08/29/2003,371.8,379,370.6,376.8,39490
09/02/2003,376.8,380.4,373.5,374.3,43913
09/03/2003,374.8,376.7,370.9,375,39947
09/04/2003,375,376,370.7,374,31045
09/05/2003,374,380.9,371.9,378.7,49933
09/08/2003,378.7,378.8,374.7,376.2,30122
09/09/2003,376,384.8,376,382.8,45488
09/10/2003,383,384.2,379.6,381.1,35688
09/11/2003,381.3,382.7,375.7,380.8,43898
09/12/2003,381,383,376.2,376.9,47065
09/15/2003,376.6,378,373.5,375.6,32914
09/16/2003,375.4,377.4,372.5,374.6,38389
09/17/2003,374.5,378,373.4,377.3,34739
09/18/2003,377.8,381,376.2,377.7,39766
09/19/2003,377.4,384.5,376.2,382.9,48742
09/22/2003,384,389.1,384,388.3,50680
09/23/2003,388.1,388.9,384.3,387,38924
09/24/2003,386.7,388.5,384.8,388.4,35135
09/25/2003,389,394.8,385.1,385.9,72422
09/26/2003,385.7,387.5,380,381.8,57247
09/29/2003,381.6,386.1,380.2,383.2,46080
09/30/2003,383.6,389.4,382.8,386.1,49624
10/01/2003,385.9,387.4,383.6,385,30993
10/02/2003,385.2,387.9,382,383.7,34443
10/03/2003,383.2,387,367,370,111839
10/06/2003,371.8,374.3,370.5,373.3,41343
10/07/2003,373.6,378.2,373.3,377.8,42455
10/08/2003,377.5,378.5,375.3,376,27745
10/09/2003,376.1,377.7,368.6,369.8,62875
10/10/2003,370.7,374.5,370.3,374.1,33881
10/13/2003,374.4,375.8,370.1,375.7,32507
10/14/2003,375.6,377.4,372.8,376.2,35630
10/15/2003,376.2,376.5,372,373.1,33347
10/16/2003,373.4,375.7,371.2,373.2,40455
10/17/2003,372.3,373.1,366.5,372.2,43607
10/20/2003,372.9,375.1,370.4,374.4,28207
10/21/2003,374.3,382.5,373.4,382,55031
10/22/2003,381.5,388,380.9,386.8,50424
10/23/2003,387.2,388.1,383.3,385,35105
10/24/2003,384.8,393,384.3,389.2,54520
10/27/2003,388.6,389,386,388.2,25118
10/28/2003,388,388.7,383,383.4,39448
10/29/2003,383.4,388.2,380.3,387,50786
10/30/2003,386.9,392,382.5,384.4,56384
10/31/2003,384,389.8,382.2,384.6,47907
11/03/2003,384.7,385.7,376.5,377.1,56037
11/04/2003,377.5,381.4,377.2,380,38997
11/05/2003,380,384.9,379.1,382.7,38806
11/06/2003,382.8,384.1,379.7,380.7,28835
11/07/2003,380.4,384,376.5,383.4,48140
11/10/2003,383.6,387.8,383.1,386.7,36286
11/11/2003,386.7,389.3,386,388.2,32647
11/12/2003,388.1,397,387.8,395,78848
11/13/2003,394.6,398.4,393.4,394.3,67076
11/14/2003,394.4,399.4,394.2,398,69053
11/17/2003,399.5,399.9,386,391.5,77980
11/18/2003,391.5,398.6,390.4,397.6,72163
11/19/2003,397.6,400.7,392.7,394.9,52522
11/20/2003,395,397.5,392,393.7,59918
11/21/2003,394.1,398.2,392.7,396,75041
11/24/2003,396.2,396.5,390.2,391.5,77377
11/25/2003,391.5,393.2,389.5,391.1,74334
11/26/2003,390.7,402,390.6,398,76377
12/01/2003,397.2,404,397.2,403.8,54400
12/02/2003,402,407,400.3,404.6,51898
12/03/2003,403.2,405.4,402.2,404.8,41753
12/04/2003,403.9,406.2,400.8,404.2,25860
12/05/2003,402.5,407.5,400.5,407.3,42589
12/08/2003,406.7,410.6,405.7,407.5,46824
12/09/2003,407,410.5,406.4,408.9,37704
12/10/2003,406.9,413.3,406.5,407,36923
12/11/2003,405.8,407.4,403.3,405.4,51985
12/12/2003,406.1,410.4,405.8,410.1,42343
12/15/2003,401.6,411.9,401.6,409.9,33490
12/16/2003,410,411.4,408.1,408.4,44006
12/17/2003,409.1,412.8,402.6,412.7,29703
12/18/2003,413.2,414.6,408.5,411.1,35396
12/19/2003,410.8,412,408.3,409.9,37184
12/22/2003,409.6,412.5,409,411.3,28659
12/23/2003,410.4,411.9,409.6,411.6,22583
12/24/2003,411.5,413.5,411.3,412.8,18163
12/29/2003,414.1,416.5,412.8,415.3,15175
12/30/2003,417.2,417.2,417.2,417.2,24846
12/31/2003,416.9,418.4,414.9,416.1,22639
01/05/2004,422.8,422.8,422.8,422.8,20
01/06/2004,424.4,424.4,422.8,422.8,20
01/07/2004,423,423,421.9,421.9,20
01/08/2004,421.9,424,421.9,424,20
01/09/2004,424,426.4,423.9,426.4,20
01/12/2004,425.8,428.2,425.8,426.3,3
01/13/2004,425.4,425.9,423,423.7,12
01/14/2004,421.7,421.7,421.7,421.7,12
01/15/2004,421.8,422,408.4,408.4,12
01/16/2004,408.3,408.3,406.7,406.7,12
01/20/2004,406.7,412.7,406.7,412.7,12
01/21/2004,412.6,412.6,411.1,411.1,2
01/22/2004,411.3,411.3,410,410,2
01/23/2004,407.9,407.9,407.9,407.9,2
01/26/2004,406.6,406.6,406.6,406.6,2
01/27/2004,410,410,410,410,2
01/28/2004,414.5,414.5,414.5,414.5,2
01/29/2004,409,409,398,399,22
01/30/2004,400.1,402.6,398,402.6,26
02/02/2004,402.9,402.9,398,399,9
02/03/2004,401,401.9,399.5,399.5,12
02/04/2004,400.4,401.7,399.7,401.3,6
02/05/2004,401.2,401.2,397.8,398.4,2
02/06/2004,404,406.2,403.9,403.9,14
02/09/2004,404,407.1,404,407.1,1
02/10/2004,410,410,406.7,406.7,5
02/11/2004,407.2,410.4,407.2,410.4,7
02/12/2004,410.4,413.9,410.4,413.9,5
02/13/2004,414,416.5,406,410.5,5
02/17/2004,416.2,416.2,416.2,416.2,5
02/18/2004,412.5,412.5,412.5,412.5,5
02/19/2004,411.6,411.6,409.5,410,5
02/20/2004,406.3,406.3,397.7,397.7,3
02/23/2004,400.6,400.6,399,399,9
02/24/2004,403,404.7,399.1,404.5,12
02/25/2004,400,400,395.8,395.8,1
02/26/2004,395.7,395.7,392.5,395.1,40
02/27/2004,395.1,396.4,395,396.4,2
03/01/2004,396.4,399.3,396.4,399.3,2
03/02/2004,397.5,398.8,393.5,393.5,104
03/03/2004,391.1,392.4,391.1,392.4,4
03/04/2004,394.8,394.8,392.9,392.9,86
03/05/2004,401,401.3,401,401.3,1
03/08/2004,399.5,400.6,399,400.6,11
03/09/2004,401.7,404.2,401.2,404.2,5
03/10/2004,400,400,400,400,1
03/11/2004,399.2,400.7,399.1,400.7,5
03/12/2004,395.3,395.3,395.3,395.3,5
03/15/2004,399.4,399.4,399.4,399.4,5
03/16/2004,402,402.4,402,402.4,8
03/17/2004,402.5,406.9,402.5,406.9,8
03/18/2004,411.1,411.1,411.1,411.1,8
03/19/2004,412,412.5,412,412.5,16
03/22/2004,417.4,417.4,417.4,417.4,2
03/23/2004,417.4,419.8,417.4,419.8,2
03/24/2004,417.2,417.2,417.2,417.2,2
03/25/2004,416,417,416,416.7,8
03/26/2004,422,422.1,422,422.1,8
03/29/2004,422.1,422.1,417.1,417.1,8
03/30/2004,417.6,422.2,417.6,422.2,2
03/31/2004,422.2,427.8,422.2,427.8,2
04/01/2004,427.7,428.3,427.7,428.3,2
04/02/2004,422,422.5,419,422,52
04/05/2004,422,422,415.8,415.8,6
04/06/2004,420,420.1,418,419.3,10
04/07/2004,423.2,423.2,423.2,423.2,10
04/08/2004,422.2,422.2,419.6,420.2,11
04/12/2004,420.4,420.4,420.4,420.4,3
04/13/2004,420.3,420.3,407.2,407.2,6
04/14/2004,400,400,400,400,10
04/15/2004,397.2,397.9,396.7,397.9,20
04/16/2004,400.1,401.8,400.1,401.2,8
04/19/2004,401.1,401.4,400.8,400.8,8
04/20/2004,397.9,397.9,397.9,397.9,8
04/21/2004,390.2,390.2,390.1,390.1,8
04/22/2004,390.2,393.5,390,393.5,18
04/23/2004,395,395.3,395,395.3,1
04/26/2004,397,397,396.2,396.2,3
04/27/2004,395.8,398.8,395.8,398.8,29
04/28/2004,385.4,385.4,385.4,385.4,19
04/29/2004,380,386.6,380,386.6,6
04/30/2004,389,389,387,387,2
05/03/2004,387,387,387,387,4
05/04/2004,392,392,391.4,391.4,2
05/05/2004,391.4,393.4,391.4,393.4,2
05/06/2004,387.2,388,387.2,388,1
05/07/2004,388.1,388.1,377,378.7,3
05/10/2004,378.6,378.6,378.3,378.3,3
05/11/2004,376.9,376.9,376.9,376.9,3
05/12/2004,377.4,377.4,377.4,377.4,3
05/13/2004,377.4,377.4,374.8,374.8,20
05/14/2004,377,377,377,377,5
05/17/2004,379.5,379.5,379.5,379.5,0
05/18/2004,375.8,375.8,375.8,375.8,0
05/19/2004,382.9,382.9,382.9,382.9,0
05/20/2004,382.8,382.8,378.4,378.4,0
05/21/2004,384.8,384.8,384.8,384.8,0
05/24/2004,385.6,385.6,385.6,385.6,0
05/25/2004,388.3,388.3,388.3,388.3,0
05/26/2004,388.3,388.3,388.3,388.3,0
05/27/2004,388.2,395.5,388.1,394.9,53047
05/28/2004,395.3,396.3,392.6,394,996
06/01/2004,395.1,399,393.3,394.6,1864
06/02/2004,395.1,397.5,390,391.6,937
06/03/2004,390.7,393,387.4,388.1,601
06/04/2004,388.4,391.5,385.5,390.9,234
06/07/2004,397.9,399.8,397.8,398.8,26
06/08/2004,402.3,402.3,397.9,397.9,2
06/09/2004,391.6,391.6,383,384.5,543
06/10/2004,385.3,385.9,384.5,385.9,71
06/15/2004,397.5,397.5,395.1,396.8,160
06/16/2004,387.2,387.8,385.5,386.5,299
06/17/2004,386.7,390.8,386.7,390.8,1175
06/18/2004,390.7,398.1,388.6,397,1298
06/21/2004,396.2,399.5,394.9,395.8,563
06/22/2004,396.1,398.3,395.4,396.8,122
06/23/2004,405.6,405.6,405.6,405.6,269
06/24/2004,409.5,409.5,409.5,409.5,779
06/25/2004,407.4,407.4,407.4,407.4,45
06/28/2004,408.2,408.2,407.5,407.5,106
06/29/2004,402.5,402.7,393.3,394,661
06/30/2004,402.8,402.8,402.8,402.8,720
07/01/2004,406.1,406.1,406.1,406.1,720
07/02/2004,397.6,401.5,394,399.9,122
07/06/2004,399.5,401,391,394.2,1112
07/07/2004,394.2,404.5,394,404,1293
07/08/2004,404.1,411,401.9,409.5,897
07/09/2004,411.4,412.4,411,412.3,1165
07/12/2004,409.2,410.1,407.5,409.7,1188
07/13/2004,409.3,409.3,402.1,403.6,1675
07/14/2004,403.5,408.8,403.5,406.9,303
07/15/2004,407.5,410.2,407.5,408.7,332
07/16/2004,406.4,409.5,404.5,408.1,743
07/19/2004,408.1,409.2,406.6,407.1,1299
07/20/2004,407.5,408,401.2,403.4,1362
07/21/2004,401.1,403.6,396.5,398.6,972
07/22/2004,404.5,404.5,401.3,401.3,513
07/23/2004,396.3,397,389,391.7,3346
07/26/2004,392,393.8,390.5,391.6,2500
07/27/2004,392.5,395,387.4,388.4,6292
07/28/2004,388.7,391.5,386.8,390.4,4830
07/29/2004,390.4,392.4,386,388.4,7550
07/30/2004,388.3,393.5,388.3,392.4,1554
08/02/2004,392.6,395.8,392,393.1,1017
08/03/2004,394.8,398.1,394.8,398.1,2411
08/04/2004,395.5,397.2,394.3,396.3,742
08/05/2004,392.6,394.5,391.6,393.5,996
08/06/2004,393.6,403.2,392.8,400.8,2397
08/09/2004,400.8,401.8,399.1,401.7,1440
08/10/2004,402,402,400,401,640
08/11/2004,404.4,404.4,404.4,404.4,194
08/12/2004,395.8,398.5,395,395.2,308
08/13/2004,395.1,400.5,393.5,399.8,1207
08/16/2004,401.6,405,399.2,403.8,1307
08/17/2004,403.5,406.8,401.5,405.3,1220
08/18/2004,405.3,406.1,402.5,405.2,1108
08/19/2004,404.9,409,404.9,407.9,1027
08/20/2004,408,415.5,406,414,5082
08/23/2004,413.4,413.4,409.5,411.3,1464
08/24/2004,410.6,410.6,402.7,403.5,2222
08/25/2004,404.1,408.8,404,408.5,1854
08/26/2004,407.5,410,405.2,408,3374
08/27/2004,407.7,409.5,401.5,403.8,3404
08/30/2004,404.5,409.7,403.7,408.4,1910
08/31/2004,406.1,411.7,406.1,410.9,2452
09/01/2004,410.5,411,407.3,409.3,875
09/02/2004,409.1,409.5,406.3,406.5,525
09/03/2004,407,407,399.5,401,849
09/07/2004,401.2,402.4,397,397.9,4370
09/08/2004,401,401,395.4,399.9,993
09/09/2004,402.8,403.1,401,401.9,103
09/10/2004,399.7,403.5,399.7,402.3,1035
09/13/2004,402,405,399.5,404.5,437
09/14/2004,403.4,407.7,403.2,406,1441
09/15/2004,405.7,406.3,404,405.3,196
09/16/2004,407.5,408,406.5,408,209
09/17/2004,405.1,406.5,403.7,406.1,183
09/20/2004,409,410,408.5,410,19
09/21/2004,404.7,409.8,404.7,408.5,1669
09/22/2004,407.9,410,404.6,407.4,815
09/23/2004,407.5,412.2,407.2,411,1311
09/24/2004,410.7,412.2,406.8,408.1,2604
09/27/2004,407.6,410.2,407.5,409.1,1943
09/28/2004,410.6,414.9,410,414.2,53251
09/29/2004,414.2,416.2,412.7,414.7,60304
09/30/2004,414.1,420.8,413.3,420.4,76934
10/01/2004,420.4,423,418.5,421.2,46684
10/04/2004,420.9,420.9,413.3,415.6,50060
10/05/2004,415.5,421.5,414.5,419.8,46947
10/06/2004,419.9,422.2,417.5,420,50608
10/07/2004,420,421.7,418.8,419.5,30888
10/08/2004,419.6,426,418.9,424.5,61653
10/11/2004,424,424.9,422.5,423.4,23556
10/12/2004,423.6,424.2,414.2,416.6,74085
10/13/2004,416.6,417.3,410.5,414.6,56534
10/14/2004,415.9,420.5,415.6,419.5,52365
10/15/2004,419.3,423,418.7,420.1,46988
10/18/2004,420.1,421.7,417.5,417.6,36815
10/19/2004,418,422.2,416.1,421.6,43790
10/20/2004,421.7,427.3,421,424.8,55846
10/21/2004,424.9,427.5,423,425.6,43655
10/22/2004,425.3,426.5,423.2,425.6,31943
10/25/2004,426.6,432,426.6,429.9,54651
10/26/2004,429.9,430.6,425.7,427.6,44734
10/27/2004,427.7,430.1,424.2,425.6,58992
10/28/2004,425.5,428.4,421.7,426.1,57979
10/29/2004,425.8,429.8,425,429.4,41038
11/01/2004,430.5,431.6,427,428.2,44098
11/02/2004,428.2,428.8,418,420.8,80597
11/03/2004,421.1,426.4,419.4,425.4,49372
11/04/2004,426,434,425.7,430.8,80631
11/05/2004,430.7,434.9,425.5,434.3,75732
11/08/2004,435,436.1,431.9,433.4,41556
11/09/2004,433.8,437.5,431.9,436.2,57056
11/10/2004,435.9,438.3,432.8,434.5,60674
11/11/2004,434.1,436.2,432.5,435.4,30756
11/12/2004,435,439.5,434.5,438.3,55079
11/15/2004,439,440.6,436.3,437.3,49424
11/16/2004,437,441.4,436.2,440.5,74586
11/17/2004,440.5,445.4,439.3,445.1,49412
11/18/2004,444.8,446.4,440.2,442.9,81478
11/19/2004,443.1,448.5,441.9,447,77997
11/22/2004,446.5,449.1,446.1,449,103113
11/23/2004,448.8,449.9,446.1,447.9,91738
11/24/2004,447.9,449.5,447,449.3,22777
11/29/2004,452.8,457,451.5,455.8,87152
11/30/2004,455.8,456.1,450,453.2,65490
12/01/2004,453.4,457.7,452.4,455.9,52421
12/02/2004,456,458.7,448.7,452.3,72101
12/03/2004,452.4,458.2,450.1,457.8,62060
12/06/2004,457.9,458.3,452.7,455.9,37254
12/07/2004,455.6,456.9,452,453.7,32598
12/08/2004,453.6,453.7,435,438.7,132634
12/09/2004,439,443,434,437.2,68206
12/10/2004,438.3,439.7,432.9,435.3,0
12/13/2004,436.2,441.6,435.3,440.3,49007
12/14/2004,440.3,441.3,436.5,437.3,33702
12/15/2004,437.3,443.2,436.7,442.2,49417
12/16/2004,442.3,444.4,437,438.2,56521
12/17/2004,438,443.6,437.2,442.9,40723
12/20/2004,442.1,445.6,442.1,443.6,28927
12/21/2004,443.7,444.8,441.7,442.9,24139
12/22/2004,443.1,444.2,440.1,441.4,23355
12/23/2004,441.6,444,440.8,442.9,0
12/27/2004,443.4,446.7,443.4,446.2,22082
12/28/2004,446.2,446.6,444,445.3,19771
12/29/2004,444.8,445.7,434.4,437,67906
12/30/2004,437.2,439.8,434.7,438.4,0
01/03/2005,438.9,438.9,427.8,429.7,82846
01/04/2005,430.4,431.3,424.8,429.2,54829
01/05/2005,429,429.3,425.9,427.3,43721
01/06/2005,427,428.3,421.1,421.6,65179
01/07/2005,422,425.8,417.1,419.5,97972
01/10/2005,419.5,422.3,418.4,419.7,34177
01/11/2005,419.6,423.3,419.6,422.4,46900
01/12/2005,423,428.3,421.1,426.6,64043
01/13/2005,426.6,427.3,423.6,425.1,35087
01/14/2005,422.9,423.3,422.9,423.1,30925
01/18/2005,422.9,424.2,421.4,423.5,27493
01/19/2005,423.5,427.2,422.6,423.3,40265
01/20/2005,423.1,423.4,420.3,422.6,40731
01/21/2005,422.7,428.5,421.3,426.9,58178
01/24/2005,427.1,428.2,426.7,427.1,50721
01/25/2005,427.1,428.1,421,422.1,86019
01/26/2005,422.3,427.8,421.4,426.9,90235
01/27/2005,426.9,428.1,424,426.3,66923
01/28/2005,428.2,429.7,426.1,428.1,66141
01/31/2005,428.2,428.9,421.5,424.1,65836
02/01/2005,424.3,424.6,421.4,422.9,38337
02/02/2005,422.7,424.7,421.9,423,22300
02/03/2005,422.8,423.9,416.2,418.5,55307
02/04/2005,418.6,419.5,415.5,415.9,49619
02/07/2005,416,417.7,414,415.4,35105
02/08/2005,415.7,415.8,412,414.3,1
02/09/2005,414,415.3,411.5,414.5,37363
02/10/2005,414.4,420.1,413.1,418.7,69244
02/11/2005,419,423.4,417.7,422,44842
02/14/2005,422.2,427.7,421.9,427.3,50150
02/15/2005,427.5,428.7,425,427.3,46358
02/16/2005,427.1,427.4,423.4,426.9,43796
02/17/2005,427.1,429.8,425.5,428.6,47758
02/18/2005,428.9,429.2,428.6,429.1,30011
02/22/2005,428.9,436.4,427.4,435.8,65935
02/23/2005,435.9,437.4,433,436.1,59730
02/24/2005,435.7,438.2,433.5,435.7,44578
02/25/2005,435.5,436.9,432.5,436.1,43080
02/28/2005,436.1,439.3,435.9,437.6,41650
03/01/2005,437.6,437.8,432,433.9,54258
03/02/2005,433.6,435,429.8,433.8,42904
03/03/2005,433.8,434.6,430.1,430.8,40753
03/04/2005,431,436.3,430.4,435.1,48366
03/07/2005,435.3,436.6,433.3,435.8,28992
03/08/2005,435.8,441.3,435.2,441.1,60701
03/09/2005,440.9,443.5,439.9,442.9,48978
03/10/2005,442.8,443.7,440.7,443.4,50
03/11/2005,443.5,448,441.1,446.8,90577
03/14/2005,446.5,446.7,440.7,441.6,53037
03/15/2005,441.7,444.9,440.3,441.4,50170
03/16/2005,441.8,444.7,440.6,444.2,47792
03/17/2005,444.4,444.5,437.7,439.1,70799
03/18/2005,439.4,440.4,436.1,439.7,40748
03/21/2005,439.7,440.3,429.2,431.4,92663
03/22/2005,431.5,432.8,430.3,431.6,55758
03/23/2005,431.7,432.4,424.5,425.4,86846
03/24/2005,425.6,426.5,424.3,424.8,53560
03/28/2005,424.7,426.5,423.4,426,72810
03/29/2005,425.9,427.6,425.6,426,58977
03/30/2005,428.8,430.7,428,429.5,45447
03/31/2005,429.6,431.4,428.5,431.1,32253
04/01/2005,431.1,431.2,427.1,428.3,50186
04/04/2005,428.4,428.9,424.7,426,40531
04/05/2005,425.6,427.8,424.8,426.6,27396
04/06/2005,426.6,429.6,426.3,429.2,30221
04/07/2005,429.3,430.5,427.3,428.4,31651
04/08/2005,428.4,429.4,426.4,428.8,26482
04/11/2005,429.3,431.7,428.2,430.4,27962
04/12/2005,430.5,432.4,428.3,429.3,37869
04/13/2005,429.3,431.5,428.8,431,33884
04/14/2005,431.1,431.3,423.5,425.6,54759
04/15/2005,425.2,427.8,424.1,426.5,30690
04/18/2005,426.5,429.7,424.7,429,38309
04/19/2005,428.9,435.2,428.1,434.4,57430
04/20/2005,434.6,437.4,433,436.7,50906
04/21/2005,436.6,436.8,433.6,434.4,40415
04/22/2005,434.4,437,433.5,435.6,21382
04/25/2005,435.6,436.6,434,435.8,29983
04/26/2005,435.8,439.1,435.7,439,45659
04/27/2005,438.7,438.8,433.2,434.1,56226
04/28/2005,434.2,435.3,432.2,432.4,41960
04/29/2005,432.6,438,431.9,436.1,44911
05/02/2005,436,436,429.5,430.5,47221
05/03/2005,430.8,431.4,427.3,427.7,52611
05/04/2005,427.7,430.9,427.6,430,34461
05/05/2005,430.1,432.5,428.8,430.7,35688
05/06/2005,430.7,432,424.5,426.9,77334
05/09/2005,426.9,427.4,425.4,426.9,23003
05/10/2005,426.8,428.8,426.6,427.9,25868
05/11/2005,428,429.3,426,427.9,42417
05/12/2005,428.1,428.2,420.9,422.2,81324
05/13/2005,422.3,423,419.3,420.7,60168
05/16/2005,420.5,421,418.2,419.3,45240
05/17/2005,419.5,421.5,419.2,419.8,37621
05/18/2005,420,422,418.8,421.9,49372
05/19/2005,421.8,423.3,419.5,420.8,33002
05/20/2005,420.8,421.1,416.8,417.7,50411
05/23/2005,417.9,418.5,416.8,416.9,40525
05/24/2005,417,419.4,416.2,417.7,70348
05/25/2005,417.8,419,417.1,418.9,79862
05/26/2005,419,420,417.1,418,72619
05/27/2005,420.6,422.8,420,422.4,67328
05/30/2005,422.7,422.8,420,422.8,0
05/31/2005,422.7,422.9,415.8,418.9,65636
06/01/2005,418.7,419.9,416.7,417.7,79132
06/02/2005,417.8,425.8,417.2,424.8,95845
06/03/2005,424.6,427,423.8,425.8,51378
06/06/2005,425.7,429.5,424.3,428.4,44814
06/07/2005,428.2,429.6,426.2,426.7,49121
06/08/2005,426.7,428.7,426.4,426.6,28096
06/09/2005,426.2,427.1,423,426.1,38075
06/10/2005,425.9,430.5,424.1,429.3,1529
06/13/2005,429.3,432.6,426.3,431.1,63254
06/14/2005,431.1,431.1,428.3,429.3,34885
06/15/2005,429,431.8,428,430.9,35196
06/16/2005,430.9,438.5,430,437.9,110696
06/17/2005,437.7,441.3,437.1,440,7383
06/20/2005,439.8,443.2,438.5,440,47252
06/21/2005,440.1,440.9,435.9,440.5,53633
06/22/2005,440.7,441.1,438,439.7,28688
06/23/2005,439.8,444.2,437.5,443.2,70899
06/24/2005,443.1,445.4,440,442,55328
06/27/2005,441.7,442,440.1,441.7,27964
06/28/2005,441.5,441.6,437.2,437.7,38325
06/29/2005,437.6,439.6,435.3,438.6,45905
06/30/2005,438.5,440.3,436.7,437.1,42083
07/01/2005,436.5,438.2,428,428.8,91896
07/05/2005,429.4,429.5,422.6,423.9,83906
07/06/2005,424.1,425.9,424,424.5,37975
07/07/2005,424.7,430.1,422.5,424.2,59936
07/08/2005,424.4,425.8,422.3,423.8,45995
07/11/2005,424,427.4,423.8,426.3,32566
07/12/2005,426.2,428.5,425.5,427.1,36332
07/13/2005,427.1,428,424,424.6,35368
07/14/2005,424.7,425.1,419.2,420.2,70709
07/15/2005,420,421.5,418.2,421.3,48538
07/18/2005,421.5,422.8,420.4,421,31928
07/19/2005,421.1,422.4,418.9,420.2,40719
07/20/2005,420.9,423.3,420,422.1,41340
07/21/2005,422.5,426,422.5,425.7,64389
07/22/2005,426,426.9,424.5,425,46412
07/25/2005,425,426.4,424.3,425.9,60720
07/26/2005,426,426.1,422.2,423.5,68160
07/27/2005,423.4,426,421.8,424.8,70257
07/28/2005,430.9,434.7,430.3,433.3,70592
07/29/2005,433.6,436.5,432.9,435.8,42173
08/01/2005,435.7,438.3,434.7,437.7,37170
08/02/2005,437.4,438.8,436.6,437.7,38325
08/03/2005,437.8,443,436.4,442.7,64550
08/04/2005,442.5,445,441.2,443.7,65161
08/05/2005,443.6,444.8,442.4,442.8,53378
08/08/2005,442.8,443.3,439.6,440.3,42182
08/09/2005,440.3,441.3,438.4,439.8,30543
08/10/2005,439.8,442.6,439.6,442,30245
08/11/2005,442.1,452.7,442.1,450.9,98426
08/12/2005,450.7,455.3,449.1,451.4,62362
08/15/2005,451.6,452.1,446.3,447.6,45614
08/16/2005,447.1,451.8,445.7,451.5,52431
08/17/2005,451.6,452.1,443.4,445.2,60139
08/18/2005,445.3,447.7,443.1,444.7,50822
08/19/2005,444.8,446,441,442.2,43707
08/22/2005,442.7,445.7,440.8,443,34647
08/23/2005,443.2,445.5,442.8,444.3,23924
08/24/2005,444.1,445.7,440.6,442.2,53746
08/25/2005,442.2,444.6,441.9,443.1,27130
08/26/2005,443.3,444.8,440.5,442.1,36334
08/29/2005,442,445.3,441.1,441.4,31803
08/30/2005,441.3,441.9,433.5,435.5,117874
08/31/2005,435.6,438.8,435.3,438.1,55271
09/01/2005,438.4,449.5,438.3,446.5,88444
09/02/2005,446.6,451.4,445.8,448.5,46134
09/06/2005,448.2,450.3,447,448.6,32062
09/07/2005,448.7,450.2,447.3,449,37860
09/08/2005,448.6,453.9,447.8,450.7,65902
09/09/2005,450.6,453.6,449.7,453,41505
09/12/2005,453.1,455.8,451.2,453.7,34502
09/13/2005,453.7,453.9,448.3,450,53310
09/14/2005,450.1,454.4,449.9,453.7,50508
09/15/2005,453.8,459.7,452.4,459.3,94297
09/16/2005,459.3,464,457.8,463.3,68967
09/19/2005,463.3,472.4,462,470.4,80356
09/20/2005,470,474.9,467.2,470,61596
09/21/2005,470,473.6,467.4,472.6,54422
09/22/2005,473.3,479,466.8,470.3,88680
09/23/2005,470.2,470.2,464.3,467.2,55002
09/26/2005,467.2,470.5,462.3,469.5,61123
09/27/2005,469.5,470.9,461.2,466.2,76192
09/28/2005,466,473.7,464.7,473.1,75376
09/29/2005,473.1,477,471.4,475.8,60669
09/30/2005,476.1,477.8,471.1,472.3,58946
10/03/2005,471.7,472.2,467.2,469.3,44951
10/04/2005,469,472.7,467.4,469.3,43497
10/05/2005,469.4,470.1,465.9,469.3,44643
10/06/2005,469.2,475.9,467.5,475,69312
10/07/2005,475,479.1,472.5,477.7,64576
10/10/2005,477.8,482,475.2,478,40461
10/11/2005,477.9,481.5,477.4,479.8,38886
10/12/2005,479.6,483.1,474.3,476.6,69555
10/13/2005,475.9,477,470.3,473.8,57424
10/14/2005,474.1,474.8,468.3,471.8,62117
10/17/2005,471.5,478,471.1,476.6,43350
10/18/2005,476.2,477,472.8,474.6,31493
10/19/2005,474.4,474.5,464,465.8,78685
10/20/2005,465.8,467.4,462,463.2,59338
10/21/2005,463.5,469.6,462.7,469.1,50879
10/24/2005,468.7,470.8,465.2,467,44591
10/25/2005,467.2,475.8,466.3,474.7,56507
10/26/2005,475,476.1,472.7,473,40262
10/27/2005,473.1,477.8,471.9,475.6,52349
10/28/2005,475.6,476.6,471.2,474.8,43015
10/31/2005,475,475.6,466.5,466.9,64712
11/01/2005,466.5,468.3,459.5,460.6,96592
11/02/2005,460.8,465.5,460.2,464.6,45202
11/03/2005,464.6,466.6,460.2,461.9,56540
11/04/2005,462.2,465.7,456.1,457.9,67074
11/07/2005,457.5,460.6,457.2,460.4,45717
11/08/2005,460.4,463.8,457.7,462.3,44237
11/09/2005,462.3,469,461.1,467.5,61755
11/10/2005,467.5,470.9,466,467.7,51275
11/11/2005,467.6,470,465.7,469.4,31702
11/14/2005,469.5,471.8,467.5,469.1,41788
11/15/2005,469,470.8,467.2,469,39986
11/16/2005,469,479.4,468.3,479.1,90220
11/17/2005,478.9,487.8,478,486.9,90605
11/18/2005,486.8,489.6,484.3,486.2,73748
11/21/2005,486.2,490.5,485,489.5,109640
11/22/2005,489.3,495.9,489.3,492.9,98163
11/23/2005,492.9,495.3,487.5,492.3,74565
11/28/2005,493,499.3,492.5,498.3,109050
11/29/2005,503,506.7,498.6,503.5,80651
11/30/2005,503.8,504.4,496,498.7,48514
12/01/2005,498,506.8,494.3,506.3,60345
12/02/2005,506.7,510.8,503.8,507,49562
12/05/2005,507,512.9,506.8,512.6,41287
12/06/2005,512.5,514.8,507.7,513.8,45849
12/07/2005,514,520.3,512.1,517.8,58795
12/08/2005,517.9,523.9,515.8,522.7,48174
12/09/2005,523.1,534.3,522.5,530.2,68850
12/12/2005,530.4,544.5,528.7,531.5,82015
12/13/2005,530.6,533,522.9,524.1,82128
12/14/2005,524.9,525.2,508.5,509.5,86223
12/15/2005,509.5,512.5,502.7,506.6,75285
12/16/2005,507.1,510.5,496.2,505.9,63071
12/19/2005,506.5,512.1,503.6,506.1,6699
12/20/2005,506.9,511.4,496.5,497,64110
12/21/2005,497.5,497.7,492.3,495.3,10386
12/22/2005,495.8,507.3,495.6,505,51693
12/23/2005,505.9,508.8,502.2,505.2,28820
12/27/2005,505.4,510.7,505.3,510.1,26598
12/28/2005,510.4,520.2,509.7,516.3,49532
12/29/2005,516,520.1,512.8,517.5,32726
12/30/2005,518.1,519.5,514.7,518.9,28159
01/03/2006,519.5,533.2,517.6,532.5,64871
01/04/2006,532.7,537.7,527,535.6,69329
01/05/2006,536.3,536.8,524,527.8,68732
01/06/2006,527.8,541.8,524.5,541.2,70073
01/09/2006,541.5,551.4,536.5,550.5,88713
01/10/2006,551.2,553.1,540.7,545.7,76658
01/11/2006,545,550.8,541,550.1,66046
01/12/2006,550.1,551.2,543.2,549.3,58110
01/13/2006,549,558.8,545.2,557,58876
01/17/2006,557.5,565.5,552.5,554.3,69796
01/18/2006,554.4,558.3,543.1,544.5,69497
01/19/2006,544.6,559.7,540.5,559,74269
01/20/2006,559.1,568.5,552.7,554,101037
01/23/2006,554.2,561,549.3,558.7,81131
01/24/2006,558.8,560.1,553.1,558.1,105363
01/25/2006,558.3,566.9,556.7,562.5,106914
01/26/2006,562.4,563.7,554.4,559.9,81790
01/27/2006,560.2,564.5,555.6,558.8,79958
01/30/2006,564,571.2,562.5,570.6,67813
01/31/2006,571,577.3,570,575.5,8170
02/01/2006,575,576.4,567.6,574,62820
02/02/2006,574.5,579.5,572,576.8,52100
02/03/2006,576,578,569,571.6,61118
02/06/2006,571.4,578,570.7,574.3,38269
02/07/2006,574,574.9,553.7,554.8,96399
02/08/2006,554.6,556.4,548.5,553.8,68204
02/09/2006,553.9,568.4,552.3,568.1,59046
02/10/2006,568.1,572.3,550,553.5,72748
02/13/2006,554,555.4,541.8,542.1,73738
02/14/2006,541.9,550.5,537.8,548.9,55966
02/15/2006,548.8,551,539,542.7,59703
02/16/2006,542.6,549.2,538.6,548.8,52996
02/17/2006,548.1,557,546.6,554.6,43957
02/21/2006,554.6,559.5,553.1,556.6,42094
02/22/2006,556.9,557.7,549.8,556.6,45839
02/23/2006,556.1,558.4,550.3,550.9,42154
02/24/2006,551.5,562,549.6,561.2,58716
02/27/2006,561.5,561.7,554.8,557,35156
02/28/2006,557.2,564.1,555.1,563.9,54200
03/01/2006,563.1,569,562.4,565.8,60191
03/02/2006,565.6,570.8,563.7,570.4,49551
03/03/2006,570.6,572.5,566.2,568,44154
03/06/2006,567.9,570.2,553.5,556.8,64515
03/07/2006,556.5,559.8,549.6,554.5,72672
03/08/2006,554,555.4,539.5,544.3,89862
03/09/2006,543.9,551.7,540.7,547,56948
03/10/2006,546.8,548.2,534.5,541.3,107180
03/13/2006,541.6,547.8,541.4,547.5,52689
03/14/2006,547.8,553.6,543.5,553,58673
03/15/2006,553,558.3,551.3,554.4,49742
03/16/2006,554.3,557.6,548.1,555.4,68409
03/17/2006,555.4,558.6,552.5,555.1,39789
03/20/2006,555.1,557.2,550.5,556.1,47706
03/21/2006,555.7,556,547.6,553.2,73603
03/22/2006,553.1,554,547.3,551.7,52003
03/23/2006,551.9,551.9,545.1,550.8,62522
03/24/2006,551.5,561.4,549,560.5,99489
03/27/2006,560.3,568.6,558.9,567.4,86618
03/28/2006,567.4,569.7,563.4,567,82356
03/29/2006,566.5,574.5,560.2,573.3,64190
03/30/2006,578,592.1,576.5,591.8,110122
03/31/2006,591.1,594.6,584,586.7,63558
04/03/2006,586.5,596.8,586.3,594.3,53857
04/04/2006,594.1,595.3,589.5,590.6,48696
04/05/2006,591.3,594.7,586.8,592.5,49107
04/06/2006,592.6,601.9,592,599.7,57788
04/07/2006,599.2,603.1,589.5,592.7,64870
04/10/2006,593.2,602.8,592.6,601.8,46156
04/11/2006,601.5,608.4,597.1,599.4,67234
04/12/2006,599.4,604,597.1,601.3,43696
04/13/2006,601.4,603,594,600.1,43138
04/17/2006,600.7,619.3,600.3,618.8,54540
04/18/2006,618.6,623.8,615.9,623.3,59567
04/19/2006,624,637.4,622.1,636,68841
04/20/2006,638.3,649,610.5,623.1,117494
04/21/2006,622.2,637.5,613.2,635.5,75196
04/24/2006,637.1,644.6,622.1,623.9,56476
04/25/2006,623,638,621,634.2,58465
04/26/2006,633.2,643.1,631,642,54189
04/27/2006,642.6,646.2,627,636.3,70587
04/28/2006,636.8,658.2,634,654.5,66836
05/01/2006,654.1,664,652,660.2,42587
05/02/2006,660.2,669.3,655.2,667.4,58734
05/03/2006,667.5,679.8,660,668.5,85192
05/04/2006,669,679.8,662.8,676.5,68739
05/05/2006,676.6,687,675.5,684.3,55097
05/08/2006,684.1,688.2,673,679.9,54685
05/09/2006,680,702.2,679.5,701.5,77700
05/10/2006,702,706.8,695.5,705.7,64260
05/11/2006,704.6,728,701.2,721.5,85404
05/12/2006,722.9,732,709.5,711.8,79675
05/15/2006,713.1,721.5,679,685,88043
05/16/2006,684.6,693.8,675.5,692.9,60053
05/17/2006,693.1,720,686.1,691.8,90571
05/18/2006,691.5,695,679.1,680.9,57119
05/19/2006,680.2,688.9,651,657.5,101586
05/22/2006,658.9,661.5,636.8,657.7,64366
05/23/2006,657.7,674.4,651.5,673.7,81571
05/24/2006,674.1,675,636,637.5,106506
05/25/2006,637.2,650.5,637.2,648.5,79299
05/26/2006,648.1,655.7,640.5,651,80564
05/30/2006,657.6,671.5,654.7,660.5,80290
05/31/2006,660,665.8,644,649,53418
06/01/2006,649.8,651.3,625.7,633.5,62875
06/02/2006,633.9,644,624,641,42021
06/05/2006,640.7,650.9,640.5,648.7,46662
06/06/2006,648.2,649.4,630.5,634.7,42797
06/07/2006,634.5,635.5,621.3,632.6,51073
06/08/2006,622.3,632,613,613.8,54325
06/09/2006,615,622,608,612.8,56284
06/12/2006,612.5,616.4,605,611.3,42021
06/13/2006,610,611.7,565.5,566.8,93899
06/14/2006,569.4,575.5,546.4,566.5,68729
06/15/2006,562,580.2,557.1,570.3,52628
06/16/2006,571.6,589,570.5,581.7,43947
06/19/2006,582.2,588,569.1,572.4,27362
06/20/2006,572.5,581,564.3,580.5,39962
06/21/2006,580,591.5,573.5,591,43918
06/22/2006,591.5,598.3,584.5,585.4,42916
06/23/2006,584.2,589,574.5,588,33705
06/26/2006,586.3,590.2,580,587.7,23995
06/27/2006,587.6,599,583.7,584.4,47778
06/28/2006,584.8,589.4,579.1,581,34318
06/29/2006,581.1,594.9,581,588.9,37714
06/30/2006,589.5,618,587.8,616,58020
07/03/2006,615.8,618.5,615,616,1507
07/05/2006,627,632.5,619.5,629.7,46706
07/06/2006,629.3,637,623.9,636.3,41860
07/07/2006,636.1,639.5,629.5,634.8,37795
07/10/2006,634.6,634.7,621.9,626.1,37439
07/11/2006,625.5,643.9,623.1,643.1,52101
07/12/2006,642,657,640.8,651.2,1467
07/13/2006,649,656.5,646,654.4,59722
07/14/2006,655.1,669,655.1,668,59324
07/17/2006,668.1,677.5,646,651.9,53974
07/18/2006,651.3,655.5,629,629.5,64970
07/19/2006,631,647.5,618.9,642.8,61910
07/20/2006,643.1,646.5,629.6,632.5,41701
07/21/2006,632.9,638,616,620.2,67471
07/24/2006,620.2,623.3,602.5,613.2,79990
07/25/2006,612.6,624.2,610,618,74528
07/26/2006,618,622.5,613,621.9,79194
07/27/2006,621.7,641,621.6,632.5,66412
07/28/2006,646,649.9,638,647.8,48918
07/31/2006,647,651.5,640.5,646.8,22954
08/01/2006,646.5,659.3,642.2,658.8,41109
08/02/2006,658.5,668.2,657,664.1,36869
08/03/2006,664,664.6,650.5,657,31859
08/04/2006,657.5,666,655,656,32178
08/07/2006,655.8,663.5,655.5,659.5,20475
08/08/2006,659,660.8,652.3,657.3,21054
08/09/2006,657,666.5,646.3,662,38511
08/10/2006,663,665.1,645.5,646,46893
08/11/2006,645.7,655.7,636.5,644.4,45752
08/14/2006,643.8,643.8,634.1,639.3,33222
08/15/2006,637.4,638.3,630.5,632.9,36103
08/16/2006,632.9,643,632.1,639,30889
08/17/2006,638.4,642,623.5,625.3,43978
08/18/2006,625,628.8,616.5,621.7,37746
08/21/2006,621.8,636.5,621.6,635.2,26437
08/22/2006,636,639.2,629.6,634,25230
08/23/2006,633,639.8,630.6,633,31942
08/24/2006,632.8,635.5,627.5,628.5,26986
08/25/2006,629.3,633.5,626.8,630.8,16629
08/28/2006,631.9,632.4,621,623.9,24706
08/29/2006,623.4,626.3,615.5,619.1,32064
08/30/2006,619.7,629.7,619.5,626.1,29917
08/31/2006,626.6,635,626,634.2,30178
09/01/2006,633.6,635.9,628,632.6,17209
09/05/2006,633.6,648.5,631.6,646.9,46940
09/06/2006,646.9,648.5,641,641.8,28316
09/07/2006,641,644,621,624.9,3763
09/08/2006,623.8,626.7,613.5,617.3,44170
09/11/2006,617.6,619,589.6,597.3,58998
09/12/2006,597.6,607,591.5,594.3,45255
09/13/2006,593.2,600.5,585.6,596.3,38207
09/14/2006,596.2,601.8,584,586,50294
09/15/2006,585.5,588.5,576.6,583,38621
09/18/2006,583.8,594.4,583,592.8,28318
09/19/2006,593.7,595.2,583,583.2,30322
09/20/2006,582.6,592.5,578.3,586.2,32368
09/21/2006,586.5,590.8,580.4,588.3,33693
09/22/2006,589.5,598.2,588.7,595.4,28527
09/25/2006,595,597,587.5,595.9,27486
09/26/2006,595.7,599.5,591.6,597.1,30986
09/27/2006,596.1,604.8,595.4,603.3,41109
09/28/2006,604.5,612.4,604,610.9,47151
09/29/2006,611.1,611.5,599.5,604.2,34713
10/02/2006,604.5,609.2,602,603.3,20537
10/03/2006,602.9,603.3,580.5,581.5,47116
10/04/2006,580.8,585.7,563.5,566.7,65100
10/05/2006,567.3,578.8,567,575.5,39773
10/06/2006,576.2,578.5,564.5,576.8,34721
10/09/2006,577.1,585.2,572.5,582.8,19899
10/10/2006,582.6,585.5,573,576.2,24199
10/11/2006,576.4,583.4,574.5,576.5,25112
10/12/2006,576.2,583,574.5,580.3,25058
10/13/2006,580.3,594.2,579.4,592.7,35039
10/16/2006,593.3,599.5,592.5,598.5,24248
10/17/2006,599.1,601.6,589,593.5,34878
10/18/2006,593.7,598.8,591.7,592.6,24851
10/19/2006,592.5,604,589.2,602.5,43637
10/20/2006,602.4,606,594.5,596.4,23834
10/23/2006,596.4,596.4,582.5,582.9,32655
10/24/2006,583.5,589,576,587.6,36367
10/25/2006,587.2,594.3,582.5,590.8,31451
10/26/2006,590.5,601.5,589.8,599.8,34611
10/27/2006,599.1,602.5,594.5,601,25377
10/30/2006,600.8,613.2,600,607.4,46185
10/31/2006,606.5,609.3,600.5,606.8,44443
11/01/2006,607.5,619.7,607.5,619.3,57415
11/02/2006,620.4,628.3,616.5,627.8,49633
11/03/2006,626.4,631.3,619.5,629.2,42871
11/06/2006,630,632.2,624.5,627.9,23654
11/07/2006,625.8,631.2,623.7,627.7,32240
11/08/2006,628.5,629.2,617.8,618.3,47672
11/09/2006,617.4,637,614.5,636.8,48625
11/10/2006,636.6,638,626.5,630.1,47547
11/13/2006,628.7,633.9,621.5,625.8,34043
11/14/2006,626.7,630.4,620,625.3,45966
11/15/2006,624.2,625.8,616,623.8,36751
11/16/2006,623.9,629,621.1,621.7,28332
11/17/2006,621.7,622.9,614.5,622.5,31279
11/20/2006,622.8,627.5,620.5,622.1,39260
11/21/2006,621.3,629,621.3,628.7,45648
11/22/2006,629,635,626.4,629,2365
11/24/2006,629.9,640.5,629,629,48066
11/27/2006,639.8,641.8,636.7,640.6,59683
11/28/2006,640.6,641.9,632.5,637.3,82649
11/29/2006,644.7,646.8,640.6,641.8,39764
11/30/2006,641.9,654.5,641.2,652.9,32096
12/01/2006,655,655.5,649.2,650.6,26296
12/04/2006,651.6,653.9,644.5,650.9,36340
12/05/2006,651.5,654.2,643.7,647.9,44393
12/06/2006,647.5,648.8,635.5,635.9,49429
12/07/2006,635.7,637.5,629.2,637,56360
12/08/2006,638.5,642.8,628.2,631,55279
12/11/2006,629.2,635.2,627.3,634.8,38946
12/12/2006,634.9,635.5,630.9,631.7,29177
12/13/2006,632.5,634.8,627.5,632.4,40176
12/14/2006,631.8,634,629.2,630.9,25493
12/15/2006,629.4,633.2,617.5,619.1,65372
12/18/2006,618.4,621.9,615.1,617.9,46685
12/19/2006,618.8,626,618.3,625.4,36743
12/20/2006,626.4,627.9,622.1,624.3,37334
12/21/2006,623.8,625.4,620.6,621.6,26421
12/22/2006,620.9,624.6,620.9,622.3,12829
12/26/2006,625,632.4,624.7,626.9,29423
12/27/2006,627.1,632,626.5,630.3,22880
12/28/2006,629.4,638.2,629.2,636.9,39657
12/29/2006,637.1,639.1,634.5,638,12629
01/02/2007,639.2,643.5,638.5,638,19380
01/03/2007,643,647.3,627,629.8,98487
01/04/2007,629.3,632.8,626,626.2,58927
01/05/2007,623.6,627.9,603,606.9,117674
01/08/2007,610,611.1,605,609.4,54979
01/09/2007,611,617.4,607,615,59246
01/10/2007,614.8,615.1,606.2,613.4,58880
01/11/2007,612,617,609.9,613.9,54233
01/12/2007,611.5,628.8,610.7,626.9,81166
01/16/2007,626.8,629,623.2,625.9,66444
01/17/2007,625.4,634.8,620.6,633.3,70099
01/18/2007,633,637.4,627.3,628.1,63535
01/19/2007,627.5,637,627,636.4,51084
01/22/2007,636,640.3,632.7,634.1,62237
01/23/2007,633.7,647,632.3,645.9,109517
01/24/2007,646.1,648.7,638.9,648.2,85581
01/25/2007,648,654.8,645.8,648.1,87214
01/26/2007,645.2,648.1,640.6,644.7,75734
01/29/2007,646,648.2,640.8,643.2,71048
01/30/2007,648.5,652.7,646.8,650.2,47551
01/31/2007,651.8,660.7,647.5,657.9,83731
02/01/2007,658.5,667.2,657.4,663,71265
02/02/2007,662.4,665.3,648,651.5,82680
02/05/2007,653.4,657.5,651.2,656.1,38429
02/06/2007,653.1,663.7,653,658.7,56136
02/07/2007,658.2,662,656.4,657.3,41925
02/08/2007,656.5,665.4,652.5,662.8,74078
02/09/2007,665.1,673.9,661.6,672.3,77428
02/12/2007,673.5,673.5,664.1,667.3,61298
02/13/2007,666.1,673.9,665.1,668.5,58888
02/14/2007,669,676.6,668,672,60615
02/15/2007,673.7,675,666.5,671.4,57656
02/16/2007,674.1,674.1,666.7,672.8,50425
02/20/2007,672.9,677.8,659,661,76156
02/21/2007,660.8,686.4,660.5,684,102641
02/22/2007,682.7,684.7,678.7,683,66377
02/23/2007,681.2,691.9,676.2,686.7,80185
02/26/2007,684.6,691.8,684.6,689.8,57622
02/27/2007,689.9,692.5,660,687.2,131907
02/28/2007,669.4,680.5,664,672.5,106581
03/01/2007,672.8,680.2,664.4,665.1,104442
03/02/2007,666.8,668.2,641.3,644.1,131593
03/05/2007,645.8,647,635.1,639.2,109405
03/06/2007,638.4,648.9,634.5,646.2,79078
03/07/2007,649.1,653.7,644.5,652.9,86283
03/08/2007,651.2,657.7,649,655.5,65449
03/09/2007,653.7,659.8,648.8,652,79724
03/12/2007,650.9,655.4,646.8,650.3,69068
03/13/2007,652.2,653.8,647,649.4,60385
03/14/2007,644,647,637.6,642.5,90432
03/15/2007,645.1,651.3,644.5,647.1,53683
03/16/2007,647.2,656.5,646.8,653.9,57857
03/19/2007,653.6,657.1,652.5,654.3,39796
03/20/2007,654.4,662,653.3,659,74042
03/21/2007,659,662.9,657.5,660,52146
03/22/2007,665.2,667.6,662.3,664.2,74291
03/23/2007,664.4,665.3,655.2,657.3,75336
03/26/2007,657.8,666.5,657.1,663.9,82317
03/27/2007,664,666,661.7,662.5,73176
03/28/2007,664.8,669.8,663.3,666.8,10244
03/29/2007,672.5,672.5,660.8,667.6,86892
03/30/2007,667.4,673.8,666.5,669,63499
04/02/2007,671,672.3,661.7,671.5,67908
04/03/2007,670,673.4,667.5,669.7,64011
04/04/2007,670.3,681.1,668.8,677.4,100918
04/05/2007,679.4,681,676.6,679.4,48937
04/09/2007,676.7,683.1,675.6,676.9,40547
04/10/2007,676.2,686.8,675.8,681.5,55005
04/11/2007,682.4,686.2,679,681.7,51093
04/12/2007,682.2,684.6,675.5,679.7,64244
04/13/2007,680.7,690.5,680.1,689.9,75847
04/16/2007,691,695,687.4,694.5,68757
04/17/2007,694.7,695.5,690.2,692.5,50451
04/18/2007,691,695.4,689,693.3,61393
04/19/2007,693.9,695.9,682.5,688.3,80142
04/20/2007,687.7,698,686.7,695.8,67587
04/23/2007,696.1,697.7,690.5,694.2,50747
04/24/2007,693.3,695.7,684.3,687.7,85954
04/25/2007,687.4,690,685.8,687.4,52010
04/26/2007,689,690.3,674.4,678,103486
04/27/2007,677.7,684.9,673.8,681.8,66972
04/30/2007,684.7,684.9,678.8,683.5,46774
05/01/2007,681.2,682.3,674.6,677.3,67235
05/02/2007,676.7,677.9,670,675.1,78266
05/03/2007,675.4,685.2,674.5,684.4,71008
05/04/2007,684.2,693.2,682.6,689.7,77219
05/07/2007,690.9,693.3,689,690.4,40340
05/08/2007,690.9,691.3,684.1,687.4,64197
05/09/2007,687.1,688.9,677.5,682.5,75104
05/10/2007,682.2,683.2,665.9,667,132428
05/11/2007,667.6,674.3,666.3,672.3,86063
05/14/2007,671.9,676.4,667.5,670.1,67320
05/15/2007,670.5,675,666,674.5,69825
05/16/2007,673.1,674.4,660.6,661.5,109111
05/17/2007,663.2,665.3,654.1,657.2,97420
05/18/2007,658.4,664,656.4,662,75396
05/21/2007,663.1,664.6,657.5,663.8,61251
05/22/2007,663.5,665.9,659.4,659.9,70305
05/23/2007,659.7,665.3,657.5,662.6,64169
05/24/2007,661.6,663.2,651.5,653.3,131075
05/25/2007,653.8,656.9,653.3,655.3,64264
05/29/2007,655.7,662,654.5,657.2,100718
05/30/2007,662.3,664.6,657.7,659.3,83425
05/31/2007,658.7,667.5,658.6,666.7,68753
06/01/2007,666.5,677.5,666.2,676.9,84643
06/04/2007,677.1,679.5,674.2,676.3,56182
06/05/2007,676.4,678.8,674.2,675.1,48051
06/06/2007,675.3,677.3,670.2,674.6,76730
06/07/2007,675.5,678,662.5,665.2,96069
06/08/2007,663.9,665.9,647.8,650.3,125762
06/11/2007,654,659.4,653.2,659,53929
06/12/2007,657.8,658.8,649.5,653.1,58509
06/13/2007,652.6,656.9,647,652.7,67596
06/14/2007,655.4,658.2,649.5,655.9,62371
06/15/2007,655.8,659.5,653.6,658.7,53925
06/18/2007,658.7,662.9,658,659.9,39222
06/19/2007,659.4,665.8,657.1,664.7,63849
06/20/2007,664.6,665.4,659.4,660,60162
06/21/2007,656.7,659.7,650.5,654.2,77890
06/22/2007,655,659.5,653.5,657,48946
06/25/2007,657.5,657.7,651.6,654.7,47610
06/26/2007,654.4,654.7,642.8,645.3,106269
06/27/2007,643.1,647.5,641.1,644.8,64506
06/28/2007,646.2,652.5,645.5,650.4,57913
06/29/2007,651,655,648.8,650.9,46882
07/02/2007,651.5,661.3,650.6,659.2,72672
07/03/2007,659.2,660.3,654,655.4,61215
07/05/2007,656.1,658.7,647.4,650.6,84068
07/06/2007,651.5,658,646.7,654.8,79433
07/09/2007,657.8,666,655.3,662.5,83837
07/10/2007,662.1,667,660.3,664.4,77458
07/11/2007,665,667.8,661.3,662.1,61063
07/12/2007,661.9,671,661.8,668.3,83470
07/13/2007,668,669.9,664.4,667.3,69743
07/16/2007,667.4,670.5,665,666.3,42191
07/17/2007,666.2,668.4,663,665.9,50738
07/18/2007,665.4,675.3,665.2,673.7,90980
07/19/2007,673.6,678.5,672,678.1,75283
07/20/2007,678.5,687.6,675.8,684.7,103817
07/23/2007,685.1,685.8,680.5,681.5,55401
07/24/2007,682,688.4,681.4,684.8,111824
07/25/2007,681.6,682.5,670.5,673.8,122683
07/26/2007,675.3,677.4,652.8,662.8,167328
07/27/2007,662.8,666.8,656.6,660.1,95749
07/30/2007,673,676.8,671.8,676.6,56245
07/31/2007,677.3,680.9,675.3,679.3,52274
08/01/2007,675.3,679,670.6,675.9,71656
08/02/2007,679.1,679.4,674,676.6,40019
08/03/2007,676.8,687.1,676.2,684.4,78920
08/06/2007,686.8,687.4,680,683.3,49915
08/07/2007,683,683.7,677.4,682.3,52631
08/08/2007,683.1,688.1,680.8,686.3,54055
08/09/2007,686,686,669.8,672.8,108755
08/10/2007,672.1,687.4,668.8,681.6,111757
08/13/2007,682.8,683.7,679.1,680.9,40451
08/14/2007,680,682.2,676.3,679.7,55766
08/15/2007,680,681.8,672.5,679.7,76382
08/16/2007,677.8,678.5,651.6,658,169664
08/17/2007,660.8,674.5,655.5,666.8,94331
08/20/2007,667,670.6,662.3,666.5,54000
08/21/2007,667.6,669.8,663.9,666.2,58169
08/22/2007,667,671.6,664.2,668.7,55486
08/23/2007,670.1,674.5,667.4,668.4,57081
08/24/2007,669.3,679,666.7,677.5,67675
08/27/2007,677.5,677.8,674.9,676.2,24129
08/28/2007,676,677.7,671,673.5,53511
08/29/2007,671.1,678.2,670.2,675.4,53618
08/30/2007,676.5,676.8,671.8,673.9,46155
08/31/2007,673.3,683.9,673,681.9,56719
09/04/2007,681.9,692,680.1,691.5,75008
09/05/2007,691,692.3,687.3,690.7,51606
09/06/2007,691,707.3,690.2,704.6,127691
09/07/2007,705.5,716.6,701.5,709.7,129182
09/10/2007,709.5,716.3,708,712.2,67168
09/11/2007,711.8,723.8,711.5,721.1,99930
09/12/2007,721.2,723.6,714.5,720.7,78049
09/13/2007,720,721.2,712,717.9,75139
09/14/2007,717,726.5,712.7,717.8,94363
09/17/2007,715.8,728.9,714.8,723.8,78796
09/18/2007,726.2,730.5,720,723.7,100840
09/19/2007,732.3,735,727.7,729.5,98070
09/20/2007,729.6,746.5,728.9,739.9,140150
09/21/2007,741.6,747.1,734,738.9,100859
09/24/2007,738.6,743.9,733.5,739.3,80781
09/25/2007,737.6,741.7,729.2,738.8,101360
09/26/2007,738.5,744.2,733.4,735.5,104086
09/27/2007,734.9,743.2,733.9,739.9,83510
09/28/2007,740.8,752.8,740,750,101863
10/01/2007,750.6,755.7,747.8,754.1,68808
10/02/2007,753.9,754,730.7,736.3,125569
10/03/2007,738.4,742.5,732.3,735.7,86469
10/04/2007,734.8,744.7,726.3,743.8,132488
10/05/2007,743.8,750.7,732.7,747.2,111763
10/08/2007,747.5,748.5,736.7,738.7,48487
10/09/2007,739,746.5,732.2,743.1,99307
10/10/2007,743.5,751.9,742.8,746,82202
10/11/2007,746.1,759.3,745.8,756.7,120317
10/12/2007,753.2,757.6,750,753.8,79547
10/15/2007,754,765.5,752.7,762.2,97583
10/16/2007,763.7,772,758.2,762,126970
10/17/2007,765.6,769.8,756.4,762.3,132694
10/18/2007,760.2,771.5,759.2,768.7,93601
10/19/2007,772.5,776.9,762.4,768.4,110423
10/22/2007,770.9,772.8,749,760,148678
10/23/2007,758.8,765.5,756.8,763.1,83117
10/24/2007,763.3,767,757.7,765.6,85615
10/25/2007,767.1,773.5,765.5,771,84788
10/26/2007,772.9,789.5,771.8,787.5,98805
10/29/2007,788,798.3,787.7,792.6,111976
10/30/2007,794.2,795.6,782.2,787.8,97798
10/31/2007,784.8,796.2,780,795.3,113908
11/01/2007,799.4,802.5,786.6,793.7,113669
11/02/2007,790.5,811,790,808.5,125974
11/05/2007,810.5,814.2,803.5,810.8,90033
11/06/2007,809.5,828,808.6,823.4,116220
11/07/2007,826.9,848,824.8,833.5,195009
11/08/2007,831.6,848,825.6,837.5,175785
11/09/2007,835.5,840.7,828.5,834.7,122786
11/12/2007,831.9,833.6,798.8,807.7,180907
11/13/2007,795.7,810.4,791.7,799,156362
11/14/2007,802.1,817.4,800,814.7,113579
11/15/2007,813.3,819.4,783,787.3,181657
11/16/2007,789,798.4,784.5,787,124286
11/19/2007,788.1,794.9,775.7,778,117456
11/20/2007,782.5,799.5,773.4,791.4,156533
11/21/2007,803.3,808,795,798.6,115804
11/23/2007,801.2,826.1,798.4,824.7,106719
11/26/2007,823.7,837.2,820,826.5,170843
11/27/2007,823.4,829.4,807.4,814,188877
11/28/2007,812.6,815.9,791,800.3,165342
11/29/2007,811.2,814.9,801.3,802.3,115037
11/30/2007,799.6,806.2,785,789.1,117064
12/03/2007,789.1,798,783,794.7,73122
12/04/2007,800,811.7,792.6,807.6,92933
12/05/2007,808.6,813,797.6,803.7,88995
12/06/2007,801,811.5,790.9,807.1,105669
12/07/2007,807.4,811.1,796.4,800.2,91660
12/10/2007,801,818,799.5,813.5,77875
12/11/2007,814.1,819.3,809,817.1,85574
12/12/2007,803.2,822.8,802.2,818.8,104699
12/13/2007,818.3,819,796.8,804,117080
12/14/2007,801.7,808.5,792.3,798,93428
12/17/2007,798.8,803.6,789.6,799.3,67017
12/18/2007,798.9,811.4,794.7,807.4,80776
12/19/2007,807.6,809.4,802.2,805.4,58497
12/20/2007,807.3,807.6,797.2,803.2,63782
12/21/2007,800,816.7,799.5,815.4,74028
12/24/2007,815.5,819.7,812.2,816.5,23740
12/26/2007,816.3,830.2,811.6,829.5,55509
12/27/2007,828.1,835.5,825.2,831.8,68252
12/28/2007,829.6,844.6,828.3,842.7,61729
12/31/2007,843.2,847.4,833,838,48304
01/02/2008,837.5,864.9,837.5,860,137804
01/03/2008,861.5,872.9,856.5,869.1,136253
01/04/2008,866.1,871.8,857,865.7,122758
01/07/2008,862.8,867.8,857.8,862,89731
01/08/2008,860.7,884,859.4,880.3,125474
01/09/2008,880.3,894.4,873.8,881.7,137272
01/10/2008,881,897.3,867.8,893.6,180840
01/11/2008,896.8,900.1,888.8,897.7,125396
01/14/2008,899.4,915.9,893.1,903.4,134996
01/15/2008,904.6,916.1,894.6,902.6,166327
01/16/2008,890.6,901,875,882,203124
01/17/2008,878.1,891.5,875.2,880.5,127242
01/18/2008,879.8,889.4,870.6,881.7,97964
01/22/2008,882,895.6,849.5,890.3,274246
01/23/2008,893.5,896.5,876.6,883.1,166816
01/24/2008,892.2,911.1,889.4,905.8,165385
01/25/2008,914.1,924.3,906,910.7,106150
01/28/2008,912.5,929.8,911.3,927.1,169894
01/29/2008,928.5,933.3,919.6,925.1,157692
01/30/2008,930.1,932.1,921.1,926.3,130239
01/31/2008,933.1,934,923,928,101345
02/01/2008,929.8,941.8,908,913.5,170056
02/04/2008,910.5,917.4,896,909.4,123843
02/05/2008,907.5,911.3,888.4,890.3,152819
02/06/2008,892.9,912,890,905,124136
02/07/2008,904.4,915.2,900.1,910,123220
02/08/2008,914.8,927.3,911.3,922.3,87791
02/11/2008,924.1,931,919.6,926.7,87879
02/12/2008,926,928.5,907.2,911.1,122521
02/13/2008,909.8,914.5,899.5,910.2,108824
02/14/2008,909.5,917.3,904.8,910.8,90861
02/15/2008,911.2,919,900.6,906.1,93911
02/19/2008,905.1,934.4,903.2,929.8,133503
02/20/2008,930.6,939.4,916.1,937.8,131899
02/21/2008,947,958.4,941,949.2,128006
02/22/2008,948.5,953,938.1,947.8,102148
02/25/2008,948,954.9,935.5,940.5,120116
02/26/2008,940.3,953.2,928.9,948.9,111104
02/27/2008,951.8,967.7,951.8,961,128040
02/28/2008,961.2,975,955.5,967.5,120556
02/29/2008,973.1,978.5,966.2,975,118009
03/03/2008,975.6,992,975.5,984.2,125169
03/04/2008,985.7,990.3,958.3,966.3,165208
03/05/2008,966.9,995.2,960.7,988.5,154170
03/06/2008,991,994.3,966.5,977.1,171611
03/07/2008,977.5,990.7,971,974.2,144063
03/10/2008,975.3,982.8,961.9,971.8,126788
03/11/2008,974.9,987.8,966,976,157010
03/12/2008,974.1,985,969.5,980.5,111272
03/13/2008,984.9,1001.5,982.7,993.8,142871
03/14/2008,997.2,1009,991.7,999.5,160290
03/17/2008,1004.5,1033.9,994.1,1002.6,225443
03/18/2008,1003.7,1013.4,994.8,1004.3,169337
03/19/2008,982.9,997.8,940,945.3,295222
03/20/2008,942.9,943.8,904.7,920,230124
03/24/2008,918.3,927.5,906.2,918.7,94060
03/25/2008,915.4,937,911.9,935,158058
03/26/2008,939.1,952.5,934.7,949.2,175123
03/27/2008,954.2,955.2,940,948.8,145634
03/28/2008,952.8,956.3,928,936.5,123555
03/31/2008,936.4,945.7,917.1,921.5,118963
04/01/2008,920.5,925.7,876.3,887.8,190147
04/02/2008,888,911.5,885.1,900.2,121638
04/03/2008,906.6,913.2,892,909.6,118277
04/04/2008,907.7,919,903,913.2,92603
04/07/2008,917,933.7,914.4,926.8,95881
04/08/2008,923.9,929.7,911.4,918,96188
04/09/2008,919.1,939.6,906.6,937.5,128857
04/10/2008,937.5,943.4,925,931.8,122170
04/11/2008,932.7,935.8,920.5,927,89345
04/14/2008,924.2,935.4,917.5,928.7,80123
04/15/2008,928,939.8,926.1,932,88687
04/16/2008,931.3,952.7,927.3,948.3,122103
04/17/2008,948.5,956.2,940.3,942.9,102951
04/18/2008,944.1,949.8,907.3,915.2,149069
04/21/2008,920.1,931.9,914,917.6,116793
04/22/2008,919,928.5,914.4,925.2,94205
04/23/2008,919.4,925.7,899.2,909,157099
04/24/2008,906.9,909.3,885.3,889.4,143698
04/25/2008,888.7,899,880,889.7,115034
04/28/2008,890,898.1,888.8,895.5,83084
04/29/2008,895.6,895.8,870.3,876.8,118111
04/30/2008,872.2,880.8,864.1,865.1,133212
05/01/2008,879,883.6,848.5,850.9,142833
05/02/2008,853.8,860.9,846.4,858,103598
05/05/2008,859.2,876,858.7,874.1,83722
05/06/2008,875.4,884.5,872.6,877.7,108030
05/07/2008,877.4,883.3,864.4,871.2,99975
05/08/2008,870.1,887,866.4,882.1,123105
05/09/2008,885.5,890.8,871,885.8,116621
05/12/2008,884.3,890.8,878.5,884.9,89448
05/13/2008,884,887.2,861,869.6,141562
05/14/2008,867.2,871.7,860,866.5,94943
05/15/2008,865.6,888.5,862.3,880,149377
05/16/2008,882.9,905.6,880.5,899.9,139909
05/19/2008,903.2,914.2,900.6,905.8,97210
05/20/2008,906.2,924.1,903.1,920.2,133349
05/21/2008,921,933,916.5,928.6,141229
05/22/2008,932.9,935.4,917.1,918.3,143902
05/23/2008,921.2,929.5,914.7,925.8,108724
05/27/2008,924.8,930.6,903.3,907.9,197895
05/28/2008,906.2,909.2,888.3,900.5,149889
05/29/2008,906.2,907.8,876.6,881.7,167415
05/30/2008,881.7,892.8,873,891.5,90628
06/02/2008,891.3,901.2,884.4,897,90576
06/03/2008,894.2,900.6,878,885.5,123856
06/04/2008,883.9,890.1,879.2,883.8,95355
06/05/2008,881.8,883.3,867.7,875.5,146535
06/06/2008,881,905.6,880,899,130728
06/09/2008,906.1,912.5,893.2,898.1,119589
06/10/2008,894.5,897.9,866.7,871.2,159441
06/11/2008,871.2,885.9,870,882.9,103590
06/12/2008,883.5,884.9,859.6,872,144909
06/13/2008,871,876.7,861.5,873.1,89869
06/16/2008,872.6,897.3,868.7,886.3,104892
06/17/2008,884.7,891,876.2,886.9,97083
06/18/2008,884.9,898.1,882.5,893.5,103374
06/19/2008,896.8,911,888.8,904.2,151919
06/20/2008,900.4,910.1,897.8,903.7,90239
06/23/2008,903.7,909.7,877.4,887.2,130320
06/24/2008,885.5,896.5,884.4,891.6,94217
06/25/2008,891.7,892.9,875.2,882.3,107935
06/26/2008,888,920.3,886.6,915.1,148400
06/27/2008,919,933,912.2,931.3,128283
06/30/2008,930.9,937.7,920.2,928.3,112674
07/01/2008,928,948.5,923.8,944.5,149447
07/02/2008,941.6,947.9,933.5,946.5,125044
07/03/2008,946.6,950,928,933.6,128419
07/04/2008,935.9,938.3,930.8,933.6,10902
07/07/2008,934.9,935.1,916.3,928.8,127972
07/08/2008,927,935.3,913,923.3,135710
07/09/2008,921.7,930.5,917.2,928.6,116796
07/10/2008,929.8,949.2,926.4,942,140164
07/11/2008,946.1,969.1,942.6,960.6,165466
07/14/2008,966.8,976.4,954.2,973.7,159779
07/15/2008,974.2,989.6,968.7,978.7,223407
07/16/2008,978.5,982.5,958.2,962.7,173591
07/17/2008,960.6,980,953.1,970.7,231443
07/18/2008,958.4,965,950.2,958,124015
07/21/2008,957.3,969,955.7,963.7,96674
07/22/2008,966.1,977,942.1,948.5,193292
07/23/2008,945.9,949.3,917.5,922.8,203965
07/24/2008,920.8,931.4,915.9,922.3,174083
07/25/2008,927.6,935.2,918.5,926.8,157770
07/28/2008,929,932.9,922.4,927.7,148634
07/29/2008,930,933,913.1,916.5,147310
07/30/2008,927.8,929,902.7,912.3,155386
07/31/2008,917,934.5,915.3,922.7,130539
08/01/2008,922.9,926,910.3,917.5,110565
08/04/2008,919,924.1,902.1,907.9,121038
08/05/2008,903.7,903.9,880.7,886.1,150026
08/06/2008,881.7,894.6,880.5,883,112613
08/07/2008,887.6,892.6,874.8,877.9,123697
08/08/2008,879.4,881.3,857.5,864.8,142748
08/11/2008,863.4,872.7,824.5,828.3,199732
08/12/2008,829.1,833.6,808.6,814.6,197566
08/13/2008,818.4,836.4,811.5,831.5,157642
08/14/2008,833,842.9,810,814.5,161415
08/15/2008,812.3,812.6,777.7,792.1,155273
08/18/2008,795.5,809.9,795.1,805.7,105801
08/19/2008,804.9,822.9,787.5,816.8,137358
08/20/2008,819.4,824.5,805.2,816.3,126543
08/21/2008,818.6,845,816.6,839,130539
08/22/2008,841.1,843.6,826.1,833.5,98414
08/25/2008,831.1,831.9,821.1,825.7,79936
08/26/2008,827.3,836,812,828.1,140256
08/27/2008,829.3,841.4,826,834,103839
08/28/2008,832,849.7,830.5,837.2,133619
08/29/2008,838.9,844.2,834,835.2,84368
09/02/2008,842.2,842.8,795.2,810.5,197495
09/03/2008,810.2,813.5,793.7,808.2,126776
09/04/2008,806.4,819.5,798.1,803.2,132047
09/05/2008,801,824.2,794.8,802.8,176918
09/08/2008,815.6,823,800.8,802.5,145823
09/09/2008,806.9,809.5,779.7,792,208816
09/10/2008,780.7,787.7,755.1,762.5,208447
09/11/2008,755.8,762,739.8,745.5,185675
09/12/2008,752.7,770.5,749.2,764.5,150632
09/15/2008,773.2,791.4,767.4,787,169090
09/16/2008,791.3,794,775.2,780.5,170035
09/17/2008,781.5,872.9,777.5,850.5,317196
09/18/2008,866.5,926,836,848.6,312278
09/19/2008,856,881.4,828.5,864.7,170961
09/22/2008,874.6,913.8,866.2,909,189775
09/23/2008,906,915.2,885,891.2,152405
09/24/2008,896.4,907.8,880.4,895,132783
09/25/2008,889.5,903.5,868.8,882,165177
09/26/2008,882.5,920.1,871.2,888.5,167403
09/29/2008,878,932,872.2,894.4,181991
09/30/2008,911,920.2,860.1,880.8,143006
10/01/2008,876.9,898.7,869.6,887.3,118408
10/02/2008,876.2,881.6,833.5,844.3,154807
10/03/2008,841,852.7,822.5,833.2,136410
10/06/2008,836,879,828.4,866.2,133329
10/07/2008,859.1,893.7,858,882,120383
10/08/2008,890.9,924.9,880.1,906.5,171462
10/09/2008,910.2,929,882.9,886.5,105009
10/10/2008,915.2,936.3,829,859,214106
10/13/2008,855.8,875,824.5,842.5,107710
10/14/2008,835.2,857.4,833.6,839.5,94692
10/15/2008,837.9,859.2,833.1,839,94981
10/16/2008,851,852.1,786.7,804.5,140794
10/17/2008,807.4,816.9,772.2,787.7,104709
10/20/2008,784.6,811.8,782.8,790,76838
10/21/2008,798,805,766.4,768,101814
10/22/2008,773.6,777.9,720,735.2,147819
10/23/2008,730,735.2,695.2,714.7,148938
10/24/2008,724.7,750.4,681,730.3,143872
10/27/2008,735.1,747.8,707,742.9,106840
10/28/2008,731.2,756.1,724.1,740.5,98866
10/29/2008,747.1,775.3,736,754,117904
10/30/2008,757.5,778.3,733,738.5,114335
10/31/2008,737.4,742.5,717.1,718.2,96727
11/03/2008,727,739.5,721.8,726.8,70307
11/04/2008,723.9,769.3,721.8,757.3,114504
11/05/2008,770,770,735.7,742.4,112651
11/06/2008,738.4,761.3,727.5,732.2,120934
11/07/2008,734.5,744.9,725.5,734.2,82885
11/10/2008,739.8,768.9,738.4,746.5,119397
11/11/2008,745,749.9,725.5,732.8,107773
11/12/2008,732.3,738.4,708.3,718.3,115257
11/13/2008,708.4,739.2,698.2,705,138221
11/14/2008,734,754,724,742.5,132640
11/17/2008,740,748.7,729.6,742,85042
11/18/2008,736.9,745.6,730.3,732.7,95165
11/19/2008,737.8,764.8,731.4,736,143008
11/20/2008,735.2,753.4,732.6,748.7,118163
11/21/2008,745.8,802.8,742.5,791.8,178814
11/24/2008,802,830.1,786.2,819.5,153806
11/25/2008,821.7,833.5,803,818.5,158862
11/26/2008,821.5,824.6,809.6,811.3,79202
11/28/2008,812.3,822,810.6,819,40997
12/01/2008,819,820,768,776.8,100415
12/02/2008,768.8,788.2,761.8,783.3,78047
12/03/2008,783.6,784,764.1,770.5,80382
12/04/2008,775,790,763,765.5,90616
12/05/2008,766.7,773.3,741.2,752.2,104915
12/08/2008,755.2,782.8,754.1,769.3,79720
12/09/2008,772.7,780.7,762.5,774.2,71756
12/10/2008,776.7,813.9,774.2,808.8,112525
12/11/2008,809.6,835.3,802.5,826.6,104526
12/12/2008,820,829.7,807.5,820.5,91989
12/15/2008,825,843.7,821,836.5,93675
12/16/2008,838.2,860.8,830.2,842.7,94901
12/17/2008,860,883.6,847.2,868.5,149543
12/18/2008,866.1,879.6,848.8,860.6,116594
12/19/2008,853.6,854.9,830.1,837.4,73520
12/22/2008,839.4,853,836.7,847.2,54710
12/23/2008,849,849.8,829.8,838.1,48854
12/24/2008,840.5,849.6,835.4,848,20523
12/26/2008,847.5,874,843.4,871.2,23559
12/29/2008,873,892,873,875.3,73963
12/30/2008,882.6,885.9,864.7,870,54343
12/31/2008,874.7,886,857.3,884.3,54996
01/02/2009,883,889.1,868.1,879.5,46093
01/05/2009,880.7,885.5,843.5,857.8,95451
01/06/2009,859.1,871.4,838.8,866,101200
01/07/2009,864.2,867.8,836,841.7,119843
01/08/2009,843.2,865.3,836.7,854.5,111880
01/09/2009,857.8,869.3,845,855,106498
01/12/2009,856.1,857.5,815.1,821,132306
01/13/2009,821.5,831.4,814,820.7,98866
01/14/2009,821.8,829.9,806.6,808.8,117221
01/15/2009,810.3,822.1,801.5,807.3,134944
01/16/2009,817.3,843.6,815.7,839.9,105205
01/20/2009,844.1,866.6,823.6,855.2,169398
01/21/2009,857.3,864.6,843,850.1,123210
01/22/2009,854,863.2,843.5,858.8,107559
01/23/2009,857.2,903.8,852.1,895.8,197174
01/26/2009,898.9,916.3,889,908.8,148370
01/27/2009,902.9,907.6,892.2,899.5,113675
01/28/2009,899.5,903.4,882,888.2,137271
01/29/2009,890,911.3,875.7,906.5,126384
01/30/2009,911,931.3,903.1,928.4,129072
02/02/2009,927,929,902.1,907.2,96273
02/03/2009,904.4,914.3,890.3,892.5,107990
02/04/2009,901.1,910.9,896.2,902.2,75619
02/05/2009,906.4,926.3,903.4,914.2,100190
02/06/2009,915.2,921.9,905.4,914.3,77397
02/09/2009,913.4,913.4,891.9,892.8,81739
02/10/2009,895.9,919.7,892,914.2,114810
02/11/2009,916.2,949,912,944.5,172829
02/12/2009,939.4,954,936.5,949.2,124887
02/13/2009,946.6,946.9,933,942.2,77272
02/17/2009,940.8,975.4,937.3,967.5,137885
02/18/2009,970.2,988.7,961.6,978.2,117775
02/19/2009,987,987.9,969.5,976.5,116161
02/20/2009,973.2,1007.7,971.5,1002.2,163165
02/23/2009,994.3,999.6,976.2,995,111088
02/24/2009,992.1,997,960.2,969.5,156165
02/25/2009,962.5,979.7,945.2,966.2,140321
02/26/2009,953.6,957.6,932.2,942.6,133178
02/27/2009,947,964,927,942.5,148526
03/02/2009,940.3,959.5,921,940,124350
03/03/2009,928,933.5,905.7,913.6,130261
03/04/2009,916.5,923.7,900.4,906.7,102120
03/05/2009,906.8,937.5,906.2,927.8,107514
03/06/2009,934.2,945.5,930.6,942.7,87163
03/09/2009,941.2,942.8,911.1,918,108004
03/10/2009,922.9,923.1,891.1,895.9,138514
03/11/2009,896.1,913.8,892.6,910.7,95706
03/12/2009,906.7,931.6,906.3,924,123791
03/13/2009,927.4,941.1,919.6,930.1,98234
03/16/2009,928.3,930.6,915.3,922,84779
03/17/2009,924.5,925.3,912.4,916.8,70710
03/18/2009,915.2,954,882.7,889.1,226078
03/19/2009,941.6,963.5,926,958.8,181060
03/20/2009,959.2,967.8,946.7,956.2,108944
03/23/2009,950.5,958.1,936,952.5,104400
03/24/2009,938.4,944.6,916.9,923.8,154379
03/25/2009,927.6,942,916,935.8,162936
03/26/2009,934.9,946.6,932,940,122915
03/27/2009,934.4,936.7,919,923.2,106869
03/30/2009,926,934.7,910.4,917.7,114012
03/31/2009,919.3,926.9,913.6,925,93007
04/01/2009,920,935.8,918.6,927.7,84432
04/02/2009,929.1,931.8,896.1,908.9,154079
04/03/2009,905,911.8,892.5,897.3,100970
04/06/2009,898,899.5,865,872.8,123648
04/07/2009,870.1,886.9,870.1,883.3,68272
04/08/2009,884.6,891.7,879.2,885.9,79891
04/09/2009,882.6,887.8,876,883.3,53689
04/13/2009,882.9,901.2,882.9,895.8,47867
04/14/2009,894.2,899.7,887.1,892,57461
04/15/2009,891.2,902.1,886.2,893.5,56028
04/16/2009,893,895,873,879.8,80700
04/17/2009,876.9,877.9,865.6,867.9,75752
04/20/2009,870.2,889.7,865.6,887.5,75861
04/21/2009,886.5,896.4,879.5,882.7,73221
04/22/2009,884.8,894.8,882.8,892.5,59579
04/23/2009,891.3,910.4,890.5,906.6,90672
04/24/2009,905.5,915.4,904.2,914.1,74412
04/27/2009,915,919.7,905.8,908.2,59465
04/28/2009,907.2,907.7,884.6,893.6,81046
04/29/2009,894,904,888.3,900.5,69351
04/30/2009,898.6,900.8,880.1,891.2,81596
05/01/2009,888.9,890.8,880.5,888.2,46712
05/04/2009,887.5,908.3,885.6,902.2,83805
05/05/2009,903.4,916.7,893.2,904.3,88099
05/06/2009,897.3,913.5,895.4,911,85608
05/07/2009,912.5,926.5,908.9,915.5,124794
05/08/2009,911.7,921,905.5,914.9,86339
05/11/2009,917,918.4,908.8,913.5,57352
05/12/2009,913.9,924.9,912.4,923.9,88788
05/13/2009,923.3,931.4,917.8,925.9,116787
05/14/2009,927,929.4,920.5,928.4,76204
05/15/2009,926.9,934.8,924.1,931.3,88895
05/18/2009,930.5,934.1,915.2,921.7,97047
05/19/2009,918.2,929.9,917.6,926.7,87155
05/20/2009,925.6,941,925.3,937.4,128003
05/21/2009,938.5,957,935.8,951.2,130919
05/22/2009,955.1,963.1,950.1,958.9,117824
05/26/2009,957.6,960.1,936.6,953.3,166708
05/27/2009,953.3,959.6,946.2,953.3,151332
05/28/2009,950.2,966.7,945.8,963.2,121231
05/29/2009,960.8,982,960.4,980.3,102467
06/01/2009,981,990.2,974.1,980,94731
06/02/2009,976.9,988.3,970.5,984.4,88676
06/03/2009,983.2,992.1,961.5,965.6,127898
06/04/2009,964,983.4,962,982.3,115369
06/05/2009,981.4,985,953.8,962.6,150846
06/08/2009,956.3,961.1,943.8,952.5,95712
06/09/2009,951.8,964.5,948.3,954.7,88840
06/10/2009,955.8,966.7,947.5,954.7,107065
06/11/2009,955.6,963.2,942.5,962,111280
06/12/2009,956.3,959.2,936.2,940.7,103112
06/15/2009,940.3,940.3,926.5,927.5,91532
06/16/2009,928.8,940.6,927.7,932.2,76594
06/17/2009,935.4,941.1,928.4,936,87651
06/18/2009,940,944,930.5,934.6,78321
06/19/2009,934,939.7,931.5,936.2,57557
06/22/2009,935.1,935.6,918.3,921,96762
06/23/2009,922.5,927.4,913.2,924.3,91901
06/24/2009,926.4,944.4,922.8,934.4,116253
06/25/2009,932,940.4,930.3,939.5,76944
06/26/2009,940.1,949,936.6,941,73575
06/29/2009,940.7,943.2,933.6,940.7,57109
06/30/2009,938.1,945.4,922.7,927.4,102293
07/01/2009,926.1,947,926.1,941.3,97417
07/02/2009,940.9,942.1,926.6,931,101814
07/03/2009,928.8,934.3,927.8,931,10856
07/06/2009,932,932.3,920.3,924.3,79789
07/07/2009,924.6,932.4,921,929.1,78415
07/08/2009,924.1,925.9,904.8,909.3,131006
07/09/2009,909.3,918.9,906.2,916.2,91682
07/10/2009,912.1,915.2,906.6,912.5,72833
07/13/2009,912.3,923.4,907.4,922.5,100035
07/14/2009,921.2,927.8,917.8,922.8,82435
07/15/2009,925.4,942.3,924.5,939.4,122619
07/16/2009,939.3,940.5,932.6,935.4,60370
07/17/2009,937.8,939.8,931.6,937.5,62043
07/20/2009,938.5,955.4,937,948.8,102845
07/21/2009,949.8,953.8,944.3,946.9,79090
07/22/2009,948.9,955,944.6,953.3,89854
07/23/2009,952.7,957.5,947.2,954.8,124922
07/24/2009,948,954.4,946.6,953.1,70915
07/27/2009,951.4,960,947.8,953.5,101954
07/28/2009,953.6,956.8,933.8,939.1,169537
07/29/2009,937.8,940.9,925.2,927.2,129090
07/30/2009,931.9,939.4,930.9,937.3,62132
07/31/2009,937.1,960,933.8,955.8,98489
08/03/2009,954.5,966.9,954.3,958.8,95461
08/04/2009,960,972.7,953.1,969.7,94661
08/05/2009,970.3,970.8,961.1,966.3,80724
08/06/2009,965,974.3,958.2,962.9,108950
08/07/2009,965.2,968,955.5,959.5,87106
08/10/2009,956.6,959.3,944.2,946.9,78339
08/11/2009,948.4,951.9,943.6,947.6,50678
08/12/2009,948.6,954.4,942.1,952.5,64429
08/13/2009,950,963.1,949.8,956.5,70228
08/14/2009,956.7,961.4,943.7,948.7,78114
08/17/2009,949.2,950.4,931.3,935.8,93505
08/18/2009,935,941.6,935,939.2,52980
08/19/2009,940.2,946.8,933.3,944.8,80904
08/20/2009,944.2,947.3,938.5,941.7,52319
08/21/2009,941.9,959.9,939.2,954.7,85720
08/24/2009,954.8,958.5,935.7,943.7,74590
08/25/2009,943.8,956.3,943.1,946,76992
08/26/2009,946.2,951.7,941.2,945.8,68602
08/27/2009,946.9,952.3,942.6,947.3,60455
08/28/2009,949.5,964.6,949.5,958.8,87231
08/31/2009,957.4,962.1,944.3,953.5,73127
09/01/2009,952,958.7,947.5,956.5,93242
09/02/2009,958.1,982.4,952.5,978.5,155929
09/03/2009,979.4,999.5,976.1,997.7,163795
09/04/2009,994.3,998.4,987,996.7,117550
09/08/2009,994.9,1009.7,992.6,999.8,165003
09/09/2009,998.8,1005,988.8,997.1,126494
09/10/2009,993.5,1000.5,983.2,996.8,129181
09/11/2009,998.5,1013.7,996.3,1006.4,133411
09/14/2009,1007.7,1010.8,994.4,1001.1,93924
09/15/2009,1000.9,1011.5,993,1006.3,114627
09/16/2009,1009,1023.3,1007.9,1020.2,124440
09/17/2009,1018.3,1025.8,1010.6,1013.5,118138
09/18/2009,1014.5,1019.5,1007.4,1010.3,102954
09/21/2009,1006.8,1008.3,996.3,1004.9,89535
09/22/2009,1005,1021.5,1004.2,1015.5,96174
09/23/2009,1016.1,1020.4,1007.2,1014.4,114888
09/24/2009,1008.7,1021,991.3,998.9,182497
09/25/2009,992.8,1000.5,985.5,991.6,129032
09/28/2009,993.1,998,986.7,994.1,88768
09/29/2009,992.6,997.2,986.1,994.4,105185
09/30/2009,994,1010.8,992.7,1009.3,142136
10/01/2009,1008.3,1011.1,998.6,1000.7,113352
10/02/2009,999,1008.8,987,1004.3,141245
10/05/2009,1004,1018.9,1001.6,1017.8,103249
10/06/2009,1017.8,1045,1016.6,1039.7,103249
10/07/2009,1042.7,1049.7,1037.8,1044.4,103249
10/08/2009,1045.7,1062.7,1043.8,1056.3,204448
10/09/2009,1055.9,1056.7,1044.7,1048.6,122696
10/12/2009,1050,1060.5,1048,1057.5,74330
10/13/2009,1055,1069.7,1052.2,1065,141180
10/14/2009,1065.3,1072,1056.5,1064.7,134275
10/15/2009,1063.3,1066.8,1046.2,1050.6,151363
10/16/2009,1051,1057.9,1043.7,1051.5,121668
10/19/2009,1053.5,1065.8,1048.6,1058.1,94792
10/20/2009,1065,1069,1052.6,1058.6,122568
10/21/2009,1055.8,1065.7,1048.1,1064.5,140364
10/22/2009,1059.5,1062.7,1052,1058.6,110645
10/23/2009,1061.1,1068.8,1050.4,1056.4,153870
10/26/2009,1055.5,1060.8,1038.1,1042.8,162321
10/27/2009,1038.5,1044.3,1032.9,1035.4,153185
10/28/2009,1040,1042.6,1026.9,1030.5,152915
10/29/2009,1027.7,1048.4,1026.9,1047.1,130081
10/30/2009,1047.1,1049.2,1035.4,1040.4,129455
11/02/2009,1043.4,1063.4,1042.2,1054,132632
11/03/2009,1060.4,1088.5,1055.5,1084.9,208684
11/04/2009,1085.6,1098.5,1080.5,1087.3,190846
11/05/2009,1094.1,1095.2,1084.3,1089.3,111073
11/06/2009,1090.6,1101.9,1086.5,1095.7,168440
11/09/2009,1098,1111.7,1096,1101.4,137533
11/10/2009,1103.7,1109.7,1097.2,1102.5,146659
11/11/2009,1106,1119.1,1105.6,1114.6,153619
11/12/2009,1117.2,1123.4,1102.7,1106.6,168528
11/13/2009,1103.3,1119.7,1101.2,1116.7,149129
11/16/2009,1119.6,1144.2,1119.5,1139.2,188594
11/17/2009,1140.1,1142,1127.8,1139.4,143710
11/18/2009,1140.9,1153.4,1136,1141.2,180277
11/19/2009,1144,1146.5,1130,1141.9,194975
11/20/2009,1145,1151.5,1132.5,1146.8,173738
11/23/2009,1152,1174,1151.6,1164.7,227820
11/24/2009,1164.4,1171.7,1157.7,1165.8,254522
11/25/2009,1169.6,1192.8,1166.8,1187,205513
11/27/2009,1194.6,1196.8,1135.8,1175.5,275926
11/30/2009,1182,1185,1165,1182.3,174369
12/01/2009,1181.4,1204,1176.4,1200.2,173619
12/02/2009,1197,1218.4,1196.5,1213,191901
12/03/2009,1216.5,1227.5,1205.2,1218.3,222895
12/04/2009,1208.7,1213.9,1147.4,1169.5,366076
12/07/2009,1160.3,1166.2,1136.1,1164,276335
12/08/2009,1159.8,1170.2,1125.3,1143.4,239293
12/09/2009,1129.5,1148.4,1117,1120.9,263927
12/10/2009,1130.1,1137.7,1121.8,1126.2,164026
12/11/2009,1133.3,1143.4,1110.2,1119.9,215762
12/14/2009,1114.6,1128.9,1111.7,1123.8,120588
12/15/2009,1128.2,1130,1112,1123,154049
12/16/2009,1125.7,1142.5,1122.4,1136.2,159463
12/17/2009,1138.7,1142.9,1095.7,1107.4,236024
12/18/2009,1099,1118.1,1097.4,1111.5,171595
12/21/2009,1111.9,1120.8,1090.8,1096,137627
12/22/2009,1092.7,1098.2,1075.2,1086.7,182486
12/23/2009,1085.1,1096.8,1080.1,1094,99747
12/24/2009,1088.6,1106.9,1088.3,1104.8,56912
12/28/2009,1108,1114.5,1102.1,1107.9,73189
12/29/2009,1108.9,1109.2,1097.1,1098.1,97217
12/30/2009,1098.5,1098.7,1086.6,1092.5,91654
12/31/2009,1094.1,1107.6,1093.1,1096.2,64594
01/04/2010,1099,1124.6,1093.8,1118.3,155479
01/05/2010,1122,1129.6,1115.5,1118.7,156414
01/06/2010,1118.5,1141,1116.8,1136.5,176903
01/07/2010,1139,1139.5,1128.7,1133.7,121150
01/08/2010,1131.5,1140,1119.5,1138.9,212621
01/11/2010,1139,1163,1139,1151.4,173768
01/12/2010,1152,1158.3,1124.3,1129.4,233123
01/13/2010,1129,1138.9,1118.5,1136.8,217628
01/14/2010,1137.9,1146.7,1130.7,1143,165713
01/15/2010,1142,1146,1126.5,1130.5,144699
01/19/2010,1130.7,1140.7,1127.5,1140,188027
01/20/2010,1138.5,1141.7,1106.8,1112.6,232575
01/21/2010,1112.4,1117.4,1088,1103.2,271810
01/22/2010,1095.4,1098.9,1081.9,1089.7,214203
01/25/2010,1093.5,1104,1092.2,1095.7,155359
01/26/2010,1097.9,1103.2,1085.2,1098.3,230154
01/27/2010,1097.4,1102.1,1083,1084.5,206694
01/28/2010,1087,1096.9,1074.4,1084.8,211376
01/29/2010,1087,1091.4,1075,1083.8,182586
02/01/2010,1081.9,1108.8,1077.2,1105,162343
02/02/2010,1107.3,1119.9,1099.5,1118,154491
02/03/2010,1115.8,1126.4,1107.5,1112,158610
02/04/2010,1110.1,1112,1059,1063,280754
02/05/2010,1065.7,1069.4,1044.5,1052.8,253584
02/08/2010,1068.3,1074.3,1061.8,1066.2,142157
02/09/2010,1062.4,1083.8,1062.1,1077.2,184386
02/10/2010,1078.6,1083,1063.1,1076.3,163920
02/11/2010,1073.8,1098.4,1072.9,1094.7,188052
02/12/2010,1094.6,1097.7,1078.1,1090,153310
02/16/2010,1093.7,1121.9,1092,1119.8,179062
02/17/2010,1119.8,1128.7,1105.5,1120.1,172886
02/18/2010,1108.3,1124.8,1098.1,1118.7,188706
02/19/2010,1108.4,1127.4,1099.3,1122.1,170952
02/22/2010,1122.1,1131.5,1110,1113.1,137551
02/23/2010,1114.1,1121.7,1099.6,1103.2,161291
02/24/2010,1103.5,1108.8,1090.2,1097.2,176130
02/25/2010,1096.2,1110,1088.5,1108.5,206758
02/26/2010,1108,1119.5,1104.6,1118.9,129613
03/01/2010,1119,1123.9,1112.1,1118.3,124679
03/02/2010,1118,1138.3,1115,1137.4,193281
03/03/2010,1134.5,1145.8,1132.8,1143.3,159134
03/04/2010,1139.8,1142.3,1125.9,1133.1,154142
03/05/2010,1132.9,1141.2,1127.5,1135.2,150034
03/08/2010,1136,1138,1118.5,1124,140539
03/09/2010,1123.8,1125.1,1108.2,1122.3,153991
03/10/2010,1121.5,1128.3,1103.1,1108.1,201367
03/11/2010,1108.9,1111.7,1100.5,1108.2,136646
03/12/2010,1110,1119.5,1097.3,1101.7,159858
03/15/2010,1101.7,1110.5,1101,1105.4,130831
03/16/2010,1108.3,1129.3,1108.1,1122.5,141796
03/17/2010,1126.3,1133.9,1118.2,1124.2,130316
03/18/2010,1124.5,1129.5,1118.2,1127.5,123991
03/19/2010,1125.8,1127.5,1101,1107.6,176491
03/22/2010,1108,1108.6,1092.1,1099.5,159063
03/23/2010,1102.5,1108,1094,1103.7,146151
03/24/2010,1102.2,1106,1084.8,1088.8,178057
03/25/2010,1087.4,1095.6,1085.5,1092.9,159336
03/26/2010,1091.6,1109.8,1088.5,1104.3,177735
03/29/2010,1110.4,1114.7,1103.1,1110.3,158733
03/30/2010,1110.6,1114.2,1102.4,1105.7,109922
03/31/2010,1105.1,1119.9,1103.1,1114.5,108481
04/01/2010,1114.6,1129.1,1112.3,1126.1,10125
04/05/2010,1122,1134.3,1120.8,1133.8,75636
04/06/2010,1131.9,1139.6,1123.5,1136,126657
04/07/2010,1135.2,1154.2,1133.3,1153,163437
04/08/2010,1150.2,1154.7,1144.4,1152.9,119675
04/09/2010,1151.8,1165.8,1150.4,1161.9,134636
04/12/2010,1166.3,1170.7,1154.8,1162.2,122400
04/13/2010,1156.2,1158.1,1145.4,1153.4,133642
04/14/2010,1152,1162.8,1151,1159.6,123129
04/15/2010,1155.8,1162.3,1150.7,1160.3,99314
04/16/2010,1159.4,1161.2,1130,1136.9,202672
04/19/2010,1137,1138.5,1124.3,1135.8,124328
04/20/2010,1136.6,1146.8,1134,1139.2,120349
04/21/2010,1140.4,1151.2,1138.1,1148.8,112315
04/22/2010,1147,1149.8,1132,1142.9,138485
04/23/2010,1141.8,1158.5,1135.2,1153.7,144453
04/26/2010,1158.5,1160.7,1151.1,1154,88294
04/27/2010,1154.2,1173.4,1146.6,1162.2,182681
04/28/2010,1168.7,1175.3,1161,1171.8,167705
04/29/2010,1165.4,1171.8,1162.2,1168.8,109655
04/30/2010,1168,1182.5,1167.8,1180.7,120949
05/03/2010,1181,1188.4,1177.1,1183.3,87366
05/04/2010,1182.9,1192.8,1166.9,1169.2,190145
05/05/2010,1171.2,1177.7,1156.2,1175,180541
05/06/2010,1176,1211.9,1173,1197.3,271242
05/07/2010,1208.4,1214.9,1193,1210.4,255295
05/10/2010,1207,1207,1184.4,1200.8,176641
05/11/2010,1201.8,1235.2,1201.5,1220.3,206839
05/12/2010,1232,1249.2,1227.2,1243.1,205851
05/13/2010,1238.3,1243.7,1227.5,1229.2,163428
05/14/2010,1233.3,1249.7,1217.6,1227.8,242404
05/17/2010,1232,1242.8,1219.1,1228.1,166751
05/18/2010,1223.9,1229.6,1206.6,1214.6,185969
05/19/2010,1223.8,1228.2,1186.6,1193.1,225810
05/20/2010,1191,1198.2,1175,1188.6,217743
05/21/2010,1183,1188,1166,1176.1,164813
05/24/2010,1178.1,1197.3,1176.8,1194,181604
05/25/2010,1192.4,1204.5,1185.2,1198,218485
05/26/2010,1203.8,1216.9,1201,1213.4,237497
05/27/2010,1213.5,1220.6,1207.4,1214.4,138265
05/28/2010,1213.4,1217.3,1203.8,1215,96000
06/01/2010,1216.7,1230.6,1211.6,1226.9,107409
06/02/2010,1227.7,1228.9,1215,1222.6,90250
06/03/2010,1225.2,1226.5,1202.4,1210,115426
06/04/2010,1208.5,1222,1198.1,1217.7,139929
06/07/2010,1221.1,1246.7,1212.1,1240.8,154985
06/08/2010,1242.6,1254.5,1235,1245.6,143916
06/09/2010,1237.1,1242.6,1223.1,1229.9,125493
06/10/2010,1234.4,1236,1216.2,1222.2,118687
06/11/2010,1218.8,1232.4,1218.1,1230.2,80168
06/14/2010,1229.3,1235.9,1217.5,1224.5,97231
06/15/2010,1223,1238.5,1221.1,1234.4,104401
06/16/2010,1236.1,1239.5,1228.3,1230.5,83665
06/17/2010,1231.6,1252.8,1231,1248.7,140087
06/18/2010,1247.6,1263.7,1243.1,1258.3,115423
06/21/2010,1261.7,1266.5,1231.6,1240.7,154610
06/22/2010,1233.3,1244,1233,1240.8,122705
06/23/2010,1240.6,1247.4,1225.2,1234.8,138832
06/24/2010,1237.6,1249.5,1228,1245.9,130027
06/25/2010,1244.5,1259.5,1241.6,1256.2,91013
06/28/2010,1255.8,1263.7,1235.9,1238.6,146272
06/29/2010,1239,1246,1227.6,1242.4,148822
06/30/2010,1241.6,1248.8,1235.1,1245.9,110717
07/01/2010,1243,1244.8,1196,1206.7,257842
07/02/2010,1199,1214,1198.8,1207.7,119623
07/06/2010,1212.2,1215.1,1189.5,1195.1,148108
07/07/2010,1194,1204.4,1185,1198.9,126917
07/08/2010,1202.9,1208.2,1187.3,1196.1,123075
07/09/2010,1198.5,1214.1,1194.6,1209.8,110471
07/12/2010,1212.3,1213.5,1196.1,1198.7,96041
07/13/2010,1197.7,1218.8,1196.5,1213.5,110463
07/14/2010,1212,1218.2,1202.5,1207,107456
07/15/2010,1208.1,1217.3,1203.7,1208.3,102197
07/16/2010,1209,1210.9,1185.8,1188.2,145699
07/19/2010,1193.7,1194.7,1176.9,1181.9,119208
07/20/2010,1183.2,1193.7,1175.1,1191.7,144273
07/21/2010,1191.8,1198,1183,1191.8,146975
07/22/2010,1184.1,1201.2,1180.7,1195.6,134689
07/23/2010,1195.1,1203.9,1183.4,1187.8,137637
07/26/2010,1188,1194.8,1178.6,1183.1,193657
07/27/2010,1182.7,1186.5,1156.9,1158,235880
07/28/2010,1161.1,1165,1155.6,1160.4,206828
07/29/2010,1165.8,1172,1161.6,1171.2,113129
07/30/2010,1170.8,1185.8,1168,1183.9,119041
08/02/2010,1183.8,1193.9,1176.7,1185.4,89850
08/03/2010,1184.8,1193,1181.6,1187.5,67044
08/04/2010,1188.1,1205.5,1187,1195.9,119101
08/05/2010,1197,1202.8,1192,1199.3,76534
08/06/2010,1197.4,1213.3,1194.5,1205.3,105721
08/09/2010,1206.3,1212.1,1201.1,1202.6,69569
08/10/2010,1203.3,1209.9,1192.5,1198,101154
08/11/2010,1206.9,1210.2,1194.2,1199.2,117462
08/12/2010,1200.6,1218.5,1199.5,1216.7,124749
08/13/2010,1216.1,1219.8,1212.3,1216.6,73006
08/16/2010,1216.5,1229.5,1216.2,1226.2,79250
08/17/2010,1227,1231.1,1224.3,1228.3,59875
08/18/2010,1226.8,1234.4,1218.9,1231.4,100667
08/19/2010,1231,1239.5,1229.5,1235.4,86559
08/20/2010,1234.2,1235.6,1223.6,1228.8,74826
08/23/2010,1229.2,1234,1223.5,1228.5,56766
08/24/2010,1227.3,1237.5,1211.7,1233.4,136558
08/25/2010,1232.1,1243.4,1230.9,1241.3,107824
08/26/2010,1242.4,1246,1235.1,1237.7,78447
08/27/2010,1239.1,1244.2,1233.5,1237.9,86006
08/30/2010,1238.9,1240.4,1235,1239.2,38820
08/31/2010,1238.7,1251.8,1233.5,1250.3,109430
09/01/2010,1250.3,1256.6,1244.1,1248.1,109812
09/02/2010,1245.6,1255.2,1245.3,1253.4,73901
09/03/2010,1253.2,1255.6,1239.2,1251.1,107016
09/07/2010,1250.3,1261.6,1246.4,1259.3,109658
09/08/2010,1257.3,1264.7,1254.6,1257.5,107213
09/09/2010,1256.7,1260.5,1243.5,1250.9,119779
09/10/2010,1245.8,1253,1237.9,1246.5,103131
09/13/2010,1247.3,1251,1242.3,1247.1,77440
09/14/2010,1246.6,1276.5,1246,1271.7,170215
09/15/2010,1270.2,1273.5,1264.5,1268.7,102682
09/16/2010,1269.1,1279.5,1266.1,1273.8,99894
09/17/2010,1276.8,1284.4,1273,1277.5,99447
09/20/2010,1277.7,1285.2,1275.6,1280.8,81224
09/21/2010,1280.4,1292.4,1272,1274.3,147878
09/22/2010,1288.7,1298,1287.5,1292.1,124135
09/23/2010,1292.7,1297.5,1288.2,1296.3,106549
09/24/2010,1293.8,1301.6,1290.6,1298.1,110500
09/27/2010,1299.2,1301.3,1295.2,1298.6,76830
09/28/2010,1296.8,1311.8,1276.2,1308.3,205176
09/29/2010,1310.8,1314.8,1306.1,1310.3,118743
09/30/2010,1310.8,1317.5,1297,1309.6,166307
10/01/2010,1309.6,1322,1307.3,1317.8,114682
10/04/2010,1319.7,1321.3,1313.4,1316.8,76022
10/05/2010,1316.1,1342.9,1313.3,1340.3,148408
10/06/2010,1341.3,1351,1340,1347.7,136375
10/07/2010,1350.5,1366,1326.5,1335,267432
10/08/2010,1334.2,1350.8,1325.6,1345.3,190657
10/11/2010,1348.9,1356.3,1341.1,1354.4,107011
10/12/2010,1354.9,1356.3,1341.4,1346.7,135278
10/13/2010,1351.5,1375.7,1350,1370.5,182477
10/14/2010,1372.6,1388.1,1371.1,1377.6,184976
10/15/2010,1381.7,1386.4,1362.7,1372,196829
10/18/2010,1371,1375.6,1353.2,1372.1,134145
10/19/2010,1370.6,1371.7,1328.4,1336,252504
10/20/2010,1334.4,1348.1,1331.1,1344.2,162768
10/21/2010,1345.2,1349.6,1318.2,1325.6,209166
10/22/2010,1325.8,1328.8,1315.6,1325.1,147225
10/25/2010,1329.3,1349.5,1329.3,1338.9,149218
10/26/2010,1340.3,1343.8,1328.1,1338.6,156544
10/27/2010,1340.4,1343.7,1318.6,1322.6,160010
10/28/2010,1325.3,1346.2,1322.9,1342.5,148655
10/29/2010,1344.5,1359.8,1335.2,1357.6,167815
11/01/2010,1359.7,1366.4,1349.1,1350.6,126687
11/02/2010,1351.6,1359.9,1350.2,1356.9,116112
11/03/2010,1357.3,1364.8,1325.5,1337.6,258025
11/04/2010,1349,1393.4,1346.7,1383.1,241404
11/05/2010,1392.5,1398.7,1371.9,1397.7,241404
11/08/2010,1397,1410.4,1386.6,1403.2,176895
11/09/2010,1410,1424.3,1382.2,1410.1,310218
11/10/2010,1392.9,1410,1383.4,1399.3,281249
11/11/2010,1403,1417.6,1396.5,1403.3,178467
11/12/2010,1408.3,1410,1359.3,1365.5,301687
11/15/2010,1371,1376.6,1354.8,1368.5,199636
11/16/2010,1359.8,1364.3,1329,1338.4,296974
11/17/2010,1341,1344.6,1330.1,1336.9,174178
11/18/2010,1336,1359,1334,1353,197603
11/19/2010,1353.8,1362.9,1341,1352.3,166005
11/22/2010,1357,1367.4,1347.9,1357.8,182134
11/23/2010,1365.8,1382.9,1355.6,1377.6,249519
11/24/2010,1377.1,1381,1368.7,1373,189894
11/26/2010,1372,1374.9,1350.1,1362.4,138416
11/29/2010,1365,1370.7,1354.5,1367.5,184840
11/30/2010,1368.5,1391.1,1364,1386.1,169676
12/01/2010,1387.7,1398.3,1383,1388.3,163758
12/02/2010,1387.6,1399.7,1383.8,1389.3,134387
12/03/2010,1387.1,1417,1385.3,1406.2,159635
12/06/2010,1415.1,1429.4,1409.8,1416.1,144121
12/07/2010,1426,1432.5,1396.7,1409,206639
12/08/2010,1401.3,1405.4,1372.1,1383.2,218896
12/09/2010,1383,1395.6,1381.1,1392.8,125993
12/10/2010,1388.3,1393,1372.7,1384.9,133225
12/13/2010,1385,1400.2,1380.8,1398,112376
12/14/2010,1395.2,1408.9,1392.4,1404.3,134945
12/15/2010,1396.7,1398,1378.2,1386.2,151373
12/16/2010,1378.9,1387.3,1361.6,1371,179528
12/17/2010,1370.4,1379.8,1365.4,1379.2,104813
12/20/2010,1377,1388.9,1376.6,1386.1,96158
12/21/2010,1386.1,1393,1381.4,1388.8,83427
12/22/2010,1386.3,1391.7,1383.5,1387.4,61945
12/23/2010,1386.1,1389,1372.6,1380.5,81033
12/27/2010,1378.9,1387,1372.7,1382.9,44354
12/28/2010,1384.2,1407.5,1383.1,1405.6,105803
12/29/2010,1406.9,1414.9,1401.5,1413.5,75104
12/30/2010,1412.2,1415.4,1403.5,1405.9,64915
12/31/2010,1405,1422,1404.6,1421.4,44808
01/03/2011,1420.4,1424.4,1413.1,1422.9,77199
01/04/2011,1414.8,1417.8,1375,1378.8,211907
01/05/2011,1380.7,1385.2,1364,1373.7,202336
01/06/2011,1376.4,1380,1364.3,1371.7,173240
01/07/2011,1371.7,1379,1352.7,1368.9,223830
01/10/2011,1369.8,1376.4,1365,1374.1,118859
01/11/2011,1375.7,1386.8,1372.4,1384.3,152145
01/12/2011,1381.1,1389,1376.3,1385.8,147502
01/13/2011,1387.1,1392.9,1369.1,1387,201998
01/14/2011,1373.6,1377.8,1354.6,1360.5,200388
01/18/2011,1361.2,1376,1356.8,1368.2,165113
01/19/2011,1367.8,1378.9,1365.5,1370.2,137094
01/20/2011,1369.9,1370.9,1342.4,1346.5,242891
01/21/2011,1345.5,1349.7,1337,1341,161567
01/24/2011,1343,1352.4,1331.8,1344.5,182108
01/25/2011,1333.8,1338,1321.9,1332.3,227628
01/26/2011,1331.5,1346.4,1324.3,1333,207998
01/27/2011,1345.9,1347.5,1309.7,1318.4,210699
01/28/2011,1314.9,1348,1309.1,1341.7,251014
01/31/2011,1338.8,1347.2,1323.6,1334.5,156126
02/01/2011,1334,1344.1,1326,1340.3,146591
02/02/2011,1343.5,1345.6,1327.3,1332.1,109740
02/03/2011,1336,1356.6,1325.3,1353,189233
02/04/2011,1356.4,1361,1345.5,1349,141182
02/07/2011,1348.1,1354.5,1344.1,1348.2,79087
02/08/2011,1352.9,1368.7,1348.9,1364.1,135349
02/09/2011,1363.8,1367.7,1358.3,1365.5,109183
02/10/2011,1364.2,1366.8,1351.4,1362.5,120574
02/11/2011,1364,1369.7,1354.3,1360.4,128133
02/14/2011,1358.2,1367.5,1354.4,1365.1,102414
02/15/2011,1362.1,1377.5,1361.3,1374.1,111107
02/16/2011,1374.3,1382.7,1368.3,1375.1,133587
02/17/2011,1376.5,1385.8,1374.6,1385.1,97397
02/18/2011,1385.4,1392.6,1382,1388.6,113558
02/22/2011,1390.1,1411.5,1390.1,1401.1,222807
02/23/2011,1399.4,1417.3,1396,1414,153788
02/24/2011,1412.1,1418.8,1392.2,1415.8,187391
02/25/2011,1401.9,1412.4,1400.1,1409.3,120513
02/28/2011,1411.2,1417,1405.2,1409.9,115324
03/01/2011,1411.6,1435.6,1409.8,1431.2,169542
03/02/2011,1434.9,1441,1428.2,1437.7,160582
03/03/2011,1436.5,1436.9,1410.6,1416.4,202801
03/04/2011,1415.7,1434,1413.8,1428.6,141350
03/07/2011,1435,1445.7,1428.3,1434.5,170662
03/08/2011,1432.3,1437.2,1423.6,1427.2,129914
03/09/2011,1429.7,1436.8,1423.2,1429.6,126006
03/10/2011,1431.1,1431.8,1403,1412.5,204144
03/11/2011,1411.8,1424.6,1404.8,1421.8,171575
03/14/2011,1421.9,1433.5,1418.2,1424.9,107163
03/15/2011,1428.9,1429,1380.7,1392.8,248089
03/16/2011,1394.8,1406.6,1392.3,1396.1,151887
03/17/2011,1400,1405.4,1386.8,1404.2,109183
03/18/2011,1404.9,1424.1,1402.2,1416.1,135868
03/21/2011,1424.2,1435.1,1423.5,1426.4,129779
03/22/2011,1427.3,1432.3,1419.5,1427.6,124759
03/23/2011,1428.9,1441.2,1425.8,1438,138329
03/24/2011,1438,1448.6,1423.7,1434.9,187085
03/25/2011,1433.5,1438.1,1422,1426.2,182739
03/28/2011,1428.5,1430,1410.1,1419.9,178881
03/29/2011,1421,1423.5,1411,1416.2,135792
03/30/2011,1420.2,1431.7,1413.1,1424.9,160217
03/31/2011,1424.4,1441,1421.7,1439.9,129306
04/01/2011,1433.8,1437.8,1413.5,1428.9,165275
04/04/2011,1430,1440.3,1429.1,1433,83872
04/05/2011,1435.6,1458.6,1431,1452.5,166355
04/06/2011,1458.2,1463.7,1452.5,1458.5,131975
04/07/2011,1460.1,1466.5,1453.7,1459.3,109290
04/08/2011,1459.8,1476.4,1457.7,1474.1,123693
04/11/2011,1476.3,1478,1460.2,1468.1,110657
04/12/2011,1465.2,1468.5,1445,1453.6,186445
04/13/2011,1454,1463.7,1452,1455.6,121237
04/14/2011,1458.1,1476.7,1453.2,1472.4,166787
04/15/2011,1476.6,1489.1,1472.2,1486,160619
04/18/2011,1488,1498.6,1477.8,1492.9,199123
04/19/2011,1496.6,1500.5,1488.2,1495.1,131690
04/20/2011,1496.1,1506.5,1493.8,1498.9,147867
04/21/2011,1502,1509.6,1500.4,1503.8,127269
04/25/2011,1510.7,1519.2,1502.2,1509.1,123686
04/26/2011,1507.2,1508.5,1492,1526.4,7129
04/27/2011,1506.9,1530.7,1503.3,1517.1,170035
04/28/2011,1527.8,1538.8,1523.9,1531.2,183542
04/29/2011,1535.3,1569.8,1532.1,1556.4,157177
05/02/2011,1566.8,1577.4,1540.3,1557.1,211656
05/03/2011,1545.2,1551.4,1516.2,1540.4,206734
05/04/2011,1537.7,1543.5,1505.5,1515.3,242222
05/05/2011,1517,1522.1,1462.5,1481.4,334047
05/06/2011,1475.9,1498.5,1471.1,1491.6,264796
05/09/2011,1496.6,1513.9,1489,1503.2,153908
05/10/2011,1512.5,1520,1505.2,1516.9,149351
05/11/2011,1515.9,1526.8,1495.4,1501.4,198028
05/12/2011,1499.2,1509.7,1477.6,1506.8,207428
05/13/2011,1506.5,1516.4,1482,1493.6,184884
05/16/2011,1494.6,1504.3,1486,1490.6,127098
05/17/2011,1490,1497.5,1471.1,1480,190079
05/18/2011,1486.5,1499.7,1484.6,1495.8,145016
05/19/2011,1495.5,1499.6,1485.8,1492.4,162309
05/20/2011,1493.5,1515.8,1486.4,1508.9,194402
05/23/2011,1512.8,1519,1503.7,1515.4,1079
05/24/2011,1517.2,1529,1513.2,1523.3,234391
05/25/2011,1526.2,1532.5,1521.3,1526.7,194947
05/26/2011,1526,1531.1,1514.6,1522.8,186986
05/27/2011,1520.2,1539.5,1520,1537.3,138115
05/31/2011,1538.1,1541.9,1533.1,1536.8,114703
06/01/2011,1536.6,1551.6,1530.4,1543.2,153611
06/02/2011,1542.2,1545.5,1520.4,1532.7,151694
06/03/2011,1535,1548.4,1524.9,1542.4,153260
06/06/2011,1544.5,1555,1541.6,1547.2,100185
06/07/2011,1545,1551.4,1537,1544,113974
06/08/2011,1545,1547.4,1531.8,1538.7,111685
06/09/2011,1538.3,1550.8,1534,1542.7,108430
06/10/2011,1545.1,1546.5,1526.7,1529.2,129478
06/13/2011,1530.7,1533.9,1511.4,1515.6,117009
06/14/2011,1516.5,1527.6,1512.8,1524.4,115384
06/15/2011,1525.1,1535.7,1514.5,1526.2,152879
06/16/2011,1531,1534,1522,1529.9,113355
06/17/2011,1529.1,1543,1523.2,1539.1,119736
06/20/2011,1541.3,1548.2,1533.6,1542,95171
06/21/2011,1541.1,1549,1539.3,1546.4,95541
06/22/2011,1547.9,1559.3,1542,1553.4,140559
06/23/2011,1548.5,1549.6,1511.5,1520.5,238418
06/24/2011,1522.7,1526.5,1498.5,1500.9,182170
06/27/2011,1500.9,1506.1,1490.8,1496.4,128943
06/28/2011,1496.8,1507,1495.5,1500.2,101389
06/29/2011,1502.5,1513.8,1500.8,1510.4,101480
06/30/2011,1512.3,1514.8,1499.1,1502.8,134201
07/01/2011,1501.5,1503,1478.3,1482.6,145346
07/05/2011,1486.8,1518,1486.2,1512.7,137184
07/06/2011,1516.2,1534.5,1510.3,1529.2,142652
07/07/2011,1529.7,1534.9,1522.2,1530.6,117622
07/08/2011,1532.5,1546,1525,1541.6,159728
07/11/2011,1545,1557.6,1542.1,1549.2,147083
07/12/2011,1554.8,1574.3,1541.1,1562.3,176605
07/13/2011,1568,1588.9,1564.6,1585.5,210275
07/14/2011,1584.2,1594.9,1579.4,1589.3,189976
07/15/2011,1587.6,1594.5,1576,1590.1,123384
07/18/2011,1594.3,1607.9,1591.4,1602.4,139693
07/19/2011,1606.1,1610.7,1582.7,1601.1,194070
07/20/2011,1587.7,1602.6,1581.1,1596.9,153916
07/21/2011,1601.9,1605,1584.9,1587,189183
07/22/2011,1589.7,1607.7,1583.2,1601.5,158421
07/25/2011,1607.9,1624.3,1603.8,1612.2,209057
07/26/2011,1614.8,1620.8,1607.8,1616.8,211465
07/27/2011,1619.8,1628.8,1608.9,1615.1,232220
07/28/2011,1616.2,1622.8,1605,1616.2,163995
07/29/2011,1619.5,1637.5,1613,1631.2,153054
08/01/2011,1622.2,1634.5,1608.2,1621.7,156244
08/02/2011,1622.6,1664.5,1618.8,1644.5,173572
08/03/2011,1662.5,1675.9,1654.4,1666.3,204437
08/04/2011,1662.9,1684.9,1642.2,1659,310247
08/05/2011,1649.7,1673,1644.2,1651.8,218360
08/08/2011,1681.7,1723.4,1681.7,1713.2,278274
08/09/2011,1719.9,1782.5,1717.7,1743,398589
08/10/2011,1747.4,1801,1740.2,1784.3,296968
08/11/2011,1798,1817.6,1734.5,1751.5,347101
08/12/2011,1767.5,1770.9,1725.8,1742.6,210578
08/15/2011,1747.1,1769.3,1730.8,1758,127711
08/16/2011,1768.5,1790,1763.6,1785,168060
08/17/2011,1788.5,1797.6,1781.6,1793.8,137235
08/18/2011,1792.2,1832,1786.8,1822,223989
08/19/2011,1827.1,1881.4,1824.5,1852.2,281310
08/22/2011,1862.9,1904,1858,1891.9,253907
08/23/2011,1900.2,1917.9,1826,1861.3,366699
08/24/2011,1831.5,1856.8,1751.6,1757.3,440826
08/25/2011,1753,1777.5,1705.4,1763.2,384694
08/26/2011,1776.4,1832.5,1759.5,1797.3,265243
08/29/2011,1840,1841.5,1778.1,1791.6,186016
08/30/2011,1791.3,1845.1,1786.2,1829.8,184591
08/31/2011,1837.6,1842.7,1813.6,1831.7,165623
09/01/2011,1826.2,1833.6,1815.5,1829.1,138082
09/02/2011,1827.9,1887.4,1826.9,1876.9,180277
09/06/2011,1879.9,1923.7,1861.8,1873.3,414591
09/07/2011,1876,1883.2,1793.8,1817.6,316257
09/08/2011,1819.5,1873.3,1816.2,1857.5,218499
09/09/2011,1871.9,1889.1,1825.5,1859.5,273998
09/12/2011,1862.2,1865.2,1804,1813.3,226772
09/13/2011,1816.8,1847.5,1794.8,1830.1,186087
09/14/2011,1837.3,1848.2,1811.5,1826.5,172648
09/15/2011,1824,1829.7,1775,1781.4,237735
09/16/2011,1790.5,1825,1765.4,1814.7,190164
09/19/2011,1820,1832.9,1771,1778.9,189056
09/20/2011,1780.9,1814.3,1772,1809.1,174850
09/21/2011,1806,1819.4,1781,1808.1,190869
09/22/2011,1782.3,1789,1723.2,1741.7,278040
09/23/2011,1739,1757.9,1631.7,1639.8,359497
09/26/2011,1660,1666.3,1535,1594.8,373462
09/27/2011,1629.2,1679.2,1616.8,1652.5,228887
09/28/2011,1653.1,1672,1600.5,1618.1,218351
09/29/2011,1609.3,1637.9,1585,1617.3,193524
09/30/2011,1618.3,1642.5,1607.8,1622.3,152884
10/03/2011,1625.1,1667,1620,1657.7,141395
10/04/2011,1662.5,1681.5,1597.6,1616,200942
10/05/2011,1626.8,1648.9,1596.6,1641.6,154703
10/06/2011,1643.5,1657,1633.2,1653.2,124276
10/07/2011,1653.4,1668,1627.6,1635.8,129495
10/10/2011,1640.5,1679.7,1639.9,1670.8,92090
10/11/2011,1678.3,1686.7,1655.4,1661,110057
10/12/2011,1664.7,1693.9,1662,1682.6,112765
10/13/2011,1677.3,1686.1,1654.3,1668.5,115586
10/14/2011,1669,1685.5,1662.5,1683,95596
10/17/2011,1683.8,1696.8,1665.4,1676.6,114497
10/18/2011,1672.5,1678.2,1628.2,1652.8,195659
10/19/2011,1656.4,1666.9,1641.1,1647,118146
10/20/2011,1645.3,1646.5,1604.7,1612.9,188355
10/21/2011,1620.9,1649.8,1612.8,1636.1,127052
10/24/2011,1643,1663.3,1636.6,1652.3,110137
10/25/2011,1654.1,1710.7,1644.6,1700.4,195637
10/26/2011,1707.1,1728,1696.5,1723.5,151505
10/27/2011,1726.9,1751.3,1707.2,1747.7,156347
10/28/2011,1746.2,1754,1733,1747.2,107441
10/31/2011,1743.1,1746.5,1705.5,1725.2,122243
11/01/2011,1715.7,1725.6,1681.2,1711.8,174289
11/02/2011,1721.5,1745.6,1715.5,1729.6,148068
11/03/2011,1738.9,1769.5,1724,1765.1,162545
11/04/2011,1766.5,1766.5,1749.8,1756.1,88468
11/07/2011,1755.2,1799.9,1754,1791.1,150464
11/08/2011,1795.8,1804.4,1778.3,1799.2,133687
11/09/2011,1787.4,1801.1,1765.1,1791.6,161799
11/10/2011,1771,1776.9,1736.6,1759.6,172534
11/11/2011,1759.6,1791.1,1745,1788.1,106879
11/14/2011,1789.4,1797.6,1774.2,1778.4,87588
11/15/2011,1782,1787.8,1760.9,1782.2,132676
11/16/2011,1782.3,1784.8,1753.9,1774.3,172664
11/17/2011,1764.7,1768,1711,1720.2,229938
11/18/2011,1721.5,1738.5,1711.4,1725.1,147927
11/21/2011,1725.1,1727.4,1667.1,1678.6,209402
11/22/2011,1678.5,1706.4,1667.5,1702.4,182848
11/23/2011,1699.9,1710.8,1677.1,1695.9,173328
11/25/2011,1693.4,1702.7,1672.6,1685.7,139442
11/28/2011,1685.4,1722.4,1684,1710.8,175525
11/29/2011,1715.3,1724.1,1707.2,1718.9,158257
11/30/2011,1722.7,1754.7,1704.3,1750.3,187239
12/01/2011,1752.5,1758,1737.2,1739.8,113555
12/02/2011,1748.5,1767.1,1741.7,1751.3,107014
12/05/2011,1751,1758.8,1721.1,1734.5,117520
12/06/2011,1727.2,1736.9,1705.7,1731.8,133426
12/07/2011,1733,1747,1723.6,1744.8,105726
12/08/2011,1746.8,1760.5,1707.8,1713.4,173374
12/09/2011,1708.9,1727.9,1704.9,1716.8,105584
12/12/2011,1716.8,1718.6,1660.3,1668.2,165096
12/13/2011,1668,1681.7,1625.5,1663.1,182892
12/14/2011,1631.6,1645.8,1565.7,1586.9,283563
12/15/2011,1580,1596.5,1562.5,1577.2,189916
12/16/2011,1573.3,1603.5,1572.1,1597.9,137428
12/19/2011,1603.5,1611.5,1585.5,1596.7,121278
12/20/2011,1595.5,1620.8,1594.1,1617.6,101146
12/21/2011,1617.2,1643.7,1607.7,1613.6,125152
12/22/2011,1617.1,1618.6,1599.1,1610.6,96547
12/23/2011,1607.8,1615.6,1604,1606,40681
12/27/2011,1609.2,1609.2,1591.1,1595.5,46351
12/28/2011,1593.9,1595,1550.9,1564.1,114256
12/29/2011,1557.1,1562.8,1523.9,1540.9,132782
12/30/2011,1547.3,1582.8,1546.2,1566.8,94315
01/03/2012,1571,1608.7,1566.8,1600.5,112937
01/04/2012,1604.9,1619.8,1593.8,1612.7,154215
01/05/2012,1614.4,1626.8,1597.7,1620.1,176473
01/06/2012,1622.4,1632.3,1609,1616.8,155211
01/09/2012,1617.7,1624.6,1605.7,1608.1,134386
01/10/2012,1612.3,1641.4,1609.2,1631.5,168405
01/11/2012,1632.4,1648,1630.8,1639.6,144552
01/12/2012,1643.5,1662.9,1640.9,1647.7,146826
01/13/2012,1649.8,1650.7,1625.7,1630.8,177525
01/17/2012,1635.8,1668,1631.9,1655.6,193658
01/18/2012,1651.5,1662.9,1642.1,1659.9,157218
01/19/2012,1660.7,1670.6,1649.2,1654.5,130752
01/20/2012,1657,1667.3,1645.2,1664,127005
01/23/2012,1665.2,1681.8,1663,1678.3,131456
01/24/2012,1677.1,1680,1661,1664.5,137344
01/25/2012,1666.5,1713.2,1649.2,1700.1,240476
01/26/2012,1710.9,1731.5,1703,1726.7,226656
01/27/2012,1720.7,1739.8,1714.2,1732.2,175023
01/30/2012,1739.6,1742.8,1718.8,1734.4,133373
01/31/2012,1734.4,1750.6,1727,1740.4,157876
02/01/2012,1739.8,1754,1735.4,1749.5,124538
02/02/2012,1747.3,1764,1743.3,1759.3,142034
02/03/2012,1761.7,1765.9,1726.2,1740.3,191907
02/06/2012,1731,1740.9,1714,1724.9,137271
02/07/2012,1722.5,1752.6,1712.6,1748.4,161623
02/08/2012,1747.7,1754.8,1726,1731.3,151075
02/09/2012,1734.4,1755.5,1728.1,1741.2,163236
02/10/2012,1731.1,1737.2,1706.4,1725.3,178134
02/13/2012,1727.4,1735.4,1717.7,1724.9,103506
02/14/2012,1724,1729.9,1713.8,1717.7,148107
02/15/2012,1723,1739.2,1720.3,1728.1,140860
02/16/2012,1730.1,1731.6,1706.7,1728.4,166951
02/17/2012,1730.4,1737.5,1718.6,1725.9,116795
02/21/2012,1728.4,1761.9,1727,1758.5,202405
02/22/2012,1761.4,1783.4,1750.7,1771.3,176268
02/23/2012,1778.3,1789.5,1773.3,1786.3,153929
02/24/2012,1782,1784.4,1771.3,1776.4,139752
02/27/2012,1776.8,1781,1762.6,1774.9,132504
02/28/2012,1770.2,1792.7,1767,1788.4,158913
02/29/2012,1786.2,1792.3,1688.4,1711.3,343493
03/01/2012,1695.6,1727.3,1695.1,1722.2,239499
03/02/2012,1719.7,1725.4,1705.4,1709.8,147086
03/05/2012,1712.4,1718,1694.4,1703.9,158938
03/06/2012,1707.4,1709.8,1663.4,1672.1,237112
03/07/2012,1675,1688.7,1671.7,1683.9,157557
03/08/2012,1685.7,1704.8,1683.6,1698.7,156218
03/09/2012,1700.5,1716.5,1677,1711.5,206573
03/12/2012,1715,1717.4,1692.5,1699.8,152099
03/13/2012,1700.8,1706.2,1662.1,1694.2,209911
03/14/2012,1675.2,1682.8,1634.7,1642.9,279269
03/15/2012,1643.2,1667.4,1636.2,1659.5,180716
03/16/2012,1657.8,1664.9,1639.7,1655.8,160610
03/19/2012,1659,1670.1,1652.3,1667.3,135038
03/20/2012,1664.6,1664.9,1641.2,1647,154433
03/21/2012,1650.8,1661.9,1646.3,1650.3,139650
03/22/2012,1649.6,1656.6,1627.5,1642.5,175716
03/23/2012,1644.1,1666.3,1641.5,1662.4,144592
03/26/2012,1662.2,1693.4,1655.1,1685.6,195612
03/27/2012,1690.2,1696.9,1678.6,1684.9,175344
03/28/2012,1679.3,1684.5,1654,1657.9,193107
03/29/2012,1664.6,1666.9,1646.7,1654.9,163878
03/30/2012,1663.2,1672.7,1661.2,1671.9,111161
04/02/2012,1671.5,1685.4,1664.4,1679.7,110017
04/03/2012,1678.6,1682.7,1640.2,1672,156003
04/04/2012,1645.8,1649.5,1613,1614.1,201938
04/05/2012,1622,1634.8,1620.7,1630.1,128046
04/09/2012,1641,1649.9,1636.7,1643.9,83338
04/10/2012,1643,1664.8,1632.5,1660.7,177501
04/11/2012,1660.7,1663.9,1653.5,1660.3,102788
04/12/2012,1660.3,1681.3,1651,1680.6,141531
04/13/2012,1676.6,1679.2,1649.7,1660.2,127471
04/16/2012,1658.7,1659.6,1642,1649.7,114468
04/17/2012,1653.7,1658.4,1635.2,1651.1,142002
04/18/2012,1650.8,1655.2,1638.1,1639.6,106988
04/19/2012,1643,1654.9,1631.2,1641.4,161296
04/20/2012,1643.2,1648.2,1638.6,1642.8,87025
04/23/2012,1642.8,1644.2,1623.6,1632.6,125013
04/24/2012,1639.6,1650.1,1634.6,1643.8,107793
04/25/2012,1642.2,1647.6,1625,1642.3,166069
04/26/2012,1644.5,1662,1642.5,1660.5,130313
04/27/2012,1657.3,1668.4,1651.1,1664.8,97633
04/30/2012,1663,1667,1645.1,1664.2,115408
05/01/2012,1666.1,1672.3,1657.5,1662.4,105171
05/02/2012,1663,1663.9,1646,1654,129795
05/03/2012,1654,1654.3,1631.3,1634.8,151919
05/04/2012,1636.4,1648,1626.8,1645.2,144960
05/07/2012,1643.3,1644,1632.2,1639.1,91445
05/08/2012,1638.9,1639.5,1595.5,1604.5,218708
05/09/2012,1605.9,1607,1578.5,1594.2,210608
05/10/2012,1589.7,1602.2,1585,1595.5,138244
05/11/2012,1593.5,1595.2,1572,1584,151009
05/14/2012,1585.5,1585.8,1555,1561,162291
05/15/2012,1557.2,1564.4,1541.2,1557.1,159325
05/16/2012,1544.9,1552.2,1526.7,1536.6,252560
05/17/2012,1538.6,1579.8,1538.4,1574.9,211541
05/18/2012,1574.5,1597.5,1567.8,1591.9,176041
05/21/2012,1590.2,1599,1584.5,1588.7,140539
05/22/2012,1593,1594.4,1561,1576.6,175858
05/23/2012,1567.4,1568.5,1532.8,1548.4,259185
05/24/2012,1560.8,1577.7,1551,1557.5,197533
05/25/2012,1557.6,1573.7,1550.7,1568.9,157335
05/29/2012,1573.6,1583.5,1545.7,1548.7,259050
05/30/2012,1555.8,1571,1532.1,1565.7,273695
05/31/2012,1564.1,1574.6,1553,1564.2,177334
06/01/2012,1561.8,1632,1545.5,1622.1,307040
06/04/2012,1626.8,1629.7,1610,1613.9,135236
06/05/2012,1619.9,1624.8,1612.5,1616.9,96218
06/06/2012,1618.5,1642.4,1614.4,1634.2,184614
06/07/2012,1621.4,1630.7,1579.4,1588,254777
06/08/2012,1590.3,1596.3,1556.4,1591.4,158606
06/11/2012,1602.8,1609.3,1582.7,1596.8,116635
06/12/2012,1597.6,1618.9,1586.4,1613.8,149667
06/13/2012,1611.1,1626,1607,1619.4,128377
06/14/2012,1619,1629,1610.4,1619.6,153140
06/15/2012,1624,1635.4,1620.4,1628.1,130137
06/18/2012,1630,1631.3,1606.9,1627,120675
06/19/2012,1627.3,1634.3,1618.1,1623.2,124749
06/20/2012,1619.3,1623.6,1590.5,1615.8,210736
06/21/2012,1607.7,1608.2,1564.8,1565.5,214302
06/22/2012,1565.7,1574.1,1558.6,1566.9,120470
06/25/2012,1572.6,1589,1566.9,1588.4,114462
06/26/2012,1588.4,1588.4,1568.2,1574.9,103440
06/27/2012,1572.6,1584.6,1563.1,1578.4,115527
06/28/2012,1574.6,1579.6,1547.6,1550.4,139961
06/29/2012,1551.8,1607.8,1551.3,1604.2,190835
07/02/2012,1599.6,1603.6,1587.4,1597.7,98936
07/03/2012,1597.5,1625.7,1595.3,1621.8,112150
07/05/2012,1617.6,1624.5,1597.5,1609.4,172550
07/06/2012,1605.2,1610.6,1576.4,1578.9,161742
07/09/2012,1582.4,1593.1,1576,1589.1,98066
07/10/2012,1589.1,1602,1564.4,1579.8,151155
07/11/2012,1565.8,1583.4,1565.5,1575.7,140490
07/12/2012,1576.3,1577.9,1554.4,1565.3,171190
07/13/2012,1571.2,1596.5,1565.6,1592,129985
07/16/2012,1591.5,1594.6,1577.2,1591.6,101745
07/17/2012,1588.6,1598.8,1571,1589.5,141888
07/18/2012,1583,1585.7,1567.2,1570.8,133067
07/19/2012,1573,1591.5,1572.1,1580.4,134865
07/20/2012,1581,1586.7,1572.6,1582.8,122585
07/23/2012,1581.6,1582.4,1562,1577.4,141477
07/24/2012,1575.9,1584,1567.8,1576.2,158537
07/25/2012,1580.2,1610,1577.9,1608.1,212741
07/26/2012,1604.5,1621.5,1600.2,1615.1,188616
07/27/2012,1614.6,1628.6,1610.7,1618,197976
07/30/2012,1627.5,1630,1617.6,1624,111653
07/31/2012,1625.6,1631.6,1614.2,1614.6,124765
08/01/2012,1617.5,1621.8,1595,1607.3,156106
08/02/2012,1602.8,1618.8,1586.3,1590.7,158560
08/03/2012,1592.3,1609.9,1588.5,1609.3,126858
08/06/2012,1607.7,1618.4,1605.3,1616.2,79352
08/07/2012,1614.5,1621.3,1611,1612.8,86450
08/08/2012,1614.7,1619.5,1605.9,1616,84409
08/09/2012,1615.1,1621,1612.2,1620.2,69240
08/10/2012,1620.2,1629.7,1606.6,1622.8,112185
08/13/2012,1624.7,1628.2,1609.7,1612.6,96667
08/14/2012,1612.6,1618.9,1593.6,1602.4,118540
08/15/2012,1601.2,1608.8,1592.1,1606.6,101682
08/16/2012,1605.8,1622,1603,1619.2,107456
08/17/2012,1616.7,1623,1613.3,1619.4,77285
08/20/2012,1618.5,1624.7,1611.8,1623,69468
08/21/2012,1623.1,1643.6,1620.8,1642.9,128719
08/22/2012,1640.2,1658.2,1636.3,1640.5,138502
08/23/2012,1654.5,1677.5,1654.5,1672.8,157054
08/24/2012,1672.6,1676.3,1665.1,1672.9,102664
08/27/2012,1673.2,1679.3,1665.5,1675.6,76962
08/28/2012,1666,1674.9,1659.1,1669.7,105051
08/29/2012,1668.8,1672.5,1654.4,1663,112444
08/30/2012,1658.7,1666.7,1652.3,1657.1,96786
08/31/2012,1657.8,1695.5,1647.1,1687.6,195805
09/04/2012,1693.4,1701.6,1687.6,1696,179166
09/05/2012,1697.6,1698.4,1689.6,1694,101574
09/06/2012,1695.7,1716.9,1693.7,1705.6,176797
09/07/2012,1703.7,1745.4,1691.3,1740.5,216526
09/10/2012,1738,1742.3,1727,1731.8,111150
09/11/2012,1728.7,1740.5,1728,1734.9,109346
09/12/2012,1734.5,1749.5,1727.3,1733.7,182989
09/13/2012,1733.1,1775,1720,1772.1,260342
09/14/2012,1769.4,1780.2,1767.7,1772.7,195524
09/17/2012,1773.5,1778.9,1756.2,1770.6,118555
09/18/2012,1764.2,1775.9,1753.2,1771.2,163628
09/19/2012,1773.4,1781.8,1764.2,1771.7,162962
09/20/2012,1772.4,1774.9,1757.7,1770.2,144572
09/21/2012,1770.2,1790,1769.1,1778,185293
09/24/2012,1774.7,1775.3,1757.9,1764.6,159194
09/25/2012,1766.2,1777.9,1761,1766.4,157676
09/26/2012,1762.7,1768.4,1738.3,1753.6,196374
09/27/2012,1756.3,1782.9,1753.2,1780.5,181476
09/28/2012,1780,1785.9,1769.5,1773.9,156934
10/01/2012,1773.7,1794.4,1765.7,1783.3,190607
10/02/2012,1780,1786.6,1772.3,1775.6,119797
10/03/2012,1776.2,1784,1773,1779.8,119091
10/04/2012,1780,1797.7,1779.9,1796.5,161985
10/05/2012,1792.6,1798.1,1774.5,1780.8,158446
10/08/2012,1782,1782.5,1768.2,1775.7,95898
10/09/2012,1777.8,1781.6,1762,1765,140493
10/10/2012,1766,1770,1758.5,1765.1,129541
10/11/2012,1764.9,1776.6,1760.2,1770.6,117573
10/12/2012,1769.7,1775,1753.5,1759.7,130391
10/15/2012,1755.2,1755.5,1729.7,1737.6,172769
10/16/2012,1738,1749.6,1736.1,1746.3,105627
10/17/2012,1750,1755,1744,1753,112841
10/18/2012,1750.9,1753.4,1739,1744.7,106130
10/19/2012,1742.4,1744.7,1716,1724,158721
10/22/2012,1722.7,1730.8,1714.4,1726.3,108139
10/23/2012,1729.8,1731.2,1704.6,1709.4,153971
10/24/2012,1709,1715.2,1698.7,1701.6,140583
10/25/2012,1702.8,1718.9,1702.3,1713,141164
10/26/2012,1712.1,1719.9,1701.4,1711.9,126511
10/29/2012,1712.2,1717.8,1706.2,1708.7,57608
10/30/2012,1710.3,1715.7,1705.2,1712.1,57253
10/31/2012,1710.3,1726.6,1709.8,1719.1,120009
11/01/2012,1720.4,1727.5,1713.8,1715.5,121499
11/02/2012,1715.6,1717.2,1674.8,1675.2,223444
11/05/2012,1676.7,1686.2,1672.5,1683.2,120547
11/06/2012,1685.4,1720.9,1683.5,1715,187222
11/07/2012,1715.8,1733,1703,1714,265682
11/08/2012,1717.9,1735.1,1712.6,1726,165870
11/09/2012,1731.5,1739.4,1726.9,1730.9,148670
11/12/2012,1731.8,1738,1725.2,1730.9,107182
11/13/2012,1729,1733.3,1717.6,1724.8,142502
11/14/2012,1725.3,1734.1,1720.5,1730.1,143227
11/15/2012,1727.2,1727.9,1704.5,1713.8,181712
11/16/2012,1715.5,1717.2,1705.6,1714.7,136952
11/19/2012,1714.4,1735.5,1713.4,1734.4,125525
11/20/2012,1731.5,1736,1721.8,1723.6,128071
11/21/2012,1727.8,1732,1718.4,1728.2,129035
11/23/2012,1729.1,1755,1727.6,1751.4,165900
11/26/2012,1751.5,1752.3,1746,1749.6,165966
11/27/2012,1749.3,1751.9,1740.4,1742.3,198873
11/28/2012,1741.5,1743.1,1705.5,1716.5,276136
11/29/2012,1722.4,1731.2,1720.1,1729.5,178274
11/30/2012,1728.3,1733.7,1710.2,1712.7,142067
12/03/2012,1715.5,1724.9,1714.2,1721.1,104840
12/04/2012,1717.7,1719.2,1692.6,1695.8,197018
12/05/2012,1697.7,1708.3,1686,1693.8,157791
12/06/2012,1695.7,1704.8,1687.1,1701.8,145846
12/07/2012,1701.3,1706.9,1684.1,1705.5,145925
12/10/2012,1705.4,1718.8,1703.3,1714.4,84330
12/11/2012,1713.9,1715.8,1706,1709.6,81044
12/12/2012,1712,1725,1708.5,1717.9,167086
12/13/2012,1712.8,1712.8,1690.7,1696.8,171357
12/14/2012,1699.6,1701.9,1694,1697,85242
12/17/2012,1698.4,1701,1687.5,1698.2,93926
12/18/2012,1699.1,1704.4,1662,1670.7,180399
12/19/2012,1671.7,1677.8,1664.2,1667.7,157436
12/20/2012,1667.9,1672.8,1636,1645.9,189984
12/21/2012,1648.5,1660.5,1636.3,1660.1,136092
12/24/2012,1658,1666.5,1652.7,1659.5,44006
12/26/2012,1657.4,1668.7,1650.6,1660.7,52722
12/27/2012,1659.8,1666.1,1653.1,1663.7,95883
12/28/2012,1664,1667,1654.1,1655.9,75137
12/31/2012,1655.9,1681,1655.9,1675.8,85218
01/02/2013,1676.4,1695.4,1670.9,1688.8,132828
01/03/2013,1686.2,1690.5,1661.2,1674.6,143786
01/04/2013,1663.8,1664.5,1626,1648.9,252725
01/07/2013,1656.3,1663,1642.6,1646.3,140819
01/08/2013,1647.6,1662.7,1646.8,1662.2,146839
01/09/2013,1659.9,1666,1651.3,1655.5,131709
01/10/2013,1658,1678.8,1653.8,1678,159320
01/11/2013,1674.1,1676.9,1653.1,1660.6,176075
01/14/2013,1659.5,1674.8,1659.5,1669.4,126856
01/15/2013,1667.8,1684.9,1666.2,1683.9,149770
01/16/2013,1679.7,1684.7,1673,1683.2,137525
01/17/2013,1680.5,1697.8,1666.4,1690.8,202942
01/18/2013,1687.4,1695.1,1683.3,1687,115543
01/22/2013,1686.5,1695.9,1684.8,1693.2,165132
01/23/2013,1691.7,1694.8,1683.1,1686.7,141433
01/24/2013,1683.8,1685.8,1664.2,1669.9,179960
01/25/2013,1667,1671.6,1655,1656.6,162110
01/28/2013,1657.9,1661.6,1651,1652.9,184378
01/29/2013,1653.9,1665,1653.5,1660.8,145863
01/30/2013,1664.1,1685,1663.5,1681.6,183223
01/31/2013,1677,1681.7,1658.4,1662,159622
02/01/2013,1665.2,1683,1660.6,1670.6,177049
02/04/2013,1669.1,1678.6,1661.8,1676.4,112527
02/05/2013,1675.5,1687,1667.2,1673.5,154153
02/06/2013,1673.4,1680.5,1668.8,1678.8,97162
02/07/2013,1678,1683.9,1663.4,1671.3,183505
02/08/2013,1671.8,1674.3,1665.8,1666.9,94741
02/11/2013,1667.9,1670.3,1644.1,1649.1,161668
02/12/2013,1648.6,1653.8,1639.5,1649.6,137082
02/13/2013,1652.5,1655,1640.5,1645.1,130849
02/14/2013,1642.5,1650,1632.8,1635.5,174428
02/15/2013,1634.2,1636,1596.7,1609.5,258379
02/19/2013,1610,1618.8,1600.2,1604.2,220226
02/20/2013,1604.2,1609.2,1558.1,1578,260413
02/21/2013,1564.8,1584.4,1554.3,1578.6,223531
02/22/2013,1577,1587,1569.3,1572.8,142206
02/25/2013,1579.7,1596.5,1574.7,1586.6,164113
02/26/2013,1592.7,1619.7,1583.7,1615.5,254857
02/27/2013,1613.6,1614.4,1591.4,1595.7,172158
02/28/2013,1596.3,1602.5,1574.3,1578.1,190164
03/01/2013,1578.5,1586.9,1564,1572.3,193691
03/04/2013,1578,1584.3,1568.7,1572.4,122907
03/05/2013,1574.2,1585.8,1571.1,1574.9,146718
03/06/2013,1574.9,1584.3,1566.4,1574.9,169868
03/07/2013,1583.8,1584.9,1574,1575.1,141571
03/08/2013,1577.4,1583.1,1560.4,1576.9,213955
03/11/2013,1578.3,1582.5,1574.5,1578,101213
03/12/2013,1580.4,1597.6,1578.8,1591.7,150411
03/13/2013,1592,1598.8,1584.4,1588.4,141795
03/14/2013,1586.7,1592.2,1575.2,1590.7,144163
03/15/2013,1589.4,1597.9,1587.3,1592.6,98990
03/18/2013,1597,1610.4,1589.6,1604.6,176071
03/19/2013,1603.7,1615,1599,1611.3,165885
03/20/2013,1611.9,1613.9,1599.6,1607.5,127570
03/21/2013,1605.7,1616.5,1603.6,1613.8,130590
03/22/2013,1614,1615.3,1602.6,1606.1,138726
03/25/2013,1608.8,1612.8,1588.4,1604.5,234090
03/26/2013,1604.5,1605,1593.4,1595.7,165484
03/27/2013,1601,1609,1591.9,1607.2,179889
03/28/2013,1605.6,1608.3,1594.3,1595.7,109103
04/01/2013,1598.1,1601.6,1595.2,1600.9,62176
04/02/2013,1600.1,1604.3,1574,1575.9,165691
04/03/2013,1576.4,1577.3,1549.7,1553.5,209509
04/04/2013,1557.7,1559.3,1539.4,1552.4,188525
04/05/2013,1554,1581.8,1549,1575.9,190804
04/08/2013,1580.8,1582.9,1566.6,1572.5,111703
04/09/2013,1572.4,1590.1,1570,1586.7,126551
04/10/2013,1585,1588.5,1555.3,1558.8,176373
04/11/2013,1559,1568.1,1553,1564.9,137757
04/12/2013,1560.3,1564.2,1476,1501.4,374344
04/15/2013,1481,1495,1335.1,1361.1,700344
04/16/2013,1355,1404.2,1321.5,1387.4,424780
04/17/2013,1371.4,1395.2,1365,1382.7,255303
04/18/2013,1376.1,1402,1335.6,1392.5,246906
04/19/2013,1393,1424.7,1385.4,1395.6,199699
04/22/2013,1408.3,1438.8,1403.5,1421.2,186680
04/23/2013,1425.4,1432.8,1404,1408.8,215906
04/24/2013,1412.5,1433.6,1411.5,1423.7,142300
04/25/2013,1430.3,1468.6,1426.3,1462,197319
04/26/2013,1467.3,1484.8,1447.3,1453.6,239659
04/29/2013,1466.2,1478.3,1461.6,1467.4,122508
04/30/2013,1476.6,1479.5,1460.5,1472.1,154104
05/01/2013,1475.6,1477.4,1439.7,1446.2,170191
05/02/2013,1457,1473.3,1448.1,1467.6,152834
05/03/2013,1466.2,1487.2,1455.4,1464.2,175030
05/06/2013,1470,1478.4,1463.8,1468,80796
05/07/2013,1469.1,1470,1440.4,1448.8,192504
05/08/2013,1451.6,1475.8,1446.7,1473.7,158956
05/09/2013,1473,1476,1452.1,1468.6,162465
05/10/2013,1457.5,1461.2,1418.5,1436.6,231401
05/13/2013,1447.7,1448.3,1424.7,1434.3,151009
05/14/2013,1429.5,1444.9,1419.7,1424.5,173066
05/15/2013,1424.5,1429.4,1386.4,1396.2,229796
05/16/2013,1392.5,1397,1368,1386.9,222528
05/17/2013,1385.2,1391.3,1353.6,1364.7,229036
05/20/2013,1361.3,1397.9,1336.3,1384.1,258371
05/21/2013,1392.4,1399.9,1358,1377.6,225016
05/22/2013,1374.5,1413.3,1353.1,1367.4,328643
05/23/2013,1367.9,1397.1,1355,1391.8,220700
05/24/2013,1389.9,1397.1,1381.1,1386.6,136510
05/28/2013,1386.3,1401,1372.1,1378.9,295012
05/29/2013,1379.9,1394.9,1379.1,1391.3,168665
05/30/2013,1392.9,1417.7,1388.4,1412,202829
05/31/2013,1412.9,1421.6,1384.2,1393,167854
06/03/2013,1388.8,1416.5,1388.3,1411.9,141771
06/04/2013,1411.2,1414.8,1388.1,1397.2,117534
06/05/2013,1398.8,1410.3,1395.1,1398.5,139655
06/06/2013,1401.8,1423.3,1391.2,1415.8,177144
06/07/2013,1412.7,1417.7,1377.1,1383,199054
06/10/2013,1383,1388.5,1375.1,1386,109059
06/11/2013,1385.9,1387.2,1364.5,1377,146056
06/12/2013,1377.7,1394,1372.2,1392,112198
06/13/2013,1387.4,1394.4,1373,1377.8,127783
06/14/2013,1384.8,1391.8,1377.8,1387.6,100911
06/17/2013,1390.1,1391.4,1379.8,1383.1,78353
06/18/2013,1384.3,1385.4,1360.2,1366.9,128779
06/19/2013,1367.3,1376,1348.3,1374,136468
06/20/2013,1351.2,1351.2,1275.4,1286.2,368874
06/21/2013,1277.6,1301.7,1268.7,1292,190154
06/24/2013,1296.3,1300.7,1275.1,1277.1,160333
06/25/2013,1281.7,1289,1270.7,1275.1,161803
06/26/2013,1277,1277.5,1221,1229.8,318396
06/27/2013,1225.5,1244.2,1196.1,1211.6,261390
06/28/2013,1199.5,1234.8,1179.4,1223.7,309347
07/01/2013,1232.9,1261.7,1224.1,1255.7,204048
07/02/2013,1252.7,1267,1238.8,1243.4,169736
07/03/2013,1241.9,1259.3,1236,1251.9,152851
07/05/2013,1252.7,1257.1,1206.9,1212.7,227043
07/08/2013,1221.1,1237.4,1214.4,1234.9,140566
07/09/2013,1235.2,1258.7,1232,1245.9,166683
07/10/2013,1249.1,1265.6,1242.2,1247.4,190149
07/11/2013,1265.7,1297.2,1262.1,1279.9,207150
07/12/2013,1284.9,1287.4,1266.4,1277.6,136396
07/15/2013,1283.9,1293.6,1272.5,1283.5,116682
07/16/2013,1281.6,1294.7,1275.6,1290.4,127630
07/17/2013,1291.2,1299.7,1269.3,1277.5,223427
07/18/2013,1274.4,1287.9,1273.3,1284.2,123913
07/19/2013,1282.4,1297.1,1281.4,1292.9,134153
07/22/2013,1296.2,1339.1,1295.4,1336,191735
07/23/2013,1334.3,1348.7,1325.6,1334.7,159441
07/24/2013,1347.5,1348.7,1312.7,1319.5,182162
07/25/2013,1321.2,1337.5,1308.4,1328.8,176485
07/26/2013,1333.3,1340.5,1311.9,1321.5,169765
07/29/2013,1333.6,1338.1,1322.6,1328.4,134359
07/30/2013,1328.2,1330.4,1317,1324.8,126109
07/31/2013,1326.4,1339.7,1305.3,1313,218787
08/01/2013,1323.4,1330.7,1306.6,1311.2,157369
08/02/2013,1307.7,1318,1282.4,1310.5,194683
08/05/2013,1312.2,1320.3,1296.7,1302.4,97862
08/06/2013,1303.3,1306.4,1278.1,1282.5,145487
08/07/2013,1281.2,1289,1271.8,1285.3,113264
08/08/2013,1293.6,1313.8,1286.7,1309.9,147834
08/09/2013,1311.4,1316.5,1304.1,1312.2,96809
08/12/2013,1313.5,1343.7,1313.5,1334.2,141631
08/13/2013,1336,1341,1317.8,1320.5,146208
08/14/2013,1320.3,1335.8,1315.1,1333.4,120612
08/15/2013,1335.8,1369.6,1317.9,1360.9,226648
08/16/2013,1365.6,1379.2,1357,1371,177729
08/19/2013,1377.1,1384.1,1362,1365.7,123415
08/20/2013,1364.9,1378,1351.6,1372.6,137476
08/21/2013,1371,1378.9,1359.2,1370.1,150235
08/22/2013,1365.6,1381.4,1354.5,1370.8,147575
08/23/2013,1376.1,1399.9,1367.8,1395.8,161580
08/26/2013,1399,1407,1388.4,1393.1,103038
08/27/2013,1404.8,1424,1395.2,1420.2,160392
08/28/2013,1416.1,1434,1413.2,1418.8,167016
08/29/2013,1418.2,1418.6,1402.1,1412.9,147098
08/30/2013,1407.5,1411.5,1391.8,1396.1,124659
09/03/2013,1394,1416.4,1373.6,1412,205998
09/04/2013,1411.6,1415,1384.6,1390,138415
09/05/2013,1391.2,1400,1364.7,1373,175226
09/06/2013,1366.7,1393.6,1358.8,1386.5,161533
09/09/2013,1391.1,1395,1381.9,1386.7,80509
09/10/2013,1387.1,1391.4,1357.6,1364,131861
09/11/2013,1364.2,1368.7,1356,1363.8,100134
09/12/2013,1366.1,1366.2,1320.4,1330.6,185084
09/13/2013,1322.7,1330.8,1304.6,1308.6,170246
09/16/2013,1333.5,1336,1302.7,1317.8,158187
09/17/2013,1313.6,1324.7,1305.8,1309.4,128901
09/18/2013,1309.5,1367.8,1291.5,1307.6,243776
09/19/2013,1365,1375.4,1358.5,1369.3,180030
09/20/2013,1366.2,1368.4,1324.9,1332.5,190860
09/23/2013,1327,1332,1313.4,1327,139642
09/24/2013,1321.5,1329.4,1305.5,1316.3,155023
09/25/2013,1323.5,1338.3,1316.6,1336.2,145962
09/26/2013,1333.1,1340,1319.2,1324.1,159097
09/27/2013,1323.7,1345.2,1320,1339.2,133967
09/30/2013,1343.5,1353.8,1322,1327,119076
10/01/2013,1328.2,1337.8,1282.4,1286.1,212833
10/02/2013,1287.5,1324.2,1276.9,1320.7,176119
10/03/2013,1316.5,1322.8,1302,1317.6,129120
10/04/2013,1317.4,1326,1305.1,1309.9,107569
10/07/2013,1312.3,1329.5,1307.9,1325.1,95950
10/08/2013,1323,1330.8,1315.4,1324.6,123183
10/09/2013,1319.6,1323.3,1294.6,1307.2,158401
10/10/2013,1307,1312,1281,1296.9,141168
10/11/2013,1268,1294.8,1259.6,1268.2,186264
10/14/2013,1275.5,1291.6,1268.4,1276.6,110183
10/15/2013,1273.6,1287.7,1251,1273.2,204033
10/16/2013,1281.4,1289.2,1268.6,1282.3,165641
10/17/2013,1281.4,1324.2,1273.7,1323,216151
10/18/2013,1318.8,1328.9,1311.2,1314.6,104101
10/21/2013,1316,1323.9,1312,1315.8,74390
10/22/2013,1315.5,1344.7,1309.5,1342.6,159789
10/23/2013,1340.1,1342.2,1328.5,1334,99059
10/24/2013,1332.5,1352.3,1330.2,1350.3,138229
10/25/2013,1346.9,1356.4,1335.3,1352.5,120214
10/28/2013,1352.7,1361.8,1346.1,1352.2,118915
10/29/2013,1352.6,1360.4,1339.8,1345.5,127174
10/30/2013,1344.6,1359.6,1334.5,1349.3,156595
10/31/2013,1341.7,1343,1318.7,1323.7,151974
11/01/2013,1323.1,1327.3,1305.6,1313.2,136964
11/04/2013,1313,1322.4,1310.8,1314.7,78535
11/05/2013,1313.9,1320.6,1305.2,1308.1,99655
11/06/2013,1312.3,1322,1308.9,1317.8,97108
11/07/2013,1317.5,1326,1296,1308.5,188109
11/08/2013,1307.8,1313.4,1280.5,1284.6,182695
11/11/2013,1288.3,1288.8,1278.1,1281.1,98952
11/12/2013,1281.4,1285.4,1260.5,1271.2,146536
11/13/2013,1265.3,1283.7,1265,1268.4,133472
11/14/2013,1281.4,1293.8,1277.3,1286.3,159304
11/15/2013,1286.8,1290.8,1279.6,1287.4,93186
11/18/2013,1288.9,1289.2,1269.2,1272.3,112201
11/19/2013,1275,1278.2,1268,1273.5,105146
11/20/2013,1274.5,1275.7,1240.2,1258,224187
11/21/2013,1241.8,1250,1235.8,1243.6,197767
11/22/2013,1242.3,1248.3,1240.3,1244.1,135215
11/25/2013,1241.6,1254,1225.7,1241.2,195436
11/26/2013,1250.9,1257.8,1239.2,1241.4,178417
11/27/2013,1241.6,1254.8,1235.5,1237.8,82331
11/29/2013,1237.9,1254.5,1234.1,1250.4,113086
12/02/2013,1250.6,1251.2,1217.1,1221.9,146101
12/03/2013,1219.5,1225.8,1214.6,1220.8,118419
12/04/2013,1223,1251.5,1210.8,1247.2,182235
12/05/2013,1243.1,1243.2,1216.3,1231.9,154225
12/06/2013,1225,1245,1210.1,1229,174951
12/09/2013,1229.9,1242.6,1224.6,1234.2,77726
12/10/2013,1239.5,1267.5,1237.4,1261.1,148583
12/11/2013,1261,1263.2,1250.6,1257.2,120446
12/12/2013,1252.3,1256.5,1222.6,1224.9,153610
12/13/2013,1226.1,1238.2,1219.5,1234.6,113538
12/16/2013,1237.3,1251.7,1227.2,1244.4,121809
12/17/2013,1239.5,1247.6,1226.5,1230.1,134929
12/18/2013,1230.3,1244,1215.2,1235,160628
12/19/2013,1217.8,1226,1186,1193.6,206495
12/20/2013,1188.8,1206.9,1188,1203.7,138710
12/23/2013,1202.5,1205.6,1191.8,1197,84975
12/24/2013,1197.8,1205.1,1195.5,1203.3,43489
12/26/2013,1203.8,1215.4,1200.5,1212.3,54652
12/27/2013,1210.9,1218.9,1208.5,1214,83755
12/30/2013,1213.8,1215.8,1193.3,1203.8,79943
12/31/2013,1197.4,1214,1181.4,1202.3,123138
01/02/2014,1204.5,1230.8,1202.5,1225.2,136924
01/03/2014,1222.3,1239.6,1221.3,1238.6,106585
01/06/2014,1237,1247.7,1212.6,1238,152189
01/07/2014,1237,1244.7,1224.2,1229.6,128637
01/08/2014,1231,1231.8,1217.7,1225.5,157113
01/09/2014,1224.9,1230.9,1222.8,1229.4,123280
01/10/2014,1227.1,1248.5,1226.6,1246.9,161259
01/13/2014,1247.7,1255.3,1243,1251.1,116647
01/14/2014,1252.7,1254.9,1241.1,1245.4,138193
01/15/2014,1244.3,1244.6,1233.5,1238.3,105108
01/16/2014,1241.8,1244.9,1235.8,1240.2,111667
01/17/2014,1241.7,1254.6,1237.3,1251.9,112715
01/21/2014,1252.5,1262,1235.1,1241.8,174694
01/22/2014,1240.5,1243.5,1235.5,1238.6,86791
01/23/2014,1235.8,1267,1230.8,1262.3,209347
01/24/2014,1263.7,1273.2,1256.8,1264.3,161723
01/27/2014,1270.1,1279.8,1251.9,1263.4,167219
01/28/2014,1255.6,1262.3,1248.2,1250.8,155996
01/29/2014,1255.9,1270.6,1248.5,1262.2,137028
01/30/2014,1267.2,1267.8,1237.5,1242.5,163622
01/31/2014,1244,1254.8,1238.2,1239.8,116151
02/03/2014,1242,1266.1,1240.4,1259.9,124745
02/04/2014,1257.9,1260.7,1246.8,1251.2,93152
02/05/2014,1254.2,1274.5,1251.8,1256.9,127060
02/06/2014,1257.7,1267.5,1252.5,1257.2,87894
02/07/2014,1256.9,1272,1255.5,1262.9,136028
02/10/2014,1265.4,1277.8,1264.7,1274.7,94770
02/11/2014,1274.2,1294.4,1273.5,1289.8,154734
02/12/2014,1290.1,1296.4,1283.9,1295,111438
02/13/2014,1290.8,1303,1286.2,1300.1,126045
02/14/2014,1302.2,1321.5,1299.9,1318.6,150659
02/18/2014,1318.6,1332.4,1312.3,1324.4,184496
02/19/2014,1322,1323,1308.9,1320.4,112256
02/20/2014,1311,1325.3,1307.1,1316.9,129024
02/21/2014,1323,1328.8,1315.9,1323.6,110099
02/24/2014,1325.5,1339.2,1318.7,1338,129769
02/25/2014,1336.4,1343.8,1331.2,1342.7,125978
02/26/2014,1341.3,1345.6,1322.3,1328,149696
02/27/2014,1329.5,1336.4,1324,1331.8,120165
02/28/2014,1331.3,1333.6,1319.3,1321.6,132783
03/03/2014,1332.4,1355,1330.7,1350.3,159743
03/04/2014,1350,1352.9,1331.2,1337.9,135598
03/05/2014,1334.8,1342,1332.7,1340.3,97109
03/06/2014,1337,1353.9,1331.3,1351.8,142468
03/07/2014,1350.7,1353.2,1326.6,1338.2,178466
03/10/2014,1340.8,1344.9,1327.5,1341.5,126040
03/11/2014,1339.5,1353,1337.8,1346.7,150515
03/12/2014,1348.8,1371.3,1345.6,1370.5,223878
03/13/2014,1367.8,1375.7,1364.9,1372.4,175113
03/14/2014,1370.9,1388.4,1368.2,1379,185259
03/17/2014,1383.1,1392.6,1361.9,1372.9,154349
03/18/2014,1367.1,1367.9,1351.1,1359,157502
03/19/2014,1356.1,1360.2,1327.8,1341.3,194615
03/20/2014,1331.7,1335.3,1320.8,1330.5,167021
03/21/2014,1329.3,1343,1328,1336,148313
03/24/2014,1335,1335.7,1308.5,1311.2,178475
03/25/2014,1309.7,1318,1306,1311.4,158346
03/26/2014,1312.1,1317.1,1299.3,1303.4,151503
03/27/2014,1305.5,1307.6,1289.6,1294.7,185016
03/28/2014,1292.3,1299.4,1286.1,1294.3,171316
03/31/2014,1295,1299.3,1282.7,1283.8,133250
04/01/2014,1284.6,1288.4,1277.4,1280,112918
04/02/2014,1279.6,1294.9,1278.9,1290.8,124467
04/03/2014,1290.4,1294.2,1281.9,1284.6,98672
04/04/2014,1286.6,1307.5,1284.4,1303.5,145500
04/07/2014,1304,1304.8,1295.8,1298.3,80277
04/08/2014,1296.8,1314.7,1296.8,1309.1,119225
04/09/2014,1308.5,1315.5,1301.1,1305.9,125580
04/10/2014,1311.9,1324.9,1311,1320.5,126709
04/11/2014,1318.1,1324.2,1314,1319,91859
04/14/2014,1321,1331.4,1318.7,1327.5,100334
04/15/2014,1326.5,1328.4,1284.4,1300.3,188991
04/16/2014,1303.2,1307.1,1293.5,1303.5,95708
04/17/2014,1302.1,1304.4,1292.8,1293.9,91061
04/21/2014,1294.9,1302.5,1281.8,1288.5,101889
04/22/2014,1290.3,1293.1,1275.8,1281.1,118730
04/23/2014,1284,1289.1,1280.8,1284.6,98441
04/24/2014,1283.9,1299,1268.4,1290.6,189289
04/25/2014,1293.8,1305.2,1290.4,1300.8,107958
04/28/2014,1303.2,1306.6,1292.1,1299,102409
04/29/2014,1296,1302,1286.1,1296.3,103817
04/30/2014,1295.6,1298.4,1284.9,1295.9,139271
05/01/2014,1291.9,1293,1277.3,1283.4,115436
05/02/2014,1284.7,1304.9,1272,1302.9,171945
05/05/2014,1300.9,1315.8,1299.7,1309.3,115634
05/06/2014,1309.7,1314.3,1304.4,1308.6,103408
05/07/2014,1307.9,1315,1286.6,1288.9,173803
05/08/2014,1289.8,1295.5,1284.8,1287.7,118107
05/09/2014,1289.6,1294.5,1285.5,1287.6,110471
05/12/2014,1289.8,1304.5,1277.7,1295.8,130809
05/13/2014,1296,1299,1289.1,1294.8,120873
05/14/2014,1293.9,1309.2,1291.6,1305.9,120327
05/15/2014,1305.5,1307.3,1290.9,1293.6,147392
05/16/2014,1296.4,1298.3,1287.7,1293.4,116836
05/19/2014,1293,1305.7,1289.5,1293.8,108500
05/20/2014,1293,1297.2,1286,1294.6,129486
05/21/2014,1294.2,1296.3,1282.9,1288.1,126006
05/22/2014,1292,1304.1,1290.1,1295,128235
05/23/2014,1294.3,1295.7,1286.6,1291.7,146979
05/27/2014,1293.6,1294.8,1263.2,1265.5,252104
05/28/2014,1264,1267.3,1255.8,1259.3,168825
05/29/2014,1258.3,1260.6,1250.9,1256.3,38045
05/30/2014,1255.9,1260.6,1242.2,1246,136541
06/02/2014,1250.5,1251,1241.1,1244,91403
06/03/2014,1244.1,1247.9,1240.2,1244.5,90049
06/04/2014,1244.9,1249.5,1242.8,1244.3,76990
06/05/2014,1244.3,1257.9,1241.2,1253.3,125573
06/06/2014,1253.7,1258.2,1245.7,1252.5,112940
06/09/2014,1253,1257.3,1251.6,1253.9,53765
06/10/2014,1252.7,1263.8,1250.1,1260.1,107080
06/11/2014,1260.3,1265.5,1257.9,1261.2,77036
06/12/2014,1261.1,1275.1,1260,1274,117418
06/13/2014,1273.4,1278.1,1270.9,1274.1,83626
06/16/2014,1276.8,1285.1,1270.5,1275.3,98247
06/17/2014,1271.8,1273.5,1258,1272,112826
06/18/2014,1272.1,1279.2,1266.5,1272.7,87914
06/19/2014,1278.2,1322,1276.2,1314.1,237994
06/20/2014,1320.3,1322.5,1307.1,1316.6,167785
06/23/2014,1314.9,1319.2,1310.4,1318.4,109392
06/24/2014,1318.1,1326.6,1314.5,1321.3,123877
06/25/2014,1318.9,1325.6,1305.4,1322.6,136623
06/26/2014,1318.7,1320.6,1306.8,1317,134789
06/27/2014,1317.1,1323.1,1313.2,1320,104663
06/30/2014,1316.8,1330.4,1311,1322,127612
07/01/2014,1327.5,1334.9,1324,1326.6,121098
07/02/2014,1327.1,1333.2,1322.1,1330.9,114091
07/03/2014,1328.4,1329,1309.4,1320.6,149377
07/07/2014,1321.4,1321.7,1312.1,1317,113065
07/08/2014,1320.8,1325.7,1314.3,1316.5,130081
07/09/2014,1320.4,1333.4,1318.7,1324.3,163179
07/10/2014,1325,1346.8,1325,1339.2,179492
07/11/2014,1336.5,1340.4,1334.6,1337.4,97170
07/14/2014,1339.5,1340.9,1302.2,1306.7,208856
07/15/2014,1309.1,1314.4,1292.6,1297.1,175878
07/16/2014,1295.2,1304.2,1293.5,1299.8,119719
07/17/2014,1300.3,1325.9,1298.1,1316.9,176744
07/18/2014,1319.1,1325.5,1305,1309.4,121624
07/21/2014,1311.3,1319,1307.9,1313.9,85369
07/22/2014,1312.4,1316.8,1302.2,1306.3,127494
07/23/2014,1308,1311.8,1303.5,1304.7,86756
07/24/2014,1304.3,1305.6,1287.5,1290.8,178767
07/25/2014,1294.2,1308.9,1291,1303.3,122356
07/28/2014,1307.9,1309.4,1301.1,1303.3,136981
07/29/2014,1303.3,1312.1,1295.5,1298.3,181554
07/30/2014,1300.5,1305.2,1293.2,1296.9,130868
07/31/2014,1297,1298.8,1281.3,1282.8,143363
08/01/2014,1284.2,1298.4,1281,1294.8,130480
08/04/2014,1295.4,1296.4,1287,1288.9,67872
08/05/2014,1289.2,1295,1283.3,1285.3,105683
08/06/2014,1288.9,1311,1288.5,1308.2,160366
08/07/2014,1306.6,1316.4,1303,1312.5,122429
08/08/2014,1314.5,1324.3,1305.7,1311,143432
08/11/2014,1310.4,1312.9,1306.4,1310.5,63069
08/12/2014,1309.2,1319.3,1306.8,1310.6,98609
08/13/2014,1309.6,1316.4,1306,1314.5,98471
08/14/2014,1313.4,1321.8,1310,1315.7,103416
08/15/2014,1313.4,1316.5,1293,1306.2,182579
08/18/2014,1304.2,1304.9,1296.5,1299.3,76105
08/19/2014,1298.6,1303.7,1294.7,1296.7,78238
08/20/2014,1297.2,1299.3,1288.7,1295.2,83304
08/21/2014,1291.9,1292,1273.4,1275.4,145351
08/22/2014,1278.2,1283.9,1274.6,1280.2,86655
08/25/2014,1280.8,1281.6,1275,1278.9,53712
08/26/2014,1277.4,1291.9,1275.7,1285.2,103850
08/27/2014,1281.6,1288.2,1280.9,1283.4,67240
08/28/2014,1283.7,1297.6,1283,1290.4,110166
08/29/2014,1290.4,1292.5,1284.1,1287.4,71025
09/02/2014,1288.5,1290.9,1263.1,1265,190582
09/03/2014,1266.7,1272.4,1261.9,1270.3,107908
09/04/2014,1269.8,1279.2,1261.3,1266.5,151579
09/05/2014,1261.7,1274.8,1258,1267.3,99917
09/08/2014,1269.5,1272.6,1252.1,1254.3,112676
09/09/2014,1257.1,1258.9,1248.1,1248.5,128253
09/10/2014,1256.2,1258.5,1244.5,1245.3,140721
09/11/2014,1249.8,1251,1235.3,1239,160683
09/12/2014,1240.9,1242.3,1228.1,1231.5,132948
09/15/2014,1228.3,1239.2,1226.3,1235.1,100037
09/16/2014,1233.2,1243.2,1232.2,1236.7,123281
09/17/2014,1235.3,1240.5,1222,1235.9,132084
09/18/2014,1223.1,1228.7,1216.3,1226.9,151109
09/19/2014,1225.6,1229.2,1214.2,1216.6,169456
09/22/2014,1216.4,1221,1208.8,1217.9,138051
09/23/2014,1214.9,1237,1214.7,1222,153197
09/24/2014,1223.2,1226.7,1216.2,1219.5,131418
09/25/2014,1217.3,1225.3,1206.6,1221.9,186354
09/26/2014,1222.1,1232.7,1212.8,1215.4,140910
09/29/2014,1219.1,1223.9,1215.3,1218.8,100175
09/30/2014,1215.7,1220.7,1204.3,1211.6,174232
10/01/2014,1209.4,1220,1205,1215.5,139735
10/02/2014,1213.4,1224,1209.1,1215.1,142807
10/03/2014,1213.9,1215.7,1190.3,1192.9,179606
10/06/2014,1192,1209.9,1183.3,1207.3,139665
10/07/2014,1207.8,1214.1,1203,1212.4,135364
10/08/2014,1209.8,1224.5,1205.1,1206,181661
10/09/2014,1221.1,1234,1219.3,1225.3,157170
10/10/2014,1224,1225.7,1217.6,1221.7,112422
10/13/2014,1224.8,1238,1223.6,1230,117007
10/14/2014,1237.3,1238.6,1231.1,1234.3,107239
10/15/2014,1233.3,1250.3,1222,1244.8,250999
10/16/2014,1242.2,1245.6,1235.2,1241.2,175162
10/17/2014,1239.5,1242.1,1232,1239,111015
10/20/2014,1239.1,1249.3,1234.9,1244.7,89814
10/21/2014,1246.8,1255.6,1245.7,1251.7,143007
10/22/2014,1248.9,1250.2,1240.7,1245.5,104839
10/23/2014,1241.7,1244.9,1226.3,1229.1,133022
10/24/2014,1233.5,1234.7,1228.7,1231.8,87609
10/27/2014,1230.6,1232.1,1225.2,1229.3,76013
10/28/2014,1225.8,1235.5,1222.2,1229.4,117653
10/29/2014,1227.8,1230.4,1208.2,1224.9,125790
10/30/2014,1211.2,1216.5,1195.5,1198.6,199565
10/31/2014,1199.5,1202.4,1160.5,1171.6,284628
11/03/2014,1171.1,1173.4,1161,1169.8,123328
11/04/2014,1164.6,1175,1163.4,1167.7,128618
11/05/2014,1168.4,1169.3,1137.1,1145.7,248355
11/06/2014,1140.8,1149,1137.2,1142.6,156991
11/07/2014,1141.2,1179,1130.4,1169.8,287074
11/10/2014,1176.8,1177.5,1146.7,1159.8,191823
11/11/2014,1151.5,1172.5,1145.5,1163,177153
11/12/2014,1163,1169.4,1156.5,1159.1,176818
11/13/2014,1161.1,1167.4,1153,1161.5,182262
11/14/2014,1161.8,1192.9,1146,1185.6,283691
11/17/2014,1185.5,1193.6,1180.8,1183.5,190706
11/18/2014,1185.6,1204.1,1182.7,1197.1,162294
11/19/2014,1196.5,1201.7,1173.9,1193.9,259726
11/20/2014,1183.1,1196.6,1176.2,1190.9,179855
11/21/2014,1194,1207.6,1186.1,1197.7,192712
11/24/2014,1199.9,1203.8,1192.2,1195.7,147463
11/25/2014,1197.7,1202.2,1189,1197.1,196084
11/26/2014,1200.5,1201,1193.7,1196.6,73482
11/28/2014,1197.8,1199.3,1163.9,1175.5,240723
12/01/2014,1159.4,1221,1141.7,1218.1,327764
12/02/2014,1212.6,1212.6,1191.4,1199.4,156062
12/03/2014,1197.6,1215,1193.5,1208.7,133221
12/04/2014,1209.3,1213.5,1201.1,1207.7,111730
12/05/2014,1205.9,1208.5,1186.4,1190.4,144926
12/08/2014,1191.2,1209.3,1187.3,1194.9,99059
12/09/2014,1203.8,1239,1199.5,1232,228024
12/10/2014,1231.2,1238.9,1225.2,1229.4,135569
12/11/2014,1226.2,1233.4,1216.4,1225.6,136860
12/12/2014,1227.9,1228.9,1214.8,1222.5,116467
12/15/2014,1222,1225,1191.3,1207.7,145843
12/16/2014,1195.4,1223.9,1187.8,1194.3,221571
12/17/2014,1195.3,1203.1,1182,1194.5,154962
12/18/2014,1189.4,1213.9,1188.5,1194.8,129127
12/19/2014,1198,1201.5,1193.2,1196,68747
12/22/2014,1196,1203.6,1170.7,1179.8,122922
12/23/2014,1176.1,1184.9,1172.4,1178,92893
12/24/2014,1176.8,1181.2,1172.7,1173.5,40192
12/26/2014,1175.2,1199.1,1175.2,1195.3,65571
12/29/2014,1194.9,1197.5,1178.6,1181.9,78521
12/30/2014,1182.9,1210.9,1180.5,1200.4,131961
12/31/2014,1199.8,1203.9,1179.5,1184.1,67231
01/02/2015,1184,1194.9,1167.3,1186.2,120678
01/05/2015,1187.8,1207.5,1177.8,1204,149112
01/06/2015,1204,1223.3,1201.6,1219.4,180653
01/07/2015,1219,1219.4,1209.1,1210.7,111150
01/08/2015,1211,1216.8,1204.2,1208.5,113091
01/09/2015,1208.9,1224,1207,1216.1,148809
01/12/2015,1223,1236,1217.5,1232.8,132313
01/13/2015,1233.1,1244.5,1227.4,1234.4,168374
01/14/2015,1231.2,1244.6,1224.9,1234.5,184208
01/15/2015,1229.7,1267.2,1226.1,1264.8,272750
01/16/2015,1263.5,1282.4,1255.2,1276.9,204198
01/20/2015,1280.7,1297.2,1272.1,1294.2,231185
01/21/2015,1295.3,1307,1284.6,1293.7,195098
01/22/2015,1293.7,1307.8,1279.1,1300.7,198887
01/23/2015,1301.5,1302.9,1284.3,1292.6,140604
01/26/2015,1292.8,1299.2,1275.6,1279.4,157859
01/27/2015,1280.7,1297.4,1272,1291.7,169972
01/28/2015,1292,1293.3,1279,1285.9,172828
01/29/2015,1283.3,1285.4,1251,1254.6,67376
01/30/2015,1259,1285.4,1257.5,1279.2,156292
02/02/2015,1283,1283.9,1266.5,1276.9,111408
02/03/2015,1275.6,1286.5,1255.8,1260.3,166935
02/04/2015,1261.5,1273.3,1256.9,1264.5,127140
02/05/2015,1270.4,1274.6,1256.1,1262.7,105045
02/06/2015,1266.4,1269,1228.2,1234.6,189154
02/09/2015,1235.9,1243.6,1234.4,1241.5,86101
02/10/2015,1238.3,1245.9,1230.6,1232.2,92110
02/11/2015,1234.1,1238.7,1216.5,1219.6,116275
02/12/2015,1218.3,1232.8,1218,1220.7,103350
02/13/2015,1223,1234.9,1222.5,1227.1,90256
02/17/2015,1227.5,1236.7,1203.3,1208.6,172721
02/18/2015,1209.3,1213.4,1197.2,1200.2,114178
02/19/2015,1212.5,1222.9,1205.2,1207.6,105113
02/20/2015,1208,1215.3,1197.7,1204.9,103062
02/23/2015,1203.5,1210.3,1190.6,1200.8,108517
02/24/2015,1201.9,1204.4,1190,1197.3,109440
02/25/2015,1200.8,1211.7,1200.7,1201.5,97588
02/26/2015,1203.9,1219.9,1203.4,1210.1,122100
02/27/2015,1208.8,1219.2,1204.1,1213.1,107382
03/02/2015,1213.8,1223,1204.2,1208.2,128222
03/03/2015,1206.1,1214.4,1194.6,1204.4,146874
03/04/2015,1203.8,1208.4,1197.7,1200.9,99539
03/05/2015,1200.2,1208.9,1195.8,1196.2,125564
03/06/2015,1197.5,1200,1162.9,1164.3,204043
03/09/2015,1169.6,1174.4,1164.8,1166.5,112018
03/10/2015,1165.6,1169.6,1153.8,1160.1,170223
03/11/2015,1161.1,1164.3,1146.5,1150.6,152874
03/12/2015,1153.7,1165.7,1147.5,1151.9,151499
03/13/2015,1152.6,1160.9,1150.4,1152.4,113141
03/16/2015,1157.9,1163.3,1149.3,1153.2,114195
03/17/2015,1153.7,1159.3,1141.6,1148.2,149286
03/18/2015,1148.1,1175.1,1144.9,1151.3,180295
03/19/2015,1166.1,1177,1158.6,1169,150727
03/20/2015,1170.4,1187.4,1167.9,1184.6,155233
03/23/2015,1183.2,1191,1178.6,1187.7,157085
03/24/2015,1188.5,1194.5,1184.7,1191.4,153651
03/25/2015,1192.5,1199.3,1186.1,1197,171373
03/26/2015,1195.4,1219.5,1193.8,1204.8,228736
03/27/2015,1203.8,1205.6,1191.7,1199.8,167088
03/30/2015,1198.6,1199.6,1182.2,1185.3,122724
03/31/2015,1185.5,1190.6,1178.2,1183.2,112462
04/01/2015,1183.2,1208.7,1180.5,1208.2,141610
04/02/2015,1204.3,1207.4,1194.8,1200.9,108884
04/03/2015,1200.9,1200.9,1200.9,1200.9,0
04/06/2015,1212.6,1224.5,1212.6,1218.6,101351
04/07/2015,1214.7,1215.9,1207.5,1210.6,80561
04/08/2015,1208.7,1212.5,1197.4,1203.1,112371
04/09/2015,1202.6,1203.3,1192.4,1193.6,104647
04/10/2015,1193.8,1210.6,1192.9,1204.6,116251
04/13/2015,1207.2,1209.3,1196.1,1199.3,105226
04/14/2015,1198.8,1201.3,1183.5,1192.6,153692
04/15/2015,1192.2,1204.4,1188.3,1201.3,123923
04/16/2015,1201.8,1208.8,1194.3,1198,151984
04/17/2015,1198.6,1207.8,1197,1203.1,107912
04/20/2015,1204.4,1209,1190.8,1193.7,126703
04/21/2015,1195.8,1203.7,1192.5,1203.1,97120
04/22/2015,1202.2,1204.4,1185,1186.9,146503
04/23/2015,1186.9,1197.4,1183.6,1194.3,110608
04/24/2015,1193,1195.4,1174.1,1175,149522
04/27/2015,1179.3,1206.7,1177.6,1203.2,195125
04/28/2015,1201.6,1214.9,1198.6,1213.9,145628
04/29/2015,1211.4,1213.5,1200.7,1210,134603
04/30/2015,1204.5,1207.4,1176,1182.4,196278
05/01/2015,1183.7,1184.4,1168.4,1174.5,112452
05/04/2015,1176.6,1192.1,1176.6,1186.8,104106
05/05/2015,1187.5,1199.3,1184.9,1193.2,105898
05/06/2015,1192.5,1196.9,1187.4,1190.3,103539
05/07/2015,1191.3,1192,1177.9,1182.2,127213
05/08/2015,1183.7,1193,1180.5,1188.9,134106
05/11/2015,1189,1190.9,1178,1183,123351
05/12/2015,1182.5,1196.3,1179.7,1192.4,133063
05/13/2015,1192.5,1218.5,1190.4,1218.2,225506
05/14/2015,1215,1227.7,1211.9,1225.2,162990
05/15/2015,1220.9,1225.8,1210.6,1225.3,128557
05/18/2015,1222.8,1232,1221.2,1227.6,112075
05/19/2015,1225.4,1225.5,1205.1,1206.7,167820
05/20/2015,1207.7,1213.2,1202.7,1208.7,119129
05/21/2015,1209.4,1212.4,1200.8,1204.1,116552
05/22/2015,1206,1214.6,1201,1204,138192
05/26/2015,1205.2,1208.2,1184.8,1186.9,230243
05/27/2015,1186.7,1190.4,1183,1185.6,200216
05/28/2015,1188,1192.8,1180.2,1188.8,141607
05/29/2015,1188.1,1194.4,1186,1189.8,97474
06/01/2015,1189.8,1204.7,1184,1188.7,162133
06/02/2015,1189.5,1196.4,1185.8,1194.4,106711
06/03/2015,1193.8,1195.6,1179.1,1184.9,117094
06/04/2015,1185.8,1186.6,1172.4,1175.2,144559
06/05/2015,1176.5,1178,1162.1,1168.1,142628
06/08/2015,1170.8,1177.1,1168.5,1173.6,100756
06/09/2015,1173.2,1182.3,1171.8,1177.6,87429
06/10/2015,1175.8,1191.8,1174.3,1186.6,116677
06/11/2015,1185.7,1187.4,1174.8,1180.4,101075
06/12/2015,1180.8,1183.7,1175.6,1179.2,80500
06/15/2015,1180,1190.2,1171.9,1185.8,129826
06/16/2015,1185.3,1187.4,1175.4,1180.9,93967
06/17/2015,1181.1,1188.8,1173.9,1176.8,96054
06/18/2015,1184.2,1205.7,1183.1,1202,174738
06/19/2015,1201.8,1204,1198,1201.9,79570
06/22/2015,1199.7,1200.8,1181.6,1184.1,116780
06/23/2015,1185.3,1187.7,1175.6,1176.6,106625
06/24/2015,1177.6,1179.7,1168.1,1172.9,110046
06/25/2015,1174.1,1177.3,1170.5,1171.8,80598
06/26/2015,1172.5,1178,1167.1,1173.2,99904
06/29/2015,1182.5,1187.6,1173.2,1179,136394
06/30/2015,1179.8,1180,1165.4,1171.8,139830
07/01/2015,1172.4,1174.4,1166.7,1169.3,90598
07/02/2015,1167.7,1169.2,1155.8,1163.5,136872
07/03/2015,1165.2,1169.3,1163.5,1163.5,34430
07/06/2015,1173.2,1174.4,1161.9,1173.2,100581
07/07/2015,1168.8,1170,1146.8,1152.6,190168
07/08/2015,1154,1163.8,1145.9,1163.5,159002
07/09/2015,1157.5,1166.9,1155.1,1159.2,122563
07/10/2015,1158.7,1164.5,1156.4,1157.9,106510
07/13/2015,1162.3,1163.9,1149.8,1155.4,118607
07/14/2015,1157,1159.1,1151.8,1153.5,103814
07/15/2015,1153.9,1155.8,1141.9,1147.4,141077
07/16/2015,1146.2,1148.2,1140.6,1143.9,118613
07/17/2015,1144.3,1144.5,1129.6,1131.9,149622
07/20/2015,1132.4,1132.5,1080,1106.8,250336
07/21/2015,1098,1108.8,1095.9,1103.5,163597
07/22/2015,1100.1,1102.3,1085.6,1091.5,170919
07/23/2015,1093.4,1104.9,1086.1,1094.1,194839
07/24/2015,1089.5,1100.9,1072.3,1085.5,237901
07/27/2015,1098.6,1104.4,1087.7,1096.4,181067
07/28/2015,1094.1,1098.2,1090.7,1096.2,148561
07/29/2015,1094.5,1100.9,1088.9,1092.6,153857
07/30/2015,1096.6,1098.2,1081.5,1088.7,155535
07/31/2015,1087.7,1103,1079.2,1095.1,166766
08/03/2015,1095.1,1098,1085.1,1089.4,102779
08/04/2015,1085.3,1094.4,1080.2,1090.7,108848
08/05/2015,1087.3,1091.7,1082,1085.6,110005
08/06/2015,1084.1,1093.3,1082.7,1090.1,90012
08/07/2015,1088.8,1098.9,1081.4,1094.1,165051
08/10/2015,1094,1108.5,1089,1104.1,142965
08/11/2015,1103.8,1119.1,1093.3,1107.7,186562
08/12/2015,1108.2,1125.5,1101.1,1123.6,184025
08/13/2015,1125.2,1126.3,1112.8,1115.6,125318
08/14/2015,1114.6,1120.4,1111.1,1112.7,100681
08/17/2015,1113.5,1122.2,1112.9,1118.4,88129
08/18/2015,1117.2,1120.4,1108.5,1116.9,116442
08/19/2015,1117.2,1134.3,1115.5,1127.9,146994
08/20/2015,1133.3,1153.7,1132.1,1153.2,174797
08/21/2015,1153.3,1167.9,1148.5,1159.6,189582
08/24/2015,1160.2,1169.8,1145.1,1153.6,255624
08/25/2015,1155.7,1156.3,1134,1138.3,188989
08/26/2015,1139.9,1146,1116.9,1124.6,194126
08/27/2015,1125,1128.5,1117,1122.6,136727
08/28/2015,1124.4,1140.3,1123.1,1134,141784
08/31/2015,1132.7,1136.3,1125,1132.5,93050
09/01/2015,1133.8,1147.3,1133.8,1139.8,124773
09/02/2015,1139,1141.9,1131.2,1133.6,106996
09/03/2015,1133.2,1133.8,1121,1124.5,102488
09/04/2015,1124.5,1133.1,1115.7,1121.4,109470
09/08/2015,1123,1126,1114.7,1121,135811
09/09/2015,1121,1124.7,1100.1,1102,161609
09/10/2015,1105.7,1114.1,1102.5,1109.3,117042
09/11/2015,1110.2,1111.9,1097.7,1103.3,111507
09/14/2015,1107,1109.8,1102.6,1107.7,71350
09/15/2015,1107.1,1108.5,1101.5,1102.6,75109
09/16/2015,1104.4,1123.7,1103,1119,123877
09/17/2015,1118.7,1136,1114.7,1117,135687
09/18/2015,1130,1141.5,1126.9,1137.8,142108
09/21/2015,1138.7,1139.4,1128.7,1132.8,84042
09/22/2015,1132.6,1136.1,1120.5,1124.8,109509
09/23/2015,1123.8,1134,1121.1,1131.5,89262
09/24/2015,1130,1156.4,1129.5,1153.8,200068
09/25/2015,1151,1151.1,1140.1,1145.6,134782
09/28/2015,1145,1147.8,1127.3,1131.7,137003
09/29/2015,1131.4,1134.3,1123.5,1126.8,100406
09/30/2015,1127.2,1127.7,1110.8,1115.2,148341
10/01/2015,1114.5,1118.5,1110.3,1113.7,76984
10/02/2015,1112.5,1140.9,1103.8,1136.6,178784
10/05/2015,1137,1141.6,1129.6,1137.6,110483
10/06/2015,1134.7,1151,1134.5,1146.4,116671
10/07/2015,1146.5,1153.6,1141.3,1148.7,108785
10/08/2015,1145,1150.9,1135.9,1144.3,116155
10/09/2015,1138.1,1159.3,1138,1155.9,129925
10/12/2015,1155,1168.6,1154.3,1164.5,106716
10/13/2015,1162.8,1168.6,1151.3,1165.4,130049
10/14/2015,1168.2,1189.9,1162.5,1179.8,182083
10/15/2015,1184,1191.7,1173.9,1187.5,181083
10/16/2015,1182.5,1184.8,1174.3,1183.1,102935
10/19/2015,1176.9,1178.2,1168.3,1172.8,102967
10/20/2015,1170.6,1181.4,1167.2,1177.5,116171
10/21/2015,1175.5,1179.3,1163.2,1167.1,115889
10/22/2015,1166.8,1171.8,1161.4,1166.1,113495
10/23/2015,1165.9,1179.4,1158.6,1162.8,145357
10/26/2015,1163.8,1169.6,1162,1166.2,79375
10/27/2015,1163,1168.8,1160.5,1165.8,85314
10/28/2015,1166.7,1183.1,1152.1,1176.1,177850
10/29/2015,1156.1,1162.5,1144.2,1147.3,142805
10/30/2015,1146.6,1149.8,1138.4,1141.4,110040
11/02/2015,1141.3,1142.7,1132.2,1135.9,98561
11/03/2015,1132.9,1138,1113.6,1114.1,144707
11/04/2015,1117.4,1122.3,1105.6,1106.2,147311
11/05/2015,1106.8,1111.3,1102.2,1104.2,130595
11/06/2015,1103.2,1109.7,1084.5,1087.7,183535
11/09/2015,1089.1,1094.9,1087.4,1088.1,133427
11/10/2015,1090.8,1094.8,1084,1088.5,137955
11/11/2015,1088.5,1093.5,1083.2,1084.9,158171
11/12/2015,1085.4,1089,1073,1081,193512
11/13/2015,1083.5,1088,1078.2,1080.9,126219
11/16/2015,1087.9,1097.4,1080.5,1083.6,146506
11/17/2015,1082.4,1085.1,1064.4,1068.6,171466
11/18/2015,1070.2,1074.6,1062,1068.7,144564
11/19/2015,1069.3,1086.6,1068.3,1077.9,169716
11/20/2015,1079.7,1087.2,1074.9,1076.3,143217
11/23/2015,1076.4,1076.5,1065,1066.8,167488
11/24/2015,1068.5,1080.7,1068.1,1073.8,150463
11/25/2015,1075,1080.4,1067.1,1070,144431
11/27/2015,1071,1072.9,1051.6,1056.2,175421
11/30/2015,1056,1069.1,1052.2,1065.3,105076
12/01/2015,1064.6,1074,1062.6,1063.5,115302
12/02/2015,1067.9,1071,1049.4,1053.8,117379
12/03/2015,1053.5,1064.5,1045.4,1061.2,166626
12/04/2015,1062,1088.3,1057.2,1084.1,199706
12/07/2015,1085.5,1086.1,1065,1075.2,104016
12/08/2015,1069.7,1078.4,1066.8,1075.3,120295
12/09/2015,1074.3,1085,1068.7,1076.5,135909
12/10/2015,1071.7,1076,1068.8,1072,95161
12/11/2015,1071.4,1079.1,1061.7,1075.7,147088
12/14/2015,1073,1077.3,1058.1,1063.4,114615
12/15/2015,1059.8,1067.9,1057.4,1061.6,109842
12/16/2015,1060.3,1077.9,1060.2,1076.8,135844
12/17/2015,1072.2,1072.7,1046.8,1049.6,157113
12/18/2015,1051.5,1071,1050,1065,115775
12/21/2015,1065.2,1081.4,1063.1,1080.6,109395
12/22/2015,1078,1080.3,1071.2,1074.1,74764
12/23/2015,1072,1074.9,1067.6,1068.3,64030
12/24/2015,1069.6,1076.6,1069.5,1075.9,47886
12/28/2015,1075.2,1076.5,1065.7,1068.3,66151
12/29/2015,1068.3,1074.6,1066.7,1068,76230
12/30/2015,1068.2,1071.5,1058.5,1059.8,90522
12/31/2015,1060.6,1062.7,1056.5,1060.2,53272
01/04/2016,1061.5,1083,1061,1075.2,151233
01/05/2016,1073.5,1081.5,1071.9,1078.4,99250
01/06/2016,1076.8,1094.9,1074.4,1091.9,179581
01/07/2016,1093.7,1109.9,1091.1,1107.8,203063
01/08/2016,1108.8,1113.1,1091.8,1097.9,183436
01/11/2016,1103.6,1108.3,1093.1,1096.2,185771
01/12/2016,1094,1099.1,1083.1,1085.2,161091
01/13/2016,1086.8,1095.6,1079.4,1087.1,146676
01/14/2016,1093.6,1095.4,1071.1,1073.6,168364
01/15/2016,1079.2,1097.5,1076,1090.7,168094
01/19/2016,1089.3,1094.5,1082.1,1089.1,154064
01/20/2016,1087.3,1109.9,1087.1,1106.2,183164
01/21/2016,1100.9,1104.8,1092.5,1098.2,170505
01/22/2016,1101.6,1103.5,1094.4,1096.3,133883
01/25/2016,1097.8,1109.2,1097.6,1105.3,148860
01/26/2016,1108.2,1123.2,1107.2,1120.2,185940
01/27/2016,1119.9,1128,1114.9,1115.8,156645
01/28/2016,1126.2,1126.4,1110.2,1116.1,146072
01/29/2016,1114.8,1118.9,1108.5,1116.4,126023
02/01/2016,1118,1130.2,1115.3,1128,109728
02/02/2016,1128.5,1131.5,1122.6,1127.2,107444
02/03/2016,1129.4,1146.2,1124.8,1141.3,181052
02/04/2016,1142.5,1157.9,1139.7,1157.5,168259
02/05/2016,1155.7,1175,1145.5,1157.7,206063
02/08/2016,1174,1201.4,1164.5,1197.9,232700
02/09/2016,1189.5,1199.3,1185.9,1198.6,180163
02/10/2016,1189.7,1198.1,1181.6,1194.6,159103
02/11/2016,1197.5,1263.9,1196.3,1247.8,345519
02/12/2016,1247.1,1248.7,1232.9,1239.4,177445
02/16/2016,1236.3,1236.3,1191.5,1208.2,319892
02/17/2016,1201.9,1214.4,1196.2,1211.4,156859
02/18/2016,1209.5,1240.6,1201.3,1226.3,173177
02/19/2016,1231.2,1235.3,1220.6,1230.8,168415
02/22/2016,1226.9,1226.9,1202.5,1210.1,155626
02/23/2016,1208.9,1229,1207.6,1222.6,175821
02/24/2016,1226,1254.3,1222.4,1239.1,260422
02/25/2016,1228.9,1244.4,1221.8,1238.8,199289
02/26/2016,1232.5,1241.3,1212,1220.4,210351
02/29/2016,1223.1,1241.8,1216.3,1234.4,174484
03/01/2016,1238.9,1249.3,1227.7,1230.8,211175
03/02/2016,1232.3,1244.8,1225.1,1241.8,175010
03/03/2016,1240.8,1269.3,1238,1258.2,216716
03/04/2016,1264.6,1280.7,1250.1,1270.7,351429
03/07/2016,1260.5,1274.1,1257.4,1264,208860
03/08/2016,1267.9,1279,1261,1262.9,198376
03/09/2016,1262.2,1265.7,1243.6,1257.4,217105
03/10/2016,1253.7,1274.3,1237.5,1272.8,294934
03/11/2016,1272,1287.8,1249,1259.4,225924
03/14/2016,1250.9,1261.9,1229.9,1245.1,198015
03/15/2016,1237,1238.7,1226,1231,169067
03/16/2016,1233.1,1264.8,1227,1229.8,195631
03/17/2016,1262,1271.9,1255.2,1265,196709
03/18/2016,1257.7,1267.7,1248.4,1254.3,152348
03/21/2016,1255.2,1256.7,1241.2,1244.2,165130
03/22/2016,1244.3,1260.9,1242.8,1248.6,178128
03/23/2016,1248.5,1249.8,1215.4,1224,248406
03/24/2016,1220.7,1224.2,1211.2,1221.6,158151
03/28/2016,1216,1223.2,1206,1220.1,135496
03/29/2016,1221.5,1243.4,1215.3,1235.8,184091
03/30/2016,1243,1246.8,1224.9,1228.6,172801
03/31/2016,1227,1242.3,1225.1,1235.6,117150
04/01/2016,1234.1,1237.2,1210.3,1223.5,188179
04/04/2016,1223,1224.1,1215.7,1219.3,86900
04/05/2016,1217.1,1238.8,1216,1229.6,148762
04/06/2016,1232.6,1233.8,1217.2,1223.8,129032
04/07/2016,1224,1245,1224,1237.5,179765
04/08/2016,1241.8,1244.6,1231,1243.8,128333
04/11/2016,1241.8,1260.9,1241.6,1258,151279
04/12/2016,1259.8,1264.7,1253,1260.9,148296
04/13/2016,1257.2,1258.7,1241.4,1248.3,150426
04/14/2016,1243.8,1245.9,1225.4,1226.5,196567
04/15/2016,1228.5,1237.6,1226.8,1234.6,115585
04/18/2016,1236.3,1243.3,1231.7,1235,143540
04/19/2016,1233.9,1258.5,1229,1254.3,200511
04/20/2016,1251.3,1259.8,1244,1254.4,158271
04/21/2016,1244.5,1272.4,1244.4,1250.3,261992
04/22/2016,1248.5,1254.2,1228.5,1230,198388
04/25/2016,1234.5,1243.8,1231.3,1240.2,114696
04/26/2016,1239.8,1246.5,1232.7,1243.4,139982
04/27/2016,1245.7,1254.6,1240.7,1250.4,167190
04/28/2016,1247.3,1271.7,1239.1,1266.4,214356
04/29/2016,1268,1299,1267,1290.5,249603
05/02/2016,1293.2,1306,1289.6,1295.8,193092
05/03/2016,1293.4,1303.9,1284,1291.8,209229
05/04/2016,1287.7,1291.8,1273.6,1274.4,205506
05/05/2016,1281.2,1288.4,1270.6,1272.3,168856
05/06/2016,1279.3,1297.7,1276.2,1294,246521
05/09/2016,1286.7,1289.5,1262.8,1266.6,213413
05/10/2016,1265.4,1272,1258.3,1264.8,164024
05/11/2016,1267.3,1280.8,1266.3,1275.5,215592
05/12/2016,1279.3,1282.5,1262.9,1271.2,211757
05/13/2016,1264.8,1277.7,1264,1272.7,167683
05/16/2016,1273.1,1290.4,1271.6,1274.2,188509
05/17/2016,1274.9,1283.9,1270.1,1276.9,196855
05/18/2016,1280.6,1283.5,1256,1274.4,225480
05/19/2016,1259.1,1262.3,1244.6,1254.8,246015
05/20/2016,1256.3,1261.2,1249.6,1252.9,188383
05/23/2016,1251.7,1256.8,1243.5,1251.5,206897
05/24/2016,1249.5,1252.8,1226.2,1229.2,288926
05/25/2016,1227.3,1230.2,1217.7,1223.8,227335
05/26/2016,1223.6,1234.6,1218.4,1220.4,194935
05/27/2016,1222.3,1225.8,1209,1216.7,187977
05/31/2016,1215.1,1220.6,1201.5,1217.5,227362
06/01/2016,1217.9,1222.9,1208.2,1214.7,151311
06/02/2016,1215.9,1220,1212,1212.6,106248
06/03/2016,1212.8,1247.4,1209.1,1242.9,230035
06/06/2016,1245.5,1251.3,1242.1,1247.4,157245
06/07/2016,1248,1249,1236.9,1247,114337
06/08/2016,1247,1267.2,1245.5,1262.3,167215
06/09/2016,1264.6,1274.4,1259.4,1272.7,145087
06/10/2016,1271.5,1280.9,1267.3,1275.9,151163
06/13/2016,1278.3,1290.3,1275.2,1286.9,195734
06/14/2016,1286.2,1293,1278.6,1288.1,182512
06/15/2016,1288.1,1300,1281.3,1288.3,190137
06/16/2016,1295,1318.9,1280.1,1298.4,331368
06/17/2016,1282.4,1302.7,1278.8,1294.8,203550
06/20/2016,1293,1296.8,1280.8,1292.1,186003
06/21/2016,1292.5,1297.4,1267.1,1272.5,196994
06/22/2016,1271.4,1273.5,1263.8,1270,127154
06/23/2016,1268.1,1274.9,1256.9,1263.1,145996
06/24/2016,1254.3,1362.6,1252.8,1322.4,527205
06/27/2016,1322.3,1340,1320.8,1324.7,240734
06/28/2016,1328.3,1329.5,1308.2,1317.9,183169
06/29/2016,1313.9,1331,1313.3,1326.9,164974
06/30/2016,1321,1326.5,1315.3,1320.6,182812
07/01/2016,1324.8,1347,1323.1,1339,209850
07/05/2016,1345,1360.3,1338.5,1358.7,337002
07/06/2016,1358,1377.5,1356.3,1367.1,226256
07/07/2016,1365.7,1372.9,1352,1362.1,204514
07/08/2016,1361,1371.8,1336.3,1358.4,287124
07/11/2016,1368.9,1376.5,1351.8,1356.6,217375
07/12/2016,1356.3,1358.9,1331,1335.3,246267
07/13/2016,1334,1346.3,1328.1,1343.6,195091
07/14/2016,1344.5,1348,1320.4,1332.2,251302
07/15/2016,1336.4,1339.5,1322.6,1327.4,184243
07/18/2016,1333.4,1336,1323.5,1329.3,159487
07/19/2016,1329.1,1335.5,1325.8,1332.3,144123
07/20/2016,1332.2,1338.8,1312.5,1319.3,212201
07/21/2016,1316.2,1334,1310.7,1331,241351
07/22/2016,1331.4,1334,1319.4,1323.4,211535
07/25/2016,1322.7,1323.4,1311.1,1319.5,249855
07/26/2016,1315.5,1324.4,1313.6,1320.8,193707
07/27/2016,1319.9,1342.3,1315.6,1326.7,211392
07/28/2016,1347.5,1352.6,1339.2,1341.2,179984
07/29/2016,1342.7,1362,1335,1357.5,214928
08/01/2016,1357.2,1361.9,1353.2,1359.6,108934
08/02/2016,1360.6,1374.2,1353.7,1372.6,154681
08/03/2016,1370.5,1373.4,1360.6,1364.7,131123
08/04/2016,1364.7,1371.4,1355.1,1367.4,158935
08/05/2016,1367.2,1371,1340.4,1344.4,207828
08/08/2016,1341.2,1343.9,1335.3,1341.3,126244
08/09/2016,1341.2,1348.5,1336,1346.7,117280
08/10/2016,1347,1363.6,1345.7,1351.9,184037
08/11/2016,1353.2,1359.4,1341.4,1350,149880
08/12/2016,1344.7,1362.5,1338.3,1343.2,227943
08/15/2016,1343.6,1349.1,1340.9,1347.5,117800
08/16/2016,1345.2,1364.3,1344.8,1356.9,213729
08/17/2016,1351.3,1356.8,1340.5,1348.8,164091
08/18/2016,1353.8,1361.5,1351.2,1357.2,163104
08/19/2016,1357.1,1357.9,1342,1346.2,177682
08/22/2016,1345,1345.7,1335.4,1343.4,148566
08/23/2016,1343.6,1348.8,1338.9,1346.1,125007
08/24/2016,1342.2,1344.1,1327,1329.7,207827
08/25/2016,1327.4,1330.2,1321,1324.6,143468
08/26/2016,1324.8,1346,1321.2,1325.9,292305
08/29/2016,1323.8,1328.5,1317.2,1327.1,136851
08/30/2016,1327,1328.9,1312,1316.5,149313
08/31/2016,1314.7,1319.2,1306.9,1311.4,163005
09/01/2016,1311.7,1318.6,1305.5,1317.1,167111
09/02/2016,1318,1334,1307.4,1326.7,222924
09/06/2016,1328.1,1357.2,1325.5,1354,281256
09/07/2016,1353.5,1357.6,1346.9,1349.2,142466
09/08/2016,1349.1,1353.9,1339.1,1341.6,174246
09/09/2016,1341.6,1343.6,1331.2,1334.5,151860
09/12/2016,1332,1333.8,1323.3,1325.6,183691
09/13/2016,1331.7,1335.9,1318.8,1323.7,173410
09/14/2016,1322.6,1329.8,1316.6,1326.1,131424
09/15/2016,1325.8,1332.5,1312.1,1318,200075
09/16/2016,1318.3,1321.5,1309.2,1310.2,132642
09/19/2016,1313.2,1321.8,1312.6,1317.8,111107
09/20/2016,1316.3,1321.1,1315.2,1318.2,87659
09/21/2016,1318,1341.3,1310.9,1331.4,253563
09/22/2016,1338.9,1347.8,1335.1,1344.7,152427
09/23/2016,1340.3,1344.5,1337.4,1341.7,108833
09/26/2016,1340.8,1346.1,1336.5,1344.1,120362
09/27/2016,1342,1343.5,1327.7,1330.4,175693
09/28/2016,1330.1,1331.1,1321.1,1323.7,143807
09/29/2016,1325,1329.4,1318.6,1326,145079
09/30/2016,1323.6,1331.5,1316,1317.1,198471
10/03/2016,1321,1322.6,1311.8,1312.7,120503
10/04/2016,1315,1315.4,1269,1269.7,327773
10/05/2016,1270.5,1279.4,1264.1,1268.6,200416
10/06/2016,1269.7,1271.6,1251.8,1253,176574
10/07/2016,1256.8,1267.6,1243.2,1251.9,261530
10/10/2016,1258.5,1266.8,1258.5,1260.4,128220
10/11/2016,1261.7,1264,1254.3,1255.9,127971
10/12/2016,1254.5,1260.5,1251.2,1253.8,122342
10/13/2016,1257.1,1263.9,1254.7,1257.6,142928
10/14/2016,1259.5,1260.7,1246.9,1255.5,161952
10/17/2016,1252.9,1258.2,1251.1,1256.6,102991
10/18/2016,1256,1265.6,1255.9,1262.9,141366
10/19/2016,1263.9,1274.4,1261.1,1269.9,135414
10/20/2016,1270.6,1275.9,1265.5,1267.5,130976
10/21/2016,1266.5,1268.8,1261.7,1267.7,97891
10/24/2016,1266.9,1272.8,1260.1,1263.7,148823
10/25/2016,1265.2,1277.5,1262.4,1273.6,132241
10/26/2016,1274,1277.2,1265.1,1266.6,132796
10/27/2016,1267.2,1273.7,1265.2,1269.5,123344
10/28/2016,1269.2,1285.4,1262,1276.8,222489
10/31/2016,1278.3,1280.5,1271.9,1273.1,115445
11/01/2016,1277.8,1292.9,1276.3,1288,194976
11/02/2016,1289,1309.3,1288.4,1308.2,224005
11/03/2016,1298.1,1308,1286.2,1303.3,220164
11/04/2016,1303.2,1308.3,1295.7,1304.5,202966
11/07/2016,1294.5,1296.5,1278.6,1279.4,209668
11/08/2016,1282.2,1291.5,1273.3,1274.5,194922
11/09/2016,1276.8,1338.3,1268.1,1273.5,783657
11/10/2016,1278.4,1292.5,1251.9,1266.4,392797
11/11/2016,1258.7,1265,1218.7,1224.3,420069
11/14/2016,1227.7,1230.9,1211,1221.7,332635
11/15/2016,1221.8,1231.4,1218.6,1224.5,224970
11/16/2016,1228,1233.1,1221,1223.9,190158
11/17/2016,1224.8,1231.1,1210.5,1216.9,224953
11/18/2016,1216,1217.5,1201.3,1208.7,244002
11/21/2016,1207.3,1217.8,1205.4,1209.8,162047
11/22/2016,1213.5,1220.9,1205.6,1211.2,201770
11/23/2016,1212.6,1214.7,1181.2,1189.3,353214
11/25/2016,1189.4,1192.7,1170.3,1178.4,287898
11/28/2016,1184.4,1197.2,1182.4,1190.8,177169
11/29/2016,1196.6,1197.7,1182.6,1190.8,195887
11/30/2016,1190.7,1196.8,1171.3,1173.9,232748
12/01/2016,1175.1,1178.4,1162.2,1169.4,216169
12/02/2016,1174.3,1180.3,1168.4,1177.8,169224
12/05/2016,1182.6,1190.2,1158.6,1176.5,212276
12/06/2016,1172.8,1177.1,1168.1,1170.1,130714
12/07/2016,1171.4,1182.3,1167.2,1177.5,137900
12/08/2016,1176.1,1180.7,1170.9,1172.4,142363
12/09/2016,1172.5,1173.8,1157.6,1161.9,154417
12/12/2016,1161.4,1167.9,1152.5,1165.8,159639
12/13/2016,1164.5,1167,1156.3,1159,136029
12/14/2016,1159.8,1168,1140,1163.7,205326
12/15/2016,1143.8,1146,1124.3,1129.8,262877
12/16/2016,1130.5,1143.2,1128.5,1137.4,171285
12/19/2016,1136.1,1144.4,1135.5,1142.7,112536
12/20/2016,1139.8,1141.7,1127.3,1133.6,138058
12/21/2016,1134,1138.8,1131,1133.2,109673
12/22/2016,1133.2,1135.5,1128.6,1130.7,115399
12/23/2016,1130,1137.3,1129.5,1133.6,70834
12/27/2016,1135.3,1151.7,1132.8,1138.8,102366
12/28/2016,1139.3,1145.1,1137.1,1140.9,100121
12/29/2016,1143.1,1160.6,1142.6,1158.1,152323
12/30/2016,1159.5,1164.3,1150.3,1151.7,138673
01/03/2017,1151.4,1166,1146.5,1162,216537
01/04/2017,1159.6,1168.6,1156.7,1165.3,172108
01/05/2017,1164.6,1185.9,1163.6,1181.3,262224
01/06/2017,1181,1183.8,1171.1,1173.4,217714
01/09/2017,1172.9,1186.4,1172.2,1184.9,174989
01/10/2017,1181.3,1190.6,1180.2,1185.5,215898
01/11/2017,1188.1,1198.5,1177,1196.6,317695
01/12/2017,1191.1,1207.2,1190.7,1199.8,260107
01/13/2017,1194.8,1201.8,1187.5,1196.2,274387
01/17/2017,1199.4,1218.9,1198,1212.9,368672
01/18/2017,1216.8,1217.7,1201.8,1212.1,195234
01/19/2017,1203.1,1206.4,1195.4,1201.5,241530
01/20/2017,1204.8,1214.8,1198.2,1204.9,236066
01/23/2017,1209.3,1219.4,1209,1215.6,231381
01/24/2017,1218,1220.1,1206.2,1210.8,211945
01/25/2017,1208.6,1209.3,1192.6,1197.8,288964
01/26/2017,1200.7,1202.3,1183.9,1189.8,233450
01/27/2017,1188.5,1191,1179.7,1188.4,226433
01/30/2017,1194.6,1201.3,1190,1196,185344
01/31/2017,1197.7,1217.4,1195.6,1211.4,237644
02/01/2017,1212.2,1215,1199.7,1208.3,211357
02/02/2017,1211.2,1227.5,1210.2,1219.4,220209
02/03/2017,1217.8,1223.2,1208.3,1220.8,210726
02/06/2017,1221.9,1237.5,1220.8,1232.1,190379
02/07/2017,1236.9,1237.5,1229.2,1236.1,192661
02/08/2017,1235.2,1246.6,1231.3,1239.5,216044
02/09/2017,1242.7,1246.2,1226.1,1236.8,234244
02/10/2017,1229.6,1238.9,1222.6,1235.9,229161
02/13/2017,1234.2,1234.4,1220.3,1225.8,168285
02/14/2017,1226.1,1236,1222.7,1225.4,223687
02/15/2017,1228.6,1234.9,1217.5,1233.1,220585
02/16/2017,1234.3,1243.7,1233.3,1241.6,196467
02/17/2017,1240.8,1245.1,1235.3,1239.1,159820
02/21/2017,1236.4,1240.2,1226.8,1238.9,245695
02/22/2017,1236.9,1241.9,1231.5,1233.3,193431
02/23/2017,1238.3,1252.2,1236.4,1251.4,250277
02/24/2017,1250.6,1261.2,1248.8,1258.3,209660
02/27/2017,1258.9,1264.9,1251.5,1258.8,201486
02/28/2017,1253.3,1259.3,1248.2,1253.9,225369
03/01/2017,1248.5,1251.4,1237.2,1250,300815
03/02/2017,1249.9,1250.8,1231.1,1232.9,262903
03/03/2017,1234.8,1236.7,1223,1226.5,268970
03/06/2017,1233.9,1237.3,1225,1225.5,154275
03/07/2017,1225.7,1227.4,1214.1,1216.1,195645
03/08/2017,1215.6,1218.5,1206.4,1209.4,200792
03/09/2017,1207.7,1208.9,1199,1203.2,226026
03/10/2017,1200.2,1206.2,1194.5,1201.4,250514
03/13/2017,1205,1210.9,1202,1203.1,168436
03/14/2017,1203.5,1207.5,1196.9,1202.6,176653
03/15/2017,1198.7,1222,1196.8,1200.7,256440
03/16/2017,1219.5,1234,1218.1,1227.1,243137
03/17/2017,1226.2,1231.5,1224,1230.2,146933
03/20/2017,1229,1235.5,1228.8,1234,122559
03/21/2017,1234.2,1247.7,1226.6,1246.5,278090
03/22/2017,1244.5,1251.5,1243.8,1249.7,210181
03/23/2017,1248.6,1253.3,1242.7,1247.2,228528
03/24/2017,1245,1251.9,1240.7,1248.5,196827
03/27/2017,1245.5,1261,1245.5,1255.7,220389
03/28/2017,1253.5,1258.4,1247.3,1255.6,233922
03/29/2017,1250.8,1254.4,1246.9,1253.7,187548
03/30/2017,1256.1,1256.5,1244.2,1248,217657
03/31/2017,1244.6,1252.8,1241.5,1251.2,158381
04/03/2017,1251.9,1255.9,1246.4,1254,135738
04/04/2017,1255.5,1263.7,1255.5,1258.4,152043
04/05/2017,1258.2,1259.3,1245.4,1248.5,226454
04/06/2017,1257.6,1260.9,1251.3,1253.3,160510
04/07/2017,1253.9,1273.3,1252.4,1257.3,365404
04/10/2017,1255.6,1258.9,1248.2,1253.9,176084
04/11/2017,1256.8,1277.4,1254.7,1274.2,279421
04/12/2017,1277.2,1289,1273.8,1278.1,241437
04/13/2017,1288.3,1290.7,1283.8,1288.5,229082
04/17/2017,1292.4,1297.4,1283.1,1291.9,189444
04/18/2017,1286.7,1294.4,1280.6,1294.1,272618
04/19/2017,1291.7,1292.7,1275.4,1283.4,251024
04/20/2017,1282.2,1285.2,1278,1283.8,237678
04/21/2017,1283.3,1290.1,1280,1289.1,220990
04/24/2017,1280,1280,1266,1277.5,287252
04/25/2017,1277.9,1279.9,1262.8,1267.2,242791
04/26/2017,1265.5,1272.8,1260.7,1264.2,233964
04/27/2017,1270.2,1271.1,1261.8,1265.9,203162
04/28/2017,1265.2,1269.9,1264.2,1268.3,166210
05/01/2017,1269.6,1272.4,1254.9,1255.5,197023
05/02/2017,1257.4,1258.8,1252.6,1257,171411
05/03/2017,1257.8,1257.8,1236.4,1248.5,245496
05/04/2017,1238.5,1241.7,1225.7,1228.6,305881
05/05/2017,1228.5,1236,1226.2,1226.9,257019
05/08/2017,1223.1,1236.9,1221,1227.1,188318
05/09/2017,1226.6,1228.7,1214.3,1216.1,240063
05/10/2017,1222.1,1225.8,1217.5,1218.9,185804
05/11/2017,1219.2,1227.7,1216.9,1224.2,230075
05/12/2017,1225,1231.6,1224.4,1227.7,189500
05/15/2017,1228.3,1237.4,1226.8,1230,182239
05/16/2017,1230.8,1239.1,1230,1236.4,197131
05/17/2017,1237.2,1261.5,1236.3,1258.7,365967
05/18/2017,1261.4,1265,1245.7,1252.8,361421
05/19/2017,1246.8,1256.4,1246.1,1253.6,210569
05/22/2017,1257.5,1262.6,1251.6,1261.4,201829
05/23/2017,1260.4,1263.8,1250.5,1255.5,269982
05/24/2017,1251.1,1258.8,1247.6,1253.1,234075
05/25/2017,1258.4,1259.4,1253.5,1256.4,191667
05/26/2017,1255.1,1269.3,1252.6,1268.1,254531
05/30/2017,1271.2,1273.4,1261.8,1265.7,275724
05/31/2017,1265.7,1276.8,1262,1275.4,193527
06/01/2017,1271.6,1272.8,1263.7,1270.1,174611
06/02/2017,1268,1282.2,1261.3,1280.2,257594
06/05/2017,1282.6,1286,1280.2,1282.7,134854
06/06/2017,1282.5,1298.8,1282.1,1297.5,243052
06/07/2017,1297,1297.6,1285,1293.2,212480
06/08/2017,1289.5,1291.5,1273.5,1279.5,247460
06/09/2017,1283.5,1284.6,1266.7,1271.4,212190
06/12/2017,1269.7,1272.4,1265.6,1268.9,168475
06/13/2017,1267.7,1271,1260.5,1268.6,171164
06/14/2017,1268.4,1284.2,1259,1275.9,337298
06/15/2017,1262.7,1268.5,1252.7,1254.6,238470
06/16/2017,1255.6,1258.6,1253.2,1256.5,145249
06/19/2017,1255.8,1257.3,1244.3,1246.7,174183
06/20/2017,1245.4,1249.4,1242.4,1243.5,172002
06/21/2017,1243.9,1248.8,1241.7,1245.8,160236
06/22/2017,1246.4,1256,1246.4,1249.4,182170
06/23/2017,1250.9,1260,1250.6,1256.4,153529
06/26/2017,1258.1,1259,1236.5,1246.4,219105
06/27/2017,1245.2,1253.8,1241.8,1246.9,204721
06/28/2017,1247.3,1255.7,1246.7,1249.1,188119
06/29/2017,1249.6,1253.2,1239.7,1245.8,260590
06/30/2017,1245.2,1248.2,1239,1242.3,210097
07/03/2017,1241.7,1242.6,1218,1219.2,268097
07/05/2017,1220.1,1228.4,1216.5,1221.7,348799
07/06/2017,1226.5,1229.5,1221.8,1223.3,185809
07/07/2017,1224.6,1228.1,1206.6,1209.7,310483
07/10/2017,1212.1,1215,1204,1213.2,233437
07/11/2017,1213.8,1217.1,1207.4,1214.7,213121
07/12/2017,1216.5,1225.2,1212.5,1219.1,254172
07/13/2017,1219.2,1223.6,1215.6,1217.3,219900
07/14/2017,1216.4,1232.7,1214,1227.5,258301
07/17/2017,1228.7,1235.4,1227.5,1233.7,166096
07/18/2017,1233.3,1244.1,1232.2,1241.9,245241
07/19/2017,1242,1243.5,1235.1,1242,189980
07/20/2017,1240.6,1247.2,1234.6,1245.5,263291
07/21/2017,1244.1,1255.9,1242.8,1254.9,228148
07/24/2017,1255.5,1259,1252,1254.3,199221
07/25/2017,1255.2,1258,1248.8,1252.1,222325
07/26/2017,1250.3,1263.4,1243.2,1249.4,235857
07/27/2017,1260.5,1265,1253.9,1260,215327
07/28/2017,1265,1277,1263.2,1275.3,241286
07/31/2017,1276.3,1277.3,1271.7,1273.4,158464
08/01/2017,1275.6,1280.3,1268.4,1279.4,206396
08/02/2017,1275.2,1279,1268.9,1278.4,204629
08/03/2017,1272.6,1277,1262.9,1274.4,198615
08/04/2017,1275.3,1276.5,1259.8,1264.6,260834
08/07/2017,1264.3,1265.6,1261.3,1264.7,120039
08/08/2017,1262.9,1271,1257.1,1262.6,240864
08/09/2017,1266.1,1284.7,1265.9,1279.3,280929
08/10/2017,1283.2,1293.8,1280.3,1290.1,257651
08/11/2017,1292.5,1298.1,1286.7,1294,259307
08/14/2017,1296.4,1296.4,1284.2,1290.4,233106
08/15/2017,1287,1287.7,1272.7,1279.7,278698
08/16/2017,1276.9,1289.5,1273.2,1282.9,268454
08/17/2017,1290,1296,1286.4,1292.4,316050
08/18/2017,1293.8,1306.9,1289.1,1291.6,379352
08/21/2017,1289.1,1299.7,1286.2,1296.7,254319
08/22/2017,1297.1,1298.1,1287,1291,259806
08/23/2017,1290.4,1297,1287.9,1294.7,226744
08/24/2017,1296,1296.8,1289.3,1292,237998
08/25/2017,1291.3,1301.4,1281.3,1297.9,350288
08/28/2017,1297.6,1317.8,1297,1315.3,310489
08/29/2017,1320.5,1331.9,1310.6,1318.9,444146
08/30/2017,1314.8,1319.3,1310.1,1314.1,301091
08/31/2017,1314.1,1329,1302.3,1322.2,359132
09/01/2017,1326.9,1334.5,1321.4,1330.4,359615
09/05/2017,1339.7,1349.7,1331.1,1344.5,546280
09/06/2017,1345,1347.7,1336.4,1339,297521
09/07/2017,1339,1355.5,1337.2,1350.3,354009
09/08/2017,1354,1362.4,1347.1,1351.2,377234
09/11/2017,1341.5,1344.6,1330.6,1335.7,292049
09/12/2017,1331.7,1336.3,1326.7,1332.7,281134
09/13/2017,1336.2,1340.5,1324.5,1328,298024
09/14/2017,1327.6,1334.9,1319.5,1329.3,327600
09/15/2017,1333.7,1338.2,1323,1325.2,313245
09/18/2017,1324,1324,1308.1,1310.8,259701
09/19/2017,1310.5,1315.3,1308.7,1310.6,268037
09/20/2017,1314.7,1319.8,1299.5,1316.4,343639
09/21/2017,1304.8,1305,1291.2,1294.8,388118
09/22/2017,1294.1,1301.9,1294.1,1297.5,256421
09/25/2017,1301.5,1315.8,1291.7,1311.5,357294
09/26/2017,1314.2,1317.1,1295,1301.7,376702
09/27/2017,1297.3,1299.2,1284.1,1287.8,364084
09/28/2017,1285.1,1291.6,1280.4,1288.7,279916
09/29/2017,1290.1,1293.2,1278.2,1284.8,280671
10/02/2017,1282.2,1282.8,1272,1275.8,267375
10/03/2017,1273.1,1277.4,1271,1274.6,202951
10/04/2017,1274.5,1285,1273.1,1276.8,266333
10/05/2017,1277.5,1281.6,1268.5,1273.2,217774
10/06/2017,1270.6,1279.2,1262.8,1274.9,361565
10/09/2017,1278.6,1288,1277.7,1285,195058
10/10/2017,1286.8,1296.7,1284.6,1293.8,308402
10/11/2017,1290.7,1295.9,1286.8,1288.9,258782
10/12/2017,1294.6,1299.8,1291.8,1296.5,239955
10/13/2017,1296,1306.4,1292.9,1304.6,290549
10/16/2017,1306,1308.4,1292.5,1303,265876
10/17/2017,1297.2,1298.4,1283.2,1286.2,328145
10/18/2017,1286.9,1290.8,1278.6,1283,250218
10/19/2017,1282.8,1292.8,1277.6,1290,345419
10/20/2017,1292,1292.9,1279.3,1280.5,308883
10/23/2017,1281.5,1284.7,1273.6,1280.9,276923
10/24/2017,1283.9,1285.3,1274.8,1278.3,262004
10/25/2017,1278,1281.3,1272,1279,368454
10/26/2017,1278.6,1283.8,1266.4,1269.6,377535
10/27/2017,1268,1275.2,1263.8,1271.8,352515
10/30/2017,1274.3,1279.9,1269.8,1277.7,260077
10/31/2017,1277.6,1279.1,1268.3,1270.5,272513
11/01/2017,1271.8,1281.9,1268.5,1277.3,384642
11/02/2017,1275.2,1285.1,1274,1278.1,380142
11/03/2017,1277.5,1281.2,1265.9,1269.2,361591
11/06/2017,1270.7,1283.9,1266.4,1281.6,354770
11/07/2017,1282.6,1282.8,1272.3,1275.8,337265
11/08/2017,1276.4,1288.1,1276.1,1283.7,358132
11/09/2017,1282.1,1289.5,1280.5,1287.5,394181
11/10/2017,1286,1287.7,1273.6,1274.2,342281
11/13/2017,1275.3,1279.9,1274.4,1278.9,220906
11/14/2017,1278.9,1283.8,1269.7,1282.9,355197
11/15/2017,1280.7,1290,1276.5,1277.7,433647
11/16/2017,1278,1281.8,1274.9,1278.2,274425
11/17/2017,1278.8,1297.5,1278.1,1296.5,368094
11/20/2017,1294.1,1295.1,1274.1,1275.3,425159
11/21/2017,1276.6,1284.5,1275.8,1281.7,330147
11/22/2017,1280.6,1294.6,1278.6,1292.2,390311
11/24/2017,1291.9,1293.3,1285.1,1287.3,328369
11/27/2017,1288,1299,1286.2,1294.4,321348
11/28/2017,1293.9,1297,1290.1,1294.9,275442
11/29/2017,1298,1300.4,1285.1,1286.2,392057
11/30/2017,1286.9,1288.4,1273.1,1276.7,354076
12/01/2017,1277.9,1292.5,1274.2,1282.3,421344
12/04/2017,1277.6,1280.5,1273.5,1277.7,262068
12/05/2017,1279.1,1279.8,1263.2,1264.9,334825
12/06/2017,1268.3,1271.8,1264.8,1266.1,253049
12/07/2017,1265.2,1266.8,1245.8,1253.1,326470
12/08/2017,1249.5,1254.4,1244.4,1248.4,270293
12/11/2017,1249.2,1253.4,1242.4,1246.9,194377
12/12/2017,1243.9,1247.9,1238.3,1241.7,232769
12/13/2017,1246.3,1259.7,1242.3,1248.6,324220
12/14/2017,1258.1,1261.6,1252.8,1257.1,264708
12/15/2017,1255.5,1264.5,1255.2,1257.5,230959
12/18/2017,1257.8,1267,1255.3,1265.5,214218
12/19/2017,1265.4,1268.6,1262.3,1264.2,206586
12/20/2017,1264.8,1271.4,1264.4,1269.6,205618
12/21/2017,1268.8,1272.5,1266,1270.6,196539
12/22/2017,1270.3,1280.4,1268.4,1278.8,180314
12/26/2017,1279,1288.4,1277.7,1287.5,134618
12/27/2017,1287.8,1293.2,1286,1291.4,205799
12/28/2017,1292,1297.3,1290.5,1297.2,225664
12/29/2017,1297.5,1309.8,1296.1,1309.3,226714
01/02/2018,1305.3,1320.4,1304.6,1316.1,279727
01/03/2018,1319,1323,1308.9,1318.5,353457
01/04/2018,1315.5,1327.3,1307.1,1321.6,369850
01/05/2018,1324.4,1324.7,1314.6,1322.3,322422
01/08/2018,1321.8,1323,1315.7,1320.4,246086
01/09/2018,1321.2,1321.4,1309.5,1313.7,333529
01/10/2018,1313.3,1328.6,1308.9,1319.3,391661
01/11/2018,1317.5,1324.7,1316.1,1322.5,264301
01/12/2018,1323.6,1340,1320.8,1334.9,355191
01/16/2018,1337.3,1345,1332.1,1337.1,499759
01/17/2018,1339,1344.5,1326.6,1339.2,365867
01/18/2018,1327.4,1333.3,1324.3,1327.2,312113
01/19/2018,1327,1338.2,1326.6,1333.1,268077
01/22/2018,1334,1335.8,1328,1331.9,337481
01/23/2018,1333,1341.5,1330.7,1336.7,370174
01/24/2018,1341.4,1361.6,1339.1,1356.3,505627
01/25/2018,1357,1365.4,1341,1362.9,537659
01/26/2018,1346.4,1356,1343.7,1352.1,338447
01/29/2018,1349,1351.4,1336.1,1340.3,280546
01/30/2018,1344,1352.5,1337.5,1340,412518
01/31/2018,1341.8,1351,1335.5,1343.1,377142
02/01/2018,1348.2,1354.3,1340.2,1347.9,310504
02/02/2018,1352.2,1353.3,1330.1,1337.3,416513
02/05/2018,1334.6,1344.8,1331.6,1336.5,305677
02/06/2018,1343.1,1349.3,1322.8,1329.5,473350
02/07/2018,1326.6,1334.8,1313.5,1314.6,351230
02/08/2018,1320.7,1324.5,1309,1319,365934
02/09/2018,1321,1325,1313.2,1315.7,306980
02/12/2018,1317.1,1330,1316.3,1326.4,208066
02/13/2018,1325,1333.5,1323.7,1330.4,201432
02/14/2018,1331.9,1358.6,1319.1,1358,431722
02/15/2018,1353,1359.8,1350.8,1355.3,274926
02/16/2018,1356.6,1364.4,1347.3,1356.2,223199
02/20/2018,1350.2,1354,1330.6,1331.2,374047
02/21/2018,1331.2,1338.5,1324.4,1332.1,255616
02/22/2018,1326.2,1334.4,1322.9,1332.7,206244
02/23/2018,1333.7,1334.2,1327.7,1330.3,165052
02/26/2018,1330.4,1342.9,1328,1332.8,247243
02/27/2018,1334.7,1338.4,1314.4,1318.6,334717
02/28/2018,1318.9,1323.7,1316.7,1317.9,263797
03/01/2018,1319.3,1322.3,1303.6,1305.2,421743
03/02/2018,1318,1326.6,1316.2,1323.4,256112
03/05/2018,1324.9,1328.9,1318.3,1319.9,221216
03/06/2018,1321,1339.9,1320.8,1335.2,285918
03/07/2018,1339.5,1342,1323,1327.6,305077
03/08/2018,1326.2,1329.8,1319.6,1321.7,252829
03/09/2018,1322.7,1325.9,1313.2,1324,336571
03/12/2018,1324.1,1325,1315.3,1320.8,220355
03/13/2018,1323.3,1328.8,1313.8,1327.1,330263
03/14/2018,1326.7,1330.5,1321.7,1325.6,252583
03/15/2018,1324.7,1328.1,1314.9,1317.8,257888
03/16/2018,1316.8,1321.8,1309.5,1312.3,277568
03/19/2018,1312.9,1319.6,1307.4,1317.8,300474
03/20/2018,1316.5,1318.1,1306.6,1311.9,292332
03/21/2018,1310.6,1336.9,1309.5,1321.5,470286
03/22/2018,1332,1335,1324.6,1327.4,358556
03/23/2018,1329,1350.4,1328.9,1349.9,434054
03/26/2018,1347,1356,1343.4,1355,346047
03/27/2018,1353.6,1356.8,1339.6,1342,290889
03/28/2018,1351.1,1352.2,1327.7,1330,386854
03/29/2018,1329.3,1332.6,1325.4,1327.3,251250
04/02/2018,1330.7,1349.2,1329,1346.9,254663
04/03/2018,1345,1346.6,1332.7,1337.3,288392
04/04/2018,1336.7,1352.5,1335.2,1340.2,351033
04/05/2018,1337.1,1338.7,1326,1328.5,280395
04/06/2018,1329.7,1339.1,1322.6,1336.1,361181
04/09/2018,1338,1341.5,1330.1,1340.1,228812
04/10/2018,1339.8,1346.2,1334.2,1345.9,285177
04/11/2018,1343.1,1369.4,1342.5,1360,492037
04/12/2018,1356.3,1356.7,1336.7,1341.9,397621
04/13/2018,1337.6,1350.3,1335.5,1347.9,253937
04/16/2018,1349.8,1353.5,1342.8,1350.7,269549
04/17/2018,1349.1,1352.2,1340.2,1349.5,276632
04/18/2018,1350.4,1359,1345,1353.5,311371
04/19/2018,1352.4,1357.7,1343.2,1348.8,342542
04/20/2018,1348.5,1348.9,1337,1338.3,269829
04/23/2018,1336.2,1337.6,1323.8,1324,294254
04/24/2018,1326.1,1334.5,1323.6,1333,277648
04/25/2018,1332,1333.8,1320.2,1322.8,269901
04/26/2018,1324.2,1328,1316.2,1317.9,295688
04/27/2018,1318,1326.4,1315.8,1323.4,232724
04/30/2018,1324,1325.9,1310.7,1319.2,295960
05/01/2018,1316,1317.4,1302.3,1306.8,283431
05/02/2018,1304.4,1314.9,1304.3,1305.6,370242
05/03/2018,1305.5,1319,1305.2,1312.7,306718
05/04/2018,1312.8,1316.9,1308.5,1314.7,299809
05/07/2018,1316.3,1320.1,1310.6,1314.1,235292
05/08/2018,1314.1,1318.5,1306.2,1313.7,407409
05/09/2018,1315.3,1317.8,1304.2,1313,384042
05/10/2018,1312.8,1323.4,1310.6,1322.3,373535
05/11/2018,1321.8,1326.3,1317,1320.7,259923
05/14/2018,1318.3,1322.4,1312.8,1318.2,241225
05/15/2018,1313.2,1314.7,1288.2,1290.3,485197
05/16/2018,1290.1,1296.4,1285.7,1291.5,333614
05/17/2018,1290.2,1294,1284,1289.4,298816
05/18/2018,1290,1293.7,1285.1,1291.3,254923
05/21/2018,1290.3,1292.7,1281.2,1290.9,328016
05/22/2018,1292.3,1296,1287.2,1292,291716
05/23/2018,1290.6,1298.4,1286.7,1289.6,402342
05/24/2018,1293.3,1306.4,1292.2,1304.4,432419
05/25/2018,1304,1307.2,1299.4,1303.7,286386
05/29/2018,1299,1306.1,1291.4,1299,386334
05/30/2018,1303.1,1308.8,1300,1306.5,338847
05/31/2018,1306,1311.5,1301,1304.7,315137
06/01/2018,1303,1304.8,1293.1,1299.3,308394
06/04/2018,1296.7,1302.3,1293.8,1297.3,215328
06/05/2018,1296.4,1304.8,1293.5,1302.2,271294
06/06/2018,1300.6,1306.1,1297.7,1301.4,252054
06/07/2018,1300.9,1307.8,1299,1303,259648
06/08/2018,1301.3,1304.8,1296,1302.7,211335
06/11/2018,1303.5,1307,1297.8,1303.2,211583
06/12/2018,1304.5,1304.8,1296.3,1299.4,236393
06/13/2018,1299.6,1305.2,1294.5,1301.3,263840
06/14/2018,1303.1,1313,1301,1308.3,347193
06/15/2018,1305.9,1306.7,1277.9,1278.5,495364
06/18/2018,1281.1,1284.9,1279.5,1280.1,195743
06/19/2018,1280.7,1286.8,1272.6,1278.6,289574
06/20/2018,1277.3,1278.6,1269.6,1274.5,233184
06/21/2018,1269.7,1272.3,1262.4,1270.5,281809
06/22/2018,1268.6,1273.1,1268.4,1270.7,177199
06/25/2018,1272.2,1274.4,1265.5,1268.9,201565
06/26/2018,1267.3,1269.4,1256.4,1259.9,254014
06/27/2018,1260.5,1261.9,1252.2,1256.1,256900
06/28/2018,1253.6,1255.8,1247.2,1251,241824
06/29/2018,1249.5,1257.1,1246.9,1254.5,221077
07/02/2018,1253.4,1255.6,1240.6,1241.7,262872
07/03/2018,1242.9,1258.5,1238.8,1253.5,297343
07/05/2018,1253.5,1262.4,1252.2,1258.8,392947
07/06/2018,1258.4,1260.2,1253.7,1255.8,195750
07/09/2018,1255.7,1266.9,1255.7,1259.6,238968
07/10/2018,1258.5,1261,1247.7,1255.4,272630
07/11/2018,1256.7,1257.3,1241.7,1244.4,299639
07/12/2018,1242.3,1248.8,1241.4,1246.6,220956
07/13/2018,1247.7,1248.5,1236.2,1241.2,248662
07/16/2018,1241,1245.8,1238.3,1239.7,186301
07/17/2018,1240.8,1245.1,1225.9,1227.3,318219
07/18/2018,1227,1229.1,1220.9,1227.9,283976
07/19/2018,1227.3,1229.6,1210.7,1224,428879
07/20/2018,1222.9,1232.4,1215.3,1231.1,342215
07/23/2018,1231.7,1235.2,1222.2,1225.6,333328
07/24/2018,1224.4,1229.7,1218.1,1225.5,299064
07/25/2018,1224.2,1234.3,1223.2,1231.8,272250
07/26/2018,1231.7,1235.3,1221.7,1225.7,285613
07/27/2018,1222.4,1226.9,1216.7,1223,247023
07/30/2018,1231.1,1234.1,1227.8,1231.5,183752
07/31/2018,1230.5,1237.8,1222.6,1233.6,297825
08/01/2018,1232.7,1233.7,1224.4,1227.6,218458
08/02/2018,1224.7,1230,1215.3,1220.1,234632
08/03/2018,1216,1228.5,1212.5,1223.2,272386
08/06/2018,1222,1226,1214.4,1217.7,199536
08/07/2018,1215.8,1224.3,1215.6,1218.3,205380
08/08/2018,1218.7,1223.8,1213.6,1221,263236
08/09/2018,1222,1225.6,1218.4,1219.9,232037
08/10/2018,1220,1224.9,1213.1,1219,317657
08/13/2018,1218.4,1221.4,1198.6,1198.9,374115
08/14/2018,1201.1,1205.8,1198.9,1200.7,242549
08/15/2018,1201.5,1202,1180,1185,377682
08/16/2018,1183,1189,1167.1,1184,362108
08/17/2018,1180.7,1192,1178.5,1184.2,246695
08/20/2018,1190.4,1197.7,1189.6,1194.6,205769
08/21/2018,1197.3,1204.3,1194.3,1200,218291
08/22/2018,1203,1208.4,1199.2,1203.3,234153
08/23/2018,1202.8,1203.4,1190.2,1194,232882
08/24/2018,1191.6,1215.4,1189.5,1213.3,286519
08/27/2018,1214.5,1218.8,1209.3,1216,209187
08/28/2018,1217.7,1220.7,1205.8,1214.4,273176
08/29/2018,1206.6,1213.7,1206.6,1211.5,241896
08/30/2018,1212.6,1214,1202.1,1205,288072
08/31/2018,1206.3,1214.9,1204.1,1206.7,259163
09/04/2018,1206.3,1209.7,1195.1,1199.1,421469
09/05/2018,1197.2,1204.2,1196.4,1201.3,209563
09/06/2018,1202.5,1212.7,1200.5,1204.3,284202
09/07/2018,1205.6,1209,1198.7,1200.4,272324
09/10/2018,1200.7,1203.8,1196.2,1199.8,213402
09/11/2018,1200.4,1204.8,1192.7,1202.2,263070
09/12/2018,1203.5,1213.9,1197.6,1210.9,304315
09/13/2018,1212.4,1218,1205,1208.2,304352
09/14/2018,1206.6,1213.8,1197.7,1201.1,276004
09/17/2018,1199.8,1209.7,1197.5,1205.8,209936
09/18/2018,1206.4,1208.2,1200.3,1202.9,229111
09/19/2018,1202.8,1211,1202.2,1208.3,233870
09/20/2018,1208.8,1213.2,1205.1,1211.3,241605
09/21/2018,1212.1,1215.8,1196,1201.3,333369
09/24/2018,1204,1208.8,1198.6,1204.4,214291
09/25/2018,1203.1,1207.9,1201.3,1205.1,197635
09/26/2018,1205.5,1206.9,1194.6,1199.1,343475
09/27/2018,1198.9,1202.6,1185.6,1187.4,351051
09/28/2018,1186.8,1198,1184.3,1196.2,300928
10/01/2018,1196.1,1196.5,1188.1,1191.7,220507
10/02/2018,1192.7,1212.3,1192.2,1207,365322
10/03/2018,1207,1212.3,1200.4,1202.9,255072
10/04/2018,1201.4,1210.7,1199.6,1201.6,290842
10/05/2018,1203.7,1209.8,1200.9,1205.6,250219
10/08/2018,1206.7,1208,1186,1188.6,320099
10/09/2018,1192.2,1195.8,1186.6,1191.5,243864
10/10/2018,1192.7,1198.6,1188.5,1193.4,248561
10/11/2018,1197.9,1230,1194.7,1227.6,531781
10/12/2018,1227.7,1228.1,1219.3,1222,309392
10/15/2018,1221.2,1236.9,1220.4,1230.3,291572
10/16/2018,1230.5,1235.9,1226.3,1231,242416
10/17/2018,1228,1232.9,1223.7,1227.4,235331
10/18/2018,1225.5,1233.6,1221.7,1230.1,243105
10/19/2018,1228.6,1234.1,1226.2,1228.7,188648
10/22/2018,1230.5,1232.6,1222.8,1224.6,187230
10/23/2018,1225.1,1243,1224.5,1236.8,288378
10/24/2018,1233.8,1238,1228.3,1231.1,211477
10/25/2018,1236.6,1242,1230.5,1232.4,259679
10/26/2018,1234.7,1246,1232.5,1235.8,304896
10/29/2018,1236.4,1237.6,1226.1,1227.6,234294
10/30/2018,1231.9,1232.5,1221.4,1225.3,224637
10/31/2018,1224.7,1225,1213.4,1215,247057
11/01/2018,1216.6,1239.3,1216.1,1238.6,313451
11/02/2018,1235.3,1238.4,1231.3,1233.3,249587
11/05/2018,1234.5,1236.8,1228.4,1232.3,159425
11/06/2018,1233.4,1237.8,1224.9,1226.3,199669
11/07/2018,1228.9,1238.4,1224.2,1228.7,259294
11/08/2018,1227.7,1228.5,1220.8,1225.1,239016
11/09/2018,1224.3,1224.6,1207.2,1208.6,306462
11/12/2018,1210.3,1212,1200.6,1203.5,203644
11/13/2018,1201.1,1205.5,1196.6,1201.4,248928
11/14/2018,1202.8,1217.2,1198.1,1210.1,277865
11/15/2018,1211.8,1217,1207.1,1215,253571
11/16/2018,1214.4,1226,1213.7,1223,237367
11/19/2018,1222.6,1226.5,1218.5,1225.3,198385
11/20/2018,1224.6,1229.5,1220.3,1221.2,255195
11/21/2018,1222.4,1230.9,1220.1,1228,227212
11/23/2018,1226.8,1229.7,1220.3,1223.2,234908
11/26/2018,1223.9,1228.6,1221.7,1222.4,267323
11/27/2018,1222.6,1225.2,1211.4,1213.4,307887
11/28/2018,1214.3,1227.7,1210.5,1223.6,247168
11/29/2018,1227.1,1234.9,1226.7,1230.4,246432
11/30/2018,1229.9,1231.1,1221.8,1226,158763
12/03/2018,1227.8,1240.4,1226.6,1239.6,247720
12/04/2018,1236.3,1247.5,1235.8,1246.6,221135
12/05/2018,1244.6,1244.8,1238.7,1242.6,110207
12/06/2018,1243,1249.9,1240,1243.6,248859
12/07/2018,1243.1,1255.8,1242.6,1252.6,215414
12/10/2018,1255.6,1256.6,1246.9,1249.4,190957
12/11/2018,1249.8,1255.1,1245.8,1247.2,186386
12/12/2018,1248.3,1252.6,1247.1,1250,157070
12/13/2018,1250.7,1251.7,1244.4,1247.4,158850
12/14/2018,1246.2,1247.3,1236.5,1241.4,183625
12/17/2018,1242.8,1252.2,1239.4,1251.8,166877
12/18/2018,1249.7,1254.5,1249,1253.6,171587
12/19/2018,1253.5,1262.2,1245.3,1256.4,275306
12/20/2018,1247,1270.3,1246.2,1267.9,318239
12/21/2018,1263.5,1266.2,1257.1,1258.1,200024
12/24/2018,1260.7,1273.9,1260,1271.8,137241
12/26/2018,1273.5,1282.3,1267.4,1273,208542
12/27/2018,1270.1,1281.6,1269.1,1281.1,213501
12/28/2018,1278,1284.7,1276.5,1283,155354
12/31/2018,1283,1286.5,1279.7,1281.3,113258
01/02/2019,1285,1291,1280.6,1284.1,235334
01/03/2019,1288.5,1296.9,1286.4,1294.8,244542
01/04/2019,1296.5,1300.4,1278.1,1285.8,299076
01/07/2019,1287,1297,1284.1,1289.9,204679
01/08/2019,1289.9,1291.4,1280.2,1285.9,221915
01/09/2019,1286.1,1295,1280.9,1292,245969
01/10/2019,1294.7,1298,1286.7,1287.4,239920
01/11/2019,1287.6,1295.7,1287,1289.5,200393
01/14/2019,1288,1296.6,1287.7,1291.3,221893
01/15/2019,1292.4,1294.8,1286.5,1288.4,242065
01/16/2019,1289.6,1295.4,1287.6,1293.8,181387
01/17/2019,1293.9,1295,1288.3,1292.3,191979
01/18/2019,1291.9,1292.2,1280.1,1282.6,216626
01/22/2019,1280.7,1285,1276,1283.4,318850
01/23/2019,1284.6,1286,1277.7,1284,217130
01/24/2019,1282.3,1283.9,1275.3,1279.8,225765
01/25/2019,1280.1,1303.4,1278.9,1298.1,292672
01/28/2019,1302.3,1303.7,1296.5,1303.1,243070
01/29/2019,1302.5,1310.8,1301.7,1308.9,213607
01/30/2019,1317,1328.6,1313.5,1315.5,272109
01/31/2019,1325.4,1331.1,1322.2,1325.2,224751
02/01/2019,1326,1328.2,1320.6,1322.1,192924
02/04/2019,1322.6,1323.6,1312.7,1319.3,159557
02/05/2019,1316.8,1321,1314.8,1319.2,129013
02/06/2019,1319.4,1319.9,1309.6,1314.4,137247
02/07/2019,1310.9,1315.8,1306.4,1314.2,166761
02/08/2019,1314.3,1319.5,1311.5,1318.5,131864
02/11/2019,1318.1,1318.7,1307.1,1311.9,150611
02/12/2019,1311.6,1318.3,1310,1314,146448
02/13/2019,1314.3,1321.7,1308.1,1315.1,213962
02/14/2019,1309.6,1317.4,1304.7,1313.9,228458
02/15/2019,1315.5,1325.8,1314.3,1322.1,193386
02/19/2019,1325,1345,1323.8,1344.8,348636
02/20/2019,1343.9,1349.8,1339.8,1347.9,246722
02/21/2019,1341.7,1344.3,1323.3,1327.8,285810
02/22/2019,1325.8,1335.6,1323.8,1332.8,236737
02/25/2019,1331.9,1334.9,1327.3,1329.5,181778
02/26/2019,1329.9,1332.4,1325.5,1328.5,185564
02/27/2019,1331,1332,1318.4,1321.2,198038
02/28/2019,1321.7,1328.9,1314,1316.1,252235
03/01/2019,1315.5,1316.5,1291.3,1299.2,328780
03/04/2019,1294.4,1298.1,1283.8,1287.5,268391
03/05/2019,1287.8,1290.6,1282,1284.7,216929
03/06/2019,1288.8,1291.8,1284.3,1287.6,192932
03/07/2019,1287.3,1289.6,1280.8,1286.1,257922
03/08/2019,1286.7,1301.3,1285.6,1299.3,270805
03/11/2019,1298.2,1299.2,1290.6,1291.1,196857
03/12/2019,1293.6,1302.6,1292,1298.1,203894
03/13/2019,1301.8,1311.6,1300.6,1309.3,214238
03/14/2019,1309.5,1310.3,1292.5,1295.1,248206
03/15/2019,1295.6,1306.3,1293.7,1302.9,224685
03/18/2019,1302,1306.7,1298,1301.5,176492
03/19/2019,1303.7,1310.8,1302.1,1306.5,206904
03/20/2019,1306,1317.2,1298.1,1301.7,370397
03/21/2019,1312.7,1320.2,1302.8,1307.3,332611
03/22/2019,1309.3,1314.7,1306.5,1312.3,260096
03/25/2019,1313.3,1324.5,1310.6,1322.6,251981
03/26/2019,1321.5,1323,1312.1,1315,267173
03/27/2019,1315.4,1318.8,1307.3,1310.4,206263
03/28/2019,1315,1317.6,1293.3,1295.3,426819
03/29/2019,1295,1304.6,1291.3,1298.5,260381
04/01/2019,1297.2,1301.7,1291,1294.2,236657
04/02/2019,1292.2,1297.1,1289.5,1295.4,196403
04/03/2019,1296.9,1299,1292.7,1295.3,190367
04/04/2019,1294.4,1298.7,1284.9,1294.3,262537
04/05/2019,1296.5,1297.8,1288.3,1295.6,227617
04/08/2019,1295.8,1307.9,1295.5,1301.9,207572
04/09/2019,1301.6,1310.4,1300.6,1308.3,200341
04/10/2019,1308.2,1314.7,1304.7,1313.9,218880
04/11/2019,1312.4,1313.1,1292.9,1293.3,324740
04/12/2019,1295.8,1299.1,1293.2,1295.2,185177
04/15/2019,1294,1295.2,1285.3,1291.3,232989
04/16/2019,1290.8,1291.7,1275.5,1277.2,326514
04/17/2019,1279.5,1282.1,1275.2,1276.8,223357
04/18/2019,1276.2,1279.7,1273,1276,229629
04/22/2019,1278,1281.9,1275.7,1277.6,136438
04/23/2019,1277,1278.5,1267.9,1273.2,280344
04/24/2019,1274.4,1280.7,1270.5,1279.4,246046
04/25/2019,1277.9,1284.8,1275.2,1279.7,237154
04/26/2019,1279.1,1290.9,1276,1288.8,268033
04/29/2019,1289,1289.1,1279.9,1281.5,208956
04/30/2019,1281.9,1288.2,1281.5,1285.7,239444
05/01/2019,1285.2,1289.4,1274.5,1284.2,275425
05/02/2019,1278.5,1279.4,1267.3,1272,282497
05/03/2019,1271.6,1283.9,1269,1281.3,269353
05/06/2019,1281.8,1287.4,1278.1,1283.8,244342
05/07/2019,1282.4,1287.3,1279.1,1285.6,251087
05/08/2019,1285.6,1292.8,1280.2,1281.4,302694
05/09/2019,1281.9,1289.2,1280.4,1285.2,306546
05/10/2019,1285,1290.3,1283.9,1287.4,227237
05/13/2019,1288.3,1302.2,1282.4,1301.8,379440
05/14/2019,1300.8,1304.2,1294.3,1296.3,222050
05/15/2019,1298,1301.7,1293.6,1297.8,247522
05/16/2019,1297.7,1299.3,1284.2,1286.2,282065
05/17/2019,1287.2,1289,1274.6,1275.7,255125
05/20/2019,1277.6,1278.8,1273.3,1277.3,212182
05/21/2019,1277.7,1277.7,1269,1273.2,213168
05/22/2019,1274.4,1277.1,1272,1274.2,191366
05/23/2019,1273.3,1287.1,1272.1,1285.4,330160
05/24/2019,1283.2,1284.7,1280.1,1283.6,217008
05/28/2019,1283.5,1286.9,1275.1,1277.1,362163
05/29/2019,1278.9,1285.2,1278.4,1281,189694
05/30/2019,1285.1,1293.9,1279.2,1292.4,284019
05/31/2019,1293.2,1311.9,1292.5,1311.1,322176
06/03/2019,1312.5,1333,1310.9,1327.9,363396
06/04/2019,1329.7,1334.1,1324.7,1328.7,319959
06/05/2019,1330.2,1348.9,1329.3,1333.6,413470
06/06/2019,1336.1,1344.2,1331.3,1342.7,263086
06/07/2019,1339.7,1352.7,1334.3,1346.1,314048
06/10/2019,1341.2,1341.7,1329,1329.3,228033
06/11/2019,1331.8,1333.8,1323.6,1331.2,215146
06/12/2019,1330.6,1342.3,1329.8,1336.8,234455
06/13/2019,1337.8,1347,1335.9,1343.7,204827
06/14/2019,1346.5,1362.2,1341.4,1344.5,346086
06/17/2019,1345.5,1347.1,1336.6,1342.9,238707
06/18/2019,1343.9,1358.5,1342.1,1350.7,376267
06/19/2019,1350.4,1366.6,1344.8,1348.8,332611
06/20/2019,1364.5,1397.7,1361.3,1396.9,542895
06/21/2019,1391.2,1415.4,1386.1,1400.1,496645
06/24/2019,1403.9,1425.1,1403.6,1418.2,375145
06/25/2019,1423.4,1442.9,1415.1,1418.7,643590
06/26/2019,1427.2,1427.9,1405,1415.4,421948
06/27/2019,1412.7,1415.3,1401.4,1412,336359
06/28/2019,1413.3,1427.8,1408.6,1413.7,297964
07/01/2019,1401.8,1401.9,1384.7,1389.3,389761
07/02/2019,1386.2,1424,1386.2,1408,383253
07/03/2019,1424.7,1441,1414.7,1420.9,419609
07/05/2019,1421.6,1426.8,1388.6,1400.1,555564
07/08/2019,1401,1409.9,1393.8,1400,318692
07/09/2019,1397.9,1402.4,1387.5,1400.5,287176
07/10/2019,1400,1421.1,1391.8,1412.5,443496
07/11/2019,1421.1,1429.4,1402.7,1406.7,400086
07/12/2019,1406.2,1418.9,1404.5,1412.2,272092
07/15/2019,1417.7,1421.6,1409.3,1413.5,243376
07/16/2019,1416.4,1420,1402.1,1411.2,334818
07/17/2019,1407.9,1428.4,1401.3,1423.3,358172
07/18/2019,1428.5,1449.7,1415.6,1428.1,481325
07/19/2019,1448.3,1454.4,1421.1,1426.7,509138
07/22/2019,1428.5,1430.8,1423,1426.9,255354
07/23/2019,1426,1431.4,1414.6,1421.7,386682
07/24/2019,1418.6,1430,1416.7,1423.6,318164
07/25/2019,1426.8,1434.1,1411.1,1414.7,489392
07/26/2019,1414.9,1424.8,1412.9,1419.3,297841
07/29/2019,1419,1428,1414.4,1420.4,224267
07/30/2019,1439.5,1445.7,1434.8,1441.8,259623
07/31/2019,1443.7,1447.8,1422.3,1437.8,419577
08/01/2019,1425.6,1458.2,1412.1,1432.4,587561
08/02/2019,1457.5,1461.9,1442.5,1457.5,471109
08/05/2019,1451.2,1481.8,1448.8,1476.5,534188
08/06/2019,1481.1,1486.8,1468.2,1484.2,381923
08/07/2019,1486.7,1522.7,1484.3,1519.6,651548
08/08/2019,1512.1,1521.3,1501.6,1509.5,402963
08/09/2019,1515.9,1521.1,1506.2,1508.5,325590
08/12/2019,1509.2,1531.5,1498.6,1517.2,355101
08/13/2019,1522.3,1546.1,1488.9,1514.1,616740
08/14/2019,1513,1534.9,1504.5,1527.8,484188
08/15/2019,1526.6,1537.7,1518.3,1531.2,436117
08/16/2019,1533.9,1538.6,1513.9,1523.6,314597
08/19/2019,1523,1523.6,1503.3,1511.6,295828
08/20/2019,1506.3,1518.8,1503,1515.7,247535
08/21/2019,1518.4,1518.4,1506.5,1515.7,245896
08/22/2019,1512.4,1514.6,1502.1,1508.5,279405
08/23/2019,1508.8,1540.3,1503,1537.6,459203
08/26/2019,1545.4,1565,1534.8,1537.2,411668
08/27/2019,1537.3,1554.5,1535.3,1551.8,347046
08/28/2019,1551.8,1556.6,1541.4,1549.1,353912
08/29/2019,1549.4,1559.8,1528.6,1536.9,455595
08/30/2019,1536.9,1541.9,1525.6,1529.4,320657
09/03/2019,1535.2,1558.9,1528,1555.9,554833
09/04/2019,1556,1566.2,1542.6,1560.4,412349
09/05/2019,1561.4,1561.9,1514.3,1525.5,606398
09/06/2019,1525.6,1536.2,1510.7,1515.5,536269
09/09/2019,1516.4,1523.8,1505.5,1511.1,317523
09/10/2019,1507,1509.1,1492.1,1499.2,397917
09/11/2019,1493.9,1506.2,1492.9,1503.2,308791
09/12/2019,1504.9,1532.2,1496.8,1507.4,491465
09/13/2019,1506.5,1516.6,1493.1,1499.5,357274
09/16/2019,1513.1,1519.7,1503.4,1511.5,349611
09/17/2019,1506.5,1515,1500.9,1513.4,336627
09/18/2019,1509.7,1519.5,1490.7,1515.8,364956
09/19/2019,1502,1512.1,1496.3,1506.2,291302
09/20/2019,1506.8,1524.5,1505.3,1515.1,272313
09/23/2019,1521.5,1534.4,1517.9,1531.5,359879
09/24/2019,1529.8,1543.3,1522.8,1540.2,424860
09/25/2019,1539.8,1542.8,1507.4,1512.3,481457
09/26/2019,1510.9,1519.5,1507.1,1515.2,378285
09/27/2019,1511.8,1514.4,1493.3,1506.4,436289
09/30/2019,1501.7,1507.2,1470.5,1472.9,439706
10/01/2019,1478,1493.5,1465,1489,450174
10/02/2019,1485.4,1511.4,1480.5,1507.9,393098
10/03/2019,1505.6,1525.8,1501.7,1513.8,408743
10/04/2019,1511.6,1522.2,1501.4,1512.9,339071
10/07/2019,1518.6,1518.8,1493.3,1504.4,257779
10/08/2019,1498.7,1515.3,1492.1,1503.9,371439
10/09/2019,1510.9,1518,1505.1,1512.8,285278
10/10/2019,1510.8,1522.3,1495.7,1500.9,417877
10/11/2019,1498.3,1508,1478,1488.7,462693
10/14/2019,1492,1501.5,1487.1,1497.6,228323
10/15/2019,1497.7,1503,1480.8,1483.5,317991
10/16/2019,1484.8,1495.5,1480.6,1494,367898
10/17/2019,1494.2,1501.1,1487,1498.3,305666
10/18/2019,1495.6,1497.9,1488.3,1494.1,224789
10/21/2019,1495.6,1498.7,1484.8,1488.1,284292
10/22/2019,1487.5,1492.1,1484,1487.5,208969
10/23/2019,1491.1,1499.4,1490.7,1495.7,244615
10/24/2019,1495.1,1506.9,1490.4,1504.7,305012
10/25/2019,1506.4,1520.9,1503.1,1505.3,357431
10/28/2019,1507.4,1510.8,1492.3,1495.8,318126
10/29/2019,1494.3,1497.1,1485.6,1490.7,291980
10/30/2019,1490.5,1499.3,1483.1,1496.7,353638
10/31/2019,1498.8,1516.7,1496,1514.8,390013
11/01/2019,1515.1,1519,1505.4,1511.4,367336
11/04/2019,1516.4,1517.1,1506.5,1511.1,260197
11/05/2019,1511.6,1511.9,1480.7,1483.7,593619
11/06/2019,1484.3,1495.9,1483.8,1493.1,313719
11/07/2019,1492.1,1493.6,1461.4,1466.4,674982
11/08/2019,1469,1473.9,1457,1462.9,428918
11/11/2019,1460,1467.4,1448.9,1457.1,310155
11/12/2019,1455.9,1461.3,1446.2,1453.7,429612
11/13/2019,1456.5,1467.9,1456.4,1463.3,352334
11/14/2019,1464,1475.5,1461.7,1473.4,317400
11/15/2019,1471.9,1472.1,1462.8,1468.5,244617
11/18/2019,1467.8,1474.4,1456.6,1471.9,331235
11/19/2019,1471.9,1475.8,1465.1,1474.3,307855
11/20/2019,1472.7,1479.2,1466.1,1474.2,369970
11/21/2019,1475.1,1475.9,1462.4,1463.6,388337
11/22/2019,1464.3,1473.4,1461.2,1463.6,305037
11/25/2019,1461,1462,1453.9,1456.9,298709
11/26/2019,1455.1,1462.9,1449.6,1460.3,346362
11/27/2019,1468.3,1469.1,1459.1,1460.8,232122
11/29/2019,1461.2,1472.9,1459.1,1472.7,259290
12/02/2019,1470.3,1471.7,1459.8,1469.2,316575
12/03/2019,1468,1487.7,1465.4,1484.4,400899
12/04/2019,1483.2,1489.9,1476.7,1480.2,319730
12/05/2019,1480,1485.7,1478,1483.1,240014
12/06/2019,1481,1485.3,1463.3,1465.1,305085
12/09/2019,1464.1,1469.8,1463,1464.9,177222
12/10/2019,1466.3,1473.7,1464.2,1468.1,228832
12/11/2019,1468.5,1483.5,1466.9,1475,251732
12/12/2019,1479.2,1491.6,1468.2,1472.3,409855
12/13/2019,1470.8,1482.5,1465.5,1481.2,347270
12/16/2019,1480,1484.5,1477.4,1480.5,165853
12/17/2019,1480.6,1484.9,1478.4,1480.6,173253
12/18/2019,1480.4,1483.6,1474.3,1478.7,197967
12/19/2019,1479.4,1485.8,1477.1,1484.4,201186
12/20/2019,1482.7,1484.8,1479.5,1480.9,137779
12/23/2019,1482.4,1490.1,1481.2,1488.7,162446
12/24/2019,1489.8,1505,1488.1,1504.8,183683
12/26/2019,1503.9,1517.4,1502.1,1514.4,216614
12/27/2019,1516.5,1519.9,1512.1,1518.1,194736
12/30/2019,1515.9,1519.1,1513.5,1518.6,178722
12/31/2019,1517.7,1529,1517.5,1523.1,220847
01/02/2020,1521,1534,1519.7,1528.1,270546
01/03/2020,1531.7,1556.6,1530.4,1552.4,420633
01/06/2020,1562.7,1590.9,1562.3,1568.8,558969
01/07/2020,1567.4,1579.2,1557,1574.3,435869
01/08/2020,1578.8,1613.3,1553.4,1560.2,813406
01/09/2020,1557.7,1562.4,1541,1554.3,372880
01/10/2020,1553.4,1564.1,1546.7,1560.1,331094
01/13/2020,1563,1563.1,1547,1550.6,311734
01/14/2020,1548.6,1549.5,1536.4,1544.6,340913
01/15/2020,1546.8,1558.8,1546.5,1554,310070
01/16/2020,1556.6,1558.2,1548,1550.5,260054
01/17/2020,1553,1561.4,1549.3,1560.3,257366
01/21/2020,1557.3,1568.8,1546,1557.9,462622
01/22/2020,1558.9,1559.8,1550,1556.7,286081
01/23/2020,1558.9,1567.5,1551.3,1565.4,361025
01/24/2020,1562.9,1575.5,1555.8,1571.9,415684
01/27/2020,1580.5,1588.4,1575.3,1577.4,398058
01/28/2020,1580.6,1582.2,1564.6,1569.8,378006
01/29/2020,1566.3,1577.7,1562,1570.4,251274
01/30/2020,1582.4,1590.7,1576.8,1589.2,382595
01/31/2020,1578.4,1595.5,1575,1587.9,320217
02/03/2020,1597.8,1598.5,1573.2,1582.4,320599
02/04/2020,1581.5,1584.5,1552.8,1555.5,349002
02/05/2020,1556.1,1566.2,1551.1,1562.8,306051
02/06/2020,1560,1571.9,1556,1570,229003
02/07/2020,1570.7,1577.8,1563.5,1573.4,275383
02/10/2020,1575.8,1580.5,1571.5,1579.5,191752
02/11/2020,1575.5,1577.5,1565.2,1570.1,231832
02/12/2020,1571.2,1573.6,1564.4,1571.6,189550
02/13/2020,1569.8,1581.7,1568.5,1578.8,276252
02/14/2020,1579,1588.2,1576,1586.4,220085
02/18/2020,1585.1,1608.2,1581.8,1603.6,414235
02/19/2020,1604.8,1615.9,1602.4,1611.8,307885
02/20/2020,1615,1626.5,1606.6,1620.5,403039
02/21/2020,1623.6,1652.1,1621.6,1648.8,471801
02/24/2020,1656,1691.7,1652.8,1676.6,680823
02/25/2020,1661.8,1666.7,1627,1650,672758
02/26/2020,1637.3,1657.1,1626.6,1643.1,531901
02/27/2020,1643,1662.5,1636.7,1642.5,573289
02/28/2020,1646.1,1651,1564,1566.7,713044
03/02/2020,1592.8,1612.1,1576.3,1594.8,443528
03/03/2020,1586,1650.5,1585.9,1644.4,466533
03/04/2020,1640.1,1654.3,1632.6,1643,313344
03/05/2020,1638.2,1675.5,1635.6,1668,362995
03/06/2020,1673.1,1692.8,1642.4,1672.4,619051
03/09/2020,1692.6,1704.3,1658,1675.7,504155
03/10/2020,1679.6,1681.3,1641.1,1660.3,385479
03/11/2020,1649.3,1671.8,1632.4,1642.3,404351
03/12/2020,1633.1,1651,1560.4,1590.3,605721
03/13/2020,1582.7,1597.9,1504,1516.7,524471
03/16/2020,1563.8,1574.8,1450.9,1486.5,565977
03/17/2020,1512.8,1554.3,1465.6,1525.8,434508
03/18/2020,1527.6,1547,1473.3,1477.9,412332
03/19/2020,1487.2,1502.8,1460.1,1479.3,325286
03/20/2020,1471.6,1519.4,1457.5,1484.6,253577
03/23/2020,1505,1569.3,1484.6,1567.6,362068
03/24/2020,1563.8,1698,1560.5,1660.8,418776
03/25/2020,1666.2,1699.3,1615.2,1633.4,254189
03/26/2020,1642.5,1672.5,1611,1651.2,215969
03/27/2020,1640.4,1647.2,1611.4,1625,97853
03/30/2020,1663.4,1673.6,1632,1643.2,144290
03/31/2020,1643.4,1645.6,1588.2,1596.6,176554
04/01/2020,1589.4,1612.4,1576,1591.4,164482
04/02/2020,1602.4,1645.6,1595.2,1637.7,167707
04/03/2020,1635.3,1652.8,1624.4,1645.7,130930
04/06/2020,1647.7,1715.8,1638.2,1693.9,192753
04/07/2020,1707.1,1742.6,1672,1683.7,204497
04/08/2020,1678.7,1695.8,1670.7,1684.3,125327
04/09/2020,1680.5,1754.5,1676.5,1752.8,218804
04/13/2020,1742.3,1772.8,1724.2,1761.4,166890
04/14/2020,1761.5,1788.8,1747.1,1768.9,241194
04/15/2020,1758.1,1759.8,1731.6,1740.2,186697
04/16/2020,1743.5,1768,1722.6,1731.7,204225
04/17/2020,1738.5,1738.8,1691.2,1698.8,221644
04/20/2020,1693,1718.4,1685,1711.2,186912
04/21/2020,1713.3,1718,1666.2,1687.8,248629
04/22/2020,1703.1,1742.4,1695.4,1738.3,193728
04/23/2020,1736.5,1764.2,1730.6,1745.4,201884
04/24/2020,1753,1760.2,1725.4,1735.6,174617
04/27/2020,1745,1745.8,1720,1723.8,146641
04/28/2020,1724.4,1731.9,1704.1,1722.2,171343
04/29/2020,1724.8,1733.5,1708.2,1713.4,159603
04/30/2020,1729.6,1737,1687.5,1694.2,234529
05/01/2020,1693.5,1714.4,1676,1700.9,164380
05/04/2020,1711.2,1726,1700.3,1713.3,148728
05/05/2020,1711,1717.8,1695.4,1710.6,184728
05/06/2020,1714.1,1716.6,1683,1688.5,203370
05/07/2020,1686,1733.2,1683.9,1725.8,250704
05/08/2020,1727.2,1735.5,1703.1,1713.9,217561
05/11/2020,1706,1713.8,1692.1,1698,202173
05/12/2020,1700,1716.7,1693.5,1706.8,198067
05/13/2020,1705,1726.5,1701.6,1716.4,211614
05/14/2020,1723.1,1746.5,1716,1740.9,212914
05/15/2020,1738.5,1761.2,1736.8,1756.3,196539
05/18/2020,1757.5,1775.8,1729.3,1734.4,271472
05/19/2020,1734.8,1751.6,1727.2,1745.6,185258
05/20/2020,1749.2,1757.6,1744,1752.1,184460
05/21/2020,1751.7,1751.7,1715.3,1721.9,238735
05/22/2020,1726,1742,1722.5,1735.5,186032
05/26/2020,1734.8,1737.2,1700,1705.6,313174
05/27/2020,1703.1,1713.2,1684.2,1710.7,137416
05/28/2020,1725,1743.7,1720,1728.3,164817
05/29/2020,1732.7,1754.5,1725.3,1751.7,147014
06/01/2020,1749.8,1761,1737.6,1750.3,146131
06/02/2020,1750.3,1757,1728,1734,175351
06/03/2020,1733.7,1738.9,1690.3,1704.8,256523
06/04/2020,1702.8,1729,1698.9,1727.4,198723
06/05/2020,1720.8,1723.2,1671.7,1683,267086
06/08/2020,1686.7,1707.6,1680.7,1705.1,154767
06/09/2020,1703.9,1729.4,1697.6,1721.9,182910
06/10/2020,1718.9,1749.4,1714.1,1720.7,198763
06/11/2020,1746.6,1754.9,1727.5,1739.8,205348
06/12/2020,1733.6,1753,1728.2,1737.3,148176
06/15/2020,1740.7,1743.8,1706.2,1727.2,200225
06/16/2020,1732.3,1741.3,1721.8,1736.5,182423
06/17/2020,1735.3,1739.3,1717.3,1735.6,140069
06/18/2020,1735.5,1749.2,1722.7,1731.1,155912
06/19/2020,1729.8,1760.9,1728.3,1753,174981
06/22/2020,1765.8,1779,1753.5,1766.4,228682
06/23/2020,1764.9,1786.8,1758.3,1782,194678
06/24/2020,1784.4,1796.1,1770.6,1775.1,239533
06/25/2020,1772.3,1779.6,1764.1,1770.6,152200
06/26/2020,1774.8,1786.2,1754,1780.3,195963
06/29/2020,1789.2,1790.4,1776.5,1781.2,130505
06/30/2020,1784.2,1804,1774.8,1800.5,199417
07/01/2020,1798.9,1807.7,1767.9,1779.9,263254
07/02/2020,1779,1791.7,1766.3,1790,186306
07/06/2020,1787.9,1799,1779.2,1793.5,184653
07/07/2020,1793.9,1810.8,1781.2,1809.9,221733
07/08/2020,1807.9,1829.8,1803.8,1820.6,247500
07/09/2020,1818.8,1825.5,1799.6,1803.8,283371
07/10/2020,1808.4,1817,1796.5,1801.9,208264
07/13/2020,1803.4,1818.8,1802.1,1814.1,230398
07/14/2020,1805.2,1815,1791.1,1813.4,253207
07/15/2020,1811.1,1819.5,1804,1813.8,183055
07/16/2020,1813.1,1816.2,1794.1,1800.3,196566
07/17/2020,1796.9,1813.9,1795.2,1810,162684
07/20/2020,1812.3,1823.4,1806.6,1817.4,177739
07/21/2020,1819.6,1844.9,1817.2,1843.9,271085
07/22/2020,1842.8,1871.8,1842.1,1865.1,382234
07/23/2020,1871.6,1897.7,1863.1,1890,418749
07/24/2020,1884.9,1904.6,1880.5,1897.5,288088
07/27/2020,1901.2,1941.9,1899,1931,428229
07/28/2020,1937.1,1974.7,1900.2,1944.6,434445
07/29/2020,1950.6,1974.9,1935.2,1953.4,209835
07/30/2020,1986.4,1987.3,1952.3,1966.8,271380
07/31/2020,1973.6,2005.4,1971.4,1985.9,275460
08/03/2020,1997.4,2009.5,1975.2,1986.3,178754
08/04/2020,1993.5,2037.7,1982.6,2021,274420
08/05/2020,2037,2070.3,2027.5,2049.3,366379
08/06/2020,2055,2081.8,2049,2069.4,312758
08/07/2020,2076.4,2089.2,2024.8,2028,391017
08/10/2020,2044.8,2060.8,2027.8,2039.7,251306
08/11/2020,2038.4,2040.5,1911.3,1946.3,565001
08/12/2020,1921.6,1961,1874.2,1949,459842
08/13/2020,1927.3,1974.8,1923,1970.4,349891
08/14/2020,1963.8,1970,1939.1,1949.8,237092
08/17/2020,1956.4,2000.8,1939.1,1998.7,289437
08/18/2020,1993.6,2024.6,1985.2,2013.1,361475
08/19/2020,2010.5,2015.6,1930.5,1970.3,443256
08/20/2020,1934.4,1963.1,1928.9,1946.5,383338
08/21/2020,1955.6,1963.1,1916.6,1947,352773
08/24/2020,1947.9,1970.3,1930.8,1939.2,286258
08/25/2020,1935.9,1944.1,1919.1,1923.1,274113
08/26/2020,1939,1963.4,1908.4,1952.5,342207
08/27/2020,1963,1987,1914.7,1932.6,467170
08/28/2020,1937.5,1983,1928.2,1974.9,329609
08/31/2020,1973.9,1985.8,1962.3,1978.6,245105
09/01/2020,1973.7,2001.2,1969.2,1978.9,304894
09/02/2020,1976.8,1980.4,1938.9,1944.7,332591
09/03/2020,1948.9,1956.6,1927.2,1937.8,303029
09/04/2020,1938,1956.6,1921.6,1934.3,300921
09/08/2020,1938,1948.3,1911.7,1943.2,416013
09/09/2020,1939.4,1959.7,1926.3,1954.9,227182
09/10/2020,1955.3,1975.2,1948.6,1964.3,271478
09/11/2020,1953.8,1963.4,1944,1947.9,202859
09/14/2020,1948.9,1972.5,1945.2,1963.7,200091
09/15/2020,1966.2,1982.4,1955.6,1966.2,239538
09/16/2020,1961.4,1983.8,1957.2,1970.5,298385
09/17/2020,1967.6,1969.3,1938.2,1949.9,273140
09/18/2020,1951.1,1968.2,1951.1,1962.1,174242
09/21/2020,1957.3,1962.9,1885.4,1910.6,386667
09/22/2020,1918.1,1925.5,1898.9,1907.6,282714
09/23/2020,1905.1,1909.9,1856,1868.4,411558
09/24/2020,1866.9,1880.9,1851,1876.9,345036
09/25/2020,1872.7,1879.3,1854.1,1866.3,226076
09/28/2020,1862.7,1888.2,1851.1,1882.3,235915
09/29/2020,1886.4,1904.8,1880.8,1903.2,217795
09/30/2020,1903.2,1908.2,1885.8,1895.5,259868
10/01/2020,1891.2,1917.9,1890,1916.3,262086
10/02/2020,1911,1923.6,1895.2,1907.6,209696
10/05/2020,1910.9,1924.9,1891.2,1920.1,177587
10/06/2020,1917.8,1927,1878.2,1908.8,219440
10/07/2020,1882.6,1902.4,1877.1,1890.8,188588
10/08/2020,1890.6,1905.3,1885.3,1895.1,185453
10/09/2020,1898.4,1936.8,1898,1926.2,224808
10/12/2020,1935,1939.4,1923.8,1928.9,157212
10/13/2020,1927.3,1930.6,1889.3,1894.6,267538
10/14/2020,1895.4,1917.5,1885,1907.3,188302
10/15/2020,1906,1913.2,1892.7,1908.9,213574
10/16/2020,1912.7,1918.7,1901.1,1906.4,144094
10/19/2020,1903.2,1923.4,1900.2,1911.7,159852
10/20/2020,1906.4,1917.6,1896.6,1915.4,163912
10/21/2020,1911.6,1936,1911.6,1929.5,201272
10/22/2020,1927.4,1929.4,1894.2,1904.6,215581
10/23/2020,1906.5,1917.3,1895.2,1905.2,168148
10/26/2020,1906,1911.1,1892.5,1905.7,166313
10/27/2020,1904.4,1913.8,1898.7,1911.9,153297
10/28/2020,1909.8,1912.6,1869.1,1879.2,297085
10/29/2020,1877.5,1885.1,1859.2,1868,225159
10/30/2020,1867.9,1890.9,1863.3,1879.9,207865
11/02/2020,1877,1897.1,1873.3,1892.5,164943
11/03/2020,1896.4,1912.2,1887.6,1910.4,171368
11/04/2020,1910.3,1917.9,1881.8,1896.2,293946
11/05/2020,1903.4,1954.3,1902.2,1946.8,297512
11/06/2020,1950,1961.8,1937.2,1951.7,233903
11/09/2020,1956,1966.1,1848,1854.4,496088
11/10/2020,1864.1,1888.9,1858.9,1876.4,264872
11/11/2020,1876.1,1882.5,1853.9,1861.6,215170
11/12/2020,1863.9,1883,1860.7,1873.3,209934
11/13/2020,1875.6,1895.8,1872.1,1886.2,158776
11/16/2020,1886.6,1898,1861.5,1887.8,222937
11/17/2020,1888.2,1892.7,1876.3,1885.1,160884
11/18/2020,1879.5,1884.2,1860.3,1873.9,209000
11/19/2020,1872,1872.6,1850,1861.5,222347
11/20/2020,1864.8,1879.2,1859.1,1872.4,180515
11/23/2020,1869.8,1875,1828,1837.8,319657
11/24/2020,1835.7,1836.9,1797.1,1804.6,367879
11/25/2020,1805.2,1816.3,1798.6,1805.5,205754
11/27/2020,1812.1,1822.6,1776.5,1788.1,277091
11/30/2020,1790.8,1793.3,1767.2,1780.9,242726
12/01/2020,1780.3,1821.1,1778.4,1818.9,203653
12/02/2020,1819.1,1835.7,1810.5,1830.2,185323
12/03/2020,1833.9,1847.4,1826.7,1841.1,180357
12/04/2020,1844.7,1852.7,1832,1840,167301
12/07/2020,1841.1,1873,1824.8,1866,209042
12/08/2020,1866.1,1879.8,1863.9,1874.9,151792
12/09/2020,1875.4,1875.9,1828.2,1838.5,219587
12/10/2020,1843,1854.2,1831.5,1837.4,164803
12/11/2020,1840,1851.8,1826.8,1843.6,150634
12/14/2020,1845,1845.6,1820,1832.1,168491
12/15/2020,1830.5,1859.3,1828.5,1855.3,173607
12/16/2020,1857.7,1870,1848.2,1859.1,199679
12/17/2020,1868.4,1902,1865.9,1890.4,219866
12/18/2020,1891.3,1895.7,1881.9,1888.9,149960
12/21/2020,1892.9,1912,1859,1882.8,232045
12/22/2020,1883,1889.4,1863.7,1870.3,176016
12/23/2020,1865.6,1883.7,1860.9,1878.1,162537
12/24/2020,1877.3,1887.4,1873.1,1883.2,89405
12/28/2020,1887,1904.1,1873,1880.4,196760
12/29/2020,1878,1891.3,1875.6,1882.9,149267
12/30/2020,1881.8,1899,1879.5,1893.4,133658
12/31/2020,1899,1904.9,1889.1,1895.1,130631
01/04/2021,1908.2,1948.7,1906.1,1946.6,273370
01/05/2021,1946,1957,1938.4,1954.4,201945
01/06/2021,1952.8,1962.5,1902.6,1908.6,366605
01/07/2021,1921.5,1929.6,1907.5,1913.6,199982
01/08/2021,1915.2,1918.4,1827.8,1835.4,422485
01/11/2021,1849.4,1856,1817.1,1850.8,268363
01/12/2021,1845.4,1864,1835.8,1844.2,240656
01/13/2021,1855,1863,1841.6,1854.9,225988
01/14/2021,1845.6,1857.6,1826.6,1851.4,257661
01/15/2021,1847.3,1856.6,1822.1,1829.9,224725
01/19/2021,1828.8,1845,1800.8,1840.2,331589
01/20/2021,1839.9,1872,1831.1,1866.5,274396
01/21/2021,1871,1874.6,1857.5,1865.9,196937
01/22/2021,1870.1,1870.8,1836.3,1856.2,244507
01/25/2021,1855.3,1867.4,1846.2,1855.2,211978
01/26/2021,1854.9,1860.8,1847.2,1850.9,170259
01/27/2021,1849.7,1851.5,1828.4,1844.9,195540
01/28/2021,1847.2,1867,1835.6,1841.2,277592
01/29/2021,1845.6,1878.9,1841.2,1850.3,269474
02/01/2021,1865,1876,1851.7,1863.9,242045
02/02/2021,1863.6,1866.3,1830.4,1833.4,235995
02/03/2021,1838.5,1845.9,1830.1,1835.1,137228
02/04/2021,1834.5,1835.7,1784.6,1791.2,279616
02/05/2021,1794.3,1816,1792.2,1813,202612
02/08/2021,1818.1,1840.6,1807.3,1834.2,177562
02/09/2021,1832.4,1849.5,1830.3,1837.5,154392
02/10/2021,1838.3,1856.6,1834,1842.7,176443
02/11/2021,1844.3,1848.6,1821.7,1826.8,147019
02/12/2021,1825.4,1831.5,1810.1,1823.2,169671
02/16/2021,1826,1827.1,1788.1,1799,355922
02/17/2021,1793.1,1794.2,1767.9,1772.8,257335
02/18/2021,1776,1788.8,1766.6,1775,224767
02/19/2021,1774.6,1790.9,1759,1777.4,247288
02/22/2021,1782,1812.4,1778.6,1808.4,221198
02/23/2021,1809.3,1815.2,1794.5,1805.9,191147
02/24/2021,1805,1813,1782.2,1797.9,224060
02/25/2021,1804.9,1805,1763.9,1775.4,316252
02/26/2021,1770.9,1773.8,1714.9,1728.8,351549
03/01/2021,1732.8,1757.4,1717.2,1723,241917
03/02/2021,1722.8,1737.8,1704.6,1733.6,235964
03/03/2021,1736.5,1739.1,1699.4,1715.8,255653
03/04/2021,1708.4,1721.6,1687.6,1700.7,277449
03/05/2021,1695.3,1705.7,1683,1698.5,254927
03/08/2021,1701.6,1712,1673.3,1678,273905
03/09/2021,1679.3,1718.7,1676.7,1716.9,248946
03/10/2021,1714.5,1725.3,1705.6,1721.8,226890
03/11/2021,1725,1738,1716.8,1722.6,215341
03/12/2021,1720.5,1728,1696.6,1719.8,222995
03/15/2021,1726.5,1733.2,1719.2,1729.2,163045
03/16/2021,1730.7,1740.5,1724.4,1730.9,173891
03/17/2021,1730,1750.6,1722,1727.1,220553
03/18/2021,1744,1754.2,1716.6,1732.5,251758
03/19/2021,1733.7,1746.1,1727.1,1741.7,210032
03/22/2021,1745.6,1747,1726.4,1738.1,196311
03/23/2021,1738.5,1742,1722.7,1725.1,226204
03/24/2021,1725.9,1737.7,1722.3,1733.2,186524
03/25/2021,1733.2,1744.8,1720.3,1725.1,226207
03/26/2021,1725.5,1735.5,1718.8,1732.3,171053
03/29/2021,1731.5,1732.6,1703.3,1712.2,135457
03/30/2021,1713,1714.8,1678.3,1686,225871
03/31/2021,1685.9,1716.3,1677.3,1715.6,210770
04/01/2021,1709,1732,1706.4,1728.4,170430
04/02/2021,1728.4,1728.4,1728.4,1728.4,0
04/05/2021,1730,1734.4,1721.6,1728.8,101746
04/06/2021,1729.2,1746.7,1728.2,1743,152598
04/07/2021,1744.4,1745.4,1731.2,1741.6,122802
04/08/2021,1738.6,1759.4,1733.6,1758.2,144574
04/09/2021,1756.5,1758.2,1730.8,1744.8,165011
04/12/2021,1744.5,1746.2,1727,1732.7,125360
04/13/2021,1732.2,1749.5,1723.2,1747.6,175594
04/14/2021,1746.4,1750.7,1732.3,1736.3,145260
04/15/2021,1736.6,1770.6,1734.4,1766.8,198143
04/16/2021,1764.8,1784.7,1760.3,1780.2,167944
04/19/2021,1778.8,1790.4,1766.6,1770.6,180726
04/20/2021,1770.5,1780.8,1763.5,1778.4,169041
04/21/2021,1779.1,1798.4,1776.6,1793.1,173968
04/22/2021,1794.5,1798.1,1777.1,1782,163753
04/23/2021,1784,1796.3,1769.5,1777.8,171772
04/26/2021,1776.1,1783.1,1768.2,1780.1,143358
04/27/2021,1781.1,1785.9,1773.9,1778.8,147945
04/28/2021,1776.4,1782.7,1761.8,1773.9,198578
04/29/2021,1781.9,1789.9,1754.6,1768.3,231520
04/30/2021,1772.4,1773.3,1763.3,1767.7,160763
05/03/2021,1768.1,1798.9,1765.6,1791.8,204543
05/04/2021,1793.2,1799.5,1769.2,1776,246585
05/05/2021,1778.4,1788.1,1769.3,1784.3,178811
05/06/2021,1787,1818.6,1781.8,1815.7,287629
05/07/2021,1815.4,1844.6,1813.4,1831.3,332450
05/10/2021,1835.4,1846.3,1830.5,1837.6,269707
05/11/2021,1836.2,1842.5,1817.8,1836.1,311104
05/12/2021,1838.2,1844.7,1813,1822.8,339207
05/13/2021,1816.2,1829.1,1808.4,1824,249928
05/14/2021,1826.4,1847.1,1819,1838.1,222090
05/17/2021,1845.9,1869.3,1841.1,1867.6,267705
05/18/2021,1867.3,1875.9,1863.5,1868,229016
05/19/2021,1870.2,1891.3,1852.2,1881.5,398212
05/20/2021,1869.9,1885.3,1864.2,1881.9,223568
05/21/2021,1878.1,1890.3,1870.3,1876.7,231235
05/24/2021,1883.5,1887.9,1875.7,1884.5,183312
05/25/2021,1881.2,1901.2,1873.2,1898,316673
05/26/2021,1900,1913.3,1890.7,1901.2,170526
05/27/2021,1899.3,1906.5,1890.8,1898.5,211786
05/28/2021,1899.8,1908.8,1884.3,1905.3,194069
06/01/2021,1906.8,1919.2,1894.5,1905,290653
06/02/2021,1903,1911.8,1896.4,1909.9,166036
06/03/2021,1910.5,1912.3,1866.7,1873.3,278578
06/04/2021,1872.7,1899,1855.6,1892,224522
06/07/2021,1894.3,1902.9,1883.7,1898.8,146018
06/08/2021,1901.6,1906.9,1885.7,1894.4,173604
06/09/2021,1894.4,1901.7,1889.3,1895.5,147332
06/10/2021,1891.4,1903,1871.8,1896.4,250551
06/11/2021,1901.9,1906.2,1876.1,1879.6,213681
06/14/2021,1879.6,1879.7,1845.7,1865.9,242302
06/15/2021,1867.8,1870.9,1853,1856.4,155343
06/16/2021,1861,1866,1804.4,1861.4,234104
06/17/2021,1812.3,1826.4,1767.9,1774.8,385888
06/18/2021,1773.9,1797.9,1761.2,1769,254641
06/21/2021,1764.3,1786.9,1764.1,1782.9,195523
06/22/2021,1783.2,1790.1,1771.2,1777.4,172745
06/23/2021,1779.1,1795.6,1773.1,1783.4,179273
06/24/2021,1778.2,1788.6,1772.7,1776.7,152232
06/25/2021,1775.7,1791,1773.6,1777.8,158121
06/28/2021,1782,1786.1,1770.4,1780.7,160788
06/29/2021,1778.8,1779.2,1750.1,1763.6,239910
06/30/2021,1761.9,1774.7,1753.2,1771.6,177887
07/01/2021,1770.8,1783.4,1765.9,1776.8,171443
07/02/2021,1777.5,1795.9,1774.4,1783.3,202365
07/06/2021,1787.5,1815.7,1784.7,1794.2,276597
07/07/2021,1797,1810.2,1794.1,1802.1,171075
07/08/2021,1803.8,1819.5,1793.5,1800.2,249340
07/09/2021,1803.2,1813,1796.6,1810.6,172928
07/12/2021,1808.5,1811,1791,1805.9,201416
07/13/2021,1806.7,1818,1798.7,1809.9,242177
07/14/2021,1808.3,1831.1,1804.9,1825,229879
07/15/2021,1828.7,1835,1820.6,1829,175611
07/16/2021,1830.7,1832.7,1809.5,1815,181535
07/19/2021,1811.6,1818,1795,1809.2,249675
07/20/2021,1813.5,1825.9,1805.2,1811.4,221136
07/21/2021,1810.6,1814.4,1794.3,1803.4,218636
07/22/2021,1803.9,1808.4,1791.9,1805.4,193318
07/23/2021,1807.7,1810.7,1789.1,1801.8,233503
07/26/2021,1802.3,1812,1796,1799.2,204547
07/27/2021,1797.1,1805.4,1792.8,1799.8,177043
07/28/2021,1798.6,1809,1790.7,1799.7,209783
07/29/2021,1811.5,1837.5,1810.9,1835.8,212065
07/30/2021,1832.5,1835.5,1813.1,1817.2,152236
08/02/2021,1817,1823.2,1808.2,1822.2,159755
08/03/2021,1816.8,1818.2,1809.5,1814.1,103450
08/04/2021,1813.7,1835.9,1808.3,1814.5,244683
08/05/2021,1814.9,1817.9,1799.7,1808.9,169840
08/06/2021,1806.7,1807,1759.5,1763.1,305778
08/09/2021,1765,1765.7,1677.9,1726.5,289543
08/10/2021,1732,1739.4,1718.5,1731.7,182561
08/11/2021,1730.4,1756.7,1724.6,1753.3,185442
08/12/2021,1752.9,1759.6,1742.6,1751.8,137119
08/13/2021,1754.4,1781.9,1753,1778.2,140689
08/16/2021,1780.9,1791.3,1772,1789.8,137698
08/17/2021,1789.1,1797.6,1782.1,1787.8,144815
08/18/2021,1787.8,1795.7,1778.8,1784.4,132725
08/19/2021,1789.5,1795,1774.6,1783.1,151245
08/20/2021,1782.8,1791,1780,1784,106495
08/23/2021,1781.2,1809.1,1778,1806.3,156318
08/24/2021,1807.6,1812.2,1802.6,1808.5,114785
08/25/2021,1805.1,1805.3,1784,1791,163463
08/26/2021,1793,1800.4,1781.3,1795.2,134534
08/27/2021,1795.2,1821.9,1785.2,1819.5,198760
08/30/2021,1821.6,1826.5,1810,1812.2,104875
08/31/2021,1812.2,1821.9,1803.4,1818.1,170387
09/01/2021,1816.7,1822.7,1810.6,1816,140116
09/02/2021,1816.2,1819.6,1806.5,1811.5,113025
09/03/2021,1811.5,1836.9,1810.9,1833.7,181932
09/07/2021,1833.5,1833.5,1793.7,1798.5,252475
09/08/2021,1796.1,1804.4,1783.1,1793.5,161258
09/09/2021,1790.9,1803.4,1785.1,1800,154126
09/10/2021,1796.2,1806,1788.2,1792.1,134148
09/13/2021,1789.8,1800.2,1784.4,1794.4,114310
09/14/2021,1794.8,1810.6,1780.6,1807.1,197954
09/15/2021,1806.6,1808.5,1791.7,1794.8,139297
09/16/2021,1795.5,1797.3,1745.5,1756.7,255267
09/17/2021,1754.6,1767.8,1747.1,1751.4,180673
09/20/2021,1754.2,1768.4,1742.3,1763.8,152451
09/21/2021,1765.5,1782.8,1758.3,1778.2,141622
09/22/2021,1775,1788.4,1764.6,1778.8,172348
09/23/2021,1769.2,1777.1,1737.5,1749.8,225456
09/24/2021,1743.7,1758,1740.2,1751.7,147736
09/27/2021,1751.8,1760.9,1744.7,1752,137574
09/28/2021,1750,1754.3,1727.8,1737.5,215840
09/29/2021,1734,1746,1721.1,1722.9,177389
09/30/2021,1726,1765,1721.8,1757,246365
10/01/2021,1757.2,1765.2,1749.9,1758.4,148890
10/04/2021,1762.6,1771.5,1747.7,1767.6,166180
10/05/2021,1770.8,1771.1,1748.6,1760.9,150083
10/06/2021,1760.5,1765.9,1745.4,1761.8,159218
10/07/2021,1763.8,1767.7,1752,1759.2,146406
10/08/2021,1757,1782.4,1753.6,1757.4,234810
10/11/2021,1757.4,1761.1,1749.9,1755.7,114771
10/12/2021,1753.6,1770,1750.5,1759.3,168110
10/13/2021,1760.4,1797.4,1757.9,1794.7,299041
10/14/2021,1793.6,1801.9,1787.6,1797.9,164651
10/15/2021,1797.3,1797.7,1765.1,1768.3,199306
10/18/2021,1767.5,1772.5,1760.3,1765.7,152741
10/19/2021,1764.8,1786,1763.4,1770.5,166972
10/20/2021,1769.4,1789.6,1767.1,1784.9,174076
10/21/2021,1782.5,1790.3,1776.8,1781.9,138729
10/22/2021,1783.7,1815.5,1783.4,1796.3,301766
10/25/2021,1794.2,1811.5,1793,1806.8,153589
10/26/2021,1808.7,1809.8,1783,1793.4,197929
10/27/2021,1795,1801,1784.3,1798.8,182801
10/28/2021,1798.7,1812.7,1793.1,1802.6,220876
10/29/2021,1801.5,1802.9,1772.4,1783.9,248553
11/01/2021,1785.3,1797.5,1780.2,1795.8,143332
11/02/2021,1794.8,1797.8,1787.4,1789.4,145786
11/03/2021,1789.2,1789.3,1758.5,1763.9,257427
11/04/2021,1769.9,1800.3,1769.3,1793.5,222609
11/05/2021,1792.6,1820.1,1785.3,1816.8,276580
11/08/2021,1820.6,1828.3,1813.8,1828,200412
11/09/2021,1826.9,1834.8,1821,1830.8,224407
11/10/2021,1834.5,1870.6,1823,1848.3,352787
11/11/2021,1851.5,1868.7,1845.1,1863.9,205312
11/12/2021,1864.3,1871.4,1847.5,1868.5,192007
11/15/2021,1872.6,1873,1858.5,1866.6,221208
11/16/2021,1864.9,1879.5,1851,1854.1,220431
11/17/2021,1851.6,1870.6,1851.1,1870.2,172417
11/18/2021,1869.5,1873.3,1856.6,1861.4,186062
11/19/2021,1860.8,1868.1,1844.2,1851.6,230721
11/22/2021,1848.3,1850.4,1802.4,1806.3,352857
11/23/2021,1807.1,1812.5,1781.7,1783.8,311348
11/24/2021,1789.8,1796.2,1777.4,1784.3,203236
11/26/2021,1789.6,1816.3,1778.6,1785.5,181967
11/29/2021,1795.2,1801.5,1782,1785.2,151365
11/30/2021,1786.9,1811.4,1771.2,1776.5,242861
12/01/2021,1777.4,1795.7,1773.7,1784.3,180336
12/02/2021,1783.8,1785.2,1762.2,1762.7,172719
12/03/2021,1769.4,1788,1766,1783.9,170092
12/06/2021,1787.7,1789,1776.4,1779.5,104477
12/07/2021,1779.5,1789.3,1772.4,1784.7,129894
12/08/2021,1785.1,1794.3,1780.1,1785.5,109692
12/09/2021,1784.3,1788.4,1773.3,1776.7,123974
12/10/2021,1776.3,1791,1770.4,1784.8,140032
12/13/2021,1784.2,1792.8,1782.2,1788.3,106057
12/14/2021,1787.6,1789.8,1766.1,1772.3,153249
12/15/2021,1771.9,1781.3,1753,1764.5,161101
12/16/2021,1777.9,1800.7,1775.7,1798.2,167777
12/17/2021,1801.5,1815.7,1796.5,1804.9,152640
12/20/2021,1800.2,1804.6,1789,1794.6,105386
12/21/2021,1791.4,1801.7,1785,1788.7,134154
12/22/2021,1789.4,1806.3,1785.8,1802.2,110408
12/23/2021,1805.6,1812,1799,1811.7,104844
12/27/2021,1810.2,1814.6,1803.6,1808.8,84225
12/28/2021,1812.1,1821.6,1805.5,1810.9,100542
12/29/2021,1806.6,1808,1789.1,1805.8,138685
12/30/2021,1805.6,1818.1,1796.2,1814.1,113430
12/31/2021,1817,1831.4,1815.4,1828.6,101324
01/03/2022,1830.1,1833,1798.2,1800.1,168305
01/04/2022,1801.1,1817.2,1798.1,1814.6,167708
01/05/2022,1815.2,1830.7,1808.2,1825.1,173344
01/06/2022,1810.6,1811.6,1785.4,1789.2,238644
01/07/2022,1791,1798.4,1781.3,1797.4,218941
01/10/2022,1796.4,1802,1789.3,1798.8,173043
01/11/2022,1801.3,1823.1,1799.7,1818.5,184152
01/12/2022,1821.3,1828.2,1814.4,1827.3,192979
01/13/2022,1825.7,1828.3,1811.8,1821.4,215522
01/14/2022,1822.1,1829.3,1814.2,1816.5,164913
01/18/2022,1818.7,1822.9,1804.7,1812.4,362944
01/19/2022,1812.9,1843.9,1809,1843.2,318489
01/20/2022,1840.1,1848.5,1836.2,1842.6,233862
01/21/2022,1840.6,1843.7,1828.4,1831.8,221210
01/24/2022,1835.2,1844.9,1829.3,1841.7,244325
01/25/2022,1843.6,1854.2,1834.4,1852.5,197804
01/26/2022,1848,1850.2,1814.1,1829.7,270028
01/27/2022,1819,1821.4,1790.6,1793.1,196036
01/28/2022,1799.6,1800.3,1780.6,1786.6,211839
01/31/2022,1792.8,1800.9,1785.8,1796.4,139421
02/01/2022,1798.9,1809.7,1796.2,1801.5,128880
02/02/2022,1800.8,1812,1794.6,1810.3,123021
02/03/2022,1807.4,1809.5,1788.5,1804.1,173722
02/04/2022,1805.4,1815.8,1792.1,1807.8,175521
02/07/2022,1808,1824.6,1807.5,1821.8,139808
02/08/2022,1821.5,1829.9,1816,1827.9,142408
02/09/2022,1827,1837.1,1825.5,1836.6,136722
02/10/2022,1834,1843.3,1821.8,1837.4,227458
02/11/2022,1827,1867.4,1821.1,1842.1,232425
02/14/2022,1862.2,1876.5,1851.9,1869.4,231016
02/15/2022,1873.8,1881.6,1845.4,1856.2,214880
02/16/2022,1855.5,1874.6,1851.8,1871.5,141486
02/17/2022,1872,1904,1869.7,1902,268547
02/18/2022,1901.4,1905,1888,1899.8,155484
02/22/2022,1903.5,1918.3,1889.7,1907.4,334589
02/23/2022,1901.2,1912.9,1891.1,1910.4,154843
02/24/2022,1911.9,1976.5,1878.6,1926.3,423048
02/25/2022,1906.5,1925,1884.4,1887.6,220963
02/28/2022,1921,1935.2,1892.2,1900.7,249273
03/01/2022,1908.4,1952.6,1903,1943.8,223998
03/02/2022,1945.3,1951.4,1916,1922.3,227975
03/03/2022,1931.7,1944.6,1923.1,1935.9,180207
03/04/2022,1938.5,1974.9,1931.5,1966.6,228205
03/07/2022,1978.5,2007.5,1964.2,1995.9,372185
03/08/2022,2001,2078.8,1985.8,2043.3,447651
03/09/2022,2060.2,2068.5,1981,1988.2,360345
03/10/2022,1992.8,2015.1,1975,2000.4,303267
03/11/2022,2000.3,2004,1960.6,1985,234258
03/14/2022,1988.7,1994.8,1952,1960.8,162203
03/15/2022,1953.7,1956.9,1908.1,1929.7,220374
03/16/2022,1920.1,1930.1,1895.2,1909.2,195460
03/17/2022,1928.4,1951,1924,1943.2,149829
03/18/2022,1943.9,1946.2,1918,1929.3,144678
03/21/2022,1922.4,1941.8,1917.2,1929.5,146411
03/22/2022,1936.1,1939.5,1909.8,1921.5,153282
03/23/2022,1920.9,1948.8,1915.6,1937.3,153306
03/24/2022,1944.1,1967.2,1937.4,1962.2,181204
03/25/2022,1957.8,1965.1,1942.6,1954.2,144571
03/28/2022,1958.7,1959.8,1915.7,1939.8,181367
03/29/2022,1922.4,1929.4,1888.3,1912.2,128051
03/30/2022,1924,1943.4,1920.1,1939,136041
03/31/2022,1937.3,1955,1923,1954,155299
04/01/2022,1942.4,1944.5,1921.4,1923.7,129770
04/04/2022,1927.1,1941.6,1918.2,1934,108435
04/05/2022,1937.3,1948.9,1920.9,1927.5,147256
04/06/2022,1927.6,1937.6,1916.2,1923.1,153971
04/07/2022,1928.1,1941.7,1923.3,1937.8,122809
04/08/2022,1934.3,1952.2,1930.4,1945.6,138521
04/11/2022,1949.6,1974.6,1942.9,1948.2,184385
04/12/2022,1957.4,1982.7,1953,1976.1,172386
04/13/2022,1970.5,1985.8,1966.3,1984.7,132029
04/14/2022,1981.6,1984,1962.7,1974.9,139424
04/18/2022,1978.5,2003,1974.4,1986.4,138130
04/19/2022,1981.2,1985.1,1945.5,1959,181440
04/20/2022,1952.7,1960.9,1941,1955.6,139507
04/21/2022,1960,1960.1,1938,1948.2,154919
04/22/2022,1953.1,1957.8,1928,1934.3,172335
04/25/2022,1931.9,1935.5,1891.8,1896,231494
04/26/2022,1899.8,1912.2,1896.3,1904.1,166199
04/27/2022,1907.4,1908.1,1881.6,1888.7,178197
04/28/2022,1886.8,1897.8,1870.9,1891.3,170910
04/29/2022,1895.8,1921.3,1893.5,1911.7,169590
05/02/2022,1896.2,1900.4,1853.4,1863.6,193825
05/03/2022,1863.6,1878.4,1849.7,1870.6,167434
05/04/2022,1868.3,1892,1861.1,1868.8,161479
05/05/2022,1884.1,1910.7,1872.3,1875.7,218392
05/06/2022,1877.5,1894,1865,1882.8,165627
05/09/2022,1883.7,1885.6,1851,1858.6,218821
05/10/2022,1853.9,1864.7,1834.5,1841,260811
05/11/2022,1836.6,1857.8,1830.6,1853.7,243561
05/12/2022,1852.3,1858.8,1820.1,1824.6,255608
05/13/2022,1821.4,1827.6,1797.2,1808.2,172127
05/16/2022,1809.4,1826,1785,1814,159493
05/17/2022,1823.9,1834.8,1811,1818.9,137288
05/18/2022,1813.2,1822.9,1805,1815.9,150353
05/19/2022,1815.1,1848.2,1808.4,1841.2,175242
05/20/2022,1839.6,1847.8,1830.6,1842.1,139544
05/23/2022,1844.4,1864.3,1843.3,1847.8,163266
05/24/2022,1852.3,1869.1,1847.6,1865.4,174762
05/25/2022,1865.4,1866.7,1838.7,1846.3,182823
05/26/2022,1851.8,1852.8,1836.3,1847.6,123355
05/27/2022,1855.1,1866.9,1851.9,1857.3,119997
05/31/2022,1856.5,1867.9,1837.6,1848.4,201803
06/01/2022,1840,1853,1830.2,1848.7,158036
06/02/2022,1849.9,1874.4,1846.5,1871.4,127471
06/03/2022,1872.6,1878.6,1849.7,1850.2,110502
06/06/2022,1853.7,1861.2,1843,1843.7,103179
06/07/2022,1843.5,1858.2,1838.5,1852.1,119211
06/08/2022,1855,1862.4,1846.6,1856.5,114141
06/09/2022,1855.1,1857.8,1841.9,1852.8,131293
06/10/2022,1850.4,1879.6,1826.5,1875.5,258683
06/13/2022,1879,1882.5,1819,1831.8,252543
06/14/2022,1820.9,1833.3,1806.1,1813.5,165146
06/15/2022,1809.7,1845.4,1808.4,1819.6,203421
06/16/2022,1835.8,1860.2,1816.3,1849.9,180893
06/17/2022,1859.3,1861.5,1836.1,1840.6,137967
06/21/2022,1840.6,1848.4,1830.7,1838.8,176299
06/22/2022,1834.9,1850.3,1824.5,1838.4,149553
06/23/2022,1839.7,1848.9,1823.5,1829.8,167071
06/24/2022,1824.2,1833.7,1817.7,1830.3,134283
06/27/2022,1839.6,1842.8,1821.8,1824.8,143820
06/28/2022,1823.6,1830.9,1819.1,1821.2,111397
06/29/2022,1821.4,1834.9,1810.7,1817.5,155542
06/30/2022,1819.2,1826.8,1802.5,1807.3,208898
07/01/2022,1808.1,1813.6,1783.4,1801.5,238651
07/05/2022,1814.4,1815.2,1763,1763.9,310369
07/06/2022,1764.2,1771.5,1730.7,1736.5,258824
07/07/2022,1737.2,1748.2,1734.7,1739.7,151256
07/08/2022,1738.7,1751.7,1726,1742.3,166939
07/11/2022,1741.5,1743,1729,1731.7,171902
07/12/2022,1731.3,1742.2,1721.6,1724.8,255170
07/13/2022,1723.6,1744.3,1704.5,1735.5,300550
07/14/2022,1733.6,1734.8,1695,1705.8,266354
07/15/2022,1708.2,1714.2,1696.6,1703.6,172240
07/18/2022,1706.4,1722,1704.4,1710.2,157535
07/19/2022,1707.2,1716.5,1702.6,1710.7,131771
07/20/2022,1709.5,1712.7,1690.1,1700.2,174466
07/21/2022,1693.7,1719.5,1678.4,1713.4,248875
07/22/2022,1717.2,1738.3,1711.7,1727.4,195801
07/25/2022,1726.3,1734.6,1712.9,1719.1,160719
07/26/2022,1717.9,1726.4,1711.5,1717.7,147367
07/27/2022,1715.2,1739.6,1709.1,1719.1,144865
07/28/2022,1751.4,1774.4,1750.4,1769.2,192863
07/29/2022,1773.1,1784.6,1768.4,1781.8,136893
08/01/2022,1782.5,1792.5,1774.3,1787.7,133742
08/02/2022,1789.2,1805,1776,1789.7,174165
08/03/2022,1777.3,1789.4,1770,1776.4,151734
08/04/2022,1782.1,1812,1779.4,1806.9,153292
08/05/2022,1807.7,1811.6,1780.2,1791.2,164173
08/08/2022,1790.3,1806.4,1786.9,1805.2,103683
08/09/2022,1805.5,1817,1799.4,1812.3,120510
08/10/2022,1811.5,1824.6,1803.3,1813.7,154592
08/11/2022,1807.9,1814.9,1798.6,1807.2,121259
08/12/2022,1805.2,1819.1,1799.6,1815.5,114600
08/15/2022,1818.9,1818.9,1787.6,1798.1,137765
08/16/2022,1795.5,1798,1785.4,1789.7,94403
08/17/2022,1790.8,1796.6,1773.9,1776.7,137832
08/18/2022,1777.1,1786.3,1768.8,1771.2,124319
08/19/2022,1773.1,1773.3,1759.1,1762.9,133714
08/22/2022,1760.6,1762.1,1740.2,1748.4,142857
08/23/2022,1750,1767.5,1743.1,1761.2,145260
08/24/2022,1761.3,1769.5,1754.8,1761.5,112645
08/25/2022,1764.4,1778.8,1763,1771.4,117570
08/26/2022,1771.8,1772.3,1746.2,1749.8,169654
08/29/2022,1748.4,1757.9,1731.4,1749.7,156220
08/30/2022,1749.8,1752.8,1732.9,1736.3,130664
08/31/2022,1735.5,1738,1720.6,1726.2,176731
09/01/2022,1723,1723,1699.1,1709.3,198618
09/02/2022,1707.8,1729.5,1705.9,1722.6,171140
09/06/2022,1724.2,1737.4,1710.6,1712.9,202021
09/07/2022,1712.9,1731.2,1701.7,1727.8,173624
09/08/2022,1729.5,1739.4,1713.7,1720.2,184176
09/09/2022,1719.6,1740.5,1719.4,1728.6,151576
09/12/2022,1728.4,1746.4,1722.3,1740.6,154374
09/13/2022,1736,1742.9,1706.7,1717.4,232696
09/14/2022,1711.6,1717.3,1703.3,1709.1,163288
09/15/2022,1707.2,1707.8,1668.9,1677.3,268094
09/16/2022,1673.7,1689.9,1661.9,1683.5,209506
09/19/2022,1685.4,1688.8,1667.6,1678.2,141171
09/20/2022,1684.9,1688.8,1668.1,1671.1,143933
09/21/2022,1673.2,1696.9,1661.3,1675.7,227938
09/22/2022,1682.8,1693.5,1663.3,1681.1,241279
09/23/2022,1680.1,1685,1646.6,1655.6,236570
09/26/2022,1651,1657.2,1627.7,1633.4,219861
09/27/2022,1629.2,1650.1,1628.7,1636.2,197058
09/28/2022,1636.5,1671.6,1622.2,1670,279817
09/29/2022,1669,1673.1,1649.3,1668.6,201961
09/30/2022,1669.5,1684.4,1667.5,1672,173144
10/03/2022,1670.5,1710.4,1666.5,1702,215493
10/04/2022,1708.4,1738.7,1704,1730.5,205084
10/05/2022,1734.4,1736.6,1708.8,1720.8,173222
10/06/2022,1725.5,1734.2,1714.8,1720.8,139443
10/07/2022,1721,1722.8,1698.4,1709.3,153813
10/10/2022,1703.4,1707.4,1672.5,1675.2,157149
10/11/2022,1675.6,1691.3,1667.5,1686,171814
10/12/2022,1673.4,1685.1,1668,1677.5,131769
10/13/2022,1680.2,1688.9,1648.3,1677,237007
10/14/2022,1672.8,1677.8,1645.6,1648.9,177972
10/17/2022,1649.9,1674.3,1649.1,1664,148889
10/18/2022,1655.9,1666,1650.6,1655.8,163168
10/19/2022,1657.2,1659.8,1632.2,1634.2,179246
10/20/2022,1634.6,1650.3,1626.3,1636.8,163734
10/21/2022,1632.4,1663.1,1621.1,1656.3,265985
10/24/2022,1662.9,1675.5,1648,1654.1,171022
10/25/2022,1654.5,1666.8,1641.2,1658,182795
10/26/2022,1657.7,1679.4,1653.8,1669.2,186926
10/27/2022,1668.8,1674.8,1658.5,1665.6,189287
10/28/2022,1667.2,1670.9,1640.7,1644.8,192695
10/31/2022,1647.2,1648.5,1634.5,1640.7,128413
11/01/2022,1636.1,1660.3,1633.6,1649.7,197976
11/02/2022,1651.4,1673.1,1637.4,1650,220926
11/03/2022,1639.1,1643.2,1618.3,1630.9,254699
11/04/2022,1631.7,1686.4,1631.1,1676.6,285985
11/07/2022,1678.6,1685.6,1670,1680.5,187589
11/08/2022,1678,1720.4,1667.1,1716,297618
11/09/2022,1715.2,1725.8,1705.1,1713.7,239645
11/10/2022,1709.7,1760.6,1705.5,1753.7,305717
11/11/2022,1758.3,1775.6,1750.3,1769.4,208592
11/14/2022,1769.4,1778.4,1755.8,1776.9,191347
11/15/2022,1774,1791.8,1770.2,1776.8,283019
11/16/2022,1782,1788.2,1773.4,1775.8,200755
11/17/2022,1777,1777.6,1756.6,1763,169097
11/18/2022,1763.1,1769.9,1749.2,1754.4,135129
11/21/2022,1752,1755,1733.9,1739.6,166082
11/22/2022,1739.7,1751,1737.6,1739.9,153092
11/23/2022,1740.8,1754.9,1719,1745.6,167770
11/25/2022,1751,1761.2,1745.9,1754,132426
11/28/2022,1755,1763.5,1738.2,1740.3,132767
11/29/2022,1754.6,1773.4,1752.9,1763.7,127320
11/30/2022,1763.4,1784.2,1758.2,1759.9,192239
12/01/2022,1783.1,1818.4,1782.9,1815.2,226148
12/02/2022,1817,1818.7,1791.8,1809.6,177152
12/05/2022,1810.5,1822.9,1778.1,1781.3,179818
12/06/2022,1780.8,1793.2,1779.1,1782.4,127856
12/07/2022,1783.3,1803.2,1780.5,1798,155568
12/08/2022,1799.5,1806.9,1793.2,1801.5,116274
12/09/2022,1801.9,1819,1800.1,1810.7,145372
12/12/2022,1808,1809.3,1789,1792.3,107782
12/13/2022,1792.3,1836.9,1791.8,1825.5,230911
12/14/2022,1822.6,1825.4,1806.2,1818.7,143804
12/15/2022,1818.7,1819.7,1782,1787.8,185317
12/16/2022,1786.9,1804.2,1783.9,1800.2,126360
12/19/2022,1801.6,1808.6,1793.2,1797.7,86090
12/20/2022,1796.8,1832.4,1793.7,1825.4,197496
12/21/2022,1827.9,1833.8,1821.3,1825.4,110177
12/22/2022,1823.8,1829.3,1792.7,1795.3,175774
12/23/2022,1801,1812.2,1798.9,1804.2,100413
12/27/2022,1808.2,1841.9,1808,1823.1,159616
12/28/2022,1822.4,1822.8,1804.2,1815.8,118076
12/29/2022,1812.3,1827.3,1811.2,1826,105992
12/30/2022,1821.8,1832.4,1819.8,1826.2,103926
01/03/2023,1831.8,1856.6,1831.3,1846.1,212272
01/04/2023,1845.2,1871.3,1842,1859,198354
01/05/2023,1861.2,1864.3,1829.9,1840.6,188603
01/06/2023,1835.9,1875.2,1835.2,1869.7,208187
01/09/2023,1872.8,1886.4,1869.3,1877.8,204550
01/10/2023,1875.7,1885.2,1872,1876.5,170514
01/11/2023,1881.3,1890.9,1870.9,1878.9,222250
01/12/2023,1879.7,1906.5,1872.4,1898.8,265174
01/13/2023,1898.8,1925.3,1895.1,1921.7,226750
01/17/2023,1923.8,1931.8,1906.2,1909.9,268368
01/18/2023,1911.1,1929.8,1898.6,1907,218967
01/19/2023,1907,1936.9,1902,1923.9,214246
01/20/2023,1933.7,1939,1922,1928.2,161073
01/23/2023,1928.4,1936.7,1912.5,1928.6,190094
01/24/2023,1932,1943.8,1918.2,1935.4,201713
01/25/2023,1938.7,1949.5,1920.6,1942.6,190302
01/26/2023,1948,1949.8,1918.4,1930,223255
01/27/2023,1929.3,1935.4,1916.5,1929.4,149114
01/30/2023,1944,1950.1,1936.2,1939.2,138071
01/31/2023,1938.6,1946.9,1915.5,1945.3,194077
02/01/2023,1944,1970.8,1936.1,1942.8,210613
02/02/2023,1967.1,1975.2,1925.6,1930.8,259844
02/03/2023,1926.3,1932.4,1874.5,1876.6,296669
02/06/2023,1878,1894,1873.2,1879.5,164540
02/07/2023,1880.3,1897.2,1877.5,1884.8,179673
02/08/2023,1885.1,1898.9,1881.4,1890.7,131904
02/09/2023,1888.3,1902.3,1870.2,1878.5,183551
02/10/2023,1873.5,1883.5,1863.5,1874.5,150144
02/13/2023,1876.7,1877.2,1860.8,1863.5,131217
02/14/2023,1864.1,1881.6,1852.5,1865.4,217012
02/15/2023,1865.1,1870.9,1839.3,1845.3,169531
02/16/2023,1846.5,1854.9,1836.6,1851.8,168509
02/17/2023,1845.7,1853.1,1827.7,1850.2,161154
02/21/2023,1850.5,1856.4,1839,1842.5,210165
02/22/2023,1843.7,1855,1831.9,1841.5,141500
02/23/2023,1834.7,1841.2,1824.8,1826.8,179972
02/24/2023,1829.7,1835.1,1815.5,1817.1,162961
02/27/2023,1818,1827.3,1812,1824.9,130427
02/28/2023,1823.9,1838.6,1810.8,1836.7,184507
03/01/2023,1834,1852.5,1829.6,1845.4,182583
03/02/2023,1843.8,1845.3,1835.9,1840.5,139755
03/03/2023,1842.1,1864.4,1842,1854.6,152535
03/06/2023,1861,1864.3,1850.6,1854.6,136224
03/07/2023,1852.6,1856.9,1817.1,1820,248226
03/08/2023,1818,1828.7,1813.4,1818.6,208292
03/09/2023,1818,1839.4,1815.4,1834.6,228473
03/10/2023,1835.1,1874.3,1830,1867.2,319696
03/13/2023,1877.1,1919.5,1875.7,1916.5,452332
03/14/2023,1919.4,1919.4,1899.8,1910.9,261275
03/15/2023,1908.2,1942.5,1889.5,1931.3,385454
03/16/2023,1922.8,1938,1911.5,1923,248084
03/17/2023,1925.9,1993.7,1922.3,1973.5,338225
03/20/2023,1989.7,2014.9,1970,1982.8,338016
03/21/2023,1983.1,1988.7,1938.6,1941.1,248934
03/22/2023,1943.5,1982.3,1936.5,1949.6,245031
03/23/2023,1974,2006.1,1967.3,1995.9,262247
03/24/2023,1996.1,2006.5,1977.7,1983.8,276299
03/27/2023,1982.6,1984,1945,1953.8,206630
03/28/2023,1957.8,1977.1,1949.9,1973.5,183582
03/29/2023,1975.4,1976,1959.5,1966.9,88563
03/30/2023,1982.7,2002.4,1971.6,1997.7,171701
03/31/2023,1998,2005.5,1984.2,1986.2,155827
04/03/2023,1990,2008,1965.9,2000.4,187986
04/04/2023,2001.3,2043.4,1994,2038.2,233301
04/05/2023,2038.2,2049.2,2026.1,2035.6,197371
04/06/2023,2037.1,2037.7,2016.5,2026.4,149129
04/10/2023,2008.6,2021.5,1996.5,2003.8,136231
04/11/2023,2007,2022.5,2003.7,2019,126376
04/12/2023,2019.1,2043.9,2015.7,2024.9,228494
04/13/2023,2029.5,2063.4,2028.3,2055.3,198461
04/14/2023,2054.7,2061.6,2006,2015.8,259581
04/17/2023,2014.1,2028,1993.4,2007,183425
04/18/2023,2007.9,2024.6,2003.3,2019.7,164975
04/19/2023,2017.9,2020.3,1980.9,2007.3,218808
04/20/2023,2007.7,2024.2,2002.2,2019.1,162840
04/21/2023,2016.1,2016.8,1982.3,1990.5,205700
04/24/2023,1992,2001.5,1984.4,1999.8,139878
04/25/2023,1999.4,2014.5,1986.2,2004.5,222551
04/26/2023,2007.7,2020.2,1993.7,1996,241399
04/27/2023,1999.8,2013.3,1982,1999,203898
04/28/2023,1997.2,2004.1,1984.4,1999.1,166935
05/01/2023,2000.2,2015.4,1985.7,1992.2,173016
05/02/2023,1990.5,2028.8,1986.9,2023.3,245637
05/03/2023,2026.4,2050,2016,2037,229674
05/04/2023,2054.7,2085.4,2038.5,2055.7,311003
05/05/2023,2058,2061.3,2007,2024.8,261252
05/08/2023,2024.6,2037.1,2022,2033.2,182213
05/09/2023,2028.4,2045.1,2026.4,2042.9,199701
05/10/2023,2041.6,2056,2028.3,2037.1,260807
05/11/2023,2036.8,2047.6,2016.7,2020.5,296976
05/12/2023,2020.5,2027.8,2005.7,2019.8,214111
05/15/2023,2013.4,2027.5,2011.2,2022.7,163251
05/16/2023,2021.3,2022.7,1989.1,1993,229938
05/17/2023,1993,1997,1978.1,1984.9,206552
05/18/2023,1985.6,1988.8,1954.4,1959.8,227733
05/19/2023,1960.5,1987.4,1956.3,1981.6,228720
05/22/2023,1979.4,1984.8,1970.7,1977.2,165768
05/23/2023,1973.9,1980,1955.8,1974.5,214358
05/24/2023,1977.3,1987.9,1958.4,1964.6,229885
05/25/2023,1959.5,1965.4,1939,1943.7,253875
05/26/2023,1941.7,1957.1,1936,1944.3,163026
05/30/2023,1961.3,1981.9,1949.6,1977.1,264373
05/31/2023,1977.5,1993.1,1971.8,1982.1,207753
06/01/2023,1981.3,2000.7,1970.1,1995.5,176911
06/02/2023,1994.6,2000.5,1963.7,1969.6,204762
06/05/2023,1962.3,1980.4,1953.8,1974.3,179985
06/06/2023,1978,1982.9,1970.3,1981.5,135995
06/07/2023,1980,1986.5,1955.4,1958.4,189529
06/08/2023,1956.2,1985.7,1955.2,1978.6,191843
06/09/2023,1980.5,1987.8,1971,1977.2,127618
06/12/2023,1975.6,1981.4,1963.1,1969.7,122542
06/13/2023,1971.4,1985.9,1953,1958.6,198397
06/14/2023,1957.2,1973.9,1952.5,1968.9,199710
06/15/2023,1955.7,1972.8,1936.1,1970.7,266353
06/16/2023,1970.3,1980.4,1965.4,1971.2,157636
06/20/2023,1970.7,1971.8,1940.8,1947.7,250140
06/21/2023,1948,1950.4,1929.3,1944.9,182021
06/22/2023,1943.3,1945.1,1922,1923.7,171779
06/23/2023,1923.5,1949,1919.5,1929.6,181273
06/26/2023,1936.3,1943.4,1931.1,1933.8,147769
06/27/2023,1932.7,1940.3,1919.8,1923.8,180436
06/28/2023,1923.1,1926.1,1911.4,1922.2,162493
06/29/2023,1916.5,1921.3,1900.6,1917.9,205252
06/30/2023,1916.4,1930.8,1908.1,1929.4,174877
07/03/2023,1927.8,1939.9,1917.7,1929.5,152959
07/05/2023,1929.1,1942.9,1922.1,1927.1,245932
07/06/2023,1922.4,1934,1908.5,1915.4,231513
07/07/2023,1916.6,1941.1,1915.4,1932.5,208113
07/10/2023,1930.7,1933.7,1918,1931,208085
07/11/2023,1930.8,1944.5,1929.8,1937.1,189372
07/12/2023,1938,1965.1,1937.5,1961.7,270869
07/13/2023,1962.7,1968.5,1956.6,1963.8,241215
07/14/2023,1965.2,1967.8,1954.7,1964.4,191150
07/17/2023,1958.6,1963.6,1949,1956.4,165833
07/18/2023,1958.3,1988.3,1958.1,1980.8,264086
07/19/2023,1982.5,1984.6,1973.3,1980.8,159409
07/20/2023,1980,1989.8,1967.7,1970.9,189926
07/21/2023,1972.1,1975.9,1958.8,1966.6,152540
07/24/2023,1963.6,1969.8,1955.3,1962.2,197213
07/25/2023,1957,1967.1,1951.6,1963.7,188848
07/26/2023,1966.3,1979.9,1963.2,1970.1,208106
07/27/2023,1973.3,1982.6,1941.7,1945.7,194253
07/28/2023,1985.3,2002,1983.9,1999.9,157292
07/31/2023,1997.9,2010.9,1986.7,2009.2,139955
08/01/2023,2004.2,2004.4,1978.3,1978.8,167756
08/02/2023,1988.9,1992.2,1969.1,1975,169658
08/03/2023,1970.8,1974.5,1964.5,1968.8,141345
08/04/2023,1969.6,1984.2,1954.5,1976.1,153034
08/07/2023,1977.6,1981.7,1966.1,1970,104407
08/08/2023,1971.5,1972.8,1956.5,1959.9,142336
08/09/2023,1959.3,1966.1,1947.2,1950.6,139259
08/10/2023,1947.7,1963.5,1944.4,1948.9,168264
08/11/2023,1944.9,1953.6,1942.7,1946.6,119090
08/14/2023,1945.6,1948.2,1934.2,1944,120983
08/15/2023,1939.4,1944.3,1927.5,1935.2,167153
08/16/2023,1933.1,1938.2,1922,1928.3,128612
08/17/2023,1922.4,1933.5,1914.2,1915.2,152329
08/18/2023,1919.2,1926,1915.9,1916.5,110337
08/21/2023,1918.4,1927.9,1913.6,1923,138109
08/22/2023,1924,1933.2,1917.5,1926,131088
08/23/2023,1926.8,1949.7,1926.2,1948.1,170040
08/24/2023,1944.9,1951.3,1939.2,1947.1,137393
08/25/2023,1944.9,1950.4,1931,1939.9,163733
08/28/2023,1944,1954.2,1940.1,1946.8,115553
08/29/2023,1948.1,1966.5,1941.7,1965.1,174220
08/30/2023,1966,1977.1,1962.8,1973,142380
08/31/2023,1970.2,1974.9,1965.5,1965.9,133712
09/01/2023,1966.4,1980.2,1960.7,1967.1,158269
09/05/2023,1971.1,1972.6,1950.6,1952.6,192789
09/06/2023,1951.5,1954.5,1940,1944.2,148775
09/07/2023,1942.2,1947.9,1940.3,1942.5,117168
09/08/2023,1943.8,1954,1940.8,1942.7,136235
09/11/2023,1943.3,1954.6,1939.5,1947.2,131076
09/12/2023,1945.6,1947.5,1929.9,1935.1,161993
09/13/2023,1935.2,1938.4,1927.2,1932.5,161003
09/14/2023,1930.7,1934.5,1921.7,1932.8,201744
09/15/2023,1932.5,1952.4,1931.2,1946.2,195342
09/18/2023,1945.7,1955.7,1943.8,1953.4,138031
09/19/2023,1955.3,1958.9,1950.9,1953.7,131097
09/20/2023,1953,1968.9,1948.6,1967.1,220980
09/21/2023,1952,1952.2,1933.1,1939.6,225908
09/22/2023,1939.6,1949.1,1939.6,1945.6,135193
09/25/2023,1944.7,1946.8,1933.8,1936.6,164259
09/26/2023,1935.1,1935.5,1917.2,1919.8,212263
09/27/2023,1918.8,1921.7,1890.3,1890.9,238525
09/28/2023,1893.3,1896.8,1874.5,1878.6,231419
09/29/2023,1882.3,1896.7,1862.3,1866.1,234756
10/02/2023,1864.4,1864.7,1842.7,1847.2,202147
10/03/2023,1844.9,1849.3,1830.9,1841.5,216784
10/04/2023,1838.7,1846.8,1831.6,1834.8,195048
10/05/2023,1837.6,1843.5,1826.2,1831.8,172464
10/06/2023,1834.3,1849,1823.5,1845.2,224544
10/09/2023,1861,1877.3,1857.5,1864.3,187802
10/10/2023,1875.4,1879.1,1866.1,1875.3,157340
10/11/2023,1873.7,1890.9,1871.7,1887.3,169964
10/12/2023,1888.1,1898.3,1880.6,1883,163475
10/13/2023,1881.7,1946.2,1881.5,1941.5,298561
10/16/2023,1941.3,1943,1921.2,1934.3,182823
10/17/2023,1933.3,1944.5,1924.6,1935.7,165063
10/18/2023,1936.7,1975.8,1935.9,1968.3,270045
10/19/2023,1960.1,1990.2,1957,1980.5,264821
10/20/2023,1988,2009.2,1983.7,1994.4,279162
10/23/2023,1987.7,1994.3,1971,1987.8,212290
10/24/2023,1984.1,1992,1964.6,1986.1,200943
10/25/2023,1982.7,1998.6,1973.6,1994.9,240655
10/26/2023,1991.2,2003.7,1981.6,1997.4,214053
10/27/2023,1995,2019.7,1986.4,1998.5,206932
10/30/2023,2013.5,2016.8,1999.7,2005.6,181339
10/31/2023,2005.6,2017.7,1987.4,1994.3,214776
11/01/2023,1993.3,2005.9,1978.2,1987.5,197629
11/02/2023,1992,1999.2,1986.3,1993.5,158650
11/03/2023,1993.5,2011.9,1989.3,1999.2,211154
11/06/2023,1999.4,2000.1,1984.2,1988.6,146279
11/07/2023,1984.8,1985.2,1962.8,1973.5,218948
11/08/2023,1975.3,1977.5,1953.2,1957.8,189359
11/09/2023,1955.5,1971.5,1948.3,1969.8,214077
11/10/2023,1964.1,1965.6,1936.9,1937.7,210158
11/13/2023,1943.4,1953.5,1935.6,1950.2,183702
11/14/2023,1950.3,1975.3,1938.8,1966.5,180741
11/15/2023,1966.9,1979.2,1958.8,1964.3,142924
11/16/2023,1963,1991.1,1959,1987.3,186810
11/17/2023,1984.2,1996.4,1981.1,1984.7,129520
11/20/2023,1980.9,1987.8,1967.2,1980.3,177887
11/21/2023,1980,2009.8,1979.9,2001.6,230024
11/22/2023,2000.3,2008.3,1988.6,1992.8,199370
11/24/2023,1991.2,2004.5,1990.9,2003,211252
11/27/2023,2002.5,2018.9,2001.4,2012.4,251250
11/28/2023,2014.3,2044.1,2011.5,2040,174665
11/29/2023,2062,2072.7,2055.9,2067.1,197789
11/30/2023,2065.4,2067.4,2051.2,2057.2,151918
12/01/2023,2056.5,2095.7,2052.6,2089.7,230877
12/04/2023,2094.4,2152.3,2038.4,2042.2,378224
12/05/2023,2049,2059.6,2027.6,2036.3,209549
12/06/2023,2037.8,2053.4,2035.3,2047.9,154219
12/07/2023,2043.4,2057.2,2036.6,2046.4,173977
12/08/2023,2045.7,2050.4,2010.6,2014.5,227831
12/11/2023,2020,2023.7,1991.2,1993.7,160072
12/12/2023,1997.8,2012.5,1992.3,1993.2,148532
12/13/2023,1995.1,2043.3,1987.9,1997.3,192679
12/14/2023,2043.2,2062.9,2039.1,2044.9,231095
12/15/2023,2051.3,2059.6,2029.2,2035.7,166565
12/18/2023,2033.3,2048,2029.5,2040.5,141406
12/19/2023,2041.1,2061,2034.8,2052.1,134781
12/20/2023,2053.8,2056.9,2040.6,2047.7,122567
12/21/2023,2044.4,2058,2043.3,2051.3,119952
12/22/2023,2061.2,2083,2058.2,2069.1,162292
12/26/2023,2066,2080.5,2065.1,2069.8,79573
12/27/2023,2079.3,2095.8,2072.8,2093.1,128179
12/28/2023,2089.5,2098.2,2074.6,2083.5,129544
12/29/2023,2076.1,2084.1,2067.6,2071.8,102741
01/02/2024,2072.7,2088.1,2064.3,2073.4,157555
01/03/2024,2067.9,2074.3,2038.3,2042.8,221680
01/04/2024,2049.3,2058.1,2043.3,2050,130263
01/05/2024,2051.4,2071.1,2030.8,2049.8,208861
01/08/2024,2052.6,2053.3,2022.7,2033.5,220988
01/09/2024,2034.5,2048.6,2031.9,2033,218745
01/10/2024,2036,2046.2,2025.9,2027.8,205007
01/11/2024,2029.4,2056.1,2017.3,2019.2,270624
01/12/2024,2033.2,2067.3,2033.1,2051.6,250946
01/16/2024,2053.4,2062.8,2027.6,2030.2,285254
01/17/2024,2031.7,2036.1,2004.6,2006.5,254292
01/18/2024,2009.1,2025.6,2007.7,2021.6,171928
01/19/2024,2027.4,2041.9,2022.2,2029.3,166078
01/22/2024,2031.8,2034.1,2017.4,2022.2,152756
01/23/2024,2023.2,2039.3,2020.8,2025.8,156699
01/24/2024,2030.7,2037.9,2011.7,2016,234459
01/25/2024,2014.8,2025.6,2004,2017.8,196670
01/26/2024,2021,2028.1,2015.6,2017.3,117654
01/29/2024,2024.4,2037.2,2018.8,2025.4,150708
01/30/2024,2051.5,2068,2047.1,2050.9,214593
01/31/2024,2055.3,2074.6,2048.8,2067.4,238373
02/01/2024,2057.9,2083.2,2046.4,2071.1,260921
02/02/2024,2072,2074.7,2044.2,2053.7,210878
02/05/2024,2057.9,2059.1,2030.8,2042.9,170431
02/06/2024,2041.4,2055.3,2038.8,2051.4,126384
02/07/2024,2052.6,2061.3,2046.4,2051.7,125631
02/08/2024,2051,2053.8,2034.6,2047.9,137076
02/09/2024,2049.7,2051.9,2034.3,2038.7,109127
02/12/2024,2038.2,2041.8,2025.4,2033,116025
02/13/2024,2033.7,2047.3,2002.8,2007.2,217571
02/14/2024,2006.3,2008.8,1996.4,2004.3,193607
02/15/2024,2004.8,2020.2,2001.8,2014.9,204249
02/16/2024,2016.1,2027.2,2006.6,2024.1,155539
02/20/2024,2027.7,2042.7,2023.9,2039.8,202432
02/21/2024,2036.2,2043.5,2030.9,2034.3,120599
02/22/2024,2036.5,2045.5,2029.3,2030.7,147947
02/23/2024,2034.1,2053.2,2025.4,2049.4,201845
02/26/2024,2044.2,2046.8,2034.1,2038.9,129021
02/27/2024,2041.2,2049.1,2038.1,2044.1,148780
02/28/2024,2039.7,2047.4,2033.4,2042.7,137077
02/29/2024,2043.8,2059.4,2036,2054.7,227074
03/01/2024,2052.8,2097.1,2047,2095.7,315978
03/04/2024,2091.6,2128.4,2088.1,2126.3,328253
03/05/2024,2123.3,2150.5,2118.5,2141.9,283148
03/06/2024,2136.4,2160.7,2131.9,2158.2,319763
03/07/2024,2156.7,2172.2,2151.7,2165.2,267795
03/08/2024,2166.6,2203,2161.2,2185.5,355568
03/11/2024,2187.6,2195.5,2180.9,2188.6,242418
03/12/2024,2189.1,2190.8,2156.2,2166.1,316254
03/13/2024,2163.6,2185.6,2161.3,2180.8,232273
03/14/2024,2179.5,2181.3,2157,2167.5,207225
03/15/2024,2166.2,2176.9,2158.7,2161.5,182912
03/18/2024,2159.9,2167.2,2149.2,2164.3,211858
03/19/2024,2164,2166.3,2150.2,2159.7,178162
03/20/2024,2161.4,2192.2,2152.3,2161,233572
03/21/2024,2190.2,2225.3,2168.2,2184.7,391750
03/22/2024,2183.4,2188,2158.4,2160,200525
03/25/2024,2166.6,2182.5,2164.4,2176.4,211610
03/26/2024,2173,2200.6,2168.3,2177.2,202373
03/27/2024,2200.5,2218.3,2193.7,2212.7,191456
03/28/2024,2215.7,2256.9,2207.5,2238.4,250248
04/01/2024,2259.2,2286.4,2249.1,2257.1,220767
04/02/2024,2272.7,2301.9,2267.1,2281.8,277228
04/03/2024,2301.7,2321.8,2285.7,2315,254574
04/04/2024,2321,2325.3,2298.7,2308.5,236227
04/05/2024,2309.5,2350,2286.2,2345.4,281439
04/08/2024,2343.6,2372.5,2321.7,2351,285570
04/09/2024,2358.1,2384.5,2355.7,2362.4,279608
04/10/2024,2372.4,2378.1,2337.1,2348.4,353847
04/11/2024,2351.7,2395.6,2343.1,2372.7,260415
04/12/2024,2389.4,2448.8,2350.6,2374.1,463075
04/15/2024,2369.4,2404.3,2340.2,2383,343730
04/16/2024,2399.1,2414.8,2379.2,2407.8,297592
04/17/2024,2398,2412,2370.7,2388.4,284352
04/18/2024,2377.9,2408,2377.2,2398,200546
04/19/2024,2394,2433.3,2386.8,2413.8,264374
04/22/2024,2403.7,2404.3,2338.2,2346.4,256123
04/23/2024,2342.3,2347.9,2304.6,2342.1,270225
04/24/2024,2335.7,2350.9,2324.8,2338.4,187699
04/25/2024,2327.4,2357.6,2316.4,2342.5,224471
04/26/2024,2344.2,2364.4,2338,2347.2,163124
04/29/2024,2347.6,2358.9,2331,2357.7,187309
04/30/2024,2347,2347.6,2296.2,2302.9,229064
05/01/2024,2298.2,2339.5,2291.7,2311,227384
05/02/2024,2329.9,2336.1,2294.3,2309.6,193658
05/03/2024,2313.5,2330.7,2285.2,2308.6,226187
05/06/2024,2312.8,2341.9,2300.6,2331.2,191895
05/07/2024,2334.8,2338.7,2318.2,2324.2,204623
05/08/2024,2322,2329.6,2311.4,2322.3,214693
05/09/2024,2316.5,2354.2,2312.9,2340.3,249092
05/10/2024,2353.5,2385.3,2352,2375,245997
05/13/2024,2369.1,2370.8,2337.6,2343,243075
05/14/2024,2342.3,2365.2,2340.5,2359.9,192076
05/15/2024,2362.9,2396.1,2357.1,2394.9,249843
05/16/2024,2391.5,2402.7,2375.2,2385.5,191026
05/17/2024,2381.4,2427.4,2377.8,2417.4,209395
05/20/2024,2422.2,2454.2,2411.1,2438.5,281430
05/21/2024,2431.5,2438.2,2408.5,2425.9,229421
05/22/2024,2425.4,2430.5,2378,2392.9,253852
05/23/2024,2383,2385.7,2328.1,2337.2,273658
05/24/2024,2330.4,2349,2326.3,2334.5,171919
05/28/2024,2338,2365.5,2333.8,2356.5,316223
05/29/2024,2362.5,2363.7,2334.2,2341.2,119317
05/30/2024,2361,2373.7,2343.3,2366.5,188892
05/31/2024,2364.5,2381.2,2341.1,2345.8,175833
06/03/2024,2348,2375.5,2334.8,2369.3,173149
06/04/2024,2371.3,2373.1,2335.1,2347.4,171547
06/05/2024,2347.1,2377.6,2345.3,2375.5,171862
06/06/2024,2375.3,2397.8,2372.2,2390.9,172202
06/07/2024,2395.7,2406.7,2304.2,2325,299274
06/10/2024,2311,2331.3,2304.5,2327,142888
06/11/2024,2329.5,2337.3,2314.5,2326.6,145501
06/12/2024,2334,2358.8,2327.2,2354.8,241670
06/13/2024,2340.9,2342.4,2310.9,2318,182657
06/14/2024,2319.6,2352.3,2316.7,2349.1,155486
06/17/2024,2348.5,2348.7,2324.3,2329,122702
06/18/2024,2333.7,2348.2,2320.2,2346.9,154251
06/20/2024,2344.2,2379.5,2338.5,2369,252687
06/21/2024,2373.8,2382.6,2329.2,2331.2,187501
06/24/2024,2333.5,2347.5,2329.5,2344.4,117625
06/25/2024,2346.8,2349.7,2327.1,2330.8,144271
06/26/2024,2331.8,2335.8,2304.7,2313.2,191628
06/27/2024,2309.4,2342,2306.8,2336.6,140228
06/28/2024,2338.6,2350.6,2329.7,2339.6,131191
07/01/2024,2336.2,2348.8,2328.2,2338.9,142601
07/02/2024,2341.6,2346.1,2327.4,2333.4,153709
07/03/2024,2338.6,2374.5,2335.7,2369.4,193642
07/05/2024,2365.8,2401.5,2356,2397.7,284374
07/08/2024,2396.2,2399.3,2358.3,2363.5,240781
07/09/2024,2366.5,2378.3,2356,2367.9,252489
07/10/2024,2371,2393.4,2369.7,2379.7,163900
07/11/2024,2377.4,2430.4,2376.8,2421.9,303520
07/12/2024,2421,2423.2,2396.1,2420.7,195572
07/15/2024,2419.3,2445,2406.1,2428.9,193535
07/16/2024,2427.1,2474.5,2424.5,2467.8,246085
07/17/2024,2473.2,2488.4,2455.5,2459.9,259540
07/18/2024,2462.5,2478.5,2442.9,2456.4,192770
07/19/2024,2448,2448.4,2395.7,2399.1,238616
07/22/2024,2403.7,2414.4,2385.2,2394.7,197562
07/23/2024,2398,2413.5,2389.2,2407.3,171191
07/24/2024,2410.7,2433,2397,2415.7,245884
07/25/2024,2398.1,2400.8,2351.9,2353.5,294897
07/26/2024,2363.8,2389.7,2354.6,2381,149096
07/29/2024,2386.9,2402.1,2367.3,2377.8,126409
07/30/2024,2429,2458.3,2421.5,2451.9,172970
07/31/2024,2455.6,2496.6,2449.2,2473,176268
08/01/2024,2493.4,2506.6,2474,2480.8,219834
08/02/2024,2490.8,2522.5,2453.1,2469.8,296209
08/05/2024,2490.3,2500.8,2403.8,2444.4,352229
08/06/2024,2451.7,2459.5,2421.8,2431.6,186107
08/07/2024,2432.6,2447.3,2418.8,2432.4,166078
08/08/2024,2422.8,2467.9,2420.2,2463.3,178509
08/09/2024,2467.3,2476.5,2456.1,2473.4,149537
08/12/2024,2470.1,2513.4,2462.7,2504,171204
08/13/2024,2512.6,2517.3,2498.2,2507.8,155078
08/14/2024,2506.3,2519.7,2476.2,2479.7,187384
08/15/2024,2486.2,2508,2469.2,2492.4,169322
08/16/2024,2494.4,2548.3,2488.2,2537.8,213795
08/19/2024,2549.7,2549.9,2523.7,2541.3,155994
08/20/2024,2542.4,2570.4,2535.1,2550.6,191196
08/21/2024,2552.2,2558,2528.2,2547.5,148894
08/22/2024,2549.9,2551.4,2506.4,2516.7,177369
08/23/2024,2521.1,2554.5,2519.8,2546.3,160460
08/26/2024,2545.1,2563.2,2544,2555.2,127485
08/27/2024,2553.8,2561.4,2538.5,2552.9,146222
08/28/2024,2559.8,2564.3,2527.8,2537.8,165123
08/29/2024,2539.2,2562.2,2536.5,2560.3,159965
08/30/2024,2553.6,2560.1,2526.6,2527.6,167403
09/03/2024,2536,2539.5,2504.4,2523,273539
09/04/2024,2524.6,2531.5,2502.7,2526,167957
09/05/2024,2526.4,2554,2523.7,2543.1,152709
09/06/2024,2547.1,2559.8,2513.9,2524.6,219594
09/09/2024,2526.5,2536.5,2514.2,2532.7,140583
09/10/2024,2536,2547.5,2528.9,2543.1,156108
09/11/2024,2545.7,2558,2529,2542.4,194085
09/12/2024,2540.6,2588.5,2538.7,2580.6,233679
09/13/2024,2587.5,2614.6,2585,2610.7,163235
09/16/2024,2608,2617.4,2602.5,2608.9,127576
09/17/2024,2609.8,2613.7,2587.3,2592.4,159525
09/18/2024,2596,2627.2,2572.5,2598.6,233128
09/19/2024,2585.1,2620.5,2575.3,2614.6,204475
09/20/2024,2611.2,2651,2608.7,2646.2,197961
09/23/2024,2646.2,2659.8,2638.6,2652.5,170494
09/24/2024,2653.3,2689.4,2647.1,2677,216553
09/25/2024,2682.8,2694.9,2673.4,2684.7,189943
09/26/2024,2681.2,2708.7,2677.5,2694.9,217643
09/27/2024,2695.1,2696.9,2665.3,2668.1,185803
09/30/2024,2680.5,2687.7,2646.2,2659.4,173252
10/01/2024,2656.1,2694.7,2653.8,2690.3,202756
10/02/2024,2684.6,2684.8,2662.1,2669.7,128680
10/03/2024,2679.9,2683.4,2657.8,2679.2,138551
10/04/2024,2675.7,2690.6,2651.6,2667.8,188619
10/07/2024,2671.7,2679.2,2657.3,2666,126658
10/08/2024,2662.8,2672.4,2623.4,2635.4,233849
10/09/2024,2640.7,2642.9,2622.8,2626,143000
10/10/2024,2625.8,2648.9,2618.8,2639.3,195581
10/11/2024,2647.4,2679,2645.3,2676.3,162627
10/14/2024,2673.1,2684.2,2660,2665.6,123361
10/15/2024,2663.5,2685.9,2654.4,2678.9,160564
10/16/2024,2679.5,2702.5,2674.9,2691.3,156877
10/17/2024,2690.4,2712.7,2688.2,2707.5,181816
10/18/2024,2707.8,2737.8,2707.3,2730,171111
10/21/2024,2736.3,2755.4,2728.5,2738.9,210450
10/22/2024,2734.7,2763.3,2733.5,2759.8,173695
10/23/2024,2762.6,2772.6,2722.1,2729.4,214515
10/24/2024,2729.2,2756.3,2728.7,2748.9,175872
10/25/2024,2748.6,2760.9,2729.1,2754.6,143550
10/28/2024,2749.2,2758.3,2736.9,2755.9,161907
10/29/2024,2754.3,2787.7,2752,2781.1,207424
10/30/2024,2786.9,2801.8,2782.4,2800.8,191549
10/31/2024,2799.1,2801.2,2741.8,2749.3,242571
11/01/2024,2754,2772.4,2742.6,2749.2,170233
11/04/2024,2743.5,2757.5,2739.4,2746.2,145248
11/05/2024,2746,2759.5,2733.4,2749.7,151434
11/06/2024,2752.6,2758.8,2660.7,2676.3,361313
11/07/2024,2667.7,2718.3,2650.3,2705.8,292924
11/08/2024,2713.6,2717.8,2687.3,2694.8,208112
11/11/2024,2692.1,2693.4,2617.1,2617.7,281919
11/12/2024,2625.7,2633.4,2595.7,2606.3,282766
11/13/2024,2604.7,2625,2578.1,2586.5,262752
11/14/2024,2578.1,2585.8,2541.5,2572.9,266162
11/15/2024,2570.4,2580.8,2558.9,2570.1,163829
11/18/2024,2571.5,2619.5,2568.5,2614.6,195294
11/19/2024,2616.3,2643.4,2614.2,2631,202241
11/20/2024,2635.8,2659,2621.9,2651.7,182012
11/21/2024,2653.5,2676.5,2651.6,2674.9,186297
11/22/2024,2672,2718.5,2670.1,2712.2,210953
11/25/2024,2716.9,2723.2,2616.6,2618.5,305339
11/26/2024,2626.2,2642.7,2605.3,2621.3,177858
11/27/2024,2633.5,2657.9,2627.2,2639.9,61653
11/29/2024,2660.6,2690.5,2644.1,2681,173201
12/02/2024,2673.8,2678.5,2644.5,2658.5,163543
12/03/2024,2662,2678.4,2656.6,2667.9,140965
12/04/2024,2665.8,2682,2654.2,2676.2,171792
12/05/2024,2674.2,2680,2646.3,2648.4,156116
12/06/2024,2655,2667.9,2635.6,2659.6,157002
12/09/2024,2665,2700,2649.7,2685.8,182150
12/10/2024,2684.4,2721.7,2680.7,2718.4,181509
12/11/2024,2721.2,2759.7,2719.1,2756.7,264985
12/12/2024,2753.6,2761.3,2696.7,2709.4,219468
12/13/2024,2704.9,2716.4,2663.3,2675.8,173383
12/16/2024,2668,2683.4,2661.4,2670,115996
12/17/2024,2670.2,2675.8,2646.1,2662,147053
12/18/2024,2663.3,2667.6,2598.1,2653.3,156334
12/19/2024,2600.6,2640.9,2596.7,2608.1,191587
12/20/2024,2609.7,2653.8,2603.7,2645.1,144129
12/23/2024,2639.1,2646.8,2623.2,2628.2,105131
12/24/2024,2629.4,2635.8,2624.2,2635.5,53366
12/26/2024,2638,2655.7,2634.1,2653.9,79265
12/27/2024,2653.7,2654.6,2625.2,2631.9,92262
12/30/2024,2636.1,2640.7,2608.4,2618.1,110915
12/31/2024,2620,2642,2614.3,2641,86292
01/02/2025,2641,2674.2,2636.1,2669,144517
01/03/2025,2671.1,2681,2649.7,2654.7,115489
01/06/2025,2652.8,2663.8,2624.6,2647.4,169923
01/07/2025,2647.1,2678.5,2643.5,2665.4,161617
01/08/2025,2662.9,2687,2658.4,2672.4,197370
01/09/2025,2679.9,2696.8,2673.7,2690.8,156645
01/10/2025,2692.9,2735,2686.9,2715,271894
01/13/2025,2716.8,2723.8,2675.2,2678.6,211094
01/14/2025,2682,2693.7,2672,2682.3,179414
01/15/2025,2693.3,2722.7,2685.4,2717.8,193720
01/16/2025,2722.3,2757.9,2720.4,2750.9,186543
01/17/2025,2746.8,2759.2,2729.2,2748.7,152014
01/21/2025,2739.6,2762,2715.6,2759.2,294121
01/22/2025,2758.7,2774.4,2756.2,2770.9,158141
01/23/2025,2765.9,2767.1,2741,2765,194742
01/24/2025,2761.8,2794.8,2761,2778.9,187347
01/27/2025,2778.1,2778.1,2732,2738.4,215514
01/28/2025,2742.4,2774,2737.4,2767.5,171359
01/29/2025,2771.6,2778.1,2761,2769.8,125692
01/30/2025,2796.2,2853.2,2794.9,2845.2,188341
01/31/2025,2851.9,2862.9,2826,2835,155738
02/03/2025,2846.5,2872,2802.2,2857.1,181344
02/04/2025,2850.4,2877.1,2837.4,2875.8,145862
02/05/2025,2873.7,2906,2870.1,2893,167383
02/06/2025,2885,2894.2,2855,2876.7,167701
02/07/2025,2880.2,2910.6,2876.1,2887.6,182555
02/10/2025,2884.8,2938.1,2879.9,2934.4,167232
02/11/2025,2937,2968.5,2907,2932.6,218478
02/12/2025,2927,2936.5,2886.5,2928.7,204625
02/13/2025,2928.8,2958.8,2925.8,2945.4,169496
02/14/2025,2957.3,2964.1,2889.9,2900.7,216832
02/18/2025,2895.1,2956.5,2887.6,2949,218757
02/19/2025,2954.1,2964.4,2933.7,2936.1,159341
02/20/2025,2949.5,2973.4,2939.3,2956.1,172197
02/21/2025,2955.7,2964.7,2930.1,2953.2,155562
02/24/2025,2950.4,2974,2936.8,2963.2,162775
02/25/2025,2968.5,2970.4,2897,2918.8,234850
02/26/2025,2929,2942,2903.3,2930.6,163371
02/27/2025,2931.4,2935.8,2879,2895.9,207650
02/28/2025,2889,2896.1,2844.1,2848.5,205282
03/03/2025,2872,2906.4,2866.3,2901.1,177018
03/04/2025,2904.2,2939.8,2892.5,2920.6,188515
03/05/2025,2929,2941.3,2903.4,2926,183016
03/06/2025,2929.5,2935.9,2897.6,2926.6,166364
03/07/2025,2919.2,2938.8,2905.3,2914.1,214132
03/10/2025,2919.6,2926.4,2885.2,2899.4,221609
03/11/2025,2893.2,2929,2882.5,2920.9,194119
03/12/2025,2922.3,2948.9,2911,2946.8,209823
03/13/2025,2943.3,3001.5,2942.2,2991.3,256564
03/14/2025,3001.4,3017.1,2988.6,3001.1,176438
03/17/2025,2994.8,3010.9,2991.4,3006.1,142155
03/18/2025,3009.4,3047.5,3008.2,3040.8,177098
03/19/2025,3041.4,3061.6,3031.3,3041.2,145404
03/20/2025,3058,3065.2,3032.8,3043.8,141231
03/21/2025,3052.6,3055,3004.1,3021.4,186584
03/24/2025,3027.6,3038.4,3007.7,3015.6,202822
03/25/2025,3017.5,3042.4,3010.8,3025.9,172592
03/26/2025,3025.8,3036.1,3017.8,3022.5,172002
03/27/2025,3025.6,3071.3,3022.3,3061,124359
03/28/2025,3099.3,3124.4,3096.3,3114.3,193306
03/31/2025,3118.8,3162,3112.4,3150.3,228393
04/01/2025,3157.3,3177,3130.5,3146,197314
04/02/2025,3147.5,3201.6,3135.7,3166.2,223124
04/03/2025,3196.6,3196.6,3073.5,3121.7,382860
04/04/2025,3138,3160.2,3032.7,3035.4,309150
04/07/2025,3055.1,3084.4,2970.4,2973.6,328515
04/08/2025,2997.5,3037.9,2988.6,2990.2,197577
04/09/2025,2998.3,3118.5,2983.3,3079.4,298325
04/10/2025,3099.1,3195,3086.1,3177.5,234973
04/11/2025,3194.2,3263,3193.4,3244.6,239221
04/14/2025,3246,3261.6,3208.7,3226.3,189619
04/15/2025,3226.1,3250.9,3225.5,3240.4,123474
04/16/2025,3248.4,3358.4,3245.2,3346.4,258376
04/17/2025,3357.5,3371.9,3296.4,3328.4,242065
04/21/2025,3347,3442.3,3344,3425.3,243457
04/22/2025,3435.1,3509.9,3379.1,3419.4,423078
04/23/2025,3367.7,3396,3270.8,3294.1,377411
04/24/2025,3301.8,3377,3301.3,3348.6,239603
04/25/2025,3362,3384.1,3274.8,3298.4,235015
04/28/2025,3336.5,3363.8,3278,3347.7,217995
04/29/2025,3354.9,3359.3,3309.2,3333.6,170152
04/30/2025,3324.5,3337.6,3275.6,3319.1,207722
05/01/2025,3299,3300.6,3209.4,3222.2,214691
05/02/2025,3247.6,3277,3229.5,3243.3,208080
05/05/2025,3247.1,3346.7,3243.1,3322.3,184904
05/06/2025,3345.7,3444.5,3332.1,3422.8,268098
05/07/2025,3448.1,3448.2,3367,3391.9,304244
05/08/2025,3373.1,3422,3293.3,3306,327126
05/09/2025,3310.2,3352.7,3278.9,3344,211207
05/12/2025,3281,3295.5,3211.2,3228,308534
05/13/2025,3240.7,3270.4,3220.1,3247.8,214423
05/14/2025,3254.1,3261.3,3170.7,3188.3,233929
05/15/2025,3180.8,3244.3,3123.3,3226.6,253064
05/16/2025,3243.5,3255.8,3156.4,3187.2,240421
05/19/2025,3220,3252.9,3209.1,3233.5,185135
05/20/2025,3233,3298.5,3207.4,3284.6,224088
05/21/2025,3293,3327.2,3287,3313.5,229503
05/22/2025,3318,3346.8,3277.8,3295,234658
05/23/2025,3295.1,3366.5,3285.5,3365.8,238139
05/27/2025,3355.6,3356,3283,3300.4,297309
05/28/2025,3300.9,3324.5,3273.5,3294.9,127758
05/29/2025,3311.8,3356.3,3269.1,3343.9,227943
05/30/2025,3343.2,3347,3294.8,3315.4,182769
06/02/2025,3323,3408.1,3319.4,3397.2,180995
06/03/2025,3406.5,3417.8,3357.2,3377.1,168220
06/04/2025,3377.8,3409.7,3366.9,3399.2,167220
06/05/2025,3398,3427.7,3362.3,3375.1,219861
06/06/2025,3377.4,3398.3,3328.8,3346.6,183467
06/09/2025,3333.4,3359,3313.1,3354.9,142005
06/10/2025,3346.3,3370.4,3321.3,3343.4,158897
06/11/2025,3344.3,3382.3,3335.4,3343.7,201534
06/12/2025,3377.5,3419.8,3358.5,3402.4,230166
06/13/2025,3406.7,3468,3399.6,3452.8,264252
06/16/2025,3473,3476.3,3400.9,3417.3,192505
06/17/2025,3404.2,3422.7,3384.4,3406.9,209083
06/18/2025,3409,3419,3380.1,3408.1,178282
06/20/2025,3387.1,3405.2,3356.2,3385.7,277314
06/23/2025,3400.7,3413.8,3361.4,3395,193872
06/24/2025,3383.8,3385,3308.3,3333.9,227429
06/25/2025,3338.1,3351.3,3325.5,3343.1,130010
06/26/2025,3347.5,3363.9,3322.5,3348,155584
06/27/2025,3341.3,3341.4,3266.5,3287.6,213305
06/30/2025,3284.3,3321.6,3250.5,3307.7,144201
07/01/2025,3315.7,3370.5,3313.7,3349.8,168854
07/02/2025,3350,3371,3337.2,3359.7,132187
07/03/2025,3369,3376.9,3321.4,3342.9,153232
07/07/2025,3335,3355,3304.4,3342.8,235762
07/08/2025,3348.9,3355.6,3295.4,3316.9,218029
07/09/2025,3310.6,3325.6,3290.2,3321,167968
07/10/2025,3322.2,3339.4,3319.2,3325.7,168190
07/11/2025,3333.1,3381.6,3332.3,3364,207036
07/14/2025,3376.5,3389.3,3348.5,3359.1,195336
07/15/2025,3352,3375.4,3327.3,3336.7,179884
07/16/2025,3330.5,3385.8,3326.1,3359.1,235160
07/17/2025,3354.7,3358.2,3314.3,3345.3,161740
07/18/2025,3347.5,3368,3337.2,3358.3,112998
07/21/2025,3355.6,3416.9,3351,3406.4,191195
07/22/2025,3410.7,3447.5,3394.9,3443.7,227372
07/23/2025,3444.3,3451.7,3390.6,3397.6,263025
07/24/2025,3398.6,3401.1,3355.2,3373.5,215271
07/25/2025,3372.1,3376.6,3325.5,3335.6,193190
07/28/2025,3321.1,3345.4,3300,3310,180215
07/29/2025,3313.4,3332.3,3305.8,3324,113144
07/30/2025,3383.1,3389.3,3319.2,3352.8,203086
07/31/2025,3327.5,3366.7,3324.4,3348.6,158029
08/01/2025,3342.7,3416.9,3331.4,3399.8,222301
08/04/2025,3416.6,3439.5,3397.9,3426.4,138229
08/05/2025,3428.9,3444.9,3403.3,3434.7,154163
08/06/2025,3434.9,3440.5,3411.7,3433.4,151580
08/07/2025,3431.8,3483.8,3430,3453.7,249091
08/08/2025,3487.9,3534.1,3445,3491.3,312499
08/11/2025,3458.1,3466.3,3393,3404.7,224513
08/12/2025,3393.6,3410.8,3379.1,3399,193820
08/13/2025,3399.6,3422.6,3392.7,3408.3,135846
08/14/2025,3407.2,3423.8,3375.5,3383.2,165697
08/15/2025,3383.2,3394.8,3377.7,3382.6,115486
08/18/2025,3382.4,3403.6,3368,3378,119141
08/19/2025,3378.3,3389.7,3358.1,3358.7,133497
08/20/2025,3359,3394.3,3353.4,3388.5,135521
08/21/2025,3392.2,3394.4,3367.4,3381.6,123500
08/22/2025,3383.3,3423.4,3362.8,3418.5,179273
08/25/2025,3417.6,3421.5,3405.5,3417.5,0
08/26/2025,3410.8,3443.3,3396.1,3433,176297
08/27/2025,3443,3452.5,3422.2,3448.6,153806
08/28/2025,3452.6,3478.7,3442.5,3474.3,156602
08/29/2025,3477.2,3518.5,3463,3516.1,180059
09/02/2025,3517.9,3602.4,3506,3592.2,374141
09/03/2025,3600,3640.1,3592.4,3635.5,220786
09/04/2025,3619.8,3621.6,3573.7,3606.7,232579
09/05/2025,3602,3655.5,3595.4,3653.3,230263
09/08/2025,3635,3685.7,3621.7,3677.4,227640
09/09/2025,3676.6,3715.2,3663.7,3682.2,262656
09/10/2025,3662,3697.5,3651.4,3682,182028
09/11/2025,3680.6,3687.5,3651,3673.6,214612
09/12/2025,3672.8,3695.5,3667.3,3686.4,147566
09/15/2025,3680.2,3724.9,3662.8,3719,189452
09/16/2025,3720.3,3739.9,3711.8,3725.1,192295
09/17/2025,3727.3,3744,3679.5,3717.8,256047
09/18/2025,3692.5,3707.3,3660.5,3678.3,224128
09/19/2025,3677.7,3719.6,3664.4,3705.8,181323
