03/18/2002,53.85,53.85,53.85,53.85,200
03/19/2002,53.425,53.425,52.55,52.55,200
03/20/2002,52.8,52.8,52.8,52.8,200
03/21/2002,53.475,53.475,53.475,53.475,200
03/22/2002,52.95,52.95,52.95,52.95,200
03/25/2002,53.275,53.275,53.275,53.275,200
03/26/2002,52.9,52.9,52.9,52.9,200
03/27/2002,52.8,52.875,52.55,52.55,200
03/28/2002,51.875,51.875,51.875,51.875,200
04/01/2002,51,51.25,51,51.05,200
04/02/2002,49.55,49.575,49.55,49.575,200
04/03/2002,48.875,48.95,47.7,47.7,200
04/04/2002,47.025,47.2,46.8,46.95,200
04/05/2002,45.975,45.975,45.975,45.975,200
04/08/2002,45.225,45.225,43.975,43.975,200
04/09/2002,43.425,43.425,42.525,42.525,200
04/10/2002,41.45,41.45,41.45,41.45,200
04/11/2002,41.775,41.775,41.775,41.775,200
04/12/2002,41.95,41.95,41.95,41.95,0
04/15/2002,54.75,54.75,54.3,54.3,10
04/16/2002,54.625,54.625,54.625,54.625,10
04/17/2002,55.7,56.075,55.7,55.975,10
04/18/2002,56.45,56.45,56.45,56.45,10
04/19/2002,56.9,56.9,56.9,56.9,10
04/22/2002,55.5,55.5,55.5,55.5,10
04/23/2002,53.5,53.5,53.5,53.5,10
04/24/2002,53.825,53.825,53.825,53.825,10
04/25/2002,54.175,54.175,54.175,54.175,10
04/26/2002,52.75,52.75,52.75,52.75,10
04/29/2002,51.1,51.1,51.1,51.1,10
04/30/2002,50.975,52.05,50.7,52.05,10
05/01/2002,52.025,52.025,52.025,52.025,10
05/02/2002,53.275,53.275,53.275,53.275,10
05/03/2002,53.25,53.25,53.25,53.25,10
05/06/2002,53.8,53.9,52.9,53.625,10
05/07/2002,53.75,53.75,52.5,52.75,10
05/08/2002,52.45,52.45,52.45,52.45,10
05/09/2002,52.725,52.725,52.725,52.725,10
05/10/2002,53.625,53.625,53.625,53.625,10
05/13/2002,54.35,54.35,54.35,54.35,10
05/14/2002,53.475,53.475,53.475,53.475,10
05/15/2002,53.775,53.775,53.775,53.775,10
05/16/2002,53.35,53.375,52.825,52.825,10
05/17/2002,53.175,53.175,53.175,53.175,10
05/20/2002,51.175,51.175,51.175,51.175,10
05/21/2002,49.175,49.175,49.175,49.175,10
05/22/2002,47.875,47.875,47.875,47.875,10
05/23/2002,48.525,48.525,48.525,48.525,10
05/24/2002,48.375,48.375,48.375,48.375,10
05/28/2002,46.375,46.375,46.375,46.375,10
05/29/2002,46.425,46.425,46.425,46.425,10
05/30/2002,46.15,46.15,46.15,46.15,10
05/31/2002,46.75,46.75,46.75,46.75,10
06/03/2002,47.475,47.475,47.475,47.475,10
06/04/2002,46.475,46.475,46.475,46.475,10
06/05/2002,46.95,46.95,46.95,46.95,10
06/06/2002,48.55,48.95,48.55,48.8,10
06/07/2002,49.875,49.875,49.875,49.875,10
06/10/2002,48.85,48.85,48.85,48.85,10
06/11/2002,48.725,48.725,48.725,48.725,10
06/12/2002,48.25,48.25,48.25,48.25,10
06/13/2002,48.375,48.375,48.375,48.375,10
06/14/2002,48.6,48.6,48.6,48.6,0
06/17/2002,49.85,49.85,49.85,49.85,20
06/18/2002,50.7,50.7,50.7,50.7,20
06/19/2002,50.35,50.35,50.35,50.35,20
06/20/2002,51.575,51.575,51.575,51.575,20
06/21/2002,51.475,51.475,51.475,51.475,20
06/24/2002,51.725,51.725,51.725,51.725,20
06/25/2002,50.875,50.875,50.875,50.875,20
06/26/2002,50.45,50.775,50.4,50.775,20
06/27/2002,50.4,50.825,50.35,50.625,20
06/28/2002,50.525,50.525,50.525,50.525,20
07/01/2002,51.95,51.95,51.95,51.95,20
07/02/2002,52.3,52.3,52.3,52.3,20
07/03/2002,52.975,52.975,52.975,52.975,20
07/05/2002,54.975,54.975,54.975,54.975,20
07/08/2002,54.9,54.9,54.9,54.9,20
07/09/2002,53.925,53.925,53.925,53.925,20
07/10/2002,53.875,53.875,53.875,53.875,20
07/11/2002,53.95,53.95,53.95,53.95,20
07/12/2002,54.025,54.025,54.025,54.025,20
07/15/2002,54.3,54.3,54.3,54.3,0
07/16/2002,50.85,50.85,50.85,50.85,0
07/17/2002,49.8,49.8,49.8,49.8,0
07/18/2002,51.3,51.3,51.3,51.3,0
07/19/2002,50.675,50.675,50.675,50.675,0
07/22/2002,50.675,50.675,50.675,50.675,0
07/23/2002,50.275,50.275,50.275,50.275,0
07/24/2002,49.85,49.85,49.85,49.85,0
07/25/2002,50.7,50.7,50.7,50.7,0
07/26/2002,50.8,50.8,50.8,50.8,0
07/29/2002,50.85,50.85,50.85,50.85,0
07/30/2002,51.55,51.55,51.55,51.55,0
07/31/2002,51.775,51.775,51.775,51.775,0
08/01/2002,50.15,50.15,50.15,50.15,0
08/02/2002,49.775,49.775,49.775,49.775,0
08/05/2002,48.5,48.5,48.5,48.5,0
08/06/2002,48.65,48.65,48.65,48.65,0
08/07/2002,47.85,47.85,47.85,47.85,0
08/08/2002,48.625,48.625,48.625,48.625,0
08/09/2002,48.875,48.875,48.875,48.875,0
08/12/2002,48.275,48.275,48.275,48.275,0
08/13/2002,48.325,48.325,48.325,48.325,0
08/14/2002,48.25,48.25,48.25,48.25,0
08/15/2002,36.775,36.775,36.775,36.775,3
08/16/2002,36.575,36.575,36.575,36.575,3
08/19/2002,36.6,36.6,36.6,36.6,3
08/20/2002,34.6,34.6,34.6,34.6,3
08/21/2002,34.875,34.875,34.875,34.875,3
08/22/2002,35,35,35,35,3
08/23/2002,34.55,34.55,34.55,34.55,3
08/26/2002,32.625,32.625,32.625,32.625,3
08/27/2002,32.225,32.225,32.225,32.225,3
08/28/2002,30.225,30.225,30.225,30.225,3
08/29/2002,30.65,30.65,30.65,30.65,3
08/30/2002,30.875,30.875,30.875,30.875,3
09/03/2002,30.05,30.05,30.05,30.05,3
09/04/2002,31.475,31.825,31.475,31.825,3
09/05/2002,32.7,32.7,32.7,32.7,3
09/06/2002,33.7,33.7,33.7,33.7,3
09/09/2002,32.55,32.55,32.55,32.55,3
09/10/2002,34.55,34.55,34.55,34.55,3
09/11/2002,35.075,35.075,35.075,35.075,3
09/12/2002,35.25,35.25,35.25,35.25,3
09/13/2002,35.525,35.525,35.525,35.525,3
09/16/2002,35.725,35.725,35.725,35.725,3
09/17/2002,36.05,36.05,36.05,36.05,3
09/18/2002,36.5,36.5,36.5,36.5,3
09/19/2002,37.25,37.25,37.25,37.25,3
09/20/2002,37.025,37.025,37.025,37.025,3
09/23/2002,35.7,35.7,35.7,35.7,3
09/24/2002,37.2,37.2,37.2,37.2,3
09/25/2002,38.225,38.225,38.225,38.225,3
09/26/2002,39.225,39.225,39.225,39.225,3
09/27/2002,39.075,39.075,39.075,39.075,3
09/30/2002,40.2,40.2,40.2,40.2,3
10/01/2002,40.375,40.375,40.375,40.375,3
10/02/2002,42.3,42.3,42.3,42.3,3
10/03/2002,42.725,42.725,42.725,42.725,3
10/04/2002,42.7,42.7,42.7,42.7,3
10/07/2002,41.45,41.45,41.45,41.45,3
10/09/2002,44.275,44.275,44.275,44.275,3
10/10/2002,45,45,45,45,3
10/11/2002,44.85,44.9,44.85,44.9,3
10/14/2002,45.025,45.025,45.025,45.025,3
10/15/2002,42.65,42.65,42.65,42.65,2
10/16/2002,42.175,42.175,42.175,42.175,2
10/17/2002,41.65,41.65,41.65,41.65,2
10/18/2002,41.125,41.125,41.125,41.125,2
10/21/2002,40.15,40.15,40.15,40.15,2
10/22/2002,40.25,40.25,40.25,40.25,2
10/23/2002,41.95,41.95,41.95,41.95,2
10/24/2002,40.275,40.275,40.275,40.275,2
10/25/2002,41.175,41.55,40.5,40.6,2
10/28/2002,41.25,41.25,41.25,41.25,2
10/29/2002,40.1,40.1,40.1,40.1,2
10/30/2002,42.1,42.1,42.1,42.1,2
10/31/2002,43.125,43.125,43.125,43.125,2
11/01/2002,43.175,43.175,43.175,43.175,2
11/04/2002,43.05,43.05,43.05,43.05,2
11/05/2002,44.825,44.825,44.825,44.825,2
11/06/2002,45,45,45,45,2
11/07/2002,45.925,45.925,45.925,45.925,2
11/08/2002,45.9,45.9,45.9,45.9,2
11/11/2002,46.825,46.825,46.825,46.825,2
11/12/2002,45.1,45.1,45.1,45.1,2
11/13/2002,45.15,45.15,45.15,45.15,2
11/14/2002,44.6,44.6,44.6,44.6,2
11/15/2002,45.75,45.75,45.75,45.75,2
11/18/2002,44.275,44.275,44.275,44.275,2
11/19/2002,45.625,45.625,45.625,45.625,2
11/20/2002,46.025,46.025,46.025,46.025,2
11/21/2002,44.9,44.9,44.9,44.9,2
11/22/2002,45.15,45.15,45.15,45.15,2
11/25/2002,45.2,45.2,45.2,45.2,2
11/26/2002,45.8,45.8,45.8,45.8,2
11/27/2002,46.4,46.8,46.4,46.75,2
11/29/2002,46.55,46.55,46.55,46.55,2
12/02/2002,45.55,45.55,45.55,45.55,2
12/03/2002,45.7,45.7,45.7,45.7,2
12/04/2002,46.375,46.375,46.375,46.375,2
12/05/2002,46.425,46.425,46.425,46.425,2
12/06/2002,45.675,45.675,45.675,45.675,2
12/09/2002,43.675,43.675,43.675,43.675,2
12/10/2002,42.475,42.475,42.475,42.475,2
12/11/2002,43.25,43.25,43.25,43.25,2
12/12/2002,43.45,43.45,43.45,43.45,2
12/13/2002,43.85,43.85,43.85,43.85,2
12/16/2002,51.825,51.825,51.825,51.825,5
12/17/2002,52.325,52.325,52.325,52.325,5
12/18/2002,51.225,51.225,51.225,51.225,5
12/19/2002,51.9,51.9,51.9,51.9,5
12/20/2002,51.8,51.8,51.8,51.8,5
12/23/2002,53.15,53.15,53.15,53.15,5
12/26/2002,53.975,53.975,53.975,53.975,5
12/27/2002,53.5,53.5,53.5,53.5,5
12/30/2002,53.55,53.55,53.55,53.55,5
12/31/2002,51.6,51.6,51.6,51.6,5
01/02/2003,52,52.225,51.675,51.825,5
01/03/2003,52.85,53.075,52.8,53.075,5
01/06/2003,52.6,52.65,51.775,51.775,5
01/07/2003,51.75,51.75,51.75,51.75,5
01/08/2003,52.125,52.125,52.125,52.125,5
01/09/2003,53.325,53.325,53.225,53.225,5
01/10/2003,52.45,52.75,52.45,52.75,5
01/13/2003,52.475,52.475,52.475,52.475,5
01/14/2003,53.475,53.5,52.825,52.825,5
01/15/2003,51.125,51.125,51.125,51.125,5
01/16/2003,51.825,51.825,51.825,51.825,5
01/17/2003,50.625,50.625,50.625,50.625,5
01/21/2003,49.65,49.65,49.65,49.65,5
01/22/2003,50.4,50.65,50.2,50.475,5
01/23/2003,50.1,50.65,49.9,50.225,5
01/24/2003,50.475,50.875,50.475,50.875,5
01/27/2003,49.775,49.775,49.775,49.775,5
01/28/2003,49.15,49.15,49.15,49.15,5
01/29/2003,50.6,50.6,50.6,50.6,5
01/30/2003,50.55,50.7,50.25,50.25,5
01/31/2003,51,51.25,50.925,50.925,5
02/03/2003,50.825,50.825,49.575,49.8,5
02/04/2003,49.125,49.125,49.125,49.125,5
02/05/2003,48.675,48.675,48.675,48.675,5
02/06/2003,48.3,48.3,48.3,48.3,5
02/07/2003,48.6,48.6,48.45,48.45,5
02/10/2003,48.95,49.35,48.95,49.35,5
02/11/2003,49,49.1,49,49.025,5
02/12/2003,49,49.075,48.775,48.775,5
02/13/2003,49.05,49.05,49.05,49.05,5
02/14/2003,48.675,48.675,48.675,48.675,0
02/18/2003,53.1,53.2,52.65,52.85,3
02/19/2003,52.675,53.3,52.675,53.15,3
02/20/2003,53.05,53.2,52.675,52.95,3
02/21/2003,52.6,54.05,52.05,53.925,3
02/24/2003,53.725,54.35,53.45,54.225,3
02/25/2003,53.55,53.65,53.25,53.3,3
02/26/2003,53.35,53.975,53.075,53.95,3
02/27/2003,53.65,53.8,53.2,53.275,3
02/28/2003,53.575,54.95,53.575,54.55,3
03/03/2003,54.4,54.55,53.825,54.375,3
03/04/2003,53.05,53.325,52.775,53.15,3
03/05/2003,52.9,53.825,52.45,52.625,3
03/06/2003,52.5,52.5,50.7,51.875,3
03/07/2003,52.2,52.3,51.7,51.925,3
03/10/2003,52.225,52.425,51.5,51.625,3
03/11/2003,51.9,52.325,51.2,52.325,3
03/12/2003,52.2,52.9,52.05,52.65,3
03/13/2003,52.65,53.05,52.25,52.65,3
03/14/2003,52.5,53.15,52.45,52.925,3
03/17/2003,52.5,52.5,51.2,51.2,3
03/18/2003,51.225,51.75,51.225,51.55,3
03/19/2003,52.9,53.2,52.6,53.1,3
03/20/2003,53,53.325,52.85,52.875,3
03/21/2003,52.675,52.675,52.425,52.55,3
03/24/2003,52.525,52.525,51.4,51.625,3
03/25/2003,51.525,51.525,50.925,51.425,3
03/26/2003,51.025,51.1,49.5,49.525,3
03/27/2003,48.925,49.975,48.925,49.975,3
03/28/2003,50.025,50.1,49.7,49.7,3
03/31/2003,50.45,50.6,50.325,50.325,3
04/01/2003,49.25,49.275,48.55,48.55,3
04/02/2003,49.325,49.625,48.975,49.625,3
04/03/2003,49.7,49.95,49.5,49.85,3
04/04/2003,50.4,50.65,50.4,50.525,3
04/07/2003,50.65,51.1,50.55,50.725,3
04/08/2003,50.375,50.7,50.125,50.225,3
04/09/2003,50.25,50.25,49.85,49.9,3
04/10/2003,49.75,49.75,49.35,49.35,3
04/11/2003,49.925,49.925,49.925,49.925,3
04/14/2003,49.9,49.9,49.9,49.9,3
04/15/2003,57.65,58.5,57.6,58.4,1
04/16/2003,58.2,58.325,58.1,58.275,1
04/17/2003,58.95,59.15,58.95,59.125,1
04/21/2003,59.65,60.4,59.65,59.8,1
04/22/2003,59.1,59.55,59.05,59.55,1
04/23/2003,59.175,60.625,59.05,60.625,1
04/24/2003,60.775,61.6,60.75,61.475,1
04/25/2003,61.525,62.275,61.525,61.75,1
04/28/2003,62.275,62.425,61.65,62.275,1
04/29/2003,61.8,62.225,61.45,62.225,1
04/30/2003,61.925,62.775,61.7,62.775,1
05/01/2003,63.025,63.075,62.875,62.875,1
05/02/2003,63.4,64.55,63.4,64.55,1
05/05/2003,64.775,64.9,64.3,64.775,1
05/06/2003,64.475,64.5,64.025,64.325,1
05/07/2003,64.025,64.025,63.25,63.575,1
05/08/2003,63.775,64.2,63.525,64.2,1
05/09/2003,64.5,65.425,64.5,65.225,1
05/12/2003,65.625,65.625,65.125,65.375,1
05/13/2003,64.925,65.2,64.6,64.6,1
05/14/2003,64.7,65.6,64.675,65.6,1
05/15/2003,64.975,65.025,64.975,65.025,1
05/16/2003,65.95,66.875,65.9,66.875,1
05/19/2003,66.975,67.275,66.975,67.05,1
05/20/2003,66.9,67.55,66,66.2,1
05/21/2003,65.325,65.4,65.05,65.125,1
05/22/2003,64.525,64.675,64.375,64.4,1
05/23/2003,63.95,64.1,63.425,63.425,1
05/27/2003,63.275,63.275,62.95,63.075,1
05/28/2003,64.375,64.425,64.075,64.075,1
05/29/2003,64.275,64.275,64.225,64.225,1
05/30/2003,64.025,64.85,63.925,64.85,1
06/02/2003,65.375,65.7,65.35,65.375,1
06/03/2003,65.2,65.2,65.2,65.2,1
06/04/2003,65.425,65.925,65.425,65.925,1
06/05/2003,65.425,65.425,65.425,65.425,1
06/06/2003,66,66.175,66,66.175,1
06/09/2003,67.225,67.225,67.225,67.225,1
06/10/2003,67.475,67.475,67.475,67.475,1
06/11/2003,66.075,66.075,66.075,66.075,1
06/12/2003,66.325,66.325,66.325,66.325,1
06/13/2003,66.975,66.975,66.975,66.975,0
06/16/2003,66.725,66.725,66.725,66.725,10
06/17/2003,66.325,66.325,66.325,66.325,10
06/18/2003,67.375,67.375,67.375,67.375,10
06/19/2003,66.525,66.525,66.525,66.525,10
06/20/2003,66.3,66.3,66.3,66.3,10
06/23/2003,64.825,64.825,64.825,64.825,10
06/24/2003,65.075,65.075,65.075,65.075,10
06/25/2003,64.475,64.725,64.1,64.725,10
06/26/2003,64.225,64.375,64.225,64.375,10
06/27/2003,64.675,64.675,64.675,64.675,10
06/30/2003,64,64.05,64,64.05,10
07/01/2003,64.075,64.075,64.075,64.075,10
07/02/2003,64.15,64.15,64.15,64.15,10
07/03/2003,65.35,65.35,65.35,65.35,10
07/07/2003,66.175,66.175,65.85,65.85,10
07/08/2003,64.95,64.95,64.95,64.95,10
07/09/2003,63.925,63.925,63.525,63.8,10
07/10/2003,62.825,62.825,62.825,62.825,10
07/11/2003,62.825,62.825,62.825,62.825,10
07/14/2003,62.475,62.475,62.375,62.375,10
07/15/2003,62.2,62.2,62.2,62.2,10
07/16/2003,62.7,62.7,62.7,62.7,8
07/17/2003,62.7,62.7,61.775,62.325,8
07/18/2003,62.55,62.6,61.875,61.875,8
07/21/2003,61.175,61.175,61.175,61.175,8
07/22/2003,61.125,61.5,60,60,8
07/23/2003,58.475,58.475,58,58,8
07/24/2003,57.175,58.25,56.85,58.25,8
07/25/2003,59.175,59.55,59.175,59.55,8
07/28/2003,58.4,58.4,58.4,58.4,8
07/29/2003,58.425,58.425,58.05,58.05,8
07/30/2003,58.675,59.05,58.525,58.7,8
07/31/2003,58.225,58.225,57.3,57.3,8
08/01/2003,56.175,56.175,56.175,56.175,8
08/04/2003,57.85,57.85,57.85,57.85,8
08/05/2003,57.775,57.775,57.45,57.675,8
08/06/2003,59.675,59.675,59.675,59.675,5
08/07/2003,60.025,60.025,60.025,60.025,35
08/08/2003,60.725,60.775,60.575,60.725,3
08/11/2003,60.225,60.225,60.225,60.225,20
08/12/2003,59.55,59.55,59.55,59.55,5
08/14/2003,60.175,60.175,60.175,60.175,0
10/15/2003,61.025,61.025,61.025,61.025,0
10/16/2003,59.025,59.025,59.025,59.025,0
10/17/2003,59.575,59.575,59.575,59.575,0
10/20/2003,57.675,57.675,57.675,57.675,0
10/21/2003,55.675,55.675,55.675,55.675,1
10/22/2003,53.7,53.7,53.675,53.675,1
10/23/2003,52.175,52.825,51.825,52.75,0
10/24/2003,52.45,52.45,52.45,52.45,0
10/27/2003,52.575,52.575,52.575,52.575,0
10/28/2003,51.725,51.725,51.35,51.475,6
10/29/2003,51.75,52.65,51.4,52.65,25
10/30/2003,53.3,53.35,52.25,52.55,25
10/31/2003,53.325,53.325,53.325,53.325,103
11/03/2003,53.95,54.2,52.65,52.65,49
11/04/2003,53.075,53.225,52.75,53.225,11
11/05/2003,53.775,53.9,52.8,52.925,66
11/06/2003,53.25,53.4,53.175,53.175,4
11/07/2003,53.95,54.75,53.375,53.375,45
11/10/2003,53.1,53.875,52.675,52.675,33
11/11/2003,52.275,52.8,50.75,50.75,24
11/12/2003,50.4,50.75,50.075,50.075,15
11/13/2003,50.25,50.7,49.85,50.05,131
11/14/2003,50,50.7,50,50.35,247
11/17/2003,50.2,50.7,50.1,50.275,171
11/18/2003,50.95,51.025,50.5,50.7,213
11/19/2003,50.6,50.6,48.7,48.7,130
11/20/2003,49.5,49.625,48.5,49.275,339
11/21/2003,49.85,49.975,49.25,49.85,300
11/24/2003,50.15,50.45,49.525,49.625,245
11/25/2003,49.4,49.8,48.85,49.175,279
11/26/2003,49.35,49.375,48.425,48.45,234
11/28/2003,48.825,49.95,48.825,49.95,154
12/01/2003,50.575,51.2,50.575,51.025,223
12/02/2003,50.725,51.05,49.95,50.1,210
12/03/2003,49.95,49.95,49.475,49.475,210
12/04/2003,49.125,49.125,49.125,49.125,116
12/05/2003,49.5,49.525,49.05,49.05,119
12/08/2003,49.5,49.725,49.275,49.675,46
12/09/2003,49.225,49.225,49.15,49.2,25
12/10/2003,49.4,49.75,49.35,49.725,95
12/11/2003,50,50.1,49.95,49.95,4
12/12/2003,49.9,50,49.85,49.85,32
12/15/2003,52.525,52.875,52.525,52.8,4
12/16/2003,52.6,52.95,51.55,51.75,71
12/17/2003,52.075,52.45,52.075,52.325,10
12/18/2003,51.375,52.4,51.175,51.45,69
12/19/2003,51.15,53.3,50.975,53.3,100
12/22/2003,53.1,53.775,53.1,53.75,104
12/23/2003,53.475,53.5,52.925,53.075,104
12/24/2003,51.6,52,51.075,51.2,67
12/26/2003,51.9,53.2,51.9,53.2,39
12/29/2003,53.75,54.25,53.25,53.925,40
12/30/2003,53.45,54.225,53.35,53.8,40
12/31/2003,53.425,53.425,53.425,53.425,44
01/02/2004,55.425,55.425,55.25,55.425,3
01/05/2004,55.7,55.95,55.325,55.95,25
01/06/2004,54.025,54.675,54.025,54.65,2
01/07/2004,54.275,54.925,54.2,54.925,21
01/08/2004,54.55,54.575,53.975,53.975,40
01/09/2004,53.8,53.95,53.75,53.75,35
01/12/2004,53.9,54.05,51.775,51.775,125
01/13/2004,51.875,52.7,51.875,52.425,219
01/14/2004,53.075,53.875,52.8,53.2,113
01/15/2004,53.625,53.8,53.35,53.8,55
01/16/2004,54.15,54.75,54.15,54.75,55
01/20/2004,55.275,55.275,55.275,55.275,20
01/21/2004,56.1,56.15,55.475,55.775,24
01/22/2004,56.4,56.4,54.875,54.975,24
01/23/2004,54.85,54.85,54.85,54.85,77
01/26/2004,55.25,55.85,55.2,55.825,70
01/27/2004,56.175,56.225,55.925,55.925,29
01/28/2004,56.2,56.425,55.7,56.425,26
01/29/2004,56.8,56.9,55.55,56.075,55
01/30/2004,56.925,57.4,56.875,57.35,107
02/02/2004,57.6,59.3,57.5,59.025,107
02/03/2004,58.925,58.925,58.925,58.925,110
02/04/2004,58.975,59.65,58.975,59.425,0
02/05/2004,61.325,61.325,61.325,61.325,0
02/06/2004,62.025,62.025,62.025,62.025,0
02/09/2004,62.425,62.425,62.425,62.425,0
02/10/2004,61.875,61.875,61.875,61.875,0
02/11/2004,63.375,63.375,63.375,63.375,0
02/12/2004,63.75,63.75,63.75,63.75,0
02/13/2004,64.175,64.175,64.175,64.175,0
02/17/2004,58.8,59.3,58.475,58.6,71
02/18/2004,58.9,59.175,58.525,58.525,13
02/19/2004,59,60.15,59,59.7,41
02/20/2004,60.4,60.5,59.85,60.1,20
02/23/2004,60.45,61.025,59.725,61.025,68
02/24/2004,61.175,61.65,60.975,60.975,17
02/25/2004,60.95,60.95,60.125,60.125,70
02/26/2004,61.05,61.65,61.05,61.65,18
02/27/2004,62,62.175,61.95,62.025,18
03/01/2004,62.3,62.3,62.3,62.3,57
03/02/2004,62.6,63.15,62.6,62.825,30
03/03/2004,61.35,61.35,60.825,60.9,43
03/04/2004,60.3,60.5,60.25,60.475,21
03/05/2004,61.725,61.925,61.55,61.925,21
03/08/2004,61.2,61.2,61.2,61.2,25
03/09/2004,62.2,62.3,62.1,62.3,0
03/10/2004,62.65,62.65,62.65,62.65,20
03/11/2004,63.45,63.725,63.4,63.725,20
03/12/2004,64.075,64.325,63.775,64.325,42
03/15/2004,64.45,64.9,63.925,64.125,13
03/16/2004,64.95,65.3,64.95,65.3,20
03/17/2004,65.15,65.15,64.075,64.075,35
03/18/2004,65.675,65.75,65.675,65.75,5
03/19/2004,65.375,66.325,65.375,66.325,5
03/22/2004,66.9,66.9,66.175,66.175,32
03/23/2004,66,66.15,65.525,66.15,10
03/24/2004,66,66,65.775,65.825,10
03/25/2004,66.675,66.675,66.675,66.675,40
03/26/2004,66.275,66.7,66.275,66.4,0
03/29/2004,68.125,68.125,68.125,68.125,0
03/30/2004,67.8,67.8,67.8,67.8,0
03/31/2004,66.65,66.65,66.65,66.65,0
04/01/2004,65.3,65.3,65.3,65.3,0
04/02/2004,64.175,64.175,64.175,64.175,0
04/05/2004,64.325,64.375,63.4,63.4,0
04/06/2004,63.5,63.5,63.5,63.5,6
04/07/2004,63.1,63.1,62.325,62.325,25
04/08/2004,63.1,63.25,62.275,63.075,40
04/12/2004,64.2,64.325,63.75,64.325,151
04/13/2004,64.3,64.775,64.3,64.325,30
04/14/2004,64.4,64.6,64.4,64.575,30
04/15/2004,64.275,64.275,64.275,64.275,0
04/16/2004,71.9,71.9,70.8,70.8,50
04/19/2004,70.675,70.675,70.675,70.675,20
04/20/2004,71.5,72.15,70.55,70.6,53
04/21/2004,71.25,71.5,70.55,70.625,20
04/22/2004,71.5,71.9,71,71.7,40
04/23/2004,72.375,72.475,71.3,71.725,60
04/26/2004,72.175,72.675,72.175,72.675,40
04/27/2004,71.375,71.925,70.725,71.275,71
04/28/2004,71.75,72.65,71.75,72.65,71
04/29/2004,72.075,72.075,72.075,72.075,17
04/30/2004,73.175,74.075,73.175,74.075,0
05/03/2004,74.85,74.85,74.85,74.85,20
05/04/2004,74.1,75.1,73.725,73.85,130
05/05/2004,75.125,75.125,74.35,74.35,3
05/06/2004,74.525,74.85,73.525,73.525,22
05/07/2004,73.65,74.275,73.525,74.275,65
05/10/2004,75.1,75.175,74.4,74.5,65
05/11/2004,76.5,76.5,76.5,76.5,60
05/12/2004,77.075,77.075,75.175,75.175,0
05/13/2004,75.9,75.9,75.9,75.9,2
05/14/2004,75.2,75.725,75.2,75.725,0
05/17/2004,74.5,74.5,74.5,74.5,10
05/18/2004,75.275,75.475,74.9,75.325,5
05/19/2004,74.725,75.05,74.725,75.05,5
05/20/2004,74.15,74.15,74.15,74.15,0
05/21/2004,75.45,75.45,75.45,75.45,0
05/24/2004,75.75,75.75,75.75,75.75,0
05/25/2004,74.925,74.925,74.925,74.925,0
05/26/2004,74.275,74.275,74.275,74.275,0
05/27/2004,75.075,75.3,74.475,74.475,0
05/28/2004,75.825,75.825,75.825,75.825,0
06/01/2004,76.55,76.55,76.55,76.55,0
06/02/2004,76.55,76.55,76.075,76.375,0
06/03/2004,78.375,78.375,78.375,78.375,0
06/04/2004,79,79,79,79,0
06/07/2004,79.4,79.4,79.3,79.3,0
06/08/2004,78.7,78.7,78.7,78.7,0
06/09/2004,78.15,78.15,78.15,78.15,0
06/10/2004,78.4,78.4,78.4,78.4,0
06/11/2004,78.4,78.4,78.4,78.4,0
06/14/2004,79.175,79.175,79.175,79.175,0
06/15/2004,75.875,75.875,75.875,75.875,0
06/16/2004,76.325,76.325,76.325,76.325,0
06/17/2004,77.1,77.1,77.1,77.1,0
06/18/2004,77.85,77.85,77.85,77.85,0
06/21/2004,78.575,78.575,77.9,77.9,6
06/22/2004,77.075,77.075,77.025,77.025,6
06/23/2004,78.125,78.125,78.125,78.125,0
06/24/2004,76.6,76.6,76.6,76.6,1
06/25/2004,76.8,77.1,76.425,76.95,99
06/28/2004,77.425,77.5,76.275,77.05,70
06/29/2004,77.525,77.6,77.175,77.5,75
06/30/2004,77.275,78.95,77.275,78.95,75
07/01/2004,78.75,78.75,78.75,78.75,75
07/02/2004,79.125,79.125,79.125,79.125,50
07/06/2004,79.275,79.375,79.275,79.375,20
07/07/2004,79.2,79.2,78.325,78.325,20
07/08/2004,78.7,78.7,78.7,78.7,8
07/09/2004,79.375,79.575,79.375,79.575,8
07/12/2004,79.45,79.45,79.45,79.45,8
07/13/2004,78.95,78.95,78.95,78.95,8
07/14/2004,79.425,79.425,79.425,79.425,8
07/15/2004,79.55,79.55,79.55,79.55,8
07/16/2004,73.175,73.175,73.075,73.15,63
07/19/2004,73.525,74.225,73.525,74.225,63
07/20/2004,74.425,74.425,74.425,74.425,10
07/21/2004,74.025,74.075,73.675,74,9
07/22/2004,73.925,74.425,73.775,74.125,25
07/23/2004,74.8,75.575,74.8,75.575,25
07/26/2004,76.525,76.525,76.525,76.525,25
07/27/2004,76.8,76.8,76.8,76.8,25
07/28/2004,76.925,76.925,76.925,76.925,25
07/29/2004,78.175,78.175,78.175,78.175,25
07/30/2004,77.75,77.75,77.75,77.75,91
08/02/2004,78.275,78.5,78.275,78.5,91
08/03/2004,77.375,77.375,77.375,77.375,91
08/04/2004,78.55,78.55,78.55,78.55,91
08/05/2004,78.625,78.625,78.625,78.625,91
08/06/2004,79.25,79.25,79.25,79.25,91
08/09/2004,79.2,79.2,79.2,79.2,91
08/10/2004,78.85,78.85,78.85,78.85,3
08/11/2004,78.175,78.175,77.55,77.775,146
08/12/2004,77.875,78.05,77.775,78.05,146
08/13/2004,78.2,78.2,78.2,78.2,0
08/16/2004,67,67,66.325,66.325,6
08/17/2004,65.35,65.475,65.2,65.2,6
08/18/2004,64.8,64.8,64.8,64.8,6
08/19/2004,65.325,65.325,65.325,65.325,6
08/20/2004,65.775,65.775,65.775,65.775,10
08/23/2004,65,66.075,64.7,64.7,10
08/24/2004,63.275,63.275,63.275,63.275,2
08/25/2004,62.9,64.175,62.55,63.325,17
08/26/2004,63.025,63.95,62.925,62.975,5
08/27/2004,63.475,63.775,63.425,63.725,6
08/30/2004,63.75,65.025,63.75,65.025,5
08/31/2004,65.9,65.975,65.9,65.975,5
09/01/2004,65.6,66.8,65.525,66.8,15
09/02/2004,66.525,66.525,65.275,65.325,15
09/03/2004,65.4,65.4,65.4,65.4,15
09/07/2004,65.125,65.125,65.125,65.125,0
09/08/2004,64.55,64.55,64.55,64.55,0
09/09/2004,66.425,66.425,65.6,65.6,0
09/10/2004,66.05,66.05,66.05,66.05,0
09/13/2004,67.075,67.075,67.075,67.075,0
09/14/2004,67.7,67.7,67.7,67.7,0
09/15/2004,68.65,68.65,68.65,68.65,0
09/16/2004,70,70,70,70,0
09/17/2004,72,72,72,72,0
09/20/2004,73.8,73.8,73.8,73.8,0
09/21/2004,74.45,74.45,74.45,74.45,0
09/22/2004,73.675,74.15,73.55,74.15,0
09/23/2004,76.15,76.15,76.15,76.15,0
09/24/2004,76.425,76.425,76.425,76.425,0
09/27/2004,75.55,75.55,75.55,75.55,0
09/28/2004,74.2,74.2,74.2,74.2,0
09/29/2004,74.5,74.5,74.5,74.5,0
09/30/2004,75,75,75,75,0
10/01/2004,74.75,74.75,74.75,74.75,0
10/04/2004,73.875,73.875,73.875,73.875,0
10/05/2004,72.625,72.625,72.625,72.625,0
10/06/2004,73.9,73.9,73.9,73.9,0
10/07/2004,73.125,73.125,73.125,73.125,0
10/08/2004,73.4,73.4,73.4,73.4,0
10/11/2004,72.1,72.1,72.1,72.1,0
10/12/2004,71.7,71.7,71.7,71.7,0
10/13/2004,71.95,71.95,71.95,71.95,0
10/14/2004,71.95,71.95,71.95,71.95,0
10/15/2004,66.85,66.85,66.85,66.85,0
10/18/2004,65.1,65.1,65.1,65.1,0
10/19/2004,66.5,66.5,66.5,66.5,0
10/20/2004,65.9,65.9,65.9,65.9,0
10/21/2004,67,67.15,66.95,67.15,30
10/22/2004,67.05,67.3,66.2,66.2,68
10/25/2004,65.375,66.1,65.375,65.5,100
10/26/2004,66.525,67.2,66.225,66.225,70
10/27/2004,65.6,66,65.3,65.85,66
10/28/2004,66.35,66.35,66.35,66.35,0
10/29/2004,67.45,67.45,67.45,67.45,0
11/01/2004,67.75,69.175,67.65,69.175,132
11/02/2004,69.475,70.025,69.2,69.85,125
11/03/2004,71.85,71.85,71.85,71.85,0
11/04/2004,73.85,73.85,73.85,73.85,0
11/05/2004,72.25,72.25,72.25,72.25,0
11/08/2004,72.1,72.1,72.1,72.1,0
11/09/2004,71.9,71.9,71.9,71.9,0
11/10/2004,73.9,73.9,73.75,73.9,86
11/11/2004,73.75,74.475,73.3,74.475,90
11/12/2004,75.475,75.475,75.475,75.475,0
11/15/2004,74.875,75.35,74.775,74.775,0
11/16/2004,74.375,74.375,74.375,74.375,0
11/17/2004,74.825,74.825,74.825,74.825,0
11/18/2004,74.75,74.75,74.05,74.4,5
11/19/2004,74.825,74.825,74.825,74.825,0
11/22/2004,74.8,74.8,74.8,74.8,0
11/23/2004,74.425,76.1,74.425,76.1,0
11/24/2004,76.55,76.55,76.55,76.55,0
11/26/2004,76.875,76.875,76.875,76.875,0
11/29/2004,77.2,77.35,77.2,77.35,5
11/30/2004,79.075,79.075,79.075,79.075,0
12/01/2004,78.95,78.95,78.95,78.95,0
12/02/2004,78.925,78.925,78.925,78.925,0
12/03/2004,78.325,78.5,78.325,78.5,10
12/06/2004,76.5,76.5,76.5,76.5,0
12/07/2004,75.95,75.95,75.95,75.95,0
12/08/2004,75.65,75.65,75.65,75.65,0
12/09/2004,74.125,74.125,74.125,74.125,0
12/10/2004,74.75,74.75,74.75,74.75,0
12/13/2004,74.475,74.475,74.475,74.475,0
12/14/2004,74.4,74.4,74.4,74.4,0
12/15/2004,70.9,72.425,70.7,72.45,134
12/16/2004,72.275,72.975,71.9,73.325,45
12/17/2004,73.025,73.6,73.025,73.85,1
12/20/2004,73.325,73.925,73.125,73.1,30
12/21/2004,72.625,72.875,72.625,73.1,30
12/22/2004,73,73,72.825,73.1,5
12/23/2004,73.475,73.7,73.2,73.8,26
12/27/2004,73.35,74.3,73.35,74.775,18
12/28/2004,73.475,73.575,73.475,73.75,10
12/29/2004,75.35,75.35,75.35,75.35,0
12/30/2004,75.3,75.35,74.975,76.4,15
12/31/2004,76.4,76.4,76.4,76.4,0
01/03/2005,77,77.075,76.425,76.7,436
01/04/2005,76.8,76.95,75.85,76.5,293
01/05/2005,75.75,75.925,75.325,75.75,246
01/06/2005,75.05,76.925,74.975,75.8,212
01/07/2005,75.85,76.35,75.075,74.95,102
01/10/2005,74.95,75.4,74.425,75.05,78
01/11/2005,75.05,77.05,74.925,77.05,97
01/12/2005,76.75,77.6,75.55,75.8,80
01/13/2005,76,76.5,75.4,76.2,112
01/14/2005,76.15,76.925,76.15,76.775,62
01/18/2005,77,77.1,75.4,75.575,89
01/19/2005,76,76,75.15,75.775,138
01/20/2005,75,75,73.95,74.35,181
01/21/2005,74.8,75.875,74.8,75.875,246
01/24/2005,75.35,75.35,74.9,75.425,51
01/25/2005,74.95,75.575,74.625,75.075,51
01/26/2005,75.6,75.65,74.35,74.575,148
01/27/2005,74,74.225,73.85,74.2,158
01/28/2005,73.725,74.55,73.5,74.125,36
01/31/2005,74.025,74.2,73.5,73.775,49
02/01/2005,73.675,73.675,73.15,73.625,33
02/02/2005,72.8,72.8,71.625,71.625,44
02/03/2005,71.2,71.65,70.875,71.75,17
02/04/2005,71.75,72.025,71,70.85,17
02/07/2005,70.4,70.85,70.4,70.725,8
02/08/2005,70.2,70.25,69.25,68.775,40
02/09/2005,68.75,68.75,68.6,68.325,11
02/10/2005,67.8,67.8,67.25,67.025,8
02/11/2005,67.7,67.7,67.7,67.7,8
02/14/2005,67.775,67.775,67.775,67.775,0
02/15/2005,72.05,73,72.05,73,15
02/16/2005,73.6,74.7,72.425,73.9,103
02/17/2005,73.75,74.275,73.425,73.85,57
02/18/2005,73.575,73.975,72.875,72.875,6
02/22/2005,73,73.725,73,73.55,11
02/23/2005,74.95,75.525,74.95,75.425,37
02/24/2005,74.875,75.75,74.875,74.9,68
02/25/2005,74.4,74.4,73.5,74.15,245
02/28/2005,74.35,74.5,73.95,74.225,46
03/01/2005,74.2,75.575,74.2,75.25,8
03/02/2005,75.55,75.85,74.65,74.65,100
03/03/2005,75.05,76.475,75.05,76.1,1
03/04/2005,76.1,76.1,75.575,75.65,31
03/07/2005,76.2,76.625,74.3,75.5,57
03/08/2005,76.125,76.175,75.45,76.1,10
03/09/2005,75.95,75.95,74.2,74.575,165
03/10/2005,73.2,73.3,72.575,72.575,231
03/11/2005,72.575,72.8,71.9,72.375,95
03/14/2005,72.6,72.75,70.45,70.575,195
03/15/2005,70.35,71.2,70.1,70.575,731
03/16/2005,71.1,72.4,71.1,71.275,315
03/17/2005,71.3,71.3,69.275,70.575,120
03/18/2005,70,70.475,69.375,70.4,265
03/21/2005,70.55,71.125,70.125,71.05,473
03/22/2005,70.85,70.925,70.3,70.575,39
03/23/2005,69.8,70.15,69.55,70.15,35
03/24/2005,70.35,70.35,69.95,70.3,13
03/28/2005,69.1,70,69.1,69.65,5
03/29/2005,69.95,70.275,68.45,69.275,153
03/30/2005,68.95,68.95,68.275,68.7,39
03/31/2005,68.75,68.75,68.2,68.7,13
04/01/2005,69.925,70.2,69.925,70.15,25
04/04/2005,70.35,70.35,69.475,69.55,18
04/05/2005,69,69,68.7,68.675,10
04/06/2005,68.2,68.2,67.45,66.9,384
04/07/2005,66.5,66.55,66.5,66.525,5
04/08/2005,68.075,68.4,67.5,68.225,111
04/11/2005,68.5,69,68.475,68.975,294
04/12/2005,69.15,69.575,69.15,69.7,429
04/13/2005,69.85,69.95,69.85,69.825,37
04/14/2005,69.9,69.925,69.75,69.675,15
04/15/2005,77.9,77.9,77.9,77.9,0
04/18/2005,76.7,77.375,76.5,76.7,31
04/19/2005,76.8,77.7,76.3,77.675,31
04/20/2005,78.2,78.7,77.4,78.375,309
04/21/2005,77.55,78.1,77.4,77.475,47
04/22/2005,77,77.95,75.775,75.9,159
04/25/2005,76.3,76.3,74.8,75.15,85
04/26/2005,75.45,76.775,75.45,76.75,200
04/27/2005,76.75,77.15,76.2,76.925,39
04/28/2005,77,77.55,76.925,76.7,26
04/29/2005,78,78,77.975,77.45,25
05/02/2005,77.425,77.425,77.425,77.425,0
05/03/2005,76.7,77.375,76.4,76.575,10
05/04/2005,76.95,77,76.525,76.825,34
05/05/2005,76.55,77.375,76.55,77.225,15
05/06/2005,76.7,76.825,75.925,76.15,90
05/09/2005,76,76.7,75.225,75.125,78
05/10/2005,75,75,74.7,75.3,36
05/11/2005,76.925,77.05,76.6,76.225,11
05/12/2005,76.975,77.125,76.625,76.5,7
05/13/2005,75.425,76.425,75.05,75.825,14
05/16/2005,75.4,75.8,75.25,75.7,23
05/17/2005,76.3,76.3,75.2,75.9,18
05/18/2005,74.5,75.25,74,73.95,262
05/19/2005,73.8,73.85,73.425,73.475,39
05/20/2005,73.3,73.3,71.6,72.275,22
05/23/2005,72.05,72.325,71.35,71.6,22
05/24/2005,71.6,72.075,71.35,71.95,60
05/25/2005,71.2,71.825,71,71.65,71
05/26/2005,71.9,72.2,70.975,71.1,22
05/27/2005,71.55,71.8,71.5,72.25,18
05/31/2005,72,72.575,71.85,72,47
06/01/2005,71.5,71.5,70.2,71.45,61
06/02/2005,70.6,70.6,69.45,69.8,63
06/03/2005,69.75,69.95,68.25,68.2,28
06/06/2005,68.725,68.9,68.375,68.4,41
06/07/2005,67.9,67.95,66.925,66.825,40
06/08/2005,67.125,67.125,67.125,67.125,0
06/09/2005,67,67.425,67,67.175,30
06/10/2005,67.5,67.6,67.35,67.25,9
06/13/2005,67.75,67.75,67.65,67.725,30
06/14/2005,67.9,67.925,67.7,67.625,57
06/15/2005,67.3,67.975,67,67.825,22
06/16/2005,67.55,67.95,67.075,67.95,9
06/17/2005,68.05,68.35,65.95,65.95,34
06/20/2005,66.25,66.475,65.95,66.25,26
06/21/2005,66.05,66.25,65.4,66.1,56
06/22/2005,66.375,66.6,65.6,66.125,36
06/23/2005,66.525,66.6,66.15,66.65,28
06/24/2005,66.075,66.475,65.8,65.65,3
06/27/2005,66.45,66.95,66.275,66.575,60
06/28/2005,65.55,66.3,64.9,65.025,14
06/29/2005,65.15,65.7,65.075,65.125,16
06/30/2005,65.775,65.95,65.6,65.525,5
07/01/2005,66.3,66.3,66.3,66.3,0
07/05/2005,68,68,68,68,0
07/06/2005,69.2,69.2,69.2,69.65,1
07/07/2005,68.35,68.35,68.35,68.35,0
07/08/2005,68.1,68.1,68.1,68.1,0
07/11/2005,68.4,68.4,68,67.65,10
07/12/2005,68.15,68.15,68,68.075,8
07/13/2005,68.4,68.5,68.4,68.425,32
07/14/2005,68.45,68.45,68.45,68.525,15
07/15/2005,68.7,68.7,68.7,68.675,20
07/18/2005,65.9,67,65.825,67,57
07/19/2005,67,67.975,66.85,67.55,48
07/20/2005,67.8,68.2,67.1,67.975,37
07/21/2005,68.5,68.575,68.025,68.225,12
07/22/2005,68.4,68.45,67.9,68.225,82
07/25/2005,67.7,68,67.325,68.075,36
07/26/2005,68.4,69,67.4,67.55,40
07/27/2005,67.4,67.725,67.025,67.5,68
07/28/2005,67.1,67.65,67.1,67.275,24
07/29/2005,67.3,67.7,67.3,67.875,10
08/01/2005,68.7,69.325,68.7,69.6,3
08/02/2005,69.45,69.85,69.3,69.9,14
08/03/2005,69.9,70,69.75,69.725,44
08/04/2005,69.45,69.5,69.2,69.4,18
08/05/2005,69.25,69.4,69.1,70.1,14
08/08/2005,69.95,69.95,69.75,69.575,15
08/09/2005,69.5,69.5,69.45,69.675,10
08/10/2005,69.35,69.4,69.2,69.325,43
08/11/2005,69.25,69.25,69.2,69.175,14
08/12/2005,69.4,69.45,69.4,69.4,36
08/15/2005,59,60.45,59,60.2,54
08/16/2005,60.4,60.85,60.025,60.75,40
08/17/2005,61.6,62,60.75,61.025,37
08/18/2005,61.05,61.425,60.925,61.325,61
08/19/2005,61.9,62.95,61.825,62.15,243
08/22/2005,62.7,63,62.2,62.425,193
08/23/2005,62.75,62.75,61.475,61.675,140
08/24/2005,61.6,62.125,61.375,61.8,202
08/25/2005,62.075,63.75,62.075,63.325,174
08/26/2005,63.65,64.275,63.4,64.225,243
08/29/2005,64.025,64.15,63.475,63.9,73
08/30/2005,64.2,64.325,63.5,63.825,81
08/31/2005,64.35,65.025,63.85,63.7,131
09/01/2005,63.35,63.375,61.725,62.05,342
09/02/2005,62.25,62.25,61.75,61.65,75
09/06/2005,61.95,62.925,61.8,62.525,45
09/07/2005,62.55,62.675,61.75,61.875,133
09/08/2005,62.15,63.175,62.15,62.75,60
09/09/2005,63.425,64.75,63.425,64.75,57
09/12/2005,65.05,65.225,64.3,65.05,93
09/13/2005,64.925,65.4,64.725,65.075,50
09/14/2005,64.85,64.85,63.9,63.825,30
09/15/2005,63.9,64.325,63.45,64.425,45
09/16/2005,65.15,65.375,64,64.5,35
09/19/2005,64.75,64.95,64.3,64.975,58
09/20/2005,65.15,65.8,64.825,65.775,21
09/21/2005,65.725,65.85,64.85,64.875,139
09/22/2005,65.1,65.55,64.85,65.65,35
09/23/2005,65.9,66.35,65.85,66.35,48
09/26/2005,66.25,66.4,65.85,66.15,26
09/27/2005,65.55,65.55,64.9,65.325,149
09/28/2005,65.3,65.925,65.225,65.95,51
09/29/2005,66,66.85,66,66.8,93
09/30/2005,66.6,66.85,66.55,67.2,80
10/03/2005,67.35,68.15,67.35,68.225,21
10/04/2005,68.1,68.125,67.75,68.025,72
10/05/2005,67.75,68.3,67.5,68.2,111
10/06/2005,67.7,67.85,67.25,67.675,43
10/07/2005,67.85,68.5,67.85,68.55,21
10/10/2005,68.3,68.45,68.25,68.325,8
10/11/2005,67.8,67.85,67.65,67.675,32
10/12/2005,67.575,67.575,67.3,67.275,37
10/13/2005,67.3,67.5,67.15,67.35,17
10/14/2005,67.3,67.8,67.25,67.375,5
10/17/2005,61.4,61.825,60,60.325,105
10/18/2005,60.4,60.8,59.9,60.35,112
10/19/2005,60.35,61.475,60.1,61.075,356
10/20/2005,60.75,60.75,59.8,60.225,162
10/21/2005,60.95,61.05,60.375,60.775,129
10/24/2005,60.6,61,60.15,60.95,69
10/25/2005,60.85,61.3,60.45,61.2,72
10/26/2005,61.05,61.6,60.125,60.075,212
10/27/2005,59.65,60,59.3,59.45,102
10/28/2005,59.725,61,59.7,60.95,60
10/31/2005,61.125,62.075,61,61.675,83
11/01/2005,61.3,61.4,60.775,60.85,151
11/02/2005,61.25,62.1,61.25,61.8,199
11/03/2005,61.95,62.25,61.45,61.875,186
11/04/2005,61.9,62.175,61.475,62.275,65
11/07/2005,62.8,64.125,62.775,63.75,54
11/08/2005,63.4,63.625,63.3,63.225,38
11/09/2005,63.8,64.25,63.675,64.175,362
11/10/2005,64.325,64.5,63.2,63.125,57
11/11/2005,63.4,63.6,63.2,63.425,33
11/14/2005,63.7,63.7,63.2,63.35,33
11/15/2005,63.1,63.925,62.9,63.85,37
11/16/2005,63.95,63.95,62.875,63.1,96
11/17/2005,62.6,62.6,61.925,62.1,78
11/18/2005,61.95,62.775,61.95,62.625,48
11/21/2005,62.2,62.2,60.7,60.65,100
11/22/2005,61.15,61.15,61,61.325,30
11/23/2005,61.85,62.05,61.6,61.85,23
11/25/2005,62.35,62.475,62.35,62.55,21
11/28/2005,62.85,63.5,62.8,63,149
11/29/2005,62.925,62.925,61.9,62.35,160
11/30/2005,62.2,62.5,61.95,62.5,105
12/01/2005,62.6,63,62.4,63.35,5
12/02/2005,63.55,63.75,62.375,62.8,97
12/05/2005,62.6,63,62.6,63,45
12/06/2005,62.8,62.8,62.15,62.65,22
12/07/2005,62.55,62.6,62.2,62.675,64
12/08/2005,63,63,62.95,62.875,5
12/09/2005,62.9,63,62.55,62.55,26
12/12/2005,62.45,62.55,62.15,62.125,38
12/13/2005,62.35,62.55,62.25,62.375,25
12/14/2005,62.45,62.625,62.4,62.625,50
12/15/2005,65.05,65.725,64.25,64.375,40
12/16/2005,64.025,64.7,64.025,64.325,89
12/19/2005,64.1,64.55,63.825,64.55,148
12/20/2005,64.95,65.65,64.9,65.15,147
12/21/2005,65.4,65.425,65.05,65.275,89
12/22/2005,65.1,65.5,64.65,65.275,110
12/23/2005,65.2,65.5,65.15,65.25,33
12/27/2005,64.95,65.35,64.7,64.925,20
12/28/2005,64.7,65.2,64.575,65.125,93
12/29/2005,65,65.2,64.65,65.025,55
12/30/2005,64.85,65.4,64.85,65.275,114
01/03/2006,65.35,65.35,63.775,64.65,115
01/04/2006,64.85,64.85,63.9,64.05,96
01/05/2006,64.3,64.55,63.85,64.625,34
01/06/2006,64.65,65.2,64.4,64.475,269
01/09/2006,64.8,65.3,64.35,64.675,99
01/10/2006,64.25,64.25,62.7,62.675,408
01/11/2006,62.4,62.4,60.675,60.675,310
01/12/2006,60.675,60.8,60,59.775,260
01/13/2006,59.75,60,58.825,59,189
01/17/2006,59.5,59.95,59.15,59.475,55
01/18/2006,59.175,59.25,58.25,58.15,53
01/19/2006,58.9,59,58.35,58.65,75
01/20/2006,58.9,59.25,58.9,59.25,41
01/23/2006,59.2,59.3,58.4,59.1,51
01/24/2006,59.1,59.1,57.6,57.775,144
01/25/2006,57.5,57.5,57.1,57.35,77
01/26/2006,57.15,57.4,57,57.175,253
01/27/2006,56.85,57.1,55.175,56.25,444
01/30/2006,56,56.3,55.95,56.075,137
01/31/2006,56.25,56.25,55.6,55.95,150
02/01/2006,56.175,56.35,55.75,56.225,62
02/02/2006,55.35,55.35,54.225,54.55,29
02/03/2006,54.5,55.2,54.4,55.025,30
02/06/2006,55.05,55.5,55.05,55.625,5
02/07/2006,56.25,56.45,56,56.625,20
02/08/2006,57.2,57.2,56.8,57.35,50
02/09/2006,57.45,57.65,57.3,57.625,14
02/10/2006,58.15,58.55,58.15,58.55,103
02/13/2006,58.9,58.9,58.85,58.875,21
02/14/2006,59.1,59.1,58.5,58.925,39
02/15/2006,63.1,63.425,60.925,61.475,243
02/16/2006,62,62,61.15,61.625,148
02/17/2006,61.875,63.25,61.875,63.175,22
02/21/2006,63.5,63.575,62.9,63.25,157
02/22/2006,63.2,63.2,61.35,62.025,388
02/23/2006,62.3,62.575,61.55,61.95,523
02/24/2006,62.05,62.05,61.1,61.425,309
02/27/2006,61.75,62.175,61.425,62.125,115
02/28/2006,61.85,61.925,61.225,61.475,654
03/01/2006,62.35,62.85,62.35,62.7,266
03/02/2006,62.975,63.2,62.125,62,298
03/03/2006,62.5,62.65,61.9,62,84
03/06/2006,62.05,62.275,60.8,60.775,903
03/07/2006,60.45,60.45,59,59.4,621
03/08/2006,59.4,59.5,58.725,59.15,152
03/09/2006,58.85,59.35,58.675,58.65,175
03/10/2006,58.75,59.275,58.5,58.575,381
03/13/2006,59,59.65,58.9,59.725,227
03/14/2006,59.75,59.9,57.85,57.725,203
03/15/2006,57.8,58.4,57.4,58.15,119
03/16/2006,58.2,58.3,57.45,58.425,121
03/17/2006,58.85,59.35,57.925,59.1,168
03/20/2006,59.425,59.425,58.525,59,187
03/21/2006,59.2,59.2,57.65,58.25,157
03/22/2006,57.675,57.775,56.5,57.2,198
03/23/2006,57.65,57.75,56.3,58.225,256
03/24/2006,58,58.95,57.725,58.725,109
03/27/2006,58.55,58.6,57.45,57.75,168
03/28/2006,57.525,57.65,57,57.45,173
03/29/2006,57.45,57.95,57,57.5,119
03/30/2006,57.4,58.2,57.375,58.125,72
03/31/2006,57.975,57.975,57.3,57.35,88
04/03/2006,57.8,58.2,57.8,58.15,8
04/04/2006,57.9,57.9,56.15,56.3,72
04/05/2006,56.55,56.7,55.65,55.65,139
04/06/2006,55.1,55.1,54.7,54.825,46
04/07/2006,54.25,54.55,53.775,54.375,161
04/10/2006,54.3,54.55,53.8,53.825,72
04/11/2006,53.8,54,53.65,54.05,14
04/12/2006,54.3,54.45,54.1,54.35,104
04/13/2006,54.3,54.45,54.2,54.225,61
04/17/2006,54.1,54.15,53.975,53.85,30
04/18/2006,64.15,65,64.15,64.725,145
04/19/2006,65.05,65.65,64.525,65.45,43
04/20/2006,65.8,66.25,65.55,66.025,105
04/21/2006,66.25,66.575,65.85,66.175,84
04/24/2006,66.65,66.65,65.575,65.6,240
04/25/2006,65.6,65.8,65.125,65.325,129
04/26/2006,65.75,66.4,65.15,66.2,255
04/27/2006,65.7,65.85,65.275,65.825,43
04/28/2006,65.8,67.825,65.525,67,193
05/01/2006,67.4,67.525,66.7,66.875,160
05/02/2006,66.6,66.6,65.1,65.7,208
05/03/2006,66.05,66.45,65.575,65.975,45
05/04/2006,65.875,66.25,63.975,65.425,207
05/05/2006,65.925,66.5,65.7,66.375,120
05/08/2006,66.45,66.9,66.25,66.65,305
05/09/2006,66.925,67.95,66.925,67.45,286
05/10/2006,67.4,67.95,67.25,67.5,178
05/11/2006,67.1,67.85,66.675,67.1,125
05/12/2006,67.3,67.3,67.3,67.3,0
05/15/2006,67.2,67.475,66.525,66.6,179
05/16/2006,66.4,67.2,66.05,67.375,115
05/17/2006,67.6,68.05,67.375,67.7,276
05/18/2006,67.8,68.2,67.525,67.925,81
05/19/2006,67.8,68.25,67.375,68.15,216
05/22/2006,68.45,68.45,67.425,67.525,118
05/23/2006,67.025,67.025,65.725,66.05,212
05/24/2006,66.1,66.7,65.9,66.45,216
05/25/2006,66.1,66.25,65.5,65.95,130
05/26/2006,66.4,66.45,66.2,66.775,122
05/30/2006,66.85,67.65,66.85,67.7,69
05/31/2006,67.35,68,67.25,68.075,146
06/01/2006,68.425,69.95,68.35,69.6,285
06/02/2006,69.2,69.4,68.9,69.4,153
06/05/2006,69.6,70.05,69.6,70.125,114
06/06/2006,69.8,70.4,69.75,70.3,74
06/07/2006,70.75,71.4,70.75,71.425,13
06/08/2006,72.075,72.075,72.05,72.3,4
06/09/2006,72.7,72.7,72.7,72.95,1
06/12/2006,73.2,73.6,73.2,73.525,14
06/13/2006,74.4,75.25,74.4,75.1,27
06/14/2006,75.2,75.225,74.75,74.7,40
06/15/2006,74.775,75.7,74.35,75.4,198
06/16/2006,75.85,75.85,74.85,75.475,121
06/19/2006,76.3,77.1,76.1,76.925,153
06/20/2006,76.25,76.3,75.5,75.625,198
06/21/2006,75.75,75.75,73.65,74.525,239
06/22/2006,74.65,75.35,74.65,74.875,92
06/23/2006,74.25,74.55,73.1,73.225,136
06/26/2006,72.925,73.85,72,74,108
06/27/2006,73.2,74,72.8,73.85,79
06/28/2006,72.9,72.9,71.9,72.025,98
06/29/2006,71.75,72.775,71.4,72.1,158
06/30/2006,71.85,72.875,71.75,72.55,108
07/03/2006,72.5,72.675,72.1,72.875,118
07/05/2006,73.1,73.3,72.55,73.15,154
07/06/2006,72.75,73.2,72.75,73.325,58
07/07/2006,72.675,72.675,71.4,71.25,258
07/10/2006,71.125,71.2,70.675,70.6,43
07/11/2006,70.45,70.75,70.25,70.825,52
07/12/2006,70.8,70.85,70.7,70.575,8
07/13/2006,70.3,70.8,70.3,70.825,119
07/14/2006,70.55,70.55,70.175,70.125,181
07/17/2006,70.125,70.325,70.125,70.225,7
07/18/2006,68.7,69.35,68.125,68.2,173
07/19/2006,67.45,67.775,67.075,67.8,208
07/20/2006,67.55,67.8,66.875,67.4,241
07/21/2006,67,67.4,67,67.375,155
07/24/2006,66.975,67.85,66.4,67.7,180
07/25/2006,67.1,67.5,66.9,66.925,306
07/26/2006,66.75,67.05,66.375,67.1,361
07/27/2006,67.025,67.95,67.025,67.775,100
07/28/2006,68.25,69.05,68.2,68.65,178
07/31/2006,69,69.1,68.7,68.55,126
08/01/2006,68.3,68.825,68.15,68.6,83
08/02/2006,68.9,69.15,68.75,69.375,168
08/03/2006,69.5,69.75,69.1,69,80
08/04/2006,69.2,69.775,69.2,69.975,65
08/07/2006,70.05,71.4,70,71.425,78
08/08/2006,71.2,71.4,71.2,71.425,15
08/09/2006,71.1,71.225,70.55,70.75,403
08/10/2006,71.45,71.65,71.35,71.525,55
08/11/2006,71.9,71.9,71.8,71.825,11
08/14/2006,71.65,71.8,71.65,71.75,58
08/15/2006,64.55,64.6,63.2,63.15,531
08/16/2006,63.5,64.8,63,64.775,121
08/17/2006,65.2,66,65.2,65.725,220
08/18/2006,66.425,67,66.3,66.325,152
08/21/2006,66.7,67.1,66.5,67.05,191
08/22/2006,66.9,67.3,66.6,67,210
08/23/2006,66.95,67.35,66.3,66.175,253
08/24/2006,66.15,66.7,65.85,66.425,436
08/25/2006,65.75,65.8,65,65.025,191
08/28/2006,65.4,65.65,65.1,65.4,104
08/29/2006,65.15,65.45,64.75,65.375,397
08/30/2006,65.85,67.45,65.85,66.6,229
08/31/2006,66,66.8,65.85,66.9,205
09/01/2006,66.8,67.25,66.6,66.55,287
09/05/2006,67.4,68.4,67.4,68.075,336
09/06/2006,67.85,68.175,67.35,67.825,224
09/07/2006,67.4,67.4,66.8,67.075,206
09/08/2006,66.825,66.825,66.15,66.55,308
09/11/2006,66.45,67.05,66.3,67,254
09/12/2006,67.5,67.7,67.325,67.5,130
09/13/2006,67.15,67.2,65.8,65.925,236
09/14/2006,65.2,65.5,64.725,64.75,207
09/15/2006,65,66.1,65,66,175
09/18/2006,65.65,65.7,63.825,64.7,379
09/19/2006,64.7,65.3,64.65,64.925,193
09/20/2006,64.5,64.5,63.9,64.175,113
09/21/2006,63.9,64.35,63.8,63.85,208
09/22/2006,63.05,63.05,62.4,62.65,680
09/25/2006,63,63.05,61.9,62.125,87
09/26/2006,62.05,62.475,61.85,62.15,300
09/27/2006,61.85,62.5,61.75,62.15,336
09/28/2006,62.85,63.15,62.3,62.55,119
09/29/2006,62.75,63.175,62.6,63.625,213
10/02/2006,63.85,64.2,63.5,64.25,57
10/03/2006,64.3,65.1,64.2,64.5,282
10/04/2006,64.95,65.2,64.6,64.525,277
10/05/2006,64.9,65.4,64.9,65.35,86
10/06/2006,65.35,65.4,64.15,64.575,120
10/09/2006,64.25,64.25,63.95,64.35,35
10/10/2006,64.85,65.1,64.55,64.8,99
10/11/2006,64.8,64.825,64.55,64.65,83
10/12/2006,64.9,65,64.85,65.025,114
10/13/2006,65.3,65.3,65.1,65.15,90
10/16/2006,61.5,62,60.65,60.8,279
10/17/2006,60.85,60.85,59.55,59.725,135
10/18/2006,59.45,59.65,58.875,59.25,258
10/19/2006,59.05,59.05,58.35,58.675,946
10/20/2006,58.625,59.55,58.55,59.35,394
10/23/2006,59.2,60.3,59.2,60.025,280
10/24/2006,60.2,60.3,59.6,59.85,315
10/25/2006,60.1,61.5,60.1,61.475,711
10/26/2006,62.3,64.475,62.225,64.475,1246
10/27/2006,64.5,64.9,63.95,64.6,1569
10/30/2006,64.8,65.35,64.25,65.25,564
10/31/2006,65.25,65.825,64.15,64.95,441
11/01/2006,65.05,65.05,64.35,64.4,434
11/02/2006,63.9,65.9,63.8,64.6,1412
11/03/2006,64.55,64.6,63.85,64.175,440
11/06/2006,64.2,64.6,63.85,64.525,298
11/07/2006,64.25,64.65,63.775,64.625,428
11/08/2006,64.3,65.825,64.075,65.3,494
11/09/2006,65.125,65.125,64.375,64.7,394
11/10/2006,64,64,62.9,62.975,321
11/13/2006,62.5,62.5,61.125,61.225,683
11/14/2006,61,61.8,60.75,61.675,553
11/15/2006,61.225,61.35,60.875,60.95,619
11/16/2006,61.4,62.175,61.15,62.05,492
11/17/2006,61.2,61.8,61.075,61.25,255
11/20/2006,61.6,62.25,61.6,62.05,389
11/21/2006,62.45,62.8,62.25,62.35,361
11/22/2006,62.6,62.675,62,62.2,181
11/24/2006,62.65,62.875,62.5,62.975,25
11/27/2006,62.5,63.55,62.075,62.45,522
11/28/2006,62,62.1,61,61.175,147
11/29/2006,60.8,61.325,60.8,61.25,233
11/30/2006,61.5,61.65,61.3,61.675,96
12/01/2006,61.5,61.5,60.9,61.125,26
12/04/2006,60.4,60.8,60.35,60.75,83
12/05/2006,61,61.8,61,61.85,37
12/06/2006,61.7,62,61.35,61.525,118
12/07/2006,62,62.325,62,62.425,78
12/08/2006,62.6,62.6,62.225,62.325,52
12/11/2006,61.9,62,61.7,61.775,30
12/12/2006,61.55,61.55,61.55,61.45,50
12/13/2006,61.25,61.3,61.25,61.325,24
12/14/2006,61.25,61.25,61.15,61.075,22
12/15/2006,62.175,62.6,61.775,62.25,390
12/18/2006,62,62.3,61.8,61.875,371
12/19/2006,62.45,63.175,62.45,62.725,517
12/20/2006,62.7,63.1,62.3,62.45,559
12/21/2006,62.25,62.95,62.25,62.7,279
12/22/2006,62.7,63.2,62.6,63.05,286
12/26/2006,63.15,63.275,61.05,62.35,578
12/27/2006,62.55,62.8,62.025,62.475,452
12/28/2006,62.2,62.975,61.95,62.05,554
12/29/2006,61.825,61.875,61.35,61.7,811
01/02/2007,61.7,61.7,61.7,61.7,0
01/03/2007,61.3,61.3,59.15,59.5,1986
01/04/2007,59.6,60.7,59.5,60.3,1471
01/05/2007,60.6,60.875,60.2,60.4,876
01/08/2007,60.4,60.9,60,60.3,1018
01/09/2007,60.05,60.3,59.575,59.75,947
01/10/2007,59.725,61.15,59.425,60.55,1374
01/11/2007,60.675,60.8,60.3,60.5,951
01/12/2007,60.5,61.075,60.4,60.375,989
01/16/2007,60.6,61.475,60,60.625,1273
01/17/2007,61.2,62.15,61.075,61.875,622
01/18/2007,61.925,62.1,61.55,61.8,498
01/19/2007,61.9,62.3,61.25,61.575,558
01/22/2007,61.7,62.55,60.725,60.95,623
01/23/2007,61.1,61.8,60.775,61.8,360
01/24/2007,61.85,62.8,61.35,62.825,466
01/25/2007,62.8,63.275,62.575,63.35,452
01/26/2007,63.55,63.9,63.25,63.875,457
01/29/2007,64,64.65,63.975,64.05,225
01/30/2007,64,64,63.4,63.575,167
01/31/2007,63.9,64.55,63.85,64.525,129
02/01/2007,64.5,64.8,64.1,64.725,198
02/02/2007,64.8,65.3,64.5,65.35,102
02/05/2007,65.5,65.5,64.75,64.675,64
02/06/2007,64.5,64.9,64.4,64.875,22
02/07/2007,65.75,65.75,64.9,65.075,44
02/08/2007,65.15,65.15,64.25,65.175,42
02/09/2007,65.5,66.6,65.475,66.275,161
02/12/2007,66.75,66.95,66.625,67.05,23
02/13/2007,67.1,67.2,67.05,67.175,38
02/14/2007,67.2,67.2,67.15,67.125,1
02/15/2007,69,69.25,68.5,68.7,1509
02/16/2007,69,69.4,68.65,68.5,832
02/20/2007,68,68,66.825,66.85,1249
02/21/2007,66.85,67.2,66.45,66.975,974
02/22/2007,66.9,67.475,66.8,67.025,710
02/23/2007,66.925,67.1,66.2,66.75,1296
02/26/2007,66.6,67.375,66.45,66.875,1045
02/27/2007,66.75,67.4,66.25,67.425,931
02/28/2007,67.2,68.8,67.1,67.75,1176
03/01/2007,67.475,67.475,66,66.125,1459
03/02/2007,66.025,66.975,65.65,66.35,1397
03/05/2007,66.1,66.1,64.85,65,1484
03/06/2007,65.075,65.5,64.975,65,1495
03/07/2007,64.9,65.9,64.75,65.675,1362
03/08/2007,66.35,68.675,66.35,67.75,2618
03/09/2007,67.65,68.25,67.375,67.95,1245
03/12/2007,68.5,68.5,67.4,67.95,1136
03/13/2007,67.75,68.3,67.5,67.45,1076
03/14/2007,66.75,66.8,65.45,66.225,1461
03/15/2007,66.125,66.45,65.8,65.875,503
03/16/2007,65.075,65.075,64.125,64.4,1608
03/19/2007,64.225,65.05,64.1,64.375,582
03/20/2007,64.3,64.65,63.95,64.075,1008
03/21/2007,63.55,63.55,63,63.375,1091
03/22/2007,63.5,63.95,63.3,63.8,689
03/23/2007,63.575,63.6,63,63.575,836
03/26/2007,64.2,64.25,63.75,63.8,253
03/27/2007,63.7,63.925,63.2,63.375,367
03/28/2007,63.3,63.5,63,63.4,427
03/29/2007,63.4,63.675,63.4,63.5,209
03/30/2007,63.4,64.2,63.05,63.85,663
04/02/2007,64,65,64,65.025,469
04/03/2007,65.2,65.75,64.75,65.375,907
04/04/2007,65,65.525,64.8,65.375,579
04/05/2007,65.4,65.625,64.7,65.175,336
04/06/2007,65.175,65.175,65.175,65.175,0
04/09/2007,65.325,65.325,64.8,65.025,149
04/10/2007,64.95,65.1,64.65,64.775,444
04/11/2007,64.775,64.8,64.6,64.75,289
04/12/2007,64.95,65.125,64.725,65.15,519
04/13/2007,65.2,65.5,65.2,65.475,135
04/16/2007,65.55,65.6,65.55,65.55,280
04/17/2007,78,78.1,77.425,77.45,1072
04/18/2007,77,77.25,76.6,76.6,1311
04/19/2007,77.025,77.7,76.8,77.6,961
04/20/2007,77.75,77.9,76.625,77.05,1454
04/23/2007,77.2,77.35,76.3,76.5,944
04/24/2007,76.7,76.875,75.4,75.45,962
04/25/2007,75.45,76.55,75.25,76.15,1317
04/26/2007,76.175,76.6,74.9,75.175,1352
04/27/2007,75.35,75.7,74.275,74.575,1215
04/30/2007,74.875,75.5,74.8,75.1,2106
05/01/2007,75.325,75.575,74.475,75.525,946
05/02/2007,75.825,75.95,74.1,74.2,1824
05/03/2007,74,74.4,73.3,73.525,1424
05/04/2007,73.5,75,73.25,74.825,1366
05/07/2007,74.35,75.65,74.35,74.875,1245
05/08/2007,74.725,74.875,74.1,74.5,1608
05/09/2007,74.4,74.75,73.85,74.375,1399
05/10/2007,74.55,74.8,74.15,74.65,2954
05/11/2007,74.7,75.2,74.575,74.975,820
05/14/2007,75.075,75.075,74.125,74.5,1112
05/15/2007,74.25,74.825,74.225,74.55,430
05/16/2007,74.8,75.7,74.55,75.6,1561
05/17/2007,75.625,75.925,75.275,75.625,2040
05/18/2007,75.75,75.9,75.25,75.4,943
05/21/2007,75.25,75.5,74.675,75.325,1078
05/22/2007,75.325,75.45,74.5,74.65,1580
05/23/2007,74.625,74.675,74.15,74.625,1870
05/24/2007,74.55,74.975,74.5,74.95,853
05/25/2007,74.6,74.725,74.3,74.725,1527
05/29/2007,74.5,75.1,74.3,74.925,2118
05/30/2007,74.75,75.275,74.7,75.275,1314
05/31/2007,75.275,75.275,74.575,75.075,1753
06/01/2007,74.65,75.075,74.575,74.875,2413
06/04/2007,74.65,74.8,74.3,74.55,1073
06/05/2007,74.475,74.7,74.2,74.65,1107
06/06/2007,74.4,74.45,73.3,73.35,999
06/07/2007,73.25,73.75,73.05,73.1,1511
06/08/2007,73.2,73.25,72.8,72.875,553
06/11/2007,72.9,72.9,72.625,72.675,566
06/12/2007,72.875,73.175,72.8,73.025,897
06/13/2007,72.8,72.95,72.5,72.775,1067
06/14/2007,72.8,72.85,72.5,72.7,252
06/15/2007,76.35,76.95,76.35,76.45,3594
06/18/2007,76.425,76.7,75.325,75.7,2697
06/19/2007,75.9,76.1,74.575,75.175,6545
06/20/2007,75.15,75.45,74.7,74.725,4982
06/21/2007,74.85,75.15,74.6,74.8,3602
06/22/2007,74.725,74.8,73.7,74.025,5127
06/25/2007,73.9,74.35,73.7,74.1,1815
06/26/2007,73.85,73.9,72.55,72.675,3475
06/27/2007,72.6,72.675,71.85,72.325,2244
06/28/2007,72.2,72.3,71.7,71.9,2444
06/29/2007,71.75,71.825,70.85,71.225,1976
07/02/2007,70.85,70.9,70.05,70.475,683
07/03/2007,70.25,71.25,70.025,71.075,1180
07/05/2007,71.8,72.225,71.25,72.125,1199
07/06/2007,72.25,72.5,71,71.325,1616
07/09/2007,71.1,71.1,70.325,70.55,1003
07/10/2007,70.65,70.95,70.1,70.325,1330
07/11/2007,70,70,69.675,69.825,464
07/12/2007,69.7,69.975,69.65,69.65,157
07/13/2007,69.6,69.7,68.925,69.025,232
07/16/2007,69.1,69.3,69.1,69.2,26
07/17/2007,72.9,75.95,72.75,74.025,6260
07/18/2007,73.8,74.6,73,73.85,5846
07/19/2007,74,74.6,73.075,73.6,1473
07/20/2007,73.65,74.525,73.65,73.875,1453
07/23/2007,74.275,74.75,73.7,74.55,596
07/24/2007,74.65,74.975,73.925,74.15,954
07/25/2007,74.45,74.45,73.475,74.1,2501
07/26/2007,74.025,74.9,72.7,73.15,2710
07/27/2007,72.95,73.45,71.1,72.775,641
07/30/2007,72.9,73.375,72.65,73.225,1144
07/31/2007,73.45,73.7,72.825,73.325,1156
08/01/2007,73.15,73.15,72.05,72.325,2266
08/02/2007,72.225,73.2,72.075,73.125,688
08/03/2007,73.4,75.575,72.9,74.375,562
08/06/2007,74.9,74.9,73.65,74.575,961
08/07/2007,74.6,75.4,74.1,75.075,1795
08/08/2007,75.3,75.95,74.7,74.825,937
08/09/2007,74.85,75,73.5,73.925,591
08/10/2007,73.85,73.9,73,73.425,562
08/13/2007,73.9,74.075,73.525,73.95,235
08/14/2007,73.95,74.2,73.75,74,275
08/15/2007,69.75,70.5,68.175,68.575,3725
08/16/2007,68.55,68.9,65.7,66.975,4718
08/17/2007,67.65,67.95,67.05,67.275,2244
08/20/2007,67.35,67.85,66.85,67.1,1755
08/21/2007,67.15,68.45,67.05,68.2,2864
08/22/2007,68.375,68.75,67.6,67.8,2171
08/23/2007,67.55,68.575,67.3,68.475,2176
08/24/2007,68.4,71.4,67.9,70.65,5251
08/27/2007,70.65,70.65,67.65,67.7,4254
08/28/2007,67.5,68.175,66.85,67.9,3781
08/29/2007,67.6,68.55,67.4,67.75,2308
08/30/2007,67.5,68.3,67.375,67.85,1897
08/31/2007,68,68.125,66.925,66.825,2192
09/04/2007,66.85,67.95,66.85,67.075,2432
09/05/2007,67.35,67.45,65.9,65.9,2579
09/06/2007,66.175,66.65,65.8,66,2090
09/07/2007,66.15,66.4,65.6,66.3,1953
09/10/2007,66.8,67.25,66.05,66.45,3675
09/11/2007,66.4,66.6,65.675,65.85,3836
09/12/2007,65.75,66.2,65.05,65.2,3863
09/13/2007,65.5,65.9,65.325,65.4,3762
09/14/2007,65.6,66.25,65.2,65.55,3234
09/17/2007,65.95,66.25,64.35,65.025,3187
09/18/2007,65.025,65.2,63.525,63.875,2459
09/19/2007,64,64.125,62.8,63.2,2166
09/20/2007,63.25,63.825,62.25,62.375,1380
09/21/2007,62.25,62.4,60.925,61.35,2139
09/24/2007,61.3,61.85,61.15,61.525,1495
09/25/2007,61.35,61.575,60.85,61,1708
09/26/2007,60.8,60.95,60.1,60.3,1182
09/27/2007,60,60.25,58.4,58.9,1166
09/28/2007,58.6,59.675,58.425,58.9,1373
10/01/2007,58,58.3,57.25,58.15,1602
10/02/2007,58.05,58.4,57.05,58.2,967
10/03/2007,58.2,58.95,58.05,58.675,703
10/04/2007,58.75,59,57.8,58.65,1204
10/05/2007,58.55,58.85,57.85,58.225,912
10/08/2007,58.1,58.3,57.475,57.675,417
10/09/2007,57.725,57.725,57.325,57.475,614
10/10/2007,57.35,57.525,57.15,57.375,584
10/11/2007,57.4,57.75,57.3,57.55,737
10/12/2007,57.6,57.75,57.55,57.625,232
10/15/2007,58.65,59,57.725,58.325,2066
10/16/2007,58.325,59.1,57.6,57.725,2286
10/17/2007,57.725,58.15,56.9,57,2035
10/18/2007,57.65,58.2,57.1,57.375,2472
10/19/2007,57.55,57.9,56.975,56.925,2278
10/22/2007,56.875,57.125,56.4,56.9,1406
10/23/2007,57.1,57.325,56.05,56.275,2635
10/24/2007,56.1,56.425,55.25,55.35,2762
10/25/2007,55.325,55.75,54.575,54.6,2567
10/26/2007,55,55.1,54.2,54.525,2471
10/29/2007,54.6,55.4,54.35,54.475,1666
10/30/2007,54.4,54.6,53.65,53.9,3151
10/31/2007,53.65,54.4,53.475,53.875,3208
11/01/2007,53.8,53.95,52.1,52.25,3451
11/02/2007,52.55,52.95,52.3,52.425,1683
11/05/2007,52.325,52.65,51.8,52.025,1805
11/06/2007,52.25,52.5,51.05,51.125,2531
11/07/2007,51.35,51.8,51,51.475,4348
11/08/2007,51.5,51.85,51,51.475,4468
11/09/2007,51.275,54.4,51.1,53.9,5086
11/12/2007,53.8,54,52.35,52.55,4353
11/13/2007,52.675,54.525,52.55,54.05,6494
11/14/2007,53.8,53.825,52.85,52.95,4119
11/15/2007,53.075,53.5,52.675,52.8,3783
11/16/2007,52.7,53.2,52.375,52.525,1328
11/19/2007,52.275,52.7,50.65,52,2376
11/20/2007,52.5,55,52.3,54.825,5472
11/21/2007,54.5,56.125,54.175,55.75,3242
11/23/2007,55.8,56.125,54.9,55.6,1189
11/26/2007,55.9,56.1,55.1,55.6,1869
11/27/2007,55.45,55.45,54.425,54.55,2229
11/28/2007,54.425,55.275,54.35,54.875,2450
11/29/2007,55.275,55.575,54.4,54.775,2861
11/30/2007,54.825,55.225,54.45,54.9,2230
12/03/2007,54.8,55.2,54.3,54.7,3483
12/04/2007,54.5,54.6,53.85,54.3,2630
12/05/2007,54,55.5,53.9,55.375,1576
12/06/2007,55.1,55.25,54.825,55.15,887
12/07/2007,55.15,55.525,54.95,55.475,966
12/10/2007,55.5,55.925,55.4,55.825,1445
12/11/2007,55.65,55.675,55.1,55.2,851
12/12/2007,55.3,55.3,54.9,55.175,831
12/13/2007,55.2,55.3,55.05,55.175,969
12/14/2007,55.1,55.25,55,55.1,364
12/17/2007,59.7,60.05,59.225,59.25,3208
12/18/2007,59.3,60.1,59.225,59.825,2752
12/19/2007,59.75,60.25,59.6,60.1,3513
12/20/2007,59.85,60.3,59.55,59.9,2116
12/21/2007,59.85,60.2,59.775,59.725,1513
12/24/2007,59.85,59.9,59.6,59.8,489
12/26/2007,59.6,60.85,59.5,59.975,1984
12/27/2007,59.85,59.975,58.75,59.275,3123
12/28/2007,58.9,59,57.125,57.3,5774
12/31/2007,57.2,58.1,57,57.875,1694
01/02/2008,57.75,57.775,56.45,57.175,3595
01/03/2008,57.3,57.3,56.35,56.475,2681
01/04/2008,56.3,57,56.025,56.4,2449
01/07/2008,56.25,56.475,55.375,55.7,2356
01/08/2008,55.75,56.15,55.325,55.875,7049
01/09/2008,55.825,56.65,55.65,56.525,10338
01/10/2008,56.425,56.8,55.45,55.525,7471
01/11/2008,55.8,56.025,53.95,54,7732
01/14/2008,54.5,55,53.95,54.1,8228
01/15/2008,54.25,55,54.2,54.65,6884
01/16/2008,54.375,54.9,53.875,54.45,5148
01/17/2008,54.9,56.225,54.65,55.2,4681
01/18/2008,55.1,55.45,54.725,54.975,2622
01/22/2008,54.65,55.775,54.35,55.275,2737
01/23/2008,55.75,56.4,55,55.25,3418
01/24/2008,55.55,56.55,55.35,56,2335
01/25/2008,56.15,56.75,56,56.2,2336
01/28/2008,56.35,57.4,55.75,57.25,3111
01/29/2008,57.275,58.35,57.2,58,3689
01/30/2008,58.2,58.6,58,58.45,2798
01/31/2008,58.35,58.775,57.75,58.475,2089
02/01/2008,58.8,59.75,58.8,59.875,1654
02/04/2008,59.75,60.2,59.375,59.775,1142
02/05/2008,59.95,60.15,59.05,59.2,2294
02/06/2008,59.3,59.55,58.75,58.95,1221
02/07/2008,58.75,58.85,58.35,58.55,1102
02/08/2008,58.4,58.4,58.05,58.075,1001
02/11/2008,58.075,58.1,57.825,57.85,512
02/12/2008,58,58.625,58,58.575,870
02/13/2008,58.475,58.475,58.05,58.125,1529
02/14/2008,58.3,58.45,58.2,58.375,722
02/15/2008,64.35,65.05,64.2,64.2,4471
02/19/2008,64.2,64.9,63.95,64.525,3013
02/20/2008,64.4,65.5,64.025,65.075,3956
02/21/2008,65,65.45,63.6,64,5094
02/22/2008,64.25,64.4,63.3,63.5,3937
02/25/2008,62.65,62.65,60.5,60.5,6121
02/26/2008,60.6,61.3,60.5,60.75,4109
02/27/2008,60.8,61.475,60.1,60.975,4808
02/28/2008,61.025,61.475,60.425,61.25,5145
02/29/2008,61.1,61.5,59.65,59.95,7342
03/03/2008,59.7,60,58.5,58.8,5696
03/04/2008,58.725,58.85,56.75,56.85,5831
03/05/2008,57.1,57.65,56.7,56.775,5753
03/06/2008,57.05,58.725,57.05,57.4,7683
03/07/2008,57.75,58.45,57.45,57.85,10035
03/10/2008,57.8,58.25,57.4,57.725,5457
03/11/2008,57.85,58.9,57.7,58.3,6655
03/12/2008,58.5,58.7,57.225,57.75,8812
03/13/2008,57.625,57.75,56.85,57.2,7329
03/14/2008,56.85,56.85,54.7,55.025,7416
03/17/2008,55.1,56.85,55.1,55.925,7834
03/18/2008,55.85,56.45,55.45,55.575,3372
03/19/2008,55.55,55.55,54.7,54.95,3622
03/20/2008,55.4,57,54.125,56.325,4406
03/24/2008,56.4,56.4,55.55,56.3,2376
03/25/2008,56.375,58.2,56.15,57.9,4471
03/26/2008,57.6,57.925,56.8,57.425,2269
03/27/2008,57.65,58.7,57.425,57.975,2914
03/28/2008,57.9,58.3,57.6,58.1,1708
03/31/2008,56.525,57.35,55.9,57.075,1607
04/01/2008,56.55,56.9,55.775,56,2531
04/02/2008,55.9,56.1,55,55.6,2466
04/03/2008,56.05,58.35,56.05,57.625,2394
04/04/2008,58.3,59,57.65,58.525,1995
04/07/2008,58.5,59,58.5,58.9,1177
04/08/2008,58.85,59.35,58.7,59.15,1388
04/09/2008,59.3,59.95,59.2,59.425,2134
04/10/2008,59.375,59.75,58.8,59.175,2172
04/11/2008,59.2,59.3,58.8,58.95,766
04/14/2008,58.9,58.95,58.65,58.775,432
04/15/2008,72.5,74.925,72.425,74.1,8746
04/16/2008,73.825,74.7,73.375,73.975,5705
04/17/2008,74.675,75.175,72.8,72.95,8000
04/18/2008,73.45,74.55,73.1,74.35,6537
04/21/2008,74.25,74.35,72.8,72.975,5294
04/22/2008,73,74.25,72.55,73.675,5352
04/23/2008,74.275,76,74.075,75.425,7147
04/24/2008,75.95,75.95,73.8,75,8194
04/25/2008,75.7,77.175,75.225,76.35,8043
04/28/2008,76.5,76.725,75.025,75.45,4041
04/29/2008,75.75,75.75,72.45,72.55,9323
04/30/2008,72.9,74,72.675,73.475,7051
05/01/2008,73.75,74.075,70.525,71.1,9123
05/02/2008,71.9,72.425,71.5,71.95,5639
05/05/2008,72.35,73.925,72.2,73.2,4100
05/06/2008,73.85,74.9,73.4,74.75,5788
05/07/2008,74.8,75.95,73.8,75.275,8009
05/08/2008,75.7,77,75.7,76.475,7558
05/09/2008,76.55,77.3,76.425,76.875,9441
05/12/2008,76.9,78.075,76.3,77.025,7856
05/13/2008,77.95,78.6,77.35,77.675,9664
05/14/2008,77.95,78.4,76.7,78.175,6405
05/15/2008,77.95,78.5,77.125,77.075,5681
05/16/2008,77.2,78.075,76,76.35,4807
05/19/2008,76.25,76.725,75.75,76.125,2559
05/20/2008,76.125,76.825,76.025,76.55,2820
05/21/2008,76.7,77.1,76.15,76.5,2808
05/22/2008,76.5,77,76.225,76.95,1805
05/23/2008,77.05,77.925,76.85,77.85,2390
05/27/2008,77.85,78.25,76.5,76.95,3348
05/28/2008,76.9,77.2,76.5,76.75,2169
05/29/2008,76.7,77,76,76.175,4787
05/30/2008,76.5,77.9,76.425,77.75,3096
06/02/2008,77.6,77.6,76.1,76.325,2560
06/03/2008,76.1,76.3,75.575,76.025,1484
06/04/2008,75.725,75.725,74.9,75.375,2247
06/05/2008,75.575,76,75.3,75.325,2304
06/06/2008,75.45,75.8,74.875,75.125,1585
06/09/2008,74.75,74.75,73.875,73.975,1896
06/10/2008,73.9,74.1,73.55,73.725,1384
06/11/2008,73.6,74,73.4,73.975,1829
06/12/2008,73.65,73.7,73.35,73.475,971
06/13/2008,73.45,73.65,73.3,73.4,662
06/16/2008,73.625,74.1,72.625,72.875,5612
06/17/2008,73.575,75.2,73.575,74.625,6290
06/18/2008,75.025,75.2,74.45,74.85,3485
06/19/2008,75,75.7,73.95,74.275,3085
06/20/2008,75.15,77.275,74.95,77.175,1770
06/23/2008,77.3,77.3,76.1,76.25,1772
06/24/2008,76.5,76.525,74.6,74.9,3008
06/25/2008,74.85,74.9,73.5,73.9,3673
06/26/2008,74.2,74.2,72.975,73.25,2930
06/27/2008,73.3,73.55,72.825,73.2,1406
06/30/2008,72.9,72.9,71.45,71.775,2250
07/01/2008,71.55,71.85,70.875,70.9,1308
07/02/2008,70.975,72.025,70.975,71.825,908
07/03/2008,71.8,72.45,71.65,72.275,834
07/04/2008,72.275,72.275,72.275,72.275,0
07/07/2008,72.325,72.55,72.1,72.4,867
07/08/2008,72.55,72.8,71.6,71.8,1381
07/09/2008,72.2,73.3,71.925,72.675,833
07/10/2008,73.125,74.1,73.125,73.95,1049
07/11/2008,74.15,75,73.975,74.975,1089
07/14/2008,74.95,75.05,74.65,74.8,547
07/15/2008,74.75,74.8,74.55,74.625,171
07/16/2008,75.525,77.175,74.7,76.575,7234
07/17/2008,77.05,77.35,75.7,76.7,6518
07/18/2008,77.05,78.05,76.8,76.9,4102
07/21/2008,77.1,77.7,76.475,77.575,4187
07/22/2008,77.725,78.75,77.5,78.75,4287
07/23/2008,78.65,78.725,77.4,78.4,5603
07/24/2008,78.725,79.9,78.45,79.725,4449
07/25/2008,79.9,79.925,78.55,78.6,3359
07/28/2008,79.075,79.075,77.8,78.55,2926
07/29/2008,78.6,78.75,77.2,78.025,2764
07/30/2008,78.15,79.25,77.35,78.875,2515
07/31/2008,79.075,80.6,78.975,79.625,3254
08/01/2008,80.325,81.8,80.3,81.575,2498
08/04/2008,82.15,82.75,81.9,82.25,2140
08/05/2008,82.4,83.225,82.3,82.775,1507
08/06/2008,83.075,84.775,83.075,84.4,1359
08/07/2008,85,87.1,84.4,85.975,1950
08/08/2008,87.025,88.975,87.025,88.975,1459
08/11/2008,89.15,90,89.15,89.975,1562
08/12/2008,89.7,89.7,88.025,88.5,1169
08/13/2008,88.4,88.5,88.05,88.225,626
08/14/2008,88.35,88.6,88.125,88.575,437
08/15/2008,76.6,76.825,75.2,75.55,6035
08/18/2008,75.75,76.5,75.625,75.8,3995
08/19/2008,76.25,76.45,74.925,75.25,4516
08/20/2008,75,75.75,74.2,75.1,4347
08/21/2008,74.5,75.575,73.6,74.775,4581
08/22/2008,74.45,74.7,73.625,73.75,4554
08/25/2008,73.85,74.175,73.075,74,2791
08/26/2008,73.6,74.025,72.625,73.5,3541
08/27/2008,72.75,72.85,70.5,70.5,6483
08/28/2008,69.875,69.875,68.425,68.525,9235
08/29/2008,68.4,69.375,68.25,68.425,6477
09/02/2008,68.2,70.3,68.075,69.55,5807
09/03/2008,69.7,70.425,68.425,68.65,6664
09/04/2008,68.75,69.5,68.35,69.025,5731
09/05/2008,69.025,70.125,68.925,69.425,5567
09/08/2008,69.45,70,68.55,68.85,6534
09/09/2008,68.525,68.875,66.725,66.9,9577
09/10/2008,67.1,67.8,66.5,67.5,8592
09/11/2008,67.45,68.975,66.6,68.625,8938
09/12/2008,68.5,68.825,65.925,66.1,9309
09/15/2008,66.225,67.8,66.15,67.35,7552
09/16/2008,67.5,67.775,65.5,67.475,6561
09/17/2008,67.3,69,67.2,68.275,5240
09/18/2008,68.7,69.25,66.975,67.825,7187
09/19/2008,68.325,69.45,68,68.2,3494
09/22/2008,68.7,69.7,68.2,68.65,5695
09/23/2008,68.375,68.675,67.75,68.45,4236
09/24/2008,68.45,69.175,67.975,68.95,3187
09/25/2008,68.95,69.475,68.925,69.275,2411
09/26/2008,69.15,69.75,68.9,69.625,2623
09/29/2008,69,69.3,68.5,68.55,2351
09/30/2008,68.7,69.5,68.25,68.575,2330
10/01/2008,68.525,69.05,67.25,67.725,2825
10/02/2008,67.2,67.35,64.975,65.95,3665
10/03/2008,65.8,67.1,65.425,66.425,1692
10/06/2008,65.875,66.725,64.725,66.475,1598
10/07/2008,67,67.475,66.55,66.9,1820
10/08/2008,67.35,68,66.8,67.875,1737
10/09/2008,67.1,67.575,66.6,66.975,1216
10/10/2008,66.6,66.775,65.5,66,1118
10/13/2008,66.25,66.3,65.775,65.975,931
10/14/2008,65.775,65.8,65.55,65.625,521
10/15/2008,60.25,60.275,57.5,58.075,6316
10/16/2008,57.275,57.275,55.45,55.975,6948
10/17/2008,56.875,57.875,56.275,56.3,4812
10/20/2008,56.75,57.5,56.2,56.25,3383
10/21/2008,56.4,58.3,56.075,57.775,7256
10/22/2008,57.85,58.275,56.7,57.65,5541
10/23/2008,57.9,58.7,57.525,57.925,5237
10/24/2008,58.25,58.625,56,58.5,6337
10/27/2008,58.45,59.175,57.725,58.55,4865
10/28/2008,58.1,58.6,57.625,58.05,4899
10/29/2008,58.1,58.7,56.6,57.575,7224
10/30/2008,56.75,57,55.85,56,7031
10/31/2008,56.025,56.5,54.8,54.8,8756
11/03/2008,54.925,55.2,54.1,54.4,5757
11/04/2008,54.8,54.95,53.9,54.425,6867
11/05/2008,53.95,54.975,53.8,54.475,7197
11/06/2008,54.375,55.9,54.3,54.825,5454
11/07/2008,55.625,55.95,55.125,55.4,6975
11/10/2008,55.05,55.45,54.7,55,9114
11/11/2008,55.2,55.5,54.4,54.975,6664
11/12/2008,55.45,56.5,55.35,55.45,8101
11/13/2008,55.55,56.575,55.375,56.2,7552
11/14/2008,56.225,56.25,55.5,55.575,4811
11/17/2008,55.25,55.75,55.2,55.3,4290
11/18/2008,55.175,55.9,55.05,55.45,4238
11/19/2008,55.65,56.15,55.55,55.925,3417
11/20/2008,55.75,57.375,55.075,56.8,6232
11/21/2008,56.525,57.2,56.5,56.875,3236
11/24/2008,57.125,57.675,57.025,57.375,2173
11/25/2008,57.4,58.1,57.05,57.725,3487
11/26/2008,58.075,58.95,57.925,58.675,2563
11/28/2008,58.85,59.7,58.25,59.5,493
12/01/2008,58.925,59.2,58.3,58.725,2554
12/02/2008,58.7,59.075,58.25,58.375,2520
12/03/2008,58.35,58.5,57.45,57.575,2686
12/04/2008,57.8,57.8,56.9,57.1,2654
12/05/2008,56.9,57.975,56.825,57.45,3535
12/08/2008,57.65,57.8,56.875,56.975,1750
12/09/2008,57,57.575,56.725,57.275,2377
12/10/2008,57.075,57.25,56.5,56.875,2604
12/11/2008,56.5,56.55,55.95,56.15,2092
12/12/2008,55.9,56.2,55.9,56.025,365
12/15/2008,62.475,62.875,62.4,62.575,2704
12/16/2008,62.775,62.975,62.1,62.45,4923
12/17/2008,62.05,62.925,61.5,62.625,5134
12/18/2008,62.65,62.775,62.225,62.475,3740
12/19/2008,62.55,62.6,61.675,61.7,5555
12/22/2008,61.65,61.85,60.8,60.9,7566
12/23/2008,60.9,61.475,60.625,61.2,2593
12/24/2008,61.1,61.3,60.575,60.85,915
12/26/2008,60.8,60.8,58.85,58.95,4627
12/29/2008,59,59.725,58.95,59.15,5347
12/30/2008,59.1,59.975,59.025,59.725,3240
12/31/2008,59.5,60.825,58.9,60.875,5721
01/02/2009,60.875,63.875,60.8,63.85,8940
01/05/2009,63.95,63.95,62.4,62.675,7689
01/06/2009,62.775,64.525,62.7,63.95,9631
01/07/2009,64.5,65.3,63.35,63.55,7805
01/08/2009,63.55,63.8,62.15,62.425,9868
01/09/2009,63.15,63.15,62.35,62.45,7648
01/12/2009,62.35,62.7,61.35,61.475,7371
01/13/2009,61.475,61.725,61.25,61.45,8215
01/14/2009,61.45,61.475,58.45,59.925,10107
01/15/2009,59.75,59.925,59.1,59.825,5635
01/16/2009,59.75,60.725,59.55,59.95,4649
01/20/2009,59.95,60.325,59.15,59.725,5262
01/21/2009,59.75,60.05,58.125,59.325,4799
01/22/2009,59.725,60.125,59.325,59.65,3790
01/23/2009,59.65,59.85,58.5,58.925,3496
01/26/2009,58.65,59.075,57.675,58,2984
01/27/2009,57.875,58,55.6,55.75,4097
01/28/2009,55.95,56.925,55.55,56.725,3384
01/29/2009,56.675,57.325,56.45,57,2480
01/30/2009,56.85,58.75,56.55,58.55,1764
02/02/2009,58.475,58.85,57.775,57.95,2966
02/03/2009,57.875,57.925,56.075,57.6,2285
02/04/2009,57.7,57.85,56.5,57.225,3007
02/05/2009,56.9,57.1,56.325,56.5,1781
02/06/2009,56.525,56.775,56.15,56.35,1118
02/09/2009,56.5,56.5,55.95,56.05,821
02/10/2009,56.45,57.1,56.25,56.75,1564
02/11/2009,56.95,58.25,56.95,57.6,986
02/12/2009,58,58.925,58,58.825,1052
02/13/2009,58.9,59.05,58.75,58.825,671
02/17/2009,63.25,63.425,60.75,61.05,5962
02/18/2009,60.725,61.725,60.1,60.8,6694
02/19/2009,60.125,61,59.675,60.575,5896
02/20/2009,60.7,61,57.9,57.95,5923
02/23/2009,58.125,58.65,57.75,58.225,3832
02/24/2009,57.6,57.95,56.875,57.7,4173
02/25/2009,57.6,59.325,57.025,59.1,5211
02/26/2009,59.35,59.5,58.6,58.975,4082
02/27/2009,59.025,61.075,58.6,60.9,7836
03/02/2009,60.925,60.975,59.825,60.275,5152
03/03/2009,60,61.325,60,60.85,6198
03/04/2009,61,62.8,60.775,62.325,8377
03/05/2009,62.075,62.65,61.6,62.425,6210
03/06/2009,61.825,62.875,61.125,62.5,10775
03/09/2009,62.5,63.15,62.15,62.425,7648
03/10/2009,62.225,62.475,59.9,60.525,9754
03/11/2009,60.6,61.125,60.175,60.325,8598
03/12/2009,60.45,62.425,60.225,62.225,8785
03/13/2009,62.4,63.75,62.325,63.2,8334
03/16/2009,62.9,63.45,62.075,62.75,6116
03/17/2009,62.25,62.8,61.725,62.15,5336
03/18/2009,62.275,62.625,61.9,62.25,4931
03/19/2009,62.275,63.1,61.975,62.05,5329
03/20/2009,62.65,62.925,61.675,61.75,3952
03/23/2009,61.75,62.025,59.75,60.65,6419
03/24/2009,60.75,61.6,60.625,61.35,2842
03/25/2009,61.575,61.675,60.1,61.25,3327
03/26/2009,60.125,61.325,60.1,60.525,4095
03/27/2009,60.25,60.825,60.2,60.475,2867
03/30/2009,60.2,60.9,60,60.55,1809
03/31/2009,60.7,60.9,59.8,60.35,3629
04/01/2009,60.3,60.475,59.625,60.15,2282
04/02/2009,59.775,60.125,59.325,59.675,2562
04/03/2009,60.05,60.775,59.65,60.275,2230
04/06/2009,60,60.5,59.425,59.725,2847
04/07/2009,59.55,59.55,58.975,59.175,2945
04/08/2009,59.35,59.6,58.325,58.375,2644
04/09/2009,58.5,58.5,57.9,58,2219
04/13/2009,58.25,58.3,57.65,58.175,933
04/14/2009,58.075,58.1,57.25,57.325,1478
04/15/2009,57.45,57.45,57.125,57.35,836
04/16/2009,73.4,74.1,73.175,73.275,5551
04/17/2009,73.4,73.825,73.2,73.625,3083
04/20/2009,73.2,73.2,71.675,72.3,6477
04/21/2009,72.3,73.075,72.225,72.4,5118
04/22/2009,72.85,73,71.35,72.375,8548
04/23/2009,71.75,72.15,71.25,71.875,5913
04/24/2009,72.05,72.85,71.45,71.65,8047
04/27/2009,68.825,68.95,68.65,68.65,8479
04/28/2009,68.15,68.6,65.65,66.3,23047
04/29/2009,66.1,66.975,65.35,66.75,14102
04/30/2009,65.95,66.1,63.8,64.525,13882
05/01/2009,64,66.475,63.9,65.575,9572
05/04/2009,64.85,65.6,63.475,63.775,10068
05/05/2009,63.5,65.9,63.4,64.8,8579
05/06/2009,65.475,67.35,65.475,67.1,10239
05/07/2009,67,67.35,66.2,66.775,9252
05/08/2009,66.85,68.65,66.85,68.2,9276
05/11/2009,68.3,68.65,67.6,67.775,7218
05/12/2009,67.8,69.425,67.8,68.925,12198
05/13/2009,69.3,69.475,67.45,67.95,8667
05/14/2009,67.8,68.25,66.9,67,6852
05/15/2009,67.2,67.7,66.4,66.525,5284
05/18/2009,66.6,67.55,65.85,66.775,8025
05/19/2009,66.8,67.05,66.025,66.25,4756
05/20/2009,66.05,66.775,65.675,66.475,7180
05/21/2009,65.95,65.95,64.85,65.225,6144
05/22/2009,65.8,66.2,65.575,65.975,2777
05/26/2009,66.15,66.4,65.4,65.55,4157
05/27/2009,65.55,65.775,64.9,65.275,4999
05/28/2009,65.3,65.85,65.2,65.4,3303
05/29/2009,65.275,65.375,63.5,63.925,7600
06/01/2009,63.7,64.3,61.9,62.75,6486
06/02/2009,62,62.05,59.75,59.75,5769
06/03/2009,58.25,58.575,56.75,57.3,6595
06/04/2009,56.85,58,56.375,57.275,4064
06/05/2009,58.15,58.625,56.6,57.175,3523
06/08/2009,57.15,57.675,56.35,57.575,2608
06/09/2009,57.55,57.975,57.2,57.35,1244
06/10/2009,57.5,57.625,56.8,57.075,1005
06/11/2009,57.3,57.475,56.95,57,940
06/12/2009,57,57.2,56.9,57.025,512
06/15/2009,60.075,60.075,58,58.4,5697
06/16/2009,58.3,58.9,58.1,58.275,4928
06/17/2009,58.75,60.35,58.55,59.95,5817
06/18/2009,59.1,60.3,58.575,59.925,5501
06/19/2009,60.075,62.1,59.9,61.425,4439
06/22/2009,61.425,61.6,59.95,60.45,4182
06/23/2009,60.525,60.725,59.25,60.125,3841
06/24/2009,59.65,59.875,57.125,57.3,6988
06/25/2009,57.075,57.9,56.6,57.075,4855
06/26/2009,56.775,57.75,56.275,56.7,3924
06/29/2009,57.275,58.725,56.9,58.025,6080
06/30/2009,58.35,59.325,57.975,58.675,4122
07/01/2009,58.35,59.35,57.875,59.25,3635
07/02/2009,59.7,60.375,58.95,59.975,2782
07/06/2009,60.4,61.7,60.3,60.65,2453
07/07/2009,60.65,61,60.125,60.7,1939
07/08/2009,60.5,60.5,58.325,58.925,2753
07/09/2009,59.2,60.75,59.175,59.7,3480
07/10/2009,60.65,60.65,59.4,60.15,1229
07/13/2009,59.75,59.9,58.875,59.5,2278
07/14/2009,58.9,59.1,58.425,58.7,2735
07/15/2009,58.75,58.8,58.4,58.45,629
07/16/2009,64.7,65.5,64.5,65.225,9486
07/17/2009,65.225,65.55,64.05,64.675,8660
07/20/2009,64.775,65,64.275,64.65,5515
07/21/2009,64.65,64.675,62.05,62.5,11189
07/22/2009,62.6,63.25,61.4,62.1,9676
07/23/2009,61.725,61.95,59.95,60.95,10053
07/24/2009,60.55,60.55,58.625,59.05,7937
07/27/2009,59.25,59.75,57.825,59.175,7439
07/28/2009,58.5,58.75,56.175,56.85,8879
07/29/2009,56.05,57.1,55.825,56.75,7711
07/30/2009,56.15,56.475,54.35,54.625,6452
07/31/2009,54.9,57.1,54.775,56.025,4648
08/03/2009,55.8,55.975,54.7,54.95,3752
08/04/2009,54.7,55.3,53.5,53.975,3358
08/05/2009,53.85,54,51.525,53.35,4003
08/06/2009,52.8,52.8,50.35,51.075,2934
08/07/2009,50.35,50.75,48.8,48.8,2588
08/10/2009,48.975,49.475,48.3,48.3,1417
08/11/2009,48.825,49,47.925,48.175,1592
08/12/2009,48.3,48.325,47.7,47.75,1659
08/13/2009,48,49.2,47.9,48.8,1459
08/14/2009,48.8,49.2,48.8,49.125,434
08/17/2009,44.4,45.15,43.65,44.7,8598
08/18/2009,44.475,46.85,43.05,44.525,14619
08/19/2009,44.05,46.05,43.55,45.75,13577
08/20/2009,45.75,47,45.2,46.925,10187
08/21/2009,46.9,48,46.525,47.85,8693
08/24/2009,48.4,48.85,46.675,46.825,10215
08/25/2009,46.825,48.8,46.8,48.3,12264
08/26/2009,48.675,49,46.4,47.05,11230
08/27/2009,47.2,48.8,46.825,47.9,11991
08/28/2009,48.55,49.525,47.75,48.075,9619
08/31/2009,47.3,48.6,47.3,48.15,8197
09/01/2009,48.125,49.8,48.025,49.5,12537
09/02/2009,49.05,49.475,48.3,48.825,10870
09/03/2009,49.2,51.15,49.025,49.775,15025
09/04/2009,49.5,50.75,49.5,50.5,8794
09/08/2009,50.55,51.55,50.25,50.975,12531
09/09/2009,51.125,51.95,51,51.45,17871
09/10/2009,52,54.05,51.725,52.425,21927
09/11/2009,52.575,53.25,51.75,52.475,19921
09/14/2009,52.25,52.3,50.775,50.95,18473
09/15/2009,51.3,53.7,50.75,53.425,21174
09/16/2009,53.7,54.15,52.4,52.45,14846
09/17/2009,52.5,53.625,52.075,52.175,10170
09/18/2009,52.225,52.75,50.425,50.8,7239
09/21/2009,50.1,50.8,49.925,50.15,6177
09/22/2009,50.35,50.775,49.5,49.875,5871
09/23/2009,49.7,51.45,49.175,50.925,6392
09/24/2009,50.475,50.9,50.075,50.225,4178
09/25/2009,50.15,50.25,49.35,49.95,3812
09/28/2009,50.2,50.85,49.7,49.875,4513
09/29/2009,50.5,50.925,49.925,50.275,3138
09/30/2009,49.95,50.425,49.55,50.075,4435
10/01/2009,49.775,50.4,48.9,49.425,4034
10/02/2009,50,50.425,49.15,49.25,1872
10/05/2009,49.05,49.25,48.775,49.05,1925
10/06/2009,49.025,50.825,48.9,50.1,3240
10/07/2009,50.025,51.2,49.95,50.9,3442
10/08/2009,51.025,51.875,50.925,51.025,2697
10/09/2009,51.2,51.45,50.8,50.85,2076
10/12/2009,50.65,50.9,50.075,50.125,4018
10/13/2009,50.25,50.7,50.175,50.45,1808
10/14/2009,50.7,51.15,50.55,51.1,1500
10/15/2009,54.55,54.725,53.775,54.475,11871
10/16/2009,54.475,54.625,53.55,54.1,10404
10/19/2009,54.075,54.7,53.65,54.05,10147
10/20/2009,54.15,54.95,52.1,52.875,19982
10/21/2009,53.2,54.05,52.975,53.675,11907
10/22/2009,53.675,54.05,53.275,53.725,7689
10/23/2009,53.9,54.25,52.775,53.025,9862
10/26/2009,53.175,53.825,52.825,53.45,8148
10/27/2009,53.85,55.675,53.45,55.425,21114
10/28/2009,55.55,56,54.65,55.95,13886
10/29/2009,56,57.625,55.8,57.2,21890
10/30/2009,57,57.425,56.4,56.7,13963
11/02/2009,56.7,58.175,56.55,57.725,14485
11/03/2009,57.65,58.275,57.15,57.55,14466
11/04/2009,57.7,58.15,57.175,57.8,11789
11/05/2009,58,58.4,56.575,56.6,13061
11/06/2009,56.675,57,55.625,55.7,18788
11/09/2009,55.75,56.15,55.475,55.8,18698
11/10/2009,55.65,56.075,55.225,55.625,18590
11/11/2009,55.825,56.425,55.525,55.6,16323
11/12/2009,55.525,55.6,54.3,54.45,21443
11/13/2009,54.55,55.3,54.375,55,12798
11/16/2009,54.725,55.5,54.725,54.95,11364
11/17/2009,55.05,56.55,54.55,56.4,15948
11/18/2009,56.4,56.8,56.2,56.45,8732
11/19/2009,56.225,56.4,55.575,55.975,6745
11/20/2009,56.175,57.85,56.1,57.6,11057
11/23/2009,58,58.75,57.975,58.3,8098
11/24/2009,58.3,59.025,57.775,58.625,5272
11/25/2009,59,60.075,58.825,59.425,9025
11/27/2009,59.575,59.6,58.65,59.025,3540
11/30/2009,59.25,59.35,58.4,58.6,5895
12/01/2009,58.75,59.3,58.7,59.225,4561
12/02/2009,58.9,59.95,58.6,59.675,6460
12/03/2009,59.675,60.45,59.1,59.25,7732
12/04/2009,59.425,61.25,59.425,61.15,5366
12/07/2009,61.65,62.35,61.65,62.2,4868
12/08/2009,62.2,62.875,61.6,62.675,5233
12/09/2009,62.85,63.95,62.7,63.4,3560
12/10/2009,63.5,63.825,62.9,63.625,2285
12/11/2009,63.825,64,63.75,64,1704
12/14/2009,64.1,64.55,64.1,64.575,1634
12/15/2009,66.05,67.7,65.675,67.425,15837
12/16/2009,67.45,67.775,66.3,66.825,9805
12/17/2009,66.425,66.6,65.275,65.55,8518
12/18/2009,65.925,65.925,65.075,65.125,7549
12/21/2009,65.175,65.5,63.925,64.225,10031
12/22/2009,63.95,64.85,63.65,64.75,8628
12/23/2009,64.725,65.825,64.725,65.675,7477
12/24/2009,65.7,65.925,63.75,63.8,7469
12/28/2009,63.95,64.875,63.95,64.7,6799
12/29/2009,64.8,65.6,64.7,65.425,10407
12/30/2009,65.45,65.925,65.025,65.625,9100
12/31/2009,65.2,66.25,65.15,65.6,8918
01/04/2010,65.925,66.425,65.5,65.85,11089
01/05/2010,66.125,67.8,65.7,67.6,20267
01/06/2010,67.525,67.875,66.35,66.575,15048
01/07/2010,66.825,68.05,66.825,67.1,16863
01/08/2010,67.425,67.9,66.925,67.25,18687
01/11/2010,67.25,67.425,66.325,66.675,20146
01/12/2010,66.45,66.775,65.55,66.4,17883
01/13/2010,66.5,69.15,66.5,68.975,25224
01/14/2010,69.075,69.55,68.525,69.05,27782
01/15/2010,69.525,70.175,68.925,69.975,18934
01/19/2010,70.55,71.475,70.075,70.75,14230
01/20/2010,70.575,71.05,69.025,70.45,14067
01/21/2010,70.825,71.3,69.975,70.8,13274
01/22/2010,70.525,70.6,69.625,69.85,8196
01/25/2010,69.6,69.65,68.1,68.375,5369
01/26/2010,68.175,68.175,66.25,66.475,9194
01/27/2010,66.4,67.125,66.05,66.575,5932
01/28/2010,66.35,66.95,65.95,66.775,4085
01/29/2010,66.7,67.5,66.3,66.5,4630
02/01/2010,66.4,66.475,64.25,64.375,10147
02/02/2010,64.475,66,64.35,65.4,4192
02/03/2010,65.8,66.225,65.45,66.125,4635
02/04/2010,65.7,66.4,65.475,66.15,2765
02/05/2010,66.2,66.95,66.05,66.7,3852
02/08/2010,67,67.95,66.7,67.575,4982
02/09/2010,67.875,68.175,67.5,67.525,2161
02/10/2010,67.8,68,67.625,67.9,2233
02/11/2010,67.85,67.85,67.475,67.625,1354
02/12/2010,67.425,67.675,67.325,67.45,1323
02/16/2010,68.3,69.275,67.875,68.275,8228
02/17/2010,68.35,69.275,67.975,69.2,12541
02/18/2010,69.2,70.55,68.85,70.275,16428
02/19/2010,70.7,70.85,69.55,69.65,11493
02/22/2010,70.15,70.8,70.125,70.3,9898
02/23/2010,70.45,70.95,69.025,69.45,13535
02/24/2010,70,70.825,69.55,70.35,15495
02/25/2010,70.425,72.35,70.225,72.125,20778
02/26/2010,72.225,72.925,71.975,72.8,14684
03/01/2010,72.925,73.575,72.675,72.95,15725
03/02/2010,73.3,73.425,71.95,72.45,13981
03/03/2010,72.5,73.75,72,73.4,18698
03/04/2010,73.6,74.15,73.2,73.575,16242
03/05/2010,73.575,74.125,73,73.1,15965
03/08/2010,73.125,73.425,72.75,72.8,15111
03/09/2010,72.8,73.3,72.25,72.4,16413
03/10/2010,72.45,72.975,72.25,72.55,18761
03/11/2010,72.625,72.75,71.525,71.875,23870
03/12/2010,72,73.375,71.975,72.65,13042
03/15/2010,72.75,72.75,71.55,71.8,10555
03/16/2010,71.975,72.175,71.05,71.75,11728
03/17/2010,71.85,72.3,71.5,71.6,9038
03/18/2010,72.1,73.3,71.875,72.875,11192
03/19/2010,72.35,73.5,72.15,73.35,6830
03/22/2010,73.4,73.925,72.9,73.1,6286
03/23/2010,73.15,73.35,71.6,71.925,8554
03/24/2010,71.675,71.85,71.05,71.125,6777
03/25/2010,71.15,71.425,69.975,70.125,7546
03/26/2010,70.225,70.25,69.325,69.675,7077
03/29/2010,71.45,72.45,71.1,71.875,10591
03/30/2010,72.25,73.225,71.575,73.05,9820
03/31/2010,73.15,73.975,72.95,73.325,5811
04/01/2010,73.425,75.025,73.4,74.125,3701
04/05/2010,75.025,76.35,74.9,76.225,6260
04/06/2010,76.35,77.225,76.225,76.625,8411
04/07/2010,77,77.95,77,77.175,5551
04/08/2010,77.225,77.4,76.325,76.675,4951
04/09/2010,77.275,77.5,76.025,76.225,5021
04/12/2010,76.35,76.55,76.2,76.375,2295
04/13/2010,76.3,77.3,76.15,76.75,4306
04/14/2010,77.2,77.6,76.925,77.425,2903
04/15/2010,77.55,77.95,77.5,77.8,1375
04/16/2010,86.825,86.85,85.9,86.15,12080
04/19/2010,86.25,86.575,85.4,86.35,9550
04/20/2010,86.35,86.65,85.425,85.5,10686
04/21/2010,85.675,87.3,85.425,87.075,13700
04/22/2010,87.1,87.8,86.25,86.95,13109
04/23/2010,87.725,87.8,84,85.175,15885
04/26/2010,85.3,85.575,84.15,84.275,11809
04/27/2010,84.625,86.25,84.325,84.95,17748
04/28/2010,85,85.5,83.9,84.6,13418
04/29/2010,84.525,84.95,83.65,83.825,12222
04/30/2010,84.5,86.725,84.275,86.325,16520
05/03/2010,86.925,87.2,85.775,86.925,16180
05/04/2010,87.1,87.1,85.95,86.75,13960
05/05/2010,86.675,86.925,84.225,84.475,23060
05/06/2010,84.5,86.075,83.3,84.1,24633
05/07/2010,83.75,85.825,83.45,85.525,19930
05/10/2010,85.6,86,84.7,85.85,19696
05/11/2010,85.7,85.8,84.4,85.325,21777
05/12/2010,85.325,86,84.9,85.65,20120
05/13/2010,85.8,85.925,84.525,84.6,22643
05/14/2010,84.75,84.8,83.275,83.55,14749
05/17/2010,83.35,83.5,81.5,81.5,23479
05/18/2010,81.575,82.375,81.2,81.3,13817
05/19/2010,81.45,82.65,80.75,82.025,20457
05/20/2010,81.975,82.1,79.975,80.25,20869
05/21/2010,80.4,81.5,79.4,81.45,10524
05/24/2010,81.075,82.05,80.825,81.875,8172
05/25/2010,81.675,81.775,80.575,81.15,6470
05/26/2010,81.15,82.125,81.05,81.65,7043
05/27/2010,81.3,81.75,80.9,81.175,6205
05/28/2010,81.35,82.1,81.275,81.85,4612
06/01/2010,81.525,81.75,80.425,81.4,6879
06/02/2010,81.1,81.8,80.825,81.325,8264
06/03/2010,81.2,81.925,80.425,80.45,6820
06/04/2010,80.65,80.65,78.95,79.05,8657
06/07/2010,79,79,77.375,77.775,6311
06/08/2010,77.55,77.85,77.275,77.625,3191
06/09/2010,77.6,78,77.35,77.45,3025
06/10/2010,77.35,77.575,77.1,77.275,2768
06/11/2010,77.275,77.85,77.25,77.775,2235
06/14/2010,77.825,78.1,77.825,77.925,1320
06/15/2010,79.55,80.325,79,80.125,12098
06/16/2010,80.025,81.05,79.95,80.9,10727
06/17/2010,80.725,81,80.1,80.35,8848
06/18/2010,80.6,80.975,80.25,80.875,7770
06/21/2010,81.225,82.75,81.075,82,9386
06/22/2010,82.125,82.725,81.25,81.95,7778
06/23/2010,81.75,81.975,81.1,81.45,4189
06/24/2010,81.1,81.6,80,80.075,6747
06/25/2010,80.45,80.775,79.8,80.725,4526
06/28/2010,80.95,81.05,79.2,79.525,6359
06/29/2010,79.425,79.425,78.3,78.75,5984
06/30/2010,78.7,79.975,78.55,79.225,4924
07/01/2010,79.15,79.675,78.65,79.3,4851
07/02/2010,79,79.2,78.15,78.2,3839
07/06/2010,78.4,79,78.15,78.775,3317
07/07/2010,78.775,79.25,78.4,78.875,6494
07/08/2010,78.95,79.375,78.65,78.875,2808
07/09/2010,79.225,79.325,78.5,78.625,5069
07/12/2010,78.425,78.575,78.15,78.125,3383
07/13/2010,78.275,78.4,77.825,78.025,2322
07/14/2010,77.9,78.025,77.75,77.825,1159
07/15/2010,77.675,77.9,77.6,77.85,760
07/16/2010,81.05,82.175,80.825,81.7,12372
07/19/2010,81.875,82.625,81.4,81.625,12032
07/20/2010,81.725,82.175,79.475,80.025,18952
07/21/2010,80.45,81.8,80,81.5,14186
07/22/2010,81.5,83.025,81.35,82.625,13801
07/23/2010,82.85,83.325,82.5,83.225,6877
07/26/2010,83.25,83.25,81.75,82,8948
07/27/2010,82.5,82.775,82.1,82.225,6692
07/28/2010,82.15,83.9,81.8,83.375,10838
07/29/2010,83.475,84.925,83.475,84.85,10429
07/30/2010,84.55,85.775,84.225,85.825,6244
08/02/2010,86.2,87.175,86,86.9,7954
08/03/2010,87.075,87.375,86.425,87,6327
08/04/2010,87.1,87.575,86.325,86.8,6943
08/05/2010,86.25,86.25,83.8,83.8,6297
08/06/2010,83.5,83.5,81.9,82.025,5729
08/09/2010,82.2,82.25,81.15,81.2,3630
08/10/2010,81.5,81.95,81.25,81.7,3334
08/11/2010,81.65,81.85,81.2,81.45,2253
08/12/2010,81.675,82.3,81.15,82.2,2430
08/13/2010,82.275,82.9,82.1,82.875,1433
08/16/2010,74.95,75.475,74.325,74.85,11538
08/17/2010,74.7,76.075,74.5,75.525,13507
08/18/2010,75.975,78.525,75.725,78.075,27970
08/19/2010,78.75,79.35,77.5,77.85,18940
08/20/2010,77.85,77.9,76.8,77.2,11465
08/23/2010,77.8,78.7,77.5,78.225,11729
08/24/2010,78.5,78.525,76.575,77.275,14099
08/25/2010,77.5,78.45,76.65,77.1,15010
08/26/2010,76.8,77.475,75.25,75.8,14805
08/27/2010,75.55,75.6,74.725,74.825,14412
08/30/2010,75,75.675,74.8,74.875,9289
08/31/2010,75.2,76.375,74.6,75.15,24139
09/01/2010,74.95,75.225,74.1,74.95,15086
09/02/2010,75.1,77.025,74.95,76.425,19736
09/03/2010,76.9,77.65,76.75,77.2,14718
09/07/2010,77.2,77.4,75.375,75.6,20657
09/08/2010,75.75,76.675,75.525,76.3,20675
09/09/2010,76.4,77.75,76.175,77.375,24152
09/10/2010,77.125,78.05,76.9,77.25,21014
09/13/2010,77.05,77.35,76.275,76.3,21088
09/14/2010,76.65,79,76.45,78.7,27872
09/15/2010,78.55,79.65,78.3,79.25,18565
09/16/2010,79.1,79.65,77.475,78.2,14438
09/17/2010,78.75,79.1,77.675,77.7,12884
09/20/2010,77.8,78.775,77.5,78.525,9200
09/21/2010,78.75,79.55,78.475,79.3,13213
09/22/2010,78.95,79.3,78.3,78.7,8131
09/23/2010,78.575,79.25,78.1,78.425,6158
09/24/2010,78.35,79.75,78.275,79.025,8286
09/27/2010,78.9,79.4,78.675,79.15,6565
09/28/2010,79.15,79.8,78.1,78.575,8225
09/29/2010,78.475,78.475,76.9,77.175,12691
09/30/2010,77.25,78,76.95,77.775,8812
10/01/2010,77.85,78,76.125,76.375,8526
10/04/2010,76.3,76.3,75.5,75.675,5765
10/05/2010,75.7,75.9,75.175,75.35,5666
10/06/2010,75.25,75.425,75,75.275,5659
10/07/2010,75.15,75.525,74.2,74.525,7915
10/08/2010,74.575,74.975,74.2,74.525,3396
10/11/2010,74.6,74.6,73.65,73.7,2933
10/12/2010,74.175,74.525,73.475,73.6,2255
10/13/2010,73.8,73.8,73.1,73.4,2089
10/14/2010,73.3,73.3,72.85,73,1282
10/15/2010,69.075,69.425,68.575,68.9,14101
10/18/2010,68.95,68.975,67.6,68.025,12592
10/19/2010,68.075,69,67.5,68.2,15063
10/20/2010,67.9,69.45,67.775,68.725,15951
10/21/2010,68.325,69.95,68.05,69.325,14248
10/22/2010,69.6,70.925,69.1,70.65,18027
10/25/2010,70.375,70.4,68.35,68.45,16820
10/26/2010,68.625,69.6,68.475,68.675,13374
10/27/2010,68.65,68.675,67.375,67.85,19254
10/28/2010,67.475,67.8,66.6,67.05,16605
10/29/2010,67.4,67.45,66.125,66.2,16934
11/01/2010,66.45,66.525,65.15,65.2,16505
11/02/2010,66.275,66.55,65.275,66.2,18773
11/03/2010,66.175,67.575,65.925,66.775,20893
11/04/2010,66.8,68.325,66.525,67.625,18842
11/05/2010,67.875,68.175,66.8,66.95,18842
11/08/2010,66.9,67.825,66.675,67.15,19600
11/09/2010,67.175,67.95,66.5,66.55,20880
11/10/2010,66.65,68.6,66.65,68.25,25179
11/11/2010,68.1,69.675,68.075,69.125,26766
11/12/2010,68.975,69.65,68.3,68.975,22028
11/15/2010,68.775,69.85,68.575,69.625,13721
11/16/2010,69.5,69.825,67.45,68.325,16865
11/17/2010,68.45,69.175,68.05,68.625,10895
11/18/2010,68.5,69.425,67.825,68.65,12675
11/19/2010,68.825,69.375,68.075,69.125,9561
11/22/2010,69.25,69.725,68.8,69.4,8082
11/23/2010,69.5,70.175,69,69.825,8129
11/24/2010,69.95,70.775,69.95,70.375,4334
11/26/2010,70.375,70.725,70,70.35,3087
11/29/2010,70.5,70.5,69.675,70.025,5535
11/30/2010,70,70.35,68.825,69.025,7087
12/01/2010,69.2,69.6,68.425,68.525,5342
12/02/2010,68.4,69.4,68.4,68.925,3669
12/03/2010,69.1,69.35,68.825,69.275,4261
12/06/2010,69.075,69.125,68.25,68.35,4334
12/07/2010,68.175,68.7,67.825,68.05,4240
12/08/2010,68.2,69.25,67.9,68.8,6969
12/09/2010,69.15,69.7,69.125,69.425,3586
12/10/2010,69.65,69.75,69.275,69.45,2637
12/13/2010,69.45,69.65,69.375,69.525,1971
12/14/2010,69.4,69.5,68.85,68.925,2110
12/15/2010,76.15,76.525,75.075,75.2,13170
12/16/2010,75.15,75.15,74.225,74.575,13570
12/17/2010,74.825,76.4,74.6,75.95,13407
12/20/2010,75.95,76.3,75.35,76.075,9597
12/21/2010,75.775,76.35,75.375,75.975,8665
12/22/2010,76,78.95,75.9,78.875,28832
12/23/2010,78.775,79.1,78.225,78.725,10589
12/27/2010,78.775,79.2,78.375,78.85,7538
12/28/2010,78.475,79,77.975,78.625,8769
12/29/2010,78.65,79.9,78.5,79.6,13861
12/30/2010,79.8,79.9,78.775,78.85,9976
12/31/2010,79.1,80,78.825,79.75,8893
01/03/2011,79.6,79.725,77.875,77.975,15626
01/04/2011,78,78.375,77.275,77.3,17147
01/05/2011,77.35,78.675,77.1,78.025,13893
01/06/2011,78.5,80.1,78.325,79.775,21290
01/07/2011,79.475,79.7,78.65,79.425,20663
01/10/2011,79.575,80.5,79.5,79.7,23402
01/11/2011,79.9,80.45,79.7,79.975,21556
01/12/2011,80.125,81.3,80.125,81.125,24887
01/13/2011,81.25,81.3,79.625,80.3,27124
01/14/2011,80.4,80.6,79.05,79.525,13622
01/18/2011,79.7,81.525,79.575,80.475,16785
01/19/2011,80.55,80.9,79.85,80,14150
01/20/2011,80.05,80.475,79.35,80.275,9595
01/21/2011,80.275,81.175,80.15,80.325,10335
01/24/2011,80.4,80.9,79.925,80.65,8886
01/25/2011,80.65,82.025,80.525,81.825,11807
01/26/2011,81.65,83.025,81.55,83.025,13062
01/27/2011,83.025,84.95,82.275,83.95,12227
01/28/2011,83.9,86.075,83.75,85.75,6191
01/31/2011,86.55,87.6,86.35,87.25,6651
02/01/2011,87.1,87.1,84.45,85.075,7844
02/02/2011,85.15,86.175,83.675,84.025,4437
02/03/2011,83.675,84.025,82.825,83.35,7745
02/04/2011,83.475,84.825,83.475,84.5,5568
02/07/2011,84.5,85.5,84.5,84.95,4479
02/08/2011,85.025,85.375,84.4,84.825,5669
02/09/2011,84.75,85.475,84.75,85.175,3106
02/10/2011,85.35,86.925,85.35,86.725,2813
02/11/2011,86.925,87,86.35,86.4,2075
02/14/2011,86.425,86.7,85.55,85.675,2147
02/15/2011,92.5,93.35,92.075,92.55,11300
02/16/2011,92.55,95,91.55,91.9,22297
02/17/2011,91.775,92.85,91.025,92.175,18000
02/18/2011,92.2,93.65,92.075,92.275,15431
02/22/2011,92.725,93.95,91.925,92.275,19808
02/23/2011,92.3,92.65,90.075,90.975,19603
02/24/2011,91.15,91.875,89.325,89.5,24089
02/25/2011,89.325,90.65,89.3,90.2,15915
02/28/2011,90.1,90.2,88.6,88.8,18126
03/01/2011,88.85,89.55,87.75,88.1,19285
03/02/2011,87.95,88.575,87.325,88.25,18533
03/03/2011,88.425,89.15,88.025,88.8,18590
03/04/2011,88.5,89.05,87.75,88.475,21959
03/07/2011,88.475,88.475,86.275,86.4,29592
03/08/2011,86.7,89.4,86.2,89.125,32983
03/09/2011,89.4,90,88.625,89.75,30309
03/10/2011,89.7,90.625,88.75,89.85,26613
03/11/2011,89.525,89.75,87.6,88.15,22514
03/14/2011,87.85,87.9,85.2,85.95,21122
03/15/2011,86.3,86.375,84.075,84.875,20689
03/16/2011,84.825,86.375,84.7,85.3,13914
03/17/2011,85.975,88.3,85.425,88.15,12820
03/18/2011,88.375,89.175,87.85,88.325,11124
03/21/2011,88.5,88.9,87.9,88.4,7194
03/22/2011,88.9,89.925,88.4,89.7,8650
03/23/2011,89.775,90.225,88.7,90.075,8917
03/24/2011,89.75,90.575,89.6,90.325,4745
03/25/2011,90.325,93.125,90.325,92.475,8905
03/28/2011,92.1,92.725,91.85,92.6,6356
03/29/2011,92.6,93.9,92.6,93.6,8116
03/30/2011,93.5,93.75,90.6,93.55,8536
03/31/2011,92.65,94.175,92.4,93.725,5810
04/01/2011,94.125,94.325,93.2,94.225,4947
04/04/2011,94,94.375,93.625,94.2,3585
04/05/2011,94.2,94.275,92.7,93.7,4643
04/06/2011,94,94.425,92.725,93.975,5898
04/07/2011,93.3,93.425,92.3,92.75,5252
04/08/2011,93,93.525,92.7,93.15,4514
04/11/2011,93.15,93.95,93,93.25,5175
04/12/2011,93.25,93.725,92.85,93.45,3159
04/13/2011,93.575,94.025,93.4,93.95,2945
04/14/2011,93.95,94.05,93.75,93.925,1440
04/15/2011,102.45,102.45,100.475,101.075,15447
04/18/2011,100.65,101.675,100.325,101.275,10289
04/19/2011,101.1,102.4,101.05,102.025,10120
04/20/2011,102,102.9,100.775,101.4,17589
04/21/2011,101.675,102.225,99.975,100.05,13804
04/25/2011,100.4,100.425,98.175,98.525,21718
04/26/2011,98.425,98.925,96.425,97.1,24301
04/27/2011,97.3,97.85,96.275,96.7,19045
04/28/2011,96.275,96.65,95.45,96.5,20066
04/29/2011,96.075,96.475,94.675,95.225,23630
05/02/2011,95.6,96.325,94.825,95.475,17292
05/03/2011,95.075,95.35,92.475,92.475,24527
05/04/2011,92.45,93.125,91.85,92.15,21791
05/05/2011,92.575,93.275,91.35,92.425,25596
05/06/2011,92.725,92.9,91.9,92.375,25032
05/09/2011,92.75,93.225,91.9,92.65,23229
05/10/2011,92.725,93.9,92.55,93.475,25509
05/11/2011,93.875,94.225,92.95,93.225,24620
05/12/2011,93.625,94.55,93.3,94.2,24508
05/13/2011,94.575,94.825,93.8,94.55,20510
05/16/2011,94.625,95.05,93.4,93.6,16670
05/17/2011,93.975,94.225,92.875,93.875,14739
05/18/2011,93.075,93.25,91.175,91.65,24291
05/19/2011,91.35,92.05,90.5,91.325,20883
05/20/2011,91.25,92.075,91.125,91.975,10136
05/23/2011,91.5,91.5,88.975,89.25,250
05/24/2011,88.7,88.975,86.925,87.45,70
05/25/2011,87.2,88.95,87,88.3,11540
05/26/2011,88.575,88.7,87.425,87.8,10491
05/27/2011,87.3,89.2,87.3,88.925,8378
05/31/2011,89.475,91.1,89.275,90.175,7850
06/01/2011,89.875,90.175,88.55,89.775,7949
06/02/2011,89.6,90.275,88.35,89.075,7450
06/03/2011,89.65,89.65,88.675,89.225,5601
06/06/2011,89.225,89.825,88.525,89.7,4747
06/07/2011,88.85,90.325,88.75,89.625,7702
06/08/2011,89.975,90.7,89.5,89.7,8149
06/09/2011,90.425,91.1,90.2,90.45,4560
06/10/2011,91,91.925,91,91.7,3065
06/13/2011,91.95,92.55,91.95,92.475,3377
06/14/2011,92.1,92.225,91.525,91.85,1501
06/15/2011,94.475,95.75,94.35,95.25,12996
06/16/2011,95.675,95.8,94.775,95.5,8139
06/17/2011,94.9,96.175,94.525,95.65,9999
06/20/2011,96.2,97.8,96.15,97.55,11721
06/21/2011,97.825,99.4,97.5,99,9793
06/22/2011,98.75,98.9,97.5,98.275,7170
06/23/2011,97.5,97.975,96.025,97,8206
06/24/2011,97.4,98.1,95.55,96,6941
06/27/2011,95.775,95.775,93.65,94.15,8173
06/28/2011,94.35,94.7,93.6,94.375,6024
06/29/2011,93.95,95.6,93.575,95.225,5515
06/30/2011,95.125,96.025,93.975,94.4,8330
07/01/2011,94.075,95.525,93.875,95.5,5176
07/05/2011,95.4,96.2,94.775,95.775,4301
07/06/2011,95.925,96.35,95.625,96.025,3462
07/07/2011,96.35,97.775,96.15,97.15,7779
07/08/2011,96.725,96.8,95.875,95.875,6364
07/11/2011,95.875,96.925,95.325,96.125,5254
07/12/2011,96,96,95.125,95.15,4444
07/13/2011,95.275,95.75,95.275,95.6,1554
07/14/2011,95.25,95.25,95.25,95.1,881
07/15/2011,95.25,95.475,95.025,95.15,514
07/18/2011,99.525,100,96.55,98.45,14033
07/19/2011,98.7,100.325,98.65,99.65,12229
07/20/2011,99.3,99.65,97.525,97.85,11588
07/21/2011,98,98.85,97.675,98.1,8042
07/22/2011,98.4,101.1,98.4,100.825,12741
07/25/2011,100.725,101.55,100.15,100.925,8819
07/26/2011,101.1,101.125,98.65,100.475,11224
07/27/2011,100.725,101.975,100.15,101.925,11349
07/28/2011,101.475,102.8,101.35,102.475,9019
07/29/2011,102.475,102.825,101.525,102.775,5181
08/01/2011,102.875,104,102.4,103.1,4452
08/02/2011,103.4,104.025,103.325,103.8,3929
08/03/2011,103.8,104.725,102.5,104.65,6149
08/04/2011,104.75,106.025,104.525,105.55,5781
08/05/2011,105.025,106,104.75,104.925,4348
08/08/2011,105,105.575,104.5,104.925,7279
08/09/2011,105.2,105.9,104.55,105.4,5754
08/10/2011,105.775,106.3,105.475,106.275,3615
08/11/2011,106.25,107.35,106,107.2,3583
08/12/2011,107.2,107.475,107,107.45,1616
08/15/2011,89.65,90.3,89.45,89.975,19499
08/16/2011,90.225,90.7,88.8,89.4,14276
08/17/2011,89.175,89.2,87.3,87.4,17662
08/18/2011,87.825,87.825,86.4,86.825,16017
08/19/2011,86.75,88.7,86.15,88.375,13475
08/22/2011,88.55,89.35,88.275,89,10422
08/23/2011,88.5,88.75,87.65,88.225,12359
08/24/2011,88.25,88.55,87.05,87.05,15322
08/25/2011,87.175,87.9,86.85,87.225,19748
08/26/2011,87.2,87.725,86.725,87.1,15328
08/29/2011,87.425,87.425,86.175,86.4,12968
08/30/2011,86.2,86.525,85.4,85.7,16727
08/31/2011,85.475,85.925,85.025,85.5,19057
09/01/2011,85.25,85.675,84.45,85.175,22289
09/02/2011,84.95,86.225,84.55,85.8,14355
09/06/2011,85.4,85.5,83.075,83.35,21430
09/07/2011,83.6,85.325,83.35,84.85,21355
09/08/2011,85.125,86.8,85.125,86.8,24969
09/09/2011,86.6,87.65,85.975,87.25,24306
09/12/2011,86.9,87.4,86.3,86.675,17555
09/13/2011,86.825,87.85,86.75,87.15,23000
09/14/2011,87.375,88.95,87.075,88.45,22686
09/15/2011,88.8,89.5,88.625,89,20170
09/16/2011,89.2,89.6,87.35,87.35,14924
09/19/2011,87.5,87.825,86.75,87.65,16014
09/20/2011,87.775,89.3,87.525,89.025,17122
09/21/2011,89.1,89.825,88.55,89.275,11493
09/22/2011,89,89,87.6,88.35,13853
09/23/2011,88.625,89.075,88.225,88.8,10717
09/26/2011,88.975,88.975,88.05,88.5,8655
09/27/2011,88.7,89.575,88.5,88.625,7942
09/28/2011,88.7,88.975,87.65,88.775,7380
09/29/2011,88.45,91.325,88.225,90.375,12397
09/30/2011,91.05,93.375,90.675,93.375,11195
10/03/2011,93.4,93.7,92.525,93.125,8270
10/04/2011,93.45,93.7,93.125,93.4,4599
10/05/2011,93.45,94.35,93.4,93.675,5871
10/06/2011,94.075,94.9,94,94.75,3815
10/07/2011,94.6,94.85,94.15,94.675,4718
10/10/2011,94.225,94.425,92.575,93.025,4704
10/11/2011,92.775,92.775,92,92.125,5283
10/12/2011,92.3,92.425,91.65,92.125,3313
10/13/2011,92.275,93.275,92.2,93,2424
10/14/2011,93.3,93.65,93.175,93.575,1092
10/17/2011,90.175,91.15,89.45,90.7,21581
10/18/2011,90.625,91.475,90.3,90.95,17296
10/19/2011,91.025,91.35,89.925,90.075,19102
10/20/2011,90.55,90.85,88.775,89.975,15487
10/21/2011,89.975,90.475,89.025,89.65,12979
10/24/2011,89.525,89.8,88.45,88.825,14316
10/25/2011,88.825,89.05,87.225,87.85,18341
10/26/2011,87.375,87.85,86.85,87.025,18957
10/27/2011,87.175,88.1,86.5,86.65,19553
10/28/2011,87.1,87.425,86.6,86.675,14658
10/31/2011,86.675,88.45,86.55,87.475,17106
11/01/2011,87.575,88.9,86.6,87.55,17032
11/02/2011,88,88.175,86.75,86.875,15343
11/03/2011,86.775,87.3,85.775,86.6,17150
11/04/2011,86.8,87.125,86.025,86.85,15789
11/07/2011,86.9,86.9,85.4,85.625,27886
11/08/2011,85.725,85.725,85.125,85.225,24263
11/09/2011,85.225,85.6,84.775,85.15,23068
11/10/2011,85.15,87.1,85.05,85.75,30693
11/11/2011,85.95,86.75,85.45,86.45,19671
11/14/2011,86.6,87.35,86.2,86.575,14859
11/15/2011,87,87.275,85.5,86.45,19733
11/16/2011,86.4,86.4,85.3,85.55,15283
11/17/2011,85.75,87.625,85.35,87.45,16180
11/18/2011,87.35,87.65,86.775,87.475,10177
11/21/2011,87.475,87.95,87.15,87.95,7138
11/22/2011,87.675,88.075,87.5,87.825,7678
11/23/2011,87.825,88.15,87.125,88.05,5671
11/25/2011,88.25,88.4,87.9,88.3,4548
11/28/2011,88.375,88.4,87.425,87.55,5794
11/29/2011,87.7,88.075,87.4,88,6249
11/30/2011,87.925,88.7,87.725,88.175,7082
12/01/2011,88.175,88.475,87.45,87.575,5091
12/02/2011,87.6,87.725,86.2,86.25,6857
12/05/2011,86.35,86.35,84.8,85.3,6392
12/06/2011,85.2,86.7,85.025,86.15,8113
12/07/2011,86.45,86.5,85.75,86,5102
12/08/2011,85.75,85.95,84.85,84.825,5571
12/09/2011,85.3,85.65,85.2,85.4,3630
12/12/2011,85.75,86.2,85.7,86.225,3687
12/13/2011,86.1,86.15,85.625,85.8,1909
12/14/2011,85.75,85.8,85.55,85.7,1550
12/15/2011,86.375,86.45,85.35,85.425,15133
12/16/2011,85.45,85.475,82.625,83.15,20506
12/19/2011,83.2,84.75,83.15,84.35,14852
12/20/2011,84.275,84.35,83.775,84.1,10514
12/21/2011,83.975,84.05,83.275,83.275,12170
12/22/2011,83.5,84.7,83.375,84.55,14068
12/23/2011,84.6,86.075,84.525,85.85,12963
12/27/2011,85.85,85.95,85.325,85.75,8062
12/28/2011,85.875,86.525,85.075,85.55,12003
12/29/2011,85.35,85.475,83.85,83.975,15279
12/30/2011,84.525,85.075,84.25,84.3,13109
01/03/2012,84.725,85.65,84.725,85.525,16788
01/04/2012,85.8,86,84.575,85.175,15580
01/05/2012,85.1,85.1,83.65,83.85,21296
01/06/2012,83.85,84.575,83.85,83.9,17094
01/09/2012,84.15,84.2,83.05,83.375,25490
01/10/2012,83.725,84.4,83.425,84.3,23543
01/11/2012,83.9,84,82.775,82.9,24482
01/12/2012,82.975,84.375,82.95,83.95,24560
01/13/2012,84.275,85.825,84.15,85.6,32035
01/17/2012,85.8,86.25,85.475,85.775,16855
01/18/2012,85.85,86.8,85.85,86.275,14316
01/19/2012,86.45,86.775,85.275,85.4,16322
01/20/2012,85.625,86.2,85.075,85.325,13050
01/23/2012,85.75,86.675,85.675,86.475,12379
01/24/2012,86.325,86.875,85.55,86.025,16936
01/25/2012,86,87.35,85.975,86.625,10388
01/26/2012,86.325,87.225,85.6,85.95,14869
01/27/2012,86.35,86.75,85.825,86.675,10203
01/30/2012,86.275,86.85,85.725,86.45,7372
01/31/2012,86.725,87.8,86.725,87.525,8409
02/01/2012,87.725,88.2,87.1,87.625,8492
02/02/2012,87.5,87.775,87.2,87.575,6168
02/03/2012,87.45,87.975,87.45,87.525,2476
02/06/2012,87.35,87.4,86.725,87.125,3133
02/07/2012,86.775,86.925,86.2,86.175,7822
02/08/2012,86.775,86.775,86.175,86.275,4385
02/09/2012,86.45,87.25,86.4,87.3,4111
02/10/2012,87.15,87.25,86.725,86.85,3524
02/13/2012,87.025,87.3,86.9,86.975,1893
02/14/2012,87.025,87.2,86.975,87.1,794
02/15/2012,89.625,89.8,88.875,88.9,15282
02/16/2012,89.7,90.55,89.65,90.225,17742
02/17/2012,89.975,90.675,89.7,90.375,13187
02/21/2012,90.2,90.275,89.525,89.825,12378
02/22/2012,89.825,90.975,89.7,90.325,16655
02/23/2012,90.25,90.575,89.4,89.6,20340
02/24/2012,89.8,90.35,89.65,89.725,14908
02/27/2012,89.725,89.725,88.4,88.65,16578
02/28/2012,88.55,88.8,87.775,88.025,17498
02/29/2012,88.325,89.525,87.7,89.425,23985
03/01/2012,88.85,90.475,88.25,90.2,22724
03/02/2012,90.2,90.725,90.2,90.425,22573
03/05/2012,90.4,90.425,89.175,89.425,19576
03/06/2012,89.225,89.225,86.625,86.775,35307
03/07/2012,87.075,87.575,86.625,87.35,33090
03/08/2012,87.375,88.15,87.225,87.75,28488
03/09/2012,87.35,87.975,87.025,87.825,25059
03/12/2012,87.775,87.8,86.7,87.3,23392
03/13/2012,87.45,87.925,86.875,87.675,24640
03/14/2012,87.675,87.875,87.325,87.4,14844
03/15/2012,87.725,88,86.825,86.9,14017
03/16/2012,86.85,86.925,85.825,85.875,13244
03/19/2012,86.1,86.325,85.7,86.025,14210
03/20/2012,85.75,85.8,84.575,84.95,13509
03/21/2012,84.7,85.6,84.525,84.975,13035
03/22/2012,84.9,85.775,84.875,85.4,7384
03/23/2012,85.35,85.375,84.35,85.025,7306
03/26/2012,84.95,85,84.325,84.875,9836
03/27/2012,84.9,85.475,84.475,84.8,10976
03/28/2012,84.8,84.925,83.4,83.775,11579
03/29/2012,83.5,83.85,82.8,83.025,10423
03/30/2012,82.85,83.725,82.85,83.425,5462
04/02/2012,83.525,84.85,83.175,84.725,4715
04/03/2012,84.675,84.675,83.825,84.025,3930
04/04/2012,83.925,84.5,83.625,83.85,5528
04/05/2012,84.35,84.8,84.275,84.5,8092
04/06/2012,84.5,84.5,84.5,84.5,0
04/09/2012,84.625,85.025,84.15,84.425,4686
04/10/2012,84.15,84.4,82.9,83.8,7159
04/11/2012,83.05,83.75,82.95,83.175,4281
04/12/2012,83.6,83.8,83.15,83.525,2370
04/13/2012,83.3,83.3,82.525,82.75,3174
04/16/2012,82.75,82.825,82.175,82.3,1625
04/17/2012,89.075,89.85,88.175,89.775,25348
04/18/2012,89.1,89.675,87.325,87.35,24005
04/19/2012,87.625,88.85,87.625,88.775,20113
04/20/2012,88.8,88.9,87.275,87.4,17180
04/23/2012,87.45,88.35,86.625,87.8,20628
04/24/2012,87.9,88.1,86.375,86.55,22455
04/25/2012,87.325,87.9,87.025,87.575,16712
04/26/2012,87.175,88.225,86.7,87.425,17358
04/27/2012,87.3,87.425,86.525,86.6,15134
04/30/2012,86.375,86.55,85.7,85.925,22154
05/01/2012,86.325,86.55,85.625,85.85,23928
05/02/2012,86.05,86.375,84.175,84.45,23052
05/03/2012,84.45,85.925,84.3,84.925,23057
05/04/2012,84.95,85.275,83.025,83.725,31678
05/07/2012,83.75,84.525,82.925,84.4,26733
05/08/2012,84.15,84.875,83.5,84.3,28434
05/09/2012,84.275,85.5,83.7,84.85,27496
05/10/2012,84.75,85.2,84.175,84.5,25368
05/11/2012,84.85,85.875,84.175,85.3,25486
05/14/2012,85.4,85.875,84.9,85.375,24201
05/15/2012,85.85,86.925,85.55,86.4,25697
05/16/2012,86.5,86.75,85.85,86.5,18979
05/17/2012,86.375,87.85,86.25,87.425,23123
05/18/2012,87.675,87.95,86.8,87.425,14629
05/21/2012,87.5,87.525,86.525,86.7,12110
05/22/2012,86.525,86.825,85.05,85.825,18789
05/23/2012,85.225,85.25,84.025,84.425,22849
05/24/2012,84.225,84.6,83.9,84.2,13677
05/25/2012,84.25,85.45,84.2,85.2,10628
05/29/2012,85.5,86.525,85.425,86.35,8897
05/30/2012,86.35,87.725,85.875,87.175,11872
05/31/2012,87.475,89.975,87.475,89.8,21800
06/01/2012,90,90.925,89.2,90.725,10870
06/04/2012,90.7,91.725,90.375,91.2,9318
06/05/2012,90.65,91.25,90.525,91.1,6359
06/06/2012,91,92.2,90.8,91.95,7647
06/07/2012,91.95,93.475,91.825,93.075,7372
06/08/2012,92.65,93.65,92.5,93.025,6009
06/11/2012,93.05,93.525,92.825,93.325,3851
06/12/2012,93.45,93.55,93.175,93.525,2458
06/13/2012,93.425,94.35,93.2,93.975,2616
06/14/2012,94.2,94.75,94.1,94.75,2058
06/15/2012,94.525,94.725,92.85,93.025,18074
06/18/2012,93.725,95.9,93.725,95.45,19885
06/19/2012,95.425,95.85,94.9,95.1,15798
06/20/2012,95.15,95.6,94.575,94.75,11803
06/21/2012,94.825,95.8,94.5,95.6,11002
06/22/2012,95.15,95.45,94.15,94.925,8941
06/25/2012,95.1,95.6,92.9,93.35,10944
06/26/2012,93.475,93.8,92.5,93.65,8482
06/27/2012,93.4,96.275,93.075,95.575,11315
06/28/2012,95.4,97.05,95.325,96.725,12346
06/29/2012,96.6,96.95,95.875,96.625,9274
07/02/2012,96.925,97.725,95.7,96.9,6865
07/03/2012,96.2,97.075,95.825,96.875,6457
07/05/2012,96.175,96.675,95.35,95.825,8341
07/06/2012,96.425,97.025,96.2,96.225,6935
07/09/2012,96.525,97.225,95.8,96.8,8634
07/10/2012,95.825,96.45,95.5,95.525,8901
07/11/2012,95.975,96.325,95.55,95.95,5371
07/12/2012,96.375,97.4,96.25,97.3,4522
07/13/2012,96.925,97.475,96.85,97.225,4378
07/16/2012,97,97.45,96.925,97.075,2301
07/17/2012,90.325,90.9,89.875,89.95,16345
07/18/2012,90.225,92.95,88.65,92.625,23782
07/19/2012,93.375,94.25,92.725,93.05,14322
07/20/2012,92.8,94.25,92.65,93.7,10534
07/23/2012,93.35,93.975,93.1,93.325,6369
07/24/2012,93.55,93.575,92.425,92.925,8994
07/25/2012,93.3,94.95,93.15,94.55,9514
07/26/2012,94.825,96.5,94.75,95.8,8681
07/27/2012,96.175,96.6,94.8,95.2,9421
07/30/2012,95.2,95.2,94.2,94.55,6672
07/31/2012,94.425,95,92.475,92.95,8790
08/01/2012,93.1,93.5,92.625,93.2,8688
08/02/2012,93.25,93.725,91.075,91.6,10429
08/03/2012,91.85,92.175,89.275,89.55,7484
08/06/2012,89.65,90.15,88.6,88.725,7411
08/07/2012,89.65,90.8,89.4,89.925,6922
08/08/2012,90.625,92.225,90.625,91.575,7298
08/09/2012,91.975,92.55,91.75,91.875,3912
08/10/2012,92,92.2,91.75,91.875,2257
08/13/2012,91.975,92.125,91.7,91.95,1611
08/14/2012,91.9,92.05,91.575,91.8,1794
08/15/2012,77.55,77.725,75.525,75.6,16149
08/16/2012,75.75,76.175,75.3,75.625,11613
08/17/2012,75.525,76.95,75.35,76.2,10668
08/20/2012,76.45,76.45,75.725,75.9,8076
08/21/2012,76.15,76.175,75.525,75.8,9563
08/22/2012,75.575,75.7,73.05,73.175,21151
08/23/2012,73.15,73.95,72.075,72.575,20544
08/24/2012,72.575,72.975,72.1,72.375,11683
08/27/2012,72.65,73.475,72.525,73.25,11789
08/28/2012,73.2,73.575,72.975,73.25,10025
08/29/2012,73.2,74.225,72.55,73.7,16547
08/30/2012,73.8,74.475,73.5,74.15,14020
08/31/2012,74.225,74.35,72.8,74.175,23441
09/04/2012,74.175,74.325,73.3,74.2,17891
09/05/2012,73.875,75.225,73.175,73.625,25918
09/06/2012,73.6,73.75,71.525,71.75,27281
09/07/2012,71.675,71.775,70.375,71.35,27357
09/10/2012,71.3,73,71.3,72.575,27278
09/11/2012,72.525,73.225,71.925,72.725,29263
09/12/2012,73.3,73.625,72.375,73.425,23559
09/13/2012,73.025,74.175,72.9,73.55,24299
09/14/2012,73.475,74.475,73.125,74.025,21457
09/17/2012,74.1,74.15,73.025,73.375,12575
09/18/2012,73.225,74.75,73.175,74.1,23252
09/19/2012,73.85,75.075,73.5,74.75,15914
09/20/2012,74.75,75.375,74.475,74.85,15339
09/21/2012,75.225,76.025,75.15,75.8,12707
09/24/2012,75.65,76.75,75.475,76.5,14083
09/25/2012,76.725,76.925,75.975,76.275,11174
09/26/2012,76.3,77.1,75.925,76.875,13742
09/27/2012,77.175,77.375,76.75,77.225,9435
09/28/2012,77.3,77.45,76.65,77.175,7563
10/01/2012,77,77.725,77,77.575,6904
10/02/2012,77.775,79.9,77.7,79.15,11425
10/03/2012,79.7,80.6,79.65,80.025,9142
10/04/2012,79.875,82,79.775,81.8,7241
10/05/2012,81.65,81.95,81.1,81.325,4283
10/08/2012,81.475,81.95,81.35,81.475,7119
10/09/2012,81.6,82.225,81.325,81.9,3521
10/10/2012,82.2,82.65,82,82.575,3270
10/11/2012,82.225,82.75,82.2,82.325,2802
10/12/2012,82.325,82.8,82.275,82.75,1064
10/15/2012,78.05,78.85,78.05,78.55,14257
10/16/2012,78.475,78.8,78.075,78.6,13176
10/17/2012,78.525,79.425,78.3,79.175,18424
10/18/2012,79.225,79.4,78.55,78.85,19878
10/19/2012,79.15,79.8,79,79.625,17993
10/22/2012,79.625,79.7,78.4,78.675,17748
10/23/2012,78.65,78.675,77.8,78.125,17649
10/24/2012,77.95,78.8,77.625,78.25,17876
10/25/2012,78.275,78.675,77.65,78.125,15090
10/26/2012,78.325,79.25,78.125,78.9,21925
10/29/2012,78.6,78.6,76.825,77.8,17377
10/30/2012,77.925,78.35,77.725,78.1,13055
10/31/2012,78.175,79.275,77.925,78.275,28736
11/01/2012,78.475,79.45,77.85,77.875,26810
11/02/2012,78.2,78.575,77.5,77.75,19836
11/05/2012,77.875,78.025,76.875,76.925,23960
11/06/2012,77.15,77.975,76.675,77.575,19955
11/07/2012,77.65,80.475,77.3,80.1,40386
11/08/2012,79.9,80.75,79.75,80.2,29905
11/09/2012,80.125,80.95,79.9,80.75,24503
11/12/2012,80.8,80.875,80.175,80.325,19664
11/13/2012,80.6,81.35,80.2,80.5,30824
11/14/2012,80.525,80.575,79.75,80.1,19322
11/15/2012,79.925,80.4,79.675,80.075,16518
11/16/2012,80.2,80.725,79.975,80.325,10978
11/19/2012,80.8,81.95,80.775,81.45,17721
11/20/2012,81.3,81.875,80.9,81.65,11840
11/21/2012,81.65,82.375,81.375,81.75,14358
11/23/2012,81.75,82.625,81.55,82.475,7124
11/26/2012,82.3,82.975,82.275,82.475,11182
11/27/2012,82.45,82.975,81.8,82.375,10471
11/28/2012,82.85,83.875,82.7,83.825,13732
11/29/2012,83.8,84.65,83.5,83.7,14569
11/30/2012,83.75,84.175,83.4,84.075,10123
12/03/2012,84.15,85.025,83.65,83.925,11624
12/04/2012,84.025,84.775,83.8,84.45,14091
12/05/2012,84.525,85.15,84.1,85,7337
12/06/2012,84.8,84.875,83.35,83.45,10777
12/07/2012,83.375,83.375,82,82.3,10294
12/10/2012,82.525,82.65,82.125,82.15,4969
12/11/2012,82.15,82.2,81.575,82.1,6573
12/12/2012,82.15,82.2,81.55,82.075,3515
12/13/2012,82.075,82.25,81.975,82.125,2830
12/14/2012,82.2,82.2,81.975,82,1571
12/17/2012,85.35,85.475,84.775,84.75,11309
12/18/2012,84.875,86.15,84.5,85.275,13809
12/19/2012,85.85,86.775,85.475,86.575,15294
12/20/2012,86.425,86.675,85.95,86.45,12690
12/21/2012,86.225,86.975,86.025,86.9,12174
12/24/2012,86.9,87.675,86.7,87.55,11189
12/26/2012,87.675,87.8,87.075,87.45,7352
12/27/2012,87.25,87.35,86.65,87.025,12360
12/28/2012,87,87.325,86.35,86.375,12505
12/31/2012,85.525,86.075,84.85,85.725,16789
01/02/2013,86.2,86.4,85.325,86.175,20178
01/03/2013,86.3,87.425,85.75,86.4,24858
01/04/2013,86.7,87.2,86.025,86.225,19257
01/07/2013,86.15,86.825,85.825,86.3,17940
01/08/2013,86.375,87,85.875,86.35,27821
01/09/2013,86.025,86.075,84.175,84.2,35480
01/10/2013,84.675,85.025,84.3,84.6,25376
01/11/2013,84.725,84.825,84.125,84.2,22467
01/14/2013,84.45,85.4,84.275,85.225,28851
01/15/2013,85.275,85.65,85,85.25,15665
01/16/2013,85.225,85.6,85,85.15,11774
01/17/2013,85.4,86.275,85.175,85.95,18897
01/18/2013,85.975,86.15,85.25,85.35,13679
01/22/2013,85.55,85.775,85.1,85.7,8490
01/23/2013,85.775,86.275,85.35,85.975,15578
01/24/2013,86.2,87.4,86.1,87.05,12648
01/25/2013,86.75,87.125,86.625,86.825,10093
01/28/2013,87.1,87.475,87.075,87.175,8039
01/29/2013,87.175,87.3,86.775,87.1,11041
01/30/2013,86.95,87.5,86.55,87.1,6753
01/31/2013,86.9,87.9,86.825,87.6,7119
02/01/2013,87.675,88.125,87.5,87.65,6992
02/04/2013,87.85,88.15,87.375,88.075,9086
02/05/2013,87.525,88.575,87.4,88.325,8116
02/06/2013,88.3,88.7,86.75,86.9,9323
02/07/2013,86.9,87.225,86.5,86.975,5688
02/08/2013,87,87.25,86.375,86.45,4793
02/11/2013,86.8,86.95,86.45,86.9,3616
02/12/2013,86.775,87.35,86.725,87.25,2730
02/13/2013,87.3,87.55,87.25,87.475,2839
02/14/2013,87.35,87.75,87.325,87.675,1703
02/15/2013,84.375,84.6,83.575,84.25,17977
02/19/2013,84.1,84.25,82.9,83.05,21080
02/20/2013,83.05,83.6,82.1,82.95,24627
02/21/2013,83.025,83.225,81.7,82.375,21876
02/22/2013,82.2,82.9,81.625,81.65,16015
02/25/2013,81.5,82.275,80.9,81.9,16657
02/26/2013,81.975,82.15,80.975,81.575,19481
02/27/2013,81.575,81.8,80.75,81,21982
02/28/2013,80.975,81.425,80.625,81,20046
03/01/2013,81.25,81.725,81.025,81.125,19731
03/04/2013,81.175,81.2,80.05,80.3,18314
03/05/2013,80.425,80.725,78.675,79.25,23002
03/06/2013,78.8,79.825,78.275,79.25,24862
03/07/2013,79.475,82.175,79.475,81.8,37452
03/08/2013,81.4,82.35,81.025,82.025,32335
03/11/2013,81.8,81.825,80.85,81.15,27706
03/12/2013,81.125,81.975,80.85,81.45,25527
03/13/2013,81.35,81.85,80.375,80.65,27505
03/14/2013,80.975,81.175,80,80.875,18738
03/15/2013,80.475,80.75,79.5,79.675,16100
03/18/2013,79.625,79.75,78.875,79.4,14418
03/19/2013,79.375,79.7,77.9,78.225,15830
03/20/2013,78.35,78.35,76.8,77.875,17905
03/21/2013,77.85,78.925,77.35,78.35,14099
03/22/2013,78.35,78.6,77.7,78.05,13825
03/25/2013,77.85,79.325,77.525,78.475,8532
03/26/2013,79.2,79.625,78.95,79.5,9819
03/27/2013,79.4,80.1,78.775,80.075,16601
03/28/2013,79.975,80.95,79.85,80.6,8845
04/01/2013,80.45,81.475,80.3,81.3,9052
04/02/2013,81.3,81.95,80.625,80.95,10140
04/03/2013,80.65,81.85,80.275,81.325,9124
04/04/2013,81.55,82.525,81.375,81.425,10368
04/05/2013,81.5,81.575,79.8,80.025,7339
04/08/2013,80.225,80.95,80.175,80.525,4399
04/09/2013,80.55,81.05,80.325,80.725,4385
04/10/2013,81,81.5,81,81.225,4583
04/11/2013,81.45,81.8,81.35,81.6,2173
04/12/2013,81.8,82.225,81.75,82.225,1343
04/15/2013,89.375,89.375,88.175,88.6,14695
04/16/2013,88.575,89.275,88.325,89.025,13546
04/17/2013,89.075,90.625,88.6,90.35,17232
04/18/2013,90.2,90.975,90.075,90.6,13752
04/19/2013,90.575,90.675,89.85,90.2,9856
04/22/2013,89.875,89.975,89.125,89.45,11478
04/23/2013,89.775,90.325,89.275,89.575,13167
04/24/2013,89.725,91.15,89.7,91,18643
04/25/2013,91.05,92.15,90.8,91.825,20943
04/26/2013,91.625,92.55,91.5,92.525,15152
04/29/2013,92.625,93.075,91.875,92.15,17536
04/30/2013,92.125,92.85,91.65,92.575,16508
05/01/2013,92.475,93.175,91.975,92.95,19349
05/02/2013,93.1,93.375,92.4,92.825,19270
05/03/2013,92.65,93,92.05,92.175,16988
05/06/2013,92.1,92.675,91.175,91.325,23983
05/07/2013,91.425,91.875,91.175,91.3,28127
05/08/2013,91.7,92.15,91.525,91.775,20112
05/09/2013,91.775,91.875,90.4,90.575,29133
05/10/2013,90.525,90.85,90,90.5,22773
05/13/2013,90.5,91.475,90.4,90.925,24408
05/14/2013,90.95,93,90.85,92.6,24794
05/15/2013,92.65,93.45,91.675,91.925,23764
05/16/2013,92.15,93.475,92.15,92.875,22211
05/17/2013,93.225,93.75,90.75,91.525,25148
05/20/2013,91.975,92.6,91.525,92.075,12624
05/21/2013,92.15,92.875,91.75,92.4,13083
05/22/2013,92.725,94.6,92.5,94.55,16834
05/23/2013,93.925,94.45,93.725,94.2,11239
05/24/2013,94.2,95,93.85,94.875,9413
05/28/2013,94.725,95.3,94.325,94.7,10617
05/29/2013,94.5,95.4,94.375,94.725,8281
05/30/2013,94.65,95.925,94.65,95.325,9522
05/31/2013,95.475,95.85,95,95.625,8703
06/03/2013,95.875,96,95.35,95.825,7495
06/04/2013,96,96.7,95.875,96.525,5765
06/05/2013,96.65,96.85,95.75,96.65,6155
06/06/2013,96.675,97.725,96.65,97.3,9439
06/07/2013,97.25,98.4,97.15,98.125,6747
06/10/2013,98.325,100.45,98.325,99.2,8176
06/11/2013,99.725,100.575,99.6,100.275,4809
06/12/2013,100.625,101.5,100.375,100.95,2757
06/13/2013,101.45,101.975,101.1,101.575,2646
06/14/2013,101.75,102.45,101.65,102.3,2033
06/17/2013,98.025,98.425,97.625,97.95,9197
06/18/2013,98,99.175,97.95,98.7,11872
06/19/2013,99.1,101.325,99.075,99.975,14574
06/20/2013,100.125,100.35,99.5,100.25,8289
06/21/2013,99.825,100.05,99.225,99.75,7986
06/24/2013,99.8,101.8,99.65,100.95,7499
06/25/2013,100.85,101.2,100.125,100.15,10949
06/26/2013,100.5,100.6,99.7,99.95,12040
06/27/2013,100.375,102.2,100.35,101.975,11226
06/28/2013,101.975,102.35,100.775,101.275,7763
07/01/2013,101.725,102.3,100.7,101.075,6377
07/02/2013,101,101.4,100.425,101,6670
07/03/2013,100.7,101.875,100.525,101.625,4847
07/05/2013,101.975,102.4,101.325,102.35,4901
07/08/2013,102.35,102.45,101.075,101.125,7367
07/09/2013,101.4,101.525,100.675,100.85,5085
07/10/2013,101.35,102.25,101.25,101.925,4770
07/11/2013,102.125,102.375,101.875,102.175,2926
07/12/2013,102.025,102.2,101.8,102.1,1615
07/15/2013,102.4,102.5,102.15,102.3,2351
07/16/2013,95.425,96.7,95.3,96.3,17775
07/17/2013,96.35,96.675,95.525,95.8,13665
07/18/2013,96.125,97.125,95.95,96.625,14164
07/19/2013,96.675,96.75,96.2,96.475,9384
07/22/2013,96.125,97.75,96.125,97.125,11399
07/23/2013,97.725,99.2,97.55,99.175,16637
07/24/2013,98.825,99.15,98.5,98.925,13125
07/25/2013,98.8,99.625,98.35,98.575,16848
07/26/2013,99.1,99.175,97.55,97.775,12456
07/29/2013,98.075,98.375,97.4,97.9,8837
07/30/2013,97.75,97.75,96.575,96.875,12187
07/31/2013,97.35,97.95,97.025,97.575,7964
08/01/2013,97.75,98.575,97.675,98.425,7819
08/02/2013,98.525,99.45,98.5,99.25,7260
08/05/2013,99.45,100.4,99.325,100.225,8038
08/06/2013,100.25,101,100.15,100.55,9547
08/07/2013,100.95,101.325,100.1,100.225,10044
08/08/2013,100.525,101.025,100.25,100.625,4419
08/09/2013,100.3,100.725,100.15,100.525,3339
08/12/2013,100.875,101.575,100.75,101.4,3301
08/13/2013,101.2,102.025,101.2,101.8,2915
08/14/2013,102.025,102.475,101.925,102.425,2435
08/15/2013,88.225,88.35,86.8,87.3,19530
08/16/2013,87.375,87.625,86.575,86.725,14722
08/19/2013,86.725,86.825,86.2,86.475,10293
08/20/2013,86.475,87.125,86.275,86.95,11706
08/21/2013,86.85,86.95,85.525,85.825,16408
08/22/2013,85.7,85.75,84.275,84.4,22574
08/23/2013,84.5,85.3,83.8,85.1,17187
08/26/2013,85.575,86.125,85.55,86.025,10928
08/27/2013,85.875,86.85,85.625,86.575,15648
08/28/2013,86.575,86.625,85.925,86.05,13905
08/29/2013,85.8,87.425,85.75,87.325,24329
08/30/2013,87.325,87.925,86.925,87.625,23116
09/03/2013,87.575,88.175,87.175,88,20612
09/04/2013,88.075,89.475,87.775,89.125,30720
09/05/2013,89.075,90.525,88.8,89.4,33795
09/06/2013,89.5,91.025,89.25,90.9,33242
09/09/2013,90.9,91.175,90.325,90.875,26652
09/10/2013,90.875,91.1,90.125,90.85,35098
09/11/2013,91.6,91.6,89.75,90.3,41453
09/12/2013,90.2,90.95,89.925,90.2,29887
09/13/2013,90.575,91.275,90,90.7,31152
09/16/2013,91.3,92.225,91.075,92.125,23089
09/17/2013,91.5,91.875,90.35,90.975,20125
09/18/2013,91.15,91.775,90.075,91.725,22135
09/19/2013,91.7,91.75,90.85,91.15,12055
09/20/2013,91.25,91.375,89.4,90.05,18332
09/23/2013,90.25,90.475,89.85,90.175,10108
09/24/2013,90.15,93.15,90.15,92.5,23485
09/25/2013,92.4,93.75,92.4,93.7,15502
09/26/2013,93.5,93.6,91.85,92.8,13672
09/27/2013,92.875,93.15,92.3,92.925,10179
09/30/2013,92,92.425,91.5,91.975,13449
10/01/2013,91.875,92.2,90.725,90.925,13237
10/02/2013,90.975,91.725,90.7,90.95,7284
10/03/2013,91.1,91.475,90.75,91.3,8780
10/04/2013,91.5,92.025,91.125,91.85,6744
10/07/2013,92,92.4,91.35,91.6,7186
10/08/2013,91.7,91.8,91.225,91.225,7304
10/09/2013,91.375,91.375,89.425,89.825,8459
10/10/2013,89.5,90.425,89.175,90.25,3324
10/11/2013,90.4,90.925,90.175,90.75,2762
10/14/2013,90.9,90.9,90.5,90.75,2039
10/15/2013,86.4,88.425,86.125,87.8,24014
10/16/2013,87.625,89.05,87.575,88.8,18878
10/17/2013,88.625,89.9,88.175,88.45,22309
10/18/2013,89,89,87.175,87.95,19224
10/21/2013,87.95,87.95,87.3,87.475,11345
10/22/2013,87.675,89.025,87.575,88.575,14587
10/23/2013,88.625,88.725,87.85,88.15,11154
10/24/2013,88.05,89.85,87.95,89.6,21580
10/25/2013,89.65,90.675,89.5,90.425,16932
10/28/2013,90.25,92.1,90.05,91.95,21508
10/29/2013,91.975,92.2,91.2,91.35,17011
10/30/2013,91.35,92.3,89.9,90.4,25254
10/31/2013,90.35,90.4,89.075,89.175,24531
11/01/2013,89.45,89.5,88.325,88.35,19006
11/04/2013,88.375,88.75,88.1,88.325,22408
11/05/2013,88.25,89.1,87.975,88.25,24218
11/06/2013,88.15,88.15,87.25,87.35,24094
11/07/2013,87.6,88,87.025,87.55,27082
11/08/2013,87.8,88.525,87.7,88.125,22122
11/11/2013,88.15,88.45,87.825,88.05,24939
11/12/2013,87.975,88.45,87.05,87.2,27829
11/13/2013,87.3,87.4,86.1,86.375,28624
11/14/2013,86.2,86.2,85.25,85.6,21723
11/15/2013,85.675,86.325,85.45,85.9,14158
11/18/2013,85.65,86.15,85.25,85.6,11000
11/19/2013,85.5,85.775,84.925,85.425,18347
11/20/2013,85.275,86.675,85.1,86.25,16237
11/21/2013,86.475,86.575,85.775,86.25,10774
11/22/2013,86,86.2,85.55,85.625,10582
11/25/2013,85.65,86.175,85.3,85.6,8970
11/26/2013,85.5,86.025,85.075,85.625,11226
11/27/2013,85.9,86.4,85.625,85.8,9592
11/29/2013,85.65,85.725,85.1,85.675,5940
12/02/2013,85.675,86.2,85.525,86.025,8054
12/03/2013,86.2,86.3,84.675,84.825,13635
12/04/2013,84.875,84.975,83.325,83.675,12496
12/05/2013,83.425,83.525,82.2,82.525,9948
12/06/2013,82.425,82.45,81.55,81.675,8063
12/09/2013,81.85,82.175,81.275,81.375,6291
12/10/2013,81.35,81.5,80.575,80.825,4098
12/11/2013,80.775,81.05,80.225,80.925,4460
12/12/2013,81.075,81.325,81,81.325,1948
12/13/2013,81.25,81.375,81.175,81.25,1244
12/16/2013,86.95,87,86.425,86.625,12386
12/17/2013,86.7,86.975,85.55,85.65,15392
12/18/2013,86.1,86.75,86.05,86.35,13441
12/19/2013,86.275,86.6,86.05,86.375,7927
12/20/2013,86.175,86.475,85.85,86.25,14177
12/23/2013,86.25,86.525,86.1,86.2,5754
12/24/2013,86.275,86.35,85.375,85.875,8152
12/26/2013,85.675,85.9,85.225,85.3,7590
12/27/2013,85.5,85.875,85.4,85.65,9668
12/30/2013,86.2,86.25,84.875,84.975,14308
12/31/2013,85.125,85.8,84.65,85.425,12817
01/02/2014,86.125,87.4,86,87.075,25007
01/03/2014,86.95,87.425,86.525,86.675,14154
01/06/2014,86.45,86.725,86.1,86.625,15497
01/07/2014,86.45,86.5,85.2,85.525,21837
01/08/2014,85.6,85.975,85.025,85.575,21592
01/09/2014,85.45,85.75,84.5,85.25,31267
01/10/2014,85.4,86.225,84.95,85.825,23763
01/13/2014,86.075,86.075,85.175,85.375,21374
01/14/2014,85.525,86.375,85.075,86,23601
01/15/2014,86.125,87,86.125,86.6,16799
01/16/2014,86.5,87.05,86.4,86.875,12326
01/17/2014,86.775,87,85.475,86.175,10455
01/21/2014,86.25,86.4,85.75,85.975,12682
01/22/2014,85.85,86,85.05,85.55,14107
01/23/2014,85.65,86,85.075,85.575,8126
01/24/2014,85.9,86.65,85.85,86.375,8381
01/27/2014,85.9,86.125,85.5,85.575,9540
01/28/2014,85.7,85.8,84.95,85.275,6904
01/29/2014,85.5,86.625,85.375,86.525,6292
01/30/2014,86.525,86.6,85.9,86.375,6997
01/31/2014,86.4,86.775,85.8,86.225,10850
02/03/2014,86.225,86.325,84.75,84.875,7883
02/04/2014,84.95,85.65,84.95,85.225,4610
02/05/2014,85.45,86.575,85.45,86.45,6616
02/06/2014,86.575,86.825,86.2,86.5,4748
02/07/2014,86.3,86.8,86,86.575,4401
02/10/2014,86.425,86.775,86.15,86.35,3671
02/11/2014,86.425,86.45,86.05,86.075,2544
02/12/2014,86.275,86.5,86.2,86.5,2920
02/13/2014,86.35,86.45,86.175,86.35,2943
02/14/2014,86.475,86.55,86.45,86.525,1351
02/18/2014,96.5,97.575,96.5,97.375,14297
02/19/2014,97.25,97.925,97.15,97.2,16758
02/20/2014,97.325,98.15,96.5,97.825,17198
02/21/2014,98.125,99.475,98,99.35,20492
02/24/2014,99.5,99.825,99.175,99.25,16415
02/25/2014,99.35,100.775,98.95,100.575,19216
02/26/2014,100.75,101.65,100.675,101.025,24378
02/27/2014,101,104.025,100.975,103.85,30611
02/28/2014,104.5,106.85,104.2,106.85,31605
03/03/2014,106.95,109.85,106.5,108.675,39112
03/04/2014,109.025,111.675,107.775,111.675,25819
03/05/2014,112.575,114.675,109.25,110.725,42686
03/06/2014,111.525,112.975,111.525,112.4,22214
03/07/2014,112.75,114.275,111.8,113,26995
03/10/2014,113.85,116,113.775,116,25096
03/11/2014,116.8,118.575,115.175,117.1,39972
03/12/2014,117.425,117.625,115.2,115.925,36648
03/13/2014,116.825,118.925,116.175,118.925,31243
03/14/2014,119.45,119.9,117.85,119.3,24453
03/17/2014,120.55,122.3,120.5,121.7,20121
03/18/2014,122.675,124.45,121.15,123.225,23067
03/19/2014,123.725,125.5,122.55,124.15,18480
03/20/2014,124.85,126.4,124.5,124.8,20179
03/21/2014,125.15,126.275,124.05,125.675,9452
03/24/2014,125.75,125.8,123.75,124.65,13097
03/25/2014,124.475,124.475,121.65,121.65,19319
03/26/2014,122.05,123.65,119.6,122.475,15232
03/27/2014,122.875,125.475,122.825,125.475,9998
03/28/2014,126.275,127.3,124.7,125.575,11325
03/31/2014,122.9,126.475,122.775,126,10538
04/01/2014,125.825,128.225,125.825,127.8,14158
04/02/2014,127.775,128.775,125.975,127,15428
04/03/2014,126.875,127.125,125,125.75,13285
04/04/2014,125.225,125.275,122.75,123.15,9983
04/07/2014,123.475,125.6,123.1,125.025,7841
04/08/2014,124.775,124.775,122.975,123.3,6094
04/09/2014,123.4,125.6,121.95,125.025,9722
04/10/2014,124.45,125.675,124.25,125.175,3954
04/11/2014,124.375,125,124.325,124.925,1958
04/14/2014,124.7,124.9,124.4,124.8,2471
04/15/2014,122.7,124.675,121.2,122.525,20399
04/16/2014,121.45,124.625,121.25,123.775,15100
04/17/2014,123.25,125.5,122.975,124.825,13990
04/21/2014,124.85,124.975,122.3,122.35,14159
04/22/2014,122.325,123.8,121.475,123.25,20542
04/23/2014,123.225,126.25,122.65,126.25,21417
04/24/2014,126.475,127.7,125.25,125.55,21711
04/25/2014,125.425,125.725,124.225,124.525,13682
04/28/2014,124.05,125.675,123,124.225,16449
04/29/2014,124,126.025,123.675,125.275,14189
04/30/2014,124.425,124.5,122.525,123.125,24866
05/01/2014,123,123.85,122.025,122.8,20306
05/02/2014,122.1,123.2,121.625,122.225,16708
05/05/2014,122.2,123,121.65,122.35,9788
05/06/2014,122.7,124.7,122.6,123.225,20032
05/07/2014,122.725,122.9,120.825,121.175,29529
05/08/2014,120.875,121.425,119.925,120.15,27254
05/09/2014,120.65,120.95,119.8,120.175,25656
05/12/2014,119.65,119.75,118.75,119,27531
05/13/2014,119.3,120.625,118.125,119.6,27707
05/14/2014,119.85,122.575,119.325,120.575,27341
05/15/2014,120.8,121,118.95,119.425,18161
05/16/2014,119.2,119.75,118.625,118.925,11950
05/19/2014,119.15,120,118.525,119.375,11192
05/20/2014,119.5,119.825,118.5,118.6,13572
05/21/2014,119.7,120.675,119.125,119.925,12342
05/22/2014,119.45,119.85,117.2,117.6,14655
05/23/2014,117.2,117.4,116,116.85,9871
05/27/2014,117.35,117.475,115.7,116.5,8460
05/28/2014,115.7,115.925,113.5,114.55,14308
05/29/2014,115,115.025,113.4,114.3,9519
05/30/2014,114.15,114.3,112.775,113.35,8897
06/02/2014,113.35,113.825,112.5,113.125,8435
06/03/2014,113.65,114.2,113.15,113.6,9485
06/04/2014,113.6,113.7,112.125,112.55,8462
06/05/2014,112.75,113.475,111.6,112.975,8277
06/06/2014,113.15,115.05,113.075,114.575,7206
06/09/2014,115,115.45,114,114.3,4671
06/10/2014,115.1,115.65,114.7,115.3,4474
06/11/2014,115.625,116.375,115.425,115.975,4384
06/12/2014,115.775,116.2,115.5,115.975,3379
06/13/2014,116.1,116.1,115.725,115.9,1796
06/16/2014,127.225,127.3,124,124.25,15682
06/17/2014,125,125.7,124,124.925,14348
06/18/2014,124.6,126.525,123.975,125.425,16200
06/19/2014,126.725,128.35,126.625,128.05,9489
06/20/2014,128.05,128.85,127.525,127.825,7916
06/23/2014,128,128.375,127.05,128.3,6408
06/24/2014,128.35,131.1,128.35,130.425,10484
06/25/2014,131.1,131.4,128,129.3,17285
06/26/2014,129.5,130.7,128.525,129.85,8359
06/27/2014,129.825,131,129.425,130.9,7681
06/30/2014,133.575,133.6,132,132.65,11120
07/01/2014,132.45,132.6,130.275,131.05,8880
07/02/2014,130.85,131.875,130.1,130.8,9154
07/03/2014,131.15,131.775,131,131.725,5157
07/07/2014,131.725,132.375,131.55,131.8,6433
07/08/2014,132.05,132.475,131.5,132.2,8131
07/09/2014,132.475,133.625,132.275,133.3,6124
07/10/2014,133.625,133.8,132.375,132.8,4183
07/11/2014,132.525,132.775,132.15,132.8,3391
07/14/2014,133.1,133.35,132.975,133.375,1903
07/15/2014,133.3,133.875,133.125,133.875,2372
07/16/2014,131.025,131.2,130.1,130.525,17899
07/17/2014,130.45,130.95,128.275,128.85,19007
07/18/2014,128.6,128.8,126.775,127.075,18620
07/21/2014,126.9,126.9,124.75,125.1,19120
07/22/2014,125.05,127.875,124.45,127.575,19240
07/23/2014,127.05,127.375,124.575,124.575,11674
07/24/2014,124,124.225,121.65,123.2,16805
07/25/2014,123.425,124.5,122.6,123.625,9368
07/28/2014,124.075,124.225,122.8,123.675,6630
07/29/2014,122.95,122.95,120.925,121.45,14099
07/30/2014,121.125,121.4,118.45,119.15,18330
07/31/2014,118.6,120.5,117.45,118.025,11153
08/01/2014,117.325,118.825,117.25,118.025,4595
08/04/2014,118.175,118.4,116.8,117.075,8798
08/05/2014,116.825,117.075,115.525,115.85,6209
08/06/2014,115.75,117.45,115.75,116.4,4848
08/07/2014,116.3,117.075,114.85,115.225,5749
08/08/2014,115.125,115.45,114.05,114.225,3680
08/11/2014,114.55,114.55,113.95,114.55,3192
08/12/2014,114,114.5,113.525,114.075,4980
08/13/2014,113.925,115.2,113.9,115.2,3326
08/14/2014,114.9,115.125,114.625,114.825,1859
08/15/2014,95.7,97.775,94.3,94.95,20883
08/18/2014,94.35,95.5,93.25,95.1,17896
08/19/2014,95.05,96.525,94.4,94.825,16146
08/20/2014,94.625,94.85,91.975,92.5,20515
08/21/2014,92.3,95.05,90.45,93.625,29479
08/22/2014,93.7,94.775,92.525,92.875,17143
08/25/2014,92.8,93.975,92.75,93.45,16190
08/26/2014,93.175,95.425,92.9,95.1,23260
08/27/2014,94.95,97.175,94.6,95.925,21832
08/28/2014,95.275,96.3,94.65,95.475,16792
08/29/2014,96.05,98.475,96.025,98.125,23826
09/02/2014,98.9,101.125,98.75,99.875,27913
09/03/2014,100.275,102.25,99.7,101.1,25223
09/04/2014,102.025,104.1,101.725,102.65,35140
09/05/2014,103.75,105.65,103.15,105.625,25244
09/08/2014,106.125,106.15,102.8,103.075,32182
09/09/2014,103.4,106.075,103.05,105.775,28504
09/10/2014,106.5,107.375,105.2,107.1,31200
09/11/2014,107.275,107.55,106.075,106.375,24295
09/12/2014,106.475,106.475,104.4,105.7,21178
09/15/2014,106,106.725,104.9,106.075,13343
09/16/2014,106.675,107.4,104.65,106.875,15842
09/17/2014,107.15,107.925,103.875,105.1,22933
09/18/2014,104.2,105.15,102.1,102.975,21796
09/19/2014,104.6,105.975,104.125,105.975,11175
09/22/2014,106,107.75,105.675,107.3,9487
09/23/2014,107.275,108.675,106.075,107.875,12348
09/24/2014,108.15,108.675,107.025,107.45,11478
09/25/2014,107,107.3,104.725,106.325,10219
09/26/2014,105.525,106.975,104.625,106.525,7088
09/29/2014,105.1,107.55,105.075,107.325,7699
09/30/2014,107.325,108.75,107.1,107.975,11338
10/01/2014,108,108.175,106.75,107.6,10972
10/02/2014,107.15,107.2,105.9,106.775,8668
10/03/2014,106.775,107.4,105.1,105.6,8468
10/06/2014,107.05,107.5,106.55,107.175,6575
10/07/2014,107.6,108.65,107.075,107.225,8861
10/08/2014,107.225,109.125,107.225,108.125,6449
10/09/2014,108.95,109.975,108.7,109.5,5022
10/10/2014,108.975,109.575,108.8,109.45,3157
10/13/2014,109.6,109.8,109.075,109.35,3208
10/14/2014,109.175,109.775,109.175,109.525,2487
10/15/2014,94.35,94.475,91.925,91.925,14581
10/16/2014,91.2,91.85,89.4,90.325,19568
10/17/2014,89.7,91.4,89.35,90.575,12043
10/20/2014,90.1,90.4,88.575,89.15,12437
10/21/2014,88.65,89.55,87.85,88.45,13518
10/22/2014,88.1,90.225,88.025,89.75,13680
10/23/2014,89.5,89.8,88.025,88.725,13914
10/24/2014,88.325,90.65,87.725,90.25,13727
10/27/2014,90.35,90.35,88.8,89.05,13505
10/28/2014,89.5,90.6,89.425,90.2,14999
10/29/2014,90,90.5,87.95,88.6,17025
10/30/2014,89.2,89.55,86.15,87.2,18446
10/31/2014,87.75,88.4,87.2,88.025,10745
11/03/2014,88.275,88.975,88.075,88.85,12279
11/04/2014,89.1,90.025,87.8,87.975,16321
11/05/2014,87.9,88.2,86.675,87.125,14049
11/06/2014,87.575,88.25,87.125,87.65,13327
11/07/2014,88.3,89.7,88.1,88.775,21674
11/10/2014,89.15,90.275,88.575,89.55,17298
11/11/2014,89.475,90.3,88.7,89.9,20962
11/12/2014,90.25,91.175,89.625,90.675,23980
11/13/2014,90.825,92.225,90.525,91.275,23841
11/14/2014,91.4,93.2,91.075,92.675,15556
11/17/2014,93.2,93.325,92.275,93,11804
11/18/2014,92.9,92.9,90.975,91.55,11809
11/19/2014,91.1,92,91.075,91.775,10047
11/20/2014,91.7,91.7,89.9,90.775,13108
11/21/2014,90.75,90.9,90.05,90.65,8446
11/24/2014,91.2,92.325,91.025,91.325,7973
11/25/2014,91.75,92.375,90.2,90.95,13520
11/26/2014,90.55,91.1,90.25,90.95,5114
11/28/2014,91.075,91.5,89.7,90.325,5212
12/01/2014,90.1,90.6,88.5,90.125,10117
12/02/2014,89.975,89.975,88.875,89.5,11814
12/03/2014,89.4,89.4,88,88.05,8996
12/04/2014,88.4,88.4,87.575,87.625,6108
12/05/2014,87.725,87.8,86.6,86.6,6700
12/08/2014,87,87.175,86.5,86.575,4993
12/09/2014,86.6,87.025,86.45,86.95,4621
12/10/2014,87.1,87.5,87.05,87.275,3634
12/11/2014,87.525,87.65,87.35,87.55,2262
12/12/2014,87.55,87.625,87.4,87.525,1654
12/15/2014,83.575,83.75,82.35,83.275,11107
12/16/2014,82.925,83.85,80.275,81.675,13858
12/17/2014,80.1,80.95,78.675,80.475,16023
12/18/2014,80.45,82.9,80.275,81.875,12061
12/19/2014,81.875,82.5,81.05,81.9,8774
12/22/2014,82.15,82.375,80.125,80.25,12854
12/23/2014,80.4,82.275,80.2,81.65,10710
12/24/2014,81.575,81.75,80.875,81.3,5841
12/26/2014,81.525,81.875,80.3,81.55,7902
12/29/2014,82.1,82.225,81.35,81.8,10156
12/30/2014,81.7,82,81,81.175,9546
12/31/2014,81.9,82.475,80.825,81.2,11575
01/02/2015,80.95,81.8,80.925,81.3,11628
01/05/2015,81.625,81.65,79.625,79.925,21192
01/06/2015,79.975,79.975,78.15,78.575,15634
01/07/2015,78.6,79.875,78.15,79.325,15113
01/08/2015,79.175,79.7,77.875,78.175,23040
01/09/2015,78.3,79.15,77.8,79.025,21429
01/12/2015,78.75,78.75,76.425,76.65,27982
01/13/2015,76.65,76.95,75.025,75.175,26735
01/14/2015,75.7,76.5,75.15,76.025,26487
01/15/2015,76.075,76.6,75.35,75.625,16215
01/16/2015,75.8,75.8,74.15,74.5,16277
01/20/2015,74.25,74.3,71.575,71.775,14941
01/21/2015,72.375,73,71.375,72.35,11733
01/22/2015,73.05,73.525,70.7,71.6,14085
01/23/2015,70.8,70.8,68.85,69.3,11711
01/26/2015,69.7,71.65,69.425,70.825,7773
01/27/2015,71.4,72.2,69,69.425,7686
01/28/2015,69.075,72.4,68.525,71.525,9938
01/29/2015,71.1,71.825,68.525,68.55,12434
01/30/2015,68.4,68.975,67.35,67.475,7003
02/02/2015,67.6,67.975,66.125,66.325,5999
02/03/2015,66.425,67.475,66.1,67.2,6504
02/04/2015,66.425,66.425,64.55,65.1,6162
02/05/2015,64.5,64.6,62.85,63.275,5159
02/06/2015,63.275,66.225,63.275,63.875,5770
02/09/2015,63.875,63.875,61.125,61.275,5667
02/10/2015,61.6,62.2,61.375,61.525,3871
02/11/2015,61.8,61.95,61.1,61.225,2802
02/12/2015,61.8,62.1,61.55,61.95,1734
02/13/2015,62.05,62.2,61.85,62.075,1110
02/17/2015,66.525,66.55,63.75,64,16697
02/18/2015,63.8,65.875,63.225,64.225,19078
02/19/2015,65.2,67.225,65.2,67.05,17880
02/20/2015,67.5,68.85,66.3,67.4,22063
02/23/2015,67.775,69.9,67.5,68.325,21651
02/24/2015,68.575,69.275,67.375,68.575,18683
02/25/2015,69.15,69.525,68.625,69.325,17125
02/26/2015,68.875,69.1,66.55,67.15,18151
02/27/2015,66.6,68.15,66.2,67.475,19897
03/02/2015,68.4,68.85,67.275,67.675,16978
03/03/2015,67.55,67.825,65.275,65.6,21244
03/04/2015,65.25,68.55,64.15,68,29714
03/05/2015,68.675,68.7,66.55,66.825,15701
03/06/2015,66.5,66.5,65.25,66.125,22212
03/09/2015,66,66.4,65.375,66.075,19135
03/10/2015,65.8,66.075,65.075,65.975,18685
03/11/2015,65.8,65.9,63.325,64.125,26923
03/12/2015,63.65,63.925,61.125,62.3,31917
03/13/2015,62.05,62.5,61.45,62.1,18480
03/16/2015,61.55,62.4,60.725,62.2,14655
03/17/2015,62.1,63.05,61.725,61.775,14704
03/18/2015,61.75,62.3,60.425,60.7,14137
03/19/2015,60.025,60.25,57.85,58.125,17157
03/20/2015,58.3,59.6,57.775,58.45,11450
03/23/2015,58.775,59.7,58.025,59.25,8651
03/24/2015,59.4,60.25,57.8,58.6,12600
03/25/2015,58.4,60.125,57.9,59.825,7992
03/26/2015,60,61.65,59.925,60.975,8019
03/27/2015,61.225,61.6,60.9,61.125,5230
03/30/2015,60.5,61.875,60.25,61.3,6104
03/31/2015,61.4,62.9,61.3,62.425,8384
04/01/2015,62,62.95,61.725,62.9,5477
04/02/2015,62.75,63.425,62.25,63.175,6991
04/03/2015,63.175,63.175,63.175,63.175,0
04/06/2015,63.4,63.575,62.8,63.25,2914
04/07/2015,63,63.7,62.325,62.575,4212
04/08/2015,62.375,62.9,62.175,62.3,5235
04/09/2015,62.6,63.05,62.05,62.1,4291
04/10/2015,62.375,62.825,62.25,62.55,2777
04/13/2015,62.8,63.4,62.75,63.1,3652
04/14/2015,63.15,63.35,62.975,63.175,2082
04/15/2015,63.175,63.225,62.825,62.875,874
04/16/2015,75.575,76.725,75.475,76.375,16742
04/17/2015,76.1,76.375,75.7,76.275,10482
04/20/2015,76.5,76.575,75.025,75.525,12735
04/21/2015,75.15,77.9,75.1,77.6,20711
04/22/2015,77.35,77.5,75.525,75.95,16601
04/23/2015,76.075,78.85,76.025,78.325,18876
04/24/2015,78.7,79.7,77.75,79.45,16737
04/27/2015,79.6,80.275,79.025,79.4,15377
04/28/2015,79.5,80.425,79.475,79.9,14436
04/29/2015,80.45,81.825,80.225,81.2,15386
04/30/2015,81.875,82.625,80.375,81.425,26491
05/01/2015,81.95,81.95,80.75,81.25,14706
05/04/2015,81.05,82.15,81.025,81.825,12036
05/05/2015,82.025,83.55,82.025,82.75,19956
05/06/2015,83.5,84.475,83.2,84.05,23091
05/07/2015,84.35,84.45,83.275,83.5,20004
05/08/2015,83.9,85.05,82.9,84.825,20539
05/11/2015,85,85,83.9,84.275,19125
05/12/2015,84.5,85.325,83.55,85.05,23726
05/13/2015,85.075,85.1,84.025,84.775,18951
05/14/2015,84.65,84.875,83.6,83.95,16325
05/15/2015,84.1,84.1,82.275,83.35,15633
05/18/2015,83.1,83.1,82.025,82.4,14663
05/19/2015,82.25,83.4,81.3,82.15,15838
05/20/2015,82.6,82.85,81.6,82.55,9630
05/21/2015,82.25,84.3,81.7,83.775,18163
05/22/2015,83.95,84.125,83.5,83.725,8178
05/26/2015,83.825,83.825,82.95,83.175,7041
05/27/2015,83.5,84.5,83.375,83.775,9847
05/28/2015,84.275,85.125,83.375,84.6,14243
05/29/2015,84.375,84.925,82.85,83.825,14182
06/01/2015,84.175,84.85,83.75,84.65,9670
06/02/2015,84.275,84.725,83.575,84.475,9475
06/03/2015,84.65,84.65,82.875,83.55,8812
06/04/2015,83.3,83.3,82.1,82.2,7147
06/05/2015,82.2,82.775,81.575,81.675,6769
06/08/2015,82.175,82.4,81.45,81.55,5551
06/09/2015,81.625,81.775,81.05,81.2,4992
06/10/2015,81.6,81.75,81.2,81.3,1924
06/11/2015,81.55,81.65,81.3,81.375,2597
06/12/2015,81.5,81.525,81.15,81.45,1161
06/15/2015,77.95,77.95,76.025,77.2,14732
06/16/2015,77,77.8,76.825,77.15,12585
06/17/2015,77.675,78.15,77.275,78,10195
06/18/2015,78,78.425,77.425,78.025,12055
06/19/2015,77.275,77.45,75.45,75.75,11475
06/22/2015,75.3,75.3,73.15,74.225,10125
06/23/2015,74.7,75.45,73.975,74.35,7974
06/24/2015,74.2,75.175,74.2,74.725,6250
06/25/2015,75.175,75.25,74.125,74.65,5248
06/26/2015,74.9,75.8,74.5,75.45,5766
06/29/2015,75.475,75.6,73.8,74.25,8953
06/30/2015,75.125,76.75,74.55,76.2,8338
07/01/2015,75.85,77.775,75.85,77.1,6111
07/02/2015,77.55,79.15,77.325,78.775,5578
07/03/2015,78.775,78.775,78.775,78.775,0
07/06/2015,79.25,79.375,78.375,78.725,5509
07/07/2015,79.275,80.175,78.85,79.25,6433
07/08/2015,79.575,79.95,79.1,79.5,6038
07/09/2015,79.7,79.875,78.525,78.725,5160
07/10/2015,79.2,79.4,78.9,78.975,2137
07/13/2015,79.25,79.425,79,79.075,2481
07/14/2015,79.575,80.15,79.5,79.925,1857
07/15/2015,80.175,80.525,80.125,80.475,1351
07/16/2015,75.475,76.4,75.025,76,15862
07/17/2015,76.125,76.225,75.35,75.675,10632
07/20/2015,75.8,76.075,74.575,74.9,12168
07/21/2015,75.1,76.4,74.8,75.875,15362
07/22/2015,76.5,78.775,76.5,78.525,22089
07/23/2015,78,78.825,77.75,78.275,9813
07/24/2015,78.325,78.775,77.525,77.675,7729
07/27/2015,77.325,78,76.9,77.525,10219
07/28/2015,77.475,79.775,76.875,79.475,10876
07/29/2015,79.7,81.375,79.575,79.85,13203
07/30/2015,80.5,81.025,79.35,79.675,7047
07/31/2015,79.6,79.725,77.925,78.5,11102
08/03/2015,79.05,80.75,78.75,80.2,9527
08/04/2015,80.6,81.575,80.125,81.4,7160
08/05/2015,80.725,80.8,79.05,80.225,9428
08/06/2015,79.925,80,77.925,78.075,8692
08/07/2015,77.975,78.8,77.275,77.325,5487
08/10/2015,77.85,78,76.2,76.65,7012
08/11/2015,77.075,77.875,76.525,76.725,5526
08/12/2015,77.575,78.425,77.3,77.85,3305
08/13/2015,78.475,78.9,78.275,78.625,2611
08/14/2015,78.775,79.125,78.775,78.825,1766
08/17/2015,65.85,66.775,65.625,66.275,10945
08/18/2015,66.225,66.475,65.25,66.125,9804
08/19/2015,66.125,66.175,64.3,66,17366
08/20/2015,65.3,65.55,64.15,64.75,11869
08/21/2015,64.25,64.975,62.625,62.825,16373
08/24/2015,61.7,65.825,61.6,65.825,20139
08/25/2015,66.725,67.85,66.15,67.5,21657
08/26/2015,67.525,67.825,66.55,67,14560
08/27/2015,67.075,67.3,66.625,67.05,9908
08/28/2015,66.775,67.05,66,66.425,13140
08/31/2015,66.675,68.575,66.4,68.025,14416
09/01/2015,68.3,68.75,67.05,67.975,17303
09/02/2015,68.3,69.975,68.075,69.775,20372
09/03/2015,69.7,69.9,68.925,69.45,12669
09/04/2015,69.5,69.9,68.95,69.15,12426
09/08/2015,69.5,69.5,68.675,68.775,16514
09/09/2015,69.075,69.375,68.3,68.925,19099
09/10/2015,69.15,69.325,68.425,68.55,14898
09/11/2015,68.55,68.625,67.1,67.325,20469
09/14/2015,67.4,67.775,66.35,66.825,15343
09/15/2015,66.95,69.775,66.775,69.375,21002
09/16/2015,69.55,69.925,67.55,68.25,19770
09/17/2015,68.75,71.25,68.6,70.575,20363
09/18/2015,70.425,71.325,70.1,71.05,12662
09/21/2015,71.125,72.15,71.05,71.625,7926
09/22/2015,71.725,71.85,70.75,71,9579
09/23/2015,71.45,71.9,70.3,70.55,8177
09/24/2015,70.55,71.75,70.05,71.65,7284
09/25/2015,71.2,72.35,71.15,71.875,5339
09/28/2015,72.325,72.5,71.15,71.425,4949
09/29/2015,71.5,73.4,71.45,73.25,6843
09/30/2015,73.275,74.5,72.65,73.525,7123
10/01/2015,73.55,73.6,72,72.625,7544
10/02/2015,72.375,74.3,72.325,73.35,5217
10/05/2015,73.625,73.625,72.675,73,3140
10/06/2015,73.25,73.925,73.25,73.6,4656
10/07/2015,73.925,74.35,73.625,73.825,5418
10/08/2015,74.15,74.275,73.625,74,3839
10/09/2015,74.325,74.375,73.775,73.825,3282
10/12/2015,74.275,74.425,74.125,74.3,2349
10/13/2015,74.35,74.975,74.3,74.85,4019
10/14/2015,75,75.2,75,75.1,1584
10/15/2015,66.95,67.125,66.15,66.825,12468
10/16/2015,66.525,66.675,65.25,65.575,13515
10/19/2015,65.375,66.725,65.025,65.975,16041
10/20/2015,66.4,68.825,66.25,67.85,22812
10/21/2015,68.5,68.775,66.65,67.025,21423
10/22/2015,67.825,68.025,66,66.45,12188
10/23/2015,66,66.275,63.45,63.6,33654
10/26/2015,63.625,64.5,62.625,62.85,16756
10/27/2015,62.6,62.975,60.825,61.25,20639
10/28/2015,61.2,62.125,60.425,61.4,20053
10/29/2015,61.35,61.725,59.275,59.875,20102
10/30/2015,59.5,61.15,59.025,59.2,20947
11/02/2015,59,59.425,57.1,58.225,21280
11/03/2015,58.3,59.075,57.175,58.225,21134
11/04/2015,57.625,58.5,57.15,57.375,16311
11/05/2015,57.7,58.575,54.875,55.4,25560
11/06/2015,55.4,56,53.925,55,22760
11/09/2015,55.025,55.05,53.1,53.725,21046
11/10/2015,53.725,54.9,52.8,53.55,24634
11/11/2015,54.05,56.475,53.95,56.175,26642
11/12/2015,56,57.15,55.375,56.1,23843
11/13/2015,56.425,56.85,53.775,54.8,18777
11/16/2015,55.175,55.175,51.8,51.8,17888
11/17/2015,51.9,55.4,51.8,54.175,18048
11/18/2015,54.5,55.8,54.15,54.375,11986
11/19/2015,54.6,55.975,54.2,55.4,9631
11/20/2015,55.9,57.8,55.825,57.45,12572
11/23/2015,57.675,58.35,57.35,57.45,7211
11/24/2015,57.7,58.3,56.5,57.225,9071
11/25/2015,58,59,57.475,58.8,7124
11/27/2015,58.75,58.95,58.275,58.725,2466
11/30/2015,58.9,58.9,57.575,58.425,7226
12/01/2015,58.65,60.1,58.625,59.95,12438
12/02/2015,59.7,59.8,58.9,59.35,5969
12/03/2015,59.35,59.75,58,58.35,6751
12/04/2015,58.4,58.4,56.75,57.05,7631
12/07/2015,56.725,56.725,54.725,55.475,7127
12/08/2015,55.475,56.6,55,55.325,7825
12/09/2015,55.7,56.85,55.55,56.75,4022
12/10/2015,56.25,56.65,56.175,56.225,2310
12/11/2015,56.35,56.5,55.95,56,2516
12/14/2015,56.025,56.025,55.475,55.55,2294
12/15/2015,59.75,60.125,58.375,58.925,14581
12/16/2015,59.2,59.25,57.35,57.9,10982
12/17/2015,57.4,57.4,54.95,55.775,19465
12/18/2015,56.1,58.3,56.1,56.625,12124
12/21/2015,56.975,57.85,56.35,56.45,9504
12/22/2015,56.6,57.5,56.6,56.85,8021
12/23/2015,57.375,59.175,56.775,57.775,9474
12/24/2015,58.6,59.35,58.2,58.3,5410
12/28/2015,58.55,59.65,58.4,59.125,8456
12/29/2015,59.025,59.475,58.625,59.15,9009
12/30/2015,59.15,59.9,58.975,59.775,9452
12/31/2015,59.85,60.075,59.25,59.8,11053
01/04/2016,59.875,60.025,58.075,59.425,13416
01/05/2016,59.45,61.475,59.45,61.1,20726
01/06/2016,60.875,61.5,60.65,60.825,14246
01/07/2016,61.025,61.425,58.95,59.55,19719
01/08/2016,59.6,60.95,59.3,59.85,20481
01/11/2016,59.625,59.925,58.875,59.7,16394
01/12/2016,60.175,62.05,60.125,61.9,26590
01/13/2016,62.1,62.625,61.15,61.625,19644
01/14/2016,61.725,62.675,61.425,62.35,16754
01/15/2016,62.025,62.45,61.325,62.025,9636
01/19/2016,62.825,63.15,62.1,62.85,10910
01/20/2016,62.95,63.55,62.05,62.725,10759
01/21/2016,63.3,64.05,62.65,63.75,10674
01/22/2016,63.55,63.85,62.925,63,6955
01/25/2016,63.55,63.875,62.925,63.525,7201
01/26/2016,63.8,64.625,63.225,64.325,5867
01/27/2016,64.8,65.6,64.425,65.375,5611
01/28/2016,65.775,66.125,64.575,65.3,6435
01/29/2016,65.5,66.1,65.325,65.8,3685
02/01/2016,66.1,66.1,65.025,65.35,3742
02/02/2016,65.225,65.325,64.125,64.2,4909
02/03/2016,64.45,65,64.275,64.55,4459
02/04/2016,64.775,65.5,64.6,65.125,3672
02/05/2016,65.3,65.525,64.775,64.8,4675
02/08/2016,65.275,65.75,64.8,65.025,4366
02/09/2016,65,65.475,64.6,64.85,3889
02/10/2016,65.5,65.55,64.85,65.15,6594
02/11/2016,65.275,65.775,65.15,65.525,3994
02/12/2016,65.75,65.975,65.725,65.95,1444
02/16/2016,70.175,70.8,70.05,70.15,11476
02/17/2016,70.225,71.375,69.675,71.15,17148
02/18/2016,71.325,72.225,70.275,70.775,21831
02/19/2016,70.075,70.4,68.35,68.9,20275
02/22/2016,68.8,69.4,68.35,69.25,12345
02/23/2016,69,70.75,68.575,69.95,15629
02/24/2016,70,71.575,69.225,71.475,21039
02/25/2016,71.6,71.85,70.725,71.125,13483
02/26/2016,71.15,71.2,70.05,70.85,13723
02/29/2016,69.975,69.975,69.975,69.975,17036
03/01/2016,70.25,70.475,69.725,70.4,10354
03/02/2016,70.775,70.8,69.9,70.05,11269
03/03/2016,70.025,70.575,69.125,70.35,16234
03/04/2016,70.725,71.375,70.45,70.8,15512
03/07/2016,70.85,70.95,69.275,70.05,20782
03/08/2016,70.175,70.2,69.475,69.775,16401
03/09/2016,69.85,72.2,69.475,72.1,28845
03/10/2016,71.8,72.875,71.75,72.175,19628
03/11/2016,72.5,72.7,71.625,71.825,17323
03/14/2016,71.675,71.7,70.35,70.775,14944
03/15/2016,70.875,71.2,70.375,70.725,8537
03/16/2016,70.6,71.925,69.975,71.3,11748
03/17/2016,71.375,71.75,70.625,71.3,8965
03/18/2016,71.1,71.625,70.775,71.45,6238
03/21/2016,70.95,70.95,69.25,69.35,12263
03/22/2016,69.325,70.2,69.275,70.15,7161
03/23/2016,70,70.15,69.4,69.675,8475
03/24/2016,70.225,70.225,69.275,69.625,8493
03/28/2016,69.75,71.675,69.325,69.925,7203
03/29/2016,70.2,70.4,69.825,70.25,5383
03/30/2016,70.35,70.65,68.825,68.925,8209
03/31/2016,69.275,69.525,67.95,68.35,5720
04/01/2016,68.5,68.65,67.25,67.8,6512
04/04/2016,68.125,68.15,67.6,67.675,2808
04/05/2016,67.8,68.125,67.275,67.375,5045
04/06/2016,67.45,67.8,67.25,67.5,3615
04/07/2016,67.625,67.8,67.05,67.125,5264
04/08/2016,67.15,67.2,66.775,66.825,4392
04/11/2016,66.875,66.925,66.325,66.35,2556
04/12/2016,66.55,66.825,66.375,66.6,2201
04/13/2016,66.75,66.775,66.4,66.525,2870
04/14/2016,66.7,66.875,66.65,66.8,677
04/15/2016,77.275,77.7,76.8,77.625,14076
04/18/2016,77.875,78.4,77.125,77.825,12157
04/19/2016,78.3,78.975,78.05,78.925,12946
04/20/2016,79.5,79.95,79.225,79.6,11543
04/21/2016,79.7,79.825,78.65,79.525,12878
04/22/2016,79.9,80.45,78.7,78.825,15013
04/25/2016,78.9,78.925,77.575,78.45,13663
04/26/2016,78.85,78.85,77.55,77.825,12298
04/27/2016,78.075,79.75,78.075,79.475,14828
04/28/2016,80,80.85,79.8,80.775,16762
04/29/2016,80.575,81.75,80.1,81.7,20276
05/02/2016,82.2,82.85,81.775,82.7,14998
05/03/2016,82.725,83.125,82.1,82.925,15408
05/04/2016,82.925,82.925,81.525,81.825,17154
05/05/2016,82.2,82.725,82.025,82.325,12892
05/06/2016,82.25,82.25,81.025,81.275,18673
05/09/2016,81.35,81.85,79.925,80.15,18210
05/10/2016,80.525,81.2,80.4,80.8,16181
05/11/2016,81.25,82.9,80.85,82.825,22781
05/12/2016,83,83.475,82.9,83,18744
05/13/2016,83.3,83.4,81.325,81.95,14592
05/16/2016,82.15,83.15,81.575,83.025,12083
05/17/2016,83.225,83.275,82.3,82.75,11615
05/18/2016,82.7,82.75,81,81.225,12725
05/19/2016,81.15,81.225,80.125,80.425,12300
05/20/2016,80.25,80.35,79.7,79.85,10399
05/23/2016,79.8,79.85,78.625,79.075,10636
05/24/2016,79.375,79.75,78.9,79.675,8564
05/25/2016,79.925,80.45,79.6,80.175,7618
05/26/2016,80.7,81,79.975,80.55,9113
05/27/2016,80.425,80.575,79.95,80.525,3807
05/31/2016,80.75,81.375,80.35,80.575,5848
06/01/2016,80.8,81.25,80.025,81.15,7743
06/02/2016,81.275,82.125,80.925,82.025,6134
06/03/2016,82,82.575,81.5,82.3,6861
06/06/2016,82.325,82.95,82.15,82.25,4466
06/07/2016,82.425,82.55,81.6,81.85,5654
06/08/2016,82.25,82.35,81.85,82.05,2092
06/09/2016,82.625,82.9,82.4,82.675,3759
06/10/2016,82.7,82.7,82.05,82.275,1721
06/13/2016,82.25,82.25,81.6,81.825,3270
06/14/2016,81.8,81.825,81.6,81.675,1136
06/15/2016,88.675,88.825,86.775,86.825,12768
06/16/2016,86.875,87.45,86.25,87.075,8061
06/17/2016,87.025,87.3,86.075,86.175,9838
06/20/2016,86.125,86.55,85.425,86.425,5172
06/21/2016,86.5,86.825,86.05,86.2,4447
06/22/2016,86.7,86.9,84.375,84.475,10776
06/23/2016,84.7,84.7,83.625,84.275,7207
06/24/2016,83.975,84.475,83.675,84.05,4566
06/27/2016,83.3,83.75,83.025,83.15,5872
06/28/2016,83.6,83.725,82.775,83.15,5162
06/29/2016,83.525,83.55,82.85,83.1,3961
06/30/2016,83.225,83.3,82.625,82.85,3710
07/01/2016,82.875,82.875,82.1,82.675,5830
07/05/2016,82.75,83.65,81.95,82.05,4810
07/06/2016,82.15,82.35,81.5,81.575,7578
07/07/2016,81.575,81.7,80.875,81.05,3728
07/08/2016,81.25,81.25,80,80.05,3600
07/11/2016,80.55,80.55,79.575,79.625,2967
07/12/2016,80.075,80.175,79.85,79.95,2110
07/13/2016,80.075,80.25,80.075,80.175,1576
07/14/2016,80.275,80.6,80.15,80.3,1878
07/15/2016,80.225,80.225,79.95,80,1011
07/18/2016,78.25,78.575,77.3,77.825,12522
07/19/2016,78.275,78.275,77.275,77.35,9124
07/20/2016,77.45,78.15,76.125,76.2,13761
07/21/2016,76.2,76.2,74.15,74.45,10632
07/22/2016,74.6,75.425,73.825,75.275,9145
07/25/2016,75.9,75.925,74.825,75.675,5619
07/26/2016,75.725,75.925,74.475,74.6,7354
07/27/2016,74.45,74.575,71.6,71.675,11364
07/28/2016,71.725,71.775,68.775,68.85,11577
07/29/2016,69.2,70.15,68.7,68.975,6551
08/01/2016,69.65,69.65,68.6,68.65,6340
08/02/2016,68.7,69.225,68.675,68.925,4400
08/03/2016,68.875,69.1,68.3,68.35,3839
08/04/2016,68.425,68.425,67.6,67.7,3809
08/05/2016,67.75,68.1,67.35,67.45,4571
08/08/2016,67.6,67.7,66.95,67.1,3156
08/09/2016,67.275,67.55,66.85,66.925,2664
08/10/2016,67.225,67.35,66.825,67.125,2044
08/11/2016,67.4,67.675,67.15,67.2,4127
08/12/2016,67.35,67.475,67.125,67.15,1394
08/15/2016,60.625,62.8,60.425,62.5,19443
08/16/2016,62.9,63.25,59.625,59.85,20512
08/17/2016,59.85,61.05,59.275,61,12132
08/18/2016,60.7,61.65,60.05,60.7,11820
08/19/2016,60.525,62.4,60.275,61.925,13375
08/22/2016,62.2,63.025,60.9,61.15,13422
08/23/2016,61.125,61.85,60.15,60.525,10232
08/24/2016,60.725,60.8,59.925,60.325,9313
08/25/2016,60.2,60.225,58.375,58.7,14018
08/26/2016,59.325,61.7,59.325,61.325,16165
08/29/2016,61.425,61.95,60.825,61.375,10987
08/30/2016,61.375,62.3,61.05,62.05,10960
08/31/2016,62.1,62.9,61.625,62.85,14639
09/01/2016,62.75,63.85,62.175,63.325,16589
09/02/2016,63.325,63.675,60.525,60.75,16942
09/06/2016,60.125,60.175,58.5,58.925,20260
09/07/2016,59.2,61.025,59.2,60.875,16970
09/08/2016,61.5,62.05,60.875,61,20370
09/09/2016,61.2,61.6,59.1,59.225,20551
09/12/2016,59.925,61.975,59.1,59.425,32908
09/13/2016,59.55,59.55,56.575,56.75,32719
09/14/2016,57.225,57.6,54.7,54.925,25923
09/15/2016,55.25,55.975,54.55,55.15,17750
09/16/2016,55.3,55.7,54.65,55.475,13375
09/19/2016,55.725,56.45,54.725,54.925,13460
09/20/2016,55.05,55.7,54.675,55.55,11510
09/21/2016,55.55,55.6,54.025,54.425,9614
09/22/2016,54.375,55,53.7,54.2,7089
09/23/2016,54.225,54.975,53.775,54,8199
09/26/2016,53.825,54.25,52.95,53.05,9112
09/27/2016,53.3,53.85,51.5,51.7,9118
09/28/2016,52.3,52.45,51.5,51.7,5164
09/29/2016,51.6,52.275,50.825,52.025,4839
09/30/2016,52.125,52.125,49.025,49.025,9569
10/03/2016,49.275,49.8,48.7,48.925,7065
10/04/2016,49.4,49.6,48.5,48.625,6091
10/05/2016,49.025,49.15,47.625,48.225,6070
10/06/2016,48.8,50.525,48.65,50.375,4864
10/07/2016,50.975,51.725,50.5,50.675,6391
10/10/2016,51.15,51.25,50.325,50.675,2342
10/11/2016,51.1,51.775,51.1,51.45,3739
10/12/2016,51.8,52.45,51.775,52.375,3496
10/13/2016,52.525,52.775,52.45,52.625,1870
10/14/2016,52.525,52.725,52.425,52.6,1978
10/17/2016,42.475,42.725,41.25,41.6,15347
10/18/2016,41.7,42.25,41.025,41.125,13220
10/19/2016,41.25,42,40.7,41.175,14577
10/20/2016,41.3,41.85,41.05,41.1,11796
10/21/2016,41.625,42.65,41.45,41.85,15587
10/24/2016,43,43.75,42.775,43.2,13956
10/25/2016,43.75,44.7,43.6,44.625,17167
10/26/2016,44.7,44.875,43.75,44.2,12310
10/27/2016,44.2,45.975,43.85,45.375,19107
10/28/2016,45.5,47.075,45.45,46.8,16699
10/31/2016,46.825,48.15,46.575,47.95,20641
11/01/2016,47.7,48.125,46.1,46.45,20942
11/02/2016,46.925,47.95,46.55,47.825,16774
11/03/2016,47.45,47.55,46.35,47,16130
11/04/2016,46.9,46.95,45.1,46.15,18361
11/07/2016,46.375,47.25,45.975,47.1,21944
11/08/2016,47.2,47.675,46.625,46.975,24693
11/09/2016,46.85,47.425,45.975,46.55,21833
11/10/2016,46.525,47.8,45.55,47.375,27557
11/11/2016,47.4,48.75,46.875,47.125,25958
11/14/2016,47.075,47.075,45.425,46.9,22912
11/15/2016,46.9,47.325,45.725,46.125,15321
11/16/2016,46.275,48.275,46.25,48.025,23193
11/17/2016,48.175,48.25,46.8,47.45,12952
11/18/2016,47.525,48.1,47.025,47.8,10344
11/21/2016,47.9,50.025,47.775,49.775,15982
11/22/2016,49.825,50.325,49.15,49.3,10539
11/23/2016,49.6,50.375,49.375,49.75,10553
11/25/2016,50.5,51.375,50.5,51.05,5525
11/28/2016,51.1,51.475,50.3,50.425,8323
11/29/2016,50.575,50.95,50.275,50.35,9673
11/30/2016,50.85,51.7,50.75,51.025,9175
12/01/2016,51.25,51.525,49.95,50.225,10592
12/02/2016,50.9,51.275,50.525,50.75,6956
12/05/2016,51.2,51.9,51.15,51.5,5308
12/06/2016,52.25,54.075,52,53.375,8627
12/07/2016,54.05,55.325,54,54.7,9538
12/08/2016,55.3,56.875,55.125,55.675,8421
12/09/2016,56.65,57.1,56.125,56.725,5093
12/12/2016,57,57.4,56.8,57.375,2772
12/13/2016,57.475,57.5,57.025,57.175,1651
12/14/2016,57.225,57.875,57.225,57.85,1628
12/15/2016,61.7,62.95,60.875,62.4,16625
12/16/2016,62.75,64.95,62.575,64.7,21467
12/19/2016,64.725,66.575,63.925,66.1,24659
12/20/2016,65.85,66.425,63.65,64,18719
12/21/2016,63.825,65.475,62.9,64.9,15391
12/22/2016,65.3,65.75,64.425,64.725,10021
12/23/2016,65.075,65.1,62.275,63.2,14894
12/27/2016,62.5,64.875,62.15,64.75,14360
12/28/2016,65.05,66.125,64.45,65.1,13119
12/29/2016,65.575,65.95,64.15,64.65,11243
12/30/2016,64.6,66.35,64.275,66.15,15286
01/03/2017,66.4,66.9,63.225,63.5,21578
01/04/2017,63.875,64.775,63.3,64.6,17194
01/05/2017,64.925,65.6,64.225,64.875,15567
01/06/2017,65.15,65.15,63.575,63.975,15578
01/09/2017,64.125,64.125,62.55,63.75,21246
01/10/2017,64.2,65.9,63.85,65.05,24800
01/11/2017,65.25,66.075,64.825,65.6,23392
01/12/2017,65.9,66.225,64.9,65.95,23613
01/13/2017,66.1,66.2,64.725,65.6,20049
01/17/2017,65.95,65.975,65.05,65.8,10499
01/18/2017,65.9,66.675,64.525,65.2,15775
01/19/2017,65.475,65.775,64.9,65.425,12217
01/20/2017,65.7,65.875,65.025,65.3,9622
01/23/2017,65.35,65.45,64.325,65,8995
01/24/2017,65.05,65.725,64.975,65.225,7305
01/25/2017,66,67.825,65.85,67.525,9425
01/26/2017,67.7,68,65.25,65.85,10896
01/27/2017,66.425,67.075,66.05,66.9,7629
01/30/2017,67.25,67.7,66.925,67.1,7594
01/31/2017,67.2,69.3,67.15,69.075,9790
02/01/2017,69.5,70,68.925,69.425,9316
02/02/2017,69.85,70.5,69.65,70.35,8745
02/03/2017,70.6,70.65,69.925,70.325,5171
02/06/2017,70.275,71.425,70.275,71.35,6840
02/07/2017,71.7,72.8,71.7,72.375,7722
02/08/2017,72.6,73.45,72.45,73.35,4619
02/09/2017,73.9,74.35,73.55,74.225,2871
02/10/2017,74.775,74.975,74,74.55,4956
02/13/2017,74.675,75.1,74.625,74.75,2758
02/14/2017,74.95,75.2,74.95,75.175,1580
02/15/2017,71.775,72.325,70.65,70.775,16543
02/16/2017,71.075,71.775,69.75,69.825,18706
02/17/2017,69.825,71.125,69.825,70.775,15180
02/21/2017,71.25,71.575,70.25,70.35,15316
02/22/2017,70,70,67.525,67.75,27095
02/23/2017,67.5,67.5,66.025,66.575,23906
02/24/2017,66.7,68.225,66.325,68.025,19285
02/27/2017,68.25,69,67.875,68.125,15542
02/28/2017,68.3,68.375,67.175,67.6,18661
03/01/2017,68.25,68.9,67.525,68.425,20911
03/02/2017,68.55,69.625,68.1,68.275,23013
03/03/2017,68,68,66.575,66.75,19042
03/06/2017,67.275,68.175,66.8,67.175,14520
03/07/2017,67.4,68.4,66.95,68.05,21807
03/08/2017,68.15,68.675,67.9,68.425,21920
03/09/2017,68.725,68.975,67.55,68.075,24320
03/10/2017,68.1,68.5,67.075,68.175,19183
03/13/2017,68.4,70.3,68.075,70.225,24685
03/14/2017,70.425,71.275,70,70.825,19064
03/15/2017,70.5,70.775,69.8,70.075,15004
03/16/2017,70.375,70.425,69.375,69.9,12762
03/17/2017,69.5,69.775,68.775,69.05,13026
03/20/2017,69.125,69.275,68.3,68.65,11973
03/21/2017,68.775,68.875,67.725,68,12206
03/22/2017,68.225,68.725,67.925,68.15,9126
03/23/2017,68.375,69.625,67.6,69.35,16311
03/24/2017,69.35,69.425,67.125,67.275,11095
03/27/2017,67.05,67.075,65.575,65.65,6676
03/28/2017,66.025,66.125,65.025,65.1,5106
03/29/2017,65.5,65.825,64.7,65.3,5143
03/30/2017,65.175,65.95,64.675,65.625,7240
03/31/2017,65.875,65.875,64.85,65.675,4137
04/03/2017,65.55,65.975,64.725,64.8,4230
04/04/2017,64.8,64.95,63.575,63.675,4454
04/05/2017,63.775,63.9,63.425,63.625,2753
04/06/2017,63.9,64,63.375,63.925,3655
04/07/2017,63.7,63.85,63.225,63.325,3742
04/10/2017,63.5,63.525,63.125,63.325,2350
04/11/2017,63.3,63.4,62.575,62.65,5075
04/12/2017,62.7,62.9,62.175,62.225,3280
04/13/2017,62.25,62.525,62.15,62.45,1866
04/17/2017,62.15,62.15,61.875,61.975,1611
04/18/2017,72.35,72.475,70.625,71.5,17036
04/19/2017,70.825,70.9,69.9,69.95,16647
04/20/2017,69.65,70.375,68.55,68.675,24228
04/21/2017,68.825,69.25,67.775,68.325,18890
04/24/2017,68.725,69.625,68.375,69.525,13440
04/25/2017,69.4,72.2,69.4,71.825,23151
04/26/2017,71.825,72.45,70.625,70.75,17561
04/27/2017,71.4,73.65,71.3,72.825,21519
04/28/2017,73.225,74.225,72.825,74,21564
05/01/2017,74,74.3,73.025,73.275,12796
05/02/2017,73.5,74.475,73.375,74.15,16233
05/03/2017,74.4,75.825,74.375,75.55,19954
05/04/2017,75.75,76.575,75.7,76.475,18036
05/05/2017,76.575,77.1,75.875,76.325,21189
05/08/2017,76.75,77.55,76.175,77.375,22341
05/09/2017,77.6,78.425,77.175,77.375,25286
05/10/2017,77.775,77.95,76.775,77.2,22410
05/11/2017,77.5,77.575,76.375,77.05,21418
05/12/2017,77.15,78.175,76.875,77.95,17426
05/15/2017,78.05,78.25,77.05,77.25,14405
05/16/2017,77.1,79.1,76.425,78.725,15092
05/17/2017,79.225,79.95,78.8,78.9,15153
05/18/2017,78.625,79.25,77.95,79.15,11214
05/19/2017,78.675,79.55,78.325,79.5,8556
05/22/2017,79.075,79.75,78.65,79.35,5888
05/23/2017,78.925,80.275,78.9,80.15,7824
05/24/2017,80.5,80.95,80.025,80.2,5930
05/25/2017,80.275,81.075,79.6,80.95,6250
05/26/2017,81.2,81.875,80.85,81.825,5215
05/30/2017,81.65,81.7,80.4,80.5,6002
05/31/2017,80.9,82.675,80.775,81.925,8821
06/01/2017,82.375,82.375,80.675,80.925,6220
06/02/2017,81.25,81.65,80.875,81.225,5106
06/05/2017,81.1,81.725,80.45,80.725,5249
06/06/2017,81.225,82.35,80.925,81.65,5836
06/07/2017,81.9,82.225,81.5,81.625,4505
06/08/2017,81.95,82.35,81.775,82.025,3699
06/09/2017,82.4,82.6,82.25,82.475,2057
06/12/2017,82.3,82.5,81.9,81.975,3018
06/13/2017,82.25,82.85,82.2,82.775,3728
06/14/2017,82.775,83.05,82.7,83,2238
06/15/2017,82.85,83.45,80.725,82.05,15970
06/16/2017,82.2,82.8,81.65,82.325,10944
06/19/2017,82.975,84.375,82.875,83.9,18543
06/20/2017,84.5,85.275,84.2,85,13993
06/21/2017,85.6,86.4,85.4,86.075,12225
06/22/2017,85.95,85.95,84.5,85.025,7277
06/23/2017,85.15,85.35,84.1,85.3,7440
06/26/2017,85.675,87.725,85.55,87.025,8030
06/27/2017,87.3,87.4,86.25,86.475,5747
06/28/2017,86.9,88,86.575,87.925,6964
06/29/2017,88.25,89.65,88.15,89.475,6166
06/30/2017,89.975,90.85,89.8,90.625,6971
07/03/2017,91.05,91.075,90.05,90.7,3243
07/05/2017,91.3,92.575,91.15,92.05,4786
07/06/2017,92.475,92.475,91.2,91.475,5081
07/07/2017,91.775,92.1,91.55,91.725,3720
07/10/2017,91.925,92.075,91.325,91.475,2739
07/11/2017,91.925,92.275,91.825,92.15,3172
07/12/2017,92.5,92.65,92.375,92.575,2420
07/13/2017,92.6,92.825,92.45,92.75,2927
07/14/2017,92.75,92.75,92.35,92.6,1773
07/17/2017,92.55,92.575,92.3,92.4,1786
07/18/2017,80.95,81.25,79.9,80.5,17147
07/19/2017,80.625,83.025,80.125,82.575,16559
07/20/2017,82.65,82.8,81.05,81.1,13127
07/21/2017,81.225,82,81,81.1,11746
07/24/2017,80.725,81.025,80.075,80.375,8090
07/25/2017,81.2,81.725,80.775,81.45,8282
07/26/2017,81.85,82.7,81.5,82,7586
07/27/2017,81.85,82.425,81.325,82.25,5779
07/28/2017,82.575,82.575,81.125,81.4,6803
07/31/2017,81.025,81.5,80.25,80.3,7396
08/01/2017,80.325,80.4,79.6,79.8,10102
08/02/2017,80.25,82.175,79.95,81.95,10664
08/03/2017,82.25,82.35,80.8,81.975,9568
08/04/2017,82.25,83.325,82.25,83.225,6231
08/07/2017,83.625,83.725,83.075,83.4,6697
08/08/2017,83.675,83.925,83.35,83.525,4402
08/09/2017,83.8,84.175,83.725,84.125,3759
08/10/2017,84.175,84.5,84.05,84.45,5511
08/11/2017,84.6,84.75,84.5,84.65,3510
08/14/2017,84.55,84.65,84.35,84.45,2316
08/15/2017,69.475,70.9,69.375,70.525,22492
08/16/2017,70.6,71.325,67.95,68.775,27200
08/17/2017,68.475,68.475,66.425,66.925,22034
08/18/2017,66.5,66.8,65.425,66.125,19173
08/21/2017,65.5,65.7,64.25,64.675,16313
08/22/2017,64.85,65.15,63.35,63.875,22018
08/23/2017,63.6,63.775,62.775,63.55,21418
08/24/2017,63.55,64.025,62.625,63.775,21806
08/25/2017,63.925,64.3,62.775,63.075,18345
08/28/2017,62.775,63,61.575,61.625,18683
08/29/2017,61.625,61.75,59.825,60.225,19474
08/30/2017,60.4,61.7,60.15,61.35,22977
08/31/2017,61.675,62.6,61.275,61.4,28321
09/01/2017,61.3,62.575,61.175,61.45,21584
09/05/2017,62.075,64.45,61.875,63.75,28888
09/06/2017,64,64.35,63.25,63.55,22077
09/07/2017,62.825,63.05,61.325,61.45,26830
09/08/2017,61.2,62.95,61.075,62.15,23713
09/11/2017,61.825,62.275,61.25,61.575,24306
09/12/2017,60.725,60.925,59.225,59.45,32636
09/13/2017,58.825,59.975,58.25,59.575,34656
09/14/2017,59.475,60.1,58.6,59.025,25504
09/15/2017,58.6,61.2,58.5,60.975,29944
09/18/2017,60.375,60.875,59.8,60,20350
09/19/2017,60.025,60.8,59.65,60.125,18920
09/20/2017,59.35,59.6,58.475,58.65,22570
09/21/2017,58.55,58.55,57.075,57.325,16193
09/22/2017,57.025,57.5,56.5,56.625,16351
09/25/2017,56.3,57.75,56.1,57.425,16473
09/26/2017,57.6,58.325,56.95,58.1,17873
09/27/2017,58.1,59.75,57.925,59.65,20878
09/28/2017,59.3,59.9,58.175,58.275,15817
09/29/2017,57.775,61.175,57.35,59.95,31721
10/02/2017,59.725,62.675,59.625,61.975,25484
10/03/2017,62.2,63.45,61.4,62.075,33393
10/04/2017,62.3,62.9,61.825,61.9,14588
10/05/2017,62.1,63.125,61.725,62.8,18374
10/06/2017,62.9,62.9,60.7,60.925,17074
10/09/2017,60.925,61.325,60.6,60.95,13907
10/10/2017,61.225,62.35,61.225,61.55,17109
10/11/2017,62.15,62.875,61.925,62.5,16008
10/12/2017,62.75,63.125,61.3,61.625,18980
10/13/2017,61.75,62.4,61.525,62.2,11392
10/16/2017,62.5,63.875,62.3,63.7,18146
10/17/2017,64,64.5,61.975,62.175,20537
10/18/2017,62.3,63.8,62.3,63.75,19256
10/19/2017,64,64.65,63.6,64.25,18160
10/20/2017,64.275,64.925,63.9,64.85,19097
10/23/2017,64.9,65.325,63.45,63.525,18432
10/24/2017,63.5,64.375,62.95,64.025,17935
10/25/2017,63.875,64.675,63.675,64.475,15421
10/26/2017,64.625,65.55,64.1,65.05,21020
10/27/2017,65,65.15,63.675,64.45,17692
10/30/2017,64.45,65.3,64.325,65.175,17312
10/31/2017,65.625,68.175,65.425,68,35287
11/01/2017,67.95,68,66.3,66.6,28658
11/02/2017,66.475,66.475,65.3,65.8,25452
11/03/2017,66.05,66.3,64.775,65.1,20093
11/06/2017,65.075,65.15,64.425,64.625,19558
11/07/2017,64.6,64.6,63.6,63.925,28326
11/08/2017,64.125,64.25,63.35,63.55,30054
11/09/2017,63.575,63.9,62.625,63.175,32202
11/10/2017,63.1,63.1,62.15,62.475,27284
11/13/2017,62.575,62.925,61.925,62.3,28349
11/14/2017,62.4,62.4,59.9,59.975,25610
11/15/2017,60.275,61.225,59.25,61.125,24660
11/16/2017,61.425,61.55,59.875,60.1,17829
11/17/2017,60.2,62.1,60,60.65,15880
11/20/2017,60.825,62.425,60.775,62.025,14447
11/21/2017,62.45,62.725,60.575,60.7,10262
11/22/2017,67.15,69.15,66.875,69.1,14611
11/24/2017,69.4,70.15,69.325,69.4,9965
11/27/2017,69.7,70.225,69.55,70.1,11279
11/28/2017,70.1,72,69.775,71.525,21387
11/29/2017,71.75,72.25,70.625,70.9,19197
11/30/2017,71.175,71.85,69.6,69.775,21197
12/01/2017,69.975,71,69.375,70.725,18485
12/04/2017,70.625,71.8,69.7,71.675,19244
12/05/2017,71.7,71.7,70.15,70.5,15131
12/06/2017,70.45,70.725,68.9,68.95,17109
12/07/2017,68.775,69.3,68.15,68.475,21710
12/08/2017,68.425,68.925,67.85,68.85,13826
12/11/2017,68.75,69.125,66.925,67.025,20706
12/12/2017,66.9,67.05,66.475,66.525,18612
12/13/2017,66.5,67.5,66.325,66.8,20175
12/14/2017,66.25,68.7,66.25,67.625,19582
12/15/2017,67.525,68.625,67.175,68.525,14061
12/18/2017,68.85,69.925,67.3,67.4,19760
12/19/2017,67.575,67.9,66.775,66.9,13679
12/20/2017,67.4,68.675,66.825,68.375,15446
12/21/2017,68.6,69.3,68.15,68.575,12418
12/22/2017,68.9,70.125,68.425,69.975,12360
12/26/2017,70.25,71.675,69.9,71.525,14808
12/27/2017,71.525,71.95,70.3,71.025,19199
12/28/2017,71.1,71.85,70.7,71.55,15187
12/29/2017,71.75,72.45,71.575,71.775,16567
01/02/2018,72,72,70.675,70.725,19308
01/03/2018,71.1,71.2,70.2,71.05,18301
01/04/2018,71.45,71.8,70.825,71.375,16426
01/05/2018,71.5,71.65,70.9,71.425,12952
01/08/2018,71.675,73.4,71.675,72.975,30818
01/09/2018,73.325,73.45,72.45,73.175,27391
01/10/2018,73.5,73.675,71.575,72.525,33375
01/11/2018,72.5,72.5,70.725,70.975,30248
01/12/2018,71,71.825,70.95,71.575,21618
01/16/2018,72.075,74.25,72.05,73.9,20011
01/17/2018,73.65,73.7,72.525,72.725,15177
01/18/2018,72.875,73.35,72.375,73.05,15638
01/19/2018,73.05,73.15,72,72.075,12998
01/22/2018,72.275,72.275,71.65,71.8,7468
01/23/2018,72.175,72.775,71.525,72.25,11659
01/24/2018,74.825,76.325,74.25,75.7,19713
01/25/2018,76.075,76.525,73.725,73.825,21429
01/26/2018,73.85,74.375,73.275,73.8,12574
01/29/2018,74.05,74.2,73.3,73.425,13060
01/30/2018,73.4,73.475,72.125,72.9,20608
01/31/2018,73.275,73.4,72.1,72.25,19653
02/01/2018,72.4,73.3,72.225,72.825,23634
02/02/2018,73.2,74.125,71.675,73.55,20702
02/05/2018,73.65,73.975,72.275,73.325,18592
02/06/2018,72.775,72.825,70.6,71.425,27098
02/07/2018,70.7,70.825,68.875,69.225,29101
02/08/2018,69.175,69.65,68.75,69.45,22804
02/09/2018,69.45,69.875,68.825,68.85,18068
02/12/2018,68.7,70.725,68.55,70.525,25682
02/13/2018,70.325,70.425,69.3,69.425,20071
02/14/2018,69.65,71.275,69.075,70.65,20213
02/15/2018,70.725,71.25,69.625,69.725,18856
02/16/2018,69.425,69.45,68.025,68.15,22014
02/20/2018,68.475,70.025,68.3,69.2,24558
02/21/2018,69.875,70.55,69.125,69.9,17817
02/22/2018,69.825,71.55,69.475,71.275,21244
02/23/2018,71.3,71.775,70.875,71.375,13546
02/26/2018,71.15,71.95,69.9,69.95,21413
02/27/2018,70.075,70.675,69.8,69.95,20371
02/28/2018,69.4,69.5,67.125,67.225,38957
03/01/2018,67.5,67.825,66.875,66.975,20884
03/02/2018,67.45,68,66.9,67.575,20529
03/05/2018,67.925,69.1,67.65,68.8,17955
03/06/2018,69.275,69.325,68.125,68.2,20921
03/07/2018,68.075,68.325,66.425,67.8,34019
03/08/2018,67.175,68.175,66.625,68.075,32937
03/09/2018,67.75,68.3,67,67.85,27223
03/12/2018,67.5,67.825,66.525,67.675,25259
03/13/2018,67.675,68.85,67.425,67.725,30588
03/14/2018,67.45,67.725,66.625,66.875,20596
03/15/2018,66.4,66.825,65.675,65.725,21770
03/16/2018,65.7,66.525,65.375,65.45,20235
03/19/2018,65.25,65.25,62.975,63.15,19576
03/20/2018,63.275,63.85,62.825,63.25,11849
03/21/2018,63.6,63.6,62.525,62.575,12928
03/22/2018,76.825,77.15,74.9,75.475,20305
03/23/2018,74.325,75.575,73.225,74.15,26247
03/26/2018,74.35,75.725,74.025,74.1,18416
03/27/2018,74.15,74.75,73.725,74.025,16933
03/28/2018,72.95,76.925,72.95,76.625,23519
03/29/2018,76.4,76.75,75.475,76.55,21970
04/02/2018,75.025,75.35,73.55,73.55,13379
04/03/2018,73.35,73.55,70.9,71.65,29731
04/04/2018,71.225,73.775,70.25,73.275,26664
04/05/2018,73.15,74.25,73.025,73.825,17206
04/06/2018,73.3,73.75,72.35,73.275,19906
04/09/2018,72.975,76.275,72.7,75.875,25309
04/10/2018,76,77,74.925,75.05,24318
04/11/2018,74.9,76.65,74.9,75.775,15511
04/12/2018,75.9,77.5,75.25,77.25,22520
04/13/2018,77.775,78.1,76.9,77.65,15583
04/16/2018,77.4,78.075,76.4,76.8,16147
04/17/2018,77.1,77.425,76.3,76.75,14757
04/18/2018,76.8,78.95,76.775,78.525,23526
04/19/2018,78.8,79.1,77.5,78.075,18749
04/20/2018,78,78.5,77.325,77.55,13870
04/23/2018,76.75,77.3,76.1,76.375,18695
04/24/2018,76.25,76.425,74.75,74.825,23669
04/25/2018,74.725,75.6,73.95,75.35,21917
04/26/2018,74.8,74.875,73.775,74,19229
04/27/2018,73.775,74.325,72.475,72.625,17717
04/30/2018,72.75,73.6,72.2,72.7,21409
05/01/2018,73.3,74.275,72.975,73.9,22329
05/02/2018,74.1,74.725,73.175,73.5,19397
05/03/2018,73.8,75.425,73.425,73.5,24071
05/04/2018,73.575,74.05,72.75,73.525,18376
05/07/2018,73.525,74.875,73.075,74.175,21670
05/08/2018,75.025,76.475,74.725,76.3,29601
05/09/2018,76.625,77.25,75.825,76.575,30776
05/10/2018,76.3,77.45,76.075,77.325,26926
05/11/2018,77.35,77.475,74.9,75.1,26701
05/14/2018,75.525,76.5,75.35,76.15,17095
05/15/2018,76.225,76.3,74.075,74.725,22613
05/16/2018,75.075,76.025,74.75,75.9,19183
05/17/2018,75.625,76.725,75.4,76.475,24861
05/18/2018,76.475,76.55,74.325,74.7,18505
05/21/2018,75.2,75.35,72.975,74,15514
05/22/2018,73.375,73.575,72.55,73.125,12073
05/23/2018,75.2,77.25,75.175,76.225,20453
05/24/2018,76.125,76.95,75.25,76.775,15031
05/25/2018,76.75,78.075,76.425,77.55,13492
05/29/2018,77.85,79.525,77.675,78.85,22478
05/30/2018,79.075,80.25,78.825,80.125,17962
05/31/2018,79.625,80.05,77.35,78.05,28378
06/01/2018,78.475,79.125,77.525,78.8,21401
06/04/2018,78.725,79,76.275,77.925,21927
06/05/2018,76.525,77.175,75.2,77.025,25157
06/06/2018,77.075,80.025,77.05,79.95,27439
06/07/2018,79.95,79.975,79.025,79.45,27713
06/08/2018,80.525,80.95,80.075,80.725,22862
06/11/2018,81,81.625,78.625,79.4,26819
06/12/2018,80.025,81.75,79.1,81.45,27989
06/13/2018,81.75,83.3,81.75,82.775,27447
06/14/2018,82.8,83.175,81.25,81.625,18635
06/15/2018,81.475,83,80.875,81.725,20619
06/18/2018,82.05,83.825,81.95,83.725,16636
06/19/2018,82.6,82.925,81.5,81.875,18419
06/20/2018,81.95,82.375,79.55,80.025,12047
06/21/2018,79.975,80.65,79.575,80.475,10225
06/22/2018,75.475,75.475,74.525,75.375,14386
06/25/2018,75,75,73.275,73.6,19346
06/26/2018,73.6,75.65,73.6,74.75,23230
06/27/2018,74.825,75.25,74.3,75.05,15128
06/28/2018,74.825,76.25,74.65,75.725,14929
06/29/2018,74.675,76.925,74.4,76.45,25358
07/02/2018,76.3,77.175,73.825,74.375,33537
07/03/2018,74.9,76.575,74.3,76,21225
07/05/2018,76,76.85,75.35,76.05,18102
07/06/2018,75.475,76.975,75.25,75.425,19706
07/09/2018,75.775,75.85,72.55,72.775,30345
07/10/2018,72.75,72.75,69.775,69.775,40368
07/11/2018,69.55,70.475,68.525,68.8,34847
07/12/2018,69.5,71.05,69.25,70.425,28284
07/13/2018,70.375,71.2,70.075,70.15,22135
07/16/2018,70.1,70.775,69.075,69.2,16033
07/17/2018,69.725,69.975,67.725,67.9,20047
07/18/2018,68.15,68.225,67.1,67.2,19236
07/19/2018,67.525,68.475,66.85,67.25,17311
07/20/2018,66.6,67.05,65.65,66.45,11864
07/23/2018,66.5,67.125,66.325,66.425,11369
07/24/2018,52.45,54.25,51.95,52.525,21177
07/25/2018,53.025,54.1,52.625,53.925,14755
07/26/2018,53.75,55.975,52.15,52.25,26677
07/27/2018,51.75,52.075,50.475,50.875,17734
07/30/2018,51.175,51.95,50.575,51.225,12456
07/31/2018,51,51.55,50.125,50.725,21754
08/01/2018,50.3,52.225,49.925,50.775,26015
08/02/2018,50.3,50.45,49.6,49.65,20706
08/03/2018,49.725,52.15,49.35,50.775,25335
08/06/2018,51,51.975,50,50.225,18924
08/07/2018,50.325,51.225,49.875,49.975,24835
08/08/2018,49.425,49.65,48.05,48.4,23791
08/09/2018,47.85,51.4,47.825,51.4,30835
08/10/2018,51.35,54.075,50.75,51.175,32386
08/13/2018,51.15,53.775,50.8,51.65,23148
08/14/2018,51.65,52.925,51.5,51.85,17619
08/15/2018,51.825,52.75,51.25,52.475,14651
08/16/2018,53.55,55.475,53.55,55.475,22165
08/17/2018,56.375,58.85,55.7,58.6,32743
08/20/2018,59.15,59.5,55.975,56.475,29211
08/21/2018,56.55,57.325,55.675,56.225,20151
08/22/2018,55.1,55.3,53.4,53.6,22989
08/23/2018,53.1,53.475,51,51.175,21344
08/24/2018,50.65,52.25,50.175,51.775,20583
08/27/2018,51.775,54.775,51.675,54.775,24166
08/28/2018,55.6,55.65,51.65,52,28907
08/29/2018,51.75,53.3,51.25,51.55,24973
08/30/2018,51.35,52.125,48.925,49.125,26003
08/31/2018,49.8,51.825,49.7,50.425,26543
09/04/2018,51.65,51.95,50.15,51.075,33020
09/05/2018,51.55,52.575,50.275,51.975,25739
09/06/2018,53.275,54.975,52.825,54.975,25005
09/07/2018,55.125,55.8,53.825,55.65,28692
09/10/2018,56.4,57.25,55.85,55.95,36847
09/11/2018,56.575,56.575,54.025,54.475,33246
09/12/2018,54.65,56.475,54.075,55.8,37660
09/13/2018,55.85,55.95,54.65,55.675,31385
09/14/2018,56.325,56.875,55.475,56.225,26349
09/17/2018,56.325,56.775,54.2,56.45,27914
09/18/2018,57.4,59.45,57.4,59.175,18512
09/19/2018,59.775,60.4,59.125,60,14543
09/20/2018,60.7,61.625,60.6,61.25,13501
09/21/2018,58.2,58.45,56.7,57.4,18164
09/24/2018,57.4,58.35,56.55,56.975,20013
09/25/2018,57.2,57.8,56.325,57.75,19296
09/26/2018,57.8,57.825,56.45,57.225,18509
09/27/2018,56.8,56.95,54.525,55.475,23194
09/28/2018,56,58.45,55.55,57.925,32580
10/01/2018,58.475,59.95,58.375,59.85,29710
10/02/2018,59.5,59.625,58.5,59.15,22949
10/03/2018,59.1,59.25,56.475,57.15,24309
10/04/2018,56.45,56.875,55.175,55.325,21328
10/05/2018,55.5,58,55.225,57.55,25130
10/08/2018,57.6,58.325,57.3,57.55,19141
10/09/2018,56.825,57.1,55.575,56.575,25459
10/10/2018,56.725,57.95,55.775,55.95,21429
10/11/2018,55.975,55.975,53.85,54.425,28338
10/12/2018,54.6,56.675,54.275,55,22224
10/15/2018,55.25,57.6,55.25,56.75,22328
10/16/2018,56.8,58.325,56.65,56.875,26003
10/17/2018,56.15,56.75,54.55,54.7,26090
10/18/2018,54.375,54.375,52,52.3,25760
10/19/2018,52.9,53.95,51.5,51.6,22372
10/22/2018,52.2,53.925,51.275,53.175,20483
10/23/2018,53.75,55.4,53.375,54.525,20804
10/24/2018,55.1,57.525,55.1,57.525,22599
10/25/2018,57.925,58.45,56.35,56.775,29841
10/26/2018,56.925,58.075,56.775,57.925,16924
10/29/2018,58.5,59.45,58.2,58.85,24460
10/30/2018,59.525,59.875,58.7,59,25114
10/31/2018,59.7,60.2,58.2,58.45,25697
11/01/2018,57.825,59.075,56.75,58.2,25966
11/02/2018,57.775,58.6,57.25,58.125,18353
11/05/2018,57.95,59.125,56.7,57.1,22750
11/06/2018,56.525,56.825,54.1,54.1,27672
11/07/2018,54.4,55.75,54,55.525,36721
11/08/2018,55.15,55.75,54.375,55.625,35637
11/09/2018,54.8,56.1,54.225,55.8,33868
11/12/2018,55.7,57.9,55.225,56.55,32464
11/13/2018,56.35,57.4,55.6,57.3,26809
11/14/2018,56.75,58.2,56.75,57,21014
11/15/2018,57.175,57.875,56.775,57.075,16450
11/16/2018,57.475,60.075,57.425,60.075,23285
11/19/2018,60.25,61.425,59.625,61.025,23067
11/20/2018,60.825,61.025,58.8,58.975,18352
11/21/2018,58.525,58.9,58.1,58.275,8317
11/23/2018,66.125,68.3,66.1,67.825,13667
11/26/2018,67.95,67.975,64.95,65.55,23144
11/27/2018,66,66.05,64.175,65.05,15616
11/28/2018,64.875,65.9,63.85,64.5,12618
11/29/2018,65.1,67.475,65.1,67.35,21508
11/30/2018,67.475,67.825,65.95,67.55,17942
12/03/2018,68.5,68.825,64.9,66.9,30222
12/04/2018,67,67.25,65.525,66.05,13723
12/05/2018,65.525,68.1,65.125,67.75,16804
12/06/2018,66.9,67.25,65.25,66.9,18027
12/07/2018,67.575,67.95,66.075,67.875,18682
12/10/2018,67.85,68.15,66.625,66.825,14771
12/11/2018,66.5,66.65,64.975,65.2,21334
12/12/2018,65.675,65.875,64.775,65.7,13700
12/13/2018,65.375,65.7,64.1,64.825,17731
12/14/2018,65.275,66.8,64.45,64.5,17730
12/17/2018,64.325,64.4,63.025,63.825,17366
12/18/2018,63.65,63.7,62.125,62.65,18187
12/19/2018,62.725,63.525,62.2,62.7,12796
12/20/2018,62.5,63.425,61.8,62.375,15894
12/21/2018,63.25,63.25,61.025,61.125,18641
12/24/2018,61.9,61.9,60.225,60.3,14990
12/26/2018,60.9,61.325,60.25,60.375,12980
12/27/2018,61.175,61.2,60.2,60.575,14738
12/28/2018,60.95,61.2,60.55,60.65,11756
12/31/2018,60.85,61.475,60.8,60.975,15858
01/02/2019,61.375,63.425,61.25,61.7,25537
01/03/2019,62.1,62.725,61.95,62.15,15374
01/04/2019,62.775,62.95,61.4,61.95,16201
01/07/2019,61.95,62.15,61.25,61.9,14086
01/08/2019,62.6,63.15,62.075,62.6,32486
01/09/2019,62.4,64.1,62.375,63.775,31396
01/10/2019,63.575,64.225,63.1,64.075,36157
01/11/2019,63.375,63.7,62.425,62.65,27747
01/14/2019,62.65,62.725,61.4,61.85,24989
01/15/2019,62.25,63.6,61.475,62.15,22045
01/16/2019,61.45,61.675,59.5,60.05,22143
01/17/2019,60.075,61.2,59.125,60.85,16570
01/18/2019,61.175,62.175,61.1,61.225,14805
01/22/2019,61.725,62.025,60.85,61.475,7874
01/23/2019,61.15,61.45,60.3,60.775,10848
01/24/2019,64.875,64.875,63.425,63.5,13109
01/25/2019,63.125,63.175,61.625,62.125,20798
01/28/2019,62.275,62.775,61.325,62.325,12906
01/29/2019,62.15,63.325,61.85,62.55,17281
01/30/2019,63,63.2,61.95,62.225,12635
01/31/2019,61.9,62.75,60.05,60.225,22339
02/01/2019,60.875,60.875,59.825,60.125,17000
02/04/2019,60.125,63.125,59.65,63.05,28933
02/05/2019,63.05,63.05,61.125,61.6,21267
02/06/2019,61.2,61.55,60.8,60.9,11733
02/07/2019,60.8,60.8,59.3,59.6,17563
02/08/2019,59.675,59.725,58.375,58.425,16695
02/11/2019,58.425,59.375,57.875,59.075,18608
02/12/2019,59.7,61.325,59.45,60.325,20656
02/13/2019,59.85,60.4,59.55,59.775,15870
02/14/2019,59.25,59.725,58.5,58.7,20334
02/15/2019,58.7,60.275,58.125,59.525,14077
02/19/2019,58.875,58.925,56.525,56.525,16369
02/20/2019,56.275,56.4,52.25,52.975,35560
02/21/2019,54.4,55.975,53.725,55.95,26134
02/22/2019,55.6,56.6,55.225,55.45,20096
02/25/2019,54.85,54.9,52.75,53.9,26855
02/26/2019,54.925,56.475,54.3,55.725,24651
02/27/2019,54.65,56.875,54.225,55.6,20503
02/28/2019,55.45,56.625,55.2,55.875,15314
03/01/2019,55.7,57.575,55.675,56.4,22196
03/04/2019,57.375,57.8,56.825,57.325,21653
03/05/2019,57.725,58.6,57.4,57.9,17111
03/06/2019,57.675,57.725,56.6,57.075,17423
03/07/2019,57.925,58.15,57.15,57.725,32054
03/08/2019,57.975,60.725,57.85,60.55,36283
03/11/2019,60.75,63.5,60.15,62.85,49439
03/12/2019,63,63.85,62.025,63.65,33303
03/13/2019,64.1,66.075,63.15,63.475,41440
03/14/2019,63.5,65.875,63.375,65.8,20621
03/15/2019,65.8,68.8,65.425,68.8,21101
03/18/2019,69.625,71.175,67.525,71.025,20679
03/19/2019,71.25,71.825,69.9,70.825,12962
03/20/2019,71.25,73.825,70.55,73.825,10787
03/21/2019,74,78.325,74,78.325,16895
03/22/2019,96.025,97.825,91.025,95.675,44352
03/25/2019,97.1,97.35,94.5,95.55,31260
03/26/2019,96.225,96.225,94.2,95.325,22301
03/27/2019,95.05,95.2,92.8,94.8,26642
03/28/2019,93.625,94.75,91.8,91.8,21833
03/29/2019,90.75,92.4,87.575,88.55,37183
04/01/2019,87.3,89.325,86.25,88.5,29966
04/02/2019,89.225,91.5,89.2,91.5,25569
04/03/2019,92.1,95.075,92.1,94.85,30391
04/04/2019,93.95,97.85,93.85,97.85,34446
04/05/2019,99.225,99.825,96.1,98.975,37075
04/08/2019,98.575,98.925,96.85,98.15,24441
04/09/2019,96.75,97.1,95.15,95.15,19832
04/10/2019,94,97.325,93.525,96.45,26039
04/11/2019,99.45,99.45,96.5,97.7,29633
04/12/2019,96.675,98.725,95.1,98.5,21613
04/15/2019,99.05,99.4,97.425,98.3,14959
04/16/2019,99.025,99.025,96.1,97.125,21511
04/17/2019,97.225,97.875,94.475,96.125,23656
04/18/2019,96.525,97.025,94.35,96.75,19684
04/22/2019,97.3,97.325,93.75,93.775,24198
04/23/2019,93.25,94.95,91.725,92.375,32806
04/24/2019,92.25,93.125,91.55,92.775,19553
04/25/2019,91,91.25,89.775,89.775,17029
04/26/2019,89.425,91.425,88.475,88.75,27174
04/29/2019,88.75,89.125,87.025,88.05,18569
04/30/2019,88.55,89.8,87.7,88.225,24881
05/01/2019,87.875,91.225,87.55,91.225,21541
05/02/2019,92,93.825,91.25,92.75,29079
05/03/2019,92.35,93.725,91.975,92.75,19257
05/06/2019,89.75,89.75,89.75,89.75,6124
05/07/2019,88.725,91.35,85.375,89.25,53437
05/08/2019,89.25,90.4,87.575,88.55,27433
05/09/2019,87.675,90.2,85.975,90,36418
05/10/2019,89.525,90.125,88.425,89.675,27132
05/13/2019,87.775,89,86.675,86.675,21518
05/14/2019,87.95,90.175,87.225,89.125,25928
05/15/2019,89.525,92,89.45,91.825,20756
05/16/2019,90.7,92.825,90.025,92.225,14268
05/17/2019,91.75,92.8,89.65,92.375,19547
05/20/2019,92.1,93.025,90.825,91.75,14506
05/21/2019,91.55,91.675,89.925,90.1,8551
05/22/2019,89.7,90.675,89.25,89.65,6159
05/23/2019,91.525,91.775,89.675,90.95,14442
05/24/2019,89.7,90.95,87.95,87.95,13594
05/28/2019,87.275,88.125,84.325,85.7,25725
05/29/2019,85.175,88.325,84.475,87.8,21040
05/30/2019,87.3,88.175,85.975,87.875,20478
05/31/2019,87.575,88.325,85.2,85.925,22684
06/03/2019,85.85,87.125,83.55,84.525,22683
06/04/2019,84.775,85.925,84.25,85.8,20279
06/05/2019,85.3,86.4,84.775,86.275,20905
06/06/2019,86.275,86.925,84.7,86.35,25916
06/07/2019,85.9,85.9,83.35,83.35,20066
06/10/2019,83.4,86.725,83.3,86.2,37146
06/11/2019,85.8,86.425,83.2,84.375,32398
06/12/2019,84.1,84.95,83.425,84.375,24631
06/13/2019,84.1,84.6,82.975,83.375,28261
06/14/2019,83.6,84.475,80.6,81.35,19907
06/17/2019,81.05,83.275,80.525,83.05,14605
06/18/2019,83.05,83.3,81.325,81.475,15435
06/19/2019,81.05,82.075,80.925,81.625,13051
06/20/2019,81.1,81.5,79.125,79.25,10949
06/21/2019,80.25,80.475,77.9,77.9,15870
06/24/2019,77.225,78.15,73.95,74.225,33659
06/25/2019,74.675,76.85,74.25,76.175,28747
06/26/2019,74.725,77,74.525,75.475,21307
06/27/2019,75.6,77.85,75.25,77.175,19162
06/28/2019,76.35,79.825,75.75,76,28223
07/01/2019,77.2,78.975,76.85,78.7,26048
07/02/2019,78.8,80.275,78.7,78.975,19576
07/03/2019,79.125,80.85,77.825,78.375,16590
07/05/2019,77.825,77.925,76.3,77.05,19406
07/08/2019,77.15,78.325,75.575,76.075,37408
07/09/2019,76.05,79.075,75.5,79.075,25890
07/10/2019,79.925,82.85,79.2,81.725,48611
07/11/2019,80.775,81.35,79.1,79.175,39814
07/12/2019,79.5,81.15,79.5,80.65,26845
07/15/2019,80.6,81.75,79.625,80.1,24783
07/16/2019,80.6,80.925,78.75,79.05,29008
07/17/2019,79.95,82.05,79.625,82,23457
07/18/2019,82.525,82.95,80.6,82.775,28093
07/19/2019,82.75,84.55,82,83.875,16996
07/22/2019,84.3,84.4,82.3,83.225,10861
07/23/2019,84.2,86.225,84.075,86.175,14535
07/24/2019,81.525,81.975,80.375,80.85,20690
07/25/2019,81.2,81.475,77.95,78.65,25056
07/26/2019,79.075,79.925,78.675,79.45,13928
07/29/2019,78.35,78.9,76.45,76.45,20144
07/30/2019,76.75,76.75,73.025,74,28211
07/31/2019,74.1,74.575,71,71,29075
08/01/2019,70.825,70.825,66.8,67.475,44587
08/02/2019,67.875,69.3,65.475,65.725,28041
08/05/2019,62.425,69.9,61.5,67.425,52265
08/06/2019,67.775,68.775,64.475,64.6,31413
08/07/2019,65.1,66.95,64.175,66.85,24419
08/08/2019,66.25,68.3,66.1,67.875,18928
08/09/2019,68.3,68.65,66.6,66.975,17525
08/12/2019,66.025,69.125,65,67.075,26057
08/13/2019,66.7,68.5,64.075,64.575,23386
08/14/2019,64.85,67.275,64.6,66.775,18699
08/15/2019,67.5,68.55,64.525,65,19968
08/16/2019,65.3,66.525,62,62,17400
08/19/2019,62.325,64.475,62.15,64.025,18372
08/20/2019,64.2,65.825,63.375,64.975,19104
08/21/2019,64.925,65.7,63.075,63.3,15685
08/22/2019,63,63.325,62.075,62.3,13728
08/23/2019,61.575,61.6,59.3,59.3,22711
08/26/2019,60.875,63.8,60.875,63.8,25772
08/27/2019,64.25,64.4,62.4,63.225,20407
08/28/2019,61.3,63.6,60.875,63.5,20895
08/29/2019,63.7,65.15,63.475,64.9,21920
08/30/2019,64.55,64.75,63.325,63.525,17355
09/03/2019,64,66.525,64,66.525,26797
09/04/2019,67.125,67.4,65.775,67.125,29067
09/05/2019,66.875,68,65.925,66.3,24602
09/06/2019,65.5,65.75,63.3,63.5,30924
09/09/2019,63,65.125,62.275,62.6,35785
09/10/2019,61.6,64.4,59.9,62.725,46120
09/11/2019,61.3,61.925,59.775,60.175,40772
09/12/2019,63.175,63.175,62.2,63.175,17290
09/13/2019,64.725,66.85,63.875,66.475,37390
09/16/2019,66.025,66.025,63.175,63.625,39414
09/17/2019,64.1,64.65,61.5,62.1,21294
09/18/2019,62.1,63.625,62,62.925,11392
09/19/2019,61.7,63,61.225,61.4,13240
09/20/2019,61.35,62.475,60.1,60.35,9082
09/23/2019,67.1,68.875,66.75,68.375,19413
09/24/2019,69,70.1,68.55,69.1,22841
09/25/2019,70,71.575,68.6,71.4,28233
09/26/2019,71.25,71.325,68.9,70.375,21160
09/27/2019,69.775,71.75,68.775,69.85,22409
09/30/2019,68.9,72.725,67.7,72.6,33451
10/01/2019,72.15,72.575,69.6,69.925,26800
10/02/2019,70.275,71,67.85,69.1,20203
10/03/2019,69.1,69.425,67.15,68.1,19475
10/04/2019,67.9,68.3,66.25,67.25,17891
10/07/2019,66.775,67.125,64.25,64.25,29118
10/08/2019,63.525,68.625,63.075,67.4,36976
10/09/2019,70.25,70.325,68.75,69.475,26849
10/10/2019,69,70.25,67.95,68.475,19076
10/11/2019,69.25,70.8,68.675,69.6,18478
10/14/2019,70.55,70.925,68.375,69.125,17266
10/15/2019,69.125,72.125,69.125,72.125,26152
10/16/2019,71.525,72.075,69.65,70.625,24360
10/17/2019,70.075,70.4,67.725,68.15,23416
10/18/2019,70,70,66.125,67.95,26732
10/21/2019,67.5,69.1,67.2,67.825,14518
10/22/2019,68.4,69.25,65.2,65.5,26472
10/23/2019,64.75,66.975,64.15,65.825,26243
10/24/2019,65.25,66.2,63.85,64.55,21474
10/25/2019,64.475,66.175,63.725,64.925,21726
10/28/2019,64.675,66,64.125,65.65,16092
10/29/2019,65.25,65.25,63.45,64.325,19235
10/30/2019,63.7,66.475,63.5,65.775,23440
10/31/2019,64.775,66.125,63.875,66,22071
11/01/2019,65.675,65.7,63.675,64.45,22838
11/04/2019,63.775,65.3,63.375,64.525,20063
11/05/2019,64.65,67.525,64.6,67.275,28705
11/06/2019,67.375,67.65,64.45,64.775,30408
11/07/2019,65.6,65.9,64.075,64.3,37627
11/08/2019,64.2,64.9,63.75,64.125,26088
11/11/2019,64,64.7,62.925,63.3,32648
11/12/2019,63.75,65.675,63.75,64.725,29800
11/13/2019,65,65.975,62.95,63.125,32426
11/14/2019,63.125,64.075,62.675,62.75,18255
11/15/2019,63.025,63.3,62.475,63.2,15988
11/18/2019,63,63.625,62.425,62.75,14676
11/19/2019,62.85,62.925,61.925,62.15,14077
11/20/2019,62,62.15,60.05,60.45,13582
11/21/2019,67.575,69.2,66.525,67.45,26370
11/22/2019,67.5,68.275,66.625,67.65,15306
11/25/2019,67.8,68.25,66.825,67.75,17047
11/26/2019,67.925,68.2,66.925,67.825,11560
11/27/2019,67.45,68.9,67.025,67.15,13767
11/29/2019,66.7,69.325,65.725,68.175,21489
12/02/2019,68.125,68.975,65.4,66.15,26152
12/03/2019,65.925,68.45,65.55,68.375,25128
12/04/2019,68.725,69.275,67.9,68.425,18145
12/05/2019,68.35,68.6,67.15,67.575,18841
12/06/2019,69.05,70.05,67.275,67.55,21054
12/09/2019,67.05,67.35,66,66.7,16153
12/10/2019,67.05,68.375,66.7,67.975,19008
12/11/2019,67.75,68.45,67.2,67.725,11837
12/12/2019,67.7,69.175,67.2,68.65,21784
12/13/2019,69.5,71.55,68.7,69.5,32684
12/16/2019,69.525,70.9,69.075,70.5,22360
12/17/2019,70.2,71,69.4,69.85,22571
12/18/2019,69.675,70.4,69.325,69.9,16048
12/19/2019,69.9,71,69.525,70.975,18530
12/20/2019,70.85,71.225,70.3,70.675,14340
12/23/2019,70.675,71.3,69.475,70.25,17338
12/24/2019,70.125,70.925,69.625,70.7,8952
12/26/2019,71.05,71.5,70.05,70.9,9912
12/27/2019,70.75,71.025,69.825,70.575,11720
12/30/2019,71.25,71.9,70.6,71.8,18763
12/31/2019,71.7,71.875,70.825,71.425,12234
01/02/2020,71.6,72.6,70.775,71.55,23797
01/03/2020,70.6,70.9,68.55,68.55,24564
01/06/2020,68.95,69.225,67.55,68.625,20018
01/07/2020,68.625,69.35,68.025,69.225,23542
01/08/2020,68.775,70.2,68.6,69.025,30275
01/09/2020,68.9,69,66.475,67.025,36762
01/10/2020,67.325,68.225,66.875,67.25,28041
01/13/2020,66.975,67.05,65.575,65.9,28889
01/14/2020,65.675,68.225,65.675,67.675,35079
01/15/2020,67.6,68.05,66.775,67.875,17424
01/16/2020,67.675,68.175,66.325,66.875,15657
01/17/2020,67.15,67.8,66.5,67.675,18034
01/21/2020,67.575,68,66.425,67.35,14520
01/22/2020,67.625,67.95,66.9,67.55,7568
01/23/2020,67.45,69,67.275,68.5,11478
01/24/2020,75.35,75.35,72.825,73.45,22484
01/27/2020,71.575,72,70.45,70.45,30483
01/28/2020,71.1,72.4,70.875,71.3,22985
01/29/2020,71.3,71.35,68.675,68.825,21240
01/30/2020,67.925,67.95,65.825,65.825,24103
01/31/2020,65.125,65.15,61.325,61.6,41339
02/03/2020,62.35,63.6,61,62.725,39753
02/04/2020,63.25,64.375,61.775,62.325,26152
02/05/2020,62.8,63.15,61.65,61.875,20766
02/06/2020,61.525,64.875,61.525,64.875,28582
02/07/2020,65.725,66.85,65.025,66.25,29795
02/10/2020,66.025,66.25,64.925,65.075,19666
02/11/2020,65.025,65.275,63.8,64.225,21066
02/12/2020,63.975,65.05,63.275,63.775,21951
02/13/2020,63.65,64.725,62.925,64.075,18506
02/14/2020,63.8,64.9,63.7,64.3,12354
02/18/2020,64.475,65.85,63.1,65.5,22223
02/19/2020,66.1,68.25,65.775,67.575,25098
02/20/2020,66.9,67.25,66.1,66.875,16763
02/21/2020,66.5,67.15,66.05,67.025,11309
02/24/2020,65,65.35,64.075,64.625,20127
02/25/2020,65.2,65.875,64.5,64.675,17019
02/26/2020,64.675,65.95,64.225,65.15,18474
02/27/2020,64.525,64.925,62.15,62.55,26608
02/28/2020,62.125,63,61.525,62.275,23821
03/02/2020,62.55,63.175,62.125,62.8,19144
03/03/2020,63.7,64.825,63.225,63.55,24149
03/04/2020,64,64.775,63.3,64.3,20321
03/05/2020,64.125,65.475,63.65,65.375,19017
03/06/2020,65,66.375,65,65.925,25075
03/09/2020,62.925,65.225,62.925,63,35587
03/10/2020,64.625,66,64.5,65,33014
03/11/2020,65.55,66,63.8,63.875,25775
03/12/2020,62.475,62.5,60.875,60.875,21340
03/13/2020,62.825,62.85,56.375,56.375,21760
03/16/2020,52.3,56.575,52.125,53.975,29746
03/17/2020,55.5,58.475,55.5,58.475,11711
03/18/2020,59.625,62.8,56.275,58.15,29542
03/19/2020,60.775,61.15,59.375,61.15,8511
03/20/2020,62.75,63.85,61.45,61.575,9474
03/23/2020,64,64.575,63.175,64.575,4056
03/24/2020,73.225,73.425,72.025,73,14864
03/25/2020,74,74,70.925,71.75,14643
03/26/2020,71.25,71.25,68.75,68.75,11112
03/27/2020,67.55,67.55,64.25,64.25,12723
03/30/2020,63.225,63.25,59.75,59.775,21807
03/31/2020,59.8,61.525,59.325,60.325,23649
04/01/2020,58.85,59,57.325,57.325,10376
04/02/2020,52.825,54,52.825,52.825,21933
04/03/2020,48.9,49.375,48.325,48.325,14453
04/06/2020,43.825,51.075,43.825,49.65,47405
04/07/2020,51.975,52.65,50.5,52.65,14322
04/08/2020,55.475,57.15,49.85,51.45,31345
04/09/2020,49.9,50.525,48.55,48.675,16824
04/13/2020,45.2,45.6,44.925,44.925,9408
04/14/2020,44.475,46.95,41.5,43.95,29970
04/15/2020,43.225,45.1,42.55,44.625,17779
04/16/2020,44.125,45.35,43,43.175,17824
04/17/2020,44,46.7,43.2,43.725,16362
04/20/2020,44.825,47.475,43.95,46.25,22952
04/21/2020,45.95,49.175,45.175,48.1,23122
04/22/2020,48,49.25,47.25,47.9,19661
04/23/2020,48.7,51.65,48.475,51.625,19880
04/24/2020,52,53.475,50.15,51.525,20650
04/27/2020,52.5,55.275,52.425,55.275,14245
04/28/2020,56.975,60.775,55.3,56.2,34891
04/29/2020,56.975,57.825,54.775,55.525,16853
04/30/2020,55.3,59.25,55.025,58.95,20400
05/01/2020,60.1,62.7,59.95,62.7,16595
05/04/2020,63.375,66.95,63.075,65.5,26842
05/05/2020,65,66.275,63.75,64.275,22742
05/06/2020,63.725,65.775,63,65.575,17079
05/07/2020,65.675,65.95,61.825,63.9,27335
05/08/2020,63.7,63.775,61.5,61.7,16735
05/11/2020,61.325,62.975,59.8,60.275,22873
05/12/2020,60.775,61.75,60.1,61.325,19303
05/13/2020,60.275,60.35,57.7,57.875,21922
05/14/2020,57.225,59.575,56.175,58.75,19221
05/15/2020,58.225,59.4,57.75,57.875,10961
05/18/2020,58.5,58.8,57.1,57.65,9453
05/19/2020,57.6,58.65,56.55,56.65,6192
05/20/2020,56.05,57.05,55.75,56.875,5811
05/21/2020,55.8,57.45,55.375,57.175,14590
05/22/2020,56.925,57,55.825,55.9,10202
05/26/2020,56.175,59.65,55.7,59.575,20701
05/27/2020,59.475,61.175,58.825,59.3,15263
05/28/2020,58,58,55.55,55.65,17007
05/29/2020,54.825,57.15,54.325,57.025,17801
06/01/2020,54.85,55.875,54.75,55.15,14840
06/02/2020,54.6,56.4,54.425,54.875,15191
06/03/2020,54,54.425,53.35,53.475,17365
06/04/2020,53.425,54.25,52.925,53.575,17754
06/05/2020,53.8,55.15,53.4,53.925,20884
06/08/2020,53.2,55,53.2,53.975,24707
06/09/2020,53.675,54.225,52.45,52.975,24844
06/10/2020,52.975,53.425,51.575,52.8,22697
06/11/2020,53.025,53.025,51.975,52.125,21664
06/12/2020,52.125,53.2,51.55,51.675,12961
06/15/2020,51.25,53.075,51.25,52.275,13344
06/16/2020,51.775,51.8,48.925,49.65,19306
06/17/2020,48.5,49.85,48.175,49.65,11483
06/18/2020,49.375,50.275,48.975,49.9,8221
06/19/2020,49.95,50.35,48.325,48.45,7044
06/22/2020,47.875,48.075,45.75,46.825,6520
06/23/2020,51.5,53.025,50.75,52.5,17071
06/24/2020,52.2,52.45,51.15,51.25,12908
06/25/2020,51.25,51.95,50.6,51.325,13175
06/26/2020,48.975,48.975,47.575,48.125,22564
06/29/2020,48.25,49.125,47.525,48.45,13922
06/30/2020,48.2,49.375,47.85,49.025,18251
07/01/2020,48.325,50,48.1,49.075,22957
07/02/2020,49.075,49.875,48.85,49.2,14691
07/06/2020,49.85,50.35,49.2,49.275,15657
07/07/2020,48.425,49.875,48.225,48.875,19738
07/08/2020,48.875,49.2,47.9,47.95,27526
07/09/2020,48.95,51.175,48.75,50.225,31803
07/10/2020,50.55,51.025,49.35,49.875,22385
07/13/2020,50.225,51.825,49.4,51.275,28795
07/14/2020,50.775,51.675,49.7,49.925,22074
07/15/2020,49.975,50.95,49.75,50.15,14161
07/16/2020,50.55,53.8,50.5,53.65,29737
07/17/2020,53.2,53.625,52.325,52.8,14182
07/20/2020,52.825,53.275,50.2,50.4,16447
07/21/2020,50.525,51.65,50.5,51.475,10549
07/22/2020,52.75,53.05,52,52.65,10465
07/23/2020,53.1,54.95,52.925,54.475,11711
07/24/2020,51.05,51.175,49.425,50.15,13185
07/27/2020,50.4,51.2,49.625,50.75,14281
07/28/2020,50.65,51.425,50.1,50.725,13183
07/29/2020,50.1,50.55,49.1,49.825,15307
07/30/2020,49.525,49.975,48.025,48.325,16106
07/31/2020,48.05,49.825,47.875,49.625,16833
08/03/2020,49,49.375,48.05,48.4,17394
08/04/2020,48.25,49.575,48.175,49.025,15355
08/05/2020,48.925,49.775,48.7,49.3,16490
08/06/2020,48.95,49.75,48.925,49.2,9753
08/07/2020,49.725,51.85,49.725,50.975,18471
08/10/2020,51.6,54.15,51.5,53.825,27919
08/11/2020,54,54.025,51.775,51.825,19428
08/12/2020,51.575,52.3,50.55,51.6,15890
08/13/2020,51.775,52.475,51.5,52.35,13442
08/14/2020,52.25,53.475,52.15,53.025,10581
08/17/2020,52.825,53.9,52.8,53.525,10558
08/18/2020,53.45,53.55,51.275,51.425,15602
08/19/2020,51.65,52.825,51.475,52.55,11338
08/20/2020,53.7,56.125,53.55,55.175,27789
08/21/2020,55.525,55.975,54.075,54.25,12939
08/24/2020,54.5,55.95,54.25,54.6,14302
08/25/2020,55.475,56.175,55.175,55.95,12946
08/26/2020,55.95,56.7,54.65,55.55,15648
08/27/2020,55.4,56.125,55.275,55.725,11778
08/28/2020,55.025,55.075,53.225,53.65,18384
08/31/2020,53.375,54.375,53.175,53.6,13110
09/01/2020,54,55.2,53.8,55.025,18420
09/02/2020,55.25,56.925,54.9,56.4,23444
09/03/2020,57.3,59.4,57.175,59.25,33935
09/04/2020,59.9,60.95,58.875,59.825,22709
09/08/2020,59.375,60.275,58.775,59.9,29292
09/09/2020,60.05,61.725,59.775,61.375,30704
09/10/2020,63.1,64.375,62.875,64.375,18367
09/11/2020,67.475,68.725,66.125,66.575,46005
09/14/2020,68.325,68.525,64.4,64.625,30792
09/15/2020,65.25,67,65.15,65.7,21864
09/16/2020,66.375,66.875,64.15,65.225,18712
09/17/2020,66.075,67.2,65.6,66.525,14931
09/18/2020,67.275,67.775,65.9,66.5,10359
09/21/2020,66.1,66.475,65.275,65.6,8468
09/22/2020,67.6,68.6,67.075,68.325,10664
09/23/2020,63.775,64.5,63.275,64.35,14688
09/24/2020,63.775,64.475,63.05,63.275,13195
09/25/2020,62.45,64.85,62.25,64.425,16664
09/28/2020,64.375,64.45,63.2,64.025,13684
09/29/2020,64.275,64.3,61.575,61.975,18949
09/30/2020,62.1,63.55,61.8,63.1,15477
10/01/2020,63.1,63.25,62.125,62.85,14078
10/02/2020,62.85,63.875,62.225,62.5,14996
10/05/2020,62.5,62.875,61.9,62.65,13348
10/06/2020,63.225,64.625,63.225,63.875,17978
10/07/2020,63.5,64.8,63.5,64.575,18987
10/08/2020,65.275,67.45,65.225,66.85,24436
10/09/2020,67.05,67.375,66.35,67.125,15088
10/12/2020,67.125,67.325,66,66.625,13075
10/13/2020,66.5,66.6,64.9,66.15,17647
10/14/2020,66.75,68.675,66.65,68.425,19759
10/15/2020,68.2,69.925,68.025,69.875,21378
10/16/2020,70.3,70.7,68.825,69.8,17466
10/19/2020,69.725,72.8,69.325,71.425,30549
10/20/2020,70.975,71.05,68.5,69.25,24153
10/21/2020,69.9,70.825,68.85,69.2,19549
10/22/2020,69.575,69.8,66.2,66.2,21216
10/23/2020,66.35,67.225,65.7,67.025,14017
10/26/2020,66.675,67.95,65.3,67.75,18178
10/27/2020,68.175,69.65,67.425,67.65,16971
10/28/2020,67,67.325,65.825,66.375,15592
10/29/2020,65.8,66.15,64.2,65.625,18260
10/30/2020,66.45,66.975,65.2,65.575,17225
11/02/2020,65.725,66.05,64.1,65.95,16753
11/03/2020,66.5,66.8,65.15,65.4,15736
11/04/2020,65.575,66.45,64.7,66.35,13319
11/05/2020,66.875,67.6,66.425,67.425,18714
11/06/2020,67,67.575,64.625,64.9,29337
11/09/2020,65.8,66.575,65.25,65.6,25735
11/10/2020,66.3,66.3,64.9,65.125,24088
11/11/2020,65.15,65.775,63.6,64.8,27210
11/12/2020,65.625,66.575,65.225,65.8,26881
11/13/2020,66.025,66.025,64.175,64.9,17767
11/16/2020,64.975,65.8,64.6,65.15,12602
11/17/2020,65.15,66.175,64.9,65.525,13781
11/18/2020,64.6,66,64.5,65.8,6874
11/19/2020,65.375,65.5,63.5,63.7,9883
11/20/2020,62.9,65.775,62.75,65.35,18714
11/23/2020,65.35,68.35,65.05,67.125,20097
11/24/2020,67.475,67.625,66,66.75,13351
11/25/2020,66.9,67.85,66.525,67.675,7923
11/27/2020,67.875,67.975,66.225,67.25,8066
11/30/2020,67.425,68.775,67.15,68.575,12003
12/01/2020,68.75,69.6,68.05,68.75,16346
12/02/2020,68.15,68.4,67.725,67.875,10690
12/03/2020,67.875,68.05,66.725,66.925,12353
12/04/2020,66.2,66.7,64.6,66.575,17140
12/07/2020,66.25,66.375,64.85,64.95,15898
12/08/2020,64.925,66.2,64.1,65.6,14740
12/09/2020,65.5,66.575,65.125,66.275,10915
12/10/2020,65.95,66.05,64.925,65.1,11293
12/11/2020,65.025,65.2,63,63.225,19935
12/14/2020,63.025,65.85,63.025,65.675,23167
12/15/2020,65.3,66.9,65.225,66.45,14255
12/16/2020,65.6,66.1,64.65,65.975,13961
12/17/2020,65.975,66.45,65.3,65.5,10153
12/18/2020,65.025,66,64.75,65.8,8694
12/21/2020,65.2,66.4,65.1,65.925,9817
12/22/2020,66.375,66.6,65.725,66.025,10418
12/23/2020,66.125,68.125,65.775,67.85,16121
12/24/2020,67.6,67.9,66.675,66.95,8618
12/28/2020,67.2,67.225,65.775,66.5,10221
12/29/2020,66.775,67.75,66.05,67.2,12888
12/30/2020,67.1,69.15,67.075,67.6,18180
12/31/2020,68.025,70.5,67.95,70.275,24318
01/04/2021,71.425,72,70.675,71.225,24526
01/05/2021,71.4,71.4,70.1,70.925,18960
01/06/2021,71.075,71.75,69.525,69.775,20467
01/07/2021,69.45,69.875,69.025,69.125,16007
01/08/2021,69.275,69.6,68.325,68.7,20554
01/11/2021,68.5,69.1,67.85,68.475,23697
01/12/2021,68.9,69.525,68.2,68.5,25565
01/13/2021,67.975,68,66.7,66.85,34419
01/14/2021,66.5,67.025,66.125,66.3,26504
01/15/2021,66.15,68.2,66.15,67.925,20776
01/19/2021,67.775,68,66.425,66.475,12510
01/20/2021,66.5,68.5,66.15,68.425,13759
01/21/2021,68.425,69.15,67.875,68.1,10163
01/22/2021,73.925,76.25,73.85,76.15,18921
01/25/2021,76.125,76.85,75.7,76.625,14665
01/26/2021,76.75,77.6,76.475,76.95,16173
01/27/2021,77.3,77.575,76.15,76.3,14750
01/28/2021,76.375,77.225,76.05,76.375,13680
01/29/2021,76.5,77.5,76.275,76.65,15809
02/01/2021,76.9,77.3,75.375,75.5,17272
02/02/2021,75.65,78.225,75.375,78.075,20401
02/03/2021,78.25,79.95,78.15,79.2,18780
02/04/2021,79.65,80.075,78.075,79.3,18020
02/05/2021,79.175,80.625,78.975,80.3,15709
02/08/2021,80.7,81.075,79.95,80.65,16409
02/09/2021,80.15,80.85,79.4,80.375,13761
02/10/2021,81,82.825,80.875,81.825,19786
02/11/2021,82.2,84.5,81.35,84.25,24290
02/12/2021,83.9,87.25,83.6,85.2,25640
02/16/2021,85.9,86.825,85.075,86.175,16246
02/17/2021,85.875,86.45,84.625,84.9,17274
02/18/2021,84.875,85.475,83.625,84.925,13897
02/19/2021,85.475,85.9,83.975,84.5,13849
02/22/2021,84.575,85.65,84.325,85.125,12786
02/23/2021,85.575,86.875,85.4,86.425,14675
02/24/2021,87,89.425,86.95,89.425,20013
02/25/2021,90.2,90.675,89.1,89.75,18684
02/26/2021,89.8,90.275,86.8,87.15,24503
03/01/2021,87.45,88.9,87.075,87.725,19697
03/02/2021,87.05,87.075,85.125,85.35,27485
03/03/2021,86.75,88.35,86.45,87.925,26365
03/04/2021,87.85,88.3,86.8,87.3,23202
03/05/2021,87.8,87.8,86.7,87.175,20912
03/08/2021,86.5,87.7,86.2,87.3,24569
03/09/2021,87.575,88.85,87.375,88.35,24951
03/10/2021,88.35,88.925,87.85,88.775,24205
03/11/2021,89.35,91.7,89.1,91.5,28000
03/12/2021,91.325,91.5,90.75,91.4,14667
03/15/2021,90.875,90.9,89.625,90.55,16528
03/16/2021,92.05,93.125,92,92.9,14381
03/17/2021,92.9,93.95,92.15,93.675,14769
03/18/2021,94,94.575,93.1,94.3,15871
03/19/2021,95.4,95.725,94.125,94.25,8551
03/22/2021,94.575,95.125,94,95.05,6601
03/23/2021,95.5,96.625,95.025,96.475,7729
03/24/2021,101.5,102.425,101.5,102.05,14649
03/25/2021,102.9,103.55,102.025,103.325,15353
03/26/2021,105.35,105.85,104.55,105.6,15539
03/29/2021,105,105.6,103.725,105.225,14755
03/30/2021,105.35,106.375,104.725,106.025,12813
03/31/2021,105.5,105.75,103.875,105.3,15239
04/01/2021,105.8,106.725,105.35,106.325,16134
04/02/2021,106.325,106.325,106.325,106.325,0
04/05/2021,106.8,107.4,105.05,105.6,14382
04/06/2021,105.55,105.85,104.575,105.625,14406
04/07/2021,105.875,108.125,105.75,107.9,17173
04/08/2021,107.975,108.775,107.675,108.7,15728
04/09/2021,108.65,109.55,108.15,108.95,14628
04/12/2021,109.4,110.075,105.95,106.15,26636
04/13/2021,105.325,107,104.9,106.175,20471
04/14/2021,106.8,107.775,105.725,107.7,16874
04/15/2021,107.1,107.1,104.7,104.7,11576
04/16/2021,105.225,105.85,100.925,101.7,28093
04/19/2021,101.2,105.375,101.1,104.325,22539
04/20/2021,104.925,106.4,104.775,106.35,18321
04/21/2021,106.675,106.75,103.65,104.525,22556
04/22/2021,104.8,105.925,102.975,103.55,18200
04/23/2021,104.6,105.975,104.575,105.725,14792
04/26/2021,105.225,107.075,104.325,106.85,15071
04/27/2021,106.5,107.075,105.225,106.675,17776
04/28/2021,107.575,109.65,107.425,109.125,22238
04/29/2021,109.225,109.225,106.2,106.725,23271
04/30/2021,107.375,109.725,107.075,109.725,20642
05/03/2021,111,113.175,110.875,112.65,25301
05/04/2021,112.6,113.8,111.975,113.55,22879
05/05/2021,113.95,114.575,112.55,114.425,19804
05/06/2021,114.725,115,113.1,114.475,19317
05/07/2021,114.675,114.825,112.6,112.85,23418
05/10/2021,112.5,112.675,111.075,112.1,23513
05/11/2021,111.725,113.125,110.25,111.175,29361
05/12/2021,112.25,112.85,111.6,112.025,27291
05/13/2021,110.875,111.525,109.7,110.1,26466
05/14/2021,110,110.425,108.45,108.725,18003
05/17/2021,108.675,109.575,107.925,108.65,15751
05/18/2021,108.725,111.175,108.525,110.65,20811
05/19/2021,110.8,111.225,110.15,110.95,12976
05/20/2021,111.575,112.5,110.8,112.25,16192
05/21/2021,113.275,116.55,113.2,116.55,15027
05/24/2021,115.6,116.15,114.9,115.325,11805
05/25/2021,115.975,117.975,115.85,117.5,14241
05/26/2021,117.1,117.875,115.775,116.4,13925
05/27/2021,116.575,116.85,115.875,116.7,11807
05/28/2021,117.375,119.7,117.05,119.35,17880
06/01/2021,118.325,120.4,118.3,119.65,17958
06/02/2021,119.95,120.4,117.2,118.475,18468
06/03/2021,118.675,119.15,117.5,119,14311
06/04/2021,119.075,121.45,118.5,120.6,18656
06/07/2021,121.35,123.6,121,122.1,30535
06/08/2021,122.075,123.6,120.025,121.8,25599
06/09/2021,122.3,122.725,120.175,121.5,27013
06/10/2021,121.375,122.4,120.3,121.325,23353
06/11/2021,121.65,121.875,119.525,119.975,23243
06/14/2021,119.225,119.65,117.675,118.225,16614
06/15/2021,117.1,118.55,117.1,118.5,14212
06/16/2021,117.5,117.65,115.5,115.5,17662
06/17/2021,114.025,114.3,111,111,19949
06/18/2021,112.175,112.225,108.5,108.675,20172
06/21/2021,109.2,109.675,105.7,107.05,15398
06/22/2021,108.025,109.625,106.95,107.525,11507
06/23/2021,102.725,103.075,100.7,100.725,21997
06/24/2021,99.975,100.475,96.5,98.7,34266
06/25/2021,98.7,101.8,98.5,99.775,18278
06/28/2021,100.375,102.775,99.975,102.775,16300
06/29/2021,103.7,104.175,102.55,103.625,18278
06/30/2021,103.625,104.6,101.85,103.25,17977
07/01/2021,104.225,105.6,100.25,100.3,25553
07/02/2021,100.85,102,98.1,100.225,18726
07/06/2021,100.275,102.85,100.275,102.35,24888
07/07/2021,102.05,102.725,100.1,100.4,18201
07/08/2021,101.225,101.7,99.775,100.375,24573
07/09/2021,101.2,101.975,100.6,101.575,21031
07/12/2021,102.45,104.375,102.1,104.075,29778
07/13/2021,104.675,106.175,104.475,105.925,29271
07/14/2021,106.375,106.8,104.95,105.1,24541
07/15/2021,104.775,105.375,103.225,104.3,16862
07/16/2021,104.925,106.275,104.675,105.65,15390
07/19/2021,105.25,105.85,103.8,104.475,16870
07/20/2021,104.95,105.8,104.425,105,11470
07/21/2021,105.3,106.65,105.3,106.575,11782
07/22/2021,107.1,107.125,105,106.65,12520
07/23/2021,91.425,93.4,91.3,92.625,13261
07/26/2021,92.65,93.275,91.625,93.1,12559
07/27/2021,93.1,94.05,92.225,92.525,12648
07/28/2021,92.25,92.375,89.525,89.525,15155
07/29/2021,88.5,90.875,88.5,88.975,15629
07/30/2021,88.925,89.375,87.275,88.025,14491
08/02/2021,88.2,89.825,88.2,89.5,11939
08/03/2021,90.125,91.55,89.775,91.375,16686
08/04/2021,91.3,91.725,89.975,90.125,13813
08/05/2021,89.675,89.7,87.125,87.125,13477
08/06/2021,86.775,87.85,85.625,87.6,19831
08/09/2021,87.2,87.575,84.6,84.6,15341
08/10/2021,84.6,85.2,83.325,83.875,24231
08/11/2021,83.9,86.1,83.875,85.85,18486
08/12/2021,85.85,87.125,85.85,86.475,14816
08/13/2021,86.3,86.875,84.5,86.525,13793
08/16/2021,87.25,89.3,87.25,89,21292
08/17/2021,88.275,88.575,87.55,87.9,13393
08/18/2021,88.4,89.25,87.775,89.1,13402
08/19/2021,88.65,89.2,86.6,86.925,17600
08/20/2021,87.6,89.775,87.4,88.625,16648
08/23/2021,88.65,89.45,86.975,87.475,16060
08/24/2021,86.675,87.975,86.05,86.975,16511
08/25/2021,87,89.225,86.75,88.75,15951
08/26/2021,88.9,89.5,87.6,87.9,14077
08/27/2021,88.325,90.9,88.325,90.725,21630
08/30/2021,91.425,91.425,89.4,90.15,16247
08/31/2021,89.575,89.575,88.375,88.8,19427
09/01/2021,89.35,90.9,89.325,90.15,19572
09/02/2021,89.65,90.375,89.25,89.85,14765
09/03/2021,89.85,90.175,89.375,89.575,11564
09/07/2021,89.975,89.975,88,88.1,19547
09/08/2021,88.1,89.35,87.25,87.375,30331
09/09/2021,87.95,88.25,85.25,85.475,40112
09/10/2021,85.8,86.025,81.95,82.45,36168
09/13/2021,82.675,82.85,80.7,80.775,37235
09/14/2021,81.05,81.7,79.775,80.375,29731
09/15/2021,80.925,82.8,80.6,82.275,20843
09/16/2021,83.3,85.975,82.275,85.475,20618
09/17/2021,85.6,86.125,84.025,85.725,11222
09/20/2021,85.275,85.825,84.55,84.975,9868
09/21/2021,85.375,85.375,84,84.375,7408
09/22/2021,84.575,85.025,83.775,83.85,6430
09/23/2021,74.35,76.675,74.1,76.5,17568
09/24/2021,76.5,77.2,75.65,76.8,11288
09/27/2021,79.8,81.55,79.75,81.55,17363
09/28/2021,81.7,83.975,81.075,83.575,28158
09/29/2021,82.7,84,82.7,83.6,19797
09/30/2021,84.85,85.675,84.55,85.4,23714
10/01/2021,85.525,85.65,84.7,85.175,14476
10/04/2021,84.925,85.2,82.8,83.1,20981
10/05/2021,83.125,83.525,81.575,82.55,18463
10/06/2021,81.475,82.15,80.55,81.725,16370
10/07/2021,82.725,82.75,81.325,82.025,15073
10/08/2021,82.25,82.85,81.425,81.5,12467
10/11/2021,80.8,81.15,79.425,80.175,16576
10/12/2021,80,80,78.05,78.175,19545
10/13/2021,77.8,78.525,77.6,78.15,15543
10/14/2021,78.2,78.95,77.25,77.325,14327
10/15/2021,77.85,78.825,77.4,78.275,12807
10/18/2021,77.6,79.475,77.4,78.75,11266
10/19/2021,78.5,78.75,77.275,77.4,11601
10/20/2021,77.2,78.275,75.925,76.025,20084
10/21/2021,75.775,75.775,73.1,73.2,24808
10/22/2021,73.2,74.2,72.875,73.325,16839
10/25/2021,73.75,74.5,73.475,74.2,11361
10/26/2021,73.5,73.825,72.525,72.575,15036
10/27/2021,73.3,73.3,71.775,71.975,16338
10/28/2021,72.425,75.375,71.8,75.2,23379
10/29/2021,75.3,77.25,73.8,76.075,22572
11/01/2021,76.7,76.9,75.45,76.15,17442
11/02/2021,75.675,76.3,74.075,74.25,19929
11/03/2021,75.05,76.05,74.5,75.95,17457
11/04/2021,77,78.225,77,77.875,23977
11/05/2021,77.8,77.85,76.275,76.55,21933
11/08/2021,77.2,77.325,75.875,76.375,21500
11/09/2021,76.4,76.4,74.875,74.95,27095
11/10/2021,74.5,75.875,73.7,75.7,32038
11/11/2021,75.275,76.275,74.775,75.375,23152
11/12/2021,75.8,76.525,74.825,75.875,22294
11/15/2021,75.825,76.2,75.125,75.8,11665
11/16/2021,75.525,77.825,75.25,77.725,17566
11/17/2021,76.4,76.9,75.925,76.175,14828
11/18/2021,75.4,75.575,74.975,75.1,10853
11/19/2021,75.375,75.725,73.6,73.75,11915
11/22/2021,74,75.025,73.6,74.65,6826
11/23/2021,83.3,83.5,82.325,83.275,10513
11/24/2021,83.625,84.475,83.325,84.25,16489
11/26/2021,83.75,84.675,80.425,81.025,16823
11/29/2021,81.975,82.025,80.75,80.925,14778
11/30/2021,80.45,81.25,78.675,79.975,28815
12/01/2021,80.55,80.65,79.25,80.125,17583
12/02/2021,80.275,82.7,78.95,82,20489
12/03/2021,82.7,82.7,81.2,81.5,13458
12/06/2021,80.875,80.925,78.175,78.225,20979
12/07/2021,78.25,78.875,76.125,76.55,25328
12/08/2021,76.45,77.05,75.35,76.05,18891
12/09/2021,77,78.05,75.95,77.825,15136
12/10/2021,78,81.15,77.4,81.025,21104
12/13/2021,80.625,81.225,80.2,80.75,13762
12/14/2021,80.75,81.1,79.5,80.075,11229
12/15/2021,79.65,80.075,78.675,79.325,11721
12/16/2021,79.675,80.8,79.6,80.35,11457
12/17/2021,81.1,81.475,80.15,80.8,14793
12/20/2021,80.275,80.275,79.175,79.475,12992
12/21/2021,79.55,82.775,79.275,82.425,26845
12/22/2021,82.55,83.6,82.45,83.35,17570
12/23/2021,83.35,83.925,82.875,83.225,10636
12/27/2021,84.275,84.65,83.025,83.65,9968
12/28/2021,82.525,83.25,82.275,82.625,13468
12/29/2021,82.775,84.225,82.575,83.825,14796
12/30/2021,83.2,83.825,82.375,82.7,10970
12/31/2021,83.25,83.55,81.2,81.475,12781
01/03/2022,81.525,82,80.875,81.125,12432
01/04/2022,80.775,82.3,80,80.15,25483
01/05/2022,80.675,82.475,80.35,82.275,21706
01/06/2022,82.7,84.05,82.6,82.95,23688
01/07/2022,83.075,83.075,79.275,79.65,29624
01/10/2022,79.775,79.9,78.225,78.375,32542
01/11/2022,78.275,78.5,77.55,77.85,27283
01/12/2022,78.025,79.525,77.675,78.85,23048
01/13/2022,79,79.35,77.05,77.85,25693
01/14/2022,78.975,81.275,78.6,80.9,19910
01/18/2022,80.925,81.75,80.5,81.6,13287
01/19/2022,81.575,82.55,81.2,82.3,11550
01/20/2022,83.525,84.975,82.45,84.925,18125
01/21/2022,84.7,86.575,84.2,86.2,8696
01/24/2022,94.25,96.325,93.4,95.325,21828
01/25/2022,95.6,97.375,95.575,97.25,20745
01/26/2022,97.175,97.5,95.55,96.45,14987
01/27/2022,96.5,96.9,94,94.675,17065
01/28/2022,95.6,97.075,93.625,94.925,19270
01/31/2022,94.725,96.3,94.725,95.7,13923
02/01/2022,94.75,99.15,94.625,97.675,24403
02/02/2022,97.9,100.275,97.175,99.125,20005
02/03/2022,98.975,101.25,98.275,98.375,23991
02/04/2022,98.175,100.675,97.9,100.075,16494
02/07/2022,100.4,102.85,100.3,101.275,20931
02/08/2022,101.025,104.675,100.875,103.8,25120
02/09/2022,103.9,105.475,103.775,104.775,21160
02/10/2022,105.45,107.7,103.175,103.425,22599
02/11/2022,102.7,103.85,102.025,102.225,19101
02/14/2022,102.75,103.825,101,102.325,16620
02/15/2022,102.6,105.1,102.075,104.15,16862
02/16/2022,105,106.525,104.75,105.4,15993
02/17/2022,105.5,108.075,104.825,107.575,16548
02/18/2022,109.325,109.825,107.925,109.4,17230
02/22/2022,109.25,112.65,108.925,112.075,19564
02/23/2022,112.2,112.85,107.775,108.025,27723
02/24/2022,109.35,109.65,105.4,105.525,23890
02/25/2022,105.525,106.425,103.55,103.675,19817
02/28/2022,103.675,104.5,102.875,103.5,18933
03/01/2022,103.65,106.75,103.025,106.2,19514
03/02/2022,106.9,107.1,104.4,106.3,19879
03/03/2022,107.45,107.45,105.05,105.2,20330
03/04/2022,104.175,104.25,100.45,100.45,30022
03/07/2022,100,102.775,98.475,100.275,34025
03/08/2022,101.175,103.575,100.925,102.925,27007
03/09/2022,103.2,103.3,100.775,101.15,27514
03/10/2022,101.5,102.325,99.825,100.1,27936
03/11/2022,100.15,103.1,99.975,102.725,22538
03/14/2022,102,102.625,101.1,102.2,16065
03/15/2022,102.725,102.725,101.525,102.4,10085
03/16/2022,103.575,104.7,102.025,102.375,14736
03/17/2022,102.625,102.825,99.875,100.35,13592
03/18/2022,100.625,101.625,99.225,99.4,10986
03/21/2022,99.875,101.95,99.575,100.625,10182
03/22/2022,100.5,100.5,99.575,100.25,6449
03/23/2022,101.4,102.75,101.4,102.55,9519
03/24/2022,122.975,123.725,120.675,122.075,12110
03/25/2022,123.075,126.15,122.45,125.85,16275
03/28/2022,125.85,126.875,125.025,126.05,11737
03/29/2022,124.15,125.725,121.9,124.625,14382
03/30/2022,123.225,126.125,123,124.225,12803
03/31/2022,127.3,127.325,120.375,120.625,22689
04/01/2022,121.075,122.5,120.225,120.45,14603
04/04/2022,119.9,119.9,115.7,116.15,24795
04/05/2022,116.15,117.625,112.2,114.35,24877
04/06/2022,114.425,115.3,113.1,114.7,16260
04/07/2022,115.05,115.9,113.15,114.15,20584
04/08/2022,114.125,115.275,113.4,114.575,11313
04/11/2022,114.275,115.75,112.925,115.025,12722
04/12/2022,116.025,119.1,115.5,118.475,16008
04/13/2022,118.45,118.625,117,117.6,10366
04/14/2022,117.575,118.6,116.25,118.475,12715
04/18/2022,118.7,122.5,118.7,122.4,16737
04/19/2022,121.5,123.075,121.025,121.325,14805
04/20/2022,120.7,121.075,118.325,118.75,17020
04/21/2022,118.45,119.1,116.55,117.175,14671
04/22/2022,117.175,119.85,117.1,118.775,11203
04/25/2022,117.325,117.9,114.025,114.025,21438
04/26/2022,114.025,114.825,110.6,111.175,27859
04/27/2022,111.525,112.275,109.975,110.35,17955
04/28/2022,110.35,111.7,108.725,110.975,16582
04/29/2022,110.7,110.75,106.225,106.375,24000
05/02/2022,106.65,106.75,102.9,104.975,23606
05/03/2022,105.5,106.5,101.875,102.2,25801
05/04/2022,103,105.5,102.725,105.1,23916
05/05/2022,105.6,107.525,105.325,107.075,22017
05/06/2022,106.675,106.725,103.7,104.1,21891
05/09/2022,103.1,103.35,100.55,101.3,27109
05/10/2022,102.4,102.725,100.15,101.575,28202
05/11/2022,100.95,101.9,99.5,100.85,26864
05/12/2022,100.375,100.85,97.1,97.475,26247
05/13/2022,97.8,100.825,97.475,100.75,17724
05/16/2022,101.45,104.575,101.4,103.825,15710
05/17/2022,104.2,105.45,102.6,105.15,14699
05/18/2022,104.775,106.425,102.475,106.1,11263
05/19/2022,105.8,106.475,105,105.3,6218
05/20/2022,105,109.25,104,108.875,11448
05/23/2022,109.7,111.125,108.775,110.85,11746
05/24/2022,109.8,110.875,107.625,109.05,14515
05/25/2022,110,111,107.675,107.95,12565
05/26/2022,108.45,112.025,106.65,111.825,17716
05/27/2022,111.4,112.85,111.05,111.725,11466
05/31/2022,110.525,110.875,106.975,108,17134
06/01/2022,108.7,112.75,108.7,112.425,20459
06/02/2022,113.375,114,111.825,112.175,16776
06/03/2022,111.825,113.2,110.35,110.75,12668
06/06/2022,110.45,110.5,107.825,108.975,16460
06/07/2022,107.75,110.125,107.75,109.275,20324
06/08/2022,109.325,110.6,105.2,107.95,26682
06/09/2022,106.45,106.75,103.875,105,26265
06/10/2022,105.875,106.875,105.225,105.475,13899
06/13/2022,105.45,107.2,103.525,106.675,20720
06/14/2022,107.875,108.425,105.55,106.625,14645
06/15/2022,106,108.85,105.625,108.275,13104
06/16/2022,107.575,109.925,107.475,109.575,9709
06/17/2022,110.8,111.475,110.075,111,10403
06/21/2022,110.85,112.925,110.5,112.725,14456
06/22/2022,112.6,112.875,111.5,111.85,7590
06/23/2022,107.925,108.55,103.575,103.675,21080
06/24/2022,104.75,107.55,103.95,106.775,16987
06/27/2022,108.025,108.7,104.65,104.875,15848
06/28/2022,104.225,105.75,103.45,103.825,15187
06/29/2022,103.325,104.55,103,103.575,15126
06/30/2022,104,105.2,100.25,102.1,21277
07/01/2022,102.3,104.225,102.3,102.975,14644
07/05/2022,103.65,106.425,102.15,105.95,25072
07/06/2022,107.4,109.95,107.025,109.2,29420
07/07/2022,109.4,111.75,109,109.5,25067
07/08/2022,109.225,109.875,107.925,109.175,21419
07/11/2022,109.85,110.425,106.45,108.375,26546
07/12/2022,108.85,109.175,107.525,109,19391
07/13/2022,109.725,111.55,109.725,110.5,23643
07/14/2022,110.775,111.05,109.125,109.575,19000
07/15/2022,109.3,110.5,108.5,109.825,13116
07/18/2022,111.775,112.725,111.325,112.125,16806
07/19/2022,111.525,113.225,110.7,112.825,12546
07/20/2022,114,115.175,113.6,114.875,13911
07/21/2022,115.95,116.85,115.375,116.3,10411
07/22/2022,94.95,96.625,94.7,96.325,14492
07/25/2022,95.725,97.075,93.2,94.125,21473
07/26/2022,94.25,94.775,92.425,93.65,16226
07/27/2022,94.15,96.525,94,96.45,14603
07/28/2022,96.9,97.875,95.975,96.325,16627
07/29/2022,96.15,97.375,95.55,97.225,12590
08/01/2022,96.1,97,95.025,96.825,17656
08/02/2022,97,97.075,95.375,96.225,14051
08/03/2022,96.675,97.525,95.575,95.85,18504
08/04/2022,94.5,98.05,93.825,97.6,25198
08/05/2022,97.225,98.95,96.775,98.4,17986
08/08/2022,98.325,100.75,98.075,100.3,17932
08/09/2022,99.8,99.925,98.425,99.6,17849
08/10/2022,100.3,101,99.8,100.85,16149
08/11/2022,101.15,101.65,100.55,101.075,14592
08/12/2022,100.875,100.875,99.575,100.025,12817
08/15/2022,99.825,100.825,98.625,100.575,15993
08/16/2022,100.5,101.175,96.3,96.575,26118
08/17/2022,97,98.45,95.575,98.05,21994
08/18/2022,97.475,97.525,93.3,93.3,25411
08/19/2022,93.325,94,91.9,93.125,21092
08/22/2022,92.75,95,92.125,93.975,17313
08/23/2022,94.375,96.975,92.575,92.9,23161
08/24/2022,91.975,92.5,90.25,90.375,24177
08/25/2022,90.375,91.425,90,91.1,15933
08/26/2022,90.8,91.5,90.275,90.65,16304
08/29/2022,90.65,92.45,90.4,92.25,13352
08/30/2022,91.75,94.4,91.75,93.6,19074
08/31/2022,93.175,93.375,91,91.525,23894
09/01/2022,91,92.425,90.75,91.95,16290
09/02/2022,91.325,91.925,89.75,90.025,21515
09/06/2022,90.025,91.25,89.575,91.1,19150
09/07/2022,91.75,93.225,90.825,91.075,22699
09/08/2022,91,92.35,89.125,92.125,32234
09/09/2022,91.425,93.45,91.05,93.175,25048
09/12/2022,92.775,93.25,91.375,91.875,25182
09/13/2022,92.25,96.075,92,95.75,39816
09/14/2022,95.45,96,94.6,94.7,21664
09/15/2022,95.475,96.825,95.325,96.05,16539
09/16/2022,95.6,96.925,95.45,96.9,11187
09/19/2022,96.675,97.05,96.05,96.475,6258
09/20/2022,96.45,97.45,95.55,95.975,9208
09/21/2022,96,96.175,94.325,94.425,10659
09/22/2022,94.5,95.1,93.75,94.125,7240
09/23/2022,85.1,85.25,82.6,82.8,18082
09/26/2022,82.55,83.325,78.4,79.4,28542
09/27/2022,80.225,80.575,76.125,76.25,32335
09/28/2022,76.75,77.25,75.325,75.825,22923
09/29/2022,76.975,77.925,75.55,75.725,19818
09/30/2022,77.125,77.2,75.775,76.225,20874
10/03/2022,75.75,78.325,75.75,77.725,22645
10/04/2022,77.75,79.15,72.975,74.425,31078
10/05/2022,74.825,76.75,74.1,76.5,23357
10/06/2022,77.5,78.1,77.05,77.775,16587
10/07/2022,78.35,78.35,76.575,77.15,13831
10/10/2022,78,79.875,77.9,79.6,24788
10/11/2022,79.475,79.95,78.675,79.525,17245
10/12/2022,80,80.825,79.2,80.7,18267
10/13/2022,80.675,81.15,79.575,80.6,15438
10/14/2022,80.775,82.6,80.275,82.25,18485
10/17/2022,82.475,85.1,81.4,84.95,27108
10/18/2022,84.975,86.75,84.65,86.475,27232
10/19/2022,86.725,87.5,86.25,87.375,21745
10/20/2022,87.3,87.375,86.05,87.025,15118
10/21/2022,86.9,89.8,86.6,89.125,23487
10/24/2022,88.525,88.9,87.675,87.925,26645
10/25/2022,88.125,89.025,87.275,88.45,25855
10/26/2022,88.125,89.55,87.775,88.5,23365
10/27/2022,87.875,88.275,84.675,85.125,30197
10/28/2022,85.65,86.65,84.775,86.1,21789
10/31/2022,86.625,86.825,84.425,84.925,25454
11/01/2022,84.65,85.85,84.65,85.2,18193
11/02/2022,84.5,84.85,83.25,83.3,24268
11/03/2022,83.3,84.75,83.2,83.375,16938
11/04/2022,84.175,84.175,82.825,82.975,18335
11/07/2022,82.975,87.575,82.9,87.05,39026
11/08/2022,87,87.05,84.825,85.575,28565
11/09/2022,85.05,86.15,84.575,85.275,29213
11/10/2022,85.075,85.275,84.275,84.875,22966
11/11/2022,85.05,85.7,83.8,84.35,16851
11/14/2022,84.975,85.95,84.35,84.875,13335
11/15/2022,84.9,86.575,84.6,85.325,20312
11/16/2022,85.4,86.175,84.8,85.575,11897
11/17/2022,85.05,86.1,84.6,84.975,13658
11/18/2022,84.75,85.05,83.925,84.225,8938
11/21/2022,84.5,84.625,83.475,83.8,10676
11/22/2022,90,90.975,89.35,90.075,12735
11/23/2022,89.75,90.5,88.625,88.8,13248
11/25/2022,88.675,90.15,87.95,88.5,11089
11/28/2022,88,88.15,84.575,84.75,27385
11/29/2022,85,85.475,84.025,84.15,19596
11/30/2022,83.725,85.95,83.725,85.35,17170
12/01/2022,85.35,89.475,84.775,89.2,26042
12/02/2022,88.725,90.575,88.4,90.425,16442
12/05/2022,90.35,91.9,89.825,90.525,18430
12/06/2022,89.625,90,86.525,86.925,29111
12/07/2022,87,87.75,85.95,86.65,20835
12/08/2022,85.625,85.9,83.1,84.7,30041
12/09/2022,84.5,85.15,83.7,84,16533
12/12/2022,84.05,84.175,82.8,83.7,17305
12/13/2022,83.85,86,83.85,84.575,21029
12/14/2022,84.775,85,83.15,83.4,15719
12/15/2022,83.1,83.3,81.525,81.65,20637
12/16/2022,81.65,86.275,81.65,85.775,21089
12/19/2022,84.975,86.55,84.825,85.7,13079
12/20/2022,85.25,85.55,84,84.25,14507
12/21/2022,83.9,88.875,83.9,88.4,28375
12/22/2022,88.275,89.325,86.875,89.05,22117
12/23/2022,88.45,89.2,87.1,87.825,11239
12/27/2022,87.7,91.6,87.7,91.475,29814
12/28/2022,90.475,91.475,90.225,90.8,18104
12/29/2022,89.775,90.5,88.5,88.675,14100
12/30/2022,88.675,88.675,87.25,87.7,13281
01/03/2023,87.425,87.975,84.6,85.075,27911
01/04/2023,84.875,86.025,83.475,84.075,25940
01/05/2023,83.55,83.975,81.6,82.525,29058
01/06/2023,82.325,82.35,80.125,80.275,26113
01/09/2023,80.35,81.625,79.7,80.8,31593
01/10/2023,80.175,80.6,79.35,79.8,26604
01/11/2023,79.8,80.15,78.825,79.3,25405
01/12/2023,79.1,80.075,77.575,78.75,24600
01/13/2023,78.55,79.4,77.675,78.65,21683
01/17/2023,78.825,79.9,77.875,78.45,19952
01/18/2023,77.75,78.5,77.125,77.325,20367
01/19/2023,77.175,77.65,76.4,76.65,15369
01/20/2023,77.15,78.55,76.9,77.825,10617
01/23/2023,77.85,78.2,77.075,77.575,7873
01/24/2023,86.1,86.25,84,85.375,18670
01/25/2023,85.85,85.85,84.5,85.325,15705
01/26/2023,85.725,87.4,83.7,87,22570
01/27/2023,87.35,88.325,86.2,86.45,15811
01/30/2023,86.3,88,85,86.525,16698
01/31/2023,87.45,87.45,85.075,86.425,14909
02/01/2023,86.05,86.125,82.75,84.3,27388
02/02/2023,84.8,86.3,84.025,86,19378
02/03/2023,85.85,86.775,85.125,86.475,18099
02/06/2023,86.1,86.3,82.35,82.725,32508
02/07/2023,83.05,84.075,81.275,83.275,25545
02/08/2023,82.6,84.675,82.3,84.075,20353
02/09/2023,84.125,84.975,82.075,83.325,19938
02/10/2023,83.75,83.775,82.625,83.325,13163
02/13/2023,83.775,86.525,83.7,86.35,27157
02/14/2023,86,87.8,85.8,87.25,23189
02/15/2023,86.675,87.35,85.85,86.5,14434
02/16/2023,85.95,86.225,85.1,85.775,16274
02/17/2023,85.875,87.1,85.2,85.275,19150
02/21/2023,86.25,89.875,86.25,89.1,37167
02/22/2023,88.125,88.325,86.175,86.55,30024
02/23/2023,86.45,86.65,85.375,86.2,20953
02/24/2023,87.1,87.3,85.675,86.025,16675
02/27/2023,85.95,86.875,84.475,84.725,23096
02/28/2023,85.025,85.675,84.225,85.175,20183
03/01/2023,84.825,85.35,84.075,84.95,26639
03/02/2023,85.5,85.875,83.625,83.85,24281
03/03/2023,83.775,85.075,83.525,84.55,18247
03/06/2023,84.1,84.975,83.3,83.475,22297
03/07/2023,83.825,84.875,83.2,84.8,33177
03/08/2023,84.475,86.175,84.225,85.75,34600
03/09/2023,85.2,86.325,84.175,85.075,33916
03/10/2023,85,87.5,85,87.45,32325
03/13/2023,86.725,87.425,85.75,86.225,29561
03/14/2023,86.225,86.325,85.025,85.4,22379
03/15/2023,85.2,85.4,83.575,83.75,30113
03/16/2023,83.5,83.75,79.1,79.45,43358
03/17/2023,79.85,80.75,78.3,79.875,27443
03/20/2023,78.7,79.025,77.425,77.775,21236
03/21/2023,77.575,78.1,77,77.05,12827
03/22/2023,77.1,77.5,75.95,76.075,11592
03/23/2023,76.075,76.45,75.125,75.75,9494
03/24/2023,89.35,91.875,88.8,91.425,17248
03/27/2023,91.775,94.7,90.825,93.075,21678
03/28/2023,92.9,93.35,91.25,92.725,17293
03/29/2023,92.15,92.4,90.425,90.825,14657
03/30/2023,91,92.025,90.525,91.6,11963
03/31/2023,91.15,92.375,90.625,91.625,18499
04/03/2023,91.2,92.25,90.1,91.425,18748
04/04/2023,91.925,92.75,89.25,89.575,17819
04/05/2023,89.125,89.35,87.4,88.375,23967
04/06/2023,88.55,89.7,87.05,88.175,19114
04/07/2023,88.175,88.175,88.175,88.175,0
04/10/2023,88.5,89.9,87.8,89.15,15506
04/11/2023,88.625,89.325,87.325,87.85,16054
04/12/2023,87.825,89.125,87.125,87.55,17231
04/13/2023,87,87.5,85.425,85.65,18149
04/14/2023,86,87.225,85.925,86.875,13183
04/17/2023,87.35,88.525,86.8,88.175,17188
04/18/2023,87.9,88.775,85.625,85.75,22396
04/19/2023,85.75,87.675,84.65,86.425,21519
04/20/2023,85.5,85.75,84.65,85.075,15595
04/21/2023,85.025,86.825,84.625,86.075,15177
04/24/2023,85.95,88.3,85.7,87.35,17633
04/25/2023,86.725,88.075,86.525,87.05,14754
04/26/2023,87.05,90.375,86.175,90.275,29578
04/27/2023,89.95,91.05,88.425,90.1,24761
04/28/2023,89.7,92,89.7,91.7,22140
05/01/2023,91.375,91.425,88.95,89.7,21180
05/02/2023,89.175,90.15,88.725,89.95,17640
05/03/2023,90.025,91.05,87.875,88,21877
05/04/2023,87.475,88.2,86.9,87.15,22059
05/05/2023,86.5,86.95,83.25,83.775,40671
05/08/2023,83.625,84.125,83.025,83.3,29771
05/09/2023,83.3,84.7,82.725,84.4,30141
05/10/2023,84.55,85.5,83.9,84.175,29314
05/11/2023,84.4,85.9,83.4,83.875,30747
05/12/2023,84.35,84.5,83.125,84.1,20080
05/15/2023,84.05,86.95,83.825,86.15,22548
05/16/2023,86.1,87.35,86.075,87.2,23204
05/17/2023,87.6,87.825,84.325,84.875,29130
05/18/2023,84.875,85.75,83.35,85.3,22037
05/19/2023,84.525,84.925,82.825,83.025,18762
05/22/2023,83.45,83.825,81.675,81.825,15224
05/23/2023,82.225,82.475,79.725,80.975,24125
05/24/2023,80.775,82.025,80.4,80.825,18407
05/25/2023,80.175,80.25,77,77.25,21433
05/26/2023,77,77.525,74.025,74.775,19750
05/30/2023,75.275,79.525,75.25,79.525,20459
05/31/2023,80.35,83.775,80.35,83.325,32277
06/01/2023,83.925,83.975,80.9,82.05,24733
06/02/2023,82.5,84.9,82.475,84.65,19289
06/05/2023,83.6,85,82.325,84.15,21207
06/06/2023,85.45,88.65,85.25,88.325,30333
06/07/2023,87.725,88.725,86.25,86.925,31118
06/08/2023,86.75,87.775,85.875,87.2,27865
06/09/2023,87,90.2,86.975,89.625,26031
06/12/2023,89.725,93.125,89.7,91.6,33448
06/13/2023,91.325,91.8,90,90.6,22999
06/14/2023,91.025,93.5,91.025,92.775,18885
06/15/2023,92.5,94.3,91.175,91.925,20461
06/16/2023,92.1,93.725,92.1,92.85,15486
06/20/2023,94.5,95.975,94.25,95.85,14133
06/21/2023,94.5,96.3,94.3,94.75,8455
06/22/2023,94.75,95.5,91.7,91.85,11114
06/23/2023,89.75,91.825,88.775,89.675,19008
06/26/2023,90.1,92.8,89.9,90.05,22434
06/27/2023,90.75,91.9,88.325,91.05,22855
06/28/2023,91.4,92.1,90.675,91.1,17746
06/29/2023,90.525,93,89.825,92.325,19575
06/30/2023,91.2,93.15,91.2,92.6,15954
07/03/2023,92.6,95.325,92.15,94.325,21165
07/05/2023,95.475,98.475,95.475,97.45,25907
07/06/2023,97.7,100.75,96.775,97.125,34286
07/07/2023,96.575,96.675,94.75,95.15,23133
07/10/2023,95.4,96.95,93.875,94.175,31144
07/11/2023,94.425,98.5,94.35,97.575,38290
07/12/2023,98.675,99,94.925,95.35,31944
07/13/2023,96.275,96.8,94.675,96.5,25005
07/14/2023,96.5,97.325,95.025,96.2,19579
07/17/2023,97.175,97.9,94.05,94.775,23401
07/18/2023,95,97.65,94.925,96.275,23499
07/19/2023,96.65,98.325,96.025,97.925,10376
07/20/2023,98.5,101.85,98.5,100.625,15221
07/21/2023,101.175,101.875,100.4,100.675,7826
07/24/2023,84.025,84.525,82.2,82.65,16326
07/25/2023,83.25,84.825,83.15,84.375,15402
07/26/2023,83,83.875,81.725,83.625,16871
07/27/2023,83.575,84.5,82.95,83.25,12052
07/28/2023,83.675,85.3,83.65,85.025,15697
07/31/2023,84.225,86.25,83.075,86,21741
08/01/2023,86.5,86.75,84.125,85.65,27302
08/02/2023,85.25,85.875,83.75,84.875,20110
08/03/2023,83.55,83.775,81.025,82.05,24350
08/04/2023,82.05,83.5,81.65,83.075,18039
08/07/2023,82.775,86.075,82.775,84.825,23192
08/08/2023,84.975,85.825,83.85,84.575,17762
08/09/2023,84,84.25,81.475,81.575,22936
08/10/2023,81.075,81.425,80.05,80.325,28397
08/11/2023,80.325,81.775,79.65,81.325,15556
08/14/2023,81.1,81.3,78.725,79.15,21292
08/15/2023,79,79.875,77.95,78.2,20001
08/16/2023,78.4,78.725,77.75,78.175,14449
08/17/2023,78.275,80.075,78.275,79.15,16903
08/18/2023,79.825,82.35,79.825,82.125,18846
08/21/2023,82.475,82.475,80.4,80.625,17986
08/22/2023,80.55,81.225,79.175,79.575,19927
08/23/2023,79.4,80.35,78.425,78.55,24077
08/24/2023,78.35,80.8,78.25,80.475,26686
08/25/2023,81.25,83.125,79.125,79.825,27084
08/28/2023,78.9,81.925,78.85,81.85,18878
08/29/2023,81.975,82.2,80.55,80.725,21266
08/30/2023,80.075,83.825,79.525,83.6,25863
08/31/2023,83.6,84.25,81.725,82.55,27009
09/01/2023,82.8,83.375,81.975,83.05,15148
09/05/2023,83.725,84.725,83.05,83.175,23101
09/06/2023,84.1,84.125,81.575,81.875,21424
09/07/2023,82.6,83.775,82.425,82.825,19733
09/08/2023,82.8,82.825,80.95,81.525,26568
09/11/2023,82.1,83.3,81.8,82.55,28969
09/12/2023,83.175,85.35,82.975,85.275,37314
09/13/2023,85.375,85.6,83.675,83.975,24855
09/14/2023,83.325,84.225,82.825,83.35,26316
09/15/2023,83.425,84.025,82.95,83.125,12579
09/18/2023,82.95,83.8,81.875,83.25,15914
09/19/2023,83.5,85.225,83.375,84.85,12918
09/20/2023,84.975,86.125,84.275,85.775,12767
09/21/2023,84.9,84.95,82.725,82.95,12898
09/22/2023,74.5,74.875,72.025,72.175,28376
09/25/2023,72.175,73.1,71.625,72.525,19805
09/26/2023,72.85,73.125,71.8,72.35,14420
09/27/2023,72.125,73.375,71.9,72.775,14319
09/28/2023,72.55,76.1,72.55,75.525,28056
09/29/2023,73.55,73.675,71.775,71.775,20857
10/02/2023,71.275,71.375,69.325,69.5,38989
10/03/2023,69.5,70.2,68.425,69.075,28313
10/04/2023,68.825,69.9,68,69.175,20517
10/05/2023,69.35,72.5,69.35,72.275,29726
10/06/2023,71.275,73.675,71.15,73.575,26569
10/09/2023,72.725,73.225,71.7,72.475,21805
10/10/2023,72.75,73.275,71.35,71.425,18235
10/11/2023,71.225,71.875,69.85,69.975,21468
10/12/2023,70,70.375,68.825,70.1,20301
10/13/2023,69.975,70.65,69.175,69.5,13237
10/16/2023,69,69.9,68.125,68.3,20028
10/17/2023,69,70.075,67.3,67.55,23521
10/18/2023,67.55,68.2,67.325,68.025,17834
10/19/2023,68.35,69.45,67.325,68,19839
10/20/2023,67.575,67.675,65.4,66,20553
10/23/2023,66.025,67.1,65.675,66.175,21433
10/24/2023,66.5,67.4,65.95,66.375,24517
10/25/2023,66.5,68.15,65.725,67.5,22171
10/26/2023,67.7,68.7,67.425,68.625,17813
10/27/2023,68.3,70.625,68.225,70.475,21607
10/30/2023,70.925,71.925,70.25,71.175,27265
10/31/2023,71.7,71.8,70.6,71.725,19520
11/01/2023,71.25,72.075,69.95,70.15,25902
11/02/2023,70.375,73.375,70.075,73.275,34858
11/03/2023,73.3,73.625,71.525,71.75,27467
11/06/2023,71.75,72.825,71.625,72.4,20517
11/07/2023,73,74.275,72.425,72.9,35691
11/08/2023,72.35,72.85,71.25,71.5,37441
11/09/2023,71.85,72.5,71.1,71.45,28613
11/10/2023,71.775,73.125,70.625,71.9,21173
11/13/2023,72.55,73.8,71.525,73.35,34655
11/14/2023,72.8,73,72.05,72.3,18641
11/15/2023,72.25,72.375,70.925,71.05,20690
11/16/2023,71.025,71.6,70.1,71.475,20324
11/17/2023,71.05,71.75,70.775,70.975,14185
11/20/2023,71.075,71.725,70.125,70.35,13566
11/21/2023,70,70.275,68.125,68.175,22099
11/22/2023,68.225,68.625,68.05,68.275,8728
11/24/2023,71.15,71.4,68.2,68.775,24998
11/27/2023,68.975,69.65,66.825,66.925,29031
11/28/2023,67.4,69.525,65.8,69.025,36054
11/29/2023,69.2,70.825,67.875,70.1,24186
11/30/2023,70.1,71.625,69.75,71.475,23957
12/01/2023,71.6,72,69.8,70.1,17545
12/04/2023,70.1,71.925,69.5,70.8,18731
12/05/2023,70.475,70.5,68.9,69.35,21324
12/06/2023,69.125,69.95,68.75,69.3,15211
12/07/2023,68.3,68.875,67.425,67.775,21148
12/08/2023,67.775,69.3,67.25,68.975,17392
12/11/2023,69.025,70.225,66.725,67.325,25664
12/12/2023,67.475,68.625,66.8,68.25,18327
12/13/2023,67.5,67.925,66.225,66.725,19825
12/14/2023,67.35,70.475,67.125,70.475,28020
12/15/2023,70.55,71.975,69.475,71.9,24922
12/18/2023,71.575,72.45,71,71.575,20078
12/19/2023,70.825,71.65,70.25,70.55,17934
12/20/2023,69.95,70.925,69.75,70.225,13908
12/21/2023,70.475,71.25,70.125,70.65,14009
12/22/2023,70.575,71.975,70.3,71.35,13199
12/26/2023,70.9,70.9,69.025,69.3,18647
12/27/2023,69,70.2,68.425,69.875,21675
12/28/2023,69.875,70.475,68.025,68.45,21807
12/29/2023,68.65,69.075,67.65,67.975,15389
01/02/2024,68.95,68.95,64.675,65.325,37390
01/03/2024,65.775,66.2,64.575,65.3,27146
01/04/2024,65.45,69.05,65,69.05,36506
01/05/2024,68.775,70.5,68,70,27159
01/08/2024,69.75,70.775,68.95,70.6,33503
01/09/2024,70.35,73.05,70.275,71.875,43187
01/10/2024,71.3,72.225,70.5,72.075,29191
01/11/2024,72.2,73.05,71.425,72.6,28635
01/12/2024,71.925,72.6,71.275,71.9,23032
01/16/2024,71.4,71.85,70.125,70.775,24726
01/17/2024,71.025,71.675,70.025,71.45,23376
01/18/2024,71.9,71.95,70.625,71.1,18293
01/19/2024,71.25,71.25,70.625,70.75,10150
01/22/2024,70.8,71.1,70.275,70.925,11703
01/23/2024,71.4,73.825,70.725,73.3,19883
01/24/2024,79.5,82.2,79.5,82.025,25686
01/25/2024,82.3,82.85,81.725,82.55,24483
01/26/2024,82.175,84,82.15,83.25,22032
01/29/2024,82.675,83.55,82.6,83.425,14976
01/30/2024,83.2,85.925,83.2,84.9,36846
01/31/2024,84.25,85.325,84.075,84.825,21607
02/01/2024,84.5,85.275,82.825,83.75,27687
02/02/2024,83.75,84.425,83.25,83.825,16258
02/05/2024,83.25,83.425,82.075,82.2,21842
02/06/2024,81.825,82.15,81,81.25,21316
02/07/2024,81.7,83.075,81.05,81.1,26197
02/08/2024,80.75,81.025,79.675,80.35,26546
02/09/2024,80.775,82.4,80.75,81.15,18275
02/12/2024,80.925,81.725,80.35,81.125,17586
02/13/2024,81.525,81.675,80.2,81.075,19024
02/14/2024,81.25,84.725,81.25,84.525,34223
02/15/2024,85.075,85.775,84.65,85,28272
02/16/2024,85.6,85.65,84.525,85.225,14056
02/20/2024,86.225,87.1,85.425,85.675,25390
02/21/2024,85.425,86.3,85.35,85.975,20383
02/22/2024,85.925,88.9,85.875,87.2,36736
02/23/2024,87.85,88.325,87.05,87.2,18504
02/26/2024,86.825,87.05,85.525,86.275,26615
02/27/2024,86.1,86.775,85.8,85.9,17744
02/28/2024,86.525,87.2,85.75,86,23435
02/29/2024,86,87.125,85.875,86.625,16795
03/01/2024,86.625,88.25,85.65,88.075,25233
03/04/2024,88.1,88.1,86.15,86.275,30218
03/05/2024,86.275,86.35,84.625,85.175,31663
03/06/2024,84.85,85.2,83.875,85,28829
03/07/2024,85.35,85.45,84.375,84.525,27601
03/08/2024,84.5,85.1,84.1,84.375,24763
03/11/2024,84.7,84.925,83.15,83.275,36700
03/12/2024,83.525,85.575,83.275,85.35,38030
03/13/2024,85,85.025,83.925,84.875,27874
03/14/2024,84.8,85.3,84.35,85.025,13104
03/15/2024,85.25,87.525,84.95,86.925,21768
03/18/2024,86.7,87.325,86.325,86.825,12913
03/19/2024,86.5,86.7,85.25,85.825,16578
03/20/2024,86.15,86.25,85.175,85.3,9006
03/21/2024,100.25,100.95,98.8,99.3,22049
03/22/2024,99.3,100.35,98.625,99.7,14840
03/25/2024,99.6,101.85,99.2,101.675,18990
03/26/2024,101.95,102.725,101.225,101.35,20514
03/27/2024,101.65,102.425,101.25,101.6,14086
03/28/2024,101.45,102.85,100.675,101.45,21028
04/01/2024,100.25,104.25,100.175,103.5,31013
04/02/2024,103.45,104.8,102.9,103.725,26899
04/03/2024,104,105.725,104,104.75,24354
04/04/2024,104.75,105.4,103.95,105,20047
04/05/2024,105.5,108,105.375,107.9,31128
04/08/2024,107.475,108.35,106.625,107.925,30480
04/09/2024,108.05,109.175,107.15,108.575,23672
04/10/2024,109.15,109.65,104.825,105.55,36993
04/11/2024,105.6,106.675,105.075,105.8,18942
04/12/2024,105.125,106.025,102.05,102.075,27493
04/15/2024,102.3,102.8,101.075,102.45,33872
04/16/2024,102.5,104.2,102.175,102.825,20358
04/17/2024,102.8,103.55,102.275,102.725,16931
04/18/2024,102.175,102.825,101.175,102.7,23878
04/19/2024,102.65,104.975,102.25,104.825,16668
04/22/2024,104.85,105.925,104.4,105.5,19613
04/23/2024,105.55,108.55,105.55,107.95,31080
04/24/2024,107.025,108.4,106.8,107.45,18812
04/25/2024,106.9,106.9,104.375,105,24166
04/26/2024,104.5,104.55,102.225,102.475,22558
04/29/2024,101.925,103.025,101.35,102.475,28292
04/30/2024,102.725,103.925,102.025,102.475,22711
05/01/2024,102.625,103.525,100.325,100.425,31304
05/02/2024,100.05,100.675,99.375,99.925,25581
05/03/2024,99.925,99.925,98.825,98.95,22404
05/06/2024,98.75,99.05,97.825,98.175,22266
05/07/2024,98.85,100.55,98.1,98.325,38401
05/08/2024,98.175,99.45,97.225,98.725,35296
05/09/2024,98.8,99.3,97.475,97.725,25679
05/10/2024,97.725,99.8,97.6,98.375,25351
05/13/2024,98.675,99.475,96.975,97.475,30183
05/14/2024,98.5,99.1,97.9,98.325,18413
05/15/2024,98.6,98.625,97,97.5,20206
05/16/2024,97.375,100.1,96.425,98.375,24942
05/17/2024,98.25,98.25,96.175,96.5,21053
05/20/2024,96.675,97.375,96.125,96.925,13053
05/21/2024,96.2,96.925,95.75,96.4,14464
05/22/2024,96.4,96.4,95.125,95.4,10913
05/23/2024,97.9,99.025,97.1,97.475,18300
05/24/2024,97.5,97.825,96.9,97.225,11778
05/28/2024,97.225,97.225,96,96.525,21087
05/29/2024,97.725,97.8,95.975,96.325,18597
05/30/2024,96.35,97.525,95.875,96.95,21919
05/31/2024,97.325,97.5,96.325,97.125,19102
06/03/2024,98.075,98.2,96.225,96.275,23765
06/04/2024,96.05,96.075,93.65,93.925,32513
06/05/2024,93.75,93.75,91.8,92.2,32045
06/06/2024,92.175,93.275,91.825,92.975,27083
06/07/2024,93.1,93.675,92.15,93.5,26422
06/10/2024,93.5,94.05,92.475,92.9,33134
06/11/2024,93.25,93.8,92.075,92.275,38325
06/12/2024,92.925,94.75,92.525,93.7,37327
06/13/2024,92.975,94.575,92.475,92.775,32466
06/14/2024,92.35,94.325,90.4,93.65,32468
06/17/2024,94.45,95.825,94.45,95.375,26154
06/18/2024,95.35,95.525,93.65,93.775,22060
06/20/2024,93.15,93.4,90.8,91.15,19257
06/21/2024,89.5,89.775,88.575,89.325,19659
06/24/2024,89.15,89.15,86.275,86.725,31228
06/25/2024,87,88.675,86.4,86.75,29346
06/26/2024,86.4,89.425,86.225,88.975,29751
06/27/2024,88.85,89.975,87.6,88.1,23976
06/28/2024,88.6,90.25,87.65,89.5,22009
07/01/2024,89.35,91.175,87.85,88.175,28719
07/02/2024,87.95,90.075,87.625,89.775,28218
07/03/2024,89.775,90.45,89.225,89.825,18832
07/05/2024,90,90.75,88.65,89.175,23395
07/08/2024,89.5,90.55,89.25,89.525,36133
07/09/2024,89.65,90.25,88.3,88.4,38128
07/10/2024,87.875,87.875,84.65,84.675,53663
07/11/2024,84.4,87.625,83.675,86.675,59595
07/12/2024,87.375,89.35,87.225,88.45,35064
07/15/2024,88.775,89.8,88.075,88.425,28764
07/16/2024,88.575,91.45,88.575,91.275,37789
07/17/2024,91.75,92.575,91.1,91.65,31384
07/18/2024,90.725,91.925,90.65,91.375,26022
07/19/2024,91.375,92.175,90.825,91.575,10878
07/22/2024,91.575,92.475,91.425,92.375,12860
07/23/2024,92.75,94.075,92.7,93.65,14887
07/24/2024,76.3,78.075,76.2,78.025,27450
07/25/2024,78.3,78.7,76.65,77.8,20368
07/26/2024,78.05,78.55,77.6,78.2,16529
07/29/2024,77.8,77.8,74.45,74.825,30399
07/30/2024,75.075,75.6,74.15,74.775,18716
07/31/2024,75.075,76.05,74.5,75.925,21164
08/01/2024,75.7,77.325,75.65,77.025,22978
08/02/2024,76.425,77.225,76.075,76.575,21120
08/05/2024,74.75,76,73.9,75.725,23713
08/06/2024,75.55,77.5,74.8,76.4,25183
08/07/2024,75.825,76.25,74.1,74.575,25824
08/08/2024,73.5,73.875,72.35,73.625,22324
08/09/2024,72.825,74.375,72.825,73.975,15798
08/12/2024,73.725,74.65,73.375,74.325,17860
08/13/2024,74.375,74.5,71.325,72.85,29887
08/14/2024,73.3,76.1,73,75.925,31350
08/15/2024,75.4,76.875,74.825,76.5,22592
08/16/2024,76.475,76.725,74.675,75.075,17717
08/19/2024,74.85,77.275,74.75,76.8,23000
08/20/2024,76.225,76.925,76.075,76.4,18203
08/21/2024,76.675,78.125,75.7,76.15,22909
08/22/2024,75.225,79.775,74.925,79.625,35997
08/23/2024,79.55,80.925,79.45,80.55,30625
08/26/2024,80.6,81.45,79.775,80.4,20501
08/27/2024,79.9,82.475,79.675,82.075,28018
08/28/2024,81.8,82.425,81.525,81.675,18817
08/29/2024,81.375,82.3,81.1,82.175,17268
08/30/2024,82.125,83,81.925,82.225,14520
09/03/2024,82.25,83,80.75,82.525,26914
09/04/2024,82.825,83.375,81.425,81.575,25070
09/05/2024,81.125,81.775,80.45,80.7,25064
09/06/2024,80.6,81.3,79.425,79.5,20234
09/09/2024,79.95,80.025,78.475,78.8,34810
09/10/2024,79.2,79.55,78.2,78.55,31962
09/11/2024,79,79.8,78.475,79.75,30776
09/12/2024,79.45,80.15,78.875,78.9,22199
09/13/2024,79.225,79.75,78.275,78.45,19338
09/16/2024,78.725,80.675,78.6,79.925,22269
09/17/2024,80.2,82.075,80.2,81.775,26600
09/18/2024,81.95,82.3,81.275,82.05,10662
09/19/2024,81.925,82.4,81.725,82.25,9891
09/20/2024,82.275,82.65,81.95,82.225,6798
09/23/2024,74.45,75.15,74.125,74.875,19690
09/24/2024,75.075,75.8,74.75,74.975,17984
09/25/2024,74.65,75.3,74.4,74.9,14552
09/26/2024,74.6,74.9,72.8,73.925,24351
09/27/2024,73.425,75.075,72.6,73.375,22374
09/30/2024,73.275,73.8,72.4,73.275,18556
10/01/2024,73.375,75.3,73.175,74.6,24655
10/02/2024,74.7,76.8,74.6,76.75,32768
10/03/2024,76.325,76.8,75.025,76.4,32641
10/04/2024,76.175,77.025,75.775,76.15,16882
10/07/2024,76,77.35,75.775,76.825,22029
10/08/2024,77,77.475,76.45,77.175,21436
10/09/2024,76.9,77.225,75.075,75.575,22770
10/10/2024,75.8,77.275,75.55,76.95,25273
10/11/2024,76.75,77.9,76.7,77.65,17702
10/14/2024,77.35,77.5,75.2,75.8,24525
10/15/2024,75.8,76.275,75.1,75.225,15702
10/16/2024,75.4,77.85,75.225,77.7,25731
10/17/2024,77.7,78.425,77.05,77.675,24414
10/18/2024,77.85,78.375,77.275,77.825,15749
10/21/2024,77.725,78.475,76.8,78.275,19329
10/22/2024,78.85,79.45,78.25,79.125,25501
10/23/2024,79,80.225,78.875,80.175,22156
10/24/2024,79.8,80.3,78.425,78.65,26789
10/25/2024,78.85,79.725,78.175,79.675,22260
10/28/2024,79.75,80.825,79.2,80.625,23135
10/29/2024,81.5,83,81.25,82.825,33914
10/30/2024,83,84.65,83,84.375,35590
10/31/2024,84.65,84.675,83.65,83.8,27004
11/01/2024,84.525,85.075,83.875,84.075,24906
11/04/2024,84.55,84.825,82.85,83.225,29476
11/05/2024,82.925,82.975,81.075,81.125,34144
11/06/2024,81.025,82.35,80.825,82.125,28438
11/07/2024,81.95,81.95,81,81.2,32459
11/08/2024,80.5,81.175,79.8,80.425,32219
11/11/2024,81,82.2,80.875,81.775,34210
11/12/2024,81.95,83.425,81.95,82.35,34530
11/13/2024,81.975,82.025,80.775,81.875,40706
11/14/2024,82.3,82.35,79.4,80.1,32384
11/15/2024,80,80.6,79.1,79.5,24068
11/18/2024,80.075,80.55,79.6,80.025,12375
11/19/2024,80.025,80.45,78.9,79.55,15422
11/20/2024,79.75,80.75,79.25,80.525,12840
11/21/2024,80.525,81.55,80.275,80.8,11786
11/22/2024,84.45,85.75,84.2,85.675,14664
11/25/2024,85.55,86.775,85.1,85.925,20185
11/26/2024,85.925,88.675,85.45,88.275,29730
11/27/2024,88,89.6,87.75,87.925,31291
11/29/2024,87.525,88.325,86.15,86.325,16963
12/02/2024,86.425,88.05,86.425,87.95,25500
12/03/2024,88.125,89.275,87.625,87.85,26867
12/04/2024,87.625,87.675,85.5,86.35,23837
12/05/2024,86.35,87.125,85.975,86.35,18629
12/06/2024,86.025,87.575,85.375,87.325,17640
12/09/2024,87.175,87.875,86.2,86.5,22735
12/10/2024,86.825,87.3,83.75,84.575,34753
12/11/2024,84.975,85.55,83.9,84.375,26356
12/12/2024,84.675,85.3,83.975,84.475,19214
12/13/2024,84.6,86.25,83.925,85.6,20109
12/16/2024,85.825,86.6,82.675,83.55,37318
12/17/2024,83.9,84.4,82.75,83.2,20885
12/18/2024,83.2,83.975,83.1,83.7,19900
12/19/2024,84.25,84.625,83.5,83.625,19542
12/20/2024,84.05,86,83.675,85.925,22768
12/23/2024,85.7,86.075,83.35,84.375,32194
12/24/2024,84.25,84.775,83.5,84.375,11836
12/26/2024,84.35,84.7,83.7,84.2,11047
12/27/2024,84.2,84.975,83.625,84.15,15200
12/30/2024,84,84.15,80.9,81.625,45248
12/31/2024,82,82,80,81.3,29050
01/02/2025,80.975,81.825,80,81.15,26422
01/03/2025,80.6,81.5,79.5,80.775,26387
01/06/2025,80.75,81.125,79.325,79.65,32992
01/07/2025,79.625,80.175,78.825,79.175,32213
01/08/2025,79.175,79.8,78.45,79.475,43874
01/09/2025,80.1,82.475,80,81.775,34995
01/10/2025,81.775,83,81.475,82.55,34397
01/13/2025,82.775,83.8,82.425,83.175,32316
01/14/2025,83.175,83.875,82.9,83.625,27270
01/15/2025,83.5,83.65,82.875,83.125,23727
01/16/2025,83,83.225,82.025,82.3,22545
01/17/2025,82.3,82.3,80.85,81.125,19698
01/21/2025,81.775,82.225,80.925,81.2,18366
01/22/2025,81.1,81.7,81,81.475,11717
01/23/2025,81.525,82.5,81.175,82.125,10690
01/24/2025,87.525,88.45,86.75,88.2,17317
01/27/2025,87.85,90.475,87.5,89.875,26549
01/28/2025,89.925,91.175,89.875,90.9,15641
01/29/2025,90.975,92.5,90.4,91.325,26766
01/30/2025,91.3,92.75,90.9,91.925,19100
01/31/2025,90.425,92.05,89.775,90.35,27073
02/03/2025,89.425,89.575,86.35,86.35,47641
02/04/2025,87.525,89.9,86.425,89.75,36895
02/05/2025,90.125,91.825,89.975,91.55,25606
02/06/2025,91.8,92.2,90.575,91.75,18756
02/07/2025,91.95,92.725,91.2,92.15,18724
02/10/2025,92.15,93.05,90.725,91.625,23798
02/11/2025,91.625,93.025,91.6,92.975,21608
02/12/2025,93.4,94.75,93.325,94.325,27086
02/13/2025,93.95,94.475,92.875,93.1,26906
02/14/2025,94.1,94.325,92.325,92.6,19086
02/18/2025,93.35,94.7,93.025,93.2,30888
02/19/2025,92.6,92.7,89.625,89.75,36551
02/20/2025,89.5,90.375,88.4,88.525,32137
02/21/2025,88.525,89.15,87.6,87.675,30306
02/24/2025,88.175,88.325,87.325,87.4,22386
02/25/2025,87.525,87.65,86.375,86.575,29859
02/26/2025,86.725,88.6,86.575,88.3,31132
02/27/2025,87.2,87.275,84.3,84.375,48124
02/28/2025,84.875,85.55,83.6,83.675,33089
03/03/2025,84.3,84.675,82.725,83.7,37157
03/04/2025,82.95,82.975,80.725,82.35,36813
03/05/2025,83.7,85.325,82.875,84.7,36401
03/06/2025,84.2,87.55,83.5,86.65,37013
03/07/2025,86.65,87.5,86.375,87.35,32016
03/10/2025,87.325,88.425,87.1,88.3,39828
03/11/2025,88.05,88.4,86.325,86.55,38499
03/12/2025,86.4,87.4,85.825,86.5,34232
03/13/2025,86.025,86.825,85.15,85.625,38106
03/14/2025,86.2,87.075,85.025,86.625,18669
03/17/2025,87.2,88.6,87.15,88.075,27372
03/18/2025,87.95,88.2,86.325,87.6,21206
03/19/2025,86.825,87.175,85.25,85.575,21005
03/20/2025,85.675,86.475,85.225,85.55,10192
03/21/2025,85.55,86.925,85.375,86.125,10573
03/24/2025,97.525,97.675,94.5,95.8,29891
03/25/2025,96.075,98.55,96.05,96.25,23635
03/26/2025,96.4,97.475,95.2,96.55,18376
03/27/2025,95.875,96.3,94.2,96.175,28735
03/28/2025,98.15,98.225,95.625,95.775,22715
03/31/2025,95.7,96.525,93.7,95.275,25614
04/01/2025,95.325,98.025,94.725,97.025,28467
04/02/2025,96.675,96.75,95.225,96.525,23349
04/03/2025,95.1,97.55,94.975,95.55,25784
04/04/2025,94.225,94.425,91.55,91.55,32468
04/07/2025,90.7,92.65,88.7,90.05,47286
04/08/2025,91.575,92.075,89.425,89.775,31751
04/09/2025,89.25,92.575,88,91.7,34620
04/10/2025,91.125,94.275,91.125,93.175,26497
04/11/2025,92.575,94.05,92.55,93.325,20856
04/14/2025,93.9,95.275,93.8,95.125,20891
04/15/2025,94.725,96.2,94.55,95.175,20682
04/16/2025,95.175,98.125,94.975,97.95,31973
04/17/2025,97.75,98.85,97.275,98.025,24709
04/21/2025,98.4,99.1,97.55,98.05,20320
04/22/2025,98.1,100.675,98.1,100.275,32177
04/23/2025,100.375,101.425,99.575,100.15,22902
04/24/2025,99.05,100,98.6,99.925,17166
04/25/2025,100.175,101.35,99.825,101.15,18436
04/28/2025,100.675,101.975,99.575,101,27752
04/29/2025,101,101.275,99.125,99.45,24663
04/30/2025,98.975,100.225,97.3,98.275,32283
05/01/2025,98,98.9,97.425,98.175,25248
05/02/2025,98.175,99.9,97.65,99.35,25089
05/05/2025,99.35,100.3,98.625,99,22404
05/06/2025,98.3,98.475,97.05,97.575,29014
05/07/2025,97.475,98.15,96.975,97.325,33959
05/08/2025,97.125,97.95,96.675,97.175,33151
05/09/2025,97.075,97.95,96.9,97.575,25470
05/12/2025,99.025,99.875,97.975,98.3,41443
05/13/2025,97.925,100,97.475,99.5,37039
05/14/2025,99.55,99.575,97.925,98.85,21966
05/15/2025,98.5,100.95,97.75,100.7,28283
05/16/2025,100.875,101.6,100.1,100.325,16854
05/19/2025,100.2,100.225,98.775,99.25,17638
05/20/2025,99.625,100.1,98.525,100.025,15757
05/21/2025,99.85,100.6,99.175,99.525,12920
05/22/2025,102.5,103,101.8,102.05,19527
05/23/2025,101.4,102.325,100.75,101.55,15046
05/27/2025,101.8,102.6,100.75,102.15,25401
05/28/2025,102.45,103.725,101.925,103.3,25896
05/29/2025,103.4,103.575,102.675,102.975,16866
05/30/2025,103.125,105.35,102.875,104.925,27401
06/02/2025,104.925,105.6,104.6,104.975,24636
06/03/2025,104.9,106.05,104.325,104.575,31540
06/04/2025,104.625,105.85,104.425,105.025,29716
06/05/2025,105.225,105.5,103.925,104.8,23726
06/06/2025,105.125,107.275,104.975,107.1,30753
06/09/2025,107.1,107.65,106.425,107.2,33864
06/10/2025,107.15,108.425,107,108.2,37366
06/11/2025,108.5,109.625,108.225,108.85,31990
06/12/2025,108.85,109.625,108.575,108.9,23881
06/13/2025,108.825,109.525,107.725,109.475,20626
06/16/2025,110.15,112.05,109.875,111.8,19942
06/17/2025,112.1,112.5,111.3,111.65,15923
06/18/2025,112.25,112.9,111.2,112.175,14432
06/20/2025,112.175,113.025,111.7,112.775,7981
06/23/2025,112.8,113.35,111.75,113.05,22833
06/24/2025,113.125,113.125,110.75,110.95,27801
06/25/2025,110.75,111.775,110.125,111.225,22406
06/26/2025,111.45,111.475,110.15,110.25,22795
06/27/2025,108.95,110.5,108.25,110.275,24917
06/30/2025,109.275,109.475,107.275,107.5,31278
07/01/2025,107.45,108.025,106.45,106.95,32682
07/02/2025,106.6,108.35,106.225,107.9,25795
07/03/2025,107.425,107.675,105.7,106.1,26435
07/07/2025,105.75,107.725,105.5,107.1,34786
07/08/2025,107.6,107.825,106.45,106.775,36673
07/09/2025,106.525,107.775,106.375,107.225,34952
07/10/2025,107.45,108.15,105.85,106.225,41151
07/11/2025,106.8,107.4,104.55,104.675,36726
07/14/2025,104.85,104.875,102.7,103.225,44983
07/15/2025,103.875,104.225,102.75,103.925,26963
07/16/2025,104.55,105.475,104.275,104.425,27287
07/17/2025,105,106.075,104.675,105.825,26529
07/18/2025,106.475,106.6,105.575,106.475,18693
07/21/2025,106.85,107.425,105.875,107.35,16813
07/22/2025,107.775,108.05,107.25,107.75,15042
07/23/2025,107.75,108.575,107,108.475,11894
07/24/2025,90.875,91.975,90.075,91.1,19708
07/25/2025,90.925,91.175,89.45,90.6,22272
07/28/2025,91,91,89.9,90.875,14175
07/29/2025,90.475,90.475,88.325,88.725,22098
07/30/2025,88.55,89.7,88.025,89.2,20774
07/31/2025,89.4,90.225,88.8,89.575,18227
08/01/2025,89.25,90.4,87.925,90.05,22500
08/04/2025,90.325,91.375,90.225,90.9,20057
08/05/2025,90.9,93,90.85,92.8,31613
08/06/2025,92.85,93.275,91.275,91.975,28063
08/07/2025,91.85,92.125,90.325,90.925,28308
08/08/2025,90.925,91.25,90.275,90.675,16027
08/11/2025,90.8,91.975,90.6,91.775,23959
08/12/2025,91.85,92.525,90.925,91.6,23575
08/13/2025,91.175,91.9,89.625,90.775,26205
08/14/2025,90.775,90.775,88.525,89.125,27674
08/15/2025,89.125,90.45,88.825,90.1,18329
08/18/2025,90.3,90.625,89.5,90.125,20671
08/19/2025,90.05,90.4,89.3,90.15,19601
08/20/2025,89.5,90.55,88.6,89.95,24219
08/21/2025,90.05,90.475,89.575,89.925,13721
08/22/2025,90.175,92.025,90,91.2,24644
08/25/2025,91.5,91.975,90.925,91.4,0
08/26/2025,91.5,93.55,91.375,93.425,29580
08/27/2025,93.425,94.825,93.4,93.9,31428
08/28/2025,93.75,94.475,93.625,94.275,19272
08/29/2025,94.425,95.2,93.975,95.025,20889
09/02/2025,95.2,96,94.925,95.55,24863
09/03/2025,95.55,95.7,93.75,93.825,30244
09/04/2025,94.25,95.4,94.05,95.025,29313
09/05/2025,95.025,96.975,94.9,96.025,29037
09/08/2025,96.275,96.375,95.1,95.15,37197
09/09/2025,95.55,96.4,95.375,96.125,36108
09/10/2025,95.85,97.75,95.85,96.825,39297
09/11/2025,97.025,98.45,96.95,98.175,34999
09/12/2025,98.275,98.45,96.725,97.125,25684
09/15/2025,97.75,98.175,97.425,97.525,16803
09/16/2025,97.85,98.9,97.2,97.375,21535
09/17/2025,97.375,97.9,97.2,97.325,17884
09/18/2025,97.325,97.8,97.075,97.475,12103
09/19/2025,97.95,98.2,97.375,97.975,10974
