09/26/1978,642,647,641,645,0
09/27/1978,647.5,653.5,647,652,0
09/28/1978,656,658,651,654,0
09/29/1978,655,656.5,647.5,651,0
10/02/1978,653,663,652.5,661.5,0
10/03/1978,665,666,658.5,663.5,0
10/04/1978,668,673,665.5,671.5,0
10/05/1978,670.5,672.5,667.5,671.5,0
10/06/1978,669,669,660.5,662.5,0
10/09/1978,665,678,662,677.5,0
10/10/1978,679,683,671,671.5,0
10/11/1978,674,674,667.5,670.5,0
10/12/1978,660,691,657.5,687.5,0
10/13/1978,688,695,682,690.5,0
10/16/1978,690,698.5,684.5,696,0
10/17/1978,696,698.5,688,689,0
10/18/1978,687,687,677,677.5,0
10/19/1978,674,692.5,674,676.25,0
10/20/1978,683,687,677.5,680.5,0
10/23/1978,683,687,677,681.5,0
10/24/1978,688,695,688,693.5,0
10/25/1978,702,713,702,707,0
10/26/1978,707,718,703.5,709,0
10/27/1978,709,734,707,728,0
10/30/1978,734,738.5,729,732,0
10/31/1978,721,728,712,718,0
11/01/1978,700,720,699,700.5,0
11/02/1978,704,712.5,702.5,708.75,0
11/03/1978,711,718.5,707.5,716,0
11/06/1978,713,718,700,701,0
11/08/1978,702.5,705,680,681,0
11/09/1978,674,680,665.5,669,0
11/10/1978,673,686,673,685,0
11/13/1978,683,685,671.5,682,0
11/14/1978,678,682.5,672.5,677,0
11/15/1978,671,672.5,650.5,652.5,0
11/16/1978,653,665,649,661,0
11/17/1978,661,670,660,668,0
11/20/1978,668,671,662,665,0
11/21/1978,667,675,666,674.5,0
11/22/1978,677,683.5,675,682.5,0
11/24/1978,687,693,684,686.25,0
11/27/1978,683,683,672,673.25,0
11/28/1978,674,677.5,663,664,0
11/29/1978,664,673,663,672,0
11/30/1978,676,681.5,674.5,678,0
12/01/1978,679,681,675,676,0
12/04/1978,675,677.5,660.5,663.75,0
12/05/1978,664,670,661.5,669.5,0
12/06/1978,670.5,680,669,678.75,0
12/07/1978,681,689,679.5,687,0
12/08/1978,682,686,676.5,682.75,0
12/11/1978,683,686.5,673,673.75,0
12/12/1978,674,682,671,680.5,0
12/13/1978,681,688,678,679.25,0
12/14/1978,680,686,677.5,685.25,0
12/15/1978,686,691.5,686,689.5,0
12/18/1978,695,705.5,695,702.5,0
12/19/1978,716,718,708.5,716.75,0
12/20/1978,711,720,710,710.75,0
12/21/1978,711,714,705.25,710.25,0
12/22/1978,711.5,712,706,707.25,0
12/26/1978,705,705,695,697.5,0
12/27/1978,699,702.5,696.5,698.75,0
12/28/1978,698,702,692,692.5,0
12/29/1978,695,697.5,689,690.5,0
01/02/1979,693,694,687.5,688.25,0
01/03/1979,684,684,676,681,0
01/04/1979,681,685.5,681,682.5,0
01/05/1979,684,687.5,680.5,686.75,0
01/08/1979,690,696,689,694.5,0
01/09/1979,694,698.5,690.5,693.75,0
01/10/1979,693,695.5,689,689.25,0
01/11/1979,685,693,685,692.5,0
01/12/1979,692,701,692,700.75,0
01/15/1979,704,712,704,711,0
01/16/1979,710,711.5,702.5,705.75,0
01/17/1979,700,704,695.25,703.25,0
01/18/1979,705,707,698,700.5,0
01/19/1979,701,710,697.5,707.5,0
01/22/1979,714,719.5,709.5,710,0
01/23/1979,709.5,716,705.5,714,0
01/24/1979,716,723,703,704,0
01/25/1979,704,711.5,704,708.5,0
01/26/1979,708,708,694.5,695.25,0
01/29/1979,692,695,687,694.5,0
01/30/1979,697,709,696.5,708,0
01/31/1979,711,715.5,703,706,0
02/01/1979,707,710,701,709.5,0
02/02/1979,708.5,720,708.5,719.5,0
02/05/1979,727,735,724,724.75,0
02/06/1979,727,734.5,723,726.5,0
02/07/1979,736,743,732,742.5,0
02/08/1979,738,744,726,732.5,0
02/09/1979,737,758.5,736,755,0
02/12/1979,749,752,740,741.5,0
02/13/1979,730,733,723.5,730,0
02/14/1979,734,758,734,757,0
02/15/1979,762,765.5,747,749,0
02/16/1979,767,775,765,766,0
02/20/1979,766,789,758,788.5,0
02/21/1979,788,792,776,779.75,0
02/22/1979,788,797,780,781,0
02/23/1979,778,792,775,788,0
02/26/1979,778,778,760,761.5,0
02/27/1979,764,773,760,771,0
02/28/1979,773,780,763.5,766,0
03/01/1979,765,774,762.5,770.25,0
03/02/1979,768,771.5,751,757,0
03/05/1979,752,769,749,766.25,0
03/06/1979,771,779.5,770,773,0
03/07/1979,777,777.5,768,772,0
03/08/1979,774,774,755,757.5,0
03/09/1979,761,761,751.5,754,0
03/12/1979,750,752,738.5,747.25,0
03/13/1979,748,754.5,740,742.25,0
03/14/1979,742,750,738,748,0
03/15/1979,750,758,749,754.5,0
03/16/1979,756,762.5,755,756,0
03/19/1979,755,761,752,760.5,0
03/20/1979,765,771,764,768,0
03/21/1979,768,777,765,774.25,0
03/22/1979,776,780,771,772.25,0
03/23/1979,774,778,771,774,0
03/26/1979,780,785,778.5,782.75,0
03/27/1979,779,779,771.5,776,0
03/28/1979,778,784,778,782.25,0
03/29/1979,778,783.5,772.5,773.25,0
03/30/1979,770,772.5,766,771.25,0
04/02/1979,770,775.5,762.5,763,0
04/03/1979,761,762,746,748.5,0
04/04/1979,748,756.5,748,755,0
04/05/1979,754,759.5,749,751,0
04/06/1979,753,769,752.5,767.5,0
04/09/1979,768,770.5,756,761.5,0
04/10/1979,755,755,743.5,745.5,0
04/11/1979,745,751,741.5,750.5,0
04/12/1979,751,751,733,733.5,0
04/16/1979,730,731,723.5,725.75,0
04/17/1979,732,739,731.5,738.5,0
04/18/1979,741,743,726,727,0
04/19/1979,737,748,735,746.5,0
04/20/1979,745,748.5,741,741.75,0
04/23/1979,740.5,744,738.25,740.75,0
04/24/1979,746,752,739,751.5,0
04/25/1979,749.5,756,748,752.5,0
04/26/1979,751,753,748,748.75,0
04/27/1979,751,757,744,744.5,0
04/30/1979,742,745,732,735,0
05/01/1979,733,739,732.5,734.5,0
05/02/1979,736,753,736,746,0
05/03/1979,748,750,742.5,749.5,0
05/04/1979,753,755.5,750,751.5,0
05/07/1979,749,751,736,736.5,0
05/08/1979,732,736,721.25,727,0
05/09/1979,730.5,736,727.5,732.5,0
05/10/1979,735.5,740.5,732,738.5,0
05/11/1979,743,743,727,729,0
05/14/1979,726,727.5,721,727,0
05/15/1979,729,732,723.5,728.75,0
05/16/1979,729,731,725,729.75,0
05/17/1979,728,740.5,726,739.75,0
05/18/1979,739,741,732,733,0
05/21/1979,734,741,732.5,740,0
05/22/1979,742,744,737.25,742,0
05/23/1979,741,747.5,736,743,0
05/24/1979,744,745,735,735.5,0
05/25/1979,737,739,733.5,734.75,0
05/29/1979,737.5,740,728.5,738.75,0
05/30/1979,736.5,741,734.5,736,0
05/31/1979,736.5,742,735,739,0
06/01/1979,738,739,732,734.25,0
06/04/1979,734.5,740,733.5,738,0
06/05/1979,737,740.5,734,734.75,0
06/06/1979,734,750,731.5,748.5,0
06/07/1979,745,758,745,750,0
06/08/1979,752,760,747.5,757.5,0
06/11/1979,762,782,758,766.75,0
06/12/1979,765,768.5,758,760,0
06/13/1979,760,774,760,768.25,0
06/14/1979,780,789.5,780,781.5,0
06/15/1979,783,801,776,800,0
06/18/1979,792,798,786,788,0
06/19/1979,788,802,780,784,0
06/20/1979,798.5,822,796,820,0
06/21/1979,830,840,826,829.5,0
06/22/1979,859.5,859.5,846,859.5,0
06/25/1979,853,853,835,841,0
06/26/1979,838,848,825,837.5,0
06/27/1979,839,842,807.5,807.5,0
06/28/1979,803,809,777.5,777.5,0
06/29/1979,751,765,747.5,747.5,0
07/02/1979,751,762.5,747,756,0
07/03/1979,760,763,753,762,0
07/05/1979,765,797,763,790,0
07/06/1979,783,793,778.5,787.5,0
07/09/1979,788,805,788,796,0
07/10/1979,801,801,772,772.5,0
07/11/1979,774,790,768,787.5,0
07/12/1979,780,781.5,757.5,758.75,0
07/13/1979,760,772,754.5,770.5,0
07/16/1979,771,779,758,764.5,0
07/17/1979,770,780,764,776.75,0
07/18/1979,783,789,781,783,0
07/19/1979,781,781,765,774,0
07/20/1979,771,783.5,771,782.5,0
07/23/1979,785,786,752.5,754.5,0
07/24/1979,753.5,759.5,739,758.25,0
07/25/1979,749,750.5,742,744,0
07/26/1979,743,752,736,747,0
07/27/1979,752,755,725,729.5,0
07/30/1979,721,724,705.5,711,0
07/31/1979,715,721,711.5,715.5,0
08/01/1979,720,725.5,717,720.75,0
08/02/1979,724,724,712.5,720,0
08/03/1979,715,717.5,710.5,717.25,0
08/06/1979,710,710,697,699.5,0
08/07/1979,700,705.75,698.5,699,0
08/08/1979,695,708.5,694,706.75,0
08/09/1979,708,711,705.5,706.5,0
08/10/1979,708,714.5,707,711.25,0
08/13/1979,690,698,689,697.5,0
08/14/1979,698,724,698,717.5,0
08/15/1979,715,720.5,709.5,709.75,0
08/16/1979,708,725,706,724,0
08/17/1979,718.5,727.5,717,719,0
08/20/1979,716,720,713,716.5,0
08/21/1979,719.5,734.5,718,733.25,0
08/22/1979,732,732,717.5,719,0
08/23/1979,718,726.5,714.5,722.5,0
08/24/1979,721,731,721,728.5,0
08/27/1979,725,729.5,716,718,0
08/28/1979,715.5,725,710,722,0
08/29/1979,719,734.5,717,730.75,0
08/30/1979,735.75,737,724,724.75,0
08/31/1979,721,726,719.5,721.75,0
09/04/1979,723,723,693.5,696,0
09/05/1979,695,709,691.5,708,0
09/06/1979,705,705,696,698.5,0
09/07/1979,694,702,693.5,697.5,0
09/10/1979,693,709,690.5,707.25,0
09/11/1979,703,708,700.5,701.5,0
09/12/1979,699,710,699,705.5,0
09/13/1979,712,735.5,710.5,734.75,0
09/14/1979,727,737,717,718,0
09/17/1979,714,739,713,723,0
09/18/1979,734,748,719,720,0
09/19/1979,719,727,712,718.75,0
09/20/1979,725,739,723,726.25,0
09/21/1979,720,728,718,724,0
09/24/1979,724,726.5,718.5,720,0
09/25/1979,719.5,719.5,704,704.75,0
09/26/1979,703,712,702.5,706.75,0
09/27/1979,720,730,719.5,727.75,0
09/28/1979,723,727,711,712.25,0
10/01/1979,717,737,717,722.5,0
10/02/1979,731,731,706,717,0
10/03/1979,716,722,708.5,716,0
10/04/1979,716,723,712,713,0
10/05/1979,714,716,708.5,710.5,0
10/08/1979,704,704,698,699.5,0
10/09/1979,706,707,688,689,0
10/10/1979,692,695,682,690,0
10/11/1979,689,689.5,682.5,683,0
10/12/1979,682,684,676,676.5,0
10/15/1979,670,675.5,657,657.5,0
10/16/1979,657,662,651,659.25,0
10/17/1979,663,665,658.5,663,0
10/18/1979,663,666,658.75,660.5,0
10/19/1979,660,668,655,656,0
10/22/1979,674,676.5,669,673.75,0
10/23/1979,677,677,666.5,666.75,0
10/24/1979,664,668,658.75,667.25,0
10/25/1979,669,671.5,664.5,667.25,0
10/26/1979,666,666.5,654,655.5,0
10/29/1979,650,666,650,660.25,0
10/30/1979,661,665,659.5,661.5,0
10/31/1979,664.5,673,664.5,667.75,0
11/01/1979,667,667,658.5,661.5,0
11/02/1979,661,671,660,665.75,0
11/05/1979,668,674.5,666,666.5,0
11/06/1979,670,672,664.5,665.5,0
11/07/1979,665,668,662.5,667,0
11/08/1979,669,671,667,669.5,0
11/09/1979,669.5,671.75,668.5,670.75,0
11/12/1979,672.5,686,672,685.75,0
11/13/1979,684,689.5,680.5,683,0
11/14/1979,686,692,686,690.5,0
11/15/1979,689,694,685.5,693.5,0
11/16/1979,695,695,688,691.5,0
11/19/1979,689.5,689.5,683,683.5,0
11/20/1979,683,696,681,688.5,0
11/21/1979,693,697,685,689.5,0
11/23/1979,691.5,692,686.5,688.75,0
11/26/1979,689,689,668.5,668.75,0
11/27/1979,670,676.5,668,671.5,0
11/28/1979,676,678,664,667.5,0
11/29/1979,666,674,662.5,673.5,0
11/30/1979,677,682.5,674,681.75,0
12/03/1979,686,686,675,678.75,0
12/04/1979,674,677.5,667.5,675.75,0
12/05/1979,673,677,667,669.5,0
12/06/1979,667,667.5,658,659,0
12/07/1979,657,662,656.5,659.5,0
12/10/1979,657,661.5,655,661,0
12/11/1979,663,671,663,670.5,0
12/12/1979,667,669,664,665.5,0
12/13/1979,667,672.5,664,665,0
12/14/1979,662,672,660,668.5,0
12/17/1979,664,666,658.5,659.25,0
12/18/1979,680,688,680,684.25,0
12/19/1979,684,691,684,689.5,0
12/20/1979,686,693,684.5,690,0
12/21/1979,691.5,693,688.5,690.75,0
12/26/1979,693,694,686,687.75,0
12/27/1979,688,693.5,676,676.5,0
12/28/1979,674,680,673,675,0
12/31/1979,675,679,664,664.75,0
01/02/1980,664,668.5,660,663.5,0
01/03/1980,663,671.75,663,670,0
01/04/1980,668,669.5,662.5,665.5,0
01/09/1980,636,636.5,635.5,635.5,0
01/10/1980,632,653,628,651.75,0
01/11/1980,650,659,646.5,658.5,0
01/14/1980,654,658.5,648.5,658,0
01/15/1980,659,660.5,654.5,656.25,0
01/16/1980,651,663.5,649,655,0
01/17/1980,654.5,682,654,677,0
01/18/1980,674,681,669.5,670.5,0
01/21/1980,672,677.5,662,662.5,0
01/22/1980,661,664,655.5,658.5,0
01/23/1980,661,673,661,672.25,0
01/24/1980,670,670.5,662,663.5,0
01/25/1980,663,667.5,659,660.5,0
01/28/1980,661.5,666.5,657,661.5,0
01/29/1980,664.5,668,660.5,661,0
01/30/1980,663.5,669.5,663.5,666.75,0
01/31/1980,668,674,661.75,673,0
02/01/1980,676,676,668,668.5,0
02/04/1980,671,685,671,681.25,0
02/05/1980,679,680,674.5,675,0
02/06/1980,678,688,672,673.5,0
02/07/1980,674.5,680,671.5,679,0
02/08/1980,679,681,674.5,675,0
02/11/1980,675,678,672.25,675,0
02/12/1980,673.5,673.5,665,667.5,0
02/13/1980,668.5,669.5,666,668.25,0
02/14/1980,668,671,659,659.75,0
02/15/1980,659,661,654,654.25,0
02/19/1980,652,652,638,638.5,0
02/20/1980,662,669,662,667.5,0
02/21/1980,669,672.5,666,668.5,0
02/22/1980,666,666,658.25,665.25,0
02/25/1980,665.25,670.5,664.5,665.75,0
02/26/1980,665.5,668.75,659.5,660.25,0
02/27/1980,660,668.5,658.5,667.75,0
02/28/1980,665,668.5,661,661.25,0
02/29/1980,659.5,665,656.5,658,0
03/03/1980,656,662,654,660.5,0
03/04/1980,663,669.5,663,666.5,0
03/05/1980,666,668.5,663,664.5,0
03/06/1980,664,668.5,654,654.5,0
03/07/1980,654.5,656,648,648.5,0
03/10/1980,643,646.5,637.5,643.5,0
03/11/1980,644,647,638.5,639.25,0
03/12/1980,643.5,645,639,644.5,0
03/13/1980,643,643,633,634.5,0
03/14/1980,633,639,632,638.5,0
03/17/1980,634,634,627.5,633,0
03/18/1980,636,637.5,630.75,633.5,0
03/19/1980,636,639.5,635.5,636.5,0
03/20/1980,637,639.5,629,629.5,0
03/21/1980,627.5,628,623.5,624,0
03/24/1980,622.5,625.5,616,617.75,0
03/25/1980,617,620.5,613,613.5,0
03/26/1980,613,613.5,606.5,607.5,0
03/27/1980,603,603,586,596.75,0
03/28/1980,597,600,592.5,595,0
03/31/1980,594,597,582.5,583,0
04/01/1980,581,582.5,572,579.5,0
04/02/1980,577,585,569.5,583.75,0
04/03/1980,584,591,581.5,585.5,0
04/07/1980,587,593.5,583.5,585.5,0
04/08/1980,588,592,585.5,589.5,0
04/09/1980,594,602,592.5,599.75,0
04/10/1980,599,599,592,594.5,0
04/11/1980,592,598.5,591,594.75,0
04/14/1980,595,597.5,587.5,590.5,0
04/15/1980,588,596.5,586,595.75,0
04/16/1980,598,607,598,603.25,0
04/17/1980,600,602,596,596.25,0
04/18/1980,591,593.5,589,591.75,0
04/21/1980,615,628,611,623.5,0
04/22/1980,619,629,619,624.5,0
04/23/1980,625,628,617,617,0
04/24/1980,620,623,619,621.5,0
04/25/1980,627,634.5,627,631,0
04/28/1980,625,625,619.5,620,0
04/29/1980,619,621.5,611,613.25,0
04/30/1980,612,616,608.5,615.5,0
05/01/1980,612,618,608,609.5,0
05/02/1980,610.5,616,609,615.5,0
05/05/1980,622,634,621,631,0
05/06/1980,630,632.5,624,625.5,0
05/07/1980,626,629.5,622,625.75,0
05/08/1980,628,639.5,627,632,0
05/09/1980,631,637,627.5,632.5,0
05/12/1980,624,627,615,615.5,0
05/13/1980,618,623.75,617,622.25,0
05/14/1980,623,627,621,621.25,0
05/15/1980,619.5,627.5,617.25,625.5,0
05/16/1980,623,624.5,617,618.25,0
05/19/1980,617,622,614.5,621,0
05/20/1980,621,626,620,624.75,0
05/21/1980,625,629.5,622,625.5,0
05/22/1980,626,632,626,630.25,0
05/23/1980,628,633,626.75,632,0
05/27/1980,632,636,629.5,634.25,0
05/28/1980,634.5,637.5,629.5,631,0
05/29/1980,628,628,623,624,0
05/30/1980,624.5,625.75,622.5,623.75,0
06/02/1980,624,625,615,615.25,0
06/03/1980,615.5,619,610,618.5,0
06/04/1980,617,619.5,615.5,617.5,0
06/05/1980,617,621.5,615,616.5,0
06/06/1980,616,618,614.5,615.5,0
06/09/1980,617,625,617,622.25,0
06/10/1980,623,625.5,619.5,621.75,0
06/11/1980,623,628.75,622.5,625.25,0
06/12/1980,625,625.25,621.25,622.75,0
06/13/1980,621.5,626,621,625.5,0
06/16/1980,626,635,626,634.5,0
06/17/1980,633,643,631,631.5,0
06/18/1980,634,637,632,634,0
06/19/1980,643,647,638,638.25,0
06/20/1980,643,644,637.25,642.25,0
06/23/1980,647.5,654.5,647,653.5,0
06/24/1980,657,657,650.5,655.5,0
06/25/1980,658,663,655.25,662.75,0
06/26/1980,664,665,658.5,660.5,0
06/27/1980,662,669,659,667.25,0
06/30/1980,667,680,664.25,679.5,0
07/01/1980,677,686.5,676,681.5,0
07/02/1980,687,711.5,687,711.25,0
07/03/1980,707,718,702,716,0
07/07/1980,730,746,723,724,0
07/08/1980,726,736,714.5,734.5,0
07/09/1980,726,730,709,712.5,0
07/10/1980,722,736.5,722,725.5,0
07/11/1980,745,754,742,751,0
07/14/1980,781,781,781,781,0
07/15/1980,792,808,766,776,0
07/16/1980,782,799,771,794,0
07/17/1980,807,819.5,791,809.5,0
07/18/1980,797,802,786,791,0
07/21/1980,773,773,761,761,0
07/22/1980,755,774,750,751,0
07/23/1980,765,772.5,758,771.25,0
07/24/1980,796,796,742,745,0
07/25/1980,746,749.5,728,728.5,0
07/28/1980,728,751.5,726,751.25,0
07/29/1980,758,763,747.5,762.25,0
07/30/1980,762,767.5,751,753.75,0
07/31/1980,775,783.75,766.5,783.75,0
08/01/1980,789,805,778,804.5,0
08/04/1980,774.5,778,774.5,774.5,0
08/05/1980,769,782,761,781,0
08/06/1980,780,789.5,777,777.5,0
08/07/1980,782,784.75,767,767.5,0
08/08/1980,774,778,765,774.5,0
08/11/1980,769,769,753.5,756,0
08/12/1980,767,786,763.5,773,0
08/13/1980,768,775.5,765,769.25,0
08/14/1980,763,774.5,751.5,752.25,0
08/15/1980,750,750,732.5,732.75,0
08/18/1980,731,745,729,743.5,0
08/19/1980,742,747.5,739,743.75,0
08/20/1980,765,768,754,756.5,0
08/21/1980,762,775,755.5,774,0
08/22/1980,771,776,763,766,0
08/25/1980,768.5,786,767.5,785.5,0
08/26/1980,789,795,782,789,0
08/27/1980,789,793,782,786.5,0
08/28/1980,787,791,782.5,790,0
08/29/1980,797,818,797,817,0
09/02/1980,821,832,812,830.5,0
09/03/1980,829,836,820.5,831,0
09/04/1980,831,831.5,815,821.5,0
09/05/1980,819,835,819,831.75,0
09/08/1980,842,853.5,842,848.25,0
09/09/1980,847,855,836,844.5,0
09/10/1980,843,847.5,840,843.5,0
09/11/1980,841,849,841,847.75,0
09/12/1980,850,867,825,828.5,0
09/15/1980,835,837,825,827,0
09/16/1980,830,849,821,847.5,0
09/17/1980,850,859,843,850,0
09/18/1980,849,856,845,854,0
09/19/1980,859,878,858,871.5,0
09/22/1980,878,880,862,863.5,0
09/23/1980,863,870,855,868,0
09/24/1980,866,868.5,850,851,0
09/25/1980,848,850,832,833.5,0
09/26/1980,832,833,805,806,0
09/29/1980,798,818,784,799.5,0
09/30/1980,808,814.5,803,811,0
10/01/1980,816,816.5,805.5,811.5,0
10/02/1980,806,806,790,791.25,0
10/03/1980,788,807,786.25,804.5,0
10/06/1980,808,827,808,826,0
10/07/1980,826,826.5,816.5,820.5,0
10/08/1980,828,832.5,820,821,0
10/09/1980,825,826,817,821.25,0
10/10/1980,824,830,822,824.75,0
10/13/1980,854.75,854.75,854.75,854.75,0
10/14/1980,863,869,855,861,0
10/15/1980,862,866,852,860,0
10/16/1980,854,856,848,848.5,0
10/17/1980,840,860,840,859,0
10/20/1980,864,870,853,856,0
10/21/1980,851.5,874,848,872,0
10/22/1980,917,927,911,922.5,0
10/23/1980,921,927.5,915,917,0
10/24/1980,930,940,925,932,0
10/27/1980,927,927,910,912,0
10/28/1980,915,942,910.5,942,0
10/29/1980,943,948,930,933,0
10/30/1980,933,951,916,919,0
10/31/1980,928,930,913,923,0
11/03/1980,925,945,921.5,944,0
11/05/1980,945,958,938,954.5,0
11/06/1980,948,948,924.5,924.5,0
11/07/1980,919,922.5,904,914.5,0
11/10/1980,916,918.5,906,911,0
11/11/1980,910,917,885,887,0
11/12/1980,891,916,890.5,909.5,0
11/13/1980,909,915.5,899,908,0
11/14/1980,904,928,900,926.5,0
11/17/1980,923,932.5,918,924.25,0
11/18/1980,932,945,929.5,938.5,0
11/19/1980,941,941,929,933,0
11/20/1980,933,956,930,951,0
11/21/1980,945,951.5,942,947,0
11/24/1980,943,943,917,917,0
11/25/1980,911,917,903,914,0
11/26/1980,919,923,908,922.5,0
11/28/1980,924,938,922,933,0
12/01/1980,936,938,903,903,0
12/02/1980,897,897,873,886,0
12/03/1980,885,888,859,860.5,0
12/04/1980,863,871.5,853,860.25,0
12/05/1980,859,861,832,844.5,0
12/08/1980,839.5,853,821,822,0
12/09/1980,812,817,792,792,0
12/10/1980,782,785,762,762,0
12/11/1980,745,752,732,732,0
12/12/1980,702,756,702,736,0
12/15/1980,760,766,749,766,0
12/16/1980,756,777.5,742,767.5,0
12/17/1980,769,781.5,761,775.5,0
12/18/1980,812,812,799,806,0
12/19/1980,807,819,805,817.5,0
12/22/1980,818,828.5,816.5,824,0
12/23/1980,828,834.5,827,830.5,0
12/24/1980,826,826.5,816,820,0
12/29/1980,814,814,801,803,0
12/30/1980,798,804.5,785,791.25,0
12/31/1980,789,821.25,785,818.5,0
01/02/1981,818,841.5,813,840.5,0
01/05/1981,847,855,833,834,0
01/06/1981,830,845,825.5,842.75,0
01/07/1981,838,840,822.5,834,0
01/08/1981,830,834,820,821.75,0
01/09/1981,820,827,811,816.5,0
01/12/1981,815,835.5,815,833,0
01/13/1981,827,834,820.5,823,0
01/14/1981,820,834,820,823,0
01/15/1981,793,803,793,793,0
01/16/1981,797,800.5,786,787.5,0
01/19/1981,785,794.5,777,778,0
01/20/1981,773,787.5,773,785.5,0
01/21/1981,786,788.5,773,774,0
01/22/1981,770,772,745,746,0
01/23/1981,746,752,723,724,0
01/26/1981,719,737,709,732,0
01/27/1981,737,745.5,733,742,0
01/28/1981,737,744.5,734,737.5,0
01/29/1981,731,731,708.5,715,0
01/30/1981,711,728,711,725.5,0
02/02/1981,726,737.5,726,733.5,0
02/03/1981,745,763,745,762.5,0
02/04/1981,761,767.5,748,752.75,0
02/05/1981,748,756,740.5,754.5,0
02/06/1981,751,767.5,747.5,767.5,0
02/09/1981,750,755,737.5,737.75,0
02/10/1981,735,751,733,746.5,0
02/11/1981,747,752.5,745.5,751,0
02/12/1981,746,746,729,740.25,0
02/13/1981,732,754,732,747.75,0
02/17/1981,753,769.5,746,761.5,0
02/18/1981,781,785,770,775.5,0
02/19/1981,781,792,779,786,0
02/20/1981,795,798.5,785.5,790.5,0
02/23/1981,782,782,773.5,779.25,0
02/24/1981,782,790,779,780.5,0
02/25/1981,777,778,771.5,773.75,0
02/26/1981,769,769,761,763.75,0
02/27/1981,765,771.5,760,761,0
03/02/1981,750,750,731,731.75,0
03/03/1981,737,744,733,741.75,0
03/04/1981,736,739.5,719.5,729,0
03/05/1981,733,739,726,726.5,0
03/06/1981,729,737.5,728,733,0
03/09/1981,740,752,740,747.25,0
03/10/1981,751.5,754,735,735.5,0
03/11/1981,728,736,721,735,0
03/12/1981,732,752,732,751,0
03/13/1981,755,759,747.5,751.5,0
03/16/1981,751,760,744,751,0
03/17/1981,751,767.5,746.5,766,0
03/18/1981,764,772,762,770.5,0
03/19/1981,769,773,766,771,0
03/20/1981,760,764,751.5,761.5,0
03/23/1981,757,788.5,757,781.5,0
03/24/1981,778,785,776,780,0
03/25/1981,772,778,765.5,776,0
03/26/1981,770,782,760.5,761.5,0
03/27/1981,762,767,753.5,766.25,0
03/30/1981,757,772.5,752,771,0
03/31/1981,773,785,768,783.5,0
04/01/1981,780,787.5,774,774,0
04/02/1981,777,797,774.5,795.5,0
04/03/1981,780,786.5,774,778,0
04/06/1981,776,797.5,774.5,782,0
04/07/1981,788,809,788,808,0
04/08/1981,798,809.5,798,803.5,0
04/09/1981,804,812.5,797.5,810.5,0
04/10/1981,803,803,787,787.5,0
04/13/1981,767,770,757.5,769.5,0
04/14/1981,771,775,767.5,768.5,0
04/15/1981,769,773.5,766.5,772.5,0
04/16/1981,777,781.5,773,780,0
04/20/1981,784,793,781.5,789.5,0
04/21/1981,811,818.5,810,811.25,0
04/22/1981,809,817,804,804.75,0
04/23/1981,809,821,807,810.25,0
04/24/1981,804,820,801,815.25,0
04/27/1981,817,823,813,813.5,0
04/28/1981,809,810,798,799,0
04/29/1981,798,802,792.5,794,0
04/30/1981,797,805,794,801.25,0
05/01/1981,805,809,800,801,0
05/04/1981,794,794,777.5,782.75,0
05/05/1981,780,784,775,780.5,0
05/06/1981,785,790,784.5,787.5,0
05/07/1981,789,792.5,785.25,787.25,0
05/08/1981,786.5,789,784.75,787.5,0
05/11/1981,787,787,770,770.5,0
05/12/1981,765,766.75,753.5,760.25,0
05/13/1981,766,766,756,760.75,0
05/14/1981,761.5,768,758.5,766.5,0
05/15/1981,768,770,759,759.75,0
05/18/1981,764,769,759.5,767.75,0
05/19/1981,767,768,753,765.5,0
05/20/1981,765,775.5,759.5,774.75,0
05/21/1981,770,770.5,755.5,756.25,0
05/22/1981,760,764,754,754.5,0
05/26/1981,749,757,745,755.25,0
05/27/1981,754,763,753,762.5,0
05/28/1981,769,771,763,764.75,0
05/29/1981,763,768,760.5,764.75,0
06/01/1981,768,768,752.5,753,0
06/02/1981,753,756.5,744,748,0
06/03/1981,750,751,728.5,732.25,0
06/04/1981,728,734.5,722.5,730.25,0
06/05/1981,729,735.5,727,728.25,0
06/08/1981,732,738,725,725.75,0
06/09/1981,723.5,731,722.5,729.5,0
06/10/1981,732,738.5,732,737.75,0
06/11/1981,734,735,723,724.5,0
06/12/1981,722,744,718,741,0
06/15/1981,738.5,749.5,738.5,740.75,0
06/16/1981,737,739.5,734.5,735.5,0
06/17/1981,731,733,724,725,0
06/18/1981,721,724,716,720.5,0
06/19/1981,728.5,733,726.5,729.5,0
06/22/1981,730.5,733.5,723,723.75,0
06/23/1981,725.5,727.5,720,721.25,0
06/24/1981,721,725.5,717.5,718.75,0
06/25/1981,718,718.75,701,701.25,0
06/26/1981,701,703,694,695,0
06/29/1981,691,693,685,691,0
06/30/1981,695.5,706,692.5,698,0
07/01/1981,697,712.5,697,712.25,0
07/02/1981,714,715,705.5,712,0
07/06/1981,708,739,701.5,737,0
07/07/1981,733,745.5,730,732,0
07/08/1981,738,751,734.5,744.75,0
07/09/1981,740,748,736.5,740.5,0
07/10/1981,743,759,743,757.5,0
07/13/1981,759,767,755,763.25,0
07/14/1981,756,757,741.5,742,0
07/15/1981,737,739,732.75,736,0
07/16/1981,739,748,737,745.5,0
07/17/1981,745.5,749.5,740,740.5,0
07/20/1981,728,729,714,719.5,0
07/21/1981,720,722,711,720.75,0
07/22/1981,736.5,740,732,739,0
07/23/1981,734,743.5,732.5,735.75,0
07/24/1981,738,745.5,738,744,0
07/27/1981,741,745.5,735,735,0
07/28/1981,733,750.5,731.5,746.5,0
07/29/1981,746,746,736,736.25,0
07/30/1981,738,746.5,729,729.5,0
07/31/1981,733,743,731.5,739.25,0
08/03/1981,730,730,720.5,720.75,0
08/04/1981,720,723.5,717.5,718.5,0
08/05/1981,719,727,715,715.25,0
08/06/1981,717,723,717,721,0
08/07/1981,731,732,718,719,0
08/10/1981,707,710,702.5,705.5,0
08/11/1981,710,711.5,706,707.25,0
08/12/1981,711,713,707.5,708.5,0
08/13/1981,684,688.5,684,685.5,0
08/14/1981,690,696,684.25,690.5,0
08/17/1981,697,698.5,689,690,0
08/18/1981,696,697,685.5,686.25,0
08/19/1981,686,696.5,681.5,694.5,0
08/20/1981,713,713,700.5,702,0
08/21/1981,697,701,686,688.5,0
08/24/1981,683,683,671,673.5,0
08/25/1981,673,678,668.5,672.75,0
08/26/1981,678,680,675,676.25,0
08/27/1981,676,677,666.5,669.5,0
08/28/1981,674,682,670,671,0
08/31/1981,675,679,662,671.5,0
09/01/1981,672,679,668.5,672.25,0
09/02/1981,675,682,671.5,674.75,0
09/03/1981,676,686,675,685.75,0
09/04/1981,687,687,676.5,677.25,0
09/08/1981,671,674,662,666.5,0
09/09/1981,664,668.5,658.5,667.5,0
09/10/1981,670,673,664,664.5,0
09/11/1981,664,664,659.5,661.5,0
09/14/1981,656,674,653.5,671,0
09/15/1981,672,679,667,678,0
09/16/1981,675,681.75,672.5,673.5,0
09/17/1981,673,676.5,667,672,0
09/18/1981,669,670,663,663.75,0
09/21/1981,663,667.5,659,660.75,0
09/22/1981,661,664.5,657,660.75,0
09/23/1981,661,662.5,655,655.5,0
09/24/1981,653,657,648,654.5,0
09/25/1981,654.5,655.5,644.75,646.5,0
09/28/1981,639,649,636.5,643.5,0
09/29/1981,645,650,645,646.5,0
09/30/1981,645,652,644,648,0
10/01/1981,649.5,652,644,645.5,0
10/02/1981,647,651.75,646,649.5,0
10/05/1981,656.5,671,655.5,664.75,0
10/06/1981,667,670.5,661,668.25,0
10/07/1981,669,672,665,667.5,0
10/08/1981,665,666,661.5,662,0
10/09/1981,664,666,661,664.5,0
10/12/1981,659,675,659,668.5,0
10/13/1981,669.5,676,666.5,674.75,0
10/14/1981,674,676,670.5,671.75,0
10/15/1981,673,673,663,663.75,0
10/16/1981,660.5,662.5,655.5,656,0
10/19/1981,654,659.5,652,656.25,0
10/20/1981,655.5,657.5,649.5,650,0
10/21/1981,665,677,663,672,0
10/22/1981,673,674,667.5,667.75,0
10/23/1981,666.5,673.5,666.5,669.25,0
10/26/1981,666,666.5,661,662.25,0
10/27/1981,666,667,661,661.5,0
10/28/1981,662,666.25,661.5,663.25,0
10/29/1981,667,671,665.5,668.25,0
10/30/1981,668.5,674,667.75,671.5,0
11/02/1981,672,679,672,677,0
11/03/1981,677,678,674.5,675.25,0
11/04/1981,678,678,673.5,673.75,0
11/05/1981,673.5,676.75,672,674.25,0
11/06/1981,673.5,676.5,668,669,0
11/09/1981,670,673.5,667,667.25,0
11/10/1981,665,665,651.5,652.25,0
11/11/1981,652.5,656.25,650,655.25,0
11/12/1981,656,659.25,655.5,656.75,0
11/13/1981,659,660,650.5,650.75,0
11/16/1981,646,649.5,641.5,645.75,0
11/17/1981,648,649,642.25,642.75,0
11/18/1981,643.5,649,641,642.5,0
11/19/1981,644,649,641.5,648.5,0
11/20/1981,653,655,650.5,651,0
11/23/1981,649.5,649.5,636.5,640.5,0
11/24/1981,642.5,643,636.5,637,0
11/25/1981,642.5,644.5,639,640.5,0
11/27/1981,642.5,645,640.25,643.25,0
11/30/1981,645.5,648,642.5,646.5,0
12/01/1981,645.5,659,641.5,655.5,0
12/02/1981,653.5,658.5,652,653,0
12/03/1981,653,657,651,656.25,0
12/04/1981,662,666,661.5,665.5,0
12/07/1981,663.5,663.5,648,651,0
12/08/1981,649.5,652.5,629,630.5,0
12/09/1981,637,638.5,627,635.5,0
12/10/1981,634,636.5,625,629,0
12/11/1981,632,645,632,639.75,0
12/14/1981,634,639,627,631.25,0
12/15/1981,631.5,633,620,623.25,0
12/16/1981,618,627,596,619.5,0
12/17/1981,623,626.5,619,621,0
12/18/1981,618.5,618.5,611.5,618,0
12/21/1981,629,630.5,619.5,620,0
12/22/1981,619.5,626,616,623.75,0
12/23/1981,617,623,616,622.5,0
12/24/1981,626,634,626,628.75,0
12/28/1981,630,636,629.5,635,0
12/29/1981,632,632,625,629,0
12/30/1981,627,634.5,625,629,0
12/31/1981,632,633.5,626,626.25,0
01/04/1982,627,631,623.5,630,0
01/05/1982,627,631,624.5,630,0
01/06/1982,633,638.5,633,638,0
01/07/1982,637,643.5,636,640.25,0
01/08/1982,641,641.75,637,638,0
01/11/1982,639.5,642,634,634.5,0
01/12/1982,633,636,628.5,635.5,0
01/13/1982,636.5,640.5,634,639.5,0
01/14/1982,644,647,642.5,646.75,0
01/15/1982,651,651,644.25,646.5,0
01/18/1982,651,651,647,648.75,0
01/19/1982,644,644,638,638.25,0
01/20/1982,635.5,642.5,634.5,641.75,0
01/21/1982,641.5,647.75,641,642.75,0
01/22/1982,642.5,645.5,640,643.25,0
01/25/1982,641.5,642,637.75,639.75,0
01/26/1982,642,648.5,642,647.5,0
01/27/1982,647.5,657.5,647.5,656.5,0
01/28/1982,657.5,658.5,650.5,651,0
01/29/1982,652.5,660,652.5,656.75,0
02/01/1982,652,665,650,661,0
02/02/1982,659,660.5,651.5,652.5,0
02/03/1982,649,650,646.25,647.5,0
02/04/1982,648,653,646.5,650.5,0
02/05/1982,649.5,650.5,645.5,646.75,0
02/08/1982,643,643,637.5,638,0
02/09/1982,636.5,641,630.5,631,0
02/10/1982,633,634,631.5,632.25,0
02/11/1982,633.5,636.75,628,629,0
02/12/1982,626,631.5,624.75,625.5,0
02/16/1982,623,626.5,617,623.5,0
02/17/1982,643,644,636,637.25,0
02/18/1982,638.5,641,634,634.25,0
02/19/1982,633.5,635.5,630.5,630.75,0
02/22/1982,633.5,637.5,625,626.5,0
02/23/1982,624.5,630,617.5,628.25,0
02/24/1982,628,631.5,623,624.5,0
02/25/1982,623.5,630.5,622.5,627.5,0
02/26/1982,625,637,624.5,632.75,0
03/01/1982,635,636.5,631,635,0
03/02/1982,636.5,637.5,631,634.5,0
03/03/1982,633,633.5,620.5,621,0
03/04/1982,616.5,623.5,615,622.75,0
03/05/1982,624,625,617.5,618.5,0
03/08/1982,618.5,618.5,610,611.25,0
03/09/1982,611,616.5,610,614.5,0
03/10/1982,617,621,614,618,0
03/11/1982,616.5,619,614,616.5,0
03/12/1982,614,616.5,608.5,609.25,0
03/15/1982,607,629,605.5,627.5,0
03/16/1982,624.5,629,617.5,618.25,0
03/17/1982,623,633,623,627,0
03/18/1982,628,634.5,628,631.5,0
03/19/1982,628,633,626,632,0
03/22/1982,637,639,633.5,637.5,0
03/23/1982,641,641,634.75,636,0
03/24/1982,636,642,633.25,641,0
03/25/1982,640,640,632.5,636.5,0
03/26/1982,633,633,629,631.25,0
03/29/1982,630,634.5,626,634,0
03/30/1982,635,639,633,633.25,0
03/31/1982,634,642,633,640,0
04/01/1982,640,647,639.5,643.5,0
04/02/1982,643.5,649.5,641,648,0
04/05/1982,651,661.5,651,660,0
04/06/1982,660,663,655.5,658.5,0
04/07/1982,654,657,650.5,651,0
04/08/1982,655,664.75,655,659.5,0
04/12/1982,656,658,650.75,657,0
04/13/1982,662.5,667,651,652.25,0
04/14/1982,657,659,650,651.75,0
04/15/1982,649,655,647.5,649.25,0
04/16/1982,649.5,652,645.75,647.5,0
04/19/1982,648,648,641.5,646.5,0
04/20/1982,650,654,649,653,0
04/21/1982,666,667.5,662.75,663.75,0
04/22/1982,662.5,662.75,660.75,662.25,0
04/23/1982,670,678.5,669.5,676,0
04/26/1982,677,681.5,672,672.75,0
04/27/1982,671,671,664,664.75,0
04/28/1982,667,669,663.75,667.25,0
04/29/1982,664,676,662,675.5,0
04/30/1982,679,684,653,665.75,0
05/03/1982,667,670.5,665,666.25,0
05/04/1982,666,669.5,663,667.25,0
05/05/1982,666.5,669.5,666,666.25,0
05/06/1982,665,665.5,659.5,660.25,0
05/07/1982,662,665.5,661,663.25,0
05/10/1982,659,664,658.5,663.75,0
05/11/1982,665,671.5,664.75,671.25,0
05/12/1982,670,673.75,667,672.5,0
05/13/1982,670.5,670.5,663,663.5,0
05/14/1982,665,674,665,669.5,0
05/17/1982,669,677,666.5,668,0
05/18/1982,668.5,672,664.5,670.5,0
05/19/1982,671,674,669,671.75,0
05/20/1982,672,673.5,669.25,672.25,0
05/21/1982,669,675.5,667,672,0
05/24/1982,670,670,663,663.25,0
05/25/1982,660,664.5,655.5,656,0
05/26/1982,656.5,658.5,651.25,654,0
05/27/1982,654,656,643,643.5,0
05/28/1982,644,644.5,635,635.75,0
06/01/1982,633,633,618.5,622.25,0
06/02/1982,624,632,623.5,628.75,0
06/03/1982,630,632,622.5,623.25,0
06/04/1982,623.5,634,617.5,624.25,0
06/07/1982,625.5,636,621.5,635.25,0
06/08/1982,633,638,630.5,632.25,0
06/09/1982,630.5,636,628.5,630.5,0
06/10/1982,630,634.5,629.5,632.5,0
06/11/1982,637,646,637,645.5,0
06/14/1982,637,637.75,628.5,629.75,0
06/15/1982,630,633.5,625.75,633,0
06/16/1982,632.75,634.75,628.25,634,0
06/17/1982,627,628,622,623.75,0
06/18/1982,625.5,628.25,623.25,624.25,0
06/21/1982,622,636,618.5,634,0
06/22/1982,636,639.5,633.5,638.25,0
06/23/1982,640,641,632,639.25,0
06/24/1982,641,642.5,636.25,636.25,0
06/25/1982,635,636,631,631.25,0
06/28/1982,629,630.5,624.5,625.25,0
06/29/1982,626,629,624.5,625.5,0
06/30/1982,620.5,623.75,615.5,616.25,0
07/01/1982,616,620.75,616,619.25,0
07/02/1982,619.5,620.5,611,611.25,0
07/06/1982,610,611,605.25,605.5,0
07/07/1982,603,614,603,609,0
07/08/1982,613,617.75,612.5,616.75,0
07/09/1982,621,625,617.5,618.5,0
07/12/1982,621,624.75,618.5,619.25,0
07/13/1982,619,631,618.5,628.5,0
07/14/1982,627,630.25,624,624.25,0
07/15/1982,626,629.5,622,624.5,0
07/16/1982,626.5,627.75,623.5,623.75,0
07/19/1982,623.75,625,615,615.25,0
07/20/1982,615.5,618.5,612.5,617.25,0
07/21/1982,619,625.5,616.5,619,0
07/22/1982,617.5,618.5,613,616.25,0
07/23/1982,620.5,621,616,617.75,0
07/26/1982,613.5,615,611,613.25,0
07/27/1982,611,615.5,611,613.25,0
07/28/1982,611,611,602.5,602.75,0
07/29/1982,599,606.5,595.5,603.25,0
07/30/1982,605,606.75,600,601.75,0
08/02/1982,603.5,608.5,603.5,607.75,0
08/03/1982,606.5,609,605,605.25,0
08/04/1982,604,605.5,602.25,604.75,0
08/05/1982,601,601,595,595.75,0
08/06/1982,591.75,591.75,584.5,584.75,0
08/09/1982,578,582.5,577,577.75,0
08/10/1982,580,582,575.5,577.75,0
08/11/1982,578,578.25,574.5,574.75,0
08/12/1982,552,557.5,548,554.75,0
08/13/1982,555.5,560.5,555.5,557,0
08/16/1982,561,561,546,546.5,0
08/17/1982,547,552,545.5,551.75,0
08/18/1982,559.75,563,557,561.5,0
08/19/1982,556,562,554.5,558.25,0
08/20/1982,569,571,565,568.5,0
08/23/1982,567.5,577,565.75,574.5,0
08/24/1982,577,581,576.5,578.75,0
08/25/1982,577,582.5,575,580.25,0
08/26/1982,583,583.5,570.5,571,0
08/27/1982,568,568,561,562.25,0
08/30/1982,560,560,550.5,555.5,0
08/31/1982,555.5,560,555.25,559.5,0
09/01/1982,559,563,552,562.5,0
09/02/1982,563,565.5,561,564.75,0
09/03/1982,568,568.5,556,556.5,0
09/07/1982,554,554,544,544.25,0
09/08/1982,543,548.75,542.5,544.75,0
09/09/1982,542,547.5,542,545.5,0
09/10/1982,544,545.75,541,543.75,0
09/13/1982,545,555.5,545,554.25,0
09/14/1982,556,558,549.5,552,0
09/15/1982,556,557,550.5,556.5,0
09/16/1982,559.25,564,553.5,563.5,0
09/17/1982,560,562.5,553.5,553.75,0
09/20/1982,548,553,545,549,0
09/21/1982,550,551.5,546,548.5,0
09/22/1982,549,550,543.5,543.5,0
09/23/1982,540,547,538,541.75,0
09/24/1982,541,543,537.75,540.5,0
09/27/1982,541,544,540.25,541,0
09/28/1982,543,545,537,537.25,0
09/29/1982,538,542,534,539.25,0
09/30/1982,540,541,534,534.25,0
10/01/1982,532.5,534.5,528,528.5,0
10/04/1982,523,525,518,518.25,0
10/05/1982,520,523,520,520.75,0
10/06/1982,524,527.75,524,525.25,0
10/07/1982,530,536,530,535.5,0
10/08/1982,535.5,537.75,528,529.25,0
10/11/1982,536,539.5,534,537.25,0
10/12/1982,536,538,534,536.75,0
10/13/1982,534,548,530.5,545.75,0
10/14/1982,546.5,549.75,542,544.25,0
10/15/1982,543.5,546,535.5,535.75,0
10/18/1982,532,537.5,531,531.75,0
10/19/1982,534,536.5,531.75,532.25,0
10/20/1982,551,552.25,549.25,551.75,0
10/21/1982,552,553.75,543,545.25,0
10/22/1982,543,546.5,541.5,543.25,0
10/25/1982,537,540.5,537,539,0
10/26/1982,540,547.5,538.5,546.5,0
10/27/1982,547,551,545,548,0
10/28/1982,552,556.5,550.5,552,0
10/29/1982,550,552.5,546,547,0
11/01/1982,550,555,549.5,552,0
11/03/1982,555,561,555,558.75,0
11/04/1982,557.5,568,556.75,567.75,0
11/05/1982,567.75,581,565.5,580,0
11/08/1982,574,582.5,572,572.5,0
11/09/1982,574,579,570.25,576.5,0
11/10/1982,580,582.5,575,578.25,0
11/11/1982,575,584.5,574,576.5,0
11/12/1982,575.5,576.5,568.5,570.5,0
11/15/1982,567.5,569,565.5,567.25,0
11/16/1982,568.5,579,567.75,577.75,0
11/17/1982,582.5,584.25,575,575.25,0
11/18/1982,576,585,573.5,583.75,0
11/19/1982,589,591,578,578.5,0
11/22/1982,579,586.5,576.5,578.25,0
11/23/1982,577,578.25,571.5,574.5,0
11/24/1982,577,579,573.5,574.25,0
11/26/1982,577,579,575.5,578,0
11/29/1982,579.5,581,567.5,568.5,0
11/30/1982,569.5,574,568,573.5,0
12/01/1982,573.5,575.5,569.25,571.5,0
12/02/1982,573,575,566,566.25,0
12/03/1982,568.5,569,563,563.5,0
12/06/1982,563,570,561.5,569.75,0
12/07/1982,569.5,574,566.5,573.25,0
12/08/1982,568,571.25,565.5,568.75,0
12/09/1982,568.5,576.5,567.25,575.75,0
12/10/1982,573.5,575,568.25,569.25,0
12/13/1982,567.25,573.5,566.75,570.75,0
12/14/1982,573.5,574,563,563.75,0
12/15/1982,564,567,560.75,566.25,0
12/16/1982,566,568,563.75,566.75,0
12/17/1982,568,568.75,566.75,567.75,0
12/20/1982,575.5,578.75,575,575.5,0
12/21/1982,577,578,575,576,0
12/22/1982,576.5,576.5,573.5,573.75,0
12/23/1982,573.5,573.75,570.25,570.75,0
12/27/1982,571,578,567,574.25,0
12/28/1982,574,578,574,577,0
12/29/1982,578,579,572.5,573,0
12/30/1982,572.5,574,571.5,573.25,0
01/03/1983,573,575.5,571,572.5,0
01/04/1983,572,572.5,568.5,571.5,0
01/05/1983,571,574.5,570.75,572.75,0
01/06/1983,572.5,575,571.25,574.25,0
01/07/1983,576.5,582,576.5,581,0
01/10/1983,584.5,591,584.5,588.25,0
01/11/1983,586,589.75,585,586.5,0
01/12/1983,586.5,596.5,586.5,595,0
01/13/1983,592,595.75,591.5,594.5,0
01/14/1983,593,600,592.5,598.5,0
01/17/1983,601,604.5,594.25,595.75,0
01/18/1983,593,599.5,589,598.25,0
01/19/1983,594.5,598,587.5,588,0
01/20/1983,590,593.5,586.25,590.25,0
01/21/1983,586,592,584,590.75,0
01/24/1983,586,599.5,584.5,599,0
01/25/1983,600.5,602,594,594.5,0
01/26/1983,595,598,590.5,597.5,0
01/27/1983,599,600.5,596.25,597,0
01/28/1983,596,596,592.75,593.5,0
01/31/1983,593,607,592.75,604.5,0
02/01/1983,604.5,607.5,600,601.5,0
02/02/1983,599.5,604.5,597.5,601.5,0
02/03/1983,600,603.25,596,596.25,0
02/04/1983,597,598.5,593,593.75,0
02/07/1983,595,595.5,588.75,589,0
02/08/1983,590,591.75,586.25,586.75,0
02/09/1983,587,589.75,584,586.25,0
02/10/1983,589.5,596,589.5,592.5,0
02/11/1983,595.5,595.5,591.75,595.25,0
02/14/1983,594.5,603,593.75,601.25,0
02/15/1983,602,603.75,597,597.25,0
02/16/1983,614,614.25,608.5,608.75,0
02/17/1983,608,614.5,607.5,612.5,0
02/18/1983,616,618.5,612.5,614.75,0
02/22/1983,610.5,612.5,602.5,603.25,0
02/23/1983,596,605.5,596,601.5,0
02/24/1983,602,605.5,596.5,596.75,0
02/25/1983,595,596.5,587.5,588.5,0
02/28/1983,578,583,572.5,575.5,0
03/01/1983,578.5,582.25,577.5,578,0
03/02/1983,581,586.75,581,584.5,0
03/03/1983,586.5,586.5,582.25,585.75,0
03/04/1983,583,590.25,581,588.5,0
03/07/1983,590.5,590.5,585.25,589,0
03/08/1983,586,588.5,584,584.25,0
03/09/1983,585,591.5,584.5,590.75,0
03/10/1983,594.5,594.5,587,587.25,0
03/11/1983,585,587.75,582.5,584.25,0
03/14/1983,585.5,593,584,591.25,0
03/15/1983,590.5,590.5,586.5,587.25,0
03/16/1983,585,599.5,585,596.75,0
03/17/1983,596,609.5,596,605.75,0
03/18/1983,606,609,603.75,608.25,0
03/21/1983,610,615.5,608,612.5,0
03/22/1983,614,615,610.5,611,0
03/23/1983,626.5,637.5,626.5,634.5,0
03/24/1983,633,635.75,629.5,634.5,0
03/25/1983,633,633.5,627,627.25,0
03/28/1983,627,639.5,626.75,636.25,0
03/29/1983,638.5,643.75,638,638.5,0
03/30/1983,638.5,638.5,629.5,630,0
03/31/1983,630,637.75,629,637,0
04/04/1983,639,647,639,643,0
04/05/1983,642,646,637.25,638.5,0
04/06/1983,639.5,640.5,632,636.5,0
04/07/1983,637,644,634.75,643,0
04/08/1983,644,650,644,648.25,0
04/11/1983,653,655.5,642.5,642.75,0
04/12/1983,642,644.25,637,637.5,0
04/13/1983,637.5,641.75,634,639.5,0
04/14/1983,642,643,628,628.75,0
04/15/1983,629,631.25,622,623.25,0
04/18/1983,624,626.5,620.25,624.75,0
04/19/1983,626.5,629,623,627.25,0
04/20/1983,644,644.5,637,640.75,0
04/21/1983,639.5,644.5,639,643,0
04/22/1983,653.5,666,653.5,662.5,0
04/25/1983,660.5,662.5,657.5,659.25,0
04/26/1983,657.75,662,655.5,661.25,0
04/27/1983,662.5,663.5,649,650,0
04/28/1983,650,653.5,647.25,652.5,0
04/29/1983,652,658.5,650,657.25,0
05/02/1983,659,660,653,653.25,0
05/03/1983,653,659,646,647,0
05/04/1983,646,649,643.5,647,0
05/05/1983,647,649.5,642,646,0
05/06/1983,647.5,647.75,643,644,0
05/09/1983,642.5,642.5,631.5,632,0
05/10/1983,633,639,631,638.75,0
05/11/1983,636,638.25,627,627.5,0
05/12/1983,627,631,624.5,629.25,0
05/13/1983,632.5,633.5,629.5,631.75,0
05/16/1983,630,637,627,634.75,0
05/17/1983,636,639.5,632,632.5,0
05/18/1983,635.5,637.5,631,634.5,0
05/19/1983,636,636.75,628,628.75,0
05/20/1983,627.5,627.5,618,618.75,0
05/23/1983,618,623.5,618,622.75,0
05/24/1983,624.5,628,615.5,627,0
05/25/1983,627.5,628,620.5,621,0
05/26/1983,622,623.5,612,613.5,0
05/27/1983,614,615,609.75,610.5,0
05/31/1983,610.5,614.25,607,607.5,0
06/01/1983,606,610.5,605,607.5,0
06/02/1983,611,617,610.75,616.25,0
06/03/1983,615.5,618.25,612.5,618,0
06/06/1983,617,623.75,615.5,622.25,0
06/07/1983,620.5,621.25,615.5,616,0
06/08/1983,614,614.5,604.75,608,0
06/09/1983,609,613,608,612.5,0
06/10/1983,611.5,611.5,601.5,602,0
06/13/1983,603,604,594.5,599.5,0
06/14/1983,595,601.5,591.5,593.25,0
06/15/1983,591,594.25,588.5,590.75,0
06/16/1983,593,599,591,595.25,0
06/17/1983,595.5,597.25,592.75,593.25,0
06/20/1983,592.5,599,592.5,597.5,0
06/21/1983,604,612.5,604,611.5,0
06/22/1983,614.5,616.5,612,614.25,0
06/23/1983,615,615,610.25,613.25,0
06/24/1983,612,612.5,608,608,0
06/27/1983,603.5,603.5,589,590.25,0
06/28/1983,591.5,592.75,588.5,589.5,0
06/29/1983,590.5,592,583,583.75,0
06/30/1983,606,613.75,605,613.75,0
07/01/1983,608,617,606.5,616.25,0
07/05/1983,608,616.5,604,613.25,0
07/06/1983,616,624.75,616,622.5,0
07/07/1983,621,629.5,620.5,626.75,0
07/08/1983,622,624,620.5,622.25,0
07/11/1983,632,650.5,632,643,0
07/12/1983,645,649.5,641.5,645.5,0
07/13/1983,642,645,637,639,0
07/14/1983,635.5,642,635.5,636,0
07/15/1983,637,656,635.5,644,0
07/18/1983,655,658,650,651.75,0
07/19/1983,654,669,654,667.5,0
07/20/1983,692,706.75,689.5,706.75,0
07/21/1983,724,735,695,709.5,0
07/22/1983,722,729.5,715.5,716.5,0
07/25/1983,695,718,692,717.5,0
07/26/1983,725,726.5,692,698.5,0
07/27/1983,700,708,695,705.25,0
07/28/1983,730,730,716,720,0
07/29/1983,715,716.5,697,708.5,0
08/01/1983,707,737,705,734.5,0
08/02/1983,744.5,758,744.5,750.5,0
08/03/1983,752,778,750.75,775,0
08/04/1983,780,781,768.5,775,0
08/05/1983,770,803,770,800.25,0
08/08/1983,770,819,770,788.5,0
08/09/1983,790,792,782,787.25,0
08/10/1983,793,817.25,793,817.25,0
08/11/1983,827,842.5,821,841.75,0
08/12/1983,847,871,836.5,857,0
08/15/1983,877,887,873,887,0
08/16/1983,917,917,870,909,0
08/17/1983,909,918,886,897.5,0
08/18/1983,886,886,867.5,867.5,0
08/19/1983,840,857,837.5,837.5,0
08/22/1983,884,884,884,884,0
08/23/1983,914,914,908,914,0
08/24/1983,914,940,910,937,0
08/25/1983,967,967,930,943,0
08/26/1983,928,951,916,947.5,0
08/29/1983,942,948,917.5,919.75,0
08/30/1983,901,905,889.75,889.75,0
08/31/1983,881,914,881,911.5,0
09/01/1983,912,919,881.5,881.5,0
09/02/1983,882,911.5,882,910.75,0
09/06/1983,918,934,912,931.5,0
09/07/1983,929,939.5,921,929.5,0
09/08/1983,926,929.5,920,927.25,0
09/09/1983,941,954,940,948,0
09/12/1983,946,949.5,938,938.5,0
09/13/1983,956,968.5,910,911.5,0
09/14/1983,909,915,885,887.5,0
09/15/1983,881,893,857.5,857.5,0
09/16/1983,853,878,842,873,0
09/19/1983,881,903,879,903,0
09/20/1983,914,914,888,899,0
09/21/1983,929,929,929,929,0
09/22/1983,948,957,920,923,0
09/23/1983,922,930,903,909,0
09/26/1983,907,909,879,879,0
09/27/1983,870,897,870,895.5,0
09/28/1983,902,910.5,865.5,868,0
09/29/1983,863,863,841,854,0
09/30/1983,861,871,845,866,0
10/03/1983,862,865,841,858,0
10/04/1983,862,864,828,829,0
10/05/1983,826,840,816,839,0
10/06/1983,841,864.5,838,860,0
10/07/1983,858,863,844,845.5,0
10/10/1983,838.5,853,820,851,0
10/11/1983,847,860,843,850,0
10/12/1983,843,848.5,834,835.5,0
10/13/1983,846,865.5,846,865.5,0
10/14/1983,874,890,870,888,0
10/17/1983,884,896,877,879.5,0
10/18/1983,878,883.5,866,869.5,0
10/19/1983,867,868.5,840,844,0
10/20/1983,849,853,832,833.5,0
10/21/1983,838,854,824,850.5,0
10/24/1983,848,852,840,841,0
10/25/1983,853,863,853,858.5,0
10/26/1983,852,852,828.5,828.5,0
10/27/1983,822,848,813,845,0
10/28/1983,848,853,840,844.5,0
10/31/1983,838,858,828,830.5,0
11/01/1983,834,845,828,842.5,0
11/02/1983,849,866,849,863,0
11/03/1983,855,875,851,872.5,0
11/04/1983,871,879,866.5,877.5,0
11/07/1983,875,881,870,877.5,0
11/08/1983,874,875,868,870,0
11/09/1983,868,880,864.5,872.5,0
11/10/1983,871,872.5,865.5,869,0
11/11/1983,865,872,844,847,0
11/14/1983,844,847,827,841.5,0
11/15/1983,841.5,847,831,832.5,0
11/16/1983,829.5,829.5,802.5,802.5,0
11/17/1983,801,810,782.5,804,0
11/18/1983,802,802,781,782.5,0
11/21/1983,776,781,763,765,0
11/22/1983,777,784,765,774.5,0
11/23/1983,773,783,769,782,0
11/25/1983,785,798,785,795,0
11/28/1983,805,809,792,794,0
11/29/1983,792,807,789,806,0
11/30/1983,811,814,794,796.5,0
12/01/1983,794,814,788,813,0
12/02/1983,807,807,783,784.5,0
12/05/1983,777,777,756,766,0
12/06/1983,769,775,761.5,764,0
12/07/1983,762,783.5,760,782.25,0
12/08/1983,778,790,769,770.75,0
12/09/1983,773,784,767.5,781.5,0
12/12/1983,787,792,778,781,0
12/13/1983,778,778,761.5,772,0
12/14/1983,769,777,766.5,774.5,0
12/15/1983,776,776,755,756,0
12/16/1983,755,783,748,781,0
12/19/1983,777,798.5,777,782.5,0
12/20/1983,804,809,795,801,0
12/21/1983,802.5,803.5,795,796.25,0
12/22/1983,801,814,801,812.5,0
12/23/1983,816,824,814,823,0
12/27/1983,823,844,823,843,0
12/28/1983,838,839.75,826,829.5,0
12/29/1983,832,837,826,827,0
12/30/1983,825,833.5,822,832.75,0
01/03/1984,820,820,802.75,802.75,0
01/04/1984,797,802.5,787,792,0
01/05/1984,796,809,795.5,805.75,0
01/06/1984,803,803,780,780.5,0
01/09/1984,776,787,761,768.75,0
01/10/1984,785,790,780.5,784.75,0
01/11/1984,780,789.5,776.5,787.75,0
01/12/1984,791,799.5,788.5,790.75,0
01/13/1984,795,796,788,791,0
01/16/1984,761,761,761,761,0
01/17/1984,749,749,739.5,742.75,0
01/18/1984,746,749.5,733.5,739.5,0
01/19/1984,746,751,742,744.75,0
01/20/1984,738,738.5,731,732.25,0
01/23/1984,733,735.5,729,730.25,0
01/24/1984,760.75,760.75,756.5,760.75,0
01/25/1984,757,759.5,745.5,746,0
01/26/1984,739,740,721.5,725.75,0
01/27/1984,737,742,731.5,732.5,0
01/30/1984,735,735,720,733,0
01/31/1984,736,738,729,730.75,0
02/01/1984,732,741,727.5,738.75,0
02/02/1984,745,748,741,744,0
02/03/1984,738,738,732,734.75,0
02/06/1984,724,730.5,719,726.25,0
02/07/1984,725,726.25,718,718.75,0
02/08/1984,722.5,730,717.5,726,0
02/09/1984,725.5,725.5,707,708.25,0
02/10/1984,710,714,703.5,706.75,0
02/13/1984,703,703,689.5,694.5,0
02/14/1984,696,705,688.5,694.5,0
02/15/1984,699,707,696.5,705.75,0
02/16/1984,707,708.5,702.5,703.25,0
02/17/1984,726.5,738,724.5,733.5,0
02/21/1984,728,728.5,717,726,0
02/22/1984,733,756,733,750.25,0
02/23/1984,742,754.5,742,748.75,0
02/24/1984,750,756.5,747,752,0
02/27/1984,745,752,742.5,751.25,0
02/28/1984,753.5,758,741.5,743.25,0
02/29/1984,746,768,741.5,765,0
03/01/1984,768,772,762,768,0
03/02/1984,775,783,772,774.75,0
03/05/1984,776,786,765.5,785,0
03/06/1984,783,788.25,778,781.75,0
03/07/1984,772,776,768,775.25,0
03/08/1984,773,786,767.5,784.5,0
03/09/1984,786,798,784,796.5,0
03/12/1984,792,799.5,788,789.5,0
03/13/1984,794,796.5,783,784,0
03/14/1984,785,792,780.5,790.5,0
03/15/1984,790,799.5,788.5,798.5,0
03/16/1984,798,802,781,783,0
03/19/1984,779,787.5,776.5,786.25,0
03/20/1984,785,809,777.5,807.5,0
03/21/1984,804,815,802,804,0
03/22/1984,800,809.5,797.5,801,0
03/23/1984,800,806.5,791.5,800,0
03/26/1984,803,808,801,802.75,0
03/27/1984,804,804,786,787,0
03/28/1984,786,790.5,781,785.75,0
03/29/1984,787,792.5,782,785,0
03/30/1984,779,790,779,789,0
04/02/1984,785.5,804.5,784,794,0
04/03/1984,795,804,791,802.5,0
04/04/1984,809,813,805,808.5,0
04/05/1984,805.5,805.5,796,799.75,0
04/06/1984,802,808,797.5,807,0
04/09/1984,810,813,801.5,802.25,0
04/10/1984,801,801,794,795.75,0
04/11/1984,798,798,772,773.5,0
04/12/1984,770,774,766,769.25,0
04/13/1984,770,777,770,773.5,0
04/16/1984,770,775,766,772,0
04/17/1984,774,777,770,770.75,0
04/18/1984,778,794,775,792.5,0
04/19/1984,792,796.5,789,792.25,0
04/23/1984,796,804,795,803.5,0
04/24/1984,813,826,811,813,0
04/25/1984,815,818.75,808,811,0
04/26/1984,804,806,787,788.5,0
04/27/1984,789,795,787,793.75,0
04/30/1984,795,804.5,778,782.5,0
05/01/1984,784,791,778.5,790.25,0
05/02/1984,793,812,792.25,811,0
05/03/1984,810,814,805.5,809.25,0
05/04/1984,808.25,822,805,817,0
05/07/1984,812,821,800,819,0
05/08/1984,825,848.5,823,835.5,0
05/09/1984,836,842,831,836,0
05/10/1984,840,846.5,832,840.75,0
05/11/1984,858,865,854,856,0
05/14/1984,852,862,848,859.5,0
05/15/1984,858,864,843,850.5,0
05/16/1984,848,876,846,875,0
05/17/1984,873,885,868,870.25,0
05/18/1984,872,894,872,891,0
05/21/1984,890,899,882,893.25,0
05/22/1984,886,897,881,888.75,0
05/23/1984,882,889,872.5,887.5,0
05/24/1984,887,896,870,885,0
05/25/1984,890,899,885,887,0
05/29/1984,883,883,857.25,867,0
05/30/1984,862,867,852,866,0
05/31/1984,867,868.25,846,847,0
06/01/1984,850,852,824,826.5,0
06/04/1984,824,829.5,809,810.5,0
06/05/1984,810,822,808.5,819.75,0
06/06/1984,822,827.5,816,826.25,0
06/07/1984,823,823,799,806.5,0
06/08/1984,802.5,805.5,778,779,0
06/11/1984,780,788,766,786,0
06/12/1984,785,794,779.5,785.25,0
06/13/1984,782,793,779,791,0
06/14/1984,789,789.5,763,764.5,0
06/15/1984,760,769.5,755.5,763,0
06/18/1984,764,783,760.5,781.5,0
06/19/1984,785,810.5,784,798.75,0
06/20/1984,787,805,785.5,793,0
06/21/1984,794,811,792,810,0
06/22/1984,789,798.5,780,780.5,0
06/25/1984,778,784,769,771.25,0
06/26/1984,773.5,774,742.25,742.25,0
06/27/1984,740,745,729.5,736,0
06/28/1984,738,742,723,723.5,0
06/29/1984,735,753.5,735,752.75,0
07/02/1984,752,759,725.25,728,0
07/03/1984,723,723,704,709,0
07/05/1984,699,701,679,679,0
07/06/1984,679,687,661,674,0
07/09/1984,676,697,676,692,0
07/10/1984,684,688,663.5,667.5,0
07/11/1984,661,674,645,656,0
07/12/1984,662,679,662,674,0
07/13/1984,685,693,666,675,0
07/16/1984,682,687,676,686.5,0
07/17/1984,687,701.5,678,687,0
07/18/1984,680,704,668.5,700.5,0
07/19/1984,711,718,685,691,0
07/20/1984,652,655,640,641.5,0
07/23/1984,638,645,630.5,642,0
07/24/1984,646,647.5,624.5,624.75,0
07/25/1984,625,633,615,624,0
07/26/1984,623,632,613,614,0
07/27/1984,617,618,606,611.5,0
07/30/1984,608,615.5,605,609.5,0
07/31/1984,612.5,619.5,608.5,612.5,0
08/01/1984,617,619.5,613,618.5,0
08/02/1984,624,641,624,635.5,0
08/03/1984,642,642,627.5,633,0
08/06/1984,636,638,629.5,635.25,0
08/07/1984,633,646.5,633,638.75,0
08/08/1984,637,638.5,628,628.5,0
08/09/1984,626,630,617,628.75,0
08/10/1984,631,632,622,622.5,0
08/13/1984,632,643.5,626,642,0
08/14/1984,650,661.5,647,660.5,0
08/15/1984,659,663,652.5,659.5,0
08/16/1984,655,665,652,664.5,0
08/17/1984,655,655,642,642.5,0
08/20/1984,635,635,612.5,612.5,0
08/21/1984,608,617,605.5,615.25,0
08/22/1984,618,638.5,613,633.5,0
08/23/1984,633.5,635,620.5,623.5,0
08/24/1984,622,639,619,633.5,0
08/27/1984,644,661,643,657,0
08/28/1984,657,659,643.5,649.5,0
08/29/1984,656,658,639,640,0
08/30/1984,637,654,633,653,0
08/31/1984,651,655,630.5,636.5,0
09/04/1984,626,627,612,625.75,0
09/05/1984,632,636,623,634.5,0
09/06/1984,634,636.5,629,630.25,0
09/07/1984,626.25,639,625,633.5,0
09/10/1984,632,638,628,633.75,0
09/11/1984,634,636.5,630.5,633.25,0
09/12/1984,634.75,636,633,635.25,0
09/13/1984,615,615,605.25,605.25,0
09/14/1984,606,614.75,604.5,607.5,0
09/17/1984,602,602,592,592.5,0
09/18/1984,594,598.5,593.25,597.5,0
09/19/1984,600,602,597,599.5,0
09/20/1984,599.5,599.5,589.5,591.25,0
09/21/1984,573,609,568.5,598.5,0
09/24/1984,601,603,591,591.75,0
09/25/1984,593,599,590,597.5,0
09/26/1984,599,609.5,594,595.25,0
09/27/1984,598,607,597,606.5,0
09/28/1984,605.5,605.5,590,591.75,0
10/01/1984,592,594.5,588,589.75,0
10/02/1984,589,597.25,586,587,0
10/03/1984,588,593.5,587,588.5,0
10/04/1984,590,597,590,592.75,0
10/05/1984,593.5,598,588.5,589.75,0
10/08/1984,593,597.5,593,596.25,0
10/09/1984,594,601,593,600.5,0
10/10/1984,602,609,601,608.25,0
10/11/1984,610,614,607,613,0
10/12/1984,622,627,619.5,625,0
10/15/1984,627,635,624,632.75,0
10/16/1984,630,634.5,627,633.75,0
10/17/1984,634,634,625.25,628.5,0
10/18/1984,628,628,621.5,622.5,0
10/19/1984,625,632.5,624.5,631.75,0
10/22/1984,645,652,634,634.5,0
10/23/1984,635.5,641.5,631.25,641.25,0
10/24/1984,644,649.5,627,630.5,0
10/25/1984,633,640.5,633,640.25,0
10/26/1984,637.5,640.5,634.5,637.5,0
10/29/1984,629,630,623.5,624.5,0
10/30/1984,628,631.5,621.5,625.75,0
10/31/1984,627,635,627,631,0
11/01/1984,639,649.5,638.5,643.5,0
11/02/1984,639,641.5,635,635.5,0
11/05/1984,628,632,625,630.5,0
11/06/1984,629.5,642,628.5,636,0
11/07/1984,638,642,633,639,0
11/08/1984,635.5,638.5,633,633.5,0
11/09/1984,634,636.5,630.5,631.5,0
11/12/1984,642,644.5,636.5,637,0
11/13/1984,638,639,632,632.5,0
11/14/1984,631,633.5,626.5,628,0
11/15/1984,626,628,624,625.25,0
11/16/1984,632.5,632.5,625,625.5,0
11/19/1984,622.75,625,614,614.5,0
11/20/1984,613,619,613,616.25,0
11/21/1984,616,619.5,614.5,616.5,0
11/23/1984,618,618.5,610,610.75,0
11/26/1984,607,607.5,602,602.5,0
11/27/1984,604,606.5,594,594.75,0
11/28/1984,598,605,593.5,602.5,0
11/29/1984,604.5,607.25,601.5,604.5,0
11/30/1984,602.5,610,602,609,0
12/03/1984,611.5,613.5,606,611.75,0
12/04/1984,614,614,607.5,608,0
12/05/1984,606,607.25,600,601.25,0
12/06/1984,598,606.25,597,604.75,0
12/07/1984,601.5,602.5,593.5,594.25,0
12/10/1984,595,597.5,586.25,594.5,0
12/11/1984,597,598,591.75,592.5,0
12/12/1984,589.5,590.5,584.5,584.75,0
12/13/1984,582.5,588.5,582.5,587,0
12/14/1984,588,596.25,587.5,591.75,0
12/17/1984,590,592.25,586.5,589.75,0
12/18/1984,592,595.5,590,594,0
12/19/1984,608,608.75,603.75,603.75,0
12/20/1984,605.5,606.25,599.75,600,0
12/21/1984,601.5,602.5,598.5,600,0
12/24/1984,600,601.75,598.75,600.75,0
12/26/1984,602,606,601.25,602.75,0
12/27/1984,602,602,590,590.25,0
12/28/1984,592.5,592.5,586.5,587,0
12/31/1984,588,589,584.5,585.25,0
01/02/1985,582,586,579,581.75,0
01/03/1985,582,587.75,581.75,586.5,0
01/04/1985,587.5,588.5,573,573.5,0
01/07/1985,571.5,587.5,569.5,586,0
01/08/1985,582,586,577.5,578.25,0
01/09/1985,583,589.5,581,588.5,0
01/10/1985,587,596.75,586,591.5,0
01/11/1985,591.5,591.5,587,588.5,0
01/14/1985,585,591.25,584,589.25,0
01/15/1985,592,595.25,591,594.25,0
01/16/1985,597,599.5,592.25,594.75,0
01/17/1985,595,600.5,594,599.75,0
01/18/1985,603,609,600.25,606,0
01/21/1985,606,609,604,608.75,0
01/22/1985,608,608,594.5,596.5,0
01/23/1985,594.5,601.75,592,601,0
01/24/1985,602.5,608.5,593,593.25,0
01/25/1985,592.75,598.5,592.75,597,0
01/28/1985,602,612.5,602,608.25,0
01/29/1985,606,608.5,598,598.5,0
01/30/1985,602,607.5,600,604,0
01/31/1985,608,609,599.5,601.25,0
02/01/1985,598.5,607,596,606.75,0
02/04/1985,599,603.5,593,594,0
02/05/1985,594.5,603,593.75,601.75,0
02/06/1985,602.5,603,597,597.75,0
02/07/1985,597,601,595.5,599,0
02/08/1985,599.5,599.5,595,596.75,0
02/11/1985,593.5,593.5,586,589.75,0
02/12/1985,587.5,588,576.5,577,0
02/13/1985,577.5,581.25,576.25,579.25,0
02/14/1985,578.5,581.25,571.5,573.5,0
02/15/1985,576.5,582,574.25,581,0
02/19/1985,588,591.5,583,590.75,0
02/20/1985,590.5,593.5,587,592.5,0
02/21/1985,590,592,584,591.25,0
02/22/1985,587,589.5,584.75,586.25,0
02/25/1985,579,579,572,575.75,0
02/26/1985,576,581.5,574.5,577.5,0
02/27/1985,582,583,574.5,576.75,0
02/28/1985,576,576.5,572.5,573,0
03/01/1985,573,578,572.5,576.5,0
03/04/1985,573,576.25,570.75,575.75,0
03/05/1985,576,581,573.25,580.25,0
03/06/1985,584,586,581,582.5,0
03/07/1985,583,584,578.5,582,0
03/08/1985,583,589,581.5,585.25,0
03/11/1985,588,589.5,587.5,588.25,0
03/12/1985,584,587,582.5,582.75,0
03/13/1985,584,589,584,584.75,0
03/14/1985,585,591,583.75,590.25,0
03/15/1985,593,594.5,590,591.5,0
03/18/1985,594,599.5,592,597.75,0
03/19/1985,603,610,602,609,0
03/20/1985,604,607,601.25,603.25,0
03/21/1985,608,611.75,603.5,604.5,0
03/22/1985,603,609,600.5,604.5,0
03/25/1985,604,606.5,602.5,606.25,0
03/26/1985,610,612,605.25,607.25,0
03/27/1985,613,614,607,608,0
03/28/1985,607,608.5,604,607.25,0
03/29/1985,610,610.5,604,605.5,0
04/01/1985,601.5,602.25,599,599.75,0
04/02/1985,601,601,597,600.75,0
04/03/1985,600,603.75,598.75,601.75,0
04/04/1985,599.5,604.5,598.75,604,0
04/08/1985,603,608.5,602,607.5,0
04/09/1985,605.5,609.75,604.25,604.5,0
04/10/1985,606.5,607.5,601.25,601.75,0
04/11/1985,605,608.5,604,608,0
04/12/1985,606,609.75,598.5,599.25,0
04/15/1985,600,602,594,595,0
04/16/1985,592,597,592,594.5,0
04/17/1985,594.5,596.5,591,592,0
04/18/1985,594.5,596.75,593.5,595.75,0
04/19/1985,602.5,605,598.25,604.25,0
04/22/1985,604.5,607,602.5,603.75,0
04/23/1985,602,604.25,599.5,602,0
04/24/1985,603.5,607.5,602,607.25,0
04/25/1985,607,612.75,606.5,606.75,0
04/26/1985,606,606.5,603.5,604.25,0
04/29/1985,602,606.25,600.25,601.25,0
04/30/1985,601,602,592.5,594.5,0
05/01/1985,593,597,592,595.25,0
05/02/1985,593.5,593.5,585,586.25,0
05/03/1985,587,587.75,581.25,581.5,0
05/06/1985,581.5,588,580.5,587.75,0
05/07/1985,588,590,577,579.75,0
05/08/1985,578.5,583.5,577,580.75,0
05/09/1985,582,587,581.5,585.75,0
05/10/1985,586.5,590,586.5,589.75,0
05/13/1985,587.5,587.5,580.5,583.5,0
05/14/1985,584,586.75,580.5,583.25,0
05/15/1985,582,585.25,580,581.5,0
05/16/1985,580.5,582.25,574.75,576,0
05/17/1985,576,577.5,570.5,571.75,0
05/20/1985,573,574.5,569.25,574.25,0
05/21/1985,573,575.5,567.5,568.25,0
05/22/1985,568.5,571,565,570,0
05/23/1985,569.5,572,568.25,571.5,0
05/24/1985,571.5,572,566.75,568.25,0
05/28/1985,564.5,564.5,556.5,556.75,0
05/29/1985,556.75,561.75,556.75,559.5,0
05/30/1985,560,563.75,558,563.5,0
05/31/1985,564.5,570.5,563.5,567.5,0
06/03/1985,566,570,563.5,564.5,0
06/04/1985,563,564,560,562.5,0
06/05/1985,563,568.5,561.75,567.75,0
06/06/1985,569.5,577.5,569.5,577.25,0
06/07/1985,578.5,598,578.5,594.75,0
06/10/1985,589,589,579.25,582.75,0
06/11/1985,577,587.5,575.75,586.75,0
06/12/1985,589,594,582.5,583.5,0
06/13/1985,583,590,581.5,589.5,0
06/14/1985,594,594,579,583.5,0
06/17/1985,579.5,581,575.5,580.75,0
06/18/1985,583,585.5,580,585.25,0
06/19/1985,575.5,575.75,570.25,571.25,0
06/20/1985,568,569,564.5,566.25,0
06/21/1985,565,572.25,565,569.5,0
06/24/1985,567,571.5,566,571.25,0
06/25/1985,573,576,571.25,571.75,0
06/26/1985,572,572.5,566,566.25,0
06/27/1985,564,566,562,562.25,0
06/28/1985,562,564.5,558,558.5,0
07/01/1985,557,558,547,547.5,0
07/02/1985,547.5,552.25,546,550.25,0
07/03/1985,550.25,554,550.25,550.75,0
07/05/1985,554,570,554,566.75,0
07/08/1985,565,572,561.75,566,0
07/09/1985,565,566,559.5,560.25,0
07/10/1985,561,566.75,560,565.5,0
07/11/1985,561,569,560.5,563.5,0
07/12/1985,572,581,572,577.75,0
07/15/1985,568,572.5,565,568.75,0
07/16/1985,569,569.25,557,560.25,0
07/17/1985,564,565.5,557.25,560.75,0
07/18/1985,559,563,556,558.5,0
07/19/1985,554,556,551.25,551.75,0
07/22/1985,548,553,545.5,550.5,0
07/23/1985,553.5,554,536,536.75,0
07/24/1985,535,539.75,532,532.5,0
07/25/1985,533,538,531.25,535.75,0
07/26/1985,536,540.75,533.5,533.75,0
07/29/1985,531,537,526.25,527.25,0
07/30/1985,524.5,528.75,519,519.25,0
07/31/1985,522,524,515.5,521.75,0
08/01/1985,520.5,525.75,519.75,525,0
08/02/1985,527,527.75,520,520.25,0
08/05/1985,516.5,519.75,513.25,518.25,0
08/06/1985,515,522,515,520.75,0
08/07/1985,524,526.5,523.5,524,0
08/08/1985,521.5,522,512,512.5,0
08/09/1985,510,515.5,510,510.75,0
08/12/1985,509.5,516,509,515.25,0
08/13/1985,515,515,509.5,511.25,0
08/14/1985,512,520,512,516.25,0
08/15/1985,517.5,521.75,516.75,521.25,0
08/16/1985,520,520.5,510.25,510.5,0
08/19/1985,509.5,510,505.75,506,0
08/20/1985,504,506.75,500.5,504,0
08/21/1985,508.5,513.5,506.5,512.25,0
08/22/1985,512.5,515,508,514.5,0
08/23/1985,513,515,509,509.5,0
08/26/1985,509,509,505,505.25,0
08/27/1985,503,510.75,503,509.75,0
08/28/1985,511.25,512.5,506,508.25,0
08/29/1985,507.5,511,506.25,508.75,0
08/30/1985,511,512.5,508.25,511.75,0
09/03/1985,510.5,510.5,503.5,504,0
09/04/1985,506,514,502.25,512.5,0
09/05/1985,513.5,519.5,508,516.25,0
09/06/1985,514,514.75,509.25,510,0
09/09/1985,507,507.5,502,502.5,0
09/10/1985,503,507.5,501.5,505.5,0
09/11/1985,507,508,504,506.5,0
09/12/1985,506,510,502.5,508.5,0
09/13/1985,509.5,513,505.75,506.25,0
09/16/1985,505,514.75,504,512.75,0
09/17/1985,513,518.5,511.5,518.25,0
09/18/1985,517,518.5,513.5,515.5,0
09/19/1985,516.5,517.5,511.5,511.75,0
09/20/1985,515,515.5,504.25,508.5,0
09/23/1985,516,523.5,513.25,523,0
09/24/1985,520,524.75,518.25,522,0
09/25/1985,522,527,518.5,520,0
09/26/1985,519,521,516,516.5,0
09/27/1985,516,516.25,513.5,513.75,0
09/30/1985,514,518.5,512.25,512.75,0
10/01/1985,514,515,511.5,513.5,0
10/02/1985,513,513.5,507,507.25,0
10/03/1985,507,511.75,506.5,507.5,0
10/04/1985,508,510.25,505.5,507.25,0
10/07/1985,503,505,499.75,503.25,0
10/08/1985,504,507.75,503.5,506,0
10/09/1985,509,510.25,506.5,506.75,0
10/10/1985,508,510.5,505.25,505.5,0
10/11/1985,505.5,507,501.25,502,0
10/14/1985,500.5,504,500.5,503.5,0
10/15/1985,502.5,504.5,501.5,503.5,0
10/16/1985,501,501,497.5,499.75,0
10/17/1985,500.5,504.75,500.25,504.25,0
10/18/1985,506,507.5,503,504,0
10/21/1985,505,506,502,504.75,0
10/22/1985,518,524.5,517.75,522.25,0
10/23/1985,520.5,521.5,518,518,0
10/24/1985,517.5,518.5,515.75,516,0
10/25/1985,513.5,514.5,512.75,513,0
10/28/1985,511,517,510,512.25,0
10/29/1985,514,516.75,513.75,515.75,0
10/30/1985,517.5,518,515.75,516.25,0
10/31/1985,518.5,529.5,518.5,527.5,0
11/01/1985,528.5,531.5,526.25,528.25,0
11/04/1985,525,532,525,527.5,0
11/05/1985,526.5,532,525.25,531.75,0
11/06/1985,535.5,535.5,526.25,528.75,0
11/07/1985,528,530.5,525.75,527,0
11/08/1985,529,534,529,529.5,0
11/11/1985,532.5,532.5,529.5,530.25,0
11/12/1985,530.75,531,527.5,530.25,0
11/13/1985,531,533,525,525.25,0
11/14/1985,524.5,526.25,520.25,520.5,0
11/15/1985,519.5,520,506.5,507.25,0
11/18/1985,507.5,509.25,491.5,492.75,0
11/19/1985,499,502.75,495,499.75,0
11/20/1985,500,501.5,490,493,0
11/21/1985,488,488,478,485.25,0
11/22/1985,488.5,491.5,485.5,488.75,0
11/25/1985,486,486,478.75,484.75,0
11/26/1985,487.5,492.5,487,492,0
11/27/1985,493,497.75,491.25,497.5,0
11/29/1985,502.5,505,498.75,499,0
12/02/1985,501,501,489.25,494.25,0
12/03/1985,492,504.5,490.5,503.75,0
12/04/1985,510,511.75,505.5,510.5,0
12/05/1985,508,511,506.25,507.5,0
12/06/1985,507.5,511.5,505.75,508,0
12/09/1985,507,515,506.5,513.25,0
12/10/1985,514.5,518.5,512,518.25,0
12/11/1985,516,521.25,513.5,513.75,0
12/12/1985,516,526.5,516,525,0
12/13/1985,518,525,516,522.25,0
12/16/1985,522,530.5,520.5,527,0
12/17/1985,529,533,525,526,0
12/18/1985,524,528,520,522.25,0
12/19/1985,535.5,550,534.75,549,0
12/20/1985,549,553.75,543.5,546.25,0
12/23/1985,546,547.5,544.5,547.25,0
12/24/1985,548,551,542.25,550.25,0
12/26/1985,550.5,555.5,548,548.75,0
12/27/1985,551,551,539,539.75,0
12/30/1985,544.5,545.75,542,544,0
12/31/1985,545.5,545.5,542.5,542.75,0
01/02/1986,542.5,551.75,540,548.5,0
01/03/1986,546,547.5,537.5,541,0
01/06/1986,543.5,545,538,544.25,0
01/07/1986,550.5,557,549,552.75,0
01/08/1986,552,555,548,554.5,0
01/09/1986,551.5,555.5,543,553.75,0
01/10/1986,550,550.5,543.5,544.5,0
01/13/1986,539,539,530,530.25,0
01/14/1986,525.5,536,525.5,535.5,0
01/15/1986,540,548,540,546.75,0
01/16/1986,548.5,549,542,542.5,0
01/17/1986,541,545,538,539.5,0
01/20/1986,537.5,548,535.5,547,0
01/21/1986,547,547,535.5,536,0
01/22/1986,537,542.25,535,540.5,0
01/23/1986,540.5,543,536.5,537.25,0
01/24/1986,539,541.75,534,539.75,0
01/27/1986,541,542.5,537.5,539,0
01/28/1986,539.5,542,537,540.5,0
01/29/1986,541,541,537,538.75,0
01/30/1986,538.25,542.75,538.25,540.5,0
01/31/1986,537,537,532,533,0
02/03/1986,531.5,532,527.5,527.75,0
02/04/1986,524.5,529.75,524.5,528.25,0
02/05/1986,531.25,535.5,531.25,535.25,0
02/06/1986,536,536,529.75,531.5,0
02/07/1986,531,535.5,529.25,530.75,0
02/10/1986,531,533,529.25,532.75,0
02/11/1986,532,537,529.25,532,0
02/12/1986,532,533.5,523,523.5,0
02/13/1986,523,527.75,523,527.5,0
02/14/1986,527,528.5,526,527,0
02/18/1986,526,528.75,524.75,525.25,0
02/19/1986,534,536.25,528,528.25,0
02/20/1986,529,529.5,523.25,524.75,0
02/21/1986,525.5,530,524.75,529.5,0
02/24/1986,530,530,526,527,0
02/25/1986,527.5,529.25,525,525.25,0
02/26/1986,524,527.5,524,524.75,0
02/27/1986,528,530.75,526,529,0
02/28/1986,528.5,530,526.5,529.75,0
03/03/1986,529.5,529.75,527.25,527.75,0
03/04/1986,529,535.75,528.75,534.5,0
03/05/1986,531.5,534.25,530,533,0
03/06/1986,534.5,538.5,533.75,538.25,0
03/07/1986,537.75,538,533,533.75,0
03/10/1986,531,537.25,531,536.75,0
03/11/1986,537,537.75,534,534.75,0
03/12/1986,534.5,539.75,534.5,539.5,0
03/13/1986,541,541,536,537.25,0
03/14/1986,538.5,539.5,537,537.5,0
03/17/1986,538,540.5,537.5,538.25,0
03/18/1986,539.5,540.75,538.25,540.5,0
03/19/1986,538,541.25,534.75,537.25,0
03/20/1986,538,538.5,532,533.25,0
03/21/1986,532,536,532,534.5,0
03/24/1986,532,534,531,532.25,0
03/25/1986,531,534.5,528.5,534.25,0
03/26/1986,535,536.5,534,536,0
03/27/1986,536,536.75,534.25,535.25,0
03/31/1986,534.5,548,533.5,541.5,0
04/01/1986,543,545,538.5,543,0
04/02/1986,542,543.75,538,538.5,0
04/03/1986,538,538.5,525,526,0
04/04/1986,528,529,521.5,523,0
04/07/1986,523.5,527.5,523.5,526.75,0
04/08/1986,529,529.5,526.25,528.75,0
04/09/1986,528,528,520.75,523,0
04/10/1986,524.5,529.25,521.5,524.75,0
04/11/1986,524,526.5,522.75,524.5,0
04/14/1986,524,525.25,521.5,524.75,0
04/15/1986,524,526.25,523.75,525.75,0
04/16/1986,526,527.5,521.5,522.5,0
04/17/1986,522,525.25,519.5,524.75,0
04/18/1986,525.5,526.25,523.25,525.25,0
04/21/1986,520.5,521.75,518.5,521.25,0
04/22/1986,521.5,528,520.75,524.5,0
04/23/1986,526,526,521.75,523.5,0
04/24/1986,523,524,521,522.75,0
04/25/1986,523.75,524.5,521.75,522.75,0
04/28/1986,522,525,521,524.75,0
04/29/1986,525,538.5,525,533.5,0
04/30/1986,536.5,563.5,533.5,551,0
05/01/1986,550,550,533,534.5,0
05/02/1986,531,537,531,534,0
05/05/1986,537,538,534,537.75,0
05/06/1986,536,538.25,531.75,536.25,0
05/07/1986,534.5,535.75,530.5,533,0
05/08/1986,537,554,537,539,0
05/09/1986,541,543.5,537,542.25,0
05/12/1986,538.5,539,532.5,536.5,0
05/13/1986,538,542,538,540,0
05/14/1986,539,540.5,537,539.25,0
05/15/1986,540,541.75,528.5,530.5,0
05/16/1986,528,532,527,530.5,0
05/19/1986,528,531.5,527,531.25,0
05/20/1986,530.75,532.5,529,531.5,0
05/21/1986,532,533.5,529.5,529.75,0
05/22/1986,530.5,532.5,529.25,531.75,0
05/23/1986,531,533,530.5,532.25,0
05/27/1986,531,535,530,532.5,0
05/28/1986,533,533.75,531,532.75,0
05/29/1986,532,533.5,531,531.25,0
05/30/1986,531.5,531.5,525,525.25,0
06/02/1986,526,527.75,523,525.75,0
06/03/1986,528,528.25,525.25,527.5,0
06/04/1986,529,529.75,526.5,529,0
06/05/1986,529.5,532.75,529,532.25,0
06/06/1986,534,534,532,533.75,0
06/09/1986,533,533,529,530,0
06/10/1986,530,533,529.5,532.75,0
06/11/1986,532.5,533.5,530.75,533.25,0
06/12/1986,533,533,531.25,532,0
06/13/1986,531,532,527.5,527.75,0
06/16/1986,529,530.25,526.5,526.75,0
06/17/1986,526.5,532.5,525.5,527.5,0
06/18/1986,530,531.75,528.5,531,0
06/19/1986,522,525,522,524.75,0
06/20/1986,523.5,524.25,521.75,522.75,0
06/23/1986,522,522,520.25,521,0
06/24/1986,520,520.75,516,516.25,0
06/25/1986,516.5,517,512,512.5,0
06/26/1986,511,513.75,511,511.25,0
06/27/1986,511,512.25,509.25,510.75,0
06/30/1986,509.5,509.5,502,502.25,0
07/01/1986,501,502.75,498.75,499.25,0
07/02/1986,500.5,505,500.5,504.75,0
07/03/1986,507,508.5,506,506.75,0
07/07/1986,505.5,505.5,499,502.5,0
07/08/1986,501,509,501,505.5,0
07/09/1986,509,510.5,506.5,506.75,0
07/10/1986,506,507.5,504.5,507.25,0
07/11/1986,507,511.5,507,508.75,0
07/14/1986,506,510.75,506,510,0
07/15/1986,513.5,516.5,513.5,516.25,0
07/16/1986,520,529,517.25,527.5,0
07/17/1986,525,526.75,521,521.25,0
07/18/1986,519.5,522.5,518.25,520.5,0
07/21/1986,523.5,528.25,523.5,527.25,0
07/22/1986,510.5,510.5,504.25,507.25,0
07/23/1986,511,511.5,507.25,507.75,0
07/24/1986,507.5,508,500.75,501,0
07/25/1986,498.5,505.5,497,505.25,0
07/28/1986,507.5,509.5,504,505.25,0
07/29/1986,505.5,506.5,503,503.5,0
07/30/1986,512,512,509,509.5,0
07/31/1986,506.5,506.5,498.25,500.25,0
08/01/1986,498,505,492,499,0
08/04/1986,490,492.5,489,490,0
08/05/1986,488.5,488.5,482,482,0
08/06/1986,479,482.25,479,481,0
08/07/1986,482.5,482.75,475.5,476.25,0
08/08/1986,476,478.75,475.25,475.5,0
08/11/1986,474,479.5,473.5,477.5,0
08/12/1986,477.75,479,475.5,476.25,0
08/13/1986,470,474,467.5,473.75,0
08/14/1986,476,485.5,475.5,481.75,0
08/15/1986,484,484.5,479.5,481,0
08/18/1986,483,489.5,480,487,0
08/19/1986,493,493,478,478.25,0
08/20/1986,470,471.5,468,468.5,0
08/21/1986,468.5,473.75,468.5,471.25,0
08/22/1986,474,474.5,466.75,468.5,0
08/25/1986,468,471,465.25,468.25,0
08/26/1986,469.5,471.5,467.75,468.75,0
08/27/1986,469.5,472.5,467.25,470.75,0
08/28/1986,471.5,472.5,469.5,469.75,0
08/29/1986,473,480,473,479.5,0
09/02/1986,473,473,467.25,470,0
09/03/1986,470,473.75,468.5,473,0
09/04/1986,476.5,477.5,473.75,477.25,0
09/05/1986,480,480,475.75,478.25,0
09/08/1986,475.5,477.75,473.5,477,0
09/09/1986,480,481,475.5,478.5,0
09/10/1986,477.5,480,473,473.25,0
09/11/1986,473,474.5,471.25,474.25,0
09/12/1986,477,477.5,474.25,476.5,0
09/15/1986,474,474.75,472.5,473.25,0
09/16/1986,473,476,472.5,475.25,0
09/17/1986,477,477.5,475.5,477.25,0
09/18/1986,479.5,482,479.25,481.75,0
09/19/1986,483,488.5,483,486.5,0
09/22/1986,487.5,490.5,485,486.5,0
09/23/1986,487,490.5,484.5,488.5,0
09/24/1986,491,494,484,484.25,0
09/25/1986,482,483,479,480.5,0
09/26/1986,482,483.25,479.5,481.75,0
09/29/1986,486.5,490.5,486,490,0
09/30/1986,495,495,486,486.5,0
10/01/1986,487.5,489,484.75,488.25,0
10/02/1986,487,490,485,487.25,0
10/03/1986,488,489.5,481.5,482,0
10/06/1986,477.5,477.5,469.75,470,0
10/07/1986,470,472,469,469.5,0
10/08/1986,469,473.75,469,472.75,0
10/09/1986,473.5,476.25,471.5,471.75,0
10/10/1986,473,474,471.5,472.25,0
10/13/1986,469.75,474,469,472.25,0
10/14/1986,470.5,474.5,470.5,474.25,0
10/15/1986,473,473.5,471.5,472.75,0
10/16/1986,471,477.25,471,476.75,0
10/17/1986,478,478,473.75,474,0
10/20/1986,472,481,472,480.5,0
10/21/1986,481,483,477.5,482.5,0
10/22/1986,493,495.5,491,493.5,0
10/23/1986,492.5,493,488.5,489,0
10/24/1986,487,492.5,486,491,0
10/27/1986,492,499.5,491.75,499.25,0
10/28/1986,503,503.5,496.5,498.25,0
10/29/1986,494,495.5,492.5,493.5,0
10/30/1986,493.5,503.5,493,502.5,0
10/31/1986,500,504.5,498.75,500,0
11/03/1986,498,502.5,498,500.75,0
11/04/1986,502.5,504.75,499.25,499.5,0
11/05/1986,497,503,496.75,502.75,0
11/06/1986,501.5,502.5,498.25,500.75,0
11/07/1986,499,501.5,498.75,500.25,0
11/10/1986,499.5,502.25,499,500.25,0
11/11/1986,498,501.25,497.25,500,0
11/12/1986,499.5,501.25,498.75,500.25,0
11/13/1986,501,505.75,500.75,504.25,0
11/14/1986,505,507.25,502.5,503.25,0
11/17/1986,501,501.5,495.5,495.75,0
11/18/1986,496,498.25,494.5,497.5,0
11/19/1986,498.5,502.25,497.5,502,0
11/20/1986,503,503,499.5,500.25,0
11/21/1986,500,500,497.75,498,0
11/24/1986,497.5,498,495.5,496,0
11/25/1986,497,498.5,496.5,497.75,0
11/26/1986,498,503,498,503,0
11/28/1986,504,506,503.25,503.5,0
12/01/1986,504.5,504.75,502.75,503.75,0
12/02/1986,503.5,503.5,500.75,502,0
12/03/1986,502,502.5,500.5,501.75,0
12/04/1986,501,501,496.75,497.25,0
12/05/1986,497.5,498.75,496.5,497.5,0
12/08/1986,497,498,495.75,496,0
12/09/1986,495.75,495.75,491.5,491.75,0
12/10/1986,491.25,494,491.25,493.75,0
12/11/1986,492,492.75,488.5,488.75,0
12/12/1986,487.25,489.5,485.75,486.25,0
12/15/1986,486.25,488.5,485.5,487.25,0
12/16/1986,487,488.25,486.25,488,0
12/17/1986,487.5,487.75,484,485.5,0
12/18/1986,486.5,486.5,483.75,485.25,0
12/19/1986,488,489.25,487.5,488.5,0
12/22/1986,488,492.5,488,492.25,0
12/23/1986,493,493,490,491,0
12/24/1986,492,493,491.5,493,0
12/26/1986,493,495,493,495,0
12/29/1986,496,496,490,490.5,0
12/30/1986,490.5,492.75,489,492.5,0
12/31/1986,492.5,495,492.5,494.75,0
01/02/1987,495.5,495.75,491.5,491.75,0
01/05/1987,491,493,486.75,492.75,0
01/06/1987,492,493.5,487.75,488.25,0
01/07/1987,487.75,492.5,487,492.25,0
01/08/1987,494,497,493.5,495.25,0
01/09/1987,495.25,496,493,494.75,0
01/12/1987,496,497.5,495,496.75,0
01/13/1987,497.5,497.5,494.25,494.5,0
01/14/1987,494.25,498.5,494,498,0
01/15/1987,498,499.5,496.5,497.25,0
01/16/1987,497,499,495.5,497.75,0
01/19/1987,499.25,499.75,497.75,499.25,0
01/20/1987,498.25,499.5,494.75,495,0
01/21/1987,494,496.75,492.75,496.5,0
01/22/1987,497.5,498.75,496.5,497,0
01/23/1987,496.5,501.75,495.75,500.25,0
01/26/1987,499.5,501,497,500.75,0
01/27/1987,501,502.75,499.5,501.5,0
01/28/1987,500.75,501,497.5,498.5,0
01/29/1987,500,501.5,498.5,501.25,0
01/30/1987,499,500.75,498.5,500.25,0
02/02/1987,499.75,499.75,497.25,498.75,0
02/03/1987,499.5,501.75,498.5,500,0
02/04/1987,499.5,500,497.75,498,0
02/05/1987,497,497.75,492.5,493,0
02/06/1987,492,494.25,491.5,492.25,0
02/09/1987,492,493.25,490.25,492.25,0
02/10/1987,492.5,494,492.25,492.75,0
02/11/1987,492.25,493.75,491.75,492.75,0
02/12/1987,492.75,492.75,486.5,486.75,0
02/13/1987,487.25,488,484.25,484.5,0
02/17/1987,483.5,488.5,482.5,487.25,0
02/18/1987,485.5,485.5,482,483,0
02/19/1987,482,485,482,484,0
02/20/1987,487,488.25,486.25,487,0
02/23/1987,486.5,487,484.25,485.25,0
02/24/1987,484.5,486.75,484.5,485.5,0
02/25/1987,484.25,484.75,481.5,482.25,0
02/26/1987,481.5,483,480.25,480.5,0
02/27/1987,480,483.25,478.5,483,0
03/02/1987,483.5,487.75,483.5,485.25,0
03/03/1987,485.25,487,482.5,486.5,0
03/04/1987,486.5,486.5,484.75,485.5,0
03/05/1987,486.5,489.25,486,488.5,0
03/06/1987,489.5,490.75,488.5,490,0
03/09/1987,490.5,492,489.25,491.75,0
03/10/1987,490.5,491.5,488,488.25,0
03/11/1987,488.25,490,488,489.5,0
03/12/1987,489.75,491,489.5,490.75,0
03/13/1987,492,494.25,492,493,0
03/16/1987,491.5,492,489.25,489.5,0
03/17/1987,488.75,490.75,488.75,490.5,0
03/18/1987,489.5,491.75,489.5,491.25,0
03/19/1987,492,492.5,491.25,492,0
03/20/1987,491.5,491.5,487.75,488,0
03/23/1987,487.75,489.5,486.5,487.75,0
03/24/1987,488.25,490,487.25,490,0
03/25/1987,490,495,489.25,494.5,0
03/26/1987,493,494.75,492,493.5,0
03/27/1987,491.5,496.5,491,496.25,0
03/30/1987,497,498,492.5,497.75,0
03/31/1987,496.5,497.75,495.75,496.5,0
04/01/1987,498.5,502,498,499.75,0
04/02/1987,498,499.75,496.5,497.75,0
04/03/1987,497,500,497,497.25,0
04/06/1987,497,499.75,496.5,499.75,0
04/07/1987,499.5,505,499.5,504.5,0
04/08/1987,503.5,506,502.25,505.75,0
04/09/1987,506.5,511.5,506.25,510.75,0
04/10/1987,510,512,508.75,509,0
04/13/1987,509,514,508.25,513.75,0
04/14/1987,520,524,515.5,518.25,0
04/15/1987,513.5,515,512.75,513,0
04/16/1987,512.5,515.5,511.25,513.25,0
04/20/1987,514,518,514,517.5,0
04/21/1987,522.5,522.5,516.75,517.75,0
04/22/1987,515.5,517.25,512.25,517,0
04/23/1987,518.5,523.25,517.25,520.25,0
04/24/1987,524.5,532,523,528,0
04/27/1987,535,536.5,521,521.5,0
04/28/1987,522,526.25,518.75,526,0
04/29/1987,527,532,524,531.5,0
04/30/1987,530.5,538.5,529,537,0
05/01/1987,535,540.5,533.5,536.75,0
05/04/1987,536,548,533.75,546.5,0
05/05/1987,541,545.5,539,539.75,0
05/06/1987,540.5,545.25,538,543.25,0
05/07/1987,542,556,542,555.25,0
05/08/1987,552.5,559,551.5,558.5,0
05/11/1987,559.5,578.5,559.5,578.25,0
05/12/1987,572,580,560,564.5,0
05/13/1987,558,573,558,571.25,0
05/14/1987,577,592.5,575.5,583.5,0
05/15/1987,585,590,578,581,0
05/18/1987,560,566,551,551,0
05/19/1987,551,560,549,554.5,0
05/20/1987,551,558,547,549,0
05/21/1987,547,560.5,547,559.75,0
05/22/1987,559,562.5,551.5,558.5,0
05/26/1987,553,553,537,545,0
05/27/1987,547.5,555.5,547,554.5,0
05/28/1987,556.5,559.5,550.5,551.75,0
05/29/1987,552,554,548.5,548.75,0
06/01/1987,546,550,540,549.5,0
06/02/1987,556,559,551.5,553.25,0
06/03/1987,551,564.5,550,562.25,0
06/04/1987,562.5,565,558.5,559,0
06/05/1987,566,569,562,565.5,0
06/08/1987,570,572,555,557.25,0
06/09/1987,560,561,554.5,557.75,0
06/10/1987,556,561,554.5,560.25,0
06/11/1987,563,572.5,563,568.5,0
06/12/1987,568,576,568,574.5,0
06/15/1987,587,604,587,602.75,0
06/16/1987,602,603.5,594.5,596,0
06/17/1987,591,592,576.5,582.5,0
06/18/1987,584,585,570.5,573.25,0
06/19/1987,577,580,568.5,568.75,0
06/22/1987,557,557,538.75,538.75,0
06/23/1987,541,548.75,540.25,548.25,0
06/24/1987,554,561.25,552.5,559.5,0
06/25/1987,557,557,546.5,550,0
06/26/1987,556,558.5,550.5,553.75,0
06/29/1987,544.5,546,535.5,539,0
06/30/1987,539,542.25,538.25,541.75,0
07/01/1987,542.5,543.5,531,536.25,0
07/02/1987,538,541.75,537.75,541,0
07/06/1987,535,545,535,544.75,0
07/07/1987,546.5,552.25,544.75,550,0
07/08/1987,550.5,552,533,535,0
07/09/1987,540,540,536.5,538,0
07/10/1987,540,543,537,538.5,0
07/13/1987,535,536.5,530.5,531.25,0
07/14/1987,537,539,535.25,536.25,0
07/15/1987,535.5,540,535,536.25,0
07/16/1987,536.5,537,522,526.5,0
07/17/1987,526.5,528,518.5,519.25,0
07/20/1987,530,539.5,530,539.25,0
07/21/1987,538,539,527,530.5,0
07/22/1987,522,524,508,517.5,0
07/23/1987,519,522,515,517.25,0
07/24/1987,515.5,522,514.5,519.5,0
07/27/1987,526,529,523,527,0
07/28/1987,532,537.5,531.5,534.75,0
07/29/1987,541,541,522.5,523,0
07/30/1987,525,528.5,523,523.5,0
07/31/1987,526,529,524,524.5,0
08/03/1987,526.5,528,501,509.25,0
08/04/1987,509,510,502,502.25,0
08/05/1987,503,506.25,500,505.25,0
08/06/1987,504,505.75,500,500.25,0
08/07/1987,497.5,501.75,496.5,500.75,0
08/10/1987,500,503,498.5,501,0
08/11/1987,502.5,505,501.5,504.25,0
08/12/1987,495,505.5,495,504.25,0
08/13/1987,504.5,509,501,501,0
08/14/1987,498,506,498,506,0
08/17/1987,506,508.5,504.5,508.5,0
08/18/1987,509,510.5,507,508.25,0
08/19/1987,509,513,507.5,512.25,0
08/20/1987,510.5,512.5,506.75,507.75,0
08/21/1987,508,511.5,505.25,510.25,0
08/24/1987,508.5,510,505.5,508.75,0
08/25/1987,509,511.75,506.75,510,0
08/26/1987,512.5,514.5,511,512.75,0
08/27/1987,514.5,514.5,510,514,0
08/28/1987,513.5,513.5,507,507.25,0
08/31/1987,506.5,507,503,504.25,0
09/01/1987,503.75,506,503,504.25,0
09/02/1987,506,511.5,505.25,510.75,0
09/03/1987,510.5,514.5,509.5,511.75,0
09/04/1987,512.5,516.5,511,515.5,0
09/08/1987,513.5,521.5,513,520.5,0
09/09/1987,521.5,524,517.5,519.5,0
09/10/1987,518,525.5,517.5,525.25,0
09/11/1987,528,530,524.5,529,0
09/14/1987,526,533.5,525.5,532.5,0
09/15/1987,532.5,535,526,527,0
09/16/1987,527,538,525.75,535,0
09/17/1987,534,538,532,532.75,0
09/18/1987,533.5,538,531.5,533.25,0
09/21/1987,531,533.25,528.75,529.75,0
09/22/1987,529,529,526.25,527,0
09/23/1987,525,530.75,524,529,0
09/24/1987,529,529.5,525,525.25,0
09/25/1987,525,527.25,522,522.25,0
09/28/1987,523,528.5,522,526,0
09/29/1987,526.75,532,524.5,531,0
09/30/1987,531,533.75,529.5,532,0
10/01/1987,537,545.5,537,544.5,0
10/02/1987,544.5,548.5,541,541.25,0
10/05/1987,540,543.5,539,539.75,0
10/06/1987,539.5,540.5,537,537.75,0
10/07/1987,536.5,544.75,536.25,542.5,0
10/08/1987,541.5,545,540.5,543.25,0
10/09/1987,550,550,537,540.25,0
10/12/1987,537,540,534,535.5,0
10/13/1987,536,542,535,540.5,0
10/14/1987,543,548,543,545.5,0
10/15/1987,546,547.5,541,542.75,0
10/16/1987,542,544,540,543.75,0
10/19/1987,548,549,513.75,523.5,0
10/20/1987,531,537.5,520.5,535,0
10/21/1987,546,548.75,543.5,545.25,0
10/22/1987,535,546,535,544.75,0
10/23/1987,544.5,551,544,548.5,0
10/26/1987,546.5,547,536.5,546.5,0
10/27/1987,550,552.5,545,548,0
10/28/1987,546,549.5,544,544.5,0
10/29/1987,544,544.75,539.5,541.25,0
10/30/1987,541.25,545.5,541,541.5,0
11/02/1987,539.5,542.25,535.5,536.75,0
11/03/1987,535.5,536.5,531.5,532.75,0
11/04/1987,531.5,537.5,531.5,537.25,0
11/05/1987,538,551,538,546,0
11/06/1987,545.5,552,545,551.5,0
11/09/1987,555,555.5,551.5,553.25,0
11/10/1987,553,557.5,551.25,555.25,0
11/11/1987,555,562.25,553,553.5,0
11/12/1987,557,562,552.5,561.5,0
11/13/1987,565.5,580,564.5,569.75,0
11/16/1987,569.5,569.5,565.5,566.75,0
11/17/1987,568,574.5,563,574,0
11/18/1987,576,576,570.25,570.75,0
11/19/1987,569.5,579.5,567.5,578.5,0
11/20/1987,585,593,581.5,592.5,0
11/23/1987,589,593.5,586,589.25,0
11/24/1987,587,597.5,583.25,597,0
11/25/1987,596.5,600.75,593.5,600,0
11/27/1987,603.5,613.5,603,610.75,0
11/30/1987,607,608.5,594,605.25,0
12/01/1987,606.5,614.5,602.5,613,0
12/02/1987,614.5,614.5,595,601,0
12/03/1987,596,601,585.5,600.5,0
12/04/1987,599,602.5,586.25,587,0
12/07/1987,584,592,578.5,589.75,0
12/08/1987,591,593.5,582,587.25,0
12/09/1987,588,593.75,584,590.75,0
12/10/1987,589.5,599.5,588.5,598.5,0
12/11/1987,597,598.5,589,590,0
12/14/1987,591,594,588,588.75,0
12/15/1987,591,591,580.75,583.5,0
12/16/1987,581,584.5,578,581,0
12/17/1987,577.5,589.5,575,589.25,0
12/18/1987,587,594,587,592.5,0
12/21/1987,606,614,604.5,613.5,0
12/22/1987,611,613.75,609.5,610.5,0
12/23/1987,609,619,607.75,618.5,0
12/24/1987,618.5,621,614.5,615.25,0
12/28/1987,621,622,603,603.5,0
12/29/1987,603,610.5,600,610.25,0
12/30/1987,609,615,606.5,614,0
12/31/1987,614.5,615.75,610,614.75,0
01/04/1988,613.5,628,612,625,0
01/05/1988,623.5,627.75,620.25,621.25,0
01/06/1988,623,634,622.5,633.5,0
01/07/1988,633,637.5,625.5,626.5,0
01/08/1988,628,633,618,632,0
01/11/1988,629,632,618,623,0
01/12/1988,620.5,626,612,612.5,0
01/13/1988,612,622.5,611,621.5,0
01/14/1988,620.5,624,618.5,620.5,0
01/15/1988,637,641.5,630,631,0
01/18/1988,627,632.5,625,630.25,0
01/19/1988,628,634.5,622.5,629.5,0
01/20/1988,630,635,623.5,626,0
01/21/1988,623,626,621,623.75,0
01/22/1988,622.5,633,621.5,631.75,0
01/25/1988,635.5,638,629.5,630.75,0
01/26/1988,630,632,620,621.5,0
01/27/1988,619.5,623.75,614,614.75,0
01/28/1988,616,617.5,605,605.75,0
01/29/1988,604,611,601,609.5,0
02/01/1988,606.5,612,604.5,608.25,0
02/02/1988,607,608,596,597,0
02/03/1988,602,605.5,594.5,603,0
02/04/1988,603.5,611.5,601,611,0
02/05/1988,611,614,605.5,608.5,0
02/08/1988,607,609.5,604,605.75,0
02/09/1988,603.5,610.25,602,609.75,0
02/10/1988,610.25,614,607,612.75,0
02/11/1988,613.5,621.5,613.5,621,0
02/12/1988,620.5,629,616,627.5,0
02/16/1988,624,626.25,620,620.5,0
02/17/1988,621,635,618.25,633.5,0
02/18/1988,639.5,644,635,638,0
02/19/1988,640,656,635.5,643,0
02/22/1988,641.5,647.5,636,637,0
02/23/1988,634.5,638.5,624,632,0
02/24/1988,634,635.5,628.5,634,0
02/25/1988,631,636,627,628.25,0
02/26/1988,627,634.5,625,634,0
02/29/1988,635,644,633,642.5,0
03/01/1988,642,644,639.5,641.5,0
03/02/1988,642.5,642.75,636,636.5,0
03/03/1988,635.5,637.5,628,629,0
03/04/1988,628,628,618,619.5,0
03/07/1988,619.5,623.75,618,619.5,0
03/08/1988,622.5,625.75,621.5,623.75,0
03/09/1988,624,625,612.5,613.25,0
03/10/1988,614.5,617.25,608,610.25,0
03/11/1988,610,616,608.75,615,0
03/14/1988,615.5,623,615.5,622.75,0
03/15/1988,623.5,623.5,619.5,622.75,0
03/16/1988,624,624.5,617.5,619.25,0
03/17/1988,619,634,619,633.75,0
03/18/1988,632,636.5,628,630.5,0
03/21/1988,634,640.5,632.5,637.75,0
03/22/1988,636,644,635,643,0
03/23/1988,643,644.5,636.5,639.75,0
03/24/1988,640.5,652,637.5,649.25,0
03/25/1988,648,652,646,648.5,0
03/28/1988,649,656,647,655.75,0
03/29/1988,653.5,654.5,650,650.25,0
03/30/1988,649,651,644.5,649,0
03/31/1988,648.5,654,647.25,653.5,0
04/04/1988,671,678,665,668.75,0
04/05/1988,666,672,662.5,670.75,0
04/06/1988,669.5,675.5,665,667.25,0
04/07/1988,665.5,674,661.75,673,0
04/08/1988,676,679,668,678,0
04/11/1988,679,683,677.25,682,0
04/12/1988,678.5,680,674,679.25,0
04/13/1988,679,681,675,675.5,0
04/14/1988,673,678,666.25,677.5,0
04/15/1988,676.5,677.5,658,662.5,0
04/18/1988,662.5,667,659.5,666,0
04/19/1988,665,672.5,665,672,0
04/20/1988,679.5,682,676,676.75,0
04/21/1988,672,672,667,669.25,0
04/22/1988,667.5,674,666.5,672.75,0
04/25/1988,674,675,668.5,669.25,0
04/26/1988,664,687,664,686,0
04/27/1988,683,687.5,681,686.5,0
04/28/1988,685,689.75,684,686.5,0
04/29/1988,685,699,684.5,698.5,0
05/02/1988,700,706.5,695.5,698.5,0
05/03/1988,698.5,703,696,697.5,0
05/04/1988,696,697,692,694.25,0
05/05/1988,694,703,692.5,698.5,0
05/06/1988,700,704.5,700,702.75,0
05/09/1988,699,711.5,698,710.75,0
05/10/1988,712,718,709.5,717,0
05/11/1988,725,728,720,723.75,0
05/12/1988,718,721.5,715.5,716.25,0
05/13/1988,714,728.5,713.5,727.75,0
05/16/1988,745,757.75,745,756.75,0
05/17/1988,757,760.5,750,759,0
05/18/1988,754,769.5,751,766.5,0
05/19/1988,775,794.75,767,768,0
05/20/1988,768,780,764.5,778.75,0
05/23/1988,758,766.5,751,757.5,0
05/24/1988,760.5,785,759.5,783.5,0
05/25/1988,784,790.5,757,759,0
05/26/1988,757,764.5,744.5,754,0
05/27/1988,762,772,760,768,0
05/31/1988,798,798,796,798,0
06/01/1988,798,805.5,790.5,801.75,0
06/02/1988,801,825,799,819,0
06/03/1988,831,849,831,849,0
06/06/1988,879,879,879,879,0
06/07/1988,909,909,866,882,0
06/08/1988,867,880,859,860.5,0
06/09/1988,860,889,851,886,0
06/10/1988,900,914,856,884,0
06/13/1988,893,893,862,877,0
06/14/1988,881,898,878,890,0
06/15/1988,915,920,913,920,0
06/16/1988,950,950,934,941.5,0
06/17/1988,937,971.5,930,971.5,0
06/20/1988,1001.5,1001.5,1001.5,1001.5,0
06/21/1988,1048,1049,1015,1049,0
06/22/1988,1017,1052,1014,1049,0
06/23/1988,1054,1093.5,1023,1025.5,0
06/24/1988,1010,1032,1004,1025,0
06/27/1988,1055,1055,1055,1055,0
06/28/1988,1052,1057,1010,1010,0
06/29/1988,965,965,965,965,0
06/30/1988,965,1005,960,989.5,0
07/01/1988,1005,1011,988,991.5,0
07/05/1988,1000,1000,961.5,961.5,0
07/06/1988,965,988,933,986.5,0
07/07/1988,990,991,956.5,956.5,0
07/08/1988,933,963,918,922,0
07/11/1988,890,890,877,877,0
07/12/1988,879,895,870,884.5,0
07/13/1988,914.5,914.5,914.5,914.5,0
07/14/1988,959.5,959.5,959.5,959.5,0
07/15/1988,957,993,957,991.5,0
07/18/1988,946.5,946.5,946.5,946.5,0
07/19/1988,946.5,946.5,901.5,901.5,0
07/20/1988,865,878,851.5,851.5,0
07/21/1988,850,857,823,842.5,0
07/22/1988,847,851,833,835,0
07/25/1988,825,828,805,805,0
07/26/1988,765,782,760,760,0
07/27/1988,772,785,751,760,0
07/28/1988,765,773,747,748.5,0
07/29/1988,755,778.5,754,778.5,0
08/01/1988,823.5,823.5,823.5,823.5,0
08/02/1988,855,863,841,841.5,0
08/03/1988,843,847,826.5,840.5,0
08/04/1988,853,870.5,853,867.5,0
08/05/1988,877,887,869.5,882.5,0
08/08/1988,860,862,852.5,852.5,0
08/09/1988,858,863,849,860.75,0
08/10/1988,861,873,858.75,869.75,0
08/11/1988,872,873,857,858,0
08/12/1988,888,888,845,846,0
08/15/1988,866,876,865,876,0
08/16/1988,880,892,867,869,0
08/17/1988,864,886,857,884,0
08/18/1988,885,888,876.5,883.25,0
08/19/1988,884,884,870,871,0
08/22/1988,868,868,851.5,851.5,0
08/23/1988,846,856.5,816,818.5,0
08/24/1988,823,852,812,845,0
08/25/1988,846,854,837,847,0
08/26/1988,846.5,851,843,846,0
08/29/1988,840,840,821,838.5,0
08/30/1988,839,860,838,859.25,0
08/31/1988,857,869.5,854.5,867.5,0
09/01/1988,876,888,876,881.5,0
09/02/1988,881,887,875.5,886,0
09/06/1988,890,903,888,900.5,0
09/07/1988,898,905,885.5,897,0
09/08/1988,893,906,887,905.5,0
09/09/1988,899,903,884,891.5,0
09/12/1988,888,889.5,880.5,882,0
09/13/1988,870,898,866,889,0
09/14/1988,889,898,887,893.5,0
09/15/1988,890,903.5,883,885.5,0
09/16/1988,883,884,858,859.5,0
09/19/1988,851,852,829.5,831,0
09/20/1988,833,840,827,831,0
09/21/1988,835,840,834.5,837.5,0
09/22/1988,840,843,815,842,0
09/23/1988,841.5,844,832,832.5,0
09/26/1988,818,822,805,806.25,0
09/27/1988,805,814.5,799,810,0
09/28/1988,812,821,808,812.5,0
09/29/1988,811,813.5,803.5,808,0
09/30/1988,808,818,806.5,813,0
10/03/1988,807,824.5,806,817,0
10/04/1988,817,830,817,829,0
10/05/1988,829,830.5,821.5,823,0
10/06/1988,811,815,803,812.75,0
10/07/1988,809,810,789,790,0
10/10/1988,793.5,796.5,788.5,791.75,0
10/11/1988,792,797,789,793.5,0
10/12/1988,793,795,789,790.25,0
10/13/1988,795,814,791,812,0
10/14/1988,805,811,801,804,0
10/17/1988,804,812,801,810.75,0
10/18/1988,812,816,804,805.5,0
10/19/1988,803.5,807,798.5,806.5,0
10/20/1988,818,819,797,797.5,0
10/21/1988,797,801.5,789,789,0
10/24/1988,787.5,787.5,770,780.5,0
10/25/1988,783,785,775,776.5,0
10/26/1988,776,786.75,768,784,0
10/27/1988,782,785,774,775,0
10/28/1988,771,787,769,786,0
10/31/1988,787,795,787,789.25,0
11/01/1988,789.25,793.25,784.5,790.25,0
11/02/1988,796,813,794.5,805.5,0
11/03/1988,809,811.5,801,804.25,0
11/04/1988,818,819,795,804,0
11/07/1988,800,802,790,801.25,0
11/08/1988,804,809.75,798,809.25,0
11/09/1988,807,809.5,803.5,808.25,0
11/10/1988,805,815.5,781,783,0
11/11/1988,782,786.5,766,772.5,0
11/14/1988,768,775,758,771.5,0
11/15/1988,772,774,757,758,0
11/16/1988,758.5,764.75,755,758,0
11/17/1988,757,757,732,734,0
11/18/1988,736,742.5,729,731,0
11/21/1988,733,747,730.5,746.25,0
11/22/1988,748,754,743.5,750.75,0
11/23/1988,751,756,748,755.25,0
11/25/1988,758,766.5,758,765.75,0
11/28/1988,764,764,744,749.5,0
11/29/1988,747,755,739,753.75,0
11/30/1988,756,764.5,751,763.75,0
12/01/1988,764,764,751.5,758,0
12/02/1988,756.5,770,752.5,768.75,0
12/05/1988,770,772.5,756,756.75,0
12/06/1988,755,775,753,773.25,0
12/07/1988,771,776.5,765.5,768,0
12/08/1988,773,783,769,773.5,0
12/09/1988,771.5,777.25,767.5,773.5,0
12/12/1988,769.5,773.5,765.5,769.25,0
12/13/1988,767,767,758,765.5,0
12/14/1988,765,779,764,778.25,0
12/15/1988,775,781.5,775,775.5,0
12/16/1988,773,786.5,773,786.5,0
12/19/1988,789,794,782.5,793.5,0
12/20/1988,804,804,797,800.5,0
12/21/1988,787,814,787,810,0
12/22/1988,814,814,806,806.5,0
12/23/1988,809.75,814,805,811.25,0
12/27/1988,812,813.5,808,811.25,0
12/28/1988,807,815,804.5,805.25,0
12/29/1988,806,809.5,802.5,803.5,0
12/30/1988,804.5,820,804.5,819.25,0
01/03/1989,820,829,814,814.5,0
01/04/1989,815,832,813.5,827,0
01/05/1989,822,832.5,822,824.25,0
01/06/1989,825,832.75,825,829.5,0
01/09/1989,829,832.5,817,817.5,0
01/10/1989,816,823.5,814,815,0
01/11/1989,816.5,818,807.5,809.75,0
01/12/1989,810,812,806.5,809.5,0
01/13/1989,810.5,816,810.5,815.25,0
01/16/1989,805,805,785.25,785.25,0
01/17/1989,786,786.5,765,770.75,0
01/18/1989,771.5,775,755.5,771,0
01/19/1989,770,773,759.5,761.25,0
01/20/1989,758,758.5,744,750.5,0
01/23/1989,751,757,747,755.5,0
01/24/1989,760,769,759,767.5,0
01/25/1989,764.5,765.5,748,749.25,0
01/26/1989,751,768,740.5,761.25,0
01/27/1989,759,763.5,752,754,0
01/30/1989,751,764,750.5,760.5,0
01/31/1989,765,774,765,772.75,0
02/01/1989,772,777.5,765,767.5,0
02/02/1989,766,767.5,761.5,764.25,0
02/03/1989,764,771,761.75,770.5,0
02/06/1989,769,769,753,754.25,0
02/07/1989,753,759,751.5,757.5,0
02/08/1989,755,759,741.5,746,0
02/09/1989,744.5,748,742.5,746,0
02/10/1989,745,750.5,732,735,0
02/13/1989,728,732.5,722,724,0
02/14/1989,726,738,725.5,735.25,0
02/15/1989,733,739.5,730.5,738.5,0
02/16/1989,748,750.75,737,738,0
02/17/1989,736,761,732.5,756.5,0
02/21/1989,750,759,748,758.5,0
02/22/1989,757,769.5,754.5,767.5,0
02/23/1989,765,771,762,768,0
02/24/1989,768,775,764.5,768.75,0
02/27/1989,769.5,769.5,764.5,767.25,0
02/28/1989,769,775,768.5,773.5,0
03/01/1989,770,771.5,760,761,0
03/02/1989,761,783,758.5,781.5,0
03/03/1989,782,784.5,777,778.5,0
03/06/1989,778.5,784.5,774.5,783.25,0
03/07/1989,782,783.25,775.5,777,0
03/08/1989,777,777,764,766.5,0
03/09/1989,766.5,780.5,766.5,776.5,0
03/10/1989,777,788,766.5,769,0
03/13/1989,769,783,768,782,0
03/14/1989,782,784.75,775,781.5,0
03/15/1989,783,783,777.5,780,0
03/16/1989,780,782.25,776,780.25,0
03/17/1989,783.5,786,770,783.5,0
03/20/1989,784,792.5,780,790.25,0
03/21/1989,790.5,794.5,783.5,784,0
03/22/1989,782,792.5,780.5,792,0
03/23/1989,790,793,784,784.5,0
03/27/1989,782,783,768,768.5,0
03/28/1989,767,769.5,761,762.75,0
03/29/1989,762.5,765.5,760.5,761,0
03/30/1989,760,760.5,734,737,0
03/31/1989,737,743,733,738.25,0
04/03/1989,730,730,708.25,710,0
04/04/1989,715,719.5,714,714.75,0
04/05/1989,711,719.5,709,715,0
04/06/1989,715,718,708.5,714,0
04/07/1989,714,716.5,710.5,711.75,0
04/10/1989,710.5,724.5,704.5,719,0
04/11/1989,718,722,717.25,720.5,0
04/12/1989,725,730,724,727.5,0
04/13/1989,726.5,729.5,722.25,727,0
04/14/1989,728,737,728,733,0
04/17/1989,735,754,735,747.25,0
04/18/1989,742,749,740.5,748.5,0
04/19/1989,760,766.5,743,752.25,0
04/20/1989,751,759.5,748.5,754.25,0
04/21/1989,762,768,760.5,767,0
04/24/1989,750,757.5,744,749.5,0
04/25/1989,746,748.5,735.5,736.25,0
04/26/1989,739,743.75,736,742,0
04/27/1989,744,745.5,734,735,0
04/28/1989,728,730.5,725,729.5,0
05/01/1989,733,745,732.75,744.5,0
05/02/1989,741,743.5,737,741,0
05/03/1989,741,753,740.5,751.5,0
05/04/1989,753,756.5,748.5,751.75,0
05/05/1989,751,758.5,751,757.5,0
05/08/1989,756,757.5,752,753.25,0
05/09/1989,758,758,743,753.25,0
05/10/1989,756,756,748,748.5,0
05/11/1989,744,744,738,738.5,0
05/12/1989,741,748,737,742.5,0
05/15/1989,746.5,747.5,733,733.5,0
05/16/1989,733.5,733.5,714,715,0
05/17/1989,716,719,707,712.75,0
05/18/1989,712.75,722,711.5,721,0
05/19/1989,720,724,717,721,0
05/22/1989,715,715,691,693.25,0
05/23/1989,694.5,704,693.25,699.5,0
05/24/1989,692,707,688.75,697.25,0
05/25/1989,699,702,698,701.5,0
05/26/1989,705,713,703.5,711,0
05/30/1989,703,718,698.5,717,0
05/31/1989,721,722,709.5,714,0
06/01/1989,711,712.5,700.5,708,0
06/02/1989,711,712,705,706.5,0
06/05/1989,705,711,698.5,705.5,0
06/06/1989,704,715,704,714,0
06/07/1989,714,714,708,711,0
06/08/1989,713,720.5,712.5,714,0
06/09/1989,715,716.5,700.25,702.5,0
06/12/1989,699,700.5,689,693,0
06/13/1989,696,705,694.25,701,0
06/14/1989,707,731,707,729.5,0
06/15/1989,727,738,725,734,0
06/16/1989,736,740.5,728,733,0
06/19/1989,739,760,738,748.5,0
06/20/1989,747,750.5,735.5,736.25,0
06/21/1989,708,716.5,705.5,710,0
06/22/1989,710,714.5,694,695,0
06/23/1989,701.5,706.25,696.5,704.75,0
06/26/1989,693,700,687.5,698,0
06/27/1989,697,706.5,696,706,0
06/28/1989,705,711,700,701.5,0
06/29/1989,701.5,704,693.5,696.25,0
06/30/1989,698,709,698,708.5,0
07/03/1989,708,717,705.5,714.5,0
07/05/1989,737,744.5,736,744.5,0
07/06/1989,745,750,734,734.5,0
07/07/1989,735.5,740.5,726.5,732,0
07/10/1989,730,732,702,703.5,0
07/11/1989,700,703.5,688,690.5,0
07/12/1989,672,684,662,664.5,0
07/13/1989,670,686,669,682,0
07/14/1989,682,691,675.5,690.25,0
07/17/1989,677,677,660.25,662.25,0
07/18/1989,662,680,662,674,0
07/19/1989,680,698,680,687.5,0
07/20/1989,647,651,635,645,0
07/21/1989,645,646,635.5,638.5,0
07/24/1989,626.5,626.5,614.5,615.25,0
07/25/1989,616,619.5,610.5,612,0
07/26/1989,617,621,610,612.25,0
07/27/1989,612,619,612,616.5,0
07/28/1989,617,618,603.5,604.25,0
07/31/1989,590,596,587.5,588,0
08/01/1989,590,593,584.5,587.25,0
08/02/1989,585,588,581.25,583.25,0
08/03/1989,579,579,567,568.75,0
08/04/1989,571,586.5,571,581.25,0
08/07/1989,582,591,582,585.5,0
08/08/1989,587,587,569,570.5,0
08/09/1989,570,578,570,576.5,0
08/10/1989,580,584,578.5,580.25,0
08/11/1989,605,606,593,597.5,0
08/14/1989,587,587,573.5,577,0
08/15/1989,583,592,582.5,591,0
08/16/1989,593,595.5,579,580.5,0
08/17/1989,584,585.5,578,584,0
08/18/1989,589,593,580,584,0
08/21/1989,580,596,576.5,594,0
08/22/1989,586,597,583,596,0
08/23/1989,591,599.5,590,591.5,0
08/24/1989,588,593,586,589.5,0
08/25/1989,589.5,589.5,575,576,0
08/28/1989,572,575.5,566.5,574,0
08/29/1989,577.5,581,573,579.5,0
08/30/1989,580,581.5,576.5,577.75,0
08/31/1989,579,592,577.75,587.5,0
09/01/1989,588,588,578,579,0
09/05/1989,576,581,574,576.5,0
09/06/1989,577,584,574.25,581.75,0
09/07/1989,587,594,585.5,589,0
09/08/1989,589,596,587,594.5,0
09/11/1989,594,598,590,591,0
09/12/1989,588.5,589.5,584.5,585.5,0
09/13/1989,587.5,592,573,575,0
09/14/1989,576,578,572,576.25,0
09/15/1989,575,579,572.75,576.5,0
09/18/1989,573,573,567,568.5,0
09/19/1989,566.5,573,565,568.5,0
09/20/1989,572,577,572,575.5,0
09/21/1989,576.5,583.5,575,582.75,0
09/22/1989,581,583.5,568,574.25,0
09/25/1989,573,576,568.5,572.5,0
09/26/1989,569.5,576,566,566.25,0
09/27/1989,568,569.5,564,565.25,0
09/28/1989,568,574.75,567,570.5,0
09/29/1989,565,574,564,568,0
10/02/1989,575,588.5,575,577,0
10/03/1989,574,578,572,576.25,0
10/04/1989,576,582,576,576.5,0
10/05/1989,575.5,579.25,572,574,0
10/06/1989,574.5,574.5,567,567.5,0
10/09/1989,566,566,556,556.75,0
10/10/1989,556,557,550.75,552.25,0
10/11/1989,557,557,551,552.25,0
10/12/1989,553.5,556,552,552.5,0
10/13/1989,551.5,558.5,543,544.25,0
10/16/1989,543,548.5,540,547,0
10/17/1989,552.5,559.5,550,555.5,0
10/18/1989,557,560,556.25,559.75,0
10/19/1989,568,573,562.5,565.25,0
10/20/1989,575,578,573,575.75,0
10/23/1989,574.5,577.75,573.5,575.25,0
10/24/1989,573,575.5,571.5,573.75,0
10/25/1989,574.5,581.5,574.5,579.75,0
10/26/1989,581,581.25,577.5,579.75,0
10/27/1989,577.75,577.75,575,575.5,0
10/30/1989,573,575.5,571.5,574.5,0
10/31/1989,575,578,571.75,572.25,0
11/01/1989,570.25,578,570.25,576.25,0
11/02/1989,579,583.5,578.25,581.25,0
11/03/1989,581.5,583.5,579,583,0
11/06/1989,583,584.5,577,577.75,0
11/07/1989,577,580.75,577,578.25,0
11/08/1989,578,578,575.75,576.75,0
11/09/1989,576.75,583,576.5,580.25,0
11/10/1989,581,589,580,588,0
11/13/1989,590,591,588,590.5,0
11/14/1989,590,594,587,591.75,0
11/15/1989,590.5,593,588,591.5,0
11/16/1989,592,596.25,590.5,595.5,0
11/17/1989,596,596,592.5,594.75,0
11/20/1989,594.5,594.5,584,584.5,0
11/21/1989,586.5,588,582.5,585.75,0
11/22/1989,585.5,592,585.25,591.25,0
11/24/1989,591.5,592,586.5,586.75,0
11/27/1989,583.5,583.5,575.5,576.25,0
11/28/1989,577,580,575,579.75,0
11/29/1989,579,580.25,575,579.25,0
11/30/1989,583.5,585.5,582,582.75,0
12/01/1989,583,585,575.75,576.25,0
12/04/1989,574.5,574.5,571.25,572.25,0
12/05/1989,573.5,575.75,571.75,575,0
12/06/1989,575.5,580,572,579.25,0
12/07/1989,579.5,580.5,575,575.5,0
12/08/1989,575.5,580,573.75,579,0
12/11/1989,579,586,578.5,579,0
12/12/1989,577.5,578,574.5,577,0
12/13/1989,576.5,581,573.25,580.5,0
12/14/1989,583.5,585,581.25,582.25,0
12/15/1989,582.5,586.25,580.5,583.25,0
12/18/1989,582,582.5,578.5,580.75,0
12/19/1989,594,595.5,592,593,0
12/20/1989,592.5,592.5,586.5,587,0
12/21/1989,588,590,585.5,589,0
12/22/1989,588.5,588.75,585.5,585.75,0
12/26/1989,584.5,585,582.25,582.75,0
12/27/1989,582.5,583.25,578.5,579,0
12/28/1989,579,585,578.5,584.25,0
12/29/1989,584,585,582,582.25,0
01/02/1990,582,582,575,575.75,0
01/03/1990,575,582.25,574,581.5,0
01/04/1990,583,584.25,576,576.5,0
01/05/1990,575.5,579.5,574.25,577,0
01/08/1990,578.5,584,578,583.5,0
01/09/1990,583,584.5,581.5,582.75,0
01/10/1990,582,582.75,578,579.75,0
01/11/1990,581,583.25,580,582,0
01/12/1990,585,586.5,576.5,577.75,0
01/15/1990,577,578.5,575.5,575.75,0
01/16/1990,574.5,575.25,567.25,568,0
01/17/1990,567.5,571.5,567,567.5,0
01/18/1990,568.5,571,567,570.25,0
01/19/1990,570.5,570.5,565,565.5,0
01/22/1990,564.5,567,561.5,566,0
01/23/1990,566.5,568.75,565.5,567.25,0
01/24/1990,567,572,564.75,566,0
01/25/1990,564.5,565.5,558,558.25,0
01/26/1990,559,561,557.5,558.5,0
01/29/1990,556.5,564,553.5,563.5,0
01/30/1990,564,564.5,557,558.5,0
01/31/1990,559,563.5,558,561,0
02/01/1990,561.5,567.5,559.5,559.75,0
02/02/1990,559,561.5,558,560.25,0
02/05/1990,561,563.25,558,558.25,0
02/06/1990,558.5,563,557.5,562.75,0
02/07/1990,563.5,568.5,563.5,567.75,0
02/08/1990,567,568.5,564.25,564.75,0
02/09/1990,566,570.5,564.25,566.75,0
02/12/1990,568,569.5,565,565.25,0
02/13/1990,564,566.5,563.5,564,0
02/14/1990,564,567.5,563.25,566.75,0
02/15/1990,568.5,571.5,567.5,571,0
02/16/1990,582.5,583.25,580,581.5,0
02/20/1990,581,582.5,577.5,578,0
02/21/1990,578,585.5,577.25,583.25,0
02/22/1990,582,583.5,579.75,580.25,0
02/23/1990,581.5,581.5,577.5,577.75,0
02/26/1990,577,577,572.75,574.25,0
02/27/1990,573,576.25,573,574.75,0
02/28/1990,574,581,573.75,580.75,0
03/01/1990,580.5,588,579.5,581,0
03/02/1990,581.5,583,577.5,582.75,0
03/05/1990,583,585,581.5,584.25,0
03/06/1990,584.5,593.25,582.5,591.5,0
03/07/1990,591.5,594.25,589.5,590.5,0
03/08/1990,590,595,588,594.5,0
03/09/1990,595,601,593.75,600.25,0
03/12/1990,599,599,592,595,0
03/13/1990,594.5,597.25,589.5,590,0
03/14/1990,589.5,589.5,583.5,584,0
03/15/1990,583,597,582.75,596,0
03/16/1990,596,598.5,590.5,593.25,0
03/19/1990,590,603.5,588,600,0
03/20/1990,600.5,604,597.5,602.75,0
03/21/1990,602.5,606.5,601,602.25,0
03/22/1990,604.5,606.5,602,605,0
03/23/1990,603.5,603.5,594.5,598,0
03/26/1990,596.5,605,594,603.5,0
03/27/1990,603,606,599.5,600.25,0
03/28/1990,598,599.25,588.5,588.75,0
03/29/1990,588,594,588,589.5,0
03/30/1990,588.5,596,588.5,595,0
04/02/1990,593,594.75,584,585,0
04/03/1990,585,587.5,581.5,586,0
04/04/1990,586,594.5,586,591,0
04/05/1990,590.5,597,590,596.5,0
04/06/1990,601.5,602,591,595.5,0
04/09/1990,595.5,597.5,591.5,591.75,0
04/10/1990,592,593,588.5,591,0
04/11/1990,591,594.5,589,592.75,0
04/12/1990,590.5,591.75,586.5,586.75,0
04/16/1990,586,591.5,582.5,591,0
04/17/1990,590.5,597,590.5,596.5,0
04/18/1990,597,600.5,594,594.25,0
04/19/1990,609.25,616,607.75,614.75,0
04/20/1990,615,620.75,612.25,619.5,0
04/23/1990,621,624.5,617.25,620.5,0
04/24/1990,618,619,612.5,613.25,0
04/25/1990,613.5,628,612.75,626.25,0
04/26/1990,624.25,644,624.25,642.5,0
04/27/1990,640,656,638,651,0
04/30/1990,649,653,644.5,648.5,0
05/01/1990,648,671.5,640.5,643.5,0
05/02/1990,643,653,640,651.75,0
05/03/1990,651,652,643,644,0
05/04/1990,647.5,647.75,640,640.5,0
05/07/1990,639,658.5,635,650.75,0
05/08/1990,651,656.5,645.5,646.5,0
05/09/1990,644.5,661,644.5,659.5,0
05/10/1990,658.5,664.5,656.5,660.5,0
05/11/1990,660,663,634,643.75,0
05/14/1990,642,648.5,632,635.75,0
05/15/1990,636,638.5,622,625,0
05/16/1990,629,631,624,625.25,0
05/17/1990,624.5,633,624.5,631,0
05/18/1990,633,633,620,620.75,0
05/21/1990,618,618,610,610.5,0
05/22/1990,612.5,617,608.5,609,0
05/23/1990,608,614.5,607.75,608.75,0
05/24/1990,612,618.5,612,615.5,0
05/25/1990,617.5,622.5,617.5,619,0
05/29/1990,621,623.5,604,606,0
05/30/1990,606,609.5,604,605.25,0
05/31/1990,605.5,610.5,604,607.25,0
06/01/1990,608.5,609.5,599.5,602,0
06/04/1990,601,601,588,592.75,0
06/05/1990,594,597,590.5,592.75,0
06/06/1990,595,603.5,593.5,594,0
06/07/1990,595,608,594.5,602.75,0
06/08/1990,602.5,607,599,600,0
06/11/1990,596.5,609,595,608.25,0
06/12/1990,607,610.5,604,607.5,0
06/13/1990,609,612,604.25,606,0
06/14/1990,602,602.5,588,591.25,0
06/15/1990,590.5,595,585,586,0
06/18/1990,586,596.5,583,596,0
06/19/1990,597,597,589.5,593.25,0
06/20/1990,608,614.5,603,605.25,0
06/21/1990,603,610.5,603,609.75,0
06/22/1990,613,613,602.5,605.5,0
06/25/1990,604.5,623,604,621,0
06/26/1990,616,618,613.5,614.5,0
06/27/1990,617,622.5,615,615.25,0
06/28/1990,617,617,614,614.75,0
06/29/1990,625,631,623,630,0
07/02/1990,640,660,640,653,0
07/03/1990,653,657.75,647.75,656,0
07/05/1990,647,647,632,634.5,0
07/06/1990,635,637,620.5,624.75,0
07/09/1990,624,625.5,613,620.75,0
07/10/1990,622,624,618.5,620.5,0
07/11/1990,617.5,617.5,608.5,613.5,0
07/12/1990,609.5,617.5,609,611,0
07/13/1990,622,622,611,612.5,0
07/16/1990,608,608,598,600,0
07/17/1990,599,603.25,598.5,599,0
07/18/1990,599,606,599,602,0
07/19/1990,602.5,606,602,604.5,0
07/20/1990,606,606,595,595.25,0
07/23/1990,591,596.5,583,595.5,0
07/24/1990,597,598.5,589,589.5,0
07/25/1990,591.5,593.5,587.5,588.25,0
07/26/1990,590,599.5,588.5,598.25,0
07/27/1990,597.5,600,586.75,589.25,0
07/30/1990,588,594.5,586,593.75,0
07/31/1990,597,601,592.5,599.25,0
08/01/1990,599.5,600.5,588,588.75,0
08/02/1990,590,594.5,584.5,585.75,0
08/03/1990,584,595,581,590.5,0
08/06/1990,592,600,590,599.75,0
08/07/1990,599,601,598,600.25,0
08/08/1990,600.5,601,597.75,599,0
08/09/1990,598.5,605,598.5,604,0
08/10/1990,614,622,612,614,0
08/13/1990,612,612.5,604,608.5,0
08/14/1990,606.5,615,605.75,614.5,0
08/15/1990,613.5,616,605.25,615.25,0
08/16/1990,616,617.75,612.5,615.25,0
08/17/1990,613.5,620,608,617,0
08/20/1990,617,620.75,612,612.5,0
08/21/1990,611,615,609.5,613,0
08/22/1990,625.5,630,623.5,629.25,0
08/23/1990,633,643,632.5,641.5,0
08/24/1990,640.5,645.75,638.5,644.5,0
08/27/1990,638,641.5,633,633.5,0
08/28/1990,633.5,635.5,628.5,634.5,0
08/29/1990,634,635,619,619.5,0
08/30/1990,620,623.5,615.5,617,0
08/31/1990,618,620,613.5,613.75,0
09/04/1990,614.5,625,614,624.25,0
09/05/1990,625,627.5,622.5,626.5,0
09/06/1990,629.5,632,626.25,631.75,0
09/07/1990,628.5,628.5,624,626.5,0
09/10/1990,621.5,633,618.5,632.25,0
09/11/1990,634.5,639.5,633,638.75,0
09/12/1990,638,642,636,641.25,0
09/13/1990,632.5,639.5,627,634,0
09/14/1990,634.5,638,631.75,634.75,0
09/17/1990,637,637,626,626.5,0
09/18/1990,629,635.25,625,633.25,0
09/19/1990,631,631.5,617,617.75,0
09/20/1990,618,624.5,616.5,617.25,0
09/21/1990,615.5,622.5,611,611.5,0
09/24/1990,612,614.5,606.5,613.5,0
09/25/1990,616,619.5,614.5,617.5,0
09/26/1990,616,618.75,612.5,615.5,0
09/27/1990,615.5,622,615,619.25,0
09/28/1990,621,621,614.5,617.5,0
10/01/1990,613,613,604,604.5,0
10/02/1990,607,608.5,604,606.25,0
10/03/1990,610.5,625.5,609.25,620,0
10/04/1990,622,624.25,617,617.75,0
10/05/1990,619,621.5,616,617,0
10/08/1990,620.5,636.5,619.5,634,0
10/09/1990,633,635,630.25,634.25,0
10/10/1990,635,635,619.5,625,0
10/11/1990,625,626.75,620,620.5,0
10/12/1990,629,630.25,618.5,620.5,0
10/15/1990,617,618.25,612.5,614.25,0
10/16/1990,614,615.5,610,610.25,0
10/17/1990,610.5,617,609.5,614.5,0
10/18/1990,615.5,616.5,610,610.25,0
10/19/1990,609.5,617,608.5,611.5,0
10/22/1990,625.5,631.5,625,625.5,0
10/23/1990,624,630,620.25,629.25,0
10/24/1990,630,631.25,626,626.5,0
10/25/1990,625,625.5,621,621.5,0
10/26/1990,618.5,620.25,610.5,611,0
10/29/1990,608.5,612.5,607,607.5,0
10/30/1990,607.5,611.5,607,607.75,0
10/31/1990,610.5,612,606.25,609.25,0
11/01/1990,608.5,616.25,608.5,612.5,0
11/02/1990,613.5,616,609,609.25,0
11/05/1990,607.5,608.5,596.5,597.5,0
11/06/1990,599,599,590,590.75,0
11/07/1990,592.5,598.5,591.25,597.5,0
11/08/1990,597,599.25,596.5,597.5,0
11/09/1990,588,589,578,580.75,0
11/12/1990,580,586.5,579.5,586.25,0
11/13/1990,585.75,587.5,575,575.5,0
11/14/1990,576.5,578.75,564.25,566.5,0
11/15/1990,567.5,572,566.25,570.25,0
11/16/1990,572,582,572,578.25,0
11/19/1990,581,582,576.25,579.75,0
11/20/1990,576.5,576.5,564.25,568.25,0
11/21/1990,571.5,579.75,570.25,577.25,0
11/23/1990,582,589,578.25,582,0
11/26/1990,586,586,571.25,576.5,0
11/27/1990,577.5,583.5,573.25,582.25,0
11/28/1990,583.5,589,582.25,586.5,0
11/29/1990,584.5,596,580.75,594.75,0
11/30/1990,596.5,596.5,589,589.5,0
12/03/1990,588,603,585,601.25,0
12/04/1990,598.5,605,595.5,601.25,0
12/05/1990,601.5,601.5,591.5,592.5,0
12/06/1990,592.5,599.75,591,597.25,0
12/07/1990,596,597,589,595,0
12/10/1990,596,598.25,591.5,595.75,0
12/11/1990,597,597,593,595,0
12/12/1990,594,601.5,590,596.75,0
12/13/1990,588,589,585,588,0
12/14/1990,588.5,590,585,588.25,0
12/17/1990,592.5,594.25,587,587.75,0
12/18/1990,586.75,588.25,581,583.25,0
12/19/1990,595,596.75,591,591.25,0
12/20/1990,590,591.25,585,585.75,0
12/21/1990,585.5,587.75,576,577.25,0
12/24/1990,578,579,572,577.75,0
12/26/1990,580,583,580,582.5,0
12/27/1990,582.5,583.25,577,577.25,0
12/28/1990,577.5,578.5,573,573.5,0
12/31/1990,576,577.5,574,574.75,0
01/02/1991,573.5,573.5,563.5,567.25,0
01/03/1991,568,571.75,567,570.25,0
01/04/1991,569,578.5,567.75,576,0
01/07/1991,576,582.5,575.25,577.25,0
01/08/1991,576.5,579.25,563.5,564.25,0
01/09/1991,565,568,559.75,566.5,0
01/10/1991,568,570.5,566.5,569.75,0
01/11/1991,570,570,561.25,561.75,0
01/14/1991,554,559.5,549.5,559.25,0
01/15/1991,558.25,565,557.5,563.5,0
01/16/1991,566.5,571.5,565,570.75,0
01/17/1991,567,581.5,564.5,577.5,0
01/18/1991,578.5,581.25,574.75,579.75,0
01/21/1991,575.5,580.5,573.5,576.5,0
01/22/1991,580,588,576.75,587,0
01/23/1991,586,589.25,583.75,586,0
01/24/1991,576.5,578.5,567.5,570.75,0
01/25/1991,570,573.25,568,571.5,0
01/28/1991,566,577,564.5,570.25,0
01/29/1991,569.5,570.25,564,564.25,0
01/30/1991,561.5,570.5,561.5,563.75,0
01/31/1991,562.5,567.75,562.25,566.75,0
02/01/1991,570,571.5,565,567,0
02/04/1991,563.5,572,563,571.25,0
02/05/1991,573,573.75,569,570.75,0
02/06/1991,572,575.75,569.5,573,0
02/07/1991,571.5,573,565.5,566.25,0
02/08/1991,566,569.5,565.25,568.75,0
02/11/1991,569.5,569.5,566.5,566.75,0
02/12/1991,566,572.5,562.75,570.25,0
02/13/1991,572,577.25,568.75,573.75,0
02/14/1991,574,578,572,572.75,0
02/15/1991,572.5,574.75,570.5,573.5,0
02/19/1991,592,593.75,589,589.25,0
02/20/1991,591.5,591.5,586.5,587,0
02/21/1991,586.5,590.5,583.5,585,0
02/22/1991,585.25,585.5,581.5,582,0
02/25/1991,586,589.5,583.5,589.25,0
02/26/1991,591.5,596.5,590,590.5,0
02/27/1991,591,591,584.25,584.75,0
02/28/1991,586,590.5,583.75,588,0
03/01/1991,591,601.25,588.25,597.5,0
03/04/1991,598,607.5,598,601,0
03/05/1991,600,608,598.5,606,0
03/06/1991,609.5,610.5,602,603,0
03/07/1991,603,605.75,598.5,601.5,0
03/08/1991,603.5,610,603.5,609.5,0
03/11/1991,604,606,594,594.75,0
03/12/1991,594,597.25,588,593.75,0
03/13/1991,594,597.75,591.75,594.5,0
03/14/1991,593,593,580,581,0
03/15/1991,580,582,573.25,573.75,0
03/18/1991,573,580.25,571,579.5,0
03/19/1991,580,581.5,576.25,580,0
03/20/1991,580.5,581.5,574.25,574.75,0
03/21/1991,574,580,572.75,578,0
03/22/1991,580,580.75,575,575.5,0
03/25/1991,575,576,568.75,569.5,0
03/26/1991,569.5,572.5,566.5,567.75,0
03/27/1991,567,571.5,567,571.25,0
03/28/1991,571,575.5,571,574.75,0
04/01/1991,580,601,579,598.5,0
04/02/1991,597,599,592,594.5,0
04/03/1991,594,600.5,585,587,0
04/04/1991,590,591,583.75,585.25,0
04/05/1991,586.25,590,584.75,588.75,0
04/08/1991,590,596,590,590.5,0
04/09/1991,588.5,588.5,580.5,581.75,0
04/10/1991,584,587,582.5,586.5,0
04/11/1991,583,592,579.5,588.75,0
04/12/1991,592,593,585.75,587.75,0
04/15/1991,590,593,585,585.75,0
04/16/1991,585,590.75,584.75,589,0
04/17/1991,591.5,593,582,582.25,0
04/18/1991,583,583.75,580.25,582,0
04/19/1991,595,604.5,594.25,603.75,0
04/22/1991,604,606.5,596.25,596.75,0
04/23/1991,597,606,595.75,605.5,0
04/24/1991,609,610.5,600,606.25,0
04/25/1991,606,608.5,603,604.5,0
04/26/1991,604.5,608,602.75,603.75,0
04/29/1991,601.5,601.5,588.25,588.75,0
04/30/1991,591,594.5,588,589.5,0
05/01/1991,589.5,594.5,589.5,592.75,0
05/02/1991,592,595,590.5,591.25,0
05/03/1991,591.25,596.75,589.75,591.25,0
05/06/1991,592.5,594.75,591,591.25,0
05/07/1991,592,592.5,583.25,584,0
05/08/1991,583,584,579,579.5,0
05/09/1991,581.5,584.75,580.75,582.5,0
05/10/1991,582,582.25,571,572.25,0
05/13/1991,571,575,570,572.75,0
05/14/1991,572,573,567.5,570.75,0
05/15/1991,573.5,576.25,570.75,571.25,0
05/16/1991,574.5,574.75,571.75,573,0
05/17/1991,574,576,571.5,572.25,0
05/20/1991,573,575.5,567.75,571.75,0
05/21/1991,572.5,580,571.75,579,0
05/22/1991,580,586,578.25,579.5,0
05/23/1991,578.5,582.5,578,582,0
05/24/1991,584.5,585,573,574,0
05/28/1991,574.5,577.75,569,577,0
05/29/1991,579.5,579.5,573,574,0
05/30/1991,572.5,579,571.5,578.25,0
05/31/1991,580,584.25,579.5,581.75,0
06/03/1991,583,588,582.25,585.25,0
06/04/1991,584.5,584.5,578,579.25,0
06/05/1991,580.5,582.5,578,580.5,0
06/06/1991,580.5,582.5,577.25,580.5,0
06/07/1991,583,584,578.5,583.5,0
06/10/1991,582.5,583,571.5,572.5,0
06/11/1991,575.5,575.5,570.5,573.25,0
06/12/1991,580,583,573,573.5,0
06/13/1991,573,574.5,570.5,571.5,0
06/14/1991,572.5,573,566.5,567.5,0
06/17/1991,567,567.75,560.5,562.5,0
06/18/1991,563,566.5,562.5,565.75,0
06/19/1991,572.5,574.5,571,573.25,0
06/20/1991,578,578,569,573.5,0
06/21/1991,573,573,561.5,563.25,0
06/24/1991,566.5,568,565,567,0
06/25/1991,568.5,569.5,562.5,564.25,0
06/26/1991,565,567.5,562.5,563,0
06/27/1991,559.5,560,552.5,552.75,0
06/28/1991,535,538,524.5,529.25,0
07/01/1991,533,535.25,530.25,534.75,0
07/02/1991,540,540.5,528.5,531.75,0
07/03/1991,532.5,535,531,533.5,0
07/05/1991,532.5,532.5,527.75,528.25,0
07/08/1991,526.5,530,517,517.75,0
07/09/1991,520,525,518.5,519.5,0
07/10/1991,517.5,524.25,515,522.25,0
07/11/1991,521,522,517,518,0
07/12/1991,521,527.75,520.25,524.75,0
07/15/1991,530,532,528,528.75,0
07/16/1991,534.25,544,534.25,543.5,0
07/17/1991,543,547.75,535,535.75,0
07/18/1991,533,533,521,521.5,0
07/19/1991,518,525,518,522.75,0
07/22/1991,529.5,538,529,535.75,0
07/23/1991,565,565.75,555,562.5,0
07/24/1991,558,562,545,552,0
07/25/1991,554,562.5,549,551,0
07/26/1991,551,569.75,548,565.75,0
07/29/1991,588,608,585,588.25,0
07/30/1991,582,587.5,577.5,580,0
07/31/1991,576.5,594.5,571.5,590,0
08/01/1991,600.5,620,596,617.5,0
08/02/1991,620,647.5,613.5,642.75,0
08/05/1991,612.75,618.5,612.75,612.75,0
08/06/1991,571,582.5,567.75,574.75,0
08/07/1991,583,583,559.5,561,0
08/08/1991,555,565.5,552,560,0
08/09/1991,563,565.5,559,560,0
08/12/1991,562,565,560.25,561.5,0
08/13/1991,550.5,555,543,551,0
08/14/1991,554,556,539.5,541,0
08/15/1991,542.5,553,541.5,552.25,0
08/16/1991,554.5,559,547,549.25,0
08/19/1991,519.25,534,519.25,531.75,0
08/20/1991,536,536,526.5,532.25,0
08/21/1991,570,572.25,562,572.25,0
08/22/1991,569.5,585,568.25,583.5,0
08/23/1991,581,583.5,576,579.75,0
08/26/1991,590,598.5,586.5,594.5,0
08/27/1991,593,593.5,586,586.75,0
08/28/1991,587,598,582,583,0
08/29/1991,584,585.5,579,582.5,0
08/30/1991,583.5,591,583.25,590.5,0
09/03/1991,588,595,586,587,0
09/04/1991,587,594.5,577,593.25,0
09/05/1991,590.25,592.5,585,586,0
09/06/1991,587,589,583,585,0
09/09/1991,582.5,591,581,586.5,0
09/10/1991,585,586,581,582,0
09/11/1991,585.5,592,585.25,591,0
09/12/1991,594.5,599.5,593,596.75,0
09/13/1991,604,605,595.5,597.25,0
09/16/1991,600.5,614.5,599.5,609,0
09/17/1991,610.5,614.5,607.25,611.5,0
09/18/1991,614,618,610.5,617.5,0
09/19/1991,608,609.75,603,603.5,0
09/20/1991,615,618,598,599,0
09/23/1991,595.5,596,586,592,0
09/24/1991,594,596.75,589.25,592,0
09/25/1991,596,597.25,589.5,590.25,0
09/26/1991,587.5,591.5,585,588,0
09/27/1991,587.5,589.5,584.25,585.25,0
09/30/1991,585,593,582.5,587,0
10/01/1991,589,591.5,584,588.5,0
10/02/1991,590,591.75,586,588.25,0
10/03/1991,586.5,586.5,577,577.5,0
10/04/1991,580.5,582.75,576.5,581.75,0
10/07/1991,580.5,581,575,576.5,0
10/08/1991,577,577.5,571,572,0
10/09/1991,569.5,574.5,568.5,569.75,0
10/10/1991,569.5,572.5,568,570,0
10/11/1991,540,547,540,545.5,0
10/14/1991,546.5,549.5,544.25,548,0
10/15/1991,547,548.5,545.25,548,0
10/16/1991,545.5,552.5,545.5,552,0
10/17/1991,554.5,556.5,546.5,547.25,0
10/18/1991,547,554.5,545.5,552.5,0
10/21/1991,552,554.75,547,547.5,0
10/22/1991,560.5,570.5,558,567,0
10/23/1991,565,567.75,562,562.25,0
10/24/1991,561.5,564,559.25,560.5,0
10/25/1991,560.5,560.5,550.5,553.25,0
10/28/1991,551,563.25,551,560.25,0
10/29/1991,559,570,558,567.25,0
10/30/1991,566,571,563.25,563.75,0
10/31/1991,567,574.75,566,567,0
11/01/1991,568,574,568,573.5,0
11/04/1991,572.5,573,567.25,570,0
11/05/1991,571.5,572.5,567.5,569,0
11/06/1991,565.5,565.5,559.5,560.25,0
11/07/1991,560.5,561.25,552.25,557,0
11/08/1991,557,559,554,554.75,0
11/11/1991,553,553,545.5,547.5,0
11/12/1991,547.5,549.5,546,549,0
11/13/1991,553,558.75,552.25,557.5,0
11/14/1991,556,566,555,564.5,0
11/15/1991,565,565,554,554.5,0
11/18/1991,554,569,552.25,568,0
11/19/1991,566,567.75,560.5,562.75,0
11/20/1991,563.5,571.5,563.5,564.5,0
11/21/1991,563,566.5,557.75,559.75,0
11/22/1991,560.5,564.25,559,560.75,0
11/25/1991,561,565,557.75,564.75,0
11/26/1991,564,566.5,561.75,563.25,0
11/27/1991,563,565.25,563,563.75,0
11/29/1991,563,564,556.5,557,0
12/02/1991,557,565,553,564.5,0
12/03/1991,568,568,554.25,555.5,0
12/04/1991,557,564.75,554.75,562.75,0
12/05/1991,562.5,563.5,556,557.75,0
12/06/1991,556,559,553.5,555.25,0
12/09/1991,554,557.5,549.5,554,0
12/10/1991,554,554,547.5,548,0
12/11/1991,547,552,546.5,548.25,0
12/12/1991,550,551,543,544,0
12/13/1991,544.5,555,544,553,0
12/16/1991,552,553.5,549,550.75,0
12/17/1991,552,553.5,548.5,550.75,0
12/18/1991,551.5,555,549.25,552.75,0
12/19/1991,560,563.75,556.5,557,0
12/20/1991,559,560.5,556.5,560.5,0
12/23/1991,559.5,568.5,559,568,0
12/24/1991,566.5,568,565,566,0
12/26/1991,566.5,569.5,562.75,569.25,0
12/27/1991,569.5,569.5,565,565.5,0
12/30/1991,564.5,564.75,554,554.5,0
12/31/1991,555.5,557.5,553.75,557,0
01/02/1992,555.5,558,550,550.25,0
01/03/1992,549.5,553,548.5,551,0
01/06/1992,550,562.5,549.5,559,0
01/07/1992,556.5,559.5,554.5,558,0
01/08/1992,560,566,558.25,565.5,0
01/09/1992,564,571,562.5,566.5,0
01/10/1992,566.5,569,563.5,564,0
01/13/1992,568,570,563.5,566.75,0
01/14/1992,567,569,557.5,560.5,0
01/15/1992,561.5,575,560,571.25,0
01/16/1992,572.5,574.5,568.25,571.75,0
01/17/1992,574,580,573.5,579,0
01/20/1992,576,579.5,571.5,573.75,0
01/21/1992,575.5,579.5,573.25,578.25,0
01/22/1992,580,583,572,576.5,0
01/23/1992,576.5,577.5,572.5,572.75,0
01/24/1992,573.25,582,570.5,581.5,0
01/27/1992,575.5,580.25,573.5,576.75,0
01/28/1992,577.5,582,575.5,581.5,0
01/29/1992,583.5,585.75,575,576.25,0
01/30/1992,577,578,569,572.75,0
01/31/1992,575.5,576.5,570,572,0
02/03/1992,570.5,581.5,568,577.5,0
02/04/1992,577.5,581.5,575.5,577.75,0
02/05/1992,577,580,574,576.25,0
02/06/1992,576.25,577,573,573.25,0
02/07/1992,571.5,573.5,569.75,570.5,0
02/10/1992,570.5,580,568,578.75,0
02/11/1992,577.25,578.75,565,566.5,0
02/12/1992,566.5,571.5,564.5,570,0
02/13/1992,566,571.75,566,570.25,0
02/14/1992,570,571.25,566,568.5,0
02/18/1992,570.5,573,567.25,572.5,0
02/19/1992,583,589,578,587,0
02/20/1992,587,589,584.25,587.25,0
02/21/1992,588,589.25,584.75,586.5,0
02/24/1992,586,595.5,584.5,589,0
02/25/1992,589.5,591.75,586.5,587.25,0
02/26/1992,587.5,587.5,580,580.75,0
02/27/1992,581,583.75,580.5,582,0
02/28/1992,583,590,582.5,589.25,0
03/02/1992,590,593.25,587,592,0
03/03/1992,592,594,589,589.5,0
03/04/1992,589.5,599.5,588,599,0
03/05/1992,597.5,600,595.75,597,0
03/06/1992,597,604.5,596.5,601,0
03/09/1992,602,603.75,597.75,600.25,0
03/10/1992,601,601.25,593,596.25,0
03/11/1992,597,601,594.75,598.5,0
03/12/1992,598,599.75,592.5,593,0
03/13/1992,593.5,603,590.5,596,0
03/16/1992,594.5,596.75,590,592.5,0
03/17/1992,593,595.75,591.75,595.25,0
03/18/1992,596.75,600,595,596.75,0
03/19/1992,597,601,594.75,599,0
03/20/1992,600.5,601.75,584,585.5,0
03/23/1992,586,587.5,584.25,587.25,0
03/24/1992,588.5,588.75,585.5,586,0
03/25/1992,585,590,582,588.5,0
03/26/1992,587.5,589,584.75,586,0
03/27/1992,586,588,584,584.25,0
03/30/1992,585.5,588.5,584.25,585.75,0
03/31/1992,585.5,588.5,585.25,588.25,0
04/01/1992,587.5,588.5,576.5,577.25,0
04/02/1992,578.5,579.25,575,575.5,0
04/03/1992,575.5,578.25,573.5,576.25,0
04/06/1992,576.75,578.5,574.5,578,0
04/07/1992,578.5,579,570,570.5,0
04/08/1992,570.5,571,566.5,566.75,0
04/09/1992,567.5,570,566,568.5,0
04/10/1992,568,574,568,571,0
04/15/1992,567,576.25,567,575.5,0
04/16/1992,575.5,576.25,573.25,575.25,0
04/20/1992,576,580.25,574.75,579.5,0
04/21/1992,586.75,591.5,585.5,591,0
04/22/1992,589.5,589.5,583.25,583.75,0
04/23/1992,585,589,583,588.25,0
04/24/1992,589,589,580,581,0
04/27/1992,581.5,585,579.5,579.75,0
04/28/1992,579.5,582,578.75,580.25,0
04/29/1992,580.5,581.25,578,579,0
04/30/1992,579.5,581,579,580.25,0
05/01/1992,579.5,591,578.25,590.25,0
05/04/1992,589,599,589,592.25,0
05/05/1992,591.5,593,589.25,592.25,0
05/06/1992,590.5,595,589,594,0
05/07/1992,596,598,593.5,597.75,0
05/08/1992,597,597,589.5,594.25,0
05/11/1992,591,596.5,590,593.75,0
05/12/1992,598.5,605.5,597.25,605,0
05/13/1992,605,621,603.5,619.5,0
05/14/1992,614,622,610.5,615.5,0
05/15/1992,617,625,612,615.25,0
05/18/1992,612.5,624,612.25,623.5,0
05/19/1992,616,617,604,607.5,0
05/20/1992,610,612.25,605.25,609,0
05/21/1992,603,603,590.5,593.75,0
05/22/1992,595,597.75,594,596,0
05/26/1992,597.5,604.5,591.5,602.75,0
05/27/1992,603.5,614.5,601,605,0
05/28/1992,604,609,601.75,603.5,0
05/29/1992,606,617.5,606,614,0
06/01/1992,626,637,619,620.5,0
06/02/1992,626,631,622.75,630,0
06/03/1992,625,628,620,621.5,0
06/04/1992,620,626.5,616,619.75,0
06/05/1992,612,612,603,606.25,0
06/08/1992,608,622.5,608,621.5,0
06/09/1992,625.5,633.5,625.5,630,0
06/10/1992,627,627.75,622.5,625.75,0
06/11/1992,626,628,617,620.25,0
06/12/1992,614.5,619.5,614,618.25,0
06/15/1992,607,607,590.5,594.75,0
06/16/1992,598,601,594.5,595.5,0
06/17/1992,599,606,599,602.75,0
06/18/1992,598,604.75,595.5,603.75,0
06/19/1992,607.5,608.5,604.75,606.75,0
06/22/1992,605.5,606.75,598.5,599.25,0
06/23/1992,598.5,608.5,596.25,606.5,0
06/24/1992,605,608.25,600.25,603,0
06/25/1992,608,615,607,611.25,0
06/26/1992,613.25,614.75,611,611.5,0
06/29/1992,602,611.5,598,609,0
06/30/1992,609,610,605,605.75,0
07/01/1992,590,605,588,602.25,0
07/02/1992,600,602,593,593.75,0
07/06/1992,572,583,572,577.75,0
07/07/1992,577,580.5,577,578.75,0
07/08/1992,577.25,580.5,576.5,578.75,0
07/09/1992,578,579.75,573,573.5,0
07/10/1992,577.5,579,575.25,576.75,0
07/13/1992,568,575.75,568,575,0
07/14/1992,575,576.25,571.25,571.5,0
07/15/1992,568.5,571.5,568.5,569,0
07/16/1992,568.25,570,563,564,0
07/17/1992,565.5,568.25,560,560.5,0
07/20/1992,560.5,560.75,556,557.75,0
07/21/1992,559.5,560.5,557.75,558.25,0
07/22/1992,560.5,561.5,557.75,559,0
07/23/1992,559.5,560,553.5,553.75,0
07/24/1992,553.5,555.25,552,553.25,0
07/27/1992,552,558.5,551,555.25,0
07/28/1992,556,561.25,556,559.75,0
07/29/1992,562,566,559.5,564.5,0
07/30/1992,566.5,566.5,560.25,560.75,0
07/31/1992,562.5,566,555,555.5,0
08/03/1992,554.5,556.5,550.75,555.75,0
08/04/1992,557.5,558.5,552.75,554.25,0
08/05/1992,551,553,549,549.25,0
08/06/1992,547.5,552,547.25,548.25,0
08/07/1992,542,544,535.5,536.75,0
08/10/1992,536.5,541.25,536.5,540.75,0
08/11/1992,543,545.5,541.5,545,0
08/12/1992,545.5,545.5,538,539.25,0
08/13/1992,541.5,548.5,540.75,547.5,0
08/14/1992,547,549.75,545.5,547.75,0
08/17/1992,548,554,548,553.25,0
08/18/1992,550,550,544.5,548,0
08/19/1992,550.25,550.25,543.75,546,0
08/20/1992,540.25,545,540.25,542.75,0
08/21/1992,546,547,542.5,545.5,0
08/24/1992,549,555,545.25,553.25,0
08/25/1992,555.5,557.25,551.5,556.5,0
08/26/1992,554.5,555.25,552,552.75,0
08/27/1992,550.5,550.5,543,544.5,0
08/28/1992,545,545,540.25,543.25,0
08/31/1992,540,542.25,537.5,541,0
09/01/1992,543.5,548.75,542.75,545.25,0
09/02/1992,549,551,544.25,548.75,0
09/03/1992,548.75,553,546.75,550.5,0
09/04/1992,549,555.5,549,555,0
09/08/1992,559,562,557,561.75,0
09/09/1992,561.5,561.5,555,557,0
09/10/1992,554.5,555.5,552.75,554.5,0
09/11/1992,551,552.75,546,549.75,0
09/14/1992,547.5,547.75,542.75,547,0
09/15/1992,552,558.5,551.25,556.75,0
09/16/1992,551.5,557.75,549,554.5,0
09/17/1992,555,555.25,545,545.25,0
09/18/1992,544.5,546,541.5,541.75,0
09/21/1992,541,545.75,540,544,0
09/22/1992,543,543.5,538.25,539.5,0
09/23/1992,539.5,542,536,538.5,0
09/24/1992,541,547,539.75,543.25,0
09/25/1992,545.5,546,541.25,543.25,0
09/28/1992,539,540,537,538.5,0
09/29/1992,538.75,542.5,537.25,541.75,0
09/30/1992,541,543.5,540.25,540.75,0
10/01/1992,539.5,539.5,532,532.5,0
10/02/1992,531,532,526.5,527.25,0
10/05/1992,525,531.5,524.5,528.25,0
10/06/1992,528,533.25,528,530.75,0
10/07/1992,531.5,532.75,529.75,530.75,0
10/08/1992,529,531,528.5,530,0
10/09/1992,536,537,532,532.75,0
10/12/1992,531,539.5,530,536.75,0
10/13/1992,538,539,535.5,537.5,0
10/14/1992,538.5,541.75,537.5,538.75,0
10/15/1992,538.5,539.75,534.5,535,0
10/16/1992,535.5,537.5,534.25,536,0
10/19/1992,536,548.5,535.25,543.5,0
10/20/1992,544,547.75,543.25,546.25,0
10/21/1992,551.5,552.75,548.75,549.5,0
10/22/1992,548,555.5,547,552.75,0
10/23/1992,552.5,552.5,548.5,548.75,0
10/26/1992,546,548.75,546,547.25,0
10/27/1992,548.5,550,547,547.5,0
10/28/1992,548,549.5,545,545.25,0
10/29/1992,545.25,548.5,545.25,548,0
10/30/1992,549.5,556,549.5,552.75,0
11/02/1992,555.5,558.75,554,556,0
11/03/1992,556,558.5,554,557.25,0
11/04/1992,554,555,550.25,553,0
11/05/1992,550.5,553,543,544.5,0
11/06/1992,547,553.5,547,553,0
11/09/1992,553,553,547.75,551,0
11/10/1992,551,553,549.75,552.25,0
11/11/1992,547.5,562,546.5,561.5,0
11/12/1992,560,562.5,558.25,560.75,0
11/13/1992,560.5,563.75,559,562.25,0
11/16/1992,561.5,562.25,558,558.5,0
11/17/1992,558,567,558,566,0
11/18/1992,565.5,567,563,563.5,0
11/19/1992,563,565.75,561.5,564.25,0
11/20/1992,565,566,559,559.5,0
11/23/1992,560,566.5,559,565.5,0
11/24/1992,565,569,563,568,0
11/25/1992,566.25,568.75,565.5,568.25,0
11/27/1992,567,567.75,565,565.25,0
11/30/1992,564,567.5,562.5,563.75,0
12/01/1992,562.5,562.5,558,559.75,0
12/02/1992,558,563.25,558,562.5,0
12/03/1992,561.5,564.75,559.5,563.25,0
12/04/1992,564,564,559.75,561,0
12/07/1992,560,562.5,558.25,559.5,0
12/08/1992,559.75,561.25,556.25,560,0
12/09/1992,560,568.5,559.5,567.25,0
12/10/1992,567,572.75,566.25,572,0
12/11/1992,571,573.75,571,571.75,0
12/14/1992,573,575.25,571.25,571.5,0
12/15/1992,571,571.75,569.25,570.75,0
12/16/1992,571,571,568,569.75,0
12/17/1992,569.5,574,568.75,569.25,0
12/18/1992,568.5,571.5,566,571,0
12/21/1992,574.25,578.75,574,578.5,0
12/22/1992,579,582.5,577.75,582,0
12/23/1992,580.75,583.5,580.25,580.75,0
12/24/1992,581.5,582.5,580.5,582.25,0
12/28/1992,583.5,584.5,577,577.25,0
12/29/1992,576.25,576.25,571.5,572.75,0
12/30/1992,573.5,575.25,570.25,570.75,0
12/31/1992,570.75,574.75,570.25,574.25,0
01/04/1993,572,572,567.5,568,0
01/05/1993,568,571,567,570.25,0
01/06/1993,569.5,576.5,569.5,574.25,0
01/07/1993,576,580,575.25,579.25,0
01/08/1993,578.75,582,577.5,579.25,0
01/11/1993,576.5,579.25,576.5,578.5,0
01/12/1993,577.5,586,577.5,584.75,0
01/13/1993,581,585.5,579.25,584,0
01/14/1993,585,586.75,577.5,578,0
01/15/1993,578.25,581.75,576.75,581.5,0
01/18/1993,580.5,585.5,578,584.25,0
01/19/1993,585.5,588,583.75,586.25,0
01/20/1993,585,586.25,582,583.75,0
01/21/1993,581.5,584,580.5,583.25,0
01/22/1993,583,584,580,581.25,0
01/25/1993,580,581.25,576,576.25,0
01/26/1993,577.25,579.5,576,576.25,0
01/27/1993,577.5,582,577,581.25,0
01/28/1993,582,582,572,572.75,0
01/29/1993,573,575,572.75,574,0
02/01/1993,573.5,573.75,569.25,573.25,0
02/02/1993,574.25,574.25,569.5,572,0
02/03/1993,572,575,570.75,574.5,0
02/04/1993,574.5,575,569.5,571.25,0
02/05/1993,572,573,565,565.5,0
02/08/1993,564.5,566.25,562.5,564.75,0
02/09/1993,567.5,569,566.25,568.25,0
02/10/1993,568.25,569.5,567.5,568.75,0
02/11/1993,568.5,575,565,567,0
02/12/1993,566.5,571,564.75,570.5,0
02/16/1993,570,572.25,568,571,0
02/17/1993,572.5,576,572.5,575.5,0
02/18/1993,575,577,573,574.75,0
02/19/1993,574.75,575,573.25,573.75,0
02/22/1993,573,573.25,569,569.5,0
02/23/1993,571.5,575.5,570,574.25,0
02/24/1993,574.5,575.75,573.25,574.25,0
02/25/1993,573,574.75,571,574.25,0
02/26/1993,573.75,581,573.75,580,0
03/01/1993,581,585.75,579.75,584.25,0
03/02/1993,586.25,586.75,582.75,585.25,0
03/03/1993,583,585,581.25,583,0
03/04/1993,583,585,581,584.75,0
03/05/1993,584,584,578.25,578.75,0
03/08/1993,577.5,582,576,576.25,0
03/09/1993,577,579.5,576,577.25,0
03/10/1993,577,584,577,583.25,0
03/11/1993,581.5,583,577.25,578,0
03/12/1993,578.25,581.25,575.5,576.75,0
03/15/1993,576,582.75,576,580.5,0
03/16/1993,582.5,583.5,579.5,581.5,0
03/17/1993,583.5,587.5,582.25,585.75,0
03/18/1993,587.5,590.25,585.5,588.75,0
03/19/1993,589,589.75,585.25,588.5,0
03/22/1993,586,588,584,585.25,0
03/23/1993,586.5,594,586,591.5,0
03/24/1993,591,592.75,589.5,592.25,0
03/25/1993,593,595,586.5,586.75,0
03/26/1993,588,589,585.25,587.5,0
03/29/1993,588,591.25,587.5,587.75,0
03/30/1993,587.5,588.5,585.5,586.75,0
03/31/1993,587,588.75,586,588.25,0
04/01/1993,592,598,591.75,594,0
04/02/1993,593.5,597,592.5,596.5,0
04/05/1993,595,595,589.5,593.75,0
04/06/1993,592.5,595,590,590.25,0
04/07/1993,590.5,598,588.5,597.25,0
04/08/1993,596.5,598,595.75,596,0
04/12/1993,596,598,594.75,597.25,0
04/13/1993,595,597,593,595.25,0
04/14/1993,594.5,596.25,591.5,595.25,0
04/15/1993,595,596.5,590,590.5,0
04/16/1993,589.5,592.5,586,586.75,0
04/19/1993,587.5,589,586.75,588,0
04/20/1993,589.75,591,588.25,590.5,0
04/21/1993,591.5,592.25,589.75,591.75,0
04/22/1993,590.5,595.25,590.25,593.75,0
04/23/1993,595,596,592.75,594.25,0
04/26/1993,593.5,598.25,592.75,597.5,0
04/27/1993,596.5,598.5,593.75,594.5,0
04/28/1993,595.5,596,590.25,591.5,0
04/29/1993,592.25,594.5,587,590.25,0
04/30/1993,593.5,594.25,590.75,591.25,0
05/03/1993,593.5,594.5,588,594,0
05/04/1993,593,593.25,590.5,591.25,0
05/05/1993,591,597.75,590.5,595.5,0
05/06/1993,595.5,601,594.75,600.5,0
05/07/1993,601.5,607.5,599.75,606,0
05/10/1993,603,605,601.75,603.5,0
05/11/1993,602.75,606,602.25,604.5,0
05/12/1993,600,609.5,599,600.5,0
05/13/1993,600.5,601,597.5,598.5,0
05/14/1993,600,604,598.5,602.25,0
05/17/1993,600,601.5,597.5,599.5,0
05/18/1993,598.5,605.5,598.5,605,0
05/19/1993,606,607.25,599.5,600.5,0
05/20/1993,602,607.25,601,603.5,0
05/21/1993,604,608.5,603,608,0
05/24/1993,606.75,609.25,605,606,0
05/25/1993,605.5,607.75,602.5,607.5,0
05/26/1993,609.5,613.75,606,612.75,0
05/27/1993,612.5,613.25,608,609,0
05/28/1993,609.5,610.5,607.5,608.5,0
06/01/1993,607,607,588.5,589,0
06/02/1993,590.25,591.25,588,588.75,0
06/03/1993,591,594,589.75,590,0
06/04/1993,589.5,591,582.5,588.25,0
06/07/1993,589.5,593.5,589.5,592,0
06/08/1993,593,596,590,590.25,0
06/09/1993,590,595.25,589,594.5,0
06/10/1993,594,595.5,590.5,591.5,0
06/11/1993,592.5,594.75,586.25,588.75,0
06/14/1993,589,589,584,584.5,0
06/15/1993,584.5,588.75,580.5,582.75,0
06/16/1993,581,587.5,581,586,0
06/17/1993,591,603.5,591,601.25,0
06/18/1993,602.5,606,600,605.25,0
06/21/1993,608.5,627,608.5,621.25,0
06/22/1993,617.5,623,616.5,618.25,0
06/23/1993,628,631,624.5,627.75,0
06/24/1993,629,629.5,623.5,627.75,0
06/25/1993,627,627,621,621.75,0
06/28/1993,628,628.5,621,621.75,0
06/29/1993,624,637,624,635.5,0
06/30/1993,645,657.5,640.5,655,0
07/01/1993,647,670,645,659.75,0
07/02/1993,664,673,662,665.5,0
07/06/1993,689,695.5,689,695.5,0
07/07/1993,712,713.5,691,709.75,0
07/08/1993,708,714,697,703.5,0
07/09/1993,728,733,709,711.5,0
07/12/1993,702,707,681.5,699,0
07/13/1993,695,704.5,690,696.5,0
07/14/1993,693,708,690,707.25,0
07/15/1993,721,731,706,708,0
07/16/1993,707,726,705,724.5,0
07/19/1993,754.5,754.5,730,734.5,0
07/20/1993,723.5,735,722,728.25,0
07/21/1993,735,735,717,719.75,0
07/22/1993,719,731,719,730.25,0
07/23/1993,737,740,722,727,0
07/26/1993,717,717,703,710.75,0
07/27/1993,709,716.5,697,703.25,0
07/28/1993,703.5,703.5,681,690,0
07/29/1993,687.5,694.5,685,692,0
07/30/1993,694,694.5,686,686.5,0
08/02/1993,688.5,706.5,687.5,705.5,0
08/03/1993,706,707.5,702,706,0
08/04/1993,707,708,695.5,696.5,0
08/05/1993,696,700,678,679,0
08/06/1993,679,685,668,679.25,0
08/09/1993,681,682,667,667.75,0
08/10/1993,669,673,664.5,669.75,0
08/11/1993,670.5,684,669,681.5,0
08/12/1993,681.5,681.5,653,654,0
08/13/1993,654,662,652.5,655.75,0
08/16/1993,653,660,650,652.25,0
08/17/1993,653.5,659,652.5,658.5,0
08/18/1993,661,668,656.5,657.25,0
08/19/1993,656.5,667,655.5,664.75,0
08/20/1993,665,672,662.5,668.25,0
08/23/1993,670,676.75,669,675.5,0
08/24/1993,678,678.5,669.5,671.5,0
08/25/1993,672,674,667.5,671,0
08/26/1993,672.5,675.5,661,662,0
08/27/1993,662,674,652,673,0
08/30/1993,675,681,667.5,674.25,0
08/31/1993,673,673,658,663.5,0
09/01/1993,664.5,664.5,654,654.75,0
09/02/1993,655.5,663,655.5,661,0
09/03/1993,660,665.25,658,663.25,0
09/07/1993,662.5,664,639,640.5,0
09/08/1993,646,648,641,642.5,0
09/09/1993,645,646,641,641.5,0
09/10/1993,632,632,616,620.25,0
09/13/1993,628,638,628,633.5,0
09/14/1993,627,632,621,626.75,0
09/15/1993,626,635,621.5,631.5,0
09/16/1993,631.5,634,623.5,629.5,0
09/17/1993,637,642,634.5,636,0
09/20/1993,634,641,629,639.75,0
09/21/1993,644,645.5,630,632.25,0
09/22/1993,638,639.5,633,638.25,0
09/23/1993,643,652,643,649.25,0
09/24/1993,649,650,645,647.5,0
09/27/1993,652,652.5,637,639.25,0
09/28/1993,640,641,627,631.5,0
09/29/1993,630,630,623.25,627.25,0
09/30/1993,637,637,628.5,629.75,0
10/01/1993,627,627,616,618,0
10/04/1993,613,615,604,605.5,0
10/05/1993,608,610,605.5,606,0
10/06/1993,608,611.5,606,606.5,0
10/07/1993,606.5,614,606.5,610.5,0
10/08/1993,611,613,607.5,608.75,0
10/11/1993,612,615.25,611.25,614.75,0
10/12/1993,614,616.5,613.5,614.75,0
10/13/1993,614,616.5,610.5,612.5,0
10/14/1993,611,619.5,610,615.5,0
10/15/1993,614.5,617.5,613.75,614.5,0
10/18/1993,615,618.5,614.5,617.5,0
10/19/1993,619.25,619.25,614,614.75,0
10/20/1993,621,622,619.25,621.5,0
10/21/1993,621,632,619.25,631,0
10/22/1993,632,634,629,629.5,0
10/25/1993,625.5,634,625.5,630.75,0
10/26/1993,630,632.5,627,628.5,0
10/27/1993,631,632.5,628,629.25,0
10/28/1993,627.5,629.5,624,627,0
10/29/1993,627,633,625.5,629.5,0
11/01/1993,632,632.5,622.5,628.5,0
11/02/1993,632,640,630,637,0
11/03/1993,636,641.5,635.5,640.25,0
11/04/1993,640.25,647.75,640.25,646.75,0
11/05/1993,650,652.75,647.25,650.75,0
11/08/1993,647,647,638.75,639.5,0
11/09/1993,638.5,643,638,639,0
11/10/1993,669,669,669,669,0
11/11/1993,687,687,676,682,0
11/12/1993,679,683,676,682,0
11/15/1993,687,691.5,678.5,686.75,0
11/16/1993,686.5,688.75,680.75,681.5,0
11/17/1993,681,692,679,689.75,0
11/18/1993,691.5,695,683.5,686.75,0
11/19/1993,688.5,689.5,684,687.75,0
11/22/1993,687,687.75,677.5,679.5,0
11/23/1993,681.5,683.75,677.25,681.75,0
11/24/1993,683,684.5,678.25,681.75,0
11/26/1993,681,686.5,679,685.75,0
11/29/1993,684,685.5,677.5,683.75,0
11/30/1993,681.75,683,671,671.5,0
12/01/1993,672,677,671,671.75,0
12/02/1993,671.5,683,666,681,0
12/03/1993,678.5,685.25,677.5,679,0
12/06/1993,679,682,673.5,679.75,0
12/07/1993,682,684.5,677,684,0
12/08/1993,684,689,683,685.75,0
12/09/1993,686,687.25,682.75,684.25,0
12/10/1993,685.5,688,681.5,685.5,0
12/13/1993,683.5,683.5,674.75,675.25,0
12/14/1993,680,683.25,675,680.75,0
12/15/1993,681,683,678.5,680.25,0
12/16/1993,678.5,683.25,678,682.5,0
12/17/1993,683.5,687,682.5,686.75,0
12/20/1993,696,697.25,691.75,693.25,0
12/21/1993,693.25,696,692,694.75,0
12/22/1993,699,709,699,704.75,0
12/23/1993,701,704.75,701,703.75,0
12/27/1993,704,712.5,703.5,709.75,0
12/28/1993,707,711,706.25,709,0
12/29/1993,708.5,710.5,706.75,709,0
12/30/1993,710,714.5,710,712.5,0
01/03/1994,711,711.5,703.25,709,0
01/04/1994,708.5,713,701,702,0
01/05/1994,699.5,706.25,698,705.75,0
01/06/1994,710,712,706,706.25,0
01/07/1994,705.5,705.75,699.25,701.75,0
01/10/1994,698,698,688,688.5,0
01/11/1994,690.5,694,688.75,693.25,0
01/12/1994,694,695.5,691.75,693.75,0
01/13/1994,710,721,705.75,719.5,0
01/14/1994,718,720,714.5,716.75,0
01/17/1994,715.5,719,706.75,709.75,0
01/18/1994,713.5,715.5,702,708.5,0
01/19/1994,705,709.5,704.25,705.5,0
01/20/1994,703.5,706.5,693.5,697.5,0
01/21/1994,698,698.5,689.5,693.5,0
01/24/1994,689,699.5,687,698,0
01/25/1994,697,699,693.5,698.5,0
01/26/1994,700.5,703.75,696.5,700.25,0
01/27/1994,704,704.5,693.5,696.5,0
01/28/1994,694.5,696,683,683.75,0
01/31/1994,683.75,687.25,681.5,686.75,0
02/01/1994,686.5,690.75,686,687,0
02/02/1994,684.5,684.75,675,683.5,0
02/03/1994,684,687,680,680.5,0
02/04/1994,677,679,672.75,674.5,0
02/07/1994,673,678,670.5,673.75,0
02/08/1994,673.25,677.5,671.5,674.5,0
02/09/1994,674.5,679.5,672.25,678.5,0
02/10/1994,679,679.75,677,679,0
02/11/1994,679.5,685.5,670,684.25,0
02/14/1994,684.5,687.75,682.5,683.75,0
02/15/1994,682,682,677,677.5,0
02/16/1994,682,688,681.25,687.25,0
02/17/1994,687,688.75,679,680,0
02/18/1994,679.5,683,678.75,681.25,0
02/22/1994,679.5,687,676.25,686.25,0
02/23/1994,687.5,692.5,685.5,688,0
02/24/1994,688,693,687.5,689.25,0
02/25/1994,683,689,681.5,687,0
02/28/1994,685.5,686.75,681.25,683.75,0
03/01/1994,684.25,687,682,684.5,0
03/02/1994,684.5,686.75,680.25,681.25,0
03/03/1994,679.25,681,666.5,671,0
03/04/1994,671.5,673,669,671,0
03/07/1994,673.5,674,669.5,670.75,0
03/08/1994,671.5,673,667,667.5,0
03/09/1994,667,676,666,675.5,0
03/10/1994,675,677,673,674,0
03/11/1994,675,677.25,671,675.25,0
03/14/1994,676,692,676,690.25,0
03/15/1994,687,692.5,687,689.5,0
03/16/1994,688.5,697,687.5,694.5,0
03/17/1994,694.5,695,691,691.5,0
03/18/1994,692,695.75,690.25,691.5,0
03/21/1994,690.5,691,685.75,688.75,0
03/22/1994,688,690.75,685.75,686,0
03/23/1994,688.5,694,684.75,693.5,0
03/24/1994,692,695,690.75,692.5,0
03/25/1994,691.5,692.25,686.5,688.5,0
03/28/1994,690.5,693.25,687.5,691.5,0
03/29/1994,692,693,688.25,688.75,0
03/30/1994,687.5,690,686.75,689.5,0
03/31/1994,688.5,689.25,680.5,681.75,0
04/04/1994,676,676.5,652,652.5,0
04/05/1994,655.5,657,648,654,0
04/06/1994,656,658.5,655,658,0
04/07/1994,658.75,661,654.5,655,0
04/08/1994,653,660,652,657.75,0
04/11/1994,656,660,653,653.75,0
04/12/1994,654,659.25,654,658.75,0
04/13/1994,661,665.5,659.25,659.75,0
04/14/1994,659.5,662.25,652.5,653,0
04/15/1994,653.5,657,652,652.75,0
04/18/1994,654,658,651.25,656.5,0
04/19/1994,655.5,660.5,655.5,658.5,0
04/20/1994,658.5,665,656.75,664.5,0
04/21/1994,664,665.75,661.5,664.5,0
04/22/1994,665.5,667,657.5,657.75,0
04/25/1994,656.5,669.5,654,668.5,0
04/26/1994,669,671.5,665.5,668.5,0
04/28/1994,672,674.75,669.5,672.25,0
04/29/1994,671.5,677.5,671,676.5,0
05/02/1994,675,675.75,666.75,669.75,0
05/03/1994,669,669.5,661,663,0
05/04/1994,663,671.25,661,669.5,0
05/05/1994,668.5,669.5,656,657,0
05/06/1994,657.5,671.75,657.5,667.5,0
05/09/1994,665,665.5,660.5,662.5,0
05/10/1994,664.5,669,658,663,0
05/11/1994,661,669.75,660,667,0
05/12/1994,666.5,671.75,666.5,668.25,0
05/13/1994,666,667.75,664,665.5,0
05/16/1994,669,682,669,678.5,0
05/17/1994,675,681,675,680.5,0
05/18/1994,684,707,684,702,0
05/19/1994,700,703,693,694.25,0
05/20/1994,694.5,704.5,692.25,702.5,0
05/23/1994,720,732.5,716,732.25,0
05/24/1994,710,713,693,695,0
05/25/1994,698,698,670,675,0
05/26/1994,674.5,675,666,672.25,0
05/27/1994,673,678,672.75,674,0
05/31/1994,704,704,694,701,0
06/01/1994,694,707,692,700.5,0
06/02/1994,690,701,682,699.5,0
06/03/1994,697,697,679.5,685,0
06/06/1994,670,673,656.5,659.25,0
06/07/1994,661.5,666,656.5,660.5,0
06/08/1994,661.5,672.5,660,667.75,0
06/09/1994,670,677,670,672.75,0
06/10/1994,677,682.5,675,682,0
06/13/1994,671,692,670.5,690.75,0
06/14/1994,689.5,693.5,682,690.5,0
06/15/1994,710,715,703,705.25,0
06/16/1994,713,714,698.25,701.5,0
06/17/1994,710,715,706.5,711,0
06/20/1994,690,692.5,681,681,0
06/21/1994,674,676,665,673,0
06/22/1994,673,677,661,662.75,0
06/23/1994,660,668,659,661.5,0
06/24/1994,662,665.5,660,663,0
06/27/1994,662,663.5,651,654.25,0
06/28/1994,663,684.25,663,678.75,0
06/29/1994,669,669,657,657.75,0
06/30/1994,653,664,651.5,654.75,0
07/01/1994,650,651.5,636.5,639.75,0
07/05/1994,626,627.5,609.75,610.75,0
07/06/1994,616,620,614,614.5,0
07/07/1994,616,621,614,617.5,0
07/08/1994,622.5,626,622.5,625.5,0
07/11/1994,626,627,621.25,622,0
07/12/1994,617,617,608.5,614.75,0
07/13/1994,616.5,618.5,614.5,617.25,0
07/14/1994,618,618.5,605,608,0
07/15/1994,608,613,606.5,611.25,0
07/18/1994,613,618,611.5,612.5,0
07/19/1994,608,608,597.5,599.25,0
07/20/1994,579,579.25,570,570.25,0
07/21/1994,569,572,562,566,0
07/22/1994,570.5,572,566.75,569.5,0
07/25/1994,570.5,576,570,574.5,0
07/26/1994,574,576,565,575.5,0
07/27/1994,574.5,578.25,568.5,570.75,0
07/28/1994,570,577,567.75,572.5,0
07/29/1994,575,578.25,573.75,575.25,0
08/01/1994,571,572,565.5,571.5,0
08/02/1994,571.5,574.75,567.5,569.25,0
08/03/1994,564,571,560.5,566.5,0
08/04/1994,562,565.25,560.5,561,0
08/05/1994,562.5,568.5,561.75,566.5,0
08/08/1994,562.5,577,562.5,570.75,0
08/09/1994,570,571,566.5,569.75,0
08/10/1994,569.5,571.5,568.5,569,0
08/11/1994,566,576.75,565,571.5,0
08/12/1994,571,574,569.5,570.75,0
08/15/1994,568,569,564.5,565.75,0
08/16/1994,568,571,568,568,0
08/17/1994,567,575.5,566.5,574.25,0
08/18/1994,573.5,578,573,576.25,0
08/19/1994,578.5,583,578,582.75,0
08/22/1994,573.5,574.5,563,566.25,0
08/23/1994,570,571.25,566.5,569.75,0
08/24/1994,568.5,578.25,568,576.5,0
08/25/1994,575.5,575.5,572.25,575,0
08/26/1994,573,576.5,570,570.75,0
08/29/1994,568,568,564,567.25,0
08/30/1994,570.5,571.5,567.25,567.75,0
08/31/1994,569.5,574.5,568.5,573.75,0
09/01/1994,574,574.75,570.25,574,0
09/02/1994,574.5,577,573.5,575.5,0
09/06/1994,576.5,587,573,582.75,0
09/07/1994,583.5,584.5,579,580.5,0
09/08/1994,580.5,582.25,575,575.75,0
09/09/1994,574,577,573.25,575.5,0
09/12/1994,561,581,561,580.25,0
09/13/1994,577,580,572.75,574,0
09/14/1994,572,572,568,569,0
09/15/1994,565,566,556,557.5,0
09/16/1994,558.5,559.5,549.5,553.25,0
09/19/1994,552,558,551,553.75,0
09/20/1994,554.5,557.5,552,555.25,0
09/21/1994,554.5,557.5,552,556,0
09/22/1994,557.5,558.5,550.5,552.5,0
09/23/1994,553.5,555.75,552,554,0
09/26/1994,554,555,551.5,554.25,0
09/27/1994,553.5,556.5,552.75,554.25,0
09/28/1994,553,553,546.5,548.5,0
09/29/1994,547.5,547.75,543.5,543.75,0
09/30/1994,541,542.5,535.5,536,0
10/03/1994,535,541.5,535,538.25,0
10/04/1994,538,538,533,536,0
10/05/1994,535,538.75,534,534.25,0
10/06/1994,530.5,531.75,529,531,0
10/07/1994,532,533.75,527,527.25,0
10/10/1994,527.5,531,526.75,529.75,0
10/11/1994,531,533,529.5,532.25,0
10/12/1994,530,538.25,529.5,536.75,0
10/13/1994,537.75,538,533,533.25,0
10/14/1994,534.75,542,534,538.5,0
10/17/1994,538.5,545,538.5,543,0
10/18/1994,542.5,545.5,541.5,544.75,0
10/19/1994,543.75,543.75,540.5,541.25,0
10/20/1994,552.5,562.5,552,561,0
10/21/1994,560.5,561.5,558,560,0
10/24/1994,557,564.75,554.75,564.25,0
10/25/1994,564,566,558.5,559.75,0
10/26/1994,559.5,561.5,557,560,0
10/27/1994,559.5,567,559,564.25,0
10/28/1994,562.5,562.5,558.5,558.75,0
10/31/1994,557,558.75,553,554,0
11/01/1994,554,556.25,552,554.25,0
11/02/1994,554.5,560.5,553.75,557.5,0
11/03/1994,558.5,559.75,556,558,0
11/04/1994,560,563,559.5,562,0
11/07/1994,562,569.5,560,566,0
11/08/1994,565.5,570.5,564.5,569,0
11/09/1994,569.5,574,564.25,572,0
11/10/1994,570.5,573.5,568,568.75,0
11/11/1994,570.5,572.5,560.5,561.25,0
11/14/1994,562.5,565,560.5,564.5,0
11/15/1994,561,572,559,568,0
11/16/1994,569,570.5,563,565.5,0
11/17/1994,567,570.25,564.25,569.75,0
11/18/1994,569,572,566.75,570.5,0
11/21/1994,568.5,569,563,563.5,0
11/22/1994,562.5,566.25,562,565.75,0
11/23/1994,567,567.5,559.5,565.25,0
11/25/1994,567.25,569,566.25,568,0
11/28/1994,569,576.5,568.75,573.5,0
11/29/1994,572,573.5,567.5,569.75,0
11/30/1994,569,569,559.5,563.5,0
12/01/1994,564,565.5,555,556.75,0
12/02/1994,560.5,564.5,558.25,562.75,0
12/05/1994,562,565.25,559.5,562.25,0
12/06/1994,560,561,556,557.75,0
12/07/1994,557.75,563,557.25,559,0
12/08/1994,559,562.75,557.5,562,0
12/09/1994,563,565,560.5,564.25,0
12/12/1994,564,565,561.75,564.5,0
12/13/1994,565,566.75,562.75,563.5,0
12/14/1994,561.5,563,559.25,561.25,0
12/15/1994,560,563.5,559,562.75,0
12/16/1994,563,569,562.25,566.25,0
12/19/1994,565.5,568.5,558.75,559.5,0
12/20/1994,569,572.5,568.25,572,0
12/21/1994,572,578.25,570.25,574.25,0
12/22/1994,574.5,577,574,574.25,0
12/23/1994,573.5,579.25,573.5,578.5,0
12/27/1994,576.5,579.25,576,576.75,0
12/28/1994,577,577.75,571,572.25,0
12/29/1994,571,572,568,568.25,0
12/30/1994,567,568.25,561,561.5,0
01/03/1995,559.5,561.5,557.25,557.75,0
01/04/1995,557,560.75,557,558.5,0
01/05/1995,559,562.75,558.25,558.5,0
01/06/1995,556,559,555.5,558.5,0
01/09/1995,558,561,555.75,557.5,0
01/10/1995,557.5,560.5,555.75,560,0
01/11/1995,561.25,562,559.5,559.75,0
01/12/1995,559,559.75,555.25,557.5,0
01/13/1995,557,557.5,554.25,556.5,0
01/16/1995,555,557.5,553.5,556.5,0
01/17/1995,558,563,558,558.75,0
01/18/1995,558,558.75,554.5,555.25,0
01/19/1995,552.5,554.75,551.5,552.25,0
01/20/1995,552.25,554.25,551,551.5,0
01/23/1995,551.5,553,548.75,552.75,0
01/24/1995,553.5,554.75,551.75,553.5,0
01/25/1995,553,555,552.5,553,0
01/26/1995,554.5,556.5,553.5,553.75,0
01/27/1995,554,555.25,552,553.75,0
01/30/1995,552.5,552.5,547.5,549,0
01/31/1995,548,550.75,547.25,547.5,0
02/01/1995,546,547.5,544.5,546.5,0
02/02/1995,547.5,550,545.25,549.5,0
02/03/1995,550.5,550.5,546.25,546.75,0
02/06/1995,547.5,551.5,546.75,550.5,0
02/07/1995,550,551.5,548.25,548.5,0
02/08/1995,548,553,547.25,552.75,0
02/09/1995,551.5,557,550.75,554.25,0
02/10/1995,555.25,560.25,553.75,557.75,0
02/13/1995,558,559.75,555.25,555.75,0
02/14/1995,555.75,559,555,558.5,0
02/15/1995,559.5,561,555.75,558,0
02/16/1995,565.5,566.75,565,566.5,0
02/17/1995,566.5,568,564.5,565.5,0
02/21/1995,564.5,568,563.5,567.75,0
02/22/1995,567,570,566.5,568,0
02/23/1995,568,570.5,566.5,568.5,0
02/24/1995,568.5,571.5,567,569,0
02/27/1995,569.25,569.25,565.25,565.75,0
02/28/1995,564.5,567.25,564.25,564.75,0
03/01/1995,564,566,563,563.5,0
03/02/1995,562.5,564,561.5,563.75,0
03/03/1995,563,566,562.25,564.75,0
03/06/1995,565,579.5,565,574.25,0
03/07/1995,572.5,584,572.5,578.25,0
03/08/1995,575.5,576.25,573,573.25,0
03/09/1995,573.25,576.5,573.25,574.25,0
03/10/1995,574.25,576.25,571.75,572.25,0
03/13/1995,573.5,578.5,572.75,578,0
03/14/1995,577.5,580.75,575.5,578.25,0
03/15/1995,579,587,578.75,585.75,0
03/16/1995,584,585.25,580.75,582.25,0
03/17/1995,584,590,582.75,588.25,0
03/20/1995,586.5,590.75,585.25,587,0
03/21/1995,586.5,586.5,581.25,582.75,0
03/22/1995,582.75,583,578.5,580,0
03/23/1995,581,584,578.5,579.75,0
03/24/1995,580.5,581.5,577.5,578.5,0
03/27/1995,578,578,572.5,576.75,0
03/28/1995,577,579.25,574.5,577.5,0
03/29/1995,578,579,573,574.5,0
03/30/1995,573,574.5,571,573,0
03/31/1995,575,583,573,574,0
04/03/1995,573.5,583,573.5,582.25,0
04/04/1995,581,584,580,581.75,0
04/05/1995,581,583.25,580,581.75,0
04/06/1995,581.5,582.5,579,580,0
04/07/1995,582,588.5,580.5,585,0
04/10/1995,584,585,582,584.5,0
04/11/1995,587,592,587,589.5,0
04/12/1995,589,589,586.25,586.75,0
04/13/1995,585,586,573,575.5,0
04/17/1995,575.5,577.5,573.25,574.5,0
04/18/1995,575.5,575.5,568.5,569,0
04/19/1995,580.5,582.5,576,577.75,139305
04/20/1995,579.5,582,578,581.25,69930
04/21/1995,582,582,577.25,577.75,68020
04/24/1995,578.5,582.25,576.75,581.75,78235
04/25/1995,582.5,584,578,580.25,114835
04/26/1995,582,582,576.5,577,109725
04/27/1995,577,578,575,575.25,110480
04/28/1995,575,582.75,575,580,138590
05/01/1995,580.5,589.75,580,589,155735
05/02/1995,589.5,591,587.25,589,112615
05/03/1995,587,587,581.25,583.5,122085
05/04/1995,585,587,578.5,579.5,95635
05/05/1995,577.5,577.5,570,573,158810
05/08/1995,573.75,579.75,566.5,568.25,160610
05/09/1995,569,572.5,566,571.25,106770
05/10/1995,572,574.25,569,573.75,75590
05/11/1995,574.25,574.25,568,569.5,100135
05/12/1995,569.5,570,567,569.5,73495
05/15/1995,568.5,573.5,566.5,567.5,91595
05/16/1995,566.5,573.75,566.5,573.25,92945
05/17/1995,576.5,579,571.5,572,113430
05/18/1995,571.5,591,571.5,589.5,194400
05/19/1995,584.5,587.75,582,582.5,140710
05/22/1995,584.5,609,584.5,602,289960
05/23/1995,607,618.5,598.5,600,266060
05/24/1995,604,607.5,599.5,602,141510
05/25/1995,601.5,602.5,595.5,598.5,121650
05/26/1995,600,607.5,598.5,605.75,131925
05/30/1995,596,596,576,579.75,235460
05/31/1995,582.5,584.5,578.5,580.75,94790
06/01/1995,585,590,584,588.25,91120
06/02/1995,594,596.5,582,585.25,130150
06/05/1995,584,589.25,581,583.5,98435
06/06/1995,587,595.5,586,592,125445
06/07/1995,594,594,586,591.5,106030
06/08/1995,597,598.5,586,590.75,91255
06/09/1995,589.5,591.5,584,585.5,41700
06/12/1995,584,585.5,570,573.25,80615
06/13/1995,574,580.5,574,579.75,60850
06/14/1995,579,586.5,578.5,585.5,77455
06/15/1995,588,595,587,592.25,64710
06/16/1995,587,589.75,584,589,51150
06/19/1995,600,616,598,607.75,108690
06/20/1995,606,610,604,607.25,86950
06/21/1995,605,612.5,605,611.25,22205
06/22/1995,610.5,612,606,606.25,24985
06/23/1995,605.5,606.5,603,606.25,17105
06/26/1995,589,597.5,582.5,584.5,28060
06/27/1995,585.5,589,582.5,588.25,34025
06/28/1995,591.5,593,588.75,592.75,31190
06/29/1995,592.5,593.25,586.75,587,50500
06/30/1995,588,588.5,581.75,582.5,57905
07/03/1995,588,599,587.5,591.5,62160
07/05/1995,587,602.5,586,602,71190
07/06/1995,606.5,626.5,606,611.25,111060
07/07/1995,608,610,603,608,74780
07/10/1995,609,617,606,608.5,59380
07/11/1995,608,615.5,606,611.5,66100
07/12/1995,624,627,618,618.75,76075
07/13/1995,623,626,616,617.25,51165
07/14/1995,618,624,617.5,620.75,55565
07/17/1995,635,650.75,635,643.75,76705
07/18/1995,640,644,635.5,636.75,49005
07/19/1995,627,631.5,613.5,618.5,57365
07/20/1995,626,627,622,622.75,10485
07/21/1995,629.5,638,628,636.75,21520
07/24/1995,631,632.5,624.75,630.75,18035
07/25/1995,639,641,634,635.5,14345
07/26/1995,632,637,628,636.25,19550
07/27/1995,634,637.5,619,628.5,25070
07/28/1995,626.5,631,623.5,627,62525
07/31/1995,613.5,614,600,606,60850
08/01/1995,607,609,604.5,606.75,51610
08/02/1995,606,607.5,598,599.75,64930
08/03/1995,599,605,598.5,602.75,40715
08/04/1995,602,603,588,590,60285
08/07/1995,589,593,585,591,40020
08/08/1995,594.5,599.5,594.5,597.25,43805
08/09/1995,596.5,597.75,593.5,594,32340
08/10/1995,592,595.75,591.5,594.75,27585
08/11/1995,578,590.5,577,589.5,20090
08/14/1995,594.5,600.5,593.5,594.25,26760
08/15/1995,590.5,591,587,590.25,25990
08/16/1995,594,597.25,589.5,590,19945
08/17/1995,591,594.5,588.5,593.5,18600
08/18/1995,599.5,601.5,594.75,595.5,29630
08/21/1995,598,604,597.5,603.25,27055
08/22/1995,613,613,608,608.25,86060
08/23/1995,606,610.25,606,606.5,65660
08/24/1995,606,610,603.5,605.5,106835
08/25/1995,606.5,608,603.5,606,69450
08/28/1995,616.5,618.5,614.5,615.25,124575
08/29/1995,613.5,618.25,612.75,613.5,117180
08/30/1995,613.5,621.5,613.5,616.5,171960
08/31/1995,623.5,624.5,619,623,151760
09/01/1995,623.5,628.75,622,626,152430
09/05/1995,625.5,629.5,623.5,624.25,117030
09/06/1995,623.5,626,619,624.25,157835
09/07/1995,625,629,623.5,628,101120
09/08/1995,628,633,627.5,630.75,134400
09/11/1995,629,629.5,625.5,627.5,97405
09/12/1995,624,634,619.5,627.25,171285
09/13/1995,627.25,628,621,622.5,123285
09/14/1995,621,626,619,625.75,94595
09/15/1995,629,637,629,631.75,163455
09/18/1995,647,661.75,647,661.75,254850
09/19/1995,656,663,652,655.5,233115
09/20/1995,656,658,653.25,654.75,137095
09/21/1995,658,672.5,656.5,663.75,228150
09/22/1995,656,656.5,642,645,224545
09/25/1995,656.5,656.5,637,640,205230
09/26/1995,640.5,646.75,639,644.25,118595
09/27/1995,643,645,639,642.5,109330
09/28/1995,643,645,642.5,644.5,77025
09/29/1995,649,652,645.5,646,129945
10/02/1995,646.5,646.5,635.5,637.25,179845
10/03/1995,636,638,632,636,125225
10/04/1995,638,640,635.5,638.25,96495
10/05/1995,637,638.5,634.25,637,88855
10/06/1995,637,642,637,640.5,120405
10/09/1995,639,644.25,637.5,642.75,70465
10/10/1995,642.5,649.5,642.25,648.75,120350
10/11/1995,664,669.5,658,659.25,191805
10/12/1995,656,659.75,652,652.75,148410
10/13/1995,653,656.75,650.75,653.25,133545
10/16/1995,655,662,654.75,656.5,159780
10/17/1995,655.5,658.75,652,652.5,155925
10/18/1995,650.5,656.75,650,656.25,117655
10/19/1995,657.5,666,657.5,664,197730
10/20/1995,674.5,685,674,682.25,108135
10/23/1995,684,685,677.5,678.25,77580
10/24/1995,679.5,683.25,675.25,679.5,93885
10/25/1995,677,680,674,679.75,93380
10/26/1995,683.5,684.25,675,675.5,163535
10/27/1995,675,677,671,672.75,151460
10/30/1995,671.5,679,671.25,678.5,172080
10/31/1995,681,688,680.5,684.5,193995
11/01/1995,684,693,681.25,691,179630
11/02/1995,693,697.5,689.5,690.25,217575
11/03/1995,688.5,691.5,685,685.75,122070
11/06/1995,685,693,684.75,692.5,112235
11/07/1995,693.5,695.5,688.75,690.25,151690
11/08/1995,688.5,690.5,686.5,689.75,98775
11/09/1995,696,696.5,682,682.5,237940
11/10/1995,683,690.5,677,685.75,186060
11/13/1995,685.5,688.5,678,678.5,120460
11/14/1995,676.5,677.75,671.5,676.75,194615
11/15/1995,678,679,674.25,674.75,76015
11/16/1995,674.5,682.5,674,681.75,133180
11/17/1995,683,687.5,682,687,110795
11/20/1995,687,688.5,679,679.5,119590
11/21/1995,680.5,681.75,674.75,678.25,116145
11/22/1995,678.5,684,678,683,76120
11/24/1995,685,685.75,678,679.5,41490
11/27/1995,681,684,676.75,677.5,108190
11/28/1995,678.5,680.75,675.75,677.5,90690
11/29/1995,677,685.25,677,684,106695
11/30/1995,686,687.25,683,686.25,112175
12/01/1995,689,694,688,690.5,124130
12/04/1995,693,699.5,692.25,693,144545
12/05/1995,691,703.5,690,702.75,173655
12/06/1995,704,706.75,700.75,705.5,151125
12/07/1995,706,707.5,698.5,699.25,153155
12/08/1995,699.5,710.5,699.5,709.25,168655
12/11/1995,718,720.5,714,714.5,152340
12/12/1995,715,719,712,716,121785
12/13/1995,716,724.5,715.5,722.75,132530
12/14/1995,725.5,728,721,725,151415
12/15/1995,722,723.5,719.5,720.75,115660
12/18/1995,728.5,736.75,728.5,733.75,95280
12/19/1995,750,751.5,740,750.5,223590
12/20/1995,747,750.75,741.5,742.25,191170
12/21/1995,725,733.25,725,729,228655
12/22/1995,729.5,741,729.5,740.25,114030
12/26/1995,731,745.5,731,742.5,146805
12/27/1995,739.5,740.5,731,734,176190
12/28/1995,735.5,738.25,733,734.25,144805
12/29/1995,741.5,748.5,741.5,744.75,154430
01/02/1996,748.5,762,747.5,758.25,202475
01/03/1996,755,767,753,766,210135
01/04/1996,767,770,755,758.75,275105
01/05/1996,753,761,750.5,753.6,249815
01/08/1996,742,747.5,735.5,736.25,241205
01/09/1996,736.5,746,735.5,745.5,189070
01/10/1996,747.5,748.5,741,741.5,185055
01/11/1996,738.5,740,730,733.75,242210
01/12/1996,733.75,742.5,733.5,741.25,148195
01/15/1996,739,745,738.25,744.5,128155
01/16/1996,753,753,733,735.25,251515
01/17/1996,735,739,728,736.25,220060
01/18/1996,738.5,741.75,737,740.25,122325
01/19/1996,743.5,746,738.5,745.25,136205
01/22/1996,743.5,744.5,732.5,734,170690
01/23/1996,733,738.25,728.5,737.5,161185
01/24/1996,737,740.25,734.25,735.25,129385
01/25/1996,735,736,725,725.5,200345
01/26/1996,726,728.5,720.25,724.5,204130
01/29/1996,727,733,725.25,728,131460
01/30/1996,727.5,737,726,736.5,162515
01/31/1996,738.5,743,733.5,738.75,159645
02/01/1996,736.5,743,735.5,741,126835
02/02/1996,739.5,741.5,735.5,739.25,116590
02/05/1996,736,736,723,723.75,141765
02/06/1996,727,730,721.5,729.25,135610
02/07/1996,725,728.75,718,723.5,174715
02/08/1996,722,728,720.5,721.5,118440
02/09/1996,722,726,719,720,119575
02/12/1996,720.5,723.5,715,717.75,135375
02/13/1996,718.5,722.5,716.5,722,111995
02/14/1996,723.5,737.5,723.5,734.25,192960
02/15/1996,732.5,736,731,732.5,109505
02/16/1996,731.5,735.5,729,730,121400
02/20/1996,738,739.5,732,738.75,70745
02/21/1996,740,742,737,737.5,105790
02/22/1996,734.5,738,732.5,735.25,132740
02/23/1996,739,744.5,738.5,744,118460
02/26/1996,744.5,754,743,752.75,175750
02/27/1996,751.5,755.5,746.5,747.25,168865
02/28/1996,744.5,751,743,750.5,160350
02/29/1996,748.5,750,740,745,169150
03/01/1996,746,746,737.5,738.25,663350
03/04/1996,745,745,727,730,873550
03/05/1996,729,732.5,720,723.5,208205
03/06/1996,722,728.5,722,726.5,136140
03/07/1996,727,731.75,727,730.25,107495
03/08/1996,730,732.5,720,722.5,167725
03/11/1996,719.5,729,717,728.5,138480
03/12/1996,729,730,722.5,728,139420
03/13/1996,728,731.5,724.5,730.25,111460
03/14/1996,730,737,728.5,729.5,131595
03/15/1996,729,730.25,722.5,724.5,117660
03/18/1996,723.5,727,719,726.25,136225
03/19/1996,726.75,726.75,715,715.25,178175
03/20/1996,715,720,713.5,718.75,105060
03/21/1996,718.75,722.75,717.25,721.75,85760
03/22/1996,721.75,731.5,721.5,730.5,162415
03/25/1996,730.5,734,728,732.25,100330
03/26/1996,732.25,740.5,732.25,737.5,139600
03/27/1996,737,740.5,733.5,740,89650
03/28/1996,740,740,737,739,55515
03/29/1996,738,756,737.5,751,105900
04/01/1996,750,765,749,761,146080
04/02/1996,759.5,765,755,756,112510
04/03/1996,754,768,752,764.75,85770
04/04/1996,763.5,769.75,759,765.5,70445
04/08/1996,762,786,762,781.25,80990
04/09/1996,781,789,776.5,778.75,74935
04/10/1996,780.5,804,780.5,794,78975
04/11/1996,801,806,784.5,788.5,69150
04/12/1996,784.5,798,781.5,796,67440
04/15/1996,792,799.5,788.5,789.75,52735
04/16/1996,789,790.5,771,773,68695
04/17/1996,770,785,769,784,60100
04/18/1996,798,822.75,797,820.5,281995
04/19/1996,819,823,807,808,214945
04/22/1996,819,832.5,813,821.5,204480
04/23/1996,823,826.5,811.5,822,215000
04/24/1996,815,827.5,806,819.5,211485
04/25/1996,825,847,822,831,283520
04/26/1996,824,830.5,817,826.75,219695
04/29/1996,815,818.5,796.75,796.75,217185
04/30/1996,788,803,785,795,229615
05/01/1996,802,819,802,817.5,165770
05/02/1996,825,835,809,809.5,223660
05/03/1996,811,819.5,809,816.5,127670
05/06/1996,827,827,806.5,812,169885
05/07/1996,814,819,807.5,818.25,147255
05/08/1996,826,831,821.5,825.5,179555
05/09/1996,830,830,816,819.25,119660
05/10/1996,817,820,808.5,814,148325
05/13/1996,819.5,822.5,810.5,813,127745
05/14/1996,805,819.5,802,818.75,167715
05/15/1996,818.5,822,813.5,815.5,128430
05/16/1996,818,829.5,816,828.75,191450
05/17/1996,828,831,818,818.75,144470
05/20/1996,804,810,798,806,159035
05/21/1996,809.5,810.5,797.5,798.5,122450
05/22/1996,796.5,804.5,791,796.75,156495
05/23/1996,799,809,796.75,808,132895
05/24/1996,806,811,805,807.5,78515
05/28/1996,815,818,796,801.5,166320
05/29/1996,798,798.5,771.5,775,205885
05/30/1996,777,787,775,786.5,113000
05/31/1996,787,790.5,783,788.25,105545
06/03/1996,783,783,759.5,765.5,119250
06/04/1996,769,772,756.5,769.75,102330
06/05/1996,768.5,772,765,765.5,77085
06/06/1996,764,769.5,760.5,766,88020
06/07/1996,768,776.5,767,775.5,55290
06/10/1996,782,795,782,791,76930
06/11/1996,791,791,773.5,775.25,70000
06/12/1996,770,775,768.5,771.5,74195
06/13/1996,772,776.5,766,769,81755
06/14/1996,770.5,773,765,769.75,60910
06/17/1996,780,782,772,773,50500
06/18/1996,777,792,777,791,85990
06/19/1996,788,788,776.5,777.25,22050
06/20/1996,777.75,777.75,772.5,775,22315
06/21/1996,775,788.5,774.5,788,19930
06/24/1996,786,786,768.25,773.75,36840
06/25/1996,774,777,771.5,772,32820
06/26/1996,772,772,763,765,36570
06/27/1996,764,764,755,755.75,53195
06/28/1996,756,774,754,771.75,39520
07/01/1996,775,786,773,781.25,43275
07/02/1996,771,777.5,770.5,771.25,40130
07/03/1996,769,778.5,768,777.25,34595
07/05/1996,765,767.5,757.5,760,42315
07/08/1996,764.5,770,761.5,762,36850
07/09/1996,767,780.5,767,776.25,62815
07/10/1996,775,794,775,792,76375
07/11/1996,810,822,803.5,822,78070
07/12/1996,824,853,824,838.25,88320
07/15/1996,826.5,845.5,808.75,838,65385
07/16/1996,838,838,809,820.5,62740
07/17/1996,818,821,796,804.5,68535
07/18/1996,778.75,784,762,762.75,19595
07/19/1996,760.5,766.5,756,759.5,15350
07/22/1996,746.25,758.5,745,752.5,17210
07/23/1996,756.75,767.5,756.75,764.5,18445
07/24/1996,764,766.5,750.5,751,18415
07/25/1996,749.5,753,740,752,26410
07/26/1996,755,757,738,743,21925
07/29/1996,740,755,740,752.25,16375
07/30/1996,755,759,744.5,744.75,19425
07/31/1996,743.5,750,739.5,747,12170
08/01/1996,749.5,761,749.5,760.25,14460
08/02/1996,762.25,765,750.5,751.75,11660
08/05/1996,747.25,749,735.5,748,20950
08/06/1996,749,754,743.5,751.75,12990
08/07/1996,751.75,756.5,749.5,753,19735
08/08/1996,756.75,769,754.5,767.75,23845
08/09/1996,767.5,778,765,777.25,14800
08/12/1996,780,807.25,780,800.75,30120
08/13/1996,800.75,802.75,788.5,795.25,27605
08/14/1996,795.25,815,795.25,806.5,41815
08/15/1996,812,817,799.5,800.25,19140
08/16/1996,799.5,805.5,792,793.5,29580
08/19/1996,759,773,748,771,209015
08/20/1996,774.5,779.25,767.5,776.25,161605
08/21/1996,777.5,784.5,776,779,164800
08/22/1996,779,787.5,773,785.25,166050
08/23/1996,785.5,786,778,778.75,123790
08/26/1996,779.25,796,776,789.5,215770
08/27/1996,789,796.5,786,795.75,178610
08/28/1996,796.5,802,787.5,788.75,235985
08/29/1996,787.25,797.5,787.25,795,145240
08/30/1996,794,796.75,792,794.5,112480
09/03/1996,798,803,795,795.5,176005
09/04/1996,792,792,779.5,780.25,189890
09/05/1996,780,797,780,795.75,161695
09/06/1996,796.5,802,792.5,800,187935
09/09/1996,792,799,790,793.75,138470
09/10/1996,795.75,808,793.75,807,194835
09/11/1996,807,812.5,798,805,305130
09/12/1996,802,815,800.5,814.5,202400
09/13/1996,815,815,801,802,204270
09/16/1996,801,801,787,793,251095
09/17/1996,796,803.5,795,796,207875
09/18/1996,795,795.5,783.5,794,235830
09/19/1996,797.5,804,787,789.25,261340
09/20/1996,788.5,798,787,795.25,151815
09/23/1996,791.25,799.5,785.5,798.75,176540
09/24/1996,795,796,788,791.25,195385
09/25/1996,791,797,790,795.75,171990
09/26/1996,793.5,795,786.5,790.75,247165
09/27/1996,792,795.5,782.5,783.25,172445
09/30/1996,778.5,778.5,755.5,758,329565
10/01/1996,753.5,756,744,749.25,335965
10/02/1996,749,759.25,741,742,256600
10/03/1996,743,745.5,734.5,737.5,260360
10/04/1996,737.5,740,725.75,727.25,332840
10/07/1996,725,735.5,725,734.25,206855
10/08/1996,734,737.5,730.75,736.5,154505
10/09/1996,736.5,739.5,735,738.25,108325
10/10/1996,738,738.75,729.5,730.25,184195
10/11/1996,730,730,700.25,700.25,251175
10/14/1996,689,695,682,688.5,264655
10/15/1996,689.25,695,689.25,692.5,190245
10/16/1996,692.25,698,690,691,182220
10/17/1996,696,696.25,689,693.5,69555
10/18/1996,693.75,698,682.5,686.25,75345
10/21/1996,686,689.5,682.5,684.5,83025
10/22/1996,684.25,691,679,690,129860
10/23/1996,692,701.5,692,700.5,88305
10/24/1996,701,706.75,696,696.75,123995
10/25/1996,695.5,703.5,691.75,699,110310
10/28/1996,699.5,706,699.5,703.5,102160
10/29/1996,703.25,704,694,698.25,200955
10/30/1996,698.25,699.5,689.5,690.75,188695
10/31/1996,690.5,690.5,667,669,284550
11/01/1996,669,672,663,666.5,221265
11/04/1996,666,675.75,664,670.75,177320
11/05/1996,671.25,676,668.5,672.75,169335
11/06/1996,674,683.5,674,682.5,170065
11/07/1996,682.5,689.25,682,685.75,164385
11/08/1996,686,688.5,682.5,685,159390
11/11/1996,686,688,676,677,96040
11/12/1996,676.5,689,662,686.25,319325
11/13/1996,687.25,691.5,683.5,690.5,194240
11/14/1996,690.5,694,687.5,688.25,161580
11/15/1996,688.25,701.5,688.25,696.75,213110
11/18/1996,696,704.5,692.5,703.25,185060
11/19/1996,703,704.5,695,695.5,145730
11/20/1996,694.5,708,693.5,707,172730
11/21/1996,707.5,712,703,706,166610
11/22/1996,706,711,702.5,709.5,135250
11/25/1996,710,715,707.5,708,159920
11/26/1996,707,713.5,705.75,713,123185
11/27/1996,713.5,716.5,712.5,715.25,87930
11/29/1996,717,718.5,712.25,712.75,92115
12/02/1996,711.5,711.5,699.5,703.5,186580
12/03/1996,703.5,708,698,699,163235
12/04/1996,699,702,696,697,137320
12/05/1996,697,704,689,702,196780
12/06/1996,701.75,702,695.5,696,130960
12/09/1996,694.5,699,688,688.75,147615
12/10/1996,688,690,682.75,685,128915
12/11/1996,686,692,686,691.5,130135
12/12/1996,691.5,703.75,691.5,702.75,134915
12/13/1996,702.25,707,702.25,704.25,115515
12/16/1996,707,712,703.5,711.5,130645
12/17/1996,711.5,713,706,706.5,124780
12/18/1996,701,712.5,698.75,699.5,106935
12/19/1996,699,705,697.5,704.5,115070
12/20/1996,704.25,704.5,698,699.25,96100
12/23/1996,698.75,699,694.5,696.25,68525
12/24/1996,696,703.75,695.25,703.25,59540
12/26/1996,704,706,696,696.5,70420
12/27/1996,697,702,695.75,696.75,59040
12/30/1996,694.75,694.75,690,690.5,126270
12/31/1996,690,692.5,687.25,687.75,101915
01/02/1997,688,700.5,688,698.75,168470
01/03/1997,699,701,692.75,698.75,133680
01/06/1997,699,708,693,694.5,160620
01/07/1997,695,700.5,695,700.25,114145
01/08/1997,699.25,701.75,694.75,696,108255
01/09/1997,695.75,700,694,699.25,111070
01/10/1997,699.75,729.25,699,729.25,205045
01/13/1997,729,741.5,728.5,736.75,269630
01/14/1997,736,740,732.75,737,163365
01/15/1997,739,746,737,745.5,198375
01/16/1997,745,748.5,741.5,748.25,161695
01/17/1997,748,749,743,748.25,145165
01/20/1997,741,754,738.5,746.25,191655
01/21/1997,745,748,742.5,746.75,122635
01/22/1997,746.5,750.5,740,740.5,189655
01/23/1997,740.25,742,737,741.25,144650
01/24/1997,741.5,748,741,747.5,111285
01/27/1997,747.75,751,743,749.75,130915
01/28/1997,749.5,752.5,744,744.5,146765
01/29/1997,743.5,753.5,742.25,750,199915
01/30/1997,750.25,752.5,741,741.5,180680
01/31/1997,741,742.25,733.5,738.25,179750
02/03/1997,736.25,739,728,736.75,133870
02/04/1997,738.25,741,735.5,737,127955
02/05/1997,737,740,731.5,739.5,133290
02/06/1997,739.25,741,729,730,182325
02/07/1997,729,738.5,728.25,738,127300
02/10/1997,738,740.5,734.75,740,85835
02/11/1997,740,751,738,749.75,137740
02/12/1997,749,765.5,749,764.25,232665
02/13/1997,763.5,769.5,761,765.5,197400
02/14/1997,764.5,767,760,761,140440
02/18/1997,763.5,780.75,763.5,779,202925
02/19/1997,780,784.5,770.5,771,245475
02/20/1997,772,789,772,787,120800
02/21/1997,788,792,776,785.5,206810
02/24/1997,786,788.5,778,778.5,172405
02/25/1997,777,796,775.5,794,255000
02/26/1997,792,793.5,785,785.5,195170
02/27/1997,785.75,797.5,780,784,252825
02/28/1997,782,795,781,793.25,170755
03/03/1997,796.25,815,796.25,807.5,210940
03/04/1997,807.5,813,802.5,810,219525
03/05/1997,811,812.5,802.25,805,158460
03/06/1997,804.5,824,804,822.25,224765
03/07/1997,822.25,832.5,820,830,272015
03/10/1997,832,860,831,860,270140
03/11/1997,860,866,845,855.5,277540
03/12/1997,855.25,860.5,825,828.5,317515
03/13/1997,825,834,816,828.5,261690
03/14/1997,831,858,831,849.5,238070
03/17/1997,852.5,853.25,821.5,825,245625
03/18/1997,825,834,814,831,254970
03/19/1997,830.75,840,825,839,148125
03/20/1997,839,867,837.5,852,259190
03/21/1997,849,849,833.5,842.5,197620
03/24/1997,839,840.25,827.5,831.75,134745
03/25/1997,831.5,847,830.75,842,139915
03/26/1997,842.5,843.25,838,841,114100
03/27/1997,841,860,841,855,149920
03/31/1997,855,868,846,855.75,135165
04/01/1997,865,885.75,865,875.5,161050
04/02/1997,875,888,871,883.5,196525
04/03/1997,886,888.5,869,871,169125
04/04/1997,870,871.5,841,841,163830
04/07/1997,840,867,836.25,862.75,111600
04/08/1997,862.75,864.75,846,849.25,106370
04/09/1997,847,853,829.5,847.5,150015
04/10/1997,848.75,861,848.25,855.25,58410
04/11/1997,855,867.25,828,830.5,135975
04/14/1997,833.5,847,829,833,81375
04/15/1997,832,837.5,818,836,85575
04/16/1997,835,840.5,824.5,832.25,74550
04/17/1997,836,849.75,835.5,842.5,191240
04/18/1997,844,849.5,836,845.75,198985
04/21/1997,847.5,854,832,838.5,253145
04/22/1997,838,844.75,833,843,138710
04/23/1997,844.75,846.5,836.5,844.5,123980
04/24/1997,844.75,850,840.5,848,171900
04/25/1997,848.5,874,848.5,867.5,287435
04/28/1997,867,876,863.75,865.5,233035
04/29/1997,865,871,861.5,865.75,184270
04/30/1997,866.75,891,866.75,887,246140
05/01/1997,887,895,876,877,248245
05/02/1997,876,896,875,885.5,251020
05/05/1997,888,899,880,889.5,246985
05/06/1997,890,893.5,882,892,186600
05/07/1997,895,902,887,892,221330
05/08/1997,893.5,894,878,884,209440
05/09/1997,884,890,882.25,889,130330
05/12/1997,889.25,896,867.5,868.5,278315
05/13/1997,868,875,860,874.5,225420
05/14/1997,875,877,857,864,254685
05/15/1997,862.5,866.5,854,857.75,210435
05/16/1997,856.25,868.5,851,864.5,219245
05/19/1997,865.25,867,852,866,196750
05/20/1997,867,869.25,844,845,272400
05/21/1997,844,850,839.25,847.25,217930
05/22/1997,847.5,859,845,846.5,168010
05/23/1997,843,843,835,836,197295
05/27/1997,837.75,844.5,830.5,831.25,247685
05/28/1997,830.75,851,830.5,849.5,191705
05/29/1997,852,879.5,852,869.5,319610
05/30/1997,875.5,886,870.5,880.5,201250
06/02/1997,879.25,887.5,865,875.25,205345
06/03/1997,873,875,859,860,198270
06/04/1997,857.5,857.5,830,830,343745
06/05/1997,825,842,821,836,276200
06/06/1997,842.75,842.75,832,835.25,118630
06/09/1997,832,832,805.5,811,259640
06/10/1997,810,819,810,813,157640
06/11/1997,813.5,832,811,830.5,161965
06/12/1997,833.5,847,829.5,841.5,177975
06/13/1997,844,871.5,844,854.5,224135
06/16/1997,850,854.5,836,838.5,125975
06/17/1997,835.5,854,835.5,853,133945
06/18/1997,784.75,788.5,770.75,772.25,47780
06/19/1997,771.5,778.5,769,772.75,46810
06/20/1997,772,773,763.5,766.75,41770
06/23/1997,764.25,770,756,768,61145
06/24/1997,769.5,774,765.25,767.5,58205
06/25/1997,767.5,768,753,754.5,67385
06/26/1997,754,755,742,743.25,80685
06/27/1997,742,745,738.25,739.5,68740
06/30/1997,738.5,739.5,711,718.25,104235
07/01/1997,718,722,675,681,110160
07/02/1997,681,691.5,663,670.25,114230
07/03/1997,671,689,668.25,687.5,65055
07/07/1997,688,699,677,697,78715
07/08/1997,698.5,726,698,722,104170
07/09/1997,722,751,720,748,123730
07/10/1997,749,749.5,729,746,87805
07/11/1997,746,752,725,750,86560
07/14/1997,754,780,754,779,93885
07/15/1997,770,782,766,775.5,74830
07/16/1997,774.5,774.5,745.5,745.5,87340
07/17/1997,739,754,733,738,77045
07/18/1997,644.25,662,642,653,13310
07/21/1997,634,645.5,627,645,14055
07/22/1997,645,651.5,638,644.75,13050
07/23/1997,646,652,643,647.5,16785
07/24/1997,647,655.5,642.5,653.5,16785
07/25/1997,653.5,660,650.75,654.5,21055
07/28/1997,648,676,648,664.5,18425
07/29/1997,666.5,680,666.5,675.5,22230
07/30/1997,677,683,666.25,670,26610
07/31/1997,666,689,666,685,29550
08/01/1997,685,688,679,683.75,29350
08/04/1997,699.5,706.5,672.5,677.5,18950
08/05/1997,671,678,666,668,23080
08/06/1997,668,682,667.25,679.5,19970
08/07/1997,679,679,657.5,660,33375
08/08/1997,660,678,655.5,672.5,21660
08/11/1997,661,661,642.5,643,20890
08/12/1997,642.25,656,640,647.75,27420
08/13/1997,648,662.5,642,660,32640
08/14/1997,658,662,646,655.5,39080
08/15/1997,655.5,664,654,656,29105
08/18/1997,650,655,646,650.75,20980
08/19/1997,610,621,607,619.5,134795
08/20/1997,619.5,621,609,610,107425
08/21/1997,611,625,610,624,128655
08/22/1997,622,624.5,616.5,621.5,94650
08/25/1997,619,620,613,619.5,95635
08/26/1997,619,619,612.5,615.25,112065
08/27/1997,615,628,612,626.5,139365
08/28/1997,626,627,617,619,139820
08/29/1997,618,631,617.5,625.5,147225
09/02/1997,626.5,635,624,633.75,123915
09/03/1997,634,643,632,642,216740
09/04/1997,639,648,636,643.5,173075
09/05/1997,642,652,637.5,640.5,222740
09/08/1997,637,639,632.5,637,120060
09/09/1997,637.5,649,637.5,645.25,150920
09/10/1997,645,647,637.25,639,119060
09/11/1997,638,644,636.5,643.25,98245
09/12/1997,642,646.5,630.5,631.25,196060
09/15/1997,629,635.5,627,634.75,131580
09/16/1997,637,650,637,646.75,217105
09/17/1997,645,647.5,640.75,644,139390
09/18/1997,644,653,634,635,188330
09/19/1997,634,642,632,639,148210
09/22/1997,635,636,630,635.5,154550
09/23/1997,635,636,629,631,131980
09/24/1997,631,640,630,638.25,151945
09/25/1997,638,643,631.5,634.5,163755
09/26/1997,634.5,635.75,629.5,631.75,111610
09/29/1997,627.75,629,622,627,166010
09/30/1997,625.5,627,620,621.5,158115
10/01/1997,622,625,620,620.5,145635
10/02/1997,621.25,628.5,620.5,627.5,143560
10/03/1997,627.25,645,627.25,639.5,248240
10/06/1997,638,652,636,647.5,181400
10/07/1997,646.5,673,645.25,664,347520
10/08/1997,660,670,657.75,667.25,228635
10/09/1997,665.5,675,661,673.25,215015
10/10/1997,673,703,670.25,700.25,315890
10/13/1997,699,729,695,719.5,347450
10/14/1997,717.5,717.5,704.5,706,229360
10/15/1997,704.5,712,700.5,704.5,195145
10/16/1997,703.5,711,701,702,159810
10/17/1997,705.25,709,695,696,9598
10/20/1997,695,714,690,695,16253
10/21/1997,692.25,704.5,691.5,700.25,12302
10/22/1997,697.5,710.5,697.5,704.75,12583
10/23/1997,705,705.5,696,700,11169
10/24/1997,700,708,698.5,705,10169
10/27/1997,708,711,700,704.5,13886
10/28/1997,703,705,695,698.25,17784
10/29/1997,698.75,704.5,695,696,28487
10/30/1997,695,695,687,692.5,35938
10/31/1997,692,697.5,690,696.25,26890
11/03/1997,697,723.5,697,721.75,45425
11/04/1997,721,730,715,716,47982
11/05/1997,715.5,726.5,714,723.75,44218
11/06/1997,725,731,718,726.5,40159
11/07/1997,727,741,724,739.5,44549
11/10/1997,738.5,741.5,718.5,721.5,45941
11/11/1997,721.5,748,721.5,737.75,54123
11/12/1997,736.75,737.5,728.5,730.5,36298
11/13/1997,729.5,742,729.5,732.25,31875
11/14/1997,732,737,722.5,724,32975
11/17/1997,722,727.5,716.5,726.25,43164
11/18/1997,726,731,718.5,720,36975
11/19/1997,718.25,721,714,715.5,30986
11/20/1997,715,723,708.5,709,38003
11/21/1997,708,713.5,707,708.5,24990
11/24/1997,709.5,714.25,705.75,711.75,25153
11/25/1997,712,714,707.5,712.75,22664
11/26/1997,712,725.5,712,721.25,31102
11/28/1997,723.5,729.5,717,718.25,20001
12/01/1997,718,723.5,715,719.5,26677
12/02/1997,720,721,701,704,42998
12/03/1997,702.75,707,699,706.5,33045
12/04/1997,707,707.5,693,694,39170
12/05/1997,694,705.5,691.5,703.25,39001
12/08/1997,703.5,711.5,703.5,710,23911
12/09/1997,709,710,702,707,26607
12/10/1997,707,714,705.5,713,25903
12/11/1997,713,713,698,702.75,38835
12/12/1997,703.25,704.5,689,690.25,41666
12/15/1997,690,692,683.5,688.75,35702
12/16/1997,689.75,693.5,685.5,686,21287
12/17/1997,685.5,691.5,685.5,690.75,10661
12/18/1997,691.25,696,679.5,680.25,17935
12/19/1997,681,685.5,675.5,684,16121
12/22/1997,684,684.5,679,681.5,7694
12/23/1997,681.75,682,677.5,681.25,14632
12/24/1997,681,692.25,680.5,688,16679
12/26/1997,693,693,687.5,690,5333
12/29/1997,690,694.5,682,683,21557
12/30/1997,683,687,682.5,685.75,20801
12/31/1997,685.75,687,675.5,676.25,21092
01/02/1998,675,678,665.5,667.5,27621
01/05/1998,668,676,667,674,26830
01/06/1998,674,675.5,667.5,669.75,30753
01/07/1998,669,678,668.5,677,28063
01/08/1998,677,677,662,663,40300
01/09/1998,663,670,663,665.75,26554
01/12/1998,665,668,657.25,665.25,26712
01/13/1998,665,689,665,672.75,43025
01/14/1998,673,675.5,661.5,665.5,36636
01/15/1998,664.5,670,660,667,29926
01/16/1998,665.5,673.5,661.5,664,26677
01/20/1998,664,680.5,663.25,674.5,38717
01/21/1998,674,674.5,666.5,669.25,26926
01/22/1998,669.5,678,668.5,676,24485
01/23/1998,674.75,683,669.5,670.25,33569
01/26/1998,670.75,677,669,674.75,20639
01/27/1998,674.75,690,673.5,679.5,46582
01/28/1998,678.75,686,678,681,26358
01/29/1998,680.5,683,675,679.25,26201
01/30/1998,679,681,672,672.75,23759
02/02/1998,672.75,678,669.5,677,22162
02/03/1998,677,685.5,676.5,684.5,31279
02/04/1998,683.5,685.5,680,681.5,24110
02/05/1998,681.5,693,677,687.25,46395
02/06/1998,686.5,689,683,686,24365
02/09/1998,686,692,685.5,689.75,24710
02/10/1998,690,694,687.5,693,26960
02/11/1998,692.25,693,675.5,680.5,45500
02/12/1998,681,683,675,682.5,27551
02/13/1998,681.75,684,678,679,25398
02/17/1998,679,679,667,669.5,31111
02/18/1998,669,673,668.5,671.75,25016
02/19/1998,673,678,670,673,10261
02/20/1998,673,676,667,667.75,13333
02/23/1998,665,668.5,661,665,20999
02/24/1998,664.5,667,653,654.5,40499
02/25/1998,654.75,659.5,654,657.25,25480
02/26/1998,656.25,661.5,651.5,653.75,35190
02/27/1998,653.5,664,653.5,658.25,34396
03/02/1998,658,665,655,657,27532
03/03/1998,657,657.5,652,655.5,23563
03/04/1998,655.25,659.5,652,653.75,31818
03/05/1998,653.75,658,653.5,654.75,22363
03/06/1998,654.75,664,651,663.5,41638
03/09/1998,664,672,664,665.5,27603
03/10/1998,666,671,664.5,668.75,20575
03/11/1998,669,679,669,672,44833
03/12/1998,671,673,665.5,667,30636
03/13/1998,666,666,655,655.5,36919
03/16/1998,654.5,657.5,650,654.5,33500
03/17/1998,654.75,659.5,654.5,656.75,25179
03/18/1998,657.25,664,655.5,656.25,36532
03/19/1998,655,656,650.5,652,24410
03/20/1998,651.5,653,645,645.5,31941
03/23/1998,645.75,652,645.75,651.5,20319
03/24/1998,651,653,646.5,651.5,19838
03/25/1998,651.75,655.5,650.5,651,20488
03/26/1998,650.75,657,650.5,652.75,21579
03/27/1998,652.5,653,644.5,646.25,24726
03/30/1998,646.75,651,646.75,649.75,18013
03/31/1998,648.75,649.5,641,645,32105
04/01/1998,645,647.5,640.5,643.25,27862
04/02/1998,643.25,648,640.5,645.75,32547
04/03/1998,645.25,646,637,637.25,28216
04/06/1998,636.75,637.5,630.75,633,30358
04/07/1998,633,636.5,628,628.5,30825
04/08/1998,628.5,632.5,628,631.75,19682
04/09/1998,631.75,638.5,631,633,31001
04/13/1998,632.5,637.5,626.75,627.25,23467
04/14/1998,627.5,633,627.5,630.25,17364
04/15/1998,630.5,642,630.5,639.5,22647
04/16/1998,639.5,644.5,635,641.25,14031
04/17/1998,641,644.5,639,642.25,11938
04/20/1998,642.25,642.25,636.5,641.75,23402
04/21/1998,641.5,653,638.5,650.5,40236
04/22/1998,650,650,638.5,639.5,36351
04/23/1998,639.5,645,639,643.5,25382
04/24/1998,644,654,643.25,647,30974
04/27/1998,643.5,649.5,637.5,648,27783
04/28/1998,649.25,650.5,639,643,37979
04/29/1998,643,649,642,643,33431
04/30/1998,644,647.5,637,638.5,39349
05/01/1998,638.5,643,636.5,641.75,29175
05/04/1998,642.5,647.5,638.5,642.5,29570
05/05/1998,642.25,648.75,641,648.25,33588
05/06/1998,648,657,647,656,41461
05/07/1998,656,659.75,652.5,659,44558
05/08/1998,658,658,651,652,26392
05/11/1998,648,648,640,644.5,34528
05/12/1998,643.75,645.5,641,644,29821
05/13/1998,644,650,644,648,28996
05/14/1998,648,650.5,644.5,645.5,21614
05/15/1998,645,645,640.5,641.25,25163
05/18/1998,639,648.5,638,644,30164
05/19/1998,643,643,631.5,632,43303
05/20/1998,632.5,635,630,634.5,27291
05/21/1998,635.5,638,630,630.25,22613
05/22/1998,630,636,629,635.25,19285
05/25/1998,630,631,629,631,0
05/26/1998,634,634,623,623.5,27657
05/27/1998,623,625.5,614.25,617.25,41084
05/28/1998,617.75,623,617.5,618.75,30705
05/29/1998,619,628.5,617.5,618.5,33239
06/01/1998,618,620,611,619.25,31414
06/02/1998,619,622.5,617.25,621.5,24722
06/03/1998,621.5,623.5,615.75,619,30432
06/04/1998,619,619.5,615,618.75,23781
06/05/1998,618,620,613,616.25,24138
06/08/1998,613,614,608,611.25,23816
06/09/1998,611,612.75,606.5,609,26365
06/10/1998,609,615,608,613.5,22569
06/11/1998,613.5,614.5,608.25,608.75,20686
06/12/1998,608.25,614.75,607,613.75,19608
06/15/1998,612,612,607.25,608.75,20560
06/16/1998,608.5,620,608.5,617,30597
06/17/1998,607,622,607,614.75,7051
06/18/1998,611.25,620,611.25,618.75,5537
06/19/1998,615,644,615,640.5,11220
06/22/1998,638,639,630,638.5,6598
06/23/1998,645,661,636,656,13600
06/24/1998,656,667,650,666.5,12289
06/25/1998,664.5,667.5,653,654,12858
06/26/1998,653.5,658,644,644.75,10124
06/29/1998,638.25,638.25,614.75,614.75,14098
06/30/1998,608.25,634.5,608.25,632,14167
07/01/1998,632,637.75,623,629.25,11522
07/02/1998,629,633,626,626.75,10369
07/06/1998,625,632.5,618.75,625.75,10390
07/07/1998,628,645,628,641.75,14255
07/08/1998,641,662,640,647,15033
07/09/1998,645.5,650,638.5,641.5,11406
07/10/1998,640.5,640.5,632,634.25,10503
07/13/1998,648,648,630,637.75,12116
07/14/1998,634.75,640,630.5,631.5,13837
07/15/1998,630.5,633,612.5,620.5,20387
07/16/1998,617.5,636,616.25,629.75,13338
07/17/1998,628.25,649.5,628.25,642.25,17229
07/20/1998,604,604,586,592.5,5441
07/21/1998,592.5,594.5,582.5,586,6623
07/22/1998,586,586,574.5,580.25,3690
07/23/1998,581,581,575.5,576.5,2696
07/24/1998,576.75,578,569.5,570.25,2344
07/27/1998,569.5,573,567.5,569.75,3176
07/28/1998,568.25,572.5,565.5,572,3275
07/29/1998,571.5,576.5,568.5,572.75,3821
07/30/1998,572.25,578,569.5,575.25,4613
07/31/1998,575.25,575.25,564,564.5,6713
08/03/1998,561.5,561.5,553.5,555.75,4201
08/04/1998,552.75,568.5,551,551.5,5094
08/05/1998,550.5,551,542.5,543.25,5884
08/06/1998,541.5,541.5,534,539,8242
08/07/1998,540,544.5,532,532.75,4176
08/10/1998,532,539,529.5,538.5,6053
08/11/1998,538.25,545,533.5,543,5675
08/12/1998,541.5,541.5,531,535.5,6903
08/13/1998,535.5,539.5,529,530.75,8083
08/14/1998,530.5,538.25,530.5,534.25,5285
08/17/1998,539.5,544,537,539.25,4477
08/18/1998,539,543.25,533.5,541.75,5297
08/19/1998,539,543.5,538.25,543,23596
08/20/1998,543,543,536.5,537.5,24407
08/21/1998,535,536.25,525.5,526,30498
08/24/1998,526.25,529.5,524,528.75,22977
08/25/1998,529,532,526.75,531.25,25995
08/26/1998,531,531,523,523.5,31497
08/27/1998,523.25,524.5,514.5,520.25,39319
08/28/1998,520,521,512.5,513,30160
08/31/1998,513.25,517.25,510.5,511.5,26625
09/01/1998,510,519.5,508.5,518,38746
09/02/1998,518.25,524.75,517,521,32604
09/03/1998,520.25,523,515.75,521,30148
09/04/1998,519.5,523.5,518,518.5,25636
09/08/1998,518,527,518,522.25,20865
09/09/1998,523,524,516.5,517,26488
09/10/1998,516.75,525,516.5,522.5,29790
09/11/1998,522.5,530,512.5,529,52691
09/14/1998,529,535,524.25,531.25,34636
09/15/1998,531.75,535,528,534.25,35063
09/16/1998,534,536.5,525.5,526,46499
09/17/1998,525.5,526.5,522,523.25,28215
09/18/1998,523.25,525.5,521.5,522.75,26478
09/21/1998,521.5,527.75,519,524,24719
09/22/1998,523.5,531,523,529.75,25892
09/23/1998,529.5,533,526,526.25,29728
09/24/1998,526.25,533,526.25,531,32843
09/25/1998,531,535.5,527,528,31472
09/28/1998,526,533,525,532.25,30390
09/29/1998,532,533,526,527.25,28929
09/30/1998,526,527.5,520,520.75,30552
10/01/1998,520,522,515,515.25,41017
10/02/1998,515,519,514.75,515.75,32567
10/05/1998,516,531,516,521,40885
10/06/1998,519.5,524.5,519,522.75,24938
10/07/1998,523.5,536,523.5,533.5,45431
10/08/1998,532.75,541.5,531.5,540.5,45461
10/09/1998,539.5,570.5,539.25,564,74460
10/12/1998,559.5,562.5,556.25,557,32843
10/13/1998,556.5,568.5,556.25,563.5,62390
10/14/1998,562.5,566,555.5,556.25,36192
10/15/1998,555.5,558.5,549.25,556,45036
10/16/1998,557.5,562.5,554.5,557.5,37673
10/19/1998,564,565,560,560.75,8188
10/20/1998,560.25,563,557,560,9543
10/21/1998,560,564.25,559.25,560.75,8463
10/22/1998,561,566,557.5,565,8471
10/23/1998,564.75,566.5,558.5,559.25,8916
10/26/1998,559,562,556,558.75,11529
10/27/1998,556.5,561.25,556.5,559,13872
10/28/1998,558.75,567,558,564,23691
10/29/1998,563.5,570.25,562.5,563.5,40128
10/30/1998,563.25,569.5,562.75,568.25,28574
11/02/1998,568,570,560.5,562,32504
11/03/1998,561.5,563,558.75,560,24217
11/04/1998,559.75,564.5,558,562.75,27580
11/05/1998,561.25,571.25,561,567.5,37933
11/06/1998,566.75,572.5,565.25,571.25,30208
11/09/1998,570.5,574,568.5,573.5,23723
11/10/1998,573,583,571.25,580.5,45554
11/11/1998,580,587,579,586.5,36408
11/12/1998,586,588.5,584.5,588,35027
11/13/1998,587,588,577.5,577.75,36327
11/16/1998,577,579.5,575.5,577.5,22887
11/17/1998,577.5,583,575,582,27843
11/18/1998,582,587.5,581.75,584.5,24667
11/19/1998,585.25,586.5,578,582,28427
11/20/1998,582,582.25,578.5,580.5,16279
11/23/1998,580.5,580.5,568,568.5,43812
11/24/1998,568.5,571.5,567,570.25,20162
11/25/1998,570,573.5,569.25,571.25,14620
11/27/1998,574.5,584,573,582.25,31547
11/30/1998,582.75,594,582.75,593.5,49521
12/01/1998,591.5,592.5,581.5,582,28468
12/02/1998,581,591.5,580,587.75,36679
12/03/1998,587.5,587.75,577,581,39436
12/04/1998,580,587.5,579.75,581.25,25691
12/07/1998,587,589.75,574,576.5,30559
12/08/1998,576.5,576.5,567.5,571,33742
12/09/1998,570,571,565,565.5,35285
12/10/1998,565,568.5,557,561.75,46997
12/11/1998,562,562,555.25,558.25,32835
12/14/1998,556.75,558,551.5,552.25,34062
12/15/1998,552.25,557.75,552.25,553,25837
12/16/1998,552.5,555.25,549,552.75,27636
12/17/1998,560.5,563.5,554.5,554.75,10065
12/18/1998,554.75,555.25,551.5,552.5,15906
12/21/1998,552.5,556.5,547.5,554,16431
12/22/1998,554.25,557.5,550,550.25,10572
12/23/1998,549.75,551.25,548,548.5,14184
12/24/1998,548.25,552.5,548,551.5,10197
12/28/1998,551.75,555.5,545,545.75,22787
12/29/1998,545,550,545,547.5,16791
12/30/1998,547,547.25,541.75,542,22740
12/31/1998,541.5,544,541,541.25,13977
01/04/1999,542.5,548,542.5,546,21348
01/05/1999,545.5,552,542.5,551.25,33492
01/06/1999,551,557.75,550.75,554.5,36918
01/07/1999,553.75,556.5,548.25,548.5,31226
01/08/1999,548,557.5,548,555,36680
01/11/1999,557.5,558.75,546.5,546.75,28303
01/12/1999,547,547.5,536.25,538.5,42322
01/13/1999,538.5,539,528,533.75,40020
01/14/1999,533.75,537.5,532.25,533.75,20263
01/15/1999,533.5,536,530.5,532.25,21079
01/19/1999,530.25,531.5,522,525,38524
01/20/1999,526,529.75,525.5,528,24222
01/21/1999,528.5,532,525.25,530.5,30881
01/22/1999,530,531,525.5,525.75,19426
01/25/1999,522.75,522.75,514.25,517.5,32619
01/26/1999,517,520.25,513.5,514,28761
01/27/1999,513.5,517.5,511.5,513,31695
01/28/1999,512.5,516.5,508.75,510.25,34908
01/29/1999,509.75,512.25,506.5,506.75,26621
02/01/1999,507.5,509.5,504.5,508.5,22308
02/02/1999,508.75,517,508.75,513.25,39596
02/03/1999,512.5,519,506.5,507.5,43092
02/04/1999,507.5,509.5,503.75,508.75,25234
02/05/1999,509.5,514,509,513.75,24320
02/08/1999,512.75,515.5,507.5,508,24322
02/09/1999,508,509,498.75,499,31247
02/10/1999,498.5,503,495.5,499.25,30578
02/11/1999,499.5,501.5,494.5,495.25,26518
02/12/1999,496,498,491.75,492.25,18130
02/16/1999,492,495,487.5,487.75,21341
02/17/1999,487.5,489,483.5,486.25,27881
02/18/1999,492,492.5,484.25,487,10959
02/19/1999,487.5,487.5,481.25,482.75,13873
02/22/1999,483,483,470,478.25,24689
02/23/1999,478.25,482.5,478,478.25,28991
02/24/1999,478,478,463,463.5,41109
02/25/1999,463.25,467,460.5,461.5,38762
02/26/1999,461.25,465.5,457,458,34848
03/01/1999,457.5,468,457.5,463,32269
03/02/1999,463,473.5,462.75,471.5,41926
03/03/1999,471,471.5,467,467.75,31656
03/04/1999,467,476,466.5,468,36574
03/05/1999,467,467.25,459.75,464.5,31826
03/08/1999,464,474,463,471,30494
03/09/1999,471.25,478.5,470,472.5,40849
03/10/1999,472,477,468.5,476.75,33344
03/11/1999,476.25,479,472.5,478,33044
03/12/1999,478.25,479,472,474.5,25673
03/15/1999,473,473.25,468.5,471,18644
03/16/1999,471,486,471,482.75,42171
03/17/1999,481.25,494,480.5,481.25,51778
03/18/1999,481.75,487,479.5,482,30646
03/19/1999,482,490,482,489.25,23210
03/22/1999,489,500,487,499.25,47489
03/23/1999,498.5,498.75,492.5,493.25,29594
03/24/1999,493.25,502,486,487.75,36674
03/25/1999,487,500,483.25,499,37263
03/26/1999,497.5,504,494,496.75,35183
03/29/1999,495.5,497,490.75,496,21355
03/30/1999,496.5,502.5,495,501.5,30069
03/31/1999,501,506,482,483.75,47609
04/01/1999,485,486.5,476.25,483.25,37161
04/05/1999,480,487.75,480,482,24620
04/06/1999,482,484.5,477,477.75,24109
04/07/1999,477.5,480.5,473,480,23977
04/08/1999,479.75,481.5,476.25,477.25,17948
04/09/1999,477,481.5,475,480.5,22308
04/12/1999,481,485,477.5,479.75,23610
04/13/1999,479,485.75,479,485.25,22290
04/14/1999,485.5,494.75,485.5,489.25,20927
04/15/1999,489.25,492.5,487.5,489.5,12475
04/16/1999,489.5,491.75,485.5,486.75,13175
04/19/1999,486.75,490.75,484,488,11401
04/20/1999,497.75,506,497.5,504.75,30356
04/21/1999,504,506,501,503.25,19178
04/22/1999,503,508,491,491.75,39636
04/23/1999,492,495.5,490.5,494.5,19779
04/26/1999,494.75,494.75,487.5,490.5,22993
04/27/1999,491.25,494,486.5,487.75,23196
04/28/1999,487.5,490.5,484,489.75,33640
04/29/1999,490,492.5,482.5,484.5,42521
04/30/1999,484.25,487.5,481,486.5,25138
05/03/1999,487.25,490,482.75,489.25,23399
05/04/1999,489,492.5,485.5,488.25,24758
05/05/1999,488.5,488.5,483.5,484.75,23020
05/06/1999,484,487,482,483.5,29325
05/07/1999,484,485,475.5,477.5,34881
05/10/1999,477.75,480,475,479,29008
05/11/1999,478,480,476,477.5,20366
05/12/1999,476.75,481.5,474.5,475.25,40046
05/13/1999,474.5,476.5,469.5,469.75,34809
05/14/1999,469.75,472,466.5,469.25,28018
05/17/1999,471,473,469,470.75,19197
05/18/1999,471,476,464.5,475.5,44405
05/19/1999,474.5,477,471,471.5,24108
05/20/1999,470.75,474.5,467.5,468,17605
05/21/1999,467.5,467.5,461.5,461.75,20974
05/24/1999,461,461.5,452.25,455,29758
05/25/1999,454.75,460,454.75,459.75,21904
05/26/1999,458.75,460.5,455.25,455.5,17869
05/27/1999,455.25,458.5,455.25,457.25,19226
05/28/1999,457.5,467.5,457.5,461.75,30374
06/01/1999,455,458.5,453,458,21828
06/02/1999,458.25,459.25,453.25,458.75,21214
06/03/1999,460,469.5,459.5,465.5,39088
06/04/1999,463.5,468.75,463.5,464.5,29001
06/07/1999,466,474,466,468.25,26981
06/08/1999,468.5,471.75,465.25,469,22217
06/09/1999,469,477,466,471.5,37676
06/10/1999,470.5,472.5,468.25,469,20925
06/11/1999,468,471.75,466,470.25,22971
06/14/1999,466.75,472,464,471.5,22371
06/15/1999,471,472.5,463,463.25,31160
06/16/1999,463,466.5,462,464.5,27448
06/17/1999,463.75,470,461.75,462.75,4211
06/18/1999,463,474.5,463,473.75,9068
06/21/1999,475,479.25,467.5,471.5,8616
06/22/1999,470,473.5,467,467.25,5476
06/23/1999,467,469.25,463.5,464.25,11945
06/24/1999,463.75,464.75,450,454,14874
06/25/1999,454,456,449.5,451.25,6991
06/28/1999,448,453.25,446,447.5,11357
06/29/1999,448,455,447,447.5,14152
06/30/1999,447,452,445.5,450.5,12792
07/01/1999,453.5,455,442.75,444,13723
07/02/1999,445.5,446,432,432.5,18415
07/06/1999,424,426,413,415,21488
07/07/1999,415,417,410.75,415.75,17556
07/08/1999,415,418.25,409.25,410,16226
07/09/1999,409,417,402.5,412,29775
07/12/1999,413,426,412.5,421.25,21016
07/13/1999,418,423.5,415.25,423,12704
07/14/1999,423,429,421.25,423.25,14373
07/15/1999,422.5,433.5,421.5,428.5,10592
07/16/1999,427.75,432,416.5,417.75,9536
07/19/1999,425,429,421,423.75,7520
07/20/1999,425,432.5,418,429.25,3715
07/21/1999,434,457,429,451.25,7217
07/22/1999,452,461,446,449.5,6026
07/23/1999,449.75,477,449.75,476,8242
07/26/1999,474,474,450.5,456,7833
07/27/1999,456,458.5,428,430.25,7657
07/28/1999,430.5,436,424,424.25,6753
07/29/1999,420,434.5,420,429.75,11337
07/30/1999,430,435.5,429.5,431,4827
08/02/1999,445,461,445,461,9496
08/03/1999,468,484,466.75,473.25,12915
08/04/1999,471.5,491,467.5,487.5,10011
08/05/1999,484,485,470,473.5,9148
08/06/1999,470.25,481.5,464,477,7583
08/09/1999,472,482.5,468.5,481.75,6418
08/10/1999,487,496,485,486.5,6027
08/11/1999,486.75,487,477,478.5,5128
08/12/1999,478.5,478.5,448.5,448.5,11240
08/13/1999,441.5,448,439.5,447.5,6916
08/16/1999,450.5,457.5,450.5,456.5,2837
08/17/1999,461,480.5,461,465.5,6518
08/18/1999,470,476.5,467,469.5,34342
08/19/1999,471.5,481.75,470.75,477.75,40015
08/20/1999,478.5,482.5,472,472.75,28980
08/23/1999,462,471.5,458,470.75,30677
08/24/1999,476.75,479,464.25,467,30467
08/25/1999,465.5,476,464.5,475.5,31555
08/26/1999,475,475,466,466.75,28039
08/27/1999,466,473.75,466,470.75,27345
08/30/1999,472,475,466,470.5,28336
08/31/1999,473.5,486.5,473.25,483,46951
09/01/1999,482,490.5,481.5,488.75,31084
09/02/1999,488.75,496.5,485.5,495.5,41180
09/03/1999,498.5,501,495,498.25,31771
09/07/1999,501,521.5,501,520.5,60057
09/08/1999,517,517,507.75,508.25,37914
09/09/1999,508.25,514.5,506,507.25,27495
09/10/1999,507.5,517.5,503.25,515.75,33621
09/13/1999,516,520,509,510.25,33544
09/14/1999,510.5,511.5,500.5,501.75,36307
09/15/1999,500,501,488,489,34181
09/16/1999,490,493.5,486,493,30789
09/17/1999,493,496.75,486.5,487.5,25190
09/20/1999,486,490.5,481.75,487,28853
09/21/1999,487.5,491,483,485,26043
09/22/1999,484.25,489,482.75,485.25,27952
09/23/1999,485,487,477.5,478,36431
09/24/1999,478,487,476,480,45623
09/27/1999,479,486,478.25,484.75,30395
09/28/1999,484.5,495.5,482.5,490.25,45569
09/29/1999,489.25,494.5,488.25,491.75,24686
09/30/1999,491.75,497,489,491.25,38596
10/01/1999,491,492.5,480.5,481,37941
10/04/1999,480.75,484.75,477.25,483.25,32908
10/05/1999,482,484.5,480.25,483.75,21168
10/06/1999,483.25,489.75,482.25,489.25,33131
10/07/1999,487,491,486.25,489.25,31245
10/08/1999,489.5,508,489.5,491.5,58408
10/11/1999,490.75,494.75,488.5,493.25,28055
10/12/1999,492.75,502.5,492.5,499.5,44144
10/13/1999,498,506,497.25,499.75,37949
10/14/1999,499,499.75,496,496.75,19401
10/15/1999,496,497.75,491.5,492,34073
10/18/1999,491,498.5,487,495,43779
10/19/1999,504,508,503.5,505.25,8679
10/20/1999,505,509,498.5,499.25,14183
10/21/1999,498.75,498.75,488,491,16985
10/22/1999,490.5,490.5,484,484.5,16346
10/25/1999,484,491,483.5,490.75,14400
10/26/1999,489.75,493.5,478,479,25679
10/27/1999,479,485,476,482,37403
10/28/1999,482,486.5,477,478,38904
10/29/1999,478,484,476.5,482.75,34213
11/01/1999,482.5,484.5,477,477.5,25467
11/02/1999,478.75,484,478.5,482.5,35222
11/03/1999,482,486.5,478,482.25,44778
11/04/1999,482,486.75,482,485.75,29528
11/05/1999,485.75,489,481.5,482.5,29621
11/08/1999,485,487,482,483,17009
11/09/1999,483,483.75,478.5,479,24376
11/10/1999,479,479.25,465.5,466,48931
11/11/1999,466.5,468.5,464.25,467.5,25328
11/12/1999,468.25,469,462,462.75,25088
11/15/1999,462.75,470,462.75,469.25,24020
11/16/1999,469,474.5,468.5,470.5,27530
11/17/1999,470,472.25,465,466.25,27811
11/18/1999,466.5,469,459,459.75,33705
11/19/1999,460,465.5,458.25,464.75,28729
11/22/1999,464.25,469,464.25,468,17040
11/23/1999,468,471.5,462.75,468.75,31541
11/24/1999,468,471,464,465.25,21641
11/26/1999,464.75,466.5,463,463.25,7901
11/29/1999,465,475.5,465,467.5,36356
11/30/1999,468,477,468,476.25,30306
12/01/1999,477.5,479.75,474.5,476,31365
12/02/1999,476.5,478,472,472.75,27214
12/03/1999,473,475,468.5,472.5,24577
12/06/1999,473,478.5,471,476.5,26132
12/07/1999,476.5,482,475.25,480.25,25512
12/08/1999,480.5,481.75,468.5,472,35860
12/09/1999,471.75,472.5,459,459.5,38766
12/10/1999,458.75,462.5,457.5,461,25199
12/13/1999,456.25,456.25,446.25,451,41093
12/14/1999,450.75,453.75,448,453,21409
12/15/1999,452.5,454.5,449,452.75,24990
12/16/1999,452.75,456,450.75,451.25,20708
12/17/1999,457.5,459,455.5,458.5,7341
12/20/1999,461,467,461,465.5,10168
12/21/1999,465.25,466.75,462.5,464.75,10839
12/22/1999,465.25,473.5,464.75,472.5,19327
12/23/1999,472,475.75,471.75,474.25,10822
12/27/1999,480,482.25,466.5,467,22067
12/28/1999,467.25,468.5,465,466.75,21843
12/29/1999,465,466.5,463,463.25,24488
12/30/1999,463,471,462.75,469.75,21449
01/03/2000,472.5,474.75,463.25,464.5,29274
01/04/2000,465,474,465,471.5,31776
01/05/2000,470,478,469.75,477,36997
01/06/2000,477,480.5,474,475.5,38137
01/07/2000,474.5,479.5,473.25,478.75,29927
01/10/2000,476,476.5,472,473.5,33598
01/11/2000,472.75,478.75,471.5,474.5,31692
01/12/2000,474,487,473.75,480.25,47501
01/13/2000,479.5,491,479,489,49025
01/14/2000,488.25,498,487.5,496.25,50766
01/18/2000,489,503,486.5,502.25,44222
01/19/2000,501.75,504,497.75,501,35715
01/20/2000,500.5,506.75,497.5,505.5,38495
01/21/2000,505.25,507.5,501,505.25,33162
01/24/2000,510.25,515.25,508,512,36607
01/25/2000,511.25,517.5,510.5,517,27418
01/26/2000,516,516.25,511.75,513.25,27543
01/27/2000,512.25,528,508,527,57269
01/28/2000,526.5,529.5,521.5,523.5,38843
01/31/2000,519.5,519.5,505,508,39867
02/01/2000,508,511.5,503,510,32323
02/02/2000,510,513,505.5,507.5,24260
02/03/2000,505,506,498,501,34365
02/04/2000,499.5,506,495,505.5,34446
02/07/2000,505,510.25,505,506.5,28643
02/08/2000,505.5,505.5,499,500.25,27418
02/09/2000,499.5,504.5,496.5,503.75,26107
02/10/2000,503.25,514,502.5,513,35853
02/11/2000,512,514,504.25,505.25,35940
02/14/2000,503.75,510.25,503.75,505,23350
02/15/2000,504.75,510.75,501.5,508.75,28936
02/16/2000,508.75,512.5,503.25,507.5,30185
02/17/2000,517.5,520,514,517.75,9808
02/18/2000,517.25,526,517.25,524.5,15818
02/22/2000,525,529,522,522.5,23650
02/23/2000,522,522.25,507.5,508.25,44476
02/24/2000,508,514.5,504,513.75,35971
02/25/2000,513.75,515,500.5,505.5,46546
02/28/2000,503.5,509,501,506.25,33652
02/29/2000,506,512,503,511,31763
03/01/2000,510,514,505,506.25,30626
03/02/2000,505.75,511.5,501.5,510.5,41417
03/03/2000,510.5,516.75,509.5,513,28599
03/06/2000,512.5,518.5,510,517.25,27529
03/07/2000,517,520,511,511.5,33906
03/08/2000,511.5,518.5,510,515.5,31708
03/09/2000,515.5,520,515.5,516.5,28428
03/10/2000,516.25,519.5,508,509.75,37058
03/13/2000,511,524,511,523,46265
03/14/2000,522.75,531,522.5,530,46786
03/15/2000,530,530,524,525,30272
03/16/2000,524,534.5,522.5,525.5,42712
03/17/2000,528,538.5,528,537.5,40729
03/20/2000,527.5,529.5,523.5,525.75,34866
03/21/2000,525.25,527.75,522.5,526.75,25203
03/22/2000,527.5,531.5,526,531,26003
03/23/2000,531,531.75,521,522,33213
03/24/2000,521.75,534,519.5,530.75,34918
03/27/2000,530.5,535.75,527.5,531.5,24447
03/28/2000,531.5,531.75,525.5,526.5,21418
03/29/2000,526.5,529.75,523.5,529,23185
03/30/2000,529.5,538,527.75,537.5,28464
03/31/2000,536.25,548.5,535.75,545.5,44279
04/03/2000,544,554,544,546.5,36090
04/04/2000,546.5,548.5,529,538.5,40228
04/05/2000,539.25,543.75,535.5,543,29277
04/06/2000,542.75,543.5,530.5,531,29422
04/07/2000,531.25,540,526,538.75,30166
04/10/2000,535.5,535.5,530,532,21602
04/11/2000,531,535.5,527.5,528,30753
04/12/2000,527.25,538,525.25,537.5,30082
04/13/2000,537.25,541,534.5,538.25,21510
04/14/2000,545,549,532,532.5,20662
04/17/2000,528,535,526,531.5,14288
04/18/2000,531.5,535,529.5,534,15175
04/19/2000,548,551.5,546,550.75,26861
04/20/2000,551,551.5,541.5,549,25461
04/24/2000,549.5,558,545.25,557,33993
04/25/2000,558,560.5,554,556.5,36785
04/26/2000,555.75,561.5,552.5,553.25,34640
04/27/2000,552.5,554.5,544,545,43110
04/28/2000,545,547,533,539.25,58423
05/01/2000,546.25,569.25,545.5,567.75,71668
05/02/2000,567,573,563.25,565.5,37315
05/03/2000,565,582.5,564.25,572,52408
05/04/2000,572.25,578,565.5,572.25,33196
05/05/2000,569.75,574,562.5,566,36829
05/08/2000,570,571.75,554,559,41478
05/09/2000,556.5,558.75,554.25,556,29998
05/10/2000,556,573,556,570,42582
05/11/2000,568.5,571.5,563.5,568.5,31900
05/12/2000,567.5,567.5,559.5,565.75,31013
05/15/2000,560,560,537,549.75,60128
05/16/2000,549.5,551.75,542,543.75,31759
05/17/2000,543,545,536.5,541.25,41101
05/18/2000,544,560.5,543.25,547.75,57246
05/19/2000,547.5,555,546,554.5,24934
05/22/2000,552.5,560,547.25,553,29623
05/23/2000,552.5,554.4,548,548.75,24299
05/24/2000,546.75,548,539.75,542.25,38263
05/25/2000,541.5,544,525,527.25,67516
05/26/2000,527.75,535,527,534.25,29282
05/30/2000,526.5,526.5,512.25,517,45313
05/31/2000,517.25,521,515.75,517.5,27074
06/01/2000,523.5,525.5,522,522.5,25987
06/02/2000,522.5,534.5,518.5,533.75,28128
06/05/2000,537.75,542,526,529.25,32971
06/06/2000,529.25,532,521.5,530.5,33062
06/07/2000,534.75,535,517.5,522.5,37835
06/08/2000,522.5,525.5,518.5,521.5,25982
06/09/2000,522.5,523.75,517.75,520.75,29243
06/12/2000,515.5,515.5,501.5,510.5,47594
06/13/2000,510,514.5,506.5,510.5,36587
06/14/2000,508.75,515,499.5,510.75,52420
06/15/2000,510.5,517,508.75,510,32004
06/16/2000,510,514.5,504,504.75,19887
06/19/2000,507,507,496.25,498,5898
06/20/2000,497.5,498.25,489.5,491.5,4968
06/21/2000,491,500,491,496,7112
06/22/2000,497,500.5,491,492,4521
06/23/2000,491.75,493,488.5,490,3988
06/26/2000,488,494,484,493,7483
06/27/2000,493,498.5,492,493.5,8000
06/28/2000,494.5,495.25,488.5,489.5,10695
06/29/2000,490.5,496.5,490.5,492.75,14951
06/30/2000,493,494,480.5,482.75,15259
07/03/2000,482.75,482.75,467,472.5,11012
07/05/2000,472.5,477.5,468,474.75,10882
07/06/2000,473.25,476.5,467.5,469.25,14099
07/07/2000,468.75,480,468.75,473.25,9457
07/10/2000,469.75,474,455,473.5,10491
07/11/2000,473.5,475,469,469.5,8873
07/12/2000,469.5,475,465,472.25,12712
07/13/2000,472,474.5,466,466.5,11518
07/14/2000,466.5,467.5,459.25,462,9062
07/17/2000,460.5,461,455.25,457.5,9738
07/18/2000,458,459,455,455.5,8947
07/19/2000,453,457.5,451,452.5,15802
07/20/2000,449.75,456.5,449.75,454.75,4306
07/21/2000,455,461.5,453.5,460.75,4531
07/24/2000,462,469,455,456.25,3835
07/25/2000,453.5,455,448,450.25,4482
07/26/2000,450.5,452,446,449.75,3712
07/27/2000,455,455,453,453.25,5063
07/28/2000,453,458,447,447.75,5813
07/31/2000,443,448.5,440,444.5,3529
08/01/2000,448,449,440.5,441.5,2736
08/02/2000,441.25,449,441.25,447,3939
08/03/2000,446.5,447.5,442,442.25,3060
08/04/2000,441.5,443.75,438.75,440.75,4128
08/07/2000,443.5,444.75,436.75,437.25,2622
08/08/2000,438,447.5,438,444.25,3903
08/09/2000,443,444.75,441.5,443,2938
08/10/2000,443.5,449,442.5,447.5,4773
08/11/2000,445.5,457,444,452.5,4719
08/14/2000,453,456.5,451.25,456,2698
08/15/2000,455.5,459.25,454.25,457.5,3955
08/16/2000,457.5,465.5,457.25,465,4452
08/17/2000,475,476.5,467.5,469,30558
08/18/2000,468.75,469.5,464.5,467,18419
08/21/2000,465.5,472,463,471.25,22099
08/22/2000,472.75,475.75,466,467.5,28482
08/23/2000,466.75,469.5,465.5,469,19704
08/24/2000,470,472.5,466.5,471,19247
08/25/2000,471.25,474.75,470.25,471,20409
08/28/2000,475,482,475,480.25,31310
08/29/2000,495.25,496,485,495.25,54266
08/30/2000,494.5,499,492,492.25,39771
08/31/2000,505,505.5,497,505,50015
09/01/2000,502,508,500.5,503.5,38292
09/05/2000,512.75,515.5,509.5,512.75,48202
09/06/2000,495.25,509,494.5,495.25,47533
09/07/2000,490,495.5,488,490,31857
09/08/2000,496,505.5,496,505,31556
09/11/2000,503.5,506.75,497.5,506,24206
09/12/2000,507.5,511,496,505.5,45125
09/13/2000,506,508,498,499.5,26755
09/14/2000,499,499.5,490.5,491.75,29779
09/15/2000,491,493.75,482.5,483.25,38222
09/18/2000,483.25,490.5,482,488.5,37306
09/19/2000,485,488,483,483.75,26065
09/20/2000,483.5,495.5,483,487.5,37150
09/21/2000,486.75,495.25,485.25,491.75,26713
09/22/2000,490,499.5,489.5,496,30568
09/25/2000,495.75,498,491,493.5,29098
09/26/2000,494.5,499,492.5,493.75,27919
09/27/2000,493.25,496.5,489.25,495.75,27724
09/28/2000,495.25,502.75,495.25,498.25,34143
09/29/2000,498,498,490,490.5,40837
10/02/2000,488.25,493.5,486,489.5,35725
10/03/2000,489.25,491.5,485,489,37036
10/04/2000,488.25,492,485,486.25,33091
10/05/2000,485.5,487.25,481.5,485,25664
10/06/2000,484,488.75,484,485,25468
10/09/2000,484,485,482.5,483,18511
10/10/2000,482.75,486.5,482.25,485.75,28340
10/11/2000,485,485.5,477,478,40536
10/12/2000,477.75,481,473.5,474.25,45407
10/13/2000,473.75,475,465,466,42325
10/16/2000,465.25,466.5,463.5,465,34518
10/17/2000,465,471,464.75,468.25,35140
10/18/2000,479,482,477.25,479.25,8516
10/19/2000,478.75,485,478.75,482.25,12127
10/20/2000,482.5,486,479.25,479.75,10759
10/23/2000,478.75,479.5,473,473.5,14584
10/24/2000,473.5,479.5,471,477.75,17657
10/25/2000,477.25,480,476,476.25,16608
10/26/2000,476.25,478.5,470,470.5,30470
10/27/2000,470.5,473,466,466.5,31301
10/30/2000,466,469.5,464.5,466.75,47367
10/31/2000,466.5,473.5,465,470.25,36901
11/01/2000,469.75,476.75,469.5,473.5,33588
11/02/2000,474.5,486.5,474.5,483.25,41124
11/03/2000,483,486,482,484.25,22076
11/06/2000,485.5,491,484,484.75,37986
11/07/2000,484.25,486.5,482.5,485.75,26597
11/08/2000,485.5,487.5,483,484,24979
11/09/2000,483.75,485,474,476.75,37551
11/10/2000,476.25,479.25,471,472.5,27047
11/13/2000,472,477,471,476.25,28718
11/14/2000,476,480.5,475.75,477.75,27337
11/15/2000,479,484.25,478.5,481.5,26266
11/16/2000,481,481.5,475.25,477.5,18492
11/17/2000,477,489,477,487.75,38857
11/20/2000,486.25,494.5,486.25,490.75,33185
11/21/2000,493,493,486.5,489,21202
11/22/2000,489,492,488.5,491,12796
11/24/2000,492,502,492,500.75,24431
11/27/2000,500.5,508,496.5,497.25,42374
11/28/2000,497,503.5,495.5,500.75,28779
11/29/2000,500.5,507,498,499.75,34544
11/30/2000,499.25,509.5,499.25,506,41779
12/01/2000,506.5,508.5,503,508,26881
12/04/2000,508,508,501,504.5,25081
12/05/2000,504,504,498.25,500.75,27387
12/06/2000,500,507.5,498.5,507,25024
12/07/2000,507,512.5,502.5,503,39663
12/08/2000,503,512,499.5,511.5,33043
12/11/2000,510,512.5,507.25,511,26400
12/12/2000,511,513.75,506.5,507.25,26759
12/13/2000,506.25,509.25,505,506.5,25278
12/14/2000,506,511,503.5,504.25,24430
12/15/2000,504,507.5,503.5,507.25,19262
12/18/2000,508.5,514,508,509.75,27012
12/19/2000,520,522.5,516.75,522,18359
12/20/2000,522,522,516.5,517.5,22987
12/21/2000,517.25,519.5,514.75,519,21850
12/22/2000,518.5,521,516.75,518.25,16946
12/26/2000,518.25,519,510,512,20653
12/27/2000,510.25,511,505,508.75,30437
12/28/2000,508,513,506.75,508.25,33311
12/29/2000,507.75,510.5,506.25,509.75,13067
01/02/2001,510,510.5,503.5,504.5,22643
01/03/2001,504,508,501.25,506.75,32700
01/04/2001,506.75,507,499,500.5,31855
01/05/2001,500.5,502.5,496,497.25,33052
01/08/2001,496,500.25,494,499,25173
01/09/2001,499,504,497.5,502.75,25404
01/10/2001,502.5,502.5,496.5,497.25,30746
01/11/2001,496.25,498,484,484.5,44629
01/12/2001,484.5,485.75,477.25,482.5,45574
01/16/2001,482,483.5,477,477.5,34425
01/17/2001,476.75,479.75,471.5,472.75,34904
01/18/2001,472.5,476.75,472,473.5,24193
01/19/2001,473.25,476,470.25,470.75,28363
01/22/2001,470.25,477.75,469.25,476.75,24747
01/23/2001,476.25,477.5,468,468.25,32440
01/24/2001,467.75,472,467.25,469.75,20106
01/25/2001,469.75,471.75,465,466,28603
01/26/2001,465,467,459,460.25,42004
01/29/2001,460,460.5,456.25,459.75,25020
01/30/2001,459.75,463.5,459.5,461,21394
01/31/2001,460.75,461,457.5,459.5,24479
02/01/2001,459,464,458,462.5,22496
02/02/2001,462.25,469,462.25,468.5,24019
02/05/2001,467.75,469.5,460.25,462.25,30121
02/06/2001,462,465.75,460,464.25,21034
02/07/2001,464.25,466.5,462,463.5,22147
02/08/2001,463,463.5,452,452.25,33400
02/09/2001,453,457,452,456.25,27648
02/12/2001,455,458.75,452.5,453.25,28575
02/13/2001,452.5,454,449.5,450,28934
02/14/2001,449.5,453.75,449.5,452,18849
02/15/2001,452,454.5,449.5,450.25,22006
02/16/2001,450.25,454.5,450,454,18887
02/20/2001,456,460.75,454.25,455.25,15419
02/21/2001,455,462,454.5,457.5,27743
02/22/2001,458.5,461.5,454.5,455,29242
02/23/2001,455,456.25,446,448,33540
02/26/2001,447.25,449.5,444.75,447.25,23746
02/27/2001,447.25,451.5,447.25,451,29038
02/28/2001,451,465,450.75,455.75,42960
03/01/2001,455.5,464,454.5,460,29303
03/02/2001,460,463.25,457,458,19488
03/05/2001,458.5,465.5,458,460,22496
03/06/2001,460.25,468,459,467,24626
03/07/2001,466.5,470,460,463,34327
03/08/2001,463.5,469,459,461,31389
03/09/2001,461.25,466,460,462,24795
03/12/2001,462.5,463.5,457.5,461,20577
03/13/2001,461,462.5,455.5,456.75,24171
03/14/2001,456.5,456.75,442.5,444,40440
03/15/2001,444,447.25,438,445.5,31782
03/16/2001,445.5,448,442.5,443,16546
03/19/2001,443,447,440.5,443.5,18085
03/20/2001,443.25,449.5,443.25,446.75,19900
03/21/2001,446.25,446.5,439.25,443.25,25080
03/22/2001,443.25,445,433.5,434.25,30282
03/23/2001,434.5,437.75,434.5,436.5,20356
03/26/2001,438,442.5,438,442,17290
03/27/2001,442,445.5,440.5,445.25,20978
03/28/2001,445,445,441,441.75,15440
03/29/2001,441.25,443,436,436.5,15526
03/30/2001,438.75,441,428,428.5,0
04/02/2001,432.75,434.25,430.25,432.75,0
04/03/2001,432.25,434.25,428,430.25,18863
04/04/2001,430,437.5,428.75,437.25,16138
04/05/2001,437.25,439.5,433,437.5,11903
04/06/2001,437,438.5,435.5,436,8628
04/09/2001,438,442.75,438,441.25,16421
04/10/2001,441,444,431.25,432.75,14211
04/11/2001,433,438,433,437.25,8509
04/12/2001,436.75,438.5,433.75,435.25,12364
04/16/2001,434,436.25,430,432.75,7896
04/17/2001,432.5,432.5,428.5,429.5,11554
04/18/2001,429.5,435.5,428,434,20291
04/19/2001,437,437,429,430,26995
04/20/2001,431,433.25,429.5,430,197
04/23/2001,429.75,431.5,423,423.75,26445
04/24/2001,423.75,427.75,422.5,427.25,24629
04/25/2001,426.75,429.5,422,422.5,256
04/26/2001,422.25,432.5,421.25,431.5,36146
04/27/2001,431.5,432.75,425.75,427.75,33999
04/30/2001,427,442.5,425,438,519
05/01/2001,437.5,441.5,435.75,437.25,29701
05/02/2001,436.5,444.5,436,440.25,198
05/03/2001,439.75,443.25,436.5,437.75,26568
05/04/2001,437,443,437,442.25,16963
05/07/2001,441.5,442.25,435,437.75,21303
05/08/2001,438,441,436,440.5,236
05/09/2001,440,442,438,439.5,21242
05/10/2001,438,442,434.5,435,28252
05/11/2001,435,439.5,434,435.75,60
05/14/2001,436,443.25,435.75,443.25,33798
05/15/2001,443,445.75,442.5,444,23780
05/16/2001,444,447.5,443,447.5,42664
05/17/2001,447,452,446.5,451,28853
05/18/2001,450,453.75,446,449.5,26354
05/21/2001,448,448.75,443,443.25,24353
05/22/2001,443.75,446.5,442.25,443.75,20726
05/23/2001,444.5,448.5,444.5,445.5,24118
05/24/2001,446.25,452,446.25,449.75,26470
05/25/2001,449.75,453.5,446.5,447.25,23104
05/29/2001,448,448.5,438.5,439.25,30469
05/30/2001,439.5,441,436,437.5,446
05/31/2001,437.75,452,437.75,451,36169
06/01/2001,450.5,460.5,450.5,455,882
06/04/2001,454,454.75,448.75,453,18997
06/05/2001,453,460,452.5,453.25,25864
06/06/2001,453.75,462,453.75,461.5,29977
06/07/2001,461.5,466.5,458.5,461.5,426
06/08/2001,461.25,468.5,458,466.5,30094
06/11/2001,465,473,465,471.5,31456
06/12/2001,471.5,475.75,468,473.75,32562
06/13/2001,473.5,475.5,471,474,218
06/14/2001,474,475.5,469.5,470.75,22879
06/15/2001,470.5,470.75,457,458.5,161
06/18/2001,458.5,465,457.25,464,784
06/19/2001,457.5,464,455.75,462.75,5274
06/20/2001,462.5,465.5,458,458.25,5716
06/21/2001,458.5,459,452.25,453.5,5947
06/22/2001,453,456,447,447.25,7801
06/25/2001,447,447.25,443.25,443.75,5940
06/26/2001,444.5,451,444.25,449.75,7590
06/27/2001,449.5,458,449.5,455.5,10774
06/28/2001,456,457.5,453.5,455.75,62
06/29/2001,455.75,481,455,474.25,46
07/02/2001,471.75,485.5,471.75,482.75,18626
07/03/2001,482.75,487,480.5,483.5,16140
07/05/2001,482,493,476,488,17227
07/06/2001,487.25,493,486,488.25,17807
07/09/2001,485.5,498,482,496.75,16020
07/10/2001,496.25,507.75,494.75,503,21110
07/11/2001,502.75,523,501.5,510.5,23750
07/12/2001,510.5,528,509.5,527,20730
07/13/2001,527,529.75,519,526.5,13797
07/16/2001,521.5,523,508.5,511,18576
07/17/2001,514,538,514,528,14689
07/18/2001,525.5,528,509,513.75,10814
07/19/2001,511,514,504,509,4161
07/20/2001,510,511,488,488.25,3857
07/23/2001,485.5,500,481,499.5,3471
07/24/2001,508.5,511.5,495,497.25,3676
07/25/2001,496.5,507,495.5,506.5,3755
07/26/2001,509,517.5,504,506.5,6434
07/27/2001,504,516,504,514.5,6936
07/30/2001,512,515,503,504,8959
07/31/2001,496.25,514,494.75,512.25,7830
08/01/2001,513,517.5,506.5,507.5,5935
08/02/2001,508,512.75,492,494.5,10841
08/03/2001,497,500.5,485,492.25,101
08/06/2001,493.5,500,489,499,6244
08/07/2001,506.5,509,502.5,506.75,5443
08/08/2001,506.75,513.75,505,510.5,6746
08/09/2001,510.5,515,509.5,510.25,6815
08/10/2001,511,523.75,508,516,6731
08/13/2001,517.5,524,513.5,522.25,5718
08/14/2001,520.5,520.5,510,510.75,4731
08/15/2001,511,519,505.5,517.5,4633
08/16/2001,517.25,518.5,498,502.75,7488
08/17/2001,499.5,506.5,497.5,502.75,28854
08/20/2001,492,493,484.25,486.75,33862
08/21/2001,490.75,494,483,492.25,33790
08/22/2001,491.25,493,485,487,25651
08/23/2001,487.75,487.75,473.5,482.75,46633
08/24/2001,482,485.75,477,478.5,29047
08/27/2001,475,482.5,474.5,482,19983
08/28/2001,489,489.25,477,479,33732
08/29/2001,478.75,487,476.75,485.75,32746
08/30/2001,485.25,486.25,477.5,481,33355
08/31/2001,480.5,487,479.5,486,27190
09/04/2001,486,486,480.5,484.25,21181
09/05/2001,486.5,487,477,478.25,467
09/06/2001,478,478,470,470.25,311
09/07/2001,471,473.5,469,469.75,19326
09/10/2001,470,471,466.25,470,263
09/11/2001,470,471,468.5,470,263
09/12/2001,470,470,470,470,263
09/13/2001,466.5,485,466.5,482,36396
09/14/2001,481,484.5,473.25,474,31708
09/17/2001,473,483.5,469.5,480,30332
09/18/2001,478.75,481.5,472,475,18620
09/19/2001,475,476.5,464.75,469.5,37659
09/20/2001,469.25,474.75,468,473.5,21803
09/21/2001,473.5,476.5,463.75,469.75,35964
09/24/2001,469.75,475,467,468,19099
09/25/2001,468,473.5,463,463.5,32653
09/26/2001,463,466,460.75,465,29747
09/27/2001,465.25,467,460,461.75,26708
09/28/2001,461.25,461.5,450.5,451.25,42582
10/01/2001,451,455.5,450,452,30082
10/02/2001,452,456.25,451.25,453,30503
10/03/2001,452.5,455,450,452,26822
10/04/2001,451.25,455.5,449,451,37409
10/05/2001,450.25,453.5,448.25,452.25,28524
10/08/2001,452,458,451.5,454,30346
10/09/2001,453.5,455.5,451,451.5,30394
10/10/2001,451,452.75,447,448.25,30412
10/11/2001,448.25,450,447.25,447.75,25404
10/12/2001,447.5,447.5,433,435.5,51726
10/15/2001,435.25,437,428,429.25,40308
10/16/2001,429,432,428.75,430.5,29594
10/17/2001,434.75,439.25,431.5,438.25,15439
10/18/2001,437.25,440.5,434.25,434.75,11248
10/19/2001,434.25,434.75,429,429.5,12526
10/22/2001,426.75,431,426.5,426.75,10113
10/23/2001,426.75,430.25,426.5,427.75,14326
10/24/2001,427.25,432.5,426.25,431.75,13816
10/25/2001,430.25,437.5,430.25,435.75,18733
10/26/2001,435.5,438,434,434.25,22095
10/29/2001,433.25,437.25,433,434.25,31792
10/30/2001,434,441.5,434,440.25,59841
10/31/2001,439.75,441.25,436,436.75,643
11/01/2001,436,442.75,435.25,441.5,45569
11/02/2001,441.5,443,438.5,439,32546
11/05/2001,439,442.25,437.5,441.25,282
11/06/2001,440.75,442.25,435.5,436,29769
11/07/2001,436,445,435.75,441.25,474
11/08/2001,441,444.25,436.5,437.75,221
11/09/2001,437,447,436.75,444.5,37690
11/12/2001,444,449,442.75,447.25,25254
11/13/2001,446.75,448.25,444,445.25,20706
11/14/2001,445,449.75,445,447.25,24722
11/15/2001,447,448.25,444.5,446.75,19101
11/16/2001,446.25,453,445.25,452.5,35097
11/19/2001,452,454.75,451.25,452.25,302
11/20/2001,452.25,454.25,447,448.5,31950
11/21/2001,448.25,452,448,450,18338
11/23/2001,450,454,450,451.25,14511
11/26/2001,451.25,452,440,441.25,43643
11/27/2001,441.75,444.5,438.25,444,35655
11/28/2001,443.25,444,434.25,435.5,34552
11/29/2001,435,438.5,434.5,436.5,224
11/30/2001,436.5,449.5,436.5,444.5,46182
12/03/2001,444,448.75,443.5,447.25,24164
12/04/2001,446.5,448.5,442.5,444.75,23297
12/05/2001,444,444.75,440.25,442.5,20398
12/06/2001,442.5,445.5,441,441.5,122
12/07/2001,441,447.5,439,445.25,33427
12/10/2001,445,445.75,441.5,443,392
12/11/2001,443,444.75,435.5,437.5,34811
12/12/2001,436.75,437,432,432.5,26451
12/13/2001,432,436,431.5,433.75,26637
12/14/2001,434.25,438.25,433.25,436.25,27178
12/17/2001,436.5,438.5,434.5,436.75,256
12/18/2001,436.25,439.5,431.5,432,29887
12/19/2001,433.75,438,433.25,436,16518
12/20/2001,436,438.5,435,436.25,16255
12/21/2001,436,437.25,434.25,434.75,107
12/26/2001,435.5,436,427.75,428.25,29316
12/27/2001,428.25,430.5,427.75,428.25,205
12/28/2001,428,429.5,425,425.75,25832
12/31/2001,425.5,425.5,421,422.25,192
01/02/2002,422,424.5,415.75,418.25,38834
01/03/2002,418,424.5,418,424,180
01/04/2002,423.5,426.75,422.25,424.5,304
01/07/2002,424.5,437,424.5,430.75,47632
01/08/2002,430.75,437,430.5,435,35524
01/09/2002,435,440.75,434,439.5,661
01/10/2002,438.75,439.5,430.5,432.5,32912
01/11/2002,432,444.5,431.5,443,50126
01/14/2002,443,452.5,443,446.75,51634
01/15/2002,446.25,450.25,444.25,446,542
01/16/2002,445.5,453.25,444,452.5,35522
01/17/2002,452,454.5,447.25,450.75,43961
01/18/2002,450.25,451.25,445,445.5,24422
01/22/2002,447,449,438,439,30715
01/23/2002,438.25,441.5,433,433.5,30734
01/24/2002,433.75,438,433,437.25,30823
01/25/2002,438,439.5,429.5,430.75,35523
01/28/2002,428.5,432,425.25,431,34175
01/29/2002,431,432,425,428.5,28536
01/30/2002,427.75,429,425.5,427.75,21748
01/31/2002,428,431.25,425.75,430.25,34837
02/01/2002,430.25,431,426,426.75,21466
02/04/2002,428,434.5,426.75,434,490
02/05/2002,433.5,435.5,432,432.75,24494
02/06/2002,432.5,435,426.25,428,140
02/07/2002,427.75,432,427.25,431.25,20766
02/08/2002,431.75,433,425.25,429,26729
02/11/2002,429.5,432,427.5,431,20378
02/12/2002,431,436.75,430.5,436.25,23546
02/13/2002,436,441.5,435.5,439.5,37326
02/14/2002,439,440,435.75,436.25,22948
02/15/2002,435.5,437.75,434.25,437.25,20158
02/19/2002,437.75,439,435,438.25,29295
02/20/2002,441.5,449.5,440.5,448.75,35572
02/21/2002,448.25,449.5,444,448,23413
02/22/2002,447.5,449.75,444.5,445,24974
02/25/2002,445,445.75,438.5,440.5,28047
02/26/2002,439.75,442.75,439.5,441,27962
02/27/2002,441.5,449.5,441.25,447.5,43793
02/28/2002,447,448.75,438.5,440.25,36553
03/01/2002,440.5,452.5,439.5,451.5,49201
03/04/2002,450.25,453.25,446.75,451,32404
03/05/2002,450.5,458.5,448.75,457.25,42716
03/06/2002,456.5,457,452.5,454.5,29016
03/07/2002,454.25,466.5,453.25,459.5,65867
03/08/2002,459,468,456.5,465.5,50594
03/11/2002,464,465.5,460.25,464.75,34541
03/12/2002,464.5,467.5,461.5,463.25,29813
03/13/2002,462.5,463.75,459,462.75,27609
03/14/2002,463,470,462,468.5,32814
03/15/2002,468,474.25,466.25,472.25,41498
03/18/2002,471,472,460,460.5,36837
03/19/2002,460.75,464,455.75,463.5,37743
03/20/2002,463.5,464.25,457.75,458.5,23217
03/21/2002,458.5,464.5,456.5,459.25,34780
03/22/2002,459.5,467,458.75,464.5,32616
03/25/2002,464,466,461,462.5,24159
03/26/2002,462.5,468.5,462.5,467.75,24163
03/27/2002,467.25,473.5,467,472.75,29771
03/28/2002,471.5,480.5,470.5,476.25,43833
04/01/2002,475,477,472,475.75,22396
04/02/2002,475.75,477,471,473.25,22210
04/03/2002,472.5,472.75,461.25,461.75,40924
04/04/2002,461.5,463,456.75,459,41039
04/05/2002,459.5,466.5,458.25,465.5,25086
04/08/2002,463.5,464.5,453,458,40225
04/09/2002,458,462.25,457.25,461.25,24467
04/10/2002,461,465,457,460.5,34381
04/11/2002,460.75,461.25,457.5,458,12772
04/12/2002,458,461.75,454,461,15811
04/15/2002,461.75,462.5,455.25,456.5,13649
04/16/2002,456.5,464.75,456.5,463.25,16703
04/17/2002,465.25,478.5,464.25,475.5,45155
04/18/2002,474.5,476.5,470.5,472.5,27552
04/19/2002,472,481,471.5,474.25,35472
04/22/2002,474.75,481.5,472,472.75,27001
04/23/2002,472.25,478,470,477,23120
04/24/2002,478.25,484,476.5,483.25,43734
04/25/2002,483,484.5,475.75,476.5,35282
04/26/2002,476.25,479,469,469.5,40892
04/29/2002,470,470.5,463,465.5,38486
04/30/2002,465.5,467.5,463.25,466.75,26424
05/01/2002,466.5,467.75,462.75,464.25,19333
05/02/2002,464.25,466.5,462.5,463.75,23549
05/03/2002,463.25,463.5,457,461.25,34325
05/06/2002,460,465.25,458,462.75,26676
05/07/2002,462.75,466.25,462,465.5,19338
05/08/2002,465.5,472.75,463,472,37926
05/09/2002,471.5,476.75,470.75,476.25,31935
05/10/2002,476,479.5,467,470.75,36023
05/13/2002,472,480,472,477.5,34699
05/14/2002,475.75,479.5,474.25,476,22552
05/15/2002,476,483,474.5,482,35073
05/16/2002,481,487.25,479,484.75,42471
05/17/2002,484.75,488,483.5,487.5,33897
05/20/2002,485,492.5,482.75,491.25,37469
05/21/2002,491.75,492.75,487,490.5,29150
05/22/2002,490.5,496.5,489.5,493,38165
05/23/2002,493.5,493.75,487,491.5,28805
05/24/2002,489.5,494,487,491,33883
05/28/2002,489,497.75,488,497.25,32000
05/29/2002,497.5,500.25,494.75,496.25,40618
05/30/2002,495.5,503.25,494.25,501.25,30361
05/31/2002,501,510.75,500.5,508.75,44856
06/03/2002,506.75,509.5,503,505.5,30999
06/04/2002,504.75,516.75,504.25,509.75,37176
06/05/2002,509,514.75,507.75,513.75,33161
06/06/2002,513.75,519.5,512.5,513.25,35940
06/07/2002,513.25,513.5,505.5,507.5,31652
06/10/2002,505.5,506,498.5,500.5,27999
06/11/2002,500,503.25,496.75,500.5,33952
06/12/2002,500.5,502.25,492.5,493.25,37195
06/13/2002,493.25,503,493,501.25,36239
06/14/2002,501,502.5,495.25,497,29688
06/17/2002,495.75,502,492.75,498.75,24688
06/18/2002,499.25,499.25,490.25,493,35055
06/19/2002,487.5,490,484.5,487.5,9318
06/20/2002,487.25,489,483.5,483.75,8328
06/21/2002,483.75,493.5,483.5,489,11853
06/24/2002,492.5,504.5,492.5,499.75,13524
06/25/2002,500,504.5,497,499.5,14687
06/26/2002,499,509,496,508.25,16221
06/27/2002,508.25,517.5,506.75,515,20573
06/28/2002,514.5,540,513.5,528.75,18230
07/01/2002,530.25,541,530.25,540.25,15420
07/02/2002,542,546.25,530.5,531,22166
07/03/2002,530.5,541,521,538,20921
07/05/2002,539,547,535.25,545.75,21971
07/08/2002,542.25,550.75,538,543,22491
07/09/2002,545,557.5,545,553,21551
07/10/2002,551,559,546,551.25,29140
07/11/2002,551.5,559,543,554.75,22071
07/12/2002,555,560,551.75,558.25,14554
07/15/2002,560,572.5,560,570,17480
07/16/2002,577,583.75,571.5,579.75,18808
07/17/2002,579.75,584.75,573.5,576.75,19397
07/18/2002,548.5,557.5,544.5,551.5,7957
07/19/2002,549.5,553.5,545,553,5691
07/22/2002,563,575,563,570.5,6705
07/23/2002,579,580,548,550.75,6425
07/24/2002,550.25,563.5,549,560,8483
07/25/2002,560.25,561.5,537.25,542.75,10793
07/26/2002,545,548,531.5,532.5,12573
07/29/2002,525,525,514,519.5,11012
07/30/2002,521,539,520,531.5,14694
07/31/2002,533.25,564.5,533.25,554,14349
08/01/2002,554.75,575.5,550,558.75,16831
08/02/2002,558.75,566,554,555,9260
08/05/2002,547.25,553.5,531,549,8779
08/06/2002,553.5,559.75,546,551.5,9122
08/07/2002,552.5,557,548.5,550.75,10159
08/08/2002,551,553,543.5,545.5,9574
08/09/2002,546,556,545,554.75,12231
08/12/2002,557.5,598,557.5,581.75,16683
08/13/2002,582.5,590,576,585,17069
08/14/2002,582.5,599,579.5,594,13068
08/15/2002,593,601,591,592.25,11365
08/16/2002,591,593.75,581.5,583.25,6343
08/19/2002,558.25,562.75,546.5,549.75,48269
08/20/2002,547,549,532,533,58608
08/21/2002,534.5,542.25,533.25,541.25,50971
08/22/2002,541.5,544.5,530.25,537.75,46000
08/23/2002,537,544,532.5,540.5,34440
08/26/2002,540.5,545.75,538,539,27633
08/27/2002,538.5,545.75,536.5,544.5,34273
08/28/2002,544.5,549.5,540.5,542.75,32447
08/29/2002,542.5,545.5,538.25,539,27345
08/30/2002,539,545.5,538.5,544.75,23317
09/03/2002,551,555,545.5,549.5,33316
09/04/2002,552,555.5,547.25,552.75,27349
09/05/2002,552.75,558,549.25,557.25,37957
09/06/2002,557,562,556.5,560,33895
09/09/2002,562.25,580,562.25,571,47641
09/10/2002,569.5,578.5,565,577.25,39400
09/11/2002,577,591,574.5,588.75,53051
09/12/2002,589,591,577.5,578.25,47558
09/13/2002,577.75,577.75,563,565.25,43730
09/16/2002,563,573.5,557,572.5,35692
09/17/2002,573,576,566.5,573,715
09/18/2002,572.75,577,570.25,572,34160
09/19/2002,571.5,575,563,564,33968
09/20/2002,562.5,570,560.75,564.5,35485
09/23/2002,564,564,552.5,553.25,35351
09/24/2002,553,562.5,552.5,561.75,31349
09/25/2002,562,564.5,556.5,558.75,29155
09/26/2002,558,566.5,558,565.5,28446
09/27/2002,565.25,568,559.5,560.25,33280
09/30/2002,558.5,560,544.75,545.75,55288
10/01/2002,545.75,547.75,539.5,542,44366
10/02/2002,542.5,546,536,537.5,42520
10/03/2002,538.5,541,532.25,538,40816
10/04/2002,538,543.75,536.25,539.5,32416
10/07/2002,539.25,543.75,535,539.75,32210
10/08/2002,539.5,540,535,535.25,26629
10/09/2002,534.5,535,522,523.5,46112
10/10/2002,523.5,529,523,524.75,34667
10/11/2002,525,535,525,528.5,42733
10/14/2002,528,535.25,526,532.5,28273
10/15/2002,531.25,549,531.25,547.75,49080
10/16/2002,546.75,551,543.75,547,40911
10/17/2002,550.25,556,544.75,552.75,17234
10/18/2002,552.25,555,548,548.5,9834
10/21/2002,548,557,547.75,553.5,12386
10/22/2002,553.5,553.5,548,548.25,12480
10/23/2002,548,557,548,554.75,18021
10/24/2002,554.5,560.5,550.5,558.75,20761
10/25/2002,558.5,560.75,556.5,557.25,17189
10/28/2002,554.25,554.75,545.5,546.25,25002
10/29/2002,546.5,560,546.5,559.25,51954
10/30/2002,559.25,565.5,556.75,558.25,56184
10/31/2002,558,568.75,557.25,566.5,50319
11/01/2002,566,570,565,568.75,38019
11/04/2002,567.5,574,566,572.75,36610
11/05/2002,572.25,579.5,572.25,572.75,50871
11/06/2002,572.25,578.5,565.75,575,59207
11/07/2002,575.5,578,566,568.25,39457
11/08/2002,567.5,568.5,558,558.5,43087
11/11/2002,558,569,556.75,568.25,30362
11/12/2002,568,573,560.5,562.5,44118
11/13/2002,562,563.75,554,563,44685
11/14/2002,563,568,560,567.25,40265
11/15/2002,567,571.5,561,563.25,33112
11/18/2002,563,568.25,560.25,566.5,28527
11/19/2002,566,575,565.5,573.75,40274
11/20/2002,573.75,577.5,572.5,575.75,37207
11/21/2002,575,576,568.5,569.5,33979
11/22/2002,568.75,575.5,565.25,571.75,36054
11/25/2002,571.75,573.75,567.5,572.25,30043
11/26/2002,572.25,575.75,571.5,573,23450
11/27/2002,573,581,573,577.25,27506
11/29/2002,578,581.5,577.25,578.75,19854
12/02/2002,579.5,587.5,578,578.5,48964
12/03/2002,578,578,564,564.5,52641
12/04/2002,564,568,560.5,566.25,34760
12/05/2002,567,568.5,556.5,562,49823
12/06/2002,564.5,567.5,560.75,563.25,29689
12/09/2002,560,563,557.75,562,24666
12/10/2002,562,564.5,557.5,564,32108
12/11/2002,564,568.5,563.5,568,19893
12/12/2002,568,577,564,576,43194
12/13/2002,575,577,571,572,26121
12/16/2002,571.5,573,561,561.5,36506
12/17/2002,559.75,562,555.5,556,43092
12/18/2002,553,556,549,555.5,22254
12/19/2002,556.5,561.75,556,559.25,28231
12/20/2002,560.25,568,559.75,567,30680
12/23/2002,567,574,566,568,33789
12/24/2002,568,568,568,568,332
12/26/2002,562.25,567,561.75,562.25,20132
12/27/2002,562.5,568,561.5,566.5,20258
12/30/2002,566,566.75,561,562.25,20069
12/31/2002,561.75,565.5,559.5,565,29644
01/02/2003,565,582.5,564.5,581,48036
01/03/2003,579,579.25,575.5,577.75,47467
01/06/2003,576,585,575.5,577,47507
01/07/2003,576,582.25,573.5,579.75,39441
01/08/2003,579.5,585,579.5,582,38692
01/09/2003,582,584,577.5,579.75,34029
01/10/2003,579.5,586.5,555,556.75,77943
01/13/2003,557.25,558,546,548,57881
01/14/2003,549,551.75,544,550,43951
01/15/2003,550.25,553.75,545,549.75,31616
01/16/2003,549.5,554.5,544.75,549,45178
01/17/2003,550,556.75,548.75,556,29641
01/21/2003,555.5,557.75,552.5,556,27995
01/22/2003,555.5,564.5,555,560,40331
01/23/2003,560,564.5,558.75,561.5,24705
01/24/2003,561.5,570,560.5,569,36521
01/27/2003,569.5,575.5,566,567.25,36289
01/28/2003,567,574,567,573.25,30273
01/29/2003,573,573.25,560.5,561.25,30530
01/30/2003,561.5,569,559.5,568.5,31779
01/31/2003,568,571,562,564,30576
02/03/2003,562,568.5,556.5,568,38071
02/04/2003,568,571,564.5,570.5,28286
02/05/2003,570,571.5,560.25,563,31137
02/06/2003,562,564,559,562.5,25297
02/07/2003,562.5,564.75,554.25,555.75,36620
02/10/2003,556,566.5,556,564.75,34806
02/11/2003,565.25,572.5,560.5,572,38418
02/12/2003,571.5,574,560.75,563.25,50870
02/13/2003,562.5,574,562.5,571.75,45760
02/14/2003,571.75,573.75,567.5,573,24450
02/18/2003,571.25,574.75,569,574,20454
02/19/2003,573,574,568.5,571.75,19220
02/20/2003,569,570,564,568.25,30412
02/21/2003,569.25,574,566.25,573.25,29642
02/24/2003,572,572.75,566.75,570.25,23969
02/25/2003,570.5,580,570.5,574.5,55701
02/26/2003,574.25,579.5,571,579,43333
02/27/2003,578.5,583.75,576.5,582,47171
02/28/2003,581,583.25,574.5,575,34869
03/03/2003,577,580.25,574.25,576.75,32111
03/04/2003,577,579.5,566.5,571,45284
03/05/2003,571.25,571.75,565,567.5,29111
03/06/2003,567.5,569,562,562.25,35849
03/07/2003,562.25,564.5,558,563.25,48277
03/10/2003,563,566.5,561.75,565.75,21138
03/11/2003,565.75,572,560,571.5,36681
03/12/2003,571.5,572,565,565.5,31188
03/13/2003,565.25,576,565,575.25,41753
03/14/2003,574.5,577.5,572.75,574.5,25647
03/17/2003,572.75,574,566,568.25,28279
03/18/2003,568,578,566.75,574,30701
03/19/2003,573.25,574,569,570.5,19643
03/20/2003,570.5,576,569,574.5,21772
03/21/2003,574.5,579.5,573.5,576.75,22505
03/24/2003,575.75,576.25,569.5,569.75,22505
03/25/2003,569.5,574,568.25,573.5,19752
03/26/2003,573.25,574.75,564.25,569,42883
03/27/2003,569,581.5,569,580.25,44705
03/28/2003,579.25,580.5,575.75,580,23439
03/31/2003,579.75,580.5,570,574.5,38246
04/01/2003,575,578.5,573,573.75,29006
04/02/2003,574.25,588,574.25,586.75,50671
04/03/2003,585.75,591.75,582.5,585.25,44469
04/04/2003,585,591.5,583,590.75,24437
04/07/2003,590.25,602,590,598.75,41621
04/08/2003,598,602.5,596.5,601,34785
04/09/2003,601,607.5,598.5,604,40566
04/10/2003,603.75,608,599.5,601,35786
04/11/2003,601,601.5,596.5,600.25,32754
04/14/2003,599.5,609,595.5,607.75,43372
04/15/2003,607.5,611,604.5,610.5,35566
04/16/2003,610,611.75,606.25,609.25,21896
04/17/2003,608.25,623.5,607,622.25,53173
04/21/2003,622,622,613,616.5,36015
04/22/2003,616.75,622,609.5,611,47999
04/23/2003,610,611.5,603.25,605.25,48158
04/24/2003,605,611.5,601,605,43917
04/25/2003,603.5,604,597.5,601.5,32234
04/28/2003,603,609.75,602.5,608.25,43872
04/29/2003,609.5,625.25,606,624.5,56540
04/30/2003,624,633.5,621,627.25,68134
05/01/2003,625.5,637,624.25,631.5,55868
05/02/2003,630.25,633,625.5,631,42020
05/05/2003,629.5,635.5,624.5,627.75,52141
05/06/2003,627,630,620,629.5,44151
05/07/2003,630.5,633.5,625.25,627,45365
05/08/2003,625.5,627.5,616,624.5,42611
05/09/2003,625,640,623.5,638,47237
05/12/2003,636,649.5,633,642.5,46849
05/13/2003,641.5,646.5,639,644.25,27998
05/14/2003,645,650.75,639,649.25,43580
05/15/2003,649.25,652.75,645,648.75,44696
05/16/2003,648.5,650.5,641,642,44135
05/19/2003,639,642,635,637,38177
05/20/2003,636,658,635.5,642.75,55416
05/21/2003,640.75,646.5,637.5,640,38217
05/22/2003,639.5,640,626,626.75,54270
05/23/2003,626.5,631,622.5,628.25,36570
05/27/2003,628,633.5,619,630.5,40719
05/28/2003,629.25,632.5,622.5,623,35068
05/29/2003,622.5,632,618.5,630,38065
05/30/2003,631.5,636.5,623,624.5,42464
06/02/2003,620.5,624.5,612,612.5,55894
06/03/2003,612,616.5,610,610.25,35395
06/04/2003,610.25,617.5,610.25,615.25,38245
06/05/2003,615.25,622.5,611.5,618.75,48871
06/06/2003,619,632.5,618.5,631.5,39821
06/09/2003,631,634,625,625.5,33507
06/10/2003,625,639,624.25,633.5,39927
06/11/2003,633,637,627,629.5,44811
06/12/2003,629,633.5,622.5,624.5,43009
06/13/2003,624.5,634,613,614.5,45120
06/16/2003,613,619.5,611.5,617.25,22987
06/17/2003,616.25,623.5,614.5,621.25,28244
06/18/2003,621.25,631,616.5,630,15124
06/19/2003,629.5,637,628.5,632,17301
06/20/2003,629.25,634,627,628.5,13660
06/23/2003,628,630.25,624,628.5,13168
06/24/2003,628.5,641,627.5,632,22427
06/25/2003,631.5,640,631.5,638.5,17785
06/26/2003,637.5,639.5,621,623.75,29724
06/27/2003,623.75,630,623.5,624.5,21509
06/30/2003,624,626.25,608,614.25,26800
07/01/2003,614.25,619.5,610.5,618.25,14275
07/02/2003,618,622.5,616.25,619.25,14561
07/03/2003,618.75,622.5,614,614.75,16061
07/07/2003,611.75,611.75,603.5,605.5,22602
07/08/2003,605,608.5,601,601.75,21877
07/09/2003,601.75,611,600.5,610,19613
07/10/2003,610,610,601.5,602.75,17918
07/11/2003,602,609,601.25,604.25,15704
07/14/2003,603.25,605,598,599.5,17711
07/15/2003,599,599,585,585.25,21133
07/16/2003,585.5,587.5,580,582,17299
07/17/2003,582.25,586.5,571.5,572.75,20133
07/18/2003,539.25,539.25,528.5,529,6415
07/21/2003,528,533,526,531,5740
07/22/2003,533.25,537.5,528.75,533.75,3919
07/23/2003,533.5,537,528.5,529,5354
07/24/2003,530,535.5,526,527.25,5527
07/25/2003,526,530.5,523,529.5,6170
07/28/2003,530.25,539,530.25,538.25,4021
07/29/2003,539.25,541.5,527,527.25,36
07/30/2003,527.5,533,522,526.75,180
07/31/2003,526.75,529.75,519,519.25,20
08/01/2003,520.5,531.5,519.5,524.5,107
08/04/2003,524.5,527.75,520,523,30
08/05/2003,524.5,527,517,519.5,49
08/06/2003,518.5,523,516.75,520,18
08/07/2003,520,523,515.5,519.25,16
08/08/2003,519.25,525.25,517.5,524,23
08/11/2003,522.5,536.5,521,535.25,47
08/12/2003,533.75,553.5,530.5,550.25,48
08/13/2003,550,556.5,546,547.25,52
08/14/2003,546.75,554,546,551.75,17
08/15/2003,552,552.5,548,552.25,42
08/18/2003,562.5,583,562.5,582.25,203
08/19/2003,579,579,569,570,47046
08/20/2003,574,585,571.5,576.75,50542
08/21/2003,578.75,590,575,579.25,49137
08/22/2003,582,588.5,578.5,586.25,34121
08/25/2003,586.5,589.75,581,586.5,30838
08/26/2003,593,597.5,576,576.5,56261
08/27/2003,577.5,582,577.5,580.75,34620
08/28/2003,579.25,588.75,579,588.25,37546
08/29/2003,588,592,583.5,589,36484
09/01/2003,588,592,583.5,589,36484
09/02/2003,577.5,579.75,569.5,574.5,45621
09/03/2003,576.5,584,575,580.75,30353
09/04/2003,580.75,589.25,580.75,588.25,31533
09/05/2003,587.75,596.5,585,587.25,41389
09/08/2003,589.5,593.75,585.75,590,25860
09/09/2003,591,601,591,598.5,40322
09/10/2003,598,600,593,596.5,31261
09/11/2003,596,630,596,615.75,73197
09/12/2003,614,625,611,623,48296
09/15/2003,620.5,625.5,616.25,619,28817
09/16/2003,620.5,622,609,610.75,43291
09/17/2003,610.75,619,610,617.25,34502
09/18/2003,618.5,629.5,618.25,627,37374
09/19/2003,626.5,638.75,626,638,41959
09/22/2003,638,652,638,651.25,49712
09/23/2003,651.75,659.75,647.5,651,57810
09/24/2003,651.25,658,645.5,653,50010
09/25/2003,653.5,662,653.25,655.5,49469
09/26/2003,655.5,661,651.5,656.5,42470
09/29/2003,657,684,657,683.25,58531
09/30/2003,682,691,674,677.25,61980
10/01/2003,677.25,688.5,677.25,687.25,44375
10/02/2003,687.25,701,687,697,51755
10/03/2003,695.75,696.5,677,678,55406
10/06/2003,676,687.5,669,684,49083
10/07/2003,685.5,690.5,684,687.75,39822
10/08/2003,686.75,689.5,678,678.5,41244
10/09/2003,677.75,696,677.5,692.5,47671
10/10/2003,692,736,691,713.5,88342
10/13/2003,714,740,713.5,731.5,71861
10/14/2003,731.5,745,730.5,741.5,79760
10/15/2003,741,741,722.5,727.5,59341
10/16/2003,727,732.5,720,725.5,47978
10/17/2003,725.25,732,725.25,729.25,0
10/20/2003,729.25,738,729.25,730.5,0
10/21/2003,730,731,724.5,730.75,0
10/22/2003,729.5,752,729.5,752,0
10/23/2003,752,767,752,767,0
10/24/2003,766,771.5,764,767.25,0
10/27/2003,769.5,784.5,763.5,763.5,0
10/28/2003,761,787.25,760.5,787.25,0
10/29/2003,789,803.5,789,803.5,0
10/30/2003,803,807,798.5,799,0
10/31/2003,801,807,797.5,797.75,2071
11/03/2003,800,808.5,797,797,1904
11/04/2003,797.75,798.75,763.25,763.25,771
11/05/2003,762.75,773,749.5,773,3234
11/06/2003,778.75,780,765,765,1244
11/07/2003,760,762.5,748.5,748.5,1076
11/10/2003,743,762,741,762,1916
11/11/2003,766.75,775.75,765.5,775.75,1455
11/12/2003,778,782.5,770,770,1618
11/13/2003,769.5,776.75,766,776,1252
11/14/2003,779,783.5,778.5,778.5,1217
11/17/2003,782.5,784.5,774.75,780,805
11/18/2003,778,780.5,776,777,660
11/19/2003,775,776.75,748.75,748.75,657
11/20/2003,747,759.25,744.5,759.25,794
11/21/2003,759,763.5,753.5,753.5,93
11/24/2003,749,752.5,735,737.25,47776
11/25/2003,735,747,730.75,746,43596
11/26/2003,745,751.5,742,745.75,28625
11/28/2003,749,758,747,756.25,22659
12/01/2003,759,763,751.5,761,35686
12/02/2003,755.5,777,753,773.25,52432
12/03/2003,773.5,784,773.5,778.25,42828
12/04/2003,775,780.5,767,769,40412
12/05/2003,768.5,771.5,758,760.5,38833
12/08/2003,762,774.5,761.5,770.75,34797
12/09/2003,774,788.25,772,787,44946
12/10/2003,787.5,789,777,785,35604
12/11/2003,781,782,763,766.75,44270
12/12/2003,765,779.5,764,776.25,38933
12/15/2003,776,779.5,766,773,25286
12/16/2003,771.5,772.5,758,764.25,20037
12/17/2003,770.5,776,767,773.25,43047
12/18/2003,770.5,772,758.5,764,34214
12/19/2003,774,778,766,770,35177
12/22/2003,760,765,757.5,758.75,36070
12/23/2003,745,756.75,745,747,31667
12/24/2003,733,767,733,765,34591
12/26/2003,768,801,766,800,38149
12/29/2003,797,802.25,789,792,52091
12/30/2003,781.5,791.5,776,784.75,51395
12/31/2003,782,796,782,794,40263
01/02/2004,794,807.5,794,798.25,23914
01/05/2004,803,806,790,800.5,35021
01/06/2004,802.5,805.5,795.25,800.5,40022
01/07/2004,790,797,785.5,793.75,0
01/08/2004,788.5,798,787,797.5,0
01/09/2004,799,801,791.5,793,0
01/12/2004,824,828,817,822.75,37230
01/13/2004,824,849,822.5,839,62792
01/14/2004,827,848,827,841.5,76776
01/15/2004,834,841.5,830.5,835,63902
01/16/2004,828,838.5,825,835.75,47203
01/20/2004,836,840.5,827.5,828.25,38615
01/21/2004,822,845,821,842,35122
01/22/2004,841,845.5,837,840.5,52311
01/23/2004,837.5,855,833.5,839.25,36487
01/26/2004,845,853.5,843.5,847.5,65825
01/27/2004,841.5,845.75,833,835.5,38897
01/28/2004,825,828,803,804.75,40065
01/29/2004,812.5,815,801,809,60690
01/30/2004,807,821,805.5,819.5,60690
02/02/2004,806,808,790.5,793,39519
02/03/2004,793,805.5,791.5,802,50939
02/04/2004,803,813,802,805.75,36641
02/05/2004,805,833.5,805,832.25,37966
02/06/2004,839.5,844.5,835,840,48179
02/09/2004,825,850.5,825,847.5,43768
02/10/2004,846.5,860.5,827,834.75,53298
02/11/2004,835,845.5,834,838,64954
02/12/2004,832,838,810,822,42406
02/13/2004,819,830,815.5,829,31331
02/17/2004,840,853,840,851,18565
02/18/2004,859,860,846,854.5,19631
02/19/2004,851.5,880,848,876.5,57868
02/20/2004,876.5,892,876,883.5,60079
02/23/2004,891.5,912.5,891.5,907,75707
02/24/2004,907,927,898,926,64655
02/25/2004,924.75,945.5,911,928,68982
02/26/2004,928.25,932,912,925,60351
02/27/2004,922,941,914,937.5,60234
03/01/2004,943.25,958,938,957.5,55533
03/02/2004,957,976,926,928.5,86608
03/03/2004,924,946,923.5,943,64143
03/04/2004,945,954.25,926,936.5,60891
03/05/2004,936.25,941.5,925.5,937.75,41244
03/08/2004,940,943.75,908,917,51255
03/09/2004,917,948,915,947,47799
03/10/2004,947,958,922,923.5,59799
03/11/2004,923,951.5,922,944,49341
03/12/2004,949.25,959.5,944,955.75,43940
03/15/2004,953,981,953,978.25,40767
03/16/2004,980,996.75,975.5,989,48681
03/17/2004,990,999,975.5,994,43695
03/18/2004,996.5,1020,995.75,1018,48751
03/19/2004,1020,1034,1013,1024,52496
03/22/2004,1036,1062,1036,1055.75,48889
03/23/2004,1055.75,1055.75,1042.5,1052,39219
03/24/2004,1052,1063.75,1015,1023.5,58841
03/25/2004,1024.5,1039,1016,1028.5,47775
03/26/2004,1031.5,1038,1010,1013,37669
03/29/2004,1013,1023,1001,1013,30401
03/30/2004,1013.75,1024,1012,1016.25,28434
03/31/2004,1016,1017.5,981,995,61054
04/01/2004,1000,1034,999.25,1029.5,48038
04/02/2004,1035.5,1046,1025.5,1045.5,49412
04/05/2004,1047,1064,1022,1024.5,57373
04/06/2004,1022,1025.25,1002.5,1009,48720
04/07/2004,1014,1028,1014,1016,35366
04/08/2004,1020,1030,986,988,59719
04/12/2004,990,993,965,967,51577
04/13/2004,965.25,977.5,962.5,971.5,26715
04/14/2004,974,1016,964,1013,25129
04/15/2004,1016,1030,963,963,25489
04/16/2004,956.25,977.75,950.5,965,21352
04/19/2004,970.25,977,959,969,14065
04/20/2004,965.25,968,947,949,50113
04/21/2004,948.5,948.5,921,933.5,67127
04/22/2004,935.75,947.5,930.75,940,105764
04/23/2004,945.25,963,935,961,50543
04/26/2004,962.25,963,948,958,43693
04/27/2004,958,1000,956,994.5,64377
04/28/2004,994,998.25,971,980,63098
04/29/2004,981.25,1010,979,1000,59219
04/30/2004,1002,1026,998,1013,119120
05/03/2004,1016.25,1031.5,1006,1021,90652
05/04/2004,1018.5,1031,1011.5,1021.5,89672
05/05/2004,1020.75,1026,1012.5,1020,77668
05/06/2004,1018,1019.5,999,1000.5,94990
05/07/2004,999.25,1035,988,1031.5,123056
05/10/2004,1029,1030.5,1002,1012.5,109558
05/11/2004,1014,1025,1012,1022.25,62644
05/12/2004,1023.75,1036.5,972.25,972.25,181776
05/13/2004,973.5,985,961,982.5,114110
05/14/2004,982,986,932.5,932.5,125002
05/17/2004,924.5,925,882.5,905.5,130120
05/18/2004,905.5,915.75,871,874,134510
05/19/2004,873,913,871,907.5,122816
05/20/2004,913,913,863,869,110390
05/21/2004,866.75,880,848,872.5,89138
05/24/2004,882.5,883,856,866,73856
05/25/2004,863.75,896,863.75,882.25,85096
05/26/2004,885,894,865,872,88294
05/27/2004,870.5,871.5,822,822,105126
05/28/2004,817.5,830,812,814,105546
06/01/2004,828,864,828,864,48126
06/02/2004,869,876,845,849.5,88860
06/03/2004,843.75,844.25,801,806,95552
06/04/2004,807.75,844.5,800.75,838.5,83304
06/07/2004,826.75,859.5,816,849,101266
06/08/2004,846,866,842.75,852,88858
06/09/2004,851.25,863,848,852,67664
06/10/2004,852.5,857,839,847,0
06/11/2004,847,847.75,841,847,1594
06/14/2004,851.75,896,849,872.5,94524
06/15/2004,873,892,868,884,79244
06/16/2004,882,884.5,851,869.5,87792
06/17/2004,802,817,788,794.5,22064
06/18/2004,795,804,785.5,799,17164
06/21/2004,798.75,823,791.5,817.5,26536
06/22/2004,818.25,825.5,813.5,815.5,24370
06/23/2004,815.75,846,811,843.5,32210
06/24/2004,844,870,841,848,36144
06/25/2004,845.25,853,842.5,846.75,24522
06/28/2004,845.5,845.5,796.75,807.5,38866
06/29/2004,808.5,815,804,805.5,41094
06/30/2004,805.5,806.5,760.5,782.5,53094
07/01/2004,785.25,809,784.75,803.75,39136
07/02/2004,802.5,817,801.5,809.25,43602
07/06/2004,804.5,829.5,802,819.5,42570
07/07/2004,820.25,869.5,818,821.5,72034
07/08/2004,820.5,822,794,813,47432
07/09/2004,815,829,807,814,31642
07/12/2004,813,816.75,783,786,43154
07/13/2004,783,783,762,767.5,35434
07/14/2004,769,785,756,780.75,41524
07/15/2004,781,782,750,751,34104
07/16/2004,742.5,745,705,707.5,69348
07/19/2004,705.25,721.5,699.5,707.5,37130
07/20/2004,656,665,644,660,11914
07/21/2004,660,664,624.5,626.75,10494
07/22/2004,626.5,632,598,600.5,15804
07/23/2004,601.25,623,599,621.25,8840
07/26/2004,610,611.5,593,610.75,10750
07/27/2004,610.5,621,598,609,12110
07/28/2004,604,608.75,580,582.5,10848
07/29/2004,586.5,600,584,590,14732
07/30/2004,589,593.25,574,574.5,13442
08/02/2004,575.5,580,562,569.5,9422
08/03/2004,569.5,573.5,562,572.75,13754
08/04/2004,573,580,565,565.5,14432
08/05/2004,565.5,583,565,581.5,8972
08/06/2004,580,583,566,569.25,9274
08/09/2004,569.5,582.5,569.5,578.25,9326
08/10/2004,572,574.5,567.5,571.5,6908
08/11/2004,573.25,574,559.5,561.5,14349
08/12/2004,561,598,557,590,13120
08/13/2004,592,593.5,581,586.25,6156
08/16/2004,581.25,581.25,565,575.5,7208
08/17/2004,580.25,597,579.75,591.75,9704
08/18/2004,581.25,594.5,579,590.75,71236
08/19/2004,590.5,592.5,578,589.5,78448
08/20/2004,588,589.75,579.5,585,47678
08/23/2004,581.75,614.75,577.75,611,101220
08/24/2004,608,611.5,603,606.25,75996
08/25/2004,604,626,602.5,612.5,119044
08/26/2004,611.75,616,604.5,606.5,64222
08/27/2004,605.75,611,589.5,595.75,92860
08/30/2004,596,629.5,596,620.5,112574
08/31/2004,626,629,612,627.25,79160
09/01/2004,624,652,622,637.25,113042
09/02/2004,638.5,640,622.5,628.75,71006
09/03/2004,626,626,608,612.25,118377
09/07/2004,600,600.25,579,583.5,90508
09/08/2004,585.5,590,577.5,583.5,69642
09/09/2004,583,587.5,579.5,582,59336
09/10/2004,581,587,557,572,105552
09/13/2004,564.5,572.25,562.5,571,83584
09/14/2004,568,575,565,565.5,56396
09/15/2004,565,572,563.5,566.5,53900
09/16/2004,566,575,556,557.25,74954
09/17/2004,556.5,562,552.25,553,62330
09/20/2004,552.25,552.25,542.5,543.75,78754
09/21/2004,542.75,546.5,541.5,542.25,53694
09/22/2004,542.25,545,535.75,538.25,60844
09/23/2004,538.5,543,534.25,537.75,63882
09/24/2004,537.5,537.75,523,523.5,82826
09/27/2004,522.5,534,521.5,531,85794
09/28/2004,530,534,527.5,531.5,63548
09/29/2004,532,539.5,531.25,533.5,68582
09/30/2004,532.5,532.75,525,527,67424
10/01/2004,527.75,539.5,527,534.5,86850
10/04/2004,532.5,534,522,525.25,80088
10/05/2004,526,530.5,519,524,97740
10/06/2004,524,533.5,520.25,526.25,71934
10/07/2004,525.25,532,524,525.75,78914
10/08/2004,525.5,533,524,528.5,82518
10/11/2004,527,540.5,525.75,539,81676
10/12/2004,538.75,539,506,513,162434
10/13/2004,513.5,514.25,507,509.5,86242
10/14/2004,509.5,516.5,508.75,515.5,75178
10/15/2004,514.25,518,513,514,64736
10/18/2004,512.75,517.5,507.75,514.75,65600
10/19/2004,520.5,533.5,518.75,532.25,46166
10/20/2004,531,536.5,528.5,534.75,48856
10/21/2004,534.75,539.5,529.75,531,40608
10/22/2004,530,535.5,528,532,40134
10/25/2004,531,548,531,545.25,63634
10/26/2004,544,546.75,539,544,45586
10/27/2004,542.75,545,532.25,533.75,88884
10/28/2004,533.25,538,531,535.5,88410
10/29/2004,536,537,528,533.5,73580
11/01/2004,531.25,531.5,518.5,521.5,101574
11/02/2004,521.25,526,520.5,525.5,67118
11/03/2004,524,532,516,518.5,97512
11/04/2004,517.5,518.75,505.5,506.25,90886
11/05/2004,506.75,511,503,505.25,73456
11/08/2004,503.75,511,502.5,505.5,74838
11/09/2004,505,512,504.5,510.5,67860
11/10/2004,514,541,511,525,153210
11/11/2004,524.5,528,518,519.75,70604
11/12/2004,518.5,529,512,525,101716
11/15/2004,524,540,523.75,535.75,88962
11/16/2004,535.25,542,531.25,540.5,90892
11/17/2004,541.5,555,541.5,553,136802
11/18/2004,550.75,557,548.5,555,84174
11/19/2004,554,557,545,550.5,79306
11/22/2004,550.5,557,547.5,554.5,57536
11/23/2004,555.25,562,553.5,561.25,77732
11/24/2004,558.25,561.25,553.5,554,95694
11/26/2004,554,558,546.5,548.5,53072
11/29/2004,548,548.5,535,539.5,90426
11/30/2004,537.75,540.5,532.5,534.75,81394
12/01/2004,534.75,538.5,527,528,84592
12/02/2004,527.25,529.5,520.25,520.75,83828
12/03/2004,520.25,527,519.75,525.75,82484
12/06/2004,526,533.75,526,529.75,35390
12/07/2004,529.75,531.5,521.5,522,46258
12/08/2004,520.5,532.5,517.5,529.25,54255
12/09/2004,529,530,524,526.5,37812
12/10/2004,527,539,527,533,49863
12/13/2004,534,552,534,546.75,63368
12/14/2004,546,551,542,550.25,32224
12/15/2004,549.75,552,545,546,24938
12/16/2004,546,551.5,544,544.5,23070
12/17/2004,541.75,545,534.5,544,92780
12/20/2004,545,561,544.5,548.5,110780
12/21/2004,546.75,551,545.5,546.75,51108
12/22/2004,544.5,547,541.5,545,48916
12/23/2004,544.75,550.5,544,548.25,22024
12/27/2004,548.5,555,546,554,59934
12/28/2004,553,553.25,545.5,546.75,60650
12/29/2004,546.5,552.5,543.5,544.5,65682
12/30/2004,544,549,536.5,547.25,38215
01/03/2005,544,544,535,535.5,80188
01/04/2005,535,535.25,524.5,525,136402
01/05/2005,525.25,531.5,524.75,527,88296
01/06/2005,527.5,533.5,526,532.5,87376
01/07/2005,532,544,532,542.25,129182
01/10/2005,538.75,550,536,548.5,100380
01/11/2005,548,551,540.25,543.25,90852
01/12/2005,542,542,533,533.75,106250
01/13/2005,534,538.5,526.75,536.5,108000
01/14/2005,535.5,535.75,512,519.5,188697
01/18/2005,518,519,512.5,513.5,105308
01/19/2005,513.75,521.5,513.75,517.75,91508
01/20/2005,517.5,525.5,515.5,523.25,94034
01/21/2005,523,524.5,515.5,516.75,138270
01/24/2005,518.5,525,518.5,520,71846
01/25/2005,519.5,528,515.5,526,91866
01/26/2005,526,529.5,522.5,523,57054
01/27/2005,522,522.5,515.5,515.75,65790
01/28/2005,515.25,517.5,512.5,514,29460
01/31/2005,510,518.5,509,514.75,40008
02/01/2005,515.25,518.25,506,507,48226
02/02/2005,507,509,505,505.25,31050
02/03/2005,505.25,508,501.5,502,36349
02/04/2005,502,503.25,498.5,499.5,32376
02/07/2005,499,507.25,498.5,501.25,39167
02/08/2005,501.75,505.75,500.5,503.5,36024
02/09/2005,503,512,503,510.75,51468
02/10/2005,510,519.5,509.5,516,53239
02/11/2005,515,528.5,514.25,525.75,73493
02/14/2005,526,537,526,535.75,77919
02/15/2005,535,538,532.5,535.25,35323
02/16/2005,533.5,535.5,529.25,535,25431
02/17/2005,534.75,553,533,553,1288
02/18/2005,550.5,556.5,550.5,555.75,2758
02/21/2005,550.5,556.5,550.5,555.75,0
02/22/2005,562,583,561.75,583,4972
02/23/2005,578.75,582.5,575,582.5,1876
02/24/2005,577,583.5,574,574,2082
02/25/2005,570.25,604.5,570.25,604.5,2833
02/28/2005,605.5,623.5,605.25,622,5501
03/01/2005,613,619,612,613.25,2056
03/02/2005,613,628,613,627.25,3192
03/03/2005,624.75,627.25,620.5,627.25,1607
03/04/2005,627,634.5,620.5,629.75,3249
03/07/2005,634,638.25,616,616,2702
03/08/2005,614.25,625.5,610.5,625.5,1586
03/09/2005,626.5,630.5,626.5,629.5,1168
03/10/2005,628.25,639.25,627.75,639.25,1446
03/11/2005,639,662.5,638,662.5,1960
03/14/2005,655,659.75,651.75,656,3315
03/15/2005,656,681,656,681,2650
03/16/2005,679.75,691.75,673.5,673.5,3330
03/17/2005,672,678.5,669.25,671.5,2036
03/18/2005,671,679.5,649,649,3826
03/21/2005,647,652.5,626.5,626.5,2945
03/22/2005,627.5,631.75,627.25,627.25,1505
03/23/2005,624,624,617,623.25,3091
03/24/2005,623.25,628.75,617,628.75,2329
03/28/2005,628,631,624,625.75,1316
03/29/2005,623.25,626.75,622.5,624,742
03/30/2005,624,641,623.5,641,771
03/31/2005,641,648,627.5,627.5,2115
04/01/2005,630,632,614,614,2518
04/04/2005,615,618,612.5,615,1290
04/05/2005,613.75,617.5,613,617.5,475
04/06/2005,617.5,623.25,616,623.25,400
04/07/2005,623.5,629,623.5,623.5,1102
04/08/2005,625.75,628,612,612,853
04/11/2005,612,616.75,610,616.75,1033
04/12/2005,618.5,624,617.5,617.5,2332
04/13/2005,616,623.25,613.25,623.25,860
04/14/2005,622.25,624.75,617,617,855
04/15/2005,616,618.5,613.25,616.25,503
04/18/2005,615.25,615.25,609.5,609.5,505
04/19/2005,616.25,639,616,639,744
04/20/2005,639.5,645,638.75,639,2715
04/21/2005,639.25,645.25,634,645.25,1098
04/22/2005,646,647.75,640.5,640.5,631
04/25/2005,645,649.75,642,642,2288
04/26/2005,640,645,640,643.5,2174
04/27/2005,645,646.5,633.75,633.75,834
04/28/2005,636,641.25,625.25,625.25,2545
04/29/2005,625,626.25,624,626.25,953
05/02/2005,622.25,627.25,617.75,627.25,1896
05/03/2005,629.25,632,625.5,625.5,1334
05/04/2005,624.5,628,624,624.5,1060
05/05/2005,626.5,629,625.5,628.75,596
05/06/2005,629,640,627,640,563
05/09/2005,640,645.75,637.75,637.75,1496
05/10/2005,639.25,641.75,634,634,755
05/11/2005,634,635.5,631,633,801
05/12/2005,632.75,634.5,623.5,623.5,647
05/13/2005,623.75,625.25,612.75,612.75,951
05/16/2005,612.75,623.5,612.5,623.5,1855
05/17/2005,624,626,618.75,620.75,1978
05/18/2005,621.25,633.25,617.5,633.25,1236
05/19/2005,633.25,638.25,629.25,629.25,1739
05/20/2005,628.5,634,628.25,632,769
05/23/2005,636,645.25,636,640,2348
05/24/2005,639.5,645.5,638.25,645.5,792
05/25/2005,645.5,666.5,645.5,666.5,1304
05/26/2005,664.25,676,663,676,1586
05/27/2005,675.5,681,667.75,667.75,2633
05/31/2005,681.75,687,679.25,680.25,3423
06/01/2005,676.75,685.25,674,685.25,1286
06/02/2005,684,684.25,668.5,668.5,2003
06/03/2005,666.75,675.25,664.5,675.25,1156
06/06/2005,687.5,694.5,677.75,677.75,3278
06/07/2005,675.75,683.5,673.75,674.75,1532
06/08/2005,671.5,673,667.5,667.5,1330
06/09/2005,659.75,673.25,657.5,673.25,3591
06/10/2005,673,680,666.25,666.25,1365
06/13/2005,674.25,680.5,670.5,680.5,3328
06/14/2005,678,689.75,675,689.75,1553
06/15/2005,690.75,702.5,688.25,702.5,1510
06/16/2005,701.5,710.5,700.75,700.75,1917
06/17/2005,713,732,713,728,15659
06/20/2005,744,757,737,745,13616
06/21/2005,744,751,733,739,11114
06/22/2005,741,762,737,740,10683
06/23/2005,740,747,730,731,14804
06/24/2005,731,749,731,748,15758
06/27/2005,739,740,698,698,14042
06/28/2005,695,699,653,672,22480
06/29/2005,675,687,663,677,26945
06/30/2005,676,684,651,656,28448
07/01/2005,661,677,661,676,25541
07/05/2005,676,726,676,716,25397
07/06/2005,715,721,698,698,18978
07/07/2005,701,709,671,695,21811
07/08/2005,689,689,669,678,21985
07/11/2005,660,696,658,690,16980
07/12/2005,693,703,678,701,16090
07/13/2005,700,720,692,714,15211
07/14/2005,712,740,708,720,18355
07/15/2005,717,730,713,721,12127
07/18/2005,720,725,709,717,11273
07/19/2005,712,720,675,683,21525
07/20/2005,687,690,670,689,3830
07/21/2005,690,692,664,675,6481
07/22/2005,672,682,670,673,4268
07/25/2005,665,677,664,675,8814
07/26/2005,674,702,673,679,8502
07/27/2005,676,685,672,678,6685
07/28/2005,678,695,678,689,11818
07/29/2005,691,694,673,677,11023
08/01/2005,681,684,671,677,13832
08/02/2005,683,699,679,695,14619
08/03/2005,695,700,674,675,11659
08/04/2005,675,680,671,676,7115
08/05/2005,679,684,644,662,13533
08/08/2005,675,677,663,664,6590
08/09/2005,664,664,640,646,10634
08/10/2005,646,649,639,646,9284
08/11/2005,644,649,642,643,5838
08/12/2005,642,655,638,641,8084
08/15/2005,636,639,609,613,12626
08/16/2005,613,620,608,617,9119
08/17/2005,623.5,625.25,618,624.75,1341
08/18/2005,624,626,619.25,620.25,1226
08/19/2005,620,620,607.5,607.5,937
08/22/2005,610,617.25,608.75,617.25,1487
08/23/2005,620,626.25,620,620.5,2141
08/24/2005,619.5,622,612.75,612.75,532
08/25/2005,612.75,614.75,597.75,597.75,1304
08/26/2005,598,602,594.75,602,1674
08/29/2005,597,611.5,596.75,606,3387
08/30/2005,602.75,611,602,611,1101
08/31/2005,611.25,616.75,598.75,598.75,823
09/01/2005,599.75,607,598.75,607,1045
09/02/2005,607,612,599,599,1163
09/06/2005,601,614.25,600.25,614.25,1118
09/07/2005,613.25,613.5,606.25,606.25,886
09/08/2005,605.5,606.25,600.5,600.5,462
09/09/2005,600.5,603.75,590,590,515
09/12/2005,592.5,593,585,585,1281
09/13/2005,584.25,586,582,586,694
09/14/2005,585,585.75,580.25,580.25,468
09/15/2005,579.25,579.5,568.75,568.75,1054
09/16/2005,567.5,573.25,566.25,571.25,1501
09/19/2005,570,576,568.25,576,997
09/20/2005,577.25,578.5,572,572,372
09/21/2005,572,577.75,570.75,577.75,883
09/22/2005,578,580.5,574.5,580.5,524
09/23/2005,580.5,583.5,574,574,802
09/26/2005,573,575.25,567.5,567.5,739
09/27/2005,567,567.25,557.5,557.5,544
09/28/2005,556.5,562.75,556.5,562.75,800
09/29/2005,562.25,563.5,560.5,560.5,308
09/30/2005,560,573.25,560,573.25,524
10/03/2005,572.75,581,572,581,955
10/04/2005,577,577,562.5,562.5,2119
10/05/2005,562,565.25,562,563.5,501
10/06/2005,563.25,566.25,563.25,564.25,444
10/07/2005,564,566,562.25,564.25,533
10/10/2005,563.5,564,555.5,555.5,976
10/11/2005,554.75,563.5,554,563.5,1161
10/12/2005,562.5,589,560,589,1617
10/13/2005,587,589,585.25,588.25,2079
10/14/2005,588.5,595,588,589.5,1853
10/17/2005,588,592,586.25,591.25,1137
10/18/2005,591,597,584.5,584.5,2047
10/19/2005,596,601.75,595.75,601.75,453
10/20/2005,601.25,602.75,596,598,391
10/21/2005,597.75,598,584.5,584.5,1445
10/24/2005,583.25,587.5,580.5,587.5,685
10/25/2005,587.25,590.25,584,590.25,676
10/26/2005,589.75,590.25,583.5,583.5,531
10/27/2005,582.5,585,582,583.5,732
10/28/2005,583.5,584,577.5,577.5,639
10/31/2005,576.5,577,575,576,1127
11/01/2005,576,586.5,574.5,586.5,1337
11/02/2005,586.5,586.5,581.5,585,1241
11/03/2005,584.5,601.75,584,601.75,865
11/04/2005,601.5,605,592,592,1716
11/07/2005,591.5,592.25,583,583,1075
11/08/2005,583,586,583,585.5,665
11/09/2005,585.5,588.5,582.5,588.5,622
11/10/2005,589,592.25,587.5,587.5,1235
11/11/2005,588,601.5,588,601.5,519
11/14/2005,602,605,595,595,1535
11/15/2005,595.75,598.25,592.25,592.25,722
11/16/2005,592,594.5,576.75,576.75,513
11/17/2005,576,580,576,579.25,926
11/18/2005,578,579.5,569.75,569.75,703
11/21/2005,572,573,570.25,572.25,746
11/22/2005,572.5,575,572.25,572.25,1532
11/23/2005,572,572.25,562,562,451
11/25/2005,561,561.75,554.25,554.25,1020
11/28/2005,555,558.25,544.25,558.25,1770
11/29/2005,559.5,560,552.5,554,1470
11/30/2005,553,558.25,551.25,558,1441
12/01/2005,558,559.75,555.75,559.75,752
12/02/2005,559.75,562.75,557,562.75,751
12/05/2005,563,573.25,562,573.25,606
12/06/2005,572.5,573.5,564,564,851
12/07/2005,562.75,563.5,559,559,562
12/08/2005,559.25,566.75,557,566.75,772
12/09/2005,566.25,570,565.25,568.75,1394
12/12/2005,571,584,570,584,2288
12/13/2005,582.25,597.5,579,597.5,1570
12/14/2005,597,598.5,592.5,592.5,2972
12/15/2005,590.25,591.5,587.25,587.25,1150
12/16/2005,585,596,584.75,592.25,1541
12/19/2005,603,620.5,602.5,620.5,1317
12/20/2005,619.25,620,616.5,616.5,2069
12/21/2005,613.5,619,608.25,619,2517
12/22/2005,618.25,626.5,618.25,625.25,1902
12/23/2005,625,627,623.5,625,889
12/27/2005,628,632,618.25,623.75,2706
12/28/2005,623.25,625.5,619.25,622.25,1169
12/29/2005,621.25,621.5,608.75,608.75,1074
12/30/2005,607.5,613.5,606.5,613.5,1319
01/03/2006,618,628.5,617,628.5,3059
01/04/2006,626.5,632.25,625.5,632.25,3008
01/05/2006,630.5,632.75,618.5,618.5,1970
01/06/2006,617.25,623.5,611,611,2192
01/09/2006,604,606.5,594,594,5294
01/10/2006,595,598.5,589,589,2455
01/11/2006,588.5,591.5,584.5,584.5,2163
01/12/2006,582.75,585.5,572,572,1437
01/13/2006,573.25,576.5,573.25,576.5,1246
01/17/2006,572,579.25,571.25,571.25,2654
01/18/2006,570.5,572,565.5,565.75,2203
01/19/2006,566,568.75,565,565,1067
01/20/2006,565,568.25,564.5,568,1012
01/23/2006,573.75,576.25,568.5,574.5,3512
01/24/2006,574,575.25,571.25,571.25,880
01/25/2006,569.75,574.5,567,567,2095
01/26/2006,566.5,573,566.25,573,4055
01/27/2006,575,589.25,574,589.25,4005
01/30/2006,593.5,606.25,593.25,598.75,5643
01/31/2006,598,598.75,593.5,594.25,2467
02/01/2006,593,594.5,579.5,579.5,3062
02/02/2006,578.75,584,577.75,584,1091
02/03/2006,584,594.75,584,594.75,2663
02/06/2006,594.25,604.5,587,587,4447
02/07/2006,587.5,591.5,574,574,1283
02/08/2006,574.25,578,571,578,3368
02/09/2006,580.5,587.75,577.5,587.75,1691
02/10/2006,589.25,591.25,580.25,582.25,3699
02/13/2006,584,587.5,578.25,584.25,4865
02/14/2006,585.5,586,582.5,583.25,1197
02/15/2006,583,587,580.5,587,760
02/16/2006,585.5,591.5,583,591.5,1028
02/17/2006,603.75,614.5,602.5,614.5,1193
02/21/2006,614,614,601,601,4027
02/22/2006,600.5,602.25,586.5,586.5,1493
02/23/2006,586.5,589.25,584.75,584.75,2434
02/24/2006,585.25,592.75,585,590.25,2799
02/27/2006,589.75,593.25,585.5,593,2729
02/28/2006,593.5,594,589,594,2055
03/01/2006,592.75,594.5,590.5,591,1324
03/02/2006,590.5,604,587,604,1539
03/03/2006,604,606,601.5,606,1862
03/06/2006,601.75,603.25,593,600.5,2728
03/07/2006,601,602.75,590,590,2128
03/08/2006,589.75,592,584,584,1635
03/09/2006,584.75,588,583.25,587.75,1447
03/10/2006,587.25,589.25,583.5,589.25,1092
03/13/2006,585,587.75,582.5,584.5,1760
03/14/2006,584.5,587.75,581,587.75,1489
03/15/2006,587,588.75,584.25,584.25,666
03/16/2006,583.25,585.5,576.25,576.25,858
03/17/2006,576,579,575.5,576.5,757
03/20/2006,576.5,581,572.5,572.5,2097
03/21/2006,573,575.25,573,575.25,776
03/22/2006,575,579.25,574,577,1336
03/23/2006,576.75,576.75,573,574.75,1032
03/24/2006,575,577.5,573.75,573.75,323
03/27/2006,573.75,579.5,572.5,579.5,4458
03/28/2006,578.75,581.5,578,581.5,667
03/29/2006,581.5,583.75,580.75,582.5,882
03/30/2006,581.5,587.75,581,587.75,607
03/31/2006,586.5,588,571.5,571.5,988
04/03/2006,570.5,574,565,565,2192
04/04/2006,564.5,565,558.75,558.75,895
04/05/2006,558.5,561.5,556.75,561.5,1039
04/06/2006,561,565.75,561,564,1293
04/07/2006,562.5,563,557.75,557.75,1456
04/10/2006,557,557.75,555.25,555.25,2905
04/11/2006,554.5,562.5,553.25,562.5,1681
04/12/2006,562.5,563.25,560.25,560.5,817
04/13/2006,560.5,563,559.25,563,697
04/17/2006,562,571.5,561.75,571.5,1313
04/18/2006,570,575.5,568.5,575.5,374
04/19/2006,574.75,575.5,573,574,776
04/20/2006,587.25,590,585.25,585.25,1158
04/21/2006,583.5,584,580.5,583.25,1264
04/24/2006,585,590.25,584,588.25,3418
04/25/2006,587.75,593.25,586.5,593.25,2005
04/26/2006,592.5,593,590,590,1467
04/27/2006,589,590.5,586,590.5,2459
04/28/2006,589.75,601,589,601,3260
05/01/2006,590.5,606.75,581,606.75,3403
05/02/2006,605.5,609.75,603,603,2516
05/03/2006,602.5,608,602.25,605.5,1262
05/04/2006,605,605.75,602.5,603.75,1322
05/05/2006,605,608.75,604.5,606.5,1142
05/08/2006,605,611.5,599.5,599.5,3245
05/09/2006,601.5,607.75,600.5,604.5,2353
05/10/2006,606,612,604.75,606,2966
05/11/2006,605.5,613,602,613,3194
05/12/2006,612.5,616.5,612,613,2968
05/15/2006,615,617,604.5,604.5,2768
05/16/2006,603.75,604.25,595,602.75,2761
05/17/2006,603.25,607,602.5,604,1419
05/18/2006,604,604.25,598,598,1503
05/19/2006,597.75,598.25,587,587,1306
05/22/2006,590.5,591,581,582.5,3403
05/23/2006,583.5,587,582.25,586.75,2104
05/24/2006,585.25,589,582.5,582.5,1753
05/25/2006,582,584.25,580.25,584.25,1298
05/26/2006,584.25,586.75,582.5,582.5,1266
05/30/2006,582,587.25,578.75,583.5,4063
05/31/2006,583,584.75,579.5,579.5,2298
06/01/2006,580.25,586.75,574.75,586.75,3837
06/02/2006,586,609,583,609,1744
06/05/2006,603.5,607.25,602.5,603.25,4098
06/06/2006,603,605,593.5,593.5,4978
06/07/2006,595.25,597,593.25,597,1059
06/08/2006,596,597,587.75,587.75,1393
06/09/2006,587,590.5,585.75,585.75,1680
06/12/2006,596.75,600,592,600,4555
06/13/2006,600.5,600.75,593.5,595.75,2505
06/14/2006,597.25,599,589.5,589.5,1498
06/15/2006,590,594,590,592.5,846
06/16/2006,594.5,600.25,594.5,600.25,1130
06/19/2006,603.25,603.25,592,592,155
06/20/2006,591.25,593.25,590,592.25,405
06/21/2006,592,594,591.25,593.25,169
06/22/2006,594,596,589.5,589.5,74
06/23/2006,589.5,590,586.5,586.5,86
06/26/2006,587,587,575.5,575.5,117
06/27/2006,575.5,585,575.5,585,108
06/28/2006,584.75,586.75,581.25,585.75,244
06/29/2006,584.5,589,584.5,589,232
06/30/2006,589.25,600.5,589.25,600.5,483
07/03/2006,609,611,606.5,608.5,1256
07/04/2006,609,611,606.5,609.5,1256
07/05/2006,613,615,600.5,600.5,1077
07/06/2006,600,613.5,599.75,613.5,823
07/07/2006,613.5,614.75,600.25,606.25,1463
07/10/2006,612,616.5,607.5,608.25,640
07/11/2006,610.5,619,608.75,610,790
07/12/2006,609,614,607,607,570
07/13/2006,604.75,605,599,600.25,401
07/14/2006,597.75,603,595.5,603,548
07/17/2006,598.75,600,590,590,202
07/18/2006,590.75,593,589,589,307
07/19/2006,589,590,583,585.75,725
07/20/2006,593,596.25,591,591.75,181
07/21/2006,590.25,592.75,584.5,584.5,105
07/24/2006,584,590.75,582,590.75,143
07/25/2006,590,596.75,590,593.25,331
07/26/2006,593.75,596.25,589.75,589.75,616
07/27/2006,589,590,580.75,580.75,417
07/28/2006,580.75,585,580.75,584,523
07/31/2006,586,591.25,585.5,585.5,666
08/01/2006,584.75,586.25,578.75,579.25,1163
08/02/2006,580.25,593.25,580.25,587.25,1528
08/03/2006,586,586,580,581.5,1217
08/04/2006,582.5,587.75,579.5,582,390
08/07/2006,577.25,577.25,566.5,567.25,1177
08/08/2006,567.5,568.5,560.5,562.5,2143
08/09/2006,562.5,567.5,562.5,566.5,1416
08/10/2006,566.25,567.5,561.25,561.25,747
08/11/2006,560.75,563,552,555.25,1056
08/14/2006,550,556.25,549.5,556.25,1456
08/15/2006,556.25,558,553.75,556.5,963
08/16/2006,555,560.25,551.25,552.25,718
08/17/2006,565,567,561,564.5,7553
08/18/2006,564,565.75,559.5,560.5,7961
08/21/2006,559.25,562.5,558.5,561.25,8167
08/22/2006,561,563.25,560,562.25,10278
08/23/2006,563,569,562,566.5,13728
08/24/2006,566,569.5,561.75,565,13947
08/25/2006,564,565,554.5,557,15601
08/28/2006,555,557,551.25,552,12193
08/29/2006,552,555,550.5,551,11990
08/30/2006,550.75,556.75,549.25,555.75,15294
08/31/2006,555,558,551,555.75,15302
09/01/2006,555.5,557,551.25,551.5,10297
09/05/2006,550.5,564,546,554.25,23684
09/06/2006,554,558.5,546.25,546.75,16645
09/07/2006,546.5,553,543.25,550,17644
09/08/2006,549.75,555.75,548,548,14926
09/11/2006,549,549.5,542,544.5,12955
09/12/2006,543.75,549.5,537.5,538.5,17939
09/13/2006,538.5,544.5,536.75,540.5,13299
09/14/2006,540.5,547.5,540.5,545.25,14978
09/15/2006,544.5,558,542.75,549.75,21298
09/18/2006,555.5,557.75,551.25,553,16588
09/19/2006,552.5,555,543.5,544.25,17941
09/20/2006,543.75,551.75,542.5,549.25,21133
09/21/2006,549.75,561.75,549,558,19825
09/22/2006,557,558.25,548.5,549.25,18394
09/25/2006,549,549.25,539.5,545,26136
09/26/2006,544.5,550.5,544.25,546.75,18594
09/27/2006,546.25,548.75,542.25,542.5,15443
09/28/2006,542.75,554,542,552.75,25532
09/29/2006,552,555,545.5,547.5,25043
10/02/2006,547.25,554.75,544.75,545.25,19449
10/03/2006,545,545,540.5,542.5,10941
10/04/2006,542.5,562.75,541,555.25,29368
10/05/2006,556,567.25,554,565.5,37679
10/06/2006,564.75,570.25,562.5,564,27519
10/09/2006,563,575.75,560.5,574.5,27550
10/10/2006,572,574.5,560,560.5,33391
10/11/2006,559.75,569.25,558.75,562.25,25659
10/12/2006,561,590,559,579.75,41657
10/13/2006,578.75,594.75,578.25,591.5,29248
10/16/2006,589,593.25,585.5,589,23713
10/17/2006,588.25,603.25,587.5,600.5,31911
10/18/2006,612,619.25,608.25,618,8279
10/19/2006,617.5,627,616,622.5,12266
10/20/2006,621.25,627,617.75,620.25,7177
10/23/2006,618.5,631.25,615,630.5,25748
10/24/2006,629.25,638.75,627.5,637,30663
10/25/2006,637,654.5,633.75,635.5,39200
10/26/2006,635,646.5,626,641.75,34683
10/27/2006,640.25,653.5,639.75,649,26878
10/30/2006,647.25,657,646.25,653.25,32413
10/31/2006,653,655,643.5,644.25,28229
11/01/2006,643.75,659.5,641.5,658.25,39102
11/02/2006,658.25,682.5,658,661.25,44511
11/03/2006,661,670,655.5,662.75,30679
11/06/2006,660.25,667.5,656,662.75,20754
11/07/2006,662.75,671,658.25,667.25,23698
11/08/2006,667.5,683.25,667.5,678,32386
11/09/2006,677,682,668.75,669.5,32767
11/10/2006,669,672.5,660,662.5,27117
11/13/2006,661,671.5,655.75,657.5,25509
11/14/2006,657,674.25,656.5,671.25,31338
11/15/2006,671.25,677.75,662,663.75,30446
11/16/2006,663,670.75,651,656.5,34013
11/17/2006,657.5,661,652.25,660.5,25971
11/20/2006,663,677,662.25,667.5,32607
11/21/2006,667.75,673.75,666.5,673,15768
11/22/2006,674.75,679.5,668.25,674,21301
11/24/2006,672.75,687.25,670.25,684.25,13660
11/27/2006,684.25,695.75,683.75,688,30651
11/28/2006,688.25,689.75,681.75,686.25,21655
11/29/2006,686.5,691,676,682.25,23359
11/30/2006,684,688.75,677.75,685.5,32327
12/01/2006,686,687.5,675.5,677,29382
12/04/2006,673,675,659,659.25,32098
12/05/2006,657.5,665.5,655.25,664.25,25445
12/06/2006,663.75,664.75,652.75,654.25,28933
12/07/2006,654.25,663,652.5,662,28151
12/08/2006,663,665.5,655.25,656,36565
12/11/2006,656,669,652.5,666.75,38668
12/12/2006,667.25,670,661.25,663,31165
12/13/2006,662,663.75,653.25,661,31137
12/14/2006,660.75,668.5,659,662.75,18708
12/15/2006,661,662.5,654,657.5,13383
12/18/2006,657.5,658.75,642.75,648,15998
12/19/2006,662.75,669.25,661.5,668.75,25088
12/20/2006,668.5,671,661,663.5,21007
12/21/2006,664.25,670.5,664,665.75,21973
12/22/2006,664.5,674.75,664.5,674.25,15220
12/26/2006,678,690.5,677.5,686.5,20636
12/27/2006,686,689.75,682.25,685.25,16914
12/28/2006,685,694.75,683.25,690.5,21583
12/29/2006,689.5,698.75,686.75,697.25,16473
01/02/2007,695.75,697,693.5,697,2914
01/03/2007,695,696.5,681.25,682,30440
01/04/2007,681,687.75,672.5,675.5,37173
01/05/2007,675.5,682,670.5,681.5,26339
01/08/2007,682.75,684,674.5,677.25,21700
01/09/2007,674.5,675,661.75,664.5,32681
01/10/2007,663.75,669.75,657.5,664.75,33579
01/11/2007,665.75,677.75,665.75,674.25,29547
01/12/2007,672.25,723.5,670.75,716.5,48121
01/16/2007,716,721,705.5,708.5,55514
01/17/2007,708.5,726.75,707.5,722,53747
01/18/2007,723,732,713.5,716.25,44581
01/19/2007,717.25,723.75,712.5,717.75,34671
01/22/2007,713.5,723.75,708,717.25,32373
01/23/2007,717.5,727.5,716.5,727.25,29654
01/24/2007,727.5,728.75,712.75,715,40223
01/25/2007,717,722,707.25,713.25,33468
01/26/2007,716,716,708.5,710.5,23036
01/29/2007,713,715.5,704.5,709.5,37766
01/30/2007,710,722,706.5,721,40171
01/31/2007,720.5,729,717.25,719.5,34622
02/01/2007,719.5,729.5,717.5,721.5,37748
02/02/2007,720,737.75,718.5,736.75,39858
02/05/2007,737.5,747.5,734.5,740,36444
02/06/2007,739,746.75,737,738.75,50066
02/07/2007,739,748.25,737,741,49853
02/08/2007,741.75,746.75,737.25,743.75,35618
02/09/2007,746.75,757,733.75,749.25,71255
02/12/2007,748.25,752,741,745.25,35433
02/13/2007,744.25,755.75,743.25,755,40291
02/14/2007,755.5,757.5,748.5,750.5,39359
02/15/2007,752.25,759.5,751.25,758.75,53552
02/16/2007,758.75,768.5,754.25,767,39488
02/20/2007,782,788,778.25,787,25808
02/21/2007,787.25,804.75,780.75,798,58341
02/22/2007,796.5,807.75,796.25,800.5,51681
02/23/2007,800,803.25,791.75,794,41659
02/26/2007,795.5,806,792.75,794.5,42155
02/27/2007,792.75,795.75,772.25,778.75,55338
02/28/2007,773.25,788.75,772.5,787.5,41252
03/01/2007,788.75,789,754.75,762,74286
03/02/2007,762,764.25,750,753.5,48464
03/05/2007,750.25,752.25,739,750.5,56410
03/06/2007,749.75,755.75,745,747.75,42190
03/07/2007,746,763,745.25,757.25,52302
03/08/2007,757.75,765.5,755,759,36369
03/09/2007,760.75,762.25,749.75,759.75,40338
03/12/2007,760.5,769,756.75,765,40976
03/13/2007,765,770.75,755.25,755.5,42823
03/14/2007,755.75,756.75,745.75,753.5,40567
03/15/2007,754.25,759,748.75,750.5,27913
03/16/2007,749,758.5,744.75,753.5,50096
03/19/2007,756.25,760.25,749.5,759.5,35309
03/20/2007,759.5,765.25,756.75,764.75,30703
03/21/2007,766.25,772,764.25,766.5,32905
03/22/2007,766,772,763.5,771.75,26780
03/23/2007,771,774.75,769,769.5,31050
03/26/2007,767.5,769,752,758.5,38527
03/27/2007,758,761.75,754.75,757,23125
03/28/2007,757,772.25,756.5,770.75,39565
03/29/2007,770.5,779,767.25,778.25,43339
03/30/2007,776,779,742,761.25,82076
04/02/2007,756.5,786.5,751.25,779,95179
04/03/2007,778.5,782.75,760.75,763.75,46556
04/04/2007,764.25,772.75,760.25,761,44144
04/05/2007,761.75,765.5,758.25,760.5,31989
04/09/2007,765.5,775,748.5,749,60834
04/10/2007,749.25,753,740.25,742.5,58787
04/11/2007,744.25,750,741.5,746.5,45302
04/12/2007,744,746.75,732,738.25,67750
04/13/2007,738,746,732.75,738,51323
04/16/2007,733.25,742.25,730.25,736,24636
04/17/2007,735.5,737.75,722.5,724,23840
04/18/2007,722,724,713.5,715.5,27453
04/19/2007,731,740.75,731,735,40327
04/20/2007,734.25,741.5,731,740.25,30735
04/23/2007,739.75,742,732.5,738,35836
04/24/2007,737.25,738.5,725.25,726.25,42111
04/25/2007,726.25,749.75,724.5,737.75,54875
04/26/2007,737.75,743.25,733,735,38001
04/27/2007,734.75,741.75,733.5,738.5,33556
04/30/2007,735,750.75,732.5,743,45366
05/01/2007,743.5,758.5,738.5,756.25,48936
05/02/2007,756,760.5,747,748.5,34470
05/03/2007,747.5,758.5,744.5,747.75,36952
05/04/2007,748,753.75,744,747.5,28726
05/07/2007,751.5,753.5,738.75,742.5,40415
05/08/2007,739.25,747,734,739.5,32965
05/09/2007,739.5,749.5,739,747.5,29455
05/10/2007,749,750.5,744.5,746.25,20835
05/11/2007,746.25,768.75,745.25,761.75,45285
05/14/2007,761.5,776,759.75,770.5,41963
05/15/2007,766.75,781.5,765.5,778,43297
05/16/2007,777.5,796.5,777.25,792.75,70068
05/17/2007,792.75,796.75,786.5,792.75,39185
05/18/2007,793.25,796.75,790.25,792.5,27230
05/21/2007,790,803,787.5,800.5,42351
05/22/2007,798,802,791.25,793.25,39294
05/23/2007,789.5,803,788,800.5,37824
05/24/2007,801.75,809.25,800.25,805.25,46858
05/25/2007,804,814.25,803.5,812.5,36704
05/29/2007,809,813.75,796.75,797.5,43082
05/30/2007,797,810.75,791.75,808.25,55436
05/31/2007,807.5,815.75,799,806.25,54631
06/01/2007,807.5,819.5,805,817.5,56304
06/04/2007,815.5,823,813.5,815.75,41506
06/05/2007,822,830,816.75,828.25,59086
06/06/2007,828.5,834.5,816,822.25,59070
06/07/2007,822.5,833,818.75,832,54341
06/08/2007,834.25,835.75,806.75,821.5,73083
06/11/2007,838,848.75,822.25,830,62280
06/12/2007,826.25,832.5,822.75,826.5,49004
06/13/2007,826.25,828.75,815,825.75,59294
06/14/2007,824.75,837.75,823.25,827.5,39293
06/15/2007,828.75,848,827,847.25,34521
06/18/2007,857.25,863,845.5,855.25,33494
06/19/2007,862.5,864,834.75,837.5,4421
06/20/2007,836.5,859,836.5,847.75,9694
06/21/2007,855,855,821,826,6972
06/22/2007,827,828,799,804.5,7523
06/25/2007,805,813,802,811.5,12537
06/26/2007,812,819.25,806.5,815.25,12420
06/27/2007,814.75,819,803,811.75,9304
06/28/2007,813,818,809,816.25,9418
06/29/2007,816.25,866.25,814.75,855.75,13396
07/02/2007,858,877.75,856.25,871,11028
07/03/2007,871,873,854.25,855.75,9443
07/05/2007,860,868,855.75,860,6279
07/06/2007,860,872,859,869.25,10014
07/09/2007,870.5,879,861,875.5,8572
07/10/2007,874.5,895.5,868.75,893.5,10602
07/11/2007,892,898.75,891,896,8076
07/12/2007,896,915.25,896,914.5,13261
07/13/2007,913,923,904.5,921.75,4515
07/16/2007,908,908,871.75,871.75,7328
07/17/2007,861.75,874,828.5,833.75,11488
07/18/2007,835,852.5,835,851.25,12160
07/19/2007,860.5,871.25,845,864.75,5972
07/20/2007,866,876.5,853,859.5,3122
07/23/2007,852.75,852.75,818.5,824,6516
07/24/2007,824.75,836.5,821.5,828.75,4240
07/25/2007,828.75,833.25,822.5,822.75,5042
07/26/2007,821.5,838.5,817.5,829.75,4288
07/27/2007,829.5,832.75,820.5,823.75,7642
07/30/2007,824.75,833.25,824,831,10478
07/31/2007,833,846.25,833,841.25,11844
08/01/2007,843.25,850.5,830.5,832.5,11634
08/02/2007,832,844.5,832,838.25,7186
08/03/2007,838.25,850.25,838.25,844.75,5386
08/06/2007,838.25,838.25,824,834.25,7952
08/07/2007,834,848,829,847,6481
08/08/2007,849.25,862.75,846.25,862,4906
08/09/2007,859.25,864,855,862,5751
08/10/2007,859.25,867,843,856,4268
08/13/2007,862.5,872.25,862.5,866,3541
08/14/2007,857.5,866,847.25,851,4519
08/15/2007,848.75,855,835.75,839,2908
08/16/2007,838.25,838.25,789,799.25,11916
08/17/2007,816,829.75,811.5,827.75,57352
08/20/2007,820.75,828.75,818.5,827.25,35728
08/21/2007,828,839.5,828,831,50998
08/22/2007,831,850,831,847,48461
08/23/2007,849,868,846.5,858.25,38617
08/24/2007,857.75,866.25,853.75,865,41639
08/27/2007,858.5,873.75,852.75,872.75,48867
08/28/2007,870.25,878,864.25,872.25,49790
08/29/2007,870,877.75,865.25,874.25,53835
08/30/2007,874.5,893.75,871,885,66326
08/31/2007,884.75,896,881.5,882.5,50488
09/04/2007,885.5,915.5,885.5,907.5,81091
09/05/2007,904.75,916.75,899.75,903,73885
09/06/2007,902,903,888,892.5,51233
09/07/2007,892.75,908.25,887,905.25,52450
09/10/2007,904.25,919,904.25,918,46792
09/11/2007,916.25,921.5,913.75,920.5,44912
09/12/2007,920,959.75,919,938.5,105184
09/13/2007,938,948,933,941.25,49001
09/14/2007,941.25,958.5,938,954.75,62994
09/17/2007,963,974.75,960,968.5,69023
09/18/2007,966,977.75,960.25,969.5,58259
09/19/2007,971.25,977,952.75,971,68679
09/20/2007,969,996.75,967.5,988.5,60826
09/21/2007,990,993,978.25,979,56710
09/24/2007,977.5,987,971,978.75,53599
09/25/2007,975.75,982.75,970,973,47776
09/26/2007,971,992.25,970.5,990.75,56635
09/27/2007,991.5,1017.75,991,1009,74294
09/28/2007,1007.5,1012,985.5,991.25,68533
10/01/2007,991.5,999.25,985.5,991.5,46571
10/02/2007,991.25,994,941.5,943.75,110060
10/03/2007,944.5,957.5,931,951,83925
10/04/2007,951.25,958.5,946,954.25,52308
10/05/2007,954.5,958,937.25,940.5,82416
10/08/2007,937,939.25,922.75,925.5,78555
10/09/2007,923,952.75,922,950.25,81044
10/10/2007,952.5,970,951.5,968.25,74671
10/11/2007,969.5,984.25,963,981.5,72104
10/12/2007,979,993.25,973.25,976.75,89802
10/15/2007,977.25,992.25,972.5,987,58495
10/16/2007,986.5,994,974.25,977.5,44789
10/17/2007,993.5,1006,985.5,993,42921
10/18/2007,992.5,1015,991.5,1010.25,55042
10/19/2007,1007,1012,994,1001.25,39424
10/22/2007,997.25,1002.25,978.75,993.75,66952
10/23/2007,993.75,1005.5,993.75,999.25,14085
10/24/2007,998.5,1004.5,991.5,993.75,48553
10/25/2007,993.75,1014.75,992.75,1012.5,71976
10/26/2007,1012,1025,1010.5,1013.25,61323
10/29/2007,1016,1031.75,1014,1028.75,103535
10/30/2007,1026.75,1028,1007.75,1009.25,103750
10/31/2007,1008.5,1033.5,1004.75,1025.75,104862
11/01/2007,1026.5,1036.25,980.5,1006.5,100474
11/02/2007,1005,1025.5,1004,1016.75,72351
11/05/2007,1014,1025,1008,1021,54370
11/06/2007,1020,1047.5,1019.25,1044.5,83552
11/07/2007,1044,1054,1030.5,1038.5,79941
11/08/2007,1037,1048,1034.5,1041.25,59855
11/09/2007,1040.25,1057.25,1033.5,1056,74482
11/12/2007,1053,1054.75,1034.5,1046.25,65410
11/13/2007,1046,1062.25,1044.25,1056.25,76752
11/14/2007,1056,1080,1055.25,1079.5,81928
11/15/2007,1079.5,1083.25,1070.5,1078.75,78479
11/16/2007,1078.75,1088,1076.25,1077.75,71051
11/19/2007,1079,1090,1069.5,1070.5,68464
11/20/2007,1069,1088.25,1053,1087,74390
11/21/2007,1087.5,1089.5,1078,1084,48798
11/23/2007,1084,1103.25,1082.5,1100.25,59126
11/26/2007,1100.5,1114,1092,1103.75,81074
11/27/2007,1099,1101.5,1082.5,1091,72537
11/28/2007,1093.25,1097.75,1080.5,1096.75,91579
11/29/2007,1097,1107,1094,1098,68573
11/30/2007,1097.25,1097.75,1075.5,1080,79022
12/03/2007,1083.25,1091,1068.5,1078.75,77295
12/04/2007,1082.25,1094.5,1078.25,1091.5,71369
12/05/2007,1090.25,1105.25,1089.25,1099.5,79377
12/06/2007,1097,1103.5,1088.75,1098.75,74643
12/07/2007,1100,1122,1099.5,1119.75,101482
12/10/2007,1117.5,1127.5,1115,1125.75,89927
12/11/2007,1123.25,1137,1122,1135.5,94575
12/12/2007,1131.25,1153.25,1124.5,1151.5,109499
12/13/2007,1151,1161.5,1144.25,1146,118119
12/14/2007,1146,1164.5,1144.5,1157,85782
12/17/2007,1157.5,1173.75,1149,1156.75,76411
12/18/2007,1157,1161.75,1146.25,1149.75,76252
12/19/2007,1168,1179,1167,1177.75,33935
12/20/2007,1177.25,1187,1173,1179.75,49915
12/21/2007,1178.75,1196.75,1177,1196,65438
12/24/2007,1192.75,1203,1188.5,1199.25,23656
12/26/2007,1208.25,1245.75,1208.25,1239.5,70529
12/27/2007,1239,1244,1227.75,1231.5,76969
12/28/2007,1230,1248,1182,1223,81263
12/31/2007,1210.5,1218.75,1197,1214.25,79101
01/02/2008,1221.5,1264,1221,1248.75,96978
01/03/2008,1248.75,1269.25,1245.75,1267.5,85209
01/04/2008,1268.75,1278,1251,1262.5,98531
01/07/2008,1259.75,1264,1246.5,1249.75,82485
01/08/2008,1249.5,1279.75,1249.25,1267,99752
01/09/2008,1267,1277.5,1260.75,1262.5,84595
01/10/2008,1260,1270.5,1252,1260.25,82823
01/11/2008,1260.25,1310.25,1260,1298.75,19603
01/14/2008,1302,1341.5,1295,1296.5,21162
01/15/2008,1293.25,1314.25,1281.25,1301.5,14292
01/16/2008,1296.5,1301.25,1251.75,1277,17981
01/17/2008,1279,1312.25,1262.5,1271,14177
01/18/2008,1265.25,1277,1244,1264,86891
01/22/2008,1240,1255.5,1214,1239.5,241628
01/23/2008,1238,1251.25,1189.5,1189.5,242218
01/24/2008,1198.25,1239,1197,1230.5,195256
01/25/2008,1235.5,1253,1226.25,1243,71930
01/28/2008,1244,1259.5,1228,1253.75,163549
01/29/2008,1256.25,1268,1247,1266.75,162084
01/30/2008,1270.75,1278.5,1258.75,1275.75,155840
01/31/2008,1274.25,1279.5,1262,1274.5,167271
02/01/2008,1275.25,1298.5,1275.25,1287.25,61906
02/04/2008,1289.5,1328,1288.5,1326,211126
02/05/2008,1328.25,1330,1309.5,1323,195804
02/06/2008,1329.25,1373,1316,1318.5,328424
02/07/2008,1315.5,1335,1301,1331.5,263068
02/08/2008,1336.5,1374.5,1329.5,1339,120081
02/11/2008,1345.25,1354.5,1313.5,1326,189623
02/12/2008,1327,1346.5,1306.5,1321,221107
02/13/2008,1319.75,1334,1312,1328.5,182322
02/14/2008,1333.25,1369.5,1329,1368,230573
02/15/2008,1371.25,1387,1357.25,1373.75,166389
02/19/2008,1375,1411,1375,1398.5,182831
02/20/2008,1419,1419.75,1404,1417,159263
02/21/2008,1418,1436.75,1406.75,1424.75,179674
02/22/2008,1427,1440.25,1416,1438.25,164903
02/25/2008,1443,1485.5,1441.5,1469.25,221806
02/26/2008,1470,1493.75,1442.75,1484.25,204052
02/27/2008,1488.75,1493,1459,1475.25,193428
02/28/2008,1473.25,1515.75,1470,1512.5,242760
02/29/2008,1509.5,1539.25,1501,1536.5,177790
03/03/2008,1534,1586.5,1534,1559.5,199456
03/04/2008,1561.25,1584.5,1509.5,1510.75,249532
03/05/2008,1512,1554.75,1479,1508.5,227318
03/06/2008,1514,1535,1458.5,1458.75,209528
03/07/2008,1460.75,1461,1408.75,1408.75,82640
03/10/2008,1370,1412.75,1358.75,1406.5,205792
03/11/2008,1417.5,1440.25,1390,1407.75,185770
03/12/2008,1405,1419.5,1376,1395,155160
03/13/2008,1393.25,1430.75,1387,1402.75,127084
03/14/2008,1403.75,1422.5,1352.75,1352.75,133690
03/17/2008,1352,1374.25,1302.75,1302.75,63836
03/18/2008,1254.5,1319,1252.75,1307,237008
03/19/2008,1308,1315.5,1257,1257,95402
03/20/2008,1229.5,1236,1207,1207,150674
03/24/2008,1210.75,1257,1210.75,1257,139714
03/25/2008,1275.75,1307,1269.5,1307,67160
03/26/2008,1357,1357,1325,1352,199458
03/27/2008,1345.5,1351.75,1325.5,1327.25,128636
03/28/2008,1322.25,1337.5,1258,1267.25,132974
03/31/2008,1280,1300,1197.25,1197.25,96402
04/01/2008,1167,1230,1106.5,1211,304684
04/02/2008,1222.25,1246.75,1187,1243,200082
04/03/2008,1250.25,1263.5,1231.75,1257,148458
04/04/2008,1260.5,1279,1254.5,1277,117362
04/07/2008,1275.75,1295,1245,1255,169148
04/08/2008,1245,1269,1245,1251.5,270516
04/09/2008,1255,1321.5,1254.75,1313,210836
04/10/2008,1317,1380.5,1314,1356,260686
04/11/2008,1354,1361,1327.5,1332.5,176984
04/14/2008,1344.25,1376.25,1319.75,1372.5,179120
04/15/2008,1374.5,1398,1369,1380,138716
04/16/2008,1379.5,1392,1333.5,1344.75,170340
04/17/2008,1362,1383.25,1342.75,1366.5,153562
04/18/2008,1368.75,1386,1330.75,1377,143430
04/21/2008,1377,1380,1307,1330.5,170936
04/22/2008,1332.75,1400,1322,1389.5,206212
04/23/2008,1394.5,1409.5,1373.75,1385.5,203548
04/24/2008,1384.75,1392,1350.75,1361,200210
04/25/2008,1358,1372,1331,1337,141340
04/28/2008,1342.5,1357.75,1279,1297.5,224308
04/29/2008,1304.5,1308.75,1280,1293.5,162536
04/30/2008,1293.75,1350,1281.25,1314,191678
05/01/2008,1318,1326.5,1244,1271,181954
05/02/2008,1271,1312.75,1262,1304.5,138184
05/05/2008,1305.25,1312.5,1281,1286,139382
05/06/2008,1288.25,1334,1272,1277,148340
05/07/2008,1280,1311.5,1275.25,1309,123130
05/08/2008,1312,1321,1297.5,1310,112252
05/09/2008,1312.5,1367.25,1308,1358,135458
05/12/2008,1361,1375.5,1338.25,1342.5,119318
05/13/2008,1349.25,1382.5,1334.75,1379.5,141208
05/14/2008,1380,1388,1366.5,1379.5,109516
05/15/2008,1379,1380,1311,1347.5,170228
05/16/2008,1350.5,1402,1349.5,1378,145434
05/19/2008,1377.25,1377.25,1321.5,1333,131746
05/20/2008,1340.5,1363.5,1323,1331.5,120224
05/21/2008,1329.25,1358,1326,1349,135484
05/22/2008,1350.25,1367.25,1312.5,1324.75,158914
05/23/2008,1324,1372,1322.75,1368,141040
05/27/2008,1384,1390,1340,1347.75,133394
05/28/2008,1345,1385,1336.5,1372.75,155862
05/29/2008,1372.25,1376,1307.75,1322.75,210882
05/30/2008,1316,1365,1308,1363.5,171200
06/02/2008,1357,1384.5,1353,1365.5,142430
06/03/2008,1364.75,1384,1346.5,1359.5,167422
06/04/2008,1362,1400,1348.5,1389,153684
06/05/2008,1392,1456,1390.25,1452,281586
06/06/2008,1452.75,1488,1448,1457.5,222554
06/09/2008,1469.25,1489.5,1446.5,1452,228282
06/10/2008,1453.5,1465.75,1419,1446.5,216072
06/11/2008,1453.5,1516.5,1452.25,1516.5,182602
06/12/2008,1530.75,1546.75,1492.25,1536.5,245572
06/13/2008,1537,1571.75,1520.25,1560,212298
06/16/2008,1577,1593,1523.5,1534,212380
06/17/2008,1532.75,1566.75,1524,1558,150324
06/18/2008,1563,1576.5,1544,1561,41638
06/19/2008,1561,1571,1519,1548,52404
06/20/2008,1547,1569.5,1525,1535,45286
06/23/2008,1525,1528,1493,1517,52584
06/24/2008,1517,1530,1495.25,1504,51030
06/25/2008,1501.75,1541.75,1494,1540,54988
06/26/2008,1542,1580,1535.5,1574.25,68196
06/27/2008,1574,1591.5,1570.5,1579,72026
06/30/2008,1579,1601,1555.5,1598,72486
07/01/2008,1597.75,1626.25,1591.75,1623,79548
07/02/2008,1622,1643.75,1608,1639.5,64862
07/03/2008,1643,1654,1610.75,1649,48224
07/07/2008,1632.5,1639,1579,1579,66874
07/08/2008,1577,1581.5,1505,1549,79886
07/09/2008,1549,1574.75,1549,1572,54742
07/10/2008,1574,1603,1562,1600.5,56892
07/11/2008,1601.25,1635,1583,1615.5,61814
07/14/2008,1610,1610,1570.5,1582,48838
07/15/2008,1578,1604,1537.25,1542,93834
07/16/2008,1540.5,1584.25,1516.5,1573,59450
07/17/2008,1575.25,1585.75,1513.25,1521,78418
07/18/2008,1507.75,1519,1458,1458.5,9302
07/21/2008,1448,1454.75,1403,1405,13191
07/22/2008,1405,1425.75,1385.25,1409.25,15294
07/23/2008,1409.25,1412.75,1363.5,1385.75,8062
07/24/2008,1379,1399.25,1358,1373,10206
07/25/2008,1374,1397.5,1360.75,1388.5,9226
07/28/2008,1388.75,1421.5,1381.25,1396.25,14315
07/29/2008,1397.25,1403.25,1351.75,1386.25,18941
07/30/2008,1395.25,1403,1367,1395.5,20120
07/31/2008,1397,1409.75,1379.5,1394.25,14253
08/01/2008,1393.5,1401,1353.5,1355.5,13343
08/04/2008,1345,1350,1285.5,1285.5,12440
08/05/2008,1275.25,1297,1241.25,1259,14550
08/06/2008,1257,1265.25,1190.25,1213.5,16873
08/07/2008,1218.25,1250,1214,1234.5,14870
08/08/2008,1235.5,1245.5,1169.5,1177,13864
08/11/2008,1184.5,1196.5,1163.75,1189.5,11152
08/12/2008,1195.25,1217.75,1177,1207.5,10590
08/13/2008,1213.75,1277.5,1206.75,1277.5,8259
08/14/2008,1284,1296,1233.5,1265.25,11308
08/15/2008,1265,1267,1195.25,1211.5,7163
08/18/2008,1220,1281.5,1219.75,1279,9698
08/19/2008,1286.5,1341,1258.25,1276,113892
08/20/2008,1280,1317,1275.5,1300,112591
08/21/2008,1304.25,1370,1296.5,1348,94530
08/22/2008,1348,1348,1314,1327,80386
08/25/2008,1350,1374.5,1338.5,1347,85371
08/26/2008,1344.75,1354.5,1308,1344.5,83088
08/27/2008,1347,1371,1327.5,1348,95503
08/28/2008,1347.5,1349,1307,1324,84157
08/29/2008,1324.5,1339,1316.75,1324,54220
09/02/2008,1302,1305,1255,1298.5,102224
09/03/2008,1304.75,1314,1229,1251.5,107616
09/04/2008,1253.5,1261,1232.25,1235,75704
09/05/2008,1230.5,1232,1166.75,1177,124602
09/08/2008,1197.5,1199.75,1173.25,1192,98442
09/09/2008,1189,1204.75,1157,1201,106976
09/10/2008,1195,1207,1175.25,1178,73034
09/11/2008,1175.5,1188,1165,1176,83281
09/12/2008,1179.25,1222.5,1178,1202,107486
09/15/2008,1208,1210,1155.25,1179,105662
09/16/2008,1168.75,1179,1110.25,1124,124148
09/17/2008,1123.5,1144,1107,1139,122597
09/18/2008,1135.75,1151.5,1099.5,1116,105469
09/19/2008,1120.5,1157.75,1117,1143.5,77277
09/22/2008,1144.25,1212.25,1134,1205,103410
09/23/2008,1203.75,1211,1168.25,1187,90004
09/24/2008,1192,1208,1178.25,1187,76199
09/25/2008,1187.75,1204.5,1168.25,1183,81560
09/26/2008,1183.5,1197.75,1155.75,1164,67982
09/29/2008,1159.5,1160.5,1094,1094,63271
09/30/2008,1077.75,1096,1039,1045,121727
10/01/2008,1054.75,1066,1039.25,1053,94769
10/02/2008,1053.5,1059.25,992.25,1004,113619
10/03/2008,1004,1023.75,991,992,96340
10/06/2008,971,983,922,922,89745
10/07/2008,922.75,951.5,916.75,926,116320
10/08/2008,930,989,911,964,124068
10/09/2008,960,990,947,980,95188
10/10/2008,951.5,955,910,910,48654
10/13/2008,902.75,938.75,881.5,928,103546
10/14/2008,936.5,958,893.25,896,101989
10/15/2008,894,911,846.5,858,108313
10/16/2008,850,874.75,825,867,113002
10/17/2008,888.75,921.25,888.75,906.75,46480
10/20/2008,902.75,948,902.75,940.75,44389
10/21/2008,945,955.5,901.5,915.25,55859
10/22/2008,917.75,920,862.75,864.75,44781
10/23/2008,866,910,856,888.5,41229
10/24/2008,898.25,925,848,867,48493
10/27/2008,882.5,908,854,897.5,49872
10/28/2008,907.25,959,871,888,94213
10/29/2008,905,958,901,947,86863
10/30/2008,944.75,974,927.25,943,88698
10/31/2008,943,949,917.75,933,73053
11/03/2008,929.75,957,919.25,937.5,75141
11/04/2008,935.75,981.75,923.25,959,84643
11/05/2008,960,965.5,903,904,96679
11/06/2008,902.25,914,882.5,906,82752
11/07/2008,905,926,900.5,921,69389
11/10/2008,935.25,954.25,916.25,948,87825
11/11/2008,943,945.75,898,916,76280
11/12/2008,910.5,922.25,888,895,85116
11/13/2008,890,912.5,872.75,894,86326
11/14/2008,909.5,910,878,896,48947
11/17/2008,890,918,885,906.5,72159
11/18/2008,904,913,892.5,902,61865
11/19/2008,902.75,921.25,893.25,897,66840
11/20/2008,888.25,891,854.5,856,96332
11/21/2008,850.5,862.75,835.25,840,72244
11/24/2008,852,899.75,841.5,884,76786
11/25/2008,883.5,892.75,871,883,65724
11/26/2008,885.5,899,881.25,886,49039
11/28/2008,888.5,895.75,870,883,26902
12/01/2008,879.25,882.75,841,846,61169
12/02/2008,841.75,857.25,826,827,86324
12/03/2008,830.25,844,819.25,830,80595
12/04/2008,832.25,834,808,811,82285
12/05/2008,811,811,776.25,783.5,101361
12/08/2008,789.25,827.5,788.5,820.5,84414
12/09/2008,821.25,827.25,809.25,813,84377
12/10/2008,813,842,810.75,829.5,87263
12/11/2008,830.25,865.75,826.75,856.5,90418
12/12/2008,851.5,864,828,854,96273
12/15/2008,856,877.25,843.5,846,81488
12/16/2008,846,863,840,858.5,68580
12/17/2008,874,882,855.5,869,49785
12/18/2008,867.5,878.25,859,874.5,23943
12/19/2008,870,873.75,864.5,872.5,21216
12/22/2008,877,899,866.5,890.5,31728
12/23/2008,887.25,905,881.75,905,32640
12/24/2008,903.5,920.25,900.5,919,21983
12/26/2008,927,966.5,923,956.5,33456
12/29/2008,960.5,981,936,945.5,75691
12/30/2008,942,957.5,938.5,953,51533
12/31/2008,949.75,983.5,943,980,48594
01/02/2009,971,993.25,970,977,58957
01/05/2009,979.5,991.25,965.25,987,75548
01/06/2009,985.5,1020.75,976.75,1016,109489
01/07/2009,1014,1023,988.5,990,80685
01/08/2009,985.25,1005,976.25,989.5,93144
01/09/2009,994,1040,993,1036,101274
01/12/2009,1035.75,1060.25,966,966,104854
01/13/2009,960.75,992,960,971.5,82517
01/14/2009,975.5,990,961.5,971.5,88530
01/15/2009,969,1025,957.75,994.5,132543
01/16/2009,997.5,1022.75,997.25,1020,85832
01/20/2009,1018.25,1037,977.5,992,101814
01/21/2009,990,1021,986.5,1020.5,82806
01/22/2009,1021.25,1034.75,996.25,1012,91246
01/23/2009,1008,1034.25,1001.5,1009,118140
01/26/2009,1015,1041.5,991.5,1009,96777
01/27/2009,1007,1017.25,973,976,81612
01/28/2009,978.75,994,966,982.5,72551
01/29/2009,983.5,984.75,965.25,970.5,56906
01/30/2009,973.25,989.5,965,980,65328
02/02/2009,972.5,976.25,943.25,959.5,78746
02/03/2009,958.75,962.75,934.5,946,91186
02/04/2009,945.25,968.25,944.25,949.5,92254
02/05/2009,947.75,987.75,946.25,980,80863
02/06/2009,979,1007.75,976.75,1001,96649
02/09/2009,997,1019,991.5,1002,82869
02/10/2009,1000,1010,982,994,84859
02/11/2009,988.25,996,976,978,86828
02/12/2009,978,985.25,967.5,968.5,81827
02/13/2009,970,981.5,955,955.5,66630
02/17/2009,955,960,899,903,92798
02/18/2009,902,909.75,885.25,887.5,90027
02/19/2009,884.75,901.5,882.75,886,47903
02/20/2009,885,891.25,854.25,863.25,72525
02/23/2009,864.25,895.75,861.25,876,56063
02/24/2009,874.5,884,868,883.5,47474
02/25/2009,883.5,893.5,865.25,880,77546
02/26/2009,880.25,891,858,868.5,100460
02/27/2009,867.25,877,849,872,72744
03/02/2009,866,872,838.25,844,68590
03/03/2009,842.25,857,841.25,853.5,83332
03/04/2009,848,878.75,847.25,868.5,69720
03/05/2009,868.25,876,843,852,69061
03/06/2009,852,874.75,850.5,867,61791
03/09/2009,870,884,862.5,865,50698
03/10/2009,863,895,861.25,877,74780
03/11/2009,878,889,856.5,862,57826
03/12/2009,863.25,884,859.25,882,56089
03/13/2009,883,890,867.25,876.5,64528
03/16/2009,869.25,918,864.75,911,95910
03/17/2009,908.5,921.75,902.75,913,74041
03/18/2009,913,920.75,909,915,53267
03/19/2009,929.5,952.75,928.25,940.5,91583
03/20/2009,937,953,935.25,952,69007
03/23/2009,952.25,981.25,951.5,955.5,76475
03/24/2009,956.5,970.75,948.25,967,69182
03/25/2009,965,971,948,951,86827
03/26/2009,950.75,962,941.25,944,66467
03/27/2009,943,948.75,916,917,79941
03/30/2009,917.5,924,897,904.5,70956
03/31/2009,904.5,954,904.5,952,103109
04/01/2009,949,959.75,943,952,65782
04/02/2009,951.75,987.5,951,977,91786
04/03/2009,974.25,997.5,972,995.5,70332
04/06/2009,995.25,1009,986.25,994,83140
04/07/2009,994.75,1006,987.25,989.5,97974
04/08/2009,986.5,1011.25,981.5,1006,102116
04/09/2009,1005,1030.75,1005,1007,97818
04/13/2009,1007,1023,998.25,1021.5,71496
04/14/2009,1019.25,1043.5,1015,1036,109675
04/15/2009,1035,1046.5,1028.5,1035,85474
04/16/2009,1035,1059,1034.5,1058.5,100640
04/17/2009,1057.75,1073,1048,1051,111188
04/20/2009,1037.75,1051.25,1009.5,1011.5,79269
04/21/2009,1013.75,1037.5,1005.25,1033,93604
04/22/2009,1035.25,1045,1029.25,1039,76487
04/23/2009,1040,1057.5,1027,1032,97177
04/24/2009,1031,1041,1022.25,1034,87536
04/27/2009,1028,1028,975.25,997,122929
04/28/2009,997.25,1010.25,981.5,983,108767
04/29/2009,983,1026.5,978.75,1025,103535
04/30/2009,1020.25,1058.5,1019.5,1055,132691
05/01/2009,1051.25,1095.5,1044,1091,103930
05/04/2009,1088.5,1127,1085,1103.5,108062
05/05/2009,1104,1116.75,1092,1101,99580
05/06/2009,1100.75,1119,1097,1118,85085
05/07/2009,1116.75,1131,1095,1102,99754
05/08/2009,1101,1118,1098.5,1111.5,70559
05/11/2009,1104.75,1116,1086.5,1116,7910
05/12/2009,1115.75,1127.5,1102,1117.5,82962
05/13/2009,1120,1141,1112.75,1128,96723
05/14/2009,1128.25,1148,1115.75,1147.5,92517
05/15/2009,1146,1156.25,1124.75,1130.5,80095
05/18/2009,1125,1148.25,1113.5,1146.5,70539
05/19/2009,1146,1169.5,1141,1162,84935
05/20/2009,1161.75,1189.5,1160,1169,101894
05/21/2009,1166,1177.5,1150,1175,77541
05/22/2009,1174,1184.75,1164,1166,67138
05/26/2009,1155.25,1187.5,1151,1185.5,83020
05/27/2009,1191,1200.75,1177.5,1187,94011
05/28/2009,1181.25,1197.5,1175.25,1179,77914
05/29/2009,1177.25,1193,1175.25,1184,72105
06/01/2009,1186,1227,1185.75,1218.5,97966
06/02/2009,1218,1221.75,1200.5,1209,71037
06/03/2009,1210.5,1212.75,1178.5,1182,84924
06/04/2009,1182,1232,1177,1230,92737
06/05/2009,1231,1236.5,1211.5,1225.5,83368
06/08/2009,1227,1239.75,1216,1232.5,87744
06/09/2009,1234,1249,1226.75,1243.5,90915
06/10/2009,1240,1255.5,1237.5,1246,99293
06/11/2009,1249.25,1291.25,1248.25,1267,114543
06/12/2009,1268,1281.75,1235.5,1245.5,82868
06/15/2009,1244,1254.5,1197,1197,78277
06/16/2009,1202,1219,1187.5,1201.25,71112
06/17/2009,1128.5,1147,1120,1141.5,21831
06/18/2009,1142.75,1162.75,1137.25,1150.25,17731
06/19/2009,1151.5,1162,1117,1120,16947
06/22/2009,1121.5,1122.5,1088.75,1090,20168
06/23/2009,1085,1116,1085,1114,16402
06/24/2009,1114,1130,1106,1122.5,20791
06/25/2009,1121,1134.5,1117.5,1127,29605
06/26/2009,1127,1140,1126,1128,29794
06/29/2009,1124.25,1137.25,1120,1122,34629
06/30/2009,1122,1133.75,1093,1119.25,34425
07/01/2009,1120,1166,1120,1160.5,41729
07/02/2009,1160,1171,1131.5,1154,26637
07/06/2009,1145,1148,1117.25,1118.5,21496
07/07/2009,1118.5,1128,1048.5,1053.5,53166
07/08/2009,1057.75,1071.25,1009.5,1015,41713
07/09/2009,1019,1050,999.25,1047.5,33103
07/10/2009,1047,1057.5,1015,1044.75,33381
07/13/2009,1045,1054.75,1002,1018.5,29428
07/14/2009,1020,1037,1005.5,1034.5,24695
07/15/2009,1037,1063.75,1018,1020.5,28439
07/16/2009,1023.5,1029,970.25,976,38113
07/17/2009,977.25,1011,977.25,1009.5,20114
07/20/2009,948.5,966.75,945,960.5,6317
07/21/2009,965,966.5,933.5,941.5,9089
07/22/2009,941.5,951.25,935.75,945,7616
07/23/2009,946.5,969.25,946.5,961.5,9784
07/24/2009,962.5,965,950.5,951.5,8241
07/27/2009,947.75,953.75,940,945,6211
07/28/2009,946.75,973,946,968,10967
07/29/2009,967.5,974.25,950.5,964,10111
07/30/2009,964,1034,964,1029,21870
07/31/2009,1027.25,1045.25,1027,1044,14506
08/03/2009,1059,1103.75,1058.25,1088.5,16492
08/04/2009,1087,1094,1072.5,1083.5,10981
08/05/2009,1083,1100,1066.75,1088,11434
08/06/2009,1088,1091.75,1063.75,1079.5,8015
08/07/2009,1079,1097.25,1069.25,1090.5,6069
08/10/2009,1074,1099.5,1065,1067.5,8399
08/11/2009,1068,1099,1063,1097.5,10678
08/12/2009,1095,1113.25,1074.5,1092.5,11465
08/13/2009,1094.25,1113.25,1062.25,1065.25,13128
08/14/2009,1066.25,1072.25,1018.25,1024.5,15172
08/17/2009,1019,1025.5,977,988,12975
08/18/2009,988,1002.5,976.75,995.5,7889
08/19/2009,962,967.5,940.5,958,71482
08/20/2009,959,968.5,952,957,59350
08/21/2009,957.5,988,951.75,973,90803
08/24/2009,983,1008.75,983,1007.5,83835
08/25/2009,1000.5,1016,988,999,83241
08/26/2009,998.5,1007.5,988.5,996.5,64660
08/27/2009,998,1003.5,989.25,996,62269
08/28/2009,995.25,1017.5,991,1011,76853
08/31/2009,1013,1018.75,967.25,979.5,95400
09/01/2009,977.25,989,950.75,955.5,90491
09/02/2009,955,959,942.5,951,71009
09/03/2009,953.25,962.75,929.5,941.5,94998
09/04/2009,941,944,920.5,922,70396
09/08/2009,916.5,943,910.5,936.5,90985
09/09/2009,936,938,922.5,928.5,74850
09/10/2009,926.5,935,925,926.5,58030
09/11/2009,925.75,932,897.5,903,90468
09/14/2009,903,910,892,909,74347
09/15/2009,906.5,977.75,901.5,960,136096
09/16/2009,959,960.75,928.25,950.5,92225
09/17/2009,950,962.75,937.25,953,77117
09/18/2009,950.5,958,936,941,58331
09/21/2009,938.5,939.75,909.25,913.5,71900
09/22/2009,912.5,927.25,903.25,922,76722
09/23/2009,921.5,926,902,920.5,63072
09/24/2009,915.5,929.75,904.5,919.5,67080
09/25/2009,919,931.75,916,926,51459
09/28/2009,928.75,937.25,912.75,919.5,50387
09/29/2009,918.5,928.75,910.5,917,64290
09/30/2009,916.75,931.25,906.5,927,81552
10/01/2009,924.75,932.75,914.75,918,76084
10/02/2009,917,918,885,885,105374
10/05/2009,883.25,897.75,878.75,885,88871
10/06/2009,884.5,921,884.25,910,105629
10/07/2009,908.25,916,904.5,912,87410
10/08/2009,911,942,910.75,936,125584
10/09/2009,933.25,968.5,930.25,964,132235
10/12/2009,968.5,1000.75,965,999,123947
10/13/2009,996.5,1012.25,987,993,126476
10/14/2009,993.25,1008.75,988.25,994,96997
10/15/2009,994,999,971,983,111756
10/16/2009,980,996.5,974,977.5,72628
10/19/2009,982,1001.75,977.5,1000.5,32119
10/20/2009,1000,1008.75,983.5,985.25,37478
10/21/2009,984,1016.25,979.75,1009.75,54889
10/22/2009,1004.25,1011,995.75,1007,46515
10/23/2009,1006.5,1029.25,1002.5,1007.5,51360
10/26/2009,1010.25,1021.25,983,988.75,59121
10/27/2009,988.5,996,972,976.5,72464
10/28/2009,976.5,981.75,962,970.5,63326
10/29/2009,969,991.5,965.25,987,83796
10/30/2009,987,989.75,968,976.5,84876
11/02/2009,967,1006.5,962.75,998,88653
11/03/2009,996,1021,987,1010.5,104746
11/04/2009,1010,1022.5,995.25,999,92374
11/05/2009,995,999,971,972,99488
11/06/2009,970.25,985,955,955,86586
11/09/2009,952.75,977,951.25,972,84025
11/10/2009,972,975,952.5,968,100056
11/11/2009,965.25,986.5,964,972,72988
11/12/2009,971.5,996.5,961.5,990,100349
11/13/2009,989,1009,983.5,987,80992
11/16/2009,1001.25,1011.75,991.5,1010,76950
11/17/2009,1007,1031.75,1003,1029.5,84389
11/18/2009,1027,1049,1023.5,1027,99039
11/19/2009,1027,1049,1016,1039,89096
11/20/2009,1041,1050,1031.5,1046,76373
11/23/2009,1048,1066.75,1038,1042,93858
11/24/2009,1040.5,1049.25,1032,1046,76488
11/25/2009,1046,1055.5,1034,1054.5,84039
11/27/2009,1039.25,1056.75,1021,1053,52777
11/30/2009,1054.25,1069.25,1050.5,1060.5,93909
12/01/2009,1058.5,1078.5,1052.5,1059.5,88019
12/02/2009,1057.75,1064.5,1032.25,1034,97073
12/03/2009,1035.25,1050.75,1033.25,1047,83955
12/04/2009,1044.25,1053.75,1031,1043,75753
12/07/2009,1045.5,1061.5,1038.5,1053,91295
12/08/2009,1053.25,1063.75,1042.5,1044,95941
12/09/2009,1043.75,1051.5,1021.5,1028.5,120468
12/10/2009,1028.5,1033.5,1019,1027,88961
12/11/2009,1028.25,1041.25,1020,1035,96194
12/14/2009,1032.75,1059,1023.5,1055,102437
12/15/2009,1054.75,1068.5,1049.5,1055,89296
12/16/2009,1054.5,1070.5,1051.5,1059.5,73656
12/17/2009,1066.25,1071,1023.5,1030,56570
12/18/2009,1031.5,1040.25,1016.25,1020,40461
12/21/2009,1020,1027.75,1007.25,1008.5,39089
12/22/2009,1008.5,1018,992.25,998.5,57029
12/23/2009,998.5,1009.5,997.5,1009,34831
12/24/2009,1008.5,1017,1005.25,1008,30464
12/28/2009,1008,1043,1006,1038,52955
12/29/2009,1038,1049.25,1028.75,1047,63115
12/30/2009,1042,1052.25,1035.25,1044.5,66654
12/31/2009,1043.5,1061.5,1041.25,1048.5,67411
01/01/2010,1048.5,1048.5,1048.5,1048.5,0
01/04/2010,1050.5,1074.75,1050,1058,96727
01/05/2010,1057,1064.5,1050.5,1061,70402
01/06/2010,1059.5,1068.25,1051,1059,71549
01/07/2010,1058,1063,1024.5,1026,97910
01/08/2010,1026.75,1029,1013.25,1022,81852
01/11/2010,1024.5,1032.75,1005.75,1010.5,76745
01/12/2010,1008.75,1013.5,969,978,123054
01/13/2010,978,993.75,971.5,992.5,96459
01/14/2010,993.5,993.75,975.25,984,80001
01/15/2010,983.5,988.75,971.75,974,66643
01/18/2010,974,974,974,974,66643
01/19/2010,974,984,962.75,963.5,77967
01/20/2010,963.75,971,940.75,950,91082
01/21/2010,950,959.5,948.5,954,63882
01/22/2010,956,957,945.5,951.5,54161
01/25/2010,955,956,935.25,940.5,72563
01/26/2010,941,949.5,932.5,947.5,81769
01/27/2010,945.75,946.5,928.5,929,73154
01/28/2010,931.25,937.5,921,931.75,82360
01/29/2010,931.5,936.75,913.75,914,85062
02/01/2010,915.25,924.75,908.25,909.75,84217
02/02/2010,911.25,930,905.25,925.5,91665
02/03/2010,926.5,934,908,908,81861
02/04/2010,911.25,916,900,914,92907
02/05/2010,914,921.5,909,913.5,104735
02/08/2010,919.75,939.75,918.75,929.5,95026
02/09/2010,929.5,944,920,924.5,120623
02/10/2010,924,939.75,918.75,937.5,116039
02/11/2010,938,950.5,936,943,108012
02/12/2010,942,946.5,926,945,80635
02/15/2010,945,945,945,945,69144
02/16/2010,948,966,945.25,965.5,82989
02/17/2010,963.5,964,948,951.5,71599
02/18/2010,961.75,967.5,951.25,957.5,39604
02/19/2010,948.25,958,941,954.5,35591
02/22/2010,954.5,970,953.5,969,70550
02/23/2010,967,985,959,959.5,111440
02/24/2010,959.25,969.5,952,963,87355
02/25/2010,962,964.5,942.5,950,78486
02/26/2010,948.5,964,946.75,961,71838
03/01/2010,965.5,968,953.5,962.5,67432
03/02/2010,962,969,957.75,963.5,65176
03/03/2010,963,971.5,962,963.5,61843
03/04/2010,962.5,963,937.25,942,88892
03/05/2010,944,949.5,938.25,942.75,66010
03/08/2010,944.5,952.75,938.75,948,58073
03/09/2010,947,948.5,935,947.5,62028
03/10/2010,946,964.25,941.75,958,95396
03/11/2010,958,962.75,929,930.5,95910
03/12/2010,933.25,938,923,925.5,66451
03/15/2010,926.25,933.25,921.75,930,55498
03/16/2010,930.5,948,930.5,945,71579
03/17/2010,944,962.25,942,959,69677
03/18/2010,957.5,962.5,947.25,959.5,64849
03/19/2010,959.5,964,952.25,961.75,45955
03/22/2010,959.75,975,956.5,968.5,67630
03/23/2010,966.75,976.5,964.75,968,62583
03/24/2010,967.75,967.75,953.25,960,60563
03/25/2010,958,966.5,942,942.5,79415
03/26/2010,942.75,955,941.75,952,62101
03/29/2010,952.5,977.5,951.5,967.5,96574
03/30/2010,967.5,974.25,960.25,974,76370
03/31/2010,972,977,930.5,941,131018
04/01/2010,940,947,932.5,942,63739
04/02/2010,940,947,932.5,942,30
04/05/2010,942,946,932.75,936,47924
04/06/2010,936,944.75,932.75,944.5,53024
04/07/2010,942.5,957,938.75,952.5,74371
04/08/2010,950.25,953.75,945.25,946.5,64665
04/09/2010,946,963.75,943.25,952.25,89029
04/12/2010,954.5,965.5,952.75,960,107406
04/13/2010,958.25,972.25,954.25,968,123181
04/14/2010,968,976,965,969,92109
04/15/2010,968.5,985.5,964.25,984,91261
04/16/2010,983,989.75,978.25,985.25,67874
04/19/2010,981.5,985.25,972.25,976.75,52032
04/20/2010,987.25,997.75,987.25,994,63754
04/21/2010,995.75,1015.5,993,1006,101232
04/22/2010,1005.75,1015.75,1001.75,1015,71874
04/23/2010,1012.75,1017.25,1006.75,1010,61794
04/26/2010,1005,1020,1004.25,1009,83509
04/27/2010,1007.25,1011.5,991,993,99258
04/28/2010,992.5,1002,988,993.5,105363
04/29/2010,993.5,1006.25,993,996,87737
04/30/2010,995.5,1002.25,992,999,62646
05/03/2010,999,1002.75,984,986.5,72771
05/04/2010,986,990.5,974,987,87682
05/05/2010,986.5,992.75,976,978,74030
05/06/2010,978,982.25,949.75,954,113409
05/07/2010,954,964.5,948.5,960,78489
05/10/2010,965,969,959.25,961,53751
05/11/2010,961,969,953.25,966,64476
05/12/2010,965.25,976,959.5,965.5,83467
05/13/2010,963.5,969.5,959.75,964.5,48237
05/14/2010,963.25,966,951.25,953.5,59375
05/17/2010,954,955,937.5,941,62149
05/18/2010,943,949.5,936,939.5,59875
05/19/2010,938.5,948.5,935.75,938.5,77434
05/20/2010,941.5,947.75,931,944,80994
05/21/2010,944.75,950.5,939,941,64210
05/24/2010,941,952.5,940,940.5,60987
05/25/2010,939,941,927.5,930.5,59077
05/26/2010,934.25,939.75,933,938,51696
05/27/2010,936.75,953.75,936,951.75,65148
05/28/2010,951.75,956,936.5,937.75,68360
05/31/2010,937.75,937.75,937.75,937.75,53416
06/01/2010,939.25,943.75,930.5,932,57229
06/02/2010,931.5,936.75,930.5,932.5,47760
06/03/2010,934,957.5,933.5,955,87817
06/04/2010,955,958.25,931.5,935,78812
06/07/2010,934,939,928.25,935,71789
06/08/2010,934,937.5,926,931,77801
06/09/2010,929.75,951.75,926.25,943.5,108439
06/10/2010,942.75,952,930.5,935,93353
06/11/2010,935,947,930.5,946.25,65189
06/14/2010,945,958.75,944.75,951.5,69139
06/15/2010,949.75,961.75,947.25,949.5,58688
06/16/2010,949.5,961.75,949,957.75,47071
06/17/2010,943.75,950.75,939,944.25,14236
06/18/2010,945,953.75,944.25,951,16474
06/21/2010,955.5,964.5,952.25,956.75,16697
06/22/2010,956.25,962,955.25,958,17044
06/23/2010,956,957.5,945.25,946,23428
06/24/2010,945.75,951.75,939.75,939.75,20160
06/25/2010,939.5,946.75,939.5,941,16198
06/28/2010,941,946.75,937.5,940.5,27104
06/29/2010,942.25,946.25,930,931.5,31768
06/30/2010,931.5,954,927.5,931,31645
07/01/2010,932,938.5,926.25,937,20540
07/02/2010,935.5,948.5,934.75,944.5,21639
07/05/2010,944.5,944.5,944.5,944.5,17864
07/06/2010,942,958,938.5,940.5,26931
07/07/2010,940.5,972,940.5,967.75,34438
07/08/2010,966,993,962.25,983,37403
07/09/2010,980.5,997.75,978.25,993.25,31106
07/12/2010,991,1009,986.25,997.75,44928
07/13/2010,995.75,1004.75,993,995,39154
07/14/2010,994,1004.25,993,997.5,29398
07/15/2010,995.75,1021.75,989,1019,36600
07/16/2010,1018,1027,1013,1019.5,22257
07/19/2010,1007.25,1022.25,1003.5,1008,26417
07/20/2010,985,990.5,977,986.75,8062
07/21/2010,987,995.75,983.75,990.5,7000
07/22/2010,988.5,1002.5,983.75,990.5,10570
07/23/2010,990.25,996.5,986.5,991,8802
07/26/2010,987,990.5,970,974.75,9385
07/27/2010,971.5,981,970.25,973,11727
07/28/2010,973,987.75,972.5,985,15402
07/29/2010,984.75,995.75,984.75,992.75,15061
07/30/2010,992.5,1015,992.5,1012,14680
08/02/2010,1011.5,1037,1008.5,1019.25,11973
08/03/2010,1017.25,1023.5,1006,1022.75,11483
08/04/2010,1021,1034.75,1018.75,1029.25,11830
08/05/2010,1027.75,1054.5,1017,1034.75,15738
08/06/2010,1033.75,1041.25,1025.25,1039,9301
08/09/2010,1037.75,1049.5,1032.75,1034.5,11698
08/10/2010,1033.5,1034.25,1019.5,1021.25,8451
08/11/2010,1020,1028,1013,1016.5,9059
08/12/2010,1016,1037.5,1012,1026,7785
08/13/2010,1027,1044,1027,1043.5,6509
08/16/2010,1042.25,1050.25,1031.25,1034,5877
08/17/2010,1029.5,1047.75,1029.5,1045.25,8048
08/18/2010,1041,1046.75,1023.5,1030.75,70930
08/19/2010,1031,1039.25,1006.75,1012.25,84499
08/20/2010,1013,1015,1000.5,1004,57391
08/23/2010,1004,1010.75,998.5,1005.5,51705
08/24/2010,1005.5,1008.25,993.75,999,59756
08/25/2010,999.5,1005.75,993.5,999,50460
08/26/2010,1000.75,1016,1000.25,1014.5,57961
08/27/2010,1015.5,1029.5,1014,1026,59400
08/30/2010,1030,1034,1020.5,1022.5,53577
08/31/2010,1019,1027,1006.75,1010,73228
09/01/2010,1009.25,1017.5,1004,1005.5,64083
09/02/2010,1007.25,1010.25,1000.75,1009,56500
09/03/2010,1010,1041.25,1009,1035,87624
09/06/2010,1035,1035,1035,1035,81464
09/07/2010,1035,1053.5,1028.75,1052,76852
09/08/2010,1050.5,1057,1045,1048.75,67715
09/09/2010,1050,1053,1033.75,1046,53623
09/10/2010,1045,1047.5,1031,1031,70997
09/13/2010,1030.75,1040.75,1022.75,1034.5,58815
09/14/2010,1034.5,1042.25,1025,1035.5,70449
09/15/2010,1035,1045,1034.25,1042.5,57340
09/16/2010,1043,1046.5,1033,1036.25,53363
09/17/2010,1036.75,1072,1036.75,1069,108643
09/20/2010,1069,1099.5,1068.25,1084.5,110019
09/21/2010,1083.75,1093.75,1079.25,1080,81117
09/22/2010,1080,1092.75,1079.5,1088.5,68667
09/23/2010,1091,1098.25,1079.5,1093.5,77455
09/24/2010,1093,1128.25,1090,1126,114040
09/27/2010,1126,1144,1122,1128.5,99884
09/28/2010,1127,1135.5,1105.5,1110,81866
09/29/2010,1108,1110.25,1083.5,1099,104151
09/30/2010,1098.75,1109.75,1082.25,1106.75,105038
10/01/2010,1105.5,1106.5,1055,1057,157685
10/04/2010,1055,1061.5,1042,1054,114014
10/05/2010,1053.75,1077.75,1049.75,1071.75,96028
10/06/2010,1070,1075.25,1061.5,1062,68872
10/07/2010,1061.75,1074.5,1061,1065,106692
10/08/2010,1064,1135,1062,1135,51463
10/11/2010,1155,1188.75,1150.75,1152.5,205354
10/12/2010,1154,1185.75,1154,1178.5,140947
10/13/2010,1177.5,1194.5,1172,1176.5,153311
10/14/2010,1176.5,1194.5,1176,1188.5,115964
10/15/2010,1189,1204.25,1183.5,1185,98889
10/18/2010,1182,1188,1175,1184,109140
10/19/2010,1195,1206,1176.5,1191.5,72347
10/20/2010,1189.75,1225.75,1185,1223.75,70858
10/21/2010,1223.75,1235,1213,1213,72453
10/22/2010,1213.5,1224.25,1210.75,1211.5,67368
10/25/2010,1214,1235.5,1211,1230,88344
10/26/2010,1229,1236,1220,1231,78351
10/27/2010,1233.25,1240.5,1211,1236,110538
10/28/2010,1234.75,1248.75,1229.75,1236,118667
10/29/2010,1235,1238,1225,1236,84924
11/01/2010,1240,1246.25,1228.5,1235,75222
11/02/2010,1235.5,1242.5,1230.5,1234,68784
11/03/2010,1235.25,1241,1222.25,1237.5,77763
11/04/2010,1239.5,1279,1238.5,1274.75,99838
11/05/2010,1275,1290,1271.25,1284,99838
11/08/2010,1284,1289.5,1274,1274.75,68448
11/09/2010,1275,1343.75,1269.5,1329,176882
11/10/2010,1327,1330.75,1314.5,1319.5,97251
11/11/2010,1320,1342,1317.5,1339,91381
11/12/2010,1342.25,1348.5,1269,1269,158446
11/15/2010,1266,1307.5,1252.25,1286.5,122807
11/16/2010,1286.25,1289.75,1216.5,1219.75,154393
11/17/2010,1221.25,1232.5,1175.25,1205,130907
11/18/2010,1208.75,1245.5,1193.75,1242,92815
11/19/2010,1244,1256,1200.5,1201.5,109606
11/22/2010,1196,1223,1190,1221.5,90552
11/23/2010,1225,1246.5,1201.5,1239,109152
11/24/2010,1241.25,1258.25,1237,1255,63486
11/25/2010,1255,1255,1255,1255,63486
11/26/2010,1257.25,1262.25,1235.75,1238.5,45484
11/29/2010,1240,1248.5,1226.5,1235,79168
11/30/2010,1238,1247.25,1227.75,1243,70192
12/01/2010,1243,1284,1240.25,1283,100564
12/02/2010,1282,1287,1273.75,1279.75,87542
12/03/2010,1278,1301.5,1274,1300.25,113968
12/06/2010,1304,1306.75,1280.25,1288.5,107989
12/07/2010,1288.5,1303.25,1282.25,1285.5,121753
12/08/2010,1283,1296.5,1266.5,1296,112131
12/09/2010,1296,1299,1278.25,1281.5,78572
12/10/2010,1283.25,1288.5,1267.75,1273,102141
12/13/2010,1269.5,1304.75,1257,1302.5,106042
12/14/2010,1300,1311.25,1292.5,1296,91214
12/15/2010,1293,1314.75,1290.75,1296.5,132344
12/16/2010,1295.5,1303.75,1285,1289,96341
12/17/2010,1300.5,1311.5,1295,1310.5,68729
12/20/2010,1314.5,1329.5,1307.25,1327,66849
12/21/2010,1327,1339.5,1323,1337.5,66848
12/22/2010,1336.25,1343.75,1328.5,1339.75,58414
12/23/2010,1340.25,1365.75,1339,1360,73997
12/27/2010,1354,1389.75,1350,1384.5,71979
12/28/2010,1385,1396.75,1383.25,1387,66776
12/29/2010,1386.25,1389,1374.75,1377,80381
12/30/2010,1376,1384.75,1370,1376,65859
12/31/2010,1377.25,1404,1376,1403,60405
01/03/2011,1396,1409,1375,1379,93436
01/04/2011,1378.25,1390.5,1357.5,1369.5,107465
01/05/2011,1372,1395,1362,1393.5,102637
01/06/2011,1392.5,1398.75,1376,1378,96307
01/07/2011,1376.75,1382.5,1360.25,1365,90450
01/10/2011,1368,1394.5,1366,1380.5,87030
01/11/2011,1382,1388.5,1355.25,1357,96791
01/12/2011,1359.5,1427,1359,1415,137068
01/13/2011,1418.75,1432.5,1413,1416,114472
01/14/2011,1418.5,1424,1405,1422.5,76245
01/17/2011,1422.5,1422.5,1422.5,1422.5,69855
01/18/2011,1412.25,1430,1408.25,1413.25,93778
01/19/2011,1416.5,1431.75,1402.25,1411.5,122583
01/20/2011,1413,1421,1383.5,1414.25,111340
01/21/2011,1415.75,1427,1405,1412.25,111994
01/24/2011,1412.5,1426.5,1396.75,1404.5,87474
01/25/2011,1404.25,1408,1370.25,1374.5,122405
01/26/2011,1375.5,1391,1364.25,1385.5,83339
01/27/2011,1389.25,1400,1378,1399.5,83207
01/28/2011,1401.5,1423.25,1392.5,1398,135660
01/31/2011,1395.25,1413.25,1394.5,1413,80125
02/01/2011,1413.5,1440.5,1408.25,1438,119431
02/02/2011,1439.5,1452,1433.5,1444,82257
02/03/2011,1446,1452.5,1434,1435.5,85852
02/04/2011,1438.5,1442.75,1422.25,1433.5,78364
02/07/2011,1438,1443.75,1421.25,1424.5,89659
02/08/2011,1425,1435.5,1414,1434.25,110561
02/09/2011,1437,1455.75,1435,1451,120796
02/10/2011,1451.25,1455,1430,1433,112316
02/11/2011,1433,1442.25,1410.25,1416,137725
02/14/2011,1419,1424.75,1400,1402.75,119509
02/15/2011,1403,1409.25,1364.75,1368,144806
02/16/2011,1369,1376,1357,1366,121591
02/17/2011,1378.5,1418.75,1378.5,1416.5,83429
02/18/2011,1417.5,1421.25,1373.5,1381,74463
02/21/2011,1381,1381,1381,1381,69232
02/22/2011,1391,1397.5,1311,1311,120279
02/23/2011,1310,1333.25,1296.25,1331.5,126616
02/24/2011,1332.25,1336.75,1310.25,1329.25,112519
02/25/2011,1328.75,1399.25,1322,1375,138644
02/28/2011,1378,1380.25,1357.75,1364.75,87004
03/01/2011,1368,1376.5,1353.75,1375.25,99096
03/02/2011,1374.5,1399,1372,1394.25,114792
03/03/2011,1390.5,1414.5,1384.5,1412,77975
03/04/2011,1410.25,1424.5,1395.75,1414,91264
03/07/2011,1412,1419,1384.5,1395,88038
03/08/2011,1395.75,1396,1374,1382,92009
03/09/2011,1382,1383.75,1347.25,1349,106263
03/10/2011,1350.5,1369,1321.75,1355.5,115019
03/11/2011,1353.5,1359.5,1305,1334.5,95303
03/14/2011,1336,1342.5,1317.5,1340,72096
03/15/2011,1342,1346,1270,1270,160944
03/16/2011,1273.5,1308,1273.5,1287,115627
03/17/2011,1286.75,1346.75,1285.25,1335.25,105300
03/18/2011,1336.25,1385.75,1322.75,1362.5,124866
03/21/2011,1369.25,1376.75,1351.5,1363,89426
03/22/2011,1363.5,1365.75,1344,1365.5,63138
03/23/2011,1367,1372,1351,1351.25,62385
03/24/2011,1350,1358,1338,1354.5,88608
03/25/2011,1356.5,1367.75,1353.25,1358.25,72510
03/28/2011,1360,1369,1347,1348.5,61244
03/29/2011,1345.25,1369,1341,1361.5,80620
03/30/2011,1362,1374,1355.75,1372,74995
03/31/2011,1373,1432,1368.5,1410.25,108576
04/01/2011,1411.5,1416.5,1386.5,1393.75,113003
04/04/2011,1393.5,1402.75,1379,1384,93610
04/05/2011,1384.5,1389.75,1366.5,1373.25,86278
04/06/2011,1374,1388.25,1372.75,1376.5,88358
04/07/2011,1376,1383.25,1360.5,1363.5,82198
04/08/2011,1363,1394,1362.5,1392.25,111015
04/11/2011,1395.5,1406.5,1364,1368.5,114512
04/12/2011,1369,1370.25,1318.25,1329.75,140396
04/13/2011,1332.5,1349,1328.25,1333.5,96885
04/14/2011,1335.25,1337.75,1316.5,1331,79709
04/15/2011,1332.75,1338.5,1322.25,1331.75,73463
04/18/2011,1331.75,1350.5,1320.75,1344.25,83080
04/19/2011,1355.75,1360.5,1348,1354,74385
04/20/2011,1353,1385,1352.25,1369.25,107973
04/21/2011,1369,1392.25,1363,1389.75,107841
04/25/2011,1390,1398.5,1380.75,1396.5,94112
04/26/2011,1395.75,1397.25,1378,1389.25,95998
04/27/2011,1389,1397,1368,1384.5,114040
04/28/2011,1386,1400.5,1338.25,1353.5,164142
04/29/2011,1352,1395,1345.5,1394,98579
05/02/2011,1391,1402.5,1381.25,1393,71429
05/03/2011,1393.25,1397.5,1355.25,1363.75,89294
05/04/2011,1363.75,1367.5,1347.25,1352,69726
05/05/2011,1352.25,1361.5,1310,1321.75,105676
05/06/2011,1322.25,1341,1306.5,1326,103851
05/09/2011,1327.75,1342,1323.25,1335,59154
05/10/2011,1335,1353,1332,1338,78485
05/11/2011,1338,1343.5,1313.75,1331.75,93992
05/12/2011,1329,1359.75,1313.5,1342.75,90636
05/13/2011,1344.25,1353,1321.75,1329.5,84353
05/16/2011,1330,1344,1322.5,1326.5,68277
05/17/2011,1324.75,1342.75,1312.25,1341,103046
05/18/2011,1340.75,1387.5,1340.75,1379.5,118262
05/19/2011,1377,1389,1369.25,1379.5,80605
05/20/2011,1377.25,1396,1365,1380.25,85706
05/23/2011,1386,1393,1366,1373.75,75480
05/24/2011,1373.75,1389,1365.75,1372.25,81161
05/25/2011,1373,1387,1372.5,1377,68753
05/26/2011,1378,1398.25,1377,1384.75,91456
05/27/2011,1387.75,1394.25,1376.25,1379.75,66398
05/30/2011,1379.75,1379.75,1379.75,1379.75,55810
05/31/2011,1371.5,1391.25,1366.5,1376,86334
06/01/2011,1377.5,1390,1370,1386.25,81193
06/02/2011,1386,1411.5,1383.75,1407,108926
06/03/2011,1406.75,1419.5,1404.5,1414.5,79159
06/06/2011,1415.75,1418.25,1382.25,1383.25,99425
06/07/2011,1382.75,1394.75,1380.25,1394,108072
06/08/2011,1392.25,1417,1385,1401.5,115628
06/09/2011,1400,1413.25,1386.25,1393.75,111737
06/10/2011,1396.25,1397.5,1377.25,1387.25,97627
06/13/2011,1385.25,1390.5,1378.5,1382.75,77738
06/14/2011,1382.25,1387,1353.5,1368,101593
06/15/2011,1368,1375.5,1354.5,1368,94166
06/16/2011,1370.25,1373,1348.5,1350.5,85809
06/17/2011,1349,1356,1331,1333.5,17791
06/20/2011,1335,1345.75,1332,1336,9412
06/21/2011,1339.75,1354.75,1338.75,1348.75,15633
06/22/2011,1348.5,1351.75,1321.75,1331,20784
06/23/2011,1331,1334.25,1293.5,1316,20965
06/24/2011,1316.25,1327.75,1309.75,1315,24841
06/27/2011,1313,1324,1303.75,1322.75,28762
06/28/2011,1326.75,1338.25,1321.5,1324.5,33923
06/29/2011,1325.25,1344.5,1320.5,1327.5,33439
06/30/2011,1328,1335,1287.25,1299.5,22903
07/01/2011,1301.75,1321.75,1299.5,1312.75,23331
07/05/2011,1318.75,1329.75,1312,1322.25,14330
07/06/2011,1319.5,1327,1310.5,1322.25,16433
07/07/2011,1321,1344.75,1321,1340.75,22373
07/08/2011,1340,1350.5,1335.5,1346.75,18096
07/11/2011,1350,1356.75,1338,1346.5,18740
07/12/2011,1347.25,1364,1334.25,1355.5,29651
07/13/2011,1353.5,1382.5,1353,1374.75,26088
07/14/2011,1374.5,1387.25,1374,1382,18414
07/15/2011,1382,1397,1376.5,1385.75,20379
07/18/2011,1385.75,1391.75,1370,1385.5,15691
07/19/2011,1389,1408,1375.5,1379.25,24180
07/20/2011,1377.75,1389.25,1373.75,1379,12145
07/21/2011,1376.75,1386.5,1370.75,1381.25,12389
07/22/2011,1381,1390,1375.75,1381,13493
07/25/2011,1368.75,1372.75,1351.25,1364.5,19826
07/26/2011,1365.5,1381.5,1362.75,1380.25,25227
07/27/2011,1380.25,1386,1366,1371.75,26161
07/28/2011,1369.5,1376.25,1362,1362.5,27996
07/29/2011,1363.25,1368.5,1343.5,1348.5,23684
08/01/2011,1349.25,1365.75,1346.75,1353.25,14252
08/02/2011,1354.75,1374.75,1342,1370,18676
08/03/2011,1368.75,1372,1354.5,1363.75,13034
08/04/2011,1362,1363,1330.75,1336.25,17042
08/05/2011,1330,1336.5,1313.5,1328,22473
08/08/2011,1312.75,1321.75,1301,1304.5,19317
08/09/2011,1300.25,1315.25,1276.5,1293.25,16476
08/10/2011,1297.25,1311.25,1288.5,1295.5,16907
08/11/2011,1291,1349.25,1290.25,1324.75,19648
08/12/2011,1328,1337,1319.75,1327.75,9498
08/15/2011,1331,1344.75,1331,1343.5,8755
08/16/2011,1343,1345,1333.5,1340,13434
08/17/2011,1350,1371,1346.75,1366.75,93652
08/18/2011,1366.75,1369,1345,1361,71621
08/19/2011,1359,1375,1348.5,1368.5,72464
08/22/2011,1375.5,1388.5,1371,1385.25,79449
08/23/2011,1388.5,1400,1385.25,1397.25,114581
08/24/2011,1398,1403.25,1388,1393.5,107996
08/25/2011,1392,1397.75,1384,1392.75,78112
08/26/2011,1391,1426,1386.25,1423.5,134254
08/29/2011,1421.5,1447.75,1420.25,1447,119594
08/30/2011,1450,1458.5,1437,1457,122124
08/31/2011,1455,1465,1447.5,1457.5,109499
09/01/2011,1455,1457,1432,1434.5,132626
09/02/2011,1440,1452,1435,1445.75,104266
09/06/2011,1433.5,1434.5,1408.25,1422.5,120343
09/07/2011,1423,1434.75,1412.5,1420.75,106698
09/08/2011,1420.75,1425.5,1410,1418.25,97634
09/09/2011,1417,1429,1412.75,1426.75,89327
09/12/2011,1432,1432.25,1388.5,1396,138734
09/13/2011,1397.5,1402,1382,1391.75,112506
09/14/2011,1393.5,1396.5,1377.25,1382.75,90183
09/15/2011,1384.75,1387,1356.5,1358.75,139562
09/16/2011,1358.75,1368.75,1350.25,1355.5,101023
09/19/2011,1356.25,1357.5,1326,1336,119166
09/20/2011,1341,1350.25,1335.25,1338,93484
09/21/2011,1337,1345.25,1320,1320.5,120377
09/22/2011,1319,1319.5,1281,1283,161224
09/23/2011,1286,1289.25,1250,1258,146461
09/26/2011,1265.25,1267.25,1226,1259.75,141110
09/27/2011,1262.25,1278.75,1259,1263,112498
09/28/2011,1260.5,1261.25,1221.25,1223.5,153818
09/29/2011,1222.75,1238,1209.25,1230,137133
09/30/2011,1231,1238.75,1175,1179,192883
10/03/2011,1176.25,1189.75,1162,1177.5,141449
10/04/2011,1174.5,1179,1152,1160,160218
10/05/2011,1164.5,1174,1161,1163.75,126647
10/06/2011,1165,1182.75,1158.5,1163.75,113464
10/07/2011,1163.25,1170,1152.25,1158.25,118950
10/10/2011,1158.25,1193,1158.25,1177.5,148259
10/11/2011,1180,1245.5,1174.5,1235.5,243131
10/12/2011,1234,1246.75,1211.5,1239.5,189238
10/13/2011,1237.75,1258,1230.25,1257,180233
10/14/2011,1258,1275.75,1249,1270,154116
10/17/2011,1269,1272,1250,1253,111271
10/18/2011,1253,1253,1226.5,1250.75,147779
10/19/2011,1256,1264,1230,1231.25,59334
10/20/2011,1231,1232.25,1207.5,1230.5,64048
10/21/2011,1230,1250.5,1220.75,1220.75,79999
10/24/2011,1220.25,1248,1218,1235.25,64303
10/25/2011,1234.25,1244.5,1225.5,1233.75,67500
10/26/2011,1232.5,1242,1218.5,1219.75,79723
10/27/2011,1219.5,1252.5,1219.5,1244,132862
10/28/2011,1244,1251,1224,1226,106493
10/31/2011,1227,1229,1203.5,1217.25,100090
11/01/2011,1215.75,1223,1190,1202.5,101883
11/02/2011,1201.75,1218.5,1196.5,1202.75,63208
11/03/2011,1200.75,1231.5,1200.75,1227.25,111255
11/04/2011,1226.75,1231,1218.75,1221,59001
11/07/2011,1220.75,1223,1198,1201.75,84870
11/08/2011,1203.25,1217.25,1199.75,1205,68906
11/09/2011,1205.5,1212,1183.5,1185.5,96136
11/10/2011,1184.5,1191.25,1167,1167.5,96644
11/11/2011,1168,1181,1168,1175.5,63947
11/14/2011,1178,1193,1177,1178.25,67925
11/15/2011,1178.25,1206.25,1178.25,1200.25,112669
11/16/2011,1199.75,1203,1182.75,1187.75,85911
11/17/2011,1186.75,1192,1162,1168.25,99484
11/18/2011,1170,1177.5,1152.75,1168.25,81760
11/21/2011,1171,1174.25,1145,1148,84219
11/22/2011,1147.5,1155.75,1141,1153,96590
11/23/2011,1155,1158.5,1121,1122.5,95670
11/25/2011,1120.5,1125.75,1102.75,1106.5,70938
11/28/2011,1114.5,1127.25,1114,1121,85002
11/29/2011,1124.25,1138.5,1115,1125,95258
11/30/2011,1122.75,1146,1111.5,1131.25,114768
12/01/2011,1133.25,1143.75,1116.25,1128,110277
12/02/2011,1130.25,1144.5,1128.25,1135.75,86445
12/05/2011,1140,1148.5,1122,1126.25,88752
12/06/2011,1126,1131.75,1120.25,1129.5,82019
12/07/2011,1130.5,1137,1123.75,1131,88796
12/08/2011,1131.5,1136.5,1121.25,1132.5,115642
12/09/2011,1131,1133.5,1100.25,1107,154898
12/12/2011,1108,1115,1095,1112,109597
12/13/2011,1112,1127,1106.25,1118.5,107292
12/14/2011,1115.25,1119.25,1094.25,1100,130074
12/15/2011,1100.75,1114,1100.25,1111.75,85020
12/16/2011,1112.25,1130.5,1111.5,1130,99647
12/19/2011,1144.5,1158.25,1141.5,1146.75,46967
12/20/2011,1146.5,1159.5,1145,1154.5,43118
12/21/2011,1154.25,1168.5,1142,1163.25,58233
12/22/2011,1162,1177.25,1153.5,1171.75,71235
12/23/2011,1170.25,1176.25,1165.75,1172.5,42336
12/27/2011,1183,1215,1182,1209.5,104931
12/28/2011,1204.75,1218.75,1193,1208,104237
12/29/2011,1206,1211.5,1193,1197,93262
12/30/2011,1195.75,1215.75,1194.25,1207.75,69993
01/03/2012,1233,1244.75,1223.25,1227.5,95517
01/04/2012,1227.5,1235.75,1220.5,1230,92071
01/05/2012,1230,1233.75,1206.75,1209,88973
01/06/2012,1207.25,1219.75,1193.5,1196.5,79425
01/09/2012,1195,1235,1194.5,1233,111715
01/10/2012,1230.75,1237,1220.5,1232,94553
01/11/2012,1228,1232,1200.5,1203,103990
01/12/2012,1202.5,1213.5,1150,1182.5,143179
01/13/2012,1182,1194.5,1157.5,1158.25,127505
01/17/2012,1163,1187,1162.75,1183.5,102904
01/18/2012,1182.5,1187.25,1172.25,1183.5,108813
01/19/2012,1184,1197.5,1181.5,1197,101302
01/20/2012,1197.5,1204,1183,1187,87860
01/23/2012,1194,1219,1192,1217.5,98348
01/24/2012,1213.75,1229.5,1203.75,1220,102469
01/25/2012,1219.25,1226.25,1208.5,1213.5,81822
01/26/2012,1213.5,1231,1213.25,1222.75,84528
01/27/2012,1221.75,1225.75,1215,1219,60554
01/30/2012,1214.25,1218.5,1184.75,1185.25,110514
01/31/2012,1186.75,1201.25,1184.25,1199,109498
02/01/2012,1202,1219,1202,1215.25,103352
02/02/2012,1213.5,1224.75,1206.25,1217,96532
02/03/2012,1217,1236.5,1214,1232.5,101505
02/06/2012,1230.75,1244,1230.75,1233,106641
02/07/2012,1232,1239.5,1227,1232,97375
02/08/2012,1230.25,1244.75,1222.75,1231.5,103893
02/09/2012,1229.5,1247.5,1222.75,1227.5,133129
02/10/2012,1229.25,1230.75,1215,1229,95447
02/13/2012,1238,1254,1232,1252,143518
02/14/2012,1252,1261.75,1245.5,1255,121808
02/15/2012,1254.75,1269,1249,1261,121999
02/16/2012,1260.5,1264.5,1246.25,1258.25,108157
02/17/2012,1264.25,1279.5,1263.75,1273.75,42023
02/21/2012,1276.5,1282.25,1266.5,1277,52842
02/22/2012,1274,1279,1267.75,1278.75,64039
02/23/2012,1277.25,1286.25,1272.25,1283.5,99704
02/24/2012,1283.25,1291.75,1279,1286.75,103128
02/27/2012,1286,1303.75,1284,1302.5,117647
02/28/2012,1300,1314.75,1300,1312.5,114800
02/29/2012,1311,1324.25,1308,1320,116965
03/01/2012,1315.5,1323.75,1306.25,1322.5,105942
03/02/2012,1321.5,1333,1316.25,1333,106708
03/05/2012,1330,1336.5,1323,1325,92869
03/06/2012,1324,1336.25,1315.25,1335.25,131513
03/07/2012,1334,1339,1324,1326.75,96798
03/08/2012,1327,1338.75,1324,1338.5,101588
03/09/2012,1337,1355.5,1330.25,1337.75,157259
03/12/2012,1338,1341.75,1332.25,1334.5,85710
03/13/2012,1333,1354.75,1331.25,1348.75,104890
03/14/2012,1349,1360.75,1346.5,1350.25,99569
03/15/2012,1352.25,1370,1352,1369,99612
03/16/2012,1368.5,1377.5,1363.5,1374,96440
03/19/2012,1374.25,1378,1362.5,1366.5,76048
03/20/2012,1367,1368,1341.75,1345,117640
03/21/2012,1345,1358,1344.75,1355,89731
03/22/2012,1355,1360,1338.5,1349.5,97000
03/23/2012,1350.25,1369.5,1349.5,1365.75,93950
03/26/2012,1365.75,1388.5,1364,1379.5,109894
03/27/2012,1379.75,1387.25,1368.75,1369.75,122644
03/28/2012,1370.75,1379,1364,1367.5,81598
03/29/2012,1369,1376.5,1351,1355.5,126649
03/30/2012,1355.5,1416,1353.5,1403,157501
04/02/2012,1407,1433.75,1406.5,1421,136790
04/03/2012,1421,1434.25,1414,1416.75,100870
04/04/2012,1414.5,1429.75,1408.25,1419.5,126375
04/05/2012,1420,1434.25,1414.75,1434,98989
04/09/2012,1431,1446.75,1423.5,1431,89287
04/10/2012,1431,1452.25,1421.75,1426,163221
04/11/2012,1428,1431.25,1415,1422,102354
04/12/2012,1423.25,1444.5,1420,1441,106415
04/13/2012,1442.5,1447.75,1431.25,1436.75,109436
04/16/2012,1434.5,1435.75,1415.5,1420,84110
04/17/2012,1420.25,1434.5,1418.25,1425.75,89852
04/18/2012,1425,1434,1403.75,1407.75,68118
04/19/2012,1414.75,1435.75,1412.25,1421,102563
04/20/2012,1420.5,1458.75,1418,1449.5,149715
04/23/2012,1450.25,1457.25,1439.75,1441,117138
04/24/2012,1440.5,1471.25,1437.75,1465,138571
04/25/2012,1465,1496.75,1465,1476,175770
04/26/2012,1474.75,1483,1463.5,1480.25,144143
04/27/2012,1482.75,1506.75,1481.5,1493.5,134331
04/30/2012,1490.25,1507,1482,1505.5,98009
05/01/2012,1504,1504.75,1492,1503.5,103124
05/02/2012,1501,1512.5,1481,1485,141036
05/03/2012,1482.5,1488.75,1465.5,1473.5,109399
05/04/2012,1472,1481.25,1458,1478.25,117070
05/07/2012,1470.25,1478.75,1460.25,1465.75,89723
05/08/2012,1467.25,1471.25,1434.25,1438.25,142634
05/09/2012,1438.25,1441.75,1413.25,1430.25,121799
05/10/2012,1430,1458.75,1429.5,1455.25,109436
05/11/2012,1457,1461.75,1402.5,1406,136038
05/14/2012,1406,1406.75,1376,1387,148835
05/15/2012,1385.5,1415.75,1380,1413,138598
05/16/2012,1413.5,1423,1386.25,1422,131249
05/17/2012,1423.75,1449.75,1420.25,1438,107784
05/18/2012,1435,1438.75,1405,1405,88009
05/21/2012,1413.75,1423,1408.5,1412.5,73082
05/22/2012,1410.75,1417.75,1375,1382.25,117953
05/23/2012,1382.5,1383.25,1351,1362.5,124246
05/24/2012,1367.5,1387.75,1367.5,1376,84911
05/25/2012,1380,1386.5,1371.5,1382,65113
05/29/2012,1383,1402,1379.25,1386.75,81906
05/30/2012,1388,1394.5,1364.25,1373.25,86184
05/31/2012,1377.25,1377.5,1339.5,1340,113433
06/01/2012,1340.75,1358,1317.5,1344.25,122529
06/04/2012,1350,1355.75,1331.5,1340,76619
06/05/2012,1340.5,1360.25,1340.5,1349.5,81935
06/06/2012,1353.5,1392,1352.75,1386.25,102726
06/07/2012,1386,1430,1383.25,1428,113429
06/08/2012,1425.25,1439,1408.25,1426.25,118117
06/11/2012,1426,1445.5,1418,1424.75,81841
06/12/2012,1425.5,1449.25,1416.25,1435,114267
06/13/2012,1433.5,1437.5,1404.75,1408.25,96805
06/14/2012,1408.25,1415.75,1384,1386,83581
06/15/2012,1389.75,1401.5,1370.75,1376,92839
06/18/2012,1383,1396.25,1375.25,1384.25,88328
06/19/2012,1375.25,1437.5,1374.75,1421.25,41954
06/20/2012,1420.25,1437,1415,1437,27216
06/21/2012,1433,1443.25,1421.5,1423,33226
06/22/2012,1423,1447.75,1419,1426,34100
06/25/2012,1442.5,1479,1442.5,1467,32104
06/26/2012,1472.25,1479.5,1450,1455.5,35185
06/27/2012,1455.5,1481.5,1452,1456,46528
06/28/2012,1458.25,1465,1438.75,1446.25,43475
06/29/2012,1448,1486.5,1441,1481.75,45232
07/02/2012,1492.75,1509.75,1485,1494.25,30706
07/03/2012,1506,1533,1497.5,1529.5,28555
07/05/2012,1545.5,1585.5,1544.5,1583,41170
07/06/2012,1580,1583,1561.75,1567.25,31183
07/09/2012,1588,1625.5,1583.5,1606.75,32835
07/10/2012,1606.25,1611.25,1586.25,1590.5,33202
07/11/2012,1591.75,1625,1553,1571.5,46261
07/12/2012,1575.75,1589,1559.25,1572.5,29771
07/13/2012,1572,1600,1571.5,1594.75,22167
07/16/2012,1613,1636,1610,1633.75,28066
07/17/2012,1643.25,1647.75,1616.75,1639,30000
07/18/2012,1639,1685.5,1626,1683.5,41661
07/19/2012,1648,1707.75,1641,1691.25,23491
07/20/2012,1690.25,1730,1685,1713.25,23217
07/23/2012,1715.25,1720,1644,1647.75,20883
07/24/2012,1647.25,1655.25,1577.75,1595.5,22663
07/25/2012,1595,1647.5,1564.25,1640.5,17600
07/26/2012,1639,1642,1587.75,1596.5,20788
07/27/2012,1596.5,1636.75,1581.75,1627.75,18478
07/30/2012,1645.25,1672,1642,1667.25,15627
07/31/2012,1657.5,1682.5,1653,1656.75,17916
08/01/2012,1657,1675.5,1602.25,1638.75,39214
08/02/2012,1645.25,1656,1601.25,1623.5,19662
08/03/2012,1624.5,1645.25,1609.25,1635.75,16247
08/06/2012,1608.75,1612.75,1586.75,1592.5,21233
08/07/2012,1592.5,1612.5,1574,1576.5,14257
08/08/2012,1576.75,1601.75,1570.25,1600,15228
08/09/2012,1599.5,1657,1595.25,1654.75,18411
08/10/2012,1651.25,1699.75,1646.75,1673.25,19419
08/13/2012,1662,1679.5,1620,1622.25,16029
08/14/2012,1619.75,1635,1610.25,1623.5,12189
08/15/2012,1623,1661.5,1623,1659.75,9545
08/16/2012,1659.5,1672.75,1646.25,1656.25,11740
08/17/2012,1624.25,1647.5,1620.5,1645.75,69506
08/20/2012,1646,1685,1641,1683.5,101277
08/21/2012,1685,1734,1681,1732.5,149500
08/22/2012,1730.25,1734.25,1715.5,1727.75,101579
08/23/2012,1729.25,1744.75,1704.25,1715,134786
08/24/2012,1715.5,1737.25,1710.75,1731.5,92575
08/27/2012,1740.75,1760.5,1714,1718.75,130263
08/28/2012,1723.25,1731,1701,1722.25,114276
08/29/2012,1724,1754,1716.5,1753,97516
08/30/2012,1753,1771.25,1735.25,1763.5,118730
08/31/2012,1761,1763.25,1745.5,1756.5,95892
09/04/2012,1771.5,1789,1755.5,1768.25,133443
09/05/2012,1766.75,1769.75,1742.5,1747.5,105401
09/06/2012,1748,1753.75,1725.5,1747,106329
09/07/2012,1746,1752,1726.25,1736.5,98029
09/10/2012,1728,1744.25,1716,1718.75,87155
09/11/2012,1718,1729,1698.75,1701.5,110103
09/12/2012,1700.25,1750,1693.5,1745.75,164599
09/13/2012,1746,1750,1732.75,1747.25,111672
09/14/2012,1746.5,1765.75,1737.5,1739,113787
09/17/2012,1733.25,1736.25,1669,1669,167468
09/18/2012,1660,1669,1630.5,1640,183122
09/19/2012,1643,1675.75,1643,1669.5,111816
09/20/2012,1668,1686,1616,1618.75,190026
09/21/2012,1620.25,1639,1607.5,1621.75,135462
09/24/2012,1621.75,1626,1590.25,1610,132015
09/25/2012,1608.25,1625.5,1604.25,1611.5,107344
09/26/2012,1611,1613.25,1565,1573,146255
09/27/2012,1573.5,1584,1557.5,1570.75,140165
09/28/2012,1570,1613.75,1559.5,1601,201224
10/01/2012,1596.5,1600,1558,1560.25,135722
10/02/2012,1559.75,1561.25,1526.5,1530.5,158462
10/03/2012,1531.5,1543.75,1504,1531.75,165835
10/04/2012,1532,1568.75,1531,1551.5,136541
10/05/2012,1552,1569.5,1544.5,1551.5,145075
10/08/2012,1553.5,1561,1537.5,1551,118673
10/09/2012,1550.5,1574,1547,1550,135427
10/10/2012,1547.75,1550,1518,1523.25,153713
10/11/2012,1523,1568,1521.25,1548.5,209081
10/12/2012,1548,1553.5,1510,1522.5,133054
10/15/2012,1519,1520,1485.75,1492.5,129430
10/16/2012,1494,1514.75,1493,1493.75,103736
10/17/2012,1492.75,1510,1486.25,1508.25,34889
10/18/2012,1507.5,1547.75,1506.75,1546.25,70346
10/19/2012,1545,1557,1534.5,1536.5,64081
10/22/2012,1532.75,1561.25,1529,1549.25,81820
10/23/2012,1549.25,1557,1531.25,1555.75,61037
10/24/2012,1555.75,1577,1551.75,1572.25,84516
10/25/2012,1571,1576,1558.75,1566,75925
10/26/2012,1564,1568.75,1553.75,1563.75,77813
10/29/2012,1561.25,1563.5,1526.25,1529.75,95948
10/30/2012,1531,1551,1528.25,1536.5,101324
10/31/2012,1535,1558.75,1535,1548.75,94030
11/01/2012,1549,1571.5,1548,1560,82777
11/02/2012,1558.5,1560,1524.25,1526.75,100832
11/05/2012,1520.75,1524.25,1502,1503.25,81755
11/06/2012,1503,1523,1502.5,1515.5,72044
11/07/2012,1516,1521.75,1497.25,1507,84550
11/08/2012,1507,1513.5,1495,1495.75,82934
11/09/2012,1494.5,1499,1450,1451.25,166880
11/12/2012,1448.25,1448.75,1402,1405,134755
11/13/2012,1407,1417.75,1391.25,1408,106344
11/14/2012,1407.5,1428.5,1407.25,1419,86458
11/15/2012,1420,1427.75,1401,1402,75222
11/16/2012,1403.25,1409.25,1372.25,1383.25,111038
11/19/2012,1386.75,1402.75,1385.5,1394.75,76443
11/20/2012,1395.25,1416,1380.75,1412.75,93560
11/21/2012,1412,1424,1399.25,1408.25,69796
11/23/2012,1422,1427,1414.5,1418.75,32994
11/26/2012,1419.75,1435.5,1416.75,1424.75,77140
11/27/2012,1424.75,1451,1423,1449.25,91378
11/28/2012,1450.25,1456.75,1440,1446.25,81547
11/29/2012,1447,1460,1441.25,1448,95313
11/30/2012,1448.5,1452,1429,1438.75,74804
12/03/2012,1443.75,1462.75,1442,1453.75,93809
12/04/2012,1453,1461,1436,1455.5,84049
12/05/2012,1455,1479.75,1453.5,1479.25,96796
12/06/2012,1477.75,1492.5,1473.25,1491.25,101950
12/07/2012,1490.75,1498.25,1470,1472.25,144339
12/10/2012,1470,1477,1453,1474.75,134366
12/11/2012,1474.75,1487.75,1464.25,1472,153947
12/12/2012,1473,1478.75,1457.25,1473.5,131637
12/13/2012,1471.25,1490,1465,1476.5,124841
12/14/2012,1475.5,1497,1474.25,1496,85466
12/17/2012,1496,1508.75,1492.5,1496.25,92953
12/18/2012,1496,1501.75,1462.5,1466,133472
12/19/2012,1460.5,1466.5,1426.25,1431,101950
12/20/2012,1431.5,1435,1397.75,1404.75,133376
12/21/2012,1404.75,1434.75,1404.5,1429.25,78283
12/24/2012,1430.75,1441.25,1425.5,1435.75,24765
12/26/2012,1440.25,1443,1415,1418.5,39274
12/27/2012,1417,1429.5,1411.25,1414,62528
12/28/2012,1414.5,1427.25,1412.75,1418,64067
12/31/2012,1415.75,1425.5,1400.75,1409.5,53821
01/02/2013,1430,1435,1386.25,1392.25,93984
01/03/2013,1393.5,1396.75,1372.5,1386.5,85127
01/04/2013,1387.25,1397.25,1356,1367.25,104073
01/07/2013,1367,1389.5,1357,1388.5,93555
01/08/2013,1388,1393.75,1376.5,1386.5,101285
01/09/2013,1385.25,1393,1380.25,1385.5,69608
01/10/2013,1385.5,1394.75,1376.25,1379.75,77347
01/11/2013,1378,1381.75,1351.5,1373.25,154183
01/14/2013,1377,1423,1376.5,1418,146903
01/15/2013,1416.75,1436.25,1408,1413.5,103624
01/16/2013,1413,1439,1412.25,1436.5,94398
01/17/2013,1436,1448,1422.25,1430.25,111879
01/18/2013,1431,1438.5,1421,1429.25,76707
01/22/2013,1440,1460.75,1436,1451.75,111637
01/23/2013,1449,1458,1432,1437,90653
01/24/2013,1437,1439,1415,1435.25,83913
01/25/2013,1436,1445,1426,1441,95885
01/28/2013,1446.5,1452.5,1434.75,1447.75,86823
01/29/2013,1445.75,1458,1441,1451.75,84650
01/30/2013,1450.25,1481.75,1447,1478.75,138947
01/31/2013,1477.25,1484.25,1455,1468.5,138487
02/01/2013,1470,1486.5,1463.75,1474.25,94849
02/04/2013,1483.75,1498,1475.5,1488.75,95992
02/05/2013,1488,1496.5,1478,1495.5,90371
02/06/2013,1495,1495,1477,1487.5,107825
02/07/2013,1488.5,1497,1478,1486.75,131635
02/08/2013,1486.25,1494.75,1451,1452.5,166712
02/11/2013,1450,1450.75,1429.25,1431.5,117728
02/12/2013,1431.25,1438.5,1417,1420.75,113176
02/13/2013,1423,1428.75,1404.5,1423,104862
02/14/2013,1423.75,1428.75,1406,1418,95572
02/15/2013,1419,1428,1415,1424.5,90717
02/19/2013,1432.5,1474.25,1432.25,1470.25,145035
02/20/2013,1456.5,1477,1453.5,1468.5,84293
02/21/2013,1466.75,1476,1454,1470.5,105363
02/22/2013,1469,1497,1442,1443.75,162456
02/25/2013,1444.25,1453,1421.5,1435.25,130102
02/26/2013,1432.25,1442.5,1420.5,1431.75,119886
02/27/2013,1433.75,1448.75,1425,1439.5,100237
02/28/2013,1439.5,1467.75,1434,1452.25,120133
03/01/2013,1452,1457.5,1433,1443.5,87803
03/04/2013,1440.5,1464.25,1434.25,1462,95565
03/05/2013,1462,1481.75,1459,1466.5,102491
03/06/2013,1466.5,1475.5,1455.5,1466,96294
03/07/2013,1465.5,1474.75,1460.75,1473.5,72140
03/08/2013,1473,1484.75,1450.25,1471,114175
03/11/2013,1474.5,1484,1467.25,1479.5,73574
03/12/2013,1479,1480.5,1465,1468.75,79781
03/13/2013,1468,1468.75,1440.25,1447,112432
03/14/2013,1446.75,1450,1429,1435.5,95062
03/15/2013,1439,1445.25,1422.5,1426,95326
03/18/2013,1424,1425.25,1404.25,1409.5,112973
03/19/2013,1409.5,1418.75,1403,1406.75,97365
03/20/2013,1407,1422,1406.25,1419.75,76440
03/21/2013,1420.5,1451.5,1419.5,1449,98509
03/22/2013,1447,1448.75,1433,1440.5,79281
03/25/2013,1440.5,1445.5,1430.5,1437.25,62846
03/26/2013,1437,1449.5,1434,1447.75,61945
03/27/2013,1447.75,1457.75,1443.5,1453.75,58313
03/28/2013,1455.5,1459.75,1397,1404.75,148848
04/01/2013,1401.5,1408.25,1386.25,1390.75,96120
04/02/2013,1393.5,1405.75,1386,1394,98588
04/03/2013,1395.25,1397.25,1375.5,1380.25,100704
04/04/2013,1381.5,1383.75,1361,1372,95365
04/05/2013,1372,1373.5,1354.5,1361.75,102344
04/08/2013,1360.25,1380,1356.25,1378,105310
04/09/2013,1378.75,1397,1375.5,1395.5,123394
04/10/2013,1394.5,1409.75,1385.5,1392.75,113167
04/11/2013,1392.75,1406.25,1382.5,1402,122393
04/12/2013,1401.25,1419,1399.5,1413,103806
04/15/2013,1413,1419.75,1393.75,1395,100251
04/16/2013,1394.5,1417,1389,1411.5,102038
04/17/2013,1374.5,1389.25,1368,1380,87033
04/18/2013,1377.75,1399.75,1375.25,1390,105695
04/19/2013,1390,1400.5,1380,1382.5,72572
04/22/2013,1377.5,1380.5,1358.5,1364.25,91737
04/23/2013,1364,1371.5,1353,1358.5,122682
04/24/2013,1356.75,1364.5,1341,1345.25,107015
04/25/2013,1345.25,1373.75,1344,1372.25,98775
04/26/2013,1371,1385.5,1366,1381,102431
04/29/2013,1380,1410.75,1377.5,1408.75,118859
04/30/2013,1407.75,1423.75,1395.75,1399,103847
05/01/2013,1396,1398,1365.5,1373,94972
05/02/2013,1373,1383.25,1368,1372.25,69725
05/03/2013,1372,1399.75,1372,1387.25,81739
05/06/2013,1382.75,1395,1366.25,1369.25,67148
05/07/2013,1369,1384,1367.5,1382.25,66294
05/08/2013,1382.25,1403,1379,1390.75,87943
05/09/2013,1390.25,1410,1387,1408.75,81397
05/10/2013,1407,1419.5,1390,1399,100251
05/13/2013,1394,1423,1393.5,1419.25,78870
05/14/2013,1418.75,1426,1405,1414.75,75010
05/15/2013,1414.75,1422.75,1402.25,1412.75,79798
05/16/2013,1412.75,1431,1408.25,1427.5,88796
05/17/2013,1427.5,1449.25,1424,1448.5,111419
05/20/2013,1446.25,1466,1443.25,1464.5,107222
05/21/2013,1460.5,1479.25,1456,1478.25,125501
05/22/2013,1477,1494.75,1470.5,1494.25,115680
05/23/2013,1492.5,1546.75,1487.5,1499.5,187905
05/24/2013,1493,1505.75,1471.25,1476.25,119652
05/28/2013,1475,1528.5,1472.5,1509.25,105640
05/29/2013,1505,1519,1490,1501.75,80708
05/30/2013,1502,1507.5,1487,1495.75,52524
05/31/2013,1494.25,1523,1494.25,1510,80189
06/03/2013,1509.5,1540.75,1509,1532.5,84969
06/04/2013,1531.75,1533,1518,1528.75,56812
06/05/2013,1528,1549,1523.25,1532,101120
06/06/2013,1532,1534.25,1519.25,1527.25,76211
06/07/2013,1528,1542,1521.25,1528.25,80293
06/10/2013,1522.75,1527,1502.5,1511.75,90119
06/11/2013,1515.5,1544,1514.75,1540.5,93870
06/12/2013,1539.75,1558.75,1530.5,1540.75,110605
06/13/2013,1540,1543.5,1506.5,1510.25,94100
06/14/2013,1510,1522,1506,1516.5,55355
06/17/2013,1508.25,1519.5,1490,1512.5,50982
06/18/2013,1511.75,1530,1510,1510.75,67843
06/19/2013,1435.5,1450.5,1429,1447,14218
06/20/2013,1443.25,1443.5,1419.25,1420.75,14044
06/21/2013,1420.75,1428.75,1410,1413.75,13273
06/24/2013,1405,1423.25,1401,1421.25,18614
06/25/2013,1420.75,1433.5,1417,1429.25,19740
06/26/2013,1428,1432.25,1420.25,1425.25,28508
06/27/2013,1424.25,1437,1421.25,1432.5,38454
06/28/2013,1429.25,1446.75,1411.75,1431,34506
07/01/2013,1426,1453.75,1420.75,1436.25,25345
07/02/2013,1435.25,1445,1430.25,1433.5,17050
07/03/2013,1432.75,1450,1432.75,1441.25,16750
07/05/2013,1441.25,1443.25,1431.75,1432,15692
07/08/2013,1432,1459.5,1426.75,1455.5,29154
07/09/2013,1455.5,1479.5,1452,1468.25,37956
07/10/2013,1467,1479,1462,1464.75,34468
07/11/2013,1463.75,1476.5,1460,1472,34491
07/12/2013,1473.25,1478,1427,1429,34640
07/15/2013,1424,1458,1419.5,1453.75,31883
07/16/2013,1456.75,1488,1453,1475.25,33964
07/17/2013,1475.25,1482,1464.25,1477.5,20853
07/18/2013,1326,1328.25,1309,1316.25,9900
07/19/2013,1317,1330.75,1316.75,1326,10505
07/22/2013,1328.75,1352.5,1320,1348.75,17319
07/23/2013,1344.25,1357,1322.5,1324,22716
07/24/2013,1322,1332,1297.25,1301.75,20139
07/25/2013,1298.25,1308,1263.25,1266.75,17819
07/26/2013,1266.25,1276,1250.25,1275.25,16036
07/29/2013,1271,1276.75,1257.25,1272,17159
07/30/2013,1271.75,1280,1247.25,1249,17977
07/31/2013,1248,1253.75,1237.25,1249.75,10650
08/01/2013,1247,1252.25,1230.25,1234.25,13702
08/02/2013,1236,1247.75,1207.75,1212.75,16367
08/05/2013,1212.25,1214.25,1186.5,1207.5,18571
08/06/2013,1207.25,1209.75,1192.5,1193.5,11433
08/07/2013,1192.75,1208.5,1192.25,1199,13246
08/08/2013,1199,1233,1198.75,1227.75,17011
08/09/2013,1228,1241,1216,1218.5,12251
08/12/2013,1224,1258.25,1217,1256.5,17430
08/13/2013,1253.5,1269,1252.5,1257.75,8908
08/14/2013,1257.75,1271,1243.25,1269.5,11285
08/15/2013,1271.75,1294,1271,1288.25,17639
08/16/2013,1287.75,1296,1282.5,1283.25,14233
08/19/2013,1272.75,1305.25,1272.5,1303.25,159863
08/20/2013,1303,1309.75,1282.75,1290.5,115131
08/21/2013,1289.5,1319,1285.5,1304,134105
08/22/2013,1300.5,1305.5,1283,1286.75,136680
08/23/2013,1290,1331.5,1288.25,1328,161138
08/26/2013,1348,1398,1348,1389.5,236119
08/27/2013,1387,1409.5,1368,1370.5,183428
08/28/2013,1373.5,1387.75,1362.25,1372.75,126818
08/29/2013,1375,1382.75,1360.5,1368.5,101021
08/30/2013,1370.5,1370.5,1346,1357.5,113607
09/03/2013,1394,1408.5,1378.5,1386.75,156352
09/04/2013,1385,1387.25,1341.5,1352.5,142580
09/05/2013,1355.25,1368.5,1335,1367.5,119454
09/06/2013,1368,1377.5,1355.5,1367.75,117381
09/09/2013,1382,1384,1351.25,1356.5,92709
09/10/2013,1348,1363.25,1340.25,1355,94585
09/11/2013,1357.25,1361.5,1348.75,1358.25,73051
09/12/2013,1358,1398.75,1341.25,1396,216901
09/13/2013,1398,1400,1380.75,1381.5,103430
09/16/2013,1374,1375.25,1342.75,1348.25,122652
09/17/2013,1349,1366.5,1332,1342.5,150137
09/18/2013,1341.5,1349.75,1335,1347.75,87033
09/19/2013,1352.5,1361.25,1331.25,1339.5,102649
09/20/2013,1340.5,1340.5,1311.75,1315.25,118735
09/23/2013,1310,1317.75,1305.5,1307.75,80316
09/24/2013,1306.5,1322.75,1305.25,1312.5,73052
09/25/2013,1311.5,1328,1306.5,1321.75,101566
09/26/2013,1320,1322.75,1311.25,1316.75,72707
09/27/2013,1316.5,1327.75,1311.5,1319.75,91120
09/30/2013,1312.75,1317,1281,1282.75,169923
10/01/2013,1278.5,1278.75,1263.5,1268,123503
10/02/2013,1267.5,1282,1263.75,1273.75,128886
10/03/2013,1273,1289.75,1271,1288.25,116591
10/04/2013,1286.25,1298,1280,1295,107858
10/07/2013,1292.25,1305,1288.5,1296.5,107027
10/08/2013,1296.25,1305.75,1283.75,1288.75,149055
10/09/2013,1287.5,1293,1281.25,1287.75,128973
10/10/2013,1286.5,1302,1285.5,1288,150688
10/11/2013,1286,1288,1266,1266.75,147378
10/14/2013,1263.75,1280,1261.75,1273,115468
10/15/2013,1271,1276.75,1264.25,1267,92847
10/16/2013,1267,1279.5,1266,1276.5,119977
10/17/2013,1274.25,1292.25,1272.25,1289.5,78530
10/18/2013,1287.25,1297.75,1284.25,1289.75,73296
10/21/2013,1287.75,1301.25,1287,1300.5,58797
10/22/2013,1298.25,1301,1290,1297.5,78150
10/23/2013,1294.5,1312.75,1292.25,1304,101199
10/24/2013,1303,1311.25,1299.75,1303.75,74040
10/25/2013,1303,1306,1292.75,1293.5,87605
10/28/2013,1293.25,1294.25,1267,1268,140691
10/29/2013,1266.5,1274.25,1264.5,1270.75,106597
10/30/2013,1270.5,1280.5,1270.5,1276.5,97635
10/31/2013,1274.25,1287.5,1265,1266.25,102373
11/01/2013,1266,1271.25,1250.25,1251.5,115646
11/04/2013,1252,1263,1250.25,1256.5,79254
11/05/2013,1256,1262,1247,1250.25,72192
11/06/2013,1249.5,1261,1249.25,1255,61513
11/07/2013,1254.5,1274.75,1251.25,1266.5,107555
11/08/2013,1264.5,1297.5,1261.75,1296,161534
11/11/2013,1295,1304.75,1288.25,1301,89497
11/12/2013,1299.5,1319.75,1295.5,1314.5,118927
11/13/2013,1313.25,1317.75,1307.5,1315,86260
11/14/2013,1314,1321.5,1305,1313.5,77295
11/15/2013,1312.75,1315.75,1278,1280.5,106848
11/18/2013,1280,1290,1276.5,1287.5,72543
11/19/2013,1285.5,1294,1268.25,1276.25,114103
11/20/2013,1277,1283.75,1270.25,1273.75,71551
11/21/2013,1275.25,1292.5,1275.25,1291.5,92414
11/22/2013,1290.75,1322,1290.5,1319.5,131379
11/25/2013,1318.5,1334.5,1309.25,1329.25,111656
11/26/2013,1327,1330.75,1316.75,1329.25,102374
11/27/2013,1327.5,1341,1318.25,1320,105162
11/29/2013,1328.5,1339.5,1327,1336.5,56777
12/02/2013,1335.75,1346,1319.25,1321.25,100676
12/03/2013,1320.75,1329,1311.25,1319.75,92773
12/04/2013,1320,1334.5,1311.5,1329.5,108326
12/05/2013,1328,1333,1316,1328,105555
12/06/2013,1328,1328,1316.5,1325.5,89331
12/09/2013,1324.75,1346.75,1324.5,1343.75,119248
12/10/2013,1342.75,1353.5,1330.5,1338.25,151495
12/11/2013,1339.25,1345.5,1334.5,1344,95905
12/12/2013,1343,1347,1318.5,1323.75,142780
12/13/2013,1323,1328,1312.25,1327.5,73351
12/16/2013,1328,1343.5,1319,1337.75,96158
12/17/2013,1336,1350,1328.5,1346.5,110864
12/18/2013,1332.75,1339,1313,1313.75,92926
12/19/2013,1314.5,1320,1306,1319,101805
12/20/2013,1317.5,1336.5,1313,1331,71912
12/23/2013,1335,1339.25,1319,1319.75,65953
12/24/2013,1319.75,1327.25,1315.25,1322.75,28392
12/26/2013,1319,1319,1302.25,1305.25,56516
12/27/2013,1305.25,1314.5,1304,1313.75,57120
12/30/2013,1306.5,1316,1299.5,1308.75,82926
12/31/2013,1307.5,1311,1289.25,1292.5,67496
01/02/2014,1292,1292.75,1262.5,1270,104493
01/03/2014,1270,1278.5,1265,1271.25,83862
01/06/2014,1274,1282.25,1269.25,1276.75,63985
01/07/2014,1277.5,1283,1266,1276,82053
01/08/2014,1275,1276,1266.5,1269.25,77291
01/09/2014,1267.75,1278,1267.25,1273.75,68926
01/10/2014,1273.5,1297,1271.5,1278.5,133083
01/13/2014,1278.75,1296.75,1266.5,1294.25,111270
01/14/2014,1293,1316.75,1288.5,1307,125170
01/15/2014,1305.25,1321,1303.25,1318,96559
01/16/2014,1316.5,1330.5,1311,1315,101482
01/17/2014,1312.75,1318.5,1305.5,1316.5,76571
01/21/2014,1313,1314,1280,1280.5,120155
01/22/2014,1279.75,1286,1272,1279.5,101694
01/23/2014,1279.75,1296.75,1275.25,1277,107872
01/24/2014,1275.75,1287,1263.5,1284.75,110447
01/27/2014,1286,1293,1279,1287.75,91707
01/28/2014,1287.25,1290,1277.5,1285.5,58970
01/29/2014,1284.75,1286,1266,1269.25,100762
01/30/2014,1269,1286.5,1260,1275,127093
01/31/2014,1275.5,1284,1271.5,1282.75,71001
02/03/2014,1281.75,1299.75,1278.5,1292.75,91717
02/04/2014,1292.75,1316,1291,1313.25,114579
02/05/2014,1312,1321.25,1305,1316.25,112133
02/06/2014,1315.25,1334.5,1314.75,1325.75,110834
02/07/2014,1324,1332.5,1320,1331.5,86853
02/10/2014,1327,1340,1318.5,1325.5,138644
02/11/2014,1323.25,1337.5,1312.5,1334.75,136598
02/12/2014,1335,1340,1322,1323,120903
02/13/2014,1323,1347.5,1322.5,1344.25,146027
02/14/2014,1342.25,1356,1336.75,1337.5,104800
02/18/2014,1337.25,1361.75,1335.5,1361,110545
02/19/2014,1360.5,1371.75,1351,1354.25,91724
02/20/2014,1341.5,1349.75,1332,1347.75,105458
02/21/2014,1347.5,1362,1341,1360.25,115598
02/24/2014,1360,1378,1358.25,1375,125276
02/25/2014,1373,1388.5,1365.75,1387.25,144171
02/26/2014,1385.5,1397.75,1381.25,1397,168902
02/27/2014,1395,1445.5,1388.25,1390,220731
02/28/2014,1389.75,1415,1377.25,1414,112432
03/03/2014,1419,1437.5,1402,1409.25,113523
03/04/2014,1408.5,1425.75,1404.25,1423,80605
03/05/2014,1425,1426.5,1409.5,1420.5,89926
03/06/2014,1423,1440,1416.75,1438,82521
03/07/2014,1436.75,1460,1435.5,1457.75,126101
03/10/2014,1454.5,1456.25,1414,1418.75,131178
03/11/2014,1418.5,1428.75,1410.75,1413,105498
03/12/2014,1406.25,1407.25,1365.5,1387,135661
03/13/2014,1388.75,1412.5,1380.75,1396.25,120924
03/14/2014,1393.5,1401.5,1379.5,1388.5,82163
03/17/2014,1388,1395.75,1375.5,1391.75,73501
03/18/2014,1390,1419.5,1384.5,1418.25,86122
03/19/2014,1416.5,1442,1416.5,1431.25,84021
03/20/2014,1430.5,1456.5,1422.25,1433.75,115248
03/21/2014,1433.5,1435.75,1405.25,1408.75,77887
03/24/2014,1404.5,1432.75,1393.25,1425.5,79050
03/25/2014,1425.75,1436,1416,1428,59859
03/26/2014,1426,1441.75,1420.75,1440,64024
03/27/2014,1439.5,1450.5,1430.5,1436.5,66708
03/28/2014,1436,1443.5,1428.25,1436.5,59818
03/31/2014,1433.5,1466.5,1423,1464,114538
04/01/2014,1463,1491.5,1460.5,1484.5,99416
04/02/2014,1483.25,1496,1456,1462.25,115773
04/03/2014,1462.25,1480.75,1458.25,1475.25,86242
04/04/2014,1474.75,1487,1463,1473.75,72120
04/07/2014,1472.25,1479.5,1459.5,1464.25,80388
04/08/2014,1464.25,1483.5,1462,1482.5,97342
04/09/2014,1482.5,1512,1481.5,1495.25,131665
04/10/2014,1494.75,1495,1476.25,1482.25,80017
04/11/2014,1481.75,1482.25,1460.75,1463,92904
04/14/2014,1462.25,1478,1461.25,1476.25,92763
04/15/2014,1476.25,1509.25,1473.5,1501.25,95184
04/16/2014,1500.25,1522.75,1499.5,1518.75,63784
04/17/2014,1507.25,1521,1492.5,1502.25,87483
04/21/2014,1503.75,1512.25,1473.5,1487.25,69793
04/22/2014,1489.5,1497,1470,1470.75,108108
04/23/2014,1472,1479,1460.5,1464.75,102503
04/24/2014,1463.75,1472,1460.5,1470,89452
04/25/2014,1470.25,1496,1470,1494.25,119418
04/28/2014,1496.5,1513,1490.75,1500,113960
04/29/2014,1499.5,1520.5,1494,1517.25,103571
04/30/2014,1517.25,1517.75,1502.25,1512.75,76328
05/01/2014,1510.5,1512,1460,1461,126620
05/02/2014,1462.5,1472,1451,1470.75,86286
05/05/2014,1475.5,1482.5,1461,1463.25,61538
05/06/2014,1464.75,1464.75,1443.25,1459.5,88344
05/07/2014,1456.75,1457.5,1441.75,1446.25,82514
05/08/2014,1447.25,1470.25,1446.25,1469.5,82794
05/09/2014,1467.25,1491.5,1453,1487,107822
05/12/2014,1487,1496,1462.5,1465.25,79353
05/13/2014,1463.75,1485,1460.5,1483.75,63178
05/14/2014,1483,1489.5,1467,1486.75,90590
05/15/2014,1486,1493.5,1462.5,1470.25,99019
05/16/2014,1469.25,1478.5,1461.5,1465,62692
05/19/2014,1463.75,1492.75,1456.25,1485.25,94674
05/20/2014,1484,1501,1468.5,1469.75,85714
05/21/2014,1469,1507.75,1467.5,1505.25,92239
05/22/2014,1505,1536.75,1503,1518.75,127419
05/23/2014,1519,1529,1512.25,1515.5,61663
05/27/2014,1510.5,1515.5,1486.5,1488.75,79673
05/28/2014,1488.25,1502,1482.75,1497.75,59173
05/29/2014,1498,1508.75,1493.25,1499,60119
05/30/2014,1501.5,1506.5,1491,1493.25,53201
06/02/2014,1488,1511.75,1478.25,1500.5,80719
06/03/2014,1497.5,1502,1475,1481.25,94325
06/04/2014,1481.25,1495.75,1475.75,1482.5,77246
06/05/2014,1482.5,1487.25,1460,1460.5,100870
06/06/2014,1461,1466.5,1456,1457,79585
06/09/2014,1458.25,1469.75,1452,1457,90654
06/10/2014,1457,1475.25,1454.25,1462.5,96312
06/11/2014,1461.75,1466.5,1444.5,1445.5,116254
06/12/2014,1444,1452.75,1410,1415.25,139658
06/13/2014,1415,1429,1411,1425.75,62657
06/16/2014,1427.75,1435.5,1417.5,1421.75,77649
06/17/2014,1421.5,1425.25,1395.75,1398.25,92060
06/18/2014,1398.5,1419,1393.5,1409,67269
06/19/2014,1357,1370.5,1355,1369,13588
06/20/2014,1368,1368.75,1348,1361.5,24350
06/23/2014,1366,1378,1349.5,1365.5,23935
06/24/2014,1364.25,1364.75,1351,1357.75,25081
06/25/2014,1358,1367,1357,1361.75,27822
06/26/2014,1361.5,1382.75,1360.25,1381.75,38022
06/27/2014,1377.75,1392.25,1374.75,1378,51005
06/30/2014,1377,1390,1314.25,1329.75,61277
07/01/2014,1327.25,1335,1305,1327.75,33739
07/02/2014,1330,1335,1311.25,1314.75,28691
07/03/2014,1314.75,1321.5,1297.25,1299.75,31285
07/07/2014,1287.5,1290,1269.5,1273.25,32283
07/08/2014,1272,1274.5,1244,1248.5,38343
07/09/2014,1247.5,1253.5,1231.25,1246.5,37426
07/10/2014,1246.25,1260.75,1232,1232.75,24249
07/11/2014,1232.5,1238.25,1159.25,1195.75,48068
07/14/2014,1193.25,1211.5,1189,1197,26519
07/15/2014,1194.25,1195,1153.25,1180.5,48077
07/16/2014,1180.5,1203.5,1180.5,1187.25,24155
07/17/2014,1189,1200,1172.25,1174.75,23518
07/18/2014,1174,1184.75,1171.25,1176.75,15949
07/21/2014,1173.75,1185,1166,1175.75,19792
07/22/2014,1089,1105,1084.25,1085,12966
07/23/2014,1085,1102.75,1084.5,1101.75,10822
07/24/2014,1100.75,1133.75,1100.75,1111.5,10394
07/25/2014,1112,1115.5,1098.5,1113.75,9546
07/28/2014,1121,1138.75,1120,1137,9617
07/29/2014,1138.5,1143.75,1118.25,1121.5,14628
07/30/2014,1120.75,1123.5,1100,1102.25,19527
07/31/2014,1101.75,1105.75,1094,1099.75,10646
08/01/2014,1095,1098.25,1069.75,1073.5,13424
08/04/2014,1071,1096,1068.5,1095.25,10718
08/05/2014,1090,1090,1074.75,1081.5,7729
08/06/2014,1080.75,1097.5,1078,1096.5,8424
08/07/2014,1096.5,1101,1091.5,1099.25,8455
08/08/2014,1097.5,1114.5,1097.5,1113.75,14529
08/11/2014,1110.25,1128.75,1106,1108.5,18757
08/12/2014,1109.25,1114.5,1079,1094.25,13237
08/13/2014,1094,1102.25,1078.25,1079.5,13347
08/14/2014,1080,1099,1071.25,1098.25,11391
08/15/2014,1097.5,1113.5,1090.75,1102.5,11052
08/18/2014,1101.75,1121,1099,1115.5,14302
08/19/2014,1112.5,1122.5,1106.5,1120.25,14811
08/20/2014,1051.75,1055,1036.5,1038,108919
08/21/2014,1037.25,1047,1035,1038.25,87176
08/22/2014,1038,1047.75,1037.75,1042,91804
08/25/2014,1035.25,1037,1026,1029.25,96232
08/26/2014,1027.25,1030.5,1019.75,1028,94686
08/27/2014,1026,1034.75,1022,1023.75,81909
08/28/2014,1023.5,1033.25,1021,1028.75,67122
08/29/2014,1028.75,1034,1021,1024.25,64835
09/02/2014,1020.75,1038,1020.25,1032,105889
09/03/2014,1028,1028.75,1012.5,1020,110530
09/04/2014,1020,1021.25,1001.25,1003.25,102094
09/05/2014,1002.25,1022.75,1002.25,1021.5,115752
09/08/2014,1020.75,1028,1006.25,1008.5,84735
09/09/2014,1008,1008.75,992,992.75,109249
09/10/2014,992.75,999,990,993.75,77404
09/11/2014,992,995,969.5,981.5,164348
09/12/2014,979.75,990.25,979,985.25,90810
09/15/2014,976.75,994.5,974.25,989.5,101027
09/16/2014,989.25,999.75,976.75,980.75,122776
09/17/2014,980,988,977.5,982.5,72378
09/18/2014,982.5,986.5,970.75,971.5,76860
09/19/2014,971.25,972,956,957,95315
09/22/2014,953,954.75,934.25,938.25,136531
09/23/2014,936,944.5,931,936.25,84494
09/24/2014,935,942,934.25,936.75,96008
09/25/2014,936,941.75,922.25,922.75,118910
09/26/2014,922,924.75,909.75,910.25,101564
09/29/2014,907.25,924.5,905.5,923.5,115774
09/30/2014,922,930,909.75,913.25,174090
10/01/2014,911,919.75,904,916.75,109740
10/02/2014,915.25,925.5,912.5,924.5,101126
10/03/2014,924,927.75,910.5,912.25,104413
10/06/2014,914,943,912.25,942.25,145530
10/07/2014,941,955,933.25,940.75,186992
10/08/2014,939,949.75,926.5,935,132461
10/09/2014,934,945,932.5,942,128358
10/10/2014,939.5,951.25,921.25,922.5,216265
10/13/2014,920,951,915.75,945.25,180331
10/14/2014,943.75,970.5,943.25,964.75,225993
10/15/2014,962.5,978.5,950.75,952.5,188824
10/16/2014,949.5,967.5,949.25,966.5,119955
10/17/2014,966,972.75,951.25,951.75,116590
10/20/2014,950,950.75,936,944.25,126596
10/21/2014,944,966.75,942.75,964.25,169993
10/22/2014,968,990,967,969.75,102168
10/23/2014,967.75,1001,963,1000,115602
10/24/2014,998,1008.75,982.5,983.25,134175
10/27/2014,979,1015,973.25,1012.75,151914
10/28/2014,1011.75,1041,1006.5,1015,188812
10/29/2014,1013,1051,1011.5,1049,205884
10/30/2014,1048.5,1059.25,1029,1029.75,159987
10/31/2014,1028.25,1054,1016.5,1049.25,158886
11/03/2014,1044,1047.75,1026.5,1029.75,118452
11/04/2014,1028,1030,1004.5,1009.75,116515
11/05/2014,1010,1021.5,995.25,1019.25,113813
11/06/2014,1019,1040.5,1011.5,1028,136362
11/07/2014,1027.25,1039,1019.25,1036.75,108162
11/10/2014,1035.5,1058,1021.75,1025.75,130413
11/11/2014,1022,1073.5,1020.25,1064,157783
11/12/2014,1063.25,1086.25,1044.25,1047.75,176947
11/13/2014,1047.75,1072.5,1044.75,1053.5,125841
11/14/2014,1053,1053.5,1020,1022.5,113071
11/17/2014,1023,1038.5,1014.5,1036.25,117856
11/18/2014,1036.75,1042,1021,1023.25,83250
11/19/2014,1024,1025,1003.75,1004.75,86192
11/20/2014,1005.75,1022.25,1005,1020.5,83032
11/21/2014,1020.5,1040,1013.5,1039,129765
11/24/2014,1036.25,1038.75,1026.75,1033.75,81614
11/25/2014,1033.75,1054,1033,1051,98567
11/26/2014,1049.25,1054.75,1038.5,1047,71418
11/28/2014,1041,1051.5,1013,1016,82915
12/01/2014,1010.75,1022.5,1006.5,1017,102853
12/02/2014,1017,1022,995,995.75,116216
12/03/2014,995.5,999.5,983.75,998.25,110020
12/04/2014,998.5,1016.5,991.5,1010.5,109731
12/05/2014,1009.75,1040.75,1003.5,1036,148264
12/08/2014,1035,1050.5,1030,1043.75,142323
12/09/2014,1043,1050,1038.5,1049.25,104304
12/10/2014,1047.75,1060.25,1027.75,1032,166290
12/11/2014,1032.75,1048.25,1025.75,1042.25,125928
12/12/2014,1039,1054,1031.5,1047.25,115616
12/15/2014,1050,1055,1035.5,1039.5,119888
12/16/2014,1034.25,1039,1021.5,1023.5,145997
12/17/2014,1022.5,1034,1015,1027,105153
12/18/2014,1027,1040,1024,1035,95220
12/19/2014,1043,1044,1030.25,1038.5,59818
12/22/2014,1037.5,1050,1033,1045.75,61671
12/23/2014,1044.75,1055.75,1040.75,1045.75,56863
12/24/2014,1044,1049,1031.25,1035.25,51119
12/26/2014,1036.25,1054.75,1035.5,1054,48488
12/29/2014,1053,1068.25,1046,1048.75,102791
12/30/2014,1048.5,1056,1042.25,1044,81248
12/31/2014,1041.25,1047.75,1022.5,1023.5,68593
01/02/2015,1021.5,1022,1007,1007.5,63931
01/05/2015,1007,1047.75,1006.25,1045.25,117443
01/06/2015,1042.75,1057,1039.25,1055.75,100611
01/07/2015,1054.25,1061,1048.25,1056.25,78855
01/08/2015,1054.75,1062,1047,1048.25,72942
01/09/2015,1047,1054.5,1044,1052.25,64950
01/12/2015,1049.5,1061.5,1015.5,1016,173530
01/13/2015,1017,1025.25,1002,1004,126292
01/14/2015,1005,1011.5,992.75,1009.25,119424
01/15/2015,1014.5,1019.75,985.25,991,152445
01/16/2015,991.25,996,983,991.75,96009
01/20/2015,982,986.75,972.25,982,114400
01/21/2015,983.5,991,977.5,983.5,110963
01/22/2015,984.25,992.5,975,976.75,90812
01/23/2015,977,980.5,967.25,972.75,107015
01/26/2015,971.75,984.25,967,983.5,85312
01/27/2015,982.25,985.5,972.25,973.75,101221
01/28/2015,972.75,977.75,966.25,970.25,95595
01/29/2015,969.5,977.75,967,968.25,110658
01/30/2015,968,972.75,955,961,107062
02/02/2015,961,970.5,956.5,959.5,86688
02/03/2015,959.75,999,959.75,987,183638
02/04/2015,985.25,990.25,967.5,972,121561
02/05/2015,970,982.75,969.25,981.25,92627
02/06/2015,981.25,987.5,971.25,973.5,113427
02/09/2015,973.5,983.25,972,978.5,109143
02/10/2015,978.25,986,967,969,171876
02/11/2015,970.75,981,966,977.75,163833
02/12/2015,977.25,985,973.5,983.75,144053
02/13/2015,982.75,997.75,982.75,990.5,128959
02/17/2015,992,1009,991.5,1007.75,104614
02/18/2015,1010.25,1016,994.25,999.25,74863
02/19/2015,998,1020.75,996.75,1011.25,140202
02/20/2015,1011,1013.75,1002,1002.25,85346
02/23/2015,1003.75,1009,994.5,1001.5,87240
02/24/2015,1001.25,1032,1001,1018.75,212242
02/25/2015,1018,1024.5,1004.75,1010.75,127122
02/26/2015,1010.5,1027,1008.75,1026.5,145115
02/27/2015,1026,1038,1022,1031.75,126467
03/02/2015,1030,1039,1011.25,1013.75,112352
03/03/2015,1014,1018,1002,1012.25,123563
03/04/2015,1012.5,1014.25,993,994,100499
03/05/2015,995.25,998,985,985.5,104404
03/06/2015,985,988.25,976.75,985,105220
03/09/2015,985.25,999,985,993.25,97860
03/10/2015,992.5,994,981.75,984.5,97669
03/11/2015,982.5,997.5,982.25,992.75,105719
03/12/2015,992,997.5,985,990.5,105435
03/13/2015,990.25,994,972.5,974,121550
03/16/2015,972.5,978,967.5,969.25,82671
03/17/2015,968,973,953.5,954.5,113419
03/18/2015,954.5,967,953.5,965,102716
03/19/2015,969.25,980.25,956.5,961.75,111075
03/20/2015,961.75,980,960,973.75,126233
03/23/2015,974.5,990,973.25,983.5,99545
03/24/2015,983.75,985,975.75,981.75,90487
03/25/2015,982.75,987.75,978,978.75,113333
03/26/2015,977,981.5,972,974.5,101275
03/27/2015,974,976.25,965,967.25,93855
03/30/2015,968,976.75,965,967.75,88920
03/31/2015,967,981,951.25,973.25,173826
04/01/2015,973.25,991.75,972.75,989.75,159165
04/02/2015,988,993,980.75,986,107812
04/06/2015,985,990.25,978,978.5,59977
04/07/2015,977.75,984,970,971,107655
04/08/2015,971,975,967.75,971.5,108285
04/09/2015,971.25,972,950.25,953.5,170266
04/10/2015,954,958.5,944.5,951.5,125611
04/13/2015,948,957.5,945.75,948.75,103494
04/14/2015,948.75,961.5,948.5,960.25,142042
04/15/2015,959.25,976.75,958.75,965,155426
04/16/2015,964,970.25,955.5,966,90548
04/17/2015,965.25,972.5,963,968.75,90527
04/20/2015,968,981,967.5,977.5,110574
04/21/2015,978,979.5,970.25,976.75,85607
04/22/2015,975.25,978,966.25,971.75,109168
04/23/2015,972.25,985,972.25,980,120506
04/24/2015,980,983,968.5,970.75,108956
04/27/2015,967,979.75,965.5,973,121525
04/28/2015,972.25,988,972,977.25,188112
04/29/2015,977.25,989,972.75,988,137849
04/30/2015,987.75,995,972.5,976,147927
05/01/2015,978,979,961.25,964.75,92102
05/04/2015,964.75,978.75,962.75,976.25,100379
05/05/2015,975.75,986.75,974.25,984.75,117070
05/06/2015,984,990.5,978,982.5,104319
05/07/2015,982.75,984.75,972.5,975,85577
05/08/2015,974.25,978.5,969.25,976.25,79200
05/11/2015,976,982,972.25,974,68652
05/12/2015,973.5,981.5,955,955.5,171135
05/13/2015,956.5,962.75,954.25,957.25,115042
05/14/2015,957.5,962.25,953,957,98841
05/15/2015,957.25,961.25,950.25,953.25,94596
05/18/2015,953.25,964.5,950,954.5,89562
05/19/2015,953.25,956,942,946.25,119636
05/20/2015,946.25,947.25,936.5,941.25,94327
05/21/2015,941.25,946.5,937.25,938.5,90906
05/22/2015,938,942.5,922.75,924.25,115966
05/26/2015,923.75,930.5,920.5,922.5,106436
05/27/2015,922,931.75,922,927,107395
05/28/2015,927,934.25,922,926,108108
05/29/2015,926,937.5,924.75,934,112312
06/01/2015,931,935,921.5,926,115283
06/02/2015,926,944.5,925.25,940.75,117943
06/03/2015,941.5,945.5,931.5,935.25,129165
06/04/2015,934.75,948.75,932,946.5,115650
06/05/2015,944.5,952,935.25,937.75,127998
06/08/2015,938.25,951,935.25,944.25,109450
06/09/2015,946,955,943.25,951.5,134068
06/10/2015,951.5,957.75,944.5,949.5,151232
06/11/2015,947.25,953,938,940,129713
06/12/2015,939,947,933.25,940,113304
06/15/2015,940,943.75,930.25,937.75,112442
06/16/2015,939,959,938.75,957.5,129787
06/17/2015,957.5,972,957.5,969,136516
06/18/2015,967,981.75,962,977.75,140565
06/19/2015,960,962.5,951,955.25,24112
06/22/2015,955.5,975,954,974.25,29826
06/23/2015,974,982,963.25,972.75,34829
06/24/2015,972.5,976.25,965.5,967.25,32902
06/25/2015,966.25,989.5,965,987,41568
06/26/2015,986.5,1011.75,985,997.75,71207
06/29/2015,992.75,1008,990.25,994.5,51137
06/30/2015,993.5,1051.25,985.5,1049.5,76138
07/01/2015,1047,1054.75,1032.5,1040.75,34976
07/02/2015,1040,1047.25,1029,1038.25,32000
07/06/2015,1032,1032,1017,1022.25,28202
07/07/2015,1021,1025.75,989.25,992,48914
07/08/2015,994,1008,987.25,996.75,29663
07/09/2015,996,1033.75,995.75,1026.25,31565
07/10/2015,1026.25,1048.25,1022,1032,37928
07/13/2015,1030.5,1040.5,1021,1037.5,18485
07/14/2015,1039.5,1053.25,1030.5,1033.5,34977
07/15/2015,1030,1035,1014.25,1025,28280
07/16/2015,1027.25,1038.25,1015.25,1019,24162
07/17/2015,1016.5,1021.25,1007.5,1014.75,19460
07/20/2015,1012,1012.75,998.25,1007.75,27829
07/21/2015,1011,1020,1008.25,1018.75,30275
07/22/2015,1006.75,1010,996.25,999.5,20392
07/23/2015,1000,1007.75,982.5,986.25,24514
07/24/2015,986.25,988,965.5,967.25,20970
07/27/2015,963,963.25,937.5,939.25,24380
07/28/2015,941.5,956.25,941.5,954,27759
07/29/2015,956.75,966,949.5,957,28943
07/30/2015,956.5,970.5,956.5,964.5,28853
07/31/2015,965.25,966.5,951.5,953.25,18366
08/03/2015,951.25,953.5,939.5,945,19023
08/04/2015,944.25,957,942.75,948.75,13951
08/05/2015,949,964.25,948.5,962.75,15651
08/06/2015,962.25,965.5,952.75,956,17551
08/07/2015,956,977.25,952,975.5,13818
08/10/2015,979,1009.5,977.75,1008.25,20027
08/11/2015,1004.5,1005,978.75,981,18474
08/12/2015,981,985,911,918.5,40659
08/13/2015,920.25,938,920,936.25,14736
08/14/2015,938.5,938.5,921.75,925.25,10557
08/17/2015,920,933.5,919.25,927,12809
08/18/2015,925.25,929.25,912.25,913.25,14548
08/19/2015,913,917.25,899.75,903.5,16772
08/20/2015,894.5,909,888,907.25,142294
08/21/2015,906.75,907.5,888.75,889.5,133830
08/24/2015,884,887.5,855,874,222055
08/25/2015,875,889.5,867.25,877.75,129029
08/26/2015,875,882,864,865,113813
08/27/2015,866,884,866,879,133162
08/28/2015,880,888.75,876.25,885.5,108031
08/31/2015,883.75,888.5,871,887.5,101321
09/01/2015,885,886.75,868.5,874,98384
09/02/2015,874,880.25,865,874,114807
09/03/2015,874.75,882.5,868.25,869.5,105308
09/04/2015,869.25,875.75,865.25,866.5,64299
09/08/2015,870,884.75,868.75,879.25,114609
09/09/2015,875,885.75,870.75,872.25,105554
09/10/2015,871.5,879.25,868.5,874,93239
09/11/2015,874.5,878,853.25,874.25,172534
09/14/2015,874.5,888.5,874.5,884.25,108353
09/15/2015,886.5,894.5,883,889,106777
09/16/2015,889,894.5,883.25,887.25,120932
09/17/2015,886.75,890.5,880.5,884.5,79487
09/18/2015,883.75,886.5,866.5,867.25,119982
09/21/2015,868,877.25,865,874.25,98206
09/22/2015,871.25,873.5,861,861.75,118016
09/23/2015,861.25,869.5,861,863.75,106538
09/24/2015,863,869.25,858,868,112270
09/25/2015,869,890,869,889.25,154414
09/28/2015,888,892,875.75,876.75,122366
09/29/2015,876.25,884.75,873.5,884.25,106478
09/30/2015,883.5,902.25,881.25,892,196549
10/01/2015,891.5,899.25,876.75,877.25,170663
10/02/2015,877,882,868.25,874.25,169182
10/05/2015,874,886,872,884.25,110820
10/06/2015,879.25,895.5,879.25,888,134181
10/07/2015,887.25,896,885.75,891,120545
10/08/2015,890,891.75,880,881.25,152530
10/09/2015,880.5,897,871.5,885.75,236991
10/12/2015,885.5,894.5,885.5,887.5,127467
10/13/2015,886.25,915,886,914,239517
10/14/2015,912,919.75,909,910.5,172208
10/15/2015,909,915.75,904,905.25,141941
10/16/2015,904.25,910.5,897.25,898.25,141192
10/19/2015,897.5,900.5,890.75,891,154119
10/20/2015,890.25,901.75,889.5,896,149191
10/21/2015,900.25,911.25,899,909.5,88576
10/22/2015,909,916,900,901,106624
10/23/2015,901,903.5,893,896,101917
10/26/2015,895.25,900,882.5,884.5,150615
10/27/2015,884.75,894.25,880.25,891,109605
10/28/2015,890,891.5,882,882.75,134069
10/29/2015,882.5,886.5,875.5,880.25,150712
10/30/2015,879.25,887.5,878.75,885.75,86019
11/02/2015,887.5,891,878.25,878.75,84362
11/03/2015,879.25,886.75,875.5,879,89680
11/04/2015,879,887,879,884,80996
11/05/2015,883.5,885.5,863.25,864,131645
11/06/2015,864.75,868.25,858,867.25,89947
11/09/2015,867.5,872,865.75,866.25,83530
11/10/2015,866,868.5,850,855.5,152290
11/11/2015,856.25,861.5,854.25,860.75,84995
11/12/2015,859.75,865.25,855,863,93037
11/13/2015,862.5,862.5,854.5,855.25,70652
11/16/2015,854.25,860.5,851.25,859.5,72785
11/17/2015,859.5,865,857.75,864,73486
11/18/2015,864,867.5,852.5,857.75,126821
11/19/2015,858,863,852.5,860,96810
11/20/2015,860,861.25,852,857.5,111562
11/23/2015,855,865.25,844.25,864.25,135936
11/24/2015,864,869.25,861.25,863.75,94127
11/25/2015,863,877,861.5,875.25,105565
11/27/2015,874.25,877.75,871,873,62645
11/30/2015,873,883.25,870.25,881,109282
12/01/2015,881,891.75,880,889.25,120518
12/02/2015,889,894.75,884.5,892.25,113712
12/03/2015,891,898,885,897.5,115330
12/04/2015,897,907,892.75,906,124907
12/07/2015,906,909.75,881.25,882.25,160092
12/08/2015,886,887,872.75,876.75,155245
12/09/2015,877,883.75,869.75,876.75,122830
12/10/2015,877,886.5,872.75,878.25,116291
12/11/2015,878.25,884.25,870,870.75,130808
12/14/2015,870.75,877.75,868,874.25,105495
12/15/2015,873.5,877.5,866.5,867.25,115700
12/16/2015,867,871,856,862.5,138449
12/17/2015,860,878.25,854,877,155857
12/18/2015,876,893.5,873.25,892.25,138493
12/21/2015,892.75,897,887.5,891.5,74832
12/22/2015,891,895.5,885.25,885.5,81474
12/23/2015,885.5,888.75,880.25,880.75,83024
12/24/2015,882,884.5,872.75,873,64618
12/28/2015,871,871.5,860.5,861.25,94047
12/29/2015,863,872,861,865.75,114422
12/30/2015,865.5,873.5,864,870.25,98488
12/31/2015,868.75,873,863,864.25,63736
01/04/2016,863,867,853.25,856,95915
01/05/2016,858.25,864.75,855.5,857.25,106929
01/06/2016,856.5,868,852,864.75,135361
01/07/2016,864.5,868.75,858.25,864.5,101199
01/08/2016,865,871,863.5,865.25,96117
01/11/2016,865.5,869.75,859.5,861.25,101350
01/12/2016,861.25,881.25,857.25,874.5,197414
01/13/2016,875,880.75,871,880,109920
01/14/2016,879,884.5,874.75,882.25,114563
01/15/2016,882.25,882.75,871,879,120442
01/19/2016,881,888,880.5,883.5,120808
01/20/2016,882,883.75,870.5,874,137886
01/21/2016,874.5,885.75,872.25,878.5,147352
01/22/2016,879,886.5,874.5,876.5,101537
01/25/2016,876.5,882,870.75,880.5,115141
01/26/2016,879.75,882.5,875.5,876.5,95467
01/27/2016,876,885,875.5,883,120976
01/28/2016,882.5,884.25,867.25,867.75,151110
01/29/2016,868.75,883,867,882.25,137841
02/01/2016,883,883.25,876,880.75,101524
02/02/2016,880.25,889.5,878.25,886.25,142056
02/03/2016,885.5,886,874.25,876.75,137447
02/04/2016,878,884.25,872.75,874.5,160779
02/05/2016,875.75,879,867.25,867.5,150936
02/08/2016,867.5,868.75,861.5,862.5,114019
02/09/2016,862.75,866.5,859.5,863.25,136517
02/10/2016,863.5,866.25,861.5,862.25,112212
02/11/2016,862.25,874.25,862,873.5,145579
02/12/2016,873,875.5,868.5,872.75,91788
02/16/2016,875.5,882.75,873.25,879.75,168027
02/17/2016,879,885.25,876.75,882.5,171253
02/18/2016,884.5,885.5,880.75,882.75,77975
02/19/2016,882.25,884.5,880.25,880.75,80672
02/22/2016,884,890,882.5,884.25,131043
02/23/2016,883.25,883.5,871.25,873,149104
02/24/2016,873.25,875,869.25,872.25,137651
02/25/2016,872,876.25,865,865.5,145513
02/26/2016,866.5,869,861.75,863.5,137801
02/29/2016,862.75,865,860,861,99890
03/01/2016,861,866.5,857,858,112801
03/02/2016,858.25,864.75,856,861.5,122926
03/03/2016,861,865.5,857.5,863.75,78485
03/04/2016,863.75,879.25,863.75,878.5,188596
03/07/2016,881.25,887.5,880.25,881.75,148126
03/08/2016,880.5,885.25,875.25,884.5,105213
03/09/2016,883.5,888,880.25,885.75,120895
03/10/2016,885,890,881.25,889.25,112174
03/11/2016,887.5,896.75,887,895.75,117842
03/14/2016,892.5,897,890.25,895.75,98258
03/15/2016,894.75,895.5,888.5,892,101683
03/16/2016,891.5,894.75,886,894.5,94822
03/17/2016,895,904.5,893.5,897.75,148891
03/18/2016,897,904.75,896,897.5,80428
03/21/2016,895,905,892.25,902,109825
03/22/2016,901.5,914,900,910.25,181690
03/23/2016,909.5,912.5,901.5,905.25,119595
03/24/2016,905.25,911.75,902,910.5,118016
03/28/2016,911,914.75,906.25,909,91130
03/29/2016,908.25,917,907,916,127052
03/30/2016,915.25,917,908.25,909,126146
03/31/2016,908.5,914,896,910.75,216652
04/01/2016,909.25,920,908.25,918.25,126750
04/04/2016,918.5,922.25,912.75,913.5,104289
04/05/2016,911.5,916.5,904,904.75,124866
04/06/2016,904.25,909.75,901,908,119318
04/07/2016,908,909.75,903.5,904.5,133446
04/08/2016,905.25,917,903,916.75,157543
04/11/2016,916.25,929.5,915.5,928.25,182496
04/12/2016,927.5,938.75,924.75,936.25,220988
04/13/2016,938,957.75,937.25,955.75,249399
04/14/2016,955.25,959.5,945.5,948,178212
04/15/2016,947.5,958.25,946.5,956,167980
04/18/2016,955,964.25,949.75,954.25,151588
04/19/2016,954.25,987,953,985.5,213324
04/20/2016,990.75,1021,985,1019,335099
04/21/2016,1016,1043.75,1011.25,1027.5,300834
04/22/2016,1025.5,1026,988.25,996.25,263877
04/25/2016,994.5,1029.75,986.25,1009.75,249567
04/26/2016,1009.25,1028.25,1001.5,1027.25,216279
04/27/2016,1026.25,1029.75,1010.75,1028.5,211123
04/28/2016,1024.75,1046.25,1018,1027.5,201131
04/29/2016,1025,1038.25,1018.25,1029.75,149917
05/02/2016,1029.75,1045,1020.5,1043.75,134434
05/03/2016,1043.75,1057,1023,1030,223786
05/04/2016,1027,1045.75,1022,1034,180104
05/05/2016,1034.5,1047.5,1011.25,1012.25,202432
05/06/2016,1012.5,1038.5,1008.5,1034.75,144530
05/09/2016,1036.5,1044,1019,1026.5,131994
05/10/2016,1025.75,1091.5,1023.5,1084,305876
05/11/2016,1079.5,1091,1073,1078.25,166886
05/12/2016,1078.5,1089.75,1062.75,1072,187880
05/13/2016,1071.25,1075.5,1057.5,1065,113596
05/16/2016,1063,1071.75,1055,1064.5,99920
05/17/2016,1063.75,1086.75,1062.75,1080.25,134099
05/18/2016,1079.5,1088,1063.75,1075.25,143649
05/19/2016,1073.75,1074.75,1051,1071.5,159865
05/20/2016,1071.75,1087.5,1063.25,1074.25,207878
05/23/2016,1074.25,1079,1052,1058.5,138858
05/24/2016,1057.5,1069.75,1043.5,1054.75,143916
05/25/2016,1056.75,1088,1054.75,1085.5,153001
05/26/2016,1084.75,1098,1073.25,1079.75,153388
05/27/2016,1079,1090.75,1071.75,1086.5,123316
05/31/2016,1086,1096,1077,1078.5,115268
06/01/2016,1078.75,1102.5,1068,1099.75,158403
06/02/2016,1101.25,1146,1100.75,1144.25,233772
06/03/2016,1142,1169,1127.25,1132,188388
06/06/2016,1143.25,1162,1136,1138.25,131250
06/07/2016,1136.75,1148.75,1129,1141.25,159669
06/08/2016,1140.25,1189.25,1138,1177.75,194856
06/09/2016,1177,1185,1166.25,1176,146291
06/10/2016,1174.5,1208.5,1168.75,1178.25,204412
06/13/2016,1191.75,1198.75,1167.25,1169,150246
06/14/2016,1168,1176.5,1152.75,1169.5,128076
06/15/2016,1171.25,1178,1154.5,1156,103310
06/16/2016,1155.5,1160,1128.5,1134.5,104442
06/17/2016,1133.75,1160,1132.5,1159.5,88085
06/20/2016,1153.5,1156.75,1140.25,1143.5,57507
06/21/2016,1146.5,1153.25,1130,1132.5,48422
06/22/2016,1132,1146,1125,1137.25,44216
06/23/2016,1138.75,1142.5,1122.25,1123.5,43322
06/24/2016,1123.25,1131,1097.5,1101.5,43806
06/27/2016,1101.5,1136,1100.75,1129.75,40866
06/28/2016,1127.25,1162,1124.5,1146.25,49181
06/29/2016,1146,1151.75,1136.5,1140.5,48718
06/30/2016,1140,1181.5,1120.5,1174.25,68858
07/01/2016,1170.75,1178.5,1163,1164.25,35089
07/05/2016,1149.75,1149.75,1105,1110,51301
07/06/2016,1108,1114.25,1063,1101.5,54142
07/07/2016,1102.5,1117.25,1048.5,1050.5,40769
07/08/2016,1049.5,1084.5,1045.5,1083.25,29280
07/11/2016,1094.75,1101,1073.5,1077,26954
07/12/2016,1079,1104,1073,1102.25,41349
07/13/2016,1110,1134.75,1096.75,1122.75,35620
07/14/2016,1122.75,1141,1079.5,1083.75,38236
07/15/2016,1083,1097.5,1057,1072.5,32322
07/18/2016,1062,1082.25,1050.25,1078.25,50729
07/19/2016,1076.5,1079,1041,1044,45502
07/20/2016,1042,1050.25,1018,1020.25,17826
07/21/2016,1018.5,1035,1016.75,1025.5,11976
07/22/2016,1027.25,1029.75,978,998.75,22918
07/25/2016,990.75,1002.5,973.75,976.75,23465
07/26/2016,977.25,994,974,985,18143
07/27/2016,985.5,1007,983.75,999.75,27842
07/28/2016,1001,1010.75,988.25,993.25,28117
07/29/2016,995.25,1023,984,1020,18822
08/01/2016,1009.5,1017.5,976.75,981.25,16251
08/02/2016,979.5,986.5,961.5,971.25,19282
08/03/2016,972,985.5,969.25,973.5,13096
08/04/2016,972.25,984.75,968.25,973.5,8346
08/05/2016,974.25,994.75,974.25,988,9721
08/08/2016,992,1002.25,987.75,1001.25,11086
08/09/2016,998.75,1015,993.5,1005,13648
08/10/2016,1005,1014,989,998.5,11915
08/11/2016,998,1007.5,995.5,1001.75,11283
08/12/2016,1000.25,1010,981,999,18362
08/15/2016,998.5,1026.5,997,1023.75,14535
08/16/2016,1022.25,1028.5,1012.25,1019.5,14832
08/17/2016,1020.75,1031,1016,1030.5,12925
08/18/2016,1037,1037,1012,1032.25,13690
08/19/2016,1032.5,1035,1017,1027,11596
08/22/2016,1001,1020,999,1015.75,95649
08/23/2016,1014.5,1016.75,1006.5,1013.5,76314
08/24/2016,1013,1014,996.25,1005.25,99814
08/25/2016,1004,1005,974.75,975.5,130671
08/26/2016,974.25,980.25,960.5,967.25,115339
08/29/2016,967.5,974,961.25,964.25,82017
08/30/2016,964.5,968.5,946.5,950.75,104751
08/31/2016,952,956.25,938,943,107023
09/01/2016,942.25,948.5,937,943.75,81080
09/02/2016,945,955.5,944.5,952.5,73177
09/06/2016,952.5,964,946.5,959.75,83245
09/07/2016,958.75,978.25,958.25,975.5,84670
09/08/2016,976.5,983.75,970.25,976.75,82965
09/09/2016,977.5,983,972,980.25,75915
09/12/2016,978,990,958.75,964.25,139686
09/13/2016,965,971,942.5,944,110508
09/14/2016,944.25,948,940.5,942.75,99458
09/15/2016,943,953,941.25,950.5,76306
09/16/2016,949,969,945.75,966,102819
09/19/2016,970.5,981.25,966.25,972.5,96833
09/20/2016,973.5,994,970.75,989.75,116064
09/21/2016,988.25,990.25,971.5,975.5,104727
09/22/2016,975,983.5,970.25,976.5,90697
09/23/2016,975,976.25,952.5,955,138512
09/26/2016,951.5,960.25,943.75,945.25,114173
09/27/2016,946.75,953.5,934,952.5,153261
09/28/2016,951.75,955.75,944.5,945.5,114901
09/29/2016,947,957.25,946,950.25,101651
09/30/2016,950,958.5,943,954,155973
10/03/2016,952.5,975,946.5,973,139848
10/04/2016,970.75,972,960.25,963.5,123524
10/05/2016,963.5,967.5,950.5,956.75,139606
10/06/2016,956,959.75,947.25,958.5,114537
10/07/2016,958.75,973.25,955.25,956.75,173884
10/10/2016,955.75,964.25,950,954.5,133359
10/11/2016,953.5,960.75,951.5,954.25,147788
10/12/2016,953,971.25,943.25,945.5,233145
10/13/2016,946,959.5,937.25,956.25,178127
10/14/2016,955.5,974.25,952,962.5,186056
10/17/2016,961.75,979,961,978.25,158663
10/18/2016,977.5,987,971.5,972.5,178280
10/19/2016,972,982.75,971,981.5,133115
10/20/2016,990,998.75,982.5,984.75,70386
10/21/2016,985,993.25,983.25,992.25,56322
10/24/2016,992,1009,989.25,1002.25,124122
10/25/2016,1001,1008,992.25,1002.25,148312
10/26/2016,1001.75,1022,1000.25,1021,161120
10/27/2016,1019.25,1031,1013.5,1025,165244
10/28/2016,1024,1028,1010,1012,134461
10/31/2016,1012,1018,1006,1011.75,117811
11/01/2016,1011.5,1016,991.75,993.25,118570
11/02/2016,992.25,995.75,983,986.5,99163
11/03/2016,986.25,994,985.5,989.5,81939
11/04/2016,990,994.75,984,990.75,76911
11/07/2016,991,1001.75,990,998.5,76174
11/08/2016,998.5,1020.75,997,1011.25,109864
11/09/2016,1010.25,1017.5,984.25,991,181090
11/10/2016,991,1019,989,998,178459
11/11/2016,1002.5,1018,977,986,216064
11/14/2016,988.25,989.75,975.25,984.25,101692
11/15/2016,985.5,992.75,978.75,989.5,86739
11/16/2016,993.25,997.75,982.75,985.75,94098
11/17/2016,985.25,993.75,981,989.5,87755
11/18/2016,989,996.5,982.25,993.75,75940
11/21/2016,995.5,1021.5,995.5,1020.25,150570
11/22/2016,1020,1033.25,1015.25,1030,131446
11/23/2016,1030.25,1035.75,1017.25,1034.25,136725
11/25/2016,1032,1046.75,1029.5,1046,76517
11/28/2016,1043.25,1065,1042.5,1056,161412
11/29/2016,1055,1058.75,1039.25,1042.5,126698
11/30/2016,1043,1052.75,1031.25,1032.25,133965
12/01/2016,1033.5,1040,1022.25,1029.75,128533
12/02/2016,1033,1037.75,1026.5,1027.5,84039
12/05/2016,1030.5,1049.75,1027.75,1043.5,125624
12/06/2016,1042.5,1061.75,1039,1047.75,135200
12/07/2016,1047,1053,1039.75,1049,127733
12/08/2016,1049,1049,1023.5,1027,171728
12/09/2016,1026,1039.5,1021.5,1037.5,136393
12/12/2016,1041.75,1047.5,1026.5,1031,145111
12/13/2016,1031.25,1038.75,1025.25,1028,132890
12/14/2016,1027.25,1029.25,1020.75,1023.75,128094
12/15/2016,1023.5,1038.5,1018.5,1029,147570
12/16/2016,1029.25,1038,1023,1036.75,95865
12/19/2016,1034,1039,1020.5,1021.5,136168
12/20/2016,1032,1034.75,1014.25,1015.75,100517
12/21/2016,1016.25,1022.5,1015.25,1017,75957
12/22/2016,1017.5,1019,1003,1004,103635
12/23/2016,1004,1006.75,997,997.5,90074
12/27/2016,998.25,1024.75,998,1024.25,132809
12/28/2016,1023.75,1028.25,1011.25,1016.5,94731
12/29/2016,1016.25,1024.25,1011.5,1012.75,88604
12/30/2016,1013.5,1018.5,1002.5,1004,86959
01/03/2017,1004,1011.75,994.5,995,90331
01/04/2017,995,1015.75,992.75,1015.25,95237
01/05/2017,1014.25,1016,1007.5,1012.5,61979
01/06/2017,1012.5,1014.75,993.5,994.75,101745
01/09/2017,994.75,1006,993.5,1005.25,94993
01/10/2017,1004.25,1015,997.25,1013.75,96033
01/11/2017,1012.5,1016.5,1001,1011.5,87926
01/12/2017,1009.75,1041.25,1006,1040.25,157101
01/13/2017,1037.5,1052.75,1032.5,1046.25,145461
01/17/2017,1054,1075.5,1052,1069.25,201105
01/18/2017,1068,1080,1062.5,1075,144024
01/19/2017,1073,1077.25,1066.75,1070.25,108397
01/20/2017,1070,1071.25,1060,1067.5,112856
01/23/2017,1067.5,1069.75,1055.25,1057.75,92566
01/24/2017,1059.75,1068,1051.25,1058.5,95242
01/25/2017,1057,1060,1050,1055.25,83009
01/26/2017,1055.5,1058.5,1045.5,1049.5,91972
01/27/2017,1047,1052,1043.25,1049.25,68283
01/30/2017,1044,1044.25,1019.25,1022.75,126814
01/31/2017,1023,1026.5,1019.5,1024.5,83518
02/01/2017,1024.5,1037.5,1017,1036.75,107158
02/02/2017,1037.25,1041.75,1031.25,1037.25,101520
02/03/2017,1036.75,1044.25,1026.25,1027,105988
02/06/2017,1027,1042.5,1026.25,1036,119985
02/07/2017,1038.25,1043.25,1032,1042.75,131436
02/08/2017,1041.75,1059.75,1040,1058.75,166533
02/09/2017,1057,1061.5,1045,1050.5,141506
02/10/2017,1050,1063.5,1047.5,1059,133684
02/13/2017,1059.25,1061.75,1050.5,1054.25,174155
02/14/2017,1055,1056,1042.5,1045,118663
02/15/2017,1045.25,1061.5,1040.25,1061.25,128043
02/16/2017,1070.75,1073.25,1053.5,1054.75,80977
02/17/2017,1054,1057.25,1042,1043.25,111621
02/21/2017,1044.25,1054.75,1036.75,1037.25,105313
02/22/2017,1038,1042.5,1033,1033.5,95919
02/23/2017,1033,1037.5,1021,1022.5,164066
02/24/2017,1023,1027.25,1020,1024.25,122718
02/27/2017,1026.25,1029.25,1017,1022,115452
02/28/2017,1024.5,1056.25,1023.25,1035.75,227628
03/01/2017,1036.25,1052.25,1035,1051.75,104384
03/02/2017,1050,1051,1032,1037.25,87376
03/03/2017,1037,1041,1028.75,1037.5,86051
03/06/2017,1040,1048.5,1035.75,1037.25,101384
03/07/2017,1037.5,1041.75,1022.25,1025.25,104226
03/08/2017,1025.25,1027.75,1018.5,1021.75,92218
03/09/2017,1021,1022.75,1006.25,1011,138732
03/10/2017,1010.5,1012.75,1003,1006.5,97447
03/13/2017,1006.25,1010.25,1003.5,1006,75850
03/14/2017,1006.5,1008,992,999.25,112349
03/15/2017,998.75,1007.75,995.25,998,75422
03/16/2017,1000,1006.5,995.75,1001.5,83777
03/17/2017,1001.5,1004.5,994.25,1000,61551
03/20/2017,1003.75,1008.75,998.25,999.5,82382
03/21/2017,1000,1008,995,1001.5,103325
03/22/2017,1001,1003.25,994,999.75,82164
03/23/2017,999.25,1002,990.25,991,94685
03/24/2017,990.5,991,972.25,975.75,116483
03/27/2017,976,978.5,968.25,971.5,91218
03/28/2017,971.25,976.5,970,972,92837
03/29/2017,970.5,976,967.25,969,95072
03/30/2017,969.5,970,961,963,77471
03/31/2017,961.75,966.5,944.25,946,182739
04/03/2017,946.25,949.25,937.25,938.25,94599
04/04/2017,939.25,942.75,936.5,937.75,120200
04/05/2017,937.5,948.5,937.25,944.25,146303
04/06/2017,944,946.5,938.5,941.5,84594
04/07/2017,938.5,945.5,937.5,942,99239
04/10/2017,944.25,949,939.25,941.75,87487
04/11/2017,941.75,945,929.75,939.25,136337
04/12/2017,942.25,951.5,941.25,947.75,119407
04/13/2017,947.25,959.5,946.75,955.5,128013
04/17/2017,958.75,962,951.5,953.25,106836
04/18/2017,952.5,955,939.75,946,154742
04/19/2017,956.5,964.5,952.75,960.5,97568
04/20/2017,960,966.25,956,956.75,119029
04/21/2017,955.75,962.5,954.5,960.75,147709
04/24/2017,961.5,972.5,961.5,971.75,129840
04/25/2017,969.5,971.25,964.5,965,132167
04/26/2017,965,968.5,955.25,956.5,182285
04/27/2017,956.5,961.25,954.25,957.25,120366
04/28/2017,956.5,958.5,952.5,956.25,82467
05/01/2017,959.75,974.75,958.5,970.25,100625
05/02/2017,969.75,978.5,965.25,968.75,104660
05/03/2017,969,976.5,966.5,975.25,86999
05/04/2017,976,980,969.5,974.25,139234
05/05/2017,973.75,983,967.75,973,113652
05/08/2017,969.75,974.75,963.25,964.75,90695
05/09/2017,965,977.25,963.5,974,102475
05/10/2017,974,989,966.75,970.25,140416
05/11/2017,971,975.75,963,966.25,98603
05/12/2017,964.75,967.75,960.5,963,64617
05/15/2017,962.5,973,962,965.25,77844
05/16/2017,964.75,977.25,964,976.25,94232
05/17/2017,975.5,980.5,973.5,975.75,81966
05/18/2017,972.5,972.5,942.75,944.75,250660
05/19/2017,945.5,956.25,944.5,953,101723
05/22/2017,953,961,953,956.5,82508
05/23/2017,956.25,959.25,947,948.25,91457
05/24/2017,948.5,952,943,948.25,90335
05/25/2017,947.75,952.25,938.25,939.5,94347
05/26/2017,939.5,941,925.25,926.5,107952
05/30/2017,926,928.5,910.5,912.75,134220
05/31/2017,915.25,920.5,909.5,916,130785
06/01/2017,916,920.75,911.5,912.25,78635
06/02/2017,912.25,924,910.75,921.25,86248
06/05/2017,924.5,926.5,917.75,922,98539
06/06/2017,921,934.25,920,923.5,122797
06/07/2017,924.5,934.5,924.5,930.75,143611
06/08/2017,931,944.75,930.75,938,137587
06/09/2017,937,944,932.75,941.5,136983
06/12/2017,942,943.25,930.25,931.25,115351
06/13/2017,933.75,941.5,931.75,932.5,122202
06/14/2017,932,939,931,931.75,88734
06/15/2017,931.75,938.5,925.5,934.75,105034
06/16/2017,935.75,942.25,932,939,95007
06/19/2017,936.5,947.5,933.75,937.75,95604
06/20/2017,937.25,940.75,926,927.75,116399
06/21/2017,932,936,921.25,922.5,31086
06/22/2017,923,924.5,907,908.5,50832
06/23/2017,911.25,913,904.5,908.5,37740
06/26/2017,908.5,916.25,908.25,911.25,37369
06/27/2017,912,922.5,912,916,53357
06/28/2017,918.5,922,915.75,919,79814
06/29/2017,919,932.5,919,920.75,79445
06/30/2017,920,950.5,917.5,947,82490
07/03/2017,955,980.75,955,970,67102
07/05/2017,975.75,986.5,969.25,981.75,60418
07/06/2017,983.75,987.5,973.5,985.75,44977
07/07/2017,985,1003.5,983,1001,58083
07/10/2017,1010,1029.5,1010,1024.75,51563
07/11/2017,1026.25,1032.5,1008,1029.25,49680
07/12/2017,1026.75,1031,1010.5,1020.75,49937
07/13/2017,1015,1015.75,974.5,975.5,61767
07/14/2017,976.25,992,972.25,989,37218
07/17/2017,989,995,981.75,985,30306
07/18/2017,997.25,1004.25,985.75,989.5,36919
07/19/2017,990.25,1004.75,984.5,999.75,35118
07/20/2017,1003,1022.25,999.5,1018.25,19885
07/21/2017,1016,1018.25,1006.75,1014.25,22256
07/24/2017,1004.75,1005.25,990.75,1002.5,29356
07/25/2017,1017,1027.75,985.5,986,38772
07/26/2017,984.25,995.75,978,993.75,29738
07/27/2017,996.75,1005.75,992.25,1000,33690
07/28/2017,998,1013,995,1006,30758
07/31/2017,996,1001.5,987.5,999.5,22584
08/01/2017,989.25,992.75,962.25,964.25,39176
08/02/2017,964.75,973.75,963.25,970.75,16620
08/03/2017,969,969.5,949,954,24940
08/04/2017,954,959.5,949.75,952.25,29906
08/07/2017,957.75,966.5,955,964,22827
08/08/2017,966,973.75,963.75,967,20452
08/09/2017,967,971.25,960.25,966,21489
08/10/2017,966,981,932,934,40550
08/11/2017,934.5,939.5,930.25,938.25,22610
08/14/2017,931.25,934,925,932.75,17141
08/15/2017,932.75,934.25,920.25,921.75,27865
08/16/2017,921.25,925.25,917.25,921.75,17676
08/17/2017,924,931.75,922,930.25,19581
08/18/2017,929.75,939,927.75,937.5,21323
08/21/2017,935.25,936,930.25,932.5,14643
08/22/2017,935,942.75,931.25,937.5,94152
08/23/2017,945,947,932.75,938,124284
08/24/2017,937.25,947.75,935.75,946.5,103567
08/25/2017,945,947,942.25,944.5,67814
08/28/2017,942.5,950.5,938,941.25,85306
08/29/2017,940.25,943.75,934.5,937.25,100684
08/30/2017,936.5,941,931.5,933.25,99083
08/31/2017,932.5,948.75,932.25,945.25,122195
09/01/2017,945.25,952,943,949.5,91121
09/05/2017,953.75,973.5,952.25,968.5,162428
09/06/2017,967,976.75,964.75,971,113586
09/07/2017,971,977.5,965.75,968.75,95082
09/08/2017,968,976.75,961.5,962,105834
09/11/2017,964,968.5,956.75,960,96789
09/12/2017,960.75,965.5,937.5,950.5,176373
09/13/2017,950,963.25,946.75,960.5,124662
09/14/2017,961,978.25,960.25,976,138275
09/15/2017,975.5,977.75,967.25,968.75,109445
09/18/2017,966.25,976.5,966,967.75,102033
09/19/2017,968.5,971.75,958.5,965.5,111414
09/20/2017,966,974,964.75,970,88348
09/21/2017,969.5,973,963,970.75,115371
09/22/2017,970,987,969,984.25,170900
09/25/2017,983.5,985.75,971,971.25,128038
09/26/2017,971.25,974.25,962.5,963.5,146295
09/27/2017,963.5,968.5,958,965.5,113888
09/28/2017,965.25,966,957.5,959.5,108641
09/29/2017,959.25,976,955.25,968.25,171916
10/02/2017,967.5,968,956.25,957.25,114376
10/03/2017,956.75,961.25,952.5,955.25,94821
10/04/2017,955.25,961.75,952.75,958.25,95416
10/05/2017,958.25,971,957.75,968.25,149317
10/06/2017,968,973.75,963.5,972.25,119722
10/09/2017,974.5,977,965.25,966.75,137150
10/10/2017,966.25,975.75,964.25,966,136485
10/11/2017,965.5,967.5,963.5,965.25,152000
10/12/2017,965,997.75,959,992,293877
10/13/2017,991,1003.25,990.25,1000.25,225131
10/16/2017,998,999,990.25,991,165302
10/17/2017,990,990.5,982.5,984.75,134302
10/18/2017,984.75,988.5,981.75,984.25,110266
10/19/2017,983.75,989,983,986.5,141515
10/20/2017,996,1004.75,988.25,989.25,89741
10/23/2017,987.5,993.25,985.5,991,98907
10/24/2017,990.25,993.25,983.25,985.75,90385
10/25/2017,986,993.75,985.75,986.25,116830
10/26/2017,986.5,989.5,981.75,982.5,116073
10/27/2017,982.25,988,981,986.5,164909
10/30/2017,986.5,993.25,983,984.5,165223
10/31/2017,984.5,988.5,982,984.75,101175
11/01/2017,984.75,995,983.75,991.25,108662
11/02/2017,990.25,1000.5,990,999.25,103471
11/03/2017,999,999,985.75,986.75,142109
11/06/2017,987.25,995.75,985,994,92870
11/07/2017,994,998.75,991.25,996,85301
11/08/2017,996,999.5,994.75,998.5,100198
11/09/2017,998.25,1008.25,983.5,985,218458
11/10/2017,985.5,991,983.75,987,109213
11/13/2017,987,990.25,973.75,974.25,122337
11/14/2017,974.75,977.5,967,967.75,101927
11/15/2017,969,978,968,976.25,98303
11/16/2017,976.5,978.25,970.25,972,90050
11/17/2017,972.75,992,971.5,990.5,124540
11/20/2017,990,992,983,990,95756
11/21/2017,990,991.25,986.25,989,75304
11/22/2017,988.5,999.5,987.5,997.25,0
11/24/2017,995,999.75,991,993.25,60329
11/27/2017,993.75,1001.5,990.5,996,133815
11/28/2017,996,996,987.5,993,96755
11/29/2017,993.25,996.5,989.25,992.5,84307
11/30/2017,992.75,993,985,985.75,121206
12/01/2017,985.75,995.75,985.5,994.25,136840
12/04/2017,998.25,1008.5,996.75,998.5,165467
12/05/2017,998.5,1015,997.5,1008.5,157924
12/06/2017,1008,1014.25,995,1002.75,194108
12/07/2017,1003.5,1006.5,988.25,992,162921
12/08/2017,991.75,996.5,986,989.75,129075
12/11/2017,989,989,981.5,982.5,139320
12/12/2017,981.75,986.25,975,975.75,161910
12/13/2017,976,981.5,976,979.25,106371
12/14/2017,979.5,981,966.5,967.75,125196
12/15/2017,968,972.25,964,967.25,119812
12/18/2017,970.5,970.5,957.25,961.5,114985
12/19/2017,973.25,975,965.75,966.75,86619
12/20/2017,966.25,970.75,963.5,964.5,91518
12/21/2017,964,967.5,958,959,107025
12/22/2017,958.5,962.75,957.25,960.25,0
12/26/2017,963,974,963,970.5,88425
12/27/2017,970,976,965.5,967.5,123968
12/28/2017,966.75,967.75,955,956.75,116883
12/29/2017,955.5,963.5,954.75,961.75,76908
01/02/2018,967.5,970,958.75,964.75,69645
01/03/2018,965.75,970,963.5,968.75,65348
01/04/2018,968.5,969,959.25,967.75,113003
01/05/2018,968,977,967.5,970.75,84534
01/08/2018,969.75,971.5,960.5,966.75,87409
01/09/2018,966.75,968.5,961,963.75,63267
01/10/2018,962.75,963.5,951.75,955,99005
01/11/2018,954,957.5,949,950,85988
01/12/2018,948.25,962.75,944.5,960.5,0
01/16/2018,965,970,963.25,968,97797
01/17/2018,966.25,969.25,961.25,968.75,91701
01/18/2018,968.75,974.75,966.5,973,74574
01/19/2018,972.5,982.75,972,977.25,105770
01/22/2018,980.5,987.25,980,984.25,124262
01/23/2018,983,988.75,979.5,986.25,107959
01/24/2018,985.75,994.75,980.25,992.25,139169
01/25/2018,992,1002,987,992.25,154146
01/26/2018,990.25,995.5,983.75,985.5,110339
01/29/2018,992.25,998.75,986.25,991.5,143395
01/30/2018,994.5,1004.75,988.25,1000.25,169083
01/31/2018,1000,1002,989,995.75,165828
02/01/2018,995.25,995.5,977.5,985,159220
02/02/2018,985.75,986.25,977,978.75,100314
02/05/2018,976.25,977.5,969.5,969.75,128425
02/06/2018,969.75,987.5,967.75,986.25,179233
02/07/2018,988.75,993.75,982,983,167291
02/08/2018,983.25,996,977.75,987.75,230204
02/09/2018,987.5,989.75,979.75,983,164565
02/12/2018,995.5,1004.25,989,1001.75,215178
02/13/2018,1001,1013.5,998.75,1011.75,177145
02/14/2018,1011.25,1019.5,1006,1017.25,154450
02/15/2018,1016.5,1024.75,1015.5,1024.25,158344
02/16/2018,1034.25,1039,1023,1032.5,0
02/20/2018,1041.75,1050,1035.5,1037.5,170574
02/21/2018,1038.75,1049,1030.25,1045.5,144250
02/22/2018,1045,1048.25,1038.25,1043.25,117333
02/23/2018,1042.25,1050.75,1039.25,1047.5,178325
02/26/2018,1054,1059.5,1045.75,1046,207440
02/27/2018,1046.25,1056,1043.75,1049.5,171755
02/28/2018,1049,1059,1045.75,1055.5,131920
03/01/2018,1053.75,1068.75,1050.75,1068,151662
03/02/2018,1067.75,1082.5,1063.75,1071,178579
03/05/2018,1074.25,1079.25,1066.5,1077.5,118997
03/06/2018,1077,1077.75,1070.25,1074.75,106266
03/07/2018,1073.25,1077.25,1063,1065.25,131562
03/08/2018,1063,1069.25,1056.5,1064,151731
03/09/2018,1063,1065,1036.5,1039.25,132441
03/12/2018,1036,1045,1032,1041,141145
03/13/2018,1041.5,1052,1041.25,1048.75,114627
03/14/2018,1048.5,1054,1031,1032.25,148683
03/15/2018,1031,1046.25,1027,1040.75,123213
03/16/2018,1042,1050,1040.75,1049.5,78281
03/19/2018,1045.25,1045.5,1021.75,1022.5,131023
03/20/2018,1022.25,1029.75,1022.25,1028.25,78890
03/21/2018,1029.5,1037.25,1024.75,1029.75,101951
03/22/2018,1032,1035.5,1022.25,1029.75,99281
03/23/2018,1026.5,1034.25,1009.25,1028.25,164881
03/26/2018,1026.25,1040.25,1025,1025.5,100548
03/27/2018,1027,1031.25,1017.25,1019.5,98041
03/28/2018,1019.5,1023.25,1015,1018,104492
03/29/2018,1019.5,1050.75,1012.5,1044.75,177841
04/02/2018,1045.25,1060.5,1035.25,1035.5,108570
04/03/2018,1036.25,1048.75,1035.75,1038,135404
04/04/2018,1038.75,1041.75,983.5,1015.25,352462
04/05/2018,1015.5,1034,1011.75,1031.25,219539
04/06/2018,1003,1037.25,1003,1033.75,164385
04/09/2018,1038.25,1056.75,1037.5,1047,171846
04/10/2018,1045.5,1064,1045,1050,171444
04/11/2018,1050.75,1058.75,1047.25,1047.75,121591
04/12/2018,1047.75,1061.75,1047.25,1060.75,186951
04/13/2018,1060.25,1067.25,1051.5,1054.25,118735
04/16/2018,1054.25,1058.75,1041.5,1042,101597
04/17/2018,1043.25,1049.25,1040,1046,81326
04/18/2018,1046.25,1052.5,1039,1041.75,94271
04/19/2018,1053.25,1056.25,1044.25,1049,114382
04/20/2018,1048.75,1050,1039.5,1040.25,112114
04/23/2018,1038.75,1045,1029,1032.25,119288
04/24/2018,1032.25,1038,1027.75,1034,141992
04/25/2018,1033.5,1045,1032,1039.25,138711
04/26/2018,1039,1046.25,1035.5,1039.5,136906
04/27/2018,1040,1058,1030.5,1056.25,179336
04/30/2018,1057.25,1067.5,1047,1048.5,113043
05/01/2018,1048.75,1055.5,1041,1053.25,88907
05/02/2018,1053.25,1054.75,1039.25,1043,103720
05/03/2018,1043,1055.5,1034,1053.25,113845
05/04/2018,1052.75,1052.75,1036.25,1036.75,106280
05/07/2018,1034.75,1040,1010.75,1011.5,134061
05/08/2018,1013.5,1023.5,1011.25,1020.25,117294
05/09/2018,1020.75,1024.25,1011.25,1015.75,86752
05/10/2018,1017.5,1033.75,1014.25,1021.25,132328
05/11/2018,1021,1022.5,1002,1003.25,116564
05/14/2018,1001.75,1026,1001.75,1017.75,131052
05/15/2018,1017.25,1025.25,1005.25,1018.75,115400
05/16/2018,1017.75,1018.5,998.75,999.75,100892
05/17/2018,1001,1007.5,992.5,995,92145
05/18/2018,995.75,1007.75,992.75,998.5,122151
05/21/2018,1017.5,1027,1011.5,1025.25,147490
05/22/2018,1022,1036,1020.25,1030.5,106181
05/23/2018,1030.5,1039.75,1027.75,1039.25,90467
05/24/2018,1039.75,1050.75,1035.5,1035.75,122485
05/25/2018,1036.75,1044,1035.5,1041.5,79808
05/29/2018,1045.25,1049.5,1028,1030.5,128700
05/30/2018,1030.5,1031.75,1014.75,1023,134683
05/31/2018,1023,1030.75,1013.5,1018.5,103115
06/01/2018,1019.25,1026.5,1015,1021.25,99974
06/04/2018,1013.25,1014.5,1001.25,1001.75,101111
06/05/2018,1002.25,1006.75,997.25,1001.25,127577
06/06/2018,1004.5,1008.25,993.75,994.25,90708
06/07/2018,995,998.25,973,974.25,173223
06/08/2018,974.25,976.25,962.5,969.25,132153
06/11/2018,966.75,972.25,953.25,953.75,136802
06/12/2018,956.5,963.25,952,954,137200
06/13/2018,954,958.5,934.25,936,188399
06/14/2018,933.75,937.75,924,927.25,118204
06/15/2018,926.25,929.75,903,905.5,169719
06/18/2018,905.5,914,897.25,908.5,139697
06/19/2018,905,905.75,841.5,889,196376
06/20/2018,896.25,901.25,882.5,894.5,33192
06/21/2018,895.25,896.5,883.25,885.5,27027
06/22/2018,884.5,902.5,884.5,900,45557
06/25/2018,902,904.25,876.75,880,34232
06/26/2018,878.5,886.25,868,873,59380
06/27/2018,874,883.5,871,873,74073
06/28/2018,871.25,875,865,866.75,43208
06/29/2018,867,881.75,862.5,863.5,34701
07/02/2018,864.25,868,850.5,853.5,24146
07/03/2018,855.5,857.5,846.75,848,25150
07/05/2018,847,850.75,837.75,839.25,24663
07/06/2018,838.75,880.75,837,877.5,35831
07/09/2018,877,879.75,850.5,855.75,25943
07/10/2018,855.5,865,846.75,855.75,21116
07/11/2018,848,850.5,831.75,833,30685
07/12/2018,835,841.25,822.25,833.75,22731
07/13/2018,834.75,838,811.75,818.75,23846
07/16/2018,818.5,838,810.5,829.5,28635
07/17/2018,833.25,843.5,830,839.5,37736
07/18/2018,839,847.5,834.75,842.25,18546
07/19/2018,842,846.75,836.75,846,26561
07/20/2018,852.25,859,847.25,855.25,15360
07/23/2018,859.25,860.25,852.75,853.5,14110
07/24/2018,850,868.25,848,863.5,23458
07/25/2018,865.5,868,857.5,866,18796
07/26/2018,875,886.25,863.25,866.25,27217
07/27/2018,863.25,879,863.25,875.25,19351
07/30/2018,883.5,886.25,876,880.75,38735
07/31/2018,880.75,912,878.5,908.75,36437
08/01/2018,903,904.25,889.25,891.5,31033
08/02/2018,886.75,893,875.75,887,14325
08/03/2018,888,893,873.25,891.5,16796
08/06/2018,890.5,892.5,877,882.75,10295
08/07/2018,887.25,897.5,885.75,895.25,13199
08/08/2018,892.25,903,888,899.75,11282
08/09/2018,899.25,903.5,891.25,893,12058
08/10/2018,892.5,893,849.5,850.75,28617
08/13/2018,848.5,859.25,839.75,857.25,21935
08/14/2018,854.25,869.25,853.25,868.25,16365
08/15/2018,867.75,872.5,856.5,857.5,10749
08/16/2018,859.75,888.25,854.5,885.5,19406
08/17/2018,884.75,887.5,871,881.5,19408
08/20/2018,889.75,896,880.5,881.75,10658
08/21/2018,874,883.25,873.5,874.5,18546
08/22/2018,885,885.25,869,870.25,107198
08/23/2018,869.25,873.75,853.75,854,100743
08/24/2018,853.5,860.75,853.5,855.25,88966
08/27/2018,851.5,853.5,838.25,848.25,129624
08/28/2018,847,850.5,833,833.25,116254
08/29/2018,833.75,843.75,832,836,106799
08/30/2018,835.5,844.75,829,831.5,95517
08/31/2018,828.75,846.75,828.75,843.5,91593
09/04/2018,845.5,851.5,836.75,844.25,103552
09/05/2018,844.5,849.25,837.25,838,59546
09/06/2018,838.25,842.75,834.75,839.25,75718
09/07/2018,839,847,835.25,844,85862
09/10/2018,841.75,851.25,840.5,845.25,82393
09/11/2018,845.5,849.5,830.75,831.75,96239
09/12/2018,831,845,821.25,840,186328
09/13/2018,838.75,846.25,832,833.25,96966
09/14/2018,833.75,838,829.5,830.5,70421
09/17/2018,827.5,829.75,821.5,823.5,72673
09/18/2018,821,825.25,812.25,814,94047
09/19/2018,813.75,831.75,813.25,830,80961
09/20/2018,830,855,825.25,850.25,163230
09/21/2018,846.25,849.75,841.25,847.25,88697
09/24/2018,844,845.25,838.25,841,74829
09/25/2018,841.25,858,837.25,845.75,160953
09/26/2018,846.25,854,845.75,850,89464
09/27/2018,848.25,859,846.5,855,76059
09/28/2018,854.25,859.25,842,845.5,143042
10/01/2018,845.5,864,843,857.75,152163
10/02/2018,856.75,867.25,853,866,117212
10/03/2018,866,870.25,860.5,861.5,98123
10/04/2018,860,868.5,858.5,859.25,102929
10/05/2018,860,870.25,851.5,869,167588
10/08/2018,870,874.75,862.5,869.75,123432
10/09/2018,869.75,872.5,859.25,863,141122
10/10/2018,863,864.75,847.25,852.25,135163
10/11/2018,852,864,847,858.25,161159
10/12/2018,859.5,868,858.5,867.5,85795
10/15/2018,867,892,863.5,891.5,150598
10/16/2018,891.25,891.25,879.25,884.75,106588
10/17/2018,883.5,889.75,882,885.75,101638
10/18/2018,882.25,883.75,862.75,863.5,125411
10/19/2018,865.25,866.25,856.25,856.75,120379
10/22/2018,869.25,876.5,869.25,872.5,83140
10/23/2018,871.25,876.25,865,871,66764
10/24/2018,869,870.5,863.25,863.5,141576
10/25/2018,863,864,852.75,854.5,106816
10/26/2018,854.75,862,853.75,857.75,97367
10/29/2018,858,865.5,850.5,852.25,139052
10/30/2018,852.25,855,845.75,847,142693
10/31/2018,846,855,844.5,851.75,107360
11/01/2018,850.25,888.5,845.75,882,218699
11/02/2018,880.5,900.75,878.75,887.75,149067
11/05/2018,889,893,881.75,885.75,83109
11/06/2018,884.5,889,878.25,884.25,63937
11/07/2018,884.25,888.5,876.75,879.5,76189
11/08/2018,879.25,884,864,879,122032
11/09/2018,877.75,888.75,874,886.75,89933
11/12/2018,885.5,887.25,879.5,883.25,59241
11/13/2018,882.25,890.75,877.25,878.25,79202
11/14/2018,879,887.25,879,883.5,71293
11/15/2018,884.25,897.5,883.75,888.75,87077
11/16/2018,889.75,894.75,881.75,892.25,76599
11/19/2018,892,892.25,871.25,873.75,95488
11/20/2018,874.25,885.75,870.5,881,68069
11/21/2018,882,889,876,883,68295
11/23/2018,881.25,884.5,880,881,35988
11/26/2018,881,883,857,862.25,123317
11/27/2018,862.5,880,858.25,875.5,98671
11/28/2018,876.25,895,874,890.5,118516
11/29/2018,890,894.5,882.5,887.25,91228
11/30/2018,887.25,896.5,886,894.75,97858
12/03/2018,919.75,923.75,904.5,905.75,178080
12/04/2018,903.25,913,899.5,911.75,107528
12/05/2018,910,916.75,908.5,913.5,73440
12/06/2018,911.5,912.25,897,909.5,127436
12/07/2018,910,918,907.5,916.75,112608
12/10/2018,912,916.5,908.5,909.75,109608
12/11/2018,907.75,917.25,906,915,114414
12/12/2018,916,928,915.25,920,121344
12/13/2018,918.75,920,905.25,907,120802
12/14/2018,907.25,910,900,900.5,93463
12/17/2018,900.75,909.25,900.25,904.75,76021
12/18/2018,902.75,912.25,902.75,907.75,91101
12/19/2018,920,922.5,912,913,103168
12/20/2018,912.75,918.25,905.75,906.25,88191
12/21/2018,905,907.5,896,897.75,96780
12/24/2018,896.25,899.5,892.25,897,51735
12/26/2018,898,901.75,882.5,883,87308
12/27/2018,883.75,889,880.5,882.5,102390
12/28/2018,884,899.75,883.25,895.5,104599
12/31/2018,898.5,902,892,895,59412
01/02/2019,894.25,910.5,893,907,93627
01/03/2019,906,913.5,904.25,912.75,64779
01/04/2019,910.5,922.5,910,921.5,77263
01/07/2019,921,927.75,920.75,924.25,77636
01/08/2019,923.25,925.75,914.5,918.5,109313
01/09/2019,918.5,926.5,917.5,924,105822
01/10/2019,923.25,924.25,905.75,906.75,107362
01/11/2019,907,912.25,906.75,910.25,86383
01/14/2019,910,911,901.5,903.5,75988
01/15/2019,904.25,908,892.5,893.25,107769
01/16/2019,895.5,900,891.25,894.5,87043
01/17/2019,895.5,912,894.25,907.75,103132
01/18/2019,908.25,920.25,905.75,916.75,112894
01/22/2019,916.5,919.5,899.5,909.25,126766
01/23/2019,911,918.25,910.5,915,72124
01/24/2019,915,919.5,909.25,916,85832
01/25/2019,915.75,926.25,913,925.25,103755
01/28/2019,923.5,925,915.75,923.25,69622
01/29/2019,921.75,922.25,916.75,919,86953
01/30/2019,919,924,917.25,921,68239
01/31/2019,919.5,926.75,913.25,915.25,98081
02/01/2019,921,931.25,917,917.75,168136
02/04/2019,917,923.75,915.5,918.5,76590
02/05/2019,917.75,921,913.5,920.25,83109
02/06/2019,920,922.5,917.5,921.75,98810
02/07/2019,919.5,921.5,910.5,913.25,120903
02/08/2019,913,918,908,914.5,134648
02/11/2019,914.75,918.75,903.5,905,124095
02/12/2019,905.5,919.75,905.5,917.5,126536
02/13/2019,916.75,920,913.75,916.5,87709
02/14/2019,915.75,918.25,903,903.5,111538
02/15/2019,905.25,909.75,901.25,907.5,113607
02/19/2019,921.25,925,908.75,914.5,62673
02/20/2019,915.25,918.5,907,916,91582
02/21/2019,916,930.25,913.5,924.25,145189
02/22/2019,923.5,928,920.75,923.75,86074
02/25/2019,931.25,934.5,923.75,925,127998
02/26/2019,923,923.75,912.25,917,138335
02/27/2019,917,923.25,913.5,916.75,125039
02/28/2019,916,918.25,909.75,910.25,84659
03/01/2019,909.5,918,900.5,911.5,133667
03/04/2019,914.75,924.75,913,916,108723
03/05/2019,916.5,918.5,909,913.75,73349
03/06/2019,913.5,916.25,901,902,88123
03/07/2019,902.75,907.5,898.25,902.5,116229
03/08/2019,900.75,904.5,892.25,895.75,108751
03/11/2019,898,899,889.5,890,75764
03/12/2019,890,899.75,887.75,897,86133
03/13/2019,896,903.25,892.25,901,80304
03/14/2019,901,906.25,895.5,898.5,87983
03/15/2019,899.25,911,898.25,909.25,97847
03/18/2019,910,911.5,901.75,905.75,68441
03/19/2019,905.5,909.5,900.25,904,78731
03/20/2019,902.75,906.5,899.25,906,73221
03/21/2019,906,912,903.5,910.5,79287
03/22/2019,909.75,912,903,903.75,91931
03/25/2019,904.5,908.25,901.5,906.5,62221
03/26/2019,905.5,907.5,899.5,900.75,64159
03/27/2019,900.25,900.75,886,887.5,108413
03/28/2019,888,891.75,886.5,889.5,71399
03/29/2019,888.75,892.75,883,884.25,96062
04/01/2019,884,899,883.75,895.5,116288
04/02/2019,895.75,901.25,892.5,900,78593
04/03/2019,899.25,903,894.75,898.75,63617
04/04/2019,898.25,907.25,897,906.5,112219
04/05/2019,904.5,904.75,896.25,899,102769
04/08/2019,899,903.5,898,898.75,113476
04/09/2019,898.25,902.25,894.75,898.75,95488
04/10/2019,898.75,903.75,897.25,902,110699
04/11/2019,901.25,904,893.5,895.25,98642
04/12/2019,895,898.5,893.75,895.25,82118
04/15/2019,895,902,894.75,898.75,105410
04/16/2019,898.25,899,886.25,888,115185
04/17/2019,887.75,890.5,878.5,879,105530
04/18/2019,892.5,895.5,890.25,894.25,56698
04/22/2019,895,896.75,890.25,890.75,61980
04/23/2019,890.75,892.25,874.25,875.5,163900
04/24/2019,876,878.75,868,868.75,128946
04/25/2019,868.25,876.25,867,872.75,177210
04/26/2019,872,873.25,866,867,178068
04/29/2019,868.25,873,860.5,860.75,160093
04/30/2019,861.25,864.5,851.25,854,124176
05/01/2019,853.75,857.75,844.25,851.75,118453
05/02/2019,853,853.75,842,843.25,116090
05/03/2019,844,848,840.5,842.25,86091
05/06/2019,828,834,816.75,830.25,160580
05/07/2019,829,836.25,827,830.75,108747
05/08/2019,830.75,835,824.75,827.25,95639
05/09/2019,826.25,826.5,806.5,812.75,144618
05/10/2019,812.75,818.75,806.25,809.25,119854
05/13/2019,805,807,791,802.5,121478
05/14/2019,806,838,805.5,831.5,167862
05/15/2019,832,848.25,827,835.5,182209
05/16/2019,834,845,834,839.75,106299
05/17/2019,840.75,841.75,820.5,821.75,119427
05/20/2019,828.25,838.75,824.75,831.75,113522
05/21/2019,842.75,846.5,819,822,188028
05/22/2019,819.5,835,819,828.5,124467
05/23/2019,828.5,834,817,821.5,125848
05/24/2019,821.5,831.5,820,829.75,94258
05/28/2019,840,858.25,837.5,856,148619
05/29/2019,866,892.75,863.5,872,216536
05/30/2019,871.5,889.5,863.5,889,138936
05/31/2019,889,890.75,876.5,877.75,120397
06/03/2019,875.75,886.5,873.5,879,127513
06/04/2019,891.25,894.5,878.5,881.75,146836
06/05/2019,882,882.75,868.25,869.75,133437
06/06/2019,869.75,872.25,857.75,868.75,115535
06/07/2019,868.75,871.5,855,856.25,126250
06/10/2019,853.75,866,848.25,858.5,109009
06/11/2019,855.5,863.5,850.25,859.25,138285
06/12/2019,857.25,883.25,853.25,878,168960
06/13/2019,878,888.75,877.75,888,122373
06/14/2019,887.5,898.25,885.25,896.75,131228
06/17/2019,901,914,900.75,912.75,164353
06/18/2019,918.25,921.5,902.75,913.5,154004
06/19/2019,919.25,920.25,907.75,909.5,34078
06/20/2019,907.5,923.5,903,921.75,30253
06/21/2019,921.25,923.5,908.25,908.5,36009
06/24/2019,908,917,905.5,914.75,37799
06/25/2019,920.5,923,905.75,908.75,79480
06/26/2019,906.75,907.5,899,899.75,68894
06/27/2019,899,904,889.5,893.75,69415
06/28/2019,893.75,912,893,904.5,55101
07/01/2019,915.5,915.75,888.25,889.75,32783
07/02/2019,891,894.5,879.25,879.75,35102
07/03/2019,880,890.25,877,889.75,22055
07/05/2019,889,889.5,874.5,876,26335
07/08/2019,883,884,873.25,879,22139
07/09/2019,880,886.25,871.75,886,29489
07/10/2019,886,895.25,881.25,894.5,29584
07/11/2019,893.25,899.5,887.25,899,24047
07/12/2019,899,913.75,895.5,913.25,29186
07/15/2019,915.25,918,900.5,901.75,26785
07/16/2019,899.75,900,885,887.75,64645
07/17/2019,887.5,894.25,881.5,882.5,32882
07/18/2019,880,885.75,875.5,881.25,34663
07/19/2019,881.75,905.75,879.5,901.5,53086
07/22/2019,907.25,910,893.25,894,20058
07/23/2019,894.75,898,887,891.5,15231
07/24/2019,891.5,900.5,889.5,896.25,20685
07/25/2019,895.75,901.25,886.25,887.75,20954
07/26/2019,888.25,894.75,886.75,888.75,38620
07/29/2019,888,896.5,887.25,891.5,44512
07/30/2019,890.5,892.75,877,884.25,44781
07/31/2019,881.75,887.25,867.5,869,25894
08/01/2019,867.75,869.25,847.25,852.75,37432
08/02/2019,854.25,859.5,850.25,855.75,23513
08/05/2019,857,861.5,841.5,856,29877
08/06/2019,853,859.25,851.75,853,22440
08/07/2019,852.75,856.25,849.25,854,24795
08/08/2019,854,872,852.25,870.25,26088
08/09/2019,870.75,882,869.25,879,16960
08/12/2019,879,879.75,863.5,866.75,29827
08/13/2019,866.75,883.75,863.25,876.25,25406
08/14/2019,877,880.75,864.5,865.5,21321
08/15/2019,866.75,872,857.75,858,13755
08/16/2019,858.25,868,858.25,867.25,14071
08/19/2019,862.25,865,852,854,14187
08/20/2019,856.25,862,853,855.75,14785
08/21/2019,868.25,876.5,866.75,873,70584
08/22/2019,873,882,867.75,868.75,96828
08/23/2019,868.25,872,855,856.5,156671
08/26/2019,855,870.5,855,867.25,134591
08/27/2019,865,866,856,859.25,113705
08/28/2019,859.25,867.75,852.5,865.75,124829
08/29/2019,865.5,873,865.25,868.5,121471
08/30/2019,868.5,877.75,867,869,86214
09/03/2019,866.25,869.25,859.25,868.5,119680
09/04/2019,867.25,879.5,864.25,875.5,101357
09/05/2019,875.25,878.75,858.25,861.5,117215
09/06/2019,862.75,866.5,856,857.75,88634
09/09/2019,857.75,861,851,857.75,85092
09/10/2019,859.25,874.75,857.25,872,117203
09/11/2019,872,873.5,864,866.5,72728
09/12/2019,871,896,869,895.5,211717
09/13/2019,894.5,903.5,893,898.75,103085
09/16/2019,903.25,904.75,894.25,900,90735
09/17/2019,900,900,888.25,893.75,91238
09/18/2019,895.25,897,886.75,888.75,61671
09/19/2019,889.25,895,886.25,893,88652
09/20/2019,893,893.5,880.75,882.75,96181
09/23/2019,882.75,899.25,882.75,892.5,121013
09/24/2019,892.5,899,890.5,894.25,96225
09/25/2019,894,897.75,885.25,889.25,99066
09/26/2019,888,895.5,886.75,888.5,83062
09/27/2019,887.75,889.25,881.5,883,67140
09/30/2019,884.75,906.75,883.75,906,163353
10/01/2019,904,920,903.25,919.5,182135
10/02/2019,917.25,918.75,911.75,913.75,114727
10/03/2019,913,918.5,908,911.75,109300
10/04/2019,911,921.25,909.5,916.25,88001
10/07/2019,916.5,919.5,911.5,915.25,131284
10/08/2019,915,923.75,910.5,920.5,149426
10/09/2019,918.5,931.5,918.25,923.75,165142
10/10/2019,919.5,934,918.75,923.5,170687
10/11/2019,923.75,939.25,923.5,936,180667
10/14/2019,940.5,945.5,930.5,940.5,131889
10/15/2019,938.75,944.25,933.25,934,129605
10/16/2019,933,938.75,927.5,928,102683
10/17/2019,928,940.75,927.25,931.5,119451
10/18/2019,931,938.5,930.5,934,120202
10/21/2019,930.75,940,930.25,933.25,132043
10/22/2019,946.25,959,945,948.25,102543
10/23/2019,948,953,942,948.25,137731
10/24/2019,948,953,946.75,947,112238
10/25/2019,947,951.25,933.25,934.5,146690
10/28/2019,935.25,940.25,934.25,935.5,154254
10/29/2019,935.5,940.25,931,933.5,204463
10/30/2019,933,937,930.25,930.5,168057
10/31/2019,930.5,935.5,925,932.25,121679
11/01/2019,931,938.75,930.25,936.75,93909
11/04/2019,935.5,942.25,932.5,938,93571
11/05/2019,938,941,932,934.25,85124
11/06/2019,934,935.75,927,927.5,90384
11/07/2019,927.75,938.5,926.5,936.5,117907
11/08/2019,935.5,938.75,926.5,931,124898
11/11/2019,928.25,929,916,917,116682
11/12/2019,916.5,920,915,917,80855
11/13/2019,916.5,921.5,913.5,915.25,99250
11/14/2019,915,917.5,911,916.75,88541
11/15/2019,918.25,923.5,915.25,918.25,73352
11/18/2019,919,921.75,910,910.25,83364
11/19/2019,910.5,917,910,911.5,90805
11/20/2019,910.5,915.75,904.25,905,118388
11/21/2019,905.25,909.25,900.25,901,97029
11/22/2019,900.5,903.5,895.5,897,78021
11/25/2019,898,902.5,892,892.5,77560
11/26/2019,892.75,895,882.75,884.25,104621
11/27/2019,884.75,887.5,881.25,882,88224
11/29/2019,883.25,884.75,875.75,876.75,59925
12/02/2019,877.75,883,867.5,870.5,125372
12/03/2019,873.5,875.75,868.25,871,111142
12/04/2019,872.25,880,871.5,878,102632
12/05/2019,878,888.75,877.25,884.25,108171
12/06/2019,884.75,894,884.5,889.5,148050
12/09/2019,891.75,903.5,889.75,897.25,179217
12/10/2019,897.5,902.25,896.25,901.25,100653
12/11/2019,898.75,902,892,893.5,154948
12/12/2019,893,901.75,888.25,898.25,129658
12/13/2019,906,917,901.5,907.5,161765
12/16/2019,912.5,922.75,912.5,922,108734
12/17/2019,921.25,931,920.25,928.75,137658
12/18/2019,928,930,923,928.5,98044
12/19/2019,939,941.5,933.75,936.25,73408
12/20/2019,936,941,935.25,938.25,69246
12/23/2019,939,946.75,937.5,942.25,94319
12/24/2019,942,945.75,937.25,944.75,60068
12/26/2019,946.25,949,945,946.5,55766
12/27/2019,945.75,950.5,938.5,941.5,104243
12/30/2019,941.5,953,939.5,952.5,123925
12/31/2019,951.5,956.25,947.25,955.5,68892
01/02/2020,956,961,953.75,956.25,87368
01/03/2020,956,957,937.5,941.5,98174
01/06/2020,940,948,938.25,944.75,86233
01/07/2020,944.75,947.5,937.75,944,73587
01/08/2020,942.5,950.5,938,947.25,96902
01/09/2020,946.75,954.5,939.25,943.5,99401
01/10/2020,942.75,947,935.5,946,98345
01/13/2020,948,949.5,938,942.25,71046
01/14/2020,941.5,948.5,938.5,942.25,84463
01/15/2020,942,943.25,928.25,928.75,119742
01/16/2020,929.75,930.25,922,924,101998
01/17/2020,924.5,933.5,920,929.75,81648
01/21/2020,930,931.5,915.25,916,119955
01/22/2020,917,922,913.25,913.75,92153
01/23/2020,914,914.75,904,909.5,98543
01/24/2020,909.25,909.25,900.75,902,71264
01/27/2020,899.25,900,888.25,897.25,107839
01/28/2020,897.5,898,888.5,895,86749
01/29/2020,896,903,890.75,893,77353
01/30/2020,893.5,893.75,875.5,876.25,123089
01/31/2020,880,882.75,872.25,872.5,76237
02/03/2020,870.75,878.75,868.75,877,138975
02/04/2020,876.25,887,873.75,879.5,102451
02/05/2020,880,888,878,880,75259
02/06/2020,880,886.25,876.75,881,110541
02/07/2020,883.25,884.75,876.25,882,113780
02/10/2020,883,889.75,879.5,884.25,145123
02/11/2020,885.75,889,878,884.75,134299
02/12/2020,885.5,893,881.5,892.5,163370
02/13/2020,891,899.75,888.5,896.25,193428
02/14/2020,896.25,899.25,890,893.75,118906
02/18/2020,894.75,898.5,889.25,892.25,133199
02/19/2020,902.75,906.25,894.75,905.5,106959
02/20/2020,904.5,905.5,899.5,901,76391
02/21/2020,900.25,910.25,896.25,899,104620
02/24/2020,896.25,896.75,879.25,882.5,134255
02/25/2020,883.5,889,881.25,888.25,101598
02/26/2020,889,899,885,892,156418
02/27/2020,891.5,897,878.25,895,164165
02/28/2020,894.75,895.5,879.75,892.75,135440
03/02/2020,892.25,904.5,890.5,901,118049
03/03/2020,903.75,908,899.5,903.5,136483
03/04/2020,904.25,911,903.5,907.25,109770
03/05/2020,907,912.5,894.75,897,98729
03/06/2020,898.75,899.75,888.5,891.25,94493
03/09/2020,883.5,883.5,867,870,149865
03/10/2020,874.5,885,874.5,876.25,109558
03/11/2020,876,883.75,872,873.25,97027
03/12/2020,872.5,872.75,852.25,859.5,171641
03/13/2020,857.75,872,845.25,848.75,146873
03/16/2020,842,854.75,821,821.75,162521
03/17/2020,824.75,832.5,822,824.25,124052
03/18/2020,824.5,838.5,822.25,825.5,115856
03/19/2020,829.25,855.75,825,843.25,146051
03/20/2020,845.75,864.75,845.5,862.5,112815
03/23/2020,860,885.25,858.25,884,137562
03/24/2020,884,887.75,872.5,886.75,101830
03/25/2020,885,897,880.5,881.5,101240
03/26/2020,882.5,884.5,871.25,880.25,92600
03/27/2020,879,888.75,875.25,881.5,74273
03/30/2020,880,892.5,876.75,882.25,66762
03/31/2020,882.5,887.5,875.75,886,100917
04/01/2020,885.75,887.25,860.75,862.75,91934
04/02/2020,864.75,870,857,858.75,89450
04/03/2020,859.75,864.5,850.5,854.25,62075
04/06/2020,853.5,859,848.5,855.5,68720
04/07/2020,856,862.25,854.25,854.75,86188
04/08/2020,855.75,860.5,851.75,854.5,79057
04/09/2020,855.5,867,853.75,863.5,105524
04/13/2020,864,870,850.5,854.25,89265
04/14/2020,854.75,856.5,845.75,847,102334
04/15/2020,847.5,852.5,838.75,842,111556
04/16/2020,840.75,846.75,835.25,836.75,64484
04/17/2020,839.25,842.75,831.75,832.5,47582
04/20/2020,833.5,835.75,824.5,826.5,52383
04/21/2020,835.75,843.25,818.5,840.75,121734
04/22/2020,841,848.75,836.25,842.5,109558
04/23/2020,842.5,856.75,841.75,846.75,119648
04/24/2020,847.5,850.75,834,839.5,95799
04/27/2020,838.5,846.25,835.25,836.5,106750
04/28/2020,837,842.5,829.5,832,123125
04/29/2020,831.75,840.75,830,837.5,101673
04/30/2020,838.75,856,838.25,855.25,138796
05/01/2020,854.5,855.75,847,849.5,69308
05/04/2020,848.25,848.25,832.25,836.5,87583
05/05/2020,837.5,841,833.75,839.5,64445
05/06/2020,839.5,841.75,831.5,832.5,74570
05/07/2020,832,848.5,832,844.25,118396
05/08/2020,844,856.5,843.5,850.5,78176
05/11/2020,854,861.25,848.5,855,92989
05/12/2020,854,858,849.5,852,98047
05/13/2020,850.25,854,836.5,839.5,102525
05/14/2020,839.5,844.5,835,837,66851
05/15/2020,838,843,836.5,838.5,57623
05/18/2020,840.5,847.75,838.75,845,65172
05/19/2020,846,848.5,839.25,842.5,71624
05/20/2020,842,849.5,842,846.75,63343
05/21/2020,846.75,848.5,833.75,835,96034
05/22/2020,835.25,839.5,828.5,833.25,86744
05/26/2020,832.5,849,832.25,847,120908
05/27/2020,848,851.25,843.5,848.5,89189
05/28/2020,848.5,852.25,838.75,847,82411
05/29/2020,846,846,837,840.75,85167
06/01/2020,843.5,849,834,840.5,119172
06/02/2020,840,856,838.5,850.5,125683
06/03/2020,851.75,858,851.25,857.5,107887
06/04/2020,857,873.25,855.25,867.75,150610
06/05/2020,868,873.5,865.25,867.75,119386
06/08/2020,869.25,871.5,861.75,864.75,117154
06/09/2020,864,866.5,856.5,863.25,141206
06/10/2020,863.25,869.25,863,865.5,117232
06/11/2020,865,869.5,861,866,114073
06/12/2020,866.5,873,863.5,871.25,123832
06/15/2020,870.5,871.75,864.25,869,103929
06/16/2020,870.75,873,864.75,867,108921
06/17/2020,866.5,875.75,860,871.25,115263
06/18/2020,871,876.5,870,873,101429
06/19/2020,872.25,880,871,876,25259
06/22/2020,875,878,871.5,875,30748
06/23/2020,875,876.75,863,872,39883
06/24/2020,871.75,874.25,866.5,867.5,46300
06/25/2020,867,867.75,858.75,866.5,39578
06/26/2020,866.25,868.75,858.25,860,45747
06/29/2020,859.25,865.25,856,861.5,42653
06/30/2020,861,883.75,860.25,878.75,72954
07/01/2020,878.5,894,877.5,891.5,63371
07/02/2020,891,895.75,889,891.25,30900
07/06/2020,896,904,895.75,898.5,42442
07/07/2020,899.25,901.5,893.75,896.75,29368
07/08/2020,896,896.75,890,892.5,32386
07/09/2020,894,904.25,893,896.5,34794
07/10/2020,896.5,900.5,883.75,887.25,40750
07/13/2020,882.25,884.75,870.5,874,43678
07/14/2020,874,882.5,872.75,878,30476
07/15/2020,879.25,887.5,877.5,886.25,29421
07/16/2020,887.5,896,886.75,893.5,29648
07/17/2020,893.25,898.75,892.75,898,20095
07/20/2020,898.5,905.5,897,903,27127
07/21/2020,902.5,902.5,895,896.5,28322
07/22/2020,891,896,886.5,894,13702
07/23/2020,893.75,901.75,892.5,900.75,17926
07/24/2020,901,904.25,895,898.75,17739
07/27/2020,897,902.75,895.25,898.75,15179
07/28/2020,894.5,895,883.5,887.75,41791
07/29/2020,888,889,883.25,884.5,37039
07/30/2020,884.25,888.5,879.75,886.75,27788
07/31/2020,887.25,893.25,887.25,890.25,17232
08/03/2020,890.25,896.25,889,893,16096
08/04/2020,889.75,892,877.25,879.75,25178
08/05/2020,880.75,882.25,874.25,876.25,17222
08/06/2020,875.5,880.5,872.5,874.75,17877
08/07/2020,875.75,875.75,864.5,865.75,21528
08/10/2020,866,872.75,863.25,870,21013
08/11/2020,868.5,874.25,867.75,870.5,14979
08/12/2020,870.5,881,865,880.5,20136
08/13/2020,880.5,899,880.5,896.25,37823
08/14/2020,895,897.5,891.75,897,13940
08/17/2020,899.5,915,899,912.5,26203
08/18/2020,912,914.75,908,912,34101
08/19/2020,910.5,917.75,907.75,912.5,15732
08/20/2020,913,915.75,902.5,905.25,117693
08/21/2020,906.75,910.75,903.25,904.75,85675
08/24/2020,905,912.25,901,905.75,114678
08/25/2020,911.5,920.75,911,920.25,128946
08/26/2020,920,925.75,919.5,924.25,107805
08/27/2020,924.5,948.75,923.75,942,205329
08/28/2020,942,952,940.25,950.5,130464
08/31/2020,955.5,966.75,952.25,953.5,147147
09/01/2020,951.5,959.5,942.75,954.75,158791
09/02/2020,953,963,946,962,140582
09/03/2020,962,968.25,957.75,966,141220
09/04/2020,965,969.5,960.5,968,105741
09/08/2020,970,977,961.75,973,159628
09/09/2020,972,981.75,968.5,978.75,128513
09/10/2020,978.75,982,974.25,977.5,98676
09/11/2020,977,998,975,996,191092
09/14/2020,996,1008.75,996,999.5,137347
09/15/2020,1001,1005.75,990.25,991.5,135852
09/16/2020,991,1013.75,985,1011.25,176360
09/17/2020,1011.5,1032.25,1005,1028.5,259968
09/18/2020,1028,1046.75,1027.25,1043.5,177098
09/21/2020,1041,1045.25,1020.5,1022.5,198261
09/22/2020,1020.25,1037,1013.25,1019.75,169336
09/23/2020,1020.5,1025.5,1011,1014.5,135269
09/24/2020,1012.5,1014.75,997.25,1000,175815
09/25/2020,999,1008,995.25,1002.5,104909
09/28/2020,1002,1007.5,991.5,996.25,117222
09/29/2020,994,997.75,985.75,993,120596
09/30/2020,992.25,1034.75,987.5,1023.5,220274
10/01/2020,1023.25,1035,1021.75,1023.5,141785
10/02/2020,1024,1028,1013,1020.75,127394
10/05/2020,1019.75,1025.5,1016,1021.5,112442
10/06/2020,1021.5,1053.75,1021.25,1044,212107
10/07/2020,1041.25,1059.75,1037.25,1051,236406
10/08/2020,1051.25,1069,1048.5,1050,239775
10/09/2020,1050.25,1079.75,1047,1065.5,241006
10/12/2020,1065.25,1073.5,1031.5,1033.75,262222
10/13/2020,1034,1046,1032.5,1044,171633
10/14/2020,1043,1059.75,1039.75,1056.25,161954
10/15/2020,1057.5,1064.25,1037.25,1062.25,158655
10/16/2020,1062.75,1070.75,1048.75,1050,127247
10/19/2020,1051.25,1058.25,1047.75,1054.25,117717
10/20/2020,1055.75,1065.75,1051.25,1064,120566
10/21/2020,1064.5,1076.5,1063.75,1071.5,91349
10/22/2020,1071.5,1083.75,1063,1072.25,104986
10/23/2020,1071,1086,1064.75,1081,115955
10/26/2020,1081,1087.75,1075.25,1083.5,134255
10/27/2020,1083,1088.5,1076.25,1076.5,161794
10/28/2020,1075.75,1075.75,1054.25,1054.75,199958
10/29/2020,1056.25,1058.75,1048.5,1050.5,153852
10/30/2020,1050.25,1062.75,1046.75,1056.25,127832
11/02/2020,1054.5,1056.75,1045,1052.25,92507
11/03/2020,1053,1070.75,1051.75,1064.25,111138
11/04/2020,1063.25,1088,1055.75,1086.25,138800
11/05/2020,1086,1112.75,1083.5,1103.75,164144
11/06/2020,1102.5,1110,1098.25,1101.5,108426
11/09/2020,1101,1118,1099.75,1110.5,122176
11/10/2020,1110.5,1153.25,1108,1146,222347
11/11/2020,1147,1162.25,1145,1152.5,173589
11/12/2020,1152.5,1154,1139.75,1145.5,125087
11/13/2020,1145.5,1157,1138,1148,110428
11/16/2020,1150.25,1155.25,1144,1153.5,93941
11/17/2020,1157,1178.25,1156.25,1169.75,148053
11/18/2020,1170.25,1189.75,1167.75,1175.75,165853
11/19/2020,1174,1181.25,1161.75,1177.5,130563
11/20/2020,1179,1196.75,1176.75,1181,137795
11/23/2020,1195.5,1200,1186,1191.5,113186
11/24/2020,1190.75,1194,1174,1191.25,126040
11/25/2020,1197.5,1198.5,1183.25,1184,85398
11/27/2020,1186,1194,1179.25,1191.75,45115
11/30/2020,1198,1199,1168,1168.5,127702
12/01/2020,1169.25,1176,1161.25,1162,109296
12/02/2020,1163.75,1164,1142.5,1153,134260
12/03/2020,1154.25,1170.75,1152,1168.25,93899
12/04/2020,1168,1172.5,1157.75,1163,86886
12/07/2020,1160,1169,1149,1158.5,165902
12/08/2020,1157.5,1160.25,1142.75,1145.75,176569
12/09/2020,1146,1160.75,1145.5,1158.5,121502
12/10/2020,1159.75,1178,1150.25,1152.75,202110
12/11/2020,1155.25,1162.75,1151,1160.5,114676
12/14/2020,1164.75,1173,1161.25,1169.5,101997
12/15/2020,1170.75,1185.75,1162,1184.25,128713
12/16/2020,1187,1195,1181.75,1183.75,122886
12/17/2020,1183.25,1203,1179.75,1201.25,125030
12/18/2020,1202.75,1224.75,1201.5,1220,100596
12/21/2020,1229.25,1248.75,1217.5,1247.5,154422
12/22/2020,1248.5,1256.25,1241,1250,127913
12/23/2020,1251,1267.75,1242.5,1260,121837
12/24/2020,1261,1275,1260.25,1264.5,69536
12/28/2020,1275.25,1280.5,1247,1257.25,147552
12/29/2020,1255.75,1299.5,1246.25,1296,162644
12/30/2020,1296,1306,1280,1300.5,150666
12/31/2020,1299.25,1320.75,1295,1311,115566
01/04/2021,1319.25,1349.5,1301,1313,200649
01/05/2021,1313.25,1373.25,1313.25,1347,204605
01/06/2021,1359.75,1378.25,1354.5,1361.5,161320
01/07/2021,1364.25,1369,1342,1355.25,150334
01/08/2021,1359.75,1386,1348.5,1374.75,132108
01/11/2021,1379.25,1388.75,1354,1372.5,143484
01/12/2021,1372.5,1428.25,1358.5,1418.25,167397
01/13/2021,1424,1436.5,1403.25,1406.25,137450
01/14/2021,1406.5,1435.75,1403,1430.5,109224
01/15/2021,1432.25,1434.5,1413.5,1416.75,95665
01/19/2021,1419,1421.25,1383.25,1385.75,129335
01/20/2021,1384.5,1384.5,1352,1369.5,182300
01/21/2021,1369,1387,1365.5,1370.25,118977
01/22/2021,1367,1367,1305.25,1311.75,193798
01/25/2021,1308.75,1352.25,1298,1343.5,150390
01/26/2021,1348.25,1376.5,1333.5,1370.25,116570
01/27/2021,1376,1394.75,1364.5,1374.75,176959
01/28/2021,1371.75,1391.25,1345.5,1353.25,147312
01/29/2021,1353.25,1376.75,1335.5,1370,136046
02/01/2021,1375,1383,1349.25,1365.25,122610
02/02/2021,1366,1372,1341.5,1354.75,101229
02/03/2021,1354.5,1372.5,1342.5,1371.25,104412
02/04/2021,1374,1381.5,1364.5,1372.5,105595
02/05/2021,1370.75,1382.75,1365.5,1366.75,115198
02/08/2021,1368.75,1392.5,1364.75,1387.75,132805
02/09/2021,1391,1409.5,1377.5,1401.75,183992
02/10/2021,1404.5,1404.75,1352.25,1354,171264
02/11/2021,1352.75,1379.75,1337.25,1367.5,133481
02/12/2021,1368.5,1377.25,1362,1372,78902
02/16/2021,1385.75,1394,1373.75,1384.75,115890
02/17/2021,1386.5,1391,1377,1384.75,68554
02/18/2021,1386,1392,1371.25,1376.5,85745
02/19/2021,1378.25,1391,1368,1380,109077
02/22/2021,1387,1391,1374.5,1387.5,131827
02/23/2021,1387.5,1428.25,1383.75,1408.5,169884
02/24/2021,1410,1428,1409.5,1425.75,140127
02/25/2021,1425,1445.75,1393.5,1407.5,184671
02/26/2021,1404.75,1408,1378.25,1404.25,110066
03/01/2021,1415,1422.5,1389.5,1391.25,106588
03/02/2021,1393.5,1416.5,1380.75,1412.5,110167
03/03/2021,1415,1417.75,1395.25,1407.5,83314
03/04/2021,1409,1438,1403.5,1410.5,140366
03/05/2021,1410.5,1433.25,1403.25,1430,89777
03/08/2021,1441.5,1460,1431.5,1433.75,103932
03/09/2021,1434.75,1442,1423,1440,115316
03/10/2021,1442,1445.75,1408.25,1409.75,124169
03/11/2021,1410.5,1422.5,1400.75,1413.5,95557
03/12/2021,1413.75,1417.75,1392.25,1413.25,96945
03/15/2021,1409.25,1423.75,1402,1419.5,82218
03/16/2021,1420,1425,1412.75,1423.25,71215
03/17/2021,1424,1425.25,1408,1417.75,69409
03/18/2021,1417.25,1419,1390.5,1392.25,93486
03/19/2021,1391,1418.25,1390,1416.25,81572
03/22/2021,1418.75,1423.75,1405.25,1417.5,77293
03/23/2021,1418.75,1435,1414.25,1423.25,108200
03/24/2021,1421.75,1433.5,1418.25,1432.75,78103
03/25/2021,1430.75,1431.75,1410.5,1414.25,104662
03/26/2021,1414,1419,1399,1400.5,93202
03/29/2021,1400.5,1402.75,1383,1393,98533
03/30/2021,1393,1394.75,1364.25,1366.75,96925
03/31/2021,1368.75,1436.75,1364.75,1436.75,128593
04/01/2021,1444,1456.25,1398.5,1402,169783
04/02/2021,1402,1402,1402,1402,0
04/05/2021,1410,1421,1405.25,1412.75,63975
04/06/2021,1412.75,1431,1412.5,1418.75,81203
04/07/2021,1420.5,1427.5,1403.75,1408.75,84843
04/08/2021,1408.75,1422.5,1404.5,1415.25,98187
04/09/2021,1416,1419,1400.75,1403,98871
04/12/2021,1403.25,1407.25,1379.5,1382,134732
04/13/2021,1385.25,1398.75,1378,1389.5,119433
04/14/2021,1391.5,1416.25,1389.25,1410,113554
04/15/2021,1410,1421,1407.5,1418.25,85081
04/16/2021,1419,1437.75,1418,1433.25,75713
04/19/2021,1439.75,1454.5,1434.75,1449.75,78228
04/20/2021,1450.5,1485.5,1450,1472,91627
04/21/2021,1460,1481.75,1453,1479.5,126879
04/22/2021,1480.5,1524,1480,1514.25,158657
04/23/2021,1514.25,1525.5,1498.75,1516,133863
04/26/2021,1524,1544.75,1515,1539.25,160823
04/27/2021,1541.5,1574.75,1518,1519.5,195808
04/28/2021,1515.5,1544.5,1490.5,1513.75,188637
04/29/2021,1508,1526.25,1500,1502.25,122271
04/30/2021,1501.25,1537,1491.25,1534.25,103364
05/03/2021,1549.25,1563.5,1515.75,1524,107742
05/04/2021,1524,1553,1519,1538.25,93057
05/05/2021,1540,1554,1532.25,1542.25,87263
05/06/2021,1547,1571,1543,1569.5,112467
05/07/2021,1566.25,1599.5,1562.25,1589.75,100830
05/10/2021,1576.5,1593.75,1575.25,1587.5,94978
05/11/2021,1586,1625.5,1573.25,1614.75,116837
05/12/2021,1617.75,1667.5,1615.25,1642.5,153357
05/13/2021,1639.75,1645.25,1575,1584,164120
05/14/2021,1583.5,1612.75,1577,1586.25,93559
05/17/2021,1584.75,1603.25,1575.5,1587.5,84850
05/18/2021,1588.25,1604.75,1569,1574.25,100081
05/19/2021,1576,1576.25,1522,1538.25,125738
05/20/2021,1547,1553.75,1523,1533.25,74949
05/21/2021,1534,1540.75,1512.25,1526.25,77727
05/24/2021,1520.75,1525.75,1506.25,1522.75,78380
05/25/2021,1523.75,1538.25,1499,1511.75,98163
05/26/2021,1512.5,1525.5,1489.25,1503.5,101218
05/27/2021,1508,1539.25,1492,1537,87612
05/28/2021,1538,1555.75,1522.75,1530.5,67133
06/01/2021,1542,1578.5,1537.25,1548.5,97373
06/02/2021,1546,1567.75,1541.75,1562.5,93696
06/03/2021,1565.5,1589,1543.5,1549.25,91793
06/04/2021,1548.25,1587,1545.25,1583.75,73708
06/07/2021,1599.75,1623.5,1558.5,1560.25,145331
06/08/2021,1571,1597.5,1561.5,1580,141918
06/09/2021,1584.25,1586.75,1550,1562.5,117025
06/10/2021,1562.5,1576.5,1537.25,1544,144526
06/11/2021,1544.5,1551.25,1496.5,1508.5,131904
06/14/2021,1504.25,1504.25,1455,1472.25,106170
06/15/2021,1483.5,1488.25,1460,1465.75,103081
06/16/2021,1468.25,1475,1442.5,1448.5,74804
06/17/2021,1443,1450,1323.5,1329.75,121978
06/18/2021,1330.75,1408.25,1330.75,1396,88319
06/21/2021,1333,1376.75,1326,1370.25,25418
06/22/2021,1374.75,1380.75,1350.5,1352,23546
06/23/2021,1347.5,1363.75,1342.25,1346,26508
06/24/2021,1345.25,1346,1305.5,1334,29887
06/25/2021,1333.5,1347.25,1300.25,1302.75,38963
06/28/2021,1302.75,1343.75,1299,1336.75,40249
06/29/2021,1350,1353.25,1327,1339.75,33736
06/30/2021,1340,1438.5,1315.5,1430,41059
07/01/2021,1434.75,1459.75,1409,1429.75,29448
07/02/2021,1429,1449.5,1417.5,1433.25,16898
07/06/2021,1408.25,1408.25,1334,1344.25,27205
07/07/2021,1351.25,1388,1346.25,1366.75,31220
07/08/2021,1377.75,1383,1353,1365.25,28358
07/09/2021,1367.5,1382.5,1356.75,1379.25,18349
07/12/2021,1378.5,1409.5,1378.5,1404.25,26870
07/13/2021,1403.75,1425,1400.25,1414.75,32508
07/14/2021,1414,1458.25,1407,1453,36423
07/15/2021,1453.25,1461,1440.75,1447.5,30128
07/16/2021,1449.5,1473.75,1444,1454.75,25492
07/19/2021,1475,1480,1426.25,1428,24475
07/20/2021,1434.25,1452.75,1429.25,1443.5,33664
07/21/2021,1403,1406,1383.75,1397.75,15092
07/22/2021,1398,1398,1350.25,1369,23583
07/23/2021,1374,1374.25,1351.25,1355.75,16067
07/26/2021,1359.5,1365.25,1336.5,1362.5,16569
07/27/2021,1369,1392.25,1361.75,1367,20185
07/28/2021,1371.25,1378.75,1358,1370.25,19531
07/29/2021,1369.5,1388.5,1366,1385.25,17419
07/30/2021,1386.25,1387.25,1350.5,1355.5,15403
08/02/2021,1355,1362,1342,1356.25,11372
08/03/2021,1349.5,1350.25,1312.75,1323.75,23947
08/04/2021,1327,1335.5,1320.25,1332,16795
08/05/2021,1333.5,1347.75,1322,1335.75,13114
08/06/2021,1337,1349.75,1331.5,1344.25,11751
08/09/2021,1345.75,1354.75,1335.75,1341.5,12251
08/10/2021,1337,1354.75,1337,1348.25,14056
08/11/2021,1348,1365.5,1344.75,1347,18931
08/12/2021,1346.25,1374.5,1329.5,1347,21963
08/13/2021,1347.25,1373.25,1335.5,1373,19405
08/16/2021,1373.25,1385.5,1367.75,1376,13440
08/17/2021,1379.5,1386.5,1365,1369,12021
08/18/2021,1370,1372.75,1352.75,1358.25,10179
08/19/2021,1358,1358,1316.75,1323,17626
08/20/2021,1321,1333.5,1277.25,1290.75,115130
08/23/2021,1288.5,1309,1286.5,1292.75,91589
08/24/2021,1299,1337.75,1292,1331.75,120283
08/25/2021,1332,1339.5,1322,1332.75,91317
08/26/2021,1331,1331.5,1318,1326.25,77535
08/27/2021,1324,1325,1307.5,1323.25,71601
08/30/2021,1323.25,1336.25,1297,1303.25,102394
08/31/2021,1305.25,1312,1283.25,1292.5,111697
09/01/2021,1294,1295.75,1270,1277.75,111522
09/02/2021,1278,1287.75,1271,1283.25,93827
09/03/2021,1282.75,1296.75,1276.75,1292,63754
09/07/2021,1291.75,1305.75,1276.5,1277,73517
09/08/2021,1279,1288,1272,1279.5,88642
09/09/2021,1280,1281.75,1265,1270.5,84691
09/10/2021,1270.75,1300,1262.75,1286.5,131495
09/13/2021,1290,1294.25,1277,1284.75,67956
09/14/2021,1285.75,1297.5,1281,1282.5,72169
09/15/2021,1283.5,1296,1276,1294.5,91389
09/16/2021,1296.5,1308,1291.25,1296,75853
09/17/2021,1295.5,1298.5,1278.25,1284,66131
09/20/2021,1285,1286,1262,1262.5,94112
09/21/2021,1263,1275.5,1257.5,1274,78941
09/22/2021,1274.5,1285,1270.25,1282.75,75666
09/23/2021,1282.5,1290.25,1275.75,1284.25,70612
09/24/2021,1283.25,1290,1278.25,1285,59522
09/27/2021,1284,1297,1282,1287.5,96607
09/28/2021,1286.75,1287,1275,1277,88017
09/29/2021,1276.25,1288.5,1272.75,1283.75,91807
09/30/2021,1282,1295,1249,1256,202394
10/01/2021,1255,1262.25,1242,1246.5,104869
10/04/2021,1242.75,1247.75,1235,1235.75,111356
10/05/2021,1234.25,1256.25,1231,1250.5,100326
10/06/2021,1250,1255.5,1239.25,1242,83888
10/07/2021,1242,1249.5,1233.5,1247.25,120772
10/08/2021,1246.5,1262.5,1242,1243,123107
10/11/2021,1240.5,1251.25,1227,1228.25,112209
10/12/2021,1226.5,1230.75,1194.75,1198.25,183780
10/13/2021,1198.5,1211.25,1184.5,1195.25,186725
10/14/2021,1196,1207.75,1193.5,1206.25,127035
10/15/2021,1205.75,1221,1202,1217.75,101424
10/18/2021,1218,1225.25,1210,1221.5,99058
10/19/2021,1220.5,1239.25,1216.25,1228,139462
10/20/2021,1237,1258.75,1234,1255,73665
10/21/2021,1253,1258.75,1231.5,1233.5,63993
10/22/2021,1233.5,1240.5,1227,1230.75,75418
10/25/2021,1230,1248.25,1226.5,1247,99035
10/26/2021,1246.25,1255.75,1239.5,1247.5,86774
10/27/2021,1246.5,1266.25,1236,1249.75,167187
10/28/2021,1249.75,1260,1241.25,1246,131176
10/29/2021,1244,1255.5,1241.5,1249.5,79379
11/01/2021,1249,1259.5,1236.75,1248.5,85984
11/02/2021,1247.75,1261,1243.25,1256.25,87428
11/03/2021,1254.25,1257.75,1239.5,1244.25,78352
11/04/2021,1243.75,1247.5,1216,1222.75,107991
11/05/2021,1223,1227,1203.5,1205.5,85142
11/08/2021,1203.75,1208.25,1187,1188.5,108733
11/09/2021,1187.75,1240.75,1181.25,1212,148532
11/10/2021,1212,1222.5,1208.5,1216.75,89601
11/11/2021,1216.75,1228.25,1212,1221.5,78391
11/12/2021,1221.5,1249.75,1220.5,1244.25,99083
11/15/2021,1242.25,1259.75,1238,1257.25,94353
11/16/2021,1255.75,1261.5,1248.5,1251.25,80591
11/17/2021,1252,1289.25,1250.75,1277,146987
11/18/2021,1276.5,1287.25,1262.75,1265.25,103205
11/19/2021,1265.5,1277.25,1257,1263.25,73923
11/22/2021,1264.25,1279.5,1260,1274.25,70634
11/23/2021,1274.25,1279.25,1263,1273,65548
11/24/2021,1273.75,1281,1263.25,1266.5,72906
11/26/2021,1252,1254,1240.25,1252.75,80994
11/29/2021,1260.75,1268.5,1240.75,1241.5,82284
11/30/2021,1241.5,1244.75,1214.25,1217.25,132640
12/01/2021,1222,1237,1216.25,1228.25,105476
12/02/2021,1229.75,1249,1221,1244.25,94962
12/03/2021,1244.5,1270,1244.25,1267.25,82745
12/06/2021,1271.75,1274.75,1254.5,1261.5,75260
12/07/2021,1262.25,1268.5,1243,1250.25,171655
12/08/2021,1252.25,1264,1238.25,1261,122041
12/09/2021,1260.25,1267,1247,1264.5,102868
12/10/2021,1264.25,1276.5,1259.25,1267.75,91723
12/13/2021,1271,1271,1243.25,1244,116561
12/14/2021,1246,1267,1237.5,1259.5,102492
12/15/2021,1260,1266.5,1251,1262.5,91939
12/16/2021,1262,1280.75,1258.75,1277.25,115189
12/17/2021,1276.25,1297.5,1274.75,1285.25,106482
12/20/2021,1289.5,1296.25,1278.5,1292.25,83928
12/21/2021,1294.5,1317.5,1289,1312.75,100579
12/22/2021,1310.5,1339,1309.5,1335,105913
12/23/2021,1333,1342.5,1328,1340.75,90260
12/27/2021,1345.75,1372.75,1342.5,1371.5,103758
12/28/2021,1370,1384.5,1363.25,1368,107536
12/29/2021,1367.25,1372.5,1355,1368.75,110446
12/30/2021,1367.5,1370,1334.5,1338.5,102595
12/31/2021,1339.25,1348.5,1336.5,1339.25,55569
01/03/2022,1349,1368.5,1342,1355.5,90234
01/04/2022,1356,1392.25,1355.5,1389.75,122661
01/05/2022,1389,1399,1381.5,1394.75,96172
01/06/2022,1390.5,1393.75,1370,1387.25,99489
01/07/2022,1388,1415,1376,1410.25,120430
01/10/2022,1404.5,1409.75,1379,1384.75,120554
01/11/2022,1386.5,1395,1372.5,1386.5,97943
01/12/2022,1384.75,1401,1366.5,1399.25,118595
01/13/2022,1399,1399,1370.75,1377.25,109592
01/14/2022,1376.75,1380,1363.75,1369.75,77151
01/18/2022,1360,1368.75,1349.75,1361.25,124254
01/19/2022,1363.5,1392.5,1363.5,1391.25,107595
01/20/2022,1388.25,1429.5,1387.5,1425.75,149817
01/21/2022,1420,1426,1405.25,1414.25,95691
01/24/2022,1419.5,1423.75,1382.5,1403,134866
01/25/2022,1405,1413.75,1393.25,1407.25,107870
01/26/2022,1405.75,1443.75,1393.75,1440,139954
01/27/2022,1436,1456.5,1428.5,1448.25,143879
01/28/2022,1446.5,1479,1441.5,1470,138246
01/31/2022,1474,1496.75,1473.5,1490.5,111725
02/01/2022,1490,1539,1485,1528.5,157814
02/02/2022,1528,1564,1526,1545.25,175949
02/03/2022,1544,1560,1529,1544.25,133829
02/04/2022,1544.5,1560.25,1532,1553.5,103323
02/07/2022,1571,1589.5,1565.25,1581.75,178009
02/08/2022,1585,1586.5,1559,1569,176069
02/09/2022,1570.5,1599.5,1566.5,1594.75,190630
02/10/2022,1594.75,1633,1565.5,1574.25,255540
02/11/2022,1573,1594.75,1563.5,1583,163485
02/14/2022,1587,1599.5,1551.5,1570,125494
02/15/2022,1569.25,1577,1542.25,1551.25,147743
02/16/2022,1552.25,1589.75,1547,1587.5,100187
02/17/2022,1589,1609.75,1579.75,1596,86167
02/18/2022,1594,1611,1590,1603.5,90996
02/22/2022,1610.25,1641,1603.5,1635,154679
02/23/2022,1636.25,1675,1636,1671,166301
02/24/2022,1671,1759.25,1648.25,1654,234273
02/25/2022,1654,1670,1579,1584.5,165004
02/28/2022,1629.5,1655,1613,1636.75,122901
03/01/2022,1641.5,1697.5,1641.5,1690,108758
03/02/2022,1694,1697,1650.25,1663,111268
03/03/2022,1669.75,1699,1665.5,1667.75,101002
03/04/2022,1673.75,1688.5,1634.5,1660.5,85923
03/07/2022,1686.75,1696.75,1654.5,1659.5,82378
03/08/2022,1660,1706.5,1649.75,1689.75,110023
03/09/2022,1693,1734,1669.5,1671.75,116468
03/10/2022,1675.5,1702,1661.5,1686.25,104946
03/11/2022,1689.25,1695.75,1665.25,1676,75327
03/14/2022,1692,1697.75,1667,1670.5,73458
03/15/2022,1674,1674,1638,1658.75,70449
03/16/2022,1661,1681.25,1645.25,1649.25,65232
03/17/2022,1649.25,1677.5,1647.25,1668.5,74317
03/18/2022,1669.75,1689,1651.5,1668,57695
03/21/2022,1673,1710,1666.75,1691,82394
03/22/2022,1692.75,1720.75,1686,1696.5,80750
03/23/2022,1695.5,1736.5,1691,1718.75,75495
03/24/2022,1722.25,1730,1697.5,1700.75,72414
03/25/2022,1702,1714.25,1684.75,1710.25,55859
03/28/2022,1703,1710,1661,1664.25,76627
03/29/2022,1662.5,1673,1622,1643,107185
03/30/2022,1644,1683.75,1638.75,1664,67718
03/31/2022,1666.75,1680,1613.5,1618.25,96368
04/01/2022,1620.75,1628.5,1580.75,1582.75,90031
04/04/2022,1584,1606,1576.75,1602.25,71525
04/05/2022,1605,1635.25,1604.25,1631,66277
04/06/2022,1630,1643,1615,1619.5,75082
04/07/2022,1620,1652.75,1614.75,1645.5,114549
04/08/2022,1647.75,1689.75,1645.5,1689,89537
04/11/2022,1691,1697.5,1651.5,1655.25,113893
04/12/2022,1658.75,1682.75,1657,1670.25,104828
04/13/2022,1672.25,1681.25,1652,1676,117939
04/14/2022,1678.5,1692.5,1670,1682.25,78738
04/18/2022,1688.75,1720.5,1688.5,1714.75,83054
04/19/2022,1712,1730,1705.25,1716.5,71593
04/20/2022,1693.5,1721.75,1688.25,1717,89889
04/21/2022,1717,1726.25,1704.75,1719.5,98298
04/22/2022,1719,1734,1676,1688,105659
04/25/2022,1687,1695.5,1656.5,1675.25,106284
04/26/2022,1676.75,1696.75,1661.75,1671.75,106782
04/27/2022,1673.25,1698,1665.5,1692.75,119531
04/28/2022,1694.25,1700,1681.25,1684.75,74500
04/29/2022,1686,1704.75,1679.25,1684.75,63973
05/02/2022,1684.5,1688.75,1635,1645.25,98828
05/03/2022,1649.5,1662.75,1629,1630.5,77552
05/04/2022,1633.5,1644.5,1622,1640.5,75744
05/05/2022,1643,1667,1640,1647,81208
05/06/2022,1649.5,1650,1618,1622,68223
05/09/2022,1623.75,1626,1578,1585.25,96276
05/10/2022,1589,1605,1580.5,1592.25,71400
05/11/2022,1593.5,1615,1587.5,1606.75,73046
05/12/2022,1607.5,1627.25,1590.25,1613.75,91722
05/13/2022,1614.75,1651.5,1614,1646.5,75469
05/16/2022,1657.5,1668,1650.25,1656.5,63372
05/17/2022,1655,1684.25,1645.25,1678,76915
05/18/2022,1678,1686.75,1657,1662.75,86177
05/19/2022,1663.75,1697,1660.75,1690.5,102891
05/20/2022,1691,1710.75,1683.25,1705.25,83449
05/23/2022,1706,1720,1685,1687,87419
05/24/2022,1687.75,1696.75,1673.5,1693,78583
05/25/2022,1694.25,1697.75,1665.5,1681,82862
05/26/2022,1675.25,1737,1667.25,1726.5,144069
05/27/2022,1725.75,1744.25,1718.75,1732.25,84453
05/31/2022,1737.75,1749.25,1673.75,1683.25,147012
06/01/2022,1687.25,1706.5,1675.25,1690.25,104722
06/02/2022,1690.25,1740.75,1681.25,1729.25,111106
06/03/2022,1728.75,1730.5,1694,1697.75,80566
06/06/2022,1709,1717.75,1690,1699.25,82275
06/07/2022,1699.25,1732.75,1692.25,1728.25,147738
06/08/2022,1729.25,1758,1726.5,1740,138385
06/09/2022,1741,1784,1728.5,1769,172229
06/10/2022,1770.5,1775.5,1742.75,1745.5,111619
06/13/2022,1751.5,1757,1702,1707.5,125077
06/14/2022,1707.5,1728.25,1697,1698.5,100752
06/15/2022,1698,1705,1682.25,1693.75,101623
06/16/2022,1696.75,1715.5,1690.5,1709.5,70574
06/17/2022,1712.5,1724.5,1700.5,1702,67817
06/21/2022,1616.75,1619,1592,1598.5,22240
06/22/2022,1601.5,1602,1560,1564,28464
06/23/2022,1565,1566,1500,1507.25,41287
06/24/2022,1501.75,1529.5,1494.75,1520.75,25977
06/27/2022,1510.75,1536.25,1504,1529.5,35648
06/28/2022,1534.75,1564.25,1531.75,1556.5,49475
06/29/2022,1554,1573.75,1546.75,1571.5,42356
06/30/2022,1571.5,1601.25,1552.75,1560.5,35532
07/01/2022,1563.75,1573.25,1505.25,1509.75,28613
07/05/2022,1494,1495,1431.75,1439.25,33910
07/06/2022,1447,1461.5,1424.25,1446.5,25138
07/07/2022,1450,1496.75,1448.75,1485.25,31878
07/08/2022,1489,1516.5,1473.75,1513.25,19554
07/11/2022,1535,1552.75,1516.25,1522,22527
07/12/2022,1522,1533.5,1459.25,1468.25,26782
07/13/2022,1467.5,1497.25,1444.75,1484.75,20230
07/14/2022,1486,1503,1457.5,1471.75,23094
07/15/2022,1477.5,1490,1456.25,1466,19145
07/18/2022,1478.25,1513.5,1465.5,1497.25,22423
07/19/2022,1498.5,1499.5,1456,1477.25,19403
07/20/2022,1371.5,1373,1346.25,1350.5,9140
07/21/2022,1350.75,1359,1310.5,1317,11410
07/22/2022,1317.75,1344.75,1304.5,1327.5,12241
07/25/2022,1344.75,1360,1324.75,1356,18226
07/26/2022,1366.5,1404,1366.5,1399.75,23102
07/27/2022,1399,1431.25,1386.5,1424.5,30684
07/28/2022,1429.75,1462.75,1427.5,1457,26009
07/29/2022,1457,1516,1452.75,1487.25,28166
08/01/2022,1500,1504,1421,1432,23924
08/02/2022,1424,1438,1403.75,1415.75,23005
08/03/2022,1405,1431,1390,1403.75,15039
08/04/2022,1405,1466.5,1396,1461.25,24346
08/05/2022,1460.25,1477.75,1443.5,1463.25,18736
08/08/2022,1460.25,1478.75,1453.75,1464,12337
08/09/2022,1477.25,1520.25,1477.25,1512.25,24357
08/10/2022,1515.25,1557.25,1500.5,1509,24068
08/11/2022,1504.5,1537,1489.25,1520.25,14757
08/12/2022,1518.5,1537.5,1483,1535,16605
08/15/2022,1521,1530.75,1464.25,1494,13073
08/16/2022,1490.25,1494.5,1443.75,1454.25,12286
08/17/2022,1454.75,1479,1454,1475.25,8838
08/18/2022,1475,1499.75,1467.25,1495.5,8579
08/19/2022,1496.75,1499.25,1475.75,1488.75,5556
08/22/2022,1398,1438.5,1393,1435.25,103045
08/23/2022,1435.5,1474.75,1431.25,1461,135174
08/24/2022,1461.5,1484.5,1447.5,1457,121782
08/25/2022,1456.75,1467,1428.5,1431.25,110359
08/26/2022,1430,1464.75,1426.5,1461.25,91098
08/29/2022,1458,1460.75,1432,1437.75,94429
08/30/2022,1437.75,1440,1408.25,1432.5,81730
08/31/2022,1432,1442.5,1416,1422.5,77314
09/01/2022,1420,1433,1390,1394.75,89549
09/02/2022,1395,1422,1391.75,1420.5,62488
09/06/2022,1415,1423,1392.25,1398.75,87791
09/07/2022,1398.5,1432.25,1380.75,1383.5,123177
09/08/2022,1384,1397.25,1373,1386,87702
09/09/2022,1388.25,1415.75,1387.25,1412.25,69070
09/12/2022,1409,1490.25,1402.25,1488.25,161988
09/13/2022,1486.5,1508.75,1475.75,1478.75,141611
09/14/2022,1475,1489.5,1453.5,1455,110615
09/15/2022,1456,1468.5,1444,1451.5,100629
09/16/2022,1449,1455,1433.75,1448.5,78542
09/19/2022,1446,1465.75,1438.25,1461.25,88514
09/20/2022,1461.75,1485.5,1450.75,1478.75,107521
09/21/2022,1476.5,1488.75,1459.5,1461.25,95500
09/22/2022,1456.5,1476,1448.75,1457,115426
09/23/2022,1455,1456,1420.5,1425.75,106541
09/26/2022,1424.5,1433.75,1408.25,1411.25,125611
09/27/2022,1411.25,1437.25,1407,1408,144461
09/28/2022,1409,1412.5,1390.75,1408.75,153869
09/29/2022,1408.75,1423.75,1403.25,1410.75,157471
09/30/2022,1410.5,1425.75,1363.25,1364.75,169311
10/03/2022,1364,1376.5,1361.25,1374,122444
10/04/2022,1373.75,1395,1371.75,1383.5,119917
10/05/2022,1382.75,1385.25,1362.5,1369.75,108763
10/06/2022,1369.5,1376.75,1350,1358,110344
10/07/2022,1358,1373.5,1350.75,1367,121041
10/10/2022,1367,1398.75,1366.5,1374,196819
10/11/2022,1373.25,1385.25,1365.25,1376.25,126082
10/12/2022,1373,1414,1367.5,1396,220285
10/13/2022,1394.5,1405,1378.75,1395.75,145762
10/14/2022,1394,1410,1382.75,1383.75,109356
10/17/2022,1381.5,1395,1376.25,1385.25,116449
10/18/2022,1383,1390,1364.25,1372,143267
10/19/2022,1371.75,1378.5,1357,1372.5,105181
10/20/2022,1381.75,1405,1380,1400,71513
10/21/2022,1398.75,1407.25,1383.75,1404.5,65646
10/24/2022,1402.75,1402.75,1377.75,1381.25,97491
10/25/2022,1381.25,1396.5,1375.5,1392.25,95739
10/26/2022,1391.75,1409,1388.75,1393,123276
10/27/2022,1392.75,1405,1389,1393.5,121756
10/28/2022,1393,1402,1380.5,1400.25,137928
10/31/2022,1415,1424,1397.75,1419.5,111149
11/01/2022,1417,1449,1414.25,1447.75,127557
11/02/2022,1446,1457.75,1431,1454,99926
11/03/2022,1453,1453.5,1428,1437,86407
11/04/2022,1436.25,1465.5,1431.5,1462.25,82513
11/07/2022,1455,1469,1447,1450.25,76580
11/08/2022,1450.25,1454,1440.5,1446.5,78572
11/09/2022,1445,1457.75,1433.5,1452,99754
11/10/2022,1452,1459.25,1420.5,1423,128761
11/11/2022,1424.5,1458.75,1424.25,1450,103802
11/14/2022,1449.25,1455.25,1434.25,1440.5,78858
11/15/2022,1440,1464.75,1432.5,1457.25,99988
11/16/2022,1454.75,1455,1423.25,1429.25,96622
11/17/2022,1430,1431.75,1406.75,1417,88314
11/18/2022,1419,1430.75,1412.25,1428.25,59277
11/21/2022,1427.25,1438,1417.25,1436.75,69911
11/22/2022,1436,1443.5,1428.25,1429.75,69272
11/23/2022,1431.5,1441,1422.25,1436,67115
11/25/2022,1436.75,1448,1431,1436.25,36901
11/28/2022,1428.25,1461.75,1424,1457.25,102364
11/29/2022,1454.75,1468.5,1449,1459.5,91119
11/30/2022,1457.25,1478.5,1457.25,1469.5,93201
12/01/2022,1466,1469.75,1425.25,1429.75,134068
12/02/2022,1432,1443,1425.5,1438.5,82165
12/05/2022,1440.5,1451,1435.25,1437.75,82713
12/06/2022,1437.5,1472.5,1437,1455,126974
12/07/2022,1456,1478,1455.75,1472,145108
12/08/2022,1471,1492.25,1468,1486.25,141915
12/09/2022,1484.25,1492.75,1477.75,1483.75,85980
12/12/2022,1483.5,1483.5,1457.75,1460.5,125861
12/13/2022,1461.25,1487.75,1460.75,1479.75,145783
12/14/2022,1479.5,1487,1468,1482.25,112117
12/15/2022,1481,1486,1468,1473.5,97511
12/16/2022,1473.5,1486,1465.5,1480,58593
12/19/2022,1470,1476,1460,1460.75,101717
12/20/2022,1464,1487.5,1462.25,1479.75,79823
12/21/2022,1479,1490.75,1477,1484.5,75590
12/22/2022,1483.75,1487.75,1468,1472,77197
12/23/2022,1473.25,1489,1470.5,1484.5,72460
12/27/2022,1495.75,1522.75,1485,1489,127609
12/28/2022,1490.25,1517.5,1489.5,1514.25,100570
12/29/2022,1513,1524.25,1509,1516.25,93137
12/30/2022,1515.5,1537.5,1514.25,1524,75786
01/03/2023,1524.25,1529,1490,1492.25,116145
01/04/2023,1496.5,1506.5,1480.75,1483.5,90605
01/05/2023,1485.75,1490,1465,1470.75,100638
01/06/2023,1474.25,1498.25,1471.5,1492.5,91428
01/09/2023,1500,1501.75,1486.75,1488.5,84196
01/10/2023,1487.75,1500.75,1474,1485,96683
01/11/2023,1485,1500,1482,1493,70343
01/12/2023,1494,1527,1493.25,1518.5,139892
01/13/2023,1518,1533,1513.25,1527.75,92657
01/17/2023,1518.75,1541,1512.5,1539.75,118314
01/18/2023,1537,1548.5,1511.25,1524.5,133372
01/19/2023,1523.5,1528.5,1509,1514.75,124401
01/20/2023,1514.25,1521.75,1504,1506.5,89202
01/23/2023,1500,1503,1479.75,1490.25,134889
01/24/2023,1491.5,1506.5,1487,1488.5,129464
01/25/2023,1488.25,1504.75,1478.25,1502.5,119104
01/26/2023,1506.5,1526.25,1500,1523.5,123245
01/27/2023,1521.75,1527,1506.5,1509.5,90031
01/30/2023,1516.25,1538,1516.25,1535.25,123619
01/31/2023,1533.5,1543.75,1524.5,1538,126434
02/01/2023,1537.5,1542.75,1510.75,1520.25,129978
02/02/2023,1522.75,1537.75,1522.5,1534.25,99742
02/03/2023,1533.5,1539.75,1524.75,1532,90132
02/06/2023,1532,1535.5,1516.75,1521.25,131712
02/07/2023,1521,1530.5,1511,1515.25,164240
02/08/2023,1516,1527.75,1505.75,1519.75,177793
02/09/2023,1518.5,1533.75,1512,1519.25,189473
02/10/2023,1518,1543.25,1515.5,1542.5,153631
02/13/2023,1542,1555.5,1537,1542.75,162409
02/14/2023,1542,1544.75,1532.75,1537.5,115529
02/15/2023,1536.5,1537,1516.5,1525.75,132117
02/16/2023,1518.5,1526,1513.75,1521.25,92686
02/17/2023,1521,1527,1518.75,1522.25,76899
02/21/2023,1531.25,1544.5,1530,1544,119108
02/22/2023,1542,1549.75,1533,1534.75,95296
02/23/2023,1535,1540,1526.25,1527.25,108904
02/24/2023,1528,1536.25,1517,1519.25,138301
02/27/2023,1519.75,1524.75,1508.25,1512.75,127314
02/28/2023,1512.5,1513.25,1477.75,1479,162737
03/01/2023,1481.5,1498.25,1480.25,1494.25,131485
03/02/2023,1494.5,1514.75,1489.5,1509.25,109071
03/03/2023,1509.25,1525,1507.25,1518.75,86623
03/06/2023,1520,1538.5,1510.75,1529,116698
03/07/2023,1528,1531,1513.25,1515.5,99283
03/08/2023,1515,1533.75,1511,1517.75,105386
03/09/2023,1517.5,1528.75,1505.5,1510.75,119981
03/10/2023,1512.25,1515.5,1498,1507,99715
03/13/2023,1514.75,1516.5,1491,1491.25,124759
03/14/2023,1490,1496.75,1484,1493.75,108201
03/15/2023,1494,1500,1480,1489.25,115247
03/16/2023,1489.25,1498,1478,1491.5,107038
03/17/2023,1492.5,1498,1470,1476.5,106522
03/20/2023,1473,1487.75,1462,1486,122780
03/21/2023,1483.75,1497,1465,1467,101494
03/22/2023,1467.75,1472,1443.25,1448.5,141743
03/23/2023,1450,1454.25,1415.25,1419.5,157574
03/24/2023,1419.5,1432,1405,1428.25,129990
03/27/2023,1428.75,1445.5,1423.25,1442.25,98099
03/28/2023,1441.5,1469.75,1439.75,1467.75,122627
03/29/2023,1466,1479.75,1462.5,1477.25,105996
03/30/2023,1476.5,1483.5,1471,1474.5,110079
03/31/2023,1473.25,1513.75,1468,1505.5,137871
04/03/2023,1510,1527.75,1509.75,1522,121608
04/04/2023,1520,1523.75,1505.5,1517.5,112285
04/05/2023,1517.5,1527,1506.5,1511,124119
04/06/2023,1510,1510.25,1483.25,1492.5,115777
04/07/2023,1492.5,1492.5,1492.5,1492.5,0
04/10/2023,1493.25,1499.75,1482.5,1487.25,105039
04/11/2023,1487.75,1507.5,1486.25,1497.25,156745
04/12/2023,1497.5,1510.5,1491,1504.25,132897
04/13/2023,1504.25,1522.25,1500.5,1501,132337
04/14/2023,1502,1503.75,1490,1500.5,94395
04/17/2023,1500.5,1519,1496.25,1517,85451
04/18/2023,1515.75,1531.5,1511,1519.25,99155
04/19/2023,1488.75,1493.25,1477.5,1478.75,114328
04/20/2023,1476.5,1477,1460.75,1468.5,124845
04/21/2023,1467.75,1469.5,1444.25,1449,154249
04/24/2023,1450.25,1462.25,1434,1436,149433
04/25/2023,1434.5,1439.75,1411.25,1417.5,181764
04/26/2023,1417.75,1428.25,1412,1414.75,151492
04/27/2023,1414.75,1417.25,1401.75,1403.75,134937
04/28/2023,1406.5,1423.5,1396.5,1419.25,128888
05/01/2023,1419.25,1429.25,1413,1427.5,77070
05/02/2023,1427,1440,1408,1410.75,110515
05/03/2023,1411,1418.75,1392.25,1417.5,129015
05/04/2023,1415.25,1423.5,1405,1417.75,98587
05/05/2023,1417,1438.75,1416,1436.5,92590
05/08/2023,1436.5,1446.75,1430,1433.75,88249
05/09/2023,1432.25,1432.5,1410.5,1414.25,102276
05/10/2023,1414.5,1418.25,1402.5,1404,91083
05/11/2023,1403,1413.5,1385.25,1405.5,117774
05/12/2023,1405.25,1416.75,1388.5,1390,116972
05/15/2023,1388.75,1411.5,1386.25,1400.75,111854
05/16/2023,1400,1401.75,1358.75,1364,149242
05/17/2023,1365,1365.75,1332.75,1337,145517
05/18/2023,1336.5,1348,1323.25,1333.25,124325
05/19/2023,1333.25,1345,1304.75,1307.25,119789
05/22/2023,1308.25,1344.25,1304.75,1341.25,143213
05/23/2023,1341,1341.25,1315.5,1322.5,111359
05/24/2023,1322.5,1337.75,1316,1324.5,95312
05/25/2023,1324.25,1333.5,1305,1324,131878
05/26/2023,1323.75,1343.5,1322,1337.25,97904
05/30/2023,1337.25,1337.25,1294.25,1296.5,128256
05/31/2023,1298,1302.75,1270.75,1299.75,137386
06/01/2023,1299.75,1335.25,1299.25,1329.5,132076
06/02/2023,1329,1355.25,1322,1352.5,108797
06/05/2023,1353.25,1361.5,1343.5,1350,98182
06/06/2023,1352,1364,1340.25,1353.25,129813
06/07/2023,1353.25,1370.75,1350,1360.75,143477
06/08/2023,1358,1371.75,1352,1363.25,152587
06/09/2023,1360.5,1388,1356.25,1386.5,121921
06/12/2023,1390,1392.75,1368.5,1372.75,122300
06/13/2023,1373.25,1415.5,1371.75,1399.25,161567
06/14/2023,1398.75,1399,1380,1388.25,124157
06/15/2023,1389.75,1432,1387.5,1428.25,144129
06/16/2023,1426,1468.25,1426,1466.5,137413
06/20/2023,1472.75,1489.25,1459.75,1477.25,126378
06/21/2023,1421,1447,1411.25,1445,39549
06/22/2023,1435,1444.75,1392.75,1418.25,36642
06/23/2023,1416.5,1418.25,1383,1404,34961
06/26/2023,1400,1430.75,1389,1424.5,38033
06/27/2023,1425,1428.25,1391.75,1395.5,41889
06/28/2023,1390.5,1401.25,1351.25,1361,45693
06/29/2023,1359,1369.75,1356,1367.75,41257
06/30/2023,1367.25,1453.25,1365.25,1442,46910
07/03/2023,1442,1504.75,1441.5,1467.75,48983
07/05/2023,1473.5,1493.75,1454.5,1468.75,32788
07/06/2023,1465.25,1479,1442.25,1448.25,27983
07/07/2023,1448,1451.75,1425,1427.75,18439
07/10/2023,1436,1465,1427,1455.5,23023
07/11/2023,1453,1482,1453,1471.5,22924
07/12/2023,1470.75,1489.75,1439.5,1444.25,29298
07/13/2023,1444,1485.5,1441,1484.75,22982
07/14/2023,1483.5,1498.75,1470,1480.25,25105
07/17/2023,1490.75,1497,1477.75,1484,25571
07/18/2023,1476.5,1501,1474.25,1492,26908
07/19/2023,1492,1518.25,1485,1491.5,33338
07/20/2023,1428,1442,1419.5,1426.25,19042
07/21/2023,1423.5,1432.75,1412.5,1429,15747
07/24/2023,1435.25,1467.5,1434.25,1453.25,23800
07/25/2023,1453,1458.5,1435,1450.5,26669
07/26/2023,1448,1472.5,1440,1468.5,28242
07/27/2023,1469.75,1490,1450.75,1453.5,36997
07/28/2023,1453.75,1453.75,1425,1433,26552
07/31/2023,1425.5,1427.75,1362,1370.5,29410
08/01/2023,1372.5,1388.5,1367.25,1386.75,19509
08/02/2023,1386.75,1401.25,1362.25,1376.5,16640
08/03/2023,1376,1397.5,1375.75,1382,20946
08/04/2023,1381,1397.25,1376.25,1387,10970
08/07/2023,1378,1380.75,1337,1348.25,16826
08/08/2023,1347,1356.25,1328.5,1353.5,11568
08/09/2023,1354,1368.5,1352.75,1355.25,10419
08/10/2023,1354.5,1370,1347.75,1352,13854
08/11/2023,1349.75,1366.75,1325.75,1337.25,12713
08/14/2023,1343.5,1357.25,1337.75,1353,7906
08/15/2023,1344.25,1348.75,1319.5,1323.25,15884
08/16/2023,1323.75,1344.25,1321.25,1334.75,9256
08/17/2023,1337,1347.75,1332.5,1336.75,12549
08/18/2023,1338,1365.5,1337.75,1362.75,10672
08/21/2023,1369,1386.75,1364.5,1370,13759
08/22/2023,1361.75,1373.5,1339,1346,108534
08/23/2023,1346,1364.25,1332.5,1360.5,113865
08/24/2023,1360,1373,1356.5,1371.75,104388
08/25/2023,1370,1390.5,1368,1387.75,108346
08/28/2023,1398.25,1409.5,1394.75,1405.75,122343
08/29/2023,1393,1405,1392,1392.5,109302
08/30/2023,1390.75,1401,1380.5,1386.75,112189
08/31/2023,1386.75,1392,1367.25,1368.75,98055
09/01/2023,1369,1385,1366,1369.25,99978
09/05/2023,1369,1376.5,1358,1365,103574
09/06/2023,1377,1384.75,1370,1376.25,114632
09/07/2023,1376.25,1378,1357,1359.5,99113
09/08/2023,1360,1365,1352.5,1363,91180
09/11/2023,1363,1373.25,1362.25,1369,98684
09/12/2023,1369,1372.25,1340.75,1346.5,189114
09/13/2023,1344.75,1351.25,1333.75,1349.75,124646
09/14/2023,1349.75,1364.5,1346.25,1360.5,138778
09/15/2023,1360.5,1367.75,1338.25,1340.25,108195
09/18/2023,1340,1344.5,1315.5,1316.75,137195
09/19/2023,1315,1319.75,1308,1315.5,138842
09/20/2023,1315.25,1322.75,1310.25,1320,112121
09/21/2023,1319.75,1322,1293,1293.75,140563
09/22/2023,1294,1303,1292.5,1296.25,109957
09/25/2023,1295.25,1300,1284.5,1297.75,101011
09/26/2023,1299.25,1307.75,1289,1302.75,135125
09/27/2023,1302.75,1317,1297.5,1303.25,146484
09/28/2023,1303,1307,1287,1300.5,151183
09/29/2023,1300.5,1305.5,1272.5,1275,157263
10/02/2023,1272.5,1279.5,1265.75,1277,156106
10/03/2023,1276.5,1278.75,1256.75,1272.75,191994
10/04/2023,1272,1285,1268.75,1273,126709
10/05/2023,1271.75,1283.75,1262,1280.75,143482
10/06/2023,1279.5,1287.25,1263.5,1266,138835
10/09/2023,1267,1277.5,1258.25,1264.25,162794
10/10/2023,1263,1273.25,1254.25,1271.5,161646
10/11/2023,1271.5,1274.25,1251,1252.5,185252
10/12/2023,1252.5,1299.75,1250.5,1290,235474
10/13/2023,1286.75,1298.5,1273.5,1280.25,126936
10/16/2023,1280,1289,1279.5,1286.25,111494
10/17/2023,1286,1303.5,1285.5,1296.75,135410
10/18/2023,1297,1313,1293.25,1311,163209
10/19/2023,1311,1317.75,1300.25,1315.5,182300
10/20/2023,1331,1334,1319,1320.25,89432
10/23/2023,1320,1321.75,1305,1305.5,76926
10/24/2023,1305.5,1317,1299.25,1314.5,96781
10/25/2023,1312.75,1320.75,1297.5,1308.5,110768
10/26/2023,1307.5,1318.5,1298,1300.25,124371
10/27/2023,1300,1325.25,1298.5,1319.5,155279
10/30/2023,1319.5,1331.25,1305.5,1307.25,161864
10/31/2023,1307.25,1321.5,1300,1310.5,106183
11/01/2023,1311,1319.25,1304.75,1315,79093
11/02/2023,1315.25,1330,1315,1328.25,92230
11/03/2023,1327,1355,1326.25,1351.75,132146
11/06/2023,1352,1369.75,1352,1364,144882
11/07/2023,1362.25,1380,1356.75,1362,192413
11/08/2023,1362,1384.5,1361,1365.75,167214
11/09/2023,1366.5,1373,1336,1343.5,175301
11/10/2023,1345.75,1349.75,1337,1347.5,77163
11/13/2023,1353.75,1386,1350.25,1382.5,133136
11/14/2023,1382.75,1391.5,1368.5,1389.75,121756
11/15/2023,1389,1398.5,1379.5,1385,112125
11/16/2023,1385,1387.75,1353.75,1360.25,139084
11/17/2023,1360,1361.5,1336.75,1340.25,116880
11/20/2023,1339.25,1368,1327,1367.25,126688
11/21/2023,1365.5,1389.25,1364,1377.25,131504
11/22/2023,1377,1378.5,1354.25,1356.5,123978
11/24/2023,1354.5,1355,1329.5,1330.75,70535
11/27/2023,1329.5,1339,1323.5,1329.75,108127
11/28/2023,1330.25,1350,1329.5,1346.5,122211
11/29/2023,1346.5,1352,1337,1347,110829
11/30/2023,1347,1351.5,1339.25,1342.75,106352
12/01/2023,1342,1343.5,1323.5,1325,122191
12/04/2023,1322.5,1329.25,1303.5,1306.25,145541
12/05/2023,1307.25,1315.25,1294,1305.5,127531
12/06/2023,1309.25,1313.5,1293.75,1295.5,114902
12/07/2023,1296,1318.25,1292,1311.75,142340
12/08/2023,1312.5,1330.75,1299,1304,130020
12/11/2023,1309.5,1338.5,1307,1336,156810
12/12/2023,1337.25,1344,1320.5,1323.75,151132
12/13/2023,1323,1323.5,1302.5,1307.5,134421
12/14/2023,1311,1319.25,1304,1314,92835
12/15/2023,1317,1320.5,1304,1315.75,93133
12/18/2023,1318,1328,1307,1327,105952
12/19/2023,1326.5,1328.75,1309.5,1312.5,136922
12/20/2023,1322.25,1328.25,1311.25,1315.75,121941
12/21/2023,1316.5,1316.75,1299.25,1301.75,98809
12/22/2023,1301,1310.5,1298.25,1306.25,77512
12/26/2023,1307,1319.75,1302.5,1319,73156
12/27/2023,1317.25,1322.75,1309,1320.5,81921
12/28/2023,1319.5,1327.5,1309,1312,90198
12/29/2023,1311.25,1316.75,1296.75,1298,76821
01/02/2024,1290.5,1290.75,1267.25,1273.5,120524
01/03/2024,1273.5,1280,1265.75,1277,101043
01/04/2024,1277,1280.75,1265,1267.5,90810
01/05/2024,1267.25,1271.5,1255,1256.25,81950
01/08/2024,1258,1261,1236,1245.5,122347
01/09/2024,1245.25,1251.5,1234,1248.5,109857
01/10/2024,1249,1250,1235.25,1236.5,111664
01/11/2024,1236.25,1249.75,1234.25,1236.5,102616
01/12/2024,1237,1246.75,1203,1224.25,217784
01/16/2024,1227,1237.75,1220.75,1227.25,140122
01/17/2024,1227.25,1231,1205,1205.75,138322
01/18/2024,1206,1216,1201,1213.5,112771
01/19/2024,1213,1227,1210.75,1213.25,86593
01/22/2024,1216.75,1225.75,1209.5,1224.25,94437
01/23/2024,1224.25,1240.5,1221.5,1239.5,107718
01/24/2024,1239,1246,1235.25,1240.25,130579
01/25/2024,1240,1247.5,1215.5,1223,138526
01/26/2024,1223.5,1230.75,1208.5,1209.25,100240
01/29/2024,1210.75,1212.5,1191.5,1194.25,160776
01/30/2024,1193.75,1221.25,1187.75,1218.75,133600
01/31/2024,1218.75,1223,1206.75,1222.25,131031
02/01/2024,1221.25,1221.75,1199.5,1203.25,117651
02/02/2024,1203.25,1208.25,1186.75,1188.5,87181
02/05/2024,1190,1198.5,1179.5,1196.25,133159
02/06/2024,1196,1205.5,1193.75,1199.5,104104
02/07/2024,1199,1202,1179.25,1189,137235
02/08/2024,1187,1204.75,1180.5,1193.5,165204
02/09/2024,1195,1198,1181.5,1183.5,104619
02/12/2024,1183.75,1196.75,1182.5,1193,114463
02/13/2024,1191.75,1197.5,1183,1186.25,132884
02/14/2024,1186.25,1190,1168.25,1170.5,128628
02/15/2024,1168,1174.75,1160.25,1162.25,135571
02/16/2024,1163.75,1173.75,1162.25,1172.25,90138
02/20/2024,1180,1192,1177.25,1183.5,104278
02/21/2024,1183.5,1184,1162.25,1165,112813
02/22/2024,1165,1172,1151.75,1152.5,143433
02/23/2024,1153,1158.5,1138.25,1141.75,161468
02/26/2024,1145,1151,1133.5,1145.25,161757
02/27/2024,1145,1161.5,1138.5,1140.75,173774
02/28/2024,1141.5,1151.5,1134,1145.25,129923
02/29/2024,1144.75,1148.75,1128.5,1140.75,142367
03/01/2024,1139,1152.25,1137.25,1151.25,93713
03/04/2024,1152.25,1165.75,1151,1155,112791
03/05/2024,1155,1158.75,1146.75,1149,120022
03/06/2024,1149.25,1153.5,1140.25,1148.25,102488
03/07/2024,1149,1167,1147,1166.25,146027
03/08/2024,1165,1185,1153.75,1184,176905
03/11/2024,1185.25,1189.25,1175,1179.25,129942
03/12/2024,1179,1196.5,1175.75,1196,143451
03/13/2024,1192.25,1199.25,1182.75,1196.75,127499
03/14/2024,1196,1217.5,1191.5,1195.25,164064
03/15/2024,1194.5,1200,1183.5,1198.25,107108
03/18/2024,1198.5,1206,1186.75,1187.75,97550
03/19/2024,1188,1192.25,1181,1185.5,103620
03/20/2024,1185.5,1211.75,1183.5,1209.5,161255
03/21/2024,1209,1226.75,1204,1212,150049
03/22/2024,1211,1211.25,1189.25,1192.5,107622
03/25/2024,1194,1210,1188.5,1209.25,106767
03/26/2024,1207.5,1208,1197.75,1199,119009
03/27/2024,1196.75,1198,1189.5,1192.5,104399
03/28/2024,1191.75,1199.5,1177,1191.5,160360
04/01/2024,1196.25,1201.75,1181.5,1185.75,104397
04/02/2024,1185.5,1199.75,1171,1174,173481
04/03/2024,1175.5,1186.75,1168.5,1182.25,160346
04/04/2024,1182.25,1186.75,1170.25,1180,119935
04/05/2024,1178,1190.75,1173,1185,143725
04/08/2024,1187.75,1193.25,1180.5,1181.5,159389
04/09/2024,1181.5,1184.25,1172,1174.5,167029
04/10/2024,1174.75,1180.75,1163,1164.75,156535
04/11/2024,1163.75,1166.25,1151,1159.25,163734
04/12/2024,1158.5,1179.75,1154,1174,146255
04/15/2024,1173.25,1176,1155.5,1158.25,134465
04/16/2024,1157.25,1163,1143.25,1145,148376
04/17/2024,1145,1155.25,1141.75,1149.5,104230
04/18/2024,1149,1149.75,1133,1134.25,109349
04/19/2024,1148.25,1168,1145.75,1165.75,125516
04/22/2024,1162.5,1182.25,1159.75,1176.5,143391
04/23/2024,1176.5,1184.25,1173,1182,144321
04/24/2024,1181,1191.75,1179.25,1181.5,155917
04/25/2024,1180.25,1183.5,1166.75,1179.75,173908
04/26/2024,1179,1181,1172.5,1177.25,125205
04/29/2024,1176,1190.25,1175,1182,173726
04/30/2024,1182,1184,1158.75,1163,153691
05/01/2024,1161,1171.5,1156.25,1170.25,88675
05/02/2024,1170.25,1201.75,1170.25,1199,189776
05/03/2024,1198.25,1216.5,1197.75,1215,155622
05/06/2024,1214.75,1251.25,1207,1248.75,227964
05/07/2024,1247,1256.5,1240.25,1246.5,189975
05/08/2024,1244,1248,1225.5,1227.75,151411
05/09/2024,1227.75,1236.75,1206.25,1208.5,151107
05/10/2024,1210.25,1222.5,1204.5,1219,133144
05/13/2024,1219,1228.25,1211.5,1219.5,132053
05/14/2024,1219.25,1222.5,1203.5,1214.5,115517
05/15/2024,1215,1232.25,1209.5,1213.5,124938
05/16/2024,1214,1219.75,1210,1216.25,99241
05/17/2024,1216.5,1231.25,1215.25,1228,123270
05/20/2024,1227.25,1250.75,1224,1248,171388
05/21/2024,1246.5,1249.25,1230,1236.25,126275
05/22/2024,1235,1249.75,1233.25,1246.25,125072
05/23/2024,1245.75,1258.25,1236,1239.25,136099
05/24/2024,1239,1251,1236,1248,100198
05/28/2024,1250.25,1254.75,1226.25,1229.5,140138
05/29/2024,1229,1231.25,1212.5,1214,123723
05/30/2024,1213,1220,1207.25,1209.75,107751
05/31/2024,1209.75,1223.75,1202.75,1205,94667
06/03/2024,1204.25,1205.5,1182.5,1184.5,119994
06/04/2024,1184,1189.5,1176,1179,145530
06/05/2024,1180.25,1191.75,1175.25,1177.25,154196
06/06/2024,1176.5,1204.5,1176,1200,162161
06/07/2024,1200.5,1202.5,1174.25,1179.25,153267
06/10/2024,1179.25,1190.75,1175.5,1188.25,139377
06/11/2024,1188.25,1193,1177,1178,160774
06/12/2024,1177.25,1186.5,1171,1177.25,161099
06/13/2024,1177,1191.25,1171,1189.5,149824
06/14/2024,1188.75,1189,1178,1179.75,113326
06/17/2024,1179,1179,1157.5,1157.75,138815
06/18/2024,1147,1159.75,1145.25,1156,46045
06/20/2024,1155.25,1158.25,1139.25,1139.75,51723
06/21/2024,1140.25,1152,1140.25,1147,41645
06/24/2024,1147,1162.5,1141.25,1160.5,53704
06/25/2024,1160,1162,1140.75,1145.5,58517
06/26/2024,1145.25,1157.75,1140,1142.25,61195
06/27/2024,1140.5,1149.25,1133.75,1136.25,69745
06/28/2024,1136.25,1155.5,1130.5,1133.5,46878
07/01/2024,1133.5,1147,1129.75,1146,38670
07/02/2024,1145,1161.75,1143.75,1150.25,44354
07/03/2024,1150.25,1162.5,1146,1157.75,36947
07/05/2024,1157,1169.75,1150.5,1166.25,26326
07/08/2024,1162,1162.5,1142,1149,38239
07/09/2024,1147,1153,1128.5,1131.25,43808
07/10/2024,1131,1138,1112,1113.25,38843
07/11/2024,1113.25,1124.75,1108,1117,35515
07/12/2024,1117,1119,1102.5,1105,37842
07/15/2024,1100,1101,1075.75,1078,35655
07/16/2024,1076.75,1096.5,1076.75,1090.5,37408
07/17/2024,1090,1102.5,1090,1097.25,41677
07/18/2024,1097.5,1101,1089,1098.5,35569
07/19/2024,1098,1107.75,1095,1097.25,21496
07/22/2024,1041,1066.25,1040.75,1064.75,26329
07/23/2024,1063.25,1082.25,1060.75,1071.75,31847
07/24/2024,1069.75,1075.5,1059,1060.25,23863
07/25/2024,1060.75,1076.75,1054.25,1074.5,29415
07/26/2024,1068.75,1075.75,1038.75,1042,37635
07/29/2024,1038.5,1038.5,1008.5,1030,45896
07/30/2024,1028.25,1033,1008.5,1011,33254
07/31/2024,1010,1021.75,1005.25,1014.5,27893
08/01/2024,1014.5,1018.5,1005.75,1009,34648
08/02/2024,1008.25,1023,1007,1018,16030
08/05/2024,1020.25,1032.75,1005,1031.5,24349
08/06/2024,1031.25,1032.25,1011.75,1014,23487
08/07/2024,1014.25,1015.5,1000.5,1005.25,15475
08/08/2024,1004.75,1011.5,991.5,993.5,22922
08/09/2024,994,1001,987.25,988.75,14511
08/12/2024,987.5,988.75,959.5,971.25,26841
08/13/2024,971.25,973.25,945.25,947.25,20096
08/14/2024,945.5,958.25,940,952.25,15972
08/15/2024,951.75,961,950.5,951.5,15039
08/16/2024,950.5,952.5,936.25,938.75,16654
08/19/2024,938,957.5,938,956.25,15833
08/20/2024,955.25,966.25,950.75,957.25,13630
08/21/2024,976,984.75,974,981.5,98491
08/22/2024,981,982,960.25,961.5,121768
08/23/2024,962,974.75,961.75,973,95212
08/26/2024,965,982.25,960.5,980.75,132492
08/27/2024,979.25,991.5,977.25,986.5,132979
08/28/2024,986.5,988,972.75,977,115847
08/29/2024,975.5,992.75,975,992.5,129735
08/30/2024,991,1007.75,989.5,1000,165565
09/03/2024,1000,1024.5,995.25,1012,184644
09/04/2024,1012,1023,1000.75,1021.5,135599
09/05/2024,1020,1024.75,1010,1023.5,133525
09/06/2024,1022,1031.25,1003.5,1005,141152
09/09/2024,1002.25,1020.25,1001.75,1018,117323
09/10/2024,1017.25,1018.75,995.75,997.25,134695
09/11/2024,996.5,1008,995.5,1000.5,101592
09/12/2024,1001,1017.25,997.25,1010.75,151987
09/13/2024,1011.5,1021,1002.25,1006.25,110560
09/16/2024,1005,1012,999,1004.5,79098
09/17/2024,1003.75,1011,1002,1006,80303
09/18/2024,1007,1022,1006.25,1014,147447
09/19/2024,1015,1018.25,1006.75,1013.25,116585
09/20/2024,1012.5,1019,1001.25,1012,117625
09/23/2024,1012,1041.75,1012,1039.25,220319
09/24/2024,1037,1058.25,1032.75,1042.25,206134
09/25/2024,1042,1054.5,1031.25,1053.25,175631
09/26/2024,1051.75,1064.75,1039.75,1041,191090
09/27/2024,1039.75,1069.5,1034.25,1065.75,215024
09/30/2024,1060.25,1069.75,1052,1057,167653
10/01/2024,1055.75,1065.5,1045,1057.25,165015
10/02/2024,1055,1063.75,1042.5,1056,158797
10/03/2024,1053.75,1056.25,1041.75,1046,126126
10/04/2024,1045,1055.25,1036.25,1037.75,118954
10/07/2024,1033.5,1039,1026.5,1034,147001
10/08/2024,1032.5,1039.5,1011.5,1016.25,215735
10/09/2024,1015,1027.25,1011.5,1020.25,185293
10/10/2024,1019.75,1025.5,1011.75,1014.75,158953
10/11/2024,1014.5,1023.75,1004,1005.5,193602
10/14/2024,1002,1008.5,995.5,996,165943
10/15/2024,995,996,981,991,239187
10/16/2024,991,1001.5,978.25,980,247535
10/17/2024,978.75,991.25,968.25,988.75,236377
10/18/2024,989.5,995.5,969.25,970,201274
10/21/2024,970,983.75,969,981,184725
10/22/2024,989,1003.75,986.75,1000.5,131972
10/23/2024,1001,1007.5,994.25,1005,130438
10/24/2024,1005,1018,1002.5,1005,180125
10/25/2024,1005,1006,994,997.5,149321
10/28/2024,995.25,995.25,985.5,986,146860
10/29/2024,986.75,991.5,978.5,979,162480
10/30/2024,978.5,992.75,977.25,991.25,159633
10/31/2024,991.25,999.25,988.25,994.5,107954
11/01/2024,995.5,1008.75,988.75,993.75,118615
11/04/2024,996.5,1008,994,997.25,104347
11/05/2024,997,1006.25,996.25,1001.75,101646
11/06/2024,999.25,1007.75,982,1003.75,208308
11/07/2024,1004,1027.75,1000.5,1026.25,197073
11/08/2024,1025,1044,1017.5,1030.25,242367
11/11/2024,1030,1042.25,1019.5,1022.25,137395
11/12/2024,1023.75,1027.5,1003.75,1010.5,158851
11/13/2024,1011.5,1012.75,1001.75,1007.75,114151
11/14/2024,1006.5,1013.75,986.25,987.5,152378
11/15/2024,988,1005.25,987.25,998.5,132803
11/18/2024,1002.5,1011.5,989.5,1009.75,107221
11/19/2024,1009.75,1012.75,995.25,998.5,114559
11/20/2024,998.5,1001.5,985.25,990.5,110520
11/21/2024,991,998.75,976.25,977.75,145233
11/22/2024,980.75,985.25,975.25,983.5,104308
11/25/2024,987.5,993.25,983,985.75,100522
11/26/2024,980,991.25,976.75,983.5,131739
11/27/2024,984,994.25,983.25,988.75,134095
11/29/2024,993.25,998,982.75,989.5,72293
12/02/2024,989.5,990.5,977.5,985.25,124010
12/03/2024,985,999,983.5,991.75,135065
12/04/2024,991.5,992,980.5,983.75,113543
12/05/2024,983.5,994.75,982.25,993.75,109222
12/06/2024,993,997.5,987.75,993.75,128066
12/09/2024,992.25,1003.5,985.75,990,155123
12/10/2024,990,1000,988.5,994.75,162231
12/11/2024,994,1001,988,995.5,177510
12/12/2024,995,998.25,988.5,995.75,178084
12/13/2024,994.25,995,986,988.25,88362
12/16/2024,987.5,993.5,981,982,126195
12/17/2024,982.5,986.25,970.5,976.75,170736
12/18/2024,976.75,977.5,950.25,951.75,171410
12/19/2024,950.25,964.75,945.25,963,170407
12/20/2024,966,982.25,963.25,979.25,114707
12/23/2024,979.5,984,972.75,975.5,105210
12/24/2024,974.5,981.75,971.75,981.25,64012
12/26/2024,985,998,981,997.25,135969
12/27/2024,995.75,998.25,988.5,989.75,100585
12/30/2024,994.25,1004.5,986.75,991.75,140332
12/31/2024,991,1012,990.75,1010.5,142790
01/02/2025,1010,1015.75,1003.5,1012,129597
01/03/2025,1011,1015.5,988,991.75,142743
01/06/2025,993.75,1009.75,993.25,997.75,135003
01/07/2025,997,998.25,985.5,997.25,132275
01/08/2025,996.75,1001,991.75,994.5,115228
01/09/2025,994,1000,985.75,999,84880
01/10/2025,996.5,1033.5,996.5,1025.25,254169
01/13/2025,1024.75,1053.5,1024.25,1053,229028
01/14/2025,1051.25,1064,1043.25,1047.5,220603
01/15/2025,1046,1054,1039.75,1042.75,139448
01/16/2025,1042,1042.75,1018.5,1019,162099
01/17/2025,1019,1039,1019,1034,179294
01/21/2025,1045,1068,1039,1067.25,215089
01/22/2025,1066,1073.5,1051.75,1056,214743
01/23/2025,1055,1076.25,1047.75,1065.5,148819
01/24/2025,1051,1063,1046.75,1055.75,163178
01/27/2025,1050,1051,1040,1045,127356
01/28/2025,1042.75,1050.75,1041,1045,129003
01/29/2025,1045,1061.75,1044.5,1060.5,128051
01/30/2025,1060,1060.5,1042,1044,135406
01/31/2025,1042.75,1052,1034,1042,146046
02/03/2025,1032,1060.25,1031.75,1058.25,164396
02/04/2025,1057.5,1077.25,1048.25,1075,182908
02/05/2025,1073.5,1079.75,1053,1057,166300
02/06/2025,1057.25,1066.5,1049.75,1060.5,129164
02/07/2025,1060.5,1063.75,1047.5,1049.5,131743
02/10/2025,1046.5,1052.25,1043,1049.5,128319
02/11/2025,1049,1057,1041.5,1043.5,149758
02/12/2025,1043.5,1047,1024.5,1027.75,171577
02/13/2025,1028.5,1032.5,1024,1030,147392
02/14/2025,1030,1046.75,1029.5,1036,108934
02/18/2025,1033,1041.75,1026,1038.5,123334
02/19/2025,1053.25,1064,1045.75,1048.25,117494
02/20/2025,1049,1063.5,1048.25,1063,119015
02/21/2025,1060.75,1066.75,1054.5,1057.25,111687
02/24/2025,1056,1061,1045.75,1047.5,129312
02/25/2025,1047.5,1053.25,1037.25,1048.75,177722
02/26/2025,1048,1050,1037.75,1041.25,144042
02/27/2025,1041.25,1051.25,1035,1037.25,153275
02/28/2025,1037.75,1045.75,1025,1025.75,118780
03/03/2025,1026,1031.25,1008,1011.5,154480
03/04/2025,1010.75,1013,991,999,211927
03/05/2025,1004,1015,995.75,1011.75,159722
03/06/2025,1015.5,1036.5,1013.75,1027.25,192141
03/07/2025,1027.25,1031.5,1021,1025,110547
03/10/2025,1029.25,1032.5,1012.25,1014,105502
03/11/2025,1013,1021.25,1009.75,1011.25,101557
03/12/2025,1011,1014,994,1000.5,130716
03/13/2025,1002,1018,999.5,1010.75,114617
03/14/2025,1009,1018,1005.5,1016,89657
03/17/2025,1016.25,1021.75,1010.25,1015.5,80925
03/18/2025,1015,1021.75,1011.25,1012.75,100675
03/19/2025,1012,1016,1006.5,1008.25,124450
03/20/2025,1009,1014.5,1004,1013,117385
03/21/2025,1013.5,1016.75,1004.25,1009.75,89182
03/24/2025,1010,1011.5,1003.25,1007.25,88648
03/25/2025,1007,1007.75,998.25,1001.75,99523
03/26/2025,1002.75,1008.75,997.5,1001,103851
03/27/2025,1001,1017.75,999.75,1016.75,111192
03/28/2025,1015,1023.5,1009,1023,106523
03/31/2025,1023,1031.5,1013.25,1014.75,160036
04/01/2025,1014.75,1034.75,1010.5,1034.25,167012
04/02/2025,1032,1033,1024.5,1029.5,129992
04/03/2025,1011,1020.25,1005.25,1011.5,169499
04/04/2025,1011,1012.75,970.25,977,241305
04/07/2025,971.75,993.5,969.5,983,272593
04/08/2025,983.25,1002.25,982.5,992.75,216115
04/09/2025,989,1015.5,987.5,1012.75,205523
04/10/2025,1015.25,1029.5,1010.75,1029,192962
04/11/2025,1026.5,1044.5,1021.75,1042.75,168304
04/14/2025,1040.75,1049.5,1036.75,1041.75,117322
04/15/2025,1040.5,1041.25,1030.75,1036,126985
04/16/2025,1035.25,1045.75,1028,1038.75,113594
04/17/2025,1038,1045.25,1032,1036.5,88269
04/21/2025,1050.25,1054.75,1040.75,1041.5,71977
04/22/2025,1042,1051.5,1041,1046,94806
04/23/2025,1048,1057.5,1045.25,1050.25,140319
04/24/2025,1049.75,1063.5,1048,1062,148400
04/25/2025,1062,1067.5,1056.5,1059.25,113250
04/28/2025,1058.5,1064,1051.5,1062.5,134453
04/29/2025,1062,1063.25,1045.75,1052.75,149001
04/30/2025,1052.5,1054.5,1038.5,1044.5,115195
05/01/2025,1044,1054.5,1036.75,1050.25,84628
05/02/2025,1050.25,1062,1050,1058,82735
05/05/2025,1052.75,1057,1044.25,1045.5,84103
05/06/2025,1045.25,1046.75,1036.5,1041.25,102323
05/07/2025,1045,1056,1038.25,1039.25,123496
05/08/2025,1039,1048,1036.5,1045,105083
05/09/2025,1044.5,1058.25,1040.5,1051.75,103444
05/12/2025,1064,1074.75,1052.5,1071.25,195384
05/13/2025,1069.5,1076.25,1053.25,1072.5,161099
05/14/2025,1073.5,1082,1071.5,1077.75,124910
05/15/2025,1073,1073.25,1046,1051.25,172955
05/16/2025,1052.5,1059.75,1047.25,1050,103816
05/19/2025,1050.25,1056,1045.75,1050.75,78345
05/20/2025,1050.75,1056.75,1046.25,1053,92812
05/21/2025,1052.75,1067.5,1052.75,1062.75,129770
05/22/2025,1057,1070.75,1051,1067.5,114369
05/23/2025,1071,1073.25,1055.5,1060.25,90134
05/27/2025,1061.25,1067.75,1059,1062.5,85012
05/28/2025,1061.75,1064.25,1047.5,1048.5,94732
05/29/2025,1055.5,1055.75,1040,1051.75,121364
05/30/2025,1049,1050.5,1040.25,1041.75,87334
06/02/2025,1042.25,1042.75,1032.5,1033.5,110582
06/03/2025,1034.5,1044,1032.75,1040.75,103958
06/04/2025,1040.5,1053,1037.75,1045,136377
06/05/2025,1044.75,1056.75,1040,1051.75,0
06/06/2025,1050.75,1060.5,1047,1057.25,111541
06/09/2025,1057.5,1061.75,1053.5,1056,120715
06/10/2025,1057.25,1063.75,1055.75,1057.75,139464
06/11/2025,1057.75,1062.75,1049.25,1050.5,159137
06/12/2025,1049,1056.25,1038.5,1042.25,228330
06/13/2025,1042.25,1071,1040.75,1069.75,183883
06/16/2025,1069.5,1079.25,1064.25,1069.75,159294
06/17/2025,1069.75,1075.25,1063.75,1074,132731
06/18/2025,1074.5,1079.75,1072,1076.75,48780
06/20/2025,1076.5,1082.5,1070,1071.5,45210
06/23/2025,1075,1077.75,1059,1062,55981
06/24/2025,1058,1065.5,1049.75,1050.25,78289
06/25/2025,1051,1057.75,1027.75,1029.5,108115
06/26/2025,1032,1034.5,1022.5,1027.75,72244
06/27/2025,1029,1040.5,1024.75,1033.25,46380
06/30/2025,1034.25,1044.25,1023.25,1029.75,59926
07/01/2025,1027.25,1031.5,1016.75,1029.75,51561
07/02/2025,1032,1054.25,1029.5,1053.5,53107
07/03/2025,1052.5,1064.25,1050.75,1055.5,56407
07/07/2025,1046.75,1047,1028.75,1031.5,60370
07/08/2025,1030.5,1032.75,1020.25,1021.25,62424
07/09/2025,1020.25,1024.5,1007.75,1009,37642
07/10/2025,1007,1014,1001.75,1012.5,51876
07/11/2025,1012.5,1016,999.75,1004.25,36453
07/14/2025,1000,1009.75,994.5,1001,41417
07/15/2025,997.25,1002.5,993,995,31994
07/16/2025,996.25,1014.5,996,1013.5,33432
07/17/2025,1012.5,1022.5,1009.5,1021.5,36536
07/18/2025,1021.25,1037.25,1020.25,1027.75,44386
07/21/2025,1024,1028.5,1011.5,1015,36572
07/22/2025,1012,1013.75,1004,1008,45113
07/23/2025,1008,1017.75,1004,1005,38339
07/24/2025,1006,1010.75,1000.5,1005.75,51127
07/25/2025,1005.75,1009.5,998.25,1002,33718
07/28/2025,998,999.5,991,992.5,51995
07/29/2025,991.5,994.75,984.5,989.5,53185
07/30/2025,989.5,992,975.5,975.75,45033
07/31/2025,975.75,980.5,967.75,969.5,24348
08/01/2025,970.25,974.75,966.25,969.5,27820
08/04/2025,970,976.5,966,975.25,32968
08/05/2025,974.25,983,970.25,971.5,26999
08/06/2025,970.5,976.25,962,965.5,30023
08/07/2025,966.5,975,963.75,974,29336
08/08/2025,973.5,978.25,966.25,967.75,19153
08/11/2025,968.75,995.75,965.25,991.75,34940
08/12/2025,989.25,1014.75,973.75,1012.75,77852
08/13/2025,1009,1026.75,1008.75,1024,41102
08/14/2025,1021.25,1029,1007,1007.5,27617
08/15/2025,1008.5,1023,1005.75,1022.25,17845
08/18/2025,1021.5,1027,1014.25,1020.75,17318
08/19/2025,1021.5,1025.25,1009.75,1013,18605
08/20/2025,1034,1040.5,1031.25,1036,78264
08/21/2025,1036,1056.75,1032.25,1056,209807
08/22/2025,1054.75,1062.75,1052,1058.5,164414
08/25/2025,1057.75,1061.75,1046,1047.75,0
08/26/2025,1047,1055.75,1041.75,1049.5,154540
08/27/2025,1049,1054,1044.25,1047.5,122281
08/28/2025,1047.75,1049.25,1039.75,1048,117498
08/29/2025,1048.25,1055,1042,1054.5,98043
09/02/2025,1052.25,1053,1036.25,1041,124743
09/03/2025,1043.5,1047.75,1030.75,1031.5,101587
09/04/2025,1031.5,1034.25,1021.5,1033,115810
09/05/2025,1033.5,1037.25,1025.75,1027,94235
09/08/2025,1027,1035,1023.5,1033.75,96001
09/09/2025,1034,1036,1029.25,1031.25,88969
09/10/2025,1031,1032,1024,1025.25,100353
09/11/2025,1024.75,1035.75,1022.75,1033.5,102675
09/12/2025,1034.5,1049,1028,1046.25,170964
09/15/2025,1043,1051.25,1039.75,1042.75,119751
09/16/2025,1043,1052.5,1041.75,1049.75,109074
09/17/2025,1049.25,1052.75,1042,1043.75,106461
09/18/2025,1043.75,1044.5,1035.25,1037.5,99218
09/19/2025,1038.5,1047.75,1024,1025.5,173608
