11/29/1995,5.285,5.3,5.21,5.217,26462
11/30/1995,5.225,5.275,5.165,5.267,16144
12/01/1995,5.275,5.29,5.235,5.242,9022
12/04/1995,5.25,5.26,5.215,5.237,7118
12/05/1995,5.24,5.29,5.225,5.277,10728
12/06/1995,5.28,5.315,5.275,5.3,10299
12/07/1995,5.295,5.3,5.23,5.272,10992
12/08/1995,5.27,5.29,5.25,5.262,5224
12/11/1995,5.27,5.3,5.24,5.255,7456
12/12/1995,5.25,5.275,5.17,5.2,12113
12/13/1995,5.21,5.21,5.105,5.145,17511
12/14/1995,5.15,5.19,5.125,5.162,10878
12/15/1995,5.165,5.18,5.135,5.162,6533
12/18/1995,5.16,5.225,5.155,5.197,7408
12/19/1995,5.215,5.22,5.16,5.165,6339
12/20/1995,5.165,5.21,5.15,5.187,6312
12/21/1995,5.195,5.2,5.14,5.18,7226
12/22/1995,5.175,5.195,5.15,5.19,3402
12/26/1995,5.2,5.22,5.19,5.195,1978
12/27/1995,5.2,5.2,5.165,5.177,7880
12/28/1995,5.18,5.185,5.145,5.172,6139
12/29/1995,5.175,5.22,5.125,5.207,11358
01/02/1996,5.2,5.4,5.18,5.39,31029
01/03/1996,5.4,5.48,5.36,5.387,36640
01/04/1996,5.39,5.42,5.365,5.41,11234
01/05/1996,5.42,5.63,5.41,5.55,39098
01/08/1996,5.53,5.53,5.53,5.53,39098
01/09/1996,5.56,5.615,5.5,5.557,14384
01/10/1996,5.57,5.7,5.555,5.62,24728
01/11/1996,5.63,5.645,5.495,5.53,18191
01/12/1996,5.52,5.585,5.46,5.47,18250
01/15/1996,5.46,5.48,5.4,5.445,12599
01/16/1996,5.455,5.51,5.445,5.487,13137
01/17/1996,5.495,5.53,5.45,5.515,10987
01/18/1996,5.525,5.54,5.455,5.46,7159
01/19/1996,5.45,5.54,5.43,5.47,15738
01/22/1996,5.5,5.6,5.49,5.595,13951
01/23/1996,5.6,5.67,5.545,5.575,18418
01/24/1996,5.57,5.575,5.475,5.527,16945
01/25/1996,5.52,5.635,5.49,5.585,22947
01/26/1996,5.595,5.67,5.54,5.545,17248
01/29/1996,5.54,5.565,5.505,5.545,10966
01/30/1996,5.54,5.61,5.53,5.563,14638
01/31/1996,5.56,5.605,5.53,5.588,10373
02/01/1996,5.595,5.8,5.59,5.795,36390
02/02/1996,5.815,5.89,5.75,5.84,26362
02/05/1996,5.855,5.88,5.8,5.815,16534
02/06/1996,5.805,5.82,5.72,5.77,16313
02/07/1996,5.78,5.845,5.67,5.71,26975
02/08/1996,5.7,5.75,5.675,5.727,1521
02/09/1996,5.74,5.755,5.62,5.667,21854
02/12/1996,5.66,5.755,5.645,5.67,20702
02/13/1996,5.675,5.735,5.64,5.717,20859
02/14/1996,5.72,5.76,5.69,5.735,18151
02/15/1996,5.74,5.76,5.6,5.645,21293
02/16/1996,5.655,5.745,5.635,5.722,12418
02/20/1996,5.74,5.74,5.51,5.53,27093
02/21/1996,5.53,5.585,5.47,5.58,27090
02/22/1996,5.59,5.605,5.515,5.525,14664
02/23/1996,5.51,5.525,5.425,5.452,22942
02/26/1996,5.445,5.49,5.445,5.477,15066
02/27/1996,5.48,5.53,5.44,5.452,26651
02/28/1996,5.48,5.6,5.47,5.535,29416
02/29/1996,5.555,5.595,5.54,5.545,12313
03/01/1996,5.555,5.57,5.51,5.54,11623
03/04/1996,5.545,5.555,5.38,5.417,25913
03/05/1996,5.435,5.435,5.365,5.39,13322
03/06/1996,5.405,5.43,5.375,5.407,7647
03/07/1996,5.425,5.46,5.355,5.455,19200
03/08/1996,5.455,5.56,5.435,5.522,25200
03/11/1996,5.535,5.545,5.485,5.525,8935
03/12/1996,5.53,5.605,5.51,5.595,14901
03/13/1996,5.58,5.645,5.57,5.632,20033
03/14/1996,5.63,5.635,5.57,5.597,19303
03/15/1996,5.59,5.655,5.56,5.612,11006
03/18/1996,5.61,5.62,5.535,5.57,9942
03/19/1996,5.575,5.575,5.535,5.54,6312
03/20/1996,5.535,5.595,5.5,5.587,13336
03/21/1996,5.58,5.64,5.575,5.63,15475
03/22/1996,5.615,5.665,5.56,5.65,18293
03/25/1996,5.65,5.66,5.615,5.65,8658
03/26/1996,5.66,5.73,5.655,5.71,22068
03/27/1996,5.71,5.735,5.67,5.685,12631
03/28/1996,5.675,5.69,5.48,5.53,34836
03/29/1996,5.53,5.56,5.495,5.54,12392
04/01/1996,5.54,5.56,5.515,5.55,7028
04/02/1996,5.55,5.555,5.495,5.517,15013
04/03/1996,5.52,5.59,5.495,5.522,21324
04/04/1996,5.53,5.55,5.41,5.435,29020
04/08/1996,5.47,5.57,5.47,5.565,17186
04/09/1996,5.565,5.57,5.46,5.467,18235
04/10/1996,5.47,5.515,5.45,5.492,11572
04/11/1996,5.505,5.57,5.48,5.562,21438
04/12/1996,5.56,5.56,5.48,5.518,18081
04/15/1996,5.515,5.515,5.45,5.48,10635
04/16/1996,5.475,5.505,5.23,5.292,52209
04/17/1996,5.3,5.335,5.27,5.305,16476
04/18/1996,5.305,5.33,5.25,5.267,18893
04/19/1996,5.27,5.295,5.23,5.257,11576
04/22/1996,5.26,5.34,5.255,5.325,11100
04/23/1996,5.33,5.355,5.31,5.315,15732
04/24/1996,5.31,5.325,5.285,5.292,11797
04/25/1996,5.28,5.4,5.28,5.365,20705
04/26/1996,5.36,5.375,5.255,5.262,12007
04/29/1996,5.315,5.345,5.25,5.265,20122
04/30/1996,5.275,5.385,5.275,5.34,20024
05/01/1996,5.355,5.45,5.34,5.425,22331
05/02/1996,5.42,5.435,5.34,5.42,17009
05/03/1996,5.425,5.53,5.375,5.47,22388
05/06/1996,5.48,5.515,5.455,5.49,9945
05/07/1996,5.49,5.555,5.46,5.515,18567
05/08/1996,5.515,5.55,5.455,5.465,19139
05/09/1996,5.465,5.48,5.435,5.447,9064
05/10/1996,5.46,5.465,5.36,5.375,17677
05/13/1996,5.38,5.415,5.37,5.395,6593
05/14/1996,5.395,5.435,5.35,5.4,12546
05/15/1996,5.41,5.445,5.37,5.412,8705
05/16/1996,5.41,5.42,5.36,5.377,10033
05/17/1996,5.38,5.4,5.31,5.337,21156
05/20/1996,5.34,5.345,5.27,5.275,17203
05/21/1996,5.27,5.32,5.26,5.298,14241
05/22/1996,5.3,5.35,5.3,5.343,11652
05/23/1996,5.345,5.365,5.315,5.335,9499
05/24/1996,5.34,5.35,5.315,5.323,7057
05/28/1996,5.325,5.385,5.31,5.358,9494
05/29/1996,5.36,5.385,5.32,5.335,12293
05/30/1996,5.335,5.365,5.3,5.343,10420
05/31/1996,5.335,5.42,5.31,5.403,17641
06/03/1996,5.41,5.415,5.37,5.38,15023
06/04/1996,5.38,5.38,5.17,5.185,32024
06/05/1996,5.19,5.22,5.145,5.155,26868
06/06/1996,5.15,5.215,5.13,5.195,14415
06/07/1996,5.2,5.24,5.17,5.173,14273
06/10/1996,5.175,5.19,5.165,5.177,5109
06/11/1996,5.175,5.185,5.04,5.1,31765
06/12/1996,5.1,5.19,5.08,5.09,14498
06/13/1996,5.09,5.11,5.045,5.05,15330
06/14/1996,5.045,5.18,4.925,5.172,30799
06/17/1996,5.15,5.2,5.12,5.182,13827
06/18/1996,5.17,5.195,5.135,5.175,11056
06/19/1996,5.175,5.22,5.09,5.112,22499
06/20/1996,5.105,5.125,5.075,5.122,6793
06/21/1996,5.115,5.12,5.055,5.107,15221
06/24/1996,5.115,5.155,5.075,5.135,11661
06/25/1996,5.14,5.19,5.135,5.147,19387
06/26/1996,5.14,5.145,5.04,5.055,21793
06/27/1996,5.115,5.17,5.03,5.04,34891
06/28/1996,5.04,5.08,5.01,5.035,16662
07/01/1996,5.045,5.12,5.04,5.082,11666
07/02/1996,5.085,5.12,5.07,5.112,8291
07/03/1996,5.11,5.175,5.1,5.13,11944
07/08/1996,5.15,5.2,5.045,5.067,14002
07/09/1996,5.06,5.16,5.06,5.115,12724
07/10/1996,5.115,5.18,5.09,5.115,12665
07/11/1996,5.12,5.16,5.1,5.145,13697
07/12/1996,5.145,5.165,5.11,5.142,7961
07/15/1996,5.145,5.17,5.07,5.165,12278
07/16/1996,5.17,5.18,4.93,4.943,34546
07/17/1996,4.955,5.005,4.95,4.96,18231
07/18/1996,4.97,5.02,4.94,5,9256
07/19/1996,5.01,5.05,4.96,4.965,15346
07/22/1996,5.005,5.03,4.965,5.015,7571
07/23/1996,5.015,5.04,4.935,4.97,10472
07/24/1996,4.97,5.025,4.96,5.01,8471
07/25/1996,5.015,5.015,4.975,4.987,3788
07/26/1996,4.995,5.14,4.98,5.103,26740
07/29/1996,5.12,5.12,5.055,5.068,8768
07/30/1996,5.075,5.085,5.06,5.068,5241
07/31/1996,5.055,5.155,5.055,5.148,14831
08/01/1996,5.15,5.16,5.1,5.11,11525
08/02/1996,5.12,5.145,5.01,5.075,16308
08/05/1996,5.08,5.135,5.05,5.087,8338
08/06/1996,5.08,5.08,5.015,5.035,10262
08/07/1996,5.035,5.055,5.025,5.042,5802
08/08/1996,5.045,5.11,5.02,5.098,10262
08/09/1996,5.085,5.145,5.025,5.04,21641
08/12/1996,5.045,5.1,5.035,5.067,7896
08/13/1996,5.075,5.09,5.06,5.085,6556
08/14/1996,5.09,5.095,4.99,5.045,21200
08/15/1996,5.045,5.13,5.03,5.087,19034
08/16/1996,5.085,5.085,5.055,5.077,9364
08/19/1996,5.08,5.24,5.06,5.21,36892
08/20/1996,5.21,5.23,5.17,5.21,17577
08/21/1996,5.21,5.22,5.165,5.17,11632
08/22/1996,5.165,5.245,5.16,5.22,20509
08/23/1996,5.22,5.24,5.185,5.197,13677
08/26/1996,5.21,5.27,5.19,5.253,21066
08/27/1996,5.26,5.28,5.21,5.238,15528
08/28/1996,5.23,5.235,5.15,5.172,12802
08/29/1996,5.255,5.27,5.235,5.255,15303
08/30/1996,5.25,5.265,5.18,5.25,17870
09/03/1996,5.25,5.29,5.205,5.208,9587
09/04/1996,5.21,5.25,5.195,5.23,10219
09/05/1996,5.235,5.25,5.155,5.193,12014
09/06/1996,5.19,5.22,5.145,5.158,15621
09/09/1996,5.15,5.175,5.09,5.128,21116
09/10/1996,5.12,5.15,5.105,5.143,10201
09/11/1996,5.135,5.17,5.1,5.14,12258
09/12/1996,5.135,5.135,5.03,5.06,29034
09/13/1996,5.06,5.11,5.045,5.053,14781
09/16/1996,5.06,5.09,5.05,5.085,5945
09/17/1996,5.085,5.125,5.065,5.078,11585
09/18/1996,5.075,5.105,5.065,5.098,6378
09/19/1996,5.1,5.12,4.925,4.94,45310
09/20/1996,4.95,4.96,4.84,4.863,32225
09/23/1996,4.885,4.92,4.86,4.895,7847
09/24/1996,4.88,4.94,4.88,4.935,9366
09/25/1996,4.94,4.96,4.91,4.922,8700
09/26/1996,4.93,4.93,4.875,4.885,11344
09/27/1996,4.88,4.955,4.855,4.92,15807
09/30/1996,4.915,4.93,4.86,4.877,8819
10/01/1996,4.88,4.955,4.85,4.91,16695
10/02/1996,4.905,4.98,4.9,4.927,13759
10/03/1996,4.925,4.945,4.885,4.905,10086
10/04/1996,4.905,4.935,4.87,4.875,12567
10/07/1996,4.86,4.91,4.86,4.888,6183
10/08/1996,4.89,4.925,4.885,4.898,7361
10/09/1996,4.905,4.995,4.88,4.973,22416
10/10/1996,4.98,5.095,4.955,5.06,28196
10/11/1996,5.06,5.065,5.005,5.058,13690
10/14/1996,5.05,5.06,5.01,5.035,6176
10/15/1996,5.03,5.065,5.005,5.045,11453
10/16/1996,5.045,5.08,5.015,5.02,13663
10/17/1996,5.015,5.025,4.88,4.902,28163
10/18/1996,4.905,4.93,4.88,4.897,7216
10/21/1996,4.9,4.955,4.895,4.937,9258
10/22/1996,4.955,5,4.935,4.99,10633
10/23/1996,4.965,5.01,4.965,4.988,6596
10/24/1996,4.985,5,4.89,4.918,15417
10/25/1996,4.91,4.94,4.9,4.925,6281
10/28/1996,4.93,4.935,4.915,4.93,2437
10/29/1996,4.94,4.94,4.81,4.82,22207
10/30/1996,4.81,4.84,4.79,4.828,11294
10/31/1996,4.835,4.88,4.76,4.808,17414
11/01/1996,4.805,4.815,4.765,4.798,10765
11/04/1996,4.8,4.82,4.79,4.808,3239
11/05/1996,4.81,4.83,4.78,4.793,5610
11/06/1996,4.785,4.81,4.71,4.713,14326
11/07/1996,4.715,4.875,4.71,4.833,23992
11/08/1996,4.835,4.85,4.765,4.838,12913
11/11/1996,4.85,4.9,4.81,4.893,9025
11/12/1996,4.895,4.91,4.83,4.88,12355
11/13/1996,4.89,4.94,4.865,4.898,15427
11/14/1996,4.89,4.935,4.83,4.84,15457
11/15/1996,4.845,4.97,4.82,4.938,17006
11/18/1996,4.94,4.94,4.87,4.883,12738
11/19/1996,4.88,4.885,4.855,4.873,8657
11/20/1996,4.87,4.965,4.865,4.945,19590
11/21/1996,4.93,4.945,4.805,4.84,28838
11/22/1996,4.815,4.875,4.815,4.835,15050
11/25/1996,4.82,4.825,4.69,4.72,23606
11/26/1996,4.74,4.74,4.68,4.714,19452
11/27/1996,4.79,4.805,4.735,4.785,15170
12/02/1996,4.76,4.775,4.72,4.742,9472
12/03/1996,4.72,4.85,4.71,4.845,18186
12/04/1996,4.825,4.885,4.815,4.862,16871
12/05/1996,4.86,4.915,4.77,4.892,22832
12/06/1996,4.89,4.93,4.8,4.805,16170
12/09/1996,4.8,4.84,4.78,4.807,5173
12/10/1996,4.8,4.89,4.8,4.872,7563
12/11/1996,4.865,4.92,4.79,4.86,19845
12/12/1996,4.86,4.89,4.835,4.86,7802
12/13/1996,4.87,4.895,4.83,4.85,5596
12/16/1996,4.845,4.85,4.82,4.835,3845
12/17/1996,4.84,4.955,4.82,4.893,22606
12/18/1996,4.895,4.92,4.85,4.893,10408
12/19/1996,4.89,4.915,4.875,4.885,5231
12/20/1996,4.88,4.94,4.825,4.858,14294
12/23/1996,4.855,4.875,4.85,4.863,2580
12/24/1996,4.86,4.875,4.855,4.873,1009
12/26/1996,4.87,4.93,4.87,4.928,5647
12/27/1996,4.92,4.945,4.9,4.913,9519
12/30/1996,4.905,4.92,4.8,4.815,16754
12/31/1996,4.83,4.835,4.71,4.79,20875
01/02/1997,4.785,4.805,4.72,4.732,14070
01/03/1997,4.73,4.745,4.67,4.685,19783
01/06/1997,4.635,4.7,4.635,4.652,11305
01/07/1997,4.66,4.76,4.655,4.71,13009
01/08/1997,4.71,4.71,4.64,4.66,13756
01/09/1997,4.67,4.76,4.66,4.735,16278
01/10/1997,4.735,4.785,4.735,4.765,14048
01/13/1997,4.75,4.795,4.675,4.717,16585
01/14/1997,4.72,4.745,4.67,4.675,9609
01/15/1997,4.68,4.715,4.61,4.685,14552
01/16/1997,4.67,4.775,4.665,4.74,12935
01/17/1997,4.745,4.81,4.735,4.772,12054
01/20/1997,4.78,4.78,4.71,4.732,5073
01/21/1997,4.735,4.79,4.705,4.715,12511
01/22/1997,4.715,4.745,4.69,4.723,10703
01/23/1997,4.72,4.9,4.71,4.875,31858
01/24/1997,4.87,5,4.855,4.977,37123
01/27/1997,4.97,5.055,4.94,5.047,28429
01/28/1997,5.05,5.06,4.945,4.963,19486
01/29/1997,4.965,4.965,4.895,4.94,15105
01/30/1997,4.94,4.975,4.86,4.955,20818
01/31/1997,4.945,4.98,4.81,4.92,22046
02/03/1997,4.92,4.93,4.84,4.902,11568
02/04/1997,4.905,4.92,4.84,4.857,9487
02/05/1997,4.86,4.895,4.81,4.872,8970
02/06/1997,4.88,4.9,4.815,4.857,11789
02/07/1997,4.845,4.97,4.79,4.942,24861
02/10/1997,4.95,4.97,4.905,4.96,8417
02/11/1997,4.955,4.96,4.8,4.838,27888
02/12/1997,4.85,5.22,4.81,5.135,51275
02/13/1997,5.13,5.185,5.105,5.142,22380
02/14/1997,5.14,5.275,5.13,5.252,30143
02/18/1997,5.22,5.255,5.19,5.215,13740
02/19/1997,5.22,5.24,5.155,5.19,15218
02/20/1997,5.19,5.26,5.14,5.23,20190
02/21/1997,5.23,5.27,5.185,5.19,17017
02/24/1997,5.19,5.225,5.185,5.2,17666
02/25/1997,5.195,5.23,5.16,5.227,18798
02/26/1997,5.225,5.34,5.15,5.197,37040
02/27/1997,5.245,5.395,5.235,5.295,29111
02/28/1997,5.29,5.38,5.25,5.36,18387
03/03/1997,5.345,5.435,5.31,5.34,19354
03/04/1997,5.335,5.35,5.25,5.265,14070
03/05/1997,5.26,5.28,5.17,5.24,21053
03/06/1997,5.245,5.3,5.185,5.227,17280
03/07/1997,5.23,5.24,5.165,5.185,15678
03/10/1997,5.18,5.3,5.11,5.275,11699
03/11/1997,5.275,5.305,5.235,5.285,11361
03/12/1997,5.28,5.305,5.21,5.228,10619
03/13/1997,5.225,5.34,5.225,5.313,23511
03/14/1997,5.31,5.345,5.27,5.283,10203
03/17/1997,5.28,5.29,5.23,5.238,11496
03/18/1997,5.23,5.245,5.115,5.203,31771
03/19/1997,5.2,5.28,5.19,5.24,15486
03/20/1997,5.25,5.275,5.185,5.22,16479
03/21/1997,5.22,5.23,5.145,5.165,17681
03/24/1997,5.17,5.21,5.12,5.197,12934
03/25/1997,5.19,5.2,5.1,5.12,17024
03/26/1997,5.12,5.19,5.1,5.165,14095
03/27/1997,5.17,5.18,5.12,5.147,10074
03/31/1997,5.16,5.17,5.03,5.075,22717
04/01/1997,5.075,5.085,4.965,5.005,26770
04/02/1997,5.01,5.035,4.86,4.87,22214
04/03/1997,4.87,4.89,4.655,4.73,48557
04/04/1997,4.74,4.78,4.71,4.742,17602
04/07/1997,4.7,4.805,4.7,4.79,9757
04/08/1997,4.79,4.825,4.75,4.78,12554
04/09/1997,4.79,4.805,4.76,4.775,6058
04/10/1997,4.765,4.8,4.76,4.782,3940
04/11/1997,4.795,4.8,4.68,4.72,15172
04/14/1997,4.71,4.745,4.7,4.723,5925
04/15/1997,4.72,4.725,4.66,4.708,12165
04/16/1997,4.715,4.795,4.705,4.77,13688
04/17/1997,4.775,4.83,4.67,4.695,33982
04/18/1997,4.705,4.755,4.67,4.713,10524
04/21/1997,4.72,4.755,4.72,4.735,11771
04/22/1997,4.745,4.77,4.705,4.715,9427
04/23/1997,4.71,4.74,4.675,4.725,9096
04/24/1997,4.73,4.73,4.675,4.693,17172
04/25/1997,4.69,4.735,4.685,4.72,10439
04/28/1997,4.705,4.73,4.57,4.61,20663
04/29/1997,4.67,4.695,4.645,4.67,18711
04/30/1997,4.68,4.76,4.67,4.693,16957
05/01/1997,4.7,4.8,4.67,4.768,16408
05/02/1997,4.77,4.775,4.72,4.728,8623
05/05/1997,4.73,4.79,4.72,4.768,5735
05/06/1997,4.765,4.79,4.72,4.733,10094
05/07/1997,4.73,4.78,4.73,4.758,3969
05/08/1997,4.76,4.88,4.76,4.86,19071
05/09/1997,4.855,4.925,4.84,4.88,15613
05/12/1997,4.885,4.93,4.83,4.835,11708
05/13/1997,4.84,4.905,4.82,4.878,10433
05/14/1997,4.885,4.895,4.83,4.838,6357
05/15/1997,4.84,4.87,4.835,4.858,5677
05/16/1997,4.855,4.865,4.665,4.693,28862
05/19/1997,4.72,4.72,4.625,4.713,13122
05/20/1997,4.71,4.735,4.68,4.713,7063
05/21/1997,4.715,4.72,4.67,4.695,5322
05/22/1997,4.7,4.705,4.66,4.678,4278
05/23/1997,4.685,4.785,4.64,4.738,11768
05/27/1997,4.73,4.76,4.725,4.748,5481
05/28/1997,4.73,4.77,4.65,4.73,13472
05/29/1997,4.735,4.845,4.71,4.838,25800
05/30/1997,4.825,4.85,4.67,4.675,20593
06/02/1997,4.675,4.73,4.675,4.698,10208
06/03/1997,4.705,4.745,4.69,4.728,8385
06/04/1997,4.74,4.74,4.69,4.7,12561
06/05/1997,4.7,4.82,4.685,4.77,18648
06/06/1997,4.78,4.93,4.77,4.783,29168
06/09/1997,4.78,4.82,4.695,4.74,12625
06/10/1997,4.745,4.785,4.725,4.745,9459
06/11/1997,4.75,4.77,4.72,4.745,4616
06/12/1997,4.75,4.75,4.705,4.708,7249
06/13/1997,4.7,4.74,4.65,4.675,18934
06/16/1997,4.68,4.7,4.675,4.687,5837
06/17/1997,4.71,4.805,4.68,4.762,22515
06/18/1997,4.765,4.78,4.675,4.695,16437
06/19/1997,4.695,4.78,4.62,4.745,25292
06/20/1997,4.75,4.755,4.69,4.712,11651
06/23/1997,4.685,4.82,4.675,4.812,25162
06/24/1997,4.81,4.83,4.73,4.75,16341
06/25/1997,4.75,4.785,4.745,4.755,14297
06/26/1997,4.76,4.775,4.68,4.74,25603
06/27/1997,4.79,4.795,4.72,4.725,17033
06/30/1997,4.715,4.745,4.63,4.648,28075
07/01/1997,4.655,4.71,4.65,4.678,12619
07/02/1997,4.675,4.7,4.64,4.645,9218
07/03/1997,4.64,4.68,4.56,4.57,15368
07/07/1997,4.57,4.575,4.25,4.285,36321
07/08/1997,4.3,4.38,4.175,4.335,23155
07/09/1997,4.335,4.345,4.25,4.32,16638
07/10/1997,4.32,4.395,4.305,4.383,10080
07/11/1997,4.37,4.395,4.325,4.36,7858
07/14/1997,4.36,4.375,4.26,4.275,11151
07/15/1997,4.275,4.345,4.235,4.297,12716
07/16/1997,4.295,4.335,4.18,4.185,13704
07/17/1997,4.19,4.285,4.145,4.245,16087
07/18/1997,4.22,4.34,4.22,4.27,233
07/21/1997,4.3,4.32,4.25,4.258,5155
07/22/1997,4.26,4.36,4.255,4.303,13083
07/23/1997,4.32,4.33,4.255,4.295,8488
07/24/1997,4.29,4.45,4.26,4.28,16850
07/25/1997,4.28,4.35,4.195,4.32,12850
07/28/1997,4.325,4.38,4.305,4.358,8212
07/29/1997,4.37,4.37,4.28,4.325,13191
07/30/1997,4.325,4.405,4.32,4.373,9327
07/31/1997,4.365,4.5,4.36,4.49,24067
08/01/1997,4.48,4.5,4.42,4.47,13638
08/04/1997,4.47,4.54,4.455,4.507,7718
08/05/1997,4.49,4.5,4.29,4.315,23732
08/06/1997,4.325,4.36,4.305,4.333,5570
08/07/1997,4.335,4.39,4.31,4.375,8571
08/08/1997,4.37,4.475,4.31,4.375,15753
08/11/1997,4.4,4.45,4.37,4.44,7615
08/12/1997,4.44,4.445,4.38,4.425,8274
08/13/1997,4.44,4.545,4.42,4.507,20543
08/14/1997,4.5,4.52,4.365,4.405,19604
08/15/1997,4.41,4.57,4.39,4.56,20118
08/18/1997,4.565,4.57,4.47,4.502,12421
08/19/1997,4.48,4.53,4.475,4.512,8088
08/20/1997,4.5,4.52,4.425,4.49,12873
08/21/1997,4.49,4.545,4.465,4.505,12310
08/22/1997,4.515,4.7,4.465,4.682,38059
08/25/1997,4.655,4.67,4.595,4.612,11661
08/26/1997,4.615,4.665,4.6,4.657,18005
08/27/1997,4.66,4.66,4.61,4.64,15558
08/28/1997,4.675,4.86,4.675,4.71,31715
08/29/1997,4.72,4.77,4.66,4.685,13940
09/02/1997,4.705,4.74,4.645,4.662,8560
09/03/1997,4.66,4.735,4.635,4.707,11009
09/04/1997,4.71,4.75,4.655,4.71,12160
09/05/1997,4.715,4.78,4.66,4.73,14315
09/08/1997,4.72,4.74,4.68,4.702,6093
09/09/1997,4.705,4.775,4.68,4.76,12406
09/10/1997,4.755,4.77,4.725,4.748,5687
09/11/1997,4.755,4.85,4.745,4.765,16397
09/12/1997,4.765,4.815,4.725,4.775,11484
09/15/1997,4.765,4.78,4.735,4.757,4580
09/16/1997,4.765,4.77,4.58,4.615,27822
09/17/1997,4.595,4.64,4.57,4.605,15123
09/18/1997,4.605,4.72,4.605,4.685,18054
09/19/1997,4.695,4.74,4.685,4.705,9906
09/22/1997,4.715,4.715,4.66,4.673,4567
09/23/1997,4.68,4.705,4.65,4.695,8129
09/24/1997,4.7,4.76,4.7,4.755,9068
09/25/1997,4.755,4.825,4.735,4.785,15510
09/26/1997,4.79,4.84,4.755,4.822,15860
09/29/1997,4.82,5.12,4.82,5.105,45279
09/30/1997,5.105,5.33,5.075,5.232,40399
10/01/1997,5.23,5.25,5.15,5.185,15728
10/02/1997,5.17,5.23,5.165,5.17,14949
10/03/1997,5.18,5.315,5.15,5.303,17159
10/06/1997,5.31,5.31,5.19,5.207,9767
10/07/1997,5.195,5.24,5.16,5.202,8192
10/08/1997,5.205,5.32,5.185,5.23,17641
10/09/1997,5.235,5.285,5.085,5.125,20232
10/10/1997,5.14,5.2,5.115,5.195,7270
10/13/1997,5.18,5.21,5.14,5.147,4804
10/14/1997,5.135,5.145,5.055,5.08,11618
10/15/1997,5.085,5.085,4.99,5.067,14474
10/16/1997,5.07,5.115,4.895,4.91,31062
10/17/1997,4.925,4.975,4.88,4.958,11182
10/20/1997,4.95,4.96,4.87,4.938,11637
10/21/1997,4.93,4.99,4.92,4.978,8678
10/22/1997,4.965,5.08,4.945,5.033,18410
10/23/1997,5.03,5.08,4.925,4.938,18874
10/24/1997,4.945,4.95,4.77,4.785,29993
10/27/1997,4.785,4.855,4.74,4.79,17339
10/28/1997,4.79,4.82,4.63,4.805,50203
10/29/1997,4.8,4.83,4.725,4.795,15736
10/30/1997,4.78,4.895,4.745,4.867,19892
10/31/1997,4.835,4.865,4.72,4.737,16524
11/03/1997,4.75,4.87,4.71,4.845,17559
11/04/1997,4.83,4.89,4.81,4.848,13409
11/05/1997,4.845,4.885,4.83,4.873,7715
11/06/1997,4.87,4.945,4.825,4.897,14398
11/07/1997,4.905,4.96,4.81,4.85,15330
11/10/1997,4.85,4.885,4.825,4.863,5611
11/11/1997,4.86,5.02,4.845,4.905,17869
11/12/1997,4.905,4.97,4.88,4.903,9174
11/13/1997,4.89,5.15,4.88,5.135,24802
11/14/1997,5.135,5.22,4.99,5.08,26812
11/17/1997,5.085,5.155,5.085,5.118,17044
11/18/1997,5.12,5.13,5.06,5.1,12727
11/19/1997,5.1,5.27,5.085,5.218,31107
11/20/1997,5.22,5.24,5.17,5.228,15455
11/21/1997,5.225,5.495,5.21,5.418,49879
11/24/1997,5.44,5.465,5.34,5.375,26404
11/25/1997,5.345,5.38,5.15,5.221,15786
11/26/1997,5.3,5.315,5.225,5.298,16982
12/01/1997,5.3,5.35,5.205,5.345,13316
12/02/1997,5.36,5.38,5.32,5.348,8772
12/03/1997,5.355,5.4,5.25,5.323,13697
12/04/1997,5.315,5.34,5.275,5.305,6998
12/05/1997,5.3,5.495,5.3,5.428,17868
12/08/1997,5.44,5.46,5.365,5.395,11556
12/09/1997,5.395,5.46,5.33,5.448,17262
12/10/1997,5.455,5.885,5.455,5.875,34458
12/11/1997,5.905,6.22,5.775,5.81,20674
12/12/1997,5.795,5.96,5.76,5.878,13060
12/15/1997,5.89,6.045,5.865,5.905,9479
12/16/1997,5.9,5.99,5.81,5.965,14061
12/17/1997,5.99,6.095,5.915,5.968,12521
12/18/1997,5.97,6.08,5.93,6.073,14853
12/19/1997,6.08,6.13,6,6.055,8892
12/22/1997,6.05,6.08,6.015,6.025,4887
12/23/1997,6.03,6.25,6.015,6.243,15996
12/24/1997,6.265,6.395,6.195,6.378,8595
12/26/1997,6.365,6.38,6.31,6.35,4020
12/29/1997,6.35,6.35,6.2,6.33,10051
12/30/1997,6.33,6.33,6.12,6.185,13072
12/31/1997,6.175,6.175,5.8,5.988,25420
01/02/1998,5.95,5.99,5.925,5.955,5237
01/05/1998,5.93,5.955,5.815,5.923,16019
01/06/1998,5.93,6.19,5.835,6.065,26676
01/07/1998,6.045,6.08,5.96,6.018,12366
01/08/1998,6.01,6.08,5.64,5.773,29649
01/09/1998,5.755,5.805,5.615,5.638,16067
01/12/1998,5.61,5.64,5.405,5.475,20215
01/13/1998,5.47,5.695,5.385,5.685,16437
01/14/1998,5.685,5.81,5.595,5.688,12158
01/15/1998,5.675,5.835,5.63,5.813,14772
01/16/1998,5.83,5.89,5.755,5.783,9368
01/20/1998,5.74,5.855,5.66,5.673,10463
01/21/1998,5.67,5.815,5.66,5.803,8301
01/22/1998,5.815,5.875,5.7,5.718,10041
01/23/1998,5.76,5.94,5.715,5.893,13850
01/26/1998,5.92,5.95,5.815,5.938,12747
01/27/1998,5.945,6.11,5.92,6.103,16165
01/28/1998,6.105,6.145,5.82,6.053,24591
01/29/1998,6.07,6.11,6,6.03,9970
01/30/1998,6.025,6.34,5.96,6.125,33641
02/02/1998,6.135,6.26,6.115,6.248,16293
02/03/1998,6.255,6.63,6.215,6.615,32931
02/04/1998,6.615,7.08,6.56,7.02,33922
02/05/1998,7.01,7.47,6.88,7.28,34222
02/06/1998,7.25,7.5,7.03,7.06,21672
02/09/1998,7.06,7.115,6.835,6.945,13777
02/10/1998,6.95,7.17,6.885,7.1,13209
02/11/1998,7.11,7.14,6.92,6.998,12668
02/12/1998,7.015,7.1,6.925,7,11016
02/13/1998,7.025,7.14,6.98,7.095,11429
02/17/1998,7.07,7.205,6.7,6.77,22982
02/18/1998,6.78,6.795,6.52,6.565,23184
02/19/1998,6.595,6.84,6.48,6.82,23184
02/20/1998,6.765,6.82,6.48,6.523,20619
02/23/1998,6.52,6.53,6.36,6.473,23166
02/24/1998,6.475,6.52,6.29,6.335,23222
02/25/1998,6.35,6.385,5.99,6.007,24172
02/26/1998,6.06,6.245,6.02,6.203,25042
02/27/1998,6.21,6.5,6.205,6.48,16129
03/02/1998,6.485,6.6,6.45,6.568,11993
03/03/1998,6.57,6.57,6.3,6.383,14196
03/04/1998,6.39,6.405,6.3,6.348,9479
03/05/1998,6.345,6.415,6.26,6.363,9731
03/06/1998,6.355,6.4,6.05,6.07,18624
03/09/1998,6.07,6.12,5.905,6.093,11957
03/10/1998,6.1,6.32,6.05,6.305,14673
03/11/1998,6.315,6.335,6.11,6.125,11766
03/12/1998,6.11,6.21,6.04,6.185,14075
03/13/1998,6.195,6.23,6.035,6.135,12201
03/16/1998,6.15,6.155,6.055,6.095,6864
03/17/1998,6.1,6.125,5.8,5.835,35497
03/18/1998,5.835,5.95,5.71,5.928,11819
03/19/1998,5.92,5.99,5.57,5.89,40472
03/20/1998,5.87,6.16,5.755,6.135,14849
03/23/1998,6.135,6.395,6.12,6.38,14378
03/24/1998,6.375,6.51,6.29,6.335,20201
03/25/1998,6.32,6.36,6.16,6.19,13008
03/26/1998,6.19,6.385,6.14,6.363,12009
03/27/1998,6.365,6.43,6.305,6.32,10221
03/30/1998,6.35,6.375,6.27,6.295,7858
03/31/1998,6.29,6.49,6.23,6.467,12980
04/01/1998,6.45,6.47,6.28,6.33,12607
04/02/1998,6.33,6.57,6.3,6.533,17144
04/03/1998,6.53,6.745,6.51,6.575,15869
04/06/1998,6.57,6.63,6.26,6.37,15864
04/07/1998,6.38,6.48,6.315,6.377,10514
04/08/1998,6.415,6.485,6.33,6.393,6466
04/09/1998,6.4,6.45,6.2,6.4,15572
04/13/1998,6.38,6.4,6.31,6.353,4500
04/14/1998,6.355,6.365,6.18,6.265,8962
04/15/1998,6.23,6.32,6.19,6.3,12901
04/16/1998,6.305,6.305,6.05,6.29,15330
04/17/1998,6.29,6.29,6.205,6.237,6781
04/20/1998,6.25,6.28,6.18,6.215,9778
04/21/1998,6.22,6.375,6.155,6.293,14351
04/22/1998,6.295,6.34,6.23,6.263,9562
04/23/1998,6.27,6.305,6.23,6.285,8602
04/24/1998,6.285,6.29,6.18,6.225,11217
04/27/1998,6.225,6.245,6.12,6.148,18372
04/28/1998,6.135,6.18,6.075,6.115,10684
04/29/1998,6.17,6.27,6.08,6.24,14302
04/30/1998,6.25,6.34,6.17,6.23,17737
05/01/1998,6.23,6.26,6.14,6.153,10195
05/04/1998,6.17,6.27,6.125,6.247,8971
05/05/1998,6.26,6.33,6.08,6.108,16689
05/06/1998,6.11,6.17,5.88,5.918,19447
05/07/1998,6.995,5.995,5.85,5.975,11100
05/08/1998,5.975,6.04,5.955,5.962,8396
05/11/1998,5.96,5.98,5.725,5.732,17335
05/12/1998,5.75,5.79,5.5,5.565,23635
05/13/1998,5.57,5.595,5.425,5.533,19381
05/14/1998,5.53,5.62,5.52,5.56,9751
05/15/1998,5.57,5.69,5.55,5.572,9941
05/18/1998,5.575,5.575,5.28,5.287,21527
05/19/1998,5.295,5.295,5.165,5.172,20230
05/20/1998,5.18,5.335,5.09,5.235,11942
05/21/1998,5.24,5.35,5.215,5.28,8289
05/22/1998,5.28,5.33,5.25,5.255,5315
05/26/1998,5.26,5.285,5.07,5.105,14140
05/27/1998,5.1,5.205,4.995,5.168,13056
05/28/1998,5.135,5.22,5.04,5.05,11872
05/29/1998,5.04,5.1,4.92,5.085,20123
06/01/1998,5.1,5.155,4.98,5.055,10957
06/02/1998,5.05,5.2,4.985,5.168,12647
06/03/1998,5.17,5.21,5.1,5.178,7532
06/04/1998,5.18,5.23,5.12,5.22,4672
06/05/1998,5.22,5.29,5.055,5.273,19061
06/08/1998,5.27,5.425,5.125,5.418,17581
06/09/1998,5.42,5.48,5.29,5.32,23373
06/10/1998,5.32,5.38,5.295,5.318,7693
06/11/1998,5.325,5.33,5.13,5.155,12793
06/12/1998,5.14,5.205,5.065,5.103,11175
06/15/1998,5.12,5.12,5.05,5.078,6156
06/16/1998,5.07,5.22,5.04,5.183,9032
06/17/1998,5.185,5.375,5.175,5.365,16600
06/18/1998,5.365,5.4,5.21,5.26,11787
06/19/1998,5.245,5.455,5.245,5.352,16834
06/22/1998,5.31,5.34,5.26,5.325,12747
06/23/1998,5.31,5.36,5.31,5.34,9212
06/24/1998,5.335,5.34,5.24,5.262,11499
06/25/1998,5.26,5.35,5.25,5.335,14246
06/26/1998,5.335,5.385,5.215,5.293,17056
06/29/1998,5.33,5.37,5.26,5.34,11984
06/30/1998,5.325,5.585,5.325,5.535,27607
07/01/1998,5.53,5.595,5.45,5.475,12423
07/02/1998,5.47,5.515,5.28,5.332,15523
07/06/1998,5.355,5.375,5.325,5.34,4449
07/07/1998,5.345,5.445,5.34,5.408,7910
07/08/1998,5.4,5.445,5.26,5.365,9695
07/09/1998,5.35,5.385,5.285,5.355,6303
07/10/1998,5.36,5.36,5.26,5.305,6809
07/13/1998,5.31,5.405,5.235,5.333,10824
07/14/1998,5.335,5.385,5.285,5.325,7223
07/15/1998,5.34,5.36,5.29,5.343,4955
07/16/1998,5.35,5.42,5.295,5.34,8662
07/17/1998,5.335,5.395,5.285,5.373,6893
07/20/1998,5.375,5.475,5.375,5.47,8119
07/21/1998,5.47,5.575,5.405,5.54,18888
07/22/1998,5.54,5.71,5.525,5.66,15583
07/23/1998,5.67,5.85,5.645,5.802,23455
07/24/1998,5.84,5.885,5.635,5.707,22755
07/27/1998,5.71,5.72,5.61,5.65,9393
07/28/1998,5.655,5.705,5.615,5.67,8528
07/29/1998,5.68,5.75,5.58,5.593,13601
07/30/1998,5.59,5.6,5.48,5.515,10412
07/31/1998,5.52,5.54,5.425,5.458,10214
08/03/1998,5.46,5.485,5.355,5.36,11378
08/04/1998,5.365,5.48,5.35,5.453,12475
08/05/1998,5.45,5.5,5.385,5.405,9150
08/06/1998,5.41,5.48,5.395,5.43,6419
08/07/1998,5.43,5.45,5.265,5.273,16149
08/10/1998,5.275,5.325,5.265,5.31,5390
08/11/1998,5.32,5.335,5.14,5.178,12812
08/12/1998,5.17,5.25,5.12,5.14,13162
08/13/1998,5.15,5.2,5.04,5.188,20229
08/14/1998,5.18,5.2,5.1,5.15,20229
08/17/1998,5.165,5.165,5.03,5.11,5667
08/18/1998,5.12,5.12,5.04,5.07,11154
08/19/1998,5.07,5.12,5.04,5.068,6307
08/20/1998,5.065,5.18,5.025,5.145,9953
08/21/1998,5.145,5.175,5.12,5.165,6813
08/24/1998,5.175,5.175,5.12,5.125,5542
08/25/1998,5.125,5.13,4.99,5.01,20933
08/26/1998,5.01,5.085,4.895,4.965,20114
08/27/1998,4.96,4.985,4.84,4.855,15459
08/28/1998,4.9,4.935,4.675,4.675,33727
08/31/1998,4.705,4.78,4.67,4.678,10631
09/01/1998,4.68,4.885,4.605,4.79,15127
09/02/1998,4.79,4.885,4.79,4.84,9012
09/03/1998,4.84,5,4.75,4.95,18312
09/04/1998,4.96,5.06,4.93,5.03,9186
09/08/1998,5.04,5.055,4.86,4.913,11001
09/09/1998,4.91,4.985,4.855,4.95,11015
09/10/1998,4.95,5.11,4.94,5.05,14024
09/11/1998,5.05,5.15,4.935,5.025,17677
09/14/1998,5.005,5.03,4.94,4.96,6089
09/15/1998,4.96,5.02,4.905,4.955,8088
09/16/1998,4.94,5.005,4.91,4.92,8060
09/17/1998,4.92,5.02,4.905,4.985,6376
09/18/1998,5,5.01,4.94,4.975,6464
09/21/1998,4.985,5.055,4.84,4.855,11687
09/22/1998,4.87,4.925,4.865,4.89,6461
09/23/1998,4.89,5.07,4.88,5.043,16103
09/24/1998,5.05,5.175,5.025,5.153,18110
09/25/1998,5.16,5.25,5.145,5.168,16059
09/28/1998,5.21,5.3,5.12,5.29,14592
09/29/1998,5.29,5.4,5.28,5.36,25093
09/30/1998,5.36,5.4,5.24,5.36,14947
10/01/1998,5.36,5.475,5.28,5.295,20108
10/02/1998,5.295,5.345,5.195,5.207,16135
10/05/1998,5.2,5.23,5.055,5.065,16503
10/06/1998,5.07,5.12,5.05,5.09,6437
10/07/1998,5.1,5.165,5.03,5.137,10806
10/08/1998,5.15,5.23,4.95,4.997,21170
10/09/1998,5,5.035,4.765,4.8,25146
10/12/1998,4.835,4.89,4.81,4.838,6639
10/13/1998,4.84,4.88,4.82,4.84,7870
10/14/1998,4.835,4.865,4.79,4.83,7467
10/15/1998,4.845,4.935,4.765,4.895,12319
10/16/1998,4.915,4.99,4.83,4.95,17031
10/19/1998,4.935,4.95,4.88,4.885,5051
10/20/1998,4.89,4.92,4.84,4.885,7370
10/21/1998,4.88,4.94,4.865,4.885,4684
10/22/1998,4.89,4.895,4.835,4.883,5045
10/23/1998,4.885,4.91,4.855,4.875,3702
10/26/1998,4.87,5,4.82,4.983,11793
10/27/1998,4.98,5.03,4.915,4.945,13147
10/28/1998,4.98,5.11,4.945,5.048,14940
10/29/1998,5.05,5.13,5.02,5.075,15367
10/30/1998,5.05,5.09,5.02,5.043,7200
11/02/1998,5.05,5.07,4.995,5.03,6475
11/03/1998,5.03,5.03,4.86,4.92,16526
11/04/1998,4.965,4.965,4.895,4.942,6906
11/05/1998,4.93,5.055,4.93,5.045,9718
11/06/1998,5.045,5.085,4.99,5.01,8991
11/09/1998,5,5.05,4.975,5.035,5105
11/10/1998,5.04,5.045,4.975,4.993,5429
11/11/1998,4.99,5.015,4.975,5,4925
11/12/1998,5,5.15,4.98,5.133,25134
11/13/1998,5.135,5.15,5.005,5.025,16426
11/16/1998,5.01,5.05,4.895,4.927,18965
11/17/1998,4.935,4.96,4.905,4.927,8203
11/18/1998,4.915,5.005,4.915,4.972,11088
11/19/1998,4.965,5.01,4.94,4.95,7234
11/20/1998,4.95,4.965,4.85,4.89,17154
11/23/1998,4.9,4.91,4.865,4.892,11137
11/24/1998,4.89,4.905,4.855,4.882,20026
11/25/1998,4.88,4.985,4.865,4.882,14947
11/30/1998,4.95,4.995,4.865,4.885,14377
12/01/1998,4.9,4.94,4.875,4.91,6061
12/02/1998,4.905,4.91,4.705,4.72,30722
12/03/1998,4.74,4.8,4.585,4.795,17635
12/04/1998,4.79,4.875,4.775,4.787,10154
12/07/1998,4.79,4.85,4.76,4.808,7084
12/08/1998,4.8,4.86,4.76,4.805,10230
12/09/1998,4.805,4.865,4.785,4.79,6254
12/10/1998,4.795,4.86,4.79,4.81,4198
12/11/1998,4.825,4.84,4.72,4.8,12175
12/14/1998,4.805,4.93,4.79,4.892,14555
12/15/1998,4.895,4.92,4.875,4.892,4919
12/16/1998,4.9,5.08,4.9,5.075,22746
12/17/1998,5.07,5.11,4.895,4.96,14649
12/18/1998,4.96,5,4.92,4.947,8019
12/21/1998,4.96,4.98,4.895,4.905,4629
12/22/1998,4.915,4.96,4.88,4.918,5964
12/23/1998,4.925,4.93,4.84,4.903,7267
12/24/1998,4.91,4.945,4.905,4.93,2311
12/28/1998,4.925,4.945,4.915,4.935,1768
12/29/1998,4.935,5.055,4.92,5.035,13434
12/30/1998,5.03,5.095,4.995,5.032,10539
12/31/1998,5.03,5.065,5.005,5.02,3921
01/04/1999,5.03,5.04,4.86,4.94,16898
01/05/1999,4.925,5.06,4.9,5.042,18325
01/06/1999,5.04,5.24,5.04,5.165,36865
01/07/1999,5.16,5.35,5.15,5.24,26080
01/08/1999,5.235,5.305,5.175,5.288,14738
01/11/1999,5.235,5.385,5.215,5.355,12757
01/12/1999,5.355,5.41,5.225,5.245,15511
01/13/1999,5.25,5.25,5.07,5.19,1988
01/14/1999,5.19,5.2,5.08,5.175,10805
01/15/1999,5.175,5.175,5.05,5.13,6965
01/19/1999,5.13,5.18,5.06,5.133,9917
01/20/1999,5.135,5.18,5.11,5.163,8013
01/21/1999,5.165,5.21,5.085,5.123,13088
01/22/1999,5.125,5.145,5.085,5.095,6339
01/25/1999,5.09,5.19,5.085,5.182,10266
01/26/1999,5.185,5.185,5.08,5.115,10514
01/27/1999,5.105,5.135,5.06,5.103,11980
01/28/1999,5.1,5.25,5.08,5.245,19207
01/29/1999,5.245,5.29,5.21,5.235,17620
02/01/1999,5.235,5.32,5.235,5.308,14923
02/02/1999,5.24,5.48,5.24,5.468,29767
02/03/1999,5.465,5.58,5.41,5.543,35734
02/04/1999,5.54,5.8,5.49,5.76,37617
02/05/1999,5.765,5.81,5.61,5.642,16658
02/08/1999,5.625,5.635,5.555,5.622,12221
02/09/1999,5.62,5.62,5.5,5.505,16216
02/10/1999,5.51,5.565,5.46,5.488,12145
02/11/1999,5.48,5.575,5.45,5.565,16822
02/12/1999,5.56,5.7,5.56,5.662,16497
02/16/1999,5.735,5.735,5.31,5.445,24540
02/17/1999,5.44,5.475,5.345,5.408,12325
02/18/1999,5.44,5.51,5.37,5.48,10960
02/19/1999,5.495,5.615,5.495,5.6,19264
02/22/1999,5.62,5.62,5.425,5.46,23873
02/23/1999,5.55,5.55,5.44,5.46,25567
02/24/1999,5.46,5.525,5.325,5.373,30915
02/25/1999,5.4,5.62,5.38,5.565,23596
02/26/1999,5.56,5.64,5.46,5.63,18024
03/01/1999,5.625,5.66,5.49,5.525,12253
03/02/1999,5.52,5.58,5.29,5.323,28418
03/03/1999,5.34,5.36,5.17,5.245,29482
03/04/1999,5.315,5.315,5.195,5.273,11727
03/05/1999,5.27,5.325,5.13,5.203,19675
03/08/1999,5.19,5.3,5.185,5.288,5853
03/09/1999,5.29,5.325,5.21,5.24,9295
03/10/1999,5.24,5.3,5.21,5.268,8082
03/11/1999,5.275,5.35,5.265,5.343,9969
03/12/1999,5.275,5.36,5.25,5.31,9452
03/15/1999,5.29,5.3,5.08,5.098,24821
03/16/1999,5.1,5.13,4.955,5.043,32588
03/17/1999,5.045,5.07,4.985,5.04,11763
03/18/1999,5.05,5.065,4.99,5.015,7629
03/19/1999,5.01,5.095,4.99,5.045,11978
03/22/1999,5.05,5.115,5.04,5.107,5269
03/23/1999,5.105,5.135,5.035,5.11,11115
03/24/1999,5.1,5.115,5.06,5.075,3700
03/25/1999,5.075,5.12,5.04,5.105,8357
03/26/1999,5.1,5.115,5.035,5.09,6093
03/29/1999,5.09,5.18,5.05,5.115,12013
03/30/1999,5.11,5.12,4.995,5.003,16883
03/31/1999,5.01,5.06,4.96,4.97,12915
04/01/1999,4.975,5.04,4.97,5.028,5564
04/05/1999,5.03,5.04,4.905,4.918,14932
04/06/1999,4.915,4.965,4.885,4.948,9280
04/07/1999,4.95,4.985,4.935,4.96,6930
04/08/1999,4.955,4.985,4.88,4.885,13663
04/09/1999,4.88,4.945,4.845,4.93,19860
04/12/1999,4.935,5.005,4.885,4.895,10766
04/13/1999,4.895,4.94,4.825,4.905,13283
04/14/1999,4.92,4.95,4.82,4.86,10727
04/15/1999,4.855,5.03,4.85,5.01,25651
04/16/1999,5.005,5.065,4.995,5.04,11936
04/19/1999,5.05,5.17,5.045,5.15,23217
04/20/1999,5.15,5.18,5.1,5.124,12469
04/21/1999,5.13,5.17,5.085,5.155,8565
04/22/1999,5.15,5.2,5.09,5.167,11355
04/23/1999,5.17,5.19,5.12,5.145,7943
04/26/1999,5.135,5.14,5.055,5.1,11801
04/27/1999,5.1,5.19,5.085,5.183,14078
04/28/1999,5.175,5.28,5.165,5.253,16969
04/29/1999,5.275,5.42,5.265,5.413,25676
04/30/1999,5.395,5.485,5.36,5.43,24274
05/03/1999,5.425,5.47,5.38,5.385,6949
05/04/1999,5.38,5.38,5.305,5.325,7161
05/05/1999,5.325,5.41,5.305,5.397,9061
05/06/1999,5.395,5.45,5.375,5.387,8696
05/07/1999,5.395,5.455,5.2,5.445,8696
05/10/1999,5.425,5.47,5.37,5.43,10504
05/11/1999,5.455,5.48,5.38,5.415,11162
05/12/1999,5.42,5.425,5.365,5.383,9663
05/13/1999,5.375,5.58,5.365,5.57,18988
05/14/1999,5.58,5.58,5.34,5.39,18394
05/17/1999,5.39,5.435,5.375,5.39,3861
05/18/1999,5.38,5.41,5.27,5.338,14064
05/19/1999,5.34,5.345,5.255,5.285,9522
05/20/1999,5.295,5.355,5.29,5.31,5257
05/21/1999,5.305,5.335,5.19,5.21,14623
05/24/1999,5.22,5.22,5.05,5.055,23998
05/25/1999,5.055,5.105,5.05,5.06,9401
05/26/1999,5.06,5.12,5.04,5.055,8560
05/27/1999,5.055,5.06,4.93,4.94,19972
05/28/1999,4.945,4.98,4.88,4.895,19972
06/01/1999,4.9,5.01,4.885,4.985,9429
06/02/1999,4.985,5.025,4.945,4.978,8022
06/03/1999,4.97,5,4.92,4.938,6201
06/04/1999,4.945,4.965,4.85,4.94,16892
06/07/1999,4.94,5,4.94,4.98,4593
06/08/1999,4.985,4.995,4.925,4.94,6439
06/09/1999,4.955,5.03,4.91,5.027,10651
06/10/1999,5.03,5.14,5.015,5.095,16539
06/11/1999,5.095,5.13,5.05,5.115,7668
06/14/1999,5.115,5.15,5.1,5.105,12219
06/15/1999,5.1,5.12,5.02,5.05,10246
06/16/1999,5.045,5.045,4.995,5.033,6646
06/17/1999,5.03,5.08,5.02,5.073,5938
06/18/1999,5.075,5.1,4.93,4.96,17197
06/21/1999,4.96,5.055,4.95,5.015,7107
06/22/1999,5.02,5.07,5.01,5.04,7929
06/23/1999,5.045,5.12,5.025,5.105,14914
06/24/1999,5.1,5.15,5.09,5.13,17102
06/25/1999,5.12,5.15,5.05,5.065,14637
06/28/1999,5.055,5.185,5.045,5.152,22289
06/29/1999,5.17,5.24,5.14,5.207,17120
06/30/1999,5.21,5.305,5.205,5.287,21526
07/01/1999,5.3,5.38,5.26,5.302,17766
07/02/1999,5.285,5.38,5.26,5.367,14415
07/06/1999,5.31,5.32,5.18,5.23,16360
07/07/1999,5.225,5.27,5.185,5.25,7696
07/08/1999,5.25,5.33,5.23,5.27,13018
07/09/1999,5.26,5.29,5.22,5.263,6283
07/12/1999,5.255,5.28,5.24,5.26,2636
07/13/1999,5.255,5.255,5.12,5.16,14375
07/14/1999,5.155,5.16,5.07,5.11,14822
07/15/1999,5.1,5.145,5.06,5.127,13502
07/16/1999,5.12,5.155,5.08,5.105,12935
07/19/1999,5.11,5.11,5.065,5.07,4200
07/20/1999,5.07,5.105,5.025,5.082,10758
07/21/1999,5.085,5.17,5.04,5.142,13366
07/22/1999,5.15,5.19,5.09,5.162,9024
07/23/1999,5.155,5.2,5.135,5.172,5827
07/26/1999,5.17,5.185,5.115,5.165,5226
07/27/1999,5.165,5.215,5.14,5.195,8802
07/28/1999,5.19,5.275,5.16,5.265,15879
07/29/1999,5.265,5.46,5.24,5.435,29955
07/30/1999,5.435,5.49,5.41,5.465,18915
08/02/1999,5.46,5.47,5.35,5.385,10881
08/03/1999,5.38,5.495,5.37,5.462,10534
08/04/1999,5.46,5.57,5.45,5.505,21984
08/05/1999,5.51,5.56,5.405,5.435,21611
08/06/1999,5.43,5.45,5.35,5.412,11211
08/09/1999,5.39,5.405,5.305,5.337,13247
08/10/1999,5.335,5.35,5.29,5.342,6744
08/11/1999,5.345,5.425,5.335,5.415,12541
08/12/1999,5.42,5.45,5.36,5.372,7623
08/13/1999,5.37,5.385,5.305,5.322,10240
08/16/1999,5.325,5.325,5.23,5.257,12050
08/17/1999,5.26,5.285,5.22,5.27,11168
08/18/1999,5.265,5.295,5.225,5.24,10057
08/19/1999,5.235,5.245,5.15,5.22,21289
08/20/1999,5.22,5.27,5.18,5.255,11873
08/23/1999,5.25,5.285,5.14,5.145,19485
08/24/1999,5.15,5.18,5.13,5.15,14339
08/25/1999,5.145,5.165,5.07,5.095,19728
08/26/1999,5.1,5.15,5.075,5.13,15494
08/27/1999,5.13,5.145,5.09,5.1,7311
08/30/1999,5.15,5.175,5.095,5.152,14359
08/31/1999,5.15,5.27,5.115,5.22,21278
09/01/1999,5.22,5.25,5.165,5.185,9184
09/02/1999,5.175,5.275,5.15,5.255,11162
09/03/1999,5.255,5.26,5.15,5.173,12930
09/07/1999,5.175,5.235,5.175,5.225,8387
09/08/1999,5.23,5.24,5.165,5.225,9168
09/09/1999,5.225,5.285,5.21,5.24,12048
09/10/1999,5.235,5.255,5.2,5.225,6452
09/13/1999,5.225,5.23,5.155,5.182,9276
09/14/1999,5.18,5.2,5.145,5.155,7079
09/15/1999,5.16,5.17,5.105,5.115,11289
09/16/1999,5.115,5.155,5.115,5.135,4676
09/17/1999,5.13,5.15,5.11,5.123,5716
09/20/1999,5.12,5.14,5.11,5.122,2452
09/21/1999,5.12,5.29,5.115,5.282,27545
09/22/1999,5.28,5.33,5.26,5.29,15170
09/23/1999,5.29,5.32,5.25,5.275,11171
09/24/1999,5.275,5.31,5.245,5.255,13446
09/27/1999,5.26,5.4,5.26,5.355,19366
09/28/1999,5.355,5.95,5.35,5.77,65584
09/29/1999,5.77,5.805,5.595,5.607,30097
09/30/1999,5.595,5.64,5.55,5.615,12577
10/01/1999,5.61,5.715,5.52,5.582,22430
10/04/1999,5.57,5.64,5.56,5.63,10957
10/05/1999,5.64,5.765,5.545,5.563,18197
10/06/1999,5.56,5.58,5.475,5.53,10789
10/07/1999,5.535,5.63,5.535,5.595,12988
10/08/1999,5.6,5.63,5.49,5.55,13023
10/11/1999,5.525,5.575,5.51,5.532,4909
10/12/1999,5.53,5.61,5.525,5.567,8704
10/13/1999,5.56,5.64,5.55,5.6,7340
10/14/1999,5.61,5.675,5.3,5.34,33266
10/15/1999,5.34,5.41,5.32,5.338,14772
10/18/1999,5.36,5.38,5.205,5.24,21555
10/19/1999,5.245,5.265,5.17,5.223,14511
10/20/1999,5.225,5.28,5.2,5.205,7607
10/21/1999,5.21,5.25,5.15,5.233,20789
10/22/1999,5.23,5.26,5.2,5.25,8883
10/25/1999,5.26,5.3,5.24,5.263,7448
10/26/1999,5.265,5.31,5.18,5.21,9717
10/27/1999,5.205,5.245,5.17,5.208,11199
10/28/1999,5.2,5.29,5.2,5.28,9815
10/29/1999,5.285,5.33,5.17,5.18,14743
11/01/1999,5.205,5.23,5.155,5.22,11032
11/02/1999,5.22,5.23,5.18,5.225,6392
11/03/1999,5.225,5.245,5.205,5.227,4568
11/04/1999,5.225,5.255,5.215,5.222,3875
11/05/1999,5.22,5.235,5.08,5.085,29901
11/08/1999,5.09,5.105,5.025,5.053,20639
11/09/1999,5.055,5.12,5.055,5.088,9264
11/10/1999,5.095,5.205,5.085,5.13,15951
11/11/1999,5.14,5.15,5.085,5.098,5107
11/12/1999,5.12,5.12,5.05,5.055,7906
11/15/1999,5.08,5.105,5.055,5.098,6858
11/16/1999,5.085,5.185,5.08,5.165,12592
11/17/1999,5.155,5.185,5.09,5.108,9806
11/18/1999,5.115,5.155,5.11,5.15,6134
11/19/1999,5.15,5.18,5.12,5.13,10268
11/22/1999,5.13,5.215,5.125,5.2,17134
11/23/1999,5.195,5.29,5.185,5.285,27259
11/24/1999,5.285,5.285,5.215,5.235,0
11/29/1999,5.25,5.255,5.2,5.208,15195
11/30/1999,5.21,5.31,5.21,5.24,13301
12/01/1999,5.24,5.25,5.18,5.218,6801
12/02/1999,5.22,5.23,5.11,5.135,14124
12/03/1999,5.135,5.16,5.105,5.145,5878
12/06/1999,5.14,5.16,5.055,5.155,6137
12/07/1999,5.155,5.2,5.145,5.193,20
12/08/1999,5.195,5.225,5.13,5.165,7909
12/09/1999,5.17,5.17,5.13,5.153,3183
12/10/1999,5.15,5.185,5.15,5.165,3395
12/13/1999,5.16,5.18,5.145,5.163,2244
12/14/1999,5.17,5.26,5.15,5.23,12526
12/15/1999,5.24,5.25,5.205,5.225,4655
12/16/1999,5.235,5.26,5.19,5.25,6139
12/17/1999,5.25,5.31,5.235,5.262,10637
12/20/1999,5.265,5.275,5.23,5.235,3215
12/21/1999,5.23,5.24,5.185,5.2,5994
12/22/1999,5.22,5.28,5.195,5.267,6263
12/23/1999,5.27,5.27,5.24,5.247,3271
12/27/1999,5.23,5.285,5.215,5.255,2582
12/28/1999,5.255,5.27,5.225,5.242,2460
12/29/1999,5.24,5.44,5.235,5.415,24211
12/30/1999,5.425,5.47,5.37,5.453,15646
01/04/2000,5.42,5.42,5.32,5.375,11719
01/05/2000,5.375,5.38,5.16,5.21,27560
01/06/2000,5.205,5.215,5.15,5.167,13515
01/07/2000,5.17,5.215,5.15,5.195,4729
01/10/2000,5.19,5.23,5.17,5.19,5375
01/11/2000,5.19,5.22,5.19,5.195,4278
01/12/2000,5.205,5.225,5.125,5.143,18507
01/13/2000,5.14,5.175,5.125,5.153,10288
01/14/2000,5.16,5.18,5.13,5.15,5478
01/18/2000,5.16,5.19,5.125,5.165,9314
01/19/2000,5.17,5.19,5.14,5.173,6171
01/20/2000,5.18,5.285,5.155,5.257,21749
01/21/2000,5.26,5.3,5.23,5.26,10709
01/24/2000,5.26,5.32,5.255,5.293,8764
01/25/2000,5.295,5.36,5.29,5.315,9412
01/26/2000,5.32,5.325,5.255,5.283,7333
01/27/2000,5.28,5.43,5.255,5.415,28433
01/28/2000,5.415,5.5,5.32,5.327,20618
01/31/2000,5.31,5.36,5.275,5.317,12660
02/01/2000,5.32,5.325,5.23,5.253,10949
02/02/2000,5.255,5.315,5.235,5.24,9726
02/03/2000,5.24,5.295,5.235,5.288,7032
02/04/2000,5.29,5.6,5.28,5.572,27759
02/07/2000,5.57,5.6,5.26,5.285,41988
02/08/2000,5.29,5.37,5.28,5.34,14932
02/09/2000,5.345,5.46,5.33,5.43,16931
02/10/2000,5.43,5.47,5.35,5.425,12926
02/11/2000,5.425,5.445,5.335,5.35,13044
02/14/2000,5.355,5.355,5.26,5.27,12518
02/15/2000,5.28,5.3,5.25,5.258,10016
02/16/2000,5.26,5.32,5.255,5.305,6097
02/17/2000,5.3,5.355,5.25,5.265,12677
02/18/2000,5.26,5.295,5.26,5.283,3732
02/22/2000,5.285,5.3,5.24,5.293,9437
02/23/2000,5.3,5.305,5.255,5.263,8337
02/24/2000,5.26,5.265,5.16,5.17,26513
02/25/2000,5.175,5.19,5.035,5.04,26390
02/28/2000,5.11,5.15,5.09,5.11,22602
02/29/2000,5.11,5.15,5.1,5.108,9917
03/01/2000,5.125,5.19,5.12,5.133,9253
03/02/2000,5.14,5.14,5.06,5.063,18185
03/03/2000,5.065,5.17,5.06,5.153,11099
03/06/2000,5.145,5.15,5.1,5.105,4749
03/07/2000,5.105,5.165,5.1,5.12,6767
03/08/2000,5.13,5.14,5.11,5.125,3822
03/09/2000,5.125,5.155,5.075,5.14,5838
03/10/2000,5.145,5.155,5.105,5.107,3320
03/13/2000,5.12,5.16,5.105,5.107,4756
03/14/2000,5.12,5.155,5.115,5.132,4864
03/15/2000,5.135,5.2,5.1,5.165,9381
03/16/2000,5.17,5.175,5.09,5.125,7311
03/17/2000,5.13,5.14,5.105,5.13,4433
03/20/2000,5.13,5.145,5.06,5.068,9871
03/21/2000,5.075,5.2,5.065,5.158,17429
03/22/2000,5.165,5.21,5.15,5.165,9142
03/23/2000,5.17,5.17,5.1,5.123,9119
03/24/2000,5.125,5.17,5.105,5.148,5909
03/27/2000,5.155,5.155,5.105,5.12,5369
03/28/2000,5.115,5.135,5.095,5.103,5707
03/29/2000,5.105,5.12,4.965,4.98,27897
03/30/2000,4.99,4.99,4.92,4.983,13576
03/31/2000,4.98,5.05,4.95,5.045,9811
04/03/2000,5.045,5.085,5.035,5.057,5501
04/04/2000,5.055,5.21,5.015,5.165,32562
04/05/2000,5.155,5.19,5.115,5.137,8952
04/06/2000,5.135,5.15,5.1,5.132,4581
04/07/2000,5.145,5.145,5.105,5.122,3681
04/10/2000,5.135,5.185,5.12,5.168,6228
04/11/2000,5.17,5.185,5.13,5.145,6620
04/12/2000,5.15,5.18,5.115,5.148,5951
04/13/2000,5.145,5.195,5.14,5.175,12375
04/14/2000,5.175,5.24,5.125,5.175,17906
04/17/2000,5.17,5.185,5.135,5.143,5677
04/18/2000,5.14,5.175,5.11,5.14,10620
04/19/2000,5.145,5.16,5.125,5.133,5442
04/20/2000,5.135,5.14,4.97,5,22715
04/24/2000,5.01,5.035,4.95,4.953,11738
04/25/2000,4.955,5.02,4.955,5.015,10854
04/26/2000,5.01,5.02,4.93,4.947,18258
04/27/2000,5.015,5.045,4.975,5.015,18423
04/28/2000,5.025,5.04,4.985,5.015,6180
05/01/2000,5.025,5.1,5,5.077,10227
05/02/2000,5.09,5.095,5.06,5.077,3711
05/03/2000,5.07,5.105,5.055,5.077,8157
05/04/2000,5.075,5.18,5.065,5.17,19118
05/05/2000,5.17,5.175,5.035,5.053,14573
05/08/2000,5.055,5.095,5.04,5.065,4885
05/09/2000,5.07,5.135,5.045,5.085,6596
05/10/2000,5.08,5.11,5.065,5.08,3372
05/11/2000,5.075,5.08,5.035,5.06,7244
05/12/2000,5.05,5.095,5.035,5.058,6543
05/15/2000,5.06,5.07,5.015,5.06,6416
05/16/2000,5.06,5.19,5.05,5.145,18967
05/17/2000,5.135,5.14,5.035,5.04,14863
05/18/2000,5.055,5.06,5,5.055,10921
05/19/2000,5.06,5.065,5.01,5.03,7381
05/22/2000,5.03,5.07,5.025,5.048,4517
05/23/2000,5.055,5.065,5.035,5.048,3986
05/24/2000,5.045,5.05,5,5.02,8373
05/25/2000,5.025,5.04,4.92,4.948,20731
05/26/2000,4.955,4.98,4.935,4.963,5723
05/30/2000,4.98,4.995,4.915,4.948,6770
05/31/2000,4.955,4.99,4.945,4.965,7302
06/01/2000,4.985,4.985,4.91,4.965,10315
06/02/2000,4.97,5.09,4.955,5.05,29823
06/05/2000,5.05,5.105,5.045,5.075,9883
06/06/2000,5.07,5.17,5.05,5.11,24055
06/07/2000,5.11,5.135,5.085,5.12,11683
06/08/2000,5.11,5.155,5.08,5.097,11238
06/09/2000,5.1,5.115,5.04,5.062,7646
06/12/2000,5.07,5.07,5.025,5.042,7800
06/13/2000,5.05,5.14,5.015,5.025,15943
06/14/2000,5.025,5.11,5.015,5.09,12103
06/15/2000,5.095,5.115,5.065,5.077,5461
06/16/2000,5.08,5.11,5.065,5.085,5721
06/19/2000,5.09,5.09,5.025,5.043,8606
06/20/2000,5.045,5.065,5.025,5.035,5844
06/21/2000,5.035,5.055,4.96,4.97,21827
06/22/2000,4.97,5,4.95,4.978,10240
06/23/2000,4.98,4.985,4.95,4.958,10539
06/26/2000,4.965,4.995,4.94,4.985,11937
06/27/2000,4.99,5,4.935,4.958,15243
06/28/2000,4.95,4.99,4.95,4.989,13248
06/29/2000,5.035,5.12,5.03,5.058,31027
06/30/2000,5.06,5.11,5.055,5.083,9586
07/05/2000,5.055,5.075,5.015,5.04,8943
07/06/2000,5.04,5.08,5.03,5.053,6093
07/07/2000,5.05,5.055,5.01,5.033,7004
07/10/2000,5.04,5.065,5.035,5.053,3900
07/11/2000,5.05,5.06,5.005,5.01,9333
07/12/2000,5.015,5.05,4.99,5.023,6960
07/13/2000,5.025,5.05,5,5.03,6969
07/14/2000,5.03,5.075,5.02,5.05,6969
07/17/2000,5.055,5.09,5.055,5.065,7701
07/18/2000,5.065,5.085,5.055,5.068,5059
07/19/2000,5.065,5.07,5.02,5.028,10245
07/20/2000,5.03,5.05,5.01,5.04,6984
07/21/2000,5.035,5.055,4.965,4.97,18818
07/24/2000,4.98,5,4.95,4.988,6280
07/25/2000,4.985,5.055,4.98,5.033,12849
07/26/2000,5.035,5.04,4.975,4.99,8566
07/27/2000,5,5.04,4.99,5.005,6394
07/28/2000,5.005,5.025,4.995,5,3513
07/31/2000,5.01,5.04,4.99,5.038,6485
08/01/2000,5.035,5.045,5.01,5.028,5117
08/02/2000,5.03,5.04,5.01,5.023,3075
08/03/2000,5.03,5.03,4.99,5.005,5983
08/04/2000,5.005,5.01,4.925,4.943,17529
08/07/2000,4.943,4.975,4.94,4.97,7289
08/08/2000,4.985,5,4.915,4.935,11432
08/09/2000,4.945,4.945,4.895,4.918,8694
08/10/2000,4.92,4.94,4.9,4.925,6436
08/11/2000,4.925,4.965,4.925,4.945,5957
08/14/2000,4.95,4.955,4.895,4.908,6762
08/15/2000,4.905,4.915,4.875,4.883,8453
08/16/2000,4.89,4.915,4.87,4.875,10669
08/17/2000,4.885,4.915,4.875,4.883,6891
08/18/2000,4.89,4.89,4.845,4.855,8683
08/21/2000,4.86,4.87,4.855,4.868,4321
08/22/2000,4.865,4.865,4.835,4.848,8200
08/23/2000,4.84,4.855,4.78,4.798,14165
08/24/2000,4.8,4.865,4.775,4.86,14500
08/25/2000,4.86,4.93,4.86,4.895,13215
08/28/2000,4.9,4.94,4.9,4.935,10728
08/29/2000,4.93,4.955,4.905,4.947,13822
08/30/2000,5.015,5.015,4.962,4.985,19174
08/31/2000,4.985,5.085,4.98,5.045,21895
09/01/2000,5.045,5.055,5.025,5.047,5112
09/05/2000,5.04,5.05,5.01,5.04,6996
09/06/2000,5.04,5.045,5.02,5.027,5996
09/07/2000,5.03,5.03,4.95,4.982,12356
09/08/2000,4.98,4.995,4.96,4.972,5126
09/11/2000,4.97,4.97,4.93,4.937,6263
09/12/2000,4.94,4.985,4.925,4.962,6442
09/13/2000,4.955,4.97,4.925,4.947,4888
09/14/2000,4.945,4.98,4.94,4.95,4616
09/15/2000,4.96,4.96,4.905,4.93,4890
09/18/2000,4.93,4.965,4.93,4.938,4363
09/19/2000,4.935,4.96,4.93,4.945,1964
09/20/2000,4.95,4.96,4.885,4.893,11781
09/21/2000,4.9,4.94,4.895,4.935,5769
09/22/2000,4.93,5.01,4.93,4.973,12296
09/25/2000,4.975,4.98,4.945,4.978,4001
09/26/2000,4.98,5,4.97,4.983,4111
09/27/2000,4.99,5.03,4.97,5.02,8920
09/28/2000,5.02,5.025,4.99,5.002,6461
09/29/2000,5.01,5.015,4.915,4.948,11989
10/02/2000,4.955,4.97,4.945,4.955,3211
10/03/2000,4.955,4.965,4.945,4.962,2448
10/04/2000,4.96,4.965,4.92,4.923,4781
10/05/2000,4.925,4.955,4.92,4.938,3392
10/06/2000,4.94,4.955,4.91,4.928,6035
10/09/2000,4.94,4.945,4.925,4.93,1709
10/10/2000,4.94,4.98,4.93,4.963,6933
10/11/2000,4.97,4.985,4.905,4.915,13565
10/12/2000,4.92,4.97,4.91,4.968,8923
10/13/2000,4.97,4.97,4.915,4.925,6957
10/16/2000,4.925,4.945,4.905,4.923,5617
10/17/2000,4.93,4.93,4.87,4.885,10617
10/18/2000,4.89,4.94,4.88,4.893,6552
10/19/2000,4.89,4.895,4.855,4.865,4378
10/20/2000,4.88,4.89,4.845,4.865,4765
10/23/2000,4.865,4.885,4.815,4.82,9708
10/24/2000,4.82,4.86,4.815,4.833,5897
10/25/2000,4.835,4.84,4.795,4.798,7071
10/26/2000,4.8,4.815,4.76,4.765,5897
10/27/2000,4.765,4.805,4.73,4.78,6612
10/30/2000,4.795,4.81,4.765,4.77,5340
10/31/2000,4.775,4.795,4.755,4.778,5346
11/01/2000,4.78,4.805,4.755,4.798,9677
11/02/2000,4.795,4.84,4.73,4.735,13408
11/03/2000,4.74,4.78,4.74,4.765,6094
11/06/2000,4.77,4.79,4.765,4.785,3695
11/07/2000,4.785,4.795,4.74,4.745,3765
11/08/2000,4.745,4.775,4.745,4.763,4532
11/09/2000,4.77,4.78,4.735,4.765,7439
11/10/2000,4.765,4.77,4.715,4.723,7969
11/13/2000,4.72,4.725,4.68,4.688,6386
11/14/2000,4.69,4.7,4.67,4.695,6602
11/15/2000,4.695,4.705,4.665,4.688,6220
11/16/2000,4.685,4.71,4.67,4.673,7207
11/17/2000,4.675,4.685,4.655,4.658,7306
11/20/2000,4.66,4.68,4.65,4.655,5186
11/21/2000,4.655,4.68,4.625,4.63,10692
11/22/2000,4.63,4.645,4.62,4.628,10692
11/27/2000,4.635,4.7,4.62,4.698,25187
11/28/2000,4.695,4.72,4.69,4.698,15107
11/29/2000,4.775,4.785,4.69,4.7,29224
11/30/2000,4.69,4.76,4.69,4.758,10434
12/01/2000,4.76,4.775,4.71,4.723,4658
12/04/2000,4.725,4.825,4.72,4.795,10788
12/05/2000,4.8,4.81,4.765,4.783,4097
12/06/2000,4.78,4.84,4.78,4.833,8567
12/07/2000,4.835,4.84,4.785,4.803,6358
12/08/2000,4.8,4.81,4.71,4.725,7347
12/11/2000,4.735,4.74,4.715,4.733,4743
12/12/2000,4.73,4.78,4.725,4.735,6094
12/13/2000,4.74,4.74,4.69,4.698,4874
12/14/2000,4.7,4.725,4.655,4.673,6368
12/15/2000,4.68,4.68,4.625,4.635,7147
12/18/2000,4.64,4.665,4.63,4.643,7468
12/19/2000,4.65,4.66,4.62,4.653,4574
12/20/2000,4.65,4.71,4.645,4.663,6550
12/21/2000,4.665,4.675,4.635,4.663,3046
12/22/2000,4.655,4.685,4.65,4.675,2046
12/26/2000,4.67,4.705,4.67,4.687,1701
12/27/2000,4.685,4.7,4.63,4.647,4311
12/28/2000,4.645,4.65,4.62,4.637,2867
12/29/2000,4.635,4.65,4.605,4.635,3620
01/02/2001,4.64,4.65,4.59,4.595,6916
01/03/2001,4.595,4.605,4.535,4.54,8952
01/04/2001,4.54,4.585,4.54,4.58,7272
01/05/2001,4.58,4.615,4.56,4.6,5764
01/08/2001,4.6,4.61,4.58,4.59,3301
01/09/2001,4.6,4.6,4.565,4.59,3480
01/10/2001,4.595,4.595,4.555,4.575,3373
01/11/2001,4.585,4.605,4.56,4.593,4336
01/12/2001,4.6,4.675,4.59,4.655,8124
01/16/2001,4.645,4.72,4.64,4.71,12025
01/17/2001,4.71,4.8,4.69,4.743,18012
01/18/2001,4.74,4.835,4.72,4.825,16158
01/19/2001,4.83,4.88,4.775,4.78,13962
01/22/2001,4.78,4.835,4.74,4.805,8572
01/23/2001,4.81,4.835,4.79,4.805,5558
01/24/2001,4.805,4.81,4.765,4.793,4172
01/25/2001,4.795,4.86,4.76,4.81,8487
01/26/2001,4.805,4.85,4.78,4.825,5784
01/29/2001,4.82,4.835,4.795,4.823,3034
01/30/2001,4.81,4.865,4.81,4.82,7385
01/31/2001,4.82,4.83,4.795,4.815,4501
02/01/2001,4.82,4.825,4.765,4.81,6205
02/02/2001,4.8,4.81,4.77,4.788,4244
02/05/2001,4.77,4.775,4.695,4.698,11964
02/06/2001,4.7,4.7,4.65,4.67,7409
02/07/2001,4.665,4.685,4.615,4.625,11702
02/08/2001,4.625,4.64,4.565,4.57,16749
02/09/2001,4.57,4.585,4.53,4.563,18244
02/12/2001,4.56,4.59,4.535,4.56,17241
02/13/2001,4.56,4.58,4.545,4.55,13756
02/14/2001,4.555,4.565,4.505,4.515,8225
02/15/2001,4.52,4.54,4.49,4.518,7848
02/16/2001,4.525,4.53,4.48,4.49,8542
02/20/2001,4.49,4.505,4.41,4.42,10306
02/21/2001,4.41,4.44,4.395,4.408,8908
02/22/2001,4.41,4.44,4.405,4.415,6890
02/23/2001,4.415,4.455,4.37,4.433,19598
02/26/2001,4.435,4.46,4.42,4.445,10782
02/27/2001,4.5,4.52,4.46,4.463,12592
02/28/2001,4.465,4.58,4.445,4.515,14252
03/01/2001,4.52,4.555,4.425,4.435,11667
03/02/2001,4.43,4.485,4.43,4.458,6523
03/05/2001,4.43,4.48,4.425,4.455,3151
03/06/2001,4.45,4.47,4.415,4.445,4338
03/07/2001,4.455,4.49,4.425,4.465,4554
03/08/2001,4.465,4.535,4.45,4.51,10074
03/09/2001,4.52,4.55,4.495,4.522,5536
03/12/2001,4.54,4.55,4.42,4.44,7890
03/13/2001,4.445,4.46,4.4,4.45,7092
03/14/2001,4.45,4.47,4.415,4.458,4852
03/15/2001,4.47,4.47,4.34,4.353,9409
03/16/2001,4.36,4.37,4.29,4.315,8647
03/19/2001,4.305,4.345,4.305,4.32,8371
03/20/2001,4.335,4.365,4.32,4.353,3648
03/21/2001,4.35,4.37,4.33,4.348,4541
03/22/2001,4.35,4.36,4.305,4.355,6107
03/23/2001,4.35,4.385,4.335,4.363,3878
03/26/2001,4.37,4.385,4.35,4.38,1800
03/27/2001,4.38,4.46,4.345,4.435,11644
03/28/2001,4.45,4.45,4.37,4.375,5050
03/29/2001,4.38,4.39,4.32,4.335,5276
03/30/2001,4.34,4.34,4.29,4.295,6099
04/02/2001,4.3,4.32,4.27,4.315,4967
04/03/2001,4.32,4.365,4.295,4.313,5331
04/04/2001,4.32,4.37,4.295,4.34,5810
04/05/2001,4.34,4.36,4.33,4.353,4395
04/06/2001,4.36,4.37,4.32,4.335,6130
04/09/2001,4.34,4.355,4.305,4.315,3127
04/10/2001,4.32,4.34,4.3,4.325,3760
04/11/2001,4.315,4.39,4.305,4.363,8517
04/12/2001,4.37,4.385,4.35,4.368,4314
04/16/2001,4.375,4.46,4.365,4.44,9933
04/17/2001,4.44,4.44,4.36,4.368,7185
04/18/2001,4.37,4.385,4.32,4.365,10080
04/19/2001,4.37,4.445,4.355,4.427,9873
04/20/2001,4.435,4.475,4.405,4.44,10671
04/23/2001,4.44,4.45,4.395,4.44,8372
04/24/2001,4.44,4.485,4.43,4.453,9747
04/25/2001,4.45,4.465,4.35,4.365,19335
04/26/2001,4.37,4.42,4.365,4.377,10480
04/27/2001,4.415,4.44,4.395,4.4,13454
04/30/2001,4.4,4.41,4.35,4.358,7065
05/01/2001,4.365,4.395,4.35,4.385,5412
05/02/2001,4.39,4.425,4.37,4.395,3894
05/03/2001,4.395,4.415,4.36,4.365,4784
05/04/2001,4.37,4.38,4.325,4.36,7467
05/07/2001,4.355,4.36,4.325,4.327,3953
05/08/2001,4.33,4.345,4.32,4.335,3439
05/09/2001,4.34,4.425,4.33,4.415,8969
05/10/2001,4.395,4.42,4.325,4.35,9200
05/11/2001,4.35,4.365,4.335,4.337,3012
05/14/2001,4.335,4.37,4.33,4.357,3450
05/15/2001,4.355,4.36,4.315,4.32,5545
05/16/2001,4.33,4.475,4.33,4.463,16711
05/17/2001,4.46,4.51,4.4,4.495,14580
05/18/2001,4.49,4.625,4.45,4.577,20286
05/21/2001,4.585,4.655,4.525,4.55,13880
05/22/2001,4.55,4.58,4.525,4.568,7415
05/23/2001,4.575,4.605,4.515,4.58,8529
05/24/2001,4.58,4.69,4.555,4.62,15263
05/25/2001,4.61,4.62,4.555,4.583,5394
05/29/2001,4.575,4.575,4.52,4.54,5372
05/30/2001,4.55,4.55,4.43,4.445,11706
05/31/2001,4.455,4.475,4.4,4.41,8170
06/01/2001,4.41,4.45,4.385,4.423,6531
06/04/2001,4.42,4.445,4.325,4.335,14455
06/05/2001,4.335,4.375,4.33,4.343,7506
06/06/2001,4.35,4.375,4.33,4.34,6685
06/07/2001,4.35,4.35,4.325,4.335,6194
06/08/2001,4.34,4.385,4.31,4.37,9599
06/11/2001,4.37,4.38,4.32,4.338,5403
06/12/2001,4.335,4.38,4.33,4.375,7758
06/13/2001,4.375,4.425,4.36,4.415,8262
06/14/2001,4.42,4.495,4.395,4.47,13539
06/15/2001,4.465,4.47,4.385,4.4,9159
06/18/2001,4.395,4.44,4.37,4.422,5037
06/19/2001,4.42,4.435,4.395,4.4,3507
06/20/2001,4.405,4.41,4.33,4.345,13459
06/21/2001,4.345,4.36,4.28,4.323,4463
06/22/2001,4.32,4.345,4.3,4.303,4321
06/25/2001,4.32,4.325,4.29,4.298,9701
06/26/2001,4.295,4.355,4.29,4.348,19425
06/27/2001,4.35,4.35,4.295,4.305,12381
06/28/2001,4.35,4.36,4.315,4.332,14332
06/29/2001,4.325,4.36,4.32,4.327,5141
07/02/2001,4.33,4.34,4.28,4.31,6731
07/03/2001,4.31,4.32,4.265,4.278,5756
07/05/2001,4.28,4.28,4.23,4.238,5652
07/06/2001,4.23,4.27,4.2,4.265,5652
07/09/2001,4.265,4.285,4.23,4.243,4674
07/10/2001,4.24,4.28,4.235,4.263,3269
07/11/2001,4.265,4.285,4.24,4.26,6159
07/12/2001,4.27,4.28,4.24,4.268,3220
07/13/2001,4.27,4.315,4.25,4.308,7022
07/16/2001,4.3,4.315,4.2,4.21,8644
07/17/2001,4.21,4.25,4.205,4.248,3081
07/18/2001,4.245,4.31,4.19,4.288,8097
07/19/2001,4.285,4.29,4.205,4.24,5578
07/20/2001,4.245,4.25,4.21,4.24,3174
07/23/2001,4.25,4.29,4.225,4.26,3934
07/24/2001,4.25,4.27,4.235,4.26,1835
07/25/2001,4.255,4.26,4.225,4.232,1703
07/26/2001,4.235,4.275,4.225,4.24,3720
07/27/2001,4.235,4.245,4.215,4.218,2562
07/30/2001,4.215,4.24,4.2,4.208,2870
07/31/2001,4.205,4.235,4.2,4.228,3371
08/01/2001,4.23,4.245,4.225,4.233,2749
08/02/2001,4.24,4.255,4.23,4.235,3626
08/03/2001,4.24,4.24,4.21,4.228,2821
08/06/2001,4.23,4.23,4.19,4.192,3316
08/07/2001,4.195,4.2,4.115,4.172,7300
08/08/2001,4.18,4.18,4.125,4.152,4042
08/09/2001,4.145,4.24,4.14,4.217,8511
08/10/2001,4.215,4.24,4.11,4.145,10159
08/13/2001,4.15,4.18,4.125,4.147,4808
08/14/2001,4.145,4.23,4.135,4.202,7714
08/15/2001,4.2,4.245,4.125,4.155,9040
08/16/2001,4.16,4.23,4.155,4.198,6095
08/17/2001,4.195,4.295,4.195,4.265,12343
08/20/2001,4.26,4.265,4.15,4.153,9025
08/21/2001,4.15,4.235,4.145,4.193,9683
08/22/2001,4.21,4.23,4.19,4.208,4786
08/23/2001,4.2,4.235,4.195,4.22,6743
08/24/2001,4.215,4.22,4.17,4.185,9918
08/27/2001,4.18,4.205,4.16,4.197,8596
08/28/2001,4.19,4.205,4.18,4.183,14798
08/29/2001,4.18,4.2,4.18,4.185,10190
08/30/2001,4.225,4.235,4.19,4.203,14229
08/31/2001,4.2,4.225,4.19,4.21,4350
09/04/2001,4.2,4.21,4.18,4.187,3140
09/05/2001,4.19,4.205,4.185,4.193,1624
09/06/2001,4.2,4.21,4.18,4.188,1275
09/07/2001,4.19,4.21,4.18,4.183,3021
09/10/2001,4.18,4.2,4.175,4.193,2100
09/11/2001,4.195,4.23,4.18,4.225,2100
09/14/2001,4.3,4.345,4.27,4.33,2029
09/17/2001,4.34,4.425,4.29,4.413,15974
09/18/2001,4.4,4.48,4.365,4.473,13696
09/19/2001,4.47,4.76,4.45,4.745,29575
09/20/2001,4.71,4.71,4.465,4.535,19546
09/21/2001,4.54,4.65,4.54,4.617,14400
09/24/2001,4.625,4.63,4.505,4.595,8036
09/25/2001,4.59,4.615,4.515,4.547,5487
09/26/2001,4.535,4.63,4.53,4.615,6904
09/27/2001,4.615,4.65,4.56,4.608,10697
09/28/2001,4.6,4.68,4.585,4.675,8538
10/01/2001,4.665,4.69,4.615,4.667,8019
10/02/2001,4.675,4.675,4.615,4.65,6606
10/03/2001,4.65,4.69,4.615,4.635,9721
10/04/2001,4.63,4.73,4.615,4.655,12317
10/05/2001,4.65,4.69,4.645,4.685,3745
10/08/2001,4.7,4.725,4.65,4.67,4913
10/09/2001,4.67,4.675,4.535,4.55,11363
10/10/2001,4.525,4.565,4.425,4.44,13041
10/11/2001,4.44,4.45,4.395,4.425,9736
10/12/2001,4.43,4.49,4.41,4.47,7212
10/15/2001,4.435,4.455,4.37,4.393,8053
10/16/2001,4.39,4.405,4.33,4.345,6943
10/17/2001,4.35,4.4,4.34,4.37,6382
10/18/2001,4.37,4.385,4.24,4.263,19246
10/19/2001,4.265,4.305,4.245,4.273,7577
10/22/2001,4.28,4.29,4.205,4.235,8078
10/23/2001,4.235,4.265,4.225,4.243,4721
10/24/2001,4.24,4.26,4.21,4.215,4731
10/25/2001,4.215,4.24,4.185,4.22,7768
10/26/2001,4.225,4.24,4.21,4.215,5699
10/29/2001,4.23,4.26,4.225,4.243,3506
10/30/2001,4.255,4.285,4.25,4.263,5031
10/31/2001,4.26,4.275,4.19,4.225,8360
11/01/2001,4.22,4.24,4.205,4.207,4390
11/02/2001,4.22,4.23,4.105,4.11,18143
11/05/2001,4.12,4.125,4.08,4.098,7021
11/06/2001,4.09,4.14,4.08,4.118,7017
11/07/2001,4.12,4.145,4.105,4.128,6591
11/08/2001,4.135,4.14,4.07,4.078,6444
11/09/2001,4.08,4.1,4.055,4.08,6187
11/12/2001,4.08,4.21,4.08,4.118,7869
11/13/2001,4.115,4.155,4.065,4.14,7833
11/14/2001,4.155,4.175,4.13,4.143,4978
11/15/2001,4.145,4.15,4.08,4.108,4283
11/16/2001,4.115,4.12,4.085,4.095,3811
11/19/2001,4.1,4.11,4.045,4.058,5854
11/20/2001,4.05,4.075,4.04,4.05,5581
11/21/2001,4.058,4.065,4.015,4.035,6731
11/26/2001,4.04,4.06,4.02,4.028,12445
11/27/2001,4.02,4.05,4.02,4.04,16630
11/28/2001,4.04,4.14,4.04,4.115,16317
11/29/2001,4.14,4.19,4.09,4.097,12700
11/30/2001,4.11,4.195,4.1,4.157,9311
12/03/2001,4.16,4.25,4.145,4.227,11452
12/04/2001,4.24,4.24,4.145,4.153,7493
12/05/2001,4.153,4.21,4.125,4.2,8518
12/06/2001,4.205,4.275,4.195,4.238,9212
12/07/2001,4.23,4.29,4.22,4.268,8208
12/10/2001,4.27,4.275,4.215,4.243,3894
12/11/2001,4.24,4.295,4.23,4.275,5485
12/12/2001,4.27,4.31,4.255,4.265,6655
12/13/2001,4.265,4.295,4.255,4.28,7661
12/14/2001,4.285,4.395,4.275,4.362,13340
12/17/2001,4.36,4.385,4.325,4.365,5325
12/18/2001,4.36,4.425,4.355,4.42,9227
12/19/2001,4.415,4.455,4.3,4.308,14396
12/20/2001,4.32,4.43,4.305,4.4,10146
12/21/2001,4.4,4.495,4.395,4.472,10146
12/26/2001,4.47,4.555,4.45,4.543,8608
12/27/2001,4.535,4.56,4.46,4.468,8791
12/28/2001,4.465,4.505,4.405,4.498,6430
12/31/2001,4.485,4.635,4.46,4.588,12777
01/02/2002,4.575,4.595,4.53,4.535,9762
01/03/2002,4.535,4.65,4.52,4.608,13014
01/04/2002,4.61,4.675,4.52,4.65,18839
01/07/2002,4.645,4.685,4.575,4.667,11080
01/08/2002,4.66,4.69,4.585,4.64,9903
01/09/2002,4.64,4.735,4.63,4.71,12368
01/10/2002,4.715,4.775,4.68,4.7,13729
01/11/2002,4.69,4.73,4.665,4.698,7817
01/14/2002,4.69,4.69,4.51,4.515,11789
01/15/2002,4.515,4.58,4.46,4.555,9936
01/16/2002,4.555,4.595,4.475,4.562,9009
01/17/2002,4.56,4.56,4.44,4.445,10546
01/18/2002,4.45,4.46,4.33,4.345,14702
01/22/2002,4.35,4.365,4.26,4.288,14272
01/23/2002,4.28,4.315,4.255,4.26,10204
01/24/2002,4.265,4.305,4.245,4.273,8772
01/25/2002,4.275,4.335,4.27,4.305,7070
01/28/2002,4.31,4.315,4.24,4.25,7630
01/29/2002,4.245,4.32,4.225,4.295,11368
01/30/2002,4.305,4.31,4.25,4.293,7705
01/31/2002,4.29,4.295,4.21,4.223,11680
02/01/2002,4.23,4.335,4.23,4.313,13421
02/04/2002,4.3,4.32,4.255,4.295,7212
02/05/2002,4.3,4.41,4.295,4.397,13718
02/06/2002,4.4,4.485,4.36,4.365,13065
02/07/2002,4.37,4.39,4.34,4.345,6482
02/08/2002,4.35,4.49,4.35,4.455,12882
02/11/2002,4.45,4.455,4.36,4.415,6661
02/12/2002,4.415,4.49,4.365,4.485,9327
02/13/2002,4.485,4.52,4.42,4.505,10446
02/14/2002,4.5,4.565,4.475,4.53,15090
02/15/2002,4.535,4.595,4.515,4.538,10330
02/19/2002,4.525,4.555,4.46,4.47,7954
02/20/2002,4.465,4.51,4.37,4.4,10533
02/21/2002,4.39,4.435,4.365,4.42,6135
02/22/2002,4.42,4.435,4.39,4.398,4478
02/25/2002,4.395,4.4,4.34,4.368,10633
02/26/2002,4.35,4.44,4.35,4.423,16371
02/27/2002,4.44,4.485,4.43,4.445,10003
02/28/2002,4.44,4.52,4.415,4.517,13154
03/01/2002,4.515,4.605,4.47,4.567,13140
03/04/2002,4.56,4.64,4.55,4.602,9099
03/05/2002,4.6,4.64,4.545,4.555,10775
03/06/2002,4.56,4.56,4.495,4.53,6920
03/07/2002,4.53,4.53,4.455,4.48,7126
03/08/2002,4.48,4.57,4.455,4.505,8171
03/11/2002,4.505,4.55,4.475,4.485,4672
03/12/2002,4.485,4.545,4.475,4.498,7026
03/13/2002,4.495,4.54,4.49,4.528,3350
03/14/2002,4.535,4.555,4.485,4.5,6506
03/15/2002,4.505,4.525,4.45,4.493,6020
03/18/2002,4.495,4.53,4.49,4.503,3221
03/19/2002,4.505,4.58,4.5,4.523,7333
03/20/2002,4.53,4.545,4.49,4.533,4816
03/21/2002,4.53,4.535,4.5,4.508,3432
03/22/2002,4.51,4.575,4.5,4.54,7562
03/25/2002,4.55,4.605,4.515,4.58,6369
03/26/2002,4.545,4.605,4.535,4.585,5032
03/27/2002,4.595,4.69,4.59,4.68,15363
03/28/2002,4.68,4.705,4.64,4.65,9634
04/01/2002,4.67,4.705,4.645,4.7,6128
04/02/2002,4.69,4.75,4.67,4.747,9197
04/03/2002,4.745,4.75,4.655,4.667,11087
04/04/2002,4.665,4.67,4.6,4.625,9223
04/05/2002,4.625,4.645,4.565,4.58,9344
04/08/2002,4.58,4.605,4.55,4.57,6218
04/09/2002,4.565,4.58,4.53,4.558,8094
04/10/2002,4.555,4.645,4.535,4.628,10974
04/11/2002,4.62,4.63,4.565,4.583,11012
04/12/2002,4.585,4.605,4.56,4.593,4273
04/15/2002,4.595,4.615,4.445,4.45,20446
04/16/2002,4.475,4.48,4.39,4.405,16709
04/17/2002,4.41,4.47,4.405,4.45,8464
04/18/2002,4.46,4.555,4.43,4.498,16385
04/19/2002,4.5,4.52,4.475,4.503,4315
04/22/2002,4.49,4.575,4.49,4.543,14690
04/23/2002,4.545,4.595,4.51,4.57,9750
04/24/2002,4.575,4.605,4.56,4.562,6572
04/25/2002,4.57,4.65,4.55,4.62,10736
04/26/2002,4.62,4.675,4.585,4.652,13379
04/29/2002,4.675,4.68,4.625,4.66,10554
04/30/2002,4.65,4.665,4.525,4.555,14713
05/01/2002,4.56,4.575,4.525,4.55,6459
05/02/2002,4.55,4.57,4.52,4.563,3730
05/03/2002,4.56,4.63,4.555,4.615,6479
05/06/2002,4.61,4.62,4.585,4.612,1848
05/07/2002,4.6,4.65,4.595,4.632,8914
05/08/2002,4.63,4.655,4.56,4.585,10208
05/09/2002,4.585,4.635,4.55,4.627,5227
05/10/2002,4.63,4.685,4.615,4.67,10157
05/13/2002,4.67,4.71,4.59,4.607,11360
05/14/2002,4.61,4.63,4.58,4.607,6157
05/15/2002,4.61,4.645,4.585,4.637,6416
05/16/2002,4.635,4.655,4.62,4.65,4807
05/17/2002,4.65,4.69,4.62,4.665,7404
05/20/2002,4.67,4.79,4.635,4.78,17628
05/21/2002,4.775,4.865,4.755,4.845,26624
05/22/2002,4.835,4.86,4.78,4.84,12213
05/23/2002,4.84,4.92,4.77,4.912,14065
05/24/2002,4.91,4.915,4.86,4.872,6052
05/28/2002,4.825,4.905,4.815,4.882,8238
05/29/2002,4.88,4.98,4.86,4.945,14202
05/30/2002,4.95,4.99,4.9,4.985,8914
05/31/2002,4.99,5.075,4.96,5.042,18883
06/03/2002,5.03,5.1,5.01,5.08,8429
06/04/2002,5.085,5.15,5.085,5.125,8414
06/05/2002,5.12,5.12,4.92,4.945,24031
06/06/2002,4.945,5.015,4.915,4.995,12043
06/07/2002,4.99,5.055,4.955,4.98,10169
06/10/2002,4.975,4.975,4.89,4.912,9209
06/11/2002,4.912,4.925,4.79,4.882,22357
06/12/2002,4.89,4.955,4.87,4.915,11577
06/13/2002,4.915,4.915,4.82,4.832,14693
06/14/2002,4.835,4.895,4.83,4.85,8581
06/17/2002,4.845,4.85,4.8,4.823,5354
06/18/2002,4.823,4.865,4.815,4.845,8694
06/19/2002,4.855,4.915,4.835,4.842,11630
06/20/2002,4.855,4.88,4.845,4.87,10912
06/21/2002,4.88,4.905,4.825,4.855,10791
06/24/2002,4.86,4.92,4.86,4.867,16028
06/25/2002,4.86,4.865,4.78,4.832,23267
06/26/2002,4.835,4.9,4.83,4.852,26309
06/27/2002,4.88,4.9,4.825,4.898,12444
06/28/2002,4.89,4.905,4.85,4.855,9347
07/01/2002,4.855,4.89,4.815,4.888,7011
07/02/2002,4.888,5.005,4.86,4.95,15889
07/03/2002,4.95,4.96,4.92,4.955,15889
07/08/2002,4.935,4.985,4.915,4.98,6069
07/09/2002,4.985,5.07,4.97,5.058,9742
07/10/2002,5.065,5.1,5.035,5.05,9419
07/11/2002,5.09,5.09,5.07,5.07,12742
07/12/2002,5.09,5.125,5.04,5.065,7238
07/15/2002,5.065,5.155,5.065,5.118,10097
07/16/2002,5.12,5.13,5.01,5.033,13537
07/17/2002,5.03,5.045,4.96,5.005,9998
07/18/2002,5.005,5.02,4.985,5.005,2661
07/19/2002,5.01,5.12,5.01,5.078,9806
07/22/2002,5.09,5.115,5.04,5.045,7017
07/23/2002,5.04,5.045,4.87,4.883,24294
07/24/2002,4.895,4.915,4.81,4.86,18076
07/25/2002,4.865,4.89,4.82,4.855,13573
07/26/2002,4.855,4.86,4.595,4.665,26625
07/29/2002,4.67,4.695,4.62,4.64,10625
07/30/2002,4.645,4.695,4.63,4.658,8487
07/31/2002,4.598,4.69,4.57,4.598,9926
08/01/2002,4.6,4.615,4.54,4.583,10439
08/02/2002,4.61,4.635,4.575,4.593,10381
08/05/2002,4.605,4.675,4.6,4.633,5529
08/06/2002,4.635,4.655,4.6,4.613,4880
08/07/2002,4.66,4.705,4.62,4.675,8401
08/08/2002,4.685,4.695,4.625,4.638,6603
08/09/2002,4.635,4.68,4.615,4.67,5314
08/12/2002,4.68,4.735,4.58,4.593,10540
08/13/2002,4.595,4.625,4.575,4.58,4806
08/14/2002,4.58,4.67,4.45,4.458,17475
08/15/2002,4.46,4.505,4.46,4.483,12720
08/16/2002,4.495,4.58,4.47,4.493,8735
08/19/2002,4.5,4.52,4.39,4.405,15364
08/20/2002,4.405,4.465,4.405,4.437,7594
08/21/2002,4.44,4.465,4.415,4.42,5588
08/22/2002,4.42,4.49,4.38,4.465,10263
08/23/2002,4.47,4.48,4.38,4.423,9327
08/26/2002,4.42,4.455,4.42,4.438,5520
08/27/2002,4.44,4.525,4.42,4.503,9901
08/28/2002,4.515,4.54,4.485,4.498,5374
08/29/2002,4.525,4.585,4.52,4.557,9041
08/30/2002,4.565,4.59,4.455,4.468,10096
09/03/2002,4.48,4.52,4.47,4.485,6932
09/04/2002,4.495,4.505,4.455,4.495,3776
09/05/2002,4.505,4.57,4.495,4.545,8802
09/06/2002,4.555,4.58,4.53,4.54,5312
09/09/2002,4.55,4.62,4.545,4.603,6991
09/10/2002,4.603,4.605,4.525,4.578,6786
09/11/2002,4.58,4.58,4.545,4.563,2589
09/12/2002,4.57,4.635,4.565,4.608,8960
09/13/2002,4.615,4.64,4.57,4.575,6806
09/16/2002,4.57,4.59,4.53,4.57,3829
09/17/2002,4.565,4.6,4.525,4.598,6955
09/18/2002,4.6,4.665,4.585,4.64,11113
09/19/2002,4.625,4.695,4.625,4.66,10522
09/20/2002,4.67,4.69,4.625,4.65,7060
09/23/2002,4.66,4.685,4.6,4.648,5631
09/24/2002,4.635,4.72,4.62,4.67,10553
09/25/2002,4.66,4.68,4.58,4.6,10566
09/26/2002,4.6,4.61,4.5,4.525,14428
09/27/2002,4.515,4.545,4.49,4.505,6833
09/30/2002,4.515,4.585,4.515,4.548,5879
10/01/2002,4.55,4.555,4.48,4.488,8738
10/02/2002,4.485,4.515,4.475,4.485,5655
10/03/2002,4.5,4.525,4.47,4.485,4395
10/04/2002,4.485,4.495,4.445,4.49,6611
10/07/2002,4.5,4.52,4.445,4.45,5231
10/08/2002,4.45,4.465,4.365,4.373,18823
10/09/2002,4.37,4.4,4.32,4.35,11746
10/10/2002,4.345,4.385,4.28,4.285,11636
10/11/2002,4.295,4.345,4.28,4.32,8032
10/14/2002,4.335,4.35,4.305,4.31,3644
10/15/2002,4.305,4.34,4.285,4.323,6522
10/16/2002,4.315,4.39,4.31,4.37,6635
10/17/2002,4.375,4.38,4.33,4.345,6589
10/18/2002,4.34,4.375,4.335,4.36,3060
10/21/2002,4.36,4.385,4.315,4.352,8027
10/22/2002,4.35,4.44,4.345,4.412,11406
10/23/2002,4.42,4.435,4.39,4.407,5029
10/24/2002,4.405,4.41,4.335,4.362,7230
10/25/2002,4.375,4.425,4.365,4.407,4926
10/28/2002,4.41,4.435,4.4,4.412,3720
10/29/2002,4.425,4.525,4.42,4.51,18909
10/30/2002,4.5,4.54,4.455,4.485,12549
10/31/2002,4.48,4.52,4.465,4.505,9360
11/01/2002,4.5,4.575,4.485,4.49,9108
11/04/2002,4.49,4.505,4.435,4.487,5009
11/05/2002,4.485,4.515,4.485,4.495,4741
11/06/2002,4.495,4.5,4.465,4.483,2739
11/07/2002,4.485,4.57,4.485,4.55,16581
11/08/2002,4.55,4.605,4.52,4.532,13451
11/11/2002,4.535,4.585,4.52,4.572,7874
11/12/2002,4.57,4.62,4.55,4.6,7614
11/13/2002,4.6,4.63,4.525,4.56,15128
11/14/2002,4.565,4.58,4.535,4.562,5505
11/15/2002,4.57,4.59,4.535,4.575,4842
11/18/2002,4.58,4.59,4.525,4.537,6168
11/19/2002,4.54,4.57,4.54,4.547,6841
11/20/2002,4.55,4.555,4.525,4.535,13879
11/21/2002,4.535,4.55,4.43,4.468,22211
11/22/2002,4.465,4.55,4.46,4.543,12621
11/25/2002,4.535,4.535,4.455,4.473,21430
11/26/2002,4.475,4.49,4.425,4.433,13830
11/27/2002,4.46,4.465,4.43,4.435,16328
12/02/2002,4.455,4.46,4.415,4.442,6303
12/03/2002,4.44,4.56,4.44,4.552,14757
12/04/2002,4.55,4.605,4.54,4.577,10766
12/05/2002,4.57,4.67,4.565,4.64,16514
12/06/2002,4.64,4.69,4.6,4.65,11495
12/09/2002,4.64,4.655,4.555,4.615,10144
12/10/2002,4.61,4.64,4.59,4.623,8236
12/11/2002,4.62,4.665,4.61,4.645,5735
12/12/2002,4.65,4.77,4.625,4.752,19335
12/13/2002,4.75,4.805,4.665,4.712,13976
12/16/2002,4.71,4.74,4.655,4.707,7926
12/17/2002,4.71,4.765,4.61,4.645,18576
12/18/2002,4.645,4.68,4.615,4.67,7551
12/19/2002,4.68,4.79,4.66,4.725,12035
12/20/2002,4.72,4.73,4.605,4.632,9215
12/23/2002,4.63,4.68,4.615,4.655,4812
12/24/2002,4.665,4.68,4.63,4.662,2774
12/26/2002,4.66,4.715,4.645,4.705,5029
12/27/2002,4.705,4.735,4.68,4.723,8886
12/30/2002,4.73,4.755,4.665,4.673,10759
12/31/2002,4.68,4.82,4.65,4.812,14825
01/02/2003,4.79,4.835,4.75,4.823,17461
01/03/2003,4.823,4.92,4.78,4.903,21814
01/06/2003,4.9,4.945,4.89,4.91,11949
01/07/2003,4.925,4.925,4.785,4.815,15721
01/08/2003,4.815,4.885,4.77,4.867,16074
01/09/2003,4.87,4.89,4.815,4.855,10743
01/10/2003,4.855,4.885,4.82,4.873,10532
01/13/2003,4.87,4.87,4.795,4.84,6347
01/14/2003,4.835,4.845,4.735,4.765,14779
01/15/2003,4.76,4.805,4.72,4.78,8843
01/16/2003,4.775,4.85,4.765,4.835,8134
01/17/2003,4.835,4.845,4.785,4.81,5340
01/21/2003,4.805,4.83,4.76,4.82,7885
01/22/2003,4.82,4.87,4.82,4.848,10246
01/23/2003,4.845,4.905,4.78,4.785,20436
01/24/2003,4.785,4.95,4.76,4.885,19895
01/27/2003,4.885,4.93,4.78,4.835,15365
01/28/2003,4.835,4.88,4.805,4.875,7423
01/29/2003,4.875,4.895,4.8,4.805,10087
01/30/2003,4.8,4.92,4.78,4.87,16127
01/31/2003,4.875,4.91,4.835,4.86,9221
02/03/2003,4.86,4.88,4.81,4.835,8143
02/04/2003,4.84,4.93,4.835,4.918,13290
02/05/2003,4.915,4.98,4.735,4.768,23723
02/06/2003,4.785,4.815,4.66,4.68,25094
02/07/2003,4.68,4.735,4.63,4.65,15219
02/10/2003,4.66,4.685,4.585,4.6,14386
02/11/2003,4.6,4.615,4.535,4.57,18046
02/12/2003,4.58,4.595,4.495,4.507,15113
02/13/2003,4.515,4.565,4.485,4.533,17603
02/14/2003,4.54,4.565,4.5,4.535,9453
02/18/2003,4.51,4.595,4.5,4.555,9185
02/19/2003,4.555,4.63,4.545,4.625,12223
02/20/2003,4.625,4.68,4.605,4.662,13498
02/21/2003,4.66,4.675,4.61,4.665,10471
02/24/2003,4.665,4.725,4.65,4.715,15051
02/25/2003,4.72,4.735,4.61,4.642,22436
02/26/2003,4.635,4.665,4.61,4.655,14022
02/27/2003,4.67,4.685,4.57,4.575,11810
02/28/2003,4.575,4.66,4.55,4.6,17157
03/03/2003,4.6,4.68,4.585,4.672,13924
03/04/2003,4.68,4.705,4.655,4.672,8956
03/05/2003,4.665,4.7,4.605,4.637,7785
03/06/2003,4.645,4.71,4.635,4.673,9540
03/07/2003,4.675,4.695,4.605,4.688,9738
03/10/2003,4.69,4.71,4.675,4.68,11291
03/11/2003,4.68,4.695,4.64,4.69,4634
03/12/2003,4.685,4.695,4.63,4.635,5558
03/13/2003,4.635,4.635,4.5,4.54,6866
03/14/2003,4.54,4.555,4.515,4.538,15285
03/17/2003,4.545,4.61,4.445,4.45,5383
03/18/2003,4.46,4.495,4.45,4.463,15207
03/19/2003,4.48,4.495,4.415,4.42,10143
03/20/2003,4.42,4.455,4.395,4.415,12401
03/21/2003,4.415,4.43,4.34,4.353,9530
03/24/2003,4.36,4.395,4.355,4.368,13080
03/25/2003,4.37,4.43,4.35,4.393,6791
03/26/2003,4.4,4.415,4.38,4.398,13469
03/27/2003,4.4,4.415,4.365,4.393,5633
03/28/2003,4.39,4.46,4.36,4.433,10935
03/31/2003,4.445,4.475,4.43,4.465,9671
04/01/2003,4.465,4.47,4.415,4.437,5020
04/02/2003,4.44,4.445,4.35,4.402,6104
04/03/2003,4.4,4.435,4.365,4.413,8398
04/04/2003,4.415,4.43,4.39,4.415,7194
04/07/2003,4.405,4.435,4.38,4.423,3272
04/08/2003,4.425,4.53,4.41,4.478,4466
04/09/2003,4.48,4.5,4.435,4.483,13677
04/10/2003,4.48,4.495,4.455,4.49,7762
04/11/2003,4.48,4.5,4.45,4.493,5639
04/14/2003,4.485,4.545,4.475,4.538,4887
04/15/2003,4.535,4.545,4.51,4.523,9764
04/16/2003,4.52,4.53,4.45,4.485,5560
04/17/2003,4.475,4.495,4.46,4.47,11239
04/21/2003,4.475,4.55,4.465,4.535,4055
04/22/2003,4.53,4.605,4.53,4.597,9491
04/23/2003,4.59,4.665,4.57,4.625,15125
04/24/2003,4.62,4.66,4.6,4.645,26918
04/25/2003,4.635,4.655,4.62,4.632,14800
04/28/2003,4.625,4.645,4.535,4.58,18402
04/29/2003,4.59,4.6,4.56,4.565,18245
04/30/2003,4.57,4.67,4.565,4.652,13733
05/01/2003,4.66,4.78,4.65,4.775,9587
05/02/2003,4.77,4.825,4.74,4.797,22034
05/05/2003,4.795,4.825,4.77,4.815,18091
05/06/2003,4.825,4.835,4.77,4.8,7538
05/07/2003,4.8,4.815,4.715,4.742,11031
05/08/2003,4.742,4.815,4.73,4.802,9995
05/09/2003,4.805,4.815,4.77,4.8,8983
05/12/2003,4.795,4.91,4.77,4.872,5006
05/13/2003,4.865,4.875,4.82,4.825,14932
05/14/2003,4.83,4.89,4.82,4.872,5847
05/15/2003,4.875,4.89,4.76,4.78,10223
05/16/2003,4.78,4.845,4.77,4.79,13050
05/19/2003,4.795,4.87,4.795,4.82,6934
05/20/2003,4.83,4.865,4.755,4.772,7638
05/21/2003,4.775,4.8,4.7,4.725,11496
05/22/2003,4.725,4.76,4.65,4.662,10893
05/23/2003,4.66,4.69,4.625,4.647,12350
05/27/2003,4.66,4.71,4.62,4.625,7065
05/28/2003,4.625,4.645,4.58,4.64,10103
05/29/2003,4.61,4.64,4.54,4.575,9847
05/30/2003,4.58,4.59,4.51,4.533,14545
06/02/2003,4.54,4.565,4.495,4.508,12466
06/03/2003,4.515,4.53,4.5,4.51,10540
06/04/2003,4.52,4.545,4.48,4.5,9045
06/05/2003,4.495,4.51,4.475,4.5,8210
06/06/2003,4.51,4.59,4.505,4.545,11442
06/09/2003,4.54,4.56,4.485,4.518,14068
06/10/2003,4.52,4.53,4.455,4.47,6834
06/11/2003,4.47,4.52,4.43,4.5,10997
06/12/2003,4.515,4.515,4.475,4.505,16546
06/13/2003,4.505,4.585,4.5,4.575,13273
06/16/2003,4.57,4.62,4.57,4.612,15930
06/17/2003,4.62,4.64,4.595,4.61,8838
06/18/2003,4.61,4.62,4.53,4.558,9441
06/19/2003,4.555,4.59,4.51,4.57,13298
06/20/2003,4.57,4.581,4.52,4.528,13298
06/23/2003,4.53,4.565,4.505,4.558,5312
06/24/2003,4.56,4.565,4.49,4.515,10757
06/25/2003,4.51,4.58,4.495,4.565,17184
06/26/2003,4.555,4.555,4.5,4.523,17711
06/27/2003,4.535,4.56,4.51,4.518,11812
06/30/2003,4.52,4.57,4.51,4.568,11249
07/01/2003,4.565,4.61,4.555,4.585,5846
07/02/2003,4.58,4.68,4.575,4.645,7140
07/03/2003,4.65,4.705,4.63,4.693,15937
07/07/2003,4.69,4.75,4.67,4.738,9561
07/08/2003,4.73,4.775,4.695,4.745,12164
07/09/2003,4.745,4.835,4.735,4.825,15552
07/10/2003,4.82,4.895,4.795,4.815,14705
07/11/2003,4.815,4.845,4.765,4.805,22154
07/14/2003,4.805,4.825,4.77,4.797,9364
07/15/2003,4.8,4.8,4.65,4.658,6768
07/16/2003,4.66,4.705,4.645,4.663,17552
07/17/2003,4.66,4.705,4.655,4.678,7355
07/18/2003,4.675,4.74,4.63,4.73,5655
07/21/2003,4.72,4.79,4.715,4.75,8949
07/22/2003,4.745,4.805,4.745,4.79,9495
07/23/2003,4.79,5.1,4.79,5.07,7896
07/24/2003,5.055,5.17,5.01,5.11,40270
07/25/2003,5.11,5.11,5.015,5.075,38609
07/28/2003,5.075,5.23,5.045,5.195,16690
07/29/2003,5.17,5.18,5.035,5.165,20419
07/30/2003,5.155,5.16,5.035,5.06,16984
07/31/2003,5.07,5.23,5.045,5.12,15835
08/01/2003,5.125,5.175,5.06,5.097,26648
08/04/2003,5.085,5.11,4.955,5.02,12987
08/05/2003,5.03,5.045,4.91,4.94,14490
08/06/2003,4.94,4.985,4.91,4.97,14786
08/07/2003,4.97,5.09,4.91,5.038,6879
08/08/2003,5.045,5.07,4.96,4.992,15769
08/11/2003,4.99,5.015,4.925,5,12845
08/12/2003,5.01,5.02,4.82,4.862,10855
08/13/2003,4.86,5.04,4.85,5.03,28083
08/14/2003,5.025,5.075,4.995,5.035,17747
08/15/2003,5.025,5.045,4.88,4.927,17747
08/18/2003,4.935,4.95,4.885,4.927,9094
08/19/2003,4.93,5.025,4.92,4.995,8157
08/20/2003,5.005,5.03,4.96,5.022,12134
08/21/2003,5.01,5.045,4.92,4.945,14397
08/22/2003,4.935,5.02,4.925,4.997,10980
08/25/2003,4.99,5.015,4.975,4.992,12176
08/26/2003,4.99,5.005,4.94,5.002,18270
08/27/2003,5.005,5.16,4.99,5.131,20481
08/28/2003,5.15,5.165,5.09,5.15,27836
08/29/2003,5.15,5.195,5.12,5.132,13653
09/02/2003,5.135,5.19,4.97,5.01,10461
09/03/2003,5.01,5.09,4.99,5.08,22873
09/04/2003,5.08,5.09,5.02,5.035,10253
09/05/2003,5.02,5.185,5.02,5.15,4265
09/08/2003,5.15,5.155,5.085,5.107,16028
09/09/2003,5.1,5.305,5.1,5.265,5954
09/10/2003,5.265,5.29,5.215,5.265,22628
09/11/2003,5.27,5.37,5.25,5.345,10828
09/12/2003,5.345,5.38,5.18,5.217,15869
09/15/2003,5.215,5.235,5.105,5.21,21590
09/16/2003,5.205,5.24,5.175,5.23,12977
09/17/2003,5.23,5.305,5.2,5.292,10111
09/18/2003,5.292,5.375,5.195,5.265,11562
09/19/2003,5.27,5.335,5.235,5.292,20594
09/22/2003,5.285,5.37,5.245,5.275,9848
09/23/2003,5.28,5.305,5.18,5.245,9869
09/24/2003,5.245,5.34,5.225,5.31,13626
09/25/2003,5.335,5.395,5.21,5.222,11954
09/26/2003,5.225,5.245,5.135,5.145,24790
09/29/2003,5.155,5.22,5.07,5.075,20274
09/30/2003,5.09,5.19,5.08,5.142,19345
10/01/2003,5.155,5.165,5.075,5.105,15099
10/02/2003,5.11,5.14,5.075,5.1,15921
10/03/2003,5.105,5.14,4.82,4.835,7600
10/06/2003,4.855,4.905,4.745,4.815,47185
10/07/2003,4.815,4.89,4.805,4.88,31544
10/08/2003,4.88,4.92,4.855,4.87,11675
10/09/2003,4.875,4.91,4.77,4.842,7719
10/10/2003,4.845,4.925,4.84,4.91,17522
10/13/2003,4.915,4.985,4.865,4.98,11081
10/14/2003,4.97,4.975,4.885,4.932,12961
10/15/2003,4.93,4.965,4.86,4.947,11176
10/16/2003,4.95,4.975,4.89,4.922,10979
10/17/2003,4.93,4.98,4.89,4.94,5244
10/20/2003,4.94,5.03,4.93,5.005,8478
10/21/2003,5.005,5.09,4.99,5.068,11587
10/22/2003,5.068,5.155,5.055,5.135,16666
10/23/2003,5.135,5.19,5.105,5.172,16849
10/24/2003,5.165,5.22,5.15,5.165,15193
10/27/2003,5.17,5.21,5.11,5.192,15088
10/28/2003,5.19,5.19,5.09,5.097,7501
10/29/2003,5.1,5.19,5.07,5.142,9771
10/30/2003,5.145,5.21,5.115,5.135,15635
10/31/2003,5.14,5.205,5.015,5.065,11386
11/03/2003,5.065,5.09,4.92,4.927,23804
11/04/2003,4.93,5.06,4.93,5.03,19349
11/05/2003,5.045,5.07,4.975,4.985,12142
11/06/2003,5,5.01,4.95,4.957,10084
11/07/2003,4.955,5.06,4.935,5.058,8966
11/10/2003,5.055,5.1,5.035,5.09,15179
11/11/2003,5.09,5.1,5.04,5.067,6532
11/12/2003,5.07,5.345,5.065,5.335,6825
11/13/2003,5.32,5.37,5.27,5.295,37233
11/14/2003,5.295,5.43,5.275,5.415,17515
11/17/2003,5.4,5.43,5.14,5.227,18910
11/18/2003,5.23,5.38,5.22,5.367,29589
11/19/2003,5.365,5.415,5.25,5.27,18167
11/20/2003,5.27,5.35,5.235,5.262,16463
11/21/2003,5.265,5.325,5.24,5.295,17390
11/24/2003,5.295,5.305,5.19,5.245,24365
11/25/2003,5.25,5.335,5.19,5.298,32784
11/26/2003,5.315,5.415,5.31,5.382,28810
12/01/2003,5.39,5.57,5.38,5.47,13482
12/02/2003,5.485,5.545,5.425,5.52,22864
12/03/2003,5.52,5.525,5.44,5.492,10898
12/04/2003,5.495,5.505,5.38,5.472,8034
12/05/2003,5.45,5.53,5.425,5.492,15055
12/08/2003,5.495,5.565,5.46,5.56,9847
12/09/2003,5.56,5.66,5.555,5.655,11581
12/10/2003,5.66,5.735,5.6,5.62,14014
12/11/2003,5.615,5.62,5.515,5.597,15236
12/12/2003,5.605,5.655,5.58,5.64,12025
12/15/2003,5.555,5.68,5.42,5.657,8795
12/16/2003,5.657,5.715,5.64,5.645,11104
12/17/2003,5.645,5.72,5.63,5.708,9712
12/18/2003,5.71,5.76,5.625,5.728,9111
12/19/2003,5.73,5.74,5.69,5.738,13866
12/22/2003,5.735,5.775,5.695,5.725,8008
12/23/2003,5.72,5.76,5.7,5.748,8005
12/24/2003,5.75,5.805,5.735,5.793,6923
12/29/2003,5.8,5.935,5.79,5.93,7183
12/30/2003,5.935,6,5.92,5.993,10683
12/31/2003,6,6.05,5.94,5.965,9715
01/05/2004,5.995,6.3,5.995,6.245,12362
01/06/2004,6.24,6.475,6.215,6.328,20568
01/07/2004,6.32,6.335,6.205,6.263,24266
01/08/2004,6.26,6.3,6.16,6.273,15424
01/09/2004,6.265,6.52,6.215,6.497,15505
01/12/2004,6.515,6.795,6.48,6.617,18965
01/13/2004,6.61,6.68,6.525,6.597,20498
01/14/2004,6.595,6.625,6.37,6.43,15945
01/15/2004,6.43,6.43,6.19,6.213,24914
01/16/2004,6.195,6.34,6.165,6.33,23329
01/20/2004,6.32,6.41,6.275,6.323,12541
01/21/2004,6.33,6.37,6.1,6.208,17423
01/22/2004,6.21,6.41,6.165,6.35,27484
01/23/2004,6.345,6.385,6.27,6.36,17638
01/26/2004,6.36,6.36,6.25,6.312,11108
01/27/2004,6.29,6.57,6.255,6.555,8039
01/28/2004,6.55,6.65,6.5,6.63,18784
01/29/2004,6.55,6.565,6.12,6.23,12786
01/30/2004,6.25,6.295,6.185,6.25,31381
02/02/2004,6.25,6.3,5.95,6.043,14575
02/03/2004,6.05,6.22,6.03,6.123,25292
02/04/2004,6.13,6.185,6.07,6.148,12734
02/05/2004,6.145,6.22,6.09,6.123,8786
02/06/2004,6.12,6.49,6.035,6.278,10613
02/09/2004,6.26,6.44,6.245,6.428,18464
02/10/2004,6.425,6.48,6.38,6.388,10416
02/11/2004,6.39,6.6,6.31,6.558,14036
02/12/2004,6.555,6.72,6.505,6.62,21911
02/13/2004,6.62,6.74,6.47,6.582,22912
02/17/2004,6.585,6.785,6.58,6.78,22912
02/18/2004,6.785,6.88,6.63,6.7,16134
02/19/2004,6.675,6.745,6.56,6.658,16134
02/20/2004,6.655,6.7,6.46,6.533,25885
02/23/2004,6.55,6.55,6.395,6.49,22942
02/24/2004,6.49,6.635,6.49,6.622,20855
02/25/2004,6.62,6.8,6.51,6.535,27317
02/26/2004,6.555,6.755,6.31,6.73,24855
02/27/2004,6.73,6.79,6.58,6.715,35285
03/01/2004,6.715,7.03,6.68,6.945,17894
03/02/2004,6.95,7,6.7,6.725,20567
03/03/2004,6.72,6.855,6.555,6.752,18542
03/04/2004,6.765,6.87,6.71,6.768,21915
03/05/2004,6.77,7,6.75,6.99,11043
03/08/2004,6.985,7.07,6.89,6.99,17475
03/09/2004,7,7.2,6.92,7.18,10561
03/10/2004,7.165,7.28,7.09,7.185,16662
03/11/2004,7.155,7.245,7.065,7.193,20747
03/12/2004,7.2,7.29,6.94,7.063,14450
03/15/2004,7.075,7.165,7.075,7.14,23787
03/16/2004,7.14,7.21,7.125,7.167,8695
03/17/2004,7.17,7.275,7.12,7.26,10209
03/18/2004,7.26,7.48,7.24,7.465,13632
03/19/2004,7.46,7.72,7.4,7.563,21735
03/22/2004,7.565,7.765,7.515,7.628,19995
03/23/2004,7.63,7.72,7.565,7.708,10875
03/24/2004,7.715,7.785,7.575,7.65,10762
03/25/2004,7.6,7.65,7.48,7.602,18863
03/26/2004,7.595,7.81,7.52,7.717,15255
03/29/2004,7.72,7.755,7.605,7.625,14516
03/30/2004,7.62,7.795,7.61,7.775,7829
03/31/2004,7.78,7.95,7.775,7.945,11140
04/01/2004,7.93,8.21,7.905,8.148,17817
04/02/2004,8.15,8.5,7.935,8.155,21492
04/05/2004,8.185,8.345,8.02,8.117,27570
04/06/2004,8.115,8.275,8.105,8.22,16836
04/07/2004,8.22,8.285,8.07,8.19,13290
04/08/2004,8.19,8.265,8.035,8.09,14718
04/12/2004,8.125,8.2,7.82,8.03,14826
04/13/2004,8.035,8.045,7.35,7.45,16249
04/14/2004,7.45,7.46,6.83,7.005,37006
04/15/2004,7.03,7.15,6.85,7.078,42405
04/16/2004,7.095,7.24,7.03,7.145,10324
04/19/2004,7.165,7.3,7.16,7.21,13863
04/20/2004,7.21,7.23,6.895,6.945,10200
04/21/2004,6.94,6.95,6.14,6.17,17891
04/22/2004,6.145,6.265,6,6.028,39836
04/23/2004,6.05,6.205,6.05,6.163,31034
04/26/2004,6.18,6.245,6.15,6.173,19753
04/27/2004,6.18,6.3,6.175,6.235,16361
04/28/2004,6.235,6.29,5.825,5.867,25134
04/29/2004,5.88,5.99,5.555,5.838,29651
04/30/2004,5.85,6.15,5.85,6.09,37211
05/03/2004,6.165,6.165,5.86,6.028,18906
05/04/2004,6.04,6.175,6.01,6.048,11611
05/05/2004,6.09,6.17,6.03,6.115,15224
05/06/2004,6.13,6.14,5.77,5.83,9644
05/07/2004,5.82,5.915,5.585,5.6,16140
05/10/2004,5.595,5.775,5.455,5.765,19413
05/11/2004,5.78,5.83,5.5,5.523,12162
05/12/2004,5.56,5.73,5.555,5.565,14543
05/13/2004,5.58,5.65,5.51,5.615,13423
05/14/2004,5.615,5.75,5.56,5.728,11750
05/17/2004,5.735,5.905,5.635,5.675,8934
05/18/2004,5.685,5.775,5.625,5.68,19628
05/19/2004,5.665,5.94,5.66,5.927,8958
05/20/2004,5.93,5.93,5.77,5.78,15399
05/21/2004,5.78,5.96,5.78,5.87,7384
05/24/2004,5.885,6.02,5.785,5.997,10370
05/25/2004,6.01,6.11,5.96,6.085,9897
05/26/2004,6.085,6.17,6.01,6.055,13286
05/27/2004,6.055,6.22,6.055,6.195,10471
05/28/2004,6.2,6.25,6.03,6.11,12424
06/01/2004,6.145,6.2,6.04,6.055,11195
06/02/2004,6.06,6.125,5.8,5.838,14801
06/03/2004,5.81,5.88,5.715,5.735,16933
06/04/2004,5.735,5.835,5.65,5.81,11569
06/07/2004,5.82,5.925,5.81,5.9,9978
06/08/2004,5.895,5.945,5.74,5.77,9566
06/09/2004,5.77,5.82,5.61,5.633,12483
06/10/2004,5.64,5.755,5.6,5.748,15989
06/14/2004,5.72,5.785,5.63,5.658,10534
06/15/2004,5.65,5.77,5.63,5.735,9496
06/16/2004,5.74,5.775,5.635,5.725,10614
06/17/2004,5.73,5.93,5.71,5.925,10196
06/18/2004,5.925,6.045,5.86,5.983,13931
06/21/2004,5.98,6.05,5.74,5.86,12014
06/22/2004,5.875,5.925,5.795,5.867,15708
06/23/2004,5.86,5.935,5.83,5.875,17062
06/24/2004,5.875,6.2,5.86,6.175,12353
06/25/2004,6.169,6.19,6.09,6.127,26302
06/28/2004,6.12,6.195,5.88,5.898,16989
06/29/2004,5.945,5.97,5.815,5.873,19860
06/30/2004,5.865,6.015,5.73,5.795,22251
07/01/2004,5.83,5.975,5.82,5.953,17618
07/02/2004,5.965,6.08,5.835,6.015,10299
07/06/2004,6.01,6.08,5.89,5.98,11353
07/07/2004,5.985,6.16,5.985,6.125,10327
07/08/2004,6.13,6.47,6.105,6.435,10922
07/09/2004,6.415,6.57,6.375,6.475,28647
07/12/2004,6.5,6.585,6.45,6.542,14401
07/13/2004,6.542,6.545,6.28,6.392,9431
07/14/2004,6.4,6.625,6.39,6.612,15205
07/15/2004,6.615,6.695,6.54,6.663,17019
07/16/2004,6.66,6.76,6.6,6.725,14213
07/19/2004,6.705,6.78,6.565,6.6,10331
07/20/2004,6.595,6.655,6.445,6.612,9668
07/21/2004,6.615,6.615,6.34,6.41,13013
07/22/2004,6.415,6.51,6.35,6.428,15773
07/23/2004,6.445,6.445,6.24,6.345,8207
07/26/2004,6.345,6.365,6.165,6.245,13558
07/27/2004,6.245,6.3,6.16,6.247,12540
07/28/2004,6.25,6.385,6.11,6.373,11348
07/29/2004,6.37,6.41,6.235,6.355,16653
07/30/2004,6.365,6.65,6.34,6.56,11059
08/02/2004,6.585,6.705,6.54,6.62,20190
08/03/2004,6.605,6.695,6.48,6.685,9356
08/04/2004,6.69,6.83,6.575,6.737,14059
08/05/2004,6.73,6.765,6.64,6.75,14012
08/06/2004,6.75,6.9,6.68,6.775,10277
08/09/2004,6.755,6.78,6.58,6.737,14170
08/10/2004,6.7,6.825,6.685,6.722,9136
08/11/2004,6.72,6.745,6.46,6.527,8105
08/12/2004,6.52,6.65,6.49,6.557,16658
08/13/2004,6.59,6.665,6.49,6.625,9215
08/16/2004,6.635,6.785,6.635,6.737,9482
08/17/2004,6.737,6.785,6.66,6.73,7989
08/18/2004,6.74,6.88,6.63,6.837,8650
08/19/2004,6.845,6.94,6.805,6.82,13614
08/20/2004,6.82,7.01,6.775,6.87,15993
08/23/2004,6.87,6.87,6.665,6.745,19928
08/24/2004,6.745,6.75,6.54,6.577,15975
08/25/2004,6.575,6.67,6.55,6.613,20785
08/26/2004,6.635,6.7,6.575,6.678,18705
08/27/2004,6.68,6.73,6.57,6.588,13951
08/30/2004,6.63,6.865,6.625,6.747,17198
08/31/2004,6.76,6.83,6.705,6.812,20267
09/01/2004,6.8,6.85,6.74,6.83,10627
09/02/2004,6.81,6.855,6.75,6.81,7266
09/03/2004,6.82,6.83,6.5,6.59,6712
09/07/2004,6.605,6.625,6.205,6.235,16697
09/08/2004,6.235,6.28,6.1,6.212,30338
09/09/2004,6.22,6.28,6.115,6.188,19714
09/10/2004,6.19,6.255,6.15,6.165,14276
09/13/2004,6.175,6.26,6.07,6.215,12708
09/14/2004,6.25,6.31,6.21,6.23,12515
09/15/2004,6.24,6.325,6.17,6.3,11079
09/16/2004,6.295,6.355,6.26,6.318,9805
09/17/2004,6.315,6.325,6.21,6.288,8069
09/20/2004,6.288,6.295,6.225,6.28,6568
09/21/2004,6.28,6.4,6.265,6.373,3709
09/22/2004,6.365,6.405,6.275,6.375,9430
09/23/2004,6.375,6.49,6.365,6.47,8354
09/24/2004,6.47,6.51,6.395,6.425,12714
09/27/2004,6.42,6.57,6.395,6.55,10242
09/28/2004,6.55,6.68,6.535,6.61,13121
09/29/2004,6.61,6.75,6.57,6.695,11026
09/30/2004,6.69,6.98,6.665,6.938,17267
10/01/2004,6.955,7,6.88,6.943,29979
10/04/2004,6.935,6.985,6.72,6.765,15870
10/05/2004,6.78,7.135,6.72,7.102,15213
10/06/2004,7.1,7.28,7.085,7.245,23292
10/07/2004,7.245,7.3,7.165,7.217,25870
10/08/2004,7.21,7.34,7.17,7.295,13662
10/11/2004,7.3,7.32,7.19,7.252,15112
10/12/2004,7.24,7.265,6.96,7.055,6577
10/13/2004,7.07,7.08,6.8,6.9,20639
10/14/2004,6.95,7.11,6.95,7.055,23220
10/15/2004,7.06,7.17,7.03,7.11,14339
10/18/2004,7.1,7.11,6.97,6.987,13307
10/19/2004,6.985,7.21,6.91,7.195,11063
10/20/2004,7.2,7.385,7.15,7.352,13238
10/21/2004,7.34,7.42,7.195,7.31,21816
10/22/2004,7.31,7.37,7.2,7.333,19011
10/25/2004,7.37,7.53,7.35,7.38,11188
10/26/2004,7.367,7.39,7.25,7.34,10998
10/27/2004,7.35,7.445,7.17,7.202,12427
10/28/2004,7.2,7.25,7.06,7.192,18231
10/29/2004,7.18,7.33,7.12,7.305,16411
11/01/2004,7.34,7.38,7.235,7.33,14016
11/02/2004,7.31,7.33,6.92,7.02,10618
11/03/2004,7.025,7.19,6.985,7.158,22638
11/04/2004,7.15,7.49,7.15,7.383,12985
11/05/2004,7.375,7.52,7.28,7.505,25836
11/08/2004,7.52,7.58,7.42,7.487,22888
11/09/2004,7.495,7.585,7.435,7.535,12143
11/10/2004,7.52,7.555,7.36,7.42,12491
11/11/2004,7.405,7.49,7.405,7.477,19197
11/12/2004,7.49,7.67,7.435,7.622,5714
11/15/2004,7.62,7.66,7.495,7.572,13787
11/16/2004,7.555,7.63,7.48,7.592,11215
11/17/2004,7.58,7.68,7.55,7.665,15847
11/18/2004,7.66,7.75,7.51,7.552,14957
11/19/2004,7.56,7.65,7.5,7.6,20760
11/22/2004,7.6,7.66,7.565,7.572,19944
11/23/2004,7.57,7.615,7.505,7.555,22669
11/24/2004,7.58,7.63,7.54,7.613,44161
11/29/2004,7.69,7.855,7.66,7.825,16371
11/30/2004,7.82,7.87,7.71,7.777,33716
12/01/2004,7.77,8.13,7.765,8.08,14021
12/02/2004,8.09,8.235,7.915,7.96,24614
12/03/2004,7.96,8.09,7.84,8.043,27586
12/06/2004,8.08,8.08,7.935,7.963,16471
12/07/2004,7.965,7.98,7.86,7.885,10002
12/08/2004,7.89,7.89,7.03,7.145,9668
12/09/2004,7.16,7.22,6.62,6.8,47336
12/10/2004,6.8,6.865,6.64,6.743,37254
12/13/2004,6.74,6.93,6.74,6.83,21247
12/14/2004,6.86,6.9,6.68,6.755,16907
12/15/2004,6.76,6.955,6.735,6.88,12537
12/16/2004,6.91,6.97,6.7,6.727,12537
12/17/2004,6.72,6.82,6.665,6.803,18477
12/20/2004,6.815,6.955,6.815,6.865,12668
12/21/2004,6.87,6.935,6.83,6.927,11941
12/22/2004,6.925,6.965,6.82,6.835,10392
12/23/2004,6.85,6.975,6.835,6.915,8752
12/27/2004,6.945,7.09,6.935,7.005,7646
12/28/2004,7.01,7.075,6.96,7.058,7799
12/29/2004,7.05,7.06,6.8,6.827,8046
12/30/2004,6.835,6.885,6.8,6.837,13225
01/03/2005,6.84,6.84,6.49,6.507,6132
01/04/2005,6.52,6.545,6.35,6.452,19991
01/05/2005,6.46,6.59,6.41,6.535,17663
01/06/2005,6.54,6.565,6.41,6.455,13661
01/07/2005,6.46,6.595,6.39,6.448,11649
01/10/2005,6.45,6.5,6.42,6.45,14731
01/11/2005,6.46,6.67,6.45,6.638,15321
01/12/2005,6.65,6.75,6.6,6.743,15636
01/13/2005,6.73,6.775,6.68,6.745,11199
01/14/2005,6.75,6.775,6.58,6.595,9538
01/18/2005,6.595,6.68,6.565,6.655,10999
01/19/2005,6.65,6.745,6.605,6.625,6862
01/20/2005,6.62,6.64,6.47,6.558,9257
01/21/2005,6.565,6.83,6.55,6.812,11443
01/24/2005,6.805,6.89,6.79,6.86,18683
01/25/2005,6.855,6.87,6.68,6.685,11313
01/26/2005,6.7,6.85,6.695,6.805,13788
01/27/2005,6.805,6.835,6.725,6.82,13012
01/28/2005,6.82,6.88,6.75,6.795,10336
01/31/2005,6.785,6.79,6.62,6.747,11423
02/01/2005,6.755,6.78,6.68,6.73,15136
02/02/2005,6.735,6.82,6.72,6.75,8882
02/03/2005,6.75,6.78,6.59,6.677,10309
02/04/2005,6.675,6.71,6.605,6.635,12199
02/07/2005,6.63,6.7,6.54,6.555,7565
02/08/2005,6.56,6.6,6.49,6.557,12409
02/09/2005,6.555,6.61,6.495,6.59,14302
02/10/2005,6.6,6.98,6.57,6.965,12628
02/11/2005,6.96,7.24,6.945,7.21,32050
02/14/2005,7.195,7.35,7.195,7.34,31652
02/15/2005,7.34,7.405,7.21,7.36,20569
02/16/2005,7.335,7.36,7.115,7.255,25507
02/17/2005,7.27,7.43,7.175,7.37,22660
02/18/2005,7.35,7.455,7.32,7.417,18627
02/22/2005,7.39,7.57,7.365,7.52,13424
02/23/2005,7.53,7.56,7.275,7.443,22798
02/24/2005,7.43,7.495,7.285,7.383,29180
02/25/2005,7.42,7.42,7.23,7.337,25059
02/28/2005,7.325,7.495,7.29,7.395,16876
03/01/2005,7.39,7.39,7.21,7.265,14041
03/02/2005,7.27,7.38,7.1,7.343,15122
03/03/2005,7.335,7.38,7.24,7.265,13153
03/04/2005,7.26,7.435,7.19,7.385,17192
03/07/2005,7.39,7.465,7.34,7.395,7750
03/08/2005,7.4,7.61,7.395,7.538,15706
03/09/2005,7.54,7.68,7.46,7.64,15382
03/10/2005,7.645,7.67,7.495,7.527,14527
03/11/2005,7.54,7.62,7.43,7.57,22602
03/14/2005,7.555,7.565,7.375,7.41,15889
03/15/2005,7.41,7.53,7.3,7.407,15760
03/16/2005,7.4,7.485,7.39,7.452,11974
03/17/2005,7.452,7.495,7.34,7.407,13469
03/18/2005,7.42,7.42,7.285,7.397,13579
03/21/2005,7.4,7.405,7.065,7.112,22391
03/22/2005,7.12,7.165,7.05,7.078,11498
03/23/2005,7.085,7.1,6.91,6.985,18824
03/24/2005,6.975,7.02,6.915,6.938,13211
03/28/2005,6.94,6.965,6.83,6.91,16257
03/29/2005,6.915,7.02,6.9,6.982,9292
03/30/2005,6.985,7.17,6.97,7.147,16738
03/31/2005,7.145,7.225,7.11,7.18,14257
04/01/2005,7.185,7.19,6.955,7,18145
04/04/2005,7,7.045,6.92,7.024,9507
04/05/2005,7.035,7.095,6.96,7.043,8571
04/06/2005,7.04,7.155,7.03,7.12,11009
04/07/2005,7.12,7.175,7.06,7.075,9239
04/08/2005,7.07,7.17,7.015,7.165,11805
04/11/2005,7.165,7.3,7.135,7.255,14608
04/12/2005,7.255,7.31,7.1,7.155,12994
04/13/2005,7.15,7.27,7.07,7.225,17064
04/14/2005,7.22,7.23,7.01,7.06,16290
04/15/2005,7.04,7.095,6.98,7.022,12329
04/18/2005,7.025,7.09,6.95,7.045,10849
04/19/2005,7.045,7.265,7.01,7.25,20576
04/20/2005,7.23,7.36,7.2,7.337,17951
04/21/2005,7.335,7.345,7.19,7.217,19875
04/22/2005,7.215,7.335,7.21,7.275,11455
04/25/2005,7.275,7.3,7.205,7.26,12136
04/26/2005,7.25,7.32,7.21,7.255,29634
04/27/2005,7.25,7.26,7.085,7.135,23717
04/28/2005,7.19,7.195,6.91,6.948,37673
04/29/2005,6.965,7.06,6.9,6.94,30152
05/02/2005,6.94,6.995,6.81,6.875,21304
05/03/2005,6.875,6.915,6.82,6.883,12694
05/04/2005,6.88,7.05,6.865,7.013,17056
05/05/2005,7.03,7.1,6.985,7.063,19884
05/06/2005,7.06,7.09,6.9,6.965,19042
05/09/2005,6.96,7.12,6.94,7.08,15507
05/10/2005,7.08,7.175,7.04,7.115,13712
05/11/2005,7.115,7.135,7.005,7.095,14126
05/12/2005,7.085,7.09,6.93,6.965,14262
05/13/2005,6.965,6.98,6.88,6.94,9273
05/16/2005,6.94,6.99,6.895,6.958,9485
05/17/2005,6.965,7.085,6.95,7.045,13678
05/18/2005,7.04,7.235,7.03,7.205,23174
05/19/2005,7.205,7.245,7.11,7.14,11730
05/20/2005,7.135,7.16,6.945,6.955,20492
05/23/2005,6.97,7.035,6.95,6.97,8222
05/24/2005,6.97,7.115,6.96,7.003,11012
05/25/2005,7.01,7.155,7,7.138,18518
05/26/2005,7.14,7.24,7.045,7.162,19437
05/27/2005,7.165,7.315,7.12,7.31,26597
05/30/2005,7.31,7.315,7.12,7.27,31063
05/31/2005,7.31,7.5,7.14,7.452,42252
06/01/2005,7.425,7.61,7.39,7.52,38286
06/02/2005,7.5,7.63,7.47,7.545,20364
06/03/2005,7.545,7.615,7.49,7.51,17456
06/06/2005,7.5,7.62,7.465,7.54,15884
06/07/2005,7.54,7.565,7.42,7.445,17111
06/08/2005,7.455,7.53,7.41,7.475,12585
06/09/2005,7.46,7.46,7.21,7.27,36870
06/10/2005,7.27,7.31,7.155,7.288,7701
06/13/2005,7.28,7.33,7.195,7.265,7988
06/14/2005,7.27,7.315,7.24,7.28,11761
06/15/2005,7.28,7.4,7.27,7.33,13546
06/16/2005,7.33,7.445,7.32,7.37,16443
06/17/2005,7.37,7.44,7.32,7.335,19195
06/20/2005,7.33,7.48,7.265,7.302,19527
06/21/2005,7.3,7.31,7.17,7.292,23633
06/22/2005,7.295,7.32,7.195,7.258,11203
06/23/2005,7.26,7.32,7.19,7.273,26491
06/24/2005,7.275,7.34,7.23,7.28,21018
06/27/2005,7.28,7.3,7.215,7.242,20660
06/28/2005,7.23,7.24,7.09,7.096,26755
06/29/2005,7.135,7.15,7.06,7.105,31136
06/30/2005,7.115,7.2,7.035,7.075,24356
07/01/2005,7.075,7.104,6.85,6.895,35971
07/05/2005,6.945,6.96,6.86,6.87,17229
07/06/2005,6.895,6.995,6.89,6.955,12983
07/07/2005,6.97,7.09,6.96,6.985,14393
07/08/2005,7,7.07,6.94,7.03,12963
07/11/2005,7.02,7.13,7.02,7.105,8917
07/12/2005,7.105,7.18,7.04,7.085,9413
07/13/2005,7.08,7.125,7.05,7.07,9633
07/14/2005,7.06,7.12,6.955,6.995,19266
07/15/2005,6.995,7.055,6.965,6.99,10351
07/18/2005,6.99,7.055,6.985,7.005,7364
07/19/2005,7.005,7.05,6.95,6.985,11116
07/20/2005,6.985,7.11,6.975,7.068,15152
07/21/2005,7.075,7.215,7.075,7.135,18850
07/22/2005,7.14,7.185,7.09,7.115,9649
07/25/2005,7.11,7.155,7.095,7.14,7119
07/26/2005,7.14,7.145,7.01,7.018,15684
07/27/2005,7.02,7.075,6.965,7.04,13129
07/28/2005,7.055,7.23,7.05,7.2,19586
07/29/2005,7.19,7.27,7.15,7.262,23774
08/01/2005,7.255,7.33,7.23,7.305,16252
08/02/2005,7.3,7.32,7.245,7.262,17587
08/03/2005,7.27,7.33,7.235,7.307,11795
08/04/2005,7.295,7.315,7.18,7.252,16848
08/05/2005,7.25,7.265,7.14,7.158,16890
08/08/2005,7.15,7.175,6.98,7.015,19531
08/09/2005,7.02,7.05,6.96,7.035,16277
08/10/2005,7.035,7.105,7.035,7.078,10862
08/11/2005,7.085,7.22,7.085,7.183,23530
08/12/2005,7.19,7.255,7.065,7.09,15845
08/15/2005,7.1,7.125,6.925,6.965,23832
08/16/2005,6.97,7.055,6.95,7.043,10203
08/17/2005,7.04,7.055,6.95,6.993,12589
08/18/2005,6.995,7.035,6.955,6.998,10963
08/19/2005,7.005,7.03,6.955,7.008,10489
08/22/2005,7.005,7.1,6.975,7.06,15270
08/23/2005,7.06,7.095,6.945,6.968,21110
08/24/2005,6.975,7.02,6.88,6.922,30082
08/25/2005,6.93,6.965,6.79,6.832,27629
08/26/2005,6.835,6.865,6.72,6.742,21726
08/29/2005,6.74,6.81,6.725,6.73,19598
08/30/2005,6.8,6.825,6.705,6.765,32960
08/31/2005,6.78,6.865,6.76,6.855,15717
09/01/2005,6.855,7.07,6.855,7.038,32726
09/02/2005,7.04,7.125,7.005,7.075,15211
09/06/2005,7.075,7.14,7.02,7.098,13777
09/07/2005,7.1,7.155,7.075,7.118,10610
09/08/2005,7.11,7.17,7.01,7.028,18056
09/09/2005,7.025,7.095,7,7.065,8560
09/12/2005,7.075,7.14,7.01,7.06,9537
09/13/2005,7.055,7.085,6.91,7.005,14529
09/14/2005,7.01,7.07,6.995,7.045,8870
09/15/2005,7.045,7.14,6.985,7.078,25517
09/16/2005,7.08,7.32,7.07,7.288,42853
09/19/2005,7.27,7.5,7.25,7.398,40409
09/20/2005,7.4,7.465,7.33,7.375,23508
09/21/2005,7.375,7.45,7.32,7.415,17027
09/22/2005,7.4,7.525,7.355,7.415,23599
09/23/2005,7.41,7.425,7.28,7.335,16536
09/26/2005,7.34,7.415,7.235,7.365,20535
09/27/2005,7.375,7.4,7.24,7.328,16471
09/28/2005,7.325,7.435,7.295,7.403,16843
09/29/2005,7.41,7.57,7.39,7.555,29391
09/30/2005,7.55,7.645,7.49,7.512,26707
10/03/2005,7.5,7.51,7.4,7.455,16761
10/04/2005,7.455,7.51,7.39,7.425,14476
10/05/2005,7.42,7.485,7.36,7.478,15977
10/06/2005,7.475,7.63,7.42,7.595,22420
10/07/2005,7.6,7.785,7.58,7.77,25910
10/10/2005,7.76,7.89,7.745,7.845,18852
10/11/2005,7.84,7.955,7.78,7.875,20455
10/12/2005,7.87,7.925,7.8,7.838,20280
10/13/2005,7.83,7.83,7.695,7.735,22014
10/14/2005,7.74,7.89,7.64,7.862,21829
10/17/2005,7.85,7.925,7.835,7.875,16719
10/18/2005,7.85,7.89,7.785,7.835,13742
10/19/2005,7.83,7.835,7.61,7.64,22741
10/20/2005,7.65,7.705,7.53,7.655,19301
10/21/2005,7.655,7.7,7.57,7.695,16088
10/24/2005,7.7,7.76,7.64,7.708,12005
10/25/2005,7.695,7.87,7.685,7.825,16404
10/26/2005,7.825,7.925,7.82,7.863,15047
10/27/2005,7.86,7.945,7.805,7.84,14300
10/28/2005,7.86,7.885,7.72,7.82,18849
10/31/2005,7.825,7.845,7.575,7.58,26460
11/01/2005,7.59,7.62,7.41,7.47,27989
11/02/2005,7.49,7.58,7.43,7.56,12618
11/03/2005,7.55,7.63,7.515,7.623,13572
11/04/2005,7.62,7.7,7.475,7.573,22631
11/07/2005,7.57,7.61,7.45,7.605,17920
11/08/2005,7.61,7.68,7.54,7.625,19922
11/09/2005,7.625,7.74,7.625,7.678,21143
11/10/2005,7.68,7.79,7.67,7.705,16702
11/11/2005,7.715,7.79,7.685,7.76,15016
11/14/2005,7.77,7.86,7.76,7.782,16434
11/15/2005,7.775,7.84,7.7,7.787,20805
11/16/2005,7.79,8.025,7.765,8.002,37547
11/17/2005,8.01,8.14,8,8.102,29413
11/18/2005,8.11,8.18,8.035,8.067,20450
11/21/2005,8.065,8.17,8.035,8.133,30539
11/22/2005,8.14,8.225,8.08,8.17,38126
11/23/2005,8.175,8.21,8.035,8.13,26385
11/28/2005,8.15,8.375,8.11,8.353,23826
11/29/2005,8.46,8.475,8.335,8.405,28692
11/30/2005,8.395,8.41,8.275,8.385,17372
12/01/2005,8.38,8.62,8.29,8.602,25305
12/02/2005,8.61,8.72,8.545,8.647,16351
12/05/2005,8.65,8.745,8.63,8.735,13883
12/06/2005,8.73,8.85,8.6,8.792,19598
12/07/2005,8.795,8.985,8.775,8.877,21869
12/08/2005,8.875,9,8.785,8.99,17695
12/09/2005,9,9.14,8.985,9.095,19273
12/12/2005,9.09,9.345,8.73,8.882,34517
12/13/2005,8.91,8.95,8.515,8.585,34012
12/14/2005,8.595,8.64,8.42,8.465,23880
12/15/2005,8.465,8.72,8.38,8.635,20733
12/16/2005,8.63,8.725,8.52,8.6,15186
12/19/2005,8.625,8.75,8.535,8.645,10898
12/20/2005,8.645,8.71,8.35,8.395,18858
12/21/2005,8.385,8.45,8.29,8.435,2592
12/22/2005,8.43,8.6,8.43,8.578,10008
12/23/2005,8.555,8.695,8.555,8.645,8311
12/27/2005,8.65,8.82,8.64,8.812,9628
12/28/2005,8.815,9.015,8.785,8.935,16192
12/29/2005,8.925,9.03,8.74,8.882,14387
12/30/2005,8.885,8.99,8.83,8.89,8851
01/03/2006,8.895,9.18,8.895,9.16,19910
01/04/2006,9.165,9.305,9.01,9.17,24137
01/05/2006,9.19,9.215,8.76,8.872,27618
01/06/2006,8.865,9.19,8.785,9.173,22590
01/09/2006,9.17,9.295,9.015,9.283,21222
01/10/2006,9.29,9.305,8.915,9.015,23025
01/11/2006,9.03,9.115,8.855,9.065,214416
01/12/2006,9.085,9.11,8.93,9.06,13997
01/13/2006,9.065,9.27,8.97,9.165,15661
01/17/2006,9.16,9.355,9.035,9.073,17756
01/18/2006,9.065,9.125,8.79,8.873,23723
01/19/2006,8.84,9.12,8.8,9.108,17154
01/20/2006,9.11,9.275,8.85,8.93,31963
01/23/2006,8.935,9.08,8.855,9.073,19131
01/24/2006,9.07,9.26,8.945,9.228,29554
01/25/2006,9.24,9.54,9.21,9.51,28547
01/26/2006,9.51,9.665,9.43,9.605,27839
01/27/2006,9.605,9.8,9.55,9.605,27200
01/30/2006,9.595,9.81,9.575,9.775,16791
01/31/2006,9.795,9.95,9.78,9.885,22272
02/01/2006,9.875,9.88,9.68,9.795,25512
02/02/2006,9.795,9.945,9.73,9.877,20656
02/03/2006,9.86,9.92,9.695,9.76,19604
02/06/2006,9.745,9.89,9.72,9.758,13478
02/07/2006,9.755,9.8,9.365,9.41,31783
02/08/2006,9.4,9.5,9.275,9.44,23811
02/09/2006,9.44,9.67,9.425,9.66,18369
02/10/2006,9.65,9.715,9.28,9.38,28660
02/13/2006,9.38,9.47,9.085,9.118,26376
02/14/2006,9.1,9.34,9.055,9.315,20453
02/15/2006,9.325,9.405,9.07,9.215,25136
02/16/2006,9.195,9.38,9.1,9.37,22752
02/17/2006,9.36,9.505,9.32,9.42,25297
02/21/2006,9.4,9.575,9.4,9.545,19524
02/22/2006,9.555,9.635,9.425,9.575,30013
02/23/2006,9.575,9.61,9.45,9.467,220
02/24/2006,9.49,9.75,9.46,9.733,29220
02/27/2006,9.765,9.83,9.61,9.695,25393
02/28/2006,9.695,9.845,9.65,9.805,16136
03/01/2006,9.8,9.88,9.745,9.79,17660
03/02/2006,9.78,10.225,9.76,10.208,29882
03/03/2006,10.195,10.33,10.12,10.235,19758
03/06/2006,10.22,10.295,9.92,10.025,23169
03/07/2006,10.035,10.12,9.97,10.107,19848
03/08/2006,10.09,10.12,9.67,9.845,28176
03/09/2006,9.825,10.09,9.765,9.97,22064
03/10/2006,9.97,10,9.75,9.96,17351
03/13/2006,9.945,10.17,9.925,10.157,11399
03/14/2006,10.16,10.26,10.075,10.245,12489
03/15/2006,10.245,10.395,10.215,10.35,19109
03/16/2006,10.35,10.385,10.13,10.342,21386
03/17/2006,10.35,10.46,10.3,10.365,14445
03/20/2006,10.375,10.435,10.26,10.362,11636
03/21/2006,10.35,10.58,10.155,10.565,32305
03/22/2006,10.54,10.6,10.475,10.495,15631
03/23/2006,10.51,10.7,10.41,10.69,22925
03/24/2006,10.685,10.77,10.645,10.735,16983
03/27/2006,10.745,10.94,10.72,10.895,20324
03/28/2006,10.88,10.94,10.79,10.87,17807
03/29/2006,10.86,11.13,10.745,11.115,21971
03/30/2006,11.1,11.715,11.1,11.66,41958
03/31/2006,11.67,11.94,11.375,11.52,34938
04/03/2006,11.49,11.815,11.47,11.765,22667
04/04/2006,11.76,11.81,11.645,11.73,15781
04/05/2006,11.71,11.79,11.555,11.705,20478
04/06/2006,11.7,12.08,11.69,12.045,23792
04/07/2006,12.045,12.195,11.94,12.07,26901
04/10/2006,12.05,12.61,12.05,12.56,26084
04/11/2006,12.58,13.01,12.48,12.6,38211
04/12/2006,12.6,12.79,12.43,12.663,25337
04/13/2006,12.67,12.9,12.51,12.855,19361
04/17/2006,12.88,13.38,12.845,13.365,27139
04/18/2006,13.365,13.82,13.33,13.785,33905
04/19/2006,13.815,14.575,13.81,14.522,7651
04/20/2006,14.555,14.69,12.2,12.525,58457
04/21/2006,12.395,13.03,11.6,12.965,42177
04/24/2006,13.03,13.32,11.7,11.775,30601
04/25/2006,11.795,12.65,11.69,12.56,28157
04/26/2006,12.55,12.9,12.35,12.815,29501
04/27/2006,12.98,13.25,12.315,12.59,30983
04/28/2006,12.6,14,12.54,13.63,34365
05/01/2006,13.69,14.13,13.55,13.965,18704
05/02/2006,13.97,14.26,13.745,14.21,25358
05/03/2006,14.195,14.52,13.2,13.795,28980
05/04/2006,13.79,14.23,13.485,13.825,22238
05/05/2006,13.82,14.14,13.67,13.89,13242
05/08/2006,13.895,14.11,13.44,13.77,19969
05/09/2006,13.79,14.53,13.655,14.465,26034
05/10/2006,14.46,14.58,14,14.28,18988
05/11/2006,14.285,15.2,14.15,14.935,31413
05/12/2006,14.91,15.025,14.1,14.235,24638
05/15/2006,14.25,14.46,13.05,13.335,20367
05/16/2006,13.28,13.57,12.82,13.54,18004
05/17/2006,13.565,13.98,12.82,13.24,22881
05/18/2006,13.17,13.28,12.5,12.52,19899
05/19/2006,12.525,12.79,12.08,12.36,23134
05/22/2006,12.415,12.57,11.88,12.43,14669
05/23/2006,12.43,13.195,12.205,13.17,20603
05/24/2006,13.17,13.18,12.42,12.515,17331
05/25/2006,12.48,12.77,12.34,12.6,14620
05/26/2006,12.615,12.74,12.42,12.73,11182
05/30/2006,12.715,13.36,12.66,13.07,17201
05/31/2006,13.03,13.125,12.28,12.455,20852
06/01/2006,12.48,12.58,11.55,11.905,22286
06/02/2006,11.93,12.26,11.75,12.085,12098
06/05/2006,12.09,12.39,12.05,12.295,8417
06/06/2006,12.295,12.295,11.58,11.845,16209
06/07/2006,11.845,11.93,11.35,11.89,19810
06/08/2006,11.9,11.97,11.05,11.075,22416
06/09/2006,11.105,11.51,11.06,11.21,15269
06/12/2006,11.225,11.285,10.96,11.065,15808
06/13/2006,11.045,11.085,9.6,9.625,35529
06/14/2006,9.63,10.06,9.45,9.735,19333
06/15/2006,9.65,10.24,9.5,9.97,19036
06/16/2006,9.96,10.37,9.77,10.13,13562
06/19/2006,10.15,10.27,9.82,9.97,7134
06/20/2006,9.95,10.28,9.785,10.27,12296
06/21/2006,10.25,10.48,10.12,10.42,14836
06/22/2006,10.445,10.655,10.16,10.21,13188
06/23/2006,10.205,10.32,9.96,10.285,13339
06/26/2006,10.28,10.37,10.02,10.24,15657
06/27/2006,10.18,10.62,10.18,10.195,24442
06/28/2006,10.21,10.32,10.05,10.155,22300
06/29/2006,10.24,10.6,10.215,10.42,18095
06/30/2006,10.4,11.13,10.4,10.92,15149
07/03/2006,10.99,11.09,10.96,10.92,21349
07/05/2006,11.29,11.46,11.2,11.415,11652
07/06/2006,11.4,11.64,11.26,11.585,8059
07/07/2006,11.58,11.62,11.33,11.405,9602
07/10/2006,11.4,11.41,10.93,11.11,10566
07/11/2006,11.08,11.6,11.03,11.55,11113
07/12/2006,11.535,11.82,11.35,11.555,16678
07/13/2006,11.545,11.745,11.37,11.485,10905
07/14/2006,11.53,11.76,11.5,11.53,10740
07/17/2006,11.56,11.775,11.05,11.09,14262
07/18/2006,11.07,11.22,10.48,10.525,15983
07/19/2006,10.53,11.19,10.465,11.125,16316
07/20/2006,11.13,11.35,11,11.065,11739
07/21/2006,11.05,11.31,10.76,10.845,14085
07/24/2006,10.835,10.96,10.68,10.92,10931
07/25/2006,10.89,11.08,10.8,10.945,8851
07/26/2006,10.955,11.11,10.87,11.08,8683
07/27/2006,11.08,11.52,11.08,11.39,14095
07/28/2006,11.39,11.455,11.32,11.365,5966
07/31/2006,11.37,11.58,11.25,11.37,12656
08/01/2006,11.4,11.81,11.33,11.74,13324
08/02/2006,11.75,12.29,11.75,12.245,21213
08/03/2006,12.24,12.27,12.01,12.09,12729
08/04/2006,12.085,12.65,12.06,12.485,13561
08/07/2006,12.43,12.54,12.18,12.265,10568
08/08/2006,12.26,12.39,12.11,12.26,12479
08/09/2006,12.26,12.665,11.985,12.57,15696
08/10/2006,12.56,12.7,12.07,12.105,15208
08/11/2006,12.11,12.39,11.77,11.885,14629
08/14/2006,11.92,12.24,11.75,12.16,9231
08/15/2006,12.16,12.16,11.85,12.085,8236
08/16/2006,12.08,12.44,12.07,12.285,10873
08/17/2006,12.29,12.42,11.98,11.995,12578
08/18/2006,11.98,12.14,11.86,12.03,10305
08/21/2006,12.03,12.45,12.03,12.345,11545
08/22/2006,12.35,12.435,12.03,12.265,10606
08/23/2006,12.265,12.68,12.2,12.515,17142
08/24/2006,12.495,12.605,12.28,12.31,15993
08/25/2006,12.33,12.445,12.2,12.37,13648
08/28/2006,12.38,12.465,11.96,12.025,16550
08/29/2006,12.03,12.2,11.85,12.15,18431
08/30/2006,12.32,12.68,12.32,12.67,22439
08/31/2006,12.67,13.08,12.62,13.03,16094
09/01/2006,13.02,13.1,12.825,13.07,9388
09/05/2006,13.09,13.37,13.035,13.14,13917
09/06/2006,13.145,13.35,13.05,13.2,13069
09/07/2006,13.2,13.25,12.51,12.695,16842
09/08/2006,12.72,12.8,12.09,12.295,14084
09/11/2006,12.29,12.32,11.2,11.24,24314
09/12/2006,11.28,11.52,11.11,11.14,13660
09/13/2006,11.155,11.42,10.99,11.2,14211
09/14/2006,11.23,11.515,10.88,10.95,16839
09/15/2006,10.94,11.05,10.55,10.875,14686
09/18/2006,10.88,11.32,10.85,11.29,11571
09/19/2006,11.3,11.32,10.91,10.945,11743
09/20/2006,10.945,11.255,10.815,11.14,9840
09/21/2006,11.135,11.29,10.92,11.245,8656
09/22/2006,11.26,11.49,11.165,11.31,9141
09/25/2006,11.305,11.37,11.13,11.325,7794
09/26/2006,11.32,11.58,11.18,11.495,12684
09/27/2006,11.48,11.82,11.44,11.7,9573
09/28/2006,11.73,11.86,11.615,11.735,8517
09/29/2006,11.71,11.75,11.32,11.54,9140
10/02/2006,11.55,11.835,11.52,11.64,8369
10/03/2006,11.64,11.65,11.01,11.045,10747
10/04/2006,10.98,11.06,10.65,10.795,14153
10/05/2006,10.825,11.22,10.73,11.07,8046
10/06/2006,11.09,11.21,10.87,11.175,7217
10/09/2006,11.175,11.55,11.16,11.42,6259
10/10/2006,11.405,11.495,11.15,11.22,7905
10/11/2006,11.24,11.54,11.13,11.33,9548
10/12/2006,11.32,11.455,11.2,11.38,6265
10/13/2006,11.39,11.725,11.33,11.68,8555
10/16/2006,11.69,11.95,11.65,11.91,10712
10/17/2006,11.905,11.98,11.63,11.78,12156
10/18/2006,11.78,11.98,11.74,11.82,8860
10/19/2006,11.83,12.17,11.66,12.16,13420
10/20/2006,12.155,12.17,11.89,11.965,7137
10/23/2006,11.975,11.98,11.65,11.67,8191
10/24/2006,11.675,11.895,11.35,11.85,14293
10/25/2006,11.835,11.995,11.735,11.89,7508
10/26/2006,11.895,12.28,11.885,12.24,17183
10/27/2006,12.23,12.24,12.04,12.08,6780
10/30/2006,12.095,12.295,12.07,12.25,8334
10/31/2006,12.22,12.31,11.98,12.27,14637
11/01/2006,12.285,12.59,12.285,12.475,14358
11/02/2006,12.515,12.67,12.385,12.65,10636
11/03/2006,12.655,12.73,12.36,12.635,9479
11/06/2006,12.65,12.8,12.52,12.76,10171
11/07/2006,12.695,12.77,12.58,12.675,12245
11/08/2006,12.67,12.74,12.52,12.55,12037
11/09/2006,12.51,13.09,12.44,13.05,13692
11/10/2006,13.065,13.22,12.88,13.115,14337
11/13/2006,13.07,13.155,12.715,12.885,12709
11/14/2006,12.9,13.05,12.75,12.89,12727
11/15/2006,12.88,12.97,12.5,12.945,14112
11/16/2006,12.94,13.17,12.885,12.945,13419
11/17/2006,12.9,12.925,12.6,12.8,13402
11/20/2006,12.82,13,12.73,12.74,10637
11/21/2006,12.76,13.1,12.73,13.085,18970
11/22/2006,13.09,13.25,13,13.04,1087
11/24/2006,13.07,13.495,13.045,13.04,15472
11/27/2006,13.45,13.585,13.435,13.49,26307
11/28/2006,13.505,13.66,13.42,13.62,19892
11/29/2006,13.79,14,13.73,13.76,19351
11/30/2006,13.76,14.19,13.725,14.115,12348
12/01/2006,14.1,14.25,14.03,14.19,8356
12/04/2006,14.195,14.29,14.13,14.245,10099
12/05/2006,14.275,14.37,14,14.025,15140
12/06/2006,13.96,14.01,13.75,13.795,15609
12/07/2006,13.75,14.07,13.61,14.035,15519
12/08/2006,14.055,14.16,13.8,13.895,15510
12/11/2006,13.82,14.045,13.725,14.025,9573
12/12/2006,14.005,14.06,13.94,13.98,8322
12/13/2006,14.025,14.035,13.725,13.915,11655
12/14/2006,13.95,14.03,13.88,13.95,8134
12/15/2006,13.93,13.98,12.905,12.98,26672
12/18/2006,12.985,13.145,12.4,12.525,27700
12/19/2006,12.625,12.85,12.45,12.71,22515
12/20/2006,12.79,12.905,12.48,12.645,13461
12/21/2006,12.615,12.705,12.455,12.49,9648
12/22/2006,12.5,12.705,12.48,12.635,5687
12/26/2006,12.705,12.9,12.705,12.725,7445
12/27/2006,12.79,12.985,12.74,12.925,7499
12/28/2006,12.875,12.99,12.86,12.94,7046
12/29/2006,12.945,13.015,12.86,12.935,3359
01/02/2007,12.965,13.2,12.965,12.935,5401
01/03/2007,13.28,13.28,12.6,12.67,25558
01/04/2007,12.665,12.93,12.485,12.835,16756
01/05/2007,12.71,12.835,12.1,12.23,25688
01/08/2007,12.27,12.425,12.095,12.36,11939
01/09/2007,12.38,12.62,12.265,12.595,13248
01/10/2007,12.59,12.59,12.27,12.445,14642
01/11/2007,12.43,12.625,12.38,12.46,11570
01/12/2007,12.4,12.96,12.38,12.88,17908
01/16/2007,12.91,13.035,12.61,12.625,17016
01/17/2007,12.62,12.995,12.43,12.89,18845
01/18/2007,12.9,13.045,12.655,12.685,14050
01/19/2007,12.73,12.94,12.7,12.92,10419
01/22/2007,12.92,13.215,12.83,13,20194
01/23/2007,12.98,13.33,12.95,13.26,16240
01/24/2007,13.32,13.345,13.095,13.273,15902
01/25/2007,13.3,13.6,13.245,13.49,19591
01/26/2007,13.35,13.51,13.21,13.375,14654
01/29/2007,13.42,13.5,13.21,13.25,14506
01/30/2007,13.23,13.44,13.11,13.375,12118
01/31/2007,13.385,13.7,13.27,13.57,22977
02/01/2007,13.595,13.835,13.57,13.725,16399
02/02/2007,13.72,13.755,13.255,13.375,23006
02/05/2007,13.44,13.59,13.33,13.56,12133
02/06/2007,13.525,13.89,13.46,13.675,14853
02/07/2007,13.675,13.81,13.63,13.71,20910
02/08/2007,13.665,13.89,13.51,13.77,17791
02/09/2007,13.845,13.97,13.775,13.915,15887
02/12/2007,13.98,13.985,13.515,13.715,19357
02/13/2007,13.67,14,13.66,13.915,20616
02/14/2007,13.915,14.13,13.865,13.965,17065
02/15/2007,14.06,14.085,13.83,13.962,20645
02/16/2007,14.01,14.05,13.84,13.99,13069
02/20/2007,14,14.075,13.68,13.83,23550
02/21/2007,13.85,14.37,13.72,14.273,34448
02/22/2007,14.225,14.365,14.16,14.25,29964
02/23/2007,14.22,14.66,14.19,14.595,38451
02/26/2007,14.59,14.715,14.495,14.69,29819
02/27/2007,14.86,14.86,14.415,14.69,43320
02/28/2007,14.35,14.56,14.12,14.235,25145
03/01/2007,14.24,14.465,13.51,13.65,33814
03/02/2007,13.735,13.85,12.8,12.96,42687
03/05/2007,13.04,13.055,12.49,12.75,37454
03/06/2007,12.765,13.065,12.67,12.985,21875
03/07/2007,13.02,13.145,12.89,13.105,19707
03/08/2007,13.06,13.235,13.015,13.12,17008
03/09/2007,13.07,13.2,12.795,12.97,18734
03/12/2007,13.005,13.16,12.92,13.085,13896
03/13/2007,13.13,13.13,12.88,12.96,18358
03/14/2007,12.85,12.92,12.675,12.83,21037
03/15/2007,12.93,13.19,12.915,13.075,17636
03/16/2007,13.075,13.27,13.055,13.215,14536
03/19/2007,13.175,13.295,13.115,13.233,11153
03/20/2007,13.25,13.485,13.22,13.37,13782
03/21/2007,13.37,13.445,13.21,13.32,14876
03/22/2007,13.445,13.575,13.41,13.48,15653
03/23/2007,13.5,13.5,13.15,13.227,18866
03/26/2007,13.275,13.46,13.25,13.41,11945
03/27/2007,13.425,13.48,13.23,13.28,12547
03/28/2007,13.365,13.545,13.33,13.455,17534
03/29/2007,13.43,13.43,13.18,13.34,17744
03/30/2007,13.33,13.475,13.325,13.45,13557
04/02/2007,13.465,13.495,13.02,13.35,25692
04/03/2007,13.315,13.54,13.275,13.43,18925
04/04/2007,13.42,13.7,13.42,13.62,23198
04/05/2007,13.68,13.77,13.6,13.74,15567
04/09/2007,13.715,13.92,13.675,13.81,19427
04/10/2007,13.77,14.05,13.755,13.93,20432
04/11/2007,13.92,14.065,13.75,13.89,20225
04/12/2007,13.885,13.975,13.695,13.855,23294
04/13/2007,13.885,14.17,13.87,14.09,21019
04/16/2007,14.105,14.16,13.82,14.08,19795
04/17/2007,14.065,14.11,13.9,14.02,14993
04/18/2007,13.93,14.09,13.88,13.975,17519
04/19/2007,14,14.06,13.55,13.735,26973
04/20/2007,13.7,14.01,13.69,13.955,21227
04/23/2007,13.955,14.11,13.86,14.05,24695
04/24/2007,14.05,14.09,13.71,13.782,34900
04/25/2007,13.77,13.89,13.73,13.765,26627
04/26/2007,13.8,13.84,13.175,13.325,47375
04/27/2007,13.455,13.69,13.365,13.575,26680
04/30/2007,13.66,13.685,13.525,13.575,13299
05/01/2007,13.515,13.585,13.205,13.37,25420
05/02/2007,13.385,13.48,13.13,13.335,21845
05/03/2007,13.33,13.56,13.3,13.51,18188
05/04/2007,13.52,13.705,13.455,13.53,16389
05/07/2007,13.55,13.695,13.54,13.64,7277
05/08/2007,13.62,13.665,13.405,13.6,17866
05/09/2007,13.59,13.62,13.285,13.47,18184
05/10/2007,13.495,13.5,13.09,13.14,25956
05/11/2007,13.105,13.4,13.025,13.305,20213
05/14/2007,13.245,13.345,13.125,13.235,13046
05/15/2007,13.23,13.36,13.08,13.315,15097
05/16/2007,13.3,13.3,12.88,12.93,20970
05/17/2007,12.99,13.015,12.76,12.883,21812
05/18/2007,12.91,13.08,12.84,13.003,17911
05/21/2007,13.03,13.175,12.9,13.13,13993
05/22/2007,13.13,13.2,12.98,12.99,11549
05/23/2007,13.01,13.2,12.955,13.105,13190
05/24/2007,13.1,13.15,12.835,12.92,16681
05/25/2007,12.895,13.035,12.895,13,7385
05/29/2007,13.03,13.34,12.955,13.223,21873
05/30/2007,13.2,13.25,13.085,13.22,12703
05/31/2007,13.23,13.58,13.215,13.47,22932
06/01/2007,13.495,13.765,13.48,13.74,21302
06/04/2007,13.73,13.85,13.685,13.745,16577
06/05/2007,13.755,13.87,13.72,13.812,15947
06/06/2007,13.815,13.86,13.645,13.717,22037
06/07/2007,13.735,13.82,13.43,13.48,28721
06/08/2007,13.475,13.55,12.97,13.04,34956
06/11/2007,13.11,13.295,13.09,13.275,13840
06/12/2007,13.25,13.27,13.02,13.09,18870
06/13/2007,13.035,13.2,12.845,13.06,26370
06/14/2007,13.135,13.23,12.97,13.165,17295
06/15/2007,13.15,13.275,13.065,13.26,13720
06/18/2007,13.235,13.395,13.2,13.235,17224
06/19/2007,13.215,13.36,13.115,13.325,14696
06/20/2007,13.35,13.415,13.22,13.25,19343
06/21/2007,13.185,13.265,12.965,13.09,29017
06/22/2007,13.115,13.19,12.99,13.02,21777
06/25/2007,13.045,13.07,12.81,12.877,31223
06/26/2007,12.86,12.9,12.135,12.28,59922
06/27/2007,12.245,12.36,12.125,12.21,35835
06/28/2007,12.415,12.59,12.385,12.505,28762
06/29/2007,12.58,12.675,12.355,12.473,16747
07/02/2007,12.51,12.755,12.51,12.74,15785
07/03/2007,12.735,12.785,12.56,12.685,12593
07/05/2007,12.715,12.78,12.495,12.58,13882
07/06/2007,12.57,12.865,12.42,12.757,21196
07/09/2007,12.83,12.965,12.765,12.82,14685
07/10/2007,12.8,13.085,12.79,12.975,17059
07/11/2007,12.985,13.09,12.915,12.975,15162
07/12/2007,12.99,13.225,12.955,13.18,19892
07/13/2007,13.18,13.235,13.075,13.11,13229
07/16/2007,13.125,13.175,13.015,13.065,9558
07/17/2007,13.03,13.14,12.925,13.018,11919
07/18/2007,12.99,13.35,12.965,13.29,22963
07/19/2007,13.285,13.4,13.245,13.375,14509
07/20/2007,13.335,13.5,13.3,13.403,16855
07/23/2007,13.4,13.48,13.31,13.33,11749
07/24/2007,13.33,13.59,13.265,13.443,18097
07/25/2007,13.325,13.355,13.105,13.15,18076
07/26/2007,13.18,13.235,12.755,12.95,38262
07/27/2007,12.88,13.005,12.65,12.715,21307
07/30/2007,12.7,12.92,12.685,12.903,12182
07/31/2007,12.955,13.09,12.905,13.017,16214
08/01/2007,12.91,13.075,12.74,12.955,23224
08/02/2007,13.055,13.085,12.955,12.995,10807
08/03/2007,13.01,13.2,12.985,13.158,18577
08/06/2007,13.15,13.205,12.96,13.033,15575
08/07/2007,13.01,13.17,12.925,13.095,19157
08/08/2007,13.125,13.25,13.05,13.17,18662
08/09/2007,13.145,13.165,12.625,12.705,37041
08/10/2007,12.685,13.06,12.605,12.87,31522
08/13/2007,12.89,12.92,12.75,12.855,12287
08/14/2007,12.82,12.91,12.71,12.748,19089
08/15/2007,12.725,12.765,12.335,12.555,32182
08/16/2007,12.5,12.56,11.06,11.495,23373
08/17/2007,11.765,12.015,11.49,11.8,36222
08/20/2007,11.795,11.975,11.62,11.735,22653
08/21/2007,11.76,11.84,11.455,11.51,27424
08/22/2007,11.565,11.79,11.52,11.565,22939
08/23/2007,11.645,11.895,11.62,11.64,25524
08/24/2007,11.725,12.005,11.58,11.94,24384
08/27/2007,11.95,11.99,11.73,11.765,18150
08/28/2007,11.74,11.905,11.675,11.765,26731
08/29/2007,11.745,11.925,11.705,11.845,24849
08/30/2007,12.075,12.075,11.89,11.96,20618
08/31/2007,11.945,12.275,11.93,12.23,13132
09/04/2007,12.26,12.515,12.16,12.448,19245
09/05/2007,12.43,12.46,12.265,12.355,10757
09/06/2007,12.375,12.67,12.35,12.533,25532
09/07/2007,12.585,12.845,12.53,12.76,26812
09/10/2007,12.69,12.86,12.56,12.7,18337
09/11/2007,12.69,12.95,12.635,12.835,21043
09/12/2007,12.84,12.925,12.645,12.793,22663
09/13/2007,12.765,12.8,12.49,12.68,19812
09/14/2007,12.67,12.935,12.585,12.705,19937
09/17/2007,12.68,12.98,12.675,12.9,15966
09/18/2007,12.945,13.14,12.825,12.925,26012
09/19/2007,13.12,13.24,13.03,13.105,21594
09/20/2007,13.085,13.64,13.035,13.47,39732
09/21/2007,13.5,13.8,13.435,13.62,29044
09/24/2007,13.65,13.87,13.535,13.64,23975
09/25/2007,13.59,13.64,13.325,13.62,23275
09/26/2007,13.61,13.745,13.465,13.545,22717
09/27/2007,13.52,13.73,13.48,13.645,15754
09/28/2007,13.67,14,13.625,13.92,27226
10/01/2007,13.935,13.99,13.76,13.855,16361
10/02/2007,13.85,13.86,13.18,13.45,34170
10/03/2007,13.455,13.595,13.35,13.47,18882
10/04/2007,13.43,13.53,13.15,13.5,23612
10/05/2007,13.49,13.63,13.31,13.49,22948
10/08/2007,13.52,13.545,13.325,13.36,9978
10/09/2007,13.345,13.68,13.25,13.583,22088
10/10/2007,13.61,13.79,13.585,13.668,14212
10/11/2007,13.675,14.03,13.65,13.985,23465
10/12/2007,13.865,13.995,13.795,13.903,15372
10/15/2007,13.915,14.12,13.83,13.855,22042
10/16/2007,13.88,14.09,13.6,13.658,31034
10/17/2007,13.695,13.915,13.61,13.75,25008
10/18/2007,13.735,13.895,13.695,13.803,18313
10/19/2007,13.885,13.995,13.365,13.635,35304
10/22/2007,13.64,13.67,13.325,13.555,23284
10/23/2007,13.505,13.72,13.505,13.65,14224
10/24/2007,13.66,13.68,13.45,13.59,18301
10/25/2007,13.645,14.095,13.615,13.905,31584
10/26/2007,13.955,14.32,13.95,14.28,27666
10/29/2007,14.305,14.54,14.29,14.43,29958
10/30/2007,14.57,14.645,14.195,14.328,24426
10/31/2007,14.22,14.55,14.18,14.438,24083
11/01/2007,14.55,14.605,13.98,14.325,39816
11/02/2007,14.135,14.735,14.13,14.599,31524
11/05/2007,14.655,14.88,14.46,14.785,26032
11/06/2007,14.765,15.54,14.695,15.38,47119
11/07/2007,15.645,16.275,15.25,15.325,66998
11/08/2007,15.335,15.865,14.86,15.515,50883
11/09/2007,15.46,15.695,15.07,15.545,35277
11/12/2007,15.47,15.5,14.56,14.762,47720
11/13/2007,14.465,14.94,14.4,14.61,30548
11/14/2007,14.615,15.155,14.615,15.065,30347
11/15/2007,15.035,15.155,14.34,14.482,36165
11/16/2007,14.43,14.745,14.365,14.51,27565
11/19/2007,14.52,14.67,14.1,14.16,31877
11/20/2007,14.24,14.835,14.105,14.5,40956
11/21/2007,14.695,14.825,14.325,14.42,27887
11/23/2007,14.445,14.905,14.395,14.735,21690
11/26/2007,14.795,15.02,14.585,14.83,43678
11/27/2007,14.715,14.8,14.3,14.485,43464
11/28/2007,14.45,14.54,14.12,14.335,43813
11/29/2007,14.6,14.705,14.35,14.445,30110
11/30/2007,14.36,14.455,13.965,14.165,29813
12/03/2007,14.16,14.395,13.96,14.21,19156
12/04/2007,14.315,14.57,14.185,14.465,20642
12/05/2007,14.51,14.58,14.28,14.46,16834
12/06/2007,14.435,14.72,14.125,14.625,26790
12/07/2007,14.645,14.705,14.395,14.505,17013
12/10/2007,14.545,14.9,14.5,14.85,21322
12/11/2007,14.835,14.975,14.71,14.865,15604
12/12/2007,14.61,14.97,14.61,14.825,19879
12/13/2007,14.815,14.85,14.1,14.237,33014
12/14/2007,14.235,14.35,13.87,13.983,28944
12/17/2007,13.975,14.12,13.65,13.98,14584
12/18/2007,13.985,14.28,13.93,14.165,17058
12/19/2007,14.175,14.29,14.09,14.222,11892
12/20/2007,14.27,14.45,14.08,14.34,18688
12/21/2007,14.37,14.58,14.32,14.488,12046
12/24/2007,14.51,14.72,14.455,14.66,4790
12/26/2007,14.7,14.9,14.56,14.835,9312
12/27/2007,14.8,14.905,14.645,14.818,13850
12/28/2007,14.82,14.99,14.73,14.895,12933
12/31/2007,14.895,15.08,14.81,14.92,10952
01/02/2008,14.91,15.415,14.91,15.29,26487
01/03/2008,15.35,15.535,15.165,15.5,26044
01/04/2008,15.455,15.57,15.24,15.462,22544
01/07/2008,15.4,15.48,15.2,15.29,19486
01/08/2008,15.27,15.85,15.255,15.815,28581
01/09/2008,15.795,16.27,15.645,15.84,36840
01/10/2008,15.78,16.355,15.415,16.275,41021
01/11/2008,16.27,16.415,16.05,16.37,25709
01/14/2008,16.385,16.715,16.25,16.425,33525
01/15/2008,16.44,16.64,16.02,16.3,36444
01/16/2008,15.985,16.25,15.77,15.895,43860
01/17/2008,15.87,16.175,15.82,16.01,25634
01/18/2008,15.92,16.42,15.715,16.215,28011
01/22/2008,16.22,16.295,15.255,16.105,52644
01/23/2008,16.135,16.25,15.765,15.97,36251
01/24/2008,16.12,16.525,16.005,16.333,32461
01/25/2008,16.49,16.68,16.36,16.49,20320
01/28/2008,16.53,16.795,16.415,16.75,22956
01/29/2008,16.765,16.905,16.57,16.8,18872
01/30/2008,16.76,16.9,16.645,16.76,19642
01/31/2008,16.86,17.09,16.735,16.995,29420
02/01/2008,16.945,17.345,16.765,16.87,36368
02/04/2008,16.87,16.975,16.445,16.78,27792
02/05/2008,16.73,16.785,16.3,16.345,28053
02/06/2008,16.38,16.7,16.23,16.55,25832
02/07/2008,16.53,16.9,16.5,16.775,28036
02/08/2008,16.84,17.26,16.785,17.11,22185
02/11/2008,17.23,17.595,17.135,17.47,34933
02/12/2008,17.5,17.65,17.16,17.25,32824
02/13/2008,17.19,17.4,16.95,17.353,31650
02/14/2008,17.31,17.52,17.15,17.255,26563
02/15/2008,17.245,17.52,16.975,17.118,36205
02/19/2008,17.095,17.6,16.965,17.508,32166
02/20/2008,17.565,17.79,17.205,17.76,40485
02/21/2008,17.83,18.075,17.785,17.95,36717
02/22/2008,17.88,18.195,17.74,18.035,32701
02/25/2008,18.055,18.185,17.88,18.085,46293
02/26/2008,18.11,18.865,17.93,18.72,63147
02/27/2008,18.795,19.49,18.79,19.21,63398
02/28/2008,19.39,19.965,19.165,19.71,47205
02/29/2008,19.855,20.055,19.455,19.915,36301
03/03/2008,19.92,20.74,19.86,20.18,44963
03/04/2008,20.435,20.68,19.635,19.84,53017
03/05/2008,19.91,20.97,19.48,20.785,52961
03/06/2008,20.93,21.325,19.905,20.225,56497
03/07/2008,20.28,20.835,19.915,20.25,37291
03/10/2008,20.26,20.495,19.28,19.785,35763
03/11/2008,19.77,20.405,19.4,19.763,39392
03/12/2008,19.74,20.28,19.45,19.995,31776
03/13/2008,20.225,20.98,20.18,20.42,33686
03/14/2008,20.655,20.975,20.32,20.655,29501
03/17/2008,20.78,21.44,19.8,20.3,44706
03/18/2008,20.25,20.51,19.9,19.96,33663
03/19/2008,19.755,20.17,18.22,18.445,65624
03/20/2008,18.405,18.43,16.725,16.85,58911
03/24/2008,17,17.275,16.815,17.11,24031
03/25/2008,17.08,17.87,16.975,17.8,33447
03/26/2008,17.995,18.39,17.69,18.383,34185
03/27/2008,18.48,18.59,17.975,18.55,28948
03/28/2008,18.47,18.59,17.67,17.94,28131
03/31/2008,17.91,18.22,17.06,17.31,35810
04/01/2008,17.26,17.42,16.3,16.89,45964
04/02/2008,16.925,17.525,16.715,17.18,29070
04/03/2008,17.36,17.595,16.95,17.48,29420
04/04/2008,17.405,17.87,17.265,17.755,21735
04/07/2008,17.785,18.285,17.73,18.12,22558
04/08/2008,18.075,18.24,17.44,17.708,26575
04/09/2008,17.71,18.425,17.4,18.2,33811
04/10/2008,18.235,18.44,17.815,18.043,31855
04/11/2008,17.98,18.165,17.47,17.69,28635
04/14/2008,17.7,17.91,17.26,17.79,24747
04/15/2008,17.775,18.07,17.65,17.85,20964
04/16/2008,17.88,18.55,17.745,18.325,32738
04/17/2008,18.355,18.77,18.17,18.305,24380
04/18/2008,18.26,18.48,17.375,17.82,36238
04/21/2008,17.895,17.975,17.265,17.36,27751
04/22/2008,17.45,17.955,17.285,17.71,30430
04/23/2008,17.635,17.85,16.97,17.165,42764
04/24/2008,17.115,17.22,16.63,16.66,39539
04/25/2008,16.735,16.9,16.39,16.85,38687
04/28/2008,16.845,17.13,16.77,17.013,34513
04/29/2008,17.14,17.14,16.53,16.64,27971
04/30/2008,16.625,16.96,16.455,16.593,28531
05/01/2008,16.92,17.12,16.055,16.205,32988
05/02/2008,16.26,16.585,16.125,16.465,19840
05/05/2008,16.47,16.89,16.465,16.83,14146
05/06/2008,16.81,17.07,16.71,16.86,19886
05/07/2008,16.92,16.98,16.53,16.695,23133
05/08/2008,16.71,17.02,16.51,16.87,18891
05/09/2008,16.945,17.135,16.53,16.91,24935
05/12/2008,16.9,17.37,16.715,17.225,23414
05/13/2008,17.215,17.325,16.57,16.828,28910
05/14/2008,16.75,16.95,16.55,16.613,21242
05/15/2008,16.6,17.04,16.555,16.685,24143
05/16/2008,16.77,17.11,16.755,16.96,21682
05/19/2008,17.07,17.295,16.87,17.028,19978
05/20/2008,17,17.755,16.96,17.725,30230
05/21/2008,17.745,18.16,17.61,18.05,27717
05/22/2008,18.09,18.24,17.775,18.025,27416
05/23/2008,18,18.34,17.885,18.29,20436
05/27/2008,18.275,18.375,17.43,17.465,35370
05/28/2008,17.5,17.68,17.065,17.415,29900
05/29/2008,17.485,17.6,16.51,16.515,45165
05/30/2008,16.645,16.96,16.45,16.865,20565
06/02/2008,16.88,17.045,16.61,16.91,21329
06/03/2008,16.85,16.96,16.465,16.835,27952
06/04/2008,16.835,16.95,16.61,16.94,21404
06/05/2008,16.845,17.225,16.505,17.17,34194
06/06/2008,17.2,17.585,17.12,17.43,30365
06/09/2008,17.57,17.67,17.105,17.21,25354
06/10/2008,17.16,17.21,16.5,16.635,35265
06/11/2008,16.645,16.94,16.54,16.855,22855
06/12/2008,16.9,16.925,16.25,16.485,32285
06/13/2008,16.485,16.62,16.27,16.56,19035
06/16/2008,16.575,17.47,16.4,17.232,33056
06/17/2008,17.165,17.41,16.85,17.075,26471
06/18/2008,17.06,17.51,16.985,17.34,29643
06/19/2008,17.365,17.75,17.145,17.47,33475
06/20/2008,17.37,17.645,17.305,17.397,22506
06/23/2008,17.39,17.52,16.525,16.79,45259
06/24/2008,16.775,16.95,16.6,16.633,36597
06/25/2008,16.685,16.82,16.46,16.503,36600
06/26/2008,16.75,17.44,16.69,17.125,47394
06/27/2008,17.27,17.76,17.215,17.71,36116
06/30/2008,17.67,17.98,17.29,17.51,23770
07/01/2008,17.505,18.31,17.46,18.29,36090
07/02/2008,18.185,18.49,17.98,18.425,27606
07/03/2008,18.445,18.585,18.07,18.37,28224
07/04/2008,18.36,18.36,18.07,18.37,2825
07/07/2008,18.22,18.23,17.625,17.92,31270
07/08/2008,17.86,18.045,17.55,17.955,26363
07/09/2008,17.89,18.235,17.815,18.175,21969
07/10/2008,18.2,18.425,18.13,18.32,26724
07/11/2008,18.37,18.98,18.325,18.82,28756
07/14/2008,18.945,19.31,18.585,19.25,31901
07/15/2008,19.17,19.55,18.61,19.013,44691
07/16/2008,18.995,19.185,18.675,18.805,33760
07/17/2008,18.815,19.215,18.39,18.735,36846
07/18/2008,18.575,18.69,18.105,18.2,27476
07/21/2008,18.215,18.535,18.2,18.425,16893
07/22/2008,18.5,18.76,17.895,18.005,35049
07/23/2008,17.985,18.055,17.32,17.458,36805
07/24/2008,17.425,17.67,17.13,17.298,27217
07/25/2008,17.47,17.68,17.045,17.375,24439
07/28/2008,17.445,17.58,17.27,17.465,15582
07/29/2008,17.575,17.66,17.08,17.375,24162
07/30/2008,17.405,17.635,16.845,17.465,35334
07/31/2008,17.555,17.95,17.425,17.79,32377
08/01/2008,17.77,17.805,17.28,17.52,25396
08/04/2008,17.54,17.65,16.905,17.14,24122
08/05/2008,16.955,17.03,16.425,16.572,37987
08/06/2008,16.45,16.77,16.425,16.505,27242
08/07/2008,16.555,16.695,16.02,16.257,32062
08/08/2008,16.205,16.24,15.24,15.33,40699
08/11/2008,15.315,15.435,14.535,14.62,39586
08/12/2008,14.635,14.825,14.01,14.485,43962
08/13/2008,14.51,14.93,14.35,14.845,39267
08/14/2008,14.89,15.1,14.1,14.23,41941
08/15/2008,14.17,14.19,12.2,12.815,60562
08/18/2008,12.915,13.335,12.88,13.1,27883
08/19/2008,13.05,13.335,12.4,13.105,31824
08/20/2008,13.245,13.4,12.79,13.04,30683
08/21/2008,13.26,13.875,13.185,13.727,30396
08/22/2008,13.86,13.935,13.29,13.477,26188
08/25/2008,13.36,13.56,13.1,13.37,23753
08/26/2008,13.47,13.725,12.96,13.575,41483
08/27/2008,13.57,13.85,13.4,13.47,33676
08/28/2008,13.6,14.13,13.56,13.705,34664
08/29/2008,13.775,13.99,13.63,13.707,14555
09/02/2008,13.875,13.9,12.55,13.145,38941
09/03/2008,13.14,13.225,12.63,12.947,23306
09/04/2008,12.97,13.265,12.7,12.94,23440
09/05/2008,12.9,13.19,12.12,12.325,39897
09/08/2008,12.525,12.795,11.94,12.065,29708
09/09/2008,12.175,12.255,11.31,11.715,37973
09/10/2008,11.37,11.67,10.7,10.89,44855
09/11/2008,10.735,11.035,10.31,10.555,39561
09/12/2008,10.66,10.99,10.585,10.795,27970
09/15/2008,11.03,11.25,10.42,11.135,31326
09/16/2008,11.19,11.235,10.44,10.517,35735
09/17/2008,10.52,12.17,10.435,11.675,60032
09/18/2008,12.13,13.065,11.725,12.7,54578
09/19/2008,12.025,12.735,11.81,12.475,30820
09/22/2008,12.645,13.675,12.54,13.45,32367
09/23/2008,13.54,13.75,13.05,13.17,33819
09/24/2008,13.35,13.73,13.135,13.44,25025
09/25/2008,13.315,13.88,13.1,13.275,32524
09/26/2008,13.31,13.74,13.115,13.503,20494
09/29/2008,13.3,13.46,12.72,13.025,27502
09/30/2008,13.215,13.285,11.8,12.275,29107
10/01/2008,12.135,13.08,12.045,12.77,24843
10/02/2008,12.66,12.66,10.855,11.12,34395
10/03/2008,10.91,11.79,10.84,11.325,30179
10/06/2008,11.155,11.555,10.925,11.285,24667
10/07/2008,11.11,11.9,11.005,11.38,23272
10/08/2008,11.585,12.13,11.445,11.772,22844
10/09/2008,11.8,12.195,11.52,11.875,14140
10/10/2008,12.135,12.355,9.4,10.6,40892
10/13/2008,10.27,10.91,10.07,10.79,21630
10/14/2008,10.765,11.195,10.71,11.06,17579
10/15/2008,11.045,11.13,10.035,10.18,24071
10/16/2008,10.33,10.365,9.25,9.635,27988
10/17/2008,9.72,9.93,9.09,9.335,24667
10/20/2008,9.35,9.915,9.35,9.69,22206
10/21/2008,9.775,10.18,9.525,10.075,25348
10/22/2008,10.08,10.17,9.355,9.46,22645
10/23/2008,9.54,9.89,9.165,9.5,23344
10/24/2008,9.69,9.8,8.65,9.295,23631
10/27/2008,9.355,9.545,8.72,9.195,15729
10/28/2008,9.025,9.295,8.4,8.79,22933
10/29/2008,9.19,10.175,9.01,9.805,27236
10/30/2008,9.91,10.645,9.565,9.785,20115
10/31/2008,9.71,9.965,9.2,9.73,17765
11/03/2008,9.84,10.26,9.6,9.75,13757
11/04/2008,9.77,10.54,9.7,10.13,23676
11/05/2008,10.26,10.6,10.035,10.455,24933
11/06/2008,10.27,10.8,9.85,10.055,24180
11/07/2008,9.995,10.295,9.905,9.963,17531
11/10/2008,10.065,10.535,10.055,10.22,22872
11/11/2008,10.185,10.225,9.53,9.805,19420
11/12/2008,9.755,9.87,9.25,9.48,20637
11/13/2008,9.295,9.51,8.77,8.8,27006
11/14/2008,9.42,9.7,9.185,9.49,20097
11/17/2008,9.42,9.665,9.21,9.33,18637
11/18/2008,9.25,9.74,9.115,9.55,26331
11/19/2008,9.62,9.85,9.205,9.31,26947
11/20/2008,9.26,9.455,8.805,9.025,26967
11/21/2008,8.96,9.66,8.9,9.48,26106
11/24/2008,9.635,10.68,9.46,10.355,32865
11/25/2008,10.575,10.575,10.03,10.27,31997
11/26/2008,10.3,10.495,10.185,10.269,17299
11/28/2008,10.37,10.39,10.12,10.23,7771
12/01/2008,10.315,10.32,9.175,9.38,21139
12/02/2008,9.22,9.75,9.13,9.615,15328
12/03/2008,9.65,9.75,9.295,9.59,13148
12/04/2008,9.655,9.72,9.34,9.52,16468
12/05/2008,9.5,9.56,9.125,9.43,15836
12/08/2008,9.5,10.4,9.48,9.975,23655
12/09/2008,10,10.09,9.665,9.85,12815
12/10/2008,9.845,10.28,9.815,10.2,15211
12/11/2008,10.22,10.54,10.13,10.425,11958
12/12/2008,10.33,10.41,10,10.23,13863
12/15/2008,10.295,10.73,10.255,10.62,16392
12/16/2008,10.67,11.34,10.46,10.705,17261
12/17/2008,11.26,11.615,10.835,11.42,23153
12/18/2008,11.35,11.48,10.93,11.12,15677
12/19/2008,10.975,11.025,10.545,10.85,11106
12/22/2008,10.885,11.09,10.75,10.86,6874
12/23/2008,10.87,10.87,10.105,10.26,11367
12/24/2008,10.27,10.45,10.225,10.35,4038
12/26/2008,10.3,10.745,10.3,10.53,3135
12/29/2008,10.73,11.275,10.71,10.81,12180
12/30/2008,10.87,11.145,10.65,10.98,9929
12/31/2008,10.995,11.425,10.765,11.295,7543
01/02/2009,11.405,11.6,11.015,11.49,11815
01/05/2009,11.585,11.77,10.57,11.27,20382
01/06/2009,11.24,11.55,10.79,11.445,18867
01/07/2009,11.48,11.605,10.88,11.105,21580
01/08/2009,11.06,11.35,10.795,11.097,19092
01/09/2009,11.145,11.63,10.965,11.32,19070
01/12/2009,11.27,11.3,10.54,10.75,18218
01/13/2009,10.66,10.845,10.415,10.68,17691
01/14/2009,10.735,10.89,10.335,10.475,18479
01/15/2009,10.53,10.675,10.32,10.44,15781
01/16/2009,10.575,11.305,10.575,11.215,21756
01/20/2009,11.3,11.405,10.92,11.175,18683
01/21/2009,11.185,11.505,11.04,11.325,16993
01/22/2009,11.31,11.485,11.205,11.365,13770
01/23/2009,11.39,12.075,11.26,11.94,28266
01/26/2009,11.945,12.285,11.825,12.11,17641
01/27/2009,12.025,12.22,11.855,12.175,18382
01/28/2009,12.06,12.165,11.815,11.963,14880
01/29/2009,11.955,12.45,11.635,12.145,19931
01/30/2009,12.34,12.66,12.215,12.565,24039
02/02/2009,12.655,12.655,12.175,12.415,15614
02/03/2009,12.4,12.47,12.135,12.3,17920
02/04/2009,12.425,12.59,12.305,12.47,13007
02/05/2009,12.495,12.92,12.27,12.75,20055
02/06/2009,12.865,13.18,12.74,13.16,18271
02/09/2009,13.115,13.115,12.785,12.83,16897
02/10/2009,12.805,13.215,12.725,13.13,21212
02/11/2009,13.12,13.67,13.07,13.52,25762
02/12/2009,13.5,13.72,13.29,13.51,19882
02/13/2009,13.45,13.685,13.22,13.625,17782
02/17/2009,13.6,14.2,13.48,14.01,26478
02/18/2009,14.08,14.37,13.98,14.29,23493
02/19/2009,14.315,14.37,13.85,13.935,27616
02/20/2009,13.98,14.58,13.965,14.49,20617
02/23/2009,14.38,14.6,14.06,14.45,28651
02/24/2009,14.385,14.575,13.68,13.995,51130
02/25/2009,13.735,14.12,13.54,13.875,42095
02/26/2009,13.725,13.745,12.935,12.975,42091
02/27/2009,13.125,13.37,12.825,13.11,21327
03/02/2009,13.1,13.375,12.7,13.07,21988
03/03/2009,12.91,12.95,12.43,12.715,18579
03/04/2009,12.8,13.15,12.68,12.915,17820
03/05/2009,12.945,13.31,12.89,13.12,16130
03/06/2009,13.26,13.52,13.215,13.333,13809
03/09/2009,13.335,13.385,12.76,12.94,17704
03/10/2009,12.95,12.99,12.465,12.54,17848
03/11/2009,12.58,12.875,12.51,12.8,12074
03/12/2009,12.785,13.08,12.64,12.943,14883
03/13/2009,12.96,13.285,12.885,13.215,12951
03/16/2009,13.2,13.2,12.77,12.89,12105
03/17/2009,12.925,12.99,12.63,12.67,12502
03/18/2009,12.705,13,11.89,11.935,32489
03/19/2009,12.87,13.685,12.64,13.52,28752
03/20/2009,13.575,13.86,13.41,13.84,17176
03/23/2009,13.74,13.885,13.615,13.875,13167
03/24/2009,13.655,13.74,13.26,13.357,17735
03/25/2009,13.44,13.615,12.955,13.437,19503
03/26/2009,13.475,13.745,13.4,13.62,12543
03/27/2009,13.48,13.575,13.075,13.263,14444
03/30/2009,13.27,13.35,12.915,13.033,15893
03/31/2009,13.03,13.26,12.57,12.985,23949
04/01/2009,12.96,13.17,12.825,12.975,14021
04/02/2009,13.02,13.155,12.56,13.025,21641
04/03/2009,12.94,12.995,12.65,12.735,14179
04/06/2009,12.8,12.8,12.075,12.11,19711
04/07/2009,12.1,12.335,12.02,12.21,17064
04/08/2009,12.255,12.47,12.15,12.34,19113
04/09/2009,12.25,12.395,12.11,12.33,15888
04/13/2009,12.365,12.87,12.35,12.768,15548
04/14/2009,12.715,12.795,12.55,12.765,14109
04/15/2009,12.73,12.92,12.645,12.8,10891
04/16/2009,12.75,12.8,12.125,12.255,21258
04/17/2009,12.235,12.25,11.775,11.79,20487
04/20/2009,11.855,12.165,11.725,12.105,16802
04/21/2009,12.055,12.235,11.865,12.06,17049
04/22/2009,12.02,12.33,11.99,12.305,19989
04/23/2009,12.28,12.86,12.28,12.755,25462
04/24/2009,12.755,12.94,12.65,12.92,27839
04/27/2009,12.895,13.24,12.775,12.955,23555
04/28/2009,12.87,12.95,12.33,12.4,26669
04/29/2009,12.47,12.83,12.405,12.775,24344
04/30/2009,12.8,12.82,12.185,12.325,18512
05/01/2009,12.37,12.62,12.025,12.5,13502
05/04/2009,12.5,13.155,12.44,13.113,17325
05/05/2009,13.05,13.615,12.995,13.42,23413
05/06/2009,13.305,13.835,13.27,13.71,21149
05/07/2009,13.74,14.15,13.67,14.03,23378
05/08/2009,13.84,14.065,13.78,13.955,16079
05/11/2009,14.01,14.035,13.68,13.91,11784
05/12/2009,13.935,14.34,13.84,14.215,17814
05/13/2009,14.215,14.37,13.88,14.02,16950
05/14/2009,13.99,14.09,13.71,14.04,13500
05/15/2009,14.045,14.19,13.86,14.01,14608
05/18/2009,13.98,14.08,13.63,13.83,15272
05/19/2009,13.74,14.295,13.73,14.125,15351
05/20/2009,14.2,14.39,14.1,14.28,18121
05/21/2009,14.26,14.57,14.09,14.445,17788
05/22/2009,14.55,14.86,14.43,14.695,20458
05/26/2009,14.72,14.78,14.31,14.6,19794
05/27/2009,14.625,15.02,14.39,14.865,23999
05/28/2009,14.785,15.275,14.65,15.16,23760
05/29/2009,15.18,15.795,15.145,15.61,28772
06/01/2009,15.765,15.97,15.54,15.735,24203
06/02/2009,15.625,16.02,15.45,15.955,31356
06/03/2009,15.96,16.25,15.255,15.31,37600
06/04/2009,15.345,15.945,15.065,15.895,33885
06/05/2009,15.925,15.98,15.16,15.388,38224
06/08/2009,15.25,15.46,14.735,14.955,30030
06/09/2009,14.915,15.345,14.75,15.14,26100
06/10/2009,15.235,15.5,15.025,15.225,30774
06/11/2009,15.17,15.54,14.925,15.493,35827
06/12/2009,15.405,15.435,14.78,14.875,29163
06/15/2009,14.85,14.875,14.03,14.03,31035
06/16/2009,14.05,14.405,14.05,14.13,20392
06/17/2009,14.18,14.355,13.93,14.28,31194
06/18/2009,14.34,14.4,14.13,14.24,18747
06/19/2009,14.205,14.37,14.12,14.2,21656
06/22/2009,14.19,14.19,13.68,13.705,33835
06/23/2009,13.72,13.88,13.595,13.845,29289
06/24/2009,13.83,14.105,13.775,13.91,40300
06/25/2009,13.83,14.05,13.795,14.005,25339
06/26/2009,14.015,14.315,14.005,14.128,29822
06/29/2009,14.1,14.13,13.84,13.975,17701
06/30/2009,13.87,14.15,13.455,13.6,24016
07/01/2009,13.61,13.87,13.59,13.76,20298
07/02/2009,13.765,13.8,13.29,13.408,18492
07/03/2009,13.38,13.48,13.35,13.408,1902
07/06/2009,13.425,13.45,12.995,13.238,20419
07/07/2009,13.25,13.37,13.075,13.22,15365
07/08/2009,13.1,13.15,12.74,12.852,23560
07/09/2009,12.855,12.975,12.76,12.935,18593
07/10/2009,12.83,12.9,12.51,12.645,21728
07/13/2009,12.66,12.845,12.435,12.785,19833
07/14/2009,12.83,12.995,12.785,12.855,16618
07/15/2009,12.905,13.38,12.88,13.208,24922
07/16/2009,13.29,13.325,13.135,13.235,14234
07/17/2009,13.3,13.47,13.07,13.403,15354
07/20/2009,13.405,13.75,13.37,13.625,18297
07/21/2009,13.635,13.695,13.45,13.478,14711
07/22/2009,13.545,13.745,13.34,13.7,18149
07/23/2009,13.735,13.86,13.61,13.77,16863
07/24/2009,13.71,13.9,13.655,13.875,13073
07/27/2009,13.89,14.09,13.75,13.99,16174
07/28/2009,14.02,14.095,13.58,13.74,22286
07/29/2009,13.695,13.74,13.165,13.258,23904
07/30/2009,13.285,13.58,13.26,13.485,17171
07/31/2009,13.475,13.97,13.37,13.94,25625
08/03/2009,13.9,14.465,13.885,14.252,27243
08/04/2009,14.252,14.765,14.025,14.695,29454
08/05/2009,14.645,14.85,14.545,14.76,21438
08/06/2009,14.68,15.035,14.41,14.645,42404
08/07/2009,14.56,14.89,14.49,14.668,31763
08/10/2009,14.56,14.695,14.275,14.355,26197
08/11/2009,14.35,14.48,14.235,14.345,19871
08/12/2009,14.315,14.605,14.125,14.585,31201
08/13/2009,14.55,15.145,14.505,14.987,30942
08/14/2009,15.04,15.185,14.585,14.722,25866
08/17/2009,14.73,14.73,13.82,13.975,38980
08/18/2009,13.99,14.2,13.83,13.96,21457
08/19/2009,14.005,14.15,13.495,13.875,39622
08/20/2009,13.815,14.07,13.79,13.88,21189
08/21/2009,13.915,14.29,13.71,14.164,22566
08/24/2009,14.2,14.47,14.05,14.195,25600
08/25/2009,14.145,14.425,14.06,14.31,29637
08/26/2009,14.295,14.47,14.165,14.255,32197
08/27/2009,14.34,14.35,14.045,14.22,25979
08/28/2009,14.225,14.9,14.225,14.815,32958
08/31/2009,14.775,14.95,14.55,14.923,18430
09/01/2009,14.905,15.145,14.655,15.06,28278
09/02/2009,15.035,15.49,14.865,15.365,31790
09/03/2009,15.41,16.31,15.36,16.29,37433
09/04/2009,16.18,16.405,15.85,16.285,30638
09/08/2009,16.28,16.86,16.165,16.51,34136
09/09/2009,16.485,16.75,16.255,16.47,30913
09/10/2009,16.355,16.73,16.06,16.67,30047
09/11/2009,16.71,17.015,16.645,16.7,26024
09/14/2009,16.785,16.845,16.32,16.623,21030
09/15/2009,16.57,17.08,16.44,17,25508
09/16/2009,17.045,17.58,17.035,17.43,28900
09/17/2009,17.425,17.69,17.21,17.265,29453
09/18/2009,17.29,17.4,16.92,17.065,27340
09/21/2009,16.95,16.985,16.525,16.88,23230
09/22/2009,16.865,17.345,16.83,17.115,23021
09/23/2009,17.155,17.29,16.72,16.91,28771
09/24/2009,16.8,17.045,16.185,16.295,39621
09/25/2009,16.27,16.41,15.955,16.06,33585
09/28/2009,16.115,16.325,15.76,16.195,20118
09/29/2009,16.22,16.32,16.01,16.178,22163
09/30/2009,16.17,16.715,16.17,16.658,32091
10/01/2009,16.665,16.785,16.34,16.44,28648
10/02/2009,16.36,16.495,15.92,16.23,31802
10/05/2009,16.2,16.685,16.035,16.535,22286
10/06/2009,16.67,17.44,16.625,17.295,22286
10/07/2009,17.375,17.63,17.31,17.5,22286
10/08/2009,17.65,17.955,17.53,17.815,37248
10/09/2009,17.815,17.835,17.555,17.69,25825
10/12/2009,17.735,17.99,17.71,17.82,16728
10/13/2009,17.76,18.075,17.565,17.84,36034
10/14/2009,17.82,18.175,17.72,17.908,27553
10/15/2009,17.915,18,17.32,17.415,37584
10/16/2009,17.38,17.58,17.21,17.42,27819
10/19/2009,17.485,17.875,17.27,17.625,20767
10/20/2009,17.86,17.955,17.42,17.558,25845
10/21/2009,17.52,17.835,17.3,17.825,28959
10/22/2009,17.72,17.83,17.365,17.545,30193
10/23/2009,17.7,17.97,17.45,17.723,38589
10/26/2009,17.71,17.8,17.01,17.095,43378
10/27/2009,17.07,17.25,16.5,16.54,51965
10/28/2009,16.71,16.77,16.12,16.24,45647
10/29/2009,16.135,16.71,16.12,16.655,38031
10/30/2009,16.69,16.745,16.15,16.255,35587
11/02/2009,16.285,16.735,16.275,16.44,35091
11/03/2009,16.475,17.35,16.245,17.18,53211
11/04/2009,17.23,17.635,17.105,17.405,42630
11/05/2009,17.46,17.53,17.22,17.41,28330
11/06/2009,17.41,17.63,17.27,17.375,37178
11/09/2009,17.445,17.78,17.425,17.48,30100
11/10/2009,17.585,17.65,17.16,17.222,41347
11/11/2009,17.345,17.725,17.33,17.537,38849
11/12/2009,17.585,17.78,17.19,17.265,36598
11/13/2009,17.215,17.46,17.025,17.38,35470
11/16/2009,17.49,18.45,17.475,18.4,54538
11/17/2009,18.4,18.435,18.085,18.387,50505
11/18/2009,18.425,18.855,18.325,18.415,51970
11/19/2009,18.575,18.64,18.15,18.455,37123
11/20/2009,18.545,18.595,18.035,18.44,44234
11/23/2009,18.525,18.935,18.525,18.61,51498
11/24/2009,18.585,18.68,18.33,18.455,57098
11/25/2009,18.52,18.86,18.52,18.768,47052
11/27/2009,18.9,18.95,17.72,18.335,49534
11/30/2009,18.355,18.545,18.135,18.525,26385
12/01/2009,18.505,19.3,18.42,19.21,35649
12/02/2009,19.14,19.47,19.1,19.325,38968
12/03/2009,19.235,19.5,18.835,19.128,41226
12/04/2009,18.91,18.99,18.3,18.52,48730
12/07/2009,18.48,18.585,17.895,18.36,44106
12/08/2009,18.225,18.385,17.56,17.807,34820
12/09/2009,17.66,17.91,17.135,17.18,43954
12/10/2009,17.44,17.575,17.155,17.188,27357
12/11/2009,17.42,17.64,16.9,17.09,36132
12/14/2009,17.14,17.455,17.095,17.34,21857
12/15/2009,17.425,17.515,17.135,17.455,24883
12/16/2009,17.45,17.81,17.35,17.693,24286
12/17/2009,17.77,17.805,17.1,17.195,32371
12/18/2009,17.18,17.39,17.105,17.32,25628
12/21/2009,17.3,17.525,16.98,17.035,23684
12/22/2009,17.05,17.19,16.78,17.03,30559
12/23/2009,16.995,17.245,16.87,17.19,16188
12/24/2009,17.16,17.545,17.145,17.44,8657
12/28/2009,17.55,17.69,17.455,17.56,13090
12/29/2009,17.54,17.545,17.08,17.11,18305
12/30/2009,17.105,17.175,16.765,16.802,21435
12/31/2009,16.81,17.105,16.78,16.845,11188
01/04/2010,16.94,17.6,16.85,17.463,31033
01/05/2010,17.595,17.885,17.51,17.8,33066
01/06/2010,17.765,18.245,17.755,18.175,35556
01/07/2010,18.205,18.42,18.055,18.345,27484
01/08/2010,18.275,18.525,18.055,18.47,35476
01/11/2010,18.51,18.925,18.495,18.695,31146
01/12/2010,18.56,18.81,18.16,18.255,35423
01/13/2010,18.27,18.675,18.2,18.55,31945
01/14/2010,18.615,18.74,18.455,18.655,24813
01/15/2010,18.68,18.69,18.4,18.427,22837
01/19/2010,18.41,18.88,18.4,18.8,35857
01/20/2010,18.79,18.87,17.805,17.88,53618
01/21/2010,17.91,18.065,17.34,17.51,50924
01/22/2010,17.455,17.52,16.88,16.932,46913
01/25/2010,17.05,17.275,16.99,17.145,27773
01/26/2010,17.155,17.27,16.34,16.86,46809
01/27/2010,16.8,16.965,16.425,16.44,33157
01/28/2010,16.59,16.755,16.015,16.212,45229
01/29/2010,16.26,16.375,16.02,16.19,34638
02/01/2010,16.17,16.715,16.105,16.66,32608
02/02/2010,16.695,16.81,16.555,16.743,30476
02/03/2010,16.74,16.95,16.28,16.317,39504
02/04/2010,16.4,16.415,15.19,15.35,66055
02/05/2010,15.305,15.38,14.65,14.83,58180
02/08/2010,15.16,15.32,14.95,15.085,34599
02/09/2010,15.025,15.595,15.015,15.435,45762
02/10/2010,15.475,15.645,15.075,15.3,42715
02/11/2010,15.2,15.73,15.175,15.59,40994
02/12/2010,15.65,15.74,15.21,15.447,31992
02/16/2010,15.57,16.215,15.45,16.148,45058
02/17/2010,16.155,16.33,15.825,16.098,45143
02/18/2010,15.91,16.265,15.675,16.06,40466
02/19/2010,15.85,16.51,15.76,16.413,37014
02/22/2010,16.37,16.565,16.135,16.222,36756
02/23/2010,16.22,16.425,15.785,15.888,45113
02/24/2010,15.85,16,15.62,15.94,45350
02/25/2010,15.955,16.175,15.63,16.132,46680
02/26/2010,16.145,16.55,16.045,16.521,30203
03/01/2010,16.525,16.77,16.43,16.469,25616
03/02/2010,16.475,17.105,16.33,17.064,34385
03/03/2010,16.955,17.37,16.885,17.329,31912
03/04/2010,17.195,17.395,17.055,17.176,29640
03/05/2010,17.135,17.515,17.135,17.382,25922
03/08/2010,17.39,17.53,17.125,17.272,27339
03/09/2010,17.25,17.42,16.875,17.338,33935
03/10/2010,17.28,17.665,16.94,17.018,43769
03/11/2010,17.02,17.195,16.835,17.16,29549
03/12/2010,17.21,17.35,16.96,17.048,27985
03/15/2010,17.065,17.18,16.965,17.108,18346
03/16/2010,17.13,17.495,17.13,17.354,26919
03/17/2010,17.45,17.6,17.365,17.523,24405
03/18/2010,17.52,17.56,17.325,17.422,24390
03/19/2010,17.41,17.42,16.965,17.032,34994
03/22/2010,17.01,17.01,16.62,16.935,31756
03/23/2010,17,17.15,16.735,17.027,28490
03/24/2010,17.015,17.045,16.55,16.641,27078
03/25/2010,16.575,16.86,16.555,16.741,27021
03/26/2010,16.63,16.99,16.565,16.906,29725
03/29/2010,16.98,17.44,16.935,17.387,31982
03/30/2010,17.385,17.48,17.235,17.33,19991
03/31/2010,17.305,17.645,17.255,17.526,31007
04/01/2010,17.505,18,17.475,17.89,664
04/05/2010,17.845,18.145,17.81,18.118,22220
04/06/2010,18.095,18.105,17.845,17.931,28989
04/07/2010,17.93,18.26,17.92,18.199,32374
04/08/2010,18.18,18.215,17.925,18.127,31800
04/09/2010,18.1,18.445,18.05,18.351,33258
04/12/2010,18.48,18.605,18.155,18.414,31764
04/13/2010,18.225,18.32,17.955,18.249,44253
04/14/2010,18.24,18.505,18.21,18.415,33780
04/15/2010,18.445,18.54,18.225,18.433,26246
04/16/2010,18.415,18.44,17.61,17.675,51294
04/19/2010,17.695,17.775,17.49,17.731,31867
04/20/2010,17.77,18.04,17.725,17.821,37589
04/21/2010,17.86,18.14,17.71,18.078,34180
04/22/2010,18.09,18.17,17.765,18.009,37586
04/23/2010,17.995,18.35,17.845,18.192,37661
04/26/2010,18.35,18.42,18.235,18.337,37327
04/27/2010,18.31,18.415,18.06,18.119,40919
04/28/2010,18.185,18.25,17.82,18.107,44456
04/29/2010,18.13,18.6,18.085,18.579,37867
04/30/2010,18.505,18.79,18.48,18.639,31088
05/03/2010,18.685,18.89,18.53,18.84,22953
05/04/2010,18.84,18.85,17.81,17.842,52694
05/05/2010,17.865,17.895,17.08,17.534,61742
05/06/2010,17.515,17.775,17.26,17.515,51535
05/07/2010,17.585,18.69,17.475,18.451,55541
05/10/2010,18.575,18.68,18.215,18.552,31061
05/11/2010,18.51,19.425,18.405,19.294,55595
05/12/2010,19.36,19.735,19.11,19.663,41778
05/13/2010,19.53,19.845,19.345,19.499,41261
05/14/2010,19.47,19.735,18.975,19.225,45516
05/17/2010,19.33,19.445,18.735,18.859,35218
05/18/2010,18.895,19.145,18.65,18.879,36319
05/19/2010,19.01,19.01,17.92,18.115,55949
05/20/2010,18.205,18.33,17.485,17.715,50571
05/21/2010,17.63,17.895,17.41,17.651,38170
05/24/2010,17.655,18.08,17.65,18,25801
05/25/2010,17.915,17.99,17.53,17.781,34394
05/26/2010,17.98,18.41,17.93,18.306,36084
05/27/2010,18.06,18.58,18.01,18.468,27464
05/28/2010,18.52,18.645,18.24,18.422,25591
06/01/2010,18.41,18.735,18.265,18.551,30096
06/02/2010,18.44,18.51,18.09,18.315,26784
06/03/2010,18.365,18.475,17.825,17.931,28001
06/04/2010,17.965,18.035,17.285,17.299,41852
06/07/2010,17.445,18.295,17.195,18.162,47701
06/08/2010,18.15,18.49,18.085,18.477,36706
06/09/2010,18.325,18.375,18.095,18.189,32719
06/10/2010,18.13,18.445,17.905,18.351,32650
06/11/2010,18.25,18.535,18.07,18.231,34038
06/14/2010,18.25,18.57,18.2,18.411,22851
06/15/2010,18.23,18.685,18.22,18.578,23705
06/16/2010,18.585,18.66,18.38,18.441,25177
06/17/2010,18.45,18.88,18.315,18.776,32131
06/18/2010,18.74,19.275,18.685,19.184,38721
06/21/2010,19.19,19.46,18.65,18.808,42481
06/22/2010,18.715,18.985,18.59,18.902,33172
06/23/2010,18.805,18.96,18.31,18.459,41028
06/24/2010,18.5,18.81,18.17,18.736,45429
06/25/2010,18.67,19.13,18.59,19.11,45714
06/28/2010,19.085,19.23,18.625,18.678,30687
06/29/2010,18.77,18.82,18.41,18.635,35288
06/30/2010,18.53,18.82,18.475,18.708,24481
07/01/2010,18.65,18.69,17.735,17.79,45720
07/02/2010,17.815,18.115,17.635,17.719,33377
07/06/2010,17.87,18.035,17.615,17.857,27525
07/07/2010,17.83,18.11,17.565,18,26306
07/08/2010,18.065,18.2,17.725,17.872,22154
07/09/2010,17.955,18.235,17.83,18.073,17328
07/12/2010,18.11,18.155,17.775,17.917,18043
07/13/2010,17.94,18.355,17.87,18.257,20222
07/14/2010,18.28,18.49,18.115,18.29,24718
07/15/2010,18.32,18.535,18.17,18.362,24741
07/16/2010,18.355,18.39,17.73,17.788,30802
07/19/2010,17.84,17.92,17.44,17.543,30019
07/20/2010,17.615,17.78,17.45,17.693,24619
07/21/2010,17.685,17.9,17.575,17.803,23881
07/22/2010,17.66,18.2,17.635,18.12,31290
07/23/2010,18.135,18.28,18.06,18.101,26282
07/26/2010,18.1,18.27,17.975,18.2,19837
07/27/2010,18.17,18.235,17.58,17.626,37010
07/28/2010,17.64,17.74,17.325,17.441,34905
07/29/2010,17.5,17.695,17.48,17.617,23989
07/30/2010,17.635,18.125,17.53,18.003,34221
08/02/2010,18,18.575,17.975,18.419,38011
08/03/2010,18.38,18.61,18.315,18.422,24150
08/04/2010,18.4,18.7,18.225,18.278,27647
08/05/2010,18.305,18.48,18.185,18.321,21242
08/06/2010,18.34,18.585,18.29,18.472,24813
08/09/2010,18.5,18.575,18.22,18.242,18543
08/10/2010,18.325,18.475,17.96,18.158,33311
08/11/2010,18.3,18.355,17.795,17.902,32136
08/12/2010,17.885,18.105,17.85,18.065,27839
08/13/2010,18.07,18.18,17.96,18.109,18890
08/16/2010,18.12,18.49,18.1,18.427,23039
08/17/2010,18.405,18.62,18.35,18.595,26460
08/18/2010,18.505,18.575,18.165,18.399,51177
08/19/2010,18.365,18.59,18.22,18.327,32379
08/20/2010,18.295,18.34,17.845,17.991,37446
08/23/2010,18.01,18.07,17.89,17.992,26869
08/24/2010,17.98,18.48,17.735,18.378,55708
08/25/2010,18.365,19.04,18.345,19.026,51461
08/26/2010,18.955,19.165,18.9,18.982,40531
08/27/2010,18.965,19.34,18.9,19.039,36100
08/30/2010,19.1,19.275,19.02,19.074,17580
08/31/2010,19.075,19.445,18.86,19.432,28852
09/01/2010,19.405,19.535,19.32,19.393,25459
09/02/2010,19.365,19.74,19.345,19.672,26868
09/03/2010,19.705,19.985,19.505,19.949,32087
09/07/2010,19.94,20.045,19.585,19.914,35393
09/08/2010,19.835,20.18,19.82,20.009,30910
09/09/2010,19.945,20.095,19.68,19.855,33336
09/10/2010,19.75,20.065,19.7,19.845,28593
09/13/2010,19.895,20.27,19.82,20.151,27797
09/14/2010,20.07,20.55,20.03,20.432,38527
09/15/2010,20.5,20.65,20.34,20.571,29634
09/16/2010,20.61,20.845,20.475,20.771,29055
09/17/2010,20.81,21.025,20.62,20.816,33742
09/20/2010,20.78,21,20.72,20.803,23172
09/21/2010,20.77,21.11,20.515,20.64,36197
09/22/2010,21.025,21.2,20.93,21.055,37238
09/23/2010,21.165,21.265,20.885,21.213,31604
09/24/2010,21.15,21.49,21.12,21.399,31422
09/27/2010,21.46,21.645,21.365,21.471,26919
09/28/2010,21.46,21.8,21.06,21.707,52370
09/29/2010,21.775,22.075,21.71,21.952,39296
09/30/2010,21.895,22.125,21.565,21.821,51243
10/01/2010,21.77,22.17,21.725,22.06,38171
10/04/2010,22.125,22.235,21.88,22.036,27334
10/05/2010,21.91,22.92,21.81,22.737,55849
10/06/2010,22.865,23.2,22.76,23.043,47916
10/07/2010,23.185,23.53,22.475,22.584,85434
10/08/2010,22.52,23.325,22.35,23.105,67185
10/11/2010,23.41,23.675,23.055,23.349,39724
10/12/2010,23.29,23.495,22.945,23.147,49055
10/13/2010,23.315,24.13,23.275,23.932,57540
10/14/2010,24.06,24.95,23.995,24.435,75396
10/15/2010,24.65,24.855,24.075,24.288,68861
10/18/2010,24.305,24.515,23.715,24.413,54893
10/19/2010,24.39,24.505,23.27,23.78,78074
10/20/2010,23.385,23.975,23.29,23.864,53355
10/21/2010,23.925,24.075,23.03,23.139,76229
10/22/2010,23.185,23.395,22.84,23.118,49833
10/25/2010,23.3,23.855,23.3,23.544,44473
10/26/2010,23.65,23.95,23.165,23.83,64287
10/27/2010,23.865,24.295,23.35,23.404,59352
10/28/2010,23.585,24.04,23.5,23.875,51739
10/29/2010,24.03,24.75,23.755,24.564,63336
11/01/2010,24.75,25.055,24.515,24.552,52493
11/02/2010,24.63,24.94,24.615,24.836,43017
11/03/2010,24.93,25.04,23.935,24.436,80500
11/04/2010,24.91,26.37,24.75,26.043,80678
11/05/2010,26.315,26.915,25.875,26.748,80678
11/08/2010,26.86,27.74,26.515,27.432,89079
11/09/2010,27.73,29.34,26.415,28.906,174399
11/10/2010,26.97,28.175,26.485,26.865,140678
11/11/2010,27.24,27.84,26.89,27.405,84597
11/12/2010,27.685,27.69,25.76,25.942,110643
11/15/2010,26.025,26.48,25.4,26.092,82132
11/16/2010,25.56,25.85,24.98,25.233,95820
11/17/2010,25.41,25.905,25.015,25.511,75478
11/18/2010,25.59,27.04,25.59,26.834,73971
11/19/2010,26.945,27.4,26.345,27.179,83935
11/22/2010,27.59,27.895,27.075,27.461,72770
11/23/2010,27.85,27.885,27.02,27.572,105751
11/24/2010,27.515,27.685,27.1,27.528,62315
11/26/2010,27.57,27.58,26.4,26.699,61873
11/29/2010,26.785,27.315,26.525,27.193,82392
11/30/2010,27.19,28.39,26.92,28.212,81317
12/01/2010,28.18,28.88,28.02,28.413,66089
12/02/2010,28.47,29.08,28.33,28.572,64734
12/03/2010,28.625,29.49,28.595,29.271,59924
12/06/2010,29.55,30.355,29.48,29.735,79168
12/07/2010,30.2,30.75,28.485,29.777,104213
12/08/2010,28.77,29.29,28.01,28.252,103267
12/09/2010,28.425,29.045,28.2,28.817,63142
12/10/2010,28.82,29.03,28.06,28.605,58433
12/13/2010,28.66,29.74,28.495,29.624,55049
12/14/2010,29.575,29.985,29.22,29.788,60484
12/15/2010,29.55,29.645,28.735,29.253,62218
12/16/2010,28.815,29.255,28.35,28.782,65070
12/17/2010,28.9,29.37,28.68,29.133,42381
12/20/2010,29.24,29.56,28.81,29.355,44861
12/21/2010,29.41,29.605,29.05,29.394,43160
12/22/2010,29.365,29.485,29.23,29.385,23698
12/23/2010,29.275,29.42,28.945,29.328,27660
12/27/2010,29.16,29.355,28.81,29.255,17466
12/28/2010,29.28,30.37,29.28,30.323,36907
12/29/2010,30.325,30.72,30.145,30.704,30064
12/30/2010,30.63,30.93,30.36,30.513,27583
12/31/2010,30.475,30.975,30.475,30.937,15992
01/03/2011,30.93,31.275,30.5,31.125,41283
01/04/2011,30.74,30.885,29.325,29.508,80878
01/05/2011,29.83,29.905,28.58,29.198,81705
01/06/2011,29.3,29.6,28.815,29.126,62887
01/07/2011,29.04,29.375,28.325,28.671,86333
01/10/2011,28.75,29.14,28.65,28.861,46774
01/11/2011,29.115,29.71,29.06,29.499,51490
01/12/2011,29.545,29.845,29.395,29.545,47047
01/13/2011,29.695,29.81,28.525,29.263,68071
01/14/2011,28.75,28.965,28.1,28.32,78248
01/18/2011,28.425,29.08,28.05,28.912,58706
01/19/2011,28.895,29.49,28.625,28.801,77586
01/20/2011,28.67,28.78,27.375,27.473,92814
01/21/2011,27.475,27.63,27.08,27.427,61642
01/24/2011,27.5,27.95,26.82,27.321,58437
01/25/2011,26.915,27.035,26.54,26.805,64485
01/26/2011,26.855,27.645,26.655,27.128,52175
01/27/2011,27.615,27.795,26.745,27.031,62547
01/28/2011,26.895,28.03,26.3,27.919,77481
01/31/2011,27.96,28.425,27.52,28.169,55100
02/01/2011,28.06,28.635,27.85,28.514,62568
02/02/2011,28.565,28.725,28.105,28.289,42636
02/03/2011,28.3,28.98,27.96,28.728,67109
02/04/2011,28.93,29.285,28.72,29.059,55833
02/07/2011,29.175,29.45,29.005,29.343,43062
02/08/2011,29.35,30.345,29.26,30.271,70215
02/09/2011,30.31,30.5,30.05,30.276,61613
02/10/2011,30.165,30.275,29.635,30.094,57500
02/11/2011,30.185,30.285,29.685,29.995,58902
02/14/2011,29.885,30.72,29.79,30.534,52913
02/15/2011,30.56,30.905,30.475,30.696,47594
02/16/2011,30.735,30.97,30.265,30.629,74566
02/17/2011,30.655,31.79,30.535,31.57,74863
02/18/2011,31.74,32.87,31.61,32.296,85991
02/22/2011,32.65,34.33,32.39,32.862,133686
02/23/2011,33.16,33.765,32.68,33.298,91189
02/24/2011,33.51,33.74,31.695,33.166,83200
02/25/2011,32.08,33.395,32.06,32.923,61035
02/28/2011,33.345,33.98,33.255,33.82,56446
03/01/2011,33.9,34.72,33.79,34.427,55982
03/02/2011,34.7,34.975,34.21,34.835,51111
03/03/2011,34.705,34.96,34.03,34.327,63916
03/04/2011,34.23,35.67,34.205,35.327,62971
03/07/2011,35.64,36.745,35.605,35.865,83244
03/08/2011,35.895,36.55,35.51,35.658,68251
03/09/2011,36.04,36.44,35.615,36.047,62985
03/10/2011,36.145,36.19,34.66,35.066,79709
03/11/2011,35.21,36.18,34.05,35.935,97895
03/14/2011,35.935,36.505,35.5,35.84,55849
03/15/2011,35.955,35.955,33.565,34.117,105109
03/16/2011,34.255,35.08,33.845,34.472,80946
03/17/2011,34.205,34.695,33.64,34.258,56777
03/18/2011,34.28,35.425,34.24,35.058,58065
03/21/2011,35.355,36.29,35.355,36.001,50728
03/22/2011,36.115,36.475,35.76,36.269,58178
03/23/2011,36.395,37.44,36.15,37.198,61452
03/24/2011,37.415,38.18,36.85,37.375,93262
03/25/2011,37.16,37.795,36.88,37.049,70937
03/28/2011,37.34,37.43,36.435,37.088,60412
03/29/2011,37.17,37.25,36.53,36.987,56625
03/30/2011,37.125,37.77,36.9,37.511,69244
03/31/2011,37.445,37.98,37.375,37.888,52152
04/01/2011,37.7,37.875,37.08,37.732,75651
04/04/2011,37.845,38.62,37.81,38.494,47213
04/05/2011,38.595,39.335,38.07,39.183,79389
04/06/2011,39.315,39.785,39.12,39.387,72001
04/07/2011,39.505,39.72,39.2,39.552,62611
04/08/2011,39.67,40.96,39.515,40.608,69426
04/11/2011,41,41.975,39.77,40.612,114562
04/12/2011,40.25,40.91,39.705,40.066,122887
04/13/2011,40.115,40.78,40.035,40.237,87465
04/14/2011,40.68,42.21,40.45,41.664,99886
04/15/2011,42.155,43.05,41.815,42.571,109635
04/18/2011,43.035,43.56,42.2,42.956,149522
04/19/2011,43.425,44.175,42.755,43.913,105713
04/20/2011,43.965,45.4,43.835,44.461,141351
04/21/2011,45.2,46.69,45.06,46.059,141213
04/25/2011,47.25,49.82,45.645,47.149,225865
04/26/2011,46.97,47.155,44.61,45.05,181766
04/27/2011,45.455,48.305,44.83,45.958,170297
04/28/2011,47.81,49.56,47.255,47.541,170645
04/29/2011,48.49,49.21,47.55,48.599,95219
05/02/2011,48.09,48.19,42.2,46.084,177804
05/03/2011,44.03,45.6,40.6,42.585,162613
05/04/2011,41.665,42.325,38.94,39.388,161412
05/05/2011,39.2,39.565,34.25,36.24,195073
05/06/2011,34.79,36.43,33.035,35.287,178981
05/09/2011,35.69,37.975,35.19,37.116,96763
05/10/2011,37.735,38.82,37.3,38.486,89894
05/11/2011,38.52,39.47,35.015,35.515,137582
05/12/2011,35.11,35.89,32.3,34.797,149061
05/13/2011,34.595,36.45,33.915,35.013,114371
05/16/2011,35.245,35.4,33.48,34.132,81496
05/17/2011,33.58,34.38,32.96,33.491,81915
05/18/2011,33.975,35.55,33.85,35.097,73993
05/19/2011,35.095,35.75,34.525,34.932,61347
05/20/2011,34.96,35.57,34.19,35.087,69709
05/23/2011,35.015,35.4,34.34,34.904,339
05/24/2011,35.075,36.765,34.88,36.128,78124
05/25/2011,36.64,37.965,36.23,37.642,79189
05/26/2011,37.92,38.845,36.265,37.33,78870
05/27/2011,37.25,38.195,37.2,37.863,48528
05/31/2011,37.995,38.765,37.76,38.305,57366
06/01/2011,38.49,38.5,36.355,37.694,81087
06/02/2011,36.86,37.415,35.545,36.202,84564
06/03/2011,36.21,36.435,35.065,36.191,77855
06/06/2011,36.24,37.285,36.22,36.782,52996
06/07/2011,36.76,37.52,36.44,37.046,62329
06/08/2011,37.15,37.25,36.065,36.62,53551
06/09/2011,36.84,37.64,36.565,37.424,45819
06/10/2011,37.56,37.86,36.08,36.327,62371
06/13/2011,36.19,36.35,34.55,34.737,73660
06/14/2011,34.77,35.6,34.4,35.411,65679
06/15/2011,35.44,35.975,34.81,35.41,63209
06/16/2011,35.8,35.815,35.155,35.559,50531
06/17/2011,35.55,35.92,34.925,35.748,56863
06/20/2011,35.99,36.2,35.26,36.071,48081
06/21/2011,36.025,36.575,35.665,36.379,56779
06/22/2011,36.425,36.77,35.895,36.739,52966
06/23/2011,36.335,36.36,34.63,35.002,98020
06/24/2011,35.315,35.42,34.145,34.638,76386
06/27/2011,34.3,34.33,33.38,33.585,73879
06/28/2011,33.58,34.135,33.51,33.638,60150
06/29/2011,33.975,34.95,33.86,34.769,61820
06/30/2011,34.89,35.16,34.47,34.832,43755
07/01/2011,34.745,34.845,33.47,33.705,46214
07/05/2011,33.92,35.69,33.795,35.41,57238
07/06/2011,35.49,36.285,35.065,35.916,63139
07/07/2011,35.93,36.65,35.7,36.536,48418
07/08/2011,36.455,36.895,36.01,36.543,44291
07/11/2011,36.725,36.95,35.54,35.698,56772
07/12/2011,35.82,36.45,34.81,35.634,58158
07/13/2011,36.165,38.34,36.015,38.151,89971
07/14/2011,38.275,39.395,38.01,38.694,78054
07/15/2011,38.195,39.33,37.89,39.071,54164
07/18/2011,39.35,40.735,39.28,40.342,71052
07/19/2011,40.59,40.88,38.61,40.221,75393
07/20/2011,39.03,40.15,38.215,39.558,66670
07/21/2011,40.11,40.375,38.86,38.947,71667
07/22/2011,39.335,40.3,38.865,40.122,54735
07/25/2011,40.35,41.105,39.87,40.361,62387
07/26/2011,40.4,40.985,40.015,40.698,51311
07/27/2011,40.93,41.465,40.115,40.568,77251
07/28/2011,40.25,40.595,39.34,39.794,55076
07/29/2011,39.725,40.41,39.3,40.106,45689
08/01/2011,39.645,40.07,39.04,39.309,44352
08/02/2011,39.265,40.885,39.21,40.092,45261
08/03/2011,40.87,42.06,40.575,41.758,74374
08/04/2011,41.755,42.295,38.47,39.431,113358
08/05/2011,38.79,39.87,37.555,38.211,85738
08/08/2011,38.825,40.4,38.32,39.38,72949
08/09/2011,39.06,39.655,37.025,37.883,90833
08/10/2011,37.78,39.58,37.615,39.327,63775
08/11/2011,39.285,39.86,37.935,38.669,56142
08/12/2011,38.78,39.235,38.215,39.114,31934
08/15/2011,39.075,39.99,38.69,39.307,31303
08/16/2011,39.945,40.175,39.29,39.819,41036
08/17/2011,39.915,40.615,39.785,40.351,46018
08/18/2011,40.285,40.95,40.08,40.688,47032
08/19/2011,40.64,42.97,40.56,42.432,72156
08/22/2011,43.575,44.09,42.475,43.325,77097
08/23/2011,43.765,44.275,41.5,42.291,95280
08/24/2011,41.95,42.485,39.09,39.162,104440
08/25/2011,39.68,41.19,38.76,40.745,88113
08/26/2011,41.16,41.725,40.12,40.952,73836
08/29/2011,41.74,41.8,40.29,40.546,43237
08/30/2011,40.89,41.73,40.455,41.464,45895
08/31/2011,41.385,42.095,41.135,41.768,37868
09/01/2011,41.575,41.885,41.205,41.532,27885
09/02/2011,41.535,43.5,41.535,43.069,39343
09/06/2011,42.99,43.445,41.6,41.868,66820
09/07/2011,42,42.275,40.385,41.631,41675
09/08/2011,41.655,42.725,41.285,42.53,34441
09/09/2011,42.37,42.785,41.2,41.624,41042
09/12/2011,41.49,41.6,39.75,40.217,44635
09/13/2011,40.36,41.385,40.09,41.193,38175
09/14/2011,41.155,41.41,40.31,40.533,37555
09/15/2011,40.835,40.85,39.4,39.501,47361
09/16/2011,39.945,40.985,39.455,40.831,35314
09/19/2011,40.675,40.9,39.03,39.163,46847
09/20/2011,39.73,40.375,39.23,40.137,43515
09/21/2011,39.825,40.78,39.44,40.469,42602
09/22/2011,39.67,39.85,35.525,36.578,84689
09/23/2011,35.885,36.68,29.845,30.101,120503
09/26/2011,30.85,30.97,26.15,29.976,112615
09/27/2011,30.7,33.585,30.275,31.536,79663
09/28/2011,31.94,32.88,29.485,30.134,63280
09/29/2011,29.895,31.535,29.095,30.522,51467
09/30/2011,30.605,31.335,29.66,30.083,41074
10/03/2011,29.935,31.43,29.67,30.795,40889
10/04/2011,30.49,31.355,28.665,29.839,52148
10/05/2011,30.255,30.64,28.435,30.352,48592
10/06/2011,30.51,32.21,30.24,32.005,51588
10/07/2011,31.94,32.85,30.71,30.993,41990
10/10/2011,31.34,32.36,31.215,31.98,23649
10/11/2011,32.105,32.58,31.35,31.998,33404
10/12/2011,32.155,33.1,31.86,32.789,37494
10/13/2011,32.55,32.8,31.455,31.667,30573
10/14/2011,31.805,32.565,31.21,32.173,29296
10/17/2011,32.22,32.675,31.475,31.821,37334
10/18/2011,31.85,32.355,30.37,31.831,55972
10/19/2011,32.05,32.15,30.9,31.277,49507
10/20/2011,31.235,31.375,29.935,30.281,53262
10/21/2011,30.555,31.515,30.28,31.193,32805
10/24/2011,31.39,32.04,31.23,31.644,29122
10/25/2011,31.76,33.385,31.355,33.052,52769
10/26/2011,33.17,33.95,32.905,33.31,39072
10/27/2011,33.43,35.375,33.145,35.112,50172
10/28/2011,35.13,35.7,34.715,35.288,35761
10/31/2011,35.205,35.45,34.085,34.354,31996
11/01/2011,34.19,34.725,32.105,32.731,51692
11/02/2011,33.485,34.435,33.1,33.943,37882
11/03/2011,34.295,34.905,33.27,34.498,40275
11/04/2011,34.565,34.75,33.81,34.084,29728
11/07/2011,34.09,35.01,33.855,34.828,35145
11/08/2011,34.98,35.35,34.505,35.153,45051
11/09/2011,34.975,35.255,33.745,34.361,52723
11/10/2011,34.085,34.34,33.13,34.106,46338
11/11/2011,34.07,34.85,33.665,34.682,37626
11/14/2011,34.715,34.92,33.95,34.024,34009
11/15/2011,34.24,34.835,33.75,34.456,43674
11/16/2011,34.58,34.63,33.57,33.822,47858
11/17/2011,33.7,33.98,31.04,31.497,71571
11/18/2011,31.68,32.6,30.925,32.417,60207
11/21/2011,32.4,32.415,30.65,31.116,53532
11/22/2011,31.575,33.04,31.16,32.951,60917
11/23/2011,32.785,32.87,31.22,31.884,64910
11/25/2011,31.815,32.22,30.935,31.014,45578
11/28/2011,31.26,32.285,31.245,32.161,41025
11/29/2011,32.12,32.24,31.53,31.95,34558
11/30/2011,31.99,32.995,31.12,32.804,49804
12/01/2011,32.865,33.495,32.53,32.759,32523
12/02/2011,32.86,33.74,32.365,32.686,33546
12/05/2011,32.67,33.085,31.915,32.372,30957
12/06/2011,32.12,32.945,31.65,32.744,37193
12/07/2011,32.745,32.86,32.265,32.627,30969
12/08/2011,32.605,33.3,31.425,31.538,51194
12/09/2011,31.61,32.395,31.505,32.253,30861
12/12/2011,32.25,32.3,30.92,31.002,37744
12/13/2011,31.34,32.04,30.455,31.26,40300
12/14/2011,30.825,31.07,28.53,28.935,80388
12/15/2011,28.965,29.35,28.12,29.274,44295
12/16/2011,29.28,29.93,29.12,29.671,29657
12/19/2011,29.77,29.795,28.68,28.874,50533
12/20/2011,28.78,29.625,28.695,29.536,23979
12/21/2011,29.535,30.21,29.13,29.249,26237
12/22/2011,29.25,29.685,29,29.047,20236
12/23/2011,29.095,29.45,29.03,29.084,10066
12/27/2011,29.1,29.22,28.615,28.74,11568
12/28/2011,28.69,28.79,26.845,27.234,32357
12/29/2011,27.08,27.84,26.145,27.315,37097
12/30/2011,27.475,28.46,27.26,27.915,24891
01/03/2012,27.98,29.73,27.905,29.572,35827
01/04/2012,29.69,29.74,28.9,29.097,36121
01/05/2012,29.105,29.615,28.685,29.296,39296
01/06/2012,29.285,29.46,28.57,28.683,38605
01/09/2012,28.77,29.205,28.55,28.782,30254
01/10/2012,28.98,30.31,28.905,29.815,40675
01/11/2012,29.885,30.235,29.545,29.89,36831
01/12/2012,29.95,30.675,29.87,30.124,35512
01/13/2012,30.195,30.245,29.42,29.522,35182
01/17/2012,29.67,30.57,29.455,30.135,39656
01/18/2012,30.07,30.59,29.74,30.543,42425
01/19/2012,30.53,30.9,30.335,30.509,32459
01/20/2012,30.61,32.21,30.28,31.675,42779
01/23/2012,32.105,32.775,31.79,32.27,41520
01/24/2012,32.345,32.47,31.855,31.975,29385
01/25/2012,32.05,33.4,31.525,33.121,51802
01/26/2012,33.25,33.79,32.975,33.743,38182
01/27/2012,33.42,33.965,33.24,33.79,32296
01/30/2012,33.85,34.015,33.035,33.527,30573
01/31/2012,33.55,34.13,32.93,33.262,45220
02/01/2012,33.105,34,33.07,33.807,40833
02/02/2012,33.69,34.41,33.455,34.175,51297
02/03/2012,34.335,34.39,33.31,33.749,48264
02/06/2012,33.665,33.87,32.985,33.75,38211
02/07/2012,33.665,34.37,33.155,34.194,50080
02/08/2012,34.17,34.52,33.655,33.704,55084
02/09/2012,33.935,34.45,33.675,33.917,47457
02/10/2012,33.905,34.06,33.17,33.604,47692
02/13/2012,33.665,34.035,33.455,33.722,37639
02/14/2012,33.705,33.845,33.255,33.348,42475
02/15/2012,33.585,33.975,33.1,33.408,51438
02/16/2012,33.46,33.555,32.64,33.37,51828
02/17/2012,33.425,33.69,33.05,33.216,39578
02/21/2012,33.33,34.465,33.325,34.429,62207
02/22/2012,34.36,34.495,33.9,34.254,62428
02/23/2012,34.265,35.61,34.23,35.556,72143
02/24/2012,35.435,35.72,35.19,35.338,58940
02/27/2012,35.43,35.625,35.045,35.524,61904
02/28/2012,35.535,37.295,35.39,37.205,72811
02/29/2012,36.98,37.58,33.825,34.642,114770
03/01/2012,34.645,35.705,34.455,35.661,61365
03/02/2012,35.53,35.56,34.375,34.525,39355
03/05/2012,34.71,34.95,33.555,33.695,53048
03/06/2012,34.02,34.205,32.49,32.783,67849
03/07/2012,32.945,33.61,32.755,33.585,44181
03/08/2012,33.48,34.185,33.36,33.831,38918
03/09/2012,33.91,34.445,33.145,34.212,55803
03/12/2012,34.29,34.41,33.38,33.413,33999
03/13/2012,33.65,33.835,33,33.581,50386
03/14/2012,33.42,33.47,31.625,32.181,74283
03/15/2012,32.1,32.9,31.935,32.726,52824
03/16/2012,32.58,32.755,32.135,32.604,36722
03/19/2012,32.575,33.09,32.33,32.955,31081
03/20/2012,32.935,32.96,31.75,31.834,43973
03/21/2012,32.155,32.41,31.865,32.227,36604
03/22/2012,32.155,32.35,31.09,31.345,51616
03/23/2012,31.545,32.3,31.435,32.272,36574
03/26/2012,32.255,32.935,32.02,32.75,31716
03/27/2012,32.84,33.19,32.48,32.616,33102
03/28/2012,32.57,32.685,31.765,31.831,38344
03/29/2012,32.055,32.3,31.63,31.992,33862
03/30/2012,32.275,32.625,32.13,32.484,29982
04/02/2012,32.355,33.25,32.34,33.098,38384
04/03/2012,33,33.295,32.465,33.265,45605
04/04/2012,32.65,32.68,30.98,31.044,63200
04/05/2012,31.28,31.81,31.175,31.73,40024
04/09/2012,31.9,32.1,31.31,31.524,34702
04/10/2012,31.555,31.94,31.11,31.679,51439
04/11/2012,31.78,31.82,31.37,31.521,38912
04/12/2012,31.585,32.58,31.42,32.525,46624
04/13/2012,32.365,32.435,31.295,31.39,47896
04/16/2012,31.445,31.7,31.175,31.373,37799
04/17/2012,31.455,31.91,31.305,31.674,40779
04/18/2012,31.675,31.885,31.34,31.487,35074
04/19/2012,31.59,32.015,31.29,31.779,47993
04/20/2012,31.74,31.905,31.54,31.651,38378
04/23/2012,31.64,31.685,30.45,30.531,62996
04/24/2012,30.82,31.11,30.635,30.746,47067
04/25/2012,30.785,30.965,29.925,30.356,66062
04/26/2012,30.685,31.26,30.595,31.207,43708
04/27/2012,31.085,31.47,30.945,31.411,36734
04/30/2012,31.33,31.445,30.6,31.016,33899
05/01/2012,30.98,31.365,30.79,30.93,24868
05/02/2012,30.985,31.06,30.41,30.645,38348
05/03/2012,30.645,30.675,29.835,30.01,41564
05/04/2012,30.08,30.48,29.78,30.432,42379
05/07/2012,30.31,30.39,29.675,30.122,28351
05/08/2012,30.08,30.125,29.135,29.459,45481
05/09/2012,29.465,29.5,28.615,29.241,46846
05/10/2012,29.25,29.455,28.94,29.178,33021
05/11/2012,28.995,29.1,28.415,28.89,35664
05/14/2012,28.88,29,28.075,28.353,36417
05/15/2012,28.155,28.43,27.565,28.08,40316
05/16/2012,27.615,27.965,26.73,27.196,60320
05/17/2012,27.195,28.295,27.175,28.02,47897
05/18/2012,28.005,28.895,27.78,28.715,44463
05/21/2012,28.685,28.855,28.035,28.321,35869
05/22/2012,28.47,28.775,27.925,28.179,42130
05/23/2012,28.12,28.17,27.08,27.519,59168
05/24/2012,27.76,28.515,27.585,28.157,46683
05/25/2012,28.25,28.565,27.875,28.386,31473
05/29/2012,28.595,28.76,27.71,27.791,55600
05/30/2012,27.79,28.145,27.355,27.983,47762
05/31/2012,27.88,28.19,27.51,27.757,44716
06/01/2012,27.685,28.68,27.17,28.512,65094
06/04/2012,28.68,28.68,27.955,28.007,32417
06/05/2012,28.22,28.545,28.08,28.405,35742
06/06/2012,28.475,29.865,28.41,29.488,63114
06/07/2012,29.465,29.675,28.36,28.529,73325
06/08/2012,28.585,28.65,27.91,28.471,42126
06/11/2012,28.74,29,28.255,28.616,35865
06/12/2012,28.51,29.05,28.315,28.949,42080
06/13/2012,28.9,29.095,28.7,28.941,34046
06/14/2012,28.8,29.075,28.15,28.407,42381
06/15/2012,28.59,28.82,28.48,28.74,30645
06/18/2012,28.99,29.01,28.235,28.671,34525
06/19/2012,28.675,28.9,28.27,28.368,35014
06/20/2012,28.355,28.595,27.63,28.389,60931
06/21/2012,28.04,28.07,26.8,26.839,70340
06/22/2012,26.825,26.995,26.51,26.661,49622
06/25/2012,26.82,27.59,26.565,27.52,74888
06/26/2012,27.465,27.495,26.735,27.038,53358
06/27/2012,27.035,27.275,26.6,26.942,52011
06/28/2012,26.92,27.125,26.105,26.291,62691
06/29/2012,26.325,27.915,26.265,27.612,55491
07/02/2012,27.5,27.605,27.185,27.499,24139
07/03/2012,27.425,28.445,27.39,28.28,31630
07/05/2012,28.235,28.38,27.495,27.672,45194
07/06/2012,27.67,27.795,26.905,26.92,39755
07/09/2012,27.035,27.48,26.87,27.444,22101
07/10/2012,27.44,27.58,26.71,26.882,34626
07/11/2012,26.77,27.24,26.76,27.023,33516
07/12/2012,27.105,27.35,26.425,27.161,41613
07/13/2012,27.16,27.55,27.06,27.369,27263
07/16/2012,27.4,27.425,26.86,27.321,25481
07/17/2012,27.27,27.595,26.72,27.316,38337
07/18/2012,27.26,27.345,26.85,27.095,24787
07/19/2012,27.14,27.575,27.1,27.217,31619
07/20/2012,27.24,27.4,26.74,27.302,39273
07/23/2012,27.2,27.285,26.615,27.042,35626
07/24/2012,26.985,27.145,26.575,26.811,39414
07/25/2012,26.925,27.52,26.78,27.466,42546
07/26/2012,27.3,27.78,27.21,27.446,42526
07/27/2012,27.43,27.85,27.31,27.498,34317
07/30/2012,27.685,28.195,27.515,28.033,30744
07/31/2012,28.125,28.335,27.865,27.914,36104
08/01/2012,27.93,28.02,27.06,27.535,44101
08/02/2012,27.34,27.78,26.88,26.995,43002
08/03/2012,27.105,27.895,26.99,27.801,37445
08/06/2012,27.77,27.95,27.565,27.863,21865
08/07/2012,27.825,28.18,27.735,28.086,29271
08/08/2012,28.055,28.21,27.66,28.075,36277
08/09/2012,27.995,28.185,27.835,28.097,24210
08/10/2012,28.085,28.315,27.53,28.062,40803
08/13/2012,28.09,28.15,27.685,27.767,28031
08/14/2012,27.765,27.97,27.575,27.763,21720
08/15/2012,27.755,27.96,27.43,27.812,30348
08/16/2012,27.755,28.24,27.66,28.212,41947
08/17/2012,28.12,28.29,27.96,28.002,23860
08/20/2012,28.055,28.79,27.875,28.593,31961
08/21/2012,28.755,29.46,28.61,29.428,41067
08/22/2012,29.26,29.885,29.17,29.556,45731
08/23/2012,29.785,30.79,29.76,30.456,66185
08/24/2012,30.5,30.77,30.19,30.621,44524
08/27/2012,30.77,31.225,30.58,31.048,58286
08/28/2012,30.67,30.975,30.485,30.875,45498
08/29/2012,30.86,30.94,30.525,30.837,42548
08/30/2012,30.765,30.97,30.265,30.446,46709
08/31/2012,30.495,31.815,30.295,31.442,58817
09/04/2012,31.735,32.47,31.575,32.411,58174
09/05/2012,32.38,32.43,32,32.329,32363
09/06/2012,32.315,33.04,32.245,32.674,52750
09/07/2012,32.7,33.775,32.005,33.69,59211
09/10/2012,33.71,34.02,33.285,33.633,42219
09/11/2012,33.41,33.875,33.38,33.566,35539
09/12/2012,33.5,34.145,32.51,33.292,67025
09/13/2012,33.3,34.87,32.72,34.778,86221
09/14/2012,34.745,34.985,34.32,34.656,52960
09/17/2012,34.625,34.94,33.845,34.367,43928
09/18/2012,34.34,35.1,34.015,34.718,59582
09/19/2012,34.815,35.025,34.32,34.588,43836
09/20/2012,34.605,34.8,34.12,34.682,46831
09/21/2012,34.68,35.26,34.365,34.638,63594
09/24/2012,34.52,34.585,33.63,33.984,46792
09/25/2012,34.01,34.545,33.715,33.948,47279
09/26/2012,33.79,34.11,33.36,33.94,48678
09/27/2012,33.995,34.815,33.905,34.666,46757
09/28/2012,34.69,34.925,34.33,34.577,48178
10/01/2012,34.53,35.445,34.21,34.952,58158
10/02/2012,34.75,35.115,34.42,34.669,33950
10/03/2012,34.645,34.93,34.515,34.69,32355
10/04/2012,34.655,35.17,34.655,35.101,34973
10/05/2012,35.035,35.145,34.315,34.572,42872
10/08/2012,34.57,34.605,33.62,34.017,33187
10/09/2012,34.025,34.26,33.57,33.985,38651
10/10/2012,33.925,34.19,33.745,34.109,37533
10/11/2012,34.01,34.38,33.815,34.082,33580
10/12/2012,34.03,34.165,33.45,33.669,38299
10/15/2012,33.455,33.47,32.57,32.743,41790
10/16/2012,32.755,33.08,32.655,32.959,29109
10/17/2012,32.985,33.3,32.88,33.232,26210
10/18/2012,33.22,33.325,32.705,32.868,30690
10/19/2012,32.815,32.915,31.945,32.097,47774
10/22/2012,31.99,32.475,31.71,32.252,30194
10/23/2012,32.395,32.5,31.57,31.793,39930
10/24/2012,31.7,32.055,31.535,31.62,38997
10/25/2012,31.745,32.26,31.735,32.078,35484
10/26/2012,32.13,32.38,31.6,32.036,35150
10/29/2012,32.115,32.23,31.68,31.745,16226
10/30/2012,31.79,32.15,31.72,31.816,14462
10/31/2012,31.77,32.435,31.755,32.316,29549
11/01/2012,32.275,32.695,32.19,32.248,30535
11/02/2012,32.28,32.365,30.815,30.857,62648
11/05/2012,30.89,31.25,30.655,31.128,35628
11/06/2012,31.2,32.275,31.07,32.034,49537
11/07/2012,32,32.42,31.215,31.661,65303
11/08/2012,31.83,32.45,31.63,32.24,43057
11/09/2012,32.32,32.785,32.065,32.599,49296
11/12/2012,32.65,32.745,32.175,32.522,32821
11/13/2012,32.405,32.83,32.1,32.487,46457
11/14/2012,32.475,32.93,32.365,32.88,44597
11/15/2012,32.745,32.775,32.15,32.674,55180
11/16/2012,32.585,32.68,32.015,32.37,41818
11/19/2012,32.285,33.215,32.285,33.189,49041
11/20/2012,33.08,33.26,32.86,32.93,45991
11/21/2012,33.17,33.395,32.825,33.35,39057
11/23/2012,33.36,34.16,33.235,34.116,41118
11/26/2012,34.075,34.225,33.885,34.137,66228
11/27/2012,34.16,34.275,33.91,33.981,64031
11/28/2012,33.995,34.04,32.9,33.684,90510
11/29/2012,33.81,34.49,33.61,34.431,59535
11/30/2012,34.315,34.425,33.215,33.279,53331
12/03/2012,33.495,33.93,33.455,33.759,31721
12/04/2012,33.72,33.75,32.745,32.808,48639
12/05/2012,32.88,33.3,32.585,32.957,39488
12/06/2012,32.95,33.33,32.6,33.114,38644
12/07/2012,33.075,33.34,32.68,33.131,40752
12/10/2012,33.125,33.495,33.09,33.377,24949
12/11/2012,33.335,33.345,32.835,33.017,26518
12/12/2012,33.065,33.875,32.995,33.782,46760
12/13/2012,33.52,33.52,32.28,32.355,60389
12/14/2012,32.62,32.795,32.245,32.299,28647
12/17/2012,32.4,32.485,32.08,32.28,28031
12/18/2012,32.34,32.6,31.4,31.669,43558
12/19/2012,31.72,31.87,31.03,31.116,45053
12/20/2012,31.045,31.275,29.635,29.678,80015
12/21/2012,29.955,30.325,29.67,30.203,40684
12/24/2012,30.02,30.395,29.865,29.897,13072
12/26/2012,29.96,30.255,29.85,30.035,15022
12/27/2012,30.05,30.53,29.715,30.24,31211
12/28/2012,30.165,30.365,29.91,29.975,18925
12/31/2012,30.08,30.48,29.92,30.227,18657
01/02/2013,30.37,31.535,30.225,31.007,36529
01/03/2013,31.025,31.225,30.015,30.72,40793
01/04/2013,30.1,30.3,29.24,29.946,64245
01/07/2013,30.235,30.475,29.86,30.082,35265
01/08/2013,30.145,30.59,30.085,30.465,42573
01/09/2013,30.395,30.575,30.065,30.249,34148
01/10/2013,30.385,30.95,30.255,30.918,41341
01/11/2013,30.87,30.94,30.15,30.408,44255
01/14/2013,30.42,31.17,30.38,31.11,41865
01/15/2013,31.065,31.615,30.965,31.529,42639
01/16/2013,31.44,31.57,31.09,31.542,31577
01/17/2013,31.49,31.93,31.05,31.81,51105
01/18/2013,31.745,32.14,31.67,31.932,36766
01/22/2013,31.925,32.365,31.815,32.177,44667
01/23/2013,32.18,32.485,32.1,32.439,35337
01/24/2013,32.24,32.245,31.605,31.722,48656
01/25/2013,31.64,31.815,31.125,31.206,42376
01/28/2013,31.16,33.78,30.745,30.78,37829
01/29/2013,30.85,31.47,30.85,31.184,32350
01/30/2013,31.385,32.3,31.25,32.177,56691
01/31/2013,32.005,32.13,31.12,31.351,56110
02/01/2013,31.42,32.16,31.3,31.958,53464
02/04/2013,31.875,31.925,31.385,31.716,33889
02/05/2013,31.775,32.115,31.62,31.875,42498
02/06/2013,31.795,31.9,31.6,31.877,28250
02/07/2013,31.845,31.935,31.295,31.403,56558
02/08/2013,31.46,31.695,31.33,31.441,36366
02/11/2013,31.45,31.535,30.82,30.91,35758
02/12/2013,30.92,31.16,30.58,31.019,41467
02/13/2013,31.14,31.225,30.73,30.869,35077
02/14/2013,30.76,31.06,30.21,30.353,48445
02/15/2013,30.35,30.46,29.66,29.849,69899
02/19/2013,29.81,30.15,29.175,29.422,75526
02/20/2013,29.41,29.615,28.255,28.622,97743
02/21/2013,28.51,28.88,28.29,28.699,73532
02/22/2013,28.645,28.895,28.335,28.46,43510
02/25/2013,28.785,29.215,28.54,28.987,56861
02/26/2013,28.935,29.43,28.55,29.26,70905
02/27/2013,29.405,29.44,28.865,28.985,54373
02/28/2013,29.015,29.19,28.4,28.432,47177
03/01/2013,28.525,28.79,27.925,28.49,54219
03/04/2013,28.68,28.815,28.43,28.496,27313
03/05/2013,28.595,29.09,28.52,28.604,33646
03/06/2013,28.68,29.14,28.52,28.803,38686
03/07/2013,29.01,29.085,28.74,28.808,29523
03/08/2013,28.855,29.26,28.325,28.948,50432
03/11/2013,28.985,29.085,28.705,28.853,22867
03/12/2013,28.955,29.35,28.87,29.171,26727
03/13/2013,29.13,29.28,28.835,28.958,33467
03/14/2013,28.905,28.955,28.53,28.807,38839
03/15/2013,28.8,29.01,28.69,28.851,23096
03/18/2013,28.85,29.11,28.585,28.874,34416
03/19/2013,28.865,29.09,28.62,28.843,33371
03/20/2013,28.88,28.985,28.4,28.817,26944
03/21/2013,28.8,29.325,28.705,29.212,35667
03/22/2013,29.14,29.17,28.505,28.698,39182
03/25/2013,28.68,28.89,28.46,28.815,35086
03/26/2013,28.815,28.845,28.605,28.679,23152
03/27/2013,28.725,28.785,28.08,28.612,46774
03/28/2013,28.645,28.81,28.17,28.323,34141
04/01/2013,28.21,28.36,27.81,27.944,34514
04/02/2013,27.955,28.14,27.15,27.248,57907
04/03/2013,27.205,27.315,26.67,26.797,63681
04/04/2013,26.91,27.015,26.575,26.767,51524
04/05/2013,26.83,27.3,26.73,27.22,44760
04/08/2013,27.285,27.465,27.07,27.138,31784
04/09/2013,27.22,28.02,27.14,27.881,52480
04/10/2013,27.885,27.965,27.445,27.653,52664
04/11/2013,27.58,27.785,27.34,27.697,39491
04/12/2013,27.575,27.64,25.725,26.331,102652
04/15/2013,25.94,26.045,22.515,23.361,200499
04/16/2013,22.685,23.975,22,23.628,107319
04/17/2013,23.37,23.725,22.835,23.307,83102
04/18/2013,23.275,23.655,22.435,23.245,65399
04/19/2013,23.25,23.82,22.865,22.96,48632
04/22/2013,23.305,23.65,23.07,23.324,52304
04/23/2013,23.345,23.405,22.555,22.817,79429
04/24/2013,22.885,23.325,22.805,22.833,65914
04/25/2013,23.11,24.36,23.02,24.14,76941
04/26/2013,24.34,24.795,23.59,23.758,85932
04/29/2013,24.025,24.58,23.945,24.166,47452
04/30/2013,24.54,24.55,24.015,24.185,34736
05/01/2013,24.32,24.345,23.21,23.343,48280
05/02/2013,23.57,24.19,23.37,23.83,44953
05/03/2013,23.79,24.38,23.415,24.014,55365
05/06/2013,24.15,24.42,23.82,23.955,21925
05/07/2013,24.005,24.04,23.4,23.806,44440
05/08/2013,23.865,24.095,23.64,23.927,35668
05/09/2013,23.9,24.17,23.52,23.911,37226
05/10/2013,23.69,23.875,23.15,23.658,50250
05/13/2013,23.78,23.84,23.47,23.696,31154
05/14/2013,23.62,23.76,23.075,23.379,39972
05/15/2013,23.35,23.45,22.445,22.658,60478
05/16/2013,22.565,22.77,22.06,22.659,45647
05/17/2013,22.65,22.745,22.11,22.352,43264
05/20/2013,22.265,23.24,20.25,22.582,84790
05/21/2013,22.875,22.91,22.015,22.455,56680
05/22/2013,22.36,23.29,22.145,22.472,73271
05/23/2013,22.215,22.645,21.92,22.508,43871
05/24/2013,22.54,22.6,22.27,22.496,25101
05/28/2013,22.36,22.71,22.11,22.193,50235
05/29/2013,22.24,22.48,22.13,22.453,27485
05/30/2013,22.42,23.06,22.31,22.69,49465
05/31/2013,22.705,22.855,22.1,22.243,42739
06/03/2013,22.175,22.915,22.175,22.721,42543
06/04/2013,22.68,22.73,22.225,22.409,33345
06/05/2013,22.505,22.74,22.29,22.472,34051
06/06/2013,22.475,22.84,22.255,22.707,56720
06/07/2013,22.575,22.755,21.51,21.743,78505
06/10/2013,21.565,22.03,21.33,21.925,39817
06/11/2013,21.84,21.96,21.4,21.646,43736
06/12/2013,21.575,21.95,21.455,21.796,35439
06/13/2013,21.7,21.915,21.5,21.583,49367
06/14/2013,21.755,22.5,21.62,21.954,42222
06/17/2013,22.05,22.06,21.605,21.758,29726
06/18/2013,21.765,21.89,21.445,21.677,42465
06/19/2013,21.595,21.85,21.19,21.623,40247
06/20/2013,21.275,21.28,19.515,19.823,120291
06/21/2013,19.59,20.11,19.31,19.959,60027
06/24/2013,20.055,20.175,19.38,19.493,60579
06/25/2013,19.595,19.79,19.4,19.526,64572
06/26/2013,19.56,19.58,18.36,18.587,89816
06/27/2013,18.5,18.955,18.35,18.553,61659
06/28/2013,18.48,19.645,18.17,19.47,78112
07/01/2013,19.5,20.075,19.36,19.578,51822
07/02/2013,19.59,19.79,19.22,19.309,31353
07/03/2013,19.345,19.885,19.315,19.7,36189
07/05/2013,19.75,19.835,18.665,18.736,55511
07/08/2013,18.855,19.265,18.67,19.038,29268
07/09/2013,19.055,19.485,18.93,19.138,33331
07/10/2013,19.21,19.54,18.985,19.165,36747
07/11/2013,19.545,20.25,19.43,19.956,53662
07/12/2013,20.125,20.19,19.62,19.792,27167
07/15/2013,19.865,20.135,19.54,19.839,25175
07/16/2013,19.905,20.045,19.66,19.935,28078
07/17/2013,19.99,20.18,19.23,19.42,57575
07/18/2013,19.25,19.57,19.215,19.389,38130
07/19/2013,19.355,19.6,19.285,19.46,22255
07/22/2013,19.495,20.575,19.495,20.509,50294
07/23/2013,20.515,20.595,20.08,20.254,37249
07/24/2013,20.435,20.49,19.965,20.02,38460
07/25/2013,20.11,20.3,19.75,20.154,32824
07/26/2013,20.225,20.355,19.625,19.771,40463
07/29/2013,19.92,20.2,19.66,19.864,31454
07/30/2013,19.8,19.875,19.5,19.68,29689
07/31/2013,19.705,20.1,19.355,19.628,52163
08/01/2013,19.805,19.955,19.51,19.624,37307
08/02/2013,19.595,20.265,19.185,19.912,59687
08/05/2013,19.85,19.99,19.52,19.72,30039
08/06/2013,19.675,19.78,19.44,19.523,34225
08/07/2013,19.465,19.6,19.1,19.508,41517
08/08/2013,19.525,20.31,19.455,20.193,58327
08/09/2013,20.225,20.58,20.045,20.407,51125
08/12/2013,20.68,21.445,20.62,21.339,68775
08/13/2013,21.37,21.75,21.12,21.343,61970
08/14/2013,21.42,21.855,21.265,21.787,52190
08/15/2013,21.865,23.19,21.705,22.935,89618
08/16/2013,22.935,23.4,22.755,23.322,69144
08/19/2013,23.25,23.605,22.955,23.166,47682
08/20/2013,23.145,23.31,22.28,23.071,58691
08/21/2013,23,23.36,22.755,22.963,52220
08/22/2013,22.85,23.325,22.45,23.035,48801
08/23/2013,23.155,24.11,22.885,23.738,73101
08/26/2013,24.02,24.425,23.8,24.01,56698
08/27/2013,24.345,24.715,23.98,24.651,81229
08/28/2013,24.5,25.12,24.22,24.391,85956
08/29/2013,24.38,24.485,23.7,24.14,69575
08/30/2013,23.895,24.065,23.41,23.513,41579
09/03/2013,23.48,24.53,23.11,24.429,68628
09/04/2013,24.325,24.43,23.375,23.415,48382
09/05/2013,23.51,23.68,23.04,23.255,42362
09/06/2013,23.21,23.99,23.075,23.891,40268
09/09/2013,23.835,24.25,23.44,23.717,26675
09/10/2013,23.74,23.82,22.84,23.016,41652
09/11/2013,22.985,23.25,22.785,23.172,32382
09/12/2013,23.22,23.265,21.75,22.149,51279
09/13/2013,21.88,22.285,21.42,21.72,48779
09/16/2013,22.3,22.49,21.685,22.009,42755
09/17/2013,21.83,22.14,21.64,21.784,34560
09/18/2013,21.77,23.25,21.225,21.564,68278
09/19/2013,22.965,23.445,22.855,23.292,54992
09/20/2013,23.08,23.18,21.755,21.927,57601
09/23/2013,21.89,21.97,21.3,21.857,45370
09/24/2013,21.665,22.035,21.325,21.586,44314
09/25/2013,21.73,21.96,21.49,21.886,39631
09/26/2013,21.805,22.13,21.665,21.766,37709
09/27/2013,21.73,22.175,21.41,21.831,35106
09/30/2013,21.795,22.11,21.435,21.708,32680
10/01/2013,21.7,21.97,20.63,21.175,54183
10/02/2013,21.165,22.04,20.99,21.897,40568
10/03/2013,21.745,21.86,21.44,21.786,30075
10/04/2013,21.735,21.93,21.5,21.752,22804
10/07/2013,21.74,22.495,21.65,22.386,31839
10/08/2013,22.385,22.525,22.11,22.443,32224
10/09/2013,22.315,22.41,21.75,21.891,38874
10/10/2013,21.91,22.25,21.55,21.896,34658
10/11/2013,21.685,21.86,20.95,21.259,47942
10/14/2013,21.39,21.68,21.11,21.354,28238
10/15/2013,21.29,21.525,20.495,21.191,59509
10/16/2013,21.3,21.445,21.12,21.365,35610
10/17/2013,21.39,22.2,21.1,21.947,56660
10/18/2013,21.905,22.05,21.74,21.913,24610
10/21/2013,21.91,22.335,21.85,22.278,30295
10/22/2013,22.22,22.83,21.985,22.79,45453
10/23/2013,22.72,22.82,22.5,22.617,27158
10/24/2013,22.545,22.91,22.51,22.822,32853
10/25/2013,22.73,22.755,22.26,22.639,38217
10/28/2013,22.59,22.715,22.375,22.538,27838
10/29/2013,22.525,22.63,22.3,22.492,31388
10/30/2013,22.525,23.095,22.39,22.983,53587
10/31/2013,22.68,22.69,21.73,21.867,52836
11/01/2013,21.895,21.995,21.705,21.837,35996
11/04/2013,21.87,21.935,21.58,21.7,22164
11/05/2013,21.645,21.79,21.56,21.636,26047
11/06/2013,21.685,22.075,21.62,21.768,33189
11/07/2013,21.815,22.015,21.375,21.657,54856
11/08/2013,21.66,21.905,21.25,21.317,51495
11/11/2013,21.425,21.45,21.23,21.282,27544
11/12/2013,21.345,21.355,20.56,20.778,55872
11/13/2013,20.7,20.855,20.41,20.442,69833
11/14/2013,20.595,20.885,20.57,20.722,54262
11/15/2013,20.755,20.82,20.55,20.727,28964
11/18/2013,20.775,20.8,20.29,20.357,48718
11/19/2013,20.395,20.475,20.2,20.334,43724
11/20/2013,20.345,20.49,19.78,20.058,61598
11/21/2013,19.84,20.045,19.705,19.934,62216
11/22/2013,19.96,20.045,19.81,19.862,41634
11/25/2013,19.83,20.3,19.57,19.882,61046
11/26/2013,20.155,20.29,19.78,19.848,53262
11/27/2013,19.87,20.14,19.65,19.682,46117
11/29/2013,19.685,20.1,19.645,20.033,30274
12/02/2013,19.99,20.01,19.115,19.289,47754
12/03/2013,19.17,19.335,18.975,19.065,38632
12/04/2013,19.1,19.89,18.89,19.83,55030
12/05/2013,19.675,19.72,19.215,19.57,43425
12/06/2013,19.4,19.785,19.165,19.523,39756
12/09/2013,19.555,19.98,19.435,19.701,27756
12/10/2013,19.8,20.43,19.74,20.315,50130
12/11/2013,20.385,20.48,20.21,20.356,32199
12/12/2013,20.305,20.345,19.41,19.453,47365
12/13/2013,19.475,19.74,19.28,19.604,34478
12/16/2013,19.655,20.29,19.445,20.101,36130
12/17/2013,19.975,20.23,19.675,19.84,42566
12/18/2013,19.93,20.265,19.425,20.059,42803
12/19/2013,19.71,19.905,19.1,19.186,48505
12/20/2013,19.205,19.52,19.13,19.453,35831
12/23/2013,19.42,19.52,19.265,19.413,18059
12/24/2013,19.43,19.575,19.31,19.484,11307
12/26/2013,19.48,20.03,19.415,19.916,19216
12/27/2013,19.8,20.105,19.75,20.049,23728
12/30/2013,20.08,20.18,19.46,19.615,28235
12/31/2013,19.575,19.825,18.72,19.37,44338
01/02/2014,19.44,20.44,19.43,20.128,44686
01/03/2014,20.015,20.325,19.985,20.211,28272
01/06/2014,20.135,20.355,19.95,20.103,38845
01/07/2014,20.18,20.28,19.625,19.787,38356
01/08/2014,19.83,19.865,19.31,19.539,45235
01/09/2014,19.525,19.71,19.38,19.683,33060
01/10/2014,19.55,20.25,19.545,20.223,52337
01/13/2014,20.19,20.47,19.955,20.385,36679
01/14/2014,20.39,20.67,20.125,20.282,48791
01/15/2014,20.255,20.27,19.905,20.134,29791
01/16/2014,20.21,20.25,19.97,20.054,27857
01/17/2014,20.1,20.425,19.96,20.304,32152
01/21/2014,20.3,20.435,19.655,19.87,45891
01/22/2014,19.875,19.94,19.735,19.839,17972
01/23/2014,19.775,20.31,19.645,20.01,49947
01/24/2014,20,20.285,19.715,19.765,42716
01/27/2014,19.97,20.09,19.55,19.793,36453
01/28/2014,19.665,19.84,19.455,19.503,35157
01/29/2014,19.57,19.965,19.45,19.552,43346
01/30/2014,19.725,19.73,18.97,19.126,46372
01/31/2014,19.13,19.465,19.065,19.12,34256
02/03/2014,19.095,19.62,19.06,19.409,35666
02/04/2014,19.345,19.51,19.26,19.422,26096
02/05/2014,19.48,20.335,19.435,19.805,49127
02/06/2014,19.885,20.18,19.83,19.928,37597
02/07/2014,19.93,20.09,19.755,19.936,45554
02/10/2014,19.97,20.275,19.96,20.112,46084
02/11/2014,20.055,20.29,19.915,20.153,56199
02/12/2014,20.22,20.39,20.08,20.341,61862
02/13/2014,20.22,20.52,20.125,20.395,42797
02/14/2014,20.48,21.49,20.445,21.421,75402
02/18/2014,21.48,21.98,21.315,21.898,97555
02/19/2014,21.955,21.96,21.375,21.85,58960
02/20/2014,21.555,21.9,21.4,21.684,58933
02/21/2014,21.825,21.975,21.575,21.782,59011
02/24/2014,21.92,22.18,21.52,22.051,76421
02/25/2014,21.96,22.025,21.67,21.963,68509
02/26/2014,21.905,22.07,21.12,21.289,65936
02/27/2014,21.275,21.515,21.025,21.352,52639
02/28/2014,21.295,21.43,21.105,21.241,37007
03/03/2014,21.325,21.74,21.26,21.485,45842
03/04/2014,21.45,21.54,21.04,21.222,43764
03/05/2014,21.21,21.34,21.155,21.271,24442
03/06/2014,21.2,21.65,21.105,21.574,36310
03/07/2014,21.49,21.61,20.755,20.928,59343
03/10/2014,20.93,21.06,20.61,20.91,40324
03/11/2014,20.85,21.325,20.67,20.815,47302
03/12/2014,20.86,21.435,20.82,21.358,58041
03/13/2014,21.33,21.48,21.105,21.198,41707
03/14/2014,21.2,21.795,21.14,21.413,50788
03/17/2014,21.49,21.65,21.125,21.275,33937
03/18/2014,21.19,21.25,20.625,20.862,46679
03/19/2014,20.835,20.965,20.505,20.826,52653
03/20/2014,20.615,20.73,20.14,20.43,46874
03/21/2014,20.32,20.585,20.265,20.31,28419
03/24/2014,20.29,20.315,19.92,20.067,42850
03/25/2014,19.95,20.215,19.905,19.979,36860
03/26/2014,20,20.145,19.68,19.78,37670
03/27/2014,19.755,19.87,19.575,19.708,33838
03/28/2014,19.725,19.92,19.62,19.79,39218
03/31/2014,19.855,20.01,19.725,19.752,32429
04/01/2014,19.775,19.91,19.635,19.688,31247
04/02/2014,19.75,20.145,19.73,20.05,46390
04/03/2014,19.995,20.08,19.66,19.805,32825
04/04/2014,19.835,20.23,19.785,19.946,41025
04/07/2014,19.995,20.015,19.775,19.907,27771
04/08/2014,19.87,20.175,19.85,20.057,47573
04/09/2014,20.04,20.095,19.6,19.77,59556
04/10/2014,19.86,20.4,19.86,20.091,59959
04/11/2014,20.04,20.13,19.91,19.946,38714
04/14/2014,20.035,20.14,19.72,20.01,34864
04/15/2014,19.97,19.995,19.22,19.489,71451
04/16/2014,19.555,19.805,19.325,19.634,31867
04/17/2014,19.635,19.72,19.49,19.596,30079
04/21/2014,19.6,19.705,19.23,19.351,32088
04/22/2014,19.415,19.53,19.285,19.361,47497
04/23/2014,19.405,19.545,19.38,19.438,41387
04/24/2014,19.435,19.91,18.93,19.688,91746
04/25/2014,19.655,19.81,19.515,19.691,57494
04/28/2014,19.77,19.78,19.51,19.619,40883
04/29/2014,19.6,19.63,19.335,19.538,49382
04/30/2014,19.485,19.51,19.06,19.174,50753
05/01/2014,19.19,19.25,18.685,19.043,36489
05/02/2014,19.045,19.7,18.905,19.546,52011
05/05/2014,19.545,19.745,19.485,19.571,27729
05/06/2014,19.625,19.715,19.505,19.645,30188
05/07/2014,19.605,19.77,19.295,19.342,44059
05/08/2014,19.32,19.39,19.125,19.138,33122
05/09/2014,19.19,19.315,19.045,19.121,29971
05/12/2014,19.155,19.67,19.045,19.543,43186
05/13/2014,19.53,19.62,19.365,19.547,27536
05/14/2014,19.55,20.005,19.51,19.775,43826
05/15/2014,19.79,19.835,19.43,19.484,44615
05/16/2014,19.5,19.53,19.255,19.329,32303
05/19/2014,19.37,19.685,19.31,19.353,34145
05/20/2014,19.345,19.465,19.225,19.399,30274
05/21/2014,19.4,19.5,19.265,19.338,29180
05/22/2014,19.4,19.825,19.36,19.52,43747
05/23/2014,19.49,19.525,19.295,19.418,28736
05/27/2014,19.44,19.5,19.025,19.067,56717
05/28/2014,19.07,19.155,18.97,19.059,36465
05/29/2014,19.035,19.095,18.78,19.014,44897
05/30/2014,19.035,19.085,18.615,18.682,43634
06/02/2014,18.795,18.87,18.65,18.739,26966
06/03/2014,18.755,18.92,18.71,18.763,31806
06/04/2014,18.78,18.88,18.72,18.792,23660
06/05/2014,18.8,19.155,18.67,19.083,45755
06/06/2014,19.04,19.2,18.88,18.991,46762
06/09/2014,19.02,19.19,18.985,19.066,34582
06/10/2014,19.055,19.245,18.97,19.168,40750
06/11/2014,19.185,19.33,19.145,19.172,39950
06/12/2014,19.19,19.565,19.15,19.533,62665
06/13/2014,19.525,19.72,19.47,19.655,48726
06/16/2014,19.67,19.875,19.57,19.715,48422
06/17/2014,19.665,19.775,19.435,19.732,40357
06/18/2014,19.74,19.92,19.665,19.778,43009
06/19/2014,19.895,20.925,19.83,20.648,98306
06/20/2014,20.77,20.99,20.58,20.949,81701
06/23/2014,20.865,20.945,20.735,20.916,54150
06/24/2014,20.89,21.17,20.81,21.043,72126
06/25/2014,20.91,21.165,20.705,21.116,72890
06/26/2014,21.055,21.175,20.845,21.162,45345
06/27/2014,21.155,21.25,20.945,21.134,50421
06/30/2014,21.06,21.17,20.805,21.056,48884
07/01/2014,21.07,21.275,21.05,21.117,46011
07/02/2014,21.085,21.335,20.96,21.302,42623
07/03/2014,21.21,21.23,20.82,21.137,41652
07/07/2014,21.2,21.215,20.865,21.014,39998
07/08/2014,21.1,21.245,20.955,21.013,40314
07/09/2014,21.085,21.285,21.04,21.068,36404
07/10/2014,21.12,21.63,21.12,21.508,54604
07/11/2014,21.465,21.565,21.42,21.461,30117
07/14/2014,21.485,21.53,20.9,20.914,53819
07/15/2014,20.975,21.13,20.67,20.889,52557
07/16/2014,20.75,20.88,20.63,20.775,35306
07/17/2014,20.815,21.3,20.76,21.134,49403
07/18/2014,21.205,21.315,20.78,20.886,34671
07/21/2014,20.93,21.165,20.86,21.012,21749
07/22/2014,20.97,21.12,20.785,21.008,35994
07/23/2014,21.025,21.105,20.94,20.995,24128
07/24/2014,20.96,20.97,20.35,20.415,59354
07/25/2014,20.42,20.81,20.35,20.636,39194
07/28/2014,20.715,20.775,20.55,20.567,31660
07/29/2014,20.63,20.845,20.505,20.583,35802
07/30/2014,20.6,20.76,20.48,20.597,31465
07/31/2014,20.645,20.78,20.37,20.412,41493
08/01/2014,20.4,20.58,20.245,20.371,45322
08/04/2014,20.335,20.48,20.17,20.233,32959
08/05/2014,20.18,20.29,19.76,19.833,56371
08/06/2014,19.785,20.135,19.77,20.024,54380
08/07/2014,20.05,20.13,19.88,19.99,42139
08/08/2014,19.995,20.185,19.845,19.941,48336
08/11/2014,19.92,20.11,19.845,20.095,31057
08/12/2014,20.015,20.155,19.875,19.905,43736
08/13/2014,19.925,20.085,19.705,19.845,48703
08/14/2014,19.82,19.985,19.785,19.906,36087
08/15/2014,19.865,19.955,19.505,19.525,53267
08/18/2014,19.58,19.695,19.47,19.635,26561
08/19/2014,19.595,19.7,19.365,19.412,36665
08/20/2014,19.425,19.585,19.395,19.497,41948
08/21/2014,19.465,19.48,19.285,19.415,40257
08/22/2014,19.425,19.55,19.285,19.386,42722
08/25/2014,19.415,19.47,19.295,19.358,27177
08/26/2014,19.325,19.66,19.305,19.386,47892
08/27/2014,19.34,19.475,19.285,19.405,41245
08/28/2014,19.48,19.95,19.47,19.609,58212
08/29/2014,19.54,19.675,19.475,19.492,29947
09/02/2014,19.495,19.565,19.11,19.152,54206
09/03/2014,19.21,19.28,19.135,19.189,28035
09/04/2014,19.215,19.39,19.045,19.138,40515
09/05/2014,19.065,19.28,19.02,19.156,24946
09/08/2014,19.19,19.345,18.93,18.961,29560
09/09/2014,19.055,19.155,18.89,18.92,32555
09/10/2014,19.08,19.125,18.9,18.926,33966
09/11/2014,18.96,18.985,18.57,18.599,59092
09/12/2014,18.685,18.72,18.455,18.606,39099
09/15/2014,18.61,18.71,18.555,18.62,26314
09/16/2014,18.645,18.885,18.61,18.721,40741
09/17/2014,18.695,18.8,18.49,18.734,33292
09/18/2014,18.51,18.62,18.27,18.517,44856
09/19/2014,18.525,18.595,17.78,17.844,63258
09/22/2014,17.855,17.865,17.325,17.774,76993
09/23/2014,17.725,17.99,17.61,17.779,48466
09/24/2014,17.765,17.87,17.51,17.702,51459
09/25/2014,17.675,17.69,17.27,17.438,54829
09/26/2014,17.5,17.725,17.44,17.537,36390
09/29/2014,17.575,17.635,17.43,17.567,27028
09/30/2014,17.46,17.575,16.85,17.057,62479
10/01/2014,16.975,17.44,16.865,17.259,47851
10/02/2014,17.19,17.35,16.93,17.047,39633
10/03/2014,17.06,17.155,16.64,16.826,46871
10/06/2014,16.805,17.36,16.66,17.225,38099
10/07/2014,17.34,17.625,17.085,17.24,41453
10/08/2014,17.195,17.465,17.055,17.064,44830
10/09/2014,17.37,17.72,17.325,17.418,49782
10/10/2014,17.36,17.42,17.205,17.303,30435
10/13/2014,17.36,17.68,17.28,17.345,28012
10/14/2014,17.5,17.57,17.325,17.403,25226
10/15/2014,17.38,17.82,17.02,17.464,64550
10/16/2014,17.45,17.54,17.2,17.437,36259
10/17/2014,17.37,17.44,17.22,17.331,23932
10/20/2014,17.335,17.52,17.25,17.354,22225
10/21/2014,17.42,17.655,17.355,17.549,33369
10/22/2014,17.52,17.535,17.115,17.231,35373
10/23/2014,17.175,17.25,17.035,17.158,29519
10/24/2014,17.2,17.355,17.135,17.182,27724
10/27/2014,17.185,17.23,17.08,17.161,18921
10/28/2014,17.095,17.4,17.06,17.226,30082
10/29/2014,17.2,17.315,17.015,17.264,31316
10/30/2014,17.095,17.205,16.33,16.42,79249
10/31/2014,16.495,16.515,15.635,16.106,79442
11/03/2014,16.11,16.22,15.74,16.201,39656
11/04/2014,16.115,16.165,15.905,15.953,34913
11/05/2014,16.02,16.045,15.12,15.439,80410
11/06/2014,15.34,15.455,15.205,15.413,45165
11/07/2014,15.405,15.88,15.04,15.714,73237
11/10/2014,15.8,15.88,15.48,15.671,46868
11/11/2014,15.595,15.88,15.445,15.678,41774
11/12/2014,15.685,15.765,15.545,15.623,47310
11/13/2014,15.64,15.79,15.535,15.621,36629
11/14/2014,15.63,16.38,15.25,16.314,80767
11/17/2014,16.305,16.455,16.015,16.057,56521
11/18/2014,16.13,16.4,15.97,16.174,43565
11/19/2014,16.165,16.535,15.87,16.294,82926
11/20/2014,16.12,16.32,15.955,16.137,44073
11/21/2014,16.255,16.6,16.095,16.395,70218
11/24/2014,16.365,16.47,16.245,16.376,54266
11/25/2014,16.435,16.69,16.435,16.553,68022
11/26/2014,16.715,16.715,16.515,16.606,34644
11/28/2014,16.54,16.575,15.41,15.556,70085
12/01/2014,15.39,16.81,14.155,16.692,113660
12/02/2014,16.495,16.535,16.07,16.456,57938
12/03/2014,16.465,16.595,16.235,16.412,36127
12/04/2014,16.425,16.68,16.375,16.575,31355
12/05/2014,16.475,16.56,16.22,16.258,36642
12/08/2014,16.25,16.44,16.165,16.276,23668
12/09/2014,16.36,17.23,16.29,17.134,62936
12/10/2014,17.125,17.355,16.95,17.187,45243
12/11/2014,17.065,17.24,16.945,17.112,32553
12/12/2014,17.11,17.23,17.01,17.057,28205
12/15/2014,17.05,17.08,16.135,16.563,41764
12/16/2014,16.205,16.665,15.54,15.752,70815
12/17/2014,15.755,16.06,15.615,15.928,45134
12/18/2014,15.755,16.23,15.74,15.934,32694
12/19/2014,15.875,16.11,15.83,16.03,20764
12/22/2014,16.15,16.175,15.53,15.688,30863
12/23/2014,15.675,15.895,15.56,15.767,22179
12/24/2014,15.775,15.865,15.68,15.71,10231
12/26/2014,15.78,16.305,15.765,16.147,16027
12/29/2014,16.08,16.255,15.72,15.779,25821
12/30/2014,15.81,16.48,15.75,16.276,33809
12/31/2014,16.25,16.31,15.545,15.599,24267
01/02/2015,15.73,16.06,15.51,15.768,31561
01/05/2015,15.795,16.26,15.63,16.213,47134
01/06/2015,16.16,16.74,16.115,16.637,41360
01/07/2015,16.575,16.66,16.3,16.544,33094
01/08/2015,16.545,16.665,16.305,16.385,26986
01/09/2015,16.375,16.625,16.21,16.419,32312
01/12/2015,16.495,16.69,16.43,16.564,24088
01/13/2015,16.59,17.215,16.57,17.156,57775
01/14/2015,17.07,17.095,16.56,16.988,46032
01/15/2015,16.84,17.24,16.71,17.102,56654
01/16/2015,16.965,17.865,16.89,17.75,61985
01/20/2015,17.84,18.045,17.63,17.956,56574
01/21/2015,18.01,18.505,17.915,18.193,54540
01/22/2015,18.16,18.49,17.89,18.36,41315
01/23/2015,18.335,18.415,18.12,18.3,30665
01/26/2015,18.3,18.49,17.865,17.983,33537
01/27/2015,17.92,18.215,17.405,18.084,32070
01/28/2015,18.045,18.175,17.945,18.088,26018
01/29/2015,18,18.05,16.74,16.773,72817
01/30/2015,16.99,17.32,16.815,17.208,43267
02/02/2015,17.155,17.34,16.995,17.251,30450
02/03/2015,17.24,17.75,17.07,17.321,48990
02/04/2015,17.33,17.67,17.17,17.395,38636
02/05/2015,17.37,17.5,16.92,17.196,39138
02/06/2015,17.28,17.37,16.545,16.694,58424
02/09/2015,16.785,17.145,16.685,17.07,38369
02/10/2015,16.965,17.095,16.715,16.873,38057
02/11/2015,16.93,17.075,16.71,16.761,39653
02/12/2015,16.795,17.04,16.605,16.794,39069
02/13/2015,16.84,17.43,16.835,17.294,48520
02/17/2015,17.325,17.4,16.26,16.378,78581
02/18/2015,16.48,16.575,16.23,16.265,48903
02/19/2015,16.445,16.77,16.32,16.381,38470
02/20/2015,16.345,16.555,16.16,16.273,44160
02/23/2015,16.255,16.59,16.065,16.254,42519
02/24/2015,16.3,16.455,16.04,16.188,41215
02/25/2015,16.285,16.7,16.28,16.43,47786
02/26/2015,16.535,16.905,16.52,16.624,40071
02/27/2015,16.565,16.7,16.425,16.558,27257
03/02/2015,16.575,16.79,16.35,16.451,26128
03/03/2015,16.405,16.58,16.07,16.296,39605
03/04/2015,16.26,16.36,16.055,16.158,23862
03/05/2015,16.22,16.355,16.14,16.158,21783
03/06/2015,16.185,16.235,15.745,15.807,41153
03/09/2015,15.93,15.96,15.705,15.776,23779
03/10/2015,15.72,15.825,15.58,15.633,32569
03/11/2015,15.625,15.73,15.26,15.365,39242
03/12/2015,15.47,15.685,15.385,15.516,28398
03/13/2015,15.565,15.66,15.455,15.494,22232
03/16/2015,15.63,15.755,15.49,15.617,25648
03/17/2015,15.625,15.72,15.36,15.578,33602
03/18/2015,15.53,16.095,15.43,15.541,37265
03/19/2015,15.93,16.205,15.795,16.114,38709
03/20/2015,16.125,16.89,16.08,16.883,57332
03/23/2015,16.755,17.09,16.61,16.891,41730
03/24/2015,16.995,17.04,16.805,16.983,33609
03/25/2015,16.935,17.14,16.84,17,28645
03/26/2015,16.97,17.405,16.91,17.14,43164
03/27/2015,17.085,17.195,16.855,17.069,38372
03/30/2015,16.99,16.99,16.625,16.674,30764
03/31/2015,16.705,16.82,16.435,16.598,34612
04/01/2015,16.62,17.075,16.5,17.059,41610
04/02/2015,16.935,17,16.57,16.701,37297
04/03/2015,16.701,16.701,16.701,16.701,0
04/06/2015,16.995,17.31,16.935,17.11,33115
04/07/2015,16.96,16.975,16.73,16.84,29012
04/08/2015,16.845,16.905,16.37,16.454,47267
04/09/2015,16.5,16.51,16.105,16.176,43462
04/10/2015,16.14,16.65,16.14,16.382,47952
04/13/2015,16.42,16.51,16.225,16.291,34341
04/14/2015,16.28,16.34,15.955,16.161,44012
04/15/2015,16.145,16.37,16.045,16.279,40021
04/16/2015,16.29,16.475,16.1,16.284,41823
04/17/2015,16.26,16.49,16.185,16.229,39170
04/20/2015,16.275,16.34,15.82,15.889,51963
04/21/2015,15.92,16.165,15.86,16.008,51601
04/22/2015,15.965,16.075,15.655,15.796,50789
04/23/2015,15.76,15.92,15.705,15.829,43528
04/24/2015,15.84,15.885,15.55,15.636,59833
04/27/2015,15.73,16.445,15.68,16.394,69806
04/28/2015,16.375,16.66,16.275,16.591,58586
04/29/2015,16.62,16.725,16.415,16.702,54186
04/30/2015,16.575,16.73,15.8,16.153,60368
05/01/2015,16.145,16.26,15.895,16.135,31596
05/04/2015,16.13,16.765,16.125,16.441,43204
05/05/2015,16.4,16.705,16.345,16.579,31392
05/06/2015,16.54,16.65,16.385,16.506,29972
05/07/2015,16.535,16.555,16.16,16.297,35468
05/08/2015,16.305,16.555,16.26,16.465,32703
05/11/2015,16.415,16.55,16.2,16.314,33214
05/12/2015,16.285,16.595,16.12,16.526,37568
05/13/2015,16.52,17.235,16.48,17.221,70598
05/14/2015,17.16,17.585,17.07,17.465,60078
05/15/2015,17.46,17.585,17.205,17.563,45108
05/18/2015,17.535,17.775,17.475,17.732,38468
05/19/2015,17.705,17.735,16.87,17.071,57554
05/20/2015,17.095,17.28,16.935,17.113,33615
05/21/2015,17.1,17.25,17,17.132,20212
05/22/2015,17.14,17.335,16.94,17.051,30191
05/26/2015,17.05,17.18,16.645,16.746,47251
05/27/2015,16.735,16.81,16.58,16.647,31979
05/28/2015,16.675,16.775,16.54,16.669,34408
05/29/2015,16.67,16.85,16.64,16.701,28815
06/01/2015,16.695,17.17,16.59,16.68,54857
06/02/2015,16.725,16.84,16.61,16.799,41053
06/03/2015,16.775,16.795,16.375,16.48,52698
06/04/2015,16.48,16.5,16.065,16.103,52050
06/05/2015,16.065,16.16,15.925,15.984,56918
06/08/2015,16.04,16.11,15.88,15.959,44224
06/09/2015,15.92,16.135,15.905,15.957,41991
06/10/2015,15.91,16.19,15.895,15.959,43443
06/11/2015,15.96,16.04,15.77,15.96,48594
06/12/2015,15.98,16.005,15.785,15.825,37044
06/15/2015,15.9,16.235,15.81,16.083,49646
06/16/2015,16.035,16.105,15.85,15.965,33029
06/17/2015,15.965,16.25,15.885,15.947,38139
06/18/2015,16.075,16.43,16.02,16.153,56698
06/19/2015,16.11,16.19,15.87,16.109,35550
06/22/2015,16.1,16.23,15.985,16.142,49447
06/23/2015,16.135,16.175,15.67,15.737,67034
06/24/2015,15.81,15.885,15.72,15.853,46397
06/25/2015,15.85,15.91,15.73,15.808,45376
06/26/2015,15.815,15.865,15.45,15.735,55870
06/29/2015,15.865,16.04,15.66,15.695,48676
06/30/2015,15.77,15.84,15.435,15.581,55189
07/01/2015,15.615,15.685,15.5,15.577,29779
07/02/2015,15.53,15.755,15.45,15.562,32749
07/03/2015,15.63,15.685,15.562,15.562,8387
07/06/2015,15.715,15.82,15.495,15.753,30524
07/07/2015,15.67,15.71,14.62,14.969,86856
07/08/2015,15.005,15.22,14.705,15.163,63767
07/09/2015,15.11,15.525,14.975,15.361,44751
07/10/2015,15.375,15.635,15.34,15.481,28841
07/13/2015,15.555,15.9,15.27,15.457,36339
07/14/2015,15.48,15.48,15.235,15.315,26505
07/15/2015,15.325,15.36,14.96,15.048,34057
07/16/2015,15.06,15.145,14.845,14.984,29358
07/17/2015,14.955,15.005,14.795,14.834,26307
07/20/2015,14.83,14.98,14.49,14.758,58261
07/21/2015,14.635,14.93,14.615,14.785,29820
07/22/2015,14.81,14.865,14.585,14.73,33829
07/23/2015,14.74,14.96,14.545,14.701,27544
07/24/2015,14.615,14.71,14.33,14.488,52295
07/27/2015,14.69,14.74,14.495,14.605,30574
07/28/2015,14.515,14.675,14.51,14.642,25765
07/29/2015,14.64,14.9,14.57,14.743,35542
07/30/2015,14.775,14.815,14.58,14.696,31781
07/31/2015,14.695,14.97,14.51,14.745,45356
08/03/2015,14.75,14.765,14.39,14.515,37306
08/04/2015,14.45,14.625,14.345,14.557,34284
08/05/2015,14.545,14.675,14.465,14.553,34030
08/06/2015,14.545,14.735,14.49,14.677,32174
08/07/2015,14.63,14.99,14.565,14.821,60346
08/10/2015,14.75,15.375,14.705,15.292,55792
08/11/2015,15.23,15.38,15.065,15.284,61469
08/12/2015,15.29,15.57,15.125,15.476,65114
08/13/2015,15.515,15.555,15.265,15.399,45745
08/14/2015,15.4,15.585,15.14,15.213,45533
08/17/2015,15.225,15.375,15.18,15.298,29737
08/18/2015,15.3,15.325,14.68,14.79,61939
08/19/2015,14.865,15.32,14.795,15.179,61252
08/20/2015,15.27,15.56,15.255,15.517,51777
08/21/2015,15.54,15.715,15.105,15.301,56657
08/24/2015,15.345,15.39,14.555,14.762,97482
08/25/2015,14.795,14.93,14.52,14.61,65101
08/26/2015,14.675,14.705,13.91,14.041,66234
08/27/2015,14.1,14.56,14.05,14.417,54442
08/28/2015,14.505,14.67,14.35,14.549,45284
08/31/2015,14.58,14.67,14.39,14.586,29289
09/01/2015,14.595,14.755,14.495,14.62,35961
09/02/2015,14.585,14.815,14.425,14.667,36535
09/03/2015,14.66,14.95,14.55,14.707,31493
09/04/2015,14.69,14.825,14.475,14.549,25906
09/08/2015,14.55,14.88,14.44,14.755,40908
09/09/2015,14.795,14.93,14.56,14.576,33908
09/10/2015,14.59,14.845,14.535,14.645,32515
09/11/2015,14.685,14.745,14.25,14.505,39150
09/14/2015,14.555,14.59,14.31,14.363,24163
09/15/2015,14.365,14.41,14.24,14.326,20467
09/16/2015,14.37,14.965,14.31,14.885,49373
09/17/2015,14.925,15.275,14.77,14.984,41177
09/18/2015,15.12,15.435,15.015,15.163,45221
09/21/2015,15.165,15.245,15.08,15.221,21582
09/22/2015,15.18,15.22,14.695,14.756,44587
09/23/2015,14.765,14.91,14.685,14.789,25265
09/24/2015,14.765,15.18,14.745,15.13,44699
09/25/2015,15.07,15.185,14.945,15.111,28655
09/28/2015,15.07,15.11,14.47,14.538,54715
09/29/2015,14.585,14.7,14.455,14.573,32011
09/30/2015,14.605,14.725,14.435,14.518,36029
10/01/2015,14.5,14.67,14.43,14.511,27320
10/02/2015,14.49,15.3,14.36,15.263,67092
10/05/2015,15.25,15.73,15.1,15.708,57868
10/06/2015,15.62,16.09,15.57,15.984,56311
10/07/2015,15.89,16.115,15.82,16.094,41392
10/08/2015,16.055,16.08,15.375,15.766,56910
10/09/2015,15.68,16.01,15.585,15.818,40156
10/12/2015,15.795,16.075,15.765,15.864,35623
10/13/2015,15.815,15.985,15.615,15.907,38237
10/14/2015,15.91,16.195,15.79,16.117,55252
10/15/2015,16.13,16.195,15.9,16.164,44454
10/16/2015,16.12,16.165,15.935,16.114,31670
10/19/2015,16.015,16.04,15.735,15.841,34847
10/20/2015,15.83,15.965,15.74,15.917,36338
10/21/2015,15.9,15.94,15.61,15.71,38543
10/22/2015,15.68,15.91,15.64,15.837,32731
10/23/2015,15.815,16.1,15.705,15.827,46786
10/26/2015,15.845,15.98,15.77,15.905,24404
10/27/2015,15.84,15.95,15.78,15.863,26860
10/28/2015,15.86,16.37,15.72,16.293,68814
10/29/2015,15.935,16.01,15.535,15.55,60549
10/30/2015,15.6,15.655,15.475,15.567,38106
11/02/2015,15.535,15.55,15.25,15.408,39586
11/03/2015,15.4,15.45,15.2,15.239,34123
11/04/2015,15.255,15.325,15.025,15.058,38268
11/05/2015,15.065,15.09,14.91,14.983,40185
11/06/2015,14.96,15.045,14.685,14.691,53181
11/09/2015,14.73,14.76,14.395,14.413,48624
11/10/2015,14.515,14.555,14.265,14.356,54931
11/11/2015,14.375,14.49,14.23,14.263,47391
11/12/2015,14.275,14.465,14.155,14.225,65687
11/13/2015,14.25,14.35,14.14,14.204,38717
11/16/2015,14.265,14.42,14.17,14.222,41898
11/17/2015,14.22,14.25,14.08,14.171,45781
11/18/2015,14.145,14.21,13.99,14.081,46404
11/19/2015,14.14,14.37,14.09,14.222,46378
11/20/2015,14.23,14.37,14.04,14.096,48292
11/23/2015,14.135,14.155,13.855,14.032,56061
11/24/2015,14.09,14.27,14.02,14.159,50083
11/25/2015,14.16,14.24,13.995,14.158,52729
11/27/2015,14.26,14.29,13.93,14.048,51271
11/30/2015,14.045,14.18,13.975,14.086,27095
12/01/2015,14.06,14.24,14.04,14.083,30735
12/02/2015,14.165,14.21,13.9,14.009,34266
12/03/2015,13.975,14.145,13.805,14.077,45309
12/04/2015,14.1,14.61,14.02,14.528,57108
12/07/2015,14.59,14.64,14.205,14.332,40682
12/08/2015,14.22,14.31,14.065,14.116,36616
12/09/2015,14.13,14.335,14.105,14.189,36379
12/10/2015,14.155,14.225,14.09,14.11,21469
12/11/2015,14.07,14.135,13.75,13.884,51007
12/14/2015,13.9,13.965,13.62,13.695,42343
12/15/2015,13.655,13.81,13.635,13.77,36096
12/16/2015,13.745,14.31,13.745,14.248,51943
12/17/2015,14.195,14.225,13.665,13.703,46265
12/18/2015,13.71,14.195,13.685,14.096,43299
12/21/2015,14.11,14.33,14.045,14.315,36542
12/22/2015,14.24,14.4,14.215,14.314,30262
12/23/2015,14.26,14.345,14.2,14.287,21764
12/24/2015,14.3,14.4,14.265,14.379,13175
12/28/2015,14.365,14.425,13.85,13.884,34318
12/29/2015,13.915,14.055,13.9,13.928,23737
12/30/2015,13.925,13.985,13.75,13.842,23435
12/31/2015,13.865,13.96,13.765,13.803,16809
01/04/2016,13.815,14.185,13.8,13.841,48963
01/05/2016,13.86,14.065,13.845,13.971,28946
01/06/2016,13.95,14.135,13.855,13.976,39490
01/07/2016,13.995,14.385,13.92,14.344,65190
01/08/2016,14.325,14.34,13.87,13.918,51073
01/11/2016,13.965,14.075,13.825,13.866,39564
01/12/2016,13.875,13.91,13.73,13.751,37293
01/13/2016,13.785,14.205,13.75,14.156,47216
01/14/2016,14.175,14.185,13.74,13.748,48364
01/15/2016,13.85,14.135,13.765,13.896,43786
01/19/2016,13.92,14.185,13.84,14.121,45289
01/20/2016,14.035,14.22,13.995,14.16,38094
01/21/2016,14.175,14.21,13.885,14.094,47263
01/22/2016,14.115,14.36,14.02,14.057,43954
01/25/2016,14.065,14.31,14.025,14.254,36178
01/26/2016,14.255,14.58,14.22,14.564,52989
01/27/2016,14.515,14.585,14.36,14.459,36968
01/28/2016,14.51,14.54,14.07,14.232,42191
01/29/2016,14.25,14.31,14.16,14.243,31162
02/01/2016,14.255,14.42,14.2,14.343,34042
02/02/2016,14.345,14.405,14.23,14.289,32618
02/03/2016,14.31,14.82,14.27,14.734,62071
02/04/2016,14.705,14.93,14.65,14.85,49932
02/05/2016,14.88,15.065,14.67,14.778,53212
02/08/2016,15,15.48,14.9,15.426,67423
02/09/2016,15.36,15.47,15.205,15.449,53532
02/10/2016,15.285,15.325,15.11,15.282,55674
02/11/2016,15.285,15.99,15.285,15.794,89542
02/12/2016,15.805,15.845,15.65,15.79,52637
02/16/2016,15.705,15.74,15.155,15.334,84033
02/17/2016,15.275,15.415,15.19,15.377,51830
02/18/2016,15.315,15.57,15.225,15.432,56285
02/19/2016,15.42,15.495,15.29,15.373,48449
02/22/2016,15.365,15.37,14.945,15.184,64847
02/23/2016,15.19,15.32,15.17,15.24,56579
02/24/2016,15.3,15.595,15.185,15.297,81141
02/25/2016,15.24,15.33,15.03,15.17,67352
02/26/2016,15.175,15.26,14.695,14.714,69560
02/29/2016,14.755,14.945,14.61,14.918,49786
03/01/2016,14.915,15.105,14.745,14.756,39707
03/02/2016,14.83,15.045,14.77,15.022,39080
03/03/2016,14.98,15.34,14.865,15.146,41516
03/04/2016,15.23,15.84,15.15,15.694,82739
03/07/2016,15.575,15.83,15.495,15.633,48158
03/08/2016,15.65,15.76,15.35,15.39,51402
03/09/2016,15.37,15.455,15.205,15.366,42994
03/10/2016,15.31,15.665,15.165,15.549,62173
03/11/2016,15.615,15.755,15.48,15.605,44221
03/14/2016,15.52,15.85,15.31,15.521,56918
03/15/2016,15.375,15.42,15.2,15.261,37019
03/16/2016,15.29,15.675,15.21,15.219,45873
03/17/2016,15.625,16.075,15.565,16.033,77457
03/18/2016,15.97,16.17,15.755,15.811,45523
03/21/2016,15.83,15.925,15.725,15.847,33443
03/22/2016,15.855,16.04,15.79,15.885,45270
03/23/2016,15.885,15.935,15.235,15.272,73670
03/24/2016,15.275,15.335,15.105,15.199,39492
03/28/2016,15.19,15.375,15.14,15.19,27006
03/29/2016,15.23,15.375,15.06,15.233,46584
03/30/2016,15.36,15.46,15.175,15.211,43267
03/31/2016,15.215,15.55,15.2,15.464,38801
04/01/2016,15.445,15.48,14.785,15.046,68114
04/04/2016,15.025,15.105,14.895,14.944,35644
04/05/2016,14.94,15.22,14.925,15.116,38827
04/06/2016,15.13,15.195,14.915,15.054,40530
04/07/2016,15.055,15.365,15.055,15.158,49249
04/08/2016,15.215,15.39,15.12,15.384,41592
04/11/2016,15.38,15.985,15.37,15.976,71422
04/12/2016,15.95,16.23,15.8,16.222,72596
04/13/2016,16.2,16.345,16.015,16.325,66253
04/14/2016,16.23,16.27,15.925,16.173,58447
04/15/2016,16.185,16.395,16.11,16.313,45079
04/18/2016,16.295,16.34,16.13,16.253,44476
04/19/2016,16.235,17.11,16.18,16.972,104626
04/20/2016,16.96,17.255,16.855,17.135,89881
04/21/2016,16.96,17.72,16.755,17.09,139733
04/22/2016,17.015,17.36,16.855,16.9,86395
04/25/2016,16.9,17.14,16.81,17.009,60702
04/26/2016,17.005,17.175,16.835,17.11,73269
04/27/2016,17.16,17.435,17.055,17.289,72385
04/28/2016,17.285,17.695,17.185,17.588,71072
04/29/2016,17.63,18.02,17.615,17.819,64738
05/02/2016,17.92,18.06,17.53,17.682,55255
05/03/2016,17.605,17.76,17.365,17.499,59992
05/04/2016,17.45,17.51,17.215,17.301,49081
05/05/2016,17.41,17.685,17.285,17.327,53819
05/06/2016,17.37,17.635,17.22,17.527,51259
05/09/2016,17.46,17.505,16.96,17.089,55525
05/10/2016,17.05,17.19,16.925,17.092,42059
05/11/2016,17.155,17.62,17.125,17.319,49082
05/12/2016,17.445,17.485,17,17.103,52997
05/13/2016,17.025,17.2,16.85,17.132,46342
05/16/2016,17.14,17.43,17.075,17.154,46293
05/17/2016,17.175,17.38,17.055,17.25,40130
05/18/2016,17.285,17.32,16.715,17.132,60006
05/19/2016,16.855,16.95,16.35,16.493,73133
05/20/2016,16.5,16.675,16.435,16.532,38375
05/23/2016,16.5,16.59,16.325,16.423,37628
05/24/2016,16.4,16.455,16.21,16.254,44460
05/25/2016,16.235,16.38,16.185,16.261,44155
05/26/2016,16.335,16.585,16.25,16.343,49153
05/27/2016,16.335,16.395,16.14,16.269,37563
05/31/2016,16.22,16.245,15.915,15.994,67547
06/01/2016,16.02,16.105,15.83,15.927,55824
06/02/2016,15.985,16.065,15.925,16.025,36202
06/03/2016,16.015,16.47,15.97,16.365,56578
06/06/2016,16.415,16.545,16.365,16.447,44117
06/07/2016,16.485,16.49,16.245,16.394,52915
06/08/2016,16.41,17.115,16.39,16.985,70751
06/09/2016,17.055,17.34,16.95,17.268,60849
06/10/2016,17.28,17.38,17.16,17.33,50640
06/13/2016,17.33,17.465,17.105,17.443,61648
06/14/2016,17.46,17.5,17.225,17.424,48076
06/15/2016,17.4,17.635,17.355,17.503,50715
06/16/2016,17.55,17.88,17.17,17.607,82130
06/17/2016,17.21,17.53,17.21,17.411,62268
06/20/2016,17.46,17.66,17.3,17.514,62130
06/21/2016,17.5,17.605,17.19,17.319,73413
06/22/2016,17.31,17.355,17.125,17.312,58293
06/23/2016,17.25,17.5,17.215,17.353,56339
06/24/2016,17.15,18.37,17.105,17.789,81919
06/27/2016,17.79,17.94,17.66,17.744,69183
06/28/2016,17.8,17.88,17.55,17.843,59738
06/29/2016,17.865,18.58,17.845,18.407,86786
06/30/2016,18.36,18.9,18.26,18.623,54738
07/01/2016,18.815,19.98,18.795,19.588,88155
07/05/2016,19.84,21.225,19.61,19.907,169563
07/06/2016,20.015,20.585,19.93,20.203,76564
07/07/2016,20.165,20.335,19.525,19.838,66521
07/08/2016,19.735,20.39,19.28,20.099,80162
07/11/2016,20.4,20.76,20.17,20.304,72018
07/12/2016,20.365,20.595,20.02,20.171,79859
07/13/2016,20.22,20.55,19.955,20.413,60060
07/14/2016,20.45,20.615,20.06,20.322,60568
07/15/2016,20.39,20.395,20.06,20.165,50449
07/18/2016,20.235,20.295,19.77,20.075,49610
07/19/2016,20.115,20.125,19.87,20.007,35618
07/20/2016,19.97,20.05,19.385,19.613,58541
07/21/2016,19.45,19.935,19.27,19.815,59506
07/22/2016,19.87,20.02,19.62,19.689,45343
07/25/2016,19.695,19.76,19.355,19.647,44062
07/26/2016,19.625,19.8,19.49,19.683,31633
07/27/2016,19.71,20.47,19.575,19.995,68986
07/28/2016,20.42,20.585,20.155,20.192,63491
07/29/2016,20.225,20.455,20.005,20.347,63270
08/01/2016,20.41,20.695,20.335,20.5,56350
08/02/2016,20.53,20.835,20.385,20.701,61315
08/03/2016,20.675,20.77,20.405,20.471,45117
08/04/2016,20.45,20.55,20.08,20.443,56853
08/05/2016,20.41,20.47,19.715,19.817,78673
08/08/2016,19.55,19.89,19.515,19.805,48030
08/09/2016,19.75,19.9,19.605,19.85,41749
08/10/2016,19.92,20.515,19.9,20.17,70815
08/11/2016,20.19,20.34,19.905,20.02,71486
08/12/2016,20,20.235,19.66,19.703,76105
08/15/2016,19.755,20.05,19.7,19.847,42437
08/16/2016,19.855,20.12,19.715,19.874,69730
08/17/2016,19.82,19.895,19.375,19.648,77808
08/18/2016,19.695,19.94,19.625,19.74,67797
08/19/2016,19.775,19.8,19.22,19.317,78120
08/22/2016,19.25,19.25,18.71,18.859,87832
08/23/2016,18.865,19.09,18.77,18.922,59488
08/24/2016,18.82,18.965,18.5,18.556,69174
08/25/2016,18.5,18.62,18.44,18.489,52631
08/26/2016,18.49,19.035,18.47,18.651,81592
08/29/2016,18.61,18.88,18.37,18.768,47347
08/30/2016,18.96,19.04,18.645,18.673,54220
08/31/2016,18.66,18.93,18.6,18.707,42303
09/01/2016,18.72,18.995,18.65,18.943,45859
09/02/2016,18.955,19.535,18.825,19.366,67944
09/06/2016,19.47,20.22,19.38,20.138,99642
09/07/2016,20.115,20.235,19.815,19.848,53141
09/08/2016,19.87,20.02,19.63,19.678,48853
09/09/2016,19.68,19.725,19.08,19.368,53213
09/12/2016,19.205,19.245,18.765,19,80455
09/13/2016,19.16,19.35,18.855,18.975,60066
09/14/2016,18.94,19.175,18.845,19.066,36172
09/15/2016,19.02,19.28,18.875,19.041,44499
09/16/2016,19.06,19.085,18.715,18.862,40621
09/19/2016,18.845,19.38,18.84,19.29,47938
09/20/2016,19.22,19.365,19.145,19.277,35459
09/21/2016,19.32,19.955,19.07,19.768,85478
09/22/2016,19.9,20.145,19.785,20.099,69407
09/23/2016,19.96,20.025,19.665,19.81,47205
09/26/2016,19.79,19.825,19.425,19.596,52934
09/27/2016,19.51,19.61,19.045,19.165,65048
09/28/2016,19.19,19.27,18.975,19.121,49929
09/29/2016,19.255,19.46,19.05,19.188,52239
09/30/2016,19.16,19.77,19.12,19.214,70702
10/03/2016,19.26,19.385,18.75,18.868,53214
10/04/2016,18.875,18.94,17.745,17.775,99335
10/05/2016,17.805,18.04,17.585,17.695,75142
10/06/2016,17.785,17.88,17.14,17.345,68853
10/07/2016,17.345,17.685,17.115,17.38,86771
10/10/2016,17.6,17.84,17.57,17.659,56552
10/11/2016,17.66,17.855,17.465,17.509,57562
10/12/2016,17.495,17.64,17.38,17.505,44747
10/13/2016,17.515,17.705,17.43,17.458,48047
10/14/2016,17.525,17.6,17.315,17.441,52679
10/17/2016,17.45,17.515,17.36,17.474,32380
10/18/2016,17.46,17.73,17.455,17.638,57106
10/19/2016,17.625,17.79,17.57,17.663,41476
10/20/2016,17.695,17.745,17.45,17.549,49381
10/21/2016,17.535,17.56,17.395,17.493,33232
10/24/2016,17.52,17.89,17.465,17.604,61313
10/25/2016,17.605,17.82,17.51,17.78,48402
10/26/2016,17.77,17.87,17.575,17.626,47965
10/27/2016,17.615,17.725,17.545,17.639,44158
10/28/2016,17.6,17.935,17.505,17.796,68645
10/31/2016,17.8,17.925,17.755,17.796,47375
11/01/2016,17.89,18.51,17.85,18.418,89028
11/02/2016,18.375,18.75,18.36,18.693,77089
11/03/2016,18.5,18.645,17.995,18.416,79725
11/04/2016,18.36,18.48,18.185,18.371,54835
11/07/2016,18.27,18.29,18.005,18.151,57894
11/08/2016,18.2,18.73,18.175,18.356,81745
11/09/2016,18.4,19.005,18.275,18.378,153929
11/10/2016,18.475,18.99,18.38,18.737,112856
11/11/2016,18.605,18.85,17.17,17.382,167945
11/14/2016,17.39,17.49,16.62,16.893,126942
11/15/2016,16.92,17.135,16.82,17.043,68066
11/16/2016,17.085,17.235,16.855,16.927,59923
11/17/2016,16.96,17.08,16.575,16.772,63637
11/18/2016,16.67,16.745,16.43,16.624,77539
11/21/2016,16.6,16.755,16.505,16.521,53631
11/22/2016,16.58,16.885,16.52,16.632,63398
11/23/2016,16.645,16.725,16.155,16.391,75969
11/25/2016,16.375,16.575,16.15,16.47,89167
11/28/2016,16.56,16.85,16.435,16.583,65294
11/29/2016,16.69,16.78,16.47,16.74,59737
11/30/2016,16.69,16.83,16.465,16.482,57469
12/01/2016,16.555,16.735,16.3,16.506,59178
12/02/2016,16.585,16.87,16.375,16.832,61174
12/05/2016,16.94,17.05,16.545,16.899,52952
12/06/2016,16.79,16.955,16.745,16.81,44809
12/07/2016,16.78,17.3,16.705,17.275,62669
12/08/2016,17.2,17.29,17.025,17.096,45660
12/09/2016,17.075,17.185,16.85,16.967,45150
12/12/2016,16.915,17.265,16.735,17.187,51679
12/13/2016,17.13,17.23,16.83,16.977,44786
12/14/2016,16.965,17.29,16.805,17.221,61674
12/15/2016,16.855,17,15.925,15.958,100979
12/16/2016,15.99,16.33,15.975,16.215,55025
12/19/2016,16.12,16.265,15.955,16.089,36896
12/20/2016,16.015,16.165,15.675,16.117,56957
12/21/2016,16.15,16.24,15.95,15.979,43705
12/22/2016,16,16.085,15.815,15.871,41893
12/23/2016,15.855,15.9,15.735,15.759,24960
12/27/2016,15.805,16.105,15.755,15.989,30646
12/28/2016,16.01,16.14,15.865,16.038,33187
12/29/2016,16.08,16.31,16.04,16.218,40784
12/30/2016,16.225,16.345,15.88,15.989,43311
01/03/2017,15.97,16.55,15.935,16.409,79733
01/04/2017,16.345,16.57,16.3,16.552,52133
01/05/2017,16.495,16.76,16.455,16.637,65863
01/06/2017,16.635,16.715,16.26,16.519,65290
01/09/2017,16.52,16.735,16.455,16.683,44836
01/10/2017,16.615,16.955,16.575,16.848,65901
01/11/2017,16.84,16.905,16.56,16.828,78007
01/12/2017,16.77,17.02,16.755,16.825,61927
01/13/2017,16.805,16.855,16.61,16.765,59317
01/17/2017,16.845,17.245,16.805,17.148,88094
01/18/2017,17.23,17.36,17.06,17.274,57319
01/19/2017,17.075,17.125,16.745,17.002,75995
01/20/2017,17.025,17.195,16.84,17.032,63722
01/23/2017,17.12,17.285,17.075,17.186,50885
01/24/2017,17.25,17.31,17.025,17.185,50633
01/25/2017,17.11,17.13,16.78,16.98,61928
01/26/2017,17.01,17.05,16.68,16.85,52373
01/27/2017,16.8,17.26,16.635,17.136,62626
01/30/2017,17.17,17.295,17.08,17.152,55076
01/31/2017,17.13,17.635,17.105,17.543,70354
02/01/2017,17.57,17.665,17.36,17.45,64466
02/02/2017,17.565,17.745,17.415,17.429,60325
02/03/2017,17.485,17.54,17.26,17.479,64243
02/06/2017,17.52,17.76,17.46,17.693,45823
02/07/2017,17.74,17.795,17.56,17.756,53396
02/08/2017,17.7,17.875,17.62,17.705,63771
02/09/2017,17.78,17.845,17.615,17.741,65187
02/10/2017,17.64,18.02,17.545,17.933,88515
02/13/2017,17.94,18.015,17.755,17.821,58146
02/14/2017,17.81,18.09,17.73,17.889,77016
02/15/2017,17.955,17.99,17.755,17.963,69973
02/16/2017,17.97,18.14,17.935,18.074,69511
02/17/2017,18.075,18.095,17.97,18.03,53853
02/21/2017,17.995,18.07,17.815,18.001,105053
02/22/2017,17.96,18.04,17.905,17.95,71086
02/23/2017,18,18.21,17.925,18.117,96600
02/24/2017,18.16,18.39,18.145,18.339,74554
02/27/2017,18.42,18.54,18.265,18.417,69752
02/28/2017,18.315,18.51,18.28,18.469,61238
03/01/2017,18.36,18.51,18.27,18.489,76126
03/02/2017,18.465,18.48,17.705,17.748,96459
03/03/2017,17.8,18.01,17.66,17.74,78522
03/06/2017,17.99,17.995,17.735,17.773,48119
03/07/2017,17.8,17.82,17.495,17.536,53909
03/08/2017,17.52,17.57,17.24,17.298,57473
03/09/2017,17.255,17.31,16.955,17.036,65979
03/10/2017,16.98,17.105,16.855,16.923,73539
03/13/2017,17.05,17.16,16.965,16.972,47610
03/14/2017,16.985,17.065,16.875,16.923,47092
03/15/2017,16.89,17.37,16.825,16.923,71231
03/16/2017,17.345,17.585,17.255,17.33,76004
03/17/2017,17.34,17.425,17.23,17.413,38602
03/20/2017,17.425,17.475,17.365,17.438,28681
03/21/2017,17.445,17.62,17.34,17.583,55081
03/22/2017,17.565,17.605,17.46,17.578,42471
03/23/2017,17.555,17.71,17.525,17.593,51127
03/24/2017,17.595,17.8,17.54,17.748,41994
03/27/2017,17.805,18.15,17.78,18.108,58605
03/28/2017,18.12,18.26,18.025,18.252,68603
03/29/2017,18.205,18.275,18.055,18.252,55133
03/30/2017,18.25,18.315,18.07,18.206,62551
03/31/2017,18.135,18.29,18.06,18.256,51222
04/03/2017,18.265,18.29,18.09,18.212,44891
04/04/2017,18.305,18.43,18.21,18.323,47465
04/05/2017,18.32,18.325,18.145,18.187,71728
04/06/2017,18.295,18.355,18.165,18.246,49324
04/07/2017,18.25,18.49,17.865,18.151,116015
04/10/2017,17.93,18.025,17.735,17.915,71551
04/11/2017,17.95,18.345,17.91,18.254,79370
04/12/2017,18.35,18.585,18.245,18.3,75919
04/13/2017,18.51,18.605,18.415,18.51,82108
04/17/2017,18.585,18.655,18.37,18.514,58659
04/18/2017,18.43,18.435,18.065,18.272,108451
04/19/2017,18.3,18.325,18.085,18.162,72708
04/20/2017,18.16,18.22,17.845,18.018,112312
04/21/2017,17.995,18.02,17.785,17.856,94469
04/24/2017,17.82,17.91,17.55,17.858,94640
04/25/2017,17.91,17.975,17.525,17.591,99934
04/26/2017,17.575,17.625,17.29,17.363,99965
04/27/2017,17.515,17.54,17.265,17.334,93846
04/28/2017,17.28,17.445,17.185,17.262,62471
05/01/2017,17.24,17.29,16.81,16.842,70384
05/02/2017,16.88,17.015,16.8,16.831,60576
05/03/2017,16.855,16.895,16.415,16.546,84776
05/04/2017,16.485,16.645,16.215,16.303,98264
05/05/2017,16.315,16.53,16.23,16.274,86392
05/08/2017,16.31,16.455,16.23,16.258,52801
05/09/2017,16.235,16.315,16.06,16.067,68562
05/10/2017,16.18,16.345,16.145,16.207,75049
05/11/2017,16.205,16.39,16.165,16.265,63736
05/12/2017,16.33,16.475,16.3,16.402,57722
05/15/2017,16.46,16.815,16.41,16.603,79419
05/16/2017,16.63,16.865,16.61,16.747,70432
05/17/2017,16.85,17.035,16.755,16.906,119164
05/18/2017,16.89,16.945,16.43,16.67,113774
05/19/2017,16.58,16.875,16.565,16.796,75082
05/22/2017,16.87,17.21,16.84,17.191,76087
05/23/2017,17.165,17.305,17.03,17.139,91066
05/24/2017,17.05,17.23,16.895,17.117,79509
05/25/2017,17.215,17.26,17.125,17.193,56213
05/26/2017,17.145,17.38,17.085,17.323,66054
05/30/2017,17.34,17.465,17.205,17.427,74117
05/31/2017,17.385,17.42,17.225,17.406,69459
06/01/2017,17.315,17.37,16.985,17.281,82027
06/02/2017,17.27,17.58,17.115,17.525,99642
06/05/2017,17.55,17.65,17.495,17.581,48594
06/06/2017,17.545,17.745,17.515,17.71,73392
06/07/2017,17.71,17.725,17.505,17.62,66633
06/08/2017,17.56,17.68,17.285,17.414,85338
06/09/2017,17.485,17.495,17.155,17.223,69540
06/12/2017,17.17,17.215,16.89,16.944,91364
06/13/2017,16.945,16.955,16.705,16.767,96274
06/14/2017,16.82,17.365,16.79,17.136,125328
06/15/2017,16.875,17.065,16.62,16.716,99484
06/16/2017,16.72,16.8,16.62,16.661,66837
06/19/2017,16.67,16.68,16.445,16.502,72542
06/20/2017,16.465,16.605,16.36,16.417,77955
06/21/2017,16.415,16.495,16.315,16.374,81374
06/22/2017,16.4,16.64,16.4,16.509,90423
06/23/2017,16.515,16.76,16.515,16.647,74300
06/26/2017,16.695,16.745,16.225,16.572,80036
06/27/2017,16.55,16.72,16.49,16.588,82566
06/28/2017,16.62,16.83,16.615,16.727,75516
06/29/2017,16.835,16.915,16.615,16.654,94806
06/30/2017,16.635,16.705,16.505,16.627,68060
07/03/2017,16.635,16.645,16.075,16.092,89217
07/05/2017,16.135,16.19,15.85,15.896,132201
07/06/2017,16.055,16.08,15.91,15.983,65000
07/07/2017,16.025,16.14,15.32,15.425,152802
07/10/2017,15.58,15.705,15.145,15.629,122268
07/11/2017,15.64,15.83,15.425,15.745,93883
07/12/2017,15.81,15.995,15.71,15.887,94050
07/13/2017,15.875,15.955,15.66,15.691,75577
07/14/2017,15.66,16.07,15.575,15.933,90093
07/17/2017,15.99,16.17,15.935,16.099,77645
07/18/2017,16.08,16.31,16.06,16.268,88134
07/19/2017,16.265,16.345,16.125,16.297,80622
07/20/2017,16.25,16.395,16.11,16.345,83590
07/21/2017,16.28,16.51,16.28,16.457,58385
07/24/2017,16.5,16.575,16.405,16.443,61270
07/25/2017,16.46,16.605,16.225,16.542,74473
07/26/2017,16.465,16.68,16.28,16.459,65739
07/27/2017,16.64,16.81,16.54,16.573,66786
07/28/2017,16.575,16.75,16.505,16.695,48722
07/31/2017,16.745,16.87,16.665,16.786,54746
08/01/2017,16.835,16.845,16.59,16.764,60358
08/02/2017,16.695,16.96,16.455,16.733,76124
08/03/2017,16.57,16.68,16.42,16.63,57105
08/04/2017,16.7,16.75,16.17,16.252,94930
08/07/2017,16.27,16.28,16.095,16.251,56468
08/08/2017,16.24,16.46,16.205,16.389,78267
08/09/2017,16.44,16.945,16.43,16.863,103706
08/10/2017,16.94,17.24,16.85,17.065,101696
08/11/2017,17.125,17.195,16.88,17.07,93041
08/14/2017,17.13,17.215,16.925,17.122,72719
08/15/2017,17.06,17.065,16.56,16.714,96559
08/16/2017,16.64,17.13,16.61,16.94,98306
08/17/2017,17.12,17.175,16.965,17.053,96966
08/18/2017,17.035,17.32,16.85,17,112274
08/21/2017,16.935,17.12,16.83,17.015,88901
08/22/2017,17.005,17.115,16.87,16.982,86527
08/23/2017,16.98,17.105,16.91,17.046,79029
08/24/2017,17.085,17.1,16.815,16.963,101346
08/25/2017,16.955,17.18,16.715,17.049,115989
08/28/2017,17.055,17.48,17.02,17.441,97652
08/29/2017,17.54,17.665,17.255,17.426,113736
08/30/2017,17.44,17.555,17.37,17.503,87226
08/31/2017,17.51,17.695,17.34,17.575,79977
09/01/2017,17.66,17.825,17.505,17.816,99149
09/05/2017,17.88,18.09,17.835,17.941,123091
09/06/2017,17.98,18.07,17.885,17.91,70784
09/07/2017,17.95,18.225,17.865,18.116,88015
09/08/2017,18.205,18.29,17.965,18.123,84923
09/11/2017,17.92,17.99,17.77,17.902,77987
09/12/2017,17.885,17.975,17.785,17.89,61334
09/13/2017,17.97,18.125,17.725,17.867,80739
09/14/2017,17.845,17.865,17.66,17.789,83941
09/15/2017,17.845,17.915,17.63,17.701,74016
09/18/2017,17.655,17.675,17.11,17.156,83368
09/19/2017,17.245,17.375,17.16,17.279,67628
09/20/2017,17.345,17.445,17.01,17.334,79415
09/21/2017,17.225,17.225,16.865,17.018,84994
09/22/2017,17.035,17.1,16.94,16.984,52171
09/25/2017,17.03,17.225,16.87,17.147,88807
09/26/2017,17.2,17.295,16.815,16.883,85598
09/27/2017,16.87,16.94,16.75,16.827,82289
09/28/2017,16.78,16.925,16.705,16.847,67332
09/29/2017,16.9,16.905,16.64,16.676,70358
10/02/2017,16.67,16.75,16.565,16.654,61413
10/03/2017,16.605,16.69,16.57,16.65,46399
10/04/2017,16.665,16.92,16.555,16.624,70993
10/05/2017,16.62,16.77,16.59,16.638,52850
10/06/2017,16.61,16.89,16.345,16.79,102408
10/09/2017,16.85,17.03,16.765,16.971,54828
10/10/2017,16.99,17.28,16.96,17.207,86448
10/11/2017,17.15,17.265,17.085,17.133,65118
10/12/2017,17.19,17.29,17.135,17.266,59193
10/13/2017,17.275,17.45,17.2,17.411,76290
10/16/2017,17.425,17.495,17.135,17.369,76431
10/17/2017,17.26,17.28,16.985,17.041,87407
10/18/2017,17.045,17.12,16.92,16.997,67714
10/19/2017,17.015,17.315,16.93,17.255,104054
10/20/2017,17.275,17.315,16.945,17.078,96816
10/23/2017,17.035,17.13,16.87,17.075,89287
10/24/2017,17.1,17.17,16.89,16.966,85318
10/25/2017,16.96,17.05,16.81,16.925,90310
10/26/2017,16.96,17.045,16.755,16.811,89310
10/27/2017,16.8,16.87,16.6,16.752,102188
10/30/2017,16.85,16.9,16.69,16.847,62105
10/31/2017,16.865,16.91,16.645,16.693,70526
11/01/2017,16.71,17.21,16.67,17.176,122164
11/02/2017,17.15,17.255,17.05,17.137,103693
11/03/2017,17.125,17.195,16.77,16.834,103898
11/06/2017,16.835,17.27,16.795,17.235,100583
11/07/2017,17.23,17.24,16.92,16.94,94388
11/08/2017,16.95,17.265,16.95,17.138,91195
11/09/2017,17.06,17.145,16.91,16.975,101133
11/10/2017,16.995,17.095,16.785,16.871,91043
11/13/2017,16.86,17.07,16.82,17.047,71765
11/14/2017,17.06,17.095,16.86,17.073,74762
11/15/2017,17.025,17.205,16.94,16.971,103792
11/16/2017,16.975,17.125,16.945,17.072,74472
11/17/2017,17.08,17.385,17.02,17.373,99243
11/20/2017,17.335,17.335,16.82,16.842,141895
11/21/2017,16.9,17.035,16.885,16.96,81658
11/22/2017,16.95,17.15,16.925,17.112,84417
11/24/2017,17.12,17.135,16.94,16.992,83455
11/27/2017,17.02,17.17,16.98,17.02,80438
11/28/2017,17.02,17.08,16.72,16.822,96960
11/29/2017,16.92,16.965,16.555,16.561,112596
11/30/2017,16.585,16.625,16.345,16.474,93591
12/01/2017,16.455,16.585,16.265,16.388,96685
12/04/2017,16.37,16.455,16.265,16.373,71483
12/05/2017,16.34,16.38,16.04,16.068,85983
12/06/2017,16.135,16.17,15.935,15.955,71284
12/07/2017,15.97,16.005,15.66,15.802,76247
12/08/2017,15.745,15.91,15.72,15.823,73209
12/11/2017,15.845,15.905,15.7,15.785,57101
12/12/2017,15.73,15.83,15.635,15.668,64633
12/13/2017,15.74,16.18,15.685,15.869,84811
12/14/2017,16.1,16.15,15.855,15.934,72915
12/15/2017,15.92,16.12,15.915,16.063,56984
12/18/2017,16.085,16.215,16.05,16.205,47264
12/19/2017,16.18,16.26,16.095,16.153,55048
12/20/2017,16.17,16.32,16.15,16.275,57403
12/21/2017,16.235,16.305,16.14,16.239,46179
12/22/2017,16.18,16.485,16.165,16.444,50574
12/26/2017,16.445,16.64,16.365,16.604,42298
12/27/2017,16.61,16.785,16.555,16.756,58144
12/28/2017,16.745,16.93,16.71,16.923,63435
12/29/2017,16.905,17.175,16.865,17.145,69874
01/02/2018,17.035,17.25,16.985,17.206,78644
01/03/2018,17.225,17.285,17.065,17.267,91813
01/04/2018,17.155,17.32,17.025,17.269,96729
01/05/2018,17.265,17.325,17.13,17.285,83274
01/08/2018,17.27,17.3,17.065,17.144,85867
01/09/2018,17.16,17.17,16.945,17.01,93764
01/10/2018,16.985,17.22,16.93,17.035,112061
01/11/2018,17,17.065,16.88,16.966,111343
01/12/2018,17,17.3,16.995,17.141,116467
01/16/2018,17.235,17.45,16.8,17.189,178831
01/17/2018,17.21,17.31,16.98,17.166,101592
01/18/2018,16.99,17.14,16.915,16.954,91128
01/19/2018,16.96,17.13,16.96,17.036,58152
01/22/2018,17.045,17.105,16.945,16.989,55133
01/23/2018,16.99,17.09,16.735,16.913,89802
01/24/2018,17.04,17.625,16.985,17.489,122201
01/25/2018,17.555,17.705,17.125,17.615,132609
01/26/2018,17.29,17.53,17.235,17.441,78908
01/29/2018,17.42,17.47,17.085,17.127,86258
01/30/2018,17.14,17.31,17.04,17.058,82042
01/31/2018,17.105,17.375,17.065,17.241,102774
02/01/2018,17.295,17.375,17.07,17.155,87758
02/02/2018,17.18,17.225,16.52,16.709,129684
02/05/2018,16.61,16.865,16.51,16.671,94881
02/06/2018,16.71,16.955,16.54,16.58,100240
02/07/2018,16.59,16.73,16.21,16.238,118215
02/08/2018,16.35,16.425,16.19,16.341,99839
02/09/2018,16.34,16.405,16.13,16.139,87582
02/12/2018,16.295,16.58,16.28,16.57,80178
02/13/2018,16.515,16.645,16.41,16.528,72463
02/14/2018,16.525,16.905,16.325,16.878,105019
02/15/2018,16.83,16.95,16.605,16.796,81010
02/16/2018,16.835,16.915,16.575,16.712,77566
02/20/2018,16.6,16.69,16.385,16.438,113719
02/21/2018,16.42,16.745,16.34,16.617,91973
02/22/2018,16.475,16.665,16.365,16.587,78531
02/23/2018,16.59,16.605,16.465,16.484,52965
02/26/2018,16.47,16.72,16.43,16.55,68118
02/27/2018,16.665,16.72,16.34,16.434,102322
02/28/2018,16.44,16.52,16.36,16.407,58937
03/01/2018,16.43,16.565,16.16,16.276,100435
03/02/2018,16.495,16.595,16.4,16.466,71355
03/05/2018,16.53,16.62,16.37,16.412,55301
03/06/2018,16.42,16.895,16.41,16.784,99502
03/07/2018,16.81,16.89,16.435,16.494,93850
03/08/2018,16.505,16.575,16.43,16.5,67644
03/09/2018,16.51,16.71,16.33,16.608,89986
03/12/2018,16.605,16.635,16.43,16.536,50514
03/13/2018,16.535,16.69,16.465,16.627,70994
03/14/2018,16.595,16.67,16.515,16.537,59932
03/15/2018,16.53,16.58,16.37,16.422,71441
03/16/2018,16.385,16.495,16.205,16.272,68691
03/19/2018,16.305,16.345,16.2,16.325,65289
03/20/2018,16.31,16.34,16.1,16.185,69859
03/21/2018,16.165,16.665,16.155,16.419,111653
03/22/2018,16.565,16.61,16.33,16.387,81211
03/23/2018,16.375,16.675,16.375,16.582,96619
03/26/2018,16.56,16.795,16.525,16.684,81048
03/27/2018,16.69,16.81,16.465,16.541,98533
03/28/2018,16.515,16.56,16.22,16.253,95081
03/29/2018,16.28,16.34,16.195,16.268,76951
04/02/2018,16.3,16.68,16.3,16.672,79434
04/03/2018,16.59,16.605,16.34,16.392,87045
04/04/2018,16.4,16.515,16.22,16.254,100824
04/05/2018,16.29,16.395,16.15,16.355,76784
04/06/2018,16.355,16.475,16.24,16.362,82819
04/09/2018,16.42,16.54,16.295,16.529,74343
04/10/2018,16.485,16.64,16.41,16.596,93601
04/11/2018,16.56,16.89,16.515,16.768,141790
04/12/2018,16.665,16.69,16.43,16.473,106204
04/13/2018,16.46,16.68,16.445,16.658,63952
04/16/2018,16.655,16.77,16.545,16.677,76462
04/17/2018,16.67,16.805,16.575,16.787,89705
04/18/2018,16.785,17.275,16.73,17.248,176549
04/19/2018,17.215,17.36,17.09,17.239,141085
04/20/2018,17.235,17.26,17.04,17.163,91618
04/23/2018,17.135,17.135,16.58,16.587,143527
04/24/2018,16.62,16.735,16.53,16.703,119142
04/25/2018,16.7,16.71,16.475,16.502,81365
04/26/2018,16.54,16.58,16.385,16.491,69508
04/27/2018,16.565,16.61,16.48,16.497,63489
04/30/2018,16.555,16.58,16.225,16.401,72623
05/01/2018,16.345,16.37,16.07,16.127,83167
05/02/2018,16.19,16.565,16.175,16.375,100224
05/03/2018,16.405,16.62,16.385,16.447,68255
05/04/2018,16.455,16.56,16.39,16.519,47074
05/07/2018,16.55,16.6,16.43,16.495,42533
05/08/2018,16.505,16.55,16.335,16.472,76501
05/09/2018,16.51,16.655,16.375,16.539,73200
05/10/2018,16.52,16.79,16.5,16.759,86181
05/11/2018,16.76,16.865,16.67,16.752,55517
05/14/2018,16.7,16.76,16.515,16.645,54336
05/15/2018,16.54,16.565,16.205,16.269,94150
05/16/2018,16.285,16.435,16.19,16.371,63078
05/17/2018,16.385,16.505,16.335,16.481,65785
05/18/2018,16.44,16.485,16.37,16.455,42267
05/21/2018,16.43,16.535,16.28,16.52,63888
05/22/2018,16.53,16.7,16.465,16.575,73530
05/23/2018,16.555,16.6,16.33,16.405,89459
05/24/2018,16.475,16.715,16.42,16.687,91016
05/25/2018,16.69,16.74,16.5,16.546,69855
05/29/2018,16.53,16.53,16.31,16.373,104493
05/30/2018,16.375,16.58,16.325,16.544,65128
05/31/2018,16.525,16.615,16.41,16.458,74056
06/01/2018,16.43,16.515,16.335,16.441,71122
06/04/2018,16.42,16.56,16.38,16.431,55723
06/05/2018,16.44,16.55,16.37,16.543,77131
06/06/2018,16.505,16.765,16.505,16.694,116383
06/07/2018,16.71,16.935,16.67,16.815,123775
06/08/2018,16.745,16.86,16.645,16.741,72200
06/11/2018,16.805,16.975,16.77,16.952,79696
06/12/2018,16.96,16.98,16.775,16.891,80921
06/13/2018,16.875,17.145,16.825,16.991,109681
06/14/2018,17.075,17.35,16.965,17.262,143012
06/15/2018,17.195,17.275,16.46,16.48,162916
06/18/2018,16.55,16.635,16.425,16.44,77781
06/19/2018,16.47,16.55,16.24,16.323,117421
06/20/2018,16.305,16.37,16.25,16.309,72537
06/21/2018,16.29,16.36,16.19,16.326,84586
06/22/2018,16.31,16.485,16.31,16.459,71315
06/25/2018,16.445,16.485,16.29,16.328,72140
06/26/2018,16.32,16.35,16.14,16.25,84544
06/27/2018,16.28,16.295,15.945,16.151,96137
06/28/2018,16.125,16.185,15.965,16.041,109587
06/29/2018,16.05,16.22,16,16.198,67259
07/02/2018,16.145,16.18,15.8,15.835,82699
07/03/2018,15.88,16.085,15.815,16.043,72279
07/05/2018,16.06,16.195,15.97,16.097,89467
07/06/2018,16.065,16.19,15.985,16.069,57348
07/09/2018,16.065,16.26,16.055,16.139,62138
07/10/2018,16.15,16.2,15.92,16.087,68888
07/11/2018,16.105,16.11,15.805,15.817,86972
07/12/2018,15.825,16.025,15.78,15.977,64138
07/13/2018,15.98,16.015,15.7,15.815,76009
07/16/2018,15.805,15.9,15.765,15.812,47295
07/17/2018,15.8,15.885,15.56,15.617,80889
07/18/2018,15.585,15.625,15.41,15.574,71769
07/19/2018,15.565,15.59,15.185,15.402,103529
07/20/2018,15.33,15.565,15.25,15.549,80168
07/23/2018,15.54,15.58,15.35,15.425,61389
07/24/2018,15.395,15.63,15.34,15.52,70890
07/25/2018,15.48,15.655,15.47,15.589,60419
07/26/2018,15.62,15.7,15.39,15.495,56666
07/27/2018,15.4,15.57,15.345,15.493,58272
07/30/2018,15.46,15.565,15.415,15.537,42335
07/31/2018,15.51,15.635,15.38,15.559,75389
08/01/2018,15.535,15.56,15.39,15.452,58314
08/02/2018,15.405,15.49,15.3,15.385,62233
08/03/2018,15.31,15.575,15.25,15.462,72018
08/06/2018,15.445,15.505,15.29,15.348,52411
08/07/2018,15.305,15.505,15.305,15.373,61167
08/08/2018,15.38,15.47,15.29,15.432,59943
08/09/2018,15.44,15.525,15.38,15.462,63858
08/10/2018,15.46,15.465,15.29,15.295,80405
08/13/2018,15.3,15.345,14.97,14.982,104734
08/14/2018,14.98,15.105,14.975,15.053,66777
08/15/2018,15.06,15.07,14.345,14.454,142150
08/16/2018,14.455,14.825,14.315,14.713,111780
08/17/2018,14.635,14.8,14.575,14.631,74433
08/20/2018,14.725,14.83,14.625,14.67,71912
08/21/2018,14.735,14.83,14.7,14.766,69404
08/22/2018,14.77,14.875,14.67,14.75,97015
08/23/2018,14.75,14.75,14.45,14.542,92197
08/24/2018,14.465,14.855,14.45,14.794,93526
08/27/2018,14.82,14.885,14.715,14.859,70949
08/28/2018,14.86,14.95,14.605,14.774,95483
08/29/2018,14.65,14.725,14.585,14.697,68753
08/30/2018,14.78,14.825,14.545,14.594,81127
08/31/2018,14.595,14.76,14.525,14.557,59455
09/04/2018,14.575,14.59,14.035,14.18,141416
09/05/2018,14.19,14.265,14.125,14.22,67288
09/06/2018,14.22,14.34,14.13,14.181,72884
09/07/2018,14.19,14.29,14.105,14.17,77327
09/10/2018,14.16,14.285,14.11,14.181,54121
09/11/2018,14.2,14.265,13.965,14.153,81308
09/12/2018,14.16,14.315,14.105,14.293,83948
09/13/2018,14.295,14.39,14.19,14.244,82527
09/14/2018,14.215,14.315,14.07,14.142,63768
09/17/2018,14.095,14.285,14.065,14.223,56906
09/18/2018,14.23,14.265,14.105,14.185,69075
09/19/2018,14.185,14.375,14.175,14.28,79411
09/20/2018,14.285,14.385,14.21,14.305,87102
09/21/2018,14.35,14.465,14.18,14.359,102098
09/24/2018,14.325,14.42,14.22,14.341,65873
09/25/2018,14.295,14.595,14.25,14.493,97950
09/26/2018,14.5,14.545,14.34,14.401,88576
09/27/2018,14.375,14.48,14.195,14.29,87457
09/28/2018,14.27,14.755,14.255,14.712,113071
10/01/2018,14.725,14.725,14.395,14.507,84966
10/02/2018,14.535,14.95,14.47,14.693,106105
10/03/2018,14.73,14.855,14.65,14.67,66411
10/04/2018,14.665,14.805,14.56,14.59,77160
10/05/2018,14.62,14.75,14.54,14.649,59279
10/08/2018,14.665,14.7,14.285,14.329,88556
10/09/2018,14.42,14.47,14.285,14.4,65016
10/10/2018,14.42,14.455,14.255,14.326,61498
10/11/2018,14.335,14.65,14.275,14.606,97854
10/12/2018,14.62,14.735,14.54,14.635,68828
10/15/2018,14.625,14.805,14.615,14.727,64042
10/16/2018,14.725,14.88,14.64,14.701,67283
10/17/2018,14.675,14.76,14.615,14.663,59830
10/18/2018,14.625,14.68,14.47,14.604,76137
10/19/2018,14.6,14.74,14.58,14.65,56131
10/22/2018,14.65,14.715,14.54,14.587,57806
10/23/2018,14.585,14.84,14.54,14.793,86175
10/24/2018,14.775,14.83,14.66,14.676,64151
10/25/2018,14.72,14.8,14.61,14.63,70469
10/26/2018,14.66,14.795,14.595,14.7,83353
10/29/2018,14.72,14.78,14.405,14.442,93783
10/30/2018,14.47,14.53,14.375,14.462,76301
10/31/2018,14.48,14.49,14.24,14.282,79224
11/01/2018,14.26,14.83,14.255,14.777,121884
11/02/2018,14.78,14.92,14.655,14.756,104111
11/05/2018,14.74,14.775,14.595,14.647,67835
11/06/2018,14.66,14.715,14.48,14.5,69778
11/07/2018,14.54,14.73,14.475,14.569,83277
11/08/2018,14.57,14.575,14.365,14.423,91310
11/09/2018,14.42,14.425,14.08,14.14,110451
11/12/2018,14.15,14.18,13.955,14.011,72075
11/13/2018,13.975,14.105,13.92,13.977,90145
11/14/2018,13.97,14.17,13.86,14.08,93281
11/15/2018,14.1,14.325,14.07,14.263,79834
11/16/2018,14.27,14.4,14.215,14.382,76506
11/19/2018,14.4,14.42,14.325,14.403,63193
11/20/2018,14.41,14.475,14.205,14.269,102452
11/21/2018,14.325,14.54,14.26,14.502,77875
11/23/2018,14.49,14.52,14.165,14.243,99137
11/26/2018,14.29,14.415,14.18,14.205,82235
11/27/2018,14.205,14.265,14.05,14.084,84454
11/28/2018,14.105,14.36,14.07,14.325,84402
11/29/2018,14.42,14.47,14.34,14.402,78085
11/30/2018,14.375,14.41,14.115,14.217,75357
12/03/2018,14.335,14.645,14.28,14.499,96836
12/04/2018,14.5,14.745,14.46,14.64,76605
12/05/2018,14.605,14.62,14.49,14.582,32859
12/06/2018,14.585,14.59,14.415,14.509,64479
12/07/2018,14.55,14.735,14.51,14.696,62234
12/10/2018,14.735,14.735,14.565,14.605,51848
12/11/2018,14.63,14.82,14.605,14.628,75441
12/12/2018,14.65,14.895,14.63,14.851,65799
12/13/2018,14.86,14.9,14.765,14.855,50191
12/14/2018,14.83,14.85,14.56,14.637,63952
12/17/2018,14.655,14.775,14.62,14.759,42580
12/18/2018,14.735,14.79,14.68,14.701,45545
12/19/2018,14.705,14.9,14.615,14.818,70301
12/20/2018,14.68,14.915,14.62,14.869,76597
12/21/2018,14.84,14.86,14.665,14.702,51281
12/24/2018,14.735,14.875,14.715,14.82,30107
12/26/2018,14.875,15.25,14.78,15.123,76656
12/27/2018,15.115,15.335,15.005,15.31,78861
12/28/2018,15.295,15.46,15.285,15.436,57378
12/31/2018,15.46,15.575,15.39,15.54,53731
01/02/2019,15.55,15.68,15.385,15.649,89234
01/03/2019,15.63,15.815,15.55,15.797,90481
01/04/2019,15.805,15.955,15.645,15.786,94060
01/07/2019,15.8,15.88,15.68,15.756,54182
01/08/2019,15.725,15.745,15.56,15.713,64407
01/09/2019,15.715,15.825,15.63,15.735,78689
01/10/2019,15.8,15.83,15.585,15.643,63405
01/11/2019,15.625,15.78,15.59,15.656,62442
01/14/2019,15.64,15.7,15.585,15.686,48105
01/15/2019,15.69,15.735,15.575,15.62,61682
01/16/2019,15.62,15.685,15.52,15.638,49138
01/17/2019,15.625,15.645,15.48,15.536,54252
01/18/2019,15.585,15.605,15.35,15.399,54650
01/22/2019,15.375,15.385,15.195,15.325,82298
01/23/2019,15.345,15.445,15.275,15.38,56859
01/24/2019,15.37,15.405,15.245,15.3,47642
01/25/2019,15.32,15.765,15.3,15.699,78484
01/28/2019,15.755,15.83,15.61,15.765,57718
01/29/2019,15.755,15.925,15.725,15.839,60000
01/30/2019,15.845,16.12,15.825,15.927,80538
01/31/2019,16.105,16.2,16.005,16.072,80262
02/01/2019,16.06,16.08,15.9,15.931,67274
02/04/2019,15.92,15.935,15.685,15.886,60373
02/05/2019,15.88,15.93,15.815,15.836,44222
02/06/2019,15.84,15.87,15.64,15.701,53184
02/07/2019,15.66,15.75,15.635,15.713,58366
02/08/2019,15.74,15.86,15.65,15.809,51751
02/11/2019,15.805,15.83,15.655,15.69,52057
02/12/2019,15.7,15.82,15.65,15.69,60668
02/13/2019,15.685,15.8,15.52,15.652,77484
02/14/2019,15.555,15.65,15.445,15.528,80459
02/15/2019,15.59,15.775,15.525,15.743,70386
02/19/2019,15.76,15.98,15.715,15.967,115085
02/20/2019,15.96,16.195,15.935,16.177,114099
02/21/2019,16.025,16.08,15.75,15.801,101001
02/22/2019,15.77,15.935,15.76,15.914,67523
02/25/2019,15.885,15.96,15.805,15.83,66887
02/26/2019,15.845,15.89,15.74,15.832,60807
02/27/2019,15.98,16.01,15.735,15.766,69162
02/28/2019,15.77,15.86,15.605,15.634,65412
03/01/2019,15.63,15.665,15.165,15.256,96813
03/04/2019,15.225,15.295,15.075,15.105,90698
03/05/2019,15.115,15.175,15.06,15.105,67836
03/06/2019,15.15,15.175,15.055,15.085,56765
03/07/2019,15.1,15.13,14.985,15.04,61270
03/08/2019,15.055,15.385,15.015,15.349,71418
03/11/2019,15.32,15.365,15.225,15.274,47785
03/12/2019,15.33,15.49,15.31,15.413,53984
03/13/2019,15.44,15.55,15.435,15.456,46358
03/14/2019,15.455,15.47,15.135,15.171,69841
03/15/2019,15.185,15.39,15.165,15.324,55806
03/18/2019,15.315,15.425,15.22,15.322,44445
03/19/2019,15.345,15.45,15.32,15.372,39610
03/20/2019,15.36,15.565,15.265,15.318,65902
03/21/2019,15.485,15.65,15.38,15.437,72414
03/22/2019,15.475,15.55,15.365,15.407,52949
03/25/2019,15.405,15.59,15.385,15.567,50184
03/26/2019,15.545,15.56,15.39,15.429,53095
03/27/2019,15.425,15.475,15.255,15.298,58950
03/28/2019,15.285,15.315,14.955,14.973,86591
03/29/2019,14.99,15.18,14.95,15.11,67744
04/01/2019,15.095,15.19,15.03,15.099,66021
04/02/2019,15.085,15.09,14.905,15.061,69931
04/03/2019,15.09,15.16,15,15.102,59923
04/04/2019,15.09,15.15,14.86,15.084,74190
04/05/2019,15.115,15.18,15.04,15.086,64334
04/08/2019,15.075,15.275,15.075,15.216,55228
04/09/2019,15.22,15.31,15.18,15.211,61098
04/10/2019,15.185,15.265,15.115,15.244,63273
04/11/2019,15.19,15.215,14.845,14.867,106243
04/12/2019,14.92,15.065,14.9,14.963,66795
04/15/2019,14.93,14.99,14.795,14.975,76158
04/16/2019,14.935,14.975,14.83,14.915,71050
04/17/2019,14.955,15.055,14.88,14.939,78510
04/18/2019,14.94,14.99,14.895,14.955,59155
04/22/2019,14.97,15.04,14.945,14.975,46632
04/23/2019,14.97,14.995,14.7,14.791,86033
04/24/2019,14.79,14.96,14.74,14.916,84041
04/25/2019,14.91,14.975,14.815,14.879,68611
04/26/2019,14.89,15.04,14.845,15.005,75962
04/29/2019,15.115,15.115,14.905,14.933,65249
04/30/2019,14.94,15.04,14.835,14.984,62083
05/01/2019,14.975,14.985,14.62,14.729,85721
05/02/2019,14.69,14.735,14.57,14.617,64585
05/03/2019,14.62,14.995,14.6,14.978,82935
05/06/2019,14.96,14.99,14.77,14.927,64546
05/07/2019,14.91,14.955,14.81,14.926,55909
05/08/2019,14.92,14.99,14.835,14.862,53108
05/09/2019,14.845,14.875,14.705,14.773,59559
05/10/2019,14.75,14.85,14.74,14.79,44487
05/13/2019,14.775,14.815,14.615,14.777,63985
05/14/2019,14.78,14.865,14.745,14.812,47640
05/15/2019,14.8,14.865,14.765,14.812,43225
05/16/2019,14.79,14.825,14.515,14.539,69175
05/17/2019,14.545,14.555,14.38,14.388,60527
05/20/2019,14.395,14.46,14.355,14.445,44600
05/21/2019,14.435,14.46,14.35,14.41,47466
05/22/2019,14.42,14.48,14.37,14.449,36914
05/23/2019,14.42,14.635,14.4,14.613,68449
05/24/2019,14.575,14.595,14.52,14.555,39753
05/28/2019,14.545,14.61,14.265,14.32,105611
05/29/2019,14.325,14.45,14.32,14.411,72666
05/30/2019,14.39,14.555,14.34,14.491,58636
05/31/2019,14.49,14.67,14.46,14.567,85094
06/03/2019,14.575,14.825,14.565,14.74,112117
06/04/2019,14.78,14.85,14.645,14.769,96390
06/05/2019,14.815,15.04,14.755,14.791,132019
06/06/2019,14.795,14.995,14.73,14.905,80741
06/07/2019,14.89,15.15,14.84,15.031,97503
06/10/2019,15.005,15.01,14.625,14.639,94689
06/11/2019,14.685,14.785,14.63,14.74,79799
06/12/2019,14.725,14.86,14.71,14.753,71980
06/13/2019,14.76,14.925,14.72,14.892,76053
06/14/2019,14.89,15.12,14.775,14.803,110922
06/17/2019,14.84,14.89,14.755,14.829,64270
06/18/2019,14.83,15.08,14.8,14.993,106328
06/19/2019,14.995,15.17,14.905,14.958,88339
06/20/2019,15.17,15.52,15.12,15.492,203965
06/21/2019,15.465,15.555,15.155,15.29,140872
06/24/2019,15.355,15.455,15.285,15.377,115895
06/25/2019,15.44,15.505,15.255,15.3,142472
06/26/2019,15.345,15.355,15.16,15.294,93664
06/27/2019,15.34,15.355,15.205,15.294,74816
06/28/2019,15.3,15.385,15.245,15.341,54689
07/01/2019,15.315,15.345,15.155,15.193,69998
07/02/2019,15.16,15.365,15.07,15.238,71308
07/03/2019,15.37,15.51,15.24,15.336,66804
07/05/2019,15.365,15.37,14.915,15.001,105333
07/08/2019,15.05,15.15,14.985,15.05,47616
07/09/2019,15.035,15.155,14.965,15.147,49637
07/10/2019,15.135,15.315,15.07,15.226,73717
07/11/2019,15.265,15.345,15.12,15.146,60629
07/12/2019,15.135,15.27,15.07,15.236,47572
07/15/2019,15.24,15.43,15.185,15.365,67638
07/16/2019,15.415,15.735,15.34,15.678,128867
07/17/2019,15.585,16.03,15.555,15.971,111243
07/18/2019,16.005,16.385,15.96,16.198,149092
07/19/2019,16.385,16.625,16.08,16.195,170948
07/22/2019,16.255,16.455,16.195,16.411,98270
07/23/2019,16.38,16.575,16.205,16.476,111408
07/24/2019,16.435,16.68,16.35,16.626,84627
07/25/2019,16.62,16.685,16.345,16.411,121085
07/26/2019,16.455,16.55,16.355,16.397,79037
07/29/2019,16.42,16.5,16.36,16.44,62057
07/30/2019,16.5,16.64,16.425,16.558,57740
07/31/2019,16.585,16.6,16.215,16.405,107086
08/01/2019,16.28,16.405,15.935,16.18,122903
08/02/2019,16.355,16.385,16.03,16.27,97890
08/05/2019,16.26,16.59,16.135,16.393,114331
08/06/2019,16.44,16.53,16.365,16.445,71818
08/07/2019,16.45,17.26,16.45,17.196,174977
08/08/2019,17.1,17.225,16.81,16.936,124036
08/09/2019,16.94,17.14,16.86,16.931,95119
08/12/2019,16.965,17.15,16.8,17.071,83985
08/13/2019,17.06,17.49,16.51,16.985,182988
08/14/2019,16.95,17.305,16.855,17.28,116020
08/15/2019,17.19,17.37,17.075,17.214,96524
08/16/2019,17.25,17.315,17.03,17.122,70561
08/19/2019,17.125,17.175,16.82,16.94,80551
08/20/2019,16.87,17.17,16.83,17.148,72355
08/21/2019,17.125,17.18,16.975,17.151,70323
08/22/2019,17.115,17.13,16.915,17.04,70971
08/23/2019,17.03,17.465,16.96,17.413,109780
08/26/2019,17.5,17.755,17.495,17.641,108828
08/27/2019,17.64,18.185,17.61,18.153,107650
08/28/2019,18.145,18.475,18.025,18.318,97738
08/29/2019,18.45,18.76,18.15,18.323,161555
08/30/2019,18.365,18.575,18.165,18.342,112887
09/03/2019,18.52,19.395,18.365,19.237,199680
09/04/2019,19.35,19.75,19.28,19.547,156693
09/05/2019,19.645,19.675,18.57,18.807,194133
09/06/2019,18.715,18.89,18.045,18.119,217661
09/09/2019,18.215,18.4,18.015,18.167,135346
09/10/2019,18.09,18.265,17.855,18.186,116632
09/11/2019,18.095,18.335,17.97,18.17,84659
09/12/2019,18.2,18.555,18.085,18.177,99696
09/13/2019,18.155,18.265,17.47,17.569,103476
09/16/2019,17.755,18.075,17.69,18.026,108425
09/17/2019,17.925,18.17,17.82,18.14,88426
09/18/2019,18.095,18.12,17.58,17.919,100525
09/19/2019,17.845,18.015,17.655,17.884,65966
09/20/2019,17.87,18.06,17.81,17.849,57475
09/23/2019,18.03,18.78,17.99,18.711,129336
09/24/2019,18.655,18.81,18.315,18.628,132628
09/25/2019,18.68,18.75,17.875,18.073,132581
09/26/2019,17.99,18.11,17.785,17.912,110035
09/27/2019,17.885,17.96,17.345,17.652,131334
09/30/2019,17.59,17.66,16.98,16.998,96147
10/01/2019,17.045,17.375,16.94,17.302,82417
10/02/2019,17.31,17.73,17.24,17.683,70479
10/03/2019,17.63,17.845,17.515,17.676,69996
10/04/2019,17.63,17.745,17.33,17.625,58641
10/07/2019,17.665,17.7,17.435,17.54,35221
10/08/2019,17.49,17.86,17.305,17.7,91074
10/09/2019,17.775,18,17.72,17.81,67681
10/10/2019,17.8,17.935,17.455,17.602,93946
10/11/2019,17.54,17.785,17.37,17.544,101712
10/14/2019,17.59,17.735,17.455,17.71,48678
10/15/2019,17.695,17.765,17.37,17.384,71963
10/16/2019,17.43,17.49,17.18,17.427,80637
10/17/2019,17.415,17.665,17.33,17.612,62368
10/18/2019,17.57,17.62,17.42,17.578,47215
10/21/2019,17.615,17.895,17.53,17.602,76354
10/22/2019,17.58,17.68,17.44,17.5,56644
10/23/2019,17.55,17.63,17.515,17.58,51192
10/24/2019,17.575,17.86,17.485,17.804,76006
10/25/2019,17.835,18.35,17.8,17.926,130512
10/28/2019,18.065,18.145,17.785,17.876,81916
10/29/2019,17.87,17.905,17.605,17.831,78571
10/30/2019,17.82,17.965,17.59,17.867,84390
10/31/2019,17.895,18.185,17.795,18.067,103410
11/01/2019,18.12,18.16,17.935,18.052,86908
11/04/2019,18.125,18.23,17.96,18.066,78097
11/05/2019,18.06,18.085,17.52,17.568,141965
11/06/2019,17.555,17.63,17.36,17.598,101426
11/07/2019,17.605,17.645,16.91,17.01,166410
11/08/2019,17.07,17.095,16.66,16.823,127059
11/11/2019,16.755,16.91,16.63,16.802,90422
11/12/2019,16.785,16.875,16.615,16.692,93978
11/13/2019,16.72,17,16.72,16.913,99843
11/14/2019,16.93,17.08,16.845,17.028,79011
11/15/2019,17,17.01,16.78,16.948,66010
11/18/2019,16.95,17.03,16.705,17,94055
11/19/2019,17.005,17.16,16.935,17.118,94710
11/20/2019,17.115,17.185,17,17.115,98366
11/21/2019,17.145,17.17,17.01,17.065,95170
11/22/2019,17.075,17.21,16.95,17,77828
11/25/2019,16.96,16.97,16.82,16.886,69115
11/26/2019,16.78,17.085,16.78,17.045,84255
11/27/2019,17.19,17.2,17.025,17.055,61622
11/29/2019,17.06,17.125,16.935,17.106,66535
12/02/2019,17.07,17.1,16.895,16.966,71951
12/03/2019,16.98,17.285,16.945,17.248,90112
12/04/2019,17.25,17.415,16.865,16.916,112992
12/05/2019,16.92,17.075,16.87,17.059,69272
12/06/2019,17.02,17.125,16.575,16.596,106195
12/09/2019,16.6,16.73,16.565,16.642,53510
12/10/2019,16.655,16.77,16.625,16.702,50202
12/11/2019,16.71,17.025,16.65,16.849,62672
12/12/2019,16.93,17.185,16.82,16.949,113422
12/13/2019,16.97,17.095,16.895,17.012,76781
12/16/2019,17.005,17.14,16.955,17.113,48654
12/17/2019,17.105,17.17,17.015,17.072,45741
12/18/2019,17.06,17.125,16.935,17.049,47189
12/19/2019,17.065,17.18,16.95,17.154,47385
12/20/2019,17.115,17.315,17.08,17.224,62264
12/23/2019,17.23,17.52,17.23,17.499,65083
12/24/2019,17.515,17.865,17.425,17.853,64681
12/26/2019,17.83,18.135,17.81,17.99,89078
12/27/2019,17.995,18.05,17.815,17.943,68954
12/30/2019,17.86,18.02,17.83,18.001,62949
12/31/2019,17.97,18.2,17.87,17.921,62113
01/02/2020,17.905,18.15,17.83,18.046,90111
01/03/2020,18.07,18.325,18.04,18.151,108540
01/06/2020,18.17,18.55,18.045,18.179,136410
01/07/2020,18.185,18.47,17.975,18.393,111958
01/08/2020,18.45,18.895,18.085,18.167,180483
01/09/2020,18.12,18.225,17.815,17.936,101357
01/10/2020,17.92,18.175,17.86,18.105,78996
01/13/2020,18.13,18.13,17.935,17.996,59325
01/14/2020,17.975,17.985,17.69,17.742,84390
01/15/2020,17.8,18.055,17.755,17.988,73762
01/16/2020,18.01,18.055,17.875,17.939,58310
01/17/2020,17.95,18.185,17.905,18.073,67527
01/21/2020,18.04,18.155,17.62,17.808,135962
01/22/2020,17.785,17.93,17.675,17.828,57763
01/23/2020,17.835,17.91,17.59,17.829,69265
01/24/2020,17.8,18.145,17.74,18.113,65970
01/27/2020,18.26,18.375,18.04,18.056,67720
01/28/2020,18.095,18.115,17.42,17.458,110536
01/29/2020,17.44,17.575,17.28,17.487,63156
01/30/2020,17.54,18.04,17.52,17.992,96959
01/31/2020,17.825,18.09,17.76,18.012,60881
02/03/2020,18.1,18.125,17.58,17.67,83120
02/04/2020,17.65,17.77,17.51,17.561,59676
02/05/2020,17.565,17.71,17.465,17.602,59857
02/06/2020,17.61,17.875,17.575,17.818,60509
02/07/2020,17.81,17.855,17.605,17.692,64394
02/10/2020,17.705,17.825,17.665,17.785,57047
02/11/2020,17.755,17.8,17.55,17.597,70835
02/12/2020,17.62,17.65,17.435,17.497,73619
02/13/2020,17.455,17.715,17.44,17.619,69824
02/14/2020,17.625,17.79,17.595,17.734,55000
02/18/2020,17.725,18.215,17.67,18.15,129962
02/19/2020,18.155,18.45,18.135,18.311,93642
02/20/2020,18.425,18.44,18.205,18.319,98113
02/21/2020,18.36,18.625,18.335,18.53,111096
02/24/2020,18.65,18.92,18.51,18.876,140491
02/25/2020,18.625,18.64,17.82,18.191,153703
02/26/2020,17.965,18.17,17.745,17.834,96319
02/27/2020,17.945,18.16,17.63,17.735,122376
02/28/2020,17.76,17.885,16.4,16.457,207401
03/02/2020,16.5,17.06,16.445,16.739,104980
03/03/2020,16.665,17.48,16.665,17.188,114569
03/04/2020,17.205,17.335,17.075,17.246,67246
03/05/2020,17.23,17.465,17.15,17.393,53480
03/06/2020,17.45,17.575,17.015,17.263,91903
03/09/2020,17.49,17.615,16.55,17.054,128269
03/10/2020,17.02,17.2,16.79,16.955,76903
03/11/2020,16.875,17.11,16.66,16.776,56845
03/12/2020,16.72,16.91,15.505,16.005,147255
03/13/2020,15.825,15.89,14.425,14.5,153960
03/16/2020,15.1,15.245,11.77,12.816,148459
03/17/2020,12.86,13.23,12.11,12.495,111377
03/18/2020,12.61,12.905,11.64,11.772,109368
03/19/2020,11.975,12.33,11.76,12.134,77373
03/20/2020,12.125,13.095,12.005,12.385,74438
03/23/2020,12.615,13.33,12.29,13.261,74899
03/24/2020,13.32,14.435,13.22,14.257,109939
03/25/2020,14.415,14.93,14.205,14.873,78769
03/26/2020,14.77,14.98,14.4,14.676,52829
03/27/2020,14.66,14.84,14.345,14.534,50511
03/30/2020,14.7,14.71,13.945,14.132,57586
03/31/2020,14.205,14.5,14.055,14.156,50956
04/01/2020,14.145,14.265,13.895,13.984,44034
04/02/2020,14.055,14.72,13.99,14.654,55519
04/03/2020,14.63,14.75,14.44,14.494,36603
04/06/2020,14.54,15.405,14.355,15.169,52875
04/07/2020,15.28,15.93,15.205,15.48,69747
04/08/2020,15.305,15.445,15.11,15.205,43337
04/09/2020,15.215,16.09,15.175,16.053,64315
04/13/2020,15.875,15.975,15.385,15.537,50155
04/14/2020,15.655,16.3,15.655,16.13,63632
04/15/2020,16.06,16.08,15.48,15.505,51168
04/16/2020,15.65,15.915,15.43,15.622,43473
04/17/2020,15.75,15.8,15.195,15.295,40710
04/20/2020,15.285,15.69,15.215,15.614,34447
04/21/2020,15.535,15.56,14.56,14.876,68551
04/22/2020,14.96,15.365,14.775,15.335,42936
04/23/2020,15.28,15.72,15.205,15.357,47870
04/24/2020,15.375,15.55,15.09,15.263,37315
04/27/2020,15.32,15.445,15.105,15.21,30546
04/28/2020,15.295,15.33,14.94,15.171,28284
04/29/2020,15.33,15.605,15.235,15.315,42099
04/30/2020,15.53,15.94,14.85,14.973,66672
05/01/2020,15.075,15.15,14.82,14.938,31410
05/04/2020,15.075,15.225,14.76,14.796,37059
05/05/2020,14.845,15.2,14.76,15.11,32041
05/06/2020,15.115,15.39,14.84,15.015,38730
05/07/2020,14.92,15.695,14.92,15.59,49266
05/08/2020,15.625,15.98,15.505,15.778,56524
05/11/2020,15.755,15.92,15.51,15.68,37384
05/12/2020,15.7,15.88,15.525,15.709,35609
05/13/2020,15.625,15.91,15.545,15.671,42559
05/14/2020,15.755,16.225,15.66,16.156,52221
05/15/2020,16.185,17.15,16.155,17.07,77022
05/18/2020,17.225,17.985,17.125,17.468,91023
05/19/2020,17.37,18.01,17.34,17.901,66692
05/20/2020,17.875,18.165,17.755,18.031,62489
05/21/2020,18.055,18.06,17.26,17.364,74678
05/22/2020,17.435,17.77,17.19,17.693,48905
05/26/2020,17.69,18.04,17.37,17.595,77615
05/27/2020,17.56,17.86,17.225,17.757,65066
05/28/2020,17.8,18.11,17.685,17.967,61043
05/29/2020,17.92,18.55,17.81,18.499,61512
06/01/2020,18.635,18.95,18.455,18.827,62648
06/02/2020,18.85,18.9,18.115,18.26,78435
06/03/2020,18.395,18.405,17.675,17.958,72244
06/04/2020,17.965,18.13,17.785,18.061,56561
06/05/2020,18.02,18.05,17.375,17.479,82974
06/08/2020,17.545,17.98,17.495,17.893,61178
06/09/2020,17.945,17.99,17.685,17.794,54904
06/10/2020,17.74,18.405,17.685,17.796,88218
06/11/2020,18.335,18.39,17.6,17.889,90446
06/12/2020,17.755,17.87,17.47,17.482,59673
06/15/2020,17.56,17.63,17.015,17.399,75735
06/16/2020,17.52,17.79,17.465,17.652,65044
06/17/2020,17.63,17.815,17.515,17.775,43102
06/18/2020,17.705,17.92,17.4,17.508,47757
06/19/2020,17.49,18.03,17.47,17.847,63474
06/22/2020,17.92,18.19,17.785,17.902,75213
06/23/2020,17.805,18.14,17.73,18.063,75910
06/24/2020,18.1,18.255,17.425,17.67,71474
06/25/2020,17.575,17.94,17.5,17.895,46317
06/26/2020,17.925,18.125,17.56,18.035,40097
06/29/2020,18.11,18.285,17.935,18.064,50249
06/30/2020,18.095,18.655,18.02,18.637,75089
07/01/2020,18.58,18.85,18.095,18.218,86823
07/02/2020,18.285,18.4,17.995,18.322,49862
07/06/2020,18.27,18.78,18.22,18.582,63126
07/07/2020,18.585,18.72,18.235,18.699,71673
07/08/2020,18.625,19.215,18.585,19.161,84227
07/09/2020,19.15,19.445,18.83,18.962,102756
07/10/2020,19.025,19.195,18.91,19.053,60338
07/13/2020,19.08,19.81,19.08,19.788,85994
07/14/2020,19.455,19.685,19.24,19.53,73784
07/15/2020,19.645,19.845,19.525,19.761,58392
07/16/2020,19.82,19.87,19.475,19.573,54367
07/17/2020,19.535,19.79,19.355,19.764,53671
07/20/2020,19.765,20.34,19.655,20.192,80321
07/21/2020,20.34,21.725,20.315,21.557,142781
07/22/2020,21.7,23.42,21.68,23.144,202387
07/23/2020,23.405,23.67,22.475,22.988,182281
07/24/2020,22.835,23.185,22.58,22.85,110586
07/27/2020,22.97,24.82,22.94,24.501,188891
07/28/2020,24.7,26.275,22.46,24.3,253674
07/29/2020,24.58,25.12,23.435,24.321,138895
07/30/2020,24.45,24.58,23,23.362,154855
07/31/2020,23.625,24.67,23.41,24.216,137357
08/03/2020,24.68,25.275,24.16,24.417,78817
08/04/2020,24.49,26.26,24.24,26.028,157043
08/05/2020,26.29,27.25,25.64,26.89,212515
08/06/2020,27.105,29.2,26.935,28.4,236115
08/07/2020,29.025,29.915,27.43,27.54,276165
08/10/2020,28.525,29.53,27.96,29.261,242861
08/11/2020,29.235,29.44,24.48,26.049,355275
08/12/2020,24.9,26.355,23.58,25.979,241934
08/13/2020,25.63,27.855,25.355,27.718,245900
08/14/2020,27.62,27.885,25.78,26.089,220726
08/17/2020,26.67,27.71,25.915,27.667,164741
08/18/2020,27.62,28.605,27.19,28.075,213356
08/19/2020,27.855,28.13,26.53,27.34,212263
08/20/2020,26.77,27.63,26.65,27.147,153748
08/21/2020,27.375,27.635,26.095,26.732,158604
08/24/2020,26.89,27.34,26.33,26.607,122346
08/25/2020,26.655,26.855,26.13,26.273,100447
08/26/2020,26.61,27.665,26.155,27.449,137130
08/27/2020,27.645,28.035,26.565,27.025,131415
08/28/2020,27.265,27.99,27.05,27.79,101673
08/31/2020,27.83,28.65,27.79,28.594,91974
09/01/2020,28.43,29.235,27.835,28.645,115757
09/02/2020,28.385,28.54,27.275,27.395,126392
09/03/2020,27.635,27.89,26.63,26.875,125572
09/04/2020,26.765,27.245,26.455,26.712,114122
09/08/2020,27.04,27.385,25.985,26.991,139895
09/09/2020,26.905,27.325,26.565,27.083,60067
09/10/2020,27.185,27.755,26.865,27.291,86955
09/11/2020,27.035,27.24,26.725,26.857,59509
09/14/2020,26.91,27.545,26.85,27.355,53416
09/15/2020,27.38,27.865,27.195,27.464,60449
09/16/2020,27.35,27.705,27.055,27.476,63703
09/17/2020,27.345,27.4,26.405,27.1,95309
09/18/2020,27.285,27.58,26.87,27.129,52391
09/21/2020,27.005,27.13,23.78,24.387,180808
09/22/2020,24.785,25.3,23.91,24.523,109438
09/23/2020,24.525,24.62,22.725,23.105,151986
09/24/2020,22.875,23.44,21.81,23.196,159011
09/25/2020,23.24,23.415,22.52,23.093,92164
09/28/2020,22.995,23.86,22.61,23.604,78578
09/29/2020,23.805,24.545,23.51,24.445,79192
09/30/2020,24.505,24.505,23.235,23.494,90768
10/01/2020,23.355,24.32,23.325,24.254,71453
10/02/2020,23.9,24.355,23.58,24.029,65809
10/05/2020,24.075,24.675,23.805,24.56,50312
10/06/2020,24.52,24.65,22.965,23.921,72230
10/07/2020,23.16,24.12,23.09,23.896,59068
10/08/2020,23.925,24.355,23.775,23.876,46726
10/09/2020,23.97,25.33,23.965,25.108,73241
10/12/2020,25.28,25.71,24.905,25.271,70138
10/13/2020,25.24,25.31,24.015,24.129,94212
10/14/2020,24.24,24.725,23.93,24.395,63467
10/15/2020,24.37,24.44,23.65,24.224,72416
10/16/2020,24.43,24.66,24.185,24.405,50140
10/19/2020,24.29,25.12,24.215,24.698,63701
10/20/2020,24.485,25.06,24.405,24.98,57373
10/21/2020,24.795,25.425,24.775,25.241,77692
10/22/2020,25.18,25.225,24.46,24.709,74440
10/23/2020,24.835,24.98,24.5,24.675,51327
10/26/2020,24.75,24.765,24.145,24.42,68932
10/27/2020,24.385,24.76,24.265,24.57,52477
10/28/2020,24.495,24.675,23.06,23.359,131769
10/29/2020,23.44,23.65,22.625,23.36,102571
10/30/2020,23.35,23.91,23.23,23.646,77991
11/02/2020,23.635,24.26,23.46,24.033,74902
11/03/2020,24.17,24.485,23.975,24.334,60022
11/04/2020,24.29,24.62,23.26,23.893,101888
11/05/2020,23.98,25.54,23.955,25.191,107647
11/06/2020,25.45,25.975,25.01,25.662,109781
11/09/2020,25.86,26.135,23.6,23.701,168829
11/10/2020,24.18,24.58,23.95,24.462,87443
11/11/2020,24.305,24.51,23.81,24.267,76987
11/12/2020,24.36,24.475,24.09,24.306,62741
11/13/2020,24.365,24.9,24.215,24.775,59687
11/16/2020,24.8,25.155,24.255,24.802,81628
11/17/2020,24.88,24.9,24.435,24.651,57853
11/18/2020,24.565,24.78,24.235,24.448,82574
11/19/2020,24.38,24.425,23.67,24.048,94811
11/20/2020,24.115,24.6,23.955,24.363,75736
11/23/2020,24.225,24.455,23.46,23.633,106428
11/24/2020,23.63,23.65,22.935,23.3,106070
11/25/2020,23.29,23.545,23.115,23.362,57047
11/27/2020,23.485,23.575,22.4,22.639,93554
11/30/2020,22.78,22.83,21.96,22.593,95288
12/01/2020,22.7,24.18,22.665,24.09,89388
12/02/2020,24.13,24.455,23.68,24.08,76789
12/03/2020,24.22,24.42,23.85,24.137,73437
12/04/2020,24.195,24.585,24.065,24.253,67363
12/07/2020,24.31,24.94,23.63,24.794,83053
12/08/2020,24.655,25.015,24.55,24.736,58830
12/09/2020,24.735,24.755,23.695,23.99,84500
12/10/2020,24.055,24.43,23.825,24.094,58690
12/11/2020,24.135,24.245,23.69,24.092,49652
12/14/2020,24.14,24.365,23.755,24.047,55678
12/15/2020,23.965,24.7,23.94,24.644,62398
12/16/2020,24.645,25.64,24.575,25.052,97984
12/17/2020,25.5,26.305,25.335,26.181,97945
12/18/2020,26.255,26.35,25.865,26.033,68739
12/21/2020,26.11,27.635,25.12,26.379,133743
12/22/2020,26.42,26.815,25.225,25.535,108021
12/23/2020,25.315,25.96,25.185,25.921,65498
12/24/2020,25.74,26.08,25.535,25.908,35135
12/28/2020,26.13,26.98,26,26.539,81409
12/29/2020,26.45,26.77,26.075,26.217,64313
12/30/2020,26.325,26.835,26.26,26.573,47678
12/31/2020,26.835,26.88,26.345,26.412,39622
01/04/2021,26.77,27.76,26.73,27.364,113756
01/05/2021,27.355,27.85,27.15,27.64,67460
01/06/2021,27.72,28.105,26.7,27.042,129359
01/07/2021,27.41,27.495,27.02,27.261,69492
01/08/2021,27.28,27.335,24.53,24.637,180099
01/11/2021,25.47,25.595,24.365,25.284,105998
01/12/2021,25.015,25.745,25,25.435,65920
01/13/2021,25.655,25.785,25.17,25.572,58511
01/14/2021,25.29,25.99,25.095,25.802,84235
01/15/2021,25.61,25.865,24.61,24.866,102595
01/19/2021,24.835,25.48,24.04,25.32,108897
01/20/2021,25.29,25.96,25.06,25.766,80819
01/21/2021,25.91,26.13,25.7,25.854,59501
01/22/2021,26.025,26.045,25.05,25.556,73295
01/25/2021,25.535,25.835,25.205,25.484,73174
01/26/2021,25.395,25.72,25.23,25.538,52737
01/27/2021,25.53,25.545,24.715,25.389,96671
01/28/2021,25.33,27.1,24.895,25.922,190874
01/29/2021,26.625,27.77,26.15,26.914,181322
02/01/2021,28.425,30.35,28.155,29.418,325631
02/02/2021,29.095,29.15,26.35,26.402,208632
02/03/2021,26.735,27.26,26.545,26.889,93580
02/04/2021,26.96,27.015,25.935,26.234,104912
02/05/2021,26.42,27.105,26.255,27.019,84868
02/08/2021,27.2,27.7,26.93,27.576,84381
02/09/2021,27.37,27.875,27.13,27.402,81808
02/10/2021,27.35,27.595,26.88,27.078,71171
02/11/2021,27.095,27.35,26.75,27.047,62159
02/12/2021,27.02,27.5,26.91,27.328,52719
02/16/2021,27.49,28.075,26.87,27.325,129338
02/17/2021,27.31,27.49,26.915,27.315,73029
02/18/2021,27.465,27.595,26.905,27.078,84295
02/19/2021,27.11,27.71,26.105,27.254,93628
02/22/2021,27.555,28.345,27.33,28.085,106242
02/23/2021,28.25,28.425,27.285,27.688,104383
02/24/2021,27.715,28.08,27.365,27.859,73500
02/25/2021,28.08,28.345,27.345,27.685,109687
02/26/2021,27.53,27.65,26.16,26.44,111818
03/01/2021,26.7,27.175,26.51,26.678,71641
03/02/2021,26.63,26.985,25.82,26.879,82138
03/03/2021,26.86,26.915,25.875,26.387,82462
03/04/2021,26.175,26.385,25.08,25.461,95001
03/05/2021,25.385,25.505,24.845,25.287,78031
03/08/2021,25.4,25.965,24.97,25.269,61341
03/09/2021,25.17,26.22,25.09,26.183,69608
03/10/2021,26.025,26.315,25.61,26.13,53386
03/11/2021,26.315,26.545,25.885,26.193,55083
03/12/2021,26.195,26.235,25.425,25.911,55551
03/15/2021,26.07,26.39,25.845,26.288,48441
03/16/2021,26.34,26.405,25.885,26.003,47610
03/17/2021,26.005,26.615,25.805,26.058,55128
03/18/2021,26.4,26.74,25.875,26.351,76403
03/19/2021,26.15,26.4,25.925,26.321,51175
03/22/2021,26.34,26.35,25.45,25.769,62033
03/23/2021,25.85,25.915,25.05,25.227,63343
03/24/2021,25.12,25.43,25.02,25.231,42909
03/25/2021,25.17,25.255,24.435,25.047,86467
03/26/2021,25.15,25.335,24.92,25.114,41109
03/29/2021,25.105,25.15,24.48,24.771,52985
03/30/2021,24.725,24.77,23.88,24.137,72663
03/31/2021,24.045,24.565,23.74,24.532,65794
04/01/2021,24.46,25.045,24.27,24.948,63172
04/02/2021,24.948,24.948,24.948,24.948,0
04/05/2021,25.05,25.14,24.66,24.78,39251
04/06/2021,24.905,25.355,24.795,25.227,53635
04/07/2021,25.21,25.33,24.895,25.247,44353
04/08/2021,25.21,25.675,25.02,25.585,65651
04/09/2021,25.53,25.555,25.01,25.325,57602
04/12/2021,25.3,25.33,24.725,24.867,65062
04/13/2021,24.83,25.54,24.68,25.426,77443
04/14/2021,25.405,25.59,25.235,25.524,56466
04/15/2021,25.48,26.07,25.38,25.964,72557
04/16/2021,25.94,26.38,25.795,26.105,56487
04/19/2021,26.055,26.28,25.67,25.837,68087
04/20/2021,25.875,26.15,25.725,25.84,70916
04/21/2021,25.88,26.73,25.795,26.57,94205
04/22/2021,26.65,26.67,26.025,26.18,84132
04/23/2021,26.195,26.47,25.89,26.075,62954
04/26/2021,26.045,26.28,25.895,26.209,59858
04/27/2021,26.275,26.515,26.1,26.41,65267
04/28/2021,26.325,26.345,25.84,26.085,62061
04/29/2021,26.3,26.58,25.745,26.085,81326
04/30/2021,26.17,26.275,25.855,25.873,54442
05/03/2021,25.99,27.115,25.85,26.96,77320
05/04/2021,27.015,27.24,26.16,26.558,76945
05/05/2021,26.595,26.71,26.165,26.522,40707
05/06/2021,26.59,27.585,26.245,27.477,90928
05/07/2021,27.45,27.8,27.23,27.477,78921
05/10/2021,27.68,28.005,27.32,27.492,65165
05/11/2021,27.4,27.78,27.18,27.667,62125
05/12/2021,27.76,27.83,27.03,27.244,77860
05/13/2021,27.095,27.33,26.78,27.059,63630
05/14/2021,27.19,27.595,26.92,27.365,57316
05/17/2021,27.515,28.435,27.44,28.274,86803
05/18/2021,28.325,28.9,28.12,28.333,77207
05/19/2021,28.3,28.365,27.425,28.025,109069
05/20/2021,27.84,28.125,27.49,28.067,55964
05/21/2021,27.87,28.195,27.265,27.486,76044
05/24/2021,27.69,28.015,27.55,27.905,51115
05/25/2021,27.88,28.16,27.545,28.056,69312
05/26/2021,28.105,28.34,27.685,27.877,65965
05/27/2021,27.765,27.995,27.575,27.94,56810
05/28/2021,27.98,28.095,27.48,28.014,65114
06/01/2021,28.06,28.71,27.93,28.102,108884
06/02/2021,27.995,28.32,27.765,28.204,53890
06/03/2021,28.295,28.37,27.09,27.477,106481
06/04/2021,27.53,27.98,27.31,27.896,74415
06/07/2021,27.91,28.085,27.595,28.018,63090
06/08/2021,28.025,28.12,27.61,27.731,70194
06/09/2021,27.735,28.145,27.62,28.002,64182
06/10/2021,27.905,28.18,27.475,28.031,82059
06/11/2021,28.145,28.445,28.025,28.146,69170
06/14/2021,28.095,28.16,27.565,28.039,61118
06/15/2021,28,28.03,27.485,27.693,63844
06/16/2021,27.795,27.97,26.7,27.812,74312
06/17/2021,27.005,27.32,25.82,25.856,156974
06/18/2021,25.95,26.555,25.77,25.969,86513
06/21/2021,25.865,26.135,25.58,26.025,66361
06/22/2021,25.995,26.085,25.735,25.857,54120
06/23/2021,25.835,26.37,25.8,26.111,66104
06/24/2021,25.935,26.245,25.865,26.05,53062
06/25/2021,26.01,26.38,25.97,26.087,48297
06/28/2021,26.19,26.295,25.845,26.223,42308
06/29/2021,26.235,26.235,25.58,25.901,75836
06/30/2021,25.875,26.275,25.8,26.194,44641
07/01/2021,26.25,26.525,26.045,26.1,54767
07/02/2021,26.145,26.7,26.1,26.501,55721
07/06/2021,26.64,26.91,26.1,26.174,80502
07/07/2021,26.265,26.545,26.06,26.129,50057
07/08/2021,26.265,26.31,25.875,25.987,59521
07/09/2021,26.005,26.3,25.82,26.234,44158
07/12/2021,26.185,26.375,25.93,26.239,43369
07/13/2021,26.32,26.44,26.005,26.14,50734
07/14/2021,26.055,26.575,26.01,26.271,65095
07/15/2021,26.325,26.49,26.245,26.394,35260
07/16/2021,26.43,26.55,25.64,25.795,74872
07/19/2021,25.7,25.805,25.035,25.144,86385
07/20/2021,25.24,25.315,24.84,24.995,64680
07/21/2021,24.975,25.365,24.79,25.255,50528
07/22/2021,25.33,25.515,25.06,25.381,48076
07/23/2021,25.48,25.535,25.05,25.233,38982
07/26/2021,25.27,25.51,25.175,25.318,40291
07/27/2021,25.255,25.32,24.515,24.649,80912
07/28/2021,24.73,25.06,24.655,24.877,54851
07/29/2021,25.015,25.875,25,25.782,70554
07/30/2021,25.6,25.685,25.395,25.547,42250
08/02/2021,25.625,25.675,25.345,25.575,52012
08/03/2021,25.47,25.665,25.27,25.582,45851
08/04/2021,25.59,26.09,25.375,25.461,72925
08/05/2021,25.425,25.565,25.115,25.292,42425
08/06/2021,25.195,25.23,24.205,24.326,99801
08/09/2021,24.34,24.38,22.295,23.269,118525
08/10/2021,23.45,23.675,23.22,23.392,62925
08/11/2021,23.325,23.565,23.19,23.488,70051
08/12/2021,23.515,23.53,22.97,23.116,66982
08/13/2021,23.155,23.83,23.13,23.779,52010
08/16/2021,23.745,23.89,23.38,23.791,42361
08/17/2021,23.84,23.955,23.565,23.659,42586
08/18/2021,23.66,23.83,23.265,23.422,46292
08/19/2021,23.5,23.515,23.08,23.23,51433
08/20/2021,23.21,23.3,22.835,23.112,55163
08/23/2021,22.985,23.705,22.925,23.656,57336
08/24/2021,23.645,23.975,23.545,23.894,52173
08/25/2021,23.875,23.91,23.59,23.775,56579
08/26/2021,23.87,23.895,23.42,23.55,55512
08/27/2021,23.565,24.135,23.305,24.062,62470
08/30/2021,24.13,24.28,23.95,24.006,47975
08/31/2021,24.065,24.27,23.83,24.006,44557
09/01/2021,23.935,24.325,23.775,24.221,48667
09/02/2021,24.2,24.275,23.815,23.918,36862
09/03/2021,23.95,24.945,23.91,24.802,64169
09/07/2021,24.865,24.895,24.21,24.373,69926
09/08/2021,24.39,24.48,23.94,24.056,45432
09/09/2021,23.995,24.355,23.865,24.177,43408
09/10/2021,24.1,24.345,23.76,23.9,38363
09/13/2021,23.79,23.89,23.36,23.796,47762
09/14/2021,23.775,23.98,23.435,23.885,42443
09/15/2021,23.865,23.94,23.67,23.801,32693
09/16/2021,23.865,24,22.585,22.794,90198
09/17/2021,22.91,23.13,22.305,22.337,62803
09/20/2021,22.33,22.5,22.025,22.204,50982
09/21/2021,22.265,22.72,22.21,22.611,41112
09/22/2021,22.485,23.15,22.455,22.907,51985
09/23/2021,22.695,22.88,22.465,22.679,43740
09/24/2021,22.53,22.79,22.09,22.425,41005
09/27/2021,22.395,22.865,22.39,22.694,36109
09/28/2021,22.625,22.68,22.08,22.467,55489
09/29/2021,22.475,22.565,21.41,21.485,80155
09/30/2021,21.515,22.225,21.46,22.047,66122
10/01/2021,22.185,22.6,21.99,22.536,42261
10/04/2021,22.6,22.805,22.29,22.644,35184
10/05/2021,22.725,22.73,22.38,22.608,26336
10/06/2021,22.635,22.7,22.185,22.532,38888
10/07/2021,22.64,22.84,22.385,22.658,41564
10/08/2021,22.61,23.22,22.435,22.705,67334
10/11/2021,22.685,22.83,22.495,22.665,29925
10/12/2021,22.61,22.79,22.325,22.514,42934
10/13/2021,22.57,23.285,22.48,23.17,71896
10/14/2021,23.1,23.625,22.925,23.477,54284
10/15/2021,23.565,23.645,23.1,23.349,50497
10/18/2021,23.38,23.495,23.035,23.264,47028
10/19/2021,23.25,24.18,23.22,23.883,79067
10/20/2021,23.71,24.495,23.615,24.445,73133
10/21/2021,24.37,24.55,24.07,24.17,58675
10/22/2021,24.22,24.92,24.185,24.449,79709
10/25/2021,24.395,24.695,24.365,24.592,44827
10/26/2021,24.65,24.655,23.925,24.088,61761
10/27/2021,24.22,24.33,23.905,24.191,48091
10/28/2021,24.13,24.31,24.02,24.12,45957
10/29/2021,24.135,24.14,23.705,23.949,56590
11/01/2021,23.985,24.175,23.81,24.073,37064
11/02/2021,24.13,24.14,23.43,23.507,62995
11/03/2021,23.57,23.665,23.045,23.231,67158
11/04/2021,23.53,24.115,23.485,23.911,68462
11/05/2021,23.87,24.255,23.665,24.157,68568
11/08/2021,24.285,24.59,24.13,24.542,67623
11/09/2021,24.55,24.565,24.09,24.318,65113
11/10/2021,24.375,25.22,24.04,24.772,131557
11/11/2021,24.71,25.365,24.645,25.301,82022
11/12/2021,25.35,25.47,24.925,25.346,65557
11/15/2021,25.425,25.465,24.97,25.105,68484
11/16/2021,25.135,25.49,24.825,24.944,77002
11/17/2021,24.86,25.285,24.85,25.167,54345
11/18/2021,25.15,25.23,24.73,24.9,63620
11/19/2021,24.85,25.04,24.61,24.781,66697
11/22/2021,24.67,24.955,24.14,24.297,78537
11/23/2021,24.21,24.34,23.28,23.435,93870
11/24/2021,23.64,23.695,23.4,23.496,54623
11/26/2021,23.58,23.735,22.915,23.107,60735
11/29/2021,23.16,23.46,22.775,22.852,66863
11/30/2021,22.93,23.355,22.705,22.815,68031
12/01/2021,22.875,23.06,22.185,22.339,65422
12/02/2021,22.335,22.505,22.215,22.316,45193
12/03/2021,22.41,22.59,22.035,22.481,51727
12/06/2021,22.61,22.635,22.125,22.263,41148
12/07/2021,22.395,22.625,22.23,22.523,38834
12/08/2021,22.525,22.58,22.305,22.432,28914
12/09/2021,22.435,22.475,21.84,22.013,58885
12/10/2021,21.975,22.24,21.815,22.195,43031
12/13/2021,22.195,22.43,22.16,22.328,31877
12/14/2021,22.35,22.355,21.67,21.924,52446
12/15/2021,21.945,22.13,21.41,21.545,65035
12/16/2021,22.07,22.56,21.93,22.485,56369
12/17/2021,22.53,22.69,22.355,22.533,38416
12/20/2021,22.39,22.435,22.19,22.291,35056
12/21/2021,22.29,22.805,22.185,22.529,45669
12/22/2021,22.525,22.86,22.44,22.819,35702
12/23/2021,22.815,22.965,22.68,22.94,33910
12/27/2021,22.9,23.15,22.655,22.989,39289
12/28/2021,23.105,23.48,23.005,23.121,42747
12/29/2021,23.05,23.185,22.6,22.858,40025
12/30/2021,22.87,23.155,22.63,23.06,30537
12/31/2021,23.095,23.39,23.07,23.352,28585
01/03/2022,23.385,23.44,22.69,22.81,46323
01/04/2022,22.92,23.14,22.655,23.056,44911
01/05/2022,23.095,23.3,22.75,23.17,41186
01/06/2022,22.81,22.85,22,22.19,73893
01/07/2022,22.195,22.46,21.945,22.409,52902
01/10/2022,22.385,22.54,22.205,22.462,44525
01/11/2022,22.5,22.86,22.48,22.812,48865
01/12/2022,22.82,23.26,22.68,23.207,55764
01/13/2022,23.19,23.315,23.025,23.162,53381
01/14/2022,23.115,23.345,22.845,22.918,49788
01/18/2022,22.995,23.68,22.82,23.492,105831
01/19/2022,23.505,24.265,23.43,24.231,73904
01/20/2022,24.185,24.755,24.125,24.716,75611
01/21/2022,24.525,24.64,24.205,24.32,59951
01/24/2022,24.305,24.36,23.595,23.8,72346
01/25/2022,24.045,24.045,23.635,23.896,53177
01/26/2022,23.85,24.025,23.46,23.807,55616
01/27/2022,23.565,23.625,22.585,22.676,82117
01/28/2022,22.79,22.83,22.15,22.301,61854
01/31/2022,22.475,22.655,22.25,22.393,38415
02/01/2022,22.49,23.06,22.405,22.595,48401
02/02/2022,22.64,22.875,22.465,22.707,38341
02/03/2022,22.65,22.66,21.985,22.375,55028
02/04/2022,22.42,22.69,22.1,22.475,45473
02/07/2022,22.535,23.11,22.5,23.076,58936
02/08/2022,23.025,23.265,22.77,23.2,52509
02/09/2022,23.195,23.365,23.095,23.341,52976
02/10/2022,23.31,23.735,23.145,23.522,77906
02/11/2022,23.205,23.71,22.855,23.369,70913
02/14/2022,23.6,23.965,23.555,23.848,57088
02/15/2022,23.885,24.015,23.07,23.342,61866
02/16/2022,23.38,23.67,23.29,23.605,47867
02/17/2022,23.645,23.93,23.44,23.875,60054
02/18/2022,23.855,24.115,23.7,23.992,51522
02/22/2022,24.06,24.385,23.71,24.311,96222
02/23/2022,24.145,24.62,24.05,24.553,62689
02/24/2022,24.61,25.67,23.86,24.687,107560
02/25/2022,24.33,24.55,23.92,24.017,65754
02/28/2022,24.62,24.88,24.155,24.366,55275
03/01/2022,24.455,25.65,24.345,25.541,68559
03/02/2022,25.505,25.545,24.96,25.19,69469
03/03/2022,25.45,25.665,25.075,25.212,57473
03/04/2022,25.285,25.92,25.155,25.789,65533
03/07/2022,26.025,26.37,25.465,25.72,81497
03/08/2022,25.805,27.495,25.55,26.895,127210
03/09/2022,26.925,27.39,25.73,25.816,87106
03/10/2022,26.06,26.425,25.6,26.256,55850
03/11/2022,26.255,26.35,25.695,26.16,49495
03/14/2022,26.28,26.29,25.16,25.298,52362
03/15/2022,25.26,25.315,24.75,25.158,47790
03/16/2022,25.115,25.25,24.55,24.71,46296
03/17/2022,25.24,25.75,25.165,25.616,40143
03/18/2022,25.595,25.64,24.98,25.087,36077
03/21/2022,25.15,25.52,25.05,25.313,34835
03/22/2022,25.41,25.59,24.695,24.904,45755
03/23/2022,24.915,25.37,24.78,25.189,34153
03/24/2022,25.285,26.16,25.17,25.92,61003
03/25/2022,25.85,26.035,25.47,25.615,36567
03/28/2022,25.725,25.795,24.94,25.196,46259
03/29/2022,25.01,25.135,24.045,24.736,76186
03/30/2022,24.92,25.265,24.855,25.113,38787
03/31/2022,25.035,25.285,24.67,25.133,36613
04/01/2022,24.99,25.04,24.565,24.654,42778
04/04/2022,24.735,25.005,24.385,24.59,41512
04/05/2022,24.665,25.11,24.355,24.534,49217
04/06/2022,24.465,24.68,24.2,24.458,47180
04/07/2022,24.57,24.78,24.335,24.735,48613
04/08/2022,24.725,24.935,24.495,24.823,47029
04/11/2022,24.925,25.6,24.795,24.987,76959
04/12/2022,25.255,25.84,25.025,25.735,74873
04/13/2022,25.585,26.07,25.53,26.03,62662
04/14/2022,25.955,26.115,25.46,25.7,51611
04/18/2022,25.875,26.495,25.805,26.15,52496
04/19/2022,26.055,26.195,25.165,25.391,65300
04/20/2022,25.315,25.4,24.98,25.271,44950
04/21/2022,25.305,25.31,24.48,24.621,69612
04/22/2022,24.72,24.74,24.08,24.259,62767
04/25/2022,24.215,24.24,23.42,23.67,63922
04/26/2022,23.705,23.975,23.445,23.544,45154
04/27/2022,23.59,23.765,23.275,23.46,37579
04/28/2022,23.365,23.455,22.94,23.181,57590
04/29/2022,23.23,23.65,22.71,23.085,52891
05/02/2022,22.785,22.88,22.13,22.584,56206
05/03/2022,22.7,22.89,22.44,22.665,43732
05/04/2022,22.6,23.125,22.22,22.402,58057
05/05/2022,23.04,23.345,22.325,22.443,71880
05/06/2022,22.52,22.665,22.11,22.367,57947
05/09/2022,22.395,22.395,21.65,21.82,80196
05/10/2022,21.77,22.085,21.155,21.424,78496
05/11/2022,21.21,21.97,21.2,21.575,80769
05/12/2022,21.555,21.625,20.59,20.773,81996
05/13/2022,20.635,21.125,20.42,21.001,57063
05/16/2022,21.105,21.71,20.835,21.551,46633
05/17/2022,21.65,21.925,21.52,21.75,39226
05/18/2022,21.665,21.75,21.365,21.544,33867
05/19/2022,21.43,22.01,21.25,21.908,41278
05/20/2022,21.965,22.08,21.58,21.674,33171
05/23/2022,21.78,22.205,21.66,21.723,41167
05/24/2022,21.77,22.215,21.645,22.063,36827
05/25/2022,22.115,22.145,21.725,21.87,32081
05/26/2022,21.975,22.075,21.73,21.965,29702
05/27/2022,22.035,22.475,21.94,22.096,37447
05/31/2022,22.15,22.31,21.455,21.688,67951
06/01/2022,21.535,21.995,21.41,21.915,51150
06/02/2022,21.86,22.38,21.785,22.275,35936
06/03/2022,22.355,22.525,21.86,21.908,35848
06/06/2022,21.945,22.565,21.9,22.092,48160
06/07/2022,22.085,22.3,21.84,22.178,51446
06/08/2022,22.275,22.275,21.795,22.094,44943
06/09/2022,22.085,22.165,21.535,21.817,63622
06/10/2022,21.715,22.02,21.235,21.931,72367
06/13/2022,22.01,22.04,20.91,21.255,88959
06/14/2022,21.07,21.36,20.845,20.954,59211
06/15/2022,21.01,21.845,20.97,21.42,70536
06/16/2022,21.68,21.97,21.32,21.885,52318
06/17/2022,21.955,21.965,21.56,21.587,43118
06/21/2022,21.52,21.95,21.43,21.768,64993
06/22/2022,21.67,21.675,21.205,21.421,55917
06/23/2022,21.42,21.495,20.89,21.042,71938
06/24/2022,20.92,21.205,20.545,21.125,70535
06/27/2022,21.2,21.535,21.08,21.168,48086
06/28/2022,21.17,21.355,20.72,20.806,42010
06/29/2022,20.84,21.065,20.61,20.738,53003
06/30/2022,20.725,20.785,20.145,20.352,61095
07/01/2022,20.29,20.29,19.295,19.667,71675
07/05/2022,19.88,20.1,18.97,19.121,85003
07/06/2022,19.155,19.325,18.705,19.159,66245
07/07/2022,19.17,19.435,19.035,19.188,42480
07/08/2022,19.17,19.39,18.935,19.236,42122
07/11/2022,19.265,19.31,19.015,19.132,38596
07/12/2022,19.055,19.135,18.63,18.958,53267
07/13/2022,18.87,19.36,18.79,19.194,63754
07/14/2022,19.18,19.18,18.01,18.225,82273
07/15/2022,18.335,18.695,18.095,18.594,51535
07/18/2022,18.675,18.95,18.585,18.84,42250
07/19/2022,18.655,18.845,18.51,18.713,36800
07/20/2022,18.695,19.03,18.565,18.668,42473
07/21/2022,18.61,18.805,18.12,18.719,58417
07/22/2022,18.785,18.88,18.42,18.617,44832
07/25/2022,18.54,18.675,18.195,18.328,43124
07/26/2022,18.33,18.62,18.285,18.535,40820
07/27/2022,18.535,19.095,18.36,18.6,62255
07/28/2022,19.05,20,19.01,19.868,86522
07/29/2022,19.99,20.35,19.825,20.197,60985
08/01/2022,20.335,20.51,20.065,20.362,58521
08/02/2022,20.34,20.495,19.915,20.139,64539
08/03/2022,19.955,20.14,19.75,19.894,47270
08/04/2022,20.045,20.38,19.93,20.122,49819
08/05/2022,20.16,20.28,19.47,19.842,57904
08/08/2022,19.84,20.745,19.745,20.614,68066
08/09/2022,20.695,20.74,20.4,20.482,53846
08/10/2022,20.5,20.83,20.315,20.742,65018
08/11/2022,20.575,20.605,20.19,20.349,56532
08/12/2022,20.26,20.85,20.19,20.698,46057
08/15/2022,20.805,20.87,20.02,20.272,55089
08/16/2022,20.23,20.25,19.86,20.085,41920
08/17/2022,20.105,20.24,19.63,19.731,49570
08/18/2022,19.74,19.885,19.41,19.464,46162
08/19/2022,19.47,19.48,18.925,19.069,54102
08/22/2022,18.97,19.065,18.605,18.878,55519
08/23/2022,18.885,19.155,18.65,19.026,52280
08/24/2022,19.02,19.105,18.815,18.907,42817
08/25/2022,18.995,19.26,18.955,19.12,46313
08/26/2022,19.13,19.345,18.68,18.746,51951
08/29/2022,18.52,18.555,18.52,18.555,2
08/30/2022,18.675,18.7,18.225,18.287,58002
08/31/2022,18.29,18.39,17.8,17.882,63457
09/01/2022,17.85,17.865,17.4,17.666,66963
09/02/2022,17.665,18.165,17.62,17.881,61950
09/06/2022,17.94,18.465,17.815,17.908,72106
09/07/2022,17.905,18.4,17.74,18.26,49635
09/08/2022,18.395,18.665,18.24,18.442,53195
09/09/2022,18.45,18.86,18.445,18.767,42826
09/12/2022,18.815,20.005,18.775,19.86,82320
09/13/2022,19.785,19.93,19.295,19.491,76426
09/14/2022,19.3,19.685,19.215,19.569,47430
09/15/2022,19.6,19.625,19.11,19.269,50656
09/16/2022,19.175,19.64,18.77,19.381,56410
09/19/2022,19.6,19.69,19.235,19.358,44265
09/20/2022,19.595,19.605,19.07,19.183,42269
09/21/2022,19.265,19.96,19.23,19.48,70726
09/22/2022,19.645,19.89,19.25,19.617,63373
09/23/2022,19.66,19.745,18.76,18.91,80879
09/26/2022,18.85,19.045,18.31,18.48,81812
09/27/2022,18.35,18.785,18.295,18.337,63089
09/28/2022,18.365,18.965,17.895,18.88,83799
09/29/2022,18.91,18.915,18.465,18.712,59252
09/30/2022,18.81,19.3,18.745,19.039,52039
10/03/2022,18.995,20.78,18.98,20.589,98657
10/04/2022,20.745,21.31,20.68,21.099,73441
10/05/2022,21.12,21.135,19.985,20.544,80040
10/06/2022,20.75,20.93,20.4,20.66,49255
10/07/2022,20.71,20.875,20.02,20.255,58185
10/10/2022,20.185,20.21,19.525,19.615,59200
10/11/2022,19.63,19.725,19.05,19.487,60401
10/12/2022,19.175,19.31,18.84,18.938,57220
10/13/2022,19.01,19.29,18.41,18.918,73297
10/14/2022,18.865,19.055,18.01,18.071,66539
10/17/2022,18.16,18.89,18.155,18.719,52185
10/18/2022,18.625,18.865,18.49,18.6,39817
10/19/2022,18.685,18.755,18.305,18.359,36441
10/20/2022,18.405,18.96,18.15,18.689,57776
10/21/2022,18.625,19.405,18.205,19.066,83601
10/24/2022,19.395,19.675,18.985,19.189,61360
10/25/2022,19.195,19.41,18.74,19.349,54442
10/26/2022,19.325,19.765,19.18,19.486,55631
10/27/2022,19.555,19.66,19.255,19.494,58012
10/28/2022,19.565,19.62,18.95,19.147,50425
10/31/2022,19.2,19.225,18.865,19.119,36651
11/01/2022,19.11,20.04,19.085,19.667,79392
11/02/2022,19.635,20.11,19.2,19.594,63230
11/03/2022,19.23,19.555,18.805,19.43,71233
11/04/2022,19.5,20.965,19.425,20.784,101279
11/07/2022,20.57,21.08,20.435,20.919,76411
11/08/2022,20.85,21.72,20.57,21.502,95945
11/09/2022,21.425,21.695,21.055,21.327,80561
11/10/2022,21.115,21.94,21.045,21.702,92918
11/11/2022,21.77,22.16,21.355,21.667,73449
11/14/2022,21.77,22.19,21.37,22.113,63151
11/15/2022,22.065,22.38,21.45,21.518,94519
11/16/2022,21.63,22.155,21.455,21.524,71716
11/17/2022,21.505,21.535,20.785,20.975,68303
11/18/2022,21.02,21.325,20.87,20.997,43942
11/21/2022,20.985,21.04,20.6,20.872,49274
11/22/2022,20.86,21.37,20.86,21.049,56889
11/23/2022,21.1,21.63,20.925,21.367,50248
11/25/2022,21.605,21.73,21.175,21.43,53165
11/28/2022,21.45,21.64,20.835,20.915,59036
11/29/2022,21.13,21.635,21.06,21.436,46731
11/30/2022,21.415,22.41,21.355,21.781,63509
12/01/2022,22.41,23.005,22.24,22.841,73641
12/02/2022,22.975,23.475,22.48,23.25,71778
12/05/2022,23.29,23.69,22.35,22.417,72922
12/06/2022,22.435,22.78,22.19,22.335,49857
12/07/2022,22.35,23.01,22.255,22.922,51536
12/08/2022,22.92,23.425,22.725,23.246,44878
12/09/2022,23.305,23.9,23.14,23.717,52451
12/12/2022,23.65,23.765,23.32,23.403,39129
12/13/2022,23.52,24.39,23.49,23.99,74308
12/14/2022,23.965,24.275,23.605,24.136,51522
12/15/2022,24.18,24.18,23.155,23.305,61897
12/16/2022,23.27,23.445,22.735,23.328,49861
12/19/2022,23.415,23.625,23.03,23.199,33182
12/20/2022,23.18,24.49,23.05,24.271,72521
12/21/2022,24.395,24.525,24.055,24.194,36770
12/22/2022,24.195,24.315,23.55,23.622,46204
12/23/2022,23.74,24.095,23.685,23.92,30393
12/27/2022,24.05,24.495,23.975,24.217,45233
12/28/2022,24.24,24.275,23.645,23.84,34285
12/29/2022,23.725,24.28,23.69,24.25,36898
12/30/2022,24.105,24.36,23.705,24.04,39624
01/03/2023,24.305,24.775,24.095,24.236,69964
01/04/2023,24.175,24.64,23.745,23.964,62309
01/05/2023,23.94,24.06,23.26,23.424,60084
01/06/2023,23.385,24.055,23.345,23.982,54445
01/09/2023,24.025,24.285,23.725,23.871,47840
01/10/2023,23.775,23.905,23.55,23.665,42919
01/11/2023,23.72,24.19,23.34,23.481,57031
01/12/2023,23.53,24.33,23.5,24.004,73105
01/13/2023,23.92,24.445,23.62,24.372,57421
01/17/2023,24.45,24.67,23.975,24.068,86021
01/18/2023,24.09,24.5,23.55,23.647,82096
01/19/2023,23.595,24.075,23.27,23.87,66630
01/20/2023,24.005,24.225,23.83,23.935,55908
01/23/2023,24.055,24.295,22.845,23.554,91281
01/24/2023,23.565,23.855,23.31,23.749,51746
01/25/2023,23.765,24.065,23.44,23.941,56584
01/26/2023,24.055,24.415,23.69,24.02,85567
01/27/2023,24.025,24.12,23.39,23.622,64466
01/30/2023,23.675,23.92,23.63,23.733,56123
01/31/2023,23.695,23.865,23.05,23.836,66626
02/01/2023,23.84,24.15,23.44,23.609,65333
02/02/2023,24.065,24.75,23.495,23.615,110840
02/03/2023,23.515,23.665,22.325,22.405,106640
02/06/2023,22.385,22.635,22.17,22.237,66943
02/07/2023,22.305,22.485,22.065,22.177,72082
02/08/2023,22.21,22.56,22.205,22.42,56973
02/09/2023,22.365,22.615,21.915,22.143,67992
02/10/2023,22.015,22.31,21.83,22.075,65973
02/13/2023,22.03,22.085,21.785,21.852,48506
02/14/2023,21.995,22.04,21.585,21.873,73822
02/15/2023,21.865,21.875,21.385,21.572,55508
02/16/2023,21.64,21.79,21.4,21.71,56289
02/17/2023,21.585,21.8,21.155,21.715,65470
02/21/2023,21.7,21.995,21.555,21.89,86914
02/22/2023,21.87,22,21.435,21.677,50976
02/23/2023,21.52,21.67,21.26,21.306,52988
02/24/2023,21.33,21.395,20.725,20.81,50800
02/27/2023,20.915,20.945,20.64,20.793,66623
02/28/2023,20.74,21.125,20.505,21.071,61594
03/01/2023,21.03,21.285,20.945,21.095,57920
03/02/2023,21.085,21.1,20.76,20.901,45155
03/03/2023,20.99,21.385,20.91,21.238,52553
03/06/2023,21.385,21.395,21.07,21.135,56899
03/07/2023,21.14,21.215,20.105,20.199,69318
03/08/2023,20.165,20.29,19.955,20.151,60887
03/09/2023,20.125,20.355,20.025,20.165,47400
03/10/2023,20.145,20.875,19.945,20.506,72112
03/13/2023,20.72,22.045,20.645,21.923,121597
03/14/2023,21.92,22.09,21.465,22.04,75567
03/15/2023,21.795,22.525,21.605,21.882,89429
03/16/2023,21.925,22.21,21.59,21.692,56943
03/17/2023,21.855,22.765,21.785,22.462,66889
03/20/2023,22.71,22.855,22.35,22.646,65636
03/21/2023,22.665,22.785,22.29,22.425,45059
03/22/2023,22.51,23.24,22.41,22.786,56689
03/23/2023,23.1,23.36,22.9,23.256,60536
03/24/2023,23.24,23.705,23.125,23.339,62860
03/27/2023,23.485,23.485,23,23.145,47365
03/28/2023,23.21,23.515,22.96,23.42,42175
03/29/2023,23.47,23.555,23.205,23.466,42583
03/30/2023,23.44,24.1,23.37,23.989,67103
03/31/2023,24.05,24.31,23.83,24.156,56435
04/03/2023,24.285,24.335,23.725,24.021,59787
04/04/2023,24.105,25.195,23.97,25.101,80733
04/05/2023,25.175,25.295,24.785,25.037,66170
04/06/2023,25.09,25.175,24.695,25.093,49817
04/10/2023,24.91,25.24,24.775,24.912,47961
04/11/2023,25.015,25.275,24.97,25.186,54833
04/12/2023,25.185,25.825,25.175,25.458,89015
04/13/2023,25.63,26.115,25.515,25.925,75419
04/14/2023,25.97,26.235,25.265,25.46,91385
04/17/2023,25.44,25.71,24.92,25.088,64634
04/18/2023,25.125,25.43,25.03,25.263,48685
04/19/2023,25.28,25.46,24.715,25.371,74679
04/20/2023,25.37,25.585,25.155,25.373,64381
04/21/2023,25.35,25.475,24.985,25.058,60729
04/24/2023,25.155,25.32,24.84,25.311,55060
04/25/2023,25.255,25.435,24.53,24.882,73904
04/26/2023,25.045,25.325,24.815,24.876,64251
04/27/2023,25.17,25.41,24.745,25.209,70923
04/28/2023,25.205,25.35,24.98,25.226,44193
05/01/2023,25.46,26.21,25.14,25.23,75568
05/02/2023,25.245,25.765,24.82,25.619,62314
05/03/2023,25.65,25.91,25.355,25.681,52176
05/04/2023,25.91,26.36,25.7,26.227,73180
05/05/2023,26.33,26.435,25.41,25.93,66745
05/08/2023,25.945,25.99,25.76,25.834,34920
05/09/2023,25.79,25.93,25.57,25.898,45730
05/10/2023,25.84,26.2,25.455,25.658,77949
05/11/2023,25.545,25.7,24.325,24.424,107003
05/12/2023,24.37,24.405,23.91,24.154,71249
05/15/2023,24.1,24.395,24.05,24.291,42503
05/16/2023,24.265,24.275,23.805,23.893,63667
05/17/2023,23.915,24.06,23.715,23.897,49654
05/18/2023,23.94,23.96,23.485,23.633,46401
05/19/2023,23.655,24.185,23.555,24.06,55419
05/22/2023,24.02,24.085,23.76,23.861,39174
05/23/2023,23.8,23.81,23.235,23.624,60998
05/24/2023,23.59,23.655,23.14,23.24,52104
05/25/2023,23.185,23.26,22.8,22.91,63122
05/26/2023,22.83,23.46,22.785,23.36,58990
05/30/2023,23.425,23.51,23.03,23.239,79064
05/31/2023,23.31,23.735,23.16,23.587,76734
06/01/2023,23.625,24.03,23.355,23.987,76911
06/02/2023,23.98,24.12,23.66,23.747,59741
06/05/2023,23.69,23.785,23.32,23.635,47487
06/06/2023,23.665,23.87,23.41,23.67,44284
06/07/2023,23.675,24.165,23.48,23.529,73325
06/08/2023,23.525,24.46,23.51,24.348,84074
06/09/2023,24.36,24.62,24.28,24.41,61691
06/12/2023,24.375,24.395,23.955,24.059,58041
06/13/2023,24.145,24.52,23.665,23.822,73640
06/14/2023,23.73,24.175,23.715,24.105,61204
06/15/2023,24,24.01,23.27,23.947,90801
06/16/2023,23.965,24.29,23.91,24.126,61394
06/20/2023,24.245,24.26,23.1,23.234,110459
06/21/2023,23.21,23.23,22.515,22.81,78457
06/22/2023,22.69,22.75,22.2,22.467,57666
06/23/2023,22.29,22.71,22.14,22.354,51717
06/26/2023,22.445,22.94,22.435,22.826,57623
06/27/2023,22.835,23.15,22.785,22.96,48746
06/28/2023,22.925,22.995,22.6,22.889,34711
06/29/2023,22.94,23.11,22.485,22.798,55875
06/30/2023,22.77,23.05,22.54,23.02,43745
07/03/2023,22.995,23.29,22.91,23.112,45686
07/05/2023,23.12,23.535,22.97,23.402,81910
07/06/2023,23.355,23.47,22.72,22.89,61140
07/07/2023,22.905,23.365,22.8,23.289,47682
07/10/2023,23.34,23.37,22.94,23.345,38286
07/11/2023,23.335,23.595,23.22,23.281,34713
07/12/2023,23.325,24.375,23.31,24.31,82578
07/13/2023,24.33,25.11,24.31,24.949,90280
07/14/2023,25.105,25.255,24.91,25.194,69262
07/17/2023,25.155,25.155,24.815,25.018,44981
07/18/2023,25.06,25.405,24.975,25.256,60828
07/19/2023,25.275,25.46,25.145,25.387,43189
07/20/2023,25.345,25.475,24.895,24.962,59023
07/21/2023,24.95,25.11,24.765,24.855,36128
07/24/2023,24.79,24.89,24.425,24.581,54684
07/25/2023,24.525,24.91,24.45,24.824,49471
07/26/2023,24.87,25.21,24.675,24.97,56990
07/27/2023,25.075,25.325,24.18,24.367,83213
07/28/2023,24.265,24.545,24.24,24.495,38405
07/31/2023,24.475,24.985,24.32,24.972,45398
08/01/2023,24.9,24.905,24.255,24.326,52950
08/02/2023,24.48,24.63,23.76,23.872,73953
08/03/2023,23.835,23.94,23.41,23.697,63142
08/04/2023,23.71,23.895,23.275,23.716,56747
08/07/2023,23.72,23.775,23.145,23.232,62320
08/08/2023,23.2,23.255,22.72,22.807,82655
08/09/2023,22.82,22.99,22.68,22.731,69546
08/10/2023,22.73,23.06,22.665,22.821,75605
08/11/2023,22.76,22.91,22.61,22.743,48043
08/14/2023,22.74,22.82,22.41,22.708,53770
08/15/2023,22.65,22.77,22.265,22.656,61484
08/16/2023,22.59,22.855,22.445,22.535,46535
08/17/2023,22.485,23.07,22.39,22.715,66433
08/18/2023,22.75,22.92,22.67,22.733,53105
08/21/2023,22.795,23.375,22.71,23.34,66428
08/22/2023,23.375,23.515,23.265,23.45,53824
08/23/2023,23.485,24.43,23.475,24.392,89895
08/24/2023,24.395,24.42,24.115,24.23,68760
08/25/2023,24.19,24.44,23.97,24.234,55368
08/28/2023,24.275,24.395,24.085,24.252,36360
08/29/2023,24.275,24.845,24.205,24.788,52924
08/30/2023,25.135,25.425,24.92,25.104,67029
08/31/2023,25.02,25.06,24.745,24.812,47180
09/01/2023,24.82,25.22,24.52,24.562,60053
09/05/2023,24.625,24.635,23.815,23.873,91770
09/06/2023,23.88,23.935,23.315,23.503,67136
09/07/2023,23.5,23.5,23.13,23.24,50651
09/08/2023,23.26,23.455,23.13,23.174,51199
09/11/2023,23.195,23.515,23.18,23.383,43214
09/12/2023,23.39,23.48,23.11,23.402,40981
09/13/2023,23.375,23.39,23.025,23.181,49955
09/14/2023,23.14,23.265,22.555,22.994,84603
09/15/2023,22.93,23.585,22.91,23.386,65790
09/18/2023,23.32,23.54,23.235,23.498,46569
09/19/2023,23.53,23.705,23.365,23.456,40414
09/20/2023,23.48,23.88,23.325,23.836,57728
09/21/2023,23.52,23.745,23.06,23.687,73839
09/22/2023,23.675,24.05,23.665,23.844,51520
09/25/2023,23.81,23.925,23.29,23.385,55988
09/26/2023,23.39,23.39,23.1,23.196,52630
09/27/2023,23.1,23.12,22.64,22.724,66471
09/28/2023,22.8,22.955,22.61,22.741,67237
09/29/2023,22.84,23.805,22.325,22.45,109554
10/02/2023,22.41,22.41,21.215,21.421,98272
10/03/2023,21.31,21.595,20.87,21.377,82336
10/04/2023,21.375,21.57,20.85,21.146,68611
10/05/2023,21.18,21.455,20.855,21.019,57838
10/06/2023,21.12,21.78,20.94,21.723,82069
10/09/2023,21.94,22.18,21.705,21.924,58308
10/10/2023,22.03,22.11,21.775,21.953,43790
10/11/2023,22.015,22.275,21.955,22.133,45003
10/12/2023,22.205,22.39,21.88,21.959,51300
10/13/2023,21.985,22.99,21.96,22.895,74419
10/16/2023,22.91,22.91,22.635,22.765,36552
10/17/2023,22.78,23.18,22.535,23.024,48474
10/18/2023,22.975,23.49,22.84,23.099,66385
10/19/2023,23.015,23.23,22.785,23.031,58631
10/20/2023,23.19,23.88,23.015,23.504,78838
10/23/2023,23.505,23.505,22.895,23.21,51811
10/24/2023,23.095,23.35,22.805,23.116,48109
10/25/2023,23.06,23.16,22.69,23.007,55003
10/26/2023,23.005,23.275,22.565,22.908,59308
10/27/2023,22.935,23.255,22.775,22.887,45217
10/30/2023,23.245,23.75,23.135,23.396,60076
10/31/2023,23.455,23.465,22.84,22.952,54676
11/01/2023,22.955,23.13,22.645,22.79,54797
11/02/2023,23.05,23.24,22.755,22.846,45115
11/03/2023,22.875,23.415,22.675,23.285,75137
11/06/2023,23.335,23.36,23.085,23.234,41667
11/07/2023,23.125,23.17,22.505,22.589,79028
11/08/2023,22.705,22.935,22.375,22.728,66632
11/09/2023,22.625,23.07,22.415,22.905,74592
11/10/2023,22.705,22.8,22.23,22.281,58708
11/13/2023,22.31,22.405,21.925,22.358,64069
11/14/2023,22.37,23.255,22.15,23.132,76297
11/15/2023,23.16,23.71,23.095,23.538,72281
11/16/2023,23.51,24.165,23.35,23.933,83273
11/17/2023,23.825,24.22,23.73,23.852,52717
11/20/2023,23.785,23.87,23.3,23.614,59570
11/21/2023,23.485,24.08,23.47,23.869,65699
11/22/2023,23.795,24.005,23.58,23.688,54280
11/24/2023,23.665,24.395,23.61,24.341,64722
11/27/2023,24.375,24.935,24.32,24.681,77461
11/28/2023,24.7,25.065,24.585,24.935,59633
11/29/2023,25.43,25.68,25.245,25.443,67404
11/30/2023,25.41,25.7,25.325,25.66,51617
12/01/2023,25.695,25.94,25.48,25.857,68016
12/04/2023,25.945,26.34,24.785,24.907,113762
12/05/2023,24.915,25.02,24.32,24.546,76734
12/06/2023,24.53,24.715,24.21,24.228,59372
12/07/2023,24.23,24.35,23.905,24.059,57747
12/08/2023,24.14,24.225,23.245,23.276,83188
12/11/2023,23.3,23.4,23.015,23.058,56898
12/12/2023,23.125,23.45,22.975,23.016,55160
12/13/2023,23.075,24.125,22.785,22.921,81888
12/14/2023,24.095,24.525,24.06,24.386,97584
12/15/2023,24.475,24.59,24.05,24.154,55983
12/18/2023,24.125,24.355,23.955,24.107,42684
12/19/2023,24.08,24.475,24.04,24.321,37536
12/20/2023,24.36,24.75,24.245,24.631,46984
12/21/2023,24.46,24.79,24.43,24.585,46757
12/22/2023,24.705,24.895,24.37,24.565,47671
12/26/2023,24.495,24.7,24.34,24.396,27811
12/27/2023,24.505,24.73,24.22,24.641,43843
12/28/2023,24.55,24.74,24.185,24.372,35693
12/29/2023,24.225,24.235,23.76,24.086,45455
01/02/2024,24.045,24.335,23.875,23.953,47421
01/03/2024,23.885,23.95,23.045,23.157,86461
01/04/2024,23.19,23.26,22.88,23.187,52976
01/05/2024,23.205,23.715,22.97,23.315,60321
01/08/2024,23.38,23.41,23.02,23.31,46685
01/09/2024,23.315,23.565,23.08,23.091,42897
01/10/2024,23.16,23.29,22.935,23.066,44058
01/11/2024,23.085,23.4,22.63,22.705,78484
01/12/2024,22.92,23.72,22.915,23.329,70306
01/16/2024,23.35,23.5,23.015,23.093,61417
01/17/2024,23.095,23.11,22.66,22.669,52249
01/18/2024,22.715,22.9,22.52,22.807,46149
01/19/2024,22.885,22.98,22.595,22.711,40328
01/22/2024,22.745,22.78,22.04,22.296,74919
01/23/2024,22.2,22.58,22.165,22.462,49416
01/24/2024,22.57,23.09,22.465,22.889,77931
01/25/2024,22.8,23.155,22.765,22.927,57183
01/26/2024,23.025,23.1,22.81,22.872,43458
01/29/2024,22.92,23.34,22.88,23.251,60066
01/30/2024,23.32,23.43,23.055,23.225,53370
01/31/2024,23.29,23.445,22.895,23.169,66906
02/01/2024,23.055,23.365,22.605,23.236,85163
02/02/2024,23.285,23.355,22.485,22.796,88374
02/05/2024,22.84,22.84,22.325,22.422,55291
02/06/2024,22.43,22.575,22.34,22.478,43924
02/07/2024,22.505,22.535,22.275,22.36,58210
02/08/2024,22.285,22.705,22.195,22.636,68123
02/09/2024,22.645,22.795,22.42,22.594,47051
02/12/2024,22.63,23.15,22.575,22.767,75657
02/13/2024,22.74,23.05,22.03,22.154,93526
02/14/2024,22.17,22.515,21.975,22.387,80924
02/15/2024,22.425,23.09,22.4,22.951,96313
02/16/2024,22.98,23.56,22.84,23.475,75535
02/20/2024,23.465,23.51,22.955,23.136,98234
02/21/2024,23.035,23.22,22.79,22.874,57986
02/22/2024,22.93,23.2,22.76,22.784,52298
02/23/2024,22.785,23.03,22.58,22.982,61639
02/26/2024,22.98,22.98,22.455,22.526,53558
02/27/2024,22.525,22.71,22.405,22.532,38667
02/28/2024,22.67,22.735,22.47,22.636,44454
02/29/2024,22.675,23,22.5,22.885,56323
03/01/2024,22.885,23.485,22.71,23.364,69132
03/04/2024,23.37,24.16,23.23,23.991,87503
03/05/2024,24.125,24.455,23.845,23.984,98918
03/06/2024,23.895,24.535,23.785,24.493,83298
03/07/2024,24.4,24.735,24.225,24.578,85242
03/08/2024,24.545,24.86,24.38,24.549,83512
03/11/2024,24.58,24.74,24.445,24.715,48825
03/12/2024,24.675,24.9,24.22,24.394,75848
03/13/2024,24.335,25.25,24.275,25.156,79332
03/14/2024,25.225,25.37,24.95,25.06,74028
03/15/2024,25.03,25.66,25,25.381,72751
03/18/2024,25.4,25.535,25.15,25.265,47978
03/19/2024,25.25,25.36,24.92,25.135,49787
03/20/2024,25.09,25.835,24.93,25.104,68267
03/21/2024,25.79,25.975,24.82,25.007,104108
03/22/2024,24.92,25.11,24.58,24.843,55996
03/25/2024,24.85,25.05,24.72,24.891,39549
03/26/2024,24.845,25.055,24.515,24.623,69880
03/27/2024,24.595,24.79,24.445,24.752,57536
03/28/2024,24.77,25.13,24.505,24.916,74082
04/01/2024,25.14,25.51,24.855,25.073,95899
04/02/2024,25.235,26.295,25.195,25.923,133454
04/03/2024,26.265,27.325,26.235,27.06,139588
04/04/2024,27.305,27.455,26.785,27.247,104384
04/05/2024,27.06,27.615,26.4,27.503,116261
04/08/2024,27.555,28.195,26.97,27.807,131914
04/09/2024,27.97,28.44,27.725,27.984,125245
04/10/2024,28.27,28.655,27.64,28.052,157988
04/11/2024,28.045,28.6,27.84,28.25,89106
04/12/2024,28.535,29.905,27.945,28.33,188827
04/15/2024,28.2,28.98,27.665,28.717,118694
04/16/2024,28.95,29.1,28.03,28.376,107017
04/17/2024,28.195,28.895,28.145,28.4,102411
04/18/2024,28.285,28.735,28.21,28.38,72234
04/19/2024,28.31,29.01,28.12,28.844,88027
04/22/2024,28.79,28.795,27.155,27.245,105412
04/23/2024,27.2,27.42,26.715,27.362,107522
04/24/2024,27.33,27.525,27.06,27.346,70174
04/25/2024,27.185,27.61,27,27.353,83795
04/26/2024,27.48,27.745,27.09,27.252,67388
04/29/2024,27.5,27.735,27.225,27.66,61962
04/30/2024,27.455,27.455,26.515,26.654,87795
05/01/2024,26.55,27.25,26.52,26.748,64618
05/02/2024,26.905,27.065,26.255,26.829,63277
05/03/2024,26.94,27.14,26.345,26.69,65050
05/06/2024,26.81,27.73,26.655,27.614,68063
05/07/2024,27.715,27.77,27.39,27.544,47442
05/08/2024,27.475,27.725,27.24,27.601,51137
05/09/2024,27.56,28.58,27.515,28.365,79426
05/10/2024,28.58,29,28.27,28.506,76262
05/13/2024,28.42,28.615,28.185,28.443,55317
05/14/2024,28.42,28.985,28.31,28.702,70496
05/15/2024,28.855,29.99,28.675,29.729,117421
05/16/2024,29.9,30.105,29.555,29.876,91444
05/17/2024,29.825,31.85,29.7,31.259,128224
05/20/2024,31.85,32.75,31.18,32.426,159969
05/21/2024,32.055,32.72,31.28,32.078,112621
05/22/2024,32.225,32.44,30.965,31.496,93212
05/23/2024,31.015,31.185,30.265,30.455,107269
05/24/2024,30.33,30.835,30.235,30.499,53989
05/28/2024,30.565,32.45,30.555,32.137,142582
05/29/2024,32.31,32.515,31.78,32.373,87062
05/30/2024,32.17,32.28,31.18,31.534,98378
05/31/2024,31.345,31.945,30.345,30.44,109663
06/03/2024,30.625,30.965,29.94,30.784,84085
06/04/2024,30.89,31.04,29.505,29.617,110382
06/05/2024,29.645,30.185,29.525,30.073,69642
06/06/2024,30.145,31.47,30.065,31.367,95060
06/07/2024,31.47,31.67,29.22,29.44,132316
06/10/2024,29.25,29.935,29.23,29.874,68543
06/11/2024,29.95,29.985,29.135,29.231,85653
06/12/2024,29.385,30.355,29.28,30.267,109788
06/13/2024,29.8,29.83,28.73,29.066,116608
06/14/2024,29.03,29.65,28.905,29.472,74083
06/17/2024,29.64,29.65,29.09,29.391,52391
06/18/2024,29.53,29.76,28.985,29.564,71784
06/20/2024,29.615,30.845,29.41,30.821,130786
06/21/2024,30.815,30.905,29.505,29.614,101698
06/24/2024,29.575,29.755,29.37,29.525,52841
06/25/2024,29.605,29.69,28.855,28.868,81093
06/26/2024,28.965,29.095,28.58,28.93,52023
06/27/2024,29.08,29.575,28.99,29.256,63248
06/28/2024,29.285,29.955,29.07,29.56,50007
07/01/2024,29.445,29.79,29.25,29.613,45989
07/02/2024,29.765,30.125,29.49,29.658,52267
07/03/2024,29.815,30.975,29.77,30.842,75319
07/05/2024,30.82,31.79,30.45,31.689,97705
07/08/2024,31.475,31.67,30.71,30.913,67269
07/09/2024,31.02,31.435,30.785,31.056,54919
07/10/2024,31.085,31.445,30.915,31.014,50629
07/11/2024,31.07,32.015,31.07,31.671,79922
07/12/2024,31.725,31.725,30.62,31.162,69791
07/15/2024,31.1,31.325,30.76,30.936,58798
07/16/2024,30.93,31.635,30.72,31.458,69793
07/17/2024,31.495,31.655,30.255,30.377,97916
07/18/2024,30.505,30.8,29.94,30.224,71732
07/19/2024,30.02,30.03,29.06,29.299,75794
07/22/2024,29.425,29.615,28.93,29.321,61305
07/23/2024,29.315,29.48,28.825,29.331,54424
07/24/2024,29.42,29.63,29.065,29.316,54910
07/25/2024,29.075,29.08,27.555,27.975,117212
07/26/2024,27.99,28.22,27.75,28.02,58766
07/29/2024,28.06,28.335,27.45,27.866,63823
07/30/2024,28.03,28.56,27.765,28.525,54368
07/31/2024,28.54,29.185,28.39,28.938,62491
08/01/2024,29.165,29.29,28.335,28.477,78377
08/02/2024,28.62,29.355,28.06,28.392,97008
08/05/2024,28.675,28.815,26.595,27.207,128198
08/06/2024,27.365,27.67,26.7,27.216,64116
08/07/2024,27.085,27.365,26.665,26.944,65062
08/08/2024,26.695,27.69,26.505,27.606,71714
08/09/2024,27.64,27.84,27.325,27.588,58718
08/12/2024,27.55,28.105,27.28,28.008,63766
08/13/2024,28.035,28.135,27.51,27.786,57948
08/14/2024,27.935,28.175,27.23,27.339,65279
08/15/2024,27.62,28.58,27.525,28.418,87136
08/16/2024,28.42,29.095,28.085,28.849,61533
08/19/2024,29.095,29.53,28.78,29.304,65595
08/20/2024,29.49,30.035,29.255,29.519,75640
08/21/2024,29.47,29.77,29.23,29.535,51585
08/22/2024,29.62,29.7,28.795,29.047,76458
08/23/2024,28.995,29.915,28.945,29.82,71307
08/26/2024,29.88,30.225,29.68,30.007,55185
08/27/2024,29.91,30.11,29.7,29.98,50309
08/28/2024,29.985,30.1,29.08,29.201,42397
08/29/2024,29.56,30.085,29.54,29.989,70382
08/30/2024,29.84,30,29.08,29.143,58194
09/03/2024,29.24,29.35,28.055,28.344,91636
09/04/2024,28.39,28.715,28.11,28.557,46977
09/05/2024,28.63,29.55,28.535,29.099,64093
09/06/2024,29.155,29.47,28.01,28.183,85975
09/09/2024,28.27,28.71,28.035,28.651,48564
09/10/2024,28.69,28.89,28.36,28.614,47044
09/11/2024,28.725,29.215,28.39,28.928,69784
09/12/2024,29.02,30.25,28.85,30.107,80351
09/13/2024,30.23,31.28,30.19,31.074,78971
09/16/2024,31.075,31.46,30.95,31.135,50585
09/17/2024,31.075,31.35,30.86,30.979,48353
09/18/2024,31.025,31.585,30.035,30.687,85429
09/19/2024,30.415,31.625,30.22,31.423,77048
09/20/2024,31.11,31.755,31.04,31.505,74064
09/23/2024,31.535,31.55,30.67,31.085,62474
09/24/2024,31.02,32.6,30.96,32.43,115082
09/25/2024,32.445,32.61,31.87,32.018,85609
09/26/2024,32.11,33.02,32.035,32.341,94195
09/27/2024,32.31,32.59,31.635,31.816,73451
09/30/2024,31.945,32.15,31.155,31.458,58250
10/01/2024,31.42,32.145,31.38,31.742,61991
10/02/2024,31.705,32.59,31.26,31.92,71063
10/03/2024,32.1,32.485,31.65,32.464,56403
10/04/2024,32.29,33.225,31.755,32.394,85593
10/07/2024,32.45,32.595,31.655,32.004,54410
10/08/2024,31.945,32.02,30.345,30.6,96746
10/09/2024,30.86,31.005,30.435,30.67,52145
10/10/2024,30.71,31.4,30.57,31.24,55398
10/11/2024,31.375,31.845,31.26,31.755,43017
10/14/2024,31.73,31.75,30.94,31.316,44888
10/15/2024,31.4,31.89,30.95,31.756,53230
10/16/2024,31.685,32.385,31.6,31.974,50224
10/17/2024,31.905,32.22,31.485,31.774,62550
10/18/2024,31.875,33.97,31.855,33.234,100527
10/21/2024,33.9,34.485,33.66,34.078,104739
10/22/2024,34.01,35.07,33.97,35.041,86071
10/23/2024,35.055,35.07,33.61,33.839,100742
10/24/2024,33.875,34.48,33.42,33.795,79664
10/25/2024,33.85,34.195,33.26,33.779,67793
10/28/2024,33.83,34.17,33.39,34.001,62511
10/29/2024,33.845,34.725,33.765,34.441,75732
10/30/2024,34.62,34.69,33.565,34.075,73105
10/31/2024,33.945,34.04,32.64,32.796,95034
11/01/2024,32.795,33.25,32.46,32.681,66102
11/04/2024,32.57,33,32.415,32.609,51214
11/05/2024,32.58,33.055,32.355,32.775,50448
11/06/2024,32.78,32.85,30.94,31.331,123532
11/07/2024,31.295,32.265,30.96,31.855,79341
11/08/2024,32.155,32.17,31.3,31.449,69247
11/11/2024,31.415,31.66,30.53,30.613,76453
11/12/2024,30.775,30.93,30.28,30.759,73666
11/13/2024,30.82,31.255,30.385,30.663,71741
11/14/2024,30.415,30.74,29.75,30.569,77001
11/15/2024,30.53,30.9,30.26,30.432,55135
11/18/2024,30.37,31.355,30.35,31.224,57051
11/19/2024,31.245,31.615,31.125,31.262,60774
11/20/2024,31.305,31.42,30.86,31.005,56008
11/21/2024,30.955,31.38,30.715,30.943,62738
11/22/2024,30.86,31.47,30.805,31.338,61659
11/25/2024,31.4,31.545,30.115,30.239,84589
11/26/2024,30.345,30.74,30.025,30.405,55215
11/27/2024,30.49,30.75,29.99,30.111,19729
11/29/2024,30.56,31.375,30.095,31.108,70220
12/02/2024,31.12,31.135,30.51,30.864,47168
12/03/2024,30.99,31.57,30.92,31.492,54337
12/04/2024,31.505,32.07,31.065,31.915,75747
12/05/2024,31.825,31.95,31.505,31.536,50782
12/06/2024,31.825,31.935,31.32,31.588,60289
12/09/2024,31.48,32.945,31.375,32.611,93712
12/10/2024,32.46,32.795,32.305,32.747,61727
12/11/2024,32.66,33.14,32.41,32.967,78138
12/12/2024,32.79,33.33,31.495,31.619,93746
12/13/2024,31.56,31.63,30.755,31.028,60606
12/16/2024,31.005,31.24,30.94,31.057,33337
12/17/2024,31.04,31.11,30.615,30.921,39625
12/18/2024,30.985,31.045,29.755,30.74,49408
12/19/2024,29.88,30.14,29.145,29.411,67598
12/20/2024,29.475,30.235,29.195,29.958,56125
12/23/2024,30.055,30.355,29.99,30.189,34153
12/24/2024,30.21,30.37,30.11,30.283,16984
12/26/2024,30.3,30.485,30.145,30.389,25240
12/27/2024,30.415,30.465,29.89,29.968,28992
12/30/2024,29.98,30.1,29.275,29.412,36713
12/31/2024,29.38,29.48,29.2,29.242,27408
01/02/2025,29.31,30.04,29.27,29.9,43112
01/03/2025,29.985,30.38,29.935,30.065,32036
01/06/2025,30.095,30.96,29.875,30.583,61085
01/07/2025,30.485,31.025,30.41,30.686,48057
01/08/2025,30.655,31.045,30.455,30.69,44216
01/09/2025,30.73,31.27,30.65,31.015,39715
01/10/2025,31.045,31.84,30.7,31.314,63275
01/13/2025,31.305,31.465,30.205,30.309,61008
01/14/2025,30.305,30.58,30.115,30.351,41980
01/15/2025,30.545,31.65,30.37,31.531,51150
01/16/2025,31.6,31.985,31.535,31.725,48237
01/17/2025,31.605,31.64,30.91,31.141,48172
01/21/2025,31.085,31.575,30.77,31.496,69974
01/22/2025,31.555,31.71,31.115,31.42,41703
01/23/2025,31.385,31.395,30.465,30.842,66706
01/24/2025,30.84,31.685,30.825,31.185,48098
01/27/2025,30.995,31.005,30.035,30.414,53627
01/28/2025,30.575,30.96,30.235,30.882,38930
01/29/2025,30.94,31.765,30.755,31.393,60921
01/30/2025,31.58,32.815,31.56,32.493,68271
01/31/2025,32.765,32.92,32.115,32.265,63335
02/03/2025,32.46,32.745,31.61,32.526,76648
02/04/2025,32.54,33.195,32.225,33.022,61869
02/05/2025,32.87,33.215,32.63,32.976,67883
02/06/2025,32.755,32.915,32.15,32.626,53862
02/07/2025,32.65,33.165,32.175,32.443,75491
02/10/2025,32.18,32.805,32.03,32.491,56875
02/11/2025,32.495,32.66,31.65,32.322,67812
02/12/2025,32.255,32.87,31.875,32.785,65374
02/13/2025,32.71,33.045,32.455,32.726,56024
02/14/2025,32.99,34.24,32.585,32.855,105479
02/18/2025,32.68,33.475,32.46,33.373,70604
02/19/2025,33.42,33.64,32.885,33.043,53731
02/20/2025,33.15,33.785,33.085,33.486,56837
02/21/2025,33.45,33.54,32.81,33.012,62248
02/24/2025,32.855,33.12,32.395,32.603,66289
02/25/2025,32.72,32.79,31.6,31.826,72756
02/26/2025,32.04,32.3,31.79,32.272,36515
02/27/2025,32.535,32.595,31.765,32.11,63239
02/28/2025,31.855,31.93,31.365,31.496,53715
03/03/2025,31.715,32.49,31.635,32.31,62255
03/04/2025,32.265,32.66,32.03,32.381,50889
03/05/2025,32.56,33.31,32.395,33.134,65243
03/06/2025,33.235,33.38,32.86,33.338,51408
03/07/2025,33.21,33.31,32.56,32.809,57939
03/10/2025,32.945,33.15,32.28,32.53,51809
03/11/2025,32.46,33.445,32.215,33.147,57931
03/12/2025,33.375,33.815,33.18,33.743,57663
03/13/2025,33.725,34.68,33.435,34.306,74485
03/14/2025,34.505,34.86,34.14,34.433,58183
03/17/2025,34.41,34.455,33.955,34.308,45448
03/18/2025,34.38,35,34.325,34.818,57452
03/19/2025,34.64,34.79,34.11,34.205,50633
03/20/2025,34.425,34.595,33.615,33.991,50530
03/21/2025,34.115,34.135,33.165,33.486,52649
03/24/2025,33.54,33.805,33.38,33.45,32354
03/25/2025,33.53,34.365,33.43,34.187,46640
03/26/2025,34.255,34.5,34.065,34.222,44006
03/27/2025,34.21,35.405,34.125,35.083,79602
03/28/2025,35.325,35.495,34.645,34.814,67031
03/31/2025,34.825,35.2,34.165,34.611,67099
04/01/2025,34.77,34.96,34.16,34.309,54483
04/02/2025,34.375,35.155,34.29,34.65,63068
04/03/2025,34.95,34.95,31.73,31.97,155001
04/04/2025,31.92,32.045,29.115,29.23,122155
04/07/2025,29.23,30.76,27.545,29.604,138802
04/08/2025,30.09,30.52,29.56,29.686,76828
04/09/2025,29.78,31.065,29.255,30.415,96910
04/10/2025,30.99,31.245,30.51,30.759,80273
04/11/2025,31.115,32.21,30.865,31.91,89276
04/14/2025,32.195,32.38,31.655,32.167,60899
04/15/2025,32.28,32.425,32.07,32.297,38569
04/16/2025,32.305,33.175,32.255,32.98,63035
04/17/2025,32.77,32.925,32.11,32.47,50106
04/21/2025,32.44,33.1,32.385,32.521,50061
04/22/2025,32.64,33.17,32.255,32.905,91540
04/23/2025,32.45,33.675,32.05,33.547,87822
04/24/2025,33.565,33.67,33.135,33.503,53162
04/25/2025,33.55,33.69,32.715,33.01,52122
04/28/2025,33.025,33.165,32.585,33.005,38963
04/29/2025,33.4,33.835,33.1,33.577,52761
04/30/2025,33.195,33.345,32.385,32.828,53707
05/01/2025,32.81,32.865,31.86,32.469,43163
05/02/2025,32.63,32.975,32.12,32.259,38955
05/05/2025,32.25,32.88,32.16,32.474,32790
05/06/2025,32.695,33.47,32.625,33.381,54722
05/07/2025,33.47,33.48,32.415,32.791,49633
05/08/2025,32.575,33.095,32.37,32.617,48493
05/09/2025,32.605,33.04,32.36,32.914,31573
05/12/2025,32.6,33.2,32.045,32.624,61462
05/13/2025,32.8,33.435,32.68,33.1,48166
05/14/2025,33.085,33.15,32.255,32.444,47792
05/15/2025,32.395,32.82,31.78,32.68,45067
05/16/2025,32.795,32.865,31.98,32.354,40113
05/19/2025,32.55,32.795,32.38,32.507,33721
05/20/2025,32.5,33.305,32.235,33.174,50291
05/21/2025,33.275,33.78,33.125,33.646,59587
05/22/2025,33.585,33.915,32.74,33.219,66343
05/23/2025,33.185,33.695,33.02,33.609,44845
05/27/2025,33.61,33.745,32.88,33.311,60141
05/28/2025,33.38,33.58,33.035,33.16,41197
05/29/2025,33.11,33.655,32.8,33.423,50051
05/30/2025,33.45,33.47,32.865,33.029,40787
06/02/2025,33.13,34.945,33.075,34.694,90761
06/03/2025,34.92,34.935,34.165,34.633,75480
06/04/2025,34.68,34.825,34.355,34.648,50004
06/05/2025,34.65,36.27,34.6,35.805,110945
06/06/2025,35.8,36.51,35.755,36.139,81652
06/09/2025,36.165,37.03,36.055,36.796,79173
06/10/2025,36.895,36.975,36.425,36.642,66385
06/11/2025,36.675,36.79,36.15,36.261,77355
06/12/2025,36.36,36.585,35.58,36.295,75665
06/13/2025,36.41,36.77,36.04,36.355,57485
06/16/2025,36.45,36.645,36.125,36.448,49799
06/17/2025,36.37,37.33,36.17,37.151,80266
06/18/2025,37.205,37.405,36.54,36.913,60668
06/20/2025,36.75,36.82,35.515,36.017,93528
06/23/2025,36,36.315,35.775,36.187,74555
06/24/2025,36.065,36.165,35.195,35.732,76744
06/25/2025,35.86,36.275,35.63,36.111,48356
06/26/2025,36.22,36.77,36.14,36.591,43116
06/27/2025,36.89,36.975,35.95,36.37,65468
06/30/2025,36.15,36.46,35.585,36.172,43839
07/01/2025,36.325,36.875,36.055,36.397,54046
07/02/2025,36.245,36.815,36.055,36.727,41287
07/03/2025,36.79,37.315,36.57,37.084,55648
07/07/2025,37.05,37.435,36.325,36.904,68854
07/08/2025,36.955,37.095,36.445,36.749,55056
07/09/2025,36.935,36.95,36.49,36.63,46788
07/10/2025,36.6,37.69,36.575,37.305,83252
07/11/2025,37.645,39.225,37.51,38.955,99830
07/14/2025,39.13,39.57,38.355,38.742,78122
07/15/2025,38.4,38.74,37.895,38.11,56773
07/16/2025,37.985,38.38,37.75,38.119,56445
07/17/2025,38.145,38.46,37.685,38.303,44729
07/18/2025,38.425,38.825,38.375,38.464,41445
07/21/2025,38.42,39.38,38.365,39.334,50828
07/22/2025,39.25,39.72,39.025,39.555,58280
07/23/2025,39.645,39.91,39.335,39.503,64353
07/24/2025,39.53,39.66,38.93,39.224,50599
07/25/2025,39.29,39.52,38.1,38.365,67280
07/28/2025,38.285,38.51,38.07,38.221,46758
07/29/2025,38.33,38.49,38.035,38.286,42861
07/30/2025,38.4,38.42,36.805,37.739,72759
07/31/2025,37.16,37.285,36.28,36.712,68237
08/01/2025,36.78,37.24,36.4,36.929,65039
08/04/2025,37.09,37.52,36.76,37.328,45651
08/05/2025,37.445,37.94,37.325,37.823,51392
08/06/2025,37.825,38.02,37.62,37.902,41791
08/07/2025,37.935,38.76,37.935,38.294,90130
08/08/2025,38.555,38.875,38.18,38.542,76568
08/11/2025,38.54,38.56,37.615,37.787,71248
08/12/2025,37.63,38.09,37.515,38.002,67394
08/13/2025,37.935,38.71,37.875,38.602,55853
08/14/2025,38.58,38.78,37.86,38.069,54756
08/15/2025,38.03,38.12,37.725,37.975,34505
08/18/2025,38.04,38.34,37.83,38.029,37267
08/19/2025,38.075,38.2,37.24,37.332,50869
08/20/2025,37.335,37.915,36.96,37.773,53944
08/21/2025,37.89,38.19,37.52,38.079,46535
08/22/2025,38.095,39.09,37.675,39.054,70315
08/25/2025,38.955,38.965,38.52,38.703,0
08/26/2025,38.56,38.86,38.33,38.606,59354
08/27/2025,38.71,38.755,38.17,38.713,38378
08/28/2025,39.16,39.86,39.155,39.703,56614
08/29/2025,39.715,40.86,39.34,40.723,67755
09/02/2025,40.79,41.995,40.555,41.592,126509
09/03/2025,41.725,42.29,41.465,42.06,64660
09/04/2025,41.81,41.83,41.065,41.417,67311
09/05/2025,41.315,42.1,41.16,41.552,68285
09/08/2025,41.465,42.355,41.08,41.902,69164
09/09/2025,41.935,42.07,41.205,41.341,67610
09/10/2025,41.34,41.785,41.145,41.6,41195
09/11/2025,41.635,42.33,41.33,42.149,60283
09/12/2025,42.05,43.04,41.895,42.83,70339
09/15/2025,42.725,43.235,42.47,42.962,47427
09/16/2025,43.2,43.435,42.615,42.917,64806
09/17/2025,42.875,42.94,41.48,42.152,90893
09/18/2025,42,42.25,41.495,42.118,58344
09/19/2025,42.115,43.405,41.93,42.952,74040
