06/22/1990,95.9531021,95.9608994,95.9375,95.9452972,0
06/25/1990,95.9375,95.9375,95.8438034,95.8516006,0
06/26/1990,95.8516006,96,95.8202972,95.8827972,0
06/27/1990,95.9608994,96.0311966,95.9608994,96.0311966,0
06/28/1990,96.0156021,96.1327972,96.0156021,96.125,0
06/29/1990,96.1561966,96.2656021,96.1016006,96.25,0
07/02/1990,96.2422028,96.2968979,96.2422028,96.2656021,0
07/03/1990,96.2811966,96.3593979,96.2733994,96.3593979,0
07/05/1990,96.3906021,96.4218979,96.3516006,96.3516006,0
07/06/1990,96.2656021,96.2656021,96.0781021,96.1093979,0
07/09/1990,96.0702972,96.0702972,96.0233994,96.0391006,0
07/10/1990,96.1016006,96.1016006,96.0156021,96.0391006,0
07/11/1990,96.0391006,96.1016006,96.0391006,96.0547028,0
07/12/1990,96.0702972,96.3593979,95.9452972,96.3358994,0
07/13/1990,96.4688034,96.5938034,96.2891006,96.4922028,0
07/16/1990,96.3593979,96.3906021,96.3593979,96.3906021,0
07/17/1990,96.3906021,96.4688034,96.3906021,96.4531021,0
07/18/1990,96.3906021,96.4766006,96.3358994,96.4141006,0
07/19/1990,96.3593979,96.4531021,96.3593979,96.4452972,0
07/20/1990,96.4766006,96.5233994,96.4608994,96.5077972,0
07/23/1990,96.3983994,96.7422028,96.3983994,96.5625,0
07/24/1990,96.5077972,96.5468979,96.4766006,96.4766006,0
07/25/1990,96.4608994,96.5625,96.4531021,96.4688034,0
07/26/1990,96.4452972,96.4766006,96.4452972,96.4608994,0
07/27/1990,96.4766006,96.6718979,96.4766006,96.6561966,0
07/30/1990,96.5858994,96.7343979,96.5858994,96.7343979,0
07/31/1990,96.7343979,96.8047028,96.7108994,96.8047028,0
08/01/1990,96.7811966,96.9531021,96.7811966,96.9218979,0
08/02/1990,96.8593979,96.9297028,96.8125,96.8125,0
08/03/1990,96.8281021,97.1875,96.8281021,97.0233994,0
08/06/1990,96.9688034,97.1797028,96.8281021,96.8281021,0
08/07/1990,96.9061966,96.9141006,96.6483994,96.6483994,0
08/08/1990,96.75,96.7733994,96.6561966,96.6561966,0
08/09/1990,96.7031021,96.7656021,96.625,96.6875,0
08/10/1990,96.7656021,96.7811966,96.7031021,96.75,0
08/13/1990,96.7422028,96.7891006,96.7108994,96.7733994,0
08/14/1990,96.7733994,96.8047028,96.7656021,96.7811966,0
08/15/1990,96.7968979,96.8593979,96.7343979,96.75,0
08/16/1990,96.6797028,96.6797028,96.4843979,96.5,0
08/17/1990,96.3827972,96.4375,96.3281021,96.3906021,0
08/20/1990,96.3516006,96.3593979,96.3202972,96.3438034,0
08/21/1990,96.2188034,96.2891006,96.2188034,96.25,0
08/22/1990,96.1797028,96.2422028,96.1172028,96.1483994,0
08/23/1990,96.0625,96.2031021,96.0311966,96.125,0
08/24/1990,96.1172028,96.1641006,96.0233994,96.0547028,0
08/27/1990,96.1797028,96.2108994,96.1483994,96.1952972,0
08/28/1990,96.2031021,96.2031021,96.0858994,96.1093979,0
08/29/1990,96.2188034,96.3047028,96.2108994,96.3047028,0
08/30/1990,96.2577972,96.3983994,96.2577972,96.3672028,0
08/31/1990,96.3827972,96.3827972,96.3358994,96.3827972,0
09/04/1990,96.4922028,96.5547028,96.4766006,96.5077972,0
09/05/1990,96.5938034,96.6093979,96.5547028,96.6093979,0
09/06/1990,96.6327972,96.6483994,96.6016006,96.6093979,0
09/07/1990,96.6016006,96.6797028,96.5156021,96.6406021,0
09/10/1990,96.6327972,96.6952972,96.5468979,96.5468979,0
09/11/1990,96.5311966,96.5391006,96.4608994,96.5311966,0
09/12/1990,96.5233994,96.5858994,96.5233994,96.5781021,0
09/13/1990,96.6406021,96.7266006,96.6406021,96.6797028,0
09/14/1990,96.5702972,96.6952972,96.5702972,96.6327972,0
09/17/1990,96.6016006,96.6327972,96.5702972,96.6327972,0
09/18/1990,96.5625,96.6561966,96.5311966,96.6406021,0
09/19/1990,96.6641006,96.6718979,96.4922028,96.5547028,0
09/20/1990,96.4843979,96.4843979,96.4297028,96.4766006,0
09/21/1990,96.4608994,96.5233994,96.3983994,96.4531021,0
09/24/1990,96.3358994,96.3358994,96.2733994,96.3281021,0
09/25/1990,96.3593979,96.3827972,96.2968979,96.3202972,0
09/26/1990,96.3827972,96.3983994,96.3438034,96.375,0
09/27/1990,96.4375,96.5625,96.4141006,96.5547028,0
09/28/1990,96.6016006,96.7031021,96.5938034,96.6797028,0
10/01/1990,96.7656021,96.8125,96.7188034,96.8125,0
10/02/1990,96.8438034,96.8827972,96.8125,96.8516006,0
10/03/1990,96.8202972,96.9375,96.8125,96.9141006,0
10/04/1990,96.8983994,96.9608994,96.875,96.9608994,0
10/05/1990,96.9766006,97.0938034,96.9766006,97.0938034,0
10/09/1990,96.8983994,96.8983994,96.7811966,96.7891006,0
10/10/1990,96.7733994,96.7968979,96.7266006,96.75,0
10/11/1990,96.6952972,96.7656021,96.6797028,96.6875,0
10/12/1990,96.6718979,96.7733994,96.6641006,96.7577972,0
10/15/1990,96.8125,96.8202972,96.7811966,96.8125,0
10/16/1990,96.7891006,96.8047028,96.7577972,96.8047028,0
10/17/1990,96.8358994,96.8516006,96.7656021,96.8125,0
10/18/1990,96.8438034,96.8983994,96.8281021,96.8516006,0
10/19/1990,96.9452972,97.0311966,96.9452972,96.9608994,0
10/22/1990,96.9766006,96.9766006,96.9141006,96.9531021,0
10/23/1990,96.8906021,96.9608994,96.8906021,96.9608994,0
10/24/1990,96.8983994,96.9922028,96.8983994,96.9608994,0
10/25/1990,96.8516006,97.0311966,96.8516006,97.0156021,0
10/26/1990,96.9843979,97.0781021,96.9843979,97.0625,0
10/29/1990,97.0233994,97.0858994,96.9452972,96.9766006,0
10/30/1990,96.9688034,96.9843979,96.8983994,96.9608994,0
10/31/1990,97.0311966,97.0858994,97,97.0858994,0
11/01/1990,97.0858994,97.2266006,97.0858994,97.1952972,0
11/02/1990,97.2266006,97.2577972,97.1641006,97.2031021,0
11/05/1990,97.2108994,97.2811966,97.2031021,97.2656021,0
11/06/1990,97.2031021,97.2343979,97.1797028,97.1952972,0
11/07/1990,97.2968979,97.2968979,97.1718979,97.1797028,0
11/08/1990,97.2031021,97.25,97.1875,97.1875,0
11/09/1990,97.1561966,97.2656021,97.1561966,97.2577972,0
11/13/1990,97.3438034,97.3516006,97.2891006,97.3202972,0
11/14/1990,97.3593979,97.3672028,97.3125,97.3672028,0
11/15/1990,97.3516006,97.3827972,97.3125,97.3281021,0
11/16/1990,97.3202972,97.4061966,97.3202972,97.375,0
11/19/1990,97.2968979,97.3281021,97.25,97.2656021,0
11/20/1990,97.2422028,97.2733994,97.2343979,97.2422028,0
11/21/1990,97.0858994,97.2656021,97.0858994,97.2656021,0
11/23/1990,97.4061966,97.4218979,97.3983994,97.4061966,0
11/26/1990,97.3202972,97.3827972,97.3125,97.375,0
11/27/1990,97.3672028,97.4141006,97.3593979,97.3672028,0
11/28/1990,97.3438034,97.3593979,97.2891006,97.2968979,0
11/29/1990,97.1952972,97.3125,97.1952972,97.2343979,0
11/30/1990,97.2656021,97.2968979,97.2343979,97.2811966,0
12/03/1990,97.5468979,97.5702972,97.5311966,97.5311966,0
12/04/1990,97.625,97.7031021,97.625,97.6641006,0
12/05/1990,97.5858994,97.6483994,97.5858994,97.6483994,0
12/06/1990,97.5781021,97.5781021,97.5391006,97.5468979,0
12/07/1990,97.6172028,97.9218979,97.6172028,97.8906021,0
12/10/1990,97.8358994,97.9375,97.8358994,97.9141006,0
12/11/1990,97.8906021,97.9218979,97.8906021,97.9061966,0
12/12/1990,98.0468979,98.0781021,97.9922028,98.0781021,0
12/13/1990,97.9843979,97.9843979,97.8125,97.8358994,0
12/14/1990,97.9688034,97.9688034,97.8202972,97.8438034,0
12/17/1990,97.8125,97.9061966,97.7968979,97.9061966,0
12/18/1990,97.875,97.9375,97.875,97.9375,0
12/19/1990,98.0938034,98.1718979,98.0156021,98.0468979,0
12/20/1990,98.0702972,98.0858994,97.9766006,97.9922028,0
12/21/1990,98.0468979,98.0781021,97.9608994,97.9843979,0
12/24/1990,97.9061966,97.9218979,97.8281021,97.8593979,0
12/26/1990,97.8047028,97.8983994,97.8047028,97.8516006,0
12/27/1990,98.3438034,98.375,98.2656021,98.2656021,0
12/28/1990,98.2422028,98.2422028,98.1797028,98.1875,0
12/31/1990,97.8906021,98,97.8906021,98,0
01/02/1991,98.1172028,98.2968979,98.1093979,98.2811966,0
01/03/1991,98.3438034,98.4061966,98.3281021,98.3281021,0
01/04/1991,98.2656021,98.2656021,98.0156021,98.0625,0
01/07/1991,98.0233994,98.0547028,97.9843979,98.0077972,0
01/08/1991,97.9843979,98.2188034,97.9843979,98.0547028,0
01/09/1991,98.0938034,98.1093979,97.9141006,97.9297028,0
01/10/1991,97.9922028,98.0547028,97.9922028,98.0391006,0
01/11/1991,98.0625,98.0938034,98.0156021,98.0468979,0
01/14/1991,97.9375,98.0156021,97.9297028,98,0
01/15/1991,98.0625,98.0781021,98.0391006,98.0468979,0
01/16/1991,97.8827972,97.9531021,97.8827972,97.9531021,0
01/17/1991,98.1093979,98.1093979,97.9375,97.9922028,0
01/18/1991,97.9531021,98.0468979,97.9375,98.0311966,0
01/22/1991,97.9843979,97.9922028,97.9297028,97.9452972,0
01/23/1991,98.0547028,98.1327972,98.0391006,98.1327972,0
01/24/1991,98.1483994,98.2108994,98.1483994,98.2108994,0
01/25/1991,98.2577972,98.2577972,98.1016006,98.1483994,0
01/28/1991,98.1327972,98.1406021,98.1016006,98.1327972,0
01/29/1991,98.1952972,98.2108994,98.1718979,98.2108994,0
01/30/1991,98.1172028,98.1797028,98.1172028,98.1561966,0
01/31/1991,98.1952972,98.2577972,98.1952972,98.25,0
02/01/1991,98.2577972,98.625,98.2422028,98.5781021,0
02/04/1991,98.5547028,98.5625,98.5311966,98.5547028,0
02/05/1991,98.5858994,98.5938034,98.5547028,98.5547028,0
02/06/1991,98.5781021,98.5781021,98.5625,98.5702972,0
02/07/1991,98.5858994,98.5858994,98.5391006,98.5391006,0
02/08/1991,98.5702972,98.6016006,98.5468979,98.5938034,0
02/11/1991,98.5781021,98.6561966,98.5781021,98.6327972,0
02/12/1991,98.6327972,98.6641006,98.6172028,98.6483994,0
02/13/1991,98.625,98.6406021,98.5938034,98.6406021,0
02/14/1991,98.625,98.6561966,98.625,98.6406021,0
02/15/1991,98.5938034,98.6093979,98.5468979,98.5547028,0
02/19/1991,98.5781021,98.5781021,98.4531021,98.4531021,0
02/20/1991,98.5,98.5547028,98.3672028,98.5311966,0
02/21/1991,98.375,98.4218979,98.375,98.3983994,0
02/22/1991,98.3516006,98.3672028,98.2422028,98.2577972,0
02/25/1991,98.2343979,98.2733994,98.2188034,98.2733994,0
02/26/1991,98.2266006,98.2343979,98.1797028,98.1875,0
02/27/1991,98.1718979,98.1718979,98.1172028,98.1561966,0
02/28/1991,98.2343979,98.2422028,98.1641006,98.1797028,0
03/01/1991,97.8281021,97.8672028,97.7422028,97.7577972,0
03/04/1991,97.7656021,97.8438034,97.7656021,97.7968979,0
03/05/1991,97.8672028,97.8983994,97.8593979,97.8672028,0
03/06/1991,97.8516006,97.8516006,97.6875,97.7266006,0
03/07/1991,97.8047028,97.8672028,97.8047028,97.8593979,0
03/08/1991,97.8047028,97.8983994,97.6561966,97.8358994,0
03/11/1991,97.875,97.8983994,97.8358994,97.8983994,0
03/12/1991,97.9141006,97.9297028,97.8358994,97.8672028,0
03/13/1991,97.8906021,98.0077972,97.8593979,98.0077972,0
03/14/1991,98.0625,98.0858994,98.0311966,98.0781021,0
03/15/1991,98.1016006,98.1172028,97.9922028,98.0077972,0
03/18/1991,98.0391006,98.0391006,97.9061966,97.9061966,0
03/19/1991,97.8593979,97.8593979,97.5077972,97.6172028,0
03/20/1991,97.7968979,97.8672028,97.7968979,97.8516006,0
03/21/1991,97.8281021,97.8593979,97.8125,97.8438034,0
03/22/1991,97.7188034,97.7422028,97.6875,97.7422028,0
03/25/1991,97.7422028,97.8047028,97.7422028,97.7656021,0
03/26/1991,97.7811966,97.7811966,97.7266006,97.7811966,0
03/27/1991,97.7811966,97.8593979,97.7811966,97.8593979,0
03/28/1991,98.2891006,98.4061966,98.2811966,98.3906021,0
04/01/1991,98.0156021,98.1093979,98.0156021,98.0781021,0
04/02/1991,98.125,98.2108994,98.125,98.2108994,0
04/03/1991,98.2031021,98.2031021,98.1641006,98.1718979,0
04/04/1991,98.0858994,98.2266006,98.0858994,98.2031021,0
04/05/1991,98.1483994,98.2577972,98.125,98.1952972,0
04/08/1991,98.1718979,98.2266006,98.1718979,98.2266006,0
04/09/1991,98.1172028,98.1172028,98.0781021,98.0858994,0
04/10/1991,98.1875,98.1875,98.0311966,98.0311966,0
04/11/1991,98.1327972,98.2108994,98.1093979,98.1561966,0
04/12/1991,98.0938034,98.2343979,98.0938034,98.1875,0
04/15/1991,98.3516006,98.3672028,98.2108994,98.3047028,0
04/16/1991,98.4452972,98.4452972,98.375,98.4061966,0
04/17/1991,98.2422028,98.3047028,98.2422028,98.25,0
04/18/1991,98.1406021,98.1875,98.0468979,98.1561966,0
04/19/1991,98.0077972,98.0391006,97.9608994,98.0077972,0
04/22/1991,98.0547028,98.0547028,98,98.0233994,0
04/23/1991,97.9452972,98.0311966,97.9452972,98.0233994,0
04/24/1991,98.0547028,98.1797028,98.0468979,98.1718979,0
04/25/1991,97.8593979,98,97.8593979,97.9688034,0
04/26/1991,98.2343979,98.2811966,98.1641006,98.2656021,0
04/29/1991,98.2811966,98.2968979,98.2733994,98.2811966,0
04/30/1991,98.3438034,98.5702972,98.3281021,98.4688034,0
05/01/1991,98.5077972,98.5547028,98.4766006,98.4922028,0
05/02/1991,98.4766006,98.5391006,98.4688034,98.5077972,0
05/03/1991,98.6016006,98.6016006,98.3906021,98.4843979,0
05/06/1991,98.4922028,98.4922028,98.4608994,98.4766006,0
05/07/1991,98.4297028,98.4452972,98.3906021,98.4297028,0
05/08/1991,98.3827972,98.4218979,98.3827972,98.4061966,0
05/09/1991,98.375,98.4218979,98.3593979,98.3906021,0
05/10/1991,98.3672028,98.4218979,98.3125,98.3281021,0
05/13/1991,98.3827972,98.4218979,98.3672028,98.4218979,0
05/14/1991,98.4061966,98.4297028,98.3593979,98.4297028,0
05/15/1991,98.4061966,98.4531021,98.4061966,98.4218979,0
05/16/1991,98.4141006,98.4218979,98.3906021,98.3906021,0
05/17/1991,98.3438034,98.3827972,98.3047028,98.3827972,0
05/20/1991,98.4218979,98.4218979,98.3827972,98.3827972,0
05/21/1991,98.3125,98.375,98.3125,98.375,0
05/22/1991,98.4141006,98.5233994,98.4141006,98.5,0
05/23/1991,98.4608994,98.5858994,98.4297028,98.5077972,0
05/24/1991,98.625,98.6561966,98.5625,98.6406021,0
05/28/1991,98.625,98.6875,98.625,98.6718979,0
05/29/1991,98.8047028,98.8047028,98.7577972,98.7656021,0
05/30/1991,98.7188034,98.8125,98.7188034,98.7891006,0
05/31/1991,98.7422028,98.7422028,98.6016006,98.6327972,0
06/03/1991,98.4608994,98.4608994,98.3672028,98.3672028,0
06/04/1991,98.4531021,98.4531021,98.3906021,98.4218979,0
06/05/1991,98.3906021,98.4218979,98.3438034,98.3906021,0
06/06/1991,98.4375,98.4375,98.2656021,98.2968979,0
06/07/1991,98.1093979,98.1406021,97.9375,97.9843979,0
06/10/1991,97.9688034,97.9922028,97.9688034,97.9922028,0
06/11/1991,97.9766006,97.9766006,97.9297028,97.9766006,0
06/12/1991,97.8593979,97.8593979,97.7577972,97.7656021,0
06/13/1991,97.625,97.8593979,97.625,97.8358994,0
06/14/1991,97.8672028,97.9218979,97.8281021,97.9218979,0
06/17/1991,98.0077972,98.0233994,97.9922028,98.0077972,0
06/18/1991,98.0625,98.1406021,98.0311966,98.0547028,0
06/19/1991,98.0468979,98.1172028,98.0391006,98.1093979,0
06/20/1991,98.2266006,98.3358994,98.2266006,98.2891006,0
06/21/1991,98.2108994,98.2108994,98.1172028,98.1172028,0
06/24/1991,98.1797028,98.2108994,98.1561966,98.1561966,0
06/25/1991,98.2031021,98.2422028,98.1875,98.2422028,0
06/26/1991,97.7968979,97.8202972,97.7811966,97.8202972,0
06/27/1991,97.7733994,97.8516006,97.7733994,97.8516006,0
06/28/1991,97.8516006,98.0625,97.8516006,98.0311966,0
07/01/1991,98.0938034,98.0938034,97.9452972,97.9531021,0
07/02/1991,98.125,98.125,98,98.0468979,0
07/03/1991,97.7656021,97.8438034,97.75,97.8281021,0
07/05/1991,97.8672028,97.8672028,97.75,97.75,0
07/08/1991,97.9141006,98,97.9061966,98,0
07/09/1991,97.875,97.9375,97.8125,97.8906021,0
07/10/1991,97.8827972,97.9297028,97.875,97.9297028,0
07/11/1991,98.0233994,98.0858994,98.0077972,98.0858994,0
07/12/1991,98.0311966,98.1406021,98.0311966,98.1172028,0
07/15/1991,98.2031021,98.2577972,98.1641006,98.2577972,0
07/16/1991,98.1561966,98.2188034,98.1483994,98.1952972,0
07/17/1991,98.2108994,98.2108994,98.125,98.1327972,0
07/18/1991,98.1797028,98.2422028,98.1797028,98.1952972,0
07/19/1991,98.2188034,98.2422028,98.2031021,98.2266006,0
07/22/1991,98.2266006,98.2577972,98.2266006,98.25,0
07/23/1991,98.2188034,98.2577972,98.2188034,98.2343979,0
07/24/1991,98.0781021,98.2266006,98.0781021,98.2108994,0
07/25/1991,98.2188034,98.3125,98.2188034,98.2577972,0
07/26/1991,98.2031021,98.3358994,98.2031021,98.3047028,0
07/29/1991,98.3358994,98.3906021,98.3358994,98.375,0
07/30/1991,98.3358994,98.3516006,98.3047028,98.3516006,0
07/31/1991,98.3983994,98.5391006,98.3827972,98.4608994,0
08/01/1991,98.4688034,98.4688034,98.3438034,98.3593979,0
08/02/1991,98.3202972,98.6641006,98.2891006,98.6641006,0
08/05/1991,98.6797028,98.6952972,98.6483994,98.6875,0
08/06/1991,98.6406021,98.8516006,98.6406021,98.8438034,0
08/07/1991,98.8358994,98.9297028,98.8202972,98.9297028,0
08/08/1991,98.9766006,99.0468979,98.9766006,99.0233994,0
08/09/1991,98.9452972,99.1016006,98.9452972,99.0468979,0
08/12/1991,99.0391006,99.0547028,99.0391006,99.0547028,0
08/13/1991,99.0156021,99.0781021,98.9531021,99.0625,0
08/14/1991,99.1172028,99.2968979,99.1016006,99.2577972,0
08/15/1991,99.3125,99.4688034,99.2811966,99.3593979,0
08/16/1991,99.2733994,99.3827972,99.25,99.375,0
08/19/1991,99.7422028,99.7422028,99.4843979,99.5,0
08/20/1991,99.5468979,99.6406021,99.5391006,99.6093979,0
08/21/1991,99.4922028,99.5781021,99.4297028,99.4608994,0
08/22/1991,99.4608994,99.4922028,99.4141006,99.4375,0
08/23/1991,99.375,99.375,99.0625,99.1406021,0
08/26/1991,99.1641006,99.1952972,99.0547028,99.1016006,0
08/27/1991,99.0702972,99.1718979,99.0702972,99.1718979,0
08/28/1991,99.1952972,99.3827972,99.1952972,99.3438034,0
08/29/1991,99.25,99.3672028,99.25,99.3516006,0
08/30/1991,99.3202972,99.3202972,99.1875,99.2422028,0
09/03/1991,99.2656021,99.2656021,99.1875,99.2266006,0
09/04/1991,99.3358994,99.3516006,99.2891006,99.3202972,0
09/05/1991,99.125,99.1483994,99.1093979,99.1406021,0
09/06/1991,99.1327972,99.2968979,99.0702972,99.2891006,0
09/09/1991,99.3281021,99.3827972,99.2968979,99.3358994,0
09/10/1991,99.3358994,99.375,99.2968979,99.3358994,0
09/11/1991,99.3516006,99.3516006,99.3047028,99.3281021,0
09/12/1991,99.3827972,99.4922028,99.3672028,99.4688034,0
09/13/1991,99.4688034,99.5311966,99.4375,99.5077972,0
09/16/1991,99.4218979,99.4531021,99.4061966,99.4297028,0
09/17/1991,99.5233994,99.5547028,99.4688034,99.5547028,0
09/18/1991,99.4608994,99.4766006,99.4531021,99.4608994,0
09/19/1991,99.3827972,99.4608994,99.3672028,99.4218979,0
09/20/1991,99.3983994,99.4688034,99.375,99.3906021,0
09/23/1991,99.4608994,99.4843979,99.4297028,99.4843979,0
09/24/1991,99.5233994,99.5858994,99.5233994,99.5625,0
09/25/1991,99.4688034,99.5311966,99.4608994,99.5,0
09/26/1991,99.5858994,99.7188034,99.5858994,99.7188034,0
09/27/1991,99.8125,99.875,99.8125,99.875,0
09/30/1991,100.1797028,100.1797028,100.1172028,100.1483994,0
10/01/1991,99.8906021,99.8906021,99.8125,99.8358994,0
10/02/1991,99.7108994,99.7422028,99.7031021,99.7188034,0
10/03/1991,99.8593979,99.8593979,99.8047028,99.8516006,0
10/04/1991,99.7108994,99.8983994,99.6952972,99.8983994,0
10/07/1991,99.9843979,100,99.9843979,99.9843979,0
10/08/1991,99.9531021,100,99.9531021,99.9922028,0
10/09/1991,99.9843979,100.0311966,99.8906021,99.9297028,0
10/10/1991,99.8983994,99.9061966,99.7577972,99.8438034,0
10/11/1991,99.8516006,99.9608994,99.8516006,99.9141006,0
10/15/1991,100.0938034,100.1093979,100.0781021,100.1093979,0
10/16/1991,100.3516006,100.3827972,100.3125,100.3358994,0
10/17/1991,100.0547028,100.0547028,99.875,99.9141006,0
10/18/1991,99.8672028,99.9766006,99.8672028,99.9297028,0
10/21/1991,99.9375,99.9375,99.8438034,99.8593979,0
10/22/1991,99.8202972,99.8438034,99.7422028,99.8125,0
10/23/1991,99.8827972,99.8827972,99.8125,99.8438034,0
10/24/1991,99.8358994,99.9688034,99.8358994,99.9688034,0
10/25/1991,99.8827972,99.9531021,99.8593979,99.9375,0
10/28/1991,99.9452972,100.0781021,99.9452972,100.0625,0
10/29/1991,100.0938034,100.2422028,100.0938034,100.2188034,0
10/30/1991,100.1172028,100.2108994,100.1172028,100.1641006,0
10/31/1991,100.3202972,100.3672028,100.2891006,100.3516006,0
11/01/1991,100.4061966,100.5468979,100.4061966,100.4766006,0
11/04/1991,100.4375,100.5468979,100.4375,100.5,0
11/05/1991,100.5,100.5,100.3438034,100.3827972,0
11/06/1991,100.3047028,100.4531021,100.3047028,100.4297028,0
11/07/1991,100.4608994,100.5233994,100.4452972,100.4922028,0
11/08/1991,100.4452972,100.4608994,100.4141006,100.4297028,0
11/12/1991,100.5233994,100.5233994,100.4843979,100.5156021,0
11/13/1991,100.4843979,100.4843979,100.2108994,100.4688034,0
11/14/1991,100.5,100.6172028,100.5,100.6172028,0
11/15/1991,100.7108994,100.8202972,100.6797028,100.7577972,0
11/18/1991,100.7266006,100.7577972,100.6952972,100.6952972,0
11/19/1991,100.6483994,100.7422028,100.6483994,100.7422028,0
11/20/1991,100.6797028,100.6952972,100.6172028,100.6952972,0
11/21/1991,100.7188034,100.8047028,100.7188034,100.7656021,0
11/22/1991,100.8202972,100.8516006,100.7422028,100.7968979,0
11/25/1991,100.6718979,100.75,100.6718979,100.6952972,0
11/26/1991,100.7031021,100.7968979,100.6952972,100.7968979,0
11/27/1991,100.7733994,100.8125,100.6406021,100.8047028,0
11/29/1991,100.9141006,100.9452972,100.9141006,100.9452972,0
12/02/1991,100.9061966,100.9375,100.8983994,100.9061966,0
12/03/1991,100.9141006,100.9766006,100.8672028,100.9766006,0
12/04/1991,100.9688034,101.0938034,100.9608994,101.0938034,0
12/05/1991,101.0156021,101.0547028,101.0077972,101.0077972,0
12/06/1991,100.9608994,101.1718979,100.9297028,101.0311966,0
12/09/1991,101.2577972,101.3827972,101.2266006,101.3516006,0
12/10/1991,101.3516006,101.3906021,101.2577972,101.2656021,0
12/11/1991,101.2422028,101.3047028,101.2422028,101.25,0
12/12/1991,101.3827972,101.3983994,101.3672028,101.3672028,0
12/13/1991,101.4297028,101.4375,101.3593979,101.375,0
12/16/1991,101.4218979,101.4608994,101.4218979,101.4608994,0
12/17/1991,101.4297028,101.4688034,101.3906021,101.4531021,0
12/18/1991,101.3827972,101.3827972,101.2422028,101.2422028,0
12/19/1991,101.2968979,101.4141006,101.2811966,101.4141006,0
12/20/1991,101.4922028,101.8906021,101.4922028,101.7188034,0
12/23/1991,101.8125,101.9375,101.8047028,101.9061966,0
12/24/1991,101.8438034,101.8438034,101.7656021,101.7891006,0
12/26/1991,101.8438034,101.8672028,101.8358994,101.8672028,0
12/27/1991,101.7108994,101.75,101.7108994,101.7422028,0
12/30/1991,101.7577972,101.8516006,101.7577972,101.8516006,0
12/31/1991,102.1641006,102.1952972,102.1483994,102.1952972,0
01/02/1992,102.0702972,102.0702972,101.9608994,101.9922028,0
01/03/1992,102,102,101.8906021,101.9141006,0
01/06/1992,101.8906021,101.9375,101.875,101.9375,0
01/07/1992,101.9452972,102.0858994,101.9218979,102.0702972,0
01/08/1992,102.1172028,102.1561966,102.0858994,102.1016006,0
01/09/1992,102.1952972,102.2031021,102.0233994,102.0233994,0
01/10/1992,101.9297028,101.9297028,101.6016006,101.75,0
01/13/1992,101.6952972,101.6952972,101.5077972,101.5858994,0
01/14/1992,101.5547028,101.6172028,101.2811966,101.5077972,0
01/15/1992,101.5233994,101.5311966,101.2733994,101.3983994,0
01/16/1992,101.2656021,101.4218979,101.2656021,101.375,0
01/17/1992,101.2422028,101.375,101.1875,101.3516006,0
01/21/1992,101.5858994,101.6718979,101.5625,101.6561966,0
01/22/1992,101.7031021,101.7031021,101.625,101.6718979,0
01/23/1992,101.4922028,101.4922028,101.3906021,101.3906021,0
01/24/1992,101.1797028,101.3047028,101.1797028,101.1952972,0
01/27/1992,101.2811966,101.3047028,101.1718979,101.2188034,0
01/28/1992,101.1561966,101.3358994,101.1561966,101.2891006,0
01/29/1992,101.2811966,101.4766006,101.1561966,101.2031021,0
01/30/1992,101.2031021,101.3983994,101.1093979,101.1406021,0
01/31/1992,101.5077972,101.6641006,101.4766006,101.5468979,0
02/03/1992,101.3047028,101.3202972,101.1952972,101.2422028,0
02/04/1992,101.2733994,101.3202972,101.2733994,101.3202972,0
02/05/1992,101.3593979,101.4061966,101.3438034,101.3906021,0
02/06/1992,101.3906021,101.5781021,101.3906021,101.4608994,0
02/07/1992,101.2968979,101.5781021,101.2733994,101.5391006,0
02/10/1992,101.7031021,101.7031021,101.6561966,101.6875,0
02/11/1992,101.6952972,101.7108994,101.4531021,101.5625,0
02/12/1992,101.3983994,101.4608994,101.3672028,101.4061966,0
02/13/1992,101.4141006,101.4141006,101.0547028,101.2188034,0
02/14/1992,100.9843979,101.1172028,100.9843979,101.1172028,0
02/18/1992,101.1641006,101.3438034,101.1327972,101.2188034,0
02/19/1992,101.0547028,101.2108994,101.0547028,101.1483994,0
02/20/1992,101.1952972,101.1952972,101.0311966,101.0702972,0
02/21/1992,100.9608994,100.9608994,100.7343979,100.7968979,0
02/24/1992,100.75,100.8438034,100.7031021,100.7811966,0
02/25/1992,100.7733994,101.0233994,100.7733994,100.9061966,0
02/26/1992,101,101.1641006,100.9843979,101.1641006,0
02/27/1992,100.8983994,101.0233994,100.8827972,100.9608994,0
02/28/1992,101.0311966,101.1952972,101.0311966,101.1483994,0
03/02/1992,100.6406021,100.6875,100.375,100.3906021,0
03/03/1992,100.1797028,100.2577972,100.1327972,100.25,0
03/04/1992,100.25,100.3047028,100.1406021,100.2266006,0
03/05/1992,100.1327972,100.1327972,99.875,99.9375,0
03/06/1992,99.8827972,99.9452972,99.6406021,99.9375,0
03/09/1992,100.1406021,100.2577972,100.1406021,100.2577972,0
03/10/1992,100.0938034,100.1406021,100.0156021,100.0311966,0
03/11/1992,100.1093979,100.1093979,99.9218979,100.0468979,0
03/12/1992,99.8438034,99.8438034,99.5858994,99.7031021,0
03/13/1992,99.7811966,99.9218979,99.5233994,99.5547028,0
03/16/1992,99.8125,99.8125,99.6875,99.7343979,0
03/17/1992,99.5547028,99.6952972,99.3983994,99.6952972,0
03/18/1992,99.5938034,99.5938034,99.4843979,99.5233994,0
03/19/1992,99.7108994,99.7811966,99.7031021,99.7577972,0
03/20/1992,99.8125,99.8438034,99.6483994,99.6797028,0
03/23/1992,99.5468979,99.625,99.5156021,99.6093979,0
03/24/1992,99.6016006,99.7343979,99.6016006,99.7343979,0
03/25/1992,99.7422028,99.9061966,99.7422028,99.8593979,0
03/26/1992,99.9452972,99.9766006,99.8516006,99.8672028,0
03/27/1992,99.8983994,100.0077972,99.8281021,99.9766006,0
03/30/1992,100.125,100.1483994,100.0547028,100.1093979,0
03/31/1992,100.2656021,100.3438034,100.2108994,100.3438034,0
04/01/1992,100.4061966,100.5547028,100.3906021,100.5547028,0
04/02/1992,100.2968979,100.3125,100.2343979,100.25,0
04/03/1992,100.3827972,100.6406021,100.3516006,100.6327972,0
04/06/1992,100.4218979,100.4843979,100.4061966,100.4452972,0
04/07/1992,100.4061966,100.4922028,100.3983994,100.4766006,0
04/08/1992,100.8125,100.8827972,100.7031021,100.7343979,0
04/09/1992,100.7656021,101.2188034,100.7031021,101.1641006,0
04/10/1992,101.0077972,101.1016006,100.8983994,100.9843979,0
04/13/1992,101.1483994,101.2811966,101.1483994,101.2108994,0
04/14/1992,101.0702972,101.2031021,101.0702972,101.1327972,0
04/15/1992,101.2577972,101.3202972,101.2108994,101.2422028,0
04/16/1992,100.8438034,100.8438034,100.75,100.7733994,0
04/20/1992,100.6875,100.6875,100.5468979,100.6016006,0
04/21/1992,100.5781021,100.7108994,100.5781021,100.6718979,0
04/22/1992,100.6561966,100.7343979,100.6406021,100.6718979,0
04/23/1992,100.5311966,100.6172028,100.4608994,100.5938034,0
04/24/1992,100.625,100.7188034,100.5702972,100.7031021,0
04/27/1992,100.7422028,100.7422028,100.6093979,100.6093979,0
04/28/1992,100.4843979,100.6561966,100.4608994,100.6406021,0
04/29/1992,100.6172028,100.6172028,100.5702972,100.5781021,0
04/30/1992,100.4688034,100.5156021,100.375,100.4452972,0
05/01/1992,100.5077972,100.75,100.4766006,100.7188034,0
05/04/1992,100.7733994,100.8358994,100.7577972,100.8358994,0
05/05/1992,100.8438034,100.9688034,100.8438034,100.9061966,0
05/06/1992,100.9141006,101,100.8983994,100.9922028,0
05/07/1992,100.9688034,100.9688034,100.8202972,100.8281021,0
05/08/1992,101.0547028,101.1093979,100.7811966,100.9688034,0
05/11/1992,100.9922028,101.0938034,100.9922028,101.0702972,0
05/12/1992,101.0625,101.2031021,101.0625,101.1718979,0
05/13/1992,101.25,101.3593979,101.1327972,101.2811966,0
05/14/1992,101.3047028,101.4297028,101.2891006,101.375,0
05/15/1992,101.4061966,101.4218979,101.3672028,101.4141006,0
05/18/1992,101.3672028,101.3827972,101.3438034,101.3672028,0
05/19/1992,101.3672028,101.5938034,101.3672028,101.5938034,0
05/20/1992,101.6172028,101.6483994,101.375,101.3906021,0
05/21/1992,101.0077972,101.0077972,100.8593979,100.8827972,0
05/22/1992,101.0858994,101.1016006,100.9922028,101.0858994,0
05/26/1992,100.9688034,100.9688034,100.8358994,100.8593979,0
05/27/1992,100.8983994,100.9922028,100.8827972,100.9922028,0
05/28/1992,101.0233994,101.0938034,100.9843979,101.0938034,0
05/29/1992,101.1483994,101.2577972,101.0858994,101.1718979,0
06/01/1992,100.7656021,100.7656021,100.5702972,100.6327972,0
06/02/1992,100.625,100.7188034,100.5547028,100.7188034,0
06/03/1992,100.7656021,100.7968979,100.7108994,100.7968979,0
06/04/1992,100.75,100.7733994,100.6952972,100.7577972,0
06/05/1992,100.7577972,100.9843979,100.75,100.9375,0
06/08/1992,100.9688034,101.0625,100.9531021,101.0625,0
06/09/1992,100.9843979,101.0233994,100.8983994,100.9061966,0
06/10/1992,100.9061966,101,100.875,100.9922028,0
06/11/1992,100.9843979,101.1483994,100.9843979,101.1093979,0
06/12/1992,101.0781021,101.2031021,101.0781021,101.1641006,0
06/15/1992,101.2422028,101.2968979,101.2266006,101.2577972,0
06/16/1992,101.125,101.2577972,101.1016006,101.25,0
06/17/1992,101.3516006,101.3516006,101.2577972,101.3358994,0
06/18/1992,101.4218979,101.5077972,101.3906021,101.5077972,0
06/19/1992,101.5311966,101.5311966,101.2968979,101.3906021,0
06/22/1992,101.3827972,101.4375,101.3672028,101.3827972,0
06/23/1992,101.4061966,101.4375,101.3672028,101.4061966,0
06/24/1992,100.8281021,101.0547028,100.8125,101.0547028,0
06/25/1992,101.3438034,101.4922028,101.3438034,101.4922028,0
06/26/1992,101.5077972,101.5233994,101.4297028,101.4843979,0
06/29/1992,101.5233994,101.7343979,101.5233994,101.6641006,0
06/30/1992,101.5858994,101.625,101.5391006,101.6016006,0
07/01/1992,101.6406021,101.6875,101.5391006,101.6561966,0
07/02/1992,101.5938034,102.2577972,101.5781021,102.0938034,0
07/06/1992,102.1952972,102.3672028,102.1952972,102.3516006,0
07/07/1992,102.4297028,102.5156021,102.4141006,102.4608994,0
07/08/1992,102.5781021,102.6561966,102.5,102.5625,0
07/09/1992,102.5547028,102.5547028,102.4452972,102.5311966,0
07/10/1992,102.5547028,102.6016006,102.4922028,102.4922028,0
07/13/1992,102.5391006,102.5702972,102.4608994,102.5702972,0
07/14/1992,102.4688034,102.625,102.4531021,102.625,0
07/15/1992,102.7266006,102.8516006,102.6718979,102.8125,0
07/16/1992,102.8125,102.8281021,102.7031021,102.8125,0
07/17/1992,102.6718979,102.8281021,102.6718979,102.7188034,0
07/20/1992,102.8672028,102.9218979,102.7577972,102.7811966,0
07/21/1992,102.7108994,102.7266006,102.6406021,102.6952972,0
07/22/1992,102.7968979,102.7968979,102.7031021,102.7891006,0
07/23/1992,102.7577972,102.9375,102.7577972,102.9218979,0
07/24/1992,102.8906021,102.8983994,102.7811966,102.8438034,0
07/27/1992,102.9218979,102.9218979,102.8516006,102.8593979,0
07/28/1992,102.7422028,102.8672028,102.7031021,102.8516006,0
07/29/1992,102.7811966,102.8983994,102.7656021,102.7733994,0
07/30/1992,102.7733994,102.8047028,102.6483994,102.6952972,0
07/31/1992,102.7266006,102.7266006,102.5,102.5077972,0
08/03/1992,102.5156021,102.5311966,102.4061966,102.5311966,0
08/04/1992,102.5938034,102.7343979,102.5781021,102.7108994,0
08/05/1992,102.6952972,102.8047028,102.6797028,102.7577972,0
08/06/1992,102.8593979,102.8906021,102.7656021,102.7968979,0
08/07/1992,102.7656021,103.0547028,102.75,102.9922028,0
08/10/1992,103.0468979,103.1641006,103.0468979,103.1172028,0
08/11/1992,103.1093979,103.1327972,102.9297028,103.0311966,0
08/12/1992,103.0781021,103.0781021,102.9922028,103.0156021,0
08/13/1992,103.0938034,103.1483994,103.0156021,103.0311966,0
08/14/1992,103.0547028,103.1797028,103.0391006,103.1327972,0
08/17/1992,103.1561966,103.2188034,103.125,103.2031021,0
08/18/1992,103.2108994,103.3516006,103.2108994,103.2811966,0
08/19/1992,103.2577972,103.2891006,103.2266006,103.2891006,0
08/20/1992,103.3516006,103.3516006,103.2733994,103.3125,0
08/21/1992,103.2811966,103.375,103.1327972,103.1561966,0
08/24/1992,103.1952972,103.1952972,102.9375,102.9375,0
08/25/1992,102.8125,102.9218979,102.7422028,102.8125,0
08/26/1992,102.7188034,102.8593979,102.7188034,102.8516006,0
08/27/1992,102.9452972,102.9452972,102.875,102.8983994,0
08/28/1992,102.9608994,103.0391006,102.9452972,102.9922028,0
08/31/1992,103.0468979,103.0938034,103.0311966,103.0858994,0
09/01/1992,102.8672028,102.9766006,102.8516006,102.9766006,0
09/02/1992,102.9922028,103.0391006,102.9766006,102.9922028,0
09/03/1992,103.0781021,103.0781021,103.0156021,103.0468979,0
09/04/1992,103.0077972,103.4218979,102.9922028,103.3438034,0
09/08/1992,103.4608994,103.5391006,103.4608994,103.5391006,0
09/09/1992,103.4531021,103.4766006,103.4218979,103.4375,0
09/10/1992,103.4843979,103.5547028,103.4608994,103.5468979,0
09/11/1992,103.5156021,103.5781021,103.3983994,103.4297028,0
09/14/1992,103.7108994,103.7266006,103.6093979,103.6483994,0
09/15/1992,103.625,103.625,103.4297028,103.4452972,0
09/16/1992,103.5156021,103.5625,103.375,103.4843979,0
09/17/1992,103.6327972,103.6952972,103.6093979,103.625,0
09/18/1992,103.4608994,103.5391006,103.4061966,103.5391006,0
09/21/1992,103.4061966,103.4843979,103.4061966,103.4218979,0
09/22/1992,103.3047028,103.3983994,103.2422028,103.3358994,0
09/23/1992,103.1875,103.25,103.1718979,103.1875,0
09/24/1992,103.3281021,103.4297028,103.3281021,103.4218979,0
09/25/1992,103.5858994,103.8125,103.5858994,103.8125,0
09/28/1992,103.75,103.7968979,103.75,103.7811966,0
09/29/1992,103.7343979,103.7343979,103.6483994,103.7031021,0
09/30/1992,104.0547028,104.0858994,104.0077972,104.0468979,0
10/01/1992,103.8516006,104.0468979,103.8516006,103.9922028,0
10/02/1992,103.8358994,103.8983994,103.625,103.8983994,0
10/05/1992,103.8281021,104.0702972,103.8281021,103.8906021,0
10/06/1992,103.8593979,103.8672028,103.6561966,103.6797028,0
10/07/1992,103.6172028,103.6172028,103.375,103.3983994,0
10/08/1992,103.4452972,103.5,103.3672028,103.4452972,0
10/09/1992,103.2266006,103.2968979,103.1483994,103.1718979,0
10/13/1992,103.3827972,103.3983994,103.2891006,103.3047028,0
10/14/1992,103.3047028,103.4608994,103.25,103.4141006,0
10/15/1992,103.4141006,103.4843979,103.2891006,103.3125,0
10/16/1992,103.0938034,103.1952972,103.0547028,103.1172028,0
10/19/1992,103.0156021,103.0311966,102.9218979,102.9218979,0
10/20/1992,102.7577972,102.7577972,102.5,102.5,0
10/21/1992,102.5233994,102.7188034,102.4608994,102.6718979,0
10/22/1992,102.7733994,102.8672028,102.5781021,102.7422028,0
10/23/1992,102.625,102.625,102.4843979,102.4922028,0
10/26/1992,102.4688034,102.5468979,102.3983994,102.5468979,0
10/27/1992,102.6406021,102.7811966,102.6016006,102.7343979,0
10/28/1992,102.6718979,102.7266006,102.6093979,102.6561966,0
10/29/1992,102.7266006,102.7577972,102.6797028,102.6797028,0
10/30/1992,102.7108994,102.7108994,102.5156021,102.5156021,0
11/02/1992,102.5311966,102.5311966,102.4452972,102.4608994,0
11/03/1992,102.3593979,102.5547028,102.3047028,102.4297028,0
11/04/1992,102.4141006,102.625,102.4141006,102.4608994,0
11/05/1992,102.4843979,102.6093979,102.4843979,102.5233994,0
11/06/1992,102.6093979,102.6483994,102.4061966,102.4297028,0
11/09/1992,102.3516006,102.3672028,102.2422028,102.2891006,0
11/10/1992,102.2968979,102.4297028,102.2968979,102.4218979,0
11/12/1992,102.4766006,102.5311966,102.3906021,102.5311966,0
11/13/1992,102.3983994,102.4766006,102.2188034,102.3202972,0
11/16/1992,102.1952972,102.2343979,102.0858994,102.1093979,0
11/17/1992,102.1641006,102.2031021,102.0938034,102.1483994,0
11/18/1992,102.2343979,102.3202972,102.1875,102.3125,0
11/19/1992,102.3827972,102.4297028,102.2266006,102.3047028,0
11/20/1992,102.2891006,102.3047028,102.1952972,102.2031021,0
11/23/1992,102.0702972,102.1327972,102.0156021,102.1327972,0
11/24/1992,102.1327972,102.2266006,102.0468979,102.2266006,0
11/25/1992,102.2422028,102.2422028,102.0468979,102.0781021,0
11/27/1992,102.1561966,102.2108994,102.0077972,102.0156021,0
11/30/1992,101.9843979,101.9843979,101.8358994,101.9297028,0
12/01/1992,101.3593979,101.4452972,101.3047028,101.3516006,0
12/02/1992,101.2031021,101.2656021,101.1483994,101.2656021,0
12/03/1992,101.3281021,101.3438034,101.2811966,101.3125,0
12/04/1992,101.375,101.5702972,101.2811966,101.5625,0
12/07/1992,101.5702972,101.7811966,101.5702972,101.7188034,0
12/08/1992,101.5858994,101.6952972,101.5858994,101.6797028,0
12/09/1992,101.8358994,101.8593979,101.7577972,101.8125,0
12/10/1992,101.8125,101.8125,101.6718979,101.7811966,0
12/11/1992,101.5781021,101.6093979,101.3672028,101.4452972,0
12/14/1992,101.4922028,101.4922028,101.3202972,101.3983994,0
12/15/1992,101.4375,101.5781021,101.4375,101.5625,0
12/16/1992,101.5781021,101.7266006,101.5781021,101.7188034,0
12/17/1992,101.7108994,101.7577972,101.5858994,101.6797028,0
12/18/1992,101.5547028,101.6327972,101.5077972,101.6172028,0
12/21/1992,101.875,101.9452972,101.875,101.9141006,0
12/22/1992,101.7188034,101.8983994,101.7188034,101.8827972,0
12/23/1992,101.6406021,101.7343979,101.6093979,101.6327972,0
12/24/1992,101.5702972,101.6327972,101.5702972,101.625,0
12/28/1992,101.7188034,101.8202972,101.7031021,101.7968979,0
12/29/1992,101.6875,101.7811966,101.6561966,101.75,0
12/30/1992,101.9297028,101.9922028,101.9141006,101.9843979,0
12/31/1992,102.1406021,102.1406021,102.0311966,102.1093979,0
01/04/1993,102.1797028,102.375,102.1641006,102.375,0
01/05/1993,102.3516006,102.3827972,102.2891006,102.3281021,0
01/06/1993,102.3672028,102.3906021,102.3047028,102.3516006,0
01/07/1993,102.1875,102.1875,102.0077972,102.0077972,0
01/08/1993,101.9061966,102.2266006,101.9061966,102.2266006,0
01/11/1993,102.2968979,102.3906021,102.2891006,102.3358994,0
01/12/1993,102.3516006,102.4375,102.2577972,102.2968979,0
01/13/1993,102.2266006,102.3047028,102.2108994,102.3047028,0
01/14/1993,102.3983994,102.5311966,102.3983994,102.5233994,0
01/15/1993,102.5781021,102.7108994,102.5781021,102.6952972,0
01/19/1993,102.7422028,102.7422028,102.5625,102.625,0
01/20/1993,102.6406021,102.7031021,102.5781021,102.6641006,0
01/21/1993,102.6016006,102.6952972,102.5702972,102.6952972,0
01/22/1993,102.6797028,102.7656021,102.6327972,102.75,0
01/25/1993,102.8983994,102.9375,102.8438034,102.8827972,0
01/26/1993,102.8593979,102.8906021,102.7656021,102.7656021,0
01/27/1993,102.6406021,102.7891006,102.6093979,102.7577972,0
01/28/1993,102.8358994,102.9843979,102.8202972,102.9375,0
01/29/1993,102.9843979,103.0468979,102.8827972,102.9688034,0
02/01/1993,102.9531021,103.0468979,102.9452972,103.0468979,0
02/02/1993,102.9922028,102.9922028,102.8516006,102.8672028,0
02/03/1993,102.8516006,102.8983994,102.8202972,102.875,0
02/04/1993,102.9297028,103.0311966,102.9297028,102.9922028,0
02/05/1993,102.9452972,103.1483994,102.875,103.1406021,0
02/08/1993,103.0858994,103.1016006,103.0391006,103.0547028,0
02/09/1993,103.0858994,103.0858994,102.9766006,102.9843979,0
02/10/1993,102.9843979,103.0391006,102.875,102.8906021,0
02/11/1993,102.9218979,103.0702972,102.8983994,103.0547028,0
02/12/1993,103.0077972,103.0858994,102.9608994,103.0311966,0
02/16/1993,103.1718979,103.3202972,103.1718979,103.2266006,0
02/17/1993,103.1718979,103.3202972,103.1718979,103.3125,0
02/18/1993,103.2656021,103.5233994,103.25,103.4608994,0
02/19/1993,103.4922028,103.5077972,103.2968979,103.4141006,0
02/22/1993,103.3438034,103.4608994,103.3047028,103.4608994,0
02/23/1993,103.4688034,103.6483994,103.4375,103.5858994,0
02/24/1993,103.6172028,103.6327972,103.5077972,103.5311966,0
02/25/1993,103.4843979,103.6406021,103.4531021,103.5156021,0
02/26/1993,103.4061966,103.6093979,103.4061966,103.5858994,0
03/01/1993,103.4218979,103.5156021,103.4218979,103.5077972,0
03/02/1993,103.3593979,103.3906021,103.3202972,103.3516006,0
03/03/1993,103.3906021,103.4843979,103.3906021,103.4766006,0
03/04/1993,103.5468979,103.7811966,103.5468979,103.6641006,0
03/05/1993,103.5233994,103.6327972,102.9922028,103.2811966,0
03/08/1993,103.5311966,103.6016006,103.1172028,103.2108994,0
03/09/1993,102.9843979,103.0625,102.9218979,102.9843979,0
03/10/1993,103.1327972,103.1561966,103.0077972,103.0233994,0
03/11/1993,103.0938034,103.1327972,103.0468979,103.1016006,0
03/12/1993,103.0547028,103.1093979,102.8672028,102.9452972,0
03/15/1993,103.0702972,103.1483994,103.0077972,103.0156021,0
03/16/1993,102.9141006,103.0702972,102.9141006,103.0702972,0
03/17/1993,103.1327972,103.2656021,102.9922028,103.2577972,0
03/18/1993,103.25,103.375,103.25,103.3516006,0
03/19/1993,103.4218979,103.5,103.2422028,103.2891006,0
03/22/1993,103.2031021,103.3202972,103.1875,103.3202972,0
03/23/1993,103.3906021,103.3906021,103.3125,103.3593979,0
03/24/1993,103.3125,103.3125,103.2343979,103.2811966,0
03/25/1993,103.1718979,103.25,103.1561966,103.2266006,0
03/26/1993,103.1561966,103.2108994,103.0858994,103.0938034,0
03/29/1993,103.2188034,103.3125,103.2188034,103.3047028,0
03/30/1993,103.4375,103.5156021,103.4141006,103.4531021,0
03/31/1993,103.625,103.6406021,103.4843979,103.4922028,0
04/01/1993,103.3827972,103.3983994,103.3047028,103.3047028,0
04/02/1993,103.2733994,103.4375,103.1952972,103.25,0
04/05/1993,103.3125,103.3593979,103.2891006,103.3358994,0
04/06/1993,103.2266006,103.3358994,103.2108994,103.3358994,0
04/07/1993,103.3202972,103.3516006,103.1797028,103.2733994,0
04/08/1993,103.3281021,103.5156021,103.3281021,103.5156021,0
04/12/1993,103.6952972,103.6952972,103.6093979,103.6172028,0
04/13/1993,103.5938034,103.7031021,103.5547028,103.5702972,0
04/14/1993,103.6875,103.7656021,103.6875,103.7266006,0
04/15/1993,103.7031021,103.7656021,103.6718979,103.7577972,0
04/16/1993,103.6797028,103.6875,103.6016006,103.6327972,0
04/19/1993,103.6406021,103.6952972,103.625,103.6952972,0
04/20/1993,103.6641006,103.6797028,103.6172028,103.6797028,0
04/21/1993,103.6875,103.75,103.6406021,103.7266006,0
04/22/1993,103.7266006,103.8281021,103.7108994,103.8202972,0
04/23/1993,103.7968979,103.8593979,103.7577972,103.7577972,0
04/26/1993,103.7422028,103.7968979,103.7422028,103.7733994,0
04/27/1993,103.7422028,103.7422028,103.5938034,103.5938034,0
04/28/1993,103.5,103.5468979,103.4843979,103.5156021,0
04/29/1993,103.5781021,103.7031021,103.5781021,103.6952972,0
04/30/1993,103.6561966,103.6875,103.5781021,103.6093979,0
05/03/1993,103.6718979,103.7968979,103.6718979,103.7811966,0
05/04/1993,103.8047028,103.8358994,103.7733994,103.7891006,0
05/05/1993,103.7656021,103.7733994,103.6875,103.6875,0
05/06/1993,103.6483994,103.6952972,103.625,103.6875,0
05/07/1993,103.7266006,103.7733994,103.6641006,103.7343979,0
05/10/1993,103.7031021,103.7577972,103.6952972,103.7577972,0
05/11/1993,103.6952972,103.7108994,103.6797028,103.7031021,0
05/12/1993,103.7811966,103.7811966,103.6875,103.7108994,0
05/13/1993,103.7031021,103.7031021,103.5077972,103.5547028,0
05/14/1993,103.4843979,103.4843979,103.3281021,103.4141006,0
05/17/1993,103.4375,103.4375,103.2891006,103.3202972,0
05/18/1993,103.3125,103.3438034,103.2422028,103.2422028,0
05/19/1993,103.2031021,103.3358994,103.1952972,103.3125,0
05/20/1993,103.3672028,103.3983994,103.3202972,103.3358994,0
05/21/1993,103.2422028,103.2656021,103.125,103.1797028,0
05/24/1993,103.0391006,103.1016006,103.0233994,103.0625,0
05/25/1993,103.0858994,103.1797028,103.0625,103.0858994,0
05/26/1993,103.0781021,103.1093979,103.0311966,103.1016006,0
05/27/1993,103.0858994,103.1718979,102.9766006,102.9843979,0
05/28/1993,103,103.1327972,102.9688034,102.9688034,0
06/01/1993,102.7188034,102.8047028,102.7188034,102.8047028,0
06/02/1993,102.7031021,102.7577972,102.625,102.6561966,0
06/03/1993,102.6093979,102.7108994,102.6093979,102.7108994,0
06/04/1993,102.8047028,102.8047028,102.375,102.4608994,0
06/07/1993,102.4531021,102.5,102.4375,102.4922028,0
06/08/1993,102.4297028,102.4297028,102.3358994,102.3358994,0
06/09/1993,102.4452972,102.4843979,102.4297028,102.4766006,0
06/10/1993,102.3593979,102.3983994,102.3358994,102.3438034,0
06/11/1993,102.4766006,102.7968979,102.4608994,102.7733994,0
06/14/1993,102.8202972,102.9531021,102.8202972,102.8672028,0
06/15/1993,102.8672028,103.0391006,102.8672028,102.9843979,0
06/16/1993,102.8906021,102.9531021,102.8672028,102.9375,0
06/17/1993,102.9843979,103.0233994,102.9608994,102.9766006,0
06/18/1993,102.7811966,102.7811966,102.7188034,102.7656021,0
06/21/1993,102.7733994,102.8202972,102.7422028,102.8047028,0
06/22/1993,102.8047028,102.8516006,102.8047028,102.8358994,0
06/23/1993,102.7031021,102.8047028,102.6952972,102.7577972,0
06/24/1993,102.7422028,102.8202972,102.7422028,102.7891006,0
06/25/1993,102.8047028,102.8593979,102.7577972,102.8516006,0
06/28/1993,103.0077972,103.0625,103.0077972,103.0625,0
06/29/1993,103.0391006,103.1016006,103.0233994,103.0858994,0
06/30/1993,103.375,103.3827972,103.2891006,103.3593979,0
07/01/1993,103.1641006,103.2733994,103.1561966,103.2343979,0
07/02/1993,103.25,103.4141006,103.2343979,103.3906021,0
07/06/1993,103.3983994,103.4218979,103.2266006,103.2266006,0
07/07/1993,103.2656021,103.3438034,103.25,103.3047028,0
07/08/1993,103.1875,103.2656021,103.1561966,103.2656021,0
07/09/1993,103.2656021,103.2656021,103.2031021,103.2343979,0
07/12/1993,103.2733994,103.2811966,103.2343979,103.2733994,0
07/13/1993,103.2343979,103.2343979,103.125,103.1483994,0
07/14/1993,103.1718979,103.3125,103.1561966,103.2811966,0
07/15/1993,103.3047028,103.3125,103.2577972,103.2811966,0
07/16/1993,103.2422028,103.2968979,103.2422028,103.2656021,0
07/19/1993,103.2811966,103.2811966,103.2266006,103.2656021,0
07/20/1993,103.25,103.25,103.0858994,103.1172028,0
07/21/1993,103.1172028,103.1172028,103.0391006,103.0702972,0
07/22/1993,103.0625,103.0938034,102.8827972,102.8906021,0
07/23/1993,102.8438034,102.8906021,102.7733994,102.7968979,0
07/26/1993,102.8593979,102.8672028,102.8125,102.8593979,0
07/27/1993,102.8983994,102.9218979,102.8281021,102.8516006,0
07/28/1993,102.8906021,103.0077972,102.875,102.9922028,0
07/29/1993,102.8202972,103.0391006,102.8202972,103.0311966,0
07/30/1993,103.0938034,103.0938034,102.9922028,103.0156021,0
08/02/1993,102.9922028,103.0077972,102.9608994,102.9766006,0
08/03/1993,102.9531021,103.0311966,102.9531021,103,0
08/04/1993,103.0781021,103.0781021,103.0077972,103.0156021,0
08/05/1993,103.0156021,103.1952972,103.0156021,103.1093979,0
08/06/1993,103.0625,103.1406021,103.0468979,103.1327972,0
08/09/1993,103.2188034,103.25,103.1797028,103.2188034,0
08/10/1993,103.1952972,103.2031021,103.125,103.1483994,0
08/11/1993,103.125,103.1797028,103.0938034,103.1561966,0
08/12/1993,103.2108994,103.2577972,103.1797028,103.2266006,0
08/13/1993,103.2108994,103.4061966,103.2108994,103.3827972,0
08/16/1993,103.4688034,103.5156021,103.4218979,103.4688034,0
08/17/1993,103.4608994,103.4608994,103.3438034,103.3593979,0
08/18/1993,103.3672028,103.4297028,103.3672028,103.4218979,0
08/19/1993,103.4452972,103.5233994,103.4452972,103.5233994,0
08/20/1993,103.5702972,103.5702972,103.4531021,103.5077972,0
08/23/1993,103.4843979,103.4843979,103.4452972,103.4688034,0
08/24/1993,103.4297028,103.5781021,103.3906021,103.5702972,0
08/25/1993,103.5702972,103.6641006,103.5625,103.6483994,0
08/26/1993,103.7188034,103.7188034,103.6875,103.7188034,0
08/27/1993,103.7656021,103.7656021,103.5938034,103.6561966,0
08/30/1993,103.6327972,103.7108994,103.6093979,103.6952972,0
08/31/1993,103.7656021,103.7656021,103.5938034,103.6483994,0
09/01/1993,103.3983994,103.4688034,103.3593979,103.4061966,0
09/02/1993,103.3438034,103.4531021,103.3202972,103.4375,0
09/03/1993,103.6952972,103.7266006,103.4608994,103.6875,0
09/07/1993,103.6093979,103.7031021,103.6093979,103.7031021,0
09/08/1993,103.7031021,103.7188034,103.5625,103.6016006,0
09/09/1993,103.5233994,103.5391006,103.3438034,103.3438034,0
09/10/1993,103.3593979,103.6093979,103.3438034,103.5858994,0
09/13/1993,103.5156021,103.5625,103.4688034,103.4688034,0
09/14/1993,103.4766006,103.4766006,103.3125,103.3358994,0
09/15/1993,103.3516006,103.4297028,103.2656021,103.4141006,0
09/16/1993,103.3983994,103.4297028,103.3516006,103.4141006,0
09/17/1993,103.3281021,103.4688034,103.3281021,103.4218979,0
09/20/1993,103.3438034,103.375,103.3202972,103.3202972,0
09/21/1993,103.3906021,103.5311966,103.3438034,103.4688034,0
09/22/1993,103.2811966,103.3593979,103.2811966,103.3281021,0
09/23/1993,103.1797028,103.2968979,103.1483994,103.1952972,0
09/24/1993,103.3047028,103.3672028,103.2733994,103.3438034,0
09/27/1993,103.5,103.5702972,103.4688034,103.5702972,0
09/28/1993,103.6016006,103.6093979,103.5547028,103.5858994,0
09/29/1993,103.625,103.6406021,103.5468979,103.5468979,0
09/30/1993,103.5547028,103.5547028,103.4608994,103.4922028,0
10/01/1993,103.5547028,103.6016006,103.4452972,103.5858994,0
10/04/1993,103.5156021,103.5625,103.5156021,103.5547028,0
10/05/1993,103.5547028,103.5702972,103.4766006,103.5,0
10/06/1993,103.4688034,103.5468979,103.4608994,103.5311966,0
10/07/1993,103.5391006,103.5625,103.5233994,103.5233994,0
10/08/1993,103.4766006,103.6483994,103.4766006,103.6172028,0
10/12/1993,103.6875,103.7031021,103.6093979,103.625,0
10/13/1993,103.6016006,103.625,103.5702972,103.6093979,0
10/14/1993,103.5547028,103.6327972,103.5468979,103.625,0
10/15/1993,103.6172028,103.6718979,103.6093979,103.6406021,0
10/18/1993,103.6952972,103.6952972,103.5625,103.5781021,0
10/19/1993,103.5233994,103.5781021,103.4922028,103.5468979,0
10/20/1993,103.6016006,103.6093979,103.5547028,103.5702972,0
10/21/1993,103.5625,103.5702972,103.4922028,103.5,0
10/22/1993,103.5311966,103.5468979,103.4608994,103.4608994,0
10/25/1993,103.4297028,103.4766006,103.3906021,103.4375,0
10/26/1993,103.4061966,103.4608994,103.3672028,103.4297028,0
10/27/1993,103.3983994,103.4375,103.3047028,103.3281021,0
10/28/1993,103.2656021,103.3438034,103.2188034,103.3438034,0
10/29/1993,103.3593979,103.3827972,103.2968979,103.3281021,0
11/01/1993,103.2343979,103.2343979,103.125,103.125,0
11/02/1993,103.0468979,103.0625,102.9297028,103.0468979,0
11/03/1993,103.0156021,103.0858994,103,103.0702972,0
11/04/1993,103.0468979,103.1093979,103.0311966,103.0391006,0
11/05/1993,103.0311966,103.0391006,102.8906021,102.9218979,0
11/08/1993,102.9608994,103.0938034,102.9608994,103.0938034,0
11/09/1993,103.1327972,103.2968979,103.1016006,103.1327972,0
11/10/1993,103.1875,103.2031021,103.0547028,103.0702972,0
11/12/1993,102.8983994,103.1172028,102.8906021,103.1172028,0
11/15/1993,103.1641006,103.1797028,103.1327972,103.1718979,0
11/16/1993,103.2422028,103.2577972,103.1483994,103.1952972,0
11/17/1993,103.2031021,103.2733994,103.2031021,103.2031021,0
11/18/1993,103.2343979,103.2343979,103.1093979,103.1172028,0
11/19/1993,103.1016006,103.1016006,103.0233994,103.0311966,0
11/22/1993,102.9297028,103.0311966,102.9141006,102.9452972,0
11/23/1993,102.8358994,103.0077972,102.8358994,103,0
11/24/1993,102.9922028,103.0858994,102.9766006,103.0156021,0
11/26/1993,103.125,103.1718979,103.125,103.1561966,0
11/29/1993,103.1875,103.2188034,103.1172028,103.1172028,0
11/30/1993,103.0233994,103.0625,102.9531021,102.9922028,0
12/01/1993,102.5391006,102.5938034,102.5391006,102.5858994,0
12/02/1993,102.5938034,102.625,102.5938034,102.6172028,0
12/03/1993,102.6172028,102.6406021,102.4531021,102.5625,0
12/06/1993,102.7031021,102.7422028,102.625,102.7422028,0
12/07/1993,102.6483994,102.6561966,102.5391006,102.6016006,0
12/08/1993,102.6093979,102.6483994,102.5702972,102.6406021,0
12/09/1993,102.7031021,102.7108994,102.6093979,102.6561966,0
12/10/1993,102.7577972,102.7811966,102.6327972,102.6406021,0
12/13/1993,102.5077972,102.6016006,102.5077972,102.6016006,0
12/14/1993,102.6016006,102.6561966,102.5391006,102.5702972,0
12/15/1993,102.6718979,102.6952972,102.625,102.6718979,0
12/16/1993,102.7108994,102.7422028,102.6875,102.7108994,0
12/17/1993,102.7422028,102.7733994,102.7266006,102.7343979,0
12/20/1993,102.6952972,102.7266006,102.6875,102.6875,0
12/21/1993,102.6172028,102.6172028,102.5625,102.6093979,0
12/22/1993,102.5156021,102.6797028,102.5156021,102.6718979,0
12/23/1993,102.6327972,102.6797028,102.5938034,102.6797028,0
12/24/1993,102.6641006,102.7108994,102.625,102.7108994,0
12/27/1993,102.7266006,102.7266006,102.6952972,102.6952972,0
12/28/1993,102.6641006,102.6641006,102.6172028,102.6641006,0
12/29/1993,102.7108994,102.7188034,102.6483994,102.6561966,0
12/30/1993,102.6093979,102.6093979,102.4922028,102.5,0
12/31/1993,102.6561966,102.6952972,102.6561966,102.6561966,0
01/03/1994,102.6641006,102.6641006,102.5391006,102.5781021,0
01/04/1994,102.4843979,102.6093979,102.4843979,102.6016006,0
01/05/1994,102.625,102.6718979,102.5938034,102.6093979,0
01/06/1994,102.625,102.7266006,102.625,102.6952972,0
01/07/1994,102.7031021,103.0156021,102.6718979,103.0077972,0
01/10/1994,103.0077972,103.0547028,102.9922028,103.0391006,0
01/11/1994,103.0702972,103.0938034,103.0311966,103.0781021,0
01/12/1994,103.0702972,103.1172028,103.0702972,103.1016006,0
01/13/1994,103.1093979,103.1093979,102.9688034,102.9688034,0
01/14/1994,102.9843979,103.0156021,102.8593979,102.9141006,0
01/18/1994,102.9452972,103.0156021,102.9452972,103.0077972,0
01/19/1994,103.1093979,103.1093979,103.0547028,103.0938034,0
01/20/1994,103.0311966,103.1718979,103.0233994,103.1718979,0
01/21/1994,103.1406021,103.1406021,103.0468979,103.0781021,0
01/24/1994,103.0781021,103.1875,103.0702972,103.1172028,0
01/25/1994,103.1016006,103.1172028,103.0547028,103.0858994,0
01/26/1994,102.9922028,103.0391006,102.9766006,103.0077972,0
01/27/1994,103.0311966,103.0311966,102.9531021,103.0156021,0
01/28/1994,103.0156021,103.1641006,102.9922028,103.1016006,0
01/31/1994,103.0468979,103.0468979,102.9608994,102.9843979,0
02/01/1994,102.9688034,102.9843979,102.875,102.9141006,0
02/02/1994,102.8983994,102.9843979,102.8827972,102.9375,0
02/03/1994,102.8516006,102.8672028,102.6875,102.7422028,0
02/04/1994,102.7266006,103.1172028,102.4843979,102.4922028,0
02/07/1994,102.5391006,102.5938034,102.4608994,102.5547028,0
02/08/1994,102.4375,102.5,102.4375,102.4608994,0
02/09/1994,102.3906021,102.5077972,102.3906021,102.4922028,0
02/10/1994,102.5391006,102.5547028,102.4766006,102.4766006,0
02/11/1994,102.5233994,102.6016006,102.4061966,102.5702972,0
02/14/1994,102.5938034,102.6172028,102.5625,102.5781021,0
02/15/1994,102.5938034,102.6327972,102.5781021,102.6016006,0
02/16/1994,102.5781021,102.5938034,102.5625,102.5781021,0
02/17/1994,102.6016006,102.7188034,102.4608994,102.4688034,0
02/18/1994,102.4608994,102.5,102.3202972,102.3593979,0
02/22/1994,102.3983994,102.4141006,102.3125,102.3827972,0
02/23/1994,102.3516006,102.3827972,102.2031021,102.2031021,0
02/24/1994,102.1016006,102.1875,102.0233994,102.0547028,0
02/25/1994,102.1952972,102.2031021,102.0858994,102.0858994,0
02/28/1994,102.1561966,102.2343979,102.1406021,102.1875,0
03/01/1994,102.3438034,102.3438034,102.0391006,102.0781021,0
03/02/1994,101.9608994,102.0156021,101.8516006,101.9608994,0
03/03/1994,102.0391006,102.0391006,101.8906021,101.9375,0
03/04/1994,101.9688034,102,101.8047028,101.8906021,0
03/07/1994,101.9218979,102.0233994,101.9218979,101.9688034,0
03/08/1994,101.9375,101.9375,101.7656021,101.7656021,0
03/09/1994,101.875,101.9141006,101.7811966,101.8827972,0
03/10/1994,101.8906021,101.9297028,101.7577972,101.7891006,0
03/11/1994,101.8047028,101.9452972,101.8047028,101.9218979,0
03/14/1994,101.9688034,101.9688034,101.8438034,101.875,0
03/15/1994,101.6718979,101.7656021,101.6718979,101.7188034,0
03/16/1994,101.7968979,101.8906021,101.7968979,101.8906021,0
03/17/1994,101.9141006,102.0077972,101.8906021,101.8983994,0
03/18/1994,101.6641006,101.6875,101.5858994,101.625,0
03/21/1994,101.7656021,101.7968979,101.7188034,101.75,0
03/22/1994,101.625,101.7811966,101.5858994,101.7811966,0
03/23/1994,101.8281021,101.8827972,101.8125,101.8516006,0
03/24/1994,101.7733994,101.8125,101.6641006,101.7188034,0
03/25/1994,101.6641006,101.7422028,101.6641006,101.6718979,0
03/28/1994,101.7422028,101.7422028,101.6561966,101.6875,0
03/29/1994,101.7422028,101.7577972,101.6093979,101.6483994,0
03/30/1994,101.5311966,101.5938034,101.4843979,101.4843979,0
03/31/1994,100.8281021,100.8906021,100.7577972,100.8593979,0
04/01/1994,99.8202972,99.8281021,99.3906021,99.3983994,0
04/04/1994,99.4375,99.4531021,99.0391006,99.0858994,0
04/05/1994,99.2422028,99.4531021,99.2266006,99.4218979,0
04/06/1994,99.7422028,99.7733994,99.5468979,99.7266006,0
04/07/1994,99.7811966,99.8593979,99.75,99.8438034,0
04/08/1994,99.7656021,99.7656021,99.6561966,99.6952972,0
04/11/1994,99.6641006,99.7266006,99.6016006,99.6952972,0
04/12/1994,99.7108994,99.7968979,99.6718979,99.7656021,0
04/13/1994,99.7031021,99.8516006,99.6718979,99.6797028,0
04/14/1994,99.6718979,99.6797028,99.5625,99.6483994,0
04/15/1994,99.5702972,99.6718979,99.5547028,99.6483994,0
04/18/1994,99.6483994,99.6483994,99.3047028,99.3202972,0
04/19/1994,99.3202972,99.3983994,99.2811966,99.3906021,0
04/20/1994,99.3827972,99.4375,99.3358994,99.4297028,0
04/21/1994,99.4141006,99.5625,99.3672028,99.5547028,0
04/22/1994,99.5468979,99.6172028,99.4688034,99.5156021,0
04/25/1994,99.4608994,99.5702972,99.4375,99.5625,0
04/26/1994,99.4922028,99.5938034,99.4531021,99.5547028,0
04/28/1994,99.4531021,99.5311966,99.1093979,99.125,0
04/29/1994,99.1797028,99.2422028,99.1016006,99.1797028,0
05/02/1994,99.1718979,99.1718979,99.0625,99.1327972,0
05/03/1994,99.0858994,99.1406021,99.0156021,99.0547028,0
05/04/1994,99.1093979,99.1406021,98.9297028,99.0233994,0
05/05/1994,99.0781021,99.0781021,99,99.0233994,0
05/06/1994,99.0858994,99.1016006,98.7108994,98.75,0
05/09/1994,98.6875,98.7108994,98.5468979,98.5702972,0
05/10/1994,98.6561966,98.7811966,98.5702972,98.7266006,0
05/11/1994,98.8438034,98.8438034,98.5781021,98.6406021,0
05/12/1994,98.5781021,98.9218979,98.5547028,98.7188034,0
05/13/1994,98.8047028,98.9452972,98.7343979,98.8827972,0
05/16/1994,98.9218979,99.0077972,98.9141006,98.9766006,0
05/17/1994,98.9766006,99.1875,98.9531021,99.1875,0
05/18/1994,99.2108994,99.2733994,99.125,99.2733994,0
05/19/1994,99.25,99.4608994,99.1952972,99.4218979,0
05/20/1994,99.3438034,99.3593979,99.2577972,99.3358994,0
05/23/1994,99.3281021,99.3281021,99.1561966,99.1641006,0
05/24/1994,99.1093979,99.2266006,99.1093979,99.1641006,0
05/25/1994,99.0077972,99.1172028,98.9922028,99.0858994,0
05/26/1994,99.1797028,99.2266006,99.1483994,99.1561966,0
05/27/1994,99.2266006,99.2266006,99.0156021,99.1093979,0
05/31/1994,99.0625,99.1172028,99.0311966,99.1016006,0
06/01/1994,99.3983994,99.4375,99.2891006,99.4297028,0
06/02/1994,99.4218979,99.5702972,99.4218979,99.5547028,0
06/03/1994,99.5938034,99.7108994,99.3281021,99.6875,0
06/06/1994,99.875,99.9452972,99.875,99.8983994,0
06/07/1994,99.8281021,99.9061966,99.7968979,99.8202972,0
06/08/1994,99.9375,99.9375,99.8281021,99.8281021,0
06/09/1994,99.8125,99.8125,99.7422028,99.8047028,0
06/10/1994,99.8672028,99.8983994,99.7733994,99.7891006,0
06/13/1994,99.7343979,99.75,99.6718979,99.6952972,0
06/14/1994,99.6797028,99.8983994,99.6797028,99.8672028,0
06/15/1994,99.9452972,99.9608994,99.7811966,99.7891006,0
06/16/1994,99.7656021,99.8358994,99.6952972,99.8358994,0
06/17/1994,99.9061966,99.9141006,99.7266006,99.7891006,0
06/20/1994,99.9218979,100.0625,99.9218979,100,0
06/21/1994,99.5702972,99.5858994,99.4452972,99.4452972,0
06/22/1994,99.3983994,99.4922028,99.3593979,99.4843979,0
06/23/1994,99.5,99.5938034,99.4531021,99.5547028,0
06/24/1994,99.5547028,99.5547028,99.3358994,99.3438034,0
06/27/1994,99.2656021,99.3906021,99.1875,99.3906021,0
06/28/1994,99.3593979,99.375,99.2266006,99.25,0
06/29/1994,99.25,99.2891006,99.2343979,99.2656021,0
06/30/1994,99.5702972,99.625,99.4218979,99.4297028,0
07/01/1994,99.2968979,99.2968979,99.2422028,99.2577972,0
07/05/1994,99.3593979,99.4141006,99.3281021,99.4061966,0
07/06/1994,99.3827972,99.4452972,99.3281021,99.4452972,0
07/07/1994,99.4297028,99.4766006,99.4141006,99.4297028,0
07/08/1994,99.4141006,99.4141006,99.1406021,99.1797028,0
07/11/1994,99.1483994,99.1641006,99.0702972,99.1172028,0
07/12/1994,99.1561966,99.2968979,99.1093979,99.2188034,0
07/13/1994,99.2891006,99.3281021,99.2266006,99.2891006,0
07/14/1994,99.2343979,99.5858994,99.2343979,99.5781021,0
07/15/1994,99.5468979,99.7031021,99.5,99.6093979,0
07/18/1994,99.625,99.7656021,99.6172028,99.7422028,0
07/19/1994,99.7031021,99.8672028,99.6875,99.8672028,0
07/20/1994,99.8281021,99.8593979,99.6327972,99.6483994,0
07/21/1994,99.6797028,99.6797028,99.5156021,99.5468979,0
07/22/1994,99.5625,99.6016006,99.4608994,99.5,0
07/25/1994,99.4141006,99.5077972,99.4141006,99.4922028,0
07/26/1994,99.5156021,99.5311966,99.4843979,99.5311966,0
07/27/1994,99.4141006,99.4141006,99.3358994,99.3358994,0
07/28/1994,99.3047028,99.3516006,99.2343979,99.3516006,0
07/29/1994,99.3906021,99.7891006,99.3672028,99.7733994,0
08/01/1994,99.6875,99.75,99.6718979,99.75,0
08/02/1994,99.8125,99.8906021,99.7811966,99.7891006,0
08/03/1994,99.7968979,99.8593979,99.7577972,99.8593979,0
08/04/1994,99.7891006,99.8438034,99.7656021,99.8047028,0
08/05/1994,99.7577972,99.8516006,99.3983994,99.4061966,0
08/08/1994,99.3827972,99.4375,99.3827972,99.3906021,0
08/09/1994,99.3516006,99.3672028,99.3202972,99.3593979,0
08/10/1994,99.3202972,99.4297028,99.3202972,99.4218979,0
08/11/1994,99.4608994,99.4766006,99.2422028,99.3593979,0
08/12/1994,99.3202972,99.5,99.3202972,99.4375,0
08/15/1994,99.4141006,99.4141006,99.3516006,99.3983994,0
08/16/1994,99.3983994,99.5233994,99.3593979,99.4843979,0
08/17/1994,99.6093979,99.6718979,99.6093979,99.6406021,0
08/18/1994,99.5938034,99.5938034,99.4843979,99.4922028,0
08/19/1994,99.5391006,99.5468979,99.4608994,99.5156021,0
08/22/1994,99.4766006,99.5,99.4452972,99.4452972,0
08/23/1994,99.4688034,99.5547028,99.4688034,99.5311966,0
08/24/1994,99.3983994,99.5625,99.3983994,99.5547028,0
08/25/1994,99.6406021,99.6406021,99.4843979,99.5077972,0
08/26/1994,99.5702972,99.6952972,99.5468979,99.5938034,0
08/29/1994,99.6172028,99.6875,99.6016006,99.625,0
08/30/1994,99.6641006,99.7108994,99.6561966,99.6875,0
08/31/1994,99.6172028,99.6797028,99.5781021,99.6797028,0
09/01/1994,99.0468979,99.0781021,99.0077972,99.0702972,0
09/02/1994,99.1483994,99.3672028,99.1016006,99.1483994,0
09/06/1994,99.0547028,99.0547028,98.9766006,98.9766006,0
09/07/1994,99.0702972,99.0702972,99,99.0233994,0
09/08/1994,99.0077972,99.0233994,98.9766006,99,0
09/09/1994,98.9608994,98.9608994,98.6875,98.7031021,0
09/12/1994,98.7422028,98.7733994,98.7188034,98.7422028,0
09/13/1994,98.7031021,98.8125,98.6952972,98.7577972,0
09/14/1994,98.8438034,98.8983994,98.8202972,98.875,0
09/15/1994,98.8516006,98.9141006,98.8516006,98.9061966,0
09/16/1994,98.8358994,98.8358994,98.5858994,98.6093979,0
09/19/1994,98.7108994,98.7343979,98.6952972,98.7108994,0
09/20/1994,98.5625,98.5858994,98.5156021,98.5858994,0
09/21/1994,98.5858994,98.6327972,98.4531021,98.4766006,0
09/22/1994,98.4688034,98.5077972,98.4218979,98.5,0
09/23/1994,98.6093979,98.6172028,98.4843979,98.5156021,0
09/26/1994,98.5702972,98.6093979,98.5468979,98.5547028,0
09/27/1994,98.5547028,98.6093979,98.5311966,98.5391006,0
09/28/1994,98.3202972,98.3906021,98.2733994,98.3281021,0
09/29/1994,98.4375,98.4531021,98.2266006,98.2968979,0
09/30/1994,98.3906021,98.4452972,98.375,98.3983994,0
10/03/1994,98.375,98.3906021,98.2422028,98.2733994,0
10/04/1994,98.2656021,98.3125,98.2577972,98.2656021,0
10/05/1994,98.2733994,98.2968979,98.1797028,98.2108994,0
10/06/1994,98.2266006,98.2811966,98.2266006,98.25,0
10/07/1994,98.1483994,98.4141006,98.1406021,98.4061966,0
10/11/1994,98.3983994,98.4843979,98.3983994,98.4375,0
10/12/1994,98.3906021,98.4061966,98.3358994,98.3516006,0
10/13/1994,98.2968979,98.5311966,98.2968979,98.4141006,0
10/14/1994,98.4375,98.5781021,98.3827972,98.5625,0
10/17/1994,98.5156021,98.5702972,98.5077972,98.5625,0
10/18/1994,98.5781021,98.5938034,98.5077972,98.5233994,0
10/19/1994,98.4531021,98.4531021,98.4141006,98.4141006,0
10/20/1994,98.4843979,98.4843979,98.2656021,98.2656021,0
10/21/1994,98.2108994,98.2343979,98.1483994,98.2031021,0
10/24/1994,98.2577972,98.2577972,98.1718979,98.1718979,0
10/25/1994,98.0702972,98.1641006,98.0547028,98.1016006,0
10/26/1994,97.9766006,98,97.9141006,97.9608994,0
10/27/1994,97.9688034,98.0156021,97.9688034,97.9688034,0
10/28/1994,98.0077972,98.1327972,97.9766006,98.125,0
10/31/1994,98.1327972,98.1641006,98.1016006,98.1641006,0
11/01/1994,98.1016006,98.1016006,97.9688034,97.9766006,0
11/02/1994,97.9531021,97.9766006,97.8593979,97.9141006,0
11/03/1994,97.875,97.9375,97.8672028,97.8906021,0
11/04/1994,97.9297028,98.0156021,97.7891006,97.7891006,0
11/07/1994,97.7656021,97.7968979,97.7422028,97.7577972,0
11/08/1994,97.7733994,97.8593979,97.7733994,97.8516006,0
11/09/1994,97.9061966,97.9061966,97.8358994,97.8906021,0
11/10/1994,97.8047028,97.9766006,97.8047028,97.8281021,0
11/14/1994,97.9141006,97.9531021,97.8827972,97.9531021,0
11/15/1994,97.8983994,97.9843979,97.8047028,97.8358994,0
11/16/1994,97.9141006,97.9297028,97.7891006,97.7891006,0
11/17/1994,97.7733994,97.8125,97.6327972,97.6952972,0
11/18/1994,97.7656021,97.7733994,97.6797028,97.7108994,0
11/21/1994,97.6641006,97.6641006,97.5858994,97.6172028,0
11/22/1994,97.5156021,97.5468979,97.4922028,97.5077972,0
11/23/1994,97.8047028,97.9141006,97.7733994,97.8438034,0
11/25/1994,97.75,97.7891006,97.7343979,97.7891006,0
11/28/1994,97.75,97.75,97.5702972,97.5702972,0
11/29/1994,97.4608994,97.4608994,97.25,97.3125,0
11/30/1994,97.3438034,97.3906021,97.25,97.3593979,0
12/01/1994,96.8202972,96.8906021,96.7891006,96.8125,0
12/02/1994,96.6797028,96.8281021,96.5702972,96.8202972,0
12/05/1994,96.7266006,96.7422028,96.5547028,96.5625,0
12/06/1994,96.5858994,96.9061966,96.5468979,96.8983994,0
12/07/1994,96.7968979,96.9766006,96.6483994,96.7656021,0
12/08/1994,96.8125,96.8281021,96.7266006,96.7656021,0
12/09/1994,96.7968979,96.8281021,96.7188034,96.75,0
12/12/1994,96.6561966,96.6561966,96.5702972,96.5781021,0
12/13/1994,96.3516006,96.4141006,96.3125,96.3827972,0
12/14/1994,96.4375,96.7266006,96.4218979,96.625,0
12/15/1994,96.6875,96.8983994,96.6718979,96.7811966,0
12/16/1994,96.6952972,96.75,96.6172028,96.6406021,0
12/19/1994,96.6952972,96.7343979,96.6483994,96.6483994,0
12/20/1994,96.5858994,96.6952972,96.5781021,96.6483994,0
12/21/1994,96.7733994,96.7733994,96.7031021,96.7343979,0
12/22/1994,96.6172028,96.6172028,96.4297028,96.4375,0
12/23/1994,96.4531021,96.4766006,96.3827972,96.4141006,0
12/27/1994,96.4843979,96.5625,96.4531021,96.5156021,0
12/28/1994,96.5938034,96.5938034,96.5,96.5,0
12/29/1994,96.4608994,96.4843979,96.4141006,96.4375,0
12/30/1994,96.5233994,96.5702972,96.5077972,96.5468979,0
01/03/1995,96.5702972,96.5702972,96.4608994,96.4843979,0
01/04/1995,96.5938034,96.7577972,96.5938034,96.7577972,0
01/05/1995,96.6561966,96.6875,96.6016006,96.6172028,0
01/06/1995,96.6172028,96.6797028,96.5156021,96.6561966,0
01/09/1995,96.6718979,96.6875,96.6016006,96.6327972,0
01/10/1995,96.6327972,96.6952972,96.6093979,96.6797028,0
01/11/1995,96.6952972,96.7811966,96.6797028,96.7733994,0
01/12/1995,96.8202972,96.8516006,96.7188034,96.8281021,0
01/13/1995,96.9218979,97.2656021,96.9141006,97.2188034,0
01/17/1995,97.2343979,97.2343979,97.0858994,97.1406021,0
01/18/1995,97.0858994,97.125,97.0156021,97.0781021,0
01/19/1995,97.0391006,97.0702972,96.9452972,97.0468979,0
01/20/1995,97.0547028,97.1016006,96.9766006,96.9843979,0
01/23/1995,96.9843979,97.0156021,96.9452972,97.0156021,0
01/24/1995,97.0311966,97.0311966,96.9218979,96.9608994,0
01/25/1995,96.7968979,97.0391006,96.7577972,97.0391006,0
01/26/1995,97.0468979,97.2422028,96.9843979,97.2031021,0
01/27/1995,97.3281021,97.5,97.2968979,97.5,0
01/30/1995,97.5547028,97.625,97.4843979,97.5938034,0
01/31/1995,97.5702972,97.6483994,97.4531021,97.5468979,0
02/01/1995,97.6093979,97.6093979,97.3906021,97.3983994,0
02/02/1995,97.3827972,97.3983994,97.2733994,97.3358994,0
02/03/1995,97.3983994,97.8672028,97.3827972,97.7968979,0
02/06/1995,97.8202972,97.8202972,97.7343979,97.75,0
02/07/1995,97.7733994,97.7968979,97.6483994,97.7188034,0
02/08/1995,97.75,97.7891006,97.7422028,97.7811966,0
02/09/1995,97.75,97.75,97.6016006,97.625,0
02/10/1995,97.6172028,97.7577972,97.4452972,97.5077972,0
02/13/1995,97.4843979,97.5077972,97.4218979,97.5,0
02/14/1995,97.6875,97.7656021,97.6718979,97.7577972,0
02/15/1995,97.8516006,98.0391006,97.7343979,97.9297028,0
02/16/1995,97.9297028,98.1561966,97.9141006,98.0858994,0
02/17/1995,98.0938034,98.125,97.9375,98.0156021,0
02/21/1995,98.0077972,98.0156021,97.9688034,97.9766006,0
02/22/1995,97.9766006,98.3202972,97.9452972,98.3047028,0
02/23/1995,98.2811966,98.5547028,98.2577972,98.2811966,0
02/24/1995,98.3125,98.375,98.2108994,98.3438034,0
02/27/1995,98.4452972,98.5938034,98.4452972,98.5547028,0
02/28/1995,98.5625,98.5938034,98.4061966,98.5625,0
03/01/1995,98.2891006,98.4218979,98.1952972,98.3047028,0
03/02/1995,98.2811966,98.2811966,98.1093979,98.1641006,0
03/03/1995,98.2343979,98.2422028,98.0781021,98.1797028,0
03/06/1995,98.1327972,98.1327972,97.9452972,98.0311966,0
03/07/1995,97.9375,98.0156021,97.875,97.9375,0
03/08/1995,98.0468979,98.0781021,97.9452972,98.0625,0
03/09/1995,98.0625,98.2577972,98.0156021,98.2577972,0
03/10/1995,98.2733994,98.2968979,97.9608994,98.2343979,0
03/13/1995,98.2656021,98.4141006,98.2656021,98.375,0
03/14/1995,98.4141006,98.5547028,98.4141006,98.4922028,0
03/15/1995,98.5547028,98.5702972,98.4375,98.5547028,0
03/16/1995,98.4531021,98.6327972,98.4531021,98.5702972,0
03/17/1995,98.5233994,98.5625,98.4843979,98.5156021,0
03/20/1995,98.5311966,98.5391006,98.4766006,98.5,0
03/21/1995,98.5702972,98.5938034,98.4922028,98.4922028,0
03/22/1995,98.4218979,98.4608994,98.3827972,98.4297028,0
03/23/1995,98.3983994,98.4608994,98.375,98.3906021,0
03/24/1995,98.4688034,98.6172028,98.4688034,98.6093979,0
03/27/1995,98.6406021,98.7108994,98.625,98.6952972,0
03/28/1995,98.7031021,98.7108994,98.5311966,98.5391006,0
03/29/1995,98.5233994,98.6641006,98.4766006,98.5625,0
03/30/1995,98.6483994,98.6641006,98.4452972,98.4766006,0
03/31/1995,98.5625,98.5625,98.3281021,98.4922028,0
04/03/1995,98.3983994,98.5391006,98.3827972,98.5,0
04/04/1995,98.5468979,98.5938034,98.5311966,98.5468979,0
04/05/1995,98.5391006,98.6093979,98.5156021,98.5781021,0
04/06/1995,98.5858994,98.6561966,98.5781021,98.6561966,0
04/07/1995,98.6797028,98.7733994,98.6093979,98.6561966,0
04/10/1995,98.6093979,98.6797028,98.5938034,98.6718979,0
04/11/1995,98.6327972,98.7343979,98.5938034,98.6561966,0
04/12/1995,98.6797028,98.7031021,98.6172028,98.7031021,0
04/13/1995,98.7031021,98.8983994,98.7031021,98.875,0
04/17/1995,99.0702972,99.1172028,99,99.0077972,0
04/18/1995,98.8983994,99.0625,98.8983994,98.9688034,0
04/19/1995,98.9766006,98.9843979,98.8358994,98.8983994,0
04/20/1995,98.9141006,98.9922028,98.875,98.9531021,0
04/21/1995,99.0391006,99.0391006,98.9766006,98.9922028,0
04/24/1995,98.9297028,98.9843979,98.8827972,98.9608994,0
04/25/1995,99,99,98.8906021,98.9452972,0
04/26/1995,98.9141006,98.9218979,98.8358994,98.9061966,0
04/27/1995,98.8438034,98.8593979,98.7577972,98.7891006,0
04/28/1995,98.7968979,98.8358994,98.6561966,98.7577972,0
05/01/1995,98.7577972,98.7891006,98.7422028,98.7577972,0
05/02/1995,98.7891006,98.8672028,98.7891006,98.8593979,0
05/03/1995,98.8593979,99.0077972,98.8593979,99,0
05/04/1995,99.0311966,99.1797028,99.0311966,99.1327972,0
05/05/1995,99.0547028,99.4843979,99.0468979,99.4688034,0
05/08/1995,99.3672028,99.4608994,99.3516006,99.3906021,0
05/09/1995,99.4061966,99.6952972,99.3983994,99.5781021,0
05/10/1995,99.7343979,99.8438034,99.4531021,99.5,0
05/11/1995,99.5468979,99.5781021,99.2811966,99.3983994,0
05/12/1995,99.1875,99.3906021,99.0938034,99.3672028,0
05/15/1995,99.4608994,99.5077972,99.4141006,99.4608994,0
05/16/1995,99.5547028,99.625,99.4531021,99.5,0
05/17/1995,99.6093979,99.6093979,99.4766006,99.5,0
05/18/1995,99.4452972,99.4452972,99.3358994,99.3983994,0
05/19/1995,99.4141006,99.4297028,99.3516006,99.3983994,0
05/22/1995,99.3358994,99.3516006,99.3202972,99.3516006,0
05/23/1995,99.3438034,99.4766006,99.3438034,99.4608994,0
05/24/1995,99.5077972,99.6952972,99.5,99.6641006,0
05/25/1995,99.6875,99.8438034,99.5938034,99.6561966,0
05/26/1995,99.6641006,99.6875,99.6093979,99.6875,0
05/30/1995,99.7811966,99.8202972,99.7343979,99.8125,0
05/31/1995,99.8672028,99.875,99.7733994,99.8438034,0
06/01/1995,100.3516006,100.625,100.2733994,100.625,0
06/02/1995,100.8047028,101.625,100.7422028,101.0311966,0
06/05/1995,101.1172028,101.2656021,101.0391006,101.0781021,0
06/06/1995,101.0233994,101.0781021,100.8672028,100.9452972,0
06/07/1995,100.7733994,100.8125,100.3516006,100.4922028,0
06/08/1995,100.3593979,100.4218979,100.3125,100.3906021,0
06/09/1995,100.1483994,100.2811966,99.9375,99.9766006,0
06/12/1995,100.1327972,100.1561966,99.9608994,100.0781021,0
06/13/1995,100.3906021,100.7811966,100.3672028,100.7577972,0
06/14/1995,100.7266006,100.8438034,100.6641006,100.7656021,0
06/15/1995,100.6641006,100.7422028,100.5311966,100.5468979,0
06/16/1995,100.4766006,100.6016006,100.3906021,100.5625,0
06/19/1995,100.6327972,100.7656021,100.6327972,100.7577972,0
06/20/1995,100.7266006,100.75,100.5702972,100.625,0
06/21/1995,100.7577972,100.8202972,100.6718979,100.7266006,0
06/22/1995,100.7188034,100.8593979,100.7188034,100.8358994,0
06/23/1995,100.8516006,100.8516006,100.6406021,100.7266006,0
06/26/1995,100.7891006,100.8125,100.7266006,100.75,0
06/27/1995,100.5858994,100.7031021,100.5077972,100.5311966,0
06/28/1995,100.625,100.7031021,100.5858994,100.7031021,0
06/29/1995,100.5233994,100.5311966,100.1093979,100.1641006,0
06/30/1995,100.4297028,100.5781021,100.3983994,100.5391006,0
07/03/1995,100.4375,100.4922028,100.4218979,100.4608994,0
07/05/1995,100.9531021,100.9531021,100.8047028,100.9061966,0
07/06/1995,100.5391006,100.9061966,100.3906021,100.8906021,0
07/07/1995,100.8906021,100.9531021,100.5858994,100.8516006,0
07/10/1995,100.8047028,100.8438034,100.7733994,100.8281021,0
07/11/1995,100.7656021,100.7968979,100.7031021,100.7031021,0
07/12/1995,100.6797028,100.75,100.6641006,100.7343979,0
07/13/1995,100.7266006,100.7891006,100.6406021,100.7031021,0
07/14/1995,100.8047028,100.8047028,100.6093979,100.7108994,0
07/17/1995,100.5625,100.5702972,100.4452972,100.4531021,0
07/18/1995,100.4688034,100.5938034,100.4531021,100.4531021,0
07/19/1995,100.3125,100.4375,100.1016006,100.1641006,0
07/20/1995,100.1327972,100.2266006,100.0625,100.1093979,0
07/21/1995,100.125,100.1483994,99.9297028,99.9375,0
07/24/1995,99.9141006,99.9766006,99.875,99.9688034,0
07/25/1995,99.9297028,99.9766006,99.8125,99.9608994,0
07/26/1995,99.9766006,100.0077972,99.9061966,99.9218979,0
07/27/1995,99.9922028,100.1327972,99.9922028,100.125,0
07/28/1995,100.2188034,100.2733994,100.1406021,100.1406021,0
07/31/1995,100.0625,100.1406021,100.0391006,100.1327972,0
08/01/1995,100.0858994,100.1093979,99.9452972,100.0077972,0
08/02/1995,100.0938034,100.2266006,100.0781021,100.1952972,0
08/03/1995,100.3983994,100.3983994,100.2343979,100.2733994,0
08/04/1995,99.9922028,100.1327972,99.9141006,100.0938034,0
08/07/1995,100.0938034,100.1327972,100.0702972,100.1327972,0
08/08/1995,100.2108994,100.2422028,100.1172028,100.1327972,0
08/09/1995,100.0938034,100.1172028,100.0468979,100.0858994,0
08/10/1995,100.0702972,100.1172028,99.9452972,100,0
08/11/1995,99.8906021,99.9141006,99.6561966,99.7108994,0
08/14/1995,99.7422028,99.8047028,99.7266006,99.7656021,0
08/15/1995,99.6327972,99.7031021,99.5781021,99.7031021,0
08/16/1995,99.6875,99.7656021,99.6406021,99.75,0
08/17/1995,99.7031021,99.7108994,99.5781021,99.6093979,0
08/18/1995,99.6172028,99.6561966,99.6016006,99.6406021,0
08/21/1995,99.7422028,99.8358994,99.7422028,99.7577972,0
08/22/1995,99.75,99.7733994,99.6797028,99.7108994,0
08/23/1995,99.6641006,99.6718979,99.6172028,99.6327972,0
08/24/1995,99.7031021,99.9297028,99.6952972,99.9061966,0
08/25/1995,99.7968979,99.9218979,99.7266006,99.9061966,0
08/28/1995,100.1952972,100.3047028,100.1718979,100.2188034,0
08/29/1995,100.1483994,100.1483994,100.0077972,100.0702972,0
08/31/1995,100.2108994,100.2656021,100.1561966,100.2343979,0
09/01/1995,100.1327972,100.3281021,99.9452972,100.2891006,2389
09/05/1995,100.2656021,100.4061966,100.2656021,100.375,2976
09/06/1995,100.3593979,100.4297028,100.3516006,100.4218979,737
09/07/1995,100.3672028,100.3672028,100.2656021,100.2733994,499
09/08/1995,100.2968979,100.3358994,100.1718979,100.1952972,1364
09/11/1995,100.2656021,100.2891006,100.2343979,100.2577972,1455
09/12/1995,100.2891006,100.375,100.2891006,100.375,2044
09/13/1995,100.375,100.3983994,100.2968979,100.3438034,811
09/14/1995,100.3593979,100.625,100.3593979,100.5702972,1516
09/15/1995,100.5625,100.5781021,100.4608994,100.5391006,1671
09/18/1995,100.4688034,100.4766006,100.3983994,100.4061966,729
09/19/1995,100.3827972,100.4843979,100.3827972,100.4608994,1008
09/20/1995,100.3672028,100.4608994,100.3358994,100.4452972,940
09/21/1995,100.4766006,100.5077972,100.2343979,100.2968979,1738
09/22/1995,100.2577972,100.2577972,100.125,100.2108994,908
09/25/1995,100.1561966,100.1641006,100.0781021,100.1483994,706
09/26/1995,100.1875,100.25,100.0938034,100.1172028,1552
09/27/1995,100.1483994,100.1952972,100.0702972,100.1797028,813
09/28/1995,100.2108994,100.2422028,100.1327972,100.1641006,686
09/29/1995,100.2108994,100.4688034,100.1875,100.4531021,1637
10/02/1995,100.3358994,100.4608994,100.3202972,100.3672028,1845
10/03/1995,100.3672028,100.4452972,100.3672028,100.4141006,192
10/04/1995,100.4061966,100.4766006,100.3906021,100.4766006,2018
10/05/1995,100.4766006,100.5468979,100.4375,100.5,4418
10/06/1995,100.5077972,100.6093979,100.3827972,100.4922028,837
10/10/1995,100.4688034,100.5468979,100.4531021,100.4608994,1639
10/11/1995,100.4218979,100.4843979,100.4061966,100.4688034,971
10/12/1995,100.4297028,100.5156021,100.4297028,100.5,801
10/13/1995,100.5391006,100.6406021,100.5391006,100.625,1872
10/16/1995,100.5858994,100.6172028,100.5702972,100.6093979,245
10/17/1995,100.6641006,100.6797028,100.5468979,100.625,890
10/18/1995,100.6406021,100.6641006,100.5702972,100.5702972,856
10/19/1995,100.5311966,100.625,100.5311966,100.6093979,754
10/20/1995,100.5391006,100.5468979,100.4843979,100.5,460
10/23/1995,100.4375,100.4688034,100.4297028,100.4688034,1092
10/24/1995,100.3983994,100.5781021,100.3906021,100.5547028,1990
10/25/1995,100.6093979,100.7108994,100.6093979,100.6641006,1965
10/26/1995,100.6641006,100.7343979,100.625,100.6875,2747
10/27/1995,100.6327972,100.6327972,100.3906021,100.625,3158
10/30/1995,100.6641006,100.6797028,100.6172028,100.6561966,2170
10/31/1995,100.6327972,100.7422028,100.6327972,100.7188034,301
11/01/1995,100.6952972,100.9218979,100.6483994,100.8516006,4607
11/02/1995,100.8047028,100.9531021,100.7891006,100.9061966,3818
11/03/1995,100.9688034,100.9688034,100.8358994,100.8827972,4565
11/06/1995,100.8358994,100.8672028,100.8125,100.8202972,247
11/07/1995,100.8125,100.8202972,100.7422028,100.75,855
11/08/1995,100.7811966,100.8906021,100.7811966,100.8827972,2603
11/09/1995,100.8983994,100.9218979,100.8281021,100.8516006,842
11/10/1995,100.8047028,100.8125,100.7108994,100.7811966,2495
11/13/1995,100.7343979,100.875,100.7031021,100.8516006,1717
11/14/1995,100.9061966,100.9297028,100.8281021,100.875,2207
11/15/1995,100.9218979,100.9766006,100.7891006,100.8047028,2264
11/16/1995,100.8047028,100.9531021,100.8047028,100.8827972,2556
11/17/1995,100.8438034,100.9061966,100.8202972,100.9061966,1373
11/20/1995,100.9218979,100.9218979,100.8516006,100.9061966,3006
11/21/1995,100.8827972,100.8906021,100.8125,100.8358994,4112
11/22/1995,100.8672028,100.8827972,100.8281021,100.8672028,631
11/24/1995,100.9061966,100.9061966,100.8438034,100.8906021,2143
11/27/1995,100.8672028,100.9297028,100.8672028,100.9061966,1709
11/28/1995,100.9297028,100.9531021,100.8593979,100.9141006,8929
11/29/1995,100.9061966,100.9766006,100.8983994,100.9608994,2798
11/30/1995,101.0233994,101.0938034,100.9766006,101.0781021,3832
12/01/1995,101.0781021,101.1797028,101.0391006,101.1406021,0
12/04/1995,101.0938034,101.1718979,101.0938034,101.1483994,0
12/05/1995,101.1327972,101.1561966,101.0938034,101.1093979,0
12/06/1995,101.1952972,101.2656021,101.0938034,101.1327972,0
12/07/1995,101.0781021,101.1016006,100.9922028,101.0468979,0
12/08/1995,101.0625,101.2108994,100.9531021,100.9922028,0
12/11/1995,101.0311966,101.0391006,100.9922028,101.0233994,0
12/12/1995,101.0156021,101.0311966,100.9061966,100.9766006,0
12/13/1995,100.9922028,100.9922028,100.9297028,100.9688034,0
12/14/1995,100.9141006,100.9608994,100.9141006,100.9218979,0
12/15/1995,101.0077972,101.0391006,100.9922028,101.0311966,0
12/18/1995,101.0156021,101.0156021,100.8827972,100.8983994,0
12/19/1995,100.8358994,101.1016006,100.7422028,101.0781021,0
12/20/1995,101.1016006,101.1406021,101.0233994,101.0233994,0
12/21/1995,101.0625,101.0781021,101.0156021,101.0311966,0
12/22/1995,100.9922028,101.0468979,100.9843979,101.0468979,0
12/26/1995,101.0625,101.1093979,101.0625,101.1093979,0
12/27/1995,101.1093979,101.1327972,101.0781021,101.1093979,0
12/28/1995,101.0858994,101.1797028,101.0781021,101.1483994,0
12/29/1995,101.2266006,101.3358994,101.2266006,101.3281021,0
01/02/1996,101.4531021,101.4531021,101.3516006,101.4218979,0
01/03/1996,101.5625,101.5781021,101.5156021,101.5547028,0
01/04/1996,101.5311966,101.5702972,101.4531021,101.4531021,0
01/05/1996,101.4141006,101.4141006,101.2891006,101.3827972,0
01/08/1996,101.4531021,101.4766006,101.4375,101.4531021,0
01/09/1996,101.4452972,101.4922028,101.3672028,101.4375,0
01/10/1996,101.4141006,101.4141006,101.25,101.2891006,0
01/11/1996,101.3358994,101.3827972,101.2577972,101.3672028,0
01/12/1996,101.3827972,101.4608994,101.3516006,101.3906021,0
01/15/1996,101.4531021,101.4922028,101.25,101.3906021,0
01/16/1996,101.5702972,101.6797028,101.5702972,101.6718979,0
01/17/1996,101.6172028,101.6797028,101.5702972,101.6797028,0
01/18/1996,101.6406021,101.6952972,101.6172028,101.6952972,0
01/19/1996,101.7891006,101.7968979,101.6172028,101.7108994,0
01/22/1996,101.6172028,101.6406021,101.5858994,101.5858994,0
01/23/1996,101.5156021,101.625,101.5156021,101.5781021,0
01/24/1996,101.5625,101.6875,101.5311966,101.6406021,0
01/25/1996,101.6718979,101.6797028,101.4922028,101.5156021,0
01/26/1996,101.4843979,101.6093979,101.3516006,101.6016006,0
01/29/1996,101.6797028,101.6797028,101.5391006,101.625,0
01/30/1996,101.5858994,101.7188034,101.5781021,101.7108994,0
01/31/1996,101.8047028,101.9141006,101.7891006,101.9061966,0
02/01/1996,101.7811966,101.8358994,101.7577972,101.7891006,0
02/02/1996,101.8125,102.0077972,101.8125,101.8438034,0
02/05/1996,101.7811966,101.7968979,101.75,101.7811966,0
02/06/1996,101.7577972,101.8047028,101.7266006,101.7811966,0
02/07/1996,101.7968979,101.8125,101.7656021,101.7811966,0
02/08/1996,101.7891006,101.8281021,101.7656021,101.8202972,0
02/09/1996,101.8358994,101.8906021,101.7422028,101.8516006,0
02/12/1996,101.8827972,101.9608994,101.875,101.9531021,0
02/13/1996,101.9452972,101.9922028,101.9141006,101.9843979,0
02/14/1996,102.0468979,102.0468979,101.9688034,101.9843979,0
02/15/1996,101.9766006,101.9766006,101.8438034,101.8516006,0
02/16/1996,101.8202972,101.8516006,101.7577972,101.7656021,0
02/20/1996,101.6016006,101.7031021,101.2968979,101.2968979,0
02/21/1996,101.2891006,101.4452972,101.2108994,101.3281021,0
02/22/1996,101.4218979,101.5,101.4061966,101.4531021,0
02/23/1996,101.6016006,101.6797028,101.3438034,101.4297028,0
02/26/1996,101.3593979,101.3827972,101.2656021,101.3672028,0
02/27/1996,101.375,101.4297028,101.1718979,101.1875,0
02/28/1996,101.2422028,101.2656021,101,101.0233994,0
02/29/1996,101.0077972,101.0781021,100.8438034,100.9608994,0
03/01/1996,101.0858994,101.3827972,101.0547028,101.3672028,0
03/04/1996,101.4061966,101.5,101.4061966,101.4843979,0
03/05/1996,101.4061966,101.4061966,101.2266006,101.2891006,0
03/06/1996,101.2891006,101.2891006,101.0702972,101.0938034,0
03/07/1996,101.0468979,101.0781021,101,101.0547028,0
03/08/1996,100.9452972,100.9608994,100.1406021,100.2422028,0
03/11/1996,100.3281021,100.4608994,100.1483994,100.4452972,0
03/12/1996,100.375,100.4061966,100.2811966,100.3983994,0
03/13/1996,100.3593979,100.5,100.3593979,100.4297028,0
03/14/1996,100.4688034,100.5625,100.4218979,100.4375,1440
03/15/1996,100.4297028,100.4766006,100.1641006,100.1718979,2168
03/18/1996,100.1172028,100.2108994,100.0702972,100.1172028,1063
03/19/1996,100.125,100.2266006,100.0702972,100.1641006,975
03/20/1996,100.1561966,100.375,100.0391006,100.3672028,2196
03/21/1996,100.4141006,100.4531021,100.3047028,100.3906021,606
03/22/1996,100.3593979,100.4061966,100.3281021,100.3593979,829
03/25/1996,100.3358994,100.4531021,100.3358994,100.4531021,275
03/26/1996,100.5391006,100.5391006,100.4375,100.5077972,622
03/27/1996,100.4608994,100.5625,100.2577972,100.2656021,1124
03/28/1996,100.25,100.2891006,100.1406021,100.1875,1020
03/29/1996,100.125,100.2733994,100.1172028,100.2733994,1607
04/01/1996,100.4141006,100.4452972,100.3516006,100.3983994,894
04/02/1996,100.3438034,100.3983994,100.3438034,100.3827972,1913
04/03/1996,100.3672028,100.3906021,100.3438034,100.3593979,3481
04/04/1996,100.3438034,100.3438034,100.2188034,100.2188034,1219
04/05/1996,100.1172028,100.1327972,99.7108994,99.7577972,2118
04/08/1996,99.625,99.7031021,99.5625,99.6561966,2367
04/09/1996,99.7031021,99.7811966,99.6797028,99.7733994,2052
04/10/1996,99.8827972,99.8827972,99.7188034,99.75,1377
04/11/1996,99.6483994,99.7968979,99.5547028,99.6641006,1202
04/12/1996,99.6561966,99.9922028,99.6561966,99.9766006,1168
04/15/1996,100.0858994,100.1172028,100.0233994,100.1093979,650
04/16/1996,100.0547028,100.0858994,99.9608994,100.0547028,403
04/17/1996,99.9766006,99.9922028,99.9061966,99.9531021,671
04/18/1996,100,100,99.8202972,99.8827972,835
04/19/1996,99.8358994,99.9843979,99.8358994,99.9843979,1256
04/22/1996,100.0625,100.1093979,100.0391006,100.0391006,380
04/23/1996,100.0156021,100.0391006,99.9688034,100.0391006,1495
04/24/1996,100.0077972,100.0938034,99.9766006,99.9766006,2922
04/25/1996,99.9608994,99.9766006,99.8983994,99.9766006,591
04/26/1996,99.9843979,100.0233994,99.9608994,100,632
04/29/1996,100.0391006,100.0391006,99.9688034,99.9688034,927
04/30/1996,99.9452972,99.9608994,99.8281021,99.8827972,1760
05/01/1996,99.7656021,99.9061966,99.7577972,99.8827972,1281
05/02/1996,99.8906021,99.9531021,99.5702972,99.6093979,6179
05/03/1996,99.5781021,99.8125,99.5233994,99.5702972,4601
05/06/1996,99.6172028,99.6641006,99.6172028,99.6406021,838
05/07/1996,99.6483994,99.6561966,99.5547028,99.6093979,1008
05/08/1996,99.5468979,99.6952972,99.5311966,99.6952972,1136
05/09/1996,99.7577972,99.7577972,99.6016006,99.6483994,1173
05/10/1996,99.6718979,99.9218979,99.6016006,99.8281021,2583
05/13/1996,99.8827972,99.8906021,99.8358994,99.8672028,446
05/14/1996,99.8672028,100.0077972,99.8672028,99.9688034,1788
05/15/1996,100.0547028,100.0547028,99.9688034,99.9843979,2120
05/16/1996,99.8516006,99.8593979,99.7968979,99.8202972,1530
05/17/1996,99.7656021,99.9061966,99.7656021,99.8827972,944
05/20/1996,99.8672028,99.9218979,99.8672028,99.8827972,867
05/21/1996,99.9061966,99.9531021,99.875,99.875,1326
05/22/1996,99.875,99.9766006,99.8593979,99.9766006,1421
05/23/1996,99.9766006,99.9922028,99.8438034,99.8593979,2303
05/24/1996,99.8516006,99.9375,99.8438034,99.9297028,1331
05/28/1996,99.9375,99.9688034,99.8672028,99.875,2709
05/29/1996,99.8827972,99.9141006,99.7108994,99.7108994,5586
05/30/1996,99.5938034,99.6327972,99.5468979,99.6172028,4413
05/31/1996,99.6483994,99.6561966,99.4608994,99.5311966,2415
06/03/1996,98.4688034,98.5858994,98.4608994,98.5077972,3136
06/04/1996,98.4922028,98.6172028,98.4922028,98.5702972,2877
06/05/1996,98.5625,98.6172028,98.5391006,98.6172028,1802
06/06/1996,98.7422028,98.875,98.7422028,98.8047028,2637
06/07/1996,98.6641006,98.6718979,98.1718979,98.2422028,3434
06/10/1996,98.3516006,98.3593979,98.2656021,98.2811966,1965
06/11/1996,98.2733994,98.3983994,98.2577972,98.3358994,2468
06/12/1996,98.1875,98.2811966,98.1561966,98.1875,711
06/13/1996,98.5468979,98.7656021,98.5468979,98.7422028,1506
06/14/1996,98.4452972,98.6016006,98.4218979,98.5858994,888
06/17/1996,98.4452972,98.5468979,98.4297028,98.5311966,714
06/18/1996,98.2031021,98.3202972,98.1952972,98.2266006,1405
06/19/1996,98.2266006,98.2266006,98.1093979,98.1327972,448
06/20/1996,98.5781021,98.5858994,98.4922028,98.5391006,924
06/21/1996,98.3358994,98.3906021,98.3281021,98.3438034,693
06/24/1996,98.3438034,98.3906021,98.3438034,98.3827972,98
06/25/1996,98.1797028,98.2343979,98.1797028,98.2108994,1939
06/26/1996,98.3983994,98.4297028,98.3358994,98.3983994,471
06/27/1996,98.5781021,98.7577972,98.5625,98.75,1419
06/28/1996,98.9218979,99.1718979,98.8983994,99.125,3309
07/01/1996,98.8672028,98.9218979,98.8047028,98.8906021,1720
07/02/1996,98.8983994,98.8983994,98.6952972,98.7031021,2685
07/03/1996,98.6875,98.8125,98.6641006,98.7811966,1599
07/05/1996,98.5468979,98.5468979,98.0858994,98.1016006,2625
07/08/1996,98.2108994,98.375,98.1952972,98.3281021,1982
07/09/1996,98.3593979,98.3983994,98.3125,98.375,1176
07/10/1996,98.5391006,98.7188034,98.5391006,98.6952972,2156
07/11/1996,98.5468979,98.7422028,98.4766006,98.6797028,2544
07/12/1996,98.6483994,98.7656021,98.5625,98.6718979,1374
07/15/1996,98.4452972,98.4922028,98.3516006,98.4297028,291
07/16/1996,98.75,99.0938034,98.6406021,98.9141006,3316
07/17/1996,98.6406021,98.7031021,98.6172028,98.6561966,2111
07/18/1996,98.6641006,98.9061966,98.6093979,98.8983994,1562
07/19/1996,98.6483994,98.6561966,98.5625,98.5858994,917
07/22/1996,98.6483994,98.7031021,98.5858994,98.5938034,1178
07/23/1996,98.875,98.9766006,98.8672028,98.9608994,551
07/24/1996,98.6327972,98.6952972,98.4608994,98.4843979,1586
07/25/1996,98.7968979,98.9218979,98.7811966,98.8358994,812
07/26/1996,98.6172028,98.6327972,98.5625,98.5781021,399
07/29/1996,98.6797028,98.6797028,98.5781021,98.5938034,1535
07/30/1996,98.3438034,98.4766006,98.2968979,98.4375,2951
07/31/1996,98.875,99.0625,98.875,99.0391006,2902
08/01/1996,99.0233994,99.3593979,98.9141006,99.2422028,2452
08/02/1996,99.2422028,99.5468979,99.2422028,99.5156021,5497
08/05/1996,99.9061966,99.9218979,99.8983994,99.9141006,1103
08/06/1996,99.6641006,99.6718979,99.6172028,99.625,906
08/07/1996,99.2343979,99.2422028,99.1093979,99.1483994,1013
08/08/1996,99.75,99.7811966,99.7031021,99.7108994,754
08/09/1996,99.4531021,99.5781021,99.4531021,99.5625,962
08/12/1996,99.4218979,99.4218979,99.3516006,99.3983994,235
08/13/1996,99.4688034,99.5233994,99.3358994,99.3358994,1878
08/14/1996,99.4061966,99.4218979,99.3672028,99.4218979,922
08/15/1996,99.7108994,99.7343979,99.6327972,99.6327972,1588
08/16/1996,99.1172028,99.1952972,99.1172028,99.1875,1441
08/19/1996,99.5781021,99.6016006,99.5,99.5233994,870
08/20/1996,99.4608994,99.4843979,99.4141006,99.4608994,3268
08/21/1996,99.2031021,99.2031021,99.1797028,99.1952972,1014
08/22/1996,99.4843979,99.4922028,99.3983994,99.4452972,852
08/23/1996,99.5625,99.5625,99.3827972,99.4141006,6114
08/26/1996,98.9531021,98.9688034,98.8593979,98.8593979,3066
08/27/1996,99.0547028,99.0938034,99.0391006,99.0625,2518
08/28/1996,98.9218979,98.9218979,98.8516006,98.8593979,1618
08/29/1996,99.0077972,99.0077972,98.8358994,98.8438034,3661
08/30/1996,98.7422028,98.7577972,98.4218979,98.5858994,2388
09/03/1996,98.4452972,98.4452972,98.0938034,98.2968979,2504
09/04/1996,98.4766006,98.4766006,98.3358994,98.3827972,2664
09/05/1996,98.25,98.25,98.1483994,98.1797028,3815
09/06/1996,98.0468979,98.2031021,97.7968979,98.1561966,3036
09/09/1996,98.375,98.4297028,98.3438034,98.4218979,1054
09/10/1996,98.2811966,98.2811966,98.125,98.1641006,5231
09/11/1996,97.9375,97.9688034,97.875,97.9608994,3061
09/12/1996,98.5468979,98.7266006,98.5468979,98.6641006,1368
09/13/1996,98.5391006,98.9061966,98.5311966,98.8516006,3653
09/16/1996,99.3047028,99.3202972,99.2968979,99.3125,772
09/17/1996,98.9218979,98.9218979,98.6327972,98.7108994,2515
09/18/1996,98.4375,98.5,98.4297028,98.4766006,2020
09/19/1996,98.5781021,98.5781021,98.4531021,98.4922028,870
09/20/1996,98.5156021,98.5938034,98.5,98.5156021,1360
09/23/1996,98.8983994,99,98.8983994,98.9843979,155
09/24/1996,98.4375,98.7343979,98.4061966,98.6172028,2320
09/25/1996,99.3047028,99.4375,99.2968979,99.4297028,1748
09/26/1996,99.375,99.5468979,99.3672028,99.4766006,1061
09/27/1996,99.1483994,99.1952972,99.0625,99.0702972,824
09/30/1996,99.1172028,99.1327972,99.0077972,99.0311966,832
10/01/1996,99.0311966,99.1172028,98.9452972,99.1093979,1188
10/02/1996,98.9218979,99,98.9218979,98.9843979,1139
10/03/1996,99.6483994,99.6952972,99.6016006,99.6172028,861
10/04/1996,99.1952972,99.5077972,99.1952972,99.4922028,3226
10/07/1996,99.5702972,99.5858994,99.5233994,99.5311966,764
10/08/1996,99.4531021,99.5468979,99.4452972,99.4531021,453
10/09/1996,99.4375,99.5077972,99.3983994,99.3983994,2612
10/10/1996,99.0625,99.0625,98.9141006,98.9452972,1593
10/11/1996,99.3516006,99.5468979,99.3516006,99.5156021,1298
10/15/1996,99.5547028,99.6093979,99.5311966,99.5625,854
10/16/1996,99.4922028,99.5468979,99.4218979,99.5,1069
10/17/1996,99.6093979,99.7108994,99.6093979,99.6797028,819
10/18/1996,99.5938034,99.6952972,99.5938034,99.6406021,1031
10/21/1996,99.6641006,99.6797028,99.6406021,99.6406021,202
10/22/1996,99.6406021,99.6406021,99.5468979,99.5468979,527
10/23/1996,99.4922028,99.5702972,99.4922028,99.5702972,368
10/24/1996,99.5702972,99.5938034,99.5233994,99.5702972,195
10/25/1996,99.5233994,99.6172028,99.3983994,99.6016006,767
10/28/1996,99.6327972,99.6406021,99.5781021,99.5858994,909
10/29/1996,99.6483994,99.9688034,99.625,99.9375,2013
10/30/1996,99.9608994,100.0547028,99.8672028,99.9141006,2102
10/31/1996,100.0468979,100.1016006,100.0311966,100.0858994,1540
11/01/1996,100.4922028,100.6093979,100.3906021,100.3983994,920
11/04/1996,100.3672028,100.4141006,100.3358994,100.4061966,2653
11/05/1996,100.3593979,100.4608994,100.3593979,100.4297028,2064
11/06/1996,100.5391006,100.5625,100.4688034,100.4688034,761
11/07/1996,100.3358994,100.4531021,100.2891006,100.4531021,1822
11/08/1996,100.4922028,100.4922028,100.3983994,100.4141006,573
11/12/1996,100.4141006,100.5077972,100.4141006,100.5077972,888
11/13/1996,100.4688034,100.4922028,100.4141006,100.4843979,2053
11/14/1996,100.5077972,100.6406021,100.5,100.6327972,5041
11/15/1996,100.6327972,100.6952972,100.6172028,100.6172028,2992
11/18/1996,100.6327972,100.6483994,100.5702972,100.5781021,377
11/19/1996,100.5781021,100.6641006,100.5702972,100.6016006,542
11/20/1996,100.5,100.625,100.4843979,100.5938034,1114
11/21/1996,100.5938034,100.6327972,100.5625,100.5702972,1002
11/22/1996,100.5625,100.5702972,100.5391006,100.5547028,1767
11/25/1996,100.5547028,100.6406021,100.5547028,100.6016006,7542
11/26/1996,100.625,100.6952972,100.6016006,100.6016006,5339
11/27/1996,100.6641006,100.7422028,100.6327972,100.6483994,6651
11/29/1996,100.6797028,100.7891006,100.6797028,100.7891006,777
12/02/1996,100.7891006,100.7968979,100.7422028,100.7891006,2721
12/03/1996,100.7343979,100.7656021,100.6561966,100.7031021,4276
12/04/1996,100.6797028,100.6952972,100.5781021,100.6016006,3050
12/05/1996,100.5938034,100.6093979,100.4218979,100.4452972,3683
12/06/1996,100.375,100.4218979,100.1952972,100.375,3021
12/09/1996,100.4688034,100.4688034,100.4218979,100.4608994,1328
12/10/1996,100.4218979,100.4375,100.375,100.4061966,2479
12/11/1996,100.2733994,100.2968979,100.1718979,100.1875,3415
12/12/1996,100.1952972,100.2733994,100.1406021,100.1561966,1561
12/13/1996,100.1172028,100.25,100.1016006,100.25,1690
12/16/1996,100.4843979,100.4843979,100.3281021,100.3281021,1959
12/17/1996,100.1406021,100.1561966,100.0468979,100.1172028,2109
12/18/1996,100.2266006,100.25,100.125,100.1327972,345
12/19/1996,100.0156021,100.1641006,99.9922028,100.1641006,2009
12/20/1996,100.1797028,100.1952972,100.0781021,100.1172028,833
12/23/1996,100.1093979,100.1483994,100.0938034,100.1172028,1368
12/24/1996,100.1016006,100.1172028,100.0781021,100.1172028,2071
12/26/1996,100.1641006,100.1797028,100.1561966,100.1641006,221
12/27/1996,100.1483994,100.2266006,100.1406021,100.2266006,844
12/30/1996,100.0938034,100.0938034,100.0468979,100.0468979,2286
12/31/1996,100.4922028,100.4922028,100.3202972,100.3281021,1065
01/02/1997,100.1718979,100.2266006,99.9688034,99.9922028,2566
01/03/1997,99.9452972,100.0077972,99.8983994,99.9218979,2168
01/06/1997,99.8827972,99.9297028,99.875,99.8906021,1438
01/07/1997,99.9766006,100,99.9218979,99.9297028,1391
01/08/1997,99.875,99.9608994,99.8281021,99.8438034,1718
01/09/1997,99.875,99.9922028,99.8125,99.9766006,1768
01/10/1997,99.9608994,99.9922028,99.6718979,99.7188034,1929
01/13/1997,99.7811966,99.8047028,99.7343979,99.7656021,2590
01/14/1997,99.75,99.9297028,99.75,99.9297028,2047
01/15/1997,100,100.0077972,99.9297028,99.9843979,1605
01/16/1997,100.0233994,100.0625,99.8593979,99.9061966,1551
01/17/1997,99.8827972,99.9218979,99.8593979,99.8906021,1184
01/21/1997,99.8827972,99.9608994,99.7891006,99.9608994,1934
01/22/1997,99.9531021,100,99.9297028,99.9375,489
01/23/1997,99.8125,99.8125,99.7266006,99.75,703
01/24/1997,99.7108994,99.7811966,99.6797028,99.7422028,1349
01/27/1997,99.7733994,99.7733994,99.6797028,99.6952972,547
01/28/1997,99.7733994,99.9766006,99.7656021,99.8358994,1044
01/29/1997,99.8125,99.9531021,99.7968979,99.9141006,1099
01/30/1997,99.8827972,99.9608994,99.8593979,99.9218979,1788
01/31/1997,99.9608994,100.0858994,99.9061966,100.0702972,1449
02/03/1997,100.0702972,100.1641006,100.0391006,100.1483994,2558
02/04/1997,100.1641006,100.1797028,100.1093979,100.1797028,2863
02/05/1997,100.1718979,100.1797028,100.0858994,100.1093979,1626
02/06/1997,100.1406021,100.1406021,100.1016006,100.125,838
02/07/1997,100.3516006,100.4843979,100.2108994,100.25,1123
02/10/1997,100.1797028,100.2266006,100.1797028,100.2188034,697
02/11/1997,100.1483994,100.1718979,100.1172028,100.1327972,1309
02/12/1997,100.1718979,100.1797028,100.1016006,100.1327972,1237
02/13/1997,100.2422028,100.3281021,100.2188034,100.3281021,2475
02/14/1997,100.2968979,100.4531021,100.2968979,100.3516006,1871
02/18/1997,100.4688034,100.4766006,100.3827972,100.4061966,3021
02/19/1997,100.3202972,100.3672028,100.2656021,100.3047028,811
02/20/1997,100.3202972,100.3281021,100.2733994,100.2811966,1635
02/21/1997,100.2811966,100.2968979,100.2656021,100.2811966,5131
02/24/1997,100.2422028,100.2422028,100.2108994,100.2343979,6684
02/25/1997,100.2656021,100.2733994,100.1875,100.2031021,4436
02/26/1997,100.2108994,100.2188034,99.8827972,99.8983994,11449
02/27/1997,99.875,99.9141006,99.8438034,99.8593979,4236
02/28/1997,99.8281021,99.8438034,99.7343979,99.8047028,4114
03/03/1997,99.3593979,99.3983994,99.3047028,99.375,4008
03/04/1997,99.1797028,99.2577972,99.1483994,99.1641006,4649
03/05/1997,99.2108994,99.2108994,99.1327972,99.1875,2802
03/06/1997,99.2811966,99.2811966,99.1483994,99.1797028,3165
03/07/1997,99.0938034,99.2577972,98.9061966,99.2188034,1794
03/10/1997,99.3358994,99.3438034,99.2811966,99.2811966,1149
03/11/1997,99.25,99.2733994,99.1641006,99.2656021,3481
03/12/1997,99.2108994,99.2733994,99.1952972,99.2188034,3735
03/13/1997,99.4297028,99.4297028,99.1327972,99.1327972,2498
03/14/1997,99.1406021,99.2811966,99.1406021,99.1875,1988
03/17/1997,99.0625,99.0702972,98.9922028,99.0547028,992
03/18/1997,99.0547028,99.1327972,99.0156021,99.1016006,1645
03/19/1997,99.1952972,99.2577972,99.1406021,99.1641006,1660
03/20/1997,99.1718979,99.1797028,99.0391006,99.125,2684
03/21/1997,99.0391006,99.0391006,98.9688034,99,2730
03/24/1997,99.125,99.1406021,99.0781021,99.1327972,5655
03/25/1997,99.1641006,99.2343979,99.0391006,99.0625,3389
03/26/1997,99.0858994,99.1016006,98.9608994,99.0468979,1161
03/27/1997,99.1327972,99.2031021,98.9843979,98.9843979,6194
03/31/1997,99.1172028,99.2108994,99.1093979,99.1561966,2077
04/01/1997,99.3516006,99.4061966,99.2733994,99.3827972,4593
04/02/1997,99.0468979,99.0858994,99,99.0625,3564
04/03/1997,99.0547028,99.125,99.0547028,99.1016006,839
04/04/1997,99.0625,99.1093979,98.9297028,98.9688034,1919
04/07/1997,99.0077972,99.0547028,99.0077972,99.0311966,474
04/08/1997,99.0156021,99.0391006,98.9452972,98.9608994,3190
04/09/1997,99,99.0391006,98.9922028,98.9922028,1737
04/10/1997,99.0781021,99.0858994,99.0468979,99.0702972,1015
04/11/1997,99.1016006,99.1406021,98.9608994,98.9843979,1036
04/14/1997,98.9375,98.9375,98.8906021,98.9061966,2324
04/15/1997,98.9452972,99.125,98.9452972,99.0781021,1800
04/16/1997,98.9922028,99.0233994,98.8983994,98.9766006,1302
04/17/1997,98.9375,99.0625,98.9141006,99.0156021,2173
04/18/1997,99.0156021,99.0781021,99,99.0547028,1316
04/21/1997,99.0781021,99.0858994,98.9922028,98.9922028,1478
04/22/1997,98.8827972,98.9375,98.875,98.9297028,1208
04/23/1997,98.9608994,98.9843979,98.8906021,98.9061966,2693
04/24/1997,98.9688034,98.9843979,98.875,98.875,1027
04/25/1997,98.8047028,98.8438034,98.7891006,98.8047028,1833
04/28/1997,98.7577972,98.8202972,98.7266006,98.8125,977
04/29/1997,98.7891006,99.1327972,98.7733994,99.1016006,4504
04/30/1997,98.9688034,99.1483994,98.8593979,99.1093979,3284
05/01/1997,99.2891006,99.3358994,99.2577972,99.3047028,2176
05/02/1997,99.2343979,99.3281021,99.1641006,99.2577972,2841
05/05/1997,99.2656021,99.3593979,99.2108994,99.2577972,1005
05/06/1997,99.1797028,99.1952972,99.1327972,99.1875,1562
05/07/1997,99.1875,99.1952972,99.0938034,99.1172028,842
05/08/1997,99,99.1641006,99,99.1641006,1953
05/09/1997,99.1327972,99.2891006,99.125,99.2656021,4060
05/12/1997,99.2031021,99.3047028,99.2031021,99.3047028,1095
05/13/1997,99.3593979,99.4141006,99.2343979,99.2422028,1126
05/14/1997,99.2422028,99.3593979,99.2422028,99.2968979,1548
05/15/1997,99.2656021,99.3438034,99.1016006,99.3438034,5692
05/16/1997,99.3593979,99.3672028,99.2811966,99.2891006,1064
05/19/1997,99.2108994,99.3047028,99.2108994,99.2422028,1486
05/20/1997,99.2968979,99.5391006,99.2266006,99.375,3989
05/21/1997,99.4141006,99.4141006,99.2811966,99.3125,3178
05/22/1997,99.2811966,99.3516006,99.2811966,99.3047028,6858
05/23/1997,99.2968979,99.3593979,99.2968979,99.3281021,2091
05/27/1997,99.375,99.3827972,99.2733994,99.2891006,3672
05/28/1997,99.2811966,99.3281021,99.2656021,99.2656021,9416
05/29/1997,99.1641006,99.2577972,99.1641006,99.25,6377
05/30/1997,99.2343979,99.4297028,99.2343979,99.3906021,7883
06/02/1997,99.4688034,99.5233994,99.3827972,99.4375,4432
06/03/1997,99.3827972,99.4608994,99.3827972,99.4608994,6446
06/04/1997,99.4843979,99.4843979,99.4141006,99.4531021,3714
06/05/1997,99.4297028,99.4375,99.375,99.4218979,5518
06/06/1997,99.4688034,99.6483994,99.3125,99.6483994,7763
06/09/1997,99.6561966,99.6561966,99.5547028,99.5702972,3302
06/10/1997,99.5547028,99.5938034,99.5,99.5156021,3478
06/11/1997,99.5156021,99.5391006,99.4922028,99.5,4139
06/12/1997,99.5391006,99.7656021,99.5391006,99.7422028,4277
06/13/1997,99.7656021,99.9375,99.75,99.8438034,4324
06/16/1997,99.9608994,99.9843979,99.9452972,99.9766006,926
06/17/1997,99.8125,99.8906021,99.7108994,99.7733994,1858
06/18/1997,99.7811966,99.8125,99.7031021,99.8047028,1801
06/19/1997,99.8125,99.8516006,99.7656021,99.8125,2508
06/20/1997,99.7968979,99.8593979,99.7968979,99.8516006,842
06/23/1997,99.7968979,99.8281021,99.7733994,99.7811966,1159
06/24/1997,99.7188034,99.8047028,99.7188034,99.7733994,835
06/25/1997,99.7266006,99.8281021,99.7031021,99.7343979,2279
06/26/1997,99.8125,99.8202972,99.75,99.7968979,7668
06/27/1997,99.7811966,99.8593979,99.7811966,99.8358994,1120
06/30/1997,99.9688034,99.9766006,99.8281021,99.8672028,7112
07/01/1997,100.0077972,100.1327972,99.9843979,100.1172028,2503
07/02/1997,99.9061966,99.9061966,99.8202972,99.875,4249
07/03/1997,99.8202972,100.0702972,99.8202972,100.0391006,3326
07/07/1997,100.0625,100.1483994,100.0625,100.125,958
07/08/1997,100.1172028,100.1327972,99.9843979,100.1093979,1948
07/09/1997,100.1327972,100.1797028,100.1172028,100.1561966,3529
07/10/1997,100.1093979,100.1406021,100.0625,100.1093979,1884
07/11/1997,100.1718979,100.1718979,100.0625,100.1406021,1724
07/14/1997,100.1327972,100.1327972,100.0858994,100.0858994,622
07/15/1997,100.0702972,100.125,99.9061966,100.1093979,3089
07/16/1997,100.1718979,100.25,100.1327972,100.2422028,3729
07/17/1997,100.2188034,100.2422028,100.1641006,100.2031021,4268
07/18/1997,100.1406021,100.1797028,100.125,100.1406021,1024
07/21/1997,100.1172028,100.125,100.0781021,100.0858994,747
07/22/1997,100.1327972,100.2968979,100.1016006,100.2891006,2859
07/23/1997,100.1718979,100.25,100.1718979,100.1952972,1446
07/24/1997,100.2188034,100.2656021,100.1875,100.2343979,2115
07/25/1997,100.1952972,100.2577972,100.1641006,100.1875,680
07/28/1997,100.2188034,100.2811966,100.2188034,100.2811966,1542
07/29/1997,100.2656021,100.3516006,100.2656021,100.3516006,1353
07/30/1997,100.4141006,100.4688034,100.3827972,100.4375,4902
07/31/1997,100.5233994,100.5858994,100.4297028,100.5468979,3060
08/01/1997,100.5233994,100.5311966,100.2266006,100.2266006,10273
08/04/1997,100.1406021,100.1641006,100.0468979,100.1016006,3916
08/05/1997,100.1327972,100.1483994,100.1093979,100.1327972,2071
08/06/1997,100.1016006,100.1483994,100.0702972,100.1093979,1254
08/07/1997,100.1561966,100.2188034,100.1093979,100.1093979,2015
08/08/1997,100.0938034,100.0938034,99.8827972,99.9608994,2717
08/11/1997,99.9531021,100.0468979,99.9375,100.0233994,1483
08/12/1997,100.0468979,100.1016006,99.9766006,99.9843979,1678
08/13/1997,99.9218979,100.1641006,99.9218979,100.0938034,3391
08/14/1997,100.0547028,100.1641006,100.0547028,100.1561966,2366
08/15/1997,100.25,100.2968979,100.1406021,100.2891006,1507
08/18/1997,100.2733994,100.3516006,100.2577972,100.3125,2821
08/19/1997,100.3438034,100.3438034,100.2343979,100.2733994,2735
08/20/1997,100.2577972,100.2733994,100.1797028,100.1875,3887
08/21/1997,100.1641006,100.1875,100.0938034,100.1172028,7961
08/22/1997,100.0938034,100.0938034,99.9922028,100.0702972,7687
08/25/1997,100.0781021,100.0781021,99.9922028,100,6181
08/26/1997,100.0077972,100.0468979,99.9688034,100.0156021,9747
08/27/1997,99.9531021,99.9843979,99.9061966,99.9297028,6828
08/28/1997,100,100.1172028,99.9452972,100.1172028,10939
08/29/1997,100.0311966,100.1641006,100,100.0468979,4008
09/02/1997,100.1875,100.2266006,100.0625,100.2108994,5078
09/03/1997,99.9922028,100.0156021,99.9531021,99.9531021,3641
09/04/1997,99.9061966,99.9375,99.8827972,99.9218979,4547
09/05/1997,99.875,100.0547028,99.875,99.9061966,5316
09/08/1997,99.9375,99.9766006,99.9297028,99.9375,3393
09/09/1997,99.9375,99.9452972,99.9061966,99.9218979,3047
09/10/1997,99.9688034,99.9843979,99.9452972,99.9608994,1853
09/11/1997,99.8358994,99.8438034,99.7891006,99.8281021,2821
09/12/1997,99.7422028,99.9218979,99.7266006,99.8983994,2748
09/15/1997,100.0311966,100.0468979,100.0156021,100.0468979,1389
09/16/1997,100.0858994,100.3358994,100.0858994,100.3202972,6187
09/17/1997,100.3047028,100.3438034,100.2108994,100.2811966,10305
09/18/1997,100.375,100.4141006,100.3358994,100.3516006,1842
09/19/1997,100.2422028,100.2656021,100.2108994,100.25,670
09/22/1997,100.3202972,100.3672028,100.3202972,100.3593979,367
09/23/1997,100.3281021,100.3281021,100.2577972,100.2656021,1374
09/24/1997,100.2811966,100.3827972,100.2577972,100.375,1790
09/25/1997,100.3438034,100.3438034,100.1875,100.2188034,4261
09/26/1997,100.2733994,100.3906021,100.2733994,100.3672028,853
09/29/1997,100.2656021,100.375,100.2656021,100.3593979,1221
09/30/1997,100.5938034,100.625,100.5391006,100.5625,4097
10/01/1997,100.3672028,100.5233994,100.3672028,100.4922028,3108
10/02/1997,100.4061966,100.4608994,100.3906021,100.4375,3287
10/03/1997,100.4531021,100.7108994,100.3672028,100.5,5390
10/06/1997,100.5,100.6016006,100.5,100.5625,1510
10/07/1997,100.5468979,100.5938034,100.5311966,100.5781021,3019
10/08/1997,100.6406021,100.6718979,100.3906021,100.4141006,3954
10/09/1997,100.3827972,100.3827972,100.2266006,100.3516006,3295
10/10/1997,100.3125,100.3438034,100.0702972,100.2266006,5404
10/14/1997,100.3125,100.4218979,100.3125,100.3672028,2648
10/15/1997,100.4452972,100.4531021,100.3047028,100.3593979,2155
10/16/1997,100.2656021,100.3593979,100.1797028,100.2733994,2340
10/17/1997,100.2577972,100.2577972,100.1016006,100.1327972,1585
10/20/1997,100.1327972,100.1641006,100.1172028,100.1561966,1113
10/21/1997,100.1641006,100.1875,100.1093979,100.1483994,2330
10/22/1997,100.1875,100.2031021,100.1327972,100.1952972,381
10/23/1997,100.1483994,100.4531021,100.1406021,100.3516006,4434
10/24/1997,100.4061966,100.5,100.3125,100.4375,2683
10/27/1997,100.7891006,100.9608994,100.7422028,100.9531021,4881
10/28/1997,101.0547028,101.0547028,100.5077972,100.5077972,3917
10/29/1997,100.4688034,100.7422028,100.4452972,100.5938034,3315
10/30/1997,100.6406021,100.7968979,100.4061966,100.6797028,4635
10/31/1997,100.6952972,100.7422028,100.5468979,100.6641006,2695
11/03/1997,100.6483994,100.6483994,100.4766006,100.5468979,5112
11/04/1997,100.4922028,100.5311966,100.4297028,100.4375,4069
11/05/1997,100.4922028,100.5311966,100.4218979,100.4843979,1503
11/06/1997,100.4452972,100.5156021,100.4218979,100.4766006,2400
11/07/1997,100.4608994,100.5781021,100.3358994,100.4531021,2748
11/10/1997,100.4297028,100.4531021,100.4061966,100.4375,1276
11/12/1997,100.5077972,100.5233994,100.4218979,100.5077972,3359
11/13/1997,100.4766006,100.6093979,100.4375,100.5077972,1896
11/14/1997,100.5233994,100.6327972,100.5,100.5156021,3131
11/17/1997,100.5,100.5468979,100.4375,100.5391006,1947
11/18/1997,100.5156021,100.5468979,100.4531021,100.4843979,1170
11/19/1997,100.4531021,100.5,100.4452972,100.4922028,1266
11/20/1997,100.4843979,100.5,100.4141006,100.4297028,4089
11/21/1997,100.4688034,100.5781021,100.4141006,100.5702972,10730
11/24/1997,100.625,100.625,100.5233994,100.5311966,8699
11/25/1997,100.5,100.5391006,100.4608994,100.4843979,12863
11/26/1997,100.4766006,100.5,100.3827972,100.4375,3222
11/28/1997,100.4061966,100.4061966,100.3593979,100.3827972,1084
12/01/1997,100.1797028,100.2422028,100.1561966,100.2108994,2980
12/02/1997,100.2108994,100.2188034,100.1718979,100.2188034,6122
12/03/1997,100.2108994,100.2733994,100.1952972,100.2733994,2486
12/04/1997,100.2733994,100.3983994,100.2733994,100.3281021,6021
12/05/1997,100.3281021,100.3516006,99.8983994,100.2031021,9168
12/08/1997,100.1561966,100.2188034,100.125,100.125,1482
12/09/1997,100.1093979,100.2031021,100.1093979,100.1718979,2012
12/10/1997,100.1718979,100.3125,100.1718979,100.2891006,3366
12/11/1997,100.2891006,100.4843979,100.25,100.4141006,2446
12/12/1997,100.3827972,100.5233994,100.3827972,100.5077972,3263
12/15/1997,100.5311966,100.5311966,100.4375,100.4375,2148
12/16/1997,100.4218979,100.4297028,100.3438034,100.3983994,2232
12/17/1997,100.3983994,100.4452972,100.3358994,100.3983994,2937
12/18/1997,100.3358994,100.4375,100.3281021,100.4141006,1510
12/19/1997,100.4531021,100.5468979,100.4375,100.4531021,2660
12/22/1997,100.4608994,100.5077972,100.3672028,100.3906021,3527
12/23/1997,100.4297028,100.4766006,100.3827972,100.4141006,7487
12/24/1997,100.3906021,100.4297028,100.3827972,100.4061966,480
12/26/1997,100.3906021,100.4297028,100.3827972,100.4061966,91
12/29/1997,100.3672028,100.375,100.3516006,100.3672028,2955
12/30/1997,100.3672028,100.4061966,100.2422028,100.3202972,3071
12/31/1997,100.3125,100.4218979,100.3125,100.4141006,968
01/02/1998,100.5938034,100.7422028,100.5938034,100.7188034,2080
01/05/1998,100.5781021,100.8202972,100.5781021,100.8125,3531
01/06/1998,100.8358994,100.9843979,100.7968979,100.9297028,2173
01/07/1998,100.7891006,100.9061966,100.7891006,100.8438034,4939
01/08/1998,100.8827972,101.0938034,100.8516006,101.0625,5320
01/09/1998,101.2266006,101.4452972,101.0077972,101.4297028,8953
01/12/1998,101.3906021,101.6016006,101.2188034,101.2968979,5967
01/13/1998,101.25,101.2891006,101.0858994,101.1561966,3593
01/14/1998,101.3516006,101.375,101.1561966,101.2811966,3357
01/15/1998,101.1483994,101.1875,101.0468979,101.125,3863
01/16/1998,101.0781021,101.0781021,100.8827972,100.9375,2705
01/20/1998,100.9843979,101.0781021,100.9218979,100.9297028,2383
01/21/1998,100.8358994,100.9218979,100.7733994,100.8983994,1731
01/22/1998,100.9922028,101.1093979,100.9688034,101.0625,6643
01/23/1998,101.0858994,101.0858994,100.8358994,100.8672028,3326
01/26/1998,100.8906021,100.9375,100.8672028,100.9375,4273
01/27/1998,100.9141006,100.9297028,100.7188034,100.7422028,4345
01/28/1998,100.7577972,100.8125,100.6561966,100.7577972,2088
01/29/1998,100.9688034,101.2343979,100.9297028,100.9688034,4211
01/30/1998,100.9608994,100.9922028,100.9141006,100.9843979,1272
02/02/1998,101.0547028,101.0547028,100.9297028,100.9452972,1396
02/03/1998,100.9531021,101.0625,100.9218979,100.9688034,5943
02/04/1998,100.9061966,101,100.8593979,100.9531021,3011
02/05/1998,100.9375,100.9766006,100.875,100.875,5147
02/06/1998,100.9375,100.9452972,100.5625,100.8827972,1323
02/09/1998,100.9061966,100.9061966,100.8125,100.8516006,859
02/10/1998,100.8281021,100.8827972,100.8047028,100.8516006,1267
02/11/1998,100.8202972,100.9218979,100.8202972,100.8672028,2238
02/12/1998,100.8516006,100.9608994,100.8202972,100.8672028,2406
02/13/1998,100.8516006,100.9608994,100.7656021,100.9061966,2727
02/17/1998,101.0547028,101.0625,100.9922028,101.0233994,2505
02/18/1998,100.9531021,101,100.875,100.8906021,5647
02/19/1998,100.8672028,100.9061966,100.8125,100.8281021,2618
02/20/1998,100.8672028,100.8672028,100.8125,100.8358994,1725
02/23/1998,100.8983994,100.9608994,100.75,100.7577972,2918
02/24/1998,100.8125,100.9375,100.5391006,100.5625,21979
02/25/1998,100.5938034,100.6483994,100.5938034,100.6483994,5231
02/26/1998,100.6561966,100.7891006,100.5625,100.5938034,5864
02/27/1998,100.5781021,100.6172028,100.5,100.6172028,10642
03/02/1998,100.4141006,100.4141006,100.2968979,100.3047028,8601
03/03/1998,100.1875,100.2188034,100.0625,100.1172028,8601
03/04/1998,100.0781021,100.1641006,100.0077972,100.1093979,3284
03/05/1998,100.0938034,100.2108994,100.0858994,100.125,5993
03/06/1998,100.0938034,100.1797028,99.9688034,100.1483994,4385
03/09/1998,100.1483994,100.2343979,100.1327972,100.2188034,3941
03/10/1998,100.2188034,100.2343979,100.1875,100.2343979,3253
03/11/1998,100.25,100.3281021,100.2422028,100.2968979,2691
03/12/1998,100.3125,100.4061966,100.2656021,100.4061966,3911
03/13/1998,100.3516006,100.3593979,100.2422028,100.3281021,3027
03/16/1998,100.2968979,100.375,100.2811966,100.375,4545
03/17/1998,100.3516006,100.3983994,100.3202972,100.3358994,3701
03/18/1998,100.3281021,100.3358994,100.2811966,100.2968979,814
03/19/1998,100.25,100.2577972,100.1483994,100.2188034,2294
03/20/1998,100.2577972,100.2968979,100.2577972,100.2891006,889
03/23/1998,100.2188034,100.2577972,100.1875,100.2343979,3477
03/24/1998,100.3202972,100.3281021,100.2811966,100.3047028,4918
03/25/1998,100.3358994,100.375,100.1797028,100.2108994,2978
03/26/1998,100.2577972,100.2577972,100.1641006,100.1797028,2204
03/27/1998,100.1406021,100.1718979,100.0781021,100.0938034,3181
03/30/1998,100.1641006,100.2266006,100.0858994,100.125,5140
03/31/1998,100.2031021,100.3358994,100.2031021,100.3281021,2469
04/01/1998,100.6406021,100.7108994,100.6172028,100.7031021,3391
04/02/1998,100.5311966,100.6016006,100.5077972,100.5938034,7998
04/03/1998,100.7031021,100.7733994,100.6797028,100.7656021,3243
04/06/1998,100.6483994,100.7188034,100.625,100.7108994,1076
04/07/1998,100.6641006,100.7343979,100.6406021,100.7266006,1913
04/08/1998,100.5938034,100.6641006,100.5702972,100.6561966,1897
04/09/1998,100.6093979,100.6797028,100.5858994,100.6718979,1794
04/13/1998,100.4688034,100.5391006,100.4452972,100.5311966,1937
04/14/1998,100.4688034,100.5391006,100.4452972,100.5311966,1620
04/15/1998,100.5233994,100.5938034,100.5,100.5858994,924
04/16/1998,100.5468979,100.6172028,100.5233994,100.6093979,2147
04/17/1998,100.5156021,100.5858994,100.4922028,100.5781021,1056
04/20/1998,100.4375,100.5077972,100.4141006,100.5,1975
04/21/1998,100.3516006,100.4218979,100.3281021,100.4141006,1842
04/22/1998,100.4297028,100.5,100.4061966,100.4922028,1012
04/23/1998,100.3672028,100.4375,100.3438034,100.4297028,1715
04/24/1998,100.3983994,100.4688034,100.375,100.4608994,1111
04/27/1998,100.3906021,100.4141006,100.2422028,100.3047028,3704
04/28/1998,100.2577972,100.3281021,100.2422028,100.2422028,3681
04/29/1998,100.3358994,100.5625,100.3125,100.3281021,3155
04/30/1998,100.2108994,100.4608994,100.1718979,100.4608994,4666
05/01/1998,100.5233994,100.6016006,100.4766006,100.5,2278
05/04/1998,100.4688034,100.4922028,100.4297028,100.4608994,4138
05/05/1998,100.4531021,100.4766006,100.3983994,100.4297028,5088
05/06/1998,100.3827972,100.5,100.3358994,100.4922028,1967
05/07/1998,100.5,100.5468979,100.4608994,100.4922028,5949
05/08/1998,100.5156021,100.5311966,100.3827972,100.4531021,2107
05/11/1998,100.4922028,100.5,100.3906021,100.3906021,2210
05/12/1998,100.3593979,100.4766006,100.3516006,100.4688034,1732
05/13/1998,100.4608994,100.5468979,100.2422028,100.4843979,1626
05/14/1998,100.5077972,100.5156021,100.4297028,100.4375,3248
05/15/1998,100.4688034,100.4922028,100.4297028,100.4531021,2761
05/18/1998,100.4452972,100.5,100.3827972,100.4922028,2019
05/19/1998,100.4688034,100.4688034,100.3593979,100.4452972,3393
05/20/1998,100.4452972,100.5077972,100.4218979,100.4766006,5756
05/21/1998,100.4766006,100.4922028,100.3593979,100.3827972,15585
05/22/1998,100.375,100.3983994,100.3516006,100.3906021,1922
05/25/1998,100.375,100.5077972,100.3516006,100.3906021,0
05/26/1998,100.4452972,100.4608994,100.4297028,100.4531021,5548
05/27/1998,100.4297028,100.5468979,100.4141006,100.5,12867
05/28/1998,100.5391006,100.5468979,100.5,100.5156021,8333
05/29/1998,100.5547028,100.6172028,100.5547028,100.5858994,4103
06/01/1998,101.0938034,101.1327972,101.0547028,101.1093979,5088
06/02/1998,100.9061966,100.9061966,100.8281021,100.8593979,6659
06/03/1998,100.8983994,100.9141006,100.8516006,100.875,3201
06/04/1998,100.8125,100.8827972,100.7108994,100.7733994,4056
06/05/1998,100.7343979,100.7891006,100.5938034,100.7343979,6903
06/08/1998,100.7266006,100.7422028,100.6952972,100.7343979,5608
06/09/1998,100.7343979,100.7422028,100.7031021,100.7266006,3827
06/10/1998,100.75,100.8281021,100.75,100.8202972,6210
06/11/1998,100.9375,101.125,100.9375,101.125,5075
06/12/1998,101.0547028,101.1327972,100.9688034,101.0938034,6558
06/15/1998,101.0781021,101.1483994,101.0077972,101.1016006,4442
06/16/1998,101.1327972,101.1797028,100.9766006,100.9843979,5658
06/17/1998,100.9452972,100.9688034,100.7733994,100.8516006,3385
06/18/1998,100.8281021,100.8672028,100.7891006,100.8438034,3572
06/19/1998,100.8047028,100.8906021,100.7422028,100.8672028,1836
06/22/1998,100.9218979,100.9375,100.8827972,100.8906021,1129
06/23/1998,100.8438034,100.875,100.7968979,100.8358994,1971
06/24/1998,100.9452972,100.9843979,100.9218979,100.9375,1573
06/25/1998,101.0391006,101.1797028,100.9608994,101.0077972,2878
06/26/1998,100.9218979,100.9688034,100.875,100.9141006,2814
06/29/1998,100.8125,100.8281021,100.8047028,100.8125,3750
06/30/1998,100.9531021,101,100.8827972,101,3952
07/01/1998,101.3281021,101.4375,101.2968979,101.3906021,6521
07/02/1998,100.9452972,101.1172028,100.9375,101.0156021,3668
07/06/1998,101.0233994,101.0468979,101.0233994,101.0391006,750
07/07/1998,101.0391006,101.0391006,100.9688034,100.9922028,2827
07/08/1998,101.0077972,101.0391006,100.9608994,100.9843979,1361
07/09/1998,100.9608994,101.0547028,100.9608994,101.0468979,2290
07/10/1998,101.0625,101.0702972,101.0233994,101.0391006,1372
07/13/1998,101.0311966,101.0547028,100.9218979,100.9297028,2554
07/14/1998,100.9531021,101.0233994,100.9452972,100.9608994,2392
07/15/1998,100.9297028,100.9922028,100.9297028,100.9688034,2690
07/16/1998,101.0077972,101.0311966,100.9452972,100.9531021,2371
07/17/1998,100.9297028,100.9843979,100.9297028,100.9375,1207
07/20/1998,100.9061966,100.9688034,100.9061966,100.9608994,5383
07/21/1998,100.9688034,101.0156021,100.9061966,100.9531021,4195
07/22/1998,100.9452972,101.0547028,100.8358994,100.9141006,3356
07/23/1998,100.9531021,100.9608994,100.8906021,100.9297028,1309
07/24/1998,100.9531021,100.9608994,100.8358994,100.9297028,1343
07/27/1998,100.9531021,101.0077972,100.9531021,100.9766006,1085
07/28/1998,100.9297028,100.9688034,100.9061966,100.9375,3096
07/29/1998,100.9531021,100.9531021,100.875,100.8827972,2344
07/30/1998,100.8516006,100.9061966,100.7343979,100.8906021,3670
07/31/1998,100.9531021,101,100.9218979,100.9452972,2307
08/03/1998,100.8983994,100.9922028,100.8906021,100.9766006,2222
08/04/1998,100.9608994,101.0547028,100.8983994,101.0156021,3373
08/05/1998,101.0233994,101.0702972,100.9688034,101.0391006,5126
08/06/1998,101.0625,101.0938034,101.0468979,101.0858994,1764
08/07/1998,101.0233994,101.125,101.0077972,101.125,3699
08/10/1998,101.1483994,101.1641006,101.125,101.1327972,2791
08/11/1998,101.1327972,101.2891006,101.1172028,101.2108994,2319
08/12/1998,101.1952972,101.2031021,101.125,101.1797028,3574
08/13/1998,101.1797028,101.2188034,101.0858994,101.1016006,1667
08/14/1998,101.1406021,101.1952972,101.0858994,101.1718979,4594
08/17/1998,101.1172028,101.2188034,101.1093979,101.1561966,3672
08/18/1998,101.1641006,101.1718979,101.0781021,101.125,2940
08/19/1998,101.1641006,101.1641006,101.0858994,101.1561966,1059
08/20/1998,101.125,101.2343979,101.0858994,101.1561966,6360
08/21/1998,101.1797028,101.625,101.1797028,101.3125,2405
08/24/1998,101.4218979,101.4452972,101.3202972,101.375,8058
08/25/1998,101.3516006,101.4375,101.3358994,101.4218979,13345
08/26/1998,101.4218979,101.5156021,101.3906021,101.4843979,8121
08/27/1998,101.4922028,101.9218979,101.4922028,101.6483994,13470
08/28/1998,101.8125,101.8906021,101.4141006,101.8047028,13530
08/31/1998,101.9375,102.0233994,101.8358994,101.9375,8301
09/01/1998,102.3438034,102.375,102.0938034,102.1641006,5895
09/02/1998,102.0233994,102.0233994,101.8125,101.8983994,14920
09/03/1998,101.8983994,102.0547028,101.8983994,101.9766006,2900
09/04/1998,102.0311966,102.0311966,101.8672028,101.9843979,4279
09/08/1998,102,102.0311966,101.9061966,102.0077972,4949
09/09/1998,101.9688034,102.25,101.9061966,102.2343979,13692
09/10/1998,102.2577972,102.6483994,102.2188034,102.625,10174
09/11/1998,102.5625,102.8672028,102.3516006,102.4061966,7244
09/14/1998,102.5077972,102.5233994,102.2811966,102.3983994,6785
09/15/1998,102.25,102.3827972,102.1561966,102.1952972,5906
09/16/1998,102.2422028,102.3202972,102.1093979,102.25,8417
09/17/1998,102.2108994,102.5781021,102.0938034,102.3281021,5740
09/18/1998,102.2656021,102.4688034,102.2577972,102.4218979,4488
09/21/1998,102.5311966,102.6952972,102.2968979,102.375,5264
09/22/1998,102.4452972,102.4688034,102.3202972,102.375,2884
09/23/1998,102.3202972,102.5781021,102.2422028,102.4688034,1787
09/24/1998,102.5391006,102.7188034,102.4766006,102.6952972,3133
09/25/1998,102.7188034,102.8516006,102.5625,102.7108994,4124
09/28/1998,102.7188034,102.7343979,102.6797028,102.6875,1638
09/29/1998,102.7108994,102.7108994,102.4843979,102.6483994,5562
09/30/1998,102.6952972,102.9141006,102.6327972,102.8983994,5480
10/01/1998,103.0391006,103.1952972,102.8906021,103.1797028,3306
10/02/1998,103.5,103.6797028,103.2266006,103.2266006,5186
10/05/1998,103.2108994,103.5781021,102.7968979,103.3906021,4174
10/06/1998,103.2266006,103.3438034,103.1172028,103.2577972,3680
10/07/1998,102.9922028,103.1172028,102.8593979,103.0077972,5308
10/08/1998,102.8202972,103.1406021,102.6093979,102.6327972,11401
10/09/1998,103.1327972,103.2577972,102.8047028,102.8438034,10649
10/12/1998,103.2109985,103.5781021,102.6093979,102.8438034,119
10/13/1998,102.9375,103.0311966,102.8672028,103,5949
10/14/1998,103.0625,103.2031021,103.0468979,103.0858994,2533
10/15/1998,103.5702972,103.6016006,103.3827972,103.4452972,3519
10/16/1998,103.4452972,103.7031021,103.3358994,103.5468979,5173
10/19/1998,103.2733994,103.375,103.1641006,103.1797028,1001
10/20/1998,103.3672028,103.4297028,103.1561966,103.2343979,4294
10/21/1998,103.1483994,103.1952972,103.0547028,103.0858994,1747
10/22/1998,103,103.0468979,102.9375,102.9531021,2569
10/23/1998,103.0311966,103.0391006,102.8983994,102.9297028,3357
10/26/1998,102.8202972,102.9531021,102.6641006,102.8281021,3444
10/27/1998,102.9608994,103.1172028,102.9531021,103.1016006,2157
10/28/1998,103.1875,103.2031021,103.0781021,103.125,3143
10/29/1998,103.1952972,103.2266006,103.1483994,103.1797028,4732
10/30/1998,103.2422028,103.25,103.0156021,103.0311966,3379
11/02/1998,103.0391006,103.0391006,102.7577972,102.7656021,5184
11/03/1998,102.7188034,102.8358994,102.7031021,102.7577972,4564
11/04/1998,102.625,102.625,102.25,102.4141006,3420
11/05/1998,102.4141006,102.6016006,102.1561966,102.2577972,4777
11/06/1998,102.3047028,102.3047028,102.0311966,102.0938034,4647
11/09/1998,102.0625,102.1718979,102.0156021,102.1718979,4335
11/10/1998,102.2656021,102.3281021,102.1718979,102.2108994,3672
11/12/1998,102.3516006,102.4608994,102.3202972,102.375,2379
11/13/1998,102.4452972,102.4531021,102.2968979,102.3358994,1343
11/16/1998,102.2656021,102.3202972,102.2188034,102.2733994,2811
11/17/1998,102.1483994,102.3593979,102.0233994,102.125,5920
11/18/1998,102.1093979,102.2188034,102.0311966,102.0858994,7283
11/19/1998,102.1641006,102.1875,102.0468979,102.0625,8847
11/20/1998,102.0233994,102.1172028,102.0077972,102.0702972,3980
11/23/1998,102.1016006,102.1875,102.0858994,102.1327972,5926
11/24/1998,102.0156021,102.1016006,102.0156021,102.0156021,7111
11/25/1998,102.1172028,102.1641006,102.0781021,102.0938034,6265
11/27/1998,102.1327972,102.1483994,102.1172028,102.1406021,4498
11/30/1998,102.1327972,102.2891006,102.0702972,102.2733994,4192
12/01/1998,102.3593979,102.4843979,102.2422028,102.4141006,4631
12/02/1998,102.4375,102.6875,102.3906021,102.5547028,4359
12/03/1998,102.5781021,102.6718979,102.4608994,102.5311966,3683
12/04/1998,102.5547028,102.5938034,102.2577972,102.3438034,3813
12/07/1998,102.3906021,102.5311966,102.1561966,102.1641006,2814
12/08/1998,102.3906021,102.5311966,102.1561966,102.1641006,3286
12/09/1998,102.3358994,102.3827972,102.2968979,102.3593979,1394
12/10/1998,102.4766006,102.5938034,102.4061966,102.5391006,2520
12/11/1998,102.5547028,102.5858994,102.375,102.4218979,2464
12/14/1998,102.5311966,102.5858994,102.4608994,102.5391006,494
12/15/1998,102.5077972,102.5547028,102.4297028,102.4375,3836
12/16/1998,102.3047028,102.5,102.2891006,102.4375,5147
12/17/1998,102.4375,102.4922028,102.375,102.4218979,2560
12/18/1998,102.3672028,102.3827972,102.2891006,102.3202972,1328
12/21/1998,102.3125,102.3593979,102.1327972,102.1875,1669
12/22/1998,102.0233994,102.125,102.0156021,102.0858994,2060
12/23/1998,102.2108994,102.2577972,101.9218979,101.9218979,2011
12/24/1998,101.9608994,102.2811966,101.75,101.8281021,1825
12/28/1998,101.8672028,101.9843979,101.8438034,101.9843979,510
12/29/1998,101.9218979,102.1016006,101.8983994,102.0781021,2194
12/30/1998,102.125,102.1483994,102.0311966,102.1483994,1887
12/31/1998,102.4608994,102.5156021,102.4218979,102.4843979,3361
01/04/1999,102.4608994,102.4922028,102.3047028,102.4297028,3037
01/05/1999,102.0781021,102.1093979,101.9218979,102.0468979,3568
01/06/1999,102.2108994,102.2422028,102.0547028,102.1797028,4251
01/07/1999,102.1561966,102.1875,102,102.125,2022
01/08/1999,102.2108994,102.2422028,102.0547028,102.1797028,4023
01/11/1999,102.0938034,102.125,101.9375,102.0625,4740
01/12/1999,102.2733994,102.3047028,102.1172028,102.2422028,4141
01/13/1999,102.4297028,102.4608994,102.2733994,102.3983994,7724
01/14/1999,102.5547028,102.5858994,102.3983994,102.5233994,3126
01/15/1999,102.3358994,102.3672028,102.1797028,102.3047028,3329
01/19/1999,102.25,102.2811966,102.0938034,102.2188034,3735
01/20/1999,102.1483994,102.1797028,101.9922028,102.1172028,5079
01/21/1999,102.2343979,102.2656021,102.0781021,102.2031021,1289
01/22/1999,102.3125,102.3438034,102.1561966,102.2811966,1951
01/25/1999,102.3672028,102.4297028,102.3202972,102.3358994,199
01/26/1999,102.3672028,102.3672028,102.25,102.2656021,894
01/27/1999,102.2108994,102.3438034,102.1797028,102.2733994,1775
01/28/1999,102.2968979,102.4061966,102.2733994,102.3281021,1505
01/29/1999,102.2031021,102.2733994,102.125,102.2656021,4116
02/01/1999,102.2733994,102.3438034,102.1327972,102.1561966,3484
02/02/1999,102.1016006,102.1406021,102.0391006,102.0391006,3395
02/03/1999,102.0156021,102.0858994,101.9531021,102.0156021,1601
02/04/1999,102.1718979,102.2188034,102.0391006,102.0938034,1823
02/05/1999,102.1483994,102.2108994,102.0156021,102.0468979,1979
02/08/1999,102,102.1093979,101.9922028,102.0625,669
02/09/1999,102.0938034,102.1641006,102.0625,102.0781021,2104
02/10/1999,102.1172028,102.1952972,102.0311966,102.1016006,5568
02/11/1999,102.0311966,102.0702972,102.0077972,102.0547028,452
02/12/1999,101.9843979,102.0938034,101.8125,101.8672028,2237
02/16/1999,101.9141006,102.2577972,101.7811966,101.875,3204
02/17/1999,101.8358994,101.9452972,101.8202972,101.9218979,1015
02/18/1999,101.9141006,101.9141006,101.8202972,101.8438034,2513
02/19/1999,101.7968979,101.9141006,101.75,101.8125,7183
02/22/1999,101.7656021,101.8983994,101.7577972,101.8906021,7079
02/23/1999,101.8906021,101.9297028,101.7108994,101.7343979,8022
02/24/1999,101.7811966,101.8358994,101.6406021,101.6561966,7970
02/25/1999,101.7031021,101.7577972,101.4297028,101.5391006,16424
02/26/1999,101.5156021,101.7266006,101.4531021,101.5391006,2383
03/01/1999,101.2733994,101.2733994,101.0781021,101.1561966,3033
03/02/1999,101.1875,101.3202972,101.1561966,101.2031021,5651
03/03/1999,101.2343979,101.2811966,101.1093979,101.1641006,1802
03/04/1999,101.1641006,101.2266006,101.0858994,101.1327972,1432
03/05/1999,101.1718979,101.5233994,101.1561966,101.2811966,2730
03/08/1999,101.3202972,101.3906021,101.2968979,101.3358994,1482
03/09/1999,101.3047028,101.5468979,101.2733994,101.5156021,1944
03/10/1999,101.5233994,101.5547028,101.4218979,101.4766006,2542
03/11/1999,101.4297028,101.4843979,101.375,101.4452972,3334
03/12/1999,101.4608994,101.5391006,101.4297028,101.5311966,1700
03/15/1999,101.5468979,101.625,101.4922028,101.5781021,2020
03/16/1999,101.5625,101.6172028,101.4766006,101.5938034,2240
03/17/1999,101.6172028,101.6483994,101.5233994,101.5311966,1909
03/18/1999,101.5077972,101.5858994,101.5077972,101.5468979,1239
03/19/1999,101.5468979,101.5858994,101.4608994,101.4688034,2668
03/22/1999,101.4688034,101.4766006,101.3827972,101.3983994,415
03/23/1999,101.5311966,101.5311966,101.5311966,101.5311966,1803
03/24/1999,101.6483994,101.75,101.6172028,101.6406021,3086
03/25/1999,101.6327972,101.6561966,101.5156021,101.5311966,1151
03/26/1999,101.5547028,101.6875,101.5233994,101.5702972,1544
03/29/1999,101.625,101.625,101.5156021,101.5547028,1900
03/30/1999,101.6093979,101.7108994,101.5858994,101.7031021,1088
03/31/1999,101.7891006,101.8047028,101.6172028,101.7188034,2766
04/01/1999,101.7422028,101.7733994,101.6172028,101.6952972,2487
04/02/1999,101.6406021,101.8125,101.6406021,101.7891006,939
04/05/1999,101.6718979,101.6875,101.625,101.6641006,1006
04/06/1999,101.6641006,101.7266006,101.6016006,101.6797028,2548
04/07/1999,101.7968979,101.7968979,101.7108994,101.7266006,2837
04/08/1999,101.7188034,101.8516006,101.6641006,101.8281021,3841
04/09/1999,101.7811966,101.8516006,101.7422028,101.7968979,1696
04/12/1999,101.7891006,101.8281021,101.7108994,101.7108994,3241
04/13/1999,101.7188034,101.7891006,101.6641006,101.7031021,2386
04/14/1999,101.7031021,101.7343979,101.6875,101.6952972,1548
04/15/1999,101.7343979,101.75,101.6718979,101.7108994,5605
04/16/1999,101.6327972,101.6327972,101.5233994,101.5625,7067
04/19/1999,101.5156021,101.6016006,101.4766006,101.6016006,4075
04/20/1999,101.6797028,101.7266006,101.6483994,101.6718979,2796
04/21/1999,101.6483994,101.6718979,101.5781021,101.5938034,1936
04/22/1999,101.6093979,101.6093979,101.4766006,101.4922028,4130
04/23/1999,101.4843979,101.5233994,101.4608994,101.5,1431
04/26/1999,101.5156021,101.5468979,101.4297028,101.5391006,729
04/27/1999,101.5547028,101.5702972,101.5077972,101.5468979,1202
04/28/1999,101.625,101.6718979,101.5625,101.5858994,1564
04/29/1999,101.6093979,101.7891006,101.6093979,101.7266006,5590
04/30/1999,101.7891006,101.8358994,101.4843979,101.5311966,3359
05/03/1999,101.4766006,101.5468979,101.4218979,101.5,1167
05/04/1999,101.5077972,101.5391006,101.4141006,101.4297028,5505
05/05/1999,101.4608994,101.5,101.4141006,101.4688034,1433
05/06/1999,101.4843979,101.5233994,101.2811966,101.3125,5098
05/07/1999,101.3125,101.4297028,101.2811966,101.3047028,4505
05/10/1999,101.3438034,101.4141006,101.2733994,101.3827972,2459
05/11/1999,101.4375,101.4375,101.2968979,101.3202972,2829
05/12/1999,101.3125,101.3827972,101.2031021,101.3281021,2464
05/13/1999,101.3202972,101.4766006,101.3202972,101.4531021,2143
05/14/1999,101.4375,101.4531021,101.0858994,101.1483994,3624
05/17/1999,101.1483994,101.1797028,101.1093979,101.1718979,3192
05/18/1999,101.0625,101.2188034,100.9843979,101.0311966,2633
05/19/1999,100.9375,101,100.9061966,100.9922028,3432
05/20/1999,101.0858994,101.1093979,101.0156021,101.0702972,1788
05/21/1999,101.0625,101.25,101.0625,101.1797028,3367
05/24/1999,101.2188034,101.2343979,101.1093979,101.2031021,4504
05/25/1999,101.2422028,101.2656021,101.1483994,101.1952972,7429
05/26/1999,101.2577972,101.2577972,101.1093979,101.125,12934
05/27/1999,101.1172028,101.125,100.9297028,100.9688034,11972
05/28/1999,101,101,100.8906021,100.9843979,6783
06/01/1999,100.75,100.75,100.4297028,100.5156021,5460
06/02/1999,100.4922028,100.5156021,100.3358994,100.4452972,6228
06/03/1999,100.4297028,100.5077972,100.4061966,100.4452972,3509
06/04/1999,100.4843979,100.5625,100.3983994,100.4452972,1740
06/07/1999,100.3672028,100.5,100.3672028,100.4297028,2212
06/08/1999,100.4375,100.4922028,100.4061966,100.4141006,2328
06/09/1999,100.3672028,100.4375,100.2811966,100.3516006,3744
06/10/1999,100.3125,100.3202972,100.1561966,100.2733994,2700
06/11/1999,100.2811966,100.3672028,100.1561966,100.1952972,4135
06/14/1999,100.3125,100.375,100.2811966,100.3281021,1312
06/15/1999,100.2733994,100.375,100.2733994,100.2891006,2534
06/16/1999,100.3281021,100.5077972,100.2968979,100.4218979,2869
06/17/1999,100.3438034,100.5781021,100.3202972,100.5702972,4109
06/18/1999,100.5781021,100.5858994,100.4375,100.4452972,3215
06/21/1999,100.4843979,100.4843979,100.2968979,100.3672028,5295
06/22/1999,100.4141006,100.4141006,100.2733994,100.3047028,2000
06/23/1999,100.2891006,100.2891006,100.1172028,100.2031021,1418
06/24/1999,100.1797028,100.2811966,100.1093979,100.1561966,2307
06/25/1999,100.2733994,100.3672028,100.2108994,100.2968979,3804
06/28/1999,100.3125,100.3906021,100.25,100.3672028,2406
06/29/1999,100.2733994,100.3358994,100.2108994,100.2968979,2673
06/30/1999,100.7188034,100.7188034,100.2656021,100.6875,8130
07/01/1999,100.8202972,100.8202972,100.6875,100.8125,4865
07/02/1999,100.5625,100.5625,100.5547028,100.5625,2638
07/06/1999,100.6016006,100.6016006,100.375,100.4608994,566
07/07/1999,100.4218979,100.4452972,100.3983994,100.4375,1606
07/08/1999,100.4766006,100.5468979,100.3906021,100.5311966,1409
07/09/1999,100.5311966,100.5547028,100.5311966,100.5311966,2475
07/12/1999,100.4688034,100.7266006,100.4688034,100.6718979,2109
07/13/1999,100.6641006,100.8202972,100.6641006,100.7108994,3004
07/14/1999,100.75,100.7733994,100.6406021,100.6561966,1357
07/15/1999,100.6483994,100.7733994,100.6327972,100.6797028,1637
07/16/1999,100.5625,100.6952972,100.5625,100.6875,507
07/19/1999,100.7733994,100.8358994,100.7733994,100.8202972,758
07/20/1999,100.7811966,100.8827972,100.7266006,100.875,1471
07/21/1999,100.8827972,100.8906021,100.7811966,100.8516006,2128
07/22/1999,100.8827972,100.9922028,100.6718979,100.75,3383
07/23/1999,100.7031021,100.7188034,100.5781021,100.6327972,3173
07/26/1999,100.625,100.625,100.5311966,100.5858994,1205
07/27/1999,100.625,100.7031021,100.625,100.6875,1384
07/28/1999,100.7108994,100.7188034,100.6718979,100.6952972,1980
07/29/1999,100.7108994,100.7108994,100.4061966,100.5938034,3107
07/30/1999,100.6406021,100.6406021,100.5077972,100.5781021,3440
08/02/1999,100.4766006,100.5391006,100.3516006,100.5,1302
08/03/1999,100.5156021,100.5468979,100.4531021,100.4922028,838
08/04/1999,100.4688034,100.5547028,100.4375,100.5077972,3612
08/05/1999,100.5311966,100.7188034,100.5,100.6797028,6107
08/06/1999,100.6327972,100.6952972,100.2968979,100.375,1534
08/09/1999,100.3672028,100.3672028,100.2188034,100.2422028,3011
08/10/1999,100.2422028,100.3516006,100.1641006,100.25,2052
08/11/1999,100.2266006,100.2891006,100.1797028,100.2891006,2564
08/12/1999,100.4061966,100.4061966,100.2577972,100.2811966,2975
08/13/1999,100.25,100.4531021,100.2422028,100.4297028,1085
08/16/1999,100.4297028,100.4297028,100.2968979,100.3593979,5207
08/17/1999,100.3672028,100.4922028,100.3125,100.4688034,3272
08/18/1999,100.4141006,100.5233994,100.3983994,100.5156021,1543
08/19/1999,100.5468979,100.6093979,100.4531021,100.5156021,6632
08/20/1999,100.5391006,100.5625,100.4922028,100.5547028,2574
08/23/1999,100.6016006,100.6016006,100.5311966,100.5391006,1827
08/24/1999,100.4297028,100.6327972,100.375,100.5625,6608
08/25/1999,100.6797028,100.7968979,100.6561966,100.7891006,10710
08/26/1999,100.8202972,100.8202972,100.6952972,100.7577972,9301
08/27/1999,100.6952972,100.6952972,100.5547028,100.5858994,10756
08/30/1999,100.6093979,100.6093979,100.4297028,100.4688034,4856
08/31/1999,100.4297028,100.4922028,100.3202972,100.4061966,3113
09/01/1999,100.3281021,100.375,100.2968979,100.3281021,2039
09/02/1999,100.3516006,100.3672028,100.2422028,100.3125,5744
09/03/1999,100.25,100.5311966,100.2266006,100.4531021,2980
09/07/1999,100.5391006,100.5391006,100.4297028,100.4452972,2656
09/08/1999,100.4297028,100.4922028,100.375,100.4608994,3592
09/09/1999,100.4218979,100.4218979,100.2968979,100.3672028,3966
09/10/1999,100.3438034,100.5077972,100.3125,100.4843979,4320
09/13/1999,100.4922028,100.4922028,100.4375,100.4688034,1384
09/14/1999,100.4766006,100.5233994,100.3827972,100.4061966,6111
09/15/1999,100.3516006,100.5156021,100.3516006,100.4452972,1244
09/16/1999,100.4218979,100.5391006,100.4218979,100.5077972,2068
09/17/1999,100.5702972,100.5702972,100.4766006,100.4922028,1353
09/20/1999,100.4843979,100.5,100.375,100.3906021,746
09/21/1999,100.4452972,100.4452972,100.3516006,100.4218979,1188
09/22/1999,100.4218979,100.4531021,100.4218979,100.4452972,308
09/23/1999,100.4766006,100.5702972,100.4608994,100.5547028,1629
09/24/1999,100.7343979,100.7343979,100.5858994,100.7031021,2663
09/27/1999,100.75,100.8047028,100.5468979,100.6016006,2181
09/28/1999,100.6016006,100.6327972,100.4922028,100.5391006,1455
09/29/1999,100.6483994,100.6483994,100.5077972,100.5233994,2458
09/30/1999,100.4766006,100.6016006,100.4218979,100.5858994,3338
10/01/1999,100.4608994,100.4608994,100.2891006,100.3281021,2441
10/04/1999,100.3281021,100.3906021,100.3125,100.3827972,1352
10/05/1999,100.4297028,100.4531021,100.2108994,100.25,1502
10/06/1999,100.2031021,100.2343979,100.1406021,100.1483994,1349
10/07/1999,100.1483994,100.2266006,100.1093979,100.1875,2223
10/08/1999,100.1641006,100.3358994,100.0938034,100.1952972,438
10/12/1999,100.1875,100.1875,100.125,100.1797028,3272
10/13/1999,100.2266006,100.2343979,100.0938034,100.1016006,1816
10/14/1999,100.1327972,100.1406021,100.0156021,100.0468979,2275
10/15/1999,100.0468979,100.2343979,99.8358994,100.1952972,1972
10/18/1999,100.1875,100.2108994,100.125,100.1483994,4619
10/19/1999,100.0781021,100.1797028,100,100.0156021,1726
10/20/1999,99.9531021,100,99.9218979,99.9766006,1502
10/21/1999,100.0311966,100.0858994,99.9766006,99.9922028,1330
10/22/1999,99.9922028,100,99.8983994,99.9375,1540
10/25/1999,99.9141006,99.9452972,99.875,99.9375,2197
10/26/1999,99.9218979,99.9531021,99.8516006,99.875,1306
10/27/1999,100,100.0311966,99.9531021,100.0233994,4877
10/28/1999,100.0781021,100.1952972,100.0781021,100.1641006,812
10/29/1999,100.1718979,100.2577972,100.1561966,100.25,3318
11/01/1999,100.2343979,100.25,100.1718979,100.2266006,782
11/02/1999,100.2108994,100.2656021,100.1641006,100.2422028,1106
11/03/1999,100.2188034,100.3438034,100.2108994,100.2891006,1177
11/04/1999,100.3125,100.4375,100.3047028,100.3827972,2394
11/05/1999,100.3047028,100.4922028,100.2968979,100.4141006,4032
11/08/1999,100.4061966,100.4218979,100.3827972,100.4061966,746
11/09/1999,100.3438034,100.3438034,100.2891006,100.3358994,1943
11/10/1999,100.3593979,100.3906021,100.2031021,100.2733994,1541
11/12/1999,100.3827972,100.4297028,100.3202972,100.3827972,1057
11/15/1999,100.3906021,100.4141006,100.3593979,100.4061966,2718
11/16/1999,100.3593979,100.4531021,100.2108994,100.25,1785
11/17/1999,100.1952972,100.2266006,100.1483994,100.1561966,1724
11/18/1999,100.1483994,100.1718979,100.1172028,100.1561966,1785
11/19/1999,100.1641006,100.1718979,100.1093979,100.125,817
11/22/1999,100.0781021,100.0938034,100.0547028,100.0858994,9761
11/23/1999,100.0781021,100.1406021,100.0781021,100.125,10940
11/24/1999,100.0547028,100.0702972,100.0233994,100.0702972,10663
11/26/1999,100.0468979,100.0625,100.0077972,100.0077972,5817
11/29/1999,100.0391006,100.0391006,99.8983994,99.9141006,10527
11/30/1999,99.8672028,99.9608994,99.8672028,99.9531021,3858
12/01/1999,99.6483994,99.7188034,99.6093979,99.6718979,4264
12/02/1999,99.6797028,99.6875,99.625,99.6327972,3407
12/03/1999,99.625,99.8202972,99.625,99.7891006,5761
12/06/1999,99.8125,99.8593979,99.8125,99.8202972,3956
12/07/1999,99.8281021,99.8906021,99.8281021,99.875,4765
12/08/1999,99.875,99.875,99.8125,99.8125,1779
12/09/1999,99.8438034,99.875,99.8281021,99.8593979,3003
12/10/1999,99.8438034,99.9452972,99.8438034,99.9452972,1443
12/13/1999,99.9218979,99.9297028,99.8827972,99.8827972,1200
12/14/1999,99.8438034,99.8438034,99.6406021,99.6561966,2229
12/15/1999,99.6406021,99.6797028,99.5702972,99.5781021,1509
12/16/1999,99.5311966,99.5781021,99.4452972,99.4608994,1746
12/17/1999,99.4688034,99.5311966,99.4218979,99.4452972,1103
12/20/1999,99.4608994,99.4688034,99.375,99.3827972,1612
12/21/1999,99.4218979,99.5938034,99.3516006,99.3593979,882
12/22/1999,99.3593979,99.3672028,99.3281021,99.3438034,1469
12/23/1999,99.375,99.4375,99.3281021,99.3358994,640
12/27/1999,99.3593979,99.4218979,99.3281021,99.3906021,468
12/28/1999,99.3906021,99.3983994,99.3438034,99.3438034,185
12/29/1999,99.375,99.4141006,99.375,99.4061966,838
12/30/1999,99.4218979,99.4688034,99.4061966,99.4375,1322
12/31/1999,99.4297028,99.4297028,99.2577972,99.3047028,200
01/03/2000,99.1406021,99.1718979,99.0547028,99.0858994,1932
01/04/2000,99.1561966,99.2968979,99.1093979,99.2108994,1845
01/05/2000,99.1641006,99.25,99.0468979,99.0781021,3663
01/06/2000,99.1327972,99.1718979,99.0938034,99.1483994,2542
01/07/2000,99.1561966,99.2266006,99.0625,99.2188034,1012
01/10/2000,99.1406021,99.1406021,99.0858994,99.1093979,568
01/11/2000,99.0468979,99.0468979,98.9452972,98.9608994,2915
01/12/2000,98.9375,98.9766006,98.8906021,98.8983994,2392
01/13/2000,98.9452972,99.0625,98.9061966,99.0547028,3343
01/14/2000,99.0311966,99.1561966,98.9375,98.9688034,1920
01/18/2000,98.9375,98.9375,98.8358994,98.8983994,2319
01/19/2000,98.9375,98.9688034,98.9061966,98.9531021,1575
01/20/2000,98.8593979,98.9688034,98.8438034,98.9061966,3757
01/21/2000,98.8906021,98.9218979,98.7968979,98.9141006,4379
01/24/2000,98.9375,99.0311966,98.9061966,99.0233994,1574
01/25/2000,99.0233994,99.0625,98.9843979,99,1119
01/26/2000,99.0156021,99.0311966,98.9297028,98.9608994,2635
01/27/2000,98.9452972,98.9452972,98.7733994,98.8438034,4472
01/28/2000,98.7733994,98.875,98.5468979,98.7266006,4381
01/31/2000,98.6016006,98.75,98.5938034,98.625,1907
02/01/2000,98.6875,98.75,98.625,98.6718979,3808
02/02/2000,98.6641006,98.75,98.5625,98.6172028,3116
02/03/2000,98.625,99.0781021,98.5938034,98.75,9045
02/04/2000,98.7968979,98.8125,98.5938034,98.6093979,2214
02/07/2000,98.5391006,98.5938034,98.4766006,98.4922028,1406
02/08/2000,98.5311966,98.5938034,98.5,98.5077972,2891
02/09/2000,98.4922028,98.5311966,98.4061966,98.5233994,3592
02/10/2000,98.5625,98.6406021,98.4688034,98.5391006,4424
02/11/2000,98.5702972,98.6172028,98.5233994,98.6016006,2045
02/14/2000,98.6093979,98.7266006,98.6093979,98.7188034,2533
02/15/2000,98.6641006,98.7108994,98.625,98.6718979,3283
02/16/2000,98.6561966,98.6952972,98.625,98.6797028,2458
02/17/2000,98.6875,98.7968979,98.5391006,98.5781021,4474
02/18/2000,98.5781021,98.6561966,98.5468979,98.6561966,6078
02/22/2000,98.7188034,98.9061966,98.7031021,98.8906021,10839
02/23/2000,98.7811966,98.8125,98.6797028,98.7031021,8510
02/24/2000,98.75,98.8527985,98.75,98.9297028,9831
02/25/2000,98.875,99.0781021,98.8516006,99.0702972,12159
02/28/2000,99.0702972,99.0781021,98.9061966,98.9141006,11093
02/29/2000,98.9218979,98.9452972,98.8438034,98.8983994,5349
03/01/2000,98.7343979,98.7811966,98.7031021,98.7422028,4061
03/02/2000,98.7188034,98.7656021,98.7031021,98.7188034,4468
03/03/2000,98.6875,98.875,98.6561966,98.7811966,4256
03/06/2000,98.7422028,98.7577972,98.6406021,98.6797028,3607
03/07/2000,98.625,98.8202972,98.5625,98.7891006,5873
03/08/2000,98.75,98.8125,98.7108994,98.7733994,3326
03/09/2000,98.8125,98.875,98.7968979,98.8202972,4138
03/10/2000,98.75,98.7733994,98.7031021,98.7343979,1754
03/13/2000,98.8438034,98.8983994,98.7422028,98.7733994,1944
03/14/2000,98.7188034,98.875,98.6483994,98.875,2436
03/15/2000,98.8438034,98.9688034,98.7968979,98.875,2349
03/16/2000,98.8593979,98.9297028,98.8281021,98.9218979,2541
03/17/2000,98.8827972,98.9688034,98.8593979,98.9218979,1462
03/20/2000,98.875,98.9061966,98.8202972,98.8983994,1350
03/21/2000,98.9061966,98.9531021,98.8672028,98.9061966,4935
03/22/2000,98.9531021,98.9843979,98.9218979,98.9375,1351
03/23/2000,99.0625,99.0938034,98.8593979,98.9061966,4746
03/24/2000,98.8281021,98.8281021,98.6875,98.7031021,2564
03/27/2000,98.6093979,98.6952972,98.6093979,98.6875,2102
03/28/2000,98.7031021,98.8125,98.6797028,98.7266006,1615
03/29/2000,98.7656021,98.7811966,98.6875,98.7733994,1865
03/30/2000,98.9375,98.9688034,98.8125,98.9608994,3675
03/31/2000,98.9218979,99.0625,98.8593979,98.9843979,4515
04/03/2000,99.0156021,99.0625,98.9375,99.0625,2843
04/04/2000,99.0311966,99.7031021,99.0077972,99.4375,5074
04/05/2000,99.4218979,99.6561966,99.2811966,99.3281021,7270
04/06/2000,99.2811966,99.2811966,99.125,99.2266006,3939
04/07/2000,99.1016006,99.2577972,99.0938034,99.25,4359
04/10/2000,99.25,99.375,99.2188034,99.3672028,2365
04/11/2000,99.3906021,99.5625,99.2188034,99.2733994,7815
04/12/2000,99.2108994,99.2891006,99.1093979,99.1875,3475
04/13/2000,99.1561966,99.3125,99.0156021,99.2656021,3585
04/14/2000,99.2188034,99.4061966,99.0938034,99.3827972,3407
04/17/2000,99.3593979,99.4688034,99.3202972,99.3281021,3244
04/18/2000,99.3125,99.3593979,99.2422028,99.3281021,2772
04/19/2000,99.2811966,99.375,99.25,99.3672028,3105
04/20/2000,99.3202972,99.3358994,99.2108994,99.2811966,1842
04/24/2000,99.3358994,99.375,99.2577972,99.2733994,799
04/25/2000,99.1875,99.1875,99.0391006,99.0547028,1767
04/26/2000,99.0156021,99.0468979,98.9531021,98.9922028,1853
04/27/2000,98.9375,98.9608994,98.6875,98.7031021,8635
04/28/2000,98.625,98.7031021,98.5625,98.6172028,6238
05/01/2000,98.5625,98.6641006,98.5625,98.6172028,1558
05/02/2000,98.5781021,98.6483994,98.5625,98.5781021,2966
05/03/2000,98.5468979,98.6561966,98.5,98.5468979,957
05/04/2000,98.4843979,98.6172028,98.4688034,98.5,4783
05/05/2000,98.5547028,98.5781021,98.3281021,98.375,3560
05/08/2000,98.4061966,98.4375,98.3281021,98.3281021,2022
05/09/2000,98.3593979,98.4061966,98.2811966,98.3516006,6566
05/10/2000,98.375,98.5156021,98.3593979,98.4452972,2440
05/11/2000,98.4766006,98.5625,98.375,98.4531021,1112
05/12/2000,98.4375,98.4531021,98.2343979,98.3047028,4047
05/15/2000,98.3202972,98.3593979,98.3047028,98.3593979,2824
05/16/2000,98.3906021,98.4688034,98.3125,98.3516006,4878
05/17/2000,98.2891006,98.3593979,98.1875,98.3281021,3008
05/18/2000,98.3202972,98.3438034,98.2108994,98.2343979,2925
05/19/2000,98.3438034,98.4218979,98.3358994,98.3906021,5419
05/22/2000,98.4061966,98.5547028,98.4061966,98.5,6742
05/23/2000,98.4218979,98.4531021,98.3593979,98.4452972,4416
05/24/2000,98.4297028,98.5391006,98.4297028,98.4375,13027
05/25/2000,98.3593979,98.5781021,98.3125,98.5702972,9690
05/26/2000,98.5077972,98.6483994,98.5,98.6406021,7736
05/30/2000,98.6016006,98.6016006,98.4843979,98.4922028,9040
05/31/2000,98.4843979,98.6093979,98.4843979,98.5702972,6352
06/01/2000,98.4608994,98.7188034,98.4531021,99,8674
06/02/2000,98.6797028,99.125,98.6561966,99,11388
06/05/2000,98.8672028,98.9141006,98.8125,99,5052
06/06/2000,98.8516006,98.8906021,98.7891006,99,3289
06/07/2000,98.8438034,98.8906021,98.8125,99,5434
06/08/2000,98.8281021,98.875,98.75,99,1421
06/09/2000,98.8202972,98.8438034,98.7891006,99,3683
06/12/2000,98.8125,99.0077972,98.8047028,99,1083
06/13/2000,98.8593979,99.0156021,98.8593979,99,3592
06/14/2000,98.9688034,99.0702972,98.9531021,99,5235
06/15/2000,99.0547028,99.0858994,98.9843979,99,4395
06/16/2000,99.0391006,99.2188034,99.0391006,99,1412
06/19/2000,99.1875,99.1875,99.1406021,99,648
06/20/2000,99.1483994,99.1483994,99.0781021,99,1714
06/21/2000,99.0391006,99.0391006,98.9297028,99,1538
06/22/2000,98.9375,99.0311966,98.9218979,99,1287
06/23/2000,98.9766006,98.9922028,98.8358994,99,2657
06/26/2000,98.8593979,99.0156021,98.8516006,99,660
06/27/2000,98.9922028,99,98.9218979,99,3565
06/28/2000,98.9766006,99.0156021,98.8983994,99,4014
06/29/2000,99.0311966,99.2031021,99.0311966,99,3892
06/30/2000,99.1718979,99.2108994,99.1561966,99,4059
07/03/2000,99.1718979,99.3438034,99.125,99,1521
07/05/2000,99.3906021,99.4531021,99.3438034,99,3752
07/06/2000,99.3202972,99.3281021,99.2422028,99,2053
07/07/2000,99.3047028,99.5156021,99.2891006,99,2660
07/10/2000,99.3047028,99.3438034,99.2656021,99,1452
07/11/2000,99.2968979,99.3593979,99.2656021,99,524
07/12/2000,99.3125,99.3202972,99.2577972,99,4294
07/13/2000,99.3047028,99.3906021,99.3047028,99,1046
07/14/2000,99.3827972,99.5311966,99.1641006,99,3496
07/17/2000,99.1797028,99.1875,99.0311966,99,2191
07/18/2000,99.0702972,99.1327972,99.0547028,99,2136
07/19/2000,99.0468979,99.0938034,99.0311966,99,2615
07/20/2000,99.0391006,99.3593979,99.0311966,99,1496
07/21/2000,99.3438034,99.3906021,99.2968979,99,850
07/24/2000,99.3125,99.3202972,99.2656021,99,940
07/25/2000,99.3202972,99.3358994,99.2968979,99,1804
07/26/2000,99.3047028,99.375,99.3047028,99,1103
07/27/2000,99.3593979,99.4375,99.2656021,99,5735
07/28/2000,99.3906021,99.3983994,99.25,99,2499
07/31/2000,99.3125,99.3593979,99.2968979,99,2661
08/01/2000,99.3593979,99.4218979,99.3593979,99,972
08/02/2000,99.4141006,99.4843979,99.4061966,99,490
08/03/2000,99.5156021,99.5702972,99.4922028,100,2600
08/04/2000,99.5077972,99.7031021,99.5077972,100,3790
08/07/2000,99.6483994,99.6483994,99.5625,100,672
08/08/2000,99.5625,99.6406021,99.5391006,100,2372
08/09/2000,99.6093979,99.625,99.5311966,100,1855
08/10/2000,99.5938034,99.6641006,99.5858994,100,4723
08/11/2000,99.6406021,99.6875,99.4688034,99,3573
08/14/2000,99.4922028,99.5077972,99.4531021,100,827
08/15/2000,99.4531021,99.4531021,99.4061966,99,3072
08/16/2000,99.4061966,99.4218979,99.3438034,99,2889
08/17/2000,99.4061966,99.4375,99.3827972,99,1748
08/18/2000,99.3906021,99.4688034,99.3827972,99,6282
08/21/2000,99.4218979,99.4531021,99.3983994,99,9741
08/22/2000,99.4375,99.4922028,99.4375,99,4433
08/23/2000,99.5,99.5781021,99.5,100,5739
08/24/2000,99.5938034,99.6406021,99.5781021,100,13644
08/25/2000,99.5858994,99.6561966,99.5625,100,3555
08/28/2000,99.5938034,99.6016006,99.5,100,8529
08/29/2000,99.5391006,99.5391006,99.4766006,99,10916
08/30/2000,99.4608994,99.5233994,99.4452972,100,12928
08/31/2000,99.5311966,99.6718979,99.5233994,100,6821
09/01/2000,99.7811966,99.9375,99.7811966,99.9141006,11866
09/05/2000,99.8906021,99.9218979,99.8593979,99.9141006,5649
09/06/2000,99.875,99.8906021,99.8438034,99.8593979,4761
09/07/2000,99.8202972,99.875,99.7968979,99.8125,2885
09/08/2000,99.8438034,99.8983994,99.8438034,99.8672028,4833
09/11/2000,99.8516006,99.8516006,99.7811966,99.8281021,3260
09/12/2000,99.8358994,99.8593979,99.7968979,99.8202972,4526
09/13/2000,99.8516006,99.9375,99.8438034,99.9218979,3089
09/14/2000,99.9531021,100,99.8438034,99.8983994,3242
09/15/2000,99.9297028,100.0311966,99.875,99.9688034,7052
09/18/2000,99.9375,100.0781021,99.9375,100.0391006,6236
09/19/2000,100.0781021,100.0781021,99.9218979,100,2031
09/20/2000,99.9843979,100.0156021,99.8906021,99.9061966,7351
09/21/2000,99.9688034,99.9688034,99.8438034,99.9218979,2526
09/22/2000,100.0625,100.1172028,99.9843979,100,13550
09/25/2000,99.9218979,99.9608994,99.9141006,99.9531021,2592
09/26/2000,99.9141006,100.0311966,99.9141006,100.0233994,2135
09/27/2000,99.9531021,100.0311966,99.9375,100.0233994,2737
09/28/2000,100.0311966,100.0391006,99.9608994,99.9766006,2170
09/29/2000,100,100.0781021,100,100.0077972,5102
10/02/2000,100.0077972,100.0311966,99.9766006,100.0233994,3542
10/03/2000,99.9843979,100.0311966,99.9218979,99.9531021,5114
10/04/2000,99.9688034,100.0156021,99.9061966,99.9141006,3358
10/05/2000,99.9218979,99.9531021,99.875,99.9531021,3040
10/06/2000,99.9375,99.9766006,99.8202972,99.9688034,5983
10/10/2000,99.9297028,100.0156021,99.9297028,100,2043
10/11/2000,100.125,100.1718979,100.0468979,100.0702972,4532
10/12/2000,100.0391006,100.2968979,100.0233994,100.25,7662
10/13/2000,100.3516006,100.3516006,100.25,100.2968979,13992
10/16/2000,100.1561966,100.2422028,100.1561966,100.1952972,4094
10/17/2000,100.1483994,100.3281021,100.1406021,100.3047028,5988
10/18/2000,100.3593979,100.5781021,100.2811966,100.3047028,7719
10/19/2000,100.1875,100.3281021,100.1718979,100.2577972,3619
10/20/2000,100.2891006,100.3047028,100.25,100.2733994,1339
10/23/2000,100.3125,100.3593979,100.2656021,100.3202972,3352
10/24/2000,100.2733994,100.2733994,100.1875,100.2577972,2339
10/25/2000,100.3125,100.3358994,100.1172028,100.1483994,3132
10/26/2000,100.1172028,100.1875,100.0938034,100.1172028,2251
10/27/2000,100.0781021,100.1561966,100.0156021,100.0702972,5519
10/30/2000,100.0938034,100.1016006,100.0156021,100.0311966,1321
10/31/2000,100.0468979,100.125,100.0233994,100.0625,3246
11/01/2000,100.1406021,100.1641006,100.1093979,100.1561966,3570
11/02/2000,100.1797028,100.1952972,100.1561966,100.1641006,2176
11/03/2000,100.1875,100.2188034,100.0311966,100.0391006,4238
11/06/2000,100.0547028,100.0547028,99.9531021,99.9766006,2111
11/07/2000,99.9688034,100.0625,99.9375,99.9766006,2645
11/08/2000,99.9766006,100,99.9375,99.9766006,2891
11/09/2000,100.0156021,100.1561966,100,100.0625,2468
11/10/2000,100.1093979,100.1172028,100.0547028,100.0858994,8037
11/13/2000,100.1641006,100.2343979,100.1406021,100.1483994,5457
11/14/2000,100.1327972,100.1327972,100.0625,100.1093979,2369
11/15/2000,100.1016006,100.1561966,100.0938034,100.125,1190
11/16/2000,100.1327972,100.1718979,100.1172028,100.1641006,1674
11/17/2000,100.1641006,100.1952972,100.0938034,100.1406021,2076
11/20/2000,100.1875,100.2188034,100.1718979,100.1718979,6007
11/21/2000,100.1561966,100.1875,100.1483994,100.1718979,7185
11/22/2000,100.2577972,100.3047028,100.1875,100.2891006,12410
11/24/2000,100.2266006,100.2266006,100.1875,100.2031021,8013
11/27/2000,100.125,100.2188034,100.125,100.2031021,19644
11/28/2000,100.25,100.3125,100.2343979,100.2968979,17916
11/29/2000,100.3202972,100.4375,100.2811966,100.4297028,27446
11/30/2000,100.5547028,100.625,100.4688034,100.5702972,8038
12/01/2000,100.7343979,100.8358994,100.7031021,100.7343979,7002
12/04/2000,100.8281021,100.8516006,100.7811966,100.8125,7014
12/05/2000,100.8281021,101.0858994,100.8125,101.0702972,18362
12/06/2000,101.1406021,101.2577972,101.0702972,101.2188034,7440
12/07/2000,101.2031021,101.2266006,101.0702972,101.1797028,9270
12/08/2000,101.1797028,101.2188034,100.9688034,101.0938034,5662
12/11/2000,101.0625,101.0625,101.0233994,101.0391006,3270
12/12/2000,101.0156021,101.0391006,100.9452972,101.0391006,3767
12/13/2000,101.0625,101.1561966,101.0547028,101.1561966,5114
12/14/2000,101.2811966,101.3047028,101.1797028,101.2188034,4865
12/15/2000,101.1875,101.2968979,101.1561966,101.2733994,3252
12/18/2000,101.3281021,101.4531021,101.3125,101.3593979,4004
12/19/2000,101.3202972,101.3438034,101.25,101.2968979,4623
12/20/2000,101.4688034,101.5547028,101.4375,101.5311966,8413
12/21/2000,101.5547028,101.7811966,101.5311966,101.7031021,9833
12/22/2000,101.6718979,101.7891006,101.6406021,101.7733994,3794
12/26/2000,101.7422028,101.7733994,101.7031021,101.75,975
12/27/2000,101.6875,101.6952972,101.5391006,101.6093979,6459
12/28/2000,101.5702972,101.5938034,101.4843979,101.5233994,2667
12/29/2000,101.5311966,101.6327972,101.5233994,101.5781021,2105
01/02/2001,101.6875,102.0702972,101.6875,102.0625,6759
01/03/2001,102.125,102.2188034,101.8125,101.8827972,8265
01/04/2001,102,102.2031021,102,102.1952972,11192
01/05/2001,102.3593979,102.5311966,102.125,102.4922028,9203
01/08/2001,102.3906021,102.6641006,102.375,102.6172028,12902
01/09/2001,102.5156021,102.5156021,102.2811966,102.3593979,14318
01/10/2001,102.3438034,102.3593979,102.1093979,102.1483994,6271
01/11/2001,102.1952972,102.2343979,102.1093979,102.1483994,10562
01/12/2001,102.1172028,102.125,101.8125,101.875,12604
01/16/2001,101.9688034,102.0233994,101.9061966,101.9141006,5462
01/17/2001,101.8202972,102.1016006,101.7656021,101.9922028,7525
01/18/2001,102.1483994,102.2188034,101.9843979,102.1952972,8748
01/19/2001,102.1406021,102.3125,102.0938034,102.1172028,5744
01/22/2001,102.1641006,102.2108994,102.1172028,102.1172028,4092
01/23/2001,102.1093979,102.2188034,101.9843979,101.9922028,6531
01/24/2001,101.9375,102.0311966,101.8827972,101.9766006,5838
01/25/2001,101.8827972,102.0938034,101.7188034,101.9922028,7674
01/26/2001,102.1093979,102.125,102.0156021,102.0233994,2569
01/29/2001,102.0625,102.0781021,102.0077972,102.0233994,4726
01/30/2001,102.0468979,102.2188034,102.0311966,102.1327972,9899
01/31/2001,102.2188034,102.3281021,102.125,102.3125,6144
02/01/2001,102.4531021,102.4688034,102.3438034,102.3672028,6478
02/02/2001,102.3516006,102.4061966,102.1718979,102.1797028,5902
02/05/2001,102.1718979,102.2188034,102.1172028,102.1561966,2432
02/06/2001,102.0938034,102.1406021,102.0468979,102.0702972,5041
02/07/2001,102.1718979,102.2031021,102.0938034,102.1093979,4603
02/08/2001,102.0625,102.1172028,101.9922028,102.0781021,4630
02/09/2001,102.125,102.2343979,102.1016006,102.1952972,7918
02/12/2001,102.2266006,102.2577972,102.1641006,102.1718979,1303
02/13/2001,102.1875,102.1952972,102.0156021,102.0625,6418
02/14/2001,102.0391006,102.0625,101.8672028,101.8906021,11941
02/15/2001,101.7968979,101.8516006,101.7656021,101.7968979,12579
02/16/2001,101.8438034,102.0702972,101.75,102.0468979,10035
02/20/2001,101.9922028,102.0625,101.9688034,102.0468979,5660
02/21/2001,102.0625,102.1641006,102.0311966,102.0702972,7268
02/22/2001,102.0938034,102.2266006,102.0781021,102.2108994,21087
02/23/2001,102.3047028,102.375,102.2422028,102.3281021,23584
02/26/2001,102.2968979,102.4688034,102.2968979,102.4608994,30116
02/27/2001,102.5311966,102.5938034,102.4688034,102.4766006,23338
02/28/2001,102.5781021,102.5781021,102.3438034,102.5311966,7426
03/01/2001,102.7031021,102.7656021,102.5625,102.6483994,11438
03/02/2001,102.5938034,102.6718979,102.4531021,102.5,10272
03/05/2001,102.5233994,102.5233994,102.4452972,102.4843979,4627
03/06/2001,102.4688034,102.5625,102.4141006,102.5233994,6932
03/07/2001,102.5468979,102.6406021,102.5311966,102.6172028,5364
03/08/2001,102.7108994,102.7422028,102.6406021,102.6483994,4064
03/09/2001,102.6483994,102.6641006,102.4843979,102.5625,10383
03/12/2001,102.5858994,102.6875,102.5781021,102.6172028,4961
03/13/2001,102.6093979,102.6797028,102.5858994,102.5858994,2551
03/14/2001,102.8202972,102.8672028,102.7188034,102.8047028,5955
03/15/2001,102.7968979,103.0702972,102.7891006,103,9806
03/16/2001,103.0156021,103.1093979,102.9061966,102.9766006,9038
03/19/2001,102.8593979,102.9061966,102.8047028,102.8125,9248
03/20/2001,102.7891006,102.9531021,102.7577972,102.9452972,2414
03/21/2001,103.0781021,103.0781021,102.9452972,102.9922028,5442
03/22/2001,103.0702972,103.1875,102.9843979,103.1172028,5107
03/23/2001,102.9531021,103.0391006,102.9061966,102.9843979,3482
03/26/2001,102.8906021,102.9375,102.875,102.9297028,2340
03/27/2001,102.9061966,103.0311966,102.625,102.6561966,5403
03/28/2001,102.7108994,102.8047028,102.6641006,102.7422028,3801
03/29/2001,102.8047028,102.8672028,102.7656021,102.8516006,3823
03/30/2001,102.7891006,103.0625,102.7188034,102.9922028,8364
04/02/2001,103.0625,103.0781021,102.8125,102.9531021,6529
04/03/2001,102.9061966,103.0625,102.9061966,103.0391006,6354
04/04/2001,103.0625,103.1483994,103,103.1406021,4384
04/05/2001,103.0233994,103.1406021,103.0156021,103.0702972,5789
04/06/2001,103.1016006,103.2968979,103.0625,103.2343979,7166
04/09/2001,103.2031021,103.25,103.1718979,103.2031021,2976
04/10/2001,103.1483994,103.1483994,102.9375,102.9688034,6960
04/11/2001,102.875,102.875,102.7108994,102.8281021,3816
04/12/2001,102.7811966,102.9375,102.7188034,102.7266006,3634
04/16/2001,102.7031021,102.7422028,102.4688034,102.4766006,5596
04/17/2001,102.6875,102.7031021,102.5311966,102.6483994,7583
04/18/2001,102.5156021,102.9688034,102.3281021,102.9375,12260
04/19/2001,103.0311966,103.0547028,102.7733994,102.7891006,10285
04/20/2001,102.7422028,102.8906021,102.7422028,102.8593979,9018
04/23/2001,102.9688034,103.0781021,102.9688034,103.0468979,7873
04/24/2001,103.0781021,103.125,102.9688034,103.0547028,6889
04/25/2001,103.0625,103.125,102.875,102.8827972,4477
04/26/2001,102.8516006,103,102.8202972,102.9766006,5962
04/27/2001,102.9608994,102.9688034,102.75,102.7577972,7368
04/30/2001,102.6875,102.75,102.5858994,102.75,5110
05/01/2001,102.7656021,102.8827972,102.7188034,102.8202972,2818
05/02/2001,102.8438034,102.875,102.7656021,102.7656021,5140
05/03/2001,102.7811966,102.875,102.7656021,102.8202972,4074
05/04/2001,102.8358994,103.0858994,102.8281021,102.9531021,6609
05/07/2001,102.9766006,103.0233994,102.9766006,103.0233994,1627
05/08/2001,103.0468979,103.1093979,103.0077972,103.0468979,3069
05/09/2001,103.1172028,103.125,103.0468979,103.0858994,4823
05/10/2001,103.0702972,103.0702972,102.9297028,102.9531021,6199
05/11/2001,102.9297028,102.9297028,102.6016006,102.6327972,5847
05/14/2001,102.6875,102.8125,102.6561966,102.7577972,3673
05/15/2001,102.7811966,102.8593979,102.6093979,102.7656021,11494
05/16/2001,102.8281021,102.875,102.75,102.8125,6063
05/17/2001,102.7811966,102.7968979,102.5858994,102.6952972,5105
05/18/2001,102.6406021,102.7108994,102.5625,102.6327972,6701
05/21/2001,102.5702972,102.6327972,102.5547028,102.6093979,9591
05/22/2001,102.6406021,102.7031021,102.6406021,102.6718979,9838
05/23/2001,102.6952972,102.75,102.6875,102.7188034,17869
05/24/2001,102.7656021,102.8125,102.5781021,102.5858994,13333
05/25/2001,102.625,102.6641006,102.5625,102.6561966,15515
05/29/2001,102.7031021,102.7188034,102.625,102.6327972,19736
05/30/2001,102.6561966,102.6797028,102.625,102.6718979,21235
05/31/2001,102.7188034,102.8438034,102.7031021,102.8438034,5346
06/01/2001,102.5468979,102.6641006,102.3438034,102.5311966,8510
06/04/2001,102.5311966,102.5625,102.5,102.5391006,4277
06/05/2001,102.5547028,102.7266006,102.5311966,102.7188034,5632
06/06/2001,102.6875,102.7108994,102.6093979,102.7031021,5209
06/07/2001,102.7031021,102.7811966,102.625,102.7031021,3919
06/08/2001,102.6561966,102.6797028,102.5938034,102.6016006,4590
06/11/2001,102.6327972,102.7188034,102.625,102.7031021,2372
06/12/2001,102.7188034,102.7891006,102.7188034,102.7656021,7740
06/13/2001,102.7656021,102.8438034,102.6561966,102.7968979,4473
06/14/2001,102.8125,102.9218979,102.7968979,102.8983994,7449
06/15/2001,102.9218979,103.0468979,102.9218979,102.9531021,5254
06/18/2001,103.0156021,103.0858994,103,103.0311966,5998
06/19/2001,103.0156021,103.0781021,102.9375,103.0547028,3551
06/20/2001,103.1093979,103.1561966,103.0625,103.125,3902
06/21/2001,103.125,103.1483994,103.0311966,103.1093979,3315
06/22/2001,103.125,103.2422028,103.0938034,103.2422028,3593
06/25/2001,103.2188034,103.2266006,103.1718979,103.2031021,1355
06/26/2001,103.25,103.25,102.9531021,103.0547028,7266
06/27/2001,103.0156021,103.1172028,102.8593979,102.8672028,9986
06/28/2001,102.8281021,102.8516006,102.5156021,102.5781021,9986
06/29/2001,102.4843979,102.625,102.4375,102.5702972,8950
07/02/2001,102.5781021,102.7108994,102.5625,102.7108994,4356
07/03/2001,102.7108994,102.7188034,102.6172028,102.625,5136
07/05/2001,102.6797028,102.6875,102.5311966,102.5781021,8146
07/06/2001,102.625,102.7968979,102.5938034,102.7811966,4695
07/09/2001,102.7811966,102.8047028,102.75,102.7891006,2924
07/10/2001,102.8047028,102.9688034,102.7811966,102.9218979,5777
07/11/2001,102.9843979,103.0468979,102.8906021,102.9218979,7374
07/12/2001,102.8827972,103.0311966,102.8672028,102.9531021,7175
07/13/2001,102.8827972,102.9375,102.7968979,102.8983994,3877
07/16/2001,102.9531021,103.0077972,102.9141006,103,3068
07/17/2001,103.0077972,103.0391006,102.9375,102.9688034,4255
07/18/2001,102.9766006,103.2733994,102.875,103.2733994,5331
07/19/2001,103.2343979,103.25,103.1483994,103.2108994,4646
07/20/2001,103.2656021,103.2733994,103.1875,103.2266006,1946
07/23/2001,103.1797028,103.2343979,103.1641006,103.2266006,600
07/24/2001,103.2733994,103.2968979,103.2343979,103.2733994,2093
07/25/2001,103.2188034,103.2733994,103.2031021,103.2108994,3546
07/26/2001,103.2108994,103.375,103.1641006,103.3358994,6518
07/27/2001,103.375,103.4688034,103.375,103.4688034,2647
07/30/2001,103.4531021,103.5233994,103.4375,103.4922028,1591
07/31/2001,103.5156021,103.6483994,103.4922028,103.5858994,3746
08/01/2001,103.5625,103.6561966,103.4843979,103.5391006,4087
08/02/2001,103.4531021,103.4922028,103.3906021,103.4061966,1109
08/03/2001,103.3906021,103.4218979,103.2656021,103.4061966,5324
08/06/2001,103.4297028,103.4922028,103.4218979,103.4688034,4900
08/07/2001,103.5077972,103.5233994,103.4452972,103.4531021,5592
08/08/2001,103.4843979,103.7108994,103.4843979,103.6718979,5286
08/09/2001,103.7577972,103.7733994,103.625,103.6641006,5402
08/10/2001,103.6952972,103.7968979,103.6875,103.7656021,5232
08/13/2001,103.8047028,103.9061966,103.8047028,103.8593979,5211
08/14/2001,103.7733994,103.8125,103.7031021,103.7733994,5755
08/15/2001,103.7266006,103.7656021,103.6016006,103.6561966,5536
08/16/2001,103.6561966,103.8125,103.5468979,103.75,8056
08/17/2001,103.8047028,103.9061966,103.7968979,103.8983994,7188
08/20/2001,103.8438034,103.8438034,103.7266006,103.7422028,6935
08/21/2001,103.7422028,103.7811966,103.6641006,103.7811966,5777
08/22/2001,103.7031021,103.8125,103.6327972,103.7343979,6828
08/23/2001,103.75,103.7968979,103.7188034,103.7811966,10191
08/24/2001,103.7188034,103.7656021,103.6561966,103.7266006,16326
08/27/2001,103.7031021,103.7656021,103.6797028,103.6952972,15685
08/28/2001,103.7343979,103.8593979,103.7188034,103.8516006,15877
08/29/2001,103.9218979,103.9531021,103.8593979,103.9297028,22498
08/30/2001,103.9375,104.125,103.9061966,104.0702972,20990
08/31/2001,104.0156021,104.0625,103.9375,104.0391006,6454
09/04/2001,103.625,103.6718979,103.2188034,103.2577972,14912
09/05/2001,103.3438034,103.4218979,103.3358994,103.3827972,11756
09/06/2001,103.4531021,103.6875,103.4452972,103.6561966,8910
09/07/2001,103.6718979,103.9688034,103.6718979,103.875,7398
09/10/2001,103.9452972,103.9843979,103.8281021,103.8906021,4324
09/11/2001,103.8593979,105,103.8358994,104.4688034,1937
09/13/2001,104.625,105.2188034,104.625,105.0468979,19525
09/14/2001,105.1718979,105.2811966,104.8438034,105.1718979,10624
09/17/2001,105.1093979,105.3125,104.9688034,105.0311966,10276
09/18/2001,105.1093979,105.125,104.8906021,105,8805
09/19/2001,105.0781021,105.2656021,105.0311966,105.1641006,7971
09/20/2001,105.2108994,105.2733994,104.9688034,105.0233994,6965
09/21/2001,105.1875,105.2188034,104.8906021,105,8934
09/24/2001,104.8202972,104.9766006,104.8125,104.9375,2458
09/25/2001,105.0077972,105.1718979,104.9922028,105.0781021,5653
09/26/2001,105.1016006,105.1875,105.0311966,105.1797028,3975
09/27/2001,105.25,105.3438034,105.2266006,105.2577972,5931
09/28/2001,105.2656021,105.2968979,105.1093979,105.1327972,4925
10/01/2001,105.1327972,105.2266006,105.0781021,105.1875,3141
10/02/2001,105.2266006,105.3125,105.1483994,105.3125,6160
10/03/2001,105.4375,105.4766006,105.2811966,105.2968979,5686
10/04/2001,105.3593979,105.4061966,105.1875,105.3125,7374
10/05/2001,105.3516006,105.4531021,105.2811966,105.4061966,3568
10/09/2001,105.3516006,105.3906021,105.3281021,105.3438034,3202
10/10/2001,105.2891006,105.2968979,105.2031021,105.2733994,4286
10/11/2001,105.2733994,105.2733994,105.0311966,105.1016006,8911
10/12/2001,105.1327972,105.2811966,105.0625,105.2343979,4536
10/15/2001,105.2811966,105.3281021,105.2422028,105.3202972,2436
10/16/2001,105.3281021,105.3827972,105.3125,105.3358994,4401
10/17/2001,105.25,105.3906021,105.1875,105.3047028,4659
10/18/2001,105.2656021,105.3438034,105.2577972,105.3358994,6305
10/19/2001,105.3827972,105.4375,105.3125,105.3281021,5197
10/22/2001,105.3438034,105.3516006,105.3047028,105.3281021,3392
10/23/2001,105.25,105.3906021,105.2422028,105.3358994,5546
10/24/2001,105.3438034,105.4843979,105.3202972,105.4688034,4028
10/25/2001,105.5311966,105.7422028,105.5156021,105.6875,9789
10/26/2001,105.6952972,105.7422028,105.6406021,105.7188034,4013
10/29/2001,105.7968979,105.875,105.7811966,105.8202972,7398
10/30/2001,105.8827972,106.0391006,105.875,106.0233994,7993
10/31/2001,106.0391006,106.1406021,105.75,106.1016006,8090
11/01/2001,106.0858994,106.1483994,105.9297028,106.0077972,6514
11/02/2001,106,106.125,105.9452972,106.0156021,7436
11/05/2001,106.0156021,106.0858994,105.9922028,106.0625,5121
11/06/2001,106.0468979,106.2188034,105.8438034,106.1952972,10001
11/07/2001,106.2891006,106.3672028,106.25,106.2968979,6769
11/08/2001,106.2422028,106.25,106.0938034,106.1016006,5598
11/09/2001,106.125,106.1875,106.0156021,106.0625,7473
11/13/2001,105.9843979,105.9922028,105.9375,105.9531021,6241
11/14/2001,105.8281021,105.8281021,105.6016006,105.6172028,9212
11/15/2001,105.375,105.5233994,105.0938034,105.1016006,7813
11/16/2001,105.1718979,105.2031021,104.8281021,104.875,8754
11/19/2001,105.0547028,105.2811966,105,105.2656021,10225
11/20/2001,105.3047028,105.3672028,105.0468979,105.1406021,8440
11/21/2001,105.1641006,105.1641006,104.7266006,104.8516006,6551
11/23/2001,104.8827972,104.9218979,104.7031021,104.7343979,2699
11/26/2001,104.75,104.9218979,104.7031021,104.7343979,9795
11/27/2001,104.6406021,105,104.4688034,104.9297028,26693
11/28/2001,104.9843979,105.2188034,104.875,104.9297028,26130
11/29/2001,105.0468979,105.4688034,105.0311966,105.4531021,26262
11/30/2001,105.4375,105.5625,105.3593979,105.5625,10290
12/03/2001,104.8438034,104.875,104.75,104.8516006,7687
12/04/2001,104.8281021,104.9375,104.75,104.8906021,9349
12/05/2001,104.7266006,104.7343979,104.1875,104.3593979,8463
12/06/2001,104.1561966,104.3438034,104,104.1718979,12522
12/07/2001,104.1952972,104.4375,103.9843979,104.0781021,6622
12/10/2001,104.1797028,104.2891006,104.0625,104.2188034,5375
12/11/2001,104.3358994,104.4688034,104.2811966,104.375,9562
12/12/2001,104.5,104.5781021,104.4297028,104.4922028,16076
12/13/2001,104.4141006,104.5156021,104.0938034,104.2733994,11263
12/14/2001,104.2733994,104.2891006,104.0938034,104.1561966,6230
12/17/2001,104.0781021,104.1016006,103.7968979,104.0781021,4939
12/18/2001,104.1952972,104.2343979,104.0938034,104.2266006,4523
12/19/2001,104.2811966,104.4061966,104.1875,104.2811966,5547
12/20/2001,104.25,104.2811966,104.125,104.2343979,1381
12/21/2001,104.3202972,104.3358994,104.1797028,104.1952972,3576
12/24/2001,104.1875,104.2188034,104.0938034,104.1406021,1259
12/26/2001,104.0938034,104.1561966,104.0077972,104.0311966,799
12/27/2001,103.9766006,104.2343979,103.9608994,104.2108994,3325
12/28/2001,104.2266006,104.3202972,104.125,104.2968979,1909
12/31/2001,104.2891006,104.5468979,104.2891006,104.4922028,2050
01/02/2002,104.4375,104.4531021,104.1875,104.2108994,5298
01/03/2002,104.2422028,104.3438034,104.2266006,104.2811966,9219
01/04/2002,104.2811966,104.3202972,104.0938034,104.3047028,8240
01/07/2002,104.3672028,104.5625,104.3593979,104.5547028,8152
01/08/2002,104.5,104.6093979,104.4766006,104.5702972,10008
01/09/2002,104.4843979,104.6561966,104.4843979,104.6483994,12446
01/10/2002,104.7031021,104.8983994,104.6875,104.8593979,10856
01/11/2002,104.7968979,105.2188034,104.7968979,105.2108994,10571
01/14/2002,105.2343979,105.2891006,105.1875,105.2108994,8328
01/15/2002,105.1561966,105.2031021,105.0391006,105.1875,18939
01/16/2002,105.25,105.2811966,105.0547028,105.1093979,6200
01/17/2002,105.0702972,105.0858994,104.8438034,104.8983994,5374
01/18/2002,104.9688034,105.0156021,104.8281021,105.0156021,0
01/22/2002,104.8342972,104.9531021,104.7811966,104.8342972,8662
01/23/2002,104.8516006,104.9531021,104.7188034,104.7968979,5983
01/24/2002,104.7968979,104.875,104.625,104.6406021,7904
01/25/2002,104.5938034,104.6718979,104.4843979,104.6327972,11173
01/28/2002,104.5858994,104.6718979,104.5,104.6483994,3136
01/29/2002,104.5938034,104.9531021,104.5625,104.9297028,7912
01/30/2002,104.9843979,105,104.8125,104.8983994,9029
01/31/2002,104.75,104.8438034,104.625,104.6875,15404
02/01/2002,104.6483994,104.875,104.5938034,104.8593979,11295
02/04/2002,104.9452972,105.0625,104.9061966,105.0625,6129
02/05/2002,105.1561966,105.1718979,104.9688034,105.0547028,9811
02/06/2002,105.0781021,105.1718979,105.0468979,105.0938034,4935
02/07/2002,105.0311966,105.0938034,104.9688034,105.0858994,4158
02/08/2002,105.0468979,105.2577972,105.0311966,105.2266006,2379
02/11/2002,105.1561966,105.2266006,105.1406021,105.1952972,2464
02/12/2002,105.2266006,105.25,105,105.0156021,4773
02/13/2002,105,105,104.8125,104.9608994,11640
02/14/2002,104.9297028,104.9922028,104.8906021,104.9843979,3320
02/15/2002,105.0077972,105.2266006,105,105.1952972,5482
02/19/2002,105.2188034,105.2343979,105.1483994,105.2031021,2923
02/20/2002,105.1093979,105.2811966,105.1093979,105.1718979,8622
02/21/2002,105.1172028,105.2108994,105.0938034,105.1952972,16561
02/22/2002,105.3202972,105.3438034,105.2266006,105.2422028,19390
02/25/2002,105.2577972,105.2656021,105.1561966,105.1875,12091
02/26/2002,105.1875,105.2656021,105.0702972,105.0938034,38247
02/27/2002,105.0468979,105.2968979,105.0077972,105.2811966,26426
02/28/2002,105.2733994,105.2811966,105.0938034,105.1952972,15119
03/01/2002,104.3438034,104.3438034,104.2656021,104.2968979,75
03/04/2002,104.0077972,104.0547028,103.9843979,104.0547028,281
03/05/2002,104.0625,104.0625,103.9141006,104.0077972,464
03/06/2002,104.0625,104.125,104.0311966,104.0311966,1622
03/07/2002,104.0077972,104.0077972,103.625,103.6483994,771
03/08/2002,103.5781021,103.6561966,103.3202972,103.3202972,651
03/11/2002,103.4141006,103.4688034,103.3593979,103.3827972,142
03/12/2002,103.4375,103.5391006,103.4375,103.4375,88
03/13/2002,103.3202972,103.5625,103.3125,103.5625,395
03/14/2002,103.5391006,103.5391006,103.2733994,103.2811966,292
03/15/2002,103.2577972,103.3125,103.1718979,103.3125,272
03/18/2002,103.3125,103.3125,103.2811966,103.2968979,309
03/19/2002,103.3438034,103.4141006,103.3358994,103.3906021,171
03/20/2002,103.3906021,103.4531021,103.1561966,103.1641006,263
03/21/2002,103.2031021,103.2031021,103.0468979,103.0468979,103
03/22/2002,103.1483994,103.1483994,103.0781021,103.0781021,275
03/25/2002,103.1172028,103.125,103.0702972,103.125,241
03/26/2002,103.1016006,103.2891006,103.0858994,103.2733994,182
03/27/2002,103.2811966,103.3593979,103.2811966,103.1200027,2743
03/28/2002,103.3516006,103.4061966,103.2343979,103.2733994,367
04/01/2002,103.2811966,103.4141006,103.2577972,103.2811966,1931
04/02/2002,103.2811966,103.4843979,103.2422028,103.4766006,1238
04/03/2002,103.4375,103.6797028,103.4375,103.6327972,1845
04/04/2002,103.6561966,103.7656021,103.5938034,103.5938034,221
04/05/2002,103.6483994,103.8438034,103.5938034,103.7188034,290
04/08/2002,103.8125,103.8906021,103.7811966,103.7811966,986
04/09/2002,103.6952972,103.9218979,103.6875,103.9218979,531
04/10/2002,103.9297028,103.9688034,103.8593979,103.8827972,761
04/11/2002,103.875,104.0077972,103.8281021,103.9375,1018
04/12/2002,103.9531021,104.0938034,103.9218979,104.0702972,244
04/15/2002,104.0625,104.1641006,104.0625,104.1561966,1495
04/16/2002,104.0938034,104.1093979,103.9218979,104.0468979,519
04/17/2002,104.0156021,104.1172028,103.9608994,104.0858994,420
04/18/2002,104.1172028,104.1875,104.0625,104.1875,526
04/19/2002,104.1952972,104.25,104.0547028,104.2266006,94
04/22/2002,104.1561966,104.2188034,104.1561966,104.2188034,680
04/23/2002,104.2188034,104.2811966,104.1561966,104.2188034,1158
04/24/2002,104.2031021,104.4141006,104.1561966,104.4141006,1215
04/25/2002,104.3827972,104.5781021,104.3827972,104.4688034,187
04/26/2002,104.4375,104.5,104.4141006,104.5,259
04/29/2002,104.5468979,104.5625,104.4608994,104.4843979,1321
04/30/2002,104.4531021,104.5781021,104.4531021,104.5702972,107
05/01/2002,104.5625,104.6406021,104.5547028,104.6093979,1517
05/02/2002,104.625,104.6718979,104.4922028,104.5547028,570
05/03/2002,104.5625,104.7188034,104.5625,104.7108994,46
05/06/2002,104.6875,104.7108994,104.6718979,104.7031021,1075
05/07/2002,104.7811966,104.8125,104.7031021,104.8125,946
05/08/2002,104.7811966,104.7891006,104.4531021,104.4766006,64
05/09/2002,104.4608994,104.5938034,104.4375,104.5938034,1001
05/10/2002,104.5781021,104.75,104.5311966,104.7422028,398
05/13/2002,104.75,104.75,104.6016006,104.6016006,608
05/14/2002,104.5938034,104.5938034,104.2968979,104.375,681
05/15/2002,104.375,104.4766006,104.3281021,104.4688034,1148
05/16/2002,104.4375,104.6093979,104.4297028,104.6093979,658
05/17/2002,104.5547028,104.5547028,104.3593979,104.3593979,2612
05/20/2002,104.4843979,104.5625,104.4688034,104.5391006,551
05/21/2002,104.5233994,104.6797028,104.5233994,104.6797028,194
05/22/2002,104.7031021,104.8047028,104.6952972,104.7811966,1501
05/23/2002,104.7656021,104.8202972,104.6641006,104.6641006,109
05/24/2002,104.7031021,104.7031021,104.6718979,104.7031021,745
05/28/2002,104.5625,104.6797028,104.5625,104.6718979,480
05/29/2002,104.7266006,104.8438034,104.625,104.8438034,229
05/30/2002,104.7811966,104.9531021,104.7811966,104.9297028,40
05/31/2002,104.9531021,104.9766006,104.8906021,104.8906021,32
06/03/2002,104.0938034,104.1952972,104,104.1952972,214
06/04/2002,104.125,104.2811966,104.125,104.2188034,91
06/05/2002,104.125,104.2031021,104.125,104.2031021,142
06/06/2002,104.2031021,104.3516006,104.1016006,104.3516006,87
06/07/2002,104.3593979,104.3983994,104.1952972,104.1952972,510
06/10/2002,104.1797028,104.9061966,104.1797028,104.2811966,276
06/11/2002,104.2656021,104.4452972,104.2343979,104.4375,78
06/12/2002,104.4375,104.4375,104.375,104.4061966,76
06/13/2002,104.4531021,104.6718979,104.4218979,104.625,20
06/14/2002,104.7031021,104.7733994,104.5938034,104.7422028,124
06/17/2002,104.7968979,104.8125,104.7188034,104.7343979,270
06/18/2002,104.8047028,104.875,104.75,104.8047028,1021
06/19/2002,104.875,105.0781021,104.875,105.0781021,747
06/20/2002,105.0938034,105.0938034,104.8438034,104.8672028,392
06/21/2002,104.9843979,105.0311966,104.8281021,104.9297028,669
06/24/2002,105,105.0156021,104.8125,104.8281021,476
06/25/2002,104.7968979,104.9375,104.7968979,104.9375,732
06/26/2002,105.0311966,105.5,105.0311966,105.1093979,712
06/27/2002,105.1561966,105.1561966,104.9766006,105.0156021,339
06/28/2002,105.0077972,105.0156021,104.9375,105.0156021,166
07/01/2002,105.0233994,105.1172028,104.9452972,105.1172028,2866
07/02/2002,105.0781021,105.3047028,105.0781021,105.2891006,314
07/03/2002,105.2343979,105.3125,105.2108994,105.2811966,149
07/05/2002,105.1406021,105.2031021,105.0625,105.0625,620
07/08/2002,105.0311966,105.25,105.0311966,105.25,602
07/09/2002,105.2031021,105.4375,105.1875,105.4297028,1272
07/10/2002,105.4061966,105.7188034,105.3593979,105.6718979,974
07/11/2002,105.6875,105.75,105.3438034,105.6561966,1315
07/12/2002,105.6016006,105.7811966,105.5781021,105.7811966,265
07/15/2002,105.8125,105.9061966,105.75,105.7811966,236
07/16/2002,105.7343979,105.9843979,105.7343979,105.7656021,733
07/17/2002,105.7188034,105.7188034,105.375,105.625,271
07/18/2002,105.7188034,105.8593979,105.5781021,105.6952972,553
07/19/2002,105.875,106.0625,105.8516006,106.0625,1017
07/22/2002,106.0625,106.1952972,105.9688034,106.1561966,437
07/23/2002,106.2343979,106.3983994,106.0077972,106.3593979,1865
07/24/2002,106.3906021,106.7968979,106.1561966,106.2031021,740
07/25/2002,106.2188034,106.375,106.2188034,106.3438034,324
07/26/2002,106.4375,106.625,106.4375,106.5468979,1218
07/29/2002,106.5,106.5311966,106.1875,106.2108994,611
07/30/2002,106.3047028,106.3125,106.1718979,106.1718979,139
07/31/2002,106.2343979,106.5,106.2188034,106.5,432
08/01/2002,106.5625,106.7656021,106.5625,106.7188034,576
08/02/2002,106.75,107.0311966,106.7188034,106.9843979,248
08/05/2002,106.9452972,107.1875,106.9297028,107.1875,332
08/06/2002,107.2188034,107.2188034,106.8281021,106.875,439
08/07/2002,106.9608994,107.0625,106.8281021,107.0077972,144
08/08/2002,107.0391006,107.0391006,106.8438034,106.9218979,1127
08/09/2002,106.8827972,106.8827972,106.7188034,106.8047028,227
08/12/2002,106.8125,106.875,106.75,106.75,267
08/13/2002,106.8281021,107.0311966,106.7891006,107.0233994,628
08/14/2002,107.1016006,107.1093979,106.7188034,106.7188034,86
08/15/2002,106.75,106.7968979,106.4843979,106.6016006,158
08/16/2002,106.625,106.625,106.5077972,106.5077972,72
08/19/2002,106.5311966,106.5702972,106.5077972,106.5702972,159
08/20/2002,106.5938034,106.8438034,106.5938034,106.8438034,658
08/21/2002,106.8438034,106.8672028,106.6641006,106.75,202
08/22/2002,106.7343979,106.7343979,106.5311966,106.5311966,119
08/23/2002,106.5311966,106.6952972,106.5311966,106.6718979,659
08/26/2002,106.6016006,106.7266006,106.5938034,106.7031021,776
08/27/2002,106.7266006,106.75,106.5,106.5702972,434
08/28/2002,106.625,106.6797028,106.5702972,106.6718979,284
08/29/2002,106.7188034,106.875,106.6875,106.8202972,1
09/03/2002,106.5311966,106.7188034,106.4922028,106.7188034,192
09/04/2002,106.7891006,106.7891006,106.6172028,106.6406021,206
09/05/2002,106.7811966,106.8983994,106.7811966,106.8672028,171
09/06/2002,106.8672028,106.8672028,106.7188034,106.7343979,293
09/09/2002,106.625,106.625,106.4608994,106.4608994,599
09/10/2002,106.4531021,106.5468979,106.3281021,106.4843979,126
09/11/2002,106.4766006,106.4766006,106.2656021,106.2656021,181
09/12/2002,106.4218979,106.5468979,106.4218979,106.5391006,229
09/13/2002,106.6483994,106.6718979,106.5468979,106.6718979,59
09/16/2002,106.7031021,106.7031021,106.625,106.625,219
09/17/2002,106.4375,106.4688034,106.4141006,106.4688034,385
09/18/2002,106.7577972,106.8281021,106.7031021,106.7188034,689
09/19/2002,106.7577972,106.9375,106.7577972,106.8983994,466
09/20/2002,106.9843979,106.9843979,106.75,106.9688034,174
09/23/2002,106.9141006,107.0077972,106.8983994,106.9688034,769
09/24/2002,106.9297028,107.1406021,106.9297028,107.0781021,894
09/25/2002,107.125,107.125,106.9141006,106.9141006,107
09/26/2002,106.9531021,106.9531021,106.8593979,106.875,43
09/27/2002,107.0625,107.2811966,107.0547028,107.2811966,926
09/30/2002,107.2968979,107.5156021,107.25,107.4688034,523
10/01/2002,107.4061966,107.4922028,107.2422028,107.2811966,519
10/02/2002,107.2968979,107.4375,107.25,107.4375,236
10/03/2002,107.3438034,107.4688034,107.25,107.4218979,470
10/04/2002,107.4608994,107.4608994,107.2188034,107.3047028,1053
10/07/2002,107.3593979,107.4608994,107.2968979,107.4061966,238
10/08/2002,107.3906021,107.3906021,107.2968979,107.3202972,78
10/09/2002,107.3202972,107.5077972,107.3202972,107.5077972,657
10/10/2002,107.5702972,107.6016006,107.3906021,107.4375,497
10/11/2002,107.4608994,107.5,107.25,107.3125,364
10/15/2002,107.2577972,107.2577972,106.875,106.875,1075
10/16/2002,107,107.0077972,106.8281021,106.8827972,777
10/17/2002,106.7188034,106.7968979,106.5858994,106.6172028,615
10/18/2002,106.6875,106.8593979,106.5468979,106.7343979,803
10/21/2002,106.75,106.75,106.4843979,106.4843979,625
10/22/2002,106.4688034,106.5625,106.4375,106.4766006,814
10/23/2002,106.5311966,106.6875,106.5311966,106.5468979,562
10/24/2002,106.625,106.8438034,106.5468979,106.7968979,1563
10/25/2002,106.8125,107.0625,106.8125,107.0156021,694
10/28/2002,107.1797028,107.2188034,107.1406021,107.1561966,554
10/29/2002,107.1797028,107.5156021,107.1718979,107.4375,522
10/30/2002,107.4218979,107.5,107.2811966,107.5,852
10/31/2002,107.4688034,107.6406021,107.3593979,107.6406021,152
11/01/2002,107.625,107.625,107.4141006,107.4141006,257
11/04/2002,107.4141006,107.4141006,107.3281021,107.3672028,1587
11/05/2002,107.3438034,107.375,107.2811966,107.3047028,978
11/06/2002,107.1561966,107.2811966,107.1561966,107.2343979,1580
11/07/2002,107.375,107.375,107.1406021,107.2656021,1580
11/08/2002,107.2266006,107.2968979,107.1718979,107.2343979,718
11/12/2002,107.3516006,107.4218979,107.3047028,107.4218979,1203
11/13/2002,107.375,107.4922028,107.375,107.4688034,660
11/14/2002,107.4531021,107.4531021,107.1406021,107.1406021,919
11/15/2002,107.1483994,107.1952972,107.0311966,107.1952972,650
11/18/2002,107.0858994,107.2031021,107.0858994,107.1952972,463
11/19/2002,107.1718979,107.25,107.1561966,107.1875,535
11/20/2002,107.2031021,107.2343979,107.0233994,107.0468979,971
11/21/2002,107.0468979,107.125,106.875,106.8906021,446
11/22/2002,106.9218979,106.9843979,106.7968979,106.7968979,353
11/25/2002,106.8125,106.8516006,106.7656021,106.8516006,91
11/26/2002,106.9061966,107,106.8906021,107,237
11/27/2002,107.0311966,107.0311966,106.9218979,106.9843979,97
11/29/2002,106.8593979,106.8593979,106.8125,106.8593979,1
12/02/2002,106.1561966,106.3358994,106.1561966,106.3125,272
12/03/2002,106.3358994,106.4297028,106.3358994,106.4141006,590
12/04/2002,106.5391006,106.5391006,106.4218979,106.5156021,46
12/05/2002,106.5391006,106.5781021,106.375,106.375,400
12/06/2002,106.5625,106.8125,106.5625,106.8125,152
12/09/2002,106.8125,106.8672028,106.7733994,106.8516006,378
12/10/2002,106.8125,106.8593979,106.7811966,106.7968979,562
12/11/2002,106.7968979,106.9061966,106.7968979,106.9061966,593
12/12/2002,106.8202972,107.0391006,106.8202972,106.9608994,155
12/13/2002,106.9688034,107.0311966,106.8906021,106.9297028,301
12/16/2002,106.9608994,106.9766006,106.7811966,106.8047028,1573
12/17/2002,106.7891006,106.9218979,106.7891006,106.9218979,185
12/18/2002,106.9688034,107.0547028,106.9608994,107.0547028,340
12/19/2002,107.0702972,107.2577972,107.0311966,107.2577972,177
12/20/2002,107.25,107.25,107.1952972,107.2343979,54
12/23/2002,107.2343979,107.2343979,107.125,107.1952972,41
12/24/2002,107.2891006,107.3358994,107.2891006,107.3281021,50
12/26/2002,107.3906021,107.4061966,107.3906021,107.4061966,157
12/27/2002,107.4061966,107.6093979,107.4061966,107.6093979,276
12/30/2002,107.5625,107.6406021,107.5077972,107.6016006,276
12/31/2002,107.5938034,107.5938034,107.5938034,107.5938034,333
01/02/2003,107.6561966,107.6561966,107.1718979,107.2108994,594
01/03/2003,107.2108994,107.25,107.1718979,107.2266006,565
01/06/2003,107.2188034,107.2343979,107.1172028,107.1718979,329
01/07/2003,107.2266006,107.2891006,106.8358994,107.2891006,567
01/08/2003,107.3593979,107.4218979,107.3281021,107.4218979,1354
01/09/2003,107.3438034,107.3438034,107.0702972,107.1327972,936
01/10/2003,107.1561966,107.2811966,107.0858994,107.2266006,446
01/13/2003,107.1483994,107.2422028,107.1483994,107.2266006,611
01/14/2003,107.2811966,107.375,107.1797028,107.3202972,274
01/15/2003,107.3438034,107.4452972,107.2968979,107.3672028,239
01/16/2003,107.2811966,107.3593979,107.2343979,107.3593979,298
01/17/2003,107.4843979,107.5625,107.4688034,107.4766006,524
01/21/2003,107.5311966,107.5547028,107.4375,107.5468979,634
01/22/2003,107.5468979,107.625,107.5311966,107.625,1122
01/23/2003,107.5547028,107.5625,107.5,107.5311966,620
01/24/2003,107.5702972,107.6561966,107.5625,107.5781021,634
01/27/2003,107.5858994,107.6327972,107.5,107.5547028,411
01/28/2003,107.5311966,107.5625,107.4843979,107.5547028,397
01/29/2003,107.5938034,107.6016006,107.4218979,107.4531021,795
01/30/2003,107.4688034,107.5781021,107.3672028,107.5781021,414
01/31/2003,107.5625,107.6093979,107.5233994,107.5468979,538
02/03/2003,107.4766006,107.5311966,107.4531021,107.5156021,346
02/04/2003,107.5311966,107.6561966,107.5311966,107.6327972,1082
02/05/2003,107.6483994,107.6483994,107.5156021,107.5547028,815
02/06/2003,107.5468979,107.6718979,107.5468979,107.6561966,1087
02/07/2003,107.6483994,107.7343979,107.5156021,107.7188034,450
02/10/2003,107.625,107.7188034,107.6172028,107.6483994,3355
02/11/2003,107.6172028,107.6952972,107.5702972,107.6952972,1017
02/12/2003,107.6718979,107.7656021,107.6718979,107.7656021,862
02/13/2003,107.75,107.8827972,107.75,107.8672028,439
02/14/2003,107.875,107.875,107.7656021,107.7811966,1286
02/18/2003,107.7733994,107.7891006,107.6327972,107.7188034,575
02/19/2003,107.7343979,107.8125,107.7188034,107.7891006,1109
02/20/2003,107.8125,107.8516006,107.7656021,107.8125,384
02/21/2003,107.8438034,107.8906021,107.7811966,107.7968979,387
02/24/2003,107.8516006,107.8593979,107.8125,107.8593979,2912
02/25/2003,107.9297028,107.9766006,107.8906021,107.8906021,1829
02/26/2003,107.9218979,107.9531021,107.8827972,107.9531021,386
02/27/2003,107.9688034,108,107.8593979,107.9452972,601
02/28/2003,107.9218979,108.0468979,107.8593979,108.0468979,24
03/03/2003,107.6093979,107.7031021,107.6016006,107.6952972,450
03/04/2003,107.6718979,107.7577972,107.6641006,107.7188034,4257
03/05/2003,107.7421036,107.875,107.7422028,107.875,1389
03/06/2003,107.8202972,107.8593979,107.7422028,107.8125,1011
03/07/2003,107.8125,108.0156021,107.8125,107.9531021,682
03/10/2003,108,108.0781021,107.9843979,108.0625,1546
03/11/2003,108.0781021,108.0781021,107.9375,107.9608994,436
03/12/2003,107.9766006,108,107.8202972,107.8281021,1408
03/13/2003,107.75,107.7656021,107.4766006,107.4766006,400
03/14/2003,107.5625,107.5781021,107.4843979,107.5781021,1253
03/17/2003,107.6875,107.7656021,107.3593979,107.3983994,2445
03/18/2003,107.4375,107.4922028,107.1875,107.2188034,1232
03/19/2003,107.2031021,107.3125,107.1561966,107.1797028,1053
03/20/2003,107.2656021,107.375,107.2108994,107.3516006,618
03/21/2003,107.3047028,107.3358994,107.0938034,107.1016006,673
03/24/2003,107.2733994,107.3516006,107.2108994,107.3281021,370
03/25/2003,107.3672028,107.4218979,107.25,107.2656021,795
03/26/2003,107.3281021,107.4218979,107.3125,107.4141006,719
03/27/2003,107.4688034,107.5625,107.4375,107.5391006,1066
03/28/2003,107.5781021,107.7108994,107.5781021,107.6561966,3325
03/31/2003,107.75,107.8672028,107.7266006,107.8047028,1548
04/01/2003,107.8438034,107.8672028,107.6875,107.8281021,562
04/02/2003,107.6327972,107.7031021,107.5625,107.6561966,8433
04/03/2003,107.6561966,107.7577972,107.4843979,107.75,1195
04/04/2003,107.7188034,107.7656021,107.6797028,107.7343979,1766
04/07/2003,107.6875,107.6875,107.4375,107.6016006,1332
04/08/2003,107.5625,107.6952972,107.5547028,107.6875,1604
04/09/2003,107.7422028,107.7891006,107.6406021,107.7811966,1193
04/10/2003,107.7968979,107.7968979,107.6016006,107.6016006,547
04/11/2003,107.6016006,107.6016006,107.4061966,107.5311966,1172
04/14/2003,107.4688034,107.4843979,107.3438034,107.3983994,523
04/15/2003,107.3983994,107.5,107.3593979,107.4141006,502
04/16/2003,107.375,107.5391006,107.375,107.5391006,703
04/17/2003,107.5,107.5391006,107.4375,107.4375,398
04/21/2003,107.3906021,107.4531021,107.3358994,107.4531021,561
04/22/2003,107.5156021,107.5781021,107.4688034,107.5,555
04/23/2003,107.4843979,107.5547028,107.4843979,107.5156021,1088
04/24/2003,107.5938034,107.7343979,107.5781021,107.7031021,1151
04/25/2003,107.7188034,107.8438034,107.7108994,107.8202972,1756
04/28/2003,107.8281021,107.8593979,107.7343979,107.7733994,2418
04/29/2003,107.7577972,107.7577972,107.6561966,107.7266006,2176
04/30/2003,107.7188034,107.9688034,107.7031021,107.9531021,2831
05/01/2003,107.9766006,108.0625,107.9297028,107.9766006,6676
05/02/2003,107.9843979,108.0077972,107.7968979,107.8281021,3711
05/05/2003,107.7577972,107.8906021,107.75,107.8827972,2850
05/06/2003,107.8281021,108.1093979,107.7733994,108.0938034,6168
05/07/2003,108.1172028,108.1327972,107.9922028,108.1016006,5848
05/08/2003,108.1172028,108.1406021,107.9922028,108.0547028,2014
05/09/2003,108.0625,108.0781021,107.9843979,108.0625,2075
05/12/2003,108.1093979,108.1875,108.0468979,108.0858994,2682
05/13/2003,108.1093979,108.1093979,107.9922028,108.0468979,4534
05/14/2003,108.1641006,108.1641006,108.1641006,108.1641006,3664
05/15/2003,108.1016006,108.1483994,108,108.0547028,3523
05/16/2003,108.0625,108.2811966,108.0468979,108.2108994,3552
05/19/2003,108.2656021,108.3593979,108.2577972,108.3047028,2937
05/20/2003,108.2422028,108.4061966,108.2343979,108.3983994,5949
05/21/2003,108.4141006,108.4141006,108.2188034,108.2577972,3794
05/22/2003,108.2656021,108.3438034,108.2656021,108.3047028,5106
05/23/2003,108.3281021,108.3438034,108.2343979,108.25,3378
05/27/2003,108.25,108.3593979,108.2422028,108.3438034,6317
05/28/2003,108.3358994,108.3593979,108.25,108.3358994,5876
05/29/2003,108.3516006,108.4531021,108.3125,108.4297028,1932
05/30/2003,108.4218979,108.4452972,108.3047028,108.3906021,2983
06/02/2003,108.0077972,108.1406021,108,108.1016006,3117
06/03/2003,108.1797028,108.3827972,108.125,108.3281021,2373
06/04/2003,108.375,108.4375,108.3281021,108.3906021,2889
06/05/2003,108.3358994,108.4297028,108.25,108.2733994,2223
06/06/2003,108.3202972,108.4375,108.1483994,108.2422028,1089
06/09/2003,108.3125,108.3983994,108.3125,108.3906021,2378
06/10/2003,108.3983994,108.5156021,108.3593979,108.5077972,4897
06/11/2003,108.5311966,108.5547028,108.4297028,108.4922028,2300
06/12/2003,108.4688034,108.5781021,108.3827972,108.5468979,2498
06/13/2003,108.5391006,108.625,108.5233994,108.6172028,6267
06/16/2003,108.6172028,108.6875,108.3983994,108.4375,3287
06/17/2003,108.4218979,108.4297028,108.2422028,108.2577972,4593
06/18/2003,108.2577972,108.3358994,108.1641006,108.2188034,6346
06/19/2003,108.2188034,108.4297028,108.1875,108.3983994,2151
06/20/2003,108.3125,108.4061966,108.3125,108.3202972,1651
06/23/2003,108.3827972,108.4452972,108.3827972,108.4297028,3256
06/24/2003,108.4141006,108.5311966,108.3983994,108.5156021,4463
06/25/2003,108.5,108.5547028,108.1172028,108.1875,6148
06/26/2003,108.1718979,108.1718979,107.9297028,107.9452972,3501
06/27/2003,107.9452972,108.1172028,107.8906021,108.0391006,4698
06/30/2003,108.0938034,108.1875,108.0311966,108.1483994,3050
07/01/2003,108.1406021,108.2891006,108.1406021,108.1718979,5049
07/02/2003,108.1561966,108.2656021,108.0702972,108.2343979,2479
07/03/2003,108.2188034,108.3438034,108.0625,108.1952972,5385
07/07/2003,108.1875,108.2343979,108.0702972,108.1327972,3375
07/08/2003,108.0858994,108.1406021,108,108.0547028,4569
07/09/2003,108.0938034,108.1406021,108.0625,108.0858994,4908
07/10/2003,108.1561966,108.1797028,108.125,108.1641006,2862
07/11/2003,108.1952972,108.2733994,108.125,108.2422028,2070
07/14/2003,108.2266006,108.2343979,108.1172028,108.1406021,7141
07/15/2003,108.125,108.1561966,107.8202972,107.9452972,8664
07/16/2003,107.7891006,107.9608994,107.7811966,107.875,4765
07/17/2003,107.9218979,107.9922028,107.8125,107.8983994,2509
07/18/2003,107.9688034,107.9688034,107.8516006,107.8827972,4944
07/21/2003,107.8125,107.8438034,107.5625,107.625,3701
07/22/2003,107.5938034,107.75,107.5938034,107.7108994,3859
07/23/2003,107.75,107.9375,107.7343979,107.8202972,4022
07/24/2003,107.8906021,107.8906021,107.7188034,107.8281021,2994
07/25/2003,107.8516006,107.9688034,107.8047028,107.875,5505
07/28/2003,107.8672028,107.8672028,107.6797028,107.7188034,7888
07/29/2003,107.6561966,107.8672028,107.4766006,107.5858994,7711
07/30/2003,107.5077972,107.7656021,107.5077972,107.6641006,8861
07/31/2003,107.8281021,107.8281021,107.2108994,107.3202972,9069
08/01/2003,107.3202972,107.4218979,107.0311966,107.1797028,4323
08/04/2003,107.0800018,107.1719971,107.0800018,107.1520004,5000
08/05/2003,107.5625,107.5625,107.1561966,107.1875,5186
08/06/2003,107.2733994,107.4061966,107.2108994,107.375,3786
08/07/2003,107.4531021,107.5233994,107.2811966,107.4452972,3784
08/08/2003,107.5311966,107.6561966,107.4843979,107.5,3125
08/11/2003,107.4843979,107.5077972,107.3202972,107.3983994,7023
08/12/2003,107.4531021,107.5468979,107.2343979,107.5156021,5556
08/13/2003,107.4531021,107.4531021,107.2266006,107.2891006,4075
08/14/2003,107.3358994,107.375,107.1016006,107.2188034,1300
08/15/2003,107.2811966,107.3672028,107.2108994,107.3281021,3695
08/18/2003,107.2733994,107.3125,107.2266006,107.3047028,5866
08/19/2003,107.2968979,107.4688034,107.1718979,107.4061966,5327
08/20/2003,107.3516006,107.5077972,107.25,107.3202972,3052
08/21/2003,107.2968979,107.3516006,106.9922028,107.0858994,2311
08/22/2003,107.125,107.1718979,106.9843979,107.1406021,2159
08/25/2003,107.1093979,107.1875,107.0391006,107.0625,4819
08/26/2003,107.0547028,107.2422028,106.9452972,107.1952972,2716
08/27/2003,107.1561966,107.2266006,107.0625,107.0781021,6319
08/28/2003,107.0781021,107.3593979,107.0311966,107.3516006,3393
08/29/2003,107.2733994,107.3438034,107.2108994,107.2968979,4110
09/02/2003,106.2656021,106.5,106.25,106.2891006,5050
09/03/2003,106.3438034,106.3906021,106.2733994,106.3672028,8342
09/04/2003,106.3906021,106.6875,106.3906021,106.6561966,4812
09/05/2003,106.6483994,107.1093979,106.6483994,107.1016006,4696
09/08/2003,107.0077972,107.2733994,107,107.0625,4235
09/09/2003,106.9922028,107.125,106.9843979,107.1093979,4909
09/10/2003,107.125,107.2968979,107.0858994,107.2733994,2868
09/11/2003,107.1952972,107.2422028,107.1406021,107.1641006,4898
09/12/2003,107.1561966,107.4297028,107.125,107.3125,4460
09/15/2003,107.3516006,107.4452972,107.2577972,107.4297028,3442
09/16/2003,107.3906021,107.4531021,107.3281021,107.3906021,4672
09/17/2003,107.4218979,107.4843979,107.3672028,107.4297028,6278
09/18/2003,107.4452972,107.4452972,107.2343979,107.2968979,5237
09/19/2003,107.2968979,107.3672028,107.1797028,107.25,5237
09/22/2003,107.1875,107.2733994,107.0625,107.2656021,6296
09/23/2003,107.2968979,107.3281021,107.1797028,107.2968979,0
09/24/2003,107.2656021,107.4531021,107.2343979,107.4061966,0
09/25/2003,107.4061966,107.4766006,107.3202972,107.4218979,0
09/26/2003,107.4297028,107.625,107.4141006,107.5625,0
09/29/2003,107.5625,107.6093979,107.5311966,107.5391006,0
09/30/2003,107.6093979,107.8125,107.5702972,107.7968979,0
10/01/2003,107.7188034,107.8906021,107.7188034,107.8516006,0
10/02/2003,107.8281021,107.8281021,107.6327972,107.7891006,0
10/03/2003,107.7968979,107.7968979,107.4061966,107.4452972,0
10/06/2003,107.3827972,107.5781021,107.3827972,107.5781021,0
10/07/2003,107.5311966,107.5781021,107.4297028,107.4608994,0
10/08/2003,107.4297028,107.5468979,107.4061966,107.4843979,0
10/09/2003,107.6093979,107.6093979,107.3047028,107.3906021,0
10/10/2003,107.3906021,107.5156021,107.3906021,107.4843979,0
10/13/2003,107.4843979,107.4843979,107.4843979,107.4843979,0
10/14/2003,107.3202972,107.4061966,107.3047028,107.3593979,0
10/15/2003,107.3438034,107.3593979,107.1561966,107.2108994,0
10/16/2003,107.2188034,107.2422028,106.8202972,106.8516006,0
10/17/2003,106.8593979,107.0077972,106.8202972,106.9922028,0
10/20/2003,106.8125,107.0781021,106.7811966,107.0391006,0
10/21/2003,107,107.1483994,107,107.0391006,0
10/22/2003,107.0625,107.25,106.9843979,107.2188034,0
10/23/2003,107.2577972,107.4218979,107.1016006,107.1797028,0
10/24/2003,107.2266006,107.3827972,107.1718979,107.3593979,0
10/27/2003,107.3281021,107.3281021,107.2031021,107.2343979,0
10/28/2003,107.2108994,107.4531021,107.0625,107.4531021,0
10/29/2003,107.3983994,107.4452972,107.2811966,107.3438034,0
10/30/2003,107.2891006,107.3438034,107.1093979,107.1875,0
10/31/2003,107.2343979,107.2811966,107.125,107.2343979,6752
11/03/2003,107.1952972,107.2108994,107.0233994,107.1093979,6535
11/04/2003,107.125,107.2108994,107.1093979,107.2031021,7014
11/05/2003,107.1875,107.2031021,107.0391006,107.0702972,8241
11/06/2003,107.0468979,107.1016006,106.8983994,106.9608994,8664
11/07/2003,106.9608994,107.0233994,106.6797028,106.875,17350
11/10/2003,106.875,106.9375,106.8125,106.8281021,17350
11/11/2003,106.8281021,106.8281021,106.8281021,106.8281021,0
11/12/2003,106.8593979,106.9297028,106.8593979,106.8983994,5874
11/13/2003,106.9141006,107.1718979,106.9061966,107.1718979,6534
11/14/2003,107.1641006,107.3358994,107.1406021,107.3125,6064
11/17/2003,107.3438034,107.4531021,107.3125,107.4141006,7057
11/18/2003,107.3593979,107.4375,107.2577972,107.3827972,6145
11/19/2003,107.4141006,107.4843979,107.2188034,107.2577972,7062
11/20/2003,107.2811966,107.4061966,107.2343979,107.3906021,4562
11/21/2003,107.375,107.4766006,107.3672028,107.4141006,4565
11/24/2003,107.3827972,107.3827972,107.2188034,107.2656021,4370
11/25/2003,107.2266006,107.3672028,107.1327972,107.3438034,6910
11/26/2003,107.3358994,107.3672028,107.1797028,107.1797028,6767
11/28/2003,107.1875,107.1875,107.0781021,107.1016006,1203
03/01/2004,107.1718979,107.3125,107.1641006,107.2266006,17641
03/02/2004,107.2343979,107.2343979,107.0468979,107.1016006,18605
03/03/2004,107.0702972,107.1172028,106.9608994,107.0547028,17123
03/04/2004,107.0625,107.1172028,106.9843979,107.0938034,11293
03/05/2004,107.0858994,107.5625,107.0625,107.5077972,15071
03/08/2004,107.4688034,107.625,107.4375,107.6093979,10259
03/09/2004,107.625,107.6875,107.5625,107.6641006,8814
03/10/2004,107.6406021,107.6483994,107.5858994,107.6093979,8240
03/11/2004,107.5858994,107.7733994,107.5391006,107.6172028,10309
03/12/2004,107.7343979,107.75,107.6016006,107.625,8832
03/15/2004,107.6406021,107.6875,107.5233994,107.5858994,15577
03/16/2004,107.6016006,107.7108994,107.4922028,107.7031021,12147
03/17/2004,107.6875,107.7343979,107.6406021,107.6952972,10167
03/18/2004,107.6718979,107.6875,107.5702972,107.625,5710
03/19/2004,107.6172028,107.6561966,107.5702972,107.6016006,11151
03/22/2004,107.6561966,107.6952972,107.6093979,107.6875,4899
03/23/2004,107.6952972,107.7266006,107.6406021,107.6875,7722
03/24/2004,107.7266006,107.75,107.6952972,107.7343979,6781
03/25/2004,107.7266006,107.7422028,107.6641006,107.7266006,9080
03/26/2004,107.7108994,107.7422028,107.5781021,107.5781021,9813
03/29/2004,107.5311966,107.5781021,107.4608994,107.5,6997
03/30/2004,107.5077972,107.5625,107.4688034,107.4766006,7402
03/31/2004,107.4688034,107.6016006,107.4688034,107.5858994,10920
04/01/2004,107.5468979,107.6016006,107.0233994,107.4531021,18819
04/02/2004,107.4766006,107.5,106.6172028,106.9922028,23670
04/05/2004,106.9297028,106.9688034,106.8593979,106.9141006,17254
04/06/2004,106.9843979,107.0311966,106.9375,106.9843979,13397
04/07/2004,106.9922028,107.0702972,106.9843979,107,9872
04/08/2004,107.0156021,107.0311966,106.9218979,107,6167
04/12/2004,106.9297028,106.9843979,106.9061966,106.9688034,5059
04/13/2004,106.9531021,106.9531021,106.7266006,106.7577972,12806
04/14/2004,106.75,106.7891006,106.4922028,106.5233994,20380
04/15/2004,106.5391006,106.6172028,106.4608994,106.5702972,14587
04/16/2004,106.6016006,106.7811966,106.5702972,106.7343979,15511
04/19/2004,106.8281021,106.8281021,106.6406021,106.6718979,12781
04/20/2004,106.6016006,106.6718979,106.3672028,106.5702972,16054
04/21/2004,106.375,106.5077972,106.2968979,106.3983994,28532
04/22/2004,106.3202972,106.5233994,106.3202972,106.5233994,18129
04/23/2004,106.4218979,106.5468979,106.25,106.2891006,15765
04/26/2004,106.2733994,106.3125,106.2343979,106.3047028,10432
04/27/2004,106.25,106.4452972,106.25,106.4297028,12760
04/28/2004,106.4375,106.4531021,106.2343979,106.2891006,17390
04/29/2004,106.1952972,106.3516006,106.1406021,106.1952972,21267
04/30/2004,106.1641006,106.3125,106.1327972,106.2733994,13480
05/03/2004,106.2343979,106.2733994,106.2031021,106.2577972,10630
05/04/2004,106.2343979,106.4375,106.2188034,106.2891006,16067
05/05/2004,106.2811966,106.3906021,106.2343979,106.2656021,21903
05/06/2004,106.2422028,106.2968979,106.1406021,106.1641006,16430
05/07/2004,106.125,106.25,105.6483994,105.6875,37524
05/10/2004,105.625,105.7968979,105.625,105.7656021,18879
05/11/2004,105.7733994,105.8202972,105.75,105.7891006,15429
05/12/2004,105.7968979,105.8516006,105.7577972,105.7968979,16428
05/13/2004,105.7422028,105.7811966,105.6406021,105.6718979,17713
05/14/2004,105.5858994,105.8906021,105.5858994,105.875,24663
05/17/2004,105.9218979,106.0468979,105.9141006,106.0311966,18358
05/18/2004,105.9688034,106.0311966,105.8827972,105.9297028,10479
05/19/2004,105.9218979,105.9218979,105.7811966,105.8202972,8368
05/20/2004,105.8672028,105.9843979,105.8438034,105.9531021,9218
05/21/2004,106,106.0233994,105.8672028,105.8827972,22293
05/24/2004,105.9375,105.9452972,105.7891006,105.9297028,15047
05/25/2004,105.9531021,106.0156021,105.9218979,105.9375,34888
05/26/2004,105.8906021,106.125,105.8906021,106.1016006,41082
05/27/2004,106.0781021,106.2577972,106.0781021,106.2422028,40585
05/28/2004,106.2188034,106.2422028,106.0547028,106.0625,14439
06/01/2004,105.2577972,105.2733994,105.1327972,105.1952972,21680
06/02/2004,105.1875,105.2108994,105.0858994,105.1093979,15956
06/03/2004,105.0702972,105.1718979,105.0547028,105.1406021,20332
06/04/2004,105.125,105.1875,104.8827972,105,29353
06/07/2004,104.9531021,105.0858994,104.9531021,105.0781021,13000
06/08/2004,105.0625,105.1016006,104.9375,105.0156021,12935
06/09/2004,105.0233994,105.0233994,104.7968979,104.875,26344
06/10/2004,104.8516006,104.875,104.7656021,104.8672028,0
06/11/2004,104.8047028,104.8672028,104.7108994,104.8672028,765
06/14/2004,104.6718979,104.7188034,104.5858994,104.6093979,24256
06/15/2004,104.5938034,105.0311966,104.5858994,104.9922028,36773
06/16/2004,105,105.0077972,104.8202972,104.8827972,29019
06/17/2004,104.8593979,105,104.7422028,104.9531021,24791
06/18/2004,104.9608994,105.0468979,104.9375,104.9608994,14680
06/21/2004,104.8983994,105.0547028,104.8906021,105.0391006,16634
06/22/2004,105.0077972,105.0547028,104.9843979,105.0391006,13636
06/23/2004,104.9843979,105.1093979,104.9688034,105.0858994,14898
06/24/2004,105.0858994,105.2733994,105.0858994,105.1641006,31589
06/25/2004,105.1093979,105.2266006,105.1093979,105.1718979,13317
06/28/2004,105.1641006,105.2108994,104.9218979,104.9531021,18750
06/29/2004,104.9375,105.0547028,104.8906021,105.0233994,18641
06/30/2004,105.0233994,105.4061966,105,105.2733994,29443
07/01/2004,105.3125,105.4375,105.2266006,105.4375,22028
07/02/2004,105.3827972,105.8202972,105.3358994,105.625,23804
07/06/2004,105.5858994,105.7031021,105.5702972,105.6172028,12232
07/07/2004,105.6093979,105.6641006,105.5702972,105.6406021,13538
07/08/2004,105.6016006,105.7031021,105.5781021,105.6797028,14749
07/09/2004,105.625,105.7108994,105.625,105.7031021,6323
07/12/2004,105.625,105.7422028,105.625,105.7108994,5480
07/13/2004,105.6875,105.7422028,105.5702972,105.6406021,12590
07/14/2004,105.6406021,105.7266006,105.5625,105.5858994,13743
07/15/2004,105.5391006,105.6172028,105.5233994,105.5625,9785
07/16/2004,105.5858994,105.7811966,105.5156021,105.7733994,21079
07/19/2004,105.7577972,105.7891006,105.7266006,105.7422028,11795
07/20/2004,105.7343979,105.75,105.5077972,105.5311966,19175
07/21/2004,105.5077972,105.5233994,105.375,105.4375,21721
07/22/2004,105.4061966,105.5156021,105.4061966,105.4766006,20597
07/23/2004,105.5,105.5233994,105.4531021,105.5077972,8475
07/26/2004,105.4688034,105.5,105.3983994,105.4297028,15498
07/27/2004,105.3983994,105.4141006,105.25,105.2811966,19143
07/28/2004,105.25,105.3672028,105.2266006,105.3593979,27650
07/29/2004,105.3438034,105.4375,105.3047028,105.4297028,20348
07/30/2004,105.4061966,105.5858994,105.3906021,105.5625,20445
08/02/2004,105.625,105.7188034,105.5938034,105.625,16540
08/03/2004,105.6016006,105.6718979,105.5468979,105.6483994,15051
08/04/2004,105.625,105.7108994,105.5938034,105.6483994,12706
08/05/2004,105.6483994,105.7188034,105.6406021,105.6797028,15559
08/06/2004,105.7188034,106.3438034,105.6483994,106.1952972,36431
08/09/2004,106.1875,106.2266006,106.0858994,106.1172028,16362
08/10/2004,106.0858994,106.1327972,105.875,105.9141006,25340
08/11/2004,105.9141006,105.9922028,105.8827972,105.9766006,11950
08/12/2004,105.9766006,106.0468979,105.9061966,106.0156021,17809
08/13/2004,105.9922028,106.1406021,105.9922028,106.1093979,14036
08/16/2004,105.9922028,106.1172028,105.9922028,106.0702972,12775
08/17/2004,106.0311966,106.2031021,106,106.1718979,22762
08/18/2004,106.1952972,106.2733994,106.125,106.1718979,21674
08/19/2004,106.1406021,106.2343979,106.1327972,106.2343979,18915
08/20/2004,106.2188034,106.2656021,106.1406021,106.1561966,10534
08/23/2004,106.1406021,106.1561966,106.0547028,106.0781021,16253
08/24/2004,106.0468979,106.1172028,105.9922028,106.0938034,23454
08/25/2004,106.1093979,106.1875,106.0625,106.1093979,51878
08/26/2004,106.0858994,106.1952972,106.0702972,106.1483994,37938
08/27/2004,106.1952972,106.2108994,106.1406021,106.1483994,40641
08/30/2004,106.1483994,106.2188034,106.125,106.2108994,22709
08/31/2004,106.2188034,106.375,106.1797028,106.3125,29368
09/01/2004,105.8672028,105.9452972,105.7968979,105.8906021,38303
09/02/2004,105.9141006,105.9141006,105.75,105.7891006,22486
09/03/2004,105.7422028,106,105.0625,105.4843979,37726
09/07/2004,105.4688034,105.5547028,105.4608994,105.5391006,31315
09/08/2004,105.5311966,105.7577972,105.4531021,105.75,41574
09/09/2004,105.7422028,105.8281021,105.6875,105.7188034,25285
09/10/2004,105.7656021,105.8672028,105.6875,105.7188034,33627
09/13/2004,105.6875,105.75,105.6718979,105.7266006,14229
09/14/2004,105.75,105.8125,105.6875,105.7968979,28226
09/15/2004,105.7891006,105.7968979,105.7108994,105.7266006,17399
09/16/2004,105.7343979,105.9531021,105.6875,105.9218979,34277
09/17/2004,105.9141006,105.9688034,105.7108994,105.7188034,32794
09/20/2004,105.7422028,105.9061966,105.7343979,105.8906021,15515
09/21/2004,105.875,105.8906021,105.7031021,105.8358994,23037
09/22/2004,105.8202972,105.8516006,105.7422028,105.8281021,45142
09/23/2004,105.8358994,105.9141006,105.6483994,105.6718979,42994
09/24/2004,105.6875,105.7188034,105.5233994,105.5858994,38136
09/27/2004,105.5702972,105.7031021,105.5468979,105.6718979,21271
09/28/2004,105.6797028,105.7811966,105.6797028,105.7188034,29889
09/29/2004,105.7343979,105.75,105.5547028,105.5702972,23905
09/30/2004,105.5547028,105.6483994,105.4375,105.6172028,42548
10/01/2004,105.6093979,105.6327972,105.5311966,105.5938034,37220
10/04/2004,105.6016006,105.6016006,105.5,105.5625,20443
10/05/2004,105.5547028,105.6093979,105.5311966,105.5781021,19726
10/06/2004,105.5547028,105.5858994,105.4608994,105.4843979,22622
10/07/2004,105.4688034,105.5,105.4061966,105.4766006,41593
10/08/2004,105.4688034,105.7343979,105.4688034,105.7188034,0
10/11/2004,105.7188034,105.7188034,105.7188034,105.7188034,0
10/12/2004,105.7266006,105.8438034,105.7266006,105.7811966,27997
10/13/2004,105.7733994,105.9141006,105.7031021,105.8593979,30147
10/14/2004,105.9141006,105.9922028,105.8672028,105.9843979,34119
10/15/2004,105.9688034,105.9922028,105.7811966,105.8827972,32322
10/18/2004,105.8593979,105.8983994,105.8047028,105.875,17538
10/19/2004,105.875,105.875,105.7266006,105.8438034,32756
10/20/2004,105.8593979,105.9297028,105.8438034,105.9141006,23540
10/21/2004,105.9141006,105.9531021,105.8047028,105.8438034,59370
10/22/2004,105.8047028,105.9061966,105.7891006,105.8906021,23635
10/25/2004,105.9218979,106.0077972,105.9141006,105.9141006,37508
10/26/2004,105.8983994,105.9531021,105.8827972,105.9141006,22408
10/27/2004,105.8906021,105.9452972,105.7422028,105.7656021,43365
10/28/2004,105.7733994,105.8593979,105.6561966,105.8202972,36668
10/29/2004,105.8438034,105.9141006,105.7811966,105.8827972,27418
11/01/2004,105.8593979,105.8906021,105.7811966,105.7968979,23634
11/02/2004,105.8202972,105.875,105.7811966,105.8281021,16410
11/03/2004,105.8827972,105.8906021,105.625,105.8593979,38394
11/04/2004,105.8281021,105.8672028,105.7656021,105.7811966,25414
11/05/2004,105.7656021,105.7891006,105.2188034,105.4531021,64062
11/08/2004,105.4375,105.4608994,105.375,105.4218979,36380
11/09/2004,105.4297028,105.4608994,105.3906021,105.4218979,26507
11/10/2004,105.3906021,105.4375,105.3047028,105.3358994,0
11/11/2004,105.3358994,105.3358994,105.3358994,105.3358994,0
11/12/2004,105.3593979,105.4297028,105.3281021,105.375,24077
11/15/2004,105.4141006,105.4141006,105.2968979,105.3202972,21586
11/16/2004,105.3047028,105.3438034,105.1952972,105.2733994,39873
11/17/2004,105.2811966,105.4061966,105.1797028,105.375,78005
11/18/2004,105.3906021,105.4061966,105.2968979,105.3438034,46967
11/19/2004,105.3438034,105.4061966,105.0858994,105.2343979,79416
11/22/2004,105.2422028,105.2656021,105.1797028,105.2188034,30709
11/23/2004,105.2108994,105.2577972,105.1641006,105.1718979,75329
11/24/2004,105.1561966,105.1952972,105.1016006,105.1093979,36303
11/26/2004,105.1016006,105.125,104.9688034,105.0781021,39927
11/29/2004,105.0858994,105.125,105,105.0468979,74025
11/30/2004,105.0625,105.1641006,105.0311966,105.1327972,52100
12/01/2004,104.7577972,104.8125,104.7108994,104.7343979,67414
12/02/2004,104.7577972,104.7577972,104.6093979,104.6952972,56492
12/03/2004,104.6483994,105,104.6483994,104.9218979,74261
12/06/2004,104.9297028,104.9843979,104.8906021,104.9608994,35380
12/07/2004,104.9688034,104.9766006,104.8672028,104.9218979,37139
12/08/2004,104.9218979,105.0233994,104.8516006,104.9922028,54386
12/09/2004,105.0077972,105.0702972,104.9531021,104.9843979,31945
12/10/2004,104.9688034,105.0468979,104.9531021,104.9608994,27920
12/13/2004,104.9608994,104.9843979,104.875,104.8983994,26363
12/14/2004,104.9063034,104.9375,104.8438034,104.8983994,33398
12/15/2004,104.9063034,104.9608994,104.8827972,104.9375,28396
12/16/2004,104.9608994,104.9922028,104.8281021,104.8516006,36454
12/17/2004,104.8593979,104.875,104.7422028,104.8202972,34630
12/20/2004,104.8202972,104.8593979,104.7422028,104.7577972,18485
12/21/2004,104.7733994,104.7891006,104.7188034,104.7813034,18302
12/22/2004,104.7656021,104.8281021,104.7422028,104.8125,24012
12/23/2004,104.8281021,104.8593979,104.8125,104.8358994,11245
12/27/2004,104.8593979,104.8672028,104.7343979,104.7577972,14014
12/28/2004,104.7656021,104.7733994,104.6718979,104.7577972,18214
12/29/2004,104.7188034,104.7422028,104.6406021,104.6641006,16308
12/30/2004,104.6406021,104.75,104.6327972,104.7266006,21795
12/31/2004,104.7266006,104.8047028,104.7031021,104.7968979,9792
01/03/2005,104.75,104.7656021,104.7108994,104.75,29722
01/04/2005,104.7188034,104.75,104.5077972,104.5625,39213
01/05/2005,104.5233994,104.5702972,104.4688034,104.5468979,45164
01/06/2005,104.5313034,104.6327972,104.5156021,104.6093979,29436
01/07/2005,104.625,104.8438034,104.4608994,104.5468979,55388
01/10/2005,104.5156021,104.5468979,104.4688034,104.5233994,27114
01/11/2005,104.5156021,104.5233994,104.4531021,104.5233994,26616
01/12/2005,104.5156021,104.5938034,104.4843979,104.5468979,52430
01/13/2005,104.5547028,104.6327972,104.5313034,104.6016006,50676
01/14/2005,104.625,104.625,104.4608994,104.5,47395
01/18/2005,104.4922028,104.5,104.4297028,104.4843979,33769
01/19/2005,104.4843979,104.5468979,104.4063034,104.5077972,66471
01/20/2005,104.5391006,104.6406021,104.5077972,104.6093979,60636
01/21/2005,104.6172028,104.7343979,104.6016006,104.7108994,50260
01/24/2005,104.6875,104.7108994,104.6172028,104.6483994,31925
01/25/2005,104.625,104.6327972,104.5468979,104.6016006,54525
01/26/2005,104.6172028,104.6172028,104.5156021,104.5313034,36600
01/27/2005,104.5077972,104.5233994,104.4608994,104.5077972,35378
01/28/2005,104.4843979,104.6093979,104.4843979,104.6016006,46801
01/31/2005,104.5625,104.5625,104.4843979,104.5313034,46461
02/01/2005,104.5391006,104.5781021,104.4922028,104.5391006,36525
02/02/2005,104.5077972,104.5702972,104.4608994,104.4922028,46772
02/03/2005,104.4688034,104.4843979,104.4141006,104.4297028,40064
02/04/2005,104.4141006,104.5938034,104.25,104.5391006,80034
02/07/2005,104.5156021,104.5156021,104.4688034,104.4922028,40793
02/08/2005,104.4688034,104.4843979,104.4141006,104.4531021,67057
02/09/2005,104.4688034,104.6406021,104.4375,104.625,90012
02/10/2005,104.6093979,104.6406021,104.5156021,104.5468979,65776
02/11/2005,104.5233994,104.5858994,104.4297028,104.4688034,60866
02/14/2005,104.4452972,104.4608994,104.4063034,104.4375,32949
02/15/2005,104.4297028,104.4608994,104.3983994,104.4297028,50400
02/16/2005,104.4452972,104.5156021,104.3047028,104.3202972,81771
02/17/2005,104.3281021,104.3906021,104.2891006,104.375,60728
02/18/2005,104.3906021,104.4063034,104.2733994,104.2968979,65128
02/22/2005,104.2968979,104.3281021,104.2733994,104.2968979,61315
02/23/2005,104.3047028,104.3827972,104.2266006,104.2733994,102834
02/24/2005,104.2733994,104.3125,104.1952972,104.2188034,106816
02/25/2005,104.1875,104.2188034,104.1483994,104.1875,106897
02/28/2005,104.1563034,104.1563034,104.1016006,104.1016006,70037
03/01/2005,103.7031021,103.7577972,103.6875,103.7188034,96360
03/02/2005,103.7343979,103.7891006,103.6875,103.7656021,71436
03/03/2005,103.7813034,103.8281021,103.7343979,103.75,54477
03/04/2005,103.7577972,103.8438034,103.6483994,103.7968979,67663
03/07/2005,103.7968979,103.8281021,103.7188034,103.7422028,23291
03/08/2005,103.7266006,103.7422028,103.625,103.6952972,78532
03/09/2005,103.6797028,103.7031021,103.5781021,103.6016006,64513
03/10/2005,103.5858994,103.625,103.5313034,103.5938034,73903
03/11/2005,103.5625,103.5858994,103.4608994,103.4843979,56661
03/14/2005,103.4608994,103.4922028,103.4297028,103.4688034,47589
03/15/2005,103.4843979,103.5391006,103.4452972,103.4608994,55560
03/16/2005,103.4531021,103.625,103.4218979,103.5156021,77338
03/17/2005,103.5233994,103.6563034,103.5233994,103.5858994,63049
03/18/2005,103.5938034,103.6093979,103.5156021,103.5625,42398
03/21/2005,103.578125,103.578125,103.5,103.5546875,19462
03/22/2005,103.546875,103.6875,103.3046875,103.3203125,65706
03/23/2005,103.3359375,103.375,103.1640625,103.3125,82143
03/24/2005,103.3125,103.34375,103.2578125,103.2578125,39305
03/28/2005,103.265625,103.265625,103.2109375,103.234375,17170
03/29/2005,103.2421875,103.3125,103.2265625,103.3046875,40253
03/30/2005,103.3046875,103.3515625,103.2734375,103.3203125,39186
03/31/2005,103.3046875,103.4609375,103.2890625,103.4453125,62781
04/01/2005,103.453125,103.6640625,103.40625,103.5625,86230
04/04/2005,103.546875,103.6328125,103.4921875,103.5703125,49666
04/05/2005,103.578125,103.609375,103.546875,103.578125,39110
04/06/2005,103.59375,103.6640625,103.5703125,103.6640625,53390
04/07/2005,103.671875,103.7109375,103.59375,103.59375,52915
04/08/2005,103.59375,103.609375,103.5078125,103.5625,44768
04/11/2005,103.5625,103.609375,103.5078125,103.6015625,38558
04/12/2005,103.6015625,103.6875,103.5,103.6796875,64435
04/13/2005,103.6640625,103.78125,103.640625,103.765625,84047
04/14/2005,103.7734375,103.9609375,103.7578125,103.953125,78194
04/15/2005,103.96875,104.078125,103.90625,104.0703125,131195
04/18/2005,104.0625,104.1875,103.953125,103.9609375,74755
04/19/2005,103.953125,104.1171875,103.890625,104.078125,90758
04/20/2005,104.0625,104.09375,103.8515625,104.09375,90298
04/21/2005,104.109375,104.109375,103.828125,103.8515625,103231
04/22/2005,103.8671875,103.921875,103.8359375,103.8984375,36144
04/25/2005,103.890625,103.921875,103.796875,103.8359375,61844
04/26/2005,103.84375,103.8828125,103.75,103.8046875,108734
04/27/2005,103.8125,103.9375,103.765625,103.875,73416
04/28/2005,103.8671875,104.03125,103.859375,104.03125,72031
04/29/2005,104.0078125,104.0234375,103.8359375,103.8359375,77909
05/02/2005,103.828125,103.8984375,103.8125,103.890625,45178
05/03/2005,103.890625,103.9375,103.8125,103.8828125,53975
05/04/2005,103.890625,103.9453125,103.8515625,103.9375,70302
05/05/2005,103.9296875,104.1171875,103.9140625,104.078125,89187
05/06/2005,104.0546875,104.1015625,103.7265625,103.75,129455
05/09/2005,103.75,103.7578125,103.703125,103.703125,40697
05/10/2005,103.703125,103.859375,103.703125,103.8515625,51918
05/11/2005,103.84375,103.96875,103.78125,103.859375,82565
05/12/2005,103.8359375,103.921875,103.75,103.8984375,83430
05/13/2005,103.9140625,104.0234375,103.859375,104.015625,59393
05/16/2005,104,104.0546875,103.953125,104.0078125,27984
05/17/2005,103.9921875,104.0703125,103.921875,104.015625,51877
05/18/2005,104,104.34375,103.9921875,104.046875,74385
05/19/2005,104.0390625,104.0625,103.9296875,103.9453125,57489
05/20/2005,103.953125,103.9609375,103.859375,103.8828125,39474
05/23/2005,103.859375,104.0078125,103.8203125,103.96875,62083
05/24/2005,103.9609375,104.0390625,103.9609375,104.015625,85148
05/25/2005,104.0234375,104.078125,103.984375,104.015625,92886
05/26/2005,104.0078125,104.0546875,103.9375,103.984375,95771
05/27/2005,103.9765625,104.0234375,103.9296875,103.9609375,133737
05/31/2005,103.9765625,104.0859375,103.9765625,104.0859375,79916
06/01/2005,103.890625,104.21875,103.8671875,104.125,140724
06/02/2005,104.1171875,104.1171875,104,104.0390625,70186
06/03/2005,104.046875,104.3125,103.9140625,103.9296875,144276
06/06/2005,103.9296875,103.984375,103.859375,103.9140625,57606
06/07/2005,103.90625,104.0234375,103.890625,103.953125,87090
06/08/2005,103.953125,103.96875,103.8515625,103.8671875,42465
06/09/2005,103.8671875,103.875,103.6953125,103.8203125,94249
06/10/2005,103.8203125,103.828125,103.6640625,103.6796875,37620
06/13/2005,103.6796875,103.7265625,103.65625,103.6796875,55389
06/14/2005,103.6875,103.7578125,103.6796875,103.71875,129255
06/15/2005,103.7265625,103.78125,103.6484375,103.671875,64418
06/16/2005,103.671875,103.75,103.6171875,103.734375,57816
06/17/2005,103.734375,103.75,103.6875,103.71875,22060
06/20/2005,103.71875,103.75,103.6484375,103.6875,29329
06/21/2005,103.6796875,103.765625,103.6484375,103.75,47087
06/22/2005,103.7421875,103.9453125,103.734375,103.921875,159577
06/23/2005,103.90625,103.921875,103.84375,103.921875,41687
06/24/2005,103.921875,104.015625,103.90625,104,57684
06/27/2005,104,104.03125,103.9609375,104,48609
06/28/2005,104,104.0078125,103.859375,103.875,48534
06/29/2005,103.875,103.9453125,103.8125,103.859375,91150
06/30/2005,103.8515625,103.921875,103.765625,103.8671875,70584
07/01/2005,103.8671875,103.8671875,103.6484375,103.6640625,78692
07/05/2005,103.609375,103.65625,103.5546875,103.59375,69423
07/06/2005,103.609375,103.6484375,103.578125,103.609375,41876
07/07/2005,103.609375,104.03125,103.609375,103.7109375,89296
07/08/2005,103.7109375,103.78125,103.59375,103.6171875,60922
07/11/2005,103.6171875,103.6328125,103.5234375,103.578125,45376
07/12/2005,103.5703125,103.609375,103.515625,103.5234375,45023
07/13/2005,103.5234375,103.546875,103.46875,103.515625,56368
07/14/2005,103.5078125,103.578125,103.484375,103.515625,40746
07/15/2005,103.5234375,103.578125,103.46875,103.4921875,65347
07/18/2005,103.484375,103.5,103.4375,103.4375,25388
07/19/2005,103.4453125,103.5234375,103.3984375,103.515625,57899
07/20/2005,103.5078125,103.5390625,103.390625,103.4765625,95397
07/21/2005,103.4609375,103.5078125,103.3359375,103.359375,95988
07/22/2005,103.3671875,103.453125,103.3515625,103.421875,32615
07/25/2005,103.4140625,103.4453125,103.359375,103.359375,22964
07/26/2005,103.3671875,103.3984375,103.3515625,103.390625,22534
07/27/2005,103.390625,103.3984375,103.2890625,103.3046875,37229
07/28/2005,103.3046875,103.3671875,103.265625,103.359375,39979
07/29/2005,103.359375,103.3671875,103.2265625,103.25,58030
08/01/2005,103.25,103.25,103.171875,103.203125,51769
08/02/2005,103.2109375,103.234375,103.171875,103.1875,35788
08/03/2005,103.1953125,103.2578125,103.1875,103.2421875,30896
08/04/2005,103.2421875,103.2734375,103.2109375,103.2265625,34301
08/05/2005,103.2109375,103.234375,103.078125,103.0859375,59051
08/08/2005,103.0859375,103.09375,102.984375,103.0234375,28106
08/09/2005,102.9921875,103.09375,102.9765625,103.0703125,38324
08/10/2005,103.0859375,103.125,103.0234375,103.0703125,46370
08/11/2005,103.0703125,103.1640625,103.0234375,103.15625,50180
08/12/2005,103.15625,103.25,103.140625,103.25,53914
08/15/2005,103.234375,103.25,103.171875,103.203125,26793
08/16/2005,103.1796875,103.3046875,103.1640625,103.2734375,55584
08/17/2005,103.296875,103.3046875,103.203125,103.21875,49759
08/18/2005,103.21875,103.3203125,103.2109375,103.3046875,38719
08/19/2005,103.3125,103.3125,103.21875,103.2890625,43079
08/22/2005,103.2734375,103.3125,103.21875,103.296875,39049
08/23/2005,103.296875,103.3828125,103.2578125,103.359375,45214
08/24/2005,103.359375,103.4140625,103.3125,103.3515625,84568
08/25/2005,103.3515625,103.3671875,103.296875,103.34375,56568
08/26/2005,103.3359375,103.3515625,103.2109375,103.234375,95088
08/29/2005,103.328125,103.3515625,103.2265625,103.234375,97376
08/30/2005,103.234375,103.4765625,103.2265625,103.46875,158897
08/31/2005,103.4453125,103.6875,103.4140625,103.65625,92470
09/01/2005,103.5703125,103.8125,103.484375,103.734375,189254
09/02/2005,103.7109375,103.875,103.5703125,103.7109375,165858
09/06/2005,103.6640625,103.6640625,103.5390625,103.59375,80390
09/07/2005,103.5859375,103.6015625,103.4609375,103.4921875,87197
09/08/2005,103.484375,103.5703125,103.4296875,103.4765625,64874
09/09/2005,103.46875,103.5234375,103.4453125,103.46875,41742
09/12/2005,103.4453125,103.4921875,103.3671875,103.421875,60910
09/13/2005,103.40625,103.5234375,103.375,103.5,64004
09/14/2005,103.5,103.5703125,103.4609375,103.46875,59631
09/15/2005,103.4765625,103.5625,103.421875,103.453125,69421
09/16/2005,103.4453125,103.4765625,103.3125,103.3515625,78305
09/19/2005,103.3203125,103.4609375,103.3125,103.4296875,71157
09/20/2005,103.421875,103.4375,103.234375,103.3046875,106813
09/21/2005,103.28125,103.3984375,103.28125,103.359375,56911
09/22/2005,103.4375,103.5078125,103.3671875,103.390625,90221
09/23/2005,103.375,103.375,103.2265625,103.2421875,80635
09/26/2005,103.1640625,103.203125,103.1171875,103.1875,81840
09/27/2005,103.1875,103.2265625,103.078125,103.125,71088
09/28/2005,103.140625,103.140625,103.03125,103.109375,73938
09/29/2005,103.1171875,103.15625,103.015625,103.0546875,66907
09/30/2005,103.0234375,103.0703125,102.921875,102.9453125,75112
10/03/2005,102.9296875,103,102.859375,102.875,51827
10/04/2005,102.8984375,102.9453125,102.828125,102.8671875,52067
10/05/2005,102.8671875,102.953125,102.859375,102.890625,44487
10/06/2005,102.921875,102.9921875,102.890625,102.9296875,55963
10/07/2005,102.8984375,102.953125,102.3046875,102.9296875,76333
10/10/2005,102.9296875,102.9296875,102.9296875,102.9296875,0
10/11/2005,102.921875,102.9375,102.84375,102.890625,56071
10/12/2005,102.8671875,102.875,102.796875,102.8359375,53555
10/13/2005,102.828125,102.8359375,102.7734375,102.8203125,73997
10/14/2005,102.828125,102.8984375,102.734375,102.78125,94765
10/17/2005,102.78125,102.8203125,102.765625,102.7890625,32749
10/18/2005,102.7578125,102.8359375,102.7578125,102.8125,60739
10/19/2005,102.8203125,102.9140625,102.8203125,102.8359375,62112
10/20/2005,102.8359375,102.8671875,102.765625,102.8125,68321
10/21/2005,102.8828125,102.9375,102.8203125,102.90625,73937
10/24/2005,102.890625,102.890625,102.8046875,102.8359375,53436
10/25/2005,102.828125,102.859375,102.6640625,102.7265625,68903
10/26/2005,102.671875,102.6875,102.5859375,102.609375,101997
10/27/2005,102.609375,102.71875,102.6015625,102.6328125,69570
10/28/2005,102.6640625,102.6953125,102.5625,102.609375,56300
10/31/2005,102.578125,102.6328125,102.546875,102.6015625,46262
11/01/2005,102.609375,102.6484375,102.53125,102.546875,75754
11/02/2005,102.5625,102.59375,102.46875,102.53125,93190
11/03/2005,102.5234375,102.5625,102.4609375,102.4765625,77836
11/04/2005,102.4765625,102.5390625,102.421875,102.4765625,88470
11/07/2005,102.453125,102.5234375,102.453125,102.4765625,55703
11/08/2005,102.4921875,102.59375,102.4921875,102.5546875,74834
11/09/2005,102.5703125,102.59375,102.421875,102.4453125,64412
11/10/2005,102.4453125,102.546875,102.4375,102.5390625,59450
11/11/2005,102.5390625,102.5390625,102.5390625,102.5390625,0
11/14/2005,102.5234375,102.5625,102.4375,102.453125,49402
11/15/2005,102.4375,102.515625,102.421875,102.4921875,65724
11/16/2005,102.5,102.6328125,102.4765625,102.609375,79112
11/17/2005,102.6171875,102.71875,102.5703125,102.6875,107965
11/18/2005,102.6796875,102.6953125,102.59375,102.640625,81813
11/21/2005,102.65625,102.7265625,102.6171875,102.7109375,71563
11/22/2005,102.6796875,102.921875,102.640625,102.8515625,321621
11/23/2005,102.8203125,102.8515625,102.7421875,102.75,81962
11/25/2005,102.8046875,102.828125,102.765625,102.8125,39159
11/28/2005,102.8125,102.8359375,102.734375,102.8125,152282
11/29/2005,102.8125,102.8359375,102.6640625,102.671875,181401
11/30/2005,102.671875,102.703125,102.609375,102.625,54028
12/01/2005,102.5625,102.6328125,102.453125,102.484375,125953
12/02/2005,102.4921875,102.5625,102.4765625,102.5078125,82333
12/05/2005,102.515625,102.5234375,102.4140625,102.4453125,64762
12/06/2005,102.4375,102.5859375,102.4296875,102.546875,89805
12/07/2005,102.5546875,102.5625,102.5078125,102.53125,57190
12/08/2005,102.5390625,102.6640625,102.53125,102.6484375,75508
12/09/2005,102.640625,102.6484375,102.5078125,102.5078125,86238
12/12/2005,102.515625,102.5546875,102.4453125,102.484375,69920
12/13/2005,102.484375,102.5859375,102.453125,102.515625,89004
12/14/2005,102.5390625,102.6484375,102.53125,102.6328125,84949
12/15/2005,102.625,102.6875,102.5546875,102.625,85261
12/16/2005,102.625,102.671875,102.625,102.6484375,40422
12/19/2005,102.6484375,102.671875,102.5859375,102.6171875,43105
12/20/2005,102.6171875,102.6328125,102.5390625,102.5625,42832
12/21/2005,102.5546875,102.578125,102.484375,102.5078125,42464
12/22/2005,102.484375,102.609375,102.484375,102.59375,43685
12/23/2005,102.59375,102.6640625,102.546875,102.625,80112
12/27/2005,102.6171875,102.6953125,102.578125,102.6875,29855
12/28/2005,102.671875,102.6796875,102.6171875,102.6484375,42340
12/29/2005,102.6484375,102.6640625,102.5703125,102.6328125,40842
12/30/2005,102.6484375,102.671875,102.578125,102.59375,26743
01/03/2006,102.5859375,102.7421875,102.5234375,102.71875,112272
01/04/2006,102.7265625,102.8125,102.7109375,102.7890625,87918
01/05/2006,102.78125,102.8203125,102.75,102.765625,84795
01/06/2006,102.75,102.8515625,102.6640625,102.6953125,126708
01/09/2006,102.6875,102.734375,102.671875,102.703125,49882
01/10/2006,102.71875,102.7265625,102.6171875,102.6328125,68857
01/11/2006,102.6328125,102.671875,102.546875,102.5625,99361
01/12/2006,102.5703125,102.6796875,102.5625,102.671875,111941
01/13/2006,102.671875,102.78125,102.640625,102.7734375,108866
01/17/2006,102.75,102.796875,102.71875,102.7734375,109847
01/18/2006,102.765625,102.828125,102.71875,102.7734375,93856
01/19/2006,102.765625,102.765625,102.6796875,102.6953125,107207
01/20/2006,102.703125,102.75,102.6640625,102.71875,78653
01/23/2006,102.7421875,102.765625,102.671875,102.7421875,76710
01/24/2006,102.734375,102.75,102.6875,102.7109375,58582
01/25/2006,102.703125,102.703125,102.5546875,102.5703125,110586
01/26/2006,102.5546875,102.6015625,102.484375,102.5078125,378966
01/27/2006,102.515625,102.5859375,102.4609375,102.5,109906
01/30/2006,102.4765625,102.4921875,102.4140625,102.4453125,82377
01/31/2006,102.453125,102.4765625,102.390625,102.421875,133303
02/01/2006,102.421875,102.4453125,102.296875,102.3203125,154779
02/02/2006,102.3125,102.359375,102.3046875,102.3203125,113926
02/03/2006,102.3203125,102.3828125,102.21875,102.3203125,220901
02/06/2006,102.34375,102.3515625,102.25,102.265625,74348
02/07/2006,102.25,102.3046875,102.234375,102.2890625,92935
02/08/2006,102.2890625,102.3203125,102.203125,102.2265625,84992
02/09/2006,102.2265625,102.265625,102.171875,102.203125,103582
02/10/2006,102.1953125,102.2578125,102.1328125,102.1640625,108298
02/13/2006,102.1484375,102.1875,102.125,102.171875,53042
02/14/2006,102.171875,102.1796875,102.1015625,102.140625,91614
02/15/2006,102.1484375,102.203125,102.078125,102.1328125,111203
02/16/2006,102.1328125,102.15625,102.109375,102.1328125,96085
02/17/2006,102.140625,102.21875,102.140625,102.1875,104017
02/21/2006,102.203125,102.203125,102.1171875,102.1328125,120295
02/22/2006,102.1328125,102.1796875,102.0703125,102.1640625,144478
02/23/2006,102.1640625,102.1796875,102.0859375,102.1015625,131470
02/24/2006,102.125,102.1640625,102.0859375,102.109375,197206
02/27/2006,102.0859375,102.140625,102.0625,102.1015625,155045
02/28/2006,102.09375,102.1875,102.09375,102.1796875,84884
03/01/2006,102.1875,102.2421875,102.125,102.140625,139472
03/02/2006,102.140625,102.171875,102.0625,102.1015625,150021
03/03/2006,102.09375,102.1015625,102.0234375,102.0390625,135175
03/06/2006,101.9921875,102.046875,101.9296875,101.984375,113035
03/07/2006,101.96875,101.9921875,101.875,101.984375,154657
03/08/2006,101.9921875,102.0234375,101.9375,102,125634
03/09/2006,102.015625,102.0234375,101.96875,102.0078125,90796
03/10/2006,102.015625,102.0234375,101.8984375,101.9609375,143479
03/13/2006,101.9453125,101.9609375,101.890625,101.9375,82261
03/14/2006,101.9453125,102.1484375,101.9296875,102.125,142702
03/15/2006,102.1328125,102.1484375,102.078125,102.1171875,137748
03/16/2006,102.125,102.3515625,102.09375,102.3125,217948
03/17/2006,102.3125,102.3203125,102.234375,102.28125,94108
03/20/2006,102.265625,102.3046875,102.2421875,102.28125,63419
03/21/2006,102.2578125,102.265625,102.1015625,102.125,151953
03/22/2006,102.109375,102.140625,102.078125,102.1015625,67158
03/23/2006,102.1015625,102.1328125,102.0234375,102.0390625,85649
03/24/2006,102.0390625,102.1953125,102.03125,102.1640625,92696
03/27/2006,102.15625,102.1640625,102.1015625,102.1328125,70234
03/28/2006,102.1171875,102.1328125,101.9609375,102,155510
03/29/2006,101.96875,102,101.921875,101.9453125,121280
03/30/2006,101.953125,101.984375,101.8828125,101.8984375,155963
03/31/2006,101.890625,101.9609375,101.875,101.9296875,108575
04/03/2006,101.9296875,101.953125,101.828125,101.8515625,114363
04/04/2006,101.859375,101.9375,101.8515625,101.90625,87152
04/05/2006,101.9296875,101.9921875,101.921875,101.96875,88937
04/06/2006,101.953125,101.9609375,101.890625,101.921875,93969
04/07/2006,101.90625,101.9453125,101.765625,101.8203125,139419
04/10/2006,101.765625,101.8359375,101.71875,101.8203125,74605
04/11/2006,101.8359375,101.875,101.8125,101.8515625,51305
04/12/2006,101.8515625,101.8984375,101.7734375,101.7890625,73182
04/13/2006,101.7890625,101.8046875,101.703125,101.734375,106011
04/17/2006,101.75,101.8203125,101.75,101.8046875,53800
04/18/2006,101.8125,101.9609375,101.8046875,101.921875,138157
04/19/2006,101.9140625,101.984375,101.8203125,101.875,158164
04/20/2006,101.8828125,101.90625,101.8203125,101.84375,105109
04/21/2006,101.828125,101.875,101.7890625,101.8125,81311
04/24/2006,101.7734375,101.8828125,101.765625,101.84375,64580
04/25/2006,101.859375,101.890625,101.703125,101.7421875,131932
04/26/2006,101.7421875,101.7578125,101.6484375,101.65625,117623
04/27/2006,101.65625,101.828125,101.6015625,101.7890625,170430
04/28/2006,101.8046875,101.8828125,101.78125,101.8671875,125299
05/01/2006,101.7421875,101.7421875,101.734375,101.7421875,280
05/02/2006,101.6953125,101.78125,101.671875,101.765625,128392
05/03/2006,101.75,101.7734375,101.6953125,101.734375,149257
05/04/2006,101.7265625,101.7421875,101.6640625,101.6875,89490
05/05/2006,101.671875,101.828125,101.6640625,101.734375,104485
05/08/2006,101.734375,101.7421875,101.6796875,101.6953125,77695
05/09/2006,101.6953125,101.7109375,101.6640625,101.6953125,82519
05/10/2006,101.703125,102.0546875,101.578125,101.6640625,227632
05/11/2006,101.65625,101.7109375,101.6328125,101.6640625,131754
05/12/2006,101.6796875,101.71875,101.625,101.640625,161468
05/15/2006,101.6328125,101.71875,101.625,101.6796875,108058
05/16/2006,101.6796875,101.7578125,101.6640625,101.7421875,140914
05/17/2006,101.7421875,101.7421875,101.625,101.6875,197480
05/18/2006,101.703125,101.8046875,101.671875,101.7578125,205916
05/19/2006,101.7890625,101.7890625,101.6875,101.7109375,159292
05/22/2006,101.7031021,101.7968979,101.6875,101.7343979,132971
05/23/2006,101.7421875,101.7734375,101.6796875,101.703125,136120
05/24/2006,101.78125,101.84375,101.71875,101.7578125,217892
05/25/2006,101.765625,101.7890625,101.7109375,101.71875,147136
05/26/2006,101.7265625,101.7734375,101.6875,101.7421875,195536
05/30/2006,101.734375,101.7421875,101.6640625,101.6796875,309861
05/31/2006,101.6875,101.734375,101.5390625,101.5625,105709
06/01/2006,101.59375,101.640625,101.5625,101.6171875,142826
06/02/2006,101.6328125,101.921875,101.6328125,101.859375,196381
06/05/2006,101.859375,101.8671875,101.7265625,101.734375,109576
06/06/2006,101.7421875,101.75,101.671875,101.703125,138931
06/07/2006,101.703125,101.734375,101.6328125,101.6640625,95765
06/08/2006,101.671875,101.7578125,101.640625,101.703125,158984
06/09/2006,101.671875,101.7265625,101.6484375,101.6875,70538
06/12/2006,101.6953125,101.6953125,101.640625,101.671875,67474
06/13/2006,101.6640625,101.765625,101.65625,101.6875,150576
06/14/2006,101.6953125,101.6953125,101.4765625,101.5078125,165711
06/15/2006,101.484375,101.5078125,101.3828125,101.4453125,131491
06/16/2006,101.4453125,101.5,101.3984375,101.4140625,70390
06/19/2006,101.40625,101.421875,101.3515625,101.375,104809
06/20/2006,101.3828125,101.4140625,101.34375,101.3515625,87779
06/21/2006,101.3515625,101.3671875,101.328125,101.34375,47033
06/22/2006,101.3359375,101.3515625,101.25,101.2734375,102095
06/23/2006,101.25,101.3125,101.2109375,101.2265625,73588
06/26/2006,101.21875,101.25,101.203125,101.2109375,66260
06/27/2006,101.2109375,101.296875,101.2109375,101.234375,120385
06/28/2006,101.234375,101.265625,101.1640625,101.1796875,70598
06/29/2006,101.1796875,101.34375,101.125,101.3125,128173
06/30/2006,101.34375,101.40625,101.28125,101.390625,149489
07/03/2006,101.3828125,101.390625,101.34375,101.3671875,38735
07/05/2006,101.359375,101.421875,101.203125,101.234375,130742
07/06/2006,101.2421875,101.296875,101.2265625,101.28125,77237
07/07/2006,101.28125,101.421875,101.2734375,101.359375,109151
07/10/2006,101.3671875,101.375,101.328125,101.359375,43411
07/11/2006,101.3671875,101.4140625,101.34375,101.390625,100273
07/12/2006,101.390625,101.3984375,101.3203125,101.375,95520
07/13/2006,101.375,101.4609375,101.3515625,101.4453125,136800
07/14/2006,101.46875,101.5390625,101.4453125,101.5234375,144500
07/17/2006,101.53125,101.546875,101.421875,101.4765625,82844
07/18/2006,101.46875,101.4765625,101.3359375,101.3515625,140082
07/19/2006,101.3515625,101.5078125,101.234375,101.4921875,246450
07/20/2006,101.4921875,101.6171875,101.4453125,101.5859375,141097
07/21/2006,101.59375,101.65625,101.5390625,101.5546875,112268
07/24/2006,101.546875,101.796875,101.5078125,101.5390625,81687
07/25/2006,101.5390625,101.59375,101.484375,101.5,129963
07/26/2006,101.5,101.6015625,101.4609375,101.5625,116392
07/27/2006,101.578125,101.6328125,101.546875,101.578125,92607
07/28/2006,101.6015625,101.7265625,101.5390625,101.71875,155780
07/31/2006,101.71875,101.75,101.671875,101.734375,92597
08/01/2006,101.734375,101.7734375,101.671875,101.75,139488
08/02/2006,101.7578125,101.8046875,101.71875,101.75,100756
08/03/2006,101.75,101.765625,101.6640625,101.7109375,131886
08/04/2006,101.6875,101.875,101.671875,101.8359375,170904
08/07/2006,101.828125,101.8359375,101.75,101.765625,69447
08/08/2006,101.765625,101.8515625,101.71875,101.828125,107015
08/09/2006,101.828125,101.859375,101.796875,101.828125,94535
08/10/2006,101.828125,101.8828125,101.7578125,101.8125,89648
08/11/2006,101.8046875,101.8125,101.7109375,101.7265625,82105
08/14/2006,101.703125,101.703125,101.6328125,101.640625,69701
08/15/2006,101.640625,101.7890625,101.625,101.7578125,92530
08/16/2006,101.7578125,101.8984375,101.7421875,101.8828125,115425
08/17/2006,101.8828125,101.9453125,101.828125,101.84375,116367
08/18/2006,101.84375,101.8984375,101.8203125,101.8828125,66776
08/21/2006,101.890625,101.9296875,101.8671875,101.8984375,48712
08/22/2006,101.8984375,101.9375,101.875,101.8984375,120774
08/23/2006,101.8984375,101.8984375,101.828125,101.890625,146713
08/24/2006,101.890625,101.9140625,101.859375,101.875,132094
08/25/2006,101.8828125,101.9296875,101.859375,101.90625,71910
08/28/2006,101.9140625,101.9140625,101.859375,101.8671875,173256
08/29/2006,101.875,101.8984375,101.75,101.8828125,293243
08/30/2006,101.890625,101.9609375,101.8671875,101.9375,255856
08/31/2006,101.9609375,102.0234375,101.9296875,102.015625,101344
09/01/2006,102.1796875,102.2109375,102.09375,102.203125,131827
09/05/2006,102.1875,102.1875,102.1171875,102.1328125,80256
09/06/2006,102.1328125,102.140625,102.03125,102.0859375,127593
09/07/2006,102.0859375,102.109375,102.03125,102.0703125,78583
09/08/2006,102.078125,102.1328125,102.0625,102.109375,70197
09/11/2006,102.0703125,102.1015625,102.0078125,102.0390625,78111
09/12/2006,102.0234375,102.0703125,101.984375,102.0546875,94326
09/13/2006,102.0625,102.1171875,102.046875,102.09375,90408
09/14/2006,102.1015625,102.1640625,102.015625,102.0390625,112327
09/15/2006,102.0234375,102.0859375,101.953125,101.9609375,129063
09/18/2006,101.953125,101.96875,101.859375,101.921875,111932
09/19/2006,101.9140625,102.09375,101.890625,102.078125,123072
09/20/2006,102.0859375,102.1328125,102.0390625,102.0546875,120606
09/21/2006,102.046875,102.296875,102.0234375,102.25,166824
09/22/2006,102.2734375,102.390625,102.265625,102.3125,194145
09/25/2006,102.3125,102.40625,102.3046875,102.359375,152725
09/26/2006,102.3828125,102.3984375,102.28125,102.296875,191542
09/27/2006,102.2890625,102.3984375,102.2578125,102.3046875,154336
09/28/2006,102.3125,102.3359375,102.2578125,102.2734375,106695
09/29/2006,102.3046875,102.3359375,102.21875,102.25,141969
10/02/2006,102.234375,102.3515625,102.2109375,102.3125,89984
10/03/2006,102.328125,102.3671875,102.265625,102.296875,132385
10/04/2006,102.2890625,102.46875,102.265625,102.421875,129928
10/05/2006,102.453125,102.4609375,102.3125,102.3203125,94552
10/06/2006,102.3359375,102.4921875,102.1328125,102.140625,167322
10/09/2006,102.140625,102.140625,102.140625,102.140625,0
10/10/2006,102.140625,102.140625,101.9921875,102.015625,101268
10/11/2006,101.984375,102.0859375,101.8828125,101.921875,150104
10/12/2006,101.9296875,102.0078125,101.9296875,101.9453125,87272
10/13/2006,101.9609375,102.0546875,101.8828125,101.8984375,148787
10/16/2006,101.8984375,101.9453125,101.890625,101.9296875,62345
10/17/2006,101.953125,102.0390625,101.90625,101.953125,116634
10/18/2006,101.953125,101.984375,101.875,101.9453125,133533
10/19/2006,101.953125,101.9609375,101.8828125,101.9140625,96805
10/20/2006,101.90625,101.9453125,101.890625,101.90625,67258
10/23/2006,101.8984375,101.8984375,101.78125,101.828125,109933
10/24/2006,101.8125,101.8359375,101.796875,101.828125,96572
10/25/2006,101.828125,101.9296875,101.7890625,101.890625,94454
10/26/2006,101.90625,102.015625,101.890625,101.9921875,128830
10/27/2006,101.9921875,102.109375,101.96875,102.1015625,104865
10/30/2006,102.109375,102.125,102.0546875,102.0859375,70691
10/31/2006,102.09375,102.21875,102.0546875,102.203125,114445
11/01/2006,102.21875,102.3203125,102.1640625,102.296875,93684
11/02/2006,102.2890625,102.2890625,102.21875,102.25,79766
11/03/2006,102.2421875,102.265625,101.953125,101.9765625,162632
11/06/2006,101.9609375,101.9921875,101.9140625,101.96875,88125
11/07/2006,101.984375,102.1171875,101.96875,102.0546875,128116
11/08/2006,102.0625,102.1328125,102.03125,102.09375,95762
11/09/2006,102.09375,102.125,102.0546875,102.1015625,78273
11/10/2006,102.1015625,102.15625,102.09375,102.125,86613
11/13/2006,102.109375,102.1640625,102.015625,102.0703125,98892
11/14/2006,102.046875,102.1796875,102.0078125,102.109375,156173
11/15/2006,102.109375,102.1484375,101.9609375,101.984375,124754
11/16/2006,101.9765625,102.140625,101.90625,101.9375,212707
11/17/2006,101.921875,102.109375,101.9140625,102.0703125,160704
11/20/2006,102.0703125,102.109375,102.0390625,102.0703125,111522
11/21/2006,102.0625,102.078125,102.0078125,102.0703125,180679
11/22/2006,102.0703125,102.109375,102.046875,102.0859375,129869
11/24/2006,102.0703125,102.1484375,102.0703125,102.125,68875
11/27/2006,102.1171875,102.140625,102.015625,102.125,261689
11/28/2006,102.1328125,102.2421875,102.1015625,102.1875,384718
11/29/2006,102.1953125,102.234375,102.15625,102.171875,278947
11/30/2006,102.15625,102.2890625,102.1484375,102.28125,95017
12/01/2006,102.515625,102.75,102.4609375,102.6953125,311928
12/04/2006,102.6953125,102.7109375,102.65625,102.6953125,99210
12/05/2006,102.7109375,102.7890625,102.6328125,102.6953125,225356
12/06/2006,102.6796875,102.6875,102.5390625,102.5703125,159832
12/07/2006,102.5546875,102.6015625,102.5,102.5625,120905
12/08/2006,102.5546875,102.5625,102.34375,102.359375,215129
12/11/2006,102.359375,102.4140625,102.3203125,102.3828125,105258
12/12/2006,102.3671875,102.5078125,102.3671875,102.4765625,106385
12/13/2006,102.4765625,102.5390625,102.2734375,102.2890625,172944
12/14/2006,102.28125,102.328125,102.2265625,102.2421875,119513
12/15/2006,102.234375,102.4375,102.1875,102.2421875,184791
12/18/2006,102.2421875,102.2890625,102.21875,102.25,70851
12/19/2006,102.265625,102.328125,102.1484375,102.25,129062
12/20/2006,102.2578125,102.296875,102.234375,102.25,50833
12/21/2006,102.2578125,102.375,102.21875,102.3515625,104767
12/22/2006,102.3515625,102.3828125,102.203125,102.21875,75678
12/26/2006,102.203125,102.28125,102.203125,102.2265625,21478
12/27/2006,102.234375,102.2421875,102.078125,102.109375,70200
12/28/2006,102.1171875,102.171875,101.9765625,102.0546875,102233
12/29/2006,102.0546875,102.0859375,101.9921875,102.015625,57627
01/02/2007,102,102.109375,102,102.0625,51243
01/03/2007,102.09375,102.203125,102.0546875,102.1171875,153271
01/04/2007,102.1171875,102.2421875,102.109375,102.203125,154761
01/05/2007,102.2265625,102.2734375,102,102.1328125,208810
01/08/2007,102.1328125,102.1328125,102.046875,102.078125,132259
01/09/2007,102.078125,102.078125,102.0234375,102.0546875,122488
01/10/2007,102.0390625,102.0859375,101.984375,102.0234375,103258
01/11/2007,102.0078125,102.0234375,101.890625,101.9296875,172533
01/12/2007,101.921875,101.9453125,101.828125,101.890625,93423
01/16/2007,101.875,101.953125,101.875,101.9140625,81426
01/17/2007,101.9140625,101.9453125,101.8203125,101.8359375,114038
01/18/2007,101.8359375,101.890625,101.671875,101.8671875,155606
01/19/2007,101.8671875,101.8984375,101.7890625,101.8203125,89627
01/22/2007,101.8046875,101.8671875,101.7890625,101.828125,70621
01/23/2007,101.8203125,101.8515625,101.7578125,101.78125,134662
01/24/2007,101.765625,101.8125,101.765625,101.8046875,136655
01/25/2007,101.796875,101.8046875,101.6875,101.7265625,140344
01/26/2007,101.703125,101.765625,101.65625,101.7109375,134222
01/29/2007,101.7109375,101.75,101.6640625,101.6953125,86619
01/30/2007,101.703125,101.7421875,101.6875,101.71875,93143
01/31/2007,101.71875,101.8359375,101.671875,101.796875,225910
02/01/2007,101.8125,101.90625,101.7421875,101.7578125,204789
02/02/2007,101.7421875,101.8515625,101.71875,101.7890625,167750
02/05/2007,101.7890625,101.8359375,101.7734375,101.8125,87074
02/06/2007,101.8046875,101.875,101.765625,101.8515625,108802
02/07/2007,101.859375,101.90625,101.828125,101.890625,161571
02/08/2007,101.8828125,101.9140625,101.8359375,101.890625,116281
02/09/2007,101.8828125,101.890625,101.78125,101.8203125,127958
02/12/2007,101.8203125,101.828125,101.765625,101.78125,80726
02/13/2007,101.7734375,101.8125,101.7421875,101.765625,136299
02/14/2007,101.7578125,101.921875,101.75,101.90625,189529
02/15/2007,101.8828125,102.015625,101.8671875,101.96875,177583
02/16/2007,101.9609375,102.0625,101.953125,101.96875,132601
02/20/2007,101.9609375,102,101.921875,101.9921875,85620
02/21/2007,101.9921875,102.0234375,101.90625,101.9609375,213022
02/22/2007,101.953125,101.953125,101.8671875,101.890625,239080
02/23/2007,101.875,102.0078125,101.859375,101.9609375,271036
02/26/2007,101.9765625,102.046875,101.9609375,102.0390625,320404
02/27/2007,102.046875,102.46875,102.03125,102.3203125,469573
02/28/2007,102.3359375,102.34375,102.1796875,102.2734375,182454
03/01/2007,102.4453125,102.65625,102.4296875,102.4921875,400258
03/02/2007,102.4921875,102.640625,102.46875,102.59375,276028
03/05/2007,102.6640625,102.78125,102.5625,102.578125,302073
03/06/2007,102.625,102.625,102.484375,102.5390625,198660
03/07/2007,102.53125,102.6484375,102.515625,102.609375,151739
03/08/2007,102.640625,102.640625,102.5,102.578125,136565
03/09/2007,102.5625,102.5625,102.3046875,102.3515625,290762
03/12/2007,102.3125,102.4765625,102.3046875,102.421875,117393
03/13/2007,102.4140625,102.671875,102.4140625,102.625,257656
03/14/2007,102.671875,102.7265625,102.5546875,102.59375,309078
03/15/2007,102.546875,102.5625,102.46875,102.5234375,184503
03/16/2007,102.5078125,102.5625,102.4140625,102.4921875,178419
03/19/2007,102.5,102.515625,102.40625,102.421875,78255
03/20/2007,102.421875,102.515625,102.3984375,102.46875,118383
03/21/2007,102.453125,102.6328125,102.375,102.6171875,221936
03/22/2007,102.59375,102.6328125,102.484375,102.5078125,225160
03/23/2007,102.5078125,102.5703125,102.4375,102.4453125,148219
03/26/2007,102.453125,102.5703125,102.40625,102.5078125,144403
03/27/2007,102.484375,102.5390625,102.46875,102.5,161198
03/28/2007,102.515625,102.65625,102.4921875,102.53125,310451
03/29/2007,102.546875,102.546875,102.4296875,102.46875,198346
03/30/2007,102.4375,102.6171875,102.3203125,102.4453125,328950
04/02/2007,102.4453125,102.4921875,102.4140625,102.4453125,95783
04/03/2007,102.4375,102.4453125,102.359375,102.375,96772
04/04/2007,102.359375,102.4609375,102.34375,102.3984375,106728
04/05/2007,102.40625,102.421875,102.34375,102.3671875,90431
04/06/2007,102.359375,102.375,102.1328125,102.1484375,100043
04/09/2007,102.140625,102.171875,102.1328125,102.15625,60878
04/10/2007,102.15625,102.25,102.15625,102.2265625,176605
04/11/2007,102.2265625,102.28125,102.15625,102.1875,130905
04/12/2007,102.171875,102.234375,102.1640625,102.1796875,129320
04/13/2007,102.171875,102.203125,102.0859375,102.1015625,192961
04/16/2007,102.09375,102.1484375,102.0625,102.1328125,147809
04/17/2007,102.1328125,102.2734375,102.09375,102.25,179326
04/18/2007,102.2734375,102.34375,102.2421875,102.3203125,108840
04/19/2007,102.328125,102.3984375,102.3046875,102.3203125,173797
04/20/2007,102.3359375,102.34375,102.265625,102.3203125,98201
04/23/2007,102.296875,102.3828125,102.28125,102.3515625,139860
04/24/2007,102.359375,102.4375,102.34375,102.4140625,156663
04/25/2007,102.4140625,102.4296875,102.328125,102.3515625,147559
04/26/2007,102.3359375,102.34375,102.21875,102.2578125,145360
04/27/2007,102.2265625,102.3359375,102.2265625,102.25,187722
04/30/2007,102.2578125,102.390625,102.2578125,102.359375,128227
05/01/2007,102.375,102.3984375,102.2421875,102.296875,208657
05/02/2007,102.296875,102.3359375,102.2578125,102.2890625,120381
05/03/2007,102.28125,102.3671875,102.15625,102.171875,225401
05/04/2007,102.171875,102.2578125,102.0703125,102.234375,176619
05/07/2007,102.234375,102.25,102.1953125,102.21875,79304
05/08/2007,102.21875,102.265625,102.203125,102.234375,190383
05/09/2007,102.234375,102.2578125,102.125,102.1328125,105156
05/10/2007,102.1328125,102.2109375,102.09375,102.1953125,135954
05/11/2007,102.2109375,102.3125,102.140625,102.15625,173415
05/14/2007,102.1484375,102.1640625,102.1015625,102.1171875,94588
05/15/2007,102.109375,102.171875,102.0625,102.1015625,195207
05/16/2007,102.109375,102.1640625,102.078125,102.1015625,129217
05/17/2007,102.1015625,102.125,102,102.015625,203433
05/18/2007,102.0078125,102.0546875,101.921875,101.953125,161000
05/21/2007,101.9609375,101.984375,101.921875,101.96875,181354
05/22/2007,101.9765625,101.984375,101.90625,101.9140625,271776
05/23/2007,101.9140625,101.9453125,101.8671875,101.90625,299485
05/24/2007,101.9140625,101.9609375,101.828125,101.8984375,336414
05/25/2007,101.921875,101.9375,101.859375,101.8828125,189416
05/29/2007,101.875,101.875,101.796875,101.8203125,417507
05/30/2007,101.8125,101.8828125,101.78125,101.7890625,471340
05/31/2007,101.8046875,101.8203125,101.6875,101.7421875,143081
06/01/2007,101.8828125,101.921875,101.7578125,101.7734375,246120
06/04/2007,101.7734375,101.8203125,101.7578125,101.7890625,187228
06/05/2007,101.78125,101.8125,101.6875,101.7265625,172178
06/06/2007,101.703125,101.8125,101.6953125,101.7890625,214419
06/07/2007,101.796875,101.8046875,101.6171875,101.671875,325672
06/08/2007,101.625,101.6953125,101.578125,101.671875,310815
06/11/2007,101.65625,101.7109375,101.640625,101.6875,166126
06/12/2007,101.640625,101.65625,101.4765625,101.5546875,237063
06/13/2007,101.4765625,101.5546875,101.3984375,101.53125,361758
06/14/2007,101.5234375,101.5546875,101.4609375,101.5078125,176748
06/15/2007,101.4921875,101.6640625,101.4453125,101.609375,209446
06/18/2007,101.640625,101.6640625,101.5859375,101.65625,134099
06/19/2007,101.6640625,101.78125,101.625,101.7421875,208119
06/20/2007,101.7578125,101.78125,101.640625,101.6796875,239361
06/21/2007,101.6796875,101.796875,101.6328125,101.6796875,287082
06/22/2007,101.65625,101.78125,101.640625,101.7578125,186701
06/25/2007,101.7734375,101.8828125,101.7734375,101.8671875,216187
06/26/2007,101.84375,101.890625,101.796875,101.8359375,222661
06/27/2007,101.8828125,102,101.8203125,101.890625,260720
06/28/2007,101.8515625,101.859375,101.7109375,101.7421875,182318
06/29/2007,101.7421875,101.9296875,101.71875,101.890625,256054
07/02/2007,101.8984375,101.9609375,101.8828125,101.9375,171722
07/03/2007,101.9453125,101.96875,101.8515625,101.859375,111757
07/05/2007,101.8671875,101.8671875,101.6953125,101.703125,142259
07/06/2007,101.703125,101.7421875,101.625,101.671875,250185
07/09/2007,101.671875,101.75,101.65625,101.703125,115701
07/10/2007,101.7421875,101.9609375,101.7265625,101.9140625,281443
07/11/2007,101.9609375,102.046875,101.8515625,101.875,251162
07/12/2007,101.859375,101.9453125,101.7578125,101.78125,179120
07/13/2007,101.7734375,101.8359375,101.7265625,101.7890625,142749
07/16/2007,101.8046875,101.8984375,101.78125,101.890625,100255
07/17/2007,101.8984375,101.90625,101.796875,101.8203125,169930
07/18/2007,101.9296875,101.9921875,101.828125,101.9609375,234973
07/19/2007,101.90625,101.9453125,101.8515625,101.921875,147737
07/20/2007,101.9375,102.1015625,101.9140625,102.0625,241251
07/23/2007,102.078125,102.1171875,101.9921875,102.0234375,161850
07/24/2007,102.046875,102.15625,102.015625,102.0859375,153641
07/25/2007,102.1484375,102.1796875,102.0703125,102.1484375,206718
07/26/2007,102.15625,102.53125,102.125,102.5,441390
07/27/2007,102.46875,102.6171875,102.390625,102.4921875,420896
07/30/2007,102.578125,102.609375,102.390625,102.4375,238292
07/31/2007,102.4296875,102.546875,102.28125,102.46875,349780
08/01/2007,102.546875,102.6640625,102.375,102.4765625,376689
08/02/2007,102.390625,102.453125,102.328125,102.4296875,251970
08/03/2007,102.390625,102.6640625,102.3125,102.5859375,368663
08/06/2007,102.6796875,102.734375,102.4453125,102.5078125,280743
08/07/2007,102.46875,102.6484375,102.3515625,102.4296875,292633
08/08/2007,102.3984375,102.3984375,102.171875,102.25,293370
08/09/2007,102.1953125,102.6015625,102.1875,102.53125,434549
08/10/2007,102.5703125,102.734375,102.4765625,102.5546875,361097
08/13/2007,102.5,102.609375,102.375,102.546875,212931
08/14/2007,102.6015625,102.6953125,102.4140625,102.6796875,248911
08/15/2007,102.7109375,102.9296875,102.65625,102.8203125,345914
08/16/2007,102.8359375,103.3515625,102.796875,103.1328125,638286
08/17/2007,102.8984375,103.140625,102.8515625,103.015625,438297
08/20/2007,102.96875,103.1953125,102.9140625,103.1328125,241632
08/21/2007,103.125,103.3125,103.0078125,103.1484375,359783
08/22/2007,103.125,103.140625,102.7578125,102.9375,405758
08/23/2007,102.8203125,102.9609375,102.6796875,102.921875,334780
08/24/2007,102.7890625,102.9765625,102.7109375,102.7734375,371875
08/27/2007,102.765625,102.9765625,102.6796875,102.84375,290347
08/28/2007,102.9609375,103.203125,102.90625,103.1328125,427439
08/29/2007,103.1953125,103.265625,102.9921875,103.0546875,573202
08/30/2007,103.015625,103.15625,103,103.140625,440986
08/31/2007,103.0859375,103.1328125,102.8359375,103.03125,155267
09/04/2007,103.125,103.2890625,103.0703125,103.1171875,185412
09/05/2007,103.1015625,103.3984375,103.1015625,103.359375,221920
09/06/2007,103.359375,103.3671875,103.234375,103.2734375,245528
09/07/2007,103.2265625,103.640625,103.1875,103.6015625,328525
09/10/2007,103.59375,103.7890625,103.546875,103.7109375,257117
09/11/2007,103.6875,103.6953125,103.4765625,103.515625,197409
09/12/2007,103.515625,103.6171875,103.4375,103.4921875,173390
09/13/2007,103.46875,103.546875,103.2890625,103.328125,242271
09/14/2007,103.40625,103.5546875,103.28125,103.3984375,219191
09/17/2007,103.390625,103.453125,103.2734375,103.34375,156880
09/18/2007,103.3203125,103.5234375,103.1953125,103.4921875,302142
09/19/2007,103.46875,103.5625,103.390625,103.4765625,288504
09/20/2007,103.453125,103.5,103.2109375,103.2890625,244902
09/21/2007,103.2265625,103.3828125,103.1796875,103.34375,202077
09/24/2007,103.375,103.390625,103.265625,103.359375,125161
09/25/2007,103.359375,103.6015625,103.3515625,103.46875,214258
09/26/2007,103.453125,103.5234375,103.359375,103.484375,180241
09/27/2007,103.484375,103.5703125,103.3984375,103.546875,149828
09/28/2007,103.5390625,103.625,103.453125,103.5234375,174451
10/01/2007,103.453125,103.546875,103.390625,103.421875,185302
10/02/2007,103.421875,103.5546875,103.34375,103.5,157931
10/03/2007,103.5,103.5703125,103.3828125,103.453125,154381
10/04/2007,103.3984375,103.515625,103.359375,103.46875,178285
10/05/2007,103.484375,103.4921875,103.21875,103.3125,308142
10/08/2007,103.3125,103.3125,103.3125,103.3125,0
10/09/2007,103.296875,103.3515625,103.1875,103.21875,159177
10/10/2007,103.203125,103.2578125,103.109375,103.1796875,183165
10/11/2007,103.1875,103.25,103.0703125,103.1640625,192774
10/12/2007,103.2421875,103.25,103.015625,103.03125,214069
10/15/2007,103.0078125,103.09375,102.8984375,103.078125,192679
10/16/2007,103.03125,103.25,103.0078125,103.21875,197657
10/17/2007,103.1796875,103.5390625,103.171875,103.484375,293446
10/18/2007,103.46875,103.6171875,103.40625,103.578125,268558
10/19/2007,103.578125,103.8359375,103.53125,103.7578125,260470
10/22/2007,103.8203125,103.8828125,103.640625,103.7421875,262958
10/23/2007,103.6875,103.796875,103.59375,103.7578125,191242
10/24/2007,103.765625,103.9921875,103.7421875,103.9453125,230332
10/25/2007,103.8984375,104,103.828125,103.9140625,209087
10/26/2007,103.859375,103.9609375,103.7734375,103.875,169965
10/29/2007,103.8515625,103.859375,103.7421875,103.796875,110338
10/30/2007,103.7890625,103.8125,103.71875,103.78125,162505
10/31/2007,103.7890625,103.796875,103.515625,103.5546875,277240
11/01/2007,103.5078125,103.8984375,103.4375,103.8125,361957
11/02/2007,103.84375,104.1171875,103.6875,104.0546875,455673
11/05/2007,104.0234375,104.109375,103.9296875,104.0078125,236316
11/06/2007,103.9765625,104.078125,103.8828125,103.96875,187568
11/07/2007,103.9140625,104.2109375,103.90625,104.15625,322204
11/08/2007,104.2265625,104.4375,104.1171875,104.3515625,420241
11/09/2007,104.3125,104.46875,104.234375,104.3515625,292153
11/12/2007,104.3515625,104.3515625,104.3515625,104.3515625,0
11/13/2007,104.421875,104.4296875,104.1796875,104.234375,220400
11/14/2007,104.1953125,104.2734375,104.09375,104.203125,203524
11/15/2007,104.265625,104.578125,104.1953125,104.53125,297630
11/16/2007,104.5703125,104.625,104.4453125,104.5703125,317191
11/19/2007,104.484375,104.9375,104.484375,104.8125,260343
11/20/2007,104.828125,104.8984375,104.6484375,104.8203125,403871
11/21/2007,104.7421875,105.1484375,104.7421875,105.0078125,318136
11/23/2007,105.0234375,105.09375,104.90625,105,124926
11/26/2007,104.9921875,105.375,104.796875,105.2421875,389356
11/27/2007,105.3203125,105.328125,104.84375,104.96875,597232
11/28/2007,104.921875,105.0234375,104.71875,104.78125,656912
11/29/2007,104.78125,105.125,104.7265625,104.9921875,520037
11/30/2007,105.0390625,105.0859375,104.828125,105.015625,120567
12/03/2007,105.1015625,105.375,105.078125,105.28125,290085
12/04/2007,105.375,105.484375,105.203125,105.3125,279441
12/05/2007,105.296875,105.390625,105.1171875,105.3203125,286664
12/06/2007,105.21875,105.265625,105.0234375,105.109375,201253
12/07/2007,105.0703125,105.1484375,104.8203125,104.8671875,309868
12/10/2007,104.859375,104.96875,104.7578125,104.8125,225219
12/11/2007,104.765625,105.28125,104.7578125,105.171875,330209
12/12/2007,105.2265625,105.2421875,104.625,104.9375,533566
12/13/2007,104.9140625,105.0234375,104.6953125,104.7890625,295271
12/14/2007,104.7109375,104.765625,104.5,104.578125,240903
12/17/2007,104.5390625,104.8515625,104.53125,104.703125,188314
12/18/2007,104.8046875,104.8984375,104.6875,104.828125,191994
12/19/2007,104.7890625,105.0859375,104.6875,104.9296875,254278
12/20/2007,105,105.15625,104.8671875,105.0625,195285
12/21/2007,104.9921875,105.046875,104.7734375,104.8046875,166197
12/24/2007,104.8046875,104.828125,104.7109375,104.7421875,46068
12/26/2007,104.734375,104.796875,104.625,104.640625,71717
12/27/2007,104.640625,104.828125,104.640625,104.78125,100502
12/28/2007,104.7890625,105.0703125,104.7890625,104.96875,125177
12/31/2007,105,105.1640625,105,105.125,54053
01/02/2008,105.125,105.5546875,105.0234375,105.5078125,221082
01/03/2008,105.484375,105.7890625,105.4609375,105.59375,260858
01/04/2008,105.609375,106,105.546875,105.796875,378777
01/07/2008,105.75,105.8046875,105.625,105.71875,254032
01/08/2008,105.71875,105.8984375,105.5859375,105.71875,240926
01/09/2008,105.8671875,105.9921875,105.7578125,105.890625,299015
01/10/2008,105.796875,105.984375,105.734375,105.8515625,385584
01/11/2008,105.8515625,106.1328125,105.8515625,106.0625,364826
01/14/2008,106.109375,106.1796875,106,106.078125,214357
01/15/2008,106.0859375,106.2578125,106.03125,106.140625,343502
01/16/2008,106.25,106.3515625,106.078125,106.1875,354300
01/17/2008,106.1484375,106.40625,106.0546875,106.3046875,382130
01/18/2008,106.359375,106.484375,106.2578125,106.453125,255244
01/22/2008,106.625,107.1328125,106.609375,106.7734375,786775
01/23/2008,106.90625,107.1953125,106.5625,106.921875,516853
01/24/2008,106.6171875,106.890625,106.265625,106.4765625,417384
01/25/2008,106.3203125,106.6328125,106.1171875,106.53125,408878
01/28/2008,106.546875,106.71875,106.421875,106.546875,223420
01/29/2008,106.484375,106.5625,106.3125,106.421875,229870
01/30/2008,106.3671875,106.6171875,106.2890625,106.4140625,312306
01/31/2008,106.6640625,106.8515625,106.5703125,106.609375,374691
02/01/2008,106.7265625,106.9296875,106.5546875,106.7578125,419499
02/04/2008,106.7734375,106.8671875,106.6640625,106.8359375,248330
02/05/2008,106.828125,107.109375,106.828125,107.03125,326323
02/06/2008,107.0625,107.15625,106.9296875,106.984375,221768
02/07/2008,107.046875,107.1796875,106.71875,106.9296875,377242
02/08/2008,106.84375,107.1015625,106.828125,107.046875,235084
02/11/2008,107.046875,107.1875,106.9453125,107.1015625,181597
02/12/2008,107.1328125,107.1796875,106.859375,107.0546875,284680
02/13/2008,107.140625,107.2734375,107.03125,107.1875,294101
02/14/2008,107.140625,107.2265625,107.0625,107.171875,358959
02/15/2008,107.1640625,107.2890625,107.1015625,107.140625,225136
02/19/2008,107.1171875,107.1484375,106.7890625,106.875,364430
02/20/2008,106.8203125,106.9765625,106.6484375,106.6640625,469758
02/21/2008,106.6796875,107.046875,106.5234375,106.96875,497750
02/22/2008,106.9921875,107.0625,106.8359375,106.9921875,387321
02/25/2008,106.875,106.9140625,106.703125,106.7578125,518695
02/26/2008,106.75,106.984375,106.6640625,106.8984375,616841
02/27/2008,106.9296875,107.1796875,106.84375,106.9375,877478
02/28/2008,106.9375,107.3203125,106.9296875,107.203125,769079
02/29/2008,107.359375,107.6953125,107.328125,107.65625,280769
03/03/2008,107.5078125,107.5703125,107.3125,107.515625,406279
03/04/2008,107.4609375,107.6875,107.34375,107.484375,385558
03/05/2008,107.359375,107.5234375,107.1875,107.3359375,419621
03/06/2008,107.375,107.5859375,107.3203125,107.375,525269
03/07/2008,107.4765625,107.578125,107.2421875,107.5,441954
03/10/2008,107.4765625,107.625,107.3671875,107.5625,289356
03/11/2008,107.5234375,107.5625,107.03125,107.1796875,540964
03/12/2008,107.140625,107.4375,107.0234375,107.3515625,267984
03/13/2008,107.3671875,107.6328125,107.2890625,107.34375,422720
03/14/2008,107.3515625,107.8125,107.3046875,107.671875,542370
03/17/2008,107.6171875,107.9921875,107.5546875,107.7578125,274332
03/18/2008,107.71875,107.75,107.3125,107.3515625,359364
03/19/2008,107.3203125,107.5390625,107.1484375,107.4296875,349029
03/20/2008,107.484375,107.4921875,107.0546875,107.25,296812
03/24/2008,107.1484375,107.1484375,106.7265625,106.78125,232024
03/25/2008,106.78125,106.9609375,106.7421875,106.921875,260731
03/26/2008,106.9296875,107.1953125,106.8984375,107.09375,260663
03/27/2008,107.1953125,107.2421875,107.046875,107.1328125,259593
03/28/2008,107.2265625,107.3359375,107.09375,107.2734375,163744
03/31/2008,107.328125,107.4453125,107.2421875,107.328125,180351
04/01/2008,107.4296875,107.4765625,106.9921875,107.0390625,237305
04/02/2008,107.015625,107.125,106.734375,106.8671875,286051
04/03/2008,106.828125,107.0234375,106.7421875,106.84375,259671
04/04/2008,106.8984375,107.0625,106.8515625,107.0078125,298747
04/07/2008,107.015625,107.015625,106.671875,106.8203125,169286
04/08/2008,106.8515625,107.046875,106.8203125,106.96875,202778
04/09/2008,106.9375,107.28125,106.875,107.2265625,262296
04/10/2008,107.1875,107.3359375,107.015625,107.0703125,216491
04/11/2008,107.03125,107.2890625,107.0078125,107.25,151335
04/14/2008,107.28125,107.3828125,107.1875,107.21875,144789
04/15/2008,107.203125,107.2890625,106.9765625,107.0703125,190663
04/16/2008,106.9921875,107.109375,106.75,106.7734375,289647
04/17/2008,106.8125,106.828125,106.3984375,106.515625,397768
04/18/2008,106.546875,106.625,106.2109375,106.3984375,258591
04/21/2008,106.4765625,106.578125,106.34375,106.4296875,169111
04/22/2008,106.4140625,106.453125,106.3125,106.34375,167089
04/23/2008,106.34375,106.421875,106.234375,106.3671875,204625
04/24/2008,106.34375,106.4609375,105.96875,106.0234375,333483
04/25/2008,106.046875,106.15625,105.8203125,106.0078125,272855
04/28/2008,106.0234375,106.171875,106,106.1171875,137787
04/29/2008,106.1484375,106.28125,106.109375,106.1484375,165540
04/30/2008,106.1328125,106.3515625,106.0390625,106.34375,282870
05/01/2008,106.328125,106.4296875,106.1171875,106.171875,291357
05/02/2008,106.1171875,106.3046875,105.8203125,105.9921875,362170
05/05/2008,105.984375,106.2265625,105.921875,106.0703125,150660
05/06/2008,106.0546875,106.265625,105.9765625,106.140625,210015
05/07/2008,106.1171875,106.2734375,106.0390625,106.2265625,199317
05/08/2008,106.234375,106.46875,106.21875,106.3671875,278523
05/09/2008,106.4140625,106.5234375,106.359375,106.4140625,167103
05/12/2008,106.40625,106.4453125,106.234375,106.2890625,143501
05/13/2008,106.2421875,106.2890625,105.890625,105.9140625,259331
05/14/2008,105.9140625,105.9609375,105.6796875,105.796875,359509
05/15/2008,105.859375,106.046875,105.703125,105.984375,245885
05/16/2008,106,106.1328125,105.828125,106.015625,271056
05/19/2008,106.0234375,106.140625,105.953125,106.109375,213626
05/20/2008,106.1328125,106.3125,106.046875,106.296875,329760
05/21/2008,106.28125,106.3203125,106.0859375,106.1171875,383080
05/22/2008,106.1171875,106.1796875,105.796875,105.8671875,420313
05/23/2008,105.890625,106.1640625,105.78125,106.1484375,302594
05/27/2008,106.1484375,106.1640625,105.96875,106.0234375,482995
05/28/2008,106.015625,106.0703125,105.7890625,105.828125,632803
05/29/2008,105.8046875,105.8515625,105.5703125,105.78125,584660
05/30/2008,105.765625,105.921875,105.7578125,105.84375,159006
06/02/2008,105.3046875,105.6484375,105.296875,105.5859375,377561
06/03/2008,105.578125,105.828125,105.453125,105.78125,387460
06/04/2008,105.7890625,105.8984375,105.6484375,105.78125,342473
06/05/2008,105.71875,105.7734375,105.5703125,105.6640625,334685
06/06/2008,105.6171875,105.9140625,105.3515625,105.84375,416441
06/09/2008,105.8671875,105.921875,105.140625,105.21875,419980
06/10/2008,105.2265625,105.2265625,104.6640625,104.890625,410060
06/11/2008,104.8671875,105.21875,104.796875,105.109375,347688
06/12/2008,105.1015625,105.140625,104.625,104.765625,349488
06/13/2008,104.6875,105,104.5390625,104.6875,334002
06/16/2008,104.7109375,104.828125,104.6640625,104.71875,158388
06/17/2008,104.6796875,105,104.671875,104.8671875,289018
06/18/2008,104.9296875,105.046875,104.828125,104.984375,261431
06/19/2008,105,105.0859375,104.7265625,104.765625,346973
06/20/2008,104.84375,105.0546875,104.8046875,105,255932
06/23/2008,104.8984375,104.9609375,104.78125,104.828125,194577
06/24/2008,104.8359375,105.1328125,104.78125,105.0703125,340638
06/25/2008,105.0703125,105.234375,104.828125,105.1875,300516
06/26/2008,105.2109375,105.5390625,105.171875,105.5,381104
06/27/2008,105.53125,105.625,105.3828125,105.546875,266556
06/30/2008,105.578125,105.6796875,105.4296875,105.6015625,208162
07/01/2008,105.5703125,105.796875,105.4921875,105.578125,380960
07/02/2008,105.5703125,105.7734375,105.4921875,105.71875,338582
07/03/2008,105.703125,105.875,105.671875,105.8046875,239539
07/04/2008,105.7890625,105.90625,105.7734375,105.8046875,7535
07/07/2008,105.8671875,106.1484375,105.7265625,105.921875,294501
07/08/2008,105.9296875,106.0859375,105.8671875,105.9609375,273404
07/09/2008,105.890625,106.1484375,105.796875,106.09375,278911
07/10/2008,106.1015625,106.171875,105.96875,106.0546875,287794
07/11/2008,106.03125,106.078125,105.609375,105.6796875,366246
07/14/2008,105.6484375,106.0390625,105.5234375,105.9609375,352584
07/15/2008,105.9765625,106.375,105.9609375,106.1171875,353749
07/16/2008,106.15625,106.2578125,106,106.078125,308515
07/17/2008,106.0859375,106.0859375,105.734375,105.78125,293418
07/18/2008,105.921875,105.9765625,105.5703125,105.671875,246504
07/21/2008,105.640625,105.7578125,105.4609375,105.640625,219142
07/22/2008,105.7265625,105.828125,105.4375,105.546875,276022
07/23/2008,105.515625,105.515625,105.3046875,105.390625,380419
07/24/2008,105.4765625,105.8515625,105.4296875,105.78125,318721
07/25/2008,105.8203125,105.9140625,105.6171875,105.6328125,277305
07/28/2008,105.6328125,105.9296875,105.6171875,105.8828125,203334
07/29/2008,105.9296875,105.9453125,105.703125,105.796875,182074
07/30/2008,105.8515625,105.875,105.6640625,105.7734375,210728
07/31/2008,105.8203125,106.0703125,105.7734375,106,274503
08/01/2008,106.0390625,106.140625,105.9375,106.03125,285974
08/04/2008,106.0546875,106.1015625,105.96875,105.9765625,190146
08/05/2008,105.984375,106.046875,105.8984375,105.96875,194622
08/06/2008,105.953125,106.0703125,105.78125,105.90625,280281
08/07/2008,105.8828125,106.21875,105.8828125,106.1640625,320847
08/08/2008,106.1796875,106.25,105.984375,106.0390625,291926
08/11/2008,106.0546875,106.1484375,105.8359375,105.921875,196837
08/12/2008,105.9453125,106.1875,105.9375,106.15625,205353
08/13/2008,106.1640625,106.234375,106.03125,106.0703125,220213
08/14/2008,106.0859375,106.21875,106,106.1796875,232434
08/15/2008,106.1875,106.4140625,106.1328125,106.28125,204994
08/18/2008,106.2890625,106.421875,106.2421875,106.390625,220473
08/19/2008,106.3828125,106.5234375,106.3828125,106.421875,324033
08/20/2008,106.46875,106.6015625,106.3671875,106.5625,340502
08/21/2008,106.5546875,106.65625,106.40625,106.4375,312525
08/22/2008,106.4609375,106.5078125,106.2109375,106.28125,304245
08/25/2008,106.296875,106.4765625,106.25,106.4453125,258432
08/26/2008,106.4453125,106.5078125,106.3515625,106.4140625,387064
08/27/2008,106.4453125,106.5546875,106.296875,106.515625,729207
08/28/2008,106.53125,106.53125,106.3515625,106.3984375,375457
08/29/2008,106.421875,106.4765625,106.3125,106.46875,100976
09/02/2008,106.109375,106.328125,105.9921875,106.3125,275931
09/03/2008,106.2734375,106.375,106.2578125,106.3515625,234244
09/04/2008,106.3125,106.515625,106.2421875,106.4765625,246227
09/05/2008,106.5390625,106.7734375,106.203125,106.3828125,361198
09/08/2008,106.1328125,106.3046875,105.7890625,106.2734375,483215
09/09/2008,106.234375,106.515625,106.0859375,106.4375,387811
09/10/2008,106.5,106.5546875,106.28125,106.4296875,360104
09/11/2008,106.46875,106.6484375,106.4140625,106.5,347083
09/12/2008,106.421875,106.609375,106.3125,106.3984375,368057
09/15/2008,106.796875,107.4609375,106.796875,107.3203125,500263
09/16/2008,107.4140625,107.703125,106.8515625,106.96875,582571
09/17/2008,107.1875,107.5703125,106.828125,107.4921875,579717
09/18/2008,107.4375,107.890625,107.1171875,107.484375,562208
09/19/2008,107.2578125,107.3046875,106.125,106.4921875,428334
09/22/2008,106.5703125,106.6171875,106.265625,106.5390625,241704
09/23/2008,106.5859375,106.7265625,106.5078125,106.5546875,328805
09/24/2008,106.5390625,106.8984375,106.46875,106.8359375,281014
09/25/2008,106.7734375,106.8359375,106.375,106.4140625,375764
09/26/2008,106.4375,106.7890625,106.390625,106.6640625,250902
09/29/2008,106.5625,107.6953125,106.4921875,107.328125,280199
09/30/2008,107.28125,107.421875,106.6484375,106.71875,235214
10/01/2008,106.796875,107.2421875,106.765625,107.0390625,286244
10/02/2008,107.0390625,107.4296875,106.9453125,107.359375,251980
10/03/2008,107.34375,107.4921875,107,107.34375,387832
10/06/2008,107.5234375,107.828125,107.4453125,107.8046875,268367
10/07/2008,107.6328125,107.78125,107.4375,107.6015625,307576
10/08/2008,107.6171875,108.109375,107.0625,107.3671875,399748
10/09/2008,107.4140625,107.4765625,106.9921875,107,241122
10/10/2008,107.3125,107.609375,107.0234375,107.2578125,262180
10/13/2008,107.1484375,107.1484375,106.546875,106.625,38039
10/14/2008,106.5859375,106.96875,106.53125,106.9453125,231862
10/15/2008,106.890625,107.3125,106.8828125,107.1953125,179222
10/16/2008,107.3359375,107.4453125,107.03125,107.3515625,222585
10/17/2008,107.28125,107.4140625,107.1328125,107.3359375,211748
10/20/2008,107.3671875,107.390625,106.96875,107.0625,217228
10/21/2008,107.140625,107.40625,107.0703125,107.359375,169722
10/22/2008,107.2734375,107.5078125,107.2578125,107.4140625,176865
10/23/2008,107.515625,107.6171875,107.2421875,107.546875,242530
10/24/2008,107.296875,107.796875,107.296875,107.484375,236120
10/27/2008,107.5234375,107.765625,107.3984375,107.453125,188916
10/28/2008,107.515625,107.5703125,107.3203125,107.421875,213146
10/29/2008,107.453125,107.859375,107.453125,107.5859375,198960
10/30/2008,107.7421875,107.7421875,107.46875,107.5390625,211435
10/31/2008,107.5234375,107.734375,107.359375,107.4140625,211772
11/03/2008,107.4375,107.84375,107.3671875,107.78125,113499
11/04/2008,107.8125,107.9453125,107.6875,107.9140625,139716
11/05/2008,107.875,108.0390625,107.7421875,108,128922
11/06/2008,107.9921875,108.171875,107.9765625,108.109375,137273
11/07/2008,108.140625,108.3125,107.9453125,108.0078125,140050
11/10/2008,107.984375,108.2578125,107.859375,108.2109375,89526
11/11/2008,108.1875,108.3046875,108.1328125,108.25,18418
11/12/2008,108.21875,108.5,108.21875,108.4453125,122526
11/13/2008,108.4765625,108.53125,108.1953125,108.3046875,149107
11/14/2008,108.2421875,108.3984375,108.2109375,108.2421875,163093
11/17/2008,108.328125,108.3671875,108.203125,108.3046875,89257
11/18/2008,108.359375,108.484375,108.234375,108.4609375,177741
11/19/2008,108.453125,108.640625,108.375,108.5625,174396
11/20/2008,108.5703125,108.875,108.5625,108.75,317559
11/21/2008,108.7421875,108.8046875,108.5390625,108.6875,240092
11/24/2008,108.5703125,108.6796875,108.4140625,108.46875,313624
11/25/2008,108.484375,108.8515625,108.4453125,108.796875,423961
11/26/2008,108.7890625,108.921875,108.65625,108.8984375,240022
11/28/2008,108.828125,109.515625,108.71875,109.1875,63893
12/01/2008,108.4765625,108.5703125,108.328125,108.375,174400
12/02/2008,108.3515625,108.4765625,108.1796875,108.21875,144711
12/03/2008,108.3125,108.3125,108,108.1640625,148880
12/04/2008,108.171875,108.3828125,107.875,108.2265625,170570
12/05/2008,108.3203125,108.3984375,108.09375,108.203125,151333
12/08/2008,108.1796875,108.1796875,107.703125,108.078125,96604
12/09/2008,108.140625,108.3359375,108.0078125,108.2578125,92663
12/10/2008,108.296875,108.296875,108.0390625,108.1484375,94687
12/11/2008,108.203125,108.3671875,108.0703125,108.3203125,132006
12/12/2008,108.359375,108.5546875,108.03125,108.2734375,116201
12/15/2008,108.25,108.546875,108.171875,108.4765625,83644
12/16/2008,108.515625,108.8203125,108.296875,108.7421875,111346
12/17/2008,108.7734375,108.890625,108.515625,108.65625,128393
12/18/2008,108.609375,108.828125,108.5390625,108.765625,79554
12/19/2008,108.7890625,108.8046875,108.5625,108.6875,56389
12/22/2008,108.625,108.71875,108.5390625,108.671875,66182
12/23/2008,108.734375,108.734375,108.5625,108.71875,47423
12/24/2008,108.703125,108.84375,108.671875,108.703125,7416
12/26/2008,108.84375,108.84375,108.6640625,108.7265625,8649
12/29/2008,108.703125,109.0625,108.6875,108.96875,34946
12/30/2008,108.9609375,109.0859375,108.859375,109.046875,38701
12/31/2008,109.09375,109.125,108.90625,109.03125,31650
01/02/2009,109.03125,109.125,108.7421875,108.7734375,49824
01/05/2009,108.9375,109.078125,108.75,109.015625,119992
01/06/2009,109.046875,109.1015625,108.859375,108.9765625,83905
01/07/2009,109.0703125,109.1171875,108.8828125,109.0234375,95602
01/08/2009,108.9609375,109.09375,108.9140625,108.953125,156988
01/09/2009,108.921875,109.21875,108.9140625,109.125,118623
01/12/2009,109.1328125,109.2578125,109.1171875,109.203125,70669
01/13/2009,109.203125,109.21875,109.0390625,109.203125,79049
01/14/2009,109.1953125,109.3125,109.0703125,109.2265625,148384
01/15/2009,109.2578125,109.296875,109.15625,109.21875,91777
01/16/2009,109.203125,109.3125,109.09375,109.2734375,76779
01/20/2009,109.2734375,109.3203125,109.046875,109.3046875,112035
01/21/2009,109.28125,109.296875,109.1328125,109.140625,79920
01/22/2009,109.171875,109.2578125,109.1171875,109.2109375,96757
01/23/2009,109.2265625,109.265625,108.96875,109.0703125,157067
01/26/2009,109.0546875,109.078125,108.90625,109.0078125,80248
01/27/2009,109.0078125,109.0859375,108.9375,109.0703125,100220
01/28/2009,109.046875,109.125,108.875,108.984375,142511
01/29/2009,108.9140625,109.03125,108.8046875,108.84375,113415
01/30/2009,108.8359375,109,108.796875,108.8125,141350
02/02/2009,108.8046875,108.96875,108.796875,108.890625,115318
02/03/2009,108.9140625,108.9375,108.78125,108.8515625,105666
02/04/2009,108.7890625,108.8984375,108.7421875,108.796875,107756
02/05/2009,108.8046875,108.875,108.7265625,108.796875,92557
02/06/2009,108.78125,108.875,108.7578125,108.8046875,118358
02/09/2009,108.7734375,108.859375,108.640625,108.6796875,97782
02/10/2009,108.734375,108.96875,108.703125,108.9296875,119951
02/11/2009,108.953125,109.0078125,108.84375,108.90625,130524
02/12/2009,108.9453125,109.03125,108.9140625,109.015625,108076
02/13/2009,108.953125,108.984375,108.828125,108.8671875,75896
02/17/2009,108.8984375,109.0625,108.859375,109.015625,116689
02/18/2009,109.0390625,109.0546875,108.78125,108.859375,153564
02/19/2009,108.8203125,108.9296875,108.765625,108.78125,171549
02/20/2009,108.828125,109,108.8125,108.875,171888
02/23/2009,108.875,108.9140625,108.7578125,108.8515625,207805
02/24/2009,108.875,108.9296875,108.7734375,108.796875,279860
02/25/2009,108.7890625,108.875,108.6484375,108.6640625,339107
02/26/2009,108.6953125,108.7421875,108.6171875,108.6953125,267154
02/27/2009,108.671875,108.96875,108.65625,108.859375,79747
03/02/2009,108.3671875,108.6015625,108.3671875,108.5625,139353
03/03/2009,108.578125,108.625,108.46875,108.5078125,108308
03/04/2009,108.609375,108.609375,108.3828125,108.4375,117549
03/05/2009,108.4921875,108.609375,108.453125,108.5859375,118066
03/06/2009,108.578125,108.78125,108.453125,108.5546875,124317
03/09/2009,108.515625,108.546875,108.3671875,108.4453125,105874
03/10/2009,108.46875,108.4765625,108.3046875,108.390625,155508
03/11/2009,108.359375,108.421875,108.3046875,108.3828125,89032
03/12/2009,108.3984375,108.484375,108.34375,108.3671875,99629
03/13/2009,108.375,108.546875,108.296875,108.4921875,88852
03/16/2009,108.5078125,108.5546875,108.375,108.4140625,77692
03/17/2009,108.421875,108.484375,108.328125,108.34375,81854
03/18/2009,108.34375,108.8984375,108.328125,108.78125,196984
03/19/2009,108.8125,108.875,108.703125,108.75,145490
03/20/2009,108.7265625,108.8671875,108.703125,108.7421875,103267
03/23/2009,108.75,108.75,108.6328125,108.703125,59125
03/24/2009,108.703125,108.703125,108.578125,108.671875,141704
03/25/2009,108.640625,108.6640625,108.5703125,108.640625,81792
03/26/2009,108.625,108.78125,108.59375,108.75,87070
03/27/2009,108.7109375,108.796875,108.703125,108.734375,67292
03/30/2009,108.734375,108.8515625,108.7265625,108.8203125,71093
03/31/2009,108.8515625,108.96875,108.8046875,108.9453125,100846
04/01/2009,108.9453125,108.9765625,108.8671875,108.890625,88060
04/02/2009,108.890625,108.9140625,108.7109375,108.7421875,106970
04/03/2009,108.703125,108.734375,108.546875,108.546875,124984
04/06/2009,108.5625,108.6328125,108.46875,108.5625,92807
04/07/2009,108.578125,108.6875,108.5546875,108.609375,78086
04/08/2009,108.625,108.703125,108.5390625,108.59375,113278
04/09/2009,108.59375,108.6171875,108.5,108.546875,61828
04/13/2009,108.5625,108.7265625,108.5390625,108.7265625,50386
04/14/2009,108.7109375,108.8046875,108.6484375,108.7734375,120283
04/15/2009,108.7421875,108.8125,108.6875,108.7578125,105941
04/16/2009,108.75,108.75,108.625,108.6484375,108766
04/17/2009,108.6171875,108.6640625,108.4375,108.5078125,120744
04/20/2009,108.484375,108.640625,108.4765625,108.625,112907
04/21/2009,108.625,108.703125,108.5546875,108.578125,118575
04/22/2009,108.5625,108.6328125,108.4921875,108.4921875,107505
04/23/2009,108.53125,108.6015625,108.4921875,108.5703125,81985
04/24/2009,108.59375,108.609375,108.5234375,108.5625,87285
04/27/2009,108.5703125,108.7578125,108.5703125,108.75,153740
04/28/2009,108.7265625,108.8359375,108.609375,108.65625,110039
04/29/2009,108.640625,108.8828125,108.625,108.7109375,133764
04/30/2009,108.6953125,108.796875,108.625,108.7734375,141786
05/01/2009,108.765625,108.78125,108.6875,108.7421875,80605
05/04/2009,108.78125,108.8125,108.6953125,108.7109375,61937
05/05/2009,108.703125,108.7421875,108.640625,108.6875,93661
05/06/2009,108.6875,108.78125,108.6484375,108.7109375,116114
05/07/2009,108.6953125,108.7265625,108.546875,108.640625,128983
05/08/2009,108.609375,108.71875,108.5546875,108.6484375,101427
05/11/2009,108.65625,108.84375,108.65625,108.828125,91205
05/12/2009,108.8359375,108.875,108.7578125,108.84375,110079
05/13/2009,108.84375,108.9296875,108.7890625,108.90625,107930
05/14/2009,108.8984375,108.9765625,108.8828125,108.9375,105068
05/15/2009,108.953125,108.9609375,108.8984375,108.9453125,110439
05/18/2009,108.953125,108.96875,108.7890625,108.828125,123844
05/19/2009,108.8125,108.8984375,108.75,108.8671875,196764
05/20/2009,108.8671875,109.015625,108.8515625,108.96875,161559
05/21/2009,108.96875,109.0078125,108.8671875,108.9140625,229712
05/22/2009,108.890625,108.9453125,108.8359375,108.8671875,128953
05/26/2009,108.84375,108.9765625,108.796875,108.859375,320534
05/27/2009,108.796875,108.96875,108.7890625,108.859375,456210
05/28/2009,108.84375,108.890625,108.6953125,108.8359375,373273
05/29/2009,108.8359375,109,108.8359375,108.984375,104285
06/01/2009,108.3359375,108.40625,108.2734375,108.3046875,129704
06/02/2009,108.34375,108.4453125,108.3125,108.3359375,202405
06/03/2009,108.3671875,108.46875,108.3125,108.4375,142237
06/04/2009,108.46875,108.46875,108.3125,108.3359375,135183
06/05/2009,108.28125,108.3515625,107.5078125,107.515625,423668
06/08/2009,107.5078125,107.53125,107.1953125,107.2578125,226238
06/09/2009,107.25,107.5625,107.25,107.5234375,213589
06/10/2009,107.5234375,107.53125,107.296875,107.4140625,142839
06/11/2009,107.40625,107.5,107.2578125,107.46875,201457
06/12/2009,107.4609375,107.65625,107.4375,107.59375,152833
06/15/2009,107.59375,107.7421875,107.59375,107.703125,124441
06/16/2009,107.703125,107.828125,107.59375,107.7578125,137610
06/17/2009,107.8046875,107.9296875,107.734375,107.8515625,161063
06/18/2009,107.8828125,107.8984375,107.6015625,107.65625,258189
06/19/2009,107.65625,107.734375,107.5703125,107.7109375,169235
06/22/2009,107.7578125,107.9140625,107.6953125,107.8984375,96437
06/23/2009,107.90625,107.9921875,107.8125,107.9609375,135297
06/24/2009,107.96875,108.015625,107.828125,107.90625,151655
06/25/2009,107.875,108.09375,107.8203125,108.0625,134060
06/26/2009,108.0703125,108.15625,108,108.125,115214
06/29/2009,108.1015625,108.1640625,108.0859375,108.125,104701
06/30/2009,108.1328125,108.140625,107.96875,108.109375,146267
07/01/2009,108.109375,108.25,108.0625,108.2265625,139976
07/02/2009,108.2421875,108.40625,108.2109375,108.3828125,138965
07/03/2009,108.390625,108.484375,108.375,108.3828125,138965
07/06/2009,108.453125,108.4921875,108.40625,108.4609375,93166
07/07/2009,108.46875,108.4765625,108.390625,108.4140625,129070
07/08/2009,108.421875,108.5703125,108.3828125,108.5546875,192979
07/09/2009,108.5078125,108.53125,108.4609375,108.4921875,125963
07/10/2009,108.515625,108.640625,108.5,108.5859375,92233
07/13/2009,108.6171875,108.640625,108.53125,108.5546875,93765
07/14/2009,108.5546875,108.578125,108.4375,108.5,166130
07/15/2009,108.4609375,108.5,108.28125,108.328125,167767
07/16/2009,108.3203125,108.484375,108.3203125,108.421875,154176
07/17/2009,108.3984375,108.4765625,108.3203125,108.3671875,103416
07/20/2009,108.40625,108.453125,108.2890625,108.4375,104500
07/21/2009,108.4296875,108.6171875,108.34375,108.5390625,166277
07/22/2009,108.546875,108.59375,108.4765625,108.484375,108326
07/23/2009,108.515625,108.5234375,108.2734375,108.28125,168772
07/24/2009,108.3671875,108.3984375,108.2890625,108.3671875,90198
07/27/2009,108.3671875,108.3828125,108.2109375,108.3359375,116153
07/28/2009,108.3125,108.40625,108.203125,108.25,154482
07/29/2009,108.2421875,108.34375,108.046875,108.1640625,175607
07/30/2009,108.1796875,108.1953125,108.0625,108.1015625,168606
07/31/2009,108.1640625,108.3203125,108.078125,108.2890625,242424
08/03/2009,108.3203125,108.3203125,108.1015625,108.15625,229534
08/04/2009,108.1640625,108.2265625,108.0703125,108.125,140143
08/05/2009,108.1015625,108.234375,107.984375,108.0703125,229221
08/06/2009,108.078125,108.140625,108.015625,108.1015625,133166
08/07/2009,108.09375,108.1640625,107.5234375,107.8984375,232779
08/10/2009,107.8984375,108.0703125,107.84375,108.046875,120990
08/11/2009,108.03125,108.1953125,108,108.140625,164297
08/12/2009,108.171875,108.2890625,108.078125,108.2890625,191538
08/13/2009,108.2421875,108.3984375,108.1484375,108.3828125,246736
08/14/2009,108.359375,108.53125,108.359375,108.453125,164125
08/17/2009,108.4453125,108.578125,108.4453125,108.53125,122837
08/18/2009,108.5234375,108.5546875,108.4453125,108.484375,140991
08/19/2009,108.515625,108.6171875,108.5,108.5859375,209718
08/20/2009,108.6015625,108.625,108.5,108.59375,163128
08/21/2009,108.6015625,108.671875,108.375,108.4453125,209679
08/24/2009,108.40625,108.6171875,108.40625,108.5859375,245840
08/25/2009,108.578125,108.6171875,108.5078125,108.578125,328372
08/26/2009,108.6015625,108.6640625,108.5546875,108.6328125,479871
08/27/2009,108.6484375,108.7109375,108.59375,108.6640625,447882
08/28/2009,108.6875,108.765625,108.640625,108.7265625,315724
08/31/2009,108.7265625,108.8515625,108.7265625,108.84375,67168
09/01/2009,108.15625,108.34375,108.125,108.3203125,252240
09/02/2009,108.3203125,108.3984375,108.2734375,108.375,231928
09/03/2009,108.3828125,108.3828125,108.28125,108.34375,140500
09/04/2009,108.3203125,108.3671875,108.2421875,108.3046875,196121
09/08/2009,108.3046875,108.3828125,108.28125,108.328125,172016
09/09/2009,108.296875,108.3671875,108.265625,108.3515625,146042
09/10/2009,108.3515625,108.4765625,108.3125,108.453125,171368
09/11/2009,108.4453125,108.53125,108.4140625,108.4453125,189213
09/14/2009,108.40625,108.4765625,108.390625,108.4375,121741
09/15/2009,108.4140625,108.4453125,108.328125,108.3828125,155097
09/16/2009,108.3671875,108.46875,108.25,108.2734375,213128
09/17/2009,108.2578125,108.3828125,108.1953125,108.34375,195307
09/18/2009,108.359375,108.3984375,108.2265625,108.25,132460
09/21/2009,108.25,108.3515625,108.234375,108.25,118109
09/22/2009,108.265625,108.3515625,108.2109375,108.3203125,135901
09/23/2009,108.3359375,108.46875,108.25,108.4453125,134053
09/24/2009,108.4453125,108.53125,108.3828125,108.5078125,191470
09/25/2009,108.5234375,108.53125,108.3828125,108.3984375,209835
09/28/2009,108.4296875,108.46875,108.375,108.4296875,161468
09/29/2009,108.4453125,108.4453125,108.2890625,108.3828125,222284
09/30/2009,108.3984375,108.5,108.296875,108.484375,249569
10/01/2009,108.4921875,108.6640625,108.46875,108.640625,257439
10/02/2009,108.6640625,108.75,108.625,108.65625,323419
10/05/2009,108.671875,108.7265625,108.640625,108.6640625,184315
10/06/2009,108.671875,108.6875,108.578125,108.6328125,216105
10/07/2009,108.609375,108.7421875,108.6015625,108.734375,195437
10/08/2009,108.71875,108.7421875,108.640625,108.6640625,228786
10/09/2009,108.6484375,108.6796875,108.46875,108.5234375,302194
10/12/2009,108.4921875,108.6328125,108.484375,108.6015625,38565
10/13/2009,108.6015625,108.703125,108.5703125,108.6875,200682
10/14/2009,108.640625,108.6640625,108.5390625,108.609375,260300
10/15/2009,108.6171875,108.6484375,108.546875,108.5546875,307786
10/16/2009,108.5625,108.5703125,108.4765625,108.5234375,258976
10/19/2009,108.515625,108.546875,108.453125,108.515625,196908
10/20/2009,108.5078125,108.6484375,108.4765625,108.6328125,217660
10/21/2009,108.625,108.640625,108.5078125,108.515625,184165
10/22/2009,108.5390625,108.5859375,108.484375,108.5703125,187296
10/23/2009,108.5625,108.5625,108.421875,108.4609375,244648
10/26/2009,108.4453125,108.4609375,108.3828125,108.40625,221343
10/27/2009,108.40625,108.6171875,108.390625,108.59375,273717
10/28/2009,108.6015625,108.75,108.5546875,108.7109375,233413
10/29/2009,108.6953125,108.7421875,108.59375,108.6328125,210431
10/30/2009,108.640625,108.828125,108.625,108.8046875,239380
11/02/2009,108.828125,108.859375,108.734375,108.78125,186377
11/03/2009,108.78125,108.875,108.7578125,108.796875,292935
11/04/2009,108.7890625,108.84375,108.7109375,108.8203125,297372
11/05/2009,108.8203125,108.8984375,108.8046875,108.8671875,209807
11/06/2009,108.8671875,108.96875,108.8359375,108.9296875,340998
11/09/2009,108.921875,108.9453125,108.890625,108.9296875,127520
11/10/2009,108.9296875,108.9765625,108.8984375,108.953125,146661
11/11/2009,108.9765625,109.046875,108.953125,109.0390625,35852
11/12/2009,109.03125,109.0390625,108.9375,109.015625,207381
11/13/2009,109.015625,109.03125,108.953125,109.0234375,168440
11/16/2009,109.015625,109.1328125,108.9765625,109.1171875,234174
11/17/2009,109.1171875,109.1484375,109.0703125,109.1328125,232005
11/18/2009,109.1328125,109.1953125,109.0859375,109.15625,308972
11/19/2009,109.1640625,109.3125,109.140625,109.2109375,367414
11/20/2009,109.2265625,109.3046875,109.1796875,109.1953125,347403
11/23/2009,109.1875,109.203125,109.1328125,109.171875,327714
11/24/2009,109.1796875,109.3046875,109.1796875,109.28125,529205
11/25/2009,109.296875,109.3203125,109.25,109.296875,637360
11/27/2009,109.3046875,109.78125,109.3046875,109.40625,262955
11/30/2009,109.3828125,109.4921875,109.375,109.4765625,125475
12/01/2009,108.9609375,109.0078125,108.921875,108.9453125,249660
12/02/2009,108.953125,108.96875,108.8359375,108.84375,197601
12/03/2009,108.859375,108.8671875,108.7109375,108.828125,279110
12/04/2009,108.8359375,108.875,108.53125,108.5625,347850
12/07/2009,108.5546875,108.7734375,108.515625,108.75,190483
12/08/2009,108.765625,108.9296875,108.7265625,108.8515625,249724
12/09/2009,108.84375,108.875,108.7890625,108.828125,175840
12/10/2009,108.8046875,108.8203125,108.65625,108.7734375,193044
12/11/2009,108.7578125,108.78125,108.609375,108.6875,187764
12/14/2009,108.6875,108.734375,108.5703125,108.6015625,138255
12/15/2009,108.6015625,108.625,108.4921875,108.5546875,220455
12/16/2009,108.6015625,108.7109375,108.5703125,108.625,236055
12/17/2009,108.6484375,108.8359375,108.640625,108.796875,210915
12/18/2009,108.796875,108.828125,108.71875,108.7265625,139794
12/21/2009,108.75,108.7578125,108.5390625,108.5546875,132886
12/22/2009,108.5859375,108.6015625,108.46875,108.484375,175063
12/23/2009,108.46875,108.5625,108.4296875,108.453125,95419
12/24/2009,108.453125,108.5,108.3359375,108.34375,40087
12/28/2009,108.34375,108.359375,108.1953125,108.2109375,123574
12/29/2009,108.203125,108.265625,108.15625,108.21875,127062
12/30/2009,108.21875,108.28125,108.1953125,108.2265625,117560
12/31/2009,108.25,108.25,107.96875,108.1328125,127154
01/04/2010,108.09375,108.28125,108.0390625,108.2578125,222302
01/05/2010,108.2734375,108.4296875,108.265625,108.4140625,195501
01/06/2010,108.3984375,108.4609375,108.3046875,108.4453125,267390
01/07/2010,108.421875,108.421875,108.3203125,108.390625,201554
01/08/2010,108.375,108.5546875,108.2734375,108.5234375,317273
01/11/2010,108.4296875,108.5859375,108.4296875,108.578125,173763
01/12/2010,108.5625,108.65625,108.5625,108.6328125,207963
01/13/2010,108.640625,108.6484375,108.53125,108.5546875,199244
01/14/2010,108.5546875,108.6640625,108.5390625,108.640625,215351
01/15/2010,108.6328125,108.765625,108.625,108.7578125,197255
01/19/2010,108.7578125,108.828125,108.6953125,108.703125,200199
01/20/2010,108.7265625,108.7890625,108.703125,108.7421875,208559
01/21/2010,108.75,108.8671875,108.6953125,108.828125,283162
01/22/2010,108.859375,108.9453125,108.828125,108.8984375,306140
01/25/2010,108.8984375,108.9140625,108.8515625,108.8984375,189349
01/26/2010,108.890625,108.96875,108.859375,108.8828125,209003
01/27/2010,108.890625,108.984375,108.7734375,108.8203125,262133
01/28/2010,108.8046875,108.90625,108.7265625,108.8828125,271495
01/29/2010,108.8984375,109.0234375,108.75,108.9765625,318681
02/01/2010,109.0078125,109.0078125,108.8828125,108.9296875,216293
02/02/2010,108.9296875,108.96875,108.890625,108.9453125,160656
02/03/2010,108.9375,108.9375,108.8671875,108.890625,176858
02/04/2010,108.890625,109.0703125,108.875,109.0234375,302320
02/05/2010,109.03125,109.2109375,108.9921875,109.1484375,445677
02/08/2010,109.125,109.140625,109.0546875,109.09375,171011
02/09/2010,109.125,109.140625,108.984375,109.0234375,321713
02/10/2010,109.0078125,109.0625,108.890625,108.9140625,326087
02/11/2010,108.9140625,108.953125,108.875,108.9296875,228176
02/12/2010,108.9375,109.0546875,108.921875,109.0234375,192496
02/16/2010,109.0234375,109.1015625,108.984375,109.0859375,202143
02/17/2010,109.078125,109.078125,108.9375,108.9765625,244054
02/18/2010,108.9765625,109.0390625,108.828125,108.9453125,357121
02/19/2010,108.8125,108.90625,108.75,108.84375,482307
02/22/2010,108.84375,108.9453125,108.828125,108.9296875,338425
02/23/2010,108.9296875,109.0625,108.9140625,109.0390625,671182
02/24/2010,109.046875,109.1171875,109.0078125,109.0703125,779261
02/25/2010,109.0859375,109.1875,109.0703125,109.1640625,491110
02/26/2010,109.1640625,109.2265625,109.1328125,109.2109375,148627
03/01/2010,108.6640625,108.7421875,108.6484375,108.71875,179033
03/02/2010,108.71875,108.765625,108.6640625,108.75,204587
03/03/2010,108.75,108.765625,108.671875,108.7265625,194821
03/04/2010,108.7265625,108.765625,108.5859375,108.6328125,299494
03/05/2010,108.6484375,108.6796875,108.4765625,108.5625,344391
03/08/2010,108.5625,108.59375,108.515625,108.5859375,194979
03/09/2010,108.5625,108.6640625,108.5625,108.6171875,234937
03/10/2010,108.6171875,108.640625,108.5234375,108.546875,237347
03/11/2010,108.546875,108.5703125,108.4375,108.4609375,284311
03/12/2010,108.4609375,108.484375,108.328125,108.4296875,330950
03/15/2010,108.4375,108.4921875,108.4296875,108.484375,177894
03/16/2010,108.484375,108.6015625,108.4453125,108.578125,262992
03/17/2010,108.5703125,108.59375,108.5234375,108.5625,171883
03/18/2010,108.5625,108.6015625,108.46875,108.4765625,249357
03/19/2010,108.484375,108.5078125,108.3828125,108.390625,231023
03/22/2010,108.390625,108.5078125,108.3828125,108.453125,274447
03/23/2010,108.4609375,108.5390625,108.453125,108.4765625,249269
03/24/2010,108.4609375,108.4765625,108.265625,108.3046875,476242
03/25/2010,108.3125,108.3828125,108.2421875,108.296875,323180
03/26/2010,108.3203125,108.4296875,108.296875,108.40625,221414
03/29/2010,108.4140625,108.453125,108.359375,108.4296875,278907
03/30/2010,108.421875,108.453125,108.3828125,108.3984375,223975
03/31/2010,108.3984375,108.484375,108.359375,108.4765625,284812
04/01/2010,108.4765625,108.5078125,108.3828125,108.4296875,252534
04/02/2010,108.40625,108.5,108.2734375,108.2890625,80408
04/05/2010,108.28125,108.3125,108.1328125,108.1484375,208209
04/06/2010,108.1640625,108.2421875,108.1640625,108.21875,301224
04/07/2010,108.234375,108.4140625,108.2265625,108.3828125,354539
04/08/2010,108.40625,108.484375,108.3671875,108.3984375,296909
04/09/2010,108.390625,108.4296875,108.3203125,108.4140625,206031
04/12/2010,108.3828125,108.484375,108.3359375,108.4609375,180145
04/13/2010,108.46875,108.5234375,108.390625,108.453125,302631
04/14/2010,108.4375,108.484375,108.3828125,108.4453125,267797
04/15/2010,108.4375,108.5234375,108.4296875,108.5,209885
04/16/2010,108.5234375,108.703125,108.515625,108.6796875,387518
04/19/2010,108.6953125,108.734375,108.609375,108.6171875,199733
04/20/2010,108.6171875,108.640625,108.515625,108.5546875,257146
04/21/2010,108.5546875,108.59375,108.4921875,108.5859375,270192
04/22/2010,108.5859375,108.6640625,108.515625,108.53125,315558
04/23/2010,108.53125,108.5703125,108.4296875,108.4375,255187
04/26/2010,108.4609375,108.515625,108.4140625,108.4609375,198838
04/27/2010,108.4765625,108.7265625,108.4609375,108.65625,446362
04/28/2010,108.671875,108.7734375,108.5703125,108.59375,439121
04/29/2010,108.640625,108.703125,108.59375,108.6953125,269908
04/30/2010,108.6953125,108.8046875,108.6796875,108.7890625,417873
05/03/2010,108.78125,108.8046875,108.6953125,108.703125,279384
05/04/2010,108.734375,108.8671875,108.71875,108.8203125,349907
05/05/2010,108.8203125,109.140625,108.8203125,108.9765625,523921
05/06/2010,108.9921875,109.421875,108.9609375,109.1953125,509843
05/07/2010,109.1796875,109.28125,108.859375,109.1015625,509965
05/10/2010,109.0078125,109.0703125,108.796875,109.0390625,362378
05/11/2010,109.0234375,109.140625,109,109.0390625,260064
05/12/2010,109.0625,109.1171875,108.9921875,109.015625,165479
05/13/2010,109.0078125,109.0859375,108.9609375,109.0390625,234379
05/14/2010,109.0703125,109.2421875,109.0625,109.171875,309350
05/17/2010,109.1640625,109.2578125,109.1171875,109.140625,266197
05/18/2010,109.125,109.28125,109.09375,109.25,295009
05/19/2010,109.28125,109.3515625,109.1640625,109.2109375,358434
05/20/2010,109.203125,109.375,109.1875,109.296875,384633
05/21/2010,109.328125,109.4140625,109.2421875,109.28125,381886
05/24/2010,109.25,109.3515625,109.2265625,109.296875,400312
05/25/2010,109.3359375,109.46875,109.296875,109.328125,595833
05/26/2010,109.3203125,109.34375,109.15625,109.25,789131
05/27/2010,109.2890625,109.2890625,109.140625,109.1640625,524946
05/28/2010,109.1875,109.375,109.1796875,109.3515625,166527
06/01/2010,109.0703125,109.15625,109,109.0234375,281377
06/02/2010,109.0625,109.0859375,108.9296875,108.9609375,223861
06/03/2010,108.9609375,108.984375,108.859375,108.921875,196553
06/04/2010,108.9296875,109.140625,108.90625,109.125,295419
06/07/2010,109.1171875,109.15625,109.015625,109.078125,169717
06/08/2010,109.1171875,109.1484375,109.0390625,109.09375,185111
06/09/2010,109.0859375,109.1328125,109.03125,109.109375,188974
06/10/2010,109.1328125,109.1328125,108.9921875,109,166534
06/11/2010,108.9921875,109.140625,108.9921875,109.1328125,135186
06/14/2010,109.1015625,109.1328125,109.0234375,109.09375,138385
06/15/2010,109.1171875,109.1484375,109.03125,109.0625,138131
06/16/2010,109.0703125,109.15625,109.046875,109.109375,150192
06/17/2010,109.1328125,109.2109375,109.109375,109.1953125,206275
06/18/2010,109.1875,109.2109375,109.15625,109.1640625,130199
06/21/2010,109.140625,109.171875,109.0703125,109.1640625,157202
06/22/2010,109.1484375,109.25,109.140625,109.21875,180192
06/23/2010,109.2265625,109.359375,109.203125,109.3046875,195300
06/24/2010,109.3125,109.375,109.2578125,109.2734375,215672
06/25/2010,109.296875,109.3671875,109.265625,109.3203125,161321
06/28/2010,109.34375,109.3984375,109.3046875,109.375,162168
06/29/2010,109.390625,109.46875,109.3671875,109.4375,273175
06/30/2010,109.453125,109.4765625,109.3515625,109.4140625,202735
07/01/2010,109.453125,109.46875,109.375,109.3984375,216225
07/02/2010,109.3828125,109.4375,109.3125,109.4140625,160421
07/06/2010,109.421875,109.4609375,109.34375,109.421875,254063
07/07/2010,109.4296875,109.453125,109.390625,109.40625,122168
07/08/2010,109.40625,109.4375,109.359375,109.421875,170834
07/09/2010,109.40625,109.421875,109.3515625,109.3828125,123599
07/12/2010,109.3671875,109.421875,109.359375,109.390625,129750
07/13/2010,109.3671875,109.40625,109.3046875,109.328125,170078
07/14/2010,109.3203125,109.4765625,109.2890625,109.4609375,233916
07/15/2010,109.453125,109.5,109.3984375,109.453125,246418
07/16/2010,109.4296875,109.5078125,109.4140625,109.46875,181695
07/19/2010,109.5,109.5078125,109.4453125,109.46875,135458
07/20/2010,109.4921875,109.53125,109.4609375,109.5078125,165664
07/21/2010,109.5078125,109.5703125,109.484375,109.546875,152537
07/22/2010,109.546875,109.5625,109.4765625,109.5234375,162583
07/23/2010,109.53125,109.5625,109.453125,109.484375,204970
07/26/2010,109.484375,109.4921875,109.375,109.4375,194420
07/27/2010,109.4375,109.453125,109.3125,109.328125,304053
07/28/2010,109.3359375,109.453125,109.3359375,109.4453125,203791
07/29/2010,109.4453125,109.5078125,109.4140625,109.46875,303617
07/30/2010,109.5,109.5703125,109.484375,109.5625,246032
08/02/2010,109.5625,109.5703125,109.5078125,109.5390625,117682
08/03/2010,109.5625,109.640625,109.5546875,109.59375,160738
08/04/2010,109.59375,109.6328125,109.515625,109.5390625,175794
08/05/2010,109.53125,109.625,109.5,109.6015625,143912
08/06/2010,109.6171875,109.6796875,109.5703125,109.6484375,201626
08/09/2010,109.65625,109.671875,109.59375,109.6015625,79794
08/10/2010,109.609375,109.671875,109.5546875,109.6015625,210602
08/11/2010,109.6171875,109.703125,109.609375,109.625,231176
08/12/2010,109.625,109.640625,109.53125,109.5546875,219460
08/13/2010,109.5546875,109.6015625,109.5390625,109.5859375,169606
08/16/2010,109.6015625,109.671875,109.59375,109.65625,166573
08/17/2010,109.65625,109.6640625,109.59375,109.6328125,119209
08/18/2010,109.6328125,109.671875,109.6015625,109.6640625,153385
08/19/2010,109.6640625,109.71875,109.640625,109.6953125,198937
08/20/2010,109.6875,109.7578125,109.671875,109.6875,110307
08/23/2010,109.6875,109.71875,109.6640625,109.6953125,209003
08/24/2010,109.7109375,109.75,109.6953125,109.703125,297181
08/25/2010,109.71875,109.75,109.625,109.6484375,463247
08/26/2010,109.6484375,109.6953125,109.6171875,109.640625,471004
08/27/2010,109.65625,109.671875,109.53125,109.5546875,503994
08/30/2010,109.5859375,109.7265625,109.5390625,109.703125,322598
08/31/2010,109.703125,109.7421875,109.65625,109.71875,94961
09/01/2010,109.5859375,109.5859375,109.4609375,109.53125,245200
09/02/2010,109.5234375,109.5546875,109.484375,109.515625,168635
09/03/2010,109.5234375,109.7421875,109.4140625,109.5078125,210005
09/07/2010,109.46875,109.5546875,109.4453125,109.5546875,162866
09/08/2010,109.5546875,109.5703125,109.4609375,109.4765625,150996
09/09/2010,109.4765625,109.5078125,109.3359375,109.34375,219930
09/10/2010,109.3515625,109.3984375,109.3125,109.34375,141988
09/13/2010,109.3359375,109.4453125,109.296875,109.4296875,168498
09/14/2010,109.421875,109.515625,109.3984375,109.5078125,153519
09/15/2010,109.5,109.5703125,109.46875,109.546875,197753
09/16/2010,109.5390625,109.5859375,109.5078125,109.5546875,218185
09/17/2010,109.5546875,109.6015625,109.53125,109.578125,193008
09/20/2010,109.5859375,109.625,109.5546875,109.59375,90342
09/21/2010,109.59375,109.6953125,109.5859375,109.6875,178400
09/22/2010,109.6953125,109.7265625,109.65625,109.671875,160028
09/23/2010,109.671875,109.7109375,109.65625,109.6875,121920
09/24/2010,109.6953125,109.7109375,109.6484375,109.6640625,129404
09/27/2010,109.6640625,109.7109375,109.65625,109.6953125,111161
09/28/2010,109.703125,109.7421875,109.6796875,109.7265625,180304
09/29/2010,109.7265625,109.734375,109.6953125,109.7109375,155214
09/30/2010,109.7109375,109.75,109.6484375,109.7421875,176939
10/01/2010,109.75,109.765625,109.703125,109.7578125,174122
10/04/2010,109.765625,109.7890625,109.75,109.7734375,87932
10/05/2010,109.7734375,109.7890625,109.7578125,109.7734375,145621
10/06/2010,109.78125,109.84375,109.765625,109.828125,226590
10/07/2010,109.84375,109.9140625,109.828125,109.8828125,160049
10/08/2010,109.90625,110.015625,109.875,109.9140625,178959
10/11/2010,109.9140625,109.9453125,109.8984375,109.9296875,19534
10/12/2010,109.921875,109.953125,109.8671875,109.875,122666
10/13/2010,109.875,109.9140625,109.8515625,109.90625,192120
10/14/2010,109.8984375,109.8984375,109.8359375,109.859375,139686
10/15/2010,109.859375,109.9375,109.8515625,109.8984375,174552
10/18/2010,109.890625,109.9296875,109.875,109.8984375,131567
10/19/2010,109.890625,109.921875,109.8828125,109.90625,144011
10/20/2010,109.90625,109.9453125,109.890625,109.9296875,138756
10/21/2010,109.9296875,109.9375,109.9140625,109.921875,97662
10/22/2010,109.9296875,109.9375,109.90625,109.921875,80267
10/25/2010,109.9296875,109.9453125,109.90625,109.921875,109279
10/26/2010,109.921875,109.9296875,109.8359375,109.84375,236769
10/27/2010,109.84375,109.8828125,109.8125,109.828125,187664
10/28/2010,109.8203125,109.9375,109.8203125,109.9296875,195288
10/29/2010,109.9296875,110,109.890625,109.9921875,234719
11/01/2010,109.9921875,110,109.9609375,109.984375,120566
11/02/2010,109.984375,109.9921875,109.9609375,109.9765625,84447
11/03/2010,109.9609375,110.0234375,109.9453125,110,167955
11/04/2010,110.015625,110.03125,109.984375,110,209762
11/05/2010,109.9921875,110.015625,109.921875,109.9375,209762
11/08/2010,109.9296875,109.9609375,109.859375,109.875,221003
11/09/2010,109.8828125,109.9296875,109.78125,109.8046875,355178
11/10/2010,109.8125,109.859375,109.703125,109.8203125,277161
11/11/2010,109.828125,109.84375,109.625,109.640625,83631
11/12/2010,109.6875,109.7890625,109.640625,109.671875,281404
11/15/2010,109.6796875,109.6953125,109.53125,109.640625,258848
11/16/2010,109.59375,109.6796875,109.59375,109.6640625,228080
11/17/2010,109.65625,109.703125,109.6171875,109.6875,223728
11/18/2010,109.671875,109.6875,109.6015625,109.6640625,188772
11/19/2010,109.6640625,109.6875,109.625,109.6484375,144174
11/22/2010,109.6328125,109.734375,109.6171875,109.7109375,279489
11/23/2010,109.7265625,109.8125,109.6953125,109.7890625,464681
11/24/2010,109.7890625,109.796875,109.578125,109.6171875,553852
11/26/2010,109.6015625,109.7109375,109.5859375,109.640625,284371
11/29/2010,109.6484375,109.703125,109.609375,109.671875,386675
11/30/2010,109.6640625,109.796875,109.65625,109.78125,159100
12/01/2010,109.671875,109.6796875,109.484375,109.5234375,287502
12/02/2010,109.5,109.5546875,109.4296875,109.4921875,223948
12/03/2010,109.4765625,109.6796875,109.4296875,109.6171875,251950
12/06/2010,109.609375,109.734375,109.6015625,109.71875,167763
12/07/2010,109.7265625,109.734375,109.453125,109.4609375,216013
12/08/2010,109.5078125,109.515625,109.234375,109.2890625,341567
12/09/2010,109.2578125,109.34375,109.234375,109.28125,190221
12/10/2010,109.2890625,109.328125,109.234375,109.296875,184929
12/13/2010,109.265625,109.359375,109.1328125,109.3203125,170473
12/14/2010,109.3515625,109.3671875,109.1953125,109.2421875,197447
12/15/2010,109.203125,109.2890625,109.1484375,109.1953125,193409
12/16/2010,109.1640625,109.234375,109.1171875,109.1953125,192860
12/17/2010,109.21875,109.34375,109.1953125,109.328125,144970
12/20/2010,109.3046875,109.390625,109.28125,109.3359375,104959
12/21/2010,109.3203125,109.3515625,109.2578125,109.2890625,123132
12/22/2010,109.296875,109.3515625,109.2421875,109.2734375,83294
12/23/2010,109.265625,109.28125,109.1875,109.2109375,69852
12/27/2010,109.2109375,109.28125,109.0859375,109.1953125,95547
12/28/2010,109.2421875,109.296875,109.125,109.1328125,112136
12/29/2010,109.1640625,109.390625,109.1484375,109.375,98807
12/30/2010,109.359375,109.3671875,109.2578125,109.3203125,120138
12/31/2010,109.328125,109.4921875,109.3125,109.453125,63691
01/03/2011,109.4375,109.4609375,109.3515625,109.4296875,110920
01/04/2011,109.4609375,109.4921875,109.375,109.3984375,126693
01/05/2011,109.4140625,109.453125,109.15625,109.1640625,221638
01/06/2011,109.203125,109.296875,109.203125,109.265625,207042
01/07/2011,109.2734375,109.453125,109.2109375,109.4296875,253202
01/10/2011,109.4375,109.5078125,109.40625,109.484375,201162
01/11/2011,109.5,109.546875,109.4453125,109.46875,203771
01/12/2011,109.46875,109.4921875,109.390625,109.4609375,208152
01/13/2011,109.4453125,109.5078125,109.421875,109.5,222334
01/14/2011,109.4921875,109.5390625,109.40625,109.4921875,219698
01/18/2011,109.5,109.5625,109.4453125,109.4921875,237522
01/19/2011,109.4765625,109.53125,109.453125,109.5234375,140348
01/20/2011,109.515625,109.5390625,109.375,109.390625,256533
01/21/2011,109.3984375,109.4453125,109.390625,109.4296875,174144
01/24/2011,109.421875,109.4375,109.359375,109.421875,155269
01/25/2011,109.4140625,109.53125,109.390625,109.5078125,285736
01/26/2011,109.5078125,109.5078125,109.3984375,109.4609375,203688
01/27/2011,109.4765625,109.578125,109.4296875,109.5703125,278595
01/28/2011,109.578125,109.6640625,109.515625,109.640625,247498
01/31/2011,109.6640625,109.671875,109.578125,109.59375,217194
02/01/2011,109.6015625,109.6171875,109.46875,109.5,249174
02/02/2011,109.515625,109.53125,109.359375,109.3984375,385675
02/03/2011,109.3984375,109.40625,109.265625,109.3203125,380927
02/04/2011,109.296875,109.3984375,109.171875,109.1953125,383741
02/07/2011,109.2109375,109.234375,109.1171875,109.1796875,275398
02/08/2011,109.1875,109.2109375,109.0078125,109.03125,318519
02/09/2011,109.03125,109.1640625,108.9921875,109.1484375,355453
02/10/2011,109.1328125,109.1953125,109.0390625,109.0546875,405387
02/11/2011,109.0625,109.1484375,109.046875,109.0625,324423
02/14/2011,109.0703125,109.0859375,109.03125,109.0546875,224593
02/15/2011,109.046875,109.109375,108.9609375,109.0859375,288978
02/16/2011,109.09375,109.140625,109,109.0625,449981
02/17/2011,109.078125,109.2265625,109.0625,109.2109375,336069
02/18/2011,109.21875,109.28125,109.1484375,109.25,297855
02/22/2011,109.265625,109.390625,109.25,109.359375,656959
02/23/2011,109.359375,109.40625,109.28125,109.359375,681855
02/24/2011,109.3515625,109.4375,109.3359375,109.3984375,681841
02/25/2011,109.3828125,109.4375,109.359375,109.421875,537423
02/28/2011,109.0546875,109.15625,109.046875,109.1484375,328084
03/01/2011,109.140625,109.2265625,109.0625,109.1953125,366475
03/02/2011,109.2109375,109.234375,109.125,109.1484375,305625
03/03/2011,109.1328125,109.140625,108.921875,108.9375,398465
03/04/2011,108.96875,109.1875,108.8203125,109.1640625,430568
03/07/2011,109.171875,109.1796875,109.078125,109.1328125,203096
03/08/2011,109.109375,109.1484375,109.03125,109.0703125,230408
03/09/2011,109.0703125,109.1953125,109.0546875,109.15625,270137
03/10/2011,109.15625,109.3125,109.1328125,109.2578125,303637
03/11/2011,109.296875,109.375,109.234375,109.296875,275964
03/14/2011,109.3125,109.4609375,109.3046875,109.3828125,323832
03/15/2011,109.3671875,109.6015625,109.3359375,109.3671875,388180
03/16/2011,109.3828125,109.546875,109.3125,109.46875,427801
03/17/2011,109.5546875,109.5625,109.3515625,109.421875,264729
03/18/2011,109.4140625,109.46875,109.359375,109.421875,227073
03/21/2011,109.421875,109.4375,109.2734375,109.328125,294588
03/22/2011,109.3203125,109.34375,109.234375,109.2890625,245997
03/23/2011,109.296875,109.359375,109.25,109.28125,236270
03/24/2011,109.2734375,109.3203125,109.1875,109.2265625,214575
03/25/2011,109.1875,109.2265625,109.0625,109.078125,303782
03/28/2011,109.0703125,109.09375,109.0078125,109.03125,315813
03/29/2011,109.0625,109.109375,108.96875,108.984375,277062
03/30/2011,109,109.0546875,108.96875,109.03125,240526
03/31/2011,109.046875,109.1015625,108.953125,109.0625,351542
04/01/2011,108.9609375,109.03125,108.7578125,109.015625,464712
04/04/2011,109.015625,109.1171875,109,109.078125,262888
04/05/2011,109.1015625,109.1171875,108.9375,108.96875,317688
04/06/2011,108.9921875,109,108.9296875,108.9453125,265695
04/07/2011,108.953125,109.0703125,108.921875,109.0390625,262278
04/08/2011,109.0546875,109.0625,108.953125,109.0078125,260338
04/11/2011,108.984375,109.03125,108.953125,108.9921875,190436
04/12/2011,108.9765625,109.171875,108.9609375,109.1484375,329084
04/13/2011,109.1640625,109.2109375,109.1015625,109.1953125,338068
04/14/2011,109.1953125,109.25,109.1171875,109.1328125,297810
04/15/2011,109.1328125,109.3046875,109.1171875,109.2890625,232652
04/18/2011,109.2890625,109.40625,109.265625,109.3671875,312879
04/19/2011,109.3671875,109.3984375,109.3125,109.3828125,197415
04/20/2011,109.3828125,109.390625,109.3046875,109.3515625,191996
04/21/2011,109.34375,109.3984375,109.328125,109.3671875,176151
04/25/2011,109.3671875,109.4375,109.359375,109.4296875,125495
04/26/2011,109.4296875,109.5,109.3984375,109.484375,204407
04/27/2011,109.4921875,109.5234375,109.3671875,109.4765625,279588
04/28/2011,109.5,109.5859375,109.4921875,109.546875,349935
04/29/2011,109.5390625,109.5859375,109.5078125,109.5625,234086
05/02/2011,109.5625,109.6171875,109.53125,109.5859375,210170
05/03/2011,109.5859375,109.609375,109.5625,109.609375,189502
05/04/2011,109.6015625,109.640625,109.5390625,109.6171875,218663
05/05/2011,109.609375,109.6796875,109.59375,109.6328125,220750
05/06/2011,109.640625,109.71875,109.546875,109.6953125,402040
05/09/2011,109.6875,109.7421875,109.640625,109.7265625,202201
05/10/2011,109.703125,109.7109375,109.625,109.6484375,171101
05/11/2011,109.6328125,109.7421875,109.609375,109.71875,319244
05/12/2011,109.7109375,109.7421875,109.6796875,109.703125,221173
05/13/2011,109.703125,109.7734375,109.6640625,109.7421875,257921
05/16/2011,109.7578125,109.7890625,109.734375,109.7734375,220595
05/17/2011,109.7734375,109.8046875,109.7421875,109.765625,225536
05/18/2011,109.765625,109.78125,109.6875,109.71875,228023
05/19/2011,109.71875,109.78125,109.640625,109.7734375,272606
05/20/2011,109.765625,109.8125,109.7578125,109.8125,265033
05/23/2011,109.8046875,109.84375,109.765625,109.7734375,707
05/24/2011,109.7734375,109.8125,109.7421875,109.796875,4564
05/25/2011,109.8046875,109.84375,109.796875,109.8046875,689006
05/26/2011,109.8125,109.90625,109.7890625,109.90625,710030
05/27/2011,109.8984375,109.9609375,109.8671875,109.9140625,377049
05/31/2011,109.6015625,109.6171875,109.5078125,109.59375,354227
06/01/2011,109.5859375,109.671875,109.5546875,109.6484375,298984
06/02/2011,109.65625,109.671875,109.6015625,109.6171875,245683
06/03/2011,109.625,109.734375,109.609375,109.6953125,255103
06/06/2011,109.7109375,109.7265625,109.6640625,109.703125,158394
06/07/2011,109.703125,109.7890625,109.671875,109.7578125,413964
06/08/2011,109.765625,109.8359375,109.734375,109.796875,237094
06/09/2011,109.8125,109.8125,109.6953125,109.71875,307688
06/10/2011,109.7265625,109.7890625,109.7109375,109.765625,197456
06/13/2011,109.7578125,109.8125,109.7109375,109.7734375,176673
06/14/2011,109.78125,109.7890625,109.671875,109.6796875,289580
06/15/2011,109.6796875,109.8203125,109.671875,109.8125,345174
06/16/2011,109.8046875,109.8984375,109.7578125,109.8046875,433882
06/17/2011,109.7890625,109.8359375,109.75,109.8046875,403933
06/20/2011,109.8046875,109.8359375,109.7734375,109.8203125,335650
06/21/2011,109.8203125,109.8359375,109.78125,109.8203125,176732
06/22/2011,109.828125,109.875,109.8046875,109.8203125,214352
06/23/2011,109.8203125,109.90625,109.8203125,109.875,261469
06/24/2011,109.875,109.9296875,109.84375,109.8984375,271104
06/27/2011,109.90625,109.9296875,109.78125,109.7890625,308296
06/28/2011,109.7890625,109.8203125,109.6015625,109.6171875,400502
06/29/2011,109.640625,109.7109375,109.6015625,109.6796875,392132
06/30/2011,109.6875,109.7578125,109.578125,109.671875,448600
07/01/2011,109.6953125,109.7265625,109.59375,109.625,242237
07/05/2011,109.6171875,109.75,109.6171875,109.734375,219921
07/06/2011,109.734375,109.7890625,109.7109375,109.765625,220188
07/07/2011,109.765625,109.765625,109.6328125,109.640625,223918
07/08/2011,109.6640625,109.875,109.6171875,109.84375,266874
07/11/2011,109.84375,109.9140625,109.828125,109.90625,261300
07/12/2011,109.90625,109.953125,109.84375,109.8828125,318541
07/13/2011,109.921875,109.9296875,109.8359375,109.9140625,303324
07/14/2011,109.8984375,109.921875,109.859375,109.8984375,265890
07/15/2011,109.890625,109.9375,109.875,109.921875,226947
07/18/2011,109.9296875,109.9375,109.890625,109.921875,157288
07/19/2011,109.90625,109.9375,109.859375,109.890625,202579
07/20/2011,109.890625,109.90625,109.84375,109.8828125,218712
07/21/2011,109.859375,109.890625,109.8046875,109.8203125,303093
07/22/2011,109.828125,109.890625,109.8203125,109.859375,189997
07/25/2011,109.859375,109.859375,109.78125,109.8046875,271648
07/26/2011,109.8125,109.875,109.78125,109.859375,300518
07/27/2011,109.875,109.890625,109.765625,109.78125,329744
07/28/2011,109.78125,109.859375,109.78125,109.84375,233889
07/29/2011,109.8359375,109.9765625,109.8203125,109.9609375,389723
08/01/2011,109.96875,110.015625,109.90625,109.9609375,250151
08/02/2011,109.9375,110.0546875,109.9375,110.0390625,306644
08/03/2011,110.0390625,110.0703125,109.9921875,110.0234375,286079
08/04/2011,110.015625,110.171875,109.984375,110.1171875,414412
08/05/2011,110.15625,110.171875,110.046875,110.1015625,423745
08/08/2011,110.1171875,110.234375,110.1171875,110.1796875,329241
08/09/2011,110.171875,110.375,110.1015625,110.328125,379605
08/10/2011,110.3203125,110.375,110.28125,110.3125,409023
08/11/2011,110.3125,110.3671875,110.28125,110.328125,281378
08/12/2011,110.3046875,110.3359375,110.2890625,110.3125,141263
08/15/2011,110.2890625,110.328125,110.28125,110.296875,149023
08/16/2011,110.2890625,110.3125,110.28125,110.3046875,169304
08/17/2011,110.3046875,110.3125,110.2734375,110.2890625,157173
08/18/2011,110.2890625,110.3203125,110.2734375,110.28125,218317
08/19/2011,110.28125,110.3046875,110.265625,110.2734375,221295
08/22/2011,110.296875,110.296875,110.2578125,110.2734375,178969
08/23/2011,110.265625,110.28125,110.234375,110.25,315084
08/24/2011,110.25,110.28125,110.2109375,110.2109375,566215
08/25/2011,110.234375,110.296875,110.2265625,110.2578125,640337
08/26/2011,110.265625,110.3046875,110.2578125,110.28125,392015
08/29/2011,110.2890625,110.2890625,110.2421875,110.2578125,339839
08/30/2011,110.2578125,110.296875,110.25,110.2734375,420855
08/31/2011,110.28125,110.2890625,110.2109375,110.265625,112351
09/01/2011,110.2421875,110.28125,110.234375,110.265625,252750
09/02/2011,110.2734375,110.296875,110.203125,110.2265625,238959
09/06/2011,110.21875,110.265625,110.203125,110.25,211319
09/07/2011,110.234375,110.2421875,110.21875,110.2421875,96742
09/08/2011,110.2421875,110.2734375,110.234375,110.2578125,105177
09/09/2011,110.2578125,110.3125,110.25,110.296875,159331
09/12/2011,110.3046875,110.3046875,110.203125,110.2109375,250175
09/13/2011,110.21875,110.2578125,110.203125,110.2109375,160643
09/14/2011,110.21875,110.296875,110.1953125,110.25,288817
09/15/2011,110.2578125,110.265625,110.21875,110.25,258397
09/16/2011,110.2421875,110.296875,110.234375,110.28125,130520
09/19/2011,110.2890625,110.34375,110.2890625,110.3359375,178303
09/20/2011,110.3359375,110.3515625,110.3046875,110.3203125,156114
09/21/2011,110.3203125,110.34375,110.1875,110.2265625,292538
09/22/2011,110.2421875,110.265625,110.1953125,110.2109375,190274
09/23/2011,110.21875,110.234375,110.171875,110.1875,130513
09/26/2011,110.1796875,110.203125,110.15625,110.15625,122298
09/27/2011,110.15625,110.1640625,110.125,110.140625,151989
09/28/2011,110.15625,110.171875,110.1015625,110.109375,178948
09/29/2011,110.125,110.1328125,110.09375,110.1015625,93095
09/30/2011,110.1015625,110.1328125,110.0859375,110.1015625,157681
10/03/2011,110.1171875,110.15625,110.1015625,110.140625,155707
10/04/2011,110.15625,110.15625,110.109375,110.125,138803
10/05/2011,110.1171875,110.1328125,110.09375,110.1015625,106091
10/06/2011,110.1015625,110.1171875,110.0703125,110.078125,132370
10/07/2011,110.078125,110.1015625,110.015625,110.0234375,159671
10/10/2011,110.0234375,110.0390625,109.953125,109.9765625,35381
10/11/2011,109.9609375,110.0078125,109.9609375,109.9921875,149731
10/12/2011,109.9921875,110.046875,109.984375,110.0390625,216901
10/13/2011,110.046875,110.109375,110.0390625,110.0625,224583
10/14/2011,110.0546875,110.125,110.046875,110.109375,152000
10/17/2011,110.109375,110.1171875,110.0703125,110.0859375,115522
10/18/2011,110.0859375,110.1171875,110.0703125,110.09375,197938
10/19/2011,110.1015625,110.109375,110.078125,110.1015625,153056
10/20/2011,110.09375,110.1171875,110.078125,110.1015625,179672
10/21/2011,110.1015625,110.1171875,110.078125,110.09375,157723
10/24/2011,110.1015625,110.109375,110.0625,110.078125,186762
10/25/2011,110.0703125,110.15625,110.046875,110.1328125,243385
10/26/2011,110.1484375,110.15625,110.0625,110.0703125,262805
10/27/2011,110.0859375,110.1015625,110.0078125,110.015625,275317
10/28/2011,110.0234375,110.0859375,110.015625,110.0703125,215937
10/31/2011,110.0625,110.1796875,110.0625,110.140625,273395
11/01/2011,110.171875,110.2109375,110.15625,110.1875,325150
11/02/2011,110.1953125,110.2421875,110.1640625,110.2109375,274438
11/03/2011,110.21875,110.2578125,110.1875,110.1953125,192167
11/04/2011,110.1875,110.234375,110.171875,110.21875,165747
11/07/2011,110.2265625,110.2421875,110.1796875,110.203125,161294
11/08/2011,110.203125,110.2109375,110.171875,110.1953125,100782
11/09/2011,110.1875,110.2265625,110.1796875,110.21875,163137
11/10/2011,110.21875,110.234375,110.1953125,110.21875,155137
11/11/2011,110.21875,110.2265625,110.15625,110.171875,32518
11/14/2011,110.171875,110.234375,110.1640625,110.21875,134708
11/15/2011,110.21875,110.234375,110.1875,110.1953125,115798
11/16/2011,110.1953125,110.2109375,110.171875,110.171875,117644
11/17/2011,110.1875,110.2265625,110.125,110.15625,245639
11/18/2011,110.15625,110.1640625,110.1171875,110.1171875,186688
11/21/2011,110.1328125,110.1796875,110.109375,110.15625,264418
11/22/2011,110.171875,110.203125,110.1640625,110.1953125,194658
11/23/2011,110.1953125,110.2109375,110.1640625,110.1796875,287580
11/25/2011,110.1875,110.203125,110.1484375,110.1640625,218266
11/28/2011,110.15625,110.2109375,110.125,110.203125,581149
11/29/2011,110.1953125,110.2109375,110.171875,110.1875,395005
11/30/2011,110.1796875,110.203125,110.1484375,110.1953125,155556
12/01/2011,110.2421875,110.2578125,110.21875,110.2265625,193182
12/02/2011,110.234375,110.2578125,110.171875,110.25,162062
12/05/2011,110.2578125,110.265625,110.2109375,110.234375,110480
12/06/2011,110.234375,110.2578125,110.2265625,110.25,109748
12/07/2011,110.25,110.3046875,110.2421875,110.296875,157750
12/08/2011,110.2890625,110.328125,110.265625,110.328125,147634
12/09/2011,110.328125,110.3515625,110.3125,110.3203125,143565
12/12/2011,110.328125,110.34375,110.3125,110.3359375,111214
12/13/2011,110.3359375,110.3515625,110.3046875,110.3125,103265
12/14/2011,110.3046875,110.3125,110.28125,110.2890625,124977
12/15/2011,110.296875,110.3125,110.2890625,110.296875,72077
12/16/2011,110.296875,110.34375,110.2890625,110.3203125,108404
12/19/2011,110.3359375,110.34375,110.3046875,110.3203125,98484
12/20/2011,110.3203125,110.328125,110.265625,110.28125,146395
12/21/2011,110.28125,110.296875,110.2421875,110.2421875,120547
12/22/2011,110.2421875,110.25,110.21875,110.21875,109823
12/23/2011,110.2265625,110.234375,110.1640625,110.1796875,107924
12/27/2011,110.1796875,110.1875,110.15625,110.1796875,67245
12/28/2011,110.1796875,110.234375,110.1640625,110.2265625,117291
12/29/2011,110.2265625,110.2421875,110.203125,110.234375,76944
12/30/2011,110.21875,110.2890625,110.2109375,110.2734375,100086
01/03/2012,110.28125,110.2890625,110.234375,110.2421875,137706
01/04/2012,110.2421875,110.265625,110.2265625,110.2421875,106905
01/05/2012,110.2421875,110.265625,110.2265625,110.25,105696
01/06/2012,110.2421875,110.265625,110.1875,110.2578125,131573
01/09/2012,110.25,110.2890625,110.25,110.28125,109580
01/10/2012,110.28125,110.296875,110.2578125,110.28125,96885
01/11/2012,110.2890625,110.3359375,110.28125,110.3203125,204368
01/12/2012,110.3203125,110.3359375,110.3125,110.328125,144907
01/13/2012,110.328125,110.3515625,110.3125,110.34375,157837
01/17/2012,110.3515625,110.375,110.3359375,110.3515625,148743
01/18/2012,110.359375,110.3671875,110.328125,110.328125,105764
01/19/2012,110.328125,110.3515625,110.3046875,110.3203125,171326
01/20/2012,110.3203125,110.34375,110.296875,110.3046875,160430
01/23/2012,110.3046875,110.34375,110.3046875,110.3125,127574
01/24/2012,110.3203125,110.3359375,110.3046875,110.3125,180480
01/25/2012,110.3203125,110.3984375,110.3125,110.3671875,245978
01/26/2012,110.3671875,110.40625,110.359375,110.390625,261620
01/27/2012,110.390625,110.3984375,110.375,110.3984375,131606
01/30/2012,110.3984375,110.40625,110.3828125,110.3984375,96953
01/31/2012,110.3984375,110.3984375,110.3515625,110.375,331478
02/01/2012,110.375,110.3828125,110.359375,110.3671875,151753
02/02/2012,110.3515625,110.3828125,110.3515625,110.3671875,173675
02/03/2012,110.3671875,110.375,110.328125,110.328125,168327
02/06/2012,110.3359375,110.3671875,110.3359375,110.3515625,123683
02/07/2012,110.34375,110.3515625,110.296875,110.3125,205202
02/08/2012,110.3203125,110.328125,110.2890625,110.3046875,179383
02/09/2012,110.3046875,110.3046875,110.25,110.2734375,195872
02/10/2012,110.28125,110.3046875,110.25,110.2734375,222034
02/13/2012,110.25,110.28125,110.21875,110.2265625,173439
02/14/2012,110.2265625,110.2421875,110.203125,110.21875,226728
02/15/2012,110.21875,110.265625,110.203125,110.234375,161618
02/16/2012,110.2578125,110.265625,110.1953125,110.203125,193981
02/17/2012,110.2109375,110.2265625,110.1796875,110.21875,158288
02/21/2012,110.2109375,110.21875,110.1796875,110.203125,249487
02/22/2012,110.203125,110.234375,110.1875,110.2265625,250970
02/23/2012,110.21875,110.2265625,110.1875,110.2109375,366137
02/24/2012,110.1953125,110.234375,110.1875,110.1875,348424
02/27/2012,110.1953125,110.25,110.1953125,110.234375,465062
02/28/2012,110.234375,110.25,110.21875,110.2421875,318390
02/29/2012,110.2265625,110.2421875,110.1953125,110.2109375,121745
03/01/2012,110.125,110.15625,110.1015625,110.140625,250189
03/02/2012,110.1484375,110.1875,110.140625,110.1796875,180800
03/05/2012,110.1875,110.1953125,110.125,110.125,156898
03/06/2012,110.140625,110.1875,110.1328125,110.1796875,176515
03/07/2012,110.171875,110.1796875,110.109375,110.1171875,214986
03/08/2012,110.1171875,110.1328125,110.0859375,110.1015625,170661
03/09/2012,110.1015625,110.109375,110.0625,110.0703125,149891
03/12/2012,110.078125,110.1015625,110.0625,110.0703125,169923
03/13/2012,110.0703125,110.078125,110.0234375,110.0390625,240467
03/14/2012,110.0234375,110.0390625,109.890625,109.90625,442285
03/15/2012,109.9140625,110,109.859375,109.9609375,348337
03/16/2012,109.9609375,109.9921875,109.9140625,109.9765625,226175
03/19/2012,109.96875,110.0234375,109.9140625,109.9296875,217149
03/20/2012,109.921875,109.96875,109.875,109.90625,226126
03/21/2012,109.90625,109.9765625,109.890625,109.9609375,175570
03/22/2012,109.96875,110,109.953125,109.96875,183907
03/23/2012,109.9609375,110.0078125,109.953125,110,122875
03/26/2012,110,110.03125,109.96875,110.0234375,156206
03/27/2012,110.0234375,110.09375,110.0078125,110.078125,203857
03/28/2012,110.078125,110.1015625,110.0546875,110.078125,175100
03/29/2012,110.0703125,110.1015625,110.0625,110.0859375,213489
03/30/2012,110.0859375,110.1015625,110.046875,110.0703125,220119
04/02/2012,110.078125,110.1015625,110.0234375,110.09375,183135
04/03/2012,110.09375,110.09375,109.984375,110.0078125,272052
04/04/2012,110,110.0546875,109.9921875,110.0390625,209910
04/05/2012,110.0390625,110.078125,110.03125,110.046875,176125
04/09/2012,110.1171875,110.125,110.0859375,110.1171875,114037
04/10/2012,110.1171875,110.203125,110.109375,110.1875,361838
04/11/2012,110.1875,110.1953125,110.15625,110.1796875,204237
04/12/2012,110.171875,110.203125,110.1640625,110.1953125,153098
04/13/2012,110.1953125,110.234375,110.1875,110.21875,127145
04/16/2012,110.234375,110.2421875,110.2109375,110.2265625,219418
04/17/2012,110.234375,110.2421875,110.203125,110.21875,160317
04/18/2012,110.2265625,110.2421875,110.2109375,110.234375,151591
04/19/2012,110.234375,110.2421875,110.2265625,110.234375,121430
04/20/2012,110.234375,110.25,110.21875,110.234375,117257
04/23/2012,110.234375,110.2734375,110.234375,110.265625,185078
04/24/2012,110.2578125,110.265625,110.234375,110.25,147408
04/25/2012,110.2421875,110.265625,110.21875,110.25,213794
04/26/2012,110.2578125,110.2734375,110.25,110.2734375,112217
04/27/2012,110.265625,110.296875,110.25,110.265625,123601
04/30/2012,110.2578125,110.28125,110.2578125,110.2734375,121223
05/01/2012,110.28125,110.28125,110.2421875,110.2578125,151803
05/02/2012,110.2578125,110.28125,110.25,110.2578125,127609
05/03/2012,110.2578125,110.28125,110.25,110.265625,79846
05/04/2012,110.265625,110.2890625,110.2578125,110.28125,122419
05/07/2012,110.2734375,110.2890625,110.2578125,110.2734375,82474
05/08/2012,110.2734375,110.2890625,110.265625,110.28125,234676
05/09/2012,110.28125,110.296875,110.265625,110.28125,227367
05/10/2012,110.28125,110.2890625,110.265625,110.2734375,151711
05/11/2012,110.2734375,110.2890625,110.265625,110.2734375,102783
05/14/2012,110.2734375,110.2890625,110.2578125,110.265625,158335
05/15/2012,110.2734375,110.28125,110.2421875,110.2421875,272976
05/16/2012,110.25,110.25,110.2109375,110.21875,211531
05/17/2012,110.21875,110.2265625,110.1953125,110.1953125,162313
05/18/2012,110.203125,110.21875,110.1796875,110.203125,168572
05/21/2012,110.203125,110.21875,110.1796875,110.203125,170096
05/22/2012,110.203125,110.2109375,110.1875,110.1953125,223248
05/23/2012,110.2109375,110.234375,110.1953125,110.2265625,288071
05/24/2012,110.2265625,110.2265625,110.1953125,110.1953125,364089
05/25/2012,110.1953125,110.234375,110.1875,110.21875,395066
05/29/2012,110.2265625,110.234375,110.203125,110.2109375,506578
05/30/2012,110.2109375,110.2578125,110.203125,110.2421875,405411
05/31/2012,110.2421875,110.2734375,110.234375,110.2578125,144741
06/01/2012,110.203125,110.265625,110.1796875,110.2421875,314205
06/04/2012,110.2578125,110.2734375,110.21875,110.234375,177951
06/05/2012,110.234375,110.2578125,110.21875,110.25,255402
06/06/2012,110.2421875,110.25,110.203125,110.2109375,216990
06/07/2012,110.203125,110.2109375,110.1953125,110.203125,143321
06/08/2012,110.203125,110.234375,110.1953125,110.1953125,102324
06/11/2012,110.1953125,110.203125,110.171875,110.1875,129135
06/12/2012,110.1953125,110.203125,110.1484375,110.1484375,241541
06/13/2012,110.1484375,110.1640625,110.140625,110.140625,155261
06/14/2012,110.140625,110.1640625,110.125,110.140625,120890
06/15/2012,110.125,110.1875,110.125,110.1640625,102687
06/18/2012,110.1796875,110.1875,110.1328125,110.1484375,184249
06/19/2012,110.15625,110.171875,110.140625,110.1484375,94680
06/20/2012,110.140625,110.15625,110.0625,110.109375,183872
06/21/2012,110.09375,110.1328125,110.09375,110.109375,186160
06/22/2012,110.1171875,110.125,110.09375,110.1015625,139612
06/25/2012,110.1015625,110.1328125,110.1015625,110.1171875,174527
06/26/2012,110.1171875,110.125,110.09375,110.1015625,139821
06/27/2012,110.1015625,110.1171875,110.09375,110.109375,114590
06/28/2012,110.109375,110.125,110.1015625,110.109375,84902
06/29/2012,110.1171875,110.125,110.0703125,110.09375,164454
07/02/2012,110.109375,110.140625,110.0859375,110.1328125,177679
07/03/2012,110.125,110.1328125,110.078125,110.1015625,122458
07/05/2012,110.078125,110.1484375,110.078125,110.140625,150557
07/06/2012,110.140625,110.1875,110.140625,110.1796875,198714
07/09/2012,110.1875,110.203125,110.1796875,110.203125,138966
07/10/2012,110.1953125,110.2109375,110.1796875,110.1953125,177226
07/11/2012,110.203125,110.21875,110.1953125,110.203125,178756
07/12/2012,110.203125,110.234375,110.203125,110.2265625,185413
07/13/2012,110.2265625,110.28125,110.21875,110.2421875,221025
07/16/2012,110.265625,110.3125,110.2578125,110.296875,275387
07/17/2012,110.2890625,110.3046875,110.25,110.265625,277053
07/18/2012,110.2578125,110.3046875,110.25,110.296875,171790
07/19/2012,110.296875,110.3203125,110.296875,110.3125,144181
07/20/2012,110.3125,110.34375,110.296875,110.328125,173595
07/23/2012,110.3359375,110.3515625,110.3125,110.3203125,126666
07/24/2012,110.3203125,110.328125,110.296875,110.328125,152172
07/25/2012,110.328125,110.3359375,110.3046875,110.3125,140664
07/26/2012,110.3125,110.328125,110.28125,110.296875,157698
07/27/2012,110.2890625,110.296875,110.21875,110.25,218817
07/30/2012,110.2578125,110.3125,110.25,110.296875,226487
07/31/2012,110.3046875,110.328125,110.2890625,110.3046875,169048
08/01/2012,110.3203125,110.3515625,110.2578125,110.2734375,279261
08/02/2012,110.265625,110.3046875,110.2578125,110.28125,144266
08/03/2012,110.2890625,110.296875,110.25,110.2578125,166864
08/06/2012,110.2578125,110.2890625,110.25,110.265625,89649
08/07/2012,110.2578125,110.265625,110.203125,110.21875,156919
08/08/2012,110.203125,110.234375,110.171875,110.1875,166371
08/09/2012,110.1796875,110.1953125,110.1640625,110.1875,155577
08/10/2012,110.1875,110.21875,110.1796875,110.2109375,153558
08/13/2012,110.21875,110.2265625,110.1953125,110.2109375,115853
08/14/2012,110.2109375,110.21875,110.1796875,110.1953125,113206
08/15/2012,110.1875,110.1953125,110.15625,110.1640625,215317
08/16/2012,110.1640625,110.1875,110.140625,110.15625,231557
08/17/2012,110.140625,110.1640625,110.140625,110.15625,87218
08/20/2012,110.15625,110.171875,110.1328125,110.1640625,112779
08/21/2012,110.171875,110.171875,110.1328125,110.1484375,159274
08/22/2012,110.1484375,110.2109375,110.1484375,110.1953125,207255
08/23/2012,110.2109375,110.234375,110.1953125,110.21875,208826
08/24/2012,110.2109375,110.234375,110.1875,110.1953125,323460
08/27/2012,110.1953125,110.2109375,110.1875,110.2109375,280820
08/28/2012,110.203125,110.2109375,110.1875,110.1953125,414424
08/29/2012,110.1953125,110.2109375,110.171875,110.1796875,466813
08/30/2012,110.1796875,110.21875,110.171875,110.2109375,276185
08/31/2012,110.2109375,110.28125,110.1875,110.265625,88031
09/04/2012,110.296875,110.3046875,110.25,110.2578125,305581
09/05/2012,110.2578125,110.265625,110.2421875,110.25,144412
09/06/2012,110.25,110.2578125,110.1796875,110.1875,274007
09/07/2012,110.1875,110.25,110.15625,110.21875,189356
09/10/2012,110.2109375,110.2578125,110.2109375,110.2265625,172362
09/11/2012,110.2265625,110.234375,110.2109375,110.2265625,94007
09/12/2012,110.2265625,110.25,110.2265625,110.2421875,218926
09/13/2012,110.2421875,110.296875,110.21875,110.265625,273292
09/14/2012,110.2578125,110.2734375,110.21875,110.2265625,194498
09/17/2012,110.2265625,110.2578125,110.21875,110.2265625,106505
09/18/2012,110.2265625,110.2421875,110.2109375,110.21875,120430
09/19/2012,110.2109375,110.2265625,110.1953125,110.1953125,137852
09/20/2012,110.203125,110.2265625,110.1953125,110.203125,137868
09/21/2012,110.203125,110.21875,110.1875,110.203125,128963
09/24/2012,110.1953125,110.21875,110.1953125,110.1953125,100195
09/25/2012,110.203125,110.21875,110.171875,110.1953125,211653
09/26/2012,110.203125,110.21875,110.1796875,110.2109375,171603
09/27/2012,110.2109375,110.25,110.1875,110.234375,165751
09/28/2012,110.234375,110.28125,110.2265625,110.265625,243978
10/01/2012,110.2578125,110.2734375,110.25,110.265625,138028
10/02/2012,110.265625,110.28125,110.2578125,110.265625,87200
10/03/2012,110.265625,110.28125,110.265625,110.28125,76156
10/04/2012,110.28125,110.2890625,110.2421875,110.25,140570
10/05/2012,110.2421875,110.25,110.2109375,110.21875,116433
10/08/2012,110.21875,110.234375,110.203125,110.2265625,48307
10/09/2012,110.2265625,110.234375,110.2109375,110.21875,119378
10/10/2012,110.21875,110.2265625,110.203125,110.2109375,114763
10/11/2012,110.2109375,110.2265625,110.1875,110.203125,113720
10/12/2012,110.2109375,110.21875,110.1953125,110.21875,101366
10/15/2012,110.2109375,110.2265625,110.2109375,110.2265625,92510
10/16/2012,110.2265625,110.234375,110.1875,110.1953125,126784
10/17/2012,110.1953125,110.203125,110.1328125,110.140625,285214
10/18/2012,110.140625,110.15625,110.125,110.140625,204476
10/19/2012,110.1328125,110.1484375,110.125,110.1328125,204840
10/22/2012,110.1328125,110.140625,110.0859375,110.1171875,182131
10/23/2012,110.109375,110.1484375,110.1015625,110.1484375,204754
10/24/2012,110.140625,110.1640625,110.140625,110.15625,223449
10/25/2012,110.1484375,110.15625,110.1015625,110.109375,218559
10/26/2012,110.109375,110.1484375,110.1015625,110.140625,155353
10/29/2012,110.1484375,110.1640625,110.140625,110.15625,78185
10/30/2012,110.1484375,110.15625,110.125,110.140625,60486
10/31/2012,110.140625,110.1640625,110.125,110.1640625,147980
11/01/2012,110.15625,110.1796875,110.140625,110.1796875,198367
11/02/2012,110.1796875,110.1875,110.140625,110.171875,135579
11/05/2012,110.1875,110.203125,110.1796875,110.1953125,142190
11/06/2012,110.1953125,110.1953125,110.1328125,110.1640625,193394
11/07/2012,110.140625,110.234375,110.140625,110.21875,266865
11/08/2012,110.2109375,110.234375,110.1953125,110.234375,143137
11/09/2012,110.234375,110.2421875,110.2109375,110.2265625,167693
11/12/2012,110.21875,110.2421875,110.21875,110.234375,34436
11/13/2012,110.234375,110.25,110.2265625,110.25,117924
11/14/2012,110.2421875,110.265625,110.2421875,110.25,202202
11/15/2012,110.25,110.2734375,110.2421875,110.2578125,275717
11/16/2012,110.25,110.265625,110.2421875,110.2578125,148496
11/19/2012,110.2578125,110.265625,110.2421875,110.25,72505
11/20/2012,110.25,110.2578125,110.21875,110.21875,287028
11/21/2012,110.21875,110.234375,110.1875,110.1953125,211897
11/23/2012,110.1953125,110.203125,110.1796875,110.1953125,113434
11/26/2012,110.1953125,110.2109375,110.1875,110.203125,248555
11/27/2012,110.1953125,110.21875,110.1875,110.2109375,365024
11/28/2012,110.203125,110.2265625,110.203125,110.2265625,868646
11/29/2012,110.21875,110.2265625,110.203125,110.2265625,222235
11/30/2012,110.2265625,110.25,110.21875,110.2421875,104771
12/03/2012,110.21875,110.234375,110.203125,110.21875,125700
12/04/2012,110.2265625,110.25,110.21875,110.2421875,110527
12/05/2012,110.234375,110.2578125,110.2265625,110.25,188402
12/06/2012,110.2578125,110.265625,110.2421875,110.25,142319
12/07/2012,110.2421875,110.2578125,110.21875,110.2421875,173866
12/10/2012,110.2421875,110.265625,110.2421875,110.25,95416
12/11/2012,110.2578125,110.265625,110.2421875,110.25,141246
12/12/2012,110.2578125,110.2578125,110.234375,110.2421875,145981
12/13/2012,110.2421875,110.265625,110.2265625,110.2421875,203945
12/14/2012,110.234375,110.28125,110.2265625,110.2734375,348263
12/17/2012,110.2734375,110.2890625,110.234375,110.25,231716
12/18/2012,110.2421875,110.2421875,110.1796875,110.1875,219653
12/19/2012,110.1953125,110.2109375,110.171875,110.1875,198058
12/20/2012,110.1875,110.2109375,110.1796875,110.1875,159837
12/21/2012,110.1875,110.21875,110.1875,110.203125,102014
12/24/2012,110.1953125,110.234375,110.1953125,110.203125,29217
12/26/2012,110.203125,110.2109375,110.1953125,110.1953125,22239
12/27/2012,110.203125,110.2265625,110.1953125,110.21875,79827
12/28/2012,110.203125,110.2421875,110.203125,110.234375,60452
12/31/2012,110.234375,110.2578125,110.1953125,110.234375,89033
01/02/2013,110.1875,110.2265625,110.1875,110.21875,147601
01/03/2013,110.2109375,110.2265625,110.1875,110.1953125,154443
01/04/2013,110.1875,110.1953125,110.125,110.1796875,322812
01/07/2013,110.1875,110.1875,110.171875,110.1796875,114801
01/08/2013,110.1796875,110.21875,110.1796875,110.2109375,208984
01/09/2013,110.2109375,110.2421875,110.203125,110.2421875,183469
01/10/2013,110.234375,110.25,110.21875,110.2265625,171832
01/11/2013,110.21875,110.2421875,110.203125,110.234375,180657
01/14/2013,110.234375,110.25,110.2265625,110.2421875,99013
01/15/2013,110.234375,110.25,110.2265625,110.2421875,161606
01/16/2013,110.234375,110.25,110.2265625,110.234375,91168
01/17/2013,110.2421875,110.25,110.1953125,110.203125,170120
01/18/2013,110.1953125,110.2265625,110.171875,110.21875,181255
01/22/2013,110.2265625,110.2421875,110.203125,110.234375,159574
01/23/2013,110.234375,110.25,110.2265625,110.234375,128381
01/24/2013,110.2421875,110.25,110.21875,110.234375,157129
01/25/2013,110.2265625,110.234375,110.1484375,110.15625,361472
01/28/2013,110.15625,110.15625,110.1171875,110.140625,345264
01/29/2013,110.15625,110.1796875,110.1328125,110.1796875,379847
01/30/2013,110.171875,110.203125,110.1484375,110.1875,203441
01/31/2013,110.1953125,110.21875,110.1875,110.2109375,277031
02/01/2013,110.203125,110.25,110.1875,110.2109375,337541
02/04/2013,110.2109375,110.234375,110.1875,110.21875,211920
02/05/2013,110.2265625,110.234375,110.1953125,110.203125,228467
02/06/2013,110.2265625,110.2421875,110.21875,110.234375,167200
02/07/2013,110.234375,110.25,110.203125,110.2265625,286396
02/08/2013,110.2265625,110.234375,110.2109375,110.2265625,115861
02/11/2013,110.2265625,110.234375,110.203125,110.21875,101105
02/12/2013,110.21875,110.21875,110.1875,110.1953125,155225
02/13/2013,110.1953125,110.203125,110.1640625,110.1796875,188960
02/14/2013,110.171875,110.203125,110.1640625,110.203125,203158
02/15/2013,110.203125,110.2109375,110.1796875,110.1953125,98143
02/19/2013,110.1875,110.1953125,110.171875,110.1875,205414
02/20/2013,110.1875,110.2109375,110.171875,110.203125,135918
02/21/2013,110.203125,110.234375,110.203125,110.21875,278684
02/22/2013,110.2109375,110.234375,110.2109375,110.2265625,269409
02/25/2013,110.21875,110.2578125,110.2109375,110.25,549811
02/26/2013,110.2578125,110.2734375,110.25,110.265625,606317
02/27/2013,110.265625,110.2734375,110.25,110.25,621303
02/28/2013,110.2578125,110.265625,110.25,110.2578125,240144
03/01/2013,110.234375,110.2578125,110.234375,110.2421875,164479
03/04/2013,110.2421875,110.2578125,110.2421875,110.2421875,102809
03/05/2013,110.25,110.25,110.2265625,110.234375,106891
03/06/2013,110.2265625,110.2421875,110.2109375,110.2109375,118107
03/07/2013,110.21875,110.2265625,110.1953125,110.1953125,153558
03/08/2013,110.203125,110.203125,110.1484375,110.1953125,232716
03/11/2013,110.203125,110.203125,110.1875,110.1875,88123
03/12/2013,110.1953125,110.1953125,110.1796875,110.1875,101254
03/13/2013,110.1796875,110.1875,110.1640625,110.171875,140193
03/14/2013,110.171875,110.1796875,110.1484375,110.1640625,228835
03/15/2013,110.1640625,110.1953125,110.15625,110.1953125,214963
03/18/2013,110.1875,110.2265625,110.1875,110.1953125,196049
03/19/2013,110.203125,110.234375,110.1953125,110.21875,255748
03/20/2013,110.2109375,110.2265625,110.1875,110.203125,238033
03/21/2013,110.1953125,110.2109375,110.1875,110.1953125,207029
03/22/2013,110.203125,110.2109375,110.1796875,110.1875,171915
03/25/2013,110.1875,110.2109375,110.171875,110.2109375,162568
03/26/2013,110.2109375,110.2109375,110.1875,110.203125,154763
03/27/2013,110.1953125,110.234375,110.1953125,110.21875,338817
03/28/2013,110.2265625,110.2421875,110.21875,110.2265625,152393
04/01/2013,110.2265625,110.2421875,110.2109375,110.2265625,86808
04/02/2013,110.234375,110.234375,110.2109375,110.2265625,192349
04/03/2013,110.234375,110.2578125,110.2265625,110.2578125,189682
04/04/2013,110.2578125,110.2734375,110.2421875,110.2578125,259294
04/05/2013,110.2578125,110.28125,110.2421875,110.2578125,156581
04/08/2013,110.2578125,110.2578125,110.2421875,110.2578125,124992
04/09/2013,110.2578125,110.265625,110.2421875,110.25,122096
04/10/2013,110.2578125,110.265625,110.2421875,110.25,154646
04/11/2013,110.2578125,110.265625,110.25,110.25,110916
04/12/2013,110.25,110.265625,110.25,110.2578125,108355
04/15/2013,110.265625,110.28125,110.25,110.265625,150734
04/16/2013,110.2734375,110.28125,110.2578125,110.265625,123710
04/17/2013,110.265625,110.2734375,110.2578125,110.265625,64777
04/18/2013,110.265625,110.28125,110.2578125,110.265625,112244
04/19/2013,110.265625,110.2734375,110.25,110.2578125,110272
04/22/2013,110.25,110.2734375,110.2421875,110.2734375,114482
04/23/2013,110.2734375,110.28125,110.2578125,110.2734375,207116
04/24/2013,110.265625,110.28125,110.265625,110.265625,125599
04/25/2013,110.265625,110.28125,110.265625,110.28125,142470
04/26/2013,110.28125,110.3125,110.2734375,110.3046875,141273
04/29/2013,110.3125,110.3203125,110.3046875,110.3125,122110
04/30/2013,110.3125,110.328125,110.3046875,110.3125,205643
05/01/2013,110.3203125,110.3359375,110.3046875,110.328125,157562
05/02/2013,110.3203125,110.3359375,110.3125,110.328125,109613
05/03/2013,110.3359375,110.3359375,110.2890625,110.296875,160089
05/06/2013,110.3046875,110.3046875,110.2890625,110.296875,85261
05/07/2013,110.3046875,110.3046875,110.28125,110.28125,101088
05/08/2013,110.2890625,110.296875,110.2734375,110.28125,176877
05/09/2013,110.28125,110.3046875,110.28125,110.28125,145001
05/10/2013,110.28125,110.2890625,110.2421875,110.2578125,320075
05/13/2013,110.25,110.2578125,110.234375,110.25,162713
05/14/2013,110.25,110.265625,110.2265625,110.25,159884
05/15/2013,110.234375,110.265625,110.2265625,110.2578125,188194
05/16/2013,110.2578125,110.28125,110.25,110.28125,160337
05/17/2013,110.2734375,110.2734375,110.234375,110.2421875,168912
05/20/2013,110.2421875,110.2578125,110.234375,110.25,105714
05/21/2013,110.2578125,110.265625,110.2421875,110.2578125,149132
05/22/2013,110.2578125,110.28125,110.2265625,110.234375,442147
05/23/2013,110.234375,110.25,110.21875,110.2421875,459386
05/24/2013,110.2421875,110.2421875,110.21875,110.234375,239998
05/28/2013,110.2265625,110.234375,110.140625,110.171875,1060138
05/29/2013,110.15625,110.1953125,110.1015625,110.171875,799561
05/30/2013,110.1640625,110.1796875,110.15625,110.171875,347544
05/31/2013,110.1796875,110.1875,110.1328125,110.1640625,137387
06/03/2013,110.1015625,110.1171875,110.0546875,110.09375,199245
06/04/2013,110.09375,110.1015625,110.078125,110.09375,159041
06/05/2013,110.0859375,110.1171875,110.0703125,110.1015625,148655
06/06/2013,110.109375,110.1328125,110.09375,110.1171875,230744
06/07/2013,110.1171875,110.140625,110.0703125,110.09375,193038
06/10/2013,110.078125,110.0859375,110.0390625,110.0546875,240220
06/11/2013,110.0625,110.078125,110,110.0390625,367592
06/12/2013,110.0390625,110.0546875,110.015625,110.03125,214176
06/13/2013,110.0234375,110.125,110.0234375,110.0625,198042
06/14/2013,110.1171875,110.1796875,110.109375,110.1640625,210223
06/17/2013,110.15625,110.1953125,110.1171875,110.1796875,168421
06/18/2013,110.1640625,110.1875,110.1484375,110.1796875,120175
06/19/2013,110.171875,110.1953125,110.0625,110.0859375,180502
06/20/2013,110.0703125,110.078125,109.9921875,110.0234375,275749
06/21/2013,110.015625,110.0390625,109.90625,109.9296875,279903
06/24/2013,109.9296875,109.9296875,109.7734375,109.8671875,359020
06/25/2013,109.890625,109.9375,109.84375,109.859375,238063
06/26/2013,109.8515625,109.953125,109.8359375,109.9375,232882
06/27/2013,109.953125,110.0234375,109.9375,110.015625,178125
06/28/2013,110.015625,110.0390625,109.953125,110,224650
07/01/2013,109.9921875,110.0234375,109.96875,110,121762
07/02/2013,110,110.0234375,109.984375,110.0078125,120976
07/03/2013,110,110.0390625,109.921875,109.96875,158469
07/05/2013,109.9375,110.0390625,109.8828125,109.90625,273447
07/08/2013,109.90625,109.984375,109.8828125,109.96875,147209
07/09/2013,109.96875,109.984375,109.9453125,109.96875,115398
07/10/2013,109.953125,110,109.9453125,109.9765625,134344
07/11/2013,110.0078125,110.0703125,110.0078125,110.0546875,138488
07/12/2013,110.0703125,110.1015625,110.015625,110.0234375,168215
07/15/2013,110.03125,110.078125,110,110.0625,108336
07/16/2013,110.0703125,110.09375,110.0546875,110.0859375,129839
07/17/2013,110.078125,110.15625,110.0703125,110.125,159191
07/18/2013,110.125,110.15625,110.1015625,110.109375,112878
07/19/2013,110.1171875,110.1484375,110.109375,110.1328125,93001
07/22/2013,110.140625,110.1640625,110.125,110.125,97595
07/23/2013,110.140625,110.140625,110.109375,110.1171875,113877
07/24/2013,110.125,110.1328125,110.0625,110.078125,130686
07/25/2013,110.078125,110.140625,110.0703125,110.09375,125803
07/26/2013,110.140625,110.15625,110.125,110.15625,88625
07/29/2013,110.15625,110.171875,110.125,110.1484375,103096
07/30/2013,110.140625,110.15625,110.1328125,110.140625,131458
07/31/2013,110.1484375,110.1640625,110.0859375,110.15625,234011
08/01/2013,110.15625,110.1640625,110.1015625,110.109375,176060
08/02/2013,110.1171875,110.171875,110.0703125,110.171875,267479
08/05/2013,110.1640625,110.1796875,110.140625,110.15625,128807
08/06/2013,110.15625,110.171875,110.140625,110.1640625,110947
08/07/2013,110.15625,110.1796875,110.15625,110.171875,103532
08/08/2013,110.1796875,110.1875,110.1640625,110.1796875,74938
08/09/2013,110.1796875,110.1875,110.1640625,110.171875,101934
08/12/2013,110.171875,110.1875,110.15625,110.171875,82234
08/13/2013,110.15625,110.1640625,110.1015625,110.1171875,171525
08/14/2013,110.1171875,110.140625,110.109375,110.125,104480
08/15/2013,110.125,110.1328125,110.0546875,110.09375,228215
08/16/2013,110.0859375,110.09375,110.0546875,110.0703125,155038
08/19/2013,110.078125,110.078125,110.046875,110.0625,137869
08/20/2013,110.0546875,110.1015625,110.0546875,110.09375,144201
08/21/2013,110.09375,110.09375,110.03125,110.0546875,201178
08/22/2013,110.046875,110.046875,109.984375,109.9921875,282352
08/23/2013,109.9921875,110.03125,109.9609375,110.0078125,361530
08/26/2013,110.0234375,110.046875,110,110.03125,305437
08/27/2013,110.0390625,110.078125,110.0234375,110.0625,437689
08/28/2013,110.078125,110.078125,110.0234375,110.03125,471787
08/29/2013,110.0390625,110.046875,110.0078125,110.0390625,462049
08/30/2013,110.03125,110.0703125,110.0234375,110.0625,111916
09/03/2013,109.828125,109.84375,109.7421875,109.7890625,259790
09/04/2013,109.7890625,109.7890625,109.6484375,109.6796875,259570
09/05/2013,109.6484375,109.6640625,109.5234375,109.5546875,331487
09/06/2013,109.53125,109.734375,109.5078125,109.6796875,291724
09/09/2013,109.671875,109.7421875,109.6640625,109.7265625,133062
09/10/2013,109.7109375,109.71875,109.6484375,109.6640625,191240
09/11/2013,109.6484375,109.7265625,109.640625,109.7265625,170540
09/12/2013,109.7265625,109.765625,109.71875,109.7421875,141352
09/13/2013,109.7265625,109.765625,109.6796875,109.75,123275
09/16/2013,109.8046875,109.9453125,109.8046875,109.8515625,232472
09/17/2013,109.8671875,109.921875,109.859375,109.90625,175581
09/18/2013,109.9140625,110.0546875,109.875,110.046875,230835
09/19/2013,110.0234375,110.078125,110.0078125,110.0390625,286939
09/20/2013,110.015625,110.0546875,110,110.03125,154176
09/23/2013,110.03125,110.0546875,110.0078125,110.0390625,145475
09/24/2013,110.0390625,110.0625,110.03125,110.046875,136140
09/25/2013,110.046875,110.09375,110.0390625,110.078125,144746
09/26/2013,110.0703125,110.0859375,110.046875,110.078125,145025
09/27/2013,110.078125,110.109375,110.0703125,110.1015625,141245
09/30/2013,110.09375,110.140625,110.0859375,110.1328125,204556
10/01/2013,110.125,110.1328125,110.09375,110.1015625,144992
10/02/2013,110.1015625,110.171875,110.1015625,110.1328125,200967
10/03/2013,110.140625,110.1640625,110.1171875,110.1484375,220003
10/04/2013,110.15625,110.1640625,110.1171875,110.125,149538
10/07/2013,110.1171875,110.15625,110.0859375,110.0859375,156408
10/08/2013,110.0859375,110.1015625,110,110.015625,278713
10/09/2013,110.0078125,110.0859375,110.0078125,110.078125,173067
10/10/2013,110.078125,110.109375,110.0546875,110.0859375,154463
10/11/2013,110.1015625,110.1171875,110.0859375,110.109375,85557
10/14/2013,110.09375,110.109375,110.046875,110.0546875,28204
10/15/2013,110.0625,110.1015625,110.0546875,110.0859375,115344
10/16/2013,110.0859375,110.1328125,110.0625,110.1171875,142646
10/17/2013,110.125,110.171875,110.125,110.1484375,187382
10/18/2013,110.1484375,110.171875,110.140625,110.1484375,80031
10/21/2013,110.1484375,110.1640625,110.1328125,110.140625,70805
10/22/2013,110.140625,110.1953125,110.1328125,110.1875,94133
10/23/2013,110.1796875,110.1953125,110.140625,110.15625,106370
10/24/2013,110.140625,110.1640625,110.140625,110.1484375,109392
10/25/2013,110.1484375,110.1796875,110.140625,110.171875,66878
10/28/2013,110.1640625,110.1796875,110.1484375,110.171875,97507
10/29/2013,110.171875,110.1953125,110.1640625,110.1875,125963
10/30/2013,110.1875,110.21875,110.1796875,110.1953125,195651
10/31/2013,110.1953125,110.21875,110.1875,110.2109375,144438
11/01/2013,110.203125,110.21875,110.1953125,110.1953125,93008
11/04/2013,110.1953125,110.2265625,110.1953125,110.21875,101451
11/05/2013,110.21875,110.234375,110.1875,110.21875,179482
11/06/2013,110.2265625,110.2578125,110.2265625,110.25,188474
11/07/2013,110.2421875,110.296875,110.234375,110.2578125,210313
11/08/2013,110.2578125,110.265625,110.1796875,110.2109375,193135
11/11/2013,110.1953125,110.2109375,110.1875,110.203125,30601
11/12/2013,110.1953125,110.203125,110.1640625,110.171875,131828
11/13/2013,110.171875,110.2421875,110.171875,110.1953125,128233
11/14/2013,110.234375,110.2578125,110.21875,110.25,117066
11/15/2013,110.2578125,110.265625,110.2265625,110.2421875,94699
11/18/2013,110.2421875,110.2734375,110.2421875,110.265625,127258
11/19/2013,110.265625,110.2734375,110.234375,110.234375,196949
11/20/2013,110.25,110.3046875,110.234375,110.28125,227227
11/21/2013,110.265625,110.296875,110.2578125,110.2890625,230958
11/22/2013,110.2734375,110.2734375,110.25,110.265625,330068
11/25/2013,110.265625,110.2734375,110.25,110.2578125,388048
11/26/2013,110.2734375,110.28125,110.2578125,110.2734375,750174
11/27/2013,110.2734375,110.296875,110.265625,110.2890625,315783
11/29/2013,110.2890625,110.296875,110.2734375,110.2890625,49223
12/02/2013,110.140625,110.1484375,110.109375,110.1171875,181473
12/03/2013,110.1328125,110.140625,110.1171875,110.125,126259
12/04/2013,110.1171875,110.125,110.0703125,110.1015625,227947
12/05/2013,110.1015625,110.109375,110.0703125,110.078125,104845
12/06/2013,110.078125,110.1015625,110.0390625,110.0703125,141180
12/09/2013,110.0703125,110.1015625,110.0625,110.0703125,142947
12/10/2013,110.0859375,110.09375,110.0703125,110.0859375,108308
12/11/2013,110.078125,110.0859375,110.0546875,110.0625,108226
12/12/2013,110.0625,110.0625,109.9609375,110.0078125,269556
12/13/2013,110,110.015625,109.96875,110.0078125,103511
12/16/2013,110,110.015625,109.9765625,110,116652
12/17/2013,109.9921875,110.046875,109.984375,110.03125,162408
12/18/2013,110.0390625,110.0859375,109.984375,110.0703125,184039
12/19/2013,110.046875,110.046875,109.953125,109.9765625,233887
12/20/2013,109.9765625,109.9921875,109.8984375,109.953125,161621
12/23/2013,109.953125,109.953125,109.90625,109.9296875,81140
12/24/2013,109.921875,109.9296875,109.875,109.890625,53169
12/26/2013,109.8828125,109.890625,109.8515625,109.859375,47520
12/27/2013,109.859375,109.90625,109.859375,109.890625,67628
12/30/2013,109.8984375,109.921875,109.8828125,109.90625,100072
12/31/2013,109.90625,109.921875,109.890625,109.90625,84628
01/02/2014,109.8984375,109.921875,109.8828125,109.90625,96243
01/03/2014,109.90625,109.90625,109.8671875,109.875,129077
01/06/2014,109.875,109.8984375,109.8671875,109.8984375,111298
01/07/2014,109.890625,109.9140625,109.890625,109.90625,139952
01/08/2014,109.8984375,109.90625,109.8203125,109.828125,274194
01/09/2014,109.8359375,109.8515625,109.8125,109.828125,175685
01/10/2014,109.8203125,109.9609375,109.8125,109.953125,284476
01/13/2014,109.953125,109.9921875,109.9375,109.9921875,162949
01/14/2014,109.984375,109.984375,109.921875,109.9296875,202165
01/15/2014,109.9296875,109.9453125,109.890625,109.90625,181434
01/16/2014,109.90625,109.9375,109.8984375,109.9140625,306201
01/17/2014,109.9140625,109.9453125,109.90625,109.9296875,151278
01/21/2014,109.9375,109.953125,109.90625,109.9375,179607
01/22/2014,109.9296875,109.9296875,109.8671875,109.8828125,214096
01/23/2014,109.875,109.9921875,109.8671875,109.96875,231047
01/24/2014,109.9609375,110.078125,109.953125,110,230648
01/27/2014,110,110.0234375,109.96875,109.9921875,161000
01/28/2014,110,110.015625,109.9609375,110.015625,146084
01/29/2014,110,110.0859375,109.9765625,110.0703125,205653
01/30/2014,110.0546875,110.0859375,110.0390625,110.078125,216056
01/31/2014,110.078125,110.125,110.0703125,110.1015625,191939
02/03/2014,110.109375,110.1796875,110.0859375,110.15625,216829
02/04/2014,110.1640625,110.171875,110.1328125,110.140625,211077
02/05/2014,110.1328125,110.171875,110.1171875,110.125,161069
02/06/2014,110.125,110.140625,110.09375,110.109375,168487
02/07/2014,110.109375,110.171875,110.09375,110.1484375,132567
02/10/2014,110.1484375,110.1640625,110.1328125,110.140625,109016
02/11/2014,110.1484375,110.1484375,110.09375,110.1015625,147709
02/12/2014,110.1015625,110.109375,110.0625,110.0703125,228192
02/13/2014,110.078125,110.140625,110.0625,110.125,109971
02/14/2014,110.1328125,110.1484375,110.109375,110.125,142667
02/18/2014,110.1328125,110.171875,110.125,110.15625,148139
02/19/2014,110.1640625,110.1875,110.109375,110.125,164167
02/20/2014,110.1171875,110.1484375,110.09375,110.1171875,181560
02/21/2014,110.1171875,110.140625,110.09375,110.1328125,171410
02/24/2014,110.1328125,110.140625,110.109375,110.1171875,259123
02/25/2014,110.125,110.1484375,110.1171875,110.1328125,497249
02/26/2014,110.140625,110.171875,110.1328125,110.1640625,677469
02/27/2014,110.1640625,110.1875,110.15625,110.1796875,453245
02/28/2014,109.953125,109.9609375,109.90625,109.9375,280630
03/03/2014,109.96875,110.0234375,109.9453125,109.9765625,189024
03/04/2014,109.9921875,109.9921875,109.90625,109.921875,134843
03/05/2014,109.921875,109.9375,109.890625,109.921875,159426
03/06/2014,109.921875,109.9296875,109.875,109.8828125,180329
03/07/2014,109.8984375,109.90625,109.796875,109.8125,199417
03/10/2014,109.8203125,109.8359375,109.796875,109.8203125,125361
03/11/2014,109.8203125,109.8359375,109.796875,109.8203125,180124
03/12/2014,109.8203125,109.859375,109.8203125,109.84375,138830
03/13/2014,109.8359375,109.9140625,109.7890625,109.90625,332929
03/14/2014,109.8984375,109.953125,109.875,109.8984375,227388
03/17/2014,109.8984375,109.8984375,109.84375,109.859375,171224
03/18/2014,109.859375,109.8984375,109.8515625,109.890625,111597
03/19/2014,109.8984375,109.90625,109.671875,109.7265625,309116
03/20/2014,109.71875,109.75,109.6796875,109.6953125,303488
03/21/2014,109.71875,109.7265625,109.6640625,109.6953125,227243
03/24/2014,109.6875,109.6953125,109.6171875,109.6640625,278317
03/25/2014,109.6796875,109.71875,109.6640625,109.6953125,264309
03/26/2014,109.6953125,109.765625,109.6875,109.75,290262
03/27/2014,109.7578125,109.765625,109.703125,109.7421875,256850
03/28/2014,109.734375,109.7421875,109.703125,109.734375,190882
03/31/2014,109.71875,109.8046875,109.6875,109.78125,244614
04/01/2014,109.7890625,109.796875,109.75,109.7734375,249655
04/02/2014,109.765625,109.7734375,109.7109375,109.7265625,246615
04/03/2014,109.7265625,109.75,109.71875,109.7265625,125792
04/04/2014,109.7265625,109.828125,109.6875,109.8203125,229300
04/07/2014,109.8203125,109.875,109.8046875,109.859375,244824
04/08/2014,109.859375,109.875,109.828125,109.8671875,351775
04/09/2014,109.8671875,109.953125,109.8359375,109.921875,276911
04/10/2014,109.9375,109.9921875,109.921875,109.984375,280634
04/11/2014,109.9765625,110,109.9453125,109.9765625,163749
04/14/2014,109.96875,110,109.9296875,109.9609375,156590
04/15/2014,109.9453125,109.9609375,109.9140625,109.9453125,251482
04/16/2014,109.9453125,109.953125,109.9140625,109.9296875,204941
04/17/2014,109.9375,109.953125,109.859375,109.8828125,187622
04/21/2014,109.875,109.90625,109.859375,109.890625,69275
04/22/2014,109.890625,109.90625,109.859375,109.8671875,164279
04/23/2014,109.8828125,109.9140625,109.875,109.8984375,204873
04/24/2014,109.8828125,109.90625,109.859375,109.890625,196117
04/25/2014,109.8984375,109.9296875,109.8984375,109.9140625,155176
04/28/2014,109.9140625,109.921875,109.8828125,109.9140625,184297
04/29/2014,109.8984375,109.90625,109.8671875,109.890625,211627
04/30/2014,109.8984375,109.953125,109.875,109.9375,222693
05/01/2014,109.9453125,109.9765625,109.9296875,109.953125,187221
05/02/2014,109.9609375,109.9609375,109.8359375,109.921875,337710
05/05/2014,109.9375,109.953125,109.9140625,109.9296875,154927
05/06/2014,109.9375,109.9375,109.9140625,109.921875,138859
05/07/2014,109.921875,109.984375,109.90625,109.9765625,230320
05/08/2014,109.96875,110.015625,109.953125,110,241331
05/09/2014,110,110.03125,109.9921875,110.015625,209394
05/12/2014,110.015625,110.0234375,109.9765625,109.9921875,174861
05/13/2014,109.984375,110.0234375,109.9765625,110.015625,161125
05/14/2014,110.0234375,110.0859375,110.015625,110.0625,237863
05/15/2014,110.0546875,110.09375,110.015625,110.078125,292591
05/16/2014,110.078125,110.0859375,110.0546875,110.0703125,250548
05/19/2014,110.0625,110.1171875,110.0625,110.1015625,216872
05/20/2014,110.1015625,110.1328125,110.078125,110.1171875,264065
05/21/2014,110.109375,110.125,110.078125,110.109375,453086
05/22/2014,110.109375,110.109375,110.078125,110.0859375,180136
05/23/2014,110.09375,110.1171875,110.0859375,110.109375,246939
05/27/2014,110.109375,110.125,110.078125,110.09375,708879
05/28/2014,110.1015625,110.1484375,110.09375,110.1328125,635610
05/29/2014,110.125,110.15625,110.109375,110.1328125,309552
05/30/2014,110.109375,110.140625,110.1015625,110.1328125,107062
06/02/2014,109.875,109.875,109.8125,109.8203125,215356
06/03/2014,109.8359375,109.8515625,109.8046875,109.8125,226480
06/04/2014,109.8203125,109.8515625,109.8046875,109.8203125,287541
06/05/2014,109.828125,109.859375,109.8125,109.8515625,190717
06/06/2014,109.859375,109.8828125,109.7890625,109.796875,203748
06/09/2014,109.796875,109.796875,109.7421875,109.75,155751
06/10/2014,109.75,109.765625,109.7109375,109.71875,193311
06/11/2014,109.7109375,109.75,109.703125,109.734375,166128
06/12/2014,109.734375,109.7890625,109.6953125,109.765625,256911
06/13/2014,109.7265625,109.7265625,109.640625,109.6953125,217084
06/16/2014,109.6875,109.6953125,109.640625,109.65625,238796
06/17/2014,109.6484375,109.6640625,109.59375,109.609375,265525
06/18/2014,109.6015625,109.7109375,109.5859375,109.625,296744
06/19/2014,109.6796875,109.734375,109.65625,109.671875,206711
06/20/2014,109.6875,109.7109375,109.640625,109.671875,147131
06/23/2014,109.6953125,109.703125,109.6640625,109.6796875,93105
06/24/2014,109.671875,109.703125,109.65625,109.6796875,161511
06/25/2014,109.703125,109.7578125,109.6875,109.734375,182218
06/26/2014,109.7265625,109.78125,109.703125,109.7734375,192219
06/27/2014,109.7734375,109.796875,109.7578125,109.78125,163849
06/30/2014,109.78125,109.8046875,109.765625,109.796875,158694
07/01/2014,109.7890625,109.796875,109.7578125,109.7734375,173546
07/02/2014,109.765625,109.7734375,109.703125,109.71875,156079
07/03/2014,109.7265625,109.734375,109.625,109.65625,208158
07/07/2014,109.625,109.6484375,109.609375,109.6484375,131200
07/08/2014,109.640625,109.6875,109.6328125,109.6640625,132964
07/09/2014,109.671875,109.734375,109.59375,109.6796875,276173
07/10/2014,109.7265625,109.8125,109.7109375,109.765625,271611
07/11/2014,109.765625,109.8046875,109.7578125,109.7890625,161225
07/14/2014,109.78125,109.8046875,109.75,109.7578125,102588
07/15/2014,109.75,109.7890625,109.703125,109.71875,199039
07/16/2014,109.7109375,109.7265625,109.6796875,109.6875,118165
07/17/2014,109.6953125,109.78125,109.6875,109.734375,179950
07/18/2014,109.78125,109.7890625,109.703125,109.7265625,133867
07/21/2014,109.7109375,109.71875,109.6875,109.6875,97383
07/22/2014,109.6953125,109.734375,109.671875,109.71875,192887
07/23/2014,109.734375,109.7578125,109.7265625,109.7421875,150678
07/24/2014,109.75,109.7578125,109.6875,109.703125,169723
07/25/2014,109.7109375,109.71875,109.6875,109.7109375,84588
07/28/2014,109.7109375,109.71875,109.6875,109.703125,190163
07/29/2014,109.6953125,109.7109375,109.6796875,109.7109375,212564
07/30/2014,109.703125,109.703125,109.59375,109.65625,280151
07/31/2014,109.6640625,109.71875,109.6328125,109.7109375,276526
08/01/2014,109.7109375,109.8515625,109.703125,109.8359375,268302
08/04/2014,109.828125,109.84375,109.8203125,109.8359375,165698
08/05/2014,109.84375,109.8515625,109.8046875,109.828125,209456
08/06/2014,109.8359375,109.875,109.8203125,109.84375,231318
08/07/2014,109.84375,109.8984375,109.828125,109.8828125,204111
08/08/2014,109.890625,109.9375,109.8515625,109.875,237076
08/11/2014,109.859375,109.8828125,109.84375,109.8671875,137591
08/12/2014,109.875,109.890625,109.8515625,109.875,170468
08/13/2014,109.875,109.9140625,109.859375,109.90625,198734
08/14/2014,109.90625,109.953125,109.890625,109.9140625,238032
08/15/2014,109.90625,109.9765625,109.875,109.9296875,235752
08/18/2014,109.9296875,109.9296875,109.890625,109.921875,142589
08/19/2014,109.9140625,109.9453125,109.8984375,109.90625,140475
08/20/2014,109.90625,109.90625,109.796875,109.8203125,319112
08/21/2014,109.8125,109.859375,109.8046875,109.828125,362849
08/22/2014,109.8203125,109.8515625,109.7734375,109.796875,256598
08/25/2014,109.796875,109.8125,109.765625,109.7734375,350196
08/26/2014,109.7734375,109.8125,109.765625,109.796875,811410
08/27/2014,109.8046875,109.8359375,109.8046875,109.828125,897488
08/28/2014,109.828125,109.859375,109.8203125,109.8515625,379763
08/29/2014,109.484375,109.5390625,109.46875,109.5234375,289232
09/02/2014,109.515625,109.5390625,109.4375,109.4375,294966
09/03/2014,109.4453125,109.4609375,109.3984375,109.453125,254096
09/04/2014,109.453125,109.5,109.40625,109.421875,328950
09/05/2014,109.421875,109.5234375,109.3671875,109.484375,268360
09/08/2014,109.484375,109.5078125,109.4296875,109.4375,159980
09/09/2014,109.421875,109.4296875,109.3515625,109.375,249174
09/10/2014,109.375,109.375,109.328125,109.3515625,342604
09/11/2014,109.3359375,109.390625,109.328125,109.3515625,357349
09/12/2014,109.3359375,109.3671875,109.3125,109.3515625,208196
09/15/2014,109.3515625,109.3984375,109.34375,109.3828125,238376
09/16/2014,109.390625,109.4453125,109.3828125,109.421875,275165
09/17/2014,109.4140625,109.4921875,109.3359375,109.3828125,496500
09/18/2014,109.359375,109.375,109.296875,109.359375,341980
09/19/2014,109.359375,109.375,109.3125,109.359375,188621
09/22/2014,109.359375,109.4296875,109.359375,109.421875,165354
09/23/2014,109.3984375,109.453125,109.3984375,109.453125,277985
09/24/2014,109.4453125,109.453125,109.4140625,109.421875,223234
09/25/2014,109.4140625,109.4921875,109.4140625,109.46875,261125
09/26/2014,109.4921875,109.5,109.3984375,109.421875,289805
09/29/2014,109.4296875,109.46875,109.4140625,109.4375,239218
09/30/2014,109.4375,109.4765625,109.3984375,109.421875,271370
10/01/2014,109.46875,109.59375,109.4453125,109.5546875,507422
10/02/2014,109.5625,109.609375,109.53125,109.5390625,280060
10/03/2014,109.5546875,109.5625,109.453125,109.4765625,246537
10/06/2014,109.4921875,109.5703125,109.4765625,109.5546875,153772
10/07/2014,109.5390625,109.640625,109.5234375,109.6015625,280877
10/08/2014,109.6328125,109.75,109.5859375,109.71875,347369
10/09/2014,109.71875,109.796875,109.7109375,109.734375,341703
10/10/2014,109.7578125,109.796875,109.6953125,109.765625,192393
10/13/2014,109.796875,109.8828125,109.7890625,109.84375,68033
10/14/2014,109.875,109.9296875,109.8203125,109.90625,327613
10/15/2014,109.9140625,110.2109375,109.890625,110.0625,786110
10/16/2014,110.015625,110.140625,109.9453125,109.984375,423762
10/17/2014,109.9609375,110.0234375,109.8984375,109.9140625,237589
10/20/2014,109.921875,109.9765625,109.8984375,109.96875,222990
10/21/2014,109.9609375,110.0078125,109.9296875,109.9609375,172200
10/22/2014,109.9453125,109.9765625,109.890625,109.9296875,163243
10/23/2014,109.953125,109.9609375,109.8671875,109.890625,174373
10/24/2014,109.8984375,109.953125,109.8828125,109.90625,151685
10/27/2014,109.9140625,109.9609375,109.890625,109.9375,161807
10/28/2014,109.9375,109.953125,109.90625,109.9296875,169865
10/29/2014,109.921875,109.9296875,109.78125,109.8046875,219521
10/30/2014,109.8125,109.8515625,109.765625,109.8125,236647
10/31/2014,109.828125,109.8359375,109.7578125,109.78125,213935
11/03/2014,109.7890625,109.796875,109.71875,109.75,131699
11/04/2014,109.7421875,109.78125,109.734375,109.75,139234
11/05/2014,109.7578125,109.7578125,109.703125,109.7265625,145340
11/06/2014,109.734375,109.75,109.6640625,109.6953125,160559
11/07/2014,109.6796875,109.7890625,109.6484375,109.78125,256016
11/10/2014,109.7734375,109.8203125,109.703125,109.7109375,215565
11/11/2014,109.7109375,109.7265625,109.6796875,109.6875,41532
11/12/2014,109.6953125,109.7421875,109.6875,109.7109375,217672
11/13/2014,109.7109375,109.765625,109.6953125,109.7578125,146468
11/14/2014,109.7578125,109.7890625,109.6953125,109.78125,178845
11/17/2014,109.765625,109.8203125,109.7578125,109.7890625,176535
11/18/2014,109.796875,109.8203125,109.78125,109.796875,148310
11/19/2014,109.8046875,109.8046875,109.734375,109.7734375,231510
11/20/2014,109.7734375,109.8359375,109.7734375,109.8125,454510
11/21/2014,109.8046875,109.8359375,109.78125,109.828125,344754
11/24/2014,109.8359375,109.8515625,109.796875,109.84375,667205
11/25/2014,109.8515625,109.8984375,109.828125,109.890625,915169
11/26/2014,109.8828125,109.9296875,109.875,109.9140625,480578
11/28/2014,109.515625,109.5859375,109.5078125,109.5703125,136271
12/01/2014,109.5859375,109.65625,109.5546875,109.5703125,287310
12/02/2014,109.5703125,109.5703125,109.46875,109.484375,273356
12/03/2014,109.4765625,109.484375,109.421875,109.4296875,273944
12/04/2014,109.4296875,109.4765625,109.421875,109.4609375,147256
12/05/2014,109.46875,109.4765625,109.21875,109.234375,362564
12/08/2014,109.2265625,109.2734375,109.171875,109.2421875,230913
12/09/2014,109.2578125,109.3671875,109.2421875,109.28125,309469
12/10/2014,109.3046875,109.4140625,109.265625,109.390625,209139
12/11/2014,109.40625,109.4375,109.2890625,109.328125,225556
12/12/2014,109.34375,109.5078125,109.328125,109.453125,257871
12/15/2014,109.46875,109.5078125,109.375,109.3828125,208557
12/16/2014,109.3984375,109.6328125,109.390625,109.453125,329837
12/17/2014,109.4609375,109.5546875,109.3203125,109.3515625,320748
12/18/2014,109.3203125,109.3828125,109.265625,109.296875,194168
12/19/2014,109.296875,109.3359375,109.25,109.2734375,168482
12/22/2014,109.2890625,109.3046875,109.2421875,109.25,143291
12/23/2014,109.25,109.2734375,109.1640625,109.1953125,134682
12/24/2014,109.1875,109.2265625,109.15625,109.1796875,56259
12/26/2014,109.171875,109.2109375,109.15625,109.1796875,32296
12/29/2014,109.171875,109.265625,109.1640625,109.2421875,75027
12/30/2014,109.234375,109.3046875,109.234375,109.2734375,78673
12/31/2014,109.2890625,109.3203125,109.265625,109.296875,81788
01/02/2015,109.2734375,109.34375,109.2265625,109.3203125,155339
01/05/2015,109.328125,109.34375,109.2734375,109.3359375,166831
01/06/2015,109.3359375,109.515625,109.3359375,109.40625,302346
01/07/2015,109.40625,109.46875,109.375,109.453125,273573
01/08/2015,109.4453125,109.484375,109.3984375,109.46875,167033
01/09/2015,109.4765625,109.6015625,109.421875,109.5390625,296360
01/12/2015,109.5625,109.609375,109.5390625,109.59375,165182
01/13/2015,109.6015625,109.6640625,109.578125,109.6484375,247492
01/14/2015,109.6328125,109.8203125,109.6328125,109.7421875,290489
01/15/2015,109.71875,109.921875,109.6484375,109.8359375,326207
01/16/2015,109.8828125,109.921875,109.734375,109.765625,271157
01/20/2015,109.7734375,109.828125,109.71875,109.75,171795
01/21/2015,109.7421875,109.7890625,109.6953125,109.7265625,215963
01/22/2015,109.7109375,109.78125,109.671875,109.6796875,249664
01/23/2015,109.6953125,109.8046875,109.6796875,109.7421875,188321
01/26/2015,109.78125,109.7890625,109.6796875,109.6875,181585
01/27/2015,109.703125,109.78125,109.6953125,109.71875,207153
01/28/2015,109.71875,109.828125,109.6953125,109.796875,245135
01/29/2015,109.8125,109.8203125,109.7421875,109.7734375,203211
01/30/2015,109.78125,109.921875,109.765625,109.8828125,252000
02/02/2015,109.90625,109.921875,109.859375,109.890625,213980
02/03/2015,109.8984375,109.9140625,109.796875,109.8203125,227160
02/04/2015,109.796875,109.875,109.7421875,109.796875,227013
02/05/2015,109.8671875,109.8828125,109.7578125,109.78125,228736
02/06/2015,109.78125,109.8203125,109.5,109.5234375,503596
02/09/2015,109.515625,109.6015625,109.5,109.53125,259873
02/10/2015,109.515625,109.53125,109.46875,109.5078125,255197
02/11/2015,109.515625,109.546875,109.46875,109.515625,170223
02/12/2015,109.4921875,109.578125,109.4609375,109.5625,235665
02/13/2015,109.578125,109.59375,109.5390625,109.5546875,173036
02/17/2015,109.546875,109.59375,109.4453125,109.4921875,341432
02/18/2015,109.5078125,109.671875,109.4609375,109.640625,377829
02/19/2015,109.640625,109.6875,109.5859375,109.59375,267276
02/20/2015,109.59375,109.6796875,109.5390625,109.546875,345348
02/23/2015,109.5703125,109.640625,109.546875,109.6328125,884565
02/24/2015,109.640625,109.765625,109.5625,109.7421875,1061390
02/25/2015,109.7421875,109.765625,109.6953125,109.7265625,754490
02/26/2015,109.7265625,109.7734375,109.640625,109.65625,478810
02/27/2015,109.234375,109.3046875,109.203125,109.2890625,366402
03/02/2015,109.3046875,109.3046875,109.1875,109.203125,207266
03/03/2015,109.203125,109.2265625,109.15625,109.15625,220703
03/04/2015,109.171875,109.21875,109.15625,109.1875,188064
03/05/2015,109.2109375,109.25,109.1796875,109.2421875,217261
03/06/2015,109.2421875,109.3828125,109.015625,109.046875,416766
03/09/2015,109.0390625,109.1328125,109.0234375,109.125,253203
03/10/2015,109.125,109.1953125,109.1015625,109.1640625,268000
03/11/2015,109.171875,109.1875,109.1015625,109.1640625,237305
03/12/2015,109.171875,109.2734375,109.15625,109.2265625,278444
03/13/2015,109.203125,109.2734375,109.1640625,109.25,225496
03/16/2015,109.21875,109.296875,109.2109375,109.25,190909
03/17/2015,109.2578125,109.2890625,109.1953125,109.2109375,148841
03/18/2015,109.203125,109.5390625,109.1953125,109.46875,504799
03/19/2015,109.4765625,109.5390625,109.328125,109.3515625,265701
03/20/2015,109.359375,109.46875,109.359375,109.4296875,230718
03/23/2015,109.4453125,109.4765625,109.40625,109.4296875,184238
03/24/2015,109.453125,109.5078125,109.421875,109.484375,266129
03/25/2015,109.5078125,109.546875,109.4609375,109.4765625,233507
03/26/2015,109.46875,109.5,109.4140625,109.4453125,233502
03/27/2015,109.4609375,109.546875,109.4453125,109.546875,206596
03/30/2015,109.515625,109.5703125,109.5,109.5078125,246655
03/31/2015,109.5390625,109.5859375,109.5234375,109.578125,205138
04/01/2015,109.5703125,109.640625,109.53125,109.6171875,217934
04/02/2015,109.6015625,109.6640625,109.59375,109.609375,167655
04/03/2015,109.6171875,109.765625,109.6171875,109.7421875,109188
04/06/2015,109.7421875,109.75,109.6875,109.6953125,111761
04/07/2015,109.703125,109.7109375,109.640625,109.65625,156741
04/08/2015,109.65625,109.671875,109.6015625,109.6484375,184910
04/09/2015,109.6484375,109.6640625,109.59375,109.609375,177366
04/10/2015,109.609375,109.625,109.5625,109.578125,185346
04/13/2015,109.59375,109.6484375,109.546875,109.625,146635
04/14/2015,109.6484375,109.71875,109.6015625,109.671875,187481
04/15/2015,109.6875,109.7265625,109.671875,109.7109375,115059
04/16/2015,109.7109375,109.7734375,109.6875,109.7578125,215029
04/17/2015,109.7421875,109.8046875,109.6875,109.71875,208849
04/20/2015,109.703125,109.7265625,109.65625,109.6640625,156237
04/21/2015,109.671875,109.6875,109.6328125,109.671875,131962
04/22/2015,109.6875,109.6953125,109.609375,109.6328125,208308
04/23/2015,109.625,109.6796875,109.6171875,109.6640625,188873
04/24/2015,109.6640625,109.734375,109.640625,109.7265625,181470
04/27/2015,109.734375,109.734375,109.6796875,109.7109375,191041
04/28/2015,109.7265625,109.734375,109.6640625,109.6875,158076
04/29/2015,109.6640625,109.7109375,109.5859375,109.671875,279136
04/30/2015,109.6875,109.6875,109.5546875,109.6328125,346374
05/01/2015,109.6484375,109.6484375,109.5703125,109.5859375,157082
05/04/2015,109.6015625,109.625,109.5546875,109.6015625,185359
05/05/2015,109.6015625,109.640625,109.5234375,109.546875,258079
05/06/2015,109.5390625,109.5703125,109.4921875,109.515625,316124
05/07/2015,109.5078125,109.5625,109.4609375,109.53125,360409
05/08/2015,109.5234375,109.6875,109.5,109.65625,410452
05/11/2015,109.65625,109.6796875,109.5703125,109.5859375,265355
05/12/2015,109.578125,109.640625,109.515625,109.6171875,376677
05/13/2015,109.6171875,109.71875,109.6171875,109.6875,372825
05/14/2015,109.6796875,109.765625,109.671875,109.7578125,350796
05/15/2015,109.75,109.7890625,109.7265625,109.765625,311165
05/18/2015,109.765625,109.7890625,109.6796875,109.703125,192068
05/19/2015,109.6953125,109.7421875,109.609375,109.6328125,289730
05/20/2015,109.6171875,109.6796875,109.6171875,109.671875,291771
05/21/2015,109.671875,109.703125,109.6484375,109.6875,282752
05/22/2015,109.7109375,109.71875,109.5859375,109.6015625,467036
05/26/2015,109.609375,109.6484375,109.5625,109.6328125,900983
05/27/2015,109.640625,109.6484375,109.59375,109.6328125,1058821
05/28/2015,109.6328125,109.703125,109.625,109.6875,476608
05/29/2015,109.359375,109.4296875,109.3515625,109.4296875,344727
06/01/2015,109.421875,109.4296875,109.296875,109.3203125,290495
06/02/2015,109.328125,109.328125,109.265625,109.2890625,297564
06/03/2015,109.296875,109.3046875,109.21875,109.234375,362430
06/04/2015,109.2421875,109.296875,109.2109375,109.265625,352254
06/05/2015,109.265625,109.2734375,109.0546875,109.140625,475662
06/08/2015,109.1484375,109.234375,109.109375,109.2265625,222018
06/09/2015,109.21875,109.2421875,109.1328125,109.1640625,231491
06/10/2015,109.1328125,109.140625,109.1015625,109.125,200972
06/11/2015,109.1171875,109.15625,109.078125,109.1484375,289593
06/12/2015,109.1484375,109.1796875,109.1015625,109.1484375,244285
06/15/2015,109.1328125,109.25,109.1328125,109.203125,194640
06/16/2015,109.1875,109.2578125,109.1875,109.2421875,232124
06/17/2015,109.2421875,109.3515625,109.078125,109.328125,343539
06/18/2015,109.328125,109.40625,109.3125,109.3515625,324815
06/19/2015,109.390625,109.4609375,109.3671875,109.4375,231259
06/22/2015,109.4375,109.4375,109.3515625,109.3671875,179173
06/23/2015,109.3515625,109.3671875,109.3046875,109.34375,219997
06/24/2015,109.34375,109.3984375,109.328125,109.390625,225780
06/25/2015,109.3984375,109.3984375,109.328125,109.3828125,175600
06/26/2015,109.390625,109.390625,109.3046875,109.328125,159333
06/29/2015,109.46875,109.578125,109.421875,109.4921875,381499
06/30/2015,109.4921875,109.5078125,109.4140625,109.46875,323867
07/01/2015,109.453125,109.46875,109.328125,109.3359375,271392
07/02/2015,109.3359375,109.484375,109.2890625,109.4609375,246254
07/03/2015,109.46875,109.53125,109.453125,109.4609375,16577
07/06/2015,109.65625,109.6640625,109.4921875,109.5703125,215219
07/07/2015,109.5625,109.6640625,109.5390625,109.6171875,260240
07/08/2015,109.59375,109.703125,109.5859375,109.6953125,249456
07/09/2015,109.6953125,109.703125,109.59375,109.6015625,228652
07/10/2015,109.59375,109.6015625,109.4375,109.4453125,283048
07/13/2015,109.4921875,109.53125,109.3828125,109.4296875,225964
07/14/2015,109.40625,109.5078125,109.3984375,109.5,173440
07/15/2015,109.5,109.546875,109.4140625,109.5390625,201288
07/16/2015,109.53125,109.53125,109.4296875,109.453125,182111
07/17/2015,109.453125,109.46875,109.3984375,109.4375,191706
07/20/2015,109.4296875,109.4375,109.3515625,109.3671875,133751
07/21/2015,109.359375,109.4375,109.34375,109.4140625,202724
07/22/2015,109.421875,109.4375,109.3515625,109.3671875,183421
07/23/2015,109.359375,109.4140625,109.3359375,109.40625,203465
07/24/2015,109.3984375,109.484375,109.390625,109.4375,166674
07/27/2015,109.4453125,109.53125,109.4375,109.515625,160105
07/28/2015,109.5078125,109.5234375,109.4609375,109.5,171064
07/29/2015,109.4921875,109.5078125,109.4296875,109.4609375,220350
07/30/2015,109.4609375,109.4609375,109.3515625,109.40625,289571
07/31/2015,109.4140625,109.5703125,109.359375,109.53125,335904
08/03/2015,109.5546875,109.5859375,109.4921875,109.5546875,184576
08/04/2015,109.546875,109.5546875,109.390625,109.4140625,242315
08/05/2015,109.390625,109.4453125,109.328125,109.390625,331929
08/06/2015,109.3828125,109.453125,109.3828125,109.4296875,181013
08/07/2015,109.421875,109.4921875,109.34375,109.3828125,271417
08/10/2015,109.3984375,109.40625,109.3515625,109.390625,207525
08/11/2015,109.3984375,109.546875,109.390625,109.515625,262114
08/12/2015,109.515625,109.640625,109.5078125,109.5703125,297091
08/13/2015,109.5390625,109.5859375,109.4453125,109.453125,285145
08/14/2015,109.4453125,109.4765625,109.3984375,109.421875,181853
08/17/2015,109.4296875,109.4921875,109.4140625,109.4609375,151344
08/18/2015,109.4609375,109.4921875,109.4140625,109.4453125,181632
08/19/2015,109.4375,109.578125,109.390625,109.5625,364258
08/20/2015,109.546875,109.5703125,109.5078125,109.515625,216547
08/21/2015,109.546875,109.640625,109.5390625,109.609375,286701
08/24/2015,109.625,109.796875,109.6171875,109.75,924798
08/25/2015,109.734375,109.7421875,109.6015625,109.6015625,782854
08/26/2015,109.671875,109.7109375,109.5625,109.6328125,896273
08/27/2015,109.609375,109.6484375,109.5390625,109.6015625,700380
08/28/2015,109.5859375,109.6328125,109.484375,109.5078125,547210
08/31/2015,109.2890625,109.328125,109.2265625,109.234375,317413
09/01/2015,109.2421875,109.3203125,109.234375,109.2890625,285056
09/02/2015,109.3125,109.328125,109.2578125,109.28125,235005
09/03/2015,109.296875,109.3671875,109.2890625,109.328125,182944
09/04/2015,109.3359375,109.4453125,109.2578125,109.3359375,294221
09/08/2015,109.3203125,109.3359375,109.2578125,109.265625,206782
09/09/2015,109.28125,109.296875,109.21875,109.2734375,278319
09/10/2015,109.2734375,109.3046875,109.2421875,109.28125,164577
09/11/2015,109.2734375,109.3515625,109.2734375,109.3359375,153547
09/14/2015,109.3515625,109.3671875,109.296875,109.3046875,128773
09/15/2015,109.3046875,109.328125,109.1171875,109.1640625,280859
09/16/2015,109.140625,109.203125,109.1015625,109.1171875,265407
09/17/2015,109.1171875,109.390625,109.109375,109.34375,409878
09/18/2015,109.375,109.4375,109.359375,109.3984375,242765
09/21/2015,109.3828125,109.390625,109.3203125,109.328125,138580
09/22/2015,109.3359375,109.4453125,109.328125,109.4375,200033
09/23/2015,109.421875,109.4609375,109.3828125,109.4375,188686
09/24/2015,109.421875,109.53125,109.40625,109.484375,323860
09/25/2015,109.421875,109.4609375,109.359375,109.4453125,284866
09/28/2015,109.4453125,109.5,109.40625,109.4921875,237647
09/29/2015,109.4921875,109.5546875,109.4609375,109.546875,212298
09/30/2015,109.53125,109.5546875,109.46875,109.515625,323606
10/01/2015,109.546875,109.5546875,109.4921875,109.5,207513
10/02/2015,109.5,109.7421875,109.46875,109.65625,396888
10/05/2015,109.640625,109.6640625,109.5703125,109.5859375,184218
10/06/2015,109.59375,109.6328125,109.578125,109.609375,184726
10/07/2015,109.609375,109.6171875,109.5390625,109.5625,143414
10/08/2015,109.5703125,109.6171875,109.4921875,109.546875,237101
10/09/2015,109.546875,109.5703125,109.5078125,109.53125,159107
10/12/2015,109.546875,109.5703125,109.515625,109.5546875,21446
10/13/2015,109.5703125,109.6015625,109.546875,109.5859375,141198
10/14/2015,109.6015625,109.734375,109.59375,109.71875,246832
10/15/2015,109.7265625,109.734375,109.609375,109.6328125,199870
10/16/2015,109.6171875,109.6484375,109.5859375,109.6015625,99672
10/19/2015,109.6015625,109.6484375,109.5859375,109.6328125,109081
10/20/2015,109.6484375,109.65625,109.5390625,109.5546875,189067
10/21/2015,109.5546875,109.59375,109.5390625,109.5703125,140173
10/22/2015,109.5625,109.640625,109.5390625,109.625,255397
10/23/2015,109.609375,109.609375,109.53125,109.546875,266687
10/26/2015,109.546875,109.578125,109.5234375,109.546875,139411
10/27/2015,109.5546875,109.609375,109.546875,109.6015625,159097
10/28/2015,109.5859375,109.59375,109.375,109.40625,317000
10/29/2015,109.3984375,109.4296875,109.34375,109.359375,285690
10/30/2015,109.3515625,109.3828125,109.3046875,109.328125,300610
11/02/2015,109.3515625,109.359375,109.2734375,109.28125,219847
11/03/2015,109.2890625,109.296875,109.2265625,109.2421875,235223
11/04/2015,109.25,109.265625,109.1484375,109.1640625,329406
11/05/2015,109.171875,109.203125,109.1171875,109.1640625,306386
11/06/2015,109.1875,109.2109375,108.9296875,109.0546875,446097
11/09/2015,109.0625,109.09375,109.015625,109.078125,285811
11/10/2015,109.0703125,109.1484375,109.0703125,109.125,220875
11/11/2015,109.09375,109.1484375,109.046875,109.0703125,60631
11/12/2015,109.0859375,109.1171875,109.0625,109.0859375,187387
11/13/2015,109.0859375,109.171875,109.0703125,109.1328125,157846
11/16/2015,109.1875,109.234375,109.125,109.15625,169392
11/17/2015,109.1484375,109.15625,109.0703125,109.140625,175353
11/18/2015,109.140625,109.140625,109.0390625,109.1015625,192755
11/19/2015,109.0859375,109.109375,109.0546875,109.0703125,233887
11/20/2015,109.0625,109.078125,109.015625,109.046875,407591
11/23/2015,109.0234375,109.046875,108.9765625,109.03125,541702
11/24/2015,109.0390625,109.1015625,109.03125,109.0546875,693133
11/25/2015,109.0546875,109.0703125,109.0234375,109.0546875,430261
11/27/2015,109.0546875,109.09375,109.046875,109.0625,188878
11/30/2015,108.8046875,108.8125,108.734375,108.7734375,167332
12/01/2015,108.7734375,108.875,108.734375,108.8359375,239011
12/02/2015,108.828125,108.828125,108.71875,108.75,244002
12/03/2015,108.7578125,108.765625,108.6171875,108.7109375,305602
12/04/2015,108.6953125,108.7890625,108.625,108.71875,325732
12/07/2015,108.71875,108.765625,108.671875,108.734375,153892
12/08/2015,108.734375,108.75,108.6875,108.71875,201104
12/09/2015,108.7421875,108.828125,108.7109375,108.8046875,220193
12/10/2015,108.796875,108.8203125,108.75,108.765625,136202
12/11/2015,108.7734375,108.9765625,108.75,108.9296875,285817
12/14/2015,108.9375,108.9375,108.796875,108.8125,254461
12/15/2015,108.828125,108.8515625,108.75,108.796875,217976
12/16/2015,108.796875,108.8125,108.6328125,108.6953125,320980
12/17/2015,108.671875,108.71875,108.6484375,108.65625,285988
12/18/2015,108.6875,108.765625,108.671875,108.734375,187197
12/21/2015,108.7421875,108.7578125,108.7109375,108.734375,124073
12/22/2015,108.7421875,108.7578125,108.6640625,108.671875,131612
12/23/2015,108.6796875,108.6875,108.6484375,108.6640625,89558
12/24/2015,108.671875,108.6875,108.6484375,108.6640625,43093
12/28/2015,108.671875,108.671875,108.6328125,108.65625,106762
12/29/2015,108.6484375,108.6640625,108.546875,108.5703125,159016
12/30/2015,108.5625,108.59375,108.53125,108.59375,150143
12/31/2015,108.5859375,108.65625,108.5859375,108.6171875,136197
01/04/2016,108.6328125,108.7421875,108.6015625,108.6640625,226376
01/05/2016,108.65625,108.703125,108.6328125,108.6640625,192492
01/06/2016,108.6796875,108.7734375,108.671875,108.765625,282155
01/07/2016,108.765625,108.859375,108.734375,108.8203125,273087
01/08/2016,108.8203125,108.875,108.6875,108.8515625,352150
01/11/2016,108.8671875,108.9296875,108.8125,108.8984375,227751
01/12/2016,108.8828125,108.9609375,108.8125,108.921875,231497
01/13/2016,108.9140625,108.9765625,108.8515625,108.953125,238398
01/14/2016,108.9296875,109,108.90625,108.984375,297143
01/15/2016,108.984375,109.1953125,108.96875,109.09375,413582
01/19/2016,109.09375,109.125,109.0078125,109.0703125,223118
01/20/2016,109.0546875,109.21875,109.0546875,109.15625,258638
01/21/2016,109.15625,109.2109375,109.109375,109.1484375,248810
01/22/2016,109.1328125,109.15625,109.0546875,109.09375,225643
01/25/2016,109.09375,109.125,109.0546875,109.1015625,121089
01/26/2016,109.1171875,109.1796875,109.1015625,109.15625,200663
01/27/2016,109.1640625,109.1953125,109.0625,109.1796875,240491
01/28/2016,109.1953125,109.234375,109.1484375,109.2109375,254421
01/29/2016,109.21875,109.3359375,109.1953125,109.3125,346183
02/01/2016,109.3046875,109.3203125,109.21875,109.234375,223290
02/02/2016,109.2578125,109.40625,109.25,109.359375,227104
02/03/2016,109.390625,109.5,109.3125,109.3984375,358451
02/04/2016,109.40625,109.4609375,109.3828125,109.4296875,262186
02/05/2016,109.453125,109.484375,109.3203125,109.3984375,332008
02/08/2016,109.390625,109.5625,109.359375,109.546875,295757
02/09/2016,109.53125,109.609375,109.5078125,109.5234375,411932
02/10/2016,109.5078125,109.546875,109.421875,109.5078125,349934
02/11/2016,109.53125,109.765625,109.5234375,109.6328125,447063
02/12/2016,109.6015625,109.640625,109.4375,109.4921875,316388
02/16/2016,109.4453125,109.5,109.3984375,109.453125,254212
02/17/2016,109.453125,109.5,109.34375,109.390625,238389
02/18/2016,109.390625,109.484375,109.359375,109.4375,265092
02/19/2016,109.4765625,109.5078125,109.34375,109.3671875,328075
02/22/2016,109.3671875,109.3671875,109.28125,109.3359375,315827
02/23/2016,109.34375,109.3984375,109.2890625,109.359375,655749
02/24/2016,109.3828125,109.5,109.3671875,109.390625,727942
02/25/2016,109.375,109.46875,109.359375,109.4453125,648910
02/26/2016,109.421875,109.4296875,109.25,109.2734375,336125
02/29/2016,109.265625,109.3125,109.21875,109.2734375,287546
03/01/2016,109.3046875,109.34375,109.1171875,109.125,320216
03/02/2016,109.140625,109.171875,109.0625,109.109375,246940
03/03/2016,109.1328125,109.140625,109.0703125,109.1171875,285019
03/04/2016,109.109375,109.1640625,109.0078125,109.03125,315597
03/07/2016,109.046875,109.0546875,108.953125,108.9609375,189346
03/08/2016,108.96875,109.078125,108.953125,109.0390625,184196
03/09/2016,109.046875,109.0625,108.96875,108.9921875,167299
03/10/2016,109,109.046875,108.890625,108.921875,358544
03/11/2016,108.90625,108.9375,108.8203125,108.8515625,206019
03/14/2016,108.84375,108.875,108.828125,108.84375,200199
03/15/2016,108.8515625,108.890625,108.8046875,108.8203125,266593
03/16/2016,108.8125,109.0625,108.7421875,109.0234375,416675
03/17/2016,109.046875,109.1640625,109,109.0390625,234906
03/18/2016,109.03125,109.1171875,109.03125,109.1015625,194839
03/21/2016,109.1015625,109.125,109.015625,109.03125,132393
03/22/2016,109.015625,109.1015625,108.984375,109,193978
03/23/2016,109,109.09375,108.984375,109.0859375,144285
03/24/2016,109.0703125,109.09375,109.03125,109.0625,120424
03/28/2016,109.0625,109.09375,109.0234375,109.078125,97448
03/29/2016,109.0703125,109.296875,109.0546875,109.2734375,324216
03/30/2016,109.28125,109.34375,109.2421875,109.3359375,213470
03/31/2016,109.34375,109.40625,109.296875,109.375,288732
04/01/2016,109.3984375,109.40625,109.28125,109.3125,278416
04/04/2016,109.359375,109.375,109.296875,109.34375,174212
04/05/2016,109.3515625,109.4140625,109.34375,109.390625,176997
04/06/2016,109.390625,109.390625,109.3046875,109.3515625,171693
04/07/2016,109.3515625,109.4453125,109.34375,109.4296875,194081
04/08/2016,109.4375,109.4375,109.3671875,109.40625,132231
04/11/2016,109.4140625,109.4296875,109.3671875,109.40625,134515
04/12/2016,109.3984375,109.4140625,109.328125,109.3359375,167841
04/13/2016,109.328125,109.3671875,109.2890625,109.3203125,214220
04/14/2016,109.3203125,109.3359375,109.2578125,109.3125,217689
04/15/2016,109.296875,109.375,109.2890625,109.359375,153249
04/18/2016,109.375,109.40625,109.3125,109.3359375,158592
04/19/2016,109.3359375,109.34375,109.28125,109.3125,166404
04/20/2016,109.3125,109.34375,109.203125,109.2109375,229034
04/21/2016,109.21875,109.2421875,109.1796875,109.1953125,249200
04/22/2016,109.2109375,109.234375,109.171875,109.203125,166945
04/25/2016,109.203125,109.234375,109.1640625,109.1796875,161707
04/26/2016,109.1640625,109.1953125,109.1171875,109.1328125,219101
04/27/2016,109.1328125,109.21875,109.09375,109.1796875,254909
04/28/2016,109.2109375,109.3046875,109.203125,109.28125,265015
04/29/2016,109.28125,109.328125,109.2421875,109.3125,258227
05/02/2016,109.2890625,109.328125,109.2421875,109.2734375,164020
05/03/2016,109.265625,109.3828125,109.265625,109.34375,224545
05/04/2016,109.3515625,109.3828125,109.3125,109.3671875,217636
05/05/2016,109.3828125,109.4296875,109.3359375,109.4140625,178544
05/06/2016,109.4140625,109.5078125,109.3671875,109.3828125,286277
05/09/2016,109.3828125,109.453125,109.375,109.4375,148372
05/10/2016,109.4453125,109.4453125,109.390625,109.4140625,192556
05/11/2016,109.40625,109.4296875,109.375,109.3984375,168948
05/12/2016,109.390625,109.3984375,109.3125,109.328125,218812
05/13/2016,109.328125,109.3671875,109.2734375,109.34375,242161
05/16/2016,109.359375,109.375,109.2578125,109.265625,194401
05/17/2016,109.265625,109.28125,109.1640625,109.1953125,330441
05/18/2016,109.1640625,109.171875,109.0078125,109.0234375,411214
05/19/2016,109.046875,109.1015625,109,109.078125,388885
05/20/2016,109.0703125,109.09375,109.0390625,109.0625,217500
05/23/2016,109.078125,109.1015625,109.0234375,109.046875,436692
05/24/2016,109.046875,109.0625,108.984375,109.0234375,585129
05/25/2016,109.0234375,109.046875,109,109.0390625,546624
05/26/2016,109.03125,109.1328125,109.0234375,109.1328125,553734
05/27/2016,109.125,109.125,108.984375,109.1015625,302334
05/31/2016,108.828125,108.953125,108.78125,108.953125,405082
06/01/2016,108.9296875,108.96875,108.875,108.890625,259840
06/02/2016,108.8984375,108.9453125,108.875,108.921875,223046
06/03/2016,108.921875,109.2109375,108.90625,109.1796875,399719
06/06/2016,109.1875,109.1875,109.0859375,109.1484375,251782
06/07/2016,109.140625,109.1953125,109.125,109.1796875,171159
06/08/2016,109.171875,109.1953125,109.1484375,109.1875,147064
06/09/2016,109.1875,109.2421875,109.1796875,109.2265625,266676
06/10/2016,109.21875,109.3203125,109.2109375,109.3046875,210379
06/13/2016,109.328125,109.375,109.3125,109.3515625,227516
06/14/2016,109.34375,109.4296875,109.3203125,109.34375,322190
06/15/2016,109.3359375,109.6953125,109.28125,109.4375,326574
06/16/2016,109.4609375,109.515625,109.40625,109.4375,330784
06/17/2016,109.4375,109.4453125,109.375,109.40625,186144
06/20/2016,109.390625,109.390625,109.3046875,109.3359375,240799
06/21/2016,109.3125,109.375,109.2890625,109.3125,185826
06/22/2016,109.296875,109.359375,109.2890625,109.34375,144706
06/23/2016,109.3359375,109.3359375,109.234375,109.25,219731
06/24/2016,109.21875,109.8828125,109.1953125,109.546875,488957
06/27/2016,109.6015625,109.734375,109.6015625,109.640625,293334
06/28/2016,109.65625,109.6796875,109.578125,109.625,181266
06/29/2016,109.625,109.6328125,109.546875,109.59375,176233
06/30/2016,109.546875,109.6796875,109.5234375,109.6640625,402076
07/01/2016,109.671875,109.75,109.625,109.6328125,335332
07/05/2016,109.65625,109.734375,109.6171875,109.7109375,170843
07/06/2016,109.7265625,109.765625,109.6328125,109.6484375,269887
07/07/2016,109.6640625,109.6796875,109.578125,109.6328125,232214
07/08/2016,109.6328125,109.65625,109.4921875,109.59375,248316
07/11/2016,109.609375,109.609375,109.4921875,109.5078125,182365
07/12/2016,109.5078125,109.5234375,109.40625,109.4375,244842
07/13/2016,109.421875,109.5,109.4140625,109.46875,210236
07/14/2016,109.4609375,109.484375,109.3671875,109.421875,226426
07/15/2016,109.4140625,109.4453125,109.3203125,109.34375,304344
07/18/2016,109.375,109.3984375,109.328125,109.3671875,138831
07/19/2016,109.359375,109.421875,109.34375,109.375,176433
07/20/2016,109.3828125,109.3828125,109.3046875,109.328125,168368
07/21/2016,109.328125,109.40625,109.296875,109.390625,201550
07/22/2016,109.390625,109.4296875,109.3203125,109.3515625,149128
07/25/2016,109.3359375,109.34375,109.2734375,109.296875,146155
07/26/2016,109.28125,109.328125,109.2578125,109.296875,241404
07/27/2016,109.3125,109.375,109.265625,109.375,277541
07/28/2016,109.3671875,109.40625,109.3359375,109.3828125,200669
07/29/2016,109.3984375,109.515625,109.3203125,109.5,348571
08/01/2016,109.5078125,109.5234375,109.4375,109.4609375,257033
08/02/2016,109.4453125,109.4765625,109.40625,109.46875,205083
08/03/2016,109.453125,109.484375,109.421875,109.4609375,158562
08/04/2016,109.46875,109.53125,109.4453125,109.515625,187342
08/05/2016,109.5234375,109.53125,109.34375,109.359375,229732
08/08/2016,109.3515625,109.3828125,109.3203125,109.359375,173071
08/09/2016,109.3515625,109.3984375,109.3359375,109.390625,161236
08/10/2016,109.3984375,109.4609375,109.390625,109.453125,152647
08/11/2016,109.453125,109.46875,109.3203125,109.328125,190962
08/12/2016,109.328125,109.4765625,109.3203125,109.4140625,222795
08/15/2016,109.4140625,109.4453125,109.359375,109.375,133731
08/16/2016,109.3671875,109.453125,109.296875,109.3203125,228406
08/17/2016,109.3203125,109.3984375,109.265625,109.328125,209306
08/18/2016,109.34375,109.3984375,109.3359375,109.3828125,188301
08/19/2016,109.3984375,109.3984375,109.2890625,109.3125,161036
08/22/2016,109.296875,109.34375,109.2421875,109.328125,142876
08/23/2016,109.328125,109.34375,109.2890625,109.3046875,250287
08/24/2016,109.3203125,109.3359375,109.2890625,109.296875,415669
08/25/2016,109.296875,109.3125,109.25,109.265625,665905
08/26/2016,109.25,109.328125,109.1328125,109.140625,712123
08/29/2016,109.140625,109.2265625,109.1328125,109.2265625,612402
08/30/2016,109.2265625,109.2421875,109.171875,109.234375,272614
08/31/2016,109.1484375,109.1796875,109.1015625,109.15625,271304
09/01/2016,109.125,109.171875,109.0703125,109.15625,219007
09/02/2016,109.15625,109.28125,109.1015625,109.140625,272565
09/06/2016,109.140625,109.2734375,109.1015625,109.25,286724
09/07/2016,109.265625,109.2890625,109.234375,109.2421875,168347
09/08/2016,109.25,109.2578125,109.140625,109.15625,236458
09/09/2016,109.1640625,109.1796875,109.0859375,109.1171875,296610
09/12/2016,109.1328125,109.1875,109.1015625,109.171875,238093
09/13/2016,109.1875,109.234375,109.0859375,109.1015625,272868
09/14/2016,109.1171875,109.21875,109.109375,109.2109375,228164
09/15/2016,109.1953125,109.296875,109.1796875,109.2421875,284362
09/16/2016,109.2578125,109.2734375,109.140625,109.1484375,265018
09/19/2016,109.171875,109.1875,109.1328125,109.15625,151367
09/20/2016,109.140625,109.1796875,109.1328125,109.1484375,155425
09/21/2016,109.15625,109.1796875,109.0078125,109.1171875,376692
09/22/2016,109.15625,109.1953125,109.140625,109.15625,217750
09/23/2016,109.171875,109.21875,109.140625,109.2109375,173834
09/26/2016,109.2109375,109.28125,109.2109375,109.2578125,158391
09/27/2016,109.265625,109.3125,109.21875,109.2890625,272933
09/28/2016,109.2890625,109.3125,109.25,109.265625,283104
09/29/2016,109.25,109.296875,109.21875,109.28125,293266
09/30/2016,109.2890625,109.3203125,109.21875,109.234375,376307
10/03/2016,109.2265625,109.2265625,109.1484375,109.1484375,256164
10/04/2016,109.15625,109.1640625,109.0859375,109.1015625,282159
10/05/2016,109.1015625,109.1328125,109.03125,109.0546875,254371
10/06/2016,109.078125,109.078125,109.015625,109.03125,265991
10/07/2016,109.03125,109.0703125,108.9921875,109.03125,380294
10/10/2016,109.0546875,109.0546875,108.9609375,108.984375,57038
10/11/2016,108.9765625,108.9921875,108.9375,108.9765625,396702
10/12/2016,108.96875,108.9921875,108.921875,108.9609375,278466
10/13/2016,108.9921875,109.046875,108.984375,109.0390625,264196
10/14/2016,109.0234375,109.09375,108.984375,109.0390625,262372
10/17/2016,109.0390625,109.1015625,109.0234375,109.0703125,220676
10/18/2016,109.078125,109.125,109.046875,109.1015625,318421
10/19/2016,109.1171875,109.1328125,109.0703125,109.1171875,229296
10/20/2016,109.1328125,109.1328125,109.078125,109.09375,210203
10/21/2016,109.078125,109.1015625,109.0625,109.09375,169831
10/24/2016,109.09375,109.1171875,109.0546875,109.0703125,146985
10/25/2016,109.0546875,109.078125,109.0390625,109.0546875,191271
10/26/2016,109.0625,109.0703125,109.015625,109.03125,191110
10/27/2016,109.03125,109.0390625,108.9765625,109,260438
10/28/2016,108.9921875,109.0703125,108.96875,109.046875,264453
10/31/2016,109.0625,109.0859375,109.046875,109.0703125,238860
11/01/2016,109.0625,109.125,109.0078125,109.109375,307839
11/02/2016,109.1015625,109.1796875,109.09375,109.140625,298778
11/03/2016,109.1484375,109.234375,109.1328125,109.1640625,268196
11/04/2016,109.171875,109.234375,109.125,109.2109375,368536
11/07/2016,109.171875,109.1796875,109.109375,109.1640625,225652
11/08/2016,109.1640625,109.171875,109.0546875,109.078125,227334
11/09/2016,109.0859375,109.390625,108.96875,109.015625,770590
11/10/2016,109.015625,109.09375,108.9375,109,704762
11/11/2016,108.984375,109,108.9296875,108.9375,126484
11/14/2016,108.9453125,108.953125,108.7734375,108.8359375,399309
11/15/2016,108.796875,108.8671875,108.75,108.8046875,367412
11/16/2016,108.828125,108.8515625,108.75,108.8125,354438
11/17/2016,108.8046875,108.8515625,108.7109375,108.7578125,270108
11/18/2016,108.7109375,108.7734375,108.671875,108.703125,341310
11/21/2016,108.671875,108.734375,108.65625,108.671875,401173
11/22/2016,108.6953125,108.71875,108.65625,108.6875,621793
11/23/2016,108.671875,108.703125,108.578125,108.609375,672556
11/25/2016,108.6328125,108.6328125,108.5390625,108.6171875,501050
11/28/2016,108.6328125,108.6796875,108.6171875,108.65625,689997
11/29/2016,108.6640625,108.6875,108.6171875,108.6796875,309684
11/30/2016,108.4453125,108.4453125,108.3515625,108.40625,438670
12/01/2016,108.3984375,108.3984375,108.2890625,108.328125,369491
12/02/2016,108.328125,108.453125,108.3203125,108.4375,280168
12/05/2016,108.46875,108.5078125,108.34375,108.3984375,252507
12/06/2016,108.390625,108.4140625,108.3828125,108.3984375,172386
12/07/2016,108.3984375,108.4609375,108.390625,108.4375,130445
12/08/2016,108.453125,108.4609375,108.375,108.4375,225945
12/09/2016,108.4140625,108.453125,108.375,108.390625,249724
12/12/2016,108.3828125,108.4140625,108.3359375,108.390625,215465
12/13/2016,108.3828125,108.4140625,108.3203125,108.34375,241838
12/14/2016,108.3359375,108.3828125,108.1015625,108.171875,366291
12/15/2016,108.109375,108.1328125,108.046875,108.109375,451007
12/16/2016,108.0859375,108.171875,108.0859375,108.109375,282352
12/19/2016,108.109375,108.1875,108.1015625,108.171875,194345
12/20/2016,108.1640625,108.1875,108.109375,108.1640625,143105
12/21/2016,108.171875,108.2109375,108.15625,108.1875,151291
12/22/2016,108.203125,108.21875,108.1484375,108.171875,135937
12/23/2016,108.171875,108.1953125,108.15625,108.1796875,49933
12/27/2016,108.1796875,108.1796875,108.1484375,108.1640625,77046
12/28/2016,108.15625,108.234375,108.1484375,108.2265625,117891
12/29/2016,108.234375,108.3203125,108.2265625,108.3125,132321
12/30/2016,108.3125,108.34375,108.2890625,108.34375,139094
01/03/2017,108.3046875,108.328125,108.203125,108.265625,283849
01/04/2017,108.265625,108.28125,108.2265625,108.25,224674
01/05/2017,108.2734375,108.3984375,108.2578125,108.3671875,319040
01/06/2017,108.3984375,108.4453125,108.265625,108.2890625,268792
01/09/2017,108.2890625,108.359375,108.2578125,108.3515625,172630
01/10/2017,108.359375,108.3671875,108.3125,108.3515625,190485
01/11/2017,108.3515625,108.4296875,108.3125,108.359375,232832
01/12/2017,108.34375,108.4453125,108.34375,108.3515625,306854
01/13/2017,108.375,108.4375,108.265625,108.34375,373633
01/17/2017,108.328125,108.4765625,108.328125,108.4296875,288621
01/18/2017,108.4375,108.4375,108.2890625,108.359375,238609
01/19/2017,108.2890625,108.3125,108.234375,108.296875,267461
01/20/2017,108.2890625,108.3828125,108.2578125,108.3671875,272545
01/23/2017,108.3515625,108.484375,108.34375,108.4609375,296224
01/24/2017,108.4765625,108.4765625,108.3515625,108.359375,211918
01/25/2017,108.3671875,108.3828125,108.3046875,108.3203125,231189
01/26/2017,108.34375,108.375,108.296875,108.359375,244837
01/27/2017,108.3515625,108.390625,108.328125,108.3828125,198226
01/30/2017,108.3828125,108.40625,108.359375,108.3828125,197603
01/31/2017,108.375,108.4375,108.3671875,108.3984375,265725
02/01/2017,108.390625,108.40625,108.28125,108.3984375,271604
02/02/2017,108.3828125,108.4296875,108.3671875,108.40625,189039
02/03/2017,108.3984375,108.4765625,108.3125,108.390625,303479
02/06/2017,108.4140625,108.515625,108.4140625,108.5,210978
02/07/2017,108.515625,108.5390625,108.4609375,108.484375,241855
02/08/2017,108.4765625,108.546875,108.46875,108.5234375,305873
02/09/2017,108.53125,108.5390625,108.4453125,108.4609375,250736
02/10/2017,108.4609375,108.46875,108.421875,108.4296875,184208
02/13/2017,108.4296875,108.4296875,108.3984375,108.4140625,155948
02/14/2017,108.40625,108.421875,108.3125,108.34375,298093
02/15/2017,108.3359375,108.359375,108.28125,108.296875,286484
02/16/2017,108.3046875,108.3984375,108.2890625,108.3828125,287549
02/17/2017,108.3828125,108.4609375,108.3671875,108.4375,241846
02/21/2017,108.453125,108.453125,108.390625,108.4375,519125
02/22/2017,108.4375,108.5,108.3828125,108.4609375,885879
02/23/2017,108.46875,108.546875,108.453125,108.5234375,872790
02/24/2017,108.5390625,108.6328125,108.53125,108.6328125,653214
02/27/2017,108.6328125,108.640625,108.5078125,108.515625,475763
02/28/2017,108.2421875,108.265625,108.0703125,108.203125,513328
03/01/2017,108.1015625,108.1015625,108,108.046875,413885
03/02/2017,108.0546875,108.0625,107.9375,107.9765625,397391
03/03/2017,107.9921875,108.015625,107.9375,108.0078125,343582
03/06/2017,108,108.0546875,107.9765625,108,237934
03/07/2017,107.9921875,108.0078125,107.9453125,107.9609375,213205
03/08/2017,107.9453125,107.9609375,107.859375,107.90625,245102
03/09/2017,107.890625,107.9140625,107.859375,107.8828125,226673
03/10/2017,107.8671875,107.9609375,107.8515625,107.9140625,295086
03/13/2017,107.9140625,107.9453125,107.8671875,107.8828125,174601
03/14/2017,107.875,107.8984375,107.8515625,107.875,163290
03/15/2017,107.875,108.0546875,107.8359375,108.0234375,343205
03/16/2017,108.0546875,108.0625,107.9609375,108,251313
03/17/2017,107.9609375,108.046875,107.953125,108.015625,178280
03/20/2017,108.0234375,108.0703125,108.0078125,108.0625,141318
03/21/2017,108.0703125,108.1484375,108.0234375,108.109375,273556
03/22/2017,108.1328125,108.1953125,108.125,108.171875,277686
03/23/2017,108.1640625,108.2109375,108.1328125,108.1796875,267805
03/24/2017,108.1484375,108.2109375,108.1328125,108.203125,203191
03/27/2017,108.1796875,108.265625,108.1796875,108.203125,246378
03/28/2017,108.203125,108.234375,108.1328125,108.1484375,285970
03/29/2017,108.140625,108.21875,108.1328125,108.203125,206560
03/30/2017,108.203125,108.21875,108.1640625,108.1875,190622
03/31/2017,108.1796875,108.2421875,108.1640625,108.2265625,322504
04/03/2017,108.2421875,108.3046875,108.1953125,108.2734375,297690
04/04/2017,108.2890625,108.296875,108.2421875,108.2578125,277075
04/05/2017,108.2421875,108.3046875,108.203125,108.2578125,313723
04/06/2017,108.2890625,108.3046875,108.234375,108.265625,190199
04/07/2017,108.265625,108.390625,108.171875,108.1875,388595
04/10/2017,108.1796875,108.2421875,108.15625,108.2109375,180194
04/11/2017,108.2109375,108.328125,108.2109375,108.3046875,180547
04/12/2017,108.3046875,108.3828125,108.265625,108.3046875,196152
04/13/2017,108.375,108.390625,108.3125,108.3671875,178919
04/17/2017,108.390625,108.4375,108.359375,108.375,186458
04/18/2017,108.375,108.4765625,108.3671875,108.453125,261394
04/19/2017,108.46875,108.46875,108.40625,108.453125,248828
04/20/2017,108.4375,108.453125,108.3828125,108.40625,218762
04/21/2017,108.4296875,108.46875,108.40625,108.4375,231692
04/24/2017,108.3359375,108.3515625,108.2421875,108.34375,242600
04/25/2017,108.3359375,108.34375,108.25,108.265625,234611
04/26/2017,108.265625,108.3125,108.2421875,108.296875,210301
04/27/2017,108.296875,108.3359375,108.28125,108.328125,156602
04/28/2017,108.3203125,108.34375,108.2578125,108.3046875,288319
05/01/2017,108.3046875,108.3203125,108.265625,108.2734375,154877
05/02/2017,108.2890625,108.328125,108.2578125,108.3203125,155966
05/03/2017,108.3203125,108.3203125,108.234375,108.2578125,215585
05/04/2017,108.25,108.2578125,108.1875,108.21875,200517
05/05/2017,108.2109375,108.2578125,108.15625,108.2109375,214499
05/08/2017,108.203125,108.234375,108.1640625,108.1953125,215235
05/09/2017,108.1796875,108.203125,108.140625,108.1484375,248675
05/10/2017,108.171875,108.21875,108.140625,108.1484375,258983
05/11/2017,108.140625,108.1875,108.1171875,108.171875,280326
05/12/2017,108.1875,108.296875,108.1796875,108.2890625,283968
05/15/2017,108.2890625,108.296875,108.2578125,108.2734375,181157
05/16/2017,108.2734375,108.3046875,108.2421875,108.2734375,187746
05/17/2017,108.2734375,108.40625,108.265625,108.390625,372853
05/18/2017,108.390625,108.4375,108.3203125,108.3515625,500095
05/19/2017,108.34375,108.359375,108.296875,108.34375,380919
05/22/2017,108.328125,108.359375,108.3046875,108.34375,415795
05/23/2017,108.3359375,108.3671875,108.2734375,108.28125,609329
05/24/2017,108.28125,108.3671875,108.265625,108.328125,911354
05/25/2017,108.3515625,108.3671875,108.3203125,108.328125,801752
05/26/2017,108.3203125,108.3515625,108.296875,108.3125,622797
05/30/2017,108.3125,108.34375,108.296875,108.34375,504087
05/31/2017,108.2265625,108.2421875,108.1953125,108.2421875,343959
06/01/2017,108.2265625,108.2265625,108.1640625,108.1953125,273916
06/02/2017,108.1953125,108.265625,108.1796875,108.21875,335383
06/05/2017,108.21875,108.2265625,108.1796875,108.1875,218196
06/06/2017,108.1875,108.25,108.1875,108.21875,271293
06/07/2017,108.21875,108.2265625,108.1640625,108.1796875,254096
06/08/2017,108.1796875,108.1875,108.1328125,108.15625,253864
06/09/2017,108.171875,108.1953125,108.09375,108.1328125,262151
06/12/2017,108.1328125,108.1328125,108.09375,108.1015625,240810
06/13/2017,108.09375,108.1171875,108.078125,108.109375,187804
06/14/2017,108.09375,108.2890625,108.09375,108.1640625,561077
06/15/2017,108.1875,108.203125,108.1015625,108.109375,272919
06/16/2017,108.109375,108.171875,108.078125,108.15625,229919
06/19/2017,108.1640625,108.1796875,108.0703125,108.0859375,327366
06/20/2017,108.078125,108.1328125,108.0703125,108.125,270015
06/21/2017,108.1171875,108.1328125,108.0859375,108.109375,193254
06/22/2017,108.1171875,108.15625,108.109375,108.1328125,186398
06/23/2017,108.1328125,108.1484375,108.125,108.1484375,144727
06/26/2017,108.1484375,108.1640625,108.1171875,108.1640625,200656
06/27/2017,108.15625,108.1640625,108.0859375,108.109375,247377
06/28/2017,108.1015625,108.140625,108.078125,108.140625,283369
06/29/2017,108.125,108.140625,108.046875,108.1015625,339628
06/30/2017,108.09375,108.1328125,108.046875,108.0546875,364555
07/03/2017,108.046875,108.0703125,107.9609375,107.9765625,211104
07/05/2017,107.9921875,108.03125,107.953125,107.9765625,269376
07/06/2017,108,108.0078125,107.9375,107.9921875,284924
07/07/2017,108,108.046875,107.96875,107.984375,276327
07/10/2017,108,108.046875,107.9921875,108.0234375,147206
07/11/2017,108.0234375,108.0703125,108,108.0625,225302
07/12/2017,108.0625,108.1640625,108.0546875,108.125,315472
07/13/2017,108.1328125,108.1484375,108.078125,108.1015625,214357
07/14/2017,108.09375,108.1875,108.078125,108.109375,295620
07/17/2017,108.1015625,108.140625,108.1015625,108.125,128855
07/18/2017,108.1171875,108.15625,108.109375,108.140625,225248
07/19/2017,108.1328125,108.1484375,108.1171875,108.1328125,138652
07/20/2017,108.125,108.15625,108.1171875,108.1328125,207656
07/21/2017,108.140625,108.171875,108.125,108.1640625,150819
07/24/2017,108.1640625,108.1796875,108.125,108.1328125,114226
07/25/2017,108.1328125,108.140625,108.0625,108.078125,251672
07/26/2017,108.078125,108.1796875,108.0703125,108.171875,280854
07/27/2017,108.1640625,108.171875,108.125,108.1640625,255613
07/28/2017,108.15625,108.1875,108.125,108.1796875,210676
07/31/2017,108.171875,108.1953125,108.15625,108.171875,202194
08/01/2017,108.1640625,108.1953125,108.140625,108.1875,218787
08/02/2017,108.1796875,108.1875,108.140625,108.1484375,240576
08/03/2017,108.140625,108.2109375,108.140625,108.1953125,224680
08/04/2017,108.1953125,108.1953125,108.1328125,108.15625,219996
08/07/2017,108.171875,108.171875,108.1328125,108.171875,134636
08/08/2017,108.1640625,108.171875,108.1328125,108.1484375,186107
08/09/2017,108.171875,108.234375,108.1640625,108.203125,261745
08/10/2017,108.1875,108.2265625,108.1796875,108.203125,232893
08/11/2017,108.203125,108.3046875,108.1953125,108.2890625,340960
08/14/2017,108.28125,108.2890625,108.21875,108.234375,214379
08/15/2017,108.2421875,108.2421875,108.1640625,108.171875,204450
08/16/2017,108.171875,108.2265625,108.1484375,108.21875,249957
08/17/2017,108.2109375,108.25,108.1875,108.2421875,264741
08/18/2017,108.2421875,108.2890625,108.21875,108.234375,252443
08/21/2017,108.2421875,108.28125,108.21875,108.265625,209280
08/22/2017,108.2578125,108.265625,108.21875,108.2265625,270320
08/23/2017,108.21875,108.2734375,108.2109375,108.265625,322389
08/24/2017,108.265625,108.265625,108.2109375,108.21875,484559
08/25/2017,108.21875,108.234375,108.1875,108.21875,613001
08/28/2017,108.21875,108.2421875,108.203125,108.2421875,655335
08/29/2017,108.2578125,108.328125,108.25,108.28125,829918
08/30/2017,108.2890625,108.2890625,108.234375,108.265625,457877
08/31/2017,108.1640625,108.1796875,108.125,108.15625,323273
09/01/2017,108.15625,108.2109375,108.1015625,108.109375,293336
09/05/2017,108.15625,108.2421875,108.1328125,108.234375,305937
09/06/2017,108.2265625,108.2421875,108.1875,108.203125,299088
09/07/2017,108.2109375,108.296875,108.203125,108.265625,311288
09/08/2017,108.2734375,108.3125,108.2421875,108.28125,264067
09/11/2017,108.265625,108.2734375,108.1640625,108.1875,246833
09/12/2017,108.1796875,108.1875,108.125,108.1484375,254710
09/13/2017,108.1484375,108.1640625,108.09375,108.109375,231697
09/14/2017,108.109375,108.125,108.03125,108.0703125,292731
09/15/2017,108.078125,108.1015625,108.015625,108.0234375,260251
09/18/2017,108.015625,108.0234375,107.9765625,108,226394
09/19/2017,107.984375,108.0234375,107.96875,107.9765625,232558
09/20/2017,107.9765625,108.015625,107.8671875,107.890625,283252
09/21/2017,107.890625,107.9140625,107.8671875,107.875,283481
09/22/2017,107.875,107.921875,107.875,107.890625,247774
09/25/2017,107.890625,107.953125,107.875,107.9375,236673
09/26/2017,107.921875,107.9375,107.875,107.90625,301780
09/27/2017,107.890625,107.8984375,107.828125,107.859375,400825
09/28/2017,107.8671875,107.921875,107.8125,107.9140625,306130
09/29/2017,107.90625,107.9140625,107.8203125,107.8515625,494197
10/02/2017,107.8203125,107.8515625,107.78125,107.828125,261676
10/03/2017,107.8203125,107.859375,107.8046875,107.8359375,246433
10/04/2017,107.84375,107.8828125,107.8125,107.828125,274739
10/05/2017,107.8359375,107.84375,107.78125,107.796875,273545
10/06/2017,107.796875,107.8046875,107.734375,107.7734375,427860
10/09/2017,107.78125,107.7890625,107.7578125,107.765625,86622
10/10/2017,107.7734375,107.8046875,107.7578125,107.7890625,345284
10/11/2017,107.765625,107.7890625,107.75,107.7578125,274141
10/12/2017,107.75,107.7890625,107.7421875,107.765625,243054
10/13/2017,107.7578125,107.8203125,107.7265625,107.7890625,292757
10/16/2017,107.796875,107.796875,107.6953125,107.703125,284158
10/17/2017,107.703125,107.7265625,107.671875,107.703125,251913
10/18/2017,107.6953125,107.703125,107.65625,107.6796875,308685
10/19/2017,107.6796875,107.765625,107.671875,107.7109375,349548
10/20/2017,107.7578125,107.7734375,107.6640625,107.671875,316787
10/23/2017,107.671875,107.71875,107.65625,107.7109375,231152
10/24/2017,107.703125,107.71875,107.6640625,107.6953125,311947
10/25/2017,107.671875,107.703125,107.6328125,107.6640625,312599
10/26/2017,107.6875,107.7109375,107.625,107.640625,289258
10/27/2017,107.6328125,107.7109375,107.6015625,107.6796875,311244
10/30/2017,107.6875,107.7265625,107.6796875,107.71875,240914
10/31/2017,107.71875,107.734375,107.6640625,107.6796875,317522
11/01/2017,107.671875,107.671875,107.6171875,107.6328125,432009
11/02/2017,107.6484375,107.6875,107.6328125,107.65625,334434
11/03/2017,107.65625,107.703125,107.6015625,107.6328125,267701
11/06/2017,107.640625,107.6640625,107.625,107.640625,285676
11/07/2017,107.6328125,107.640625,107.6171875,107.6328125,265254
11/08/2017,107.6171875,107.640625,107.59375,107.609375,242937
11/09/2017,107.6015625,107.640625,107.5859375,107.640625,424312
11/10/2017,107.625,107.6328125,107.578125,107.5859375,273430
11/13/2017,107.59375,107.609375,107.5234375,107.5390625,281294
11/14/2017,107.53125,107.546875,107.5078125,107.5234375,370513
11/15/2017,107.5390625,107.59375,107.5234375,107.5390625,535684
11/16/2017,107.5390625,107.546875,107.484375,107.4921875,452645
11/17/2017,107.4921875,107.5078125,107.46875,107.4765625,346642
11/20/2017,107.484375,107.5078125,107.4296875,107.4296875,592332
11/21/2017,107.4296875,107.4375,107.375,107.390625,652930
11/22/2017,107.390625,107.5,107.390625,107.4921875,866495
11/24/2017,107.4921875,107.5,107.453125,107.453125,379773
11/27/2017,107.4609375,107.4765625,107.4296875,107.4765625,1258620
11/28/2017,107.46875,107.5,107.4375,107.453125,1133444
11/29/2017,107.4609375,107.46875,107.3984375,107.4296875,486458
11/30/2017,107.25,107.2578125,107.1796875,107.203125,647732
12/01/2017,107.203125,107.2890625,107.1328125,107.21875,730638
12/04/2017,107.1796875,107.1875,107.1328125,107.15625,326291
12/05/2017,107.15625,107.1640625,107.09375,107.1171875,423617
12/06/2017,107.1328125,107.1953125,107.1171875,107.1640625,454566
12/07/2017,107.15625,107.1796875,107.140625,107.1484375,329365
12/08/2017,107.15625,107.203125,107.125,107.171875,298378
12/11/2017,107.171875,107.2109375,107.1171875,107.125,223476
12/12/2017,107.125,107.1328125,107.0703125,107.109375,354501
12/13/2017,107.109375,107.2265625,107.0625,107.2109375,449342
12/14/2017,107.2265625,107.234375,107.125,107.1484375,430365
12/15/2017,107.1484375,107.1484375,107.0703125,107.1015625,254898
12/18/2017,107.09375,107.125,107.0625,107.125,208891
12/19/2017,107.109375,107.1171875,107.0390625,107.0703125,270152
12/20/2017,107.0703125,107.0859375,107.03125,107.0546875,353063
12/21/2017,107.0546875,107.0859375,107.0234375,107.0234375,178039
12/22/2017,107.0234375,107.046875,106.9921875,107,120693
12/26/2017,106.9921875,107.0078125,106.96875,107,105836
12/27/2017,107,107.0546875,106.984375,107.0546875,181444
12/28/2017,107.046875,107.0546875,107.015625,107.0234375,120794
12/29/2017,107.0234375,107.0703125,107.0234375,107.0546875,145995
01/02/2018,107.046875,107.0546875,106.96875,106.984375,261259
01/03/2018,106.984375,107.0078125,106.953125,106.96875,296103
01/04/2018,106.953125,106.9609375,106.875,106.9140625,427544
01/05/2018,106.921875,106.96875,106.890625,106.90625,328925
01/08/2018,106.8984375,106.9296875,106.890625,106.9140625,137297
01/09/2018,106.90625,106.9453125,106.890625,106.9140625,440716
01/10/2018,106.8984375,106.921875,106.875,106.90625,430710
01/11/2018,106.890625,106.921875,106.875,106.8984375,387944
01/12/2018,106.875,106.8828125,106.796875,106.84375,371263
01/16/2018,106.8359375,106.859375,106.7890625,106.8203125,381990
01/17/2018,106.8125,106.8203125,106.75,106.7578125,412317
01/18/2018,106.7578125,106.7734375,106.734375,106.765625,464939
01/19/2018,106.7578125,106.7734375,106.7265625,106.7421875,338037
01/22/2018,106.734375,106.7421875,106.703125,106.7265625,368960
01/23/2018,106.734375,106.7890625,106.7265625,106.7734375,326409
01/24/2018,106.7890625,106.796875,106.7265625,106.734375,323713
01/25/2018,106.7421875,106.765625,106.6796875,106.7265625,425217
01/26/2018,106.71875,106.7265625,106.6328125,106.6640625,385778
01/29/2018,106.6640625,106.6796875,106.5859375,106.6640625,411358
01/30/2018,106.671875,106.6953125,106.625,106.6640625,405262
01/31/2018,106.671875,106.703125,106.578125,106.6171875,718978
02/01/2018,106.609375,106.6328125,106.5625,106.5859375,608720
02/02/2018,106.5703125,106.6328125,106.5390625,106.59375,659287
02/05/2018,106.609375,106.84375,106.59375,106.734375,857645
02/06/2018,106.828125,107.0078125,106.65625,106.7109375,824022
02/07/2018,106.671875,106.75,106.6015625,106.640625,692531
02/08/2018,106.65625,106.703125,106.609375,106.640625,646220
02/09/2018,106.6796875,106.8828125,106.640625,106.765625,782098
02/12/2018,106.71875,106.71875,106.640625,106.6875,524577
02/13/2018,106.6796875,106.7109375,106.640625,106.6640625,432218
02/14/2018,106.6640625,106.703125,106.5078125,106.53125,711593
02/15/2018,106.5390625,106.546875,106.453125,106.5234375,489510
02/16/2018,106.5078125,106.5546875,106.4921875,106.5390625,377765
02/20/2018,106.53125,106.546875,106.4375,106.4921875,744385
02/21/2018,106.4921875,106.5234375,106.453125,106.4765625,884100
02/22/2018,106.4765625,106.53125,106.46875,106.515625,1125823
02/23/2018,106.5234375,106.5859375,106.5078125,106.5390625,1137082
02/26/2018,106.53125,106.59375,106.515625,106.5546875,1396171
02/27/2018,106.5546875,106.5859375,106.4609375,106.4921875,828442
02/28/2018,106.2421875,106.25,106.1796875,106.234375,503612
03/01/2018,106.25,106.359375,106.21875,106.3515625,922475
03/02/2018,106.328125,106.3828125,106.2578125,106.2890625,334397
03/05/2018,106.265625,106.3515625,106.25,106.2734375,336864
03/06/2018,106.265625,106.3046875,106.234375,106.265625,332735
03/07/2018,106.25,106.3359375,106.234375,106.25,407534
03/08/2018,106.25,106.28125,106.234375,106.25,329762
03/09/2018,106.25,106.2578125,106.203125,106.2421875,402919
03/12/2018,106.25,106.265625,106.21875,106.2578125,264523
03/13/2018,106.25,106.3046875,106.234375,106.265625,452579
03/14/2018,106.28125,106.3203125,106.2265625,106.2890625,479401
03/15/2018,106.28125,106.3125,106.2265625,106.2421875,390145
03/16/2018,106.234375,106.2734375,106.21875,106.2265625,281196
03/19/2018,106.21875,106.2734375,106.1875,106.234375,354203
03/20/2018,106.21875,106.2265625,106.140625,106.171875,380945
03/21/2018,106.1484375,106.2421875,106.109375,106.203125,556694
03/22/2018,106.21875,106.3125,106.1875,106.25,747699
03/23/2018,106.2578125,106.3203125,106.2421875,106.2890625,371574
03/26/2018,106.28125,106.3046875,106.21875,106.25,376101
03/27/2018,106.2421875,106.3671875,106.2265625,106.3359375,558250
03/28/2018,106.34375,106.3984375,106.2578125,106.2890625,545271
03/29/2018,106.28125,106.3203125,106.2734375,106.3046875,426798
04/02/2018,106.28125,106.3984375,106.2734375,106.375,440284
04/03/2018,106.3671875,106.375,106.2734375,106.2890625,340626
04/04/2018,106.3125,106.359375,106.2578125,106.28125,284345
04/05/2018,106.265625,106.265625,106.234375,106.25,277567
04/06/2018,106.25,106.34375,106.2421875,106.328125,406606
04/09/2018,106.34375,106.34375,106.2734375,106.296875,274386
04/10/2018,106.296875,106.3125,106.234375,106.2578125,409499
04/11/2018,106.2578125,106.3203125,106.2421875,106.265625,363653
04/12/2018,106.2578125,106.28125,106.1796875,106.1875,372405
04/13/2018,106.1953125,106.2265625,106.1328125,106.1484375,292566
04/16/2018,106.1484375,106.15625,106.1015625,106.1484375,366463
04/17/2018,106.140625,106.1640625,106.109375,106.140625,358644
04/18/2018,106.1171875,106.125,106.046875,106.0625,434408
04/19/2018,106.0625,106.0859375,106.046875,106.0546875,416110
04/20/2018,106.0625,106.0859375,106.0078125,106.0234375,251091
04/23/2018,106.015625,106.03125,105.984375,106.0078125,284593
04/24/2018,105.984375,106.0390625,105.9609375,106.0390625,478347
04/25/2018,106.015625,106.03125,105.9765625,106.015625,377672
04/26/2018,106.015625,106.0546875,106,106.015625,319444
04/27/2018,106.015625,106.046875,106,106.03125,259971
04/30/2018,106.0234375,106.03125,106,106.0234375,331213
05/01/2018,106.015625,106.0234375,105.9765625,105.9765625,230749
05/02/2018,106,106.0234375,105.9609375,106.015625,298064
05/03/2018,106.0234375,106.078125,106.0078125,106.046875,316494
05/04/2018,106.046875,106.09375,106,106.0078125,246006
05/07/2018,106,106.0234375,105.984375,106.015625,142712
05/08/2018,106,106.0234375,105.9765625,105.984375,307003
05/09/2018,105.984375,105.9921875,105.9375,105.9453125,232506
05/10/2018,105.9375,106.015625,105.9296875,105.9296875,343043
05/11/2018,105.9453125,105.9609375,105.9296875,105.9375,243776
05/14/2018,105.9375,105.9609375,105.9140625,105.9296875,303941
05/15/2018,105.921875,105.9296875,105.8515625,105.8671875,546805
05/16/2018,105.8828125,105.8984375,105.8359375,105.8515625,378161
05/17/2018,105.8515625,105.890625,105.828125,105.875,423347
05/18/2018,105.8828125,105.9375,105.8671875,105.921875,393016
05/21/2018,105.8984375,105.9140625,105.875,105.8984375,356010
05/22/2018,105.890625,105.9140625,105.8671875,105.90625,496464
05/23/2018,105.90625,106.03125,105.8984375,106.015625,960093
05/24/2018,106.03125,106.1171875,106.015625,106.0546875,1264692
05/25/2018,106.0625,106.140625,106.03125,106.1171875,1083040
05/29/2018,106.1171875,106.4453125,106.0625,106.4296875,2233479
05/30/2018,106.4375,106.5,106.2109375,106.234375,664239
05/31/2018,106.1171875,106.140625,106.046875,106.1171875,602079
06/01/2018,106.09375,106.09375,105.9375,105.984375,474946
06/04/2018,105.96875,105.9765625,105.8671875,105.8828125,396770
06/05/2018,105.875,105.9609375,105.8671875,105.921875,424829
06/06/2018,105.921875,105.921875,105.8515625,105.8671875,265986
06/07/2018,105.875,106.015625,105.8359375,105.8984375,411971
06/08/2018,105.9375,105.9921875,105.8828125,105.921875,268824
06/11/2018,105.90625,105.90625,105.8515625,105.859375,219851
06/12/2018,105.875,105.8828125,105.8203125,105.8515625,374087
06/13/2018,105.84375,105.859375,105.7265625,105.765625,417459
06/14/2018,105.7890625,105.8203125,105.7578125,105.7890625,315326
06/15/2018,105.796875,105.859375,105.7890625,105.8203125,271493
06/18/2018,105.828125,105.8671875,105.8203125,105.8359375,185832
06/19/2018,105.84375,105.9609375,105.8359375,105.859375,338595
06/20/2018,105.8671875,105.890625,105.8125,105.8359375,302853
06/21/2018,105.8203125,105.890625,105.796875,105.875,293426
06/22/2018,105.8671875,105.8828125,105.828125,105.859375,173280
06/25/2018,105.8671875,105.921875,105.859375,105.90625,270368
06/26/2018,105.890625,105.9296875,105.8671875,105.8984375,250153
06/27/2018,105.8984375,105.9765625,105.890625,105.9765625,319359
06/28/2018,105.9765625,105.9921875,105.921875,105.9296875,255717
06/29/2018,105.9453125,105.953125,105.8984375,105.9140625,289719
07/02/2018,105.90625,105.9609375,105.859375,105.875,259082
07/03/2018,105.859375,105.9140625,105.8515625,105.90625,234579
07/05/2018,105.90625,105.9140625,105.8359375,105.84375,333134
07/06/2018,105.8671875,105.921875,105.8515625,105.890625,189695
07/09/2018,105.8984375,105.8984375,105.8359375,105.8515625,193274
07/10/2018,105.8515625,105.859375,105.796875,105.796875,222391
07/11/2018,105.84375,105.8828125,105.796875,105.828125,308431
07/12/2018,105.8203125,105.8359375,105.78125,105.796875,263582
07/13/2018,105.8125,105.84375,105.796875,105.8359375,203016
07/16/2018,105.828125,105.8359375,105.765625,105.7890625,249875
07/17/2018,105.796875,105.8046875,105.7578125,105.765625,156084
07/18/2018,105.7578125,105.7890625,105.75,105.765625,155616
07/19/2018,105.7734375,105.8359375,105.7265625,105.8125,311246
07/20/2018,105.8125,105.828125,105.78125,105.796875,246797
07/23/2018,105.796875,105.828125,105.7265625,105.734375,270162
07/24/2018,105.734375,105.765625,105.7109375,105.734375,341656
07/25/2018,105.7265625,105.75,105.671875,105.71875,375997
07/26/2018,105.6796875,105.703125,105.65625,105.6640625,298640
07/27/2018,105.6640625,105.6875,105.6484375,105.671875,197352
07/30/2018,105.6796875,105.6953125,105.65625,105.6796875,175898
07/31/2018,105.6953125,105.734375,105.671875,105.6875,305661
08/01/2018,105.671875,105.703125,105.6484375,105.6640625,307628
08/02/2018,105.6640625,105.71875,105.6640625,105.7109375,262168
08/03/2018,105.703125,105.75,105.6796875,105.75,228949
08/06/2018,105.7421875,105.7578125,105.71875,105.734375,189709
08/07/2018,105.734375,105.7421875,105.6953125,105.703125,200891
08/08/2018,105.6953125,105.7265625,105.6953125,105.6953125,228722
08/09/2018,105.703125,105.7578125,105.6953125,105.75,258575
08/10/2018,105.75,105.8671875,105.7421875,105.859375,415844
08/13/2018,105.8515625,105.8828125,105.796875,105.8203125,491681
08/14/2018,105.8125,105.8203125,105.765625,105.7890625,233482
08/15/2018,105.7734375,105.875,105.765625,105.84375,530453
08/16/2018,105.828125,105.8359375,105.78125,105.8046875,279503
08/17/2018,105.8125,105.8515625,105.796875,105.8125,219762
08/20/2018,105.828125,105.8828125,105.8125,105.875,215829
08/21/2018,105.875,105.8828125,105.828125,105.8359375,231008
08/22/2018,105.859375,105.8828125,105.8359375,105.8515625,506530
08/23/2018,105.859375,105.8671875,105.8046875,105.8359375,396169
08/24/2018,105.8125,105.8203125,105.7734375,105.8046875,710205
08/27/2018,105.8125,105.8203125,105.7734375,105.78125,911508
08/28/2018,105.7734375,105.7890625,105.734375,105.7578125,1295893
08/29/2018,105.7421875,105.765625,105.703125,105.71875,810591
08/30/2018,105.7109375,105.78125,105.7109375,105.7734375,383192
08/31/2018,105.625,105.6875,105.6171875,105.6796875,343138
09/04/2018,105.671875,105.6875,105.6171875,105.625,305908
09/05/2018,105.625,105.6640625,105.609375,105.640625,241322
09/06/2018,105.640625,105.6953125,105.6328125,105.671875,336297
09/07/2018,105.6796875,105.6875,105.5234375,105.5390625,319933
09/10/2018,105.546875,105.5625,105.5234375,105.5234375,201032
09/11/2018,105.515625,105.53125,105.453125,105.453125,351609
09/12/2018,105.453125,105.4921875,105.4453125,105.4609375,332964
09/13/2018,105.453125,105.484375,105.4140625,105.4453125,329152
09/14/2018,105.4296875,105.453125,105.3828125,105.390625,314167
09/17/2018,105.3828125,105.40625,105.3671875,105.390625,227278
09/18/2018,105.3984375,105.421875,105.3359375,105.359375,342989
09/19/2018,105.34375,105.3671875,105.3125,105.328125,414814
09/20/2018,105.3515625,105.3671875,105.296875,105.328125,544458
09/21/2018,105.3359375,105.3671875,105.3125,105.3671875,312981
09/24/2018,105.3671875,105.3828125,105.3203125,105.3671875,561705
09/25/2018,105.34375,105.3515625,105.3203125,105.328125,354533
09/26/2018,105.328125,105.375,105.3125,105.359375,355662
09/27/2018,105.375,105.3984375,105.328125,105.34375,308688
09/28/2018,105.3359375,105.390625,105.3359375,105.3671875,342024
10/01/2018,105.359375,105.3671875,105.328125,105.359375,296391
10/02/2018,105.3515625,105.4140625,105.34375,105.3828125,448333
10/03/2018,105.3828125,105.3984375,105.25,105.28125,445612
10/04/2018,105.2578125,105.2734375,105.203125,105.2421875,476397
10/05/2018,105.2578125,105.2734375,105.1953125,105.2265625,475786
10/08/2018,105.234375,105.2734375,105.203125,105.265625,110807
10/09/2018,105.2578125,105.2734375,105.2265625,105.2421875,438009
10/10/2018,105.234375,105.3359375,105.203125,105.2578125,542703
10/11/2018,105.3359375,105.3671875,105.2734375,105.3359375,676336
10/12/2018,105.3046875,105.359375,105.265625,105.3359375,341642
10/15/2018,105.3046875,105.3359375,105.2890625,105.296875,358329
10/16/2018,105.296875,105.3125,105.2734375,105.2890625,315834
10/17/2018,105.28125,105.3125,105.2265625,105.2578125,397075
10/18/2018,105.234375,105.3046875,105.203125,105.2734375,425345
10/19/2018,105.2578125,105.28125,105.1953125,105.2109375,388954
10/22/2018,105.21875,105.2421875,105.203125,105.2265625,282083
10/23/2018,105.2109375,105.34375,105.2109375,105.28125,636645
10/24/2018,105.28125,105.4140625,105.265625,105.359375,629969
10/25/2018,105.3984375,105.4140625,105.328125,105.3359375,324598
10/26/2018,105.375,105.515625,105.375,105.453125,664712
10/29/2018,105.453125,105.4765625,105.390625,105.4453125,388299
10/30/2018,105.4375,105.4453125,105.359375,105.390625,509542
10/31/2018,105.3671875,105.3671875,105.3046875,105.328125,429796
11/01/2018,105.3359375,105.3828125,105.3125,105.3671875,373500
11/02/2018,105.3828125,105.390625,105.234375,105.25,431881
11/05/2018,105.2578125,105.296875,105.25,105.2578125,361802
11/06/2018,105.25,105.28125,105.203125,105.21875,402748
11/07/2018,105.2109375,105.2578125,105.1484375,105.1953125,527677
11/08/2018,105.15625,105.203125,105.140625,105.15625,368978
11/09/2018,105.15625,105.2421875,105.15625,105.2265625,377792
11/12/2018,105.2421875,105.3203125,105.2265625,105.296875,147668
11/13/2018,105.3046875,105.3203125,105.265625,105.296875,483539
11/14/2018,105.3125,105.421875,105.28125,105.3671875,686906
11/15/2018,105.359375,105.4453125,105.3359375,105.375,597353
11/16/2018,105.3828125,105.5,105.359375,105.46875,591329
11/19/2018,105.5,105.546875,105.4453125,105.53125,690441
11/20/2018,105.53125,105.5390625,105.4765625,105.5,555834
11/21/2018,105.5,105.5,105.4375,105.4609375,639115
11/23/2018,105.4609375,105.5078125,105.453125,105.46875,477993
11/26/2018,105.4765625,105.484375,105.421875,105.4375,1391837
11/27/2018,105.453125,105.4765625,105.421875,105.4375,2098258
11/28/2018,105.4375,105.515625,105.4140625,105.4921875,1514847
11/29/2018,105.484375,105.5546875,105.4609375,105.46875,893112
11/30/2018,105.4921875,105.4921875,105.4921875,105.4921875,0
12/03/2018,105.4375,105.4375,105.4375,105.4375,0
12/04/2018,105.5,105.5,105.5,105.5,0
12/05/2018,105.5,105.5,105.5,105.5,0
12/06/2018,105.6171875,105.6171875,105.6171875,105.6171875,0
12/07/2018,105.7265625,105.7265625,105.7265625,105.7265625,0
12/10/2018,105.7109375,105.7109375,105.7109375,105.7109375,0
12/11/2018,105.6484375,105.6484375,105.6484375,105.6484375,0
12/12/2018,105.6171875,105.6171875,105.6171875,105.6171875,0
12/13/2018,105.625,105.625,105.625,105.625,0
12/14/2018,105.65625,105.65625,105.65625,105.65625,0
12/17/2018,105.65625,105.671875,105.65625,105.671875,2
12/18/2018,105.6875,105.71875,105.6875,105.71875,2
12/19/2018,105.6875,105.703125,105.6875,105.703125,2
12/20/2018,105.71875,105.71875,105.71875,105.71875,2
12/21/2018,105.7734375,105.7734375,105.7734375,105.7734375,0
12/24/2018,105.9453125,105.9453125,105.9453125,105.9453125,0
12/26/2018,105.9140625,105.9140625,105.9140625,105.9140625,0
12/27/2018,106.0390625,106.0390625,106.0390625,106.0390625,0
12/28/2018,106.125,106.125,106.125,106.125,0
12/31/2018,106.1953125,106.1953125,106.1953125,106.1953125,0
01/02/2019,106.21875,106.21875,106.21875,106.21875,0
01/03/2019,106.4921875,106.4921875,106.4921875,106.4921875,40
01/04/2019,106.2890625,106.2890625,106.2890625,106.2890625,0
01/07/2019,106.25,106.25,106.203125,106.203125,1
01/08/2019,106.0703125,106.0703125,106.0703125,106.0703125,7558
01/09/2019,106.1015625,106.125,106.1015625,106.125,4537
01/10/2019,106.1171875,106.1171875,106.1171875,106.1171875,3457
01/11/2019,106.15625,106.171875,106.1484375,106.1484375,17794
01/14/2019,106.23046875,106.23046875,106.1640625,106.1640625,2529
01/15/2019,106.1875,106.1875,106.1640625,106.16796875,6943
01/16/2019,106.140625,106.140625,106.08984375,106.1328125,11328
01/17/2019,106.15625,106.15625,106.078125,106.0859375,8803
01/18/2019,106.078125,106.078125,105.96875,105.96875,4804
01/22/2019,105.9921875,106.05859375,105.9921875,106.05078125,22018
01/23/2019,105.984375,106.046875,105.98046875,106.0078125,25661
01/24/2019,106.03515625,106.0859375,106.03515625,106.07421875,16735
01/25/2019,106.03515625,106.03515625,105.95703125,105.98046875,86323
01/28/2019,105.98828125,106.01953125,105.97265625,105.99609375,15923
01/29/2019,106,106.05078125,106,106.05078125,22403
01/30/2019,106.02734375,106.19140625,106,106.13671875,29720
01/31/2019,106.18359375,106.30078125,106.18359375,106.27734375,27218
02/01/2019,106.2734375,106.2734375,106.1328125,106.1640625,17748
02/04/2019,106.125,106.125,106.0859375,106.109375,9230
02/05/2019,106.10546875,106.140625,106.09765625,106.12890625,20741
02/06/2019,106.1484375,106.1484375,106.1171875,106.1171875,4905
02/07/2019,106.1640625,106.2265625,106.1640625,106.2265625,19091
02/08/2019,106.21484375,106.28515625,106.21484375,106.26171875,53248
02/11/2019,106.234375,106.2578125,106.17578125,106.19140625,30068
02/12/2019,106.16015625,106.18359375,106.13671875,106.15234375,34589
02/13/2019,106.140625,106.140625,106.0625,106.0625,93908
02/14/2019,106.078125,106.1875,106.05859375,106.1640625,82568
02/15/2019,106.16015625,106.16796875,106.109375,106.11328125,77115
02/19/2019,106.1171875,106.1796875,106.09375,106.1640625,160029
02/20/2019,106.17578125,106.20703125,106.15234375,106.15625,572238
02/21/2019,106.16015625,106.1640625,106.08203125,106.09375,804297
02/22/2019,106.08984375,106.19921875,106.08984375,106.17578125,795880
02/25/2019,106.1640625,106.1640625,106.12890625,106.1484375,1451960
02/26/2019,106.15625,106.21484375,106.15625,106.203125,1599267
02/27/2019,106.19921875,106.22265625,106.12109375,106.14453125,914122
02/28/2019,106.15625,106.20703125,106.05859375,106.09765625,768255
03/01/2019,106.09765625,106.10546875,105.98046875,105.98828125,494428
03/04/2019,105.984375,106.0234375,105.9609375,106.015625,353117
03/05/2019,106.015625,106.02734375,105.9609375,105.99609375,326927
03/06/2019,106.00390625,106.07421875,106,106.0546875,472990
03/07/2019,106.0625,106.1640625,106.05859375,106.16015625,484745
03/08/2019,106.15234375,106.23046875,106.140625,106.1796875,417450
03/11/2019,106.171875,106.1875,106.13671875,106.15625,411616
03/12/2019,106.1484375,106.234375,106.1015625,106.21875,443839
03/13/2019,106.2109375,106.23046875,106.1796875,106.22265625,347945
03/14/2019,106.19140625,106.23046875,106.16796875,106.1953125,427549
03/15/2019,106.1953125,106.26171875,106.18359375,106.23828125,296046
03/18/2019,106.2421875,106.2578125,106.19921875,106.20703125,308482
03/19/2019,106.21484375,106.234375,106.16796875,106.1796875,413517
03/20/2019,106.1796875,106.36328125,106.16796875,106.328125,637532
03/21/2019,106.33203125,106.375,106.29296875,106.3046875,445010
03/22/2019,106.30859375,106.5390625,106.30859375,106.484375,541798
03/25/2019,106.484375,106.6953125,106.45703125,106.625,761401
03/26/2019,106.64453125,106.65234375,106.53125,106.6171875,612944
03/27/2019,106.6015625,106.7890625,106.59375,106.69921875,718616
03/28/2019,106.71484375,106.7578125,106.59375,106.65625,540769
03/29/2019,106.6171875,106.62890625,106.515625,106.546875,590270
04/01/2019,106.546875,106.55078125,106.41796875,106.44140625,534362
04/02/2019,106.43359375,106.50390625,106.43359375,106.4765625,439804
04/03/2019,106.48828125,106.5,106.40625,106.4296875,569320
04/04/2019,106.4140625,106.47265625,106.40234375,106.40625,398303
04/05/2019,106.41015625,106.46875,106.34375,106.390625,348125
04/08/2019,106.40234375,106.43359375,106.35546875,106.3671875,240799
04/09/2019,106.36328125,106.42578125,106.3515625,106.39453125,426117
04/10/2019,106.38671875,106.4609375,106.3828125,106.42578125,392201
04/11/2019,106.4375,106.4375,106.359375,106.36328125,291641
04/12/2019,106.3671875,106.375,106.26953125,106.27734375,415390
04/15/2019,106.2734375,106.296875,106.25,106.27734375,345730
04/16/2019,106.28125,106.29296875,106.2265625,106.23046875,322106
04/17/2019,106.23828125,106.2734375,106.20703125,106.2578125,421935
04/18/2019,106.2578125,106.31640625,106.25,106.2890625,399853
04/22/2019,106.29296875,106.30859375,106.2734375,106.28515625,231393
04/23/2019,106.28515625,106.3515625,106.2734375,106.3359375,429979
04/24/2019,106.33984375,106.4375,106.328125,106.4140625,402749
04/25/2019,106.4140625,106.4375,106.375,106.390625,438447
04/26/2019,106.3828125,106.5,106.3671875,106.46875,549877
04/29/2019,106.4765625,106.48046875,106.4296875,106.453125,442277
04/30/2019,106.46484375,106.51953125,106.41796875,106.50390625,644847
05/01/2019,106.50390625,106.625,106.3984375,106.42578125,876153
05/02/2019,106.41796875,106.4296875,106.3359375,106.33984375,590983
05/03/2019,106.33984375,106.40625,106.26953125,106.3515625,437031
05/06/2019,106.390625,106.5234375,106.390625,106.40625,397716
05/07/2019,106.4921875,106.4921875,106.39453125,106.46484375,484725
05/08/2019,106.44921875,106.51953125,106.41796875,106.44140625,610044
05/09/2019,106.43359375,106.56640625,106.4296875,106.4921875,712282
05/10/2019,106.50390625,106.5625,106.45703125,106.51953125,566383
05/13/2019,106.5390625,106.671875,106.51953125,106.6328125,587303
05/14/2019,106.62890625,106.6640625,106.58984375,106.60546875,584304
05/15/2019,106.61328125,106.7265625,106.58984375,106.6640625,642129
05/16/2019,106.68359375,106.70703125,106.57421875,106.5859375,597657
05/17/2019,106.61328125,106.671875,106.5625,106.5859375,492677
05/20/2019,106.58984375,106.6015625,106.53125,106.54296875,720531
05/21/2019,106.546875,106.5546875,106.46484375,106.4765625,683873
05/22/2019,106.47265625,106.54296875,106.47265625,106.5234375,930775
05/23/2019,106.53125,106.7265625,106.52734375,106.7109375,1456992
05/24/2019,106.6640625,106.6796875,106.62109375,106.62109375,870936
05/28/2019,106.6328125,106.72265625,106.6015625,106.7109375,2000080
05/29/2019,106.70703125,106.8203125,106.703125,106.78515625,1672460
05/30/2019,106.7265625,106.828125,106.69140625,106.79296875,463104
05/31/2019,107.09375,107.3828125,107.08203125,107.3359375,882234
06/03/2019,107.3359375,107.6015625,107.328125,107.53515625,1023622
06/04/2019,107.5546875,107.59375,107.3515625,107.47265625,803873
06/05/2019,107.44140625,107.6796875,107.4140625,107.51953125,871284
06/06/2019,107.49609375,107.5703125,107.39453125,107.4296875,632344
06/07/2019,107.4375,107.6484375,107.3984375,107.4765625,733731
06/10/2019,107.36328125,107.43359375,107.33203125,107.3671875,642719
06/11/2019,107.35546875,107.3828125,107.28515625,107.3359375,529870
06/12/2019,107.31640625,107.43359375,107.3125,107.39453125,484268
06/13/2019,107.40625,107.5390625,107.38671875,107.515625,454263
06/14/2019,107.4921875,107.5859375,107.40234375,107.4609375,492573
06/17/2019,107.484375,107.484375,107.3984375,107.4296875,336849
06/18/2019,107.41796875,107.55078125,107.40234375,107.42578125,564928
06/19/2019,107.42578125,107.67578125,107.328125,107.6328125,807359
06/20/2019,107.66015625,107.7578125,107.54296875,107.6875,773311
06/21/2019,107.59765625,107.640625,107.515625,107.578125,466568
06/24/2019,107.6015625,107.703125,107.58203125,107.67578125,366474
06/25/2019,107.6796875,107.74609375,107.62109375,107.6875,508435
06/26/2019,107.6953125,107.6953125,107.53125,107.54296875,506129
06/27/2019,107.55078125,107.61328125,107.4765625,107.609375,392945
06/28/2019,107.59765625,107.61328125,107.55078125,107.58984375,416256
07/01/2019,107.484375,107.57421875,107.4609375,107.49609375,414852
07/02/2019,107.49609375,107.57421875,107.48828125,107.54296875,369757
07/03/2019,107.546875,107.61328125,107.53125,107.5390625,309581
07/05/2019,107.55078125,107.578125,107.27734375,107.30859375,553959
07/08/2019,107.30078125,107.38671875,107.265625,107.30078125,499145
07/09/2019,107.27734375,107.3046875,107.20703125,107.25390625,431939
07/10/2019,107.24609375,107.41015625,107.1953125,107.3984375,787635
07/11/2019,107.390625,107.45703125,107.29296875,107.33203125,797826
07/12/2019,107.3125,107.3671875,107.27734375,107.36328125,346619
07/15/2019,107.359375,107.37890625,107.31640625,107.37109375,295885
07/16/2019,107.37109375,107.38671875,107.27734375,107.30859375,395010
07/17/2019,107.33203125,107.4140625,107.30859375,107.359375,497176
07/18/2019,107.40234375,107.51953125,107.34375,107.4765625,559819
07/19/2019,107.50390625,107.53515625,107.34765625,107.3984375,498457
07/22/2019,107.37890625,107.42578125,107.33984375,107.40234375,359142
07/23/2019,107.40234375,107.40234375,107.3359375,107.3515625,419041
07/24/2019,107.34765625,107.41796875,107.3359375,107.359375,340939
07/25/2019,107.375,107.41015625,107.25390625,107.2890625,598504
07/26/2019,107.26953125,107.30078125,107.21875,107.25390625,371531
07/29/2019,107.29296875,107.32421875,107.265625,107.29296875,336256
07/30/2019,107.2734375,107.3203125,107.26171875,107.29296875,524677
07/31/2019,107.29296875,107.375,107.0390625,107.203125,1020174
08/01/2019,107.2265625,107.59375,107.1640625,107.52734375,1319789
08/02/2019,107.47265625,107.5859375,107.4375,107.51953125,653599
08/05/2019,107.5390625,107.8125,107.51953125,107.7890625,846113
08/06/2019,107.8125,107.8984375,107.70703125,107.7421875,813280
08/07/2019,107.7890625,107.953125,107.734375,107.81640625,977544
08/08/2019,107.7421875,107.78515625,107.66015625,107.7265625,543041
08/09/2019,107.734375,107.796875,107.640625,107.6796875,422720
08/12/2019,107.67578125,107.78515625,107.65234375,107.76953125,444786
08/13/2019,107.75390625,107.8046875,107.56640625,107.5859375,703743
08/14/2019,107.5703125,107.78125,107.56640625,107.75,756913
08/15/2019,107.734375,107.9453125,107.71875,107.8828125,780961
08/16/2019,107.875,107.91796875,107.81640625,107.9140625,393779
08/19/2019,107.90234375,107.90234375,107.76953125,107.796875,407106
08/20/2019,107.78515625,107.8984375,107.78125,107.84375,480083
08/21/2019,107.859375,107.859375,107.71875,107.74609375,631483
08/22/2019,107.7265625,107.7890625,107.640625,107.66015625,870460
08/23/2019,107.63671875,107.8515625,107.5859375,107.8046875,1329871
08/26/2019,107.875,107.95703125,107.734375,107.74609375,1693372
08/27/2019,107.765625,107.81640625,107.7265625,107.78125,2333916
08/28/2019,107.8046875,107.84375,107.76171875,107.81640625,1132723
08/29/2019,107.828125,107.8671875,107.73828125,107.75390625,481557
08/30/2019,108.03125,108.06640625,107.96484375,108.05859375,447627
09/03/2019,108.07421875,108.20703125,108.01171875,108.14453125,623683
09/04/2019,108.1640625,108.22265625,108.1171875,108.20703125,467352
09/05/2019,108.203125,108.20703125,107.890625,107.96484375,792127
09/06/2019,107.9921875,108.03125,107.8828125,107.9921875,464172
09/09/2019,107.9765625,107.98046875,107.84375,107.88671875,367100
09/10/2019,107.8515625,107.87109375,107.6484375,107.703125,548493
09/11/2019,107.66796875,107.71875,107.6484375,107.6875,414543
09/12/2019,107.6875,107.76953125,107.55859375,107.5625,640411
09/13/2019,107.578125,107.59375,107.38671875,107.3984375,550954
09/16/2019,107.453125,107.5234375,107.43359375,107.5,526412
09/17/2019,107.515625,107.5859375,107.48828125,107.5703125,801307
09/18/2019,107.58203125,107.71484375,107.4921875,107.5625,926896
09/19/2019,107.546875,107.6328125,107.51171875,107.6015625,780394
09/20/2019,107.5859375,107.6796875,107.5546875,107.61328125,468789
09/23/2019,107.671875,107.765625,107.59765625,107.6796875,419760
09/24/2019,107.66796875,107.8515625,107.65234375,107.83984375,651176
09/25/2019,107.80859375,107.828125,107.6640625,107.67578125,578538
09/26/2019,107.6796875,107.76171875,107.66015625,107.72265625,473203
09/27/2019,107.7109375,107.76953125,107.65625,107.765625,370429
09/30/2019,107.73046875,107.76171875,107.67578125,107.75,479612
10/01/2019,107.75390625,107.921875,107.625,107.875,787317
10/02/2019,107.89453125,108.03125,107.8515625,107.99609375,795823
10/03/2019,107.9921875,108.21484375,107.98828125,108.18359375,849963
10/04/2019,108.171875,108.28125,108.09375,108.15234375,827830
10/07/2019,108.1640625,108.1953125,108.00390625,108.01953125,428464
10/08/2019,108.01953125,108.14453125,107.9453125,108.10546875,763968
10/09/2019,108.10546875,108.125,107.984375,107.9921875,522964
10/10/2019,108,108.109375,107.83984375,107.87109375,604535
10/11/2019,107.84765625,107.88671875,107.6484375,107.69921875,791666
10/14/2019,107.72265625,107.83984375,107.7109375,107.734375,104582
10/15/2019,107.75390625,107.828125,107.66015625,107.6796875,475570
10/16/2019,107.69140625,107.7890625,107.67578125,107.75,447522
10/17/2019,107.76171875,107.79296875,107.6484375,107.7265625,394576
10/18/2019,107.734375,107.81640625,107.703125,107.78125,338741
10/21/2019,107.796875,107.81640625,107.6875,107.7109375,280001
10/22/2019,107.69921875,107.765625,107.6796875,107.7421875,486180
10/23/2019,107.7578125,107.8046875,107.71875,107.73828125,437130
10/24/2019,107.734375,107.78125,107.6953125,107.734375,373920
10/25/2019,107.74609375,107.7578125,107.60546875,107.640625,410038
10/28/2019,107.65234375,107.65234375,107.55859375,107.59375,395591
10/29/2019,107.59375,107.63671875,107.56640625,107.59765625,538934
10/30/2019,107.59765625,107.6796875,107.52734375,107.62109375,637593
10/31/2019,107.671875,107.82421875,107.609375,107.80078125,753925
11/01/2019,107.79296875,107.82421875,107.6796875,107.72265625,569862
11/04/2019,107.72265625,107.7265625,107.63671875,107.65234375,430582
11/05/2019,107.671875,107.67578125,107.54296875,107.578125,650344
11/06/2019,107.58203125,107.65625,107.58203125,107.625,508582
11/07/2019,107.609375,107.64453125,107.421875,107.48828125,893638
11/08/2019,107.49609375,107.55859375,107.4453125,107.51171875,476392
11/11/2019,107.4765625,107.5390625,107.47265625,107.48828125,83684
11/12/2019,107.48828125,107.546875,107.453125,107.5390625,480695
11/13/2019,107.5,107.59765625,107.5,107.5859375,612594
11/14/2019,107.5703125,107.68359375,107.546875,107.65234375,605841
11/15/2019,107.64453125,107.65625,107.58984375,107.6171875,375486
11/18/2019,107.6171875,107.67578125,107.58203125,107.65234375,450052
11/19/2019,107.640625,107.66796875,107.59765625,107.640625,736342
11/20/2019,107.63671875,107.71484375,107.63671875,107.6953125,899649
11/21/2019,107.71484375,107.74609375,107.625,107.63671875,1378916
11/22/2019,107.625,107.66796875,107.578125,107.5859375,1410472
11/25/2019,107.578125,107.625,107.55078125,107.60546875,2141529
11/26/2019,107.6171875,107.6484375,107.578125,107.6328125,1470903
11/27/2019,107.625,107.62890625,107.53125,107.53515625,710845
11/29/2019,107.74609375,107.8046875,107.72265625,107.79296875,397010
12/02/2019,107.765625,107.78515625,107.69921875,107.74609375,595254
12/03/2019,107.765625,107.953125,107.72265625,107.9140625,776095
12/04/2019,107.890625,107.9296875,107.796875,107.80078125,589154
12/05/2019,107.81640625,107.83984375,107.75390625,107.80078125,469088
12/06/2019,107.76953125,107.8125,107.61328125,107.71875,517959
12/09/2019,107.71875,107.75390625,107.703125,107.70703125,339181
12/10/2019,107.7265625,107.76171875,107.6484375,107.65625,561519
12/11/2019,107.65625,107.74609375,107.6484375,107.73046875,440747
12/12/2019,107.7265625,107.79296875,107.546875,107.609375,808803
12/13/2019,107.57421875,107.7421875,107.5390625,107.72265625,676263
12/16/2019,107.703125,107.7109375,107.62109375,107.6328125,375924
12/17/2019,107.66015625,107.6796875,107.64453125,107.6484375,372047
12/18/2019,107.66015625,107.6796875,107.61328125,107.6328125,369879
12/19/2019,107.63671875,107.6953125,107.59375,107.66796875,402924
12/20/2019,107.6484375,107.66015625,107.609375,107.640625,202351
12/23/2019,107.640625,107.64453125,107.58984375,107.59765625,276814
12/24/2019,107.6015625,107.6484375,107.5703125,107.63671875,109455
12/26/2019,107.6484375,107.66015625,107.6015625,107.6328125,112177
12/27/2019,107.63671875,107.71484375,107.62890625,107.7109375,215152
12/30/2019,107.7109375,107.73046875,107.66015625,107.7265625,418142
12/31/2019,107.72265625,107.75,107.69140625,107.75,438507
01/02/2020,107.71484375,107.78515625,107.69921875,107.7265625,543529
01/03/2020,107.73828125,107.8671875,107.73046875,107.83203125,520038
01/06/2020,107.84375,107.875,107.7734375,107.796875,621997
01/07/2020,107.796875,107.83203125,107.77734375,107.79296875,481364
01/08/2020,107.8046875,107.98828125,107.7109375,107.71875,724856
01/09/2020,107.71484375,107.7421875,107.671875,107.73046875,400344
01/10/2020,107.7265625,107.76953125,107.69921875,107.73828125,340075
01/13/2020,107.74609375,107.75,107.69140625,107.70703125,271328
01/14/2020,107.7109375,107.75,107.6875,107.72265625,442276
01/15/2020,107.73828125,107.7734375,107.73046875,107.75390625,462253
01/16/2020,107.76171875,107.7734375,107.71875,107.73828125,339830
01/17/2020,107.73828125,107.76953125,107.71484375,107.7265625,353926
01/21/2020,107.7421875,107.81640625,107.734375,107.8046875,394172
01/22/2020,107.8046875,107.828125,107.7734375,107.81640625,336214
01/23/2020,107.8203125,107.89453125,107.80859375,107.8359375,498870
01/24/2020,107.83984375,107.921875,107.80078125,107.91015625,519021
01/27/2020,107.95703125,108.01953125,107.94921875,108,712367
01/28/2020,107.98046875,108.05078125,107.91796875,107.94140625,559670
01/29/2020,107.9296875,108.0390625,107.9140625,108.01953125,479139
01/30/2020,108.01953125,108.1171875,108.01171875,108.0625,580354
01/31/2020,108.00390625,108.20703125,108,108.1796875,744531
02/03/2020,108.21875,108.234375,108.0625,108.1171875,683751
02/04/2020,108.1171875,108.140625,107.97265625,107.99609375,463929
02/05/2020,107.99609375,108.05078125,107.8984375,107.94921875,683488
02/06/2020,107.94921875,107.96484375,107.88671875,107.93359375,473160
02/07/2020,107.9375,108.03515625,107.91015625,108.02734375,561795
02/10/2020,108.02734375,108.0859375,107.99609375,108.0703125,425208
02/11/2020,108.02734375,108.04296875,107.9765625,108,501992
02/12/2020,107.98046875,107.98046875,107.93359375,107.94921875,438029
02/13/2020,107.94140625,108.03515625,107.9296875,107.94140625,654942
02/14/2020,107.93359375,107.99609375,107.9296875,107.97265625,394391
02/18/2020,107.95703125,108.03125,107.93359375,108.00390625,550653
02/19/2020,108,108,107.9453125,107.96484375,691660
02/20/2020,107.9765625,108.0546875,107.9453125,108.02734375,1079924
02/21/2020,108.03125,108.16796875,108.0234375,108.11328125,1243048
02/24/2020,108.1484375,108.3203125,108.14453125,108.2734375,1995981
02/25/2020,108.296875,108.4453125,108.21484375,108.3984375,2821966
02/26/2020,108.33984375,108.49609375,108.32421875,108.48046875,1409135
02/27/2020,108.4453125,108.69140625,108.4296875,108.55078125,812460
02/28/2020,108.8359375,109.23046875,108.8046875,109.1640625,1450937
03/02/2020,109.17578125,109.484375,109.0703125,109.25390625,1380592
03/03/2020,109.08984375,109.59375,109.06640625,109.390625,1656633
03/04/2020,109.44140625,109.60546875,109.4140625,109.53515625,1086618
03/05/2020,109.4453125,109.6953125,109.421875,109.640625,1116334
03/06/2020,109.61328125,110,109.59765625,109.83984375,1354728
03/09/2020,109.91796875,110.33984375,109.91796875,110.2109375,1225888
03/10/2020,110.07421875,110.22265625,109.7890625,109.9296875,1168139
03/11/2020,109.8359375,110.20703125,109.82421875,110.05859375,1121840
03/12/2020,110.0625,110.37109375,110.00390625,110.140625,1012119
03/13/2020,110.23046875,110.296875,110.10546875,110.16015625,822318
03/16/2020,110.59375,110.59375,110.1015625,110.125,764955
03/17/2020,110.125,110.140625,109.765625,109.84375,674517
03/18/2020,109.796875,110.04296875,109.73046875,109.8203125,763939
03/19/2020,109.875,110.1484375,109.859375,110.0546875,711186
03/20/2020,110.02734375,110.21875,109.98828125,110.125,520235
03/23/2020,110.26953125,110.3125,110.14453125,110.25390625,665616
03/24/2020,110.21484375,110.26171875,110.02734375,110.10546875,500132
03/25/2020,110.06640625,110.171875,110.0546875,110.15625,413209
03/26/2020,110.11328125,110.21875,110.109375,110.1953125,457213
03/27/2020,110.14453125,110.203125,110.12890625,110.1796875,412964
03/30/2020,110.21875,110.22265625,110.13671875,110.20703125,500643
03/31/2020,110.20703125,110.234375,110.14453125,110.19140625,670913
04/01/2020,110.1640625,110.23046875,110.15625,110.171875,573746
04/02/2020,110.21875,110.2421875,110.17578125,110.19921875,447931
04/03/2020,110.1875,110.23046875,110.1484375,110.20703125,306843
04/06/2020,110.1796875,110.1796875,110.09765625,110.109375,389262
04/07/2020,110.109375,110.11328125,110.03125,110.05859375,518484
04/08/2020,110.08984375,110.1484375,110.05078125,110.11328125,488672
04/09/2020,110.109375,110.203125,110.09765625,110.1796875,427333
04/13/2020,110.16796875,110.1875,110.12890625,110.14453125,192789
04/14/2020,110.140625,110.19140625,110.11328125,110.1796875,375574
04/15/2020,110.1875,110.24609375,110.1796875,110.2265625,344095
04/16/2020,110.23046875,110.25390625,110.1953125,110.23046875,344952
04/17/2020,110.1875,110.2421875,110.15625,110.20703125,342734
04/20/2020,110.22265625,110.22265625,110.18359375,110.203125,252498
04/21/2020,110.1953125,110.23828125,110.18359375,110.19921875,297683
04/22/2020,110.2109375,110.22265625,110.171875,110.19140625,279849
04/23/2020,110.19140625,110.19921875,110.1640625,110.17578125,335848
04/24/2020,110.1796875,110.1953125,110.15234375,110.18359375,186488
04/27/2020,110.16796875,110.1796875,110.1328125,110.15234375,327651
04/28/2020,110.15625,110.203125,110.1484375,110.18359375,271284
04/29/2020,110.1796875,110.21484375,110.16796875,110.203125,354894
04/30/2020,110.1953125,110.234375,110.1875,110.21484375,434824
05/01/2020,110.203125,110.2265625,110.16796875,110.17578125,285983
05/04/2020,110.21484375,110.22265625,110.1875,110.21484375,238940
05/05/2020,110.20703125,110.21875,110.18359375,110.19921875,294975
05/06/2020,110.19921875,110.2265625,110.171875,110.21484375,383363
05/07/2020,110.21484375,110.3203125,110.20703125,110.31640625,420301
05/08/2020,110.30078125,110.3671875,110.2421875,110.2734375,347248
05/11/2020,110.26171875,110.29296875,110.2109375,110.21875,299631
05/12/2020,110.22265625,110.25390625,110.1953125,110.23046875,369956
05/13/2020,110.25,110.29296875,110.23828125,110.25390625,454603
05/14/2020,110.2578125,110.29296875,110.2421875,110.28515625,327966
05/15/2020,110.28515625,110.30859375,110.265625,110.28125,306179
05/18/2020,110.29296875,110.30859375,110.20703125,110.21484375,395095
05/19/2020,110.21875,110.25390625,110.2109375,110.23828125,365342
05/20/2020,110.25,110.27734375,110.2265625,110.265625,401416
05/21/2020,110.2578125,110.26953125,110.25,110.2578125,583141
05/22/2020,110.2578125,110.28125,110.25390625,110.26171875,805536
05/26/2020,110.26171875,110.26953125,110.21875,110.23828125,1755285
05/27/2020,110.25,110.28125,110.20703125,110.23828125,1052290
05/28/2020,110.2421875,110.26171875,110.2265625,110.2421875,431876
05/29/2020,110.38671875,110.4296875,110.38671875,110.421875,419486
06/01/2020,110.41796875,110.4375,110.3828125,110.41015625,293635
06/02/2020,110.40234375,110.41796875,110.375,110.3828125,215324
06/03/2020,110.39453125,110.39453125,110.296875,110.3046875,500825
06/04/2020,110.31640625,110.33984375,110.29296875,110.31640625,391937
06/05/2020,110.31640625,110.32421875,110.21484375,110.26171875,462851
06/08/2020,110.265625,110.28125,110.23828125,110.24609375,349776
06/09/2020,110.2421875,110.30859375,110.23828125,110.296875,302119
06/10/2020,110.296875,110.375,110.2890625,110.36328125,396946
06/11/2020,110.375,110.3828125,110.3046875,110.35546875,369793
06/12/2020,110.3203125,110.36328125,110.30078125,110.34375,274937
06/15/2020,110.33984375,110.375,110.33203125,110.34765625,246908
06/16/2020,110.3359375,110.3515625,110.30859375,110.31640625,303689
06/17/2020,110.3203125,110.3359375,110.30859375,110.32421875,245557
06/18/2020,110.32421875,110.33984375,110.31640625,110.328125,236339
06/19/2020,110.3203125,110.35546875,110.3125,110.34375,193344
06/22/2020,110.34375,110.359375,110.328125,110.3359375,164926
06/23/2020,110.328125,110.34765625,110.32421875,110.33984375,224545
06/24/2020,110.33203125,110.3515625,110.3203125,110.34375,208616
06/25/2020,110.3359375,110.36328125,110.3359375,110.35546875,216558
06/26/2020,110.34765625,110.3984375,110.34375,110.390625,203016
06/29/2020,110.39453125,110.42578125,110.38671875,110.40625,214871
06/30/2020,110.41796875,110.4296875,110.40625,110.4140625,302096
07/01/2020,110.4140625,110.41796875,110.37109375,110.37890625,256051
07/02/2020,110.38671875,110.41015625,110.359375,110.3984375,217330
07/06/2020,110.41015625,110.41015625,110.375,110.38671875,194230
07/07/2020,110.3828125,110.40234375,110.37890625,110.38671875,182126
07/08/2020,110.39453125,110.41015625,110.3828125,110.40625,251506
07/09/2020,110.390625,110.43359375,110.390625,110.4140625,235299
07/10/2020,110.41015625,110.453125,110.3984375,110.40625,248005
07/13/2020,110.40625,110.421875,110.37890625,110.39453125,184359
07/14/2020,110.3984375,110.41796875,110.390625,110.40625,203881
07/15/2020,110.38671875,110.4140625,110.3828125,110.40625,145515
07/16/2020,110.40234375,110.4296875,110.3984375,110.421875,157063
07/17/2020,110.41796875,110.43359375,110.41015625,110.421875,136755
07/20/2020,110.41796875,110.4296875,110.40625,110.41015625,130871
07/21/2020,110.41796875,110.43359375,110.40234375,110.4296875,137557
07/22/2020,110.4296875,110.4375,110.41015625,110.41796875,143608
07/23/2020,110.41015625,110.42578125,110.40625,110.4140625,119285
07/24/2020,110.40625,110.4296875,110.40625,110.41796875,140734
07/27/2020,110.41796875,110.43359375,110.40234375,110.40625,255097
07/28/2020,110.40234375,110.43359375,110.40234375,110.4296875,208350
07/29/2020,110.42578125,110.45703125,110.421875,110.453125,218418
07/30/2020,110.44921875,110.4765625,110.4453125,110.46484375,201806
07/31/2020,110.46484375,110.49609375,110.45703125,110.4921875,374492
08/03/2020,110.5,110.50390625,110.47265625,110.47265625,284572
08/04/2020,110.484375,110.4921875,110.47265625,110.48046875,203626
08/05/2020,110.4921875,110.4921875,110.4609375,110.46875,240369
08/06/2020,110.46484375,110.48828125,110.4609375,110.47265625,152558
08/07/2020,110.47265625,110.48046875,110.44140625,110.44921875,217235
08/10/2020,110.44921875,110.46875,110.43359375,110.44140625,139429
08/11/2020,110.4375,110.4453125,110.375,110.37890625,407922
08/12/2020,110.39453125,110.40625,110.3671875,110.37890625,261439
08/13/2020,110.37109375,110.39453125,110.3671875,110.37109375,225150
08/14/2020,110.37109375,110.40625,110.3671875,110.3984375,244936
08/17/2020,110.40234375,110.4140625,110.38671875,110.39453125,242896
08/18/2020,110.390625,110.4140625,110.38671875,110.41015625,184014
08/19/2020,110.4140625,110.421875,110.40234375,110.4140625,260730
08/20/2020,110.4140625,110.43359375,110.40625,110.4140625,304241
08/21/2020,110.41015625,110.4296875,110.40234375,110.41015625,296395
08/24/2020,110.41015625,110.41796875,110.38671875,110.39453125,567524
08/25/2020,110.39453125,110.3984375,110.36328125,110.3984375,1424312
08/26/2020,110.390625,110.3984375,110.3671875,110.390625,1297619
08/27/2020,110.390625,110.41796875,110.3671875,110.375,799166
08/28/2020,110.37109375,110.44140625,110.36328125,110.421875,427509
08/31/2020,110.4765625,110.484375,110.453125,110.47265625,412692
09/01/2020,110.47265625,110.48046875,110.453125,110.46875,354692
09/02/2020,110.46875,110.46875,110.4453125,110.45703125,258906
09/03/2020,110.46484375,110.4921875,110.44921875,110.48046875,258902
09/04/2020,110.46875,110.48046875,110.421875,110.42578125,265927
09/08/2020,110.4375,110.46484375,110.4375,110.44921875,307097
09/09/2020,110.44921875,110.4609375,110.4296875,110.44140625,225081
09/10/2020,110.4375,110.453125,110.42578125,110.44921875,206498
09/11/2020,110.44921875,110.48046875,110.4453125,110.48046875,182173
09/14/2020,110.4765625,110.4765625,110.453125,110.4609375,171829
09/15/2020,110.4609375,110.46484375,110.4453125,110.453125,173809
09/16/2020,110.44921875,110.4609375,110.4375,110.44921875,229541
09/17/2020,110.4453125,110.48046875,110.4453125,110.46484375,259667
09/18/2020,110.45703125,110.46875,110.44140625,110.453125,157772
09/21/2020,110.4453125,110.47265625,110.4453125,110.45703125,186106
09/22/2020,110.45703125,110.47265625,110.44921875,110.46875,218328
09/23/2020,110.4609375,110.4765625,110.44921875,110.45703125,236159
09/24/2020,110.45703125,110.46875,110.453125,110.46484375,176493
09/25/2020,110.46484375,110.48828125,110.4609375,110.47265625,138562
09/28/2020,110.47265625,110.48046875,110.4609375,110.47265625,189046
09/29/2020,110.484375,110.484375,110.46875,110.484375,208481
09/30/2020,110.48046875,110.4921875,110.46484375,110.48046875,415550
10/01/2020,110.47265625,110.4765625,110.44921875,110.46875,264573
10/02/2020,110.47265625,110.48828125,110.44921875,110.45703125,201293
10/05/2020,110.453125,110.46875,110.41796875,110.42578125,291503
10/06/2020,110.421875,110.44140625,110.41796875,110.4296875,287029
10/07/2020,110.42578125,110.4296875,110.3984375,110.40625,256489
10/08/2020,110.41015625,110.4296875,110.41015625,110.42578125,171180
10/09/2020,110.41796875,110.42578125,110.40234375,110.41015625,147276
10/12/2020,110.40625,110.4140625,110.40234375,110.41015625,49507
10/13/2020,110.4140625,110.44140625,110.41015625,110.44140625,168909
10/14/2020,110.4375,110.4453125,110.4296875,110.4375,161161
10/15/2020,110.4375,110.453125,110.43359375,110.4375,171979
10/16/2020,110.44140625,110.453125,110.421875,110.4296875,159409
10/19/2020,110.42578125,110.4296875,110.41015625,110.42578125,171997
10/20/2020,110.42578125,110.43359375,110.4140625,110.42578125,162066
10/21/2020,110.4296875,110.43359375,110.40625,110.421875,201112
10/22/2020,110.41796875,110.4296875,110.40234375,110.40625,213676
10/23/2020,110.40625,110.42578125,110.40234375,110.41015625,178572
10/26/2020,110.40625,110.4296875,110.40625,110.41796875,203406
10/27/2020,110.4140625,110.4296875,110.41015625,110.421875,151488
10/28/2020,110.421875,110.43359375,110.41796875,110.4296875,207517
10/29/2020,110.42578125,110.4375,110.4140625,110.421875,222443
10/30/2020,110.421875,110.4296875,110.4140625,110.421875,315116
11/02/2020,110.41796875,110.4296875,110.40625,110.40625,250094
11/03/2020,110.41015625,110.41015625,110.375,110.3828125,256312
11/04/2020,110.37890625,110.44140625,110.37109375,110.43359375,364110
11/05/2020,110.4296875,110.43359375,110.40234375,110.41796875,262845
11/06/2020,110.42578125,110.4296875,110.3984375,110.40625,230844
11/09/2020,110.40234375,110.41796875,110.3359375,110.35546875,442185
11/10/2020,110.37109375,110.375,110.34375,110.34765625,276614
11/11/2020,110.34765625,110.3515625,110.33203125,110.33984375,90559
11/12/2020,110.33984375,110.37109375,110.33984375,110.36328125,277954
11/13/2020,110.359375,110.3671875,110.34765625,110.359375,170308
11/16/2020,110.3515625,110.3671875,110.34765625,110.35546875,207357
11/17/2020,110.35546875,110.37109375,110.3515625,110.3671875,220655
11/18/2020,110.3671875,110.375,110.35546875,110.3671875,334778
11/19/2020,110.36328125,110.38671875,110.36328125,110.375,298749
11/20/2020,110.3828125,110.3984375,110.37890625,110.390625,431702
11/23/2020,110.39453125,110.3984375,110.3828125,110.38671875,1264185
11/24/2020,110.38671875,110.40234375,110.38671875,110.39453125,1189921
11/25/2020,110.39453125,110.4140625,110.390625,110.40234375,736747
11/27/2020,110.3984375,110.41796875,110.3984375,110.4140625,257266
11/30/2020,110.40625,110.43359375,110.3984375,110.42578125,464351
12/01/2020,110.421875,110.43359375,110.35546875,110.359375,461145
12/02/2020,110.375,110.390625,110.36328125,110.375,244286
12/03/2020,110.3828125,110.40625,110.375,110.39453125,289451
12/04/2020,110.40234375,110.41015625,110.3828125,110.40234375,216438
12/07/2020,110.40234375,110.42578125,110.3984375,110.421875,236774
12/08/2020,110.421875,110.4296875,110.40234375,110.40625,197493
12/09/2020,110.40625,110.41015625,110.38671875,110.40234375,182765
12/10/2020,110.40625,110.4375,110.40625,110.43359375,191755
12/11/2020,110.43359375,110.484375,110.4296875,110.4765625,255483
12/14/2020,110.46875,110.48046875,110.44921875,110.47265625,235960
12/15/2020,110.4765625,110.4765625,110.4609375,110.46484375,209743
12/16/2020,110.47265625,110.4765625,110.44921875,110.47265625,185210
12/17/2020,110.46875,110.48046875,110.44921875,110.4609375,200965
12/18/2020,110.4609375,110.4765625,110.4609375,110.46875,118395
12/21/2020,110.46875,110.5,110.46484375,110.46875,175868
12/22/2020,110.46875,110.484375,110.46875,110.48046875,87017
12/23/2020,110.484375,110.48828125,110.46484375,110.4765625,149901
12/24/2020,110.47265625,110.484375,110.47265625,110.48046875,55669
12/28/2020,110.484375,110.484375,110.4609375,110.4765625,140797
12/29/2020,110.48046875,110.484375,110.47265625,110.4765625,130913
12/30/2020,110.48046875,110.48046875,110.46484375,110.4765625,133066
12/31/2020,110.48046875,110.4921875,110.4765625,110.48828125,228863
01/04/2021,110.484375,110.49609375,110.47265625,110.4921875,248999
01/05/2021,110.4921875,110.5,110.47265625,110.4765625,275847
01/06/2021,110.47265625,110.48046875,110.4140625,110.42578125,565562
01/07/2021,110.4375,110.4453125,110.42578125,110.4453125,311484
01/08/2021,110.44140625,110.4609375,110.43359375,110.4453125,288668
01/11/2021,110.44921875,110.4609375,110.421875,110.43359375,370633
01/12/2021,110.421875,110.43359375,110.41015625,110.42578125,365139
01/13/2021,110.421875,110.4375,110.4140625,110.42578125,310625
01/14/2021,110.4296875,110.4453125,110.41796875,110.4296875,357323
01/15/2021,110.4375,110.45703125,110.4296875,110.44921875,204815
01/19/2021,110.453125,110.4609375,110.4375,110.4609375,270854
01/20/2021,110.4609375,110.46875,110.4453125,110.46484375,320466
01/21/2021,110.46875,110.4765625,110.45703125,110.4765625,240814
01/22/2021,110.46875,110.484375,110.46875,110.48046875,233265
01/25/2021,110.48046875,110.48828125,110.47265625,110.48046875,269849
01/26/2021,110.484375,110.484375,110.47265625,110.48046875,173232
01/27/2021,110.48046875,110.5,110.4765625,110.4921875,260970
01/28/2021,110.48828125,110.49609375,110.4765625,110.48046875,307353
01/29/2021,110.484375,110.50390625,110.4765625,110.48828125,399219
02/01/2021,110.50390625,110.5078125,110.4921875,110.5,262695
02/02/2021,110.49609375,110.50390625,110.484375,110.48828125,236573
02/03/2021,110.4921875,110.49609375,110.4765625,110.484375,239271
02/04/2021,110.484375,110.4921875,110.48046875,110.484375,264163
02/05/2021,110.48828125,110.5078125,110.484375,110.50390625,303281
02/08/2021,110.50390625,110.5078125,110.484375,110.4921875,300667
02/09/2021,110.4921875,110.49609375,110.4765625,110.484375,282210
02/10/2021,110.48046875,110.5,110.4765625,110.49609375,195602
02/11/2021,110.49609375,110.50390625,110.4921875,110.5,171435
02/12/2021,110.49609375,110.50390625,110.4921875,110.5,173127
02/16/2021,110.4921875,110.49609375,110.46875,110.4765625,678090
02/17/2021,110.47265625,110.5078125,110.46875,110.5,601309
02/18/2021,110.5078125,110.51171875,110.4921875,110.50390625,352065
02/19/2021,110.5078125,110.51171875,110.5,110.5078125,346733
02/22/2021,110.50390625,110.5078125,110.4921875,110.49609375,1166669
02/23/2021,110.4921875,110.5078125,110.48828125,110.4921875,1682493
02/24/2021,110.49609375,110.50390625,110.4609375,110.4765625,1542120
02/25/2021,110.47265625,110.4765625,110.3359375,110.3828125,537426
02/26/2021,110.33203125,110.44921875,110.32421875,110.3828125,754756
03/01/2021,110.4375,110.45703125,110.39453125,110.44140625,526964
03/02/2021,110.44140625,110.45703125,110.421875,110.44921875,358516
03/03/2021,110.4453125,110.453125,110.3984375,110.41015625,379511
03/04/2021,110.40625,110.42578125,110.38671875,110.40234375,366886
03/05/2021,110.3984375,110.43359375,110.3828125,110.41015625,406754
03/08/2021,110.40234375,110.40625,110.34375,110.3515625,404687
03/09/2021,110.34375,110.37109375,110.33203125,110.3515625,493345
03/10/2021,110.35546875,110.375,110.3359375,110.3671875,337542
03/11/2021,110.36328125,110.41015625,110.359375,110.40625,382614
03/12/2021,110.40234375,110.41015625,110.35546875,110.37890625,367262
03/15/2021,110.3828125,110.38671875,110.36328125,110.37109375,253795
03/16/2021,110.37109375,110.38671875,110.359375,110.37890625,277750
03/17/2021,110.37890625,110.43359375,110.359375,110.42578125,456606
03/18/2021,110.41015625,110.4296875,110.3359375,110.35546875,593461
03/19/2021,110.359375,110.41015625,110.33203125,110.375,546736
03/22/2021,110.37109375,110.40234375,110.3671875,110.3828125,278690
03/23/2021,110.37890625,110.40234375,110.375,110.3828125,296431
03/24/2021,110.38671875,110.40625,110.38671875,110.40234375,368409
03/25/2021,110.39453125,110.42578125,110.390625,110.421875,335068
03/26/2021,110.41015625,110.43359375,110.40234375,110.41015625,210412
03/29/2021,110.40625,110.421875,110.390625,110.39453125,272776
03/30/2021,110.3984375,110.40234375,110.36328125,110.38671875,273312
03/31/2021,110.390625,110.390625,110.359375,110.36328125,390878
04/01/2021,110.36328125,110.37890625,110.3515625,110.359375,295814
04/02/2021,110.3359375,110.359375,110.296875,110.3046875,161965
04/05/2021,110.30078125,110.34375,110.296875,110.328125,271567
04/06/2021,110.34375,110.36328125,110.33203125,110.359375,289147
04/07/2021,110.359375,110.390625,110.35546875,110.37890625,234026
04/08/2021,110.375,110.390625,110.375,110.3828125,188877
04/09/2021,110.37890625,110.3828125,110.35546875,110.37109375,233006
04/12/2021,110.375,110.37890625,110.33984375,110.34375,275065
04/13/2021,110.3515625,110.375,110.33203125,110.37109375,298197
04/14/2021,110.3671875,110.37109375,110.3515625,110.36328125,307796
04/15/2021,110.359375,110.3828125,110.359375,110.37890625,344915
04/16/2021,110.3671875,110.375,110.3515625,110.36328125,223983
04/19/2021,110.359375,110.375,110.35546875,110.37109375,209965
04/20/2021,110.3671875,110.39453125,110.36328125,110.390625,199434
04/21/2021,110.390625,110.40234375,110.38671875,110.3984375,209414
04/22/2021,110.3984375,110.40625,110.3828125,110.3984375,200882
04/23/2021,110.3984375,110.40625,110.37890625,110.38671875,172316
04/26/2021,110.37890625,110.38671875,110.359375,110.36328125,264605
04/27/2021,110.36328125,110.3671875,110.34375,110.3515625,280385
04/28/2021,110.3515625,110.37890625,110.34375,110.37890625,304375
04/29/2021,110.37890625,110.37890625,110.35546875,110.37890625,253167
04/30/2021,110.37890625,110.38671875,110.3671875,110.37890625,292739
05/03/2021,110.3828125,110.390625,110.37109375,110.38671875,303181
05/04/2021,110.37890625,110.39453125,110.37109375,110.3828125,297574
05/05/2021,110.38671875,110.40234375,110.375,110.39453125,184775
05/06/2021,110.40234375,110.40625,110.38671875,110.3984375,336274
05/07/2021,110.39453125,110.4453125,110.38671875,110.421875,546884
05/10/2021,110.41796875,110.4296875,110.40234375,110.40625,234920
05/11/2021,110.40234375,110.41015625,110.38671875,110.390625,267149
05/12/2021,110.390625,110.40234375,110.359375,110.375,308419
05/13/2021,110.37890625,110.40234375,110.375,110.390625,332692
05/14/2021,110.39453125,110.41015625,110.390625,110.40625,218179
05/17/2021,110.41015625,110.421875,110.39453125,110.3984375,173014
05/18/2021,110.3984375,110.41015625,110.39453125,110.41015625,159993
05/19/2021,110.41015625,110.42578125,110.38671875,110.390625,419207
05/20/2021,110.390625,110.41796875,110.390625,110.41015625,320420
05/21/2021,110.4140625,110.41796875,110.3984375,110.40234375,318391
05/24/2021,110.40234375,110.421875,110.3984375,110.4140625,1325986
05/25/2021,110.41796875,110.43359375,110.41015625,110.4296875,1494723
05/26/2021,110.43359375,110.44140625,110.421875,110.43359375,1216690
05/27/2021,110.421875,110.43359375,110.4140625,110.4296875,376296
05/28/2021,110.359375,110.37890625,110.34375,110.3671875,434981
06/01/2021,110.36328125,110.3671875,110.3515625,110.35546875,350717
06/02/2021,110.359375,110.3671875,110.3515625,110.35546875,170336
06/03/2021,110.35546875,110.359375,110.32421875,110.32421875,273587
06/04/2021,110.32421875,110.36328125,110.3203125,110.34375,341612
06/07/2021,110.34765625,110.3515625,110.328125,110.33203125,170599
06/08/2021,110.328125,110.34765625,110.328125,110.34375,296922
06/09/2021,110.33984375,110.36328125,110.3359375,110.34375,241240
06/10/2021,110.33984375,110.359375,110.3203125,110.34765625,301811
06/11/2021,110.35546875,110.36328125,110.33984375,110.34765625,115479
06/14/2021,110.3515625,110.35546875,110.3203125,110.32421875,217621
06/15/2021,110.328125,110.3359375,110.3125,110.3125,205495
06/16/2021,110.31640625,110.328125,110.2109375,110.2265625,528684
06/17/2021,110.22265625,110.23828125,110.19921875,110.20703125,474288
06/18/2021,110.20703125,110.2265625,110.05078125,110.109375,728702
06/21/2021,110.12109375,110.1328125,110.06640625,110.1171875,470295
06/22/2021,110.11328125,110.17578125,110.109375,110.16015625,436270
06/23/2021,110.16796875,110.18359375,110.12109375,110.13671875,268450
06/24/2021,110.1328125,110.15234375,110.109375,110.1171875,292165
06/25/2021,110.1171875,110.13671875,110.10546875,110.11328125,260880
06/28/2021,110.1171875,110.1484375,110.1171875,110.14453125,233644
06/29/2021,110.14453125,110.15625,110.1328125,110.1484375,243999
06/30/2021,110.15234375,110.171875,110.1484375,110.16015625,363544
07/01/2021,110.15625,110.16015625,110.140625,110.1484375,240059
07/02/2021,110.1484375,110.19140625,110.11328125,110.18359375,295750
07/06/2021,110.19140625,110.234375,110.17578125,110.2265625,371974
07/07/2021,110.23046875,110.24609375,110.20703125,110.2421875,344556
07/08/2021,110.23828125,110.296875,110.234375,110.28515625,429981
07/09/2021,110.27734375,110.28125,110.23828125,110.2421875,266285
07/12/2021,110.2421875,110.265625,110.1953125,110.20703125,306462
07/13/2021,110.21875,110.22265625,110.1328125,110.15625,387457
07/14/2021,110.1640625,110.23046875,110.15234375,110.21484375,254584
07/15/2021,110.21875,110.23828125,110.20703125,110.21875,295376
07/16/2021,110.21875,110.234375,110.1796875,110.22265625,173897
07/19/2021,110.22265625,110.30078125,110.22265625,110.25390625,420320
07/20/2021,110.24609375,110.3046875,110.23828125,110.296875,411259
07/21/2021,110.28125,110.29296875,110.25390625,110.26171875,327643
07/22/2021,110.2578125,110.28125,110.23046875,110.27734375,259588
07/23/2021,110.2734375,110.29296875,110.265625,110.27734375,140791
07/26/2021,110.28125,110.30078125,110.26953125,110.28515625,201125
07/27/2021,110.28125,110.30859375,110.28125,110.30078125,221734
07/28/2021,110.29296875,110.3125,110.26171875,110.28515625,356340
07/29/2021,110.30078125,110.3125,110.2734375,110.30078125,251635
07/30/2021,110.29296875,110.33984375,110.29296875,110.328125,329870
08/02/2021,110.3359375,110.3671875,110.3359375,110.35546875,249625
08/03/2021,110.35546875,110.375,110.33984375,110.35546875,216411
08/04/2021,110.36328125,110.38671875,110.3125,110.33984375,317686
08/05/2021,110.3359375,110.33984375,110.28125,110.30078125,246461
08/06/2021,110.296875,110.296875,110.2421875,110.28125,293275
08/09/2021,110.2734375,110.30078125,110.24609375,110.25390625,238776
08/10/2021,110.25,110.2578125,110.21484375,110.22265625,264099
08/11/2021,110.21484375,110.265625,110.1953125,110.25,328313
08/12/2021,110.25390625,110.26171875,110.23046875,110.234375,171284
08/13/2021,110.2421875,110.26953125,110.23046875,110.2578125,178200
08/16/2021,110.265625,110.29296875,110.26171875,110.28125,234234
08/17/2021,110.265625,110.2890625,110.25390625,110.26171875,182926
08/18/2021,110.2578125,110.2734375,110.234375,110.2578125,256629
08/19/2021,110.26171875,110.29296875,110.25390625,110.2578125,231404
08/20/2021,110.26171875,110.2734375,110.25,110.25390625,199535
08/23/2021,110.25390625,110.26171875,110.234375,110.2578125,358769
08/24/2021,110.25390625,110.2578125,110.234375,110.25,613113
08/25/2021,110.25,110.26171875,110.234375,110.25390625,1336117
08/26/2021,110.25390625,110.27734375,110.23828125,110.25390625,1397060
08/27/2021,110.24609375,110.30859375,110.2421875,110.30078125,631552
08/30/2021,110.296875,110.33203125,110.29296875,110.32421875,182534
08/31/2021,110.16796875,110.1796875,110.15625,110.1640625,450683
09/01/2021,110.16015625,110.17578125,110.14453125,110.15625,231460
09/02/2021,110.16015625,110.171875,110.15234375,110.15625,152934
09/03/2021,110.1640625,110.1953125,110.15625,110.171875,183174
09/07/2021,110.171875,110.18359375,110.140625,110.140625,260871
09/08/2021,110.14453125,110.15625,110.140625,110.1484375,159722
09/09/2021,110.1484375,110.16015625,110.13671875,110.15234375,242738
09/10/2021,110.15234375,110.16015625,110.140625,110.1484375,155432
09/13/2021,110.15625,110.16796875,110.13671875,110.16015625,183800
09/14/2021,110.15625,110.18359375,110.140625,110.171875,265866
09/15/2021,110.1640625,110.171875,110.1484375,110.16015625,262022
09/16/2021,110.1640625,110.1640625,110.12890625,110.14453125,195132
09/17/2021,110.140625,110.14453125,110.1171875,110.125,204396
09/20/2021,110.125,110.15625,110.125,110.15234375,148584
09/21/2021,110.14453125,110.171875,110.13671875,110.16015625,238161
09/22/2021,110.15234375,110.16015625,110.0859375,110.1015625,449777
09/23/2021,110.09765625,110.1015625,110.04296875,110.0546875,419956
09/24/2021,110.04296875,110.0703125,110.01171875,110.01953125,327316
09/27/2021,110.0234375,110.03125,109.98046875,109.99609375,388101
09/28/2021,109.9921875,110,109.9609375,109.9921875,487913
09/29/2021,109.9921875,110.0234375,109.984375,110.0078125,318153
09/30/2021,110.0234375,110.0546875,110,110.02734375,398205
10/01/2021,110.0546875,110.0859375,110.04296875,110.0859375,404683
10/04/2021,110.078125,110.09375,110.0390625,110.05859375,269316
10/05/2021,110.05078125,110.05859375,110.03125,110.0390625,195842
10/06/2021,110.0390625,110.04296875,110,110.015625,355024
10/07/2021,110.015625,110.01953125,109.984375,109.9921875,162774
10/08/2021,109.984375,110.015625,109.953125,109.9609375,453849
10/11/2021,109.9609375,109.9609375,109.8828125,109.890625,135614
10/12/2021,109.88671875,109.921875,109.87109375,109.890625,584586
10/13/2021,109.89453125,109.90625,109.76171875,109.828125,580358
10/14/2021,109.8515625,109.88671875,109.703125,109.86328125,793956
10/15/2021,109.83984375,109.859375,109.7578125,109.76171875,491197
10/18/2021,109.76171875,109.765625,109.64453125,109.70703125,571943
10/19/2021,109.69140625,109.7734375,109.69140625,109.7578125,460946
10/20/2021,109.7421875,109.796875,109.703125,109.77734375,455789
10/21/2021,109.75,109.75,109.61328125,109.66015625,531579
10/22/2021,109.6171875,109.66015625,109.55859375,109.625,580475
10/25/2021,109.640625,109.71484375,109.62890625,109.69140625,360258
10/26/2021,109.6875,109.69921875,109.65234375,109.6796875,364669
10/27/2021,109.68359375,109.6953125,109.56640625,109.64453125,636240
10/28/2021,109.6171875,109.6875,109.48828125,109.62109375,806843
10/29/2021,109.6484375,109.70703125,109.51171875,109.625,628789
11/01/2021,109.61328125,109.6328125,109.55078125,109.59375,379324
11/02/2021,109.625,109.74609375,109.6015625,109.72265625,480478
11/03/2021,109.72265625,109.7421875,109.59765625,109.671875,506040
11/04/2021,109.68359375,109.8515625,109.66796875,109.80078125,542163
11/05/2021,109.77734375,109.86328125,109.72265625,109.84375,399102
11/08/2021,109.82421875,109.828125,109.734375,109.74609375,360756
11/09/2021,109.75,109.83203125,109.74609375,109.828125,325967
11/10/2021,109.79296875,109.80078125,109.5859375,109.625,610932
11/11/2021,109.609375,109.61328125,109.53125,109.53515625,116613
11/12/2021,109.54296875,109.63671875,109.5390625,109.59375,294663
11/15/2021,109.59765625,109.63671875,109.5546875,109.5859375,307743
11/16/2021,109.58984375,109.625,109.546875,109.58203125,256269
11/17/2021,109.58203125,109.6484375,109.56640625,109.6328125,297394
11/18/2021,109.6328125,109.66796875,109.625,109.64453125,355665
11/19/2021,109.6484375,109.7734375,109.62890625,109.6640625,698203
11/22/2021,109.64453125,109.6484375,109.49609375,109.51953125,1093075
11/23/2021,109.51171875,109.57421875,109.484375,109.55859375,1662753
11/24/2021,109.54296875,109.60546875,109.4609375,109.48046875,999073
11/26/2021,109.4765625,109.78515625,109.453125,109.69921875,505993
11/29/2021,109.68359375,109.765625,109.625,109.72265625,255512
11/30/2021,109.45703125,109.5625,109.26953125,109.3671875,798809
12/01/2021,109.28125,109.3203125,109.171875,109.28515625,462516
12/02/2021,109.3046875,109.30859375,109.13671875,109.171875,377309
12/03/2021,109.16796875,109.2578125,109.09375,109.2421875,506074
12/06/2021,109.23828125,109.23828125,109.14453125,109.15234375,345364
12/07/2021,109.15234375,109.17578125,109.02734375,109.04296875,355363
12/08/2021,109.03515625,109.09375,108.98046875,109.06640625,345161
12/09/2021,109.046875,109.08203125,109.015625,109.0390625,338083
12/10/2021,109.0234375,109.15625,108.94921875,109.1015625,389848
12/13/2021,109.10546875,109.17578125,109.06640625,109.1484375,299611
12/14/2021,109.16015625,109.1640625,109.09375,109.11328125,338890
12/15/2021,109.109375,109.1328125,108.9765625,109.05859375,489774
12/16/2021,109.08984375,109.20703125,109.0546875,109.203125,470753
12/17/2021,109.203125,109.25,109.12109375,109.16015625,276424
12/20/2021,109.16015625,109.27734375,109.15625,109.1953125,336591
12/21/2021,109.1875,109.21484375,109.09765625,109.10546875,233741
12/22/2021,109.125,109.15234375,109.0859375,109.125,183894
12/23/2021,109.1171875,109.1328125,109.06640625,109.078125,105066
12/27/2021,109.078125,109.08203125,109.01953125,109.03515625,175410
12/28/2021,109.046875,109.0703125,109.03125,109.05078125,124420
12/29/2021,109.046875,109.078125,109.0234375,109.046875,186878
12/30/2021,109.046875,109.08984375,109.0390625,109.0625,193264
12/31/2021,109.08203125,109.109375,109.0546875,109.0859375,163996
01/03/2022,109.0625,109.06640625,108.9453125,108.9765625,389615
01/04/2022,109.0078125,109.05078125,108.95703125,109.01953125,383260
01/05/2022,109.03125,109.046875,108.875,108.88671875,433197
01/06/2022,108.8828125,108.90625,108.76953125,108.7734375,544416
01/07/2022,108.8046875,108.828125,108.72265625,108.8046875,472008
01/10/2022,108.8125,108.8203125,108.7265625,108.734375,430116
01/11/2022,108.74609375,108.7890625,108.65234375,108.75,599540
01/12/2022,108.78125,108.7890625,108.6953125,108.7421875,286514
01/13/2022,108.70703125,108.77734375,108.69140625,108.76171875,274879
01/14/2022,108.765625,108.765625,108.6171875,108.625,382883
01/18/2022,108.625,108.625,108.44140625,108.484375,609371
01/19/2022,108.4765625,108.56640625,108.41796875,108.52734375,454245
01/20/2022,108.44921875,108.5390625,108.4375,108.4765625,364586
01/21/2022,108.51953125,108.6171875,108.515625,108.60546875,447140
01/24/2022,108.58203125,108.73046875,108.515625,108.6953125,717444
01/25/2022,108.65625,108.69921875,108.59375,108.61328125,435700
01/26/2022,108.62109375,108.64453125,108.32421875,108.484375,646560
01/27/2022,108.3515625,108.35546875,108.23828125,108.27734375,780767
01/28/2022,108.2734375,108.34375,108.19921875,108.31640625,503729
01/31/2022,108.296875,108.34375,108.22265625,108.328125,646047
02/01/2022,108.30078125,108.39453125,108.23828125,108.328125,558923
02/02/2022,108.32421875,108.39453125,108.30078125,108.3515625,345824
02/03/2022,108.35546875,108.40234375,108.23828125,108.2890625,468057
02/04/2022,108.265625,108.27734375,108.0234375,108.03515625,654332
02/07/2022,108.04296875,108.109375,108.00390625,108.08984375,418729
02/08/2022,108.09765625,108.10546875,107.99609375,108.01171875,444930
02/09/2022,108,108.06640625,107.9609375,108.0078125,443145
02/10/2022,107.97265625,108.03125,107.4296875,107.58984375,1018047
02/11/2022,107.55859375,107.796875,107.390625,107.6875,906511
02/14/2022,107.71875,107.74609375,107.47265625,107.53125,824890
02/15/2022,107.546875,107.59765625,107.4921875,107.5703125,702817
02/16/2022,107.546875,107.71875,107.515625,107.65625,644763
02/17/2022,107.65625,107.78125,107.6484375,107.7421875,579408
02/18/2022,107.7578125,107.8359375,107.69921875,107.78125,500457
02/22/2022,107.80078125,107.875,107.60546875,107.62109375,1713437
02/23/2022,107.625,107.66015625,107.53125,107.59375,2069154
02/24/2022,107.58984375,107.875,107.58984375,107.71484375,1261400
02/25/2022,107.66796875,107.69921875,107.55078125,107.640625,443946
02/28/2022,107.4375,107.64453125,107.41796875,107.61328125,954916
03/01/2022,107.6015625,107.984375,107.5078125,107.88671875,1104191
03/02/2022,107.78125,107.95703125,107.41796875,107.44921875,988381
03/03/2022,107.47265625,107.578125,107.35546875,107.4140625,625302
03/04/2022,107.41796875,107.6875,107.3671875,107.52734375,485038
03/07/2022,107.5546875,107.6875,107.3828125,107.41796875,463919
03/08/2022,107.39453125,107.4140625,107.21484375,107.2421875,512802
03/09/2022,107.296875,107.33203125,107.12890625,107.13671875,527546
03/10/2022,107.14453125,107.1953125,107,107.04296875,569586
03/11/2022,107.08984375,107.15234375,106.953125,106.98046875,345371
03/14/2022,106.9921875,107,106.7265625,106.765625,430758
03/15/2022,106.74609375,106.89453125,106.67578125,106.75390625,534241
03/16/2022,106.7421875,106.79296875,106.4453125,106.50390625,794111
03/17/2022,106.5625,106.66796875,106.51171875,106.55078125,538882
03/18/2022,106.59765625,106.65625,106.5,106.515625,473147
03/21/2022,106.53515625,106.53515625,106.15234375,106.15625,534527
03/22/2022,106.18359375,106.1953125,106.03125,106.12890625,530438
03/23/2022,106.09375,106.2421875,106.0390625,106.20703125,513882
03/24/2022,106.22265625,106.23046875,106.078125,106.16015625,529264
03/25/2022,106.10546875,106.16015625,105.78125,105.85546875,517956
03/28/2022,105.8828125,105.9140625,105.625,105.765625,608306
03/29/2022,105.77734375,105.87109375,105.61328125,105.83203125,762927
03/30/2022,105.7890625,105.9375,105.765625,105.87890625,459784
03/31/2022,105.91796875,106.0078125,105.8515625,105.9609375,593086
04/01/2022,105.859375,105.87109375,105.59765625,105.68359375,540540
04/04/2022,105.61328125,105.7421875,105.546875,105.69140625,548176
04/05/2022,105.69140625,105.75,105.4765625,105.53125,542692
04/06/2022,105.5,105.66796875,105.34375,105.55078125,790765
04/07/2022,105.609375,105.74609375,105.59765625,105.640625,797534
04/08/2022,105.6328125,105.671875,105.4765625,105.51953125,421035
04/11/2022,105.5078125,105.61328125,105.375,105.57421875,621824
04/12/2022,105.578125,105.87109375,105.484375,105.8359375,837920
04/13/2022,105.7890625,106.078125,105.73046875,105.94140625,897067
04/14/2022,105.91015625,106.0390625,105.66796875,105.73828125,558563
04/18/2022,105.7109375,105.7734375,105.6015625,105.72265625,294836
04/19/2022,105.734375,105.7890625,105.4453125,105.515625,599240
04/20/2022,105.47265625,105.5859375,105.41015625,105.515625,562389
04/21/2022,105.5234375,105.53515625,105.21875,105.30078125,716123
04/22/2022,105.3125,105.375,105.13671875,105.28515625,637735
04/25/2022,105.35546875,105.6875,105.29296875,105.4609375,678706
04/26/2022,105.453125,105.7421875,105.38671875,105.625,707339
04/27/2022,105.74609375,105.765625,105.5625,105.625,639065
04/28/2022,105.6015625,105.67578125,105.43359375,105.50390625,617917
04/29/2022,105.55859375,105.5859375,105.2890625,105.40625,640602
05/02/2022,105.359375,105.4375,105.30859375,105.36328125,380519
05/03/2022,105.33984375,105.4296875,105.2578125,105.2890625,570477
05/04/2022,105.265625,105.6171875,105.1171875,105.5859375,857663
05/05/2022,105.53125,105.5859375,105.3359375,105.37109375,599124
05/06/2022,105.37890625,105.5546875,105.3125,105.44921875,576662
05/09/2022,105.37890625,105.69921875,105.31640625,105.6171875,688927
05/10/2022,105.6484375,105.74609375,105.578125,105.62109375,637823
05/11/2022,105.6171875,105.71484375,105.38671875,105.59375,753634
05/12/2022,105.57421875,105.83203125,105.5234375,105.8125,637990
05/13/2022,105.73828125,105.75,105.61328125,105.68359375,341134
05/16/2022,105.6953125,105.7890625,105.6484375,105.7421875,338442
05/17/2022,105.73046875,105.77734375,105.484375,105.51953125,569147
05/18/2022,105.50390625,105.62109375,105.45703125,105.5859375,616747
05/19/2022,105.58984375,105.76953125,105.5625,105.69921875,640625
05/20/2022,105.7109375,105.8203125,105.640625,105.765625,430479
05/23/2022,105.74609375,105.76171875,105.6484375,105.703125,850380
05/24/2022,105.7109375,106.0234375,105.6953125,105.96875,2046451
05/25/2022,105.96484375,106.05859375,105.94140625,106.01953125,1794850
05/26/2022,106.01953125,106.16015625,105.97265625,106.05859375,870373
05/27/2022,106.0703125,106.16796875,106.05078125,106.08203125,332756
05/31/2022,105.65625,105.6640625,105.4453125,105.55078125,862126
06/01/2022,105.5234375,105.53125,105.2890625,105.3125,572650
06/02/2022,105.359375,105.39453125,105.30078125,105.3671875,520609
06/03/2022,105.37109375,105.42578125,105.28125,105.328125,338445
06/06/2022,105.328125,105.359375,105.18359375,105.19140625,428757
06/07/2022,105.1953125,105.26953125,105.13671875,105.1875,521369
06/08/2022,105.1953125,105.203125,105.08203125,105.109375,386301
06/09/2022,105.08984375,105.1171875,104.953125,105,454207
06/10/2022,105.00390625,105.015625,104.47265625,104.52734375,744591
06/13/2022,104.4765625,104.48046875,103.765625,104.0390625,1015769
06/14/2022,103.87109375,104.1875,103.7734375,103.83984375,944308
06/15/2022,103.8125,104.3515625,103.8046875,104.171875,1046802
06/16/2022,104.30078125,104.4609375,103.91015625,104.3046875,846143
06/17/2022,104.4140625,104.48046875,104.1953125,104.328125,565032
06/21/2022,104.265625,104.33984375,104.1484375,104.3203125,427549
06/22/2022,104.31640625,104.68359375,104.30078125,104.6484375,547395
06/23/2022,104.640625,105.0625,104.58203125,104.75390625,994350
06/24/2022,104.7578125,104.91796875,104.65234375,104.72265625,475555
06/27/2022,104.72265625,104.75,104.55859375,104.62890625,449729
06/28/2022,104.6171875,104.6640625,104.51953125,104.59765625,323752
06/29/2022,104.6171875,104.7578125,104.5625,104.7265625,365802
06/30/2022,104.75,105.01953125,104.7265625,105.0078125,551733
07/01/2022,104.9375,105.44140625,104.890625,105.1875,608904
07/05/2022,105.23046875,105.35546875,104.96484375,105.265625,554153
07/06/2022,105.26171875,105.3984375,104.90625,105,563049
07/07/2022,104.90625,105.00390625,104.8046875,104.84375,431091
07/08/2022,104.8828125,104.94921875,104.63671875,104.671875,386370
07/11/2022,104.66015625,104.90625,104.6484375,104.80078125,279143
07/12/2022,104.7890625,104.9921875,104.7890625,104.86328125,479701
07/13/2022,104.84375,104.8984375,104.5234375,104.703125,828221
07/14/2022,104.6796875,104.75,104.45703125,104.68359375,702975
07/15/2022,104.69140625,104.8828125,104.625,104.7109375,429271
07/18/2022,104.72265625,104.78515625,104.6171875,104.6875,310364
07/19/2022,104.6484375,104.73046875,104.5078125,104.53515625,401364
07/20/2022,104.5078125,104.6796875,104.5,104.51171875,368862
07/21/2022,104.54296875,104.859375,104.484375,104.828125,482074
07/22/2022,104.84375,105.23828125,104.74609375,105.0546875,536904
07/25/2022,105.09375,105.09375,104.96484375,104.98046875,401179
07/26/2022,105.01953125,105.1015625,104.9296875,104.9765625,342578
07/27/2022,104.9453125,105.12890625,104.8671875,105.1015625,556033
07/28/2022,105.04296875,105.41015625,104.99609375,105.28125,635456
07/29/2022,105.296875,105.375,105.11328125,105.23046875,552515
08/01/2022,105.2421875,105.27734375,105.16015625,105.203125,440353
08/02/2022,105.27734375,105.38671875,104.8828125,104.89453125,690689
08/03/2022,104.94140625,105.0234375,104.6484375,104.8359375,618170
08/04/2022,104.91796875,105.02734375,104.8125,104.984375,417029
08/05/2022,104.96484375,104.9921875,104.546875,104.57421875,541319
08/08/2022,104.546875,104.69140625,104.54296875,104.65625,375562
08/09/2022,104.66796875,104.7109375,104.53125,104.546875,441948
08/10/2022,104.56640625,104.95703125,104.52734375,104.6953125,834612
08/11/2022,104.6953125,104.87109375,104.6328125,104.6640625,565162
08/12/2022,104.6640625,104.77734375,104.60546875,104.62109375,366744
08/15/2022,104.62890625,104.765625,104.578125,104.71484375,350168
08/16/2022,104.76171875,104.7890625,104.58984375,104.62109375,391345
08/17/2022,104.59765625,104.6171875,104.38671875,104.53125,655124
08/18/2022,104.53515625,104.68359375,104.4609375,104.62890625,562246
08/19/2022,104.6875,104.69921875,104.55078125,104.59765625,461299
08/22/2022,104.65234375,104.65234375,104.45703125,104.47265625,571976
08/23/2022,104.52734375,104.6953125,104.4609375,104.5703125,921366
08/24/2022,104.5625,104.6640625,104.421875,104.45703125,1299622
08/25/2022,104.4609375,104.5390625,104.421875,104.4453125,1822839
08/26/2022,104.453125,104.48828125,104.2890625,104.390625,986757
08/29/2022,104.35546875,104.38671875,104.21484375,104.3203125,521674
08/30/2022,104.35546875,104.38671875,104.171875,104.234375,211294
08/31/2022,104.18359375,104.203125,104.0625,104.1640625,542764
09/01/2022,104.08203125,104.12890625,103.953125,104.01953125,523286
09/02/2022,104.046875,104.30859375,104.03125,104.27734375,465814
09/06/2022,104.28515625,104.35546875,104.01953125,104.0390625,498385
09/07/2022,104.0234375,104.1796875,104.0078125,104.15234375,415528
09/08/2022,104.16796875,104.2421875,104.015625,104.05859375,453655
09/09/2022,104.02734375,104.140625,103.91015625,103.9140625,335162
09/12/2022,103.9140625,104.03515625,103.89453125,103.9375,334389
09/13/2022,103.9296875,104.07421875,103.50390625,103.58203125,782797
09/14/2022,103.58984375,103.62890625,103.40234375,103.52734375,540645
09/15/2022,103.49609375,103.52734375,103.29296875,103.33203125,457822
09/16/2022,103.328125,103.41015625,103.25,103.390625,444728
09/19/2022,103.359375,103.3671875,103.171875,103.22265625,400878
09/20/2022,103.2421875,103.2578125,103.14453125,103.1796875,535224
09/21/2022,103.171875,103.27734375,102.8515625,103.1171875,795316
09/22/2022,102.96484375,102.98828125,102.75390625,102.7890625,700390
09/23/2022,102.78515625,102.84375,102.53125,102.62109375,582439
09/26/2022,102.63671875,102.65234375,102.3515625,102.45703125,834617
09/27/2022,102.38671875,102.6796875,102.37890625,102.47265625,837888
09/28/2022,102.515625,102.9375,102.45703125,102.90625,962214
09/29/2022,102.83203125,102.83203125,102.62109375,102.76953125,582962
09/30/2022,102.703125,102.83984375,102.546875,102.6953125,515472
10/03/2022,102.55859375,103.046875,102.5546875,102.90234375,510624
10/04/2022,102.88671875,103.140625,102.875,102.92578125,571906
10/05/2022,102.91015625,102.98046875,102.71875,102.8203125,398238
10/06/2022,102.82421875,102.85546875,102.6015625,102.625,425133
10/07/2022,102.60546875,102.625,102.4375,102.515625,423163
10/10/2022,102.5,102.578125,102.42578125,102.47265625,131024
10/11/2022,102.49609375,102.6015625,102.4296875,102.50390625,505810
10/12/2022,102.51953125,102.6171875,102.48828125,102.56640625,462991
10/13/2022,102.5546875,102.62890625,102.078125,102.23828125,792423
10/14/2022,102.20703125,102.36328125,102.12890625,102.15234375,523958
10/17/2022,102.15234375,102.37109375,102.12890625,102.2734375,357395
10/18/2022,102.28125,102.37890625,102.23828125,102.296875,430818
10/19/2022,102.3046875,102.3203125,102.0390625,102.05859375,369743
10/20/2022,102.046875,102.06640625,101.90234375,101.92578125,464445
10/21/2022,101.921875,102.2734375,101.88671875,102.19921875,717675
10/24/2022,102.2265625,102.37890625,102.14453125,102.203125,518688
10/25/2022,102.1875,102.421875,102.16796875,102.28125,592175
10/26/2022,102.28125,102.46875,102.2578125,102.38671875,656966
10/27/2022,102.39453125,102.64453125,102.296875,102.55078125,578696
10/28/2022,102.640625,102.6640625,102.31640625,102.33984375,536290
10/31/2022,102.3125,102.328125,102.15234375,102.19140625,463686
11/01/2022,102.21875,102.37109375,102.05859375,102.09765625,604417
11/02/2022,102.07421875,102.2890625,101.90234375,102.0390625,703306
11/03/2022,101.92578125,101.93359375,101.69140625,101.7734375,626161
11/04/2022,101.75390625,101.88671875,101.57421875,101.8671875,611576
11/07/2022,101.8515625,101.875,101.703125,101.7109375,420164
11/08/2022,101.7109375,101.86328125,101.6796875,101.83984375,457001
11/09/2022,101.86328125,102.01171875,101.796875,101.921875,486748
11/10/2022,101.9921875,102.5390625,101.90625,102.484375,875392
11/11/2022,102.4609375,102.49609375,102.34765625,102.4296875,214332
11/14/2022,102.39453125,102.3984375,102.28125,102.34765625,446741
11/15/2022,102.36328125,102.49609375,102.33203125,102.42578125,606152
11/16/2022,102.453125,102.51171875,102.34765625,102.43359375,579552
11/17/2022,102.4375,102.4609375,102.2109375,102.26953125,555196
11/18/2022,102.2578125,102.2890625,102.10546875,102.16015625,482594
11/21/2022,102.125,102.19140625,102.06640625,102.1015625,903486
11/22/2022,102.078125,102.16796875,102.0625,102.09375,1733083
11/23/2022,102.09375,102.1875,101.99609375,102.16015625,1385529
11/25/2022,102.16015625,102.30078125,102.09765625,102.17578125,387938
11/28/2022,102.1796875,102.28125,102.16796875,102.1796875,638736
11/29/2022,102.21875,102.32421875,102.16015625,102.1875,215198
11/30/2022,102.46484375,102.81640625,102.328125,102.6796875,805985
12/01/2022,102.8125,102.99609375,102.703125,102.9375,662938
12/02/2022,102.98828125,103.1015625,102.6484375,102.8828125,711479
12/05/2022,102.86328125,102.8671875,102.61328125,102.65234375,488582
12/06/2022,102.66796875,102.76171875,102.609375,102.72265625,297292
12/07/2022,102.6953125,102.9765625,102.67578125,102.94140625,331965
12/08/2022,102.9140625,102.91796875,102.7890625,102.80859375,402724
12/09/2022,102.81640625,102.9296875,102.73046875,102.78125,317208
12/12/2022,102.71875,102.8046875,102.625,102.65234375,334245
12/13/2022,102.6953125,103.19921875,102.67578125,103.0234375,678181
12/14/2022,103.01953125,103.171875,102.859375,102.984375,574325
12/15/2022,103.0625,103.07421875,102.90625,102.96484375,423238
12/16/2022,102.98046875,103.1328125,102.86328125,103.0859375,342464
12/19/2022,103.078125,103.09375,102.91796875,102.9375,276227
12/20/2022,102.9375,102.96484375,102.82421875,102.9140625,375112
12/21/2022,102.93359375,103.0546875,102.890625,103.01171875,303749
12/22/2022,103.01171875,103.0546875,102.88671875,102.9140625,218866
12/23/2022,102.89453125,102.921875,102.79296875,102.8203125,185548
12/27/2022,102.828125,102.83203125,102.578125,102.625,338283
12/28/2022,102.671875,102.7109375,102.62109375,102.640625,254902
12/29/2022,102.64453125,102.6875,102.58984375,102.6171875,210514
12/30/2022,102.62109375,102.62109375,102.46484375,102.5390625,315579
01/03/2023,102.60546875,102.68359375,102.52734375,102.5546875,388344
01/04/2023,102.59765625,102.74609375,102.58984375,102.6015625,563939
01/05/2023,102.66015625,102.66015625,102.3828125,102.47265625,497360
01/06/2023,102.4609375,102.87109375,102.34375,102.83984375,734056
01/09/2023,102.83984375,102.98828125,102.7734375,102.96484375,603248
01/10/2023,102.93359375,102.95703125,102.8046875,102.8515625,500241
01/11/2023,102.859375,102.9453125,102.8203125,102.90625,429301
01/12/2023,102.91796875,103.1328125,102.65625,103.06640625,855410
01/13/2023,103.05078125,103.12890625,102.87890625,102.8828125,395214
01/17/2023,102.88671875,103.0078125,102.83203125,102.96875,487599
01/18/2023,102.9453125,103.19921875,102.92578125,103.19140625,665289
01/19/2023,103.171875,103.26171875,103.06640625,103.1171875,511047
01/20/2023,103.1015625,103.109375,102.95703125,102.99609375,360548
01/23/2023,103.015625,103.04296875,102.875,102.87890625,294908
01/24/2023,102.8984375,102.96484375,102.859375,102.9375,355287
01/25/2023,102.94921875,103.03125,102.91015625,102.98046875,351650
01/26/2023,102.9921875,103.00390625,102.86328125,102.89453125,417125
01/27/2023,102.875,102.890625,102.80078125,102.8359375,278581
01/30/2023,102.84375,102.85546875,102.70703125,102.73046875,376496
01/31/2023,102.7734375,102.890625,102.75,102.82421875,567923
02/01/2023,102.84765625,103.07421875,102.71875,103.01171875,692294
02/02/2023,103.015625,103.15625,103,103.0546875,575445
02/03/2023,103.02734375,103.06640625,102.625,102.66015625,806218
02/06/2023,102.66015625,102.6640625,102.296875,102.36328125,771393
02/07/2023,102.3359375,102.48828125,102.3125,102.33203125,722608
02/08/2023,102.33984375,102.43359375,102.30078125,102.3515625,471405
02/09/2023,102.4140625,102.4375,102.2265625,102.234375,431653
02/10/2023,102.28515625,102.29296875,102.1875,102.22265625,506702
02/13/2023,102.19921875,102.23828125,102.12890625,102.1796875,471368
02/14/2023,102.203125,102.3984375,101.953125,101.98828125,881024
02/15/2023,101.9921875,102.046875,101.83984375,101.9765625,717576
02/16/2023,101.96484375,102.06640625,101.89453125,102.00390625,748409
02/17/2023,101.9453125,102.01171875,101.81640625,101.9921875,520433
02/21/2023,101.99609375,101.99609375,101.78125,101.80078125,1069401
02/22/2023,101.8046875,101.8984375,101.78515625,101.80859375,1860404
02/23/2023,101.8125,101.83984375,101.7421875,101.80859375,1844975
02/24/2023,101.80078125,101.8359375,101.55859375,101.64453125,850728
02/27/2023,101.62890625,101.7109375,101.5546875,101.671875,299891
02/28/2023,101.89453125,101.8984375,101.78515625,101.86328125,563318
03/01/2023,101.84765625,101.84765625,101.64453125,101.66015625,678467
03/02/2023,101.671875,101.69921875,101.546875,101.62890625,629063
03/03/2023,101.65625,101.7578125,101.60546875,101.71875,405745
03/06/2023,101.71484375,101.79296875,101.640625,101.65234375,389780
03/07/2023,101.66015625,101.73828125,101.4140625,101.43359375,711399
03/08/2023,101.42578125,101.50390625,101.2890625,101.32421875,874114
03/09/2023,101.30859375,101.74609375,101.3046875,101.6640625,803759
03/10/2023,101.72265625,102.3359375,101.7109375,102.31640625,1521806
03/13/2023,102.328125,103.61328125,102.32421875,103.41015625,2535323
03/14/2023,103.4921875,103.82421875,102.66015625,103.01953125,1583390
03/15/2023,102.94921875,104.05078125,102.625,103.52734375,1622531
03/16/2023,103.6796875,103.86328125,103.04296875,103.21484375,1057486
03/17/2023,103.16015625,103.87109375,102.96875,103.78515625,718119
03/20/2023,103.609375,104.234375,103.421875,103.609375,827735
03/21/2023,103.49609375,103.68359375,103.06640625,103.09375,581475
03/22/2023,103.11328125,103.61328125,102.9296875,103.5,808846
03/23/2023,103.55859375,103.9453125,103.42578125,103.84375,692605
03/24/2023,103.79296875,104.3515625,103.70703125,103.890625,753149
03/27/2023,103.96875,103.96875,103.3984375,103.44921875,502595
03/28/2023,103.47265625,103.56640625,103.203125,103.26171875,368657
03/29/2023,103.21875,103.3671875,103.08984375,103.21875,409184
03/30/2023,103.17578125,103.30078125,103.03515625,103.15625,413690
03/31/2023,103.1015625,103.3125,103,103.2265625,559118
04/03/2023,103.21484375,103.4140625,103.0703125,103.38671875,490890
04/04/2023,103.41796875,103.7109375,103.26953125,103.68359375,573757
04/05/2023,103.68359375,104.07421875,103.55078125,103.8203125,608721
04/06/2023,103.76953125,103.99609375,103.65234375,103.6953125,512657
04/07/2023,103.6484375,103.6875,103.3828125,103.390625,175670
04/10/2023,103.41796875,103.49609375,103.28515625,103.328125,335602
04/11/2023,103.3125,103.421875,103.1796875,103.23828125,422753
04/12/2023,103.296875,103.58984375,103.1796875,103.3984375,589541
04/13/2023,103.421875,103.5546875,103.34375,103.38671875,447122
04/14/2023,103.3984375,103.4453125,103.07421875,103.1328125,559199
04/17/2023,103.12890625,103.14453125,102.93359375,102.97265625,520755
04/18/2023,102.953125,103.04296875,102.8828125,102.94921875,443575
04/19/2023,102.9375,102.9453125,102.7734375,102.80859375,585334
04/20/2023,102.8359375,103.04296875,102.81640625,102.9921875,444683
04/21/2023,103.02734375,103.140625,102.93359375,102.9609375,398805
04/24/2023,102.96875,103.15234375,102.9609375,103.046875,272623
04/25/2023,103.1484375,103.51953125,103.1328125,103.42578125,700672
04/26/2023,103.421875,103.48046875,103.22265625,103.359375,667839
04/27/2023,103.3046875,103.36328125,103.00390625,103.03125,604374
04/28/2023,103.0859375,103.203125,103.01171875,103.08203125,652567
05/01/2023,103.18359375,103.18359375,102.88671875,102.94140625,386527
05/02/2023,102.9296875,103.33984375,102.91015625,103.2421875,640385
05/03/2023,103.25,103.5859375,103.20703125,103.3203125,648690
05/04/2023,103.66015625,103.875,103.4140625,103.73046875,870750
05/05/2023,103.59375,103.6171875,103.30078125,103.3515625,481141
05/08/2023,103.34765625,103.36328125,103.1640625,103.16796875,393813
05/09/2023,103.1875,103.2578125,103.05859375,103.1484375,546194
05/10/2023,103.13671875,103.42578125,103.0625,103.375,672755
05/11/2023,103.34765625,103.53515625,103.29296875,103.3515625,507663
05/12/2023,103.36328125,103.3984375,103.15234375,103.16015625,396276
05/15/2023,103.19140625,103.234375,103.1015625,103.16015625,416496
05/16/2023,103.15234375,103.2421875,102.9375,103.01953125,662135
05/17/2023,103.015625,103.05859375,102.81640625,102.8515625,558907
05/18/2023,102.859375,102.90234375,102.6171875,102.640625,852653
05/19/2023,102.6796875,102.77734375,102.48828125,102.59375,868711
05/22/2023,102.6484375,102.72265625,102.48828125,102.53515625,842338
05/23/2023,102.53515625,102.5546875,102.3515625,102.49609375,1624855
05/24/2023,102.5234375,102.55859375,102.28515625,102.3828125,2069474
05/25/2023,102.328125,102.37109375,102.0390625,102.10546875,1586787
05/26/2023,102.046875,102.18359375,101.84765625,101.93359375,866943
05/30/2023,101.94140625,102.1796875,101.82421875,102.1015625,407431
05/31/2023,102.7890625,102.97265625,102.765625,102.9140625,880756
06/01/2023,102.890625,103.08984375,102.7734375,103.02734375,718828
06/02/2023,103.02734375,103.0390625,102.62890625,102.6796875,619927
06/05/2023,102.64453125,102.828125,102.53125,102.7109375,619088
06/06/2023,102.74609375,102.80859375,102.57421875,102.6015625,528186
06/07/2023,102.6796875,102.6875,102.42578125,102.546875,809832
06/08/2023,102.5234375,102.6796875,102.453125,102.58984375,560579
06/09/2023,102.59375,102.6015625,102.39453125,102.4140625,409863
06/12/2023,102.40625,102.5078125,102.33984375,102.4375,532069
06/13/2023,102.44921875,102.62109375,102.1875,102.203125,762666
06/14/2023,102.2578125,102.38671875,101.98046875,102.171875,810720
06/15/2023,102.18359375,102.328125,102.01171875,102.2734375,737379
06/16/2023,102.26171875,102.28125,102,102.125,513113
06/20/2023,102.13671875,102.25390625,102.04296875,102.17578125,538715
06/21/2023,102.19921875,102.2109375,102.07421875,102.15625,443851
06/22/2023,102.13671875,102.19921875,101.95703125,101.97265625,464315
06/23/2023,101.984375,102.1875,101.9453125,102.0703125,442173
06/26/2023,102.0859375,102.17578125,102.0546875,102.1015625,366149
06/27/2023,102.078125,102.1328125,101.8984375,101.921875,541321
06/28/2023,101.9296875,102.03125,101.890625,102.00390625,485586
06/29/2023,102.015625,102.01953125,101.65625,101.6875,537361
06/30/2023,101.71484375,101.765625,101.57421875,101.671875,571574
07/03/2023,101.62109375,101.73828125,101.50390625,101.56640625,347865
07/05/2023,101.5625,101.66796875,101.515625,101.52734375,496693
07/06/2023,101.5390625,101.55078125,101.15625,101.40625,789186
07/07/2023,101.47265625,101.71875,101.3671875,101.5390625,689059
07/10/2023,101.5234375,101.68359375,101.48828125,101.66796875,478869
07/11/2023,101.65625,101.73828125,101.59375,101.61328125,583183
07/12/2023,101.63671875,101.95703125,101.62890625,101.91015625,757193
07/13/2023,101.890625,102.1796875,101.890625,102.171875,842870
07/14/2023,102.12109375,102.1484375,101.85546875,101.90234375,484406
07/17/2023,101.84765625,101.98046875,101.84765625,101.93359375,306120
07/18/2023,101.9140625,102.08203125,101.859375,101.88671875,482010
07/19/2023,101.859375,102.00390625,101.828125,101.88671875,505331
07/20/2023,101.86328125,101.87890625,101.640625,101.7265625,542954
07/21/2023,101.71875,101.7578125,101.6640625,101.71484375,275867
07/24/2023,101.72265625,101.76953125,101.5703125,101.6328125,466348
07/25/2023,101.578125,101.625,101.4921875,101.52734375,487103
07/26/2023,101.546875,101.65234375,101.453125,101.64453125,540031
07/27/2023,101.59375,101.671875,101.390625,101.41796875,732212
07/28/2023,101.421875,101.6171875,101.40234375,101.484375,500758
07/31/2023,101.515625,101.578125,101.4453125,101.515625,504168
08/01/2023,101.515625,101.56640625,101.4375,101.44140625,419616
08/02/2023,101.4609375,101.5625,101.40625,101.49609375,619796
08/03/2023,101.4921875,101.546875,101.42578125,101.48828125,694773
08/04/2023,101.50390625,101.7109375,101.3125,101.6640625,690973
08/07/2023,101.69921875,101.72265625,101.546875,101.71484375,470201
08/08/2023,101.69140625,101.7890625,101.6640625,101.71875,525031
08/09/2023,101.73046875,101.75,101.62109375,101.6484375,422783
08/10/2023,101.6328125,101.796875,101.5546875,101.609375,681783
08/11/2023,101.5703125,101.640625,101.4453125,101.4765625,421028
08/14/2023,101.46875,101.48828125,101.3203125,101.3359375,459425
08/15/2023,101.3359375,101.4453125,101.23046875,101.35546875,575598
08/16/2023,101.35546875,101.45703125,101.28125,101.30859375,535981
08/17/2023,101.33203125,101.4140625,101.265625,101.3515625,647627
08/18/2023,101.3984375,101.4609375,101.36328125,101.38671875,360903
08/21/2023,101.375,101.390625,101.2578125,101.29296875,501170
08/22/2023,101.2734375,101.30859375,101.1796875,101.20703125,626078
08/23/2023,101.1875,101.40625,101.18359375,101.3828125,915647
08/24/2023,101.34375,101.35546875,101.2265625,101.24609375,1880553
08/25/2023,101.2421875,101.26953125,101.10546875,101.1796875,2164460
08/28/2023,101.14453125,101.21484375,101.0859375,101.1953125,1687516
08/29/2023,101.19140625,101.46484375,101.16015625,101.4140625,1049900
08/30/2023,101.40234375,101.51171875,101.34765625,101.44140625,336221
08/31/2023,101.86328125,101.9296875,101.80078125,101.90234375,611068
09/01/2023,101.890625,102.09375,101.83203125,101.87890625,633726
09/05/2023,101.83984375,101.84375,101.65234375,101.66015625,516186
09/06/2023,101.6796875,101.7265625,101.515625,101.5390625,567792
09/07/2023,101.5390625,101.703125,101.51171875,101.6875,477804
09/08/2023,101.6796875,101.75390625,101.59765625,101.625,329233
09/11/2023,101.59375,101.63671875,101.5703125,101.60546875,336528
09/12/2023,101.6015625,101.6171875,101.52734375,101.5703125,296922
09/13/2023,101.53515625,101.66015625,101.37109375,101.609375,688020
09/14/2023,101.6328125,101.67578125,101.5078125,101.55078125,516163
09/15/2023,101.546875,101.57421875,101.45703125,101.5,436505
09/18/2023,101.4921875,101.515625,101.40625,101.4453125,392357
09/19/2023,101.4609375,101.4765625,101.33984375,101.34375,490099
09/20/2023,101.37890625,101.46875,101.203125,101.3203125,781132
09/21/2023,101.21484375,101.31640625,101.16015625,101.2578125,835367
09/22/2023,101.2578125,101.3828125,101.2578125,101.30078125,450820
09/25/2023,101.32421875,101.3515625,101.27734375,101.29296875,416694
09/26/2023,101.3046875,101.33203125,101.2421875,101.28515625,551820
09/27/2023,101.3046875,101.34765625,101.13671875,101.1640625,632259
09/28/2023,101.1875,101.3359375,101.1328125,101.3046875,703967
09/29/2023,101.32421875,101.41796875,101.29296875,101.35546875,739590
10/02/2023,101.33203125,101.33203125,101.1875,101.22265625,537516
10/03/2023,101.24609375,101.28125,101.13671875,101.15234375,832123
10/04/2023,101.1484375,101.35546875,101.08984375,101.34375,811699
10/05/2023,101.33203125,101.41015625,101.296875,101.390625,596363
10/06/2023,101.40234375,101.40234375,101.15234375,101.27734375,727284
10/09/2023,101.375,101.578125,101.3515625,101.54296875,274316
10/10/2023,101.55078125,101.5703125,101.3984375,101.46875,725021
10/11/2023,101.48828125,101.53125,101.38671875,101.421875,733226
10/12/2023,101.44921875,101.484375,101.26953125,101.30078125,783598
10/13/2023,101.3046875,101.40625,101.29296875,101.33203125,493088
10/16/2023,101.30859375,101.3359375,101.23046875,101.24609375,469617
10/17/2023,101.234375,101.25,100.97265625,101.0234375,818469
10/18/2023,101.0234375,101.10546875,100.96484375,101.015625,810331
10/19/2023,101.00390625,101.14453125,100.9375,101.10546875,949478
10/20/2023,101.12109375,101.3125,101.10546875,101.265625,690377
10/23/2023,101.23828125,101.34765625,101.16796875,101.3125,684292
10/24/2023,101.33203125,101.33984375,101.1796875,101.2265625,702371
10/25/2023,101.21484375,101.25390625,101.12109375,101.140625,626166
10/26/2023,101.13671875,101.3203125,101.0859375,101.28515625,648765
10/27/2023,101.28515625,101.3515625,101.24609375,101.33203125,482355
10/30/2023,101.34375,101.34375,101.21484375,101.27734375,472636
10/31/2023,101.24609375,101.32421875,101.18359375,101.2109375,806145
11/01/2023,101.18359375,101.4765625,101.1796875,101.40625,1075006
11/02/2023,101.44921875,101.5078125,101.33984375,101.390625,1098942
11/03/2023,101.3515625,101.70703125,101.32421875,101.65625,1089056
11/06/2023,101.640625,101.640625,101.4375,101.44921875,737093
11/07/2023,101.45703125,101.55078125,101.421875,101.49609375,837200
11/08/2023,101.4921875,101.515625,101.421875,101.45703125,593406
11/09/2023,101.45703125,101.48828125,101.26171875,101.30078125,783793
11/10/2023,101.3125,101.3828125,101.203125,101.22265625,590461
11/13/2023,101.21484375,101.28515625,101.18359375,101.25390625,517889
11/14/2023,101.25,101.6796875,101.19140625,101.66796875,1050355
11/15/2023,101.6328125,101.66015625,101.43359375,101.4765625,876430
11/16/2023,101.4765625,101.65625,101.47265625,101.61328125,646303
11/17/2023,101.6171875,101.6953125,101.4765625,101.4921875,692868
11/20/2023,101.5078125,101.54296875,101.45703125,101.484375,764183
11/21/2023,101.4765625,101.578125,101.46484375,101.5390625,1306600
11/22/2023,101.53515625,101.60546875,101.42578125,101.48828125,1816654
11/24/2023,101.4921875,101.51171875,101.3984375,101.3984375,946110
11/27/2023,101.40625,101.5703125,101.35546875,101.5546875,3146028
11/28/2023,101.55859375,101.7578125,101.48046875,101.75,1254360
11/29/2023,101.75,101.97265625,101.7421875,101.87890625,493654
11/30/2023,102.37109375,102.44140625,102.19921875,102.23046875,1254022
12/01/2023,102.30078125,102.5859375,102.23046875,102.52734375,1088622
12/04/2023,102.57421875,102.57421875,102.3203125,102.34375,668778
12/05/2023,102.375,102.53515625,102.3671875,102.5,887641
12/06/2023,102.5,102.50390625,102.40625,102.4375,758361
12/07/2023,102.44921875,102.51171875,102.36328125,102.484375,793097
12/08/2023,102.4453125,102.45703125,102.1484375,102.16796875,785374
12/11/2023,102.1640625,102.203125,102.07421875,102.17578125,613100
12/12/2023,102.203125,102.35546875,102.12109375,102.1484375,844089
12/13/2023,102.1484375,102.765625,102.140625,102.65234375,1413973
12/14/2023,102.74609375,103.046875,102.7421875,102.81640625,1374738
12/15/2023,102.8203125,102.8828125,102.62890625,102.68359375,841737
12/18/2023,102.69921875,102.77734375,102.66015625,102.6796875,432764
12/19/2023,102.69140625,102.765625,102.66015625,102.71484375,426869
12/20/2023,102.69921875,102.921875,102.6953125,102.84375,511339
12/21/2023,102.9140625,102.98046875,102.8046875,102.8828125,481919
12/22/2023,102.87890625,102.94921875,102.8203125,102.890625,363313
12/26/2023,102.91015625,102.9140625,102.81640625,102.8828125,317412
12/27/2023,102.8515625,102.99609375,102.83984375,102.9765625,336586
12/28/2023,102.9609375,102.9765625,102.87109375,102.89453125,319484
12/29/2023,102.90234375,102.96875,102.828125,102.95703125,412969
01/02/2024,102.9296875,102.96875,102.75390625,102.796875,549883
01/03/2024,102.80859375,102.828125,102.68359375,102.8125,727080
01/04/2024,102.79296875,102.84765625,102.64453125,102.67578125,683714
01/05/2024,102.66796875,102.8125,102.45703125,102.6484375,867209
01/08/2024,102.66015625,102.83203125,102.57421875,102.7421875,764889
01/09/2024,102.68359375,102.7265625,102.64453125,102.68359375,452298
01/10/2024,102.69140625,102.7734375,102.66796875,102.6875,515105
01/11/2024,102.6953125,102.9296875,102.6328125,102.90234375,833735
01/12/2024,102.921875,103.15625,102.83203125,103.1171875,813157
01/16/2024,103.08203125,103.0859375,102.875,102.9453125,1142713
01/17/2024,102.95703125,102.984375,102.64453125,102.68359375,971532
01/18/2024,102.671875,102.765625,102.62890625,102.68359375,676969
01/19/2024,102.6875,102.703125,102.546875,102.57421875,608196
01/22/2024,102.6015625,102.6484375,102.55078125,102.6328125,461777
01/23/2024,102.59765625,102.640625,102.55078125,102.61328125,605565
01/24/2024,102.6328125,102.73046875,102.54296875,102.55859375,598953
01/25/2024,102.55078125,102.71484375,102.484375,102.68359375,754027
01/26/2024,102.7109375,102.7421875,102.5703125,102.57421875,503592
01/29/2024,102.62109375,102.6953125,102.6015625,102.66015625,478298
01/30/2024,102.6640625,102.71875,102.52734375,102.5859375,719260
01/31/2024,102.62890625,102.921875,102.62109375,102.828125,1524982
02/01/2024,102.859375,103.00390625,102.765625,102.8828125,944935
02/02/2024,102.859375,102.87109375,102.46484375,102.53515625,1212069
02/05/2024,102.51953125,102.5234375,102.3203125,102.34765625,863586
02/06/2024,102.33984375,102.51171875,102.33203125,102.4609375,762030
02/07/2024,102.46875,102.54296875,102.41015625,102.43359375,626691
02/08/2024,102.41015625,102.44921875,102.33984375,102.359375,483116
02/09/2024,102.3671875,102.41796875,102.26953125,102.28515625,571212
02/12/2024,102.28515625,102.3515625,102.26953125,102.3046875,391111
02/13/2024,102.30078125,102.40625,101.8984375,101.93359375,1053180
02/14/2024,101.94140625,102.11328125,101.90625,102.0703125,796269
02/15/2024,102.0703125,102.21484375,102.05859375,102.10546875,829980
02/16/2024,102.08984375,102.1015625,101.8203125,101.95703125,741639
02/20/2024,101.9609375,102.10546875,101.93359375,102.0390625,867996
02/21/2024,102.05078125,102.09765625,101.93359375,101.9609375,1175282
02/22/2024,101.9453125,101.9765625,101.8203125,101.84765625,1888637
02/23/2024,101.8515625,101.91796875,101.765625,101.8828125,1734344
02/26/2024,101.87109375,101.93359375,101.78515625,101.796875,2655218
02/27/2024,101.8203125,101.87109375,101.765625,101.77734375,1128773
02/28/2024,101.8046875,101.8984375,101.796875,101.8828125,291279
02/29/2024,102.38671875,102.453125,102.26171875,102.375,1004002
03/01/2024,102.421875,102.6171875,102.3515625,102.58984375,1044014
03/04/2024,102.58984375,102.58984375,102.41796875,102.4296875,568151
03/05/2024,102.4375,102.58984375,102.41796875,102.5390625,577172
03/06/2024,102.52734375,102.625,102.5,102.51953125,759852
03/07/2024,102.52734375,102.6328125,102.48828125,102.609375,640835
03/08/2024,102.62890625,102.8203125,102.48828125,102.66015625,971376
03/11/2024,102.6796875,102.6796875,102.5390625,102.5625,645062
03/12/2024,102.5546875,102.6015625,102.375,102.421875,1024764
03/13/2024,102.43359375,102.4453125,102.328125,102.36328125,588181
03/14/2024,102.33203125,102.359375,102.19921875,102.21484375,943895
03/15/2024,102.21484375,102.2265625,102.10546875,102.1328125,551408
03/18/2024,102.1171875,102.15625,102.06640625,102.1015625,479690
03/19/2024,102.10546875,102.1953125,102.09375,102.1796875,555521
03/20/2024,102.18359375,102.3671875,102.18359375,102.35546875,931214
03/21/2024,102.3671875,102.44921875,102.27734375,102.3046875,769880
03/22/2024,102.2890625,102.390625,102.28125,102.36328125,455140
03/25/2024,102.37109375,102.39453125,102.28125,102.30859375,506592
03/26/2024,102.3125,102.33984375,102.25,102.29296875,427512
03/27/2024,102.30078125,102.375,102.27734375,102.34375,515655
03/28/2024,102.34375,102.34375,102.20703125,102.2421875,750207
04/01/2024,102.23046875,102.2890625,102.03125,102.05078125,610353
04/02/2024,102.0703125,102.10546875,102.0234375,102.08203125,696616
04/03/2024,102.09765625,102.14453125,102.00390625,102.125,749552
04/04/2024,102.14453125,102.2109375,102.08203125,102.1953125,661105
04/05/2024,102.16796875,102.203125,101.97265625,102.015625,786158
04/08/2024,101.96484375,101.96875,101.89453125,101.90234375,650916
04/09/2024,101.8984375,102.01953125,101.8828125,101.984375,669734
04/10/2024,101.984375,102.03515625,101.5,101.53125,1658737
04/11/2024,101.52734375,101.62890625,101.40625,101.54296875,1087871
04/12/2024,101.5390625,101.734375,101.53515625,101.6875,663315
04/15/2024,101.6875,101.7109375,101.4609375,101.5859375,939119
04/16/2024,101.62109375,101.6328125,101.4453125,101.53515625,929426
04/17/2024,101.48828125,101.62890625,101.4609375,101.59375,718190
04/18/2024,101.58984375,101.6328125,101.46875,101.48046875,705517
04/19/2024,101.49609375,101.6953125,101.484375,101.5234375,704544
04/22/2024,101.46875,101.55859375,101.44140625,101.5234375,427488
04/23/2024,101.51953125,101.62890625,101.46484375,101.6015625,815458
04/24/2024,101.5859375,101.59375,101.5078125,101.546875,596468
04/25/2024,101.55859375,101.62890625,101.375,101.42578125,847798
04/26/2024,101.421875,101.52734375,101.38671875,101.421875,594461
04/29/2024,101.41796875,101.4765625,101.4140625,101.46875,550999
04/30/2024,101.45703125,101.48046875,101.32421875,101.328125,940518
05/01/2024,101.33984375,101.546875,101.30859375,101.51171875,1044756
05/02/2024,101.46875,101.6328125,101.44921875,101.625,1001609
05/03/2024,101.62890625,101.93359375,101.59375,101.7578125,1204875
05/06/2024,101.74609375,101.79296875,101.703125,101.7265625,540803
05/07/2024,101.7109375,101.765625,101.6953125,101.71484375,639082
05/08/2024,101.71484375,101.73046875,101.6796875,101.6875,500381
05/09/2024,101.69140625,101.76171875,101.65625,101.75390625,555539
05/10/2024,101.7265625,101.7421875,101.625,101.63671875,417577
05/13/2024,101.63671875,101.70703125,101.6328125,101.65625,454272
05/14/2024,101.640625,101.7265625,101.57421875,101.72265625,770569
05/15/2024,101.7265625,101.92578125,101.703125,101.87109375,1087196
05/16/2024,101.88671875,101.9296875,101.75,101.76171875,872792
05/17/2024,101.75390625,101.796875,101.69140625,101.69921875,418000
05/20/2024,101.6953125,101.72265625,101.6484375,101.66796875,436419
05/21/2024,101.65625,101.7109375,101.64453125,101.68359375,743866
05/22/2024,101.69140625,101.69140625,101.58984375,101.59765625,1081897
05/23/2024,101.61328125,101.62890625,101.453125,101.49609375,2423521
05/24/2024,101.484375,101.51953125,101.44140625,101.45703125,1582830
05/28/2024,101.48046875,101.5546875,101.4140625,101.42578125,3307672
05/29/2024,101.421875,101.4375,101.33203125,101.3671875,1130447
05/30/2024,101.37890625,101.45703125,101.359375,101.44140625,336408
05/31/2024,101.7890625,101.91015625,101.7265625,101.8515625,875229
06/03/2024,101.89453125,102.015625,101.8671875,102.00390625,665069
06/04/2024,102.015625,102.140625,101.9765625,102.09375,855148
06/05/2024,102.09375,102.203125,102.05078125,102.1875,868997
06/06/2024,102.19921875,102.21484375,102.13671875,102.2109375,704267
06/07/2024,102.1953125,102.25390625,101.875,101.91015625,916820
06/10/2024,101.8828125,101.9140625,101.84765625,101.88671875,566183
06/11/2024,101.88671875,101.99609375,101.87890625,101.98046875,591605
06/12/2024,101.97265625,102.3125,101.95703125,102.16015625,1306814
06/13/2024,102.1484375,102.32421875,102.11328125,102.29296875,1080894
06/14/2024,102.26953125,102.35546875,102.2109375,102.296875,997079
06/17/2024,102.24609375,102.2578125,102.12109375,102.14453125,764828
06/18/2024,102.125,102.28125,102.09375,102.25390625,711553
06/20/2024,102.23046875,102.25,102.14453125,102.19921875,637774
06/21/2024,102.1796875,102.2578125,102.15625,102.19140625,484509
06/24/2024,102.17578125,102.20703125,102.1484375,102.17578125,466422
06/25/2024,102.19140625,102.21875,102.13671875,102.17578125,668856
06/26/2024,102.15625,102.1640625,102.04296875,102.0546875,665906
06/27/2024,102.0546875,102.15625,102.03125,102.12109375,684047
06/28/2024,102.125,102.21875,102.03515625,102.109375,927347
07/01/2024,102.03515625,102.09375,101.96484375,102,877796
07/02/2024,102.01953125,102.11328125,102.01171875,102.05859375,639128
07/03/2024,102.05078125,102.19921875,101.9921875,102.15234375,760991
07/05/2024,102.12109375,102.33203125,102.01953125,102.33203125,844035
07/08/2024,102.3203125,102.328125,102.25,102.30078125,474750
07/09/2024,102.26953125,102.30078125,102.22265625,102.2734375,630362
07/10/2024,102.27734375,102.3203125,102.25390625,102.26171875,583929
07/11/2024,102.28125,102.53515625,102.2265625,102.50390625,1192276
07/12/2024,102.4765625,102.6015625,102.4296875,102.58203125,891334
07/15/2024,102.54296875,102.6640625,102.51171875,102.58984375,826107
07/16/2024,102.58203125,102.67578125,102.546875,102.609375,1139544
07/17/2024,102.65234375,102.65625,102.5390625,102.6328125,847606
07/18/2024,102.6171875,102.6328125,102.53515625,102.56640625,752454
07/19/2024,102.54296875,102.56640625,102.453125,102.47265625,647292
07/22/2024,102.50390625,102.5078125,102.3984375,102.4375,594300
07/23/2024,102.44921875,102.52734375,102.43359375,102.5078125,599369
07/24/2024,102.48828125,102.640625,102.47265625,102.55859375,1096426
07/25/2024,102.53125,102.703125,102.484375,102.5,1170161
07/26/2024,102.5234375,102.62890625,102.453125,102.59765625,677980
07/29/2024,102.6171875,102.65625,102.56640625,102.59375,567761
07/30/2024,102.5703125,102.66796875,102.5546875,102.6484375,634032
07/31/2024,102.6484375,102.83984375,102.578125,102.68359375,1452609
08/01/2024,102.83203125,103.0703125,102.7578125,103.02734375,1481087
08/02/2024,103.0546875,103.6328125,103.015625,103.58203125,2028058
08/05/2024,103.57421875,103.984375,103.43359375,103.5546875,1926794
08/06/2024,103.48828125,103.5234375,103.27734375,103.35546875,1132238
08/07/2024,103.40234375,103.43359375,103.23046875,103.3125,1026244
08/08/2024,103.3828125,103.48828125,103.15234375,103.2265625,936634
08/09/2024,103.23046875,103.29296875,103.17578125,103.19140625,579569
08/12/2024,103.17578125,103.2890625,103.13671875,103.26171875,556734
08/13/2024,103.2578125,103.41015625,103.2265625,103.39453125,675641
08/14/2024,103.40625,103.5625,103.28515625,103.37890625,895870
08/15/2024,103.3515625,103.375,103.05078125,103.08203125,967123
08/16/2024,103.09375,103.20703125,103.05859375,103.12890625,606600
08/19/2024,103.14453125,103.19140625,103.09765625,103.12890625,438095
08/20/2024,103.1328125,103.26953125,103.11328125,103.24609375,622577
08/21/2024,103.265625,103.44140625,103.21875,103.38671875,1304910
08/22/2024,103.35546875,103.37890625,103.1796875,103.20703125,1552721
08/23/2024,103.22265625,103.390625,103.17578125,103.37109375,1852613
08/26/2024,103.36328125,103.4375,103.32421875,103.3359375,2955947
08/27/2024,103.328125,103.40234375,103.28125,103.38671875,2343387
08/28/2024,103.3984375,103.4140625,103.35546875,103.375,927521
08/29/2024,103.3671875,103.421875,103.296875,103.3203125,331795
08/30/2024,103.84765625,103.8515625,103.75390625,103.7734375,684505
09/03/2024,103.77734375,103.953125,103.73828125,103.84375,841587
09/04/2024,103.875,104.11328125,103.86328125,104.08203125,925343
09/05/2024,104.10546875,104.1953125,104.03125,104.109375,936784
09/06/2024,104.125,104.421875,103.9140625,104.31640625,1488804
09/09/2024,104.296875,104.328125,104.1875,104.27734375,619446
09/10/2024,104.27734375,104.42578125,104.2109375,104.390625,762135
09/11/2024,104.41015625,104.50390625,104.22265625,104.31640625,1287928
09/12/2024,104.3203125,104.375,104.1875,104.296875,876007
09/13/2024,104.30859375,104.4453125,104.30078125,104.4140625,755457
09/16/2024,104.3984375,104.4921875,104.39453125,104.453125,630380
09/17/2024,104.4453125,104.46875,104.3125,104.36328125,753688
09/18/2024,104.31640625,104.44140625,104.2109375,104.3046875,962515
09/19/2024,104.2734375,104.359375,104.19140625,104.3046875,922437
09/20/2024,104.34375,104.375,104.203125,104.3515625,653024
09/23/2024,104.30859375,104.375,104.24609375,104.34765625,564123
09/24/2024,104.3203125,104.4296875,104.2578125,104.3984375,826480
09/25/2024,104.41796875,104.421875,104.30859375,104.33203125,613665
09/26/2024,104.31640625,104.37890625,104.171875,104.1953125,704771
09/27/2024,104.17578125,104.32421875,104.1484375,104.30859375,642830
09/30/2024,104.3203125,104.3203125,104.08984375,104.12109375,897468
10/01/2024,104.13671875,104.27734375,104.12890625,104.1796875,908813
10/02/2024,104.19921875,104.22265625,104.09765625,104.13671875,629627
10/03/2024,104.12890625,104.1328125,103.9765625,103.98046875,728926
10/04/2024,103.98828125,104.015625,103.52734375,103.53515625,1156801
10/07/2024,103.5078125,103.52734375,103.34765625,103.390625,1083927
10/08/2024,103.41015625,103.51171875,103.3984375,103.43359375,699223
10/09/2024,103.46484375,103.5,103.328125,103.34765625,761337
10/10/2024,103.3359375,103.47265625,103.140625,103.37890625,1405652
10/11/2024,103.453125,103.4921875,103.3828125,103.4765625,569613
10/14/2024,103.453125,103.453125,103.328125,103.359375,205610
10/15/2024,103.40234375,103.5,103.39453125,103.453125,619690
10/16/2024,103.46484375,103.51953125,103.453125,103.48828125,480122
10/17/2024,103.4765625,103.48828125,103.3359375,103.38671875,727905
10/18/2024,103.40625,103.4609375,103.37890625,103.4453125,454054
10/21/2024,103.44140625,103.44921875,103.265625,103.28125,670211
10/22/2024,103.26171875,103.30078125,103.203125,103.2421875,732420
10/23/2024,103.23828125,103.25,103.140625,103.14453125,639329
10/24/2024,103.1484375,103.25390625,103.140625,103.19921875,755297
10/25/2024,103.171875,103.2578125,103.09375,103.12890625,689915
10/28/2024,103.1015625,103.1328125,103.015625,103.046875,849014
10/29/2024,103.046875,103.1171875,102.96875,103.078125,1010562
10/30/2024,103.11328125,103.16015625,102.9453125,103.0078125,1009115
10/31/2024,102.9453125,103.0078125,102.875,102.97265625,1175011
11/01/2024,102.953125,103.15625,102.8203125,102.8984375,1236317
11/04/2024,102.96875,103.03125,102.91796875,102.94140625,761058
11/05/2024,102.9609375,102.96484375,102.8046875,102.87109375,812153
11/06/2024,102.90234375,102.9296875,102.66796875,102.74609375,1510634
11/07/2024,102.7421875,102.8828125,102.71484375,102.828125,1192249
11/08/2024,102.859375,102.91015625,102.73828125,102.76953125,929736
11/11/2024,102.73828125,102.7578125,102.6484375,102.66796875,281588
11/12/2024,102.69921875,102.71875,102.55078125,102.59765625,1248503
11/13/2024,102.57421875,102.76953125,102.5390625,102.69921875,1104595
11/14/2024,102.68359375,102.76953125,102.53125,102.67578125,1138352
11/15/2024,102.578125,102.7109375,102.515625,102.65234375,943616
11/18/2024,102.63671875,102.6875,102.58984375,102.67578125,679654
11/19/2024,102.67578125,102.80859375,102.66796875,102.6953125,950327
11/20/2024,102.66796875,102.6953125,102.6015625,102.625,1302154
11/21/2024,102.609375,102.66796875,102.54296875,102.5546875,1969873
11/22/2024,102.55859375,102.61328125,102.49609375,102.52734375,2080505
11/25/2024,102.578125,102.703125,102.53515625,102.69140625,3212299
11/26/2024,102.68359375,102.71875,102.609375,102.69140625,1511123
11/27/2024,102.6875,102.796875,102.6796875,102.765625,408916
11/29/2024,102.95703125,103.06640625,102.9296875,103.0546875,540079
12/02/2024,103.0546875,103.06640625,102.921875,103.00390625,770639
12/03/2024,103.03125,103.109375,103.01171875,103.0546875,723269
12/04/2024,103.03125,103.17578125,102.9765625,103.16015625,807666
12/05/2024,103.14453125,103.14453125,103.04296875,103.109375,685024
12/06/2024,103.10546875,103.26171875,103,103.1953125,753742
12/09/2024,103.1953125,103.20703125,103.125,103.140625,435463
12/10/2024,103.13671875,103.16796875,103.046875,103.0859375,640874
12/11/2024,103.08984375,103.18359375,103.02734375,103.0625,676028
12/12/2024,103.0546875,103.1015625,102.96875,102.99609375,671956
12/13/2024,102.98046875,102.99609375,102.86328125,102.8828125,363232
12/16/2024,102.87109375,102.921875,102.84765625,102.8671875,446073
12/17/2024,102.8515625,102.8828125,102.78125,102.87109375,548207
12/18/2024,102.85546875,102.93359375,102.6015625,102.6328125,1112341
12/19/2024,102.61328125,102.7578125,102.609375,102.69140625,1093193
12/20/2024,102.68359375,102.83203125,102.6796875,102.703125,757868
12/23/2024,102.703125,102.7265625,102.63671875,102.63671875,520527
12/24/2024,102.6484375,102.671875,102.60546875,102.66015625,200031
12/26/2024,102.66796875,102.6796875,102.59765625,102.6640625,332437
12/27/2024,102.6640625,102.71875,102.64453125,102.6796875,287739
12/30/2024,102.67578125,102.83203125,102.6640625,102.8125,465922
12/31/2024,102.83203125,102.8828125,102.7890625,102.8046875,510173
01/02/2025,102.81640625,102.890625,102.765625,102.8046875,606189
01/03/2025,102.8125,102.84765625,102.73828125,102.74609375,448447
01/06/2025,102.72265625,102.8125,102.703125,102.76171875,892167
01/07/2025,102.74609375,102.7890625,102.6640625,102.71484375,772084
01/08/2025,102.71484375,102.78125,102.67578125,102.73046875,760035
01/09/2025,102.73828125,102.8046875,102.734375,102.78125,408173
01/10/2025,102.76953125,102.8046875,102.5078125,102.51171875,1132039
01/13/2025,102.53125,102.5390625,102.453125,102.50390625,719516
01/14/2025,102.546875,102.59375,102.49609375,102.56640625,738953
01/15/2025,102.546875,102.76953125,102.54296875,102.75390625,932029
01/16/2025,102.74609375,102.828125,102.65234375,102.8046875,981598
01/17/2025,102.8125,102.8359375,102.70703125,102.734375,603562
01/21/2025,102.70703125,102.84375,102.69140625,102.7265625,915496
01/22/2025,102.734375,102.76953125,102.68359375,102.69921875,646706
01/23/2025,102.6953125,102.73828125,102.67578125,102.7265625,678155
01/24/2025,102.71484375,102.8125,102.71484375,102.75390625,597741
01/27/2025,102.7734375,102.953125,102.7578125,102.90625,874352
01/28/2025,102.88671875,102.90625,102.8359375,102.88671875,538600
01/29/2025,102.90625,102.92578125,102.77734375,102.84375,659253
01/30/2025,102.86328125,102.9140625,102.84375,102.89453125,509155
01/31/2025,102.8671875,102.90625,102.80859375,102.8125,795720
02/03/2025,102.8125,102.8671875,102.72265625,102.7578125,1260100
02/04/2025,102.78125,102.859375,102.734375,102.84765625,681825
02/05/2025,102.84375,102.9453125,102.8203125,102.90234375,758697
02/06/2025,102.89453125,102.90234375,102.83203125,102.86328125,729925
02/07/2025,102.84375,102.9609375,102.69140625,102.72265625,1016252
02/10/2025,102.69140625,102.7734375,102.68359375,102.73828125,579564
02/11/2025,102.7265625,102.75,102.6796875,102.69921875,695608
02/12/2025,102.703125,102.7578125,102.515625,102.5546875,1248042
02/13/2025,102.578125,102.6796875,102.5625,102.6640625,894692
02/14/2025,102.65625,102.79296875,102.65625,102.76171875,675230
02/18/2025,102.75,102.78515625,102.66796875,102.69140625,567113
02/19/2025,102.671875,102.74609375,102.6640625,102.73828125,863276
02/20/2025,102.73828125,102.78515625,102.73046875,102.75,1031306
02/21/2025,102.73828125,102.8984375,102.73046875,102.88671875,2115909
02/24/2025,102.8515625,102.94140625,102.828125,102.93359375,2855173
02/25/2025,102.921875,103.1015625,102.91796875,103.05859375,3411069
02/26/2025,103.05859375,103.10546875,102.98828125,103.09375,895406
02/27/2025,103.08984375,103.1171875,103.0078125,103.0625,333052
02/28/2025,103.37109375,103.51171875,103.328125,103.484375,1202148
03/03/2025,103.46484375,103.58984375,103.390625,103.51171875,1060741
03/04/2025,103.56640625,103.78515625,103.484375,103.55859375,1415583
03/05/2025,103.484375,103.6796875,103.44921875,103.50390625,1189080
03/06/2025,103.44921875,103.640625,103.3828125,103.5390625,1320314
03/07/2025,103.5390625,103.67578125,103.41796875,103.46484375,1181542
03/10/2025,103.4921875,103.703125,103.484375,103.67578125,895318
03/11/2025,103.6953125,103.80859375,103.55078125,103.58203125,1095283
03/12/2025,103.56640625,103.65625,103.4453125,103.46484375,850248
03/13/2025,103.484375,103.59375,103.421875,103.55078125,814246
03/14/2025,103.5390625,103.55078125,103.40234375,103.41796875,598414
03/17/2025,103.41796875,103.4609375,103.32421875,103.34375,826980
03/18/2025,103.3515625,103.40234375,103.32421875,103.37109375,625802
03/19/2025,103.36328125,103.5078125,103.26953125,103.48828125,982786
03/20/2025,103.5,103.60546875,103.4609375,103.53515625,667618
03/21/2025,103.515625,103.62109375,103.4921875,103.55078125,512823
03/24/2025,103.53515625,103.5390625,103.36328125,103.37890625,608797
03/25/2025,103.37890625,103.453125,103.3359375,103.4453125,528397
03/26/2025,103.40625,103.41796875,103.35546875,103.390625,667186
03/27/2025,103.375,103.453125,103.33203125,103.4140625,624454
03/28/2025,103.41796875,103.6015625,103.40625,103.58984375,744504
03/31/2025,103.61328125,103.73046875,103.55859375,103.5859375,987743
04/01/2025,103.625,103.71484375,103.6171875,103.67578125,766016
04/02/2025,103.6328125,103.73828125,103.48046875,103.59765625,889383
04/03/2025,103.75,104.03125,103.75,103.94921875,1627997
04/04/2025,104,104.46875,103.99609375,104.0703125,2420267
04/07/2025,104.34375,104.80078125,103.65234375,103.94140625,2702835
04/08/2025,103.875,104.07421875,103.6875,103.93359375,2338960
04/09/2025,103.96484375,104.109375,103.33203125,103.5078125,3041636
04/10/2025,103.5859375,103.828125,103.51953125,103.6953125,1470364
04/11/2025,103.65234375,103.79296875,103.453125,103.4921875,1237959
04/14/2025,103.46484375,103.7421875,103.37890625,103.7265625,700247
04/15/2025,103.6953125,103.76953125,103.62890625,103.734375,826585
04/16/2025,103.703125,103.84765625,103.69140625,103.8125,737077
04/17/2025,103.84375,103.8671875,103.7421875,103.79296875,565205
04/21/2025,103.8125,103.953125,103.7890625,103.88671875,647111
04/22/2025,103.8515625,103.87109375,103.734375,103.76953125,703552
04/23/2025,103.703125,103.82421875,103.6015625,103.62890625,1110393
04/24/2025,103.609375,103.76953125,103.60546875,103.7578125,639518
04/25/2025,103.74609375,103.83203125,103.69921875,103.8125,503591
04/28/2025,103.83203125,103.97265625,103.76953125,103.9609375,618477
04/29/2025,103.9375,104.0234375,103.8984375,104.00390625,661299
04/30/2025,104.01171875,104.13671875,103.96484375,104.07421875,1043932
05/01/2025,104.09375,104.1875,103.86328125,103.91015625,881801
05/02/2025,103.90234375,103.9296875,103.625,103.6328125,930792
05/05/2025,103.66796875,103.73046875,103.6015625,103.6328125,451036
05/06/2025,103.6328125,103.75390625,103.6171875,103.734375,590470
05/07/2025,103.734375,103.7890625,103.65625,103.7265625,806561
05/08/2025,103.74609375,103.75,103.49609375,103.52734375,819465
05/09/2025,103.55859375,103.640625,103.51953125,103.546875,540036
05/12/2025,103.46484375,103.48828125,103.2890625,103.3203125,930466
05/13/2025,103.3046875,103.41015625,103.2734375,103.2890625,743012
05/14/2025,103.3125,103.34375,103.1953125,103.2109375,799298
05/15/2025,103.21484375,103.39453125,103.20703125,103.35546875,864587
05/16/2025,103.375,103.4453125,103.28515625,103.328125,626464
05/19/2025,103.28515625,103.3671875,103.234375,103.3359375,762767
05/20/2025,103.33984375,103.38671875,103.30859375,103.359375,683661
05/21/2025,103.35546875,103.3984375,103.26171875,103.27734375,1228466
05/22/2025,103.26953125,103.3515625,103.26171875,103.3046875,2368281
05/23/2025,103.31640625,103.47265625,103.296875,103.3203125,2137394
05/27/2025,103.3203125,103.3671875,103.2578125,103.36328125,2657075
05/28/2025,103.33984375,103.3515625,103.2578125,103.28125,935227
05/29/2025,103.26953125,103.37890625,103.17578125,103.3671875,213617
05/30/2025,103.66796875,103.76953125,103.64453125,103.71875,735861
06/02/2025,103.7578125,103.765625,103.64453125,103.65234375,544973
06/03/2025,103.6640625,103.7109375,103.58984375,103.6171875,546888
06/04/2025,103.62890625,103.81640625,103.5859375,103.78125,793571
06/05/2025,103.80078125,103.87890625,103.6640625,103.68359375,0
06/06/2025,103.6875,103.71875,103.43359375,103.4375,908251
06/09/2025,103.4609375,103.54296875,103.44921875,103.5234375,482188
06/10/2025,103.51953125,103.5625,103.4765625,103.50390625,442875
06/11/2025,103.484375,103.6484375,103.390625,103.63671875,710547
06/12/2025,103.62109375,103.7734375,103.6171875,103.71875,655765
06/13/2025,103.7109375,103.81640625,103.56640625,103.609375,675180
06/16/2025,103.640625,103.65625,103.53125,103.58203125,399683
06/17/2025,103.56640625,103.703125,103.56640625,103.62890625,746037
06/18/2025,103.62890625,103.765625,103.6015625,103.640625,791197
06/20/2025,103.63671875,103.73828125,103.58984375,103.70703125,547609
06/23/2025,103.75,103.8984375,103.65625,103.8671875,663285
06/24/2025,103.796875,103.9140625,103.77734375,103.90234375,877136
06/25/2025,103.8828125,103.93359375,103.828125,103.91015625,640459
06/26/2025,103.90234375,104.0546875,103.90234375,104.04296875,864822
06/27/2025,104.02734375,104.02734375,103.94140625,103.984375,613492
06/30/2025,103.9765625,104.03125,103.9609375,104.01171875,925371
07/01/2025,104.01171875,104.0625,103.87890625,103.89453125,915572
07/02/2025,103.90234375,103.9609375,103.8515625,103.875,885288
07/03/2025,103.875,103.9296875,103.61328125,103.6875,1054772
07/07/2025,103.69921875,103.765625,103.6484375,103.65234375,521419
07/08/2025,103.6640625,103.68359375,103.6171875,103.640625,670166
07/09/2025,103.671875,103.7578125,103.63671875,103.7265625,554348
07/10/2025,103.75390625,103.76953125,103.6640625,103.70703125,511786
07/11/2025,103.69921875,103.7109375,103.609375,103.61328125,435804
07/14/2025,103.65625,103.68359375,103.6171875,103.64453125,442315
07/15/2025,103.63671875,103.66796875,103.515625,103.5234375,799114
07/16/2025,103.5546875,103.71484375,103.5234375,103.66015625,1111341
07/17/2025,103.640625,103.66015625,103.55078125,103.59765625,557044
07/18/2025,103.6328125,103.70703125,103.6171875,103.66796875,413392
07/21/2025,103.68359375,103.73828125,103.65234375,103.71875,383908
07/22/2025,103.69921875,103.7734375,103.67578125,103.7578125,447994
07/23/2025,103.75,103.75390625,103.640625,103.66015625,479689
07/24/2025,103.66015625,103.6640625,103.5625,103.57421875,489376
07/25/2025,103.5859375,103.6015625,103.55859375,103.58984375,427787
07/28/2025,103.55859375,103.60546875,103.53515625,103.5625,509439
07/29/2025,103.5625,103.6640625,103.546875,103.65234375,686061
07/30/2025,103.65625,103.671875,103.5078125,103.52734375,1105480
07/31/2025,103.515625,103.5625,103.46875,103.4921875,1012333
08/01/2025,103.484375,104.03125,103.46484375,103.9609375,1628406
08/04/2025,104,104.05859375,103.91015625,104,1063151
08/05/2025,104.01171875,104.0390625,103.90625,103.9296875,780504
08/06/2025,103.9140625,103.96875,103.875,103.95703125,655490
08/07/2025,103.9375,103.95703125,103.8828125,103.890625,619269
08/08/2025,103.90234375,103.91015625,103.82421875,103.83984375,423416
08/11/2025,103.828125,103.8671875,103.8125,103.84375,429534
08/12/2025,103.8203125,103.953125,103.80078125,103.890625,936753
08/13/2025,103.88671875,104.00390625,103.86328125,103.96484375,534476
08/14/2025,103.98828125,104.02734375,103.8515625,103.8671875,841583
08/15/2025,103.875,103.9140625,103.81640625,103.8203125,528714
08/18/2025,103.82421875,103.85546875,103.78125,103.7890625,502857
08/19/2025,103.8046875,103.84765625,103.78125,103.8203125,527843
08/20/2025,103.8359375,103.8984375,103.80078125,103.83984375,1019038
08/21/2025,103.83203125,103.84765625,103.7265625,103.7578125,1647078
08/22/2025,103.7578125,103.96484375,103.72265625,103.94140625,2445966
08/25/2025,103.91796875,103.92578125,103.84375,103.85546875,0
08/26/2025,103.8671875,103.953125,103.8515625,103.94921875,2577465
08/27/2025,103.94140625,104.01171875,103.90625,103.984375,785622
08/28/2025,104.01171875,104.015625,103.93359375,103.9609375,199792
08/29/2025,104.26171875,104.30859375,104.2265625,104.26953125,715595
09/02/2025,104.2890625,104.2890625,104.15625,104.1953125,792329
09/03/2025,104.2265625,104.30859375,104.1796875,104.28125,657047
09/04/2025,104.265625,104.34765625,104.26171875,104.328125,737474
09/05/2025,104.328125,104.5703125,104.31640625,104.48046875,1236617
09/08/2025,104.4765625,104.52734375,104.43359375,104.5078125,720747
09/09/2025,104.515625,104.52734375,104.375,104.41015625,795791
09/10/2025,104.375,104.46484375,104.35546875,104.421875,672952
09/11/2025,104.39453125,104.54296875,104.328125,104.43359375,944233
09/12/2025,104.40234375,104.4140625,104.33203125,104.3671875,577145
09/15/2025,104.36328125,104.421875,104.31640625,104.40625,558736
09/16/2025,104.3984375,104.4609375,104.375,104.453125,646305
09/17/2025,104.4609375,104.53125,104.3515625,104.37109375,1017239
09/18/2025,104.359375,104.4296875,104.2890625,104.33203125,766589
09/19/2025,104.33984375,104.33984375,104.27734375,104.296875,415690
