05/03/1982,64.1875,64.3125,63.9375,63.9375,0
05/04/1982,63.8125,64.5,63.7188,64.4375,0
05/05/1982,64.593803,64.8125,64.375,64.531197,0
05/06/1982,64.9375,65.406197,64.906197,65.375,0
05/07/1982,65.656197,65.75,65.3125,65.6875,0
05/10/1982,65.406197,65.656197,65.3125,65.468803,0
05/11/1982,65.375,65.843803,65.343803,65.718803,0
05/12/1982,65.5625,65.843803,65.0625,65.25,0
05/13/1982,65.125,65.281197,64.968803,65.031197,0
05/14/1982,65.3125,65.843803,65.25,65.593803,0
05/17/1982,65.031197,65.1875,64.468803,64.531197,0
05/18/1982,64.031197,64.468803,63.875,64.375,0
05/19/1982,64.5,64.718803,64.375,64.375,0
05/20/1982,64.375,64.8125,64.375,64.6875,0
05/21/1982,64.5625,64.781197,64.5,64.531197,0
05/24/1982,64.25,64.468803,64.218803,64.375,0
05/25/1982,64.375,64.5,64.1875,64.343803,0
05/26/1982,64.656197,64.718803,64.093803,64.093803,0
05/27/1982,63.9688,64.156197,63.9062,63.9375,0
05/28/1982,63.8438,64.093803,63.7812,63.875,0
12/01/1982,74.531197,74.656197,73.8125,74.25,0
12/02/1982,74.4375,74.6875,74.343803,74.625,0
12/03/1982,75.156197,75.531197,75.0625,75.5,0
12/06/1982,75.625,75.75,75.468803,75.6875,0
12/07/1982,75.843803,75.875,75.343803,75.375,0
12/08/1982,75.406197,75.4375,74.718803,74.8125,0
12/09/1982,74.8125,75.031197,74.656197,74.968803,0
12/10/1982,74.968803,75.1875,74.5,74.5625,0
12/13/1982,74.4375,74.968803,74.343803,74.8125,0
12/14/1982,76.375,76.375,75.375,75.5,0
12/15/1982,75.25,75.593803,75.093803,75.406197,0
12/16/1982,75.218803,75.375,74.75,74.8125,0
12/17/1982,74.4375,74.8125,74.218803,74.656197,0
12/20/1982,74.468803,74.593803,74.281197,74.4375,0
12/21/1982,74.6875,75.468803,74.5625,75.4375,0
12/22/1982,75.6875,75.968803,75.125,75.281197,0
12/23/1982,74.9375,75.4375,74.843803,75.25,0
12/27/1982,75.8125,75.968803,75.5625,75.875,0
12/28/1982,75.781197,76.0625,75.593803,75.906197,0
12/29/1982,76.031197,76.031197,75.75,75.781197,0
12/30/1982,76.093803,76.3125,76.0625,76.156197,0
01/03/1983,76.343803,76.875,76.343803,76.75,0
01/04/1983,76.6875,76.781197,76.406197,76.593803,0
01/05/1983,76.5625,76.781197,76.3125,76.406197,0
01/06/1983,76.5,76.531197,76.0625,76.218803,0
01/07/1983,76.093803,76.343803,76,76.031197,0
01/10/1983,76.031197,76.093803,75.875,76.0625,0
01/11/1983,75.781197,76.218803,75.781197,76.0625,0
01/12/1983,76.1875,76.468803,76.125,76.375,0
01/13/1983,76.625,76.843803,76.5,76.5,0
01/14/1983,76.5,76.843803,76.5,76.593803,0
01/17/1983,76.5,76.625,76.375,76.531197,0
01/18/1983,76.5,76.625,76.406197,76.5625,0
01/19/1983,76.843803,76.843803,76.25,76.406197,0
01/20/1983,75.9375,75.968803,75.718803,75.843803,0
01/21/1983,76.656197,76.6875,75.718803,75.8125,0
01/24/1983,75.031197,75.281197,74.75,75,0
01/25/1983,74.25,74.656197,74.25,74.625,0
01/26/1983,75.468803,75.5,74.781197,75,0
01/27/1983,74.781197,74.875,74.406197,74.781197,0
01/28/1983,75.031197,75.0625,74.593803,74.75,0
01/31/1983,74.8125,74.843803,74.468803,74.593803,0
02/01/1983,74.093803,74.406197,74.0625,74.218803,0
02/02/1983,74.0625,74.3125,73.718803,74.218803,0
02/03/1983,74.718803,74.8125,74.25,74.281197,0
02/04/1983,73.4375,73.781197,73.218803,73.5,0
02/07/1983,73.375,73.625,73.1875,73.3125,0
02/08/1983,73.4375,73.6875,73.375,73.406197,0
02/09/1983,73.218803,73.3125,73.0625,73.281197,0
02/10/1983,73.031197,73.625,73.031197,73.468803,0
02/11/1983,74.5,74.718803,74.1875,74.343803,0
02/14/1983,74.5,74.625,74.3125,74.531197,0
02/15/1983,74.6875,74.75,74.281197,74.281197,0
02/16/1983,73.343803,74.125,73.3125,73.75,0
02/17/1983,73.718803,74.125,73.6875,74.093803,0
02/18/1983,74.093803,74.5,74.0625,74.5,0
02/22/1983,74.531197,75.0625,74.531197,74.9375,0
02/23/1983,75.6875,76.1875,75.531197,75.531197,0
02/24/1983,75.5625,75.718803,75.406197,75.625,0
02/25/1983,75.218803,75.9375,75.218803,75.781197,0
02/28/1983,77.156197,77.1875,76.5,76.531197,0
12/01/1983,70.843803,70.875,70.656197,70.843803,0
12/02/1983,71.1875,71.1875,70.781197,70.8125,0
12/05/1983,70.1875,70.4375,70.093803,70.406197,0
12/06/1983,70.406197,70.4375,70.218803,70.375,0
12/07/1983,70.3125,70.468803,70.281197,70.343803,0
12/08/1983,70.531197,70.5625,70.218803,70.25,0
12/09/1983,70,70.031197,69.843803,69.875,0
12/12/1983,69.6875,69.9375,69.656197,69.875,0
12/13/1983,69.9375,70,69.8125,69.906197,0
12/14/1983,69.843803,69.9375,69.656197,69.656197,0
12/15/1983,69.375,69.625,69.343803,69.531197,0
12/16/1983,69.625,69.75,69.531197,69.75,0
12/19/1983,69.9375,70.093803,69.875,70.031197,0
12/20/1983,70.0625,70.1875,69.906197,69.9375,0
12/21/1983,70.0625,70.156197,69.875,70,0
12/22/1983,70,70.156197,69.968803,70.125,0
12/23/1983,70.5,70.531197,70.25,70.4375,0
12/27/1983,70.3125,70.468803,70.25,70.406197,0
12/28/1983,70.718803,70.718803,70.375,70.4375,0
12/29/1983,70.3125,70.406197,70.156197,70.25,0
12/30/1983,70.5,70.531197,70.406197,70.468803,0
01/03/1984,70.468803,70.5,70.3125,70.468803,0
01/04/1984,69.531197,70.093803,69.5,70.031197,0
01/05/1984,70.218803,70.375,70,70.125,0
01/06/1984,70.0625,70.375,70.0625,70.343803,0
01/09/1984,70.468803,70.718803,70.4375,70.593803,0
01/10/1984,70.375,70.531197,70.343803,70.4375,0
01/11/1984,70.6875,70.75,70.656197,70.656197,0
01/12/1984,70.593803,70.6875,70.531197,70.531197,0
01/13/1984,69.968803,70.625,69.968803,70.5,0
01/16/1984,71.031197,71.343803,71.031197,71.281197,0
01/17/1984,71.531197,71.531197,71.3125,71.3125,0
01/18/1984,71.343803,71.4375,71.1875,71.25,0
01/19/1984,70.968803,71.1875,70.968803,71.125,0
01/20/1984,71.218803,71.3125,71.093803,71.1875,0
01/23/1984,70.8125,71.093803,70.8125,70.968803,0
01/24/1984,71.156197,71.25,71.0625,71.093803,0
01/25/1984,71.156197,71.156197,71,71.093803,0
01/26/1984,70.906197,71,70.843803,71,0
01/27/1984,71.1875,71.218803,71.093803,71.093803,0
01/30/1984,71.218803,71.3125,71,71.0625,0
01/31/1984,70.906197,71.031197,70.875,70.968803,0
02/01/1984,70.843803,70.968803,70.781197,70.9375,0
02/02/1984,70.8125,71.0625,70.8125,71,0
02/03/1984,71.218803,71.25,70.843803,71.1875,0
02/06/1984,71.1875,71.25,71.031197,71.156197,0
02/07/1984,70.906197,70.9375,70.718803,70.875,0
02/08/1984,70.781197,70.875,70.625,70.8125,0
02/09/1984,70.656197,70.8125,70.656197,70.781197,0
02/10/1984,70.843803,70.843803,70.625,70.656197,0
02/14/1984,69.968803,70.375,69.9375,70.3125,0
02/15/1984,70.156197,70.375,70.125,70.25,0
02/16/1984,70.3125,70.468803,70.281197,70.375,0
02/17/1984,70.5,70.625,70.343803,70.343803,0
02/21/1984,69.843803,70.031197,69.843803,70,0
02/22/1984,70.218803,70.281197,70.093803,70.093803,0
02/23/1984,70.25,70.3125,69.9375,69.968803,0
02/24/1984,69.4375,69.5,69.343803,69.5,0
02/27/1984,70.125,70.125,69.6875,69.781197,0
02/28/1984,69.5625,69.656197,69.375,69.5,0
02/29/1984,69.156197,69.406197,69.125,69.3125,0
03/01/1984,69.343803,69.531197,69.25,69.5,0
03/02/1984,69.5625,69.593803,69.406197,69.5,0
03/05/1984,70.375,70.406197,69.968803,69.968803,0
03/06/1984,69.5,69.718803,69.4375,69.531197,0
03/07/1984,69.906197,69.9375,69.281197,69.406197,0
03/08/1984,69,69.125,68.8125,69,0
03/09/1984,68.781197,69.031197,68.625,68.9375,0
03/12/1984,68.593803,69.0625,68.593803,68.843803,0
03/13/1984,69.093803,69.25,68.843803,68.906197,0
03/14/1984,68.781197,68.968803,68.593803,68.8125,0
03/15/1984,68.593803,68.781197,68.5625,68.656197,0
03/16/1984,69.4375,69.4375,68.75,68.75,0
03/19/1984,68.9375,69.031197,68.593803,68.718803,0
03/20/1984,67.9375,68.406197,67.9375,68.25,0
03/21/1984,68.3125,68.625,68.281197,68.375,0
03/22/1984,68.1875,68.281197,67.9375,68.25,0
03/23/1984,68.406197,68.5,68.125,68.1875,0
03/26/1984,68.4375,68.5,68.343803,68.375,0
03/27/1984,68.6875,68.6875,68.343803,68.343803,0
03/28/1984,68.031197,68.25,67.8125,68.218803,0
03/29/1984,68.0625,68.281197,68.031197,68.25,0
03/30/1984,68.375,68.406197,68.156197,68.1875,0
04/02/1984,68.093803,68.3125,67.875,67.9375,0
04/03/1984,67.9375,68.125,67.718803,67.875,0
04/04/1984,67.656197,67.906197,67.5625,67.656197,0
04/05/1984,67.593803,67.781197,67.406197,67.5625,0
04/06/1984,67.5,67.6875,67.343803,67.656197,0
04/09/1984,68.156197,68.375,68,68.25,0
04/10/1984,68.593803,68.625,68.3125,68.343803,0
04/11/1984,68.1875,68.3125,68.093803,68.25,0
04/12/1984,68,68.093803,67.906197,68.0625,0
04/13/1984,69.343803,69.343803,68.593803,68.593803,0
04/16/1984,67.9375,67.9375,67.625,67.843803,0
04/17/1984,67.718803,67.843803,67.656197,67.781197,0
04/18/1984,68.4375,68.4375,68,68,0
04/19/1984,67.406197,67.5625,67.343803,67.4375,0
04/23/1984,67.3125,67.5,67.218803,67.218803,0
04/24/1984,67,67.0625,66.75,67.0625,0
04/25/1984,67,67.218803,67,67.1875,0
04/26/1984,67.3125,67.5,67.25,67.375,0
04/27/1984,67.625,67.718803,67.343803,67.468803,0
04/30/1984,67.093803,67.093803,66.9375,67.093803,0
05/01/1984,67.093803,67.218803,67.031197,67.031197,0
05/02/1984,66.8125,66.968803,66.781197,66.9375,0
05/03/1984,67,67.0625,66.8125,66.875,0
05/04/1984,67.218803,67.218803,66.718803,66.781197,0
05/07/1984,66.25,66.343803,66.031197,66.093803,0
05/08/1984,65.5,65.968803,65.5,65.875,0
05/09/1984,66.4375,66.5625,66.156197,66.156197,0
05/10/1984,65.6875,66.031197,65.5625,65.6875,0
05/11/1984,66.031197,66.218803,64.6875,65.406197,0
05/14/1984,65.406197,65.5,64.531197,64.843803,0
05/15/1984,63.75,64.406197,63.6562,64.281197,0
05/16/1984,64.281197,64.656197,63.9375,64.5,0
05/17/1984,64.875,64.9375,64.4375,64.531197,0
05/18/1984,63.8438,64.281197,63.6875,64.093803,0
05/21/1984,64.406197,64.781197,64.3125,64.406197,0
05/22/1984,64.531197,64.531197,64.281197,64.4375,0
05/23/1984,64.406197,64.5,64.1875,64.281197,0
05/24/1984,64.5,64.625,64,64.156197,0
05/25/1984,63.9375,63.9375,63.375,63.5625,0
05/29/1984,64,64,63.3438,63.4062,0
05/30/1984,63,63.1875,62.5312,62.9062,0
05/31/1984,62.6562,63,62.5625,62.6875,0
12/03/1984,70.75,71.156197,70.75,70.906197,0
12/04/1984,71.031197,71.156197,70.875,71.031197,0
12/05/1984,71.4375,71.656197,71.1875,71.218803,0
12/06/1984,71.125,71.1875,70.8125,70.906197,0
12/07/1984,71.218803,71.375,70.75,70.843803,0
12/10/1984,69.968803,70.375,69.968803,70.343803,0
12/11/1984,70.4375,70.718803,70.343803,70.5,0
12/12/1984,70.968803,71.125,70.875,70.968803,0
12/13/1984,71.5625,71.656197,71.031197,71.031197,0
12/14/1984,69.906197,70.781197,69.718803,70.4375,0
12/17/1984,70.593803,71.093803,70.593803,70.9375,0
12/18/1984,70.875,71.25,70.8125,71.156197,0
12/19/1984,71.9375,71.968803,71.656197,71.8125,0
12/20/1984,71.75,72.156197,71.656197,71.8125,0
12/21/1984,71.718803,71.75,71.5,71.656197,0
12/24/1984,71.75,71.875,71.6875,71.781197,0
12/26/1984,72.5625,72.5625,71.906197,71.968803,0
12/27/1984,71.375,71.593803,71.281197,71.343803,0
12/28/1984,71.1875,71.4375,71.125,71.375,0
12/31/1984,71.8125,71.875,71.343803,71.406197,0
01/02/1985,71.9375,71.9375,71.343803,71.375,0
01/03/1985,69.843803,70.593803,69.8125,70.4375,0
01/04/1985,71.1875,71.218803,70.625,70.8125,0
01/07/1985,70.125,70.5,70.031197,70.4375,0
01/08/1985,71.1875,71.375,70.906197,71.281197,0
01/09/1985,71.531197,71.781197,71.4375,71.5,0
01/10/1985,71.406197,71.4375,71.156197,71.406197,0
01/11/1985,71.843803,71.9375,71.3125,71.375,0
01/14/1985,70.875,71.093803,70.75,70.9375,0
01/15/1985,70.906197,71,70.6875,70.781197,0
01/16/1985,71.031197,71.281197,71,71.1875,0
01/17/1985,71.218803,71.4375,71.156197,71.218803,0
01/18/1985,71.281197,71.5625,71.25,71.406197,0
01/22/1985,71.0625,71.781197,71.031197,71.781197,0
01/23/1985,72.593803,72.781197,72.5,72.5625,0
01/24/1985,71.875,72.781197,71.781197,72.6875,0
01/25/1985,73.625,73.906197,73.3125,73.4375,0
01/28/1985,72.968803,73.3125,72.8125,73.0625,0
01/29/1985,72.718803,73.093803,72.656197,73.031197,0
01/30/1985,73.4375,73.593803,73.093803,73.156197,0
01/31/1985,73.4375,73.593803,73.093803,73.25,0
02/01/1985,73.281197,73.3125,72.8125,72.906197,0
02/04/1985,72.25,72.5,72.156197,72.375,0
02/05/1985,72.1875,72.3125,72,72.156197,0
02/06/1985,72.75,72.8125,72.25,72.281197,0
02/07/1985,72.0625,72.25,71.781197,71.875,0
02/08/1985,71.093803,71.718803,71.0625,71.656197,0
02/11/1985,72.125,72.3125,71.781197,71.875,0
02/13/1985,71.75,71.906197,71.625,71.75,0
02/14/1985,71.75,72.093803,71.718803,71.968803,0
02/15/1985,72.8125,72.875,72.281197,72.343803,0
02/19/1985,71.281197,71.5,71.281197,71.468803,0
02/20/1985,72.031197,72.031197,71.5625,71.5625,0
02/21/1985,71.093803,71.093803,70.843803,71,0
02/22/1985,70.9375,71.093803,70.0625,70.4375,0
02/25/1985,70.0625,70.0625,69.6875,70.0625,0
02/26/1985,69.9375,70.156197,69.656197,70.0625,0
02/27/1985,70.6875,70.6875,70.125,70.156197,0
02/28/1985,69.718803,69.75,69.156197,69.375,0
03/01/1985,68.906197,69.5,68.875,69.4375,0
03/04/1985,69.781197,70.093803,69.375,69.468803,0
03/05/1985,69.093803,69.281197,69.031197,69.218803,0
03/06/1985,69.968803,70.125,69.5,69.5625,0
03/07/1985,69.218803,69.343803,68.968803,69.1875,0
03/08/1985,68.625,69.1875,68.625,69.093803,0
03/11/1985,70.031197,70.156197,69.875,70.0625,0
03/12/1985,69.875,70.031197,69.843803,70,0
03/13/1985,69.8125,70.031197,69.75,69.8125,0
03/14/1985,69.375,69.625,69.218803,69.5625,0
03/15/1985,69.5625,69.843803,69.406197,69.4375,0
03/18/1985,69.75,69.781197,69.1875,69.281197,0
03/19/1985,68.593803,68.9375,68.531197,68.906197,0
03/20/1985,69.0625,69.156197,68.8125,69,0
03/21/1985,69.156197,69.593803,69.125,69.3125,0
03/22/1985,69.718803,69.843803,69.593803,69.6875,0
03/25/1985,69.25,69.531197,69.125,69.5,0
03/26/1985,69.406197,69.6875,69.218803,69.656197,0
03/27/1985,69.781197,69.906197,69.5625,69.656197,0
03/28/1985,68.968803,69.625,68.906197,69.4375,0
03/29/1985,69.718803,70.1875,69.625,70.093803,0
04/01/1985,70.4375,70.718803,70.375,70.468803,0
04/02/1985,70.5,70.625,70.406197,70.5,0
04/03/1985,70.4375,70.5,70.281197,70.343803,0
04/04/1985,70.156197,70.1875,69.8125,70.031197,0
04/08/1985,70.031197,70.468803,69.9375,70.031197,0
04/09/1985,69.4375,70.0625,69.375,69.968803,0
04/10/1985,70.281197,70.656197,70.218803,70.4375,0
04/11/1985,70.6875,71.218803,70.6875,70.906197,0
04/12/1985,71.843803,71.843803,71.5,71.593803,0
04/15/1985,71.3125,71.5625,71.156197,71.468803,0
04/16/1985,71.281197,71.781197,71.25,71.75,0
04/17/1985,72.25,72.5625,72.0625,72.218803,0
04/18/1985,72,72.375,71.9375,72,0
04/19/1985,72.625,73,72.468803,72.625,0
04/22/1985,72.468803,72.625,72.1875,72.531197,0
04/23/1985,72.906197,73.0625,72.4375,72.625,0
04/24/1985,72.3125,72.406197,72.156197,72.25,0
04/25/1985,72.281197,72.343803,72.031197,72.156197,0
04/26/1985,71.218803,71.75,71.218803,71.718803,0
04/29/1985,71.781197,71.9375,71.718803,71.781197,0
04/30/1985,71.0625,71.4375,71.031197,71.281197,0
05/01/1985,71.125,71.625,71.0625,71.468803,0
05/02/1985,71.781197,72.0625,71.718803,72.031197,0
05/03/1985,72.0625,72.343803,71.968803,72.031197,0
05/06/1985,72.4375,72.5,72.3125,72.468803,0
05/07/1985,72.718803,73.031197,72.5625,72.593803,0
05/08/1985,72.968803,72.968803,72.531197,72.593803,0
05/09/1985,71.593803,72.031197,71.593803,72,0
05/10/1985,72.25,72.5625,72.1875,72.5,0
05/13/1985,73.343803,73.375,73.156197,73.218803,0
05/14/1985,72.531197,73.281197,72.468803,73.1875,0
05/15/1985,74.1875,74.468803,73.875,73.906197,0
05/16/1985,73.218803,73.843803,73.218803,73.75,0
05/17/1985,74.031197,74.093803,73.8125,74,0
05/20/1985,73.75,74.218803,73.531197,73.875,0
05/21/1985,75.093803,75.25,74.9375,75.125,0
05/22/1985,75.093803,75.218803,74.8125,74.906197,0
05/23/1985,74.625,74.9375,74.531197,74.906197,0
05/24/1985,74.625,74.8125,74.5625,74.75,0
05/28/1985,74.8125,75.281197,74.8125,75.125,0
05/29/1985,75.6875,75.8125,75.5,75.781197,0
05/30/1985,75.406197,75.718803,75.156197,75.6875,0
05/31/1985,75.4375,76.0625,75.375,75.968803,0
12/02/1985,79.781197,80.0625,79.1875,79.25,0
12/03/1985,78.5625,78.781197,78.375,78.75,0
12/04/1985,78.6875,79.0625,78.593803,79.031197,0
12/05/1985,78.906197,79.156197,78.875,79.031197,0
12/06/1985,78.968803,79.3125,78.8125,79,0
12/09/1985,78.343803,78.968803,78.25,78.906197,0
12/10/1985,79.843803,80.031197,79.625,79.906197,0
12/11/1985,79.718803,80.5625,79.718803,80.343803,0
12/12/1985,81.468803,81.8125,81.093803,81.25,0
12/13/1985,81.125,81.125,80.75,80.843803,0
12/16/1985,80.843803,81.281197,80.75,81.156197,0
12/17/1985,81.531197,81.75,81.281197,81.625,0
12/18/1985,82.1875,82.281197,81.75,82,0
12/19/1985,81.718803,82.1875,81.468803,81.9375,0
12/20/1985,81.218803,82.125,81.125,81.843803,0
12/23/1985,81.843803,82.093803,81.781197,81.906197,0
12/24/1985,82.031197,82.031197,81.8125,81.906197,0
12/26/1985,81.75,82.3125,81.75,81.968803,0
12/27/1985,82.1875,82.3125,81.968803,82.125,0
12/30/1985,82.75,82.843803,82.343803,82.375,0
12/31/1985,82.25,82.281197,82.093803,82.1875,0
01/02/1986,82.406197,82.656197,82.218803,82.343803,0
01/03/1986,81.906197,82.281197,81.843803,82.156197,0
01/06/1986,81.968803,82.218803,81.968803,82,0
01/07/1986,81.5625,81.9375,81.375,81.906197,0
01/08/1986,83.718803,83.875,82.531197,82.656197,0
01/09/1986,81.8125,82,81.218803,81.75,0
01/10/1986,81.093803,81.531197,80.906197,80.968803,0
01/13/1986,80.656197,81,80.3125,80.375,0
01/14/1986,79.781197,79.843803,79.4375,79.718803,0
01/15/1986,79.843803,80.406197,79.656197,80.1875,0
01/16/1986,81.25,81.3125,80.625,81.0625,0
01/17/1986,80.75,81.1875,80.718803,80.843803,0
01/21/1986,81.218803,81.343803,80.875,81.093803,0
01/22/1986,81.875,81.906197,81.1875,81.25,0
01/23/1986,80.8125,80.968803,80.593803,80.968803,0
01/24/1986,80.718803,81.031197,80.656197,80.968803,0
01/27/1986,81.031197,81.343803,80.906197,81.343803,0
01/28/1986,81.781197,81.9375,81.5,81.906197,0
01/29/1986,82.656197,82.781197,82.25,82.3125,0
01/30/1986,82.3125,82.343803,82,82.125,0
01/31/1986,81.875,82.343803,81.843803,82.0625,0
02/03/1986,82.031197,82.218803,81.875,82.1875,0
02/04/1986,82.5625,82.6875,82.375,82.5,0
02/05/1986,83.3125,83.5,82.875,82.906197,0
02/06/1986,82.843803,82.843803,82.281197,82.468803,0
02/07/1986,82.093803,82.593803,81.718803,82.468803,0
02/10/1986,81.375,81.9375,81.375,81.906197,0
02/11/1986,82.218803,82.5625,82.218803,82.531197,0
02/12/1986,82.718803,83.156197,82.625,82.9375,0
02/13/1986,83.0625,83.218803,82.875,83.1875,0
02/14/1986,83.218803,83.531197,82.843803,83.468803,0
02/18/1986,84.625,84.656197,84.0625,84.4375,0
02/19/1986,83.8125,84.5625,83.781197,83.906197,0
02/20/1986,83.375,83.625,83.218803,83.625,0
02/21/1986,83.343803,83.875,83.218803,83.781197,0
02/24/1986,84.281197,85.218803,84.031197,84.843803,0
02/25/1986,85.156197,85.4375,85.156197,85.281197,0
02/26/1986,84.656197,85.1875,84.625,85.156197,0
02/27/1986,85.3125,86.1875,84.9375,85.6875,0
02/28/1986,87.968803,88.156197,86.375,86.75,0
03/03/1986,86.25,87.156197,85.9375,86.968803,0
03/04/1986,88.156197,88.531197,87.75,87.8125,0
03/05/1986,89.0625,89.531197,87.968803,88.25,0
03/06/1986,88.1875,88.531197,87.125,87.375,0
03/07/1986,87,87.593803,85.843803,87.468803,0
03/10/1986,87.25,88.25,87.125,88.125,0
03/11/1986,89.281197,89.625,88.968803,89.093803,0
03/12/1986,89.718803,89.781197,89.031197,89.406197,0
03/13/1986,89.5625,89.781197,88.968803,89.718803,0
03/14/1986,89.5625,89.718803,89.093803,89.281197,0
03/17/1986,90.093803,90.156197,89.375,89.531197,0
03/18/1986,89.093803,89.9375,88.6875,89.0625,0
03/19/1986,88.468803,89.125,88.4375,89,0
03/20/1986,88.8125,89.125,88.781197,88.9375,0
03/21/1986,89.593803,89.781197,88.968803,89,0
03/24/1986,88.625,89.031197,88.5,88.968803,0
03/25/1986,89.5625,89.781197,89.3125,89.5625,0
03/26/1986,89.1875,89.5625,89.1875,89.531197,0
03/27/1986,90.1875,90.218803,89.843803,90.093803,0
03/31/1986,90.4375,91.093803,90.281197,91.031197,0
04/01/1986,92.375,93.156197,91.75,91.8125,0
04/02/1986,92.281197,93.125,91.781197,93.031197,0
04/03/1986,92.625,92.781197,91.875,91.906197,0
04/04/1986,91.8125,92.218803,91.281197,91.343803,0
04/07/1986,91.031197,91.843803,90.843803,91.281197,0
04/08/1986,90.875,91.4375,90.625,91.343803,0
04/09/1986,92.5,92.718803,91.906197,92.25,0
04/10/1986,92.4375,93,92.25,92.5625,0
04/11/1986,93.468803,93.468803,92.593803,92.656197,0
04/14/1986,91.906197,92.3125,91.75,92.281197,0
04/15/1986,93.218803,93.281197,92.625,92.843803,0
04/16/1986,92.156197,92.781197,91.968803,92.656197,0
04/17/1986,94.531197,94.8125,93.8125,94.25,0
04/18/1986,94.4375,94.4375,93.718803,93.781197,0
04/21/1986,92.781197,93.531197,92.718803,93.281197,0
04/22/1986,95.375,95.531197,93.75,93.843803,0
04/23/1986,92.531197,93.25,92.156197,92.593803,0
04/24/1986,92.531197,92.5625,91.593803,91.75,0
04/25/1986,91.25,91.406197,90.656197,90.781197,0
04/28/1986,89.656197,90.218803,89.5625,90.1875,0
04/29/1986,90.8125,91.281197,90.6875,91.125,0
04/30/1986,91.5,91.968803,91.406197,91.718803,0
05/01/1986,92.1875,92.375,91.593803,91.656197,0
05/02/1986,91.625,91.625,91.1875,91.343803,0
05/05/1986,90.1875,91.125,89.9375,91,0
05/06/1986,91.6875,91.906197,91.375,91.468803,0
05/07/1986,91.1875,91.375,90.968803,91.25,0
05/08/1986,91.031197,91.031197,90.6875,90.906197,0
05/09/1986,90.781197,91.468803,90.125,91.125,0
05/12/1986,91.343803,91.625,90.906197,91.0625,0
05/13/1986,88.4375,90.125,88.4375,89.906197,0
05/14/1986,90.6875,90.843803,89.968803,90.156197,0
05/15/1986,90.718803,91.093803,89.656197,89.968803,0
05/16/1986,88.75,89.125,88.281197,88.343803,0
05/19/1986,87.593803,88.0625,87.343803,87.343803,0
05/20/1986,85.6875,87.0625,85.593803,87.031197,0
05/21/1986,88.218803,88.468803,87.625,87.8125,0
05/22/1986,88,88.25,87.5625,87.75,0
05/23/1986,87.406197,87.9375,87.406197,87.8125,0
05/27/1986,87.843803,87.968803,87.6875,87.968803,0
05/28/1986,88.906197,89.093803,88.5625,88.656197,0
05/29/1986,89.906197,89.906197,88.5625,88.6875,0
05/30/1986,87.281197,87.8125,87.031197,87.093803,0
12/01/1986,92.125,92.3125,91.9375,92.25,0
12/02/1986,91.25,92.031197,91.1875,92,0
12/03/1986,93.343803,93.343803,92.875,92.9375,0
12/04/1986,92.406197,93,92.406197,92.843803,0
12/05/1986,93.906197,93.906197,93.125,93.156197,0
12/08/1986,91.968803,92.406197,91.781197,92.343803,0
12/09/1986,92.781197,92.843803,92.5625,92.6875,0
12/10/1986,92.531197,92.843803,92.406197,92.75,0
12/11/1986,93.1875,93.218803,92.718803,92.843803,0
12/12/1986,92.218803,92.531197,92.0625,92.375,0
12/15/1986,91.968803,92.343803,91.875,92.218803,0
12/16/1986,92.281197,92.4375,92.125,92.281197,0
12/17/1986,92.5,92.656197,92.4375,92.531197,0
12/18/1986,93,93.093803,92.718803,92.8125,0
12/19/1986,92.468803,92.6875,92.468803,92.593803,0
12/22/1986,92.4375,92.718803,92.343803,92.656197,0
12/23/1986,92.625,92.781197,92.531197,92.6875,0
12/24/1986,93,93,92.843803,92.875,0
12/26/1986,92.843803,92.843803,92.656197,92.781197,0
12/29/1986,93.156197,93.156197,92.75,92.781197,0
12/30/1986,92.218803,92.25,92.0625,92.093803,0
12/31/1986,91.968803,92.031197,91.718803,91.781197,0
01/02/1987,91.218803,91.843803,91.1875,91.8125,0
01/05/1987,92.125,92.281197,91.875,92.25,0
01/06/1987,92.9375,92.968803,92.6875,92.8125,0
01/07/1987,92.5,92.8125,92.406197,92.781197,0
01/08/1987,93.125,93.1875,92.875,92.906197,0
01/09/1987,92.9375,93.125,92.5625,93.0625,0
01/12/1987,92.4375,92.625,92.3125,92.375,0
01/13/1987,93,93.125,92.875,93.031197,0
01/14/1987,92.875,93.093803,92.6875,92.75,0
01/15/1987,92.718803,92.8125,92.5625,92.718803,0
01/16/1987,92.718803,92.968803,92.6875,92.9375,0
01/20/1987,93.281197,93.343803,93.125,93.1875,0
01/21/1987,93.25,93.4375,93.218803,93.3125,0
01/22/1987,93.3125,93.468803,93.218803,93.343803,0
01/23/1987,93.375,93.6875,93.156197,93.25,0
01/26/1987,93.218803,93.281197,92.843803,92.968803,0
01/27/1987,92.218803,92.343803,92.0625,92.218803,0
01/28/1987,91.843803,92.343803,91.843803,92.3125,0
01/29/1987,92.656197,92.656197,92.5,92.531197,0
01/30/1987,92.906197,92.906197,92.4375,92.5,0
02/02/1987,92.125,92.25,91.968803,92.1875,0
02/03/1987,91.968803,92.0625,91.875,91.9375,0
02/04/1987,91.843803,92,91.781197,91.906197,0
02/05/1987,91.406197,91.875,91.406197,91.843803,0
02/06/1987,92.3125,92.4375,92.125,92.3125,0
02/09/1987,92.6875,92.75,92.218803,92.25,0
02/10/1987,92,92.093803,91.5625,91.875,0
02/11/1987,91.5625,91.718803,91.093803,91.281197,0
02/12/1987,91.0625,91.343803,91.0625,91.3125,0
02/13/1987,91.656197,91.906197,91.593803,91.593803,0
02/17/1987,91.375,91.6875,91.281197,91.6875,0
02/18/1987,91.1875,91.531197,91.1875,91.5,0
02/19/1987,91.625,91.781197,91.5,91.625,0
02/20/1987,91.968803,92.1875,91.9375,92.093803,0
02/23/1987,91.593803,91.906197,91.4375,91.906197,0
02/24/1987,91.843803,92.125,91.8125,92.031197,0
02/25/1987,92.531197,92.593803,92.343803,92.406197,0
02/26/1987,92.1875,92.3125,92,92.125,0
02/27/1987,92.156197,92.406197,92.156197,92.218803,0
03/02/1987,92.531197,92.531197,92.3125,92.343803,0
03/03/1987,92.5,92.5625,92.3125,92.375,0
03/04/1987,91.625,92.156197,91.5625,92.093803,0
03/05/1987,92.75,92.75,92.5,92.625,0
03/06/1987,92.656197,92.656197,92.343803,92.4375,0
03/09/1987,91.843803,92,91.781197,91.968803,0
03/10/1987,92.0625,92.156197,91.9375,92.031197,0
03/11/1987,91.906197,92.093803,91.75,92.031197,0
03/12/1987,92,92.125,91.9375,92,0
03/13/1987,92.125,92.218803,92,92.125,0
03/16/1987,92.375,92.406197,92.25,92.281197,0
03/17/1987,91.968803,92.1875,91.875,92.156197,0
03/18/1987,92.406197,92.4375,92.156197,92.218803,0
03/19/1987,92,92.25,91.968803,92.125,0
03/20/1987,92.281197,92.406197,92.156197,92.1875,0
03/23/1987,92.218803,92.25,92.093803,92.093803,0
03/24/1987,91.968803,92.093803,91.906197,92,0
03/25/1987,91.8125,91.9375,91.75,91.843803,0
03/26/1987,91.781197,91.9375,91.781197,91.906197,0
03/27/1987,92.343803,92.4375,91.906197,92.031197,0
03/30/1987,91.968803,92.125,91.281197,91.406197,0
03/31/1987,89.875,90.093803,89.343803,90,0
04/01/1987,90.25,90.4375,90.093803,90.3125,0
04/02/1987,90.218803,90.375,89.6875,89.718803,0
04/03/1987,89.9375,90.156197,89.5625,89.906197,0
04/06/1987,89.781197,89.9375,89.625,89.75,0
04/07/1987,90.406197,90.531197,90.031197,90.031197,0
04/08/1987,89.875,89.906197,89.531197,89.625,0
04/09/1987,90.843803,90.968803,89,89.656197,0
04/10/1987,89.125,89.281197,88.3125,88.656197,0
04/13/1987,88.5,88.593803,87.718803,87.718803,0
04/14/1987,86.5625,88.156197,85.718803,87.093803,0
04/15/1987,86.5,86.5,85.531197,85.906197,0
04/16/1987,86.9375,87.375,86.843803,87.093803,0
04/20/1987,88.1875,88.406197,86.75,87.093803,0
04/21/1987,85.75,86.093803,84.906197,86.0625,0
04/22/1987,86.593803,86.968803,86.156197,86.4375,0
04/23/1987,86.031197,86.593803,85.6875,85.8125,0
04/24/1987,85.281197,85.5625,84.625,84.8125,0
04/27/1987,83.1875,84.625,83.0625,84.4375,0
04/28/1987,84.875,85.625,84.6875,85.4375,0
04/29/1987,86.5625,86.593803,85.718803,85.8125,0
04/30/1987,84.593803,86.218803,84.343803,85.3125,0
05/01/1987,87.406197,87.5625,86.25,86.375,0
05/04/1987,85.906197,85.9375,85.125,85.218803,0
05/05/1987,84.0625,84.6875,84,84.5625,0
05/06/1987,85.531197,85.6875,84.875,85.093803,0
05/07/1987,83.718803,84.406197,83.5,84.218803,0
05/08/1987,84.3125,85.125,84.281197,84.8125,0
05/11/1987,86.093803,86.1875,84.843803,84.9375,0
05/12/1987,83.281197,83.906197,82.843803,83.75,0
05/13/1987,83.718803,83.9375,83.218803,83.6875,0
05/14/1987,84.781197,84.875,84.25,84.3125,0
05/15/1987,85.5,85.593803,84.0625,84.093803,0
05/18/1987,82.281197,82.968803,82.0625,82.875,0
05/19/1987,83.718803,84.031197,83.0625,83.125,0
05/20/1987,81.843803,82.375,81.6875,82.031197,0
05/21/1987,81.75,82.5,81.75,82.093803,0
05/22/1987,81.625,82.406197,81.625,82.375,0
05/26/1987,82.093803,82.906197,82.0625,82.843803,0
05/27/1987,84.781197,84.843803,84.093803,84.218803,0
05/28/1987,83.781197,83.9375,83.4375,83.9375,0
05/29/1987,83.9375,84.531197,83.8125,84.218803,0
12/01/1987,82.0625,82.0625,81.6875,81.9375,0
12/02/1987,81.781197,81.875,81.593803,81.781197,0
12/03/1987,81.5,81.9375,81.468803,81.8125,0
12/04/1987,82.531197,82.531197,82.0625,82.156197,0
12/07/1987,82.625,82.625,81.968803,82.031197,0
12/08/1987,81.593803,81.875,81.4375,81.5,0
12/09/1987,81.031197,81.5,81.031197,81.343803,0
12/10/1987,82.531197,82.531197,81.375,81.5,0
12/11/1987,80.6875,80.75,80.156197,80.531197,0
12/14/1987,80.093803,80.4375,80.093803,80.343803,0
12/15/1987,79.6875,80.5625,79.6875,80.531197,0
12/16/1987,80.843803,81.343803,80.406197,81.343803,0
12/17/1987,81.9375,82.375,81.656197,81.781197,0
12/18/1987,80.9375,81.75,80.8125,81.656197,0
12/21/1987,82.406197,82.656197,82.0625,82.375,0
12/22/1987,82.781197,82.781197,82.375,82.5,0
12/23/1987,81.468803,82.218803,81.468803,82.156197,0
12/24/1987,82.9375,83.156197,82.781197,82.8125,0
12/28/1987,82.906197,83,82.375,82.8125,0
12/29/1987,81.718803,82.1875,81.6875,82.1875,0
12/30/1987,82.5,82.9375,82.375,82.8125,0
12/31/1987,83.406197,83.4375,82.906197,82.968803,0
01/04/1988,82.3125,83.5,82.156197,82.843803,0
01/05/1988,82.5625,83.0625,82.531197,82.6875,0
01/06/1988,83.781197,83.843803,83.25,83.3125,0
01/07/1988,82.843803,83.031197,82.5,82.843803,0
01/08/1988,84.093803,84.156197,82.875,82.875,0
01/11/1988,81.75,82,81.406197,81.875,0
01/12/1988,82.218803,82.8125,82.1875,82.343803,0
01/13/1988,81.968803,82.406197,81.718803,82.281197,0
01/14/1988,82.5,82.718803,82.281197,82.625,0
01/15/1988,81.1875,82.781197,81.1875,82.6875,0
01/19/1988,84.1875,84.3125,83.968803,84.1875,0
01/20/1988,83.6875,84.1875,83.656197,84.031197,0
01/21/1988,83.656197,84.5,83.5625,84.156197,0
01/22/1988,84.4375,84.75,84.375,84.593803,0
01/25/1988,84.5625,84.9375,84.531197,84.8125,0
01/26/1988,85.4375,85.531197,84.875,84.968803,0
01/27/1988,83.656197,84.625,83.4375,84.531197,0
01/28/1988,85.218803,85.875,85.1875,85.4375,0
01/29/1988,85.25,85.718803,85.1875,85.718803,0
02/01/1988,86.468803,86.656197,86.031197,86.093803,0
02/02/1988,85.5625,86.25,85.343803,86.156197,0
02/03/1988,87.156197,87.343803,86.468803,86.5625,0
02/04/1988,86.218803,86.218803,85.75,86.156197,0
02/05/1988,85.281197,86.4375,85.25,86.1875,0
02/08/1988,87.156197,87.156197,86.656197,86.781197,0
02/09/1988,86.25,86.5625,86.093803,86.4375,0
02/10/1988,86.218803,86.656197,86.218803,86.5625,0
02/11/1988,87.156197,87.218803,86.5625,86.875,0
02/12/1988,87.375,87.531197,86.531197,86.593803,0
02/16/1988,85.875,86.031197,85.656197,86,0
02/17/1988,85.5,85.75,85.406197,85.4375,0
02/18/1988,85.156197,85.4375,84.875,85.375,0
02/19/1988,85.468803,85.6875,85.343803,85.5625,0
02/22/1988,85.468803,85.718803,85.343803,85.6875,0
02/23/1988,85.1875,85.656197,85.125,85.656197,0
02/24/1988,86.406197,86.468803,86.125,86.218803,0
02/25/1988,86.25,86.843803,86,86.156197,0
02/26/1988,85.625,86.031197,85.406197,85.968803,0
02/29/1988,86.093803,86.531197,86.093803,86.218803,0
03/01/1988,86.281197,86.656197,86.1875,86.3125,0
03/02/1988,85.968803,86.4375,85.968803,86.218803,0
03/03/1988,86.3125,86.5,86.25,86.406197,0
03/04/1988,87.5,87.5625,86.375,86.468803,0
03/07/1988,85.406197,85.656197,85.406197,85.5,0
03/08/1988,85.343803,85.468803,85.0625,85.3125,0
03/09/1988,85.0625,85.281197,84.968803,85.1875,0
03/10/1988,85.4375,85.468803,85.0625,85.218803,0
03/11/1988,84.718803,85.375,84.625,85.1875,0
03/14/1988,85.375,85.625,85.375,85.5,0
03/15/1988,85.375,85.593803,85.375,85.5,0
03/16/1988,85.75,85.8125,85.343803,85.406197,0
03/17/1988,84.4375,85.156197,84.4375,85.031197,0
03/18/1988,86.125,86.156197,85.375,85.375,0
03/21/1988,84.843803,84.843803,84.375,84.718803,0
03/22/1988,84.531197,84.843803,84.281197,84.468803,0
03/23/1988,84.5625,84.718803,84.3125,84.5,0
03/24/1988,84.531197,84.625,84.093803,84.5,0
03/25/1988,83.968803,84.343803,83.843803,84.218803,0
03/28/1988,85.125,85.1875,84.4375,84.5,0
03/29/1988,83.3125,83.906197,83.3125,83.781197,0
03/30/1988,84.156197,84.375,83.906197,84.031197,0
03/31/1988,83.9375,84,83.6875,83.906197,0
04/04/1988,83.625,83.968803,83.625,83.906197,0
04/05/1988,83.531197,83.625,83.3125,83.468803,0
04/06/1988,83.25,83.6875,83.093803,83.5625,0
04/07/1988,84.031197,84.0625,83.781197,83.906197,0
04/08/1988,83.406197,84,83.375,83.968803,0
04/11/1988,84.781197,84.843803,84.3125,84.375,0
04/12/1988,83.75,83.968803,83.593803,83.9375,0
04/13/1988,84.031197,84.1875,83.718803,84.093803,0
04/14/1988,85.031197,85.031197,83.875,84.25,0
04/15/1988,84.093803,84.156197,83.531197,83.718803,0
04/18/1988,83.406197,83.406197,82.968803,83.156197,0
04/19/1988,82.6875,83.031197,82.656197,82.718803,0
04/20/1988,82.468803,82.625,82.281197,82.593803,0
04/21/1988,82.75,82.968803,82.6875,82.781197,0
04/22/1988,82.531197,82.9375,82.5,82.8125,0
04/25/1988,82.906197,83.093803,82.8125,82.968803,0
04/26/1988,83.125,83.3125,82.968803,83,0
04/27/1988,82.875,83,82.75,82.906197,0
04/28/1988,83.1875,83.218803,82.8125,82.843803,0
04/29/1988,82.343803,82.593803,82.156197,82.406197,0
05/02/1988,82.625,82.8125,82.343803,82.406197,0
05/03/1988,82.0625,82.3125,82.031197,82.25,0
05/04/1988,82.375,82.531197,82.343803,82.406197,0
05/05/1988,82.281197,82.406197,82.156197,82.281197,0
05/06/1988,82.718803,82.718803,82.218803,82.25,0
05/09/1988,81.875,81.875,81.593803,81.75,0
05/10/1988,81.9375,82.0625,81.718803,81.75,0
05/11/1988,81.5625,81.781197,81.406197,81.5,0
05/12/1988,81.375,81.531197,81.281197,81.406197,0
05/13/1988,81.3125,81.8125,81.156197,81.5625,0
05/16/1988,81.968803,82.0625,81.656197,81.843803,0
05/17/1988,82.343803,82.531197,81.718803,81.75,0
05/18/1988,81.5625,81.625,81.125,81.1875,0
05/19/1988,80.5625,80.8125,80.4375,80.625,0
05/20/1988,80.9375,81.125,80.718803,80.718803,0
05/23/1988,80.656197,80.968803,80.5,80.625,0
05/24/1988,80.625,80.718803,80.5,80.625,0
05/25/1988,80.468803,80.8125,80.468803,80.6875,0
05/26/1988,80.8125,80.875,80.468803,80.75,0
05/27/1988,80.718803,80.781197,80.375,80.718803,0
05/31/1988,80.375,80.531197,80.218803,80.5,0
12/01/1988,81.5,81.75,81.468803,81.718803,0
12/02/1988,82.875,83,82.0625,82.0625,0
12/05/1988,81,81.25,81,81.25,0
12/06/1988,80.625,81.625,80.593803,81.5625,0
12/07/1988,82.875,83.031197,82.218803,82.468803,0
12/08/1988,82.3125,82.375,82.031197,82.1875,0
12/09/1988,82.406197,82.4375,82,82.125,0
12/12/1988,81.9375,82.125,81.781197,81.8125,0
12/13/1988,82.156197,82.25,81.781197,81.8125,0
12/14/1988,81.625,81.75,81.218803,81.406197,0
12/15/1988,81.375,81.5,81.1875,81.375,0
12/16/1988,81.25,81.5,81.1875,81.3125,0
12/19/1988,81.1875,81.375,81.125,81.343803,0
12/20/1988,81.0625,81.75,81.0625,81.468803,0
12/21/1988,81.718803,81.906197,81.625,81.8125,0
12/22/1988,82.031197,82.0625,81.875,81.9375,0
12/23/1988,81.781197,82,81.781197,81.875,0
12/27/1988,82.5625,82.5625,82.0625,82.0625,0
12/28/1988,82.1875,82.375,81.718803,81.781197,0
12/29/1988,81.1875,81.343803,81.093803,81.218803,0
12/30/1988,81.218803,81.5625,81.156197,81.4375,0
01/03/1989,81.843803,81.843803,81.5,81.656197,0
01/04/1989,81.0625,81.343803,81.031197,81.156197,0
01/05/1989,81.4375,81.531197,81.093803,81.156197,0
01/06/1989,80.625,80.875,80.531197,80.75,0
01/09/1989,80.875,81.156197,80.875,80.9375,0
01/10/1989,80.906197,81.156197,80.906197,81.031197,0
01/11/1989,81.156197,81.218803,81.031197,81.0625,0
01/12/1989,80.531197,81.0625,80.468803,81.031197,0
01/13/1989,80.968803,81.656197,80.875,81.5,0
01/17/1989,82.156197,82.1875,81.875,82,0
01/18/1989,81.656197,82.156197,81.3125,82.031197,0
01/19/1989,82.5,82.6875,82.281197,82.406197,0
01/20/1989,82.5,82.625,82.3125,82.375,0
01/23/1989,81.968803,82.1875,81.906197,82.093803,0
01/24/1989,82,82.4375,81.875,82.343803,0
01/25/1989,82.9375,83.25,82.625,82.6875,0
01/26/1989,82.343803,82.5,81.968803,82.375,0
01/27/1989,82.25,82.75,82.093803,82.406197,0
01/30/1989,82.906197,82.906197,82.531197,82.5625,0
01/31/1989,82.375,82.531197,82.218803,82.343803,0
02/01/1989,82.406197,82.468803,82.218803,82.375,0
02/02/1989,82.375,82.406197,82.25,82.343803,0
02/03/1989,82.531197,82.656197,82.1875,82.4375,0
02/06/1989,82.406197,82.4375,82.218803,82.343803,0
02/07/1989,82.0625,82.406197,82,82.375,0
02/08/1989,82.656197,82.875,82.5,82.531197,0
02/09/1989,83.1875,83.1875,82.4375,82.468803,0
02/10/1989,81.906197,81.9375,81.218803,81.5625,0
02/13/1989,81.375,81.406197,81.1875,81.281197,0
02/14/1989,81.406197,81.625,81.125,81.25,0
02/15/1989,80.9375,81.281197,80.875,81.0625,0
02/16/1989,80.8125,81.093803,80.75,80.8125,0
02/17/1989,80.8125,81,80.593803,80.906197,0
02/21/1989,81.25,81.25,80.8125,80.968803,0
02/22/1989,81.25,81.25,80.8125,80.906197,0
02/23/1989,80.8125,80.875,80.406197,80.468803,0
02/24/1989,80.5625,80.75,80.156197,80.281197,0
02/27/1989,79.8125,80.0625,79.656197,80.031197,0
02/28/1989,80.0625,80.3125,80.031197,80.218803,0
03/01/1989,80.75,80.9375,80.406197,80.406197,0
03/02/1989,80.1875,80.531197,80.093803,80.531197,0
03/03/1989,80.8125,80.875,80.593803,80.781197,0
03/06/1989,80.8125,80.9375,80.75,80.875,0
03/07/1989,81.093803,81.1875,80.9375,81.0625,0
03/08/1989,80.968803,81.218803,80.8125,81.125,0
03/09/1989,81.3125,81.3125,81.125,81.25,0
03/10/1989,81.6875,81.781197,81.156197,81.1875,0
03/13/1989,80.6875,80.8125,80.5625,80.6875,0
03/14/1989,80.468803,80.75,80.406197,80.625,0
03/15/1989,80.718803,80.968803,80.625,80.75,0
03/16/1989,80.75,80.968803,80.6875,80.781197,0
03/17/1989,81.843803,82,80.6875,80.875,0
03/20/1989,80.156197,80.218803,79.843803,79.9375,0
03/21/1989,79.718803,79.906197,79.531197,79.656197,0
03/22/1989,79.4375,79.9375,79.4375,79.8125,0
03/23/1989,80.0625,80.343803,80,80.1875,0
03/27/1989,80.218803,80.281197,80.093803,80.25,0
03/28/1989,80.0625,80.25,80.0625,80.1875,0
03/29/1989,80.093803,80.3125,80,80.281197,0
03/30/1989,80.6875,80.843803,80.4375,80.593803,0
03/31/1989,80.281197,80.593803,80.25,80.531197,0
04/03/1989,80.75,81.375,80.656197,80.968803,0
04/04/1989,81.125,81.468803,81.125,81.468803,0
04/05/1989,81.625,81.6875,81.468803,81.593803,0
04/06/1989,81.843803,81.843803,81.5,81.625,0
04/07/1989,81.781197,82.125,81.343803,81.375,0
04/10/1989,81.1875,81.25,81.0625,81.1875,0
04/11/1989,80.968803,81.156197,80.906197,80.968803,0
04/12/1989,81,81.031197,80.8125,80.968803,0
04/13/1989,81.156197,81.156197,80.906197,80.9375,0
04/14/1989,79.843803,80.75,79.8125,80.75,0
04/17/1989,81.6875,81.6875,81.468803,81.5625,0
04/18/1989,80.656197,81.468803,80.625,81.406197,0
04/19/1989,82.25,82.3125,82,82.125,0
04/20/1989,82.656197,82.9375,82,82.0625,0
04/21/1989,81.156197,81.468803,81.156197,81.406197,0
04/24/1989,81.718803,81.843803,81.593803,81.718803,0
04/25/1989,81.531197,81.8125,81.4375,81.6875,0
04/26/1989,81.843803,82.468803,81.8125,81.906197,0
04/27/1989,81.593803,82.125,81.5625,81.9375,0
04/28/1989,82.125,82.531197,82.125,82.25,0
05/01/1989,82.4375,82.468803,82.093803,82.125,0
05/02/1989,81.625,81.9375,81.593803,81.9375,0
05/03/1989,82,82.218803,81.875,82.125,0
05/04/1989,81.875,82.1875,81.875,82.156197,0
05/05/1989,81.6875,82.406197,81.656197,82.1875,0
05/08/1989,82.8125,82.8125,82.468803,82.593803,0
05/09/1989,82.875,82.9375,82.281197,82.3125,0
05/10/1989,81.6875,81.875,81.5,81.6875,0
05/11/1989,81.156197,81.5,81.031197,81.406197,0
05/12/1989,80.406197,82,80.406197,81.9375,0
05/15/1989,83.6875,83.75,83.406197,83.531197,0
05/16/1989,83.3125,83.343803,83.093803,83.218803,0
05/17/1989,83.031197,83.656197,82.843803,83.125,0
05/18/1989,83.1875,83.406197,82.968803,83.3125,0
05/19/1989,83.0625,83.593803,83,83.406197,0
05/22/1989,83.125,83.8125,83.093803,83.781197,0
05/23/1989,84.5,84.718803,84.25,84.375,0
05/24/1989,84.4375,84.781197,84.156197,84.343803,0
05/25/1989,84.375,84.593803,84,84.1875,0
05/26/1989,83.656197,83.968803,83.468803,83.875,0
05/30/1989,84.218803,84.3125,83.9375,83.968803,0
05/31/1989,83.875,84.218803,83.781197,84.156197,0
12/01/1989,88.218803,88.375,88.156197,88.3125,0
12/04/1989,88.781197,88.843803,88.6875,88.8125,0
12/05/1989,88.875,88.9375,88.75,88.843803,0
12/06/1989,89,89.125,88.781197,88.843803,0
12/07/1989,88.8125,88.875,88.593803,88.656197,0
12/08/1989,88.125,88.5625,87.843803,88.4375,0
12/11/1989,88.843803,88.875,88.75,88.8125,0
12/12/1989,88.6875,88.781197,88.625,88.6875,0
12/13/1989,88.531197,88.656197,88.468803,88.656197,0
12/14/1989,88.531197,88.781197,88.5,88.75,0
12/15/1989,89.093803,89.281197,88.906197,89,0
12/18/1989,88.6875,88.968803,88.593803,88.906197,0
12/19/1989,89.281197,89.281197,89.0625,89.156197,0
12/20/1989,89.031197,89.218803,89,89.031197,0
12/21/1989,89.1875,89.218803,89.0625,89.093803,0
12/22/1989,89.406197,89.4375,88.968803,89.093803,0
12/26/1989,89.8125,89.8125,88.8125,88.968803,0
12/27/1989,87.843803,88.031197,87.6875,87.843803,0
12/28/1989,87.968803,88.218803,87.9375,88.1875,0
12/29/1989,88.656197,88.875,88.343803,88.5,0
01/02/1990,88.156197,88.4375,88.031197,88.156197,0
01/03/1990,88.1875,88.1875,87.875,87.9375,0
01/04/1990,87.5625,87.875,87.5625,87.6875,0
01/05/1990,87.75,88.125,87.625,87.75,0
01/08/1990,87.656197,87.6875,87.468803,87.5625,0
01/09/1990,87.4375,87.593803,87.375,87.4375,0
01/10/1990,87.531197,87.5625,87.25,87.4375,0
01/11/1990,87.5,87.593803,87.375,87.406197,0
01/12/1990,87.5625,87.5625,87.125,87.375,0
01/16/1990,87.3125,87.4375,86.906197,87.0625,0
01/17/1990,86.468803,86.593803,86.375,86.468803,0
01/18/1990,87.156197,87.156197,86.375,86.468803,0
01/19/1990,85.5,85.75,85.3125,85.718803,0
01/22/1990,86.156197,86.218803,85.9375,86.031197,0
01/23/1990,85.8125,86,85.625,85.968803,0
01/24/1990,86.031197,86.1875,85.906197,86.093803,0
01/25/1990,85.593803,85.906197,85.375,85.406197,0
01/26/1990,85.531197,85.781197,85.093803,85.1875,0
01/29/1990,84.75,84.8125,84.625,84.6875,0
01/30/1990,84.625,84.9375,84.343803,84.718803,0
01/31/1990,84.125,84.5625,83.718803,84.531197,0
02/01/1990,85,85.343803,84.8125,85.125,0
02/02/1990,85.531197,85.593803,85.0625,85.156197,0
02/05/1990,84.8125,84.8125,84.5625,84.6875,0
02/06/1990,84.75,84.8125,84.4375,84.5625,0
02/07/1990,84.218803,84.343803,83.9375,84.343803,0
02/08/1990,84.031197,84.5625,83.906197,84.281197,0
02/09/1990,84.25,84.843803,84.125,84.75,0
02/12/1990,86.156197,86.3125,85.625,85.6875,0
02/13/1990,84.9375,85.343803,84.843803,85.281197,0
02/14/1990,85.718803,85.843803,85.5,85.593803,0
02/15/1990,85.843803,85.843803,85.375,85.4375,0
02/16/1990,84.968803,85.218803,84.875,85.031197,0
02/20/1990,85.468803,85.625,84.8125,85,0
02/21/1990,83.8125,84.093803,83.531197,83.9375,0
02/22/1990,83.5,84,83.25,83.906197,0
02/23/1990,84.406197,84.75,84.281197,84.406197,0
02/26/1990,84,84.468803,83.968803,84.4375,0
02/27/1990,84.5,84.8125,84.468803,84.8125,0
02/28/1990,85.656197,85.6875,85.093803,85.125,0
03/01/1990,84.8125,85,84.406197,84.468803,0
03/02/1990,84.156197,84.718803,84.156197,84.375,0
03/05/1990,85.1875,85.218803,84.5,84.5625,0
03/06/1990,83.8125,84.125,83.656197,84.0625,0
03/07/1990,84.3125,84.468803,84.218803,84.281197,0
03/08/1990,84.125,84.375,84.125,84.281197,0
03/09/1990,84.9375,85.0625,84.25,84.406197,0
03/12/1990,83.9375,84.031197,83.781197,84,0
03/13/1990,84.593803,84.625,83.968803,84.093803,0
03/14/1990,83.031197,83.531197,82.968803,83.5,0
03/15/1990,84.156197,84.156197,83.906197,84.031197,0
03/16/1990,83.531197,84.093803,83.4375,84,0
03/19/1990,84.406197,84.406197,84.0625,84.343803,0
03/20/1990,84.031197,84.375,83.625,84.375,0
03/21/1990,84.718803,84.8125,84.531197,84.656197,0
03/22/1990,84.281197,84.875,84.25,84.468803,0
03/23/1990,84.5,84.906197,84.406197,84.625,0
03/26/1990,84.75,84.968803,84.656197,84.718803,0
03/27/1990,84.906197,85,84.718803,84.781197,0
03/28/1990,84.593803,84.8125,84.375,84.6875,0
03/29/1990,85.375,85.406197,84.8125,84.843803,0
03/30/1990,84.5625,84.75,84.218803,84.3125,0
04/02/1990,83.906197,84.156197,83.875,83.9375,0
04/03/1990,83.875,84.156197,83.843803,83.968803,0
04/04/1990,83.5,84.343803,83.468803,84.0625,0
04/05/1990,84.625,84.656197,84.25,84.531197,0
04/06/1990,84.531197,84.906197,84.281197,84.531197,0
04/09/1990,84.5625,84.656197,84.406197,84.531197,0
04/10/1990,84.281197,84.5625,84.093803,84.281197,0
04/11/1990,84.156197,84.625,84.156197,84.281197,0
04/12/1990,84.3125,84.531197,84.125,84.1875,0
04/16/1990,84.375,84.375,83.906197,84.031197,0
04/17/1990,84.375,84.625,83.625,83.875,0
04/18/1990,84,84.1875,83.3125,83.406197,0
04/19/1990,83,83.0625,82.75,82.9375,0
04/20/1990,83.218803,83.406197,82.718803,82.8125,0
04/23/1990,82.4375,82.625,82.343803,82.406197,0
04/24/1990,82.281197,82.5625,82.093803,82.218803,0
04/25/1990,82.218803,82.375,82.031197,82.125,0
04/26/1990,82.406197,82.468803,81.875,82.0625,0
04/27/1990,81.6875,82.031197,81.5,81.6875,0
04/30/1990,81.718803,81.8125,81.625,81.75,0
05/01/1990,82.0625,82.3125,81.625,81.781197,0
05/02/1990,81.75,81.75,81.468803,81.656197,0
05/03/1990,81.593803,81.75,81.531197,81.625,0
05/04/1990,80.781197,82,80.781197,81.906197,0
05/07/1990,83.25,83.375,83.031197,83.125,0
05/08/1990,82.656197,82.875,82.625,82.843803,0
05/09/1990,83.375,83.406197,82.906197,82.968803,0
05/10/1990,82.218803,82.531197,82.1875,82.531197,0
05/11/1990,82.0625,83.093803,82,83.0625,0
05/14/1990,83.093803,83.343803,82.875,83.281197,0
05/15/1990,84.531197,84.531197,84.156197,84.281197,0
05/16/1990,84,84.125,83.75,83.875,0
05/17/1990,83.843803,84.0625,83.593803,83.718803,0
05/18/1990,83.875,83.875,83.468803,83.593803,0
05/21/1990,83.281197,83.375,83.125,83.3125,0
05/22/1990,82.8125,83.406197,82.8125,83.343803,0
05/23/1990,83.656197,84.125,83.531197,83.875,0
05/24/1990,84.156197,84.4375,83.968803,84.031197,0
05/25/1990,84.25,84.281197,83.906197,83.9375,0
05/29/1990,83.75,83.906197,83.6875,83.875,0
05/30/1990,83.718803,83.906197,83.656197,83.8125,0
05/31/1990,83.9375,84.031197,83.6875,84.031197,0
12/03/1990,85.8125,86.156197,85.8125,85.9375,0
12/04/1990,86.125,86.4375,86.125,86.25,0
12/05/1990,86.4375,86.531197,86.218803,86.4375,0
12/06/1990,86.75,87.0625,86.625,86.656197,0
12/07/1990,85.656197,86.5,85.656197,86.5,0
12/10/1990,87.156197,87.5,87.156197,87.343803,0
12/11/1990,87.4375,87.656197,87.406197,87.656197,0
12/12/1990,87.843803,87.968803,87.593803,87.843803,0
12/13/1990,88.5,88.625,88.031197,88.093803,0
12/14/1990,88.156197,88.25,87.531197,87.656197,0
12/17/1990,86.9375,87.3125,86.9375,87.281197,0
12/18/1990,87.1875,87.5,87.093803,87.375,0
12/19/1990,88.1875,88.1875,87.4375,87.5625,0
12/20/1990,87.875,87.875,87.406197,87.531197,0
12/21/1990,87.5,87.6875,87.218803,87.25,0
12/24/1990,87.4375,87.468803,86.6875,86.9375,0
12/26/1990,86.75,86.968803,86.6875,86.906197,0
12/27/1990,86.5625,86.875,86.5625,86.6875,0
12/28/1990,87.531197,87.625,87.125,87.218803,0
12/31/1990,86.656197,87.0625,86.656197,87,0
01/02/1991,86.5625,87.093803,86.5625,87.0625,0
01/03/1991,87.468803,87.906197,87.4375,87.718803,0
01/04/1991,88.4375,88.531197,87.8125,88,0
01/07/1991,87.8125,87.843803,87.406197,87.4375,0
01/08/1991,86.968803,87.3125,86.781197,86.781197,0
01/09/1991,87.093803,87.843803,86.468803,86.531197,0
01/10/1991,85.375,85.9375,85.375,85.906197,0
01/11/1991,86.656197,86.875,86.3125,86.5,0
01/14/1991,86.375,86.593803,86.1875,86.5,0
01/15/1991,86.468803,86.5625,86.281197,86.343803,0
01/16/1991,86.593803,86.718803,86.25,86.531197,0
01/17/1991,85.281197,86.718803,84.906197,86.406197,0
01/18/1991,87.0625,87.343803,86.531197,87.3125,0
01/22/1991,87.5,87.593803,87.25,87.406197,0
01/23/1991,86.75,87.0625,86.718803,87.031197,0
01/24/1991,87.156197,87.343803,87.0625,87.281197,0
01/25/1991,87.9375,88.0625,87.5,87.531197,0
01/28/1991,87.093803,87.281197,87.093803,87.218803,0
01/29/1991,87.156197,87.3125,87.125,87.281197,0
01/30/1991,87.593803,87.718803,87.375,87.468803,0
01/31/1991,87.1875,87.406197,87.156197,87.3125,0
02/01/1991,86.781197,87.593803,86.781197,87.468803,0
02/04/1991,87.9375,88.125,87.781197,88.093803,0
02/05/1991,88,88.343803,87.968803,88.1875,0
02/06/1991,88.343803,88.4375,88.093803,88.406197,0
02/07/1991,88.6875,88.8125,88.4375,88.468803,0
02/08/1991,88.031197,88.593803,88,88.468803,0
02/11/1991,88.906197,89.125,88.8125,88.875,0
02/12/1991,88.75,88.875,88.593803,88.75,0
02/13/1991,88.875,89,88.718803,88.8125,0
02/14/1991,89,89.031197,88.781197,88.8125,0
02/15/1991,88.593803,88.906197,88.531197,88.718803,0
02/19/1991,88.625,88.625,88.406197,88.406197,0
02/20/1991,88.468803,88.5625,88.25,88.25,0
02/21/1991,88.218803,88.406197,88.0625,88.093803,0
02/22/1991,88,88.1875,87.843803,87.875,0
02/25/1991,87.718803,87.75,87.5,87.656197,0
02/26/1991,88.1875,88.25,87.6875,87.718803,0
02/27/1991,87.406197,87.5,87.1875,87.375,0
02/28/1991,87.656197,87.656197,87.156197,87.281197,0
03/01/1991,87.656197,87.656197,87,87.125,0
03/04/1991,86.25,86.5,86.25,86.3125,0
03/05/1991,86.156197,86.531197,86.093803,86.375,0
03/06/1991,86.75,86.875,86.5,86.531197,0
03/07/1991,86,86.4375,86,86.343803,0
03/08/1991,87.093803,87.375,86.625,86.656197,0
03/11/1991,85.718803,86.25,85.5,86.218803,0
03/12/1991,86.75,86.9375,86.531197,86.593803,0
03/13/1991,86.093803,86.468803,86.0625,86.4375,0
03/14/1991,86.875,86.9375,86.6875,86.8125,0
03/15/1991,87.3125,87.468803,86.781197,86.906197,0
03/18/1991,86.625,86.75,86.281197,86.375,0
03/19/1991,86.781197,86.843803,86.031197,86.156197,0
03/20/1991,85.281197,85.593803,85.218803,85.5,0
03/21/1991,85.843803,86.125,85.8125,86,0
03/22/1991,86.125,86.218803,86,86.1875,0
03/25/1991,86.156197,86.281197,86.031197,86.156197,0
03/26/1991,86.218803,86.281197,85.9375,86.25,0
03/27/1991,86,86.343803,85.9375,86.281197,0
03/28/1991,86.3125,86.625,86.218803,86.5625,0
04/01/1991,87,87.25,86.9375,87.125,0
04/02/1991,86.593803,86.8125,86.5,86.781197,0
04/03/1991,87.1875,87.218803,86.968803,87.0625,0
04/04/1991,86.593803,87.031197,86.468803,86.9375,0
04/05/1991,87.125,87.531197,87.0625,87.1875,0
04/08/1991,87.0625,87.218803,87.0625,87.1875,0
04/09/1991,87.593803,87.593803,87.25,87.281197,0
04/10/1991,87.375,87.406197,86.843803,86.906197,0
04/11/1991,86.531197,86.75,86.406197,86.5,0
04/12/1991,85.968803,86.531197,85.968803,86.531197,0
04/15/1991,86.968803,87.3125,86.968803,87.125,0
04/16/1991,87.4375,87.531197,87.25,87.406197,0
04/17/1991,87.406197,87.593803,87.343803,87.4375,0
04/18/1991,87.843803,87.843803,87.281197,87.406197,0
04/19/1991,87.375,87.375,86.906197,87.031197,0
04/22/1991,86.781197,86.906197,86.5,86.5625,0
04/23/1991,86.156197,86.4375,86.125,86.3125,0
04/24/1991,86.125,86.531197,86.0625,86.4375,0
04/25/1991,87,87.156197,86.8125,86.875,0
04/26/1991,86.625,86.8125,86.1875,86.75,0
04/29/1991,86.906197,87.031197,86.75,86.843803,0
04/30/1991,86.531197,86.9375,86.406197,86.843803,0
05/01/1991,87,87.125,86.781197,87.0625,0
05/02/1991,87,87.281197,87,87.218803,0
05/03/1991,87.843803,87.968803,87.3125,87.406197,0
05/06/1991,86.8125,87.0625,86.8125,87.0625,0
05/07/1991,87.031197,87.156197,86.843803,86.9375,0
05/08/1991,86.781197,87.031197,86.656197,86.906197,0
05/09/1991,86.9375,87.0625,86.718803,86.9375,0
05/10/1991,87.781197,87.875,86.968803,87,0
05/13/1991,86.281197,86.5625,86.281197,86.531197,0
05/14/1991,87.343803,87.375,86.75,86.875,0
05/15/1991,86.531197,86.6875,86.468803,86.5,0
05/16/1991,86.25,86.468803,86.25,86.281197,0
05/17/1991,86.093803,86.5625,85.781197,86.406197,0
05/20/1991,86.656197,86.6875,86.531197,86.5625,0
05/21/1991,86.156197,86.5,86.0625,86.468803,0
05/22/1991,86.875,86.968803,86.718803,86.781197,0
05/23/1991,86.875,87,86.531197,86.656197,0
05/24/1991,86.343803,86.5625,86.1875,86.468803,0
05/28/1991,86.468803,86.625,86.468803,86.625,0
05/29/1991,86.75,86.875,86.6875,86.75,0
05/30/1991,86.375,86.75,86.3125,86.75,0
05/31/1991,87.281197,87.3125,86.875,87.031197,0
12/02/1991,90.406197,90.75,90.406197,90.75,0
12/03/1991,90.468803,90.781197,90.406197,90.75,0
12/04/1991,90.343803,91.093803,90.25,91.0625,0
12/05/1991,91.906197,92.031197,91.656197,91.6875,0
12/06/1991,91.593803,92.625,91.3125,91.375,0
12/09/1991,90.718803,91.093803,90.718803,91.0625,0
12/10/1991,91.281197,91.75,91.281197,91.343803,0
12/11/1991,91.5625,91.75,91.406197,91.5,0
12/12/1991,91.125,91.343803,91,91.25,0
12/13/1991,91.875,91.875,91.5,91.5625,0
12/16/1991,91.406197,91.468803,91.3125,91.4375,0
12/17/1991,91.468803,91.5625,91.281197,91.531197,0
12/18/1991,91.6875,91.843803,91.531197,91.656197,0
12/19/1991,91.093803,91.6875,91.093803,91.625,0
12/20/1991,91.5625,92.3125,91.468803,92.218803,0
12/23/1991,92.531197,93.156197,92.5,92.9375,0
12/24/1991,93.718803,93.781197,93.468803,93.75,0
12/26/1991,93.625,93.9375,93.593803,93.8125,0
12/27/1991,93.875,94.0625,93.781197,94,0
12/30/1991,93.531197,94.0625,93.5,94,0
12/31/1991,94.3125,94.6875,94.156197,94.468803,0
01/02/1992,95.718803,95.718803,94.875,95.0625,0
01/03/1992,94.75,94.781197,94.093803,94.406197,0
01/06/1992,93.843803,94.156197,93.8125,94.031197,0
01/07/1992,93.75,94.156197,93.6875,94.093803,0
01/08/1992,94.656197,94.75,94.343803,94.468803,0
01/09/1992,94.625,94.875,94.031197,94.375,0
01/10/1992,94.718803,94.75,94.093803,94.218803,0
01/13/1992,94.281197,94.375,93.8125,93.843803,0
01/14/1992,93.718803,93.781197,92.406197,93.1875,0
01/15/1992,92.718803,92.968803,92.281197,92.718803,0
01/16/1992,93.031197,93.156197,92.4375,92.531197,0
01/17/1992,91.5625,92.093803,91.5625,92.031197,0
01/21/1992,91.9375,92.3125,91.8125,92.25,0
01/22/1992,93.031197,93.093803,92.468803,92.8125,0
01/23/1992,93.093803,93.093803,92.468803,92.468803,0
01/24/1992,91.75,91.906197,91.625,91.718803,0
01/27/1992,91.343803,91.625,91.218803,91.375,0
01/28/1992,90.718803,91.531197,90.718803,91.4375,0
01/29/1992,92.6875,93.093803,91.9375,91.968803,0
01/30/1992,91.718803,92.093803,91.25,91.406197,0
01/31/1992,91.031197,91.343803,91,91.125,0
02/03/1992,91.8125,92,91.25,91.406197,0
02/04/1992,90.25,90.8125,90.25,90.8125,0
02/05/1992,90.8125,91.3125,90.781197,91.25,0
02/06/1992,91.968803,92.375,91.75,91.843803,0
02/07/1992,91.8125,92.5625,91.593803,91.9375,0
02/10/1992,92,92.031197,91.718803,91.906197,0
02/11/1992,92.0625,92.1875,91.6875,91.906197,0
02/12/1992,92.031197,92.0625,91.656197,91.718803,0
02/13/1992,92.156197,92.1875,91.1875,91.4375,0
02/14/1992,90.781197,90.906197,90.156197,90.8125,0
02/18/1992,91.343803,91.468803,90.625,90.75,0
02/19/1992,90,90.5,89.781197,90.406197,0
02/20/1992,90.781197,90.968803,90.625,90.75,0
02/21/1992,90.968803,91.031197,90.593803,90.75,0
02/24/1992,90.593803,90.6875,90.406197,90.468803,0
02/25/1992,90,90.656197,90,90.281197,0
02/26/1992,89.781197,90.625,89.6875,90.593803,0
02/27/1992,91.375,91.468803,91.031197,91.218803,0
02/28/1992,90.781197,91.25,90.6875,91.218803,0
03/02/1992,92.4375,92.531197,91.593803,91.625,0
03/03/1992,90.6875,90.8125,90.093803,90.531197,0
03/04/1992,90.031197,90.218803,89.781197,90.125,0
03/05/1992,90.468803,90.468803,90.0625,90.093803,0
03/06/1992,89.3125,89.75,88.8125,89.656197,0
03/09/1992,89.5,89.906197,89.5,89.906197,0
03/10/1992,90,90.218803,89.906197,89.968803,0
03/11/1992,90.593803,90.75,90.156197,90.218803,0
03/12/1992,90.218803,90.218803,89.531197,89.593803,0
03/13/1992,89.468803,89.843803,88.906197,89,0
03/16/1992,88.406197,88.625,88.343803,88.468803,0
03/17/1992,88.218803,88.781197,87.968803,88.718803,0
03/18/1992,89.125,89.1875,88.875,89.093803,0
03/19/1992,88.6875,89.218803,88.625,88.968803,0
03/20/1992,89.843803,89.9375,89.281197,89.406197,0
03/23/1992,89.031197,89.1875,88.968803,89.125,0
03/24/1992,88.406197,89.0625,88.406197,89.031197,0
03/25/1992,89.656197,89.906197,89.531197,89.718803,0
03/26/1992,90.093803,90.281197,89.75,89.8125,0
03/27/1992,89.3125,89.75,89.156197,89.5625,0
03/30/1992,89.531197,89.718803,89.375,89.5625,0
03/31/1992,89.6875,89.75,89.375,89.656197,0
04/01/1992,89.125,89.75,88.968803,89.6875,0
04/02/1992,90.593803,90.593803,90.281197,90.406197,0
04/03/1992,89.75,90.1875,89.718803,90.093803,0
04/06/1992,90.281197,90.468803,90.25,90.343803,0
04/07/1992,90.375,90.531197,90.25,90.4375,0
04/08/1992,90.6875,90.906197,90.343803,90.375,0
04/09/1992,89.625,90.281197,89.468803,90.218803,0
04/10/1992,90.906197,91,90.375,90.781197,0
04/13/1992,90.3125,90.5625,90.218803,90.5,0
04/15/1992,91.218803,91.25,90.9375,90.968803,0
04/16/1992,91.125,91.218803,90.843803,90.875,0
04/20/1992,91.375,91.4375,90.875,90.906197,0
04/21/1992,90.093803,90.406197,90.093803,90.218803,0
04/22/1992,89.3125,89.531197,89.281197,89.343803,0
04/23/1992,89.5625,89.593803,89.1875,89.4375,0
04/24/1992,89.25,89.625,89.25,89.468803,0
04/27/1992,89.75,89.75,89.375,89.406197,0
04/28/1992,89.3125,89.6875,89.125,89.5625,0
04/29/1992,89.625,89.656197,89.281197,89.406197,0
04/30/1992,89.718803,89.8125,89.5625,89.625,0
05/01/1992,88.968803,89.375,88.968803,89.343803,0
05/04/1992,89.375,89.406197,89.125,89.25,0
05/05/1992,89.5,89.656197,89.375,89.593803,0
05/06/1992,89.281197,89.593803,89.125,89.531197,0
05/07/1992,89.8125,89.906197,89.5625,89.625,0
05/08/1992,89.656197,90,89.343803,89.968803,0
05/11/1992,90,90.125,89.906197,89.968803,0
05/12/1992,90.218803,90.656197,90.218803,90.531197,0
05/13/1992,90.5,90.8125,90.375,90.593803,0
05/14/1992,90.9375,91.031197,90.8125,90.875,0
05/15/1992,90.593803,91.125,90.468803,91.093803,0
05/18/1992,90.875,91.093803,90.843803,91,0
05/19/1992,90.6875,91.156197,90.625,91.156197,0
05/20/1992,91.5,91.718803,91.156197,91.1875,0
05/21/1992,92.3125,92.3125,91.656197,91.6875,0
05/22/1992,91,91.4375,91,91.343803,0
05/26/1992,91.031197,91.031197,90.343803,90.4375,0
05/27/1992,90.625,90.8125,90.5625,90.75,0
05/28/1992,89.75,90.125,89.6875,90.125,0
05/29/1992,90.093803,90.4375,90,90.281197,0
12/01/1992,93.3125,93.625,93.281197,93.531197,0
12/02/1992,93.343803,93.4375,93.218803,93.375,0
12/03/1992,92.625,92.875,92.5625,92.843803,0
12/04/1992,92.281197,92.875,91.9375,92.843803,0
12/07/1992,92.531197,93.093803,92.406197,92.9375,0
12/08/1992,93.0625,93.468803,92.968803,93.4375,0
12/09/1992,94.1875,94.218803,93.8125,93.968803,0
12/10/1992,94.125,94.25,93.906197,94.125,0
12/11/1992,94.343803,94.5,94.031197,94.125,0
12/14/1992,94.156197,94.25,93.968803,94.031197,0
12/15/1992,93.625,93.875,93.593803,93.75,0
12/16/1992,93.406197,93.875,93.343803,93.656197,0
12/17/1992,93.8125,93.9375,93.375,93.6875,0
12/18/1992,93.9375,94.0625,93.781197,94.0625,0
12/21/1992,93.75,94.1875,93.6875,94.093803,0
12/22/1992,93.6875,94.125,93.625,94.0625,0
12/23/1992,94.656197,94.6875,94.218803,94.4375,0
12/24/1992,94.75,94.875,94.6875,94.75,0
12/28/1992,95.0625,95.0625,94.843803,94.875,0
12/29/1992,94.4375,94.843803,94.3125,94.718803,0
12/30/1992,94.5,94.656197,94.343803,94.531197,0
12/31/1992,94.6875,94.718803,94.4375,94.593803,0
01/04/1993,93.906197,94.625,93.906197,94.593803,0
01/05/1993,94.781197,94.8125,94.593803,94.6875,0
01/06/1993,95.5,95.5,95.218803,95.375,0
01/07/1993,96.4375,96.4375,95.625,95.6875,0
01/08/1993,94.9375,95.375,94.6875,95.25,0
01/11/1993,93.8125,94.781197,93.781197,94.125,0
01/12/1993,94.5,94.75,94.1875,94.343803,0
01/13/1993,94.468803,94.593803,94.218803,94.5625,0
01/14/1993,94.125,94.531197,94.0625,94.406197,0
01/15/1993,93.968803,94.343803,93.906197,94.281197,0
01/19/1993,94.625,94.875,94.375,94.75,0
01/20/1993,95.531197,95.656197,95.281197,95.375,0
01/21/1993,95.468803,95.625,95.25,95.593803,0
01/22/1993,95.156197,95.5625,95.093803,95.4375,0
01/25/1993,95.093803,95.656197,95.093803,95.593803,0
01/26/1993,95.906197,96.156197,95.656197,95.6875,0
01/27/1993,96.125,96.5,96.0625,96.343803,0
01/28/1993,95.875,96.3125,95.843803,96.093803,0
01/29/1993,96.1875,96.5,95.843803,96.3125,0
02/01/1993,96.593803,96.625,96.25,96.593803,0
02/02/1993,97.3125,97.3125,96.875,96.9375,0
02/03/1993,97.031197,97.1875,96.968803,97.125,0
02/04/1993,96.468803,96.781197,96.406197,96.6875,0
02/05/1993,96.156197,96.75,95.9375,96.6875,0
02/08/1993,97.343803,97.343803,97,97.031197,0
02/09/1993,97.718803,97.781197,97.4375,97.5625,0
02/10/1993,97.656197,97.875,97.156197,97.25,0
02/11/1993,96.625,97.031197,96.5,96.9375,0
02/12/1993,96.343803,96.593803,95.968803,96.375,0
02/16/1993,97.093803,97.375,96.968803,97.031197,0
02/17/1993,96.8125,97.281197,96.8125,97.25,0
02/18/1993,96.531197,97.4375,96.531197,97.343803,0
02/19/1993,97.75,97.906197,97.5,97.718803,0
02/22/1993,98.093803,98.593803,97.75,98.5625,0
02/23/1993,97.843803,98.718803,97.6875,98.656197,0
02/24/1993,99.75,99.843803,99.0625,99.156197,0
02/25/1993,100.4375,100.968803,100.1875,100.3125,0
02/26/1993,99.6875,99.968803,99.531197,99.781197,0
03/01/1993,99.031197,99.625,99.031197,99.531197,0
03/02/1993,99.593803,99.75,99.4375,99.5625,0
03/03/1993,99.281197,99.8125,99.25,99.718803,0
03/04/1993,99.218803,100.1875,99.156197,99.5,0
03/05/1993,100.375,100.6875,98.968803,99.9375,0
03/08/1993,100.343803,101.531197,100,100.343803,0
03/09/1993,100.343803,100.531197,99.781197,99.906197,0
03/10/1993,100.343803,100.5,99.968803,100.125,0
03/11/1993,99.9375,100.125,99.781197,99.8125,0
03/12/1993,100.25,100.25,99.218803,99.406197,0
03/15/1993,99.531197,99.875,99.0625,99.281197,0
03/16/1993,97.6875,98.343803,97.6875,98.281197,0
03/17/1993,97.5,97.968803,97.031197,97.843803,0
03/18/1993,98.218803,98.75,98.218803,98.625,0
03/19/1993,99.375,99.593803,98.6875,99.031197,0
03/22/1993,99.625,99.75,99.3125,99.75,0
03/23/1993,99.25,99.5625,99.25,99.5,0
03/24/1993,99.656197,99.718803,99.3125,99.406197,0
03/25/1993,99.75,99.8125,99.468803,99.656197,0
03/26/1993,100,100,99.375,99.4375,0
03/29/1993,98.906197,99.281197,98.781197,99.25,0
03/30/1993,98.156197,98.6875,98.156197,98.375,0
03/31/1993,98.843803,99.093803,98.6875,98.781197,0
04/01/1993,99,99.281197,98.906197,98.9375,0
04/02/1993,99.531197,99.906197,98.781197,99.0625,0
04/05/1993,98.468803,98.781197,98.375,98.75,0
04/06/1993,97.625,98.093803,97.406197,98.031197,0
04/07/1993,98.3125,98.593803,98.156197,98.343803,0
04/08/1993,98.031197,98.718803,97.9375,98.6875,0
04/12/1993,98.6875,99.125,98.468803,98.593803,0
04/13/1993,99.5,100,99.125,99.375,0
04/14/1993,99.718803,100.031197,99.656197,99.875,0
04/15/1993,99.125,99.375,98.875,99.25,0
04/16/1993,100.0625,100.281197,99.781197,99.9375,0
04/19/1993,100.25,100.468803,100.093803,100.406197,0
04/20/1993,100.125,100.218803,99.8125,100.125,0
04/21/1993,100.218803,100.4375,100.1875,100.343803,0
04/22/1993,100.156197,100.375,99.781197,100.343803,0
04/23/1993,100.5,100.75,100.1875,100.25,0
04/26/1993,100.6875,100.8125,100.5,100.531197,0
04/27/1993,100.656197,100.718803,100.218803,100.25,0
04/28/1993,99.8125,99.968803,99.718803,99.843803,0
04/29/1993,98.968803,99.3125,98.968803,99.3125,0
04/30/1993,99.531197,99.718803,99,99.156197,0
05/03/1993,99.156197,99.593803,99.031197,99.5625,0
05/04/1993,98.843803,99.093803,98.656197,98.9375,0
05/05/1993,99.843803,100.093803,99.593803,99.75,0
05/06/1993,100.0625,100.1875,99.9375,100.125,0
05/07/1993,100.1875,100.4375,99.9375,100.0625,0
05/10/1993,99.875,100.125,99.718803,100.093803,0
05/11/1993,99.656197,99.781197,99.5,99.6875,0
05/12/1993,100.3125,100.375,99.9375,100.125,0
05/13/1993,100.531197,100.625,99.906197,100.0625,0
05/14/1993,99.8125,99.9375,99.4375,99.8125,0
05/17/1993,99.656197,99.718803,99.281197,99.343803,0
05/18/1993,99.5625,99.75,99.0625,99.1875,0
05/19/1993,98.468803,98.843803,98.25,98.8125,0
05/20/1993,98.343803,98.468803,98.218803,98.343803,0
05/21/1993,98.906197,98.968803,98.5625,98.718803,0
05/24/1993,98.781197,99.031197,98.468803,98.906197,0
05/25/1993,98.4375,98.718803,98.343803,98.468803,0
05/26/1993,98.156197,98.5625,98.093803,98.5,0
05/27/1993,98.5625,98.718803,98.218803,98.4375,0
05/28/1993,98.906197,99.156197,98.593803,98.718803,0
12/01/1993,101.968803,102.281197,101.875,102.1875,0
12/02/1993,101.6875,101.781197,101.468803,101.625,0
12/03/1993,101.1875,101.375,100.75,101.156197,0
12/06/1993,100.781197,101.218803,100.781197,101.1875,0
12/07/1993,101.25,101.343803,100.968803,101.218803,0
12/08/1993,101.906197,102.0625,101.75,102,0
12/09/1993,101.8125,102.0625,101.625,101.9375,0
12/10/1993,102.468803,102.656197,102.0625,102.093803,0
12/13/1993,102.3125,102.468803,102.1875,102.343803,0
12/14/1993,102.1875,102.406197,101.875,101.968803,0
12/15/1993,101.5625,101.8125,101.531197,101.593803,0
12/16/1993,101.343803,101.4375,101.1875,101.281197,0
12/17/1993,101.031197,101.3125,100.875,101.218803,0
12/20/1993,101.406197,101.4375,101.125,101.156197,0
12/21/1993,101.468803,101.468803,101.218803,101.375,0
12/22/1993,100.6875,101.375,100.6875,101.343803,0
12/23/1993,101.093803,101.3125,100.906197,101.218803,0
12/27/1993,102,102.0625,101.875,101.9375,0
12/28/1993,101.906197,101.968803,101.6875,101.9375,0
12/29/1993,102.156197,102.218803,101.906197,101.968803,0
12/30/1993,102.8125,102.843803,102.3125,102.3125,0
12/31/1993,102.281197,102.406197,102.093803,102.218803,0
01/03/1994,102.718803,102.718803,102.031197,102.156197,0
01/04/1994,101.1875,101.593803,101.1875,101.5625,0
01/05/1994,102.281197,102.343803,101.906197,102,0
01/06/1994,100.375,100.875,100.375,100.781197,0
01/07/1994,100.1875,101.25,100.0625,101.1875,0
01/10/1994,100.781197,101,100.531197,100.906197,0
01/11/1994,101.406197,101.593803,101.281197,101.531197,0
01/12/1994,102.25,102.718803,102.25,102.593803,0
01/13/1994,103.531197,103.531197,102.8125,102.906197,0
01/14/1994,103.1875,103.281197,102.5625,102.8125,0
01/18/1994,102.906197,103.406197,102.906197,103.375,0
01/19/1994,102.6875,102.6875,102.4375,102.593803,0
01/20/1994,101.8125,102.218803,101.6875,102.218803,0
01/21/1994,102.531197,102.625,102.281197,102.406197,0
01/24/1994,102.406197,102.593803,102.25,102.375,0
01/25/1994,102.906197,102.9375,102.625,102.718803,0
01/26/1994,102.4375,102.625,102.3125,102.593803,0
01/27/1994,102.281197,102.531197,102.218803,102.5,0
01/28/1994,101.843803,102.4375,101.6875,102.1875,0
01/31/1994,102.468803,102.5625,102.218803,102.3125,0
02/01/1994,103.093803,103.093803,102.625,102.656197,0
02/02/1994,103.031197,103.281197,102.968803,103.156197,0
02/03/1994,103.5,103.531197,102.906197,103.125,0
02/04/1994,103.218803,104.031197,102.375,102.4375,0
02/07/1994,102.6875,102.906197,102.218803,102.531197,0
02/08/1994,102.1875,102.25,101.9375,102,0
02/09/1994,100.75,101.125,100.6875,101.093803,0
02/10/1994,101.1875,101.375,100.968803,101,0
02/11/1994,100.375,100.718803,100.031197,100.656197,0
02/14/1994,100.781197,100.875,100.5625,100.656197,0
02/15/1994,100.125,100.375,99.9375,100.25,0
02/16/1994,101.25,101.343803,101.156197,101.25,0
02/17/1994,101.75,102.25,101.156197,101.1875,0
02/18/1994,101.031197,101.218803,100.406197,100.656197,0
02/22/1994,100.218803,100.593803,100.1875,100.5625,0
02/23/1994,100.3125,100.375,99.75,99.781197,0
02/24/1994,99.468803,99.625,98.968803,99.0625,0
02/25/1994,99.343803,99.75,99.3125,99.4375,0
02/28/1994,98.531197,98.9375,98.531197,98.8125,0
03/01/1994,99.093803,99.156197,98.093803,98.281197,0
03/02/1994,98.375,98.5625,97.406197,98.343803,0
03/03/1994,99.218803,99.3125,98.625,98.781197,0
03/04/1994,97.281197,97.4375,96.781197,97.156197,0
03/07/1994,96.625,97.156197,96.625,96.968803,0
03/08/1994,96.9375,97.218803,96.656197,96.656197,0
03/09/1994,96.375,96.5625,96.125,96.5,0
03/10/1994,97.5,97.593803,96.75,96.875,0
03/11/1994,96.218803,96.593803,96.125,96.531197,0
03/14/1994,96.656197,96.843803,96.281197,96.468803,0
03/15/1994,95.5625,96.031197,95.468803,95.8125,0
03/16/1994,95.625,96,95.593803,95.968803,0
03/17/1994,96.25,96.4375,95.906197,96.031197,0
03/18/1994,96.5,96.531197,95.8125,95.968803,0
03/21/1994,96.625,96.6875,96.281197,96.5,0
03/22/1994,95.718803,96.5625,95.656197,96.531197,0
03/23/1994,95.75,96,95.6875,95.8125,0
03/24/1994,96.0625,96.125,95.3125,95.468803,0
03/25/1994,96.5625,96.718803,96.25,96.281197,0
03/28/1994,96.156197,96.5625,96.031197,96.281197,0
03/29/1994,95.875,95.9375,95.1875,95.343803,0
03/30/1994,95.406197,95.6875,95,95.031197,0
03/31/1994,95.1875,95.406197,94.625,95.125,0
04/01/1994,95.781197,95.843803,94.375,94.406197,0
04/04/1994,94.9375,95.125,93.781197,93.9375,0
04/05/1994,93.093803,94.281197,93.031197,94.1875,0
04/06/1994,92.8125,93.125,92.1875,92.875,0
04/07/1994,91.281197,91.593803,91.125,91.5,0
04/08/1994,93.156197,93.25,92.625,92.781197,0
04/11/1994,93.031197,93.1875,92.718803,93.031197,0
04/12/1994,93.1875,93.625,93.156197,93.5625,0
04/13/1994,93.281197,93.718803,92.875,93,0
04/14/1994,93.25,93.25,92.781197,93.093803,0
04/15/1994,93.468803,93.6875,93.1875,93.5625,0
04/18/1994,94.0625,94.125,92.875,93.031197,0
04/19/1994,92.375,92.843803,92.0625,92.8125,0
04/20/1994,92.625,92.968803,91.75,92.9375,0
04/21/1994,91,91.843803,90.843803,91.75,0
04/22/1994,92.343803,92.468803,91.875,92.125,0
04/25/1994,91.906197,92.4375,91.6875,92.406197,0
04/26/1994,93.25,93.531197,93,93.375,0
04/28/1994,94.406197,94.656197,93.156197,93.281197,0
04/29/1994,93.9375,94,93.375,93.75,0
05/02/1994,94.125,94.125,93.5,93.875,0
05/03/1994,92.718803,92.843803,92.406197,92.593803,0
05/04/1994,92.5,92.8125,92.093803,92.468803,0
05/05/1994,92.3125,92.5,92.1875,92.375,0
05/06/1994,93.468803,93.531197,92.031197,92.093803,0
05/09/1994,92.531197,92.593803,91.843803,91.968803,0
05/10/1994,91.093803,92.3125,91.093803,92.156197,0
05/11/1994,91.0625,91.3125,90.093803,90.593803,0
05/12/1994,89.5625,90.375,89.218803,89.8125,0
05/13/1994,90.4375,91.4375,90.218803,90.8125,0
05/16/1994,89.75,90.343803,89.75,90.093803,0
05/17/1994,89.656197,90.5,89.468803,90.468803,0
05/18/1994,91.031197,91.218803,90.718803,91.125,0
05/19/1994,90.906197,91.468803,90.593803,91.375,0
05/20/1994,92.75,92.8125,92.25,92.4375,0
05/23/1994,93.843803,93.843803,92.781197,92.8125,0
05/24/1994,93.125,93.531197,93,93.281197,0
05/25/1994,92.656197,92.906197,92.218803,92.781197,0
05/26/1994,91.718803,91.968803,91.6875,91.781197,0
05/27/1994,91.968803,92.125,91.3125,91.906197,0
05/31/1994,92.5625,92.5625,91.968803,92.218803,0
12/01/1994,87.9375,88.0625,87.6875,87.843803,0
12/02/1994,86.6875,87.406197,86.125,87.375,0
12/05/1994,87.843803,88,87.593803,87.656197,0
12/06/1994,86.6875,87.375,86.5625,87.343803,0
12/07/1994,88.5625,88.5625,87.8125,88,0
12/08/1994,87.9375,88,87.593803,87.843803,0
12/09/1994,88.531197,88.6875,88.25,88.468803,0
12/12/1994,88.25,88.25,87.781197,87.906197,0
12/13/1994,87.968803,88.1875,87.718803,88.125,0
12/14/1994,87.968803,88.5,87.9375,88.125,0
12/15/1994,87.593803,87.9375,87.531197,87.718803,0
12/16/1994,87.8125,87.968803,87.656197,87.843803,0
12/19/1994,87.9375,88.0625,87.875,88,0
12/20/1994,88.031197,88.281197,87.906197,88.031197,0
12/21/1994,87.875,88.093803,87.8125,88,0
12/22/1994,88.25,88.3125,87.9375,88.031197,0
12/23/1994,88,88.0625,87.781197,87.9375,0
12/27/1994,87.625,88.156197,87.625,88.125,0
12/28/1994,88.156197,88.3125,87.875,87.906197,0
12/29/1994,87.875,88.0625,87.75,87.843803,0
12/30/1994,88.468803,88.531197,88.25,88.343803,0
01/03/1995,88.531197,88.531197,88.093803,88.156197,0
01/04/1995,87.5625,88,87.5625,87.968803,0
01/05/1995,88.3125,88.343803,87.906197,87.9375,0
01/06/1995,87.625,87.843803,87.1875,87.656197,0
01/09/1995,88.281197,88.281197,88,88.125,0
01/10/1995,87.4375,87.875,87.4375,87.718803,0
01/11/1995,87.531197,87.906197,87.4375,87.781197,0
01/12/1995,87.75,87.9375,87.5,87.625,0
01/13/1995,87.218803,88.218803,87.218803,87.968803,0
01/17/1995,88.281197,88.3125,87.843803,88.1875,0
01/18/1995,88.25,88.375,88.031197,88.156197,0
01/19/1995,89.031197,89.0625,88.718803,88.781197,0
01/20/1995,89.281197,89.281197,88.8125,88.843803,0
01/23/1995,88.906197,88.9375,88.6875,88.8125,0
01/24/1995,88.5625,88.625,88.375,88.531197,0
01/25/1995,87.656197,88.0625,87.343803,88.0625,0
01/26/1995,87.656197,88,87.531197,87.9375,0
01/27/1995,87.093803,87.906197,87.0625,87.875,0
01/30/1995,88.343803,88.5,88.1875,88.218803,0
01/31/1995,88.375,88.593803,88.156197,88.5625,0
02/01/1995,89.6875,89.906197,89.375,89.375,0
02/02/1995,89.375,89.4375,89.218803,89.3125,0
02/03/1995,88.375,89.718803,88.375,89.5625,0
02/06/1995,89.406197,89.468803,89.25,89.3125,0
02/07/1995,89.0625,89.343803,88.906197,89.093803,0
02/08/1995,90.406197,90.531197,90.218803,90.406197,0
02/09/1995,90.468803,90.531197,90.125,90.125,0
02/10/1995,90.3125,90.8125,89.906197,90.093803,0
02/13/1995,90.031197,90.093803,89.875,90.0625,0
02/14/1995,89.25,89.781197,89.25,89.75,0
02/15/1995,89.1875,89.9375,89,89.5,0
02/16/1995,89.3125,89.8125,89.25,89.5625,0
02/17/1995,90.218803,90.218803,89.843803,90.125,0
02/21/1995,90.5,90.593803,90.343803,90.406197,0
02/22/1995,89.906197,90.625,89.8125,90.625,0
02/23/1995,90.593803,91.281197,90.468803,90.5,0
02/24/1995,90.3125,90.5,90,90.406197,0
02/27/1995,90.75,91.156197,90.75,91.093803,0
02/28/1995,91,91.125,90.468803,91.093803,0
03/01/1995,91.3125,91.5625,90.9375,91.25,0
03/02/1995,92,92.0625,91.5,91.656197,0
03/03/1995,92.281197,92.3125,91.625,91.9375,0
03/06/1995,91.906197,91.9375,91.343803,91.718803,0
03/07/1995,91.375,91.5625,90.968803,91.25,0
03/08/1995,90.4375,90.9375,90.406197,90.8125,0
03/09/1995,90.25,90.625,90.0625,90.593803,0
03/10/1995,90.093803,90.468803,89.5,90.3125,0
03/13/1995,90.531197,91,90.4375,90.781197,0
03/14/1995,90.75,91.406197,90.718803,91.3125,0
03/15/1995,91.6875,91.75,91.281197,91.6875,0
03/16/1995,91.875,92.343803,91.656197,92,0
03/17/1995,93,93,92.4375,92.656197,0
03/20/1995,92.75,92.843803,92.593803,92.656197,0
03/21/1995,93.093803,93.1875,92.75,92.843803,0
03/22/1995,92.625,92.625,92.281197,92.468803,0
03/23/1995,92.375,92.656197,92.25,92.375,0
03/24/1995,91.4375,92.1875,91.4375,92.156197,0
03/27/1995,91.656197,91.906197,91.5625,91.875,0
03/28/1995,92.468803,92.5,91.8125,91.875,0
03/29/1995,92.531197,92.9375,92.3125,92.531197,0
03/30/1995,93.25,93.531197,92.718803,92.9375,0
03/31/1995,92.531197,92.656197,91.8125,92.3125,0
04/03/1995,91.906197,92.406197,91.8125,92.343803,0
04/04/1995,92.093803,92.375,92,92.156197,0
04/05/1995,92.093803,92.25,91.843803,92.031197,0
04/06/1995,92.1875,92.406197,92.1875,92.375,0
04/07/1995,92.6875,93.1875,92.406197,92.5625,0
04/10/1995,92.656197,92.6875,92.343803,92.5625,0
04/11/1995,92.531197,92.906197,92.406197,92.718803,0
04/12/1995,92.5,92.6875,92.281197,92.625,0
04/13/1995,92.25,92.718803,92.218803,92.593803,0
04/17/1995,93.093803,93.3125,92.718803,92.75,0
04/18/1995,92.8125,93.218803,92.781197,92.968803,0
04/19/1995,93.3125,93.343803,92.875,93.218803,0
04/20/1995,92.906197,93.25,92.875,93.125,0
04/21/1995,93.031197,93.1875,92.968803,93.093803,0
04/24/1995,92.906197,93.093803,92.6875,93.031197,0
04/25/1995,93.343803,93.406197,93.0625,93.281197,0
04/26/1995,93.406197,93.4375,93.125,93.3125,0
04/27/1995,93.531197,93.5625,93.218803,93.343803,0
04/28/1995,93.5625,93.6875,93.031197,93.4375,0
05/01/1995,93.406197,93.4375,93.218803,93.3125,0
05/02/1995,92.875,93.218803,92.875,93.125,0
05/03/1995,92.468803,93,92.468803,93,0
05/04/1995,92.375,93.156197,92.3125,92.906197,0
05/05/1995,92.156197,93.25,92.0625,93.1875,0
05/08/1995,93.625,93.75,93.468803,93.6875,0
05/09/1995,93.906197,94.75,93.75,94.406197,0
05/10/1995,95.875,96.5625,95.25,95.531197,0
05/11/1995,95.656197,95.906197,95.125,95.5,0
05/12/1995,96.25,96.375,95.531197,96.1875,0
05/15/1995,95.406197,95.8125,95.406197,95.718803,0
05/16/1995,95.25,95.843803,95.25,95.593803,0
05/17/1995,95.468803,95.906197,95.406197,95.531197,0
05/18/1995,96.0625,96.1875,95.468803,95.656197,0
05/19/1995,96.125,96.218803,95.906197,96.0625,0
05/22/1995,96.218803,96.406197,96.125,96.218803,0
05/23/1995,95.281197,95.75,95.218803,95.656197,0
05/24/1995,94.9375,95.718803,94.906197,95.656197,0
05/25/1995,95.5,96.125,95.343803,95.593803,0
05/26/1995,96.156197,96.281197,95.843803,96.031197,0
05/30/1995,96.4375,97,96.4375,96.9375,0
05/31/1995,97.25,97.375,97.0625,97.281197,0
06/01/1995,96.593803,97.281197,96.343803,97.156197,0
06/02/1995,97.375,99.468803,97.3125,97.9375,0
06/05/1995,97.9375,98.531197,97.8125,97.9375,0
06/06/1995,98.843803,99,98.468803,98.718803,0
06/07/1995,100.218803,100.343803,99.218803,99.5,0
06/08/1995,99.875,99.906197,99.4375,99.75,0
06/09/1995,100.343803,100.468803,99.406197,99.5625,0
06/12/1995,98.781197,99.218803,98.593803,98.906197,0
06/13/1995,97.218803,98.656197,97.1875,98.593803,0
06/14/1995,97.468803,97.531197,97.031197,97.25,0
06/15/1995,97.656197,98.031197,97.3125,97.4375,0
06/16/1995,99.25,99.3125,98.625,99.156197,0
06/19/1995,98.625,99.093803,98.531197,99.031197,0
06/20/1995,98.9375,99.156197,98.625,98.781197,0
06/21/1995,98.4375,99,98.3125,98.656197,0
06/22/1995,98.6875,99.375,98.6875,99.218803,0
06/23/1995,99.093803,99.1875,98.625,98.906197,0
06/26/1995,99.593803,99.6875,99.125,99.25,0
06/27/1995,100.0625,100.343803,99.781197,99.843803,0
06/28/1995,99.343803,99.6875,99.25,99.656197,0
06/29/1995,100.75,100.906197,99.5,99.6875,0
06/30/1995,98.6875,99.0625,98.625,99.031197,0
07/03/1995,99.343803,99.468803,99.218803,99.3125,0
07/05/1995,98.218803,98.4375,98.218803,98.3125,0
07/06/1995,97.656197,98.718803,97.3125,98.6875,0
07/07/1995,98.781197,99.125,97.781197,98.656197,0
07/10/1995,99.8125,100.031197,99.75,99.9375,0
07/11/1995,100.25,100.25,99.8125,99.843803,0
07/12/1995,99.625,99.718803,99.468803,99.718803,0
07/13/1995,99.9375,100.125,99.593803,99.875,0
07/14/1995,99.781197,99.8125,99.093803,99.375,0
07/17/1995,100,100,99.4375,99.468803,0
07/18/1995,99.781197,99.906197,99.406197,99.4375,0
07/19/1995,100.3125,100.625,99.156197,99.468803,0
07/20/1995,98.5,98.8125,98.031197,98.4375,0
07/21/1995,98.9375,99.156197,98.281197,98.4375,0
07/24/1995,96.593803,97.125,96.593803,97.0625,0
07/25/1995,96.875,97.125,96.406197,97,0
07/26/1995,96.593803,96.6875,96.218803,96.281197,0
07/27/1995,96.468803,96.9375,96.4375,96.843803,0
07/28/1995,97,97.3125,96.75,96.8125,0
07/31/1995,96.3125,96.656197,96.25,96.625,0
08/01/1995,97.343803,97.406197,96.843803,96.968803,0
08/02/1995,96.656197,97.25,96.625,96.968803,0
08/03/1995,97.531197,97.625,96.75,96.968803,0
08/04/1995,96.375,96.781197,95.906197,96.593803,0
08/07/1995,96.906197,97.125,96.843803,97.0625,0
08/08/1995,97.031197,97.375,96.968803,97.093803,0
08/09/1995,96.781197,96.8125,96.468803,96.625,0
08/10/1995,96.968803,97.156197,96.625,96.75,0
08/11/1995,97.5625,97.656197,96.6875,96.875,0
08/14/1995,96.531197,96.8125,96.406197,96.6875,0
08/15/1995,96.375,96.5,95.843803,96.5,0
08/16/1995,95.593803,95.875,95.343803,95.75,0
08/17/1995,96.093803,96.125,95.718803,95.843803,0
08/18/1995,95.843803,95.968803,95.75,95.875,0
08/21/1995,95.8125,96.343803,95.8125,96.125,0
08/22/1995,96.125,96.218803,95.843803,95.9375,0
08/23/1995,96.125,96.156197,95.9375,95.968803,0
08/24/1995,95.625,96.281197,95.625,96.218803,0
08/25/1995,95.1875,96.093803,95.1875,95.968803,0
08/28/1995,95.75,96.0625,95.531197,95.843803,0
08/29/1995,96.5625,96.656197,96.281197,96.4375,0
08/31/1995,96.218803,96.531197,96.031197,96.4375,0
09/01/1995,97.1875,97.781197,96.531197,97.531197,0
09/05/1995,97.093803,97.5,96.9375,97.406197,0
09/06/1995,97.968803,98.0625,97.8125,97.968803,0
09/07/1995,98.656197,98.718803,98.3125,98.375,0
09/08/1995,98.843803,99.218803,98.5625,98.718803,0
09/11/1995,98.968803,99.031197,98.718803,98.875,0
09/12/1995,98.031197,98.468803,98.031197,98.468803,0
09/13/1995,98.4375,98.531197,98.1875,98.281197,0
09/14/1995,97.6875,98.406197,97.625,98.3125,0
09/15/1995,98.875,98.906197,98.531197,98.718803,0
09/18/1995,98.9375,98.9375,98.656197,98.6875,0
09/19/1995,99.375,99.656197,99.281197,99.593803,0
09/20/1995,99.031197,99.281197,98.8125,99.25,0
09/21/1995,99.468803,99.5,98.531197,98.8125,0
09/22/1995,99.218803,99.281197,98.6875,99,0
09/25/1995,99.1875,99.3125,98.9375,99.218803,0
09/26/1995,97.218803,97.4375,96.9375,97.0625,0
09/27/1995,98.3125,98.375,97.625,98.25,0
09/28/1995,98.156197,98.343803,98,98.218803,0
09/29/1995,97.4375,98.125,97.218803,98.0625,0
10/02/1995,97.906197,98.343803,97.875,98.031197,0
10/03/1995,98,98.281197,97.906197,98.125,0
10/04/1995,98.781197,99,98.593803,98.968803,0
10/05/1995,98.843803,99.156197,98.468803,99,0
10/06/1995,99.1875,99.718803,98.875,99.25,0
10/10/1995,99.375,99.593803,99.3125,99.375,0
10/11/1995,99.5625,99.5625,99.3125,99.5,0
10/12/1995,99.343803,99.625,99.1875,99.5625,0
10/13/1995,99,99.656197,98.968803,99.5625,0
10/16/1995,99.468803,99.531197,99.3125,99.4375,0
10/17/1995,99.593803,99.906197,99.343803,99.656197,0
10/18/1995,100.593803,100.6875,100.3125,100.375,0
10/19/1995,100.3125,100.468803,100.125,100.375,0
10/20/1995,100.843803,100.875,100.3125,100.5,0
10/23/1995,100.25,100.25,100,100.1875,0
10/24/1995,99.875,100.375,99.75,100.3125,0
10/25/1995,99.6875,99.968803,99.656197,99.781197,0
10/26/1995,99.75,99.906197,99.4375,99.531197,0
10/27/1995,99.875,100.0625,99.156197,99.968803,0
10/30/1995,100.0625,100.25,100.031197,100.156197,0
10/31/1995,99.656197,99.875,99.5,99.781197,0
11/01/1995,99.375,99.968803,99.25,99.781197,0
11/02/1995,99.593803,100,99.5,99.875,0
11/03/1995,100.156197,100.406197,99.906197,100.031197,0
11/06/1995,100.531197,100.531197,100.3125,100.406197,0
11/07/1995,101,101,100.718803,100.843803,0
11/08/1995,100.218803,100.656197,100.156197,100.625,0
11/09/1995,100.6875,100.8125,100.343803,100.468803,0
11/10/1995,100.468803,100.531197,100.093803,100.281197,0
11/13/1995,100.406197,100.875,100.218803,100.75,0
11/14/1995,100.406197,100.6875,100.3125,100.406197,0
11/15/1995,100.375,100.593803,100.031197,100.156197,0
11/16/1995,100.125,100.8125,100.125,100.468803,0
11/17/1995,100.343803,100.625,100.156197,100.5,0
11/20/1995,100.406197,100.718803,100.218803,100.3125,0
11/21/1995,100.875,100.968803,100.6875,100.75,0
11/22/1995,100.875,101.031197,100.75,100.875,0
11/24/1995,100.718803,100.8125,100.625,100.75,0
11/27/1995,100.406197,100.656197,100.375,100.5625,0
11/28/1995,100.593803,100.718803,100.375,100.625,0
11/29/1995,100.5625,100.781197,100.531197,100.75,0
11/30/1995,100.468803,101.0625,100.468803,100.9375,0
12/01/1995,100.625,101.0625,100.5625,100.9375,0
12/04/1995,100.8125,101.343803,100.781799,100.218803,0
12/05/1995,102.0625,102.0625,101.75,101.843803,0
12/06/1995,102.3125,102.75,102.152603,102.3125,0
12/07/1995,103.0625,103.218803,102.75,102.875,0
12/08/1995,102.6875,103.281197,102.4375,102.593803,0
12/11/1995,102.406197,102.625,102.375,102.5625,0
12/12/1995,102.25,102.406197,101.843803,102.156197,0
12/13/1995,102.093803,102.25,101.906197,102.0625,0
12/14/1995,102.25,102.406197,102.1875,102.218201,0
12/15/1995,102.125,102.3125,102.0131,102.125,0
12/18/1995,102.4375,102.5625,101.9375,102,0
12/19/1995,101.281197,102.093803,101.781197,101.968803,0
12/20/1995,102,102.343803,101.781197,101.9375,25727
12/21/1995,101.156197,101.3125,101,101.156197,25727
12/22/1995,101.656197,102.031197,101.625,101.906197,21679
12/26/1995,101.8125,101.9375,101.75,101.906197,7306
12/27/1995,101.625,101.968803,101.625,101.843803,24041
12/28/1995,102.031197,102.281197,102.031197,102.25,24070
12/29/1995,102.125,102.468803,102,102.375,25480
01/02/1996,102.656197,102.718803,102.375,102.593803,38040
01/03/1996,102.6875,102.968803,102.656197,102.8125,52210
01/04/1996,103.6875,104.031197,103.343803,103.375,77057
01/05/1996,103.281197,103.5,102.781197,103.125,102597
01/08/1996,103.406197,103.5,103.156197,103.281197,14869
01/09/1996,102.8125,103.031197,102.5625,102.718803,52898
01/10/1996,103.093803,103.093803,102.3125,102.4375,95539
01/11/1996,102.3125,102.593803,102.125,102.5,78017
01/12/1996,102.3125,102.75,102.25,102.406197,72243
01/16/1996,101.125,101.625,101.125,101.593803,78551
01/17/1996,101.406197,101.843803,101.3125,101.781197,91991
01/18/1996,101.75,102.218803,101.593803,102.093803,111721
01/19/1996,102.9375,103.125,102.468803,102.875,106409
01/22/1996,103.9375,103.9375,103.406197,103.4375,47217
01/23/1996,103.781197,103.906197,103.5625,103.656197,76925
01/24/1996,103.3125,103.8125,103.218803,103.656197,83618
01/25/1996,103.875,103.968803,103.031197,103.25,101752
01/26/1996,102.25,102.75,101.656197,102.718803,100003
01/29/1996,103.375,103.468803,102.906197,103.093803,52241
01/30/1996,102.0625,102.531197,101.968803,102.406197,55412
01/31/1996,102.5625,102.9375,102.5,102.843803,74758
02/01/1996,102.6875,102.718803,102.4375,102.5625,77552
02/02/1996,103.218803,103.6875,102.968803,103,96499
02/05/1996,103.406197,103.468803,103.093803,103.343803,61038
02/06/1996,102.968803,103.218803,102.906197,103.0625,52342
02/07/1996,102.8125,102.9375,102.656197,102.781197,50450
02/08/1996,102.468803,102.593803,102.343803,102.5,55971
02/09/1996,102.718803,102.968803,102.3125,102.718803,91467
02/12/1996,102.218803,102.656197,102.0625,102.625,50221
02/13/1996,102.6875,102.906197,102.625,102.781197,86669
02/14/1996,103.0625,103.0625,102.718803,102.75,77886
02/15/1996,103.6875,103.75,103.156197,103.218803,111298
02/16/1996,103.781197,103.968803,103.375,103.406197,109120
02/20/1996,104.156197,104.4375,102.968803,103.031197,149483
02/21/1996,102.25,102.6875,101.875,102.218803,161248
02/22/1996,101.281197,101.75,101.25,101.625,99223
02/23/1996,100.1875,100.781197,99.625,99.8125,147696
02/26/1996,100.218803,100.343803,99.718803,100.093803,87601
02/27/1996,100.906197,101.093803,100.468803,100.593803,117055
02/28/1996,100.593803,100.843803,100.156197,100.1875,127919
02/29/1996,99.875,100.25,99.406197,99.906197,57588
03/01/1996,98.875,99.625,98.8125,99.531197,34058
03/04/1996,98.8125,99.25,98.75,99.1875,16929
03/05/1996,99.5625,99.625,99.031197,99.1875,17784
03/06/1996,100.375,100.531197,99.875,99.9375,16530
03/07/1996,100.656197,100.718803,100.343803,100.5625,11813
03/08/1996,102.375,102.4375,99.9375,100.125,28180
03/11/1996,98.843803,99.468803,98.093803,99.4375,17035
03/12/1996,99.4375,99.468803,98.843803,99.3125,6078
03/13/1996,96.75,97.0625,96.468803,96.75,3610
03/14/1996,97.406197,97.718803,97.25,97.406197,4410
03/15/1996,97.8125,97.875,97.0625,97.1875,5129
03/18/1996,97.218803,97.531197,97.093803,97.343803,4272
03/19/1996,97.093803,97.468803,96.968803,97.1875,9557
03/20/1996,96.0625,96.593803,95.5625,96.531197,9557
03/21/1996,96.468803,96.8125,96.343803,96.6875,85561
03/22/1996,97.093803,97.156197,96.781197,96.875,47074
03/25/1996,96.875,97.4375,96.8125,97.375,55111
03/26/1996,97.8125,97.9375,97.531197,97.8125,56643
03/27/1996,97.656197,97.968803,96.9375,96.968803,81634
03/28/1996,98.531197,98.5625,97.9375,98.093803,103408
03/29/1996,97.718803,98.125,97.656197,98.093803,69994
04/01/1996,97.218803,97.4375,97.125,97.3125,39802
04/02/1996,96.5625,96.875,96.5625,96.8125,48134
04/03/1996,97.5625,97.718803,97.25,97.406197,75295
04/04/1996,98.031197,98.093803,97.625,97.6875,55119
04/05/1996,99.531197,99.5625,97.968803,98.125,78794
04/08/1996,98.156197,98.156197,97.593803,98,80079
04/09/1996,97.093803,97.5,97.031197,97.468803,94326
04/10/1996,96.218803,96.343803,95.6875,95.8125,96215
04/11/1996,95.593803,95.75,94.875,95.343803,116742
04/12/1996,94.718803,95.8125,94.6875,95.6875,112690
04/15/1996,95.218803,95.406197,95.031197,95.343803,44263
04/16/1996,94.968803,95.093803,94.625,94.968803,72469
04/17/1996,96.375,96.375,95.875,96.125,74618
04/18/1996,96.6875,96.968803,96.3125,96.5,83635
04/19/1996,96.125,96.593803,96.093803,96.468803,78122
04/22/1996,95.8125,96.3125,95.8125,96.0625,60966
04/23/1996,95.75,95.843803,95.531197,95.718803,48551
04/24/1996,96.281197,96.375,95.968803,96.031197,58492
04/25/1996,96.218803,96.375,96.031197,96.343803,67479
04/26/1996,96.125,96.375,96.093803,96.218803,51358
04/29/1996,96.156197,96.156197,95.8125,95.9375,39781
04/30/1996,96.375,96.375,95.875,96.031197,82970
05/01/1996,96.031197,96.1875,95.656197,96.031197,86046
05/02/1996,96.718803,96.8125,95.625,95.75,143228
05/03/1996,95.625,96.156197,95.25,95.3125,122786
05/06/1996,94.968803,95.25,94.9375,95.125,51321
05/07/1996,94.0625,94.1875,93.781197,93.9375,63411
05/08/1996,93.3125,93.656197,93.031197,93.625,106881
05/09/1996,94.125,94.281197,93.781197,93.906197,96332
05/10/1996,93.343803,94.156197,93.156197,93.875,129116
05/13/1996,94.218803,94.468803,94.1875,94.406197,43725
05/14/1996,93.625,94.125,93.625,93.9375,95138
05/15/1996,94.593803,94.8125,94.531197,94.625,76888
05/16/1996,95.1875,95.218803,94.75,94.843803,85987
05/17/1996,94.9375,95.406197,94.843803,95.3125,78753
05/20/1996,95.281197,95.625,95.281197,95.4375,51998
05/21/1996,94.968803,95.125,94.8125,94.875,42930
05/22/1996,95.093803,95.3125,94.843803,95.3125,54751
05/23/1996,95.8125,95.9375,95.4375,95.5,74569
05/24/1996,95.156197,95.468803,95.093803,95.375,46688
05/28/1996,95.625,95.8125,95.468803,95.531197,45893
05/29/1996,95.75,95.8125,95.093803,95.125,85649
05/30/1996,95.281197,95.4375,94.9375,95.375,148264
05/31/1996,95.6875,95.6875,95.156197,95.281197,68273
06/03/1996,94.625,94.75,94.375,94.5625,33826
06/04/1996,94.375,94.6875,94.375,94.5,24851
06/05/1996,93.8125,94.0625,93.6875,94.031197,19230
06/06/1996,93.3125,93.906197,93.218803,93.6875,21778
06/07/1996,95,95.125,93.3125,93.843803,16823
06/10/1996,94.4375,94.468803,94.0625,94.125,15211
06/11/1996,94.531197,94.781197,94.281197,94.5,12913
06/12/1996,93.5625,93.718803,93.281197,93.343803,9605
06/13/1996,92.906197,93.1875,92.6875,93.0625,12562
06/14/1996,92.593803,93.031197,92.343803,92.906197,14376
06/17/1996,92.375,92.6875,92.343803,92.656197,13360
06/18/1996,93.031197,93.218803,92.8125,92.906197,21337
06/19/1996,93.4375,93.5625,93.156197,93.281197,21337
06/20/1996,93.718803,93.781197,93.468803,93.656197,49143
06/21/1996,93.3125,93.593803,93.3125,93.4375,48849
06/24/1996,93.125,93.343803,93.125,93.25,23105
06/25/1996,92.9375,93.281197,92.843803,93.125,52059
06/26/1996,93.218803,93.343803,93.031197,93.218803,52166
06/27/1996,92.8125,93.406197,92.6875,93.343803,58084
06/28/1996,92.875,93.718803,92.781197,93.5625,133321
07/01/1996,93.656197,93.656197,93.3125,93.625,53738
07/02/1996,94.468803,94.468803,93.9375,94.0625,93227
07/03/1996,94.781197,95.0625,94.625,94.906197,61365
07/05/1996,96.625,96.625,94.8125,94.906197,124739
07/08/1996,94.375,94.656197,94.093803,94.468803,61000
07/09/1996,94.4375,94.8125,94.406197,94.6875,60560
07/10/1996,92.3125,92.75,92.3125,92.6875,75115
07/11/1996,92.531197,92.906197,92.218803,92.656197,84247
07/12/1996,92.656197,93.281197,92.406197,92.968803,89819
07/15/1996,93.531197,93.625,93.3125,93.375,48302
07/16/1996,93.25,93.968803,92.9375,93.718803,95457
07/17/1996,94.031197,94.218803,93.968803,94.125,58511
07/18/1996,93.0625,93.843803,92.9375,93.8125,130532
07/19/1996,94.5625,94.5625,94.1875,94.218803,60768
07/22/1996,94.4375,94.625,94.156197,94.1875,54562
07/23/1996,94.625,94.9375,94.531197,94.906197,42465
07/24/1996,94.875,95.281197,94.406197,94.5,76582
07/25/1996,94.218803,94.531197,94.031197,94.218803,59149
07/26/1996,94.343803,94.593803,94.281197,94.4375,36763
07/29/1996,94.343803,94.375,93.968803,94,33109
07/30/1996,93.843803,94.25,93.75,94.093803,50055
07/31/1996,93.6875,94.1875,93.625,94.093803,66021
08/01/1996,91.9375,93.156197,91.781197,92.8125,138302
08/02/1996,93.156197,94.218803,93.093803,93.968803,110583
08/05/1996,94.656197,94.718803,94.531197,94.625,41367
08/06/1996,95.656197,95.718803,95.468803,95.593803,50638
08/07/1996,96.656197,96.968803,96.468803,96.593803,76864
08/08/1996,96.593803,96.656197,96.406197,96.468803,65873
08/09/1996,95.968803,96.406197,95.9375,96.281197,76773
08/12/1996,96.343803,96.468803,96.218803,96.343803,37184
08/13/1996,96.781197,97.031197,96.218803,96.25,85819
08/14/1996,96.593803,96.75,96.468803,96.625,63059
08/15/1996,97.406197,97.4375,96.9375,97.0625,60874
08/16/1996,95.781197,96.125,95.781197,96.093803,51398
08/19/1996,96.3125,96.375,96.031197,96.1875,41731
08/20/1996,95.781197,95.906197,95.6875,95.781197,45444
08/21/1996,96.218803,96.281197,96,96.093803,53535
08/22/1996,96.031197,96.156197,95.843803,95.968803,50578
08/23/1996,96.468803,96.5625,95.8125,95.9375,91654
08/26/1996,96.093803,96.093803,95.6875,95.718803,81890
08/27/1996,95.5625,95.843803,95.5625,95.6875,75691
08/28/1996,95.093803,95.375,94.906197,95.031197,53564
08/29/1996,94.875,95.0625,94.468803,94.5,100128
08/30/1996,95.218803,95.281197,94.25,94.625,42362
09/03/1996,94.1875,94.5625,93.75,94.5,43611
09/04/1996,94.1875,94.406197,93.875,94.031197,24469
09/05/1996,93.6875,93.75,93.343803,93.468803,24612
09/06/1996,93.156197,93.75,92.5625,93.531197,26206
09/09/1996,93.218803,93.406197,93.125,93.375,10960
09/10/1996,93.0625,93.218803,92.718803,92.843803,31723
09/11/1996,93.218803,93.343803,93,93.218803,16554
09/12/1996,93.281197,93.75,93.25,93.593803,8220
09/13/1996,92.4375,93.375,92.343803,93.218803,30653
09/16/1996,93.281197,93.343803,93.1875,93.281197,12240
09/17/1996,94.281197,94.3125,93.75,93.8125,7277
09/18/1996,94.6875,94.75,94.531197,94.656197,3267
09/19/1996,94.968803,95.156197,94.718803,94.843803,3267
09/20/1996,93.875,94.125,93.843803,93.968803,36585
09/23/1996,93.843803,94.031197,93.656197,94,25501
09/24/1996,93.5625,94.1875,93.343803,93.906197,62295
09/25/1996,93.625,94.0625,93.531197,94,89003
09/26/1996,93.9375,94.406197,93.875,94.218803,95492
09/27/1996,94.75,95,94.531197,94.593803,62655
09/30/1996,95.156197,95.406197,94.9375,95.031197,45393
10/01/1996,94.906197,95.375,94.8125,95.281197,54485
10/02/1996,95.031197,95.281197,94.968803,95.1875,59048
10/03/1996,95.1875,95.343803,95,95.125,66310
10/04/1996,94.843803,95.718803,94.8125,95.5625,116130
10/07/1996,96,96,95.6875,95.75,36610
10/08/1996,95.75,95.906197,95.6875,95.718803,43703
10/09/1996,96.718803,96.9375,96.5,96.5625,69818
10/10/1996,96.593803,96.656197,96.156197,96.281197,66831
10/11/1996,95.75,96.218803,95.656197,96.093803,78
10/15/1996,96.1875,96.3125,96.031197,96.125,33835
10/16/1996,95.6875,95.843803,95.343803,95.625,90396
10/17/1996,95.718803,96.0625,95.656197,96.031197,76657
10/18/1996,95.906197,96.125,95.875,95.9375,60762
10/21/1996,95.9375,96,95.781197,95.8125,23447
10/22/1996,96.468803,96.5,96.218803,96.25,46052
10/23/1996,96.25,96.343803,96.093803,96.3125,55778
10/24/1996,96.281197,96.3125,96.031197,96.1875,77399
10/25/1996,95.75,96,95.406197,95.875,85463
10/28/1996,96.031197,96.093803,95.906197,95.968803,24940
10/29/1996,94.968803,95.906197,94.843803,95.843803,125152
10/30/1996,96.093803,96.468803,95.906197,96.0625,113600
10/31/1996,95.75,96.031197,95.6875,95.968803,70908
11/01/1996,97.156197,97.656197,96.968803,97.0625,121872
11/04/1996,96.968803,97.1875,96.875,97.093803,50454
11/05/1996,97.0625,97.5625,97.0625,97.4375,105273
11/06/1996,97.375,97.6875,97.218803,97.3125,96901
11/07/1996,97.218803,97.4375,96.75,97.406197,107221
11/08/1996,98.0625,98.156197,97.781197,97.968803,76657
11/12/1996,97.5,97.968803,97.4375,97.9375,62957
11/13/1996,98.281197,98.4375,98.031197,98.25,95103
11/14/1996,97.843803,98.218803,97.6875,98.156197,86762
11/15/1996,98.781197,98.9375,98.5625,98.656197,93676
11/18/1996,98.625,98.75,98.4375,98.5625,45829
11/19/1996,98.8125,99.0625,98.6875,98.9375,59573
11/20/1996,98.5,98.75,98.218803,98.718803,90365
11/21/1996,98.625,98.8125,98.5625,98.593803,77326
11/22/1996,98.781197,98.9375,98.75,98.843803,74198
11/25/1996,98.906197,99.156197,98.8125,99,58441
11/26/1996,99.031197,99.375,98.9375,99,132677
11/27/1996,99,99.3125,98.875,99,98596
11/29/1996,98.843803,99.1875,98.8125,99.156197,38660
12/02/1996,99.5,99.531303,99.4375,99.4375,0
12/03/1996,99.5,99.625,99.406303,99.625,0
12/04/1996,99.375,99.5,99.3125,99.343803,0
12/05/1996,99.0625,99.25,99.0625,99.218803,0
12/06/1996,98.8125,99.468803,98.406303,98.625,0
12/09/1996,98.843803,99.25,98.8125,99.125,12181
12/10/1996,98.468803,98.531197,98.25,98.375,17576
12/11/1996,98.968803,98.968803,98,98.0625,20230
12/12/1996,98.5,99.218803,98.3125,98.4375,18212
12/13/1996,97.875,98.406197,97.781197,98.281197,9287
12/16/1996,97.375,97.5,96.968803,97.093803,9226
12/17/1996,97.218803,97.375,96.75,97.0625,8193
12/18/1996,97.781197,98,97.5625,97.625,2904
12/19/1996,96.8125,97.406197,96.718803,97.375,2904
12/20/1996,96.968803,97.25,96.875,97,25293
12/23/1996,96.656197,96.906197,96.5625,96.781197,25293
12/24/1996,97.468803,97.531197,97.343803,97.4375,3977
12/26/1996,97.531197,97.593803,97.468803,97.468803,6126
12/27/1996,97.1875,97.593803,97.1875,97.5,26772
12/30/1996,97.593803,97.718803,97.4375,97.5,15103
12/31/1996,98.156197,98.25,97.468803,97.5,30749
01/02/1997,98.5,98.6875,97.718803,97.875,78888
01/03/1997,97.5625,97.968803,97.531197,97.656197,58883
01/06/1997,97.406197,97.4375,97.156197,97.218803,72224
01/07/1997,96.406197,96.625,96.156197,96.281197,80618
01/08/1997,96.4375,96.6875,96.25,96.343803,68760
01/09/1997,95.781197,96.1875,95.531197,96.125,91764
01/10/1997,96.75,96.906197,95.8125,96.093803,132974
01/13/1997,95.906197,96,95.718803,95.843803,45459
01/14/1997,95.906197,96.468803,95.8125,96.406197,108969
01/15/1997,95.6875,95.75,95.4375,95.625,83386
01/16/1997,95.906197,96.1875,95.5,95.656197,113823
01/17/1997,96.25,96.468803,96.156197,96.343803,125
01/21/1997,96.125,96.4375,95.75,96.375,78734
01/22/1997,96.3125,96.4375,96.093803,96.125,73087
01/23/1997,96.25,96.343803,96,96.125,64816
01/24/1997,96.5625,96.593803,96.156197,96.375,97594
01/27/1997,96.375,96.406197,96,96.125,47922
01/28/1997,95.656197,96.375,95.625,95.843803,104931
01/29/1997,95.5625,95.8125,95.25,95.6875,96891
01/30/1997,95.156197,95.4375,95.125,95.3125,69250
01/31/1997,95.093803,95.6875,94.718803,95.593803,104099
02/03/1997,95.468803,95.843803,95.3125,95.718803,71924
02/04/1997,95.843803,95.9375,95.656197,95.875,58280
02/05/1997,96.593803,96.718803,96.375,96.468803,83254
02/06/1997,96.875,96.968803,96.75,96.875,59423
02/07/1997,96.656197,97.406197,96.593803,97.031197,145730
02/10/1997,96.781197,96.906197,96.625,96.8125,48253
02/11/1997,96.781197,96.875,96.6875,96.75,57825
02/12/1997,97.3125,97.468803,97.125,97.281197,56657
02/13/1997,96.8125,97.25,96.8125,97.218803,67240
02/14/1997,97.031197,97.281197,96.8125,97.125,87466
02/18/1997,97.343803,97.343803,96.968803,97.0625,72431
02/19/1997,98.031197,98.156197,97.843803,97.906197,84122
02/20/1997,98.4375,98.4375,98.125,98.156197,84539
02/21/1997,98,98.093803,97.875,98.031197,83620
02/24/1997,97.906197,97.906197,97.656197,97.781197,56158
02/25/1997,97.375,97.4375,96.1875,97.25,57080
02/26/1997,98.343803,98.4375,97.25,97.375,199298
02/27/1997,97.531197,97.625,97.093803,97.218803,138626
02/28/1997,97.093803,97.25,96.968803,97.156197,43780
03/03/1997,96.218803,96.218803,95.8125,96.125,59600
03/04/1997,96.093803,96.343803,95.9375,95.968803,31025
03/05/1997,95.875,96.125,95.75,96,20313
03/06/1997,96.031197,96.25,95.75,95.843803,16477
03/07/1997,95.125,95.593803,94.593803,95.4375,10389
03/10/1997,95.625,95.656197,95.406197,95.5,13448
03/11/1997,95.468803,95.531197,95.125,95.375,8810
03/12/1997,95.9375,96,95.6875,95.8125,18270
03/13/1997,96.5,96.5,95.781197,95.8125,8206
03/14/1997,95.625,96.031197,95.593803,95.75,7059
03/17/1997,95.6875,95.718803,95.3125,95.5625,20170
03/18/1997,94.781197,94.843803,94.531197,94.718803,10611
03/19/1997,94.906197,95.093803,94.656197,94.781197,10611
03/20/1997,94.656197,94.781197,94.281197,94.656197,60085
03/21/1997,94.625,94.781197,94.531197,94.656197,60085
03/24/1997,94.4375,94.656197,94.406197,94.625,45405
03/25/1997,94.9375,95.281197,94.593803,94.656197,95196
03/26/1997,94.781197,94.781197,94.375,94.5625,82791
03/27/1997,95.375,95.5625,94.781197,94.8125,93149
03/31/1997,94.6875,94.8125,94.5625,94.656197,66361
04/01/1997,94.156197,94.406197,93.906197,94.281197,87167
04/02/1997,93.468803,93.625,93.3125,93.5,81643
04/03/1997,93.625,93.781197,93.5,93.6875,62656
04/04/1997,94.406197,94.4375,93.9375,94.0625,99966
04/07/1997,93.625,93.9375,93.625,93.843803,46859
04/08/1997,94.093803,94.156197,93.781197,93.906197,63951
04/09/1997,93.468803,93.718803,93.4375,93.5,66302
04/10/1997,93.843803,93.968803,93.718803,93.843803,56641
04/11/1997,93.968803,94.0625,93.4375,93.593803,98988
04/14/1997,93.593803,93.656197,93.5,93.593803,34424
04/15/1997,93.156197,93.906197,93.0625,93.625,99268
04/16/1997,93.218803,93.25,92.75,93.093803,72381
04/17/1997,92.875,93.25,92.8125,93.0625,99977
04/18/1997,93.8125,94.0625,93.781197,93.9375,43722
04/21/1997,93.906197,94,93.656197,93.6875,35563
04/22/1997,93.8125,94,93.6875,93.968803,57956
04/23/1997,94.4375,94.5,94.031197,94.125,65428
04/24/1997,94.0625,94.156197,93.781197,93.8125,80896
04/25/1997,94.093803,94.125,93.875,94,49052
04/28/1997,93.6875,93.906197,93.593803,93.875,42165
04/29/1997,92.718803,93.5625,92.5625,93.5,122107
04/30/1997,93.093803,93.656197,92.6875,93.406197,192214
05/01/1997,93.5,93.656197,93.343803,93.5625,100993
05/02/1997,94.531197,95,94.3125,94.5625,114703
05/05/1997,95.031197,95.0625,94.8125,94.9375,27362
05/06/1997,95.3125,95.406197,95.093803,95.281197,68541
05/07/1997,95.781197,95.781197,95.3125,95.375,73261
05/08/1997,95.156197,95.4375,94.906197,95.375,75022
05/09/1997,94.875,95.375,94.75,95.25,87520
05/12/1997,94.593803,94.843803,94.4375,94.75,50723
05/13/1997,95.218803,95.406197,94.843803,94.9375,106138
05/14/1997,95.093803,95.531197,95.031197,95.3125,84917
05/15/1997,95.281197,95.468803,94.781197,95.375,94321
05/16/1997,95.1875,95.281197,94.906197,95,57929
05/19/1997,95.281197,95.406197,95.156197,95.281197,18792
05/20/1997,95.218803,95.593803,95,95.343803,77015
05/21/1997,95.3125,95.4375,94.906197,95.031197,96154
05/22/1997,95.093803,95.125,94.875,94.968803,74293
05/23/1997,95.093803,95.3125,95.093803,95.218803,34471
05/27/1997,95.093803,95.1875,94.718803,94.843803,84811
05/28/1997,94.6875,94.843803,94.531197,94.625,108009
05/29/1997,94.5625,94.781197,94.5625,94.75,78730
05/30/1997,94.093803,94.656197,94.0625,94.5,93358
06/02/1997,94.5,94.656197,94.218803,94.4375,31294
06/03/1997,94.625,94.781197,94.531197,94.75,25485
06/04/1997,95.3125,95.375,95.1875,95.3125,34327
06/05/1997,95.281197,95.343803,95.156197,95.3125,56705
06/06/1997,94.906197,95.531197,94.5,95.5,24421
06/09/1997,95.843803,95.843803,95.5,95.531197,10250
06/10/1997,95.656197,95.875,95.468803,95.5625,44474
06/11/1997,96.375,96.531197,96.343803,96.406197,13268
06/12/1997,95.625,96.1875,95.4375,96.0625,14164
06/13/1997,95.5625,96,95.5,95.843803,31028
06/16/1997,95.8125,96.093803,95.8125,96,10451
06/17/1997,96.75,96.8125,96.375,96.593803,7568
06/18/1997,96.75,96.9375,96.5625,96.875,6249
06/19/1997,97.25,97.375,97.031197,97.25,6249
06/20/1997,96.6875,96.875,96.5625,96.8125,48487
06/23/1997,97.156197,97.1875,97,97.0625,36276
06/24/1997,97.125,97.156197,96.968803,97.093803,46212
06/25/1997,97.406197,97.593803,97.1875,97.281197,84585
06/26/1997,97.25,97.343803,96.968803,97.0625,100910
06/27/1997,96.8125,97.0625,96.781197,96.968803,58090
06/30/1997,97.0625,97.093803,96.531197,96.718803,75164
07/01/1997,96.093803,96.531197,95.968803,96.406197,86381
07/02/1997,96.593803,96.781197,96.593803,96.718803,54001
07/03/1997,95.875,96.593803,95.875,96.468803,99607
07/07/1997,96.843803,97.156197,96.781197,97.031197,59873
07/08/1997,97.0625,97.156197,96.9375,97.0625,45938
07/09/1997,97.625,97.906197,97.625,97.75,80091
07/10/1997,98.1875,98.218803,97.968803,98.156197,64768
07/11/1997,97.906197,98.218803,97.875,98.031197,72969
07/14/1997,98.343803,98.375,98.1875,98.218803,24900
07/15/1997,98.093803,98.156197,97.656197,98.156197,67478
07/16/1997,98,98.468803,98,98.375,75142
07/17/1997,98.156197,98.343803,98.031197,98.125,67683
07/18/1997,98.375,98.4375,98.156197,98.218803,57159
07/21/1997,98.8125,98.843803,98.625,98.718803,24102
07/22/1997,98.031197,98.656197,97.968803,98.625,66722
07/23/1997,98.25,98.468803,98.218803,98.281197,93865
07/24/1997,98.125,98.281197,98,98.125,85642
07/25/1997,99.1875,99.3125,98.968803,99.0625,64227
07/28/1997,98.781197,99.0625,98.781197,99.031197,31854
07/29/1997,98.75,99,98.656197,98.968803,70418
07/30/1997,98.531197,98.875,98.5,98.75,72920
07/31/1997,98.9375,99.156197,98.718803,99.0625,102773
08/01/1997,100.375,100.468803,99.3125,99.343803,183850
08/04/1997,99.875,100,99.593803,99.781197,80406
08/05/1997,100.125,100.1875,99.906197,100.0625,73705
08/06/1997,98.625,98.843803,98.5,98.75,58161
08/07/1997,98.656197,98.843803,98.406197,98.4375,75688
08/08/1997,99.156197,99.1875,98.156197,98.4375,167497
08/11/1997,98.468803,98.6875,98.25,98.5,80161
08/12/1997,98.468803,98.75,98.281197,98.3125,96848
08/13/1997,97.25,97.8125,97.031197,97.468803,201297
08/14/1997,97.125,97.593803,97.125,97.5,100101
08/15/1997,97.3125,97.4375,96.968803,97.343803,96656
08/18/1997,97.406197,97.718803,97.3125,97.5625,74468
08/19/1997,98.218803,98.281197,97.9375,98.156197,67620
08/20/1997,98.343803,98.375,98.093803,98.218803,46384
08/21/1997,98.875,98.9375,98.468803,98.5625,98750
08/22/1997,98.843803,98.843803,98.343803,98.5,106304
08/25/1997,98.4375,98.531197,98.25,98.281197,61705
08/26/1997,97.843803,98.031197,97.593803,97.906197,78967
08/27/1997,97.4375,97.593803,97.1875,97.406197,106502
08/28/1997,96.875,97.3125,96.781197,97.281197,127437
08/29/1997,97.656197,97.781197,97.1875,97.406197,44819
09/02/1997,97.1875,97.4375,96.843803,97.3125,24018
09/03/1997,98.093803,98.1875,97.906197,97.9375,96070
09/04/1997,97.593803,97.75,97.531197,97.656197,22932
09/05/1997,98.1875,98.875,97.9375,98.093803,19512
09/08/1997,97.4375,97.75,97.406197,97.6875,18692
09/09/1997,97.656197,97.6875,97.5,97.625,21434
09/10/1997,97.593803,97.625,97.375,97.5,12543
09/11/1997,97.8125,97.875,97.5625,97.718803,11455
09/12/1997,97.093803,97.718803,97.031197,97.656197,34910
09/15/1997,97.5625,97.656197,97.4375,97.5625,8183
09/16/1997,96.343803,97.375,96.281197,97.281197,19629
09/17/1997,97.281197,97.5625,97.156197,97.343803,9403
09/18/1997,98.125,98.343803,97.968803,98.031197,9241
09/19/1997,99.218803,99.375,99.125,99.3125,9241
09/22/1997,99.125,99.343803,99.125,99.3125,39823
09/23/1997,99.468803,99.468803,99.218803,99.25,37343
09/24/1997,99.0625,99.468803,99,99.343803,71254
09/25/1997,100.0625,100.125,99.5625,99.593803,103386
09/26/1997,99.031197,99.406197,98.968803,99.281197,69218
09/29/1997,99.718803,99.781197,99.5,99.656197,29723
09/30/1997,99.25,99.406197,99.031197,99.156197,73075
10/01/1997,99.0625,99.625,99.0625,99.468803,109277
10/02/1997,99.281197,99.531197,99.218803,99.406197,92286
10/03/1997,99.468803,100.4375,99.031197,99.468803,219449
10/06/1997,99.6875,99.968803,99.6875,99.8125,74905
10/07/1997,99.8125,100,99.656197,99.906197,60389
10/08/1997,100.9375,101.093803,100.031197,100.156197,199398
10/09/1997,100.5625,100.5625,99.781197,100.343803,167108
10/10/1997,100.9375,100.968803,100.156197,100.468803,167108
10/14/1997,99.3125,99.625,99.281197,99.593803,57389
10/15/1997,99.656197,99.718803,99.25,99.468803,74824
10/16/1997,98.9375,99.375,98.8125,98.968803,113896
10/17/1997,100,100.031197,99.375,99.5625,105912
10/20/1997,99.25,99.375,99.1875,99.343803,41979
10/21/1997,99.3125,99.406197,99.1875,99.343803,54425
10/22/1997,98.6875,98.781197,98.531197,98.75,57321
10/23/1997,98.4375,99.3125,98.3125,98.9375,168947
10/24/1997,98.8125,99.093803,98.5625,98.968803,121243
10/27/1997,98.718803,99.1875,98.656197,99.156197,128356
10/28/1997,100.6875,101.156197,99.75,99.781197,231173
10/29/1997,99.625,100.1875,99.406197,100,146284
10/30/1997,101.343803,101.8125,101.343803,101.593803,118653
10/31/1997,100.218803,100.593803,99.781197,100.1875,86593
11/03/1997,101.156197,101.156197,100.656197,100.8125,58713
11/04/1997,101.468803,101.6875,101.25,101.3125,71683
11/05/1997,101.125,101.281197,101,101.125,74209
11/06/1997,100.5,100.8125,100.406197,100.75,62852
11/07/1997,100.5,100.9375,100.343803,100.5,138248
11/10/1997,100.343803,100.5,100.1875,100.5,31443
11/12/1997,100.593803,100.906197,100.468803,100.75,72550
11/13/1997,100.6875,101,100.468803,100.6875,85332
11/14/1997,100.625,101.031197,100.593803,100.6875,87882
11/17/1997,100.718803,100.9375,100.5,100.906197,46682
11/18/1997,100.9375,101.093803,100.8125,100.9375,88479
11/19/1997,100.75,101.031197,100.718803,100.9375,103819
11/20/1997,101.156197,101.218803,100.9375,101,89936
11/21/1997,100.843803,101.0625,100.531197,101,94849
11/24/1997,101.343803,101.468803,101.156197,101.1875,94389
11/25/1997,101.093803,101.218803,100.9375,101.0625,94585
11/26/1997,101.406197,101.406197,101.125,101.25,124748
11/28/1997,100.968803,101.031197,100.906197,101,27170
12/01/1997,100.718803,101,100.6875,100.843803,57929
12/02/1997,100.75,100.8125,100.656197,100.781197,30614
12/03/1997,100.5,100.6875,100.4375,100.593803,33799
12/04/1997,100.843803,101.093803,100.781197,100.8125,25596
12/05/1997,101.218803,101.218803,99.75,100.8125,57900
12/08/1997,101.218803,101.3125,100.968803,101,19758
12/09/1997,100.843803,101.0625,100.75,100.9375,32798
12/10/1997,100.031197,100.343803,99.968803,100.281197,13719
12/11/1997,99.718803,100.4375,99.718803,100.125,14707
12/12/1997,99.781197,100.218803,99.781197,100.1875,10330
12/15/1997,100.718803,100.843803,100.4375,100.468803,20445
12/16/1997,100.9375,101.093803,100.8125,100.968803,10614
12/17/1997,101.718803,101.718803,101.343803,101.5625,7960
12/18/1997,101.125,101.5625,101.0625,101.406197,11780
12/19/1997,101.0625,101.531197,101,101.3125,11780
12/22/1997,101.1875,101.5,101.125,101.25,39220
12/23/1997,101.468803,101.593803,101.281197,101.406197,18128
12/24/1997,101.625,101.75,101.468803,101.531197,4422
12/26/1997,101.625,101.75,101.468803,101.531197,4422
12/29/1997,101.718803,101.8125,101.531197,101.5625,25972
12/30/1997,101.875,101.875,101.281197,101.593803,65627
12/31/1997,101.25,101.5625,101.1875,101.5,29775
01/02/1998,100.9375,101.5,100.875,101.4375,43089
01/05/1998,100.625,101.281197,100.5625,101.25,113310
01/06/1998,101.4375,101.656197,101.218803,101.5625,133131
01/07/1998,102.406197,102.468803,101.9375,102.0625,128230
01/08/1998,102.468803,103.031197,102.4375,102.875,111810
01/09/1998,102.6875,103.218803,102.156197,103.156197,151494
01/12/1998,102.75,103.406197,102.593803,102.781197,174142
01/13/1998,103.4375,103.625,103.125,103.281197,127438
01/14/1998,104.156197,104.25,103.718803,103.9375,98818
01/15/1998,103.8125,104,103.625,103.718803,86577
01/16/1998,103.75,103.8125,103.343803,103.375,74243
01/20/1998,103.375,103.6875,103.25,103.281197,71131
01/21/1998,103.125,103.375,102.906197,103.281197,118207
01/22/1998,102.843803,103.093803,102.75,102.843803,112906
01/23/1998,103.468803,103.468803,102.593803,102.656197,191124
01/26/1998,102.4375,102.906197,102.093803,102.843803,100467
01/27/1998,103.343803,103.406197,102.8125,103,100270
01/28/1998,102.218803,102.4375,101.968803,102.218803,95851
01/29/1998,101.656197,102.468803,101.593803,102.343803,138096
01/30/1998,101.6875,101.906197,101.5625,101.875,100972
02/02/1998,102.25,102.343803,101.906197,102,93167
02/03/1998,102.781197,103.031197,102.6875,102.843803,85270
02/04/1998,103.031197,103.156197,102.875,103,73385
02/05/1998,103.0625,103.1875,102.656197,102.718803,106172
02/06/1998,102.875,103,102.4375,102.843803,126365
02/09/1998,103,103.0625,102.6875,102.843803,64341
02/10/1998,102.406197,102.5625,102.343803,102.5,55391
02/11/1998,102.125,102.468803,102.0625,102.4375,105955
02/12/1998,102.375,102.6875,102.218803,102.25,120337
02/13/1998,102.281197,102.5,102.1875,102.343803,66605
02/17/1998,102.375,102.75,102.375,102.625,88533
02/18/1998,103,103.125,102.6875,102.75,129135
02/19/1998,103,103.0625,102.8125,102.906197,90014
02/20/1998,103.25,103.281197,103,103.125,68703
02/23/1998,103.281197,103.531197,102.843803,102.875,145572
02/24/1998,103.406197,103.593803,102.593803,102.75,252605
02/25/1998,102.468803,102.781197,102.4375,102.718803,147027
02/26/1998,102.625,102.718803,102.375,102.468803,173616
02/27/1998,101.593803,101.75,101.218803,101.75,98175
03/02/1998,102.625,102.656197,102.093803,102.125,37040
03/03/1998,102.1875,102.343803,101.718803,101.875,65911
03/04/1998,102.031197,102.281197,101.843803,102.125,45413
03/05/1998,101.781197,102.0625,101.593803,101.6875,40990
03/06/1998,100.968803,101.281197,100.531197,101.156197,34622
03/09/1998,100.9375,101.3125,100.875,101.1875,30303
03/10/1998,101.156197,101.218803,101,101.156197,25333
03/11/1998,101.25,101.531197,101.25,101.468803,18784
03/12/1998,101.375,101.843803,101.25,101.75,21461
03/13/1998,101.843803,101.875,101.531197,101.75,16664
03/16/1998,101.593803,101.9375,101.5625,101.906197,17369
03/17/1998,102.5,102.6875,102.3125,102.375,11708
03/18/1998,102.375,102.4375,102.1875,102.25,9360
03/19/1998,102.4375,102.531197,102.156197,102.406197,7347
03/20/1998,102.3125,102.4375,102.218803,102.375,7347
03/23/1998,102.156197,102.3125,102,102.25,59776
03/24/1998,102.156197,102.25,102.031197,102.156197,44645
03/25/1998,102.5625,102.8125,102.125,102.218803,131091
03/26/1998,102.406197,102.5,102.1875,102.218803,105767
03/27/1998,102.281197,102.4375,102.093803,102.218803,96943
03/30/1998,102.093803,102.281197,101.843803,101.9375,66363
03/31/1998,101.375,101.6875,101.3125,101.656197,87460
04/01/1998,101.375,101.625,101.25,101.593803,98049
04/02/1998,101.281197,101.531197,101.156197,101.5,123734
04/03/1998,101.718803,101.968803,101.593803,101.9375,222000
04/06/1998,102.031197,102.281197,101.906197,102.25,79557
04/07/1998,102.0625,102.3125,101.9375,102.281197,87895
04/08/1998,102.593803,102.843803,102.468803,102.8125,103658
04/09/1998,102.406197,102.656197,102.281197,102.625,126127
04/13/1998,102.375,102.625,102.25,102.593803,109197
04/14/1998,102.093803,102.343803,101.968803,102.3125,88496
04/15/1998,101.968803,102.218803,101.843803,102.1875,80290
04/16/1998,101.625,101.875,101.5,101.843803,72625
04/17/1998,101.781197,102.031197,101.656197,102,65594
04/20/1998,102,102.25,101.875,102.218803,62715
04/21/1998,102.0625,102.3125,101.9375,102.281197,101032
04/22/1998,102,102.25,101.875,102.218803,91019
04/23/1998,101.718803,101.968803,101.593803,101.9375,111907
04/24/1998,101.468803,101.718803,101.343803,101.6875,71074
04/27/1998,102.5625,102.5625,101.593803,101.75,193566
04/28/1998,101.625,101.875,101.5625,101.593803,120825
04/29/1998,101.718803,101.875,101.5625,101.718803,97592
04/30/1998,100.3125,101.0625,100.156197,101.031197,151099
05/01/1998,100.718803,101.125,100.6875,100.781197,128230
05/04/1998,100.8125,100.843803,100.625,100.75,39965
05/05/1998,101.8125,101.843803,101.593803,101.656197,74021
05/06/1998,101.531197,101.8125,101.375,101.781197,136362
05/07/1998,101.781197,101.875,101.5625,101.718803,70036
05/08/1998,101.75,101.8125,101.4375,101.593803,116824
05/11/1998,102.343803,102.343803,101.906197,101.968803,84805
05/12/1998,101.281197,101.781197,101.218803,101.75,108192
05/13/1998,101.468803,101.75,101.343803,101.5625,111437
05/14/1998,101.343803,101.375,101.093803,101.125,77987
05/15/1998,101.593803,101.718803,101.5,101.593803,51939
05/18/1998,101.531197,101.8125,101.5,101.781197,61877
05/19/1998,101.6875,101.75,101.5,101.593803,84737
05/20/1998,101.406197,101.6875,101.281197,101.5625,131604
05/21/1998,102.125,102.218803,101.75,101.8125,123692
05/22/1998,101.5625,101.781197,101.531197,101.718803,59864
05/26/1998,101.718803,102.031197,101.6875,101.9375,150115
05/27/1998,101.468803,101.718803,101.468803,101.593803,202578
05/28/1998,101.6875,101.8125,101.5625,101.6875,155935
05/29/1998,101.9375,102.1875,101.9375,102.031197,89017
06/01/1998,102.156197,102.343803,102.093803,102.218803,45914
06/02/1998,102.25,102.281197,102,102.093803,78741
06/03/1998,102.3125,102.406197,102.093803,102.25,36905
06/04/1998,102.656197,102.781197,102.375,102.531197,40684
06/05/1998,102.0625,102.343803,101.718803,102.156197,50622
06/08/1998,102.125,102.1875,101.9375,102.093803,16523
06/09/1998,102,102,101.8125,101.9375,33205
06/10/1998,101.531197,101.968803,101.531197,101.9375,27710
06/11/1998,101.531197,102.031197,101.4375,102,24400
06/12/1998,101.843803,102.093803,101.625,101.968803,15113
06/15/1998,102.093803,102.468803,102.0625,102.343803,12674
06/16/1998,103.5,103.656197,103,103.0625,22584
06/17/1998,103.468803,103.593803,102.75,103,12824
06/18/1998,103.031197,103.25,102.875,103.1875,13171
06/19/1998,102.593803,102.843803,102.25,102.781197,13171
06/22/1998,102.5,102.593803,102.281197,102.3125,47416
06/23/1998,102.406197,102.531197,102.343803,102.5,46975
06/24/1998,102.625,102.781197,102.5,102.5625,70376
06/25/1998,102.625,102.656197,102.343803,102.593803,98015
06/26/1998,102.5625,102.75,102.343803,102.625,71664
06/29/1998,102.8125,102.906197,102.625,102.6875,32365
06/30/1998,102.468803,102.656197,102.25,102.625,86500
07/01/1998,102.5,102.8125,102.406197,102.593803,97827
07/02/1998,102.375,102.75,102.281197,102.468803,66239
07/06/1998,102.625,102.781197,102.625,102.75,42204
07/07/1998,103.468803,103.5,103.25,103.343803,55243
07/08/1998,102.968803,103.0625,102.843803,102.906197,40227
07/09/1998,102.8125,103.0625,102.75,103,72908
07/10/1998,102.968803,103.093803,102.875,102.968803,48926
07/13/1998,103.343803,103.4375,102.718803,102.875,121401
07/14/1998,103.218803,103.375,103,103.093803,97034
07/15/1998,103.031197,103.218803,102.968803,103.093803,58634
07/16/1998,102.781197,102.906197,102.593803,102.656197,101016
07/17/1998,102.75,102.906197,102.625,102.718803,60740
07/20/1998,102.531197,102.781197,102.468803,102.6875,42716
07/21/1998,102.4375,102.718803,102.375,102.593803,100307
07/22/1998,102.625,102.6875,102.468803,102.531197,56534
07/23/1998,102.531197,102.781197,102.5,102.656197,55949
07/24/1998,102.8125,102.906197,102.718803,102.75,53195
07/27/1998,102.718803,102.843803,102.531197,102.6875,43617
07/28/1998,102.875,103,102.75,102.843803,73145
07/29/1998,102.875,102.9375,102.6875,102.718803,67596
07/30/1998,102.6875,102.875,102.343803,102.781197,160150
07/31/1998,102.6875,102.8125,102.5625,102.6875,91454
08/03/1998,102.1875,102.531197,102.125,102.468803,86598
08/04/1998,102.375,102.656197,102.281197,102.5,107732
08/05/1998,102.5,102.656197,102.375,102.531197,83900
08/06/1998,102.8125,102.843803,102.6875,102.75,78016
08/07/1998,102.5625,102.9375,102.5,102.906197,110953
08/10/1998,103.031197,103.0625,102.875,102.968803,65474
08/11/1998,102.8125,103.3125,102.75,103,118675
08/12/1998,103.218803,103.218803,102.906197,103.125,79351
08/13/1998,103.25,103.5,103.031197,103.093803,112174
08/14/1998,103.25,103.468803,103.125,103.406197,111524
08/17/1998,103.3125,103.656197,103.218803,103.3125,58513
08/18/1998,103.093803,103.156197,102.875,103.031197,73174
08/19/1998,103.3125,103.3125,103.125,103.3125,105359
08/20/1998,103.125,103.406197,102.9375,103.343803,156249
08/21/1998,102.8125,104.031197,102.75,103.156197,299169
08/24/1998,103.125,103.3125,102.968803,103.156197,117471
08/25/1998,103.093803,103.406197,103.093803,103.343803,137599
08/26/1998,103.8125,104.156197,103.6875,104.031197,236367
08/27/1998,103.5625,104.656197,103.5625,104.093803,267768
08/28/1998,104.281197,105.0625,104.031197,104.406197,253482
08/31/1998,104.343803,104.625,104.0625,104.593803,89981
09/01/1998,105.1875,105.6875,104.843803,105.0625,77182
09/02/1998,105.3125,105.343803,104.875,105.125,63438
09/03/1998,105.093803,105.5625,105.093803,105.406197,28978
09/04/1998,105.4375,105.531197,105,105.406197,10152
09/08/1998,105.406197,105.593803,105.093803,105.218803,28223
09/09/1998,104.9375,105.6875,104.781197,105.625,31565
09/10/1998,104.5,105.781197,104.343803,105.6875,24893
09/11/1998,106.3125,106.875,105.5625,105.6875,17243
09/14/1998,106.4375,106.656197,106.0625,106.406197,33160
09/15/1998,107.781197,108.156197,107.531197,107.625,24221
09/16/1998,106.875,107.093803,106.625,107.0625,32176
09/17/1998,106.5,107.156197,106.375,106.968803,27287
09/18/1998,106.0625,106.6875,106,106.625,9807
09/21/1998,106.5625,107.5,106.468803,106.718803,9807
09/22/1998,107.531197,107.625,107.156197,107.25,111505
09/23/1998,107.281197,107.968803,107.093803,107.6875,139547
09/24/1998,107.375,107.781197,107.156197,107.75,113700
09/25/1998,107.25,107.781197,107.0625,107.4375,152255
09/28/1998,108.0625,108.125,107.843803,107.9375,63909
09/29/1998,108.031197,108.156197,107.75,108.125,75862
09/30/1998,107.843803,108.4375,107.468803,108.406197,112589
10/01/1998,107.9375,108.406197,107.343803,108.3125,188631
10/02/1998,108.156197,108.656197,107.875,108.281197,177450
10/05/1998,109.031197,109.968803,108.781197,109.531197,113074
10/06/1998,110.4375,110.875,110,110.4375,121590
10/07/1998,110.718803,111.3125,109.593803,110.343803,177735
10/08/1998,112.4375,112.625,110.8125,110.9375,149830
10/09/1998,111.218803,111.5625,109.156197,110.5625,178372
10/12/1998,111.218803,111.5625,109.156197,110.5625,178372
10/13/1998,110,110.218803,109.5,109.781197,119921
10/14/1998,108.0625,109,108.0625,108.843803,123233
10/15/1998,107.3125,107.531197,106.8125,107.1875,124507
10/16/1998,107.625,108.4375,106.875,107.906197,143779
10/19/1998,108.875,109.031197,108.593803,108.6875,53728
10/20/1998,109.843803,109.968803,108.906197,109.406197,116670
10/21/1998,109.593803,110,109.531197,109.718803,59895
10/22/1998,109.1875,109.406197,108.875,109.156197,94844
10/23/1998,109.375,109.625,108.468803,109,83157
10/26/1998,108.3125,109.1875,108.125,108.781197,109053
10/27/1998,108.218803,108.75,108.125,108.625,99388
10/28/1998,108.093803,108.375,107.843803,108.156197,88160
10/29/1998,108.25,108.5,108.031197,108.406197,83252
10/30/1998,109.75,109.75,108.906197,109,107143
11/02/1998,109.968803,110,109.156197,109.218803,90928
11/03/1998,109.656197,109.875,109.468803,109.593803,79442
11/04/1998,109.5625,109.656197,108.531197,108.875,146996
11/05/1998,108.468803,109.0625,107.875,108.125,147852
11/06/1998,108.9375,108.9375,107.6875,108.125,216108
11/09/1998,106.6875,107.3125,106.5,107.281197,96778
11/10/1998,107.1875,107.375,106.75,107.093803,120688
11/12/1998,106.1875,106.4375,106.0625,106.218803,112467
11/13/1998,106.9375,107.031197,106.5,106.75,93352
11/16/1998,106.9375,107.125,106.843803,107,64007
11/17/1998,107.468803,107.843803,107.156197,107.25,103080
11/18/1998,107,107.406197,106.6875,107.0625,198852
11/19/1998,107.125,107.343803,106.906197,106.968803,122328
11/20/1998,106.531197,106.8125,106.375,106.656197,111612
11/23/1998,107,107.218803,106.781197,106.8125,117911
11/24/1998,106.593803,106.875,106.531197,106.6875,114039
11/25/1998,106.843803,106.906197,106.625,106.656197,97675
11/27/1998,106.593803,106.718803,106.5625,106.656197,53313
11/30/1998,106.125,106.718803,106.031197,106.593803,71989
12/01/1998,106.5,106.906197,106.25,106.6875,51360
12/02/1998,106.3125,107.125,106.156197,106.75,68598
12/03/1998,107.375,107.718803,106.968803,107.281197,53269
12/04/1998,108.3125,108.531197,107.6875,107.843803,19522
12/07/1998,109,109.125,108.281197,108.343803,21412
12/08/1998,109,109.125,108.281197,108.343803,15341
12/09/1998,108.281197,108.5625,108.031197,108.468803,7683
12/10/1998,107.781197,108.1875,107.593803,108,12569
12/11/1998,107.875,108.031197,107.156197,107.375,5420
12/14/1998,108,108.375,107.906197,108.093803,17491
12/15/1998,108.718803,109.0625,108.468803,108.5,11312
12/16/1998,107.5625,108.031197,107.5,107.906197,5735
12/17/1998,108.1875,108.5,108,108.25,7396
12/18/1998,107.968803,108.0625,107.875,107.968803,3809
12/21/1998,108.468803,108.718803,107.968803,108.156197,3809
12/22/1998,108.3125,108.75,108.156197,108.281197,5735
12/23/1998,108.593803,108.781197,108.093803,108.125,3809
12/24/1998,108.031197,108.156197,107.3125,107.5625,39310
12/28/1998,106.593803,106.9375,106.375,106.906197,19693
12/29/1998,105.625,106.156197,105.5,106.125,39738
12/30/1998,106.1875,106.406197,106.0625,106.3125,38654
12/31/1998,106.343803,106.468803,106.093803,106.281197,31419
01/04/1999,107.6875,107.843803,107.125,107.406197,64142
01/05/1999,107.75,107.906197,107.1875,107.468803,81260
01/06/1999,108.031197,108.1875,107.468803,107.75,133326
01/07/1999,107.843803,108,107.281197,107.5625,126008
01/08/1999,107.093803,107.218803,106.531197,106.8125,150026
01/11/1999,107.343803,107.468803,106.781197,107.0625,112201
01/12/1999,107,107.125,106.4375,106.718803,108114
01/13/1999,106.6875,106.8125,106.125,106.406197,187007
01/14/1999,106.468803,106.593803,105.906197,106.1875,129525
01/15/1999,107.0625,107.1875,106.5,106.781197,87674
01/18/1999,107.0625,107.1875,106.5,106.781197,87674
01/19/1999,107.656197,107.8125,107.093803,107.375,77760
01/20/1999,107.968803,108.125,107.406197,107.6875,89597
01/21/1999,107.5625,107.718803,107,107.281197,112308
01/22/1999,107.375,107.531197,106.8125,107.093803,93573
01/25/1999,106.6875,107.031197,106.531197,106.6875,76678
01/26/1999,107.375,107.5,106.968803,107.093803,78064
01/27/1999,107.531197,107.8125,107.4375,107.531197,85076
01/28/1999,107.1875,108.218803,107.093803,107.4375,84897
01/29/1999,107.093803,107.343803,106.843803,107.3125,99521
02/01/1999,107.9375,108.125,107.343803,107.5,87001
02/02/1999,107.75,108,107.5,107.5625,140872
02/03/1999,107.531197,107.843803,107.468803,107.5,99114
02/04/1999,107.343803,107.625,106.593803,106.875,221773
02/05/1999,107.156197,107.281197,106.656197,106.781197,141740
02/08/1999,106.125,106.5,106,106.375,65954
02/09/1999,105.593803,105.8125,105.406197,105.656197,93353
02/10/1999,105.8125,106.0625,105.531197,105.656197,99378
02/11/1999,105.375,105.593803,105.281197,105.5,103840
02/12/1999,104.906197,105.468803,104.156197,104.5,190298
02/16/1999,104.9375,105.1875,104.531197,104.781197,108548
02/17/1999,104.781197,105.156197,104.593803,105.0625,99659
02/18/1999,105.0625,105.156197,104.593803,104.656197,122682
02/19/1999,104.5625,104.75,104.281197,104.468803,167227
02/22/1999,104.406197,104.8125,104.281197,104.781197,108259
02/23/1999,104.75,104.9375,104.25,104.406197,156645
02/24/1999,104.375,104.5625,103.875,103.906197,191212
02/25/1999,103.875,103.9375,102.718803,103.093803,305704
02/26/1999,103.031197,103.468803,102.75,103.3125,168427
03/01/1999,103.0625,103.3125,102.1875,102.4375,67760
03/02/1999,102.5625,102.9375,102.406197,102.75,41653
03/03/1999,103,103.0625,102.375,102.5,50201
03/04/1999,102.468803,102.5625,102.156197,102.25,42529
03/05/1999,102.3125,103.5625,102.156197,102.75,30272
03/08/1999,102.9375,103.125,102.8125,102.906197,18039
03/09/1999,102.781197,103.5625,102.656197,103.4375,28831
03/10/1999,103.468803,103.531197,103.156197,103.3125,20206
03/11/1999,103.218803,103.5,103.093803,103.3125,14158
03/12/1999,103.3125,103.593803,103.218803,103.531197,12705
03/15/1999,103.5625,103.75,103.468803,103.6875,10369
03/16/1999,103.75,104.093803,103.656197,103.968803,19114
03/17/1999,104.031197,104.218803,103.781197,103.8125,13755
03/18/1999,103.875,104.125,103.8125,103.968803,7238
03/19/1999,103.968803,104.093803,103.531197,103.5625,7035
03/22/1999,103.531197,103.5625,103.25,103.375,7035
03/23/1999,103.5,103.593803,103.406197,103.406197,80724
03/24/1999,103.5625,104,103.531197,103.6875,69483
03/25/1999,103.6875,103.843803,103.3125,103.343803,75587
03/26/1999,103.343803,103.781197,103.218803,103.3125,86955
03/29/1999,103.468803,103.531197,102.9375,103.0625,80438
03/30/1999,103.0625,103.468803,103.0625,103.468803,70083
03/31/1999,103.5625,103.656197,102.968803,103.281197,99975
04/01/1999,103.343803,103.531197,102.968803,103.1875,100230
04/02/1999,103.125,103.781197,103.0625,103.718803,64856
04/05/1999,103.5625,103.593803,103.281197,103.468803,50724
04/06/1999,103.468803,103.968803,103.468803,103.875,105410
04/07/1999,104,104.093803,103.843803,103.906197,71317
04/08/1999,103.906197,104.5625,103.781197,104.5,131612
04/09/1999,104.531197,104.6875,104.3125,104.468803,97744
04/12/1999,104.531197,104.75,104.4375,104.468803,57959
04/13/1999,104.468803,104.531197,103.968803,104.093803,86265
04/14/1999,104.156197,104.25,104,104.0625,81229
04/15/1999,104.093803,104.1875,103.781197,103.9375,120002
04/16/1999,103.875,103.9375,103.468803,103.5625,88560
04/19/1999,103.593803,103.875,103.4375,103.843803,90220
04/20/1999,103.843803,104.093803,103.75,103.968803,87768
04/21/1999,104.0625,104.25,103.9375,104.031197,53372
04/22/1999,103.9375,103.968803,103.406197,103.4375,99046
04/23/1999,103.375,103.5625,103.281197,103.406197,60084
04/26/1999,103.531197,103.6875,103.1875,103.656197,68682
04/27/1999,103.656197,103.875,103.531197,103.781197,54186
04/28/1999,103.75,103.843803,103.4375,103.593803,60729
04/29/1999,103.5625,104.156197,103.5,103.968803,101284
04/30/1999,104.031197,104.218803,102.9375,103.0625,147009
05/03/1999,102.968803,103.031197,102.6875,102.906197,78024
05/04/1999,102.968803,103.093803,102.531197,102.656197,106247
05/05/1999,102.625,102.843803,102.5,102.75,81905
05/06/1999,102.8125,102.968803,102.031197,102.125,185275
05/07/1999,102.156197,102.593803,101.75,101.9375,160533
05/10/1999,101.906197,102.1875,101.656197,102.0625,90200
05/11/1999,102.093803,102.156197,101.656197,101.75,98195
05/12/1999,101.843803,102.125,101.5625,101.968803,135946
05/13/1999,102.0625,102.75,102.031197,102.6875,108796
05/14/1999,102.593803,102.656197,100.9375,101.3125,189399
05/17/1999,101.281197,101.375,101,101.125,100152
05/18/1999,101.0625,101.4375,100.6875,100.875,118876
05/19/1999,100.9375,101.281197,100.843803,101.25,110599
05/20/1999,101.25,101.281197,100.968803,101.156197,119147
05/21/1999,101.25,101.8125,101.1875,101.593803,128959
05/24/1999,101.625,101.875,101.406197,101.718803,97098
05/25/1999,101.781197,101.843803,101.5625,101.6875,175892
05/26/1999,101.625,101.75,101.1875,101.3125,187056
05/27/1999,101.281197,101.375,100.6875,100.8125,206019
05/28/1999,100.718803,100.875,100.375,100.6875,70416
06/01/1999,100.406197,100.468803,99.343803,99.5,50464
06/02/1999,99.468803,99.656197,99.125,99.5,62689
06/03/1999,99.531197,99.843803,99.5,99.656197,24870
06/04/1999,99.593803,100.093803,99.375,99.5625,25288
06/07/1999,99.5625,99.843803,99.468803,99.593803,17422
06/08/1999,99.625,99.8125,99.5,99.5,21521
06/09/1999,99.375,99.5,99.031197,99.218803,12105
06/10/1999,99.1875,99.1875,98.593803,98.906197,18908
06/11/1999,98.781197,99.031197,98.1875,98.218803,12126
06/14/1999,98.343803,98.718803,98.25,98.593803,11915
06/15/1999,98.375,98.843803,98.375,98.531197,23026
06/16/1999,98.5625,99.156197,98.5,98.781197,18070
06/17/1999,98.906197,99.875,98.75,99.781197,16077
06/18/1999,99.968803,100.031197,99.593803,99.625,9667
06/21/1999,99.5,99.656197,98.843803,99.093803,9667
06/22/1999,99.0625,99.125,98.593803,98.8125,84626
06/23/1999,98.75,98.75,98.125,98.343803,118958
06/24/1999,98.4375,98.4375,97.875,98.031197,150346
06/25/1999,98.468803,98.468803,97.875,98.281197,94254
06/28/1999,98.703102,98.75,98.25,98.718803,75846
06/29/1999,98.609398,98.921898,98.5625,98.859398,106293
06/30/1999,99.921898,99.921898,98.625,99.890602,162438
07/01/1999,99.843803,100.203102,99.328102,99.8125,181338
07/02/1999,99.703102,99.843803,99.343803,99.703102,101665
07/06/1999,99.671898,99.671898,99.015602,99.328102,75682
07/07/1999,99.328102,99.328102,98.953102,99.078102,63010
07/08/1999,99.156197,99.546898,98.843803,99.531197,137624
07/09/1999,99.593803,99.843803,99.4375,99.515602,98812
07/12/1999,99.546898,100.281197,99.406197,100.171898,104916
07/13/1999,100.234398,100.625,100.109398,100.343803,154347
07/14/1999,100.328102,100.625,100.078102,100.1875,119529
07/15/1999,100.25,100.5625,100.0625,100.281197,133531
07/16/1999,99.890602,100.171898,99.8125,100.171898,89254
07/19/1999,100.828102,100.828102,100.593803,100.640602,66507
07/20/1999,100.671898,100.796898,100.3125,100.75,108525
07/21/1999,100.765602,100.875,100.5625,100.703102,89791
07/22/1999,100.593803,100.765602,99.734398,99.890602,167335
07/23/1999,99.843803,99.890602,99.359398,99.484398,103807
07/26/1999,99.375,99.421898,99.125,99.359398,81197
07/27/1999,99.6875,99.6875,99.406197,99.640602,113062
07/28/1999,99.75,99.75,99.593803,99.6875,95802
07/29/1999,99.171898,99.609398,98.765602,99.171898,183462
07/30/1999,99.093803,99.125,98.906197,98.906197,119226
08/02/1999,98.890602,99.031197,98.406197,98.875,117897
08/03/1999,98.875,98.953102,98.656197,98.718803,76995
08/04/1999,98.625,98.828102,98.578102,98.703102,116436
08/05/1999,98.75,99.218803,98.6875,99.078102,174641
08/06/1999,98.875,99.015602,97.953102,97.984398,152428
08/09/1999,97.875,97.906197,97.421898,97.468803,117255
08/10/1999,97.125,97.343803,97.015602,97.125,156755
08/11/1999,97.265602,97.5625,97.1875,97.515602,148602
08/12/1999,97.484398,97.703102,97.453102,97.453102,125086
08/13/1999,98.25,98.328102,97.468803,98.25,148246
08/16/1999,98.281197,98.468803,98.109398,98.343803,115810
08/17/1999,98.375,99.031197,98.281197,98.906197,180035
08/18/1999,98.921898,99,98.6875,98.968803,113001
08/19/1999,98.953102,99.078102,98.656197,98.781197,111103
08/20/1999,98.875,98.953102,98.718803,98.921898,69815
08/23/1999,98.921898,98.968803,98.828102,98.859398,74459
08/24/1999,98.765602,99.281197,98.625,99.156197,154366
08/25/1999,99.359398,99.968803,99.296898,99.953102,184518
08/26/1999,100.078102,100.109398,99.718803,99.875,164004
08/27/1999,99.796898,99.796898,99.234398,99.265602,178173
08/30/1999,99.171898,99.203102,98.546898,98.609398,73595
08/31/1999,98.484398,98.703102,98.125,98.343803,48522
09/01/1999,98.125,98.343803,98.0625,98.140602,12065
09/02/1999,98.140602,98.234398,97.8125,97.921898,11329
09/03/1999,97.890602,98.765602,97.890602,98.578102,977
09/07/1999,98.625,98.640602,98.3125,98.343803,8827
09/08/1999,98.296898,98.640602,98.125,98.453102,5903
09/09/1999,98.453102,98.468803,98.109398,98.171898,20537
09/10/1999,98.281197,98.828102,98.265602,98.75,17829
09/13/1999,98.6875,98.703102,98.5,98.625,12296
09/14/1999,98.578102,98.703102,98.078102,98.281197,7404
09/15/1999,98.265602,98.781197,98.156197,98.484398,15204
09/16/1999,98.593803,98.875,98.5625,98.781197,5996
09/17/1999,98.796898,99.125,98.781197,98.984398,6129
09/20/1999,98.921898,99.078102,98.609398,98.656197,6555
09/21/1999,98.625,98.734398,98.328102,98.484398,4736
09/22/1999,98.578102,98.6875,98.5,98.640602,63779
09/23/1999,98.5625,99.0625,98.5,99.046898,91858
09/24/1999,99.296898,99.859398,99.265602,99.828102,154905
09/27/1999,99.828102,99.859398,99.343803,99.406197,95517
09/28/1999,99.265602,99.406197,98.875,98.875,153652
09/29/1999,98.859398,98.890602,98.328102,98.343803,124189
09/30/1999,98.375,98.875,98.281197,98.8125,135614
10/01/1999,98.703102,98.765602,97.953102,98.0625,138175
10/04/1999,98.156197,98.5,98.156197,98.5,52382
10/05/1999,98.593803,98.671898,97.9375,97.968803,105261
10/06/1999,97.859398,97.984398,97.718803,97.765602,131715
10/07/1999,97.8125,97.968803,97.531197,97.765602,146955
10/08/1999,97.703102,98.234398,97.640602,97.781197,146955
10/12/1999,97.875,97.875,97.515602,97.671898,68443
10/13/1999,97.671898,97.843803,97.296898,97.3125,104294
10/14/1999,97.218803,97.328102,96.796898,96.9375,128146
10/15/1999,96.859398,97.4375,96.484398,97.406197,161997
10/18/1999,97.5625,97.718803,97.296898,97.359398,95087
10/19/1999,97.281197,97.5,97,97.0625,130967
10/20/1999,97.015602,97.109398,96.765602,96.9375,131393
10/21/1999,96.875,97.1875,96.75,96.8125,107101
10/22/1999,96.875,97.031197,96.8125,96.8125,94487
10/25/1999,96.890602,96.921898,96.5,96.796898,102335
10/26/1999,96.75,96.890602,96.593803,96.6875,88648
10/27/1999,96.75,97.171898,96.703102,97.140602,141647
10/28/1999,97.218803,97.765602,97.1875,97.6875,144394
10/29/1999,97.671898,98.359398,97.515602,98.343803,223925
11/01/1999,98.1875,98.265602,97.968803,98.140602,100727
11/02/1999,98.125,98.406197,97.984398,98.3125,142221
11/03/1999,98.203102,98.656197,98.171898,98.468803,147895
11/04/1999,98.5625,98.953102,98.546898,98.890602,156437
11/05/1999,98.796898,99.390602,98.75,99.140602,189988
11/08/1999,99.031197,99.1875,99.015602,99.109398,79160
11/09/1999,99,99.0625,98.8125,98.906197,108817
11/10/1999,98.890602,98.968803,98.390602,98.671898,108817
11/12/1999,99.078102,99.328102,99.015602,99.25,104820
11/15/1999,99.203102,99.296898,99.156197,99.265602,62561
11/16/1999,99.171898,99.375,98.765602,98.859398,106131
11/17/1999,98.671898,98.6875,98.328102,98.359398,137777
11/18/1999,98.171898,98.375,98.046898,98.218803,130121
11/19/1999,98.296898,98.343803,98.031197,98.171898,94199
11/22/1999,98.031197,98.078102,97.921898,98.0625,82531
11/23/1999,97.9375,98.093803,97.921898,98.0625,105692
11/24/1999,97.953102,98.1875,97.843803,98.140602,152674
11/25/1999,97.953102,98.1875,97.843803,98.140602,152674
11/26/1999,97.921898,98.046898,97.875,97.9375,60276
11/29/1999,97.828102,97.843803,97.375,97.4375,148056
11/30/1999,97.484398,97.765602,97.468803,97.703102,121249
12/01/1999,97.3125,97.375,97.140602,97.281197,10281
12/02/1999,97.109398,97.3125,97.093803,97.093803,16094
12/03/1999,97.109398,97.578102,97,97.546898,11859
12/06/1999,97.125,97.734398,97.125,97.734398,11979
12/07/1999,97.671898,98.0625,97.671898,98.0625,6559
12/08/1999,97.781197,97.906197,97.678101,97.906197,7429
12/09/1999,98.0625,98.0625,97.734398,98.0625,6614
12/10/1999,98.0625,98.109398,98.046898,98.531197,5051
12/13/1999,98.125,98.375,97.734398,98.359398,4178
12/14/1999,97.5625,97.593803,97.125,97.578102,5765
12/15/1999,97.125,97.328102,97.0625,97.328102,8589
12/16/1999,96.875,96.875,96.859398,96.875,10143
12/17/1999,96.875,97,96.765602,96.828102,11017
12/20/1999,96.421898,96.421898,96.390602,96.390602,15150
12/21/1999,96.406197,96.593803,96.296898,96.281197,3033
12/22/1999,96.234398,96.328102,96.234398,96.234398,7965
12/23/1999,96.234398,96.4375,96.234398,96.109398,4728
12/24/1999,96.078102,96.109398,96.078102,96.125,0
12/27/1999,96.203102,96.203102,96.156197,96.203102,2490
12/28/1999,96.156197,96.218803,96.015602,96,3162
12/29/1999,96.046898,96.171898,96.015602,96.156197,954
12/30/1999,96.218803,96.281197,96.093803,96.265602,2414
12/31/1999,96.281197,96.328102,95.906197,95.859398,2521
01/03/2000,95.656197,95.656197,95.093803,95.078102,336
01/04/2000,94.9375,95.593803,94.718803,95.5625,7017
01/05/2000,95.546898,95.765602,94.875,94.875,17816
01/06/2000,94.875,95.234398,94.843803,95.203102,20149
01/07/2000,95.25,95.468803,95.203102,95.578102,21717
01/10/2000,95.546898,95.546898,95.296898,95.343803,16660
01/11/2000,95.343803,95.406197,95,94.5625,8877
01/12/2000,94.656197,94.75,94.375,94.390602,18727
01/13/2000,94.390602,95,94.359398,95.015602,22239
01/14/2000,95,95.281197,94.765602,94.609398,19195
01/18/2000,94.578102,94.718803,94.375,94.125,3462
01/19/2000,94.156197,94.343803,94,94.343803,11966
01/20/2000,94.343803,94.406197,94,94.0625,18630
01/21/2000,94.031197,94.171898,93.718803,93.984398,5044
01/24/2000,94.031197,94.531197,94,94.5625,27297
01/25/2000,94.609398,94.718803,94.421898,94.484398,10518
01/26/2000,94.5,94.593803,94.390602,94.609398,4652
01/27/2000,94.609398,94.765602,94.5625,94.578102,20840
01/28/2000,94.609398,94.6875,93.984398,94.890602,17211
01/31/2000,94.875,95.109398,94.453102,94.781197,21811
02/01/2000,94.75,95.1875,94.75,95.093803,13847
02/02/2000,95.093803,95.218803,94.875,95.218803,18871
02/03/2000,95.25,95.875,94.9375,95.859398,22710
02/04/2000,95.843803,96.25,95.671898,95.468803,33545
02/07/2000,95.375,95.375,94.8125,94.781197,25155
02/08/2000,94.781197,95.140602,94.734398,95.109398,12725
02/09/2000,95.125,95.265602,94.625,94.593803,17983
02/10/2000,94.6875,94.921898,94.203102,94.203102,19100
02/11/2000,94.171898,94.4375,94.078102,94.406197,10621
02/14/2000,94.4375,94.968803,94.406197,95,14389
02/15/2000,94.984398,95.031197,94.8125,94.796898,7172
02/16/2000,94.765602,94.828102,94.656197,94.781197,17979
02/17/2000,94.8125,94.984398,94.781197,94.5625,13095
02/18/2000,94.578102,94.765602,94.5625,95.078102,22999
02/22/2000,95.25,96.093803,95.25,96.109398,14603
02/23/2000,96.015602,96.046898,95.593803,95.5625,5636
02/24/2000,95.578102,96.156197,95.578102,96.203102,23000
02/25/2000,96.125,96.359398,96,96.015602,20476
02/28/2000,96.296898,96.359398,95.953102,96.328102,27080
02/29/2000,95.656197,95.734398,95.5625,95.5625,13434
03/01/2000,95.406197,95.8125,95.359398,95.531197,0
03/02/2000,95.578102,95.593803,95.281197,95.375,0
03/03/2000,95.484398,95.609398,95.453102,95.5,0
03/06/2000,95.578102,95.6875,95.406197,95.609398,0
03/07/2000,95.453102,95.578102,95.375,95.406197,0
03/08/2000,95.609398,95.796898,95.421898,95.5,0
03/09/2000,95.625,95.984398,95.593803,95.984398,0
03/10/2000,95.8125,95.859398,95.625,95.625,0
03/13/2000,95.5625,95.9375,95.484398,95.9375,0
03/14/2000,95.8125,96.203102,95.593803,95.593803,0
03/15/2000,96.25,96.5,96.171898,96.203102,0
03/16/2000,96.421898,96.5,96.343803,96.468803,0
03/17/2000,96.656197,96.875,96.593803,96.875,0
03/20/2000,97.046898,97.0625,96.765602,96.765602,0
03/21/2000,96.984398,97.156197,96.843803,97.156197,0
03/22/2000,97.234398,97.328102,97.031197,97.1875,0
03/23/2000,97.25,97.656197,97.171898,97.593803,0
03/24/2000,97.421898,97.468803,96.8125,97.156197,0
03/27/2000,96.6875,96.75,96.421898,96.421898,0
03/28/2000,96.8125,96.984398,96.578102,96.718803,0
03/29/2000,97,97.156197,97,97.078102,0
03/30/2000,97.046898,97.765602,96.953102,97.765602,0
03/31/2000,97.859398,98.046898,97.671898,97.718803,0
04/03/2000,98.171898,98.234398,97.9375,98.093803,0
04/04/2000,98.296898,99,98.140602,98.5,0
04/05/2000,98.843803,99.406197,98.593803,99.375,0
04/06/2000,98.75,98.890602,98.390602,98.390602,0
04/07/2000,98.531197,98.546898,98.25,98.328102,0
04/10/2000,98.859398,99.125,98.781197,98.9375,0
04/11/2000,99.25,99.4375,98.4375,99.156197,0
04/12/2000,98.546898,98.656197,97.921898,98.3125,0
04/13/2000,97.953102,98.25,97.796898,97.8125,0
04/14/2000,98.25,98.484398,98.109398,98.296898,0
04/17/2000,98.781197,99.1875,98.375,98.531197,0
04/18/2000,97.859398,98.093803,97.531197,97.625,0
04/19/2000,97.781197,97.859398,97.5625,97.6875,0
04/20/2000,98.3125,98.343803,98.093803,98.1875,0
04/21/2000,98.3125,98.343803,98.093803,98.234398,0
04/24/2000,98.234398,98.359398,98.171898,98.25,0
04/25/2000,98.234398,98.234398,97.5625,97.5625,0
04/26/2000,97.5,97.734398,97.453102,97.546898,0
04/27/2000,97.531197,97.75,97.515602,97.625,0
04/28/2000,96.875,97.078102,96.6875,97.078102,0
05/01/2000,96.9375,96.953102,96.765602,96.875,0
05/02/2000,96.703102,96.781197,96.406197,96.406197,0
05/03/2000,96.406197,96.593803,96,96.3125,0
05/04/2000,96,96.093803,95.781197,95.875,0
05/05/2000,95.625,95.953102,95.390602,95.859398,0
05/08/2000,95.296898,95.468803,95.015602,95.015602,0
05/09/2000,94.9375,95.218803,94.9375,95.125,0
05/10/2000,95.203102,95.593803,95.203102,95.375,0
05/11/2000,95.734398,96.203102,95.734398,95.875,0
05/12/2000,95.890602,97,95.765602,96,0
05/15/2000,95.218803,95.531197,95.171898,95.281197,0
05/16/2000,95.5625,95.968803,95.531197,95.968803,0
05/17/2000,95.781197,95.906197,95.453102,95.5,0
05/18/2000,95.4375,95.515602,94.906197,95.3125,0
05/19/2000,94.9375,95.078102,94.8125,95.078102,0
05/22/2000,95.375,95.875,95.375,95.390602,0
05/23/2000,95.828102,95.875,95.640602,95.765602,0
05/24/2000,95.8125,96.046898,95.656197,95.796898,0
05/25/2000,95.640602,95.671898,95.5,95.531197,0
05/26/2000,96.265602,96.375,96.156197,96.156197,0
05/30/2000,96.656197,96.703102,96.468803,96.625,0
05/31/2000,96.453102,96.546898,96.390602,96.5,0
06/01/2000,97.281197,97.343803,97.281197,97.328102,14113
06/02/2000,97.281197,98.6875,97.218803,97.375,14168
06/05/2000,97.859398,97.859398,97.843803,97.843803,19866
06/06/2000,97.765602,97.765602,97.75,97.75,12289
06/07/2000,97.75,97.75,97.734398,97.75,13054
06/08/2000,97.765602,97.765602,97.703102,97.734398,11694
06/09/2000,97.765602,97.843803,97.6875,97.765602,14403
06/12/2000,98.015602,98.015602,98,98,12722
06/13/2000,97.8125,97.828102,97.8125,97.828102,2656
06/14/2000,98.296898,98.296898,98.296898,98.296898,17850
06/15/2000,98.265602,98.265602,98.265602,98.265602,16701
06/16/2000,98.265602,98.328102,98.125,98.3125,17843
06/19/2000,98.515602,98.531197,98.515602,98.515602,11042
06/20/2000,98.375,98.390602,98.375,98.390602,7128
06/21/2000,97.8125,97.8125,97.8125,97.8125,11774
06/22/2000,97.75,97.765602,97.75,97.75,18299
06/23/2000,97.75,97.906197,97.718803,97.8125,13987
06/26/2000,97.921898,97.921898,97.906197,97.906197,12913
06/27/2000,97.968803,97.968803,97.968803,97.968803,8218
06/28/2000,97.906197,97.921898,97.890602,97.921898,16460
06/29/2000,98.343803,98.406197,98.343803,98.390602,12134
06/30/2000,98.343803,98.546898,98.343803,98.5,16891
07/03/2000,98.4375,98.5,98.25,98.359398,10535
07/04/2000,98.4375,98.5,98.25,98.5,0
07/05/2000,98.968803,98.968803,98.968803,98.968803,6089
07/06/2000,98.546898,98.546898,98.531197,98.531197,19740
07/07/2000,98.546898,98.953102,98.406197,98.625,21157
07/10/2000,98.6875,98.703102,98.6875,98.703102,17330
07/11/2000,98.578102,98.593803,98.578102,98.593803,8771
07/12/2000,98.359398,98.375,98.359398,98.375,11544
07/13/2000,98.921898,98.968803,98.921898,98.9375,13300
07/14/2000,98.921898,99.125,98.8125,98.171898,12064
07/17/2000,97.796898,97.796898,97.781197,97.781197,16117
07/18/2000,97.875,97.875,97.875,97.875,14091
07/19/2000,97.843803,97.859398,97.843803,97.859398,21571
07/20/2000,98.859398,98.859398,98.843803,98.859398,14855
07/21/2000,98.859398,98.906197,98.703102,98.843803,8427
07/24/2000,98.656197,98.718803,98.656197,98.703102,19250
07/25/2000,98.75,98.75,98.75,98.75,6931
07/26/2000,98.8125,98.8125,98.796898,98.8125,19505
07/27/2000,99.046898,99.046898,99.015602,99.015602,13808
07/28/2000,99.046898,99.109398,98.953102,99,9567
07/31/2000,98.843803,98.859398,98.843803,98.859398,14627
08/01/2000,99.203102,99.218803,99.203102,99.218803,6949
08/02/2000,99.359398,99.359398,99.3125,99.359398,12900
08/03/2000,99.5,99.515602,99.5,99.515602,20049
08/04/2000,99.5,99.609398,99.484398,99.531197,25762
08/07/2000,99.5,99.515602,99.5,99.515602,10384
08/08/2000,99.765602,99.765602,99.75,99.765602,11295
08/09/2000,99.8125,99.8125,99.796898,99.8125,15467
08/10/2000,100.015602,100.031303,100,100,16655
08/11/2000,100.015602,100.1875,99.859398,99.593803,15154
08/14/2000,99.75,99.75,99.734398,99.734398,20170
08/15/2000,99.5625,99.5625,99.546898,99.5625,10389
08/16/2000,99.4375,99.453102,99.4375,99.453102,2234
08/17/2000,99.515602,99.531197,99.515602,99.531197,10933
08/18/2000,99.515602,99.781197,99.421898,99.734398,15274
08/21/2000,99.656197,99.656197,99.656197,99.656197,9699
08/22/2000,99.718803,99.718803,99.703102,99.718803,13182
08/23/2000,100.125,100.125,100.125,100.125,7093
08/24/2000,100.140602,100.140602,100.140602,100.140602,18932
08/25/2000,100.140602,100.1875,100.046898,100.093803,29345
08/28/2000,99.765602,99.781197,99.765602,99.781197,5156
08/29/2000,99.8125,99.828102,99.531197,99.578102,9771
08/30/2000,99.5625,99.609398,99.375,99.609398,9111
08/31/2000,100.218803,100.25,100.203102,100.25,3825
09/01/2000,100.125,100.1875,100.109398,100.125,7909
09/05/2000,100.4375,100.625,100.109398,100.3125,8192
09/06/2000,100.453102,100.453102,100.343803,100.390602,7635
09/07/2000,100.109398,100.1875,100.0625,100.140602,8328
09/08/2000,100.0625,100.125,100.015602,100.109398,7810
09/11/2000,100.156197,100.156197,100.046898,100.140602,3301
09/12/2000,99.953102,100,99.9375,99.968803,6137
09/13/2000,99.953102,100,99.9375,99.968803,4462
09/14/2000,100.296898,100.390602,100.265602,100.375,8578
09/15/2000,99.9375,100.109398,99.906197,100.093803,4661
09/18/2000,99.75,99.75,99.546898,99.593803,10256
09/19/2000,99.6875,99.765602,99.593803,99.718803,10986
09/20/2000,99.75,99.75,99.656197,99.671898,5769
09/21/2000,99.515602,99.625,99.4375,99.609398,8051
09/22/2000,99.9375,100.140602,99.906197,99.9375,12733
09/25/2000,99.6875,99.8125,99.6875,99.765602,5381
09/26/2000,99.890602,99.968803,99.859398,99.890602,5083
09/27/2000,100.1875,100.203102,99.984398,100.015602,11477
09/28/2000,100.125,100.171898,100.093803,100.140602,4660
09/29/2000,100.156197,100.281197,100.156197,100.265602,4128
10/02/2000,100.265602,100.343803,100.25,100.281197,3741
10/03/2000,100.203102,100.265602,100.125,100.1875,5970
10/04/2000,99.9375,100.078102,99.906197,100.0625,8152
10/05/2000,99.8125,99.890602,99.781197,99.875,10656
10/06/2000,100.015602,100.031197,99.968803,100,3392
10/10/2000,100.359398,100.421898,100.109398,100.171898,8301
10/11/2000,100.546898,100.609398,100.468803,100.609398,13046
10/12/2000,100.531197,100.531197,100.421898,100.453102,6328
10/13/2000,101,101.203102,100.9375,101.0625,7680
10/16/2000,100.781197,100.781197,100.656197,100.718803,5579
10/17/2000,100.859398,100.953102,100.796898,100.8125,5432
10/18/2000,101.343803,101.359398,101.109398,101.171898,15841
10/19/2000,101.218803,101.25,101.109398,101.109398,8984
10/20/2000,101.296898,101.453102,101.265602,101.390602,4737
10/23/2000,101.5625,101.640602,101.546898,101.5625,6066
10/24/2000,101.828102,101.890602,101.6875,101.718803,7369
10/25/2000,101.6875,101.765602,101.578102,101.734398,11980
10/26/2000,101.296898,101.390602,101.1875,101.3125,9964
10/27/2000,101.25,101.296898,101.203102,101.234398,8442
10/30/2000,100.9375,101.156197,100.9375,101.125,3895
10/31/2000,100.9375,101.031197,100.890602,100.9375,6051
11/01/2000,100.734398,100.843803,100.734398,100.843803,7288
11/02/2000,100.843803,101.031197,100.843803,101,12456
11/03/2000,101,101.0625,100.968803,101.0625,3808
11/06/2000,100.359398,100.5,100.3125,100.4375,8487
11/07/2000,100.156197,100.25,100.156197,100.156197,7282
11/08/2000,100.375,100.734398,99.843803,100.0625,42871
11/09/2000,100.3125,100.375,100.281197,100.343803,6021
11/10/2000,100.5625,100.656197,100.515602,100.578102,3837
11/13/2000,100.906197,100.906197,100.828102,100.875,8781
11/14/2000,100.875,100.921898,100.8125,100.8125,6428
11/15/2000,100.984398,101,100.921898,100.968803,5383
11/16/2000,101.234398,101.406197,101.234398,101.359398,8422
11/17/2000,101.468803,101.546898,101.375,101.406197,8358
11/20/2000,101.296898,101.328102,101.281197,101.328102,3876
11/21/2000,101.468803,101.468803,101.359398,101.421898,5761
11/22/2000,101.5625,101.765602,101.468803,101.75,11399
11/23/2000,101.5625,101.921898,101.468803,101.859398,37308
11/24/2000,101.6875,101.75,101.578102,101.656197,6431
11/27/2000,101.531197,101.5625,101.4375,101.453102,7682
11/28/2000,101.671898,101.781197,101.625,101.781197,8351
11/29/2000,102.015602,102.140602,102,102.093803,9853
11/30/2000,102.406197,102.5625,102.406197,102.5625,2756
12/01/2000,102.734398,102.859398,102.625,102.6875,11428
12/04/2000,102.593803,102.906197,102.593803,102.843803,11731
12/05/2000,102.531197,102.625,102.484398,102.5,9814
12/06/2000,103.171898,103.281197,103.109398,103.218803,11956
12/07/2000,103.781197,103.781197,103.531197,103.578102,10932
12/08/2000,103.781197,103.828102,103.593803,103.828102,6391
12/11/2000,103.468803,103.468803,103.3125,103.343803,6251
12/12/2000,103.296898,103.343803,103.1875,103.1875,7137
12/13/2000,103.625,103.6875,103.3125,103.421898,9849
12/14/2000,104.078102,104.218803,104.046898,104.218803,9998
12/15/2000,104.406197,104.5625,104.140602,104.4375,10008
12/18/2000,104.468803,104.781197,104.468803,104.75,6423
12/19/2000,104.6875,104.875,104.625,104.640602,8739
12/20/2000,104.531197,105.093803,104.531197,104.859398,9006
12/21/2000,105.25,105.281197,104.875,104.875,11013
12/22/2000,105.3125,105.3125,105.156197,105.1875,2492
12/26/2000,105.3125,105.484398,105.3125,105.484398,10356
12/27/2000,105.281197,105.328102,105.203102,105.328102,757
12/28/2000,104.796898,104.906197,104.703102,104.734398,3936
12/29/2000,104.718803,104.781197,104.656197,104.781197,602
01/02/2001,104.859398,106.0625,104.843803,105.984398,16102
01/03/2001,106.171898,106.234398,105.984398,106.140602,6234
01/04/2001,104.656197,105.328102,104.625,105.203102,26796
01/05/2001,105.531197,105.6875,105.453102,105.625,12206
01/08/2001,106.078102,106.125,105.75,105.906197,10208
01/09/2001,106.093803,106.109398,105.843803,105.984398,17065
01/10/2001,105.9375,106.031197,105.781197,106,13172
01/11/2001,105.375,105.593803,105.375,105.531197,14992
01/12/2001,105.218803,105.234398,105.015602,105.125,12605
01/16/2001,104.468803,104.828102,104.4375,104.718803,17350
01/17/2001,104.468803,104.578102,104.421898,104.531197,8240
01/18/2001,105.093803,105.406197,105.078102,105.171898,18545
01/19/2001,105.359398,105.4375,105.25,105.421898,10168
01/22/2001,105.0625,105.078102,104.9375,104.953102,8062
01/23/2001,104.6875,104.781197,104.5625,104.75,6057
01/24/2001,104.265602,104.4375,104.1875,104.218803,15821
01/25/2001,104.1875,104.296898,104.125,104.140602,13305
01/26/2001,104.625,104.734398,104.5,104.578102,14492
01/29/2001,104.25,104.625,104.25,104.578102,6688
01/30/2001,104.25,104.328102,104.25,104.328102,1331
01/31/2001,104.906197,105.171898,104.890602,105.046898,23097
02/01/2001,105.468803,105.625,105.406197,105.578102,26213
02/02/2001,105.656197,105.8125,105.609398,105.765602,12166
02/05/2001,105.296898,105.421898,105.218803,105.328102,4219
02/06/2001,105.234398,105.375,105.203102,105.281197,8935
02/07/2001,105.046898,105.3125,105.046898,105.281197,13541
02/08/2001,105.046898,105.140602,105.031197,105.078102,7315
02/09/2001,105.140602,105.218803,105.109398,105.1875,9366
02/12/2001,105.578102,105.609398,105.484398,105.5,6801
02/13/2001,105.375,105.546898,105.343803,105.484398,9396
02/14/2001,105.3125,105.359398,105.1875,105.265602,11166
02/15/2001,104.671898,104.796898,104.593803,104.625,17664
02/16/2001,104.546898,104.703102,104.5,104.656197,7785
02/19/2001,104.546898,104.703102,104.5,104.656197,7785
02/20/2001,105,105.046898,104.765602,104.796898,8990
02/21/2001,104.984398,105.093803,104.921898,105.046898,7441
02/22/2001,104.890602,104.953102,104.6875,104.828102,10807
02/23/2001,104.8125,104.8125,104.640602,104.765602,7859
02/26/2001,105.093803,105.1875,105.0625,105.093803,7185
02/27/2001,105.453102,105.828102,105.421898,105.734398,23661
02/28/2001,106.031197,106.156197,105.968803,106.109398,9242
03/01/2001,105.984375,106.328125,105.84375,105.984375,75417
03/02/2001,106.09375,106.25,105.4375,105.484375,65395
03/05/2001,106.09375,106.25,105.3125,105.359375,38786
03/06/2001,105.375,105.6875,105.234375,105.484375,45696
03/07/2001,105.5625,105.96875,105.484375,105.9375,61156
03/08/2001,105.875,106.140625,105.796875,105.890625,45892
03/09/2001,105.96875,106.109375,105.375,105.65625,51762
03/12/2001,105.671875,106.078125,105.65625,105.953125,47590
03/13/2001,106.015625,106.03125,105.5625,105.6875,54473
03/14/2001,105.671875,106.40625,105.671875,106.3125,77519
03/15/2001,106.34375,106.6875,106.109375,106.546875,73026
03/16/2001,106.546875,107,106.421875,106.71875,56369
03/19/2001,106.75,106.796875,106.34375,106.4375,34580
03/20/2001,106.46875,106.890625,106.25,106.859375,42145
03/21/2001,106.90625,107.109375,106.625,106.796875,68529
03/22/2001,106.765625,107.359375,106.65625,106.96875,69241
03/23/2001,106.9375,106.984375,106.609375,106.609375,56847
03/26/2001,106.609375,106.625,106.3125,106.359375,45538
03/27/2001,106.421875,106.671875,105.40625,105.46875,69627
03/28/2001,105.59375,105.875,105.546875,105.78125,53147
03/29/2001,105.90625,106.0625,105.640625,105.65625,61624
03/30/2001,105.703125,106.453125,105.453125,106.28125,58451
04/02/2001,105.875,106.234375,105.6875,106.21875,50530
04/03/2001,105.875,105.906197,105.75,105.906197,6605
04/04/2001,106.25,106.34375,105.890625,106.328125,74511
04/05/2001,106.21875,106.234375,105.890625,105.9375,49573
04/06/2001,105.875,106.84375,105.859375,106.609375,60409
04/09/2001,106.625,106.71875,106.390625,106.390625,40135
04/10/2001,106.375,106.40625,105.265625,105.375,85121
04/11/2001,105.46875,105.578125,104.78125,105.03125,75277
04/12/2001,105.125,105.390625,104.609375,104.609375,51479
04/13/2001,105.125,105.390602,104.609398,104.781197,51479
04/16/2001,104.625,104.8125,103.9375,104.1875,52732
04/17/2001,104.15625,104.671875,104.09375,104.484375,76982
04/18/2001,104.421875,105.140625,103.640625,104.96875,98765
04/19/2001,104.8125,105.0625,103.796875,103.875,82438
04/20/2001,103.875,104.421875,103.75,104.078125,63190
04/23/2001,104.109375,104.828125,104.109375,104.796875,49855
04/24/2001,104.8125,104.875,104.34375,104.59375,61973
04/25/2001,104.625,104.953125,104.09375,104.28125,61070
04/26/2001,104.3125,104.8125,104.0625,104.734375,68886
04/27/2001,104.765625,104.875,103.765625,103.828125,57309
04/30/2001,103.8125,103.90625,103.3125,103.765625,68284
05/01/2001,103.828125,104.25,103.609375,104.09375,48236
05/02/2001,104.078125,104.3125,103.8125,104.109375,63536
05/03/2001,104.109375,104.8125,104.078125,104.65625,73669
05/04/2001,104.75,105.5625,104.671875,104.78125,67814
05/07/2001,104.8125,105,104.734375,104.921875,35475
05/08/2001,104.96875,105.234375,104.625,104.625,62552
05/09/2001,104.71875,105.265625,104.71875,105.1875,71031
05/10/2001,105.265625,105.328125,104.28125,104.328125,76952
05/11/2001,104.3125,104.5625,102.90625,103.3125,94693
05/14/2001,103.34375,103.453125,103.09375,103.375,57555
05/15/2001,103.421875,103.5,102.78125,102.890625,64055
05/16/2001,102.875,103.421875,102.875,103.21875,62967
05/17/2001,103.203125,103.515625,102.6875,103.5,86451
05/18/2001,103.46875,103.6875,103.234375,103.40625,61458
05/21/2001,103.28125,103.578125,103.125,103.5625,42729
05/22/2001,103.53125,103.6875,103.40625,103.453125,53559
05/23/2001,103.46875,103.71875,103.359375,103.625,71369
05/24/2001,103.59375,103.828125,102.78125,102.921875,68767
05/25/2001,103.09375,103.234375,102.796875,102.9375,50016
05/29/2001,103.015625,103.1875,102.71875,102.8125,59742
05/30/2001,102.859375,103.046875,102.84375,102.921875,27073
05/31/2001,103,103.84375,102.921875,103.8125,10293
06/01/2001,102.828125,103.40625,102.578125,103.015625,86107
06/04/2001,103.09375,103.359375,103.046875,103.265625,41477
06/05/2001,103.28125,103.84375,103.15625,103.75,93495
06/06/2001,103.6875,103.890625,103.5,103.828125,61966
06/07/2001,103.796875,104.046875,103.375,103.390625,96949
06/08/2001,103.40625,103.484375,103.09375,103.125,49666
06/11/2001,103.234375,103.734375,103.140625,103.65625,57962
06/12/2001,103.640625,104,103.53125,103.90625,66313
06/13/2001,103.90625,104.125,103.5,103.796875,83886
06/14/2001,103.796875,104.3125,103.796875,104.125,66785
06/15/2001,104.171875,104.5625,103.984375,104.078125,75452
06/18/2001,104.09375,104.359375,104.046875,104.0625,56288
06/19/2001,104.0625,104.28125,103.796875,104.21875,71323
06/20/2001,104.234375,104.5625,104.234375,104.4375,78119
06/21/2001,104.4375,104.828125,104.328125,104.578125,80221
06/22/2001,104.59375,105.125,104.5625,105.015625,70500
06/25/2001,105.0625,105.125,104.8125,104.90625,53340
06/26/2001,104.90625,105.03125,104.1875,104.28125,73296
06/27/2001,104.3125,104.5,104.03125,104.171875,68913
06/28/2001,104.21875,104.46875,103.390625,103.484375,89559
06/29/2001,103.53125,103.609375,102.8125,102.984375,94072
07/02/2001,103.015625,103.625,102.953125,103.59375,61583
07/03/2001,103.625,103.625,103.140625,103.21875,38632
07/04/2001,103.625,103.625,103.140602,103.171898,38632
07/05/2001,103.296875,103.421875,102.78125,103.125,52312
07/06/2001,103.15625,103.5,102.953125,103.484375,61110
07/09/2001,103.5,103.734375,103.28125,103.734375,51064
07/10/2001,103.65625,104.171875,103.515625,104.15625,76146
07/11/2001,104.078125,104.421875,103.953125,104.03125,94090
07/12/2001,103.90625,104.484375,103.78125,104.390625,83634
07/13/2001,104.28125,104.53125,104.015625,104.5,69380
07/16/2001,104.484375,104.90625,104.453125,104.890625,51168
07/17/2001,104.875,104.953125,104.59375,104.65625,70098
07/18/2001,104.703125,105.65625,104.640625,105.5,109934
07/19/2001,105.515625,105.53125,105.25,105.359375,70894
07/20/2001,105.375,105.65625,105.203125,105.234375,64094
07/23/2001,105.3125,105.5,105.109375,105.453125,57987
07/24/2001,105.453125,105.640625,105.390625,105.484375,66068
07/25/2001,105.46875,105.53125,105,105.015625,85488
07/26/2001,105.03125,105.40625,104.875,105.40625,77805
07/27/2001,105.328125,105.765625,105.328125,105.671875,74956
07/30/2001,105.640625,105.875,105.484375,105.859375,47542
07/31/2001,105.828125,106.171875,105.6875,106,92526
08/01/2001,106.03125,106.109375,105.625,105.828125,79300
08/02/2001,105.8125,105.828125,105.296875,105.3125,70458
08/03/2001,105.390625,105.453125,105.015625,105.296875,85445
08/06/2001,105.328125,105.40625,105.1875,105.375,35556
08/07/2001,105.421875,105.515625,105.28125,105.296875,57933
08/08/2001,105.328125,106.21875,105.3125,106.1875,91679
08/09/2001,106.140625,106.359375,105.703125,105.78125,124382
08/10/2001,105.828125,106.203125,105.765625,106.125,79159
08/13/2001,106.109375,106.421875,106.015625,106.203125,65952
08/14/2001,106.1875,106.21875,105.84375,106.171875,72391
08/15/2001,106.140625,106.3125,105.796875,105.90625,98498
08/16/2001,105.953125,106.46875,105.828125,106.34375,93449
08/17/2001,106.3125,107,106.296875,106.921875,93819
08/20/2001,106.890625,106.9375,106.5,106.53125,59689
08/21/2001,106.515625,106.828125,106.390625,106.796875,72615
08/22/2001,106.796875,106.796875,106.265625,106.578125,102903
08/23/2001,106.609375,106.8125,106.453125,106.734375,63630
08/24/2001,106.703125,106.71875,106.3125,106.515625,85501
08/27/2001,106.5,106.65625,106.359375,106.5625,42793
08/28/2001,106.546875,107.203125,106.515625,107.171875,114552
08/29/2001,107.15625,107.546875,107.03125,107.53125,128935
08/30/2001,107.546875,107.75,107.25,107.265625,51956
08/31/2001,107.421875,107.421875,107.015625,107.265625,8999
09/04/2001,106.6875,106.6875,105.3125,105.5625,152260
09/05/2001,105.640602,105.718803,105.421898,105.5625,110349
09/06/2001,105.578102,106.468803,105.484398,106.3125,146155
09/07/2001,106.265602,107.171898,106.218803,106.968803,120870
09/10/2001,106.984398,107.296898,106.531303,106.640602,97172
09/11/2001,106.656303,107.75,106.406303,106.609398,66380
09/12/2001,106.609398,106.609398,106.609398,107.5625,66380
09/13/2001,107.875,108.5,107.234398,108.4375,68784
09/14/2001,108.375,109.0625,108.25,108.953102,67784
09/17/2001,108.718803,109.031303,108.281303,108.453102,66919
09/18/2001,108.4375,108.718803,107.640602,107.8125,98344
09/19/2001,107.828102,108.171898,107.5625,107.968803,108886
09/20/2001,107.984398,108.1875,107.468803,107.546898,100234
09/21/2001,107.5,108.171898,107.5,107.9375,93648
09/24/2001,107.9375,107.968803,107.406303,107.734398,70225
09/25/2001,107.75,108.1875,107.75,107.968803,84990
09/26/2001,108.031303,108.531303,107.875,108.515602,103125
09/27/2001,108.484398,109.078102,108.406303,108.968803,90796
09/28/2001,108.9375,109.328102,108.625,108.718803,108489
10/01/2001,108.75,109.156303,108.5625,109.125,64673
10/02/2001,109.0625,109.421898,109.0625,109.375,85939
10/03/2001,109.390602,109.859398,109.390602,109.578102,99006
10/04/2001,109.593803,109.828102,109.0625,109.5625,128127
10/05/2001,109.546898,109.75,109.375,109.531303,61247
10/09/2001,109.578102,109.6875,108.859398,108.984398,68377
10/10/2001,109.015602,109.109398,108.703102,109.015602,97530
10/11/2001,109.031303,109.093803,108.3125,108.5625,109722
10/12/2001,108.5,108.890602,108.281303,108.515602,85251
10/15/2001,108.578102,109.093803,108.5,109.078102,58612
10/16/2001,109.093803,109.375,109.031303,109.359398,74683
10/17/2001,109.343803,109.5,108.859398,109.359398,108116
10/18/2001,109.375,109.453102,109.25,109.296898,73227
10/19/2001,109.3125,109.640602,108.906303,108.9375,97969
10/22/2001,108.9375,109.156303,108.781303,108.843803,61583
10/23/2001,108.890602,108.984398,108.656303,108.796898,99781
10/24/2001,108.828102,109.281303,108.828102,109.203102,99090
10/25/2001,109.218803,109.781303,109.203102,109.515602,112722
10/26/2001,109.546898,109.8125,109.375,109.781303,69117
10/29/2001,109.75,110.171898,109.75,110.046898,67532
10/30/2001,110.109398,110.718803,110.109398,110.703102,108136
10/31/2001,110.6875,111.859398,110.3125,111.75,166216
11/01/2001,111.718803,112.406303,111.4375,111.546898,162926
11/02/2001,111.546898,111.703102,110.734398,110.765602,125934
11/05/2001,110.890602,111.328102,110.781303,111.25,60659
11/06/2001,111.156303,111.6875,111.031303,111.640602,97060
11/07/2001,111.593803,112.140602,111.593803,112.125,109651
11/08/2001,112.125,112.25,111.218803,111.296898,134677
11/09/2001,111.171898,111.671898,111.093803,111.093803,85073
11/13/2001,111.234398,111.421898,110.5625,110.593803,110624
11/14/2001,110.625,110.734398,109.453102,109.5,163169
11/15/2001,109.5,109.531303,107.546898,107.718803,229135
11/16/2001,107.781303,108.453102,106.781303,107.1875,207078
11/19/2001,107.343803,107.921898,107.015602,107.625,156318
11/20/2001,107.703102,108.125,107.0625,107.156303,134571
11/21/2001,107.140602,107.359398,105.984398,106.5,135352
11/22/2001,107.140602,107.359398,105.984398,106.5,135352
11/23/2001,106.296898,106.796898,106,106.078102,53958
11/26/2001,106.125,106.843803,106,106.093803,124267
11/27/2001,106.156303,106.921898,105.531303,106.875,196016
11/28/2001,106.953102,107.453102,106.546898,106.843803,172204
11/29/2001,106.843803,108.125,106.6875,108.109398,52163
11/30/2001,108,108.578102,107.781303,108.156303,15140
12/03/2001,107,107.390602,106.703102,107.390602,120912
12/04/2001,107.281197,107.828102,106.984398,107.578102,118375
12/05/2001,107.5625,107.5625,104.921898,105.796898,214653
12/06/2001,105.6875,105.75,104.625,104.984398,161563
12/07/2001,104.984398,105.593803,103.609398,103.875,183163
12/10/2001,103.875,104.640602,103.671898,104.421898,131123
12/11/2001,104.5,105.156197,104.375,104.828102,150576
12/12/2001,104.75,105.546898,104.703102,105.218803,133208
12/13/2001,105.343803,105.843803,104.093803,104.718803,178205
12/14/2001,104.531197,104.9375,103.875,103.9375,102077
12/17/2001,104.046898,104.156197,102.5,103.953102,162551
12/18/2001,104,104.453102,103.734398,104.421898,126421
12/19/2001,104.484398,105.125,104.359398,105.031197,130487
12/20/2001,104.9375,105.093803,104.453102,105.078102,79184
12/21/2001,105,105.25,104.578102,104.609398,47791
12/24/2001,104.578102,104.656197,104.1875,104.234398,9987
12/25/2001,104.578102,104.656197,104.1875,104.234398,9987
12/26/2001,104.359398,104.453102,103.828102,103.859398,21053
12/27/2001,103.843803,104.828102,103.718803,104.828102,40744
12/28/2001,104.75,104.765602,103.953102,104.5625,40818
12/31/2001,104.609398,105.359398,104.515602,105.1875,21181
01/01/2002,104.609398,105.359398,104.515602,105.1875,21181
01/02/2002,105.296898,105.3125,104.125,104.375,111176
01/03/2002,104.328102,104.75,104.296898,104.6875,87946
01/04/2002,104.6875,104.828102,103.859398,104.6875,134386
01/07/2002,104.734398,105.359398,104.484398,105.328102,133387
01/08/2002,105.390602,105.546898,105.046898,105.1875,129969
01/09/2002,105.140602,105.5,104.828102,105.453102,127111
01/10/2002,105.468803,106.265602,105.234398,105.968803,172324
01/11/2002,105.875,107,105.8125,106.703102,180816
01/14/2002,106.6875,107.125,106.625,106.703102,128763
01/15/2002,106.578102,107.171898,106.484398,107.015602,162916
01/16/2002,106.968803,107.375,106.734398,107.031197,160429
01/17/2002,106.9375,106.968803,106.1875,106.406197,138281
01/18/2002,106.4375,106.6875,105.9375,106.656197,95880
01/22/2002,106.468803,106.671898,106.140602,106.5,116125
01/23/2002,106.4375,106.578102,105.734398,105.828102,161483
01/24/2002,105.828102,106.203102,105.531197,105.921898,174373
01/25/2002,105.796898,105.890602,104.968803,105.484398,171135
01/28/2002,105.468803,105.609398,105.046898,105.515602,132263
01/29/2002,105.484398,106.5,105.125,106.5,186299
01/30/2002,106.484398,106.593803,106,106.046898,196360
01/31/2002,106,106.484398,105.859398,105.875,170395
02/01/2002,105.843803,106.406197,105.515602,106.3125,163920
02/04/2002,106.281197,106.968803,106.25,106.890602,134665
02/05/2002,106.890602,107.1875,106.546898,106.984398,201420
02/06/2002,106.953102,107.203102,106.671898,106.796898,169594
02/07/2002,106.8125,107.031197,106.265602,106.640602,184980
02/08/2002,106.640602,107.218803,106.296898,106.968803,169760
02/11/2002,106.828102,106.968803,106.609398,106.8125,90658
02/12/2002,106.765602,107.031197,106.296898,106.328102,160329
02/13/2002,106.3125,106.4375,105.625,106.203102,197346
02/14/2002,106.1875,106.515602,105.968803,106.5,150274
02/15/2002,106.4375,107.1875,106.406197,107.125,132488
02/19/2002,107.0625,107.343803,106.765602,107.015602,149437
02/20/2002,107,107.328102,106.703102,106.984398,151685
02/21/2002,106.9375,107.203102,106.765602,107.1875,120315
02/22/2002,107.156197,107.671898,107.156197,107.390602,133971
02/25/2002,107.390602,107.625,107.156197,107.281197,111907
02/26/2002,107.234398,107.406197,106.656197,106.734398,175735
02/27/2002,106.671898,107.593803,106.578102,107.531197,194863
02/28/2002,107.546898,107.625,106.9375,107.25,46728
03/01/2002,105.906197,106,105.0625,105.109398,166140
03/04/2002,105.078102,105.125,104.671898,105.031197,182952
03/05/2002,105.046898,105.109398,104.375,105.015602,213358
03/06/2002,105.015602,105.109398,104.640602,104.703102,270305
03/07/2002,104.6875,104.75,103.406197,103.484398,261394
03/08/2002,103.5,103.5,102.75,102.828102,124822
03/11/2002,102.984398,103.203102,102.75,102.875,151610
03/12/2002,102.875,103.390602,102.843803,102.921898,224032
03/13/2002,102.953102,103.468803,102.5625,103.265602,183522
03/14/2002,103.265602,103.296898,102.234398,102.234398,226972
03/15/2002,102.218803,102.906197,101.718803,102.796898,107092
03/18/2002,102.781197,103.0625,102.609398,103.031197,143627
03/19/2002,103,103.359398,102.703102,103.125,227310
03/20/2002,103.171898,103.375,102.125,102.265602,191866
03/21/2002,102.281197,102.609398,101.921898,102.5625,137484
03/22/2002,102.515602,102.671898,102.046898,102.421898,91996
03/25/2002,102.5,102.5,102.031197,102.3125,182040
03/26/2002,102.343803,103.031197,102.203102,102.859398,105468
03/27/2002,102.859398,103.0625,102.6875,102.859398,123431
03/28/2002,102.906197,103.093803,102.171898,102.5,97095
04/01/2002,102.468803,102.875,102.296898,102.484398,162840
04/02/2002,102.484398,103.203102,102.1875,103.125,187134
04/03/2002,103.093803,103.6875,102.875,103.640602,178958
04/04/2002,103.531197,104.078102,103.5,103.718803,192543
04/05/2002,103.656197,104.375,103.515602,104.265602,136623
04/08/2002,104.25,104.5,103.8125,103.843803,130333
04/09/2002,103.843803,104.328102,103.656197,104.3125,141623
04/10/2002,104.218803,104.375,103.921898,104.0625,165861
04/11/2002,104,104.531197,103.890602,104.281197,153214
04/12/2002,104.281197,104.75,104.109398,104.718803,108468
04/15/2002,104.671898,105.046898,104.546898,104.843803,186474
04/16/2002,104.8125,104.8125,104.156197,104.5,167797
04/17/2002,104.468803,104.5625,104.171898,104.281197,203108
04/18/2002,104.281197,105.234398,104.031197,104.515602,118599
04/19/2002,104.468803,104.640602,104.0625,104.5625,86066
04/22/2002,104.468803,104.75,104.328102,104.718803,139116
04/23/2002,104.656197,104.906197,104.515602,104.781197,194871
04/24/2002,104.781197,105.343803,104.609398,105.1875,199869
04/25/2002,105.218803,105.765602,105.1875,105.375,158711
04/26/2002,105.375,105.781197,105.218803,105.781197,130364
04/29/2002,105.718803,105.796898,105.296898,105.328102,145460
04/30/2002,105.3125,105.609398,105.265602,105.578102,198391
05/01/2002,105.5625,106.156197,105.515602,105.828102,179430
05/02/2002,105.8125,105.890602,105.234398,105.5,187909
05/03/2002,105.468803,106.031197,105.390602,105.921898,57380
05/06/2002,105.921898,105.921898,105.640602,105.8125,160019
05/07/2002,105.781197,106.046898,105.593803,105.921898,250719
05/08/2002,105.8125,105.8125,104.75,104.796898,217538
05/09/2002,104.796898,105.25,104.609398,105.25,197928
05/10/2002,105.218803,105.765602,104.843803,105.734398,172474
05/13/2002,105.656197,105.656197,104.984398,105.015602,245155
05/14/2002,105.031197,105.093803,104.25,104.531197,221964
05/15/2002,104.531197,104.859398,104.359398,104.765602,213313
05/16/2002,104.781197,105.359398,104.671898,105.328102,167741
05/17/2002,105.218803,105.218803,104.640602,104.75,120919
05/20/2002,104.828102,105.328102,104.8125,105.218803,186723
05/21/2002,105.218803,105.671898,105.109398,105.609398,204970
05/22/2002,105.656197,106.0625,105.5,105.890602,297343
05/23/2002,105.859398,106.484398,105.5625,105.734398,135144
05/24/2002,105.734398,106.078102,105.671898,105.953102,175486
05/28/2002,105.6875,106.078102,105.515602,106.046898,213891
05/29/2002,106.015602,106.546898,105.984398,106.546898,248192
05/30/2002,106.515602,106.9375,106.4375,106.906197,51421
05/31/2002,106.875,107,106.406197,106.718803,10296
06/03/2002,105.171898,105.593803,104.765602,105.593803,229737
06/04/2002,105.578102,105.859398,105.328102,105.406197,198362
06/05/2002,105.343803,105.546898,105.125,105.3125,220234
06/06/2002,105.359398,105.890602,105.078102,105.8125,258411
06/07/2002,105.8125,106.109398,105.156197,105.296898,160319
06/10/2002,105.281197,105.640602,105.1875,105.593803,179412
06/11/2002,105.546898,105.984398,105.281197,105.968803,227690
06/12/2002,106,106.203102,105.781197,106.031197,248247
06/13/2002,105.968803,106.75,105.875,106.484398,233688
06/14/2002,106.484398,107.421898,106.484398,107.265602,167688
06/17/2002,107.25,107.359398,106.75,106.953102,226387
06/18/2002,106.968803,107.359398,106.765602,107,230001
06/19/2002,107.031197,107.875,107.031197,107.828102,292090
06/20/2002,107.843803,107.953102,107,107.328102,158951
06/21/2002,107.390602,107.671898,107.109398,107.578102,243348
06/24/2002,107.640602,107.921898,107,107.203102,290828
06/25/2002,107.140602,107.406197,106.656197,107.3125,428735
06/26/2002,108.031197,108.953102,107.671898,107.796898,325081
06/27/2002,107.843803,108.031197,107.171898,107.281197,204256
06/28/2002,107.218803,107.625,106.953102,107.3125,172933
07/01/2002,107.328102,107.593803,106.875,107.531197,228797
07/02/2002,107.546898,108.0625,107.375,107.984398,172847
07/03/2002,107.9375,108.046898,107.718803,107.843803,143173
07/05/2002,107.734398,107.734398,107,107.0625,196933
07/08/2002,107.078102,107.546898,107.078102,107.5,255522
07/09/2002,107.484398,108.140602,107.25,108.015602,353409
07/10/2002,107.953102,108.859398,107.765602,108.828102,412002
07/11/2002,108.6875,109.296898,108.578102,108.718803,256918
07/12/2002,108.5625,109.3125,108.453102,109.234398,273920
07/15/2002,109.125,109.468803,108.765602,108.875,337157
07/16/2002,108.796898,109.296898,108.281197,108.5,325265
07/17/2002,108.640602,108.859398,108.093803,108.593803,264487
07/18/2002,108.6875,109.281197,108.453102,109.203102,254866
07/19/2002,109.218803,109.796898,109.1875,109.796898,353917
07/22/2002,109.781197,110.4375,109.609398,110.3125,369155
07/23/2002,110.156197,110.781197,109.671898,110.671898,542111
07/24/2002,110.656197,111.968803,110.015602,110.328102,363573
07/25/2002,110.156197,111.125,110.156197,110.875,263931
07/26/2002,110.906197,111.406197,110.6875,110.968803,293806
07/29/2002,110.828102,110.968803,109.671898,109.8125,316048
07/30/2002,109.9375,110.234398,109.515602,109.703102,337281
07/31/2002,109.640602,110.75,109.593803,110.625,276113
08/01/2002,110.609398,111.140602,110.546898,111.093803,327191
08/02/2002,111.1875,112.25,111.140602,111.984398,269446
08/05/2002,112,112.625,111.921898,112.593803,330443
08/06/2002,112.656197,112.75,111.343803,111.640602,355315
08/07/2002,111.546898,112.25,111.390602,111.984398,253785
08/08/2002,111.968803,111.984398,111.390602,111.5625,285345
08/09/2002,111.656197,112.546898,111.343803,112.531197,221022
08/12/2002,112.531197,113.031197,112.359398,112.671898,295530
08/13/2002,112.640602,113.609398,112.593803,113.546898,446278
08/14/2002,113.609398,114.1875,112.8125,112.843803,379097
08/15/2002,113,113.265602,112.109398,112.406197,309293
08/16/2002,112.515602,112.906197,111.468803,111.468803,219668
08/19/2002,111.593803,111.906197,111.3125,111.75,285067
08/20/2002,111.8125,112.890602,111.734398,112.781197,295415
08/21/2002,112.765602,112.859398,112.015602,112.5,258992
08/22/2002,112.421898,112.515602,111.796898,111.828102,196621
08/23/2002,111.828102,112.578102,111.781197,112.468803,161845
08/26/2002,112.4375,112.890602,112.156197,112.656197,282274
08/27/2002,112.593803,112.9375,112,112.234398,195343
08/28/2002,112.25,112.796898,112.234398,112.593803,86466
08/29/2002,112.609398,113.343803,112.546898,113.140602,24984
08/30/2002,113.140602,113.531197,112.859398,113.234398,27685
09/03/2002,112.093803,113.203102,112.093803,113.1875,277979
09/04/2002,113.3125,113.5,112.906197,113.203102,333798
09/05/2002,113.218803,113.9375,113.109398,113.484398,296318
09/06/2002,113.531197,113.656197,112.718803,112.953102,199883
09/09/2002,112.984398,113.156197,112.546898,112.640602,272791
09/10/2002,112.703102,113.203102,112.25,113,189072
09/11/2002,112.875,112.953102,112.109398,112.625,260234
09/12/2002,112.593803,113.265602,112.4375,113.25,248231
09/13/2002,113.281197,113.781197,113.234398,113.609398,231353
09/16/2002,113.656197,114.046898,113.3125,113.609398,303947
09/17/2002,113.375,114.296898,113.218803,114.296898,330104
09/18/2002,114.281197,114.468803,113.968803,114.156197,282771
09/19/2002,114.093803,114.781197,114.046898,114.593803,214049
09/20/2002,114.593803,114.734398,114.125,114.609398,243552
09/23/2002,114.718803,115.453102,114.5625,115.25,343422
09/24/2002,115.140602,115.9375,115.093803,115.515602,365506
09/25/2002,115.5625,115.843803,114.546898,114.75,418571
09/26/2002,114.828102,115,114.093803,114.703102,249509
09/27/2002,114.718803,115.515602,114.546898,115.5,290774
09/30/2002,115.593803,116.203102,115.421898,115.984398,384606
10/01/2002,115.859398,116.046898,114.953102,115.078102,328391
10/02/2002,115.078102,115.531197,114.734398,115.484398,302892
10/03/2002,115.406197,115.640602,114.953102,115.359398,465458
10/04/2002,115.343803,115.734398,114.4375,115.515602,269505
10/07/2002,115.546898,115.984398,115.484398,115.875,377745
10/08/2002,115.75,116.234398,115.468803,115.671898,384887
10/09/2002,115.656197,116.265602,115.656197,116.203102,395719
10/10/2002,116.218803,116.4375,115.515602,115.656197,308128
10/11/2002,115.6875,115.875,114.609398,114.640602,520638
10/15/2002,114.734398,114.875,112.859398,113.4375,441327
10/16/2002,113.5,113.640602,112.875,113.046898,537940
10/17/2002,112.843803,112.843803,112.015602,112.078102,496757
10/18/2002,112.25,112.984398,111.843803,112.828102,337074
10/21/2002,112.828102,112.968803,111.890602,111.890602,402753
10/22/2002,112,112.375,111.843803,112,430013
10/23/2002,112.093803,112.75,112,112.156197,418893
10/24/2002,112.218803,112.953102,111.796898,112.906197,333885
10/25/2002,112.906197,113.218803,112.656197,113.156197,249572
10/28/2002,113.453102,113.578102,113.234398,113.3125,486365
10/29/2002,113.343803,114.703102,113.343803,114.390602,362027
10/30/2002,114.25,114.609398,113.968803,114.265602,380658
10/31/2002,114.343803,114.921898,114,114.859398,400503
11/01/2002,114.796898,114.859398,113.828102,114.0625,247107
11/04/2002,114,114.031197,113.5,113.8125,269925
11/05/2002,113.765602,113.843803,113.390602,113.671898,426289
11/06/2002,113.671898,114.484398,113.140602,113.875,415927
11/07/2002,114.156197,114.921898,113.968803,114.781197,416355
11/08/2002,114.765602,115.171898,114.703102,114.9375,283968
11/12/2002,115.281197,115.468803,115.015602,115.109398,319603
11/13/2002,115.171898,115.421898,114.843803,115.265602,430756
11/14/2002,115.328102,115.375,113.640602,113.734398,357417
11/15/2002,113.671898,113.921898,113.203102,113.875,178545
11/18/2002,113.796898,114.093803,113.484398,114.078102,281680
11/19/2002,114.031197,114.421898,113.921898,114.140602,376931
11/20/2002,114.156197,114.468803,113.234398,113.4375,482736
11/21/2002,113.453102,113.546898,112.5,112.765602,301428
11/22/2002,112.875,113.093803,112.531197,112.671898,249698
11/25/2002,112.671898,113,112.4375,112.6875,297529
11/26/2002,112.703102,113.578102,112.671898,113.531197,105914
11/27/2002,113.515602,113.546898,112.0625,112.093803,23875
11/29/2002,112.296898,112.5625,112.203102,112.515602,34653
12/02/2002,110.9375,111.218803,110.078102,110.9375,299801
12/03/2002,110.75,111.343803,110.75,111.093803,305788
12/04/2002,111.125,111.609398,111.093803,111.546898,116792
12/05/2002,111.531197,111.9375,110.843803,110.953102,505166
12/06/2002,111.625,113,111.609398,112.281197,249316
12/09/2002,112.218803,112.765602,112.203102,112.593803,230842
12/10/2002,112.593803,112.781197,112.296898,112.640602,245403
12/11/2002,112.640602,113.203102,112.531197,113.0625,252182
12/12/2002,112.843803,113.25,112.656197,113.031197,284187
12/13/2002,112.921898,113.3125,112.421898,112.703102,193251
12/16/2002,112.8125,112.859398,112.0625,112.203102,204167
12/17/2002,112.140602,112.515602,112.109398,112.4375,206215
12/18/2002,112.453102,113.125,112.453102,112.984398,215847
12/19/2002,113.140602,113.859398,112.875,113.75,135454
12/20/2002,113.765602,113.796898,113.421898,113.781197,81012
12/23/2002,113.765602,113.921898,113.359398,113.718803,49654
12/24/2002,113.718803,114.25,113.6875,114.109398,26315
12/26/2002,114.109398,114.4375,114,114.234398,83640
12/27/2002,114.343803,115.0625,114.3125,115.031197,118129
12/30/2002,114.984398,115.343803,114.703102,115.265602,87368
12/31/2002,115.218803,115.531197,114.921898,115.046898,300329
01/02/2003,115.125,115.203102,113.218803,113.406197,234596
01/03/2003,113.343803,113.546898,113,113.4375,301817
01/06/2003,113.328102,113.531197,112.906197,113.234398,343849
01/07/2003,113.375,113.75,113.093803,113.531197,302219
01/08/2003,113.625,114,113.515602,113.828102,495907
01/09/2003,113.531197,113.609398,112.3125,112.593803,439525
01/10/2003,112.593803,113.281197,112.265602,112.5625,315795
01/13/2003,112.484398,112.9375,112.171898,112.843803,361513
01/14/2003,112.953102,113.296898,112.6875,113.218803,400999
01/15/2003,113.296898,113.703102,113.078102,113.328102,455820
01/16/2003,113.421898,113.4375,112.5,113.265602,278136
01/17/2003,113.359398,114,113.343803,113.703102,314198
01/21/2003,113.9375,114.203102,113.593803,114.156197,293371
01/22/2003,114.125,114.640602,114.031197,114.578102,317166
01/23/2003,114.484398,114.5,114.156197,114.406197,307469
01/24/2003,114.359398,114.968803,114.328102,114.484398,350394
01/27/2003,114.531197,114.921898,114.109398,114.234398,420136
01/28/2003,114.25,114.421898,113.75,114.1875,355315
01/29/2003,114.25,114.468803,113.531197,113.765602,378683
01/30/2003,113.828102,114.234398,113.359398,114.234398,313444
01/31/2003,114.171898,114.343803,113.921898,114.203102,299624
02/03/2003,114.0625,114.078102,113.640602,113.890602,301743
02/04/2003,113.953102,114.5,113.921898,114.484398,508097
02/05/2003,114.375,114.5625,113.593803,113.9375,324633
02/06/2003,113.984398,114.468803,113.875,114.328102,432907
02/07/2003,114.3125,114.609398,113.640602,114.5,309048
02/10/2003,114.375,114.546898,114,114.1875,380858
02/11/2003,114.125,114.421898,113.906197,114.375,393907
02/12/2003,114.343803,114.875,114.25,114.843803,465690
02/13/2003,114.843803,115.640602,114.8125,115.296898,335387
02/14/2003,115.375,115.406197,114.6875,114.843803,272864
02/18/2003,114.75,114.953102,114.421898,114.875,299912
02/19/2003,114.953102,115.421898,114.921898,115.390602,325926
02/20/2003,115.375,115.765602,115.078102,115.546898,342268
02/21/2003,115.593803,115.828102,115.234398,115.359398,264377
02/24/2003,115.4375,115.781197,115.406197,115.718803,404105
02/25/2003,115.8125,116.406197,115.781197,115.828102,350875
02/26/2003,115.828102,116.25,115.8125,116.25,122826
02/27/2003,116.3125,116.5,115.9375,116.406197,27863
02/28/2003,116.140602,116.8125,116.0625,116.75,18699
03/03/2003,115.375,115.65625,115.09375,115.578125,286530
03/04/2003,115.546875,115.890625,115.421875,115.8125,360623
03/05/2003,115.90625,116.203125,115.671875,116.109375,431310
03/06/2003,116.046875,116.15625,115.59375,115.90625,441412
03/07/2003,115.828125,116.53125,115.609375,116.171875,550339
03/10/2003,116.28125,116.609375,116.234375,116.515625,237266
03/11/2003,116.59375,116.625,116.203125,116.3125,335185
03/12/2003,116.328125,116.515625,116.015625,116.15625,423360
03/13/2003,116.15625,116.15625,114.8125,114.953125,668400
03/14/2003,115.09375,115.390625,114.75,115.265625,373112
03/17/2003,115.6875,115.90625,114.265625,114.546875,552013
03/18/2003,114.609375,114.75,113.828125,114.015625,521569
03/19/2003,114.015625,114.296875,113.359375,113.578125,493692
03/20/2003,113.4375,114.046875,112.875,113.328125,536481
03/21/2003,113.609375,113.609375,112.46875,112.65625,493163
03/24/2003,113.015625,113.6875,113.015625,113.5,359192
03/25/2003,113.5625,113.953125,113.109375,113.546875,418012
03/26/2003,113.640625,113.921875,113.359375,113.734375,314575
03/27/2003,113.828125,114.21875,113.734375,113.921875,358760
03/28/2003,113.921875,114.453125,113.921875,114.34375,264618
03/31/2003,114.640625,115.15625,114.640625,114.875,297667
04/01/2003,115.25,115.3125,114.46875,114.859375,497813
04/02/2003,114.8125,114.84375,113.90625,114.09375,422713
04/03/2003,114.28125,114.484375,113.546875,114.28125,452371
04/04/2003,114.390625,114.4375,113.71875,114.125,368572
04/07/2003,113.6875,114,113.125,113.6875,397672
04/08/2003,114.109375,114.328125,113.546875,114.25,394943
04/09/2003,114.34375,114.71875,114,114.546875,430922
04/10/2003,114.640625,114.765625,114.234375,114.359375,328785
04/11/2003,114.34375,114.421875,113.640625,114.125,418795
04/14/2003,114.03125,114.21875,113.640625,113.78125,265296
04/15/2003,113.703125,114.25,113.546875,114.125,376654
04/16/2003,113.8125,114.390625,113.703125,114.328125,321321
04/17/2003,114.3125,114.65625,114.171875,114.21875,237589
04/21/2003,114.171875,114.1875,113.640625,114.015625,236926
04/22/2003,114.03125,114.453125,113.921875,114.0625,371688
04/23/2003,114.15625,114.1875,113.875,113.96875,330359
04/24/2003,114.125,114.78125,114.109375,114.609375,450840
04/25/2003,114.59375,115,114.46875,114.84375,333640
04/28/2003,114.90625,115.078125,114.609375,114.75,321369
04/29/2003,114.703125,114.75,114.203125,114.53125,341292
04/30/2003,114.609375,115.25,114.328125,115.125,474223
05/01/2003,115.21875,115.65625,115.125,115.21875,407110
05/02/2003,115.25,115.359375,114.625,114.765625,491952
05/05/2003,114.65625,115.078125,114.46875,115.03125,279690
05/06/2003,115.0625,115.859375,114.78125,115.71875,411348
05/07/2003,115.828125,116.640625,115.765625,116.453125,571927
05/08/2003,116.578125,117.0625,116.4375,116.6875,639203
05/09/2003,116.6875,116.828125,116.34375,116.71875,373110
05/12/2003,116.8125,117.34375,116.78125,116.984375,374779
05/13/2003,116.875,117.203125,116.734375,117.0625,414841
05/14/2003,117.234375,117.796875,116.84375,117.703125,577480
05/15/2003,117.625,117.8125,117.21875,117.421875,553178
05/16/2003,117.421875,118.375,117.3125,118.03125,481579
05/19/2003,118.375,118.59375,117.9375,118.1875,457179
05/20/2003,117.984375,118.890625,117.796875,118.734375,514391
05/21/2003,118.8125,119,118.265625,118.4375,631433
05/22/2003,118.4375,118.953125,118.34375,118.796875,393835
05/23/2003,118.9375,119.15625,118.75,118.8125,256419
05/27/2003,119,119.109375,118.296875,118.546875,461582
05/28/2003,118.453125,118.609375,117.8125,118.46875,499245
05/29/2003,118.59375,119.390625,118.3125,119.078125,116562
05/30/2003,119.03125,119.3125,118.453125,119.0625,26509
06/02/2003,118.156197,118.156197,117.593803,117.875,547979
06/03/2003,117.921898,119,117.921898,118.656197,422064
06/04/2003,118.75,119.109398,118.484398,118.984398,518233
06/05/2003,118.843803,119.281197,118.421898,118.593803,522835
06/06/2003,118.718803,119.015602,118.015602,118.390602,327966
06/09/2003,118.531197,119.078102,118.4375,118.984398,462546
06/10/2003,119.015602,119.796898,118.828102,119.703102,518908
06/11/2003,119.8125,119.953102,119.296898,119.593803,412949
06/12/2003,119.453102,120.031197,119.265602,119.781197,329786
06/13/2003,119.828102,120.406197,119.718803,120.265602,372387
06/16/2003,120.328102,120.4375,119.546898,119.671898,514013
06/17/2003,119.6875,119.843803,118.8125,118.921898,532294
06/18/2003,119.031197,119.093803,118.156197,118.25,604074
06/19/2003,118.3125,118.703102,117.656197,118.484398,344936
06/20/2003,118.531197,118.765602,117.9375,118.171898,242370
06/23/2003,118.406197,118.953102,118.171898,118.875,355118
06/24/2003,118.9375,119.406197,118.609398,119.265602,535149
06/25/2003,119.265602,119.6875,118.093803,118.4375,612771
06/26/2003,118.3125,118.359398,117.0625,117.1875,470814
06/27/2003,117.218803,117.75,116.75,117.0625,399825
06/30/2003,117.125,117.656197,117.031197,117.4375,440148
07/01/2003,117.593803,117.953102,117.203102,117.296898,504126
07/02/2003,117.218803,117.593803,116.656197,117.421898,582618
07/03/2003,117.343803,117.593803,116.546898,116.703102,413611
07/07/2003,116.843803,116.859398,116.093803,116.328102,504504
07/08/2003,116.125,116.609398,115.906197,116.125,451462
07/09/2003,116.234398,116.609398,116.171898,116.343803,414504
07/10/2003,116.5625,116.875,116.375,116.609398,344541
07/11/2003,116.796898,117.125,116.453102,117.046898,355373
07/14/2003,117.0625,117.171898,116.343803,116.4375,943169
07/15/2003,116.4375,116.5625,114.546898,115.015602,874528
07/16/2003,114.484398,114.968803,113.968803,114.734398,617307
07/17/2003,114.921898,115.093803,114.0625,114.671898,301009
07/18/2003,114.843803,114.875,114.281197,114.531197,556993
07/21/2003,114.421898,114.421898,112.781197,113.109398,778021
07/22/2003,112.9375,113.5625,112.8125,113.375,590560
07/23/2003,113.546898,114.156197,113.421898,113.671898,516246
07/24/2003,113.703102,113.953102,112.921898,113.281197,535600
07/25/2003,113.343803,113.9375,113.015602,113.1875,545294
07/28/2003,113.203102,113.203102,112.125,112.328102,927023
07/29/2003,112.093803,113.015602,111.046898,111.531197,744950
07/30/2003,111.281197,112.515602,111.265602,111.9375,969825
07/31/2003,112.1875,112.609398,110.0625,110.625,745132
08/01/2003,111,111.234398,109.609398,110.546898,665
08/03/2003,110.546898,110.546898,110.546898,110.546898,530756
08/04/2003,110.8125,111.906197,110.6875,111.656197,685299
08/05/2003,111.968803,112.078102,110.625,110.843803,579116
08/06/2003,111.281197,112.390602,110.8125,112.203102,589021
08/07/2003,112.343803,112.718803,111.875,112.468803,483860
08/08/2003,112.6875,113.484398,112.484398,112.5625,379615
08/11/2003,112.75,112.781197,111.765602,112.078102,421134
08/12/2003,112.171898,112.531197,111.656197,112.25,694942
08/13/2003,111.781197,111.8125,110.343803,110.515602,642704
08/14/2003,110.515602,111.75,109.656197,110.3125,235821
08/15/2003,110.8125,111.125,110.390602,110.718803,319554
08/18/2003,110.6875,111.203102,110.375,111.093803,501118
08/19/2003,111.156197,112.140602,110.656197,112,528376
08/20/2003,112.031197,112.390602,111.078102,111.375,600494
08/21/2003,111.343803,111.5,110.343803,110.6875,353219
08/22/2003,110.703102,111.375,110.609398,111.203102,325694
08/25/2003,111.109398,111.609398,110.406197,110.718803,517515
08/26/2003,110.656197,111.25,110.093803,111.140602,353939
08/27/2003,111.046898,111.359398,110.609398,110.734398,441656
08/28/2003,110.703102,111.828102,110.609398,111.718803,80341
08/29/2003,111.718803,111.875,111.156197,111.531197,32308
09/02/2003,109.25,109.421875,108.078125,108.390625,528033
09/03/2003,108.390625,108.8125,108.34375,108.640625,398125
09/04/2003,108.78125,109.6875,108.71875,109.4375,574555
09/05/2003,109.46875,111.109375,109.390625,110.953125,508375
09/08/2003,110.96875,111.671875,110.375,110.796875,533139
09/09/2003,110.515625,111.140625,110.328125,110.96875,535384
09/10/2003,111.046875,111.90625,110.890625,111.8125,500292
09/11/2003,111.75,111.8125,111.140625,111.359375,518152
09/12/2003,111.40625,112.625,111.359375,111.953125,551243
09/15/2003,112.03125,112.34375,111.5,112.1875,389667
09/16/2003,112.046875,112.234375,111.578125,111.84375,540483
09/17/2003,111.96875,112.75,111.84375,112.4375,559053
09/18/2003,112.546875,112.90625,111.84375,112.359375,636404
09/19/2003,112.625,112.828125,112.203125,112.546875,385998
09/22/2003,112.34375,112.34375,111.421875,112.109375,596463
09/23/2003,112.25,112.390625,111.640625,112.28125,397131
09/24/2003,112.203125,113.171875,112.015625,112.921875,500345
09/25/2003,112.90625,113.34375,112.65625,113.109375,532068
09/26/2003,113.125,114.09375,113.015625,113.828125,506548
09/29/2003,113.921875,113.984375,113.421875,113.5,444413
09/30/2003,113.515625,114.671875,113.375,114.625,620420
10/01/2003,114.578125,114.75,114.203125,114.625,484635
10/02/2003,114.5,114.5,113.53125,114.015625,673951
10/03/2003,114,114.03125,112.25,112.484375,733961
10/06/2003,112.46875,112.984375,112.234375,112.96875,352269
10/07/2003,112.71875,112.96875,112.0625,112.25,540464
10/08/2003,112.109375,112.625,111.890625,112.40625,545602
10/09/2003,112.421875,112.484375,111.59375,111.953125,547826
10/10/2003,112.078125,112.5625,111.84375,112.40625,323067
10/13/2003,112.40625,112.40625,112.40625,112.40625,323067
10/14/2003,111.96875,112.09375,111.5625,111.640625,415468
10/15/2003,111.6875,111.796875,110.921875,111.21875,580791
10/16/2003,111.234375,111.6875,110.484375,110.578125,713043
10/17/2003,110.609375,111.328125,110.5,111.265625,474576
10/20/2003,110.96875,111.71875,110.71875,111.453125,441857
10/21/2003,111.328125,111.96875,111.265625,111.484375,511203
10/22/2003,111.609375,112.453125,111.59375,112.28125,530722
10/23/2003,112.453125,112.921875,111.8125,112.0625,567872
10/24/2003,112.140625,113.015625,112.046875,112.96875,473987
10/27/2003,112.734375,112.8125,112.375,112.53125,401448
10/28/2003,112.4375,113.3125,112.09375,113.265625,646642
10/29/2003,113.265625,113.265625,112.328125,112.578125,601266
10/30/2003,112.390625,112.71875,111.546875,111.953125,671059
10/31/2003,112,112.421875,111.90625,112.296875,474805
11/03/2003,112.28125,112.359375,111.453125,111.78125,503470
11/04/2003,111.90625,112.359375,111.734375,112.234375,436464
11/05/2003,112.234375,112.390625,111.734375,111.8125,530181
11/06/2003,111.796875,111.953125,111.234375,111.40625,562797
11/07/2003,111.4375,112.28125,110.71875,111.140625,595104
11/10/2003,111.125,111.46875,110.921875,111.09375,274407
11/11/2003,111.09375,111.09375,111.09375,111.09375,274889
11/12/2003,111.3125,111.703125,111.109375,111.515625,369979
11/13/2003,111.5625,112.703125,111.5,112.640625,644532
11/14/2003,112.640625,113.375,112.453125,113.25,618814
11/17/2003,113.375,113.859375,113.21875,113.640625,538093
11/18/2003,113.4375,114.015625,113.1875,113.765625,534083
11/19/2003,113.875,114.15625,113.0625,113.234375,676265
11/20/2003,113.296875,114.140625,113.171875,113.796875,645694
11/21/2003,113.828125,114.078125,113.671875,113.84375,362410
11/24/2003,113.6875,113.796875,113.09375,113.21875,434897
11/25/2003,113.15625,113.703125,112.875,113.5,481022
11/26/2003,113.484375,113.703125,113.015625,113.0625,147500
11/28/2003,113.03125,113.03125,112.34375,112.40625,48437
12/01/2003,110.8125,110.828102,109.796799,110.390602,641705
12/02/2003,110.4375,110.656197,110,110.5625,570578
12/03/2003,110.531197,110.781197,110.156197,110.281197,513090
12/04/2003,110.3125,110.843697,110.140602,110.75,461753
12/05/2003,110.765602,112.343697,110.75,112.109299,741565
12/08/2003,112.046799,112.203102,111.625,111.703102,354673
12/09/2003,111.796799,112.421799,110.796799,111,564420
12/10/2003,111,111.531197,110.906197,111.4375,506506
12/11/2003,111.4375,112.3125,111,112.234299,653516
12/12/2003,112.156197,112.796799,111.859299,112.125,563470
12/15/2003,111.75,112.406197,111.593697,111.890602,417157
12/16/2003,112.078102,112.375,111.796799,112.234299,413809
12/17/2003,112.343697,112.9375,112.343697,112.593697,402201
12/18/2003,112.578102,113,112.375,112.843697,466936
12/19/2003,112.875,113.046799,112.515602,112.921799,331317
12/22/2003,113.046799,113.218697,112.468697,112.734299,225489
12/23/2003,112.671799,112.796799,111.828102,111.9375,272145
12/24/2003,112.031197,112.765602,111.9375,112.625,97080
12/26/2003,112.734299,113.0625,112.578102,113,44915
12/29/2003,112.906197,112.9375,112.234299,112.359299,143925
12/30/2003,112.375,112.390602,111.859299,112.109299,211455
12/31/2003,112.25,112.390602,112.125,112.265602,82274
01/02/2004,112.078102,112.218697,111.0625,111.343697,200928
01/05/2004,111.281197,111.453102,111.031197,111.3125,348911
01/06/2004,111.390602,112.343697,111.375,112.203102,565671
01/07/2004,112.1875,112.671799,111.906197,112.5,511461
01/08/2004,112.421799,112.640602,112.171799,112.531197,498338
01/09/2004,112.375,114,112.3125,113.921799,703296
01/12/2004,113.921799,114.375,113.671799,113.968697,601402
01/13/2004,113.906197,114.609299,113.703102,114.4375,623646
01/14/2004,114.5,114.781197,114.078102,114.671799,776687
01/15/2004,114.546799,114.921799,114.265602,114.640602,760846
01/16/2004,114.546799,115.031197,114.156197,114.3125,638611
01/20/2004,114.0625,114.359299,113.875,114.031197,543564
01/21/2004,114.078102,114.359299,113.9375,114.1875,466485
01/22/2004,114.296799,114.875,114.1875,114.75,574064
01/23/2004,114.8125,115.109299,113.906197,114,701868
01/26/2004,114.015602,114.218697,113.468697,113.531197,595204
01/27/2004,113.640602,114.109299,113.515602,114,521881
01/28/2004,114.093697,114.453102,112.5,112.890602,780739
01/29/2004,113.031197,113.1875,112.546799,113,817088
01/30/2004,113.109299,113.515602,113,113.4375,511154
02/02/2004,113.421799,113.718697,113.156197,113.375,443679
02/03/2004,113.4375,113.875,113.421799,113.828102,533903
02/04/2004,113.906197,114.015602,113.468697,113.6875,473067
02/05/2004,113.6875,113.8125,113.046799,113.234299,687486
02/06/2004,113.25,114.171799,112.875,114.015602,737241
02/09/2004,114.046799,114.3125,113.984299,114.218697,299724
02/10/2004,114.265602,114.375,113.828102,113.9375,446110
02/11/2004,113.890602,114.906197,113.593697,114.671799,785322
02/12/2004,114.640602,114.828102,114.375,114.468697,565071
02/13/2004,114.531197,115.156197,114.515602,114.828102,531102
02/17/2004,114.828102,115.046799,114.671799,114.796799,424457
02/18/2004,114.875,115.234299,114.718697,114.781197,512986
02/19/2004,114.8125,114.968697,114.453102,114.8125,550045
02/20/2004,114.9375,114.9375,114.328102,114.468697,646514
02/23/2004,114.328102,114.968697,114.234299,114.953102,486011
02/24/2004,114.953102,115.375,114.875,115.046799,701427
02/25/2004,115.093697,115.343697,115.0625,115.140602,604144
02/26/2004,115.140602,115.281197,114.75,114.9375,673803
02/27/2004,115.015602,115.484299,114.968697,115.375,239374
03/01/2004,113.9375,114.328125,113.625,113.796875,482981
03/02/2004,113.859375,113.90625,113.15625,113.375,622036
03/03/2004,113.296875,113.390625,112.921875,113.3125,661377
03/04/2004,113.375,113.71875,113.0625,113.609375,520780
03/05/2004,113.609375,115.625,113.5,115.21875,1019362
03/08/2004,115.125,115.75,115.078125,115.65625,516672
03/09/2004,115.671875,116.203125,115.484375,116.03125,740392
03/10/2004,116,116.15625,115.765625,115.90625,639782
03/11/2004,115.921875,116.484375,115.5625,115.875,939765
03/12/2004,116.296875,116.375,115.6875,115.8125,554658
03/15/2004,115.78125,116.1875,115.5625,115.703125,643785
03/16/2004,115.71875,116.359375,115.359375,116.3125,650258
03/17/2004,116.328125,116.578125,116.046875,116.296875,623677
03/18/2004,116.140625,116.28125,115.625,115.796875,778753
03/19/2004,115.78125,115.875,115.53125,115.5625,438187
03/22/2004,115.703125,116.171875,115.671875,116.078125,324551
03/23/2004,116.125,116.265625,115.90625,116.109375,420270
03/24/2004,116.265625,116.4375,116.078125,116.171875,494869
03/25/2004,116.171875,116.25,115.828125,116.03125,395637
03/26/2004,115.984375,116.078125,115.1875,115.21875,631817
03/29/2004,115.125,115.21875,114.703125,114.90625,577470
03/30/2004,114.9375,115.1875,114.828125,114.84375,486041
03/31/2004,114.875,115.4375,114.84375,115.40625,634758
04/01/2004,115.40625,115.5,114.765625,114.875,805738
04/02/2004,114.9375,115.03125,112.171875,112.9375,1044950
04/05/2004,112.8125,112.953125,112.265625,112.40625,759865
04/06/2004,112.5,112.96875,112.5,112.796875,507756
04/07/2004,112.9375,113.140625,112.765625,112.84375,502211
04/08/2004,112.859375,112.984375,112.546875,112.609375,383649
04/12/2004,112.546875,112.578125,112.234375,112.40625,271245
04/13/2004,112.359375,112.421875,111.5,111.5625,798324
04/14/2004,111.46875,111.703125,110.53125,111.25,1146900
04/15/2004,111.328125,111.640625,110.921875,111.171875,795460
04/16/2004,111.203125,111.875,111.15625,111.625,582712
04/19/2004,111.625,111.90625,111.296875,111.421875,379227
04/20/2004,111.34375,111.484375,110.5625,111.09375,749094
04/21/2004,110.71875,111.15625,110.421875,110.96875,941164
04/22/2004,110.953125,111.4375,110.703125,111.390625,615907
04/23/2004,111.296875,111.5,110.59375,110.671875,714234
04/26/2004,110.578125,110.859375,110.453125,110.796875,448401
04/27/2004,110.703125,111.25,110.625,111.09375,616374
04/28/2004,111.21875,111.234375,110.359375,110.59375,556291
04/29/2004,110.359375,111,109.96875,110.171875,1023782
04/30/2004,110.15625,110.625,109.953125,110.5,675597
05/03/2004,110.5,110.71875,110.265625,110.5,452879
05/04/2004,110.5,111.09375,109.96875,110.296875,715034
05/05/2004,110.0625,110.703125,109.875,110.0625,771137
05/06/2004,110,110.140625,109.71875,109.828125,659965
05/07/2004,109.84375,110.5,108.234375,108.484375,1160140
05/10/2004,108.5,108.75,108.359375,108.5625,579009
05/11/2004,108.5,108.8125,108.421875,108.6875,515108
05/12/2004,108.8125,108.90625,108.4375,108.5625,653002
05/13/2004,108.421875,108.5,108.03125,108.203125,708974
05/14/2004,108.15625,108.921875,107.796875,108.78125,914277
05/17/2004,108.90625,109.578125,108.859375,109.515625,668495
05/18/2004,109.515625,109.53125,109.0625,109.203125,537211
05/19/2004,109.171875,109.203125,108.640625,108.734375,575197
05/20/2004,108.9375,109.40625,108.828125,109.265625,570429
05/21/2004,109.359375,109.609375,108.90625,108.953125,614122
05/24/2004,108.921875,109.203125,108.78125,109.125,463030
05/25/2004,109.203125,109.453125,109.109375,109.265625,580825
05/26/2004,109.25,109.890625,109.234375,109.78125,698679
05/27/2004,109.859375,110.40625,109.65625,110.390625,476651
05/28/2004,110.296875,110.421875,109.765625,109.875,193230
06/01/2004,108.234398,108.343803,107.734398,108.125,777748
06/02/2004,108.125,108.1875,107.75,107.875,581130
06/03/2004,107.796898,108.140602,107.609398,108.046898,584271
06/04/2004,108.031197,108.359398,107.531197,107.546898,861287
06/07/2004,107.468803,107.796898,107.343803,107.734398,465251
06/08/2004,107.734398,107.859398,107.328102,107.734398,653159
06/09/2004,107.734398,107.734398,107.156197,107.421898,601902
06/10/2004,107.4375,107.671898,107.218803,107.625,0
06/11/2004,107.484398,107.625,107.218803,107.625,47350
06/14/2004,107.171898,107.453102,106.984398,107.046898,558772
06/15/2004,107.031197,108.625,107.031197,108.515602,1020793
06/16/2004,108.578102,108.578102,107.968803,108.1875,581007
06/17/2004,108.156197,108.593803,107.859398,108.484398,694054
06/18/2004,108.515602,108.796898,108.328102,108.359398,385077
06/21/2004,108.3125,108.640602,108.203102,108.546898,330997
06/22/2004,108.5625,108.640602,108.328102,108.453102,299068
06/23/2004,108.328102,108.640602,108.218803,108.546898,405950
06/24/2004,108.546898,109.234398,108.5,108.968803,678456
06/25/2004,108.968803,109.156197,108.781197,108.984398,370871
06/28/2004,108.984398,109.125,108.156197,108.265602,648523
06/29/2004,108.3125,108.718803,108.093803,108.609398,545450
06/30/2004,108.671898,109.609398,108.5625,109.328102,851494
07/01/2004,109.5625,109.718803,109.171898,109.671898,789080
07/02/2004,109.593803,111.093803,109.468803,110.5,792528
07/06/2004,110.453102,110.718803,110.328102,110.390602,476476
07/07/2004,110.406197,110.5625,110.218803,110.421898,393845
07/08/2004,110.406197,110.6875,110.171898,110.484398,530007
07/09/2004,110.484398,110.656197,110.375,110.578102,297168
07/12/2004,110.593803,110.828102,110.578102,110.703102,247022
07/13/2004,110.671898,110.703102,110.218803,110.4375,462844
07/14/2004,110.515602,110.796898,110.265602,110.406197,513087
07/15/2004,110.421898,110.609398,110.25,110.390602,470088
07/16/2004,110.421898,111.421898,110.281197,111.343803,762052
07/19/2004,111.359398,111.406197,111.1875,111.328102,306949
07/20/2004,111.359398,111.390602,110.5,110.578102,664231
07/21/2004,110.531197,110.578102,110.046898,110.343803,679448
07/22/2004,110.484398,110.656197,110.265602,110.5,542047
07/23/2004,110.593803,110.765602,110.4375,110.734398,267217
07/26/2004,110.6875,110.734398,110.343803,110.484398,343615
07/27/2004,110.359398,110.406197,109.546898,109.656197,759886
07/28/2004,109.531197,109.859398,109.359398,109.828102,819335
07/29/2004,109.828102,110.015602,109.5,109.968803,551702
07/30/2004,109.9375,110.75,109.828102,110.718803,859350
08/02/2004,111,111.25,110.765602,110.875,507069
08/03/2004,110.843803,111.171898,110.656197,111.078102,510194
08/04/2004,111.015602,111.296898,110.8125,111.015602,622164
08/05/2004,111.031197,111.359398,111,111.234398,497000
08/06/2004,111.265602,113.328102,111.265602,112.718803,1099297
08/09/2004,112.6875,112.828102,112.343803,112.484398,382930
08/10/2004,112.375,112.640602,111.953102,112.125,591754
08/11/2004,112.0625,112.343803,111.953102,112.25,520518
08/12/2004,112.281197,112.546898,112.015602,112.4375,688644
08/13/2004,112.406197,112.953102,112.390602,112.781197,563018
08/16/2004,112.671898,112.781197,112.234398,112.531197,552904
08/17/2004,112.468803,113.031197,112.375,112.9375,600686
08/18/2004,113.031197,113.265602,112.640602,112.75,762368
08/19/2004,112.671898,112.921898,112.5625,112.890602,551985
08/20/2004,112.859398,113,112.6875,112.718803,389522
08/23/2004,112.718803,112.765602,112.25,112.390602,577741
08/24/2004,112.343803,112.515602,112.093803,112.421898,530473
08/25/2004,112.468803,112.796898,112.234398,112.531197,698902
08/26/2004,112.515602,112.906197,112.453102,112.796898,578880
08/27/2004,112.890602,113.078102,112.781197,112.796898,684122
08/30/2004,112.796898,113.140602,112.734398,113.093803,284920
08/31/2004,113.125,113.765602,113.046898,113.468803,307832
09/01/2004,112.4375,112.703125,112.125,112.4375,984625
09/02/2004,112.453125,112.5625,111.828125,112,668554
09/03/2004,111.859375,113.109375,111.078125,111.28125,866824
09/07/2004,111.28125,111.625,111.1875,111.578125,464255
09/08/2004,111.578125,112.328125,111.21875,112.28125,954532
09/09/2004,112.265625,112.578125,112.046875,112.109375,876156
09/10/2004,112.140625,112.6875,112.140625,112.28125,706916
09/13/2004,112.265625,112.578125,112.15625,112.484375,405500
09/14/2004,112.546875,112.78125,112.296875,112.640625,575769
09/15/2004,112.640625,112.671875,112.25,112.34375,622428
09/16/2004,112.34375,113.171875,112.21875,113.0625,947722
09/17/2004,113.0625,113.265625,112.65625,112.6875,628850
09/20/2004,112.78125,113.25,112.75,113.21875,431627
09/21/2004,113.203125,113.390625,112.703125,113.296875,704994
09/22/2004,113.296875,113.734375,113.09375,113.59375,909466
09/23/2004,113.59375,113.796875,113.171875,113.234375,883360
09/24/2004,113.296875,113.421875,112.984375,113.203125,753955
09/27/2004,113.15625,113.59375,113.03125,113.4375,753955
09/28/2004,113.46875,113.734375,113.21875,113.375,754961
09/29/2004,113.40625,113.46875,112.6875,112.78125,919670
09/30/2004,112.78125,113.0625,112.15625,112.625,1046163
10/01/2004,112.59375,112.59375,112.046875,112.15625,828523
10/04/2004,112.171875,112.328125,111.796875,112.265625,634006
10/05/2004,112.28125,112.40625,112.15625,112.328125,605613
10/06/2004,112.3125,112.328125,111.859375,111.9375,590064
10/07/2004,111.890625,112.03125,111.65625,111.78125,699904
10/08/2004,111.796875,112.734375,111.796875,112.578125,903098
10/11/2004,112.578125,112.578125,112.578125,112.578125,903397
10/12/2004,112.578125,112.984375,112.546875,112.828125,525770
10/13/2004,112.8125,113.234375,112.53125,113.09375,720451
10/14/2004,113.234375,113.59375,113.09375,113.53125,649884
10/15/2004,113.53125,113.75,112.78125,113.21875,1102720
10/18/2004,113.140625,113.3125,112.96875,113.234375,442479
10/19/2004,113.25,113.359375,112.78125,113.28125,799904
10/20/2004,113.328125,113.734375,113.3125,113.625,675659
10/21/2004,113.65625,113.921875,113.46875,113.578125,954409
10/22/2004,113.515625,113.828125,113.34375,113.734375,559170
10/25/2004,113.90625,114.15625,113.84375,113.890625,563898
10/26/2004,113.84375,114.046875,113.6875,113.796875,613978
10/27/2004,113.703125,114,113.03125,113.09375,1167620
10/28/2004,113.078125,113.453125,112.65625,113.1875,1147240
10/29/2004,113.375,113.59375,113.09375,113.5625,776378
11/01/2004,113.5625,113.5625,113.078125,113.125,570650
11/02/2004,113.171875,113.421875,113,113.234375,446702
11/03/2004,113.40625,113.453125,112.34375,113.296875,1159440
11/04/2004,113.234375,113.515625,113.140625,113.265625,692931
11/05/2004,113.1875,113.296875,111.5,112.421875,1336910
11/08/2004,112.390625,112.421875,112.140625,112.265625,596884
11/09/2004,112.234375,112.46875,112.21875,112.28125,515512
11/10/2004,112.1875,112.359375,111.890625,112.015625,846911
11/11/2004,112.015625,112.015625,112.015625,112.015625,846911
11/12/2004,112.1875,112.609375,112.09375,112.390625,742251
11/15/2004,112.53125,112.578125,112.296875,112.453125,433158
11/16/2004,112.46875,112.578125,112.15625,112.3125,678853
11/17/2004,112.328125,112.90625,111.90625,112.796875,1149210
11/18/2004,112.875,112.96875,112.625,112.890625,777540
11/19/2004,112.90625,113.078125,112.078125,112.296875,1218340
11/22/2004,112.265625,112.453125,112.171875,112.421875,569189
11/23/2004,112.375,112.640625,112.109375,112.328125,861899
11/24/2004,112.296875,112.453125,112.15625,112.25,524678
11/26/2004,112.375,112.375,111.65625,112.046875,542409
11/29/2004,112.046875,112.140625,111.359375,111.453125,1301720
11/30/2004,111.578125,111.625,111.234375,111.453125,506617
12/01/2004,110.828102,111.0625,110.531303,110.640602,916013
12/02/2004,110.6875,110.781303,110.265602,110.515602,951525
12/03/2004,110.421898,111.843803,110.390602,111.5,1463932
12/06/2004,111.578102,111.8125,111.468803,111.671898,535767
12/07/2004,111.765602,111.765602,111.468803,111.671898,610796
12/08/2004,111.703102,112.531303,111.531303,112.406303,1081565
12/09/2004,112.4375,112.671898,112.109398,112.25,834770
12/10/2004,112.171898,112.5625,112.109398,112.375,586667
12/13/2004,112.328102,112.640602,112.203102,112.421898,513600
12/14/2004,112.4375,112.656303,112.171898,112.578102,469496
12/15/2004,112.609398,112.953102,112.5,112.875,486817
12/16/2004,112.906303,112.968803,112.093803,112.1875,710258
12/17/2004,112.171898,112.296898,111.671898,112.031303,723544
12/20/2004,112.015602,112.203102,111.953102,112.015602,212170
12/21/2004,112.109398,112.25,111.9375,112.203102,242241
12/22/2004,112.1875,112.25,111.9375,112.031303,301189
12/23/2004,112.0625,112.109398,111.906303,111.984398,204443
12/27/2004,112.031303,112.031303,111.343803,111.515602,273105
12/28/2004,111.5,111.578102,111.156303,111.5,240816
12/29/2004,111.468803,111.5625,111.203102,111.265602,177490
12/30/2004,111.234398,111.734398,111.1875,111.671898,223407
12/31/2004,111.703102,112,111.640602,111.9375,152838
01/03/2005,111.9375,112,111.5625,111.875,471324
01/04/2005,111.843803,112.015602,111.171898,111.406303,720329
01/05/2005,111.3125,111.593803,111.218803,111.406303,576244
01/06/2005,111.359398,111.578102,111.281303,111.484398,488010
01/07/2005,111.546898,112.5625,110.734398,111.375,872493
01/10/2005,111.4375,111.5,111.265602,111.390602,387188
01/11/2005,111.406303,111.625,111.218803,111.578102,508836
01/12/2005,111.578102,111.75,111.453102,111.640602,506096
01/13/2005,111.640602,112.156303,111.5625,112,759919
01/14/2005,112.125,112.25,111.6875,111.828102,680419
01/18/2005,111.828102,111.953102,111.609398,111.906303,528758
01/19/2005,111.921898,112.125,111.718803,111.921898,865199
01/20/2005,112.015602,112.171898,111.75,112.078102,673737
01/21/2005,112.046898,112.343803,111.968803,112.296898,500737
01/24/2005,112.265602,112.406303,112.156303,112.359398,457289
01/25/2005,112.328102,112.359398,111.796898,111.953102,862965
01/26/2005,111.9375,112.078102,111.75,111.875,601222
01/27/2005,111.828102,111.843803,111.5,111.765602,601868
01/28/2005,111.640602,112.328102,111.625,112.25,818599
01/31/2005,112.171898,112.328102,112.031303,112.265602,545912
02/01/2005,112.265602,112.421898,112.156303,112.281303,657288
02/02/2005,112.218803,112.375,112.093803,112.25,517421
02/03/2005,112.203102,112.203102,111.859398,112.031303,596224
02/04/2005,111.984398,112.859398,111.984398,112.656303,1050178
02/07/2005,112.578102,112.859398,112.515602,112.765602,418834
02/08/2005,112.734398,112.984398,112.593803,112.828102,728449
02/09/2005,112.890602,113.390602,112.6875,113.375,964452
02/10/2005,113.3125,113.375,112.75,112.828102,824751
02/11/2005,112.765602,112.906303,112.484398,112.593803,660887
02/14/2005,112.625,112.796898,112.484398,112.718803,482670
02/15/2005,112.703102,112.75,112.5,112.5625,499355
02/16/2005,112.546898,112.75,112.031303,112.109398,866928
02/17/2005,112.125,112.1875,111.828102,112,754349
02/18/2005,112.015602,112.0625,111.406303,111.484398,933078
02/22/2005,111.421898,111.546898,111.296898,111.359398,780258
02/23/2005,111.375,111.781303,111.125,111.421898,1025003
02/24/2005,111.453102,111.6875,111.234398,111.3125,916554
02/25/2005,111.25,111.515602,111.203102,111.406303,977285
02/28/2005,111,111,110.875,110.875,610959
03/01/2005,109.765625,109.953125,109.6875,109.8125,845269
03/02/2005,109.859375,109.921875,109.609375,109.796875,780292
03/03/2005,109.8125,109.984375,109.6875,109.734375,669447
03/04/2005,109.78125,110.265625,109.375,110.15625,1001263
03/07/2005,110.125,110.359375,110.109375,110.21875,326836
03/08/2005,110.171875,110.234375,109.625,109.75,817615
03/09/2005,109.703125,109.765625,108.859375,108.921875,1229960
03/10/2005,108.875,109.3125,108.5625,109.21875,1463090
03/11/2005,109.078125,109.1875,108.609375,108.71875,898967
03/14/2005,108.640625,108.921875,108.375,108.828125,734460
03/15/2005,108.875,109.140625,108.625,108.71875,907324
03/16/2005,108.671875,109.34375,108.5625,108.9375,1130730
03/17/2005,108.984375,109.46875,108.984375,109.25,1130730
03/18/2005,109.265625,109.296875,109,109.0625,454163
03/21/2005,109.078125,109.109375,108.890625,109.03125,393134
03/22/2005,109.046875,109.5,108.21875,108.421875,1078450
03/23/2005,108.296875,108.5,107.828125,108.359375,1141820
03/24/2005,108.453125,108.640625,108.359375,108.453125,1141950
03/28/2005,108.4375,108.4375,108.125,108.234375,338897
03/29/2005,108.1875,108.609375,108.125,108.515625,463886
03/30/2005,108.578125,108.828125,108.46875,108.75,592648
03/31/2005,108.796875,109.3125,108.765625,109.265625,847435
04/01/2005,109.28125,110.0625,108.84375,109.53125,1284450
04/04/2005,109.484375,109.796875,109.296875,109.5625,550785
04/05/2005,109.546875,109.65625,109.359375,109.46875,585050
04/06/2005,109.46875,109.78125,109.453125,109.703125,573768
04/07/2005,109.765625,110,109.375,109.46875,895498
04/08/2005,109.453125,109.484375,109.125,109.34375,677003
04/11/2005,109.421875,109.75,109.3125,109.625,522539
04/12/2005,109.703125,110.34375,109.46875,110.21875,964368
04/13/2005,110.234375,110.53125,110.0625,110.234375,908631
04/14/2005,110.296875,110.671875,110.234375,110.390625,890608
04/15/2005,110.65625,111.21875,110.5625,110.953125,1081490
04/18/2005,111.125,111.484375,110.921875,111.109375,946608
04/19/2005,110.90625,111.578125,110.75,111.4375,1102720
04/20/2005,111.328125,111.5625,110.75,111.390625,1125460
04/21/2005,111.5625,111.578125,110.65625,110.765625,1089430
04/22/2005,110.78125,111.15625,110.78125,111.046875,572816
04/25/2005,111.03125,111.1875,110.90625,111.03125,441662
04/26/2005,111,111.21875,110.734375,110.96875,713913
04/27/2005,110.96875,111.421875,110.78125,111.203125,824372
04/28/2005,111.234375,111.890625,111.1875,111.671875,829359
04/29/2005,111.796875,111.859375,111.34375,111.421875,979842
05/02/2005,111.375,111.609375,111.265625,111.5,485780
05/03/2005,111.515625,111.734375,111.25,111.375,657693
05/04/2005,111.625,111.71875,111.140625,111.578125,967523
05/05/2005,111.5625,112.046875,111.40625,111.828125,804074
05/06/2005,111.8125,111.921875,110.921875,111.015625,1047959
05/09/2005,111.03125,111.03125,110.796875,110.921875,500691
05/10/2005,110.890625,111.46875,110.875,111.375,732510
05/11/2005,111.421875,111.84375,111.203125,111.5,1097500
05/12/2005,111.484375,111.78125,111.15625,111.65625,913903
05/13/2005,111.734375,112.078125,111.53125,111.96875,848156
05/16/2005,111.96875,112.140625,111.78125,111.984375,596316
05/17/2005,111.921875,112.234375,111.734375,112.078125,726916
05/18/2005,112.0625,112.59375,111.984375,112.4375,956457
05/19/2005,112.3125,112.453125,112.078125,112.125,707354
05/20/2005,112.125,112.15625,112,112.046875,491702
05/23/2005,111.984375,112.6875,111.90625,112.53125,803963
05/24/2005,112.578125,113.234375,112.546875,113,1131590
05/25/2005,113.109375,113.421875,112.5625,112.71875,1337330
05/26/2005,112.640625,112.828125,112.359375,112.546875,863886
05/27/2005,112.609375,112.6875,112.40625,112.625,459054
05/31/2005,112.65625,113.03125,112.65625,112.84375,366271
06/01/2005,113.375,114.109375,113.3125,114.0625,1015894
06/02/2005,114.015625,114.109375,113.78125,114,555890
06/03/2005,113.953125,114.65625,113.296875,113.375,1133561
06/06/2005,113.34375,113.6875,113.3125,113.609375,424227
06/07/2005,113.578125,114.078125,113.53125,113.984375,617397
06/08/2005,113.953125,114.0625,113.6875,113.734375,423484
06/09/2005,113.75,113.765625,113.1875,113.6875,710845
06/10/2005,113.6875,113.6875,112.921875,112.9375,531925
06/13/2005,112.96875,113.03125,112.5625,112.640625,593796
06/14/2005,112.640625,112.96875,112.375,112.515625,750397
06/15/2005,112.546875,112.703125,112.171875,112.421875,916364
06/16/2005,112.421875,112.8125,112.1875,112.71875,687705
06/17/2005,112.71875,112.796875,112.421875,112.609375,505380
06/20/2005,112.59375,112.6875,112.109375,112.359375,535418
06/21/2005,112.3125,112.921875,112.203125,112.859375,637061
06/22/2005,112.875,113.6875,112.796875,113.609375,2167909
06/23/2005,113.59375,113.640625,113.296875,113.515625,570437
06/24/2005,113.53125,113.9375,113.53125,113.765625,546681
06/27/2005,113.765625,114,113.75,113.90625,417107
06/28/2005,113.90625,113.921875,113.359375,113.40625,609844
06/29/2005,113.421875,113.734375,113.125,113.328125,1230381
06/30/2005,113.34375,113.703125,113.15625,113.671875,774658
07/01/2005,113.671875,113.671875,112.625,112.703125,717092
07/05/2005,112.65625,112.71875,112.140625,112.171875,607151
07/06/2005,112.203125,112.453125,112.171875,112.40625,503025
07/07/2005,112.40625,113.546875,112.34375,112.46875,1037624
07/08/2005,112.5,112.8125,112.046875,112.203125,630122
07/11/2005,112.171875,112.25,111.703125,112.140625,647096
07/12/2005,112.125,112.234375,111.828125,111.84375,541984
07/13/2005,111.875,111.875,111.640625,111.78125,495326
07/14/2005,111.78125,112.03125,111.53125,111.625,677832
07/15/2005,111.640625,111.875,111.4375,111.75,452456
07/18/2005,111.71875,111.8125,111.4375,111.46875,370822
07/19/2005,111.5,111.859375,111.34375,111.796875,609109
07/20/2005,111.78125,112.03125,111.28125,111.90625,820704
07/21/2005,111.875,111.984375,111.015625,111.0625,1206792
07/22/2005,111.09375,111.5625,111,111.484375,544902
07/25/2005,111.4375,111.53125,111.21875,111.234375,389618
07/26/2005,111.234375,111.40625,111.234375,111.375,381991
07/27/2005,111.390625,111.484375,111.09375,111.171875,537504
07/28/2005,111.203125,111.6875,111.078125,111.65625,552906
07/29/2005,111.65625,111.6875,110.875,111,760111
08/01/2005,111.03125,111.046875,110.5,110.6875,692925
08/02/2005,110.6875,110.84375,110.484375,110.59375,584271
08/03/2005,110.578125,110.90625,110.5625,110.828125,504455
08/04/2005,110.828125,110.9375,110.59375,110.671875,344748
08/05/2005,110.671875,110.78125,110.0625,110.109375,897221
08/08/2005,110.09375,110.203125,109.859375,109.953125,481467
08/09/2005,109.921875,110.234375,109.84375,110.1875,519010
08/10/2005,110.203125,110.40625,110.03125,110.1875,545471
08/11/2005,110.171875,110.6875,110.0625,110.625,648102
08/12/2005,110.65625,111.203125,110.578125,111.171875,596940
08/15/2005,111.140625,111.171875,110.8125,110.953125,429991
08/16/2005,110.84375,111.5,110.828125,111.328125,913117
08/17/2005,111.4375,111.46875,110.90625,110.953125,715418
08/18/2005,110.984375,111.65625,110.984375,111.578125,824871
08/19/2005,111.609375,111.65625,111.3125,111.578125,391470
08/22/2005,111.578125,111.71875,111.1875,111.59375,582506
08/23/2005,111.546875,111.84375,111.40625,111.71875,623250
08/24/2005,111.734375,111.984375,111.5625,111.75,752462
08/25/2005,111.765625,111.9375,111.65625,111.859375,691055
08/26/2005,111.84375,111.96875,111.5,111.578125,739840
08/29/2005,111.859375,112.015625,111.671875,111.734375,628583
08/30/2005,111.734375,112.484375,111.640625,112.453125,1227901
08/31/2005,112.34375,113.0625,112.265625,112.921875,482232
09/01/2005,112.09375,112.484375,111.875,112.28125,1206109
09/02/2005,112.109375,112.625,112.015625,112.203125,707410
09/06/2005,112.0625,112.1875,111.78125,111.859375,561937
09/07/2005,111.828125,111.875,111.296875,111.515625,800556
09/08/2005,111.5,111.78125,111.4375,111.515625,563947
09/09/2005,111.484375,111.78125,111.46875,111.578125,377808
09/12/2005,111.5625,111.640625,111.015625,111.21875,726213
09/13/2005,111.1875,111.65625,111.03125,111.515625,692046
09/14/2005,111.5,111.734375,111.234375,111.28125,643106
09/15/2005,111.28125,111.5625,110.796875,110.953125,1059476
09/16/2005,110.9375,111.015625,110.484375,110.609375,736109
09/19/2005,110.515625,110.875,110.5,110.765625,501912
09/20/2005,110.765625,110.8125,110.25,110.71875,695762
09/21/2005,110.671875,111.265625,110.640625,111.109375,777213
09/22/2005,111.28125,111.5625,111.109375,111.234375,712587
09/23/2005,111.203125,111.21875,110.625,110.671875,627749
09/26/2005,110.515625,110.546875,110.203125,110.359375,649391
09/27/2005,110.359375,110.5625,110.09375,110.265625,906351
09/28/2005,110.40625,110.5625,110,110.4375,713808
09/29/2005,110.4375,110.59375,110.125,110.25,673590
09/30/2005,110.203125,110.359375,109.84375,109.921875,654821
10/03/2005,109.890625,110.078125,109.46875,109.5625,620042
10/04/2005,109.59375,109.796875,109.390625,109.609375,493331
10/05/2005,109.65625,109.921875,109.59375,109.671875,622371
10/06/2005,109.78125,109.90625,109.484375,109.671875,547165
10/07/2005,109.546875,109.8125,109.140625,109.734375,842434
10/11/2005,109.71875,109.828125,109.421875,109.625,559010
10/12/2005,109.5625,109.59375,109.125,109.234375,704995
10/13/2005,109.21875,109.234375,108.796875,109,778240
10/14/2005,109.046875,109.359375,108.703125,108.921875,937149
10/17/2005,108.921875,109.109375,108.8125,108.890625,480550
10/18/2005,108.828125,109.0625,108.734375,108.984375,607899
10/19/2005,109.03125,109.328125,109,109.109375,639662
10/20/2005,109.09375,109.28125,108.8125,109.125,704854
10/21/2005,109.296875,109.71875,109.15625,109.5625,718957
10/24/2005,109.546875,109.5625,109.046875,109.171875,709026
10/25/2005,109.15625,109.28125,108.53125,108.734375,984849
10/26/2005,108.5625,108.625,108.125,108.234375,1134857
10/27/2005,108.234375,108.59375,108.234375,108.46875,796620
10/28/2005,108.5,108.6875,108.171875,108.421875,725334
10/31/2005,108.3125,108.65625,108.1875,108.453125,550864
11/01/2005,108.484375,108.6875,108.28125,108.359375,756333
11/02/2005,108.40625,108.46875,108.03125,108.125,788838
11/03/2005,108.125,108.328125,107.703125,107.75,963640
11/04/2005,107.734375,108.078125,107.484375,107.703125,1124431
11/07/2005,107.65625,107.96875,107.625,107.84375,509467
11/08/2005,107.890625,108.4375,107.890625,108.3125,822559
11/09/2005,108.375,108.4375,107.78125,107.890625,848867
11/10/2005,107.8125,108.390625,107.8125,108.34375,825162
11/11/2005,108.34375,108.34375,108.34375,108.34375,0
11/14/2005,108.34375,108.484375,107.859375,108.015625,682495
11/15/2005,107.96875,108.453125,107.890625,108.34375,1078464
11/16/2005,108.328125,108.984375,108.25,108.828125,1100246
11/17/2005,108.921875,109.1875,108.609375,109.03125,965420
11/18/2005,108.96875,109.09375,108.6875,108.734375,696542
11/21/2005,108.765625,109.125,108.703125,109.015625,502782
11/22/2005,109,109.328125,108.875,109.28125,1960098
11/23/2005,109.28125,109.34375,108.890625,108.953125,603496
11/25/2005,109.15625,109.34375,109.109375,109.265625,301026
11/28/2005,109.328125,109.53125,109,109.40625,917751
11/29/2005,109.40625,109.53125,108.84375,108.890625,1360166
11/30/2005,108.90625,109.078125,108.65625,108.734375,495130
12/01/2005,108.609375,108.8125,108.1875,108.34375,1050999
12/02/2005,108.359375,108.46875,108.171875,108.34375,831544
12/05/2005,108.359375,108.390625,107.921875,108.046875,596806
12/06/2005,108.03125,108.71875,108.015625,108.578125,841784
12/07/2005,108.59375,108.609375,108.34375,108.453125,531262
12/08/2005,108.46875,108.96875,108.40625,108.90625,632364
12/09/2005,108.90625,108.984375,108.328125,108.34375,628666
12/12/2005,108.390625,108.53125,108.125,108.25,378597
12/13/2005,108.234375,108.59375,108.21875,108.390625,527485
12/14/2005,108.453125,109.15625,108.453125,108.953125,833423
12/15/2005,108.890625,109.125,108.546875,108.890625,765629
12/16/2005,108.90625,109.21875,108.890625,109.0625,466854
12/19/2005,109.078125,109.234375,108.859375,109.0625,350113
12/20/2005,109.09375,109.125,108.796875,108.9375,369135
12/21/2005,108.9375,109,108.671875,108.78125,366381
12/22/2005,108.765625,109.203125,108.71875,109.15625,394005
12/23/2005,109.203125,109.65625,109.015625,109.59375,338948
12/27/2005,109.59375,109.875,109.390625,109.828125,221075
12/28/2005,109.796875,109.84375,109.5625,109.578125,271406
12/29/2005,109.59375,109.671875,109.4375,109.578125,239646
12/30/2005,109.625,109.875,109.390625,109.40625,245224
01/03/2006,109.390625,109.796875,109.171875,109.65625,685872
01/04/2006,109.703125,109.890625,109.46875,109.78125,703263
01/05/2006,109.8125,109.90625,109.59375,109.78125,611547
01/06/2006,109.765625,110.15625,109.5,109.59375,751274
01/09/2006,109.5625,109.703125,109.484375,109.59375,468590
01/10/2006,109.640625,109.671875,109.1875,109.234375,866040
01/11/2006,109.21875,109.34375,108.953125,109,643543
01/12/2006,109.015625,109.375,109,109.34375,754161
01/13/2006,109.34375,109.8125,109.15625,109.765625,804555
01/17/2006,109.65625,109.875,109.5625,109.859375,642339
01/18/2006,109.875,110.203125,109.609375,109.765625,959514
01/19/2006,109.796875,109.796875,109.421875,109.5,941148
01/20/2006,109.515625,109.71875,109.40625,109.578125,773356
01/23/2006,109.640625,109.734375,109.28125,109.625,767229
01/24/2006,109.625,109.65625,109.34375,109.4375,737801
01/25/2006,109.40625,109.4375,108.78125,108.828125,1146378
01/26/2006,108.8125,108.9375,108.46875,108.546875,3369680
01/27/2006,108.625,108.890625,108.390625,108.65625,1130960
01/30/2006,108.59375,108.609375,108.3125,108.484375,625449
01/31/2006,108.484375,108.640625,108.28125,108.4375,870909
02/01/2006,108.5,108.59375,108.09375,108.1875,905983
02/02/2006,108.171875,108.359375,108.046875,108.1875,764531
02/03/2006,108.171875,108.4375,107.78125,108.3125,1276609
02/06/2006,108.375,108.421875,108.15625,108.265625,458134
02/07/2006,108.234375,108.421875,108.0625,108.171875,785988
02/08/2006,108.15625,108.265625,107.9375,107.984375,686579
02/09/2006,108.015625,108.3125,107.875,108.0625,1098404
02/10/2006,108.015625,108.34375,107.65625,107.828125,959303
02/13/2006,107.78125,107.90625,107.65625,107.859375,425998
02/14/2006,107.875,107.90625,107.546875,107.6875,729914
02/15/2006,107.703125,107.9375,107.53125,107.703125,861492
02/16/2006,107.734375,107.84375,107.640625,107.78125,527207
02/17/2006,107.796875,108.203125,107.796875,108.109375,749760
02/21/2006,108.09375,108.15625,107.890625,107.9375,693938
02/22/2006,107.90625,108.203125,107.703125,108.140625,1052335
02/23/2006,108.171875,108.203125,107.78125,107.828125,1060669
02/24/2006,107.890625,108.078125,107.71875,107.8125,1144290
02/27/2006,107.71875,107.875,107.59375,107.6875,1214461
02/28/2006,107.640625,108.0625,107.640625,108,588628
03/01/2006,107.90625,107.96875,107.625,107.71875,1017571
03/02/2006,107.734375,107.78125,107.171875,107.375,1131939
03/03/2006,107.375,107.40625,107,107.09375,961563
03/06/2006,107.078125,107.09375,106.6875,106.78125,804693
03/07/2006,106.71875,106.890625,106.390625,106.8125,1212072
03/08/2006,106.859375,106.984375,106.65625,106.84375,834423
03/09/2006,106.890625,106.96875,106.71875,106.90625,642145
03/10/2006,106.90625,107.0625,106.515625,106.796875,935825
03/13/2006,106.765625,106.765625,106.53125,106.6875,581264
03/14/2006,106.71875,107.328125,106.6875,107.234375,1216556
03/15/2006,107.296875,107.3125,106.921875,107.078125,906806
03/16/2006,107.078125,107.796875,106.953125,107.6875,1336970
03/17/2006,107.6875,107.765625,107.46875,107.546875,689328
03/20/2006,107.53125,107.78125,107.46875,107.6875,531970
03/21/2006,107.65625,107.734375,107.140625,107.234375,1118265
03/22/2006,107.203125,107.421875,107.140625,107.265625,592332
03/23/2006,107.28125,107.40625,106.953125,107,810015
03/24/2006,106.984375,107.609375,106.96875,107.484375,922799
03/27/2006,107.484375,107.53125,107.21875,107.3125,411256
03/28/2006,107.28125,107.328125,106.609375,106.78125,909211
03/29/2006,106.71875,106.796875,106.5,106.609375,818235
03/30/2006,106.65625,106.75,106.125,106.3125,1094766
03/31/2006,106.265625,106.546875,106.171875,106.390625,826418
04/03/2006,106.390625,106.46875,106.015625,106.21875,915171
04/04/2006,106.28125,106.46875,106.203125,106.25,753460
04/05/2006,106.296875,106.53125,106.296875,106.515625,651271
04/06/2006,106.46875,106.484375,106.109375,106.234375,848309
04/07/2006,106.171875,106.40625,105.6875,105.828125,1223205
04/10/2006,105.6875,105.921875,105.640625,105.84375,550840
04/11/2006,105.890625,106.109375,105.890625,106.046875,522198
04/12/2006,106.0625,106.234375,105.671875,105.734375,875197
04/13/2006,105.703125,105.78125,105.3125,105.40625,891934
04/17/2006,105.421875,105.71875,105.359375,105.609375,476668
04/18/2006,105.578125,106.09375,105.578125,105.921875,907985
04/19/2006,105.890625,106.15625,105.46875,105.6875,1133780
04/20/2006,105.703125,105.75,105.515625,105.625,734898
04/21/2006,105.578125,105.875,105.5,105.703125,809320
04/24/2006,105.671875,106.0625,105.59375,105.875,724955
04/25/2006,105.90625,106,105.1875,105.359375,1170723
04/26/2006,105.359375,105.40625,105.03125,105.125,846003
04/27/2006,105.125,105.625,104.921875,105.40625,1120665
04/28/2006,105.46875,105.625,105.21875,105.578125,786807
05/01/2006,105.71875,105.71875,105.6875,105.71875,1021382
05/02/2006,105.0625,105.3125,104.921875,105.25,722943
05/03/2006,105.1875,105.28125,104.875,105.015625,786456
05/04/2006,105.03125,105.09375,104.8125,104.96875,702649
05/05/2006,104.921875,105.390625,104.890625,105.265625,955099
05/08/2006,105.265625,105.3125,105.09375,105.1875,381743
05/09/2006,105.203125,105.234375,105.015625,105.171875,477257
05/10/2006,105.15625,105.5,104.9375,105.125,878644
05/11/2006,105.125,105.21875,104.828125,104.984375,928307
05/12/2006,105,105.046875,104.609375,104.703125,900156
05/15/2006,104.609375,105.078125,104.578125,104.9375,797299
05/16/2006,104.9375,105.3125,104.875,105.265625,940418
05/17/2006,105.28125,105.3125,104.71875,105.015625,1263237
05/18/2006,105.0625,105.65625,104.953125,105.515625,1469786
05/19/2006,105.578125,105.8125,105.375,105.578125,1062026
05/22/2006,105.546898,106.015602,105.546898,105.703102,1021383
05/23/2006,105.703125,105.828125,105.421875,105.53125,995549
05/24/2006,105.8125,106.109375,105.640625,105.734375,1479332
05/25/2006,105.703125,105.796875,105.4375,105.46875,1019753
05/26/2006,105.5,105.6875,105.3125,105.609375,1021928
05/30/2006,105.5625,105.640625,105.34375,105.390625,1229749
05/31/2006,105.390625,105.5625,104.9375,105.078125,703791
06/01/2006,104.859375,105.0625,104.703125,104.984375,1002801
06/02/2006,105.03125,105.890625,105,105.84375,1304508
06/05/2006,105.828125,105.90625,105.59375,105.625,721229
06/06/2006,105.625,105.78125,105.4375,105.71875,849438
06/07/2006,105.703125,105.8125,105.4375,105.5625,771091
06/08/2006,105.59375,106.109375,105.59375,105.765625,1508292
06/09/2006,105.734375,105.9375,105.640625,105.8125,650295
06/12/2006,105.859375,105.875,105.671875,105.78125,460861
06/13/2006,105.828125,106.109375,105.78125,105.96875,978995
06/14/2006,105.953125,106.015625,105.234375,105.34375,1378131
06/15/2006,105.28125,105.34375,104.9375,105.03125,1006186
06/16/2006,105.015625,105.21875,104.8125,104.84375,578450
06/19/2006,104.828125,104.875,104.65625,104.71875,606020
06/20/2006,104.734375,104.890625,104.546875,104.625,749809
06/21/2006,104.671875,104.734375,104.578125,104.625,528978
06/22/2006,104.59375,104.671875,104.21875,104.328125,678897
06/23/2006,104.234375,104.484375,104.078125,104.125,732626
06/26/2006,104.109375,104.21875,104.046875,104.109375,445341
06/27/2006,104.109375,104.40625,104.09375,104.296875,814101
06/28/2006,104.3125,104.375,104.03125,104.078125,557210
06/29/2006,104.0625,104.5,104.046875,104.40625,702838
06/30/2006,104.484375,104.890625,104.25,104.859375,1039808
07/03/2006,104.84375,104.859375,104.625,104.78125,283618
07/05/2006,104.78125,104.875,104.15625,104.25,916622
07/06/2006,104.265625,104.546875,104.203125,104.5,733094
07/07/2006,104.5,104.96875,104.46875,104.859375,1020615
07/10/2006,104.859375,104.921875,104.6875,104.875,441742
07/11/2006,104.890625,105.21875,104.84375,105.078125,759622
07/12/2006,105.078125,105.09375,104.765625,105.078125,753483
07/13/2006,105.0625,105.3125,105,105.28125,847379
07/14/2006,105.3125,105.515625,105.21875,105.375,871638
07/17/2006,105.359375,105.453125,105.140625,105.3125,580442
07/18/2006,105.328125,105.34375,104.796875,104.859375,1070141
07/19/2006,104.84375,105.453125,104.515625,105.40625,1502780
07/20/2006,105.421875,105.6875,105.25,105.625,920965
07/21/2006,105.59375,105.8125,105.5,105.5625,726079
07/24/2006,105.59375,105.671875,105.390625,105.5625,516380
07/25/2006,105.546875,105.71875,105.359375,105.4375,768824
07/26/2006,105.4375,105.75,105.28125,105.640625,783856
07/27/2006,105.671875,105.828125,105.53125,105.640625,876143
07/28/2006,105.65625,106.0625,105.546875,106,840452
07/31/2006,105.984375,106.0625,105.84375,106.03125,495252
08/01/2006,106.0625,106.09375,105.796875,106.03125,913337
08/02/2006,106.0625,106.21875,105.90625,106.15625,1002166
08/03/2006,106.15625,106.265625,105.953125,106.171875,897951
08/04/2006,106.140625,106.71875,106.0625,106.546875,913777
08/07/2006,106.5625,106.59375,106.328125,106.375,407653
08/08/2006,106.390625,106.625,106.25,106.421875,651003
08/09/2006,106.4375,106.453125,106.1875,106.375,657411
08/10/2006,106.359375,106.515625,106.09375,106.359375,807390
08/11/2006,106.28125,106.375,106.015625,106.0625,641458
08/14/2006,106,106,105.78125,105.8125,507116
08/15/2006,105.8125,106.390625,105.75,106.28125,980287
08/16/2006,106.265625,106.78125,106.234375,106.703125,1059854
08/17/2006,106.75,106.953125,106.59375,106.65625,828717
08/18/2006,106.65625,106.890625,106.59375,106.859375,508678
08/21/2006,106.84375,106.984375,106.78125,106.9375,506745
08/22/2006,106.953125,107.078125,106.828125,106.96875,898580
08/23/2006,106.96875,106.984375,106.71875,106.90625,824841
08/24/2006,106.921875,107.046875,106.8125,106.9375,789049
08/25/2006,106.953125,107.09375,106.84375,107.03125,787030
08/28/2006,107.046875,107.078125,106.828125,106.9375,736299
08/29/2006,106.9375,107.03125,106.5,106.96875,1494142
08/30/2006,106.984375,107.234375,106.890625,107.125,1288509
08/31/2006,107.1875,107.453125,107.125,107.421875,504520
09/01/2006,107.390625,107.453125,107.078125,107.421875,977057
09/05/2006,107.34375,107.359375,107.046875,107.109375,658966
09/06/2006,107.078125,107.125,106.75,106.96875,1014721
09/07/2006,106.984375,107.140625,106.75,107.015625,1046258
09/08/2006,107.046875,107.296875,106.96875,107.1875,670518
09/11/2006,107.125,107.21875,106.84375,106.984375,730601
09/12/2006,106.953125,107.203125,106.796875,107.15625,995866
09/13/2006,107.15625,107.375,107.125,107.21875,788190
09/14/2006,107.25,107.5,106.96875,107.015625,1019374
09/15/2006,107,107.3125,106.90625,106.953125,1172008
09/18/2006,106.984375,107,106.546875,106.84375,1013282
09/19/2006,106.84375,107.4375,106.703125,107.390625,1297598
09/20/2006,107.40625,107.578125,107.3125,107.40625,878462
09/21/2006,107.40625,108.078125,107.3125,107.96875,1315242
09/22/2006,108.046875,108.390625,107.984375,108.328125,1032777
09/25/2006,108.375,108.75,108.296875,108.578125,1078336
09/26/2006,108.65625,108.703125,108.3125,108.390625,1142002
09/27/2006,108.375,108.703125,108.25,108.34375,1122437
09/28/2006,108.3125,108.390625,108.09375,108.15625,843811
09/29/2006,108.234375,108.390625,107.875,108.0625,1090483
10/02/2006,108.0625,108.375,107.90625,108.203125,775708
10/03/2006,108.265625,108.375,108.09375,108.203125,638585
10/04/2006,108.1875,108.671875,108.109375,108.578125,1079372
10/05/2006,108.59375,108.625,108.171875,108.25,1016869
10/06/2006,108.265625,108.640625,107.578125,107.609375,1359915
10/09/2006,107.609375,107.609375,107.609375,107.609375,0
10/10/2006,107.59375,107.609375,107.140625,107.25,1097971
10/11/2006,107.203125,107.4375,106.90625,106.984375,1156621
10/12/2006,107.015625,107.25,107,107.046875,859401
10/13/2006,107.078125,107.296875,106.796875,106.875,1078241
10/16/2006,106.890625,107.078125,106.84375,107.015625,491499
10/17/2006,107.078125,107.4375,106.984375,107.109375,1196667
10/18/2006,107.140625,107.234375,106.921875,107.15625,997629
10/19/2006,107.203125,107.234375,106.875,107.03125,913875
10/20/2006,107.015625,107.140625,106.9375,107.015625,410140
10/23/2006,106.96875,107,106.59375,106.765625,820935
10/24/2006,106.703125,106.796875,106.671875,106.75,470649
10/25/2006,106.765625,107.15625,106.65625,107.078125,869042
10/26/2006,107.140625,107.515625,107.078125,107.46875,1178173
10/27/2006,107.46875,107.8125,107.390625,107.75,1101007
10/30/2006,107.765625,107.890625,107.671875,107.75,670861
10/31/2006,107.78125,108.25,107.703125,108.21875,1177107
11/01/2006,108.21875,108.609375,108.09375,108.53125,1142277
11/02/2006,108.5,108.5,108.21875,108.3125,912289
11/03/2006,108.296875,108.5,107.390625,107.46875,1488439
11/06/2006,107.4375,107.578125,107.3125,107.515625,668966
11/07/2006,107.5625,108.078125,107.53125,107.859375,1051315
11/08/2006,107.859375,108.1875,107.8125,108.046875,791176
11/09/2006,108.015625,108.15625,107.890625,108.0625,1003085
11/10/2006,108.09375,108.375,108.046875,108.28125,657143
11/13/2006,108.265625,108.4375,107.9375,108.15625,776967
11/14/2006,108.09375,108.578125,107.9375,108.390625,1269881
11/15/2006,108.375,108.46875,107.953125,108.03125,1167714
11/16/2006,107.984375,108.453125,107.640625,107.75,1728767
11/17/2006,107.6875,108.328125,107.671875,108.171875,1327242
11/20/2006,108.1875,108.328125,108.09375,108.21875,586955
11/21/2006,108.21875,108.390625,108.09375,108.34375,820577
11/22/2006,108.359375,108.484375,108.265625,108.421875,588860
11/24/2006,108.40625,108.703125,108.359375,108.5,396698
11/27/2006,108.46875,108.640625,108.15625,108.59375,1347928
11/28/2006,108.609375,108.96875,108.5,108.8125,1969344
11/29/2006,108.8125,108.96875,108.671875,108.71875,1457515
11/30/2006,108.671875,109.140625,108.671875,109.109375,451555
12/01/2006,109.203125,109.65625,109.015625,109.484375,1432066
12/04/2006,109.4375,109.5,109.25,109.453125,617609
12/05/2006,109.484375,109.640625,109.203125,109.421875,1107998
12/06/2006,109.375,109.40625,109.0625,109.125,817208
12/07/2006,109.109375,109.296875,108.984375,109.125,896494
12/08/2006,109.109375,109.15625,108.5625,108.609375,1447232
12/11/2006,108.609375,108.90625,108.5625,108.828125,685740
12/12/2006,108.78125,109.140625,108.75,109.078125,838167
12/13/2006,109.078125,109.21875,108.390625,108.484375,1493858
12/14/2006,108.421875,108.59375,108.265625,108.34375,856261
12/15/2006,108.328125,109,108.21875,108.328125,1533041
12/18/2006,108.328125,108.484375,108.25,108.375,606146
12/19/2006,108.390625,108.59375,108.0625,108.328125,916971
12/20/2006,108.34375,108.46875,108.265625,108.328125,363099
12/21/2006,108.3125,108.71875,108.28125,108.671875,675354
12/22/2006,108.640625,108.6875,108.078125,108.15625,687944
12/26/2006,108.171875,108.375,108.109375,108.265625,173544
12/27/2006,108.265625,108.328125,107.796875,107.859375,378664
12/28/2006,107.859375,108.03125,107.390625,107.59375,510183
12/29/2006,107.59375,107.71875,107.359375,107.46875,251619
01/02/2007,107.484375,107.78125,107.46875,107.59375,369717
01/03/2007,107.609375,107.96875,107.53125,107.75,993627
01/04/2007,107.75,108.171875,107.703125,108.0625,992962
01/05/2007,108.140625,108.328125,107.46875,107.875,1279989
01/08/2007,107.875,107.921875,107.671875,107.8125,674919
01/09/2007,107.84375,107.90625,107.671875,107.8125,715041
01/10/2007,107.796875,107.890625,107.515625,107.6875,1207527
01/11/2007,107.65625,107.671875,107.1875,107.3125,1255354
01/12/2007,107.328125,107.375,107.03125,107.109375,838232
01/16/2007,107.078125,107.359375,107.078125,107.234375,743941
01/17/2007,107.265625,107.375,106.953125,106.984375,1074767
01/18/2007,107,107.234375,106.734375,107.1875,1398401
01/19/2007,107.21875,107.28125,106.9375,107.046875,889285
01/22/2007,107,107.21875,106.921875,107.140625,532273
01/23/2007,107.109375,107.203125,106.828125,106.890625,998149
01/24/2007,106.859375,107,106.78125,106.875,742838
01/25/2007,106.859375,106.9375,106.40625,106.5,1301267
01/26/2007,106.421875,106.59375,106.203125,106.4375,1211804
01/29/2007,106.4375,106.578125,106.28125,106.359375,687256
01/30/2007,106.3125,106.5,106.3125,106.453125,674462
01/31/2007,106.46875,106.875,106.28125,106.75,1592459
02/01/2007,106.8125,107.140625,106.609375,106.671875,1551150
02/02/2007,106.65625,106.96875,106.5625,106.71875,1386967
02/05/2007,106.71875,106.921875,106.703125,106.84375,417781
02/06/2007,106.84375,107.171875,106.71875,107.125,1089331
02/07/2007,107.125,107.34375,107.03125,107.296875,1221495
02/08/2007,107.28125,107.421875,107.15625,107.328125,990483
02/09/2007,107.3125,107.3125,106.890625,106.984375,1166037
02/12/2007,107,107.03125,106.78125,106.859375,704899
02/13/2007,106.84375,106.96875,106.71875,106.796875,885260
02/14/2007,106.796875,107.40625,106.78125,107.34375,1402137
02/15/2007,107.28125,107.65625,107.203125,107.515625,1352857
02/16/2007,107.5,107.8125,107.46875,107.59375,916279
02/20/2007,107.578125,107.703125,107.421875,107.671875,674888
02/21/2007,107.671875,107.78125,107.390625,107.59375,1296981
02/22/2007,107.578125,107.578125,107.234375,107.328125,1286447
02/23/2007,107.296875,107.796875,107.25,107.6875,1651873
02/26/2007,107.703125,108.03125,107.703125,107.984375,1472359
02/27/2007,108,109.234375,107.96875,108.78125,2587899
02/28/2007,108.828125,108.84375,108.390625,108.5625,785193
03/01/2007,108.484375,109.03125,108.40625,108.59375,1968079
03/02/2007,108.59375,109,108.484375,108.875,1464076
03/05/2007,109.015625,109.359375,108.765625,108.84375,1538535
03/06/2007,108.953125,108.96875,108.65625,108.75,1472822
03/07/2007,108.734375,109.0625,108.671875,108.953125,1161524
03/08/2007,109.015625,109.046875,108.703125,108.921875,906789
03/09/2007,108.90625,108.90625,108.21875,108.359375,1580671
03/12/2007,108.328125,108.734375,108.21875,108.609375,983102
03/13/2007,108.5625,109.140625,108.546875,109.078125,1562510
03/14/2007,109.140625,109.28125,108.8125,108.921875,1880227
03/15/2007,108.8125,108.90625,108.65625,108.828125,1138249
03/16/2007,108.796875,108.90625,108.515625,108.765625,1097129
03/19/2007,108.796875,108.859375,108.5,108.59375,627409
03/20/2007,108.59375,108.84375,108.53125,108.734375,842614
03/21/2007,108.703125,109.0625,108.3125,109,1165260
03/22/2007,108.859375,108.921875,108.453125,108.53125,1182351
03/23/2007,108.546875,108.734375,108.3125,108.375,805482
03/26/2007,108.359375,108.71875,108.203125,108.53125,981736
03/27/2007,108.4375,108.546875,108.328125,108.390625,946149
03/28/2007,108.453125,108.78125,108.265625,108.375,1582349
03/29/2007,108.375,108.40625,108.109375,108.25,1032076
03/30/2007,108.140625,108.71875,107.890625,108.125,1793832
04/02/2007,108.140625,108.265625,108.078125,108.15625,669631
04/03/2007,108.171875,108.1875,107.953125,108,760919
04/04/2007,107.96875,108.28125,107.9375,108.125,915556
04/05/2007,108.125,108.1875,107.90625,107.953125,555434
04/06/2007,107.921875,107.953125,107.34375,107.390625,565977
04/09/2007,107.375,107.5,107.359375,107.4375,370441
04/10/2007,107.421875,107.6875,107.421875,107.578125,649078
04/11/2007,107.578125,107.734375,107.421875,107.484375,870756
04/12/2007,107.484375,107.671875,107.4375,107.484375,789356
04/13/2007,107.46875,107.609375,107.25,107.3125,912627
04/16/2007,107.28125,107.5,107.171875,107.453125,911960
04/17/2007,107.453125,107.84375,107.3125,107.796875,1126870
04/18/2007,107.828125,108.09375,107.765625,108.03125,824909
04/19/2007,108.046875,108.25,107.890625,107.984375,1159136
04/20/2007,108,108.0625,107.828125,108,601958
04/23/2007,107.96875,108.21875,107.859375,108.125,758891
04/24/2007,108.15625,108.4375,108.140625,108.328125,1029201
04/25/2007,108.3125,108.40625,108.078125,108.171875,1038642
04/26/2007,108.140625,108.171875,107.796875,107.90625,1024478
04/27/2007,107.828125,108.125,107.78125,107.84375,1093871
04/30/2007,107.875,108.375,107.859375,108.328125,861376
05/01/2007,108.359375,108.46875,108.015625,108.21875,1092008
05/02/2007,108.21875,108.328125,108.078125,108.171875,834903
05/03/2007,108.1875,108.375,107.828125,107.953125,1206254
05/04/2007,107.953125,108.28125,107.5625,108.21875,1131452
05/07/2007,108.21875,108.3125,108.09375,108.234375,503160
05/08/2007,108.265625,108.421875,108.234375,108.265625,852200
05/09/2007,108.25,108.3125,107.9375,107.953125,802077
05/10/2007,107.96875,108.1875,107.875,108.140625,1140429
05/11/2007,108.171875,108.5,107.921875,107.96875,1423907
05/14/2007,107.9375,107.984375,107.78125,107.84375,795272
05/15/2007,107.796875,107.953125,107.578125,107.6875,1660822
05/16/2007,107.71875,107.875,107.625,107.6875,972096
05/17/2007,107.671875,107.75,107.34375,107.359375,1339947
05/18/2007,107.375,107.484375,106.96875,107.046875,1309834
05/21/2007,107.046875,107.171875,106.9375,107.140625,938791
05/22/2007,107.140625,107.171875,106.84375,106.875,1147190
05/23/2007,106.859375,106.9375,106.578125,106.703125,1633383
05/24/2007,106.765625,106.859375,106.40625,106.6875,2046309
05/25/2007,106.765625,106.859375,106.5625,106.65625,1156857
05/29/2007,106.625,106.703125,106.4375,106.5,1545482
05/30/2007,106.46875,106.765625,106.453125,106.5,1844556
05/31/2007,106.546875,106.671875,106.203125,106.390625,555059
06/01/2007,106.359375,106.484375,105.859375,105.921875,1957234
06/04/2007,105.921875,106.09375,105.875,106.0625,1139421
06/05/2007,106.03125,106.09375,105.625,105.75,1824078
06/06/2007,105.65625,105.90625,105.640625,105.859375,1499958
06/07/2007,105.875,105.921875,104.84375,105.078125,2794573
06/08/2007,104.859375,105.0625,104.125,104.953125,2428887
06/11/2007,104.9375,105,104.703125,104.859375,1068098
06/12/2007,104.71875,104.78125,103.8125,104.171875,2186788
06/13/2007,103.859375,104.421875,103.640625,104.375,2542245
06/14/2007,104.3125,104.578125,104.03125,104.265625,1655933
06/15/2007,104.25,104.75,104.09375,104.625,1472216
06/18/2007,104.640625,104.859375,104.453125,104.8125,960215
06/19/2007,104.84375,105.34375,104.734375,105.234375,1285855
06/20/2007,105.265625,105.421875,104.8125,104.953125,1449581
06/21/2007,104.9375,105.0625,104.5625,104.75,1436049
06/22/2007,104.625,105.046875,104.5,104.96875,1314150
06/25/2007,105.03125,105.453125,105.015625,105.40625,1364445
06/26/2007,105.390625,105.53125,105.171875,105.265625,1369953
06/27/2007,105.40625,105.796875,105.3125,105.484375,1499870
06/28/2007,105.40625,105.421875,105.140625,105.203125,1154830
06/29/2007,105.21875,105.796875,105.171875,105.703125,1156102
07/02/2007,105.6875,106.015625,105.640625,105.9375,865503
07/03/2007,105.96875,106.03125,105.5625,105.59375,733968
07/05/2007,105.46875,105.5,104.875,104.9375,1239218
07/06/2007,104.9375,105.0625,104.546875,104.609375,1356695
07/09/2007,104.65625,104.953125,104.59375,104.84375,727323
07/10/2007,104.921875,105.765625,104.859375,105.625,2029844
07/11/2007,105.71875,106.015625,105.296875,105.421875,2005184
07/12/2007,105.3125,105.640625,104.984375,105.125,1464691
07/13/2007,105.046875,105.375,104.9375,105.15625,1175570
07/16/2007,105.203125,105.640625,105.171875,105.609375,980251
07/17/2007,105.609375,105.640625,105.203125,105.34375,1453067
07/18/2007,105.578125,105.96875,105.390625,105.84375,1797645
07/19/2007,105.6875,105.8125,105.421875,105.734375,1032152
07/20/2007,105.796875,106.46875,105.6875,106.234375,1717224
07/23/2007,106.3125,106.421875,106.09375,106.171875,850221
07/24/2007,106.25,106.5625,106.09375,106.34375,1308078
07/25/2007,106.546875,106.6875,106.296875,106.59375,1621366
07/26/2007,106.546875,107.625,106.453125,107.53125,2804418
07/27/2007,107.515625,107.84375,107.21875,107.390625,2165398
07/30/2007,107.578125,107.6875,107.109375,107.21875,1418527
07/31/2007,107.203125,107.640625,106.8125,107.421875,1932371
08/01/2007,107.65625,107.96875,107.21875,107.453125,2037851
08/02/2007,107.34375,107.53125,107.125,107.46875,1364254
08/03/2007,107.34375,108.09375,107.28125,107.875,1687983
08/06/2007,108.03125,108.140625,107.515625,107.671875,1202817
08/07/2007,107.59375,107.9375,107.265625,107.5625,1289255
08/08/2007,107.40625,107.40625,106.640625,106.859375,1706675
08/09/2007,106.6875,107.71875,106.671875,107.375,1933226
08/10/2007,107.484375,107.953125,107.234375,107.484375,1484955
08/13/2007,107.265625,107.671875,107.09375,107.53125,1014272
08/14/2007,107.625,107.921875,107.21875,107.875,1446285
08/15/2007,107.921875,108.34375,107.765625,108.1875,1590029
08/16/2007,108.21875,109.265625,108.15625,108.859375,1989447
08/17/2007,108.53125,109,108.125,108.59375,1332491
08/20/2007,108.5,108.96875,108.359375,108.78125,939282
08/21/2007,108.84375,109.296875,108.734375,109.078125,1313203
08/22/2007,109.0625,109.078125,108.453125,108.84375,1183473
08/23/2007,108.578125,108.890625,108.1875,108.8125,1138927
08/24/2007,108.609375,108.921875,108.5625,108.65625,1107103
08/27/2007,108.625,109.078125,108.4375,108.84375,873899
08/28/2007,109.046875,109.703125,108.953125,109.5,1600039
08/29/2007,109.734375,109.828125,109.21875,109.390625,1468959
08/30/2007,109.28125,109.84375,109.25,109.828125,1483294
08/31/2007,109.71875,109.78125,109.203125,109.484375,362916
09/04/2007,109.125,109.390625,108.859375,109.046875,993349
09/05/2007,108.984375,109.78125,108.9375,109.71875,1227740
09/06/2007,109.765625,109.796875,109.390625,109.5,1026029
09/07/2007,109.421875,110.609375,109.390625,110.546875,1487720
09/10/2007,110.53125,110.96875,110.390625,110.78125,1147475
09/11/2007,110.75,110.765625,110.328125,110.421875,991784
09/12/2007,110.34375,110.6875,110.0625,110.15625,1113475
09/13/2007,110.125,110.3125,109.53125,109.65625,1193099
09/14/2007,109.8125,110.25,109.5625,109.828125,1312517
09/17/2007,109.84375,110,109.5625,109.765625,785579
09/18/2007,109.765625,110.09375,109.359375,109.859375,1156134
09/19/2007,109.875,109.90625,109.234375,109.59375,1351151
09/20/2007,109.5,109.546875,108.390625,108.640625,1553797
09/21/2007,108.40625,108.96875,108.40625,108.890625,1096251
09/24/2007,108.890625,108.984375,108.609375,108.9375,802769
09/25/2007,108.84375,109.40625,108.828125,109.046875,1035675
09/26/2007,108.984375,109.140625,108.703125,109.046875,960391
09/27/2007,109.046875,109.421875,108.796875,109.375,1016739
09/28/2007,109.421875,109.6875,109.125,109.28125,1097003
10/01/2007,109.21875,109.5625,109.140625,109.34375,947328
10/02/2007,109.421875,109.796875,109.171875,109.609375,1111381
10/03/2007,109.65625,109.84375,109.25,109.46875,1092977
10/04/2007,109.328125,109.703125,109.21875,109.625,730330
10/05/2007,109.671875,109.703125,108.65625,108.765625,1175612
10/08/2007,108.765625,108.765625,108.765625,108.765625,0
10/09/2007,108.78125,108.984375,108.546875,108.671875,767159
10/10/2007,108.609375,108.90625,108.453125,108.703125,928379
10/11/2007,108.703125,108.84375,108.296875,108.65625,1230159
10/12/2007,108.8125,108.84375,108.375,108.46875,1099403
10/15/2007,108.40625,108.65625,108.203125,108.625,841257
10/16/2007,108.53125,108.921875,108.453125,108.796875,1033125
10/17/2007,108.796875,109.6875,108.75,109.5625,1558534
10/18/2007,109.53125,109.953125,109.40625,109.890625,1108873
10/19/2007,109.875,110.765625,109.875,110.5625,1446244
10/22/2007,110.65625,110.890625,110.21875,110.53125,1364945
10/23/2007,110.421875,110.625,110.1875,110.515625,1082096
10/24/2007,110.53125,111.203125,110.5,111.03125,1638788
10/25/2007,110.890625,111.078125,110.640625,110.859375,1238676
10/26/2007,110.6875,110.90625,110.421875,110.640625,1086993
10/29/2007,110.59375,110.78125,110.34375,110.65625,560675
10/30/2007,110.640625,110.71875,110.46875,110.65625,702769
10/31/2007,110.671875,110.6875,109.953125,110.015625,1290714
11/01/2007,109.9375,111,109.734375,110.796875,1818770
11/02/2007,110.8125,111.4375,110.390625,111.34375,2101605
11/05/2007,111.15625,111.453125,110.90625,111.15625,1161938
11/06/2007,111.046875,111.203125,110.71875,110.875,1313926
11/07/2007,110.765625,111.296875,110.71875,111.171875,1634023
11/08/2007,111.328125,111.71875,111.125,111.625,1697599
11/09/2007,111.515625,112.03125,111.390625,111.984375,1081015
11/12/2007,111.984375,111.984375,111.984375,111.984375,0
11/13/2007,112.09375,112.15625,111.59375,111.71875,1127025
11/14/2007,111.625,111.734375,111.265625,111.59375,1236453
11/15/2007,111.71875,112.53125,111.5625,112.375,1508228
11/16/2007,112.515625,112.625,112.171875,112.453125,1306539
11/19/2007,112.21875,113.3125,112.1875,113.015625,1553054
11/20/2007,113.015625,113.328125,112.625,113.15625,1571850
11/21/2007,112.875,113.734375,112.859375,113.390625,1174270
11/23/2007,113.46875,113.625,113.1875,113.453125,354461
11/26/2007,113.375,114.96875,113.046875,114.59375,1765431
11/27/2007,114.671875,114.703125,113.453125,113.953125,2547889
11/28/2007,113.828125,114.015625,113.234375,113.421875,1782793
11/29/2007,113.359375,114.3125,113.140625,114,2000522
11/30/2007,114.109375,114.25,113.375,113.921875,618237
12/03/2007,113.34375,114.171875,113.25,113.890625,1236072
12/04/2007,114.078125,114.328125,113.6875,113.9375,1106811
12/05/2007,113.890625,114.125,113.4375,113.9375,1276885
12/06/2007,113.5,113.703125,113.171875,113.390625,1074153
12/07/2007,113.34375,113.46875,112.375,112.5625,1379683
12/10/2007,112.625,112.96875,112.15625,112.375,991786
12/11/2007,112.296875,113.90625,112.28125,113.609375,1127016
12/12/2007,113.703125,113.71875,111.96875,112.953125,1542253
12/13/2007,112.9375,113.171875,112.09375,112.390625,1215325
12/14/2007,112.09375,112.34375,111.734375,111.953125,896223
12/17/2007,111.859375,112.671875,111.828125,112.3125,568962
12/18/2007,112.625,113.03125,112.3125,112.828125,806767
12/19/2007,112.765625,113.6875,112.5,113.203125,967828
12/20/2007,113.515625,113.828125,113.171875,113.515625,665223
12/21/2007,113.3125,113.375,112.375,112.4375,548327
12/24/2007,112.453125,112.453125,112.015625,112.09375,121716
12/26/2007,112.203125,112.28125,111.5,111.59375,190867
12/27/2007,111.5625,112.34375,111.5625,112.21875,370546
12/28/2007,112.25,113.296875,112.21875,112.90625,395696
12/31/2007,113.015625,113.5625,112.96875,113.390625,189319
01/02/2008,113.4375,114.5,113.0625,114.390625,816994
01/03/2008,114.296875,114.578125,113.921875,114.34375,916555
01/04/2008,114.421875,115.234375,114.25,114.984375,1230992
01/07/2008,114.84375,115.25,114.671875,115.15625,1076770
01/08/2008,115.140625,115.703125,114.6875,115.15625,1222227
01/09/2008,115.625,115.734375,115.125,115.46875,1179016
01/10/2008,115.203125,115.453125,114.75,114.8125,1364268
01/11/2008,114.875,115.640625,114.796875,115.4375,1115885
01/14/2008,115.515625,115.765625,115.328125,115.5,760475
01/15/2008,115.484375,116.359375,115.484375,116.09375,1280544
01/16/2008,116.375,116.703125,115.78125,116.03125,1537787
01/17/2008,115.859375,116.828125,115.734375,116.546875,1499816
01/18/2008,116.71875,116.8125,116.234375,116.671875,937843
01/22/2008,117.25,118.515625,117.0625,117.828125,2063498
01/23/2008,118.1875,119.15625,116.734375,118.203125,2277289
01/24/2008,117.046875,117.75,116.015625,116.671875,1879355
01/25/2008,116.171875,117.234375,115.75,117.046875,1728900
01/28/2008,117.15625,117.5,116.75,117,946792
01/29/2008,116.9375,117.140625,116.21875,116.53125,1045980
01/30/2008,116.265625,116.8125,115.78125,116,1193690
01/31/2008,116.765625,117.328125,116.515625,116.71875,1461639
02/01/2008,116.984375,117.578125,116.515625,117.046875,1647300
02/04/2008,117.046875,117.046875,116.59375,116.8125,804856
02/05/2008,116.765625,117.78125,116.703125,117.4375,1313215
02/06/2008,117.5625,117.796875,117.15625,117.3125,1029594
02/07/2008,117.484375,117.8125,115.9375,116.53125,1563621
02/08/2008,116.234375,117.21875,116.234375,117.078125,1183400
02/11/2008,117.125,117.640625,116.875,117.328125,980403
02/12/2008,117.390625,117.453125,116.5,116.890625,1370498
02/13/2008,117.0625,117.265625,116.625,116.984375,1358736
02/14/2008,116.78125,116.96875,115.984375,116.234375,1633808
02/15/2008,116.296875,116.734375,116.078125,116.4375,1020002
02/19/2008,116.265625,116.421875,115.328125,115.625,1757938
02/20/2008,115.46875,115.90625,115.109375,115.296875,2021818
02/21/2008,115.46875,116.734375,115.234375,116.484375,1775630
02/22/2008,116.578125,116.96875,116.234375,116.5,1244124
02/25/2008,116.359375,116.40625,115.453125,115.625,1405807
02/26/2008,115.625,116.109375,115.3125,115.953125,1703387
02/27/2008,115.984375,116.8125,115.6875,116.0625,1916436
02/28/2008,115.984375,117.546875,115.984375,117.140625,2086539
02/29/2008,117.53125,118.828125,117.53125,118.6875,656537
03/03/2008,117.375,117.4375,116.78125,117.203125,1056622
03/04/2008,117.046875,117.5625,116.578125,117.03125,1295711
03/05/2008,116.6875,117.21875,116.171875,116.390625,1628101
03/06/2008,116.3125,117.125,116.3125,116.765625,1345314
03/07/2008,117.015625,117.90625,116.734375,117.484375,1428292
03/10/2008,117.609375,118.390625,117.46875,118.234375,1057189
03/11/2008,118.125,118.25,116.65625,116.890625,1511488
03/12/2008,116.875,118.296875,116.71875,117.90625,1178252
03/13/2008,118.03125,118.703125,117.5625,117.8125,1492362
03/14/2008,117.9375,119.375,117.734375,119.09375,1586871
03/17/2008,119.0625,120.03125,118.734375,119.828125,1093773
03/18/2008,119.703125,119.828125,118.703125,118.921875,1188601
03/19/2008,118.71875,119.828125,118.65625,119.625,1274707
03/20/2008,119.734375,119.96875,119.421875,119.828125,602753
03/24/2008,119.5625,119.5625,117.828125,118.21875,588347
03/25/2008,117.96875,118.6875,117.9375,118.53125,724395
03/26/2008,118.4375,118.953125,118.3125,118.65625,739208
03/27/2008,118.90625,118.96875,118.078125,118.359375,956368
03/28/2008,118.359375,118.9375,118.046875,118.703125,606324
03/31/2008,118.859375,119.34375,118.671875,118.953125,761339
04/01/2008,119.015625,119.09375,117.390625,117.71875,1210838
04/02/2008,117.546875,117.859375,117.125,117.421875,976186
04/03/2008,117.34375,117.984375,117.21875,117.421875,738992
04/04/2008,117.515625,118.53125,117.296875,118.3125,1080793
04/07/2008,118.375,118.375,117.015625,117.484375,718161
04/08/2008,117.5625,117.953125,117.359375,117.46875,653182
04/09/2008,117.359375,118.4375,117.1875,118.1875,889402
04/10/2008,118.140625,118.4375,117.328125,117.546875,908728
04/11/2008,117.4375,118.4375,117.328125,118.203125,782325
04/14/2008,118.28125,118.65625,117.78125,117.921875,745170
04/15/2008,117.90625,118.234375,117.171875,117.40625,948799
04/16/2008,117.1875,117.46875,116.453125,116.59375,1085169
04/17/2008,116.5625,116.796875,116.078125,116.359375,985254
04/18/2008,116.40625,116.5625,115.25,116.140625,929241
04/21/2008,116.21875,116.5,115.90625,116.390625,687259
04/22/2008,116.28125,116.546875,115.953125,116.25,842245
04/23/2008,116.28125,116.5,115.828125,116.078125,777223
04/24/2008,116.03125,116.234375,115.03125,115.3125,1115396
04/25/2008,115.296875,115.4375,114.625,115.0625,859990
04/28/2008,114.953125,115.46875,114.84375,115.34375,544093
04/29/2008,115.328125,115.796875,115.25,115.390625,642315
04/30/2008,115.40625,116.03125,114.9375,115.8125,859868
05/01/2008,115.9375,116.359375,115.515625,115.734375,790698
05/02/2008,115.5625,116.109375,114.640625,114.96875,1158164
05/05/2008,114.921875,115.4375,114.671875,115.078125,595022
05/06/2008,114.953125,115.46875,114.609375,114.84375,777833
05/07/2008,114.671875,115.296875,114.453125,115.109375,947165
05/08/2008,115.234375,116.03125,115.109375,115.796875,1096700
05/09/2008,115.875,116.40625,115.859375,116.0625,862224
05/12/2008,116.109375,116.34375,115.78125,116.03125,684455
05/13/2008,115.84375,116.203125,114.828125,114.921875,1189697
05/14/2008,114.859375,115.21875,114.3125,114.5625,1378270
05/15/2008,114.75,115.46875,114.390625,115.28125,1140539
05/16/2008,115.40625,115.796875,114.828125,115.21875,1284705
05/19/2008,115.21875,115.59375,114.96875,115.40625,849377
05/20/2008,115.390625,116,115.203125,115.96875,1199782
05/21/2008,115.96875,116.0625,115.4375,115.640625,1217396
05/22/2008,115.6875,115.8125,114.484375,114.734375,1389437
05/23/2008,114.71875,115.5625,114.484375,115.515625,1062776
05/27/2008,115.46875,115.546875,114.65625,114.8125,1359148
05/28/2008,114.8125,114.984375,113.921875,114.125,1732285
05/29/2008,114.09375,114.171875,113.125,113.703125,1917593
05/30/2008,113.703125,114.21875,113.671875,113.953125,432519
06/02/2008,112.28125,113.46875,112.234375,113.296875,1245253
06/03/2008,113.296875,114.28125,112.875,114.140625,1644941
06/04/2008,114.140625,114.46875,113.53125,113.921875,1508631
06/05/2008,113.71875,113.859375,112.984375,113.25,1098603
06/06/2008,113.15625,114.265625,112.5625,114,1253052
06/09/2008,114.21875,114.453125,112.9375,113.28125,1156379
06/10/2008,113.078125,113.25,112.15625,112.296875,986309
06/11/2008,112.234375,113.109375,112,112.5625,1062737
06/12/2008,112.546875,112.6875,111.25,111.484375,1110600
06/13/2008,111.40625,111.9375,111.015625,111.15625,1006408
06/16/2008,111.296875,111.6875,111.15625,111.359375,645503
06/17/2008,111.171875,112,111.171875,111.75,944877
06/18/2008,111.859375,112.59375,111.640625,112.40625,945888
06/19/2008,112.5625,112.765625,111.71875,111.859375,989674
06/20/2008,111.953125,112.65625,111.875,112.484375,857210
06/23/2008,112.21875,112.625,112.125,112.25,654965
06/24/2008,112.25,113.125,112.109375,112.9375,862756
06/25/2008,113.046875,113.09375,112.078125,112.78125,923322
06/26/2008,112.9375,113.8125,112.65625,113.65625,1056912
06/27/2008,113.640625,114.203125,113.515625,113.828125,963868
06/30/2008,113.90625,114.171875,113.578125,113.921875,901542
07/01/2008,113.890625,114.59375,113.703125,113.875,1232191
07/02/2008,113.890625,114.265625,113.53125,114.21875,958065
07/03/2008,114.25,114.5625,113.875,114.359375,921215
07/04/2008,114.296875,114.953125,114.25,114.359375,23708
07/07/2008,114.59375,115.453125,114.171875,114.84375,991569
07/08/2008,114.96875,115.375,114.765625,115.234375,974771
07/09/2008,115.125,115.765625,114.84375,115.5,930863
07/10/2008,115.671875,115.875,115.3125,115.671875,1076881
07/11/2008,115.65625,115.78125,114.203125,114.421875,1389877
07/14/2008,114.15625,115.390625,113.78125,114.96875,1229133
07/15/2008,115.109375,116.0625,114.953125,115.421875,1203722
07/16/2008,115.59375,115.765625,114.640625,114.875,1168307
07/17/2008,114.828125,115,113.734375,113.890625,1171065
07/18/2008,114.234375,114.453125,113.4375,113.609375,1086041
07/21/2008,113.59375,114.0625,113.328125,113.765625,718554
07/22/2008,113.921875,114.28125,113.25,113.46875,882641
07/23/2008,113.390625,113.421875,112.84375,113.015625,965203
07/24/2008,113.234375,114.296875,113.125,114.15625,995122
07/25/2008,114.21875,114.5,113.375,113.4375,1105564
07/28/2008,113.421875,114.46875,113.390625,114.265625,797229
07/29/2008,114.453125,114.46875,113.6875,114.109375,851320
07/30/2008,114.15625,114.40625,113.5,114.109375,1059677
07/31/2008,114.125,115.140625,113.96875,114.828125,1146131
08/01/2008,115.03125,115.296875,114.578125,115.03125,1029427
08/04/2008,115.09375,115.3125,114.78125,114.84375,674956
08/05/2008,114.90625,115.015625,114.515625,114.703125,681195
08/06/2008,114.546875,114.90625,114.0625,114.484375,960931
08/07/2008,114.4375,115.75,114.4375,115.59375,1128914
08/08/2008,115.640625,115.78125,115.265625,115.3125,826763
08/11/2008,115.453125,115.625,114.53125,114.875,655134
08/12/2008,114.84375,115.828125,114.828125,115.71875,805504
08/13/2008,115.796875,116.015625,115.25,115.40625,806090
08/14/2008,115.453125,115.953125,115.1875,115.8125,785906
08/15/2008,115.8125,116.453125,115.65625,116.09375,597848
08/18/2008,116.203125,116.484375,116.015625,116.390625,478491
08/19/2008,116.375,116.671875,116.140625,116.265625,777804
08/20/2008,116.328125,116.84375,116.09375,116.65625,778772
08/21/2008,116.59375,116.859375,116.125,116.3125,890819
08/22/2008,116.359375,116.46875,115.765625,116.015625,852555
08/25/2008,116.03125,117.046875,115.953125,116.8125,910191
08/26/2008,116.875,117.015625,116.515625,116.78125,975012
08/27/2008,116.8125,117.109375,116.296875,116.984375,1447992
08/28/2008,117.03125,117.046875,116.515625,116.828125,1204173
08/29/2008,116.9375,117.203125,116.25,116.6875,342186
09/02/2008,115.5,116.3125,114.984375,116.21875,1171654
09/03/2008,116.203125,116.65625,116.046875,116.609375,857236
09/04/2008,116.484375,117.09375,116.28125,116.9375,846616
09/05/2008,117.140625,117.75,116.15625,116.625,1234836
09/08/2008,115.78125,116.5625,114.75,116.421875,1388722
09/09/2008,116.359375,117.109375,115.84375,116.921875,1149126
09/10/2008,117.078125,117.171875,116.15625,116.515625,1282755
09/11/2008,116.515625,117.328125,116.40625,116.6875,1260986
09/12/2008,116.46875,116.875,115.78125,115.984375,1303595
09/15/2008,117.3125,118.71875,116.875,118.03125,1210205
09/16/2008,118.609375,119.359375,117.203125,117.703125,1543836
09/17/2008,118.046875,119.0625,117.078125,118.5625,1190016
09/18/2008,118.484375,118.984375,117.515625,118.484375,1139831
09/19/2008,117.6875,117.703125,115.109375,115.640625,1205308
09/22/2008,115.28125,115.640625,114.515625,115.140625,828022
09/23/2008,115.109375,115.484375,114.578125,114.859375,909342
09/24/2008,114.859375,115.65625,114.578125,115.234375,738129
09/25/2008,114.984375,115.15625,114.015625,114.34375,870787
09/26/2008,114.4375,115.078125,114.3125,114.8125,607197
09/29/2008,114.5,118,114.28125,116.578125,957117
09/30/2008,116.609375,116.796875,114.4375,114.625,804460
10/01/2008,114.734375,115.984375,114.578125,115.09375,787990
10/02/2008,115.1875,115.75,114.84375,115.5,726071
10/03/2008,115.625,116.4375,114.734375,116,915336
10/06/2008,116.4375,118.046875,116.375,117.96875,824584
10/07/2008,117.515625,117.578125,116.546875,117.140625,863292
10/08/2008,117.140625,118.0625,114.25,114.9375,1375860
10/09/2008,115.359375,115.40625,113.5,113.53125,792911
10/10/2008,114.25,114.9375,112.640625,113.546875,654871
10/13/2008,113.140625,113.140625,112.1875,112.25,104270
10/14/2008,112.203125,112.84375,111.5625,112.140625,583558
10/15/2008,111.765625,112.484375,111.5,111.96875,594258
10/16/2008,112.40625,112.78125,111.390625,112.296875,702897
10/17/2008,112.109375,112.890625,111.46875,111.921875,571559
10/20/2008,112.078125,113.3125,111.59375,113.015625,472568
10/21/2008,113.1875,114.546875,113.03125,114.5,588416
10/22/2008,114.25,115.34375,114.1875,115.25,575139
10/23/2008,115.1875,115.96875,114.6875,115.84375,667760
10/24/2008,114.9375,116.5,114.875,115.125,585635
10/27/2008,115.34375,115.953125,114.734375,115.125,453146
10/28/2008,115.25,115.453125,114.09375,114.359375,606093
10/29/2008,114.3125,115.171875,113.859375,114.0625,556249
10/30/2008,114.265625,114.3125,113.328125,113.578125,491083
10/31/2008,113.375,114.6875,113.03125,113.078125,603764
11/03/2008,113.109375,113.90625,112.859375,113.796875,312757
11/04/2008,113.78125,115.4375,113.375,115.125,451231
11/05/2008,115.234375,115.75,114.71875,115.453125,534388
11/06/2008,115.375,115.96875,114.734375,115.453125,485787
11/07/2008,115.578125,115.953125,114.8125,115.0625,502575
11/10/2008,114.78125,115.734375,114.390625,115.53125,330046
11/11/2008,115.53125,116.15625,115.46875,116,98536
11/12/2008,115.734375,116.890625,115.59375,116.65625,495511
11/13/2008,116.796875,117.3125,115.921875,116.40625,644247
11/14/2008,116.125,117.5,116.109375,116.921875,491582
11/17/2008,117.390625,117.6875,116.953125,117.453125,391834
11/18/2008,117.609375,118.640625,117.5625,118.46875,569275
11/19/2008,118.40625,119.609375,118.375,119.25,728414
11/20/2008,119.546875,121.796875,119.3125,120.71875,985951
11/21/2008,121.390625,121.484375,119.90625,120.484375,676678
11/24/2008,120.046875,120.375,119.234375,119.390625,605288
11/25/2008,119.46875,121.75,119.421875,121.171875,921709
11/26/2008,121.125,122.75,120.953125,122.359375,588171
11/28/2008,122.3125,123.171875,121.875,122.890625,124842
12/01/2008,120.890625,123.296875,120.796875,122.53125,627378
12/02/2008,122.484375,123.125,122.015625,122.78125,520599
12/03/2008,122.921875,123.75,122.28125,123.46875,512025
12/04/2008,123.5625,124.578125,123.28125,124.359375,486437
12/05/2008,124.328125,124.640625,122.625,123.046875,571725
12/08/2008,122.84375,123.28125,121.890625,122.765625,359403
12/09/2008,122.84375,123.703125,122.296875,123.34375,364428
12/10/2008,123.46875,123.484375,122.078125,122.796875,435695
12/11/2008,122.6875,124.3125,122.5,123.96875,537840
12/12/2008,124.265625,125.421875,122.78125,124.34375,555781
12/15/2008,124.296875,125.234375,124.03125,124.71875,277295
12/16/2008,124.859375,127.15625,124.671875,126.625,371263
12/17/2008,126.96875,128.40625,126.703125,127.546875,427740
12/18/2008,127.640625,128.703125,127.3125,128,321307
12/19/2008,127.96875,128.234375,126.796875,126.984375,253925
12/22/2008,126.859375,127.453125,126.640625,126.921875,154697
12/23/2008,126.796875,127.265625,126.5625,127.140625,137651
12/24/2008,126.875,127.34375,125.6875,126.71875,33032
12/26/2008,126.640625,127.375,126.640625,127.328125,32837
12/29/2008,127.234375,128.3125,127.125,127.75,96299
12/30/2008,127.609375,127.984375,126.890625,127.296875,118899
12/31/2008,127.671875,127.734375,125.515625,125.75,115346
01/02/2009,126.328125,126.765625,124.25,124.296875,206154
01/05/2009,124.5,124.78125,123.625,124.171875,400874
01/06/2009,124.359375,124.90625,123.28125,124.359375,444146
01/07/2009,124.78125,124.875,124.015625,124.484375,372027
01/08/2009,124.328125,125.6875,124.265625,125.3125,509890
01/09/2009,125.203125,126.34375,124.875,125.546875,482592
01/12/2009,125.625,126.359375,125.109375,126.328125,316431
01/13/2009,126.234375,126.359375,125.75,126.21875,366535
01/14/2009,126.28125,127.484375,125.8125,126.96875,508269
01/15/2009,127.125,127.515625,126.71875,127.015625,454528
01/16/2009,126.859375,126.875,125.40625,126.53125,513810
01/20/2009,125.828125,126.421875,124.5,126.265625,692677
01/21/2009,125.96875,125.96875,124.578125,124.75,496284
01/22/2009,124.671875,125.0625,123.703125,124.140625,684783
01/23/2009,124.25,124.765625,123.328125,123.90625,598290
01/26/2009,123.890625,124.109375,123.171875,123.65625,490652
01/27/2009,123.59375,124.75,123.34375,124.71875,461231
01/28/2009,124.484375,124.9375,123.578125,123.84375,575605
01/29/2009,123.796875,124.046875,122.34375,122.828125,587778
01/30/2009,122.53125,123.578125,122.453125,122.671875,556565
02/02/2009,122.65625,123.921875,122.609375,123.71875,389943
02/03/2009,123.8125,123.828125,122.109375,122.546875,493337
02/04/2009,122.1875,122.546875,121.53125,122.109375,627179
02/05/2009,121.96875,122.75,121.875,122.375,490157
02/06/2009,122.28125,122.578125,121.578125,121.828125,515504
02/09/2009,121.8125,122.03125,121.296875,121.5625,364737
02/10/2009,121.703125,123.421875,121.59375,123.09375,740724
02/11/2009,123.25,123.9375,123.078125,123.671875,574587
02/12/2009,123.6875,124.328125,123.53125,124.15625,654431
02/13/2009,123.640625,123.84375,122.53125,122.703125,514292
02/17/2009,123.015625,124.671875,122.625,124.4375,688889
02/18/2009,124.546875,124.78125,123.25,123.671875,806978
02/19/2009,123.359375,123.640625,122.25,122.53125,798006
02/20/2009,122.609375,124.15625,122.5625,123.3125,823669
02/23/2009,123.09375,123.40625,122.359375,123.171875,710141
02/24/2009,123.234375,123.796875,122.71875,122.859375,778143
02/25/2009,122.796875,123.0625,121.546875,121.625,1000549
02/26/2009,121.8125,122.046875,121.078125,121.71875,991138
02/27/2009,121.671875,122.515625,121.40625,121.703125,286061
03/02/2009,120.25,121.734375,120.234375,121.359375,655046
03/03/2009,121.625,121.71875,120.875,121.015625,665923
03/04/2009,121.390625,121.40625,120.03125,120.265625,694831
03/05/2009,120.5625,122.15625,120.25,121.859375,791340
03/06/2009,121.953125,122.46875,121.4375,121.890625,830264
03/09/2009,121.578125,121.9375,121.046875,121.640625,578376
03/10/2009,121.796875,121.8125,120.65625,120.828125,585296
03/11/2009,120.640625,121.640625,120.390625,121.421875,755301
03/12/2009,121.46875,122.40625,121.328125,121.828125,777363
03/13/2009,121.953125,122.390625,121.109375,121.984375,698533
03/16/2009,122.109375,122.265625,121.25,121.53125,572546
03/17/2009,121.46875,121.859375,120.828125,120.9375,656028
03/18/2009,120.84375,126.125,120.75,125.328125,1030466
03/19/2009,124.890625,125.5,124.4375,124.53125,891011
03/20/2009,124.484375,124.96875,124.375,124.578125,520145
03/23/2009,124.5,124.84375,124.09375,124.28125,418132
03/24/2009,124.203125,124.34375,123.453125,124.1875,717232
03/25/2009,123.828125,124.015625,122.8125,123.171875,722581
03/26/2009,123.046875,123.78125,122.75,123.65625,667485
03/27/2009,123.5625,123.9375,123.125,123.328125,433433
03/30/2009,123.46875,124.171875,123.328125,123.765625,510346
03/31/2009,123.71875,124.21875,123.5,124.078125,437242
04/01/2009,124.21875,124.421875,123.90625,124.28125,485860
04/02/2009,124.21875,124.5625,123.15625,123.375,605812
04/03/2009,123.328125,123.40625,121.953125,121.96875,753270
04/06/2009,122.140625,122.4375,121.8125,121.84375,474417
04/07/2009,121.96875,122.421875,121.921875,122.1875,415202
04/08/2009,122.1875,122.828125,122.109375,122.75,516614
04/09/2009,122.65625,122.75,121.921875,122.328125,505952
04/13/2009,122.1875,123.28125,122.1875,123.109375,333548
04/14/2009,123.046875,123.71875,122.875,123.59375,481761
04/15/2009,123.578125,123.859375,123.265625,123.796875,523504
04/16/2009,123.75,123.78125,123.03125,123.21875,504920
04/17/2009,123.171875,123.3125,122.0625,122.28125,584160
04/20/2009,122.21875,123.203125,122.15625,123.03125,501166
04/21/2009,123.046875,123.46875,122.3125,122.40625,689667
04/22/2009,122.390625,122.625,121.84375,121.921875,640309
04/23/2009,122.03125,122.1875,121.53125,122.078125,671530
04/24/2009,122.078125,122.171875,121.40625,121.546875,485530
04/27/2009,121.703125,122.34375,121.65625,122.296875,609303
04/28/2009,122.28125,122.703125,121.53125,121.671875,686531
04/29/2009,121.59375,121.953125,120.5,121.125,770215
04/30/2009,121.03125,121.25,120.546875,120.9375,641782
05/01/2009,121,121.109375,120.453125,120.75,382000
05/04/2009,120.796875,121.046875,120.53125,120.90625,371714
05/05/2009,120.84375,121.109375,120.5625,120.953125,472845
05/06/2009,120.890625,121.4375,120.59375,121.109375,613013
05/07/2009,120.953125,121.0625,119.875,120.25,858139
05/08/2009,120.03125,120.65625,119.703125,120.359375,679021
05/11/2009,120.421875,121.375,120.40625,121.265625,499495
05/12/2009,121.25,121.5,120.859375,121.296875,574302
05/13/2009,121.234375,121.90625,120.953125,121.734375,649050
05/14/2009,121.625,122.0625,121.484375,121.671875,528079
05/15/2009,121.796875,121.921875,121.1875,121.515625,531520
05/18/2009,121.453125,121.75,120.578125,120.828125,556584
05/19/2009,120.671875,120.765625,120.328125,120.65625,645954
05/20/2009,120.59375,121.203125,120.375,120.953125,716545
05/21/2009,120.9375,121.34375,119.65625,119.921875,1080205
05/22/2009,119.78125,120.109375,119.078125,119.171875,673648
05/26/2009,119.15625,119.578125,118.296875,118.734375,990408
05/27/2009,118.3125,118.6875,117.140625,117.515625,1502078
05/28/2009,117.328125,118.03125,116.9375,117.515625,1469628
05/29/2009,117.734375,118.75,117.625,118.625,319268
06/01/2009,116.78125,116.875,115.25,115.421875,885901
06/02/2009,115.65625,115.984375,115.203125,115.59375,930836
06/03/2009,115.6875,116.375,115.484375,116.171875,880703
06/04/2009,116.203125,116.21875,114.765625,115.015625,733062
06/05/2009,114.9375,115.078125,113.3125,113.40625,1129235
06/08/2009,113.484375,113.8125,112.984375,113.25,614682
06/09/2009,113.25,113.875,113.25,113.6875,581536
06/10/2009,113.671875,113.703125,112.859375,113.375,791808
06/11/2009,113.296875,114.34375,112.796875,114.03125,872250
06/12/2009,114.0625,114.625,114,114.34375,574693
06/15/2009,114.34375,114.90625,114.125,114.8125,517590
06/16/2009,114.75,115.296875,114.296875,115.078125,708024
06/17/2009,115.234375,115.78125,114.796875,115.34375,844828
06/18/2009,115.171875,115.265625,113.859375,114.015625,922654
06/19/2009,114.03125,114.53125,113.59375,114.375,612918
06/22/2009,114.4375,115.25,114.25,115.140625,538689
06/23/2009,115.21875,115.59375,114.84375,115.484375,701532
06/24/2009,115.515625,116.09375,114.984375,115.1875,831128
06/25/2009,115.171875,116.34375,114.828125,116.203125,905455
06/26/2009,116.234375,116.515625,115.828125,116.40625,644965
06/29/2009,116.296875,116.71875,116.109375,116.453125,521032
06/30/2009,116.484375,116.609375,115.765625,116.265625,880715
07/01/2009,116.265625,116.375,115.671875,116.265625,701172
07/02/2009,116.328125,117.0625,116.15625,116.84375,687226
07/03/2009,116.90625,116.96875,116.703125,116.84375,687226
07/06/2009,116.875,117.0625,116.625,116.84375,531278
07/07/2009,116.765625,117.390625,116.546875,117.28125,691052
07/08/2009,117.328125,118.71875,117.28125,118.625,960140
07/09/2009,118.453125,118.46875,117.703125,117.859375,802745
07/10/2009,117.90625,119,117.890625,118.703125,637711
07/13/2009,118.75,119,118.203125,118.328125,505548
07/14/2009,118.265625,118.46875,117.53125,117.78125,904992
07/15/2009,117.578125,117.75,116.453125,116.703125,1017449
07/16/2009,116.640625,117.421875,116.640625,117.015625,799503
07/17/2009,116.875,117.265625,116.265625,116.390625,715295
07/20/2009,116.328125,117.125,115.828125,117,591013
07/21/2009,116.84375,118.03125,116.453125,117.78125,968889
07/22/2009,117.703125,117.921875,117.140625,117.234375,713122
07/23/2009,117.296875,117.484375,115.96875,116.03125,959039
07/24/2009,116.28125,116.5,116.015625,116.375,544993
07/27/2009,116.421875,116.46875,115.609375,116.046875,569051
07/28/2009,115.9375,116.71875,115.78125,116.078125,730450
07/29/2009,116.078125,116.5,115.484375,116,762678
07/30/2009,115.96875,116.453125,115.53125,116.1875,771377
07/31/2009,116.375,117.453125,116.046875,117.28125,842917
08/03/2009,117.34375,117.34375,115.84375,116.1875,812746
08/04/2009,116.265625,116.59375,115.65625,116.046875,766545
08/05/2009,115.921875,116.46875,115.40625,115.515625,1003578
08/06/2009,115.578125,116,115.328125,115.75,789475
08/07/2009,115.703125,115.859375,114.65625,114.9375,856785
08/10/2009,114.90625,115.703125,114.6875,115.640625,504867
08/11/2009,115.515625,116.25,115.359375,116.09375,786046
08/12/2009,116.171875,116.546875,115.421875,116.171875,786625
08/13/2009,116.0625,117.15625,115.640625,117.015625,993595
08/14/2009,116.890625,117.8125,116.78125,117.265625,765358
08/17/2009,117.234375,117.984375,117.203125,117.75,589467
08/18/2009,117.84375,117.875,117.453125,117.515625,601578
08/19/2009,117.609375,118.453125,117.53125,117.96875,944592
08/20/2009,118.046875,118.21875,117.59375,118.109375,643131
08/21/2009,118.125,118.578125,117.03125,117.15625,920138
08/24/2009,117.046875,117.703125,116.828125,117.5625,821155
08/25/2009,117.65625,117.96875,117.328125,117.875,860756
08/26/2009,117.96875,118.15625,117.75,118,1041353
08/27/2009,118,118.3125,117.484375,117.859375,1305522
08/28/2009,117.921875,118.1875,117.4375,118.03125,839546
08/31/2009,118.1875,118.640625,117.984375,118.546875,159723
09/01/2009,117.1875,117.765625,116.78125,117.53125,878850
09/02/2009,117.59375,118.140625,117.421875,118.046875,693699
09/03/2009,118,118.03125,117.5625,117.75,589017
09/04/2009,117.640625,117.71875,116.9375,117.03125,721471
09/08/2009,117.046875,117.375,116.84375,117.015625,626068
09/09/2009,116.90625,117.140625,116.5625,116.9375,696492
09/10/2009,117.015625,118,116.796875,117.90625,817971
09/11/2009,117.84375,118.515625,117.703125,117.984375,818816
09/14/2009,117.90625,118.140625,117.375,117.546875,570052
09/15/2009,117.421875,117.59375,116.90625,117.1875,795196
09/16/2009,117.203125,117.734375,116.65625,116.890625,1048780
09/17/2009,116.890625,117.515625,116.625,117.40625,833857
09/18/2009,117.40625,117.609375,116.71875,116.84375,653200
09/21/2009,116.875,117.40625,116.75,116.8125,666462
09/22/2009,116.859375,117.203125,116.59375,117.03125,667814
09/23/2009,117.09375,117.515625,116.640625,117.4375,853440
09/24/2009,117.390625,117.9375,117.265625,117.703125,848695
09/25/2009,117.734375,118.140625,117.53125,117.984375,749418
09/28/2009,118.046875,118.3125,117.859375,118.1875,466912
09/29/2009,118.28125,118.359375,117.796875,118.296875,773701
09/30/2009,118.328125,118.515625,118.0625,118.328125,939177
10/01/2009,118.328125,119.421875,118.21875,119.265625,1156105
10/02/2009,119.359375,119.90625,119.09375,119.21875,1259625
10/05/2009,119.21875,119.546875,119.125,119.1875,656854
10/06/2009,119.296875,119.296875,118.90625,119.125,761970
10/07/2009,119.015625,119.765625,119,119.71875,807060
10/08/2009,119.609375,119.75,119.09375,119.15625,912034
10/09/2009,119.171875,119.265625,118.09375,118.28125,1063525
10/12/2009,118.21875,118.78125,118.140625,118.546875,138543
10/13/2009,118.59375,119.03125,118.484375,118.90625,698467
10/14/2009,118.65625,118.734375,118,118.15625,1002530
10/15/2009,118.203125,118.328125,117.703125,117.765625,1019743
10/16/2009,117.78125,118.234375,117.640625,118.125,712649
10/19/2009,118.0625,118.359375,117.828125,118.234375,585808
10/20/2009,118.21875,118.84375,118.078125,118.640625,755302
10/21/2009,118.609375,118.734375,117.890625,118.015625,929560
10/22/2009,118.203125,118.28125,117.703125,117.96875,847646
10/23/2009,117.9375,117.9375,117.375,117.59375,837447
10/26/2009,117.421875,117.5625,116.875,117.078125,963553
10/27/2009,117.03125,117.984375,116.984375,117.921875,960100
10/28/2009,117.921875,118.453125,117.78125,118.25,998092
10/29/2009,118.234375,118.40625,117.453125,117.71875,1096483
10/30/2009,117.734375,118.703125,117.65625,118.609375,1067367
11/02/2009,118.765625,118.8125,118.28125,118.484375,744279
11/03/2009,118.484375,118.890625,117.984375,118.15625,930628
11/04/2009,118.1875,118.265625,117.546875,117.828125,958980
11/05/2009,117.890625,118.21875,117.765625,118.078125,762209
11/06/2009,118.0625,118.6875,117.984375,118.421875,1204699
11/09/2009,118.4375,118.703125,118.21875,118.53125,551117
11/10/2009,118.515625,118.90625,118.40625,118.578125,776738
11/11/2009,118.625,119.125,118.46875,119.03125,237899
11/12/2009,118.859375,119.078125,118.25,118.921875,969804
11/13/2009,118.890625,119.0625,118.75,118.953125,629928
11/16/2009,118.984375,119.71875,118.921875,119.6875,849933
11/17/2009,119.609375,119.859375,119.3125,119.75,773704
11/18/2009,119.765625,119.8125,119.375,119.4375,775864
11/19/2009,119.453125,119.90625,119.375,119.65625,798621
11/20/2009,119.734375,119.984375,119.453125,119.5625,812742
11/23/2009,119.515625,119.6875,119.125,119.625,859730
11/24/2009,119.671875,120.25,119.609375,120.09375,1090177
11/25/2009,120.171875,120.609375,119.90625,120.46875,1404749
11/27/2009,120.515625,121.671875,120.515625,121.078125,705831
11/30/2009,120.984375,121.21875,120.84375,121.171875,215023
12/01/2009,119.96875,119.984375,119.453125,119.546875,730550
12/02/2009,119.5,119.625,119.109375,119.109375,788070
12/03/2009,119.15625,119.1875,118.453125,118.734375,947876
12/04/2009,118.734375,118.921875,117.5625,117.84375,1131250
12/07/2009,117.8125,118.375,117.640625,118.203125,664487
12/08/2009,118.25,119,118.171875,118.78125,834707
12/09/2009,118.78125,118.953125,118.453125,118.640625,793164
12/10/2009,118.515625,118.671875,117.765625,118.171875,843627
12/11/2009,118.078125,118.15625,117.421875,117.671875,885674
12/14/2009,117.59375,117.90625,117.46875,117.5625,502059
12/15/2009,117.515625,117.671875,117,117.140625,747542
12/16/2009,117.296875,117.625,117.078125,117.25,676387
12/17/2009,117.234375,118.15625,117.203125,118.046875,734075
12/18/2009,118.125,118.25,117.5625,117.59375,526565
12/21/2009,117.640625,117.734375,116.53125,116.640625,560228
12/22/2009,116.671875,116.71875,116.109375,116.234375,582318
12/23/2009,116.1875,116.53125,115.890625,116.125,341446
12/24/2009,116.078125,116.25,115.65625,115.71875,117262
12/28/2009,115.75,115.78125,115.328125,115.515625,251644
12/29/2009,115.46875,115.765625,115.296875,115.65625,360260
12/30/2009,115.640625,115.859375,115.5625,115.84375,362111
12/31/2009,115.765625,115.765625,114.890625,115.453125,315230
01/04/2010,115.1875,115.734375,114.96875,115.53125,611675
01/05/2010,115.65625,116.265625,115.59375,116.203125,750738
01/06/2010,116.125,116.171875,115.640625,115.96875,854860
01/07/2010,115.859375,116.046875,115.5625,115.84375,689962
01/08/2010,115.796875,116.3125,115.59375,116.03125,998453
01/11/2010,115.828125,116.1875,115.75,116.03125,574469
01/12/2010,116.046875,116.84375,116.03125,116.75,957871
01/13/2010,116.78125,116.84375,116.25,116.390625,937304
01/14/2010,116.3125,116.9375,116.265625,116.75,880765
01/15/2010,116.703125,117.4375,116.671875,117.28125,912235
01/19/2010,117.3125,117.53125,116.9375,117.078125,848586
01/20/2010,117.125,117.609375,117.109375,117.40625,821765
01/21/2010,117.40625,117.9375,117.171875,117.8125,1190895
01/22/2010,117.90625,118.046875,117.71875,117.90625,960239
01/25/2010,117.765625,117.875,117.546875,117.734375,583391
01/26/2010,117.734375,118.21875,117.65625,117.828125,765667
01/27/2010,117.84375,118.28125,117.5625,117.65625,1068542
01/28/2010,117.625,117.875,117.25,117.703125,1184205
01/29/2010,117.84375,118.4375,117.34375,118.15625,1211739
02/01/2010,118.28125,118.296875,117.71875,117.859375,752572
02/02/2010,117.859375,118.046875,117.65625,118.015625,611935
02/03/2010,118,118,117.5,117.578125,935940
02/04/2010,117.5625,118.40625,117.515625,118.25,1220163
02/05/2010,118.25,118.953125,118.0625,118.859375,1664425
02/08/2010,118.734375,118.765625,118.4375,118.484375,677849
02/09/2010,118.71875,118.734375,118.125,118.234375,1183893
02/10/2010,118.171875,118.453125,117.765625,117.90625,1100423
02/11/2010,117.921875,118.046875,117.5,117.765625,1037379
02/12/2010,117.796875,118.25,117.75,118.078125,884934
02/16/2010,118.078125,118.421875,117.796875,118.3125,768421
02/17/2010,118.296875,118.3125,117.515625,117.671875,936955
02/18/2010,117.671875,117.875,117.03125,117.203125,1443270
02/19/2010,117.015625,117.390625,116.890625,117.1875,1038265
02/22/2010,117.1875,117.296875,117.046875,117.1875,791221
02/23/2010,117.1875,118.171875,117.125,118.046875,1652302
02/24/2010,118.078125,118.34375,117.859375,118.078125,1610296
02/25/2010,118.09375,118.671875,118.015625,118.5625,1423304
02/26/2010,118.59375,118.953125,118.484375,118.90625,359041
03/01/2010,117.203125,117.5,117.15625,117.390625,668826
03/02/2010,117.375,117.46875,117.046875,117.40625,670401
03/03/2010,117.4375,117.484375,117.109375,117.421875,728666
03/04/2010,117.4375,117.703125,117.171875,117.515625,884451
03/05/2010,117.515625,117.625,116.796875,117.046875,962528
03/08/2010,117.015625,117.046875,116.71875,116.921875,481252
03/09/2010,116.8125,117.21875,116.8125,117.0625,653375
03/10/2010,117.046875,117.140625,116.6875,116.875,712144
03/11/2010,116.84375,116.9375,116.5625,116.78125,763848
03/12/2010,116.703125,117.03125,116.265625,116.796875,1033104
03/15/2010,116.90625,116.984375,116.65625,116.859375,602570
03/16/2010,116.921875,117.453125,116.75,117.359375,826152
03/17/2010,117.359375,117.5,117.203125,117.359375,644367
03/18/2010,117.390625,117.546875,117.015625,117.09375,821484
03/19/2010,117.0625,117.265625,116.765625,116.96875,732150
03/22/2010,116.9375,117.359375,116.875,117.28125,598549
03/23/2010,117.296875,117.46875,117.203125,117.28125,587672
03/24/2010,117.203125,117.296875,115.890625,116.09375,1676497
03/25/2010,116,116.15625,115.28125,115.546875,1580377
03/26/2010,115.734375,116.046875,115.515625,115.953125,944486
03/29/2010,115.921875,116.078125,115.6875,115.9375,693670
03/30/2010,115.890625,116.03125,115.625,115.9375,783510
03/31/2010,115.984375,116.375,115.890625,116.25,1014099
04/01/2010,116.1875,116.25,115.8125,116.03125,888553
04/02/2010,115.96875,116.3125,115.3125,115.34375,346925
04/05/2010,115.3125,115.421875,114.828125,115,641298
04/06/2010,115.046875,115.484375,115.03125,115.21875,966662
04/07/2010,115.34375,116.0625,115.296875,116.015625,1194194
04/08/2010,116.015625,116.28125,115.75,115.8125,974637
04/09/2010,115.796875,116,115.578125,115.90625,764399
04/12/2010,115.828125,116.4375,115.609375,116.25,883541
04/13/2010,116.28125,116.6875,116.234375,116.578125,1136846
04/14/2010,116.453125,116.671875,116.1875,116.28125,1014960
04/15/2010,116.234375,116.578125,116.078125,116.390625,1025304
04/16/2010,116.5,117.265625,116.46875,117.078125,1412842
04/19/2010,117.1875,117.421875,116.78125,116.796875,826925
04/20/2010,116.8125,116.90625,116.578125,116.765625,803719
04/21/2010,116.75,117.203125,116.609375,117.1875,851219
04/22/2010,117.171875,117.421875,116.734375,116.828125,1160061
04/23/2010,116.84375,116.96875,116.3125,116.453125,1081544
04/26/2010,116.515625,116.8125,116.3125,116.578125,758120
04/27/2010,116.640625,117.84375,116.609375,117.65625,1594625
04/28/2010,117.6875,117.9375,116.953125,117,1565336
04/29/2010,117.0625,117.453125,116.90625,117.4375,982373
04/30/2010,117.421875,117.96875,117.265625,117.90625,1132647
05/03/2010,117.8125,117.8125,117.4375,117.484375,613266
05/04/2010,117.609375,118.3125,117.53125,118.140625,1323655
05/05/2010,118.1875,119.140625,118.0625,118.671875,1634975
05/06/2010,118.75,121.046875,118.375,119.921875,2071540
05/07/2010,119.875,120.671875,118.890625,119.6875,2093465
05/10/2010,119.3125,119.3125,118.375,118.9375,1339715
05/11/2010,118.90625,119.5625,118.703125,119.015625,1145042
05/12/2010,119.140625,119.40625,118.6875,118.796875,1009049
05/13/2010,118.75,119.109375,118.484375,118.859375,1110421
05/14/2010,119.125,120.03125,119,119.765625,1331469
05/17/2010,119.640625,120.265625,119.375,119.578125,1216411
05/18/2010,119.4375,120.40625,119.3125,120.203125,1441663
05/19/2010,120.390625,120.6875,120.03125,120.25,1618521
05/20/2010,120.109375,121.5,120.109375,120.953125,2065437
05/21/2010,121.3125,122.109375,120.9375,121.3125,2114686
05/24/2010,121.0625,121.609375,121.03125,121.171875,1480879
05/25/2010,121.421875,122.453125,121.390625,121.671875,2139365
05/26/2010,121.5625,121.71875,120.765625,121.15625,2339058
05/27/2010,121.390625,121.421875,120.140625,120.3125,1987347
05/28/2010,120.203125,120.71875,120.171875,120.671875,439517
06/01/2010,119.8125,120.53125,119.578125,119.890625,1235017
06/02/2010,120.171875,120.1875,119.4375,119.546875,1046442
06/03/2010,119.484375,119.609375,118.8125,119.328125,1174377
06/04/2010,119.390625,120.78125,119.265625,120.734375,1426845
06/07/2010,120.875,121.234375,120.421875,120.859375,952271
06/08/2010,121.15625,121.203125,120.71875,121.03125,1082522
06/09/2010,120.859375,121.015625,120.453125,120.859375,1039327
06/10/2010,120.90625,120.9375,119.796875,119.84375,1165296
06/11/2010,119.828125,120.671875,119.828125,120.65625,978226
06/14/2010,120.40625,120.4375,119.734375,120.1875,858143
06/15/2010,120.3125,120.578125,119.796875,119.890625,969306
06/16/2010,119.90625,120.453125,119.8125,120.0625,865182
06/17/2010,120.234375,120.84375,119.9375,120.71875,1128415
06/18/2010,120.734375,120.828125,120.359375,120.4375,664010
06/21/2010,120.140625,120.375,119.75,120.296875,924787
06/22/2010,120.296875,121,120.078125,120.90625,966898
06/23/2010,120.890625,121.5,120.765625,121.359375,1135193
06/24/2010,121.3125,121.78125,121.15625,121.328125,1256776
06/25/2010,121.21875,121.796875,121.109375,121.484375,1095906
06/28/2010,121.609375,122.265625,121.5,122.140625,866717
06/29/2010,122.234375,122.703125,122.109375,122.53125,1358633
06/30/2010,122.65625,122.84375,122.25,122.546875,1143229
07/01/2010,122.6875,123.03125,122.421875,122.609375,1316706
07/02/2010,122.484375,122.78125,122.125,122.3125,1157389
07/06/2010,122.359375,122.828125,122.203125,122.734375,949430
07/07/2010,122.734375,122.859375,122.34375,122.4375,870461
07/08/2010,122.359375,122.46875,121.828125,122.15625,1133187
07/09/2010,122.03125,122.171875,121.84375,121.921875,674825
07/12/2010,121.9375,122.34375,121.890625,122.109375,797657
07/13/2010,122,122.34375,121.515625,121.65625,1082549
07/14/2010,121.5625,122.3125,121.453125,122.234375,1309413
07/15/2010,122.234375,122.890625,121.9375,122.78125,1431773
07/16/2010,122.578125,123.421875,122.546875,123.203125,1137303
07/19/2010,123.375,123.421875,122.921875,123.03125,707638
07/20/2010,123.09375,123.546875,122.921875,123.234375,1067189
07/21/2010,123.09375,123.75,123,123.5,1171157
07/22/2010,123.546875,123.6875,123,123.171875,952860
07/23/2010,123.140625,123.28125,122.640625,122.671875,1134525
07/26/2010,122.6875,122.84375,122.375,122.734375,806027
07/27/2010,122.734375,122.828125,122.203125,122.328125,998211
07/28/2010,122.3125,122.9375,122.234375,122.859375,1060425
07/29/2010,122.90625,123.46875,122.765625,123.09375,1323233
07/30/2010,123.234375,123.890625,123.203125,123.8125,1185206
08/02/2010,123.765625,123.78125,123.390625,123.421875,712437
08/03/2010,123.4375,124.171875,123.40625,123.984375,991446
08/04/2010,124.015625,124.25,123.5625,123.625,1024263
08/05/2010,123.625,124.046875,123.5,123.890625,962022
08/06/2010,123.9375,124.6875,123.78125,124.578125,1302106
08/09/2010,124.578125,124.75,124.453125,124.515625,606807
08/10/2010,124.5,125.21875,124.296875,124.984375,1225018
08/11/2010,125.078125,125.671875,125.078125,125.609375,1362924
08/12/2010,125.578125,125.734375,125.1875,125.34375,1191629
08/13/2010,125.3125,125.640625,125.234375,125.578125,838514
08/16/2010,125.578125,126.25,125.546875,126.203125,1008381
08/17/2010,126.1875,126.203125,125.546875,125.671875,1022565
08/18/2010,125.65625,126.046875,125.53125,125.609375,993995
08/19/2010,125.6875,126.15625,125.203125,125.953125,1468059
08/20/2010,125.875,126.25,125.4375,125.53125,984744
08/23/2010,125.484375,125.8125,125.296875,125.65625,824400
08/24/2010,125.765625,126.75,125.71875,126.40625,1556615
08/25/2010,126.46875,126.875,125.8125,125.921875,1901405
08/26/2010,126.046875,126.34375,125.875,126.21875,1679437
08/27/2010,126.328125,126.421875,125.078125,125.1875,2060149
08/30/2010,125.109375,126.265625,124.921875,126.09375,1339427
08/31/2010,126.203125,126.65625,126.109375,126.5,485562
09/01/2010,125.625,125.625,124.390625,124.796875,1559969
09/02/2010,124.875,124.984375,124.484375,124.546875,1087896
09/03/2010,124.5625,124.9375,123.640625,124.015625,1327998
09/07/2010,123.875,124.90625,123.78125,124.84375,1013801
09/08/2010,124.875,125.109375,124.3125,124.4375,1139930
09/09/2010,124.40625,124.71875,123.59375,123.625,1322768
09/10/2010,123.640625,123.90625,123.1875,123.390625,1020707
09/13/2010,123.34375,124.03125,122.9375,123.90625,942450
09/14/2010,123.859375,124.5,123.796875,124.4375,1184565
09/15/2010,124.34375,124.65625,124.015625,124.1875,1386397
09/16/2010,124.1875,124.484375,123.625,123.90625,1393514
09/17/2010,123.875,124.359375,123.515625,124.140625,1162791
09/20/2010,124.171875,124.46875,124.03125,124.40625,859955
09/21/2010,124.421875,125.46875,124.28125,125.375,1455712
09/22/2010,125.4375,125.953125,125.4375,125.5625,1325882
09/23/2010,125.53125,126.078125,125.34375,125.578125,1189115
09/24/2010,125.59375,125.796875,125.15625,125.21875,1184606
09/27/2010,125.234375,126.03125,125.21875,125.953125,843789
09/28/2010,125.859375,126.484375,125.734375,126.4375,1321406
09/29/2010,126.34375,126.4375,126.078125,126.15625,1195434
09/30/2010,126.140625,126.421875,125.3125,126.046875,1525012
10/01/2010,126.109375,126.25,125.578125,126.078125,1234193
10/04/2010,126.1875,126.546875,126.171875,126.46875,778652
10/05/2010,126.4375,126.8125,126.4375,126.640625,1144918
10/06/2010,126.671875,127.46875,126.609375,127.09375,1304437
10/07/2010,127.125,127.375,127,127.140625,1027586
10/08/2010,127.21875,127.65625,126.796875,127.3125,1357571
10/11/2010,127.28125,127.453125,127.28125,127.4375,101360
10/12/2010,127.375,127.6875,126.96875,127.078125,941149
10/13/2010,127.015625,127.265625,126.703125,127.21875,1062785
10/14/2010,127.234375,127.28125,126.53125,126.671875,1319817
10/15/2010,126.59375,127.09375,126.0625,126.234375,1720019
10/18/2010,126.265625,126.953125,126.265625,126.890625,865161
10/19/2010,126.75,127.1875,126.390625,127.03125,1185218
10/20/2010,126.9375,127.21875,126.671875,127.046875,962548
10/21/2010,126.953125,127.046875,126.46875,126.640625,1031942
10/22/2010,126.53125,126.703125,126.296875,126.421875,812150
10/25/2010,126.4375,126.953125,126.28125,126.421875,958638
10/26/2010,126.3125,126.4375,125.625,125.71875,1367643
10/27/2010,125.671875,125.765625,125.046875,125.21875,1376068
10/28/2010,125.109375,126,125.0625,125.859375,1220406
10/29/2010,125.859375,126.40625,125.78125,126.28125,1131171
11/01/2010,126.28125,126.671875,126.078125,126.3125,989795
11/02/2010,126.25,126.609375,126.1875,126.53125,722049
11/03/2010,126.53125,127.0625,126.125,126.578125,1346316
11/04/2010,127.015625,128.03125,127,127.75,1676657
11/05/2010,127.75,127.890625,127.0625,127.421875,1676657
11/08/2010,127.484375,127.65625,127.3125,127.359375,687796
11/09/2010,127.421875,127.671875,126.40625,126.53125,1334465
11/10/2010,126.53125,127.03125,125.875,126.96875,1714486
11/11/2010,127.015625,127.234375,126.421875,126.484375,295934
11/12/2010,126.71875,127.15625,125.578125,125.9375,1549019
11/15/2010,125.890625,125.9375,124.46875,124.765625,1790663
11/16/2010,124.53125,125.125,124.28125,125.046875,1719535
11/17/2010,125.015625,125.3125,124.65625,124.875,1279701
11/18/2010,124.796875,124.875,124.046875,124.484375,1281475
11/19/2010,124.515625,124.8125,124.3125,124.515625,694141
11/22/2010,124.359375,125.234375,124.203125,125.09375,1009444
11/23/2010,125.109375,125.859375,125.078125,125.40625,1619901
11/24/2010,125.28125,125.53125,124.140625,124.28125,1730235
11/26/2010,124.328125,124.84375,124.046875,124.59375,846973
11/29/2010,124.5,124.96875,124.296875,124.875,1230867
11/30/2010,124.828125,125.46875,124.796875,125.046875,493665
12/01/2010,124.0625,124.140625,122.546875,122.828125,1539578
12/02/2010,122.78125,122.984375,122.25,122.4375,1299780
12/03/2010,122.484375,123.453125,122.0625,122.625,1444158
12/06/2010,122.734375,123.375,122.71875,123.328125,798936
12/07/2010,123.3125,123.3125,121.296875,121.390625,1513023
12/08/2010,121.609375,121.65625,120.125,120.796875,1668807
12/09/2010,120.640625,121.25,120.4375,120.765625,1311228
12/10/2010,120.828125,121.140625,119.90625,120.21875,863478
12/13/2010,120,120.796875,119.34375,120.65625,1032503
12/14/2010,120.6875,120.75,119,119.28125,1303210
12/15/2010,119.09375,119.859375,118.640625,118.90625,1240595
12/16/2010,118.84375,119.578125,118.53125,119.21875,1159474
12/17/2010,119.578125,120.421875,119.40625,120.25,798541
12/20/2010,120.234375,120.8125,119.921875,120.078125,740536
12/21/2010,120.140625,120.484375,119.859375,120.234375,651857
12/22/2010,120.390625,120.4375,119.796875,120,493490
12/23/2010,119.890625,120.046875,119.453125,119.59375,335613
12/27/2010,119.5,120.09375,119,119.9375,271548
12/28/2010,120,120.375,118.890625,119.03125,447244
12/29/2010,119,120.359375,118.953125,120.25,575393
12/30/2010,120.125,120.28125,119.578125,119.984375,446506
12/31/2010,120,120.484375,119.9375,120.4375,200271
01/03/2011,120.296875,120.328125,119.46875,120.171875,731629
01/04/2011,120.265625,120.671875,120,120.3125,885723
01/05/2011,120.375,120.71875,119.140625,119.234375,1354117
01/06/2011,119.390625,120,119.328125,119.8125,1033157
01/07/2011,119.953125,120.890625,119.53125,120.671875,1458223
01/10/2011,120.765625,121.015625,120.609375,120.875,773576
01/11/2011,120.984375,121.125,120.390625,120.546875,1017256
01/12/2011,120.5625,120.65625,120.015625,120.5625,1086172
01/13/2011,120.5,121.203125,120.359375,121.109375,1322061
01/14/2011,121.0625,121.484375,120.78125,120.859375,1123821
01/18/2011,120.890625,121.296875,120.203125,120.59375,1230041
01/19/2011,120.5625,120.859375,120.328125,120.78125,947718
01/20/2011,120.734375,120.953125,119.6875,119.828125,1423201
01/21/2011,119.859375,120.25,119.6875,120.15625,1041730
01/24/2011,120.15625,120.46875,119.90625,120.234375,754533
01/25/2011,120.25,121.046875,120.109375,120.921875,1286403
01/26/2011,120.8125,120.828125,120.15625,120.25,1052068
01/27/2011,120.34375,120.734375,119.875,120.671875,1328715
01/28/2011,120.59375,121.3125,120.1875,121.15625,1402926
01/31/2011,121.3125,121.453125,120.609375,120.796875,985293
02/01/2011,120.828125,120.875,120.0625,120.296875,1140337
02/02/2011,120.328125,120.703125,119.703125,119.890625,1163674
02/03/2011,119.90625,119.984375,119.203125,119.4375,1379745
02/04/2011,119.34375,119.703125,118.390625,118.578125,1624263
02/07/2011,118.609375,118.703125,118.21875,118.609375,947953
02/08/2011,118.65625,118.734375,117.8125,117.984375,1093750
02/09/2011,117.875,118.6875,117.6875,118.578125,1451507
02/10/2011,118.40625,118.703125,118.015625,118.125,1298147
02/11/2011,118.203125,118.921875,118.15625,118.5,1284882
02/14/2011,118.46875,118.765625,118.296875,118.625,812941
02/15/2011,118.5,118.78125,118.21875,118.640625,1109047
02/16/2011,118.6875,118.9375,118.34375,118.59375,1442480
02/17/2011,118.578125,119.234375,118.5,119.015625,1288735
02/18/2011,119.015625,119.15625,118.65625,119.0625,864245
02/22/2011,119.015625,120.15625,119,120.09375,1695487
02/23/2011,120.046875,120.28125,119.75,119.8125,1710560
02/24/2011,119.796875,120.359375,119.78125,120.046875,1940161
02/25/2011,119.96875,120.265625,119.796875,120.171875,1207503
02/28/2011,120.28125,120.515625,120.1875,120.34375,380265
03/01/2011,118.9375,119.25,118.421875,119.125,1514412
03/02/2011,119.21875,119.390625,118.609375,118.71875,1236300
03/03/2011,118.640625,118.71875,117.796875,117.828125,1399411
03/04/2011,117.921875,118.71875,117.5625,118.625,1464311
03/07/2011,118.53125,118.859375,118.15625,118.609375,1014176
03/08/2011,118.484375,118.734375,118.21875,118.34375,1052191
03/09/2011,118.34375,119.109375,118.265625,118.921875,1152268
03/10/2011,118.890625,119.875,118.84375,119.625,1533954
03/11/2011,119.8125,120.15625,119.484375,119.6875,1260904
03/14/2011,119.8125,120.421875,119.546875,120.1875,1185572
03/15/2011,120.109375,121.453125,120.078125,120.34375,1716995
03/16/2011,120.515625,121.828125,120.09375,121.25,2126048
03/17/2011,121.59375,121.78125,120.53125,120.9375,1443230
03/18/2011,120.890625,121.125,120.375,120.6875,1091691
03/21/2011,120.71875,120.734375,119.84375,120.203125,1112904
03/22/2011,120.140625,120.25,119.796875,120.046875,1023294
03/23/2011,120.078125,120.453125,119.875,119.96875,1195563
03/24/2011,119.9375,120.203125,119.390625,119.5,1069769
03/25/2011,119.453125,119.734375,119.046875,119.1875,1102318
03/28/2011,119.125,119.25,118.8125,119.078125,856063
03/29/2011,119.1875,119.3125,118.671875,118.765625,963093
03/30/2011,118.765625,119.234375,118.59375,119.125,1000833
03/31/2011,119.203125,119.46875,118.765625,119.03125,1327957
04/01/2011,118.78125,119.03125,118.28125,118.96875,1225517
04/04/2011,119,119.453125,118.875,119.21875,827356
04/05/2011,119.234375,119.40625,118.65625,118.765625,1156248
04/06/2011,118.765625,118.859375,118.296875,118.375,1076993
04/07/2011,118.359375,118.703125,118.125,118.46875,1265802
04/08/2011,118.46875,118.484375,117.921875,118.375,969577
04/11/2011,118.234375,118.5625,118.0625,118.453125,724832
04/12/2011,118.28125,119.296875,118.25,119.09375,1292362
04/13/2011,119.09375,119.421875,118.75,119.390625,1122371
04/14/2011,119.34375,119.765625,119.0625,119.203125,1414270
04/15/2011,119.046875,119.921875,119.046875,119.8125,1129867
04/18/2011,119.796875,120.25,119.515625,120.1875,1452206
04/19/2011,120.109375,120.359375,119.859375,120.25,923723
04/20/2011,120.171875,120.1875,119.796875,119.90625,842609
04/21/2011,119.828125,120.234375,119.75,119.984375,680740
04/25/2011,120.015625,120.359375,119.9375,120.328125,375081
04/26/2011,120.28125,120.78125,120.21875,120.671875,802843
04/27/2011,120.71875,120.734375,120.140625,120.421875,934592
04/28/2011,120.53125,121.140625,120.484375,120.953125,1219039
04/29/2011,120.9375,121.21875,120.78125,121.140625,681129
05/02/2011,121.125,121.453125,120.890625,121.234375,762139
05/03/2011,121.234375,121.515625,121.203125,121.4375,831647
05/04/2011,121.484375,121.78125,121.265625,121.640625,1109365
05/05/2011,121.640625,122.21875,121.5625,122.0625,1288067
05/06/2011,122.15625,122.46875,121.53125,122.28125,1738117
05/09/2011,122.171875,122.53125,122.015625,122.46875,1010936
05/10/2011,122.359375,122.421875,121.90625,122.09375,959921
05/11/2011,121.90625,122.484375,121.734375,122.421875,1273064
05/12/2011,122.40625,122.671875,122.015625,122.171875,1350916
05/13/2011,122.1875,122.96875,122.0625,122.5,1456846
05/16/2011,122.65625,122.8125,122.40625,122.75,792300
05/17/2011,122.78125,123.171875,122.5625,122.9375,1300709
05/18/2011,122.953125,123.171875,122.390625,122.53125,1333625
05/19/2011,122.4375,122.640625,121.953125,122.609375,1633918
05/20/2011,122.578125,122.890625,122.515625,122.8125,1084688
05/23/2011,122.875,123.40625,122.875,123,1258662
05/24/2011,123.015625,123.1875,122.75,123.078125,1320691
05/25/2011,123.125,123.328125,123.015625,123.140625,1728277
05/26/2011,123.125,123.84375,122.90625,123.75,2282132
05/27/2011,123.78125,123.984375,123.53125,123.859375,1353509
05/31/2011,123.890625,124.125,123.5625,124.03125,507364
06/01/2011,122.484375,123.515625,122.375,123.3125,1663554
06/02/2011,123.5,123.53125,122.890625,122.96875,1504394
06/03/2011,122.984375,123.8125,122.953125,123.328125,1607010
06/06/2011,123.375,123.484375,123.015625,123.34375,987185
06/07/2011,123.390625,123.515625,122.90625,123.265625,1175767
06/08/2011,123.375,123.96875,123.265625,123.71875,1435582
06/09/2011,123.84375,124.015625,123.125,123.265625,1670912
06/10/2011,123.265625,123.8125,123.203125,123.515625,1076705
06/13/2011,123.546875,123.71875,123.125,123.34375,995275
06/14/2011,123.421875,123.46875,122.453125,122.53125,1523988
06/15/2011,122.578125,123.828125,122.546875,123.6875,1939190
06/16/2011,123.6875,124.5,123.546875,124.140625,1861388
06/17/2011,123.984375,124.125,123.5625,123.90625,1135289
06/20/2011,123.859375,124.34375,123.65625,123.8125,1041792
06/21/2011,123.859375,123.9375,123.546875,123.640625,1064595
06/22/2011,123.640625,124.140625,123.515625,123.65625,1188963
06/23/2011,123.796875,124.578125,123.734375,124.34375,1672028
06/24/2011,124.234375,124.9375,124.0625,124.734375,1330856
06/27/2011,124.8125,125.03125,124.359375,124.40625,1246667
06/28/2011,124.40625,124.59375,123.234375,123.328125,1455697
06/29/2011,123.4375,123.546875,122.59375,122.84375,1726586
06/30/2011,122.859375,123.078125,121.875,122.328125,1801212
07/01/2011,122.234375,122.484375,121.703125,121.984375,1215429
07/05/2011,122,122.78125,121.96875,122.65625,1032306
07/06/2011,122.71875,123.234375,122.453125,122.984375,1334171
07/07/2011,122.875,122.90625,122.25,122.46875,1304050
07/08/2011,122.53125,123.921875,122.203125,123.71875,1756412
07/11/2011,123.828125,124.578125,123.609375,124.546875,1361924
07/12/2011,124.46875,125.375,124.359375,124.625,1831848
07/13/2011,124.875,124.9375,124.21875,124.796875,1493281
07/14/2011,124.6875,124.921875,124.3125,124.4375,1378918
07/15/2011,124.390625,124.90625,124.234375,124.859375,1206494
07/18/2011,124.875,125.171875,124.71875,124.921875,1024055
07/19/2011,124.78125,125.09375,124.4375,124.921875,1105143
07/20/2011,124.96875,124.96875,124.5,124.59375,956902
07/21/2011,124.609375,124.734375,123.6875,124,1662405
07/22/2011,123.9375,124.375,123.921875,124.328125,914700
07/25/2011,124.125,124.625,123.859375,124.125,1215790
07/26/2011,124.140625,124.640625,123.78125,124.53125,1091010
07/27/2011,124.515625,124.671875,124.03125,124.234375,1181279
07/28/2011,124.25,124.71875,124.203125,124.5,1188266
07/29/2011,124.53125,125.9375,124.375,125.6875,1521613
08/01/2011,125.453125,126.421875,125.296875,126.140625,1356231
08/02/2011,126.078125,127.125,126.015625,126.953125,1547645
08/03/2011,127.078125,127.359375,126.75,127.046875,1824198
08/04/2011,126.84375,128.390625,126.640625,128,2089575
08/05/2011,128.328125,128.734375,126.765625,127.046875,2426111
08/08/2011,127.203125,128.828125,126.96875,128.578125,1882238
08/09/2011,128.796875,131.03125,127.828125,129.828125,2193433
08/10/2011,129.34375,130.515625,128.953125,130.0625,2091932
08/11/2011,130.25,130.359375,129,129.21875,1855590
08/12/2011,129.109375,129.953125,129.0625,129.875,1193830
08/15/2011,129.71875,129.984375,129.34375,129.5625,809688
08/16/2011,129.390625,130.25,129.359375,130.078125,1199361
08/17/2011,130.03125,130.421875,129.78125,130.359375,986570
08/18/2011,130.296875,131.640625,130.234375,130.78125,1644601
08/19/2011,130.765625,131.203125,130.328125,130.796875,1285522
08/22/2011,130.875,130.984375,130.25,130.59375,928495
08/23/2011,130.5625,130.859375,130.078125,130.328125,1130571
08/24/2011,130.28125,130.546875,129.296875,129.578125,1448252
08/25/2011,129.375,130.140625,129.296875,129.984375,1951338
08/26/2011,129.875,130.8125,129.78125,130.28125,1944811
08/29/2011,130.21875,130.265625,129.40625,129.71875,1315040
08/30/2011,129.78125,130.59375,129.765625,130.390625,1277202
08/31/2011,130.359375,130.6875,129.890625,130.03125,432206
09/01/2011,128.953125,129.6875,128.578125,129.59375,1470471
09/02/2011,129.640625,130.4375,129.265625,130.359375,1318499
09/06/2011,130.359375,130.96875,130.171875,130.296875,1228353
09/07/2011,130.265625,130.265625,129.71875,129.953125,1025688
09/08/2011,129.890625,130.390625,129.859375,130.328125,930403
09/09/2011,130.25,131.03125,130.0625,130.890625,1147837
09/12/2011,131.015625,131.125,130.375,130.59375,934029
09/13/2011,130.4375,130.734375,130.046875,130.1875,1123239
09/14/2011,130.125,130.515625,129.921875,130.015625,1363210
09/15/2011,130.15625,130.25,129.0625,129.484375,1460451
09/16/2011,129.515625,129.796875,129.1875,129.5625,897502
09/19/2011,129.90625,130.671875,129.84375,130.546875,894252
09/20/2011,130.546875,130.734375,130.171875,130.46875,857655
09/21/2011,130.5,130.953125,130.15625,130.75,1133753
09/22/2011,130.84375,131.859375,130.796875,131.75,1253817
09/23/2011,131.640625,131.9375,130.75,130.96875,1342588
09/26/2011,130.625,131.109375,130.28125,130.34375,1039457
09/27/2011,130.34375,130.5,129.546875,129.5625,1026823
09/28/2011,129.875,130.09375,129.203125,129.671875,1311012
09/29/2011,129.890625,130.015625,129.421875,129.984375,1159893
09/30/2011,129.625,130.453125,129.625,130.09375,1096662
10/03/2011,130.15625,131.234375,130.15625,130.984375,1119287
10/04/2011,131.15625,131.390625,130.53125,130.953125,1406948
10/05/2011,130.671875,130.734375,130.015625,130.109375,1078879
10/06/2011,130.21875,130.34375,129.4375,129.515625,1132414
10/07/2011,129.53125,129.65625,128.46875,128.890625,1387092
10/10/2011,128.84375,128.90625,127.5625,127.59375,249586
10/11/2011,127.828125,128.46875,127.828125,128.234375,1014445
10/12/2011,128.28125,128.484375,127.515625,127.921875,1227257
10/13/2011,128.03125,128.828125,127.9375,128.4375,1286748
10/14/2011,128.34375,128.59375,127.78125,128.125,1018265
10/17/2011,128,128.75,127.65625,128.71875,861280
10/18/2011,128.71875,129.296875,128.375,128.828125,1273365
10/19/2011,128.578125,129.0625,128.3125,128.84375,1144371
10/20/2011,128.78125,129.203125,128.40625,128.703125,1335078
10/21/2011,128.609375,128.828125,128.21875,128.65625,833448
10/24/2011,128.71875,128.875,128.28125,128.34375,736393
10/25/2011,128.296875,129.296875,128.03125,129.125,1253678
10/26/2011,129.203125,129.25,128.4375,128.578125,1324570
10/27/2011,128.578125,128.734375,127.1875,127.3125,1676052
10/28/2011,127.265625,128.21875,127.21875,128.09375,1089328
10/31/2011,128,129.546875,127.96875,129.0625,1084251
11/01/2011,129.484375,130.5625,129.234375,130.25,1749685
11/02/2011,130.265625,130.515625,129.71875,130.3125,1077246
11/03/2011,130.40625,130.90625,129.8125,130.046875,1177711
11/04/2011,129.96875,130.453125,129.609375,130.25,1146045
11/07/2011,130.171875,130.8125,129.984375,130.546875,936786
11/08/2011,130.265625,130.578125,129.859375,130.046875,897733
11/09/2011,129.953125,131,129.890625,130.8125,1247039
11/10/2011,130.75,130.890625,129.890625,130.34375,1104435
11/11/2011,130.375,130.375,129.6875,129.78125,158529
11/14/2011,129.78125,130.59375,129.609375,130.453125,753242
11/15/2011,130.390625,130.84375,130.21875,130.328125,945368
11/16/2011,130.40625,130.765625,130.265625,130.5,830153
11/17/2011,130.703125,130.96875,130.265625,130.828125,1277088
11/18/2011,130.828125,130.9375,130.140625,130.296875,870981
11/21/2011,130.359375,130.75,130.34375,130.578125,770172
11/22/2011,130.65625,130.875,130.328125,130.796875,1117491
11/23/2011,130.84375,131.296875,130.53125,131.21875,1436712
11/25/2011,131.140625,131.15625,130.4375,130.65625,933243
11/28/2011,130.265625,130.765625,129.78125,130.71875,1853668
11/29/2011,130.59375,130.6875,130.046875,130.46875,1398799
11/30/2011,130.59375,130.703125,129.6875,130.15625,448830
12/01/2011,129.328125,129.546875,128.890625,129.140625,1048162
12/02/2011,129.234375,129.78125,128.625,129.671875,949700
12/05/2011,129.625,129.734375,129.109375,129.5625,770617
12/06/2011,129.53125,129.703125,129.234375,129.328125,742751
12/07/2011,129.34375,130.03125,129.109375,129.96875,845656
12/08/2011,129.84375,130.421875,129.390625,130.375,1025848
12/09/2011,130.359375,130.484375,129.703125,129.84375,778149
12/12/2011,129.78125,130.34375,129.65625,130.203125,544443
12/13/2011,130.109375,130.59375,129.859375,130.484375,927737
12/14/2011,130.453125,130.859375,130.234375,130.8125,872092
12/15/2011,130.75,131.0625,130.453125,130.71875,830857
12/16/2011,130.703125,131.34375,130.546875,131.171875,754393
12/19/2011,131.171875,131.4375,130.96875,131.328125,483011
12/20/2011,131.328125,131.328125,130.59375,130.625,638015
12/21/2011,130.625,130.890625,130.296875,130.421875,762998
12/22/2011,130.4375,130.71875,130.328125,130.453125,443305
12/23/2011,130.484375,130.5,129.8125,129.859375,312889
12/27/2011,129.9375,130.09375,129.78125,129.953125,173791
12/28/2011,129.984375,130.71875,129.9375,130.703125,325851
12/29/2011,130.578125,130.921875,130.421875,130.84375,276282
12/30/2011,130.765625,131.234375,130.59375,131.125,298765
01/03/2012,130.609375,130.875,130.484375,130.546875,564737
01/04/2012,130.609375,130.734375,130.25,130.390625,668309
01/05/2012,130.484375,130.875,130.203125,130.5,1020608
01/06/2012,130.5,130.890625,130.09375,130.75,931949
01/09/2012,130.75,131.125,130.578125,130.859375,526956
01/10/2012,130.796875,130.890625,130.453125,130.71875,742256
01/11/2012,130.71875,131.3125,130.6875,131.203125,918768
01/12/2012,131.15625,131.3125,130.90625,130.96875,885679
01/13/2012,130.984375,131.734375,130.890625,131.546875,996999
01/17/2012,131.5625,131.71875,131.171875,131.59375,840636
01/18/2012,131.5625,131.703125,131.203125,131.265625,869777
01/19/2012,131.234375,131.375,130.5,130.703125,1274258
01/20/2012,130.65625,130.828125,130.21875,130.265625,1015232
01/23/2012,130.34375,130.5625,129.8125,129.984375,990785
01/24/2012,130.046875,130.21875,129.859375,130.09375,980204
01/25/2012,130.078125,131.390625,129.96875,130.765625,1591077
01/26/2012,130.875,131.515625,130.8125,131.4375,1330561
01/27/2012,131.390625,131.828125,131.203125,131.71875,1085497
01/30/2012,131.71875,132.21875,131.703125,132.03125,903283
01/31/2012,132,132.34375,131.6875,132.25,1176769
02/01/2012,132.28125,132.28125,131.921875,131.984375,1018737
02/02/2012,132.03125,132.25,131.875,132.171875,964913
02/03/2012,132.171875,132.328125,131.296875,131.328125,1345585
02/06/2012,131.546875,131.8125,131.359375,131.671875,715193
02/07/2012,131.59375,131.6875,130.953125,131.15625,1038564
02/08/2012,131.09375,131.21875,130.875,131.09375,967225
02/09/2012,131.046875,131.203125,130.5625,130.78125,1291971
02/10/2012,130.859375,131.5,130.84375,131.390625,1023383
02/13/2012,131.109375,131.40625,130.890625,131.125,782088
02/14/2012,131.296875,131.578125,131.09375,131.53125,1038863
02/15/2012,131.390625,131.765625,131.203125,131.578125,1007304
02/16/2012,131.59375,131.734375,130.828125,130.984375,1126352
02/17/2012,131.03125,131.078125,130.59375,130.921875,850831
02/21/2012,130.796875,130.84375,130.375,130.640625,1011044
02/22/2012,130.546875,131.09375,130.375,131.046875,1027852
02/23/2012,131,131.296875,130.71875,131.203125,1306465
02/24/2012,131.078125,131.28125,131,131.1875,1059740
02/27/2012,131.203125,131.71875,131.15625,131.625,1882049
02/28/2012,131.578125,131.890625,131.484375,131.671875,1630202
02/29/2012,131.59375,131.765625,131.03125,131.265625,492967
03/01/2012,131.015625,131.015625,130.3125,130.53125,1283883
03/02/2012,130.609375,131.203125,130.515625,131.09375,858944
03/05/2012,131.140625,131.28125,130.84375,130.875,753374
03/06/2012,130.84375,131.515625,130.796875,131.421875,912996
03/07/2012,131.421875,131.421875,131.140625,131.21875,790848
03/08/2012,131.171875,131.265625,130.828125,130.90625,793438
03/09/2012,130.921875,130.984375,130.53125,130.71875,992109
03/12/2012,130.75,131.140625,130.703125,130.75,586113
03/13/2012,130.734375,130.796875,129.953125,130.125,1204782
03/14/2012,129.984375,130.03125,128.625,128.765625,1814385
03/15/2012,128.875,129.0625,128.21875,128.84375,1537304
03/16/2012,128.796875,128.890625,128.09375,128.609375,1294185
03/19/2012,128.578125,128.90625,127.828125,127.953125,1224333
03/20/2012,127.921875,128.40625,127.71875,127.921875,1161991
03/21/2012,128.03125,128.640625,127.828125,128.5625,1183847
03/22/2012,128.53125,128.96875,128.40625,128.734375,1151317
03/23/2012,128.671875,129.296875,128.5625,129.046875,1017129
03/26/2012,128.984375,129.1875,128.625,129.0625,894885
03/27/2012,129.03125,129.703125,128.9375,129.59375,973085
03/28/2012,129.609375,129.84375,129.34375,129.578125,1040364
03/29/2012,129.53125,129.96875,129.421875,129.90625,1055725
03/30/2012,129.890625,130.0625,129.265625,129.484375,1109609
04/02/2012,129.4375,129.9375,129.171875,129.703125,979399
04/03/2012,129.765625,130.0625,128.8125,128.921875,1347783
04/04/2012,128.828125,129.546875,128.765625,129.375,1279353
04/05/2012,129.515625,130.28125,129.390625,129.96875,1133784
04/06/2012,129.890625,131.09375,129.765625,131.046875,461466
04/09/2012,131.3125,131.3125,130.890625,131.140625,599647
04/10/2012,131.0625,131.734375,130.921875,131.59375,1431352
04/11/2012,131.578125,131.59375,131.140625,131.328125,1124163
04/12/2012,131.265625,131.46875,131,131.140625,1130755
04/13/2012,131.125,131.671875,131.109375,131.53125,951602
04/16/2012,131.578125,131.90625,131.46875,131.6875,1023518
04/17/2012,131.625,131.78125,131.3125,131.421875,936471
04/18/2012,131.46875,131.6875,131.296875,131.5625,810236
04/19/2012,131.609375,131.8125,131.421875,131.765625,1010824
04/20/2012,131.65625,131.78125,131.453125,131.671875,713355
04/23/2012,131.71875,132.140625,131.703125,131.984375,807118
04/24/2012,131.953125,132.109375,131.65625,131.78125,867154
04/25/2012,131.6875,131.78125,131.1875,131.6875,1280299
04/26/2012,131.71875,132.125,131.59375,131.921875,1118473
04/27/2012,132.09375,132.53125,131.9375,132.15625,1017218
04/30/2012,132.140625,132.375,132,132.28125,646990
05/01/2012,132.234375,132.40625,131.921875,131.96875,804991
05/02/2012,132.0625,132.40625,131.859375,132.1875,988532
05/03/2012,132.15625,132.296875,131.921875,132.1875,812849
05/04/2012,132.125,132.703125,131.984375,132.640625,1299349
05/07/2012,132.78125,133.0625,132.609375,132.640625,645295
05/08/2012,132.640625,133.125,132.59375,132.921875,1024459
05/09/2012,132.875,133.265625,132.828125,132.90625,1247003
05/10/2012,132.9375,133.03125,132.546875,132.78125,1178319
05/11/2012,133,133.140625,132.875,133.078125,780782
05/14/2012,133.125,133.609375,133.09375,133.421875,1000344
05/15/2012,133.53125,133.609375,133.203125,133.375,1277242
05/16/2012,133.46875,133.59375,133.015625,133.421875,1396129
05/17/2012,133.421875,133.8125,133.15625,133.765625,1361755
05/18/2012,133.71875,133.84375,133.484375,133.8125,1187271
05/21/2012,133.609375,133.75,133.359375,133.625,819124
05/22/2012,133.578125,133.578125,133.125,133.3125,1218294
05/23/2012,133.46875,133.890625,133.390625,133.796875,1357619
05/24/2012,133.640625,133.890625,133.34375,133.546875,1908575
05/25/2012,133.40625,133.84375,133.328125,133.765625,1269599
05/29/2012,133.75,134.0625,133.484375,133.828125,2441823
05/30/2012,133.671875,134.78125,133.65625,134.671875,1624141
05/31/2012,134.65625,135.265625,134.4375,134.90625,465590
06/01/2012,134.078125,134.953125,133.9375,134.734375,1723930
06/04/2012,134.75,134.921875,134.0625,134.09375,1017836
06/05/2012,134.109375,134.28125,133.703125,133.9375,1108681
06/06/2012,133.8125,134.015625,133.140625,133.296875,1693262
06/07/2012,133.234375,133.578125,133.15625,133.421875,1350055
06/08/2012,133.5,134.171875,133.4375,133.484375,1229867
06/11/2012,133.03125,133.9375,132.5625,133.78125,1250804
06/12/2012,133.84375,133.953125,133.15625,133.21875,1255897
06/13/2012,133.234375,133.796875,132.90625,133.71875,1365742
06/14/2012,133.71875,133.828125,133.21875,133.515625,1216684
06/15/2012,133.28125,133.9375,133.265625,133.78125,894215
06/18/2012,133.28125,133.984375,133.21875,133.734375,845967
06/19/2012,133.796875,133.96875,133.296875,133.484375,956429
06/20/2012,133.4375,133.59375,132.84375,133.203125,1298928
06/21/2012,133.078125,133.546875,133.015625,133.359375,1035137
06/22/2012,133.28125,133.4375,132.90625,133,857121
06/25/2012,133.015625,133.59375,133,133.5625,657217
06/26/2012,133.59375,133.640625,133.203125,133.4375,907048
06/27/2012,133.421875,133.578125,133.265625,133.546875,714579
06/28/2012,133.53125,134.046875,133.421875,133.921875,1013726
06/29/2012,133.875,134.03125,133.125,133.375,1187188
07/02/2012,133.453125,134.234375,133.296875,134.015625,960083
07/03/2012,133.9375,134.03125,133.578125,133.640625,537872
07/05/2012,133.65625,134.09375,133.59375,133.953125,957867
07/06/2012,133.921875,134.421875,133.90625,134.359375,805445
07/09/2012,134.359375,134.625,134.328125,134.546875,577944
07/10/2012,134.484375,134.640625,134.34375,134.625,626012
07/11/2012,134.609375,134.921875,134.421875,134.59375,916177
07/12/2012,134.4375,134.78125,134.421875,134.65625,732433
07/13/2012,134.671875,134.765625,134.359375,134.546875,595688
07/16/2012,134.59375,135.015625,134.546875,134.8125,608981
07/17/2012,134.71875,134.859375,134.484375,134.546875,729795
07/18/2012,134.53125,134.8125,134.453125,134.75,574572
07/19/2012,134.609375,134.734375,134.4375,134.46875,776003
07/20/2012,134.5,135,134.5,134.90625,634259
07/23/2012,134.96875,135.375,134.9375,135.0625,871633
07/24/2012,135.15625,135.390625,134.828125,135.265625,920373
07/25/2012,135.40625,135.484375,134.984375,135.234375,770992
07/26/2012,135.25,135.328125,134.890625,135.03125,930496
07/27/2012,134.90625,134.96875,133.828125,134.125,1306149
07/30/2012,134.21875,134.625,134.015625,134.5625,840589
07/31/2012,134.546875,134.875,134.40625,134.65625,997842
08/01/2012,134.8125,134.828125,134.125,134.15625,882351
08/02/2012,134.25,134.921875,133.921875,134.625,1192001
08/03/2012,134.625,134.703125,133.765625,133.90625,981739
08/06/2012,133.984375,134.3125,133.859375,134.109375,577265
08/07/2012,134.03125,134.125,133.4375,133.578125,877622
08/08/2012,133.53125,133.78125,133.3125,133.484375,829756
08/09/2012,133.40625,133.5625,133.15625,133.453125,892276
08/10/2012,133.421875,133.859375,133.375,133.734375,584728
08/13/2012,133.671875,133.859375,133.5,133.625,529257
08/14/2012,133.5625,133.640625,133.046875,133.140625,952133
08/15/2012,133.078125,133.1875,132.46875,132.578125,1217534
08/16/2012,132.484375,132.703125,132.15625,132.359375,1083471
08/17/2012,132.34375,132.671875,132.3125,132.5,678183
08/20/2012,132.515625,132.6875,132.171875,132.515625,674677
08/21/2012,132.5625,132.6875,132.1875,132.609375,947738
08/22/2012,132.640625,133.546875,132.625,133.3125,1143315
08/23/2012,133.484375,133.796875,133.3125,133.6875,966704
08/24/2012,133.578125,133.953125,133.484375,133.578125,840043
08/27/2012,133.53125,133.875,133.453125,133.8125,731801
08/28/2012,133.78125,134.09375,133.71875,133.953125,1272631
08/29/2012,133.90625,134.03125,133.65625,133.84375,1547323
08/30/2012,133.875,134.265625,133.796875,134.1875,1069979
08/31/2012,134.140625,134.875,133.90625,134.75,279292
09/04/2012,133.75,133.828125,133.34375,133.40625,1158873
09/05/2012,133.4375,133.6875,133.296875,133.359375,865230
09/06/2012,133.34375,133.390625,132.640625,132.734375,1113123
09/07/2012,132.671875,133.53125,132.25,133.015625,1502593
09/10/2012,133,133.234375,132.8125,132.859375,702944
09/11/2012,133.0625,133.1875,132.71875,132.78125,636737
09/12/2012,132.75,132.859375,132.28125,132.34375,943387
09/13/2012,132.40625,132.96875,131.84375,132.765625,1721338
09/14/2012,132.921875,132.9375,131.71875,131.890625,1328743
09/17/2012,131.828125,132.203125,131.734375,132.03125,741795
09/18/2012,132,132.515625,131.9375,132.203125,763950
09/19/2012,132.203125,132.5625,132.0625,132.375,868748
09/20/2012,132.4375,132.875,132.34375,132.40625,923448
09/21/2012,132.4375,132.765625,132.25,132.671875,740468
09/24/2012,132.703125,133.046875,132.640625,132.921875,531172
09/25/2012,132.984375,133.25,132.734375,133.171875,896614
09/26/2012,133.21875,133.671875,133.140625,133.640625,863167
09/27/2012,133.625,133.625,133.328125,133.5,953865
09/28/2012,133.421875,133.84375,133.359375,133.484375,983347
10/01/2012,133.46875,133.671875,133.359375,133.578125,765522
10/02/2012,133.5625,133.6875,133.390625,133.640625,645787
10/03/2012,133.59375,133.796875,133.515625,133.734375,770031
10/04/2012,133.75,133.765625,133.3125,133.421875,740394
10/05/2012,133.375,133.484375,132.859375,132.921875,1001753
10/08/2012,132.890625,133.28125,132.890625,133.265625,165798
10/09/2012,133.21875,133.34375,132.9375,133.046875,738769
10/10/2012,133.0625,133.359375,132.8125,133.21875,839163
10/11/2012,133.34375,133.390625,132.828125,133.265625,1007180
10/12/2012,133.28125,133.53125,133.09375,133.3125,722570
10/15/2012,133.3125,133.40625,133.078125,133.3125,622721
10/16/2012,133.3125,133.34375,132.796875,132.875,906777
10/17/2012,132.78125,132.828125,132,132.078125,1228766
10/18/2012,132.015625,132.296875,131.90625,131.984375,1138606
10/19/2012,131.90625,132.46875,131.90625,132.390625,816459
10/22/2012,132.375,132.421875,131.921875,132.109375,770503
10/23/2012,131.9375,132.453125,131.921875,132.375,854351
10/24/2012,132.40625,132.5,132.15625,132.375,942403
10/25/2012,132.265625,132.296875,131.6875,131.90625,1293522
10/26/2012,131.875,132.609375,131.78125,132.5625,1121916
10/29/2012,132.671875,132.875,132.546875,132.78125,348127
10/30/2012,132.828125,133.046875,132.578125,132.671875,291929
10/31/2012,132.640625,133.0625,132.390625,133.03125,995044
11/01/2012,132.953125,132.96875,132.65625,132.828125,815160
11/02/2012,132.734375,132.890625,132.3125,132.78125,1064655
11/05/2012,132.84375,133.234375,132.78125,133.140625,724924
11/06/2012,133.125,133.171875,132.625,132.703125,766573
11/07/2012,132.65625,133.703125,132.640625,133.578125,1582319
11/08/2012,133.453125,133.96875,133.40625,133.859375,1196307
11/09/2012,133.9375,134.203125,133.6875,133.90625,1156330
11/12/2012,133.90625,133.96875,133.734375,133.890625,213509
11/13/2012,133.90625,134.171875,133.8125,134.046875,821265
11/14/2012,133.96875,134.109375,133.6875,134.046875,970543
11/15/2012,134,134.15625,133.8125,134.03125,916188
11/16/2012,134.03125,134.359375,133.9375,134.1875,948380
11/19/2012,134.125,134.140625,133.78125,133.90625,585943
11/20/2012,133.953125,134.015625,133.515625,133.609375,967574
11/21/2012,133.5625,133.71875,133.3125,133.390625,825576
11/23/2012,133.40625,133.546875,133.28125,133.328125,404891
11/26/2012,133.3125,133.734375,133.28125,133.546875,990568
11/27/2012,133.53125,133.78125,133.40625,133.71875,1272769
11/28/2012,133.765625,134.0625,133.75,133.984375,1721201
11/29/2012,133.875,134.09375,133.78125,134.015625,1124410
11/30/2012,134.03125,134.1875,133.90625,134.125,248557
12/03/2012,133.578125,133.625,133.265625,133.46875,810927
12/04/2012,133.515625,133.671875,133.359375,133.578125,762091
12/05/2012,133.609375,133.921875,133.5,133.796875,883312
12/06/2012,133.796875,134.03125,133.75,133.875,701629
12/07/2012,133.84375,133.96875,133.46875,133.5625,1063761
12/10/2012,133.59375,133.828125,133.546875,133.625,521331
12/11/2012,133.609375,133.6875,133.296875,133.40625,602286
12/12/2012,133.359375,133.546875,132.96875,133.0625,1207617
12/13/2012,133.0625,133.171875,132.640625,132.734375,1311631
12/14/2012,132.65625,132.890625,132.53125,132.796875,856378
12/17/2012,132.765625,132.765625,132.265625,132.390625,824976
12/18/2012,132.3125,132.390625,131.796875,131.9375,1197143
12/19/2012,132.015625,132.34375,131.875,132.15625,1131712
12/20/2012,132.15625,132.375,132.109375,132.15625,957300
12/21/2012,132.140625,132.640625,132.0625,132.484375,706935
12/24/2012,132.390625,132.46875,132.25,132.328125,74527
12/26/2012,132.328125,132.59375,132.25,132.5,111844
12/27/2012,132.53125,133.015625,132.3125,132.921875,564774
12/28/2012,132.75,133.078125,132.703125,132.953125,457798
12/31/2012,132.953125,133.0625,132.3125,132.78125,327518
01/02/2013,131.9375,132.234375,131.890625,132.140625,751382
01/03/2013,132.125,132.25,131.5,131.625,1192256
01/04/2013,131.484375,131.640625,131.125,131.515625,1549140
01/07/2013,131.546875,131.765625,131.5,131.578125,680445
01/08/2013,131.625,131.90625,131.546875,131.859375,829629
01/09/2013,131.8125,132.125,131.671875,132.0625,967862
01/10/2013,132,132,131.609375,131.71875,1291330
01/11/2013,131.6875,132.015625,131.453125,131.90625,1117422
01/14/2013,131.90625,132.234375,131.859375,132.03125,787313
01/15/2013,132.09375,132.40625,132.03125,132.265625,1064919
01/16/2013,132.203125,132.46875,132.171875,132.296875,798163
01/17/2013,132.3125,132.484375,131.75,131.875,1294206
01/18/2013,131.828125,132.234375,131.6875,132.140625,968424
01/22/2013,132.125,132.34375,131.875,132.265625,1136588
01/23/2013,132.203125,132.46875,132.15625,132.296875,746276
01/24/2013,132.375,132.546875,131.984375,132.234375,1422090
01/25/2013,132.171875,132.1875,131.34375,131.40625,1664859
01/28/2013,131.359375,131.515625,130.9375,131.21875,1522995
01/29/2013,131.296875,131.484375,131.109375,131.21875,1343915
01/30/2013,131.125,131.4375,130.9375,131.1875,1973992
01/31/2013,131.25,131.5625,131.140625,131.28125,1488891
02/01/2013,131.21875,131.828125,130.9375,131.125,2324439
02/04/2013,131,131.6875,130.71875,131.5,1696401
02/05/2013,131.609375,131.65625,131.125,131.21875,1204324
02/06/2013,131.3125,131.65625,131.234375,131.609375,1326799
02/07/2013,131.625,131.921875,131.375,131.75,1497021
02/08/2013,131.6875,131.890625,131.40625,131.734375,1128456
02/11/2013,131.703125,131.78125,131.5,131.6875,717561
02/12/2013,131.59375,131.703125,131.375,131.4375,890408
02/13/2013,131.46875,131.53125,131.015625,131.15625,1313332
02/14/2013,131.078125,131.59375,131.015625,131.5625,1447780
02/15/2013,131.53125,131.734375,131.265625,131.53125,1077288
02/19/2013,131.5,131.671875,131.296875,131.34375,1036536
02/20/2013,131.328125,131.578125,131.15625,131.46875,1462435
02/21/2013,131.546875,131.984375,131.453125,131.796875,1567610
02/22/2013,131.796875,131.96875,131.625,131.90625,1539989
02/25/2013,131.859375,132.765625,131.640625,132.5,2578982
02/26/2013,132.703125,132.953125,132.484375,132.671875,2706174
02/27/2013,132.625,132.984375,132.53125,132.578125,1808848
02/28/2013,132.59375,132.875,132.578125,132.703125,475415
03/01/2013,131.625,131.90625,131.5625,131.78125,1246212
03/04/2013,131.875,132.015625,131.609375,131.625,787628
03/05/2013,131.640625,131.71875,131.375,131.53125,928160
03/06/2013,131.484375,131.53125,131.125,131.203125,1054514
03/07/2013,131.203125,131.328125,130.65625,130.71875,1365106
03/08/2013,130.6875,130.734375,130,130.21875,1907656
03/11/2013,130.328125,130.390625,130.078125,130.21875,749025
03/12/2013,130.21875,130.578125,130.046875,130.484375,947119
03/13/2013,130.5,130.65625,130.234375,130.46875,1261825
03/14/2013,130.46875,130.578125,130.109375,130.484375,1285998
03/15/2013,130.5,130.96875,130.390625,130.890625,1239542
03/18/2013,131.265625,131.671875,131.109375,131.203125,1349530
03/19/2013,131.21875,131.734375,131.078125,131.5625,1574433
03/20/2013,131.609375,131.75,131.1875,131.390625,1086953
03/21/2013,131.21875,131.546875,131.15625,131.40625,1119880
03/22/2013,131.53125,131.671875,131.265625,131.515625,1010111
03/25/2013,131.453125,131.75,131.09375,131.578125,1356646
03/26/2013,131.515625,131.734375,131.3125,131.703125,1122865
03/27/2013,131.671875,132.3125,131.59375,132.125,1361486
03/28/2013,132.125,132.34375,131.890625,131.984375,1076220
04/01/2013,131.734375,132.25,131.734375,132.125,511658
04/02/2013,132.1875,132.25,131.90625,131.984375,892169
04/03/2013,132,132.53125,131.828125,132.40625,1314995
04/04/2013,132.453125,132.875,132.328125,132.84375,1620438
04/05/2013,132.8125,133.359375,132.640625,133.15625,1580756
04/08/2013,133.0625,133.171875,132.734375,132.859375,1005707
04/09/2013,132.765625,133.015625,132.671875,132.8125,1012488
04/10/2013,132.8125,132.859375,132.34375,132.421875,1279043
04/11/2013,132.421875,132.65625,132.328125,132.546875,1069875
04/12/2013,132.546875,133.03125,132.515625,132.984375,1055008
04/15/2013,133,133.28125,132.875,133.046875,1266624
04/16/2013,133.203125,133.265625,132.796875,132.953125,1008711
04/17/2013,132.90625,133.296875,132.828125,133.0625,1223430
04/18/2013,133.09375,133.234375,132.9375,133.140625,1150376
04/19/2013,133.109375,133.125,132.90625,133,878731
04/22/2013,132.953125,133.25,132.765625,133.09375,916075
04/23/2013,133.09375,133.5625,133,133.078125,1431798
04/24/2013,133.03125,133.203125,132.875,133.109375,1010240
04/25/2013,133.046875,133.140625,132.890625,133.0625,863792
04/26/2013,133.078125,133.46875,133.046875,133.4375,838469
04/29/2013,133.375,133.546875,133.34375,133.453125,698342
04/30/2013,133.421875,133.75,133.34375,133.359375,1158072
05/01/2013,133.359375,133.78125,133.28125,133.609375,792192
05/02/2013,133.625,133.71875,133.40625,133.640625,1041902
05/03/2013,133.65625,133.71875,132.765625,132.859375,1815301
05/06/2013,132.921875,132.9375,132.640625,132.671875,747942
05/07/2013,132.765625,132.890625,132.53125,132.625,870605
05/08/2013,132.671875,132.875,132.53125,132.78125,1060507
05/09/2013,132.75,132.984375,132.6875,132.71875,1298741
05/10/2013,132.6875,132.765625,131.875,132.078125,1911587
05/13/2013,131.984375,132.171875,131.734375,131.96875,1314286
05/14/2013,131.984375,132.15625,131.515625,131.71875,1500469
05/15/2013,131.578125,132.03125,131.5,131.84375,1614634
05/16/2013,131.875,132.53125,131.71875,132.46875,1713148
05/17/2013,132.296875,132.53125,131.78125,131.859375,1484973
05/20/2013,131.890625,132.109375,131.640625,131.8125,1190631
05/21/2013,131.8125,132.09375,131.515625,131.90625,1662154
05/22/2013,132,132.375,131.109375,131.234375,3004542
05/23/2013,131.125,131.734375,130.875,131.265625,2443629
05/24/2013,131.28125,131.609375,131.15625,131.34375,1393877
05/28/2013,131.296875,131.390625,130.078125,130.390625,2983900
05/29/2013,130.171875,130.5625,129.59375,130.46875,3416985
05/30/2013,130.5625,130.71875,130.171875,130.484375,1749474
05/31/2013,130.5625,130.9375,129.8125,130.25,586449
06/03/2013,129.265625,129.9375,128.90625,129.390625,2074859
06/04/2013,129.578125,129.59375,129.140625,129.3125,1314756
06/05/2013,129.25,129.765625,129.1875,129.546875,1497380
06/06/2013,129.59375,130.46875,129.3125,129.78125,1917185
06/07/2013,129.75,130.109375,128.90625,129.078125,2053685
06/10/2013,129,129.15625,128.53125,128.734375,1363968
06/11/2013,128.765625,129,128.09375,128.84375,2067984
06/12/2013,128.890625,129.09375,128.546875,128.625,1394438
06/13/2013,128.625,129.453125,128.5625,129.015625,1655883
06/14/2013,129.25,129.796875,129.234375,129.609375,1097459
06/17/2013,129.5625,129.765625,129.1875,129.3125,933241
06/18/2013,129.21875,129.3125,128.9375,129.234375,1028386
06/19/2013,129.203125,129.375,127.390625,127.90625,1812988
06/20/2013,127.578125,127.625,126.640625,127.09375,2329173
06/21/2013,127.078125,127.375,126.015625,126.265625,1891970
06/24/2013,126.21875,126.25,125.015625,125.953125,1973159
06/25/2013,126.015625,126.546875,125.515625,125.703125,1599760
06/26/2013,125.609375,126.4375,125.328125,126.15625,1407693
06/27/2013,126.21875,126.78125,126.0625,126.640625,1308690
06/28/2013,126.703125,126.921875,125.984375,126.5625,1436070
07/01/2013,126.375,126.6875,125.96875,126.53125,852394
07/02/2013,126.65625,126.8125,126.421875,126.609375,812642
07/03/2013,126.578125,127.078125,126.1875,126.359375,874195
07/05/2013,126.203125,126.609375,124.484375,124.65625,1729783
07/08/2013,124.625,125.34375,124.359375,125.28125,1050649
07/09/2013,125.34375,125.609375,125.125,125.5,826053
07/10/2013,125.46875,125.71875,125.15625,125.28125,1149948
07/11/2013,125.875,126.5,125.84375,126.3125,1274382
07/12/2013,126.25,126.796875,126.0625,126.09375,972626
07/15/2013,126.15625,126.609375,125.8125,126.5,762137
07/16/2013,126.59375,126.828125,126.4375,126.59375,843310
07/17/2013,126.578125,127.3125,126.34375,127.015625,1287702
07/18/2013,126.984375,127.28125,126.609375,126.75,1011918
07/19/2013,126.78125,127.15625,126.703125,127.09375,654620
07/22/2013,127.078125,127.3125,127.0625,127.109375,603203
07/23/2013,127.203125,127.21875,126.78125,126.953125,778470
07/24/2013,127.03125,127.046875,126.109375,126.421875,1133171
07/25/2013,126.4375,126.671875,126.09375,126.296875,1201656
07/26/2013,126.59375,126.8125,126.453125,126.6875,700602
07/29/2013,126.625,126.8125,126.375,126.53125,677973
07/30/2013,126.4375,126.65625,126.359375,126.421875,740638
07/31/2013,126.40625,126.625,125.53125,126.4375,1660001
08/01/2013,126.5,126.546875,125.359375,125.375,1340420
08/02/2013,125.5,126.625,125.15625,126.578125,1561903
08/05/2013,126.5625,126.640625,126.171875,126.34375,699487
08/06/2013,126.375,126.484375,126.1875,126.359375,672231
08/07/2013,126.359375,126.75,126.328125,126.640625,946211
08/08/2013,126.640625,126.90625,126.578125,126.8125,920049
08/09/2013,126.75,126.875,126.640625,126.8125,520223
08/12/2013,126.796875,126.984375,126.484375,126.625,732539
08/13/2013,126.515625,126.515625,125.578125,125.703125,1390906
08/14/2013,125.671875,125.90625,125.5625,125.78125,785023
08/15/2013,125.796875,125.875,124.8125,125.5,1682284
08/16/2013,125.421875,125.46875,124.65625,124.984375,1145450
08/19/2013,125.015625,125.015625,124.484375,124.609375,1021671
08/20/2013,124.65625,125.28125,124.65625,125.171875,1036793
08/21/2013,125.15625,125.234375,124.390625,124.71875,1278075
08/22/2013,124.46875,124.5625,124.078125,124.265625,1225230
08/23/2013,124.390625,125.046875,124,124.859375,1476295
08/26/2013,124.9375,125.265625,124.796875,125.046875,1078713
08/27/2013,125.15625,125.875,125.03125,125.734375,1923633
08/28/2013,125.75,125.84375,125.140625,125.265625,2402128
08/29/2013,125.375,125.5625,124.84375,125.5,1774220
08/30/2013,125.40625,125.578125,125.046875,125.34375,406590
09/03/2013,123.859375,123.890625,122.984375,123.5625,1641880
09/04/2013,123.53125,123.59375,123.015625,123.09375,1031353
09/05/2013,123.09375,123.15625,122.265625,122.40625,1372113
09/06/2013,122.296875,123.640625,122.21875,122.9375,1715575
09/09/2013,122.984375,123.5,122.875,123.359375,822326
09/10/2013,123.1875,123.234375,122.78125,122.9375,1033500
09/11/2013,122.84375,123.46875,122.796875,123.390625,1271479
09/12/2013,123.390625,123.828125,123.328125,123.421875,1108657
09/13/2013,123.375,123.6875,122.9375,123.546875,993840
09/16/2013,124.203125,124.78125,123.9375,123.96875,1385764
09/17/2013,124.03125,124.359375,123.984375,124.140625,852762
09/18/2013,124.15625,125.90625,123.734375,125.578125,1795124
09/19/2013,125.6875,125.96875,125.140625,125.203125,1437341
09/20/2013,125.140625,125.4375,124.921875,125.296875,911777
09/23/2013,125.265625,125.609375,125.078125,125.453125,643931
09/24/2013,125.53125,126.046875,125.5,125.9375,889838
09/25/2013,125.859375,126.3125,125.796875,126.28125,977861
09/26/2013,126.140625,126.25,125.921875,126.09375,928675
09/27/2013,126.015625,126.484375,125.90625,126.34375,869080
09/30/2013,126.546875,126.671875,126.09375,126.390625,1098252
10/01/2013,126.421875,126.4375,126,126.125,1096668
10/02/2013,126.015625,126.65625,125.953125,126.390625,1109162
10/03/2013,126.4375,126.859375,126.15625,126.578125,1107023
10/04/2013,126.59375,126.640625,126.125,126.1875,750416
10/07/2013,126.28125,126.5625,126.265625,126.296875,615195
10/08/2013,126.328125,126.5,126.09375,126.265625,841292
10/09/2013,126.265625,126.5,126.046875,126.265625,1015011
10/10/2013,126.15625,126.1875,125.671875,125.984375,1310681
10/11/2013,126.015625,126.40625,125.9375,126.109375,866391
10/14/2013,126.34375,126.359375,125.671875,125.921875,190176
10/15/2013,125.765625,126.078125,125.65625,125.859375,899938
10/16/2013,125.78125,126.3125,125.515625,126.265625,1164710
10/17/2013,126.296875,127,126.234375,126.953125,1189868
10/18/2013,126.890625,127.359375,126.8125,126.890625,990417
10/21/2013,126.890625,126.96875,126.640625,126.75,597937
10/22/2013,126.765625,127.515625,126.71875,127.5,1186695
10/23/2013,127.46875,127.796875,127.46875,127.65625,870293
10/24/2013,127.546875,127.765625,127.375,127.40625,844838
10/25/2013,127.40625,127.671875,127.34375,127.609375,609105
10/28/2013,127.5625,127.65625,127.375,127.5625,498134
10/29/2013,127.515625,127.75,127.4375,127.71875,763596
10/30/2013,127.6875,128.0625,127.296875,127.515625,1249334
10/31/2013,127.46875,127.765625,127.078125,127.359375,1469826
11/01/2013,127.234375,127.28125,126.6875,126.78125,1110369
11/04/2013,126.6875,127.0625,126.671875,126.984375,543146
11/05/2013,126.9375,127.046875,126.390625,126.5625,1134295
11/06/2013,126.546875,127.03125,126.5,126.921875,1030712
11/07/2013,126.90625,127.421875,126.859375,127.140625,1270096
11/08/2013,127.1875,127.703125,125.953125,126.109375,1609004
11/11/2013,126.078125,126.265625,126,126.03125,162444
11/12/2013,126.015625,126.09375,125.71875,125.90625,889123
11/13/2013,125.890625,126.765625,125.859375,126.359375,920571
11/14/2013,126.671875,126.96875,126.421875,126.84375,1350405
11/15/2013,126.890625,126.96875,126.578125,126.765625,715898
11/18/2013,126.703125,127.15625,126.65625,127.046875,739043
11/19/2013,127.09375,127.171875,126.703125,126.734375,916513
11/20/2013,126.734375,127.078125,126.21875,126.359375,1612710
11/21/2013,126.28125,126.46875,125.90625,126.359375,1614183
11/22/2013,126.390625,126.640625,126.28125,126.578125,980192
11/25/2013,126.609375,126.8125,126.421875,126.671875,1654732
11/26/2013,126.765625,127.0625,126.671875,127.0625,2242573
11/27/2013,126.9375,126.96875,126.40625,126.75,1537505
11/29/2013,126.671875,126.703125,126.46875,126.640625,240474
12/02/2013,125.234375,125.328125,124.734375,124.859375,1170122
12/03/2013,124.921875,125.21875,124.796875,125.09375,879080
12/04/2013,125.0625,125.109375,124.4375,124.609375,1409631
12/05/2013,124.640625,124.71875,124.21875,124.359375,1165434
12/06/2013,124,124.578125,123.75,124.21875,1671034
12/09/2013,124.296875,124.59375,124.203125,124.34375,702113
12/10/2013,124.453125,124.9375,124.390625,124.875,1008864
12/11/2013,124.75,124.828125,124.375,124.515625,904738
12/12/2013,124.40625,124.546875,124.109375,124.25,1032146
12/13/2013,124.234375,124.40625,124.125,124.265625,627047
12/16/2013,124.296875,124.5,124.140625,124.234375,634511
12/17/2013,124.203125,124.609375,124.171875,124.546875,655984
12/18/2013,124.546875,124.75,123.78125,124.296875,1296718
12/19/2013,124.140625,124.25,123.421875,123.65625,1295056
12/20/2013,123.6875,123.875,123.265625,123.734375,872224
12/23/2013,123.71875,123.75,123.40625,123.4375,398009
12/24/2013,123.4375,123.546875,123,123.046875,202004
12/26/2013,123.0625,123.09375,122.90625,122.984375,133045
12/27/2013,123.015625,123.21875,122.828125,122.984375,380023
12/30/2013,123.03125,123.28125,122.84375,123.21875,358631
12/31/2013,123.234375,123.28125,122.765625,123.046875,351455
01/02/2014,122.796875,123.28125,122.78125,123.21875,611562
01/03/2014,123.15625,123.390625,123.046875,123.171875,527322
01/06/2014,123.09375,123.59375,122.9375,123.46875,683923
01/07/2014,123.484375,123.6875,123.40625,123.6875,721163
01/08/2014,123.609375,123.609375,123,123.109375,1220424
01/09/2014,123.125,123.359375,123.015625,123.328125,1051953
01/10/2014,123.3125,124.359375,123.265625,124.296875,1683252
01/13/2014,124.265625,124.640625,124.234375,124.578125,762470
01/14/2014,124.5625,124.578125,124.109375,124.171875,838856
01/15/2014,124.125,124.265625,123.75,123.96875,1028370
01/16/2014,123.921875,124.375,123.859375,124.265625,842611
01/17/2014,124.296875,124.5,124.15625,124.421875,703983
01/21/2014,124.453125,124.578125,124,124.375,889144
01/22/2014,124.3125,124.375,123.890625,123.96875,869154
01/23/2014,123.90625,124.90625,123.84375,124.78125,1653026
01/24/2014,124.71875,125.5,124.671875,125.0625,1875923
01/27/2014,125.203125,125.296875,124.8125,124.8125,1257348
01/28/2014,124.984375,125.125,124.65625,125.078125,1198504
01/29/2014,124.84375,125.734375,124.71875,125.625,1982503
01/30/2014,125.5625,125.640625,125.1875,125.453125,1392073
01/31/2014,125.4375,125.90625,125.34375,125.75,1387281
02/03/2014,125.78125,126.5,125.609375,126.421875,1618164
02/04/2014,126.40625,126.46875,126.0625,126.140625,1231484
02/05/2014,126.09375,126.46875,125.796875,125.875,1470239
02/06/2014,125.84375,125.953125,125.53125,125.609375,1093130
02/07/2014,125.609375,126.28125,125.21875,125.96875,1765816
02/10/2014,125.859375,126.109375,125.828125,125.9375,651835
02/11/2014,125.953125,125.984375,125.453125,125.578125,1073023
02/12/2014,125.515625,125.609375,125.09375,125.25,1056413
02/13/2014,125.265625,125.8125,125.25,125.75,1176248
02/14/2014,125.765625,125.96875,125.5625,125.640625,848225
02/18/2014,125.65625,126.0625,125.515625,125.953125,956454
02/19/2014,125.9375,126.28125,125.65625,125.734375,1042209
02/20/2014,125.671875,126.0625,125.359375,125.5,1468950
02/21/2014,125.53125,125.640625,125.265625,125.609375,975735
02/24/2014,125.609375,125.75,125.359375,125.46875,1200898
02/25/2014,125.53125,125.875,125.484375,125.828125,1820361
02/26/2014,125.796875,126.171875,125.6875,126.078125,2282827
02/27/2014,126.140625,126.40625,126.046875,126.3125,1414793
02/28/2014,124.75,124.859375,124.1875,124.53125,1483292
03/03/2014,125.1875,125.203125,124.671875,124.984375,1537578
03/04/2014,125,125.015625,124.21875,124.328125,1297735
03/05/2014,124.28125,124.453125,124.0625,124.328125,1267333
03/06/2014,124.265625,124.328125,123.890625,124.015625,1081753
03/07/2014,124.0625,124.15625,123.328125,123.546875,1695402
03/10/2014,123.59375,123.75,123.421875,123.65625,888360
03/11/2014,123.625,123.84375,123.5,123.78125,1040177
03/12/2014,123.75,124.21875,123.6875,124.0625,1282405
03/13/2014,124.015625,124.734375,123.78125,124.625,2029979
03/14/2014,124.609375,125,124.46875,124.65625,1725502
03/17/2014,124.59375,124.71875,124.265625,124.28125,912331
03/18/2014,124.328125,124.59375,124.25,124.46875,988195
03/19/2014,124.5,124.59375,123.15625,123.46875,1710572
03/20/2014,123.421875,123.59375,123.234375,123.390625,1588779
03/21/2014,123.453125,123.546875,123.265625,123.453125,984094
03/24/2014,123.46875,123.53125,123.078125,123.421875,1183796
03/25/2014,123.421875,123.5625,123.265625,123.46875,1050629
03/26/2014,123.34375,123.921875,123.28125,123.796875,1214639
03/27/2014,123.8125,123.953125,123.578125,123.859375,1434929
03/28/2014,123.75,123.90625,123.40625,123.5625,976086
03/31/2014,123.453125,123.546875,123.125,123.5,1290581
04/01/2014,123.53125,123.546875,123.28125,123.359375,969829
04/02/2014,123.40625,123.421875,122.84375,122.921875,1319552
04/03/2014,122.890625,123.09375,122.828125,122.96875,1106944
04/04/2014,122.890625,123.71875,122.703125,123.671875,2049766
04/07/2014,123.65625,124,123.625,123.859375,1123125
04/08/2014,123.8125,124.09375,123.703125,124.046875,1219288
04/09/2014,124.015625,124.265625,123.71875,124.203125,1259609
04/10/2014,124.1875,124.90625,124.140625,124.703125,1752487
04/11/2014,124.515625,124.9375,124.46875,124.796875,1224315
04/14/2014,124.828125,125.078125,124.453125,124.59375,958768
04/15/2014,124.5,124.875,124.359375,124.59375,1383060
04/16/2014,124.5625,124.640625,124.296875,124.375,1141002
04/17/2014,124.40625,124.546875,123.625,123.75,1095096
04/21/2014,123.71875,123.953125,123.578125,123.734375,433570
04/22/2014,123.75,123.890625,123.5,123.625,928263
04/23/2014,123.75,124.09375,123.65625,123.953125,1022979
04/24/2014,123.828125,124.0625,123.59375,123.921875,1400257
04/25/2014,123.96875,124.3125,123.921875,124.0625,1054779
04/28/2014,124.0625,124.203125,123.75,124.09375,1106876
04/29/2014,123.90625,124.0625,123.6875,124,1129567
04/30/2014,124.015625,124.453125,123.8125,124.421875,1531195
05/01/2014,124.421875,124.796875,124.296875,124.65625,952433
05/02/2014,124.578125,124.90625,123.78125,124.65625,2456385
05/05/2014,124.703125,124.890625,124.515625,124.578125,729086
05/06/2014,124.578125,124.703125,124.4375,124.640625,966666
05/07/2014,124.65625,124.96875,124.46875,124.875,1497808
05/08/2014,124.84375,125.15625,124.765625,125.109375,1431017
05/09/2014,125,125.1875,124.90625,125,935111
05/12/2014,124.96875,124.984375,124.671875,124.734375,717142
05/13/2014,124.71875,125.140625,124.640625,125.0625,1044585
05/14/2014,125.09375,125.8125,125.03125,125.625,1597706
05/15/2014,125.578125,126.15625,125.390625,125.921875,2035636
05/16/2014,125.9375,126.015625,125.6875,125.78125,1078930
05/19/2014,125.6875,126.046875,125.65625,125.734375,950868
05/20/2014,125.671875,126.046875,125.625,126,1172304
05/21/2014,125.953125,126.109375,125.5625,125.8125,1303774
05/22/2014,125.796875,125.875,125.5625,125.625,1095637
05/23/2014,125.65625,125.90625,125.609375,125.796875,808374
05/27/2014,125.75,125.921875,125.609375,125.90625,1944336
05/28/2014,125.890625,126.53125,125.875,126.484375,2967600
05/29/2014,126.421875,126.765625,126.21875,126.40625,1711331
05/30/2014,126.25,126.34375,126.03125,126.328125,313666
06/02/2014,125.328125,125.390625,124.796875,124.890625,1272700
06/03/2014,124.9375,125,124.34375,124.421875,1304706
06/04/2014,124.359375,124.625,124.1875,124.3125,1402154
06/05/2014,124.34375,124.703125,124.03125,124.515625,1503225
06/06/2014,124.515625,124.96875,124.296875,124.359375,1525315
06/09/2014,124.359375,124.390625,124.0625,124.1875,826588
06/10/2014,124.25,124.359375,123.921875,124.015625,1040230
06/11/2014,123.9375,124.25,123.796875,124.078125,1081720
06/12/2014,124.0625,124.640625,123.90625,124.546875,1361144
06/13/2014,124.359375,124.421875,123.953125,124.296875,1222815
06/16/2014,124.3125,124.515625,124.1875,124.3125,756977
06/17/2014,124.328125,124.390625,123.84375,123.859375,1108389
06/18/2014,123.875,124.5,123.78125,124.21875,1335184
06/19/2014,124.5,124.734375,124.125,124.34375,1324008
06/20/2014,124.375,124.453125,124.078125,124.265625,849313
06/23/2014,124.375,124.53125,124.21875,124.265625,659782
06/24/2014,124.25,124.640625,124.21875,124.5625,1130867
06/25/2014,124.59375,125.078125,124.546875,124.796875,1181032
06/26/2014,124.765625,125.171875,124.703125,125.078125,1131588
06/27/2014,125,125.28125,124.984375,125.09375,751827
06/30/2014,125.09375,125.234375,124.953125,125.171875,825135
07/01/2014,125.078125,125.15625,124.8125,124.875,832276
07/02/2014,124.859375,124.984375,124.375,124.390625,1074349
07/03/2014,124.4375,124.5,123.8125,124.21875,1313422
07/07/2014,124.21875,124.421875,124.0625,124.390625,637578
07/08/2014,124.40625,124.875,124.328125,124.75,1023765
07/09/2014,124.765625,125,124.421875,124.984375,1146552
07/10/2014,124.90625,125.484375,124.90625,125.171875,1404292
07/11/2014,125.125,125.375,125.03125,125.21875,662222
07/14/2014,125.21875,125.25,124.96875,124.96875,558109
07/15/2014,124.984375,125.25,124.75,124.90625,1330613
07/16/2014,124.921875,125.046875,124.75,124.890625,722272
07/17/2014,124.984375,125.671875,124.96875,125.359375,1531360
07/18/2014,125.59375,125.734375,125.15625,125.28125,1002418
07/21/2014,125.234375,125.515625,125.1875,125.265625,710502
07/22/2014,125.3125,125.453125,125.0625,125.40625,1022281
07/23/2014,125.421875,125.546875,125.296875,125.421875,608591
07/24/2014,125.40625,125.46875,124.953125,125.046875,1174382
07/25/2014,125.109375,125.359375,124.9375,125.3125,902571
07/28/2014,125.296875,125.328125,125.0625,125.125,765567
07/29/2014,125.15625,125.4375,125.03125,125.375,1129557
07/30/2014,125.34375,125.421875,124.4375,124.65625,1830910
07/31/2014,124.6875,124.765625,124.234375,124.609375,1885354
08/01/2014,124.640625,125.390625,124.40625,125.25,2207552
08/04/2014,125.25,125.5625,125.171875,125.375,752790
08/05/2014,125.4375,125.546875,125.09375,125.390625,1180650
08/06/2014,125.34375,125.765625,125.3125,125.5,1226954
08/07/2014,125.515625,126.015625,125.390625,125.921875,1341545
08/08/2014,125.953125,126.546875,125.859375,125.96875,1710296
08/11/2014,125.828125,126,125.734375,125.921875,811021
08/12/2014,125.859375,126,125.765625,125.828125,840876
08/13/2014,125.796875,126.21875,125.5625,126.140625,1333778
08/14/2014,126.125,126.4375,126.015625,126.296875,1286432
08/15/2014,126.25,127.03125,126.171875,126.640625,1509794
08/18/2014,126.625,126.65625,126.25,126.359375,783611
08/19/2014,126.28125,126.59375,126.203125,126.21875,990938
08/20/2014,126.25,126.296875,125.796875,125.921875,1185117
08/21/2014,125.921875,126.125,125.78125,126.015625,1138277
08/22/2014,126,126.234375,125.609375,125.890625,1350013
08/25/2014,125.84375,126.078125,125.8125,125.953125,1310860
08/26/2014,125.984375,126.203125,125.9375,126.03125,1951387
08/27/2014,126,126.3125,125.96875,126.234375,2309338
08/28/2014,126.25,126.578125,126.234375,126.40625,1591275
08/29/2014,126.375,126.46875,126.234375,126.328125,299804
09/02/2014,125.75,125.765625,125.203125,125.234375,1319117
09/03/2014,125.25,125.34375,124.765625,125.234375,1353230
09/04/2014,125.328125,125.546875,124.875,124.984375,1669202
09/05/2014,124.984375,125.671875,124.8125,125.0625,1594690
09/08/2014,125.0625,125.375,124.859375,124.953125,1124745
09/09/2014,124.859375,124.921875,124.578125,124.65625,1273089
09/10/2014,124.625,124.71875,124.375,124.484375,1255400
09/11/2014,124.421875,124.703125,124.328125,124.5,1339127
09/12/2014,124.40625,124.453125,123.953125,123.984375,1454666
09/15/2014,124.046875,124.25,123.921875,124.15625,890028
09/16/2014,124.15625,124.453125,124.125,124.21875,1137205
09/17/2014,124.203125,124.625,123.8125,124.046875,1661310
09/18/2014,123.796875,123.953125,123.5625,123.734375,1346766
09/19/2014,123.796875,124.09375,123.5,124,1083333
09/22/2014,124.03125,124.390625,124.03125,124.28125,1020022
09/23/2014,124.265625,124.59375,124.25,124.53125,938261
09/24/2014,124.5625,124.59375,124.25,124.28125,1031800
09/25/2014,124.28125,124.84375,124.265625,124.75,1424907
09/26/2014,124.78125,124.921875,124.34375,124.4375,1577671
09/29/2014,124.5,124.875,124.390625,124.765625,1062218
09/30/2014,124.84375,124.859375,124.5,124.640625,1337205
10/01/2014,124.796875,125.65625,124.6875,125.515625,1877471
10/02/2014,125.625,125.71875,125.265625,125.3125,1702741
10/03/2014,125.390625,125.40625,124.8125,125.140625,1720837
10/06/2014,125.1875,125.578125,125.109375,125.40625,1062734
10/07/2014,125.453125,126.125,125.359375,126,1488095
10/08/2014,126.0625,126.625,125.796875,126.375,2203046
10/09/2014,126.453125,126.890625,126.34375,126.4375,2175858
10/10/2014,126.515625,126.78125,126.21875,126.546875,1342833
10/13/2014,126.765625,127.390625,126.703125,127.15625,514401
10/14/2014,127.34375,127.734375,127,127.4375,2039863
10/15/2014,127.5,130.53125,127.234375,128.5625,3949160
10/16/2014,128.234375,129.5625,127.78125,128.046875,3112372
10/17/2014,127.984375,128.328125,127.4375,127.640625,1886911
10/20/2014,127.625,127.96875,127.390625,127.8125,1352418
10/21/2014,127.734375,128.265625,127.4375,127.65625,1385119
10/22/2014,127.53125,127.875,127.234375,127.421875,1242617
10/23/2014,127.546875,127.6875,126.8125,127.015625,1348108
10/24/2014,127.0625,127.453125,127,127.03125,1294786
10/27/2014,126.96875,127.25,126.796875,127.140625,857135
10/28/2014,127.09375,127.21875,126.8125,126.953125,1130155
10/29/2014,126.890625,127.015625,126.1875,126.453125,1094820
10/30/2014,126.546875,126.765625,126.3125,126.625,1303263
10/31/2014,126.625,126.734375,126.203125,126.359375,1336097
11/03/2014,126.421875,126.625,125.953125,126.265625,1096395
11/04/2014,126.3125,126.625,126.21875,126.28125,1073438
11/05/2014,126.328125,126.421875,126.0625,126.28125,880687
11/06/2014,126.328125,126.46875,125.90625,126.0625,1070800
11/07/2014,126,126.75,125.84375,126.65625,1551338
11/10/2014,126.671875,127.015625,126.25,126.265625,929749
11/11/2014,126.265625,126.34375,126.0625,126.109375,221204
11/12/2014,126.1875,126.625,126.109375,126.328125,968760
11/13/2014,126.21875,126.546875,126.15625,126.484375,1015817
11/14/2014,126.515625,126.75,126.171875,126.6875,1121799
11/17/2014,126.609375,127,126.421875,126.46875,943013
11/18/2014,126.5,126.734375,126.46875,126.640625,795987
11/19/2014,126.65625,126.703125,126.265625,126.390625,1105781
11/20/2014,126.34375,126.8125,126.34375,126.5625,1495668
11/21/2014,126.515625,126.71875,126.359375,126.6875,1076612
11/24/2014,126.6875,126.875,126.515625,126.78125,1648185
11/25/2014,126.78125,127.15625,126.6875,127.125,2594676
11/26/2014,127.109375,127.40625,127.09375,127.359375,1403554
11/28/2014,127.296875,127.78125,127.28125,127.65625,227209
12/01/2014,127.203125,127.484375,126.703125,126.921875,1348979
12/02/2014,126.78125,126.828125,126.265625,126.34375,1233085
12/03/2014,126.3125,126.421875,126.15625,126.28125,1101272
12/04/2014,126.34375,126.640625,126.140625,126.5,1079890
12/05/2014,126.625,126.640625,125.734375,125.90625,1599354
12/08/2014,125.84375,126.375,125.546875,126.21875,1018001
12/09/2014,126.203125,126.875,126.109375,126.59375,1389600
12/10/2014,126.640625,127.21875,126.5,127.09375,1239026
12/11/2014,127.09375,127.375,126.59375,126.875,1441962
12/12/2014,126.921875,127.796875,126.90625,127.546875,1457995
12/15/2014,127.625,127.875,127.1875,127.25,1336607
12/16/2014,127.28125,128.390625,127.265625,127.640625,1398051
12/17/2014,127.71875,127.84375,126.890625,126.953125,1241533
12/18/2014,126.9375,127.234375,126.3125,126.484375,1161398
12/19/2014,126.453125,126.78125,126.28125,126.640625,751747
12/22/2014,126.6875,126.828125,126.515625,126.703125,401472
12/23/2014,126.71875,126.796875,125.90625,126,531318
12/24/2014,125.984375,126.1875,125.65625,125.953125,298530
12/26/2014,125.984375,126.109375,125.921875,126.015625,123138
12/29/2014,126,126.484375,125.96875,126.390625,392606
12/30/2014,126.375,126.75,126.375,126.578125,381845
12/31/2014,126.609375,126.8125,126.5625,126.796875,254618
01/02/2015,126.609375,127.328125,126.40625,127.15625,768078
01/05/2015,127.15625,127.84375,127.046875,127.765625,901819
01/06/2015,127.75,129.109375,127.734375,128.359375,1660285
01/07/2015,128.5,128.6875,128.015625,128.46875,1419293
01/08/2015,128.3125,128.375,127.96875,128.109375,908440
01/09/2015,128.109375,128.84375,128.0625,128.578125,1416380
01/12/2015,128.78125,129.140625,128.53125,129.0625,797813
01/13/2015,129.109375,129.546875,128.84375,129.3125,1590576
01/14/2015,129.265625,130.234375,129.203125,129.765625,1913416
01/15/2015,129.59375,130.9375,129.203125,130.34375,1820187
01/16/2015,130.75,130.9375,129.734375,129.859375,1562617
01/20/2015,129.8125,130.34375,129.65625,129.859375,1303801
01/21/2015,129.9375,130.140625,129.28125,129.4375,1485440
01/22/2015,129.359375,129.84375,128.734375,129.125,1638310
01/23/2015,129.3125,130.015625,129.21875,129.671875,1134234
01/26/2015,130,130.1875,129.375,129.5,875700
01/27/2015,129.546875,130.171875,129.5,129.65625,1143208
01/28/2015,129.65625,130.625,129.5,130.46875,1233194
01/29/2015,130.421875,130.53125,129.90625,130.1875,1241381
01/30/2015,130.203125,131.171875,130.125,130.875,1631076
02/02/2015,131.046875,131.109375,130.5625,130.921875,1225890
02/03/2015,130.921875,131.046875,129.890625,130.0625,1311686
02/04/2015,129.96875,130.484375,129.578125,130,1499163
02/05/2015,130.4375,130.625,129.65625,129.859375,1153727
02/06/2015,129.796875,130.359375,128.46875,128.71875,1772691
02/09/2015,128.609375,129.109375,128.34375,128.609375,1100046
02/10/2015,128.4375,128.5625,128.125,128.359375,1222990
02/11/2015,128.375,128.59375,128,128.359375,1072363
02/12/2015,128.15625,128.59375,127.859375,128.421875,1410503
02/13/2015,128.4375,128.5,128.046875,128.234375,872653
02/17/2015,128.046875,128.4375,127.140625,127.25,1590962
02/18/2015,127.359375,128.25,127.0625,128.015625,1542513
02/19/2015,127.96875,128.25,127.5,127.59375,1192770
02/20/2015,127.546875,128.234375,127.3125,127.40625,1444001
02/23/2015,127.5,128.046875,127.421875,128.015625,1311074
02/24/2015,128.03125,128.78125,127.578125,128.6875,2403090
02/25/2015,128.703125,128.890625,128.515625,128.71875,1924977
02/26/2015,128.703125,129.03125,128.09375,128.28125,1359816
02/27/2015,128.234375,128.484375,128.015625,128.421875,299340
03/02/2015,127.796875,127.875,127.046875,127.125,1149336
03/03/2015,127.140625,127.234375,126.765625,126.8125,1160722
03/04/2015,126.859375,127.109375,126.71875,126.90625,924432
03/05/2015,126.953125,127.1875,126.734375,127.0625,1049495
03/06/2015,127.046875,127.5,125.921875,126.0625,1674587
03/09/2015,126.078125,126.5,125.953125,126.421875,972196
03/10/2015,126.46875,127.078125,126.28125,126.921875,1310860
03/11/2015,126.890625,127.171875,126.625,126.984375,1157001
03/12/2015,126.96875,127.671875,126.890625,127.203125,1413444
03/13/2015,127.03125,127.375,126.78125,127.109375,978908
03/16/2015,127.078125,127.515625,127.046875,127.21875,722945
03/17/2015,127.375,127.703125,127.3125,127.5,760733
03/18/2015,127.515625,128.953125,127.5,128.5625,1348751
03/19/2015,128.75,129.015625,128.078125,128.21875,1286013
03/20/2015,128.234375,128.765625,128.234375,128.6875,762552
03/23/2015,128.6875,128.9375,128.609375,128.84375,728413
03/24/2015,128.875,129.21875,128.75,129.09375,941478
03/25/2015,129.15625,129.390625,128.6875,128.8125,981483
03/26/2015,128.71875,129.0625,128.171875,128.234375,1292134
03/27/2015,128.390625,128.703125,128.25,128.6875,922609
03/30/2015,128.546875,128.765625,128.4375,128.59375,775300
03/31/2015,128.71875,128.984375,128.5625,128.90625,1040695
04/01/2015,128.90625,129.515625,128.75,129.375,1094906
04/02/2015,129.421875,129.71875,129.078125,129.171875,847196
04/03/2015,129.125,130.125,129.109375,129.921875,355187
04/06/2015,129.90625,130.03125,129.34375,129.421875,500944
04/07/2015,129.4375,129.5,129.125,129.359375,754787
04/08/2015,129.390625,129.546875,129.109375,129.359375,868711
04/09/2015,129.25,129.53125,128.75,128.84375,985326
04/10/2015,128.828125,129.09375,128.75,128.8125,802559
04/13/2015,128.84375,129.09375,128.578125,128.984375,748593
04/14/2015,129.09375,129.703125,129.046875,129.3125,1145247
04/15/2015,129.34375,129.625,129.25,129.4375,746621
04/16/2015,129.5,129.75,129.265625,129.6875,1141423
04/17/2015,129.578125,129.96875,129.390625,129.8125,1139834
04/20/2015,129.59375,129.796875,129.4375,129.53125,769215
04/21/2015,129.53125,129.71875,129.3125,129.359375,684108
04/22/2015,129.40625,129.53125,128.703125,128.859375,1099814
04/23/2015,128.828125,129.203125,128.734375,129.140625,1129975
04/24/2015,129.0625,129.46875,128.90625,129.390625,1007935
04/27/2015,129.421875,129.578125,129.125,129.3125,656327
04/28/2015,129.359375,129.40625,128.703125,128.953125,1085238
04/29/2015,128.734375,128.90625,128.09375,128.515625,1937469
04/30/2015,128.5,128.640625,127.8125,128.375,1901760
05/01/2015,128.453125,128.453125,127.734375,127.78125,842326
05/04/2015,127.875,128.078125,127.59375,127.765625,843627
05/05/2015,127.71875,127.96875,127.25,127.421875,1460625
05/06/2015,127.390625,127.484375,126.90625,127.09375,1543524
05/07/2015,126.984375,127.515625,126.421875,127.390625,1820989
05/08/2015,127.328125,128.203125,127.234375,127.828125,1638158
05/11/2015,127.796875,128,126.796875,126.890625,1275426
05/12/2015,126.8125,127.21875,126.203125,127.046875,2028527
05/13/2015,127.078125,127.671875,126.875,126.984375,1883543
05/14/2015,126.921875,127.5,126.84375,127.390625,1408069
05/15/2015,127.40625,128.140625,127.40625,128.03125,1173534
05/18/2015,127.96875,128.09375,127.265625,127.375,1002490
05/19/2015,127.296875,127.765625,126.765625,127.03125,1649004
05/20/2015,126.875,127.4375,126.859375,127.265625,1223315
05/21/2015,127.265625,127.734375,127.171875,127.71875,1275922
05/22/2015,127.703125,127.90625,127.125,127.28125,1240200
05/26/2015,127.53125,127.953125,127.328125,127.90625,2350139
05/27/2015,127.890625,127.953125,127.578125,127.890625,2737708
05/28/2015,127.90625,128.109375,127.8125,128.03125,1761345
05/29/2015,127.96875,128.328125,127.9375,128.3125,356087
06/01/2015,127.484375,127.671875,126.859375,126.90625,1137668
06/02/2015,127.015625,127.03125,126.21875,126.3125,1450098
06/03/2015,126.328125,126.40625,125.34375,125.484375,1675198
06/04/2015,125.515625,126.0625,124.984375,125.9375,1771493
06/05/2015,125.921875,125.9375,124.6875,125.109375,1535058
06/08/2015,125.0625,125.453125,124.984375,125.34375,843725
06/09/2015,125.328125,125.59375,124.796875,125.109375,1101736
06/10/2015,124.921875,125,124.515625,124.65625,1351266
06/11/2015,124.6875,125.390625,124.453125,125.359375,1459290
06/12/2015,125.34375,125.71875,125.109375,125.3125,1236506
06/15/2015,125.453125,125.96875,125.375,125.59375,1073621
06/16/2015,125.609375,125.984375,125.578125,125.90625,885239
06/17/2015,125.984375,126.21875,125.171875,126.171875,1171822
06/18/2015,126.078125,126.5625,125.578125,125.859375,1546153
06/19/2015,125.984375,126.640625,125.953125,126.578125,914790
06/22/2015,126.4375,126.484375,125.6875,125.828125,1035332
06/23/2015,125.734375,125.796875,125.28125,125.453125,1161541
06/24/2015,125.453125,125.78125,125.328125,125.734375,1092138
06/25/2015,125.734375,125.8125,125.28125,125.578125,1212261
06/26/2015,125.484375,125.625,124.90625,125.015625,1028575
06/29/2015,126.3125,126.90625,125.59375,126.203125,1584433
06/30/2015,126.21875,126.390625,125.8125,126.171875,1646899
07/01/2015,125.96875,126.03125,125.28125,125.46875,1215042
07/02/2015,125.46875,126.109375,125.15625,125.875,1149801
07/03/2015,125.953125,126.390625,125.859375,125.875,130833
07/06/2015,127,127.203125,126.234375,126.765625,1180551
07/07/2015,126.640625,127.5625,126.46875,127.125,1476825
07/08/2015,126.890625,127.59375,126.859375,127.375,1399057
07/09/2015,127.4375,127.5625,126.5,126.671875,1105119
07/10/2015,126.515625,126.53125,125.6875,125.734375,1255779
07/13/2015,126.375,126.375,125.3125,125.59375,1127583
07/14/2015,125.46875,126.03125,125.421875,125.9375,894726
07/15/2015,125.96875,126.390625,125.609375,126.34375,998629
07/16/2015,126.25,126.3125,125.859375,126.171875,855139
07/17/2015,126.140625,126.3125,125.890625,126.125,730798
07/20/2015,126.125,126.15625,125.703125,125.890625,750882
07/21/2015,125.921875,126.296875,125.6875,126.203125,808965
07/22/2015,126.265625,126.484375,126.15625,126.3125,821774
07/23/2015,126.28125,126.6875,126.125,126.609375,908172
07/24/2015,126.59375,126.875,126.546875,126.71875,837483
07/27/2015,126.78125,127.28125,126.765625,127.15625,750692
07/28/2015,127.21875,127.234375,126.8125,127,818709
07/29/2015,126.921875,126.984375,126.625,126.8125,779045
07/30/2015,126.734375,126.90625,126.34375,126.84375,1186012
07/31/2015,126.859375,127.625,126.640625,127.4375,1364587
08/03/2015,127.578125,127.921875,127.359375,127.828125,915775
08/04/2015,127.796875,127.875,127.078125,127.265625,955687
08/05/2015,127.109375,127.234375,126.546875,126.75,1261874
08/06/2015,126.75,127.140625,126.65625,127.015625,805080
08/07/2015,127.0625,127.5625,126.8125,127.453125,1128190
08/10/2015,127.5,127.515625,126.953125,127.015625,653550
08/11/2015,127.09375,128.078125,127.03125,127.859375,1212481
08/12/2015,127.828125,128.6875,127.703125,127.96875,1526118
08/13/2015,127.859375,128.21875,127.40625,127.484375,1233841
08/14/2015,127.46875,127.6875,127.1875,127.359375,707747
08/17/2015,127.390625,127.828125,127.328125,127.765625,642142
08/18/2015,127.609375,127.90625,127.375,127.453125,708473
08/19/2015,127.4375,128.234375,127.125,128.09375,1277161
08/20/2015,128.0625,128.484375,128.03125,128.328125,1054657
08/21/2015,128.46875,128.875,128.34375,128.671875,1244896
08/24/2015,128.84375,129.890625,128.734375,129.203125,2382807
08/25/2015,129.015625,129.125,128.015625,128.0625,2333390
08/26/2015,128.5625,128.8125,127.78125,127.9375,2759224
08/27/2015,127.90625,128.171875,127.5625,127.953125,2287588
08/28/2015,127.84375,128.34375,127.671875,127.78125,1140247
08/31/2015,127.515625,128.171875,127.40625,127.640625,249756
09/01/2015,126.953125,127.5,126.890625,127.3125,1247080
09/02/2015,127.4375,127.546875,127.078125,127.15625,1001307
09/03/2015,127.171875,127.546875,127.15625,127.390625,899191
09/04/2015,127.4375,128.125,127.375,127.75,1203137
09/08/2015,127.75,127.765625,127.234375,127.28125,757913
09/09/2015,127.34375,127.484375,126.796875,127.4375,1164989
09/10/2015,127.28125,127.484375,127,127.15625,952595
09/11/2015,127.109375,127.59375,127.046875,127.53125,680192
09/14/2015,127.453125,127.6875,127.34375,127.546875,523946
09/15/2015,127.546875,127.703125,126.578125,126.703125,949629
09/16/2015,126.703125,126.875,126.515625,126.515625,974659
09/17/2015,126.578125,127.53125,126.53125,127.296875,1125393
09/18/2015,127.453125,128.015625,127.4375,127.96875,1059561
09/21/2015,127.90625,127.90625,127.328125,127.375,730184
09/22/2015,127.40625,128.1875,127.390625,128.109375,910973
09/23/2015,128.046875,128.34375,127.78125,127.96875,875569
09/24/2015,127.90625,128.46875,127.8125,128.125,1217359
09/25/2015,127.875,127.984375,127.4375,127.84375,1116230
09/28/2015,127.890625,128.453125,127.828125,128.4375,956433
09/29/2015,128.40625,128.890625,128.265625,128.8125,1270734
09/30/2015,128.78125,128.921875,128.34375,128.734375,1212490
10/01/2015,128.875,129.03125,128.578125,128.75,1169112
10/02/2015,128.796875,130.015625,128.59375,129.34375,1841806
10/05/2015,129.296875,129.46875,128.78125,128.828125,854072
10/06/2015,128.828125,129.09375,128.6875,129.03125,1028992
10/07/2015,129.0625,129.125,128.609375,128.8125,963526
10/08/2015,128.71875,129.0625,128.359375,128.46875,1142428
10/09/2015,128.515625,128.71875,128.171875,128.484375,927941
10/12/2015,128.5625,128.8125,128.4375,128.765625,153439
10/13/2015,128.78125,128.984375,128.625,128.859375,808091
10/14/2015,128.9375,129.625,128.90625,129.546875,1173977
10/15/2015,129.59375,129.625,129.078125,129.125,1015199
10/16/2015,129.125,129.296875,128.9375,129.03125,740598
10/19/2015,128.953125,129.125,128.71875,128.96875,838547
10/20/2015,128.984375,129.0625,128.484375,128.5625,1001871
10/21/2015,128.5625,129,128.53125,128.875,817775
10/22/2015,128.921875,129.09375,128.671875,128.9375,1074252
10/23/2015,128.890625,128.921875,128.28125,128.421875,1183949
10/26/2015,128.40625,128.671875,128.328125,128.59375,709927
10/27/2015,128.609375,129.078125,128.5625,128.921875,910211
10/28/2015,128.859375,128.90625,128.109375,128.203125,1253329
10/29/2015,128.140625,128.265625,127.546875,127.609375,1512954
10/30/2015,127.625,127.828125,127.453125,127.6875,1427453
11/02/2015,127.765625,127.828125,127.34375,127.375,933071
11/03/2015,127.5,127.515625,127.046875,127.109375,851053
11/04/2015,127.15625,127.28125,126.796875,126.921875,1304208
11/05/2015,126.953125,127.0625,126.671875,126.828125,1195422
11/06/2015,126.9375,127,125.875,126.046875,1747243
11/09/2015,126.125,126.140625,125.703125,126.03125,1230049
11/10/2015,125.984375,126.359375,125.953125,126.296875,1055245
11/11/2015,126.125,126.234375,126.03125,126.0625,222793
11/12/2015,126.125,126.375,126.015625,126.203125,1082188
11/13/2015,126.234375,126.65625,126.140625,126.53125,1024668
11/16/2015,126.9375,126.9375,126.625,126.671875,925267
11/17/2015,126.65625,126.84375,126.3125,126.734375,1055605
11/18/2015,126.6875,126.78125,126.421875,126.65625,872148
11/19/2015,126.609375,126.890625,126.546875,126.78125,961836
11/20/2015,126.734375,126.953125,126.640625,126.671875,928515
11/23/2015,126.640625,126.890625,126.375,126.8125,1696588
11/24/2015,126.859375,127.1875,126.765625,126.90625,2335521
11/25/2015,126.921875,127.078125,126.8125,126.984375,1595026
11/27/2015,127.109375,127.234375,127.015625,127.078125,506948
11/30/2015,127.078125,127.15625,126.875,127.015625,248794
12/01/2015,126.5,127.078125,126.234375,126.953125,1168158
12/02/2015,127.015625,127.015625,126.5,126.71875,1010822
12/03/2015,126.671875,126.71875,125.34375,125.546875,1475403
12/04/2015,125.671875,126.0625,125.28125,125.921875,1576583
12/07/2015,125.875,126.484375,125.78125,126.34375,866864
12/08/2015,126.3125,126.609375,126.1875,126.328125,986564
12/09/2015,126.4375,126.765625,126.109375,126.671875,1124901
12/10/2015,126.546875,126.703125,126.296875,126.328125,748158
12/11/2015,126.3125,127.3125,126.28125,127.15625,1236976
12/14/2015,127.140625,127.1875,126.375,126.421875,1029717
12/15/2015,126.4375,126.59375,125.90625,126.109375,903712
12/16/2015,126.109375,126.171875,125.390625,125.75,979936
12/17/2015,125.6875,126.28125,125.65625,126.125,927916
12/18/2015,126.265625,126.65625,126.1875,126.484375,752783
12/21/2015,126.421875,126.75,126.265625,126.5625,532547
12/22/2015,126.515625,126.65625,126.15625,126.171875,482315
12/23/2015,126.234375,126.234375,125.890625,126,437172
12/24/2015,126.046875,126.1875,125.953125,126.171875,157250
12/28/2015,126.09375,126.40625,126.015625,126.265625,314412
12/29/2015,126.25,126.328125,125.546875,125.65625,560966
12/30/2015,125.6875,125.796875,125.4375,125.609375,659941
12/31/2015,125.703125,125.984375,125.625,125.90625,435983
01/04/2016,125.875,126.5625,125.765625,126.15625,1058824
01/05/2016,126.15625,126.4375,126.015625,126.25,898557
01/06/2016,126.3125,126.921875,126.234375,126.859375,1138467
01/07/2016,126.84375,127.3125,126.671875,127.109375,1405233
01/08/2016,127.140625,127.5625,126.578125,127.40625,1594692
01/11/2016,127.53125,127.71875,127.0625,127.359375,1086572
01/12/2016,127.203125,128,126.984375,127.828125,1385259
01/13/2016,127.734375,128.265625,127.421875,128.0625,1622662
01/14/2016,127.84375,128.21875,127.625,127.828125,1501699
01/15/2016,127.890625,128.90625,127.8125,128.453125,1816630
01/19/2016,128.484375,128.59375,128.015625,128.390625,1527475
01/20/2016,128.265625,129.25,128.25,128.875,1942014
01/21/2016,128.859375,129.171875,128.5,128.671875,1763878
01/22/2016,128.5625,128.734375,128.078125,128.375,1184019
01/25/2016,128.3125,128.703125,128.21875,128.546875,839475
01/26/2016,128.6875,129.078125,128.5,128.8125,1046297
01/27/2016,128.78125,128.9375,128.3125,128.859375,1105511
01/28/2016,128.875,129.09375,128.53125,129.03125,1598638
01/29/2016,129.0625,129.6875,128.96875,129.578125,1614424
02/01/2016,129.59375,129.796875,129.15625,129.171875,1203475
02/02/2016,129.28125,130.21875,129.265625,130.09375,1394248
02/03/2016,130.1875,130.75,129.8125,130.015625,1955154
02/04/2016,130,130.453125,129.84375,130.265625,1633195
02/05/2016,130.4375,130.6875,129.921875,130.359375,1790213
02/08/2016,130.34375,131.3125,130.171875,131.296875,1578123
02/09/2016,131.1875,131.75,131.015625,131.3125,1922125
02/10/2016,131.28125,131.765625,130.90625,131.5,1705621
02/11/2016,131.75,133.046875,131.671875,132.03125,2353827
02/12/2016,131.84375,132,130.953125,131.0625,1666106
02/16/2016,130.984375,131.15625,130.625,130.90625,1522999
02/17/2016,130.953125,131.203125,130.1875,130.4375,1442649
02/18/2016,130.4375,131.109375,130.3125,130.921875,1302108
02/19/2016,131.09375,131.28125,130.640625,130.90625,1281505
02/22/2016,130.859375,130.9375,130.5625,130.78125,1227088
02/23/2016,130.859375,131.171875,130.359375,130.9375,2402039
02/24/2016,131.125,131.796875,130.890625,131,2530539
02/25/2016,130.9375,131.59375,130.84375,131.453125,2227059
02/26/2016,131.25,131.265625,130.578125,130.75,1266764
02/29/2016,130.78125,131,130.65625,130.90625,250044
03/01/2016,130.546875,130.84375,129.5625,129.59375,1521364
03/02/2016,129.609375,129.78125,129.1875,129.34375,1409596
03/03/2016,129.40625,129.640625,129.203125,129.515625,1097513
03/04/2016,129.421875,129.65625,128.921875,129.09375,1532735
03/07/2016,129.1875,129.234375,128.828125,128.921875,843118
03/08/2016,128.953125,129.703125,128.90625,129.5,1107923
03/09/2016,129.515625,129.578125,129,129.0625,1036884
03/10/2016,129.1875,129.390625,128.484375,128.640625,1661162
03/11/2016,128.625,128.75,128.203125,128.34375,1063898
03/14/2016,128.34375,128.609375,128.234375,128.421875,705514
03/15/2016,128.421875,128.8125,128.296875,128.40625,893117
03/16/2016,128.328125,129.078125,128.046875,128.84375,1273806
03/17/2016,129.03125,129.53125,129,129.109375,1217992
03/18/2016,129.109375,129.46875,129.09375,129.40625,909878
03/21/2016,129.390625,129.46875,129,129.015625,754097
03/22/2016,129.015625,129.375,128.703125,128.796875,1015630
03/23/2016,128.734375,129.359375,128.640625,129.328125,851948
03/24/2016,129.265625,129.46875,128.96875,129.21875,705130
03/28/2016,129.15625,129.46875,128.96875,129.40625,417002
03/29/2016,129.28125,130.09375,129.203125,130,1017088
03/30/2016,130.03125,130.109375,129.703125,130.015625,1071211
03/31/2016,130.046875,130.53125,129.953125,130.390625,1095434
04/01/2016,130.484375,130.5,130.0625,130.296875,1250646
04/04/2016,130.46875,130.640625,130.3125,130.46875,719276
04/05/2016,130.59375,130.96875,130.5625,130.828125,960083
04/06/2016,130.859375,130.90625,130.515625,130.6875,922150
04/07/2016,130.671875,131.296875,130.578125,131.25,991933
04/08/2016,131.234375,131.265625,130.84375,131.03125,763578
04/11/2016,131.078125,131.21875,130.765625,131.03125,785075
04/12/2016,130.984375,131.03125,130.5,130.546875,954643
04/13/2016,130.53125,130.71875,130.359375,130.625,1039111
04/14/2016,130.609375,130.703125,130.203125,130.375,1045696
04/15/2016,130.296875,130.734375,130.203125,130.640625,787091
04/18/2016,130.859375,130.890625,130.375,130.5,884589
04/19/2016,130.5,130.5,130.203125,130.359375,993238
04/20/2016,130.328125,130.59375,129.703125,129.75,1260325
04/21/2016,129.8125,129.90625,129.453125,129.609375,1337757
04/22/2016,129.6875,129.78125,129.359375,129.46875,959576
04/25/2016,129.515625,129.703125,129.28125,129.375,902262
04/26/2016,129.296875,129.484375,129.0625,129.171875,1028536
04/27/2016,129.171875,129.875,129.15625,129.78125,1112655
04/28/2016,129.859375,130.171875,129.65625,129.953125,1435407
04/29/2016,130.046875,130.1875,129.65625,130.0625,1455601
05/02/2016,129.921875,130.15625,129.625,129.703125,863010
05/03/2016,129.640625,130.46875,129.640625,130.296875,1266494
05/04/2016,130.3125,130.546875,130.15625,130.4375,1094228
05/05/2016,130.5,130.875,130.25,130.734375,1147852
05/06/2016,130.75,131.203125,130.453125,130.53125,1479523
05/09/2016,130.53125,130.890625,130.4375,130.796875,848721
05/10/2016,130.875,130.90625,130.625,130.78125,965106
05/11/2016,130.75,131.09375,130.65625,130.90625,1061082
05/12/2016,130.875,130.953125,130.515625,130.59375,1163571
05/13/2016,130.59375,130.984375,130.546875,130.96875,1247898
05/16/2016,131.03125,131.109375,130.484375,130.515625,886218
05/17/2016,130.515625,130.625,130.28125,130.40625,1092549
05/18/2016,130.296875,130.375,129.328125,129.375,1882385
05/19/2016,129.546875,129.78125,129.3125,129.671875,1569202
05/20/2016,129.640625,129.796875,129.5,129.703125,860016
05/23/2016,129.71875,129.9375,129.609375,129.75,1008121
05/24/2016,129.78125,129.890625,129.390625,129.5625,1688272
05/25/2016,129.53125,129.609375,129.328125,129.46875,1966390
05/26/2016,129.46875,129.90625,129.4375,129.890625,1700810
05/27/2016,129.828125,129.90625,129.46875,129.796875,927406
05/31/2016,129.5,129.796875,129.296875,129.796875,369704
06/01/2016,129.546875,129.9375,129.484375,129.546875,1210795
06/02/2016,129.59375,129.984375,129.5625,129.875,1064481
06/03/2016,129.921875,131.0625,129.84375,130.96875,1595243
06/06/2016,130.96875,131.0625,130.625,130.875,1048782
06/07/2016,130.734375,131.046875,130.6875,130.953125,641538
06/08/2016,130.90625,131.078125,130.84375,130.90625,745406
06/09/2016,130.953125,131.28125,130.890625,131.09375,978434
06/10/2016,131.03125,131.625,131.015625,131.53125,1057995
06/13/2016,131.625,131.875,131.5625,131.765625,1048865
06/14/2016,131.796875,132.234375,131.671875,131.78125,1475329
06/15/2016,131.765625,132.28125,131.5625,132.078125,1067722
06/16/2016,132.21875,132.703125,132.109375,132.28125,1455444
06/17/2016,132.171875,132.203125,131.8125,131.859375,1109975
06/20/2016,131.46875,131.625,131.265625,131.453125,955690
06/21/2016,131.3125,131.5625,131.125,131.25,940017
06/22/2016,131.203125,131.421875,131.15625,131.34375,852801
06/23/2016,131.28125,131.28125,130.734375,130.8125,1035451
06/24/2016,130.703125,134.21875,130.671875,132.375,2980317
06/27/2016,132.75,133.46875,132.703125,133.28125,1264097
06/28/2016,133.4375,133.5625,133.03125,133.25,1093622
06/29/2016,133.1875,133.3125,132.6875,133.0625,1016637
06/30/2016,132.703125,133.234375,132.4375,132.984375,1857378
07/01/2016,133.03125,133.921875,132.984375,133.078125,1306807
07/05/2016,133.296875,133.984375,133,133.890625,1076380
07/06/2016,133.84375,134.234375,133.578125,133.671875,1379581
07/07/2016,133.84375,133.9375,133.34375,133.6875,1140481
07/08/2016,133.6875,134.015625,133.046875,133.796875,1418052
07/11/2016,133.859375,133.890625,133.140625,133.15625,896678
07/12/2016,133.15625,133.25,132.359375,132.515625,1382785
07/13/2016,132.484375,132.9375,132.46875,132.828125,1142253
07/14/2016,132.734375,132.90625,132.1875,132.390625,1299029
07/15/2016,132.34375,132.515625,131.78125,131.875,1197277
07/18/2016,131.9375,132.25,131.734375,132.03125,808652
07/19/2016,132.046875,132.40625,132,132.234375,850574
07/20/2016,132.296875,132.328125,131.859375,131.984375,807898
07/21/2016,131.96875,132.34375,131.609375,132.234375,1217018
07/22/2016,132.296875,132.515625,131.90625,132.125,904922
07/25/2016,132.125,132.265625,131.890625,132.0625,690179
07/26/2016,132.03125,132.34375,131.859375,132.125,1001060
07/27/2016,132.140625,132.671875,131.828125,132.546875,1125990
07/28/2016,132.640625,132.75,132.34375,132.5625,1059306
07/29/2016,132.65625,133.140625,132.109375,133.046875,1543668
08/01/2016,133.125,133.125,132.5625,132.796875,1011526
08/02/2016,132.59375,132.71875,132.203125,132.546875,1394236
08/03/2016,132.40625,132.640625,132.265625,132.578125,987778
08/04/2016,132.578125,133.09375,132.453125,132.953125,1073016
08/05/2016,133.015625,133.0625,132.046875,132.140625,1285797
08/08/2016,132.046875,132.203125,131.796875,132.046875,956121
08/09/2016,131.984375,132.421875,131.921875,132.34375,868947
08/10/2016,132.3125,132.78125,132.3125,132.734375,986734
08/11/2016,132.703125,132.78125,132,132.046875,969870
08/12/2016,132.09375,132.90625,132.03125,132.53125,1151730
08/15/2016,132.546875,132.703125,132.171875,132.25,755743
08/16/2016,132.21875,132.640625,131.875,132,1409470
08/17/2016,132,132.390625,131.828125,132.109375,1070959
08/18/2016,132.21875,132.484375,132.078125,132.375,860395
08/19/2016,132.421875,132.4375,131.828125,131.953125,964415
08/22/2016,131.890625,132.3125,131.6875,132.28125,923347
08/23/2016,132.265625,132.421875,132.046875,132.21875,981300
08/24/2016,132.28125,132.359375,132.109375,132.21875,1266231
08/25/2016,132.1875,132.296875,132,132.0625,2015917
08/26/2016,132.046875,132.4375,131.359375,131.375,2705917
08/29/2016,131.375,132,131.296875,131.953125,1627859
08/30/2016,131.96875,132.03125,131.6875,131.890625,969839
08/31/2016,131.921875,132.078125,131.71875,131.875,240764
09/01/2016,130.796875,131.0625,130.4375,130.953125,1292212
09/02/2016,130.953125,131.375,130.5,130.78125,1343605
09/06/2016,130.703125,131.4375,130.609375,131.359375,1186108
09/07/2016,131.421875,131.5625,131.265625,131.359375,850710
09/08/2016,131.34375,131.4375,130.671875,130.71875,1208925
09/09/2016,130.828125,130.90625,130.296875,130.359375,1235050
09/12/2016,130.296875,130.609375,130.171875,130.5,1160967
09/13/2016,130.546875,130.796875,129.8125,129.984375,1407559
09/14/2016,130.03125,130.484375,129.9375,130.4375,1032575
09/15/2016,130.34375,130.84375,130.109375,130.453125,1368561
09/16/2016,130.546875,130.828125,130.375,130.40625,906050
09/19/2016,130.53125,130.609375,130.25,130.421875,555326
09/20/2016,130.296875,130.6875,130.265625,130.5,725115
09/21/2016,130.484375,130.734375,130.0625,130.59375,1086332
09/22/2016,130.703125,131.09375,130.65625,130.859375,1016277
09/23/2016,130.921875,131.078125,130.859375,131.03125,667300
09/26/2016,131.0625,131.453125,131,131.3125,762908
09/27/2016,131.359375,131.671875,131.140625,131.53125,1064059
09/28/2016,131.515625,131.625,131.328125,131.4375,1008954
09/29/2016,131.375,131.671875,131.171875,131.546875,1081563
09/30/2016,131.5,131.734375,131.0625,131.125,1620454
10/03/2016,131.21875,131.234375,130.90625,130.953125,758145
10/04/2016,130.921875,131.03125,130.4375,130.5,1356297
10/05/2016,130.46875,130.609375,130.09375,130.21875,1169448
10/06/2016,130.234375,130.390625,129.9375,129.953125,1239651
10/07/2016,130,130.21875,129.71875,130.0625,1426413
10/10/2016,130.109375,130.171875,129.65625,129.796875,293680
10/11/2016,129.8125,130.03125,129.6875,129.890625,1077838
10/12/2016,129.84375,129.90625,129.53125,129.8125,1130806
10/13/2016,129.890625,130.265625,129.875,130.1875,1096061
10/14/2016,130.140625,130.21875,129.765625,129.859375,1190382
10/17/2016,129.796875,130.203125,129.703125,130.125,812982
10/18/2016,130.140625,130.359375,129.984375,130.296875,1096298
10/19/2016,130.359375,130.453125,130.125,130.265625,945222
10/20/2016,130.3125,130.484375,130.125,130.28125,1032458
10/21/2016,130.1875,130.40625,130.140625,130.34375,709467
10/24/2016,130.359375,130.484375,130.078125,130.171875,778165
10/25/2016,130.140625,130.3125,129.9375,130.171875,981293
10/26/2016,130.1875,130.296875,129.859375,129.9375,1010542
10/27/2016,129.890625,129.90625,129.296875,129.515625,1547836
10/28/2016,129.421875,129.671875,129.203125,129.546875,1355102
10/31/2016,129.59375,129.71875,129.484375,129.625,1051909
11/01/2016,129.671875,129.90625,129.265625,129.796875,1432195
11/02/2016,129.734375,130.265625,129.71875,130.03125,1422836
11/03/2016,130,130.3125,129.796875,130.03125,1038973
11/04/2016,130.015625,130.375,129.9375,130.25,1288958
11/07/2016,129.859375,130,129.765625,129.84375,752587
11/08/2016,129.84375,130,129.34375,129.5,983605
11/09/2016,129.515625,131,127.828125,128.03125,4071195
11/10/2016,128.09375,128.5,127.296875,127.5625,2885049
11/11/2016,127.359375,127.6875,127.078125,127.171875,590800
11/14/2016,127.21875,127.21875,125.953125,126.65625,2286002
11/15/2016,126.40625,126.984375,126.328125,126.421875,1656312
11/16/2016,126.578125,126.6875,125.890625,126.46875,1742111
11/17/2016,126.5,126.765625,125.828125,126.078125,1527966
11/18/2016,125.84375,126.15625,125.3125,125.5625,1806470
11/21/2016,125.375,125.875,125.3125,125.546875,1555695
11/22/2016,125.796875,125.96875,125.546875,125.703125,2154276
11/23/2016,125.71875,125.921875,124.859375,125.359375,2972793
11/25/2016,125.375,125.390625,124.796875,125.203125,1454563
11/28/2016,125.359375,125.734375,125.3125,125.640625,2467310
11/29/2016,125.703125,125.828125,125.359375,125.765625,1195658
11/30/2016,125.796875,125.828125,124.984375,125.234375,345326
12/01/2016,124.390625,124.453125,123.59375,123.984375,1830674
12/02/2016,123.953125,124.625,123.953125,124.46875,1424189
12/05/2016,124.8125,125.0625,124,124.46875,1450360
12/06/2016,124.4375,124.625,124.390625,124.46875,794414
12/07/2016,124.515625,124.859375,124.40625,124.8125,808672
12/08/2016,124.875,124.875,124.203125,124.53125,1326371
12/09/2016,124.359375,124.5625,123.875,124.03125,1414206
12/12/2016,123.890625,124.15625,123.515625,124,1381043
12/13/2016,124.046875,124.3125,123.828125,123.921875,1197796
12/14/2016,124,124.421875,122.953125,123.40625,1701221
12/15/2016,123.03125,123.140625,122.453125,122.921875,2003287
12/16/2016,122.71875,123.171875,122.640625,122.828125,1260478
12/19/2016,122.828125,123.421875,122.8125,123.265625,961489
12/20/2016,123.28125,123.359375,122.90625,123.125,760467
12/21/2016,123.21875,123.375,123.015625,123.296875,483102
12/22/2016,123.359375,123.421875,123.046875,123.265625,565895
12/23/2016,123.265625,123.46875,123.203125,123.359375,266549
12/27/2016,123.34375,123.34375,123.09375,123.203125,251597
12/28/2016,123.1875,123.6875,123.15625,123.640625,600872
12/29/2016,123.640625,124.078125,123.609375,123.9375,734747
12/30/2016,123.96875,124.328125,123.859375,124.28125,762153
01/03/2017,124.125,124.234375,123.578125,124.109375,1390804
01/04/2017,124.140625,124.28125,123.859375,124.109375,1083390
01/05/2017,124.203125,125.03125,124.109375,124.828125,1814119
01/06/2017,124.953125,125.328125,124.3125,124.40625,1476475
01/09/2017,124.390625,124.859375,124.234375,124.78125,862376
01/10/2017,124.828125,124.921875,124.625,124.765625,874207
01/11/2017,124.78125,125.203125,124.578125,124.8125,1421042
01/12/2017,124.765625,125.328125,124.75,124.890625,1374574
01/13/2017,124.875,125.3125,124.34375,124.78125,1545281
01/17/2017,124.703125,125.421875,124.6875,125.234375,1557354
01/18/2017,125.234375,125.28125,124.3125,124.71875,1252588
01/19/2017,124.3125,124.484375,123.859375,124.171875,1734840
01/20/2017,124.0625,124.296875,123.78125,124.21875,1414802
01/23/2017,124.171875,124.984375,124.15625,124.8125,1625084
01/24/2017,124.859375,124.9375,124.203125,124.21875,1109447
01/25/2017,124.296875,124.390625,123.734375,123.8125,1362491
01/26/2017,123.921875,124.015625,123.5625,123.96875,1291317
01/27/2017,123.96875,124.1875,123.796875,124.171875,1041413
01/30/2017,124.203125,124.359375,124.0625,124.21875,1174455
01/31/2017,124.140625,124.671875,124.0625,124.46875,2019623
02/01/2017,124.453125,124.46875,123.90625,124.328125,1462481
02/02/2017,124.3125,124.703125,124.234375,124.375,1326559
02/03/2017,124.34375,124.828125,124.09375,124.28125,1818335
02/06/2017,124.421875,125.015625,124.40625,124.9375,1236674
02/07/2017,124.9375,125.3125,124.75,125.109375,1352210
02/08/2017,125.046875,125.5625,124.984375,125.359375,1641044
02/09/2017,125.484375,125.484375,124.84375,124.921875,1388857
02/10/2017,124.921875,124.921875,124.625,124.78125,1135557
02/13/2017,124.734375,124.75,124.4375,124.59375,793175
02/14/2017,124.546875,124.625,123.96875,124.234375,1471583
02/15/2017,124.203125,124.265625,123.765625,123.96875,1386839
02/16/2017,124,124.53125,123.953125,124.453125,1324288
02/17/2017,124.4375,124.90625,124.34375,124.703125,1070748
02/21/2017,124.6875,124.796875,124.390625,124.703125,1444955
02/22/2017,124.671875,124.984375,124.4375,124.765625,2530359
02/23/2017,124.78125,125.15625,124.734375,125.046875,3260326
02/24/2017,125.15625,125.671875,125.078125,125.609375,2262311
02/27/2017,125.640625,125.640625,125.109375,125.140625,1216283
02/28/2017,125.15625,125.359375,124.671875,125.109375,391868
03/01/2017,124.28125,124.28125,123.609375,123.71875,1558876
03/02/2017,123.796875,123.796875,123.34375,123.5,1298525
03/03/2017,123.59375,123.671875,123.28125,123.578125,1305433
03/06/2017,123.5625,123.859375,123.5,123.59375,903521
03/07/2017,123.546875,123.640625,123.375,123.453125,830668
03/08/2017,123.390625,123.515625,122.84375,123.140625,1684284
03/09/2017,123.046875,123.125,122.703125,122.828125,1179384
03/10/2017,122.734375,123.125,122.640625,123.015625,1584933
03/13/2017,123.0625,123.234375,122.671875,122.796875,805895
03/14/2017,122.671875,122.984375,122.640625,122.875,891815
03/15/2017,122.828125,123.8125,122.8125,123.734375,1500832
03/16/2017,123.796875,123.875,123.390625,123.59375,1162985
03/17/2017,123.375,123.875,123.359375,123.75,803305
03/20/2017,123.75,124.078125,123.65625,124,747608
03/21/2017,124.0625,124.4375,123.765625,124.28125,1741928
03/22/2017,124.40625,124.71875,124.34375,124.53125,1639082
03/23/2017,124.453125,124.625,124.1875,124.40625,1481958
03/24/2017,124.328125,124.59375,124.21875,124.53125,947362
03/27/2017,124.421875,124.921875,124.421875,124.671875,1111391
03/28/2017,124.640625,124.828125,124.265625,124.359375,1306677
03/29/2017,124.28125,124.65625,124.203125,124.578125,1187338
03/30/2017,124.625,124.6875,124.265625,124.34375,1009233
03/31/2017,124.328125,124.625,124.234375,124.5625,1463443
04/03/2017,124.59375,125.234375,124.5,125.03125,1527493
04/04/2017,125.203125,125.359375,124.890625,125.03125,1228458
04/05/2017,124.921875,125.296875,124.75,125.046875,1441525
04/06/2017,125.203125,125.296875,124.9375,125.125,1051611
04/07/2017,125.125,125.78125,124.71875,124.8125,2022627
04/10/2017,124.765625,125.046875,124.625,124.90625,927384
04/11/2017,124.875,125.5625,124.875,125.484375,1432712
04/12/2017,125.484375,126,125.359375,125.46875,1328409
04/13/2017,125.96875,126.25,125.75,126.078125,1271814
04/17/2017,126.234375,126.40625,125.8125,125.90625,764754
04/18/2017,125.875,126.625,125.8125,126.515625,1376374
04/19/2017,126.578125,126.59375,126.09375,126.28125,1113683
04/20/2017,126.21875,126.34375,125.828125,125.953125,1133433
04/21/2017,126.015625,126.28125,125.90625,126.0625,946320
04/24/2017,125.46875,125.859375,125.203125,125.796875,1510424
04/25/2017,125.8125,125.859375,125.265625,125.40625,1068825
04/26/2017,125.359375,125.625,125.21875,125.5625,1472075
04/27/2017,125.59375,125.78125,125.4375,125.640625,1358256
04/28/2017,125.65625,125.75,125.28125,125.71875,1574965
05/01/2017,125.71875,125.796875,125.328125,125.46875,921316
05/02/2017,125.53125,125.8125,125.34375,125.703125,969746
05/03/2017,125.78125,125.828125,125.40625,125.546875,1133846
05/04/2017,125.46875,125.484375,125.0625,125.171875,1188650
05/05/2017,125.15625,125.34375,124.859375,125.21875,1265606
05/08/2017,125.09375,125.421875,124.9375,125.0625,1134398
05/09/2017,124.953125,125.0625,124.75,124.828125,1052585
05/10/2017,124.890625,125.171875,124.78125,124.8125,1128210
05/11/2017,124.796875,125.046875,124.71875,124.921875,1217001
05/12/2017,125.015625,125.59375,124.984375,125.46875,1329409
05/15/2017,125.53125,125.640625,125.34375,125.453125,895438
05/16/2017,125.4375,125.71875,125.28125,125.546875,1243783
05/17/2017,125.546875,126.453125,125.546875,126.421875,2305811
05/18/2017,126.4375,126.71875,126.15625,126.28125,2239169
05/19/2017,126.28125,126.359375,126.046875,126.1875,1165341
05/22/2017,126.234375,126.265625,126.046875,126.125,960033
05/23/2017,126.09375,126.34375,125.8125,125.859375,1629859
05/24/2017,125.875,126.21875,125.765625,126.0625,2254076
05/25/2017,126.1875,126.25,126.046875,126.171875,2337562
05/26/2017,126.125,126.375,126.125,126.1875,1865973
05/30/2017,126.171875,126.5,126.046875,126.4375,1799607
05/31/2017,126.4375,126.5625,126.265625,126.5625,258811
06/01/2017,126.21875,126.25,125.953125,126.1875,1158529
06/02/2017,126.234375,126.796875,126.125,126.640625,1532909
06/05/2017,126.640625,126.703125,126.390625,126.46875,754512
06/06/2017,126.46875,126.90625,126.4375,126.765625,1155800
06/07/2017,126.75,126.78125,126.484375,126.53125,1062865
06/08/2017,126.5625,126.5625,126.21875,126.453125,1269042
06/09/2017,126.578125,126.6875,126.15625,126.421875,1041672
06/12/2017,126.40625,126.515625,126.203125,126.328125,1043135
06/13/2017,126.28125,126.421875,126.1875,126.375,870127
06/14/2017,126.34375,127.25,126.328125,126.921875,2306353
06/15/2017,126.984375,127.0625,126.59375,126.640625,1227411
06/16/2017,126.640625,126.875,126.5,126.75,994500
06/19/2017,126.78125,126.90625,126.40625,126.453125,978096
06/20/2017,126.4375,126.765625,126.359375,126.75,1049609
06/21/2017,126.65625,126.796875,126.5,126.671875,995946
06/22/2017,126.609375,126.8125,126.578125,126.671875,846114
06/23/2017,126.6875,126.765625,126.5625,126.734375,658238
06/26/2017,126.734375,126.90625,126.59375,126.78125,811446
06/27/2017,126.75,126.84375,126.15625,126.28125,1513599
06/28/2017,126.25,126.328125,125.875,126.203125,1737073
06/29/2017,126.171875,126.234375,125.578125,125.8125,1840347
06/30/2017,125.828125,125.890625,125.453125,125.53125,1830228
07/03/2017,125.515625,125.609375,125.03125,125.109375,1005179
07/05/2017,125.09375,125.5,124.984375,125.21875,1622889
07/06/2017,125.3125,125.34375,124.796875,124.984375,1503180
07/07/2017,125.015625,125.109375,124.796875,124.84375,1454435
07/10/2017,124.90625,125.140625,124.859375,125.078125,837834
07/11/2017,125.03125,125.234375,124.875,125.171875,1029395
07/12/2017,125.171875,125.734375,125.140625,125.515625,1514128
07/13/2017,125.546875,125.671875,125.265625,125.40625,1194329
07/14/2017,125.40625,126.03125,125.328125,125.671875,1497579
07/17/2017,125.578125,125.828125,125.5625,125.75,755338
07/18/2017,125.6875,126.171875,125.671875,126.109375,1310971
07/19/2017,126.109375,126.1875,125.953125,126.046875,860624
07/20/2017,126.015625,126.265625,125.96875,126.0625,1106483
07/21/2017,126.078125,126.375,126.03125,126.3125,722185
07/24/2017,126.28125,126.375,126.078125,126.15625,560237
07/25/2017,126.140625,126.203125,125.484375,125.578125,1392829
07/26/2017,125.5,126.0625,125.484375,126.015625,1312309
07/27/2017,125.953125,126.046875,125.65625,125.828125,1450640
07/28/2017,125.8125,125.984375,125.546875,125.953125,1197045
07/31/2017,125.921875,126.046875,125.828125,125.890625,1014227
08/01/2017,125.84375,126.25,125.671875,126.234375,1417654
08/02/2017,126.1875,126.265625,125.96875,126.109375,1265426
08/03/2017,126.046875,126.46875,126.03125,126.359375,1036860
08/04/2017,126.390625,126.4375,125.90625,126.078125,1220171
08/07/2017,126.09375,126.21875,125.9375,126.171875,668904
08/08/2017,126.171875,126.234375,125.90625,126.015625,879236
08/09/2017,126.15625,126.578125,126.15625,126.34375,1278438
08/10/2017,126.265625,126.671875,126.1875,126.5625,1256054
08/11/2017,126.671875,126.875,126.546875,126.8125,1411019
08/14/2017,126.75,126.796875,126.4375,126.546875,920121
08/15/2017,126.546875,126.5625,126.015625,126.15625,1131397
08/16/2017,126.109375,126.578125,126,126.515625,1263374
08/17/2017,126.515625,126.84375,126.34375,126.71875,1337616
08/18/2017,126.796875,127.046875,126.5625,126.75,1298655
08/21/2017,126.71875,126.90625,126.59375,126.84375,832035
08/22/2017,126.859375,126.875,126.53125,126.5625,934895
08/23/2017,126.5625,126.953125,126.5,126.921875,1147196
08/24/2017,126.9375,126.953125,126.671875,126.6875,1681716
08/25/2017,126.671875,126.953125,126.625,126.875,1894681
08/28/2017,126.875,127,126.796875,127,1920435
08/29/2017,127.03125,127.59375,127.03125,127.1875,2559695
08/30/2017,127.203125,127.234375,126.984375,127.078125,1201887
08/31/2017,126.890625,127.03125,126.71875,126.984375,1328105
09/01/2017,127.015625,127.234375,126.59375,126.671875,1510475
09/05/2017,126.921875,127.46875,126.75,127.421875,1706818
09/06/2017,127.46875,127.5625,127.0625,127.09375,1366955
09/07/2017,127.109375,127.71875,127.09375,127.515625,1488536
09/08/2017,127.640625,127.890625,127.390625,127.5,1357848
09/11/2017,127.28125,127.3125,126.875,127,933598
09/12/2017,126.953125,127.015625,126.5625,126.640625,1164859
09/13/2017,126.640625,126.78125,126.40625,126.453125,984392
09/14/2017,126.5,126.5625,126.171875,126.40625,1383670
09/15/2017,126.5,126.5625,126.203125,126.3125,1088738
09/18/2017,126.265625,126.28125,126.03125,126.078125,762022
09/19/2017,126.09375,126.21875,125.9375,125.984375,1048211
09/20/2017,125.953125,126.171875,125.53125,125.625,1466279
09/21/2017,125.6875,125.90625,125.5625,125.625,1181048
09/22/2017,125.59375,125.9375,125.578125,125.734375,1172212
09/25/2017,125.75,126.140625,125.71875,126.0625,1227732
09/26/2017,126.03125,126.125,125.828125,126,1045973
09/27/2017,125.9375,125.953125,125.3125,125.4375,1872639
09/28/2017,125.421875,125.5625,125.0625,125.546875,1596693
09/29/2017,125.53125,125.625,125.203125,125.3125,1693206
10/02/2017,125.234375,125.390625,124.9375,125.25,1272872
10/03/2017,125.21875,125.40625,125.046875,125.328125,932722
10/04/2017,125.390625,125.609375,125.1875,125.328125,1143487
10/05/2017,125.375,125.4375,125.09375,125.15625,925501
10/06/2017,125.171875,125.21875,124.703125,125.03125,1708404
10/09/2017,125.046875,125.171875,124.984375,125.09375,246967
10/10/2017,125.140625,125.4375,125.015625,125.265625,1144472
10/11/2017,125.125,125.359375,125.0625,125.234375,1034943
10/12/2017,125.1875,125.4375,125.15625,125.390625,1057306
10/13/2017,125.40625,125.796875,125.3125,125.703125,1375354
10/16/2017,125.71875,125.734375,125.359375,125.421875,1077477
10/17/2017,125.453125,125.515625,125.21875,125.4375,1047491
10/18/2017,125.421875,125.4375,125.046875,125.140625,999799
10/19/2017,125.078125,125.5,125.078125,125.265625,1454521
10/20/2017,125.34375,125.421875,124.78125,124.828125,1631326
10/23/2017,124.78125,125,124.71875,124.921875,882088
10/24/2017,124.96875,125.015625,124.5625,124.734375,1272844
10/25/2017,124.640625,124.6875,124.1875,124.453125,1892447
10/26/2017,124.546875,124.734375,124.28125,124.375,1676429
10/27/2017,124.296875,124.75,124.203125,124.59375,1963491
10/30/2017,124.734375,125.046875,124.71875,125.015625,1242395
10/31/2017,125,125.109375,124.875,124.9375,1425885
11/01/2017,124.875,125.140625,124.71875,124.90625,1387569
11/02/2017,124.96875,125.265625,124.890625,125.140625,1419118
11/03/2017,125.15625,125.40625,125.015625,125.15625,1322596
11/06/2017,125.234375,125.421875,125.109375,125.359375,954051
11/07/2017,125.390625,125.46875,125.1875,125.421875,1281128
11/08/2017,125.375,125.46875,125.15625,125.25,1001966
11/09/2017,125.171875,125.328125,125.046875,125.1875,1685943
11/10/2017,125.125,125.15625,124.65625,124.703125,1336490
11/13/2017,124.671875,124.90625,124.546875,124.625,960605
11/14/2017,124.609375,124.828125,124.5,124.734375,1232433
11/15/2017,124.796875,125.21875,124.765625,125.046875,1794617
11/16/2017,125.125,125.125,124.765625,124.859375,1145954
11/17/2017,124.796875,125.078125,124.765625,124.90625,1203144
11/20/2017,124.96875,125.140625,124.6875,124.6875,1276235
11/21/2017,124.703125,124.921875,124.59375,124.6875,1774516
11/22/2017,124.734375,125.140625,124.609375,125.109375,1911595
11/24/2017,125.09375,125.140625,124.890625,124.96875,869759
11/27/2017,124.984375,125.140625,124.84375,125.125,2900454
11/28/2017,125.078125,125.234375,124.9375,124.96875,2661242
11/29/2017,125.046875,125.109375,124.515625,124.71875,1899713
11/30/2017,124.328125,124.40625,123.921875,124.046875,2590082
12/01/2017,124.09375,124.859375,123.9375,124.421875,3002632
12/04/2017,123.96875,124.328125,123.9375,124.25,1406518
12/05/2017,124.28125,124.390625,124.078125,124.34375,1350168
12/06/2017,124.375,124.71875,124.296875,124.59375,1366691
12/07/2017,124.53125,124.640625,124.265625,124.28125,1207002
12/08/2017,124.34375,124.484375,124.15625,124.265625,1119689
12/11/2017,124.265625,124.546875,124.21875,124.265625,846864
12/12/2017,124.25,124.34375,124,124.125,1175166
12/13/2017,124.109375,124.65625,123.90625,124.609375,1658239
12/14/2017,124.640625,124.65625,124.25,124.5625,1297841
12/15/2017,124.5,124.546875,124.21875,124.421875,899836
12/18/2017,124.40625,124.421875,124.203125,124.234375,752076
12/19/2017,124.1875,124.25,123.625,123.6875,1383059
12/20/2017,123.71875,123.828125,123.421875,123.453125,1289547
12/21/2017,123.453125,123.625,123.390625,123.515625,845872
12/22/2017,123.46875,123.546875,123.4375,123.46875,472148
12/26/2017,123.484375,123.671875,123.421875,123.625,317247
12/27/2017,123.5625,124.015625,123.53125,123.984375,783811
12/28/2017,123.953125,123.96875,123.765625,123.84375,767669
12/29/2017,123.828125,124.078125,123.8125,124.046875,680078
01/02/2018,123.984375,124,123.53125,123.6875,1062328
01/03/2018,123.6875,123.890625,123.640625,123.78125,955926
01/04/2018,123.765625,123.78125,123.421875,123.671875,1133647
01/05/2018,123.671875,123.875,123.46875,123.515625,1351095
01/08/2018,123.484375,123.625,123.40625,123.484375,739863
01/09/2018,123.46875,123.5,122.984375,123.046875,1686410
01/10/2018,122.984375,123.09375,122.703125,123,2134251
01/11/2018,122.96875,123.15625,122.859375,123.125,1690056
01/12/2018,122.984375,123.0625,122.625,122.9375,1548423
01/16/2018,122.921875,123.15625,122.84375,122.984375,1402869
01/17/2018,122.984375,123.0625,122.546875,122.65625,1448410
01/18/2018,122.546875,122.59375,122.34375,122.453125,1950365
01/19/2018,122.375,122.5,122.109375,122.28125,1505747
01/22/2018,122.28125,122.359375,122.046875,122.09375,1455296
01/23/2018,122.171875,122.515625,122.125,122.421875,1539444
01/24/2018,122.484375,122.546875,122.140625,122.203125,1616438
01/25/2018,122.25,122.46875,121.96875,122.4375,1766131
01/26/2018,122.4375,122.453125,121.984375,122.0625,1389982
01/29/2018,122.046875,122.125,121.5625,121.8125,1927423
01/30/2018,121.8125,121.953125,121.53125,121.640625,1691151
01/31/2018,121.65625,121.859375,121.328125,121.578125,2439319
02/01/2018,121.671875,121.671875,121.078125,121.21875,2201452
02/02/2018,121.09375,121.203125,120.65625,120.734375,2551636
02/05/2018,120.8125,122.0625,120.5625,121.265625,2851851
02/06/2018,121.953125,122.59375,121.171875,121.484375,3525275
02/07/2018,121.203125,121.609375,120.859375,121,2201308
02/08/2018,121.078125,121.25,120.53125,120.890625,3081009
02/09/2018,121.03125,121.578125,120.796875,121.171875,2779939
02/12/2018,120.9375,121.046875,120.625,120.890625,1422174
02/13/2018,120.84375,121.140625,120.84375,121,1277076
02/14/2018,121.03125,121.234375,120.265625,120.328125,2541538
02/15/2018,120.40625,120.5625,120.03125,120.453125,1801379
02/16/2018,120.3125,120.78125,120.296875,120.578125,1239141
02/20/2018,120.5625,120.65625,120.15625,120.484375,1618062
02/21/2018,120.484375,120.609375,120.0625,120.203125,2154049
02/22/2018,120.140625,120.484375,120.09375,120.421875,2364742
02/23/2018,120.375,120.828125,120.25,120.734375,2344563
02/26/2018,120.734375,121.015625,120.65625,120.828125,2811227
02/27/2018,120.765625,120.890625,120.25,120.390625,2092694
02/28/2018,119.84375,120.109375,119.671875,120.046875,1703836
03/01/2018,120.09375,120.71875,120.015625,120.609375,2602235
03/02/2018,120.546875,120.703125,120.078125,120.1875,1804118
03/05/2018,120.15625,120.625,119.890625,120.03125,1473819
03/06/2018,120,120.21875,119.828125,120.03125,1485681
03/07/2018,120.140625,120.453125,119.984375,120.03125,1729097
03/08/2018,120,120.3125,119.953125,120.171875,1256132
03/09/2018,120.203125,120.25,119.828125,120.03125,1299103
03/12/2018,119.984375,120.25,119.890625,120.203125,968757
03/13/2018,120.171875,120.53125,120.078125,120.328125,1676461
03/14/2018,120.359375,120.6875,120.234375,120.546875,1692033
03/15/2018,120.53125,120.71875,120.390625,120.5,1317326
03/16/2018,120.453125,120.609375,120.265625,120.34375,937215
03/19/2018,120.328125,120.5,120.078125,120.390625,1377324
03/20/2018,120.28125,120.34375,119.9375,120.09375,1081891
03/21/2018,119.96875,120.25,119.6875,119.953125,1518293
03/22/2018,120.109375,120.78125,120.09375,120.515625,2424965
03/23/2018,120.546875,120.875,120.421875,120.609375,1742706
03/26/2018,120.640625,120.734375,120.34375,120.46875,1302107
03/27/2018,120.375,121.046875,120.34375,120.90625,1842010
03/28/2018,121,121.28125,120.78125,120.90625,2317510
03/29/2018,120.8125,121.1875,120.796875,121.140625,1199682
04/02/2018,121.03125,121.375,120.921875,121.265625,1054232
04/03/2018,121.25,121.265625,120.796875,120.84375,1518112
04/04/2018,120.90625,121.15625,120.671875,120.828125,1510326
04/05/2018,120.703125,120.734375,120.515625,120.5625,1160720
04/06/2018,120.5625,121.0625,120.546875,121.015625,1584555
04/09/2018,120.984375,121.015625,120.71875,120.90625,1019971
04/10/2018,120.921875,121,120.6875,120.765625,1160672
04/11/2018,120.71875,121.109375,120.671875,120.84375,1366675
04/12/2018,120.90625,120.96875,120.40625,120.46875,1232813
04/13/2018,120.46875,120.625,120.34375,120.484375,1083892
04/16/2018,120.46875,120.484375,120.21875,120.46875,988126
04/17/2018,120.4375,120.5625,120.3125,120.5625,994110
04/18/2018,120.453125,120.515625,120.078125,120.140625,1215936
04/19/2018,120.140625,120.203125,119.71875,119.828125,1531393
04/20/2018,119.84375,119.921875,119.46875,119.546875,1243845
04/23/2018,119.484375,119.5,119.203125,119.328125,1509849
04/24/2018,119.3125,119.453125,119.125,119.328125,1500561
04/25/2018,119.1875,119.28125,118.96875,119.078125,1647855
04/26/2018,119.046875,119.390625,119.015625,119.3125,1312131
04/27/2018,119.328125,119.546875,119.28125,119.5,1238658
04/30/2018,119.484375,119.65625,119.375,119.625,1264395
05/01/2018,119.546875,119.578125,119.359375,119.375,921986
05/02/2018,119.453125,119.5625,119.25,119.515625,1318968
05/03/2018,119.515625,119.828125,119.4375,119.6875,1462604
05/04/2018,119.6875,119.984375,119.5625,119.703125,1296430
05/07/2018,119.625,119.765625,119.578125,119.6875,633457
05/08/2018,119.640625,119.71875,119.375,119.515625,1208157
05/09/2018,119.453125,119.46875,119.1875,119.265625,1146875
05/10/2018,119.21875,119.671875,119.203125,119.390625,1424795
05/11/2018,119.421875,119.53125,119.3125,119.40625,968614
05/14/2018,119.375,119.484375,119.140625,119.25,924286
05/15/2018,119.15625,119.21875,118.515625,118.609375,2462266
05/16/2018,118.671875,118.796875,118.4375,118.546875,1803123
05/17/2018,118.5,118.59375,118.328125,118.515625,1649924
05/18/2018,118.46875,118.90625,118.375,118.84375,1517861
05/21/2018,118.71875,118.9375,118.65625,118.84375,1495659
05/22/2018,118.875,118.953125,118.71875,118.875,1541549
05/23/2018,118.875,119.453125,118.84375,119.390625,2875558
05/24/2018,119.40625,119.703125,119.28125,119.5,3791797
05/25/2018,119.484375,120.015625,119.390625,119.859375,2675063
05/29/2018,119.828125,121.296875,119.671875,121.234375,5473546
05/30/2018,121.234375,121.390625,120.265625,120.609375,2189691
05/31/2018,120.21875,120.46875,119.9375,120.4375,2638899
06/01/2018,120.25,120.25,119.59375,119.84375,2052352
06/04/2018,119.78125,119.84375,119.421875,119.5,1346499
06/05/2018,119.4375,119.84375,119.4375,119.703125,1653378
06/06/2018,119.625,119.671875,119.234375,119.28125,1603866
06/07/2018,119.3125,120.015625,119.125,119.59375,2145874
06/08/2018,119.6875,119.953125,119.453125,119.59375,1918976
06/11/2018,119.5625,119.609375,119.34375,119.4375,1175545
06/12/2018,119.4375,119.546875,119.234375,119.40625,1236771
06/13/2018,119.375,119.46875,118.921875,119.1875,1501977
06/14/2018,119.265625,119.578125,119.1875,119.4375,1604785
06/15/2018,119.46875,119.859375,119.453125,119.59375,1535797
06/18/2018,119.609375,119.78125,119.5625,119.59375,917718
06/19/2018,119.671875,120.1875,119.65625,119.84375,1551816
06/20/2018,119.796875,119.953125,119.515625,119.609375,1231414
06/21/2018,119.5,119.921875,119.421875,119.859375,1566709
06/22/2018,119.84375,119.90625,119.640625,119.828125,866540
06/25/2018,119.859375,120.140625,119.859375,120.03125,1504375
06/26/2018,119.953125,120.109375,119.828125,120,1058281
06/27/2018,119.984375,120.40625,119.9375,120.390625,1898576
06/28/2018,120.375,120.453125,120.15625,120.1875,1409221
06/29/2018,120.265625,120.296875,120.0625,120.1875,1329016
07/02/2018,120.125,120.4375,120.03125,120.078125,1072783
07/03/2018,120.03125,120.375,119.9375,120.3125,1041155
07/05/2018,120.34375,120.421875,120.09375,120.25,1166546
07/06/2018,120.34375,120.625,120.203125,120.34375,937857
07/09/2018,120.375,120.390625,120.09375,120.125,804790
07/10/2018,120.125,120.203125,120,120.015625,970383
07/11/2018,120.234375,120.40625,120.078125,120.25,1588869
07/12/2018,120.171875,120.25,120.015625,120.15625,998978
07/13/2018,120.21875,120.390625,120.125,120.359375,775374
07/16/2018,120.390625,120.390625,120,120.171875,878760
07/17/2018,120.1875,120.25,120.03125,120.125,818755
07/18/2018,120.109375,120.25,120,120.0625,866201
07/19/2018,120.078125,120.421875,119.859375,120.296875,1757197
07/20/2018,120.328125,120.375,119.953125,119.984375,1271241
07/23/2018,120.015625,120.109375,119.453125,119.484375,1631269
07/24/2018,119.5625,119.640625,119.390625,119.5625,1311962
07/25/2018,119.546875,119.703125,119.328125,119.65625,1673593
07/26/2018,119.375,119.5625,119.28125,119.34375,1476232
07/27/2018,119.328125,119.515625,119.25,119.4375,1185040
07/30/2018,119.484375,119.484375,119.25,119.375,1053711
07/31/2018,119.375,119.65625,119.34375,119.421875,1915199
08/01/2018,119.40625,119.5625,119.078125,119.171875,1500142
08/02/2018,119.171875,119.375,119.109375,119.328125,1306817
08/03/2018,119.296875,119.640625,119.234375,119.609375,1241095
08/06/2018,119.609375,119.84375,119.53125,119.734375,905781
08/07/2018,119.703125,119.75,119.40625,119.46875,840015
08/08/2018,119.46875,119.59375,119.390625,119.5,987422
08/09/2018,119.53125,119.796875,119.5,119.71875,1137612
08/10/2018,119.75,120.40625,119.734375,120.375,2221758
08/13/2018,120.3125,120.484375,120.125,120.25,2075482
08/14/2018,120.15625,120.25,120.03125,120.109375,1292946
08/15/2018,120.0625,120.5625,120.046875,120.4375,1829448
08/16/2018,120.328125,120.40625,120.109375,120.265625,1253118
08/17/2018,120.3125,120.5,120.21875,120.25,1259016
08/20/2018,120.328125,120.6875,120.28125,120.625,1218543
08/21/2018,120.671875,120.6875,120.390625,120.453125,1316423
08/22/2018,120.578125,120.75,120.515625,120.625,1428199
08/23/2018,120.609375,120.703125,120.5,120.59375,1382001
08/24/2018,120.515625,120.625,120.359375,120.515625,1852103
08/27/2018,120.609375,120.65625,120.3125,120.34375,1687935
08/28/2018,120.359375,120.40625,120.0625,120.09375,3160594
08/29/2018,120.125,120.25,119.96875,120.09375,2379987
08/30/2018,120.078125,120.328125,120.046875,120.265625,1419186
08/31/2018,120.203125,120.390625,120.140625,120.265625,1737413
09/04/2018,120.1875,120.296875,119.890625,119.921875,1442281
09/05/2018,119.953125,120.078125,119.828125,119.953125,1244147
09/06/2018,119.96875,120.21875,119.90625,120.171875,1393592
09/07/2018,120.21875,120.234375,119.59375,119.640625,1957907
09/10/2018,119.609375,119.734375,119.578125,119.65625,856145
09/11/2018,119.6875,119.703125,119.28125,119.328125,1388452
09/12/2018,119.34375,119.5,119.328125,119.4375,1308068
09/13/2018,119.4375,119.59375,119.265625,119.421875,1564325
09/14/2018,119.359375,119.421875,119.109375,119.171875,1394828
09/17/2018,119.15625,119.234375,118.984375,119.125,1063405
09/18/2018,119.234375,119.328125,118.71875,118.796875,1775605
09/19/2018,118.734375,118.84375,118.5,118.5625,1929508
09/20/2018,118.703125,118.734375,118.4375,118.59375,1614630
09/21/2018,118.65625,118.734375,118.53125,118.671875,1076326
09/24/2018,118.703125,118.71875,118.46875,118.625,1188674
09/25/2018,118.515625,118.5625,118.34375,118.453125,1154172
09/26/2018,118.4375,118.859375,118.4375,118.734375,1538450
09/27/2018,118.828125,118.984375,118.640625,118.75,1513415
09/28/2018,118.765625,119,118.734375,118.78125,1638361
10/01/2018,118.71875,118.765625,118.515625,118.671875,1262949
10/02/2018,118.625,118.921875,118.609375,118.8125,1651670
10/03/2018,118.75,118.890625,117.921875,118.125,2673326
10/04/2018,117.984375,118.03125,117.609375,117.859375,2803647
10/05/2018,117.890625,117.96875,117.515625,117.671875,2222269
10/08/2018,117.625,117.8125,117.421875,117.703125,485721
10/09/2018,117.640625,117.859375,117.46875,117.8125,1937388
10/10/2018,117.796875,118.203125,117.546875,117.75,2551116
10/11/2018,118.203125,118.453125,117.953125,118.390625,3666139
10/12/2018,118.234375,118.4375,118,118.34375,1924442
10/15/2018,118.171875,118.328125,118.140625,118.15625,1416067
10/16/2018,118.21875,118.25,118.046875,118.21875,1463983
10/17/2018,118.125,118.296875,117.84375,118.046875,1593614
10/18/2018,117.859375,118.28125,117.78125,118.140625,2331342
10/19/2018,118.078125,118.1875,117.890625,117.953125,1885625
10/22/2018,117.96875,118.125,117.875,118,1410808
10/23/2018,117.96875,118.65625,117.96875,118.265625,2923885
10/24/2018,118.25,118.859375,118.21875,118.625,2709457
10/25/2018,118.765625,118.84375,118.4375,118.53125,2132579
10/26/2018,118.6875,119.1875,118.671875,119.03125,2612756
10/29/2018,119.015625,119.171875,118.703125,118.953125,1948721
10/30/2018,118.953125,118.984375,118.65625,118.78125,1990798
10/31/2018,118.65625,118.671875,118.359375,118.4375,1956359
11/01/2018,118.515625,118.65625,118.34375,118.578125,1654904
11/02/2018,118.671875,118.703125,117.984375,118.046875,2330388
11/05/2018,118.046875,118.25,118.03125,118.140625,1230676
11/06/2018,118.125,118.234375,117.890625,118,1215002
11/07/2018,117.90625,118.265625,117.71875,117.984375,2301837
11/08/2018,117.796875,118,117.703125,117.78125,1354498
11/09/2018,117.75,118.203125,117.734375,118.125,1599511
11/12/2018,118.171875,118.46875,118.109375,118.390625,563274
11/13/2018,118.421875,118.578125,118.234375,118.515625,1878432
11/14/2018,118.5,118.984375,118.375,118.75,2188936
11/15/2018,118.6875,119.09375,118.609375,118.8125,2392837
11/16/2018,118.8125,119.25,118.765625,119.15625,1739725
11/19/2018,119.25,119.375,119.015625,119.296875,1666762
11/20/2018,119.234375,119.4375,119.1875,119.34375,2225246
11/21/2018,119.203125,119.265625,119.015625,119.234375,1824157
11/23/2018,119.203125,119.453125,119.125,119.28125,1205929
11/26/2018,119.328125,119.359375,119.0625,119.140625,2513332
11/27/2018,119.25,119.328125,119.109375,119.25,3153782
11/28/2018,119.234375,119.40625,119.078125,119.390625,3081143
11/29/2018,119.3125,119.734375,119.234375,119.421875,1940800
11/30/2018,119.375,119.671875,119.359375,119.453125,1455158
12/03/2018,119.28125,119.78125,119.140625,119.59375,1668787
12/04/2018,119.75,120.28125,119.6875,120.015625,2480163
12/05/2018,120.015625,120.015625,120.015625,120.015625,10653
12/06/2018,120.046875,120.859375,120,120.40625,3445434
12/07/2018,120.3125,120.734375,120.1875,120.71875,2111773
12/10/2018,120.78125,120.9375,120.5625,120.65625,2069804
12/11/2018,120.625,120.765625,120.34375,120.421875,1882278
12/12/2018,120.4375,120.484375,120.140625,120.234375,1513971
12/13/2018,120.203125,120.359375,120.140625,120.234375,1384310
12/14/2018,120.21875,120.59375,120.21875,120.390625,1315445
12/17/2018,120.390625,120.734375,120.328125,120.65625,1152134
12/18/2018,120.640625,120.9375,120.609375,120.859375,1636749
12/19/2018,120.9375,121.421875,120.6875,121.171875,2011340
12/20/2018,121.265625,121.328125,120.890625,121.0625,2172584
12/21/2018,120.9375,121.140625,120.890625,121.03125,1317364
12/24/2018,121.078125,121.5625,121,121.40625,513369
12/26/2018,121.53125,121.640625,120.875,121.03125,881047
12/27/2018,120.96875,121.59375,120.953125,121.53125,1465439
12/28/2018,121.390625,121.8125,121.28125,121.625,1212224
12/31/2018,121.671875,122.125,121.5625,122.015625,797287
01/02/2019,121.8125,122.515625,121.8125,122.1875,1537272
01/03/2019,122.59375,123.25,122.21875,123.15625,2637572
01/04/2019,123.15625,123.234375,122.125,122.296875,2017334
01/07/2019,122.1875,122.46875,121.90625,122.046875,1335862
01/08/2019,121.953125,122.046875,121.609375,121.75,1174114
01/09/2019,121.65625,121.859375,121.5,121.71875,1428110
01/10/2019,121.796875,122.109375,121.578125,121.71875,1426743
01/11/2019,121.625,122.109375,121.609375,121.953125,1137037
01/14/2019,121.921875,122.28125,121.875,121.90625,1058706
01/15/2019,121.9375,122.1875,121.78125,121.90625,1555787
01/16/2019,121.84375,121.9375,121.609375,121.71875,1180543
01/17/2019,121.765625,121.96875,121.390625,121.515625,1449617
01/18/2019,121.5,121.546875,121.0625,121.171875,1382988
01/22/2019,121.171875,121.625,121.15625,121.578125,1733333
01/23/2019,121.484375,121.546875,121.21875,121.390625,1383476
01/24/2019,121.484375,121.84375,121.40625,121.75,1356409
01/25/2019,121.703125,121.78125,121.3125,121.40625,1239457
01/28/2019,121.34375,121.609375,121.265625,121.5,1326926
01/29/2019,121.46875,121.8125,121.453125,121.78125,1191668
01/30/2019,121.75,122.140625,121.5,122,1711957
01/31/2019,122.109375,122.59375,122.0625,122.46875,1941362
02/01/2019,122.453125,122.53125,121.875,121.9375,1681553
02/04/2019,121.984375,122,121.625,121.71875,1022090
02/05/2019,121.71875,121.96875,121.59375,121.875,1036243
02/06/2019,121.875,122.109375,121.8125,121.890625,1087271
02/07/2019,121.921875,122.296875,121.90625,122.28125,1523473
02/08/2019,122.203125,122.46875,122.1875,122.375,1059363
02/11/2019,122.328125,122.40625,122.0625,122.125,963200
02/12/2019,122.1875,122.203125,121.890625,121.953125,1143327
02/13/2019,121.9375,121.984375,121.65625,121.75,1308329
02/14/2019,121.78125,122.296875,121.703125,122.171875,1743940
02/15/2019,122.171875,122.25,121.90625,122.046875,1043348
02/19/2019,122.046875,122.3125,121.9375,122.21875,1313246
02/20/2019,122.296875,122.375,122.140625,122.15625,1418484
02/21/2019,122.21875,122.25,121.796875,121.90625,2635431
02/22/2019,121.84375,122.28125,121.84375,122.140625,1790891
02/25/2019,122.046875,122.125,121.921875,122.03125,3161503
02/26/2019,122.09375,122.359375,122.0625,122.328125,3194291
02/27/2019,122.296875,122.375,121.875,121.921875,1627040
02/28/2019,122.28125,122.46875,121.84375,122,2496256
03/01/2019,121.984375,122,121.546875,121.640625,1794803
03/04/2019,121.53125,121.921875,121.484375,121.859375,1360058
03/05/2019,121.875,121.921875,121.625,121.875,1278505
03/06/2019,121.90625,122.25,121.875,122.15625,1601046
03/07/2019,122.140625,122.671875,122.125,122.65625,1757176
03/08/2019,122.59375,122.953125,122.53125,122.765625,1785665
03/11/2019,122.6875,122.78125,122.53125,122.640625,1023534
03/12/2019,122.609375,122.96875,122.375,122.875,1758776
03/13/2019,122.875,122.90625,122.6875,122.859375,1098251
03/14/2019,122.703125,122.84375,122.578125,122.703125,1295563
03/15/2019,122.703125,123.109375,122.640625,122.96875,1301194
03/18/2019,122.953125,123.03125,122.8125,122.84375,963883
03/19/2019,122.84375,122.953125,122.625,122.765625,1174806
03/20/2019,122.75,123.53125,122.71875,123.40625,1540615
03/21/2019,123.4375,123.6875,123.28125,123.359375,1563387
03/22/2019,123.359375,124.265625,123.328125,124.03125,2361233
03/25/2019,124.0625,124.671875,123.875,124.328125,2186358
03/26/2019,124.484375,124.515625,124.0625,124.40625,1960900
03/27/2019,124.3125,124.96875,124.265625,124.6875,2172081
03/28/2019,124.703125,124.953125,124.328125,124.5,1775988
03/29/2019,124.40625,124.453125,124.078125,124.21875,1794013
04/01/2019,124.15625,124.171875,123.515625,123.609375,1761109
04/02/2019,123.625,123.859375,123.609375,123.765625,1346910
04/03/2019,123.8125,123.84375,123.40625,123.5,1565485
04/04/2019,123.4375,123.703125,123.421875,123.546875,1191134
04/05/2019,123.515625,123.6875,123.265625,123.59375,1359859
04/08/2019,123.625,123.703125,123.421875,123.453125,860631
04/09/2019,123.453125,123.75,123.40625,123.640625,1254979
04/10/2019,123.59375,123.921875,123.53125,123.796875,1349148
04/11/2019,123.84375,123.859375,123.515625,123.5625,1142422
04/12/2019,123.609375,123.671875,123.03125,123.09375,1543324
04/15/2019,123.046875,123.203125,122.96875,123.15625,1013260
04/16/2019,123.15625,123.203125,122.796875,122.828125,1356140
04/17/2019,122.84375,122.9375,122.640625,122.859375,1521927
04/18/2019,122.859375,123.234375,122.84375,123.140625,1434418
04/22/2019,123.125,123.171875,122.921875,122.9375,610997
04/23/2019,122.953125,123.203125,122.90625,123.125,942906
04/24/2019,123.140625,123.578125,123.109375,123.53125,1330691
04/25/2019,123.515625,123.5625,123.328125,123.390625,1141463
04/26/2019,123.390625,123.75,123.28125,123.671875,1435073
04/29/2019,123.671875,123.703125,123.390625,123.4375,918956
04/30/2019,123.515625,123.71875,123.3125,123.671875,1897188
05/01/2019,123.6875,124.125,123.46875,123.578125,1929299
05/02/2019,123.609375,123.65625,123.15625,123.171875,1605845
05/03/2019,123.25,123.46875,122.9375,123.34375,1414188
05/06/2019,123.5625,124.109375,123.5625,123.625,1421616
05/07/2019,123.9375,124.03125,123.609375,124.015625,1816896
05/08/2019,123.921875,124.1875,123.65625,123.75,2020026
05/09/2019,123.734375,124.265625,123.734375,123.984375,2119854
05/10/2019,124.0625,124.21875,123.828125,123.984375,2008818
05/13/2019,124.09375,124.5625,124,124.421875,1832738
05/14/2019,124.40625,124.53125,124.25,124.328125,1302395
05/15/2019,124.390625,124.84375,124.3125,124.671875,1905968
05/16/2019,124.6875,124.84375,124.3125,124.421875,1441988
05/17/2019,124.515625,124.78125,124.359375,124.484375,1284879
05/20/2019,124.5,124.59375,124.25,124.28125,1263291
05/21/2019,124.28125,124.359375,124.03125,124.140625,1308309
05/22/2019,124.140625,124.515625,124.09375,124.4375,1523116
05/23/2019,124.5,125.21875,124.46875,125.203125,3130623
05/24/2019,124.9375,125.078125,124.84375,124.890625,2796653
05/28/2019,125.015625,125.453125,124.90625,125.390625,4279844
05/29/2019,125.40625,125.84375,125.34375,125.625,3176520
05/30/2019,125.375,125.8125,125.203125,125.6875,1414607
05/31/2019,126.09375,126.875,126.0625,126.75,3004966
06/03/2019,126.71875,127.46875,126.71875,127.28125,2748676
06/04/2019,127.359375,127.4375,126.6875,126.953125,1980440
06/05/2019,126.8125,127.4375,126.75,126.984375,2341353
06/06/2019,126.9375,127.234375,126.828125,126.9375,1712163
06/07/2019,126.96875,127.609375,126.875,127.21875,1738575
06/10/2019,126.78125,127.03125,126.6875,126.75,1290528
06/11/2019,126.703125,126.8125,126.484375,126.796875,1277336
06/12/2019,126.75,127.09375,126.75,126.984375,1484141
06/13/2019,127.03125,127.4375,126.984375,127.359375,1333587
06/14/2019,127.3125,127.65625,127.15625,127.296875,1381350
06/17/2019,127.390625,127.40625,127.09375,127.328125,994596
06/18/2019,127.25,127.90625,127.203125,127.5,2049160
06/19/2019,127.515625,127.921875,127.15625,127.859375,1922272
06/20/2019,127.875,128.265625,127.671875,128.0625,2238622
06/21/2019,127.796875,128.015625,127.4375,127.515625,1518917
06/24/2019,127.640625,127.984375,127.53125,127.9375,987020
06/25/2019,127.96875,128.25,127.890625,128.125,1649628
06/26/2019,128.171875,128.1875,127.5625,127.59375,1372796
06/27/2019,127.625,127.953125,127.375,127.9375,1358937
06/28/2019,127.859375,128,127.6875,127.96875,1244715
07/01/2019,127.609375,127.96875,127.53125,127.6875,1480141
07/02/2019,127.75,128.171875,127.71875,128.140625,1168305
07/03/2019,128.15625,128.4375,128.140625,128.25,1229180
07/05/2019,128.25,128.40625,127.265625,127.46875,1926122
07/08/2019,127.46875,127.734375,127.328125,127.5,1181049
07/09/2019,127.390625,127.5,127.15625,127.296875,1234559
07/10/2019,127.234375,127.578125,126.859375,127.4375,1896091
07/11/2019,127.4375,127.640625,126.75,126.984375,1751719
07/12/2019,126.859375,127.140625,126.78125,127.109375,1107965
07/15/2019,127,127.21875,126.84375,127.171875,931067
07/16/2019,127.203125,127.25,126.71875,126.921875,1322335
07/17/2019,127.03125,127.53125,126.96875,127.359375,1072723
07/18/2019,127.453125,127.8125,127.234375,127.640625,1741787
07/19/2019,127.78125,127.859375,127.375,127.53125,1209067
07/22/2019,127.484375,127.6875,127.34375,127.59375,816913
07/23/2019,127.5625,127.609375,127.28125,127.359375,1078947
07/24/2019,127.28125,127.671875,127.265625,127.515625,1127865
07/25/2019,127.53125,127.84375,127.078125,127.28125,1985659
07/26/2019,127.234375,127.375,127.03125,127.21875,952437
07/29/2019,127.3125,127.5,127.28125,127.453125,867368
07/30/2019,127.359375,127.546875,127.234375,127.34375,1151527
07/31/2019,127.359375,127.703125,127.015625,127.421875,2403170
08/01/2019,127.5,128.8125,127.140625,128.6875,3135151
08/02/2019,128.5625,129.140625,128.453125,128.859375,2262282
08/05/2019,128.90625,130,128.84375,129.84375,2625894
08/06/2019,130.15625,130.328125,129.46875,129.765625,2306499
08/07/2019,130.015625,130.859375,129.71875,130.15625,2910174
08/08/2019,129.734375,130.015625,129.375,129.921875,2059943
08/09/2019,130,130.265625,129.546875,129.6875,1525513
08/12/2019,129.671875,130.453125,129.609375,130.375,1147618
08/13/2019,130.28125,130.53125,129.53125,129.828125,2232738
08/14/2019,129.671875,130.6875,129.65625,130.515625,2099883
08/15/2019,130.4375,131.34375,130.3125,130.953125,2722396
08/16/2019,130.90625,131.09375,130.40625,130.921875,1491242
08/19/2019,130.8125,130.8125,130.296875,130.4375,1296412
08/20/2019,130.359375,130.953125,130.359375,130.734375,1318349
08/21/2019,130.75,130.796875,130.328125,130.53125,1479712
08/22/2019,130.46875,130.734375,130.125,130.296875,1941609
08/23/2019,130.25,131.15625,129.875,130.953125,3110345
08/26/2019,131.3125,131.609375,130.75,130.78125,2771285
08/27/2019,130.859375,131.296875,130.84375,131.140625,3317674
08/28/2019,131.25,131.515625,131.125,131.359375,2277729
08/29/2019,131.3125,131.53125,130.8125,130.953125,1120486
08/30/2019,131.765625,131.828125,131.40625,131.71875,1572753
09/03/2019,131.859375,132.40625,131.515625,132.125,2102628
09/04/2019,132.15625,132.34375,131.875,132.28125,1308604
09/05/2019,132.203125,132.234375,131.078125,131.296875,1930481
09/06/2019,131.328125,131.484375,130.84375,131.375,1692601
09/09/2019,131.3125,131.359375,130.640625,130.859375,1331549
09/10/2019,130.6875,130.828125,129.8125,130.15625,2002467
09/11/2019,129.953125,130.09375,129.765625,129.90625,1613505
09/12/2019,129.90625,130.40625,129.375,129.4375,2603316
09/13/2019,129.609375,129.671875,128.5,128.578125,2359759
09/16/2019,128.84375,129.21875,128.75,129.0625,1602081
09/17/2019,129.03125,129.40625,128.96875,129.28125,1701453
09/18/2019,129.375,129.859375,129.1875,129.390625,1643122
09/19/2019,129.296875,129.703125,129.109375,129.59375,1440535
09/20/2019,129.5,129.96875,129.375,129.6875,1133259
09/23/2019,129.765625,130.421875,129.578125,130.078125,1513971
09/24/2019,129.96875,130.78125,129.921875,130.71875,1689336
09/25/2019,130.578125,130.75,129.890625,129.953125,1777604
09/26/2019,129.921875,130.390625,129.90625,130.28125,1540564
09/27/2019,130.21875,130.40625,129.9375,130.390625,1231321
09/30/2019,130.21875,130.390625,130.03125,130.3125,1214229
10/01/2019,130.375,130.921875,129.625,130.65625,2172846
10/02/2019,130.6875,131.25,130.4375,131.140625,1824231
10/03/2019,131.0625,131.96875,131.046875,131.75,1916073
10/04/2019,131.703125,132.03125,131.484375,131.90625,1487653
10/07/2019,131.90625,131.984375,131.40625,131.515625,1084278
10/08/2019,131.484375,131.953125,131.203125,131.703125,1396465
10/09/2019,131.75,131.8125,131.25,131.28125,1192798
10/10/2019,131.359375,131.75,130.59375,130.703125,1907652
10/11/2019,130.640625,130.8125,129.71875,129.875,1954934
10/14/2019,130.0625,130.59375,129.9375,130.21875,451647
10/15/2019,130.28125,130.546875,129.703125,129.765625,1439696
10/16/2019,129.796875,130.234375,129.765625,129.984375,1480517
10/17/2019,130.03125,130.1875,129.515625,129.90625,1463817
10/18/2019,129.921875,130.171875,129.765625,130.03125,834811
10/21/2019,130.09375,130.125,129.53125,129.625,926760
10/22/2019,129.578125,129.859375,129.46875,129.8125,1025951
10/23/2019,129.875,130.140625,129.765625,129.859375,887398
10/24/2019,129.828125,130.0625,129.640625,129.84375,1318699
10/25/2019,129.859375,129.96875,129.359375,129.53125,1171909
10/28/2019,129.578125,129.578125,129.046875,129.15625,1104455
10/29/2019,129.171875,129.359375,129.046875,129.265625,1107499
10/30/2019,129.234375,129.71875,129.109375,129.484375,1410254
10/31/2019,129.71875,130.40625,129.53125,130.296875,2201732
11/01/2019,130.265625,130.484375,129.84375,130.015625,1538019
11/04/2019,130.03125,130.078125,129.53125,129.578125,1107605
11/05/2019,129.625,129.65625,128.859375,128.921875,1794964
11/06/2019,128.96875,129.390625,128.9375,129.328125,1484890
11/07/2019,129.203125,129.375,127.984375,128.390625,2622358
11/08/2019,128.421875,128.6875,128.109375,128.390625,1694127
11/11/2019,128.25,128.578125,128.21875,128.390625,344598
11/12/2019,128.390625,128.578125,128.140625,128.53125,1365009
11/13/2019,128.328125,128.921875,128.328125,128.890625,1483757
11/14/2019,128.734375,129.46875,128.6875,129.34375,1644581
11/15/2019,129.265625,129.3125,129.015625,129.140625,940757
11/18/2019,129.140625,129.453125,128.96875,129.328125,1198151
11/19/2019,129.265625,129.5,129.15625,129.4375,1255752
11/20/2019,129.453125,129.890625,129.4375,129.796875,2142632
11/21/2019,129.875,130.0625,129.390625,129.484375,2582282
11/22/2019,129.46875,129.703125,129.328125,129.453125,2287124
11/25/2019,129.4375,129.59375,129.25,129.515625,2878708
11/26/2019,129.546875,129.765625,129.359375,129.6875,2602268
11/27/2019,129.671875,129.6875,129.296875,129.375,1306006
11/29/2019,129.453125,129.625,129.234375,129.359375,1229502
12/02/2019,129.25,129.28125,128.734375,128.90625,2091583
12/03/2019,129.046875,130.140625,128.8125,130.03125,2377087
12/04/2019,129.890625,130.109375,129.390625,129.421875,2074650
12/05/2019,129.484375,129.625,129.078125,129.3125,1696136
12/06/2019,129.1875,129.453125,128.65625,128.890625,1714937
12/09/2019,128.890625,129.171875,128.84375,128.96875,1085164
12/10/2019,129.046875,129.21875,128.796875,128.921875,1412938
12/11/2019,128.859375,129.34375,128.828125,129.28125,1196002
12/12/2019,129.25,129.4375,128.15625,128.390625,2587611
12/13/2019,128.140625,129.0625,127.90625,129.03125,2616199
12/16/2019,128.890625,128.9375,128.40625,128.421875,1148417
12/17/2019,128.578125,128.71875,128.421875,128.453125,859548
12/18/2019,128.53125,128.640625,128.0625,128.171875,1212185
12/19/2019,128.234375,128.40625,127.921875,128.3125,1205409
12/20/2019,128.203125,128.265625,127.96875,128.25,716666
12/23/2019,128.21875,128.390625,128.046875,128.09375,620132
12/24/2019,128.140625,128.390625,128,128.3125,398672
12/26/2019,128.359375,128.46875,128.203125,128.375,402206
12/27/2019,128.40625,128.671875,128.390625,128.65625,597734
12/30/2019,128.609375,128.6875,128.15625,128.53125,891503
12/31/2019,128.609375,128.609375,128.25,128.421875,850930
01/02/2020,128.296875,128.921875,128.15625,128.625,1250468
01/03/2020,128.65625,129.4375,128.625,129.390625,1718769
01/06/2020,129.5,129.65625,129.15625,129.25,1666524
01/07/2020,129.234375,129.390625,129.140625,129.15625,1450885
01/08/2020,129.25,130.1875,128.734375,128.765625,2993268
01/09/2020,128.765625,128.9375,128.546875,128.890625,1594105
01/10/2020,128.859375,129.171875,128.765625,129.078125,1291640
01/13/2020,129.109375,129.109375,128.8125,128.921875,1055289
01/14/2020,128.921875,129.234375,128.78125,129.140625,1421799
01/15/2020,129.171875,129.4375,129.125,129.34375,1349774
01/16/2020,129.359375,129.4375,129.078125,129.15625,1373300
01/17/2020,129.109375,129.21875,128.90625,129.046875,1275971
01/21/2020,129.125,129.609375,129.109375,129.578125,1664597
01/22/2020,129.53125,129.625,129.375,129.546875,1349211
01/23/2020,129.546875,130.03125,129.546875,129.78125,1938652
01/24/2020,129.8125,130.375,129.59375,130.28125,2065600
01/27/2020,130.578125,130.96875,130.53125,130.890625,2434005
01/28/2020,130.8125,131.1875,130.453125,130.609375,2306819
01/29/2020,130.515625,131.15625,130.421875,131.015625,1757332
01/30/2020,131.0625,131.53125,131,131.3125,2694207
01/31/2020,131.015625,131.828125,130.9375,131.65625,2547328
02/03/2020,131.859375,131.90625,131.125,131.578125,2331880
02/04/2020,131.546875,131.640625,130.75,130.890625,2200574
02/05/2020,130.921875,131.140625,130.359375,130.546875,2584163
02/06/2020,130.546875,130.65625,130.21875,130.5625,1858725
02/07/2020,130.546875,131.140625,130.515625,131.078125,2237244
02/10/2020,131.09375,131.390625,130.890625,131.359375,1689593
02/11/2020,131.125,131.1875,130.875,131,1579786
02/12/2020,130.890625,130.9375,130.609375,130.6875,1700284
02/13/2020,130.65625,131.171875,130.640625,130.765625,2149666
02/14/2020,130.734375,131.125,130.734375,130.984375,1422889
02/18/2020,130.9375,131.390625,130.828125,131.203125,1883347
02/19/2020,131.171875,131.25,130.9375,131.078125,1663072
02/20/2020,131.09375,131.59375,130.9375,131.4375,2356919
02/21/2020,131.5,132.140625,131.4375,131.859375,3287551
02/24/2020,132.203125,132.890625,132.09375,132.65625,4232656
02/25/2020,132.734375,133.328125,132.34375,133.125,5598034
02/26/2020,132.90625,133.40625,132.703125,133.328125,4313431
02/27/2020,133.09375,133.96875,133.015625,133.4375,2733280
02/28/2020,133.578125,134.921875,133.4375,134.75,4521145
03/02/2020,134.96875,135.765625,134.4375,135.109375,3398686
03/03/2020,134.4375,136.71875,134.28125,135.75,3872679
03/04/2020,135.90625,136.421875,135.421875,136,2735138
03/05/2020,135.53125,136.71875,135.390625,136.53125,2438978
03/06/2020,136.625,138.375,136.46875,137.921875,3450212
03/09/2020,138.5,140.75,138.46875,139.453125,3146032
03/10/2020,138.953125,139.421875,137.0625,137.625,3051818
03/11/2020,137.3125,138.59375,137.015625,137.390625,2719666
03/12/2020,137.234375,139.21875,136.75,137.25,2616395
03/13/2020,138.109375,138.5,135.796875,136.28125,2187664
03/16/2020,138.265625,138.953125,136.625,137.96875,1911153
03/17/2020,138.078125,138.125,135.09375,135.890625,1821733
03/18/2020,135.34375,136.015625,134.015625,134.078125,2021493
03/19/2020,134.46875,135.96875,133.65625,135.21875,2057363
03/20/2020,134.9375,137.453125,134.6875,136.734375,1621703
03/23/2020,137.5625,138.5625,137.203125,138.203125,1817511
03/24/2020,138.09375,138.3125,136.921875,137.453125,1401549
03/25/2020,137.234375,137.6875,137.03125,137.34375,1308534
03/26/2020,137.25,138.015625,137.21875,137.734375,1294144
03/27/2020,137.390625,138.75,137.34375,138.265625,1191882
03/30/2020,138.921875,139.390625,138.375,138.828125,1219173
03/31/2020,138.46875,139.046875,138.34375,138.6875,1527275
04/01/2020,138.796875,139.421875,138.78125,138.984375,1342210
04/02/2020,139.296875,139.453125,138.78125,138.890625,1185789
04/03/2020,139.015625,139.34375,138.890625,139.140625,889439
04/06/2020,138.984375,139.03125,138.328125,138.40625,950207
04/07/2020,138.4375,138.46875,137.5,137.90625,1441115
04/08/2020,138.0625,138.296875,137.703125,137.84375,1137637
04/09/2020,137.765625,138.390625,137.65625,138.25,1195287
04/13/2020,138.078125,138.34375,137.890625,138.078125,596558
04/14/2020,137.96875,138.390625,137.84375,138.21875,1076610
04/15/2020,138.21875,139.28125,138.1875,139.15625,1331091
04/16/2020,139.171875,139.40625,138.953125,139.234375,1139525
04/17/2020,138.84375,139.4375,138.53125,138.890625,1287496
04/20/2020,139.015625,139.234375,138.921875,139.109375,741098
04/21/2020,139.21875,139.6875,139.078125,139.390625,1092690
04/22/2020,139.421875,139.53125,138.828125,139.046875,954669
04/23/2020,139.03125,139.171875,138.859375,139.015625,1105020
04/24/2020,139.09375,139.234375,138.890625,139.109375,720790
04/27/2020,139,139.046875,138.578125,138.65625,881685
04/28/2020,138.625,139.109375,138.53125,139.015625,989863
04/29/2020,139,139.28125,138.828125,138.96875,1073167
04/30/2020,138.9375,139.359375,138.796875,139.0625,1533122
05/01/2020,138.96875,139.265625,138.84375,138.875,835692
05/04/2020,139.109375,139.234375,138.796875,138.96875,916799
05/05/2020,138.921875,138.984375,138.625,138.859375,962282
05/06/2020,138.796875,138.8125,138.265625,138.546875,1272785
05/07/2020,138.625,139.34375,138.5,139.296875,1313439
05/08/2020,139.1875,139.5,138.875,138.953125,1045001
05/11/2020,138.9375,139.0625,138.609375,138.625,981624
05/12/2020,138.71875,139.09375,138.578125,138.953125,1228975
05/13/2020,139.078125,139.3125,139.03125,139.21875,1203530
05/14/2020,139.203125,139.515625,139.15625,139.421875,1097438
05/15/2020,139.375,139.65625,139.25,139.328125,1015167
05/18/2020,139.359375,139.390625,138.5625,138.59375,1274344
05/19/2020,138.671875,139.046875,138.578125,138.859375,1271689
05/20/2020,139.046875,139.15625,138.78125,139.078125,1199320
05/21/2020,139.015625,139.21875,138.984375,139.0625,1429655
05/22/2020,139.0625,139.421875,139.046875,139.15625,1364129
05/26/2020,139.1875,139.25,138.796875,138.953125,3549623
05/27/2020,138.984375,139.3125,138.6875,139.125,2558810
05/28/2020,139.0625,139.21875,138.890625,138.953125,1019614
05/29/2020,138.765625,139.109375,138.75,139.0625,1517698
06/01/2020,139.125,139.234375,138.78125,139.015625,909383
06/02/2020,139,139.109375,138.78125,138.859375,832718
06/03/2020,138.84375,138.875,138.109375,138.1875,1441032
06/04/2020,138.28125,138.375,137.6875,137.796875,1699672
06/05/2020,137.75,137.953125,136.6875,137.09375,2132607
06/08/2020,137.109375,137.484375,136.9375,137.296875,950189
06/09/2020,137.34375,137.90625,137.328125,137.71875,1256988
06/10/2020,137.75,138.671875,137.6875,138.484375,1399954
06/11/2020,138.625,139.09375,138.609375,139.046875,1466637
06/12/2020,138.890625,138.96875,138.5625,138.734375,1086807
06/15/2020,138.828125,139.09375,138.53125,138.734375,1056998
06/16/2020,138.5625,138.6875,138.21875,138.4375,1553819
06/17/2020,138.4375,138.671875,138.359375,138.59375,974149
06/18/2020,138.5,138.875,138.5,138.828125,866605
06/19/2020,138.671875,138.875,138.421875,138.78125,818962
06/22/2020,138.921875,138.953125,138.640625,138.703125,733415
06/23/2020,138.640625,138.90625,138.515625,138.75,957624
06/24/2020,138.671875,138.90625,138.53125,138.875,1001745
06/25/2020,138.875,139.0625,138.796875,138.90625,1104239
06/26/2020,138.84375,139.265625,138.828125,139.21875,897263
06/29/2020,139.234375,139.421875,139.078125,139.328125,876658
06/30/2020,139.375,139.4375,139.09375,139.171875,1240939
07/01/2020,139.15625,139.171875,138.796875,138.953125,1163129
07/02/2020,138.96875,139.1875,138.734375,139.09375,890404
07/06/2020,139.15625,139.234375,138.765625,138.984375,832208
07/07/2020,139.015625,139.328125,138.9375,139.203125,795282
07/08/2020,139.25,139.28125,139.015625,139.1875,928752
07/09/2020,139.078125,139.53125,139.0625,139.5,993559
07/10/2020,139.375,139.703125,139.109375,139.21875,987046
07/13/2020,139.15625,139.375,139.015625,139.21875,774599
07/14/2020,139.34375,139.515625,139.234375,139.421875,902282
07/15/2020,139.203125,139.4375,139.109375,139.34375,789589
07/16/2020,139.3125,139.5625,139.265625,139.484375,629126
07/17/2020,139.4375,139.5625,139.3125,139.359375,547770
07/20/2020,139.359375,139.5625,139.328125,139.390625,531156
07/21/2020,139.46875,139.59375,139.328125,139.515625,614084
07/22/2020,139.546875,139.671875,139.484375,139.5625,647895
07/23/2020,139.53125,139.703125,139.515625,139.625,661255
07/24/2020,139.625,139.78125,139.53125,139.578125,677360
07/27/2020,139.5625,139.75,139.40625,139.46875,748061
07/28/2020,139.421875,139.734375,139.25,139.703125,855554
07/29/2020,139.703125,139.875,139.578125,139.75,785966
07/30/2020,139.78125,140.0625,139.75,140.015625,717957
07/31/2020,139.96875,140.1875,139.875,140.078125,1223992
08/03/2020,140.15625,140.171875,139.875,139.9375,843977
08/04/2020,140.03125,140.40625,139.9375,140.328125,773099
08/05/2020,140.390625,140.40625,140,140.078125,1020589
08/06/2020,140.03125,140.40625,140,140.15625,883198
08/07/2020,140.140625,140.28125,139.90625,139.953125,864503
08/10/2020,139.9375,140.140625,139.828125,139.875,678683
08/11/2020,139.875,139.9375,139.21875,139.25,1529185
08/12/2020,139.359375,139.5,139,139.1875,1494585
08/13/2020,139.125,139.4375,138.890625,138.96875,1322300
08/14/2020,138.90625,139.21875,138.90625,139.125,1031100
08/17/2020,139.15625,139.46875,139.109375,139.328125,1000368
08/18/2020,139.296875,139.5,139.25,139.390625,850229
08/19/2020,139.421875,139.5625,139.265625,139.375,1032995
08/20/2020,139.3125,139.65625,139.3125,139.5625,980383
08/21/2020,139.5,139.734375,139.421875,139.5625,944514
08/24/2020,139.609375,139.71875,139.4375,139.515625,1526307
08/25/2020,139.46875,139.484375,139.015625,139.3125,3003000
08/26/2020,139.265625,139.34375,139.015625,139.3125,2944270
08/27/2020,139.328125,139.625,138.890625,138.96875,2405027
08/28/2020,138.90625,139.359375,138.71875,139.25,880966
08/31/2020,139.140625,139.3125,138.9375,139.25,1713328
09/01/2020,139.203125,139.453125,139.03125,139.4375,1271604
09/02/2020,139.4375,139.609375,139.28125,139.546875,1104316
09/03/2020,139.546875,139.90625,139.40625,139.78125,1188115
09/04/2020,139.65625,139.75,139,139.03125,1372428
09/08/2020,139.09375,139.515625,139.015625,139.390625,1363385
09/09/2020,139.5,139.625,139.21875,139.296875,1206560
09/10/2020,139.296875,139.5,139.15625,139.4375,1177605
09/11/2020,139.421875,139.625,139.3125,139.59375,906331
09/14/2020,139.59375,139.71875,139.5,139.578125,746895
09/15/2020,139.5625,139.59375,139.421875,139.5,747829
09/16/2020,139.484375,139.6875,139.328125,139.453125,872530
09/17/2020,139.375,139.75,139.359375,139.453125,1045395
09/18/2020,139.421875,139.5625,139.34375,139.40625,688463
09/21/2020,139.390625,139.734375,139.375,139.5625,997320
09/22/2020,139.578125,139.625,139.484375,139.625,816613
09/23/2020,139.546875,139.671875,139.390625,139.5,980781
09/24/2020,139.515625,139.609375,139.46875,139.578125,1041394
09/25/2020,139.546875,139.71875,139.46875,139.640625,734906
09/28/2020,139.640625,139.6875,139.515625,139.625,719441
09/29/2020,139.703125,139.8125,139.625,139.78125,788134
09/30/2020,139.734375,139.796875,139.34375,139.53125,1728153
10/01/2020,139.46875,139.640625,139.203125,139.546875,1526426
10/02/2020,139.515625,139.78125,139.359375,139.4375,1390571
10/05/2020,139.375,139.453125,138.75,138.921875,1339887
10/06/2020,138.765625,139.1875,138.71875,139.046875,1619887
10/07/2020,139.125,139.140625,138.640625,138.71875,1348929
10/08/2020,138.703125,138.9375,138.703125,138.921875,991733
10/09/2020,138.796875,138.984375,138.671875,138.828125,979004
10/12/2020,138.828125,138.9375,138.796875,138.90625,195305
10/13/2020,138.90625,139.25,138.890625,139.203125,1044436
10/14/2020,139.203125,139.328125,139.140625,139.21875,801761
10/15/2020,139.203125,139.4375,139.0625,139.125,1146506
10/16/2020,139.09375,139.234375,138.96875,139.0625,902395
10/19/2020,139.03125,139.046875,138.75,138.921875,1040956
10/20/2020,138.828125,138.890625,138.65625,138.703125,1249462
10/21/2020,138.75,138.765625,138.40625,138.578125,1517057
10/22/2020,138.5,138.625,138.15625,138.328125,1390076
10/23/2020,138.265625,138.46875,138.171875,138.359375,1144245
10/26/2020,138.34375,138.71875,138.34375,138.640625,1168035
10/27/2020,138.625,138.90625,138.578125,138.84375,968531
10/28/2020,138.890625,139.09375,138.765625,138.796875,1529111
10/29/2020,138.8125,138.890625,138.359375,138.40625,1974950
10/30/2020,138.46875,138.609375,138.109375,138.21875,2336411
11/02/2020,138.171875,138.484375,138.140625,138.296875,1439099
11/03/2020,138.3125,138.34375,137.953125,138.09375,1270460
11/04/2020,137.953125,139.03125,137.640625,138.984375,2883115
11/05/2020,138.96875,139.265625,138.765625,138.875,1657504
11/06/2020,138.96875,139.03125,138.390625,138.546875,1441946
11/09/2020,138.5,138.765625,137.40625,137.578125,2778418
11/10/2020,137.8125,137.921875,137.421875,137.4375,2068812
11/11/2020,137.5,137.671875,137.25,137.609375,553673
11/12/2020,137.625,138.234375,137.609375,138.15625,1742283
11/13/2020,138.203125,138.328125,138.046875,138.109375,959502
11/16/2020,138.078125,138.25,137.84375,138.03125,1254900
11/17/2020,138.03125,138.359375,137.953125,138.296875,1329088
11/18/2020,138.359375,138.515625,138.078125,138.1875,1486514
11/19/2020,138.21875,138.515625,138.21875,138.359375,1522705
11/20/2020,138.515625,138.625,138.375,138.5,1483233
11/23/2020,138.53125,138.546875,138.265625,138.3125,2573621
11/24/2020,138.328125,138.375,138.171875,138.25,3331076
11/25/2020,138.25,138.46875,138.125,138.265625,1841962
11/27/2020,138.25,138.546875,138.234375,138.546875,447447
11/30/2020,138.171875,138.25,138.046875,138.171875,1750210
12/01/2020,138.1875,138.234375,137.40625,137.4375,2100082
12/02/2020,137.53125,137.65625,137.265625,137.421875,1503776
12/03/2020,137.515625,137.8125,137.4375,137.65625,1233132
12/04/2020,137.765625,137.84375,137.234375,137.375,1417026
12/07/2020,137.390625,137.765625,137.28125,137.71875,1078149
12/08/2020,137.75,137.984375,137.625,137.8125,1021005
12/09/2020,137.71875,137.75,137.46875,137.625,1118052
12/10/2020,137.6875,137.90625,137.625,137.890625,1255556
12/11/2020,137.875,138.21875,137.828125,138.09375,1101907
12/14/2020,137.96875,138.125,137.71875,138.078125,1031410
12/15/2020,138.078125,138.125,137.8125,137.859375,979197
12/16/2020,137.9375,138.015625,137.609375,137.890625,1415552
12/17/2020,137.90625,138.125,137.71875,137.859375,1275693
12/18/2020,137.796875,137.953125,137.734375,137.75,778349
12/21/2020,137.75,138.25,137.71875,137.765625,1279412
12/22/2020,137.796875,138,137.765625,137.984375,795131
12/23/2020,137.984375,138.09375,137.625,137.765625,1094067
12/24/2020,137.796875,137.9375,137.734375,137.875,256470
12/28/2020,137.921875,137.984375,137.671875,137.921875,610234
12/29/2020,137.96875,137.96875,137.796875,137.921875,775267
12/30/2020,137.890625,137.984375,137.75,137.96875,741740
12/31/2020,137.96875,138.109375,137.890625,138.078125,852085
01/04/2021,137.96875,138.171875,137.8125,138.125,1324874
01/05/2021,138.15625,138.15625,137.78125,137.84375,1316963
01/06/2021,137.828125,137.921875,137.09375,137.203125,2672939
01/07/2021,137.234375,137.296875,136.84375,136.953125,1719014
01/08/2021,136.875,136.921875,136.515625,136.65625,2260248
01/11/2021,136.5625,136.75,136.296875,136.421875,1552850
01/12/2021,136.3125,136.453125,136.03125,136.390625,2097810
01/13/2021,136.421875,136.859375,136.375,136.765625,1877583
01/14/2021,136.796875,136.875,136.5,136.5625,1704013
01/15/2021,136.53125,136.953125,136.515625,136.859375,1316526
01/19/2021,136.921875,136.984375,136.65625,136.9375,1497258
01/20/2021,136.953125,137.0625,136.796875,136.96875,1255751
01/21/2021,137,137.0625,136.734375,136.890625,1359281
01/22/2021,136.875,137.078125,136.8125,137.03125,1190947
01/25/2021,137.03125,137.453125,136.9375,137.375,1404902
01/26/2021,137.421875,137.453125,137.265625,137.375,1121552
01/27/2021,137.375,137.640625,137.28125,137.53125,1667733
01/28/2021,137.5,137.59375,137.125,137.25,2184019
01/29/2021,137.265625,137.328125,136.890625,137.03125,2626019
02/01/2021,137.171875,137.296875,137.0625,137.1875,1192644
02/02/2021,137.15625,137.21875,136.875,136.9375,1221784
02/03/2021,137.015625,137.015625,136.71875,136.796875,1400220
02/04/2021,136.734375,136.84375,136.59375,136.796875,1424723
02/05/2021,136.765625,136.921875,136.5,136.6875,2150914
02/08/2021,136.671875,136.78125,136.453125,136.6875,1342801
02/09/2021,136.625,136.8125,136.609375,136.71875,1232418
02/10/2021,136.703125,136.984375,136.578125,136.921875,1584234
02/11/2021,136.984375,137.0625,136.796875,136.859375,1368706
02/12/2021,136.8125,136.9375,136.46875,136.546875,1499293
02/16/2021,136.453125,136.46875,135.640625,135.78125,3257558
02/17/2021,135.65625,135.953125,135.46875,135.75,3256049
02/18/2021,135.953125,136.0625,135.625,135.859375,2072926
02/19/2021,135.828125,135.890625,135.328125,135.453125,2817768
02/22/2021,135.421875,135.59375,135.03125,135.328125,3751139
02/23/2021,135.34375,135.5625,135.203125,135.421875,4343895
02/24/2021,135.546875,135.71875,134.859375,135.15625,3620025
02/25/2021,135.234375,135.28125,133.078125,133.671875,2008086
02/26/2021,132.625,133.328125,132.25,132.71875,3560234
03/01/2021,133.15625,133.515625,133,133.1875,2245879
03/02/2021,133.40625,133.71875,133.15625,133.546875,1703174
03/03/2021,133.703125,133.703125,132.8125,133.046875,2125359
03/04/2021,132.9375,133.1875,132.265625,132.390625,2272444
03/05/2021,132.296875,132.53125,131.734375,132.34375,2558123
03/08/2021,132.0625,132.15625,131.765625,131.875,1724824
03/09/2021,131.859375,132.421875,131.828125,132.296875,1951211
03/10/2021,132.40625,132.671875,132.140625,132.53125,2013539
03/11/2021,132.53125,133.015625,132.390625,132.609375,2040028
03/12/2021,132.46875,132.5625,131.71875,131.78125,2054526
03/15/2021,131.8125,132.0625,131.71875,131.953125,1448514
03/16/2021,131.96875,132.171875,131.859375,131.953125,1513602
03/17/2021,131.890625,132.28125,131.484375,132.09375,2530521
03/18/2021,131.953125,132.09375,131,131.265625,2858288
03/19/2021,131.34375,131.671875,131.03125,131.21875,2107148
03/22/2021,131.296875,131.75,131.21875,131.546875,1302317
03/23/2021,131.484375,132.09375,131.4375,131.921875,1562826
03/24/2021,132.015625,132.28125,131.8125,132.09375,1694888
03/25/2021,132.125,132.296875,131.890625,132.140625,2049220
03/26/2021,131.953125,132.125,131.625,131.765625,1418656
03/29/2021,131.640625,131.984375,131.296875,131.359375,1450487
03/30/2021,131.390625,131.421875,130.8125,131.1875,1894739
03/31/2021,131.296875,131.296875,130.90625,130.9375,2350602
04/01/2021,130.984375,131.546875,130.90625,131.421875,1587843
04/02/2021,131.34375,131.625,130.921875,130.953125,497910
04/05/2021,130.953125,131.265625,130.796875,131.109375,919100
04/06/2021,131.28125,131.734375,131.109375,131.6875,1385977
04/07/2021,131.671875,131.953125,131.578125,131.828125,1409520
04/08/2021,131.65625,132.09375,131.65625,132,1171916
04/09/2021,132.046875,132.078125,131.46875,131.734375,1514213
04/12/2021,131.734375,131.890625,131.53125,131.625,1179342
04/13/2021,131.703125,132.125,131.375,132.078125,1747605
04/14/2021,132.109375,132.1875,131.78125,131.921875,1339839
04/15/2021,131.90625,132.6875,131.828125,132.65625,2236329
04/16/2021,132.390625,132.546875,132.1875,132.375,1404837
04/19/2021,132.34375,132.5625,132.046875,132.234375,1211489
04/20/2021,132.203125,132.609375,131.984375,132.5625,1414513
04/21/2021,132.578125,132.640625,132.359375,132.53125,1264344
04/22/2021,132.53125,132.765625,132.28125,132.546875,1465180
04/23/2021,132.640625,132.734375,132.3125,132.4375,1092162
04/26/2021,132.390625,132.5,132.15625,132.375,1351777
04/27/2021,132.359375,132.390625,131.953125,132.03125,1418589
04/28/2021,132.015625,132.203125,131.71875,132.09375,1705772
04/29/2021,132.171875,132.171875,131.578125,131.984375,1634108
04/30/2021,131.96875,132.140625,131.8125,132.03125,1935588
05/03/2021,132.046875,132.5,131.828125,132.328125,1540326
05/04/2021,132.328125,132.734375,132.15625,132.421875,1989203
05/05/2021,132.421875,132.671875,132.171875,132.546875,1454032
05/06/2021,132.625,132.75,132.515625,132.671875,1366666
05/07/2021,132.578125,133.515625,132.546875,132.75,2712647
05/10/2021,132.703125,132.953125,132.5625,132.609375,1410630
05/11/2021,132.609375,132.734375,132.390625,132.453125,1574618
05/12/2021,132.453125,132.5625,131.875,131.921875,2488669
05/13/2021,131.921875,132.3125,131.84375,132.1875,1901751
05/14/2021,132.21875,132.53125,132.1875,132.40625,1532042
05/17/2021,132.421875,132.671875,132.25,132.34375,1189252
05/18/2021,132.25,132.453125,132.234375,132.390625,998216
05/19/2021,132.390625,132.578125,131.9375,132.03125,2044316
05/20/2021,132.09375,132.53125,132.03125,132.484375,1619543
05/21/2021,132.5,132.625,132.375,132.4375,1595823
05/24/2021,132.53125,132.6875,132.46875,132.625,2367110
05/25/2021,132.625,133.046875,132.59375,132.96875,4052084
05/26/2021,132.984375,133.0625,132.828125,132.90625,2845547
05/27/2021,132.84375,132.9375,132.5625,132.6875,985340
05/28/2021,131.765625,132.046875,131.625,131.9375,1739945
06/01/2021,131.8125,131.875,131.609375,131.796875,1443465
06/02/2021,131.8125,132,131.71875,131.9375,949939
06/03/2021,131.953125,131.984375,131.5625,131.59375,1170926
06/04/2021,131.609375,132.234375,131.5625,132.203125,1880720
06/07/2021,132.203125,132.21875,132.015625,132.109375,844437
06/08/2021,132.109375,132.5625,132.09375,132.453125,1357775
06/09/2021,132.390625,132.90625,132.359375,132.765625,1803146
06/10/2021,132.71875,133.125,132.3125,132.9375,2279633
06/11/2021,133.109375,133.203125,132.78125,132.84375,1300374
06/14/2021,132.890625,132.921875,132.484375,132.515625,1031205
06/15/2021,132.546875,132.65625,132.453125,132.53125,1268828
06/16/2021,132.5625,132.640625,131.546875,131.75,2145566
06/17/2021,131.625,132.15625,131.4375,132.015625,2649597
06/18/2021,132.046875,132.421875,131.65625,132.3125,2080458
06/21/2021,132.40625,132.9375,132,132.203125,1942226
06/22/2021,132.171875,132.4375,132.015625,132.359375,1384211
06/23/2021,132.390625,132.46875,132.109375,132.1875,1303395
06/24/2021,132.15625,132.28125,132.03125,132.171875,1224046
06/25/2021,132.109375,132.265625,131.765625,131.859375,1203289
06/28/2021,131.921875,132.328125,131.890625,132.265625,966673
06/29/2021,132.25,132.296875,132.015625,132.265625,1042488
06/30/2021,132.28125,132.5625,132.1875,132.5,1715181
07/01/2021,132.3125,132.46875,132.1875,132.265625,1124574
07/02/2021,132.375,132.796875,132.234375,132.671875,1226545
07/06/2021,132.75,133.390625,132.578125,133.21875,1946423
07/07/2021,133.34375,133.703125,133.203125,133.546875,1846518
07/08/2021,133.578125,134.09375,133.515625,133.890625,1926487
07/09/2021,133.796875,133.8125,133.375,133.421875,1156602
07/12/2021,133.390625,133.640625,133.265625,133.40625,1349716
07/13/2021,133.40625,133.5625,132.96875,132.984375,2021905
07/14/2021,132.96875,133.53125,132.9375,133.453125,1469059
07/15/2021,133.5,133.875,133.4375,133.796875,1503254
07/16/2021,133.78125,133.84375,133.453125,133.78125,1021255
07/19/2021,133.84375,134.796875,133.8125,134.6875,2253335
07/20/2021,134.59375,135.21875,134.4375,134.671875,2194456
07/21/2021,134.53125,134.828125,133.984375,134.109375,1909685
07/22/2021,134.046875,134.46875,133.859375,134.25,1449036
07/23/2021,134.125,134.21875,133.9375,134.140625,887447
07/26/2021,134.1875,134.59375,134.0625,134.203125,1068621
07/27/2021,134.109375,134.5625,134.09375,134.46875,1204331
07/28/2021,134.390625,134.5625,134.078125,134.265625,1555292
07/29/2021,134.453125,134.5,134.09375,134.21875,1386720
07/30/2021,134.1875,134.59375,134.1875,134.453125,1668624
08/02/2021,134.53125,135.15625,134.453125,135,1379439
08/03/2021,134.90625,135.1875,134.78125,135,1081659
08/04/2021,134.984375,135.4375,134.625,134.828125,1722812
08/05/2021,134.828125,134.90625,134.390625,134.5,1272560
08/06/2021,134.421875,134.46875,133.890625,134,1508849
08/09/2021,133.90625,134.203125,133.65625,133.78125,1178694
08/10/2021,133.703125,133.859375,133.46875,133.546875,1281304
08/11/2021,133.515625,133.90625,133.296875,133.578125,1724961
08/12/2021,133.59375,133.78125,133.40625,133.453125,956949
08/13/2021,133.515625,134.09375,133.46875,133.953125,935648
08/16/2021,134.125,134.5625,134.0625,134.328125,1375814
08/17/2021,134.234375,134.609375,134.15625,134.265625,1409107
08/18/2021,134.21875,134.3125,133.90625,134.140625,1371502
08/19/2021,134.21875,134.53125,134.171875,134.328125,1408900
08/20/2021,134.296875,134.4375,134.0625,134.125,1029715
08/23/2021,134.140625,134.265625,133.9375,134.21875,1225950
08/24/2021,134.203125,134.234375,133.921875,133.984375,1883385
08/25/2021,133.9375,134.046875,133.546875,133.625,3159904
08/26/2021,133.609375,133.6875,133.375,133.59375,3102536
08/27/2021,133.515625,133.96875,133.421875,133.890625,2421866
08/30/2021,133.90625,134.1875,133.859375,134.125,672062
08/31/2021,133.5625,133.6875,133.34375,133.453125,2106020
09/01/2021,133.375,133.625,133.21875,133.453125,1476882
09/02/2021,133.5,133.640625,133.4375,133.53125,908971
09/03/2021,133.578125,133.875,133.25,133.390625,1350529
09/07/2021,133.359375,133.375,132.890625,133,1476529
09/08/2021,132.984375,133.328125,132.953125,133.25,1334163
09/09/2021,133.203125,133.609375,133.125,133.5,1408402
09/10/2021,133.453125,133.5,133.0625,133.15625,1072237
09/13/2021,133.140625,133.390625,133.078125,133.296875,819741
09/14/2021,133.265625,133.71875,133.09375,133.609375,1552718
09/15/2021,133.53125,133.703125,133.28125,133.390625,1373185
09/16/2021,133.421875,133.453125,132.9375,133.09375,1462896
09/17/2021,133.046875,133.140625,132.640625,132.78125,1387745
09/20/2021,132.78125,133.359375,132.75,133.265625,1427118
09/21/2021,133.21875,133.359375,132.953125,133.1875,1259839
09/22/2021,133.171875,133.390625,132.921875,132.984375,1694167
09/23/2021,133.1875,133.1875,132.15625,132.375,2148141
09/24/2021,132.203125,132.453125,131.96875,132.015625,1727637
09/27/2021,132.078125,132.171875,131.609375,131.796875,1856758
09/28/2021,131.75,131.84375,131.21875,131.46875,2477404
09/29/2021,131.4375,131.796875,131.3125,131.46875,2067859
09/30/2021,131.65625,131.953125,131.34375,131.609375,2058886
10/01/2021,131.890625,132.21875,131.75,132.171875,1967066
10/04/2021,132.1875,132.265625,131.859375,132.078125,1471686
10/05/2021,132.078125,132.109375,131.640625,131.734375,1409980
10/06/2021,131.734375,131.84375,131.40625,131.71875,1715889
10/07/2021,131.71875,131.78125,131.3125,131.390625,1404808
10/08/2021,131.34375,131.578125,131.03125,131.140625,2142419
10/11/2021,131.03125,131.046875,130.796875,130.84375,527137
10/12/2021,130.84375,131.234375,130.796875,131.140625,1701981
10/13/2021,131.109375,131.484375,130.796875,131.21875,2329391
10/14/2021,131.3125,131.609375,131.1875,131.5,1591700
10/15/2021,131.515625,131.53125,130.90625,130.96875,1467871
10/18/2021,130.90625,130.9375,130.4375,130.765625,2074254
10/19/2021,130.640625,130.96875,130.453125,130.5625,1437829
10/20/2021,130.515625,130.75,130.25,130.640625,1709628
10/21/2021,130.4375,130.578125,129.96875,130.1875,1769979
10/22/2021,130,130.5,129.984375,130.34375,1880379
10/25/2021,130.484375,130.6875,130.25,130.5625,1252112
10/26/2021,130.59375,130.703125,130.359375,130.609375,1273679
10/27/2021,130.640625,131.21875,130.4375,131.171875,2427913
10/28/2021,130.984375,131.078125,130.609375,130.75,2495837
10/29/2021,130.6875,130.875,130.234375,130.703125,2479547
11/01/2021,130.640625,130.796875,130.390625,130.65625,1479047
11/02/2021,130.734375,131.140625,130.640625,130.96875,1502792
11/03/2021,130.921875,131.171875,130.484375,130.765625,1821995
11/04/2021,130.59375,131.4375,130.5625,131.3125,1713598
11/05/2021,131.21875,131.953125,131.046875,131.828125,1970004
11/08/2021,131.71875,131.796875,131.25,131.296875,1179373
11/09/2021,131.34375,131.921875,131.328125,131.84375,1633463
11/10/2021,131.75,131.78125,130.5625,130.734375,2295387
11/11/2021,130.734375,130.8125,130.28125,130.328125,525839
11/12/2021,130.359375,130.8125,130.3125,130.53125,1297109
11/15/2021,130.625,130.859375,130.234375,130.296875,1183106
11/16/2021,130.3125,130.53125,130.09375,130.171875,1407795
11/17/2021,130.15625,130.59375,130.046875,130.453125,1289899
11/18/2021,130.515625,130.671875,130.359375,130.578125,1363815
11/19/2021,130.578125,131.25,130.421875,130.875,2060689
11/22/2021,130.75,130.75,129.90625,130,3135163
11/23/2021,129.96875,130.0625,129.59375,129.78125,3340651
11/24/2021,129.765625,130.109375,129.5,129.828125,3184097
11/26/2021,129.84375,131.328125,129.75,131.171875,2039456
11/29/2021,130.96875,131.328125,130.640625,131.046875,908346
11/30/2021,130.53125,131.3125,130.265625,130.8125,3199525
12/01/2021,130.71875,131.15625,130.1875,130.921875,1887630
12/02/2021,131.0625,131.125,130.453125,130.59375,1508506
12/03/2021,130.625,131.5,130.421875,131.453125,1999636
12/06/2021,131.21875,131.265625,130.609375,130.65625,1329698
12/07/2021,130.6875,130.796875,130.265625,130.328125,1221720
12/08/2021,130.359375,130.765625,129.96875,130.203125,1546418
12/09/2021,130.109375,130.546875,129.984375,130.390625,1429648
12/10/2021,130.265625,130.71875,130.0625,130.40625,1310117
12/13/2021,130.40625,130.953125,130.234375,130.84375,955932
12/14/2021,130.859375,130.890625,130.46875,130.640625,1006248
12/15/2021,130.625,130.796875,130.234375,130.46875,1405914
12/16/2021,130.546875,131.15625,130.359375,131.09375,1461169
12/17/2021,131.140625,131.4375,130.953125,131.171875,1114226
12/20/2021,131.21875,131.59375,131.0625,131.15625,1215343
12/21/2021,131.109375,131.25,130.53125,130.5625,1027368
12/22/2021,130.75,130.890625,130.53125,130.734375,760008
12/23/2021,130.734375,130.8125,130.46875,130.546875,557414
12/27/2021,130.5,130.671875,130.40625,130.5625,471863
12/28/2021,130.59375,130.765625,130.515625,130.609375,550228
12/29/2021,130.625,130.734375,130.09375,130.21875,971676
12/30/2021,130.1875,130.5,130.171875,130.40625,810924
12/31/2021,130.4375,130.578125,130.3125,130.46875,732396
01/03/2022,130.328125,130.34375,129.390625,129.4375,1428084
01/04/2022,129.5,129.59375,129.125,129.28125,1703196
01/05/2022,129.390625,129.4375,128.796875,128.84375,1696842
01/06/2022,128.84375,129,128.4375,128.53125,1793082
01/07/2022,128.625,128.75,128.03125,128.296875,1860208
01/10/2022,128.328125,128.375,127.9375,128.140625,1564056
01/11/2022,128.265625,128.46875,128.03125,128.390625,1676788
01/12/2022,128.46875,128.703125,128.328125,128.578125,1518137
01/13/2022,128.375,128.84375,128.25,128.71875,1330020
01/14/2022,128.75,128.796875,128.03125,128.1875,1557547
01/18/2022,128.03125,128.046875,127.25,127.375,2515636
01/19/2022,127.296875,127.734375,127.0625,127.671875,1962013
01/20/2022,127.34375,127.953125,127.25,127.703125,1482619
01/21/2022,127.90625,128.5,127.875,128.3125,2008753
01/24/2022,128.21875,128.703125,127.984375,128.515625,2158245
01/25/2022,128.203125,128.53125,128.03125,128.125,1738476
01/26/2022,128.203125,128.265625,127.203125,127.515625,1963794
01/27/2022,127.34375,127.875,127.28125,127.65625,2216921
01/28/2022,127.671875,128.03125,127.328125,127.953125,1780506
01/31/2022,127.90625,128.046875,127.671875,127.96875,1853973
02/01/2022,128.015625,128.359375,127.6875,127.875,1703462
02/02/2022,127.875,128.296875,127.765625,128.125,1358564
02/03/2022,128.03125,128.234375,127.5,127.640625,1654216
02/04/2022,127.578125,127.75,126.734375,126.765625,2062982
02/07/2022,126.84375,127.03125,126.703125,126.90625,1278721
02/08/2022,126.890625,126.921875,126.46875,126.578125,1564968
02/09/2022,126.484375,126.921875,126.421875,126.75,1684111
02/10/2022,126.640625,126.8125,125.546875,125.796875,3162240
02/11/2022,125.75,126.734375,125.59375,126.390625,2885301
02/14/2022,126.515625,126.796875,125.78125,125.984375,2318254
02/15/2022,126.03125,126.203125,125.578125,125.734375,1816955
02/16/2022,125.703125,126.03125,125.640625,125.8125,1812339
02/17/2022,125.796875,126.484375,125.78125,126.421875,2028872
02/18/2022,126.484375,126.796875,126.21875,126.671875,1687329
02/22/2022,126.796875,127.28125,126.375,126.46875,4427866
02/23/2022,126.515625,126.609375,126.09375,126.28125,3837304
02/24/2022,126.1875,127.390625,126.1875,126.46875,3766786
02/25/2022,126.453125,126.671875,126,126.25,810831
02/28/2022,126.90625,127.59375,126.734375,127.4375,2661634
03/01/2022,127.453125,128.984375,127.1875,128.734375,3144125
03/02/2022,128.515625,128.921875,127,127.28125,2382463
03/03/2022,127.28125,127.640625,127.078125,127.515625,1801822
03/04/2022,127.53125,128.859375,127.390625,128.53125,1972580
03/07/2022,128.59375,129.125,127.796875,128.109375,1767950
03/08/2022,127.953125,128.125,127.078125,127.15625,1709398
03/09/2022,127.328125,127.453125,126.515625,126.546875,1627377
03/10/2022,126.53125,126.828125,125.921875,126.015625,1712046
03/11/2022,126.140625,126.421875,125.859375,125.9375,1258262
03/14/2022,126.09375,126.125,124.75,124.8125,1461239
03/15/2022,124.859375,125.375,124.5625,124.65625,1550808
03/16/2022,124.75,124.875,123.796875,124.234375,1926020
03/17/2022,124.25,124.890625,124.125,124.328125,1518785
03/18/2022,124.453125,124.796875,124.328125,124.640625,1172762
03/21/2022,124.5,124.5625,123.15625,123.1875,1562329
03/22/2022,123.296875,123.359375,122.59375,122.75,1600511
03/23/2022,122.640625,123.375,122.375,123.140625,1632991
03/24/2022,123.296875,123.3125,122.515625,122.921875,1435544
03/25/2022,122.6875,122.9375,121.5,121.546875,1752474
03/28/2022,121.671875,122.1875,120.953125,121.703125,1775927
03/29/2022,121.75,122.4375,121.09375,122.328125,2067157
03/30/2022,122.328125,122.828125,122.015625,122.625,1760127
03/31/2022,122.703125,123.125,122.578125,122.875,2192637
04/01/2022,122.65625,122.671875,121.75,122.234375,1813806
04/04/2022,122.078125,122.390625,121.84375,122.09375,1216702
04/05/2022,122.140625,122.3125,120.796875,120.921875,1769170
04/06/2022,120.9375,121.046875,120.171875,120.6875,2146915
04/07/2022,120.765625,121.203125,120.390625,120.546875,1743647
04/08/2022,120.46875,120.71875,119.90625,120.125,1400055
04/11/2022,120,120.09375,119.53125,119.75,1441742
04/12/2022,119.71875,120.8125,119.328125,120.5,2176907
04/13/2022,120.421875,121.21875,119.96875,120.796875,1835432
04/14/2022,120.671875,121.28125,119.703125,119.9375,1780161
04/18/2022,119.796875,120.015625,119.359375,119.640625,889306
04/19/2022,119.609375,119.828125,118.84375,119.109375,1602021
04/20/2022,118.921875,119.640625,118.609375,119.5,1770234
04/21/2022,119.515625,119.5625,118.4375,118.75,1597287
04/22/2022,118.71875,119.140625,118.25,118.9375,1458890
04/25/2022,118.953125,120.1875,118.828125,119.609375,1800272
04/26/2022,119.53125,120.5,119.234375,120.046875,1562018
04/27/2022,120.4375,120.578125,119.59375,119.796875,1599187
04/28/2022,119.6875,120.03125,119.203125,119.359375,1938440
04/29/2022,119.65625,119.75,118.75,119.15625,2061780
05/02/2022,118.75,119.0625,118.21875,118.34375,1282256
05/03/2022,118.390625,118.9375,118.140625,118.515625,1389133
05/04/2022,118.375,119.203125,118.140625,119.15625,1775883
05/05/2022,118.921875,119.296875,117.8125,118.0625,2047770
05/06/2022,118.1875,118.296875,117.578125,117.796875,1668620
05/09/2022,117.625,118.609375,117.265625,118.1875,1713326
05/10/2022,118.453125,119.1875,118.25,118.78125,1812986
05/11/2022,118.765625,119.40625,118.109375,119.265625,2222622
05/12/2022,119.1875,120.015625,119.140625,120,1997731
05/13/2022,119.71875,119.734375,119.09375,119.171875,1150275
05/16/2022,119.203125,119.859375,119.046875,119.671875,1165327
05/17/2022,119.671875,119.75,118.65625,118.859375,1395521
05/18/2022,118.71875,119.53125,118.5,119.4375,1740614
05/19/2022,119.421875,120.3125,119.1875,119.703125,2264358
05/20/2022,119.828125,120.265625,119.5,120.125,1431719
05/23/2022,120.109375,120.109375,119.484375,119.578125,1634748
05/24/2022,119.65625,120.6875,119.5625,120.375,3479511
05/25/2022,120.40625,120.8125,120.296875,120.59375,3366992
05/26/2022,120.59375,120.96875,120.3125,120.59375,1859472
05/27/2022,120.609375,120.84375,120.4375,120.484375,632847
05/31/2022,120.21875,120.25,119.203125,119.453125,2440665
06/01/2022,119.40625,119.515625,118.515625,118.640625,1740132
06/02/2022,118.8125,118.96875,118.578125,118.859375,1060738
06/03/2022,118.84375,118.9375,118.359375,118.546875,1010710
06/06/2022,118.625,118.734375,117.875,117.921875,1095245
06/07/2022,117.9375,118.53125,117.703125,118.421875,1328357
06/08/2022,118.375,118.40625,117.90625,118.078125,1161489
06/09/2022,118.0625,118.21875,117.6875,117.921875,1393710
06/10/2022,117.90625,118.1875,116.703125,116.8125,2144456
06/13/2022,116.75,116.78125,114.640625,115.28125,2429214
06/14/2022,115.1875,116.09375,114.234375,114.40625,2221009
06/15/2022,114.34375,115.953125,114.3125,115.15625,2184477
06/16/2022,115.875,116.65625,114.3125,115.8125,2019171
06/17/2022,116.453125,116.59375,115.625,116.1875,1423866
06/21/2022,116.078125,116.328125,115.703125,115.796875,1274461
06/22/2022,115.921875,117.1875,115.890625,116.953125,1702409
06/23/2022,116.875,118.25,116.796875,117.65625,2222245
06/24/2022,117.53125,118,117.21875,117.34375,1245598
06/27/2022,117.265625,117.40625,116.578125,116.8125,1191859
06/28/2022,116.75,117.03125,116.34375,116.703125,1280037
06/29/2022,116.890625,117.59375,116.828125,117.515625,1235032
06/30/2022,117.546875,118.5625,117.4375,118.53125,1849397
07/01/2022,118.28125,120.125,118.1875,119.265625,1904322
07/05/2022,119.46875,120.21875,118.71875,119.921875,1761880
07/06/2022,119.890625,120.515625,118.84375,119.046875,1618742
07/07/2022,118.859375,119.15625,118.1875,118.265625,1401151
07/08/2022,118.359375,118.625,117.5625,117.625,1292581
07/11/2022,117.6875,118.59375,117.578125,118.375,1098384
07/12/2022,118.296875,119.09375,118.296875,118.65625,1473376
07/13/2022,118.546875,119.1875,117.75,118.921875,2141891
07/14/2022,118.78125,118.9375,117.890625,118.5,1657510
07/15/2022,118.421875,119,118.359375,118.640625,1149070
07/18/2022,118.65625,118.921875,118,118.46875,934835
07/19/2022,118.1875,118.484375,117.859375,117.96875,1036276
07/20/2022,117.90625,118.546875,117.734375,117.78125,1151592
07/21/2022,117.8125,119.203125,117.453125,118.90625,1814052
07/22/2022,119.125,120.34375,118.9375,119.890625,1705028
07/25/2022,120.0625,120.078125,119.484375,119.65625,1031506
07/26/2022,119.828125,120.484375,119.671875,119.859375,1126477
07/27/2022,119.71875,120.484375,119.609375,120.421875,1309166
07/28/2022,120,121.265625,119.734375,120.984375,1861248
07/29/2022,120.96875,121.390625,120.53125,121.140625,1935871
08/01/2022,121.0625,121.625,120.84375,121.359375,1352861
08/02/2022,121.609375,122.0625,119.984375,120.125,1984438
08/03/2022,120.125,120.5,119.328125,120.09375,1860557
08/04/2022,120.375,120.90625,120.09375,120.734375,1335255
08/05/2022,120.609375,120.765625,119.234375,119.375,1441129
08/08/2022,119.3125,120.015625,119.265625,119.859375,973724
08/09/2022,119.875,119.96875,119.390625,119.484375,961364
08/10/2022,119.5625,120.6875,119.34375,119.75,1694075
08/11/2022,119.765625,120.234375,118.96875,119.09375,1468557
08/12/2022,119.0625,119.46875,118.953125,119.265625,1041272
08/15/2022,119.34375,119.96875,119.140625,119.703125,970926
08/16/2022,119.78125,119.890625,119.125,119.390625,967317
08/17/2022,119.40625,119.453125,118.546875,118.765625,1254160
08/18/2022,118.71875,119.234375,118.5625,118.84375,1155689
08/19/2022,118.890625,118.921875,118.03125,118.109375,1127927
08/22/2022,118.25,118.4375,117.671875,117.71875,1321186
08/23/2022,117.84375,118.21875,117.453125,117.625,1884881
08/24/2022,117.6875,117.90625,117.109375,117.25,2864145
08/25/2022,117.21875,117.8125,117.109375,117.78125,2847872
08/26/2022,117.796875,117.921875,117.296875,117.578125,1979104
08/29/2022,117.453125,117.453125,116.828125,117.03125,1033735
08/30/2022,117.046875,117.453125,116.703125,117,517092
08/31/2022,117.09375,117.234375,116.390625,116.90625,1879549
09/01/2022,116.40625,116.546875,115.71875,115.984375,1717444
09/02/2022,116.046875,116.8125,115.890625,116.65625,1416640
09/06/2022,116.59375,116.859375,115.453125,115.59375,1554443
09/07/2022,115.53125,116.234375,115.421875,116.171875,1438427
09/08/2022,116.109375,116.71875,115.703125,115.96875,1413148
09/09/2022,115.78125,116.34375,115.671875,115.734375,1082566
09/12/2022,115.671875,116.1875,115.5,115.609375,1089399
09/13/2022,115.640625,116.140625,114.734375,114.953125,1821828
09/14/2022,115.078125,115.203125,114.53125,114.96875,1474283
09/15/2022,114.9375,115.03125,114.390625,114.5,1258641
09/16/2022,114.59375,114.953125,114.328125,114.75,1143557
09/19/2022,114.71875,114.796875,114.21875,114.359375,963169
09/20/2022,114.421875,114.53125,113.640625,113.84375,1539974
09/21/2022,113.859375,114.3125,113.296875,114.234375,1791263
09/22/2022,113.90625,114,112.671875,112.75,2281428
09/23/2022,112.703125,112.953125,111.78125,112.625,2062535
09/26/2022,112.703125,112.703125,111.015625,111.359375,2126534
09/27/2022,111.0625,112.046875,110.6875,110.890625,2340232
09/28/2022,111.015625,112.9375,110.59375,112.859375,2908370
09/29/2022,112.625,112.65625,111.640625,112.453125,1953819
09/30/2022,112.09375,112.890625,111.734375,112.0625,1948767
10/03/2022,111.828125,113.859375,111.796875,113.203125,1869420
10/04/2022,113.234375,113.9375,113.171875,113.5,1769493
10/05/2022,113.296875,113.53125,112.265625,112.53125,1611470
10/06/2022,112.546875,112.703125,111.84375,111.9375,1481654
10/07/2022,111.90625,111.96875,111.1875,111.484375,1236101
10/10/2022,111.4375,111.671875,110.703125,111.015625,472366
10/11/2022,111.09375,111.6875,110.671875,111.140625,1640605
10/12/2022,111.0625,111.640625,110.9375,111.484375,1395612
10/13/2022,111.515625,111.890625,110.0625,111.015625,2273852
10/14/2022,111.046875,111.71875,110.4375,110.59375,1649477
10/17/2022,110.703125,111.40625,110.5625,110.703125,1042028
10/18/2022,110.71875,111.140625,110.453125,110.90625,1330805
10/19/2022,110.828125,110.90625,109.890625,110,1487367
10/20/2022,109.9375,110.21875,109.265625,109.359375,1637008
10/21/2022,109.390625,109.96875,108.828125,109.796875,2367675
10/24/2022,109.78125,110.46875,109.40625,109.734375,1547877
10/25/2022,109.65625,110.984375,109.625,110.5625,1943598
10/26/2022,110.5625,111.265625,110.5,111.09375,1707764
10/27/2022,111.125,111.96875,110.5625,111.6875,2359431
10/28/2022,111.84375,111.9375,110.796875,111,1710477
10/31/2022,110.90625,110.953125,110.375,110.59375,1866622
11/01/2022,110.734375,111.640625,110.484375,110.578125,1837010
11/02/2022,110.5625,111.28125,110.15625,110.625,1606698
11/03/2022,110.25,110.296875,109.375,110.03125,1582083
11/04/2022,109.890625,110.375,109.328125,110.046875,1533716
11/07/2022,110.09375,110.1875,109.578125,109.640625,1045572
11/08/2022,109.625,110.328125,109.4375,110.28125,1249958
11/09/2022,110.296875,110.765625,110,110.328125,1452703
11/10/2022,110.671875,112.59375,110.390625,112.515625,2595697
11/11/2022,112.53125,112.5625,112,112.3125,684171
11/14/2022,112.125,112.21875,111.859375,112.125,1444981
11/15/2022,112.140625,112.984375,112.015625,112.5625,1777674
11/16/2022,112.671875,113.34375,112.25,113.203125,1631687
11/17/2022,113.15625,113.296875,112.40625,112.625,1467726
11/18/2022,112.625,112.796875,112.203125,112.296875,1060055
11/21/2022,112.265625,112.71875,112.125,112.3125,1762759
11/22/2022,112.234375,112.703125,112.203125,112.609375,3180523
11/23/2022,112.578125,113.09375,112.234375,112.953125,3103710
11/25/2022,113,113.46875,112.609375,113.03125,1331537
11/28/2022,113.125,113.53125,112.875,112.921875,1819031
11/29/2022,112.984375,113.34375,112.59375,112.71875,621288
11/30/2022,112.96875,114.15625,112.546875,113.5,2559936
12/01/2022,114.109375,114.765625,113.84375,114.609375,1991454
12/02/2022,114.703125,114.890625,113.671875,114.65625,1996354
12/05/2022,114.578125,114.625,113.78125,113.859375,1241956
12/06/2022,113.984375,114.40625,113.78125,114.359375,1172993
12/07/2022,114.234375,115.203125,114.0625,115.15625,1449743
12/08/2022,115,115.03125,114.375,114.453125,1142958
12/09/2022,114.515625,114.765625,113.921875,114.09375,1128488
12/12/2022,113.96875,114.390625,113.703125,113.828125,1103042
12/13/2022,113.84375,115.359375,113.78125,114.78125,1849330
12/14/2022,114.71875,115.0625,114.25,114.71875,1387105
12/15/2022,114.953125,115.078125,114.5625,114.921875,1238397
12/16/2022,114.9375,114.953125,114.1875,114.8125,1127945
12/19/2022,114.703125,114.71875,114.015625,114.140625,813410
12/20/2022,114.140625,114.171875,113.3125,113.53125,1401157
12/21/2022,113.5,114.046875,113.296875,113.5625,981158
12/22/2022,113.671875,113.90625,113.421875,113.546875,795954
12/23/2022,113.421875,113.484375,112.96875,113.078125,707524
12/27/2022,113.1875,113.203125,112.3125,112.328125,691957
12/28/2022,112.484375,112.6875,112.125,112.1875,759767
12/29/2022,112.21875,112.5625,112.15625,112.4375,810811
12/30/2022,112.5,112.515625,111.875,112.296875,1237247
01/03/2023,112.5625,113.109375,112.390625,112.640625,1471344
01/04/2023,112.890625,113.484375,112.828125,113.1875,1520223
01/05/2023,113.328125,113.359375,112.578125,113.015625,1375647
01/06/2023,113.015625,114.359375,112.640625,114.21875,2059681
01/09/2023,114.234375,114.734375,114,114.625,1491031
01/10/2023,114.46875,114.609375,113.828125,114,1363124
01/11/2023,114,114.59375,113.984375,114.4375,1393845
01/12/2023,114.5,115.421875,114,115.234375,2373580
01/13/2023,115.265625,115.484375,114.75,114.765625,1376320
01/17/2023,114.796875,114.921875,114.296875,114.671875,1568077
01/18/2023,114.5625,115.953125,114.5,115.90625,2306893
01/19/2023,115.859375,116.25,115.453125,115.640625,1712227
01/20/2023,115.640625,115.65625,114.859375,115.0625,1293383
01/23/2023,115.03125,115.21875,114.59375,114.6875,1053149
01/24/2023,114.75,115.125,114.4375,115.03125,1278470
01/25/2023,115.140625,115.40625,114.921875,115.140625,1300044
01/26/2023,115.234375,115.28125,114.671875,114.859375,1274095
01/27/2023,114.78125,114.875,114.375,114.609375,1065467
01/30/2023,114.65625,114.78125,114.171875,114.28125,1185210
01/31/2023,114.40625,114.8125,114.296875,114.515625,2074922
02/01/2023,114.640625,115.59375,114.546875,115.484375,2129670
02/02/2023,115.3125,116,115.3125,115.546875,1955041
02/03/2023,115.5,115.703125,114.25,114.421875,2445886
02/06/2023,114.34375,114.359375,113.328125,113.5,1911414
02/07/2023,113.453125,113.875,113.171875,113.234375,2036895
02/08/2023,113.25,113.640625,113.1875,113.40625,1582789
02/09/2023,113.65625,113.8125,113,113.03125,1498491
02/10/2023,113.1875,113.21875,112.625,112.6875,1471667
02/13/2023,112.640625,112.890625,112.53125,112.78125,1189982
02/14/2023,112.875,113.546875,112.09375,112.328125,2453173
02/15/2023,112.40625,112.5625,111.96875,112.046875,1855646
02/16/2023,112.03125,112.359375,111.640625,111.890625,2097321
02/17/2023,111.734375,112.078125,111.265625,112,1547810
02/21/2023,111.984375,112.015625,110.984375,111.0625,2819904
02/22/2023,111.0625,111.453125,110.953125,111.203125,4135478
02/23/2023,111.203125,111.53125,110.796875,111.4375,3909824
02/24/2023,111.40625,111.59375,110.65625,110.921875,2271416
02/27/2023,110.890625,111.328125,110.71875,111.140625,814223
02/28/2023,111.65625,111.734375,111.203125,111.65625,2123401
03/01/2023,111.53125,111.609375,110.90625,111,1876563
03/02/2023,111.046875,111.0625,110.390625,110.5,1963276
03/03/2023,110.578125,111.15625,110.484375,111.09375,1484872
03/06/2023,111.109375,111.53125,110.953125,110.984375,1339588
03/07/2023,111.09375,111.40625,110.734375,110.953125,1767698
03/08/2023,110.984375,111.453125,110.640625,110.921875,2299251
03/09/2023,110.8125,111.71875,110.703125,111.484375,1841360
03/10/2023,111.65625,113.3125,111.640625,113.140625,3498033
03/13/2023,113.1875,115.40625,112.65625,114.65625,4357282
03/14/2023,114.375,115.234375,113.28125,113.859375,3305010
03/15/2023,113.484375,115.96875,113.265625,115.125,3759901
03/16/2023,115.328125,116.03125,114.15625,114.1875,2891532
03/17/2023,114.265625,115.90625,114.046875,115.8125,1838911
03/20/2023,115.25,116.75,114.78125,115.09375,1980690
03/21/2023,114.984375,115.453125,114.0625,114.125,1535139
03/22/2023,114.125,115.609375,113.8125,115.09375,1836083
03/23/2023,115.453125,116.25,115.03125,115.984375,1893877
03/24/2023,115.890625,117.046875,115.671875,116.109375,2019577
03/27/2023,116.171875,116.203125,114.875,114.984375,1348508
03/28/2023,114.984375,115.234375,114.53125,114.640625,1347202
03/29/2023,114.578125,114.875,114.21875,114.53125,1409929
03/30/2023,114.46875,114.734375,114.21875,114.578125,1135333
03/31/2023,114.53125,115.109375,114.28125,114.921875,1719478
04/03/2023,114.90625,115.671875,114.5625,115.453125,1538280
04/04/2023,115.578125,116.28125,115.078125,116.25,1438906
04/05/2023,116.171875,116.9375,115.90625,116.578125,1514272
04/06/2023,116.390625,116.9375,116.34375,116.546875,1278514
04/07/2023,116.375,116.5,115.71875,115.796875,328793
04/10/2023,115.765625,115.984375,115.375,115.515625,795164
04/11/2023,115.484375,115.78125,115.203125,115.375,1044936
04/12/2023,115.453125,116.25,115.25,115.703125,1622587
04/13/2023,115.890625,116.09375,115.390625,115.453125,1212125
04/14/2023,115.515625,115.71875,114.71875,114.859375,1449795
04/17/2023,114.859375,114.96875,114.25,114.359375,1067311
04/18/2023,114.296875,114.671875,114.25,114.484375,1146560
04/19/2023,114.421875,114.453125,113.953125,114.1875,1356814
04/20/2023,114.25,114.8125,114.21875,114.65625,1148900
04/21/2023,114.703125,115,114.40625,114.46875,1007601
04/24/2023,114.46875,115.0625,114.453125,114.875,840959
04/25/2023,115.03125,115.9375,115.03125,115.796875,1770793
04/26/2023,115.75,115.953125,115.3125,115.546875,1698122
04/27/2023,115.421875,115.546875,114.65625,114.734375,1522224
04/28/2023,114.78125,115.484375,114.546875,115.203125,2015974
05/01/2023,115.421875,115.421875,114.3125,114.5,1019434
05/02/2023,114.53125,115.6875,114.46875,115.5625,1712580
05/03/2023,115.609375,116.484375,115.546875,115.90625,1531941
05/04/2023,116.609375,117,115.96875,116.5625,2155476
05/05/2023,116.25,116.375,115.421875,115.71875,1196379
05/08/2023,115.796875,115.859375,115.15625,115.171875,972862
05/09/2023,115.21875,115.484375,115.046875,115.1875,1004781
05/10/2023,115.171875,115.96875,115.078125,115.90625,1433425
05/11/2023,115.796875,116.5,115.75,116.046875,1686585
05/12/2023,116.078125,116.21875,115.40625,115.4375,1108555
05/15/2023,115.390625,115.484375,115.15625,115.234375,1116051
05/16/2023,115.21875,115.578125,114.71875,114.921875,1827549
05/17/2023,114.921875,115.09375,114.484375,114.578125,1415912
05/18/2023,114.625,114.75,113.859375,113.921875,1742318
05/19/2023,114,114.15625,113.34375,113.5625,1962629
05/22/2023,113.71875,113.9375,113.328125,113.46875,1744930
05/23/2023,113.4375,113.6875,113.125,113.609375,2835142
05/24/2023,113.671875,113.78125,113.1875,113.421875,4353177
05/25/2023,113.203125,113.390625,112.515625,112.625,3711660
05/26/2023,112.578125,112.90625,112.171875,112.40625,2019902
05/30/2023,112.375,113.3125,112.109375,113.171875,1085057
05/31/2023,114.03125,114.625,114,114.46875,2294306
06/01/2023,114.375,115,114.03125,114.734375,1597660
06/02/2023,114.765625,114.765625,113.78125,113.84375,1509089
06/05/2023,113.734375,114.109375,113.3125,113.890625,1440714
06/06/2023,113.9375,114.203125,113.578125,113.78125,1138789
06/07/2023,114.015625,114.078125,113.03125,113.21875,1617909
06/08/2023,113.125,113.78125,112.9375,113.734375,1556519
06/09/2023,113.6875,113.71875,113.203125,113.390625,1127719
06/12/2023,113.28125,113.671875,113.09375,113.359375,1319421
06/13/2023,113.4375,114,112.640625,112.671875,1975364
06/14/2023,112.84375,113.171875,112.390625,112.875,1778239
06/15/2023,112.96875,113.5625,112.5,113.453125,1800849
06/16/2023,113.46875,113.515625,112.765625,113.046875,1459225
06/20/2023,113.078125,113.53125,112.71875,113.3125,1531542
06/21/2023,113.328125,113.421875,112.859375,113.3125,1404783
06/22/2023,113.296875,113.4375,112.65625,112.734375,1405552
06/23/2023,112.75,113.484375,112.6875,113.078125,1455473
06/26/2023,113.125,113.515625,113.09375,113.234375,1186600
06/27/2023,113.203125,113.40625,112.765625,112.828125,1476874
06/28/2023,112.84375,113.296875,112.8125,113.25,1426850
06/29/2023,113.25,113.265625,112.03125,112.125,1959722
06/30/2023,112.234375,112.390625,111.796875,112.265625,2040741
07/03/2023,112.09375,112.546875,111.859375,111.9375,1071547
07/05/2023,111.921875,112.125,111.328125,111.359375,1640832
07/06/2023,111.421875,111.46875,110.15625,110.609375,2270324
07/07/2023,110.734375,111,110.296875,110.671875,1622489
07/10/2023,110.53125,111.25,110.40625,111.140625,1292789
07/11/2023,111.171875,111.5,111.109375,111.265625,1220062
07/12/2023,111.328125,112.375,111.296875,112.265625,2044759
07/13/2023,112.21875,113.09375,112.21875,113.046875,1807675
07/14/2023,112.96875,113.046875,112.4375,112.5625,1225132
07/17/2023,112.4375,112.921875,112.40625,112.71875,910140
07/18/2023,112.640625,113.25,112.609375,112.75,1303657
07/19/2023,112.703125,113.203125,112.65625,113,1349143
07/20/2023,112.890625,112.96875,112,112.140625,1563021
07/21/2023,112.125,112.421875,112.0625,112.234375,936630
07/24/2023,112.25,112.546875,111.875,112.0625,1148885
07/25/2023,111.921875,112.046875,111.546875,111.609375,1255185
07/26/2023,111.765625,112.171875,111.65625,112.140625,1297820
07/27/2023,111.953125,112.21875,110.953125,111.015625,2217996
07/28/2023,111.078125,111.65625,110.796875,111.34375,1627106
07/31/2023,111.46875,111.625,111.0625,111.40625,1686431
08/01/2023,111.40625,111.5,110.828125,110.875,1523937
08/02/2023,111,111.234375,110.46875,110.796875,1860148
08/03/2023,110.828125,110.84375,110.171875,110.234375,1945613
08/04/2023,110.28125,111.328125,109.75,111.140625,2014781
08/07/2023,111.265625,111.265625,110.71875,111.125,1270248
08/08/2023,111,111.6875,110.96875,111.40625,1473697
08/09/2023,111.421875,111.625,111.265625,111.390625,1164222
08/10/2023,111.359375,111.90625,110.640625,110.859375,1957382
08/11/2023,110.671875,110.90625,110.125,110.1875,1469751
08/14/2023,110.171875,110.3125,109.765625,110,1309141
08/15/2023,109.90625,110.21875,109.359375,109.765625,1788907
08/16/2023,109.828125,110.171875,109.421875,109.5625,1768369
08/17/2023,109.546875,109.640625,109.109375,109.28125,1741118
08/18/2023,109.484375,109.890625,109.4375,109.640625,1179162
08/21/2023,109.640625,109.6875,108.96875,109.078125,1514677
08/22/2023,109.078125,109.28125,108.875,109.0625,1396508
08/23/2023,109.046875,109.984375,109.015625,109.90625,2609078
08/24/2023,109.84375,109.984375,109.515625,109.59375,3280441
08/25/2023,109.5625,109.71875,109.109375,109.4375,3762585
08/28/2023,109.453125,109.734375,109.3125,109.640625,3135447
08/29/2023,109.6875,110.4375,109.4375,110.328125,1810947
08/30/2023,110.34375,110.609375,110.0625,110.359375,459448
08/31/2023,110.875,111.109375,110.765625,111.03125,1908070
09/01/2023,110.90625,111.390625,110.375,110.578125,1719989
09/05/2023,110.453125,110.46875,109.921875,109.953125,1501438
09/06/2023,110,110.15625,109.609375,109.6875,1448216
09/07/2023,109.75,110.0625,109.59375,109.984375,1214081
09/08/2023,110.03125,110.328125,109.859375,109.921875,1010839
09/11/2023,109.796875,109.90625,109.625,109.78125,967962
09/12/2023,109.765625,109.890625,109.6875,109.875,1010007
09/13/2023,109.78125,110.140625,109.09375,110.015625,1562522
09/14/2023,110,110.234375,109.703125,109.75,1511888
09/15/2023,109.734375,109.890625,109.390625,109.515625,1234439
09/18/2023,109.4375,109.609375,109.25,109.515625,972461
09/19/2023,109.578125,109.625,109.09375,109.125,1270702
09/20/2023,109.1875,109.53125,108.734375,109.21875,1641379
09/21/2023,108.796875,108.796875,108.25,108.421875,2142465
09/22/2023,108.34375,108.828125,108.28125,108.6875,1313686
09/25/2023,108.734375,108.796875,108.125,108.171875,1289496
09/26/2023,108.21875,108.53125,108.015625,108.109375,1603850
09/27/2023,108.234375,108.53125,107.484375,107.578125,1893725
09/28/2023,107.734375,108.015625,107.21875,107.859375,2422053
09/29/2023,107.96875,108.453125,107.8125,108.0625,2554531
10/02/2023,107.875,107.921875,107.21875,107.328125,1629654
10/03/2023,107.390625,107.4375,106.5625,106.640625,2582260
10/04/2023,106.625,107.203125,106.109375,107.109375,2537554
10/05/2023,107.078125,107.390625,106.890625,107.3125,1823513
10/06/2023,107.265625,107.3125,106.203125,106.84375,2233594
10/09/2023,107.125,107.953125,107.078125,107.84375,822843
10/10/2023,107.78125,107.984375,107.328125,107.71875,1915354
10/11/2023,107.71875,108.34375,107.65625,107.9375,2034050
10/12/2023,108.109375,108.5,107.125,107.234375,2136548
10/13/2023,107.328125,108,107.28125,107.71875,1590091
10/16/2023,107.671875,107.703125,107.125,107.203125,1268212
10/17/2023,107.1875,107.25,106.109375,106.21875,2149715
10/18/2023,106.234375,106.484375,105.75,105.875,1948270
10/19/2023,105.8125,105.953125,105.328125,105.421875,2395898
10/20/2023,105.453125,106.1875,105.421875,106,1797831
10/23/2023,105.78125,106.5,105.390625,106.484375,2092633
10/24/2023,106.40625,106.6875,106.078125,106.359375,1839686
10/25/2023,106.4375,106.5625,105.5625,105.671875,1960891
10/26/2023,105.65625,106.40625,105.46875,106.34375,2427261
10/27/2023,106.296875,106.53125,106.09375,106.421875,1634085
10/30/2023,106.4375,106.453125,105.9375,106.21875,1546433
10/31/2023,106.09375,106.65625,105.875,106.171875,2355214
11/01/2023,105.90625,107.203125,105.859375,106.859375,2733810
11/02/2023,107.203125,107.875,107.078125,107.484375,2451045
11/03/2023,107.546875,108.78125,107.390625,108.359375,2734990
11/06/2023,108.234375,108.234375,107.5625,107.59375,1637310
11/07/2023,107.71875,108.296875,107.609375,108.125,1855465
11/08/2023,108.125,108.484375,107.828125,108.328125,1867406
11/09/2023,108.4375,108.53125,107.421875,107.53125,2122373
11/10/2023,107.5625,107.921875,107.265625,107.421875,1622680
11/13/2023,107.34375,107.484375,107,107.4375,1241622
11/14/2023,107.359375,108.96875,107.296875,108.90625,2641567
11/15/2023,108.796875,108.953125,108.078125,108.21875,2436582
11/16/2023,108.25,108.9375,108.21875,108.859375,1713618
11/17/2023,108.875,109.265625,108.59375,108.75,1641218
11/20/2023,108.6875,108.921875,108.4375,108.84375,1607627
11/21/2023,108.859375,109.109375,108.734375,108.9375,2956534
11/22/2023,109.03125,109.265625,108.59375,108.8125,3694051
11/24/2023,108.84375,108.96875,108.328125,108.390625,2208488
11/27/2023,108.421875,109.046875,108.1875,109,4517362
11/28/2023,108.984375,109.609375,108.796875,109.53125,2600614
11/29/2023,109.578125,110.125,109.546875,109.9375,597861
11/30/2023,110.359375,110.4375,109.6875,109.796875,2746937
12/01/2023,109.953125,110.875,109.78125,110.671875,2298272
12/04/2023,110.84375,110.84375,110.109375,110.1875,1644535
12/05/2023,110.359375,110.984375,110.3125,110.921875,1873349
12/06/2023,110.90625,111.265625,110.640625,111.140625,1752354
12/07/2023,111.234375,111.296875,110.71875,111.15625,1879849
12/08/2023,110.984375,111.03125,110.015625,110.265625,2062417
12/11/2023,110.296875,110.40625,109.984375,110.328125,1439260
12/12/2023,110.34375,110.984375,110.234375,110.546875,1828548
12/13/2023,110.578125,112.109375,110.5,111.890625,2374535
12/14/2023,112.03125,112.875,111.984375,112.515625,3120482
12/15/2023,112.546875,112.75,112.125,112.40625,1834598
12/18/2023,112.484375,112.671875,112.1875,112.25,1111902
12/19/2023,112.390625,112.640625,112.25,112.4375,1122344
12/20/2023,112.375,112.984375,112.34375,112.78125,1444999
12/21/2023,112.953125,113.140625,112.578125,112.671875,1454535
12/22/2023,112.6875,112.96875,112.5,112.59375,851057
12/26/2023,112.671875,112.75,112.546875,112.71875,396317
12/27/2023,112.640625,113.375,112.5625,113.328125,906098
12/28/2023,113.234375,113.296875,112.796875,112.890625,994945
12/29/2023,112.921875,113.03125,112.5625,112.890625,1187616
01/02/2024,112.6875,112.828125,112.125,112.296875,1514587
01/03/2024,112.375,112.625,111.875,112.515625,2040430
01/04/2024,112.40625,112.59375,111.859375,111.984375,1658449
01/05/2024,111.921875,112.3125,111.203125,111.71875,2394784
01/08/2024,111.71875,112.28125,111.484375,112.046875,1805485
01/09/2024,111.828125,112.0625,111.6875,111.90625,1416395
01/10/2024,111.953125,112.21875,111.78125,111.875,1564442
01/11/2024,111.875,112.5,111.609375,112.34375,2347973
01/12/2024,112.40625,112.828125,112.09375,112.59375,1993913
01/16/2024,112.5625,112.578125,111.703125,111.84375,2537733
01/17/2024,111.90625,112.046875,111.28125,111.421875,2139591
01/18/2024,111.421875,111.65625,111.140625,111.203125,1703768
01/19/2024,111.21875,111.296875,110.8125,111.125,1425075
01/22/2024,111.234375,111.609375,111.140625,111.5,1325752
01/23/2024,111.421875,111.53125,111.125,111.21875,1268992
01/24/2024,111.265625,111.609375,110.921875,110.96875,1977841
01/25/2024,111,111.40625,110.828125,111.3125,2037400
01/26/2024,111.375,111.5625,111,111.03125,1437808
01/29/2024,111.28125,111.71875,111.15625,111.515625,1679052
01/30/2024,111.59375,111.859375,111.34375,111.625,1873442
01/31/2024,111.796875,112.640625,111.734375,112.328125,3568859
02/01/2024,112.578125,113.203125,112.296875,112.890625,2793826
02/02/2024,112.78125,112.859375,111.5,111.65625,2743953
02/05/2024,111.65625,111.671875,110.703125,110.78125,2189485
02/06/2024,110.828125,111.390625,110.734375,111.28125,1948478
02/07/2024,111.25,111.515625,111.03125,111.1875,1847712
02/08/2024,111.140625,111.234375,110.71875,110.75,1543912
02/09/2024,110.84375,111.03125,110.5,110.578125,1512993
02/12/2024,110.640625,110.875,110.546875,110.71875,1128359
02/13/2024,110.671875,111.21875,109.53125,109.625,2517033
02/14/2024,109.640625,110.15625,109.515625,110.015625,1978428
02/15/2024,110.0625,110.546875,110.015625,110.171875,1963091
02/16/2024,110.203125,110.234375,109.46875,109.75,1802674
02/20/2024,109.796875,110.15625,109.59375,109.9375,1865702
02/21/2024,109.9375,110.125,109.5625,109.625,2325483
02/22/2024,109.640625,109.75,109.3125,109.5,4468034
02/23/2024,109.53125,109.96875,109.28125,109.875,4145585
02/26/2024,109.828125,110.125,109.5,109.609375,5341315
02/27/2024,109.71875,109.875,109.46875,109.53125,2419680
02/28/2024,109.578125,109.890625,109.546875,109.8125,486902
02/29/2024,110.390625,110.65625,110,110.4375,3109426
03/01/2024,110.46875,111.0625,110.171875,111.03125,2504918
03/04/2024,111.015625,111.03125,110.65625,110.75,1348230
03/05/2024,110.796875,111.46875,110.71875,111.296875,1996086
03/06/2024,111.21875,111.71875,111.078125,111.484375,2312376
03/07/2024,111.53125,111.84375,111.34375,111.65625,1935948
03/08/2024,111.6875,112.140625,111.25,111.734375,2018326
03/11/2024,111.78125,111.96875,111.515625,111.59375,1343546
03/12/2024,111.609375,111.75,111.078125,111.171875,2143179
03/13/2024,111.1875,111.328125,110.890625,110.9375,1500095
03/14/2024,110.90625,110.953125,110.1875,110.203125,2301427
03/15/2024,110.234375,110.34375,109.96875,110.078125,1536230
03/18/2024,110.03125,110.171875,109.765625,109.8125,1279370
03/19/2024,109.9375,110.25,109.84375,110.140625,1484543
03/20/2024,110.140625,110.6875,110.046875,110.4375,1804600
03/21/2024,110.4375,110.828125,110.265625,110.390625,1864162
03/22/2024,110.40625,110.875,110.390625,110.75,1203568
03/25/2024,110.859375,110.9375,110.46875,110.515625,1123679
03/26/2024,110.5625,110.734375,110.359375,110.640625,1308297
03/27/2024,110.65625,110.984375,110.5625,110.875,1466914
03/28/2024,110.890625,110.890625,110.53125,110.796875,1851548
04/01/2024,110.796875,110.90625,109.859375,109.921875,1439886
04/02/2024,110.046875,110.09375,109.453125,109.71875,2241221
04/03/2024,109.765625,109.859375,109.296875,109.796875,2333649
04/04/2024,109.890625,110.1875,109.625,110.125,2198530
04/05/2024,110.09375,110.171875,109.453125,109.65625,2249603
04/08/2024,109.40625,109.421875,109.0625,109.265625,1884106
04/09/2024,109.265625,109.71875,109.203125,109.640625,1645443
04/10/2024,109.640625,109.828125,108.171875,108.203125,3560419
04/11/2024,108.28125,108.515625,107.859375,108.109375,3034817
04/12/2024,108.03125,108.796875,108.015625,108.6875,2369186
04/15/2024,108.671875,108.6875,107.578125,107.890625,3265675
04/16/2024,108.046875,108.125,107.421875,107.671875,2874408
04/17/2024,107.578125,108.25,107.484375,108.15625,2317526
04/18/2024,108.109375,108.328125,107.640625,107.703125,2240406
04/19/2024,107.78125,108.703125,107.765625,107.90625,2131924
04/22/2024,107.6875,107.96875,107.546875,107.859375,1322568
04/23/2024,107.921875,108.25,107.640625,108.078125,2013413
04/24/2024,108.03125,108.0625,107.625,107.734375,2003168
04/25/2024,107.8125,108.03125,107.125,107.359375,2584220
04/26/2024,107.359375,107.859375,107.28125,107.578125,1701216
04/29/2024,107.578125,107.984375,107.578125,107.953125,1590605
04/30/2024,107.921875,108.015625,107.390625,107.4375,2697134
05/01/2024,107.453125,108.203125,107.390625,108.109375,2218852
05/02/2024,107.890625,108.375,107.78125,108.359375,2083746
05/03/2024,108.234375,109.296875,108.1875,108.859375,2772830
05/06/2024,108.78125,109.046875,108.71875,108.890625,1242860
05/07/2024,108.890625,109.28125,108.8125,109.015625,1719822
05/08/2024,109.015625,109.09375,108.765625,108.828125,1633702
05/09/2024,108.8125,109.109375,108.609375,109.09375,1881170
05/10/2024,109.015625,109.109375,108.671875,108.703125,1387845
05/13/2024,108.734375,109,108.71875,108.828125,1216286
05/14/2024,108.765625,109.109375,108.46875,109.09375,1824374
05/15/2024,109.09375,109.828125,109.015625,109.71875,2721526
05/16/2024,109.765625,109.984375,109.4375,109.484375,1820317
05/17/2024,109.484375,109.578125,109.15625,109.1875,1223182
05/20/2024,109.171875,109.28125,108.953125,109.09375,1156162
05/21/2024,109,109.328125,108.984375,109.234375,1502913
05/22/2024,109.21875,109.25,108.890625,109.03125,2186516
05/23/2024,109.078125,109.1875,108.546875,108.71875,3996052
05/24/2024,108.6875,108.796875,108.5,108.703125,3436837
05/28/2024,108.78125,108.90625,108.203125,108.296875,4805222
05/29/2024,108.21875,108.265625,107.671875,107.765625,2233059
05/30/2024,107.828125,108.296875,107.71875,108.234375,628261
05/31/2024,108.578125,109,108.375,108.796875,2717097
06/03/2024,108.859375,109.625,108.859375,109.5625,1880068
06/04/2024,109.625,110.15625,109.46875,110.015625,2363438
06/05/2024,110.03125,110.390625,109.828125,110.296875,2567287
06/06/2024,110.375,110.40625,110.09375,110.359375,1842916
06/07/2024,110.296875,110.65625,109.25,109.3125,2320073
06/10/2024,109.25,109.265625,109.015625,109.09375,1341950
06/11/2024,109.078125,109.59375,109.078125,109.546875,1807422
06/12/2024,109.515625,110.671875,109.484375,110.3125,2862922
06/13/2024,110.171875,110.84375,110.09375,110.71875,2372261
06/14/2024,110.640625,111.03125,110.453125,110.84375,2160097
06/17/2024,110.734375,110.75,110.28125,110.40625,1533894
06/18/2024,110.34375,110.890625,110.203125,110.796875,1819290
06/20/2024,110.71875,110.828125,110.265625,110.546875,1722710
06/21/2024,110.453125,110.796875,110.359375,110.5,1336811
06/24/2024,110.453125,110.6875,110.359375,110.53125,1193239
06/25/2024,110.640625,110.78125,110.4375,110.59375,1574033
06/26/2024,110.53125,110.5625,109.96875,110.0625,1869887
06/27/2024,110,110.359375,109.859375,110.25,1948452
06/28/2024,110.234375,110.5,109.609375,109.984375,3015201
07/01/2024,109.59375,109.75,109.078125,109.171875,2221764
07/02/2024,109.25,109.609375,109.21875,109.46875,1719084
07/03/2024,109.453125,110.125,109.375,110.046875,1766051
07/05/2024,109.96875,110.625,109.546875,110.609375,1873716
07/08/2024,110.5625,110.640625,110.3125,110.59375,1282523
07/09/2024,110.5,110.5625,110.21875,110.40625,1622679
07/10/2024,110.4375,110.625,110.3125,110.5,1671220
07/11/2024,110.484375,111.328125,110.40625,111.15625,2754645
07/12/2024,111.015625,111.265625,110.796875,111.1875,1862438
07/15/2024,111,111.203125,110.765625,110.984375,1879264
07/16/2024,110.9375,111.421875,110.9375,111.328125,2198585
07/17/2024,111.40625,111.46875,111.109375,111.4375,1811339
07/18/2024,111.390625,111.421875,111.09375,111.21875,1862237
07/19/2024,111.125,111.234375,110.78125,110.828125,1514311
07/22/2024,110.9375,111.03125,110.578125,110.71875,1409017
07/23/2024,110.75,111,110.71875,110.875,1402604
07/24/2024,110.75,111.140625,110.609375,110.671875,2637572
07/25/2024,110.640625,111.265625,110.640625,110.796875,3055709
07/26/2024,110.890625,111.265625,110.734375,111.203125,1723172
07/29/2024,111.234375,111.515625,111.203125,111.34375,1565130
07/30/2024,111.328125,111.65625,111.25,111.5625,1781389
07/31/2024,111.5625,112.328125,111.46875,111.8125,3268894
08/01/2024,112.28125,112.8125,112.046875,112.734375,3433253
08/02/2024,112.75,114.25,112.65625,114.140625,4152095
08/05/2024,114.171875,115.109375,113.765625,114.078125,3977072
08/06/2024,114.015625,114.09375,113.21875,113.390625,2774865
08/07/2024,113.515625,113.53125,112.8125,112.890625,2615001
08/08/2024,113.078125,113.4375,112.515625,112.65625,2433664
08/09/2024,112.703125,113.15625,112.671875,112.953125,1344412
08/12/2024,112.9375,113.296875,112.78125,113.234375,1577280
08/13/2024,113.296875,113.6875,113.109375,113.625,1726759
08/14/2024,113.6875,114.0625,113.421875,113.765625,2029311
08/15/2024,113.6875,113.71875,112.796875,112.953125,2308793
08/16/2024,113.03125,113.375,112.890625,113.109375,1599159
08/19/2024,113.109375,113.359375,112.96875,113.21875,1352232
08/20/2024,113.21875,113.640625,113.109375,113.5625,1626916
08/21/2024,113.640625,114.03125,113.453125,113.890625,2634704
08/22/2024,113.734375,113.84375,113.171875,113.296875,3456441
08/23/2024,113.34375,113.8125,113.265625,113.703125,3083573
08/26/2024,113.75,113.9375,113.5625,113.59375,4044694
08/27/2024,113.59375,113.640625,113.265625,113.515625,6299327
08/28/2024,113.578125,113.71875,113.46875,113.53125,1816714
08/29/2024,113.515625,113.65625,113.1875,113.3125,361182
08/30/2024,113.921875,113.953125,113.4375,113.5625,2349531
09/03/2024,113.53125,114.234375,113.375,114,2520765
09/04/2024,114.0625,114.65625,114.015625,114.5625,2262354
09/05/2024,114.625,114.921875,114.5,114.75,2283584
09/06/2024,114.765625,115.40625,114.3125,115.015625,3490532
09/09/2024,114.96875,115.125,114.625,115.046875,1638614
09/10/2024,115.046875,115.515625,114.859375,115.453125,1931391
09/11/2024,115.453125,115.734375,115.0625,115.328125,2770983
09/12/2024,115.328125,115.546875,114.984375,115.1875,2304848
09/13/2024,115.21875,115.578125,115.21875,115.421875,1532970
09/16/2024,115.40625,115.609375,115.296875,115.5625,1484483
09/17/2024,115.5625,115.671875,115.25,115.375,1801966
09/18/2024,115.296875,115.53125,114.84375,115.078125,2413012
09/19/2024,114.96875,115.078125,114.5,114.734375,2317517
09/20/2024,114.90625,115,114.53125,114.84375,1758360
09/23/2024,114.71875,114.828125,114.359375,114.765625,1834960
09/24/2024,114.6875,114.90625,114.296875,114.84375,2043257
09/25/2024,114.890625,114.921875,114.46875,114.546875,1697399
09/26/2024,114.515625,114.75,114.21875,114.40625,2098994
09/27/2024,114.34375,114.78125,114.25,114.734375,1844402
09/30/2024,114.734375,114.75,114.234375,114.28125,2461714
10/01/2024,114.390625,115.015625,114.34375,114.6875,2565634
10/02/2024,114.75,114.8125,114.21875,114.421875,1824431
10/03/2024,114.40625,114.453125,113.890625,113.90625,2060271
10/04/2024,113.9375,114.046875,112.8125,112.84375,2845635
10/07/2024,112.8125,112.890625,112.421875,112.484375,2356455
10/08/2024,112.515625,112.75,112.3125,112.46875,1626785
10/09/2024,112.578125,112.65625,112.109375,112.203125,1677790
10/10/2024,112.125,112.359375,111.6875,112.078125,2695481
10/11/2024,112.265625,112.3125,111.953125,112.25,1400159
10/14/2024,112.09375,112.125,111.71875,111.859375,718242
10/15/2024,112,112.484375,111.96875,112.4375,1780932
10/16/2024,112.4375,112.6875,112.40625,112.53125,1540190
10/17/2024,112.546875,112.5625,112,112.046875,1877074
10/18/2024,112.109375,112.296875,111.921875,112.21875,1431673
10/21/2024,112.171875,112.21875,111.4375,111.515625,2004525
10/22/2024,111.4375,111.640625,111.28125,111.34375,2321739
10/23/2024,111.296875,111.359375,110.953125,111.03125,1944719
10/24/2024,111.015625,111.421875,110.96875,111.28125,1995070
10/25/2024,111.203125,111.4375,110.921875,111.0625,1811355
10/28/2024,110.953125,111.0625,110.578125,110.703125,2056790
10/29/2024,110.671875,110.90625,110.296875,110.75,2372559
10/30/2024,110.875,111.203125,110.421875,110.703125,2755014
10/31/2024,110.453125,110.625,110.140625,110.46875,3372923
11/01/2024,110.421875,110.9375,109.859375,110.03125,2998498
11/04/2024,110.296875,110.671875,110.21875,110.359375,2034586
11/05/2024,110.515625,110.53125,109.9375,110.40625,1911100
11/06/2024,110.484375,110.671875,109.21875,109.546875,4168617
11/07/2024,109.515625,110.40625,109.4375,110.1875,2960011
11/08/2024,110.265625,110.609375,110.109375,110.28125,2057025
11/11/2024,110.203125,110.234375,109.796875,109.90625,757689
11/12/2024,110,110.140625,109.3125,109.421875,2207860
11/13/2024,109.40625,109.953125,109.28125,109.421875,2367189
11/14/2024,109.40625,109.78125,109.125,109.546875,2313406
11/15/2024,109.359375,109.734375,108.9375,109.53125,2403910
11/18/2024,109.421875,109.6875,109.140625,109.625,1430816
11/19/2024,109.609375,110.140625,109.59375,109.84375,2172126
11/20/2024,109.71875,109.8125,109.453125,109.6875,1945465
11/21/2024,109.640625,109.890625,109.453125,109.5,3604589
11/22/2024,109.546875,109.828125,109.515625,109.640625,3589214
11/25/2024,110.09375,110.5625,109.84375,110.53125,4813867
11/26/2024,110.453125,110.546875,110.171875,110.328125,2106572
11/27/2024,110.328125,110.84375,110.28125,110.734375,571957
11/29/2024,110.8125,111.25,110.71875,111.1875,1523554
12/02/2024,111.171875,111.28125,110.71875,111.109375,1784041
12/03/2024,111.140625,111.34375,110.859375,110.96875,1568804
12/04/2024,110.921875,111.28125,110.5625,111.25,1832963
12/05/2024,111.234375,111.265625,110.890625,111.203125,1277697
12/06/2024,111.171875,111.640625,110.890625,111.453125,1626842
12/09/2024,111.46875,111.578125,111.125,111.171875,1198300
12/10/2024,111.15625,111.28125,110.8125,111,1305543
12/11/2024,110.96875,111.21875,110.640625,110.6875,1809311
12/12/2024,110.671875,110.78125,110.265625,110.375,1702148
12/13/2024,110.359375,110.4375,109.8125,109.875,1226891
12/16/2024,109.875,110.109375,109.765625,109.859375,1168480
12/17/2024,109.8125,109.984375,109.53125,109.90625,1500699
12/18/2024,109.8125,109.96875,108.84375,109.015625,2216793
12/19/2024,108.890625,109.015625,108.515625,108.609375,2315566
12/20/2024,108.609375,109.265625,108.609375,108.96875,1591573
12/23/2024,108.953125,109.015625,108.46875,108.46875,1104605
12/24/2024,108.546875,108.609375,108.296875,108.5625,672210
12/26/2024,108.53125,108.6875,108.203125,108.65625,1018693
12/27/2024,108.609375,108.71875,108.359375,108.4375,936881
12/30/2024,108.4375,109.046875,108.375,108.96875,1036401
12/31/2024,109.03125,109.1875,108.703125,108.75,1185966
01/02/2025,108.78125,109.171875,108.578125,108.8125,1518823
01/03/2025,108.890625,109.046875,108.59375,108.640625,1068124
01/06/2025,108.59375,108.796875,108.328125,108.53125,1911409
01/07/2025,108.46875,108.625,108.046875,108.171875,1975306
01/08/2025,108.15625,108.328125,107.890625,108.140625,2011218
01/09/2025,108.1875,108.4375,108.15625,108.21875,929110
01/10/2025,108.1875,108.28125,107.359375,107.390625,2517737
01/13/2025,107.484375,107.484375,107.1875,107.234375,1749843
01/14/2025,107.359375,107.578125,107.21875,107.359375,1774922
01/15/2025,107.328125,108.40625,107.3125,108.328125,2701553
01/16/2025,108.296875,108.75,108,108.609375,2404600
01/17/2025,108.5625,108.859375,108.40625,108.546875,1490879
01/21/2025,108.4375,109.125,108.265625,108.734375,2192016
01/22/2025,108.703125,108.875,108.4375,108.5625,1461780
01/23/2025,108.484375,108.609375,108.1875,108.375,1604316
01/24/2025,108.3125,108.65625,108.234375,108.46875,1567112
01/27/2025,108.515625,109.375,108.5,109.15625,2872051
01/28/2025,109.0625,109.15625,108.796875,109.03125,1737620
01/29/2025,109.125,109.28125,108.6875,108.953125,1945831
01/30/2025,109.109375,109.40625,109.015625,109.234375,1841303
01/31/2025,109.1875,109.296875,108.78125,108.84375,2597516
02/03/2025,108.875,109.484375,108.671875,108.953125,2890747
02/04/2025,108.859375,109.234375,108.640625,109.203125,1922171
02/05/2025,109.171875,109.90625,109.078125,109.75,2376219
02/06/2025,109.75,109.78125,109.4375,109.578125,1964724
02/07/2025,109.578125,110,109.03125,109.234375,2246144
02/10/2025,109.171875,109.421875,109.078125,109.21875,1385561
02/11/2025,109.1875,109.296875,108.875,108.953125,1280172
02/12/2025,108.953125,109.15625,108.125,108.265625,2918349
02/13/2025,108.34375,109.03125,108.3125,108.96875,2747968
02/14/2025,108.921875,109.484375,108.8125,109.3125,1801683
02/18/2025,109.265625,109.34375,108.734375,108.84375,1889269
02/19/2025,108.796875,109,108.671875,108.953125,2635841
02/20/2025,108.953125,109.25,108.953125,109.171875,2332461
02/21/2025,109.125,109.75,109.109375,109.6875,3590021
02/24/2025,109.546875,109.90625,109.421875,109.875,4588117
02/25/2025,109.8125,110.625,109.8125,110.515625,5598071
02/26/2025,110.515625,110.875,110.25,110.84375,2201257
02/27/2025,110.765625,110.859375,110.421875,110.609375,456329
02/28/2025,110.8125,111.296875,110.71875,111.09375,3452726
03/03/2025,111.03125,111.65625,110.828125,111.40625,2888601
03/04/2025,111.578125,112.03125,110.9375,111.25,4025879
03/05/2025,110.953125,111.46875,110.671875,110.875,3650039
03/06/2025,110.75,110.9375,110.390625,110.796875,3259518
03/07/2025,110.828125,111.359375,110.46875,110.578125,3061614
03/10/2025,110.765625,111.421875,110.703125,111.328125,2617394
03/11/2025,111.359375,111.78125,110.796875,110.84375,3236863
03/12/2025,110.875,111.21875,110.484375,110.640625,2650304
03/13/2025,110.703125,111.078125,110.390625,110.9375,2236172
03/14/2025,110.953125,110.96875,110.5625,110.640625,1469709
03/17/2025,110.625,110.9375,110.4375,110.609375,1964681
03/18/2025,110.625,110.90625,110.4375,110.796875,1734985
03/19/2025,110.71875,111.09375,110.453125,111,1919901
03/20/2025,111.09375,111.546875,111.015625,111.171875,2032458
03/21/2025,111.109375,111.421875,111,111.09375,1559505
03/24/2025,111.078125,111.09375,110.484375,110.546875,1491560
03/25/2025,110.53125,110.8125,110.3125,110.75,1630966
03/26/2025,110.671875,110.71875,110.390625,110.5625,1728532
03/27/2025,110.5,110.65625,110.1875,110.421875,2098828
03/28/2025,110.46875,111.25,110.46875,111.203125,2301352
03/31/2025,111.296875,111.703125,111.125,111.21875,2939461
04/01/2025,111.421875,111.953125,111.359375,111.78125,2637829
04/02/2025,111.671875,112.078125,111.15625,111.5,3280446
04/03/2025,112.1875,113.0625,112.171875,112.640625,4419043
04/04/2025,112.796875,114.109375,112.71875,113.046875,5588311
04/07/2025,113.578125,114.3125,111.484375,112.0625,5938458
04/08/2025,111.859375,112.25,111.25,111.46875,4555093
04/09/2025,111.375,111.625,110.03125,110.328125,5565656
04/10/2025,110.765625,111.34375,110.3125,110.59375,3477955
04/11/2025,110.328125,110.65625,109.25,109.734375,3244297
04/14/2025,109.796875,110.78125,109.40625,110.75,1903624
04/15/2025,110.671875,111.1875,110.46875,111.078125,1962772
04/16/2025,110.96875,111.546875,110.90625,111.421875,1879966
04/17/2025,111.4375,111.5,111.046875,111.171875,1399843
04/21/2025,111.125,111.28125,110.6875,110.8125,1308194
04/22/2025,110.734375,110.9375,110.515625,110.796875,1435700
04/23/2025,110.78125,111.578125,110.578125,110.65625,2458444
04/24/2025,110.640625,111.25,110.640625,111.21875,1509798
04/25/2025,111.171875,111.703125,111.078125,111.515625,1218234
04/28/2025,111.65625,111.96875,111.3125,111.90625,1341759
04/29/2025,111.90625,112.234375,111.671875,112.15625,1470102
04/30/2025,112.15625,112.5,111.828125,112.21875,2696662
05/01/2025,112.328125,112.640625,111.765625,111.859375,1858910
05/02/2025,111.921875,112.046875,111.0625,111.15625,2045382
05/05/2025,111.25,111.421875,110.890625,111.0625,1132802
05/06/2025,111.046875,111.390625,110.859375,111.3125,1351859
05/07/2025,111.359375,111.6875,111.125,111.546875,1624092
05/08/2025,111.578125,111.59375,110.6875,110.796875,1816067
05/09/2025,110.765625,111.09375,110.734375,110.8125,1198951
05/12/2025,110.5625,110.609375,110.046875,110.15625,2139733
05/13/2025,110.078125,110.46875,109.9375,109.96875,1599843
05/14/2025,110.140625,110.296875,109.609375,109.71875,1793275
05/15/2025,109.65625,110.421875,109.578125,110.25,1896192
05/16/2025,110.359375,110.671875,109.96875,110.328125,1455980
05/19/2025,110,110.328125,109.625,110.140625,1982919
05/20/2025,110.28125,110.453125,109.890625,110.203125,1806285
05/21/2025,110.140625,110.328125,109.421875,109.5,2703320
05/22/2025,109.453125,110,109.40625,109.828125,4241617
05/23/2025,109.953125,110.546875,109.890625,110.078125,3823641
05/27/2025,110.078125,110.5625,109.765625,110.515625,4341233
05/28/2025,110.421875,110.484375,110.09375,110.21875,1681784
05/29/2025,110.203125,110.71875,109.796875,110.640625,378925
05/30/2025,110.671875,110.9375,110.5625,110.75,2415033
06/02/2025,110.890625,110.9375,110.421875,110.46875,1335146
06/03/2025,110.578125,110.828125,110.34375,110.453125,1314087
06/04/2025,110.484375,111.21875,110.375,111.109375,1790540
06/05/2025,111.15625,111.453125,110.734375,110.796875,0
06/06/2025,110.78125,110.921875,109.875,109.90625,1901964
06/09/2025,109.953125,110.234375,109.90625,110.15625,1119824
06/10/2025,110.1875,110.4375,110.0625,110.203125,1034982
06/11/2025,110.203125,110.71875,109.875,110.6875,1934704
06/12/2025,110.609375,111.1875,110.609375,111.0625,1842717
06/13/2025,110.96875,111.40625,110.4375,110.609375,2011942
06/16/2025,110.75,110.8125,110.328125,110.484375,1297026
06/17/2025,110.484375,111,110.484375,110.84375,1599688
06/18/2025,110.875,111.25,110.703125,110.796875,1653606
06/20/2025,110.796875,111.09375,110.5,110.984375,1639620
06/23/2025,111.109375,111.640625,110.78125,111.453125,1879463
06/24/2025,111.25,111.6875,111.15625,111.65625,1865858
06/25/2025,111.59375,111.75,111.359375,111.6875,1431141
06/26/2025,111.671875,112.09375,111.65625,112.015625,1844008
06/27/2025,112.046875,112.0625,111.703125,111.8125,1627234
06/30/2025,111.78125,112.171875,111.6875,112.125,1973788
07/01/2025,112.09375,112.390625,111.703125,111.859375,1775748
07/02/2025,111.9375,111.953125,111.515625,111.625,1641555
07/03/2025,111.671875,111.875,110.96875,111.21875,1924606
07/07/2025,111.25,111.5,110.90625,110.921875,1436160
07/08/2025,111,111.046875,110.671875,110.78125,1295943
07/09/2025,110.859375,111.34375,110.734375,111.265625,1566303
07/10/2025,111.328125,111.421875,111.015625,111.21875,1313407
07/11/2025,111.171875,111.25,110.703125,110.71875,1189371
07/14/2025,110.828125,110.921875,110.625,110.765625,1252841
07/15/2025,110.71875,110.9375,110.265625,110.28125,2102906
07/16/2025,110.34375,110.671875,110.265625,110.625,2465104
07/17/2025,110.578125,110.78125,110.296875,110.515625,1458526
07/18/2025,110.609375,110.90625,110.59375,110.78125,1001412
07/21/2025,110.859375,111.296875,110.75,111.1875,1279259
07/22/2025,111.109375,111.453125,111,111.40625,1349631
07/23/2025,111.328125,111.328125,110.96875,111.015625,1418591
07/24/2025,111.03125,111.0625,110.609375,110.828125,1446353
07/25/2025,110.890625,111.015625,110.703125,110.984375,1059047
07/28/2025,110.890625,111.09375,110.765625,110.765625,1197186
07/29/2025,110.8125,111.40625,110.75,111.359375,1763962
07/30/2025,111.390625,111.453125,110.953125,111,1794648
07/31/2025,111.015625,111.3125,110.921875,111.0625,2076804
08/01/2025,110.96875,112.34375,110.734375,112.203125,2798289
08/04/2025,112.265625,112.4375,111.984375,112.375,1960553
08/05/2025,112.390625,112.484375,112.15625,112.296875,1459626
08/06/2025,112.1875,112.265625,111.828125,112.234375,1662032
08/07/2025,112.140625,112.296875,112.03125,112.09375,1291048
08/08/2025,112.0625,112.125,111.78125,111.828125,929316
08/11/2025,111.8125,112,111.765625,111.890625,993844
08/12/2025,111.78125,112.1875,111.609375,111.8125,1669474
08/13/2025,111.796875,112.28125,111.71875,112.171875,1408771
08/14/2025,112.21875,112.4375,111.765625,111.796875,1767055
08/15/2025,111.828125,111.953125,111.546875,111.59375,1335590
08/18/2025,111.640625,111.84375,111.421875,111.515625,1270179
08/19/2025,111.5625,111.8125,111.46875,111.765625,1152864
08/20/2025,111.75,112.015625,111.625,111.859375,1725902
08/21/2025,111.859375,111.90625,111.453125,111.546875,2664116
08/22/2025,111.59375,112.25,111.484375,112.140625,3530774
08/25/2025,112.140625,112.15625,111.859375,111.96875,0
08/26/2025,111.96875,112.234375,111.796875,112.203125,3888574
08/27/2025,112.15625,112.453125,112.03125,112.40625,1549404
08/28/2025,112.4375,112.59375,112.28125,112.53125,411641
08/29/2025,112.625,112.640625,112.390625,112.5,1993329
09/02/2025,112.484375,112.5,111.96875,112.140625,2157916
09/03/2025,112.265625,112.65625,112,112.609375,1858637
09/04/2025,112.515625,112.9375,112.5,112.84375,1692347
09/05/2025,112.890625,113.671875,112.875,113.390625,2464207
09/08/2025,113.421875,113.609375,113.234375,113.546875,1653232
09/09/2025,113.578125,113.625,113.21875,113.34375,1655658
09/10/2025,113.234375,113.640625,113.15625,113.578125,1611386
09/11/2025,113.453125,113.90625,113.28125,113.65625,2243288
09/12/2025,113.53125,113.5625,113.125,113.28125,1313882
09/15/2025,113.203125,113.5,113.0625,113.46875,1140548
09/16/2025,113.421875,113.578125,113.265625,113.546875,1240665
09/17/2025,113.515625,113.796875,113.046875,113.125,2012077
09/18/2025,113.046875,113.375,112.734375,112.984375,2214957
09/19/2025,112.984375,112.984375,112.6875,112.75,1170174
