11/17/1995,491,494,489,492,36820
11/20/1995,493,496.5,491.5,492.5,44040
11/21/1995,494,494.75,485.5,490.5,58280
11/22/1995,491,495.25,491,494.75,34880
11/24/1995,497,500.5,496,497.5,27805
11/27/1995,500,502.5,492,493.5,75635
11/28/1995,493.5,495,490.75,491.5,43625
11/29/1995,491.5,498.5,491,497.75,82530
11/30/1995,499.5,499.5,494.5,495,54895
12/01/1995,495.5,497.5,492.25,495,48525
12/04/1995,496.5,497.75,487,487.75,65080
12/05/1995,488,499,487,498,73835
12/06/1995,500.5,502,497.5,501,73980
12/07/1995,505,511,505,506,118560
12/08/1995,507.5,509.5,505.25,508.5,63470
12/11/1995,512.5,515,509,509.5,76720
12/12/1995,508.5,512,505.5,506.5,63745
12/13/1995,506,511,505.5,506.5,51270
12/14/1995,508,508.5,502,502.5,72395
12/15/1995,501,504.5,499.5,500.5,59250
12/18/1995,501,508,501,506.5,60820
12/19/1995,508.5,509,502.5,507,56640
12/20/1995,506.5,507,501,501.5,43480
12/21/1995,493,501,493,499,79940
12/22/1995,499,502.5,497.75,501,36655
12/26/1995,499,506.25,498,503.5,30350
12/27/1995,504.5,506,501.25,503.5,36815
12/28/1995,504.5,511.5,504,509.5,56700
12/29/1995,513,514.5,510,512.25,43845
01/02/1996,512,517,508,508.5,88015
01/03/1996,506,509.5,501.5,508.25,82985
01/04/1996,508.5,509.5,496,500.25,112175
01/05/1996,500,501,492,493.5,92410
01/08/1996,489,490,483,483.5,95930
01/09/1996,484,497.5,484,495.75,78370
01/10/1996,495,500,494.25,495,71485
01/11/1996,493.5,494.5,488.25,489,69190
01/12/1996,488.5,499.5,488.5,498.5,71205
01/15/1996,497.5,499,493.5,496,51040
01/16/1996,494.75,495.5,478,480,156015
01/17/1996,481.5,482.5,473,479,100795
01/18/1996,481.25,484,478.25,483,51475
01/19/1996,485,488,483,487.25,59555
01/22/1996,488,488,480.5,482.25,51590
01/23/1996,479.5,493,479.5,492.25,103705
01/24/1996,490.5,495.5,488.5,491.75,69535
01/25/1996,490.5,491.75,486.5,490.75,54490
01/26/1996,493,507,493,506.75,151855
01/29/1996,511,521.5,507.5,520.5,148270
01/30/1996,522,527.5,515,526.25,127495
01/31/1996,527.5,527.5,513,519.5,102275
02/01/1996,518,524,515,517.5,71460
02/02/1996,518.5,527,516,526.5,65265
02/05/1996,524,524,514,517.75,60210
02/06/1996,518,524,517.5,522.5,59650
02/07/1996,522,523,513,513.5,66355
02/08/1996,512,512.5,506.5,510,53530
02/09/1996,513.5,517.75,512.5,513.25,38485
02/12/1996,514.5,517.5,511,511.75,29070
02/13/1996,512.5,516,508.5,515.25,36500
02/14/1996,517.5,533,517.5,528,76315
02/15/1996,526,530,523.5,526,41870
02/16/1996,524.5,527.5,519,523.25,43480
02/20/1996,500.5,500.5,487,492.5,23270
02/21/1996,494,496.5,492.5,493.25,18335
02/22/1996,489,491,482,483,41425
02/23/1996,488,491.5,485.5,488,28775
02/26/1996,492,496.5,492,493.5,25670
02/27/1996,495,498,492,493,32630
02/28/1996,491,497,488,496.25,47730
02/29/1996,496.5,503,491,501.5,49555
03/01/1996,502,505,497.5,502.5,32815
03/04/1996,502,504,495,501.5,26735
03/05/1996,502,505,492,494.5,32840
03/06/1996,494,499.5,486,488,34455
03/07/1996,489,497,489,495,24600
03/08/1996,495,498.5,493,493.75,29310
03/11/1996,493,493.75,488.5,491.5,26890
03/12/1996,486,489,479,483,44280
03/13/1996,483,487.5,480.5,484.5,29535
03/14/1996,484.5,490.5,480,480.5,34430
03/15/1996,479,479,470,472.25,41450
03/18/1996,468.5,476,467,473.75,35010
03/19/1996,473.75,474,468,469.25,35580
03/20/1996,469,486,466,481,53905
03/21/1996,481,482.5,474.5,480.75,31495
03/22/1996,480,485,479.5,481.75,21250
03/25/1996,482,491,480,490.75,25955
03/26/1996,482,506,480,503,62740
03/27/1996,501,502,494,500.75,31190
03/28/1996,498,499,495.25,497.5,19250
03/29/1996,497.5,503,491,499.25,30560
04/01/1996,499,517,496,511.5,34770
04/02/1996,512,521.5,510,512,46705
04/03/1996,512,524,508,523,32415
04/04/1996,520.25,529,518,522.5,21325
04/08/1996,521.5,535,520.5,525.25,24030
04/09/1996,525,534.75,525,529.75,29295
04/10/1996,530.5,549.75,530.5,549.75,20960
04/11/1996,579.75,579.75,563,563.5,44115
04/12/1996,550,585,549,582.5,28740
04/15/1996,577.5,598,574,586.75,23280
04/16/1996,589,591,566.75,566.75,23190
04/17/1996,561.5,572,553,571,17470
04/18/1996,540,568,539,567,114940
04/19/1996,571,581.5,568,574.5,119825
04/22/1996,576.75,594.5,576.75,594.5,37350
04/23/1996,609.5,619.5,602,615.5,120705
04/24/1996,616,625.5,593,614,143260
04/25/1996,615.5,634,615,628.5,76120
04/26/1996,626,636,608.5,617,131690
04/29/1996,607.5,607.5,597,597,51330
04/30/1996,577,585,567,567,64670
05/01/1996,555,597,551,597,130665
05/02/1996,604.5,617,567,567,163260
05/03/1996,565,577,552,562,93790
05/06/1996,557.25,572,551,556.5,72430
05/07/1996,560,572,555.5,571,58750
05/08/1996,574,591,574,591,76190
05/09/1996,597,608,591,597,79105
05/10/1996,597.25,598,578,580,74615
05/13/1996,579,593,579,588,49510
05/14/1996,589,589,573,583.25,68570
05/15/1996,587.25,589,580,582.25,49765
05/16/1996,582,585,571,578,81480
05/17/1996,580,595.5,577,589,77030
05/20/1996,587,589.5,576,585,48660
05/21/1996,588.5,594,575.5,576.25,83420
05/22/1996,576,584,558,562.75,100975
05/23/1996,563,566,555.5,559.5,79975
05/24/1996,559.5,563,557,561,60270
05/28/1996,563,565.5,541,546,109590
05/29/1996,541.5,547,526,526,83525
05/30/1996,522,530,518.5,526.25,109805
05/31/1996,530,530,520,528.75,56475
06/03/1996,524.5,524.5,508.75,521,87920
06/04/1996,522,527,501,501,109330
06/05/1996,500,501,486,488.75,106190
06/06/1996,488,506,485,494.25,89810
06/07/1996,497.25,504.5,495,502.25,58140
06/10/1996,505.5,521.5,505.25,519.5,81255
06/11/1996,521.25,524.5,499.5,509,72540
06/12/1996,507,509,492,494.5,65225
06/13/1996,495,507,488,504.75,77575
06/14/1996,505,506,495,496,48975
06/17/1996,497,505,491,492,52275
06/18/1996,490,507,489,502.5,84785
06/19/1996,505,505,496,497.5,21365
06/20/1996,497.75,497.75,490,492.25,27180
06/21/1996,490,498,489,494,24890
06/24/1996,495,506,492,503,33645
06/25/1996,503,509.5,502,503.75,34070
06/26/1996,503,503,495,495.75,36690
06/27/1996,496,496.5,481,482.5,66560
06/28/1996,482,487,474,482.5,50765
07/01/1996,479.5,499,479.5,489,63090
07/02/1996,486,487,475,475.5,32240
07/03/1996,472,483,472,479.25,26015
07/05/1996,474,481.5,472,473.5,25740
07/08/1996,477,483.5,475,477.5,32285
07/09/1996,481.5,495.5,480.5,491,60275
07/10/1996,491,493.5,487,492,39745
07/11/1996,496,512,496,506,43665
07/12/1996,506,519,499,501,48865
07/15/1996,494.25,502,488.5,492.5,43115
07/16/1996,492.5,494.5,478.5,483.25,68755
07/17/1996,483,486.25,473,481,58875
07/18/1996,480.5,487,474,475,43520
07/19/1996,476,478,458,459.5,71440
07/22/1996,458.75,464,457.5,460.5,42640
07/23/1996,460.25,464,449,453.75,37315
07/24/1996,453.75,454,440,441,45405
07/25/1996,440,444.5,434,443.75,24355
07/26/1996,443.75,444.5,428,434.5,35090
07/29/1996,434,444,432.5,443.75,22040
07/30/1996,444,448,437,438.25,32295
07/31/1996,438.25,441,435,440,19690
08/01/1996,439,447,437.25,446,22410
08/02/1996,445,452,438.5,449,35170
08/05/1996,445,449.5,441,443.5,14350
08/06/1996,444,450,438,448.5,19975
08/07/1996,448.5,455,448.5,453.75,24390
08/08/1996,453.75,462.5,453,459.75,32300
08/09/1996,461,469,458.5,462.75,28585
08/12/1996,464,482.75,464,474.5,31095
08/13/1996,473.25,476,457.5,460.25,37400
08/14/1996,460,465,455.5,456,18595
08/15/1996,457.75,460,452.5,457.25,16015
08/16/1996,457,457,452,454.5,17955
08/19/1996,449.5,466,447.5,464.5,74255
08/20/1996,466,466,457,459.75,52610
08/21/1996,459,460,454,455.5,34965
08/22/1996,454.5,457.5,452.5,456.25,29860
08/23/1996,456.5,460.5,453.25,458.5,36730
08/26/1996,457,467.5,455,465,64080
08/27/1996,465,465.75,461,464,35075
08/28/1996,464,465.5,453,455,63770
08/29/1996,455,458.25,451,456,56485
08/30/1996,456,459,452,453.25,33005
09/03/1996,452.5,459,448.5,452.25,60885
09/04/1996,450,451.5,446,447.25,54085
09/05/1996,446.5,449,439.5,446,67680
09/06/1996,447,447,440,442.5,45215
09/09/1996,441,449.5,437,448.75,59605
09/10/1996,449.5,453.5,448,452.75,56755
09/11/1996,453,453.5,437,437.5,75105
09/12/1996,437,437.5,430.5,434.5,76295
09/13/1996,436,436,423.5,424,68070
09/16/1996,422,422,412,417,87970
09/17/1996,417,422.5,417,418.5,46265
09/18/1996,417,425,414.5,424.25,70125
09/19/1996,425,426.5,415.5,416.75,66880
09/20/1996,416,425,415.5,421,42065
09/23/1996,419.5,428.5,417.5,426.5,43900
09/24/1996,425,433.5,425,429.5,61790
09/25/1996,429.5,432.5,427,429.5,35275
09/26/1996,429,433.5,427,429.25,42830
09/27/1996,429.5,432,428,431.5,38170
09/30/1996,430,436.5,425,436,76610
10/01/1996,435,438,432,433.75,54585
10/02/1996,434.5,439,421.5,422.5,69945
10/03/1996,423.5,425,417,420,66210
10/04/1996,420.5,423,413.5,421,58420
10/07/1996,421.75,423.5,418.5,422.5,27795
10/08/1996,423,429,419.5,428.5,48205
10/09/1996,429.5,432.5,425,427,40440
10/10/1996,427.5,428.5,422.5,424,33920
10/11/1996,423.5,430,419.5,424.5,61325
10/14/1996,423.75,430,421.75,429.5,39570
10/15/1996,430.25,433,421,421.75,57150
10/16/1996,420.75,424,417,417.25,55550
10/17/1996,417,417.5,409,411,81780
10/18/1996,408,413,402.5,404.75,66210
10/21/1996,404.5,406,400,400.5,51015
10/22/1996,400,401.5,392,399.5,70440
10/23/1996,399.75,405,398,398.5,46515
10/24/1996,399,399,382,384,68475
10/25/1996,385,391.5,381,389.75,56240
10/28/1996,388.5,390,380,382.25,44715
10/29/1996,382,387.5,379,384.5,45480
10/30/1996,385,385.5,380,381,31695
10/31/1996,380.5,380.5,370,371.25,59435
11/01/1996,371.5,375.25,370.5,374.75,37800
11/04/1996,373.5,382,373.5,379.75,48355
11/05/1996,379,379.5,368,368.75,57220
11/06/1996,368.75,374.5,368.75,369.5,36720
11/07/1996,369,378.5,369,375,50540
11/08/1996,376,381,373,378.75,39310
11/11/1996,379.75,387,378,383.5,31925
11/12/1996,384.25,396,381.5,391.5,68115
11/13/1996,395.5,402,393,400.75,58895
11/14/1996,400.75,404.5,395,396.75,50700
11/15/1996,396,402.5,395,397.25,40565
11/18/1996,396,396,391,394,25500
11/19/1996,384,387,381.5,384.25,33965
11/20/1996,384.5,396,384,395,62820
11/21/1996,396.75,402.5,388,388.5,83225
11/22/1996,388,392.5,386,390,52200
11/25/1996,396.5,401,391,392.25,59750
11/26/1996,394,395.5,386.5,390.5,52210
11/27/1996,390.25,391,383.5,384.25,35055
11/29/1996,383,384.5,376,377.5,46635
12/02/1996,379,380,374.5,377.25,34255
12/03/1996,376.5,377,371,372,57955
12/04/1996,371,377.5,369,370.25,55475
12/05/1996,370.5,376,366.5,375.5,43305
12/06/1996,376.5,382,374.5,379.75,40630
12/09/1996,379,380,373.75,374.25,29305
12/10/1996,373.5,381.5,373,379.25,48695
12/11/1996,379,386,379,382.75,54050
12/12/1996,384,391,383.5,388.25,60355
12/13/1996,389.5,391.25,386.75,389,46130
12/16/1996,390,396.5,388.75,396,41020
12/17/1996,396.5,397.5,391,394.25,37270
12/18/1996,394.5,410.5,394.5,400.75,118305
12/19/1996,400,406,398,400.25,54270
12/20/1996,400,400,392,393.25,42895
12/23/1996,393,393,389.5,390.5,26105
12/24/1996,390.5,392.5,386.5,391.75,14915
12/26/1996,393,398.5,392,394,22840
12/27/1996,394,396,389,389.5,16590
12/30/1996,388.75,389,381.5,382,37320
12/31/1996,381.5,386,380.25,381.25,22685
01/02/1997,381,391,381,389.25,36560
01/03/1997,389.5,391,383,384,33335
01/06/1997,385.5,394.5,384.25,388.5,49575
01/07/1997,388,393,387,392.5,34485
01/08/1997,393.5,397.5,393.5,395,39180
01/09/1997,394,395,388,389.25,43775
01/10/1997,389,399.75,385.5,387,81125
01/13/1997,388,391.5,384,391,52750
01/14/1997,391,392,387,388,37345
01/15/1997,388,391,386,390.25,34400
01/16/1997,390,390.5,382.5,387.25,56135
01/17/1997,388.25,388.25,379.25,380.5,51420
01/20/1997,378.5,385.5,375,377.5,62355
01/21/1997,377,382.75,375,382.25,45190
01/22/1997,382,385,378.5,379.25,36690
01/23/1997,379,379.5,374,375.75,46650
01/24/1997,376,379.5,374.5,375,22945
01/27/1997,375.5,376,371,371.5,29935
01/28/1997,372,374.5,371.25,373,28230
01/29/1997,373.25,375.5,370,370.25,36335
01/30/1997,370,373.5,370,370.25,23745
01/31/1997,370.5,370.5,357,359.75,87615
02/03/1997,358.5,363,357,361.5,48990
02/04/1997,362.5,362.5,356.5,357.75,42820
02/05/1997,357,362,356,361.5,36645
02/06/1997,363.5,365.25,357,358,39250
02/07/1997,357.75,358,354.5,356,37500
02/10/1997,358,360.5,352,352.5,40655
02/11/1997,352.5,363,351,362,68005
02/12/1997,362,365.5,354,357.25,57605
02/13/1997,357,363,356,359,41495
02/14/1997,359,362,357,359.5,23185
02/18/1997,361.5,370,361.5,364.25,38595
02/19/1997,364,368,358.5,359.5,35535
02/20/1997,356.5,364,356.5,363.25,23535
02/21/1997,364.25,375,361,374,37540
02/24/1997,373,379,371,373.75,46845
02/25/1997,373.75,378,368,377,31550
02/26/1997,375.5,382,372.5,372.75,40630
02/27/1997,372,378,372,374.25,42515
02/28/1997,373,376.5,368,375.25,29410
03/03/1997,374.5,382,373.5,377,34520
03/04/1997,377,384,367.5,370,42145
03/05/1997,370.5,374.5,366,369,35995
03/06/1997,370,376.5,369,375,30510
03/07/1997,376,382,370,375.5,38200
03/10/1997,376,381.5,372,379.25,19305
03/11/1997,380.5,383,373,382,21940
03/12/1997,382.5,390,378,379,51960
03/13/1997,380,380,372,378,31290
03/14/1997,378,393,378,387,31910
03/17/1997,388,391,380,381,24280
03/18/1997,381,385,379,383.75,18720
03/19/1997,384.25,392,382.5,391,15910
03/20/1997,391,403,390.25,397.5,45135
03/21/1997,394.5,396,387,390,26770
03/24/1997,390,390,385,386.5,17400
03/25/1997,386.25,391,386.25,389.5,13880
03/26/1997,389.5,397.5,389.25,395.5,23460
03/27/1997,396,402.5,396,401.75,19540
03/31/1997,401.5,408,396,397.5,25955
04/01/1997,397.5,407,392.5,393.75,26770
04/02/1997,393,393.5,386,388.5,31685
04/03/1997,389,389,372,375,36125
04/04/1997,375,378,368,371.75,40780
04/07/1997,373.25,382.25,373.25,380.5,29515
04/08/1997,381.75,388,381,382,35860
04/09/1997,384.25,388,381,385.5,26925
04/10/1997,386,394,386,393,31030
04/11/1997,394,409.5,391,403,37715
04/14/1997,411.25,423,411.25,423,10755
04/15/1997,435,435,413.5,415.75,31540
04/16/1997,416,416.25,406,406.75,22970
04/17/1997,415,435.5,414,431,90965
04/18/1997,430,447,426,444.5,111785
04/21/1997,447.5,459,440,447.25,109750
04/22/1997,450,452,437,447,76095
04/23/1997,448,451,435,435.75,74060
04/24/1997,435.5,440,425,425.75,127680
04/25/1997,425.25,435,424,432.25,65685
04/28/1997,428,429.5,419,421.25,85995
04/29/1997,421,425.75,416.5,423,74385
04/30/1997,424.5,434.5,424.25,433.5,77750
05/01/1997,433.75,435,424,425,68515
05/02/1997,423.5,426,416,416.5,89600
05/05/1997,415,419.5,410,411.25,87355
05/06/1997,410,410,402,402.5,111255
05/07/1997,403,410,403,404.25,58305
05/08/1997,404.75,412,401.5,409,74690
05/09/1997,410.5,415,410,413.75,43850
05/12/1997,413,415,397,399,98095
05/13/1997,398,398,390.75,395.5,94060
05/14/1997,395.75,397,385,387,96160
05/15/1997,387,395,385.5,388.5,67855
05/16/1997,388.5,394,387.5,388.75,54135
05/19/1997,387.75,395.5,385,394.75,60515
05/20/1997,395.5,395.5,380,380.5,82685
05/21/1997,381,384,379.25,382.25,57165
05/22/1997,384,384.75,376.5,377.25,56155
05/23/1997,376.5,378,372,375,60650
05/27/1997,374.75,376,363,363.5,90550
05/28/1997,362.75,368,357,367,95905
05/29/1997,367.5,374.5,358,358.5,90760
05/30/1997,359,364,358,360.5,49065
06/02/1997,361,365,356.5,360.75,50605
06/03/1997,361.5,365,360.5,362,42790
06/04/1997,362.5,362.5,352.5,353.75,65395
06/05/1997,354,358,351,356,50655
06/06/1997,357.5,362,357.25,359.5,62030
06/09/1997,360.25,369,356.5,367.5,77895
06/10/1997,369.5,372,362,363,71700
06/11/1997,364,367,361,364.5,49705
06/12/1997,363.25,367,352,353,71310
06/13/1997,354,358,348,352.5,56480
06/16/1997,351,353,342.5,342.75,61065
06/17/1997,342.5,346,342,343.75,42120
06/18/1997,352,355.5,345,345.25,20825
06/19/1997,345.5,346,342.5,343,23695
06/20/1997,343,347,339.5,342,29780
06/23/1997,339.5,341,336,337,31740
06/24/1997,337,343,336.5,339,40205
06/25/1997,339.25,343.5,337.5,340,46045
06/26/1997,340,344.5,340,343,60595
06/27/1997,342.5,343.25,335,336,84550
06/30/1997,335,336.5,329,332.25,78865
07/01/1997,332,336,330.5,331.5,48845
07/02/1997,331.75,334.5,331,332.5,36535
07/03/1997,332.5,334,327,327.5,67590
07/07/1997,325,327,321.5,321.75,47895
07/08/1997,321,328.5,321,324.75,63240
07/09/1997,324.5,339,324.5,334.25,95495
07/10/1997,334,334.25,329,329.5,45740
07/11/1997,329,333.5,323,329.5,61005
07/14/1997,332,343,332,336,74345
07/15/1997,332,342,332,338.25,67050
07/16/1997,338,338,331,331.5,48535
07/17/1997,330.5,335,330,331.75,42880
07/18/1997,331.75,337,331.75,336,39085
07/21/1997,331,341.5,329,340.25,74555
07/22/1997,340.5,353,340.5,349.75,86125
07/23/1997,350,359,349.75,356.75,92595
07/24/1997,357,359,353,358.5,57965
07/25/1997,358,361,353.5,358.5,47050
07/28/1997,355.5,364,355.25,357.5,40775
07/29/1997,357.5,360.5,355,358,29255
07/30/1997,358,360,352,356.25,34510
07/31/1997,356,364,353,362,46355
08/01/1997,362,363.5,358,361.5,24335
08/04/1997,362,367,353.5,354.75,41165
08/05/1997,353.75,354,348,353.25,29520
08/06/1997,353.25,363,353.25,362.25,33415
08/07/1997,362.25,367,358,363.25,39950
08/08/1997,363.25,368,362,367.25,38465
08/11/1997,366.75,367.25,362,363.75,34320
08/12/1997,364,373,360.5,361,55745
08/13/1997,360,363.25,355.5,361.25,38290
08/14/1997,361.25,361.25,355,355.25,20425
08/15/1997,354.75,358,351.5,354,27920
08/18/1997,353.5,359.5,353,357.5,16045
08/19/1997,373.5,377,373.5,375.75,7118
08/20/1997,376,381,376,377.5,11380
08/21/1997,377.5,385,377.5,384.5,10979
08/22/1997,385,387.5,382.5,383.5,13887
08/25/1997,382.5,382.5,375.5,380.25,10783
08/26/1997,379.5,382,378.25,379,10824
08/27/1997,378,388.5,376.5,388,19268
08/28/1997,388,395,385.5,393,31295
08/29/1997,392.75,398,390.5,394,18141
09/02/1997,393,394.5,389,394,16031
09/03/1997,394.5,395,388.5,390,15233
09/04/1997,389,391.5,385,386.25,20894
09/05/1997,386,391,383,387,14969
09/08/1997,386,386.5,377,379.75,24571
09/09/1997,379,384,377.75,382.75,10760
09/10/1997,383,384.75,379.5,380.25,10687
09/11/1997,379.25,381,376,378.5,11822
09/12/1997,378,380.5,371,374.75,17233
09/15/1997,373.75,374,366.5,369.5,23495
09/16/1997,370,374.5,369.75,372.5,13808
09/17/1997,371.75,374.5,368.5,373.75,10206
09/18/1997,374.5,377.5,368,369,13665
09/19/1997,368,369.5,365,367.5,12654
09/22/1997,368,368.5,362,364.25,10583
09/23/1997,364,367.5,363.5,367,7859
09/24/1997,367,369.5,362.5,365.25,11083
09/25/1997,365.75,366.5,363,365.75,7300
09/26/1997,365.75,365.75,357,357.25,20448
09/29/1997,356,360,354.5,359,12275
09/30/1997,359,361,354,354.25,14634
10/01/1997,354.5,355.75,350.5,350.75,12362
10/02/1997,351,357,348.5,354.75,15337
10/03/1997,355,360,354,357.75,12752
10/06/1997,358,359.5,353,355.25,8828
10/07/1997,355,367.5,354,365.75,25235
10/08/1997,366,368,361.5,362.75,13425
10/09/1997,362.75,372,362,368.75,16425
10/10/1997,368.75,374,364,365.25,16898
10/13/1997,366,373.5,364.5,371.25,11344
10/14/1997,370.5,371,365,366.5,10147
10/15/1997,365,373,363,369.75,10580
10/16/1997,369.75,372.5,365,365.25,9844
10/17/1997,365,366,362.5,363.25,8491
10/20/1997,362.5,371,362,370.5,14865
10/21/1997,371,377,369.5,376,16984
10/22/1997,376,379.5,371.5,374,15474
10/23/1997,373,373.5,366.5,366.75,10062
10/24/1997,366.5,371.5,366,369,9194
10/27/1997,370,372.75,360,361.5,15413
10/28/1997,359,361.5,355.5,361,14125
10/29/1997,361.25,365,358.5,358.75,7023
10/30/1997,358,361.5,355,359.75,11558
10/31/1997,359.5,362.5,358.25,360.5,6649
11/03/1997,360.5,364.5,358.5,363.25,8855
11/04/1997,363,364.5,359,359.25,8401
11/05/1997,359,360,355,355.75,10325
11/06/1997,355.5,358.5,352,358,13043
11/07/1997,359,359.5,355.25,358,10066
11/10/1997,357,357,347,350,22093
11/11/1997,350,353.5,349,349.5,10883
11/12/1997,349.75,350.5,344.5,344.75,14290
11/13/1997,345,346.5,341,341.5,15784
11/14/1997,341.25,342.5,339.5,340,11953
11/17/1997,340,346.75,339,345.5,10583
11/18/1997,344.5,348,343.5,345.75,10201
11/19/1997,360.5,360.5,354,354.5,11313
11/20/1997,353.5,356,352.5,353.25,7583
11/21/1997,352.5,357,352.5,356.75,7966
11/24/1997,357.25,359,353.75,355.25,11690
11/25/1997,355.75,355.75,349.5,350.5,21162
11/26/1997,350.25,358,350,356,24451
11/28/1997,357,358,354,357.75,10441
12/01/1997,357.5,364,357.5,360.25,21512
12/02/1997,360.25,362,356.25,356.75,14239
12/03/1997,356.25,361,354.5,355.5,13289
12/04/1997,356,357.5,355,356.5,10641
12/05/1997,356.5,361,354.5,360.5,14195
12/08/1997,361,363.5,359.5,362.5,11284
12/09/1997,362.5,365,359.5,359.75,14794
12/10/1997,359.5,361.25,358,358.5,6223
12/11/1997,358.75,362.75,350.5,350.75,19871
12/12/1997,350.25,351.5,344,344.25,18444
12/15/1997,344,345,340.75,342.5,11590
12/16/1997,343.25,345.75,342.75,343,7636
12/17/1997,343,346.75,342.25,345.5,7862
12/18/1997,346,346.75,334,334.25,21143
12/19/1997,335,336,331,333.75,15369
12/22/1997,334,338,332,333,7843
12/23/1997,334,336.5,332.5,335.75,3687
12/24/1997,335,340.25,334.5,337.25,4414
12/26/1997,335,339.5,335,337.75,1818
12/29/1997,339,340.5,333.5,333.75,6402
12/30/1997,333.75,333.75,327.5,327.75,10554
12/31/1997,327.75,329.5,325.5,325.75,5290
01/02/1998,327,331.5,325,330.75,8163
01/05/1998,330.75,334,327,331,8013
01/06/1998,331,331.5,324,324.5,11231
01/07/1998,324.75,329.5,322.5,329,10204
01/08/1998,329.5,329.5,320,320.5,13247
01/09/1998,320.5,322.5,319.5,321,11579
01/12/1998,321,324,319.25,321.75,10138
01/13/1998,321.75,341.75,321.75,334,32245
01/14/1998,334,337.5,328,329.5,15026
01/15/1998,329.25,334.5,325,333.75,14167
01/16/1998,333.75,337.5,332,334.25,8906
01/20/1998,335.5,336,329.5,332,7964
01/21/1998,331,333,329.25,330,7060
01/22/1998,330,332,328,331,6815
01/23/1998,331.25,337.5,331,334.25,11965
01/26/1998,334.5,343,333.5,341.75,13863
01/27/1998,341.5,348,339.5,341.25,22473
01/28/1998,340.25,344,339.5,341.25,9576
01/29/1998,340.75,342.5,338.25,338.75,8532
01/30/1998,338.75,340,336,337.25,8883
02/02/1998,337.75,344,335,343.5,11889
02/03/1998,344,347,341,344.25,12377
02/04/1998,344,345.5,341,341.75,7797
02/05/1998,341.5,343.25,338.5,338.75,10589
02/06/1998,337.75,338.5,333,334,11311
02/09/1998,334,338.5,334,337.25,10682
02/10/1998,337.5,339.25,336,338,6248
02/11/1998,338.5,338.5,330,332.5,17934
02/12/1998,332.5,334.5,330,333.5,9887
02/13/1998,333,333,329,329.5,6411
02/17/1998,328,328.5,321,322.25,15164
02/18/1998,322,324,321,322,7785
02/19/1998,332.5,335,327,333.25,6867
02/20/1998,333,335.25,331,333,6212
02/23/1998,334.25,337,333.5,335.75,7069
02/24/1998,335.75,336.75,328.5,329.75,17295
02/25/1998,329.5,331.25,328,329.5,10069
02/26/1998,329.5,335.5,329,332.25,16301
02/27/1998,332.5,341,329.75,338.25,20077
03/02/1998,339,345.5,338,340.75,16439
03/03/1998,340.5,342.75,338.5,339.75,10841
03/04/1998,338.75,340.5,336.5,336.75,8557
03/05/1998,337.25,338.5,333.5,333.75,11217
03/06/1998,333,338,333,334.5,8299
03/09/1998,338,341,337,337.5,7402
03/10/1998,338,342,337,341.25,10937
03/11/1998,341.25,350.5,341.25,348,22052
03/12/1998,348,349.5,344.5,347,13608
03/13/1998,347,347,341.5,342,8019
03/16/1998,342,342.5,337,338,9505
03/17/1998,337.75,343.5,336,340.25,6590
03/18/1998,340.25,344,334.5,335,9527
03/19/1998,334.5,335,330.5,331.25,10416
03/20/1998,331.25,331.5,327,327.75,12808
03/23/1998,328,333,325,332.25,13550
03/24/1998,332,332.5,328.5,331.25,5862
03/25/1998,331.75,331.75,328.25,328.5,4643
03/26/1998,328.75,330,318,320.25,15966
03/27/1998,320.5,323.5,319,322.25,6677
03/30/1998,320.5,326,320.5,325,5985
03/31/1998,324.5,326.75,318.5,320.25,8582
04/01/1998,320,321,313.5,314.5,8167
04/02/1998,314.25,317.5,312.5,316.5,5860
04/03/1998,316.5,317.5,311,311.25,4598
04/06/1998,311.75,311.75,303,305.75,8345
04/07/1998,305.25,307.5,302,302.5,7361
04/08/1998,302.5,304.25,301,302.25,5865
04/09/1998,302.25,302.5,298,298.5,10123
04/13/1998,302,303,297,300.5,8194
04/14/1998,300.5,304,300,300.75,5206
04/15/1998,301.75,306.25,301.5,305.25,6055
04/16/1998,305.25,306.25,298,304.75,4712
04/17/1998,304.75,308,302,303.75,5477
04/20/1998,314,314,309,309.75,8970
04/21/1998,310,314.5,308.5,311.5,17264
04/22/1998,312,312.5,305.5,305.75,19226
04/23/1998,306,307,302.75,304.25,14957
04/24/1998,304.5,310.5,304,305.5,15410
04/27/1998,304,306.5,301.5,306.25,12024
04/28/1998,307,311,305,309.75,15028
04/29/1998,310.5,312,304.5,304.75,18747
04/30/1998,306.25,306.5,301,301.25,16569
05/01/1998,301.25,303.5,299.5,301,17727
05/04/1998,302.25,306.5,300.5,303.5,14686
05/05/1998,303,309.5,302.5,309,20224
05/06/1998,309,317.5,309,316,29306
05/07/1998,316.25,321,312.5,316,27779
05/08/1998,316,316.25,311.5,312.25,10684
05/11/1998,309,309,303,304.75,16130
05/12/1998,304.75,306,302,304.5,11984
05/13/1998,305,308.75,304.75,306.75,9703
05/14/1998,306.5,307.5,303.5,304.75,9696
05/15/1998,304.5,305,302,302.5,7325
05/18/1998,302,306.5,302,302.5,8800
05/19/1998,301.5,303,298.5,298.75,14465
05/20/1998,298.25,304,297.5,302.75,11908
05/21/1998,303,305.5,298,298.5,13146
05/22/1998,298,299.5,296.5,298.5,6813
05/25/1998,298,299.5,297.5,298.5,0
05/26/1998,296,296,291,292.25,15460
05/27/1998,292.25,293.25,282.75,287.5,30114
05/28/1998,288,293,284.25,284.5,14400
05/29/1998,283.25,287.5,283.25,284.25,11134
06/01/1998,284,284,281.25,284,13576
06/02/1998,284,288,284,287.25,9462
06/03/1998,287.5,290,281,281.25,14791
06/04/1998,281,283,279.5,282.25,11885
06/05/1998,282.25,282.75,279.5,280.25,9066
06/08/1998,280.25,280.25,275,275.5,12016
06/09/1998,275,279,274.5,278,13565
06/10/1998,278.25,280.5,277.25,278.25,9213
06/11/1998,276.25,279.5,276,277.75,11389
06/12/1998,277.75,281,275.75,279.25,8378
06/15/1998,279,279,273.5,274.5,12515
06/16/1998,274.75,280,274.75,277,12351
06/17/1998,289.75,299,289.25,295,9214
06/18/1998,294,296.75,293,294.75,4380
06/19/1998,294,306.5,293.25,298.75,10403
06/22/1998,301,302,294,297,5280
06/23/1998,296.5,305.5,296.5,302.5,8309
06/24/1998,304,306.5,299,306,9633
06/25/1998,305.25,306.5,301,301.25,8589
06/26/1998,301,301,292,293,12379
06/29/1998,290.75,290.75,279,281.5,18896
06/30/1998,281,289,280,287.5,15793
07/01/1998,288,289.5,282.25,284.25,8929
07/02/1998,284.25,284.25,278,278.5,10870
07/06/1998,277,282.5,275.25,281.75,10415
07/07/1998,281.75,287,281.75,285.25,6967
07/08/1998,284.75,292,282,282.5,10168
07/09/1998,282,283,279,279.75,5392
07/10/1998,279,279,273,274.25,7007
07/13/1998,274,276,274,274.25,4493
07/14/1998,273.5,273.5,270.5,271,5403
07/15/1998,271,272,269,269.5,5189
07/16/1998,269.5,274.5,269,269.75,7745
07/17/1998,270,275.5,270,273.75,4810
07/20/1998,275.25,277.5,273.5,275.75,6810
07/21/1998,275.75,277.25,271,271.5,6347
07/22/1998,271.5,271.5,266,267.25,8218
07/23/1998,268,268.25,265.5,265.75,4819
07/24/1998,265.25,267.5,263,265.25,6245
07/27/1998,263.25,263.25,260.25,260.5,4518
07/28/1998,260.5,261,255.25,256,5017
07/29/1998,257.5,257.5,251.25,252.25,5375
07/30/1998,251,255.25,251,253.25,6436
07/31/1998,253,256,252,252.5,5299
08/03/1998,252.5,253,249,250.75,4573
08/04/1998,250.5,253,247,247.25,6590
08/05/1998,247,248.75,246,246.75,3734
08/06/1998,246.75,251.5,246,251.25,5257
08/07/1998,251.25,255,251,251.5,5458
08/10/1998,250.25,256.5,250.25,256,4861
08/11/1998,255.75,256.5,252.5,253.75,5457
08/12/1998,253.5,259.5,252.25,259.25,7490
08/13/1998,259.25,260.75,253,253.5,5955
08/14/1998,253.5,261,253.5,260,6644
08/17/1998,260,264,260,262.5,5017
08/18/1998,263,263.5,257,258.25,4573
08/19/1998,274.75,278,273.25,274.5,10467
08/20/1998,274.5,275.5,271.5,272.25,11198
08/21/1998,272.25,272.75,269,269.75,7331
08/24/1998,268.5,270,265.5,269.5,14707
08/25/1998,269.5,269.5,263,264.5,18020
08/26/1998,264,264.5,261.5,262.25,14459
08/27/1998,262.5,263.5,257.5,261,23641
08/28/1998,261,261.25,258,258.5,20943
08/31/1998,258,261.5,253.5,254,22276
09/01/1998,253,256.5,251,253.5,23037
09/02/1998,253.5,258.5,253.5,256.25,18358
09/03/1998,256,260,254.25,259.5,13197
09/04/1998,260,266.5,259.5,261.75,15824
09/08/1998,261.5,266,261.5,265.25,13100
09/09/1998,265.5,266,259,260.25,14080
09/10/1998,260.25,264,258,263,14380
09/11/1998,263,264,256.5,258.25,12502
09/14/1998,258,263.25,257.25,263,11314
09/15/1998,263,269,262.5,268,16808
09/16/1998,268.5,272,263,263.5,24181
09/17/1998,263.5,268,260.5,266,19517
09/18/1998,266,271,265,266,15596
09/21/1998,265.5,272,263.5,270.75,14978
09/22/1998,271,274.25,271,274.25,21546
09/23/1998,275,277,271.5,274.25,18775
09/24/1998,274,280,273.25,278.75,25183
09/25/1998,279,280.5,275.5,276.25,15649
09/28/1998,276,278.25,273.5,276.75,8857
09/29/1998,277,278.75,275.5,276.75,7814
09/30/1998,276.75,276.75,269,269.25,22385
10/01/1998,269.25,270.75,267,269,11404
10/02/1998,269,276.75,269,276,19334
10/05/1998,278,289.5,277.25,286.5,30127
10/06/1998,286.5,287,282.25,283.75,16213
10/07/1998,284,298,284,295.5,33127
10/08/1998,294.5,299.75,292.5,299,26521
10/09/1998,296.75,304,296,296.75,26416
10/12/1998,294.75,294.75,290,290.25,11750
10/13/1998,289.5,298,288,296,21977
10/14/1998,294.5,296.5,291.5,294,10089
10/15/1998,294,294,288.5,291.75,11087
10/16/1998,292,297,289,295.75,14401
10/19/1998,295.5,298,293.5,294,12685
10/20/1998,293.25,294,285.5,286.25,22180
10/21/1998,286,288.25,282,287,17582
10/22/1998,287.25,294.5,286,294,16761
10/23/1998,295,297,292.5,295.25,14265
10/26/1998,295,301,293,299.75,18873
10/27/1998,301,301,295,295.25,16940
10/28/1998,296,298.75,293.5,295,12866
10/29/1998,295.5,299.25,289.5,290.5,22007
10/30/1998,290.25,296,289.5,294.25,14095
11/02/1998,293.75,294.25,285,287.25,22704
11/03/1998,288,292,284.25,287.5,16243
11/04/1998,285,287.5,283,284.25,13240
11/05/1998,282.25,288.5,282.25,287.5,10063
11/06/1998,287,292,286,290,15226
11/09/1998,290,294,290,293,10174
11/10/1998,293,295,291,293,15527
11/11/1998,294,295,290.5,292.5,12880
11/12/1998,293,295.5,290,292.25,11882
11/13/1998,290.75,292,287,287.5,10197
11/16/1998,287,289.5,285.5,286.5,9531
11/17/1998,286.5,288.75,286.25,288,5644
11/18/1998,305,310,305,309.75,9014
11/19/1998,310,310.5,306,307.75,6563
11/20/1998,307.25,307.75,300.5,301.5,16727
11/23/1998,301,301.5,292.5,293,21322
11/24/1998,293,294,290.5,293,23116
11/25/1998,292.75,295.5,292.5,295,16128
11/27/1998,296,297.5,294,294.25,20863
11/30/1998,294.25,300,292.25,294.25,18524
12/01/1998,293.75,294,289,289.5,16776
12/02/1998,289,291.75,288,289.75,13740
12/03/1998,289.75,291.5,284.5,285,19576
12/04/1998,284.75,288.75,284,286.25,11827
12/07/1998,286.75,288.5,282.5,284.25,17654
12/08/1998,284.25,284.25,280.25,283.75,12974
12/09/1998,284.75,286,275,275.25,30949
12/10/1998,275,277.5,272.5,275.75,18045
12/11/1998,276,277,271.5,272.75,11278
12/14/1998,273,278,271.25,276,16546
12/15/1998,276.25,280.5,274,274.25,11780
12/16/1998,274.25,279,273.75,278,13578
12/17/1998,278.25,281.5,275.5,276.25,17183
12/18/1998,276,278.5,273,277,11457
12/21/1998,278,280,273.5,278.5,9441
12/22/1998,279,281,276,276.75,8431
12/23/1998,277.5,280,276,277.75,6405
12/24/1998,277.5,283,277.5,282.75,9153
12/28/1998,283,285.25,280.75,282.5,7369
12/29/1998,283,284.5,281.5,281.75,4828
12/30/1998,281.5,281.75,275,276,12919
12/31/1998,276,277.5,274,276.25,4326
01/04/1999,276.5,289,275.5,279,8014
01/05/1999,279.5,281,277,280.25,9688
01/06/1999,281,288,280,287.5,25633
01/07/1999,287.5,289.5,286,287.5,15876
01/08/1999,287,294,286.5,291.25,22722
01/11/1999,291.75,292,285.5,285.75,13710
01/12/1999,286,286,280,281.5,21887
01/13/1999,281.5,282,271,274.25,27175
01/14/1999,274,277.5,274,276.5,8839
01/15/1999,276.5,278.5,276,277,6992
01/19/1999,276.5,276.5,266.5,268.5,28686
01/20/1999,268.5,271.5,267.5,270.5,9988
01/21/1999,270.5,271.5,263,268,23513
01/22/1999,267.5,272.5,267,271.25,9749
01/25/1999,270.75,270.75,267,269.5,7963
01/26/1999,270,275,270,271,13409
01/27/1999,271.25,273,267.5,272.5,14231
01/28/1999,273,276.5,271,273.25,15590
01/29/1999,273.5,276,271.5,275.5,14559
02/01/1999,274,274.5,268,269.75,16877
02/02/1999,270.25,272.5,269,270.25,10778
02/03/1999,270.25,274.5,265,265.75,20287
02/04/1999,265.5,268,265.25,267.75,7892
02/05/1999,268.5,270,268,269.5,8693
02/08/1999,270,270,266,266.5,9024
02/09/1999,266,266.25,263.25,264.5,12081
02/10/1999,264,267.5,261,267.25,16012
02/11/1999,268.25,271.25,262.25,262.75,16117
02/12/1999,262.75,263,257,257.5,13206
02/16/1999,258,259.5,251.5,252.25,14477
02/17/1999,252,255,247,254.75,20341
02/18/1999,265.25,269,263,268.25,9105
02/19/1999,268,269.5,264.25,264.75,8758
02/22/1999,265,265.75,259.25,262.25,7877
02/23/1999,262.5,265,261.5,261.75,10263
02/24/1999,261.75,261.75,254,254.25,13503
02/25/1999,255.5,258,250,250.25,15623
02/26/1999,250.75,252,248,248.5,17229
03/01/1999,249.75,256.5,249,254.75,19454
03/02/1999,255.5,264,255.5,263.75,11218
03/03/1999,263.75,265.5,259.5,260.5,8272
03/04/1999,260.5,267,259,262.5,13230
03/05/1999,262.25,268,259,267.75,10779
03/08/1999,268.25,273.5,268,270,15426
03/09/1999,270,272.5,265.5,265.75,12601
03/10/1999,267.25,276,266.5,275.25,12065
03/11/1999,274.5,277.5,272.5,277.25,8983
03/12/1999,277.25,278,272,272.5,7280
03/15/1999,272,273,268,272.25,8319
03/16/1999,272.75,277,270.5,276.5,5305
03/17/1999,276.25,282,276.25,277.75,9786
03/18/1999,277,278.5,272,273.75,7487
03/19/1999,272.75,276,272.25,275.75,6041
03/22/1999,275.5,281,273.5,276.25,6610
03/23/1999,276.25,276.25,272.5,272.75,3928
03/24/1999,274,278,269,269.75,6506
03/25/1999,269,283,267.5,282.25,11338
03/26/1999,280,289.5,279.5,289,16786
03/29/1999,288.5,294.5,285.5,294.25,9461
03/30/1999,293.5,297,290,294,9906
03/31/1999,293.75,295,279.5,280.25,9799
04/01/1999,280.25,281.25,275.75,276.75,7685
04/05/1999,275,281.5,274.5,279.25,6011
04/06/1999,279.25,281,273,279.5,5045
04/07/1999,279,280.5,272.5,274.75,5025
04/08/1999,274.75,276,268,268.75,8332
04/09/1999,269,269,265,265.75,7296
04/12/1999,265.75,268,258,258.75,7376
04/13/1999,258.5,261,253,256,6265
04/14/1999,258,263,256.75,258.75,6583
04/15/1999,258.5,263.5,257.75,262.5,5164
04/16/1999,263.5,264,255,256.5,5968
04/19/1999,256,256,250,252.25,4862
04/20/1999,263.75,270.5,263.25,269,14465
04/21/1999,269,270.25,265.5,267.75,9947
04/22/1999,267.25,271.5,266.25,267.5,14010
04/23/1999,267,269.5,262,265.75,12984
04/26/1999,265,265.5,262,263,11187
04/27/1999,263.5,267,259.5,260,19642
04/28/1999,259.75,264,258.5,263.5,18178
04/29/1999,264,266.25,261.75,263.5,24746
04/30/1999,263,269,262.25,268,22542
05/03/1999,267.75,269.5,262,264,20636
05/04/1999,263,266.5,260,263,18527
05/05/1999,263.25,264.5,260.5,262,13643
05/06/1999,262,263,260.5,262.25,13824
05/07/1999,262.75,265,258.5,264.5,19558
05/10/1999,264.5,270,261,264,9920
05/11/1999,264,267.5,263,267,13466
05/12/1999,267,273,267,270.5,19672
05/13/1999,270.5,274.75,270,270.5,20382
05/14/1999,270,272,258,260.5,27302
05/17/1999,261,264.75,260.5,262.75,12922
05/18/1999,262.25,264.5,256.5,264,24433
05/19/1999,264,264.5,259.25,259.75,9910
05/20/1999,260,261,256,256.25,11384
05/21/1999,256,256,252,252.25,20913
05/24/1999,251.25,252.75,246.75,247.25,16994
05/25/1999,247.5,249.75,247.25,248.75,10305
05/26/1999,248,251,247,247.5,12012
05/27/1999,247,250.5,247,250,6334
05/28/1999,250,254,250,252.25,15351
06/01/1999,252.25,252.25,247,251.75,15924
06/02/1999,251.75,253.5,246.5,253.25,24170
06/03/1999,254,261.5,254,261,26042
06/04/1999,254,261.5,254,256.75,15176
06/07/1999,257.25,263.5,257.25,257.75,18597
06/08/1999,256.75,258,254.5,255.25,11482
06/09/1999,255,258.75,251.75,255,19161
06/10/1999,255,260,254.5,259.75,17845
06/11/1999,259.5,263,256.25,257,17447
06/14/1999,256.75,263,254,262.75,16126
06/15/1999,262.5,264,257.5,259,19833
06/16/1999,258.5,260,256.5,257.25,11142
06/17/1999,269,272,266,266.75,6874
06/18/1999,265,270,264.75,266.25,4972
06/21/1999,266.75,269.5,265.5,266.75,6219
06/22/1999,266.5,270,262,262.5,6799
06/23/1999,262,264,261.25,263.75,7507
06/24/1999,263.5,264.5,260.25,262,8907
06/25/1999,261.75,266.5,261.75,264,12178
06/28/1999,264,268,263,265.75,16760
06/29/1999,266,269.5,263.25,263.75,28948
06/30/1999,264,265,260.5,264.25,21744
07/01/1999,265,265.75,258,258.75,18423
07/02/1999,259.5,261,251.5,251.75,23466
07/06/1999,250,250,246.5,247.25,22200
07/07/1999,247.25,250.5,245.75,249.25,14625
07/08/1999,248.75,250,245.75,246,13277
07/09/1999,246,246.5,242.75,243.75,12014
07/12/1999,244,245.5,240.75,244,12616
07/13/1999,243.75,246,242.5,243,10376
07/14/1999,243,246,240.75,244.25,10694
07/15/1999,243.75,249,242.5,245.25,12249
07/16/1999,245.25,246,241,242.75,10008
07/19/1999,243.25,247.5,243.25,245.25,7183
07/20/1999,247.25,250.5,246,247.25,11845
07/21/1999,247,254.75,247,253.75,17174
07/22/1999,253.5,260.5,250.5,252.75,17577
07/23/1999,253,263.25,253,262.5,15147
07/26/1999,261,261,255,258.5,9348
07/27/1999,258,259.5,250.25,252,10445
07/28/1999,251.75,259,251.75,256.5,8554
07/29/1999,254.5,261,254.5,257.5,7750
07/30/1999,257.5,264,256.5,263.75,6293
08/02/1999,264,283.75,264,282.75,17643
08/03/1999,282,286.75,271,272,14017
08/04/1999,271.25,276.75,269,276.5,4978
08/05/1999,276.5,279,271.5,278.5,9300
08/06/1999,278,281.5,275,279.25,7056
08/09/1999,277.5,280,275.5,279.5,5933
08/10/1999,280,283,279,279.25,7080
08/11/1999,279.25,279.25,272,272.75,7908
08/12/1999,272.75,272.75,260,263.5,11075
08/13/1999,263,268.75,263,268.25,5202
08/16/1999,267.75,271,267.5,268.75,3423
08/17/1999,269.75,274.75,268.5,269,4469
08/18/1999,284.75,289.5,282,287.5,14101
08/19/1999,287.5,291,286.5,289.25,15000
08/20/1999,289,290.25,286,286.5,11253
08/23/1999,287,288.5,282,288,15615
08/24/1999,289,289.75,283.5,284.5,16877
08/25/1999,284.5,287,280,286.5,19034
08/26/1999,285.5,287,282.5,283.5,11434
08/27/1999,282,283.5,278.5,279.5,19851
08/30/1999,278.5,281,276,277,24942
08/31/1999,278.25,283,277,282.25,25737
09/01/1999,281.75,285,281.5,283.75,18574
09/02/1999,284.5,287.5,280.25,286.25,21297
09/03/1999,287.5,290,286,289,20134
09/07/1999,289.25,296,289.25,292.75,23275
09/08/1999,292,292,285.5,286,18899
09/09/1999,286,287.5,284.75,285.25,13841
09/10/1999,285.25,289,283,288.5,14946
09/13/1999,288.5,291.5,287,288,15765
09/14/1999,288,289,286,288,12745
09/15/1999,288,289,274,274.5,45152
09/16/1999,274,276.75,271.5,276.25,21662
09/17/1999,276,278.5,273,275.5,14690
09/20/1999,275.5,276.5,272,272.25,10585
09/21/1999,272,274.5,268.5,270.25,23676
09/22/1999,270.75,272.5,269.25,269.75,11501
09/23/1999,269.75,273.75,267,273.25,19155
09/24/1999,273.25,278.5,273,277.75,19263
09/27/1999,277,282.5,273.5,279.75,22054
09/28/1999,279.75,286.5,278.75,285.75,25219
09/29/1999,285.75,290,284,284.25,26134
09/30/1999,284.25,284.5,275,275.75,21308
10/01/1999,276,276.75,266,267,26946
10/04/1999,266,269.5,262,268.75,25784
10/05/1999,269,269.5,264,264.5,10061
10/06/1999,264.5,265.5,259,264.25,25442
10/07/1999,264.5,264.5,258.5,258.75,15254
10/08/1999,259.75,261,253.5,254.75,26262
10/11/1999,254,255,250.5,253.5,11727
10/12/1999,254,259.5,254,257.5,15610
10/13/1999,257.5,259,254.5,255.5,13344
10/14/1999,255.25,257.25,253.75,255.5,8873
10/15/1999,255,258.5,253.25,256.5,14580
10/18/1999,256.25,262,254.75,260.25,13916
10/19/1999,260.5,264,260,263,14353
10/20/1999,263.25,264.75,257.5,257.75,19845
10/21/1999,257.75,258.5,254.5,257,12685
10/22/1999,257,259.75,255,258,10945
10/25/1999,257.5,262.5,257.5,262,12907
10/26/1999,262.5,266,256.5,256.75,20539
10/27/1999,256.5,259.75,255,256.5,13040
10/28/1999,257,259.75,256.5,257.25,11690
10/29/1999,257.25,257.5,252,255.75,19092
11/01/1999,255.25,257,251,252,11167
11/02/1999,252.75,256,252.75,255.25,10760
11/03/1999,255.25,261,254,259.25,25706
11/04/1999,260.5,261.5,258,259.25,10442
11/05/1999,259,261,254.5,256,15629
11/08/1999,256.75,260,256.5,258.75,10495
11/09/1999,259.75,261,253,253.5,15193
11/10/1999,253.75,254.25,247.5,248,23227
11/11/1999,248,248.5,243.25,247,22375
11/12/1999,247,248,244,244.25,8413
11/15/1999,244.5,250.25,244.5,250,17092
11/16/1999,252,253.25,249,250.75,14560
11/17/1999,267,267.25,261,261.5,6570
11/18/1999,260.25,260.75,256,256.25,12440
11/19/1999,256.25,260,253.25,258.5,12547
11/22/1999,258.5,259.75,257,259.25,7741
11/23/1999,258,261,255,259.25,17181
11/24/1999,260,260.75,255,255.25,19319
11/26/1999,254.5,255.5,251,251.75,13960
11/29/1999,252,254,246.75,248.25,39086
11/30/1999,249.25,251,248,249.5,20271
12/01/1999,250,253.75,250,251.5,23257
12/02/1999,252,253.25,246.5,247.25,23401
12/03/1999,247,248,242,242.75,24706
12/06/1999,242.75,248.5,242.5,247.75,20959
12/07/1999,247.5,248,244.75,245.75,12305
12/08/1999,245.75,245.75,240.5,241.75,19484
12/09/1999,242.25,243.5,239.25,240.75,13785
12/10/1999,240.75,242.5,238,241.75,11376
12/13/1999,240.5,240.5,236.5,237.75,14862
12/14/1999,237.5,243,237.5,241.25,14175
12/15/1999,242.75,243.75,239.75,241.25,9811
12/16/1999,241.25,247,241,243.75,20167
12/17/1999,244.25,247.5,243.5,246.25,9898
12/20/1999,247.25,250,247.25,249,9757
12/21/1999,249,249.75,245.5,246,9236
12/22/1999,246.5,248.5,244.75,248,5858
12/23/1999,248,250.75,247,249.75,8341
12/27/1999,250.5,253.5,245.5,247,10912
12/28/1999,247.25,248,245,247.25,7597
12/29/1999,247.25,248.5,246.5,246.75,4725
12/30/1999,246.5,250,246.5,248.5,10610
01/03/2000,249,251.5,245.25,247.5,13428
01/04/2000,247.5,248,241,247.25,21173
01/05/2000,247.25,250,246,249.75,14710
01/06/2000,250,251,247.5,248.5,13676
01/07/2000,248.25,252,246,251.75,16470
01/10/2000,251.25,255,248.75,253.5,18407
01/11/2000,253.5,256,251.5,253.75,17507
01/12/2000,253.75,260,252.25,258.75,21316
01/13/2000,258.25,263.75,257,263.5,21220
01/14/2000,262.75,267.75,261.25,265,27429
01/18/2000,261.5,265.5,261,264.5,14233
01/19/2000,265,267,263,266,12109
01/20/2000,265.5,265.75,262.5,265,14764
01/21/2000,265.25,266.25,261.5,264.25,13981
01/24/2000,265.5,269,265,266,17626
01/25/2000,265.25,266.75,263,264.75,11579
01/26/2000,264.5,264.75,259,260,17875
01/27/2000,260,264,256.5,263.5,26298
01/28/2000,263.75,264.75,259,259.75,15926
01/31/2000,258.25,258.25,254,256.25,15897
02/01/2000,256,260,254.25,258,11347
02/02/2000,258,260,256.5,257.25,9083
02/03/2000,257,257,253,253.75,17194
02/04/2000,253,257.5,249,257,21559
02/07/2000,259,260.75,257,258.75,16378
02/08/2000,259,260.25,256.5,259.25,12208
02/09/2000,258,266,257,265.5,24312
02/10/2000,265,273.5,265,271.75,35791
02/11/2000,272.75,273.5,267.5,269.5,35626
02/14/2000,269,272.75,268,268.75,12204
02/15/2000,269.5,269.5,265,266,16493
02/16/2000,266,268,263.25,265.25,21644
02/17/2000,277,278.5,273.5,274.25,4361
02/18/2000,273.25,276.75,272.75,276.25,5984
02/22/2000,276.5,278,273.75,274.25,12231
02/23/2000,274.25,274.5,266,266.5,23030
02/24/2000,266.25,269.5,265.5,267.25,16503
02/25/2000,267,272.5,259,259.25,28658
02/28/2000,259.5,262,255,256.75,33585
02/29/2000,256.75,260.5,256.5,259,17391
03/01/2000,259,262.25,258,259.75,17953
03/02/2000,259.75,260,256,258.25,19266
03/03/2000,258.25,261.5,257.25,258.25,10494
03/06/2000,257.5,262,256.5,260.5,13116
03/07/2000,260.5,263.5,259.5,259.75,13015
03/08/2000,259.25,262.5,258.5,261.75,11434
03/09/2000,262,268,262,263.25,13713
03/10/2000,263.25,265,259.5,260,9742
03/13/2000,261,264.25,261,263.5,7456
03/14/2000,263.75,271.75,263.75,271,22095
03/15/2000,271,271.5,267.25,268.75,11503
03/16/2000,268.25,270,266,266.25,11960
03/17/2000,266.25,273,266,272.25,17957
03/20/2000,267.5,268.25,266,266.25,10129
03/21/2000,266.25,266.25,259.25,260.25,19367
03/22/2000,260.75,263,258,261.75,11759
03/23/2000,262.75,262.75,256,256.25,15736
03/24/2000,256.25,258.5,252,252.75,20106
03/27/2000,254,256,252.75,254.5,6304
03/28/2000,255,255,249.5,249.75,10171
03/29/2000,251,252,248.5,251.25,6859
03/30/2000,251.75,256.5,251,255.5,8594
03/31/2000,255.5,263.5,254.75,262.25,20974
04/03/2000,262.75,267,257,257.75,15617
04/04/2000,257.75,259.5,254,255.75,6555
04/05/2000,256.5,258,253.75,256.25,7049
04/06/2000,256.5,257,252.25,253.75,7556
04/07/2000,254.25,259,251,258.5,6911
04/10/2000,257.75,257.75,252.5,252.75,8395
04/11/2000,252.5,255,251.5,252.75,7490
04/12/2000,252.5,256.5,251.75,255.5,7794
04/13/2000,255.5,258.75,254.5,257.75,8143
04/14/2000,257.5,261,255.25,255.75,5389
04/17/2000,256,258.25,253,253.25,6756
04/18/2000,253.25,256,249.5,252.25,9474
04/19/2000,264,265.5,261.5,265.25,14046
04/20/2000,265,266,259.5,263,15873
04/24/2000,263,265,261,263,10926
04/25/2000,263.5,265.75,263,265,13963
04/26/2000,265.25,268.5,260.5,261,25630
04/27/2000,260.5,260.5,253,254,41246
04/28/2000,254,256.5,253.5,254.75,18696
05/01/2000,257.5,266.5,257,264.75,35787
05/02/2000,263,268.5,262.5,265.75,24713
05/03/2000,265.75,277.5,264.75,272,41017
05/04/2000,275,277,270,276.5,21849
05/05/2000,275.75,276,270.5,272.75,14361
05/08/2000,273.25,274.75,267.75,268.75,14403
05/09/2000,269.25,270,266.5,268.5,13125
05/10/2000,268.75,275.5,268.75,275,17063
05/11/2000,274.75,283,273.5,282,32439
05/12/2000,282,286,279,284.25,32838
05/15/2000,282.5,283.75,276,282.25,27471
05/16/2000,283,285.5,280.5,281.25,18203
05/17/2000,281.25,284.5,276,277,21476
05/18/2000,278,281.5,271,272,25393
05/19/2000,272,277,271.5,276.25,11394
05/22/2000,275.5,283.5,273.5,280.25,19061
05/23/2000,281,284.5,280,281.25,18248
05/24/2000,280.75,281.25,278.25,279.5,10925
05/25/2000,279.5,282,276,279.5,18925
05/26/2000,279.5,281.5,278.5,280.75,12425
05/30/2000,280,280,272.5,274.25,20488
05/31/2000,275,276.75,274,274.75,12563
06/01/2000,276.5,278.75,270,270.5,22139
06/02/2000,270.5,272,267.25,271.25,20821
06/05/2000,272.25,274,264,266,24788
06/06/2000,266,268,263,267,16747
06/07/2000,267.5,268.5,260,264.25,23227
06/08/2000,264.5,268,263.5,266.5,14206
06/09/2000,266.5,271.75,265.5,269.75,23714
06/12/2000,268.5,268.5,264.5,265.75,17280
06/13/2000,266,268.25,264.25,264.75,16950
06/14/2000,263.5,264.75,260.5,261.25,18736
06/15/2000,261,264.75,260,262.75,15903
06/16/2000,262.5,265.5,262.5,263,11340
06/19/2000,276,281,274,280.25,6429
06/20/2000,280,287.5,278,285.5,13003
06/21/2000,286,291.5,284.75,288.75,7081
06/22/2000,288.75,293,287.5,289.75,8629
06/23/2000,288.75,290,284,284.5,8606
06/26/2000,284.5,289.25,283.5,286.5,12252
06/27/2000,287.5,289.5,285,285.25,11459
06/28/2000,285.25,287,282,284.25,13295
06/29/2000,284,287.5,283.5,284.75,18330
06/30/2000,284.75,285,270.5,271.25,22855
07/03/2000,271.75,272,254,257.5,27531
07/05/2000,258,261.5,258,258.75,11256
07/06/2000,259.25,260,254,255,11226
07/07/2000,255,258.5,254.5,254.75,9283
07/10/2000,254,257.75,250,257,8860
07/11/2000,258,258.5,256,256.25,6871
07/12/2000,256,256.25,246,252.5,13744
07/13/2000,252.75,255.25,252,254.5,7897
07/14/2000,254,256,247.5,248.75,7062
07/17/2000,248,248,243.75,244.25,7233
07/18/2000,244.25,247.5,241,241.25,6523
07/19/2000,241.25,246,239,244.5,7136
07/20/2000,244,247.5,244,246.75,3792
07/21/2000,247,248.5,246.5,247.25,4380
07/24/2000,247.25,249.5,242.5,245.5,4393
07/25/2000,244.75,247,243,245.5,5973
07/26/2000,245.5,247.5,243,244.25,3755
07/27/2000,244.25,247.75,244.25,245.75,5397
07/28/2000,246,259,246,248,5698
07/31/2000,247.75,248.25,245.25,246.25,6131
08/01/2000,246.25,249.75,242.5,245,6981
08/02/2000,245,247.25,244.5,246.25,5729
08/03/2000,246.25,247.5,241.75,242.25,7054
08/04/2000,241.5,241.5,236.5,237,6080
08/07/2000,237,239.75,233,233.5,6493
08/08/2000,234.5,237,234.25,236.5,8204
08/09/2000,236,237.5,233.5,235.5,7031
08/10/2000,235.5,238,235,235.75,10411
08/11/2000,236,238,232.5,236.75,7029
08/14/2000,237,239,236,238.5,2579
08/15/2000,239,241.5,238.25,240.5,3775
08/16/2000,241,244.5,241,243.5,6007
08/17/2000,263,264,256.5,257.75,17410
08/18/2000,258,259.5,256,257.25,10389
08/21/2000,257,257.75,252,254.5,14236
08/22/2000,254.5,256,252,253,14920
08/23/2000,252.75,254,250.5,252.25,11778
08/24/2000,253,259.5,252,259.25,22495
08/25/2000,259,263,258.75,260.5,24136
08/28/2000,261.25,265.5,259.5,261.25,21956
08/29/2000,268.75,269,262,268.75,30401
08/30/2000,264.25,270,264,264.25,26858
08/31/2000,268.25,268.5,264.75,268.25,18516
09/01/2000,268.5,270,265.25,267.5,17663
09/05/2000,269.5,273,269,269.5,21278
09/06/2000,264,268.5,262.25,264,20203
09/07/2000,265.5,266.75,262.25,265.5,11713
09/08/2000,267,267.75,265.5,266.25,9212
09/11/2000,266.25,267,264,265.5,10316
09/12/2000,265,266.25,257,260.75,22633
09/13/2000,261.5,262.75,255,257,17142
09/14/2000,256.5,258.5,254,254.25,13160
09/15/2000,254,255.25,252,252.25,12455
09/18/2000,253.5,257,248.5,256.25,23177
09/19/2000,256,257,249,249.25,20327
09/20/2000,248.75,253,248,249.75,12423
09/21/2000,248.75,250,246,247.5,15260
09/22/2000,247.25,252,246.75,250.75,11855
09/25/2000,251.5,255,251.5,253.5,11377
09/26/2000,253.75,257,253.25,254.5,12396
09/27/2000,254.75,259.5,252.75,258.5,15664
09/28/2000,258.75,261.5,258.5,259.25,15589
09/29/2000,265,266,263.75,265,22263
10/02/2000,265.5,272,264,267,16282
10/03/2000,267.25,269,263,268.75,18317
10/04/2000,268,270.5,266.5,267.25,18511
10/05/2000,266.5,268.5,263.25,267.25,16123
10/06/2000,267,270.5,266,268,12910
10/09/2000,269.25,269.25,264.5,267.25,6450
10/10/2000,267.5,275.5,266.5,275.25,24861
10/11/2000,275.25,278.5,273.5,276.75,24432
10/12/2000,276.75,280.5,272,273.5,22584
10/13/2000,272.5,273.5,267,267.25,18402
10/16/2000,267,271.5,265.5,270.75,13291
10/17/2000,271,274,265.5,268.5,16869
10/18/2000,268,270,262.25,263.75,15510
10/19/2000,264,264.75,259.75,260.25,18976
10/20/2000,259.75,263.5,258.5,261.25,13881
10/23/2000,260,260.5,256,256.75,20814
10/24/2000,257.75,258.5,253,256.25,19689
10/25/2000,257.5,258.5,253.75,255.5,11692
10/26/2000,255,258,254.75,256.25,8058
10/27/2000,256.5,260.5,256.25,259,11084
10/30/2000,259,260.5,254,255.5,14380
10/31/2000,256,258.5,250.5,254.75,17116
11/01/2000,255.5,257,254.5,254.75,12491
11/02/2000,255,261,255,259.75,12256
11/03/2000,260,265,260,264,16083
11/06/2000,264,266.5,262,262.75,13214
11/07/2000,263,263.25,260.5,262.25,9286
11/08/2000,263.25,266,262.25,265.25,12541
11/09/2000,265.75,266.25,258,258.25,18588
11/10/2000,258.25,258.25,254.75,256.75,15127
11/13/2000,258,259,255.5,257.75,16631
11/14/2000,258,259.5,255.25,255.75,14038
11/15/2000,256,258,254,254.5,9463
11/16/2000,254.5,255.5,252,254.5,14113
11/17/2000,272.5,276.5,272.5,274.25,8431
11/20/2000,274.75,277.75,273,273.75,10913
11/21/2000,273,274.5,271.5,273.5,7866
11/22/2000,273.75,276.25,272.5,275.25,9445
11/24/2000,276.5,279.5,268,278.75,9233
11/27/2000,279,280,275,275.5,26468
11/28/2000,273.5,275,272,273.25,20305
11/29/2000,273.25,274,269.5,269.75,45963
11/30/2000,269.75,274,269,273.75,28842
12/01/2000,274,279,273.75,277.75,33935
12/04/2000,278.5,280.5,276,279.5,18580
12/05/2000,279.5,280,275,277.25,14935
12/06/2000,277,278.5,275.5,276.75,12040
12/07/2000,277.25,280,270,270.5,23137
12/08/2000,270,274,266.5,273.5,19571
12/11/2000,274.5,274.5,270.25,270.75,10002
12/12/2000,270.5,275,269.75,270.5,13363
12/13/2000,269.5,272.5,269.25,270.25,7185
12/14/2000,270,272,267.25,268,14717
12/15/2000,268,269.5,264.5,265.25,14806
12/18/2000,265.5,269,265,268.75,12497
12/19/2000,269,273,267,272.5,14839
12/20/2000,274,274.5,268.5,271,11468
12/21/2000,271,273,268.5,272.75,9132
12/22/2000,273,277.5,273,275.75,15974
12/26/2000,275.75,275.75,274.25,274.5,4824
12/27/2000,274,274.5,270.5,272.75,6076
12/28/2000,272.5,274.5,271.5,271.75,5209
12/29/2000,271.5,280,271.5,279.5,15548
01/02/2001,278.5,280,275,276.25,14282
01/03/2001,276.25,284,275.5,283.25,28519
01/04/2001,283,284.5,281.5,284.25,20428
01/05/2001,284.5,284.5,280,283,19377
01/08/2001,283.5,283.5,278.5,283,14095
01/09/2001,282.5,287.5,281,285,21411
01/10/2001,284.5,289.5,284.5,289,25776
01/11/2001,288.5,294.5,285,289.75,35153
01/12/2001,289,290,285.5,289,20159
01/16/2001,287.75,288,284,285.25,16597
01/17/2001,284.5,285.5,282.25,282.5,13880
01/18/2001,283.5,286.75,283,284.5,10891
01/19/2001,284.5,287.5,282,285.5,17115
01/22/2001,286,286.5,282,285.25,14687
01/23/2001,285.5,287,283,285.75,12193
01/24/2001,286,286.5,281.5,285.5,17800
01/25/2001,285.5,286.5,278.25,279,21819
01/26/2001,279,280.5,276,276.25,19831
01/29/2001,276,276.25,268,269.25,36862
01/30/2001,269.25,272.5,268.5,270.5,16869
01/31/2001,270.5,273.5,268,273,14633
02/01/2001,273.5,273.5,270,270.25,13313
02/02/2001,271,273,269,272,11251
02/05/2001,272.5,276,268,268.5,12234
02/06/2001,267.5,269.25,265.25,267,21130
02/07/2001,267,269,266,267,12631
02/08/2001,267,270.5,266,266.75,15340
02/09/2001,267,269,266,266.25,10817
02/12/2001,266,267.5,261.25,261.75,18542
02/13/2001,262,263.5,260.5,263,14364
02/14/2001,263.5,269,263,267.5,17827
02/15/2001,268,269.5,265,267.5,12302
02/16/2001,267,269,263.5,264.25,10065
02/20/2001,278,279.5,276.75,278.25,7725
02/21/2001,278.25,279.75,273,274.5,22791
02/22/2001,275,276.25,270,270.5,24016
02/23/2001,271.5,272,269,271,18440
02/26/2001,272,272,268,269.5,20507
02/27/2001,270,272,268.75,269.25,25379
02/28/2001,270,278.5,269.25,276.75,26243
03/01/2001,277.25,280.5,276,277.25,20137
03/02/2001,277.25,284,277.25,280.25,18519
03/05/2001,281.75,285,281.75,283.75,0
03/06/2001,284.5,285,280.75,282.5,11351
03/07/2001,283,283.5,278.25,280,10704
03/08/2001,280.5,282.75,276.75,280,17530
03/09/2001,280,281.5,278,279.5,5205
03/12/2001,279,286,278.75,285.5,20878
03/13/2001,286.25,288,284,285.5,19875
03/14/2001,285.5,287.25,282.25,283.75,18233
03/15/2001,284.75,285,271.5,273.75,25664
03/16/2001,273.75,275,270,270.5,19032
03/19/2001,270,271.75,264.5,268.75,0
03/20/2001,269.5,271.5,267.5,270.75,7620
03/21/2001,271.25,271.25,262,266.5,20631
03/22/2001,267,268,259,259.75,14430
03/23/2001,260.25,263,260.25,262.25,11434
03/26/2001,263.25,267.75,263.25,267,8495
03/27/2001,268,269.5,265.25,267,7601
03/28/2001,266.75,269,263.25,264.25,6236
03/29/2001,266,266.25,263.75,265,4567
03/30/2001,266,270,254,255,0
04/02/2001,256.75,261,256,259.25,0
04/03/2001,260,264,257,261.75,8466
04/04/2001,262.25,266.5,262,265.25,6459
04/05/2001,266.5,268,262,265,4804
04/06/2001,265.5,265.5,261.25,262.5,4259
04/09/2001,262.5,264,259,260,4973
04/10/2001,261.5,261.5,255.5,257.25,7510
04/11/2001,257.75,261.25,257.25,261,8347
04/12/2001,262,268.5,262,266.75,9844
04/16/2001,267.25,272,267.25,269.5,7876
04/17/2001,269.5,269.5,265.5,265.5,6572
04/18/2001,265.75,269.5,264,268.25,6006
04/19/2001,280,280.5,274,277.75,17272
04/20/2001,277.75,282.75,276.5,277.5,113
04/23/2001,277,279.5,272,275.5,20258
04/24/2001,275.5,276.5,272.5,275,20767
04/25/2001,275.5,283.5,275,279.75,183
04/26/2001,280,284,279.75,281.25,24469
04/27/2001,281.5,282.5,276,276.25,27647
04/30/2001,277.75,284,274.25,283.25,137
05/01/2001,285,286.5,280.5,282,30902
05/02/2001,281.25,281.25,277.75,278.5,22043
05/03/2001,277.5,278.25,273,273.5,22714
05/04/2001,273.5,274.5,270.5,273.75,16570
05/07/2001,273.25,275.75,266.25,269.25,27806
05/08/2001,270.25,271,266.75,266.75,138
05/09/2001,266.75,269,265,265.75,10052
05/10/2001,265.5,273,264,268.5,23778
05/11/2001,269.5,272.5,268,271.25,95
05/14/2001,271.25,279,271.25,279,20628
05/15/2001,279.25,281.75,277.25,277.25,17209
05/16/2001,277,277.5,275.75,275.75,13077
05/17/2001,275.75,276,272.25,275.75,14882
05/18/2001,275,275.5,269.5,271.75,16850
05/21/2001,269.5,269.5,262.25,263,25340
05/22/2001,264.5,265,259.25,259.75,22378
05/23/2001,260,262.5,258.5,260,14674
05/24/2001,260.5,264,260.5,261.75,11881
05/25/2001,261.75,264,259.25,259.75,14038
05/29/2001,260.5,265.5,259,265,18352
05/30/2001,265.75,268.75,263.5,264,149
05/31/2001,264.25,267.5,264,267,18242
06/01/2001,269,272,269,270.75,194
06/04/2001,269.5,269.5,263,263,16135
06/05/2001,263,265.5,260,260.5,14485
06/06/2001,260,262.75,258.5,261.5,15667
06/07/2001,262.25,267,262.25,264.25,153
06/08/2001,264.25,265,263.25,264,10501
06/11/2001,264,266.25,260,261.5,17089
06/12/2001,261.5,264.75,259,263.25,18458
06/13/2001,262.75,264.5,260.25,262,94
06/14/2001,261.75,262,257.5,259.25,13875
06/15/2001,258,258.75,255,255.75,348
06/18/2001,256,263,254.75,262.75,328
06/19/2001,274,275.25,269.5,272.75,10075
06/20/2001,272.75,273,266,266.5,7443
06/21/2001,266,268.75,264.75,266.5,6361
06/22/2001,266.5,296.25,262.25,262.5,8540
06/25/2001,262.5,262.75,256,256.5,14792
06/26/2001,256.5,260.5,256,259.25,15179
06/27/2001,259,262,257,258.25,16724
06/28/2001,258.5,260.25,254,254.5,111
06/29/2001,255,261,255,258,105
07/02/2001,256.5,264.5,256,261,16064
07/03/2001,261.25,265.5,261,263.5,11245
07/05/2001,265,268,262,266.75,10410
07/06/2001,267.25,271.75,266.75,268.5,11027
07/09/2001,268,268.5,264.5,268,9633
07/10/2001,268,273,267.5,271,15035
07/11/2001,270.75,278,270.75,272.75,16677
07/12/2001,272.25,290.5,272.25,289.25,28529
07/13/2001,289.75,291.75,284.5,286.5,21236
07/16/2001,284.5,284.5,275.5,282,14376
07/17/2001,282.25,295,282.25,290,13994
07/18/2001,289,292.75,283,288.75,13086
07/19/2001,289,293.25,285.5,289,12367
07/20/2001,290,291,280,283.25,10497
07/23/2001,279.25,284,277,283.5,8242
07/24/2001,285,288.5,280.25,282.5,6587
07/25/2001,281.5,284.75,279,282.5,5767
07/26/2001,284,286.5,276.5,281,8819
07/27/2001,279.5,283.25,279.5,280.25,5164
07/30/2001,279.75,281,275,277,7053
07/31/2001,275,279,274.25,278.5,7155
08/01/2001,277.5,279.5,274,274.5,6643
08/02/2001,274,277,269,269.5,9135
08/03/2001,269.5,271.5,263.5,264.75,59
08/06/2001,264.75,266.5,262,265,5429
08/07/2001,266.25,269,265.5,267,5790
08/08/2001,268,269.5,265,268.5,8833
08/09/2001,268.75,271.5,268.5,271,5045
08/10/2001,271,275.25,269,270.25,7955
08/13/2001,270,272.5,268.5,271.5,4509
08/14/2001,272,272.25,268.5,268.75,4733
08/15/2001,268.75,269.5,263,266.5,5987
08/16/2001,266.75,269,262.5,266.5,8030
08/17/2001,283,284.25,281.25,282.75,8473
08/20/2001,279.5,282.25,278.25,281,14829
08/21/2001,282,284.5,281,283.5,13084
08/22/2001,284,287,282.75,286,14965
08/23/2001,286.75,292.5,283,291.75,30787
08/24/2001,291.5,293.5,288,289.25,24034
08/27/2001,287.5,288.75,285.5,288.25,13726
08/28/2001,288.75,290,282.5,284.25,21804
08/29/2001,284,288.75,282.25,288,23090
08/30/2001,288,289.5,285.25,285.75,21961
08/31/2001,285.75,292,284.25,289,20305
09/04/2001,289,289,284,287.5,15393
09/05/2001,288,288,283,285.5,48
09/06/2001,286,286,281,281.25,122
09/07/2001,281,282,279,280.25,12569
09/10/2001,281.25,282,277.5,280.75,67
09/11/2001,281,281,280.25,280.75,67
09/12/2001,280.75,280.75,280.75,280.75,67
09/13/2001,279.5,284.5,278.5,282,13931
09/14/2001,283.25,284,271.5,272.5,31447
09/17/2001,271,275.75,269,274.5,13202
09/18/2001,275.25,277,267,267.5,23017
09/19/2001,268,268.75,261,262.75,28296
09/20/2001,263.25,266.5,261.5,265.75,12533
09/21/2001,265.75,267,260.5,266,18876
09/24/2001,267,269,265.75,266.75,9650
09/25/2001,267,273,266,270.75,19434
09/26/2001,270.75,276.5,268.5,275.5,21582
09/27/2001,276,277,273.5,274.5,15317
09/28/2001,274.25,275,268.25,270.75,18750
10/01/2001,270.75,271,265.5,266.25,15232
10/02/2001,266,267.5,261.5,263.5,18231
10/03/2001,264,270,262.5,269.5,16752
10/04/2001,269.75,274.25,269.5,272.75,19492
10/05/2001,273,273.5,271,273.25,10961
10/08/2001,273.5,275.75,270,271.75,13232
10/09/2001,272,276,270,274.25,15788
10/10/2001,275,280.5,273.75,279,29596
10/11/2001,279,282,277.5,279.25,20395
10/12/2001,279.25,279.75,271.5,276.25,23994
10/15/2001,275.5,276.25,271.5,273.5,12079
10/16/2001,274,278.5,273.25,277.75,14735
10/17/2001,278.5,285,274,284.75,29498
10/18/2001,285,287.75,282.5,283,24913
10/19/2001,283,289.5,282.25,287,26147
10/22/2001,286.5,287.5,280.25,282,17070
10/23/2001,281.5,287,281.5,285.5,16425
10/24/2001,286,287,282.5,283.75,12931
10/25/2001,285.25,290,280.5,289,25889
10/26/2001,290,295.5,289.25,295,29333
10/29/2001,295,295,289.25,291.25,13204
10/30/2001,291,297,290,295.5,19475
10/31/2001,295.5,297,291.5,293.25,78
11/01/2001,291.5,292.75,288,288.75,18041
11/02/2001,288.25,289.5,285,285.5,13631
11/05/2001,285.25,285.25,281.5,284.25,166
11/06/2001,284.5,287,283.5,285.5,11371
11/07/2001,286,288.5,285.75,287,70
11/08/2001,287,288.5,283,283.75,82
11/09/2001,283.5,287,281,286,16748
11/12/2001,286,287.5,282.5,283,11787
11/13/2001,283,283,277,278,25431
11/14/2001,278,281.75,277.25,280.75,14113
11/15/2001,280.75,282,276,280.25,16329
11/16/2001,280,290,277.75,289.25,24208
11/19/2001,297,298.5,294.5,297.25,118
11/20/2001,297,298,293.5,295,5701
11/21/2001,295,298,294.5,295.5,5787
11/23/2001,296,299,295.5,296.25,7580
11/26/2001,296.5,299,283,285.75,28665
11/27/2001,285.5,288,282,286.25,24884
11/28/2001,286,287,281.5,282,23113
11/29/2001,282.25,284.5,281,281.75,31
11/30/2001,282,290.5,282,289.5,22378
12/03/2001,290,290.5,285,287.25,14822
12/04/2001,286.75,288.5,283.5,283.75,13517
12/05/2001,283.75,285.5,281.25,285.25,12142
12/06/2001,285.25,285.75,281.5,281.75,101
12/07/2001,282,285,277,284,22784
12/10/2001,285.25,287.5,281.5,283.5,79
12/11/2001,283.25,287,281,286.75,12714
12/12/2001,286.5,286.75,284,286,8900
12/13/2001,286,287,279.25,282.5,21056
12/14/2001,282.25,288.5,279.5,286.75,21487
12/17/2001,287,287,283.25,286.25,34
12/18/2001,285.75,289,285,285.75,15330
12/19/2001,286,294.5,284.25,293,34567
12/20/2001,293.25,294,287,287.5,17061
12/21/2001,287.5,291,286.5,288.75,230
12/24/2001,288.75,288.75,288.75,288.75,230
12/26/2001,289,289,283,284.5,14037
12/27/2001,285,291.5,285,291,170
12/28/2001,291,293.5,288,290.25,9537
12/31/2001,289.75,291,288,289,54
01/02/2002,290.5,292.5,288.5,292,11518
01/03/2002,292.75,301.5,291,300,14
01/04/2002,300,309,299.5,307,253
01/07/2002,307,309,303,304.75,24431
01/08/2002,305,306,301.5,305,14080
01/09/2002,304.75,307,301.5,302.75,200
01/10/2002,303.75,307.5,301,303.5,21447
01/11/2002,304,311,300.5,308.25,33732
01/14/2002,308.75,313.25,306,306.75,24052
01/15/2002,306.5,307,301.5,302,101
01/16/2002,301,304,298,303.5,22929
01/17/2002,304,305.75,297.5,300.75,21987
01/18/2002,301,302,297.5,298,10127
01/22/2002,299.5,299.5,294,295.25,17845
01/23/2002,295,298,293.5,297,15309
01/24/2002,296.5,299.75,294.5,298.5,16564
01/25/2002,299,300,295.25,299,17254
01/28/2002,298,298.5,291,291.25,19967
01/29/2002,291.25,293.75,288.5,289.5,20597
01/30/2002,290,290.5,283.75,285.25,28081
01/31/2002,284,288.25,283.5,286,15682
02/01/2002,286.75,288.25,285,287,10066
02/04/2002,288,289.5,280,280.75,68
02/05/2002,280.75,285,278.5,283,23146
02/06/2002,284,284.75,280,280.25,60
02/07/2002,280.25,284.5,279,281,13862
02/08/2002,282,287,278.5,281.75,11741
02/11/2002,282,282.5,279,281,10656
02/12/2002,281,282.5,280,280.75,8771
02/13/2002,281.25,283.5,279.75,282.25,13876
02/14/2002,280.5,280.5,280.5,280.5,8597
02/15/2002,280.75,281,274.5,275.25,22806
02/19/2002,276.5,278.5,275.75,277.75,12265
02/20/2002,284,285.75,282.25,285.5,9443
02/21/2002,286,286.5,282.75,284,6995
02/22/2002,284.25,287,284,286.25,6370
02/25/2002,286.5,287,280.5,283.25,15522
02/26/2002,283.25,286.75,279,280.5,27380
02/27/2002,280.5,281.5,278,279.5,24839
02/28/2002,280,281.25,275,276,26860
03/01/2002,276.25,279.5,275.5,278.5,19308
03/04/2002,279.75,280.5,276.25,278.5,13092
03/05/2002,279.75,284,279,282,17498
03/06/2002,282.25,284,279.5,282,11528
03/07/2002,282,287,279.5,279.75,18127
03/08/2002,279.75,281,276.75,277.75,12666
03/11/2002,277,277.5,269.5,274,25213
03/12/2002,274,277,272.75,276.25,11104
03/13/2002,276,279,274,276.25,12387
03/14/2002,276.25,280,276.25,279.25,11179
03/15/2002,280,286.75,277.5,282.25,23262
03/18/2002,283.75,284.25,277,277.75,13517
03/19/2002,278,282,276,281.5,14551
03/20/2002,282,283.5,277,277.25,13135
03/21/2002,277.25,284.25,276.5,282,19067
03/22/2002,283.25,285.25,281.5,281.75,6883
03/25/2002,281,285.5,280.25,283.75,8892
03/26/2002,284,288.25,284,287.25,13634
03/27/2002,287.25,295,286.5,294.25,20576
03/28/2002,294,297,280,285,34309
04/01/2002,285.5,287,284,285.25,9634
04/02/2002,286.5,289,283,283.25,12825
04/03/2002,283.25,286.25,281.25,283.5,13446
04/04/2002,284,285.5,280,280.5,13827
04/05/2002,280.25,280.5,276.5,277.25,12301
04/08/2002,277.5,277.5,272.25,273,14114
04/09/2002,273.5,274.5,270,270.25,11071
04/10/2002,270.25,274,269.5,272.5,11015
04/11/2002,272.5,273.5,269.75,271.25,6405
04/12/2002,272,275,267,272.5,10224
04/15/2002,274,275,271,271.75,6425
04/16/2002,272.75,275.75,271.5,275,6386
04/17/2002,282.25,285.75,279,282.5,19105
04/18/2002,282.5,283.25,274.5,275.5,16321
04/19/2002,276,277,272.5,274.25,16698
04/22/2002,274.25,276,271.5,272.75,10288
04/23/2002,273.5,274.75,270,272.25,13458
04/24/2002,272.5,273.75,270,270.5,18968
04/25/2002,270.5,273,268,268.25,15955
04/26/2002,268.25,269.75,266,266.5,14445
04/29/2002,266.5,268.75,264.5,265,20926
04/30/2002,266.25,269.5,265.25,268.75,13370
05/01/2002,269.25,274,268,273.75,15487
05/02/2002,274,274.5,265.75,266.5,15496
05/03/2002,267,269.5,266,268.5,7497
05/06/2002,268.5,272.5,267.5,271.5,15857
05/07/2002,272,276,271.25,273.5,16304
05/08/2002,273.5,275.5,270.5,272.25,10579
05/09/2002,272.25,274.5,271.75,272.75,10406
05/10/2002,274.25,276.25,269.5,271.5,17676
05/13/2002,273,280,273,278.75,19508
05/14/2002,278.25,280.75,276.75,278.5,15893
05/15/2002,278.75,284,277.5,283.5,19952
05/16/2002,283.5,284,275,276.5,20053
05/17/2002,276.75,277.5,273,273.75,11490
05/20/2002,273.25,278.25,271.75,276.75,13708
05/21/2002,277.25,278,272.25,273,12134
05/22/2002,272.75,273.75,268.5,269,16645
05/23/2002,269,272.5,267.5,271.5,12920
05/24/2002,272.5,272.5,268,269.25,9238
05/28/2002,268.5,273.5,268,272,12143
05/29/2002,272.25,277,270.5,276.25,13679
05/30/2002,276.25,277.5,272,276.5,14242
05/31/2002,277.5,283,276.5,282.25,26957
06/03/2002,282,288,279.5,286.75,32487
06/04/2002,286.75,290,281.5,282,30207
06/05/2002,282,284.5,280.25,283.25,12978
06/06/2002,283,285,279.5,280.5,12125
06/07/2002,279.5,281,274,275,21084
06/10/2002,274,279,272.5,278.25,19382
06/11/2002,278.25,281,276.5,279.5,15302
06/12/2002,279,287,279,283.5,23585
06/13/2002,283.75,296,283.25,295.5,37646
06/14/2002,295.5,298,290.5,294.25,22536
06/17/2002,293.5,294.5,288.5,289.25,15829
06/18/2002,289.5,291.5,287.5,289.25,13331
06/19/2002,296.25,299.5,296.25,298,5759
06/20/2002,298,301,298,298.5,7020
06/21/2002,298.25,299,295,295.25,7065
06/24/2002,296.25,303,296.25,299.75,12260
06/25/2002,298.25,301.5,296,299.75,12416
06/26/2002,299,302,296.5,301,13885
06/27/2002,302,316,299.5,314,21452
06/28/2002,312.5,315,308,313,15533
07/01/2002,312,325,311.5,322.5,13696
07/02/2002,324,327,320,320.5,17669
07/03/2002,320,322.5,316,322,9146
07/05/2002,320.5,324.5,318.5,322.75,7489
07/08/2002,322,322,316.5,317,7528
07/09/2002,317.25,326,317.25,320.5,8818
07/10/2002,319.5,325,316,324.75,8285
07/11/2002,324,331.75,321,323.25,15915
07/12/2002,323.5,325,318,318.25,8361
07/15/2002,318.5,328,318.5,323.75,8186
07/16/2002,327,335,325.75,334,9233
07/17/2002,334,336,331,335,9954
07/18/2002,334.25,337,331.25,333.25,7329
07/19/2002,332,332.5,326,330.75,9779
07/22/2002,333.5,343,333.5,339.75,6976
07/23/2002,340,342,332,332.75,7388
07/24/2002,332.5,338,332.5,336,4786
07/25/2002,336,337.25,330,335,5764
07/26/2002,334.5,336.75,333,335,7163
07/29/2002,332,332.75,324.75,326.5,6726
07/30/2002,328.25,328.25,321.75,326,9264
07/31/2002,328,335.5,328,334,6906
08/01/2002,335,347.25,333.5,334.75,8623
08/02/2002,334.75,338.75,334.75,337,4054
08/05/2002,334.5,339.5,331,338,7288
08/06/2002,339.5,344.5,338.5,341.75,8730
08/07/2002,341.75,347,340.5,346.25,7167
08/08/2002,345.75,350,337,338.5,9629
08/09/2002,340,346,334,344.5,8633
08/12/2002,349.75,363,347.25,351.75,9830
08/13/2002,350,360,350,356.75,6829
08/14/2002,356,361,355.5,357,6100
08/15/2002,356.5,360,350,350.5,8799
08/16/2002,350,352,344,347.75,5663
08/19/2002,361,365,355,361,16880
08/20/2002,362,362,350.5,351,22647
08/21/2002,351,354.5,345.5,349.5,21400
08/22/2002,352.5,353,344.5,351,20605
08/23/2002,352,360,349.5,359,23467
08/26/2002,359,367.5,359,365.25,21043
08/27/2002,365,369.5,361,364.5,18864
08/28/2002,364,369.5,363.75,366,16574
08/29/2002,366,368.5,363.5,364,18025
08/30/2002,364,371,360.25,370,17675
09/03/2002,371,379,371,374.25,13789
09/04/2002,375.25,386.5,373.5,386.25,22145
09/05/2002,383.75,394,383.5,393,34196
09/06/2002,393.5,411,392.5,410,38406
09/09/2002,410,440,410,422,41374
09/10/2002,424,431.25,408,416,34386
09/11/2002,416.75,417,405,414.25,23353
09/12/2002,416.75,422,405,406,21236
09/13/2002,404,404,390.5,392.75,31639
09/16/2002,391,404,387.25,400.75,24951
09/17/2002,401.5,406,397.5,405.25,20053
09/18/2002,405,419,405,413,27428
09/19/2002,413,418,395,395.5,36496
09/20/2002,395,405.5,391,400,26892
09/23/2002,401,402.75,388.5,389.5,23373
09/24/2002,390,404,383.5,403.5,25177
09/25/2002,407,408,388,391,33608
09/26/2002,391.25,404,391,402.25,16573
09/27/2002,403.5,405.5,396,402.5,16234
09/30/2002,405,413,395,396.5,25815
10/01/2002,397.25,401.5,390,396.5,18933
10/02/2002,397,401.5,382.5,383.5,23978
10/03/2002,384.5,385.5,372.5,374.75,29779
10/04/2002,375,381,370.5,376.25,18147
10/07/2002,378,385,376,381.75,13473
10/08/2002,382.5,385.5,381,381.75,5958
10/09/2002,382.75,383,371.5,372.25,13613
10/10/2002,371.25,374,365.25,365.75,19250
10/11/2002,366,373,360.5,365.5,19529
10/14/2002,367,371.5,360,363.25,11703
10/15/2002,364,393.25,363,393.25,33862
10/16/2002,399.75,410,397,408.25,36256
10/17/2002,409.25,414,401,406,30237
10/18/2002,406.25,414,403.5,413,15424
10/21/2002,413.5,416.75,407.5,408.75,16412
10/22/2002,406.5,409,402.5,403.75,11955
10/23/2002,403.75,406,396,396.5,16142
10/24/2002,398,412.5,395,411.75,24485
10/25/2002,411.5,413,404,410.5,12898
10/28/2002,409.5,418,409.5,415.5,13910
10/29/2002,416.5,419,397,415.75,29209
10/30/2002,417.5,418.75,405,406.75,16475
10/31/2002,407,409.75,401.5,402.25,15344
11/01/2002,403,417,403,413.5,17610
11/04/2002,412.25,416,407,408.25,12180
11/05/2002,409,410.25,400,400.75,16150
11/06/2002,400.5,400.75,394,394.5,15848
11/07/2002,395,400,388,397,22022
11/08/2002,396.5,398,382,382.5,26450
11/11/2002,382.5,388,377,383.5,20208
11/12/2002,387.5,398.5,374,374.5,31318
11/13/2002,376,384,369,381,21444
11/14/2002,380,392,380,391.25,14738
11/15/2002,391.5,393.5,384.5,389.75,14059
11/18/2002,389.75,390.75,377,382.25,13854
11/19/2002,377.25,382,370.5,380.5,11120
11/20/2002,381.75,382,370.25,373.5,12124
11/21/2002,373.75,377.5,368,374.5,15631
11/22/2002,372.5,379,372,376,12115
11/25/2002,375.25,384,374,383.5,15866
11/26/2002,383,385.5,376.5,379,17486
11/27/2002,378.25,385,378,383.75,11617
11/29/2002,383,383,376.25,379.75,10525
12/02/2002,380,385,373.5,376.25,16798
12/03/2002,376.25,377,359.5,360.25,27618
12/04/2002,361,364,358.5,361.75,16023
12/05/2002,362.75,362.75,351.5,353,25064
12/06/2002,353.5,361,351.5,357.75,15921
12/09/2002,358.25,359,352,357.5,7674
12/10/2002,357.25,358.25,348.5,349.5,18383
12/11/2002,350.25,357.5,347.5,354.75,16074
12/12/2002,355,355.5,346.5,354.5,18489
12/13/2002,355.5,357,351.5,353,8898
12/16/2002,352.25,360,350,355,13735
12/17/2002,355,362,354,361.5,10619
12/18/2002,361,364,351.5,356,13261
12/19/2002,355.75,358,350,350.25,9836
12/20/2002,350.25,350.25,340.5,342.75,22787
12/23/2002,342.75,347,340,345.75,8220
12/24/2002,345.75,345.75,345.75,345.75,86
12/26/2002,338.25,345,336.5,338.25,13209
12/27/2002,338,340.5,332,333,13273
12/30/2002,334,334.75,325,329,11053
12/31/2002,329,332,321,325,16338
01/02/2003,325.75,331.5,320,328.75,16528
01/03/2003,329,332.5,326,330.5,16394
01/06/2003,329.75,334.5,328.75,331.5,9078
01/07/2003,331.25,333,326,327.75,11070
01/08/2003,331,339,331,337,18817
01/09/2003,336.5,338.75,327.25,329,19679
01/10/2003,329.75,330.5,318,319.25,19183
01/13/2003,320,321,308.5,311.25,17702
01/14/2003,311.25,315.5,308,314.25,13528
01/15/2003,314.75,315,309,312.75,12555
01/16/2003,312,315.5,310.25,311,7913
01/17/2003,310.75,317.5,307.5,316.75,12882
01/21/2003,317.25,320.5,315.5,319.25,10159
01/22/2003,319,324.25,314,314.5,19003
01/23/2003,314,316,309.25,311.75,11815
01/24/2003,311.75,319,310,318.5,11269
01/27/2003,319,322.75,309,310.5,16018
01/28/2003,310.5,319,310,317,11514
01/29/2003,317.5,318.5,310.25,313,11481
01/30/2003,314,315.5,309,315,9916
01/31/2003,315,326.5,315,320.5,22671
02/03/2003,320.5,324.5,319,323.5,10189
02/04/2003,324,325.5,321.5,324,9485
02/05/2003,323.5,328.5,320,324,14919
02/06/2003,324,327.5,322.5,327,9026
02/07/2003,328,334.5,327.75,331,18016
02/10/2003,332.25,337.75,330.25,334.75,17258
02/11/2003,333.5,335.75,327,330,18921
02/12/2003,329,332.25,325,325.5,11498
02/13/2003,325.75,328.5,323.5,326.5,10082
02/14/2003,326.5,335,325.5,334.25,15653
02/18/2003,334.75,338,332.75,335.5,11002
02/19/2003,335,337,325.25,327.75,17716
02/20/2003,327.25,334.5,324.5,331.75,4913
02/21/2003,333,333.5,328.5,329.5,4888
02/24/2003,328,329,320.5,323.5,9499
02/25/2003,323.5,326.5,320.5,321,8970
02/26/2003,321,323,318.5,320,10934
02/27/2003,319.5,321,309,310,15807
02/28/2003,310,314.5,309.5,310.25,12442
03/03/2003,310.5,318,310.5,316,10295
03/04/2003,317,319.75,312.5,319,10835
03/05/2003,324,327,312.5,314,11402
03/06/2003,314,318,311.5,313.75,9081
03/07/2003,314,315,303.5,304.5,13747
03/10/2003,306,306,300,305,8910
03/11/2003,304.5,304.75,299.75,303,5645
03/12/2003,303.75,304.75,294.5,299.25,16058
03/13/2003,299.5,304,298.5,303.25,7944
03/14/2003,303.25,307,299,299.5,13461
03/17/2003,298.5,300,292.5,292.75,11383
03/18/2003,292.5,297,290,296,7192
03/19/2003,296,298,293,294.75,5831
03/20/2003,296,299,292,294.75,6360
03/21/2003,296,297.5,285.5,286,8241
03/24/2003,285.5,287.75,280,281,7618
03/25/2003,282,283.5,279.5,281,3727
03/26/2003,283,286,280,284.25,4142
03/27/2003,284,287.5,283,283.5,3822
03/28/2003,283.5,285.5,277.5,279.25,6115
03/31/2003,279.25,288.5,278,286.75,10078
04/01/2003,286.75,288,282.5,283,6163
04/02/2003,284,288.5,283.5,287.5,5744
04/03/2003,287,288,280,281.5,4539
04/04/2003,282.5,286,282.5,285,3456
04/07/2003,286.5,291,286,290.25,8397
04/08/2003,290,290,283,283.5,7791
04/09/2003,284.25,288.5,283.75,287,7079
04/10/2003,286.5,290,282,285.5,8012
04/11/2003,286.25,287.5,282,284.25,6877
04/14/2003,284,285.5,278.5,280.75,4776
04/15/2003,281,286.75,280.75,286,6211
04/16/2003,286,286,280,281.75,5797
04/17/2003,285.25,291,285,289.75,11537
04/21/2003,289.75,293.5,285.5,293.25,14096
04/22/2003,293,295.5,289,289.75,18361
04/23/2003,289.5,294.75,288.25,293,17871
04/24/2003,294.25,296.5,289.5,290.5,16451
04/25/2003,290.5,291,285.5,289.5,16080
04/28/2003,289.5,289.5,282.5,283,19754
04/29/2003,283.5,284,279.5,282.25,17703
04/30/2003,282.75,286.5,280.5,282.75,17588
05/01/2003,282.5,284,279,281.75,13061
05/02/2003,281.75,284.5,280.5,283.75,6895
05/05/2003,284.5,289,283.5,288.75,14595
05/06/2003,288.75,294,286.5,293,19387
05/07/2003,293.75,302.5,293,301.75,32097
05/08/2003,301.75,304.5,296.5,298.5,24801
05/09/2003,298.5,322,298,321,41293
05/12/2003,317,337,316.25,331,60495
05/13/2003,330,333,325.5,331.25,19504
05/14/2003,331,334,325,329.25,20714
05/15/2003,328.5,339.5,327.5,338.75,24436
05/16/2003,338,345.75,337,338.5,26289
05/19/2003,337,341.5,327,328.5,32246
05/20/2003,327,341,326.5,335,26729
05/21/2003,333.25,337,329.25,332.25,12630
05/22/2003,332,332.5,324,325.5,21849
05/23/2003,325.5,325.75,320,322.75,16361
05/27/2003,321,329,317.25,327.5,25374
05/28/2003,327,329.5,317.5,319,22105
05/29/2003,318.5,326,316,324,15745
05/30/2003,324,329,320.5,324.25,17597
06/02/2003,325,328.5,317,318.75,23919
06/03/2003,318.75,323,318.25,319.5,12977
06/04/2003,319.5,323,312.5,313.5,24625
06/05/2003,314,324.5,311,320.5,23552
06/06/2003,320,322.75,318.25,320.5,16911
06/09/2003,320.5,328.25,319.5,327.25,18332
06/10/2003,327,338,326.5,333.75,24643
06/11/2003,332.75,336.5,327.75,330.5,19678
06/12/2003,330.25,339.5,329.25,337,14962
06/13/2003,336,337.5,317,317.75,25429
06/16/2003,318,322.5,314.5,316,19419
06/17/2003,316,322,313,316.75,16217
06/18/2003,325,327,322.5,324.25,4919
06/19/2003,324,326.5,321,322.75,4406
06/20/2003,321.25,321.5,317.5,319.5,8839
06/23/2003,318.5,318.5,311.5,313.25,12340
06/24/2003,313,315,308,309.25,17404
06/25/2003,308,310.5,306.5,308.5,12648
06/26/2003,308.75,312.5,306,306.5,14178
06/27/2003,307,308.5,303.5,304.25,14420
06/30/2003,304.5,312,304.5,310.5,14475
07/01/2003,310,315,306,314.5,17640
07/02/2003,314,315.5,311.5,314.25,9261
07/03/2003,313.5,316,308,310.25,11467
07/07/2003,308,311,305.75,306.25,10902
07/08/2003,306.5,310.25,303.5,308,11248
07/09/2003,308.5,318,308.5,317,19450
07/10/2003,316,318.5,313.5,315,14760
07/11/2003,315.25,322,311,321.5,24609
07/14/2003,321,324,318.5,318.75,13472
07/15/2003,318.75,319,315,315.25,9580
07/16/2003,315.25,322.5,313.5,320.75,12712
07/17/2003,320.75,330,320.75,327.5,16197
07/18/2003,326,338,325,335.5,17893
07/21/2003,335,341.5,333,334.5,15503
07/22/2003,334.5,335.5,329.5,333.25,10860
07/23/2003,333,347,332.75,346.25,20377
07/24/2003,345.5,355.5,343,343.5,26469
07/25/2003,343,348,341,342.5,12539
07/28/2003,341.5,350,341.5,349.5,13306
07/29/2003,350,353.5,345,347.25,235
07/30/2003,347.25,347.25,336.75,339.25,154
07/31/2003,339,351,336.25,348.5,227
08/01/2003,348.5,355,347,351,347
08/04/2003,352,356,349.5,354,96
08/05/2003,354.25,357,347,349.75,66
08/06/2003,352,361,337,358.5,185
08/07/2003,358.5,361,355,357.25,74
08/08/2003,356.25,358,354,357.5,133
08/11/2003,357,364.5,355.25,358.5,54
08/12/2003,359,368.5,359,361.75,77
08/13/2003,360.25,367,360,365,101
08/14/2003,367,372,367,368.25,474
08/15/2003,369.75,379,368.75,378.5,56
08/18/2003,381.5,387,381.5,383.5,476
08/19/2003,394,394.25,379.5,381.25,656
08/20/2003,380.75,389.5,378,378.75,553
08/21/2003,378,385.5,373.5,376,515
08/22/2003,376,377.5,372.5,375,609
08/25/2003,375,376.5,369.5,371.25,255
08/26/2003,375.25,380,373,373.75,1005
08/27/2003,373.75,374.75,367,373.75,260
08/28/2003,373.75,378.5,371.5,372.25,99
08/29/2003,372,382,368.5,381,211
09/02/2003,379.5,379.5,374.5,377.25,817
09/03/2003,380,380.5,370.5,371.5,514
09/04/2003,373.5,374,367.5,367.75,225
09/05/2003,368,368.5,358,359,398
09/08/2003,358.5,364.5,356.5,361.75,379
09/09/2003,361.75,364.5,357.25,358.5,231
09/10/2003,358.25,362,357,357.75,197
09/11/2003,359.25,361,350.5,351.75,203
09/12/2003,351.75,358.5,348.5,351.5,275
09/15/2003,353.25,357,349,356.25,143
09/16/2003,356.25,358.5,351.5,353.5,213
09/17/2003,353.25,357.5,348.5,349.5,96
09/18/2003,348,348.5,338.5,340.75,400
09/19/2003,341,348,338.25,347.25,378
09/22/2003,346.5,351,342.5,345.5,324
09/23/2003,345.75,348.75,341,344.75,176
09/24/2003,345.25,354,343,353,170
09/25/2003,353,363,352.5,360.5,379
09/26/2003,360.5,364.5,357,359.5,349
09/29/2003,358.75,360,353.5,355.25,299
09/30/2003,355,363,353,360.25,139
10/01/2003,360.25,365.75,358.25,364.25,79
10/02/2003,364.25,367.25,355.5,359,407
10/03/2003,359.25,360.75,351.5,352.25,231
10/06/2003,349,349.5,340.5,341,661
10/07/2003,342.5,342.5,329,332.5,497
10/08/2003,333,334,325.5,327.75,316
10/09/2003,328,329.5,325,327.25,407
10/10/2003,327.5,333.75,326,326.75,179
10/13/2003,328,334.75,325.5,334,15053
10/14/2003,334,336.5,324,325.5,486
10/15/2003,326,335,321,334.5,180
10/16/2003,335,337,331.25,336.25,288
10/17/2003,337.25,338.75,328,328.25,278
10/20/2003,328.25,335.5,327,333.75,154
10/21/2003,333.75,341.25,332.75,340.5,51
10/22/2003,341,356.5,341,354.5,215
10/23/2003,354.5,375,354.5,369.5,1550
10/24/2003,369,374,367,369.25,477
10/27/2003,369.5,382,364.5,367.25,867
10/28/2003,366.5,378,364.5,377.25,636
10/29/2003,379,384,370,375.75,1144
10/30/2003,375.5,376.5,367,369,307
10/31/2003,368.75,372.5,365,369.5,45573
11/03/2003,370.5,374,362,365,17349
11/04/2003,367,369.5,362,363.5,13681
11/05/2003,364.75,379.5,361,378,25450
11/06/2003,380,383.25,374,375.5,20101
11/07/2003,375.25,384,373,378,20805
11/10/2003,378,387,375,383,21361
11/11/2003,385,391,378.5,389,18722
11/12/2003,389,405,386,403.5,29133
11/13/2003,405,408,400.5,405.75,25356
11/14/2003,406.5,408,401,405.5,14187
11/17/2003,405.5,406.75,397,399.75,17245
11/18/2003,398.75,399.75,387.5,388.25,19049
11/19/2003,400.25,401,374,377,45464
11/20/2003,377.25,386.5,376,385.75,29996
11/21/2003,386.5,397,386.5,396.25,20316
11/24/2003,398,402,387,390.25,24433
11/25/2003,386.5,400,384.5,398.75,23876
11/26/2003,400,402,394.5,398.5,16282
11/28/2003,400,408,399,406.75,14006
12/01/2003,409,411,405.5,408.75,15102
12/02/2003,406.5,408,399,406.5,17639
12/03/2003,408.5,415.5,408.5,414.75,23097
12/04/2003,415.5,421.5,410.5,411,24893
12/05/2003,408,408,399.5,403.25,22955
12/08/2003,403,410,400,409.5,16494
12/09/2003,412.5,413.75,402.25,406.5,14662
12/10/2003,405,406.5,394,398.75,21266
12/11/2003,396,396,385.25,389.75,26295
12/12/2003,386,394.5,384,393.5,12224
12/15/2003,392,393,382,386.5,16846
12/16/2003,383.5,390,381.5,389.5,12524
12/17/2003,387,390.5,382.5,386,14147
12/18/2003,387.5,395.5,384.5,393.25,14517
12/19/2003,396,398,387,394.25,14288
12/22/2003,392,393,385,385.5,10865
12/23/2003,382,382,369,370.5,37063
12/24/2003,359,369,358,363,23792
12/26/2003,362.5,369.5,362,366,11590
12/29/2003,363.5,370.5,363,364,10609
12/30/2003,362,366.75,360,365.25,11388
12/31/2003,367.5,377.75,366.5,377,15089
01/02/2004,377.5,407,377.5,405.75,33638
01/05/2004,402.75,405.5,397,398.5,23937
01/06/2004,399.5,404.75,393,394.5,20647
01/07/2004,393.5,398.75,387,395.5,24350
01/08/2004,395.5,398,390,394,536
01/09/2004,394.5,397.25,385,385.5,18190
01/12/2004,385,400,384,399.25,30409
01/13/2004,400.75,406,390.5,392,32171
01/14/2004,393,398.75,386.5,395.25,22027
01/15/2004,396,398,385,386.25,22910
01/16/2004,385.25,402,382.5,398,35994
01/20/2004,398,404,394.5,395.5,20751
01/21/2004,395.5,397,386.5,392,29944
01/22/2004,392,394.25,385,387,11562
01/23/2004,385.5,393.75,380,381.5,33436
01/26/2004,379.5,387.5,378,381.25,20998
01/27/2004,381.5,384.25,377.5,380,12607
01/28/2004,380,384,373,374.75,26758
01/29/2004,374.25,381.5,373.5,380.25,16513
01/30/2004,382.25,389.5,382.25,389,19005
02/02/2004,388,388,381.75,385,16264
02/03/2004,385.25,390.5,380,380.5,15434
02/04/2004,380.5,382,375.25,376,14754
02/05/2004,375,384,373.75,381,18032
02/06/2004,382.5,386,376,378.5,18704
02/09/2004,378,384,374.5,382.25,17196
02/10/2004,383,387.5,380.5,384.5,22370
02/11/2004,385.25,393.5,384,388.5,26670
02/12/2004,389.75,391.5,384.5,386.75,17666
02/13/2004,386.75,388.5,376,380.25,47262
02/17/2004,381.5,383,371,375.25,29385
02/18/2004,376.5,377,364,364.5,19173
02/19/2004,373.25,382,370.75,379.5,23155
02/20/2004,379,384,372,379,25092
02/23/2004,381,404,379,398,42425
02/24/2004,398,402,395,398.5,27847
02/25/2004,397.5,401,390.5,394.5,20336
02/26/2004,394.5,398,390,396.25,18141
02/27/2004,395.5,397,388,390.75,19581
03/01/2004,390.75,395,382.5,385,21972
03/02/2004,385,386.5,379,381.75,17415
03/03/2004,381,382.5,376,376.25,15727
03/04/2004,375,379.5,371.75,378.5,22733
03/05/2004,380,380.5,372.25,373.75,14434
03/08/2004,374,376,365.5,367.75,19877
03/09/2004,367.75,373,366.5,370.25,14630
03/10/2004,370.75,373,360.75,366,27095
03/11/2004,366.25,368.5,360.75,361.25,22716
03/12/2004,361,368,360,364.5,17720
03/15/2004,365,374.5,364.5,373,17958
03/16/2004,373.5,377,371.5,372,12702
03/17/2004,373,392,373,391.5,37701
03/18/2004,389.25,401.75,389.25,398,38192
03/19/2004,397,401,391.5,392.75,18640
03/22/2004,394.5,422.75,394.5,422.75,39152
03/23/2004,421.5,422.75,412.5,413,25866
03/24/2004,413.5,420,408.75,412,19508
03/25/2004,412,413.75,404.25,408,14949
03/26/2004,407,407,400.5,405.25,13066
03/29/2004,406,407,398,405.75,14270
03/30/2004,406.75,416.75,405,415.25,15740
03/31/2004,414.5,418,395,408,36891
04/01/2004,408.25,419,405.5,410.5,18418
04/02/2004,411,418.5,406.5,416.25,14691
04/05/2004,415,424,409,414,22367
04/06/2004,412,419,406.5,416.5,18513
04/07/2004,415,419.5,412,415,19051
04/08/2004,416.25,418.5,408,414.5,16927
04/12/2004,413.5,418,406,407.5,20157
04/13/2004,406.5,407.5,392.5,393,32637
04/14/2004,393,402,390,401.25,23122
04/15/2004,402,404,381,383,21028
04/16/2004,384,390,383,388.5,13777
04/19/2004,389.75,399.5,387.5,394,8196
04/20/2004,402.25,408,397.5,406,17058
04/21/2004,406.5,408,390.5,393.25,24452
04/22/2004,393,394.75,386.5,387,37374
04/23/2004,387.25,389,378.25,382.75,27781
04/26/2004,380.5,385,375,383,21258
04/27/2004,383,391.5,383,388.5,21927
04/28/2004,389,390.25,379,382.5,18475
04/29/2004,383,391.5,381,389.25,25697
04/30/2004,390.5,396,388.5,390,41530
05/03/2004,391,398,389,397.25,34452
05/04/2004,397,413,395.75,411.25,70596
05/05/2004,410.5,416,405.5,408,39138
05/06/2004,408,411,401,403.25,35752
05/07/2004,403.25,406.5,399,403,27748
05/10/2004,402.5,403,382.5,385.25,54986
05/11/2004,386.5,387.5,378,379,40836
05/12/2004,379.5,382,365,369.5,84984
05/13/2004,370,373.5,365,369.25,49440
05/14/2004,370.5,372.25,356.75,358.5,70774
05/17/2004,358.5,368,356,367.75,39138
05/18/2004,366.75,374,365,370.5,55674
05/19/2004,370.5,379,370.5,377,36120
05/20/2004,377.5,378.25,365,370.25,34030
05/21/2004,370,374,365.25,368.25,25608
05/24/2004,370.75,379.75,370.5,378.5,31524
05/25/2004,378.75,382.75,374,378,40936
05/26/2004,378.5,382,376,381.5,34388
05/27/2004,381.75,382.25,369,369.25,49434
05/28/2004,368,372,361,362,68025
06/01/2004,365,391,365,388.25,74336
06/02/2004,387.75,387.75,374.5,375,42528
06/03/2004,374.5,375,366.25,367.25,38058
06/04/2004,367.25,373,367.25,370,30458
06/07/2004,368.25,370,360.5,363,46692
06/08/2004,363,366.5,359,363,44700
06/09/2004,363.75,366,358,360,41428
06/10/2004,361,361.5,350,350.5,0
06/11/2004,350.5,352.5,349.5,350.5,1196
06/14/2004,349.5,360,349.25,356.5,60464
06/15/2004,356.75,358.25,348,351,41956
06/16/2004,351,357.5,351,352,36376
06/17/2004,362,363.5,361.75,361.75,70
06/18/2004,362,362,361.25,361.5,109
06/21/2004,358.75,363.25,358.75,363.25,84
06/22/2004,361,362.5,352.75,352.75,155
06/23/2004,352.75,355,352,354.25,341
06/24/2004,354.5,356.25,348.25,348.25,190
06/25/2004,348.25,350,347.5,350,179
06/28/2004,350.25,351,348,348,211
06/29/2004,348,352,347.25,347.25,203
06/30/2004,347.25,347.75,345.5,345.5,372
07/01/2004,344.75,347,338.5,338.5,590
07/02/2004,338.5,341.5,338,341.5,334
07/06/2004,338.75,344.75,338.25,344.75,222
07/07/2004,345,348.25,345,348.25,200
07/08/2004,348.75,349.25,341.5,341.5,300
07/09/2004,342,343.5,338,338,167
07/12/2004,339,345.5,336.5,345.5,150
07/13/2004,345,345.75,339.5,339.5,82
07/14/2004,339.75,345,338.5,345,158
07/15/2004,345.5,346.25,333.25,333.25,153
07/16/2004,332,333.25,331,333.25,172
07/19/2004,334.25,335.5,332.75,335.5,166
07/20/2004,335.5,336.75,331.25,331.25,86
07/21/2004,332,332,324,324,106
07/22/2004,324.25,324.75,322.75,322.75,168
07/23/2004,323.25,328.75,323,328.75,178
07/26/2004,328.75,329.25,323.75,323.75,169
07/27/2004,324,324.5,321.25,321.25,61
07/28/2004,321,322,314.75,314.75,171
07/29/2004,314.75,315,312.75,312.75,256
07/30/2004,312.75,312.75,310.75,312.25,41
08/02/2004,310.75,317,310.75,317,170
08/03/2004,317,318.5,315.25,317,126
08/04/2004,317.5,319.5,317.5,318.5,415
08/05/2004,319,321.5,319,321.5,63
08/06/2004,321.5,322.25,315.75,315.75,29
08/09/2004,317.75,318.75,316,316,359
08/10/2004,316.5,317.25,312,312,342
08/11/2004,312.75,314,304.75,304.75,41
08/12/2004,304.5,304.75,299.5,299.5,168
08/13/2004,300.25,301,299.5,299.5,145
08/16/2004,299.5,302.75,298,302.75,143
08/17/2004,303.25,308.75,303.25,308.75,65
08/18/2004,322,322.75,315,315.5,38606
08/19/2004,315.75,325,315,323.5,51596
08/20/2004,323.25,326,320.25,324.5,37208
08/23/2004,324.5,333,322.25,332.5,52146
08/24/2004,332,332.5,323.75,324.25,48594
08/25/2004,325,329,316.5,319,47480
08/26/2004,318,321,316,318.75,30924
08/27/2004,318.75,320.5,312,314.25,35032
08/30/2004,313.5,322,313.5,316.25,50358
08/31/2004,317,323,316.25,322.75,47038
09/01/2004,322.75,331,321.25,330.25,60784
09/02/2004,331,331.75,319.75,322.5,46132
09/03/2004,322.5,322.5,317.25,319,41559
09/07/2004,318.25,318.75,312.5,317.25,43362
09/08/2004,318,320.75,316,319.75,34594
09/09/2004,319,323.5,318.5,320.25,29134
09/10/2004,318.5,334,315.5,333.5,83766
09/13/2004,330.5,339.5,329,336.25,66494
09/14/2004,335,336.5,331.25,331.75,38754
09/15/2004,330.5,341,330,337.25,52762
09/16/2004,337.25,341.25,332,338.25,34440
09/17/2004,337.75,341.5,331,333.25,36642
09/20/2004,333.25,333.25,325,328.75,38910
09/21/2004,328.75,336.75,327.25,334.75,36348
09/22/2004,335.5,336.5,325,325.75,41450
09/23/2004,325.75,329,321,325.25,36208
09/24/2004,325.75,327.75,321,321.75,22204
09/27/2004,321.75,325,317,320.5,32828
09/28/2004,320,323.5,315.5,315.75,25220
09/29/2004,316.5,321.5,316,319.75,28062
09/30/2004,319.25,321,305.75,306.75,61666
10/01/2004,307.5,308.5,300.5,303.75,41626
10/04/2004,303.5,305.5,300,302.5,23376
10/05/2004,303,307.25,299,306.25,33102
10/06/2004,306,307.5,301,302,26632
10/07/2004,303,306.5,301,302.75,23572
10/08/2004,302.75,307.75,301,303.25,25364
10/11/2004,301,305,301,303,18538
10/12/2004,302.5,311.5,297,311,69476
10/13/2004,311.25,313,308,312,32576
10/14/2004,312,315.5,310.75,314,29974
10/15/2004,314,319.5,313.5,319.25,39208
10/18/2004,318.75,321,314,314.75,32652
10/19/2004,314.25,320.75,312.75,319.25,39460
10/20/2004,319.25,321.25,313,313.5,36164
10/21/2004,312.75,314.5,309,311.75,32010
10/22/2004,311.75,312,308,308.5,23698
10/25/2004,309.25,319.5,308.75,316,46546
10/26/2004,315.25,317,311.5,315.5,27888
10/27/2004,316,320,314.5,319.25,28386
10/28/2004,320.5,324,318,322.25,41144
10/29/2004,321.75,325,314,316.5,55740
11/01/2004,316.5,316.5,304.5,306.25,63608
11/02/2004,307.5,309,302,302.25,39186
11/03/2004,302.25,304.5,298.5,300.25,36848
11/04/2004,301.5,305.5,297.25,303,41508
11/05/2004,303,309,300.5,306.5,51456
11/08/2004,306.5,309.25,303.5,308.75,35016
11/09/2004,308.75,310.75,304,304.5,38758
11/10/2004,304.75,310,303,303.5,49048
11/11/2004,303.25,305,301,302.75,35508
11/12/2004,303,304.25,296,302.75,55298
11/15/2004,303,308.75,300.5,306.25,38968
11/16/2004,306.5,311,305.5,310.75,41132
11/17/2004,322,330,322,329.75,40540
11/18/2004,328.75,331.5,326.5,326.75,36346
11/19/2004,326,326.25,319.25,319.75,35520
11/22/2004,319.75,323.5,311,312,59372
11/23/2004,313,314,310.25,311,55866
11/24/2004,311.25,312.75,308,310,72585
11/26/2004,310.75,312,302.25,303,41922
11/29/2004,303.5,304,298.5,300.5,72650
11/30/2004,300.5,303.5,299.5,301.25,41866
12/01/2004,301.5,303.75,296.25,297.5,57762
12/02/2004,297.5,299.75,294.75,296.25,32250
12/03/2004,296.5,305,295.5,304.5,47520
12/06/2004,303.5,308,303.5,305.5,29348
12/07/2004,304.75,305.5,298,299,35950
12/08/2004,298.25,301.5,295,300,32076
12/09/2004,300.25,304,299.25,302,26288
12/10/2004,302,303.25,295,296.5,37380
12/13/2004,298.25,302.5,297.5,299,28974
12/14/2004,298.75,302,296,301,24222
12/15/2004,301.25,304,299.5,302.5,29662
12/16/2004,304,304.75,297,297.5,26432
12/17/2004,297.75,305,297,304.25,32744
12/20/2004,305.5,309.5,305,306,42694
12/21/2004,305.25,307.5,302.5,305.5,32816
12/22/2004,305.75,308,304.75,307,16852
12/23/2004,308,310.25,305.5,309.5,12584
12/27/2004,310,311.75,301,305,43574
12/28/2004,305,306,298,305,13898
12/29/2004,304.25,306,300.5,303.5,17432
12/30/2004,303.75,308,302.5,307.5,13452
12/31/2004,307.5,307.5,307.5,307.5,152
01/03/2005,307.5,307.5,301.5,302.25,26444
01/04/2005,301.75,302,292.25,296,86588
01/05/2005,295.75,301,295.25,299.75,36148
01/06/2005,299.25,308.5,299.25,308.25,61108
01/07/2005,309.25,312,306.5,309.75,57988
01/10/2005,309.25,309.5,303.25,307.75,35132
01/11/2005,306.5,310.5,304.5,306.5,35440
01/12/2005,306.25,308.5,302,307.25,51832
01/13/2005,307.5,308,303.5,307.5,27862
01/14/2005,307.25,307.5,297.25,297.5,92319
01/18/2005,297.75,299.75,295,296.5,39548
01/19/2005,297,302,296,299,47452
01/20/2005,298.25,299.5,293.5,294.75,50814
01/21/2005,295,297.75,294.25,295.75,44064
01/24/2005,296.5,299,293.75,295.25,32116
01/25/2005,295.25,298.75,294.5,297,34426
01/26/2005,297.5,299.75,295,295.25,30364
01/27/2005,295,295.5,288.5,289.5,71644
01/28/2005,289.75,291.25,288.25,290,14189
01/31/2005,289.75,292,287.5,291,18873
02/01/2005,291.25,294,290.5,292.25,21541
02/02/2005,292.75,293,287.75,288.25,16283
02/03/2005,288.25,291,288,289.75,16237
02/04/2005,290,291.5,287,287.75,19527
02/07/2005,288.5,293,288.25,292.5,26780
02/08/2005,294,295,289.5,291.75,29475
02/09/2005,292,294.5,289.5,290,21887
02/10/2005,290,297,289,296.25,39430
02/11/2005,295.5,297.75,294.25,294.5,23780
02/14/2005,295,302.25,294.5,301.75,35220
02/15/2005,302,302.75,298,299.25,25170
02/16/2005,298.75,298.75,292,292.5,26961
02/17/2005,299.5,303.25,299.25,303.25,373
02/18/2005,302.75,304.25,302.75,304,323
02/22/2005,305,320.75,305,320.75,704
02/23/2005,319.75,324.5,317.25,324.5,684
02/24/2005,324.5,326.25,321.25,321.25,1009
02/25/2005,319.5,333.25,319.25,333.25,529
02/28/2005,333.5,345.25,333.5,345.25,1659
03/01/2005,342,342,338.25,338.25,765
03/02/2005,338.5,341,338,340.5,547
03/03/2005,338.75,339.5,337,338,495
03/04/2005,338.25,338.25,334.5,337,1186
03/07/2005,340,340,332.25,332.25,278
03/08/2005,332,337.25,331.25,337.25,333
03/09/2005,336,340.75,336,340.75,264
03/10/2005,340,348,339.75,348,238
03/11/2005,349,358,347,358,699
03/14/2005,356,356,353,354,691
03/15/2005,354.25,368,354,368,900
03/16/2005,366,370,361,361,797
03/17/2005,359.5,366.5,357.5,366.5,768
03/18/2005,365.25,366.5,356.5,356.5,768
03/21/2005,355.25,356.5,342.5,342.5,771
03/22/2005,343,345,342.75,344.5,441
03/23/2005,342.75,343,336.75,336.75,1189
03/24/2005,336.5,338.5,333.25,338.5,717
03/28/2005,337.75,337.75,334.25,336,469
03/29/2005,336.25,336.75,334.5,334.5,230
03/30/2005,335.5,336.5,333.5,333.5,290
03/31/2005,334,335,331,331,274
04/01/2005,331.5,332.5,322.5,322.5,1024
04/04/2005,322.5,323.5,316.5,316.5,615
04/05/2005,316.5,317,311.25,311.25,127
04/06/2005,311.75,314.25,310.25,314.25,544
04/07/2005,314.25,316,314,314.25,253
04/08/2005,315.25,315.25,310,310,739
04/11/2005,310.5,313.5,310.5,313.5,223
04/12/2005,313.5,316.5,311,311,1523
04/13/2005,311.25,311.25,309.75,310.5,890
04/14/2005,311,311.25,309,309,294
04/15/2005,309,309,305.25,305.25,81
04/18/2005,304.25,304.25,301.75,301.75,363
04/19/2005,311,317.75,310.75,317.75,331
04/20/2005,317.5,321.75,317.25,321,1086
04/21/2005,321.25,322,320.75,320.75,266
04/22/2005,320,322.25,319.25,319.25,165
04/25/2005,323.75,330.5,321.75,330.5,1432
04/26/2005,330,333.5,328.5,333.5,982
04/27/2005,333.5,335,329.25,329.25,291
04/28/2005,329.75,332.25,327.25,327.25,517
04/29/2005,327.5,329.25,324,326,738
05/02/2005,325,325,320.75,323.25,1587
05/03/2005,323.75,324.75,317.75,317.75,588
05/04/2005,318,319,317,317.25,297
05/05/2005,317.75,319.5,313.75,313.75,275
05/06/2005,314,317,312.5,317,188
05/09/2005,315,319.75,313.5,313.5,570
05/10/2005,313.75,321.5,313.25,321.5,183
05/11/2005,321,322,313.75,313.75,988
05/12/2005,313.75,316.5,308.75,308.75,446
05/13/2005,309.5,310.25,302.75,302.75,311
05/16/2005,303.75,306.25,303.5,306.25,673
05/17/2005,307.5,310,306,310,516
05/18/2005,310,315,309.25,315,193
05/19/2005,315,317.5,309.5,309.5,406
05/20/2005,309.5,313,308.75,313,151
05/23/2005,314,333.75,314,333.75,1126
05/24/2005,332,334,329.5,332,1288
05/25/2005,331,334,329,330.25,781
05/26/2005,329.5,337.75,328,337.75,156
05/27/2005,338.5,342,335,335,1250
05/31/2005,341,342.75,331.75,331.75,1664
06/01/2005,330.5,331.75,330,331.5,351
06/02/2005,330,330.5,323.5,323.5,756
06/03/2005,322.25,323.5,321,323.25,403
06/06/2005,325.5,328.75,322.5,322.5,1003
06/07/2005,320.5,322.5,319,319.25,448
06/08/2005,318.5,318.75,313.25,313.25,480
06/09/2005,312.75,314.5,312.5,314.25,836
06/10/2005,314.5,316,313.5,313.5,232
06/13/2005,314,316.25,313.75,313.75,912
06/14/2005,314,316,309.5,316,969
06/15/2005,316,323,315.25,323,497
06/16/2005,323,326.25,322.5,323.5,650
06/17/2005,334.25,337.5,333,337.5,232
06/20/2005,338.5,348.5,338.25,348.5,950
06/21/2005,348.5,350.25,342.25,345,884
06/22/2005,345.25,350.5,345,345.75,2330
06/23/2005,346,348.75,342.25,342.25,474
06/24/2005,341.5,350.25,341.5,350.25,1051
06/27/2005,350.25,350.5,340.5,340.5,2003
06/28/2005,340.5,342.25,336.25,338.25,648
06/29/2005,338.5,341.5,338.5,338.5,1312
06/30/2005,338,339,331.5,331.5,626
07/01/2005,333,334.75,332,334.5,401
07/05/2005,334.75,346.5,334.5,346.5,1213
07/06/2005,347.75,348.25,342,342,1149
07/07/2005,342.5,344,330.25,344,1170
07/08/2005,340.5,342.5,337.25,337.25,972
07/11/2005,332,335.5,328,335.25,1398
07/12/2005,335.5,337.25,332.5,332.5,512
07/13/2005,332,339.75,329.75,339.75,529
07/14/2005,340,344.5,338.5,344.5,659
07/15/2005,343,348.5,342.5,348.5,576
07/18/2005,351.5,352.5,342.25,352.25,2348
07/19/2005,351.25,352,338.5,338.5,884
07/20/2005,338,338.75,333.25,333.25,740
07/21/2005,334.25,334.75,327,327,793
07/22/2005,327.5,331,327.5,330.5,707
07/25/2005,331,331,324.75,325.75,679
07/26/2005,326.5,329,325.25,328.5,320
07/27/2005,326.25,330.5,325.25,330.5,370
07/28/2005,331,333.25,331,333,723
07/29/2005,332.5,334,327.75,327.75,253
08/01/2005,328,330.5,326,330.5,610
08/02/2005,331,334.5,331,332,542
08/03/2005,332.5,332.75,326,326,868
08/04/2005,326,327,323.75,325,586
08/05/2005,325,326.5,320,320,339
08/08/2005,321.75,325.5,321.75,322.25,878
08/09/2005,322,322,319.5,319.5,196
08/10/2005,319.5,323.5,319,323.5,150
08/11/2005,323.5,326.25,322.75,326.25,683
08/12/2005,327.5,328.25,321.25,321.25,240
08/15/2005,320,320.5,315.75,315.75,228
08/16/2005,315.25,317,310.25,310.25,69
08/17/2005,325.75,329.25,325.25,329.25,853
08/18/2005,329.25,335.5,329.25,335.5,594
08/19/2005,336,339.25,334.5,339.25,660
08/22/2005,338.5,340,336.75,336.75,258
08/23/2005,337,338.25,331.5,331.5,267
08/24/2005,331.25,332,328.5,328.5,300
08/25/2005,327.5,331,326.25,331,167
08/26/2005,330.5,331.5,327.5,327.5,391
08/29/2005,327.5,330.75,326.25,326.25,884
08/30/2005,326,326.25,323.25,323.25,626
08/31/2005,323.25,324,317.5,317.5,249
09/01/2005,318.5,322.5,318.25,322.5,279
09/02/2005,322.5,324,320,320,423
09/06/2005,320.5,322.5,320.5,321,312
09/07/2005,321,322,318.75,318.75,262
09/08/2005,318.5,323.5,317.75,323.5,437
09/09/2005,324,325.75,323.75,325.75,217
09/12/2005,325.75,327.25,325,326.5,130
09/13/2005,326,329.5,323.5,329.5,433
09/14/2005,329,330.5,327.25,327.25,403
09/15/2005,327.25,327.5,322.75,322.75,283
09/16/2005,322.5,324.25,321.25,324.25,251
09/19/2005,324.25,325,320.25,320.25,316
09/20/2005,320.5,321.25,319.5,321.25,219
09/21/2005,321.25,325.25,320.75,325.25,68
09/22/2005,325.75,332.25,323.75,332.25,453
09/23/2005,332.5,334,332,333.5,483
09/26/2005,333,334,329.25,329.25,504
09/27/2005,329,329.75,327,327,72
09/28/2005,325.25,328.75,324.5,328.75,196
09/29/2005,329.25,333.5,329,333.5,199
09/30/2005,333.75,346.25,332,346.25,289
10/03/2005,346.25,348.75,345.5,348.75,858
10/04/2005,348,348.25,344.25,347.25,360
10/05/2005,347.5,347.75,345,345,350
10/06/2005,345.75,346.25,344.75,345.25,113
10/07/2005,345,345.25,338,338,119
10/10/2005,338,339.75,337.5,339.75,274
10/11/2005,339.75,342.75,339,342.75,461
10/12/2005,342.75,347.5,341.5,347.5,319
10/13/2005,347,347.25,343.5,343.5,215
10/14/2005,343.25,344.25,339,339,103
10/17/2005,339,339.25,336.25,336.25,263
10/18/2005,336.5,338,328.75,328.75,289
10/19/2005,327.5,329.5,327,327.75,549
10/20/2005,328.75,332.25,326,332.25,444
10/21/2005,332.5,332.75,330,330,471
10/24/2005,329.25,329.25,323.25,323.25,686
10/25/2005,323,325.5,322.25,325.5,452
10/26/2005,325.5,326.75,323.5,323.5,496
10/27/2005,323.5,325.5,323.25,324.5,280
10/28/2005,324.75,325.5,317.75,317.75,117
10/31/2005,317.5,318.75,317,317,422
11/01/2005,317.5,319,315.75,317,340
11/02/2005,317,317.5,313,313,248
11/03/2005,313.5,314,313,313.25,123
11/04/2005,314,315,311.25,311.25,391
11/07/2005,311.25,312.25,310,310,241
11/08/2005,310.5,313,310,313,459
11/09/2005,313.25,315,313.25,315,148
11/10/2005,315.25,317.5,309.75,309.75,814
11/11/2005,310.25,311.5,310,311.5,358
11/14/2005,312,314.5,311.75,311.75,520
11/15/2005,312,316,307,307,379
11/16/2005,308,309,306.75,306.75,366
11/17/2005,322,323.5,321,321,103
11/18/2005,320.75,321,317.75,317.75,98
11/21/2005,318,319,313.25,313.25,224
11/22/2005,313.5,315.5,312.75,312.75,970
11/23/2005,313.5,315,312.75,312.75,211
11/25/2005,314.75,315.25,312.25,312.25,98
11/28/2005,312.25,313.25,310.25,313.25,337
11/29/2005,314.75,316.75,314.5,316.75,626
11/30/2005,316.25,320.75,315.5,320.75,350
12/01/2005,320.25,322.5,319.5,322,1028
12/02/2005,321.5,321.75,319.75,319.75,216
12/05/2005,318.75,320.25,318.5,320.25,273
12/06/2005,320.75,322.25,315.75,315.75,224
12/07/2005,316.5,316.5,313.25,313.25,229
12/08/2005,313,315,312.25,312.25,629
12/09/2005,312.5,312.75,307.5,307.5,126
12/12/2005,308.25,314.75,307.5,314.75,1113
12/13/2005,314.5,318.5,313.75,318.5,852
12/14/2005,319,323.75,318.25,323.75,526
12/15/2005,323.75,325.5,318.75,318.75,723
12/16/2005,319,321.5,317.5,319.75,626
12/19/2005,320.5,323.25,318.5,323.25,392
12/20/2005,323.25,328,323.25,328,362
12/21/2005,327.25,328,325.25,327.5,538
12/22/2005,328,330.75,327.5,330.75,1219
12/23/2005,330.75,334.5,330.5,334.5,311
12/27/2005,334,340,333,340,388
12/28/2005,340.25,345.5,339.25,345.5,424
12/29/2005,345,345.75,337.25,337.25,682
12/30/2005,336,339.25,335.25,339.25,986
01/03/2006,340,346,340,346,994
01/04/2006,345,346.25,343.5,346.25,574
01/05/2006,346,346.75,339.75,339.75,607
01/06/2006,338.5,339.5,330.75,330.75,267
01/09/2006,328.5,329.25,326,326.5,1269
01/10/2006,327,329.25,327,329.25,543
01/11/2006,329.5,330.5,327.5,330.5,308
01/12/2006,330.25,333.25,329,333.25,248
01/13/2006,332,334.75,331.5,334.75,269
01/17/2006,333.75,336.5,328.75,328.75,591
01/18/2006,328.5,328.75,322.5,322.5,357
01/19/2006,322.75,326.5,322.25,326.5,209
01/20/2006,326.25,328.5,326.25,326.5,993
01/23/2006,327,328.25,325.5,326,770
01/24/2006,326,332.5,325,332.5,244
01/25/2006,332,342,331.5,342,601
01/26/2006,341.25,344.5,340,344.5,1949
01/27/2006,344.25,345.25,343.5,343.5,476
01/30/2006,345.25,347.5,343.75,345.25,1221
01/31/2006,345.5,346.75,343.25,343.25,594
02/01/2006,343,343.5,339.25,339.25,1404
02/02/2006,338.25,347.25,338.25,347.25,363
02/03/2006,347.5,356.5,347.5,356.5,2333
02/06/2006,357,359.75,355,355,1647
02/07/2006,357.25,357.25,351.75,351.75,499
02/08/2006,350.25,356.75,348,356.75,1484
02/09/2006,357.5,363.25,357,363.25,1709
02/10/2006,363.75,364.75,355.25,355.25,3503
02/13/2006,356,359,348,348,1786
02/14/2006,348.25,349,346.5,347.25,426
02/15/2006,348,352,344,352,1198
02/16/2006,352,359,351.5,359,1340
02/17/2006,369.5,379.5,368.25,379.5,164
02/21/2006,379.5,384,378.75,384,2489
02/22/2006,384,384,377.5,377.5,822
02/23/2006,376.75,377.5,374.5,377.5,1849
02/24/2006,377.75,381,377.75,380,791
02/27/2006,380.75,385.75,379.5,385.75,1234
02/28/2006,386.25,387,381,381,1106
03/01/2006,380.75,380.75,374,374,806
03/02/2006,374.75,380.5,371.75,380.5,562
03/03/2006,380.5,385,378.5,385,436
03/06/2006,381,382,375.25,380,1710
03/07/2006,381,381.5,380,381,394
03/08/2006,381.25,384.5,379.75,384.5,508
03/09/2006,383.75,383.75,381,381,520
03/10/2006,380,381.75,378.5,381.5,566
03/13/2006,379.5,380,367.5,367.5,3499
03/14/2006,367.5,367.75,362.5,362.5,1946
03/15/2006,363.25,364.25,361.25,362,1463
03/16/2006,362.5,363,352.75,352.75,449
03/17/2006,353,357.5,351,357.5,1532
03/20/2006,355.25,355.25,350.25,350.25,1171
03/21/2006,351.5,352.5,350.25,352.5,421
03/22/2006,352.5,355.25,349.25,349.25,656
03/23/2006,350,350,344,344,157
03/24/2006,344,345,342.5,342.5,376
03/27/2006,342.25,343.75,339.75,339.75,4122
03/28/2006,340.5,341.25,339.25,341.25,461
03/29/2006,342.25,343.75,341.75,341.75,539
03/30/2006,341.25,344.5,340.25,344.5,531
03/31/2006,343.75,347.75,343,347.75,1139
04/03/2006,344.5,347.5,342,342,1372
04/04/2006,342,342.75,341,342.75,281
04/05/2006,342.5,347,341,347,295
04/06/2006,347.5,352.5,347.25,352.5,970
04/07/2006,352.75,353.25,350.5,351.25,397
04/10/2006,353.25,361,352,361,959
04/11/2006,360.25,367.5,357.5,367.5,678
04/12/2006,367,367,360.5,360.5,723
04/13/2006,361,363.25,357.5,357.5,2282
04/17/2006,354,357,349.5,349.5,611
04/18/2006,350.25,355,350.25,355,203
04/19/2006,355,357.5,354.75,354.75,409
04/20/2006,367.5,369.25,366.25,366.25,665
04/21/2006,364.5,366.75,362.75,365.25,687
04/24/2006,365.75,370,363.5,363.5,3330
04/25/2006,363.5,365,360.75,363.5,549
04/26/2006,363.25,365,361.25,361.75,682
04/27/2006,361,362,355.75,355.75,1232
04/28/2006,353.75,358.5,352.5,358.5,1334
05/01/2006,356.5,365,356,365,3030
05/02/2006,368,369.75,366.25,366.5,1564
05/03/2006,366.5,369.25,365,365,554
05/04/2006,364,366,362.5,362.5,969
05/05/2006,364.5,372.25,363.75,372.25,901
05/08/2006,371.5,375.5,369,375.5,1029
05/09/2006,376,384.75,375,384.75,1583
05/10/2006,384.75,386.5,383.5,384.5,1988
05/11/2006,383.5,392,381.25,392,1486
05/12/2006,391.75,401.5,391.25,401.5,1967
05/15/2006,402.75,406,398.25,399.5,2534
05/16/2006,399,403.5,395.25,403.5,1966
05/17/2006,405,423,403.5,423,1788
05/18/2006,423,423.25,418.5,418.5,3517
05/19/2006,418.5,418.5,414,416.25,1846
05/22/2006,418.75,426.25,409,426.25,3030
05/23/2006,429.75,430.5,419.75,419.75,3354
05/24/2006,418,419.5,411.75,411.75,1599
05/25/2006,411,412.25,404.5,409.5,1461
05/26/2006,410.25,415.5,410,415.5,4726
05/30/2006,417.5,421.5,412,412,2370
05/31/2006,412.25,413.5,393.5,393.5,1588
06/01/2006,394.25,396.25,392,392,3575
06/02/2006,395,403.75,392.5,403.75,1824
06/05/2006,400.75,402.75,398.5,398.5,1653
06/06/2006,399,399.75,385,385,2341
06/07/2006,386.5,387.75,384.5,387.75,1081
06/08/2006,387.5,388.75,383.5,383.5,604
06/09/2006,383.5,384.5,372.5,372.5,537
06/12/2006,375.5,378.75,373.75,373.75,1995
06/13/2006,374.25,375.5,369.75,369.75,1801
06/14/2006,370.5,372,361.25,361.25,2277
06/15/2006,361.5,365,360.5,361.5,848
06/16/2006,361.5,365.5,359,359,1612
06/19/2006,376,377.75,374,376.25,897
06/20/2006,377,384.75,377,384.75,726
06/21/2006,383.5,389.25,383.25,389.25,1051
06/22/2006,390,391.75,382.25,382.25,669
06/23/2006,382.75,384.5,381.25,381.5,632
06/26/2006,380.25,385.75,377.5,385.75,936
06/27/2006,385.5,394.5,385.25,394.5,499
06/28/2006,394,396,388,388,543
06/29/2006,387.75,395,385.5,395,2153
06/30/2006,395,400.75,394,396,749
07/03/2006,397.5,402.75,397.25,402,1468
07/05/2006,405.25,405.25,399,404.75,1111
07/06/2006,405.5,407.25,402,407.25,533
07/07/2006,407.75,410,398.25,398.25,897
07/10/2006,400.25,403.5,398.25,403,1664
07/11/2006,405.5,416.5,404,416.5,1508
07/12/2006,416.5,420,414.25,414.5,1278
07/13/2006,412.75,412.75,395.5,395.5,1099
07/14/2006,396,397.5,393.75,397.5,998
07/17/2006,397,401,393,393,975
07/18/2006,395,398,393.25,398,613
07/19/2006,397,398,392.25,393,995
07/20/2006,391.5,406.5,390.75,406.5,666
07/21/2006,405.25,408.75,404,407.25,1108
07/24/2006,405.75,405.75,400,400.5,1165
07/25/2006,402.5,404.25,393.25,393.25,875
07/26/2006,395,396,382,382,622
07/27/2006,383.5,387.75,382.5,387.75,2403
07/28/2006,387.75,389.75,387,388.5,767
07/31/2006,389.5,397.5,388.75,397.5,2333
08/01/2006,396.75,397.5,391.75,392.5,3686
08/02/2006,393,403.25,393,401.5,4529
08/03/2006,401.5,405.5,394.5,395.25,4650
08/04/2006,396.25,400,395.75,396,2607
08/07/2006,394.5,396,390.5,393,5167
08/08/2006,392.25,393.5,382.75,384,9028
08/09/2006,384,389.25,382.75,388,7075
08/10/2006,388,390.5,385.25,386.5,9296
08/11/2006,386.5,390.25,373,373.75,6391
08/14/2006,373.5,379,369.75,374,7996
08/15/2006,373.5,378.5,373,376.75,4520
08/16/2006,376.25,381.5,371.25,371.5,2263
08/17/2006,392,395.25,382.25,383,14242
08/18/2006,384,386,377,383.25,11160
08/21/2006,383.75,388,382.25,385.5,6826
08/22/2006,385,386.5,378,380,7206
08/23/2006,379.25,389.5,379.25,387,8035
08/24/2006,387,395.75,386.75,395.75,11487
08/25/2006,395.25,408,393.75,398.25,16374
08/28/2006,399.5,409,399.25,404.25,13580
08/29/2006,404.25,407.5,400,400.75,12728
08/30/2006,401,418,400,416.5,14089
08/31/2006,416.75,424.5,414.75,422.25,21368
09/01/2006,420.75,422.5,416.5,419.5,7729
09/05/2006,422.75,428.5,420.75,422,13683
09/06/2006,422.75,424,415,417,13821
09/07/2006,417,421.5,411,420.25,14722
09/08/2006,420,423,415.5,415.5,11638
09/11/2006,416.25,416.5,407.75,413,11228
09/12/2006,412.75,415.5,401,402.5,13658
09/13/2006,403.25,407,397,397.5,13159
09/14/2006,397.5,399.75,389.5,390.5,19167
09/15/2006,391.25,398,387.5,392.5,11666
09/18/2006,395.25,398.5,392.25,395.5,10062
09/19/2006,395.75,411.5,395.75,409,15011
09/20/2006,410,413.5,406.25,407.75,19346
09/21/2006,408.5,422.25,407.5,421.5,15165
09/22/2006,420.75,421.5,417.5,419,10091
09/25/2006,418,419.75,411.25,413.75,14654
09/26/2006,414,426.5,414,423,11954
09/27/2006,423.75,430.75,419.25,424.25,15900
09/28/2006,424.75,447.5,424.5,445.5,34628
09/29/2006,445.5,452.75,442,443,29239
10/02/2006,445,458.5,443.5,446,21181
10/03/2006,446.25,447.5,435.25,439.5,8956
10/04/2006,441.5,469.5,440.25,465,23505
10/05/2006,464,486.25,463.5,464,31322
10/06/2006,465.5,476.75,458.5,464,19246
10/09/2006,467.25,494,466.25,494,16053
10/10/2006,524,524,493.25,501,34511
10/11/2006,501,531,500.5,531,16938
10/12/2006,543.5,551,511.5,515.5,31806
10/13/2006,516.5,538.25,516.5,525.5,18184
10/16/2006,525,542.5,521.5,542.5,13157
10/17/2006,541,555,528.75,531,17869
10/18/2006,531.25,531.25,512.25,512.5,13630
10/19/2006,512.5,528.25,505.5,513,12496
10/20/2006,513.5,523,502.5,505,11751
10/23/2006,506.5,521.5,499,517,14512
10/24/2006,517.25,527.25,511.5,522.5,12152
10/25/2006,526,540,515.25,516.75,16630
10/26/2006,516.25,517.25,505.25,507.5,13812
10/27/2006,509.25,522.75,500.25,508.5,16140
10/30/2006,507,513.5,497.25,501,15717
10/31/2006,502.25,503.75,482.75,483,23110
11/01/2006,485.75,494,476.5,487.5,19981
11/02/2006,490,509,488,491.5,19232
11/03/2006,491,493,484.75,492.5,11222
11/06/2006,495.5,501.75,493.5,498,11963
11/07/2006,498.75,501,493.25,497,19854
11/08/2006,497.5,518.25,497.5,504,27560
11/09/2006,505,508,487,488,25477
11/10/2006,490,491.25,478.25,480.5,23496
11/13/2006,479,487.25,476.5,477,18181
11/14/2006,477.25,492.75,470.5,486.5,23034
11/15/2006,490,497,481.25,481.5,16832
11/16/2006,480.25,485.5,466.25,468.75,12059
11/17/2006,490.5,495.25,485,494,27715
11/20/2006,497.5,506.5,492,493.75,29077
11/21/2006,494,503,492,501.75,30252
11/22/2006,503,518.75,498.75,506.25,32657
11/24/2006,506.75,522,503.75,519,21810
11/27/2006,521,528.5,507,514,39572
11/28/2006,514.5,515,501.75,508,29937
11/29/2006,508.5,513,499.75,511.5,35903
11/30/2006,513,525.75,511.25,521.5,43834
12/01/2006,522.5,525,516,520.75,30336
12/04/2006,518,520.5,510.75,518,13074
12/05/2006,517.25,518.5,511,517.25,13103
12/06/2006,516.5,517.25,492.5,495.5,48946
12/07/2006,495.5,498.5,487.5,495.75,34579
12/08/2006,496.5,496.75,484.25,485.75,29605
12/11/2006,486,492.75,480.75,490,28956
12/12/2006,490.25,493.5,481,482,21422
12/13/2006,482.5,491.5,478.5,488.5,28283
12/14/2006,489,496.25,486.25,491.5,26261
12/15/2006,491.75,495,486,494.25,18950
12/18/2006,494.5,494.75,481.5,487.5,23729
12/19/2006,487.5,494.5,482.25,492,22460
12/20/2006,492.75,495,486,493.75,19049
12/21/2006,494,504.5,493,503.25,32293
12/22/2006,504.25,515,502.25,514,27484
12/26/2006,516,521.5,513,516.75,19574
12/27/2006,515.75,518,506,507,18021
12/28/2006,507.5,512,502.5,504.25,18163
12/29/2006,504,506.75,494.5,501,23922
01/02/2007,498,501,490.25,501,1858
01/03/2007,493,493.75,476,476.5,56486
01/04/2007,478,480,464.5,467.5,43402
01/05/2007,469,471,462,470.25,32297
01/08/2007,470,471.25,455.5,464,36274
01/09/2007,461,464,452,453,40678
01/10/2007,453,457.5,447.5,449.5,51174
01/11/2007,450.5,464.5,450.5,456.5,43313
01/12/2007,458.75,486.5,457.25,479.5,50709
01/16/2007,480,484.5,463,464,56828
01/17/2007,463.75,480,462.5,477,39389
01/18/2007,477,485,466.75,471,37868
01/19/2007,471,473,464.5,467,27001
01/22/2007,466,470.5,463.5,465,28894
01/23/2007,466,481,465.5,480.25,36610
01/24/2007,481.5,482.5,463.5,466,45548
01/25/2007,468.25,472.5,461,468.75,31859
01/26/2007,468.75,470.5,462,463.5,21482
01/29/2007,465,466.25,455.5,456.5,24713
01/30/2007,457.5,461.25,453.5,459.5,28243
01/31/2007,460.5,470,459.5,467.5,57571
02/01/2007,467.5,472,459.5,460.25,32573
02/02/2007,459.5,464.5,455.75,461.25,19952
02/05/2007,462.75,466,458,458.5,19790
02/06/2007,458.5,460.5,450,451,35605
02/07/2007,452.5,455.5,449,452,62108
02/08/2007,452.75,460,451.5,457,47616
02/09/2007,459,470.5,457,460.25,54187
02/12/2007,462.5,464,454,455.75,43114
02/13/2007,456,461.25,455,459,43125
02/14/2007,461,461.25,448,451,33672
02/15/2007,452,456,447.75,453.25,22010
02/16/2007,453.5,470.5,451.5,468,31937
02/20/2007,481.25,483,476,478,29878
02/21/2007,478,493,476,490.5,45863
02/22/2007,491,504,489.75,502,53642
02/23/2007,502,503.5,497.5,498.5,34641
02/26/2007,498.75,509,495.5,496,41445
02/27/2007,495.5,496.75,468,483.5,62449
02/28/2007,477.75,489,477.75,488,45921
03/01/2007,488,491.25,469,479,53585
03/02/2007,477.5,484.75,472,473.75,31687
03/05/2007,472,482,463.5,480.75,36889
03/06/2007,480.75,483.75,472,473,23905
03/07/2007,472.25,479.75,471.25,478,24284
03/08/2007,479.5,483.25,474.25,475.5,20719
03/09/2007,476.25,482,472,476.5,24626
03/12/2007,478,480.25,469.5,470.75,23913
03/13/2007,471,473,465,466.5,31198
03/14/2007,467.5,468.75,456,463.25,43434
03/15/2007,463.75,468,455,455.5,36276
03/16/2007,455,466.5,452,460.75,32812
03/19/2007,462.5,465,452,455,35544
03/20/2007,456,464,453.5,462.75,27505
03/21/2007,465,469.75,460,465.5,25278
03/22/2007,466,469.5,460.5,467,19093
03/23/2007,468,468.75,460.75,461.5,18373
03/26/2007,462,466,451.25,458,21818
03/27/2007,458,459.75,451.25,454,26119
03/28/2007,455.5,459,452,456.5,21029
03/29/2007,457.5,469,455,461,27547
03/30/2007,461.25,466,431,438,64965
04/02/2007,433.75,438,412,428,75068
04/03/2007,428,431.75,418,419,41429
04/04/2007,420.5,437.25,420.5,431.25,39162
04/05/2007,433.5,450,432,445,34939
04/06/2007,445,445,445,445,114
04/09/2007,455,475,441.75,447.5,69701
04/10/2007,448.25,464,448,457.75,54026
04/11/2007,459.5,464.25,455.5,456.25,61759
04/12/2007,455.5,463,448.75,458,55157
04/13/2007,461.75,485.5,459.75,478.5,73272
04/16/2007,475.75,480,471.5,475.25,23841
04/17/2007,482.25,489.75,474.5,477.5,28568
04/18/2007,475,485,474,474.5,15372
04/19/2007,489,508.5,487.25,507.75,52658
04/20/2007,509,525,503,514.75,50071
04/23/2007,511.75,517.5,503.5,505.5,28664
04/24/2007,506.5,506.5,493,497.5,27284
04/25/2007,499.25,527.5,498.75,520.5,46888
04/26/2007,523.25,533.75,517.5,521,39133
04/27/2007,519.5,520.25,506.25,512.5,29739
04/30/2007,503.25,513,495.5,495.5,34092
05/01/2007,500,502.75,482.25,501,38156
05/02/2007,504,504.5,490.75,493.5,27108
05/03/2007,493.5,500.75,488.5,494.5,29025
05/04/2007,493,496.25,488.75,494.75,20449
05/07/2007,502,502,486,494,26949
05/08/2007,488.5,490.75,479.25,481,31367
05/09/2007,481,485.75,480,482,19986
05/10/2007,482,485.25,477.5,481.5,24235
05/11/2007,481.5,498.5,478.75,493,32662
05/14/2007,490,503.5,488.5,496.5,22512
05/15/2007,494.25,507.5,488.25,502,26310
05/16/2007,502.75,504.25,495,496.75,18396
05/17/2007,496.75,498.75,483.25,485.5,22656
05/18/2007,486.5,490.25,470.75,471.25,25313
05/21/2007,471.25,480.75,468.5,479.5,23270
05/22/2007,478,478.25,468.25,471,21306
05/23/2007,471.25,478.75,471,476.5,13233
05/24/2007,476.75,493.25,475.75,491,26366
05/25/2007,492,502.5,489.25,501,18984
05/29/2007,499.25,502.5,488.5,491,27560
05/30/2007,492.25,512.75,490.5,510.75,31655
05/31/2007,511,523.75,507.75,517,38197
06/01/2007,517.5,530.25,515.25,520.75,40226
06/04/2007,519.75,530.75,519,520.25,30437
06/05/2007,521.5,535.75,520.25,527.25,40572
06/06/2007,527.75,531.5,515.75,519.75,29194
06/07/2007,519,528.75,514.5,524.5,34157
06/08/2007,524.25,530.75,516.25,527.5,32577
06/11/2007,535.25,557.5,533.5,556,47832
06/12/2007,554.75,576,552.75,565,54324
06/13/2007,565.5,595,560.5,589.5,52514
06/14/2007,590.75,619.25,589.25,606.5,68004
06/15/2007,605.25,612.75,603,606.5,34638
06/18/2007,608,611.5,595.75,601,25911
06/19/2007,617,617.5,593.5,597,33051
06/20/2007,598.75,627,597,616,36798
06/21/2007,620.25,634,608,622,32362
06/22/2007,621,623.25,601.5,605,26735
06/25/2007,604.5,611.5,600,604.5,26078
06/26/2007,605.25,634,600.5,626,38127
06/27/2007,624.25,640.25,612.75,621.5,44659
06/28/2007,620,631.75,618.5,623.75,29488
06/29/2007,624.25,650,594.75,597,49010
07/02/2007,601,609.25,578.25,583.25,38984
07/03/2007,584.25,588.5,575.25,583,31294
07/05/2007,586.25,609,586,604,25491
07/06/2007,601.75,613.25,600.5,610,20999
07/09/2007,611.5,614.25,598.5,599.5,24098
07/10/2007,599.5,610.5,598.75,601.75,27554
07/11/2007,602.25,624,601.25,622,36879
07/12/2007,621.75,628,611.75,621.5,33756
07/13/2007,621,623.75,615.75,620.75,20268
07/16/2007,611.75,614.5,599.5,601.75,30539
07/17/2007,602.25,619,600.5,601.25,44374
07/18/2007,603,627.5,599.25,623.5,34158
07/19/2007,624.25,638.5,616,620,47495
07/20/2007,619.75,630.25,613.25,616.25,24598
07/23/2007,616.25,622.5,611,620.25,31867
07/24/2007,622.75,648,622,642,36063
07/25/2007,640.5,643.25,630.25,634,24596
07/26/2007,635,664,634,651,63702
07/27/2007,651,656.5,643.5,653.25,28608
07/30/2007,654.5,655.25,632,637.5,29358
07/31/2007,639,640.5,626,630,33476
08/01/2007,630.25,637.25,620,636,34276
08/02/2007,638,651.75,638,641.75,32048
08/03/2007,643.5,651.25,643.5,650,15480
08/06/2007,647,665.75,641.25,664,47983
08/07/2007,664.5,670.75,658.25,662.5,42035
08/08/2007,661.5,681.75,661,679,37564
08/09/2007,678.5,696.5,673.5,673.5,49367
08/10/2007,672,680.5,661.75,667,44877
08/13/2007,673,677,660.25,666.5,38738
08/14/2007,669.25,693.5,667.25,692.5,33095
08/15/2007,692,702.75,678,678.5,26644
08/16/2007,678.5,682.75,654.75,673,19925
08/17/2007,691.5,693.25,675.75,688.5,23691
08/20/2007,685,691.5,678,691,27103
08/21/2007,689.5,708,689,704,36802
08/22/2007,705.25,734,701.25,731.75,55972
08/23/2007,733,747.5,724.25,739,30656
08/24/2007,740.25,743.5,733.5,742,24788
08/27/2007,738.75,744.75,734.5,738,30261
08/28/2007,737.75,753.75,734.25,738.25,36896
08/29/2007,736.75,760.5,731.5,758.5,39977
08/30/2007,760.75,788.5,759.5,784.5,56505
08/31/2007,784.75,807.75,774.25,775.5,43550
09/04/2007,797,805.5,794,805.5,12887
09/05/2007,817,835.5,815.5,835.5,42917
09/06/2007,848,849,814.25,824,54192
09/07/2007,824,848,815.5,843.5,38114
09/10/2007,849.5,872.5,849.5,861,37497
09/11/2007,862,891,856.25,890.5,36530
09/12/2007,893.75,911.25,860.5,860.5,66068
09/13/2007,853.25,868,830.75,845,60969
09/14/2007,845.5,859,828,846,41618
09/17/2007,854.5,876,853.75,875,38929
09/18/2007,876.5,898,865.25,869,43201
09/19/2007,870.75,875.75,839,845,38003
09/20/2007,845.5,862.5,839.5,850,41479
09/21/2007,850.25,879.75,850.25,874,36210
09/24/2007,876,896.25,870.5,877.75,34257
09/25/2007,879.5,905,872.75,887.25,43089
09/26/2007,887.25,917.25,885,917.25,46091
09/27/2007,929.25,946.75,925.5,933,46737
09/28/2007,933,961.5,921.75,939,49470
10/01/2007,953.25,958.5,941.75,952.5,33762
10/02/2007,955,959,922.5,922.5,27342
10/03/2007,913.5,944,892.5,927,63924
10/04/2007,939,948,904.25,906,52448
10/05/2007,907.25,912.25,888,890,41717
10/08/2007,886.5,889,860,860,20495
10/09/2007,845.75,876.25,835,845.5,59866
10/10/2007,845,858.5,841,853,41844
10/11/2007,853,883,852,883,34455
10/12/2007,886,890,853,857.5,45819
10/15/2007,856,863,827.5,833.5,42938
10/16/2007,832,836,815.5,828.5,43414
10/17/2007,830.75,837.5,818.25,820.5,36083
10/18/2007,824,831.75,818.5,825.5,29559
10/19/2007,827,855.5,824.25,855.5,38799
10/22/2007,855.25,874.25,837.25,871,38122
10/23/2007,873.25,878,841,841,45106
10/24/2007,838,840.5,811,811,31782
10/25/2007,804.25,814.75,790.25,802,41556
10/26/2007,799.75,810,795.5,800,27166
10/29/2007,800,830,798.5,828.5,36410
10/30/2007,828.5,829,808.75,814,45067
10/31/2007,812.75,823.25,804,808,36813
11/01/2007,811,825,778,778.25,56769
11/02/2007,778.5,786.5,774.5,778.5,40844
11/05/2007,778,792.5,773,785,34815
11/06/2007,787.25,804,786.25,797,32875
11/07/2007,799,811,786.25,787.75,42671
11/08/2007,787.25,791.5,761.75,762,44058
11/09/2007,762.5,765.5,744.75,762,49684
11/12/2007,762.5,770.5,748.5,761,44183
11/13/2007,761,765,745.75,748,43481
11/14/2007,748,759.25,740.75,752.5,35156
11/15/2007,754,773.25,753.75,765.5,40901
11/16/2007,767.75,770,745.75,749.5,35556
11/19/2007,772,784,771,778,33309
11/20/2007,778,797,769.75,796,45116
11/21/2007,795.5,826,794,826,53980
11/23/2007,833,856,826.25,845.5,42545
11/26/2007,846.25,862,831,834,54605
11/27/2007,834.25,853,826.75,851.75,52521
11/28/2007,853.25,881.75,842,881.75,62896
11/29/2007,885.25,911.5,879.5,888.25,81383
11/30/2007,885.75,911.75,867.5,885.5,61852
12/03/2007,880.5,889.5,866,876.75,40457
12/04/2007,882.25,896,875,894,41635
12/05/2007,895,901.5,872,885,40327
12/06/2007,883.75,898,875,891.5,39955
12/07/2007,892.5,921.5,890,921.5,41664
12/10/2007,927,949.25,925,929.5,52959
12/11/2007,929.75,937.25,909,910.5,43829
12/12/2007,908.75,940.5,904.25,940.5,45252
12/13/2007,949.25,970.5,927,953.5,66245
12/14/2007,956.75,981.75,940,979.5,56051
12/17/2007,984,1009.5,965,966,72983
12/18/2007,969.25,977,945.5,952,43207
12/19/2007,954.5,979,947,973.5,30845
12/20/2007,977,983,950,954,35847
12/21/2007,954.75,960,938.25,949,25430
12/24/2007,944,947,928,935.25,18549
12/26/2007,939,952.5,934,941.25,17256
12/27/2007,940.75,946,912.5,915,26092
12/28/2007,914,920.25,885,885,35240
12/31/2007,883,900,877.25,885,24563
01/02/2008,892.5,915,888.25,915,23846
01/03/2008,920,945,919,945,39187
01/04/2008,947,958,916.25,931.5,49604
01/07/2008,926.75,934,901.5,903,42067
01/08/2008,903.75,930,895.5,907.5,58194
01/09/2008,912.25,916.5,888,889.5,50866
01/10/2008,887,907,878.5,882.5,61560
01/11/2008,890,912.5,885,909.25,10212
01/14/2008,912.5,939.25,902.75,917,6344
01/15/2008,914,944,901,932,4599
01/16/2008,931.75,942.75,902,926.5,5134
01/17/2008,928.5,956.5,927.25,940.5,3859
01/18/2008,940.25,967.5,923.5,962.5,39898
01/22/2008,949.75,986.5,932.5,934,149484
01/23/2008,935,951.75,904,905,118665
01/24/2008,914.75,929.5,902,909,115602
01/25/2008,912,938.5,903.25,933,44034
01/28/2008,939.75,963,933,963,90833
01/29/2008,974.5,993,939.25,944,145442
01/30/2008,948.25,950.5,920,922.5,91875
01/31/2008,923,942.25,909,929.5,98453
02/01/2008,934,957.25,933,943,57817
02/04/2008,948.5,973,948,973,80111
02/05/2008,977.75,1003,972.25,1003,104004
02/06/2008,1017.5,1033,1016,1033,101271
02/07/2008,1060,1063,1034,1063,144273
02/08/2008,1079,1093,1079,1093,36204
02/11/2008,1153,1153,1040,1048,253694
02/12/2008,1048,1064.25,989,1007,155163
02/13/2008,1005.25,1014.75,980,991.5,141410
02/14/2008,1009.5,1045,1002.75,1032,148628
02/15/2008,1039.25,1050.5,1011,1027.5,71049
02/19/2008,1026.75,1060.25,1018,1036,88888
02/20/2008,1051.25,1053,1021.25,1033.5,86314
02/21/2008,1035,1048,1021.5,1045.5,69834
02/22/2008,1050.5,1067,1029.25,1064.5,76717
02/25/2008,1069.75,1124.5,1069,1124.5,62751
02/26/2008,1214.5,1214.5,1120,1214.5,121984
02/27/2008,1250.5,1349.5,1079.5,1250,296534
02/28/2008,1247.5,1273,1150,1165,109371
02/29/2008,1172.75,1179.75,1080,1086,98522
03/03/2008,1085.5,1146,1080.5,1102.5,78838
03/04/2008,1104.75,1128.5,1052,1087.5,72610
03/05/2008,1096.5,1137.5,1079.5,1105,70926
03/06/2008,1109,1140.25,1093.25,1125,67846
03/07/2008,1129,1135,1091,1105,54914
03/10/2008,1098,1165,1080.75,1163,77684
03/11/2008,1170,1223,1147.75,1223,65128
03/12/2008,1239.75,1313,1191,1282.5,105136
03/13/2008,1276.75,1318,1238.5,1244,76940
03/14/2008,1239.5,1249.75,1155,1191.5,76360
03/17/2008,1184.25,1222,1131.5,1131.5,63180
03/18/2008,1130,1170,1119.75,1164,54334
03/19/2008,1164.5,1170,1074,1074,63850
03/20/2008,1077.75,1094,976,987.5,126514
03/24/2008,987.5,1062.25,987.5,1020,67174
03/25/2008,1026.75,1118.75,1015,1067.5,79926
03/26/2008,1084,1091.25,1030,1033,72862
03/27/2008,1039,1052,1000,1014,55020
03/28/2008,1012.5,1022,967.75,989,57608
03/31/2008,998,1015,929,929,57064
04/01/2008,929,932.75,890,895,103436
04/02/2008,900.25,940,898,936.5,79044
04/03/2008,941,955,928.25,937,50928
04/04/2008,940.25,985.5,929,974.25,72054
04/07/2008,974.25,980.5,914.25,921.25,88422
04/08/2008,923.5,944.25,910,934,117918
04/09/2008,939,961,895,934,122496
04/10/2008,937.75,952,918.75,923,74578
04/11/2008,925,935.5,885,896.5,107798
04/14/2008,898,915,878,896,61324
04/15/2008,897,927.75,893.5,895.75,53486
04/16/2008,898.25,925.5,892.5,924.5,29822
04/17/2008,939.25,959.75,914.75,928,29744
04/18/2008,927,933.5,877.25,885,38509
04/21/2008,886,888.75,841,859.5,44567
04/22/2008,863,875,845,866,32081
04/23/2008,866.25,867.75,822,831.5,36919
04/24/2008,829,837,815.25,824,29250
04/25/2008,824.5,837.25,815,815.5,30747
04/28/2008,818.5,841.25,814.75,841,31911
04/29/2008,841.25,846,801.75,808.5,43032
04/30/2008,808,814,797.25,801,42640
05/01/2008,805.75,809,776.5,790,38745
05/02/2008,793,812.5,790,809,27505
05/05/2008,812,831.5,790,805.5,27035
05/06/2008,805,836.5,799.5,818,38276
05/07/2008,819,827.25,803,807.5,27943
05/08/2008,810.25,844,804,822,39998
05/09/2008,822,843,790.5,804.5,38620
05/12/2008,800,811.75,795,805.5,21340
05/13/2008,805.5,809.5,790.25,795.75,24437
05/14/2008,795.5,799,764,764,37353
05/15/2008,764.75,775.5,748.25,771.5,43626
05/16/2008,770.5,784,765.75,775.5,22353
05/19/2008,776.5,807.25,771.25,791,41163
05/20/2008,796,809.5,783,784,33432
05/21/2008,782,794.5,775,778,36152
05/22/2008,778,788,743,745,60066
05/23/2008,746.75,759.5,740.5,752.5,32763
05/27/2008,754.25,767.75,752.5,759,23734
05/28/2008,756.75,766.5,743.5,759,30302
05/29/2008,759.75,762.5,730.75,743.5,40036
05/30/2008,743.5,765,739.75,761.5,42560
06/02/2008,759.5,798.25,759.5,782.5,60732
06/03/2008,780,782.5,745.75,750.5,65896
06/04/2008,752,764.75,747,753,54902
06/05/2008,755.5,786.25,753.5,785.5,45432
06/06/2008,785,829.75,783.25,811,68857
06/09/2008,822,838,786.5,788.5,67880
06/10/2008,794,812.5,786.5,809,70599
06/11/2008,810.25,869,804.5,869,48017
06/12/2008,883,883,837.75,851,94244
06/13/2008,851,893,838,882,66901
06/16/2008,895.25,913.75,874.25,876.5,52267
06/17/2008,873.5,901.5,869,898.25,42895
06/18/2008,914.75,931,903,922,39578
06/19/2008,921.5,927.75,892.5,898.75,42884
06/20/2008,899,911.75,880.75,884.25,42200
06/23/2008,881,891.75,860,884.25,70200
06/24/2008,885,901.25,877.75,888,61640
06/25/2008,887,929.75,884.25,920.25,97136
06/26/2008,918,971.75,917,942.75,108826
06/27/2008,942.75,958,904.5,912,101070
06/30/2008,911,921.5,854,858.75,117758
07/01/2008,857,877,854.25,864.75,96712
07/02/2008,864.75,885.25,856.75,880.25,73972
07/03/2008,881,893,870,887.5,68470
07/07/2008,880,880,827.5,836,79016
07/08/2008,833.75,846,812.75,836.5,103280
07/09/2008,837,844,821.25,825.75,61842
07/10/2008,827.75,833,813,818,62066
07/11/2008,818,846,812,830.75,67640
07/14/2008,830,830,815,818,46020
07/15/2008,818,828.5,805,811,63402
07/16/2008,809.5,839,796.5,834,84304
07/17/2008,833,842,807,809.5,88118
07/18/2008,808.25,822,798.25,804,37060
07/21/2008,797.75,803,786.25,791,30732
07/22/2008,792.25,802.5,787,796.75,33848
07/23/2008,796.75,801,775,783.25,36081
07/24/2008,781,795,777.5,787.75,27383
07/25/2008,790,822.75,781.75,811,33800
07/28/2008,814.25,832,795,797.75,34235
07/29/2008,798.5,801.25,777.75,792,33142
07/30/2008,794.5,799,782.25,787.75,26321
07/31/2008,788.5,798.5,782,783.75,34638
08/01/2008,784.5,810.25,782,794,50820
08/04/2008,794,798.25,752,758.75,52230
08/05/2008,758,806.75,746,780,72316
08/06/2008,780,790,751,765.75,47456
08/07/2008,765.5,825.75,764.75,822.25,69560
08/08/2008,823,823.5,762.5,765.25,64065
08/11/2008,763,814,761.75,793.75,66081
08/12/2008,795.5,800,776.25,790.25,50628
08/13/2008,790,850.25,790,850.25,57707
08/14/2008,851,888,834.75,864.5,74921
08/15/2008,862.5,863.75,815.5,824.25,42925
08/18/2008,823,875,823,859.75,30324
08/19/2008,880.75,898,866,870.25,47772
08/20/2008,869,903,867.5,899.5,49546
08/21/2008,899.75,959.5,894.75,922.25,58381
08/22/2008,919,920,887,890.5,45092
08/25/2008,898.75,910,863,864.75,48219
08/26/2008,865.25,869.25,835,854.5,58394
08/27/2008,854.5,865,820,825.75,64314
08/28/2008,827.5,830.5,801,811,59784
08/29/2008,811,819.75,798,801.25,57306
09/02/2008,792,792.75,756.25,766.75,70831
09/03/2008,768.5,781,758.25,774.75,53285
09/04/2008,778.5,785.5,770,777,35454
09/05/2008,776,776,743.75,751.5,46356
09/08/2008,755,792.5,741,743.75,37462
09/09/2008,742.75,744.75,719,730.5,50258
09/10/2008,727.75,740,716,725.75,37049
09/11/2008,724.5,734.25,714,726.25,38388
09/12/2008,728.25,743.75,715,719.25,52550
09/15/2008,728,740,702,727,46012
09/16/2008,725,732,686,690,58147
09/17/2008,693.25,730,686,725.75,59169
09/18/2008,728,736.25,688.75,692.75,51317
09/19/2008,699,722.5,690.75,718,36389
09/22/2008,721.75,757.75,715,737.75,44321
09/23/2008,738,755,725.75,750.5,35875
09/24/2008,750.25,760,723.25,730.25,36277
09/25/2008,731,741,720,736.25,29255
09/26/2008,731,735.5,714.75,716,25563
09/29/2008,711,715.75,666,668,36417
09/30/2008,668,689.5,662.5,680,45368
10/01/2008,683.25,690.25,666,669.75,31595
10/02/2008,669.75,677.75,630,636,37368
10/03/2008,636.75,654.25,631.25,640.25,28238
10/06/2008,631.75,633.25,588,595.25,46054
10/07/2008,598.5,616,594,603.25,35000
10/08/2008,604.25,619.5,586.25,608,29559
10/09/2008,609.75,621.5,600,604.75,29150
10/10/2008,586.25,591.75,557.75,563.5,40565
10/13/2008,571,595,565.25,588.5,27602
10/14/2008,597,609.5,570,573,28670
10/15/2008,573.25,579.75,554,555.75,37003
10/16/2008,554.75,561.5,543,555.25,37720
10/17/2008,564.75,571.25,555,566.25,27551
10/20/2008,565,579,554,563.5,32518
10/21/2008,564.5,571.5,546,549,31476
10/22/2008,552.5,553.5,515,517.75,31586
10/23/2008,520.75,538,518.75,523,30620
10/24/2008,534,539.5,496.5,516.25,36308
10/27/2008,525.5,532,502.5,529.5,29849
10/28/2008,528.75,549.5,511.25,514,35321
10/29/2008,527.75,574,517,561.25,53668
10/30/2008,560.5,578.5,530.5,538,44775
10/31/2008,540,545,524,536.25,44911
11/03/2008,538.75,576,532.75,562,50524
11/04/2008,552.75,587.75,547.5,572.5,38266
11/05/2008,571.75,580.25,533.25,537.25,46321
11/06/2008,537.5,539.5,513.5,522.5,46008
11/07/2008,520,529.5,515,521,39729
11/10/2008,528.25,536.25,505.25,520,57147
11/11/2008,519.25,526,505.25,523.25,50998
11/12/2008,522,555,507,533,71626
11/13/2008,535,568.5,521.25,538.25,81298
11/14/2008,550,559.75,529,554.25,51828
11/17/2008,551.5,567,525.5,533.75,43280
11/18/2008,535,548.5,526.75,529.75,32894
11/19/2008,551,560,544.5,546.5,17529
11/20/2008,541,544,520,531,33610
11/21/2008,526.75,533.25,515.25,518,22312
11/24/2008,524.25,578,520.5,556.75,43890
11/25/2008,555,561,547,552.75,35459
11/26/2008,556,564.75,543.5,554,44900
11/28/2008,564,565.25,550,561.25,30296
12/01/2008,561.25,561.75,522,528,46541
12/02/2008,526,538,522,528.5,34789
12/03/2008,529,537,518,519.75,34113
12/04/2008,521.25,521.75,485,486,45722
12/05/2008,486.25,486.5,471,475.5,50405
12/08/2008,481,500.5,478.75,490.5,31164
12/09/2008,491.5,501,486.25,489.5,21789
12/10/2008,488.75,511.75,488,509.5,35223
12/11/2008,508.25,517,501.75,507.5,30668
12/12/2008,507.5,532.5,489,513,40919
12/15/2008,516.5,535,516,520,24895
12/16/2008,519.25,552,515,544,33129
12/17/2008,552.75,561,540.5,557.5,37426
12/18/2008,556.5,575.5,553.5,571.5,32653
12/19/2008,570,570,558,563.25,19368
12/22/2008,565.5,570.25,557.5,569,13273
12/23/2008,568.75,581,553,575.25,21738
12/24/2008,575.25,585.25,572.5,582.25,8868
12/26/2008,582,602.5,580,599.25,10380
12/29/2008,599.25,616,588.25,592,22156
12/30/2008,590.25,607,584.75,604.75,20379
12/31/2008,603.5,615,592,610.75,23338
01/02/2009,606.25,615,592,611,23818
01/05/2009,613,619.5,596.25,616.75,24454
01/06/2009,615,645,611.5,643.5,43517
01/07/2009,641.5,646.25,609.5,613.25,38683
01/08/2009,610.25,620.75,598,612.5,33950
01/09/2009,613.75,632,612.5,629.5,32554
01/12/2009,629.75,637.5,569.5,569.75,40154
01/13/2009,567,590,561,570.75,35207
01/14/2009,574.75,581.25,560.5,574.25,30125
01/15/2009,573,577,562.75,568.75,25267
01/16/2009,568.25,585,568,578.25,25139
01/20/2009,579,588.75,548.25,550,38543
01/21/2009,553,573,551.75,571.75,31129
01/22/2009,572,580.5,558,566.75,21363
01/23/2009,566.5,598.75,557,582.75,56308
01/26/2009,583.75,611,581.75,592.5,36588
01/27/2009,594,601,580,584.75,25894
01/28/2009,584.25,600.75,580.5,595.25,25390
01/29/2009,595,596.5,573,578,35761
01/30/2009,579,586.75,566.25,568,32174
02/02/2009,568,571,551.75,563.75,32636
02/03/2009,561.75,569.5,551,552.5,22780
02/04/2009,553.25,562,538.75,542.25,53934
02/05/2009,542.25,567.5,541.5,561.75,36542
02/06/2009,562,570.5,554,557,47783
02/09/2009,560.25,577,556.25,565,43438
02/10/2009,563,566,543.5,556,47185
02/11/2009,553,556.5,542,543.25,42456
02/12/2009,544.25,552.25,536,538.75,38748
02/13/2009,539.25,545.5,534.5,535.5,29319
02/17/2009,536,537.25,513,515.5,50170
02/18/2009,516.25,518.25,510,510.75,30339
02/19/2009,522,535,522,531,40890
02/20/2009,532,535.25,515,530.5,34350
02/23/2009,535,539.25,520,521.5,37123
02/24/2009,520.25,528,516,526.25,29074
02/25/2009,526.75,540,520.5,535.75,31551
02/26/2009,537.25,544.75,522.75,525,38727
02/27/2009,525,528.5,517,521.5,42343
03/02/2009,518,529,502.75,506,37653
03/03/2009,506.75,513,498.5,501.75,30880
03/04/2009,502,526,501.5,523,32974
03/05/2009,524,528,511.75,515,26574
03/06/2009,514,533,512,527,31828
03/09/2009,531.75,539.75,520,523.25,27707
03/10/2009,525,539,522.25,532.75,27469
03/11/2009,536.5,537.25,506,508.25,31255
03/12/2009,509.75,526.5,508.5,525,41407
03/13/2009,524.25,527.75,515.5,518.25,22572
03/16/2009,514.25,546.5,511.5,544.25,52326
03/17/2009,540.25,554.75,536.75,552.5,41956
03/18/2009,554,559,528.25,530,39580
03/19/2009,540.5,559.5,537.75,555.25,33365
03/20/2009,556.25,561,541,550.25,27808
03/23/2009,552,563,545,549.25,28741
03/24/2009,551.75,552.75,530.25,535,33870
03/25/2009,536,536,506.75,508,47773
03/26/2009,510,518,507.25,514.5,22785
03/27/2009,514,517.5,503,507.25,21390
03/30/2009,509,516,501,512.5,25890
03/31/2009,513.75,534,508,532.75,45379
04/01/2009,527.75,531.25,515.75,525.5,52522
04/02/2009,525.5,552,523.5,550.5,58003
04/03/2009,551,565,546,563.5,43757
04/06/2009,566,572.75,553,557,31577
04/07/2009,557,564.5,538.75,539.75,52496
04/08/2009,540,544.75,531,532,46945
04/09/2009,532.5,543.5,521,522,57742
04/13/2009,522,530.5,515.25,523.25,41375
04/14/2009,524,533.25,518.25,522.25,46970
04/15/2009,523,530,514.75,515.25,37558
04/16/2009,516,527.5,513.5,524.75,29717
04/17/2009,526.75,531.75,520,523,21912
04/20/2009,534,536.75,512.5,516.25,40448
04/21/2009,516.5,528,515,520.75,34013
04/22/2009,521,529.25,520.25,528,28077
04/23/2009,528,544.25,523.5,540.75,48785
04/24/2009,540.25,545,536,543.25,34468
04/27/2009,543,550.5,518,519.5,58910
04/28/2009,520.5,530,518.25,522,35974
04/29/2009,522,535,518.5,532,46497
04/30/2009,531,544.75,529.5,536.5,64487
05/01/2009,537,574,536.5,570,79060
05/04/2009,564,571.25,546.5,551,43372
05/05/2009,551,563,550.25,553.5,37787
05/06/2009,552.5,561.75,548,558.75,30481
05/07/2009,559,579.5,555.5,570.25,60650
05/08/2009,567.75,592,565.5,591,55441
05/11/2009,590.5,595.75,582.75,590.75,1678
05/12/2009,591,597.5,579.25,592.75,43656
05/13/2009,591.5,602.25,583.75,588.75,38973
05/14/2009,587,595.5,580,593.25,34230
05/15/2009,592,595.25,575,577.5,32412
05/18/2009,572,600,563.25,590.5,50770
05/19/2009,589.25,596.25,584,588.75,34244
05/20/2009,587.75,604.75,585.75,597.75,37985
05/21/2009,597.25,601.5,584.5,593.5,35755
05/22/2009,593,618,593,612.5,46178
05/26/2009,609.25,619.75,602.5,612,31804
05/27/2009,612.75,629,610,625.75,39998
05/28/2009,623.75,646.25,618,630.5,51775
05/29/2009,630.25,644.5,625,637.25,45983
06/01/2009,636.75,677,636,674.5,65787
06/02/2009,672,673.25,658.25,669.5,65951
06/03/2009,667.25,668.5,614.5,617.5,92739
06/04/2009,618.25,642.75,614.25,635.25,62655
06/05/2009,639.25,639.5,621,623,62365
06/08/2009,623.25,625,595.75,598,68325
06/09/2009,598.25,617.5,597.25,613.75,61482
06/10/2009,613.5,617.25,592,596,64856
06/11/2009,596.5,607.5,589,594.75,48998
06/12/2009,592,598,577,584.75,38835
06/15/2009,587,587.25,568,575.25,38797
06/16/2009,576.75,583.5,564.75,565.75,37563
06/17/2009,593.25,601,584,594.75,43343
06/18/2009,595,599.25,584.75,589.25,18138
06/19/2009,591,596.75,581.25,584.5,17498
06/22/2009,584.25,584.5,571,575,24562
06/23/2009,575.75,581.25,570,575.75,41541
06/24/2009,575.25,581.25,565,567.75,53976
06/25/2009,566.25,569.5,555.75,561.5,29685
06/26/2009,561,566.75,559,563,25303
06/29/2009,562,568.25,554,557.75,61132
06/30/2009,558,566,525,540.75,62920
07/01/2009,541.75,549.75,529.75,535.5,47524
07/02/2009,536,542,527.25,529,33364
07/06/2009,529.25,530.75,517.5,519.25,30070
07/07/2009,519.25,527.25,512,512.5,45930
07/08/2009,513.25,523.25,512.5,517.25,36233
07/09/2009,520,532,519,522.25,39559
07/10/2009,522.25,523.75,514.25,518.75,35985
07/13/2009,520,544.75,517,542.75,48424
07/14/2009,542.25,544.5,525.5,530,35375
07/15/2009,530,549,527.75,534.75,37769
07/16/2009,534,549,528,533.25,35036
07/17/2009,533,547.5,528,541.75,28086
07/20/2009,541.75,553.75,531.75,542.25,31287
07/21/2009,542.25,544.25,530.25,534.75,27603
07/22/2009,531,532.5,513.25,522,49286
07/23/2009,522.75,538.75,520,531.75,36572
07/24/2009,531,535.5,515.5,516.25,27659
07/27/2009,516.25,523.75,512,520.5,22261
07/28/2009,520,528,514.5,516.25,29740
07/29/2009,514.75,518,505,511.5,26669
07/30/2009,512,527.25,511.75,516.25,37819
07/31/2009,516,530,514.75,528.25,32936
08/03/2009,531.75,557.5,529.25,549.25,89009
08/04/2009,548.75,551,538.25,542.25,39671
08/05/2009,542,546.75,522.25,528.75,49325
08/06/2009,529.25,530,499,500.25,46686
08/07/2009,501,505,488,489.5,76899
08/10/2009,488,501.5,485.25,494.25,65231
08/11/2009,494.25,499.75,483.5,485.25,50428
08/12/2009,485.75,491,476.25,490.25,42711
08/13/2009,487,496.5,480.25,481.5,43190
08/14/2009,482.25,486.5,473.75,481.75,30316
08/17/2009,481.25,481.25,465.25,471.75,27468
08/18/2009,470.25,476.75,468.5,470.5,20916
08/19/2009,501,508,485.5,493.5,48125
08/20/2009,494.75,498.75,489.5,496.5,21113
08/21/2009,496.5,503,485.75,487.25,38622
08/24/2009,489.25,500,486,499.25,45718
08/25/2009,497.75,516.5,494,498.75,48575
08/26/2009,499,509.5,497,506.75,35942
08/27/2009,506.5,510.5,492,503,37014
08/28/2009,503.25,509.5,487.5,495.25,46927
08/31/2009,494.75,502,480.75,498.75,50502
09/01/2009,498.25,499.75,482,487.25,39574
09/02/2009,486.25,490,482.75,485.75,26760
09/03/2009,485.5,493.5,475.25,478.75,29721
09/04/2009,478,479.5,471,471.75,24003
09/08/2009,471.25,475.75,457,459,31703
09/09/2009,458,463.75,452.75,456.25,30874
09/10/2009,456.5,462.5,453,458.75,25003
09/11/2009,457.5,468.5,451,467.25,38946
09/14/2009,467,467.25,452,454,25951
09/15/2009,453.25,481.5,450,470.5,51514
09/16/2009,469.5,473.75,456.25,467.25,31700
09/17/2009,467.5,476.75,458,461.75,24999
09/18/2009,461.5,465.25,456.25,457.25,20047
09/21/2009,457,463,452.75,456,26199
09/22/2009,456.25,464.5,452.75,455.75,31349
09/23/2009,455.5,469,451,460,39844
09/24/2009,457.5,474,453,473,46192
09/25/2009,471.75,477.25,448,449.75,60761
09/28/2009,462,462,450.5,455.75,30402
09/29/2009,456,460,441.25,447.5,33411
09/30/2009,447.5,460,439.5,457.5,41782
10/01/2009,452,454,445.5,452.75,25947
10/02/2009,451.5,454,439.25,441.25,27474
10/05/2009,441.25,452,439.25,442.75,29941
10/06/2009,443,471.5,442.75,460.25,46789
10/07/2009,458.75,466,453.75,463.25,26401
10/08/2009,464,483,462.5,474,61625
10/09/2009,473.25,474.25,461,468,38632
10/12/2009,470.25,496.5,469.25,494.25,38270
10/13/2009,492.75,514.5,486,511.25,56272
10/14/2009,511.5,529,505,513,55673
10/15/2009,512.75,513.75,496.25,505,39749
10/16/2009,504.25,511.25,495.5,498.75,25743
10/19/2009,497.25,523,495.75,517.75,41029
10/20/2009,517.75,527,508,517.5,45349
10/21/2009,517.75,548.5,514.5,542.5,55443
10/22/2009,538.25,555.75,533.5,551.75,53245
10/23/2009,551.75,574.75,546.75,547.75,76800
10/26/2009,546.5,559.75,526,527,70143
10/27/2009,526,529.25,501.5,503.25,56270
10/28/2009,503,508.75,491.25,494.75,45955
10/29/2009,496.75,511.25,494.25,503.75,48038
10/30/2009,505,509.25,488,494.25,48361
11/02/2009,490,518.75,487.75,516.75,56540
11/03/2009,516.5,520.75,504.75,515.75,39810
11/04/2009,517,528.25,505,521,47229
11/05/2009,520.75,521.25,510.75,512.25,30257
11/06/2009,511.75,515.25,496.5,497.25,47550
11/09/2009,498,524.25,496.75,520,55787
11/10/2009,518,527,507.5,523,60450
11/11/2009,521.75,540,519.5,531.75,69290
11/12/2009,529,541.75,522,531.75,79147
11/13/2009,531,540.25,527.5,539,35850
11/16/2009,542,564,541,562.25,80556
11/17/2009,562.25,575.5,555.25,574.75,69550
11/18/2009,595.25,605,586,588,44848
11/19/2009,588.25,592.75,567.5,584,32988
11/20/2009,584,593.75,574.5,580.75,25441
11/23/2009,580,600.5,577.5,578.5,41853
11/24/2009,577.5,581,552,553.5,43485
11/25/2009,556,575.25,554.5,571.5,47330
11/27/2009,559,572,552,569.75,30241
11/30/2009,572,590,571.75,588.75,50071
12/01/2009,584.25,598,580,584,50199
12/02/2009,582.75,586.5,570.5,576,32884
12/03/2009,576,582,569.25,571.5,28232
12/04/2009,570,576,555.5,558,35639
12/07/2009,557,562.5,547.5,548,33464
12/08/2009,547,554.25,537,539.75,33306
12/09/2009,539.5,544.5,532.5,535.25,32671
12/10/2009,535.25,544,530,537,33334
12/11/2009,537,544.75,530.25,537.5,27985
12/14/2009,537.5,548,531.5,543.5,30960
12/15/2009,542.75,547,535.5,536.75,33861
12/16/2009,536,544,527.75,537.25,40739
12/17/2009,537.75,539.25,514.25,518.5,45340
12/18/2009,522,529,515,528,36078
12/21/2009,527.25,530,519,519.5,19468
12/22/2009,518.5,525,515.25,523,18945
12/23/2009,523,529.75,518.75,529,14599
12/24/2009,529.25,531.25,520.75,524.5,10723
12/28/2009,524.5,551,522.5,550.75,30953
12/29/2009,550,554.75,540,541,24514
12/30/2009,540,550,540,544.75,19911
12/31/2009,543.75,550,540,541.5,14383
01/04/2010,544.75,561.25,544,557.75,41278
01/05/2010,556.75,561.5,552,553,36720
01/06/2010,552,567.75,551,567.25,38503
01/07/2010,566.5,568,556,557.75,33873
01/08/2010,557.5,570,545.25,568.5,39552
01/11/2010,569,575,563.75,572.5,46168
01/12/2010,570,570.5,520.5,535.75,83837
01/13/2010,534.75,538,519.25,537,60488
01/14/2010,536.75,537.25,525.5,527.75,40114
01/15/2010,525.25,525.75,509.25,510,39941
01/19/2010,511,515.25,496.5,500.5,49469
01/20/2010,501,501.5,485.25,497.5,48241
01/21/2010,497.75,500.5,493,499.5,35457
01/22/2010,500.5,502,491.5,498.5,30415
01/25/2010,500.25,504,496.25,498.25,30539
01/26/2010,497.25,500.5,491.5,494,30418
01/27/2010,493.5,495,483,483.75,42885
01/28/2010,485.75,489.25,482.75,487,35797
01/29/2010,486.5,488.5,473,474,62568
02/01/2010,476,483.75,473,474.75,57026
02/02/2010,474.25,492.5,474.25,487.25,65546
02/03/2010,487.5,494.75,468.25,469,61505
02/04/2010,471,482,466.5,475.75,50470
02/05/2010,475,476.5,467,473.25,55763
02/08/2010,479.5,489,476.25,484,55118
02/09/2010,483,488.5,476.75,482.25,63813
02/10/2010,483.5,503,480.75,496.75,87561
02/11/2010,497.75,501.5,486.5,493.5,54328
02/12/2010,493.5,493.75,480.25,486.5,40776
02/16/2010,490,509,488.25,505,59297
02/17/2010,504.25,504.75,492.5,494.75,42283
02/18/2010,509.75,514,497.25,499.5,27514
02/19/2010,495.25,504.75,492,504,31532
02/22/2010,504,517.75,499,515.25,46266
02/23/2010,513,515.25,504.75,505.75,41943
02/24/2010,505.75,516,503,513.75,44030
02/25/2010,513.5,514.25,501.75,503.75,38866
02/26/2010,503.25,520.25,503,519.25,49119
03/01/2010,520.75,526,496.25,504.5,49552
03/02/2010,505.75,509.75,498.25,504.5,35035
03/03/2010,503.75,517.75,503.75,515.75,33736
03/04/2010,514.75,515.25,499.5,502.25,34897
03/05/2010,503.5,508.5,492.25,493.5,36061
03/08/2010,495.5,498.75,492.75,495,28231
03/09/2010,494.25,494.5,488,489.5,24142
03/10/2010,488.75,492,478,481.5,46307
03/11/2010,480.75,483.25,475.5,478.75,27932
03/12/2010,479.25,486.25,477.25,485.25,24060
03/15/2010,484.75,487,476.75,479.25,20569
03/16/2010,480.25,489,479.5,487,26171
03/17/2010,487.75,498.25,485.25,496,34563
03/18/2010,494.5,494.75,484.5,489.25,34830
03/19/2010,489.25,490.75,482.5,483.75,21371
03/22/2010,484.25,492.75,482.25,486.5,23468
03/23/2010,485.25,489,475.75,476.75,31447
03/24/2010,477,478.75,472,476,24110
03/25/2010,475.5,478.25,464.5,466.5,33361
03/26/2010,466.25,468.75,464,464.75,26997
03/29/2010,465.5,471.25,464,464.75,32286
03/30/2010,464.75,473.75,462.25,472,34897
03/31/2010,472,474.25,450,450.5,58287
04/01/2010,452.5,457.75,449.5,454.75,38234
04/05/2010,456,459.5,447,453.5,20682
04/06/2010,454,470,448.75,463.5,46216
04/07/2010,463.75,479.75,456.5,475.25,55200
04/08/2010,474.25,474.75,467,469.25,48344
04/09/2010,469.5,478.75,462.5,465.75,48279
04/12/2010,469,474.5,466,467.75,79561
04/13/2010,467,476.5,463.5,476,64576
04/14/2010,475.25,482,470.5,474.75,69661
04/15/2010,474.25,482.5,472.5,480.25,41466
04/16/2010,479.75,491.25,476.25,490.5,39879
04/19/2010,489,489,466.75,467.75,35943
04/20/2010,480.25,499.5,480.25,498.5,56058
04/21/2010,499,502.25,493.75,499.75,42981
04/22/2010,498.5,512,492.5,511,44577
04/23/2010,510.25,512,502,505.5,50343
04/26/2010,504,514.75,473.5,488,64370
04/27/2010,488.75,493.5,483.5,490.5,43176
04/28/2010,488,496.5,482.25,488,45539
04/29/2010,487.75,507.5,487.5,495.5,53785
04/30/2010,495,505.25,493.25,503,42547
05/03/2010,503,508,491.5,501.75,39248
05/04/2010,501.5,512,493.25,510.75,48824
05/05/2010,510.25,513.25,502,512,39540
05/06/2010,511.75,514,500.25,508.25,54094
05/07/2010,504.25,517,498.5,510.5,44867
05/10/2010,510.75,514.5,491.5,492.75,51113
05/11/2010,493.5,498.5,489,493.25,35260
05/12/2010,493.25,508.5,490,491.5,49149
05/13/2010,491,493,477.5,479,44535
05/14/2010,479,481.5,470.5,471.5,34507
05/17/2010,471,474.5,466.25,469,32094
05/18/2010,469,473.5,466,467.75,32717
05/19/2010,467.75,472,465.25,469.25,28939
05/20/2010,470.5,472.25,461.25,469.75,42108
05/21/2010,469.5,475,466.5,472,32362
05/24/2010,473.75,476,466,467.5,32240
05/25/2010,465.5,466.75,456.25,460.5,41281
05/26/2010,462.75,472,459,461.75,49496
05/27/2010,460.5,473.5,458,467.75,30745
05/28/2010,468.5,473.5,456.5,457.75,66816
06/01/2010,457.75,461.25,448.75,450.75,47763
06/02/2010,450,454.5,442,442.5,61748
06/03/2010,443.5,448,440.5,441.75,51410
06/04/2010,442.5,444.25,435.25,435.75,54534
06/07/2010,435.25,438.5,431.25,432.25,47975
06/08/2010,432.25,436.5,431.25,432.25,57042
06/09/2010,432.75,436,425.5,428,62604
06/10/2010,428,437.5,426.75,433.25,62662
06/11/2010,433,449,427.5,440.75,92624
06/14/2010,442.75,454.75,441.75,451.5,72669
06/15/2010,451,456.25,445.25,451.75,41286
06/16/2010,451.5,468,451,461.25,70631
06/17/2010,476.75,480.75,469.5,478.5,38687
06/18/2010,478,486,475,477.75,33006
06/21/2010,478.75,485,470.5,477.25,34330
06/22/2010,476,478.75,471,475.75,23373
06/23/2010,474.25,482,473,475.75,38479
06/24/2010,475,483.75,474.5,477.5,40169
06/25/2010,477,479.25,470.25,471,29610
06/28/2010,470.75,470.75,459.5,465,56754
06/29/2010,464.75,464.75,455,457,45364
06/30/2010,456.5,492.75,456.5,480.25,82849
07/01/2010,479.25,504,475.5,499.75,77177
07/02/2010,498.25,508,495,503,53151
07/06/2010,500,526,500,507.5,60458
07/07/2010,504.75,532.25,504.75,530.5,78724
07/08/2010,529,549.25,524.5,548.5,67724
07/09/2010,546.25,546.25,532.5,538,52331
07/12/2010,535,541.75,533.5,535.75,39567
07/13/2010,534,551.75,530.75,549.25,56636
07/14/2010,546,566,545.25,559,59964
07/15/2010,556.75,598.5,555.5,596.25,93931
07/16/2010,595.5,597.75,578.75,587.25,69220
07/19/2010,582.5,597.75,575.25,582.25,51738
07/20/2010,580.5,581,572.75,577,37416
07/21/2010,577,594,574,588.25,48904
07/22/2010,587,610,583.75,596.5,62992
07/23/2010,596,603.75,593.25,596.25,35816
07/26/2010,596.25,596.25,584.5,589.5,30102
07/27/2010,587,604,582.5,595,52862
07/28/2010,593,623.25,592,615.5,61593
07/29/2010,615.25,632,613,627.5,57886
07/30/2010,626.25,663,625.75,661.5,80164
08/02/2010,660,711.25,657,693.25,115906
08/03/2010,692,697.5,674.75,680,66221
08/04/2010,680,732,678.25,725.75,91773
08/05/2010,726.25,785.75,724,785.75,88514
08/06/2010,788.25,841,725.75,725.75,126816
08/09/2010,710.75,738.25,684.5,712.5,131546
08/10/2010,713,718.25,690,694.75,99701
08/11/2010,695,709.5,680.5,694.75,90223
08/12/2010,695,734.5,689,713,78265
08/13/2010,710,724.75,700.25,702.5,40717
08/16/2010,700,709,655.75,663.75,53329
08/17/2010,664.75,676.75,649.75,651,41916
08/18/2010,685,698,677.5,688.75,55408
08/19/2010,689.25,732,689.25,714.25,74884
08/20/2010,718.75,729,703,712,40453
08/23/2010,712,729.75,709.25,725.5,40264
08/24/2010,725,726.25,701.5,707.75,58938
08/25/2010,707,716.25,679.25,680.5,71379
08/26/2010,682,698,682,688.5,48269
08/27/2010,690,705.75,687,695,45576
08/30/2010,699.25,728.75,699.25,704.5,67986
08/31/2010,702,714,683.25,685.75,66970
09/01/2010,688.5,712,685.75,708.75,55511
09/02/2010,708.5,723,706,713.75,42311
09/03/2010,715.25,742,714,741.25,48738
09/07/2010,741.25,748.5,727,735.25,40518
09/08/2010,735.5,735.5,708.5,711,50120
09/09/2010,712.5,743,706,738,50049
09/10/2010,736,744.25,717,736.75,53233
09/13/2010,738,754.5,732.75,745,40685
09/14/2010,748,751,730.5,736,44074
09/15/2010,735.75,744.25,723,726.75,44548
09/16/2010,728.25,737.75,711.5,719.25,45246
09/17/2010,725.5,743,723,739.25,41536
09/20/2010,738.5,757,729,731.75,38596
09/21/2010,728.75,734,716.5,718,36945
09/22/2010,721,732,713.5,719.75,37375
09/23/2010,720.5,722,693,697.25,52999
09/24/2010,701.25,723,697.5,720,51154
09/27/2010,722,731,702,706.5,37631
09/28/2010,705,707.75,684.5,684.75,46561
09/29/2010,685.25,688.25,663.25,683.5,57177
09/30/2010,685.75,686,651,674,75444
10/01/2010,674,678.25,646.5,655,56388
10/04/2010,650,655.75,643.5,647.25,38228
10/05/2010,647.75,667.75,644,663.5,48567
10/06/2010,664.25,673.25,655,658.25,29587
10/07/2010,658,676.25,656.5,659.25,36542
10/08/2010,660.75,719.25,657,719.25,41711
10/11/2010,737.5,739.75,703,709.25,61235
10/12/2010,708.25,719.75,703,710,44605
10/13/2010,712,722.25,695,702.75,50559
10/14/2010,702,712.25,697.5,700.75,40266
10/15/2010,702,713.75,695,704.5,49322
10/18/2010,701.75,709,687.25,690,41689
10/19/2010,691,696.5,668.25,671.5,49092
10/20/2010,673.5,687.75,673.5,683,36051
10/21/2010,683,692.25,667,668.75,33133
10/22/2010,670.25,676,665,670.75,29604
10/25/2010,669.25,686,669,674,35789
10/26/2010,674,699,670.5,692,61650
10/27/2010,694.5,707.5,686.5,702.75,49922
10/28/2010,702.75,721.75,700.5,718.25,60694
10/29/2010,719.75,725,711.25,717.25,57385
11/01/2010,724.5,728,701.25,702.5,59548
11/02/2010,704,712.25,692.5,694.25,58450
11/03/2010,696.5,699.5,680.5,690.25,57253
11/04/2010,695.25,719.5,692.75,713.75,57185
11/05/2010,715.75,731.5,705,728.75,57185
11/08/2010,730,739,721,736.25,66262
11/09/2010,737.5,760.75,717.25,721.75,88653
11/10/2010,721.25,723.5,695,710,68570
11/11/2010,707.25,723,701.75,704,73514
11/12/2010,704.25,710.75,661.25,669.25,101953
11/15/2010,673.5,685,667.5,672.75,58751
11/16/2010,671,674,624.25,626.25,95326
11/17/2010,665.25,686.25,656.25,671.5,56645
11/18/2010,673.5,696.5,673.25,684.5,28015
11/19/2010,689.25,697,676,684,38765
11/22/2010,684,692,678.5,684.5,24660
11/23/2010,686.5,691,673.25,680.75,32554
11/24/2010,683.75,696,681,685.25,27450
11/26/2010,686.75,692.75,683,687.25,30797
11/29/2010,689,701.5,687,690.5,67078
11/30/2010,692.5,698,685.5,690.5,54579
12/01/2010,693,745,691,740,75850
12/02/2010,742.25,767.5,732.5,748.5,68701
12/03/2010,748.25,782,747.25,779,63205
12/06/2010,786,798.75,774.25,793,70603
12/07/2010,795.75,811,777,784.75,69063
12/08/2010,780.5,792.5,766.25,784,59350
12/09/2010,786.25,790,779.75,788.5,40861
12/10/2010,789,798,774,775.5,44807
12/13/2010,774,786.5,766.5,780.25,39637
12/14/2010,780,781.75,754.5,763.25,46314
12/15/2010,761,776.5,759.75,764.75,41111
12/16/2010,764,766.75,746,749.75,30866
12/17/2010,752.75,758,742,756.75,23922
12/20/2010,760.5,776.5,759.5,769.5,26319
12/21/2010,770.75,772,762,765,23700
12/22/2010,762.5,785.25,756,783.5,32598
12/23/2010,785,788.25,776,783,19738
12/27/2010,775,783.75,766,780.25,12064
12/28/2010,780,802,779.5,798.25,24215
12/29/2010,800,806.25,782.25,799.25,25276
12/30/2010,799,799,776.5,784.75,28967
12/31/2010,786.5,796.25,780.5,794.25,18720
01/03/2011,793.5,825,792.75,805.5,41582
01/04/2011,803.5,808.75,783.25,789.25,42111
01/05/2011,794.25,810.25,776,808.25,43836
01/06/2011,809,809.75,787.75,789,38317
01/07/2011,789,794,772,774,41870
01/10/2011,777.25,783,766.25,767.25,45406
01/11/2011,769.75,776.75,758.25,759.5,41649
01/12/2011,761.75,790.5,760,770.5,63833
01/13/2011,776.75,787.5,769.25,783.5,52198
01/14/2011,784.25,784.75,763,773.25,58445
01/18/2011,777.5,795.75,773.5,793.25,45206
01/19/2011,792.5,808,792.5,797.25,52166
01/20/2011,798,805.75,782,803.5,47555
01/21/2011,805,830,798.75,824.5,69697
01/24/2011,829.25,839.5,823.5,835.25,53540
01/25/2011,835.25,839,820.75,838.25,63195
01/26/2011,840.5,861.25,839.75,856.5,48711
01/27/2011,859,863.5,845.5,846.25,46081
01/28/2011,848,849.75,824.5,825.75,60972
01/31/2011,824,847.75,823,840.75,53841
02/01/2011,844.5,845,831.5,835.75,53425
02/02/2011,836,864.5,835.5,863,59330
02/03/2011,862.5,872.75,846,859,62142
02/04/2011,859.25,864.75,842.5,853.75,51667
02/07/2011,861,869.5,851.5,858.75,63365
02/08/2011,859.75,880.75,844,874.25,92302
02/09/2011,876,893.25,875.25,886,69104
02/10/2011,886,886,861.25,862.75,75619
02/11/2011,865,871.25,855.5,867,58881
02/14/2011,876.5,884.75,869.5,872,51283
02/15/2011,873,874,830.5,840.25,95153
02/16/2011,843.75,849.25,825.5,837,60655
02/17/2011,870,885.25,870,883.5,44323
02/18/2011,884,885.25,850.5,855.75,44437
02/22/2011,858.5,869.5,795.75,795.75,74389
02/23/2011,793.5,801.75,756.75,798.25,101578
02/24/2011,799.75,804.5,776.5,782.5,65029
02/25/2011,784.25,830,783.25,811.25,88116
02/28/2011,819.5,823,798.75,817,48182
03/01/2011,819.5,823.25,797.25,810.25,58635
03/02/2011,809.75,831.75,796.25,811.25,62288
03/03/2011,810.25,826.5,804.5,823.5,45629
03/04/2011,820.5,837.5,813.75,832.25,47654
03/07/2011,831.5,833.75,798.25,800.75,50081
03/08/2011,801,803.25,778.25,779.75,53913
03/09/2011,782,789,749.25,758.75,68278
03/10/2011,762.75,765.75,733.75,740.5,60398
03/11/2011,737.25,740.5,703.75,718.75,53085
03/14/2011,719.25,730,706,720.75,39105
03/15/2011,722.25,723.5,661,667.75,78878
03/16/2011,668.25,697.5,656,662,81171
03/17/2011,663.25,718.75,663,710.25,57595
03/18/2011,708.75,749,705.5,723,62659
03/21/2011,724,741.75,717.25,721,41676
03/22/2011,721.25,728,705.25,722.25,44492
03/23/2011,725,730.25,706,714.25,34716
03/24/2011,714.25,741.75,710,739.5,53090
03/25/2011,739.5,753,726.5,733.25,45619
03/28/2011,736,739.75,721,725.25,34681
03/29/2011,723.75,742,721.25,737.25,48274
03/30/2011,738.25,741.75,725.25,727.25,41211
03/31/2011,726.5,773.5,721.75,763.25,58811
04/01/2011,760.5,774,744.75,759.5,63746
04/04/2011,765.5,792,764.25,790,55601
04/05/2011,788.25,798.25,778.5,786.25,65767
04/06/2011,786,792.5,777.75,782.25,45490
04/07/2011,782.25,793,757.25,773.25,65541
04/08/2011,772.25,802.25,765.75,797.5,74701
04/11/2011,803,809.25,786.25,798.25,60407
04/12/2011,800.5,802.75,750.5,759.5,76981
04/13/2011,761,769.5,741.25,752.75,77742
04/14/2011,757,760.75,733.25,740.5,47045
04/15/2011,742.5,748.75,730,744.25,55742
04/18/2011,745,780,740.5,775,47853
04/19/2011,811.5,829.75,810.25,821,55282
04/20/2011,821.5,843.75,816.25,820.75,54469
04/21/2011,821.5,835.5,815.5,834.75,60259
04/25/2011,848.25,865,842,861.25,55091
04/26/2011,864,864.25,833.75,847,1436
04/27/2011,847.75,853,800.25,812,76160
04/28/2011,814,820.5,772,777.5,90256
04/29/2011,778.5,806.25,766,801.25,50673
05/02/2011,801.75,824.5,789,791.75,48460
05/03/2011,794.25,800,778,793.25,39940
05/04/2011,794,795,767.75,772,41298
05/05/2011,770.5,780.75,748.5,754,55630
05/06/2011,754,778.5,740,759.5,61877
05/09/2011,765.25,797.75,763,790.5,57813
05/10/2011,793.5,816.5,790.25,798.75,56822
05/11/2011,798.75,804.5,756.75,759,59300
05/12/2011,755.5,765,728.5,735.5,73988
05/13/2011,737,749.5,723,727.75,49031
05/16/2011,730,747.75,729.75,736.5,41678
05/17/2011,737,766,732,764,57826
05/18/2011,768.25,822.25,767,817,96596
05/19/2011,816,834.5,805,812,75227
05/20/2011,812.5,818.5,790,806.5,63777
05/23/2011,816.5,821,785.25,803,61542
05/24/2011,803.5,809.75,777.5,779.75,50702
05/25/2011,780,800,778.25,796.5,43703
05/26/2011,800,828.75,799.25,814.5,63795
05/27/2011,817.25,827,803.5,819.75,54020
05/31/2011,794,807.5,772,782.25,86406
06/01/2011,782.5,788.25,754.25,759.25,79412
06/02/2011,760,773.5,758.5,769.75,56763
06/03/2011,770,781.5,758.75,773.75,61218
06/06/2011,772.75,778,741,744,70949
06/07/2011,742.75,747,731.25,733.75,75691
06/08/2011,733.25,759.5,731.5,748,80933
06/09/2011,749.25,777,739,745,93271
06/10/2011,744,763.75,737.5,759.25,110637
06/13/2011,760.75,770,740.25,743,74394
06/14/2011,743,748,714.25,731.25,55466
06/15/2011,731,734.25,701,708.5,57233
06/16/2011,708.75,717.75,670.25,673.25,64672
06/17/2011,708.25,717.25,696.25,708,34779
06/20/2011,709,710.5,690.75,695.75,25666
06/21/2011,697.75,713.75,691.25,705.5,31938
06/22/2011,707.5,711,650.25,673.25,57736
06/23/2011,670,678.75,641.5,669.25,59291
06/24/2011,671.5,680,655.5,661,39281
06/27/2011,661,661.75,642.25,650.75,45974
06/28/2011,653.25,676,653,671.75,56021
06/29/2011,670,698.5,662,674.25,73152
06/30/2011,674.5,680.25,614.25,614.25,55632
07/01/2011,608.5,623,592,612.25,60394
07/05/2011,618.75,641,618.25,635.5,50166
07/06/2011,633,639.5,620,627,34863
07/07/2011,625.25,640.75,619,634.5,44971
07/08/2011,634,657.5,632.5,651.25,51646
07/11/2011,655,655.5,626.25,639.25,36182
07/12/2011,639,676.5,615.25,672,65390
07/13/2011,671.25,721,662,714.5,91533
07/14/2011,713,720.5,690.25,707,52409
07/15/2011,707,716.5,692.5,694.75,48658
07/18/2011,694.75,697.25,676,689.5,34322
07/19/2011,694.75,727.75,689,693.5,50855
07/20/2011,693.75,707,692.5,697,44447
07/21/2011,697,703,671.75,677.25,52824
07/22/2011,677,694.25,669.25,692.25,45361
07/25/2011,683.75,695.25,671.5,688.5,50141
07/26/2011,690,699,679.25,694,38860
07/27/2011,694.75,712.5,685.75,704.75,44543
07/28/2011,703,714.75,692.25,693.25,46023
07/29/2011,693,700,669.75,672.5,53061
08/01/2011,671.25,690.75,670,676.5,46522
08/02/2011,677.25,723,664.25,718,67010
08/03/2011,718,721.5,705,710.5,47148
08/04/2011,709,710.25,674.5,681.75,64578
08/05/2011,680.25,682.75,665.25,679,62559
08/08/2011,667.5,677.5,642.25,656.5,68428
08/09/2011,650.5,687.25,643.25,671.75,82436
08/10/2011,677.25,691,676,685,64438
08/11/2011,682.5,722.75,680,701.25,69284
08/12/2011,700,718.75,696.25,702.5,34697
08/15/2011,704.25,721.25,704.25,712.5,25788
08/16/2011,711.25,732.75,704.25,724.75,34726
08/17/2011,753,767.75,750.5,758,42449
08/18/2011,757.5,759.5,731,739.25,45506
08/19/2011,736.5,764.5,732.5,761.25,37912
08/22/2011,765,778.75,761.5,766,33940
08/23/2011,767.5,786.5,765.25,784.5,47366
08/24/2011,784,791,772.25,777.25,50432
08/25/2011,775,793,762,787.75,49064
08/26/2011,785.5,803.25,779.25,797,58536
08/29/2011,797,805.5,793.25,795,44238
08/30/2011,795,796.25,781,790.75,54625
08/31/2011,790.25,794,773.25,791.5,68635
09/01/2011,788.5,789.25,758,761,50852
09/02/2011,762.5,778.75,758,775.5,43600
09/06/2011,766.75,770.75,750,760,41197
09/07/2011,759.5,774.25,746,751.5,40755
09/08/2011,753.5,755,733.5,738,42697
09/09/2011,737,742.25,727,729.75,40612
09/12/2011,730,735,710.25,727.25,60426
09/13/2011,728.5,732,696,702,63669
09/14/2011,703,712.75,698,704.5,45105
09/15/2011,705,705.75,686,696,47317
09/16/2011,695.75,706,687,688.25,40875
09/19/2011,688,691.25,667,673,48873
09/20/2011,675.5,687.75,671,674.75,33443
09/21/2011,674.75,683,666,666.75,38254
09/22/2011,664.5,664.5,632.25,633.75,64325
09/23/2011,636,649.5,634,640.75,61395
09/26/2011,645,655.75,624.25,648.25,51841
09/27/2011,653,670,650.25,658.25,47767
09/28/2011,655,657.5,635,638.75,50277
09/29/2011,638.5,656.25,627.25,654.25,61683
09/30/2011,657,661.5,605,609.25,92718
10/03/2011,609.25,623,596.75,619.5,72493
10/04/2011,621.75,622.75,596.75,604,63941
10/05/2011,611,628,607.25,625.25,49475
10/06/2011,626.5,639.75,615,616,53310
10/07/2011,615,623,606,607.5,41818
10/10/2011,608,629,606.25,611.5,39936
10/11/2011,611.5,665.25,611,660.75,88907
10/12/2011,660,662.75,620,626.75,81056
10/13/2011,625.25,630.5,605,618,58403
10/14/2011,617.25,633,612.25,622.75,47217
10/17/2011,623.5,635.25,619,624.25,34748
10/18/2011,626.25,630,613,625.25,40915
10/19/2011,626.75,637.75,618,619.5,44916
10/20/2011,619,632.25,613.5,630.75,42778
10/21/2011,631,649.5,628.25,632,60373
10/24/2011,632,646.75,630.5,642.5,35762
10/25/2011,640.5,647,634,636.25,36955
10/26/2011,637.5,643.25,616.5,619.5,51269
10/27/2011,620,647.75,619.5,644,55843
10/28/2011,643.75,652.75,636.25,644.5,51125
10/31/2011,645,648,619.25,628.25,50945
11/01/2011,629.25,634,612,630,48064
11/02/2011,629,638.5,620.25,623.5,38585
11/03/2011,623.5,644.25,620,636,51650
11/04/2011,636,640,623.25,636.75,52917
11/07/2011,638,641,630,638.75,64228
11/08/2011,638.75,659.25,636.75,657,78959
11/09/2011,656.5,657.75,633,643,74145
11/10/2011,642,648.75,618.75,620,82025
11/11/2011,620,625.75,609.5,616.75,59681
11/14/2011,616.75,622,610.25,615.75,44505
11/15/2011,615.75,634.25,612.25,632.75,63912
11/16/2011,631.75,639.75,615,616.75,57384
11/17/2011,636.5,637.25,609,612,43384
11/18/2011,614,617,602.75,614.75,35659
11/21/2011,614.75,618.25,600.5,609,29765
11/22/2011,609,613.25,601,603,43410
11/23/2011,603,606.5,588,594.25,41366
11/25/2011,594.5,598,586,589,27607
11/28/2011,594.5,603.5,590,593,43806
11/29/2011,591.5,619,591.25,616,63277
11/30/2011,613.75,629.25,607,614,58504
12/01/2011,614.25,625,605.75,614.25,49880
12/02/2011,615.75,632,611.5,625.5,52852
12/05/2011,627.5,631.75,607.5,611.5,47552
12/06/2011,613.25,617,600.25,613,48773
12/07/2011,612.5,615.75,598.75,600.5,39674
12/08/2011,600.25,603,590.75,597,44663
12/09/2011,595.25,599.5,584,596,49793
12/12/2011,594.75,601.75,587.25,594.25,37892
12/13/2011,594.25,609,593.25,600.5,31825
12/14/2011,600,602.75,579,580.75,47018
12/15/2011,582.75,588,577.25,579.25,34549
12/16/2011,578.75,587.5,577.25,583.75,29368
12/19/2011,585,603,581.75,599.75,34437
12/20/2011,599,608.75,595.5,607.75,33345
12/21/2011,607,618,600,617,41643
12/22/2011,617.25,625.75,611.5,621.75,33821
12/23/2011,621.75,627.75,618.5,622,22013
12/27/2011,627.5,647,627,644.75,33464
12/28/2011,643.75,656,641.25,651.25,36298
12/29/2011,649.75,654.5,641.75,645.25,34521
12/30/2011,644.5,654.5,642.25,652.75,30937
01/03/2012,666,670.75,653.75,657,54591
01/04/2012,656.25,663,645.25,650,45615
01/05/2012,649.25,650.25,626.5,629.25,56222
01/06/2012,629.25,636.75,624.5,624.75,41967
01/09/2012,626,645,625,641.75,59877
01/10/2012,640.75,644.75,634.25,639.75,52292
01/11/2012,639,644,632.25,641,53041
01/12/2012,641.5,648.75,592,605,99046
01/13/2012,605,610,599,602.25,67189
01/17/2012,603.25,611.75,601.5,604.75,52120
01/18/2012,605.25,606.5,590,592.25,56153
01/19/2012,592.25,606.5,592,605.75,67995
01/20/2012,605.25,612,597,610.5,49910
01/23/2012,613.5,621.5,613.5,619.75,47179
01/24/2012,620,638,614,633.5,79746
01/25/2012,632.75,649.75,629.5,641.25,71003
01/26/2012,640.75,658.25,639.75,653.5,67778
01/27/2012,653.25,656.5,645,647.25,57109
01/30/2012,646.75,654,635.25,644.75,49962
01/31/2012,645,667.5,644.75,666,82779
02/01/2012,667.5,683.75,666.25,674.25,79706
02/02/2012,674.25,674.25,657,662.75,69453
02/03/2012,663,671,653.25,660.75,55512
02/06/2012,660.5,669,656.25,668.5,46376
02/07/2012,669,672,655.25,662.25,69309
02/08/2012,662,670,653,660.75,59971
02/09/2012,660.75,664.75,641.75,646,80778
02/10/2012,644.75,645.75,628.25,630,68794
02/13/2012,635,642.25,631.25,641.25,73550
02/14/2012,641,643,632.5,635,47655
02/15/2012,635.25,640.5,624.25,626,52745
02/16/2012,626.5,632.25,621,628.75,53309
02/17/2012,633,650,631.5,647.75,37362
02/21/2012,651.75,652.25,628,636.75,44349
02/22/2012,636.75,647.5,633.25,645.75,53865
02/23/2012,646,647.25,635.25,641,58444
02/24/2012,641,642.75,632.5,641.25,45201
02/27/2012,643,654.5,633,652.75,61380
02/28/2012,651,669,649.25,668.25,56016
02/29/2012,667.5,674.5,660.25,668,56059
03/01/2012,666.25,672.5,658.75,664,50596
03/02/2012,663.25,675.5,657.5,674.5,54843
03/05/2012,674,677.75,667.75,672,45064
03/06/2012,671.25,671.5,655.25,657.75,45527
03/07/2012,658,659.25,636.5,639.25,65804
03/08/2012,641,647.75,633.5,634.75,44172
03/09/2012,635,650,634.25,643,54652
03/12/2012,643,653.25,638,651.25,47319
03/13/2012,651.5,657.5,645.25,649,42407
03/14/2012,649.5,651,640.75,643.75,41955
03/15/2012,645,667.25,643.25,664.75,70906
03/16/2012,663,673,660,672,46883
03/19/2012,671.5,675.25,651.25,652.25,52968
03/20/2012,652.5,653.25,640,642.5,50433
03/21/2012,643.25,647.5,635.5,636.25,38072
03/22/2012,636.75,647.5,631.25,646.25,54660
03/23/2012,647.75,655.25,646.25,654.25,44314
03/26/2012,655.5,670.5,650,659.5,67814
03/27/2012,659.5,663.5,638.75,639.75,76485
03/28/2012,639.5,646.25,630,630.75,60804
03/29/2012,633.25,635,611.25,612.5,76789
03/30/2012,613,668.75,612.75,660.75,118402
04/02/2012,663.75,666.5,649.25,657,79665
04/03/2012,655.75,659,649.5,658,55586
04/04/2012,658.5,658.75,635.5,639.25,61565
04/05/2012,641,650,636,638.5,64223
04/09/2012,637.25,649,636.5,643,60188
04/10/2012,641.75,653.25,624,625.75,96735
04/11/2012,626.25,633.75,619.75,628,70253
04/12/2012,628,645.75,628,639.25,83130
04/13/2012,640.25,643.25,618.5,623.5,88586
04/16/2012,623.25,625.5,615,616.25,49485
04/17/2012,617.25,627,615,615.5,40351
04/18/2012,616,618.75,604.25,610.75,55830
04/19/2012,616,632.5,616,630,57447
04/20/2012,630,634,620.75,623,56512
04/23/2012,623,635,621.25,632.5,54333
04/24/2012,633,647,630.75,632.5,66444
04/25/2012,632,642.75,624,626.5,68754
04/26/2012,627.5,636.75,624.5,635.5,52948
04/27/2012,635,655.5,632.5,650,77686
04/30/2012,648,655.5,640.25,654.5,59535
05/01/2012,654,655.5,641,643,44141
05/02/2012,640.5,641.75,611.75,614.5,84158
05/03/2012,615,621.75,613.25,615.5,56246
05/04/2012,617.25,620.75,599.5,609.5,72496
05/07/2012,608.5,614,600.75,612,45481
05/08/2012,612.75,621.25,611.25,615,47069
05/09/2012,615,618,598.25,600,52840
05/10/2012,600,607.5,595,601.25,51080
05/11/2012,602.5,604,592.25,597,49035
05/14/2012,599,602,592.25,598.25,36826
05/15/2012,597.75,617.25,597.5,608.5,62763
05/16/2012,608.5,639.75,604,638.75,82702
05/17/2012,638.25,658.5,637.75,657.75,100155
05/18/2012,656.75,697.5,652.5,695.25,134342
05/21/2012,700,722,682.75,704,143939
05/22/2012,698.5,702.25,681.75,685.5,110736
05/23/2012,683,685,663.5,665.5,83959
05/24/2012,667.75,676.5,661.75,663,66972
05/25/2012,664.75,688.25,661.75,680,72925
05/29/2012,675,684,655.25,656.75,81727
05/30/2012,657,661.25,644.25,653.75,79250
05/31/2012,652.5,653.75,642.5,643.75,70598
06/01/2012,643.5,646.5,611,612.25,117506
06/04/2012,620.25,631.5,613.25,627.75,68065
06/05/2012,626.25,631,611.75,613.25,66686
06/06/2012,612.75,628.75,612.75,624.25,61757
06/07/2012,622,644.75,620.25,641.75,79374
06/08/2012,637.5,638.75,627.75,630.25,79052
06/11/2012,629.25,642.25,629,630.5,67687
06/12/2012,630,639.75,613.25,616,79395
06/13/2012,617,623.75,614.25,616,64238
06/14/2012,615.25,629,615,623.5,48784
06/15/2012,623.25,627.75,607.5,609.5,65148
06/18/2012,613.5,634,612,630.25,54147
06/19/2012,648,671,646.5,669,58457
06/20/2012,668,683.75,658.5,683,43790
06/21/2012,678,700,674.25,678.5,48684
06/22/2012,676,700,674.5,687.5,47900
06/25/2012,696.25,742,696.25,741,77965
06/26/2012,740,755.25,725.5,747,69060
06/27/2012,746,763.5,739.5,751.25,72464
06/28/2012,750,757.5,742.25,746,62904
06/29/2012,745.5,763,740,757.25,67741
07/02/2012,762.5,774.75,756.25,772.5,43943
07/03/2012,777.5,800.75,774.25,799.25,52651
07/05/2012,815,840.75,809.25,838,62655
07/06/2012,835.5,837,804,806.25,49611
07/09/2012,815,844.75,815,828.25,48964
07/10/2012,824.5,833.25,806.75,821.25,48004
07/11/2012,821.25,848.5,803.25,826.25,66578
07/12/2012,826.75,858,820.25,846.75,53459
07/13/2012,845.75,865.75,842,847.75,42285
07/16/2012,858.5,889,856.25,884.5,48061
07/17/2012,890.25,898.5,866,885,55828
07/18/2012,885,907.75,865.5,903.25,55132
07/19/2012,902.75,938,896.5,935,79484
07/20/2012,932,944.75,916.75,943.25,70833
07/23/2012,944.5,947.25,903.75,912.75,61782
07/24/2012,910.75,914.25,852.75,878.75,83045
07/25/2012,880.25,909,862.5,903.25,67807
07/26/2012,901.5,904.5,873.75,884,53384
07/27/2012,884.5,911,879.5,898,49716
07/30/2012,908,919.75,903,914.5,42804
07/31/2012,911.75,919.5,886,888.25,60843
08/01/2012,889,897,861.75,879.5,54248
08/02/2012,879,889.75,856,865,45787
08/03/2012,863.25,907,860.5,891.25,53330
08/06/2012,883.25,897.25,876.75,893.25,39183
08/07/2012,892,904.5,883.5,889,53665
08/08/2012,889.75,902.75,869.25,899.25,76111
08/09/2012,899,919.5,898,913,75336
08/10/2012,912.75,931.75,880,885.25,86207
08/13/2012,882.5,885.25,854.75,856.75,74319
08/14/2012,857,866,838.25,839.75,45444
08/15/2012,840,850.75,840,846.75,35525
08/16/2012,848,868.75,841.25,861.75,25173
08/17/2012,881.5,899,881,894.5,45928
08/20/2012,893.75,906,887.5,902.75,52518
08/21/2012,902.5,926.25,900.75,922,58190
08/22/2012,921,921.25,911.25,917,47951
08/23/2012,916.75,924,893,894.75,55004
08/24/2012,893.75,906.5,887.25,888.5,46036
08/27/2012,890.5,899.25,881,881.25,46990
08/28/2012,881.25,889.5,871.25,875.5,50049
08/29/2012,876.5,908.25,874,905.75,58706
08/30/2012,904.75,914.5,897.25,903,63374
08/31/2012,903,906,881,889.5,53762
09/04/2012,892,904,881,888.75,46292
09/05/2012,888.25,888.5,865.25,867.75,46704
09/06/2012,868.5,894.5,867.5,891.75,58021
09/07/2012,891,912.5,884.75,905,54837
09/10/2012,903,917.5,887,889.75,53437
09/11/2012,891.25,898.25,882.25,883.75,45362
09/12/2012,885,893.5,868.75,890,67334
09/13/2012,888.5,905,885.75,902,44953
09/14/2012,901.25,931,898.75,924.25,75053
09/17/2012,921.5,926.5,876.25,878,70757
09/18/2012,880,888,860.75,863.5,65453
09/19/2012,865,883,865,881.5,48758
09/20/2012,882,893.75,869,879.5,62662
09/21/2012,881.75,899.25,879.5,897.25,56734
09/24/2012,897.5,907.25,883.25,892,50563
09/25/2012,891,898,880.75,886.5,41303
09/26/2012,888,889,866.25,869.25,45398
09/27/2012,871,876,849.25,855.5,54922
09/28/2012,855.5,907,850.75,902.5,114053
10/01/2012,902,904.25,872.25,884.25,69680
10/02/2012,884,885,863.75,871.5,46990
10/03/2012,873,878.5,858,873,48740
10/04/2012,873,882.75,866.75,869.25,37882
10/05/2012,870,872.75,856.25,857.5,39981
10/08/2012,857.5,867.5,855,861,30139
10/09/2012,859.75,873.75,859.75,864.25,31444
10/10/2012,864.5,876.75,863.5,869.75,43498
10/11/2012,870,894,859,886,80601
10/12/2012,886.25,886.5,853.25,856.75,65032
10/15/2012,860,860.25,840.25,848.25,54468
10/16/2012,848.5,857.75,843.75,847.75,42521
10/17/2012,847.75,858,845.5,856.25,31938
10/18/2012,856.5,876,855.5,868.5,47067
10/19/2012,868,885.5,866,872.5,54194
10/22/2012,873,884.5,871.5,878.25,34062
10/23/2012,878,878.5,860,868.75,52850
10/24/2012,868.25,895,865,884,66641
10/25/2012,882.5,889,871,872.75,52944
10/26/2012,874.75,878.75,863.25,863.75,50339
10/29/2012,865,871.25,857.25,858,33886
10/30/2012,858.25,866.5,852.75,856.75,52413
10/31/2012,858.75,875,858.25,864.5,64287
11/01/2012,865.75,877.5,863.5,868.5,60736
11/02/2012,867.25,873.75,858.75,864.5,48641
11/05/2012,864.5,875.75,863,866,56177
11/06/2012,867,879.75,867,877,46154
11/07/2012,876.5,897,870.75,894,92173
11/08/2012,894,905,886.5,902.5,111886
11/09/2012,898.75,916.5,884,886.5,118828
11/12/2012,886,886.5,855,857.75,105694
11/13/2012,857.75,864.5,843.25,851,83871
11/14/2012,852.25,858,845.25,848.75,69446
11/15/2012,849,856.5,843.25,845.5,60914
11/16/2012,844.5,850,829.5,838,81095
11/19/2012,852,863.5,851.5,857.75,40238
11/20/2012,859.25,865.5,853,860.5,33883
11/21/2012,860.5,865,856.5,859.75,45583
11/23/2012,862,867.5,859.25,861.5,19986
11/26/2012,863,869,858.25,863.75,52025
11/27/2012,864.5,889,863.75,888.5,76972
11/28/2012,887,895.5,879.75,891.25,72766
11/29/2012,890.5,895,880.75,885.5,70499
11/30/2012,886,887,862.5,863.5,90132
12/03/2012,869,877.25,858.25,860.75,53911
12/04/2012,861.5,865,851.5,856.5,48094
12/05/2012,856.5,863.5,852.5,860,40826
12/06/2012,861,864.25,853,862,36226
12/07/2012,862.25,864.75,852.75,861,50570
12/10/2012,862,862.5,846.75,848.75,63553
12/11/2012,849,849,816,821.5,98744
12/12/2012,823,825.5,809,812,65735
12/13/2012,810.5,817.75,801.5,808.5,58058
12/14/2012,808.25,817.5,806.25,814,39670
12/17/2012,816,819,805,808,31789
12/18/2012,808,814.25,801.5,811.25,43526
12/19/2012,813,822.75,802,805.75,57923
12/20/2012,806.25,808.5,782.5,790.5,57291
12/21/2012,790.5,798.75,789.75,792,30912
12/24/2012,793.5,796.25,791.25,793.75,9187
12/26/2012,794,795.25,773.75,774.5,24872
12/27/2012,775.25,778,764.5,772.25,34718
12/28/2012,772.75,784.5,766.5,778.75,42704
12/31/2012,778.75,780,767.75,778,27171
01/02/2013,785.5,788,752.5,755.25,57612
01/03/2013,758,761.25,749.75,755.5,52889
01/04/2013,755.5,758.25,739.75,747.25,53001
01/07/2013,749.5,760.5,743.5,751.25,50442
01/08/2013,750.5,759.25,749.25,750.5,59739
01/09/2013,752.5,757,745,745.5,64306
01/10/2013,747.25,756.5,744,744.5,70507
01/11/2013,745.25,773,736.25,754.75,123386
01/14/2013,761.5,777,760.75,767,89410
01/15/2013,769.75,789.75,766.5,782.75,85447
01/16/2013,782.75,791,777,785,55859
01/17/2013,786.25,789.5,776,781.25,49509
01/18/2013,782.75,793.75,778.75,791.25,51739
01/22/2013,795,799.75,776,779.25,70567
01/23/2013,779,785,771,774.75,53745
01/24/2013,775.5,775.75,763,768.5,49400
01/25/2013,769.5,781.25,764.25,776.5,51964
01/28/2013,778.25,783,770.5,779.25,33839
01/29/2013,779.25,785,776,777,32705
01/30/2013,776.25,789,771.75,787,59373
01/31/2013,786.75,791,773.75,779.5,58960
02/01/2013,780.5,790,764.5,765,81099
02/04/2013,767.5,774,761,763,42894
02/05/2013,763.5,766.5,751,757.5,61957
02/06/2013,758,764,746.5,761.5,72964
02/07/2013,760.75,764.5,752.75,756,67677
02/08/2013,755.75,770.75,753,756.25,97838
02/11/2013,757.5,759.5,740.25,741.5,79394
02/12/2013,742.5,744.25,725.5,732,84273
02/13/2013,732.75,737.75,722.5,735.5,68730
02/14/2013,735.75,740.75,725,732,71176
02/15/2013,732.75,744.5,732.75,742.25,60478
02/19/2013,747,747.25,726.25,732.25,60016
02/20/2013,738.75,747.25,734,745.25,39765
02/21/2013,744.5,744.75,722.75,724,74657
02/22/2013,724.75,732,717.5,718.75,60370
02/25/2013,718.75,722.25,704,705.25,60324
02/26/2013,706,712,697.75,711,69907
02/27/2013,709.75,722,709.75,712,78625
02/28/2013,712,723,710.75,714.5,60047
03/01/2013,715.75,726.75,708,720.5,55872
03/04/2013,722,722,697.5,702.5,59345
03/05/2013,702.5,708.75,701,706,43857
03/06/2013,707.75,708,681,683.75,71207
03/07/2013,683,696.5,681.5,695.5,55318
03/08/2013,696.25,703,687.25,697,57204
03/11/2013,696,708.25,693.75,700,38998
03/12/2013,699.25,706.5,695.75,703.5,43099
03/13/2013,702.75,711.25,697,710,65267
03/14/2013,710.5,725.5,707.5,724.75,61986
03/15/2013,724.5,725,717.5,723,51088
03/18/2013,720.75,721.5,705.5,712.75,45720
03/19/2013,713,722.75,709.25,722,47336
03/20/2013,722,736.75,721,736,49304
03/21/2013,736,736.5,726.5,728.75,35022
03/22/2013,728.25,731.5,715.5,729.75,43080
03/25/2013,729.75,730.75,722.5,727.25,37456
03/26/2013,727,732.75,723.5,731.5,49622
03/27/2013,731.75,740.75,727.75,736.75,44193
03/28/2013,736.75,741.75,682.75,687.75,94253
04/01/2013,681.5,688.75,659.75,664,74648
04/02/2013,667.25,674.25,664.25,670.75,76205
04/03/2013,674,697.75,670.75,696.5,96791
04/04/2013,698.5,705.5,684.5,694,86624
04/05/2013,691.75,700.5,689,699,51695
04/08/2013,700,716,699.5,712.5,59054
04/09/2013,713.5,714.25,704.25,708.75,57723
04/10/2013,706,713,688,696.75,82133
04/11/2013,697.5,705.75,693.5,697.75,57183
04/12/2013,699,716,698.25,714.75,52556
04/15/2013,715,715.5,688.5,693.75,54689
04/16/2013,692.75,704,689.75,703.5,35701
04/17/2013,707.75,718.25,701.5,707.25,58693
04/18/2013,708.75,715.5,700.25,706.75,42393
04/19/2013,708,714,700,711.5,47409
04/22/2013,710,711,691.25,702.5,56328
04/23/2013,702.5,704.25,688.25,695.5,44966
04/24/2013,695.75,696.5,687.75,692,49554
04/25/2013,690.5,706.5,690,703.75,58369
04/26/2013,703.75,703.75,689.75,692.5,52041
04/29/2013,695,719.75,693,716.5,73077
04/30/2013,716.5,736.75,705,731,89430
05/01/2013,732.25,732.25,713.25,721,52926
05/02/2013,720.5,730,717.75,728.5,40511
05/03/2013,727.5,735,716.5,721,48482
05/06/2013,713.75,715,700.5,702.75,55764
05/07/2013,703,711,698.25,709,50234
05/08/2013,709,712.75,699.75,706,40992
05/09/2013,705,727.75,702.75,723.5,63355
05/10/2013,721.5,724,702,704.25,53122
05/13/2013,703.25,718.75,701.25,709.75,52833
05/14/2013,710,716.75,706.75,710.75,38738
05/15/2013,711,711.25,692.5,693.75,52020
05/16/2013,694,699,681.5,687.75,65093
05/17/2013,688.25,689.75,680.25,683.25,42132
05/20/2013,681.25,688.5,674.5,685.25,44151
05/21/2013,684.25,684.5,674,680.5,35805
05/22/2013,680.5,692.75,680,688.5,44076
05/23/2013,687.5,709,687,703.25,69917
05/24/2013,704,707.5,696.25,697.5,43322
05/28/2013,699,705,687.75,693.75,53639
05/29/2013,693.5,704,688.75,702.75,55930
05/30/2013,699,702.25,687.5,698.75,53057
05/31/2013,697.25,707.5,692.5,705.5,58724
06/03/2013,708.5,714.5,692.5,708.75,73766
06/04/2013,708.75,713.25,700,709,57525
06/05/2013,709.75,712.5,701,701.5,44556
06/06/2013,701.75,706.25,693.5,697.75,61320
06/07/2013,696.5,703.25,694.25,696.25,51784
06/10/2013,693,695.25,680.5,689.75,71412
06/11/2013,690.5,699.75,686.75,696.75,64154
06/12/2013,694.5,696.75,679,683,73109
06/13/2013,683,687,675,685.5,64445
06/14/2013,685,685.5,676.5,680.75,54328
06/17/2013,679.5,689.25,674.5,680.5,52922
06/18/2013,681,689.75,680.5,687.5,55087
06/19/2013,692,718,689.75,714.25,56883
06/20/2013,712.75,714.75,701.75,707.75,46429
06/21/2013,707,711.5,702.75,705,34306
06/24/2013,701.25,701.75,685,687.75,77949
06/25/2013,687.75,694.5,684.25,685,39815
06/26/2013,685,690.25,676,677,44475
06/27/2013,677,683.25,672.75,673.75,49670
06/28/2013,673,678.25,656,657.75,67076
07/01/2013,655,664,652.75,655,39305
07/02/2013,656.25,668,652.25,658.25,64381
07/03/2013,658,671.25,658,665,53304
07/05/2013,670.75,672.5,659.25,660,38872
07/08/2013,659.5,671.5,658.75,663,45551
07/09/2013,663,683,662.5,677.5,62032
07/10/2013,676.25,682.25,668.75,679,51639
07/11/2013,679,693,675.75,683,63189
07/12/2013,683,687.75,679.75,681,39433
07/15/2013,678.75,678.75,667.25,669.5,36008
07/16/2013,671.25,681.5,665.5,669.5,41094
07/17/2013,669.5,674,664,665,29699
07/18/2013,665,667.25,656.5,660.5,43778
07/19/2013,661,670,658,664.5,41246
07/22/2013,667.25,667.75,655,659.75,43473
07/23/2013,659.5,659.5,650.5,653.75,36821
07/24/2013,653.75,661.75,652.75,653.25,36863
07/25/2013,652.5,656.5,648,649.25,36895
07/26/2013,649,657.5,648,650.25,31586
07/29/2013,650.25,656,648.5,651.5,28159
07/30/2013,650.5,662.5,650,655.25,52108
07/31/2013,653.75,665.75,653.5,664.25,70063
08/01/2013,663.5,667.5,648.25,658,70563
08/02/2013,657.5,667.5,656.25,660.5,52251
08/05/2013,659.75,665.5,641.5,645.25,69836
08/06/2013,646.25,651.25,642.25,650.5,42089
08/07/2013,650,652.75,639,643.5,60887
08/08/2013,643,648,639.75,641.25,59759
08/09/2013,641.75,645,630.5,633.5,79291
08/12/2013,633.5,645.25,630,635,65111
08/13/2013,636.5,643.5,626.25,628.25,63179
08/14/2013,627,631.75,623,630.5,52626
08/15/2013,631.25,641.25,629,637.5,40529
08/16/2013,637.5,641.25,626.75,631,39731
08/19/2013,650,654.75,647.25,653.5,52928
08/20/2013,653.5,656,645.5,646,38603
08/21/2013,646.5,658.75,645.25,649.25,59545
08/22/2013,650,651,640,640.5,50644
08/23/2013,638,648,638,646,39574
08/26/2013,652,676.5,651.25,666.75,95225
08/27/2013,666.5,670.25,660.75,663.75,60915
08/28/2013,665.75,669.5,658.25,659.5,39453
08/29/2013,659.5,663.75,652,654.25,47869
08/30/2013,654.25,658.75,650.25,654,35739
09/03/2013,663.75,664,645,647.25,43273
09/04/2013,647,647.5,640,646.25,41621
09/05/2013,646,646.5,636.75,640.25,39146
09/06/2013,639,653,638.25,647.75,42772
09/09/2013,648.5,651.5,639.25,641.25,29909
09/10/2013,641.25,648.25,640,646.5,31355
09/11/2013,648,652.5,642,648,43089
09/12/2013,647.75,655,637.25,653,54013
09/13/2013,653,653,640,641.5,42227
09/16/2013,640,648.75,638.5,641.25,39528
09/17/2013,641.25,652,641.25,643,39854
09/18/2013,642.25,648,642,646.5,25726
09/19/2013,647.5,662.5,646.75,657,77256
09/20/2013,657,659.25,643.75,646.25,47364
09/23/2013,645.5,656.75,645.5,653.5,41600
09/24/2013,653.75,660,649.5,658.25,51099
09/25/2013,657.5,675,657.5,670.5,72733
09/26/2013,671,679,668.5,678.25,59338
09/27/2013,678,685.5,675.5,683,58687
09/30/2013,681.25,694.75,676.75,678.5,83642
10/01/2013,678.25,683.75,672.5,681.25,69331
10/02/2013,681.25,689.75,678,686,47061
10/03/2013,686,698,685,689.25,65937
10/04/2013,688,692.75,684.25,687,53311
10/07/2013,687.25,696.5,686.25,694.75,42046
10/08/2013,694.25,699.75,688,693.5,41468
10/09/2013,692.5,694.75,687,690.5,38560
10/10/2013,691,695.75,684,685.5,42908
10/11/2013,685,695.5,682.25,692.25,50645
10/14/2013,691.25,696.5,686.25,692.5,32946
10/15/2013,691.75,693.5,685.25,685.75,34749
10/16/2013,686,688,678.25,681.5,43387
10/17/2013,681.25,693.25,680.5,686,55407
10/18/2013,685.75,706.5,685.75,705.75,71336
10/21/2013,706.5,711.25,694,699.75,63582
10/22/2013,699.75,704.5,696,700.75,32966
10/23/2013,701.25,710.5,699.5,701.75,40363
10/24/2013,701.75,708,696,696.5,41986
10/25/2013,697,702,690.25,690.75,41734
10/28/2013,690,691.25,680.75,681,44543
10/29/2013,680.5,684.75,676.25,681.25,53625
10/30/2013,684.75,688.5,674,675,43792
10/31/2013,675,677,667,667.5,77503
11/01/2013,667.5,672.25,664.5,667.75,65415
11/04/2013,665.75,671.5,662,662.75,41081
11/05/2013,662.5,665.25,655,656,54784
11/06/2013,657.25,660.5,652.25,653.25,57175
11/07/2013,653.5,657.5,652.25,653,66635
11/08/2013,653,658.5,644,649.75,87243
11/11/2013,651,659.5,645.75,646.25,103818
11/12/2013,647.25,652,644.5,645.25,71324
11/13/2013,646.25,649,643.25,645.5,59340
11/14/2013,645.5,653,644.25,644.75,71720
11/15/2013,645.5,648.5,642.75,644.5,54064
11/18/2013,646.75,650.5,642,642.25,42077
11/19/2013,653,660.5,652,659.25,65440
11/20/2013,660,663,654.5,655.5,42525
11/21/2013,655.75,661.25,654,654.75,45951
11/22/2013,655.5,660,655,657,49721
11/25/2013,658.5,662.25,657.25,659.25,47477
11/26/2013,659.5,660.75,653.25,656,50928
11/27/2013,656.75,667,656.25,663.5,62054
11/29/2013,668.5,670.75,665,668.75,32995
12/02/2013,668.75,674.75,660.5,661.75,46934
12/03/2013,663.75,669.25,662,668.25,39370
12/04/2013,668.5,672.25,660.75,661.75,46853
12/05/2013,662,663,650.75,652,59981
12/06/2013,652,655,649.25,651,31870
12/09/2013,651.5,657.25,649.25,650.5,31827
12/10/2013,650,652.5,635,638.75,69798
12/11/2013,640.25,643.5,635.25,640.75,37243
12/12/2013,641,642.75,630.25,633.75,49838
12/13/2013,633.75,635,626.5,628.75,41506
12/16/2013,628.75,628.75,621,621.75,43255
12/17/2013,622.5,626.75,618.75,619.75,44678
12/18/2013,619,619.25,612.25,612.75,46711
12/19/2013,615,621.25,610,610.75,61883
12/20/2013,610,616,607.25,613.5,44551
12/23/2013,614.25,615.25,608.25,609.5,19535
12/24/2013,610.25,611.75,605.75,606.25,10792
12/26/2013,606,607,600.75,606,18711
12/27/2013,608,610,603.5,609,22410
12/30/2013,607.5,609.25,600,600.5,20582
12/31/2013,601.75,607.25,599,605.25,30323
01/02/2014,605,605.25,595.5,597,39720
01/03/2014,596.75,609,596,605.75,49188
01/06/2014,608,612.75,605,605.75,39432
01/07/2014,606.5,610,601.75,602.5,45799
01/08/2014,603,607.25,586.75,588.75,55310
01/09/2014,588,591,578.5,584.25,67643
01/10/2014,584.5,593.25,560.5,569,110226
01/13/2014,571.5,576,570,573.5,58021
01/14/2014,571.25,580,570.75,579.25,37720
01/15/2014,579,579.75,566.5,567.75,38950
01/16/2014,568.25,573.75,564,572.75,48891
01/17/2014,572.75,574.25,562.75,563.5,32126
01/21/2014,566,567.75,560.75,562.25,39481
01/22/2014,562.5,566.75,560.75,561.25,29010
01/23/2014,561.75,578,561.5,570,47326
01/24/2014,571,573.5,562.5,565.25,39689
01/27/2014,567,572.25,562.75,563.5,44294
01/28/2014,564,569,564,566,44179
01/29/2014,567,567,550.5,551.5,84576
01/30/2014,551.75,556.75,550.25,553.5,62117
01/31/2014,554,557.5,551.25,555.75,45491
02/03/2014,555,564.25,554,563.75,45262
02/04/2014,563.75,585.75,562,584.5,84912
02/05/2014,585,588.75,579,587.5,76582
02/06/2014,587,592.75,579.5,580.75,68517
02/07/2014,582,586,566.25,577.5,101476
02/10/2014,574.5,590.5,570.5,584.75,90528
02/11/2014,585.75,591.25,582.5,590.25,94447
02/12/2014,589.75,598.25,585.5,587,91588
02/13/2014,586.25,596.75,585.25,595.5,65904
02/14/2014,595.25,603,594.5,598.5,56021
02/18/2014,599.5,613.25,598.75,612,67231
02/19/2014,612,620.5,609.75,620.25,59705
02/20/2014,613,614.5,607.75,613.5,72261
02/21/2014,613.75,614.5,604.75,605.5,42002
02/24/2014,601.75,617.5,600.5,617,58028
02/25/2014,617.25,620,605,618,79422
02/26/2014,617.5,618.5,605,605.5,54100
02/27/2014,605,607,588.25,589.25,79777
02/28/2014,590,605,590,602.25,55836
03/03/2014,612,644.5,611.25,631.5,131057
03/04/2014,632,645.75,621,643.5,71031
03/05/2014,641,644.5,636,642.5,55838
03/06/2014,641.25,649,636.25,646,44359
03/07/2014,646.5,663,644.25,654,75765
03/10/2014,654.5,656.75,639,640.75,52711
03/11/2014,640,667.25,637,659,68111
03/12/2014,658.75,684.5,652,683.75,80625
03/13/2014,682.25,696.5,671,673.75,78940
03/14/2014,672.25,691,669.75,687.25,63971
03/17/2014,687,694.25,671.75,674.5,48518
03/18/2014,674.5,693.5,672.5,692.5,50345
03/19/2014,692,718.5,686.25,715.75,89394
03/20/2014,714,723.5,693.75,703.75,94704
03/21/2014,705,707.25,691.75,693.25,49016
03/24/2014,691.75,718.25,687,714.5,65088
03/25/2014,714.75,716.25,706.5,708.25,43585
03/26/2014,708.75,711.75,694.75,696.75,55708
03/27/2014,696.75,713.5,692,710.5,54754
03/28/2014,708.25,708.75,693.5,695.5,48811
03/31/2014,698.25,702,676.5,697.25,75550
04/01/2014,695.5,698,683.5,685.25,67749
04/02/2014,687,688,665,669.25,66959
04/03/2014,669.25,677.5,666.5,676,44384
04/04/2014,673.5,676.25,658.75,669.75,51599
04/07/2014,670.25,679.5,665.5,676.25,63690
04/08/2014,676.25,685.25,668.25,681,68552
04/09/2014,681.25,688,663,669,96035
04/10/2014,668.5,671,656.25,662.25,77610
04/11/2014,662.25,666.75,656.25,660.25,51697
04/14/2014,666.25,689.5,664.5,678.75,75164
04/15/2014,678,702.75,673.75,701.75,66093
04/16/2014,701,711,684,688,31066
04/17/2014,695.25,709.25,693.25,699,45056
04/21/2014,698,698,670.25,675.5,58233
04/22/2014,675.75,684.25,669,679.5,69020
04/23/2014,680,685.5,673.5,682.75,45336
04/24/2014,683.25,702.75,677.75,696.5,76035
04/25/2014,696.25,709.75,694.75,708.25,49087
04/28/2014,708.5,717,697.25,708.5,62802
04/29/2014,710,717,704,716.5,54269
04/30/2014,715,724.75,710.75,721.5,62285
05/01/2014,723,724.5,701.25,707.25,55337
05/02/2014,709.25,720.75,706.25,716,47911
05/05/2014,723,740.5,721.5,729,60636
05/06/2014,733.5,744,723.75,739,55629
05/07/2014,737.75,739.75,727.25,737.75,45673
05/08/2014,733.75,737.75,727.75,735.25,47795
05/09/2014,733.5,739.5,722,722.5,69817
05/12/2014,722.25,722.25,700,715,51870
05/13/2014,714,715.25,704,709.25,39849
05/14/2014,709.75,710,687.75,690.25,65904
05/15/2014,690.5,691,676.75,678.25,57240
05/16/2014,678.75,682.75,670.5,674.25,48213
05/19/2014,671.5,678.25,662.75,674.5,72503
05/20/2014,674,686,666,670.5,65289
05/21/2014,668,675.5,663,664.25,66296
05/22/2014,665.5,669.75,654,659.25,67073
05/23/2014,660.25,663.5,651.25,652.5,58007
05/27/2014,645,648.5,640.25,641,53220
05/28/2014,637.25,641.75,633,638.75,44886
05/29/2014,638.5,645,629.75,632.5,49662
05/30/2014,633,637,625.5,627.25,48580
06/02/2014,624.75,626.75,616.25,620.75,62437
06/03/2014,622,624,611,612.5,55548
06/04/2014,612.5,619.5,610.75,614.5,46186
06/05/2014,613.5,617.25,605,605.75,52098
06/06/2014,605.5,619.5,603,618.25,66067
06/09/2014,618.25,626.25,607.5,612.5,65835
06/10/2014,614.75,616,599.25,601.25,69509
06/11/2014,603,608.5,588.5,589.25,75741
06/12/2014,588,593.5,584.75,585.25,63749
06/13/2014,585.5,594.5,583.5,586,66219
06/16/2014,586,594.75,580.25,581,43308
06/17/2014,581,584.75,576.75,581.75,54988
06/18/2014,582,598,581.5,587,54897
06/19/2014,595.75,604.5,594.75,602.5,40526
06/20/2014,602,603.25,591.75,593.25,36773
06/23/2014,593.25,601,587.25,589,44591
06/24/2014,589.25,589.5,579.25,580.75,37830
06/25/2014,580,584.75,577,584.25,40259
06/26/2014,584,590,579.75,584.75,57621
06/27/2014,584.75,597.5,584,593.75,50922
06/30/2014,592,592.5,567.5,577.5,72057
07/01/2014,577.5,581,569.25,572.5,47820
07/02/2014,573.5,577,568.75,575.5,33219
07/03/2014,576.25,581,572,579.5,34648
07/07/2014,576.25,577,556,556.75,52187
07/08/2014,557.25,561,555.5,556.25,37927
07/09/2014,556.25,558.25,547.75,551.25,39038
07/10/2014,552,556,546.25,548.5,39269
07/11/2014,547.25,549.75,525,526,68041
07/14/2014,526.25,539,524.25,537.75,44745
07/15/2014,538,539.5,530.5,537.75,37907
07/16/2014,537,544.75,535.75,538,32658
07/17/2014,538,561.75,530.75,550.75,88501
07/18/2014,552.5,555.75,531,532.25,52234
07/21/2014,530.5,531.25,523.75,530,36058
07/22/2014,529.5,536.75,524,524.5,35671
07/23/2014,524.5,531,520.25,530.75,33126
07/24/2014,530.5,542.25,526,528.75,56461
07/25/2014,528.75,538.5,526.5,538,42238
07/28/2014,538,543.25,532,534.75,33877
07/29/2014,534.5,535.75,518.5,520,52042
07/30/2014,521.25,529,519.75,527.25,51667
07/31/2014,527,536.25,523.5,530.25,59662
08/01/2014,531,544,530.5,534.25,60735
08/04/2014,534.75,553.25,534.25,544,55273
08/05/2014,543.75,554.25,538,552.5,51203
08/06/2014,553,572,552.75,568,83170
08/07/2014,568,568.25,558.5,561.5,80800
08/08/2014,561,561.5,547,549.25,74816
08/11/2014,548.5,556.5,543,546.5,97475
08/12/2014,547.25,547.5,533.5,538,96506
08/13/2014,537.75,544.25,527.25,528,65016
08/14/2014,528.25,539.25,528,537.25,44359
08/15/2014,535.25,556.25,533.5,551.25,57396
08/18/2014,549.75,551.5,540.5,542.5,27716
08/19/2014,541,556,535.5,546,40685
08/20/2014,559,561.5,545,550,65144
08/21/2014,550,558,547,555.5,53792
08/22/2014,555,570.5,555,562.25,70779
08/25/2014,560.25,565,552.5,554.5,47628
08/26/2014,553.5,558,546.75,556.5,56498
08/27/2014,555,563,550.75,562.25,43635
08/28/2014,562.25,579.25,559,571.75,81786
08/29/2014,570,578.75,561.25,563.5,51459
09/02/2014,562.75,566,550.75,555,43294
09/03/2014,555.5,556.5,535,535.75,81943
09/04/2014,536,537,527.5,530.25,48932
09/05/2014,530.75,542,528.25,535.25,48720
09/08/2014,535.25,539.25,524.25,533.5,33922
09/09/2014,533.75,533.75,523.25,527.5,32315
09/10/2014,528.75,529.25,519.25,519.75,35896
09/11/2014,518,519.25,503,509.5,58989
09/12/2014,508.5,509.25,500,502.5,39754
09/15/2014,501.5,504,496,500.75,39682
09/16/2014,499,508.5,491,496.25,48769
09/17/2014,496,501.5,494.25,499.25,33011
09/18/2014,496.25,498.75,487.75,488.5,33252
09/19/2014,487.75,488.25,473.75,474.5,45467
09/22/2014,476.25,480.75,469.5,476.75,61856
09/23/2014,475.5,479.75,471,476,48151
09/24/2014,473.5,484.5,473.5,480.25,54643
09/25/2014,480.25,483.5,466.25,474,51821
09/26/2014,472.75,476.25,468.5,474.25,25750
09/29/2014,470.75,482.5,470.5,481.25,38593
09/30/2014,481.25,481.75,468,477.75,60766
10/01/2014,476.75,484,469.5,479,44933
10/02/2014,477.5,489.75,477.25,482.75,47860
10/03/2014,483.25,489,478,485.75,43922
10/06/2014,485.5,494.75,484.75,491.5,39487
10/07/2014,491.5,509.5,489.25,506.25,70352
10/08/2014,507.25,511.75,502,507.75,45408
10/09/2014,508,508.25,492,493.25,56662
10/10/2014,493.5,508.5,488.25,498.5,67178
10/13/2014,498.5,506.5,495.5,505.25,38396
10/14/2014,505.25,510,498.25,509.25,33096
10/15/2014,510,516.25,501.5,506,53944
10/16/2014,506.25,518.25,502.75,517,42844
10/17/2014,517.75,522.25,512.75,516,47614
10/20/2014,515,515.75,507.25,513.5,39077
10/21/2014,515,523.75,512.25,519.25,53567
10/22/2014,521,528.75,516,522.25,48595
10/23/2014,520.25,530.75,519.25,526.75,41042
10/24/2014,525.5,539.25,517.25,517.75,55313
10/27/2014,516,526.5,510.5,522.75,49252
10/28/2014,525.5,533,523.25,530.75,42611
10/29/2014,531,540.5,527.5,538.25,44338
10/30/2014,538.25,545.5,532.5,536,52181
10/31/2014,536,539,523,532.5,59584
11/03/2014,536.25,539.25,526.75,538.25,47084
11/04/2014,538.25,538.75,529,530.5,39877
11/05/2014,532,532.5,518.75,524.75,60965
11/06/2014,525,528,520,520.25,44987
11/07/2014,520.5,520.5,511,514.5,63972
11/10/2014,514,524.5,511.25,517.25,87151
11/11/2014,518,526.5,511.75,525.25,94473
11/12/2014,524.25,545.75,522.75,542.75,132762
11/13/2014,542,559,537,553.75,108858
11/14/2014,553.75,564.75,549,560.5,60835
11/17/2014,559.25,563.25,551,551.75,35223
11/18/2014,553.75,555,545.75,551,39918
11/19/2014,551,551,537.25,541,53472
11/20/2014,540,553,536,552.5,59162
11/21/2014,552.5,560,547.5,553.5,60678
11/24/2014,552.5,557,548.5,549.5,57052
11/25/2014,549.5,559.5,546,557.75,47708
11/26/2014,558.5,565.5,553.5,562.75,52823
11/28/2014,558.25,581,557.75,578.5,66735
12/01/2014,578,608,570.25,606.75,89850
12/02/2014,606.75,611.75,596.75,603.25,88753
12/03/2014,603,606.5,585.25,589.5,64052
12/04/2014,590,591.75,577.5,589.75,59611
12/05/2014,589,595.75,582,594,50824
12/08/2014,593.25,605.75,588,598,55548
12/09/2014,596,596.25,583.5,585.75,59016
12/10/2014,585.25,585.25,575.25,581.75,54405
12/11/2014,583,600.25,572.75,597.5,74955
12/12/2014,598,613.5,593.5,606.5,71300
12/15/2014,605.5,622.75,599.75,619,63687
12/16/2014,616,639,615,623.25,91545
12/17/2014,623.75,650.75,617,648.5,100014
12/18/2014,646.5,677,645.75,655.25,98405
12/19/2014,654,654.5,629.25,632.25,67653
12/22/2014,629.5,644.5,621,625.75,51986
12/23/2014,625,637,621,635.5,30382
12/24/2014,636.5,639.75,606.25,611.5,37384
12/26/2014,614.5,616.75,607.5,610.75,19686
12/29/2014,611.75,620.75,608,615.5,29034
12/30/2014,615,615.5,601,602,33170
12/31/2014,601.5,604.5,586.5,589.75,36356
01/02/2015,589.75,591,574.75,581.25,38997
01/05/2015,579.75,597.5,579,589,45078
01/06/2015,588,603.5,586,591.75,51244
01/07/2015,594.25,594.5,578.5,579.5,44688
01/08/2015,580,581,565.75,567,47187
01/09/2015,568,574,561.75,563.75,52886
01/12/2015,563,567,554,555.5,71270
01/13/2015,555.5,566.75,547.25,548,59662
01/14/2015,548,549.75,536,537.75,64486
01/15/2015,540.5,545,528,532.75,57122
01/16/2015,536.75,542,531.25,532.75,51357
01/20/2015,532.25,539.75,523,537,61898
01/21/2015,537.25,544.5,535.5,536.75,49039
01/22/2015,536.5,542.5,532.5,533.75,43919
01/23/2015,532.75,536,526.25,530,55480
01/26/2015,530.75,534.75,519.25,520.5,51844
01/27/2015,519.5,524.25,517.5,519,40151
01/28/2015,519,520.5,503,505.25,73741
01/29/2015,506,512.25,500.75,507.75,75778
01/30/2015,508,511.75,497,502.75,65410
02/02/2015,503,505.5,492.25,492.75,56554
02/03/2015,493.5,515.75,493,513.75,69942
02/04/2015,514.5,521.75,507.5,511,63677
02/05/2015,511.25,527.75,508.5,525.75,82125
02/06/2015,526.5,534,516.5,527,83378
02/09/2015,527,532.25,521.5,529.75,76916
02/10/2015,527,530.75,518.5,521.75,86434
02/11/2015,520.75,528,515.75,525.75,96606
02/12/2015,523.25,527.75,518.25,521.25,83510
02/13/2015,520.75,534.25,519.5,533,82209
02/17/2015,534.5,548,531.75,534.75,60063
02/18/2015,535.5,539.75,520.25,523.75,60404
02/19/2015,524,529.75,519,519.5,51845
02/20/2015,518.75,523.75,506,507,75161
02/23/2015,507.5,510.5,502.25,504,63379
02/24/2015,504.5,510.75,502.25,503.75,55986
02/25/2015,503.5,505.75,495,497.25,49247
02/26/2015,497,501.25,489.75,500.5,60202
02/27/2015,501,517.75,498.25,513,66717
03/02/2015,513.5,518.75,499.5,500,57373
03/03/2015,501.75,507,493,506,56850
03/04/2015,505,506,494,496,92752
03/05/2015,496.75,496.75,480.25,480.5,87308
03/06/2015,480.75,485.5,478.25,482.5,62779
03/09/2015,483.75,495,483.5,490,55593
03/10/2015,490,496.75,483.25,493.25,51826
03/11/2015,494.5,502,493.75,499,52348
03/12/2015,498.25,513.5,498,507.25,68401
03/13/2015,507.25,513.5,498.75,502,55648
03/16/2015,503.25,515.75,493,514,58004
03/17/2015,515.5,518,503,503.5,50677
03/18/2015,503,512.5,500.75,510.75,43359
03/19/2015,516,520,505.25,512,54524
03/20/2015,511,530.5,510,530,69040
03/23/2015,533.25,540.5,531.75,534,56513
03/24/2015,531.25,531.75,522.5,523.5,55949
03/25/2015,523,528.25,516,519,45913
03/26/2015,519,525.25,498.25,499.25,82231
03/27/2015,499,509,499,507.75,53500
03/30/2015,513.25,531,508.75,530.25,85894
03/31/2015,531.75,531.75,509,511.75,102198
04/01/2015,513,529,506,528.5,82790
04/02/2015,528,544.25,522.5,536.25,90730
04/03/2015,536.25,536.25,536.25,536.25,0
04/06/2015,537.5,543.75,525,527.75,51770
04/07/2015,526,534,517.75,526,79761
04/08/2015,528,530.75,518.25,526.25,90224
04/09/2015,525.5,526.75,513.75,518.75,91692
04/10/2015,518,527.5,515.5,526.5,96539
04/13/2015,518,520,501.5,502.25,103400
04/14/2015,504.25,506.25,496.25,497,88282
04/15/2015,498.5,503.75,490,490.75,69971
04/16/2015,490,495.5,489,494.5,68870
04/17/2015,494.25,499.75,490.75,494.5,44712
04/20/2015,495,499.25,492,498.75,49287
04/21/2015,498.25,505.75,493.75,500.25,76381
04/22/2015,499.75,504.5,495.5,499,47700
04/23/2015,499.25,506,499.25,501.25,58264
04/24/2015,501.5,502.75,487.5,488.5,65970
04/27/2015,488.5,490.5,472.25,473.25,75417
04/28/2015,475,478.5,464,476.25,88286
04/29/2015,476,484,474.25,483.5,61458
04/30/2015,484,488.75,471.75,474,74399
05/01/2015,476,479.25,468.25,474,47839
05/04/2015,471,474.5,466.5,472.75,38874
05/05/2015,471.25,472.75,460.75,466.5,52214
05/06/2015,468.25,482.25,467.5,479.25,73645
05/07/2015,480.5,484,471.25,472.75,58663
05/08/2015,471.5,483,471.5,481.5,36946
05/11/2015,483,484.25,476.25,481,48422
05/12/2015,481,491,478,480.5,101783
05/13/2015,480.75,486.5,471,481.5,67036
05/14/2015,481.5,515.25,480.75,514.25,142026
05/15/2015,515,519.75,506,511,93322
05/18/2015,511,530.25,508,521.75,86568
05/19/2015,519.75,524.75,503.75,510.25,82376
05/20/2015,511,515.75,503,513,79523
05/21/2015,514.5,528,511,522,88049
05/22/2015,521.5,529,511,515.25,73864
05/26/2015,515.25,519.75,492,493.5,100586
05/27/2015,496,496.25,482,487.75,103568
05/28/2015,489,494.75,483,488.75,78454
05/29/2015,488,489.25,474.5,477,79429
06/01/2015,478,495.5,474,493.75,87916
06/02/2015,495.25,513.25,493,512.5,93968
06/03/2015,513.75,526.25,508.25,510.75,114560
06/04/2015,510,524.25,504,523.75,98434
06/05/2015,525,534,516,517,142747
06/08/2015,517,532.75,516,528,101076
06/09/2015,527.5,537.25,524,532.25,109603
06/10/2015,533.25,537.5,512.5,513.5,153035
06/11/2015,514,515.5,502.5,504.25,93411
06/12/2015,504,510.75,500.5,503.75,57435
06/15/2015,503.75,503.75,486,489.25,85937
06/16/2015,489,495,487,488.75,63111
06/17/2015,490.75,499.75,489.75,491.25,63795
06/18/2015,491.5,498,487.25,488,57597
06/19/2015,493,497.5,488.25,492.5,62146
06/22/2015,491.75,508.75,491.25,506,54229
06/23/2015,506.5,528,506.5,527,82287
06/24/2015,527.75,535.25,519.25,523.25,80761
06/25/2015,522.75,539,518.25,538,74014
06/26/2015,538.5,572,536,568,174206
06/29/2015,563,591.5,562.75,583.5,148955
06/30/2015,583.25,617.5,575.75,615.75,146074
07/01/2015,614.5,615,576,588.5,126141
07/02/2015,588,601,574,590.5,82676
07/03/2015,590.5,590.5,590.5,590.5,0
07/06/2015,584.5,599.75,572.25,595.5,94896
07/07/2015,593,593.25,578.25,585.25,86637
07/08/2015,584.25,588.25,573,577.5,60131
07/09/2015,576.5,586.5,575.25,578,62449
07/10/2015,577,588.25,568.5,576,81263
07/13/2015,574.5,576.75,566.5,575.75,56395
07/14/2015,575,582.5,569.25,571,60667
07/15/2015,569.5,569.75,558.5,566.75,70540
07/16/2015,567.5,574,561.5,562.25,60861
07/17/2015,561.75,561.75,546,554,63046
07/20/2015,553,553,530.5,532.75,62785
07/21/2015,533.5,537.75,523.75,524.75,67059
07/22/2015,524,528.25,515.25,516.75,69472
07/23/2015,516.75,527,516.5,521.5,50955
07/24/2015,520.75,523.75,509.5,511.75,52519
07/27/2015,511,511.75,501.25,502.5,59852
07/28/2015,502.5,512.5,501.75,510.75,76714
07/29/2015,512,512.5,495.5,496.25,65484
07/30/2015,495.75,504.75,493.75,496.5,65935
07/31/2015,496.75,503.5,495.75,499.25,61724
08/03/2015,497.25,501.75,490.5,499,55075
08/04/2015,499,506.75,491.25,493.5,60957
08/05/2015,494.25,504.5,492,502,64486
08/06/2015,502,514,498.25,507,87862
08/07/2015,507.75,514,503.75,510.5,78575
08/10/2015,512,530,509.25,525.5,84755
08/11/2015,522.5,524.25,504,507.25,92015
08/12/2015,507.25,514.75,484,492.25,99978
08/13/2015,493,504.75,492,503.25,69276
08/14/2015,503.25,512.25,497.75,506.5,48192
08/17/2015,504.75,509.25,498.5,500.5,39209
08/18/2015,499.5,503.25,493.25,494.25,36298
08/19/2015,495,498.5,491,496.25,37885
08/20/2015,499.25,512.5,499,511.25,64740
08/21/2015,509.25,512,500,504,59364
08/24/2015,502.75,509.25,491.5,508,80651
08/25/2015,510,516,496.5,499.5,89975
08/26/2015,503,504.25,493,494.25,64843
08/27/2015,495,500.25,487.25,489.75,112032
08/28/2015,490,493.5,482.75,483.75,74268
08/31/2015,483.25,486.5,476.5,485,69461
09/01/2015,484.5,491.5,482.25,486.25,72080
09/02/2015,485.75,490,476.5,479,77053
09/03/2015,479.5,479.5,464.75,465.25,85143
09/04/2015,466,469.75,463,467.75,46570
09/08/2015,468,476.75,468,475,51179
09/09/2015,473,481,471,472.25,55628
09/10/2015,472.25,479.5,471.5,478,40087
09/11/2015,478,485.5,468.5,485,73015
09/14/2015,486,501.75,485.75,501.25,78801
09/15/2015,500,503.25,492.25,494.75,56712
09/16/2015,494.75,495.25,483,488.25,56084
09/17/2015,488.25,489.75,480.5,481.5,40378
09/18/2015,481.25,488.75,480,486.75,43255
09/21/2015,485.75,499.25,480.5,496.75,64325
09/22/2015,496.5,496.75,488.25,495.5,50082
09/23/2015,494.5,508.5,493.75,507.5,73894
09/24/2015,507,509,496.75,497.25,53459
09/25/2015,497.75,510.5,496.25,507.75,56874
09/28/2015,508.5,515.5,500,505.5,65965
09/29/2015,506,509.75,500.5,503.75,45715
09/30/2015,503.25,515.5,498.25,512.75,100082
10/01/2015,512,523.75,511.75,518.25,92760
10/02/2015,517.75,523,511.75,513.25,61353
10/05/2015,512.25,518,508.75,515.5,50267
10/06/2015,514,527,513,526.25,67229
10/07/2015,525.75,531.5,515,516.75,67557
10/08/2015,516,522,509.25,511.5,65538
10/09/2015,511,519.5,504,509.25,79551
10/12/2015,507.75,510.5,503.25,506.75,42519
10/13/2015,506.75,521.75,505,519,66097
10/14/2015,518.5,519.75,507.5,508.25,54112
10/15/2015,507.75,512.75,502,502.5,38722
10/16/2015,502.25,506,489.75,492.25,87989
10/19/2015,491.25,493.5,484.25,485.75,69498
10/20/2015,486.25,491.75,483.25,491.25,44629
10/21/2015,491.75,497.5,490.25,494.75,41755
10/22/2015,494.75,500.75,490.5,490.75,48161
10/23/2015,490.75,494,484.75,490.5,69113
10/26/2015,493.25,512,493.25,509,106216
10/27/2015,510,518,506.5,509.25,80985
10/28/2015,507.75,508.75,500,506,70247
10/29/2015,506,517.5,505,515,92771
10/30/2015,515.25,523.5,515,522,82900
11/02/2015,520,522.75,506.75,508,68940
11/03/2015,507.5,517,505.75,516.5,60701
11/04/2015,516,530.75,508.25,526.25,110628
11/05/2015,524.25,529,520.25,526.25,113598
11/06/2015,524.5,526,517.75,523.25,89754
11/09/2015,520.5,521.25,501.25,501.75,127682
11/10/2015,502,504,488,490.75,128994
11/11/2015,491,498,490,494.75,80575
11/12/2015,495,500.5,492.5,498,83535
11/13/2015,496.25,499.75,491.25,495.75,49190
11/16/2015,494.75,498,490,494,40098
11/17/2015,493.5,494,484.5,487.5,66228
11/18/2015,487,490.5,482,485,56273
11/19/2015,484.5,494,482.75,492.25,56955
11/20/2015,490.5,496,487.75,490,48975
11/23/2015,487.25,499.75,486,497.75,75196
11/24/2015,496.75,497.25,487.75,488.5,71565
11/25/2015,488.5,492.5,487.25,487.5,68620
11/27/2015,487.5,487.5,478,479,56487
11/30/2015,477,480.5,475,475.5,98673
12/01/2015,474,480.25,470.75,471.5,68047
12/02/2015,471.5,473.5,465.5,467.25,64591
12/03/2015,467,484,466,478.75,73820
12/04/2015,479.5,485,478.25,484.5,49650
12/07/2015,488,493,482,482.75,77073
12/08/2015,481,484,476.5,481.5,46988
12/09/2015,481.5,491.25,481.5,489.75,53898
12/10/2015,489,498,485.5,495.5,53588
12/11/2015,495.25,498,487.5,490.5,44772
12/14/2015,491.5,497,488.25,493.5,35505
12/15/2015,491,498,486.25,494.25,47874
12/16/2015,493.25,497,483.25,483.5,54919
12/17/2015,482.75,488.25,472.25,484,71392
12/18/2015,486,499,481,486.75,70256
12/21/2015,486,491,478.25,479,43026
12/22/2015,480,482.75,471.25,471.75,43350
12/23/2015,472.5,475,468,469.5,39047
12/24/2015,468.5,471.75,467.25,467.5,20327
12/28/2015,468,472.5,466,466.5,29276
12/29/2015,467.5,476.75,467,475.75,34608
12/30/2015,476.5,479.5,469.25,469.75,39744
12/31/2015,469.75,472.5,468.75,470,22163
01/04/2016,472.75,473.5,456,458.25,75993
01/05/2016,460.25,464.75,458.5,461.25,48052
01/06/2016,461.25,465.75,456.75,462.75,43806
01/07/2016,464,469,456.25,468.5,61291
01/08/2016,468.25,480,467.5,478.5,80603
01/11/2016,481.25,481.5,466.5,469,69330
01/12/2016,470.25,483.25,462.5,481.25,107198
01/13/2016,480.5,484.25,476.5,478,61664
01/14/2016,478,478,468,468.75,58791
01/15/2016,468.75,474.5,465,473.75,49801
01/19/2016,475,479,470.5,474.5,50811
01/20/2016,473,475.5,467.25,471.5,54988
01/21/2016,473,480,470.5,475,64419
01/22/2016,475.5,480,472.5,475.5,46625
01/25/2016,476,483.75,475.5,481.5,67725
01/26/2016,481.5,488.5,478,484.75,67694
01/27/2016,484.75,485.75,473.5,476.5,74816
01/28/2016,477,477,470.5,472.25,50687
01/29/2016,472.25,479.75,470.75,479.25,60420
02/01/2016,476.25,477,471.25,475.25,52421
02/02/2016,475.75,483,473.25,475.25,79546
02/03/2016,475.75,480.5,474.5,480,73153
02/04/2016,479,482.5,472.5,472.75,80096
02/05/2016,473.75,474,465.5,466.75,119780
02/08/2016,466,468.75,457.5,458.5,102088
02/09/2016,458.75,460.25,455,457.5,88717
02/10/2016,457.75,462.75,456.5,461.25,93320
02/11/2016,460.5,465.75,457.75,458.25,101343
02/12/2016,458.75,462,455,457.5,67343
02/16/2016,460.25,465,459.75,464.25,74440
02/17/2016,463.75,470,462.5,468.5,65578
02/18/2016,474.75,475,467.75,468.5,81483
02/19/2016,468,470.5,466.25,466.75,50153
02/22/2016,466,469.5,463.5,464,63214
02/23/2016,463.75,466,455.25,455.75,90775
02/24/2016,455.5,456.25,446.5,451.25,91989
02/25/2016,452.5,456,449.5,454,62484
02/26/2016,455,456.25,449,452.25,63093
02/29/2016,455.25,456.5,450.5,453.25,47896
03/01/2016,453.25,454.75,445.5,446,57559
03/02/2016,447.25,451.5,442.25,450.25,57425
03/03/2016,449.75,462,449,459.75,85020
03/04/2016,459.5,464.5,456,460.75,64053
03/07/2016,465,468.5,461.25,462.75,57547
03/08/2016,461.5,465.75,457,465.25,50894
03/09/2016,465,468.5,461,468.25,54405
03/10/2016,468,477.5,465,477,75540
03/11/2016,476.25,478.5,471.5,475.75,55321
03/14/2016,475.75,479.5,472.75,478.75,42403
03/15/2016,478.5,479.25,473,477.25,38845
03/16/2016,476.75,477,469.75,470.75,38411
03/17/2016,471.5,476,460.25,462.5,83935
03/18/2016,463,464.25,457.5,463,38273
03/21/2016,468.75,472,463.75,466.5,57570
03/22/2016,466.5,470.5,463.25,466.75,46128
03/23/2016,467.5,468,462.5,463,32741
03/24/2016,463.5,464.5,458.5,463,36972
03/28/2016,465.75,477.25,463.5,471,60748
03/29/2016,471,477.5,470.5,476.75,47150
03/30/2016,476,477.5,463,464,72763
03/31/2016,464,475,455.25,473.5,111472
04/01/2016,473.25,476.25,466.25,475.75,56736
04/04/2016,476,479,470.25,474.75,50029
04/05/2016,475,476.5,470,474,40089
04/06/2016,473,473.75,461.5,463,73523
04/07/2016,463,465.25,456.75,457,71619
04/08/2016,457.5,462.5,456.25,460.25,75063
04/11/2016,458,458.75,446,447.25,98255
04/12/2016,448,457,446.5,452.5,85740
04/13/2016,452.5,466.75,450,461.5,105899
04/14/2016,461.5,465.5,454.25,459.75,89398
04/15/2016,459.25,462.25,454.75,459.75,69840
04/18/2016,461.75,477,460.5,472.75,98618
04/19/2016,473,487.75,471,486.25,76315
04/20/2016,493.25,512.75,492.5,512.25,107660
04/21/2016,511,518.5,497.75,503.5,145697
04/22/2016,501,501.25,472.5,474,150518
04/25/2016,473.75,485.5,468.5,477.75,104990
04/26/2016,477.5,488.5,474,487.75,87048
04/27/2016,486,489.25,480.25,483.5,71226
04/28/2016,484.25,497,481.5,485.5,83427
04/29/2016,483.75,490.75,480.75,488.5,70758
05/02/2016,486.75,490,481.25,487.75,58415
05/03/2016,487,492.75,468.25,470.75,115484
05/04/2016,470.75,476.5,468.75,471.25,59826
05/05/2016,471.25,472.5,461.75,463.25,72893
05/06/2016,463,470.25,462,463.75,53288
05/09/2016,463.75,467,454.75,456.5,64161
05/10/2016,457.25,468.75,455.25,461.25,89006
05/11/2016,462,464.75,456.75,459,53685
05/12/2016,459,468.25,457.25,468,64767
05/13/2016,468,477.5,464.75,474.75,74783
05/16/2016,474,476.5,467.5,474.75,48363
05/17/2016,472.75,484.5,472.75,481.75,72298
05/18/2016,481.25,484.75,477,480,60438
05/19/2016,478.5,479.5,462.5,468.75,86369
05/20/2016,467.75,474.5,464.25,467.75,59986
05/23/2016,466,469,461,462,55795
05/24/2016,462.25,470,457.75,464,65469
05/25/2016,464,469,463,466,46823
05/26/2016,465.75,482.25,465.5,481.25,96759
05/27/2016,481.25,484.75,478.5,481.5,69938
05/31/2016,481,483.75,463.5,464.5,96966
06/01/2016,464.5,474.75,463,473.75,63497
06/02/2016,473.5,487,472.75,485.5,89419
06/03/2016,484.25,498.25,482.25,497.25,110552
06/06/2016,496,514.75,496,507.5,113699
06/07/2016,507,513.5,500.75,509,108182
06/08/2016,507.25,524,506,519.5,133758
06/09/2016,518.75,519,506,510.25,101203
06/10/2016,510.25,512.5,494.25,495,120863
06/13/2016,495.5,503.25,490.75,491.25,102644
06/14/2016,491.5,493.5,481.25,485,101158
06/15/2016,485,489.75,477,477.5,72311
06/16/2016,477.5,479.5,471,472.5,64792
06/17/2016,473.75,482.5,472.5,481.25,60941
06/20/2016,480.5,480.75,472.25,473,55550
06/21/2016,487.5,490.5,471.25,472.5,54125
06/22/2016,474.75,478.25,471.5,472.25,56359
06/23/2016,471.75,475,465,465.75,60012
06/24/2016,465.5,466.25,453.25,465,82428
06/27/2016,465.75,470.5,457.75,458.25,63951
06/28/2016,458,467.5,456.25,457.25,63832
06/29/2016,456.75,460.5,443.75,444.5,85592
06/30/2016,445.25,453.5,436,445.5,109975
07/01/2016,445.75,446,428,430.25,82506
07/05/2016,430.25,434.5,415.75,433.5,78350
07/06/2016,432.25,434,421,428.5,60436
07/07/2016,428.5,438.75,424.25,425.5,68787
07/08/2016,425.5,439.5,423.5,435,71695
07/11/2016,437,442,426.5,430.5,70177
07/12/2016,429.75,439.5,423.75,438.5,73812
07/13/2016,438,451.75,436.75,439.75,76628
07/14/2016,439.25,447.75,431,434,70209
07/15/2016,434,439.75,424,424.75,75291
07/18/2016,425,431.75,420.25,429.5,60630
07/19/2016,427.75,428.25,416.25,418,51083
07/20/2016,419.25,423.75,406.5,413,76226
07/21/2016,414,419.75,408.75,417.75,65797
07/22/2016,417.25,427,407,425.25,79071
07/25/2016,425.75,435.25,421,429,86626
07/26/2016,427.5,429.25,414,415,62141
07/27/2016,416.75,421,414,414.75,43287
07/28/2016,414.5,420,408.25,410.25,53143
07/29/2016,411.5,412.75,403.5,407.75,57877
08/01/2016,407.75,415.5,404.75,406,64528
08/02/2016,406,410.5,399.25,401.25,57984
08/03/2016,402,415,401,410.25,62928
08/04/2016,410.5,416,402.5,403.25,52030
08/05/2016,403.25,418.5,403,416,106307
08/08/2016,418.5,423.5,411.5,417,124034
08/09/2016,415,419.25,411.5,417,83056
08/10/2016,416.5,427.5,414.5,421.75,87046
08/11/2016,420,424,413.5,416.25,95028
08/12/2016,416,423.25,406,422.5,78678
08/15/2016,421.25,430,417.25,422,80929
08/16/2016,420,428,414.5,423.5,66779
08/17/2016,423,428.5,419.5,426,42983
08/18/2016,424.5,428,420,427,37234
08/19/2016,426.25,432.5,422.5,427,37130
08/22/2016,444.5,446.25,434.25,435.25,75331
08/23/2016,435,435.25,427,427.5,71588
08/24/2016,426.75,429.25,423.25,426.25,51675
08/25/2016,427,429.75,423,423.75,52261
08/26/2016,422.25,424.5,405,407.5,97558
08/29/2016,407.5,407.75,395.25,397,92409
08/30/2016,396.5,400.75,391.5,392.25,90610
08/31/2016,392.5,395.75,386.75,388.25,66011
09/01/2016,390,397.25,389.5,394.75,59968
09/02/2016,394,401.5,393,399.25,42793
09/06/2016,399,402.75,394.75,398.5,46077
09/07/2016,397.5,405,396,402.75,46846
09/08/2016,402,406.75,398.25,406,45913
09/09/2016,404.75,406,396.75,403.5,47243
09/12/2016,403,410,400,409.25,72426
09/13/2016,409.25,411,399,401,50975
09/14/2016,400,404.25,395,403,54682
09/15/2016,401,406.75,398,399.5,41845
09/16/2016,398,404.75,393.75,403.25,48649
09/19/2016,404,409,399.75,404,44090
09/20/2016,402.25,410,401.5,406,41782
09/21/2016,405,409,402.25,407.75,36279
09/22/2016,405.25,411.75,404.25,405.5,40080
09/23/2016,403.75,409.5,401.25,404.75,43093
09/26/2016,401.75,407,395.25,396,53771
09/27/2016,397.25,405,394,404,58577
09/28/2016,404.5,407.25,401.75,403.25,38996
09/29/2016,401.75,406.75,397.75,399,46714
09/30/2016,398.5,403.75,390,402,88103
10/03/2016,399.75,401.75,391.5,395.5,71418
10/04/2016,396.5,398.25,392.5,395.5,40459
10/05/2016,395,408.5,392,405,79406
10/06/2016,407,409.5,393.5,395.75,79558
10/07/2016,397.75,401,394.25,394.75,60141
10/10/2016,396,405.25,395.75,403.75,65400
10/11/2016,402.75,408.75,401.25,407.25,67512
10/12/2016,405.25,414,396,396.75,93826
10/13/2016,396.5,417,396.5,416,104779
10/14/2016,415.25,428.25,414.75,421,101714
10/17/2016,418.25,425.75,416,423.75,65683
10/18/2016,425,425.5,418.25,420,59033
10/19/2016,420.5,422.25,413,420.25,59981
10/20/2016,419.5,422.75,415.25,417,48329
10/21/2016,417,418.5,413.25,414.5,37252
10/24/2016,414.25,416.75,400.75,402.5,80860
10/25/2016,403.75,406.75,398.75,404.25,58010
10/26/2016,404,414,402.75,411.5,69000
10/27/2016,411.5,418.75,411.25,414.5,59496
10/28/2016,416.25,417.5,407.25,408.5,43537
10/31/2016,411.5,417,408.75,416.25,65886
11/01/2016,416.25,418.25,410.75,414.25,71634
11/02/2016,414.5,420.25,412,417.75,73228
11/03/2016,417.5,420,409,412,67747
11/04/2016,414,415.25,410.25,414.25,44015
11/07/2016,414.25,415.75,406.5,410,72642
11/08/2016,410.5,419.75,408.25,415.25,126289
11/09/2016,416.5,417.75,403.75,406.75,126498
11/10/2016,409.5,414.25,402,404.75,98686
11/11/2016,404.25,407.5,401,403,78618
11/14/2016,402.75,403.75,392.5,394,79324
11/15/2016,394,402,392.75,399,71265
11/16/2016,399.25,401,396.75,397,67113
11/17/2016,397.75,406,396.5,403,59003
11/18/2016,419.5,427.5,416.75,425.25,46657
11/21/2016,425.75,429.75,421.25,427,58935
11/22/2016,426,429.75,422,427.25,69539
11/23/2016,427.25,427.75,417.5,423.75,79482
11/25/2016,424,427,418.5,419.5,48432
11/28/2016,420.25,421.25,414.25,416.5,97046
11/29/2016,415.5,415.75,407.75,408.75,89357
11/30/2016,408.75,414,402.25,402.75,71479
12/01/2016,402.75,404.5,393,395.5,85545
12/02/2016,398.5,405,396.5,404.25,55115
12/05/2016,404.5,410,404.25,408.25,59344
12/06/2016,408.5,413,405.75,406.75,50047
12/07/2016,406.5,407.5,399.5,401,48680
12/08/2016,402,409.25,401.5,408.25,68072
12/09/2016,409,417,403.75,416.25,61543
12/12/2016,416,417.75,408.5,417.25,52862
12/13/2016,417.25,420.75,414,417.5,48919
12/14/2016,417,418.5,413,418,37529
12/15/2016,418,418.25,408.5,409.25,58706
12/16/2016,407.75,411,404.5,409.25,43167
12/19/2016,412.25,413,403,405,49790
12/20/2016,406,407.75,400.25,403.25,33496
12/21/2016,402.5,404.5,399,399.5,31203
12/22/2016,399.25,400.5,396.5,397,35577
12/23/2016,397,398.25,392.75,393.5,30230
12/27/2016,394.5,411,394.5,409.5,65727
12/28/2016,409.75,410,400.25,401.5,42388
12/29/2016,402.5,406.75,402.5,404.75,27426
12/30/2016,404.75,409.25,403.5,408,30189
01/03/2017,408.75,414,405.75,406.5,61242
01/04/2017,406.5,419,404.75,418.5,56780
01/05/2017,418.75,427,416.25,426.25,82571
01/06/2017,425.75,428,421.75,423.25,61928
01/09/2017,424.75,428.25,421,427.25,64744
01/10/2017,426.75,427.25,423.5,426.75,58549
01/11/2017,426.25,426.25,412,418.75,103667
01/12/2017,419,430,414.5,426.25,127315
01/13/2017,426.25,426.75,419.25,426,67956
01/17/2017,426.5,437.5,423.75,433.5,102811
01/18/2017,433.25,434.5,428.25,431,65109
01/19/2017,430.5,430.75,422.75,423.5,61802
01/20/2017,423.5,428.75,421.5,428.25,53710
01/23/2017,429,433.75,427.5,433.25,48831
01/24/2017,433,434.75,426,426.75,54671
01/25/2017,425.75,428.75,423,424.5,43401
01/26/2017,425.25,430.5,421.75,427,55406
01/27/2017,426.5,427.5,419.25,420.5,59296
01/30/2017,417.5,419.25,412.75,414,56793
01/31/2017,414,421.25,413,420.75,55525
02/01/2017,421,434.5,417,433.75,97407
02/02/2017,432.75,437.75,429.75,434.5,70060
02/03/2017,434.5,435.75,429.25,430.25,55589
02/06/2017,429,432.25,422.25,422.5,58474
02/07/2017,422.5,431,419.75,430.75,99600
02/08/2017,430.5,433.25,427.5,432.5,88343
02/09/2017,430.5,444,429.5,443.5,144755
02/10/2017,442.5,450.75,441,449,119899
02/13/2017,447.75,456,444.25,452.25,111354
02/14/2017,450.5,452,446.25,449.5,62444
02/15/2017,449,455.5,446.25,454.75,52993
02/16/2017,466.75,477,458.5,461.25,68910
02/17/2017,458.75,460.75,455,455.5,56510
02/21/2017,454,455,449.25,449.75,59119
02/22/2017,450,458,450,456,65605
02/23/2017,456.5,459,452,453.5,55955
02/24/2017,453.5,454,445.75,448,69770
02/27/2017,446.5,447.75,438,438.75,86054
02/28/2017,440,454.5,439,443.75,98605
03/01/2017,443,457.75,442.25,457,75902
03/02/2017,457,459.5,449.75,452.75,61596
03/03/2017,451.5,455.5,448,453.5,42763
03/06/2017,456.5,462.5,456.25,458.5,52291
03/07/2017,459,460.5,450.75,456.5,52561
03/08/2017,457,457.5,445.25,447,53366
03/09/2017,448.25,450.75,442.25,444,62687
03/10/2017,446,446.5,439.5,440.5,44760
03/13/2017,440.75,442,430,430.5,68827
03/14/2017,431.5,434.5,428.5,430.5,55914
03/15/2017,431,437,430.5,436,47046
03/16/2017,436,440.75,434.5,436,40986
03/17/2017,434.75,437.75,433,436.25,30114
03/20/2017,439.25,442.75,429,430.25,56337
03/21/2017,430.5,430.5,423,426.5,61786
03/22/2017,427,427.25,421.25,422.25,50514
03/23/2017,421.5,424.75,420,421,46354
03/24/2017,421.5,426.25,420.75,424.75,46607
03/27/2017,426,426,418.25,420.75,49575
03/28/2017,421,425.75,419.25,424.5,49684
03/29/2017,424,427.5,422.5,425.5,47679
03/30/2017,425.5,426.25,419.5,421,51450
03/31/2017,422,432.25,416.5,426.5,93283
04/03/2017,430.25,434,427,427.75,68863
04/04/2017,426.75,432.25,425.75,427,57424
04/05/2017,427.25,430.5,425,429.75,66496
04/06/2017,429,430.75,421.75,423.25,48505
04/07/2017,422.75,425.25,419.5,424,83476
04/10/2017,423.75,429,422.5,428.75,77004
04/11/2017,428,434.75,423.75,433.25,136938
04/12/2017,433.75,436.5,431.5,433.25,104895
04/13/2017,432.5,436,428.75,429.75,96527
04/17/2017,430.25,431.25,419.75,421,64851
04/18/2017,421.75,423.75,419,422.5,63623
04/19/2017,436.25,440.5,432.75,434.5,67960
04/20/2017,433.75,437,421,421.75,100729
04/21/2017,421.25,424,416.25,421,108944
04/24/2017,422.25,425,418,419.25,74587
04/25/2017,419.25,429.25,416,427,118107
04/26/2017,427.75,432.5,424.5,426.5,95905
04/27/2017,426,433,425,431.25,82334
04/28/2017,430.5,434.5,429.5,432.25,65181
05/01/2017,438.25,457,438.25,456,149635
05/02/2017,457.5,461.5,448.25,454,137344
05/03/2017,453,456,445.75,454,93400
05/04/2017,453.75,455.25,436,437.75,113337
05/05/2017,438.5,444,436,442.25,58303
05/08/2017,441,441.5,432.75,433.5,63560
05/09/2017,433.5,434.5,428.5,429.5,58568
05/10/2017,429.25,435.75,426,431.75,83535
05/11/2017,431.75,435.5,428.5,433.75,56362
05/12/2017,434.25,437.75,431.25,432.75,47457
05/15/2017,430.25,431,421.5,423.25,65061
05/16/2017,423.25,426,420.25,424.25,66093
05/17/2017,423,432.25,421.5,427,61354
05/18/2017,429.25,429.25,421.25,425.75,65168
05/19/2017,425.25,436.75,425.25,435.25,53555
05/22/2017,437,442.5,434,434.25,66052
05/23/2017,433.5,435.75,428,429.5,63112
05/24/2017,429.25,433,427.5,432.5,44696
05/25/2017,431.5,436,430.25,430.75,43139
05/26/2017,430.25,439,429.25,438.25,46326
05/30/2017,438.5,439.25,426.25,429.5,73964
05/31/2017,433.5,436.25,428.25,429.25,63368
06/01/2017,429.5,431.25,421.25,429,69806
06/02/2017,428,434,426.5,429.5,51791
06/05/2017,428.75,433.25,425.5,429.5,76253
06/06/2017,429.25,440.75,429.25,435.75,100344
06/07/2017,438,448.75,437.5,444.75,120672
06/08/2017,447.25,455.75,446,449.25,133163
06/09/2017,448.75,454.25,443.75,445.75,113956
06/12/2017,443.25,444,431.25,434,103925
06/13/2017,437.25,446.25,436.75,445,97501
06/14/2017,445,452.25,441.75,443,101161
06/15/2017,443,457.25,437.25,453.75,112118
06/16/2017,456,468.5,455.5,465.25,116009
06/19/2017,463.75,473.25,458.5,467,108646
06/20/2017,469,474.75,463,472.5,82653
06/21/2017,488.5,489,478.5,479.5,55875
06/22/2017,479.25,480,470.5,475.25,63274
06/23/2017,477.5,480.5,472.5,473.5,57521
06/26/2017,471.25,474.25,463.5,465.5,70536
06/27/2017,466,472.5,465,469,59809
06/28/2017,469.25,475,467.75,473,62161
06/29/2017,473,498.75,472,496,155708
06/30/2017,496,526,496,526,182641
07/03/2017,538.25,556,533.5,555,147621
07/05/2017,563.75,574.5,536.75,560,186685
07/06/2017,560,560,535,539,155826
07/07/2017,538,545.75,530,535,95454
07/10/2017,540.5,553.5,540.25,550,87063
07/11/2017,552.5,559.25,540.75,553,91544
07/12/2017,548.75,552.25,534.75,537,94071
07/13/2017,534.25,535,509.25,511.75,105944
07/14/2017,512.5,520.5,507,510.75,67755
07/17/2017,509.5,512,502.75,506,58648
07/18/2017,509,517.75,503,503.75,73846
07/19/2017,504,509,500,503,69255
07/20/2017,504.5,508.25,495,505.75,65783
07/21/2017,506.5,510.25,497.5,499.25,68386
07/24/2017,496.25,496.5,483,488.75,88479
07/25/2017,494.75,495.25,473.25,474,89828
07/26/2017,476,481,473,477.75,54913
07/27/2017,478.25,485.5,477.5,479.75,44875
07/28/2017,480.25,489.25,478,481,47748
07/31/2017,478.75,480.75,471.5,474.5,50702
08/01/2017,469,478,460.5,461.25,79691
08/02/2017,462,466.75,455.75,460.75,80099
08/03/2017,461,463.75,454.25,457.75,60877
08/04/2017,457.75,461.5,453.5,454.75,53013
08/07/2017,457.75,464,454.25,463.5,64834
08/08/2017,463.75,468,454.75,457,84916
08/09/2017,457.25,461.5,454,459.5,72625
08/10/2017,459.5,462,439.25,440.5,98958
08/11/2017,441.5,444,434.5,439.25,85589
08/14/2017,436.5,441.75,431,441,70410
08/15/2017,440,440.25,428,429.5,69995
08/16/2017,429.5,435.75,417,419.25,69932
08/17/2017,419.5,422.25,412.25,414,50701
08/18/2017,414,417.75,412,416,32481
08/21/2017,414.5,418.75,408.75,409.5,25213
08/22/2017,438.25,440.5,428.75,429,78797
08/23/2017,429,434.5,428,430,71227
08/24/2017,430,436.75,426.75,434.5,75538
08/25/2017,434.5,438,433.5,435.25,57524
08/28/2017,433.5,436.5,426.5,428,71991
08/29/2017,428,431.25,422.5,429.75,70975
08/30/2017,429.5,433.5,427.25,429.75,57112
08/31/2017,429,437.75,428.5,434.5,77347
09/01/2017,434.5,440,433.25,438.75,61514
09/05/2017,441.25,446.75,439.5,443,66085
09/06/2017,441,448,439.25,445.75,59079
09/07/2017,445.75,446.25,435.75,437.25,53104
09/08/2017,436.75,442,435.5,437.75,46130
09/11/2017,437.75,440,431.5,434.75,43118
09/12/2017,434,443.75,428.25,442,90811
09/13/2017,441.25,449.75,441.25,443.25,76002
09/14/2017,444,450.5,441.75,443,63197
09/15/2017,443.5,450.25,440.75,449,59266
09/18/2017,448.5,450.75,442.25,443.5,51347
09/19/2017,442.75,446.75,435.75,443,69943
09/20/2017,443.25,452,442.75,449.75,61169
09/21/2017,451.75,454.5,445.5,452.5,59377
09/22/2017,452.5,455,448,449.5,57279
09/25/2017,448,454.75,444,454,62346
09/26/2017,453.5,460.75,451.5,453.75,69372
09/27/2017,454,462.75,449,461.5,71799
09/28/2017,462,462,454,455,55519
09/29/2017,455.5,459,446.25,448.25,89072
10/02/2017,446.5,448.5,439.5,444.75,73885
10/03/2017,445,450.5,443.25,448,79562
10/04/2017,448.75,449.25,441.5,442,56198
10/05/2017,443.25,444,438,440.75,56533
10/06/2017,440.5,444.75,438.75,443.5,46015
10/09/2017,444,445.75,435.5,436,58252
10/10/2017,436.75,439.75,434,435.25,51921
10/11/2017,435,435.5,429.75,433.25,69235
10/12/2017,432.5,437.75,428,430.5,72999
10/13/2017,430.75,440.75,430.5,439.5,51555
10/16/2017,440,442.75,435.5,436.5,44776
10/17/2017,436.5,440.75,433.5,434.75,45215
10/18/2017,434.75,435.25,429,430,46266
10/19/2017,430.5,436.25,429.5,432.75,52412
10/20/2017,433,436,425,426,50257
10/23/2017,426.25,438.25,423.75,436.75,79600
10/24/2017,438,438.75,433,438,44507
10/25/2017,438,443,433.75,435.5,56948
10/26/2017,435.5,437.5,431,431.75,44033
10/27/2017,430.5,431.25,424.75,427.25,59086
10/30/2017,427.5,428.25,422.5,424.75,49312
10/31/2017,425,426.25,416.25,418.5,93958
11/01/2017,418.75,422,416.5,418,66275
11/02/2017,417.5,426.75,417.5,426,70604
11/03/2017,427,429,422.25,425.75,67091
11/06/2017,427,431.25,427,430.75,84448
11/07/2017,430.25,431,424,427.25,113496
11/08/2017,427.25,427.5,419,426.75,94736
11/09/2017,425.75,432,423.75,429,155471
11/10/2017,429.5,434.25,426.75,431.5,99814
11/13/2017,432,432,422.25,424.25,110242
11/14/2017,424.75,429.5,423.25,428,93367
11/15/2017,427.75,428.25,418,420,76382
11/16/2017,421.5,424.5,419.5,421.5,65598
11/17/2017,421.5,428,421,427.25,59424
11/20/2017,443,443.75,436,438.5,61192
11/21/2017,438.5,445,436.5,441.25,64934
11/22/2017,441.25,444.5,438.5,440.75,77236
11/24/2017,440.25,440.5,431,434.75,65245
11/27/2017,434,434.5,427.5,428.25,79395
11/28/2017,429,431.25,424.25,429.25,89074
11/29/2017,429.25,435.5,429.25,434.75,89213
11/30/2017,435.75,439,430.5,433,100650
12/01/2017,433,439,432,438.5,63005
12/04/2017,439.5,443,434.25,435.25,58613
12/05/2017,434.25,436.25,431,432.75,47407
12/06/2017,432.25,433.5,424.5,425.25,64579
12/07/2017,425.25,425.75,419.5,421.5,61457
12/08/2017,421,424.75,417.75,419,49109
12/11/2017,418,418.75,410.75,413.5,76944
12/12/2017,413.25,418.75,410.5,410.75,78404
12/13/2017,411.25,417.25,411,416.75,54443
12/14/2017,416.5,420.75,416,418.25,51997
12/15/2017,418.75,421.5,415,418.25,45899
12/18/2017,420.25,423.5,419.5,420.5,47968
12/19/2017,420.5,424,419,419.5,39615
12/20/2017,418.75,424.5,416.25,423.5,54040
12/21/2017,424,427.5,422.5,427,44546
12/22/2017,426.75,429,424.25,424.75,36347
12/26/2017,424,426.75,420.75,422.25,27392
12/27/2017,422.25,428.25,420.75,428,36729
12/28/2017,427.5,428.75,425.25,427.75,31942
12/29/2017,426.25,428,424,427,33015
01/02/2018,428.25,436.25,428.25,433.5,71354
01/03/2018,435.25,437,432,436,70970
01/04/2018,435.75,436,431,434,58728
01/05/2018,433,433.75,427.5,430.75,60263
01/08/2018,430.25,432.25,425.75,427.75,71822
01/09/2018,427.75,433.75,425.25,432.25,63519
01/10/2018,432.25,435,431.5,434.25,62125
01/11/2018,434.25,434.5,428.5,433.25,73166
01/12/2018,433.25,436,418.75,420.5,127587
01/16/2018,420.25,422.75,413.25,416.5,83268
01/17/2018,416.75,423.25,415.5,421.5,53024
01/18/2018,422.25,425.75,421.25,425.25,53107
01/19/2018,425.25,427.25,421.5,422.75,38044
01/22/2018,424.5,427.5,423.25,425.75,51153
01/23/2018,423.5,425,419.75,421.5,57485
01/24/2018,422.25,433.75,420.75,433,113542
01/25/2018,433,438.75,429.5,434.5,91598
01/26/2018,435,442.5,434.25,441,79748
01/29/2018,443,449.75,443,449.25,109243
01/30/2018,454,458.5,449.75,457.25,130214
01/31/2018,458.5,458.75,447.5,451.75,121250
02/01/2018,451,451.5,443.25,451,112717
02/02/2018,449.75,451,445,446.75,67312
02/05/2018,443.25,445.75,438.75,440.25,100967
02/06/2018,442,447.75,438.75,446.25,80120
02/07/2018,449,461.75,447.75,460.5,149038
02/08/2018,461.75,464.5,451.25,456.25,133037
02/09/2018,454.25,456,448.25,449,111933
02/12/2018,452,465,451.5,464,130177
02/13/2018,465,467.25,459,460.75,139468
02/14/2018,458,460.75,453.75,455.75,92771
02/15/2018,455.75,463.5,452.25,461.75,79652
02/16/2018,478,478,470.25,471.5,42134
02/20/2018,474,477.25,462,462.5,81466
02/21/2018,463.25,465,458.25,459.5,69299
02/22/2018,460.25,465,457,464.25,64676
02/23/2018,466,469.25,463.75,464.25,60071
02/26/2018,469.75,476.75,467.75,472.75,100763
02/27/2018,475.25,479,473.5,477,81343
02/28/2018,478,499.5,476.5,495,140220
03/01/2018,495.5,518,489.5,515.5,152314
03/02/2018,514.25,518.5,493.25,500,130285
03/05/2018,506.5,510.25,495.25,509.25,75420
03/06/2018,506.25,507.75,495.25,507,87388
03/07/2018,504.75,509.75,496,497.25,85079
03/08/2018,497.25,502.5,490.25,499.25,91529
03/09/2018,499.5,499.5,486,489.25,67855
03/12/2018,488.5,492.75,483,490.75,65596
03/13/2018,490.5,498,484.75,486.5,85794
03/14/2018,485.5,490.5,483,488.75,64369
03/15/2018,488.75,493.25,476,478.75,76230
03/16/2018,478.75,482.25,467,467.75,78712
03/19/2018,465,466,450.25,450.75,109989
03/20/2018,452.5,457.5,450,453,92600
03/21/2018,453.5,454.5,446.75,453.5,79013
03/22/2018,453.5,459.75,451.25,455.75,64101
03/23/2018,455.25,461.75,446.5,460.25,72432
03/26/2018,462.5,463.75,451.25,454.25,65958
03/27/2018,454.25,457.5,448.75,449,57977
03/28/2018,449.5,452.5,444.5,445.5,55976
03/29/2018,447.5,455.75,441.5,451,89823
04/02/2018,454.25,457.25,445.75,446.25,67069
04/03/2018,448.5,463.5,448.25,457.5,99826
04/04/2018,457,461.5,447,455.75,94458
04/05/2018,458,466,456.5,464.75,73154
04/06/2018,461.5,472.75,459.25,472.25,69843
04/09/2018,478,493.75,474.75,490.75,133935
04/10/2018,492,494,481.75,492,130242
04/11/2018,491,492,483,487.25,101287
04/12/2018,483.5,484.75,474.75,481,80170
04/13/2018,480.25,481.25,469.5,472.5,62655
04/16/2018,466.5,470.25,461.5,462.25,81262
04/17/2018,463.75,470.75,461.5,466.25,55331
04/18/2018,466.25,476,465.5,475.25,51497
04/19/2018,491.75,494,485,490.75,61810
04/20/2018,489.75,491,476.25,477.25,70903
04/23/2018,478,483.25,472.25,474.5,87586
04/24/2018,474.75,485,467.75,484.25,77718
04/25/2018,485.25,501.5,484.5,499,91761
04/26/2018,498.5,504.25,487.25,489.5,84507
04/27/2018,493.25,499,488.75,498.5,57616
04/30/2018,500.75,513.25,500.75,510.5,94965
05/01/2018,512.5,530,506,529.25,116477
05/02/2018,529,534.5,521,526.75,107530
05/03/2018,526,538.5,520.5,538,74654
05/04/2018,537.25,537.25,523.5,526.25,78865
05/07/2018,522.25,524,510.5,511.5,77871
05/08/2018,511,520.25,506.75,514.5,71073
05/09/2018,515.5,515.75,506.25,510.5,59787
05/10/2018,511.25,515,500.25,506.5,76649
05/11/2018,502.75,505.25,497,498.75,51740
05/14/2018,499,499,490.25,491.25,66355
05/15/2018,490.5,496.25,486.25,493.5,74723
05/16/2018,493.75,498.75,491,494.25,56225
05/17/2018,496,505,495,497.5,68134
05/18/2018,497.5,518.75,495.25,518.25,95019
05/21/2018,523,525.5,504.25,507.25,101857
05/22/2018,505.5,530.25,502.75,521.5,121340
05/23/2018,520.75,531.75,517.25,531,91158
05/24/2018,531,545.25,529.25,530.25,136823
05/25/2018,530,544.75,528.25,543,82322
05/29/2018,547.5,554,531.5,536.5,140350
05/30/2018,534.75,534.75,516.5,522,106721
05/31/2018,522,531.75,515.25,526.25,86994
06/01/2018,524.5,528,518.25,523.25,81164
06/04/2018,520.25,521.25,503.25,505.25,104589
06/05/2018,507,518.75,506,510,106924
06/06/2018,509.75,531.25,507.5,519.75,102300
06/07/2018,522.25,537,519.25,526.75,121868
06/08/2018,528.25,533.5,513.25,520,122899
06/11/2018,520,528.25,511.75,514.5,95718
06/12/2018,514.75,538.25,510.25,534.5,145449
06/13/2018,535,538.75,514.5,516.5,123831
06/14/2018,515.75,517,498.25,501.5,113599
06/15/2018,502.5,508.75,487,499.5,96366
06/18/2018,495.5,499,487.75,490,75216
06/19/2018,489.5,490.5,467.5,477.75,102770
06/20/2018,489.5,501,486.5,499.25,82102
06/21/2018,500.75,510,493,506.75,84525
06/22/2018,506.75,509.5,498.5,504.25,56381
06/25/2018,502,503.75,487,490.5,70395
06/26/2018,491.5,496,480.25,483,72866
06/27/2018,483,492.25,481.75,488.5,75596
06/28/2018,487.5,492.75,482.75,483.5,58313
06/29/2018,484.5,509,483.25,501.25,110788
07/02/2018,501.25,509.75,479.5,480.25,94635
07/03/2018,481.25,493,481,491,51972
07/05/2018,496.5,508.5,496.5,505.5,74107
07/06/2018,505,516.25,498.25,515.25,63786
07/09/2018,513.75,514,503.5,508,50299
07/10/2018,507.5,507.75,488,492,78587
07/11/2018,489.75,490.5,471.25,471.75,88367
07/12/2018,474.25,488.5,473,484.5,72578
07/13/2018,483.5,497.75,481.25,497,79595
07/16/2018,495.25,498.5,486.75,488.5,62009
07/17/2018,491,504.25,487.75,497.75,70281
07/18/2018,498.25,505,493.75,494.5,54257
07/19/2018,493.75,505.75,490.25,504.25,57474
07/20/2018,503.5,519.75,503,516,73738
07/23/2018,518,522.5,512,513.75,74226
07/24/2018,511.5,516.25,505.25,510.25,66279
07/25/2018,511.5,545.25,511.25,542.75,145913
07/26/2018,544.75,553.75,532,536.5,128991
07/27/2018,536,542,525.25,530.5,90190
07/30/2018,533.5,551.75,532.75,546.5,72662
07/31/2018,545.5,565,540.5,553.75,97008
08/01/2018,555.25,566,550.75,558.25,100631
08/02/2018,559.5,593,559,560.5,150993
08/03/2018,563.25,567.75,554,556.25,75713
08/06/2018,555,576.25,551.5,574.5,75848
08/07/2018,575.25,586.25,564,568.25,106029
08/08/2018,569.75,578,564.5,570,91814
08/09/2018,570.5,573.75,561.75,564.5,87215
08/10/2018,564.75,574,545.75,546.75,108799
08/13/2018,546.5,549.75,530.5,533.5,94158
08/14/2018,534.75,544.25,532.25,541.75,58391
08/15/2018,541,542.75,528.25,532.25,70666
08/16/2018,532.5,547.75,531,542.25,45520
08/17/2018,542.25,563,535,560.5,64769
08/20/2018,562,562.75,540.75,542.25,41552
08/21/2018,544,544.25,526.25,527.25,38076
08/22/2018,547,552.5,540,545.25,73358
08/23/2018,550.75,554.5,535.5,541.75,77644
08/24/2018,541.75,541.75,535,536.5,70928
08/27/2018,536,536,521.75,522.5,81364
08/28/2018,523,529,518.5,523.25,80926
08/29/2018,523,545,521.25,541.75,121361
08/30/2018,544.75,549.5,530,535,76094
08/31/2018,536.25,548,535.25,545.5,63716
09/04/2018,538,542.5,519.5,531.5,106960
09/05/2018,531.5,538.25,521.25,521.75,59341
09/06/2018,522,524.5,512.5,513.75,63569
09/07/2018,513.25,514.5,507.5,511.25,63766
09/10/2018,512,529,508.25,528.25,66033
09/11/2018,528.5,532.75,517.25,518.75,57172
09/12/2018,519,529.25,500.25,506.75,130565
09/13/2018,505,510,495.25,497,87162
09/14/2018,497,514.25,496,511.5,83037
09/17/2018,513.5,517.75,505.5,506.25,72042
09/18/2018,506.25,514.25,506.25,510.5,58176
09/19/2018,511,523.25,510.5,522.5,59629
09/20/2018,523,525.75,516,524,58421
09/21/2018,521,524.25,515,521.75,41310
09/24/2018,522,531.25,520,527,55279
09/25/2018,525.25,525.75,516.25,520.75,62771
09/26/2018,521.25,527,516.75,517.5,46386
09/27/2018,517.75,522,511.25,513,58588
09/28/2018,513,518,505.5,509,70538
10/01/2018,510,515.25,505.5,509.5,69142
10/02/2018,510.5,524.75,505.25,519.25,92439
10/03/2018,521.25,527.25,514.25,515.25,65957
10/04/2018,515.75,520.75,513.75,518,53592
10/05/2018,518,524.5,517.25,521,47447
10/08/2018,524,525.5,512.75,514,54161
10/09/2018,513.5,520.5,511.25,515,47599
10/10/2018,516.75,518,510.25,510.5,42673
10/11/2018,510.75,521,506.5,508,71251
10/12/2018,507.75,519,507.25,517.25,53301
10/15/2018,518.5,526,514.75,525,53487
10/16/2018,525.75,527,521,523.5,50816
10/17/2018,524,524.5,516,517.5,39427
10/18/2018,516,519.5,511,513,42084
10/19/2018,513,518.5,510.75,514.75,43842
10/22/2018,514,514.25,507.25,508,47980
10/23/2018,508,511.25,505.25,509,47851
10/24/2018,510,510.75,496.75,499.5,76184
10/25/2018,499.75,499.75,485.5,487.25,84387
10/26/2018,487.25,506.75,486.75,505.25,134980
10/29/2018,510.25,515,502.75,507.25,66037
10/30/2018,505.5,507.5,497,499.75,69051
10/31/2018,499.75,501.75,490,500.5,82416
11/01/2018,500.5,510,500.5,508,85216
11/02/2018,507,509.75,502.75,508.75,54361
11/05/2018,511.25,512.25,503.75,507.25,54254
11/06/2018,507.25,514,505.5,512,51325
11/07/2018,512.5,514.25,507.25,510.25,70287
11/08/2018,509.5,517,503.25,507.75,110059
11/09/2018,507.5,508,500.75,502,86759
11/12/2018,502.5,520.75,501.25,519.75,115466
11/13/2018,518.25,520.75,506,507.75,104436
11/14/2018,507.75,511,501,503,80899
11/15/2018,503,509,503,505.5,71987
11/16/2018,505.25,508.75,502.75,506.75,40155
11/19/2018,506.5,507.25,496,498.5,51159
11/20/2018,505.5,509.75,503.75,508.5,51637
11/21/2018,508,512,504.75,506.75,48400
11/23/2018,509,516,506.5,507.25,58953
11/26/2018,510,514.25,509,514,72501
11/27/2018,513,516.75,504,506.5,72734
11/28/2018,506.5,513.25,505.25,511.5,64446
11/29/2018,511.5,514.5,506,507.75,56266
11/30/2018,507.75,519.25,507.25,515.75,64439
12/03/2018,526,529.5,517,521.25,63990
12/04/2018,519.5,523.25,516,522.5,47968
12/05/2018,521.75,522,513.5,518,41692
12/06/2018,518,518.5,510,515.5,46278
12/07/2018,517,532,515.25,531.25,82014
12/10/2018,529.75,531,524.5,525.25,48084
12/11/2018,525,529,517.5,521,59815
12/12/2018,522,528.75,521.75,526.5,51767
12/13/2018,527.25,538.5,527.25,536,78474
12/14/2018,536,538,527.75,530,47819
12/17/2018,531,537.5,530,535.25,37079
12/18/2018,534,536,530,532.75,40246
12/19/2018,532.75,533,521.5,522.5,49708
12/20/2018,524,527.75,521.25,523.5,45087
12/21/2018,522,524,512.25,514,59838
12/24/2018,512,518,511,516.5,22528
12/26/2018,516,520.75,509,510,32515
12/27/2018,511.5,513,507.25,510.5,32657
12/28/2018,511.75,514,509.5,511.5,23190
12/31/2018,512.75,513.5,503,503.25,41278
01/02/2019,502.5,510.75,501.25,506.75,46442
01/03/2019,506.75,516,506,513.75,48800
01/04/2019,513.75,518.75,513,517,41760
01/07/2019,518,518.5,513.5,516.75,41549
01/08/2019,516.5,524.5,513.75,517.75,71731
01/09/2019,519.75,523.75,518.25,520,57344
01/10/2019,519.5,520.25,512,513.75,59321
01/11/2019,513.75,523.75,512.75,519.5,66720
01/14/2019,520,523.5,513.25,514.25,49124
01/15/2019,514.75,518.25,508,511,55274
01/16/2019,511,516.75,511,512.5,43239
01/17/2019,511.5,522.5,509,517.75,65567
01/18/2019,519.75,522.75,515.25,517.75,46812
01/22/2019,518,526,514.25,521.25,75782
01/23/2019,522.5,527,521.75,526,45101
01/24/2019,527,529,521,521.5,50940
01/25/2019,520.5,523,516.75,520,48880
01/28/2019,520.75,523.5,516,518.75,44012
01/29/2019,517.75,522,510.75,513.25,77727
01/30/2019,513.25,518,511.75,516.75,46572
01/31/2019,517.75,520,513.5,516.5,56309
02/01/2019,515.75,526.5,515.25,524.25,80178
02/04/2019,524.75,529,521.25,525.75,74705
02/05/2019,525.25,528.25,520.5,527.25,73338
02/06/2019,527,531.25,524.25,526,73137
02/07/2019,525.25,525.25,512.5,513.25,112345
02/08/2019,514.75,522.25,513.5,517.25,103906
02/11/2019,517.25,519,512,518.25,85556
02/12/2019,518.5,520.75,514.5,520,82836
02/13/2019,519.75,524,518.75,522.25,74961
02/14/2019,521.5,522.5,506,507,103160
02/15/2019,507.75,508.75,499.25,504.25,77011
02/19/2019,505.25,508.5,491,492.25,69519
02/20/2019,492.25,496,479.75,484.25,100613
02/21/2019,484.25,495.25,483.75,491,84179
02/22/2019,493,497.5,488.75,491.75,65609
02/25/2019,494.5,495,472.25,472.75,110953
02/26/2019,473,474.75,463.75,468.25,101106
02/27/2019,468.25,475.5,465.25,466.75,64006
02/28/2019,468,468.75,457.75,459.5,64296
03/01/2019,459.5,461.25,447.25,457.25,87776
03/04/2019,457.25,461.25,454.25,455.5,63265
03/05/2019,457,464,453,462.75,54024
03/06/2019,464.25,464.25,449.25,450,63242
03/07/2019,450.75,451.75,437.5,438.25,86490
03/08/2019,438,444.25,434.25,439.5,76853
03/11/2019,439.5,441.75,427,428.5,79163
03/12/2019,428.5,457,427.5,453,128647
03/13/2019,454,456,440.25,447.25,86960
03/14/2019,447.25,460.75,447,452.75,82961
03/15/2019,452.5,463,448.5,462.25,65527
03/18/2019,463.25,464,454.5,456.75,58389
03/19/2019,458.5,462.5,453.75,456.5,53498
03/20/2019,456.75,465,454.75,464.75,53591
03/21/2019,464.5,467.5,458,466.5,62807
03/22/2019,465.5,473.75,463.75,466,68775
03/25/2019,466.5,471.75,463,469.5,59710
03/26/2019,470,478,467,469.25,83738
03/27/2019,470,471.75,466.5,469.5,61160
03/28/2019,468.5,469.25,459.5,464.5,49566
03/29/2019,463.75,464.75,452.5,457.75,69561
04/01/2019,459.5,468.25,456,462.75,61267
04/02/2019,463.5,465.75,456,464,48157
04/03/2019,463,472.75,463,471,61886
04/04/2019,471,477.5,468,470.75,70274
04/05/2019,469,469.5,464.25,467.75,83156
04/08/2019,467.25,471,461.75,465.25,83285
04/09/2019,462,462.5,456.25,459.5,89059
04/10/2019,459,461.75,455.5,458,65278
04/11/2019,457,462.5,456.75,460.5,78538
04/12/2019,462,465.25,457.5,464.5,62724
04/15/2019,463.75,464,457.75,459.5,79730
04/16/2019,458.75,460.25,442.25,445,90378
04/17/2019,446.5,450,444.75,447,42630
04/18/2019,450,451.5,443.25,448.25,59462
04/22/2019,446.75,448.25,440.75,441.75,59956
04/23/2019,441.25,447.5,439,445,78185
04/24/2019,444.5,445.75,436,438.5,66714
04/25/2019,436.75,443.5,434.5,441.5,65264
04/26/2019,439.75,445.75,439.5,442.5,51353
04/29/2019,443.25,446.75,433.75,435.25,72916
04/30/2019,434.25,435.5,426,428.75,68801
05/01/2019,428,437.75,427.75,436,58077
05/02/2019,436.75,448.5,435.5,444,63492
05/03/2019,445,448,436,438,45325
05/06/2019,430,439.5,428,437.25,46124
05/07/2019,436.5,442.25,431.25,439.5,55740
05/08/2019,440.25,443.5,434.5,439,48905
05/09/2019,437.75,438,428,429.5,54140
05/10/2019,432,434.25,421.5,424.75,63888
05/13/2019,425.5,440.75,418.5,437,75443
05/14/2019,441.25,450.75,438,448.5,66451
05/15/2019,451.5,464,447,448.75,85023
05/16/2019,446.25,468.5,446.25,467,75268
05/17/2019,469,473.25,462.5,465,71721
05/20/2019,469.75,484,468,478.25,86583
05/21/2019,486.25,492.75,474,478.75,99488
05/22/2019,475.75,481,468.5,472.75,65945
05/23/2019,473,485.5,466.25,470.25,78862
05/24/2019,469.75,490.75,467.25,489.5,71570
05/28/2019,495,509.25,494.5,504.75,107854
05/29/2019,515,521.75,487.5,490.5,126551
05/30/2019,488.75,515,482,514.5,101106
05/31/2019,514.5,520,500.75,503,101476
06/03/2019,505.75,522.75,503,519.75,92329
06/04/2019,526,529,501.25,507.25,116942
06/05/2019,507,508.5,488.5,490.75,95346
06/06/2019,492,514,487.75,510,126522
06/07/2019,511,512.75,502,504.5,88355
06/10/2019,505.25,508.5,493.25,507.5,70587
06/11/2019,504,518.75,500.25,518,93396
06/12/2019,519.75,528,513,526.25,98892
06/13/2019,526,536.5,524.75,535.5,80265
06/14/2019,535.5,544,530.75,538.5,77325
06/17/2019,540.25,549.25,537.5,539.5,66171
06/18/2019,539.75,541,525.25,531.5,62463
06/19/2019,533.75,535,519,526.75,73716
06/20/2019,524.75,534.75,519.75,531.75,58249
06/21/2019,532.5,534.75,528.25,530.75,55147
06/24/2019,530.75,544.75,526.75,542.5,67039
06/25/2019,545,549.5,538.25,540,75328
06/26/2019,539.75,547.75,536.25,546.5,99292
06/27/2019,547.25,557.25,541.75,546.75,84424
06/28/2019,546,554.75,522.5,527.25,104285
07/01/2019,530,531,508.5,511.75,74333
07/02/2019,511.75,515.75,501.25,503.25,73244
07/03/2019,502,514.5,501,514,41703
07/05/2019,514,517,505.25,515,38512
07/08/2019,518,519,507.25,511,60682
07/09/2019,510,511,498.75,502.75,69446
07/10/2019,500.25,506.75,498,504.75,63653
07/11/2019,505,523,500.25,521.5,84189
07/12/2019,521.5,525.75,516.75,523,58649
07/15/2019,524.25,531.5,506,507.75,68193
07/16/2019,507.75,510,501,507.5,51260
07/17/2019,507.25,514,502,505.5,40000
07/18/2019,504,505.25,493,493.5,59023
07/19/2019,494.75,516.75,492.5,502.5,64885
07/22/2019,505.25,505.25,487,487.25,69561
07/23/2019,487.75,493.5,483.25,487.25,57807
07/24/2019,487.25,498.75,487.25,497.75,61740
07/25/2019,497.75,507.5,492.25,499.5,66902
07/26/2019,499.5,500.25,493.5,496,39006
07/29/2019,495.25,507.25,492.5,503.5,63097
07/30/2019,502.25,503.25,495,497.25,47667
07/31/2019,497.5,500.5,484.5,487.25,64057
08/01/2019,486.75,488.5,471.75,475.75,79618
08/02/2019,479.25,491.5,476,490.75,74706
08/05/2019,490.25,495,479.25,494.5,70664
08/06/2019,493,495.75,482.75,484,58659
08/07/2019,484,490.25,477.5,488.25,69547
08/08/2019,489.5,502.75,486,498.5,93527
08/09/2019,498.25,505.25,496,499.5,73141
08/12/2019,500,502,466.5,471.75,101997
08/13/2019,471,478.75,465.5,472,80015
08/14/2019,474.75,480,471.25,473.75,54940
08/15/2019,475.75,477.25,468.5,469,50555
08/16/2019,470.25,473,467.25,470.75,41827
08/19/2019,469,470.5,464,465.5,37684
08/20/2019,464.5,468.75,456.75,460,36772
08/21/2019,466.5,468.75,461.75,468,49860
08/22/2019,468,474.5,466,471.75,45884
08/23/2019,471.25,478.5,465.75,477.75,53277
08/26/2019,476,481.25,472.75,475.25,49041
08/27/2019,474.5,479.75,472.75,476.75,50570
08/28/2019,477.25,478.25,468.75,475.25,52036
08/29/2019,475,477.5,471.75,472.75,35366
08/30/2019,472.75,472.75,459.25,462.5,85252
09/03/2019,463,463,450.5,453.5,77118
09/04/2019,454,465,454,460.75,64935
09/05/2019,460.5,469.5,460.25,466.25,46422
09/06/2019,466,466.75,460.25,463.75,32759
09/09/2019,461,476,460.25,474.5,65370
09/10/2019,475.75,483.5,473.75,482.25,54835
09/11/2019,481.5,482.5,475,477.5,45850
09/12/2019,479,486,472.5,483.75,61936
09/13/2019,485.5,491,480.5,483.5,47789
09/16/2019,488,490,482.25,488.75,48636
09/17/2019,487.75,487.75,480.75,484.25,49217
09/18/2019,484.25,492.5,481.75,489.5,49975
09/19/2019,489.25,492,484.5,488,49573
09/20/2019,486.5,491.25,483.5,484.25,37308
09/23/2019,485,487.5,481.25,483,28538
09/24/2019,481.75,484.25,477.5,481.75,38227
09/25/2019,481,482.25,476.25,477.25,34840
09/26/2019,477,486.75,476.75,484.25,47412
09/27/2019,486,490.5,482.5,487.25,34268
09/30/2019,488,501,483.25,495.75,78104
10/01/2019,496.5,499.25,489.75,498.75,59419
10/02/2019,496.5,499,485.25,489,55278
10/03/2019,488,493,485.75,488.75,31835
10/04/2019,489.25,492.25,486.5,490.5,27806
10/07/2019,492,494.5,488.5,489.25,35058
10/08/2019,489.75,502.25,486.75,500.25,58655
10/09/2019,500.5,504.5,497.25,500.25,46017
10/10/2019,499.5,504.25,487.5,493,68283
10/11/2019,491.75,512.75,491.25,508,79998
10/14/2019,513,515,506.75,511,52203
10/15/2019,510,511.25,504.25,507,38047
10/16/2019,505.75,514.25,504.5,513.25,48997
10/17/2019,514.25,527,512.75,525.5,66632
10/18/2019,526,532.75,521,532.25,52046
10/21/2019,532,535,522.75,523.5,53543
10/22/2019,523,532.25,517.25,518,52259
10/23/2019,518,523.75,515.75,520.75,42796
10/24/2019,522.5,523.75,515.5,516,36210
10/25/2019,517.25,522,514.5,517.75,36823
10/28/2019,518,518.5,510,511.75,50217
10/29/2019,513,516,508.25,511.5,51562
10/30/2019,511.25,514,507,509.25,35336
10/31/2019,510,512.25,501,508.75,63621
11/01/2019,508.75,516.5,506.75,516,50941
11/04/2019,514.25,515.25,508,509.75,39525
11/05/2019,511,516,509,515.25,51553
11/06/2019,515.5,521.75,513.5,516.75,62209
11/07/2019,517.5,519.75,511,512.5,71045
11/08/2019,512.5,517.75,505.5,510.25,74097
11/11/2019,508,510.5,503.75,505.75,78285
11/12/2019,506.25,517.25,505.25,517,78046
11/13/2019,516.5,516.75,506.5,509,72652
11/14/2019,508.75,512,505.5,507.75,53537
11/15/2019,507.75,508.5,501.5,502.75,47292
11/18/2019,503.25,510.75,498.5,507.25,59866
11/19/2019,509.5,518.75,509.25,515.25,77709
11/20/2019,515.25,519,511.5,518.75,45707
11/21/2019,518,522.75,511,512,56828
11/22/2019,512,522,511.25,518.75,55380
11/25/2019,518.75,534.75,518.75,533,97627
11/26/2019,532.5,532.75,525.75,531,74316
11/27/2019,530.75,533.25,526,526.75,55141
11/29/2019,530,546,528.5,541.75,61009
12/02/2019,542.75,544,534.25,535.25,69179
12/03/2019,538,541.25,524.25,525.25,82267
12/04/2019,525.25,529.75,522.25,527.5,46872
12/05/2019,527.5,530,522.75,523.75,40864
12/06/2019,523.75,526.75,519.25,524.5,42375
12/09/2019,523.75,526,520.25,522.75,43599
12/10/2019,522.75,528,519.25,523.75,43615
12/11/2019,523.5,523.5,516.75,519.25,47524
12/12/2019,518,534.25,516.25,530.25,65231
12/13/2019,533,536.25,525.75,532.5,63178
12/16/2019,534.75,556.75,534.75,549.75,95740
12/17/2019,553.25,557.25,545,556.25,68511
12/18/2019,553.25,555,545.25,548.25,56331
12/19/2019,547.5,553.5,544,545.25,39716
12/20/2019,545.25,549,538.75,542.25,42735
12/23/2019,543,547,538.75,539.5,33261
12/24/2019,539.5,545,538.5,541,21559
12/26/2019,540.75,552,540.25,549,30244
12/27/2019,549.75,561,549.25,556.25,47946
12/30/2019,560,564.5,551.5,556,42485
12/31/2019,555,559.75,553,558.75,38466
01/02/2020,559.5,567.5,558.25,560.25,49931
01/03/2020,560.75,562,551.75,554.5,42389
01/06/2020,552.5,555.25,546.75,550,47904
01/07/2020,549.5,551,545.5,550.25,41346
01/08/2020,549.5,555.75,545.25,552.75,51322
01/09/2020,553.75,564,552.75,562.25,66455
01/10/2020,562.75,568.5,555.75,564.5,88626
01/13/2020,565.25,565.75,558.5,562.25,51064
01/14/2020,562.25,573,559.25,568.5,69294
01/15/2020,569,578.75,568.25,573.25,78783
01/16/2020,573.5,573.5,560,565.25,58192
01/17/2020,565.5,572.5,564.25,570.5,53130
01/21/2020,572.5,582.75,566.75,581.5,69900
01/22/2020,581.5,592.5,574.5,577.75,84471
01/23/2020,577.75,583,575.25,580.5,55850
01/24/2020,581.75,581.75,569.5,573.5,55232
01/27/2020,567.75,573.25,559.5,572.25,78994
01/28/2020,573,576.5,565.5,569.75,56857
01/29/2020,571,573.25,561,562.25,55030
01/30/2020,562.5,562.5,550.75,560.5,77794
01/31/2020,562.5,566,552.75,553.75,60507
02/03/2020,551.25,558,546.5,555.5,83000
02/04/2020,554.25,564.25,553.5,557.25,69486
02/05/2020,559.25,563.75,555.5,562,52869
02/06/2020,563.75,565.5,555.75,556.25,51963
02/07/2020,557,563,553.25,558.75,59004
02/10/2020,558.75,560.75,551,552,100463
02/11/2020,551.5,551.75,539,542,166632
02/12/2020,541,549,538.25,547.5,91895
02/13/2020,548.5,550.5,540.75,544.25,85047
02/14/2020,544.75,549.5,542,542.75,60531
02/18/2020,549.25,570.75,548,566.75,123526
02/19/2020,560,564,551.5,562.5,73152
02/20/2020,562.5,564.75,556.5,559.25,56296
02/21/2020,559.25,568.25,551,552,84361
02/24/2020,551.5,551.5,532.5,534.75,101992
02/25/2020,537,539.5,528.5,537,75522
02/26/2020,537,540,532.75,535.75,60616
02/27/2020,534.5,535,526.25,527.5,72565
02/28/2020,525.5,526.5,512.5,525,83266
03/02/2020,520,528.5,516.25,523.25,77386
03/03/2020,523.75,534,521,527.25,72326
03/04/2020,525.25,526.25,516.75,518.25,56772
03/05/2020,520.25,523.75,514.5,518.75,61927
03/06/2020,518,520.75,510,515.75,55240
03/09/2020,509,522.5,505.75,518.75,89038
03/10/2020,520,525,514,522.25,69063
03/11/2020,521.75,524.75,511.75,512.75,58877
03/12/2020,510.5,510.75,497.25,505.5,85895
03/13/2020,505,513.75,499.5,506,66238
03/16/2020,503,507.25,491.75,498,78982
03/17/2020,496.25,506.5,494.5,499.25,65543
03/18/2020,500.75,512,494.5,508.25,65279
03/19/2020,508.5,540.5,508.5,535,103082
03/20/2020,534.5,547,533,539.25,66708
03/23/2020,539.5,563.25,537.25,562.5,86808
03/24/2020,560.5,562.5,549.75,561.5,67261
03/25/2020,560,583.25,556.75,580,97558
03/26/2020,579.5,583,564.5,569,76661
03/27/2020,569.5,587,563.5,571.25,83840
03/30/2020,572.25,580.75,562.75,569.5,57513
03/31/2020,569.75,575.25,564.25,568.75,66203
04/01/2020,567.25,571.75,546.5,550.25,67309
04/02/2020,550.25,553.25,538.25,541.75,46926
04/03/2020,541.75,556.5,541.5,549.25,39986
04/06/2020,550,561.75,549.75,555.75,44545
04/07/2020,555.25,555.75,545.25,549.25,67148
04/08/2020,551,554.5,545,548.25,57533
04/09/2020,549.25,558.75,546.75,556.5,63609
04/13/2020,560.75,564.5,552.5,555,53253
04/14/2020,555.75,556.75,546,548.75,53925
04/15/2020,546.5,548.75,529.75,540.25,67687
04/16/2020,538.75,545.25,528,529.75,31461
04/17/2020,528.5,536,524.5,533.5,21012
04/20/2020,536,562,535.25,548.75,40953
04/21/2020,550.5,554.75,540.5,546.25,60051
04/22/2020,546.75,548.75,537.25,543.75,52877
04/23/2020,542.5,552,539,544.75,57685
04/24/2020,547.5,549.5,529,530.5,67208
04/27/2020,532.5,533,521.25,524.75,58311
04/28/2020,526.75,531.75,520.25,526,47579
04/29/2020,526,526.25,510.5,516.5,59885
04/30/2020,516.5,525.25,506.75,524.25,67217
05/01/2020,522.5,522.75,513.75,516.5,38470
05/04/2020,510,521.25,505.75,519.5,63198
05/05/2020,518,522.75,512.25,520.75,48146
05/06/2020,520,521.75,513,517.5,41049
05/07/2020,517.25,527,516.5,522.5,49199
05/08/2020,519,525,517,522,34090
05/11/2020,524,528,516.25,517.25,50116
05/12/2020,518,518.25,507.75,514.5,56300
05/13/2020,514.25,514.25,500.25,501.75,58350
05/14/2020,500,506,496.75,502.25,44141
05/15/2020,502.5,508,497.5,500.25,46931
05/18/2020,501.5,502.75,493.75,497,42218
05/19/2020,496.75,501.5,496.25,498.75,43782
05/20/2020,499.5,517.75,496,513.75,87800
05/21/2020,515,524,512,516,75219
05/22/2020,515,516.25,503.25,508.75,56551
05/26/2020,504.25,512.25,504.25,506.75,48956
05/27/2020,507.75,511.75,501.25,504.5,41180
05/28/2020,505.25,518.75,503.75,514.5,64133
05/29/2020,513.5,522.25,511.75,520.75,50836
06/01/2020,520,520.75,511.5,515.25,62138
06/02/2020,517,517.25,506.75,508,76980
06/03/2020,509.75,515.5,506.5,512,70048
06/04/2020,512.25,529,512,523.75,76243
06/05/2020,526.75,527.75,513.25,515.25,93436
06/08/2020,517,517.75,508.5,511.5,89831
06/09/2020,512,514,500.75,504.5,105093
06/10/2020,505,509.25,502.5,506.25,77126
06/11/2020,508.75,509,498.5,499.25,90884
06/12/2020,499,504.75,495.25,502,68425
06/15/2020,499.75,505.5,497.5,504.75,51218
06/16/2020,506.5,507.25,491,496,67274
06/17/2020,494.5,495.75,487.25,488.75,60132
06/18/2020,488.5,492,480.5,483.5,51883
06/19/2020,487.25,490.5,481,485.25,61095
06/22/2020,484.5,490.5,481.75,489.5,55123
06/23/2020,489.5,493.25,483.75,491,56648
06/24/2020,491.25,492.5,484.5,485.75,44707
06/25/2020,483.25,491.75,483.25,488.25,83437
06/26/2020,488,489,471,475.75,93035
06/29/2020,475.25,491.5,475,486.5,82163
06/30/2020,486,498.75,481.25,491.75,81381
07/01/2020,492,499.75,489,498.75,73728
07/02/2020,498.25,499.25,488.5,492,39623
07/06/2020,494,496.5,487.75,493.25,46446
07/07/2020,494.25,500,489.75,495.25,62851
07/08/2020,495.5,517.5,494.75,516.5,111164
07/09/2020,516.5,531.25,515.75,525,127127
07/10/2020,524,539,520.5,534,122383
07/13/2020,528,535.5,522.25,524.75,80879
07/14/2020,523.75,533.5,522.75,526.75,59738
07/15/2020,527,551.75,526.75,550.75,97654
07/16/2020,550,551.5,534,535.25,96898
07/17/2020,535.75,540,530.75,534.75,50417
07/20/2020,535,535.25,517,522,84615
07/21/2020,520.5,531.5,518.5,527.75,62298
07/22/2020,525.75,540.25,523.75,534.5,59562
07/23/2020,534.75,536,527,529.5,46720
07/24/2020,530.75,544,530,539.5,61238
07/27/2020,538.75,539,526.25,527.75,47270
07/28/2020,526.5,529.75,519.25,523.5,51347
07/29/2020,523.5,533.25,523.5,532.75,42240
07/30/2020,531.75,534.5,525,529.5,47622
07/31/2020,528.5,535.25,528.5,531.25,44131
08/03/2020,527,528.25,517,521,71428
08/04/2020,521,521.25,507.75,508.25,82315
08/05/2020,508.25,512.75,506,510.75,67342
08/06/2020,510.75,515,500.75,501.25,86498
08/07/2020,501.25,503.75,490.5,495.5,85959
08/10/2020,495.25,497.25,490,491,76700
08/11/2020,491,498.75,490.5,495,83770
08/12/2020,495.75,498,488,491.25,90879
08/13/2020,490,500.75,489,496.75,82622
08/14/2020,495.5,507.75,493.5,500,73075
08/17/2020,500.5,517.5,500,516.5,66200
08/18/2020,516.25,517.5,503,507.5,50255
08/19/2020,507.25,514.25,506.25,512,49510
08/20/2020,522,529.25,515.75,528.5,64833
08/21/2020,529,535.5,523.75,535,72611
08/24/2020,535.75,540.75,524,527.75,88962
08/25/2020,530,542,528,535.5,82240
08/26/2020,535.25,540.5,531.5,539.75,68440
08/27/2020,539.75,552.25,538.75,550.75,75525
08/28/2020,551.25,555.5,547.5,548.75,73487
08/31/2020,548.75,560.25,547.25,552.25,69399
09/01/2020,550,568.5,548.25,564,108138
09/02/2020,565,565.75,554.75,558.25,71444
09/03/2020,557.75,561,550.5,553.25,61855
09/04/2020,553.5,556.25,546.5,550.25,44215
09/08/2020,549,551,542.5,544.25,64925
09/09/2020,544.5,549.5,541.5,543.75,51247
09/10/2020,543.75,556.75,542.75,548.25,68381
09/11/2020,548.25,552.25,539.75,542,69129
09/14/2020,542.5,547.75,539.75,545.75,50141
09/15/2020,546,547,533.75,538.25,60557
09/16/2020,535.5,543,533.25,542,47771
09/17/2020,542,557.25,537.25,556.25,76815
09/18/2020,555.75,578,555.5,575,96514
09/21/2020,576.5,578.25,550.5,554.75,96691
09/22/2020,553.5,567,550.25,558,75824
09/23/2020,558.5,560.25,547.25,549,59472
09/24/2020,548,554.25,541,549.75,71785
09/25/2020,552.25,552.5,543.75,544.25,45607
09/28/2020,545.25,551.75,537.75,550.25,60680
09/29/2020,551,553.25,546,549.5,45637
09/30/2020,548.75,587,547,578,122156
10/01/2020,574,584,568.5,570.25,76218
10/02/2020,569.25,576.5,561.25,573.25,53063
10/05/2020,574.5,587.75,573,584.25,60417
10/06/2020,585,601.75,579.75,592.75,83093
10/07/2020,591.25,611.5,588.5,607.5,102217
10/08/2020,608.75,616.75,593.25,595.25,95298
10/09/2020,594,606.75,588.75,593.75,85707
10/12/2020,592.5,599,587,594.25,63837
10/13/2020,596.25,604.25,590.75,594,56418
10/14/2020,594.75,600.25,587.25,596.75,58370
10/15/2020,596.75,619.5,596.5,618.25,90299
10/16/2020,618.5,630.75,615.5,625.25,88883
10/19/2020,631,636.75,620.25,627,86964
10/20/2020,628.5,638.25,623.5,632,78897
10/21/2020,634.5,637.5,628.75,629.75,61377
10/22/2020,628.5,632.25,621.25,622.75,63702
10/23/2020,623,635.5,619.5,632.75,62523
10/26/2020,632.75,633,616,620,66899
10/27/2020,618.75,627,614.75,615.75,63486
10/28/2020,614.5,614.5,600.75,608.75,72239
10/29/2020,609.75,611.25,598.5,603.75,69893
10/30/2020,602,607.25,595.25,598.5,69807
11/02/2020,593.25,609.5,591,607.5,75087
11/03/2020,607,616.5,604,608,70891
11/04/2020,607.75,610.5,597.75,606,66077
11/05/2020,606.5,626.25,606,609.25,97072
11/06/2020,607.75,615.75,601.75,602,90704
11/09/2020,602.25,607,595,597.5,91438
11/10/2020,597.25,613,594,608.5,134343
11/11/2020,607,613.5,595.5,598,107814
11/12/2020,596.25,598.75,587,588.25,91052
11/13/2020,586.25,596.25,580.25,593.5,75903
11/16/2020,593.75,601,586,598,87084
11/17/2020,598,603.25,592.5,595.25,73204
11/18/2020,603,611.75,600,606.5,59833
11/19/2020,606.75,608.25,597,598.75,57297
11/20/2020,597,604.75,596.75,599.5,71620
11/23/2020,602,610,601.5,604.5,70487
11/24/2020,604.5,618.5,599,617.5,83622
11/25/2020,619,622.75,595.25,596.5,100173
11/27/2020,600.5,607.75,598.5,606,70548
11/30/2020,607.5,609.25,584.25,585,89949
12/01/2020,585,589,574,577.25,90655
12/02/2020,578.25,592.5,574.75,588.5,71015
12/03/2020,588.5,591,579.75,584.5,50412
12/04/2020,585,585.5,575.25,575.5,37280
12/07/2020,574.25,579.75,565.5,577.5,52656
12/08/2020,575.25,577.25,569.25,570,43910
12/09/2020,570.5,585,567.25,583.25,55893
12/10/2020,586.75,599.5,584,596.5,74491
12/11/2020,597.25,619.25,590.25,614.5,81972
12/14/2020,618,622,595.75,596.5,74274
12/15/2020,597.25,605.75,594.25,599.75,51418
12/16/2020,602.25,607.75,589.75,598.5,56478
12/17/2020,599.75,610,598.5,608.75,43431
12/18/2020,611.5,614.75,604.5,608.25,40665
12/21/2020,610.25,615.25,596.5,611.25,48422
12/22/2020,615.5,619.75,603,617,55034
12/23/2020,615.25,633.75,610.5,629.75,69513
12/24/2020,631,633.75,623.5,627,35656
12/28/2020,627,631.5,607,614.25,53532
12/29/2020,614.25,623.25,611.5,618.5,35420
12/30/2020,620,643.5,614,640.75,71654
12/31/2020,640,644.5,632.5,640.5,44927
01/04/2021,643,650.25,634,642,66782
01/05/2021,641.5,664.5,639.5,654,81173
01/06/2021,654,660.25,646,647.5,60850
01/07/2021,646.75,648.25,638,642.25,47486
01/08/2021,644.75,649.5,634,638.75,51084
01/11/2021,639,651.5,628.75,634.75,58069
01/12/2021,636.25,670,634,665,80416
01/13/2021,665,680.75,656.25,660.5,80724
01/14/2021,660,673.25,653,670,63304
01/15/2021,671,693,664.5,675.5,75385
01/19/2021,683.75,691.25,668.75,672.25,63501
01/20/2021,675.25,676,656.5,667.75,66033
01/21/2021,666.5,674.75,657.75,660.75,50212
01/22/2021,658.5,659,633,634.5,73242
01/25/2021,633,651.5,624.25,648.5,64721
01/26/2021,646.75,667.75,641.25,665.25,68363
01/27/2021,663.25,672.75,652.5,658.25,54190
01/28/2021,655,664.5,643.5,647,65434
01/29/2021,646.25,664.75,643,663,57057
02/01/2021,663.5,671,646,651,55799
02/02/2021,655,656.75,640.5,644.75,46873
02/03/2021,646.25,649.75,625.75,648.25,77131
02/04/2021,647.25,650.5,633,637.5,66019
02/05/2021,634.75,647.5,632.25,641.25,72272
02/08/2021,643,657.5,642.5,655.75,102705
02/09/2021,657.75,660.5,639.75,649.5,124145
02/10/2021,649.5,650.5,626.75,635.5,98577
02/11/2021,636.5,644.75,632,633.5,79697
02/12/2021,632.5,643,632,636.75,58371
02/16/2021,648,660.25,640.5,657.5,50195
02/17/2021,664,665,642.25,648,64130
02/18/2021,647.75,668.75,645.25,665.25,86249
02/19/2021,667.75,672,653,655.5,70671
02/22/2021,658.25,671,655.75,669.75,54685
02/23/2021,671,672.5,661.25,670.25,52734
02/24/2021,670.5,688.5,668.75,685.5,72148
02/25/2021,681.5,686,666.25,675.75,64118
02/26/2021,672.25,674,658.25,660.25,52584
03/01/2021,662.5,666.75,647.75,650.25,49408
03/02/2021,652.75,668.75,645.5,666.25,61521
03/03/2021,663,666,650.75,656,45101
03/04/2021,654.75,662,647.25,651,52487
03/05/2021,651,660.75,646.75,653,40759
03/08/2021,659.75,662.75,639.5,646.5,60979
03/09/2021,646,657.75,643.75,656.5,61549
03/10/2021,656.75,656.75,641.25,652.5,45997
03/11/2021,651.5,656,639,642.5,50095
03/12/2021,643.75,645.75,637.5,638.5,33173
03/15/2021,637.75,647.75,636,645,40093
03/16/2021,645.5,648,631.75,647,51099
03/17/2021,646.25,649.5,639.25,640,36147
03/18/2021,640,641,629,630.5,47127
03/19/2021,629,635.5,621.75,627,50144
03/22/2021,627.5,630.75,621.25,627.25,36124
03/23/2021,628,644.5,621,634.75,68769
03/24/2021,635,638.75,624,624.75,45577
03/25/2021,624.75,625.5,609,612.5,60632
03/26/2021,611,619,608.25,613.25,43922
03/29/2021,615.75,617.75,607.25,616.75,38587
03/30/2021,616.25,616.75,600.5,601.75,52667
03/31/2021,603.25,631.75,593.25,618,90267
04/01/2021,623,625.75,601.25,611,73406
04/02/2021,611,611,611,611,0
04/05/2021,607,625,607,618,52004
04/06/2021,622,627.5,613.75,615.5,58043
04/07/2021,615,619.75,609.75,616.25,73524
04/08/2021,618,631.5,616,628.75,87000
04/09/2021,628.75,646.5,627.25,638.75,103881
04/12/2021,638,639,623,628,101809
04/13/2021,630.25,637.25,628.25,629.75,78362
04/14/2021,630.75,655.75,630.75,648,117768
04/15/2021,647.25,657.75,639,653.75,61426
04/16/2021,652.5,659.75,648.25,652.5,34884
04/19/2021,653,660.75,651,652.25,28587
04/20/2021,651.5,679,650.25,659.75,43162
04/21/2021,664.25,680,660.5,675,76254
04/22/2021,676,715,674.25,710.5,130978
04/23/2021,710,715.25,701.25,712.25,91462
04/26/2021,714.75,746,714.75,739.5,116214
04/27/2021,736.5,769.5,726.5,732.75,125982
04/28/2021,733,741.25,711.5,722.75,102593
04/29/2021,720.75,733.75,714.25,729,78280
04/30/2021,728,736.5,717,734.75,62004
05/03/2021,739.75,753.5,713.25,718,85140
05/04/2021,722.25,733,716.25,726.75,62927
05/05/2021,727,746,718.25,744.5,55506
05/06/2021,746.75,755.75,732,753.25,70253
05/07/2021,753.25,767.5,745.25,761.75,61179
05/10/2021,754,760.75,727.25,730.5,76543
05/11/2021,727.75,749,722.75,741.75,64307
05/12/2021,745,751.5,724.25,729.75,59467
05/13/2021,733.25,734.25,690.75,701.5,89480
05/14/2021,706.25,724.25,699.5,707.25,78110
05/17/2021,704,707.5,692,699.75,53086
05/18/2021,702.5,718.5,692.5,698,61420
05/19/2021,698,699,671.5,679.25,77673
05/20/2021,682.25,688,672.25,675.25,55313
05/21/2021,675.5,677.5,665.75,674.25,52438
05/24/2021,667,668.75,653.25,662.25,57246
05/25/2021,663.25,667.5,646.75,656.5,64769
05/26/2021,657,657.75,639.5,648.5,59945
05/27/2021,648.25,679.5,648,676.25,65470
05/28/2021,676,679.75,661.25,663.5,53338
06/01/2021,673.25,702,672,693.5,75697
06/02/2021,692,701.5,681.5,687.5,65956
06/03/2021,689.5,699.25,669.25,676.25,60414
06/04/2021,678.5,690.25,676.25,687.75,53516
06/07/2021,694.25,704,678.5,680,103023
06/08/2021,682.5,699.25,680.25,685,91988
06/09/2021,685,686,673.5,682.25,91316
06/10/2021,684,689.25,672.75,683.75,103902
06/11/2021,682.25,688,669.5,680.75,69702
06/14/2021,680.5,680.75,657,674.5,67693
06/15/2021,674.5,676.25,649,661.5,68469
06/16/2021,662,672.75,658.75,662.75,61563
06/17/2021,663.75,667,637.25,639,68262
06/18/2021,639,668.5,639,662.75,50758
06/21/2021,662,675.75,649.25,665,55902
06/22/2021,670,676.5,654.75,655,62074
06/23/2021,657.25,672,657,663.75,63510
06/24/2021,662.5,662.5,644.5,652,68728
06/25/2021,651.5,658,637,640.75,62418
06/28/2021,640.25,659.25,639.25,651.5,71119
06/29/2021,657,663.5,644.5,646.25,71715
06/30/2021,645.5,681,632.25,679.5,88625
07/01/2021,679,694.25,665,665.5,84152
07/02/2021,667,673,648.25,652.75,58508
07/06/2021,638,638,615.5,626,91321
07/07/2021,623.25,634.25,618,622.25,53500
07/08/2021,624.25,627.75,616.5,618,51151
07/09/2021,619.75,620.75,609.5,615,46846
07/12/2021,614.5,645.5,610.25,640.75,81513
07/13/2021,640.5,644.75,630.5,633.75,68198
07/14/2021,635,657.5,632.5,654.25,60001
07/15/2021,653.75,673.5,651.25,672,56836
07/16/2021,671.75,696.25,670.75,692.5,73311
07/19/2021,702.75,709.5,694.25,697.75,74215
07/20/2021,698.75,718,698.25,700.5,64013
07/21/2021,701,712,700,710.75,52745
07/22/2021,708.25,709,681.75,692.25,63077
07/23/2021,688,696.75,677.5,684,40614
07/26/2021,684,684,665.5,677,43684
07/27/2021,680.25,690,671.75,674.5,50027
07/28/2021,675,696.25,673.75,688.75,49232
07/29/2021,689.75,706.75,689,705.25,45524
07/30/2021,705,711.5,695,703.75,50807
08/02/2021,704,731.75,704,729.5,62786
08/03/2021,727.5,734.75,717.75,724.5,73891
08/04/2021,724.25,738.75,714.5,717.25,75455
08/05/2021,714.75,725.5,709.75,712.75,62604
08/06/2021,712.75,724.75,709.25,719,79476
08/09/2021,719,723.75,708.25,711.25,84297
08/10/2021,711,730,708.5,727,85502
08/11/2021,726.75,732.25,718.75,727,98740
08/12/2021,724,762,723,753.5,109432
08/13/2021,753,774.75,747.5,762.25,84848
08/16/2021,762.5,770.25,757.75,760.5,62047
08/17/2021,762.5,763.75,732.25,734.5,63610
08/18/2021,734.25,740.5,721.75,737.25,33614
08/19/2021,737,737,716,727.5,37059
08/20/2021,742.5,747.75,723.5,728.25,59297
08/23/2021,726.25,745,724,733.5,44836
08/24/2021,737,737.5,724.75,732.25,58664
08/25/2021,732.25,734,718.5,725.5,60002
08/26/2021,727.25,741,723.25,739.25,55074
08/27/2021,740.5,745,731.75,732.5,60251
08/30/2021,734.75,743.5,722.25,723.5,63754
08/31/2021,723,725.5,707,722.25,103560
09/01/2021,723.5,729.5,709,714.25,67830
09/02/2021,714.25,721.25,705.5,717,57676
09/03/2021,717.25,727.5,712,726.25,51602
09/07/2021,724,733.25,714,719.75,53990
09/08/2021,720,724,707.5,709.5,47143
09/09/2021,711,711.25,691.5,692.25,67217
09/10/2021,692,695.75,677,688.5,66325
09/13/2021,690,690,679,687,43600
09/14/2021,686.75,701.5,685.25,700.75,55986
09/15/2021,700,714.75,695.25,712.25,51075
09/16/2021,711.25,716.75,705,713,40246
09/17/2021,713.75,716,706.5,708.75,31524
09/20/2021,708,710.75,695.75,700.75,37449
09/21/2021,700.25,701,686,690.25,43195
09/22/2021,689.5,706.75,688,705.75,37475
09/23/2021,708.5,719.5,704,717.75,46804
09/24/2021,718.5,725.75,711.5,723.75,44836
09/27/2021,723.5,728.5,720.25,722.25,32063
09/28/2021,722,726.75,706,706.5,54403
09/29/2021,709.25,717.75,708.25,710.25,38927
09/30/2021,711.25,732.75,701.25,725.5,71326
10/01/2021,725,758.5,722.75,755.25,81517
10/04/2021,752.25,763.5,748.5,756.5,54746
10/05/2021,756.25,757,743.75,744.75,45227
10/06/2021,744.75,756.75,742.25,746,44642
10/07/2021,746,752.5,739.5,741.25,42606
10/08/2021,739.25,746.5,731.75,734,45972
10/11/2021,734,739.5,731,731.75,32210
10/12/2021,731.75,743.75,718,734,57859
10/13/2021,736,737.75,712.75,718.75,57903
10/14/2021,718.75,729.5,718.5,724.75,39585
10/15/2021,725,740.5,722.25,734,37904
10/18/2021,734,738.75,728.5,736.25,31460
10/19/2021,736,745.25,735.25,736,37740
10/20/2021,737,750,736.5,749.25,35078
10/21/2021,749.75,752.5,738.25,741.25,33633
10/22/2021,743.75,759.5,743.5,756,50204
10/25/2021,759.75,767,753.25,759.5,42579
10/26/2021,763,765,747.5,752.25,53537
10/27/2021,750.5,762.75,745,759.75,49839
10/28/2021,760,780,751.5,772.5,57331
10/29/2021,773.25,780,763.5,772.75,45633
11/01/2021,774.5,800.5,768.25,797.25,73027
11/02/2021,798.5,807,789.75,791.5,65894
11/03/2021,790.5,796.75,777.5,781,53180
11/04/2021,782,794.25,772.25,773.75,51270
11/05/2021,774.75,781.5,765.5,766.5,74613
11/08/2021,768.25,773,762.5,768,75813
11/09/2021,769.25,783.25,764.5,778.5,81300
11/10/2021,783,803.75,778,803,85821
11/11/2021,803,824.75,798.25,812.5,107495
11/12/2021,814.25,826.75,805.5,817,61908
11/15/2021,819.75,829.5,813.25,826.25,57377
11/16/2021,827.5,827.5,810,810.25,58357
11/17/2021,812,835,810.5,822.25,63821
11/18/2021,824.25,843.25,819.25,820,63590
11/19/2021,831.75,841.25,823.75,834.25,52842
11/22/2021,838.75,859.5,836.75,857.5,59625
11/23/2021,857,868.25,849.5,867.5,50430
11/24/2021,867.5,874.75,847,850.25,80016
11/26/2021,833,845.25,823.25,840.25,47988
11/29/2021,853.5,855.25,818.75,822.25,69517
11/30/2021,824.25,824.25,782.5,787.25,87308
12/01/2021,791.75,799,785.5,790.5,55934
12/02/2021,790.25,820.5,789.5,815,67349
12/03/2021,818,822.75,796.5,803.75,56505
12/06/2021,810.75,812,789.5,806.25,41088
12/07/2021,808.5,813.5,797.5,808.5,35269
12/08/2021,810,812,790.75,794.5,38721
12/09/2021,796,796.5,770.5,776.75,63021
12/10/2021,779,788,768,785.25,35371
12/13/2021,784.75,794,776,788.75,39616
12/14/2021,789.5,792.25,777.5,787,34152
12/15/2021,787,787,751,756,77464
12/16/2021,757.5,773,751.25,770.5,50771
12/17/2021,770,780.25,765.25,775,35883
12/20/2021,777.5,778.75,757.75,777.75,38677
12/21/2021,778.5,799.75,772.5,799,46149
12/22/2021,796.75,817,792,814,48743
12/23/2021,812.5,820.5,808.25,814.75,36615
12/27/2021,817.5,824,802.5,804,30210
12/28/2021,805.75,808,781.75,783.5,41877
12/29/2021,785.25,793,774,787.75,40941
12/30/2021,789.5,791.75,776,779.75,29563
12/31/2021,782.5,787.75,769.5,770.75,23572
01/03/2022,774,782.25,752.75,758,42116
01/04/2022,758,771.5,756.25,770,43220
01/05/2022,771,771.5,756,760.75,40236
01/06/2022,761.75,762,736,746,64426
01/07/2022,748,760.75,735.5,758.5,55223
01/10/2022,760.75,767.5,748,762,46681
01/11/2022,761.75,770.5,758.25,770.25,43837
01/12/2022,768,770,753.5,757.75,51640
01/13/2022,757,757.75,741,746.75,49455
01/14/2022,746,747.25,737,741.5,42065
01/18/2022,742.25,771.5,741.25,769,70559
01/19/2022,772,797.25,769.5,796.5,68427
01/20/2022,794,802.75,783.75,790.25,58576
01/21/2022,788,791,778,780,45306
01/24/2022,794,802.5,775.75,800.5,58617
01/25/2022,801,831.5,800.5,818,76139
01/26/2022,817.25,817.5,787,795,73390
01/27/2022,794.25,795.5,774,777,60147
01/28/2022,777.25,793.5,774.75,786.25,47253
01/31/2022,793,798.5,756.75,761.25,71473
02/01/2022,762.5,776.75,760.5,769,52159
02/02/2022,770,778.5,749.25,755,67578
02/03/2022,754,756.5,740,751.75,52592
02/04/2022,754.75,767.25,748.25,763.25,47214
02/07/2022,776,776.5,760,768.75,81449
02/08/2022,771.25,782,754,778.75,99517
02/09/2022,779.5,788.25,770.5,785,100108
02/10/2022,785.5,801.75,765.75,771.5,95102
02/11/2022,770.25,806.25,764.75,797.75,91659
02/14/2022,801.5,813.5,780.75,799.25,69676
02/15/2022,801.25,801.75,773,779.75,55714
02/16/2022,779.75,786.75,773.25,780.5,33006
02/17/2022,786,805.5,781.5,804.75,55019
02/18/2022,804.25,818.75,797,804,52775
02/22/2022,823.75,854,810.75,852.5,101329
02/23/2022,849,888.75,842.75,884.75,98777
02/24/2022,891.5,934.75,885.5,934.75,112029
02/25/2022,930.25,960.75,859.75,859.75,106417
02/28/2022,930.25,934.75,885.5,934,107828
03/01/2022,934.5,984,932.25,984,51215
03/02/2022,1014,1059,985.25,1059,103797
03/03/2022,1071.5,1134,1070,1134,88004
03/04/2022,1209,1209,1209,1209,33461
03/07/2022,1294,1294,1294,1294,39528
03/08/2022,1363.5,1363.5,1164,1286.5,133198
03/09/2022,1284.5,1285,1201.5,1201.5,55905
03/10/2022,1151,1221.25,1080,1087,73591
03/11/2022,1082,1126.25,1043.25,1106.5,45793
03/14/2022,1126.25,1148.75,1064,1096.25,38656
03/15/2022,1106,1160.75,1088.25,1154.25,30964
03/16/2022,1157.25,1159.5,1069.25,1069.25,37914
03/17/2022,1051,1108.25,1031.75,1098,31158
03/18/2022,1095,1106,1055.75,1063.75,17877
03/21/2022,1075,1148.75,1061.75,1119.25,37035
03/22/2022,1119.25,1169.25,1102.25,1118.25,29006
03/23/2022,1119.25,1139,1101,1105.75,24464
03/24/2022,1105.75,1115,1080.5,1085.75,22420
03/25/2022,1089.5,1109,1064.75,1102.25,26618
03/28/2022,1092.75,1096,1047,1057,26162
03/29/2022,1047,1068.25,972,1014.25,45986
03/30/2022,1015,1041.75,1002.25,1027.25,26336
03/31/2022,1030.25,1075,1003.5,1006,36848
04/01/2022,1007.25,1032.75,982.5,984.5,31872
04/04/2022,989.5,1014.5,984.75,1010.25,26349
04/05/2022,1020.5,1074,1020,1045.25,26923
04/06/2022,1049.5,1056.25,1023.5,1038.25,27905
04/07/2022,1040.25,1044.5,1017.75,1020,50501
04/08/2022,1020,1054.25,1017,1051.5,34010
04/11/2022,1056,1091.75,1055,1081.25,55247
04/12/2022,1077.75,1117.5,1075,1103.75,50433
04/13/2022,1102.5,1124.25,1078,1113.5,53460
04/14/2022,1113,1127.5,1094.25,1096.5,20653
04/18/2022,1099.25,1134.75,1098.25,1120.5,13169
04/19/2022,1123.25,1135,1096,1099,18099
04/20/2022,1107,1118.5,1075,1097.5,39368
04/21/2022,1103,1103,1061.75,1076.5,34511
04/22/2022,1077.25,1085.5,1060.75,1075.25,30525
04/25/2022,1081.75,1089.5,1055.75,1072.5,37728
04/26/2022,1081,1107,1077,1095,34264
04/27/2022,1092.5,1097.5,1078.25,1091.25,26721
04/28/2022,1088,1106.5,1081,1085.75,28927
04/29/2022,1085,1102.5,1054.25,1055.75,36624
05/02/2022,1049,1071.5,1034.25,1055.5,40743
05/03/2022,1056.25,1068.75,1044,1045.5,31317
05/04/2022,1047,1089,1042.25,1076.5,44200
05/05/2022,1079,1121.75,1077.25,1106.5,47812
05/06/2022,1102,1127.5,1087.75,1108.5,38116
05/09/2022,1120.75,1135,1090,1092.75,37350
05/10/2022,1090.25,1107,1083,1092.75,30020
05/11/2022,1094.75,1126.5,1094.25,1113,34004
05/12/2022,1113,1183,1102.75,1178.75,55767
05/13/2022,1172.75,1198.5,1158.5,1177.5,33746
05/16/2022,1234.25,1247.5,1222.25,1247.5,53773
05/17/2022,1268,1284,1200.75,1277.5,73671
05/18/2022,1278.5,1280,1211.5,1230.75,57090
05/19/2022,1222,1247.75,1193.5,1200.5,54778
05/20/2022,1208,1208,1168,1168.75,38945
05/23/2022,1181.75,1196.75,1174.75,1190,38143
05/24/2022,1196,1208.75,1138,1154.75,52749
05/25/2022,1154.5,1158.5,1114.5,1148.25,51657
05/26/2022,1133,1160.25,1115,1143.25,38507
05/27/2022,1143.25,1170.25,1133.5,1157.5,24192
05/31/2022,1157,1157.25,1087.5,1087.5,68159
06/01/2022,1091,1098,1027.25,1041.25,81448
06/02/2022,1043.25,1075,1037.25,1058.25,58137
06/03/2022,1061.5,1069.25,1036.25,1040,38400
06/06/2022,1060,1108.75,1060,1093,60711
06/07/2022,1093,1101,1058.5,1071.75,84918
06/08/2022,1073,1089,1061.75,1074.75,68009
06/09/2022,1076.25,1082,1044.25,1071.25,70950
06/10/2022,1074.5,1081.25,1053,1070.75,53652
06/13/2022,1073,1093.5,1053.5,1071,62605
06/14/2022,1071,1072.75,1046.5,1050.25,34011
06/15/2022,1055,1058.75,1036.5,1050,32823
06/16/2022,1050.25,1084.75,1047,1078.25,38169
06/17/2022,1078.25,1083.75,1030.25,1034.25,40356
06/21/2022,1046,1046,985.5,987.25,57056
06/22/2022,990,1018.5,972.25,988.75,51781
06/23/2022,985,987,946.5,949.25,46898
06/24/2022,945.75,973,934.25,936.5,41402
06/27/2022,933.25,952.25,913.5,917.5,48106
06/28/2022,923.5,949.75,921,936,53518
06/29/2022,936,956,929,930,50777
06/30/2022,930,939.5,881,884,70148
07/01/2022,890,896.25,840.5,846,49131
07/05/2022,842.25,842.5,804.5,807,55014
07/06/2022,807,838.5,785.25,804.5,57720
07/07/2022,807.75,846,807.75,836.5,49291
07/08/2022,838.25,894.75,838.25,891.5,46890
07/11/2022,928.75,940.25,853.75,856.5,51969
07/12/2022,855.25,869.5,810,814.25,50490
07/13/2022,813.5,840.5,806.75,810.75,49075
07/14/2022,812.75,829.5,792,795,53660
07/15/2022,798,804.75,765.75,776.75,40309
07/18/2022,787.25,825,778.5,812.75,42326
07/19/2022,808.5,822.25,792.5,812.25,45981
07/20/2022,810.25,843.5,801,819.5,38891
07/21/2022,819.5,834,795.5,806.25,43046
07/22/2022,803.25,807.25,754,759,63009
07/25/2022,787,793.5,760.5,770,47491
07/26/2022,773,806,772.25,803.75,43798
07/27/2022,802.5,818.75,782,790.25,41494
07/28/2022,786.25,824.25,786.25,817,37417
07/29/2022,817,845.75,801,807.75,44280
08/01/2022,812.75,820.25,781.25,800.25,41076
08/02/2022,795,795.75,772.75,774.75,47230
08/03/2022,774,790.25,752,763.75,51385
08/04/2022,768,789.5,758.25,782.5,46769
08/05/2022,782,796.75,769.75,775.75,44264
08/08/2022,776.5,793.75,760.75,779.75,64408
08/09/2022,785.75,801.25,772.75,781.5,59015
08/10/2022,781.5,808.5,780.25,799.75,68225
08/11/2022,800,820.75,794.5,810.75,63667
08/12/2022,811.25,811.25,782.25,806,39162
08/15/2022,802,804.5,778,800.75,29781
08/16/2022,799,810.5,782.5,786,25480
08/17/2022,785.25,797,759.5,763.25,29954
08/18/2022,764.75,766.5,725.75,731.5,38267
08/19/2022,733,756.75,727.25,753.25,18020
08/22/2022,771.25,791.75,762.5,788.25,44625
08/23/2022,787.5,819.75,785,800.5,53387
08/24/2022,800.5,817.75,792.25,813.25,48931
08/25/2022,813.25,821.5,785.75,789,48165
08/26/2022,784,812.5,783.25,805.25,51552
08/29/2022,806,849,794.25,842.75,73912
08/30/2022,840.25,846.25,816.5,820.25,59308
08/31/2022,820,839.25,806.25,831.5,49675
09/01/2022,828.25,835,791.25,794.25,57932
09/02/2022,797.75,819.5,796.25,811,34212
09/06/2022,814.75,825,801.25,817,34896
09/07/2022,816.75,873.5,809.25,844.25,84918
09/08/2022,837,857.25,818,829,52459
09/09/2022,829,872.5,826,869.5,49121
09/12/2022,864.75,878,848.5,858.75,60220
09/13/2022,858,876.25,850.5,860.5,51520
09/14/2022,862.5,874.75,849.25,872.25,45623
09/15/2022,874,884.75,843.25,845,52974
09/16/2022,846.75,866.5,830.75,859.75,44859
09/19/2022,857.25,861.25,819.25,830.5,46375
09/20/2022,827.75,896.75,825.5,893.75,72771
09/21/2022,886.5,919.5,873,903.75,91297
09/22/2022,896.5,922.5,891,910.75,59590
09/23/2022,908.75,913,876,880.5,52333
09/26/2022,877,890.75,854.25,858,48793
09/27/2022,857.5,894.5,857,871.5,48803
09/28/2022,874.25,905,862,903.25,51296
09/29/2022,902.5,914.5,887.75,896.25,41358
09/30/2022,899.75,945.75,892.75,921.5,73757
10/03/2022,930,938.75,908.5,912,52399
10/04/2022,916.25,927,897.5,903,50521
10/05/2022,903.25,919.75,894.25,902,39955
10/06/2022,905.75,907.75,873.25,879,46423
10/07/2022,883.25,896.75,872.5,880.25,36486
10/10/2022,895.25,949.75,891.5,938,77244
10/11/2022,934,936.75,898,901,65146
10/12/2022,902,903.75,876.25,882.25,44744
10/13/2022,883.75,906.25,863,892.25,63574
10/14/2022,894.25,898.75,857.25,859.75,42256
10/17/2022,860,877.75,855.25,861,42651
10/18/2022,862,866,832.75,849.5,46278
10/19/2022,847,862.75,835.5,841.25,39811
10/20/2022,844.5,855.75,836.75,849.25,34078
10/21/2022,850.25,863,833,850.75,39943
10/24/2022,853.75,856.5,833.5,838.75,38013
10/25/2022,840,844.75,826.75,834.75,40775
10/26/2022,836.25,846.5,824,840.5,39250
10/27/2022,843.5,858,833.5,838.5,36089
10/28/2022,839.75,840.25,822.5,829.25,32109
10/31/2022,884.5,893.25,853.75,882.25,98975
11/01/2022,878.5,904,867.75,902.5,74354
11/02/2022,898.5,902,837.75,846,96131
11/03/2022,844.75,849,827.75,840.5,48030
11/04/2022,842,855.5,834,847.75,42218
11/07/2022,851,863.75,834,845.75,76862
11/08/2022,847.75,855,824.75,827.75,72922
11/09/2022,829.25,834,805.25,806.5,95226
11/10/2022,806.75,815.75,795.5,803.5,77215
11/11/2022,804.25,819.5,799.5,813.75,62640
11/14/2022,813,828.75,804.75,818.5,45112
11/15/2022,818.5,843,799.25,828.25,73685
11/16/2022,829.5,829.75,801.5,817.5,48018
11/17/2022,818.25,818.25,793.75,806.75,40772
11/18/2022,825,834,818.75,822,30297
11/21/2022,824,827,804.5,818.25,37878
11/22/2022,816.5,825,809,810.5,36917
11/23/2022,811.75,817,800.25,813.5,42850
11/25/2022,809.75,820.25,792.5,797,30514
11/28/2022,793.25,796.25,773.25,780.75,76464
11/29/2022,780.25,792,777.5,781.5,51018
11/30/2022,784,799.25,781.5,795.5,45182
12/01/2022,795.25,797.25,780.5,783,41085
12/02/2022,782,783,755.75,761,47664
12/05/2022,763.25,768,734,739,51514
12/06/2022,739,743.5,723.5,729,52137
12/07/2022,732.25,756.25,726.25,749.5,50433
12/08/2022,749.5,755.5,737.5,746.25,35604
12/09/2022,749.75,752.5,730.75,734.25,31134
12/12/2022,741.75,760,738.25,754.75,49826
12/13/2022,756.5,769.25,749.75,750.75,49908
12/14/2022,750,751.75,737.75,749.25,41587
12/15/2022,749.75,767,745,757.25,51207
12/16/2022,758.25,764.25,750.75,753.5,29973
12/19/2022,755,759.75,738.75,748.5,39778
12/20/2022,747.25,761.5,744.75,750.5,38339
12/21/2022,750,774.5,748.75,767.75,52904
12/22/2022,766.75,777,758,762.25,34649
12/23/2022,762,778,758,776,24821
12/27/2022,781.25,784.5,769,774.5,28358
12/28/2022,774.5,787.5,770.75,785.5,33179
12/29/2022,785,786.5,765.5,774,35941
12/30/2022,775.5,799,771.5,792,33460
01/03/2023,786,794.5,769.75,775.5,50138
01/04/2023,780.5,780.5,744.25,745.5,51975
01/05/2023,746,752,736,746.75,36793
01/06/2023,748.5,756.75,742.5,743.5,26791
01/09/2023,748,758,740.25,741.5,45486
01/10/2023,741.25,742.5,720.5,731,59339
01/11/2023,730.25,742.25,724.5,740,37156
01/12/2023,739,747.25,723,742.75,64694
01/13/2023,743.5,748.5,737.25,743.75,31921
01/17/2023,742.5,755.75,728.75,751.75,48648
01/18/2023,749,760.25,740.25,742.5,45150
01/19/2023,741.75,748.75,733.5,734.5,39217
01/20/2023,735,743,727.75,741.5,33633
01/23/2023,738,740.5,712.5,720,63999
01/24/2023,720.5,739,719.75,734.5,44243
01/25/2023,735,746.5,734.75,741.25,41249
01/26/2023,741,758,738,752.5,47206
01/27/2023,752.25,753.25,744.25,750,39024
01/30/2023,753,762.5,743.5,752.5,43812
01/31/2023,752.5,766.75,742,761.25,59637
02/01/2023,760.75,762.5,744.5,759.75,60025
02/02/2023,757.5,770.75,750.5,761,59106
02/03/2023,759.75,776.5,750.75,756.75,70418
02/06/2023,758,766.5,745.5,750.25,56431
02/07/2023,750,757,744.25,749.75,70662
02/08/2023,750,766,747.75,764.75,90201
02/09/2023,764.75,770.5,754.75,757.25,75196
02/10/2023,755,790,755,786,102550
02/13/2023,789,796,776,792,88266
02/14/2023,790,797.5,783.5,786,64638
02/15/2023,786,787.25,766.75,769.25,55479
02/16/2023,778.5,782.75,773.25,776.25,35373
02/17/2023,776.75,781.75,771.25,776.25,36115
02/21/2023,777,784.5,761.75,762.75,67049
02/22/2023,763.5,766.75,746.75,750,68504
02/23/2023,748.5,758.75,747.25,750.5,65535
02/24/2023,752.25,753.5,717,721.75,81923
02/27/2023,721.75,724,705.75,710,81173
02/28/2023,710,715,702.5,705.5,57464
03/01/2023,708,714.5,701.75,710,55837
03/02/2023,713,721.75,708.5,712.75,50799
03/03/2023,714.75,715.5,706.25,708.75,39664
03/06/2023,711,711,693.75,695.25,48629
03/07/2023,696.5,703.5,689.5,698,46818
03/08/2023,698,699.5,684.25,687.5,58631
03/09/2023,689,691.5,664.25,665.75,79762
03/10/2023,665.75,683.5,661,679.25,53499
03/13/2023,682,696,667.25,684.5,78534
03/14/2023,683,699.75,677.5,696.25,57958
03/15/2023,697.25,706,692.75,702.75,50727
03/16/2023,704,704,691.5,699,43894
03/17/2023,697.25,712.5,697.25,710.5,55258
03/20/2023,708.5,708.5,695.25,700.75,61276
03/21/2023,700,705.5,680.25,683.25,68061
03/22/2023,682.5,684,654,663.5,89216
03/23/2023,663,675.5,657.25,662,56070
03/24/2023,660.25,700.5,656.25,688.5,111072
03/27/2023,691,706.5,680.25,698,58958
03/28/2023,698.5,704.75,691.5,699.75,51076
03/29/2023,698.25,724,696.5,704.75,77189
03/30/2023,705.25,710,690.25,692.25,45510
03/31/2023,692.5,701.25,681,692.25,54472
04/03/2023,697,710,691.5,693.5,51071
04/04/2023,697,701.5,688,691.5,44904
04/05/2023,693,693.25,675,682,56289
04/06/2023,682.25,685,671.25,675.5,55620
04/07/2023,675.5,675.5,675.5,675.5,0
04/10/2023,684.5,687.5,668.25,678.5,67549
04/11/2023,680.25,686,666.25,674,114948
04/12/2023,673,683.75,673,679.5,111542
04/13/2023,680.75,680.75,664.5,667,91658
04/14/2023,668.75,685.25,661.25,682.5,75657
04/17/2023,686.25,697,674.5,696.5,71093
04/18/2023,693.5,707,689.25,698,44586
04/19/2023,709.25,710,692,692.75,52042
04/20/2023,695,696,678.25,680,56696
04/21/2023,681.25,685.75,669,673,56340
04/24/2023,679,682,656.75,657,74613
04/25/2023,657,660.5,642.5,653,85290
04/26/2023,653.75,657.75,641,642,63261
04/27/2023,643.75,645.5,625.5,629.25,88176
04/28/2023,630.5,639,624.25,633.75,59500
05/01/2023,633.5,635.25,613.75,618.25,62946
05/02/2023,620,626.5,607.5,609.25,64269
05/03/2023,609.25,642.25,603.75,639.75,98282
05/04/2023,642,650.75,629.25,645,72438
05/05/2023,646,663.5,643.75,660.25,64159
05/08/2023,662,669,652.25,654,62820
05/09/2023,653.25,653.75,633,643.5,59773
05/10/2023,643.75,647.75,629.75,641.25,59987
05/11/2023,640,640.75,625.5,627.25,53457
05/12/2023,628,654,626,635,70530
05/15/2023,635,663.75,632.5,660.75,67502
05/16/2023,661.75,664.25,640,647.5,62562
05/17/2023,646.75,654.25,616,625.5,98456
05/18/2023,626.25,626.5,605.5,611.75,59509
05/19/2023,611,620.75,602,605,54801
05/22/2023,607.75,613.75,596.25,606.25,60942
05/23/2023,607.5,624.75,594.25,622.25,57431
05/24/2023,621,624.5,602.25,606.25,61465
05/25/2023,607,616.5,599,604.25,53306
05/26/2023,606,618.5,602.5,616,45070
05/30/2023,616.75,616.75,588.75,591,74481
05/31/2023,591.5,595,573.25,594.25,73773
06/01/2023,594.25,617.5,593,610.75,80028
06/02/2023,610.25,622.5,602.25,619,65393
06/05/2023,621.5,631.5,615.5,624,69485
06/06/2023,624.25,648,621.25,627.75,113883
06/07/2023,626.5,635.5,613.25,616.75,89270
06/08/2023,616,629,611.25,626.25,98911
06/09/2023,624.5,632.25,618.5,630.25,105211
06/12/2023,629.75,638.75,622.25,633.75,91968
06/13/2023,634.5,649.25,626.75,636.25,106163
06/14/2023,638,639,625,630.25,70761
06/15/2023,629,665.25,628.25,661.5,72093
06/16/2023,659.75,697,656,688,96387
06/20/2023,687,700,676.25,695.75,76040
06/21/2023,713,748.75,712.75,748.25,72233
06/22/2023,742.5,760.75,739,752.75,74960
06/23/2023,750.5,751.25,732.75,746.5,78870
06/26/2023,747.5,770.25,733,738.25,95716
06/27/2023,739,742,695.5,699,73256
06/28/2023,698.5,706.25,667.5,669.75,70475
06/29/2023,669.75,678,664.5,667.5,57733
06/30/2023,669.25,680.75,646,651,65331
07/03/2023,649,655.75,638,641.75,53440
07/05/2023,649.75,680,646.25,674.25,73233
07/06/2023,673.75,674,651.75,658,57251
07/07/2023,656.75,662,643.75,649.5,46126
07/10/2023,649.5,660,642.25,646.25,46427
07/11/2023,645.25,665.25,644,660.5,45270
07/12/2023,658,662.5,632,632.75,70490
07/13/2023,633.5,644.75,622,639.75,63331
07/14/2023,639.5,663.25,637.75,661.5,52824
07/17/2023,666,689.25,651,653.75,73578
07/18/2023,649.25,675,642.25,670.75,54946
07/19/2023,669,730.75,664,727.75,148746
07/20/2023,725,750.75,711.25,727,136382
07/21/2023,724.75,733.25,693.5,697.5,90584
07/24/2023,702,757.5,698.75,757.5,96764
07/25/2023,754.25,777.25,736.5,760.25,107919
07/26/2023,757,757.5,709,720,105761
07/27/2023,723.25,740,711.75,712.75,75102
07/28/2023,714.75,720.25,689,704.25,71849
07/31/2023,702.5,703,660.25,665.75,104577
08/01/2023,670,675,643.25,652.25,69422
08/02/2023,654.5,684,636,640,90376
08/03/2023,639.25,648.25,626.25,627,65703
08/04/2023,627.75,653.75,627.25,633,67745
08/07/2023,646,663.75,636,657.5,104532
08/08/2023,657.5,662.25,643,656.25,81628
08/09/2023,655.5,658.25,633.5,635,70504
08/10/2023,637.25,644,635,637.75,67426
08/11/2023,638,639.75,624.25,626.75,64652
08/14/2023,632.75,635,605.25,616,56037
08/15/2023,618.5,619,595.75,598.5,52402
08/16/2023,598.75,607.5,591.5,597.75,41338
08/17/2023,599.75,601.25,586.25,589.5,31435
08/18/2023,589,615.75,588.5,613.25,30802
08/21/2023,618,620.75,595.75,599.25,24478
08/22/2023,625,637,621.25,627.5,42768
08/23/2023,629,643.5,624.25,639.75,42320
08/24/2023,642.25,642.5,626.5,631.75,40837
08/25/2023,632.25,637.75,615.5,621.75,54084
08/28/2023,622,628.5,612.5,617,46802
08/29/2023,616.5,618.25,599.5,600.5,68848
08/30/2023,602.75,610.75,599.5,607,64121
08/31/2023,605,615.75,593.5,602,66515
09/01/2023,602,612.75,595.25,595.5,48960
09/05/2023,598.75,605.75,592.25,599.25,50088
09/06/2023,601.25,615.5,599,609,45236
09/07/2023,609,613.75,598,599.75,42727
09/08/2023,600,602.75,590.5,595.75,43704
09/11/2023,597,597.5,580.25,584.5,50810
09/12/2023,584.25,591,570,587.5,64491
09/13/2023,587.5,601.5,584.75,597.25,65351
09/14/2023,595.5,597.75,583.5,593.75,55236
09/15/2023,594.25,607.5,591.75,604.25,64228
09/18/2023,604,604.25,587,591.25,64919
09/19/2023,588,592.75,581,584,58587
09/20/2023,585.25,596.25,581.5,588.75,63637
09/21/2023,589,590.25,575,575.75,50330
09/22/2023,576.5,582.5,572.75,579.5,42262
09/25/2023,577,590,573.75,589,44697
09/26/2023,589,596.75,583.25,589,48882
09/27/2023,589.25,594.5,578.5,579.5,55807
09/28/2023,580.5,583.5,575.25,578.75,43969
09/29/2023,579.5,585.5,540,541.5,120068
10/02/2023,545,567,541.25,564.75,96364
10/03/2023,568.25,575,562.75,568.5,75409
10/04/2023,567.5,569.75,551.75,560,66479
10/05/2023,559.75,580.25,559,578.25,69807
10/06/2023,576,580.25,566.5,568.25,47665
10/09/2023,573.25,581.5,570,572.75,46092
10/10/2023,573.75,574.75,555.5,558.5,48419
10/11/2023,559,560.75,551,556,43895
10/12/2023,557.25,574.5,547.25,571.5,83008
10/13/2023,572,586.25,569.5,579.75,85372
10/16/2023,580,588.5,575.25,577.25,56769
10/17/2023,577,582.25,568.5,570.5,53405
10/18/2023,572.5,584,571.25,580.25,52739
10/19/2023,579.75,594.5,576.5,594,65379
10/20/2023,594,604.5,583.25,586,79190
10/23/2023,586.5,595.25,582,587.25,48387
10/24/2023,587.75,588,572.75,580.5,47630
10/25/2023,580,586.25,567,568.5,57951
10/26/2023,569.25,580.5,563.25,579.5,72437
10/27/2023,580.25,582.5,571,575.5,46151
10/30/2023,576,577,565.25,566,60510
10/31/2023,568.25,568.5,554.5,556.25,72016
11/01/2023,557.5,564.75,554.75,561.75,58783
11/02/2023,562.25,569.5,557.25,565.5,53492
11/03/2023,565.75,574.5,563.75,572.5,40291
11/06/2023,573,577.75,566.5,575.75,68699
11/07/2023,574,582.25,564.5,570.25,106304
11/08/2023,571.5,598.75,570.25,592.25,144369
11/09/2023,590,592.5,573,580.75,85078
11/10/2023,581.75,583,570.75,575.25,62675
11/13/2023,575,582,567.25,579,80609
11/14/2023,581,585,570.25,572,65166
11/15/2023,572.75,579.25,557,560.5,83309
11/16/2023,562.25,562.5,547,553.5,57404
11/17/2023,555.75,557.75,547,550.75,50181
11/20/2023,550.75,554,541,543.5,42772
11/21/2023,571,584.75,568.75,582.75,69087
11/22/2023,584,591.5,583,584.5,57250
11/24/2023,582.75,584.5,575,577.25,42072
11/27/2023,578.5,582,556.25,561,97007
11/28/2023,562,574,557.25,572,84851
11/29/2023,573.75,587.5,571.5,585.75,72626
11/30/2023,585.75,599,582,598,78520
12/01/2023,595.5,610,589,602.75,69330
12/04/2023,602,626.5,600.25,620.5,95896
12/05/2023,619,636.25,616.25,631.25,99869
12/06/2023,630,649.5,625.5,633.5,113132
12/07/2023,631.25,645,621.75,642.25,97744
12/08/2023,641,645,628.75,631.75,71420
12/11/2023,632,633.25,607.25,609.5,66113
12/12/2023,609.75,628.75,608.25,625.5,55336
12/13/2023,624.25,626.5,602.5,605.25,57314
12/14/2023,608,619.5,606.5,615.75,46870
12/15/2023,616,630,610.75,629.25,49481
12/18/2023,629.75,632,614.75,617,43591
12/19/2023,618.25,624.25,611.25,622.75,42919
12/20/2023,622.5,625.25,609,610,39373
12/21/2023,611.5,617.25,610.25,612.5,33648
12/22/2023,612.5,618.25,610.75,616.25,23646
12/26/2023,615,639.75,611.5,636.25,40674
12/27/2023,636,637.5,619.25,623,38063
12/28/2023,624.25,636.25,621.75,631.5,32254
12/29/2023,631,633.5,621.5,628,31803
01/02/2024,628.75,628.75,604.75,606.75,61472
01/03/2024,608,609.75,598.25,600.25,63996
01/04/2024,601.5,614.5,591.25,613.5,63693
01/05/2024,613,621.5,611.5,616,41063
01/08/2024,617,617.25,593,596.25,70376
01/09/2024,596,613.75,594,610,57128
01/10/2024,610.25,612,603.75,610.75,40391
01/11/2024,610,614.75,602,603.75,34593
01/12/2024,604,611.75,587.25,596,77214
01/16/2024,596,602.25,576.75,582,61371
01/17/2024,581.5,595.75,577.75,582.5,69550
01/18/2024,583.5,587,573.25,585.5,50947
01/19/2024,586.25,598,584.75,593.25,44643
01/22/2024,593.5,600.25,587,596.5,36371
01/23/2024,596,606.75,593.75,596.5,42176
01/24/2024,598,612.25,596.5,610.75,56703
01/25/2024,611.5,617.25,606.5,612.25,54705
01/26/2024,612,614,592.25,600.25,65700
01/29/2024,601.25,601.75,587.5,593.5,41478
01/30/2024,593.5,606.75,584.5,605.5,51993
01/31/2024,605,605,591.75,595.25,43147
02/01/2024,595.25,603,587,601.5,62577
02/02/2024,601.5,611.5,595.75,599.75,61116
02/05/2024,600,601.75,586.75,590.25,51236
02/06/2024,590.5,597.5,588,595,47583
02/07/2024,594.75,606.75,590.75,602,79577
02/08/2024,601.25,602,583.75,588.5,78673
02/09/2024,591.25,605.5,588,596.75,92527
02/12/2024,596.25,603,588.5,597.5,69031
02/13/2024,597,603.5,592.25,597.5,82483
02/14/2024,597.25,597.75,577.5,585.5,84588
02/15/2024,585.75,585.75,565.25,567,79696
02/16/2024,566,571.75,556.75,560.5,50071
02/20/2024,556.75,581.75,553.5,579.25,76260
02/21/2024,578.75,580.5,571,578,54183
02/22/2024,576,594.25,574.5,579.25,78002
02/23/2024,580.25,587.5,568,569,55020
02/26/2024,569.75,576.25,560,574.75,62214
02/27/2024,573.75,589.5,571.5,584.25,59222
02/28/2024,584.25,585,571.5,574.75,55963
02/29/2024,576.25,581.5,569,576.25,51085
03/01/2024,575,576.75,555.5,557.75,64438
03/04/2024,559.25,568,553,564,45471
03/05/2024,563.5,565.25,546.25,551,65812
03/06/2024,551.5,551.5,529.5,531,105250
03/07/2024,533.25,538.75,528,528.5,95285
03/08/2024,529.5,542.75,526,537.75,70521
03/11/2024,539.5,550.25,523.5,547.25,81244
03/12/2024,547,556,541.25,547.5,62617
03/13/2024,549.25,554,536.75,544.25,59143
03/14/2024,542.75,543,528.25,532.25,60596
03/15/2024,532,537.5,526.75,528.5,38397
03/18/2024,531.25,544,527,542.75,57975
03/19/2024,542.75,553.75,539,552.5,52072
03/20/2024,551.75,553,537,545,52836
03/21/2024,546,552.5,540.25,546.75,43716
03/22/2024,548.5,559.25,539.5,554.75,54178
03/25/2024,559,567,549.5,555,63147
03/26/2024,555,557.5,542.75,543.5,39839
03/27/2024,543.25,549.5,538.5,547.5,40131
03/28/2024,546.5,568.5,544.5,560.25,72671
04/01/2024,562,562.75,547.25,557,43697
04/02/2024,557.5,562.75,543.5,545.25,64529
04/03/2024,545,559.75,540.25,556,58686
04/04/2024,556,562.5,549.5,556.25,61299
04/05/2024,556,574.75,555,567.25,95475
04/08/2024,570.25,573.75,559.5,565.75,90126
04/09/2024,563,564.25,553.5,557.75,73159
04/10/2024,558.5,567.25,555.75,558.5,68514
04/11/2024,558,559.75,548.25,551.75,73571
04/12/2024,552.5,562.5,549.5,556,61148
04/15/2024,555.25,556,544.25,551.75,46713
04/16/2024,550.75,557,542.5,549.75,53008
04/17/2024,550.5,555,536,537,38898
04/18/2024,538,544,534.25,536.75,35421
04/19/2024,553,574.75,552.25,566.75,47982
04/22/2024,565.75,595.75,565.5,587.5,101498
04/23/2024,588,603.5,583.5,602.75,95163
04/24/2024,600.75,617,596.25,613,94397
04/25/2024,612.5,623.5,612,620.5,96546
04/26/2024,620,633.25,616.25,622.25,94742
04/29/2024,615.25,623.5,602.5,608.5,100118
04/30/2024,605.75,607.25,595.5,603.25,86577
05/01/2024,604.25,608.75,593.5,599.25,64885
05/02/2024,598.75,615.5,595.5,604.25,65654
05/03/2024,603.25,632.5,603,622.5,89948
05/06/2024,622,650.25,609.5,648.75,107311
05/07/2024,645.75,653.75,636,642.75,88539
05/08/2024,642.25,649.25,628.25,634,70498
05/09/2024,633,647.5,631.5,637.5,62479
05/10/2024,637.25,665.25,637,663.5,89014
05/13/2024,662,694.25,654.5,687,101033
05/14/2024,686,696,667.75,672.5,86543
05/15/2024,674.25,697,662.25,665.75,89540
05/16/2024,664.25,681.5,656.75,663.25,68479
05/17/2024,662.5,676.5,650.25,651.25,59985
05/20/2024,654,691.25,654,688.75,93314
05/21/2024,687.5,700.75,682,697.5,88258
05/22/2024,697.25,716.75,688.5,693,89819
05/23/2024,694,702.5,682.5,698,68180
05/24/2024,701.25,706,689,697.25,65113
05/28/2024,713,720,693.75,700.25,73681
05/29/2024,701.5,706.25,688.5,692.75,63288
05/30/2024,692.75,693.75,673.25,681,68977
05/31/2024,680.5,691.5,673.75,678.5,51136
06/03/2024,678,697.75,667.5,672.75,84111
06/04/2024,672.5,681.25,657.75,658.25,82162
06/05/2024,659.25,664.25,642.75,646.75,84832
06/06/2024,649.75,654,638.25,639.5,83045
06/07/2024,639.5,639.5,618.25,627.5,118856
06/10/2024,626,627,606.25,607.5,119712
06/11/2024,606.75,633,605.5,626.5,132289
06/12/2024,626,627.75,610.5,617,84288
06/13/2024,614.5,627.25,612.5,620,77149
06/14/2024,618.25,622.5,611,612.75,65120
06/17/2024,607.75,610.25,590.25,591.5,71030
06/18/2024,608,611.25,597,599,61773
06/20/2024,600,600.25,583.25,586,93729
06/21/2024,586,593.75,574.25,575.75,84585
06/24/2024,576.75,579,564.25,571,81433
06/25/2024,571,574.5,558.75,560.5,85876
06/26/2024,559,572.5,556.75,560.5,81213
06/27/2024,560,581.5,558.25,579.5,89972
06/28/2024,579.75,586.25,566,573.5,70305
07/01/2024,573.5,591.75,567.75,590.25,76771
07/02/2024,589,590.25,578.5,581,53054
07/03/2024,582,588.5,572.75,574,43946
07/05/2024,582.25,592.25,578.5,590.5,43735
07/08/2024,589.25,590.75,566,570.5,61332
07/09/2024,569.5,578.75,569.25,572,51191
07/10/2024,572,572.25,556.25,561.5,62795
07/11/2024,561,580.75,559.5,571.25,72519
07/12/2024,569.5,571.5,550,550.75,74930
07/15/2024,551,552.5,531,532.5,76571
07/16/2024,531.25,537.5,525.25,530.75,63371
07/17/2024,530.5,546.5,528,539.25,52555
07/18/2024,540.75,546.5,533,535.25,50518
07/19/2024,534.75,556.25,530.5,542.75,61381
07/22/2024,545.25,553.5,540.25,548,48547
07/23/2024,547.75,552,540.5,542.75,41164
07/24/2024,542.5,555.5,537.25,547,51655
07/25/2024,546.75,549.75,536.25,537.75,44805
07/26/2024,537,541.25,522,523.5,49196
07/29/2024,523.5,532.75,514.25,531,53527
07/30/2024,528.75,529.5,517,524,50329
07/31/2024,523,534,515.5,527.25,60814
08/01/2024,526.75,534.75,519.75,532,56989
08/02/2024,532,540.5,528.5,539,47165
08/05/2024,540.25,541.5,519.75,539.5,60219
08/06/2024,540,548.75,531.5,543.25,59182
08/07/2024,544,548.75,534.75,538.25,79911
08/08/2024,537.75,544.5,532.5,537.5,67628
08/09/2024,537.25,552,536.25,542.5,66123
08/12/2024,542.75,547,528,536.75,84754
08/13/2024,538,538.25,525,528.75,67772
08/14/2024,529.25,537.25,524,534.75,84253
08/15/2024,535.75,547.75,527,528.25,69556
08/16/2024,527.25,533.5,523.25,530,49344
08/19/2024,530.5,531.25,521.75,528.25,46025
08/20/2024,528,535.5,525.75,533,43754
08/21/2024,557.5,560,543,544,62326
08/22/2024,545.25,548,526.25,535.5,79305
08/23/2024,536.75,538.25,527,528,75577
08/26/2024,531.25,531.75,522,525,77414
08/27/2024,524.75,538.5,520.75,535.5,82483
08/28/2024,534.25,543.75,533,541.5,70938
08/29/2024,540.25,549.5,535,548.75,61566
08/30/2024,546.75,553.5,546,551.5,52684
09/03/2024,552.25,567.5,544.25,566.75,79150
09/04/2024,565,582.75,563.5,580.75,86307
09/05/2024,577.75,580.5,566.75,574.75,68217
09/06/2024,574,580,565.75,567,51182
09/09/2024,565.5,569.75,560.5,568.5,48300
09/10/2024,568.75,578.5,565.75,574.25,51922
09/11/2024,573,582.25,572,579.25,45116
09/12/2024,579,591.75,573.25,578.5,74095
09/13/2024,579,598.75,578,594.75,84079
09/16/2024,594.75,596,574.25,578.5,80580
09/17/2024,578.5,584.25,571.25,575.75,45713
09/18/2024,576,582.75,573,575.75,47041
09/19/2024,575.75,577.25,564,565.5,51648
09/20/2024,566.25,575.75,565.25,568.5,55532
09/23/2024,570.5,586.5,569,582.5,63331
09/24/2024,581.25,589.25,575.25,578,52268
09/25/2024,579,591.25,573.75,589.25,52959
09/26/2024,590.5,596.25,582.75,584.25,69058
09/27/2024,583,583.5,575.5,580,40233
09/30/2024,579.75,590.75,575.5,584,58874
10/01/2024,584,602.5,577,599,84582
10/02/2024,596.25,617.25,596.25,615.25,116431
10/03/2024,614.25,617.25,601.25,603.5,78992
10/04/2024,603.75,604.25,587,589.75,72731
10/07/2024,590.25,595.25,584,592.5,51673
10/08/2024,593.75,599,587.5,594.75,59037
10/09/2024,594.75,604.75,594.25,599,55193
10/10/2024,600.75,609.25,598.5,603.75,60990
10/11/2024,603.75,611.25,592.5,599,69377
10/14/2024,598.5,601,584.25,585.25,55970
10/15/2024,585.5,586.75,578,579.5,69756
10/16/2024,581.25,587.5,575.25,585,57508
10/17/2024,584.25,591.75,576.25,589.5,75298
10/18/2024,590,595.5,570.25,572.75,75104
10/21/2024,572.75,584.25,570.75,572.25,74088
10/22/2024,574,578.75,565.75,576,49868
10/23/2024,575.75,582.75,566.25,578.5,57247
10/24/2024,579,584.25,575,581.5,49883
10/25/2024,581.25,585.5,566,569,69521
10/28/2024,564.25,571.5,557.75,558.75,61302
10/29/2024,559,572.75,558,570.5,67415
10/30/2024,571.25,580.5,564,573.25,68179
10/31/2024,572.75,573.75,563.5,570.5,61593
11/01/2024,571.5,577.75,564.25,568,50403
11/04/2024,569,575.75,565,568.75,55475
11/05/2024,569.5,574.5,565.25,572.5,58641
11/06/2024,571,577.75,562,573.25,67945
11/07/2024,574.5,579.5,565,571.5,105864
11/08/2024,572.5,578.75,566.5,572.5,101632
11/11/2024,572.75,572.75,551.75,565.5,125709
11/12/2024,564.75,568.75,549,552.25,105727
11/13/2024,553.25,553.75,536.25,541,113238
11/14/2024,540,544.25,528,530.25,89913
11/15/2024,532,541.25,530.5,536.5,69440
11/18/2024,541,551,536.75,547.25,68144
11/19/2024,547.75,558.75,545.5,549.75,57490
11/20/2024,567.5,574.5,562.25,572.25,60806
11/21/2024,572.75,577.5,568.5,569.5,58947
11/22/2024,570.25,571.25,562.5,564.75,57995
11/25/2024,565,568.5,550.75,555.75,82115
11/26/2024,556,564.5,553.25,558,78151
11/27/2024,557,558,547.5,548.5,75023
11/29/2024,547,553.25,543,548,44179
12/02/2024,548,552.5,542.75,547.25,53005
12/03/2024,547.75,556.5,545.75,547.5,49702
12/04/2024,548.75,549.75,540.25,548.25,52606
12/05/2024,547.75,560.5,545.75,558.25,54473
12/06/2024,558,560.5,553.25,557.25,54084
12/09/2024,556.75,564.75,553.75,558.75,49713
12/10/2024,558.5,563.5,553.75,561.75,50264
12/11/2024,561.75,569.25,560.5,563.25,55240
12/12/2024,563.75,566.25,556.25,558.5,52473
12/13/2024,558.75,561,551.25,552.25,45487
12/16/2024,552.25,559.25,548.5,550,68005
12/17/2024,550.75,552.5,542.5,545,72661
12/18/2024,545,554.25,540,541.25,63252
12/19/2024,541,541.75,530.5,533,87290
12/20/2024,532.5,537.25,529.25,533,53257
12/23/2024,533,544,533,540.5,57507
12/24/2024,539.5,541.5,533.5,534.75,25215
12/26/2024,534.75,544,533.75,541,28461
12/27/2024,542,547.75,537.25,546.5,40395
12/30/2024,547.25,554.75,544.5,548.25,46874
12/31/2024,548.75,552.75,546.75,551.5,33827
01/02/2025,551.75,552.75,542.5,545.75,44332
01/03/2025,545.5,547,527.5,529.25,82719
01/06/2025,530.25,543.75,530.25,540.5,64942
01/07/2025,540.5,544.25,535.25,542.5,46902
01/08/2025,542.75,544.75,534.5,536.25,58097
01/09/2025,535.5,539.25,529.25,534,45711
01/10/2025,533,541.25,526,530.75,98473
01/13/2025,530.5,545.75,528.5,545,84277
01/14/2025,546.25,552.25,542.75,546.25,70102
01/15/2025,546.75,551.5,542,547,56045
01/16/2025,547,547,536.75,537.5,52990
01/17/2025,537.5,542,533.25,538.75,47782
01/21/2025,542,561.75,542,558.75,112879
01/22/2025,558.5,566.75,551.5,554,91512
01/23/2025,554,559,548,554,64143
01/24/2025,550,552.25,541.25,544,75895
01/27/2025,543,543,532,535.5,68354
01/28/2025,535.75,548.5,533.5,545.25,77116
01/29/2025,544.5,564.75,544.5,562.5,90600
01/30/2025,560.75,569.75,559,566.5,96799
01/31/2025,569,569,551.75,559.5,82096
02/03/2025,555,573.75,550.5,566.75,90750
02/04/2025,566.5,579,558,577,89542
02/05/2025,577.25,584.25,569.5,572.25,108673
02/06/2025,572.25,588.75,566.5,587.75,109406
02/07/2025,587.75,592.5,579.75,582.75,96120
02/10/2025,581.25,586,576.25,579.5,105426
02/11/2025,579,588,575.75,577,110234
02/12/2025,576.25,584.5,572.75,574.25,113048
02/13/2025,574,581,571.5,577.75,91309
02/14/2025,577.25,602.75,577.25,600,89562
02/18/2025,598.25,609,593.25,604.75,93045
02/19/2025,617.75,621.25,603.5,606.5,77008
02/20/2025,607,609.75,598.25,600.25,56780
02/21/2025,600,608,599.75,604,56637
02/24/2025,603.75,604,589.25,593.5,73404
02/25/2025,593.75,595.75,579.5,587.75,84449
02/26/2025,588.75,592.75,577.5,579.75,75490
02/27/2025,579.25,580.25,560,562.5,87517
02/28/2025,563,570.25,555,555.75,69049
03/03/2025,557.5,563.5,545.25,547.75,89699
03/04/2025,547.75,551.75,530,536.75,112381
03/05/2025,539,551,537,548.25,84227
03/06/2025,550.25,562,544.75,554,84193
03/07/2025,554,555.5,544.5,551.25,57242
03/10/2025,554.25,566,553.25,562.5,74007
03/11/2025,562,563,555.5,556.75,51176
03/12/2025,557.5,561.5,546.5,554,70697
03/13/2025,555.75,566.75,554.75,562.5,76176
03/14/2025,562,565,555.25,557,57659
03/17/2025,559,575.25,559,568.5,78721
03/18/2025,568.75,574.75,563.5,565,64451
03/19/2025,564.25,568.5,558,563.5,62175
03/20/2025,565.25,568,552.25,557.25,62329
03/21/2025,557.75,563,553.25,558.25,43385
03/24/2025,561.25,563,545.25,548.25,53647
03/25/2025,548,549.5,541,543.25,57054
03/26/2025,544,545.75,535,535.25,57623
03/27/2025,536.25,537.25,526.5,532,73561
03/28/2025,531.75,533,517.5,528.25,75862
03/31/2025,529.5,539.25,523.5,537,83018
04/01/2025,539,544,533.25,540.5,62409
04/02/2025,541.75,543,532.5,539.25,58991
04/03/2025,526.75,542,525.25,536,80918
04/04/2025,536.75,539.5,520.5,529,70109
04/07/2025,530.75,546.5,525.75,536.5,96849
04/08/2025,537.5,545.75,533.75,540,92716
04/09/2025,539.75,546,536.5,542.25,85229
04/10/2025,543.75,547.5,534.5,538,112107
04/11/2025,537.5,556.75,536.5,555.75,109364
04/14/2025,553,555.25,542.75,547.5,78608
04/15/2025,547.5,551,540.25,542,65960
04/16/2025,542.75,550.5,537,547.75,59640
04/17/2025,548.25,555.75,548,548.75,40697
04/21/2025,562,566.5,551.25,552.25,41091
04/22/2025,554.25,555.25,545.5,550.25,62532
04/23/2025,550.75,552.25,543,543.5,51818
04/24/2025,545,545.5,539.25,544.5,61550
04/25/2025,545.25,549.75,542.5,545,51211
04/28/2025,544,544,527.25,531,99543
04/29/2025,533,537,523.75,525.5,77071
04/30/2025,526.25,539.75,523.25,530.75,87618
05/01/2025,532.5,537.75,528.5,531,55493
05/02/2025,530.75,546.75,530.5,543,62387
05/05/2025,545.25,548,530.75,531.25,63841
05/06/2025,533.25,538.75,528.25,536,54826
05/07/2025,536,545,533,534.25,58189
05/08/2025,532.5,538.5,525.5,529.25,53543
05/09/2025,531.5,533.75,520.75,521.75,54210
05/12/2025,525.25,528.25,514,515.25,82207
05/13/2025,514.5,520,506.25,517.25,78081
05/14/2025,518.25,525.5,510.75,524.75,62950
05/15/2025,524.5,533.25,521.75,532.75,69748
05/16/2025,533.5,533.5,523.5,525,46575
05/19/2025,527,536,524.5,529,64286
05/20/2025,530,547.5,528.75,546,86585
05/21/2025,546,556.25,545,549.25,85813
05/22/2025,548.25,552,541.25,544.5,85214
05/23/2025,545,548.5,538.5,542.5,51963
05/27/2025,543.5,544,527.5,528.5,66898
05/28/2025,531,535.75,526.75,530.25,60152
05/29/2025,533,534.75,527.25,534,48247
05/30/2025,534.25,538.5,531.25,534,46508
06/02/2025,534,549.5,533.25,539,82568
06/03/2025,538,545.5,531.75,536,80640
06/04/2025,535.5,547.5,533.5,543.25,73113
06/05/2025,543.5,549.25,540.5,545.5,0
06/06/2025,545.25,555.75,540.25,554.75,88191
06/09/2025,556,557.75,540,542,102603
06/10/2025,540,542,530.75,534.5,90158
06/11/2025,535,539.25,532,534.25,72453
06/12/2025,534.25,537,526,526.5,93654
06/13/2025,526.75,544.75,522.25,543.75,97069
06/16/2025,545,546.75,531.75,536.5,77417
06/17/2025,536.25,552.25,536.25,549,71241
06/18/2025,565,591,563.5,590.5,118027
06/20/2025,589.25,594,582,583.5,77093
06/23/2025,583,585.75,566.25,569.5,95614
06/24/2025,569.5,569.5,551.5,552,91115
06/25/2025,551.75,553.5,542.5,544.5,68313
06/26/2025,543.75,547.75,536.25,536.75,73662
06/27/2025,537,545.25,536.5,540.75,56492
06/30/2025,540.25,545.25,534.75,538.25,65967
07/01/2025,537.25,550.25,535.75,549,96790
07/02/2025,549.75,565.5,544.75,564,86572
07/03/2025,563,568.75,556.25,556.75,77292
07/07/2025,553,553.75,541.5,548.5,65505
07/08/2025,548.5,550,542,547.75,57565
07/09/2025,547,551.25,541.75,547,46110
07/10/2025,547,555.5,541,554.5,52217
07/11/2025,554.5,557.5,544,545,62671
07/14/2025,543,551.5,538.5,541.5,52432
07/15/2025,541.5,545.25,535.5,538,56165
07/16/2025,538.25,543.5,533.5,541.25,59091
07/17/2025,541,542.75,532,533.5,55433
07/18/2025,533.5,550.25,533,546.25,76794
07/21/2025,546,549.5,541,542.25,43970
07/22/2025,541.75,552.75,536.75,549.5,62596
07/23/2025,548.25,552.25,540,540.5,49135
07/24/2025,540.75,546,535,541.5,56771
07/25/2025,541,544,534,538.25,35524
07/28/2025,536.5,540,532.25,538.5,45184
07/29/2025,538.25,539,526,529.75,80217
07/30/2025,529.75,532,523.25,523.75,64991
07/31/2025,523.25,525.75,516.75,523.25,77077
08/01/2025,523,526,516.25,516.75,58336
08/04/2025,517.5,523,513,516.75,71053
08/05/2025,516.75,517.5,507,508.25,67614
08/06/2025,508.25,509.5,504,508.5,65192
08/07/2025,508.5,520,508.5,518.25,81829
08/08/2025,518,521.75,513.75,514.5,68950
08/11/2025,516.5,523.25,513.25,515,87297
08/12/2025,514.25,515,503.25,505,116430
08/13/2025,505,510.75,502.25,507.25,78660
08/14/2025,506.25,508.75,500.75,503.5,71519
08/15/2025,504,508.25,502.25,506.5,57726
08/18/2025,506.25,508.75,500.75,502.75,64948
08/19/2025,502.5,502.5,497.5,498.5,45629
08/20/2025,521,530.75,517.25,528.25,94302
08/21/2025,529,534.25,525.25,529.75,96779
08/22/2025,529.25,532,526.5,527.25,68831
08/25/2025,527.75,535.5,526.75,529.75,0
08/26/2025,529.75,534.5,527,531.75,71017
08/27/2025,531.25,532.75,523.25,524.25,82271
08/28/2025,524.25,530,520.25,529,68521
08/29/2025,529,534.75,527,534.25,63295
09/02/2025,530.5,532,522.25,528.25,83344
09/03/2025,528.25,530,521.75,522,62621
09/04/2025,522,522.5,514.5,519.5,70089
09/05/2025,520.25,523.5,518,519.25,39078
09/08/2025,519,524.5,516.25,523.75,50598
09/09/2025,524,525,519.25,520.25,34316
09/10/2025,520,522.25,514.75,515,36825
09/11/2025,515.25,522.25,512,521.5,64473
09/12/2025,520.75,524,515.25,523.5,53026
09/15/2025,522.75,529.25,520.25,525,55496
09/16/2025,525,534.5,524,534,46736
09/17/2025,533.5,535.75,526,528.25,49323
09/18/2025,528.25,532.25,523,524.25,39926
09/19/2025,525,526.75,520.25,522.5,42946
