04/05/2002,10305,10326,10222,10296,4234
04/08/2002,10278,10280,10105,10278,4407
04/09/2002,10290,10312,10204,10226,6189
04/10/2002,10229,10399,10215,10383,6372
04/11/2002,10378,10378,10158,10170,5387
04/12/2002,10210,10240,10140,10195,6740
04/15/2002,10196,10230,10068,10108,4122
04/16/2002,10141,10344,10132,10344,5340
04/17/2002,10309,10338,10185,10220,4857
04/18/2002,10238,10272,10040,10125,4241
04/19/2002,10140,10274,10140,10255,3306
04/22/2002,10247,10263,10111,10141,7043
04/23/2002,10148,10177,10065,10100,6065
04/24/2002,10115,10161,10015,10022,8117
04/25/2002,10015,10045,9919,10044,4615
04/26/2002,10036,10077,9860,9872,5401
04/29/2002,9907,9933,9806,9818,6327
04/30/2002,9836,10003,9817,9930,6247
05/01/2002,9963,10081,9820,10071,4509
05/02/2002,10076,10114,10029,10091,5546
05/03/2002,10074,10108,9920,10004,5290
05/06/2002,10004,10018,9781,9797,6603
05/07/2002,9800,9920,9790,9840,8009
05/08/2002,9875,10148,9871,10110,6699
05/09/2002,10127,10134,10008,10025,5086
05/10/2002,10049,10080,9910,9933,5584
05/13/2002,9938,10111,9915,10106,5805
05/14/2002,10110,10297,10089,10290,7445
05/15/2002,10291,10349,10220,10271,6459
05/16/2002,10267,10319,10228,10296,3860
05/17/2002,10333,10364,10256,10340,5071
05/20/2002,10335,10335,10210,10242,5373
05/21/2002,10232,10285,10087,10122,6804
05/22/2002,10135,10159,10062,10144,5867
05/23/2002,10127,10228,10086,10212,4769
05/24/2002,10221,10245,10085,10099,7196
05/28/2002,10125,10143,9965,9996,6608
05/29/2002,9995,9998,9915,9930,8621
05/30/2002,9940,9967,9801,9922,5173
05/31/2002,9935,10047,9889,9895,7626
06/03/2002,9899,9990,9678,9687,10168
06/04/2002,9703,9750,9593,9714,6210
06/05/2002,9735,9812,9688,9806,6595
06/06/2002,9800,9821,9510,9536,6285
06/07/2002,9546,9641,9468,9596,7694
06/10/2002,9614,9718,9560,9652,7581
06/11/2002,9642,9764,9505,9520,8481
06/12/2002,9545,9633,9448,9625,1710
06/13/2002,9655,9655,9485,9500,7776
06/14/2002,9499,9501,9238,9423,7199
06/17/2002,9490,9695,9480,9669,6337
06/18/2002,9680,9760,9625,9729,8008
06/19/2002,9720,9736,9532,9551,8168
06/20/2002,9575,9595,9419,9430,8120
06/21/2002,9420,9480,9205,9273,13579
06/24/2002,9270,9382,9070,9305,9588
06/25/2002,9338,9405,9100,9108,8572
06/26/2002,9000,9171,8864,9120,7884
06/27/2002,9140,9278,9025,9276,3833
06/28/2002,9289,9360,9222,9235,5200
07/01/2002,9225,9324,9088,9101,5132
07/02/2002,9090,9141,8958,9005,5684
07/03/2002,9025,9070,8893,9042,2965
07/05/2002,9052,9412,9050,9395,4999
07/08/2002,9393,9393,9237,9290,5063
07/09/2002,9295,9324,9077,9091,6867
07/10/2002,9096,9172,8775,8797,8689
07/11/2002,8803,8858,8597,8800,6930
07/12/2002,8830,8879,8590,8640,11583
07/15/2002,8636,8689,8232,8665,7363
07/16/2002,8662,8664,8395,8462,9272
07/17/2002,8439,8721,8402,8560,7452
07/18/2002,8520,8630,8341,8365,8843
07/19/2002,8351,8356,7948,8000,13743
07/22/2002,7920,8113,7698,7806,10119
07/23/2002,7815,7950,7646,7646,12974
07/24/2002,7685,8230,7460,8185,11207
07/25/2002,8200,8306,7918,8193,6928
07/26/2002,8170,8276,8077,8266,8746
07/29/2002,8290,8711,8277,8665,9778
07/30/2002,8645,8757,8530,8684,10510
07/31/2002,8660,8770,8523,8705,10082
08/01/2002,8687,8706,8452,8490,9153
08/02/2002,8460,8493,8185,8285,10592
08/05/2002,8295,8302,8011,8015,10584
08/06/2002,8022,8413,7980,8285,11966
08/07/2002,8325,8460,8205,8450,11639
08/08/2002,8440,8709,8414,8698,8097
08/09/2002,8675,8791,8562,8733,6530
08/12/2002,8721,8721,8567,8670,6899
08/13/2002,8675,8738,8454,8480,10920
08/14/2002,8482,8751,8350,8722,12381
08/15/2002,8720,8858,8682,8814,6414
08/16/2002,8775,8837,8705,8782,7477
08/19/2002,8830,8997,8700,8964,6202
08/20/2002,8951,8974,8815,8890,10128
08/21/2002,8884,8985,8799,8985,7896
08/22/2002,8987,9081,8927,9048,6746
08/23/2002,9075,9075,8823,8870,8119
08/26/2002,8875,8955,8753,8910,9385
08/27/2002,8900,9024,8779,8842,6879
08/28/2002,8845,8854,8639,8693,7858
08/29/2002,8690,8744,8557,8633,6415
08/30/2002,8650,8784,8594,8624,13957
09/03/2002,8568,8580,8289,8300,10378
09/04/2002,8297,8455,8279,8394,10561
09/05/2002,8378,8386,8209,8330,9706
09/06/2002,8292,8480,8292,8440,10758
09/09/2002,8428,8559,8313,8487,12006
09/10/2002,8498,8628,8496,8620,8989
09/11/2002,8730,8760,8540,8546,2872
09/12/2002,8550,8550,8335,8356,10758
09/13/2002,8362,8374,8231,8316,10313
09/16/2002,8330,8382,8245,8365,15021
09/17/2002,8490,8580,8090,8100,19406
09/18/2002,8150,8245,8032,8070,17480
09/19/2002,8090,8104,7904,7931,11185
09/20/2002,7922,7994,7893,7936,14919
09/23/2002,7915,7970,7760,7863,15174
09/24/2002,7853,7860,7636,7681,16823
09/25/2002,7640,7879,7604,7860,13772
09/26/2002,7832,7994,7820,7936,13189
09/27/2002,7943,7960,7656,7659,19696
09/30/2002,7650,7667,7429,7565,18422
10/01/2002,7563,7985,7530,7970,19016
10/02/2002,7952,7957,7710,7743,17830
10/03/2002,7735,7903,7667,7708,18696
10/04/2002,7733,7813,7447,7579,19524
10/07/2002,7521,7621,7388,7440,27046
10/08/2002,7461,7610,7310,7521,28684
10/09/2002,7512,7525,7253,7298,26273
10/10/2002,7263,7543,7174,7514,21781
10/11/2002,7486,7885,7461,7865,16256
10/14/2002,7825,7898,7734,7869,25833
10/15/2002,7872,8260,7863,8151,22541
10/16/2002,8164,8260,7990,8063,17626
10/17/2002,8153,8360,8140,8341,16736
10/18/2002,8321,8350,8126,8300,18177
10/21/2002,8285,8539,8210,8481,18561
10/22/2002,8477,8478,8356,8438,21982
10/23/2002,8424,8522,8276,8516,19728
10/24/2002,8520,8558,8252,8275,15899
10/25/2002,8267,8442,8237,8433,17989
10/28/2002,8450,8543,8305,8376,22063
10/29/2002,8374,8383,8163,8351,20707
10/30/2002,8352,8446,8288,8391,19724
10/31/2002,8390,8485,8315,8339,15858
11/01/2002,8336,8550,8283,8548,17020
11/04/2002,8575,8720,8532,8542,18394
11/05/2002,8545,8676,8517,8655,20877
11/06/2002,8682,8785,8566,8770,18414
11/07/2002,8729,8729,8526,8575,16820
11/08/2002,8588,8658,8480,8496,10794
11/11/2002,8490,8501,8326,8365,20434
11/12/2002,8348,8496,8347,8384,23734
11/13/2002,8362,8485,8280,8400,21554
11/14/2002,8404,8546,8390,8508,16711
11/15/2002,8510,8579,8446,8560,15641
11/18/2002,8562,8638,8471,8472,19999
11/19/2002,8474,8541,8398,8485,17961
11/20/2002,8499,8694,8434,8680,20880
11/21/2002,8665,8869,8645,8864,14874
11/22/2002,8843,8876,8788,8789,15082
11/25/2002,8820,8870,8754,8829,21563
11/26/2002,8819,8844,8660,8675,16290
11/27/2002,8689,8939,8665,8934,4811
11/29/2002,8920,8960,8850,8860,20750
12/02/2002,8870,9044,8780,8879,20807
12/03/2002,8871,8871,8709,8745,585
12/04/2002,8728,8795,8640,8718,366
12/05/2002,8760,8760,8595,8635,435
12/06/2002,8630,8655,8474,8652,662
12/09/2002,8647,8647,8424,8436,636
12/10/2002,8460,8556,8457,8538,542
12/11/2002,8535,8609,8472,8554,13643
12/12/2002,8580,8602,8494,8525,15429
12/13/2002,8515,8515,8382,8400,14397
12/16/2002,8408,8625,8385,8617,16720
12/17/2002,8619,8629,8504,8518,15986
12/18/2002,8521,8525,8388,8435,21832
12/19/2002,8426,8495,8307,8355,15330
12/20/2002,8378,8545,8365,8512,9822
12/23/2002,8502,8537,8442,8490,3663
12/24/2002,8490,8504,8420,8430,8904
12/26/2002,8445,8545,8385,8435,11985
12/27/2002,8425,8437,8261,8270,15439
12/30/2002,8261,8349,8235,8307,12970
12/31/2002,8300,8344,8221,8331,22036
01/02/2003,8320,8610,8316,8591,19570
01/03/2003,8586,8621,8535,8604,18817
01/06/2003,8630,8787,8561,8737,23716
01/07/2003,8727,8788,8691,8750,22104
01/08/2003,8730,8745,8561,8583,22671
01/09/2003,8602,8774,8575,8741,26266
01/10/2003,8742,8802,8639,8767,24558
01/13/2003,8761,8864,8729,8777,17999
01/14/2003,8775,8835,8727,8810,21432
01/15/2003,8819,8855,8682,8731,22764
01/16/2003,8722,8790,8655,8683,17088
01/17/2003,8667,8669,8538,8583,26077
01/21/2003,8593,8610,8413,8432,27207
01/22/2003,8435,8473,8286,8312,29332
01/23/2003,8323,8375,8239,8325,29916
01/24/2003,8326,8334,8087,8117,33020
01/27/2003,8116,8141,7935,7993,26839
01/28/2003,7995,8094,7964,8051,30611
01/29/2003,8040,8140,7880,8080,30195
01/30/2003,8080,8126,7864,7885,31632
01/31/2003,7898,8074,7848,8062,21839
02/03/2003,8080,8129,8050,8075,26434
02/04/2003,8082,8082,7905,8010,32520
02/05/2003,8015,8133,7944,7971,35249
02/06/2003,7961,7997,7863,7937,29581
02/07/2003,7949,8021,7809,7870,32036
02/10/2003,7875,7917,7780,7917,31896
02/11/2003,7924,7967,7784,7838,29194
02/12/2003,7828,7845,7729,7739,31448
02/13/2003,7736,7781,7617,7764,35565
02/14/2003,7757,7950,7712,7915,27627
02/18/2003,7949,8066,7904,8043,23983
02/19/2003,8037,8037,7929,8017,28634
02/20/2003,8005,8065,7887,7921,30866
02/21/2003,7925,8039,7844,7996,26466
02/24/2003,8024,8041,7844,7860,33775
02/25/2003,7843,7929,7706,7915,28708
02/26/2003,7930,7940,7788,7798,34560
02/27/2003,7803,7922,7774,7891,27556
02/28/2003,7890,7962,7847,7913,26365
03/03/2003,7938,7980,7815,7836,26617
03/04/2003,7831,7848,7702,7705,32898
03/05/2003,7696,7773,7660,7770,34246
03/06/2003,7771,7773,7630,7658,33261
03/07/2003,7674,7755,7556,7752,27862
03/10/2003,7727,7729,7550,7562,34915
03/11/2003,7554,7640,7516,7518,40740
03/12/2003,7527,7568,7418,7564,13236
03/13/2003,7550,7807,7521,7803,37533
03/14/2003,7818,7909,7773,7860,39011
03/17/2003,7777,8128,7715,8110,34337
03/18/2003,8092,8218,8067,8173,31024
03/19/2003,8135,8256,8116,8244,32839
03/20/2003,8277,8302,8100,8254,34358
03/21/2003,8260,8499,8239,8463,34321
03/24/2003,8391,8404,8154,8189,36262
03/25/2003,8184,8312,8122,8250,35288
03/26/2003,8242,8277,8161,8192,35976
03/27/2003,8186,8225,8080,8178,28290
03/28/2003,8185,8191,8082,8125,35189
03/31/2003,8075,8075,7891,7935,39388
04/01/2003,7950,8074,7949,8030,31853
04/02/2003,8075,8296,8059,8249,33109
04/03/2003,8240,8354,8185,8185,31130
04/04/2003,8198,8300,8191,8267,38795
04/07/2003,8358,8500,8251,8265,31474
04/08/2003,8254,8359,8233,8296,43703
04/09/2003,8278,8389,8164,8183,33151
04/10/2003,8176,8216,8118,8211,38203
04/11/2003,8212,8317,8153,8165,32409
04/14/2003,8201,8380,8157,8355,31859
04/15/2003,8340,8453,8281,8449,37524
04/16/2003,8473,8490,8209,8232,30799
04/17/2003,8237,8325,8212,8302,33351
04/21/2003,8339,8377,8280,8320,49611
04/22/2003,8319,8474,8239,8469,36094
04/23/2003,8470,8509,8426,8491,32760
04/24/2003,8473,8480,8373,8409,36306
04/25/2003,8411,8435,8260,8286,38302
04/28/2003,8283,8481,8254,8442,45669
04/29/2003,8436,8537,8412,8477,44576
04/30/2003,8465,8508,8407,8453,39503
05/01/2003,8449,8456,8316,8430,52361
05/02/2003,8452,8570,8385,8545,48165
05/05/2003,8532,8591,8484,8515,48710
05/06/2003,8500,8622,8494,8570,49994
05/07/2003,8556,8612,8501,8548,48985
05/08/2003,8526,8552,8445,8478,34065
05/09/2003,8494,8593,8474,8578,41328
05/12/2003,8590,8721,8546,8695,38103
05/13/2003,8683,8703,8625,8667,40966
05/14/2003,8662,8716,8594,8648,44708
05/15/2003,8648,8716,8627,8697,32402
05/16/2003,8687,8734,8628,8675,41116
05/19/2003,8629,8635,8466,8490,52449
05/20/2003,8482,8539,8399,8483,47083
05/21/2003,8491,8517,8424,8495,38186
05/22/2003,8490,8619,8481,8577,26190
05/23/2003,8590,8616,8532,8592,40807
05/27/2003,8593,8789,8530,8757,39658
05/28/2003,8754,8845,8754,8772,46530
05/29/2003,8764,8860,8676,8713,39297
05/30/2003,8718,8873,8718,8852,45928
06/02/2003,8890,8996,8875,8903,47196
06/03/2003,8879,8936,8852,8927,53500
06/04/2003,8938,9057,8906,9035,44234
06/05/2003,9027,9070,8962,9040,56047
06/06/2003,9050,9215,9035,9055,47945
06/09/2003,9045,9093,8940,8992,39125
06/10/2003,8990,9074,8983,9067,45249
06/11/2003,9069,9187,9041,9177,16175
06/12/2003,9150,9228,9096,9190,41592
06/13/2003,9198,9208,9052,9108,43744
06/16/2003,9096,9301,9075,9292,45567
06/17/2003,9306,9342,9247,9292,53540
06/18/2003,9304,9313,9207,9270,54433
06/19/2003,9277,9300,9126,9155,45989
06/20/2003,9149,9254,9142,9153,41467
06/23/2003,9140,9163,9013,9058,42040
06/24/2003,9064,9122,9022,9084,40915
06/25/2003,9085,9137,8963,8975,42594
06/26/2003,8975,9076,8965,9049,41339
06/27/2003,9057,9085,8943,8950,42737
06/30/2003,8975,9043,8943,8957,55560
07/01/2003,8950,9030,8847,9020,43243
07/02/2003,9027,9130,9026,9127,22392
07/03/2003,9129,9131,9018,9035,39850
07/07/2003,9060,9240,9060,9198,40299
07/08/2003,9196,9215,9138,9207,46583
07/09/2003,9197,9206,9080,9141,46079
07/10/2003,9117,9130,8971,9015,41390
07/11/2003,9007,9125,8980,9097,49657
07/14/2003,9111,9257,9102,9145,60095
07/15/2003,9159,9215,9064,9115,47639
07/16/2003,9147,9175,9014,9088,50183
07/17/2003,9051,9093,8983,9033,41348
07/18/2003,9035,9164,9020,9155,42719
07/21/2003,9150,9163,9048,9083,59772
07/22/2003,9088,9158,9013,9135,53691
07/23/2003,9149,9184,9071,9175,60703
07/24/2003,9190,9267,9078,9088,56885
07/25/2003,9078,9281,9057,9254,54678
07/28/2003,9282,9284,9208,9232,57987
07/29/2003,9233,9270,9138,9188,45554
07/30/2003,9194,9236,9141,9178,62279
07/31/2003,9183,9343,9168,9207,50717
08/01/2003,9218,9249,9115,9140,57663
08/04/2003,9120,9192,9026,9154,56141
08/05/2003,9154,9174,8968,8973,63136
08/06/2003,8976,9116,8975,9032,50186
08/07/2003,9034,9124,9005,9120,38456
08/08/2003,9108,9187,9101,9182,40978
08/11/2003,9179,9232,9121,9204,43724
08/12/2003,9209,9297,9186,9288,49026
08/13/2003,9279,9319,9216,9270,49008
08/14/2003,9262,9320,9169,9283,26338
08/15/2003,9264,9329,9251,9312,37877
08/18/2003,9320,9411,9310,9402,50681
08/19/2003,9408,9436,9335,9422,43996
08/20/2003,9395,9422,9357,9390,57667
08/21/2003,9389,9485,9383,9416,45935
08/22/2003,9413,9498,9333,9343,38998
08/25/2003,9342,9356,9276,9320,53067
08/26/2003,9314,9354,9227,9331,30865
08/27/2003,9342,9346,9301,9323,43844
08/28/2003,9317,9390,9252,9365,28631
08/29/2003,9363,9421,9340,9409,57152
09/02/2003,9432,9532,9377,9521,62819
09/03/2003,9521,9592,9506,9571,48528
09/04/2003,9558,9617,9534,9589,54442
09/05/2003,9585,9593,9455,9505,47129
09/08/2003,9502,9594,9498,9579,44384
09/09/2003,9589,9605,9485,9513,51915
09/10/2003,9509,9516,9394,9434,14945
09/11/2003,9390,9470,9369,9425,46306
09/12/2003,9423,9454,9344,9437,43483
09/15/2003,9443,9457,9403,9416,44152
09/16/2003,9417,9550,9411,9536,43802
09/17/2003,9546,9558,9504,9525,53027
09/18/2003,9519,9629,9502,9625,42582
09/19/2003,9627,9649,9572,9601,42582
09/22/2003,9564,9564,9461,9506,49296
09/23/2003,9513,9547,9470,9527,49989
09/24/2003,9530,9557,9381,9393,68752
09/25/2003,9399,9428,9258,9280,63356
09/26/2003,9289,9327,9256,9280,58842
09/29/2003,9279,9366,9257,9342,62364
09/30/2003,9341,9350,9195,9258,77159
10/01/2003,9266,9439,9258,9436,59723
10/02/2003,9428,9481,9394,9467,55592
10/03/2003,9468,9635,9452,9542,67565
10/06/2003,9532,9594,9529,9571,35229
10/07/2003,9574,9628,9504,9617,56378
10/08/2003,9610,9643,9562,9616,50312
10/09/2003,9622,9739,9602,9662,58580
10/10/2003,9650,9699,9626,9674,37344
10/13/2003,9679,9750,9679,9735,25181
10/14/2003,9753,9799,9700,9782,46548
10/15/2003,9790,9845,9735,9768,49052
10/16/2003,9748,9798,9703,9771,59820
10/17/2003,9760,9794,9676,9698,48711
10/20/2003,9694,9789,9680,9759,45776
10/21/2003,9783,9783,9698,9715,44256
10/22/2003,9699,9702,9550,9586,60360
10/23/2003,9558,9599,9491,9563,0
10/24/2003,9519,9578,9469,9572,0
10/27/2003,9566,9637,9553,9587,0
10/28/2003,9596,9732,9593,9721,0
10/29/2003,9701,9760,9673,9751,0
10/30/2003,9752,9824,9726,9787,0
10/31/2003,9776,9815,9754,9763,39948
11/03/2003,9763,9870,9756,9813,47250
11/04/2003,9814,9848,9797,9819,41160
11/05/2003,9802,9844,9754,9814,47003
11/06/2003,9817,9853,9738,9843,52603
11/07/2003,9848,9915,9755,9773,53990
11/10/2003,9765,9805,9717,9738,42111
11/11/2003,9730,9747,9699,9719,29546
11/12/2003,9727,9853,9710,9840,51868
11/13/2003,9842,9860,9783,9828,47295
11/14/2003,9821,9893,9727,9753,50322
11/17/2003,9717,9725,9618,9706,60173
11/18/2003,9699,9742,9599,9610,63929
11/19/2003,9600,9707,9599,9686,60850
11/20/2003,9703,9722,9581,9611,71036
11/21/2003,9604,9654,9577,9633,53227
11/24/2003,9630,9747,9623,9735,39119
11/25/2003,9735,9790,9714,9756,45372
11/26/2003,9763,9800,9699,9767,36499
11/28/2003,9780,9799,9742,9787,11038
12/01/2003,9779,9899,9750,9890,53854
12/02/2003,9854,9857,9807,9829,393
12/03/2003,9819,9912,9819,9845,1620
12/04/2003,9851,9906,9843,9897,1421
12/05/2003,9876,9881,9816,9832,1179
12/08/2003,9817,9939,9806,9935,1497
12/09/2003,9938,9969,9884,9896,1418
12/10/2003,9890,9926,9852,9905,4223
12/11/2003,9905,9995,9901,9984,49998
12/12/2003,9989,10025,9945,10010,47806
12/15/2003,10141,10166,9990,10000,62208
12/16/2003,9984,10109,9983,10098,54157
12/17/2003,10096,10139,10064,10132,41200
12/18/2003,10134,10232,10118,10227,51823
12/19/2003,10220,10279,10205,10237,55308
12/22/2003,10198,10332,10190,10326,31280
12/23/2003,10330,10353,10274,10308,30821
12/24/2003,10290,10309,10272,10281,10710
12/26/2003,10289,10318,10285,10292,6721
12/29/2003,10292,10440,10292,10431,26919
12/30/2003,10426,10436,10382,10400,29459
12/31/2003,10406,10439,10383,10415,23416
01/02/2004,10417,10510,10362,10398,51391
01/05/2004,10424,10525,10418,10520,53840
01/06/2004,10522,10528,10479,10514,55231
01/07/2004,10510,10520,10442,10514,66864
01/08/2004,10517,10598,10510,10562,66980
01/09/2004,10570,10574,10422,10433,73738
01/12/2004,10425,10488,10422,10479,63877
01/13/2004,10481,10490,10341,10414,79131
01/14/2004,10409,10537,10405,10527,64257
01/15/2004,10495,10578,10458,10552,91561
01/16/2004,10563,10594,10518,10575,57158
01/20/2004,10580,10618,10498,10510,67282
01/21/2004,10504,10629,10472,10597,81881
01/22/2004,10603,10638,10578,10609,74774
01/23/2004,10600,10630,10501,10551,75154
01/26/2004,10555,10687,10534,10684,70173
01/27/2004,10675,10684,10582,10588,70653
01/28/2004,10586,10639,10416,10465,72423
01/29/2004,10468,10508,10397,10470,90248
01/30/2004,10472,10485,10360,10468,57840
02/02/2004,10470,10549,10417,10485,67773
02/03/2004,10471,10508,10436,10478,64739
02/04/2004,10446,10506,10417,10440,69809
02/05/2004,10432,10502,10432,10474,62647
02/06/2004,10470,10575,10443,10556,61325
02/09/2004,10560,10603,10542,10572,52417
02/10/2004,10573,10616,10542,10585,52737
02/11/2004,10586,10737,10576,10710,79941
02/12/2004,10708,10723,10676,10688,57259
02/13/2004,10697,10724,10595,10623,66495
02/17/2004,10637,10724,10637,10706,51525
02/18/2004,10707,10728,10644,10675,56846
02/19/2004,10686,10750,10653,10663,69145
02/20/2004,10661,10698,10577,10623,81071
02/23/2004,10630,10651,10550,10605,73240
02/24/2004,10604,10637,10516,10565,82111
02/25/2004,10568,10616,10551,10597,60365
02/26/2004,10603,10610,10533,10573,63851
02/27/2004,10578,10648,10553,10582,64776
03/01/2004,10600,10664,10584,10653,0
03/02/2004,10647,10647,10541,10564,0
03/03/2004,10547,10582,10531,10564,78
03/04/2004,10560,10585,10535,10558,78
03/05/2004,10559,10617,10480,10577,303
03/08/2004,10610,10610,10473,10473,720
03/09/2004,10487,10506,10394,10419,1495
03/10/2004,10423,10452,10232,10237,4278
03/11/2004,10248,10300,10088,10095,116780
03/12/2004,10103,10221,10070,10205,85749
03/15/2004,10200,10200,10067,10097,106002
03/16/2004,10101,10192,10074,10162,96169
03/17/2004,10155,10315,10153,10278,70370
03/18/2004,10280,10313,10188,10285,94129
03/19/2004,10302,10325,10134,10154,82385
03/22/2004,10132,10144,9984,10037,105532
03/23/2004,10028,10104,10006,10027,91888
03/24/2004,10010,10083,9974,10036,112093
03/25/2004,10037,10201,10036,10180,104897
03/26/2004,10183,10247,10151,10179,79749
03/29/2004,10205,10324,10192,10311,88031
03/30/2004,10303,10365,10277,10357,76240
03/31/2004,10350,10387,10289,10350,90101
04/01/2004,10349,10396,10318,10369,77062
04/02/2004,10365,10487,10360,10457,96829
04/05/2004,10454,10541,10433,10530,66056
04/06/2004,10527,10553,10476,10523,62517
04/07/2004,10500,10532,10445,10488,83245
04/08/2004,10515,10560,10372,10429,76152
04/12/2004,10408,10509,10402,10501,50203
04/13/2004,10501,10559,10339,10361,100158
04/14/2004,10349,10398,10294,10380,98651
04/15/2004,10389,10415,10302,10353,102457
04/16/2004,10340,10442,10327,10438,75736
04/19/2004,10429,10435,10375,10412,70245
04/20/2004,10409,10464,10253,10268,91745
04/21/2004,10280,10316,10226,10300,113719
04/22/2004,10302,10479,10255,10432,106691
04/23/2004,10457,10475,10392,10454,67742
04/26/2004,10441,10496,10400,10459,74635
04/27/2004,10462,10523,10437,10467,94629
04/28/2004,10466,10471,10313,10343,92131
04/29/2004,10334,10390,10199,10271,129364
04/30/2004,10257,10318,10192,10203,98771
05/03/2004,10205,10312,10205,10292,76175
05/04/2004,10300,10376,10242,10278,84176
05/05/2004,10277,10334,10248,10305,81111
05/06/2004,10302,10309,10154,10222,86252
05/07/2004,10223,10263,10065,10080,104934
05/10/2004,10079,10090,9913,9952,143152
05/11/2004,9961,10024,9949,9985,90586
05/12/2004,9985,10060,9840,10053,143868
05/13/2004,10048,10067,9958,9983,126322
05/14/2004,9987,10058,9915,9997,115479
05/17/2004,9993,9993,9853,9914,107139
05/18/2004,9908,9979,9908,9957,78054
05/19/2004,9960,10092,9905,9926,94701
05/20/2004,9918,9972,9896,9954,82492
05/21/2004,9946,10035,9937,9967,81804
05/24/2004,9995,10046,9925,9970,88917
05/25/2004,9975,10120,9911,10111,97444
05/26/2004,10100,10127,10072,10120,78079
05/27/2004,10116,10224,10114,10217,82806
05/28/2004,10212,10225,10169,10200,39120
06/01/2004,10202,10210,10128,10200,74927
06/02/2004,10202,10289,10190,10263,71510
06/03/2004,10254,10282,10178,10185,74219
06/04/2004,10195,10298,10191,10250,72434
06/07/2004,10273,10395,10270,10379,67169
06/08/2004,10376,10429,10346,10424,70461
06/09/2004,10427,10427,10357,10367,76505
06/10/2004,10363,10400,10360,10390,32924
06/11/2004,10392,10392,10362,10390,32924
06/13/2004,10386,10386,10386,10386,0
06/14/2004,10352,10371,10297,10327,62704
06/15/2004,10335,10419,10332,10382,82630
06/16/2004,10377,10415,10344,10367,59999
06/17/2004,10362,10379,10325,10367,57075
06/18/2004,10361,10429,10327,10397,59606
06/21/2004,10422,10444,10348,10354,56194
06/22/2004,10359,10396,10293,10392,78677
06/23/2004,10389,10477,10346,10470,75803
06/24/2004,10462,10478,10420,10438,58715
06/25/2004,10437,10473,10365,10380,57068
06/28/2004,10402,10461,10313,10330,82779
06/29/2004,10319,10417,10319,10399,68283
06/30/2004,10398,10460,10362,10430,71012
07/01/2004,10431,10448,10261,10300,106919
07/02/2004,10304,10320,10247,10274,64249
07/06/2004,10283,10297,10176,10203,87173
07/07/2004,10204,10260,10174,10231,77145
07/08/2004,10177,10255,10154,10175,99324
07/09/2004,10183,10225,10176,10202,57842
07/12/2004,10211,10245,10145,10225,80497
07/13/2004,10227,10244,10168,10227,61760
07/14/2004,10199,10274,10158,10196,102813
07/15/2004,10207,10218,10119,10130,96721
07/16/2004,10130,10222,10117,10137,86927
07/19/2004,10143,10167,10048,10072,107219
07/20/2004,10066,10184,10048,10168,87495
07/21/2004,10174,10226,10002,10013,104560
07/22/2004,10012,10062,9928,10016,114514
07/23/2004,10007,10020,9916,9955,114514
07/26/2004,9963,9991,9900,9949,114514
07/27/2004,9956,10087,9949,10062,114514
07/28/2004,10061,10134,9975,10110,114514
07/29/2004,10108,10152,10070,10121,114514
07/30/2004,10126,10159,10071,10140,114514
08/02/2004,10083,10188,10078,10165,114514
08/03/2004,10152,10161,10083,10090,114514
08/04/2004,10085,10149,10040,10105,114514
08/05/2004,10101,10122,9927,9933,114514
08/06/2004,9935,9970,9775,9800,114514
08/09/2004,9802,9844,9792,9800,114514
08/10/2004,9805,9932,9803,9917,114514
08/11/2004,9893,9948,9834,9931,114514
08/12/2004,9934,9945,9785,9818,114514
08/13/2004,9821,9848,9776,9832,114514
08/16/2004,9820,9963,9790,9939,114514
08/17/2004,9934,10017,9918,9982,114514
08/18/2004,9969,10090,9936,10081,114514
08/19/2004,10078,10089,9989,10043,114514
08/20/2004,10030,10129,10010,10109,114514
08/23/2004,10109,10133,10066,10081,114514
08/24/2004,10085,10145,10061,10107,114514
08/25/2004,10100,10201,10065,10177,114514
08/26/2004,10175,10194,10154,10170,114514
08/27/2004,10167,10211,10164,10200,0
08/30/2004,10196,10196,10116,10123,114514
08/31/2004,10127,10175,10073,10173,114514
09/01/2004,10170,10207,10103,10171,114514
09/02/2004,10172,10306,10155,10299,114514
09/03/2004,10284,10320,10252,10271,114514
09/07/2004,10301,10363,10284,10342,0
09/08/2004,10318,10352,10301,10326,0
09/09/2004,10319,10333,10265,10278,0
09/10/2004,10278,10317,10232,10301,0
09/13/2004,10296,10348,10294,10327,0
09/14/2004,10323,10339,10301,10327,0
09/15/2004,10322,10326,10224,10229,0
09/16/2004,10234,10281,10228,10247,0
09/17/2004,10244,10314,10231,10283,0
09/20/2004,10277,10286,10180,10198,0
09/21/2004,10194,10271,10192,10222,0
09/22/2004,10216,10217,10086,10092,0
09/23/2004,10091,10107,10019,10023,0
09/24/2004,10030,10073,10015,10047,0
09/27/2004,10063,10066,9977,9993,0
09/28/2004,9993,10092,9969,10065,0
09/29/2004,10065,10129,10041,10123,0
09/30/2004,10120,10138,10030,10065,0
10/01/2004,10064,10201,10037,10192,0
10/04/2004,10194,10266,10190,10207,0
10/05/2004,10197,10241,10150,10178,0
10/06/2004,10183,10242,10154,10237,0
10/07/2004,10239,10239,10116,10123,0
10/08/2004,10120,10161,10031,10039,0
10/11/2004,10060,10094,10041,10086,0
10/12/2004,10090,10097,10009,10068,0
10/13/2004,10098,10125,9948,9981,0
10/14/2004,9972,10004,9869,9888,0
10/15/2004,9891,9974,9882,9925,0
10/18/2004,9939,9960,9850,9945,0
10/19/2004,9959,10012,9877,9887,0
10/20/2004,9870,9885,9797,9865,0
10/21/2004,9873,9900,9793,9863,0
10/22/2004,9860,9879,9741,9749,0
10/25/2004,9721,9774,9683,9740,0
10/26/2004,9767,9886,9741,9881,0
10/27/2004,9878,10008,9833,9987,0
10/28/2004,9986,10037,9942,10000,0
10/29/2004,9996,10037,9977,10009,0
11/01/2004,10002,10069,9998,10042,0
11/02/2004,10039,10125,10000,10028,0
11/03/2004,10013,10206,10010,10141,0
11/04/2004,10137,10312,10118,10301,0
11/05/2004,10293,10412,10280,10390,0
11/08/2004,10382,10400,10354,10397,0
11/09/2004,10393,10428,10366,10387,0
11/10/2004,10393,10449,10382,10404,0
11/11/2004,10409,10494,10388,10475,0
11/12/2004,10475,10543,10460,10532,0
11/15/2004,10540,10570,10527,10562,0
11/16/2004,10560,10560,10481,10503,0
11/17/2004,10515,10615,10508,10574,0
11/18/2004,10565,10598,10556,10587,0
11/19/2004,10585,10590,10447,10478,0
11/22/2004,10457,10518,10400,10501,77619
11/23/2004,10499,10522,10442,10517,88497
11/24/2004,10523,10549,10486,10522,60179
11/26/2004,10552,10561,10501,10510,18712
11/29/2004,10549,10590,10426,10469,172
11/30/2004,10457,10490,10440,10456,113
12/01/2004,10462,10600,10461,10591,287
12/02/2004,10588,10640,10556,10600,305
12/03/2004,10645,10654,10573,10588,242
12/06/2004,10590,10595,10540,10549,324
12/07/2004,10562,10581,10450,10459,1341
12/08/2004,10459,10518,10446,10513,4065
12/09/2004,10483,10573,10423,10552,104425
12/10/2004,10555,10587,10523,10561,77402
12/13/2004,10581,10659,10564,10657,76735
12/14/2004,10655,10706,10631,10687,74198
12/15/2004,10683,10718,10646,10697,93169
12/16/2004,10694,10739,10671,10722,98158
12/17/2004,10715,10738,10643,10677,106745
12/20/2004,10667,10741,10656,10685,80508
12/21/2004,10683,10770,10677,10763,73106
12/22/2004,10761,10839,10752,10822,59294
12/23/2004,10816,10878,10806,10832,38173
12/27/2004,10839,10878,10790,10800,44439
12/28/2004,10801,10870,10800,10866,36749
12/29/2004,10867,10875,10801,10844,40199
12/30/2004,10843,10857,10795,10798,27484
12/31/2004,10809,10838,10763,10768,19961
01/03/2005,10781,10876,10711,10750,113280
01/04/2005,10748,10777,10608,10648,127401
01/05/2005,10650,10689,10578,10587,116275
01/06/2005,10590,10677,10590,10621,107873
01/07/2005,10619,10664,10573,10599,110499
01/10/2005,10613,10673,10585,10628,96262
01/11/2005,10622,10634,10533,10558,101958
01/12/2005,10584,10627,10501,10605,126812
01/13/2005,10616,10620,10481,10502,100994
01/14/2005,10506,10567,10497,10547,66747
01/18/2005,10560,10635,10504,10620,90499
01/19/2005,10623,10628,10489,10529,81757
01/20/2005,10496,10548,10456,10473,114507
01/21/2005,10481,10512,10383,10393,96710
01/24/2005,10407,10441,10367,10383,116195
01/25/2005,10392,10510,10391,10466,93266
01/26/2005,10479,10531,10473,10488,86900
01/27/2005,10480,10499,10424,10468,94300
01/28/2005,10474,10482,10378,10447,93047
01/31/2005,10481,10507,10452,10485,72675
02/01/2005,10481,10567,10467,10542,67306
02/02/2005,10553,10617,10537,10585,73556
02/03/2005,10577,10597,10544,10586,67597
02/04/2005,10585,10720,10571,10695,87112
02/07/2005,10711,10726,10690,10700,58185
02/08/2005,10698,10742,10692,10722,66810
02/09/2005,10720,10756,10658,10673,85168
02/10/2005,10668,10767,10668,10746,83192
02/11/2005,10755,10834,10706,10806,91588
02/14/2005,10813,10819,10777,10793,45831
02/15/2005,10790,10854,10783,10838,74059
02/16/2005,10841,10860,10785,10837,67527
02/17/2005,10838,10845,10755,10759,86544
02/18/2005,10761,10798,10731,10797,68378
02/22/2005,10787,10789,10610,10618,107032
02/23/2005,10618,10705,10610,10686,92602
02/24/2005,10688,10763,10647,10751,97047
02/25/2005,10751,10850,10736,10842,71752
02/28/2005,10845,10864,10731,10778,85602
03/01/2005,10797,10884,10797,10856,232
03/02/2005,10831,10904,10813,10840,255
03/03/2005,10836,10897,10801,10854,566
03/04/2005,10864,10995,10855,10985,655
03/07/2005,10995,11010,10960,10967,335
03/08/2005,10952,10981,10929,10945,538
03/09/2005,10945,10970,10830,10830,3431
03/10/2005,10835,10904,10803,10873,75083
03/11/2005,10883,10905,10788,10813,90160
03/14/2005,10818,10843,10783,10840,75167
03/15/2005,10843,10870,10772,10779,90214
03/16/2005,10775,10809,10637,10659,113019
03/17/2005,10669,10687,10624,10650,83604
03/18/2005,10660,10679,10579,10635,111770
03/21/2005,10635,10650,10557,10576,94601
03/22/2005,10577,10634,10464,10481,116231
03/23/2005,10479,10519,10451,10469,115131
03/24/2005,10478,10542,10461,10471,75464
03/28/2005,10491,10550,10481,10506,74315
03/29/2005,10505,10542,10412,10431,120138
03/30/2005,10440,10571,10438,10561,111254
03/31/2005,10560,10573,10504,10520,81266
04/01/2005,10527,10586,10395,10419,130364
04/04/2005,10421,10460,10370,10447,104922
04/05/2005,10445,10492,10436,10480,87164
04/06/2005,10486,10544,10486,10524,94834
04/07/2005,10522,10578,10491,10572,95939
04/08/2005,10571,10575,10452,10453,84133
04/11/2005,10463,10497,10454,10456,76573
04/12/2005,10460,10544,10363,10514,137604
04/13/2005,10517,10533,10387,10403,116298
04/14/2005,10411,10429,10215,10218,153664
04/15/2005,10234,10273,10068,10069,176699
04/18/2005,10063,10115,10020,10089,155509
04/19/2005,10093,10172,10074,10170,107560
04/20/2005,10170,10189,9999,10025,153335
04/21/2005,10025,10242,10013,10216,128268
04/22/2005,10209,10225,10070,10186,120904
04/25/2005,10186,10271,10178,10259,90471
04/26/2005,10251,10269,10149,10157,220284
04/27/2005,10155,10223,10079,10192,132577
04/28/2005,10194,10206,10041,10068,132266
04/29/2005,10062,10202,10047,10197,144268
05/02/2005,10193,10264,10184,10254,93560
05/03/2005,10253,10309,10206,10290,125043
05/04/2005,10286,10393,10266,10375,113526
05/05/2005,10367,10405,10295,10346,121900
05/06/2005,10344,10412,10324,10326,98929
05/09/2005,10343,10385,10315,10368,82065
05/10/2005,10367,10371,10242,10275,116857
05/11/2005,10266,10323,10181,10305,133933
05/12/2005,10301,10323,10180,10189,138435
05/13/2005,10200,10238,10074,10153,142612
05/16/2005,10150,10259,10144,10256,91248
05/17/2005,10251,10343,10213,10336,103677
05/18/2005,10334,10492,10315,10473,113343
05/19/2005,10466,10507,10444,10498,98253
05/20/2005,10494,10505,10430,10492,75353
05/23/2005,10479,10569,10475,10537,82748
05/24/2005,10535,10536,10480,10500,86777
05/25/2005,10493,10495,10431,10480,75858
05/26/2005,10478,10550,10475,10536,55643
05/27/2005,10536,10559,10521,10548,31986
05/31/2005,10553,10556,10466,10474,77270
06/01/2005,10483,10594,10471,10546,109788
06/02/2005,10550,10569,10513,10557,66517
06/03/2005,10557,10571,10447,10485,89015
06/06/2005,10476,10484,10432,10470,59114
06/07/2005,10470,10581,10468,10497,113046
06/08/2005,10525,10575,10492,10516,7477
06/09/2005,10512,10558,10470,10527,89710
06/10/2005,10529,10572,10479,10554,72113
06/13/2005,10546,10627,10509,10572,102536
06/14/2005,10568,10626,10551,10589,85929
06/15/2005,10586,10624,10527,10600,103191
06/16/2005,10601,10631,10573,10605,82891
06/17/2005,10603,10694,10603,10651,90380
06/20/2005,10636,10670,10594,10633,69163
06/21/2005,10636,10664,10609,10646,78100
06/22/2005,10640,10682,10603,10635,225970
06/23/2005,10634,10640,10294,10434,127972
06/24/2005,10442,10459,10306,10325,108752
06/27/2005,10317,10357,10274,10322,94347
06/28/2005,10325,10432,10324,10429,77852
06/29/2005,10426,10455,10376,10384,153484
06/30/2005,10387,10431,10283,10302,106376
07/01/2005,10302,10365,10302,10331,69758
07/05/2005,10332,10409,10300,10383,86587
07/06/2005,10384,10404,10281,10282,94720
07/07/2005,10285,10341,10061,10340,149084
07/08/2005,10352,10483,10321,10481,113900
07/11/2005,10473,10556,10473,10539,85375
07/12/2005,10538,10565,10501,10530,94094
07/13/2005,10529,10586,10521,10584,86273
07/14/2005,10584,10672,10575,10650,114862
07/15/2005,10648,10673,10614,10661,63852
07/18/2005,10650,10653,10589,10635,73353
07/19/2005,10631,10683,10617,10624,77743
07/20/2005,10633,10708,10593,10685,108445
07/21/2005,10681,10760,10619,10621,135314
07/22/2005,10627,10678,10599,10676,73198
07/25/2005,10669,10701,10602,10628,75389
07/26/2005,10628,10642,10579,10602,83651
07/27/2005,10596,10658,10588,10647,71713
07/28/2005,10651,10726,10642,10721,76713
07/29/2005,10724,10735,10651,10679,74123
08/01/2005,10674,10693,10620,10633,65581
08/02/2005,10637,10708,10634,10683,76166
08/03/2005,10678,10717,10644,10708,61110
08/04/2005,10712,10712,10606,10615,72739
08/05/2005,10620,10636,10555,10569,73090
08/08/2005,10568,10608,10526,10558,69740
08/09/2005,10551,10645,10547,10632,78194
08/10/2005,10630,10736,10576,10624,123614
08/11/2005,10622,10698,10604,10685,107529
08/12/2005,10683,10693,10576,10598,94188
08/15/2005,10596,10668,10566,10659,77446
08/16/2005,10660,10668,10516,10533,98160
08/17/2005,10543,10604,10506,10562,97279
08/18/2005,10567,10607,10520,10568,89561
08/19/2005,10572,10642,10570,10592,73416
08/22/2005,10589,10657,10532,10589,103437
08/23/2005,10593,10601,10507,10550,83686
08/24/2005,10549,10568,10423,10437,120426
08/25/2005,10438,10473,10433,10460,68719
08/26/2005,10458,10473,10391,10407,94981
08/29/2005,10345,10494,10327,10478,110219
08/30/2005,10477,10478,10354,10415,132368
08/31/2005,10399,10509,10360,10502,141397
09/01/2005,10497,10528,10427,10462,117150
09/02/2005,10460,10500,10434,10462,88708
09/06/2005,10493,10596,10486,10588,90249
09/07/2005,10630,10680,10614,10665,2943
09/08/2005,10652,10672,10607,10636,74379
09/09/2005,10643,10737,10635,10720,79361
09/12/2005,10740,10742,10703,10720,64175
09/13/2005,10707,10722,10640,10658,102230
09/14/2005,10659,10680,10577,10595,94505
09/15/2005,10596,10625,10560,10597,102084
09/16/2005,10599,10691,10590,10673,91983
09/19/2005,10659,10670,10560,10606,81094
09/20/2005,10603,10647,10506,10523,106190
09/21/2005,10518,10540,10405,10419,124950
09/22/2005,10406,10484,10384,10451,135930
09/23/2005,10439,10490,10406,10452,93479
09/26/2005,10493,10544,10441,10487,103636
09/27/2005,10487,10530,10447,10495,102202
09/28/2005,10488,10543,10452,10509,102460
09/29/2005,10511,10593,10446,10577,144528
09/30/2005,10581,10630,10555,10612,81009
10/03/2005,10618,10639,10549,10567,95023
10/04/2005,10564,10599,10447,10453,111322
10/05/2005,10450,10466,10342,10348,159908
10/06/2005,10348,10397,10243,10324,186535
10/07/2005,10332,10376,10306,10323,112079
10/10/2005,10325,10362,10253,10258,97588
10/11/2005,10260,10342,10255,10276,134872
10/12/2005,10261,10332,10206,10218,184108
10/13/2005,10229,10265,10178,10216,155242
10/14/2005,10220,10315,10217,10302,130344
10/17/2005,10308,10381,10276,10370,104865
10/18/2005,10375,10399,10285,10306,112861
10/19/2005,10293,10452,10245,10447,176609
10/20/2005,10444,10456,10261,10288,186398
10/21/2005,10277,10345,10211,10240,158066
10/24/2005,10247,10407,10239,10398,140761
10/25/2005,10396,10428,10331,10394,123911
10/26/2005,10396,10448,10351,10374,144186
10/27/2005,10367,10377,10235,10252,125787
10/28/2005,10238,10416,10230,10405,137349
10/31/2005,10407,10498,10401,10410,114782
11/01/2005,10420,10466,10414,10431,96733
11/02/2005,10430,10503,10388,10486,104328
11/03/2005,10487,10574,10471,10538,112749
11/04/2005,10538,10563,10486,10534,85499
11/07/2005,10536,10599,10517,10575,85286
11/08/2005,10574,10587,10538,10570,70857
11/09/2005,10568,10618,10533,10564,92356
11/10/2005,10567,10676,10538,10660,121085
11/11/2005,10668,10719,10654,10710,44484
11/14/2005,10707,10730,10693,10726,63435
11/15/2005,10714,10762,10681,10719,101785
11/16/2005,10713,10737,10673,10706,91393
11/17/2005,10702,10747,10684,10739,87677
11/18/2005,10740,10796,10715,10782,95208
11/21/2005,10785,10857,10769,10842,86373
11/22/2005,10842,10896,10807,10884,257263
11/23/2005,10879,10967,10863,10942,75177
11/25/2005,10934,10972,10924,10957,20283
11/28/2005,10995,11036,10950,10977,921
11/29/2005,11019,11028,10959,10963,757
11/30/2005,10967,10986,10875,10887,172
12/01/2005,10900,11002,10900,10973,417
12/02/2005,10982,10995,10930,10943,276
12/05/2005,10940,10975,10876,10906,978
12/06/2005,10910,10986,10900,10929,1180
12/07/2005,10930,10941,10828,10866,7432
12/08/2005,10869,10911,10791,10818,105497
12/09/2005,10809,10867,10788,10833,85764
12/12/2005,10830,10882,10795,10827,87076
12/13/2005,10826,10932,10810,10892,108127
12/14/2005,10900,10979,10860,10951,106630
12/15/2005,10952,11007,10920,10929,92895
12/16/2005,10931,10994,10913,10922,74223
12/19/2005,10925,10973,10873,10888,79077
12/20/2005,10890,10914,10838,10858,76689
12/21/2005,10854,10947,10854,10884,86043
12/22/2005,10884,10940,10871,10933,56292
12/23/2005,10936,10956,10920,10933,30337
12/27/2005,10951,10986,10818,10832,76789
12/28/2005,10826,10870,10820,10838,55224
12/29/2005,10837,10867,10804,10820,44817
12/30/2005,10828,10833,10728,10744,49114
01/03/2006,10780,10907,10720,10882,136634
01/04/2006,10883,10934,10850,10924,102874
01/05/2006,10917,10948,10880,10934,103998
01/06/2006,10933,11014,10919,10998,103528
01/09/2006,10994,11067,10985,11045,95558
01/10/2006,11032,11058,10990,11052,96178
01/11/2006,11049,11086,11027,11075,88345
01/12/2006,11069,11075,10986,11012,85865
01/13/2006,11012,11027,10953,10995,82223
01/17/2006,10998,11005,10878,10934,93537
01/18/2006,10876,10918,10825,10891,120798
01/19/2006,10900,10947,10881,10898,98772
01/20/2006,10904,10908,10673,10684,185361
01/23/2006,10683,10762,10672,10719,116571
01/24/2006,10712,10775,10711,10732,115317
01/25/2006,10739,10783,10689,10748,150247
01/26/2006,10759,10849,10755,10832,388881
01/27/2006,10848,10956,10823,10943,117068
01/30/2006,10941,10949,10903,10918,58944
01/31/2006,10911,10943,10843,10860,100682
02/01/2006,10852,10987,10833,10985,123362
02/02/2006,10978,10978,10838,10859,127392
02/03/2006,10856,10896,10790,10801,110422
02/06/2006,10802,10841,10782,10821,64529
02/07/2006,10823,10836,10747,10767,108174
02/08/2006,10776,10884,10746,10873,93770
02/09/2006,10870,10970,10861,10896,110568
02/10/2006,10905,10963,10830,10927,123412
02/13/2006,10921,10957,10865,10916,85364
02/14/2006,10918,11064,10906,11045,132726
02/15/2006,11042,11084,11003,11071,116807
02/16/2006,11075,11133,11059,11129,88165
02/17/2006,11127,11144,11088,11122,60058
02/21/2006,11119,11164,11059,11078,102601
02/22/2006,11082,11169,11064,11128,84652
02/23/2006,11128,11150,11062,11091,93536
02/24/2006,11102,11115,11022,11088,86661
02/27/2006,11102,11145,11085,11095,61462
02/28/2006,11098,11100,10986,11002,108964
03/01/2006,11007,11079,11007,11056,72344
03/02/2006,11047,11062,10991,11045,96603
03/03/2006,11114,11181,11041,11084,517
03/06/2006,11080,11115,11004,11037,978
03/07/2006,11030,11062,11000,11057,1077
03/08/2006,11053,11102,10994,11077,12141
03/09/2006,11083,11125,11036,11043,79583
03/10/2006,11036,11174,11036,11152,132889
03/13/2006,11157,11199,11135,11169,80411
03/14/2006,11169,11246,11142,11231,91582
03/15/2006,11230,11307,11217,11297,86612
03/16/2006,11288,11361,11278,11344,100720
03/17/2006,11335,11370,11319,11361,71289
03/20/2006,11357,11390,11336,11357,75139
03/21/2006,11352,11413,11295,11317,124452
03/22/2006,11314,11400,11303,11387,98995
03/23/2006,11393,11398,11304,11357,96432
03/24/2006,11348,11387,11310,11351,91645
03/27/2006,11350,11366,11296,11324,62638
03/28/2006,11316,11347,11204,11220,114892
03/29/2006,11213,11308,11211,11267,111003
03/30/2006,11265,11320,11172,11204,123840
03/31/2006,11205,11250,11162,11195,86165
04/03/2006,11196,11306,11192,11197,102811
04/04/2006,11204,11286,11179,11266,103442
04/05/2006,11269,11308,11217,11293,101157
04/06/2006,11286,11307,11223,11279,94135
04/07/2006,11279,11328,11163,11184,145475
04/10/2006,11181,11242,11164,11208,88453
04/11/2006,11220,11238,11098,11144,120423
04/12/2006,11147,11193,11135,11178,80665
04/13/2006,11184,11229,11149,11179,81382
04/17/2006,11179,11206,11077,11129,102637
04/18/2006,11129,11325,11125,11308,160713
04/19/2006,11319,11364,11274,11323,115338
04/20/2006,11319,11426,11310,11386,121202
04/21/2006,11392,11448,11359,11393,101033
04/24/2006,11391,11398,11342,11389,75872
04/25/2006,11389,11411,11295,11333,110544
04/26/2006,11335,11413,11325,11382,102069
04/27/2006,11386,11452,11309,11422,164449
04/28/2006,11409,11450,11377,11427,75480
05/01/2006,11437,11460,11355,11367,573
05/02/2006,11377,11459,11375,11454,82099
05/03/2006,11452,11457,11388,11434,82987
05/04/2006,11431,11492,11420,11466,69631
05/05/2006,11465,11614,11463,11596,96197
05/08/2006,11596,11631,11592,11606,52617
05/09/2006,11606,11671,11592,11665,50494
05/10/2006,11663,11702,11628,11679,88584
05/11/2006,11669,11695,11507,11544,126731
05/12/2006,11546,11552,11401,11408,140028
05/15/2006,11389,11459,11332,11449,133937
05/16/2006,11448,11488,11411,11441,104584
05/17/2006,11443,11482,11198,11204,195005
05/18/2006,11213,11275,11136,11149,135804
05/19/2006,11155,11208,11096,11180,187065
05/22/2006,11195,11204,11059,11124,160585
05/23/2006,11137,11226,11030,11070,127241
05/24/2006,11033,11184,11022,11139,218398
05/25/2006,11145,11243,11112,11231,107602
05/26/2006,11229,11311,11225,11302,75309
05/30/2006,11284,11294,11100,11104,115947
05/31/2006,11104,11197,11070,11188,112765
06/01/2006,11193,11282,11138,11256,88192
06/02/2006,11255,11322,11199,11253,107900
06/05/2006,11246,11248,11052,11083,108778
06/06/2006,11092,11120,10931,11013,171655
06/07/2006,11105,11160,10998,11008,4649
06/08/2006,11013,11050,10834,10988,179726
06/09/2006,10996,11059,10950,10966,113501
06/12/2006,10958,11017,10862,10876,139779
06/13/2006,10879,10950,10771,10777,221541
06/14/2006,10776,10918,10740,10904,180272
06/15/2006,10921,11121,10911,11109,153880
06/16/2006,11102,11131,11062,11088,99952
06/19/2006,11088,11137,10985,11008,121992
06/20/2006,11020,11114,11002,11075,110595
06/21/2006,11072,11210,11049,11155,114720
06/22/2006,11159,11192,11062,11101,102418
06/23/2006,11104,11153,11047,11074,105214
06/26/2006,11074,11132,11047,11127,69357
06/27/2006,11126,11138,10991,11008,107807
06/28/2006,11014,11060,10970,11058,78966
06/29/2006,11058,11266,11051,11260,131244
06/30/2006,11255,11310,11231,11247,68306
07/03/2006,11258,11295,11248,11289,21497
07/05/2006,11268,11285,11181,11214,73468
07/06/2006,11212,11323,11205,11289,83488
07/07/2006,11288,11339,11128,11159,119867
07/10/2006,11165,11240,11148,11176,93912
07/11/2006,11163,11213,11088,11209,113043
07/12/2006,11213,11224,11049,11083,123198
07/13/2006,11085,11100,10874,10886,169220
07/14/2006,10860,10915,10751,10783,151185
07/17/2006,10782,10850,10722,10797,122845
07/18/2006,10797,10873,10730,10866,165477
07/19/2006,10860,11087,10826,11048,175664
07/20/2006,11054,11084,10963,10978,125574
07/21/2006,10999,11026,10878,10906,136054
07/24/2006,10905,11110,10892,11102,117064
07/25/2006,11105,11176,11038,11127,141718
07/26/2006,11122,11196,11085,11138,117502
07/27/2006,11134,11225,11122,11169,124594
07/28/2006,11162,11279,11154,11254,103978
07/31/2006,11246,11251,11207,11230,69014
08/01/2006,11230,11237,11112,11164,92247
08/02/2006,11167,11256,11157,11235,86985
08/03/2006,11233,11301,11160,11292,92477
08/04/2006,11289,11375,11211,11278,82637
08/07/2006,11274,11284,11216,11267,69337
08/08/2006,11265,11307,11164,11207,112954
08/09/2006,11225,11277,11094,11116,112317
08/10/2006,11120,11175,11046,11150,118780
08/11/2006,11144,11160,11072,11120,74662
08/14/2006,11158,11234,11105,11133,89616
08/15/2006,11135,11265,11133,11248,91646
08/16/2006,11244,11369,11237,11352,84816
08/17/2006,11350,11399,11331,11356,78770
08/18/2006,11360,11418,11342,11409,75604
08/21/2006,11404,11409,11344,11386,60956
08/22/2006,11381,11410,11322,11358,83880
08/23/2006,11359,11392,11282,11334,90709
08/24/2006,11324,11361,11291,11301,70271
08/25/2006,11307,11340,11276,11308,58172
08/28/2006,11312,11410,11286,11363,71667
08/29/2006,11363,11397,11311,11372,92137
08/30/2006,11370,11418,11364,11390,68806
08/31/2006,11392,11423,11371,11391,52536
09/01/2006,11397,11489,11392,11472,69913
09/05/2006,11499,11501,11446,11478,74920
09/06/2006,11558,11558,11487,11503,4660
09/07/2006,11490,11500,11410,11439,96691
09/08/2006,11447,11493,11434,11471,70367
09/11/2006,11472,11510,11415,11483,103841
09/12/2006,11482,11601,11457,11585,122479
09/13/2006,11586,11663,11561,11628,105919
09/14/2006,11625,11641,11585,11627,89746
09/15/2006,11626,11703,11614,11660,90658
09/18/2006,11650,11681,11614,11649,84531
09/19/2006,11640,11662,11564,11625,112138
09/20/2006,11631,11713,11622,11697,94369
09/21/2006,11698,11729,11583,11623,121898
09/22/2006,11620,11635,11553,11593,80030
09/25/2006,11598,11698,11562,11648,122106
09/26/2006,11645,11752,11626,11748,112735
09/27/2006,11739,11791,11723,11774,109480
09/28/2006,11770,11797,11727,11769,87665
09/29/2006,11771,11808,11737,11749,75832
10/02/2006,11742,11794,11721,11735,80899
10/03/2006,11735,11823,11713,11790,87993
10/04/2006,11786,11915,11766,11906,127219
10/05/2006,11906,11938,11887,11926,87491
10/06/2006,11926,11936,11866,11918,98752
10/09/2006,11915,11942,11877,11928,52130
10/10/2006,11924,11941,11891,11919,82043
10/11/2006,11903,11936,11849,11919,106193
10/12/2006,11918,12016,11916,12006,80103
10/13/2006,12006,12023,11961,12020,67366
10/16/2006,12016,12050,11996,12032,57399
10/17/2006,12026,12031,11937,12014,101687
10/18/2006,12028,12099,11997,12040,139151
10/19/2006,12030,12079,12014,12059,100569
10/20/2006,12059,12077,11999,12048,80144
10/23/2006,12058,12171,12026,12143,122710
10/24/2006,12130,12181,12127,12176,90549
10/25/2006,12170,12195,12118,12189,114294
10/26/2006,12187,12221,12132,12189,101425
10/27/2006,12189,12190,12110,12137,107960
10/30/2006,12132,12153,12081,12122,93723
10/31/2006,12120,12146,12053,12119,133934
11/01/2006,12116,12157,12034,12063,144990
11/02/2006,12063,12088,12008,12036,105017
11/03/2006,12037,12098,11991,12008,121674
11/06/2006,12013,12148,12004,12133,105302
11/07/2006,12132,12221,12121,12188,120727
11/08/2006,12182,12220,12123,12208,141008
11/09/2006,12212,12218,12115,12141,124981
11/10/2006,12141,12155,12099,12133,86602
11/13/2006,12138,12204,12117,12159,90784
11/14/2006,12161,12266,12117,12254,143032
11/15/2006,12257,12327,12240,12288,107250
11/16/2006,12277,12358,12274,12350,108489
11/17/2006,12338,12376,12310,12368,86101
11/20/2006,12368,12385,12331,12352,100902
11/21/2006,12347,12367,12322,12347,69652
11/22/2006,12348,12384,12325,12354,58606
11/24/2006,12347,12347,12280,12301,35172
11/27/2006,12375,12406,12222,12222,317
11/28/2006,12222,12256,12176,12238,234
11/29/2006,12254,12340,12254,12338,404
11/30/2006,12343,12386,12266,12332,640
12/01/2006,12335,12356,12194,12309,1431
12/04/2006,12292,12413,12291,12383,975
12/05/2006,12387,12439,12379,12435,1878
12/06/2006,12435,12450,12398,12414,9793
12/07/2006,12405,12466,12362,12374,88864
12/08/2006,12374,12433,12336,12396,123284
12/11/2006,12398,12449,12396,12430,79778
12/12/2006,12430,12435,12345,12412,128885
12/13/2006,12407,12462,12393,12423,121316
12/14/2006,12419,12527,12405,12509,135280
12/15/2006,12515,12577,12503,12535,83926
12/18/2006,12536,12579,12517,12536,81610
12/19/2006,12539,12577,12482,12551,102497
12/20/2006,12555,12580,12534,12544,62354
12/21/2006,12550,12575,12474,12501,86465
12/22/2006,12507,12522,12411,12418,70156
12/26/2006,12427,12501,12415,12494,33604
12/27/2006,12495,12595,12491,12587,55540
12/28/2006,12585,12608,12551,12574,58876
12/29/2006,12574,12600,12525,12539,40896
01/02/2007,12540,12619,12539,12539,2350
01/03/2007,12607,12652,12471,12530,144144
01/04/2007,12541,12576,12468,12549,120680
01/05/2007,12554,12557,12429,12450,126571
01/08/2007,12460,12514,12405,12492,121633
01/09/2007,12499,12535,12436,12483,128989
01/10/2007,12489,12545,12417,12508,116053
01/11/2007,12522,12602,12481,12566,95980
01/12/2007,12567,12631,12545,12626,62695
01/16/2007,12640,12654,12592,12628,86983
01/17/2007,12621,12668,12601,12639,113493
01/18/2007,12628,12665,12582,12603,127866
01/19/2007,12588,12635,12576,12610,96213
01/22/2007,12613,12627,12495,12534,126151
01/23/2007,12538,12600,12511,12592,105106
01/24/2007,12596,12674,12586,12661,102992
01/25/2007,12669,12670,12527,12541,120825
01/26/2007,12544,12575,12464,12523,133697
01/29/2007,12521,12577,12496,12525,102666
01/30/2007,12527,12572,12511,12560,92871
01/31/2007,12565,12689,12514,12660,133230
02/01/2007,12657,12726,12655,12711,99375
02/02/2007,12714,12736,12668,12689,74283
02/05/2007,12677,12710,12660,12703,65820
02/06/2007,12697,12716,12661,12697,72827
02/07/2007,12700,12734,12659,12710,94045
02/08/2007,12706,12707,12602,12672,116091
02/09/2007,12670,12703,12571,12614,121535
02/12/2007,12604,12632,12561,12584,82312
02/13/2007,12586,12689,12586,12686,96083
02/14/2007,12685,12785,12682,12765,88620
02/15/2007,12764,12803,12760,12787,80585
02/16/2007,12779,12793,12764,12787,55326
02/20/2007,12790,12816,12722,12796,91004
02/21/2007,12795,12802,12723,12758,99489
02/22/2007,12755,12782,12666,12704,117462
02/23/2007,12701,12708,12650,12664,87613
02/26/2007,12670,12719,12629,12654,103506
02/27/2007,12657,12662,12102,12180,320713
02/28/2007,12175,12357,12163,12274,245661
03/01/2007,12266,12313,12066,12252,268622
03/02/2007,12263,12294,12101,12108,185717
03/05/2007,12075,12196,11970,12036,227269
03/06/2007,12062,12229,12062,12215,158383
03/07/2007,12320,12354,12274,12297,7649
03/08/2007,12290,12401,12290,12376,83099
03/09/2007,12382,12440,12322,12384,131312
03/12/2007,12389,12443,12339,12411,120811
03/13/2007,12404,12414,12172,12189,213804
03/14/2007,12186,12256,12035,12249,298982
03/15/2007,12262,12285,12198,12256,153705
03/16/2007,12240,12284,12176,12211,123462
03/19/2007,12196,12334,12190,12329,110471
03/20/2007,12327,12387,12303,12385,101317
03/21/2007,12381,12570,12350,12523,155672
03/22/2007,12519,12574,12496,12545,137264
03/23/2007,12541,12599,12533,12567,95143
03/26/2007,12561,12578,12451,12533,138429
03/27/2007,12528,12535,12455,12484,111606
03/28/2007,12455,12462,12329,12388,165430
03/29/2007,12394,12466,12341,12416,157513
03/30/2007,12422,12492,12315,12440,164297
04/02/2007,12438,12465,12391,12449,116572
04/03/2007,12452,12627,12447,12580,122496
04/04/2007,12577,12610,12555,12595,77961
04/05/2007,12594,12643,12571,12622,59733
04/06/2007,12622,12670,12615,12622,2719
04/09/2007,12659,12668,12625,12639,58639
04/10/2007,12639,12659,12618,12632,70939
04/11/2007,12634,12650,12515,12554,143884
04/12/2007,12554,12619,12487,12604,124997
04/13/2007,12606,12685,12587,12673,109718
04/16/2007,12683,12789,12676,12769,94817
04/17/2007,12764,12847,12736,12826,128878
04/18/2007,12809,12889,12782,12858,126502
04/19/2007,12851,12879,12766,12871,132715
04/20/2007,12876,13031,12867,13019,126259
04/23/2007,13020,13040,12965,12974,95435
04/24/2007,12984,13037,12948,13007,134108
04/25/2007,13013,13153,12990,13120,149103
04/26/2007,13125,13173,13112,13169,111092
04/27/2007,13162,13188,13113,13175,119591
04/30/2007,13170,13201,13102,13116,116643
05/01/2007,13113,13180,13078,13178,150755
05/02/2007,13178,13290,13174,13248,116514
05/03/2007,13247,13290,13230,13278,115323
05/04/2007,13275,13350,13261,13319,120681
05/07/2007,13313,13350,13305,13340,69162
05/08/2007,13335,13356,13270,13346,102340
05/09/2007,13341,13407,13318,13384,117308
05/10/2007,13376,13380,13246,13269,155410
05/11/2007,13266,13385,13235,13379,123838
05/14/2007,13381,13421,13332,13388,127911
05/15/2007,13378,13517,13347,13438,233797
05/16/2007,13432,13532,13402,13530,159517
05/17/2007,13522,13554,13486,13506,125865
05/18/2007,13511,13602,13495,13599,117407
05/21/2007,13596,13622,13555,13571,110894
05/22/2007,13562,13618,13554,13559,109781
05/23/2007,13560,13635,13531,13558,139603
05/24/2007,13556,13653,13449,13480,232986
05/25/2007,13478,13539,13472,13527,100832
05/29/2007,13534,13595,13488,13558,129611
05/30/2007,13553,13663,13470,13656,172862
05/31/2007,13657,13695,13631,13650,114399
06/01/2007,13653,13708,13638,13689,111901
06/04/2007,13682,13702,13634,13678,89027
06/05/2007,13672,13689,13561,13615,154949
06/06/2007,13738,13752,13569,13583,9106
06/07/2007,13587,13638,13366,13380,159595
06/08/2007,13377,13563,13315,13545,166033
06/11/2007,13542,13604,13503,13556,133008
06/12/2007,13549,13573,13395,13421,198077
06/13/2007,13402,13615,13395,13605,165606
06/14/2007,13600,13707,13595,13688,142971
06/15/2007,13688,13813,13682,13753,112021
06/18/2007,13751,13800,13712,13730,90041
06/19/2007,13724,13772,13693,13755,111650
06/20/2007,13749,13812,13592,13608,183492
06/21/2007,13612,13678,13507,13660,215822
06/22/2007,13647,13664,13471,13506,196743
06/25/2007,13499,13594,13401,13479,194972
06/26/2007,13482,13558,13393,13396,218339
06/27/2007,13403,13532,13351,13520,179437
06/28/2007,13520,13593,13492,13517,140516
06/29/2007,13521,13617,13402,13517,180432
07/02/2007,13521,13637,13510,13627,107816
07/03/2007,13635,13682,13629,13665,52140
07/05/2007,13674,13698,13600,13650,94744
07/06/2007,13656,13725,13628,13708,102344
07/09/2007,13708,13760,13704,13740,103409
07/10/2007,13739,13748,13574,13585,169390
07/11/2007,13585,13692,13540,13677,166365
07/12/2007,13689,13950,13672,13920,157637
07/13/2007,13925,14012,13907,13973,104652
07/16/2007,13973,14066,13949,14029,119948
07/17/2007,14033,14097,14002,14050,132204
07/18/2007,13998,14045,13900,14003,202879
07/19/2007,14026,14089,14016,14061,126070
07/20/2007,14038,14077,13871,13938,196251
07/23/2007,13944,14045,13930,14011,116845
07/24/2007,14000,14028,13768,13813,201447
07/25/2007,13814,13886,13731,13841,232308
07/26/2007,13852,13873,13384,13534,345288
07/27/2007,13550,13595,13273,13284,277963
07/30/2007,13287,13448,13253,13411,219367
07/31/2007,13413,13546,13227,13275,250975
08/01/2007,13243,13440,13111,13404,344494
08/02/2007,13425,13554,13362,13527,228628
08/03/2007,13526,13543,13209,13266,267711
08/06/2007,13243,13513,13203,13471,273405
08/07/2007,13470,13650,13386,13548,275076
08/08/2007,13562,13740,13532,13705,253110
08/09/2007,13705,13710,13317,13327,348652
08/10/2007,13309,13366,13107,13237,365541
08/13/2007,13275,13383,13250,13255,195177
08/14/2007,13250,13313,13060,13089,245430
08/15/2007,13067,13159,12880,12921,293306
08/16/2007,12898,12976,12555,12944,409969
08/17/2007,12951,13250,12747,13105,284709
08/20/2007,13069,13220,13023,13149,189031
08/21/2007,13122,13224,13078,13117,182553
08/22/2007,13116,13285,13116,13275,147460
08/23/2007,13302,13379,13202,13261,131125
08/24/2007,13248,13418,13216,13407,116257
08/27/2007,13401,13419,13336,13352,112736
08/28/2007,13351,13353,13069,13095,166064
08/29/2007,13091,13325,13064,13311,161960
08/30/2007,13318,13340,13205,13279,188756
08/31/2007,13290,13454,13276,13364,159208
09/04/2007,13363,13515,13311,13456,137730
09/05/2007,13445,13451,13267,13343,174005
09/06/2007,13332,13417,13293,13378,143458
09/07/2007,13368,13372,13097,13166,206605
09/10/2007,13149,13222,13035,13158,194134
09/11/2007,13153,13339,13142,13321,163574
09/12/2007,13406,13476,13375,13429,11735
09/13/2007,13423,13581,13401,13536,91601
09/14/2007,13505,13569,13434,13551,128894
09/17/2007,13541,13556,13465,13503,130055
09/18/2007,13503,13847,13472,13835,193840
09/19/2007,13846,13962,13830,13898,137246
09/20/2007,13888,13918,13837,13855,148459
09/21/2007,13849,13969,13845,13901,96902
09/24/2007,13896,13963,13841,13862,131784
09/25/2007,13837,13885,13782,13868,141581
09/26/2007,13870,13999,13870,13958,151662
09/27/2007,13964,14036,13952,14005,124648
09/28/2007,13992,14008,13932,13994,126582
10/01/2007,13981,14198,13963,14157,164099
10/02/2007,14152,14191,14092,14106,124265
10/03/2007,14106,14116,14024,14052,131584
10/04/2007,14057,14090,14026,14041,87204
10/05/2007,14029,14204,14025,14156,137314
10/08/2007,14147,14164,14086,14112,68308
10/09/2007,14119,14248,14095,14237,126670
10/10/2007,14228,14234,14076,14142,147329
10/11/2007,14144,14267,14015,14086,223193
10/12/2007,14076,14193,14038,14179,141927
10/15/2007,14183,14205,13967,14066,177237
10/16/2007,14064,14085,13937,13972,175258
10/17/2007,14012,14078,13831,13967,215865
10/18/2007,13963,13984,13878,13940,142182
10/19/2007,13957,13957,13521,13560,274198
10/22/2007,13532,13637,13412,13610,239618
10/23/2007,13639,13727,13584,13707,181589
10/24/2007,13675,13733,13505,13706,272458
10/25/2007,13729,13776,13582,13739,225195
10/26/2007,13748,13874,13710,13848,151787
10/29/2007,13855,13932,13855,13907,104263
10/30/2007,13900,13900,13808,13822,103311
10/31/2007,13812,13994,13792,13936,189499
11/01/2007,13940,13949,13571,13608,229033
11/02/2007,13605,13685,13467,13642,271643
11/05/2007,13589,13640,13467,13555,218660
11/06/2007,13559,13690,13532,13677,173923
11/07/2007,13662,13662,13297,13355,273390
11/08/2007,13293,13430,13096,13262,351038
11/09/2007,13278,13311,13013,13047,292700
11/12/2007,13048,13178,12976,12990,225590
11/13/2007,12986,13352,12985,13330,193962
11/14/2007,13323,13423,13229,13275,205643
11/15/2007,13275,13313,13085,13160,253218
11/16/2007,13151,13243,13080,13190,245033
11/19/2007,13214,13228,12964,12993,220530
11/20/2007,13017,13133,12863,13060,294469
11/21/2007,13032,13041,12809,12816,221158
11/23/2007,12887,13000,12831,12986,67298
11/26/2007,13005,13082,12742,12772,216599
11/27/2007,12767,13018,12759,12955,268857
11/28/2007,12960,13350,12906,13307,221731
11/29/2007,13291,13371,13241,13333,199846
11/30/2007,13341,13493,13306,13422,190983
12/03/2007,13410,13432,13318,13349,135612
12/04/2007,13344,13354,13255,13262,130834
12/05/2007,13268,13483,13267,13456,164753
12/06/2007,13501,13653,13424,13617,150535
12/07/2007,13682,13800,13645,13730,1305
12/10/2007,13750,13850,13688,13833,1913
12/11/2007,13847,13879,13514,13533,4163
12/12/2007,13554,13850,13411,13584,10915
12/13/2007,13575,13621,13445,13598,121289
12/14/2007,13599,13647,13422,13440,135209
12/17/2007,13431,13436,13248,13269,167100
12/18/2007,13297,13375,13181,13328,193764
12/19/2007,13344,13385,13229,13298,161355
12/20/2007,13302,13364,13233,13350,135237
12/21/2007,13348,13568,13337,13550,97174
12/24/2007,13540,13654,13531,13627,26137
12/26/2007,13631,13651,13580,13643,36056
12/27/2007,13634,13652,13426,13459,105274
12/28/2007,13476,13547,13370,13427,85912
12/31/2007,13423,13454,13301,13328,52819
01/02/2008,13334,13376,13050,13136,166143
01/03/2008,13148,13194,13078,13143,126546
01/04/2008,13137,13181,12842,12887,182015
01/07/2008,12888,12956,12782,12878,205987
01/08/2008,12870,12958,12615,12651,243424
01/09/2008,12642,12794,12550,12745,260541
01/10/2008,12775,12984,12677,12844,271660
01/11/2008,12835,12839,12590,12661,214656
01/14/2008,12668,12834,12590,12798,128142
01/15/2008,12798,12807,12524,12564,203937
01/16/2008,12520,12643,12419,12490,260928
01/17/2008,12486,12585,12154,12216,277771
01/18/2008,12221,12384,12051,12106,287144
01/22/2008,12106,12143,11456,11951,360593
01/23/2008,11967,12300,11634,12272,326465
01/24/2008,12271,12406,12184,12365,206536
01/25/2008,12382,12490,12190,12236,203428
01/28/2008,12241,12399,12083,12377,183631
01/29/2008,12362,12504,12339,12471,138064
01/30/2008,12471,12678,12356,12394,212190
01/31/2008,12390,12698,12239,12614,248859
02/01/2008,12616,12781,12589,12756,174653
02/04/2008,12756,12778,12603,12612,115490
02/05/2008,12615,12623,12261,12320,205095
02/06/2008,12318,12392,12179,12235,168889
02/07/2008,12237,12338,12100,12278,231500
02/08/2008,12273,12300,12103,12177,148086
02/11/2008,12161,12255,12071,12238,165401
02/12/2008,12235,12471,12194,12386,195471
02/13/2008,12380,12579,12331,12525,171989
02/14/2008,12526,12586,12364,12396,171293
02/15/2008,12390,12447,12277,12350,135500
02/19/2008,12347,12519,12306,12388,177170
02/20/2008,12387,12468,12228,12429,214510
02/21/2008,12428,12508,12254,12321,192848
02/22/2008,12317,12416,12161,12395,203909
02/25/2008,12394,12595,12345,12566,212809
02/26/2008,12560,12741,12510,12699,196862
02/27/2008,12691,12762,12608,12693,168468
02/28/2008,12690,12697,12541,12577,153180
02/29/2008,12575,12583,12228,12306,194711
03/03/2008,12279,12285,12162,12252,176886
03/04/2008,12260,12291,12032,12222,244269
03/05/2008,12223,12355,12149,12276,217997
03/06/2008,12275,12335,12023,12070,209087
03/07/2008,12069,12127,11820,11891,260089
03/10/2008,11890,11943,11735,11779,210982
03/11/2008,11782,12192,11753,12190,241922
03/12/2008,12180,12314,12107,12128,8613
03/13/2008,12130,12230,11887,12151,192457
03/14/2008,12143,12300,11814,11984,300370
03/17/2008,11976,12140,11671,11997,320186
03/18/2008,11997,12409,11988,12405,216700
03/19/2008,12390,12464,12077,12119,247470
03/20/2008,12390,12390,12046,12328,182539
03/24/2008,12330,12620,12317,12540,134989
03/25/2008,12539,12606,12445,12515,155382
03/26/2008,12514,12516,12372,12383,142755
03/27/2008,12378,12483,12287,12321,183106
03/28/2008,12323,12400,12191,12236,137878
03/31/2008,12229,12325,12158,12257,142795
04/01/2008,12251,12655,12195,12627,184028
04/02/2008,12625,12693,12551,12619,165630
04/03/2008,12619,12672,12528,12637,142305
04/04/2008,12638,12764,12524,12610,168477
04/07/2008,12609,12731,12580,12602,130948
04/08/2008,12604,12617,12527,12610,117680
04/09/2008,12609,12652,12463,12572,147363
04/10/2008,12565,12648,12497,12600,141240
04/11/2008,12596,12639,12296,12339,152474
04/14/2008,12334,12363,12262,12316,121731
04/15/2008,12314,12382,12264,12354,130639
04/16/2008,12387,12664,12362,12654,151550
04/17/2008,12656,12669,12562,12658,137857
04/18/2008,12660,12897,12641,12810,138229
04/21/2008,12818,12862,12752,12808,97311
04/22/2008,12803,12837,12653,12736,138782
04/23/2008,12739,12834,12685,12748,141420
04/24/2008,12750,12941,12673,12831,186017
04/25/2008,12841,12914,12738,12875,149565
04/28/2008,12880,12932,12845,12879,97007
04/29/2008,12879,12885,12796,12826,112014
04/30/2008,12808,13008,12784,12807,180173
05/01/2008,12806,13017,12781,13001,154452
05/02/2008,12993,13133,12966,13060,172966
05/05/2008,13043,13060,12926,12967,106581
05/06/2008,12970,13037,12851,13028,148183
05/07/2008,13029,13049,12787,12836,158681
05/08/2008,12828,12900,12785,12824,149516
05/09/2008,12817,12820,12705,12744,129858
05/12/2008,12740,12897,12730,12864,123605
05/13/2008,12859,12915,12775,12826,131238
05/14/2008,12825,12994,12782,12879,149877
05/15/2008,12876,13002,12858,12996,140233
05/16/2008,12995,13033,12892,12983,140721
05/19/2008,12986,13140,12962,13045,158435
05/20/2008,13041,13047,12775,12850,184955
05/21/2008,12845,12880,12571,12619,205165
05/22/2008,12626,12673,12592,12616,146081
05/23/2008,12616,12626,12460,12471,128369
05/27/2008,12480,12572,12438,12553,138034
05/28/2008,12553,12614,12492,12599,145747
05/29/2008,12588,12726,12549,12624,152201
05/30/2008,12623,12687,12585,12637,104224
06/02/2008,12627,12632,12421,12506,153244
06/03/2008,12502,12551,12339,12404,191360
06/04/2008,12400,12502,12343,12404,201647
06/05/2008,12394,12620,12380,12618,188112
06/06/2008,12620,12660,12187,12214,262726
06/09/2008,12209,12334,12197,12295,204112
06/10/2008,12286,12372,12172,12276,188858
06/11/2008,12286,12332,12090,12102,8432
06/12/2008,12100,12276,12084,12158,130619
06/13/2008,12155,12324,12116,12302,154833
06/16/2008,12300,12335,12213,12262,132975
06/17/2008,12260,12353,12148,12173,165972
06/18/2008,12176,12197,11993,12028,207653
06/19/2008,12023,12115,11977,12044,195257
06/20/2008,12044,12054,11816,11844,199160
06/23/2008,11851,11912,11809,11831,132271
06/24/2008,11829,11902,11720,11813,185083
06/25/2008,11806,11919,11782,11807,191287
06/26/2008,11802,11802,11445,11462,256099
06/27/2008,11465,11512,11284,11357,216427
06/30/2008,11365,11426,11274,11339,184154
07/01/2008,11355,11397,11167,11379,317850
07/02/2008,11378,11438,11192,11211,218435
07/03/2008,11212,11323,11138,11288,170223
07/04/2008,11290,11303,11235,11288,3528
07/07/2008,11241,11384,11104,11205,255697
07/08/2008,11209,11383,11082,11375,255264
07/09/2008,11371,11411,11130,11149,214547
07/10/2008,11153,11260,11073,11217,281984
07/11/2008,11225,11280,10962,11096,306282
07/14/2008,11090,11243,10988,11035,240231
07/15/2008,11035,11112,10812,10918,327942
07/16/2008,10921,11232,10851,11206,243946
07/17/2008,11195,11443,11178,11401,272262
07/18/2008,11376,11510,11304,11501,171112
07/21/2008,11486,11564,11408,11465,146793
07/22/2008,11427,11603,11337,11564,181783
07/23/2008,11566,11682,11542,11613,194513
07/24/2008,11610,11630,11330,11351,177336
07/25/2008,11350,11427,11305,11316,164276
07/28/2008,11332,11347,11106,11136,160912
07/29/2008,11129,11379,11101,11373,183376
07/30/2008,11375,11584,11359,11580,219961
07/31/2008,11580,11601,11341,11359,213191
08/01/2008,11354,11438,11243,11306,208379
08/04/2008,11310,11362,11197,11271,167369
08/05/2008,11274,11599,11259,11585,205838
08/06/2008,11579,11672,11507,11631,185946
08/07/2008,11628,11629,11401,11439,199899
08/08/2008,11440,11748,11379,11687,232676
08/11/2008,11686,11853,11655,11769,204240
08/12/2008,11760,11784,11586,11645,201006
08/13/2008,11643,11661,11443,11522,238278
08/14/2008,11524,11712,11444,11618,241363
08/15/2008,11620,11707,11595,11663,188806
08/18/2008,11661,11713,11426,11499,207511
08/19/2008,11501,11509,11312,11356,189808
08/20/2008,11352,11452,11286,11406,204656
08/21/2008,11406,11475,11304,11408,177149
08/22/2008,11405,11636,11374,11617,175352
08/25/2008,11617,11627,11356,11384,197177
08/26/2008,11386,11436,11340,11412,157593
08/27/2008,11412,11552,11366,11497,168640
08/28/2008,11496,11711,11443,11695,175863
08/29/2008,11694,11698,11527,11541,146389
09/02/2008,11547,11793,11466,11514,244074
09/03/2008,11514,11563,11420,11541,208357
09/04/2008,11544,11554,11182,11200,259982
09/05/2008,11201,11247,11040,11227,256680
09/08/2008,11340,11579,11314,11505,291507
09/09/2008,11502,11583,11225,11247,280639
09/10/2008,11244,11377,11180,11284,8478
09/11/2008,11274,11459,11093,11447,169011
09/12/2008,11455,11486,11273,11451,232608
09/15/2008,11269,11285,10935,10949,359710
09/16/2008,10941,11088,10725,11045,414788
09/17/2008,11050,11143,10590,10664,390399
09/18/2008,10673,11089,10468,10985,459682
09/19/2008,10987,11611,10961,11359,284875
09/22/2008,11326,11392,10997,11063,211362
09/23/2008,11063,11145,10831,10854,237879
09/24/2008,10860,11040,10750,10860,207304
09/25/2008,10854,11131,10800,11018,234337
09/26/2008,11008,11177,10800,11147,193261
09/29/2008,11181,11199,10408,10474,347094
09/30/2008,10455,10888,10424,10861,203608
10/01/2008,10826,10903,10651,10887,208618
10/02/2008,10880,10940,10468,10557,216407
10/03/2008,10559,10827,10331,10364,279607
10/06/2008,10338,10338,9547,9964,353993
10/07/2008,9966,10146,9457,9538,319190
10/08/2008,9529,9805,9141,9201,425057
10/09/2008,9189,9468,8539,8598,341994
10/10/2008,8594,8909,7878,8370,507094
10/13/2008,8489,9518,8489,9508,275477
10/14/2008,9468,9898,9085,9362,367541
10/15/2008,9374,9405,8454,8504,306168
10/16/2008,8511,9006,8190,8966,461879
10/17/2008,8976,9284,8654,8771,312142
10/20/2008,8801,9324,8700,9317,236491
10/21/2008,9312,9327,8987,9035,235142
10/22/2008,9040,9114,8308,8557,269164
10/23/2008,8570,8784,8213,8774,378311
10/24/2008,8766,8778,7980,8261,321988
10/27/2008,8254,8580,7949,8011,295869
10/28/2008,8023,9110,7957,9089,335774
10/29/2008,9083,9349,8844,8854,324007
10/30/2008,8876,9246,8873,9226,292272
10/31/2008,9216,9428,9035,9298,255900
11/03/2008,9295,9421,9225,9332,142558
11/04/2008,9331,9626,9290,9587,174669
11/05/2008,9580,9635,9081,9175,219842
11/06/2008,9169,9181,8611,8700,271605
11/07/2008,8678,9002,8659,8996,228776
11/10/2008,9022,9210,8733,8887,201444
11/11/2008,8871,8933,8534,8637,238577
11/12/2008,8642,8778,8245,8280,225993
11/13/2008,8280,8878,7945,8830,392273
11/14/2008,8820,8914,8357,8371,308215
11/17/2008,8390,8558,8231,8259,280169
11/18/2008,8258,8529,8084,8494,335735
11/19/2008,8480,8497,7970,8027,324038
11/20/2008,8025,8174,7468,7487,441818
11/21/2008,7521,8075,7436,8036,405390
11/24/2008,8075,8587,7906,8385,307827
11/25/2008,8374,8597,8267,8445,315335
11/26/2008,8445,8716,8254,8698,235052
11/28/2008,8691,8828,8602,8821,68703
12/01/2008,8821,8833,8127,8139,225291
12/02/2008,8160,8443,8129,8432,270948
12/03/2008,8425,8625,8230,8579,321787
12/04/2008,8580,8634,8255,8402,303500
12/05/2008,8407,8684,8116,8612,326260
12/08/2008,8607,9025,8571,8875,274017
12/09/2008,8887,8935,8644,8720,279022
12/10/2008,8700,8859,8617,8692,5802
12/11/2008,8719,8792,8491,8570,121721
12/12/2008,8559,8680,8191,8664,245189
12/15/2008,8660,8735,8441,8581,176815
12/16/2008,8584,8938,8547,8891,191081
12/17/2008,8897,8940,8685,8779,186682
12/18/2008,8794,8869,8491,8678,177862
12/19/2008,8660,8764,8478,8533,172162
12/22/2008,8544,8619,8334,8539,133939
12/23/2008,8535,8578,8354,8388,114980
12/24/2008,8387,8462,8362,8423,27871
12/26/2008,8440,8499,8420,8472,19706
12/29/2008,8463,8516,8308,8488,64376
12/30/2008,8484,8647,8441,8640,86000
12/31/2008,8640,8797,8623,8727,66711
01/02/2009,8718,9019,8715,8958,88889
01/05/2009,8940,8990,8841,8918,138299
01/06/2009,8918,9048,8889,8950,163446
01/07/2009,8945,8959,8672,8744,161150
01/08/2009,8745,8758,8604,8696,159156
01/09/2009,8704,8749,8511,8523,156723
01/12/2009,8540,8548,8370,8444,133550
01/13/2009,8444,8487,8327,8408,179861
01/14/2009,8411,8464,8087,8159,202766
01/15/2009,8163,8242,7945,8162,262159
01/16/2009,8173,8325,8059,8243,210714
01/20/2009,8269,8392,7871,7945,234352
01/21/2009,7949,8196,7888,8178,207318
01/22/2009,8180,8230,7907,8092,242316
01/23/2009,8083,8108,7852,7973,237731
01/26/2009,7981,8182,7872,8037,209673
01/27/2009,8060,8176,8031,8093,187270
01/28/2009,8100,8359,8079,8322,175478
01/29/2009,8319,8322,8080,8112,163671
01/30/2009,8118,8163,7909,7955,192790
02/02/2009,7959,7977,7812,7887,165134
02/03/2009,7887,8063,7840,7986,178574
02/04/2009,7981,8123,7883,7925,197927
02/05/2009,7919,8069,7799,7994,247523
02/06/2009,8000,8280,7965,8254,205659
02/09/2009,8275,8280,8130,8218,138477
02/10/2009,8212,8225,7810,7878,274274
02/11/2009,7876,7952,7818,7896,175321
02/12/2009,7895,7944,7662,7937,253065
02/13/2009,7927,7965,7768,7779,196222
02/17/2009,7751,7772,7500,7507,241723
02/18/2009,7520,7598,7443,7483,232469
02/19/2009,7486,7616,7424,7462,193941
02/20/2009,7454,7465,7228,7352,274345
02/23/2009,7367,7497,7086,7116,235000
02/24/2009,7120,7366,7101,7304,228892
02/25/2009,7305,7391,7139,7228,272594
02/26/2009,7224,7393,7158,7178,208827
02/27/2009,7177,7205,7012,7052,240794
03/02/2009,7043,7050,6740,6790,251088
03/03/2009,6784,6877,6662,6669,235446
03/04/2009,6673,6972,6604,6830,234313
03/05/2009,6836,6861,6534,6631,250150
03/06/2009,6627,6746,6460,6674,270589
03/09/2009,6681,6713,6508,6528,226019
03/10/2009,6523,6928,6506,6887,240334
03/11/2009,6838,6966,6804,6861,6677
03/12/2009,6865,7132,6779,7116,123678
03/13/2009,7113,7197,7053,7179,184359
03/16/2009,7155,7338,7115,7183,196954
03/17/2009,7174,7364,7119,7354,178793
03/18/2009,7354,7520,7204,7443,258503
03/19/2009,7443,7519,7312,7352,205650
03/20/2009,7345,7402,7199,7215,161296
03/23/2009,7228,7747,7225,7712,194407
03/24/2009,7710,7743,7587,7620,183040
03/25/2009,7621,7809,7492,7680,237944
03/26/2009,7675,7880,7670,7849,229949
03/27/2009,7846,7868,7677,7762,169459
03/30/2009,7732,7756,7381,7480,180074
03/31/2009,7481,7671,7477,7562,186606
04/01/2009,7518,7733,7426,7718,204331
04/02/2009,7714,8023,7701,7958,209363
04/03/2009,7955,8035,7840,7983,163191
04/06/2009,7979,8060,7804,7916,143565
04/07/2009,7918,7943,7711,7762,150712
04/08/2009,7771,7838,7653,7793,153781
04/09/2009,7790,8037,7787,8017,156916
04/13/2009,7992,8063,7911,7995,123069
04/14/2009,7988,8038,7845,7884,184230
04/15/2009,7872,7995,7814,7980,167429
04/16/2009,7981,8119,7909,8063,188667
04/17/2009,8059,8137,8006,8084,143262
04/20/2009,8069,8073,7785,7820,150956
04/21/2009,7801,7933,7726,7923,189939
04/22/2009,7924,7998,7801,7816,208723
04/23/2009,7803,7990,7752,7915,196049
04/24/2009,7919,8082,7854,8056,169045
04/27/2009,8037,8074,7899,8002,168139
04/28/2009,7989,8043,7861,7967,162740
04/29/2009,7958,8206,7944,8125,171544
04/30/2009,8114,8277,8083,8126,188313
05/01/2009,8086,8192,8047,8181,121207
05/04/2009,8173,8383,8173,8359,151874
05/05/2009,8363,8410,8311,8382,125587
05/06/2009,8378,8479,8287,8471,186363
05/07/2009,8472,8570,8315,8387,191026
05/08/2009,8385,8552,8365,8516,170638
05/11/2009,8496,8508,8369,8402,134384
05/12/2009,8403,8481,8327,8436,177864
05/13/2009,8436,8467,8231,8294,171991
05/14/2009,8288,8349,8236,8287,141541
05/15/2009,8293,8374,8206,8267,166069
05/18/2009,8265,8489,8176,8470,139451
05/19/2009,8475,8550,8441,8449,131754
05/20/2009,8441,8576,8387,8395,178657
05/21/2009,8396,8403,8207,8295,163485
05/22/2009,8295,8354,8242,8260,112949
05/26/2009,8269,8485,8194,8461,178786
05/27/2009,8444,8504,8273,8297,168653
05/28/2009,8291,8424,8230,8384,199270
05/29/2009,8382,8556,8352,8488,146422
06/01/2009,8503,8744,8472,8688,143941
06/02/2009,8684,8781,8648,8714,133096
06/03/2009,8720,8751,8583,8669,125618
06/04/2009,8661,8745,8626,8730,110604
06/05/2009,8734,8900,8691,8762,161873
06/08/2009,8750,8821,8627,8759,128930
06/09/2009,8758,8803,8717,8742,115403
06/10/2009,8742,8864,8637,8754,159265
06/11/2009,8698,8828,8675,8699,81497
06/12/2009,8696,8757,8650,8738,103122
06/15/2009,8718,8720,8521,8564,130103
06/16/2009,8564,8603,8444,8459,125638
06/17/2009,8459,8508,8406,8437,146883
06/18/2009,8437,8542,8419,8493,127188
06/19/2009,8495,8566,8437,8476,109665
06/22/2009,8461,8509,8275,8283,138109
06/23/2009,8283,8326,8228,8257,136598
06/24/2009,8258,8370,8201,8256,135229
06/25/2009,8254,8432,8194,8414,169849
06/26/2009,8413,8432,8342,8373,111240
06/29/2009,8371,8476,8320,8458,96800
06/30/2009,8458,8505,8334,8394,134283
07/01/2009,8397,8527,8380,8448,115465
07/02/2009,8446,8450,8232,8241,134523
07/03/2009,8242,8270,8205,8241,134523
07/06/2009,8230,8283,8142,8277,131777
07/07/2009,8278,8296,8086,8131,144379
07/08/2009,8131,8166,8035,8116,164710
07/09/2009,8119,8190,8092,8134,116077
07/10/2009,8134,8134,8041,8085,112293
07/13/2009,8086,8280,8018,8259,122887
07/14/2009,8256,8334,8231,8304,126141
07/15/2009,8327,8576,8327,8543,130184
07/16/2009,8536,8691,8503,8669,123736
07/17/2009,8666,8708,8611,8697,102843
07/20/2009,8694,8810,8667,8805,124418
07/21/2009,8800,8890,8762,8886,133986
07/22/2009,8874,8907,8810,8833,139473
07/23/2009,8837,9055,8828,8991,141006
07/24/2009,8972,9065,8947,9058,101823
07/27/2009,9051,9114,8990,9070,117995
07/28/2009,9065,9088,8962,9050,127945
07/29/2009,9047,9053,8955,9047,130774
07/30/2009,9044,9203,9038,9090,150350
07/31/2009,9091,9199,9071,9126,135643
08/03/2009,9100,9255,9099,9248,130261
08/04/2009,9246,9289,9181,9287,127187
08/05/2009,9285,9302,9164,9245,140238
08/06/2009,9247,9330,9171,9229,129409
08/07/2009,9224,9404,9191,9325,126368
08/10/2009,9321,9340,9253,9320,88423
08/11/2009,9317,9348,9182,9216,115849
08/12/2009,9216,9404,9160,9319,142977
08/13/2009,9321,9432,9270,9388,141655
08/14/2009,9386,9407,9202,9321,130010
08/17/2009,9305,9306,9091,9120,146224
08/18/2009,9118,9213,9106,9207,129223
08/19/2009,9207,9299,9107,9276,144978
08/20/2009,9277,9348,9244,9320,110512
08/21/2009,9318,9508,9249,9489,128796
08/24/2009,9487,9576,9474,9493,132686
08/25/2009,9490,9617,9441,9523,161675
08/26/2009,9521,9572,9473,9526,139458
08/27/2009,9522,9598,9443,9567,161849
08/28/2009,9569,9638,9485,9536,136892
08/31/2009,9523,9558,9426,9486,124591
09/01/2009,9494,9554,9284,9303,248173
09/02/2009,9302,9341,9258,9277,149510
09/03/2009,9273,9353,9247,9330,113513
09/04/2009,9330,9442,9315,9417,129722
09/08/2009,9410,9528,9401,9496,131740
09/09/2009,9492,9577,9444,9538,162669
09/10/2009,9479,9572,9443,9544,74846
09/11/2009,9547,9588,9509,9531,112693
09/14/2009,9523,9569,9433,9550,132960
09/15/2009,9549,9654,9518,9603,172147
09/16/2009,9604,9741,9594,9725,146781
09/17/2009,9723,9797,9689,9737,157110
09/18/2009,9736,9786,9683,9733,127555
09/21/2009,9716,9744,9662,9718,119240
09/22/2009,9718,9792,9710,9771,106605
09/23/2009,9768,9857,9679,9717,151358
09/24/2009,9713,9757,9600,9635,172622
09/25/2009,9635,9677,9576,9619,145125
09/28/2009,9622,9764,9571,9728,118407
09/29/2009,9731,9775,9670,9673,129533
09/30/2009,9673,9735,9544,9653,221193
10/01/2009,9664,9684,9438,9471,188086
10/02/2009,9462,9470,9336,9435,180127
10/05/2009,9432,9568,9416,9546,125371
10/06/2009,9546,9717,9529,9654,149343
10/07/2009,9650,9702,9621,9673,117436
10/08/2009,9675,9783,9670,9747,129696
10/09/2009,9743,9814,9706,9807,92484
10/12/2009,9809,9876,9793,9819,84381
10/13/2009,9819,9848,9759,9809,114151
10/14/2009,9831,9973,9831,9952,125209
10/15/2009,9952,10007,9906,9964,115714
10/16/2009,9970,10004,9884,9924,150071
10/19/2009,9912,10064,9874,10011,129499
10/20/2009,10013,10070,9936,10000,158293
10/21/2009,9998,10068,9829,9901,173006
10/22/2009,9889,10056,9861,10038,179443
10/23/2009,10041,10068,9882,9931,193028
10/26/2009,9925,10025,9793,9841,194145
10/27/2009,9838,9899,9787,9835,191647
10/28/2009,9840,9859,9705,9711,187938
10/29/2009,9713,9922,9702,9903,165755
10/30/2009,9903,9910,9632,9664,287054
11/02/2009,9658,9812,9596,9735,219769
11/03/2009,9740,9775,9627,9717,173566
11/04/2009,9716,9887,9712,9785,195523
11/05/2009,9785,9970,9722,9954,158709
11/06/2009,9953,10007,9874,9978,151789
11/09/2009,9979,10196,9969,10192,119644
11/10/2009,10192,10227,10153,10217,123406
11/11/2009,10220,10309,10211,10259,131313
11/12/2009,10258,10289,10137,10189,144443
11/13/2009,10186,10271,10158,10242,116549
11/16/2009,10243,10404,10240,10368,130932
11/17/2009,10364,10410,10329,10398,107448
11/18/2009,10395,10427,10338,10404,96278
11/19/2009,10404,10412,10233,10327,133529
11/20/2009,10326,10332,10236,10303,102314
11/23/2009,10304,10486,10294,10422,113135
11/24/2009,10422,10441,10330,10405,124573
11/25/2009,10409,10469,10398,10442,90612
11/27/2009,10443,10467,10116,10292,140037
11/30/2009,10309,10367,10251,10334,145722
12/01/2009,10264,10429,10261,10397,318
12/02/2009,10389,10442,10352,10377,321
12/03/2009,10399,10435,10278,10290,1135
12/04/2009,10287,10445,10240,10338,1429
12/07/2009,10334,10372,10265,10329,1445
12/08/2009,10346,10360,10180,10209,2112
12/09/2009,10211,10277,10168,10269,9487
12/10/2009,10267,10384,10241,10342,66163
12/11/2009,10344,10425,10339,10423,94322
12/14/2009,10421,10510,10395,10437,91943
12/15/2009,10434,10452,10365,10398,103253
12/16/2009,10399,10461,10366,10390,96684
12/17/2009,10386,10396,10246,10272,114726
12/18/2009,10268,10348,10201,10271,108377
12/21/2009,10276,10398,10261,10342,83639
12/22/2009,10343,10420,10333,10408,63758
12/23/2009,10403,10450,10375,10404,48436
12/24/2009,10400,10472,10397,10466,20864
12/28/2009,10455,10494,10429,10487,34475
12/29/2009,10482,10526,10477,10487,41696
12/30/2009,10485,10494,10424,10490,44971
12/31/2009,10485,10514,10360,10365,39645
01/04/2010,10384,10548,10384,10519,93770
01/05/2010,10520,10538,10455,10515,93287
01/06/2010,10514,10544,10479,10516,97172
01/07/2010,10518,10560,10451,10545,112280
01/08/2010,10548,10579,10496,10566,79925
01/11/2010,10573,10623,10537,10604,93891
01/12/2010,10592,10603,10514,10588,126885
01/13/2010,10589,10656,10561,10628,113576
01/14/2010,10626,10672,10604,10663,80520
01/15/2010,10673,10679,10508,10563,140591
01/19/2010,10561,10687,10519,10670,118550
01/20/2010,10665,10676,10467,10557,157058
01/21/2010,10556,10591,10327,10338,208152
01/22/2010,10336,10375,10111,10151,213602
01/25/2010,10166,10249,10124,10140,139820
01/26/2010,10149,10236,10054,10138,164295
01/27/2010,10140,10205,10055,10195,189543
01/28/2010,10188,10264,10005,10062,195686
01/29/2010,10070,10192,9994,10017,189885
02/01/2010,10013,10145,10005,10137,121767
02/02/2010,10137,10266,10103,10224,137521
02/03/2010,10226,10261,10187,10241,112524
02/04/2010,10240,10255,9955,9979,201473
02/05/2010,9978,10004,9791,9941,242968
02/08/2010,9954,9995,9865,9895,136084
02/09/2010,9894,10104,9878,10004,184076
02/10/2010,10007,10057,9928,9985,132693
02/11/2010,9987,10129,9940,10110,138599
02/12/2010,10109,10140,9951,10117,157876
02/16/2010,10109,10252,10067,10241,106060
02/17/2010,10237,10300,10232,10296,103760
02/18/2010,10298,10385,10245,10375,102175
02/19/2010,10378,10421,10277,10378,121653
02/22/2010,10368,10434,10352,10374,79563
02/23/2010,10366,10414,10251,10299,126264
02/24/2010,10298,10379,10269,10355,109736
02/25/2010,10355,10355,10172,10316,147608
02/26/2010,10315,10354,10258,10311,98493
03/01/2010,10324,10403,10324,10385,90632
03/02/2010,10320,10382,10307,10336,935
03/03/2010,10338,10395,10302,10324,669
03/04/2010,10318,10376,10290,10368,873
03/05/2010,10380,10496,10374,10483,1278
03/08/2010,10500,10600,10464,10476,1295
03/09/2010,10475,10542,10439,10502,1393
03/10/2010,10497,10534,10457,10503,4556
03/11/2010,10508,10550,10444,10548,62908
03/12/2010,10544,10594,10532,10573,95422
03/15/2010,10572,10582,10508,10576,98936
03/16/2010,10575,10632,10559,10624,113839
03/17/2010,10623,10706,10616,10663,105888
03/18/2010,10663,10722,10643,10717,106096
03/19/2010,10717,10757,10632,10687,127256
03/22/2010,10662,10749,10617,10727,117736
03/23/2010,10725,10831,10717,10828,113084
03/24/2010,10827,10829,10762,10787,124163
03/25/2010,10784,10894,10772,10791,138933
03/26/2010,10789,10847,10753,10798,128354
03/29/2010,10805,10857,10800,10829,83141
03/30/2010,10825,10879,10805,10854,96893
03/31/2010,10852,10854,10771,10797,116772
04/01/2010,10817,10899,10806,10860,120063
04/02/2010,10861,10898,10835,10860,3973
04/05/2010,10898,10928,10866,10909,65916
04/06/2010,10910,10927,10867,10913,78087
04/07/2010,10910,10912,10791,10849,149803
04/08/2010,10845,10898,10791,10884,110072
04/09/2010,10881,10956,10875,10953,92829
04/12/2010,10970,11003,10938,10952,90277
04/13/2010,10951,10985,10892,10963,109391
04/14/2010,10979,11072,10975,11065,106614
04/15/2010,11063,11103,11028,11096,98048
04/16/2010,11095,11100,10918,10984,232893
04/19/2010,10955,11047,10915,11044,157161
04/20/2010,11041,11092,11022,11074,106327
04/21/2010,11071,11099,11017,11059,123967
04/22/2010,11049,11100,10964,11068,151218
04/23/2010,11063,11153,11037,11142,119246
04/26/2010,11139,11206,11128,11151,93104
04/27/2010,11149,11168,10921,10955,211012
04/28/2010,10951,11033,10916,11015,170930
04/29/2010,11013,11149,10996,11135,128671
04/30/2010,11132,11158,10952,10960,163516
05/03/2010,10972,11131,10963,11102,115450
05/04/2010,11101,11115,10818,10892,209462
05/05/2010,10892,10912,10771,10834,187645
05/06/2010,10835,10865,9840,10457,326371
05/07/2010,10463,10580,10202,10335,322300
05/10/2010,10465,10794,10451,10741,230983
05/11/2010,10736,10840,10622,10709,169518
05/12/2010,10705,10882,10615,10876,142717
05/13/2010,10874,10917,10744,10773,141346
05/14/2010,10767,10795,10509,10609,208712
05/17/2010,10600,10641,10411,10599,198406
05/18/2010,10604,10698,10461,10490,201071
05/19/2010,10487,10507,10307,10405,211611
05/20/2010,10405,10456,10034,10056,294103
05/21/2010,10052,10182,9886,10160,239798
05/24/2010,10168,10182,10034,10043,142519
05/25/2010,10035,10040,9757,10025,199829
05/26/2010,10020,10160,9916,9921,168453
05/27/2010,9916,10252,9828,10235,156254
05/28/2010,10234,10277,10083,10126,147205
06/01/2010,10126,10211,9972,10019,163785
06/02/2010,10019,10246,10001,10232,129149
06/03/2010,10229,10307,10164,10258,124377
06/04/2010,10258,10287,9880,9946,192536
06/07/2010,9924,9975,9788,9794,160858
06/08/2010,9798,9947,9673,9914,215444
06/09/2010,9920,10058,9857,9903,181974
06/10/2010,9846,10119,9813,10087,71640
06/11/2010,10084,10156,10012,10138,127181
06/14/2010,10151,10270,10125,10141,136726
06/15/2010,10136,10350,10132,10332,152375
06/16/2010,10334,10370,10262,10344,147867
06/17/2010,10349,10407,10258,10376,168086
06/18/2010,10373,10423,10347,10373,115214
06/21/2010,10426,10536,10334,10396,141783
06/22/2010,10392,10449,10223,10233,159221
06/23/2010,10233,10309,10166,10239,155006
06/24/2010,10236,10268,10068,10099,170376
06/25/2010,10096,10141,10020,10104,156873
06/28/2010,10104,10144,10043,10088,118032
06/29/2010,10080,10118,9749,9797,201186
06/30/2010,9801,9869,9691,9716,166321
07/01/2010,9702,9738,9561,9662,220123
07/02/2010,9660,9753,9552,9596,152916
07/06/2010,9594,9796,9506,9682,159114
07/07/2010,9678,9983,9613,9980,164837
07/08/2010,9976,10101,9951,10092,143415
07/09/2010,10090,10149,10051,10132,108015
07/12/2010,10117,10186,10077,10181,103397
07/13/2010,10178,10354,10151,10288,132004
07/14/2010,10332,10362,10248,10306,133968
07/15/2010,10303,10367,10183,10292,164561
07/16/2010,10295,10321,10026,10059,168022
07/19/2010,10046,10134,10019,10060,129194
07/20/2010,10053,10186,9946,10178,161057
07/21/2010,10176,10231,10013,10058,171959
07/22/2010,10058,10314,10035,10267,154260
07/23/2010,10259,10393,10235,10386,150705
07/26/2010,10390,10477,10356,10457,116873
07/27/2010,10460,10531,10435,10494,127446
07/28/2010,10488,10527,10412,10448,115991
07/29/2010,10451,10538,10336,10409,159472
07/30/2010,10405,10460,10286,10417,151104
08/02/2010,10459,10643,10448,10617,106176
08/03/2010,10615,10629,10550,10594,101252
08/04/2010,10591,10660,10551,10635,105667
08/05/2010,10639,10664,10569,10635,83313
08/06/2010,10634,10685,10473,10613,139396
08/09/2010,10616,10682,10590,10666,70004
08/10/2010,10661,10665,10511,10618,127782
08/11/2010,10617,10624,10334,10337,148797
08/12/2010,10337,10367,10223,10271,133247
08/13/2010,10271,10357,10222,10266,105146
08/16/2010,10272,10312,10181,10273,108316
08/17/2010,10276,10456,10254,10358,117443
08/18/2010,10361,10455,10309,10352,132935
08/19/2010,10359,10425,10196,10235,149666
08/20/2010,10232,10272,10127,10202,121377
08/23/2010,10202,10286,10143,10157,114381
08/24/2010,10150,10161,9970,10023,161421
08/25/2010,10023,10078,9914,10047,146529
08/26/2010,10049,10106,9947,9967,146083
08/27/2010,9957,10146,9920,10141,158453
08/30/2010,10137,10212,9975,9979,114020
08/31/2010,9983,10066,9908,10006,162619
09/01/2010,10034,10280,10020,10272,154684
09/02/2010,10270,10319,10231,10309,112005
09/03/2010,10310,10445,10285,10436,128020
09/07/2010,10430,10471,10321,10338,116342
09/08/2010,10334,10421,10297,10392,116402
09/09/2010,10322,10419,10304,10338,40160
09/10/2010,10338,10398,10323,10393,78703
09/13/2010,10450,10502,10420,10472,125035
09/14/2010,10469,10523,10432,10463,167783
09/15/2010,10463,10520,10405,10509,127855
09/16/2010,10510,10557,10452,10550,134041
09/17/2010,10550,10628,10497,10538,140157
09/20/2010,10531,10704,10513,10671,113589
09/21/2010,10672,10765,10637,10694,140828
09/22/2010,10695,10739,10640,10673,133377
09/23/2010,10673,10712,10573,10606,154195
09/24/2010,10606,10801,10591,10784,124723
09/27/2010,10796,10851,10741,10750,101800
09/28/2010,10752,10822,10664,10788,156699
09/29/2010,10791,10830,10735,10780,129748
09/30/2010,10778,10887,10680,10723,186161
10/01/2010,10717,10807,10713,10768,142330
10/04/2010,10771,10792,10638,10707,128962
10/05/2010,10701,10902,10690,10864,154769
10/06/2010,10865,10916,10858,10906,125528
10/07/2010,10905,10974,10835,10912,133681
10/08/2010,10913,10974,10810,10947,129720
10/11/2010,10951,10984,10921,10963,67778
10/12/2010,10960,10997,10853,10957,132661
10/13/2010,10960,11100,10952,11044,118055
10/14/2010,11045,11099,10965,11052,134975
10/15/2010,11058,11104,10953,11024,145339
10/18/2010,11011,11103,10938,11045,101320
10/19/2010,11044,11062,10861,10943,200575
10/20/2010,10939,11102,10903,11063,147845
10/21/2010,11061,11164,11014,11083,151316
10/22/2010,11085,11123,11060,11090,72759
10/25/2010,11093,11200,11086,11115,110830
10/26/2010,11111,11135,11037,11124,100721
10/27/2010,11127,11150,10970,11072,138869
10/28/2010,11070,11137,11002,11049,125275
10/29/2010,11054,11083,10996,11066,103634
11/01/2010,11068,11196,11009,11090,145917
11/02/2010,11090,11172,11074,11152,87127
11/03/2010,11152,11187,11047,11177,149668
11/04/2010,11180,11395,11164,11387,127295
11/05/2010,11380,11431,11346,11376,127295
11/08/2010,11370,11386,11321,11362,78360
11/09/2010,11357,11400,11267,11313,119411
11/10/2010,11310,11336,11221,11302,135188
11/11/2010,11309,11309,11196,11242,110670
11/12/2010,11243,11251,11106,11152,154602
11/15/2010,11151,11246,11123,11173,113384
11/16/2010,11168,11170,10947,10984,169486
11/17/2010,10987,11028,10967,10995,98209
11/18/2010,10992,11180,10991,11176,108413
11/19/2010,11173,11192,11095,11179,87769
11/22/2010,11229,11244,11031,11165,115366
11/23/2010,11163,11163,10968,11014,137506
11/24/2010,11012,11175,10985,11155,104539
11/26/2010,11152,11189,11029,11030,60610
11/29/2010,11055,11115,10916,11039,138527
11/30/2010,10970,10985,10870,10929,143
12/01/2010,10915,11200,10909,11167,227
12/02/2010,11166,11299,11145,11297,295
12/03/2010,11290,11332,11222,11298,308
12/06/2010,11298,11326,11252,11288,550
12/07/2010,11283,11381,11265,11290,5117
12/08/2010,11290,11321,11216,11305,17397
12/09/2010,11304,11378,11265,11297,50819
12/10/2010,11296,11347,11288,11344,61194
12/13/2010,11356,11418,11316,11366,99088
12/14/2010,11364,11454,11349,11421,104040
12/15/2010,11421,11460,11367,11415,111751
12/16/2010,11411,11454,11351,11431,100475
12/17/2010,11434,11447,11388,11430,61409
12/20/2010,11443,11472,11378,11404,75106
12/21/2010,11402,11487,11402,11471,52404
12/22/2010,11468,11507,11458,11495,39840
12/23/2010,11493,11523,11479,11522,33695
12/27/2010,11499,11506,11453,11503,32652
12/28/2010,11502,11537,11470,11509,32529
12/29/2010,11506,11564,11501,11532,30402
12/30/2010,11530,11546,11491,11522,38494
12/31/2010,11518,11558,11467,11513,30888
01/03/2011,11547,11651,11542,11585,74573
01/04/2011,11584,11638,11576,11619,95069
01/05/2011,11621,11683,11543,11664,100760
01/06/2011,11662,11708,11614,11646,91622
01/07/2011,11638,11675,11545,11619,116349
01/10/2011,11614,11628,11520,11587,101671
01/11/2011,11585,11652,11575,11616,100051
01/12/2011,11614,11730,11605,11708,87477
01/13/2011,11705,11716,11646,11683,88159
01/14/2011,11690,11740,11627,11725,89003
01/18/2011,11729,11817,11688,11811,93321
01/19/2011,11813,11836,11749,11786,104655
01/20/2011,11786,11801,11694,11774,130472
01/21/2011,11776,11857,11745,11822,94837
01/24/2011,11814,11941,11806,11930,107323
01/25/2011,11927,11951,11851,11922,133455
01/26/2011,11920,11972,11911,11936,99816
01/27/2011,11936,11971,11912,11944,91171
01/28/2011,11934,11965,11753,11775,172262
01/31/2011,11751,11851,11690,11840,113876
02/01/2011,11841,12001,11832,11973,116264
02/02/2011,11968,12010,11946,11985,73240
02/03/2011,11983,12034,11933,12009,98505
02/04/2011,12007,12053,11980,12045,80162
02/07/2011,12046,12141,12035,12108,78404
02/08/2011,12102,12198,12100,12196,82193
02/09/2011,12189,12218,12153,12207,108339
02/10/2011,12200,12215,12121,12194,115950
02/11/2011,12189,12253,12130,12241,90551
02/14/2011,12241,12268,12208,12224,79568
02/15/2011,12226,12237,12167,12202,105995
02/16/2011,12203,12283,12194,12252,122021
02/17/2011,12250,12310,12224,12288,103622
02/18/2011,12288,12379,12272,12375,78622
02/22/2011,12371,12376,12157,12183,191515
02/23/2011,12180,12236,12045,12094,158122
02/24/2011,12096,12134,11964,12037,154384
02/25/2011,12033,12140,12012,12110,89786
02/28/2011,12112,12235,12067,12214,90372
03/01/2011,12151,12226,11958,11958,264
03/02/2011,11961,12041,11914,11983,525
03/03/2011,11985,12208,11985,12174,277
03/04/2011,12174,12221,12004,12089,660
03/07/2011,12115,12167,11964,12015,644
03/08/2011,12013,12181,11998,12136,3999
03/09/2011,12133,12188,12089,12110,17645
03/10/2011,12119,12128,11901,11920,55445
03/11/2011,11920,12026,11827,12003,114531
03/14/2011,11984,11994,11834,11926,142257
03/15/2011,11925,11937,11607,11789,200560
03/16/2011,11779,11849,11492,11578,254001
03/17/2011,11582,11737,11451,11711,151654
03/18/2011,11703,11865,11656,11799,117477
03/21/2011,11808,12015,11802,11963,113436
03/22/2011,11964,11994,11931,11955,81663
03/23/2011,11950,12055,11907,12021,115366
03/24/2011,12022,12128,12003,12116,107690
03/25/2011,12110,12196,12107,12170,94254
03/28/2011,12170,12208,12111,12114,71107
03/29/2011,12117,12235,12108,12225,91646
03/30/2011,12221,12321,12212,12286,65397
03/31/2011,12288,12320,12252,12252,74358
04/01/2011,12263,12358,12258,12318,83890
04/04/2011,12309,12346,12286,12337,59990
04/05/2011,12340,12377,12288,12327,81198
04/06/2011,12325,12405,12321,12357,86708
04/07/2011,12360,12388,12273,12351,109012
04/08/2011,12350,12406,12266,12326,95335
04/11/2011,12339,12391,12297,12321,88781
04/12/2011,12321,12329,12177,12193,98554
04/13/2011,12192,12287,12168,12199,112586
04/14/2011,12201,12251,12108,12228,115990
04/15/2011,12234,12314,12186,12303,87644
04/18/2011,12299,12302,12036,12140,146758
04/19/2011,12140,12241,12090,12226,94611
04/20/2011,12204,12433,12204,12396,109648
04/21/2011,12400,12468,12389,12434,67200
04/25/2011,12432,12469,12390,12427,41009
04/26/2011,12426,12560,12397,12518,88870
04/27/2011,12524,12658,12514,12641,85098
04/28/2011,12643,12724,12609,12708,97692
04/29/2011,12708,12796,12688,12756,78409
05/02/2011,12787,12873,12732,12764,103909
05/03/2011,12765,12790,12697,12749,103843
05/04/2011,12750,12777,12621,12672,143808
05/05/2011,12672,12720,12467,12570,159663
05/06/2011,12557,12714,12547,12569,166175
05/09/2011,12586,12677,12572,12631,105033
05/10/2011,12630,12736,12601,12700,83459
05/11/2011,12704,12740,12542,12597,124193
05/12/2011,12597,12687,12504,12672,134107
05/13/2011,12673,12713,12507,12556,126384
05/16/2011,12535,12610,12489,12509,112415
05/17/2011,12507,12562,12350,12437,154936
05/18/2011,12441,12553,12422,12532,87861
05/19/2011,12533,12616,12505,12591,101769
05/20/2011,12589,12603,12459,12466,121204
05/23/2011,12448,12455,12311,12362,116413
05/24/2011,12351,12411,12319,12327,900
05/25/2011,12324,12420,12227,12351,118960
05/26/2011,12359,12424,12300,12409,121304
05/27/2011,12406,12474,12382,12428,78552
05/31/2011,12422,12575,12420,12558,106814
06/01/2011,12568,12591,12263,12274,153839
06/02/2011,12280,12313,12178,12238,134562
06/03/2011,12236,12248,12082,12125,124048
06/06/2011,12133,12142,12057,12087,101824
06/07/2011,12086,12165,12047,12072,109590
06/08/2011,12070,12093,12005,12030,124115
06/09/2011,11980,12108,11948,12044,39159
06/10/2011,12046,12058,11854,11873,94561
06/13/2011,11883,11942,11848,11885,120331
06/14/2011,11893,12050,11878,12018,127213
06/15/2011,12012,12013,11791,11831,188290
06/16/2011,11841,11921,11767,11899,167367
06/17/2011,11895,12006,11858,11938,131672
06/20/2011,11924,12032,11851,12013,99165
06/21/2011,12008,12150,12000,12088,113211
06/22/2011,12092,12139,12021,12023,102304
06/23/2011,12029,12032,11803,11976,181429
06/24/2011,11978,12058,11853,11881,130086
06/27/2011,11882,12031,11818,11990,104596
06/28/2011,11995,12144,11954,12141,104735
06/29/2011,12135,12223,12107,12218,124529
06/30/2011,12212,12363,12198,12345,107760
07/01/2011,12345,12534,12330,12514,121985
07/05/2011,12515,12559,12476,12533,100180
07/06/2011,12528,12586,12478,12569,97687
07/07/2011,12572,12698,12572,12681,90617
07/08/2011,12677,12722,12510,12615,122904
07/11/2011,12598,12598,12414,12489,126772
07/12/2011,12485,12516,12319,12413,148502
07/13/2011,12413,12555,12385,12425,120254
07/14/2011,12430,12528,12336,12382,144650
07/15/2011,12389,12459,12329,12452,125423
07/18/2011,12453,12453,12239,12328,128610
07/19/2011,12354,12552,12334,12507,115653
07/20/2011,12507,12578,12495,12507,89020
07/21/2011,12512,12700,12464,12690,133036
07/22/2011,12686,12749,12592,12621,95451
07/25/2011,12536,12604,12433,12550,94227
07/26/2011,12549,12603,12423,12432,107046
07/27/2011,12437,12458,12232,12244,139319
07/28/2011,12249,12333,12172,12193,115636
07/29/2011,12201,12211,12029,12088,148538
08/01/2011,12240,12280,11941,12040,159305
08/02/2011,12042,12090,11783,11804,156865
08/03/2011,11809,11884,11648,11818,200905
08/04/2011,11816,11898,11311,11371,269118
08/05/2011,11376,11546,11088,11402,330435
08/08/2011,11159,11321,10705,10726,360230
08/09/2011,10745,11234,10401,11194,339510
08/10/2011,11194,11263,10646,10725,317148
08/11/2011,10724,11243,10579,11084,241447
08/12/2011,11082,11309,10892,11250,153442
08/15/2011,11268,11447,11243,11403,110971
08/16/2011,11403,11450,11256,11387,142354
08/17/2011,11385,11508,11300,11381,117318
08/18/2011,11378,11381,10856,11017,222033
08/19/2011,11024,11065,10778,10820,165735
08/22/2011,10803,11034,10713,10847,127065
08/23/2011,10848,11150,10808,11141,144469
08/24/2011,11142,11308,10998,11268,133456
08/25/2011,11268,11380,11083,11131,148025
08/26/2011,11131,11310,10909,11279,152729
08/29/2011,11266,11527,11246,11517,86289
08/30/2011,11512,11618,11415,11492,125901
08/31/2011,11492,11700,11469,11603,133279
09/01/2011,11611,11705,11460,11465,114686
09/02/2011,11468,11518,11199,11208,119450
09/06/2011,11187,11197,10918,11128,159174
09/07/2011,11126,11419,11122,11415,103903
09/08/2011,11350,11400,11205,11223,36142
09/09/2011,11228,11300,10853,10949,118033
09/12/2011,10846,10998,10695,10989,138203
09/13/2011,10983,11066,10835,11021,151994
09/14/2011,11028,11314,10868,11174,162733
09/15/2011,11181,11381,11124,11375,128765
09/16/2011,11363,11460,11299,11446,115896
09/19/2011,11351,11371,11176,11323,123756
09/20/2011,11318,11475,11220,11335,124364
09/21/2011,11340,11406,11002,11007,159905
09/22/2011,11000,11037,10512,10650,243854
09/23/2011,10650,10775,10469,10697,167285
09/26/2011,10640,10980,10551,10972,151762
09/27/2011,10969,11289,10945,11120,152969
09/28/2011,11120,11242,10919,10976,155589
09/29/2011,10970,11199,10890,11099,155434
09/30/2011,11107,11126,10800,10841,145939
10/03/2011,10824,10907,10517,10529,181540
10/04/2011,10535,10749,10328,10683,216264
10/05/2011,10691,10882,10619,10838,159598
10/06/2011,10836,11065,10787,11046,145808
10/07/2011,11043,11178,10983,11066,153365
10/10/2011,11080,11375,11080,11368,96497
10/11/2011,11364,11383,11292,11330,103949
10/12/2011,11317,11560,11257,11416,116010
10/13/2011,11422,11476,11312,11392,125916
10/14/2011,11394,11589,11359,11566,100472
10/17/2011,11559,11658,11295,11301,116582
10/18/2011,11295,11590,11219,11526,155436
10/19/2011,11525,11572,11405,11444,138389
10/20/2011,11445,11525,11330,11472,147709
10/21/2011,11462,11763,11457,11757,114108
10/24/2011,11717,11882,11687,11825,102758
10/25/2011,11824,11882,11623,11662,147788
10/26/2011,11668,11833,11632,11802,141154
10/27/2011,11806,12228,11806,12168,138909
10/28/2011,12170,12194,12092,12168,82969
10/31/2011,12152,12160,11883,11897,104723
11/01/2011,11910,11917,11570,11682,185319
11/02/2011,11675,11818,11617,11768,119672
11/03/2011,11766,12009,11592,11976,137718
11/04/2011,11981,12008,11790,11941,114787
11/07/2011,11958,12023,11786,12007,108110
11/08/2011,12005,12144,11940,12123,121519
11/09/2011,12120,12128,11688,11732,173635
11/10/2011,11735,11924,11661,11855,149818
11/11/2011,11855,12142,11823,12112,104052
11/14/2011,12129,12203,11985,12060,109923
11/15/2011,12054,12129,11916,12038,119079
11/16/2011,12041,12083,11842,11845,151392
11/17/2011,11849,11931,11643,11739,175347
11/18/2011,11741,11859,11696,11767,114426
11/21/2011,11721,11725,11420,11525,153397
11/22/2011,11528,11583,11405,11447,124353
11/23/2011,11450,11467,11215,11234,126739
11/25/2011,11240,11349,11128,11187,67934
11/28/2011,11356,11542,11311,11498,127043
11/29/2011,11404,11540,11397,11494,124
11/30/2011,11468,11963,11387,11963,278
12/01/2011,11932,11999,11893,11932,187
12/02/2011,11951,12129,11926,11930,430
12/05/2011,11980,12109,11948,11998,1143
12/06/2011,11990,12137,11934,12043,1548
12/07/2011,12060,12181,11986,12146,9176
12/08/2011,12143,12226,11890,11944,51706
12/09/2011,11934,12150,11890,12143,131226
12/12/2011,12129,12153,11864,11943,134117
12/13/2011,11941,12075,11829,11895,150326
12/14/2011,11889,11945,11716,11762,148958
12/15/2011,11760,11897,11694,11822,106121
12/16/2011,11820,11909,11746,11778,108448
12/19/2011,11793,11857,11661,11703,94467
12/20/2011,11705,12047,11693,12031,109071
12/21/2011,12027,12158,11928,12024,115838
12/22/2011,12028,12119,11994,12103,69749
12/23/2011,12110,12230,12101,12217,43867
12/27/2011,12235,12260,12187,12219,35166
12/28/2011,12217,12254,12068,12081,64680
12/29/2011,12080,12229,12078,12217,60957
12/30/2011,12208,12250,12134,12150,45348
01/03/2012,12352,12415,12322,12338,91126
01/04/2012,12336,12366,12273,12356,77339
01/05/2012,12360,12373,12219,12331,108630
01/06/2012,12333,12408,12272,12309,96123
01/09/2012,12312,12352,12252,12337,88483
01/10/2012,12335,12463,12327,12390,90605
01/11/2012,12386,12409,12338,12388,89757
01/12/2012,12390,12465,12323,12413,95097
01/13/2012,12413,12440,12248,12390,113712
01/17/2012,12350,12514,12327,12420,100802
01/18/2012,12416,12529,12397,12504,99402
01/19/2012,12506,12589,12486,12587,84063
01/20/2012,12594,12668,12553,12654,74606
01/23/2012,12633,12709,12611,12650,82622
01/24/2012,12650,12653,12561,12626,79411
01/25/2012,12627,12725,12522,12688,110233
01/26/2012,12694,12786,12639,12684,97486
01/27/2012,12680,12720,12576,12614,97066
01/30/2012,12625,12639,12476,12602,99401
01/31/2012,12609,12683,12511,12577,97231
02/01/2012,12579,12735,12550,12653,100929
02/02/2012,12656,12701,12622,12666,80637
02/03/2012,12667,12833,12645,12793,86879
02/06/2012,12780,12794,12722,12776,71110
02/07/2012,12776,12851,12729,12831,82689
02/08/2012,12825,12870,12776,12843,78245
02/09/2012,12840,12894,12789,12842,104105
02/10/2012,12841,12842,12704,12767,93783
02/13/2012,12821,12866,12783,12835,88088
02/14/2012,12834,12857,12751,12840,105543
02/15/2012,12839,12931,12729,12763,146648
02/16/2012,12759,12893,12700,12870,136399
02/17/2012,12870,12945,12860,12929,80405
02/21/2012,12993,13024,12901,12945,115310
02/22/2012,12941,12977,12891,12916,95441
02/23/2012,12919,12980,12859,12974,128864
02/24/2012,12976,13015,12928,12961,82410
02/27/2012,12959,13009,12861,12969,129226
02/28/2012,12952,12952,12845,12925,101
02/29/2012,12928,12983,12835,12866,137
03/01/2012,12840,12953,12832,12901,225
03/02/2012,12893,12913,12842,12896,185
03/05/2012,12895,12897,12798,12891,523
03/06/2012,12899,12901,12653,12674,1759
03/07/2012,12684,12779,12678,12772,14121
03/08/2012,12768,12879,12753,12844,43658
03/09/2012,12843,12905,12795,12863,81417
03/12/2012,12859,12904,12813,12897,106623
03/13/2012,12897,13115,12892,13109,143300
03/14/2012,13110,13154,13079,13130,115047
03/15/2012,13125,13188,13098,13172,110976
03/16/2012,13169,13224,13157,13163,73406
03/19/2012,13163,13208,13123,13167,97568
03/20/2012,13166,13176,13052,13108,105425
03/21/2012,13109,13160,13042,13066,100580
03/22/2012,13070,13091,12948,13001,117678
03/23/2012,13002,13041,12932,13032,85775
03/26/2012,13030,13204,13021,13200,97619
03/27/2012,13197,13245,13122,13124,87238
03/28/2012,13124,13177,13003,13053,117871
03/29/2012,13051,13087,12965,13078,108216
03/30/2012,13076,13158,13067,13142,88397
04/02/2012,13171,13229,13082,13189,111056
04/03/2012,13187,13200,13063,13132,110393
04/04/2012,13133,13135,12951,13005,116969
04/05/2012,13001,13038,12929,12978,93919
04/06/2012,12978,13012,12831,12978,8894
04/09/2012,12860,12916,12825,12850,75104
04/10/2012,12850,12899,12648,12680,164144
04/11/2012,12686,12785,12686,12744,113727
04/12/2012,12744,12955,12737,12950,121453
04/13/2012,12949,12971,12775,12788,132092
04/16/2012,12790,12925,12748,12850,150551
04/17/2012,12850,13070,12816,13024,121341
04/18/2012,13026,13049,12952,12957,120684
04/19/2012,12964,13057,12837,12902,171257
04/20/2012,12909,13027,12876,12988,110589
04/23/2012,12967,12978,12786,12871,124249
04/24/2012,12870,12995,12870,12959,110151
04/25/2012,12968,13056,12956,13040,123032
04/26/2012,13041,13172,12998,13160,117170
04/27/2012,13160,13211,13088,13164,112035
04/30/2012,13177,13198,13119,13155,89738
05/01/2012,13166,13284,13105,13218,82605
05/02/2012,13219,13252,13135,13204,109262
05/03/2012,13201,13248,13118,13143,121905
05/04/2012,13144,13168,12952,12957,139189
05/07/2012,12870,12992,12779,12959,112564
05/08/2012,12955,12975,12755,12867,172626
05/09/2012,12875,12884,12700,12795,208761
05/10/2012,12795,12892,12741,12834,150739
05/11/2012,12833,12883,12723,12788,130526
05/14/2012,12752,12798,12627,12655,160946
05/15/2012,12662,12759,12573,12605,190657
05/16/2012,12607,12704,12545,12574,179350
05/17/2012,12575,12644,12409,12413,193045
05/18/2012,12422,12480,12318,12335,184650
05/21/2012,12335,12493,12305,12490,131255
05/22/2012,12489,12553,12423,12477,155360
05/23/2012,12480,12486,12286,12466,190766
05/24/2012,12464,12543,12389,12536,174744
05/25/2012,12538,12586,12401,12429,135469
05/29/2012,12466,12599,12444,12583,167970
05/30/2012,12583,12588,12376,12381,192577
05/31/2012,12382,12479,12307,12383,199425
06/01/2012,12370,12380,12095,12103,248257
06/04/2012,12104,12132,11985,12063,150519
06/05/2012,12064,12134,12034,12126,135764
06/06/2012,12127,12422,12111,12419,166240
06/07/2012,12346,12475,12335,12406,27373
06/08/2012,12403,12508,12310,12503,102648
06/11/2012,12605,12715,12308,12310,180261
06/12/2012,12317,12518,12288,12514,188262
06/13/2012,12511,12531,12381,12429,151760
06/14/2012,12432,12631,12406,12606,172935
06/15/2012,12608,12723,12592,12710,102545
06/18/2012,12778,12803,12621,12686,133894
06/19/2012,12685,12829,12657,12762,108774
06/20/2012,12758,12808,12671,12763,169232
06/21/2012,12761,12791,12492,12502,172172
06/22/2012,12498,12606,12496,12568,118558
06/25/2012,12566,12566,12387,12431,120328
06/26/2012,12433,12507,12380,12486,116669
06/27/2012,12485,12577,12457,12553,103948
06/28/2012,12555,12570,12376,12526,175593
06/29/2012,12530,12834,12479,12808,143928
07/02/2012,12827,12850,12724,12776,117485
07/03/2012,12780,12877,12750,12867,62503
07/05/2012,12867,12917,12783,12832,122418
07/06/2012,12830,12851,12640,12727,142800
07/09/2012,12708,12720,12622,12685,99347
07/10/2012,12686,12767,12543,12585,151052
07/11/2012,12583,12651,12469,12536,136182
07/12/2012,12538,12564,12425,12502,125958
07/13/2012,12500,12723,12500,12712,116885
07/16/2012,12714,12718,12624,12648,90015
07/17/2012,12650,12766,12578,12737,128911
07/18/2012,12739,12867,12686,12860,107062
07/19/2012,12862,12936,12835,12880,113531
07/20/2012,12882,12884,12751,12773,119046
07/23/2012,12756,12756,12521,12645,145126
07/24/2012,12646,12670,12462,12524,141548
07/25/2012,12524,12675,12472,12637,132355
07/26/2012,12636,12876,12584,12825,157812
07/27/2012,12824,13061,12811,13033,151369
07/30/2012,13018,13072,12983,13001,104687
07/31/2012,12999,13056,12933,12949,104423
08/01/2012,12940,13023,12895,12923,109956
08/02/2012,12917,13030,12721,12831,161519
08/03/2012,12829,13080,12813,13055,109320
08/06/2012,13064,13133,13034,13067,72418
08/07/2012,13065,13160,13048,13119,75638
08/08/2012,13117,13156,13046,13120,82212
08/09/2012,13123,13185,13082,13138,83054
08/10/2012,13134,13175,13051,13172,88439
08/13/2012,13160,13183,13073,13137,89320
08/14/2012,13132,13191,13104,13133,89230
08/15/2012,13130,13170,13099,13135,80307
08/16/2012,13137,13246,13120,13225,96188
08/17/2012,13228,13256,13213,13247,63238
08/20/2012,13249,13268,13204,13229,68977
08/21/2012,13230,13308,13162,13199,103835
08/22/2012,13199,13206,13099,13156,129720
08/23/2012,13154,13215,13024,13039,113820
08/24/2012,13038,13162,13011,13156,106092
08/27/2012,13159,13186,13101,13107,74989
08/28/2012,13104,13135,13063,13086,90855
08/29/2012,13084,13131,13065,13084,82619
08/30/2012,13082,13088,12966,12982,103447
08/31/2012,12984,13144,12971,13079,158861
09/04/2012,13062,13121,12965,13050,134241
09/05/2012,13051,13086,12982,13050,104430
09/06/2012,13051,13288,13044,13275,139593
09/07/2012,13276,13324,13263,13296,101796
09/10/2012,13285,13318,13231,13237,72331
09/11/2012,13232,13349,13195,13293,90819
09/12/2012,13294,13376,13284,13361,106387
09/13/2012,13273,13498,13248,13445,34364
09/14/2012,13444,13576,13437,13518,134176
09/17/2012,13510,13519,13455,13470,95250
09/18/2012,13474,13511,13428,13499,105219
09/19/2012,13502,13557,13486,13497,104698
09/20/2012,13498,13528,13426,13515,114476
09/21/2012,13518,13588,13489,13500,93398
09/24/2012,13490,13530,13438,13489,93917
09/25/2012,13491,13548,13386,13405,127444
09/26/2012,13405,13426,13332,13345,121899
09/27/2012,13347,13453,13343,13414,123345
09/28/2012,13412,13433,13293,13355,146311
10/01/2012,13349,13526,13313,13437,147569
10/02/2012,13434,13499,13347,13411,135663
10/03/2012,13409,13463,13360,13426,119271
10/04/2012,13424,13525,13422,13498,112527
10/05/2012,13498,13599,13489,13536,110153
10/08/2012,13550,13550,13475,13501,68415
10/09/2012,13502,13545,13403,13412,137525
10/10/2012,13420,13428,13260,13268,132756
10/11/2012,13266,13361,13227,13265,112961
10/12/2012,13262,13334,13227,13245,104932
10/15/2012,13255,13369,13208,13359,107657
10/16/2012,13356,13487,13347,13453,114773
10/17/2012,13448,13498,13432,13489,110838
10/18/2012,13485,13530,13451,13487,119365
10/19/2012,13483,13499,13246,13252,162751
10/22/2012,13251,13308,13174,13292,123349
10/23/2012,13293,13316,13021,13041,179734
10/24/2012,13038,13096,12999,13021,124742
10/25/2012,13026,13119,12974,13056,124932
10/26/2012,13066,13087,12937,13054,128805
10/29/2012,13048,13054,12954,13054,15323
10/30/2012,12973,13066,12926,13054,16858
10/31/2012,13077,13124,12987,13030,111943
11/01/2012,12991,13212,12969,13165,121161
11/02/2012,13165,13226,12988,12991,120034
11/05/2012,12989,13078,12973,13053,83754
11/06/2012,13045,13229,13034,13201,106876
11/07/2012,13198,13251,12827,12863,242828
11/08/2012,12872,12931,12760,12775,168036
11/09/2012,12777,12842,12670,12764,168559
11/12/2012,12764,12816,12732,12780,75110
11/13/2012,12777,12855,12684,12717,138310
11/14/2012,12731,12803,12509,12544,167420
11/15/2012,12545,12581,12464,12522,152927
11/16/2012,12520,12573,12434,12570,167779
11/19/2012,12579,12764,12573,12738,126099
11/20/2012,12733,12777,12666,12759,122895
11/21/2012,12757,12813,12696,12800,82562
11/23/2012,12802,12982,12801,12961,61917
11/26/2012,12949,12951,12870,12936,90154
11/27/2012,12940,12971,12845,12862,125648
11/28/2012,12867,12967,12740,12957,171456
11/29/2012,12961,13049,12939,13021,136755
11/30/2012,12987,13056,12973,13008,112994
12/03/2012,13003,13080,12930,12950,121995
12/04/2012,12860,12933,12831,12859,785
12/05/2012,12835,13002,12834,12953,1069
12/06/2012,12961,13001,12925,12992,1595
12/07/2012,12978,13080,12966,13071,1401
12/10/2012,13088,13122,13034,13116,2245
12/11/2012,13088,13233,13082,13207,4604
12/12/2012,13200,13258,13153,13163,15972
12/13/2012,13157,13203,13082,13094,35466
12/14/2012,13091,13154,13054,13087,100301
12/17/2012,13132,13193,13079,13184,127818
12/18/2012,13189,13307,13170,13276,143962
12/19/2012,13276,13318,13181,13219,130264
12/20/2012,13184,13270,13160,13267,125615
12/21/2012,13261,13267,12963,13136,139153
12/24/2012,13133,13136,13060,13065,22366
12/26/2012,13094,13111,13011,13048,37860
12/27/2012,13050,13079,12894,13003,126509
12/28/2012,13022,13052,12766,12777,94521
12/31/2012,12801,13078,12742,13027,129952
01/02/2013,13177,13344,13166,13331,151501
01/03/2013,13324,13360,13287,13319,116327
01/04/2013,13322,13377,13296,13346,100235
01/07/2013,13361,13366,13272,13307,86399
01/08/2013,13312,13324,13232,13267,103867
01/09/2013,13266,13356,13264,13325,84372
01/10/2013,13328,13430,13316,13406,112191
01/11/2013,13425,13436,13377,13433,81514
01/14/2013,13432,13457,13396,13433,89707
01/15/2013,13438,13482,13378,13463,101346
01/16/2013,13476,13480,13388,13437,87864
01/17/2013,13434,13575,13394,13542,121261
01/18/2013,13540,13586,13514,13576,89755
01/22/2013,13574,13718,13531,13696,117582
01/23/2013,13706,13733,13673,13719,85885
01/24/2013,13702,13818,13701,13781,126006
01/25/2013,13752,13840,13744,13812,100001
01/28/2013,13816,13859,13803,13832,83452
01/29/2013,13825,13918,13799,13908,90592
01/30/2013,13905,13919,13822,13838,110101
01/31/2013,13830,13886,13797,13797,102363
02/01/2013,13833,13962,13828,13930,120751
02/04/2013,13941,13949,13806,13845,114174
02/05/2013,13838,13958,13834,13910,113758
02/06/2013,13935,13955,13852,13928,115320
02/07/2013,13932,13958,13802,13898,140869
02/08/2013,13898,13975,13883,13926,101050
02/11/2013,13938,13963,13891,13924,84679
02/12/2013,13922,13992,13888,13973,85827
02/13/2013,13984,14006,13918,13958,87775
02/14/2013,13955,13967,13882,13950,97049
02/15/2013,13952,13977,13879,13948,108785
02/19/2013,13937,14023,13933,14007,102016
02/20/2013,14007,14035,13883,13889,134966
02/21/2013,13895,13910,13811,13872,182609
02/22/2013,13876,13995,13876,13981,136269
02/25/2013,13985,14064,13746,13788,222411
02/26/2013,13701,13833,13701,13791,1511
02/27/2013,13807,14018,13780,13991,1796
02/28/2013,13993,14061,13945,13967,672
03/01/2013,13960,14024,13849,14005,1759
03/04/2013,13996,14064,13936,14049,1237
03/05/2013,14058,14205,14047,14171,4047
03/06/2013,14176,14249,14170,14206,17591
03/07/2013,14215,14280,14202,14256,22686
03/08/2013,14259,14350,14237,14313,136461
03/11/2013,14313,14385,14292,14381,106699
03/12/2013,14379,14409,14341,14386,113589
03/13/2013,14386,14408,14347,14398,109373
03/14/2013,14403,14468,14388,14452,108806
03/15/2013,14443,14480,14397,14433,97955
03/18/2013,14368,14448,14269,14390,167584
03/19/2013,14389,14443,14308,14388,210333
03/20/2013,14365,14476,14347,14408,134708
03/21/2013,14412,14441,14309,14347,165101
03/22/2013,14347,14471,14325,14459,138866
03/25/2013,14451,14517,14320,14386,207407
03/26/2013,14399,14487,14385,14478,111768
03/27/2013,14481,14495,14364,14445,130736
03/28/2013,14445,14511,14396,14497,121051
04/01/2013,14508,14533,14453,14489,86213
04/02/2013,14501,14610,14487,14584,129304
04/03/2013,14592,14606,14454,14487,177030
04/04/2013,14489,14557,14466,14531,175242
04/05/2013,14530,14534,14361,14484,184154
04/08/2013,14479,14588,14432,14563,118391
04/09/2013,14580,14651,14532,14610,131463
04/10/2013,14610,14763,14593,14733,135206
04/11/2013,14747,14823,14721,14796,130447
04/12/2013,14799,14811,14726,14784,141370
04/15/2013,14787,14797,14468,14512,258391
04/16/2013,14505,14698,14504,14685,187105
04/17/2013,14681,14691,14494,14552,238623
04/18/2013,14545,14615,14403,14410,211144
04/19/2013,14424,14505,14407,14470,153797
04/22/2013,14475,14550,14394,14499,166375
04/23/2013,14512,14661,14444,14644,182635
04/24/2013,14647,14693,14608,14615,128020
04/25/2013,14610,14711,14595,14653,137560
04/26/2013,14660,14684,14597,14649,121928
04/29/2013,14648,14786,14631,14748,105831
04/30/2013,14754,14786,14673,14773,116165
05/01/2013,14783,14793,14626,14636,112691
05/02/2013,14648,14776,14644,14760,136614
05/03/2013,14758,14953,14742,14898,138865
05/06/2013,14901,14927,14881,14906,73286
05/07/2013,14901,14997,14876,14983,105798
05/08/2013,14983,15067,14960,15062,98396
05/09/2013,15056,15106,15009,15044,137079
05/10/2013,15054,15112,14998,15068,136164
05/13/2013,15039,15070,15012,15057,93983
05/14/2013,15055,15185,15013,15175,121583
05/15/2013,15178,15278,15144,15235,139188
05/16/2013,15239,15278,15192,15212,134738
05/17/2013,15217,15334,15213,15315,116568
05/20/2013,15301,15367,15290,15319,105444
05/21/2013,15315,15414,15298,15355,123536
05/22/2013,15358,15523,15241,15320,285817
05/23/2013,15333,15345,15143,15289,260247
05/24/2013,15298,15334,15181,15307,162120
05/28/2013,15305,15508,15270,15373,179762
05/29/2013,15369,15390,15209,15290,192421
05/30/2013,15292,15389,15239,15319,144225
05/31/2013,15323,15382,15098,15100,210225
06/03/2013,15118,15242,15099,15217,251551
06/04/2013,15220,15298,15088,15179,205077
06/05/2013,15169,15189,14933,14959,253308
06/06/2013,14962,15049,14835,15036,240668
06/07/2013,15031,15249,14996,15208,228396
06/10/2013,15194,15293,15178,15228,152115
06/11/2013,15225,15247,15074,15138,209152
06/12/2013,15140,15241,14972,14978,213355
06/13/2013,14905,15137,14805,15117,30990
06/14/2013,15113,15138,14972,14988,141102
06/17/2013,14992,15196,14986,15121,172733
06/18/2013,15122,15274,15107,15244,145862
06/19/2013,15247,15278,15025,15047,191134
06/20/2013,15035,15046,14655,14701,295158
06/21/2013,14704,14801,14609,14711,262577
06/24/2013,14715,14731,14474,14588,295051
06/25/2013,14595,14738,14527,14690,187959
06/26/2013,14684,14865,14621,14824,149393
06/27/2013,14831,15003,14820,14936,143042
06/28/2013,14937,15002,14801,14824,179853
07/01/2013,14833,15012,14791,14882,140989
07/02/2013,14886,14980,14795,14861,156302
07/03/2013,14860,14957,14751,14916,109629
07/05/2013,14920,15112,14895,15076,167661
07/08/2013,15080,15200,15063,15160,111435
07/09/2013,15165,15258,15162,15222,99480
07/10/2013,15232,15318,15192,15243,138627
07/11/2013,15299,15419,15299,15393,105725
07/12/2013,15385,15433,15347,15369,96848
07/15/2013,15367,15444,15361,15416,63039
07/16/2013,15416,15433,15352,15391,80527
07/17/2013,15388,15459,15345,15440,128740
07/18/2013,15431,15533,15400,15481,103102
07/19/2013,15465,15511,15429,15506,88567
07/22/2013,15507,15541,15458,15491,69810
07/23/2013,15495,15547,15486,15513,80289
07/24/2013,15515,15564,15438,15500,124470
07/25/2013,15498,15504,15398,15484,121975
07/26/2013,15494,15522,15343,15498,122848
07/29/2013,15493,15505,15422,15483,94946
07/30/2013,15481,15537,15419,15493,118301
07/31/2013,15483,15580,15431,15433,168437
08/01/2013,15477,15595,15472,15550,114613
08/02/2013,15567,15600,15496,15590,95402
08/05/2013,15585,15597,15524,15554,67119
08/06/2013,15544,15564,15414,15474,115796
08/07/2013,15462,15466,15375,15442,106888
08/08/2013,15448,15523,15371,15452,138442
08/09/2013,15454,15472,15305,15375,142970
08/12/2013,15373,15404,15290,15387,108258
08/13/2013,15398,15474,15306,15411,145396
08/14/2013,15416,15426,15281,15304,145184
08/15/2013,15286,15300,15056,15070,187540
08/16/2013,15060,15113,15028,15038,146206
08/19/2013,15040,15078,14977,15002,112971
08/20/2013,14997,15047,14959,14985,117490
08/21/2013,14986,14998,14826,14847,188837
08/22/2013,14830,14965,14802,14939,129891
08/23/2013,14943,15006,14904,14990,117298
08/26/2013,14985,15033,14920,14931,100672
08/27/2013,14938,14943,14744,14758,176682
08/28/2013,14756,14849,14740,14806,114210
08/29/2013,14795,14901,14782,14834,116306
08/30/2013,14846,14894,14745,14795,129793
09/03/2013,14850,14927,14761,14827,168753
09/04/2013,14818,14950,14782,14924,114036
09/05/2013,14935,14972,14895,14917,87526
09/06/2013,14910,15002,14776,14909,198204
09/09/2013,14908,15083,14892,15036,116465
09/10/2013,15053,15189,15040,15173,146440
09/11/2013,15183,15345,15162,15330,124986
09/12/2013,15260,15278,15215,15246,35010
09/13/2013,15250,15327,15212,15311,87728
09/16/2013,15370,15511,15370,15431,145496
09/17/2013,15416,15490,15406,15465,98897
09/18/2013,15473,15645,15404,15594,170670
09/19/2013,15602,15658,15557,15573,123610
09/20/2013,15570,15584,15396,15403,110893
09/23/2013,15430,15455,15305,15326,141507
09/24/2013,15332,15370,15261,15286,128966
09/25/2013,15282,15306,15183,15210,158669
09/26/2013,15213,15319,15208,15261,128399
09/27/2013,15296,15299,15134,15195,132108
09/30/2013,15117,15119,15001,15046,162619
10/01/2013,15087,15140,15033,15120,154554
10/02/2013,15136,15137,14968,15025,155067
10/03/2013,15027,15031,14870,14906,228916
10/04/2013,14893,15009,14891,14998,127743
10/07/2013,14940,14951,14841,14851,142566
10/08/2013,14848,14876,14677,14714,218468
10/09/2013,14686,14782,14648,14728,236854
10/10/2013,14723,15053,14720,15033,190957
10/11/2013,15025,15193,14949,15175,144838
10/14/2013,15078,15243,15037,15225,137864
10/15/2013,15236,15265,15082,15095,207713
10/16/2013,15110,15311,15086,15249,165933
10/17/2013,15239,15313,15137,15296,131636
10/18/2013,15297,15353,15260,15316,126574
10/21/2013,15327,15367,15297,15322,86511
10/22/2013,15321,15459,15304,15398,164322
10/23/2013,15405,15405,15303,15351,135650
10/24/2013,15361,15475,15347,15454,120030
10/25/2013,15462,15514,15416,15497,99720
10/28/2013,15493,15574,15468,15518,95128
10/29/2013,15517,15626,15483,15616,101867
10/30/2013,15623,15676,15508,15553,163277
10/31/2013,15541,15592,15477,15477,143545
11/01/2013,15524,15589,15481,15542,127925
11/04/2013,15540,15610,15523,15575,94882
11/05/2013,15574,15589,15456,15550,140629
11/06/2013,15553,15698,15546,15683,133805
11/07/2013,15678,15779,15539,15567,209613
11/08/2013,15544,15719,15495,15700,171251
11/11/2013,15708,15743,15677,15723,80938
11/12/2013,15728,15752,15657,15710,116723
11/13/2013,15702,15811,15613,15779,141159
11/14/2013,15783,15851,15763,15839,125836
11/15/2013,15839,15930,15825,15913,98255
11/18/2013,15913,15994,15895,15938,125387
11/19/2013,15950,15993,15909,15934,139072
11/20/2013,15932,15989,15834,15878,189282
11/21/2013,15880,15986,15848,15975,120600
11/22/2013,15972,16043,15948,16027,107021
11/25/2013,16038,16100,16028,16062,121230
11/26/2013,16051,16098,16045,16060,99326
11/27/2013,16060,16096,16043,16074,79001
11/29/2013,16080,16162,16061,16066,69967
12/02/2013,16096,16114,15972,15998,118915
12/03/2013,15933,15949,15785,15826,776
12/04/2013,15828,15889,15723,15822,1671
12/05/2013,15827,15835,15739,15752,1359
12/06/2013,15765,15967,15757,15948,1719
12/09/2013,15972,15991,15941,15964,1668
12/10/2013,15971,15980,15899,15916,3633
12/11/2013,15936,15957,15763,15780,16141
12/12/2013,15783,15799,15642,15682,34906
12/13/2013,15674,15737,15659,15701,103478
12/16/2013,15708,15879,15608,15823,133599
12/17/2013,15817,15868,15776,15810,113059
12/18/2013,15803,16128,15749,16109,196955
12/19/2013,16108,16139,16037,16115,125165
12/20/2013,16116,16225,16112,16181,87204
12/23/2013,16208,16257,16205,16238,53229
12/24/2013,16243,16305,16223,16303,19940
12/26/2013,16306,16428,16306,16422,37801
12/27/2013,16426,16466,16390,16421,53726
12/30/2013,16417,16450,16406,16439,39274
12/31/2013,16445,16540,16436,16494,38314
01/02/2014,16473,16495,16353,16388,97793
01/03/2014,16391,16454,16336,16407,93297
01/06/2014,16399,16472,16336,16365,115127
01/07/2014,16355,16496,16355,16454,110394
01/08/2014,16459,16483,16356,16407,120757
01/09/2014,16407,16470,16313,16391,132741
01/10/2014,16392,16460,16317,16381,138308
01/13/2014,16387,16393,16179,16214,139484
01/14/2014,16211,16312,16182,16299,135764
01/15/2014,16302,16444,16290,16408,114957
01/16/2014,16413,16426,16312,16324,96503
01/17/2014,16343,16435,16321,16397,114276
01/21/2014,16395,16489,16253,16355,158162
01/22/2014,16328,16382,16274,16317,106549
01/23/2014,16316,16354,16078,16151,174732
01/24/2014,16151,16181,15795,15816,233435
01/27/2014,15801,15887,15722,15787,257321
01/28/2014,15783,15943,15761,15876,157572
01/29/2014,15934,15983,15643,15698,284151
01/30/2014,15689,15846,15666,15733,178290
01/31/2014,15741,15753,15550,15630,220501
02/03/2014,15644,15697,15280,15292,271065
02/04/2014,15323,15417,15282,15338,211683
02/05/2014,15342,15415,15276,15367,200222
02/06/2014,15383,15577,15377,15549,179057
02/07/2014,15563,15749,15471,15739,206297
02/10/2014,15748,15758,15675,15739,106803
02/11/2014,15741,15972,15736,15929,147448
02/12/2014,15925,16008,15897,15943,123103
02/13/2014,15943,16012,15822,15979,144230
02/14/2014,15980,16148,15911,16127,121846
02/18/2014,16120,16189,16077,16107,130079
02/19/2014,16107,16201,16004,16016,187532
02/20/2014,16021,16137,15947,16100,165696
02/21/2014,16104,16171,16072,16093,135684
02/24/2014,16099,16281,16039,16186,133871
02/25/2014,16180,16235,16122,16187,144454
02/26/2014,16196,16244,16135,16178,147754
02/27/2014,16192,16288,16102,16272,161929
02/28/2014,16282,16388,16210,16307,194037
03/03/2014,16225,16228,16058,16148,251619
03/04/2014,16154,16409,16152,16381,185836
03/05/2014,16379,16405,16330,16355,129277
03/06/2014,16366,16439,16344,16415,120220
03/07/2014,16415,16508,16389,16448,175284
03/10/2014,16437,16459,16326,16413,123912
03/11/2014,16408,16458,16320,16336,149372
03/12/2014,16336,16366,16256,16339,173315
03/13/2014,16276,16342,16016,16047,48940
03/14/2014,16049,16099,15977,15992,168669
03/17/2014,15991,16207,15911,16166,167480
03/18/2014,16172,16303,16130,16262,180523
03/19/2014,16264,16294,16049,16139,193215
03/20/2014,16136,16280,16077,16265,168700
03/21/2014,16258,16378,16208,16221,185327
03/24/2014,16214,16303,16134,16202,183020
03/25/2014,16209,16331,16192,16298,180942
03/26/2014,16295,16392,16170,16179,193911
03/27/2014,16203,16229,16112,16182,190508
03/28/2014,16197,16341,16181,16240,155051
03/31/2014,16276,16404,16276,16373,136908
04/01/2014,16377,16488,16359,16449,108897
04/02/2014,16452,16510,16431,16487,115123
04/03/2014,16490,16531,16451,16501,116779
04/04/2014,16507,16574,16312,16356,245035
04/07/2014,16354,16363,16167,16178,202695
04/08/2014,16187,16226,16107,16180,169951
04/09/2014,16178,16371,16174,16360,152558
04/10/2014,16366,16384,16078,16110,210431
04/11/2014,16129,16147,15939,15981,231781
04/14/2014,15947,16113,15880,16096,190502
04/15/2014,16100,16257,15988,16205,277403
04/16/2014,16245,16366,16222,16331,125082
04/17/2014,16309,16386,16279,16343,125082
04/21/2014,16346,16392,16334,16371,49857
04/22/2014,16364,16498,16342,16458,112791
04/23/2014,16455,16505,16411,16460,99054
04/24/2014,16495,16513,16384,16431,157844
04/25/2014,16405,16414,16264,16324,153927
04/28/2014,16330,16436,16242,16397,209156
04/29/2014,16398,16493,16390,16467,124193
04/30/2014,16460,16526,16432,16511,134484
05/01/2014,16515,16537,16456,16488,81624
05/02/2014,16492,16550,16418,16447,163094
05/05/2014,16449,16483,16307,16444,126416
05/06/2014,16462,16489,16333,16360,129235
05/07/2014,16360,16480,16305,16468,210445
05/08/2014,16471,16572,16442,16510,190821
05/09/2014,16496,16542,16451,16527,141287
05/12/2014,16531,16670,16530,16655,112535
05/13/2014,16664,16694,16652,16675,95136
05/14/2014,16680,16694,16557,16587,114270
05/15/2014,16594,16619,16366,16421,211379
05/16/2014,16416,16471,16377,16465,130925
05/19/2014,16466,16497,16387,16481,101151
05/20/2014,16480,16505,16310,16337,151409
05/21/2014,16342,16521,16326,16499,143972
05/22/2014,16490,16560,16467,16528,98768
05/23/2014,16525,16593,16522,16586,73944
05/27/2014,16593,16666,16589,16654,93974
05/28/2014,16656,16691,16601,16628,93983
05/29/2014,16630,16687,16608,16681,78751
05/30/2014,16676,16708,16635,16704,92528
06/02/2014,16704,16744,16669,16722,91660
06/03/2014,16722,16727,16678,16713,82001
06/04/2014,16715,16733,16662,16718,83973
06/05/2014,16721,16837,16696,16818,157899
06/06/2014,16822,16940,16816,16932,104401
06/09/2014,16940,16962,16908,16936,78005
06/10/2014,16930,16953,16889,16942,81782
06/11/2014,16944,16945,16815,16855,108354
06/12/2014,16779,16810,16633,16678,31549
06/13/2014,16683,16719,16640,16697,100759
06/16/2014,16699,16732,16624,16702,122329
06/17/2014,16700,16760,16654,16729,144366
06/18/2014,16731,16832,16650,16818,147246
06/19/2014,16814,16845,16778,16833,113707
06/20/2014,16826,16895,16815,16858,88929
06/23/2014,16855,16911,16808,16840,95627
06/24/2014,16829,16885,16717,16752,142745
06/25/2014,16743,16803,16699,16771,129816
06/26/2014,16771,16800,16659,16762,150592
06/27/2014,16768,16782,16687,16757,109965
06/30/2014,16753,16787,16717,16740,101190
07/01/2014,16757,16919,16749,16876,127883
07/02/2014,16880,16911,16873,16899,74313
07/03/2014,16895,16994,16886,16976,71926
07/07/2014,16979,16994,16908,16946,96811
07/08/2014,16944,16952,16796,16860,148160
07/09/2014,16860,16927,16838,16913,115989
07/10/2014,16914,16920,16722,16842,171720
07/11/2014,16836,16893,16786,16881,104397
07/14/2014,16878,17017,16877,16978,92371
07/15/2014,16981,17045,16932,16988,155706
07/16/2014,17003,17069,16991,17057,112017
07/17/2014,17041,17085,16888,16941,225013
07/18/2014,16889,17050,16835,17032,155631
07/21/2014,17021,17029,16908,16983,129463
07/22/2014,16979,17069,16976,17033,118907
07/23/2014,17022,17067,16992,17025,113533
07/24/2014,17031,17063,16965,16998,119190
07/25/2014,16977,17005,16846,16891,153127
07/28/2014,16893,16938,16808,16916,131718
07/29/2014,16914,16993,16840,16845,152804
07/30/2014,16848,16926,16751,16821,197892
07/31/2014,16822,16822,16488,16494,259862
08/01/2014,16509,16549,16370,16416,264173
08/04/2014,16429,16528,16378,16486,137613
08/05/2014,16488,16500,16299,16366,208315
08/06/2014,16369,16442,16272,16395,162864
08/07/2014,16393,16459,16280,16321,189173
08/08/2014,16322,16502,16208,16479,190966
08/11/2014,16479,16581,16474,16515,123128
08/12/2014,16525,16560,16465,16519,116945
08/13/2014,16537,16634,16519,16619,104074
08/14/2014,16626,16692,16597,16682,88746
08/15/2014,16687,16742,16537,16631,192441
08/18/2014,16666,16815,16657,16793,97398
08/19/2014,16803,16899,16803,16881,80509
08/20/2014,16885,16970,16855,16950,100390
08/21/2014,16948,17050,16939,17016,84581
08/22/2014,17018,17046,16962,16993,110044
08/25/2014,17004,17103,17000,17056,76350
08/26/2014,17051,17132,17037,17097,82766
08/27/2014,17107,17119,17072,17093,71942
08/28/2014,17096,17104,17007,17077,102069
08/29/2014,17096,17134,17022,17085,93034
09/02/2014,17076,17130,17001,17053,117442
09/03/2014,17053,17154,17047,17073,116573
09/04/2014,17072,17154,17017,17079,135777
09/05/2014,17087,17133,16997,17117,158724
09/08/2014,17120,17130,17070,17100,109031
09/09/2014,17100,17122,16985,17034,161367
09/10/2014,17031,17077,16967,17058,137893
09/11/2014,16973,16982,16890,16960,39893
09/12/2014,16971,16985,16851,16906,141344
09/15/2014,16876,16968,16839,16943,152152
09/16/2014,16955,17081,16890,17054,176890
09/17/2014,17059,17134,17005,17069,188944
09/18/2014,17089,17207,17070,17178,123091
09/19/2014,17200,17279,17170,17212,137462
09/22/2014,17200,17210,17069,17099,147834
09/23/2014,17084,17111,16928,16963,150323
09/24/2014,16936,17149,16936,17139,141362
09/25/2014,17130,17149,16863,16900,212814
09/26/2014,16902,17069,16880,17030,151568
09/29/2014,17039,17039,16848,16980,178934
09/30/2014,16980,17063,16930,16965,161891
10/01/2014,16937,16984,16690,16740,227999
10/02/2014,16734,16775,16589,16724,227010
10/03/2014,16723,16947,16705,16921,143525
10/06/2014,16923,17020,16844,16903,165288
10/07/2014,16881,16904,16619,16651,206162
10/08/2014,16623,16928,16582,16903,249765
10/09/2014,16903,16949,16537,16610,342630
10/10/2014,16541,16682,16427,16437,309178
10/13/2014,16420,16526,16216,16232,306767
10/14/2014,16227,16385,16195,16255,304542
10/15/2014,16287,16329,15769,16007,536220
10/16/2014,16007,16136,15785,16015,430281
10/17/2014,16033,16347,16020,16309,266749
10/20/2014,16334,16419,16163,16331,180953
10/21/2014,16359,16560,16209,16547,181758
10/22/2014,16546,16598,16383,16425,192923
10/23/2014,16426,16693,16403,16613,200392
10/24/2014,16619,16747,16514,16736,160537
10/27/2014,16746,16797,16652,16756,132768
10/28/2014,16766,16940,16754,16936,131306
10/29/2014,16919,16992,16820,16924,175425
10/30/2014,16912,17152,16831,17114,198344
10/31/2014,17116,17355,17105,17311,172671
11/03/2014,17312,17342,17267,17285,108738
11/04/2014,17288,17329,17208,17305,141531
11/05/2014,17311,17426,17289,17413,138569
11/06/2014,17415,17513,17367,17504,136570
11/07/2014,17501,17548,17437,17501,115197
11/10/2014,17499,17569,17472,17553,79540
11/11/2014,17546,17604,17531,17568,70593
11/12/2014,17560,17584,17483,17577,103752
11/13/2014,17565,17661,17543,17596,135944
11/14/2014,17592,17639,17577,17604,92898
11/17/2014,17607,17641,17511,17617,98261
11/18/2014,17620,17700,17600,17652,94815
11/19/2014,17651,17682,17591,17657,106840
11/20/2014,17652,17701,17558,17694,102216
11/21/2014,17695,17870,17678,17780,129823
11/24/2014,17780,17832,17765,17792,71611
11/25/2014,17792,17834,17763,17808,79840
11/26/2014,17807,17847,17773,17810,61867
11/28/2014,17818,17877,17759,17812,82524
12/01/2014,17784,17809,17701,17755,139627
12/02/2014,17693,17817,17691,17794,408
12/03/2014,17799,17844,17771,17826,699
12/04/2014,17824,17860,17731,17819,1470
12/05/2014,17823,17908,17813,17883,836
12/08/2014,17879,17892,17726,17781,4089
12/09/2014,17797,17801,17553,17711,4686
12/10/2014,17711,17738,17432,17473,17479
12/11/2014,17471,17702,17453,17509,58563
12/12/2014,17492,17507,17187,17191,202476
12/15/2014,17187,17344,17051,17125,261002
12/16/2014,17147,17367,16974,17007,333975
12/17/2014,17026,17327,17016,17292,297392
12/18/2014,17285,17744,17268,17726,218745
12/19/2014,17717,17845,17686,17761,166032
12/22/2014,17741,17928,17741,17897,94360
12/23/2014,17903,18019,17893,17976,70412
12/24/2014,17974,18031,17965,17988,20264
12/26/2014,17988,18051,17988,18012,23865
12/29/2014,18024,18036,17941,17982,56821
12/30/2014,18005,18006,17889,17941,62519
12/31/2014,17937,17984,17739,17752,69573
01/02/2015,17781,17884,17655,17723,124972
01/05/2015,17726,17746,17392,17450,181349
01/06/2015,17470,17502,17176,17290,257163
01/07/2015,17309,17524,17300,17507,183550
01/08/2015,17515,17846,17514,17820,151625
01/09/2015,17811,17864,17612,17649,196348
01/12/2015,17647,17753,17491,17571,178160
01/13/2015,17586,17854,17416,17535,274261
01/14/2015,17542,17568,17183,17365,328082
01/15/2015,17396,17533,17190,17283,298348
01/16/2015,17220,17458,17125,17432,219257
01/20/2015,17442,17536,17271,17461,231453
01/21/2015,17418,17535,17325,17491,179017
01/22/2015,17493,17776,17410,17737,187466
01/23/2015,17739,17795,17575,17588,133884
01/26/2015,17518,17631,17432,17614,124612
01/27/2015,17615,17629,17215,17378,212587
01/28/2015,17400,17488,17093,17100,209232
01/29/2015,17127,17438,17062,17432,232611
01/30/2015,17421,17424,17082,17097,241912
02/02/2015,17108,17315,16962,17299,229318
02/03/2015,17282,17600,17214,17572,184061
02/04/2015,17582,17712,17507,17568,176016
02/05/2015,17524,17821,17492,17784,132143
02/06/2015,17795,17893,17704,17782,147162
02/09/2015,17770,17770,17624,17681,120433
02/10/2015,17692,17831,17658,17793,116414
02/11/2015,17802,17949,17719,17831,124951
02/12/2015,17890,17946,17778,17932,117444
02/13/2015,17929,18009,17913,17982,95889
02/17/2015,17972,18024,17891,18001,125742
02/18/2015,18009,18028,17953,17993,89556
02/19/2015,17986,18038,17896,17959,104132
02/20/2015,17967,18121,17853,18104,159649
02/23/2015,18112,18113,18034,18085,70983
02/24/2015,18082,18207,18076,18186,93424
02/25/2015,18190,18219,18159,18194,75917
02/26/2015,18190,18228,18143,18203,96883
02/27/2015,18203,18203,18117,18127,82630
03/02/2015,18144,18270,18123,18248,97423
03/03/2015,18248,18255,18120,18186,98213
03/04/2015,18186,18186,18013,18086,118085
03/05/2015,18089,18148,18071,18120,89647
03/06/2015,18120,18155,17811,17861,185298
03/09/2015,17875,18020,17817,17970,99504
03/10/2015,17972,17975,17656,17666,170578
03/11/2015,17681,17734,17618,17638,133731
03/12/2015,17590,17824,17561,17792,37957
03/13/2015,17792,17828,17547,17653,124275
03/16/2015,17654,17913,17611,17855,110608
03/17/2015,17842,17877,17701,17777,119086
03/18/2015,17770,18017,17609,17989,186641
03/19/2015,17992,18046,17847,17885,128869
03/20/2015,17880,18117,17874,18033,116676
03/23/2015,18032,18126,17981,18016,73526
03/24/2015,18015,18078,17927,17949,108919
03/25/2015,17945,17967,17628,17649,162709
03/26/2015,17666,17679,17465,17603,179585
03/27/2015,17612,17678,17535,17626,113479
03/30/2015,17624,17923,17585,17860,136330
03/31/2015,17859,17880,17666,17703,140325
04/01/2015,17684,17728,17475,17615,217492
04/02/2015,17633,17731,17552,17676,108614
04/03/2015,17681,17702,17495,17676,15395
04/06/2015,17511,17858,17507,17805,102819
04/07/2015,17793,17901,17774,17785,110106
04/08/2015,17788,17898,17737,17829,136180
04/09/2015,17843,17904,17738,17887,130620
04/10/2015,17883,17988,17860,17973,90401
04/13/2015,17969,18029,17891,17910,106878
04/14/2015,17918,17997,17822,17964,145024
04/15/2015,17973,18083,17935,18022,111457
04/16/2015,18041,18093,17948,18041,127422
04/17/2015,18039,18044,17666,17770,211029
04/20/2015,17803,18016,17790,17943,132108
04/21/2015,17924,18072,17848,17883,130186
04/22/2015,17893,17976,17774,17945,146386
04/23/2015,17938,18062,17824,17981,170009
04/24/2015,17979,18037,17932,18017,97748
04/27/2015,18029,18111,17948,17990,126183
04/28/2015,17993,18064,17839,18058,163876
04/29/2015,18049,18067,17875,17954,202232
04/30/2015,17953,17979,17691,17759,205510
05/01/2015,17780,17953,17773,17934,110840
05/04/2015,17938,18057,17909,17995,97945
05/05/2015,18000,18023,17825,17864,162515
05/06/2015,17875,17974,17668,17778,209550
05/07/2015,17780,17919,17629,17889,176646
05/08/2015,17895,18155,17883,18121,155957
05/11/2015,18129,18152,18025,18041,112003
05/12/2015,18040,18071,17871,18029,179144
05/13/2015,18042,18119,17996,18015,132059
05/14/2015,18031,18213,17987,18202,121456
05/15/2015,18202,18250,18177,18229,88186
05/18/2015,18236,18291,18186,18259,90043
05/19/2015,18269,18334,18227,18284,96874
05/20/2015,18282,18324,18241,18256,111068
05/21/2015,18245,18293,18197,18258,75211
05/22/2015,18262,18295,18191,18224,80181
05/26/2015,18230,18254,17964,18053,177518
05/27/2015,18052,18167,18026,18141,117045
05/28/2015,18135,18148,18052,18134,106388
05/29/2015,18128,18146,17951,18009,154965
06/01/2015,18020,18105,17967,18023,136304
06/02/2015,18042,18085,17905,18001,168133
06/03/2015,18004,18163,17997,18096,145880
06/04/2015,18102,18102,17862,17925,222296
06/05/2015,17924,17953,17808,17842,179950
06/08/2015,17840,17860,17750,17768,149125
06/09/2015,17778,17809,17693,17767,155045
06/10/2015,17776,18038,17766,18018,163695
06/11/2015,17916,18030,17913,17962,28372
06/12/2015,17971,17971,17770,17819,119066
06/15/2015,17754,17786,17608,17712,136806
06/16/2015,17709,17838,17603,17826,119889
06/17/2015,17835,17914,17751,17826,134212
06/18/2015,17832,18098,17777,18044,166272
06/19/2015,18047,18076,17907,17911,100120
06/22/2015,17967,18102,17966,18025,104874
06/23/2015,18044,18108,18024,18067,77646
06/24/2015,18074,18080,17878,17883,123673
06/25/2015,17896,17997,17797,17812,125947
06/26/2015,17833,17924,17787,17873,124413
06/29/2015,17689,17757,17492,17520,225524
06/30/2015,17544,17646,17475,17523,238371
07/01/2015,17540,17714,17532,17671,106283
07/02/2015,17677,17737,17593,17649,106283
07/06/2015,17646,17671,17354,17627,189947
07/07/2015,17659,17726,17371,17680,249616
07/08/2015,17677,17678,17404,17442,253841
07/09/2015,17443,17678,17426,17452,200488
07/10/2015,17479,17712,17479,17669,158842
07/13/2015,17565,17903,17536,17900,147320
07/14/2015,17892,17986,17865,17961,86991
07/15/2015,17961,18007,17923,17992,96843
07/16/2015,17989,18075,17978,18020,93486
07/17/2015,18005,18024,17952,17997,73288
07/20/2015,17993,18058,17981,18003,81454
07/21/2015,17985,18020,17786,17866,122821
07/22/2015,17816,17837,17728,17785,103142
07/23/2015,17800,17833,17627,17676,127882
07/24/2015,17691,17711,17473,17523,123764
07/27/2015,17527,17547,17319,17396,165139
07/28/2015,17396,17571,17371,17546,164190
07/29/2015,17554,17697,17524,17682,128149
07/30/2015,17666,17700,17555,17686,115910
07/31/2015,17675,17721,17592,17614,119936
08/03/2015,17620,17658,17415,17511,142066
08/04/2015,17512,17557,17424,17454,125478
08/05/2015,17396,17595,17396,17475,129595
08/06/2015,17479,17513,17305,17375,131650
08/07/2015,17370,17399,17221,17321,156569
08/10/2015,17310,17573,17300,17553,128190
08/11/2015,17548,17550,17297,17355,161616
08/12/2015,17364,17396,17079,17367,214480
08/13/2015,17352,17436,17291,17369,148301
08/14/2015,17356,17449,17321,17439,97286
08/17/2015,17439,17513,17297,17504,118291
08/18/2015,17495,17535,17435,17482,107544
08/19/2015,17479,17511,17248,17285,223522
08/20/2015,17290,17320,16908,16917,240919
08/21/2015,16917,16940,16429,16467,392751
08/24/2015,16405,16412,15285,15709,556006
08/25/2015,15732,16341,15613,15719,425744
08/26/2015,15771,16297,15541,16249,432478
08/27/2015,16272,16661,16218,16650,319709
08/28/2015,16646,16684,16465,16659,202342
08/31/2015,16635,16635,16418,16508,186864
09/01/2015,16487,16493,15959,16087,297120
09/02/2015,16073,16347,16020,16330,228501
09/03/2015,16331,16536,16298,16348,217955
09/04/2015,16348,16367,16009,16119,232179
09/08/2015,16090,16491,16011,16452,215425
09/09/2015,16465,16688,16209,16270,217783
09/10/2015,16195,16360,16055,16205,47182
09/11/2015,16209,16353,16113,16337,113804
09/14/2015,16349,16432,16225,16279,129390
09/15/2015,16272,16541,16205,16520,149660
09/16/2015,16517,16672,16466,16664,132834
09/17/2015,16661,16837,16517,16558,225050
09/18/2015,16555,16604,16235,16318,227179
09/21/2015,16315,16476,16227,16456,171597
09/22/2015,16465,16470,16115,16229,200144
09/23/2015,16221,16322,16065,16187,172149
09/24/2015,16211,16243,15910,16099,243203
09/25/2015,16094,16372,16079,16203,231288
09/28/2015,16162,16289,15875,15909,237709
09/29/2015,15934,16014,15799,15949,259916
09/30/2015,15948,16195,15928,16172,202065
10/01/2015,16127,16345,15968,16190,220890
10/02/2015,16191,16385,15908,16377,287405
10/05/2015,16354,16694,16328,16659,152349
10/06/2015,16653,16760,16576,16672,160899
10/07/2015,16616,16867,16601,16814,201370
10/08/2015,16810,16983,16680,16966,188228
10/09/2015,16948,17026,16910,16991,119038
10/12/2015,16972,17099,16943,17040,67274
10/13/2015,17051,17076,16920,16973,128107
10/14/2015,16951,17017,16793,16822,163381
10/15/2015,16826,17072,16825,17069,152438
10/16/2015,17062,17126,17012,17115,108094
10/19/2015,17106,17148,17032,17117,109422
10/20/2015,17100,17168,17046,17107,101476
10/21/2015,17094,17223,17041,17056,145717
10/22/2015,17056,17435,17042,17408,177471
10/23/2015,17426,17597,17402,17546,160217
10/26/2015,17546,17579,17485,17531,95416
10/27/2015,17541,17555,17459,17513,101071
10/28/2015,17513,17708,17471,17702,155703
10/29/2015,17678,17707,17603,17684,105568
10/30/2015,17690,17769,17562,17594,121465
11/02/2015,17598,17764,17527,17735,102672
11/03/2015,17723,17897,17689,17841,104770
11/04/2015,17836,17906,17756,17787,137072
11/05/2015,17799,17866,17710,17802,126619
11/06/2015,17809,17855,17704,17843,173163
11/09/2015,17826,17871,17610,17675,146385
11/10/2015,17678,17724,17608,17716,127743
11/11/2015,17709,17799,17643,17655,111144
11/12/2015,17651,17715,17391,17398,172359
11/13/2015,17405,17445,17153,17206,179695
11/16/2015,17108,17447,17052,17421,171733
11/17/2015,17422,17556,17400,17456,161563
11/18/2015,17467,17714,17412,17689,153348
11/19/2015,17687,17769,17645,17707,119473
11/20/2015,17720,17884,17699,17801,103435
11/23/2015,17801,17842,17716,17762,89886
11/24/2015,17755,17830,17623,17765,132919
11/25/2015,17764,17833,17743,17802,67392
11/27/2015,17841,17854,17722,17801,75998
11/30/2015,17801,17847,17700,17714,104830
12/01/2015,17758,17879,17752,17862,124139
12/02/2015,17865,17905,17695,17758,132073
12/03/2015,17769,17870,17409,17486,244078
12/04/2015,17503,17855,17445,17819,198761
12/07/2015,17849,17869,17626,17756,148528
12/08/2015,17751,17762,17475,17534,179094
12/09/2015,17542,17762,17391,17456,244069
12/10/2015,17405,17617,17375,17486,48271
12/11/2015,17503,17541,17135,17179,174443
12/14/2015,17168,17316,17053,17254,263763
12/15/2015,17285,17550,17259,17470,162469
12/16/2015,17472,17705,17405,17654,191105
12/17/2015,17627,17735,17341,17356,197411
12/18/2015,17350,17392,17008,17017,221125
12/21/2015,17043,17217,17023,17178,127075
12/22/2015,17199,17386,17110,17357,116004
12/23/2015,17354,17517,17327,17472,96588
12/24/2015,17478,17515,17437,17449,32084
12/28/2015,17453,17478,17341,17438,67110
12/29/2015,17449,17660,17429,17638,81380
12/30/2015,17636,17656,17495,17509,66026
12/31/2015,17518,17536,17298,17341,80554
01/04/2016,17347,17399,16860,17085,220242
01/05/2016,17086,17153,16940,17081,190444
01/06/2016,17074,17096,16723,16838,232499
01/07/2016,16858,16881,16367,16419,311903
01/08/2016,16446,16666,16209,16235,301344
01/11/2016,16260,16372,16085,16287,277519
01/12/2016,16280,16502,16168,16363,260381
01/13/2016,16350,16533,16025,16056,305051
01/14/2016,16068,16391,15980,16281,304868
01/15/2016,16268,16331,15748,15912,357593
01/19/2016,15875,16188,15794,15913,348986
01/20/2016,15888,15939,15365,15717,373958
01/21/2016,15706,15957,15562,15787,355674
01/22/2016,15755,16052,15727,16004,205208
01/25/2016,16008,16039,15790,15811,179722
01/26/2016,15810,16101,15640,16066,193761
01/27/2016,15999,16151,15789,15851,261837
01/28/2016,15861,16055,15768,15972,268654
01/29/2016,15957,16376,15937,16356,217260
02/01/2016,16367,16426,16209,16340,178466
02/02/2016,16317,16326,16020,16091,205812
02/03/2016,16075,16301,15875,16263,357093
02/04/2016,16258,16408,16127,16328,269221
02/05/2016,16309,16383,16047,16131,256009
02/08/2016,16147,16197,15729,15988,295375
02/09/2016,15965,16072,15773,15959,296252
02/10/2016,15952,16154,15827,15866,273574
02/11/2016,15830,15863,15452,15612,349218
02/12/2016,15625,15929,15592,15913,216007
02/16/2016,15954,16203,15954,16131,221658
02/17/2016,16130,16454,16075,16413,169513
02/18/2016,16448,16515,16355,16391,158898
02/19/2016,16393,16442,16245,16358,142405
02/22/2016,16343,16634,16316,16539,112400
02/23/2016,16524,16574,16372,16396,129459
02/24/2016,16378,16505,16131,16473,199855
02/25/2016,16497,16677,16396,16672,151778
02/26/2016,16663,16820,16588,16601,157727
02/29/2016,16600,16707,16477,16497,161118
03/01/2016,16494,16856,16432,16849,173083
03/02/2016,16840,16907,16744,16868,165079
03/03/2016,16858,16936,16798,16919,122928
03/04/2016,16926,17043,16878,16967,166564
03/07/2016,16972,17080,16898,17048,130845
03/08/2016,17053,17063,16907,16972,148139
03/09/2016,16984,17078,16940,17008,140140
03/10/2016,16927,17077,16722,16900,32937
03/11/2016,16909,17130,16890,17091,120835
03/14/2016,17092,17183,17056,17128,89902
03/15/2016,17128,17160,17023,17148,103915
03/16/2016,17153,17287,17094,17236,147997
03/17/2016,17234,17428,17147,17385,163702
03/18/2016,17390,17522,17361,17492,128256
03/21/2016,17490,17552,17441,17528,102160
03/22/2016,17532,17554,17431,17504,128386
03/23/2016,17496,17519,17387,17426,144382
03/24/2016,17423,17463,17299,17439,134496
03/28/2016,17464,17526,17392,17448,82564
03/29/2016,17442,17553,17333,17538,133947
03/30/2016,17543,17694,17536,17622,121178
03/31/2016,17625,17659,17564,17595,120671
04/01/2016,17613,17713,17468,17706,163740
04/04/2016,17702,17753,17615,17642,124133
04/05/2016,17622,17629,17488,17527,148233
04/06/2016,17555,17639,17452,17628,168209
04/07/2016,17627,17645,17396,17458,169327
04/08/2016,17460,17609,17422,17485,157032
04/11/2016,17487,17647,17412,17473,165005
04/12/2016,17457,17656,17437,17637,174972
04/13/2016,17637,17831,17629,17828,154946
04/14/2016,17830,17880,17774,17842,129177
04/15/2016,17849,17869,17780,17814,95930
04/18/2016,17734,17935,17692,17928,128805
04/19/2016,17881,18018,17877,17961,146276
04/20/2016,17959,18083,17892,18037,140858
04/21/2016,18036,18080,17866,17899,151053
04/22/2016,17887,17951,17827,17917,140151
04/25/2016,17963,17967,17773,17902,123634
04/26/2016,17907,17970,17852,17919,120626
04/27/2016,17880,18006,17839,17963,160324
04/28/2016,17976,17987,17716,17761,192719
04/29/2016,17766,17789,17568,17693,207630
05/02/2016,17737,17832,17667,17799,129889
05/03/2016,17806,17814,17585,17673,165942
05/04/2016,17678,17700,17526,17581,162200
05/05/2016,17575,17682,17536,17574,130181
05/06/2016,17569,17685,17475,17671,161221
05/09/2016,17673,17727,17595,17646,120192
05/10/2016,17646,17864,17605,17853,142357
05/11/2016,17828,17850,17656,17659,138964
05/12/2016,17664,17754,17573,17668,163400
05/13/2016,17669,17689,17459,17495,183037
05/16/2016,17468,17705,17421,17664,135180
05/17/2016,17659,17720,17423,17489,185539
05/18/2016,17497,17608,17383,17479,232529
05/19/2016,17491,17502,17297,17415,189903
05/20/2016,17415,17547,17403,17482,128694
05/23/2016,17504,17533,17431,17470,113793
05/24/2016,17469,17718,17436,17687,136098
05/25/2016,17696,17869,17680,17817,124625
05/26/2016,17828,17864,17777,17817,106963
05/27/2016,17825,17863,17802,17849,84723
05/31/2016,17873,17909,17708,17774,138981
06/01/2016,17773,17812,17648,17779,119690
06/02/2016,17775,17833,17692,17825,113523
06/03/2016,17821,17849,17677,17800,153492
06/06/2016,17808,17939,17779,17915,119862
06/07/2016,17915,17993,17903,17933,94989
06/08/2016,17935,18012,17903,17995,101974
06/09/2016,17894,17904,17813,17882,26815
06/10/2016,17891,17891,17713,17776,174686
06/13/2016,17723,17803,17622,17639,204479
06/14/2016,17620,17667,17500,17572,209569
06/15/2016,17560,17690,17531,17552,186258
06/16/2016,17552,17661,17374,17643,218679
06/17/2016,17635,17686,17505,17559,168089
06/20/2016,17639,17854,17639,17712,145413
06/21/2016,17752,17794,17702,17737,125876
06/22/2016,17729,17825,17673,17688,129606
06/23/2016,17737,17969,17737,17915,145954
06/24/2016,17986,18025,17182,17247,440328
06/27/2016,17185,17276,16961,16985,296661
06/28/2016,16979,17307,16979,17301,191253
06/29/2016,17302,17694,17255,17624,170563
06/30/2016,17670,17828,17557,17819,173079
07/01/2016,17789,17903,17762,17866,115502
07/05/2016,17880,17924,17689,17762,150836
07/06/2016,17772,17838,17618,17834,179302
07/07/2016,17825,17895,17726,17818,134784
07/08/2016,17819,18079,17782,18038,166591
07/11/2016,18044,18197,18033,18147,133935
07/12/2016,18151,18287,18134,18264,131748
07/13/2016,18268,18305,18222,18288,124219
07/14/2016,18288,18475,18266,18427,148861
07/15/2016,18421,18488,18345,18417,129046
07/18/2016,18425,18493,18410,18451,108256
07/19/2016,18461,18494,18401,18480,105405
07/20/2016,18497,18565,18456,18531,107705
07/21/2016,18530,18548,18394,18436,109859
07/22/2016,18440,18495,18417,18478,94200
07/25/2016,18488,18527,18378,18420,104711
07/26/2016,18428,18447,18311,18398,137652
07/27/2016,18427,18471,18353,18390,145046
07/28/2016,18410,18454,18293,18376,131774
07/29/2016,18378,18404,18296,18362,138941
08/01/2016,18409,18449,18279,18326,129503
08/02/2016,18343,18375,18170,18248,158889
08/03/2016,18248,18281,18188,18269,107918
08/04/2016,18274,18336,18251,18273,103806
08/05/2016,18275,18474,18273,18454,122773
08/08/2016,18458,18508,18436,18460,84638
08/09/2016,18466,18522,18442,18466,87302
08/10/2016,18470,18513,18417,18452,96005
08/11/2016,18450,18594,18433,18565,111156
08/12/2016,18565,18585,18486,18523,90678
08/15/2016,18533,18623,18525,18582,80678
08/16/2016,18588,18589,18507,18524,103472
08/17/2016,18534,18559,18443,18541,127972
08/18/2016,18552,18575,18505,18565,92435
08/19/2016,18566,18576,18469,18540,112215
08/22/2016,18544,18561,18442,18519,141866
08/23/2016,18519,18615,18506,18528,110672
08/24/2016,18537,18544,18427,18472,111882
08/25/2016,18470,18485,18406,18448,116870
08/26/2016,18451,18554,18311,18380,193964
08/29/2016,18380,18503,18352,18489,105443
08/30/2016,18493,18515,18401,18444,114677
08/31/2016,18453,18454,18324,18395,132594
09/01/2016,18393,18462,18286,18395,169678
09/02/2016,18395,18539,18378,18480,158496
09/06/2016,18489,18545,18437,18523,124962
09/07/2016,18535,18540,18469,18514,104364
09/08/2016,18440,18468,18357,18381,24759
09/09/2016,18351,18383,17943,17967,231998
09/12/2016,17946,18278,17822,18246,312986
09/13/2016,18222,18235,17948,18009,285892
09/14/2016,18024,18085,17906,17920,206688
09/15/2016,17934,18168,17882,18115,219404
09/16/2016,18100,18111,17982,18053,149887
09/19/2016,18058,18171,18004,18052,122943
09/20/2016,18058,18145,18031,18047,111843
09/21/2016,18037,18225,18011,18218,189572
09/22/2016,18215,18366,18193,18299,128681
09/23/2016,18297,18309,18165,18190,104660
09/26/2016,18172,18203,17993,18014,128492
09/27/2016,18011,18152,17959,18139,153632
09/28/2016,18127,18260,18090,18238,155607
09/29/2016,18232,18279,17999,18097,194374
09/30/2016,18074,18283,17989,18219,166300
10/03/2016,18203,18253,18108,18156,121065
10/04/2016,18164,18229,18022,18092,207369
10/05/2016,18085,18234,18054,18200,137416
10/06/2016,18192,18223,18076,18199,130210
10/07/2016,18192,18251,18061,18157,191030
10/10/2016,18182,18320,18171,18259,106058
10/11/2016,18264,18276,17968,18070,190865
10/12/2016,18056,18121,17991,18053,146994
10/13/2016,18019,18050,17868,18021,185060
10/14/2016,18017,18177,17988,18059,170631
10/17/2016,18050,18082,17973,18013,137630
10/18/2016,17990,18143,17976,18064,120223
10/19/2016,18059,18169,18031,18125,108311
10/20/2016,18127,18178,18047,18108,156282
10/21/2016,18095,18115,17965,18066,144869
10/24/2016,18080,18197,18061,18134,111904
10/25/2016,18138,18173,18067,18097,125524
10/26/2016,18073,18156,17975,18128,186078
10/27/2016,18127,18183,18065,18082,181633
10/28/2016,18096,18173,18010,18098,278900
10/31/2016,18065,18147,18032,18062,133450
11/01/2016,18080,18126,17856,17939,228082
11/02/2016,17935,17960,17825,17881,200698
11/03/2016,17862,17935,17821,17852,155396
11/04/2016,17844,17901,17799,17805,196117
11/07/2016,18000,18209,17983,18192,172027
11/08/2016,18188,18345,18129,18285,162218
11/09/2016,18304,18590,17418,18532,651872
11/10/2016,18533,18821,18492,18786,339145
11/11/2016,18765,18833,18682,18787,205161
11/14/2016,18806,18918,18762,18822,212519
11/15/2016,18821,18885,18756,18880,146311
11/16/2016,18874,18914,18793,18833,129349
11/17/2016,18833,18876,18812,18869,119808
11/18/2016,18870,18889,18823,18853,113076
11/21/2016,18852,18929,18834,18910,112690
11/22/2016,18919,19012,18912,18995,115567
11/23/2016,19000,19060,18975,19054,120477
11/25/2016,19065,19148,19032,19144,84532
11/28/2016,19125,19126,19042,19080,128399
11/29/2016,19087,19132,19059,19115,119176
11/30/2016,19119,19215,19100,19132,162273
12/01/2016,19143,19205,19113,19197,186012
12/02/2016,19189,19193,19133,19158,136560
12/05/2016,19110,19276,19083,19210,141710
12/06/2016,19214,19245,19176,19232,103826
12/07/2016,19237,19558,19218,19517,164281
12/08/2016,19453,19605,19431,19564,39771
12/09/2016,19561,19723,19556,19711,120230
12/12/2016,19708,19809,19686,19723,150068
12/13/2016,19731,19900,19714,19858,152246
12/14/2016,19858,19911,19690,19765,221584
12/15/2016,19763,19895,19742,19803,202529
12/16/2016,19815,19863,19763,19794,129984
12/19/2016,19800,19860,19792,19837,87037
12/20/2016,19838,19933,19833,19899,81800
12/21/2016,19916,19930,19872,19891,64397
12/22/2016,19875,19899,19830,19873,71706
12/23/2016,19867,19890,19845,19874,42113
12/27/2016,19863,19922,19860,19876,45577
12/28/2016,19880,19920,19769,19775,88829
12/29/2016,19779,19817,19729,19759,86353
12/30/2016,19770,19817,19661,19720,109475
01/03/2017,19757,19879,19703,19798,151885
01/04/2017,19798,19881,19787,19856,104361
01/05/2017,19865,19872,19733,19821,108860
01/06/2017,19821,19925,19760,19897,121917
01/09/2017,19887,19922,19816,19828,85834
01/10/2017,19826,19885,19765,19788,110885
01/11/2017,19798,19904,19757,19877,185272
01/12/2017,19880,19882,19692,19803,151822
01/13/2017,19807,19878,19772,19832,99768
01/17/2017,19828,19830,19698,19743,140716
01/18/2017,19746,19791,19669,19735,121032
01/19/2017,19728,19758,19607,19694,119383
01/20/2017,19652,19779,19652,19745,150968
01/23/2017,19746,19771,19666,19735,129845
01/24/2017,19725,19882,19718,19844,121989
01/25/2017,19851,20016,19847,20003,123956
01/26/2017,20003,20069,19991,20051,109273
01/27/2017,20051,20073,20005,20012,77803
01/30/2017,19969,19993,19800,19888,148335
01/31/2017,19883,19891,19713,19792,149470
02/01/2017,19814,19896,19774,19816,133901
02/02/2017,19826,19851,19735,19821,130390
02/03/2017,19818,20007,19783,19986,132981
02/06/2017,19992,20021,19932,19972,108426
02/07/2017,19966,20086,19957,20018,111316
02/08/2017,20006,20052,19966,20002,107592
02/09/2017,20010,20158,19982,20136,113826
02/10/2017,20133,20248,20127,20223,99922
02/13/2017,20233,20396,20226,20383,106394
02/14/2017,20382,20496,20346,20482,120445
02/15/2017,20482,20632,20468,20623,133210
02/16/2017,20617,20626,20536,20594,137885
02/17/2017,20594,20605,20506,20588,122287
02/21/2017,20583,20735,20568,20688,147852
02/22/2017,20693,20769,20667,20749,120216
02/23/2017,20762,20817,20724,20797,138561
02/24/2017,20784,20799,20695,20787,138230
02/27/2017,20777,20834,20748,20813,122654
02/28/2017,20808,20834,20769,20807,113242
03/01/2017,20836,21162,20810,21091,204334
03/02/2017,21074,21130,20972,21006,151866
03/03/2017,20984,21037,20926,20981,135151
03/06/2017,20975,20980,20894,20957,117681
03/07/2017,20925,20965,20893,20913,113939
03/08/2017,20910,20957,20837,20868,151456
03/09/2017,20813,20861,20742,20828,40951
03/10/2017,20832,20942,20786,20848,180278
03/13/2017,20852,20882,20806,20843,121530
03/14/2017,20837,20840,20745,20803,165058
03/15/2017,20820,20931,20805,20898,165569
03/16/2017,20885,20981,20843,20882,151026
03/17/2017,20882,20929,20857,20863,105018
03/20/2017,20851,20901,20824,20868,104838
03/21/2017,20855,20917,20603,20627,266691
03/22/2017,20600,20633,20525,20596,208619
03/23/2017,20589,20702,20561,20588,187184
03/24/2017,20599,20674,20476,20575,180188
03/27/2017,20527,20528,20356,20497,175580
03/28/2017,20525,20678,20459,20625,158903
03/29/2017,20635,20663,20563,20601,103586
03/30/2017,20597,20694,20570,20660,104368
03/31/2017,20666,20671,20596,20604,105486
04/03/2017,20599,20648,20451,20590,151669
04/04/2017,20580,20653,20512,20634,112384
04/05/2017,20658,20828,20557,20577,184153
04/06/2017,20571,20690,20512,20605,159505
04/07/2017,20620,20669,20462,20599,166432
04/10/2017,20609,20691,20551,20598,139608
04/11/2017,20606,20623,20448,20593,191207
04/12/2017,20596,20639,20490,20516,157299
04/13/2017,20498,20549,20388,20414,161544
04/17/2017,20380,20581,20373,20569,98949
04/18/2017,20562,20584,20394,20433,163328
04/19/2017,20424,20486,20311,20335,134881
04/20/2017,20335,20567,20328,20528,149080
04/21/2017,20530,20553,20443,20503,117723
04/24/2017,20599,20732,20599,20696,135562
04/25/2017,20696,20967,20686,20945,126509
04/26/2017,20930,21010,20900,20905,164795
04/27/2017,20900,20949,20871,20898,116450
04/28/2017,20896,20929,20859,20874,89493
05/01/2017,20894,20923,20829,20873,86530
05/02/2017,20871,20894,20836,20865,75155
05/03/2017,20856,20907,20805,20879,97914
05/04/2017,20872,20946,20775,20871,132693
05/05/2017,20876,20972,20813,20954,95622
05/08/2017,21001,21010,20902,20941,83336
05/09/2017,20943,20987,20875,20907,88501
05/10/2017,20891,20935,20841,20893,95700
05/11/2017,20887,20898,20760,20870,125739
05/12/2017,20873,20878,20826,20848,83758
05/15/2017,20856,20962,20846,20930,90412
05/16/2017,20940,20995,20894,20935,101235
05/17/2017,20936,20936,20581,20605,246950
05/18/2017,20566,20740,20474,20644,284802
05/19/2017,20640,20837,20622,20787,154499
05/22/2017,20788,20893,20766,20878,99247
05/23/2017,20888,20941,20837,20915,101974
05/24/2017,20907,20998,20894,20985,95790
05/25/2017,20997,21095,20987,21063,113070
05/26/2017,21055,21076,21020,21066,78293
05/30/2017,21070,21091,20998,21015,101700
05/31/2017,21020,21060,20929,21002,128420
06/01/2017,21031,21140,20986,21132,120297
06/02/2017,21136,21227,21125,21203,127109
06/05/2017,21185,21220,21164,21176,72057
06/06/2017,21177,21185,21114,21156,114810
06/07/2017,21145,21188,21108,21163,121187
06/08/2017,21121,21222,21090,21134,48429
06/09/2017,21109,21258,21081,21207,197719
06/12/2017,21212,21226,21139,21184,183267
06/13/2017,21179,21289,21176,21280,141476
06/14/2017,21282,21346,21246,21327,170404
06/15/2017,21322,21330,21218,21320,187622
06/16/2017,21314,21366,21264,21333,116376
06/19/2017,21367,21480,21349,21461,107501
06/20/2017,21471,21494,21416,21437,114957
06/21/2017,21422,21450,21341,21378,144469
06/22/2017,21362,21408,21342,21348,100300
06/23/2017,21350,21376,21282,21339,106186
06/26/2017,21320,21454,21308,21368,117059
06/27/2017,21365,21389,21265,21291,165483
06/28/2017,21268,21437,21253,21402,157387
06/29/2017,21427,21451,21138,21255,239968
06/30/2017,21264,21366,21232,21300,147374
07/03/2017,21306,21508,21306,21436,93477
07/05/2017,21420,21473,21348,21422,159867
07/06/2017,21420,21441,21257,21280,143721
07/07/2017,21279,21377,21264,21370,106494
07/10/2017,21359,21401,21315,21359,88382
07/11/2017,21352,21389,21226,21367,131431
07/12/2017,21381,21531,21359,21483,120415
07/13/2017,21483,21519,21459,21509,76753
07/14/2017,21515,21628,21470,21595,101194
07/17/2017,21596,21621,21561,21581,77044
07/18/2017,21589,21609,21416,21520,115609
07/19/2017,21518,21605,21503,21596,75838
07/20/2017,21581,21624,21525,21581,99138
07/21/2017,21579,21590,21451,21518,98870
07/24/2017,21515,21529,21444,21499,77342
07/25/2017,21495,21640,21482,21560,115421
07/26/2017,21563,21687,21547,21646,103284
07/27/2017,21636,21750,21632,21743,145893
07/28/2017,21740,21784,21684,21775,106336
07/31/2017,21775,21876,21749,21842,94740
08/01/2017,21857,21961,21850,21904,104872
08/02/2017,21932,22025,21912,21957,98542
08/03/2017,21972,21989,21928,21974,85530
08/04/2017,21981,22046,21956,22017,99367
08/07/2017,22022,22081,22019,22062,58492
08/08/2017,22066,22132,22009,22030,108182
08/09/2017,22023,22031,21961,22018,142068
08/10/2017,22029,22034,21799,21836,209507
08/11/2017,21817,21884,21790,21848,147335
08/14/2017,21851,21988,21851,21952,104805
08/15/2017,21957,22034,21942,21977,100758
08/16/2017,21988,22067,21969,22011,108643
08/17/2017,22015,22019,21690,21733,193644
08/18/2017,21716,21773,21622,21679,181899
08/21/2017,21689,21720,21579,21692,128742
08/22/2017,21699,21897,21694,21886,121880
08/23/2017,21886,21900,21779,21795,129593
08/24/2017,21793,21863,21745,21786,131401
08/25/2017,21798,21893,21757,21809,116022
08/28/2017,21802,21859,21750,21791,89951
08/29/2017,21751,21879,21644,21874,159945
08/30/2017,21872,21959,21832,21871,115725
08/31/2017,21886,21985,21874,21950,114407
09/01/2017,21976,22037,21966,21980,87130
09/05/2017,21885,21948,21703,21764,211617
09/06/2017,21781,21844,21740,21812,134473
09/07/2017,21745,21817,21711,21770,39095
09/08/2017,21769,21810,21679,21778,133204
09/11/2017,21835,22038,21817,22017,127443
09/12/2017,22033,22100,22022,22090,117504
09/13/2017,22104,22119,22054,22112,108235
09/14/2017,22118,22178,22075,22172,110839
09/15/2017,22175,22235,22128,22219,102050
09/18/2017,22227,22314,22223,22299,106599
09/19/2017,22299,22343,22296,22336,84470
09/20/2017,22344,22389,22274,22376,118814
09/21/2017,22372,22387,22317,22333,96180
09/22/2017,22326,22334,22258,22299,112069
09/25/2017,22300,22343,22174,22276,144993
09/26/2017,22283,22324,22235,22259,102488
09/27/2017,22250,22326,22208,22298,115420
09/28/2017,22288,22345,22237,22320,94355
09/29/2017,22319,22351,22281,22346,82473
10/02/2017,22355,22520,22347,22507,104284
10/03/2017,22512,22622,22500,22608,75523
10/04/2017,22610,22631,22580,22607,73327
10/05/2017,22597,22744,22596,22740,71116
10/06/2017,22730,22739,22680,22694,77797
10/09/2017,22676,22751,22676,22711,62206
10/10/2017,22707,22799,22706,22784,86327
10/11/2017,22780,22819,22758,22816,68158
10/12/2017,22813,22835,22770,22798,70452
10/13/2017,22786,22852,22779,22830,74008
10/16/2017,22825,22906,22821,22898,75403
10/17/2017,22895,22973,22886,22951,77237
10/18/2017,22964,23124,22961,23114,85637
10/19/2017,23113,23124,22951,23114,138863
10/20/2017,23115,23283,23106,23277,121588
10/23/2017,23272,23320,23214,23228,103260
10/24/2017,23220,23436,23220,23403,132148
10/25/2017,23389,23416,23203,23301,189234
10/26/2017,23311,23404,23289,23349,125498
10/27/2017,23356,23408,23297,23372,126170
10/30/2017,23361,23386,23274,23291,117371
10/31/2017,23290,23352,23269,23325,85154
11/01/2017,23334,23464,23320,23372,135446
11/02/2017,23359,23472,23289,23444,135674
11/03/2017,23455,23494,23416,23449,97920
11/06/2017,23444,23507,23407,23487,90269
11/07/2017,23501,23557,23414,23488,116835
11/08/2017,23461,23507,23434,23491,97478
11/09/2017,23491,23535,23260,23416,222954
11/10/2017,23403,23447,23338,23382,113940
11/13/2017,23397,23429,23288,23406,110344
11/14/2017,23398,23424,23231,23375,143451
11/15/2017,23366,23366,23205,23262,166036
11/16/2017,23260,23464,23244,23424,136359
11/17/2017,23416,23440,23305,23316,125397
11/20/2017,23318,23427,23241,23395,110122
11/21/2017,23398,23586,23375,23543,113831
11/22/2017,23550,23599,23476,23485,93770
11/24/2017,23485,23569,23432,23517,74052
11/27/2017,23515,23616,23475,23562,101427
11/28/2017,23563,23827,23522,23811,143563
11/29/2017,23804,23946,23790,23918,158617
11/30/2017,23918,24328,23892,24274,210841
12/01/2017,24235,24325,23924,24238,346046
12/04/2017,24346,24536,24265,24305,196164
12/05/2017,24294,24388,24154,24175,159349
12/06/2017,24177,24231,24083,24157,133152
12/07/2017,24169,24274,24086,24246,29478
12/08/2017,24255,24351,24232,24336,127659
12/11/2017,24350,24455,24337,24419,107631
12/12/2017,24460,24575,24416,24543,122118
12/13/2017,24543,24686,24485,24646,147617
12/14/2017,24650,24703,24532,24557,133926
12/15/2017,24537,24708,24536,24677,117089
12/18/2017,24703,24896,24693,24823,114155
12/19/2017,24825,24893,24730,24775,114531
12/20/2017,24772,24880,24706,24739,117525
12/21/2017,24736,24860,24714,24778,89253
12/22/2017,24793,24843,24729,24766,70790
12/26/2017,24779,24798,24707,24792,43677
12/27/2017,24792,24821,24762,24788,65184
12/28/2017,24791,24840,24784,24797,59438
12/29/2017,24808,24886,24667,24735,74016
01/02/2018,24735,24857,24716,24768,105418
01/03/2018,24796,24908,24768,24878,93398
01/04/2018,24884,25082,24878,25053,115656
01/05/2018,25067,25282,25059,25269,106856
01/08/2018,25272,25359,25210,25250,108698
01/09/2018,25246,25415,25238,25373,125138
01/10/2018,25354,25384,25222,25351,143641
01/11/2018,25351,25561,25330,25555,115640
01/12/2018,25539,25813,25531,25801,152582
01/16/2018,25813,26061,25682,25819,309926
01/17/2018,25828,26120,25775,26098,188028
01/18/2018,26084,26149,25912,25941,190652
01/19/2018,25944,26086,25876,26046,166335
01/22/2018,25981,26225,25944,26195,140635
01/23/2018,26201,26315,26135,26201,183153
01/24/2018,26185,26387,26087,26270,239662
01/25/2018,26265,26437,26210,26376,222390
01/26/2018,26381,26608,26381,26604,144791
01/29/2018,26584,26684,26416,26430,212388
01/30/2018,26417,26477,26005,26055,306912
01/31/2018,26045,26310,26026,26136,243904
02/01/2018,26162,26280,25922,26172,290184
02/02/2018,26172,26215,25410,25428,353206
02/05/2018,25431,25477,23691,23938,596827
02/06/2018,24087,24890,23088,24800,655987
02/07/2018,24742,25239,24503,24735,429666
02/08/2018,24716,24928,23800,23970,492406
02/09/2018,23969,24350,23325,24167,517874
02/12/2018,24251,24734,24218,24583,300836
02/13/2018,24573,24674,24371,24626,257768
02/14/2018,24629,24897,24280,24863,335702
02/15/2018,24859,25250,24792,25234,283559
02/16/2018,25230,25424,25113,25236,260426
02/20/2018,25228,25341,24866,24948,286769
02/21/2018,24951,25257,24724,24782,254310
02/22/2018,24783,25137,24576,25013,276484
02/23/2018,25019,25325,24996,25314,203948
02/26/2018,25328,25774,25300,25758,192591
02/27/2018,25758,25813,25388,25429,310010
02/28/2018,25411,25577,25018,25038,271877
03/01/2018,25090,25185,24431,24620,453185
03/02/2018,24616,24670,24204,24535,397142
03/05/2018,24483,24955,24311,24864,309960
03/06/2018,24885,25047,24695,24852,262663
03/07/2018,24659,24845,24410,24795,314554
03/08/2018,24814,24985,24736,24921,25548
03/09/2018,24919,25373,24873,25360,157641
03/12/2018,25364,25535,25180,25238,198055
03/13/2018,25230,25407,24966,25050,263454
03/14/2018,25016,25174,24688,24788,275678
03/15/2018,24805,25075,24693,24924,241672
03/16/2018,24944,25050,24848,24965,173972
03/19/2018,24976,24984,24461,24691,272836
03/20/2018,24671,24813,24608,24765,190952
03/21/2018,24769,24998,24660,24727,225022
03/22/2018,24732,24803,23932,23963,408367
03/23/2018,23999,24103,23496,23612,482624
03/26/2018,23609,24223,23551,24191,321554
03/27/2018,24201,24435,23691,23859,380198
03/28/2018,23854,24075,23707,23860,492033
03/29/2018,23889,24288,23797,24147,300100
04/02/2018,24097,24147,23306,23552,358651
04/03/2018,23609,24010,23545,23984,359073
04/04/2018,23981,24282,23361,24265,382535
04/05/2018,24250,24596,24234,24468,274168
04/06/2018,24483,24506,23700,23926,426617
04/09/2018,23948,24346,23911,24012,271313
04/10/2018,24004,24482,23947,24351,358832
04/11/2018,24360,24367,24062,24167,242696
04/12/2018,24176,24561,24141,24459,231525
04/13/2018,24453,24627,24206,24336,274751
04/16/2018,24444,24644,24381,24563,199910
04/17/2018,24560,24827,24550,24707,176912
04/18/2018,24699,24809,24673,24733,150510
04/19/2018,24742,24781,24514,24637,192290
04/20/2018,24633,24665,24338,24433,201071
04/23/2018,24542,24554,24290,24414,174321
04/24/2018,24431,24600,23786,23984,342249
04/25/2018,23998,24108,23782,24078,284650
04/26/2018,24116,24363,24013,24316,204755
04/27/2018,24311,24317,24147,24283,173590
04/30/2018,24279,24458,24099,24131,186410
05/01/2018,24106,24188,23753,24071,215013
05/02/2018,24092,24136,23797,23825,211176
05/03/2018,23820,23940,23467,23910,329134
05/04/2018,23904,24280,23721,24228,233146
05/07/2018,24226,24425,24204,24301,172201
05/08/2018,24284,24355,24135,24307,219324
05/09/2018,24293,24542,24267,24502,191821
05/10/2018,24509,24766,24472,24692,155974
05/11/2018,24677,24847,24675,24823,146145
05/14/2018,24811,24971,24811,24886,134517
05/15/2018,24868,24895,24603,24660,204096
05/16/2018,24676,24778,24614,24740,137023
05/17/2018,24741,24836,24631,24704,165080
05/18/2018,24704,24803,24655,24721,154088
05/21/2018,24854,25080,24854,25002,162324
05/22/2018,24997,25066,24805,24845,143053
05/23/2018,24836,24879,24627,24859,219951
05/24/2018,24849,24868,24584,24803,204225
05/25/2018,24804,24906,24674,24730,179745
05/29/2018,24825,24840,24227,24377,351107
05/30/2018,24398,24715,24325,24669,220229
05/31/2018,24636,24705,24342,24417,249110
06/01/2018,24440,24679,24419,24629,180922
06/04/2018,24619,24863,24571,24796,138703
06/05/2018,24808,24860,24709,24822,140335
06/06/2018,24828,25161,24812,25140,181641
06/07/2018,25175,25341,25137,25284,21424
06/08/2018,25278,25344,25093,25321,154649
06/11/2018,25300,25418,25257,25348,145524
06/12/2018,25341,25404,25258,25315,140449
06/13/2018,25340,25380,25204,25208,145830
06/14/2018,25207,25353,25149,25210,178514
06/15/2018,25218,25219,24908,25109,237224
06/18/2018,25074,25148,24839,25016,163171
06/19/2018,25001,25017,24569,24715,268359
06/20/2018,24715,24858,24632,24670,181063
06/21/2018,24673,24795,24403,24472,237197
06/22/2018,24457,24664,24445,24599,156280
06/25/2018,24599,24615,24077,24279,310488
06/26/2018,24283,24375,24216,24303,197417
06/27/2018,24279,24564,24079,24135,311825
06/28/2018,24144,24295,23978,24220,263092
06/29/2018,24247,24496,24207,24265,207529
07/02/2018,24274,24324,24026,24286,199515
07/03/2018,24298,24445,24128,24163,134117
07/05/2018,24160,24364,24114,24343,203143
07/06/2018,24319,24507,24241,24456,167508
07/09/2018,24457,24791,24453,24774,142170
07/10/2018,24780,24937,24745,24927,160488
07/11/2018,24752,24805,24611,24689,220425
07/12/2018,24710,24927,24680,24894,168031
07/13/2018,24903,25028,24869,25004,140813
07/16/2018,25025,25090,24962,25041,108198
07/17/2018,25056,25141,24971,25106,139246
07/18/2018,25118,25197,25081,25161,108762
07/19/2018,25164,25209,25034,25059,141010
07/20/2018,25057,25110,24912,25030,140862
07/23/2018,25088,25088,24952,25033,114420
07/24/2018,25027,25268,25022,25214,183688
07/25/2018,25216,25451,25088,25403,183826
07/26/2018,25437,25568,25392,25525,156245
07/27/2018,25505,25572,25348,25414,193666
07/30/2018,25422,25475,25264,25285,152238
07/31/2018,25304,25486,25272,25395,148713
08/01/2018,25472,25472,25247,25289,142699
08/02/2018,25313,25332,25087,25305,155369
08/03/2018,25327,25437,25260,25410,115235
08/06/2018,25424,25508,25346,25468,96912
08/07/2018,25473,25661,25460,25600,108087
08/08/2018,25620,25632,25501,25536,97164
08/09/2018,25505,25603,25459,25493,96582
08/10/2018,25478,25490,25215,25331,174813
08/13/2018,25333,25371,25141,25215,166859
08/14/2018,25224,25334,25192,25294,122398
08/15/2018,25318,25318,24955,25187,222573
08/16/2018,25209,25608,25147,25592,170510
08/17/2018,25578,25731,25506,25674,148677
08/20/2018,25703,25791,25663,25758,102374
08/21/2018,25754,25885,25721,25807,106828
08/22/2018,25733,25836,25677,25717,120095
08/23/2018,25731,25767,25607,25671,127109
08/24/2018,25682,25828,25653,25792,111236
08/27/2018,25809,26089,25805,26077,108051
08/28/2018,26079,26156,26044,26085,110164
08/29/2018,26092,26185,26050,26147,104664
08/30/2018,26155,26168,25946,26010,141399
08/31/2018,25974,26049,25896,25988,133119
09/04/2018,26021,26080,25817,25985,180653
09/05/2018,26000,26026,25841,25973,173923
09/06/2018,25990,26100,25894,26025,201868
09/07/2018,26003,26038,25833,25959,205538
09/10/2018,25940,26061,25874,25905,145079
09/11/2018,25897,26038,25764,26002,153176
09/12/2018,26008,26164,25940,26014,198741
09/13/2018,26015,26224,26002,26184,28550
09/14/2018,26191,26261,26104,26185,130785
09/17/2018,26189,26222,26067,26102,146163
09/18/2018,26102,26357,25991,26301,163216
09/19/2018,26322,26504,26265,26462,163811
09/20/2018,26486,26745,26457,26727,163186
09/21/2018,26714,26820,26712,26754,145572
09/24/2018,26709,26739,26577,26610,148656
09/25/2018,26621,26704,26501,26520,136466
09/26/2018,26524,26627,26369,26419,152942
09/27/2018,26417,26576,26357,26473,163378
09/28/2018,26498,26534,26347,26476,176993
10/01/2018,26524,26754,26516,26678,164208
10/02/2018,26685,26837,26552,26807,164667
10/03/2018,26813,26966,26776,26872,166493
10/04/2018,26832,26832,26483,26652,266898
10/05/2018,26671,26736,26311,26492,273816
10/08/2018,26520,26549,26226,26544,222641
10/09/2018,26531,26562,26337,26481,235037
10/10/2018,26472,26522,25431,25519,413483
10/11/2018,25456,25680,24893,25185,696205
10/12/2018,25209,25545,24990,25316,436511
10/15/2018,25344,25471,25111,25201,294513
10/16/2018,25166,25805,25166,25782,250411
10/17/2018,25725,25845,25461,25736,270453
10/18/2018,25704,25726,25217,25381,314790
10/19/2018,25383,25596,25338,25428,266017
10/22/2018,25369,25566,25220,25294,229965
10/23/2018,25297,25310,24750,25244,344634
10/24/2018,25240,25338,24511,24616,348985
10/25/2018,24724,25079,24571,24877,321207
10/26/2018,24804,24885,24415,24746,429436
10/29/2018,24715,25007,24086,24431,371503
10/30/2018,24368,24900,24330,24859,345523
10/31/2018,24882,25303,24823,25077,246406
11/01/2018,25047,25362,25046,25325,214660
11/02/2018,25208,25684,25035,25241,303688
11/05/2018,25220,25465,25131,25441,175812
11/06/2018,25442,25660,25365,25641,152627
11/07/2018,25621,26198,25534,26182,245257
11/08/2018,26182,26268,26069,26200,177079
11/09/2018,26183,26236,25874,25973,206676
11/12/2018,25975,26096,25334,25381,247423
11/13/2018,25405,25566,25181,25330,276955
11/14/2018,25368,25489,24922,25044,294560
11/15/2018,25073,25349,24782,25305,350722
11/16/2018,25311,25505,25096,25451,238821
11/19/2018,25385,25492,24890,25029,248295
11/20/2018,25026,25042,24355,24437,338527
11/21/2018,24434,24659,24382,24465,200252
11/23/2018,24478,24541,24246,24260,170515
11/26/2018,24275,24664,24270,24599,189542
11/27/2018,24504,24781,24404,24742,231349
11/28/2018,24772,25370,24727,25344,248227
11/29/2018,25325,25483,25206,25391,195522
11/30/2018,25378,25602,25223,25539,166950
12/03/2018,25813,26088,25685,25846,246839
12/04/2018,25840,25840,24999,25046,333857
12/05/2018,25023,25190,25005,25046,45284
12/06/2018,25133,25141,24256,24907,487528
12/07/2018,24918,25114,24297,24432,396882
12/10/2018,24313,24517,23894,24490,431653
12/11/2018,24475,24823,24231,24422,347238
12/12/2018,24352,24844,24336,24566,282640
12/13/2018,24585,24770,24500,24588,32589
12/14/2018,24606,24627,24057,24128,194408
12/17/2018,24018,24241,23476,23685,269206
12/18/2018,23703,23949,23533,23609,301191
12/19/2018,23575,24080,23170,23313,330149
12/20/2018,23313,23436,22639,22997,465503
12/21/2018,23040,23249,22369,22407,423386
12/24/2018,22379,22572,21681,21700,247770
12/26/2018,21730,22969,21452,22898,359441
12/27/2018,22875,23200,22242,23153,359456
12/28/2018,23118,23372,22957,23035,314933
12/31/2018,23134,23352,23090,23268,173053
01/02/2019,23320,23417,22786,23325,315923
01/03/2019,23065,23123,22615,22659,346019
01/04/2019,22708,23504,22563,23395,319210
01/07/2019,23470,23668,23279,23512,238574
01/08/2019,23530,23848,23497,23743,246033
01/09/2019,23724,23966,23712,23830,235891
01/10/2019,23826,23999,23640,23953,228649
01/11/2019,23958,23994,23765,23950,173553
01/14/2019,23919,23937,23696,23867,163417
01/15/2019,23867,24073,23825,23984,224202
01/16/2019,23981,24259,23959,24151,184061
01/17/2019,24160,24449,24010,24321,201765
01/18/2019,24336,24745,24298,24687,214682
01/22/2019,24690,24702,24216,24390,280459
01/23/2019,24390,24673,24276,24551,250043
01/24/2019,24512,24608,24386,24458,209709
01/25/2019,24476,24830,24458,24696,193962
01/28/2019,24665,24712,24284,24473,210986
01/29/2019,24458,24638,24350,24553,180579
01/30/2019,24635,25068,24540,24968,242154
01/31/2019,24931,25046,24796,24976,230827
02/01/2019,25015,25143,24933,24996,200535
02/04/2019,24939,25198,24924,25188,140106
02/05/2019,25170,25374,25141,25324,159440
02/06/2019,25325,25387,25257,25327,157030
02/07/2019,25311,25331,24965,25131,274561
02/08/2019,25118,25124,24862,25081,221599
02/11/2019,25089,25226,24981,25017,183968
02/12/2019,25012,25439,25002,25406,172650
02/13/2019,25396,25606,25385,25488,170326
02/14/2019,25496,25622,25304,25427,241761
02/15/2019,25407,25907,25275,25888,216360
02/19/2019,25886,25957,25789,25883,206825
02/20/2019,25880,25985,25825,25964,187898
02/21/2019,25964,26082,25753,25833,207240
02/22/2019,25833,26044,25805,26002,178984
02/25/2019,26074,26238,26040,26099,175462
02/26/2019,26096,26150,25954,26037,194075
02/27/2019,26009,26056,25872,26008,174322
02/28/2019,26028,26028,25878,25913,179959
03/01/2019,25923,26143,25894,26031,177022
03/04/2019,26107,26171,25605,25814,293705
03/05/2019,25809,25890,25721,25827,172953
03/06/2019,25790,25832,25625,25666,198158
03/07/2019,25684,25741,25371,25503,25738
03/08/2019,25496,25555,25246,25528,186090
03/11/2019,25476,25728,25251,25690,197751
03/12/2019,25704,25794,25547,25589,191462
03/13/2019,25611,25813,25495,25769,203484
03/14/2019,25787,25829,25653,25743,159714
03/15/2019,25744,25961,25678,25899,211797
03/18/2019,25862,25976,25810,25965,138471
03/19/2019,25967,26145,25847,25906,201555
03/20/2019,25913,25967,25696,25729,235252
03/21/2019,25702,26044,25608,26011,227962
03/22/2019,25982,26036,25529,25570,291375
03/25/2019,25573,25647,25377,25577,248236
03/26/2019,25596,25822,25561,25676,199333
03/27/2019,25676,25781,25441,25660,242937
03/28/2019,25622,25762,25526,25737,181851
03/29/2019,25730,25964,25723,25933,191038
04/01/2019,25976,26288,25976,26258,158713
04/02/2019,26235,26280,26126,26153,155142
04/03/2019,26146,26302,26133,26240,175360
04/04/2019,26292,26410,26196,26388,173294
04/05/2019,26388,26509,26362,26394,157532
04/08/2019,26389,26412,26248,26334,133521
04/09/2019,26345,26349,26104,26158,156731
04/10/2019,26144,26233,26107,26166,132461
04/11/2019,26189,26229,26060,26133,156461
04/12/2019,26153,26441,26141,26408,172671
04/15/2019,26406,26476,26317,26373,135953
04/16/2019,26390,26554,26377,26447,189117
04/17/2019,26430,26518,26383,26428,182978
04/18/2019,26434,26599,26311,26566,181027
04/22/2019,26565,26629,26448,26513,122912
04/23/2019,26521,26689,26462,26639,165638
04/24/2019,26651,26694,26518,26541,139857
04/25/2019,26536,26577,26292,26440,189570
04/26/2019,26415,26530,26346,26517,168330
04/29/2019,26500,26584,26484,26548,117095
04/30/2019,26562,26653,26398,26584,186152
05/01/2019,26646,26691,26333,26390,178492
05/02/2019,26339,26461,26148,26265,258245
05/03/2019,26273,26518,26245,26499,169171
05/06/2019,26284,26447,25932,26405,282576
05/07/2019,26220,26394,25751,25973,378147
05/08/2019,25947,26079,25799,26014,306195
05/09/2019,25983,25994,25500,25816,364960
05/10/2019,25796,26016,25464,25964,365429
05/13/2019,25764,25818,25215,25281,357279
05/14/2019,25278,25677,25217,25570,250534
05/15/2019,25569,25714,25326,25674,255281
05/16/2019,25670,25955,25554,25867,232025
05/17/2019,25879,25949,25628,25780,279346
05/20/2019,25776,25901,25554,25696,246483
05/21/2019,25719,25895,25711,25875,208634
05/22/2019,25860,25904,25733,25771,196584
05/23/2019,25779,25779,25320,25463,300183
05/24/2019,25494,25664,25457,25620,199669
05/28/2019,25609,25717,25330,25369,262852
05/29/2019,25355,25377,24937,25109,300809
05/30/2019,25106,25218,25057,25190,202295
05/31/2019,25178,25191,24789,24820,276416
06/03/2019,24743,24938,24610,24869,322942
06/04/2019,24917,25364,24825,25346,251904
06/05/2019,25349,25573,25344,25558,219206
06/06/2019,25530,25807,25437,25745,202029
06/07/2019,25701,26085,25683,26007,202024
06/10/2019,26150,26289,26048,26086,183856
06/11/2019,26100,26261,26009,26065,181046
06/12/2019,26064,26098,25961,26012,153257
06/13/2019,26031,26156,25897,26121,18937
06/14/2019,26139,26182,26008,26128,128234
06/17/2019,26129,26218,26064,26138,125744
06/18/2019,26158,26550,26074,26504,203538
06/19/2019,26480,26588,26431,26536,192171
06/20/2019,26521,26812,26514,26774,213105
06/21/2019,26757,26922,26671,26697,202876
06/24/2019,26674,26815,26662,26762,136483
06/25/2019,26758,26827,26539,26562,216578
06/26/2019,26567,26703,26509,26550,180306
06/27/2019,26521,26665,26445,26546,172212
06/28/2019,26563,26672,26521,26593,158038
07/01/2019,26816,26896,26609,26700,202630
07/02/2019,26695,26805,26621,26797,163500
07/03/2019,26798,26982,26750,26970,119169
07/05/2019,26973,27009,26728,26885,199744
07/08/2019,26890,26924,26742,26793,147096
07/09/2019,26794,26807,26657,26779,150793
07/10/2019,26782,26983,26688,26860,209429
07/11/2019,26859,27092,26851,27077,184871
07/12/2019,27072,27330,27070,27309,146896
07/15/2019,27303,27397,27263,27342,129820
07/16/2019,27346,27396,27280,27328,134696
07/17/2019,27318,27377,27184,27231,135792
07/18/2019,27164,27304,27057,27201,190637
07/19/2019,27305,27342,27071,27130,193792
07/22/2019,27106,27216,27078,27176,144409
07/23/2019,27174,27358,27159,27324,137719
07/24/2019,27306,27346,27175,27237,155965
07/25/2019,27250,27349,27040,27096,196815
07/26/2019,27084,27193,27077,27149,119812
07/29/2019,27143,27255,27112,27198,111350
07/30/2019,27218,27252,27042,27164,148117
07/31/2019,27208,27258,26693,26855,239800
08/01/2019,26750,27147,26512,26543,354565
08/02/2019,26517,26663,26213,26449,357480
08/05/2019,26431,26460,25475,25550,399217
08/06/2019,25458,25998,25032,25924,356709
08/07/2019,25897,26035,25392,25940,352239
08/08/2019,25935,26373,25846,26365,228936
08/09/2019,26286,26394,26074,26268,259301
08/12/2019,26263,26353,25803,25867,215254
08/13/2019,25872,26408,25750,26314,291674
08/14/2019,26302,26352,25410,25455,340944
08/15/2019,25373,25707,25226,25575,326623
08/16/2019,25585,25929,25576,25907,196334
08/19/2019,25912,26237,25912,26118,152096
08/20/2019,26102,26198,25885,25931,157400
08/21/2019,25883,26265,25872,26226,139879
08/22/2019,26244,26375,26086,26225,175622
08/23/2019,26225,26347,25492,25670,339203
08/26/2019,25462,25986,25266,25943,279427
08/27/2019,25924,26069,25711,25744,236943
08/28/2019,25756,26044,25620,26037,210924
08/29/2019,25992,26407,25930,26378,187180
08/30/2019,26366,26559,26299,26406,191957
09/03/2019,26243,26372,25977,26122,286417
09/04/2019,26102,26388,26083,26372,176054
09/05/2019,26372,26844,26355,26701,222265
09/06/2019,26688,26869,26686,26808,142711
09/09/2019,26807,26913,26771,26840,136590
09/10/2019,26853,26919,26717,26894,171654
09/11/2019,26901,27169,26849,27144,158602
09/12/2019,27142,27301,27097,27184,22440
09/13/2019,27188,27312,27180,27214,117203
09/16/2019,27120,27174,27009,27080,143151
09/17/2019,27112,27135,26982,27110,129300
09/18/2019,27115,27182,26900,27143,144191
09/19/2019,27170,27262,26991,27078,143859
09/20/2019,27082,27176,26875,26894,158277
09/23/2019,26923,27045,26803,26963,147365
09/24/2019,27006,27112,26686,26818,240008
09/25/2019,26833,27015,26715,26958,199414
09/26/2019,26962,27042,26782,26892,184044
09/27/2019,26896,26992,26689,26796,224250
09/30/2019,26898,26971,26804,26901,131797
10/01/2019,26961,27040,26515,26521,204735
10/02/2019,26553,26617,25931,25985,240232
10/03/2019,26003,26186,25703,26180,271794
10/04/2019,26160,26549,26060,26525,188281
10/07/2019,26372,26615,26339,26439,155862
10/08/2019,26418,26549,26092,26138,234008
10/09/2019,26139,26400,26086,26305,165144
10/10/2019,26322,26599,25983,26484,219328
10/11/2019,26544,26975,26496,26775,237243
10/14/2019,26761,26894,26637,26746,123162
10/15/2019,26751,27079,26750,27002,153083
10/16/2019,27000,27017,26890,26940,137346
10/17/2019,26933,27088,26876,26993,144360
10/18/2019,26995,27023,26726,26754,147824
10/21/2019,26725,26837,26701,26797,112065
10/22/2019,26798,26904,26715,26763,143610
10/23/2019,26752,26852,26588,26802,147111
10/24/2019,26819,26872,26655,26780,152055
10/25/2019,26776,26967,26710,26904,129494
10/28/2019,26931,27120,26926,27053,137575
10/29/2019,27062,27111,26967,27042,125026
10/30/2019,27053,27230,26940,27132,146042
10/31/2019,27172,27180,26847,26982,197544
11/01/2019,26992,27278,26959,27259,156682
11/04/2019,27278,27450,27274,27380,135057
11/05/2019,27402,27493,27366,27421,126855
11/06/2019,27420,27470,27337,27430,129297
11/07/2019,27454,27739,27390,27667,159355
11/08/2019,27672,27717,27541,27631,125901
11/11/2019,27645,27673,27470,27658,123436
11/12/2019,27658,27732,27597,27663,134410
11/13/2019,27661,27771,27524,27761,160990
11/14/2019,27772,27806,27633,27746,143715
11/15/2019,27750,27971,27736,27953,136161
11/18/2019,27960,28059,27926,28008,127718
11/19/2019,28013,28128,27851,27895,151389
11/20/2019,27884,27884,27643,27800,189292
11/21/2019,27726,27846,27654,27748,163143
11/22/2019,27754,27884,27722,27862,127996
11/25/2019,27927,28045,27904,28039,96942
11/26/2019,28025,28149,27999,28130,118715
11/27/2019,28122,28173,28058,28148,99873
11/29/2019,28150,28158,28042,28073,100093
12/02/2019,28082,28197,27772,27789,226061
12/03/2019,27788,27847,27312,27487,260953
12/04/2019,27478,27727,27397,27643,182074
12/05/2019,27644,27773,27558,27678,164776
12/06/2019,27688,28039,27675,28014,149889
12/09/2019,28020,28047,27878,27902,109241
12/10/2019,27901,27959,27726,27921,164907
12/11/2019,27924,27981,27804,27924,140780
12/12/2019,27927,28225,27853,28130,21589
12/13/2019,28171,28307,28041,28165,210238
12/16/2019,28188,28350,28154,28263,145650
12/17/2019,28263,28345,28181,28284,149803
12/18/2019,28267,28335,28245,28281,117720
12/19/2019,28290,28423,28254,28401,139569
12/20/2019,28415,28526,28377,28482,145444
12/23/2019,28491,28583,28475,28550,93613
12/24/2019,28560,28588,28499,28508,44128
12/26/2019,28518,28624,28510,28619,59115
12/27/2019,28603,28721,28596,28610,119339
12/30/2019,28618,28660,28403,28440,165288
12/31/2019,28427,28553,28341,28508,127526
01/02/2020,28553,28871,28538,28841,183583
01/03/2020,28844,28893,28431,28602,243423
01/06/2020,28494,28700,28351,28642,218793
01/07/2020,28636,28739,28446,28526,198208
01/08/2020,28502,28833,28084,28770,337249
01/09/2020,28772,28953,28745,28929,181585
01/10/2020,28930,29022,28751,28777,183361
01/13/2020,28775,28907,28775,28871,141633
01/14/2020,28874,29015,28737,28934,232554
01/15/2020,28934,29090,28838,29029,224025
01/16/2020,29034,29263,29032,29240,152873
01/17/2020,29245,29362,29242,29279,170070
01/21/2020,29280,29318,29108,29179,238628
01/22/2020,29177,29309,29093,29140,192697
01/23/2020,29112,29150,28924,29127,232278
01/24/2020,29129,29241,28796,28933,300055
01/27/2020,28720,28732,28405,28481,363768
01/28/2020,28479,28780,28471,28710,261243
01/29/2020,28736,28888,28650,28710,235907
01/30/2020,28718,28843,28432,28791,347453
01/31/2020,28838,28881,28105,28196,367032
02/03/2020,28159,28573,28136,28361,269200
02/04/2020,28366,28847,28287,28789,222741
02/05/2020,28776,29275,28692,29241,276317
02/06/2020,29248,29475,29186,29328,238290
02/07/2020,29357,29367,29006,29044,224295
02/10/2020,29021,29250,28850,29245,198764
02/11/2020,29237,29395,29162,29229,198861
02/12/2020,29261,29538,29209,29523,172696
02/13/2020,29529,29543,29245,29432,220172
02/14/2020,29446,29519,29267,29395,174535
02/18/2020,29384,29476,29100,29211,268667
02/19/2020,29240,29397,29232,29337,153041
02/20/2020,29366,29434,28931,29171,288117
02/21/2020,29154,29176,28871,28981,321984
02/24/2020,28745,28754,27887,27968,503595
02/25/2020,27927,28234,26976,27117,571418
02/26/2020,27124,27519,26692,26914,588272
02/27/2020,26820,26977,25500,25552,689083
02/28/2020,25522,25772,24675,25364,731986
03/02/2020,25196,26711,24851,26468,637915
03/03/2020,26562,27059,25679,25880,607045
03/04/2020,25809,27075,25688,26965,381744
03/05/2020,26921,26973,25915,26060,461258
03/06/2020,26143,26282,25193,25789,578672
03/09/2020,25356,25356,23549,23877,335681
03/10/2020,23727,25020,23424,24849,523496
03/11/2020,24838,24890,23300,23575,495349
03/12/2020,23415,23709,20706,20944,24896
03/13/2020,20678,23022,20230,22839,230212
03/16/2020,22705,22708,19975,20261,137995
03/17/2020,20252,21248,19736,20860,255851
03/18/2020,20715,20845,18766,19853,228910
03/19/2020,19900,20393,18834,19875,239922
03/20/2020,19583,20882,18825,19040,285733
03/23/2020,18504,19804,18086,18497,308160
03/24/2020,18584,20710,18584,20608,287349
03/25/2020,20679,21892,20279,21026,334528
03/26/2020,21058,22449,20510,22348,335334
03/27/2020,22520,22545,21316,21437,255567
03/30/2020,20926,22239,20778,22167,195929
03/31/2020,22186,22386,21641,21751,173680
04/01/2020,21702,21702,20648,20740,207275
04/02/2020,20819,21374,20500,21273,247194
04/03/2020,21272,21352,20740,20957,169298
04/06/2020,20944,22663,20944,22488,222337
04/07/2020,22496,23477,22300,22491,275755
04/08/2020,22479,23394,22244,23246,238333
04/09/2020,23298,23889,23020,23618,262866
04/13/2020,23839,23911,22968,23309,159039
04/14/2020,23320,23922,23250,23880,174571
04/15/2020,23911,23967,23103,23391,184465
04/16/2020,23332,23767,23079,23407,236013
04/17/2020,24072,24327,23701,24159,230908
04/20/2020,24088,24203,23441,23488,208145
04/21/2020,23457,23682,22814,22929,249722
04/22/2020,22976,23503,22815,23356,179294
04/23/2020,23375,23772,23231,23337,211387
04/24/2020,23332,23730,23155,23658,169037
04/27/2020,23647,24100,23535,23999,143528
04/28/2020,24015,24435,23878,24045,192238
04/29/2020,24036,24688,23971,24566,178479
04/30/2020,24676,24792,24072,24230,204630
05/01/2020,24052,24078,23530,23619,169428
05/04/2020,23364,23658,23208,23571,157510
05/05/2020,23587,24057,23577,23761,177193
05/06/2020,23762,23995,23497,23513,179243
05/07/2020,23493,23999,23428,23843,169833
05/08/2020,23855,24327,23849,24286,155429
05/11/2020,24228,24471,23973,24124,175632
05/12/2020,24105,24293,23468,23574,209788
05/13/2020,23494,23780,22980,23166,308738
05/14/2020,23232,23592,22704,23534,328589
05/15/2020,23526,23677,23241,23517,272073
05/18/2020,23600,24640,23538,24507,209126
05/19/2020,24479,24765,24120,24158,235950
05/20/2020,24125,24583,24076,24519,192898
05/21/2020,24545,24660,24300,24376,213835
05/22/2020,24377,24506,24101,24424,194131
05/26/2020,24411,25127,24376,25002,252113
05/27/2020,25007,25572,24913,25534,251034
05/28/2020,25543,25794,25311,25457,230294
05/29/2020,25448,25500,24991,25378,268908
06/01/2020,25231,25519,25089,25463,175632
06/02/2020,25458,25720,25291,25701,174040
06/03/2020,25701,26328,25679,26228,181751
06/04/2020,26265,26368,26056,26253,227967
06/05/2020,26283,27325,26212,27072,291751
06/08/2020,27124,27563,27031,27527,191224
06/09/2020,27562,27624,27126,27264,222341
06/10/2020,27257,27488,26901,26961,266709
06/11/2020,26832,26850,24934,25031,15536
06/12/2020,25063,25816,24934,25398,212236
06/15/2020,25042,25753,24409,25675,269965
06/16/2020,25717,26658,25660,26193,340025
06/17/2020,26130,26494,25923,26025,216527
06/18/2020,26020,26148,25617,25899,223584
06/19/2020,25902,26320,25509,25529,257949
06/22/2020,25370,25987,25230,25953,176355
06/23/2020,25955,26294,25514,26020,200223
06/24/2020,25986,26134,25159,25393,281371
06/25/2020,25379,25659,25003,25596,263063
06/26/2020,25540,25653,24837,24950,261972
06/29/2020,24777,25543,24743,25497,225691
06/30/2020,25479,25772,25301,25689,200320
07/01/2020,25653,25893,25381,25575,218368
07/02/2020,25549,26088,25515,25759,201493
07/06/2020,25723,26197,25438,26179,255602
07/07/2020,26167,26280,25741,25770,192273
07/08/2020,25770,25999,25661,25969,209659
07/09/2020,25995,26029,25397,25571,239986
07/10/2020,25589,26003,25293,25977,229539
07/13/2020,26025,26524,25914,25968,265051
07/14/2020,25986,26575,25874,26491,296495
07/15/2020,26644,27063,26571,26765,242949
07/16/2020,26814,26858,26465,26553,198313
07/17/2020,26565,26724,26502,26520,151716
07/20/2020,26541,26655,26330,26633,168308
07/21/2020,26625,26925,26590,26726,173817
07/22/2020,26727,26928,26526,26884,162999
07/23/2020,26885,27057,26449,26543,193084
07/24/2020,26548,26615,26290,26322,178319
07/27/2020,26275,26523,26232,26484,141718
07/28/2020,26512,26599,26252,26297,147516
07/29/2020,26295,26500,26187,26440,138125
07/30/2020,26454,26477,25881,26218,214147
07/31/2020,26414,26457,25905,26319,234598
08/03/2020,26400,26603,26197,26558,140685
08/04/2020,26561,26744,26439,26717,145516
08/05/2020,26749,27114,26666,27055,155148
08/06/2020,27067,27301,26924,27285,177413
08/07/2020,27292,27371,27105,27333,188194
08/10/2020,27364,27713,27260,27679,169115
08/11/2020,27690,28069,27532,27614,236391
08/12/2020,27700,27963,27612,27866,162035
08/13/2020,27858,27933,27708,27823,141138
08/14/2020,27828,27911,27592,27792,149271
08/17/2020,27840,27928,27736,27775,111616
08/18/2020,27779,27904,27596,27717,142732
08/19/2020,27744,27855,27560,27632,159840
08/20/2020,27645,27717,27392,27669,161159
08/21/2020,27676,27904,27473,27859,175143
08/24/2020,27900,28266,27877,28239,157196
08/25/2020,28244,28480,28042,28193,184066
08/26/2020,28215,28339,28095,28312,144026
08/27/2020,28312,28590,28181,28468,210284
08/28/2020,28515,28718,28442,28611,146523
08/31/2020,28679,28783,28333,28416,187254
09/01/2020,28379,28654,28257,28622,165105
09/02/2020,28637,29152,28611,29090,213540
09/03/2020,29076,29180,28052,28351,328250
09/04/2020,28301,28592,27643,28074,386498
09/08/2020,28136,28404,27440,27525,383743
09/09/2020,27376,28196,27185,27972,220385
09/10/2020,27845,28033,27313,27426,16844
09/11/2020,27468,27709,27318,27493,185655
09/14/2020,27576,27968,27576,27871,159725
09/15/2020,27851,28128,27808,27908,149422
09/16/2020,27910,28251,27846,27937,149813
09/17/2020,27960,27995,27426,27819,236969
09/18/2020,27785,27880,27369,27602,214161
09/21/2020,27568,27663,26584,27055,264286
09/22/2020,27000,27207,26858,27143,199343
09/23/2020,27219,27392,26586,26685,235983
09/24/2020,26690,26971,26407,26715,254511
09/25/2020,26772,27123,26424,27043,212444
09/28/2020,27060,27600,27060,27482,181940
09/29/2020,27498,27619,27213,27408,175150
09/30/2020,27354,27904,27039,27664,297638
10/01/2020,27606,27962,27543,27689,267513
10/02/2020,27680,27741,27109,27565,279505
10/05/2020,27740,28042,27646,27995,169813
10/06/2020,28010,28232,27531,27700,287020
10/07/2020,27568,28250,27539,28179,193674
10/08/2020,28179,28452,28151,28310,179037
10/09/2020,28378,28570,28324,28518,169760
10/12/2020,28518,28846,28433,28798,173932
10/13/2020,28807,28824,28485,28585,217669
10/14/2020,28577,28726,28343,28414,198474
10/15/2020,28405,28454,28025,28386,222120
10/16/2020,28417,28732,28332,28408,174348
10/19/2020,28496,28669,28025,28100,156936
10/20/2020,28182,28466,28048,28182,170395
10/21/2020,28187,28378,28077,28134,170677
10/22/2020,28130,28313,27896,28268,152049
10/23/2020,28313,28392,28045,28189,131737
10/26/2020,28150,28150,27259,27581,231099
10/27/2020,27581,27713,27232,27365,177038
10/28/2020,27241,27267,26390,26409,335786
10/29/2020,26482,26803,26162,26557,288636
10/30/2020,26303,26533,25953,26394,298851
11/02/2020,26372,26938,26172,26796,218401
11/03/2020,26852,27534,26807,27376,179266
11/04/2020,27401,28194,26903,27735,309164
11/05/2020,27832,28390,27648,28297,193707
11/06/2020,28319,28457,27966,28204,206662
11/09/2020,28386,30000,28328,29048,313050
11/10/2020,29092,29389,28781,29319,227543
11/11/2020,29360,29570,29184,29311,167386
11/12/2020,29366,29367,28815,28992,185689
11/13/2020,29060,29483,28858,29410,153783
11/16/2020,29435,29998,29435,29865,164292
11/17/2020,29892,29898,29449,29720,155946
11/18/2020,29693,29896,29331,29391,164844
11/19/2020,29370,29476,29182,29443,161849
11/20/2020,29270,29440,29123,29212,147380
11/23/2020,29133,29621,29116,29546,154472
11/24/2020,29560,30067,29552,29998,153621
11/25/2020,30029,30165,29757,29828,138712
11/27/2020,29862,29978,29696,29874,98368
11/30/2020,29914,29972,29428,29629,171262
12/01/2020,29680,30057,29614,29804,170022
12/02/2020,29765,29907,29589,29868,146361
12/03/2020,29886,30092,29755,29932,155243
12/04/2020,29945,30216,29935,30198,119104
12/07/2020,30174,30265,29954,30057,131544
12/08/2020,29988,30237,29852,30170,145645
12/09/2020,30206,30309,29946,30063,187331
12/10/2020,29970,30050,29774,29912,12092
12/11/2020,29961,29990,29624,29935,121580
12/14/2020,30052,30240,29763,29781,170339
12/15/2020,29841,30157,29751,30114,156823
12/16/2020,30135,30232,29993,30074,128028
12/17/2020,30087,30248,30062,30202,117925
12/18/2020,30210,30283,29927,30113,165127
12/21/2020,30300,30333,29318,30113,278388
12/22/2020,30100,30150,29879,29912,153134
12/23/2020,29903,30182,29735,30034,130351
12/24/2020,30083,30151,29997,30109,51433
12/28/2020,30028,30418,29956,30305,111131
12/29/2020,30318,30502,30166,30238,116977
12/30/2020,30273,30416,30211,30302,96134
12/31/2020,30328,30526,30230,30497,82990
01/04/2021,30481,30691,29760,30104,266253
01/05/2021,30108,30393,29974,30285,188607
01/06/2021,30287,30912,30154,30720,314928
01/07/2021,30790,31087,30696,30942,167866
01/08/2021,30951,31148,30687,30993,189794
01/11/2021,30970,31022,30638,30902,166354
01/12/2021,30928,31012,30777,30974,128914
01/13/2021,30956,31060,30869,30959,131905
01/14/2021,30990,31116,30882,30909,127416
01/15/2021,30905,30957,30506,30720,195504
01/19/2021,30628,30982,30629,30828,191002
01/20/2021,30850,31134,30772,31096,140795
01/21/2021,31064,31188,31016,31082,120350
01/22/2021,31058,31086,30791,30909,141385
01/25/2021,30920,31015,30457,30868,239889
01/26/2021,30853,31017,30666,30842,153216
01/27/2021,30848,30884,30053,30189,276292
01/28/2021,30190,30843,29950,30507,297296
01/29/2021,30445,30521,29754,29879,314103
02/01/2021,29810,30235,29552,30110,170384
02/02/2021,30122,30738,30070,30586,153450
02/03/2021,30609,30720,30412,30627,130699
02/04/2021,30694,30990,30542,30950,114243
02/05/2021,30968,31149,30924,31042,120642
02/08/2021,31126,31296,31050,31268,110823
02/09/2021,31294,31340,31144,31278,101801
02/10/2021,31318,31451,31119,31328,157714
02/11/2021,31370,31465,31168,31359,135567
02/12/2021,31350,31420,31216,31397,111134
02/16/2021,31425,31662,31373,31458,184813
02/17/2021,31470,31581,31269,31549,179745
02/18/2021,31555,31632,31228,31431,194049
02/19/2021,31445,31583,31302,31433,158611
02/22/2021,31460,31592,31190,31466,214656
02/23/2021,31500,31615,31103,31492,295740
02/24/2021,31481,31964,31322,31916,247680
02/25/2021,31939,32033,31247,31371,332307
02/26/2021,31308,31456,30803,30912,370415
03/01/2021,30981,31637,30934,31509,207992
03/02/2021,31537,31587,31281,31358,207247
03/03/2021,31364,31609,31216,31236,255151
03/04/2021,31259,31436,30512,30878,410089
03/05/2021,30899,31545,30641,31465,341786
03/08/2021,31562,32114,31287,31776,289385
03/09/2021,31857,32118,31792,31811,202658
03/10/2021,31868,32373,31727,32279,216993
03/11/2021,32231,32530,32144,32368,13751
03/12/2021,32388,32715,32279,32665,144184
03/15/2021,32716,32862,32517,32850,150012
03/16/2021,32840,32865,32665,32724,162214
03/17/2021,32754,32938,32670,32904,174770
03/18/2021,32915,33116,32722,32765,234148
03/19/2021,32778,32867,32401,32503,206327
03/22/2021,32467,32688,32314,32619,151375
03/23/2021,32644,32689,32235,32306,180140
03/24/2021,32348,32669,32232,32319,206190
03/25/2021,32338,32569,31951,32501,254556
03/26/2021,32554,32984,32496,32954,186552
03/29/2021,32951,33134,32746,33032,195237
03/30/2021,33063,33129,32859,32925,166336
03/31/2021,32938,33045,32866,32898,140701
04/01/2021,32912,33060,32842,33037,139328
04/02/2021,33031,33264,33020,33037,0
04/05/2021,33236,33504,33157,33415,120599
04/06/2021,33417,33454,33266,33315,136526
04/07/2021,33333,33407,33233,33328,129135
04/08/2021,33344,33464,33227,33390,122888
04/09/2021,33451,33694,33371,33682,131352
04/12/2021,33660,33686,33550,33631,127100
04/13/2021,33647,33712,33431,33570,159142
04/14/2021,33575,33800,33519,33624,169919
04/15/2021,33661,33962,33652,33923,140823
04/16/2021,33940,34144,33880,34081,121251
04/19/2021,34015,34048,33860,33958,151906
04/20/2021,33996,34066,33572,33703,168388
04/21/2021,33692,34040,33625,34016,145322
04/22/2021,33986,34039,33605,33709,181670
04/23/2021,33715,34056,33608,33941,136943
04/26/2021,33954,34045,33832,33877,99767
04/27/2021,33889,33973,33764,33883,105771
04/28/2021,33815,33868,33690,33724,111004
04/29/2021,33716,33979,33628,33951,156887
04/30/2021,33915,33941,33678,33767,148913
05/03/2021,33828,34116,33823,34008,126286
05/04/2021,33991,34047,33654,34020,209871
05/05/2021,34016,34219,33926,34118,155840
05/06/2021,34125,34458,34074,34442,171769
05/07/2021,34449,34728,34366,34686,166967
05/10/2021,34722,35000,34611,34668,188758
05/11/2021,34647,34732,33983,34183,312297
05/12/2021,34143,34227,33461,33508,270377
05/13/2021,33475,34093,33200,33938,262419
05/14/2021,33968,34382,33922,34318,164130
05/17/2021,34320,34374,34093,34256,151437
05/18/2021,34295,34423,33907,33996,130449
05/19/2021,33899,33998,33402,33831,244203
05/20/2021,33781,34187,33585,34028,160628
05/21/2021,34028,34372,34017,34153,138008
05/24/2021,34150,34427,34101,34352,102697
05/25/2021,34397,34483,34224,34271,115173
05/26/2021,34289,34417,34227,34280,105514
05/27/2021,34295,34577,34170,34437,142115
05/28/2021,34556,34639,34495,34513,111026
06/01/2021,34570,34827,34408,34550,154685
06/02/2021,34561,34694,34484,34590,109757
06/03/2021,34595,34655,34310,34567,152934
06/04/2021,34575,34755,34472,34742,115854
06/07/2021,34760,34825,34558,34616,117598
06/08/2021,34623,34651,34429,34586,134833
06/09/2021,34586,34647,34425,34437,117432
06/10/2021,34374,34625,34279,34354,19880
06/11/2021,34355,34508,34208,34357,120175
06/14/2021,34348,34453,34095,34275,145204
06/15/2021,34258,34368,34083,34177,149344
06/16/2021,34183,34209,33786,33905,174836
06/17/2021,33835,33970,33498,33693,202098
06/18/2021,33710,33755,33071,33155,215198
06/21/2021,33072,33808,32902,33761,203032
06/22/2021,33812,33926,33627,33835,132462
06/23/2021,33864,33962,33752,33759,111673
06/24/2021,33792,34177,33773,34082,122505
06/25/2021,34193,34386,34133,34333,107178
06/28/2021,34398,34411,34067,34164,120048
06/29/2021,34188,34363,34112,34170,101887
06/30/2021,34185,34450,34006,34399,132388
07/01/2021,34448,34551,34377,34514,110332
07/02/2021,34510,34714,34491,34677,101751
07/06/2021,34676,34755,34241,34460,183144
07/07/2021,34394,34595,34321,34568,136380
07/08/2021,34583,34592,34004,34294,225077
07/09/2021,34290,34784,34140,34751,155971
07/12/2021,34765,34904,34548,34875,135590
07/13/2021,34890,34915,34747,34776,129206
07/14/2021,34779,34946,34667,34816,127620
07/15/2021,34798,34878,34593,34864,165523
07/16/2021,34838,34975,34524,34564,160347
07/19/2021,34555,34579,33623,33839,293528
07/20/2021,33918,34502,33843,34400,222415
07/21/2021,34427,34739,34361,34689,136891
07/22/2021,34733,34789,34557,34709,117275
07/23/2021,34768,34993,34739,34951,132679
07/26/2021,34944,35072,34652,35034,125683
07/27/2021,35039,35040,34762,34953,167090
07/28/2021,34844,35018,34764,34834,146913
07/29/2021,34867,35061,34774,34974,113206
07/30/2021,34978,34997,34756,34832,150758
08/02/2021,34872,35082,34694,34721,145770
08/03/2021,34765,35009,34602,34998,161421
08/04/2021,34960,35000,34674,34690,145613
08/05/2021,34716,34949,34667,34943,104940
08/06/2021,34922,35137,34883,35091,111881
08/09/2021,35100,35105,34940,34998,101439
08/10/2021,35016,35176,34924,35155,109816
08/11/2021,35164,35394,35106,35372,118032
08/12/2021,35381,35438,35255,35402,109900
08/13/2021,35429,35519,35381,35420,90457
08/16/2021,35383,35547,35146,35534,151693
08/17/2021,35508,35516,35034,35259,200917
08/18/2021,35212,35286,34790,34887,166031
08/19/2021,34860,34934,34494,34818,258172
08/20/2021,34847,35120,34569,35058,160460
08/23/2021,35031,35373,35016,35281,120429
08/24/2021,35328,35403,35293,35314,94288
08/25/2021,35326,35445,35229,35360,109223
08/26/2021,35384,35441,35146,35160,144173
08/27/2021,35182,35428,35114,35403,113476
08/30/2021,35418,35464,35329,35352,109477
08/31/2021,35395,35492,35258,35340,141519
09/01/2021,35382,35494,35269,35290,138543
09/02/2021,35295,35463,35219,35424,128782
09/03/2021,35425,35504,35248,35353,144662
09/07/2021,35352,35476,35038,35091,198672
09/08/2021,35067,35161,34885,35012,189641
09/09/2021,34883,35076,34664,34753,19672
09/10/2021,34751,34997,34481,34491,147216
09/13/2021,34530,34821,34482,34754,222579
09/14/2021,34789,34907,34386,34464,204501
09/15/2021,34482,34764,34379,34701,188373
09/16/2021,34733,34826,34414,34626,168763
09/17/2021,34610,34710,34354,34462,184483
09/20/2021,34400,34413,33478,33839,310800
09/21/2021,33806,34236,33712,33798,237057
09/22/2021,33761,34319,33638,34129,217014
09/23/2021,34153,34749,34148,34644,189406
09/24/2021,34650,34734,34459,34674,150225
09/27/2021,34696,34934,34652,34743,147057
09/28/2021,34733,34852,34121,34175,277934
09/29/2021,34239,34451,34168,34265,212633
09/30/2021,34322,34554,33688,33722,236686
10/01/2021,33752,34354,33383,34167,221154
10/04/2021,34230,34293,33681,33870,240260
10/05/2021,33890,34364,33684,34183,192433
10/06/2021,34208,34326,33718,34291,260685
10/07/2021,34300,34854,34300,34638,163048
10/08/2021,34641,34750,34532,34626,160111
10/11/2021,34614,34829,34323,34376,179540
10/12/2021,34356,34486,34125,34260,197787
10/13/2021,34190,34343,33984,34257,200885
10/14/2021,34248,34853,34248,34784,165304
10/15/2021,34830,35198,34787,35171,154674
10/18/2021,35210,35227,34906,35133,137825
10/19/2021,35121,35365,35067,35323,128838
10/20/2021,35355,35541,35272,35477,122202
10/21/2021,35448,35536,35308,35480,131281
10/22/2021,35476,35645,35412,35557,175243
10/25/2021,35499,35670,35451,35620,138321
10/26/2021,35641,35777,35618,35644,177876
10/27/2021,35646,35715,35383,35389,185252
10/28/2021,35423,35681,35388,35613,156534
10/29/2021,35636,35746,35486,35704,155336
11/01/2021,35796,35891,35683,35800,136286
11/02/2021,35797,35971,35695,35938,120742
11/03/2021,35921,36066,35771,36035,134646
11/04/2021,36027,36076,35865,36009,133199
11/05/2021,35999,36375,35949,36215,171915
11/08/2021,36132,36446,36123,36312,116185
11/09/2021,36289,36324,36066,36209,144952
11/10/2021,36166,36255,35911,35992,173328
11/11/2021,35982,36063,35823,35829,119951
11/12/2021,35870,36062,35839,36013,125730
11/15/2021,36059,36178,35950,36009,124976
11/16/2021,36023,36238,35946,36061,139663
11/17/2021,36074,36105,35822,35867,133056
11/18/2021,35841,35961,35593,35811,151562
11/19/2021,35826,35988,35486,35549,172224
11/22/2021,35592,35880,35530,35571,198406
11/23/2021,35620,35793,35370,35766,220528
11/24/2021,35762,35790,35532,35749,149804
11/26/2021,35778,35900,34626,34858,304225
11/29/2021,34741,35246,34740,35077,251023
11/30/2021,35132,35234,34384,34457,294074
12/01/2021,34524,34986,33928,34002,281341
12/02/2021,34050,34738,34018,34622,288474
12/03/2021,34715,34795,34247,34566,268921
12/06/2021,34590,35344,34581,35212,229691
12/07/2021,35251,35807,35196,35713,173908
12/08/2021,35780,35926,35588,35746,154871
12/09/2021,35665,35765,35488,35660,16551
12/10/2021,35659,35893,35607,35875,127409
12/13/2021,35887,36030,35505,35543,182807
12/14/2021,35580,35682,35333,35448,208243
12/15/2021,35456,35858,35274,35816,200913
12/16/2021,35839,36098,35663,35791,213698
12/17/2021,35834,35876,35164,35252,270782
12/20/2021,35253,35328,34547,34813,220121
12/21/2021,34907,35413,34858,35381,168394
12/22/2021,35405,35662,35286,35632,110144
12/23/2021,35647,35946,35625,35832,91398
12/27/2021,35831,36206,35759,36178,91647
12/28/2021,36180,36408,36113,36282,115487
12/29/2021,36278,36463,36250,36381,94675
12/30/2021,36394,36572,36255,36291,85639
12/31/2021,36296,36371,36121,36226,75792
01/03/2022,36304,36472,36120,36455,158894
01/04/2022,36432,36804,36409,36675,175657
01/05/2022,36656,36832,36279,36291,243988
01/06/2022,36309,36418,36074,36123,266023
01/07/2022,36173,36265,35988,36107,217823
01/10/2022,36121,36171,35521,35952,268667
01/11/2022,35948,36153,35641,36128,220376
01/12/2022,36131,36332,36040,36160,175020
01/13/2022,36179,36390,35921,35989,217100
01/14/2022,36002,36114,35515,35796,255140
01/18/2022,35856,35901,35135,35259,322172
01/19/2022,35301,35430,34883,34910,296130
01/20/2022,34953,35379,34407,34616,272488
01/21/2022,34556,34782,34100,34157,334314
01/24/2022,34143,34410,33031,34253,465699
01/25/2022,34294,34472,33422,34185,340838
01/26/2022,33969,34699,33745,34055,319037
01/27/2022,34071,34658,33532,34043,329887
01/28/2022,34240,34622,33613,34595,310810
01/31/2022,34576,35026,34313,34997,234760
02/01/2022,34915,35316,34833,35274,209606
02/02/2022,35232,35590,35167,35492,222533
02/03/2022,35545,35569,34941,34971,234690
02/04/2022,35113,35212,34668,34978,264454
02/07/2022,35002,35205,34806,34969,174182
02/08/2022,35001,35426,34931,35342,182374
02/09/2022,35382,35752,35370,35641,166011
02/10/2022,35717,35750,34990,35139,282693
02/11/2022,35128,35330,34511,34627,317579
02/14/2022,34665,34755,34205,34471,274108
02/15/2022,34472,34968,34345,34904,193885
02/16/2022,34886,35060,34558,34851,196641
02/17/2022,34842,34910,34171,34231,209143
02/18/2022,34237,34500,33900,34007,230681
02/22/2022,33869,34349,33292,33525,450328
02/23/2022,33585,33824,33015,33066,238843
02/24/2022,33052,33205,32167,33156,438495
02/25/2022,33036,34034,32762,33994,283868
02/28/2022,33678,33914,33322,33840,303760
03/01/2022,33822,34065,33064,33267,275407
03/02/2022,33318,33977,33121,33849,239411
03/03/2022,33805,34143,33597,33738,195518
03/04/2022,33772,33859,33210,33583,260643
03/07/2022,33451,33542,32689,32782,253270
03/08/2022,32716,33374,32305,32602,286678
03/09/2022,32538,33441,32521,33265,202047
03/10/2022,33150,33180,32694,33044,17846
03/11/2022,33149,33588,32790,32813,144011
03/14/2022,32918,33289,32708,32838,210716
03/15/2022,32894,33514,32578,33427,208715
03/16/2022,33398,34061,33280,33954,234031
03/17/2022,34025,34391,33760,34360,147831
03/18/2022,34234,34705,34104,34633,149316
03/21/2022,34670,34694,34228,34436,153664
03/22/2022,34490,34775,34318,34709,111073
03/23/2022,34691,34792,34217,34250,128190
03/24/2022,34252,34655,34214,34604,123375
03/25/2022,34640,34841,34522,34759,123404
03/28/2022,34762,34886,34445,34853,129887
03/29/2022,34848,35281,34826,35190,147281
03/30/2022,35154,35257,34955,35117,121051
03/31/2022,35124,35215,34592,34618,137841
04/01/2022,34702,34805,34437,34718,151298
04/04/2022,34688,34849,34514,34829,117196
04/05/2022,34802,35015,34469,34550,152767
04/06/2022,34595,34608,34178,34399,185467
04/07/2022,34370,34613,34093,34490,168413
04/08/2022,34481,34820,34368,34613,154088
04/11/2022,34636,34668,34181,34219,159044
04/12/2022,34232,34582,34002,34139,193135
04/13/2022,34178,34511,34052,34482,161480
04/14/2022,34463,34794,34340,34358,168122
04/18/2022,34369,34530,34179,34313,138271
04/19/2022,34397,34897,34226,34841,172165
04/20/2022,34785,35233,34728,35079,207813
04/21/2022,35125,35413,34635,34709,195639
04/22/2022,34696,34719,33594,33728,233226
04/25/2022,33644,34021,33230,33965,265193
04/26/2022,33965,34038,33081,33160,222151
04/27/2022,33163,33611,33015,33226,239696
04/28/2022,33308,33968,33155,33828,211619
04/29/2022,33735,33903,32820,32882,201846
05/02/2022,32988,33145,32358,32980,222204
05/03/2022,32960,33254,32806,33033,162760
05/04/2022,33041,34027,32925,33969,188059
05/05/2022,33926,34020,32589,32910,252365
05/06/2022,32933,32966,32376,32809,240766
05/09/2022,32624,32690,32037,32161,242482
05/10/2022,32206,32663,31805,32087,239430
05/11/2022,32048,32506,31715,31743,264401
05/12/2022,31803,31893,31148,31652,256197
05/13/2022,31556,32201,31556,32120,170972
05/16/2022,32148,32453,31867,32159,167019
05/17/2022,32139,32692,32129,32581,166271
05/18/2022,32629,32651,31299,31440,168601
05/19/2022,31397,31524,30955,31202,222586
05/20/2022,31209,31548,30585,31213,217004
05/23/2022,31288,31925,31286,31839,181351
05/24/2022,31782,31972,31315,31880,204978
05/25/2022,31943,32215,31683,32076,180970
05/26/2022,32074,32738,31996,32600,153646
05/27/2022,32531,33239,32485,33158,138306
05/31/2022,33201,33434,32722,32971,219698
06/01/2022,33067,33254,32563,32798,176385
06/02/2022,32763,33263,32491,33223,162371
06/03/2022,33250,33317,32824,32888,160706
06/06/2022,32967,33229,32805,32912,140650
06/07/2022,32903,33198,32603,33165,155264
06/08/2022,33107,33169,32806,32889,146008
06/09/2022,32879,33069,32224,32236,13980
06/10/2022,32302,32312,31337,31359,164686
06/13/2022,31299,31299,30340,30501,280354
06/14/2022,30532,30848,30118,30355,238138
06/15/2022,30370,30999,30157,30651,242430
06/16/2022,30709,30936,29729,29919,249825
06/17/2022,30020,30212,29639,29869,252463
06/21/2022,29930,30646,29741,30525,202383
06/22/2022,30524,30770,30003,30471,210521
06/23/2022,30478,30698,30247,30672,208468
06/24/2022,30568,31508,30538,31487,139234
06/27/2022,31466,31695,31331,31421,125464
06/28/2022,31464,31867,30905,30933,164024
06/29/2022,30966,31142,30861,30999,147968
06/30/2022,31021,31034,30406,30781,186268
07/01/2022,30720,31116,30422,31061,179495
07/05/2022,31051,31220,30331,30936,213590
07/06/2022,30958,31206,30739,31013,169287
07/07/2022,31054,31404,30898,31367,123735
07/08/2022,31309,31490,31187,31310,145685
07/11/2022,31323,31344,31040,31140,130932
07/12/2022,31177,31328,30828,30966,148977
07/13/2022,30968,31309,30475,30758,198516
07/14/2022,30700,30774,30109,30604,172967
07/15/2022,30633,31264,30495,31247,188489
07/18/2022,31298,31614,30947,31047,147514
07/19/2022,31064,31844,31031,31791,143737
07/20/2022,31809,31980,31621,31853,153532
07/21/2022,31791,32032,31504,32007,158137
07/22/2022,31982,32193,31704,31875,155487
07/25/2022,31872,32065,31773,31967,137103
07/26/2022,31840,31916,31665,31732,166357
07/27/2022,31762,32315,31761,32172,210158
07/28/2022,32144,32609,31944,32490,206840
07/29/2022,32567,32887,32458,32825,162332
08/01/2022,32827,32938,32602,32767,191675
08/02/2022,32766,32781,32350,32365,228064
08/03/2022,32420,32873,32342,32770,161494
08/04/2022,32746,32866,32601,32681,132259
08/05/2022,32688,32786,32431,32757,174082
08/08/2022,32750,33065,32665,32792,181497
08/09/2022,32857,32881,32662,32737,145113
08/10/2022,32768,33331,32678,33260,176366
08/11/2022,33299,33625,33255,33304,172618
08/12/2022,33360,33728,33295,33718,134231
08/15/2022,33708,33924,33485,33873,128489
08/16/2022,33849,34246,33786,34118,138293
08/17/2022,34127,34177,33804,33963,163823
08/18/2022,33994,34056,33823,33981,123706
08/19/2022,34003,34009,33616,33706,138023
08/22/2022,33620,33654,33001,33056,145280
08/23/2022,33103,33177,32844,32901,152939
08/24/2022,32901,33084,32753,32958,146025
08/25/2022,32955,33290,32872,33273,166899
08/26/2022,33236,33444,32156,32263,199610
08/29/2022,32040,32301,31926,32075,182592
08/30/2022,32105,32347,31616,31775,189782
08/31/2022,31792,32002,31501,31532,194244
09/01/2022,31555,31678,31221,31663,209858
09/02/2022,31646,32029,31182,31312,204209
09/06/2022,31345,31592,31042,31166,238763
09/07/2022,31153,31644,30975,31577,142785
09/08/2022,31574,31809,31303,31766,172330
09/09/2022,31807,32233,31769,32164,100227
09/12/2022,32318,32612,32235,32498,109359
09/13/2022,32540,32789,31129,31212,163254
09/14/2022,31269,31392,30989,31251,167630
09/15/2022,31297,31385,30976,31070,190353
09/16/2022,30988,31012,30636,30922,181335
09/19/2022,30948,31183,30590,31117,155409
09/20/2022,31145,31256,30558,30801,180448
09/21/2022,30836,31132,30202,30282,246932
09/22/2022,30228,30494,30048,30149,206732
09/23/2022,30216,30240,29315,29669,215944
09/26/2022,29645,29736,29227,29343,210692
09/27/2022,29339,29729,29019,29203,200401
09/28/2022,29250,29883,28886,29750,232854
09/29/2022,29754,29783,29047,29285,191743
09/30/2022,29264,29549,28767,28801,216676
10/03/2022,28767,29702,28635,29538,194800
10/04/2022,29583,30399,29500,30365,176364
10/05/2022,30356,30513,29933,30310,154462
10/06/2022,30323,30484,29904,29982,166097
10/07/2022,29944,30111,29188,29353,158235
10/10/2022,29278,29539,29055,29260,171595
10/11/2022,29262,29659,28946,29266,203441
10/12/2022,29316,29526,29177,29261,169919
10/13/2022,29312,30215,28671,30091,299085
10/14/2022,30091,30480,29650,29708,239135
10/17/2022,29658,30361,29640,30230,160666
10/18/2022,30333,30877,30333,30576,217313
10/19/2022,30711,30818,30254,30460,183779
10/20/2022,30525,30857,30287,30353,204712
10/21/2022,30409,31197,30102,31123,248337
10/24/2022,31190,31640,30922,31545,213833
10/25/2022,31509,31917,31346,31877,184767
10/26/2022,31826,32211,31744,31872,189237
10/27/2022,31951,32421,31871,32074,229318
10/28/2022,32043,33002,31884,32896,227869
10/31/2022,32920,32941,32617,32775,201242
11/01/2022,32769,33026,32510,32685,224690
11/02/2022,32657,33106,32121,32178,260433
11/03/2022,32186,32273,31738,32017,199602
11/04/2022,31995,32632,31870,32428,275963
11/07/2022,32272,32904,32113,32838,184169
11/08/2022,32814,33366,32766,33175,223719
11/09/2022,33113,33225,32487,32527,217271
11/10/2022,32535,33800,32450,33712,260408
11/11/2022,33796,33982,33409,33763,228771
11/14/2022,33645,33981,33550,33561,178089
11/15/2022,33628,34026,33324,33605,257569
11/16/2022,33569,33733,33471,33591,178326
11/17/2022,33675,33732,33189,33581,170670
11/18/2022,33581,33855,33469,33775,162644
11/21/2022,33762,33899,33585,33735,144240
11/22/2022,33734,34138,33658,34126,142859
11/23/2022,34134,34277,34015,34211,161911
11/25/2022,34255,34393,34206,34356,97777
11/28/2022,34300,34321,33805,33871,177639
11/29/2022,33872,33993,33668,33857,173499
11/30/2022,33866,34647,33623,34599,285453
12/01/2022,34616,34707,34157,34429,246223
12/02/2022,34403,34528,33935,34459,216552
12/05/2022,34440,34463,33883,33986,170593
12/06/2022,34007,34084,33452,33633,196313
12/07/2022,33638,33818,33462,33625,187115
12/08/2022,33621,33931,33482,33803,163237
12/09/2022,33791,33960,33478,33498,133890
12/12/2022,33729,34278,33673,34269,132977
12/13/2022,34244,35228,34160,34388,252504
12/14/2022,34383,34674,33962,34239,183391
12/15/2022,34290,34338,33242,33436,184524
12/16/2022,33415,33495,32869,33128,173594
12/19/2022,33105,33279,32792,32973,138092
12/20/2022,32950,33204,32686,33053,156315
12/21/2022,33148,33645,33141,33569,150659
12/22/2022,33639,33663,32750,33208,165174
12/23/2022,33215,33411,32989,33375,157252
12/27/2022,33399,33613,33236,33416,125976
12/28/2022,33427,33567,33026,33046,137870
12/29/2022,33067,33458,32999,33375,105021
12/30/2022,33351,33370,32989,33285,116652
01/03/2023,33485,33643,32983,33278,196899
01/04/2023,33238,33564,33171,33416,187173
01/05/2023,33380,33467,32943,33070,173179
01/06/2023,33082,33863,33032,33772,235035
01/09/2023,33790,34080,33630,33670,153569
01/10/2023,33674,33870,33489,33849,141916
01/11/2023,33849,34125,33826,34110,122663
01/12/2023,34119,34422,33850,34319,206584
01/13/2023,34308,34464,34006,34416,151118
01/17/2023,34436,34489,33970,34020,189736
01/18/2023,34006,34131,33365,33386,200014
01/19/2023,33368,33391,33067,33139,176088
01/20/2023,33187,33482,33031,33474,162219
01/23/2023,33471,33885,33402,33727,176738
01/24/2023,33732,33906,33474,33826,160727
01/25/2023,33838,33866,33347,33823,182792
01/26/2023,33813,34044,33701,34023,163835
01/27/2023,33998,34241,33899,34046,140151
01/30/2023,34014,34123,33762,33785,150805
01/31/2023,33819,34166,33579,34156,147863
02/01/2023,34132,34407,33624,34148,207744
02/02/2023,34126,34214,33857,34097,194089
02/03/2023,34048,34226,33821,33962,223044
02/06/2023,33886,34010,33685,33934,164848
02/07/2023,33920,34283,33661,34206,273425
02/08/2023,34145,34212,33919,33995,176347
02/09/2023,34043,34287,33630,33734,194883
02/10/2023,33760,33924,33543,33895,185133
02/13/2023,33905,34289,33759,34268,145496
02/14/2023,34276,34551,33852,34121,242934
02/15/2023,34086,34193,33871,34174,158055
02/16/2023,34169,34233,33709,33739,193140
02/17/2023,33719,33889,33514,33866,181927
02/21/2023,33844,33875,33141,33162,192787
02/22/2023,33186,33273,32976,33079,161678
02/23/2023,33097,33294,32816,33182,173203
02/24/2023,33139,33197,32648,32826,178699
02/27/2023,32816,33211,32783,32909,156501
02/28/2023,32940,33021,32607,32682,158685
03/01/2023,32652,32864,32527,32693,188692
03/02/2023,32845,33107,32639,33018,163244
03/03/2023,33004,33430,32953,33414,148430
03/06/2023,33399,33590,33354,33451,135346
03/07/2023,33455,33512,32840,32864,192151
03/08/2023,32875,32939,32626,32813,170993
03/09/2023,32829,33002,32190,32259,203238
03/10/2023,32262,32434,31787,31918,304211
03/13/2023,32293,32595,31740,32055,328730
03/14/2023,32135,32552,32035,32402,235880
03/15/2023,32375,32443,31640,32095,317759
03/16/2023,32069,32521,31785,32484,243128
03/17/2023,32487,32579,31949,32071,228072
03/20/2023,32142,32510,31657,32456,221270
03/21/2023,32474,32830,32441,32774,136933
03/22/2023,32789,32994,32231,32258,185803
03/23/2023,32296,32733,32054,32319,214720
03/24/2023,32381,32485,31945,32434,192325
03/27/2023,32486,32770,32418,32631,136405
03/28/2023,32667,32784,32486,32588,120167
03/29/2023,32622,32924,32616,32903,135013
03/30/2023,32894,33123,32863,33044,132068
03/31/2023,33039,33549,33003,33460,134777
04/03/2023,33441,33821,33436,33786,131790
04/04/2023,33766,33877,33455,33577,138741
04/05/2023,33626,33720,33503,33656,138419
04/06/2023,33634,33716,33486,33659,124315
04/07/2023,33615,33774,33577,33723,13566
04/10/2023,33699,33784,33508,33751,109230
04/11/2023,33766,33953,33730,33852,121326
04/12/2023,33881,34119,33760,33813,170018
04/13/2023,33788,34216,33747,34190,142663
04/14/2023,34130,34275,33877,34037,186325
04/17/2023,34125,34148,33938,34129,128275
04/18/2023,34123,34287,33928,34124,140669
04/19/2023,34104,34105,33942,34033,124516
04/20/2023,34014,34033,33802,33909,147308
04/21/2023,33899,33996,33809,33950,144668
04/24/2023,33922,34024,33775,34001,121541
04/25/2023,34006,34007,33643,33652,179213
04/26/2023,33726,33762,33347,33424,184153
04/27/2023,33444,33967,33421,33929,173751
04/28/2023,33861,34236,33752,34200,168670
05/01/2023,34216,34363,34106,34152,109767
05/02/2023,34111,34188,33520,33772,194061
05/03/2023,33752,33917,33400,33492,184191
05/04/2023,33392,33562,33004,33196,219404
05/05/2023,33190,33822,33173,33739,151291
05/08/2023,33753,33848,33566,33685,104597
05/09/2023,33684,33726,33539,33637,103170
05/10/2023,33630,33854,33297,33602,201173
05/11/2023,33594,33683,33180,33371,151677
05/12/2023,33367,33544,33163,33355,145184
05/15/2023,33321,33506,33212,33398,130107
05/16/2023,33385,33397,33032,33060,145840
05/17/2023,33094,33540,33062,33478,169604
05/18/2023,33473,33651,33281,33618,183601
05/19/2023,33625,33731,33394,33496,180047
05/22/2023,33412,33587,33273,33360,152194
05/23/2023,33396,33479,33070,33132,178436
05/24/2023,33131,33184,32806,32854,184599
05/25/2023,32897,32914,32619,32806,194755
05/26/2023,32792,33202,32724,33125,165962
05/30/2023,33279,33330,32921,33089,203083
05/31/2023,33064,33076,32793,32979,174704
06/01/2023,32910,33212,32737,33103,186746
06/02/2023,33143,33863,33120,33817,213749
06/05/2023,33817,33894,33600,33619,177151
06/06/2023,33612,33677,33448,33617,161273
06/07/2023,33611,33745,33542,33709,170144
06/08/2023,33703,33908,33635,33865,143735
06/09/2023,33843,34000,33741,33909,167151
06/12/2023,34190,34402,34185,34389,154296
06/13/2023,34388,34633,34325,34531,182160
06/14/2023,34450,34520,34086,34284,182316
06/15/2023,34290,34806,34169,34724,184352
06/16/2023,34705,34888,34585,34604,157840
06/20/2023,34621,34649,34197,34356,189093
06/21/2023,34328,34387,34160,34235,131656
06/22/2023,34248,34274,34096,34210,133727
06/23/2023,34250,34250,33888,33977,141243
06/26/2023,33977,34072,33855,33971,131127
06/27/2023,34002,34232,33901,34183,149650
06/28/2023,34169,34218,33993,34101,150797
06/29/2023,34145,34388,34051,34353,158623
06/30/2023,34325,34705,34313,34643,124843
07/03/2023,34619,34688,34510,34637,73707
07/05/2023,34628,34652,34435,34509,144068
07/06/2023,34488,34495,33967,34131,159330
07/07/2023,34107,34244,33918,33937,136821
07/10/2023,33968,34169,33803,34146,123288
07/11/2023,34151,34493,34060,34464,140621
07/12/2023,34439,34792,34410,34550,151138
07/13/2023,34570,34675,34543,34590,110881
07/14/2023,34547,34788,34495,34678,133706
07/17/2023,34647,34850,34580,34763,117302
07/18/2023,34744,35173,34691,35142,155188
07/19/2023,35120,35417,35110,35253,167588
07/20/2023,35237,35549,35192,35401,176631
07/21/2023,35413,35516,35348,35398,143638
07/24/2023,35397,35638,35351,35581,127732
07/25/2023,35584,35693,35527,35604,124979
07/26/2023,35573,35800,35470,35684,173876
07/27/2023,35635,35843,35346,35431,188130
07/28/2023,35439,35708,35376,35592,143416
07/31/2023,35598,35713,35511,35695,105890
08/01/2023,35706,35810,35571,35757,125388
08/02/2023,35650,35728,35333,35403,167190
08/03/2023,35396,35494,35216,35312,153648
08/04/2023,35295,35602,35117,35153,180488
08/07/2023,35150,35589,35140,35554,146894
08/08/2023,35563,35569,35076,35395,153076
08/09/2023,35376,35494,35131,35202,140785
08/10/2023,35271,35660,35179,35251,206767
08/11/2023,35265,35431,35115,35351,138705
08/14/2023,35391,35456,35226,35371,131739
08/15/2023,35347,35413,34957,35007,165854
08/16/2023,35006,35190,34803,34821,166423
08/17/2023,34847,34953,34499,34536,164743
08/18/2023,34526,34660,34328,34565,155971
08/21/2023,34565,34709,34308,34524,144074
08/22/2023,34501,34652,34307,34344,139805
08/23/2023,34349,34593,34340,34522,132077
08/24/2023,34576,34737,34099,34140,173274
08/25/2023,34149,34483,34062,34377,195645
08/28/2023,34423,34692,34400,34594,142335
08/29/2023,34606,34908,34525,34887,141831
08/30/2023,34900,35090,34849,34956,149961
08/31/2023,35023,35177,34770,34791,152651
09/01/2023,34807,35027,34761,34882,144233
09/05/2023,34881,34969,34673,34680,152734
09/06/2023,34685,34709,34317,34479,156452
09/07/2023,34468,34585,34365,34528,132856
09/08/2023,34543,34660,34443,34608,134875
09/11/2023,34950,35143,34904,35012,129911
09/12/2023,35000,35206,34881,34996,155936
09/13/2023,34991,35120,34843,34918,147616
09/14/2023,34932,35323,34914,35257,178872
09/15/2023,35285,35357,34887,34927,170569
09/18/2023,34930,35038,34848,34935,122942
09/19/2023,34942,34991,34606,34817,161163
09/20/2023,34815,35083,34718,34729,178631
09/21/2023,34732,34746,34301,34337,213067
09/22/2023,34330,34421,34211,34232,171546
09/25/2023,34270,34358,34040,34273,169719
09/26/2023,34294,34294,33815,33875,182086
09/27/2023,33920,34012,33544,33791,207623
09/28/2023,33864,34010,33693,33892,217709
09/29/2023,33939,34127,33623,33725,240230
10/02/2023,33892,33939,33435,33638,232202
10/03/2023,33633,33709,33117,33201,242372
10/04/2023,33177,33357,33021,33326,232770
10/05/2023,33274,33367,33123,33304,181562
10/06/2023,33291,33756,33032,33600,247750
10/09/2023,33477,33834,33298,33801,173478
10/10/2023,33800,34092,33776,33936,169527
10/11/2023,33929,34078,33799,33992,147298
10/12/2023,34046,34153,33617,33796,179970
10/13/2023,33786,34123,33707,33827,230504
10/16/2023,33810,34254,33810,34134,160397
10/17/2023,34173,34305,33966,34144,199591
10/18/2023,34120,34147,33738,33806,214223
10/19/2023,33828,33990,33492,33547,286548
10/20/2023,33530,33559,33220,33258,195617
10/23/2023,33299,33366,33013,33067,201983
10/24/2023,33130,33420,33055,33269,205763
10/25/2023,33345,33389,33098,33150,229828
10/26/2023,33161,33204,32832,32876,246580
10/27/2023,32927,33008,32409,32504,233752
10/30/2023,32542,33094,32506,33017,206160
10/31/2023,33025,33220,32868,33135,189649
11/01/2023,33087,33418,32990,33351,195524
11/02/2023,33358,33934,33338,33914,187248
11/03/2023,33889,34232,33885,34137,148353
11/06/2023,34170,34230,34051,34164,112890
11/07/2023,34132,34268,34031,34215,113604
11/08/2023,34232,34315,34052,34173,118364
11/09/2023,34159,34283,33915,33944,158262
11/10/2023,33980,34373,33913,34338,147769
11/13/2023,34299,34461,34203,34385,108073
11/14/2023,34385,34984,34334,34887,158881
11/15/2023,34924,35103,34898,35050,143752
11/16/2023,35045,35091,34879,35019,149538
11/17/2023,35051,35168,34944,35012,116438
11/20/2023,34978,35292,34962,35225,103045
11/21/2023,35232,35247,35096,35148,89148
11/22/2023,35141,35360,35119,35318,113372
11/24/2023,35312,35440,35281,35430,82773
11/27/2023,35428,35456,35315,35373,99659
11/28/2023,35373,35548,35319,35445,119100
11/29/2023,35447,35641,35447,35488,143804
11/30/2023,35583,36027,35563,36010,173506
12/01/2023,35986,36338,35963,36303,157435
12/04/2023,36318,36332,36093,36268,154837
12/05/2023,36249,36249,36066,36189,151783
12/06/2023,36172,36352,36076,36112,132913
12/07/2023,36112,36210,36021,36166,115321
12/08/2023,36147,36335,36006,36280,129808
12/11/2023,36646,36818,36602,36806,116298
12/12/2023,36811,37030,36758,36967,140039
12/13/2023,36990,37532,36917,37488,151178
12/14/2023,37488,37696,37423,37643,185111
12/15/2023,37610,37784,37524,37661,149404
12/18/2023,37660,37772,37646,37678,93800
12/19/2023,37662,37940,37637,37931,91047
12/20/2023,37918,38012,37390,37445,142851
12/21/2023,37467,37765,37462,37756,141401
12/22/2023,37701,37878,37585,37740,105098
12/26/2023,37694,37962,37693,37894,55134
12/27/2023,37914,38026,37818,38006,90396
12/28/2023,38010,38089,37925,38029,78092
12/29/2023,38028,38089,37841,38012,89422
01/02/2024,37982,38113,37758,37993,149794
01/03/2024,38001,38014,37664,37697,167097
01/04/2024,37714,37985,37699,37715,130813
01/05/2024,37751,37882,37504,37719,148609
01/08/2024,37674,37946,37470,37933,129740
01/09/2024,37899,37902,37607,37763,125237
01/10/2024,37743,37984,37698,37936,117172
01/11/2024,37921,38038,37627,37927,178221
01/12/2024,37900,38031,37651,37792,162246
01/16/2024,37737,37830,37388,37553,222543
01/17/2024,37541,37559,37315,37458,142478
01/18/2024,37453,37708,37303,37659,161810
01/19/2024,37645,38133,37597,38045,161281
01/22/2024,38048,38302,38048,38199,133217
01/23/2024,38196,38209,37976,38089,106698
01/24/2024,38103,38253,37950,37979,140541
01/25/2024,38056,38219,37911,38210,153939
01/26/2024,38159,38374,38050,38258,130889
01/29/2024,38209,38498,38157,38488,96393
01/30/2024,38432,38644,38386,38612,107240
01/31/2024,38568,38720,38247,38280,183773
02/01/2024,38288,38661,38212,38625,151960
02/02/2024,38598,38892,38433,38765,149616
02/05/2024,38753,38797,38310,38466,145439
02/06/2024,38451,38633,38367,38613,110199
02/07/2024,38591,38843,38546,38774,107428
02/08/2024,38789,38847,38627,38824,92746
02/09/2024,38795,38979,38645,38748,105501
02/12/2024,38713,39012,38679,38884,101088
02/13/2024,38863,38897,38095,38333,193343
02/14/2024,38337,38526,38255,38494,131924
02/15/2024,38490,38866,38455,38858,123765
02/16/2024,38858,38909,38653,38697,127184
02/20/2024,38658,38747,38523,38642,182425
02/21/2024,38677,38749,38400,38677,138637
02/22/2024,38636,39214,38633,39123,161911
02/23/2024,39102,39343,39087,39189,115955
02/26/2024,39187,39290,39070,39116,86428
02/27/2024,39097,39154,38911,39016,105461
02/28/2024,38988,39002,38789,38993,108838
02/29/2024,38911,39123,38837,39043,147273
03/01/2024,39019,39172,38892,39142,140179
03/04/2024,39114,39125,38906,39022,109861
03/05/2024,38995,38995,38478,38607,173258
03/06/2024,38617,38901,38584,38706,163074
03/07/2024,38706,38944,38548,38826,134592
03/08/2024,38847,39008,38630,38756,202157
03/11/2024,39230,39258,38929,39234,175217
03/12/2024,39253,39546,39093,39480,212484
03/13/2024,39466,39682,39404,39521,143169
03/14/2024,39555,39698,39136,39347,213420
03/15/2024,39341,39426,39048,39153,162716
03/18/2024,39139,39337,39089,39223,118699
03/19/2024,39239,39556,39115,39539,140885
03/20/2024,39545,39988,39425,39940,157550
03/21/2024,39980,40316,39948,40206,145317
03/22/2024,40231,40267,39820,39868,124677
03/25/2024,39848,39853,39681,39699,96100
03/26/2024,39711,39822,39657,39680,96699
03/27/2024,39754,40181,39742,40144,128240
03/28/2024,40140,40240,40086,40176,105260
04/01/2024,40158,40358,39709,39894,122809
04/02/2024,39789,39805,39368,39508,145100
04/03/2024,39512,39634,39345,39482,133153
04/04/2024,39501,39759,38876,38916,187344
04/05/2024,38921,39369,38864,39223,198045
04/08/2024,39280,39344,39117,39219,123197
04/09/2024,39248,39307,38873,39196,173286
04/10/2024,39220,39345,38590,38757,210137
04/11/2024,38716,38880,38472,38732,189695
04/12/2024,38756,38836,38132,38238,182433
04/15/2024,38150,38637,37911,37993,222754
04/16/2024,37993,38284,37838,38046,220450
04/17/2024,38080,38257,37842,37990,203274
04/18/2024,37987,38317,37900,38007,182149
04/19/2024,38008,38344,37463,38208,219745
04/22/2024,38271,38682,38208,38468,145870
04/23/2024,38507,38789,38431,38726,119780
04/24/2024,38749,38801,38520,38680,137058
04/25/2024,38577,38637,37944,38288,176050
04/26/2024,38343,38535,38242,38441,121802
04/29/2024,38490,38593,38392,38559,97404
04/30/2024,38576,38576,37925,37993,146966
05/01/2024,37923,38527,37866,38069,174074
05/02/2024,38126,38643,38037,38382,149296
05/03/2024,38642,38958,38584,38832,146807
05/06/2024,38920,39028,38834,38997,77489
05/07/2024,38985,39127,38976,39027,79867
05/08/2024,39016,39236,38936,39195,91392
05/09/2024,39198,39592,39086,39536,105728
05/10/2024,39562,39718,39531,39642,97068
05/13/2024,39620,39781,39519,39559,85734
05/14/2024,39542,39736,39405,39677,109444
05/15/2024,39680,40063,39652,40039,103687
05/16/2024,40016,40191,39979,40010,120771
05/17/2024,39995,40147,39955,40137,87638
05/20/2024,40133,40213,39919,39944,107155
05/21/2024,39946,40034,39907,40006,90808
05/22/2024,39992,40033,39668,39783,125631
05/23/2024,39730,39882,39114,39153,193140
05/24/2024,39143,39315,39105,39157,106447
05/28/2024,39163,39235,38787,38944,136293
05/29/2024,38920,38920,38221,38524,131272
05/30/2024,38268,38312,38111,38231,140013
05/31/2024,38225,38858,38139,38791,158407
06/03/2024,38824,38919,38333,38656,159329
06/04/2024,38666,38878,38425,38787,128438
06/05/2024,38801,38937,38628,38884,129972
06/06/2024,38884,39092,38808,38955,148118
06/07/2024,38955,39174,38716,38857,157298
06/10/2024,38852,38945,38719,38929,107468
06/11/2024,38898,38932,38481,38794,133896
06/12/2024,38773,39193,38658,38752,192813
06/13/2024,38735,38770,38436,38677,148081
06/14/2024,39045,39068,38701,39009,82914
06/17/2024,38965,39301,38855,39232,150823
06/18/2024,39288,39390,39173,39287,124950
06/20/2024,39275,39687,39195,39575,169379
06/21/2024,39575,39687,39476,39583,119516
06/24/2024,39589,39999,39463,39844,132945
06/25/2024,39849,39928,39393,39526,138524
06/26/2024,39484,39586,39306,39540,108026
06/27/2024,39500,39651,39389,39550,111391
06/28/2024,39502,39819,39284,39469,157524
07/01/2024,39560,39805,39385,39511,147942
07/02/2024,39498,39694,39338,39688,112627
07/03/2024,39662,39763,39568,39636,83475
07/05/2024,39643,39781,39488,39695,121750
07/08/2024,39670,40006,39595,39650,125692
07/09/2024,39670,39818,39450,39596,128209
07/10/2024,39600,40067,39558,40049,121614
07/11/2024,40013,40200,39937,40089,160829
07/12/2024,40121,40572,40021,40301,148931
07/15/2024,40390,40654,40338,40514,150278
07/16/2024,40548,41299,40457,41255,166127
07/17/2024,41248,41546,41095,41497,174716
07/18/2024,41538,41672,40886,40958,205758
07/19/2024,40963,41006,40466,40562,185070
07/22/2024,40602,40747,40488,40693,139016
07/23/2024,40683,40795,40567,40615,115515
07/24/2024,40575,40583,40053,40110,152717
07/25/2024,40208,40685,40055,40192,184808
07/26/2024,40245,40995,40233,40831,152106
07/29/2024,40857,41051,40606,40771,130218
07/30/2024,40776,41095,40647,40959,149217
07/31/2024,40781,41427,40754,41073,169551
08/01/2024,41111,41305,40285,40514,215461
08/02/2024,40420,40450,39518,39879,208224
08/05/2024,39623,39750,38541,38848,242089
08/06/2024,39017,39600,38760,39143,176254
08/07/2024,39025,39619,38753,38905,142292
08/08/2024,38815,39662,38689,39601,157507
08/09/2024,39610,39770,39355,39640,113161
08/12/2024,39618,39739,39366,39480,105369
08/13/2024,39488,39923,39344,39889,117644
08/14/2024,39889,40191,39786,40119,121965
08/15/2024,40161,40721,40113,40683,110463
08/16/2024,40703,40856,40546,40794,99828
08/19/2024,40818,41052,40741,41020,92057
08/20/2024,40993,41085,40875,40949,93913
08/21/2024,40949,41097,40850,41006,108175
08/22/2024,41015,41159,40684,40828,127189
08/23/2024,40838,41307,40836,41270,136724
08/26/2024,41274,41523,41229,41335,99787
08/27/2024,41290,41390,41181,41356,96513
08/28/2024,41355,41451,40920,41178,130784
08/29/2024,41256,41682,41153,41439,159394
08/30/2024,41480,41674,41231,41653,102697
09/03/2024,41613,41658,40866,41018,159446
09/04/2024,41019,41260,40849,41051,121303
09/05/2024,41028,41169,40593,40829,138408
09/06/2024,40879,41080,40264,40407,196437
09/09/2024,40339,41065,40331,40882,154508
09/10/2024,40921,40989,40463,40798,138158
09/11/2024,40792,40951,40034,40906,192949
09/12/2024,40855,41160,40701,41146,130197
09/13/2024,41134,41569,41127,41427,189372
09/16/2024,41838,42184,41795,42057,126472
09/17/2024,42041,42270,41893,42037,135724
09/18/2024,42050,42416,41850,41909,136244
09/19/2024,41951,42583,41951,42447,158098
09/20/2024,42467,42537,42249,42443,112059
09/23/2024,42475,42562,42321,42501,91631
09/24/2024,42485,42656,42409,42597,113321
09/25/2024,42563,42679,42206,42276,123728
09/26/2024,42276,42594,42231,42555,112722
09/27/2024,42538,43005,42489,42656,132312
09/30/2024,42648,42715,42245,42643,135308
10/01/2024,42605,42656,42251,42479,164845
10/02/2024,42456,42581,42285,42510,116855
10/03/2024,42549,42575,42142,42317,135656
10/04/2024,42280,42667,42252,42646,115336
10/07/2024,42640,42704,42117,42245,116089
10/08/2024,42260,42427,42091,42375,80028
10/09/2024,42375,42864,42254,42813,106755
10/10/2024,42805,42850,42587,42746,99978
10/11/2024,42752,43180,42666,43143,115007
10/14/2024,43110,43421,42986,43363,83232
10/15/2024,43400,43445,42964,43015,138662
10/16/2024,43009,43369,42937,43342,89835
10/17/2024,43341,43550,43254,43511,105205
10/18/2024,43488,43581,43286,43518,86820
10/21/2024,43541,43578,43111,43177,112154
10/22/2024,43193,43284,42946,43169,110912
10/23/2024,42998,43065,42512,42738,130296
10/24/2024,42678,42747,42410,42605,105909
10/25/2024,42615,42811,42245,42321,108719
10/28/2024,42360,42690,42360,42606,104638
10/29/2024,42643,42697,42364,42447,105163
10/30/2024,42522,42660,42292,42363,121540
10/31/2024,42332,42357,41873,41947,154927
11/01/2024,41971,42495,41893,42209,114720
11/04/2024,42150,42277,41791,41956,114195
11/05/2024,42000,42460,41917,42381,95861
11/06/2024,42440,43965,42416,43901,184773
11/07/2024,43958,44020,43806,43910,104530
11/08/2024,43941,44300,43854,44141,110856
11/11/2024,44152,44625,44142,44441,100781
11/12/2024,44438,44556,44039,44074,126581
11/13/2024,44071,44280,43897,44108,117344
11/14/2024,44131,44261,43816,43901,113557
11/15/2024,43901,43911,43478,43568,129894
11/18/2024,43581,43654,43398,43540,100133
11/19/2024,43540,43622,42991,43400,124808
11/20/2024,43403,43590,43181,43516,104006
11/21/2024,43567,44146,43383,43989,137118
11/22/2024,43989,44452,43818,44395,125067
11/25/2024,44499,44915,44490,44826,118684
11/26/2024,44849,45002,44532,44951,120238
11/27/2024,44975,45121,44790,44828,98544
11/29/2024,44881,45171,44820,45055,88746
12/02/2024,45048,45138,44820,44905,85541
12/03/2024,44891,44987,44680,44808,80735
12/04/2024,44903,45176,44871,45106,96582
12/05/2024,45094,45154,44812,44867,82280
12/06/2024,44854,44984,44660,44706,75595
12/09/2024,44709,44809,44451,44479,91100
12/10/2024,44489,44553,44261,44335,82772
12/11/2024,44335,44442,44181,44222,87556
12/12/2024,44199,44272,43941,43977,99962
12/13/2024,43977,44091,43811,43866,129641
12/16/2024,44316,44485,44207,44260,113428
12/17/2024,44228,44261,43860,43967,124026
12/18/2024,43959,44216,42641,42778,182711
12/19/2024,42876,43243,42785,42797,178294
12/20/2024,42867,43663,42496,43316,157479
12/23/2024,43356,43480,42928,43319,96081
12/24/2024,43352,43664,43245,43645,45310
12/26/2024,43645,43746,43430,43702,59571
12/27/2024,43668,43710,43076,43344,105221
12/30/2024,43300,43381,42583,42927,126738
12/31/2024,42915,43100,42723,42873,97500
01/02/2025,42935,43246,42463,42694,136925
01/03/2025,42707,43077,42655,43021,80333
01/06/2025,43024,43409,42886,42982,118919
01/07/2025,43028,43212,42652,42803,132800
01/08/2025,42786,42940,42592,42878,107849
01/09/2025,42882,42906,42725,42822,15856
01/10/2025,42821,42903,42089,42160,157436
01/13/2025,42206,42565,41967,42523,116452
01/14/2025,42569,42825,42374,42752,112142
01/15/2025,42810,43569,42752,43466,120520
01/16/2025,43482,43573,43285,43372,104177
01/17/2025,43345,43866,43318,43695,89526
01/21/2025,43681,44277,43497,44238,121477
01/22/2025,44246,44417,44196,44353,80009
01/23/2025,44362,44757,44310,44749,85190
01/24/2025,44730,44773,44523,44602,72383
01/27/2025,44475,44931,44009,44904,162119
01/28/2025,44905,45159,44743,45031,97891
01/29/2025,45021,45144,44748,44890,94255
01/30/2025,44901,45189,44779,45055,110111
01/31/2025,45120,45227,44656,44698,129620
02/03/2025,44449,44814,43965,44565,165839
02/04/2025,44826,44826,44349,44697,97576
02/05/2025,44660,45057,44467,45004,91191
02/06/2025,45045,45177,44659,44863,92672
02/07/2025,44790,44967,44384,44421,112981
02/10/2025,44177,44734,44100,44580,79522
02/11/2025,44574,44749,44395,44708,76806
02/12/2025,44699,44733,44188,44462,118283
02/13/2025,44512,44878,44358,44811,105815
02/14/2025,44825,44879,44590,44635,73267
02/18/2025,44655,44760,44409,44643,106938
02/19/2025,44638,44723,44396,44711,94563
02/20/2025,44655,44684,44034,44268,107820
02/21/2025,44264,44331,43419,43486,156129
02/24/2025,43527,43825,43420,43535,133124
02/25/2025,43589,43843,43345,43690,151607
02/26/2025,43735,43932,43329,43506,149716
02/27/2025,43484,43949,43277,43297,206242
02/28/2025,43325,43933,43155,43889,177199
03/03/2025,43919,44121,42988,43247,195673
03/04/2025,43356,43363,42421,42594,216142
03/05/2025,42881,43196,42474,43066,194474
03/06/2025,43066,43094,42423,42616,185559
03/07/2025,42651,42944,42208,42838,179541
03/10/2025,42722,42722,41666,41947,186005
03/11/2025,42036,42128,41219,41475,211864
03/12/2025,41510,42025,41047,41395,142788
03/13/2025,41367,41497,40707,40863,144979
03/14/2025,40913,41564,40913,41510,141703
03/17/2025,41852,42388,41587,42225,125132
03/18/2025,42214,42264,41769,41938,113794
03/19/2025,41942,42544,41866,42330,95454
03/20/2025,42330,42604,42030,42286,99870
03/21/2025,42303,42342,41751,42319,98926
03/24/2025,42426,42968,42426,42898,87199
03/25/2025,42892,43024,42765,42906,79913
03/26/2025,42927,43148,42636,42746,99149
03/27/2025,42644,42873,42459,42602,105295
03/28/2025,42616,42666,41714,41851,118228
03/31/2025,41600,42423,41428,42259,133278
04/01/2025,42219,42417,41776,42241,147576
04/02/2025,42231,42836,41878,42492,153443
04/03/2025,41870,41870,40655,40776,192468
04/04/2025,40696,40747,38303,38530,259603
04/07/2025,37761,39427,36708,38165,253484
04/08/2025,38486,39649,37296,37862,231381
04/09/2025,37746,41029,36882,40836,219474
04/10/2025,40956,41140,38631,39797,256176
04/11/2025,39740,40613,39211,40399,191732
04/14/2025,40703,40994,40034,40741,144045
04/15/2025,40669,41010,40524,40575,134251
04/16/2025,40500,40712,39584,39853,172679
04/17/2025,39867,40292,39130,39329,166005
04/21/2025,39212,39250,37998,38328,104848
04/22/2025,38312,39449,38246,39357,127737
04/23/2025,39695,40559,39653,39775,136093
04/24/2025,39775,40408,39408,40262,86441
04/25/2025,40254,40377,39860,40254,78890
04/28/2025,40231,40565,40012,40368,77484
04/29/2025,40332,40775,40293,40658,83270
04/30/2025,40710,40932,39867,40770,114915
05/01/2025,40841,41222,40734,40855,78630
05/02/2025,40820,41506,40766,41427,78799
05/05/2025,41405,41555,41102,41319,68412
05/06/2025,41319,41349,40763,40918,74597
05/07/2025,40814,41375,40814,41214,86543
05/08/2025,41156,41873,41113,41468,90437
05/09/2025,41477,41623,41225,41323,67649
05/12/2025,41846,42563,41675,42493,89227
05/13/2025,42525,42536,42198,42228,73079
05/14/2025,42245,42339,42027,42117,64352
05/15/2025,42090,42453,41841,42385,80210
05/16/2025,42440,42763,42331,42736,58087
05/19/2025,42472,42941,42337,42885,74395
05/20/2025,42885,42976,42570,42772,55557
05/21/2025,42742,42742,41853,41947,90321
05/22/2025,41856,42177,41694,41925,74433
05/23/2025,41986,42028,41236,41674,89736
05/27/2025,41687,42476,41651,42410,80609
05/28/2025,42467,42515,42104,42170,59356
05/29/2025,42193,42778,41874,42267,88209
05/30/2025,42243,42439,41956,42294,81421
06/02/2025,42214,42415,41903,42374,71149
06/03/2025,42375,42637,42113,42598,59354
06/04/2025,42572,42709,42465,42500,52521
06/05/2025,42471,42738,42265,42369,0
06/06/2025,42369,42979,42341,42809,75093
06/09/2025,42844,42936,42600,42796,58530
06/10/2025,42801,42968,42672,42911,57289
06/11/2025,42881,43200,42754,42908,84507
06/12/2025,42874,43002,42586,42990,79999
06/13/2025,43316,43316,42404,42523,36442
06/16/2025,42353,43069,42223,42864,95807
06/17/2025,42868,42907,42473,42556,100745
06/18/2025,42512,42860,42422,42512,93487
06/20/2025,42513,42759,42088,42515,108860
06/23/2025,42262,42932,42096,42901,107820
06/24/2025,42902,43515,42896,43424,78642
06/25/2025,43419,43468,43174,43306,60532
06/26/2025,43292,43752,43272,43718,62751
06/27/2025,43761,44288,43743,44125,83621
06/30/2025,44201,44442,44185,44389,70245
07/01/2025,44348,44916,44285,44807,87816
07/02/2025,44809,44961,44641,44776,66084
07/03/2025,44785,45177,44751,45098,43359
07/07/2025,45107,45131,44428,44677,92932
07/08/2025,44550,44715,44471,44512,68382
07/09/2025,44506,44829,44422,44719,65736
07/10/2025,44728,45043,44565,44908,57560
07/11/2025,44871,44942,44508,44599,78114
07/14/2025,44452,44706,44324,44692,61425
07/15/2025,44672,44827,44182,44247,93548
07/16/2025,44171,44481,43973,44459,102194
07/17/2025,44431,44774,44354,44718,78975
07/18/2025,44735,44858,44423,44540,78400
07/21/2025,44537,44815,44491,44547,68929
07/22/2025,44594,44749,44423,44711,80544
07/23/2025,44746,45234,44718,45214,96803
07/24/2025,45111,45132,44865,44899,80006
07/25/2025,44935,45126,44818,45084,67770
07/28/2025,45245,45312,44911,45012,62836
07/29/2025,45000,45121,44735,44816,83467
07/30/2025,44758,44909,44418,44633,85106
07/31/2025,44725,44852,44208,44305,106830
08/01/2025,44269,44323,43464,43710,134953
08/04/2025,43675,44392,43633,44303,84459
08/05/2025,44393,44432,44040,44236,89843
08/06/2025,44243,44482,44125,44312,71110
08/07/2025,44298,44615,43900,44080,101707
08/08/2025,44113,44385,44083,44278,63634
08/11/2025,44312,44413,44005,44084,72036
08/12/2025,44060,44604,44026,44558,92723
08/13/2025,44566,45070,44504,45025,82505
08/14/2025,45025,45142,44770,44997,87950
08/15/2025,45120,45371,44981,45040,87039
08/18/2025,45029,45116,44897,44986,60967
08/19/2025,44993,45289,44834,44999,79737
08/20/2025,45007,45122,44830,44995,97750
08/21/2025,45003,45029,44642,44854,79754
08/22/2025,44891,45841,44746,45715,118665
08/25/2025,45721,45766,45335,45351,0
08/26/2025,45392,45530,45183,45489,68038
08/27/2025,45510,45700,45446,45642,64387
08/28/2025,45655,45801,45501,45706,74179
08/29/2025,45656,45687,45424,45601,70201
09/02/2025,45685,45752,45000,45351,136291
09/03/2025,45323,45376,45035,45308,82162
09/04/2025,45249,45717,45223,45688,75762
09/05/2025,45697,45832,45258,45459,97502
09/08/2025,45475,45591,45321,45575,73057
09/09/2025,45580,45807,45471,45757,85532
09/10/2025,45702,45844,45414,45540,90167
09/11/2025,45506,46176,45503,46141,97178
09/12/2025,46150,46166,45831,45854,90180
09/15/2025,46200,46349,46134,46262,93457
09/16/2025,46228,46332,46020,46119,95603
09/17/2025,46140,46637,46037,46365,117117
09/18/2025,46407,46722,46297,46516,104380
09/19/2025,46549,46738,46398,46651,78354
