02/23/2004,10865,10880,10600,10600,57
02/24/2004,10640,10665,10610,10665,36
02/25/2004,10640,10735,10640,10735,737
02/26/2004,10865,10865,10785,10865,348
02/27/2004,11110,11110,11015,11050,807
03/01/2004,11380,11380,11290,11380,835
03/02/2004,11430,11430,11350,11390,356
03/03/2004,11400,11400,11280,11340,546
03/04/2004,11490,11490,11430,11490,142
03/05/2004,11690,11690,11455,11685,1000
03/08/2004,11595,11595,11445,11460,822
03/09/2004,11545,11545,11400,11495,1312
03/10/2004,11480,11480,11315,11315,0
03/11/2004,11245,11245,11060,11060,0
03/12/2004,11290,11290,11120,11280,1077
03/15/2004,11270,11270,11170,11205,881
03/16/2004,11230,11230,11150,11210,1004
03/17/2004,11400,11570,11395,11555,2215
03/18/2004,11400,11450,11325,11440,1325
03/19/2004,11400,11410,11320,11320,517
03/22/2004,11230,11230,11075,11105,1871
03/23/2004,11300,11300,11140,11285,1066
03/24/2004,11385,11385,11240,11380,989
03/25/2004,11780,11780,11540,11720,592
03/26/2004,11895,11895,11690,11820,1293
03/29/2004,11930,11930,11760,11930,1123
03/30/2004,11775,11775,11625,11760,1068
03/31/2004,11815,11815,11720,11750,558
04/01/2004,11820,11820,11710,11750,632
04/02/2004,11850,12050,11850,12040,1827
04/05/2004,11960,12085,11960,12075,1847
04/06/2004,12100,12100,12020,12090,197
04/07/2004,11905,12060,11905,12000,751
04/08/2004,11990,12125,11990,12035,1144
04/12/2004,12195,12195,12085,12150,877
04/13/2004,12240,12240,12015,12055,1257
04/14/2004,11975,12100,11975,12080,1389
04/15/2004,11920,11920,11730,11760,1634
04/16/2004,11940,11940,11740,11940,1133
04/19/2004,11800,11800,11725,11775,577
04/20/2004,12035,12035,11860,11950,1441
04/21/2004,12045,12045,11875,12040,951
04/22/2004,11285,12185,11945,12170,1651
04/23/2004,12190,12190,12100,12140,354
04/26/2004,12205,12205,12135,12135,561
04/27/2004,12130,12130,12050,12060,1253
04/28/2004,11730,12080,11730,11735,1302
04/29/2004,11640,11830,11640,11640,2063
04/30/2004,11540,11740,11540,11555,991
05/03/2004,11525,11645,11525,11545,453
05/04/2004,11400,11720,11400,11650,689
05/05/2004,11625,11765,11625,11765,659
05/06/2004,11400,11550,11400,11515,1813
05/07/2004,11400,11530,11375,11380,1140
05/10/2004,10910,10910,10770,10825,4155
05/11/2004,10990,10990,10915,10960,1598
05/12/2004,11070,11070,10860,11070,3315
05/13/2004,10930,10930,10810,10830,1265
05/14/2004,10850,10850,10755,10785,1378
05/17/2004,10525,10525,10410,10505,1196
05/18/2004,10735,10735,10660,10710,926
05/19/2004,11030,11030,10870,10875,1127
05/20/2004,10785,10935,10785,10875,809
05/21/2004,11060,11060,10870,11020,736
05/24/2004,11185,11185,11015,11030,993
05/25/2004,11195,11195,10915,11170,1395
05/26/2004,11150,11210,11135,11165,756
05/27/2004,11190,11280,11190,11270,1009
05/28/2004,11280,11330,11280,11300,825
06/01/2004,11195,11305,11195,11305,922
06/02/2004,11225,11340,11225,11340,737
06/03/2004,11150,11150,11020,11020,363
06/04/2004,11150,11240,11145,11230,422
06/07/2004,11525,11525,11395,11505,1589
06/08/2004,11465,11570,11465,11560,423
06/09/2004,11150,11460,11150,11355,2066
06/10/2004,11590,11590,11540,11570,2066
06/11/2004,11590,11590,11530,11590,511
06/14/2004,11465,11465,11395,11425,419
06/15/2004,11545,11545,11415,11470,825
06/16/2004,11640,11640,11570,11630,583
06/17/2004,11630,11630,11535,11550,244
06/18/2004,11505,11505,11430,11495,827
06/21/2004,11615,11615,11550,11550,260
06/22/2004,11665,11665,11515,11665,388
06/23/2004,11715,11715,11530,11715,640
06/24/2004,11765,11765,11710,11750,405
06/25/2004,11820,11820,11750,11760,364
06/28/2004,11935,11935,11840,11870,750
06/29/2004,11900,11900,11830,11890,320
06/30/2004,11985,11985,11890,11980,977
07/01/2004,11885,11885,11720,11735,985
07/02/2004,11740,11740,11635,11635,673
07/06/2004,11590,11590,11345,11365,477
07/07/2004,11460,11460,11410,11445,915
07/08/2004,11390,11390,11230,11260,517
07/09/2004,11435,11435,11385,11425,558
07/12/2004,11570,11570,11410,11475,673
07/13/2004,11725,11725,11535,11725,1435
07/14/2004,11700,11700,11355,11380,768
07/15/2004,11420,11420,11325,11355,457
07/16/2004,11430,11430,11310,11325,597
07/19/2004,11260,11385,11260,11305,526
07/20/2004,11250,11365,11250,11360,693
07/21/2004,11220,11450,11220,11225,717
07/22/2004,11130,11305,11130,11255,1098
07/23/2004,11100,11210,11055,11085,1082
07/26/2004,11100,11140,11080,11090,364
07/27/2004,11100,11195,11075,11195,1130
07/28/2004,11130,11260,11130,11245,569
07/29/2004,11170,11250,11150,11235,514
07/30/2004,11275,11320,11250,11310,278
08/02/2004,11200,11285,11185,11280,504
08/03/2004,11175,11210,11115,11115,1512
08/04/2004,11025,11110,11010,11080,720
08/05/2004,11100,11115,10905,10930,491
08/06/2004,10960,10970,10720,10735,1411
08/09/2004,10845,10885,10845,10855,868
08/10/2004,10955,11010,10955,11005,874
08/11/2004,10985,11020,10940,11000,1046
08/12/2004,11020,11020,10910,10910,521
08/13/2004,10765,10910,10715,10730,967
08/16/2004,10690,10835,10675,10835,845
08/17/2004,10745,10815,10745,10770,520
08/18/2004,10710,10855,10690,10850,734
08/19/2004,10870,10900,10815,10845,988
08/20/2004,10865,11005,10835,10995,711
08/23/2004,11000,11060,10975,10985,508
08/24/2004,11035,11080,10960,10985,719
08/25/2004,11200,11200,11200,11200,719
08/26/2004,11135,11205,11110,11115,226
08/27/2004,11180,11230,11170,11200,472
08/30/2004,11165,11180,11130,11145,475
08/31/2004,11100,11160,11050,11110,518
09/01/2004,11150,11185,11120,11160,541
09/02/2004,11135,11245,11130,11240,694
09/03/2004,11045,11115,11030,11075,1220
09/06/2004,11250,11280,11250,11280,1220
09/07/2004,11295,11380,11250,11345,1642
09/08/2004,11290,11330,11255,11260,3122
09/09/2004,11155,11215,11155,11160,0
09/10/2004,11080,11120,11050,11120,1052
09/13/2004,11255,11340,11240,11270,1722
09/14/2004,11270,11290,11230,11290,348
09/15/2004,11170,11170,11070,11085,1807
09/16/2004,11095,11140,11080,11130,735
09/17/2004,11100,11120,11055,11090,457
09/20/2004,11100,11140,11020,11120,835
09/21/2004,11090,11135,11075,11125,486
09/22/2004,11020,11020,10905,10915,1510
09/23/2004,10935,10940,10885,10900,863
09/24/2004,10840,10925,10835,10885,413
09/27/2004,10855,10875,10810,10825,871
09/28/2004,10830,10905,10805,10880,751
09/29/2004,10815,10885,10790,10875,0
09/30/2004,10860,10860,10840,10860,561
10/01/2004,10985,11125,10840,11125,1855
10/04/2004,11320,11365,11305,11325,1343
10/05/2004,11305,11310,11240,11240,841
10/06/2004,11365,11430,11325,11410,986
10/07/2004,11375,11385,11280,11310,1135
10/08/2004,11340,11370,11235,11255,1067
10/11/2004,11300,11305,11265,11305,0
10/12/2004,11215,11215,11175,11190,1137
10/13/2004,11200,11260,11100,11100,0
10/14/2004,10955,11145,10955,11145,1991
10/15/2004,10955,11045,10955,11005,0
10/18/2004,11060,11060,11060,11060,1709
10/19/2004,11060,11120,10990,10990,1521
10/20/2004,10845,10900,10810,10875,1457
10/21/2004,10805,10890,10790,10880,1085
10/22/2004,10835,10855,10745,10760,755
10/25/2004,10640,10705,10630,10665,1415
10/26/2004,10670,10750,10670,10750,585
10/27/2004,10700,10865,10690,10860,2234
10/28/2004,10780,10865,10745,10820,1843
10/29/2004,10760,10780,10710,10735,819
11/01/2004,10745,10820,10740,10775,1188
11/02/2004,10920,10960,10870,10930,1880
11/03/2004,11020,11050,10970,11015,1283
11/04/2004,10930,11105,10930,11105,1779
11/05/2004,11060,11135,11040,11105,2005
11/08/2004,11020,11030,10980,11025,1117
11/09/2004,10975,11020,10970,10980,1163
11/10/2004,11035,11080,11020,11035,1305
11/11/2004,10920,10970,10865,10950,1623
11/12/2004,10860,11080,10860,11065,1236
11/15/2004,11190,11255,11170,11255,1778
11/16/2004,11160,11180,11115,11150,1046
11/17/2004,11150,11250,11145,11185,1789
11/18/2004,11130,11140,11090,11130,1206
11/19/2004,11115,11120,10925,10950,2356
11/22/2004,10875,10890,10835,10890,1087
11/23/2004,10905,10915,10825,10875,1009
11/24/2004,10855,10870,10815,10850,479
11/25/2004,10890,10920,10880,10920,0
11/26/2004,10875,10920,10860,10860,1218
11/29/2004,10980,10985,10895,10930,1424
11/30/2004,10870,10890,10820,10860,1308
12/01/2004,10830,10980,10825,10975,1670
12/02/2004,10975,11075,10950,11075,2041
12/03/2004,11100,11105,11000,11000,2037
12/06/2004,10945,10985,10925,10975,1466
12/07/2004,10920,10940,10805,10815,2946
12/08/2004,10895,10990,10895,10990,3046
12/09/2004,10805,10865,10740,10835,3530
12/10/2004,10815,10860,10775,10815,2215
12/13/2004,10810,10885,10810,10885,1022
12/14/2004,10920,10990,10895,10975,1087
12/15/2004,10930,10950,10865,10890,0
12/16/2004,10955,10960,10920,10930,1223
12/17/2004,11030,11055,10990,11010,2230
12/20/2004,11145,11155,11105,11115,976
12/21/2004,11130,11220,11130,11215,0
12/22/2004,11255,11255,11210,11210,1343
12/23/2004,11260,11275,11240,11250,1328
12/27/2004,11360,11390,11310,11325,680
12/28/2004,11450,11530,11435,11525,982
12/29/2004,11455,11510,11450,11485,1331
12/30/2004,11495,11515,11425,11450,797
12/31/2004,11480,11520,11465,11505,129
01/03/2005,11520,11560,11445,11455,908
01/04/2005,11520,11530,11420,11420,1402
01/05/2005,11430,11440,11380,11380,796
01/06/2005,11540,11540,11475,11500,1092
01/07/2005,11480,11515,11430,11440,1058
01/10/2005,11440,11505,11430,11470,598
01/11/2005,11520,11530,11465,11495,1032
01/12/2005,11445,11500,11385,11430,2145
01/13/2005,11390,11425,11365,11390,5607
01/14/2005,11430,11485,11370,11485,684
01/17/2005,11495,11495,11465,11490,0
01/18/2005,11495,11530,11415,11525,1647
01/19/2005,11430,11450,11350,11360,2624
01/20/2005,11365,11365,11190,11245,3236
01/21/2005,11275,11340,11205,11250,1188
01/24/2005,11255,11315,11250,11260,1970
01/25/2005,11305,11375,11295,11320,1440
01/26/2005,11360,11430,11360,11385,1965
01/27/2005,11320,11370,11320,11335,831
01/28/2005,11315,11335,11265,11310,1318
01/31/2005,11380,11425,11375,11390,1737
02/01/2005,11390,11455,11375,11450,1173
02/02/2005,11435,11480,11425,11470,926
02/03/2005,11400,11410,11355,11390,1291
02/04/2005,11330,11415,11305,11405,0
02/07/2005,11485,11535,11480,11530,0
02/08/2005,11500,11560,11490,11520,1284
02/09/2005,11465,11520,11400,11405,2330
02/10/2005,11530,11565,11510,11555,1458
02/11/2005,11540,11660,11540,11645,1565
02/14/2005,11660,11675,11635,11660,915
02/15/2005,11645,11700,11625,11650,1032
02/16/2005,11605,11615,11555,11580,1497
02/17/2005,11615,11625,11535,11540,1633
02/18/2005,11680,11710,11650,11695,3444
02/22/2005,11580,11665,11465,11490,0
02/23/2005,11475,11540,11465,11535,2111
02/24/2005,11530,11610,11505,11610,2084
02/25/2005,11670,11745,11655,11725,1133
02/28/2005,11790,11795,11715,11765,2975
03/01/2005,11790,11860,11780,11850,1563
03/02/2005,11800,11845,11775,11790,1838
03/03/2005,11840,11870,11775,11830,1930
03/04/2005,11870,11970,11870,11970,7008
03/07/2005,11915,11975,11905,11965,5644
03/08/2005,11895,11895,11850,11865,2531
03/09/2005,11970,11970,11855,11875,8950
03/10/2005,11825,11915,11825,11905,4078
03/11/2005,11850,11945,11850,11900,0
03/14/2005,11820,11850,11800,11825,1134
03/15/2005,11835,11855,11730,11755,0
03/16/2005,11820,11820,11675,11700,0
03/17/2005,11705,11740,11680,11715,5108
03/18/2005,11810,11825,11765,11805,2490
03/21/2005,11815,11820,11775,11805,633
03/22/2005,11795,11880,11740,11745,2926
03/23/2005,11730,11730,11655,11690,2422
03/24/2005,11695,11760,11675,11740,3154
03/28/2005,11820,11865,11795,11840,885
03/29/2005,11600,11635,11505,11530,2961
03/30/2005,11550,11620,11525,11620,1689
03/31/2005,11615,11630,11580,11600,1462
04/01/2005,11740,11750,11635,11650,2445
04/04/2005,11655,11680,11615,11680,2788
04/05/2005,11760,11790,11755,11790,1856
04/06/2005,11850,11850,11850,11850,2115
04/07/2005,11900,11900,11790,11870,1516
04/08/2005,11870,11895,11815,11815,1168
04/11/2005,11760,11765,11725,11725,924
04/12/2005,11670,11750,11595,11750,2923
04/13/2005,11660,11670,11560,11570,1892
04/14/2005,11480,11480,11480,11480,2752
04/15/2005,11405,11450,11200,11200,4347
04/18/2005,10940,11000,10930,10965,5500
04/19/2005,10960,11090,10925,11090,2634
04/20/2005,11140,11150,10890,10915,2741
04/21/2005,10900,11155,10900,11155,3818
04/22/2005,11035,11115,10895,10985,1922
04/25/2005,11045,11115,11040,11110,2794
04/26/2005,11010,11035,10945,10950,2048
04/27/2005,10985,11015,10895,11000,2226
04/28/2005,10900,10900,10900,10900,1355
04/29/2005,10935,10965,10865,10940,2678
05/02/2005,11020,11045,10980,11045,1291
05/03/2005,11020,11020,11020,11020,1404
05/04/2005,11025,11130,11000,11120,2326
05/05/2005,11130,11175,11085,11135,2883
05/06/2005,11155,11215,11155,11165,2634
05/09/2005,11175,11240,11165,11230,1000
05/10/2005,11080,11080,11080,11080,2122
05/11/2005,11115,11140,11040,11120,2736
05/12/2005,11010,11010,11010,11010,1933
05/13/2005,11040,11095,10960,11020,2978
05/16/2005,10940,11000,10930,11000,1125
05/17/2005,10840,10925,10840,10915,2823
05/18/2005,10860,11000,10850,10985,3490
05/19/2005,11060,11130,11060,11115,2106
05/20/2005,11060,11075,11030,11050,1506
05/23/2005,11145,11185,11140,11165,2066
05/24/2005,11120,11130,11090,11130,1584
05/25/2005,11040,11050,10965,10980,1766
05/26/2005,11065,11105,11060,11090,2491
05/27/2005,11145,11210,11125,11195,1853
05/31/2005,11235,11255,11200,11210,3541
06/01/2005,11290,11395,11285,11360,2579
06/02/2005,11295,11330,11270,11330,1787
06/03/2005,11280,11285,11220,11220,2350
06/06/2005,11240,11260,11205,11260,4038
06/07/2005,11220,11295,11215,11220,4880
06/08/2005,11300,11315,11275,11290,8022
06/09/2005,11190,11250,11175,11240,3345
06/10/2005,11300,11330,11255,11325,2208
06/13/2005,11330,11360,11295,11365,2110
06/14/2005,11345,11390,11335,11390,1899
06/15/2005,11405,11430,11345,11415,2006
06/16/2005,11460,11460,11460,11460,3031
06/17/2005,11520,11560,11510,11545,1779
06/20/2005,11455,11490,11455,11475,850
06/21/2005,11490,11510,11465,11500,1478
06/22/2005,11545,11555,11510,11530,781
06/23/2005,11545,11555,11465,11480,2030
06/24/2005,11505,11520,11440,11445,855
06/27/2005,11400,11400,11400,11400,1796
06/28/2005,11510,11590,11425,11590,1604
06/29/2005,11540,11540,11540,11540,1134
06/30/2005,11565,11600,11520,11520,1708
07/01/2005,11635,11670,11615,11660,1759
07/05/2005,11640,11665,11575,11655,1979
07/06/2005,11620,11660,11575,11575,2091
07/07/2005,11360,11545,11325,11540,7154
07/08/2005,11600,11735,11575,11730,3154
07/11/2005,11710,11780,11705,11755,3469
07/12/2005,11700,11750,11680,11725,1978
07/13/2005,11705,11735,11690,11695,1161
07/14/2005,11805,11825,11770,11810,3918
07/15/2005,11795,11815,11755,11790,1835
07/18/2005,11785,11785,11720,11735,1653
07/19/2005,11795,11835,11785,11835,2377
07/20/2005,11785,11845,11775,11830,2424
07/21/2005,11785,11830,11720,11745,4025
07/22/2005,11690,11725,11675,11745,1517
07/25/2005,11760,11775,11725,11725,1150
07/26/2005,11750,11765,11730,11755,1391
07/27/2005,11840,11895,11820,11890,2493
07/28/2005,11850,11915,11845,11915,2166
07/29/2005,11920,11930,11845,11875,1362
08/01/2005,11955,11975,11940,11965,1470
08/02/2005,11940,12020,11940,12005,3568
08/03/2005,11995,11995,11925,11945,2574
08/04/2005,11835,11835,11835,11835,2250
08/05/2005,11790,11835,11700,11715,2735
08/08/2005,11795,11800,11740,11775,2320
08/09/2005,11970,11970,11970,11970,3096
08/10/2005,12145,12220,12100,12155,4743
08/11/2005,12240,12350,12215,12350,6732
08/12/2005,12290,12290,12210,12255,2964
08/15/2005,12280,12340,12270,12340,1370
08/16/2005,12325,12325,12235,12235,2812
08/17/2005,12275,12340,12255,12315,3099
08/18/2005,12265,12305,12250,12285,2336
08/19/2005,12335,12360,12325,12350,2869
08/22/2005,12485,12545,12445,12530,4385
08/23/2005,12460,12460,12460,12460,4643
08/24/2005,12465,12505,12390,12400,3656
08/25/2005,12405,12435,12400,12435,723
08/26/2005,12450,12450,12375,12410,3942
08/29/2005,12335,12445,12330,12435,2744
08/30/2005,12460,12465,12375,12420,4761
08/31/2005,12515,12515,12515,12515,4235
09/01/2005,12560,12590,12520,12540,5324
09/02/2005,12540,12625,12540,12585,4801
09/06/2005,12700,12700,12700,12700,8636
09/07/2005,12640,12675,12610,12665,6147
09/08/2005,12580,12585,12535,12545,4478
09/09/2005,12710,12810,12525,12790,7229
09/12/2005,12890,12890,12890,12890,6984
09/13/2005,12810,12810,12810,12810,2724
09/14/2005,12775,12815,12740,12750,2768
09/15/2005,12940,12940,12940,12940,3670
09/16/2005,12930,13070,12930,13065,4397
09/19/2005,12975,12975,12975,12975,3122
09/20/2005,13125,13160,13070,13085,4028
09/21/2005,13080,13145,13070,13100,4082
09/22/2005,13100,13140,13085,13125,2837
09/23/2005,13135,13210,13120,13190,2536
09/26/2005,13330,13370,13305,13330,5368
09/27/2005,13370,13370,13370,13370,5368
09/28/2005,13475,13475,13475,13475,6145
09/29/2005,13485,13715,13455,13715,5980
09/30/2005,13600,13675,13575,13665,5111
10/03/2005,13600,13610,13545,13600,2255
10/04/2005,13755,13815,13700,13705,5250
10/05/2005,13635,13640,13500,13525,4376
10/06/2005,13540,13540,13045,13150,11684
10/07/2005,13125,13305,13100,13290,6172
10/10/2005,13310,13330,13215,13240,6188
10/11/2005,13525,13560,13230,13510,5592
10/12/2005,13445,13485,13350,13365,5307
10/13/2005,13425,13435,13310,13425,4827
10/14/2005,13405,13540,13390,13530,5468
10/17/2005,13360,13445,13350,13430,3642
10/18/2005,13380,13385,13270,13295,2781
10/19/2005,13230,13255,13055,13250,6979
10/20/2005,13255,13255,13025,13030,6064
10/21/2005,13005,13250,13005,13215,3514
10/24/2005,13110,13245,13095,13235,4045
10/25/2005,13270,13300,13210,13295,3008
10/26/2005,13430,13485,13370,13410,4373
10/27/2005,13355,13380,13260,13290,4323
10/28/2005,13305,13450,13300,13435,4505
10/31/2005,13620,13725,13620,13680,5843
11/01/2005,13625,13900,13625,13895,3566
11/02/2005,13890,13995,13830,13985,7388
11/03/2005,13950,14065,13915,14065,6736
11/04/2005,14035,14050,13985,14035,5298
11/07/2005,14020,14080,13980,14070,5112
11/08/2005,14025,14035,13950,13975,5410
11/09/2005,14005,14095,13985,14035,5381
11/10/2005,14030,14110,13990,14100,4625
11/11/2005,14120,14220,14115,14220,2298
11/14/2005,14160,14165,14090,14155,4483
11/15/2005,14070,14130,14035,14075,4526
11/16/2005,14170,14215,14155,14205,3086
11/17/2005,14415,14525,14415,14510,5436
11/18/2005,14490,14680,14490,14665,5595
11/21/2005,14700,14780,14680,14765,3908
11/22/2005,14650,14760,14630,14725,4065
11/23/2005,14725,14860,14705,14860,5105
11/25/2005,14695,14840,14670,14810,3611
11/28/2005,14995,15000,14830,14865,5721
11/29/2005,14895,14955,14895,14920,4718
11/30/2005,14845,14890,14825,14855,4701
12/01/2005,15170,15300,15165,15280,5090
12/02/2005,15385,15400,15285,15340,5652
12/05/2005,15555,15565,15440,15500,8224
12/06/2005,15465,15595,15455,15535,20354
12/07/2005,15530,15540,15400,15460,14274
12/08/2005,15470,15470,15125,15185,6918
12/09/2005,15150,15535,15150,15530,5737
12/12/2005,15770,15775,15685,15760,4383
12/13/2005,15755,15880,15740,15860,6438
12/14/2005,15840,15860,15290,15350,9375
12/15/2005,15095,15215,15090,15115,6580
12/16/2005,15240,15285,15025,15215,3640
12/19/2005,15420,15435,15315,15325,4168
12/20/2005,15570,15640,15555,15635,4105
12/21/2005,15915,15955,15890,15950,4294
12/22/2005,15905,15970,15855,15965,3887
12/23/2005,15935,15955,15910,15945,1560
12/27/2005,16015,16050,15810,15820,3104
12/28/2005,16250,16280,16185,16275,5182
12/29/2005,16380,16390,16300,16320,3572
12/30/2005,16025,16135,16005,16130,3091
01/03/2006,16250,16390,16175,16385,7198
01/04/2006,16350,16515,16335,16490,6870
01/05/2006,16485,16485,16305,16345,5676
01/06/2006,16350,16440,16300,16435,5732
01/09/2006,16390,16515,16385,16465,4520
01/10/2006,16085,16500,16055,16150,6475
01/11/2006,16180,16420,16180,16420,5810
01/12/2006,16390,16405,16305,16325,6704
01/13/2006,16330,16360,16260,16355,5267
01/17/2006,16215,16275,15765,15820,12960
01/18/2006,15760,15790,15295,15355,12724
01/19/2006,15290,15820,15290,15785,8906
01/20/2006,15695,15705,15205,15250,13143
01/23/2006,15405,15450,15320,15365,7239
01/24/2006,15380,15720,15380,15720,6042
01/25/2006,15695,15775,15640,15730,7029
01/26/2006,16035,16200,16025,16165,7818
01/27/2006,16450,16700,16425,16695,10283
01/30/2006,16570,16650,16555,16640,4226
01/31/2006,16560,16670,16550,16560,5534
02/01/2006,16560,16655,16490,16640,7911
02/02/2006,16710,16710,16505,16540,6537
02/03/2006,16700,16815,16590,16725,8431
02/06/2006,16745,16780,16715,16750,3651
02/07/2006,16630,16655,16520,16555,7252
02/08/2006,16335,16475,16280,16470,8885
02/09/2006,16565,16615,16465,16485,7344
02/10/2006,16290,16340,16140,16280,8179
02/13/2006,15930,16010,15870,15895,7746
02/14/2006,16170,16315,15895,16305,7982
02/15/2006,15970,16065,15945,16010,6290
02/16/2006,16030,16160,16010,16160,5775
02/17/2006,15815,15840,15730,15760,6923
02/21/2006,15575,16015,15560,15920,11151
02/22/2006,15795,15985,15775,15945,5631
02/23/2006,16010,16075,15975,15990,5766
02/24/2006,15985,16180,15985,16160,6617
02/27/2006,16120,16250,16120,16230,5194
02/28/2006,16180,16180,15955,15965,9270
03/01/2006,15955,16130,15950,16125,5572
03/02/2006,16125,16125,15760,15825,10634
03/03/2006,15830,15830,15565,15610,8100
03/06/2006,15900,15910,15765,15815,9221
03/07/2006,15875,15875,15600,15680,13898
03/08/2006,15640,15745,15555,15705,11350
03/09/2006,15985,16055,15970,15985,9394
03/10/2006,15910,16245,15910,16205,11110
03/13/2006,16350,16375,16295,16360,6913
03/14/2006,16190,16310,16125,16310,10048
03/15/2006,16275,16305,16210,16295,4226
03/16/2006,16085,16185,16050,16095,6095
03/17/2006,16220,16235,16180,16220,5217
03/20/2006,16520,16530,16470,16500,4085
03/21/2006,16470,16580,16420,16450,8035
03/22/2006,16430,16570,16415,16560,4049
03/23/2006,16440,16480,16345,16450,4130
03/24/2006,16465,16530,16430,16510,4944
03/27/2006,16555,16570,16490,16555,4819
03/28/2006,16655,16680,16520,16555,5468
03/29/2006,16905,17070,16875,17055,6307
03/30/2006,17030,17145,16995,17085,6035
03/31/2006,17045,17075,16980,17005,3589
04/03/2006,17355,17430,17330,17385,9631
04/04/2006,17320,17375,17280,17335,7240
04/05/2006,17290,17380,17275,17360,4785
04/06/2006,17510,17520,17425,17450,6600
04/07/2006,17535,17580,17370,17425,9140
04/10/2006,17465,17515,17440,17505,5342
04/11/2006,17420,17475,17280,17315,7817
04/12/2006,17155,17215,17140,17200,5920
04/13/2006,17230,17250,17130,17205,4448
04/17/2006,17015,17035,16955,16980,2696
04/18/2006,16985,17465,16985,17460,7623
04/19/2006,17480,17480,17355,17450,6301
04/20/2006,17345,17440,17275,17320,7701
04/21/2006,17395,17430,17255,17295,4089
04/24/2006,16900,16955,16820,16835,7743
04/25/2006,16820,17025,16820,16920,5492
04/26/2006,16915,17150,16915,17110,3907
04/27/2006,17035,17145,16990,17040,10122
04/28/2006,16970,17020,16870,16930,5710
05/01/2006,16935,16950,16865,16870,3145
05/02/2006,17135,17160,17105,17135,4045
05/03/2006,17100,17175,17070,17160,3757
05/04/2006,17150,17260,17150,17245,2912
05/05/2006,17220,17340,17145,17340,5762
05/08/2006,17230,17295,17205,17270,5781
05/09/2006,17180,17235,17160,17205,3989
05/10/2006,16990,17000,16860,16880,6409
05/11/2006,16900,16955,16555,16620,11642
05/12/2006,16455,16520,16300,16325,9554
05/15/2006,16425,16525,16320,16515,9147
05/16/2006,16525,16535,16220,16230,10542
05/17/2006,16225,16280,15870,15930,15842
05/18/2006,15930,16150,15890,15965,10043
05/19/2006,15960,16295,15960,16220,9161
05/22/2006,15830,15855,15630,15725,12809
05/23/2006,15735,15900,15550,15560,16651
05/24/2006,15505,15900,15500,15840,12616
05/25/2006,15845,15890,15700,15865,8107
05/26/2006,16010,16175,15950,16140,8586
05/30/2006,15920,15980,15535,15570,10070
05/31/2006,15560,15660,15520,15655,9668
06/01/2006,15670,15730,15440,15715,9848
06/02/2006,15810,15855,15670,15815,7097
06/05/2006,15670,15705,15425,15500,9956
06/06/2006,15400,15535,15160,15335,21073
06/07/2006,15350,15350,15080,15085,19390
06/08/2006,15110,15110,14465,14670,14283
06/09/2006,14640,14850,14620,14635,8572
06/12/2006,14780,14865,14545,14575,9354
06/13/2006,14255,14340,14110,14150,16992
06/14/2006,14105,14400,14105,14390,10648
06/15/2006,14400,14880,14400,14835,14162
06/16/2006,14785,14870,14665,14695,9181
06/19/2006,14935,14965,14710,14755,7707
06/20/2006,14745,14775,14630,14720,8679
06/21/2006,14725,14920,14635,14855,10705
06/22/2006,15105,15105,14950,15050,10242
06/23/2006,15055,15170,14995,15075,5926
06/26/2006,15110,15155,15080,15145,2938
06/27/2006,15150,15155,14870,14900,8651
06/28/2006,14930,15010,14865,15010,5510
06/29/2006,15185,15485,15155,15470,10016
06/30/2006,15490,15555,15435,15495,9530
07/03/2006,15590,15755,15585,15740,3053
07/05/2006,15630,15660,15290,15425,9008
07/06/2006,15445,15470,15345,15440,5895
07/07/2006,15335,15445,15150,15185,8839
07/10/2006,15490,15545,15410,15490,5183
07/11/2006,15480,15500,15285,15490,6289
07/12/2006,15550,15580,15120,15195,5072
07/13/2006,15250,15300,14800,14860,11753
07/14/2006,14870,14880,14655,14700,10393
07/17/2006,14715,14785,14645,14710,4463
07/18/2006,14480,14625,14410,14580,9530
07/19/2006,14590,14940,14530,14860,12308
07/20/2006,14880,15020,14750,14795,9479
07/21/2006,14805,14850,14650,14710,7674
07/24/2006,14815,15030,14785,14975,7353
07/25/2006,14990,15225,14990,15140,7639
07/26/2006,15135,15135,14905,14950,6703
07/27/2006,14925,15305,14920,15190,9968
07/28/2006,15175,15505,15145,15460,8806
07/31/2006,15410,15440,15375,15430,6191
08/01/2006,15425,15430,15245,15320,7622
08/02/2006,15310,15625,15310,15575,9844
08/03/2006,15475,15610,15380,15545,6946
08/04/2006,15575,15630,15420,15485,8752
08/07/2006,15215,15250,15170,15220,5117
08/08/2006,15210,15470,15210,15380,9142
08/09/2006,15395,15745,15385,15555,13515
08/10/2006,15565,15640,15500,15605,7007
08/11/2006,15600,15630,15520,15580,4258
08/14/2006,15650,15935,15650,15820,7130
08/15/2006,15820,16050,15820,16010,9429
08/16/2006,16045,16195,16040,16160,8184
08/17/2006,16025,16135,16000,16075,5719
08/18/2006,16060,16130,16010,16125,4835
08/21/2006,15995,16025,15965,16020,5201
08/22/2006,16115,16200,16095,16195,7615
08/23/2006,16170,16195,16030,16105,5746
08/24/2006,16100,16100,15930,15970,6795
08/25/2006,15970,16055,15940,15980,4552
08/28/2006,15790,15925,15785,15875,8046
08/29/2006,15940,15955,15830,15955,5500
08/30/2006,15900,15955,15885,15910,6556
08/31/2006,15900,16155,15900,16085,4229
09/01/2006,16135,16215,16095,16195,5273
09/05/2006,16325,16365,16295,16335,13145
09/06/2006,16245,16250,16115,16125,17862
09/07/2006,15935,15975,15845,15965,10851
09/08/2006,15930,16040,15925,16015,5047
09/11/2006,15790,15900,15710,15805,11578
09/12/2006,15690,15955,15690,15945,10287
09/13/2006,15735,15855,15705,15815,6951
09/14/2006,15830,15910,15810,15835,4668
09/15/2006,15840,15910,15780,15805,5987
09/18/2006,15880,15905,15805,15865,6360
09/19/2006,15785,15845,15645,15740,6402
09/20/2006,15735,15870,15690,15850,8895
09/21/2006,15820,15830,15645,15695,6040
09/22/2006,15560,15590,15440,15515,4278
09/25/2006,15605,15690,15485,15670,6633
09/26/2006,15560,15720,15540,15700,7975
09/27/2006,15925,16020,15880,15970,13419
09/28/2006,15975,16115,15975,16095,6748
09/29/2006,16135,16155,16085,16100,5457
10/02/2006,16250,16300,16185,16200,8887
10/03/2006,16165,16285,16135,16250,10243
10/04/2006,16220,16345,16100,16340,9855
10/05/2006,16345,16500,16345,16445,8598
10/06/2006,16470,16500,16350,16415,7889
10/09/2006,16385,16405,16265,16305,6310
10/10/2006,16305,16560,16305,16530,6710
10/11/2006,16530,16530,16290,16440,7935
10/12/2006,16380,16560,16350,16530,9295
10/13/2006,16575,16650,16540,16620,6333
10/16/2006,16695,16715,16650,16680,4990
10/17/2006,16555,16600,16445,16585,8931
10/18/2006,16595,16765,16580,16700,7731
10/19/2006,16685,16695,16530,16580,3934
10/20/2006,16570,16665,16545,16610,5672
10/23/2006,16670,16890,16670,16870,10376
10/24/2006,16860,16860,16765,16840,4597
10/25/2006,16830,16850,16720,16835,6572
10/26/2006,16850,16870,16745,16870,4895
10/27/2006,16680,16695,16490,16520,7064
10/30/2006,16380,16480,16360,16435,8094
10/31/2006,16430,16440,16300,16360,6025
11/01/2006,16350,16460,16225,16245,8301
11/02/2006,16330,16365,16250,16300,4135
11/03/2006,16375,16445,16320,16340,6871
11/06/2006,16415,16585,16395,16560,8080
11/07/2006,16565,16565,16375,16400,6824
11/08/2006,16245,16305,16160,16270,8450
11/09/2006,16260,16300,16115,16145,6052
11/10/2006,16140,16140,16060,16085,2724
11/13/2006,16035,16100,16000,16040,6382
11/14/2006,16035,16400,16025,16390,8779
11/15/2006,16270,16390,16210,16350,6771
11/16/2006,16160,16255,16145,16235,7502
11/17/2006,16065,16080,15975,16060,6963
11/20/2006,15760,15850,15740,15795,10860
11/21/2006,15820,15820,15715,15770,3946
11/22/2006,15765,15870,15765,15790,4706
11/24/2006,15805,15815,15590,15600,5286
11/27/2006,15775,15820,15620,15665,9481
11/28/2006,15670,15890,15650,15880,10699
11/29/2006,15880,16190,15865,16180,9364
11/30/2006,16175,16280,16165,16215,12494
12/01/2006,16305,16305,16065,16240,12416
12/04/2006,16230,16405,16220,16350,9754
12/05/2006,16355,16355,16240,16330,18217
12/06/2006,16350,16415,16320,16400,13420
12/07/2006,16390,16495,16390,16415,21316
12/08/2006,16410,16555,16410,16535,6968
12/11/2006,16585,16670,16550,16640,6064
12/12/2006,16655,16685,16575,16680,4721
12/13/2006,16730,16745,16680,16735,4592
12/14/2006,16730,16965,16730,16940,7592
12/15/2006,16935,17035,16900,16960,7653
12/18/2006,16955,16970,16830,16865,4867
12/19/2006,16795,16855,16735,16780,8564
12/20/2006,17015,17060,16975,16990,4349
12/21/2006,17050,17100,16980,16990,5551
12/22/2006,16985,17155,16985,17135,4716
12/26/2006,17180,17265,17165,17255,1201
12/27/2006,17245,17330,17210,17325,4123
12/28/2006,17230,17320,17230,17295,2358
12/29/2006,17295,17340,17250,17255,3195
01/02/2007,17350,17390,17345,17255,892
01/03/2007,17295,17475,17245,17315,13309
01/04/2007,17310,17420,17245,17410,8107
01/05/2007,17405,17405,16930,16935,12574
01/08/2007,17070,17075,16935,17060,6780
01/09/2007,17275,17275,17055,17245,9422
01/10/2007,17225,17225,16905,16995,9971
01/11/2007,17000,17070,16880,17025,9536
01/12/2007,17065,17195,17030,17140,5683
01/16/2007,17265,17285,17200,17230,5615
01/17/2007,17280,17290,17205,17220,6481
01/18/2007,17200,17455,17200,17330,8843
01/19/2007,17340,17465,17330,17420,5551
01/22/2007,17465,17470,17315,17375,6625
01/23/2007,17410,17550,17380,17505,7120
01/24/2007,17520,17675,17520,17665,8808
01/25/2007,17650,17650,17320,17380,8116
01/26/2007,17405,17480,17320,17445,8145
01/29/2007,17515,17595,17495,17530,7508
01/30/2007,17520,17615,17505,17590,6019
01/31/2007,17390,17595,17335,17420,10364
02/01/2007,17420,17655,17420,17650,7475
02/02/2007,17640,17640,17555,17560,4268
02/05/2007,17375,17445,17350,17380,6164
02/06/2007,17435,17470,17350,17420,4189
02/07/2007,17435,17445,17315,17370,7385
02/08/2007,17290,17300,17220,17280,8018
02/09/2007,17555,17565,17280,17430,10547
02/12/2007,17480,17525,17385,17425,5018
02/13/2007,17450,17720,17450,17690,9791
02/14/2007,17700,17985,17700,17940,12225
02/15/2007,17855,17900,17815,17880,8532
02/16/2007,17870,17885,17805,17860,5314
02/20/2007,17930,17975,17870,17940,8261
02/21/2007,17910,17980,17860,17975,8622
02/22/2007,18095,18185,18085,18170,10377
02/23/2007,18155,18235,18140,18205,7676
02/26/2007,18240,18250,18140,18225,8082
02/27/2007,18215,18215,17280,17465,35606
02/28/2007,17445,17640,17380,17495,23792
03/01/2007,17510,17510,16990,17300,28973
03/02/2007,17065,17285,16835,16865,24048
03/05/2007,16485,16715,16470,16520,29412
03/06/2007,16510,16970,16510,16925,40419
03/07/2007,16745,16845,16720,16740,20132
03/08/2007,17100,17210,17080,17105,19762
03/09/2007,17050,17245,17050,17185,12745
03/12/2007,17295,17300,17095,17275,14916
03/13/2007,17280,17280,16715,16775,15553
03/14/2007,16780,16780,16275,16710,28363
03/15/2007,16745,16915,16715,16820,13821
03/16/2007,16825,16865,16630,16715,8871
03/19/2007,17025,17115,16970,17105,9891
03/20/2007,17095,17240,17040,17210,8813
03/21/2007,17220,17510,17190,17460,10815
03/22/2007,17430,17635,17430,17560,16747
03/23/2007,17560,17570,17425,17515,8274
03/26/2007,17495,17560,17285,17480,10804
03/27/2007,17475,17480,17355,17405,10300
03/28/2007,17395,17395,17040,17130,11807
03/29/2007,17135,17420,17135,17330,11214
03/30/2007,17325,17475,17190,17245,12911
04/02/2007,17105,17200,17050,17135,9319
04/03/2007,17305,17465,17300,17430,10052
04/04/2007,17445,17590,17420,17585,7979
04/05/2007,17565,17605,17480,17555,4503
04/06/2007,17540,17615,17500,17555,1337
04/09/2007,17745,17810,17715,17730,3877
04/10/2007,17730,17780,17690,17730,6363
04/11/2007,17730,17745,17570,17625,8946
04/12/2007,17530,17650,17470,17615,9206
04/13/2007,17470,17570,17435,17535,10379
04/16/2007,17695,17895,17690,17870,11308
04/17/2007,17585,17705,17575,17655,11739
04/18/2007,17660,17665,17545,17610,11132
04/19/2007,17670,17670,17310,17440,10512
04/20/2007,17425,17620,17410,17615,9391
04/23/2007,17465,17520,17390,17440,7106
04/24/2007,17440,17465,17310,17435,6357
04/25/2007,17440,17490,17310,17485,12669
04/26/2007,17490,17520,17380,17515,7492
04/27/2007,17525,17525,17290,17400,7308
04/30/2007,17440,17460,17265,17305,5777
05/01/2007,17280,17330,17215,17320,7189
05/02/2007,17445,17520,17405,17490,8094
05/03/2007,17505,17585,17455,17580,6790
05/04/2007,17580,17625,17550,17605,6169
05/07/2007,17640,17675,17605,17665,6179
05/08/2007,17655,17655,17515,17585,10077
05/09/2007,17720,17815,17670,17810,14248
05/10/2007,17810,17810,17500,17520,11275
05/11/2007,17520,17720,17475,17715,13853
05/14/2007,17675,17745,17600,17685,8172
05/15/2007,17685,17685,17490,17530,14421
05/16/2007,17575,17670,17520,17670,8834
05/17/2007,17675,17680,17470,17550,4569
05/18/2007,17415,17545,17405,17495,10698
05/21/2007,17530,17620,17520,17565,7822
05/22/2007,17705,17725,17625,17665,9034
05/23/2007,17665,17800,17665,17700,10269
05/24/2007,17690,17745,17500,17535,11484
05/25/2007,17535,17565,17450,17535,8858
05/29/2007,17610,17745,17600,17700,7840
05/30/2007,17695,17715,17515,17710,10626
05/31/2007,17855,17965,17840,17955,23213
06/01/2007,17940,18065,17940,18045,9118
06/04/2007,17945,18010,17915,17985,14011
06/05/2007,17980,18060,17885,17965,23723
06/06/2007,17965,17965,17750,17795,29028
06/07/2007,17800,17970,17685,17745,14297
06/08/2007,17670,17945,17660,17940,12303
06/11/2007,17875,17995,17825,17915,12065
06/12/2007,17800,17850,17655,17670,9781
06/13/2007,17720,17915,17680,17890,8673
06/14/2007,17925,18020,17895,17990,11885
06/15/2007,17980,18195,17980,18160,11502
06/18/2007,18190,18240,18125,18215,7213
06/19/2007,18160,18215,18125,18210,6845
06/20/2007,18235,18290,18075,18085,8832
06/21/2007,18185,18250,18075,18220,11105
06/22/2007,18180,18205,17950,18030,13211
06/25/2007,18030,18165,17960,18030,9263
06/26/2007,18025,18115,17955,17970,11451
06/27/2007,17970,17980,17740,17945,11440
06/28/2007,17975,18065,17945,17990,5946
06/29/2007,18095,18220,17980,18165,10191
07/02/2007,18165,18275,18145,18265,5953
07/03/2007,18210,18245,18185,18235,3979
07/05/2007,18190,18235,18120,18225,5712
07/06/2007,18225,18240,18160,18195,5036
07/09/2007,18290,18360,18225,18225,4159
07/10/2007,18230,18230,18040,18070,9878
07/11/2007,18010,18120,17920,18120,9614
07/12/2007,18125,18195,18020,18185,13763
07/13/2007,18195,18300,18190,18245,8114
07/16/2007,18235,18265,18170,18190,4221
07/17/2007,18140,18255,18140,18200,6419
07/18/2007,18165,18205,17935,18085,9657
07/19/2007,18085,18230,18085,18190,7034
07/20/2007,18185,18185,17855,17945,11340
07/23/2007,17940,18075,17940,18015,7804
07/24/2007,18005,18015,17700,17745,14234
07/25/2007,17815,17880,17640,17795,18056
07/26/2007,17775,17815,17050,17265,40841
07/27/2007,17270,17300,16980,17020,21765
07/30/2007,17140,17355,17120,17295,13908
07/31/2007,17315,17410,17105,17140,15047
08/01/2007,17145,17145,16800,16985,18619
08/02/2007,16990,17170,16985,17130,13374
08/03/2007,17000,17025,16610,16675,15154
08/06/2007,16910,17040,16730,17025,15864
08/07/2007,16960,17105,16880,17025,13369
08/08/2007,17025,17335,17015,17290,14950
08/09/2007,17285,17295,16830,16855,19092
08/10/2007,16850,16850,16445,16700,20735
08/13/2007,16745,16880,16740,16740,10879
08/14/2007,16735,16890,16555,16620,13302
08/15/2007,16570,16625,16240,16265,16774
08/16/2007,16250,16255,15500,15940,40240
08/17/2007,15950,16110,15355,15825,34676
08/20/2007,15845,15855,15575,15795,15591
08/21/2007,15685,15870,15685,15820,13931
08/22/2007,15865,16175,15865,16155,10866
08/23/2007,16155,16570,16155,16365,14938
08/24/2007,16335,16495,16200,16485,9523
08/27/2007,16400,16405,16285,16290,5038
08/28/2007,16280,16285,15880,15945,14456
08/29/2007,15940,16410,15880,16375,10098
08/30/2007,16370,16370,16040,16225,11092
08/31/2007,16650,16675,16505,16585,13617
09/04/2007,16490,16590,16345,16545,12777
09/05/2007,16535,16555,15990,16095,15050
09/06/2007,16130,16260,16080,16185,27007
09/07/2007,16050,16095,15735,15790,31881
09/10/2007,15805,15855,15565,15710,21230
09/11/2007,15700,15980,15700,15955,23549
09/12/2007,15820,15925,15795,15885,25344
09/13/2007,15875,16045,15795,15975,11505
09/14/2007,15935,16100,15935,16090,7793
09/17/2007,15975,16035,15915,15970,8949
09/18/2007,15830,16275,15805,16260,21232
09/19/2007,16280,16580,16280,16440,12571
09/20/2007,16340,16425,16125,16180,13553
09/21/2007,16175,16500,16175,16370,8100
09/24/2007,16425,16445,16340,16380,6737
09/25/2007,16315,16380,16250,16375,10501
09/26/2007,16380,16610,16380,16570,9447
09/27/2007,16870,16930,16830,16925,9884
09/28/2007,16770,16815,16680,16730,7729
10/01/2007,16900,17150,16830,17080,10339
10/02/2007,17155,17165,17015,17060,8051
10/03/2007,17080,17155,17025,17100,9320
10/04/2007,17105,17125,17045,17075,5045
10/05/2007,17130,17305,17110,17280,7703
10/08/2007,17240,17285,17185,17265,2774
10/09/2007,17300,17300,17185,17280,8111
10/10/2007,17225,17270,17160,17250,7016
10/11/2007,17230,17600,17230,17370,12086
10/12/2007,17345,17480,17340,17480,5954
10/15/2007,17425,17430,17190,17290,7129
10/16/2007,17040,17315,16920,16935,11748
10/17/2007,16965,17130,16910,17000,11164
10/18/2007,17010,17055,16895,16970,7751
10/19/2007,16950,17000,16425,16430,10577
10/22/2007,16320,16505,16285,16475,12089
10/23/2007,16500,16590,16395,16550,10565
10/24/2007,16550,16550,16085,16370,16794
10/25/2007,16365,16460,16200,16360,10993
10/26/2007,16350,16685,16350,16635,7995
10/29/2007,16745,16760,16665,16735,9443
10/30/2007,16680,16700,16595,16625,7345
10/31/2007,16725,16875,16690,16835,10325
11/01/2007,16840,16885,16420,16515,17849
11/02/2007,16415,16575,16285,16490,15087
11/05/2007,16110,16225,16070,16180,10286
11/06/2007,16255,16385,16255,16360,9137
11/07/2007,16385,16400,15755,15825,13312
11/08/2007,15790,15900,15530,15655,14443
11/09/2007,15640,15710,15050,15245,24378
11/12/2007,15160,15235,14950,15015,13510
11/13/2007,15030,15450,15005,15410,14600
11/14/2007,15430,15650,15390,15480,15071
11/15/2007,15240,15330,15070,15160,12930
11/16/2007,15170,15250,15075,15175,10147
11/19/2007,15040,15050,14700,14765,15935
11/20/2007,14760,15285,14760,15165,16097
11/21/2007,15160,15205,14535,14680,14332
11/23/2007,14785,15040,14745,14990,7913
11/26/2007,15190,15205,14805,14840,12434
11/27/2007,15190,15290,14830,15265,12420
11/28/2007,15140,15570,15140,15510,17399
11/29/2007,15530,15680,15490,15575,9726
11/30/2007,15785,15900,15570,15780,13279
12/03/2007,15680,15685,15555,15625,7455
12/04/2007,15410,15435,15335,15415,8386
12/05/2007,15435,15905,15430,15850,11155
12/06/2007,15940,16090,15795,16080,11458
12/07/2007,16055,16055,15925,15995,9433
12/10/2007,15935,16075,15935,16020,12782
12/11/2007,16015,16130,15535,15615,24167
12/12/2007,15885,16150,15770,15915,25627
12/13/2007,15620,15620,15435,15570,30910
12/14/2007,15460,15610,15430,15445,13710
12/17/2007,15230,15330,15025,15035,8830
12/18/2007,15050,15330,15050,15250,8982
12/19/2007,15080,15255,15060,15165,7826
12/20/2007,15055,15175,15010,15115,8191
12/21/2007,15395,15675,15385,15595,11444
12/24/2007,15575,15660,15555,15645,2555
12/26/2007,15700,15740,15640,15700,2172
12/27/2007,15665,15680,15350,15395,7319
12/28/2007,15330,15490,15260,15295,9150
12/31/2007,15335,15350,15120,15160,2701
01/02/2008,15220,15260,14820,14945,10749
01/03/2008,14845,15000,14805,14875,10896
01/04/2008,14845,14855,14350,14480,23305
01/07/2008,14525,14565,14380,14480,12231
01/08/2008,14520,14645,14350,14370,15879
01/09/2008,14300,14620,14300,14590,16674
01/10/2008,14615,14630,14315,14470,18003
01/11/2008,14475,14475,14075,14145,14515
01/14/2008,14130,14260,14060,14190,9323
01/15/2008,13960,14050,13615,13765,19675
01/16/2008,13680,13730,13350,13565,20980
01/17/2008,13715,13745,13290,13340,22660
01/18/2008,13390,13785,13380,13530,17049
01/22/2008,12905,13220,12560,13080,53977
01/23/2008,13055,13080,12365,13075,33427
01/24/2008,13080,13290,13040,13260,20743
01/25/2008,13295,13760,13290,13445,21480
01/28/2008,13155,13400,13070,13290,14586
01/29/2008,13305,13580,13305,13520,10793
01/30/2008,13520,13655,13355,13360,16637
01/31/2008,13355,13680,13235,13580,22510
02/01/2008,13625,13820,13560,13760,15008
02/04/2008,13900,13940,13730,13750,10329
02/05/2008,13780,13780,13285,13350,19270
02/06/2008,13345,13345,13020,13085,13486
02/07/2008,13115,13345,12950,13240,16951
02/08/2008,13180,13255,12850,12935,12709
02/11/2008,12960,13070,12825,12980,8941
02/12/2008,12935,13300,12935,13215,16780
02/13/2008,13170,13335,13130,13280,11981
02/14/2008,13600,13710,13425,13435,17335
02/15/2008,13540,13620,13365,13560,15331
02/19/2008,13710,13890,13610,13700,15877
02/20/2008,13355,13530,13280,13465,17794
02/21/2008,13480,13795,13455,13520,12638
02/22/2008,13500,13595,13300,13590,11185
02/25/2008,13865,14035,13755,14005,13610
02/26/2008,13970,14095,13850,14045,12119
02/27/2008,13925,14065,13865,13915,14560
02/28/2008,13900,13925,13655,13680,13605
02/29/2008,13455,13465,13260,13295,18309
03/03/2008,12920,13180,12890,13120,17221
03/04/2008,13130,13175,12690,12910,15381
03/05/2008,12935,13180,12920,13025,17072
03/06/2008,13105,13165,12755,12805,14414
03/07/2008,12805,12845,12550,12650,15083
03/10/2008,12630,12690,12400,12425,18720
03/11/2008,12420,13020,12415,13010,31924
03/12/2008,13000,13030,12745,12770,23446
03/13/2008,12270,12730,12265,12595,27524
03/14/2008,12340,12495,11950,12035,23094
03/17/2008,11655,11830,11505,11710,23165
03/18/2008,11780,12355,11700,12345,21163
03/19/2008,12350,12400,11840,11850,18002
03/20/2008,12015,12175,11815,12110,10930
03/24/2008,12455,12660,12455,12595,7583
03/25/2008,12610,12790,12605,12690,15019
03/26/2008,12660,12700,12510,12515,11791
03/27/2008,12515,12795,12500,12590,12141
03/28/2008,12855,12860,12610,12635,9695
03/31/2008,12540,12715,12535,12640,10016
04/01/2008,12660,13220,12660,13185,16080
04/02/2008,13245,13375,13175,13250,11461
04/03/2008,13375,13415,13270,13350,8694
04/04/2008,13340,13420,13210,13260,8080
04/07/2008,13550,13555,13410,13430,7976
04/08/2008,13410,13410,13205,13350,8706
04/09/2008,13360,13360,13020,13090,10503
04/10/2008,12930,13100,12845,13005,13341
04/11/2008,13005,13225,12965,13005,15561
04/14/2008,12910,12990,12850,12915,6707
04/15/2008,12925,13070,12875,13010,9286
04/16/2008,13050,13475,13045,13455,10906
04/17/2008,13435,13475,13325,13455,11084
04/18/2008,13450,13840,13450,13720,11008
04/21/2008,13620,13685,13555,13670,8268
04/22/2008,13640,13640,13415,13510,9835
04/23/2008,13540,13690,13455,13635,8387
04/24/2008,13615,13795,13445,13675,11077
04/25/2008,13655,14000,13655,13915,12006
04/28/2008,13975,14015,13885,13970,6157
04/29/2008,13975,13975,13810,13865,11540
04/30/2008,13850,14090,13765,13880,10846
05/01/2008,13835,14080,13780,14065,8463
05/02/2008,14095,14280,14070,14185,10653
05/05/2008,14110,14190,14075,14135,5258
05/06/2008,14125,14190,13955,14150,6531
05/07/2008,14170,14210,13885,13915,10390
05/08/2008,13930,13985,13830,13900,9473
05/09/2008,13885,13890,13560,13600,7580
05/12/2008,13790,13845,13690,13835,7598
05/13/2008,13965,14045,13900,14010,10026
05/14/2008,14110,14315,13995,14180,9038
05/15/2008,14150,14370,14125,14345,8154
05/16/2008,14345,14375,14205,14315,8025
05/19/2008,14350,14415,14225,14275,8294
05/20/2008,14255,14255,13950,13990,10902
05/21/2008,13995,13995,13700,13740,12796
05/22/2008,13740,14045,13740,14015,6725
05/23/2008,14005,14030,13800,13860,10635
05/27/2008,13750,13980,13720,13945,10197
05/28/2008,13960,13960,13775,13920,9504
05/29/2008,13920,14275,13900,14215,12282
05/30/2008,14370,14395,14315,14350,7554
06/02/2008,14280,14295,14105,14205,14471
06/03/2008,14165,14355,14105,14205,10274
06/04/2008,14265,14415,14205,14350,15644
06/05/2008,14405,14565,14345,14560,11732
06/06/2008,14485,14505,14015,14060,21278
06/09/2008,14205,14305,14125,14215,15898
06/10/2008,14010,14105,13935,14035,23818
06/11/2008,14035,14210,13865,13895,22894
06/12/2008,14010,14060,13920,13960,13055
06/13/2008,13965,14150,13915,14135,10033
06/16/2008,14355,14360,14190,14295,12839
06/17/2008,14440,14490,14325,14330,10968
06/18/2008,14380,14380,14200,14215,15845
06/19/2008,14215,14225,14070,14195,13750
06/20/2008,13940,13945,13675,13695,15922
06/23/2008,13860,13905,13775,13810,8397
06/24/2008,13760,13870,13655,13775,16578
06/25/2008,13955,14085,13905,13925,14977
06/26/2008,13960,13970,13465,13510,20899
06/27/2008,13500,13520,13365,13480,14235
06/30/2008,13400,13585,13375,13475,10303
07/01/2008,13280,13460,13155,13455,19069
07/02/2008,13440,13470,13150,13160,15255
07/03/2008,13140,13415,13140,13320,15893
07/04/2008,13255,13260,13150,13320,2752
07/07/2008,13375,13480,13215,13325,18741
07/08/2008,13025,13275,12990,13265,16047
07/09/2008,13170,13275,12965,12975,16725
07/10/2008,12980,13200,12945,13095,15158
07/11/2008,13080,13105,12710,12905,24335
07/14/2008,13045,13090,12850,12920,14440
07/15/2008,12585,12775,12485,12585,24324
07/16/2008,12580,12975,12560,12960,17778
07/17/2008,13020,13165,12985,13085,22015
07/18/2008,13015,13140,12960,13095,16345
07/21/2008,13175,13240,13080,13145,13876
07/22/2008,13100,13320,13035,13300,14171
07/23/2008,13330,13510,13320,13445,14194
07/24/2008,13435,13600,13365,13395,17379
07/25/2008,13410,13490,13325,13480,10919
07/28/2008,13360,13435,13190,13240,11209
07/29/2008,13240,13360,13160,13325,13073
07/30/2008,13405,13530,13370,13475,14749
07/31/2008,13465,13475,13250,13305,15561
08/01/2008,13295,13295,13005,13085,16541
08/04/2008,12925,13020,12880,12910,14693
08/05/2008,13035,13180,13015,13165,14166
08/06/2008,13160,13315,13160,13310,13910
08/07/2008,13295,13295,13015,13055,12821
08/08/2008,13150,13345,12980,13280,13980
08/11/2008,13360,13490,13320,13395,11676
08/12/2008,13395,13395,13160,13255,10561
08/13/2008,13280,13285,12850,12970,19284
08/14/2008,12975,13045,12830,12945,12533
08/15/2008,12975,13015,12905,12950,9513
08/18/2008,13145,13180,12915,12985,12352
08/19/2008,12810,12835,12680,12745,21093
08/20/2008,12760,12920,12740,12855,15055
08/21/2008,12865,12865,12655,12780,11491
08/22/2008,12735,12920,12725,12910,13571
08/25/2008,12875,12920,12640,12685,11649
08/26/2008,12715,12870,12715,12815,11078
08/27/2008,12760,12920,12750,12890,8721
08/28/2008,12900,13010,12780,12995,15361
08/29/2008,13030,13055,12860,12900,15406
09/02/2008,12835,12940,12645,12690,18607
09/03/2008,12635,12685,12555,12650,13201
09/04/2008,12635,12635,12215,12230,25932
09/05/2008,12210,12235,11985,12180,26492
09/08/2008,12280,12670,12215,12525,31193
09/09/2008,12520,12535,12130,12180,30261
09/10/2008,12200,12380,12175,12270,26469
09/11/2008,12030,12245,11925,12235,16313
09/12/2008,12220,12290,12060,12260,17508
09/15/2008,12010,12010,11590,11675,34630
09/16/2008,11665,11720,11265,11715,54240
09/17/2008,11550,11730,11190,11275,38739
09/18/2008,11285,11845,11170,11710,45067
09/19/2008,11710,12465,11710,12410,38912
09/22/2008,12350,12350,11730,11810,23570
09/23/2008,11825,11930,11630,11680,19960
09/24/2008,11600,12015,11570,11960,17861
09/25/2008,12000,12280,11945,12155,23071
09/26/2008,12160,12160,11790,12070,14796
09/29/2008,11650,11675,11070,11175,37333
09/30/2008,11180,11695,11180,11595,26339
10/01/2008,11605,11605,11340,11545,16169
10/02/2008,11535,11535,10905,11005,25853
10/03/2008,10975,11295,10825,10870,33061
10/06/2008,10830,10830,9870,10035,39569
10/07/2008,10065,10230,9665,9750,33268
10/08/2008,9625,9705,8970,9095,56677
10/09/2008,9105,9365,8505,8535,35422
10/10/2008,8505,8505,7535,7885,57077
10/13/2008,8600,8885,8445,8885,27233
10/14/2008,9005,9885,9005,9345,52951
10/15/2008,9400,9400,8345,8380,31392
10/16/2008,8420,8750,8000,8700,56774
10/17/2008,8695,8930,8350,8545,31820
10/20/2008,9020,9305,8870,9295,14441
10/21/2008,9310,9320,8790,8915,24858
10/22/2008,8930,8975,7915,8125,27790
10/23/2008,8155,8405,7835,8360,32391
10/24/2008,8375,8400,7360,7410,21482
10/27/2008,7000,7375,6935,6940,29645
10/28/2008,6900,7940,6900,7940,32953
10/29/2008,8165,8620,8165,8300,26358
10/30/2008,8310,9075,8285,8945,28070
10/31/2008,8890,8940,8405,8795,29185
11/03/2008,8825,8995,8780,8930,14718
11/04/2008,8920,9640,8920,9515,25751
11/05/2008,9510,9510,9030,9085,22710
11/06/2008,9040,9040,8215,8260,27845
11/07/2008,8260,8780,8260,8770,21611
11/10/2008,9275,9290,8790,8900,23150
11/11/2008,8710,8725,8350,8480,16464
11/12/2008,8500,8705,8055,8085,28225
11/13/2008,8085,8825,7950,8790,28273
11/14/2008,8590,8735,8305,8365,21324
11/17/2008,8430,8590,8240,8355,15973
11/18/2008,8145,8455,8075,8445,18608
11/19/2008,8215,8315,7740,7800,20728
11/20/2008,7905,7905,7210,7270,43313
11/21/2008,7280,7995,7280,7870,28296
11/24/2008,7945,8600,7940,8420,25171
11/25/2008,8285,8580,8135,8295,24077
11/26/2008,8260,8565,8040,8520,17723
11/28/2008,8455,8580,8360,8505,10059
12/01/2008,8245,8265,7735,7765,23105
12/02/2008,7950,8150,7875,8070,19025
12/03/2008,8070,8230,7815,8165,20053
12/04/2008,8140,8140,7695,7795,18968
12/05/2008,7835,8045,7575,8010,23598
12/08/2008,8425,8600,8425,8485,20522
12/09/2008,8490,8580,8340,8410,30034
12/10/2008,8375,8710,8375,8635,16867
12/11/2008,8600,8710,8410,8450,17667
12/12/2008,8235,8595,8160,8535,19884
12/15/2008,8585,8605,8395,8580,10694
12/16/2008,8590,8890,8520,8860,15509
12/17/2008,8860,8870,8530,8635,12143
12/18/2008,8725,8755,8655,8670,13284
12/19/2008,8510,8655,8430,8450,10072
12/22/2008,8625,8705,8400,8500,11519
12/23/2008,8445,8600,8370,8445,9684
12/24/2008,8485,8565,8455,8535,2439
12/26/2008,8710,8730,8640,8720,1427
12/29/2008,8755,8780,8590,8750,8235
12/30/2008,8760,8985,8750,8955,8992
12/31/2008,8955,9165,8955,9075,3874
01/02/2009,9105,9370,9080,9290,12813
01/05/2009,9190,9290,9125,9195,11829
01/06/2009,9190,9300,9155,9165,10867
01/07/2009,9215,9215,8910,8965,9599
01/08/2009,8860,8950,8785,8945,10044
01/09/2009,8830,8885,8635,8680,16037
01/12/2009,8630,8650,8390,8475,17252
01/13/2009,8505,8505,8245,8330,12313
01/14/2009,8350,8350,7970,8070,26265
01/15/2009,8000,8160,7860,8040,16349
01/16/2009,8055,8365,7990,8200,15847
01/20/2009,8270,8275,7710,7775,19565
01/21/2009,7740,8045,7705,8015,22985
01/22/2009,8045,8085,7700,7870,19493
01/23/2009,7585,7830,7525,7745,14883
01/26/2009,7710,7890,7650,7780,20446
01/27/2009,7800,8085,7800,7975,13478
01/28/2009,8010,8360,8010,8310,17934
01/29/2009,8125,8145,7950,8005,11936
01/30/2009,7970,8005,7770,7820,14912
02/02/2009,7725,7885,7710,7815,12388
02/03/2009,7870,7990,7770,7895,16609
02/04/2009,7975,8140,7945,8005,17144
02/05/2009,7935,8165,7845,8095,22841
02/06/2009,8110,8345,8065,8290,16791
02/09/2009,8035,8195,8005,8140,16632
02/10/2009,7985,8065,7690,7730,20728
02/11/2009,7765,7820,7680,7765,11077
02/12/2009,7805,7805,7550,7770,16923
02/13/2009,7740,7835,7665,7685,11929
02/17/2009,7720,7750,7410,7425,19981
02/18/2009,7435,7615,7435,7560,17409
02/19/2009,7605,7675,7495,7520,12453
02/20/2009,7300,7370,7160,7260,18892
02/23/2009,7435,7440,7095,7155,19034
02/24/2009,7155,7530,7155,7445,26253
02/25/2009,7475,7545,7275,7390,21538
02/26/2009,7400,7590,7330,7385,14140
02/27/2009,7515,7515,7310,7365,19804
03/02/2009,7205,7265,7035,7060,19127
03/03/2009,7015,7240,7015,7050,20141
03/04/2009,7065,7495,7010,7370,18199
03/05/2009,7360,7395,7125,7215,21613
03/06/2009,7260,7260,6950,7150,21003
03/09/2009,6970,7120,6945,6975,24648
03/10/2009,7115,7390,6970,7340,36465
03/11/2009,7385,7510,7325,7395,35792
03/12/2009,7180,7475,7150,7475,20633
03/13/2009,7430,7665,7370,7605,16632
03/16/2009,7795,7875,7460,7730,14957
03/17/2009,7820,8020,7480,8010,17232
03/18/2009,8040,8135,7775,7985,17381
03/19/2009,7980,8225,7750,7815,18708
03/20/2009,7810,8030,7705,7755,12741
03/23/2009,8250,8435,7670,8400,16503
03/24/2009,8360,8435,8290,8340,12055
03/25/2009,8370,8415,8175,8375,16636
03/26/2009,8705,8750,8610,8735,15568
03/27/2009,8725,8800,8470,8560,12791
03/30/2009,8185,8680,8030,8115,14233
03/31/2009,8230,8460,7825,8270,17389
04/01/2009,8380,8545,8165,8535,17487
04/02/2009,8545,9005,8400,8945,19376
04/03/2009,8935,8995,8755,8885,13261
04/06/2009,8930,9180,8710,8855,14529
04/07/2009,8870,8895,8680,8720,12535
04/08/2009,8640,8765,8605,8665,16371
04/09/2009,8635,9100,8635,9055,11440
04/13/2009,9000,9200,8810,8945,7088
04/14/2009,8945,9055,8765,8810,14454
04/15/2009,8795,9035,8745,8850,10416
04/16/2009,8825,8950,8615,8890,13665
04/17/2009,8970,9055,8875,8945,10794
04/20/2009,8845,9055,8650,8690,19206
04/21/2009,8725,8850,8560,8835,14169
04/22/2009,8725,8980,8570,8745,18229
04/23/2009,8745,8915,8590,8880,12976
04/24/2009,8925,9010,8560,8900,16835
04/27/2009,8710,8855,8710,8790,15030
04/28/2009,8505,8795,8500,8595,12422
04/29/2009,8715,8865,8690,8770,14692
04/30/2009,8760,8995,8760,8860,15073
05/01/2009,9090,9120,8710,9110,8481
05/04/2009,9195,9305,9100,9300,15440
05/05/2009,9325,9375,9230,9315,15615
05/06/2009,9300,9445,9195,9425,18441
05/07/2009,9435,9600,9205,9285,24169
05/08/2009,9480,9580,9435,9515,15011
05/11/2009,9370,9390,9355,9360,11730
05/12/2009,9370,9410,9220,9330,17664
05/13/2009,9285,9320,9035,9085,18678
05/14/2009,9065,9215,8920,9125,15562
05/15/2009,9195,9400,9090,9160,11441
05/18/2009,9165,9385,9150,9365,16835
05/19/2009,9400,9425,9305,9330,13406
05/20/2009,9340,9460,9295,9300,15938
05/21/2009,9255,9550,9055,9120,16042
05/22/2009,9150,9300,9100,9220,8223
05/26/2009,9325,9550,9220,9495,17261
05/27/2009,9475,9565,9315,9375,12535
05/28/2009,9435,9550,9355,9510,17722
05/29/2009,9520,9565,9450,9540,14567
06/01/2009,9730,9860,9705,9815,14414
06/02/2009,9820,9820,9700,9750,12972
06/03/2009,9750,9775,9545,9620,18341
06/04/2009,9605,9780,9605,9750,12565
06/05/2009,9820,10015,9740,9880,20295
06/08/2009,9770,9870,9745,9860,22798
06/09/2009,9790,9895,9775,9820,16833
06/10/2009,10060,10070,9875,10000,23165
06/11/2009,10010,10090,9975,10005,11068
06/12/2009,10110,10220,10055,10100,9970
06/15/2009,9975,10230,9805,9825,16939
06/16/2009,9825,9850,9630,9655,14664
06/17/2009,9680,9815,9645,9725,17790
06/18/2009,9680,10025,9665,9755,14448
06/19/2009,9775,10025,9775,9830,8639
06/22/2009,9740,10000,9500,9600,17025
06/23/2009,9590,9625,9500,9550,11181
06/24/2009,9610,9900,9455,9645,16215
06/25/2009,9900,9905,9900,9905,16162
06/26/2009,9900,10010,9835,9900,11475
06/29/2009,9895,10030,9830,9945,11520
06/30/2009,9945,10045,9805,9890,13658
07/01/2009,9970,10060,9940,10000,11296
07/02/2009,9850,10075,9670,9685,13142
07/03/2009,9650,9880,9615,9685,13142
07/06/2009,9610,10000,9600,9710,13668
07/07/2009,9680,9740,9485,9540,10095
07/08/2009,9540,9630,9200,9295,24541
07/09/2009,9300,9380,9280,9340,12352
07/10/2009,9145,9365,9120,9215,12692
07/13/2009,9240,9280,9060,9260,20850
07/14/2009,9285,9350,9170,9315,11513
07/15/2009,9330,9540,9330,9515,24375
07/16/2009,9405,9600,9355,9430,12326
07/17/2009,9420,9535,9360,9475,9058
07/20/2009,9570,10000,9550,9595,12135
07/21/2009,9610,9745,9585,9660,15670
07/22/2009,9670,9795,9635,9755,10485
07/23/2009,9805,10025,9795,9960,15479
07/24/2009,9955,10060,9820,10035,9985
07/27/2009,9980,10200,9865,10125,11985
07/28/2009,10105,10265,9945,10020,11644
07/29/2009,10010,10180,10000,10145,13407
07/30/2009,10180,10435,10040,10305,19319
07/31/2009,10300,10500,10300,10315,13221
08/03/2009,10435,10500,10395,10470,12224
08/04/2009,10480,10610,10325,10450,10662
08/05/2009,10305,10500,10185,10295,16249
08/06/2009,10270,10500,10270,10410,11432
08/07/2009,10380,10680,10360,10590,20101
08/10/2009,10530,10570,10480,10530,12613
08/11/2009,10525,10600,10415,10455,16553
08/12/2009,10430,10595,10395,10520,16289
08/13/2009,10510,10605,10435,10545,14232
08/14/2009,10585,10600,10395,10520,13487
08/17/2009,10175,10225,10120,10125,15558
08/18/2009,10140,10335,10100,10295,11832
08/19/2009,10260,10300,10115,10265,13389
08/20/2009,10345,10440,10285,10405,10145
08/21/2009,10405,10525,10340,10500,19230
08/24/2009,10570,10635,10555,10585,15161
08/25/2009,10565,10680,10560,10585,17785
08/26/2009,10595,10660,10565,10615,9522
08/27/2009,10630,10630,10440,10555,14161
08/28/2009,10590,10645,10520,10575,10945
08/31/2009,10435,10475,10385,10460,10547
09/01/2009,10425,10535,10275,10285,23613
09/02/2009,10290,10290,10210,10240,15923
09/03/2009,10225,10275,10160,10240,13060
09/04/2009,10215,10350,10200,10330,15758
09/08/2009,10335,10420,10335,10415,26788
09/09/2009,10445,10460,10350,10455,29550
09/10/2009,10435,10560,10425,10545,17045
09/11/2009,10395,10445,10340,10365,14273
09/14/2009,10165,10290,10165,10255,13867
09/15/2009,10275,10280,10165,10235,14832
09/16/2009,10240,10335,10225,10310,14133
09/17/2009,10380,10435,10320,10380,11837
09/18/2009,10390,10420,10355,10380,10613
09/21/2009,10330,10380,10295,10365,10217
09/22/2009,10415,10425,10355,10390,8662
09/23/2009,10390,10445,10300,10335,13353
09/24/2009,10330,10495,10315,10340,26241
09/25/2009,10285,10350,10150,10165,15313
09/28/2009,10050,10215,10040,10205,22923
09/29/2009,10080,10160,10040,10075,15825
09/30/2009,10120,10130,9965,10015,19904
10/01/2009,10010,10035,9775,9810,22041
10/02/2009,9685,9700,9560,9695,20659
10/05/2009,9750,9760,9650,9750,15918
10/06/2009,9795,9825,9710,9725,20967
10/07/2009,9745,9765,9700,9765,17544
10/08/2009,9750,9920,9750,9875,14915
10/09/2009,9875,10070,9875,10060,9834
10/12/2009,10140,10165,10070,10085,6282
10/13/2009,10120,10120,10010,10055,9865
10/14/2009,10120,10195,10120,10190,16323
10/15/2009,10260,10330,10200,10305,15827
10/16/2009,10260,10315,10155,10205,14452
10/19/2009,10310,10350,10250,10295,13290
10/20/2009,10340,10350,10225,10315,12826
10/21/2009,10305,10395,10240,10255,18679
10/22/2009,10250,10340,10195,10335,13638
10/23/2009,10355,10355,10205,10240,16527
10/26/2009,10385,10420,10185,10245,28298
10/27/2009,10235,10265,10135,10150,16663
10/28/2009,9995,10170,9870,9880,21480
10/29/2009,9895,10075,9870,10030,18310
10/30/2009,10090,10150,9700,9715,26510
11/02/2009,9820,9905,9740,9790,17822
11/03/2009,9800,9835,9630,9810,15713
11/04/2009,9815,9935,9800,9860,16406
11/05/2009,9745,9900,9730,9860,15206
11/06/2009,9770,9815,9670,9795,16047
11/09/2009,9855,9990,9845,9990,14124
11/10/2009,9965,9965,9850,9930,10420
11/11/2009,9940,9990,9895,9930,11094
11/12/2009,9945,9945,9740,9775,16711
11/13/2009,9745,9800,9695,9775,9883
11/16/2009,9815,9920,9795,9865,13030
11/17/2009,9725,9770,9705,9760,12178
11/18/2009,9685,9725,9620,9715,13066
11/19/2009,9725,9725,9375,9450,19058
11/20/2009,9445,9485,9365,9470,12834
11/23/2009,9560,9615,9535,9550,12578
11/24/2009,9545,9545,9305,9340,15759
11/25/2009,9410,9450,9370,9400,7453
11/27/2009,9345,9355,9100,9200,20933
11/30/2009,9265,9330,9215,9235,17194
12/01/2009,9250,9630,9250,9625,18791
12/02/2009,9660,9715,9615,9690,20440
12/03/2009,9670,10025,9670,9915,21068
12/04/2009,9890,10250,9890,10215,39681
12/07/2009,10120,10155,10060,10110,15149
12/08/2009,10100,10100,9935,9975,26401
12/09/2009,9945,9975,9860,9950,19355
12/10/2009,9880,9935,9860,9935,12250
12/11/2009,10105,10140,10055,10090,11499
12/14/2009,10080,10090,10045,10065,8016
12/15/2009,10065,10130,10045,10120,10052
12/16/2009,10145,10265,10120,10235,8495
12/17/2009,10100,10145,10080,10115,10630
12/18/2009,10185,10195,10090,10115,10116
12/21/2009,10190,10295,10190,10265,7963
12/22/2009,10400,10445,10360,10430,8680
12/23/2009,10415,10495,10410,10460,4720
12/24/2009,10505,10540,10495,10515,1442
12/28/2009,10635,10665,10585,10600,5306
12/29/2009,10610,10710,10605,10690,4418
12/30/2009,10535,10625,10530,10625,6350
12/31/2009,10630,10670,10585,10615,2287
01/04/2010,10685,10835,10675,10820,11874
01/05/2010,10715,10795,10695,10755,12105
01/06/2010,10670,10825,10670,10770,12267
01/07/2010,10665,10770,10660,10745,7702
01/08/2010,10825,10865,10735,10835,10345
01/11/2010,10880,10905,10785,10845,9524
01/12/2010,10850,10855,10685,10765,18036
01/13/2010,10765,10825,10690,10795,9861
01/14/2010,10925,10930,10850,10920,8905
01/15/2010,10925,10980,10775,10830,17737
01/19/2010,10845,10895,10710,10860,15683
01/20/2010,10695,10705,10555,10655,18918
01/21/2010,10765,10850,10550,10600,32292
01/22/2010,10580,10585,10320,10350,22490
01/25/2010,10570,10575,10410,10465,12542
01/26/2010,10270,10390,10265,10330,17304
01/27/2010,10290,10330,10175,10315,16386
01/28/2010,10345,10440,10200,10290,25627
01/29/2010,10225,10325,10125,10205,22714
02/01/2010,10235,10315,10225,10285,11814
02/02/2010,10285,10480,10285,10420,11685
02/03/2010,10435,10460,10385,10440,16876
02/04/2010,10270,10315,9990,10035,32486
02/05/2010,10020,10040,9790,9975,37832
02/08/2010,9950,9985,9850,9870,17758
02/09/2010,9870,10095,9860,10020,23566
02/10/2010,10030,10085,9930,10035,17009
02/11/2010,10060,10070,9935,10055,19762
02/12/2010,10035,10095,9970,10090,12519
02/16/2010,10040,10200,10005,10180,14148
02/17/2010,10320,10380,10310,10365,16064
02/18/2010,10325,10430,10285,10420,12448
02/19/2010,10405,10405,10200,10275,19944
02/22/2010,10345,10380,10325,10375,11725
02/23/2010,10315,10330,10135,10205,22799
02/24/2010,10190,10240,10130,10230,12366
02/25/2010,10110,10120,9945,10060,16837
02/26/2010,10070,10170,10035,10160,14257
03/01/2010,10205,10265,10170,10230,12561
03/02/2010,10225,10305,10220,10240,13527
03/03/2010,10255,10330,10225,10240,16035
03/04/2010,10250,10250,10170,10225,15263
03/05/2010,10390,10555,10380,10540,21275
03/08/2010,10585,10650,10575,10620,21806
03/09/2010,10520,10640,10495,10585,22724
03/10/2010,10580,10670,10580,10615,18415
03/11/2010,10625,10715,10625,10705,14386
03/12/2010,10680,10775,10680,10740,15788
03/15/2010,10660,10690,10610,10665,9259
03/16/2010,10685,10750,10670,10730,10300
03/17/2010,10745,10800,10725,10770,11870
03/18/2010,10775,10775,10685,10725,12656
03/19/2010,10750,10765,10645,10705,12736
03/22/2010,10595,10695,10560,10685,12912
03/23/2010,10690,10775,10675,10770,14468
03/24/2010,10770,10810,10695,10795,15994
03/25/2010,10795,10950,10795,10825,17025
03/26/2010,10800,10995,10800,10920,16439
03/29/2010,11065,11075,11005,11050,10125
03/30/2010,11115,11170,11070,11115,14839
03/31/2010,11130,11150,11040,11140,19666
04/01/2010,11125,11375,11110,11355,15375
04/02/2010,11325,11365,11275,11360,675
04/05/2010,11320,11385,11310,11375,4968
04/06/2010,11310,11345,11260,11320,11542
04/07/2010,11280,11295,11200,11260,14808
04/08/2010,11120,11245,11105,11225,13285
04/09/2010,11250,11265,11225,11250,16270
04/12/2010,11260,11280,11220,11260,8843
04/13/2010,11275,11275,11115,11190,10158
04/14/2010,11220,11290,11210,11280,11437
04/15/2010,11240,11305,11225,11270,10675
04/16/2010,11145,11160,10830,10915,45047
04/19/2010,10850,10955,10800,10955,19208
04/20/2010,10975,11010,10955,11005,14503
04/21/2010,11030,11060,10975,11025,20897
04/22/2010,11025,11055,10770,10915,22373
04/23/2010,10915,11050,10915,11020,16832
04/26/2010,11165,11215,11160,11175,19262
04/27/2010,11135,11155,10850,10895,47579
04/28/2010,10905,11000,10865,10950,34556
04/29/2010,10945,11100,10945,11075,19141
04/30/2010,11060,11110,10940,10990,26070
05/03/2010,10995,11145,10995,11100,14005
05/04/2010,11030,11040,10675,10725,39094
05/05/2010,10700,10730,10580,10660,32599
05/06/2010,10680,10695,9660,10175,90094
05/07/2010,10160,10490,10030,10170,74145
05/10/2010,10705,10795,10645,10705,44277
05/11/2010,10700,10740,10355,10435,32877
05/12/2010,10430,10565,10420,10535,24640
05/13/2010,10550,10590,10450,10480,23141
05/14/2010,10380,10395,10140,10300,35526
05/17/2010,10305,10350,10130,10290,29888
05/18/2010,10305,10385,10140,10160,32826
05/19/2010,10160,10160,9975,10115,30924
05/20/2010,10140,10145,9680,9720,48426
05/21/2010,9690,9855,9505,9830,40673
05/24/2010,9670,9800,9665,9680,18440
05/25/2010,9700,9700,9280,9545,31904
05/26/2010,9565,9625,9410,9420,30791
05/27/2010,9725,9825,9660,9785,22808
05/28/2010,9820,9845,9620,9645,25669
06/01/2010,9745,9790,9590,9615,26806
06/02/2010,9680,9830,9625,9805,20949
06/03/2010,9950,9995,9825,9925,18541
06/04/2010,9910,9910,9555,9610,37596
06/07/2010,9575,9605,9400,9405,27841
06/08/2010,9410,9550,9370,9510,35246
06/09/2010,9515,9620,9435,9485,27918
06/10/2010,9485,9720,9465,9695,25543
06/11/2010,9745,9805,9625,9795,16457
06/14/2010,9900,9930,9820,9840,14323
06/15/2010,9905,10050,9885,10035,15453
06/16/2010,10030,10130,9995,10090,14703
06/17/2010,10080,10105,9945,10030,20240
06/18/2010,9965,10030,9960,9995,10045
06/21/2010,10255,10265,10105,10160,15039
06/22/2010,10060,10135,9905,9940,16861
06/23/2010,9950,9970,9780,9880,15413
06/24/2010,9810,9825,9695,9755,18804
06/25/2010,9750,9805,9665,9760,12865
06/28/2010,9710,9750,9645,9675,16022
06/29/2010,9675,9675,9285,9345,25566
06/30/2010,9345,9390,9200,9200,19718
07/01/2010,9215,9220,9015,9190,27805
07/02/2010,9215,9300,9125,9170,17061
07/06/2010,9235,9505,9195,9320,20218
07/07/2010,9260,9550,9250,9535,23348
07/08/2010,9540,9635,9505,9610,17150
07/09/2010,9570,9640,9535,9615,11107
07/12/2010,9535,9615,9535,9580,9920
07/13/2010,9580,9665,9575,9625,16260
07/14/2010,9685,9785,9670,9780,17515
07/15/2010,9675,9725,9525,9625,17910
07/16/2010,9640,9640,9190,9240,22299
07/19/2010,9270,9295,9180,9270,10974
07/20/2010,9200,9405,9160,9380,19278
07/21/2010,9385,9415,9190,9200,19678
07/22/2010,9285,9430,9280,9345,20871
07/23/2010,9350,9545,9350,9505,16555
07/26/2010,9450,9540,9425,9535,14935
07/27/2010,9540,9640,9535,9635,14315
07/28/2010,9625,9705,9590,9680,15906
07/29/2010,9690,9745,9560,9640,17391
07/30/2010,9500,9560,9410,9535,19962
08/02/2010,9550,9735,9545,9720,16913
08/03/2010,9625,9670,9585,9655,16187
08/04/2010,9625,9655,9480,9635,17578
08/05/2010,9620,9645,9545,9595,12096
08/06/2010,9640,9670,9450,9590,26066
08/09/2010,9580,9640,9560,9635,10969
08/10/2010,9495,9540,9450,9485,15548
08/11/2010,9445,9460,9120,9125,20702
08/12/2010,9135,9200,9055,9170,20542
08/13/2010,9195,9245,9155,9200,14622
08/16/2010,9140,9180,9085,9135,12738
08/17/2010,9210,9315,9195,9220,15221
08/18/2010,9225,9280,9180,9220,11173
08/19/2010,9345,9355,9160,9215,29078
08/20/2010,9085,9170,9080,9165,13078
08/23/2010,9130,9140,9030,9045,12868
08/24/2010,8880,8905,8795,8850,25273
08/25/2010,8825,8930,8730,8910,23175
08/26/2010,8875,8925,8815,8835,18170
08/27/2010,8975,9085,8920,9080,27006
08/30/2010,9055,9085,8980,8985,13246
08/31/2010,8810,8885,8765,8830,28837
09/01/2010,8925,9120,8905,9115,25332
09/02/2010,9030,9110,9010,9105,14492
09/03/2010,9140,9260,9130,9180,21342
09/07/2010,9275,9330,9090,9095,24361
09/08/2010,9090,9150,9070,9120,21635
09/09/2010,9135,9190,9130,9155,16537
09/10/2010,9170,9270,9170,9250,10249
09/13/2010,9290,9335,9235,9295,11789
09/14/2010,9290,9290,9170,9245,16397
09/15/2010,9225,9620,9145,9605,24898
09/16/2010,9595,9625,9430,9535,14144
09/17/2010,9535,9610,9480,9535,17263
09/20/2010,9500,9695,9500,9675,12267
09/21/2010,9670,9680,9490,9525,17521
09/22/2010,9525,9570,9405,9430,20795
09/23/2010,9450,9475,9320,9365,15246
09/24/2010,9315,9550,9315,9500,22948
09/27/2010,9545,9560,9485,9510,11550
09/28/2010,9510,9550,9420,9485,18673
09/29/2010,9520,9605,9495,9530,16728
09/30/2010,9540,9570,9360,9405,29816
10/01/2010,9410,9475,9365,9435,17840
10/04/2010,9470,9515,9260,9325,14931
10/05/2010,9335,9640,9305,9600,32519
10/06/2010,9605,9720,9575,9670,17210
10/07/2010,9655,9720,9575,9655,24998
10/08/2010,9640,9670,9500,9615,22015
10/11/2010,9615,9635,9590,9625,4908
10/12/2010,9615,9650,9370,9440,17503
10/13/2010,9470,9560,9400,9500,20041
10/14/2010,9505,9615,9485,9565,18259
10/15/2010,9575,9580,9475,9560,17542
10/18/2010,9525,9575,9465,9530,11827
10/19/2010,9520,9575,9420,9480,23734
10/20/2010,9470,9500,9315,9475,19950
10/21/2010,9475,9495,9330,9395,18733
10/22/2010,9370,9455,9370,9445,12811
10/25/2010,9460,9460,9325,9385,10556
10/26/2010,9390,9460,9345,9430,15117
10/27/2010,9435,9455,9320,9400,13688
10/28/2010,9395,9420,9320,9340,14022
10/29/2010,9330,9335,9145,9170,20995
11/01/2010,9170,9275,9075,9120,15543
11/02/2010,9115,9220,9110,9210,11858
11/03/2010,9240,9290,9170,9280,19155
11/04/2010,9270,9495,9265,9470,19628
11/05/2010,9485,9700,9460,9700,19628
11/08/2010,9705,9740,9675,9710,11338
11/09/2010,9685,9795,9655,9730,19527
11/10/2010,9735,9900,9725,9865,34254
11/11/2010,9805,9885,9790,9845,15508
11/12/2010,9840,9850,9640,9730,18931
11/15/2010,9735,9900,9735,9865,15559
11/16/2010,9845,9910,9660,9690,23488
11/17/2010,9695,9850,9690,9820,16878
11/18/2010,9820,10155,9810,10110,27838
11/19/2010,10120,10135,10005,10095,14356
11/22/2010,10115,10175,9980,10095,22243
11/23/2010,10090,10110,9785,9855,28896
11/24/2010,9840,10140,9840,10130,24452
11/26/2010,10135,10135,9990,10015,15565
11/29/2010,10065,10155,9980,10080,29846
11/30/2010,10080,10105,9855,9935,21663
12/01/2010,9935,10205,9920,10175,26926
12/02/2010,10185,10315,10145,10315,28466
12/03/2010,10350,10350,10110,10170,31571
12/06/2010,10175,10205,10130,10185,18783
12/07/2010,10190,10245,10095,10200,30976
12/08/2010,10205,10280,10185,10280,33595
12/09/2010,10285,10300,10210,10255,19519
12/10/2010,10250,10320,10190,10200,17730
12/13/2010,10210,10330,10190,10275,13537
12/14/2010,10270,10370,10255,10335,14678
12/15/2010,10345,10390,10275,10330,10997
12/16/2010,10325,10370,10270,10335,12642
12/17/2010,10345,10370,10265,10300,9909
12/20/2010,10310,10320,10180,10265,10371
12/21/2010,10260,10405,10260,10380,9495
12/22/2010,10375,10390,10315,10335,6899
12/23/2010,10335,10350,10250,10275,6906
12/27/2010,10285,10380,10255,10315,5763
12/28/2010,10315,10335,10225,10270,8209
12/29/2010,10250,10365,10250,10310,7057
12/30/2010,10310,10315,10150,10195,10771
12/31/2010,10200,10210,10125,10210,1900
01/03/2011,10210,10350,10195,10335,10501
01/04/2011,10355,10420,10310,10395,13615
01/05/2011,10390,10525,10330,10505,28858
01/06/2011,10495,10555,10465,10495,14080
01/07/2011,10490,10560,10420,10475,20327
01/10/2011,10500,10515,10365,10445,14067
01/11/2011,10445,10580,10435,10555,16876
01/12/2011,10545,10635,10505,10595,21423
01/13/2011,10605,10625,10550,10565,19882
01/14/2011,10595,10600,10465,10575,21812
01/18/2011,10575,10580,10450,10575,18582
01/19/2011,10590,10610,10425,10455,16832
01/20/2011,10460,10505,10395,10480,24732
01/21/2011,10495,10505,10255,10305,26438
01/24/2011,10300,10400,10280,10395,14570
01/25/2011,10410,10485,10340,10425,24402
01/26/2011,10420,10465,10395,10440,13826
01/27/2011,10435,10520,10415,10500,20331
01/28/2011,10490,10500,10200,10220,29887
01/31/2011,10220,10290,10170,10250,18311
02/01/2011,10240,10375,10220,10325,19406
02/02/2011,10325,10500,10320,10450,17304
02/03/2011,10440,10525,10410,10495,21390
02/04/2011,10500,10635,10495,10630,25683
02/07/2011,10635,10675,10570,10645,16711
02/08/2011,10630,10685,10610,10680,17665
02/09/2011,10675,10695,10560,10625,17578
02/10/2011,10620,10680,10545,10660,27998
02/11/2011,10660,10725,10575,10705,20782
02/14/2011,10685,10765,10670,10735,16690
02/15/2011,10730,10775,10710,10750,17484
02/16/2011,10755,10900,10730,10865,20790
02/17/2011,10865,10885,10805,10855,14333
02/18/2011,10835,10870,10810,10845,11706
02/22/2011,10865,10870,10505,10530,46404
02/23/2011,10520,10665,10440,10545,36312
02/24/2011,10550,10560,10330,10425,38138
02/25/2011,10435,10565,10430,10550,19952
02/28/2011,10545,10705,10450,10675,22834
03/01/2011,10675,10785,10595,10600,32379
03/02/2011,10595,10635,10475,10510,28890
03/03/2011,10515,10735,10515,10720,34019
03/04/2011,10725,10770,10555,10640,37366
03/07/2011,10635,10640,10425,10450,45432
03/08/2011,10445,10620,10445,10570,46828
03/09/2011,10575,10660,10515,10560,32929
03/10/2011,10555,10565,10335,10345,11637
03/11/2011,10295,10315,9895,9975,42176
03/14/2011,9820,9820,9130,9375,99415
03/15/2011,9380,9385,8375,8945,121957
03/16/2011,8950,9090,8325,8520,83689
03/17/2011,8520,9015,8215,8875,53387
03/18/2011,8895,9290,8810,9215,38712
03/21/2011,9245,9550,9245,9505,43541
03/22/2011,9505,9575,9390,9545,25778
03/23/2011,9535,9545,9305,9405,22682
03/24/2011,9415,9550,9305,9530,24210
03/25/2011,9520,9550,9390,9400,21217
03/28/2011,9370,9480,9330,9355,13470
03/29/2011,9350,9510,9320,9500,20796
03/30/2011,9500,9810,9480,9770,23765
03/31/2011,9775,9790,9665,9720,11588
04/01/2011,9695,9835,9690,9805,19573
04/04/2011,9775,9810,9700,9730,13433
04/05/2011,9750,9750,9570,9650,17750
04/06/2011,9650,9730,9570,9655,16650
04/07/2011,9650,9690,9405,9505,36813
04/08/2011,9465,9815,9465,9720,20871
04/11/2011,9755,9785,9605,9635,19126
04/12/2011,9640,9640,9485,9500,22287
04/13/2011,9505,9670,9490,9580,16991
04/14/2011,9600,9680,9550,9620,16674
04/15/2011,9630,9655,9550,9590,13093
04/18/2011,9590,9605,9365,9490,27492
04/19/2011,9485,9510,9395,9500,17821
04/20/2011,9515,9705,9510,9680,20099
04/21/2011,9710,9730,9645,9650,13517
04/25/2011,9700,9750,9635,9660,4011
04/26/2011,9670,9685,9540,9625,15999
04/27/2011,9620,9765,9615,9730,17042
04/28/2011,9750,9950,9720,9930,20270
04/29/2011,9920,9965,9885,9935,7277
05/02/2011,9935,10045,9930,9980,13609
05/03/2011,9960,9985,9870,9935,14579
05/04/2011,9920,9950,9805,9845,16582
05/05/2011,9855,9895,9680,9765,24791
05/06/2011,9770,9930,9750,9785,24744
05/09/2011,9760,9895,9760,9785,15753
05/10/2011,9790,9920,9760,9905,14234
05/11/2011,9915,9940,9715,9775,21079
05/12/2011,9770,9840,9655,9770,24215
05/13/2011,9760,9770,9550,9590,27324
05/16/2011,9575,9625,9515,9520,19592
05/17/2011,9505,9615,9495,9600,22380
05/18/2011,9615,9720,9590,9705,14878
05/19/2011,9700,9725,9595,9625,19461
05/20/2011,9630,9670,9525,9530,17339
05/23/2011,9530,9540,9380,9410,70
05/24/2011,9420,9535,9385,9475,48
05/25/2011,9485,9530,9415,9480,2
05/26/2011,9475,9570,9460,9550,21908
05/27/2011,9565,9590,9485,9490,16257
05/31/2011,9490,9750,9450,9735,25721
06/01/2011,9740,9745,9555,9560,28910
06/02/2011,9550,9585,9505,9560,18936
06/03/2011,9575,9605,9435,9455,25113
06/06/2011,9440,9490,9330,9360,27030
06/07/2011,9350,9495,9350,9415,39390
06/08/2011,9410,9465,9385,9385,29802
06/09/2011,9390,9565,9380,9540,22001
06/10/2011,9520,9620,9395,9420,22758
06/13/2011,9415,9465,9385,9420,16066
06/14/2011,9430,9620,9420,9605,18134
06/15/2011,9600,9610,9440,9475,27867
06/16/2011,9470,9485,9340,9405,27329
06/17/2011,9410,9445,9300,9365,22119
06/20/2011,9365,9430,9325,9430,14715
06/21/2011,9420,9550,9380,9525,16959
06/22/2011,9525,9645,9515,9555,21262
06/23/2011,9555,9645,9495,9580,33444
06/24/2011,9580,9710,9580,9600,28359
06/27/2011,9605,9680,9565,9665,16604
06/28/2011,9680,9770,9630,9765,20378
06/29/2011,9760,9860,9735,9855,28014
06/30/2011,9855,9925,9785,9890,22339
07/01/2011,9885,10005,9835,9985,18907
07/05/2011,9985,10015,9940,10005,24686
07/06/2011,10000,10085,9970,10050,24623
07/07/2011,10060,10205,10020,10195,24983
07/08/2011,10230,10230,10000,10045,33699
07/11/2011,10035,10110,9865,9910,37525
07/12/2011,9900,9970,9780,9810,42311
07/13/2011,9815,10015,9800,9930,25889
07/14/2011,9905,10000,9875,9920,21269
07/15/2011,9935,10015,9910,10005,26691
07/18/2011,9985,10050,9715,9865,17434
07/19/2011,9880,10005,9870,9995,21015
07/20/2011,10010,10060,9990,10055,22107
07/21/2011,10045,10120,9970,10105,32589
07/22/2011,10105,10170,10080,10135,22243
07/25/2011,10085,10115,10040,10070,18758
07/26/2011,10060,10130,10045,10055,17405
07/27/2011,10060,10065,9900,9910,26994
07/28/2011,9915,9960,9850,9855,23881
07/29/2011,9865,9910,9745,9820,31496
08/02/2011,9820,9880,9655,9655,43033
08/03/2011,9660,9685,9515,9655,51552
08/04/2011,9670,9765,9280,9280,75469
08/05/2011,9300,9445,9105,9325,120553
08/08/2011,9175,9250,8700,8720,103974
08/09/2011,8740,9150,8655,9110,83696
08/10/2011,9165,9195,8730,8800,88740
08/11/2011,8775,9135,8730,9070,72736
08/12/2011,9085,9130,8850,9040,42076
08/15/2011,9040,9155,9030,9135,25935
08/16/2011,9125,9145,8985,9060,31888
08/17/2011,9065,9110,8995,9040,29845
08/18/2011,9015,9040,8665,8760,60379
08/19/2011,8755,8790,8590,8630,58296
08/22/2011,8650,8775,8590,8670,43593
08/23/2011,8665,8850,8625,8835,38706
08/24/2011,8835,8845,8625,8760,38820
08/25/2011,8750,8865,8710,8745,48681
08/26/2011,8735,8815,8630,8795,48445
08/29/2011,8805,8960,8755,8945,24061
08/30/2011,8945,8995,8870,8905,29659
08/31/2011,8885,9085,8865,9030,32967
09/01/2011,9025,9095,8980,8995,30559
09/02/2011,8990,9015,8800,8825,35983
09/06/2011,8795,8840,8590,8730,81054
09/07/2011,8725,8875,8705,8870,33405
09/08/2011,8875,8880,8745,8785,25470
09/09/2011,8735,8745,8440,8495,48486
09/12/2011,8475,8520,8375,8515,50016
09/13/2011,8500,8600,8455,8590,43817
09/14/2011,8585,8665,8435,8575,46623
09/15/2011,8590,8740,8550,8730,35861
09/16/2011,8735,8840,8715,8815,30124
09/19/2011,8785,8785,8615,8690,21188
09/20/2011,8680,8735,8620,8630,28438
09/21/2011,8640,8710,8525,8530,31669
09/22/2011,8515,8570,8270,8375,50898
09/23/2011,8390,8485,8270,8445,31800
09/26/2011,8400,8505,8265,8465,47370
09/27/2011,8465,8720,8425,8625,41137
09/28/2011,8615,8690,8545,8560,34233
09/29/2011,8555,8775,8505,8730,37813
09/30/2011,8740,8760,8560,8570,33776
10/03/2011,8555,8600,8375,8380,43784
10/04/2011,8385,8555,8330,8530,47290
10/05/2011,8540,8545,8355,8515,43076
10/06/2011,8520,8610,8480,8590,45563
10/07/2011,8620,8670,8560,8600,36576
10/10/2011,8600,8800,8600,8790,20211
10/11/2011,8775,8805,8715,8745,25840
10/12/2011,8730,8910,8695,8815,36967
10/13/2011,8820,8855,8745,8795,28439
10/14/2011,8790,8880,8735,8870,28210
10/17/2011,8890,8955,8765,8795,37118
10/18/2011,8780,8890,8685,8870,35387
10/19/2011,8855,8860,8720,8755,21256
10/20/2011,8755,8760,8640,8690,35596
10/21/2011,8695,8750,8660,8745,27858
10/24/2011,8745,8850,8720,8840,23480
10/25/2011,8855,8865,8675,8700,35156
10/26/2011,8700,8800,8650,8790,24895
10/27/2011,8790,9085,8735,9045,31569
10/28/2011,9045,9095,8995,9060,26647
10/31/2011,9055,9160,8845,8885,30407
11/01/2011,8885,8945,8675,8765,45027
11/02/2011,8750,8755,8605,8705,33724
11/03/2011,8705,8815,8555,8790,28106
11/04/2011,8790,8815,8705,8735,27536
11/07/2011,8750,8815,8685,8785,27668
11/08/2011,8795,8800,8645,8760,27766
11/09/2011,8755,8765,8540,8595,42001
11/10/2011,8595,8595,8465,8530,35097
11/11/2011,8530,8615,8465,8595,22562
11/14/2011,8625,8665,8535,8575,22272
11/15/2011,8560,8595,8490,8545,32788
11/16/2011,8550,8565,8390,8390,28373
11/17/2011,8390,8490,8355,8385,33802
11/18/2011,8390,8455,8365,8390,20860
11/21/2011,8380,8380,8225,8265,30045
11/22/2011,8265,8355,8250,8265,25730
11/23/2011,8255,8290,8135,8150,19383
11/25/2011,8155,8215,8105,8120,27942
11/28/2011,8190,8415,8190,8390,27620
11/29/2011,8390,8500,8355,8445,26787
11/30/2011,8435,8660,8365,8645,48669
12/01/2011,8655,8675,8560,8590,25572
12/02/2011,8590,8750,8590,8650,28545
12/05/2011,8690,8730,8645,8665,27388
12/06/2011,8660,8670,8545,8590,24870
12/07/2011,8595,8730,8585,8710,19498
12/08/2011,8710,8710,8500,8535,19498
12/09/2011,8510,8650,8495,8645,21881
12/12/2011,8650,8670,8490,8545,23416
12/13/2011,8545,8610,8445,8500,18746
12/14/2011,8500,8520,8410,8420,22321
12/15/2011,8420,8435,8365,8405,24829
12/16/2011,8400,8445,8345,8355,19818
12/19/2011,8355,8360,8265,8280,17315
12/20/2011,8280,8485,8280,8460,14193
12/21/2011,8465,8495,8380,8455,17287
12/22/2011,8455,8495,8375,8485,11106
12/23/2011,8480,8550,8470,8540,7214
12/27/2011,8460,8470,8430,8445,5013
12/28/2011,8445,8460,8350,8370,12120
12/29/2011,8370,8450,8335,8445,11691
12/30/2011,8440,8470,8400,8405,6519
01/03/2012,8565,8585,8525,8560,18445
01/04/2012,8565,8575,8490,8520,18481
01/05/2012,8520,8525,8445,8490,19351
01/06/2012,8485,8505,8340,8345,20593
01/09/2012,8330,8390,8290,8345,10336
01/10/2012,8350,8475,8350,8440,15002
01/11/2012,8445,8460,8405,8445,12415
01/12/2012,8420,8445,8360,8410,19046
01/13/2012,8415,8510,8410,8460,20881
01/17/2012,8455,8505,8345,8475,20997
01/18/2012,8480,8620,8445,8585,24636
01/19/2012,8590,8735,8575,8715,27388
01/20/2012,8720,8790,8710,8775,21813
01/23/2012,8765,8810,8740,8795,15565
01/24/2012,8800,8815,8755,8815,20574
01/25/2012,8820,8900,8815,8870,22341
01/26/2012,8875,8915,8830,8860,21011
01/27/2012,8860,8880,8795,8825,15702
01/30/2012,8820,8835,8740,8760,17241
01/31/2012,8750,8835,8750,8800,16952
02/01/2012,8795,8900,8770,8845,19361
02/02/2012,8855,8900,8850,8865,13621
02/03/2012,8865,8945,8820,8910,22071
02/06/2012,8920,8945,8875,8910,15877
02/07/2012,8910,8960,8890,8940,21289
02/08/2012,8945,9005,8940,9000,18349
02/09/2012,8985,9045,8940,9030,20112
02/10/2012,9025,9030,8895,8940,20905
02/13/2012,8960,9025,8940,9015,15907
02/14/2012,9025,9110,8965,9100,24448
02/15/2012,9100,9305,9100,9235,33858
02/16/2012,9235,9380,9210,9370,30680
02/17/2012,9365,9495,9365,9480,20038
02/21/2012,9510,9570,9425,9480,30686
02/22/2012,9475,9605,9435,9570,23783
02/23/2012,9570,9615,9515,9600,19041
02/24/2012,9600,9745,9575,9705,20647
02/27/2012,9720,9745,9475,9590,25029
02/28/2012,9590,9825,9530,9785,26777
02/29/2012,9790,9870,9710,9755,25384
03/01/2012,9755,9870,9640,9790,22781
03/02/2012,9795,9815,9735,9810,13072
03/05/2012,9810,9810,9625,9720,31186
03/06/2012,9715,9735,9495,9535,49436
03/07/2012,9520,9675,9515,9650,34227
03/08/2012,9650,9890,9620,9880,34227
03/09/2012,9820,9980,9780,9950,25957
03/12/2012,9980,9980,9805,9865,15401
03/13/2012,9875,10035,9815,10015,29135
03/14/2012,10010,10075,9985,10030,21400
03/15/2012,10020,10090,10000,10025,17325
03/16/2012,10025,10120,10025,10035,19610
03/19/2012,10040,10100,10000,10075,16740
03/20/2012,10085,10110,9975,10045,11433
03/21/2012,10020,10065,9985,10000,16255
03/22/2012,10000,10065,9910,9935,26644
03/23/2012,9930,9960,9845,9935,20322
03/26/2012,9965,10050,9940,10050,17451
03/27/2012,10095,10195,10055,10130,21191
03/28/2012,10135,10210,10085,10130,26365
03/29/2012,10150,10165,10020,10100,21138
03/30/2012,10090,10175,10050,10165,22180
04/02/2012,10185,10205,10040,10100,23611
04/03/2012,10165,10185,10010,10070,19637
04/04/2012,10090,10090,9695,9750,33529
04/05/2012,9740,9815,9640,9715,27058
04/06/2012,9725,9745,9510,9715,5300
04/09/2012,9530,9620,9515,9565,9841
04/10/2012,9565,9655,9345,9360,34152
04/11/2012,9360,9540,9360,9500,39746
04/12/2012,9505,9615,9460,9600,22622
04/13/2012,9595,9690,9525,9530,28690
04/16/2012,9520,9540,9435,9470,18106
04/17/2012,9475,9620,9440,9600,19886
04/18/2012,9605,9690,9590,9600,17942
04/19/2012,9605,9665,9515,9560,24323
04/20/2012,9570,9620,9535,9600,14111
04/23/2012,9585,9645,9400,9450,21415
04/24/2012,9465,9540,9425,9530,18256
04/25/2012,9545,9610,9540,9595,16054
04/26/2012,9605,9635,9505,9605,16802
04/27/2012,9610,9700,9455,9525,21498
04/30/2012,9550,9565,9410,9460,13352
05/01/2012,9465,9470,9290,9375,20771
05/02/2012,9390,9425,9295,9340,22555
05/03/2012,9350,9360,9235,9250,13894
05/04/2012,9250,9275,9140,9150,17266
05/07/2012,9120,9235,9070,9205,23569
05/08/2012,9205,9215,9035,9100,24756
05/09/2012,9100,9110,8940,8990,37092
05/10/2012,8975,9095,8965,9060,24868
05/11/2012,9040,9055,8935,8965,24005
05/14/2012,8930,9030,8865,8865,26173
05/15/2012,8845,8960,8835,8845,34523
05/16/2012,8850,8885,8720,8755,30772
05/17/2012,8760,8875,8665,8680,34696
05/18/2012,8680,8715,8540,8555,33087
05/21/2012,8565,8715,8540,8695,18218
05/22/2012,8700,8790,8690,8745,21669
05/23/2012,8750,8750,8480,8595,28852
05/24/2012,8590,8620,8500,8585,19682
05/25/2012,8590,8625,8550,8570,12781
05/29/2012,8590,8670,8515,8655,24667
05/30/2012,8655,8655,8485,8500,23984
05/31/2012,8495,8565,8435,8485,21965
06/01/2012,8475,8490,8245,8255,40704
06/04/2012,8245,8375,8210,8335,25730
06/05/2012,8335,8475,8310,8455,29161
06/06/2012,8440,8680,8415,8665,19325
06/07/2012,8665,8710,8590,8630,19325
06/08/2012,8630,8660,8385,8515,21622
06/11/2012,8580,8720,8450,8465,20646
06/12/2012,8455,8570,8435,8565,16670
06/13/2012,8565,8600,8495,8530,16350
06/14/2012,8525,8605,8495,8580,25696
06/15/2012,8595,8630,8535,8610,12250
06/18/2012,8690,8750,8635,8680,22526
06/19/2012,8700,8730,8620,8695,18556
06/20/2012,8695,8815,8695,8785,27556
06/21/2012,8790,8885,8725,8740,27682
06/22/2012,8730,8830,8700,8830,16155
06/25/2012,8825,8840,8615,8640,20453
06/26/2012,8625,8705,8600,8690,17744
06/27/2012,8690,8805,8645,8785,17132
06/28/2012,8795,8880,8775,8835,23056
06/29/2012,8840,9115,8795,9105,27857
07/02/2012,9130,9140,8985,9035,22456
07/03/2012,9035,9150,9010,9145,13630
07/05/2012,9150,9155,9035,9065,25075
07/06/2012,9065,9070,8930,8995,18186
07/09/2012,8980,8980,8850,8920,16036
07/10/2012,8905,8965,8815,8835,17808
07/11/2012,8835,8880,8790,8865,13660
07/12/2012,8865,8875,8650,8700,20532
07/13/2012,8705,8815,8670,8800,17688
07/16/2012,8800,8820,8690,8735,6743
07/17/2012,8730,8805,8715,8780,12935
07/18/2012,8775,8795,8715,8775,11065
07/19/2012,8785,8830,8770,8800,12786
07/20/2012,8805,8810,8595,8610,21760
07/23/2012,8585,8600,8410,8465,22310
07/24/2012,8475,8505,8365,8390,17225
07/25/2012,8375,8440,8325,8410,20460
07/26/2012,8410,8560,8360,8530,28247
07/27/2012,8530,8730,8510,8685,29693
07/30/2012,8690,8705,8585,8620,14845
07/31/2012,8620,8730,8575,8590,17821
08/01/2012,8600,8680,8575,8670,12917
08/02/2012,8665,8700,8500,8565,35739
08/03/2012,8575,8700,8510,8675,23159
08/06/2012,8675,8780,8670,8740,19125
08/07/2012,8730,8940,8710,8880,29206
08/08/2012,8880,8960,8825,8880,17057
08/09/2012,8885,8995,8850,8955,15477
08/10/2012,8955,8965,8835,8925,13942
08/13/2012,8915,8930,8860,8885,13650
08/14/2012,8890,8990,8875,8940,15480
08/15/2012,8940,8955,8860,8935,10673
08/16/2012,8940,9140,8935,9125,18689
08/17/2012,9150,9235,9090,9215,15540
08/20/2012,9205,9230,9150,9190,12372
08/21/2012,9195,9245,9145,9155,18224
08/22/2012,9145,9165,9035,9075,14899
08/23/2012,9075,9200,9060,9080,16157
08/24/2012,9080,9115,9010,9115,15464
08/27/2012,9135,9155,9075,9100,11246
08/28/2012,9095,9130,8985,9045,12310
08/29/2012,9040,9095,9040,9065,10218
08/30/2012,9065,9070,8905,8915,17065
08/31/2012,8920,8930,8820,8890,30571
09/04/2012,8880,8890,8720,8795,24896
09/05/2012,8800,8800,8635,8695,17691
09/06/2012,8685,8865,8650,8850,39001
09/07/2012,8850,8935,8810,8875,30556
09/10/2012,8870,8880,8805,8815,16433
09/11/2012,8810,8845,8775,8810,19321
09/12/2012,8810,8995,8795,8945,13332
09/13/2012,8960,9110,8935,9060,13332
09/14/2012,9015,9205,9015,9180,29721
09/17/2012,9170,9200,9120,9145,10082
09/18/2012,9125,9165,9030,9105,20051
09/19/2012,9105,9215,9075,9125,21786
09/20/2012,9135,9145,8975,9035,22689
09/21/2012,9040,9090,9020,9035,11878
09/24/2012,9030,9030,8940,8985,14784
09/25/2012,8985,9050,8945,8960,13903
09/26/2012,8950,8960,8830,8865,22484
09/27/2012,8865,8985,8850,8960,17251
09/28/2012,8960,9000,8815,8860,22757
10/01/2012,8850,8870,8760,8810,19248
10/02/2012,8815,8840,8760,8790,17771
10/03/2012,8795,8810,8730,8790,16972
10/04/2012,8790,8885,8745,8845,19211
10/05/2012,8850,8945,8800,8895,16125
10/08/2012,8895,8910,8775,8800,10182
10/09/2012,8805,8850,8670,8675,23439
10/10/2012,8675,8680,8545,8550,27314
10/11/2012,8550,8635,8515,8580,19855
10/12/2012,8575,8595,8525,8545,14776
10/15/2012,8545,8660,8495,8645,20870
10/16/2012,8645,8805,8635,8780,30650
10/17/2012,8785,8885,8755,8865,20075
10/18/2012,8860,9000,8855,8970,25638
10/19/2012,8960,9020,8845,8850,23096
10/22/2012,8855,9070,8840,9065,26261
10/23/2012,9080,9085,8875,8910,27266
10/24/2012,8915,9045,8895,8965,18782
10/25/2012,8955,9120,8955,9075,30240
10/26/2012,9080,9085,8905,8965,27883
10/29/2012,8975,8990,8880,8925,6122
10/30/2012,8925,9005,8820,8915,10105
10/31/2012,8900,8985,8895,8920,16996
11/01/2012,8925,9060,8605,9055,19124
11/02/2012,9055,9100,9005,9005,25259
11/05/2012,8990,9045,8970,9015,13537
11/06/2012,9015,9065,8960,9045,14185
11/07/2012,9060,9060,8815,8850,32238
11/08/2012,8850,8890,8735,8760,23978
11/09/2012,8780,8790,8655,8750,26820
11/12/2012,8740,8750,8670,8710,13105
11/13/2012,8715,8725,8620,8655,18915
11/14/2012,8675,8785,8660,8675,27948
11/15/2012,8675,8890,8675,8875,36203
11/16/2012,8870,9095,8860,9090,44096
11/19/2012,9095,9225,9095,9220,31598
11/20/2012,9200,9220,9090,9215,23411
11/21/2012,9205,9335,9165,9325,26341
11/23/2012,9325,9455,9310,9430,29759
11/26/2012,9430,9490,9345,9395,20390
11/27/2012,9385,9455,9350,9365,20702
11/28/2012,9365,9405,9215,9345,32234
11/29/2012,9345,9475,9335,9460,29313
11/30/2012,9450,9530,9380,9495,23129
12/03/2012,9500,9525,9435,9440,17597
12/04/2012,9455,9460,9390,9405,19494
12/05/2012,9390,9540,9375,9510,24547
12/06/2012,9510,9565,9500,9540,21821
12/07/2012,9550,9570,9465,9545,23408
12/10/2012,9545,9595,9475,9535,19607
12/11/2012,9525,9595,9495,9590,30904
12/12/2012,9590,9725,9570,9670,19162
12/13/2012,9665,9790,9665,9750,19162
12/14/2012,9740,9770,9675,9755,22020
12/17/2012,9790,9960,9760,9860,24875
12/18/2012,9875,10055,9840,10030,24513
12/19/2012,10055,10190,10010,10140,34985
12/20/2012,10120,10180,10010,10170,20521
12/21/2012,10175,10175,9920,10095,21348
12/24/2012,10070,10155,10065,10145,5046
12/26/2012,10310,10370,10305,10330,6953
12/27/2012,10350,10435,10310,10405,23905
12/28/2012,10430,10455,10335,10350,18719
12/31/2012,10340,10550,10315,10545,8334
01/02/2013,10755,10870,10695,10860,18753
01/03/2013,10850,10875,10710,10765,17833
01/04/2013,10770,10805,10650,10760,29426
01/07/2013,10760,10780,10540,10620,23304
01/08/2013,10605,10610,10370,10425,31397
01/09/2013,10410,10635,10390,10630,20138
01/10/2013,10635,10820,10625,10775,27467
01/11/2013,10815,10920,10745,10910,31798
01/14/2013,10920,11005,10910,10980,17336
01/15/2013,10960,10970,10765,10865,24311
01/16/2013,10870,10870,10465,10635,43028
01/17/2013,10640,10895,10425,10860,50041
01/18/2013,10865,10985,10800,10965,34100
01/22/2013,10955,10990,10545,10650,55626
01/23/2013,10660,10660,10430,10510,30109
01/24/2013,10490,10830,10440,10825,34233
01/25/2013,10820,11070,10810,10970,44984
01/28/2013,10970,11020,10725,10780,28182
01/29/2013,10760,10940,10725,10905,20969
01/30/2013,10910,11185,10900,11080,33372
01/31/2013,11060,11155,11005,11135,27022
02/01/2013,11155,11325,11115,11280,41397
02/04/2013,11295,11330,11110,11140,43674
02/05/2013,11115,11280,11015,11265,47200
02/06/2013,11275,11500,11265,11410,56490
02/07/2013,11420,11450,11220,11330,49912
02/08/2013,11325,11330,11035,11145,48078
02/11/2013,11140,11510,11130,11395,30789
02/12/2013,11475,11480,11310,11380,47312
02/13/2013,11345,11365,11195,11315,41387
02/14/2013,11300,11360,11210,11225,32054
02/15/2013,11215,11340,11060,11315,39682
02/19/2013,11375,11455,11325,11425,41365
02/20/2013,11420,11555,11390,11415,33624
02/21/2013,11400,11435,11190,11270,45398
02/22/2013,11280,11510,11170,11500,31751
02/25/2013,11565,11685,11100,11185,77092
02/26/2013,11255,11520,11255,11375,68615
02/27/2013,11395,11470,11220,11445,43325
02/28/2013,11440,11640,11420,11520,40487
03/01/2013,11505,11740,11455,11715,46511
03/04/2013,11705,11765,11620,11750,45087
03/05/2013,11745,11850,11670,11830,52430
03/06/2013,11850,12100,11805,12085,29453
03/07/2013,12075,12170,11950,12135,29453
03/08/2013,12060,12400,12015,12345,51255
03/11/2013,12230,12360,12210,12350,28864
03/12/2013,12350,12390,12140,12150,38973
03/13/2013,12165,12295,12145,12260,28678
03/14/2013,12260,12415,12185,12370,32230
03/15/2013,12370,12490,12340,12395,33873
03/18/2013,12310,12385,12150,12345,46775
03/19/2013,12325,12440,12280,12380,44909
03/20/2013,12365,12620,12320,12580,21805
03/21/2013,12580,12610,12405,12445,49342
03/22/2013,12435,12460,12265,12410,39607
03/25/2013,12405,12545,12270,12390,51884
03/26/2013,12350,12495,12340,12470,29660
03/27/2013,12465,12535,12370,12490,38047
03/28/2013,12490,12495,12280,12415,23808
04/01/2013,12425,12445,12020,12060,27198
04/02/2013,12040,12195,11815,12170,37301
04/03/2013,12165,12380,12135,12185,45528
04/04/2013,12200,13040,12080,13015,87127
04/05/2013,13015,13240,12750,13090,80680
04/08/2013,13190,13440,13095,13430,55255
04/09/2013,13440,13440,13135,13300,64610
04/10/2013,13305,13525,13185,13515,60661
04/11/2013,13510,13545,13380,13495,61837
04/12/2013,13505,13530,13315,13380,45162
04/15/2013,13335,13405,12945,13010,61592
04/16/2013,12965,13410,12950,13325,52812
04/17/2013,13345,13440,13140,13270,60983
04/18/2013,13280,13385,13200,13275,50544
04/19/2013,13275,13615,13200,13600,43645
04/22/2013,13620,13645,13500,13595,41299
04/23/2013,13585,13770,13480,13745,56007
04/24/2013,13735,13950,13685,13915,47530
04/25/2013,13910,14050,13840,13985,38577
04/26/2013,13990,14010,13765,13795,50602
04/29/2013,13805,13890,13720,13850,16287
04/30/2013,13850,13925,13785,13855,41386
05/01/2013,13850,13850,13740,13770,20784
05/02/2013,13770,13895,13640,13860,46478
05/03/2013,13855,14215,13855,14165,37528
05/06/2013,14160,14235,14155,14195,10309
05/07/2013,14170,14255,14065,14230,36303
05/08/2013,14210,14435,14190,14370,32222
05/09/2013,14375,14590,14185,14545,60308
05/10/2013,14565,14795,14480,14765,63928
05/13/2013,14765,14895,14730,14870,42519
05/14/2013,14850,15095,14760,15065,61363
05/15/2013,15050,15230,15005,15185,71027
05/16/2013,15185,15200,14890,14955,55696
05/17/2013,14975,15390,14910,15350,60950
05/20/2013,15305,15390,15245,15320,45414
05/21/2013,15305,15535,15270,15485,47137
05/22/2013,15480,15995,15450,15640,127314
05/23/2013,15695,15960,14640,14800,55359
05/24/2013,14795,15015,13980,14305,93010
05/28/2013,14300,14660,13675,14410,92944
05/29/2013,14440,14555,13840,13985,63447
05/30/2013,13970,14090,13540,13810,90847
05/31/2013,13825,13925,13425,13455,77435
06/03/2013,13470,13600,12925,13190,79122
06/04/2013,13195,13715,13055,13570,61208
06/05/2013,13570,13745,12845,12910,76686
06/06/2013,12870,13245,12290,12700,107219
06/07/2013,12725,13300,12520,13220,114393
06/10/2013,13230,13720,13195,13560,64547
06/11/2013,13620,13625,12895,12980,95233
06/12/2013,13000,13395,12800,13000,46725
06/13/2013,12980,13005,12385,12920,46725
06/14/2013,12965,13060,12465,12515,71795
06/17/2013,12485,13190,12480,12955,54097
06/18/2013,12965,13300,12915,13210,50045
06/19/2013,13240,13465,13065,13160,57491
06/20/2013,13160,13285,12750,12805,85963
06/21/2013,12800,13445,12680,13340,64824
06/24/2013,13390,13500,12800,13020,66813
06/25/2013,13030,13230,12750,13170,54356
06/26/2013,13200,13240,12760,13010,54782
06/27/2013,13010,13445,12865,13395,42508
06/28/2013,13425,13780,13335,13700,49064
07/01/2013,13740,14035,13565,13915,40480
07/02/2013,13920,14310,13895,14170,44652
07/03/2013,14190,14275,13765,14040,48304
07/05/2013,14015,14445,13920,14420,69611
07/08/2013,14450,14515,14065,14310,36137
07/09/2013,14305,14490,14190,14415,30161
07/10/2013,14435,14565,14245,14325,43371
07/11/2013,14450,14600,14260,14525,45817
07/12/2013,14590,14610,14420,14525,27297
07/15/2013,14480,14750,14435,14710,15604
07/16/2013,14705,14735,14435,14515,27068
07/17/2013,14520,14695,14455,14670,33141
07/18/2013,14670,14990,14650,14965,32838
07/19/2013,14930,14960,14405,14820,45231
07/22/2013,14835,14925,14515,14675,37040
07/23/2013,14685,14860,14540,14715,33991
07/24/2013,14710,14810,14620,14735,29899
07/25/2013,14735,14760,14290,14360,52013
07/26/2013,14400,14440,13845,13945,69541
07/29/2013,13935,13955,13505,13520,50452
07/30/2013,13545,13925,13525,13720,38463
07/31/2013,13730,13840,13510,13650,48268
08/01/2013,13620,14245,13590,14180,55614
08/02/2013,14200,14525,14155,14320,58327
08/05/2013,14330,14370,14205,14250,21757
08/06/2013,14210,14410,14025,14200,30265
08/07/2013,14190,14205,13705,13720,49899
08/08/2013,13760,14040,13390,13650,63464
08/09/2013,13655,13760,13500,13550,30040
08/12/2013,13535,13665,13410,13615,26427
08/13/2013,13630,13990,13630,13960,41025
08/14/2013,13980,14060,13740,13875,30271
08/15/2013,13865,13985,13475,13510,45132
08/16/2013,13535,13735,13515,13625,25311
08/19/2013,13580,13795,13525,13580,23863
08/20/2013,13545,13730,13320,13405,38954
08/21/2013,13430,13500,13240,13305,32004
08/22/2013,13280,13635,13220,13575,37283
08/23/2013,13580,13775,13580,13735,33256
08/26/2013,13720,13765,13520,13540,17792
08/27/2013,13540,13675,13185,13200,41510
08/28/2013,13215,13445,13175,13375,31184
08/29/2013,13365,13630,13365,13525,26919
08/30/2013,13545,13625,13250,13320,27457
09/03/2013,13370,14015,13370,13885,74229
09/04/2013,13870,14155,13835,14095,35033
09/05/2013,14130,14180,13950,14100,34723
09/06/2013,14090,14100,13690,13850,53042
09/09/2013,14125,14375,14115,14325,40156
09/10/2013,14330,14605,14290,14585,52532
09/11/2013,14585,14585,14365,14465,17914
09/12/2013,14475,14475,14195,14330,17914
09/13/2013,14250,14380,14170,14365,22199
09/16/2013,14375,14540,14370,14480,18749
09/17/2013,14470,14485,14255,14400,24493
09/18/2013,14400,14725,14345,14720,45642
09/19/2013,14700,14875,14520,14830,56348
09/20/2013,14835,14850,14625,14670,24726
09/23/2013,14650,14735,14520,14585,19622
09/24/2013,14590,14770,14540,14680,32208
09/25/2013,14680,14705,14505,14570,31047
09/26/2013,14560,14875,14425,14845,45193
09/27/2013,14845,14880,14595,14630,34456
09/30/2013,14585,14635,14345,14535,50455
10/01/2013,14525,14670,14365,14470,54305
10/02/2013,14510,14585,14030,14195,60574
10/03/2013,14125,14230,13985,14080,42196
10/04/2013,14080,14205,13945,14200,37175
10/07/2013,14130,14130,13750,13775,49690
10/08/2013,13755,13945,13740,13760,41460
10/09/2013,13755,14155,13750,14090,51739
10/10/2013,14090,14430,14080,14380,56112
10/11/2013,14380,14545,14305,14535,35899
10/14/2013,14415,14550,14280,14530,22459
10/15/2013,14540,14560,14320,14385,41862
10/16/2013,14385,14670,14340,14645,39203
10/17/2013,14625,14680,14450,14620,36104
10/18/2013,14595,14665,14505,14620,23793
10/21/2013,14645,14750,14625,14720,17990
10/22/2013,14705,14840,14650,14770,40802
10/23/2013,14795,14795,14260,14315,53554
10/24/2013,14350,14515,14280,14415,28977
10/25/2013,14425,14460,14090,14205,43298
10/28/2013,14230,14410,14195,14310,23029
10/29/2013,14305,14500,14220,14485,26825
10/30/2013,14500,14590,14435,14570,38519
10/31/2013,14530,14530,14330,14445,30319
11/01/2013,14435,14440,14125,14315,38584
11/04/2013,14325,14345,14240,14330,14706
11/05/2013,14320,14330,14130,14170,29888
11/06/2013,14185,14420,14130,14405,31971
11/07/2013,14405,14405,13890,14010,88410
11/08/2013,14025,14295,13995,14260,70593
11/11/2013,14285,14370,14220,14320,26146
11/12/2013,14330,14615,14295,14605,44626
11/13/2013,14600,14730,14500,14720,42477
11/14/2013,14705,15095,14680,15065,72054
11/15/2013,15070,15375,15005,15305,54190
11/18/2013,15285,15345,15075,15170,44088
11/19/2013,15170,15270,15020,15210,45656
11/20/2013,15185,15255,15065,15160,62421
11/21/2013,15150,15580,15145,15535,57098
11/22/2013,15560,15595,15315,15530,43127
11/25/2013,15530,15635,15475,15520,31059
11/26/2013,15520,15590,15395,15410,33391
11/27/2013,15415,15655,15380,15645,30914
11/29/2013,15645,15745,15510,15685,43775
12/02/2013,15710,15850,15585,15750,37784
12/03/2013,15770,15805,15440,15555,49759
12/04/2013,15555,15580,15205,15405,74665
12/05/2013,15425,15435,15060,15085,50898
12/06/2013,15065,15600,15060,15555,62518
12/09/2013,15565,15720,15560,15690,50962
12/10/2013,15705,15705,15455,15540,59378
12/11/2013,15530,15565,15290,15320,23048
12/12/2013,15320,15540,15235,15500,23048
12/13/2013,15535,15555,15255,15475,39041
12/16/2013,15450,15460,15155,15340,38070
12/17/2013,15355,15355,15210,15260,26773
12/18/2013,15245,15910,15245,15895,58868
12/19/2013,15900,15910,15750,15785,40933
12/20/2013,15815,15930,15735,15915,33686
12/23/2013,15925,16075,15855,16045,21797
12/24/2013,16045,16050,15860,15895,19210
12/26/2013,16220,16250,16195,16240,11102
12/27/2013,16250,16315,16060,16290,23675
12/30/2013,16305,16340,16185,16285,26768
12/31/2013,16285,16355,16225,16340,9921
01/02/2014,16250,16260,15965,15995,24057
01/03/2014,16035,16085,15855,16070,24714
01/06/2014,16060,16145,15715,15805,48031
01/07/2014,15800,15960,15750,15910,44248
01/08/2014,15915,16135,15905,16015,48525
01/09/2014,16010,16015,15810,15920,36167
01/10/2014,15900,15980,15705,15835,57390
01/13/2014,15840,15865,15430,15495,42720
01/14/2014,15505,15735,15375,15685,58461
01/15/2014,15690,15855,15635,15835,40371
01/16/2014,15830,15940,15600,15650,33251
01/17/2014,15645,15840,15620,15745,32266
01/21/2014,15730,15900,15570,15815,46943
01/22/2014,15790,15885,15625,15875,29733
01/23/2014,15870,15965,15280,15390,73653
01/24/2014,15400,15490,14930,14945,110726
01/27/2014,14915,15105,14785,14985,80369
01/28/2014,14940,15255,14930,15140,44779
01/29/2014,15255,15380,14855,14975,92000
01/30/2014,14990,15215,14845,15100,59602
01/31/2014,15125,15160,14580,14610,86159
02/03/2014,14645,14850,14130,14140,104196
02/04/2014,14215,14340,13915,14275,83154
02/05/2014,14265,14300,13980,14150,63033
02/06/2014,14185,14475,14105,14430,58708
02/07/2014,14425,14700,14300,14670,80512
02/10/2014,14660,14740,14565,14635,39924
02/11/2014,14635,14940,14580,14885,41125
02/12/2014,14885,14890,14685,14780,44205
02/13/2014,14780,14780,14315,14625,58739
02/14/2014,14615,14670,14230,14440,46897
02/18/2014,14400,14900,14185,14775,72034
02/19/2014,14780,14805,14630,14645,42640
02/20/2014,14690,14720,14365,14545,48932
02/21/2014,14550,14900,14530,14790,34574
02/24/2014,14800,15040,14645,14945,36413
02/25/2014,14930,15090,14840,14910,36053
02/26/2014,14925,15080,14870,14910,40053
02/27/2014,14930,15015,14695,14920,51711
02/28/2014,14935,15015,14735,14920,47479
03/03/2014,14770,14795,14435,14510,59996
03/04/2014,14535,14985,14525,14980,51137
03/05/2014,14955,14990,14880,14890,39766
03/06/2014,14905,15335,14865,15295,50037
03/07/2014,15295,15430,15145,15315,67180
03/10/2014,15275,15275,15080,15230,47942
03/11/2014,15220,15270,14990,15025,78264
03/12/2014,15055,15055,14685,14815,24620
03/13/2014,14835,14930,14365,14440,24620
03/14/2014,14410,14425,14045,14150,83463
03/17/2014,14140,14450,14095,14420,40227
03/18/2014,14430,14460,14190,14365,49613
03/19/2014,14385,14585,14210,14500,47871
03/20/2014,14485,14505,14110,14270,49713
03/21/2014,14265,14390,14195,14195,28694
03/24/2014,14220,14445,14185,14290,39605
03/25/2014,14300,14440,14215,14355,33624
03/26/2014,14370,14495,14285,14295,43135
03/27/2014,14305,14680,14235,14555,51410
03/28/2014,14595,14855,14535,14795,33094
03/31/2014,14770,14890,14725,14815,40852
04/01/2014,14825,14920,14745,14900,32741
04/02/2014,14895,15090,14885,15080,34754
04/03/2014,15085,15180,14995,15075,30558
04/04/2014,15085,15170,14815,14875,50896
04/07/2014,14875,14910,14680,14715,38966
04/08/2014,14700,14770,14290,14355,63222
04/09/2014,14370,14550,14290,14505,49996
04/10/2014,14520,14535,13970,14030,68611
04/11/2014,14065,14085,13845,13900,59490
04/14/2014,13880,14150,13830,14090,46143
04/15/2014,14110,14190,13900,14110,55771
04/16/2014,14175,14475,14150,14465,29987
04/17/2014,14440,14530,14360,14495,29987
04/21/2014,14495,14655,14485,14560,11046
04/22/2014,14565,14615,14350,14485,32623
04/23/2014,14475,14560,14430,14500,24446
04/24/2014,14550,14575,14275,14410,42690
04/25/2014,14420,14570,14260,14330,31528
04/28/2014,14310,14415,14225,14390,33609
04/29/2014,14385,14490,14365,14445,19944
04/30/2014,14445,14450,14210,14290,35109
05/01/2014,14295,14495,14295,14455,18221
05/02/2014,14480,14570,14345,14380,46903
05/05/2014,14380,14405,14255,14335,15816
05/06/2014,14345,14355,14175,14240,23045
05/07/2014,14245,14285,14030,14210,51118
05/08/2014,14185,14260,14060,14095,40337
05/09/2014,14080,14270,14070,14175,37230
05/12/2014,14190,14330,14135,14325,22923
05/13/2014,14325,14485,14320,14470,34966
05/14/2014,14450,14455,14240,14250,24778
05/15/2014,14265,14370,14025,14110,51682
05/16/2014,14100,14190,14015,14170,35755
05/19/2014,14185,14195,13905,14125,35156
05/20/2014,14140,14150,13960,13980,26817
05/21/2014,13980,14230,13930,14185,40864
05/22/2014,14190,14440,14155,14390,40973
05/23/2014,14395,14600,14380,14560,33611
05/27/2014,14585,14755,14535,14680,42580
05/28/2014,14665,14725,14565,14650,28128
05/29/2014,14645,14760,14575,14735,23463
05/30/2014,14745,14745,14580,14710,25727
06/02/2014,14735,15090,14720,15050,47031
06/03/2014,15075,15100,14965,15060,28924
06/04/2014,15050,15175,14985,15165,34375
06/05/2014,15155,15170,15015,15160,52861
06/06/2014,15155,15205,15040,15200,32622
06/09/2014,15200,15215,15090,15165,29201
06/10/2014,15155,15185,14910,15015,59661
06/11/2014,15015,15075,14900,14945,18608
06/12/2014,15030,15040,14800,14850,18608
06/13/2014,14865,15145,14805,15050,35799
06/16/2014,15070,15075,14850,14940,21972
06/17/2014,14940,15050,14940,15005,20849
06/18/2014,15005,15210,14995,15155,29996
06/19/2014,15175,15395,15120,15375,29490
06/20/2014,15365,15480,15295,15430,27109
06/23/2014,15440,15445,15265,15320,21847
06/24/2014,15295,15470,15245,15340,30236
06/25/2014,15300,15375,15210,15335,34000
06/26/2014,15325,15345,15210,15310,29712
06/27/2014,15320,15320,15020,15140,31640
06/30/2014,15140,15195,15045,15165,20904
07/01/2014,15170,15440,15145,15410,29853
07/02/2014,15420,15445,15345,15410,22206
07/03/2014,15410,15450,15320,15445,25533
07/07/2014,15455,15480,15290,15310,31938
07/08/2014,15305,15395,15205,15255,29272
07/09/2014,15250,15370,15185,15350,23404
07/10/2014,15365,15370,15005,15115,58324
07/11/2014,15105,15220,15075,15175,22931
07/14/2014,15200,15390,15175,15340,18929
07/15/2014,15345,15445,15320,15395,27299
07/16/2014,15405,15470,15355,15440,20758
07/17/2014,15420,15465,15190,15255,32449
07/18/2014,15240,15350,15100,15325,26819
07/21/2014,15340,15370,15185,15275,16655
07/22/2014,15265,15395,15250,15355,24502
07/23/2014,15340,15380,15315,15355,15232
07/24/2014,15355,15390,15230,15340,21964
07/25/2014,15335,15545,15320,15425,31868
07/28/2014,15425,15595,15410,15565,26808
07/29/2014,15560,15700,15550,15600,30303
07/30/2014,15620,15790,15595,15765,41950
07/31/2014,15765,15770,15460,15490,51268
08/01/2014,15485,15605,15400,15415,58998
08/04/2014,15420,15540,15390,15510,28536
08/05/2014,15500,15525,15165,15230,47096
08/06/2014,15245,15295,15010,15080,56505
08/07/2014,15085,15240,14960,15010,56345
08/08/2014,15010,15065,14660,15010,72782
08/11/2014,15010,15190,14970,15145,31906
08/12/2014,15165,15235,15075,15115,27065
08/13/2014,15125,15330,15105,15305,27488
08/14/2014,15305,15345,15240,15340,21015
08/15/2014,15340,15385,15205,15315,38013
08/18/2014,15315,15435,15300,15425,17946
08/19/2014,15430,15510,15415,15500,24348
08/20/2014,15505,15575,15395,15560,28401
08/21/2014,15555,15655,15515,15650,26671
08/22/2014,15635,15635,15445,15550,28402
08/25/2014,15550,15635,15550,15595,15208
08/26/2014,15575,15610,15460,15545,27778
08/27/2014,15540,15590,15450,15480,18222
08/28/2014,15470,15490,15340,15405,29973
08/29/2014,15420,15465,15355,15445,25630
09/02/2014,15450,15845,15440,15765,53206
09/03/2014,15755,15835,15690,15710,35456
09/04/2014,15700,15775,15610,15710,38973
09/05/2014,15745,15815,15560,15685,44733
09/08/2014,15690,15810,15660,15805,33656
09/09/2014,15810,15820,15635,15670,58456
09/10/2014,15655,15930,15640,15930,52431
09/11/2014,15925,15945,15815,15900,24372
09/12/2014,15850,15920,15790,15830,35843
09/15/2014,15825,15845,15725,15840,14284
09/16/2014,15835,15920,15760,15910,31285
09/17/2014,15910,16005,15785,15980,36979
09/18/2014,15965,16160,15925,16145,45281
09/19/2014,16140,16295,16100,16210,46504
09/22/2014,16210,16235,16075,16100,34810
09/23/2014,16095,16140,15980,16035,26201
09/24/2014,16010,16285,15980,16260,38438
09/25/2014,16245,16360,16095,16125,59964
09/26/2014,16130,16425,16105,16365,47807
09/29/2014,16360,16390,16160,16265,40875
09/30/2014,16280,16280,16070,16200,43754
10/01/2014,16195,16245,15830,15870,59772
10/02/2014,15880,15935,15370,15585,108144
10/03/2014,15570,15975,15560,15910,63688
10/06/2014,15920,15980,15755,15780,44711
10/07/2014,15775,15925,15480,15520,59748
10/08/2014,15505,15730,15460,15695,69144
10/09/2014,15705,15745,15215,15305,84566
10/10/2014,15250,15400,15015,15065,72911
10/13/2014,15040,15160,14810,14835,48261
10/14/2014,14840,15120,14800,14935,80236
10/15/2014,14965,15100,14480,14670,144682
10/16/2014,14660,14815,14370,14690,133246
10/17/2014,14695,14895,14515,14880,94613
10/20/2014,14890,15165,14890,15115,68611
10/21/2014,15170,15180,14755,15080,70851
10/22/2014,15090,15275,14995,15110,56059
10/23/2014,15110,15465,15060,15365,62397
10/24/2014,15360,15440,15235,15435,49322
10/27/2014,15435,15445,15255,15315,40846
10/28/2014,15345,15440,15265,15430,33048
10/29/2014,15415,15685,15395,15670,46575
10/30/2014,15650,15905,15570,15785,63101
10/31/2014,15795,17040,15795,17025,175638
11/03/2014,17050,17440,16935,17345,64385
11/04/2014,17320,17320,16660,16945,124819
11/05/2014,16865,17125,16775,17070,81526
11/06/2014,17055,17095,16725,16945,70619
11/07/2014,16955,16965,16675,16775,60134
11/10/2014,16775,16960,16695,16920,43462
11/11/2014,16925,17370,16860,17225,69503
11/12/2014,17335,17460,17045,17255,71632
11/13/2014,17240,17500,17110,17410,54784
11/14/2014,17420,17525,17300,17485,54500
11/17/2014,17485,17565,16880,17195,68602
11/18/2014,17185,17450,17175,17420,53660
11/19/2014,17420,17480,17290,17440,35055
11/20/2014,17435,17465,17120,17250,45447
11/21/2014,17255,17545,17105,17400,62338
11/24/2014,17440,17580,17305,17480,16305
11/25/2014,17495,17535,17330,17405,36304
11/26/2014,17400,17445,17310,17340,23542
11/28/2014,17330,17510,17180,17460,40818
12/01/2014,17465,17655,17380,17535,53836
12/02/2014,17525,17825,17445,17780,41686
12/03/2014,17780,17915,17690,17910,31962
12/04/2014,17890,17915,17730,17860,53358
12/05/2014,17865,18105,17765,18045,46740
12/08/2014,18075,18085,17690,17745,48471
12/09/2014,17750,17900,17315,17620,107349
12/10/2014,17615,17635,17050,17165,93756
12/11/2014,17140,17545,17040,17285,21343
12/12/2014,17260,17535,17125,17135,73834
12/15/2014,17155,17260,16615,16705,92142
12/16/2014,16730,16890,16440,16560,114856
12/17/2014,16560,17245,16545,17185,69014
12/18/2014,17195,17580,17165,17540,61250
12/19/2014,17545,17775,17465,17700,55666
12/22/2014,17740,17780,17565,17770,20537
12/23/2014,17780,17920,17710,17850,15532
12/24/2014,17865,17875,17760,17825,7708
12/26/2014,17760,17955,17735,17920,8168
12/29/2014,17910,17965,17525,17740,32709
12/30/2014,17745,17750,17200,17340,34499
12/31/2014,17325,17415,17250,17310,13841
01/02/2015,17295,17585,17295,17385,22201
01/05/2015,17400,17555,17025,17090,60585
01/06/2015,17080,17100,16545,16730,84988
01/07/2015,16705,17170,16695,17010,59496
01/08/2015,17020,17420,17005,17355,47434
01/09/2015,17365,17400,16890,16915,63363
01/12/2015,16915,17080,16740,16885,32687
01/13/2015,16900,17225,16785,16940,53958
01/14/2015,16935,17035,16530,16775,79597
01/15/2015,16755,17190,16720,16800,109824
01/16/2015,16775,17085,16545,17075,74336
01/20/2015,17060,17485,16910,17390,72851
01/21/2015,17410,17430,17080,17340,55117
01/22/2015,17335,17590,17145,17560,61262
01/23/2015,17545,17585,17340,17410,46106
01/26/2015,17350,17705,17280,17665,38211
01/27/2015,17665,17765,17485,17635,45586
01/28/2015,17630,17875,17515,17525,49333
01/29/2015,17560,17850,17555,17830,49287
01/30/2015,17845,17860,17465,17500,43142
02/02/2015,17495,17685,17420,17635,44257
02/03/2015,17670,17670,17270,17570,49454
02/04/2015,17570,17740,17515,17560,40579
02/05/2015,17530,17740,17450,17730,40341
02/06/2015,17705,17920,17605,17810,50342
02/09/2015,17805,17820,17525,17580,39981
02/10/2015,17595,17865,17540,17820,45283
02/11/2015,17820,18080,17790,18010,30712
02/12/2015,18015,18020,17700,17925,74495
02/13/2015,17920,18100,17845,18055,42332
02/17/2015,18035,18175,17895,18100,49449
02/18/2015,18130,18340,18075,18250,41920
02/19/2015,18235,18385,18215,18365,34339
02/20/2015,18355,18540,18270,18525,48246
02/23/2015,18495,18520,18405,18490,25671
02/24/2015,18480,18700,18435,18660,45669
02/25/2015,18665,18685,18550,18625,31161
02/26/2015,18625,18920,18585,18870,47374
02/27/2015,18860,18875,18715,18865,35415
03/02/2015,18865,18985,18775,18935,36955
03/03/2015,18930,18935,18655,18730,40949
03/04/2015,18740,18750,18565,18695,37743
03/05/2015,18710,18920,18655,18855,46163
03/06/2015,18850,19090,18815,18860,64141
03/09/2015,18875,18900,18700,18855,49876
03/10/2015,18855,18920,18500,18540,95154
03/11/2015,18525,18835,18510,18780,57287
03/12/2015,18820,19230,18765,19195,27887
03/13/2015,19125,19275,19035,19210,45861
03/16/2015,19220,19395,19145,19330,36712
03/17/2015,19315,19475,19280,19380,37480
03/18/2015,19390,19530,19310,19395,43876
03/19/2015,19410,19470,19225,19385,44138
03/20/2015,19380,19605,19325,19575,37718
03/23/2015,19570,19700,19525,19645,26781
03/24/2015,19635,19730,19560,19615,34592
03/25/2015,19615,19690,19415,19475,40441
03/26/2015,19480,19535,19025,19310,64933
03/27/2015,19325,19615,19095,19365,42159
03/30/2015,19375,19635,19240,19590,32153
03/31/2015,19600,19635,19185,19220,44893
04/01/2015,19230,19280,18930,19185,59903
04/02/2015,19200,19445,19125,19345,36114
04/03/2015,19350,19550,19315,19345,15300
04/06/2015,19340,19615,19255,19580,23913
04/07/2015,19565,19865,19510,19780,42079
04/08/2015,19750,19915,19710,19875,41519
04/09/2015,19875,20095,19845,20085,36213
04/10/2015,20055,20055,19860,20035,35611
04/13/2015,20025,20030,19840,19865,35775
04/14/2015,19850,19970,19790,19910,44689
04/15/2015,19910,19935,19835,19860,28583
04/16/2015,19860,19910,19765,19825,35303
04/17/2015,19835,19835,19470,19570,52107
04/20/2015,19570,19740,19500,19700,31961
04/21/2015,19685,20075,19675,20005,41009
04/22/2015,20015,20260,19980,20250,46997
04/23/2015,20250,20275,20105,20165,31642
04/24/2015,20160,20160,20015,20070,32527
04/27/2015,20060,20165,19915,20060,34706
04/28/2015,20060,20150,19930,19990,37129
04/29/2015,19985,20000,19640,19805,40332
04/30/2015,19805,19850,19330,19410,87019
05/01/2015,19425,19760,19410,19715,29867
05/04/2015,19660,19805,19600,19785,19153
05/05/2015,19745,19795,19320,19365,43000
05/06/2015,19360,19455,19170,19340,36238
05/07/2015,19320,19465,19040,19380,55327
05/08/2015,19360,19705,19300,19655,52608
05/11/2015,19675,19690,19580,19595,29359
05/12/2015,19605,19670,19460,19530,45131
05/13/2015,19535,19855,19500,19635,53172
05/14/2015,19650,19725,19470,19690,39993
05/15/2015,19675,19865,19610,19795,39403
05/18/2015,19775,20025,19745,20005,29581
05/19/2015,20010,20195,19950,20145,34133
05/20/2015,20140,20305,20120,20275,32101
05/21/2015,20280,20330,20145,20245,27168
05/22/2015,20245,20390,20135,20365,28575
05/26/2015,20360,20570,20320,20420,63965
05/27/2015,20445,20670,20370,20635,44253
05/28/2015,20640,20660,20450,20585,44533
05/29/2015,20550,20645,20370,20455,47825
06/01/2015,20435,20640,20415,20580,37189
06/02/2015,20590,20620,20400,20425,53403
06/03/2015,20420,20610,20395,20580,44719
06/04/2015,20575,20575,20355,20445,51502
06/05/2015,20440,20620,20360,20580,65501
06/08/2015,20580,20580,20275,20280,63308
06/09/2015,20300,20335,19925,20080,80903
06/10/2015,20080,20265,20010,20150,66202
06/11/2015,20100,20545,20100,20430,21956
06/12/2015,20420,20455,20245,20325,42256
06/15/2015,20315,20395,20195,20350,34628
06/16/2015,20335,20360,20115,20290,40451
06/17/2015,20280,20310,20115,20160,43230
06/18/2015,20175,20210,19870,20120,57377
06/19/2015,20120,20220,20060,20110,28972
06/22/2015,20145,20590,20130,20505,36500
06/23/2015,20520,20890,20520,20890,39333
06/24/2015,20890,20950,20700,20735,41158
06/25/2015,20735,20860,20710,20715,32336
06/26/2015,20725,20890,20660,20855,32774
06/29/2015,20600,20600,20045,20050,76187
06/30/2015,20060,20380,20055,20210,60583
07/01/2015,20255,20615,20245,20560,45535
07/02/2015,20560,20600,20450,20485,26355
07/03/2015,20500,20565,20430,20485,12953
07/06/2015,20175,20370,20005,20275,55360
07/07/2015,20280,20460,20085,20440,68796
07/08/2015,20410,20415,19210,19285,117701
07/09/2015,19285,19900,19105,19665,75327
07/10/2015,19630,20140,19630,20085,62802
07/13/2015,19990,20395,19915,20380,43670
07/14/2015,20365,20525,20320,20505,33098
07/15/2015,20505,20620,20370,20540,33872
07/16/2015,20535,20700,20515,20685,28047
07/17/2015,20660,20725,20605,20715,23456
07/20/2015,20700,20815,20675,20790,12816
07/21/2015,20770,20845,20600,20720,29828
07/22/2015,20650,20680,20530,20640,25264
07/23/2015,20630,20695,20510,20570,27174
07/24/2015,20585,20630,20340,20375,24726
07/27/2015,20380,20495,20050,20165,56816
07/28/2015,20155,20425,20065,20345,47376
07/29/2015,20350,20525,20200,20455,34467
07/30/2015,20445,20580,20430,20565,29520
07/31/2015,20545,20600,20460,20600,29312
08/03/2015,20570,20570,20375,20500,26086
08/04/2015,20485,20560,20415,20520,27881
08/05/2015,20520,20825,20465,20760,42511
08/06/2015,20750,20800,20570,20640,34607
08/07/2015,20640,20745,20560,20650,37870
08/10/2015,20630,20910,20600,20905,31660
08/11/2015,20895,20935,20540,20620,51016
08/12/2015,20640,20690,20045,20370,90672
08/13/2015,20350,20665,20285,20580,52587
08/14/2015,20575,20615,20470,20585,31906
08/17/2015,20585,20675,20530,20670,34706
08/18/2015,20655,20675,20440,20465,33546
08/19/2015,20465,20515,20030,20100,59082
08/20/2015,20045,20245,19580,19605,83040
08/21/2015,19605,19700,18905,18970,140017
08/24/2015,18985,19095,17160,17810,240301
08/25/2015,17770,18845,17650,17750,180320
08/26/2015,17760,18785,17650,18715,141134
08/27/2015,18700,19070,18480,19015,95548
08/28/2015,19025,19205,18935,19170,58838
08/31/2015,19155,19165,18745,18800,44329
09/01/2015,18820,18825,17735,17810,115750
09/02/2015,17790,18480,17750,18305,83041
09/03/2015,18310,18485,18165,18220,61063
09/04/2015,18230,18315,17505,17635,83886
09/08/2015,17585,18070,17380,18005,121151
09/09/2015,18035,18750,17985,18215,98526
09/10/2015,18245,18405,17950,18215,25929
09/11/2015,18115,18230,17900,18090,54602
09/14/2015,18100,18275,17755,17870,43965
09/15/2015,17875,18215,17710,18130,48331
09/16/2015,18135,18380,17970,18345,44527
09/17/2015,18340,18550,18140,18160,48025
09/18/2015,18210,18245,17655,17750,62473
09/21/2015,17765,18010,17655,17960,27251
09/22/2015,17960,18005,17410,17585,38682
09/23/2015,17545,17730,17340,17575,29349
09/24/2015,17625,17710,17060,17415,86236
09/25/2015,17410,18020,17365,17785,73898
09/28/2015,17750,17850,17280,17360,54288
09/29/2015,17370,17405,16900,17190,72530
09/30/2015,17220,17545,17175,17495,62601
10/01/2015,17485,17855,17390,17630,58499
10/02/2015,17650,17890,17245,17870,92796
10/05/2015,17870,18430,17865,18360,59376
10/06/2015,18350,18375,18055,18170,55054
10/07/2015,18135,18470,17995,18345,65571
10/08/2015,18335,18405,18020,18295,53952
10/09/2015,18280,18455,18185,18330,44428
10/12/2015,18320,18435,18210,18355,16367
10/13/2015,18355,18365,18085,18095,36668
10/14/2015,18090,18130,17660,17715,55401
10/15/2015,17725,18255,17725,18215,48456
10/16/2015,18220,18400,18195,18365,40128
10/19/2015,18350,18360,18085,18270,35779
10/20/2015,18270,18275,18150,18210,31210
10/21/2015,18185,18615,18165,18435,50857
10/22/2015,18450,18885,18375,18865,58477
10/23/2015,18875,19190,18755,19140,72153
10/26/2015,19110,19125,18885,18980,35712
10/27/2015,19000,19010,18765,18850,38344
10/28/2015,18830,19180,18820,19180,48939
10/29/2015,19160,19160,18815,18970,45482
10/30/2015,18975,19215,18710,18880,59043
11/02/2015,18820,19020,18640,18985,36788
11/03/2015,18975,19115,18925,19030,21813
11/04/2015,19030,19185,18880,19050,56198
11/05/2015,19045,19350,19000,19225,55885
11/06/2015,19230,19500,19175,19460,66087
11/09/2015,19480,19695,19350,19435,53908
11/10/2015,19435,19775,19410,19680,47625
11/11/2015,19675,19790,19600,19685,32848
11/12/2015,19665,19730,19435,19450,48075
11/13/2015,19460,19635,19385,19415,58841
11/16/2015,19310,19715,19230,19685,44941
11/17/2015,19685,19890,19630,19815,58496
11/18/2015,19820,19965,19655,19940,44925
11/19/2015,19925,19970,19770,19850,47346
11/20/2015,19845,19955,19720,19930,32531
11/23/2015,19945,20040,19805,19865,21622
11/24/2015,19865,19980,19765,19895,49119
11/25/2015,19900,19940,19795,19930,27605
11/27/2015,20020,20030,19785,19890,37962
11/30/2015,19895,19895,19710,19790,33408
12/01/2015,19775,20040,19775,19990,36685
12/02/2015,19985,20005,19795,19870,31339
12/03/2015,19860,19980,19430,19545,99989
12/04/2015,19545,19745,19390,19710,72805
12/07/2015,19730,19825,19625,19735,53416
12/08/2015,19740,19775,19240,19390,80428
12/09/2015,19380,19475,18875,18950,85530
12/10/2015,18975,19195,18960,19075,13775
12/11/2015,19035,19260,18585,18680,78042
12/14/2015,18670,18955,18505,18765,79687
12/15/2015,18775,18935,18495,18845,58335
12/16/2015,18805,19380,18805,19320,64056
12/17/2015,19320,19520,19210,19230,62707
12/18/2015,19220,19880,18750,18780,95352
12/21/2015,18805,18950,18615,18850,36228
12/22/2015,18870,18915,18680,18910,34152
12/23/2015,18880,19090,18820,19060,21225
12/24/2015,19065,19080,18700,18800,15374
12/28/2015,18770,18940,18760,18860,19849
12/29/2015,18870,19150,18775,19105,21351
12/30/2015,19100,19110,18900,18910,18765
12/31/2015,18940,18940,18715,18760,14623
01/04/2016,18770,18945,18085,18285,70106
01/05/2016,18290,18545,18140,18395,58578
01/06/2016,18420,18455,17895,18040,63704
01/07/2016,18040,18160,17465,17570,99281
01/08/2016,17570,17975,17235,17280,91267
01/11/2016,17220,17555,17105,17390,43574
01/12/2016,17370,17540,17090,17390,72911
01/13/2016,17390,17735,17170,17210,66676
01/14/2016,17215,17580,16920,17495,89969
01/15/2016,17495,17605,16575,16795,93728
01/19/2016,16770,17285,16645,17030,131047
01/20/2016,17005,17065,15935,16355,132385
01/21/2016,16375,16780,15790,16460,169943
01/22/2016,16510,17275,16440,17230,110431
01/25/2016,17250,17290,16790,16840,64834
01/26/2016,16845,17095,16530,17055,68662
01/27/2016,17005,17390,16950,17055,75682
01/28/2016,17100,17265,16925,17075,71701
01/29/2016,17055,17870,16735,17850,122403
02/01/2016,17850,17900,17585,17740,58333
02/02/2016,17740,17865,17365,17470,72548
02/03/2016,17430,17470,16620,17000,116364
02/04/2016,16985,17205,16695,16815,81635
02/05/2016,16800,16880,16475,16560,75456
02/08/2016,16585,17085,16205,16460,89253
02/09/2016,16400,16425,15820,16115,112815
02/10/2016,16125,16215,15415,15545,127825
02/11/2016,15575,15610,15015,15195,79131
02/12/2016,15235,15485,14770,15410,123907
02/16/2016,15460,16335,15460,15930,123011
02/17/2016,15965,16205,15610,16050,78592
02/18/2016,16135,16330,15920,15955,60204
02/19/2016,15975,16030,15735,15825,61059
02/22/2016,15810,16280,15765,16160,42469
02/23/2016,16175,16335,15815,15830,56441
02/24/2016,15820,16075,15525,15940,77238
02/25/2016,15970,16270,15895,16230,71573
02/26/2016,16250,16530,16185,16315,72107
02/29/2016,16300,16460,15890,16000,69349
03/01/2016,15955,16585,15850,16515,63274
03/02/2016,16560,16830,16475,16700,60158
03/03/2016,16680,16990,16650,16845,47134
03/04/2016,16880,17175,16855,17030,69951
03/07/2016,17055,17085,16775,16880,61610
03/08/2016,16870,16910,16565,16675,65052
03/09/2016,16670,16860,16490,16795,54731
03/10/2016,16800,17170,16465,16680,24113
03/11/2016,16555,17080,16425,17050,60505
03/14/2016,17085,17180,17015,17125,34380
03/15/2016,17125,17165,16740,16835,49084
03/16/2016,16865,16975,16755,16840,51631
03/17/2016,16820,17120,16435,16700,69665
03/18/2016,16765,16800,16440,16640,54821
03/21/2016,16640,16775,16505,16755,25479
03/22/2016,16760,16975,16670,16925,58266
03/23/2016,16915,17000,16750,16790,38951
03/24/2016,16775,16910,16585,16770,41246
03/28/2016,16875,17045,16825,16950,24724
03/29/2016,16980,17130,16935,17020,51892
03/30/2016,17065,17100,16850,16985,50727
03/31/2016,16990,17035,16720,16765,50023
04/01/2016,16775,16795,16085,16160,89694
04/04/2016,16170,16230,16020,16095,44013
04/05/2016,16055,16085,15535,15615,71225
04/06/2016,15625,15815,15560,15745,53966
04/07/2016,15775,15860,15320,15445,81126
04/08/2016,15425,16030,15405,15775,69411
04/11/2016,15775,15895,15515,15710,58989
04/12/2016,15695,16130,15650,16065,61976
04/13/2016,16065,16660,16065,16600,76251
04/14/2016,16615,16920,16610,16805,67582
04/15/2016,16805,16930,16590,16605,43661
04/18/2016,16505,16685,16245,16645,66277
04/19/2016,16650,17150,16640,17025,65126
04/20/2016,17035,17320,16850,17235,60630
04/21/2016,17225,17415,17175,17235,70144
04/22/2016,17195,17770,17140,17740,70331
04/25/2016,17770,17770,17330,17455,56778
04/26/2016,17470,17520,17200,17485,50895
04/27/2016,17455,17515,17225,17495,51884
04/28/2016,17470,17575,16120,16275,133322
04/29/2016,16315,16355,15825,15860,51541
05/02/2016,15880,16185,15865,16130,50896
05/03/2016,16130,16150,15825,15935,25443
05/04/2016,16000,16085,15815,15890,23911
05/05/2016,15910,16130,15895,16045,25133
05/06/2016,16070,16270,15840,16080,56727
05/09/2016,16110,16420,16105,16275,51173
05/10/2016,16275,16810,16190,16780,69274
05/11/2016,16805,16820,16420,16430,47231
05/12/2016,16400,16790,16360,16635,58315
05/13/2016,16635,16815,16310,16390,62976
05/16/2016,16370,16675,16280,16610,36463
05/17/2016,16610,16780,16510,16555,46865
05/18/2016,16565,16800,16505,16715,54394
05/19/2016,16735,16845,16485,16595,49236
05/20/2016,16600,16810,16545,16725,36749
05/23/2016,16730,16730,16410,16510,39255
05/24/2016,16515,16800,16470,16765,40084
05/25/2016,16755,16995,16730,16930,43142
05/26/2016,16950,16965,16735,16875,38283
05/27/2016,16885,16930,16765,16910,27707
05/31/2016,16925,17260,16905,17070,64013
06/01/2016,17085,17150,16740,16855,65438
06/02/2016,16835,16865,16435,16605,59206
06/03/2016,16620,16710,16260,16330,68330
06/06/2016,16330,16685,16300,16655,66204
06/07/2016,16670,16845,16530,16710,57760
06/08/2016,16730,16855,16580,16815,44850
06/09/2016,16785,16800,16505,16635,12343
06/10/2016,16565,16650,16185,16290,53454
06/13/2016,16275,16275,15885,15920,61473
06/14/2016,15885,16035,15640,15775,57083
06/15/2016,15750,15980,15700,15865,48357
06/16/2016,15855,15895,15230,15565,77211
06/17/2016,15555,15730,15410,15550,50399
06/20/2016,15655,16055,15655,15810,46352
06/21/2016,15890,16255,15720,16115,44860
06/22/2016,16100,16140,15925,15930,40546
06/23/2016,16020,16520,16000,16495,55811
06/24/2016,16570,16630,14790,15120,153406
06/27/2016,15080,15380,14975,15160,73660
06/28/2016,15145,15570,14955,15555,60127
06/29/2016,15525,15800,15360,15740,52668
06/30/2016,15800,15810,15450,15740,61532
07/01/2016,15700,15740,15525,15560,42145
07/05/2016,15605,15800,15355,15445,61286
07/06/2016,15465,15465,15090,15370,69154
07/07/2016,15360,15400,15210,15290,38755
07/08/2016,15300,15380,15080,15340,61506
07/11/2016,15445,16140,15350,16070,76837
07/12/2016,16085,16565,16005,16515,84821
07/13/2016,16485,16530,16185,16345,68836
07/14/2016,16330,16630,16210,16535,65340
07/15/2016,16545,16605,16385,16485,52859
07/18/2016,16580,16655,16480,16610,23742
07/19/2016,16620,16720,16490,16610,48732
07/20/2016,16620,16865,16530,16855,46598
07/21/2016,16855,16925,16460,16560,71272
07/22/2016,16605,16690,16535,16610,36342
07/25/2016,16625,16760,16520,16560,29046
07/26/2016,16570,16585,16235,16385,45125
07/27/2016,16470,16825,16430,16590,54182
07/28/2016,16635,16655,16365,16565,45906
07/29/2016,16590,16690,16025,16320,86026
08/01/2016,16330,16655,16305,16450,43724
08/02/2016,16465,16525,15985,16095,60072
08/03/2016,16125,16255,15945,16060,44717
08/04/2016,16080,16250,15890,16220,50224
08/05/2016,16230,16475,16175,16410,49865
08/08/2016,16460,16725,16450,16635,31845
08/09/2016,16625,16760,16605,16680,30822
08/10/2016,16690,16810,16635,16680,33630
08/11/2016,16655,16910,16590,16860,18758
08/12/2016,16860,16930,16770,16810,38721
08/15/2016,16825,16930,16800,16870,25426
08/16/2016,16860,16880,16515,16560,50208
08/17/2016,16580,16750,16545,16660,39603
08/18/2016,16650,16725,16465,16535,34287
08/19/2016,16530,16600,16405,16475,32185
08/22/2016,16550,16615,16480,16545,39678
08/23/2016,16535,16640,16430,16540,30507
08/24/2016,16560,16630,16505,16540,29757
08/25/2016,16540,16645,16475,16505,32457
08/26/2016,16505,16600,16325,16590,61000
08/29/2016,16590,16775,16580,16700,30740
08/30/2016,16705,16885,16680,16860,36213
08/31/2016,16840,16920,16815,16910,36813
09/01/2016,16885,17070,16845,16955,52530
09/02/2016,16960,17160,16850,17130,56980
09/06/2016,17135,17160,16900,16945,87426
09/07/2016,16930,17025,16885,16970,48571
09/08/2016,16990,17000,16830,16990,11532
09/09/2016,16880,16905,16645,16650,52779
09/12/2016,16645,16680,16390,16655,63806
09/13/2016,16655,16720,16395,16530,55808
09/14/2016,16540,16595,16320,16360,50986
09/15/2016,16365,16410,16215,16390,45278
09/16/2016,16380,16395,16225,16240,46679
09/19/2016,16240,16350,16210,16245,21545
09/20/2016,16250,16460,16245,16335,34266
09/21/2016,16360,16730,16225,16505,83480
09/22/2016,16480,16825,16445,16770,37098
09/23/2016,16760,16815,16535,16580,35277
09/26/2016,16595,16595,16245,16280,44203
09/27/2016,16300,16560,16155,16465,51116
09/28/2016,16500,16555,16365,16540,36248
09/29/2016,16555,16745,16450,16525,55570
09/30/2016,16520,16590,16315,16560,59849
10/03/2016,16540,16640,16525,16605,30027
10/04/2016,16600,16855,16600,16740,54230
10/05/2016,16755,16970,16705,16950,40141
10/06/2016,16940,16960,16830,16945,35139
10/07/2016,16935,16935,16735,16785,57703
10/10/2016,16815,17000,16760,16950,19713
10/11/2016,16945,17070,16820,16885,46621
10/12/2016,16890,16990,16830,16965,40675
10/13/2016,16965,16970,16645,16775,56931
10/14/2016,16775,16965,16725,16875,39340
10/17/2016,16875,16940,16810,16850,31902
10/18/2016,16830,17010,16830,16945,32300
10/19/2016,16945,17010,16925,16985,32729
10/20/2016,16985,17290,16960,17280,57749
10/21/2016,17285,17300,17120,17250,37029
10/24/2016,17230,17365,17165,17340,30098
10/25/2016,17360,17430,17305,17350,34489
10/26/2016,17330,17385,17265,17365,39055
10/27/2016,17360,17490,17275,17450,46351
10/28/2016,17460,17495,17340,17405,52579
10/31/2016,17370,17455,17325,17395,32061
11/01/2016,17415,17530,17150,17240,57152
11/02/2016,17235,17280,16950,17015,65285
11/03/2016,16975,17125,16915,16970,27561
11/04/2016,16945,17005,16800,16855,53179
11/07/2016,17030,17315,17030,17310,47081
11/08/2016,17300,17375,17110,17310,45484
11/09/2016,17325,17440,16100,17215,228630
11/10/2016,17210,17560,17115,17495,98644
11/11/2016,17495,17615,17270,17420,62248
11/14/2016,17420,17745,17420,17700,69445
11/15/2016,17695,17915,17610,17900,52051
11/16/2016,17880,17950,17780,17780,55602
11/17/2016,17785,18115,17750,18100,52898
11/18/2016,18120,18125,17920,18025,54109
11/21/2016,18035,18165,17985,18030,46975
11/22/2016,18055,18245,18050,18210,41291
11/23/2016,18235,18450,18155,18425,37194
11/25/2016,18425,18485,18270,18385,60987
11/28/2016,18360,18375,18215,18280,46759
11/29/2016,18250,18450,18235,18355,46093
11/30/2016,18360,18665,18285,18615,68623
12/01/2016,18615,18750,18395,18440,66688
12/02/2016,18460,18475,18250,18365,52732
12/05/2016,18250,18570,18215,18405,80258
12/06/2016,18420,18490,18320,18450,67553
12/07/2016,18460,18670,18415,18630,49588
12/08/2016,18630,18920,18610,18860,17641
12/09/2016,18810,19195,18760,19185,55244
12/12/2016,19205,19270,19015,19065,52495
12/13/2016,19055,19305,19010,19275,38751
12/14/2016,19265,19425,19115,19340,64274
12/15/2016,19340,19505,19120,19440,73976
12/16/2016,19435,19465,19230,19305,44756
12/19/2016,19275,19420,19245,19375,38441
12/20/2016,19360,19615,19325,19540,32623
12/21/2016,19555,19555,19335,19410,27419
12/22/2016,19395,19410,19280,19380,20476
12/23/2016,19385,19440,19350,19400,8635
12/27/2016,19360,19440,19325,19390,12628
12/28/2016,19390,19470,19300,19325,19712
12/29/2016,19320,19330,18925,19025,45295
12/30/2016,19025,19170,18970,19040,25169
01/03/2017,19165,19420,19115,19320,37844
01/04/2017,19315,19665,19265,19625,46346
01/05/2017,19620,19650,19360,19425,60670
01/06/2017,19425,19620,19315,19585,43281
01/09/2017,19585,19695,19405,19430,25107
01/10/2017,19420,19470,19230,19325,45955
01/11/2017,19330,19505,19115,19340,68743
01/12/2017,19335,19335,18945,19170,69937
01/13/2017,19170,19365,19140,19300,48202
01/17/2017,19275,19280,18660,18720,91137
01/18/2017,18735,19025,18625,19010,49326
01/19/2017,18995,19175,18960,19045,55973
01/20/2017,19075,19275,19025,19135,60301
01/23/2017,19120,19130,18780,18895,63675
01/24/2017,18800,19075,18755,19035,46948
01/25/2017,19050,19275,18970,19210,57918
01/26/2017,19210,19555,19200,19505,50802
01/27/2017,19495,19550,19395,19470,38947
01/30/2017,19435,19445,19060,19175,54743
01/31/2017,19170,19180,18820,18980,80978
02/01/2017,18975,19285,18905,19155,56388
02/02/2017,19170,19180,18850,19040,54763
02/03/2017,19055,19095,18805,19050,52335
02/06/2017,19070,19095,18795,18855,41563
02/07/2017,18855,18970,18790,18950,32544
02/08/2017,18935,19040,18860,18935,41315
02/09/2017,18925,19210,18860,19155,52403
02/10/2017,19175,19445,19160,19340,52107
02/13/2017,19365,19530,19365,19505,35333
02/14/2017,19500,19515,19220,19475,48838
02/15/2017,19475,19490,19335,19415,38931
02/16/2017,19435,19515,19170,19270,46898
02/17/2017,19260,19280,19020,19130,40991
02/21/2017,19140,19470,19105,19445,45259
02/22/2017,19445,19460,19275,19330,33350
02/23/2017,19355,19380,19220,19285,35451
02/24/2017,19275,19400,19075,19160,41175
02/27/2017,19150,19225,18995,19195,34474
02/28/2017,19195,19270,19020,19180,35748
03/01/2017,19210,19620,19155,19565,61347
03/02/2017,19595,19675,19535,19555,37362
03/03/2017,19555,19590,19390,19460,41488
03/06/2017,19510,19515,19300,19370,47002
03/07/2017,19345,19395,19305,19340,37733
03/08/2017,19320,19410,19195,19320,43083
03/09/2017,19295,19435,19265,19415,12917
03/10/2017,19310,19530,19300,19445,48575
03/13/2017,19460,19545,19400,19540,22488
03/14/2017,19565,19580,19380,19430,27530
03/15/2017,19440,19465,19335,19365,33300
03/16/2017,19380,19495,19300,19340,43418
03/17/2017,19345,19410,19265,19295,30632
03/20/2017,19305,19395,19220,19270,14664
03/21/2017,19260,19350,18950,18970,56848
03/22/2017,18985,19040,18770,18915,52752
03/23/2017,18930,19000,18815,18900,50211
03/24/2017,18925,19165,18920,19095,46541
03/27/2017,19070,19070,18735,18980,47840
03/28/2017,18995,19215,18935,19185,47050
03/29/2017,19185,19245,19100,19165,35045
03/30/2017,19150,19230,19020,19180,36273
03/31/2017,19225,19225,18885,18960,44720
04/03/2017,18960,19065,18905,18985,39284
04/04/2017,18975,18995,18695,18900,43091
04/05/2017,18930,19025,18765,18795,51168
04/06/2017,18760,18790,18530,18730,57060
04/07/2017,18750,18855,18505,18785,62172
04/10/2017,18780,18850,18695,18755,25874
04/11/2017,18730,18760,18550,18640,50746
04/12/2017,18625,18640,18450,18470,45952
04/13/2017,18460,18460,18295,18355,41427
04/17/2017,18315,18480,18200,18475,22970
04/18/2017,18480,18545,18265,18330,43503
04/19/2017,18295,18505,18295,18390,32692
04/20/2017,18375,18615,18370,18570,40061
04/21/2017,18580,18660,18535,18610,32382
04/24/2017,18920,19040,18840,18870,77440
04/25/2017,18895,19240,18850,19200,49120
04/26/2017,19190,19325,19155,19175,46880
04/27/2017,19195,19305,19185,19235,36494
04/28/2017,19235,19275,19160,19215,30479
05/01/2017,19210,19370,19165,19345,17983
05/02/2017,19365,19510,19330,19460,32283
05/03/2017,19430,19630,19395,19595,18760
05/04/2017,19575,19670,19505,19565,23191
05/05/2017,19595,19740,19455,19705,23742
05/08/2017,19765,19935,19710,19915,57581
05/09/2017,19910,20030,19845,19955,42048
05/10/2017,19935,19970,19865,19950,34404
05/11/2017,19935,19995,19790,19865,45999
05/12/2017,19870,19950,19780,19815,33793
05/15/2017,19800,19970,19755,19945,27734
05/16/2017,19960,19995,19810,19855,39451
05/17/2017,19825,19845,19440,19455,81038
05/18/2017,19440,19655,19285,19605,87201
05/19/2017,19610,19745,19490,19685,46245
05/22/2017,19675,19720,19615,19685,28769
05/23/2017,19695,19785,19580,19770,34225
05/24/2017,19780,19790,19690,19725,31662
05/25/2017,19730,19850,19715,19810,37083
05/26/2017,19810,19810,19590,19705,39229
05/30/2017,19710,19740,19570,19625,38370
05/31/2017,19645,19710,19585,19670,35385
06/01/2017,19680,19950,19665,19930,45210
06/02/2017,19945,20245,19920,20165,69856
06/05/2017,20130,20225,20090,20155,33026
06/06/2017,20140,20155,19890,19940,63031
06/07/2017,19935,20020,19910,19990,42516
06/08/2017,20020,20070,19895,20030,13619
06/09/2017,19960,20070,19820,19915,72623
06/12/2017,19920,19925,19755,19810,42758
06/13/2017,19825,19955,19800,19915,23605
06/14/2017,19945,19970,19715,19850,47908
06/15/2017,19830,19935,19705,19870,56896
06/16/2017,19880,19980,19855,19920,35707
06/19/2017,19940,20145,19910,20130,30939
06/20/2017,20125,20285,20125,20170,37725
06/21/2017,20155,20180,20040,20100,32605
06/22/2017,20085,20155,20040,20100,27541
06/23/2017,20125,20125,20045,20095,21553
06/26/2017,20070,20200,19850,20185,26652
06/27/2017,20180,20215,20095,20145,38590
06/28/2017,20150,20225,20045,20210,51289
06/29/2017,20240,20280,19860,19975,72329
06/30/2017,20015,20090,19935,20065,45248
07/03/2017,20060,20190,20015,20145,26477
07/05/2017,20160,20195,19875,20070,69579
07/06/2017,20075,20080,19860,19890,54818
07/07/2017,19885,20055,19825,20020,37838
07/10/2017,20055,20120,20015,20055,26229
07/11/2017,20050,20190,20040,20120,32378
07/12/2017,20130,20165,20040,20140,39022
07/13/2017,20140,20175,20045,20115,25443
07/14/2017,20115,20140,20015,20040,36975
07/17/2017,20000,20115,19970,20035,15932
07/18/2017,20045,20075,19890,19970,35391
07/19/2017,20000,20035,19935,20015,20775
07/20/2017,20035,20165,20010,20090,36844
07/21/2017,20070,20110,19945,19980,28491
07/24/2017,19970,19980,19855,19945,29370
07/25/2017,19945,20085,19920,20060,30671
07/26/2017,20060,20115,19990,20000,25235
07/27/2017,20000,20175,19950,20030,40336
07/28/2017,20035,20050,19900,19960,29503
07/31/2017,19955,19985,19895,19925,22597
08/01/2017,19890,20045,19890,20005,29831
08/02/2017,20040,20095,20000,20060,32931
08/03/2017,20060,20060,19945,19955,30460
08/04/2017,19960,20055,19915,20025,30134
08/07/2017,20050,20090,20020,20050,15593
08/08/2017,20045,20055,19930,19935,30606
08/09/2017,19930,19930,19635,19755,55826
08/10/2017,19770,19810,19350,19355,51081
08/11/2017,19350,19485,19295,19395,32691
08/14/2017,19420,19605,19410,19585,35000
08/15/2017,19590,19820,19570,19720,38341
08/16/2017,19720,19795,19680,19710,28839
08/17/2017,19695,19725,19460,19480,42953
08/18/2017,19450,19540,19315,19445,52523
08/21/2017,19460,19540,19255,19320,34584
08/22/2017,19360,19490,19330,19480,33930
08/23/2017,19500,19545,19340,19345,30790
08/24/2017,19340,19430,19305,19405,28404
08/25/2017,19425,19530,19370,19450,31223
08/28/2017,19435,19515,19395,19465,19600
08/29/2017,19270,19495,19045,19470,58849
08/30/2017,19470,19590,19435,19565,38391
08/31/2017,19565,19735,19560,19675,43274
09/01/2017,19660,19745,19620,19690,34549
09/05/2017,19450,19625,19265,19355,98715
09/06/2017,19350,19485,19260,19460,42976
09/07/2017,19435,19480,19355,19415,11122
09/08/2017,19280,19280,19090,19150,35941
09/11/2017,19200,19565,19200,19550,35667
09/12/2017,19570,19765,19515,19725,35662
09/13/2017,19765,19775,19665,19745,28515
09/14/2017,19730,19775,19655,19735,34249
09/15/2017,19720,19895,19620,19840,36501
09/18/2017,19845,20005,19845,19990,19272
09/19/2017,20005,20180,19970,20150,41087
09/20/2017,20140,20285,20120,20285,34432
09/21/2017,20270,20365,20185,20265,39173
09/22/2017,20235,20285,20125,20200,27870
09/25/2017,20215,20315,20105,20180,37967
09/26/2017,20205,20260,20150,20240,28431
09/27/2017,20215,20430,20210,20390,56046
09/28/2017,20385,20405,20295,20330,36345
09/29/2017,20310,20380,20275,20350,33336
10/02/2017,20365,20485,20355,20470,33128
10/03/2017,20485,20680,20440,20675,35139
10/04/2017,20670,20685,20585,20665,31943
10/05/2017,20660,20705,20600,20700,27495
10/06/2017,20710,20760,20635,20660,32564
10/09/2017,20610,20740,20590,20690,8620
10/10/2017,20690,20840,20655,20815,32832
10/11/2017,20820,20970,20785,20945,34797
10/12/2017,20960,21035,20920,20980,33076
10/13/2017,20985,21265,20930,21240,50392
10/16/2017,21215,21350,21195,21335,28410
10/17/2017,21340,21395,21230,21370,35267
10/18/2017,21365,21450,21315,21450,30836
10/19/2017,21440,21515,21210,21335,63885
10/20/2017,21325,21565,21310,21555,38113
10/23/2017,21610,21840,21595,21650,53936
10/24/2017,21645,21930,21625,21905,42320
10/25/2017,21925,21925,21595,21710,59188
10/26/2017,21730,21865,21695,21855,39385
10/27/2017,21870,22125,21820,22050,54284
10/30/2017,22090,22105,21845,21895,42314
10/31/2017,21910,22225,21845,22210,60264
11/01/2017,22220,22605,22165,22530,74888
11/02/2017,22515,22650,22370,22560,58709
11/03/2017,22620,22640,22500,22605,22722
11/06/2017,22620,22655,22430,22580,41283
11/07/2017,22575,22995,22525,22865,53365
11/08/2017,22850,22980,22760,22945,39553
11/09/2017,22960,23430,22320,22645,144722
11/10/2017,22645,22730,22335,22465,66133
11/13/2017,22505,22625,22120,22365,60545
11/14/2017,22365,22545,22260,22305,53823
11/15/2017,22320,22325,21840,22100,88530
11/16/2017,22070,22615,21985,22585,59504
11/17/2017,22590,22775,22280,22330,56513
11/20/2017,22300,22510,22170,22460,42767
11/21/2017,22460,22675,22410,22665,34179
11/22/2017,22655,22685,22345,22400,40622
11/24/2017,22385,22660,22320,22650,35876
11/27/2017,22665,22700,22420,22470,35923
11/28/2017,22470,22650,22370,22630,37090
11/29/2017,22595,22800,22510,22655,47620
11/30/2017,22660,22965,22515,22875,52333
12/01/2017,22890,23000,22370,22655,92776
12/04/2017,22835,22940,22475,22480,53749
12/05/2017,22520,22690,22450,22470,62749
12/06/2017,22495,22535,22060,22240,55343
12/07/2017,22260,22645,22245,22560,23793
12/08/2017,22610,22870,22510,22845,38413
12/11/2017,22890,23085,22755,22915,21112
12/12/2017,22910,22960,22785,22850,22434
12/13/2017,22880,22890,22645,22660,29715
12/14/2017,22680,22745,22505,22560,23798
12/15/2017,22555,22715,22440,22685,29891
12/18/2017,22700,22980,22680,22960,28681
12/19/2017,22985,23000,22760,22765,22517
12/20/2017,22785,22900,22770,22825,20580
12/21/2017,22805,22910,22690,22790,19259
12/22/2017,22795,22880,22775,22830,11794
12/26/2017,22870,22930,22845,22870,4374
12/27/2017,22880,22950,22860,22915,13905
12/28/2017,22915,22945,22725,22790,14052
12/29/2017,22775,22875,22565,22700,16904
01/02/2018,22715,22895,22615,22825,16066
01/03/2018,22795,23210,22765,23160,23521
01/04/2018,23175,23670,23080,23635,41363
01/05/2018,23650,23820,23510,23785,33254
01/08/2018,23810,23965,23795,23945,23447
01/09/2018,23945,24000,23760,23835,37011
01/10/2018,23810,23850,23550,23615,44390
01/11/2018,23625,23800,23590,23785,34132
01/12/2018,23770,23840,23570,23820,35254
01/16/2018,23820,23985,23640,23735,60071
01/17/2018,23750,24125,23680,24060,36677
01/18/2018,24050,24120,23685,23825,53477
01/19/2018,23810,23890,23720,23835,36264
01/22/2018,23805,23960,23670,23945,24721
01/23/2018,23945,24180,23900,24010,51583
01/24/2018,23995,24050,23590,23740,53998
01/25/2018,23745,23815,23445,23605,59908
01/26/2018,23660,23785,23535,23725,47202
01/29/2018,23735,23775,23475,23535,36657
01/30/2018,23545,23585,23095,23190,59614
01/31/2018,23185,23360,23070,23260,49873
02/01/2018,23275,23485,23215,23285,52237
02/02/2018,23355,23370,22935,22960,64633
02/05/2018,22950,22980,21350,21405,115079
02/06/2018,21630,22285,21050,22245,180477
02/07/2018,22220,22350,21450,21830,112376
02/08/2018,21755,21995,21075,21170,97342
02/09/2018,21160,21555,20525,21255,98913
02/12/2018,21290,21705,21245,21635,35980
02/13/2018,21610,21705,20905,21205,70745
02/14/2018,21225,21510,20915,21495,93935
02/15/2018,21475,21610,21285,21475,55246
02/16/2018,21490,21910,21480,21875,50501
02/20/2018,21835,22145,21790,21855,63837
02/21/2018,21845,22170,21800,21855,40525
02/22/2018,21865,21875,21540,21710,56763
02/23/2018,21720,22035,21680,22025,29179
02/26/2018,22075,22420,22035,22415,35646
02/27/2018,22400,22510,22170,22175,36946
02/28/2018,22190,22370,21875,21910,47741
03/01/2018,21900,21965,21030,21120,111507
03/02/2018,21130,21270,20685,21125,92826
03/05/2018,21110,21465,20845,21410,86888
03/06/2018,21430,21805,21390,21635,72985
03/07/2018,21420,21485,21190,21440,58328
03/08/2018,21485,21680,21295,21660,7567
03/09/2018,21470,21710,21175,21695,44115
03/12/2018,21700,21810,21505,21560,27162
03/13/2018,21565,21925,21515,21595,40691
03/14/2018,21575,21735,21415,21555,31396
03/15/2018,21555,21700,21365,21655,35816
03/16/2018,21640,21680,21335,21415,31233
03/19/2018,21390,21480,20905,21120,45091
03/20/2018,21125,21315,21030,21290,28490
03/21/2018,21300,21370,21125,21140,20337
03/22/2018,21160,21400,20710,20860,64534
03/23/2018,20800,20810,20130,20170,79390
03/26/2018,20155,20705,20130,20680,53307
03/27/2018,20695,21180,20610,20695,52275
03/28/2018,20690,21325,20670,21230,77679
03/29/2018,21260,21625,20980,21475,52703
04/02/2018,21440,21595,20920,21045,35604
04/03/2018,21055,21530,21035,21490,39454
04/04/2018,21480,21570,21025,21550,53272
04/05/2018,21525,21915,21450,21870,41271
04/06/2018,21865,21880,21305,21425,57217
04/09/2018,21420,21800,21420,21595,34457
04/10/2018,21625,21960,21530,21840,46076
04/11/2018,21865,21865,21565,21645,33894
04/12/2018,21665,21845,21585,21810,34956
04/13/2018,21840,21915,21690,21765,36648
04/16/2018,21870,21990,21755,21810,25884
04/17/2018,21820,21945,21770,21885,28995
04/18/2018,21900,22195,21885,22155,28624
04/19/2018,22160,22355,22050,22140,31169
04/20/2018,22130,22260,22045,22075,32286
04/23/2018,22160,22210,22025,22190,27530
04/24/2018,22210,22350,21965,22075,46367
04/25/2018,22090,22310,22070,22285,41030
04/26/2018,22315,22450,22265,22435,33239
04/27/2018,22445,22555,22355,22450,30141
04/30/2018,22475,22640,22425,22440,18895
05/01/2018,22425,22595,22420,22540,22254
05/02/2018,22585,22590,22400,22425,27694
05/03/2018,22410,22415,22090,22350,38862
05/04/2018,22355,22510,22160,22470,25476
05/07/2018,22495,22545,22345,22470,27509
05/08/2018,22430,22565,22410,22500,31274
05/09/2018,22490,22495,22360,22485,29487
05/10/2018,22495,22550,22425,22515,26375
05/11/2018,22515,22775,22505,22705,26791
05/14/2018,22720,22895,22720,22880,21691
05/15/2018,22895,22910,22720,22745,28338
05/16/2018,22760,22820,22690,22810,21300
05/17/2018,22835,22955,22785,22900,28137
05/18/2018,22900,22955,22800,22840,21138
05/21/2018,22910,23050,22895,23025,19831
05/22/2018,23020,23025,22915,22935,17330
05/23/2018,22915,22945,22475,22620,49934
05/24/2018,22605,22635,22075,22315,53003
05/25/2018,22295,22515,22260,22345,33758
05/29/2018,22430,22545,21915,22040,67084
05/30/2018,22040,22275,21925,22255,37127
05/31/2018,22240,22270,22015,22100,45168
06/01/2018,22120,22375,22060,22365,29300
06/04/2018,22310,22570,22290,22555,33209
06/05/2018,22555,22600,22445,22515,32759
06/06/2018,22530,22765,22510,22750,29391
06/07/2018,22780,22880,22660,22725,10273
06/08/2018,22660,22820,22465,22630,29303
06/11/2018,22600,22940,22565,22920,20965
06/12/2018,22915,22965,22735,22800,24945
06/13/2018,22840,22930,22780,22780,16571
06/14/2018,22785,22865,22660,22835,23829
06/15/2018,22825,22860,22630,22765,30840
06/18/2018,22765,22820,22540,22660,22717
06/19/2018,22655,22675,22070,22210,45075
06/20/2018,22215,22555,22120,22480,36918
06/21/2018,22445,22730,22360,22390,42051
06/22/2018,22375,22590,22355,22500,25119
06/25/2018,22450,22520,21990,22155,48994
06/26/2018,22175,22370,22055,22305,34245
06/27/2018,22275,22405,22090,22130,46669
06/28/2018,22140,22310,22020,22280,44690
06/29/2018,22295,22335,22125,22225,37560
07/02/2018,22205,22290,21675,21840,41524
07/03/2018,21855,21905,21545,21700,40141
07/05/2018,21745,21755,21435,21680,41310
07/06/2018,21680,21860,21610,21795,35010
07/09/2018,21810,22190,21800,22185,25276
07/10/2018,22195,22295,22135,22235,27185
07/11/2018,22160,22160,21725,22000,35966
07/12/2018,21970,22330,21960,22325,30460
07/13/2018,22300,22670,22300,22565,28720
07/16/2018,22575,22715,22525,22540,10798
07/17/2018,22520,22860,22480,22845,25533
07/18/2018,22840,22925,22760,22860,19772
07/19/2018,22860,22900,22660,22705,20372
07/20/2018,22685,22850,22485,22525,36843
07/23/2018,22490,22540,22320,22460,21123
07/24/2018,22455,22605,22390,22550,21648
07/25/2018,22550,22650,22490,22610,25260
07/26/2018,22595,22660,22495,22620,24004
07/27/2018,22650,22735,22560,22615,25780
07/30/2018,22600,22620,22450,22465,21910
07/31/2018,22450,22690,22335,22625,38463
08/01/2018,22640,22815,22550,22625,30498
08/02/2018,22680,22735,22370,22575,33911
08/03/2018,22605,22700,22430,22555,22806
08/06/2018,22560,22605,22435,22540,26512
08/07/2018,22525,22680,22515,22675,18976
08/08/2018,22650,22800,22535,22570,19663
08/09/2018,22550,22620,22480,22560,15230
08/10/2018,22535,22605,22060,22180,48290
08/13/2018,22090,22150,21825,22035,49695
08/14/2018,22060,22375,22020,22320,35427
08/15/2018,22330,22355,21845,22000,41659
08/16/2018,22000,22340,21865,22285,34710
08/17/2018,22285,22330,22075,22260,27185
08/20/2018,22245,22265,22130,22175,18181
08/21/2018,22140,22365,22040,22310,20927
08/22/2018,22225,22445,22140,22365,22955
08/23/2018,22390,22515,22360,22490,24297
08/24/2018,22485,22630,22440,22610,17684
08/27/2018,22645,22925,22635,22885,16200
08/28/2018,22910,22985,22765,22805,20333
08/29/2018,22800,23015,22800,22975,22577
08/30/2018,23020,23135,22660,22735,32323
08/31/2018,22715,22905,22680,22820,27945
09/04/2018,22820,22850,22600,22710,40219
09/05/2018,22740,22740,22485,22530,31040
09/06/2018,22515,22560,22360,22405,37846
09/07/2018,22395,22445,22155,22345,48536
09/10/2018,22365,22500,22245,22450,31783
09/11/2018,22460,22745,22445,22715,41197
09/12/2018,22735,22735,22530,22645,30028
09/13/2018,22640,23000,22630,22965,9192
09/14/2018,22815,23095,22780,23050,42163
09/17/2018,23025,23200,22960,23015,19459
09/18/2018,23025,23725,22865,23665,54192
09/19/2018,23680,23685,23500,23580,32271
09/20/2018,23600,23700,23420,23680,27966
09/21/2018,23710,23820,23605,23725,33208
09/24/2018,23685,23715,23585,23700,14325
09/25/2018,23710,23865,23655,23810,23178
09/26/2018,23835,24025,23825,23880,28392
09/27/2018,23860,24125,23770,24015,39085
09/28/2018,24060,24285,24000,24150,42209
10/01/2018,24200,24480,24135,24420,33417
10/02/2018,24410,24445,24085,24230,39786
10/03/2018,24220,24360,24025,24280,32965
10/04/2018,24270,24290,23615,23755,58313
10/05/2018,23770,23935,23550,23660,51468
10/08/2018,23705,23805,23365,23625,26217
10/09/2018,23610,23625,23320,23525,44765
10/10/2018,23520,23595,22705,22800,64854
10/11/2018,22715,22905,22240,22485,116063
10/12/2018,22550,22755,22215,22550,69373
10/15/2018,22590,22590,22030,22265,56534
10/16/2018,22195,22900,22150,22875,52371
10/17/2018,22900,22945,22635,22870,42103
10/18/2018,22895,22945,22160,22315,49919
10/19/2018,22290,22690,22215,22450,41136
10/22/2018,22420,22710,22265,22475,36969
10/23/2018,22470,22485,21640,22175,84047
10/24/2018,22165,22205,21340,21405,68179
10/25/2018,21470,21785,21195,21565,71810
10/26/2018,21515,21540,20795,21250,85366
10/29/2018,21210,21495,20800,21030,58560
10/30/2018,20995,21680,20965,21625,63068
10/31/2018,21650,21940,21560,21770,59171
11/01/2018,21790,21865,21510,21765,40324
11/02/2018,21690,22315,21655,22000,66903
11/05/2018,21970,22080,21860,21990,39901
11/06/2018,22015,22260,21980,22245,28762
11/07/2018,22220,22565,21990,22560,40077
11/08/2018,22545,22575,22360,22460,35742
11/09/2018,22445,22485,22010,22125,35825
11/12/2018,22110,22320,21725,21775,38838
11/13/2018,21770,21965,21475,21770,48234
11/14/2018,21790,21985,21550,21665,50131
11/15/2018,21665,21940,21540,21935,61428
11/16/2018,21890,21910,21490,21745,41378
11/19/2018,21685,21915,21530,21590,39108
11/20/2018,21550,21685,21175,21220,58398
11/21/2018,21230,21750,21170,21650,37590
11/23/2018,21605,21740,21450,21480,27471
11/26/2018,21490,22090,21490,22045,27530
11/27/2018,21965,22200,21820,22095,35229
11/28/2018,22110,22420,22040,22395,35528
11/29/2018,22400,22430,22195,22290,30336
11/30/2018,22275,22430,22235,22420,25503
12/03/2018,22625,22780,22530,22635,48002
12/04/2018,22625,22635,21575,21610,58644
12/05/2018,21630,21980,21590,21900,29462
12/06/2018,21900,21900,21075,21580,89107
12/07/2018,21615,21730,21250,21335,60116
12/10/2018,21315,21390,20945,21325,75469
12/11/2018,21345,21525,21065,21345,62935
12/12/2018,21270,21825,21270,21645,41965
12/13/2018,21645,21920,21645,21715,9876
12/14/2018,21665,21690,21180,21225,43852
12/17/2018,21145,21500,20910,21085,41022
12/18/2018,21085,21265,20920,20970,46074
12/19/2018,20950,21135,20505,20630,59409
12/20/2018,20685,20775,20020,20345,81759
12/21/2018,20340,20390,19720,19795,79866
12/24/2018,19735,19900,19225,19250,21720
12/26/2018,19180,20075,18915,20025,57144
12/27/2018,20025,20180,19495,20035,62907
12/28/2018,19990,20055,19710,19915,43359
12/31/2018,20005,20085,19700,19815,12522
01/02/2019,19870,19950,19270,19815,32358
01/03/2019,19415,19645,19275,19370,42044
01/04/2019,19400,20185,19205,20090,61937
01/07/2019,20115,20295,19950,20170,39100
01/08/2019,20175,20395,20080,20295,35016
01/09/2019,20295,20470,20160,20250,36732
01/10/2019,20245,20365,20015,20340,31695
01/11/2019,20350,20370,20170,20275,29615
01/14/2019,20245,20245,19965,20095,18129
01/15/2019,20110,20560,20110,20485,35776
01/16/2019,20515,20570,20295,20475,26578
01/17/2019,20500,20605,20180,20495,33892
01/18/2019,20515,20965,20435,20925,40285
01/22/2019,20885,20935,20330,20425,50622
01/23/2019,20415,20715,20400,20545,33496
01/24/2019,20540,20630,20425,20570,26537
01/25/2019,20580,20890,20540,20795,27282
01/28/2019,20820,20825,20455,20575,25779
01/29/2019,20545,20740,20385,20620,28470
01/30/2019,20700,20835,20500,20790,37989
01/31/2019,20785,20875,20615,20825,38212
02/01/2019,20840,20905,20705,20795,40912
02/04/2019,20755,20895,20740,20880,25196
02/05/2019,20875,20960,20800,20925,24664
02/06/2019,20935,20945,20805,20860,22678
02/07/2019,20840,20895,20440,20540,48593
02/08/2019,20530,20535,20160,20305,35835
02/11/2019,20325,20475,20200,20450,19442
02/12/2019,20415,20960,20390,20920,32871
02/13/2019,20935,21190,20900,21095,30564
02/14/2019,21130,21230,20935,20990,39440
02/15/2019,20980,21235,20815,21210,36764
02/19/2019,21195,21395,21170,21325,50871
02/20/2019,21320,21475,21290,21405,28290
02/21/2019,21420,21545,21295,21360,27531
02/22/2019,21340,21495,21315,21425,20365
02/25/2019,21490,21625,21445,21570,26288
02/26/2019,21555,21610,21375,21530,25936
02/27/2019,21520,21600,21450,21560,21863
02/28/2019,21565,21570,21280,21490,35610
03/01/2019,21460,21770,21445,21755,31054
03/04/2019,21795,21865,21595,21685,38504
03/05/2019,21685,21830,21655,21685,41844
03/06/2019,21690,21700,21535,21545,50566
03/07/2019,21515,21545,21210,21275,10447
03/08/2019,21080,21145,20645,20905,46676
03/11/2019,20885,21160,20750,21140,25494
03/12/2019,21170,21380,21150,21230,29940
03/13/2019,21240,21330,20980,21285,28413
03/14/2019,21325,21350,21090,21170,28982
03/15/2019,21145,21365,21140,21330,30598
03/18/2019,21340,21450,21310,21405,16802
03/19/2019,21425,21495,21245,21390,21131
03/20/2019,21410,21465,21230,21270,31233
03/21/2019,21225,21425,21130,21415,29215
03/22/2019,21420,21480,20925,20985,50642
03/25/2019,21010,21050,20680,20935,52170
03/26/2019,20940,21345,20940,21270,40567
03/27/2019,21300,21390,21060,21190,39930
03/28/2019,21170,21225,20965,21205,32654
03/29/2019,21220,21305,21140,21260,30099
04/01/2019,21330,21675,21330,21625,38957
04/02/2019,21610,21745,21460,21525,26906
04/03/2019,21515,21830,21480,21760,35714
04/04/2019,21775,21785,21660,21770,23274
04/05/2019,21775,21865,21725,21850,22601
04/08/2019,21860,21965,21715,21790,22063
04/09/2019,21815,21815,21585,21615,24416
04/10/2019,21630,21730,21540,21645,26643
04/11/2019,21655,21740,21615,21710,28505
04/12/2019,21705,22080,21685,22050,40610
04/15/2019,22070,22220,22040,22145,23705
04/16/2019,22145,22315,22120,22255,25548
04/17/2019,22235,22345,22180,22265,26515
04/18/2019,22250,22290,22050,22250,30658
04/22/2019,22200,22280,22085,22240,17547
04/23/2019,22240,22360,22115,22335,23911
04/24/2019,22345,22370,22125,22220,30186
04/25/2019,22170,22355,22150,22200,31394
04/26/2019,22155,22365,22065,22335,29161
04/29/2019,22355,22455,22335,22390,11545
04/30/2019,22385,22420,22265,22360,22169
05/01/2019,22435,22475,22170,22200,16601
05/02/2019,22155,22365,22155,22275,21437
05/03/2019,22285,22490,22210,22475,16037
05/06/2019,22200,22230,21915,22205,47054
05/07/2019,22115,22150,21515,21650,71777
05/08/2019,21660,21675,21415,21525,58067
05/09/2019,21490,21545,21065,21325,61510
05/10/2019,21310,21585,21070,21490,67530
05/13/2019,21315,21365,20770,20805,51213
05/14/2019,20795,21185,20755,21135,39330
05/15/2019,21150,21195,20880,21160,39954
05/16/2019,21180,21340,20940,21255,41788
05/17/2019,21250,21390,21140,21225,42255
05/20/2019,21185,21430,21050,21145,47375
05/21/2019,21200,21390,21155,21370,31392
05/22/2019,21360,21405,21185,21230,31107
05/23/2019,21230,21235,20815,20860,50688
05/24/2019,20880,21190,20795,21125,37582
05/28/2019,21150,21290,20985,21015,46134
05/29/2019,21000,21060,20720,20875,48541
05/30/2019,20885,20990,20805,20945,32332
05/31/2019,20940,20955,20380,20425,68565
06/03/2019,20385,20525,20290,20465,52051
06/04/2019,20475,20730,20285,20730,48313
06/05/2019,20730,20870,20645,20790,44584
06/06/2019,20755,20910,20660,20880,35719
06/07/2019,20850,21055,20810,21035,37942
06/10/2019,21160,21250,21075,21120,41973
06/11/2019,21125,21330,21070,21190,55736
06/12/2019,21175,21255,21025,21035,26439
06/13/2019,21030,21135,20930,21080,14343
06/14/2019,20980,21055,20915,20980,29669
06/17/2019,20990,21125,20980,21070,22890
06/18/2019,21080,21205,20840,21190,53589
06/19/2019,21190,21315,21175,21285,34398
06/20/2019,21280,21565,21280,21430,48025
06/21/2019,21420,21450,21130,21175,50346
06/24/2019,21135,21265,21115,21165,27588
06/25/2019,21160,21245,21015,21040,32579
06/26/2019,21020,21225,21000,21100,32657
06/27/2019,21080,21300,21075,21210,37274
06/28/2019,21205,21365,21155,21305,29690
07/01/2019,21550,21805,21525,21680,46843
07/02/2019,21690,21750,21565,21695,31963
07/03/2019,21690,21700,21530,21695,27918
07/05/2019,21715,21715,21560,21645,37057
07/08/2019,21665,21720,21465,21585,24579
07/09/2019,21575,21655,21445,21500,22169
07/10/2019,21515,21615,21465,21530,29804
07/11/2019,21525,21625,21505,21595,32925
07/12/2019,21595,21680,21555,21580,22681
07/15/2019,21590,21680,21505,21595,14818
07/16/2019,21570,21620,21435,21475,31908
07/17/2019,21460,21465,21280,21330,27596
07/18/2019,21290,21310,20960,21130,47948
07/19/2019,21165,21445,21090,21265,43695
07/22/2019,21270,21415,21270,21390,24657
07/23/2019,21410,21700,21375,21695,38237
07/24/2019,21685,21750,21600,21745,28012
07/25/2019,21725,21795,21590,21620,40403
07/26/2019,21630,21675,21560,21650,24276
07/29/2019,21645,21650,21490,21620,25202
07/30/2019,21625,21765,21450,21485,37305
07/31/2019,21510,21565,21245,21370,50542
08/01/2019,21315,21570,21015,21035,94549
08/02/2019,21025,21155,20755,20875,87991
08/05/2019,20890,20920,20170,20240,93435
08/06/2019,20165,20645,19890,20625,88785
08/07/2019,20605,20645,20205,20600,66902
08/08/2019,20600,20790,20435,20775,55986
08/09/2019,20715,20760,20360,20485,47331
08/12/2019,20525,20580,20210,20265,32593
08/13/2019,20285,20755,20210,20720,83420
08/14/2019,20735,20765,20095,20120,66017
08/15/2019,20070,20500,20070,20310,82984
08/16/2019,20350,20585,20270,20565,34220
08/19/2019,20575,20685,20475,20635,25636
08/20/2019,20625,20660,20455,20480,31824
08/21/2019,20450,20725,20445,20685,26312
08/22/2019,20700,20740,20530,20600,27043
08/23/2019,20605,20725,20130,20190,62349
08/26/2019,20080,20600,19845,20540,73742
08/27/2019,20530,20560,20370,20415,35084
08/28/2019,20410,20520,20315,20515,34045
08/29/2019,20490,20725,20355,20705,35028
08/30/2019,20675,20790,20620,20655,34365
09/03/2019,20460,20670,20400,20590,52467
09/04/2019,20605,20825,20555,20815,32304
09/05/2019,20825,21265,20780,21150,49202
09/06/2019,21140,21245,21130,21220,32420
09/09/2019,21220,21375,21185,21350,33274
09/10/2019,21365,21470,21295,21450,47233
09/11/2019,21470,21680,21445,21665,29755
09/12/2019,21670,21870,21670,21845,11091
09/13/2019,21650,21915,21650,21870,35873
09/16/2019,21765,21805,21625,21745,24562
09/17/2019,21770,21875,21705,21855,33624
09/18/2019,21890,21925,21755,21910,27394
09/19/2019,21915,22090,21830,21955,32773
09/20/2019,21940,22025,21780,21795,35730
09/23/2019,21840,21960,21690,21785,29226
09/24/2019,21795,21995,21655,21705,55685
09/25/2019,21720,21905,21660,21885,47562
09/26/2019,21895,22015,21820,21965,43877
09/27/2019,21970,21985,21670,21705,49125
09/30/2019,21825,21875,21655,21865,34011
10/01/2019,21885,22020,21655,21680,46538
10/02/2019,21680,21780,21280,21345,55212
10/03/2019,21360,21460,21045,21360,65588
10/04/2019,21355,21545,21260,21535,39344
10/07/2019,21385,21600,21290,21485,29283
10/08/2019,21470,21630,21320,21335,50496
10/09/2019,21350,21615,21320,21570,37636
10/10/2019,21590,21745,21300,21675,52568
10/11/2019,21725,22240,21670,22040,54233
10/14/2019,22030,22110,21880,21995,18449
10/15/2019,22005,22565,21995,22525,50182
10/16/2019,22515,22610,22425,22520,41698
10/17/2019,22525,22685,22420,22520,40618
10/18/2019,22540,22645,22405,22490,28462
10/21/2019,22460,22705,22445,22690,21905
10/22/2019,22685,22805,22615,22685,20384
10/23/2019,22655,22800,22480,22795,30184
10/24/2019,22795,22865,22725,22815,32637
10/25/2019,22795,22850,22710,22825,23091
10/28/2019,22860,22980,22820,22960,25824
10/29/2019,22965,22995,22895,22930,23445
10/30/2019,22925,22960,22750,22930,29468
10/31/2019,22945,22980,22650,22720,59966
11/01/2019,22735,22990,22690,22940,40964
11/04/2019,22925,23180,22925,23130,21395
11/05/2019,23135,23385,23105,23335,37491
11/06/2019,23325,23375,23250,23300,29566
11/07/2019,23310,23650,23250,23535,42786
11/08/2019,23545,23595,23300,23470,34373
11/11/2019,23470,23480,23225,23370,22382
11/12/2019,23375,23575,23310,23470,24866
11/13/2019,23490,23500,23165,23330,32721
11/14/2019,23340,23360,23010,23150,37207
11/15/2019,23150,23400,23120,23365,27430
11/18/2019,23360,23495,23270,23395,33695
11/19/2019,23390,23435,23205,23245,29301
11/20/2019,23215,23295,23015,23135,42535
11/21/2019,23080,23155,22720,23080,39503
11/22/2019,23060,23205,23030,23165,22608
11/25/2019,23200,23435,23195,23425,21115
11/26/2019,23450,23615,23310,23440,27536
11/27/2019,23430,23595,23415,23590,20691
11/29/2019,23575,23590,23280,23330,36558
12/02/2019,23360,23590,23070,23215,65125
12/03/2019,23185,23385,22900,23135,60145
12/04/2019,23130,23375,22970,23340,44349
12/05/2019,23340,23440,23250,23330,37045
12/06/2019,23320,23560,23305,23530,32442
12/09/2019,23560,23560,23350,23370,35598
12/10/2019,23355,23480,23265,23450,56537
12/11/2019,23450,23475,23325,23445,28973
12/12/2019,23450,23795,23370,23775,13085
12/13/2019,23780,24035,23735,23900,80259
12/16/2019,23930,24105,23880,24070,34482
12/17/2019,24085,24090,23930,24000,25562
12/18/2019,23985,23990,23805,23875,23034
12/19/2019,23875,23885,23735,23785,19829
12/20/2019,23800,23840,23680,23810,26671
12/23/2019,23815,23860,23730,23800,13538
12/24/2019,23800,23805,23730,23755,5614
12/26/2019,23705,23930,23700,23925,10186
12/27/2019,23900,23930,23745,23770,20033
12/30/2019,23765,23800,23385,23405,30521
12/31/2019,23410,23450,23290,23425,15695
01/02/2020,23445,23770,23420,23690,26967
01/03/2020,23680,23775,23140,23290,46289
01/06/2020,23180,23340,23025,23315,50458
01/07/2020,23290,23545,23250,23350,42012
01/08/2020,23330,23580,22915,23520,71426
01/09/2020,23480,23775,23440,23745,37074
01/10/2020,23740,23875,23640,23675,36100
01/13/2020,23700,23955,23690,23940,20984
01/14/2020,23935,24025,23840,23980,40271
01/15/2020,23980,23980,23850,23935,31065
01/16/2020,23945,24075,23880,24055,21331
01/17/2020,24070,24115,23990,24035,21303
01/21/2020,24070,24085,23750,23755,43282
01/22/2020,23780,24025,23760,23840,27594
01/23/2020,23810,23885,23605,23795,39875
01/24/2020,23805,23890,23550,23635,36628
01/27/2020,23395,23435,23030,23030,69166
01/28/2020,23045,23375,22990,23340,49257
01/29/2020,23350,23395,23185,23245,31857
01/30/2020,23245,23285,22820,23195,68547
01/31/2020,23165,23400,22610,22710,71039
02/03/2020,22635,23015,22625,22860,50101
02/04/2020,22850,23400,22800,23365,43404
02/05/2020,23355,23700,23215,23690,56063
02/06/2020,23710,23980,23630,23945,49602
02/07/2020,23975,24015,23655,23665,43420
02/10/2020,23665,23795,23525,23685,30191
02/11/2020,23685,24010,23670,23885,29708
02/12/2020,23905,23970,23710,23945,34713
02/13/2020,23960,23965,23560,23715,48428
02/14/2020,23705,23760,23465,23535,34069
02/18/2020,23515,23610,23085,23190,64581
02/19/2020,23220,23665,23215,23585,43016
02/20/2020,23600,23790,23320,23525,65332
02/21/2020,23485,23570,23090,23190,55708
02/24/2020,23000,23000,22070,22165,94239
02/25/2020,22155,22730,21890,22065,131983
02/26/2020,22125,22500,21990,22205,129962
02/27/2020,22185,22325,21170,21225,150951
02/28/2020,21205,21450,20460,21015,250196
03/02/2020,20670,21590,20505,21425,156726
03/03/2020,21505,21725,20675,20880,138276
03/04/2020,20860,21435,20785,21390,70110
03/05/2020,21405,21455,20740,20790,66428
03/06/2020,20810,21065,20210,20430,115502
03/09/2020,20110,20110,18505,18875,150797
03/10/2020,18850,20190,18595,19975,157386
03/11/2020,19985,19985,18930,19165,86557
03/12/2020,19070,19340,16835,17060,30502
03/13/2020,16605,18235,16470,17930,127397
03/16/2020,18025,18025,15860,16220,101533
03/17/2020,16205,17345,16070,17105,90153
03/18/2020,17120,17320,15995,16530,91091
03/19/2020,16400,17340,16055,16995,85604
03/20/2020,16945,17845,16765,17030,53949
03/23/2020,16600,17665,15060,17255,126853
03/24/2020,17355,19070,17300,18950,94789
03/25/2020,18990,19455,18365,18950,115912
03/26/2020,18960,19145,18220,19105,78142
03/27/2020,19120,19205,18500,18560,68904
03/30/2020,18290,19110,18170,19060,48032
03/31/2020,19120,19315,18535,18645,48848
04/01/2020,18655,18755,17565,17585,57038
04/02/2020,17600,18130,17520,18080,51322
04/03/2020,18120,18135,17570,17675,32211
04/06/2020,17630,18975,17630,18920,57865
04/07/2020,18905,19860,18520,18975,60422
04/08/2020,18965,19435,18705,19145,56760
04/09/2020,19145,19620,19095,19460,44903
04/10/2020,19485,19485,19485,19485,0
04/13/2020,19580,19600,18945,19090,21696
04/14/2020,19115,19695,19080,19520,34519
04/15/2020,19530,19635,19175,19305,32477
04/16/2020,19295,19420,18990,19205,29612
04/17/2020,19655,19910,19365,19605,34596
04/20/2020,19595,19765,19295,19310,25463
04/21/2020,19355,19515,18970,19035,39140
04/22/2020,19080,19330,18835,19265,30068
04/23/2020,19275,19655,19190,19355,37565
04/24/2020,19330,19465,19150,19430,21751
04/27/2020,19460,19835,19340,19790,27263
04/28/2020,19775,20140,19615,19970,32110
04/29/2020,19950,20515,19900,20400,25292
04/30/2020,20415,20450,19810,19990,47429
05/01/2020,19935,19965,19445,19515,27046
05/04/2020,19400,19425,19060,19390,22587
05/05/2020,19410,19745,19375,19545,24228
05/06/2020,19550,19750,19355,19360,17109
05/07/2020,19370,19840,19280,19775,34995
05/08/2020,19785,20250,19770,20210,29040
05/11/2020,20170,20615,20145,20500,32758
05/12/2020,20505,20525,20055,20145,28884
05/13/2020,20080,20410,20035,20165,40897
05/14/2020,20165,20225,19600,20060,42356
05/15/2020,20080,20180,19820,20020,34999
05/18/2020,20045,20675,19990,20640,35410
05/19/2020,20600,20680,20355,20385,35270
05/20/2020,20385,20815,20340,20725,25966
05/21/2020,20740,20745,20445,20460,27103
05/22/2020,20475,20605,20230,20550,28680
05/26/2020,20550,21360,20550,21275,54156
05/27/2020,21270,21720,21135,21640,46044
05/28/2020,21665,22100,21575,21915,49688
05/29/2020,21910,22040,21660,21950,47651
06/01/2020,21910,22240,21750,22220,37555
06/02/2020,22200,22705,22110,22650,39147
06/03/2020,22630,22955,22465,22915,48915
06/04/2020,22900,22990,22495,22725,44403
06/05/2020,22745,23305,22560,23140,43903
06/08/2020,23175,23275,22965,23215,35999
06/09/2020,23205,23220,22705,22890,60897
06/10/2020,22890,23175,22745,22860,37531
06/11/2020,22890,22935,21635,21710,17030
06/12/2020,21695,22425,21640,22150,69326
06/15/2020,21980,22180,21305,21915,62529
06/16/2020,21930,22560,21920,22345,57112
06/17/2020,22305,22710,22190,22460,33688
06/18/2020,22435,22485,22055,22350,33520
06/19/2020,22360,22660,22260,22290,30766
06/22/2020,22195,22580,22110,22550,25088
06/23/2020,22570,22765,22185,22505,33578
06/24/2020,22495,22610,22040,22225,29659
06/25/2020,22210,22490,22010,22450,35216
06/26/2020,22440,22525,22200,22245,26209
06/29/2020,22090,22370,21930,22335,32362
06/30/2020,22335,22420,22150,22285,30050
07/01/2020,22320,22370,21950,22185,29341
07/02/2020,22195,22425,22035,22315,29090
07/06/2020,22280,22740,22115,22640,40117
07/07/2020,22655,22705,22405,22415,23062
07/08/2020,22440,22635,22325,22495,26536
07/09/2020,22510,22665,22265,22385,32412
07/10/2020,22390,22620,22225,22600,27279
07/13/2020,22590,22850,22505,22540,27971
07/14/2020,22595,22730,22480,22700,27958
07/15/2020,22810,23015,22780,22890,26874
07/16/2020,22915,22935,22650,22735,19842
07/17/2020,22755,22830,22605,22675,18362
07/20/2020,22650,22805,22555,22790,20688
07/21/2020,22780,22925,22705,22720,27852
07/22/2020,22725,22830,22625,22755,23181
07/23/2020,22770,22885,22470,22540,19374
07/24/2020,22550,22620,22250,22340,23739
07/27/2020,22365,22720,22325,22665,27028
07/28/2020,22680,22815,22485,22515,26850
07/29/2020,22520,22550,22340,22530,18557
07/30/2020,22530,22540,21945,22230,36945
07/31/2020,22280,22330,21685,21920,46261
08/03/2020,21940,22395,21870,22385,31090
08/04/2020,22385,22635,22355,22500,25579
08/05/2020,22490,22620,22340,22470,18946
08/06/2020,22490,22570,22255,22410,23673
08/07/2020,22430,22480,22190,22430,22177
08/10/2020,22410,22520,22325,22495,13144
08/11/2020,22480,22945,22455,22680,34694
08/12/2020,22730,23245,22650,23190,36719
08/13/2020,23225,23305,23130,23195,25784
08/14/2020,23185,23340,23050,23140,23577
08/17/2020,23160,23240,23050,23150,15714
08/18/2020,23125,23160,22925,23060,22205
08/19/2020,23080,23195,22950,23115,16950
08/20/2020,23090,23090,22835,22970,23571
08/21/2020,23000,23125,22700,22890,27894
08/24/2020,22915,23170,22840,23170,24311
08/25/2020,23140,23425,23130,23300,29036
08/26/2020,23300,23335,23150,23280,20711
08/27/2020,23295,23340,23135,23215,26086
08/28/2020,23235,23390,22565,22935,49725
08/31/2020,22950,23370,22950,23100,35507
09/01/2020,23065,23225,22990,23195,28120
09/02/2020,23220,23525,23165,23505,33811
09/03/2020,23515,23630,22975,23095,55122
09/04/2020,23090,23315,22830,23175,57221
09/08/2020,23230,23310,22920,23030,85991
09/09/2020,22900,23235,22770,23185,42615
09/10/2020,23195,23270,23065,23100,13763
09/11/2020,22940,23265,22940,23190,34282
09/14/2020,23220,23450,23220,23305,24450
09/15/2020,23305,23360,23195,23330,20619
09/16/2020,23320,23365,23235,23300,18475
09/17/2020,23290,23340,23060,23210,28463
09/18/2020,23200,23260,23030,23100,25082
09/21/2020,23085,23235,22460,22810,43766
09/22/2020,22760,22930,22575,22885,20884
09/23/2020,22915,23250,22880,23080,34750
09/24/2020,23070,23120,22865,23025,40299
09/25/2020,23025,23195,22845,23165,33316
09/28/2020,23185,23400,23150,23380,25708
09/29/2020,23420,23600,23335,23450,28579
09/30/2020,23420,23515,23120,23265,40450
10/01/2020,23265,23365,23215,23335,25210
10/02/2020,23305,23345,22935,23175,40896
10/05/2020,23255,23425,23210,23400,24644
10/06/2020,23410,23435,23215,23270,30584
10/07/2020,23225,23515,23220,23495,20824
10/08/2020,23485,23685,23460,23615,24799
10/09/2020,23655,23720,23530,23560,26285
10/12/2020,23570,23640,23480,23615,20467
10/13/2020,23640,23660,23475,23515,22455
10/14/2020,23525,23640,23500,23550,22999
10/15/2020,23540,23575,23355,23500,28893
10/16/2020,23510,23560,23365,23515,24159
10/19/2020,23545,23720,23490,23500,25762
10/20/2020,23535,23655,23505,23590,25322
10/21/2020,23580,23675,23510,23550,28362
10/22/2020,23530,23600,23410,23580,27954
10/23/2020,23585,23595,23450,23550,21313
10/26/2020,23520,23555,23350,23410,25840
10/27/2020,23410,23515,23230,23405,29751
10/28/2020,23375,23440,23050,23060,52108
10/29/2020,23070,23385,23060,23300,43578
10/30/2020,23205,23290,22870,23145,50416
11/02/2020,23115,23435,23040,23415,38898
11/03/2020,23435,23915,23430,23830,27974
11/04/2020,23810,24070,23495,23885,75540
11/05/2020,24010,24375,23860,24265,41933
11/06/2020,24240,24460,24080,24330,36530
11/09/2020,24415,25900,24365,25440,102371
11/10/2020,25415,25475,24830,25225,56578
11/11/2020,25300,25705,25150,25580,41446
11/12/2020,25545,25585,25220,25280,35673
11/13/2020,25305,25670,25210,25620,32450
11/16/2020,25660,26215,25645,26175,49605
11/17/2020,26150,26170,25860,26000,28717
11/18/2020,25930,25965,25560,25640,29422
11/19/2020,25630,25690,25410,25600,28601
11/20/2020,25505,25765,25420,25740,22280
11/23/2020,25680,26055,25655,25935,20653
11/24/2020,25940,26530,25930,26470,35065
11/25/2020,26450,26710,26185,26305,35967
11/27/2020,26355,26815,26255,26775,32858
11/30/2020,26825,26935,26300,26310,40487
12/01/2020,26480,26970,26460,26915,29971
12/02/2020,26885,26920,26685,26825,24007
12/03/2020,26875,26920,26695,26710,21233
12/04/2020,26760,26875,26650,26860,22560
12/07/2020,26865,26950,26320,26435,54257
12/08/2020,26370,26575,26320,26570,37874
12/09/2020,26575,26915,26510,26690,26577
12/10/2020,26665,26835,26635,26710,9592
12/11/2020,26665,26760,26370,26535,25832
12/14/2020,26715,26800,26550,26655,25241
12/15/2020,26620,26780,26540,26760,19049
12/16/2020,26770,26805,26655,26755,20743
12/17/2020,26755,26810,26620,26750,15445
12/18/2020,26730,26885,26640,26705,22210
12/21/2020,26865,26965,26160,26515,44844
12/22/2020,26510,26590,26305,26555,26380
12/23/2020,26495,26700,26355,26655,26646
12/24/2020,26645,26695,26540,26605,10814
12/28/2020,26525,26930,26510,26900,14243
12/29/2020,26895,27680,26870,27480,33072
12/30/2020,27505,27605,27320,27405,22086
12/31/2020,27460,27555,27410,27510,7759
01/04/2021,27505,27655,27020,27100,37850
01/05/2021,27110,27250,26940,27130,28232
01/06/2021,27130,27455,26930,27315,41719
01/07/2021,27340,27645,27300,27595,33161
01/08/2021,27590,28370,27580,28290,42411
01/11/2021,28300,28340,27935,28020,20798
01/12/2021,28065,28265,27940,28190,25298
01/13/2021,28150,28500,28100,28445,25509
01/14/2021,28425,28965,28385,28850,40320
01/15/2021,28820,28895,28140,28320,33805
01/19/2021,28280,28775,28090,28715,46244
01/20/2021,28735,28815,28380,28700,30201
01/21/2021,28665,28830,28500,28665,23994
01/22/2021,28670,28680,28395,28610,24771
01/25/2021,28630,28840,28460,28825,33611
01/26/2021,28805,28810,28495,28710,22763
01/27/2021,28690,28745,28085,28180,37478
01/28/2021,28195,28520,27810,28395,51547
01/29/2021,28380,28395,27565,27780,52237
02/01/2021,27720,28305,27570,28295,30037
02/02/2021,28260,28510,28075,28475,21532
02/03/2021,28485,28720,28395,28580,19578
02/04/2021,28600,28675,28290,28610,22258
02/05/2021,28630,28890,28535,28785,22627
02/08/2021,28825,29530,28805,29435,32534
02/09/2021,29505,29580,29335,29410,19753
02/10/2021,29415,29555,29170,29255,27161
02/11/2021,29310,29495,29225,29455,11039
02/12/2021,29490,29665,29305,29615,20603
02/16/2021,29635,30715,29635,30415,52696
02/17/2021,30450,30450,30140,30345,31554
02/18/2021,30370,30565,29885,30120,34951
02/19/2021,30125,30315,29745,30200,28438
02/22/2021,30180,30450,29970,29985,30710
02/23/2021,30000,30140,29640,29995,23097
02/24/2021,30005,30120,29610,30060,38473
02/25/2021,30070,30235,29505,29620,39522
02/26/2021,29600,29670,28980,29285,58268
03/01/2021,29285,29935,29285,29900,29939
03/02/2021,29930,30025,29315,29520,33051
03/03/2021,29525,29765,29255,29275,35042
03/04/2021,29325,29340,28710,28900,56304
03/05/2021,28900,29220,28300,29180,53479
03/08/2021,29255,29475,28565,28830,55133
03/09/2021,28875,29285,28615,29215,44459
03/10/2021,29195,29265,28965,29105,28543
03/11/2021,29130,29385,29010,29285,9572
03/12/2021,29195,29595,29030,29540,36042
03/15/2021,29620,29715,29415,29625,28030
03/16/2021,29660,29860,29570,29700,22759
03/17/2021,29695,29860,29625,29815,22856
03/18/2021,29785,30320,29725,29735,39650
03/19/2021,29775,29885,28925,29350,51486
03/22/2021,29285,29305,28730,29115,41355
03/23/2021,29080,29320,28615,28680,35869
03/24/2021,28670,28685,28105,28335,42687
03/25/2021,28275,28910,28230,28860,40573
03/26/2021,28870,29460,28775,29415,29813
03/29/2021,29445,29445,29015,29330,34389
03/30/2021,29430,29535,29280,29370,24956
03/31/2021,29330,29435,29140,29345,25433
04/01/2021,29365,29720,29310,29675,24953
04/02/2021,29765,30095,29765,29920,9462
04/05/2021,30045,30245,29985,30185,15720
04/06/2021,30270,30280,29615,29680,32261
04/07/2021,29650,29870,29515,29680,24560
04/08/2021,29685,29775,29510,29695,20788
04/09/2021,29750,30075,29745,29920,22259
04/12/2021,29900,29990,29535,29620,18770
04/13/2021,29570,29900,29555,29830,20850
04/14/2021,29830,29835,29565,29600,18479
04/15/2021,29635,29785,29525,29750,17290
04/16/2021,29750,29835,29615,29795,19988
04/19/2021,29760,29810,29190,29340,33927
04/20/2021,29310,29405,28515,28625,40068
04/21/2021,28585,28910,28405,28885,36123
04/22/2021,28870,29210,28795,28915,32288
04/23/2021,28880,29310,28760,29215,23547
04/26/2021,29190,29280,28895,29235,21020
04/27/2021,29200,29275,28835,29055,22628
04/28/2021,29020,29140,28870,28940,20320
04/29/2021,28890,29195,28855,29075,14404
04/30/2021,29015,29055,28765,28850,20501
05/03/2021,28940,29135,28870,29105,12569
05/04/2021,29110,29150,28585,28720,21080
05/05/2021,28705,29180,28675,29075,16363
05/06/2021,29035,29440,28970,29365,29088
05/07/2021,29375,29460,29240,29410,22822
05/10/2021,29425,29695,29230,29270,26437
05/11/2021,29240,29310,28255,28615,58192
05/12/2021,28570,28840,27655,27745,58410
05/13/2021,27665,27810,27135,27700,56155
05/14/2021,27695,28325,27695,28310,31842
05/17/2021,28295,28350,27625,27785,34325
05/18/2021,27765,28490,27760,28130,28230
05/19/2021,27995,28220,27595,27935,41382
05/20/2021,27935,28320,27785,28230,29417
05/21/2021,28215,28475,28185,28380,21426
05/24/2021,28385,28590,28205,28495,17430
05/25/2021,28520,28620,28355,28405,17359
05/26/2021,28430,28725,28390,28610,16837
05/27/2021,28595,28915,28360,28850,22270
05/28/2021,28905,29200,28890,29020,24122
06/01/2021,29060,29160,28605,28745,40936
06/02/2021,28790,29020,28565,28875,24362
06/03/2021,28880,29155,28840,28995,25692
06/04/2021,28975,29195,28755,29120,25580
06/07/2021,29175,29275,28945,29140,36473
06/08/2021,29145,29215,28955,28985,31070
06/09/2021,28975,29015,28765,28825,21120
06/10/2021,28825,29150,28795,28975,15435
06/11/2021,28935,29045,28785,29000,19451
06/14/2021,29030,29265,28980,29235,16286
06/15/2021,29250,29445,29200,29320,22140
06/16/2021,29310,29395,29120,29330,22360
06/17/2021,29220,29245,28825,29125,29501
06/18/2021,29135,29220,28410,28515,30428
06/21/2021,28465,28715,27720,28690,48557
06/22/2021,28690,28860,28495,28795,29367
06/23/2021,28845,28960,28660,28720,18643
06/24/2021,28770,29150,28710,28980,16969
06/25/2021,29010,29120,28945,29010,15837
06/28/2021,29035,29080,28865,28915,16397
06/29/2021,28890,28920,28695,28845,17568
06/30/2021,28855,29000,28525,28765,26073
07/01/2021,28800,28860,28560,28785,24317
07/02/2021,28755,28830,28670,28775,17989
07/06/2021,28755,28755,28245,28385,39168
07/07/2021,28320,28470,28115,28335,27319
07/08/2021,28320,28355,27490,27745,52457
07/09/2021,27720,28555,27390,28535,51754
07/12/2021,28505,28685,28375,28655,23392
07/13/2021,28645,28840,28480,28550,22433
07/14/2021,28545,28675,28445,28515,17029
07/15/2021,28540,28555,27985,28090,28347
07/16/2021,27990,28190,27690,27790,29703
07/19/2021,27720,27775,27055,27265,47965
07/20/2021,27250,27795,27250,27730,34945
07/21/2021,27700,27980,27415,27950,27831
07/22/2021,27900,28055,27860,27945,11998
07/23/2021,28030,28230,27995,28180,13235
07/26/2021,28200,28235,27645,27950,23834
07/27/2021,27910,28020,27360,27590,32274
07/28/2021,27515,27885,27440,27790,24142
07/29/2021,27790,27930,27625,27755,19262
07/30/2021,27735,27740,27245,27450,27728
08/02/2021,27445,27820,27430,27500,22671
08/03/2021,27555,27705,27410,27670,20532
08/04/2021,27615,27630,27435,27520,18539
08/05/2021,27515,27845,27480,27810,16816
08/06/2021,27815,27950,27695,27875,16303
08/09/2021,27860,27920,27680,27890,9584
08/10/2021,27940,28115,27790,27965,18715
08/11/2021,27970,28240,27935,28230,22360
08/12/2021,28210,28260,27910,28055,19991
08/13/2021,28085,28115,27825,27900,15721
08/16/2021,27800,27860,27385,27660,29052
08/17/2021,27660,27740,27230,27455,31405
08/18/2021,27440,27665,27330,27415,24562
08/19/2021,27380,27495,26950,27250,43888
08/20/2021,27265,27300,26845,27260,33800
08/23/2021,27230,27630,27190,27600,22562
08/24/2021,27630,27840,27620,27765,19822
08/25/2021,27800,27880,27645,27800,17917
08/26/2021,27800,27810,27600,27650,18330
08/27/2021,27660,27865,27455,27855,19376
08/30/2021,27830,27920,27645,27695,19385
08/31/2021,27730,28200,27600,28070,35982
09/01/2021,28115,28660,28075,28535,33304
09/02/2021,28540,28735,28415,28610,25681
09/03/2021,28645,29635,28595,29595,61107
09/07/2021,29600,30205,29475,29965,89244
09/08/2021,29960,30260,29810,29960,44628
09/09/2021,29950,30265,29865,30130,12081
09/10/2021,29900,30350,29845,29935,40440
09/13/2021,29965,30565,29955,30420,41007
09/14/2021,30380,30620,30095,30135,42019
09/15/2021,30150,30440,30125,30415,28723
09/16/2021,30440,30465,30020,30335,29324
09/17/2021,30300,30410,30060,30175,24510
09/20/2021,30105,30195,29250,29505,45625
09/21/2021,29505,30020,29480,29780,50509
09/22/2021,29720,29895,29395,29765,37976
09/23/2021,29780,30130,29775,30100,22129
09/24/2021,30110,30165,29875,30035,29021
09/27/2021,30035,30235,29960,30055,21751
09/28/2021,30030,30065,29460,29520,47943
09/29/2021,29540,29845,29325,29705,42899
09/30/2021,29755,29790,29260,29305,43112
10/01/2021,29310,29405,28675,29050,53128
10/04/2021,29080,29195,27645,27900,69062
10/05/2021,27875,28285,27450,28175,53725
10/06/2021,28220,28245,26980,27730,80675
10/07/2021,27690,28155,27575,28050,39014
10/08/2021,28075,28325,27985,28075,29591
10/11/2021,28160,28785,27890,28475,32529
10/12/2021,28430,28505,27965,28160,35889
10/13/2021,28115,28380,27990,28195,27667
10/14/2021,28185,28815,28185,28730,28448
10/15/2021,28805,29265,28730,29185,31301
10/18/2021,29220,29285,28855,29090,25169
10/19/2021,29090,29405,29005,29390,26912
10/20/2021,29355,29490,29205,29300,24366
10/21/2021,29285,29285,28415,28625,60693
10/22/2021,28545,28990,28420,28730,37952
10/25/2021,28710,28885,28375,28810,27057
10/26/2021,28820,29250,28785,28975,26764
10/27/2021,28935,29135,28630,28640,39497
10/28/2021,28710,28930,28665,28905,26248
10/29/2021,28890,29070,28470,28990,34837
11/01/2021,29250,29665,29155,29570,32759
11/02/2021,29535,29595,29410,29505,20796
11/03/2021,29535,29780,29415,29705,13480
11/04/2021,29780,29955,29590,29775,26955
11/05/2021,29730,29825,29500,29705,23770
11/08/2021,29670,29835,29435,29685,26405
11/09/2021,29705,29805,29185,29285,31465
11/10/2021,29245,29380,29000,29080,31124
11/11/2021,29035,29475,28975,29415,20337
11/12/2021,29435,29760,29375,29710,24068
11/15/2021,29760,29860,29645,29720,18135
11/16/2021,29740,29965,29680,29825,20623
11/17/2021,29835,29925,29485,29560,22999
11/18/2021,29550,29715,29380,29610,22380
11/19/2021,29600,29785,29475,29625,34804
11/22/2021,29640,29915,29530,29675,27790
11/23/2021,29695,29790,29505,29745,20974
11/24/2021,29705,29745,29205,29460,30110
11/26/2021,29440,29580,28020,28155,77339
11/29/2021,28150,28785,28080,28330,54906
11/30/2021,28445,28710,27375,27675,71931
12/01/2021,27745,28230,27405,27420,52906
12/02/2021,27520,28075,27485,27895,53204
12/03/2021,28040,28175,27570,27790,50976
12/06/2021,27790,28155,27680,28095,45720
12/07/2021,28090,28865,27955,28815,51555
12/08/2021,28845,28945,28610,28885,32513
12/09/2021,28900,28940,28575,28625,7406
12/10/2021,28570,28635,28330,28560,22227
12/13/2021,28500,28730,28380,28425,24842
12/14/2021,28460,28620,28120,28270,31524
12/15/2021,28250,28880,28210,28865,31011
12/16/2021,28830,29150,28680,28745,36878
12/17/2021,28790,28850,28340,28425,36881
12/20/2021,28405,28430,27740,28215,37993
12/21/2021,28210,28660,28165,28635,21421
12/22/2021,28655,28685,28395,28670,18549
12/23/2021,28665,28880,28575,28815,18231
12/27/2021,28770,29000,28605,28970,13187
12/28/2021,28970,29070,28815,28965,13325
12/29/2021,28950,29080,28695,28810,15449
12/30/2021,28830,28940,28555,28840,15764
12/31/2021,28825,28985,28705,28825,8570
01/03/2022,28845,29145,28810,28925,15767
01/04/2022,28940,29355,28930,29270,26783
01/05/2022,29305,29370,28960,29000,28447
01/06/2022,28980,29100,28450,28705,39663
01/07/2022,28720,28790,28170,28405,31314
01/10/2022,28430,28560,27860,28185,25373
01/11/2022,28180,28460,28060,28455,27593
01/12/2022,28440,28795,28410,28650,32133
01/13/2022,28655,28665,28240,28275,28114
01/14/2022,28280,28325,27860,28300,40330
01/18/2022,28310,28725,27935,28005,51148
01/19/2022,28015,28030,27285,27575,49326
01/20/2022,27600,27940,27190,27500,40297
01/21/2022,27365,27685,27110,27225,56031
01/24/2022,27200,27605,26690,27275,84878
01/25/2022,27350,27455,26840,27130,58242
01/26/2022,26980,27400,26775,26920,55023
01/27/2022,26945,27180,26025,26550,70107
01/28/2022,26605,26780,26225,26670,54198
01/31/2022,26670,27330,26510,27310,35637
02/01/2022,27330,27390,26970,27165,28033
02/02/2022,27195,27565,27175,27450,23976
02/03/2022,27380,27395,26940,26945,30269
02/04/2022,27125,27440,27055,27290,38275
02/07/2022,27295,27350,27070,27200,29790
02/08/2022,27220,27455,27190,27395,30006
02/09/2022,27390,27865,27385,27825,32360
02/10/2022,27855,27885,27335,27385,48018
02/11/2022,27350,27445,26845,26930,26829
02/14/2022,27025,27165,26830,27055,62284
02/15/2022,27055,27450,26700,27445,48486
02/16/2022,27380,27545,27255,27460,31726
02/17/2022,27445,27510,26860,26880,39693
02/18/2022,26925,27210,26775,26845,42363
02/22/2022,26810,27020,26225,26655,102396
02/23/2022,26725,26890,26280,26330,23071
02/24/2022,26325,26340,25545,26260,97155
02/25/2022,26200,26990,26105,26980,62410
02/28/2022,26635,26910,26255,26650,62944
03/01/2022,26700,27015,26325,26425,53285
03/02/2022,26410,26700,26190,26670,54361
03/03/2022,26610,26730,26285,26370,40429
03/04/2022,26415,26440,25720,25870,61798
03/07/2022,25780,25785,24925,25030,73849
03/08/2022,24950,25305,24505,24805,85105
03/09/2022,24750,25450,24680,25395,41346
03/10/2022,25380,25745,25195,25305,11510
03/11/2022,25090,25510,24720,24905,54048
03/14/2022,24940,25395,24900,25040,31309
03/15/2022,25075,25475,24840,25375,42049
03/16/2022,25475,26150,25220,26125,49254
03/17/2022,26140,26540,26040,26475,37892
03/18/2022,26470,27120,26340,27040,31614
03/21/2022,27070,27140,26920,27060,18637
03/22/2022,27080,27495,26885,27450,27651
03/23/2022,27470,27870,27355,27385,31454
03/24/2022,27410,28135,27360,28095,32196
03/25/2022,28115,28115,27705,28045,31123
03/28/2022,27995,28045,27570,28010,33857
03/29/2022,27985,28420,27795,28340,42772
03/30/2022,28280,28315,27670,27760,37506
03/31/2022,27795,28095,27525,27535,26157
04/01/2022,27545,27865,27390,27795,26296
04/04/2022,27720,28030,27575,28000,18984
04/05/2022,27980,27980,27435,27520,24789
04/06/2022,27560,27565,26990,27110,30898
04/07/2022,27090,27225,26790,27055,30912
04/08/2022,27050,27190,26760,26990,28606
04/11/2022,27035,27040,26695,26730,28005
04/12/2022,26730,26745,26240,26300,30339
04/13/2022,26340,26985,26315,26950,27417
04/14/2022,26940,27315,26860,26915,23375
04/18/2022,26970,27025,26565,26845,22599
04/19/2022,26945,27270,26770,27260,25946
04/20/2022,27220,27390,27055,27180,24880
04/21/2022,27250,27755,27130,27155,29851
04/22/2022,27105,27230,26695,26755,33980
04/25/2022,26745,26845,26405,26795,45583
04/26/2022,26790,26885,25970,26065,36247
04/27/2022,26030,26585,26025,26375,45970
04/28/2022,26445,27375,26325,27275,46676
04/29/2022,27190,27460,26700,26730,23914
05/02/2022,26790,26950,26550,26860,35796
05/03/2022,26855,27110,26760,27065,16844
05/04/2022,27075,27480,26785,27425,22585
05/05/2022,27400,27470,26585,26735,26300
05/06/2022,26720,27120,26540,26885,49213
05/09/2022,26755,26780,25925,25980,42743
05/10/2022,26025,26330,25770,26110,43048
05/11/2022,26075,26390,25815,25835,54132
05/12/2022,25880,26025,25535,25800,53457
05/13/2022,25730,26685,25730,26675,34809
05/16/2022,26680,26870,26420,26500,29258
05/17/2022,26475,26870,26435,26825,28858
05/18/2022,26845,27055,26235,26295,39120
05/19/2022,26250,26555,26080,26370,40893
05/20/2022,26400,26935,26360,26715,35991
05/23/2022,26780,27145,26780,27085,29903
05/24/2022,27050,27055,26515,26675,33958
05/25/2022,26710,26880,26490,26790,28480
05/26/2022,26775,27025,26590,26960,27755
05/27/2022,26920,27170,26730,27140,28169
05/31/2022,27155,27470,27055,27180,44990
06/01/2022,27230,27615,27180,27430,32675
06/02/2022,27495,27785,27260,27775,31642
06/03/2022,27735,27815,27525,27575,24901
06/06/2022,27570,28120,27520,28025,42051
06/07/2022,28040,28220,27865,28210,48545
06/08/2022,28155,28285,28085,28150,27393
06/09/2022,28145,28405,27970,27970,15127
06/10/2022,27995,28050,27250,27325,45101
06/13/2022,27265,27280,26310,26375,53128
06/14/2022,26425,26675,26250,26420,49940
06/15/2022,26415,26635,26135,26510,50291
06/16/2022,26555,26900,25550,25600,54601
06/17/2022,25685,26095,25600,25930,46684
06/21/2022,25980,26485,25450,26440,50485
06/22/2022,26490,26490,25940,26195,39893
06/23/2022,26175,26350,25970,26195,37376
06/24/2022,26160,26875,26080,26870,29632
06/27/2022,26865,26950,26615,26705,31548
06/28/2022,26710,27225,26660,26745,36562
06/29/2022,26745,26850,26595,26705,33699
06/30/2022,26705,26725,26125,26390,43250
07/01/2022,26350,26500,25765,26310,43826
07/05/2022,26355,26515,25895,26245,56515
07/06/2022,26225,26330,25970,26265,36248
07/07/2022,26245,26680,26100,26650,29921
07/08/2022,26640,26855,26395,26775,32992
07/11/2022,26805,27040,26570,26585,27982
07/12/2022,26600,26685,26235,26435,26870
07/13/2022,26420,26545,26205,26485,32545
07/14/2022,26465,26755,26290,26700,32343
07/15/2022,26705,26985,26545,26980,25879
07/18/2022,26995,27215,26880,26920,19822
07/19/2022,26940,27395,26765,27365,29884
07/20/2022,27385,27735,27345,27575,30364
07/21/2022,27595,27885,27510,27865,26561
07/22/2022,27870,27955,27570,27640,25906
07/25/2022,27705,27830,27630,27755,19289
07/26/2022,27705,27715,27405,27415,21248
07/27/2022,27470,28055,27470,28020,27068
07/28/2022,27975,28010,27595,27850,27728
07/29/2022,27900,28000,27710,27975,25933
08/01/2022,27985,28060,27725,27885,24045
08/02/2022,27875,27910,27515,27745,28197
08/03/2022,27765,28015,27615,27975,25482
08/04/2022,27970,28070,27815,27870,24393
08/05/2022,27905,28215,27815,28135,25822
08/08/2022,28150,28315,28010,28125,26030
08/09/2022,28180,28185,27780,27820,24520
08/10/2022,27840,28125,27710,28120,28429
08/11/2022,28120,28235,28025,28120,19648
08/12/2022,28115,28770,28100,28710,30669
08/15/2022,28760,28900,28625,28880,22463
08/16/2022,28875,29005,28740,28950,20208
08/17/2022,28940,29220,28895,29000,24174
08/18/2022,29000,29135,28835,29105,19060
08/19/2022,29100,29135,28670,28725,18311
08/22/2022,28725,28830,28425,28465,20342
08/23/2022,28450,28575,28345,28460,23837
08/24/2022,28460,28520,28250,28460,20862
08/25/2022,28460,28685,28345,28680,24797
08/26/2022,28670,28785,28115,28220,39404
08/29/2022,28000,28155,27765,28035,29232
08/30/2022,28050,28340,27850,27925,26989
08/31/2022,27920,28120,27810,27855,28567
09/01/2022,27840,27880,27550,27785,31278
09/02/2022,27775,27900,27460,27515,37145
09/06/2022,27495,27810,27410,27580,59418
09/07/2022,27570,27745,27260,27710,32460
09/08/2022,27720,28120,27705,28095,16208
09/09/2022,27885,28205,27855,28195,20762
09/12/2022,28195,28435,28195,28330,17762
09/13/2022,28360,28470,27610,27630,32833
09/14/2022,27665,27820,27535,27720,33982
09/15/2022,27740,27795,27440,27480,25193
09/16/2022,27440,27440,27200,27305,26852
09/19/2022,27305,27535,27130,27490,16712
09/20/2022,27510,27690,27100,27230,27038
09/21/2022,27225,27445,26850,27010,44591
09/22/2022,26865,27180,26685,26800,47246
09/23/2022,26815,26850,26250,26415,42077
09/26/2022,26380,26510,26190,26335,37810
09/27/2022,26340,26450,26045,26185,37021
09/28/2022,26215,26540,25685,26480,60541
09/29/2022,26465,26495,26025,26175,49923
09/30/2022,26155,26270,25795,25930,51647
10/03/2022,25855,26705,25595,26595,41575
10/04/2022,26590,27190,26520,27170,42505
10/05/2022,27190,27190,26835,27020,31386
10/06/2022,27045,27395,26985,27025,33028
10/07/2022,27030,27185,26645,26715,33705
10/10/2022,26685,26750,26485,26665,35475
10/11/2022,26675,26725,26275,26350,35059
10/12/2022,26380,26490,26295,26360,34929
10/13/2022,26375,26830,25860,26790,59275
10/14/2022,26825,27175,26580,26625,48928
10/17/2022,26555,27120,26555,27075,31614
10/18/2022,27135,27310,26910,27095,36507
10/19/2022,27180,27365,26905,27035,31233
10/20/2022,27035,27290,26865,27020,34416
10/21/2022,27010,27145,26790,27110,44268
10/24/2022,27170,27375,26855,27145,37195
10/25/2022,27160,27555,27080,27555,29294
10/26/2022,27465,27625,27375,27380,33159
10/27/2022,27400,27475,26930,27075,30691
10/28/2022,27050,27535,26970,27505,30867
10/31/2022,27490,27585,27400,27550,23911
11/01/2022,27530,27775,27505,27590,26385
11/02/2022,27570,27740,27280,27315,43217
11/03/2022,27295,27400,27170,27255,25274
11/04/2022,27290,27525,27015,27505,33376
11/07/2022,27415,27715,27355,27620,21821
11/08/2022,27655,28005,27625,27880,25146
11/09/2022,27880,27945,27515,27520,29311
11/10/2022,27525,27990,27360,27975,44083
11/11/2022,27980,28325,27970,28120,38103
11/14/2022,28065,28220,27940,27955,25713
11/15/2022,28010,28215,27890,27985,31986
11/16/2022,27955,28110,27735,27920,26344
11/17/2022,27970,28025,27775,27965,26852
11/18/2022,27960,28045,27860,27965,24724
11/21/2022,27995,28090,27845,28045,19343
11/22/2022,28045,28350,28015,28345,22419
11/23/2022,28315,28420,28295,28345,22279
11/25/2022,28340,28500,28255,28340,26556
11/28/2022,28315,28315,28040,28090,21646
11/29/2022,28105,28120,27900,27990,21372
11/30/2022,27970,28430,27810,28370,31305
12/01/2022,28435,28490,27935,28010,37162
12/02/2022,28005,28050,27500,27710,31688
12/05/2022,27680,27870,27620,27685,29369
12/06/2022,27685,27940,27550,27660,38157
12/07/2022,27685,27780,27550,27585,25438
12/08/2022,27560,27765,27415,27755,6944
12/09/2022,27645,27935,27580,27745,24175
12/12/2022,27700,28000,27640,27995,15402
12/13/2022,27970,28245,27830,27970,33032
12/14/2022,27970,28130,27810,27890,30282
12/15/2022,27950,28095,27560,27605,29684
12/16/2022,27585,27630,27130,27280,31766
12/19/2022,27240,27310,27070,27170,19879
12/20/2022,27150,27265,26065,26325,53653
12/21/2022,26335,26540,26180,26410,36841
12/22/2022,26470,26550,25900,26110,28507
12/23/2022,26085,26290,26025,26215,28450
12/27/2022,26355,26555,26150,26210,21136
12/28/2022,26195,26315,26030,26030,22249
12/29/2022,26050,26330,25895,26270,20952
12/30/2022,26250,26270,25620,25735,33730
01/03/2023,25870,25940,25565,25780,29287
01/04/2023,25765,25905,25595,25825,30876
01/05/2023,25845,25935,25670,25680,28714
01/06/2023,25690,26190,25685,26160,28587
01/09/2023,26165,26435,26140,26195,18524
01/10/2023,26195,26290,26065,26255,20997
01/11/2023,26250,26530,26245,26525,19365
01/12/2023,26510,26525,25930,26195,36956
01/13/2023,26195,26355,25670,25790,31949
01/17/2023,25800,26375,25710,26250,42971
01/18/2023,26250,26925,26185,26470,40343
01/19/2023,26450,26565,26230,26320,25482
01/20/2023,26365,26920,26280,26915,29013
01/23/2023,26900,27210,26765,27155,25198
01/24/2023,27145,27360,27075,27190,26911
01/25/2023,27205,27450,27115,27390,26621
01/26/2023,27405,27515,27260,27500,23640
01/27/2023,27470,27475,27285,27415,22130
01/30/2023,27405,27570,27310,27410,26175
01/31/2023,27420,27495,27190,27490,25233
02/01/2023,27475,27520,27140,27425,31897
02/02/2023,27485,27595,27320,27530,32474
02/03/2023,27485,27725,27410,27620,31895
02/06/2023,27630,27835,27525,27685,24374
02/07/2023,27670,27790,27355,27660,24967
02/08/2023,27630,27645,27360,27395,20826
02/09/2023,27415,27690,27400,27540,26941
02/10/2023,27515,27785,27385,27585,38588
02/13/2023,27590,27720,27240,27700,20925
02/14/2023,27720,27765,27515,27745,25672
02/15/2023,27725,27745,27425,27620,19948
02/16/2023,27630,27720,27480,27515,21885
02/17/2023,27495,27590,27380,27505,18720
02/21/2023,27480,27520,27250,27255,23684
02/22/2023,27280,27280,26940,27030,24290
02/23/2023,27020,27240,27005,27230,19780
02/24/2023,27200,27450,27130,27330,22676
02/27/2023,27355,27560,27300,27535,15600
02/28/2023,27530,27580,27375,27425,17071
03/01/2023,27385,27560,27305,27485,18338
03/02/2023,27510,27740,27400,27705,23598
03/03/2023,27720,28230,27640,28205,27473
03/06/2023,28205,28315,28160,28200,27411
03/07/2023,28205,28455,28170,28205,29306
03/08/2023,28175,28645,28165,28620,20175
03/09/2023,28605,28730,28225,28265,21034
03/10/2023,28010,28200,27490,27525,47164
03/13/2023,27515,27715,26995,27160,52263
03/14/2023,27195,27280,26840,27210,44292
03/15/2023,27185,27245,26195,26490,48859
03/16/2023,26475,27050,26365,27015,35513
03/17/2023,27020,27145,26645,26710,29816
03/20/2023,26805,27105,26385,26840,35527
03/21/2023,26855,27145,26815,27110,28444
03/22/2023,27115,27365,26955,26980,26596
03/23/2023,26990,27370,26920,27025,28689
03/24/2023,27110,27230,26850,27115,27826
03/27/2023,27130,27350,27090,27325,20678
03/28/2023,27345,27365,27140,27230,15661
03/29/2023,27250,27825,27240,27805,20795
03/30/2023,27820,27975,27625,27940,22224
03/31/2023,27945,28235,27935,28205,23643
04/03/2023,28180,28275,28040,28205,18592
04/04/2023,28195,28330,28010,28090,19666
04/05/2023,28110,28140,27570,27695,23844
04/06/2023,27700,27705,27430,27630,19467
04/07/2023,27480,27655,27470,27535,6441
04/10/2023,27640,27880,27595,27865,14650
04/11/2023,27875,28085,27850,28025,18316
04/12/2023,28060,28235,27905,27945,20170
04/13/2023,27890,28435,27860,28395,22116
04/14/2023,28390,28585,28325,28490,24752
04/17/2023,28550,28605,28410,28590,15169
04/18/2023,28585,28760,28520,28655,17194
04/19/2023,28650,28675,28400,28550,18964
04/20/2023,28545,28695,28440,28605,20651
04/21/2023,28615,28780,28485,28675,18954
04/24/2023,28650,28735,28555,28715,12525
04/25/2023,28685,28800,28360,28370,19348
04/26/2023,28445,28550,28250,28315,25137
04/27/2023,28335,28750,28245,28710,19418
04/28/2023,28725,29095,28490,29065,35376
05/01/2023,29085,29355,29015,29330,16489
05/02/2023,29300,29300,28660,28815,30848
05/03/2023,28800,28940,28640,28715,29504
05/04/2023,28630,28780,28540,28625,27784
05/05/2023,28630,29150,28630,29100,27856
05/08/2023,29060,29140,28925,29050,16030
05/09/2023,29030,29270,29015,29225,19616
05/10/2023,29205,29240,28895,29055,26026
05/11/2023,29055,29195,28960,29130,23571
05/12/2023,29125,29580,29105,29575,28759
05/15/2023,29535,29905,29475,29870,24873
05/16/2023,29845,29995,29775,29870,23142
05/17/2023,29895,30540,29865,30530,30560
05/18/2023,30505,30935,30380,30905,35768
05/19/2023,30890,30985,30670,30855,35520
05/22/2023,30805,31295,30690,31215,29346
05/23/2023,31180,31355,30550,30680,47543
05/24/2023,30710,30860,30405,30495,36532
05/25/2023,30610,31105,30510,31100,35199
05/26/2023,31060,31560,30880,31500,31673
05/30/2023,31555,31690,31060,31145,58753
05/31/2023,31140,31145,30640,30780,33216
06/01/2023,30755,31435,30755,31400,37035
06/02/2023,31390,32010,31275,31965,43433
06/05/2023,31990,32570,31815,32100,59796
06/06/2023,32120,32705,31930,32645,68645
06/07/2023,32615,32715,31765,31885,55537
06/08/2023,31845,32035,31430,31890,14122
06/09/2023,31825,32495,31810,32325,43401
06/12/2023,32295,32690,32210,32675,27210
06/13/2023,32665,33540,32595,33415,48477
06/14/2023,33420,33765,33155,33490,47051
06/15/2023,33560,33745,33110,33465,43490
06/16/2023,33445,33955,33135,33675,40968
06/20/2023,33710,33810,33015,33105,50550
06/21/2023,33100,33740,33055,33565,29638
06/22/2023,33530,33595,33110,33445,28140
06/23/2023,33465,33515,32350,32635,41947
06/26/2023,32595,32865,32325,32575,23045
06/27/2023,32545,32835,32250,32800,25090
06/28/2023,32760,33315,32585,33240,31025
06/29/2023,33250,33515,33080,33180,23452
06/30/2023,33150,33495,32900,33435,24194
07/03/2023,33430,33815,33410,33615,23931
07/05/2023,33585,33605,32965,33120,43472
07/06/2023,33115,33115,32220,32450,35233
07/07/2023,32395,32710,32200,32465,30191
07/10/2023,32400,32540,32035,32270,27733
07/11/2023,32330,32460,32040,32295,24195
07/12/2023,32290,32390,31745,32035,38884
07/13/2023,32040,32805,31930,32730,33193
07/14/2023,32710,32865,32195,32320,33553
07/17/2023,32345,32450,32090,32340,28196
07/18/2023,32330,32800,32310,32740,32522
07/19/2023,32725,33055,32645,32880,30630
07/20/2023,32855,32875,32235,32330,31198
07/21/2023,32295,32755,32055,32670,29514
07/24/2023,32645,32820,32485,32715,20483
07/25/2023,32740,32755,32490,32595,15188
07/26/2023,32625,32710,32390,32530,18161
07/27/2023,32525,33220,32420,32505,37035
07/28/2023,32585,33140,32000,33095,51208
07/31/2023,33075,33385,32985,33260,23995
08/01/2023,33300,33470,33150,33200,18566
08/02/2023,33185,33190,32250,32345,36492
08/03/2023,32275,32430,31660,31930,34257
08/04/2023,31900,32290,31865,31980,26899
08/07/2023,31965,32435,31790,32405,19962
08/08/2023,32400,32525,32085,32310,19636
08/09/2023,32325,32395,32050,32120,19034
08/10/2023,32170,32810,32010,32530,25370
08/11/2023,32495,32705,32425,32455,15444
08/14/2023,32460,32600,32015,32295,22304
08/15/2023,32280,32385,31880,31940,19133
08/16/2023,31900,31980,31625,31690,23597
08/17/2023,31650,31775,31290,31380,24930
08/18/2023,31335,31625,31225,31460,31612
08/21/2023,31495,31840,31385,31800,26431
08/22/2023,31800,32020,31675,31760,21730
08/23/2023,31760,32200,31695,31995,22394
08/24/2023,32170,32285,31665,31690,26800
08/25/2023,31690,31890,31545,31860,24786
08/28/2023,31870,32315,31855,32280,22359
08/29/2023,32295,32445,32145,32420,21848
08/30/2023,32450,32560,32190,32390,20582
08/31/2023,32400,32695,32350,32500,25991
09/01/2023,32535,32845,32465,32760,32762
09/05/2023,32870,33170,32785,33110,70815
09/06/2023,33085,33295,33010,33125,20728
09/07/2023,33140,33330,32795,32895,11838
09/08/2023,32690,32755,32255,32520,23046
09/11/2023,32485,32525,32170,32435,22926
09/12/2023,32445,32680,32265,32585,19096
09/13/2023,32565,32715,32400,32635,30128
09/14/2023,32640,33200,32620,33180,24295
09/15/2023,33200,33440,33025,33055,25797
09/18/2023,33075,33140,32935,33065,15649
09/19/2023,33050,33175,32915,33055,18831
09/20/2023,33045,33090,32760,32795,17875
09/21/2023,32755,32765,32005,32030,33065
09/22/2023,32015,32420,31940,32265,35252
09/25/2023,32275,32530,32170,32465,26200
09/26/2023,32480,32490,31840,31870,28259
09/27/2023,31920,32260,31740,32100,32743
09/28/2023,32060,32160,31660,31990,43716
09/29/2023,31975,32125,31710,31825,42301
10/02/2023,31945,32405,31480,31610,42477
10/03/2023,31600,31660,30660,30750,51779
10/04/2023,30715,30830,30265,30710,55358
10/05/2023,30705,31195,30555,31030,36487
10/06/2023,31015,31390,30860,31330,41008
10/09/2023,31230,31330,30930,31255,27519
10/10/2023,31255,31970,31255,31820,35351
10/11/2023,31800,32085,31760,31990,27104
10/12/2023,32010,32660,32010,32270,44816
10/13/2023,32265,32520,31850,31885,38885
10/16/2023,31890,32055,31555,31960,33519
10/17/2023,31985,32255,31815,32110,34728
10/18/2023,32110,32130,31585,31640,27731
10/19/2023,31645,31730,31245,31315,44848
10/20/2023,31245,31425,31000,31060,39938
10/23/2023,31020,31195,30725,30975,34114
10/24/2023,31055,31295,30545,31255,37119
10/25/2023,31280,31460,30935,30980,33712
10/26/2023,30945,30945,30460,30585,42764
10/27/2023,30580,31090,30525,30610,33789
10/30/2023,30665,30855,30380,30600,42235
10/31/2023,30565,31390,30540,31355,44850
11/01/2023,31340,31910,31290,31855,41979
11/02/2023,31895,32350,31820,32310,34793
11/03/2023,32310,32825,32220,32735,23752
11/06/2023,32750,32785,32470,32600,34499
11/07/2023,32590,32635,32205,32480,29856
11/08/2023,32480,32565,32045,32330,31340
11/09/2023,32330,32870,32200,32515,51643
11/10/2023,32515,32925,32250,32885,36858
11/13/2023,32845,32995,32500,32780,24681
11/14/2023,32785,33245,32670,33210,31130
11/15/2023,33210,33600,33200,33385,32462
11/16/2023,33380,33620,33205,33405,27628
11/17/2023,33385,33610,33260,33530,22349
11/20/2023,33490,33865,33190,33380,27629
11/21/2023,33430,33470,33135,33200,19537
11/22/2023,33175,33770,33105,33770,22189
11/24/2023,33760,33830,33590,33740,18980
11/27/2023,33745,33815,33395,33525,21366
11/28/2023,33525,33570,33220,33290,21575
11/29/2023,33315,33520,33180,33275,25672
11/30/2023,33295,33585,33160,33540,26039
12/01/2023,33505,33575,33255,33470,23808
12/04/2023,33455,33490,32900,33050,39985
12/05/2023,33055,33080,32690,32905,56194
12/06/2023,32950,33465,32875,33160,25079
12/07/2023,33170,33190,32185,32445,15119
12/08/2023,32340,32545,32125,32520,39665
12/11/2023,32510,33050,32460,33045,25289
12/12/2023,33015,33130,32690,32865,19973
12/13/2023,32905,33015,32620,32840,21779
12/14/2023,32820,33090,32420,32605,36250
12/15/2023,32615,33040,32605,32630,27160
12/18/2023,32635,32790,32465,32720,17077
12/19/2023,32705,33615,32570,33330,36725
12/20/2023,33375,33750,32980,33050,28418
12/21/2023,33145,33275,33000,33250,18497
12/22/2023,33205,33350,33030,33270,13865
12/26/2023,33240,33490,33105,33430,7671
12/27/2023,33475,33685,33370,33450,13757
12/28/2023,33445,33540,33260,33425,15482
12/29/2023,33435,33615,33175,33265,15665
01/02/2024,33265,33410,32940,33010,18476
01/03/2024,33085,33335,33030,33065,23881
01/04/2024,33065,33495,32665,33285,25911
01/05/2024,33340,33605,33235,33410,25466
01/08/2024,33445,33915,33240,33890,17589
01/09/2024,33845,33970,33580,33885,21808
01/10/2024,33875,34940,33835,34865,38111
01/11/2024,34905,35790,34825,35205,45433
01/12/2024,35220,35710,35160,35545,31052
01/16/2024,35535,36190,35490,35855,44126
01/17/2024,35880,36235,35280,35500,34076
01/18/2024,35480,36075,35340,36070,28929
01/19/2024,36085,36335,35765,36300,28057
01/22/2024,36300,36725,36285,36650,22049
01/23/2024,36670,36975,36025,36475,30172
01/24/2024,36510,36555,36080,36245,24773
01/25/2024,36165,36300,35880,36040,22196
01/26/2024,36020,36080,35665,35915,25148
01/29/2024,35855,36175,35775,36125,19578
01/30/2024,36160,36260,35725,35930,19928
01/31/2024,35725,36380,35655,35875,39560
02/01/2024,35985,36290,35720,36120,32145
02/02/2024,36215,36430,36020,36410,33835
02/05/2024,36420,36520,36115,36335,27694
02/06/2024,36350,36365,35815,35970,31066
02/07/2024,35970,36385,35825,36280,31033
02/08/2024,36345,37130,36295,37095,42811
02/09/2024,37110,37270,36860,37155,28038
02/12/2024,37095,37585,37055,37470,17997
02/13/2024,37420,38390,37390,37685,47358
02/14/2024,37730,38120,37570,38100,33455
02/15/2024,38135,38645,37920,38575,27152
02/16/2024,38635,38850,38220,38300,39885
02/20/2024,38265,38730,38100,38295,44374
02/21/2024,38250,38805,38080,38410,25553
02/22/2024,38785,39480,38640,39455,44010
02/23/2024,39480,39625,39260,39470,20561
02/26/2024,39475,39510,39165,39340,20636
02/27/2024,39330,39410,39095,39290,19549
02/28/2024,39315,39345,38975,39045,18734
02/29/2024,39030,39350,38885,39300,32997
03/01/2024,39345,40295,39285,40220,37265
03/04/2024,40170,40355,40010,40105,27657
03/05/2024,40090,40230,39675,39800,53464
03/06/2024,39810,40570,39760,40330,25426
03/07/2024,40320,40480,39170,39765,15024
03/08/2024,39535,39765,38745,38785,45709
03/11/2024,38800,38830,38085,38180,34081
03/12/2024,38205,38900,38060,38880,38536
03/13/2024,38845,38975,38235,38375,33014
03/14/2024,38335,38670,38080,38290,32218
03/15/2024,38305,38750,38240,38625,31045
03/18/2024,38725,39585,38670,39415,30252
03/19/2024,39435,39890,39180,39835,36965
03/20/2024,39880,40395,39840,40335,26510
03/21/2024,40345,40915,40230,40800,26290
03/22/2024,40765,40875,40440,40555,24438
03/25/2024,40535,40630,39970,40130,20198
03/26/2024,40180,40480,40075,40270,16935
03/27/2024,40270,40765,40235,40465,24765
03/28/2024,40520,40555,40080,40360,17817
04/01/2024,40545,40755,39695,39985,24928
04/02/2024,39950,40185,39445,39670,23382
04/03/2024,39645,40080,39245,40030,29039
04/04/2024,40010,40285,39075,39120,28688
04/05/2024,39110,39395,38775,39335,30351
04/08/2024,39355,39655,39225,39450,20160
04/09/2024,39470,39815,39295,39600,21962
04/10/2024,39700,39740,39030,39220,30140
04/11/2024,39155,39705,39015,39635,25177
04/12/2024,39700,39965,38790,38865,32283
04/15/2024,38900,39510,38635,38705,32060
04/16/2024,38660,38770,38300,38465,31535
04/17/2024,38510,38665,37630,37780,38750
04/18/2024,37720,38240,37660,37790,28701
04/19/2024,37750,37790,36715,37100,45485
04/22/2024,37175,37855,37065,37725,30037
04/23/2024,37745,37960,37425,37915,22031
04/24/2024,37945,38470,37920,38185,25993
04/25/2024,37995,38040,37130,37665,35206
04/26/2024,37875,38410,37565,38365,34961
04/29/2024,38400,38750,38180,38325,29429
04/30/2024,38350,38625,38095,38165,29786
05/01/2024,38070,38500,37745,37965,32110
05/02/2024,37935,38365,37740,37875,31667
05/03/2024,37955,38380,37805,38360,22515
05/06/2024,38380,38905,38375,38880,15663
05/07/2024,38880,38945,38545,38715,23291
05/08/2024,38700,38765,38155,38425,24836
05/09/2024,38385,38465,37980,38435,22348
05/10/2024,38450,38760,38115,38195,22681
05/13/2024,38275,38285,37965,38185,16003
05/14/2024,38185,38610,38080,38590,15186
05/15/2024,38595,38835,38270,38705,23665
05/16/2024,38715,38975,38515,38560,20178
05/17/2024,38535,38860,38535,38745,16039
05/20/2024,38695,39475,38695,39295,25933
05/21/2024,39245,39360,38760,38860,19299
05/22/2024,38895,38970,38460,38635,20707
05/23/2024,38820,39190,38425,38560,29082
05/24/2024,38525,38880,38365,38800,17529
05/28/2024,38825,39000,38670,38960,22873
05/29/2024,38920,39165,38165,38315,23020
05/30/2024,38185,38335,37610,38230,28872
05/31/2024,38080,38745,37970,38635,27339
06/03/2024,38725,39045,38430,38650,26342
06/04/2024,38675,38890,38290,38425,32644
06/05/2024,38455,38985,38340,38965,28416
06/06/2024,38975,39080,38540,38635,22539
06/07/2024,38665,38910,38545,38650,25872
06/10/2024,38595,39240,38565,39185,33791
06/11/2024,39180,39340,38805,38905,40291
06/12/2024,38930,39285,38800,39170,29169
06/13/2024,39210,39300,38390,38585,11161
06/14/2024,38595,39020,38280,38495,31313
06/17/2024,38510,38570,37920,38410,25172
06/18/2024,38400,38620,38305,38610,17904
06/20/2024,38575,38775,38230,38545,34766
06/21/2024,38585,38770,38350,38475,22625
06/24/2024,38495,38965,38375,38710,31123
06/25/2024,38740,39340,38710,39290,27783
06/26/2024,39330,39780,39210,39415,28903
06/27/2024,39475,39675,39195,39570,21801
06/28/2024,39590,39960,39485,39790,28756
07/01/2024,39785,39970,39445,39530,26712
07/02/2024,39520,40270,39460,40260,31059
07/03/2024,40235,40730,40170,40660,22837
07/05/2024,40720,41130,40610,41035,37964
07/08/2024,41050,41120,40790,40910,20239
07/09/2024,40960,41785,40935,41515,25782
07/10/2024,41515,42500,41435,42470,26193
07/11/2024,42495,42505,41490,41560,51791
07/12/2024,41635,41810,40995,41210,34692
07/15/2024,41300,41405,41025,41090,18745
07/16/2024,41195,41565,41110,41545,25114
07/17/2024,41530,41600,40135,40240,40149
07/18/2024,40260,40420,39865,40055,36568
07/19/2024,39980,40215,39570,39660,30867
07/22/2024,39685,39970,39455,39950,22986
07/23/2024,39880,39955,39425,39500,20593
07/24/2024,39415,39635,38095,38115,35694
07/25/2024,38165,38305,37335,37770,53578
07/26/2024,37765,38265,37595,38235,32404
07/29/2024,38255,38715,38170,38330,29560
07/30/2024,38260,38725,37880,38105,33010
07/31/2024,38045,39270,37950,38655,44434
08/01/2024,38725,38875,36420,36845,43996
08/02/2024,36700,36745,34355,34950,63806
08/05/2024,34835,34835,30370,33190,97599
08/06/2024,33385,34910,32830,33605,63599
08/07/2024,33300,35840,33225,34370,58885
08/08/2024,34345,35755,33700,35575,41555
08/09/2024,35730,35915,34420,35275,28115
08/12/2024,35280,35860,35185,35545,15729
08/13/2024,35530,36465,35425,36415,23880
08/14/2024,36420,36670,35840,36275,25660
08/15/2024,36285,37705,36225,37625,21320
08/16/2024,37690,38125,37285,37650,22752
08/19/2024,37645,38105,37145,37820,19220
08/20/2024,37895,38270,37470,37535,17664
08/21/2024,37595,38235,37475,37885,21867
08/22/2024,38055,38640,37865,38050,25899
08/23/2024,38170,38670,38025,38330,22878
08/26/2024,38300,38345,37800,38035,22011
08/27/2024,37970,38540,37850,38270,18948
08/28/2024,38300,38580,37900,38140,20394
08/29/2024,38050,38830,37870,38285,24566
08/30/2024,38400,39070,38320,38990,21179
09/03/2024,39050,39180,37440,37595,42199
09/04/2024,37630,37745,36520,36725,37718
09/05/2024,36580,37115,36195,37010,31252
09/06/2024,37000,37045,35120,35255,43309
09/09/2024,35290,36510,35125,36215,36544
09/10/2024,36295,36545,35610,36140,39409
09/11/2024,36080,36630,35255,36595,33071
09/12/2024,36595,37070,36380,36970,8180
09/13/2024,36690,36830,36050,36220,20299
09/16/2024,36165,36490,35980,36435,12079
09/17/2024,36440,36545,35570,36410,19578
09/18/2024,36435,36490,35895,36370,21370
09/19/2024,36420,37705,36410,37530,21985
09/20/2024,37565,38180,37425,37975,19730
09/23/2024,37985,38425,37895,38115,13580
09/24/2024,38080,38270,37475,37670,21760
09/25/2024,37660,38115,37590,37980,15253
09/26/2024,38115,39395,38100,39280,28228
09/27/2024,39375,39970,37290,37450,58643
09/30/2024,37445,38460,37355,38115,27246
10/01/2024,38220,38800,37610,38030,31824
10/02/2024,38080,38740,37675,38665,28649
10/03/2024,38710,39025,38335,38625,19752
10/04/2024,38570,39650,38435,39625,22235
10/07/2024,39635,39855,38755,38915,23984
10/08/2024,38945,39515,38695,39375,15842
10/09/2024,39425,39705,39125,39665,12136
10/10/2024,39685,39730,38900,39370,18243
10/11/2024,39420,39950,39385,39855,12461
10/14/2024,39860,40160,39565,40095,8324
10/15/2024,40145,40300,38850,38955,24369
10/16/2024,39000,39515,38900,39450,16638
10/17/2024,39450,39475,38785,39205,16271
10/18/2024,39210,39310,38925,39170,12486
10/21/2024,39125,39265,38740,39025,14650
10/22/2024,39110,39135,38200,38390,17237
10/23/2024,38300,38535,37645,37850,20148
10/24/2024,37865,38355,37730,38090,18292
10/25/2024,38145,38380,37740,38095,13931
10/28/2024,37375,38765,37220,38605,23727
10/29/2024,38630,39290,38440,39170,17471
10/30/2024,39215,39730,39025,39295,20723
10/31/2024,39300,39300,38125,38350,28778
11/01/2024,38335,38785,37950,38575,23830
11/04/2024,38485,38655,38250,38375,10475
11/05/2024,38475,39105,38170,38970,14059
11/06/2024,38975,40180,38695,40035,35913
11/07/2024,40085,40110,39040,39690,23444
11/08/2024,39700,39940,38960,39135,19339
11/11/2024,39150,39820,39105,39635,15904
11/12/2024,39630,39875,39000,39260,22316
11/13/2024,39265,39395,38495,38970,25344
11/14/2024,38915,39100,38505,38970,18960
11/15/2024,38925,39130,37775,38015,24845
11/18/2024,38025,38575,37955,38340,19801
11/19/2024,38345,38580,37710,38275,23275
11/20/2024,38325,38545,37850,38280,16836
11/21/2024,38345,38375,37700,38230,20896
11/22/2024,38260,38645,38045,38595,18766
11/25/2024,38615,39075,38600,38795,16828
11/26/2024,38880,38895,38030,38330,20346
11/27/2024,38345,38440,37645,37810,16024
11/29/2024,37805,38490,37805,38300,30550
12/02/2024,38285,38715,37955,38615,21953
12/03/2024,38700,39430,38595,39240,28700
12/04/2024,39240,39775,39040,39625,18896
12/05/2024,39670,39740,39260,39340,15989
12/06/2024,39330,39470,38945,39335,22915
12/09/2024,39320,39530,38980,39320,33270
12/10/2024,39200,39505,39140,39320,26624
12/11/2024,39340,40160,39140,40065,22455
12/12/2024,40000,40095,39560,39660,4869
12/13/2024,39640,39770,39240,39570,18101
12/16/2024,39610,39720,39370,39625,11742
12/17/2024,39665,39780,39215,39255,17803
12/18/2024,39255,39450,38255,38460,23003
12/19/2024,38490,39360,38205,39020,26600
12/20/2024,39030,39170,38340,38885,27006
12/23/2024,38890,39330,38840,39305,16268
12/24/2024,39340,39340,38995,39260,7572
12/26/2024,39250,39730,39110,39700,10140
12/27/2024,39690,40450,39585,40130,23075
12/30/2024,40165,40355,39270,39435,22277
12/31/2024,39485,39520,39185,39390,8562
01/02/2025,39395,39685,39185,39375,17711
01/03/2025,39445,39630,39230,39595,13165
01/06/2025,39610,40000,39235,39675,24160
01/07/2025,39740,40310,39630,39735,22137
01/08/2025,39775,40120,39715,39935,19641
01/09/2025,39910,39930,39390,39545,12038
01/10/2025,39545,39580,38635,38780,30729
01/13/2025,38805,38875,38135,38705,20750
01/14/2025,38740,39065,38315,38725,26312
01/15/2025,38730,38840,38235,38755,24577
01/16/2025,38725,38945,38265,38335,21030
01/17/2025,38360,38925,38065,38795,21277
01/21/2025,38750,39345,38630,39275,35710
01/22/2025,39355,39950,39315,39805,17311
01/23/2025,39830,40040,39675,39920,18262
01/24/2025,39860,40615,39815,40480,32277
01/27/2025,40395,40395,38655,39060,46880
01/28/2025,39130,39430,38885,39410,22100
01/29/2025,39405,39620,39120,39270,21818
01/30/2025,39405,39710,39220,39585,21459
01/31/2025,39610,39825,39290,39355,22741
02/03/2025,38935,39270,38375,38895,45494
02/04/2025,39185,39305,38580,39110,22589
02/05/2025,38985,39115,38565,38955,20855
02/06/2025,38930,39190,38830,38970,23180
02/07/2025,38945,39010,38330,38375,25823
02/10/2025,38260,38970,38230,38925,17032
02/11/2025,38860,39085,38760,39070,11968
02/12/2025,39020,39230,38755,39165,20999
02/13/2025,39195,39595,39115,39480,18977
02/14/2025,39445,39575,38990,39100,16239
02/18/2025,39130,39495,38985,39300,20718
02/19/2025,39340,39340,38755,38985,17010
02/20/2025,38970,38975,38390,38555,20449
02/21/2025,38520,38865,38050,38130,23922
02/24/2025,38175,38380,37875,38020,30917
02/25/2025,38055,38470,37675,37955,28030
02/26/2025,38040,38470,37730,38055,27221
02/27/2025,38125,38400,37560,37585,28276
02/28/2025,37720,37805,36845,37590,37985
03/03/2025,37640,38265,37095,37310,38083
03/04/2025,37325,37555,36265,36955,44365
03/05/2025,37235,37830,37095,37695,36356
03/06/2025,37625,37885,36840,36895,34634
03/07/2025,36990,37325,36465,37270,36696
03/10/2025,37260,37270,36175,36475,51966
03/11/2025,36365,36925,35975,36525,46345
03/12/2025,36555,37220,36535,37105,29187
03/13/2025,36945,37340,36600,36700,4554
03/14/2025,36540,37370,36275,37360,22254
03/17/2025,37275,37775,37120,37690,18304
03/18/2025,37700,37755,37390,37535,17888
03/19/2025,37525,37875,37300,37625,18916
03/20/2025,37635,37695,37160,37435,15710
03/21/2025,37430,37720,37095,37355,16340
03/24/2025,37435,37740,37315,37735,17251
03/25/2025,37710,37865,37430,37820,14557
03/26/2025,37815,37965,37405,37460,15759
03/27/2025,37395,37585,37250,37395,18041
03/28/2025,37425,37515,36305,36380,23530
03/31/2025,36255,36285,35475,36045,30384
04/01/2025,36045,36080,35130,35745,29768
04/02/2025,35715,36490,34815,35990,28988
04/03/2025,34745,34875,33400,33895,46344
04/04/2025,33670,34345,31975,32245,62808
04/07/2025,31710,33705,30365,32225,99563
04/08/2025,32555,33930,31820,32245,66875
04/09/2025,32145,35145,31115,34860,94492
04/10/2025,35030,35225,32480,33400,50639
04/11/2025,33420,33740,32645,33650,40114
04/14/2025,34125,34505,33815,34295,25177
04/15/2025,34300,34635,34175,34490,18179
04/16/2025,34375,34470,33600,33835,23052
04/17/2025,33895,34735,33780,34465,22493
04/21/2025,34515,34630,33860,34155,15856
04/22/2025,34095,34960,33990,34845,21967
04/23/2025,35200,35510,34700,35355,31531
04/24/2025,35310,35660,34790,35570,21583
04/25/2025,35590,36070,35435,36000,23601
04/28/2025,35950,36100,35710,35925,18388
04/29/2025,35850,36225,35845,36085,16041
04/30/2025,36030,36315,35630,36165,22543
05/01/2025,36270,37070,36065,36845,23860
05/02/2025,36745,37235,36645,37215,25290
05/05/2025,37170,37345,36910,37155,10782
05/06/2025,37135,37200,36630,36750,19516
05/07/2025,36700,37160,36590,36960,20535
05/08/2025,36865,37685,36700,37470,21059
05/09/2025,37480,37685,37285,37470,20611
05/12/2025,37835,38790,37445,38760,30217
05/13/2025,38735,38765,38025,38370,24741
05/14/2025,38330,38395,37595,37720,20664
05/15/2025,37615,37875,37590,37755,17124
05/16/2025,37790,38005,37490,37995,14192
05/19/2025,37745,37805,37245,37605,17501
05/20/2025,37540,37935,37400,37620,18594
05/21/2025,37605,37675,36825,36920,20187
05/22/2025,36850,37210,36705,37040,18515
05/23/2025,37130,37385,36460,36855,23284
05/27/2025,36875,38390,36850,38350,27013
05/28/2025,38290,38330,37660,37870,18680
05/29/2025,37905,38465,37715,37915,26516
05/30/2025,37905,38115,37395,37705,18406
06/02/2025,37630,37840,37275,37805,14449
06/03/2025,37760,37790,37365,37760,13031
06/04/2025,37710,37870,37485,37580,14758
06/05/2025,37520,37730,37310,37485,20126
06/06/2025,37405,38155,37405,37990,20866
06/09/2025,38005,38330,37895,38225,19586
06/10/2025,38245,38500,38125,38375,27461
06/11/2025,38395,38760,38290,38335,18795
06/12/2025,38365,38395,37975,38205,5652
06/13/2025,38180,38180,37470,37910,25379
06/16/2025,37810,38605,37780,38510,18849
06/17/2025,38600,38620,38195,38230,15214
06/18/2025,38175,38950,38125,38640,19955
06/20/2025,38675,38835,38225,38300,28523
06/23/2025,38070,38620,37915,38590,17024
06/24/2025,38580,38965,38580,38765,18709
06/25/2025,38765,39135,38680,38925,15147
06/26/2025,38950,39810,38935,39745,18894
06/27/2025,39820,40645,39820,40545,22834
06/30/2025,40575,40870,40225,40295,18688
07/01/2025,40265,40350,39575,39660,22681
07/02/2025,39550,39950,39435,39715,18993
07/03/2025,39735,40125,39660,40120,16868
07/07/2025,40135,40140,39350,39460,32308
07/08/2025,39420,40050,39345,39985,17819
07/09/2025,39920,39990,39570,39925,13689
07/10/2025,39925,39955,39540,39705,12649
07/11/2025,39710,39960,39270,39505,17451
07/14/2025,39355,39600,39195,39515,12878
07/15/2025,39515,39815,39375,39615,13313
07/16/2025,39640,39915,39120,39565,23141
07/17/2025,39565,40110,39350,40045,14394
07/18/2025,40040,40130,39625,39700,14379
07/21/2025,39620,39970,39615,39790,10341
07/22/2025,39800,40270,39450,39610,19931
07/23/2025,39620,41745,39620,41640,46362
07/24/2025,41700,42080,41535,41605,20916
07/25/2025,41670,41745,41250,41370,18162
07/28/2025,41465,41685,40680,40795,17643
07/29/2025,40810,40955,40565,40640,16637
07/30/2025,40695,40780,40490,40640,13604
07/31/2025,40710,41285,40580,40765,24212
08/01/2025,40770,41010,39735,40000,32642
08/04/2025,39895,40640,39745,40585,18932
08/05/2025,40640,40680,40340,40530,14273
08/06/2025,40570,40905,40420,40855,14597
08/07/2025,40780,41340,40575,41090,18508
08/08/2025,41170,42390,41145,42280,25266
08/11/2025,42280,42490,42185,42295,10920
08/12/2025,42250,43370,42190,43275,23399
08/13/2025,43285,43480,43020,43145,17015
08/14/2025,43145,43200,42520,42845,15490
08/15/2025,42805,43495,42730,43445,14520
08/18/2025,43430,43930,43380,43805,16059
08/19/2025,43790,43880,43315,43390,15309
08/20/2025,43375,43465,42550,42835,20264
08/21/2025,42870,42920,42510,42650,13579
08/22/2025,42665,43105,42320,42965,16803
08/25/2025,42965,43195,42515,42540,0
08/26/2025,42555,42695,42115,42505,14516
08/27/2025,42505,42610,42255,42565,10073
08/28/2025,42475,43045,42285,42920,14341
08/29/2025,42950,42950,42025,42080,16751
09/02/2025,42205,42485,41700,42085,30492
09/03/2025,42160,42295,41870,42110,12997
09/04/2025,42110,42915,42025,42880,15458
09/05/2025,42900,43235,42585,42890,21700
09/08/2025,43100,44035,43100,43970,27823
09/09/2025,43975,44190,43075,43495,29126
09/10/2025,43605,44015,43450,43900,21921
09/11/2025,43870,44820,43865,44750,4947
09/12/2025,44555,44690,44320,44425,14817
09/15/2025,44460,44725,44380,44635,9631
09/16/2025,44670,44825,44380,44505,15022
09/17/2025,44540,44800,44345,44575,13494
09/18/2025,44670,45710,44575,45595,17765
09/19/2025,45595,45670,44240,45005,22011
