Date,Adj Close,Close,High,Low,Open,Volume
,TLT,TLT,TLT,TLT,TLT,TLT
2002-07-30,36.38763427734375,81.5199966430664,81.9000015258789,81.5199966430664,81.75,6100
2002-07-31,36.83849334716797,82.52999877929688,82.80000305175781,81.9000015258789,81.94999694824219,29400
2002-08-01,37.04827117919922,83.0,83.0199966430664,82.54000091552734,82.54000091552734,25000
2002-08-02,37.42768096923828,83.8499984741211,84.0999984741211,82.87999725341797,83.16000366210938,52800
2002-08-05,37.592838287353516,84.22000122070312,84.44000244140625,83.8499984741211,84.04000091552734,61100
2002-08-06,37.27143859863281,83.5,83.9000015258789,83.22000122070312,83.87000274658203,64900
2002-08-07,37.36070251464844,83.69999694824219,84.13999938964844,83.36000061035156,83.5999984741211,40300
2002-08-08,37.36070251464844,83.69999694824219,83.7699966430664,83.36000061035156,83.58000183105469,40900
2002-08-09,37.88740921020508,84.87999725341797,84.87999725341797,84.0,84.0,35900
2002-08-12,38.11954116821289,85.4000015258789,86.69999694824219,85.13999938964844,85.30000305175781,32100
2002-08-13,38.5882568359375,86.44999694824219,86.47000122070312,85.37000274658203,85.77999877929688,75400
2002-08-14,38.73551940917969,86.77999877929688,87.9000015258789,86.75,87.45999908447266,130000
2002-08-15,38.39628601074219,86.0199966430664,86.5,85.8499984741211,86.37999725341797,87100
2002-08-16,37.9677734375,85.05999755859375,86.5199966430664,84.81999969482422,86.44000244140625,85000
2002-08-19,38.0838623046875,85.31999969482422,85.33999633789062,84.70999908447266,85.05000305175781,47300
2002-08-20,38.50786209106445,86.2699966430664,86.29000091552734,85.5999984741211,85.62000274658203,40800
2002-08-21,38.30256271362305,85.80999755859375,86.0999984741211,85.62999725341797,85.68000030517578,40000
2002-08-22,37.9677734375,85.05999755859375,85.55000305175781,85.05999755859375,85.55000305175781,34400
2002-08-23,38.342742919921875,85.9000015258789,85.94999694824219,85.19999694824219,85.19999694824219,20100
2002-08-26,38.3784294128418,85.9800033569336,86.20999908447266,85.66999816894531,85.69999694824219,23900
2002-08-27,38.13739776611328,85.44000244140625,85.68000030517578,85.19999694824219,85.4000015258789,301800
2002-08-28,38.3293342590332,85.87000274658203,86.18000030517578,85.83999633789062,86.04000091552734,18100
2002-08-29,38.63736343383789,86.55999755859375,86.86000061035156,86.3499984741211,86.76000213623047,135700
2002-08-30,38.86943817138672,87.08000183105469,87.12999725341797,86.44999694824219,86.75,78100
2002-09-03,39.467010498046875,88.04000091552734,88.04000091552734,87.0,87.08000183105469,102100
2002-09-04,39.45803451538086,88.0199966430664,88.30000305175781,87.83999633789062,88.02999877929688,66300
2002-09-05,39.673213958740234,88.5,88.6500015258789,87.37999725341797,88.56999969482422,648400
2002-09-06,39.20695877075195,87.45999908447266,88.19000244140625,87.19999694824219,87.97000122070312,140000
2002-09-09,39.14870834350586,87.33000183105469,87.83000183105469,87.26000213623047,87.5,83800
2002-09-10,39.337005615234375,87.75,88.0,87.0,87.16999816894531,336000
2002-09-11,39.13081359863281,87.29000091552734,87.30000305175781,86.75,87.0,177700
2002-09-12,39.43558120727539,87.97000122070312,88.13999938964844,87.47000122070312,87.4800033569336,43400
2002-09-13,39.79875183105469,88.77999877929688,88.94000244140625,88.18000030517578,88.33000183105469,155100
2002-09-16,39.8659553527832,88.93000030517578,89.22000122070312,88.9000015258789,89.19999694824219,73000
2002-09-17,39.94221115112305,89.0999984741211,89.31999969482422,88.36000061035156,88.63999938964844,75400
2002-09-18,39.95115661621094,89.12000274658203,89.55999755859375,89.0199966430664,89.16000366210938,196600
2002-09-19,40.220115661621094,89.72000122070312,89.7699966430664,89.26000213623047,89.69999694824219,109900
2002-09-20,40.03181838989258,89.30000305175781,89.5199966430664,89.05999755859375,89.44999694824219,113500
2002-09-23,40.390445709228516,90.0999984741211,90.23999786376953,89.7699966430664,90.0,163200
2002-09-24,40.65046310424805,90.68000030517578,90.94000244140625,90.20999908447266,90.30000305175781,251900
2002-09-25,40.15735626220703,89.58000183105469,90.36000061035156,89.26000213623047,90.0999984741211,127200
2002-09-26,40.06322479248047,89.37000274658203,89.52999877929688,88.61000061035156,89.05000305175781,429000
2002-09-27,40.36357116699219,90.04000091552734,90.04000091552734,89.4800033569336,89.52999877929688,298200
2002-09-30,40.52494430541992,90.4000015258789,90.9000015258789,90.08000183105469,90.66000366210938,297800
2002-10-01,40.022300720214844,88.94000244140625,89.30000305175781,88.80000305175781,89.16000366210938,257500
2002-10-02,40.25182342529297,89.44999694824219,89.4800033569336,88.83999633789062,89.23999786376953,91000
2002-10-03,40.15278244018555,89.2300033569336,89.51000213623047,88.80000305175781,89.30000305175781,29900
2002-10-04,40.27880859375,89.51000213623047,89.72000122070312,88.4000015258789,88.4000015258789,131000
2002-10-07,40.34627151489258,89.66000366210938,89.95999908447266,89.45999908447266,89.9000015258789,433800
2002-10-08,40.35978698730469,89.69000244140625,90.5199966430664,89.36000061035156,89.5,530900
2002-10-09,40.566837310791016,90.1500015258789,90.37999725341797,89.94999694824219,90.30000305175781,402900
2002-10-10,40.247283935546875,89.44000244140625,90.16999816894531,89.27999877929688,90.16999816894531,97100
2002-10-11,39.770320892333984,88.37999725341797,89.22000122070312,88.05999755859375,89.0999984741211,421800
2002-10-14,39.711830139160156,88.25,88.55000305175781,88.06999969482422,88.5,18300
2002-10-15,38.77133560180664,86.16000366210938,87.30000305175781,86.1500015258789,87.0,297100
2002-10-16,38.789337158203125,86.19999694824219,86.5999984741211,85.88999938964844,86.5999984741211,125200
2002-10-17,38.316864013671875,85.1500015258789,85.55999755859375,85.06999969482422,85.13999938964844,233400
2002-10-18,38.415855407714844,85.37000274658203,85.38999938964844,84.27999877929688,85.0199966430664,459100
2002-10-21,38.042327880859375,84.54000091552734,85.5999984741211,84.5,85.5,134900
2002-10-22,37.934349060058594,84.30000305175781,84.8499984741211,84.22000122070312,84.8499984741211,205000
2002-10-23,37.94784164428711,84.33000183105469,85.19999694824219,84.18000030517578,84.75,127800
2002-10-24,38.28083419799805,85.06999969482422,85.25,84.08000183105469,84.16000366210938,339600
2002-10-25,38.42033004760742,85.37999725341797,85.55999755859375,85.1500015258789,85.3499984741211,146100
2002-10-28,38.36635971069336,85.26000213623047,85.63999938964844,85.19999694824219,85.55999755859375,97800
2002-10-29,38.8658332824707,86.37000274658203,86.88999938964844,85.7699966430664,85.81999969482422,125000
2002-10-30,38.852325439453125,86.33999633789062,86.68000030517578,86.06999969482422,86.37000274658203,31900
2002-10-31,39.027828216552734,86.7300033569336,86.86000061035156,86.0199966430664,86.05000305175781,512700
2002-11-01,38.864654541015625,85.9800033569336,86.93000030517578,85.25,86.30000305175781,125100
2002-11-04,38.69285583496094,85.5999984741211,85.75,85.25,85.4800033569336,342500
2002-11-05,38.54372787475586,85.2699966430664,85.5999984741211,85.08999633789062,85.5999984741211,73800
2002-11-06,38.69739532470703,85.61000061035156,86.12999725341797,84.91000366210938,85.05000305175781,118500
2002-11-07,39.655696868896484,87.7300033569336,87.7300033569336,86.8499984741211,87.05000305175781,147900
2002-11-08,39.97660827636719,88.44000244140625,88.6500015258789,87.94999694824219,88.4000015258789,294700
2002-11-11,40.193572998046875,88.91999816894531,88.91999816894531,88.4000015258789,88.55000305175781,70000
2002-11-12,39.963096618652344,88.41000366210938,89.1500015258789,88.37000274658203,89.1500015258789,494300
2002-11-13,40.04895782470703,88.5999984741211,88.69000244140625,87.95999908447266,88.44999694824219,104700
2002-11-14,39.21723175048828,86.76000213623047,87.6500015258789,86.76000213623047,87.6500015258789,118000
2002-11-15,39.37543869018555,87.11000061035156,87.2300033569336,86.26000213623047,86.54000091552734,110700
2002-11-18,39.55171203613281,87.5,87.62999725341797,86.95999908447266,87.0199966430664,32200
2002-11-19,39.69635009765625,87.81999969482422,88.2300033569336,87.51000213623047,87.94999694824219,51800
2002-11-20,39.30763626098633,86.95999908447266,88.22000122070312,86.80999755859375,88.19999694824219,307400
2002-11-21,38.927940368652344,86.12000274658203,86.5,85.86000061035156,86.5,323200
2002-11-22,38.891780853271484,86.04000091552734,86.38999938964844,85.87999725341797,86.33000183105469,184800
2002-11-25,38.819435119628906,85.87999725341797,86.37999725341797,85.80000305175781,86.0,288200
2002-11-26,39.30763626098633,86.95999908447266,87.0199966430664,86.1500015258789,86.19999694824219,377800
2002-11-27,38.421653747558594,85.0,86.33000183105469,84.95999908447266,86.25,325600
2002-11-29,38.670284271240234,85.55000305175781,85.62999725341797,85.13999938964844,85.16000366210938,31700
2002-12-02,38.7061767578125,85.23999786376953,85.4000015258789,84.1500015258789,84.36000061035156,284900
2002-12-03,38.76066207885742,85.36000061035156,85.69999694824219,85.12000274658203,85.69999694824219,113800
2002-12-04,38.96048355102539,85.80000305175781,86.0,85.55000305175781,85.9000015258789,129000
2002-12-05,39.06036376953125,86.0199966430664,86.27999877929688,85.26000213623047,85.27999877929688,206400
2002-12-06,39.12847900390625,86.16999816894531,87.08999633789062,85.76000213623047,87.0,440500
2002-12-09,39.346439361572266,86.6500015258789,86.8499984741211,86.16999816894531,86.19999694824219,400300
2002-12-10,39.45085906982422,86.87999725341797,86.93000030517578,86.5,86.61000061035156,151600
2002-12-11,39.714229583740234,87.45999908447266,87.6500015258789,86.95999908447266,87.1500015258789,163800
2002-12-12,39.67790222167969,87.37999725341797,87.5999984741211,87.05999755859375,87.05999755859375,135800
2002-12-13,39.29190444946289,86.52999877929688,87.16000366210938,86.52999877929688,87.13999938964844,425800
2002-12-16,38.99678039550781,85.87999725341797,86.9000015258789,85.83999633789062,86.9000015258789,115700
2002-12-17,38.99678039550781,85.87999725341797,86.3499984741211,85.68000030517578,86.30000305175781,290600
2002-12-18,39.301002502441406,86.55000305175781,86.69000244140625,86.25,86.4800033569336,191000
2002-12-19,39.65066146850586,87.31999969482422,87.48999786376953,86.6500015258789,86.80000305175781,134400
2002-12-20,39.67790222167969,87.37999725341797,87.55999755859375,87.1500015258789,87.2300033569336,41900
2002-12-23,39.68698501586914,87.4000015258789,87.4000015258789,86.25,87.36000061035156,74200
2002-12-24,39.909481048583984,87.88999938964844,88.08000183105469,87.83999633789062,88.0,46600
2002-12-26,39.98667907714844,88.05999755859375,88.05999755859375,87.7300033569336,87.9000015258789,13500
2002-12-27,40.427146911621094,89.02999877929688,89.02999877929688,88.27999877929688,88.55000305175781,140200
2002-12-30,40.522491455078125,89.23999786376953,89.23999786376953,88.62999725341797,88.9000015258789,274900
2002-12-31,40.42026901245117,88.56999969482422,89.33000183105469,88.31999969482422,88.94999694824219,109400
2003-01-02,39.37517547607422,86.27999877929688,87.9000015258789,86.20999908447266,87.69999694824219,192100
2003-01-03,39.466468811035156,86.4800033569336,86.54000091552734,85.83000183105469,86.1500015258789,311200
2003-01-06,39.36151123046875,86.25,86.29000091552734,85.80999755859375,86.16999816894531,35600
2003-01-07,39.50300598144531,86.55999755859375,86.75,86.16999816894531,86.19000244140625,69800
2003-01-08,39.69918441772461,86.98999786376953,87.13999938964844,86.77999877929688,86.87999725341797,160100
2003-01-09,38.93708038330078,85.31999969482422,86.16999816894531,85.0199966430664,86.16999816894531,237500
2003-01-10,39.03746032714844,85.54000091552734,85.91999816894531,85.12000274658203,85.91999816894531,145200
2003-01-13,39.10136795043945,85.68000030517578,85.87000274658203,85.4000015258789,85.54000091552734,53300
2003-01-14,39.238285064697266,85.9800033569336,86.27999877929688,85.95999908447266,86.0,98900
2003-01-15,39.42995834350586,86.4000015258789,86.69999694824219,86.19999694824219,86.27999877929688,129600
2003-01-16,39.48471450805664,86.5199966430664,86.5999984741211,85.62000274658203,86.37999725341797,57900
2003-01-17,39.680946350097656,86.94999694824219,87.23999786376953,86.93000030517578,87.0999984741211,97700
2003-01-21,39.90912628173828,87.44999694824219,87.44999694824219,86.80000305175781,86.87999725341797,107500
2003-01-22,40.10537338256836,87.87999725341797,87.9000015258789,87.5199966430664,87.68000030517578,107100
2003-01-23,39.90912628173828,87.44999694824219,87.69999694824219,87.30000305175781,87.31999969482422,110700
2003-01-24,40.14644241333008,87.97000122070312,88.44000244140625,87.73999786376953,87.73999786376953,285300
2003-01-27,40.00038528442383,87.6500015258789,88.04000091552734,87.5,87.9000015258789,150500
2003-01-28,40.00038528442383,87.6500015258789,87.77999877929688,87.0999984741211,87.6500015258789,454700
2003-01-29,39.78134536743164,87.16999816894531,87.87999725341797,86.9800033569336,87.83000183105469,221400
2003-01-30,40.07797622680664,87.81999969482422,87.9000015258789,87.0999984741211,87.19999694824219,108600
2003-01-31,40.18750762939453,88.05999755859375,88.20999908447266,87.54000091552734,87.9000015258789,182300
2003-02-03,40.24613571166992,87.87999725341797,87.91000366210938,87.30999755859375,87.66999816894531,55200
2003-02-04,40.424739837646484,88.2699966430664,88.4000015258789,88.11000061035156,88.37000274658203,56900
2003-02-05,40.076663970947266,87.51000213623047,88.69999694824219,87.43000030517578,88.2300033569336,223300
2003-02-06,40.401851654052734,88.22000122070312,88.26000213623047,87.79000091552734,87.83999633789062,120900
2003-02-07,40.49343490600586,88.41999816894531,88.5199966430664,87.62999725341797,87.7699966430664,247200
2003-02-10,40.209510803222656,87.80000305175781,88.4000015258789,87.69000244140625,88.12000274658203,76600
2003-02-11,40.200355529785156,87.77999877929688,87.91000366210938,87.43000030517578,87.5999984741211,259100
2003-02-12,40.34230041503906,88.08999633789062,88.12999725341797,87.66999816894531,87.80000305175781,121300
2003-02-13,40.5621452331543,88.56999969482422,89.18000030517578,88.16999816894531,88.2699966430664,440200
2003-02-14,40.214046478271484,87.80999755859375,88.37000274658203,87.61000061035156,88.30000305175781,829700
2003-02-18,40.26446533203125,87.91999816894531,87.9800033569336,87.33999633789062,87.55999755859375,213200
2003-02-19,40.53921890258789,88.5199966430664,88.69999694824219,88.25,88.38999938964844,62100
2003-02-20,40.6766242980957,88.81999969482422,88.9000015258789,88.33999633789062,88.33999633789062,486700
2003-02-21,40.4384651184082,88.30000305175781,88.72000122070312,88.20999908447266,88.55999755859375,250400
2003-02-24,40.630821228027344,88.72000122070312,88.9000015258789,88.62000274658203,88.87999725341797,168200
2003-02-25,40.81859588623047,89.12999725341797,89.6500015258789,89.0,89.4000015258789,358500
2003-02-26,41.10254669189453,89.75,89.75,89.1500015258789,89.37999725341797,334000
2003-02-27,41.17122268676758,89.9000015258789,89.98999786376953,89.30999755859375,89.45999908447266,695700
2003-02-28,41.43230056762695,90.47000122070312,90.54000091552734,89.58000183105469,89.68000030517578,213100
2003-03-03,41.48284149169922,90.23999786376953,90.44999694824219,89.91000366210938,90.0,204100
2003-03-04,41.51043701171875,90.30000305175781,90.44999694824219,90.0199966430664,90.12999725341797,83100
2003-03-05,41.648311614990234,90.5999984741211,90.62999725341797,90.04000091552734,90.62000274658203,126000
2003-03-06,41.48746871948242,90.25,90.68000030517578,90.05999755859375,90.55000305175781,166000
2003-03-07,41.62997055053711,90.55999755859375,90.79000091552734,90.05000305175781,90.72000122070312,263800
2003-03-10,41.846012115478516,91.02999877929688,91.02999877929688,90.68000030517578,90.80999755859375,147200
2003-03-11,41.77242660522461,90.87000274658203,91.16000366210938,90.7300033569336,90.98999786376953,82800
2003-03-12,41.92413330078125,91.19999694824219,91.36000061035156,90.87999725341797,90.91999816894531,454800
2003-03-13,41.15182876586914,89.5199966430664,90.38999938964844,89.5199966430664,90.1500015258789,830200
2003-03-14,41.3541145324707,89.95999908447266,90.12000274658203,89.62000274658203,89.9000015258789,590900
2003-03-17,40.8576545715332,88.87999725341797,90.5199966430664,88.86000061035156,90.5199966430664,724400
2003-03-18,40.47148513793945,88.04000091552734,89.19999694824219,88.01000213623047,88.95999908447266,415200
2003-03-19,40.172691345214844,87.38999938964844,88.06999969482422,87.33000183105469,88.04000091552734,398400
2003-03-20,40.10835647583008,87.25,87.94999694824219,86.76000213623047,87.81999969482422,206700
2003-03-21,39.55670928955078,86.05000305175781,87.05000305175781,86.05000305175781,86.91999816894531,843400
2003-03-24,40.18190383911133,87.41000366210938,87.5999984741211,86.8499984741211,87.0999984741211,373800
2003-03-25,40.13594436645508,87.30999755859375,87.81999969482422,86.9000015258789,87.6500015258789,606400
2003-03-26,40.21866989135742,87.48999786376953,87.6500015258789,87.25,87.25,309500
2003-03-27,40.24628829956055,87.55000305175781,87.87000274658203,87.33000183105469,87.75,191600
2003-03-28,40.33821487426758,87.75,88.08000183105469,87.72000122070312,87.91999816894531,253400
2003-03-31,40.86684799194336,88.9000015258789,88.93000030517578,88.30000305175781,88.30000305175781,643800
2003-04-01,40.75048065185547,88.2699966430664,88.79000091552734,87.9000015258789,88.4000015258789,289800
2003-04-02,40.325767517089844,87.3499984741211,87.69999694824219,87.27999877929688,87.6500015258789,312200
2003-04-03,40.302696228027344,87.30000305175781,87.58000183105469,87.13999938964844,87.25,245600
2003-04-04,40.187278747558594,87.05000305175781,87.30000305175781,86.87999725341797,87.05999755859375,184900
2003-04-07,40.09492492675781,86.8499984741211,86.86000061035156,85.91999816894531,86.22000122070312,485400
2003-04-08,40.41814041137695,87.55000305175781,87.58999633789062,86.98999786376953,87.05000305175781,194700
2003-04-09,40.538150787353516,87.80999755859375,87.86000061035156,87.16999816894531,87.4000015258789,102400
2003-04-10,40.348854064941406,87.4000015258789,87.8499984741211,87.3499984741211,87.75,53300
2003-04-11,40.284244537353516,87.26000213623047,87.31999969482422,86.58999633789062,86.81999969482422,450000
2003-04-14,40.17344665527344,87.0199966430664,87.11000061035156,86.70999908447266,87.0999984741211,207100
2003-04-15,40.3903923034668,87.48999786376953,87.52999877929688,87.04000091552734,87.33000183105469,128500
2003-04-16,40.55659866333008,87.8499984741211,87.9000015258789,87.47000122070312,87.52999877929688,97700
2003-04-17,40.62123489379883,87.98999786376953,88.4000015258789,87.80000305175781,88.23999786376953,106200
2003-04-21,40.533512115478516,87.80000305175781,87.83000183105469,87.26000213623047,87.4800033569336,148000
2003-04-22,40.51046371459961,87.75,88.26000213623047,87.62000274658203,88.1500015258789,299900
2003-04-23,40.593536376953125,87.93000030517578,88.01000213623047,87.5999984741211,87.77999877929688,42700
2003-04-24,40.95826721191406,88.72000122070312,88.98999786376953,88.4000015258789,88.4000015258789,199000
2003-04-25,41.050575256347656,88.91999816894531,89.0999984741211,88.68000030517578,88.75,529700
2003-04-28,40.98594665527344,88.77999877929688,89.08999633789062,88.77999877929688,89.08999633789062,80500
2003-04-29,40.91672134399414,88.62999725341797,88.7699966430664,88.31999969482422,88.52999877929688,177500
2003-04-30,41.295265197753906,89.44999694824219,89.5199966430664,88.7300033569336,88.79000091552734,293400
2003-05-01,41.315242767333984,89.0199966430664,89.5999984741211,88.80000305175781,89.19999694824219,231200
2003-05-02,40.990352630615234,88.31999969482422,89.06999969482422,88.2699966430664,89.05999755859375,231500
2003-05-05,41.20847702026367,88.79000091552734,88.87000274658203,88.19999694824219,88.30999755859375,77700
2003-05-06,41.41267395019531,89.2300033569336,89.4000015258789,88.5199966430664,88.83999633789062,260600
2003-05-07,41.89537811279297,90.2699966430664,90.33000183105469,89.81999969482422,90.0,306900
2003-05-08,41.99745559692383,90.48999786376953,90.9000015258789,90.27999877929688,90.5999984741211,437400
2003-05-09,42.03923034667969,90.58000183105469,90.62000274658203,90.19999694824219,90.30000305175781,110000
2003-05-12,42.30378723144531,91.1500015258789,91.19000244140625,90.7300033569336,91.13999938964844,364700
2003-05-13,42.39661407470703,91.3499984741211,91.37000274658203,90.83000183105469,90.9000015258789,227800
2003-05-14,43.04633712768555,92.75,92.9800033569336,91.62000274658203,91.83000183105469,1426500
2003-05-15,43.18096160888672,93.04000091552734,93.56999969482422,92.5999984741211,92.5999984741211,810300
2003-05-16,43.496551513671875,93.72000122070312,93.76000213623047,92.94999694824219,93.4800033569336,703900
2003-05-19,43.34803771972656,93.4000015258789,94.23999786376953,93.12999725341797,94.11000061035156,817800
2003-05-20,43.988487243652344,94.77999877929688,94.77999877929688,93.12000274658203,93.1500015258789,606600
2003-05-21,43.98388671875,94.7699966430664,95.66000366210938,94.12000274658203,94.25,1799600
2003-05-22,44.37370300292969,95.61000061035156,95.69999694824219,94.9000015258789,95.0999984741211,576200
2003-05-23,44.485107421875,95.8499984741211,96.20999908447266,95.63999938964844,95.7699966430664,690600
2003-05-27,43.68218994140625,94.12000274658203,95.70999908447266,94.12000274658203,95.62000274658203,846400
2003-05-28,43.60794448852539,93.95999908447266,94.13999938964844,93.30999755859375,93.9000015258789,730500
2003-05-29,43.988487243652344,94.77999877929688,94.80000305175781,94.06999969482422,94.30000305175781,508300
2003-05-30,43.90497970581055,94.5999984741211,94.73999786376953,93.97000122070312,94.44999694824219,722200
2003-06-02,43.582435607910156,93.51000213623047,93.87999725341797,93.08999633789062,93.87999725341797,478600
2003-06-03,43.931983947753906,94.26000213623047,94.58000183105469,93.70999908447266,93.76000213623047,389400
2003-06-04,44.06248474121094,94.54000091552734,94.70999908447266,94.05000305175781,94.45999908447266,394100
2003-06-05,43.7176513671875,93.80000305175781,95.37999725341797,93.80000305175781,95.19999694824219,820900
2003-06-06,43.876068115234375,94.13999938964844,94.1500015258789,93.37999725341797,93.69999694824219,276800
2003-06-09,44.16972732543945,94.7699966430664,94.87999725341797,94.2699966430664,94.69999694824219,282200
2003-06-10,44.696327209472656,95.9000015258789,95.93000030517578,95.06999969482422,95.08000183105469,534800
2003-06-11,44.640438079833984,95.77999877929688,96.5999984741211,95.69999694824219,96.25,633600
2003-06-12,44.99000549316406,96.52999877929688,96.7300033569336,96.01000213623047,96.11000061035156,315400
2003-06-13,45.29294967651367,97.18000030517578,97.27999877929688,96.76000213623047,96.93000030517578,478400
2003-06-16,44.864192962646484,96.26000213623047,97.66000366210938,96.26000213623047,97.5,789300
2003-06-17,44.50994873046875,95.5,96.02999877929688,95.4000015258789,95.97000122070312,691600
2003-06-18,43.94129943847656,94.27999877929688,95.05999755859375,94.19999694824219,95.05999755859375,657600
2003-06-19,43.85741424560547,94.0999984741211,94.4800033569336,93.5,93.95999908447266,817700
2003-06-20,43.694297790527344,93.75,94.05000305175781,93.02999877929688,93.9000015258789,561700
2003-06-23,43.95531463623047,94.30999755859375,94.43000030517578,93.52999877929688,93.81999969482422,819900
2003-06-24,44.36077117919922,95.18000030517578,95.18000030517578,94.01000213623047,94.1500015258789,292900
2003-06-25,43.6523551940918,93.66000366210938,95.48999786376953,93.44999694824219,95.41999816894531,1002800
2003-06-26,43.06510925292969,92.4000015258789,93.25,92.12000274658203,93.25,1423800
2003-06-27,42.911293029785156,92.06999969482422,92.55000305175781,91.55000305175781,92.55000305175781,735900
2003-06-30,43.1116943359375,92.5,92.5199966430664,91.68000030517578,91.91999816894531,541900
2003-07-01,42.89790344238281,91.69000244140625,92.48999786376953,91.51000213623047,92.1500015258789,449000
2003-07-02,43.00551223754883,91.91999816894531,92.06999969482422,91.11000061035156,91.19999694824219,338800
2003-07-03,42.3879280090332,90.5999984741211,91.70999908447266,90.5999984741211,91.69999694824219,559100
2003-07-07,42.11659240722656,90.0199966430664,90.58999633789062,90.0199966430664,90.27999877929688,465400
2003-07-08,42.153987884521484,90.0999984741211,90.4800033569336,89.62999725341797,90.43000030517578,389600
2003-07-09,42.28968048095703,90.38999938964844,90.69000244140625,90.11000061035156,90.52999877929688,270400
2003-07-10,42.27566146850586,90.36000061035156,90.75,90.12000274658203,90.69000244140625,718000
2003-07-11,42.47684097290039,90.79000091552734,90.79000091552734,90.20999908447266,90.30000305175781,389500
2003-07-14,41.990230560302734,89.75,90.87000274658203,89.62999725341797,90.68000030517578,465900
2003-07-15,41.007728576660156,87.6500015258789,89.86000061035156,87.4000015258789,89.54000091552734,3171100
2003-07-16,41.24167251586914,88.1500015258789,88.72000122070312,87.1500015258789,87.41000366210938,1205400
2003-07-17,41.11532974243164,87.87999725341797,88.04000091552734,87.18000030517578,87.33000183105469,1030600
2003-07-18,41.03118896484375,87.69999694824219,87.95999908447266,87.44000244140625,87.6500015258789,550800
2003-07-21,40.16092300415039,85.83999633789062,87.5999984741211,85.6500015258789,87.5,1267600
2003-07-22,40.3574333190918,86.26000213623047,86.36000061035156,85.44000244140625,85.97000122070312,1576900
2003-07-23,40.49312973022461,86.55000305175781,87.05000305175781,86.4000015258789,86.80000305175781,1374700
2003-07-24,40.13755416870117,85.79000091552734,86.08000183105469,85.55000305175781,85.9000015258789,701100
2003-07-25,40.029937744140625,85.55999755859375,86.62000274658203,85.4000015258789,85.9800033569336,1273500
2003-07-28,39.49189376831055,84.41000366210938,85.29000091552734,84.4000015258789,85.23999786376953,1268500
2003-07-29,38.95384216308594,83.26000213623047,85.3499984741211,83.26000213623047,84.18000030517578,2139300
2003-07-30,39.393653869628906,84.19999694824219,84.72000122070312,83.56999969482422,83.73999786376953,1963400
2003-07-31,38.808837890625,82.94999694824219,83.70999908447266,82.2300033569336,83.69000244140625,4706400
2003-08-01,38.779701232910156,82.51000213623047,82.79000091552734,81.9800033569336,82.0999984741211,3061200
2003-08-04,39.11337661743164,83.22000122070312,83.22000122070312,82.3499984741211,82.4800033569336,1858700
2003-08-05,38.5540771484375,82.02999877929688,83.29000091552734,81.80000305175781,83.20999908447266,2413000
2003-08-06,39.31547927856445,83.6500015258789,83.7699966430664,82.37000274658203,82.5,2549700
2003-08-07,39.479976654052734,84.0,84.05000305175781,83.13999938964844,83.80000305175781,1796400
2003-08-08,39.320167541503906,83.66000366210938,84.79000091552734,83.6500015258789,84.33999633789062,2399100
2003-08-11,39.12277603149414,83.23999786376953,83.56999969482422,82.91000366210938,83.55000305175781,1355000
2003-08-12,38.939491271972656,82.8499984741211,83.6500015258789,82.80000305175781,83.41999816894531,1534200
2003-08-13,38.187477111816406,81.25,82.3499984741211,81.19000244140625,82.19999694824219,2258100
2003-08-14,38.56349182128906,82.05000305175781,82.0999984741211,80.91000366210938,81.44000244140625,1612300
2003-08-15,38.53996658325195,82.0,82.5,81.9000015258789,82.19999694824219,515100
2003-08-18,38.71855545043945,82.37999725341797,82.5999984741211,82.01000213623047,82.30000305175781,655300
2003-08-19,39.31547927856445,83.6500015258789,83.6500015258789,82.5,82.55000305175781,1086500
2003-08-20,39.10399627685547,83.19999694824219,83.87000274658203,82.73999786376953,83.83000183105469,503600
2003-08-21,39.009944915771484,83.0,83.44999694824219,82.41999816894531,83.05999755859375,783600
2003-08-22,39.18387985229492,83.37000274658203,83.8499984741211,82.9000015258789,82.94999694824219,413200
2003-08-25,38.8784065246582,82.72000122070312,83.54000091552734,82.25,83.31999969482422,648200
2003-08-26,39.18387985229492,83.37000274658203,83.37000274658203,82.31999969482422,82.44999694824219,837200
2003-08-27,39.005271911621094,82.98999786376953,83.2699966430664,82.61000061035156,83.2699966430664,409100
2003-08-28,39.40946960449219,83.8499984741211,83.9800033569336,83.2300033569336,83.2300033569336,557200
2003-08-29,39.31547927856445,83.6500015258789,83.98999786376953,83.37999725341797,83.94000244140625,651100
2003-09-02,38.74047088623047,82.05999755859375,83.6500015258789,82.04000091552734,83.62999725341797,868700
2003-09-03,38.80183029174805,82.19000244140625,82.4800033569336,81.87999725341797,82.4800033569336,639900
2003-09-04,39.01901626586914,82.6500015258789,82.70999908447266,82.16000366210938,82.48999786376953,562900
2003-09-05,39.689369201660156,84.06999969482422,84.08999633789062,83.16999816894531,83.4000015258789,838000
2003-09-08,39.27866744995117,83.19999694824219,84.44999694824219,83.19999694824219,83.62999725341797,621100
2003-09-09,39.561920166015625,83.80000305175781,83.94000244140625,82.91999816894531,83.5199966430664,599900
2003-09-10,39.96320724487305,84.6500015258789,84.69999694824219,83.81999969482422,83.9000015258789,1285900
2003-09-11,39.70355987548828,84.0999984741211,84.37999725341797,83.80000305175781,84.26000213623047,859500
2003-09-12,39.97734069824219,84.68000030517578,85.37999725341797,84.44999694824219,85.0199966430664,1375300
2003-09-15,39.91598892211914,84.55000305175781,84.88999938964844,84.11000061035156,84.5,367100
2003-09-16,39.854618072509766,84.41999816894531,84.5,83.9000015258789,84.37000274658203,655200
2003-09-17,40.350345611572266,85.47000122070312,85.55999755859375,84.4800033569336,84.72000122070312,1223900
2003-09-18,40.378639221191406,85.52999877929688,85.6500015258789,84.83000183105469,85.6500015258789,615000
2003-09-19,40.425880432128906,85.62999725341797,86.02999877929688,85.48999786376953,85.6500015258789,869300
2003-09-22,40.1048469543457,84.94999694824219,85.18000030517578,84.2300033569336,85.0,1126400
2003-09-23,40.378639221191406,85.52999877929688,85.54000091552734,84.63999938964844,84.87999725341797,632100
2003-09-24,40.72801971435547,86.2699966430664,86.48999786376953,85.33999633789062,85.54000091552734,1005300
2003-09-25,40.93099594116211,86.69999694824219,86.72000122070312,86.1500015258789,86.30000305175781,846800
2003-09-26,41.29924011230469,87.4800033569336,87.48999786376953,86.81999969482422,86.94000244140625,1869700
2003-09-29,40.968753814697266,86.77999877929688,87.44999694824219,86.66000366210938,87.0199966430664,743000
2003-09-30,41.64860534667969,88.22000122070312,88.25,86.95999908447266,87.0,1623900
2003-10-01,41.490745544433594,87.5199966430664,87.93000030517578,87.3499984741211,87.5,931900
2003-10-02,41.30110168457031,87.12000274658203,87.44999694824219,86.4000015258789,86.83999633789062,1194100
2003-10-03,40.43355178833008,85.29000091552734,86.19999694824219,85.0999984741211,86.05000305175781,1451200
2003-10-06,40.60891342163086,85.66000366210938,85.79000091552734,85.08000183105469,85.12000274658203,507200
2003-10-07,40.13965606689453,84.66999816894531,85.56999969482422,84.62999725341797,85.44999694824219,594200
2003-10-08,40.130149841308594,84.6500015258789,84.9800033569336,84.3499984741211,84.44999694824219,811800
2003-10-09,39.845703125,84.05000305175781,84.12999725341797,83.6500015258789,83.91999816894531,1385600
2003-10-10,40.08274841308594,84.55000305175781,84.7300033569336,84.30000305175781,84.5,256600
2003-10-13,39.92629623413086,84.22000122070312,84.5,84.22000122070312,84.3499984741211,116300
2003-10-14,39.65132141113281,83.63999938964844,84.0999984741211,83.55000305175781,83.75,337100
2003-10-15,39.45694351196289,83.2300033569336,83.30000305175781,82.8499984741211,83.16000366210938,465600
2003-10-16,39.30051803588867,82.9000015258789,83.7699966430664,82.75,83.4800033569336,564900
2003-10-17,39.60390853881836,83.54000091552734,83.69000244140625,83.01000213623047,83.08000183105469,354500
2003-10-20,39.73665237426758,83.81999969482422,84.1500015258789,83.41999816894531,83.44999694824219,281600
2003-10-21,39.883636474609375,84.12999725341797,84.37999725341797,83.8499984741211,84.02999877929688,429700
2003-10-22,40.272377014160156,84.94999694824219,85.0,84.4000015258789,84.5999984741211,798000
2003-10-23,39.97842025756836,84.33000183105469,85.0,84.0199966430664,85.0,1055600
2003-10-24,40.42403793334961,85.2699966430664,85.5999984741211,84.66000366210938,85.0,1412200
2003-10-27,40.343482971191406,85.0999984741211,85.33000183105469,84.80000305175781,85.1500015258789,346900
2003-10-28,40.55680465698242,85.55000305175781,85.69000244140625,84.56999969482422,84.8499984741211,2200300
2003-10-29,40.191776275634766,84.77999877929688,85.3499984741211,84.61000061035156,85.27999877929688,926600
2003-10-30,40.0115852355957,84.4000015258789,84.55000305175781,83.80000305175781,84.0,936300
2003-10-31,40.38615036010742,85.19000244140625,85.22000122070312,83.73999786376953,84.7300033569336,887400
2003-11-03,40.194786071777344,84.44000244140625,84.58000183105469,84.04000091552734,84.55999755859375,957700
2003-11-04,40.42327117919922,84.91999816894531,84.97000122070312,84.58999633789062,84.6500015258789,246500
2003-11-05,40.14717483520508,84.33999633789062,84.81999969482422,84.26000213623047,84.81999969482422,275100
2003-11-06,39.771141052246094,83.55000305175781,83.91999816894531,83.5,83.7699966430664,861600
2003-11-07,39.747291564941406,83.5,83.58999633789062,83.05000305175781,83.12000274658203,725700
2003-11-10,39.71399688720703,83.43000030517578,83.83999633789062,83.19999694824219,83.5999984741211,553900
2003-11-11,39.718780517578125,83.44000244140625,83.5,83.36000061035156,83.44999694824219,99900
2003-11-12,40.00917053222656,84.05000305175781,84.1500015258789,83.79000091552734,83.86000061035156,321400
2003-11-13,40.6279411315918,85.3499984741211,85.37000274658203,84.54000091552734,84.5999984741211,920400
2003-11-14,40.89927291870117,85.91999816894531,85.95999908447266,85.19999694824219,85.30000305175781,484800
2003-11-17,40.96117401123047,86.05000305175781,86.58999633789062,85.94999694824219,86.13999938964844,695000
2003-11-18,41.21345520019531,86.58000183105469,86.61000061035156,85.77999877929688,85.97000122070312,632200
2003-11-19,40.7564582824707,85.62000274658203,86.62000274658203,85.55999755859375,86.41999816894531,553900
2003-11-20,41.15153884887695,86.44999694824219,86.48999786376953,85.80000305175781,86.25,373300
2003-11-21,41.17539978027344,86.5,86.93000030517578,86.5,86.58000183105469,516900
2003-11-24,40.83742141723633,85.79000091552734,86.30999755859375,85.75,86.18000030517578,573800
2003-11-25,41.06116485595703,86.26000213623047,86.5199966430664,85.94999694824219,85.94999694824219,298700
2003-11-26,40.894535064697266,85.91000366210938,86.4000015258789,85.33000183105469,86.0999984741211,613800
2003-11-28,40.52322769165039,85.12999725341797,85.4000015258789,85.12999725341797,85.3499984741211,311300
2003-12-01,40.29745864868164,84.23999786376953,84.56999969482422,83.80000305175781,84.4000015258789,1106600
2003-12-02,40.46964645385742,84.5999984741211,84.5999984741211,84.0,84.4000015258789,589100
2003-12-03,40.3069953918457,84.26000213623047,84.77999877929688,83.94999694824219,84.51000213623047,1446100
2003-12-04,40.397891998291016,84.44999694824219,84.66999816894531,84.19000244140625,84.26000213623047,561500
2003-12-05,41.043701171875,85.80000305175781,86.2300033569336,85.12000274658203,85.30000305175781,1163800
2003-12-08,40.756675720214844,85.19999694824219,85.77999877929688,85.08999633789062,85.77999877929688,436200
2003-12-09,40.46964645385742,84.5999984741211,85.69999694824219,84.36000061035156,85.44999694824219,939200
2003-12-10,40.5366325378418,84.73999786376953,85.0999984741211,84.55000305175781,85.06999969482422,555700
2003-12-11,40.82842254638672,85.3499984741211,85.37999725341797,84.37000274658203,84.51000213623047,510500
2003-12-12,40.90497970581055,85.51000213623047,85.87999725341797,85.41999816894531,85.41999816894531,553100
2003-12-15,40.88105010986328,85.45999908447266,85.87999725341797,85.18000030517578,85.5,690000
2003-12-16,41.0150146484375,85.73999786376953,85.86000061035156,85.2699966430664,85.4000015258789,462800
2003-12-17,41.292449951171875,86.31999969482422,86.6500015258789,86.19999694824219,86.2300033569336,533100
2003-12-18,41.665565490722656,87.0999984741211,87.0999984741211,86.30000305175781,86.30000305175781,708100
2003-12-19,41.65121078491211,87.06999969482422,87.06999969482422,86.61000061035156,86.97000122070312,477600
2003-12-22,41.53641891479492,86.83000183105469,87.33999633789062,86.6500015258789,87.12000274658203,483700
2003-12-23,41.067604064941406,85.8499984741211,86.69999694824219,85.8499984741211,86.52999877929688,446600
2003-12-24,41.45509338378906,86.66000366210938,86.66000366210938,86.16999816894531,86.37000274658203,138900
2003-12-26,41.60818099975586,86.9800033569336,87.04000091552734,86.9000015258789,86.9000015258789,80500
2003-12-29,41.23504638671875,86.19999694824219,86.7699966430664,86.16999816894531,86.69999694824219,187800
2003-12-30,41.067604064941406,85.8499984741211,86.13999938964844,85.5999984741211,85.80000305175781,393900
2003-12-31,41.0676155090332,85.44999694824219,85.56999969482422,85.30000305175781,85.37000274658203,171400
2004-01-02,40.58222198486328,84.44000244140625,85.08999633789062,84.08000183105469,85.08999633789062,867100
2004-01-05,40.47645568847656,84.22000122070312,84.37999725341797,83.9000015258789,84.01000213623047,626400
2004-01-06,40.92344665527344,85.1500015258789,85.38999938964844,84.5,84.54000091552734,690500
2004-01-07,41.086849212646484,85.48999786376953,85.69999694824219,84.88999938964844,85.0999984741211,252000
2004-01-08,41.07242202758789,85.45999908447266,85.63999938964844,85.18000030517578,85.30000305175781,513300
2004-01-09,41.78852462768555,86.94999694824219,87.06999969482422,86.01000213623047,86.87999725341797,1623000
2004-01-12,41.75489044189453,86.87999725341797,87.37999725341797,86.5999984741211,86.5999984741211,863200
2004-01-13,42.038414001464844,87.47000122070312,87.47000122070312,86.55999755859375,86.68000030517578,465700
2004-01-14,42.24510192871094,87.9000015258789,87.91999816894531,87.1500015258789,87.48999786376953,1180300
2004-01-15,42.40370178222656,88.2300033569336,88.30999755859375,87.5999984741211,87.94999694824219,1537200
2004-01-16,42.10568618774414,87.61000061035156,88.80000305175781,87.61000061035156,88.68000030517578,751800
2004-01-20,42.09610366821289,87.58999633789062,87.93000030517578,87.5,87.5,629600
2004-01-21,42.19704055786133,87.80000305175781,87.80999755859375,87.44000244140625,87.75,570500
2004-01-22,42.50464630126953,88.44000244140625,88.4800033569336,87.70999908447266,87.94999694824219,443600
2004-01-23,41.99516677856445,87.37999725341797,88.9000015258789,87.26000213623047,88.55999755859375,1021300
2004-01-26,41.7404670715332,86.8499984741211,87.36000061035156,86.66999816894531,87.30000305175781,639500
2004-01-27,42.000003814697266,87.38999938964844,87.4000015258789,86.7300033569336,86.7300033569336,576100
2004-01-28,41.62993240356445,86.62000274658203,87.8499984741211,85.86000061035156,87.25,1823800
2004-01-29,41.54340744018555,86.44000244140625,86.58000183105469,86.0199966430664,86.22000122070312,814500
2004-01-30,41.831790924072266,87.04000091552734,87.22000122070312,86.5999984741211,86.9000015258789,526200
2004-02-02,41.74396896362305,86.5,86.87999725341797,86.37999725341797,86.44999694824219,335600
2004-02-03,41.95627975463867,86.94000244140625,86.98999786376953,86.5999984741211,86.91999816894531,350900
2004-02-04,41.87424087524414,86.7699966430664,86.86000061035156,86.4800033569336,86.79000091552734,645700
2004-02-05,41.710147857666016,86.43000030517578,87.08000183105469,86.23999786376953,86.83999633789062,971400
2004-02-06,42.168663024902344,87.37999725341797,87.44999694824219,87.02999877929688,87.13999938964844,798200
2004-02-09,42.294105529785156,87.63999938964844,87.63999938964844,87.38999938964844,87.55999755859375,272400
2004-02-10,42.057613372802734,87.1500015258789,87.55000305175781,87.04000091552734,87.4800033569336,203200
2004-02-11,42.371334075927734,87.80000305175781,88.19999694824219,86.91000366210938,87.0199966430664,1335100
2004-02-12,42.192745208740234,87.43000030517578,88.0,87.26000213623047,87.8499984741211,256700
2004-02-13,42.371334075927734,87.80000305175781,88.0999984741211,87.56999969482422,87.80000305175781,513600
2004-02-17,42.34235382080078,87.73999786376953,87.88999938964844,87.52999877929688,87.86000061035156,644100
2004-02-18,42.400264739990234,87.86000061035156,88.18000030517578,87.69000244140625,88.0999984741211,990900
2004-02-19,42.44371032714844,87.94999694824219,87.94999694824219,87.47000122070312,87.52999877929688,668900
2004-02-20,42.14936065673828,87.33999633789062,87.83000183105469,87.19999694824219,87.75,1009800
2004-02-23,42.409908294677734,87.87999725341797,87.87999725341797,87.31999969482422,87.38999938964844,504000
2004-02-24,42.487152099609375,88.04000091552734,88.38999938964844,87.86000061035156,88.05000305175781,940900
2004-02-25,42.55472946166992,88.18000030517578,88.36000061035156,88.02999877929688,88.22000122070312,572300
2004-02-26,42.41956329345703,87.9000015258789,87.95999908447266,87.54000091552734,87.8499984741211,399100
2004-02-27,42.78634262084961,88.66000366210938,88.77999877929688,87.95999908447266,88.22000122070312,836000
2004-03-01,42.769874572753906,88.2699966430664,88.63999938964844,88.04000091552734,88.45999908447266,771900
2004-03-02,42.49852752685547,87.70999908447266,88.19999694824219,87.4000015258789,88.12000274658203,676000
2004-03-03,42.420989990234375,87.55000305175781,87.63999938964844,87.11000061035156,87.38999938964844,718000
2004-03-04,42.609962463378906,87.94000244140625,87.94999694824219,87.33999633789062,87.4000015258789,421600
2004-03-05,43.43366241455078,89.63999938964844,90.0,89.5199966430664,89.7699966430664,2789800
2004-03-08,43.69047164916992,90.16999816894531,90.31999969482422,90.0,90.05999755859375,1309400
2004-03-09,43.9811897277832,90.7699966430664,90.8499984741211,90.19000244140625,90.25,829000
2004-03-10,43.95212173461914,90.70999908447266,90.93000030517578,90.4800033569336,90.5199966430664,878900
2004-03-11,44.01508712768555,90.83999633789062,91.05000305175781,90.1500015258789,91.05000305175781,1337100
2004-03-12,43.743770599365234,90.27999877929688,90.80999755859375,90.22000122070312,90.61000061035156,442100
2004-03-15,43.81644058227539,90.43000030517578,90.63999938964844,90.2300033569336,90.41999816894531,756200
2004-03-16,44.17985916137695,91.18000030517578,91.18000030517578,90.05000305175781,90.29000091552734,1374200
2004-03-17,44.107181549072266,91.02999877929688,91.4800033569336,90.9000015258789,91.47000122070312,1936500
2004-03-18,43.8746223449707,90.55000305175781,91.05999755859375,90.4000015258789,90.70999908447266,1842100
2004-03-19,43.81644058227539,90.43000030517578,90.5999984741211,90.20999908447266,90.47000122070312,366700
2004-03-22,44.08295440673828,90.9800033569336,90.9800033569336,90.58999633789062,90.58999633789062,947200
2004-03-23,44.16047668457031,91.13999938964844,91.13999938964844,90.75,90.88999938964844,562200
2004-03-24,44.136226654052734,91.08999633789062,91.2300033569336,90.91999816894531,91.16000366210938,327400
2004-03-25,43.96665954589844,90.73999786376953,90.94000244140625,90.6500015258789,90.72000122070312,514000
2004-03-26,43.501522064208984,89.77999877929688,90.5999984741211,89.5999984741211,90.4800033569336,1378600
2004-03-29,43.21078872680664,89.18000030517578,89.2300033569336,88.9000015258789,89.05000305175781,2454000
2004-03-30,43.18172836303711,89.12000274658203,89.43000030517578,89.06999969482422,89.30000305175781,1021000
2004-03-31,43.39007568359375,89.55000305175781,89.62999725341797,89.20999908447266,89.25,1647300
2004-04-01,43.24805450439453,88.91000366210938,89.05999755859375,88.55000305175781,88.9800033569336,1309200
2004-04-02,42.17789077758789,86.70999908447266,87.12999725341797,86.41000366210938,87.12999725341797,2603700
2004-04-05,41.84712219238281,86.02999877929688,86.38999938964844,85.91000366210938,86.31999969482422,1422700
2004-04-06,42.07573699951172,86.5,86.5,86.19999694824219,86.4000015258789,1695400
2004-04-07,41.97846984863281,86.30000305175781,86.80000305175781,86.25,86.30000305175781,659600
2004-04-08,41.85686111450195,86.05000305175781,86.41999816894531,85.9800033569336,86.16999816894531,893700
2004-04-12,41.70608901977539,85.73999786376953,85.87000274658203,85.5999984741211,85.80999755859375,311700
2004-04-13,41.25371170043945,84.80999755859375,85.11000061035156,84.7699966430664,84.93000030517578,1449500
2004-04-14,41.21962356567383,84.73999786376953,84.76000213623047,83.9800033569336,83.9800033569336,2529200
2004-04-15,40.976463317871094,84.23999786376953,84.80000305175781,84.18000030517578,84.66999816894531,1184800
2004-04-16,41.13206100463867,84.55999755859375,84.87000274658203,84.41000366210938,84.68000030517578,986900
2004-04-19,41.04454040527344,84.37999725341797,84.91000366210938,84.30000305175781,84.8499984741211,682100
2004-04-20,40.66997146606445,83.61000061035156,84.43000030517578,83.61000061035156,84.2699966430664,1618700
2004-04-21,40.86943817138672,84.0199966430664,84.31999969482422,83.72000122070312,83.72000122070312,763600
2004-04-22,41.11263656616211,84.5199966430664,84.58999633789062,84.13999938964844,84.25,1024300
2004-04-23,40.87915802001953,84.04000091552734,84.33999633789062,83.75,84.11000061035156,963200
2004-04-26,40.947265625,84.18000030517578,84.29000091552734,84.05999755859375,84.08999633789062,515800
2004-04-27,41.1029052734375,84.5,84.55000305175781,84.08000183105469,84.4000015258789,1033400
2004-04-28,40.71863555908203,83.70999908447266,84.43000030517578,83.61000061035156,84.30000305175781,1215700
2004-04-29,40.51919174194336,83.30000305175781,84.18000030517578,83.01000213623047,83.75,2504900
2004-04-30,40.68458557128906,83.63999938964844,83.80000305175781,83.2699966430664,83.43000030517578,831500
2004-05-03,40.735836029052734,83.41999816894531,83.56999969482422,83.0999984741211,83.0999984741211,668800
2004-05-04,40.457515716552734,82.8499984741211,83.9000015258789,82.69000244140625,83.62999725341797,3950900
2004-05-05,40.345184326171875,82.62000274658203,83.26000213623047,82.5,83.26000213623047,2236600
2004-05-06,40.237728118896484,82.4000015258789,82.6500015258789,82.37000274658203,82.55999755859375,3163200
2004-05-07,39.710365295410156,81.31999969482422,81.5,81.0999984741211,81.44999694824219,1756400
2004-05-10,39.61758804321289,81.12999725341797,81.61000061035156,81.11000061035156,81.4800033569336,958700
2004-05-11,39.79825210571289,81.5,81.5199966430664,81.11000061035156,81.11000061035156,766000
2004-05-12,39.534576416015625,80.95999908447266,81.44000244140625,80.94000244140625,81.4000015258789,1945700
2004-05-13,39.38319778442383,80.6500015258789,80.91999816894531,80.51000213623047,80.88999938964844,1187000
2004-05-14,39.70552444458008,81.30999755859375,81.38999938964844,80.7300033569336,81.04000091552734,4086400
2004-05-17,40.057090759277344,82.02999877929688,82.06999969482422,81.68000030517578,81.87000274658203,1735600
2004-05-18,39.900848388671875,81.70999908447266,81.91000366210938,81.56999969482422,81.69999694824219,674200
2004-05-19,39.76896286010742,81.44000244140625,81.44999694824219,81.1500015258789,81.4000015258789,319200
2004-05-20,40.07661437988281,82.06999969482422,82.0999984741211,81.62000274658203,81.73999786376953,1745900
2004-05-21,39.915435791015625,81.73999786376953,82.37999725341797,81.58999633789062,82.37000274658203,1461900
2004-05-24,40.042415618896484,82.0,82.08000183105469,81.68000030517578,81.93000030517578,314800
2004-05-25,40.15959930419922,82.23999786376953,82.31999969482422,82.01000213623047,82.02999877929688,645300
2004-05-26,40.374515533447266,82.68000030517578,82.7300033569336,82.31999969482422,82.4000015258789,505500
2004-05-27,40.69190979003906,83.33000183105469,83.4000015258789,82.83000183105469,83.02999877929688,1122800
2004-05-28,40.5795783996582,83.0999984741211,83.5,82.75,83.0199966430664,612700
2004-06-01,40.207950592041016,82.0199966430664,82.4000015258789,81.69999694824219,82.37000274658203,662000
2004-06-02,40.10506820678711,81.80999755859375,82.12999725341797,81.76000213623047,82.0199966430664,906600
2004-06-03,40.18838882446289,81.9800033569336,82.05000305175781,81.58999633789062,81.80000305175781,1173600
2004-06-04,39.95307540893555,81.5,82.12999725341797,81.44000244140625,82.04000091552734,568200
2004-06-07,39.9628791809082,81.5199966430664,81.58999633789062,81.22000122070312,81.41999816894531,377200
2004-06-08,40.03644561767578,81.66999816894531,81.68000030517578,81.08000183105469,81.19999694824219,1294200
2004-06-09,39.8648681640625,81.31999969482422,81.5199966430664,81.0,81.44999694824219,589400
2004-06-10,39.943275451660156,81.4800033569336,81.5999984741211,81.1500015258789,81.36000061035156,336200
2004-06-14,39.62462615966797,80.83000183105469,81.26000213623047,80.76000213623047,81.19999694824219,892200
2004-06-15,40.46294021606445,82.54000091552734,82.62000274658203,81.80999755859375,81.80999755859375,1567400
2004-06-16,40.30604934692383,82.22000122070312,82.33999633789062,81.98999786376953,82.05000305175781,494700
2004-06-17,40.57077407836914,82.76000213623047,82.7699966430664,81.97000122070312,82.08999633789062,552800
2004-06-18,40.482521057128906,82.58000183105469,82.8499984741211,82.37000274658203,82.76000213623047,394500
2004-06-21,40.51190948486328,82.63999938964844,82.75,82.48999786376953,82.62999725341797,731900
2004-06-22,40.38937759399414,82.38999938964844,82.58999633789062,82.36000061035156,82.43000030517578,362700
2004-06-23,40.46781921386719,82.55000305175781,82.68000030517578,82.18000030517578,82.29000091552734,302900
2004-06-24,40.71292495727539,83.05000305175781,83.33999633789062,82.9000015258789,83.26000213623047,1087900
2004-06-25,40.75210189819336,83.12999725341797,83.1500015258789,82.87000274658203,82.91999816894531,253200
2004-06-28,40.33546829223633,82.27999877929688,82.87000274658203,82.18000030517578,82.77999877929688,573100
2004-06-29,40.590362548828125,82.80000305175781,82.83999633789062,82.16999816894531,82.4000015258789,401500
2004-06-30,41.00706100463867,83.6500015258789,83.75,82.91000366210938,83.02999877929688,1730800
2004-07-01,41.08383560180664,83.47000122070312,83.55999755859375,82.93000030517578,83.3499984741211,1099300
2004-07-02,41.51699447631836,84.3499984741211,84.69000244140625,84.26000213623047,84.66000366210938,1293300
2004-07-06,41.44804763793945,84.20999908447266,84.58999633789062,84.13999938964844,84.56999969482422,351600
2004-07-07,41.46282958984375,84.23999786376953,84.41999816894531,84.12999725341797,84.19999694824219,303500
2004-07-08,41.48744201660156,84.29000091552734,84.54000091552734,84.2300033569336,84.30000305175781,715200
2004-07-09,41.53173065185547,84.37999725341797,84.41999816894531,84.08999633789062,84.25,2152900
2004-07-12,41.590824127197266,84.5,84.66000366210938,84.44000244140625,84.61000061035156,1297800
2004-07-13,41.46775436401367,84.25,84.2699966430664,83.94999694824219,84.19999694824219,307100
2004-07-14,41.48252487182617,84.27999877929688,84.37000274658203,84.1500015258789,84.31999969482422,241400
2004-07-15,41.52680206298828,84.37000274658203,84.37999725341797,84.16999816894531,84.29000091552734,562700
2004-07-16,42.07809066772461,85.48999786376953,85.5,84.8499984741211,84.8499984741211,2970600
2004-07-19,42.10757827758789,85.55000305175781,85.56999969482422,85.36000061035156,85.41000366210938,978300
2004-07-20,41.72861099243164,84.77999877929688,85.37999725341797,84.5999984741211,85.30999755859375,1091500
2004-07-21,41.61540603637695,84.55000305175781,84.55999755859375,84.19000244140625,84.41000366210938,662800
2004-07-22,41.67445755004883,84.66999816894531,84.8499984741211,84.58000183105469,84.58000183105469,154700
2004-07-23,41.81229019165039,84.94999694824219,84.97000122070312,84.77999877929688,84.77999877929688,209200
2004-07-26,41.61540603637695,84.55000305175781,84.83999633789062,84.45999908447266,84.83999633789062,712000
2004-07-27,41.05434036254883,83.41000366210938,84.47000122070312,83.41000366210938,84.4000015258789,961200
2004-07-28,41.05924606323242,83.41999816894531,83.52999877929688,83.04000091552734,83.22000122070312,495200
2004-07-29,41.15274429321289,83.61000061035156,83.6500015258789,83.2699966430664,83.2699966430664,519600
2004-07-30,41.63509750366211,84.58999633789062,84.62999725341797,84.0,84.06999969482422,578400
2004-08-02,41.689449310302734,84.37000274658203,84.61000061035156,84.31999969482422,84.5,714800
2004-08-03,41.85747146606445,84.70999908447266,84.83000183105469,84.4000015258789,84.48999786376953,509500
2004-08-04,41.87720489501953,84.75,85.12000274658203,84.5,84.68000030517578,481300
2004-08-05,41.995811462402344,84.98999786376953,85.08999633789062,84.86000061035156,84.87999725341797,623100
2004-08-06,42.702388763427734,86.41999816894531,86.86000061035156,86.12000274658203,86.41000366210938,1240900
2004-08-09,42.554176330566406,86.12000274658203,86.33999633789062,86.06999969482422,86.1500015258789,322100
2004-08-10,42.400962829589844,85.80999755859375,86.44000244140625,85.80999755859375,86.26000213623047,860100
2004-08-11,42.58381652832031,86.18000030517578,86.2699966430664,85.7300033569336,85.81999969482422,898400
2004-08-12,42.67277908325195,86.36000061035156,86.36000061035156,85.88999938964844,86.0,697500
2004-08-13,42.81114196777344,86.63999938964844,86.9000015258789,86.5199966430664,86.66999816894531,637500
2004-08-16,42.66288757324219,86.33999633789062,86.52999877929688,86.0199966430664,86.47000122070312,729400
2004-08-17,42.90501403808594,86.83000183105469,86.8499984741211,86.36000061035156,86.4000015258789,182000
2004-08-18,42.697479248046875,86.41000366210938,87.05999755859375,86.4000015258789,87.02999877929688,365300
2004-08-19,42.80125045776367,86.62000274658203,86.75,86.33999633789062,86.5,372900
2004-08-20,42.76173782348633,86.54000091552734,86.75,86.4000015258789,86.58000183105469,875400
2004-08-23,42.51468276977539,86.04000091552734,86.16999816894531,85.97000122070312,86.11000061035156,1007200
2004-08-24,42.53938293457031,86.08999633789062,86.13999938964844,85.7699966430664,85.94999694824219,1044200
2004-08-25,42.68756866455078,86.38999938964844,86.63999938964844,86.25,86.31999969482422,588200
2004-08-26,42.92970275878906,86.87999725341797,86.87999725341797,86.44000244140625,86.55999755859375,478000
2004-08-27,42.900081634521484,86.81999969482422,87.02999877929688,86.63999938964844,86.83000183105469,304400
2004-08-30,43.102691650390625,87.2300033569336,87.2300033569336,86.91999816894531,87.0,259100
2004-08-31,43.36946487426758,87.7699966430664,88.0,87.23999786376953,87.30000305175781,1721100
2004-09-01,43.41412353515625,87.51000213623047,87.69999694824219,87.1500015258789,87.69999694824219,1388900
2004-09-02,42.98747634887695,86.6500015258789,87.37000274658203,86.6500015258789,87.37000274658203,867000
2004-09-03,42.99244689941406,86.66000366210938,86.66000366210938,86.0,86.47000122070312,958100
2004-09-07,42.94779586791992,86.56999969482422,86.58000183105469,86.19000244140625,86.23999786376953,475500
2004-09-08,43.30994415283203,87.30000305175781,87.31999969482422,86.18000030517578,86.26000213623047,584800
2004-09-09,43.146240234375,86.97000122070312,87.58000183105469,86.86000061035156,87.22000122070312,284800
2004-09-10,43.21073913574219,87.0999984741211,87.52999877929688,87.05999755859375,87.37999725341797,711700
2004-09-13,43.39928436279297,87.4800033569336,87.52999877929688,87.12000274658203,87.19999694824219,152900
2004-09-14,43.44390869140625,87.56999969482422,87.68000030517578,87.18000030517578,87.36000061035156,695700
2004-09-15,43.34468078613281,87.37000274658203,87.5,87.18000030517578,87.5,642500
2004-09-16,43.83580017089844,88.36000061035156,88.4800033569336,87.5,87.55999755859375,1103400
2004-09-17,43.617557525634766,87.91999816894531,88.38999938964844,87.88999938964844,88.12999725341797,765400
2004-09-20,43.90528869628906,88.5,88.56999969482422,88.19000244140625,88.26000213623047,727200
2004-09-21,44.03425979614258,88.76000213623047,88.91999816894531,88.0999984741211,88.36000061035156,1018500
2004-09-22,44.49068832397461,89.68000030517578,89.80999755859375,88.6500015258789,88.80000305175781,2541200
2004-09-23,44.31208038330078,89.31999969482422,89.87999725341797,89.31999969482422,89.66999816894531,2391000
2004-09-24,44.366676330566406,89.43000030517578,89.48999786376953,89.0999984741211,89.3499984741211,1984300
2004-09-27,44.560123443603516,89.81999969482422,89.88999938964844,89.56999969482422,89.5999984741211,1420800
2004-09-28,44.38155746459961,89.45999908447266,89.94999694824219,89.22000122070312,89.68000030517578,1161100
2004-09-29,43.9499626159668,88.58999633789062,88.87000274658203,88.55999755859375,88.69999694824219,1970700
2004-09-30,43.781272888183594,88.25,88.37000274658203,87.95999908447266,88.13999938964844,1945700
2004-10-01,43.562564849853516,87.44999694824219,87.62999725341797,87.29000091552734,87.5,1999300
2004-10-04,43.62731170654297,87.58000183105469,87.5999984741211,87.0,87.0,1106200
2004-10-05,43.62731170654297,87.58000183105469,87.69999694824219,87.41999816894531,87.52999877929688,501700
2004-10-06,43.42808151245117,87.18000030517578,87.47000122070312,87.0199966430664,87.44999694824219,531300
2004-10-07,43.23877716064453,86.80000305175781,87.18000030517578,86.73999786376953,87.0,2128600
2004-10-08,43.81165313720703,87.94999694824219,88.20999908447266,87.75,87.97000122070312,1534500
2004-10-11,43.8564453125,88.04000091552734,88.0999984741211,87.7300033569336,87.94999694824219,60800
2004-10-12,43.95609664916992,88.23999786376953,88.38999938964844,88.16000366210938,88.33999633789062,757900
2004-10-13,44.1154899597168,88.55999755859375,88.55999755859375,87.94999694824219,88.0,648000
2004-10-14,44.32475280761719,88.9800033569336,89.01000213623047,88.41000366210938,88.5,717100
2004-10-15,44.170352935791016,88.66999816894531,88.98999786376953,88.18000030517578,88.80999755859375,746400
2004-10-18,44.19025421142578,88.70999908447266,88.79000091552734,88.37000274658203,88.6500015258789,613600
2004-10-19,44.3048095703125,88.94000244140625,88.98999786376953,88.2699966430664,88.33000183105469,505400
2004-10-20,44.608673095703125,89.55000305175781,89.61000061035156,89.19999694824219,89.26000213623047,1127100
2004-10-21,44.6385612487793,89.61000061035156,89.9000015258789,89.44000244140625,89.44000244140625,1649200
2004-10-22,44.7431526184082,89.81999969482422,89.81999969482422,89.37000274658203,89.5,491500
2004-10-25,44.77803039550781,89.88999938964844,90.08999633789062,89.80000305175781,90.06999969482422,246800
2004-10-26,44.643524169921875,89.62000274658203,90.01000213623047,89.62000274658203,89.94999694824219,503700
2004-10-27,44.20515823364258,88.73999786376953,90.05000305175781,88.72000122070312,89.87000274658203,2351800
2004-10-28,44.349647521972656,89.02999877929688,89.16000366210938,88.5199966430664,88.73999786376953,839200
2004-10-29,44.55385971069336,89.44000244140625,89.48999786376953,88.91999816894531,89.11000061035156,1169300
2004-11-01,44.27677536010742,88.5199966430664,89.0,88.4000015258789,88.75,923500
2004-11-02,44.341796875,88.6500015258789,88.7300033569336,88.30999755859375,88.4800033569336,709300
2004-11-03,44.36181640625,88.69000244140625,88.75,88.0,88.02999877929688,1066600
2004-11-04,44.406803131103516,88.77999877929688,89.0999984741211,88.75,88.86000061035156,2285100
2004-11-05,43.921627044677734,87.80999755859375,87.93000030517578,87.5199966430664,87.73999786376953,1838000
2004-11-08,43.766544342041016,87.5,87.5999984741211,87.4000015258789,87.5,454100
2004-11-09,43.741539001464844,87.44999694824219,87.7300033569336,87.4000015258789,87.4000015258789,373000
2004-11-10,43.57652282714844,87.12000274658203,87.47000122070312,86.91000366210938,87.30999755859375,1303400
2004-11-11,43.481483459472656,86.93000030517578,87.44999694824219,86.93000030517578,87.44999694824219,309700
2004-11-12,43.95167922973633,87.87000274658203,88.11000061035156,87.33000183105469,87.33999633789062,1125900
2004-11-15,43.991641998291016,87.94999694824219,88.0,87.73999786376953,87.94999694824219,763200
2004-11-16,43.991641998291016,87.94999694824219,87.94999694824219,87.69999694824219,87.80999755859375,520900
2004-11-17,44.3668098449707,88.69999694824219,88.76000213623047,87.88999938964844,87.88999938964844,1249400
2004-11-18,44.50185775756836,88.97000122070312,89.05999755859375,88.41000366210938,88.55000305175781,891500
2004-11-19,44.1467170715332,88.26000213623047,89.02999877929688,88.08999633789062,88.9000015258789,1244500
2004-11-22,44.376808166503906,88.72000122070312,88.87000274658203,88.30000305175781,88.3499984741211,511500
2004-11-23,44.43183517456055,88.83000183105469,89.19999694824219,88.4800033569336,88.5,746300
2004-11-24,44.43183517456055,88.83000183105469,88.91000366210938,88.7300033569336,88.91000366210938,309700
2004-11-26,44.14168930053711,88.25,88.33999633789062,88.2300033569336,88.29000091552734,697100
2004-11-29,43.67155456542969,87.30999755859375,87.5999984741211,87.16999816894531,87.47000122070312,1546400
2004-11-30,43.486488342285156,86.94000244140625,87.16000366210938,86.62999725341797,86.94000244140625,1754500
2004-12-01,43.418697357177734,86.44999694824219,86.75,86.18000030517578,86.69999694824219,2489800
2004-12-02,43.24290466308594,86.0999984741211,86.30000305175781,86.01000213623047,86.16999816894531,2881500
2004-12-03,43.915863037109375,87.44000244140625,87.66000366210938,86.93000030517578,87.1500015258789,2233700
2004-12-06,44.06657409667969,87.73999786376953,87.8499984741211,87.44999694824219,87.48999786376953,1314100
2004-12-07,44.1218147277832,87.8499984741211,87.88999938964844,87.5,87.73999786376953,784300
2004-12-08,44.80986404418945,89.22000122070312,89.22000122070312,88.36000061035156,88.41000366210938,2639700
2004-12-09,44.51353073120117,88.62999725341797,89.2699966430664,88.56999969482422,88.98999786376953,1428900
2004-12-10,44.624046325683594,88.8499984741211,89.05000305175781,88.66999816894531,88.94999694824219,1445000
2004-12-13,44.719478607177734,89.04000091552734,89.29000091552734,88.80000305175781,88.81999969482422,677400
2004-12-14,44.895259857177734,89.38999938964844,89.44000244140625,88.69999694824219,88.73999786376953,1568200
2004-12-15,45.30207061767578,90.19999694824219,90.25,89.83999633789062,89.94999694824219,2511500
2004-12-16,44.63407516479492,88.87000274658203,89.88999938964844,88.8499984741211,89.88999938964844,1998200
2004-12-17,44.5738525390625,88.75,88.87999725341797,88.43000030517578,88.4800033569336,1319800
2004-12-20,44.65415954589844,88.91000366210938,89.0999984741211,88.81999969482422,88.87000274658203,230500
2004-12-21,44.78976821899414,89.18000030517578,89.23999786376953,88.9000015258789,89.05999755859375,245200
2004-12-22,44.63911437988281,88.87999725341797,89.20999908447266,88.69999694824219,89.20999908447266,511600
2004-12-23,44.49344253540039,88.58999633789062,88.79000091552734,88.56999969482422,88.73999786376953,738600
2004-12-27,44.14694595336914,87.9000015258789,88.37000274658203,87.69999694824219,88.33000183105469,1322600
2004-12-28,44.11175537109375,87.83000183105469,87.91000366210938,87.4000015258789,87.86000061035156,1253500
2004-12-29,44.06657409667969,87.73999786376953,88.0,87.56999969482422,87.87000274658203,567500
2004-12-30,44.36289596557617,88.33000183105469,88.44999694824219,87.73999786376953,87.80000305175781,626400
2004-12-31,44.64268493652344,88.55000305175781,88.6500015258789,88.30000305175781,88.37000274658203,1056400
2005-01-03,44.738494873046875,88.73999786376953,88.83999633789062,88.16000366210938,88.18000030517578,1168000
2005-01-04,44.26959991455078,87.80999755859375,88.75,87.80999755859375,88.72000122070312,1935400
2005-01-05,44.50656509399414,88.27999877929688,88.55000305175781,87.94000244140625,87.98999786376953,1094100
2005-01-06,44.53681182861328,88.33999633789062,88.54000091552734,88.22000122070312,88.29000091552734,1057400
2005-01-07,44.63762664794922,88.54000091552734,88.87000274658203,88.3499984741211,88.76000213623047,738700
2005-01-10,44.70821762084961,88.68000030517578,88.72000122070312,88.47000122070312,88.63999938964844,379400
2005-01-11,44.97042465209961,89.19999694824219,89.27999877929688,88.73999786376953,88.9000015258789,844100
2005-01-12,45.03086853027344,89.31999969482422,89.44000244140625,88.80000305175781,88.87000274658203,722000
2005-01-13,45.464473724365234,90.18000030517578,90.18000030517578,89.7300033569336,89.75,1876700
2005-01-14,45.459407806396484,90.16999816894531,90.4000015258789,89.80999755859375,89.9000015258789,1043800
2005-01-18,45.610652923583984,90.47000122070312,90.48999786376953,89.7300033569336,89.80000305175781,1251600
2005-01-19,45.741722106933594,90.7300033569336,90.83999633789062,90.2699966430664,90.80000305175781,655800
2005-01-20,45.832481384277344,90.91000366210938,91.0199966430664,90.3499984741211,90.41999816894531,1064200
2005-01-21,45.88291931152344,91.01000213623047,91.05000305175781,90.5199966430664,90.5999984741211,606300
2005-01-24,46.079498291015625,91.4000015258789,91.5,91.0,91.08999633789062,561400
2005-01-25,45.64594268798828,90.54000091552734,91.4000015258789,90.51000213623047,91.36000061035156,1942200
2005-01-26,45.73165512084961,90.70999908447266,90.91999816894531,90.62999725341797,90.8499984741211,709800
2005-01-27,45.64594268798828,90.54000091552734,90.69999694824219,90.33999633789062,90.5199966430664,463900
2005-01-28,46.10470962524414,91.44999694824219,91.5999984741211,91.16999816894531,91.22000122070312,1128000
2005-01-31,46.235816955566406,91.70999908447266,91.75,91.29000091552734,91.33000183105469,1313900
2005-02-01,46.16242218017578,91.22000122070312,91.5,91.05000305175781,91.44000244140625,948200
2005-02-02,46.26872253417969,91.43000030517578,91.45999908447266,91.08999633789062,91.19999694824219,760300
2005-02-03,46.24337387084961,91.37999725341797,91.44000244140625,91.05999755859375,91.05999755859375,505800
2005-02-04,46.88608169555664,92.6500015258789,92.94000244140625,92.45999908447266,92.47000122070312,3483900
2005-02-07,47.23527145385742,93.33999633789062,93.41999816894531,92.69999694824219,92.73999786376953,1064600
2005-02-08,47.50347137451172,93.87000274658203,94.12000274658203,93.33000183105469,93.37000274658203,1383800
2005-02-09,47.630001068115234,94.12000274658203,94.23999786376953,93.37999725341797,93.44000244140625,2125800
2005-02-10,46.987266540527344,92.8499984741211,93.68000030517578,92.75,93.48999786376953,1240000
2005-02-11,46.95692443847656,92.79000091552734,92.9800033569336,92.4000015258789,92.45999908447266,1275200
2005-02-14,47.10370635986328,93.08000183105469,93.20999908447266,92.7300033569336,92.9000015258789,295000
2005-02-15,46.865848541259766,92.61000061035156,92.86000061035156,92.56999969482422,92.5999984741211,900200
2005-02-16,46.688720703125,92.26000213623047,92.56999969482422,91.80000305175781,92.51000213623047,1189700
2005-02-17,46.39519500732422,91.68000030517578,92.13999938964844,91.5999984741211,91.76000213623047,1146400
2005-02-18,45.980247497558594,90.86000061035156,90.94999694824219,90.45999908447266,90.55000305175781,2655800
2005-02-22,45.777828216552734,90.45999908447266,90.75,90.4000015258789,90.62999725341797,914600
2005-02-23,45.92964172363281,90.76000213623047,91.16999816894531,90.43000030517578,91.13999938964844,1115000
2005-02-24,45.82840347290039,90.55999755859375,91.33000183105469,90.55999755859375,91.16000366210938,798500
2005-02-25,46.05109786987305,91.0,91.13999938964844,90.62000274658203,90.88999938964844,588800
2005-02-28,45.55515670776367,90.0199966430664,91.0999984741211,89.88999938964844,91.0999984741211,2797300
2005-03-01,45.54092788696289,89.70999908447266,89.86000061035156,89.44999694824219,89.54000091552734,1648500
2005-03-02,45.48002243041992,89.58999633789062,89.72000122070312,89.41999816894531,89.44999694824219,1139300
2005-03-03,45.45466613769531,89.54000091552734,89.80000305175781,89.44999694824219,89.62000274658203,1600600
2005-03-04,45.94709777832031,90.51000213623047,90.66999816894531,89.87000274658203,89.98999786376953,1567000
2005-03-07,46.12982177734375,90.87000274658203,90.98999786376953,90.75,90.8499984741211,889800
2005-03-08,45.6932373046875,90.01000213623047,90.2699966430664,89.94000244140625,90.12999725341797,680400
2005-03-09,44.946983337402344,88.54000091552734,89.4000015258789,88.44000244140625,89.18000030517578,2549600
2005-03-10,45.22114562988281,89.08000183105469,89.33000183105469,88.38999938964844,88.73999786376953,1357700
2005-03-11,44.89115524291992,88.43000030517578,88.87000274658203,88.4000015258789,88.6500015258789,1017900
2005-03-14,45.16023635864258,88.95999908447266,89.0,88.30000305175781,88.37000274658203,805000
2005-03-15,44.875911712646484,88.4000015258789,89.30000305175781,88.4000015258789,89.29000091552734,963900
2005-03-16,45.15009307861328,88.94000244140625,89.36000061035156,88.54000091552734,88.54000091552734,2097800
2005-03-17,45.297264099121094,89.2300033569336,89.58000183105469,89.12000274658203,89.3499984741211,1025300
2005-03-18,45.01299285888672,88.66999816894531,88.9800033569336,88.66999816894531,88.9000015258789,722700
2005-03-21,44.8861083984375,88.41999816894531,88.66999816894531,88.37999725341797,88.66999816894531,893100
2005-03-22,44.50535583496094,87.66999816894531,89.05000305175781,87.54000091552734,88.94000244140625,2544900
2005-03-23,44.71856689453125,88.08999633789062,88.16000366210938,87.52999877929688,87.52999877929688,1951700
2005-03-24,44.80995559692383,88.2699966430664,88.45999908447266,88.18000030517578,88.31999969482422,746800
2005-03-28,44.53580093383789,87.7300033569336,88.0,87.72000122070312,87.98999786376953,382200
2005-03-29,44.79977035522461,88.25,88.27999877929688,87.98999786376953,88.08000183105469,1135000
2005-03-30,45.023155212402344,88.69000244140625,88.75,88.16000366210938,88.19999694824219,1095600
2005-03-31,45.34804153442383,89.33000183105469,89.38999938964844,88.86000061035156,89.19999694824219,2410900
2005-04-01,45.50093460083008,89.30000305175781,89.66000366210938,88.5,89.52999877929688,2805300
2005-04-04,45.49071502685547,89.27999877929688,89.66000366210938,89.16999816894531,89.27999877929688,754800
2005-04-05,45.37352752685547,89.05000305175781,89.36000061035156,88.93000030517578,89.23999786376953,733300
2005-04-06,45.5314826965332,89.36000061035156,89.44000244140625,89.19999694824219,89.41000366210938,402800
2005-04-07,45.164642333984375,88.63999938964844,89.58000183105469,88.61000061035156,89.30000305175781,973000
2005-04-08,45.32257843017578,88.94999694824219,89.0,88.33999633789062,88.55999755859375,438600
2005-04-11,45.56714630126953,89.43000030517578,89.62000274658203,88.94000244140625,88.97000122070312,1460200
2005-04-12,45.99005126953125,90.26000213623047,90.4000015258789,89.12000274658203,89.2300033569336,1931500
2005-04-13,45.87793731689453,90.04000091552734,90.44000244140625,89.80000305175781,90.3499984741211,1001700
2005-04-14,45.806617736816406,89.9000015258789,90.12000274658203,89.66000366210938,90.08000183105469,1461800
2005-04-15,46.412960052490234,91.08999633789062,91.12000274658203,90.22000122070312,90.54000091552734,2807300
2005-04-18,46.37725830078125,91.0199966430664,91.38999938964844,90.94000244140625,91.37000274658203,3510800
2005-04-19,46.825660705566406,91.9000015258789,92.04000091552734,91.31999969482422,91.33999633789062,1733600
2005-04-20,46.708473205566406,91.66999816894531,91.7699966430664,91.18000030517578,91.22000122070312,1617900
2005-04-21,46.21931076049805,90.70999908447266,91.41999816894531,90.69999694824219,91.30000305175781,1288500
2005-04-22,46.60655975341797,91.47000122070312,91.58000183105469,91.08999633789062,91.2699966430664,876300
2005-04-25,46.7441291809082,91.73999786376953,91.81999969482422,91.51000213623047,91.66000366210938,818300
2005-04-26,46.67277908325195,91.5999984741211,92.05000305175781,91.33999633789062,91.98999786376953,549300
2005-04-27,46.835853576660156,91.91999816894531,92.19999694824219,91.80000305175781,92.05000305175781,684900
2005-04-28,47.18235778808594,92.5999984741211,92.6500015258789,91.94999694824219,92.05000305175781,1062000
2005-04-29,47.1008415222168,92.44000244140625,92.94000244140625,92.22000122070312,92.56999969482422,1445100
2005-05-02,47.09061050415039,92.08999633789062,92.26000213623047,91.70999908447266,92.1500015258789,1358200
2005-05-03,47.21842575073242,92.33999633789062,92.54000091552734,91.91999816894531,92.06999969482422,1884900
2005-05-04,46.80424499511719,91.52999877929688,91.72000122070312,91.05000305175781,91.44999694824219,2211500
2005-05-05,46.911598205566406,91.73999786376953,91.83999633789062,91.20999908447266,91.30000305175781,1757900
2005-05-06,46.56390380859375,91.05999755859375,91.19999694824219,90.80999755859375,90.93000030517578,850600
2005-05-09,46.60990524291992,91.1500015258789,91.23999786376953,91.0,91.01000213623047,327800
2005-05-10,46.942325592041016,91.80000305175781,91.80000305175781,91.33999633789062,91.36000061035156,495500
2005-05-11,47.08549118041992,92.08000183105469,92.5199966430664,91.98999786376953,92.13999938964844,1058700
2005-05-12,47.26959228515625,92.44000244140625,92.47000122070312,91.72000122070312,92.0,657000
2005-05-13,47.453636169433594,92.80000305175781,93.0199966430664,92.56999969482422,92.70999908447266,1698100
2005-05-16,47.397430419921875,92.69000244140625,93.06999969482422,92.68000030517578,93.04000091552734,824800
2005-05-17,47.53034210205078,92.94999694824219,93.19000244140625,92.9000015258789,92.95999908447266,856300
2005-05-18,47.847412109375,93.56999969482422,93.80000305175781,93.33999633789062,93.69999694824219,1092300
2005-05-19,47.72465896606445,93.33000183105469,93.69999694824219,93.27999877929688,93.69999694824219,948800
2005-05-20,47.78093338012695,93.44000244140625,93.51000213623047,93.20999908447266,93.25,806800
2005-05-23,48.154197692871094,94.16999816894531,94.2300033569336,93.56999969482422,93.5999984741211,905600
2005-05-24,48.28718566894531,94.43000030517578,94.6500015258789,94.18000030517578,94.52999877929688,1695400
2005-05-25,47.94963836669922,93.7699966430664,94.6500015258789,93.7300033569336,94.58999633789062,1923300
2005-05-26,47.9343376159668,93.73999786376953,94.06999969482422,93.58999633789062,93.58999633789062,978300
2005-05-27,47.985477447509766,93.83999633789062,93.9800033569336,93.54000091552734,93.73999786376953,650600
2005-05-31,48.57865524291992,95.0,95.05000305175781,94.22000122070312,94.22000122070312,1979000
2005-06-01,49.173492431640625,95.80999755859375,95.83999633789062,95.19000244140625,95.19999694824219,3823200
2005-06-02,49.291507720947266,96.04000091552734,96.19000244140625,95.7300033569336,95.7300033569336,1703400
2005-06-03,48.88604736328125,95.25,97.0,95.19999694824219,96.9000015258789,5558100
2005-06-06,49.14267349243164,95.75,95.87999725341797,95.3499984741211,95.5,1088700
2005-06-07,49.5327262878418,96.51000213623047,96.58000183105469,96.05000305175781,96.47000122070312,1503100
2005-06-08,49.29666519165039,96.05000305175781,96.44999694824219,96.05000305175781,96.30999755859375,1272400
2005-06-09,49.255611419677734,95.97000122070312,96.01000213623047,95.43000030517578,95.66999816894531,612700
2005-06-10,48.70126724243164,94.88999938964844,95.55000305175781,94.86000061035156,95.55000305175781,1464800
2005-06-13,48.40873718261719,94.31999969482422,94.52999877929688,94.16999816894531,94.4800033569336,1616700
2005-06-14,48.09056854248047,93.69999694824219,94.16000366210938,93.56999969482422,94.05000305175781,1984500
2005-06-15,48.17779541015625,93.87000274658203,93.87000274658203,93.33000183105469,93.38999938964844,1996800
2005-06-16,48.419002532958984,94.33999633789062,94.41999816894531,93.56999969482422,93.80000305175781,1370300
2005-06-17,48.41387176513672,94.33000183105469,94.47000122070312,94.0199966430664,94.11000061035156,555900
2005-06-20,48.331790924072266,94.16999816894531,94.19999694824219,93.5999984741211,93.81999969482422,453000
2005-06-21,48.68589782714844,94.86000061035156,94.86000061035156,94.31999969482422,94.37999725341797,503100
2005-06-22,49.27609634399414,96.01000213623047,96.08999633789062,95.26000213623047,95.48999786376953,952200
2005-06-23,49.22477340698242,95.91000366210938,95.9800033569336,95.54000091552734,95.80000305175781,996300
2005-06-24,49.471160888671875,96.38999938964844,96.44999694824219,96.0199966430664,96.23999786376953,928000
2005-06-27,49.604610443115234,96.6500015258789,96.80999755859375,96.3499984741211,96.48999786376953,1203600
2005-06-28,49.26586151123047,95.98999786376953,96.37000274658203,95.91000366210938,96.31999969482422,982400
2005-06-29,49.18886184692383,95.83999633789062,96.4800033569336,95.5999984741211,96.47000122070312,1682400
2005-06-30,49.63023376464844,96.69999694824219,96.72000122070312,95.80999755859375,95.86000061035156,2159400
2005-07-01,49.028717041015625,95.19999694824219,96.26000213623047,94.98999786376953,96.04000091552734,2222700
2005-07-05,48.5651969909668,94.30000305175781,94.73999786376953,94.2699966430664,94.3499984741211,1076100
2005-07-06,48.83302307128906,94.81999969482422,94.83000183105469,94.43000030517578,94.62999725341797,854100
2005-07-07,48.93599319458008,95.0199966430664,95.55000305175781,94.95999908447266,95.43000030517578,1678000
2005-07-08,48.73515319824219,94.62999725341797,95.25,94.31999969482422,95.25,1259300
2005-07-11,48.73515319824219,94.62999725341797,94.6500015258789,93.94999694824219,94.11000061035156,982000
2005-07-12,48.46222686767578,94.0999984741211,94.52999877929688,94.05999755859375,94.3499984741211,743700
2005-07-13,48.39011001586914,93.95999908447266,94.0999984741211,93.86000061035156,94.05000305175781,886600
2005-07-14,48.26652145385742,93.72000122070312,94.13999938964844,93.5999984741211,94.0999984741211,874300
2005-07-15,48.39528274536133,93.97000122070312,94.02999877929688,93.5,93.5,1064700
2005-07-18,48.03473663330078,93.2699966430664,93.97000122070312,93.0999984741211,93.8499984741211,1204500
2005-07-19,48.20473861694336,93.5999984741211,93.72000122070312,93.12000274658203,93.2300033569336,1226900
2005-07-20,48.46739196777344,94.11000061035156,94.23999786376953,93.18000030517578,93.51000213623047,1884500
2005-07-21,47.80815124511719,92.83000183105469,93.54000091552734,92.68000030517578,93.4800033569336,3824200
2005-07-22,48.17900085449219,93.55000305175781,93.62000274658203,93.02999877929688,93.0999984741211,1614900
2005-07-25,48.00385284423828,93.20999908447266,93.70999908447266,93.13999938964844,93.4000015258789,305100
2005-07-26,48.08112716674805,93.36000061035156,93.41000366210938,93.16999816894531,93.2699966430664,340500
2005-07-27,48.00385284423828,93.20999908447266,93.2699966430664,93.01000213623047,93.06999969482422,593300
2005-07-28,48.431297302246094,94.04000091552734,94.16999816894531,93.37999725341797,93.37999725341797,578900
2005-07-29,47.952369689941406,93.11000061035156,93.80000305175781,92.8499984741211,93.80000305175781,1699500
2005-08-01,47.77400588989258,92.41999816894531,92.5999984741211,92.0199966430664,92.5,1760300
2005-08-02,47.61895751953125,92.12000274658203,92.45999908447266,91.95999908447266,92.2699966430664,1071400
2005-08-03,47.851566314697266,92.56999969482422,92.66000366210938,92.25,92.25,591100
2005-08-04,47.75338363647461,92.37999725341797,92.79000091552734,92.19999694824219,92.58999633789062,1046800
2005-08-05,47.38113784790039,91.66000366210938,91.87000274658203,91.55000305175781,91.69999694824219,1041600
2005-08-08,47.293304443359375,91.48999786376953,91.8499984741211,91.44000244140625,91.68000030517578,836600
2005-08-09,47.469024658203125,91.83000183105469,91.8499984741211,91.27999877929688,91.69999694824219,1474800
2005-08-10,47.417362213134766,91.7300033569336,92.0999984741211,91.54000091552734,92.01000213623047,909300
2005-08-11,47.74816131591797,92.37000274658203,92.44999694824219,91.69999694824219,92.02999877929688,881600
2005-08-12,48.23411178588867,93.30999755859375,93.44000244140625,92.56999969482422,92.62000274658203,1765100
2005-08-15,48.1099967956543,93.06999969482422,93.30000305175781,93.05000305175781,93.26000213623047,954300
2005-08-16,48.446006774902344,93.72000122070312,93.9000015258789,93.5,93.68000030517578,1311000
2005-08-17,48.12554168701172,93.0999984741211,93.7300033569336,92.9800033569336,93.51000213623047,1278200
2005-08-18,48.48223114013672,93.79000091552734,93.80999755859375,93.2699966430664,93.44999694824219,833900
2005-08-19,48.4770622253418,93.77999877929688,93.83999633789062,93.33999633789062,93.36000061035156,439200
2005-08-22,48.425350189208984,93.68000030517578,93.80000305175781,93.19999694824219,93.54000091552734,599300
2005-08-23,48.64764404296875,94.11000061035156,94.2300033569336,93.6500015258789,93.7300033569336,491800
2005-08-24,48.69416046142578,94.19999694824219,94.33000183105469,93.8499984741211,94.2699966430664,998200
2005-08-25,48.84925842285156,94.5,94.61000061035156,94.05999755859375,94.27999877929688,812400
2005-08-26,48.83372497558594,94.47000122070312,94.87999725341797,94.19999694824219,94.6500015258789,874600
2005-08-29,48.895748138427734,94.58999633789062,94.87999725341797,94.5,94.83000183105469,550100
2005-08-30,49.20590591430664,95.19000244140625,95.3499984741211,94.72000122070312,94.83000183105469,1392700
2005-08-31,49.61943054199219,95.98999786376953,96.0,95.30000305175781,95.30999755859375,1310800
2005-09-01,49.3206901550293,95.08000183105469,95.73999786376953,94.93000030517578,95.30999755859375,1899000
2005-09-02,49.36215591430664,95.16000366210938,95.29000091552734,94.80000305175781,94.87999725341797,621400
2005-09-06,49.01457595825195,94.48999786376953,95.16999816894531,94.4800033569336,95.01000213623047,965300
2005-09-07,48.55292892456055,93.5999984741211,94.18000030517578,93.36000061035156,94.18000030517578,1090200
2005-09-08,48.60478973388672,93.69999694824219,93.9800033569336,93.5999984741211,93.88999938964844,373100
2005-09-09,48.76042175292969,94.0,94.31999969482422,93.87999725341797,93.95999908447266,426300
2005-09-12,48.42323303222656,93.3499984741211,93.70999908447266,93.19000244140625,93.66000366210938,917300
2005-09-13,48.67743682861328,93.83999633789062,94.12000274658203,93.63999938964844,93.76000213623047,450400
2005-09-14,48.49066925048828,93.4800033569336,93.87999725341797,93.37999725341797,93.81999969482422,346400
2005-09-15,48.091270446777344,92.70999908447266,93.3499984741211,92.4000015258789,93.3499984741211,2225800
2005-09-16,47.774864196777344,92.0999984741211,92.4800033569336,91.87999725341797,92.30000305175781,2145500
2005-09-19,47.87858581542969,92.30000305175781,92.44000244140625,92.0999984741211,92.18000030517578,886100
2005-09-20,48.00310516357422,92.54000091552734,92.80000305175781,91.87999725341797,92.29000091552734,1848800
2005-09-21,48.44918441772461,93.4000015258789,93.41000366210938,93.12999725341797,93.27999877929688,993000
2005-09-22,48.40250015258789,93.30999755859375,93.44999694824219,93.12999725341797,93.37000274658203,761700
2005-09-23,48.03938674926758,92.61000061035156,93.0999984741211,92.61000061035156,93.05000305175781,656800
2005-09-26,47.8215446472168,92.19000244140625,92.37999725341797,92.0999984741211,92.11000061035156,680900
2005-09-27,47.888973236083984,92.31999969482422,92.55999755859375,91.94000244140625,92.2699966430664,827800
2005-09-28,48.210575103759766,92.94000244140625,93.0199966430664,92.26000213623047,92.38999938964844,712800
2005-09-29,47.99269485473633,92.5199966430664,92.61000061035156,92.36000061035156,92.5999984741211,657100
2005-09-30,47.826725006103516,92.19999694824219,92.69000244140625,92.0,92.58000183105469,1391800
2005-10-03,47.45280456542969,91.12000274658203,92.19999694824219,91.0999984741211,91.79000091552734,1370900
2005-10-04,47.609031677246094,91.41999816894531,91.54000091552734,91.20999908447266,91.37000274658203,783200
2005-10-05,47.817352294921875,91.81999969482422,91.9800033569336,91.56999969482422,91.68000030517578,1215800
2005-10-06,47.63509750366211,91.47000122070312,91.73999786376953,91.44000244140625,91.69999694824219,340000
2005-10-07,47.827762603759766,91.83999633789062,91.94999694824219,90.95999908447266,91.08999633789062,1337800
2005-10-10,47.796512603759766,91.77999877929688,91.97000122070312,91.62000274658203,91.8499984741211,159700
2005-10-11,47.69757080078125,91.58999633789062,91.91999816894531,91.44999694824219,91.83999633789062,679100
2005-10-12,47.23408508300781,90.69999694824219,91.44000244140625,90.6500015258789,91.44000244140625,1105700
2005-10-13,47.0622444152832,90.37000274658203,90.5,90.08000183105469,90.25,1376600
2005-10-14,46.98932647705078,90.2300033569336,90.69999694824219,89.81999969482422,90.5999984741211,1042600
2005-10-17,46.97893524169922,90.20999908447266,90.61000061035156,90.12000274658203,90.41999816894531,1058200
2005-10-18,47.030975341796875,90.30999755859375,90.4800033569336,90.2300033569336,90.45999908447266,878200
2005-10-19,47.05181884765625,90.3499984741211,90.87000274658203,90.3499984741211,90.66000366210938,904800
2005-10-20,47.17679214477539,90.58999633789062,90.5999984741211,90.12999725341797,90.27999877929688,810300
2005-10-21,47.6142692565918,91.43000030517578,91.47000122070312,90.75,90.83000183105469,1252800
2005-10-24,47.24448776245117,90.72000122070312,91.41000366210938,90.48999786376953,91.31999969482422,939100
2005-10-25,46.838321685791016,89.94000244140625,91.05000305175781,89.93000030517578,90.81999969482422,632900
2005-10-26,46.49457931518555,89.27999877929688,89.69999694824219,89.16000366210938,89.44999694824219,2895800
2005-10-27,46.66122055053711,89.5999984741211,89.79000091552734,89.30000305175781,89.5999984741211,1197400
2005-10-28,46.66642379760742,89.61000061035156,89.87999725341797,89.12000274658203,89.72000122070312,750400
2005-10-31,46.754974365234375,89.77999877929688,90.04000091552734,89.58000183105469,89.7699966430664,547700
2005-11-01,46.70106506347656,89.27999877929688,89.6500015258789,89.08999633789062,89.43000030517578,647100
2005-11-02,46.48136901855469,88.86000061035156,89.38999938964844,88.83000183105469,89.08000183105469,781100
2005-11-03,46.167545318603516,88.26000213623047,88.97000122070312,88.23999786376953,88.88999938964844,962900
2005-11-04,46.09434127807617,88.12000274658203,88.63999938964844,87.86000061035156,88.41999816894531,1888700
2005-11-07,46.251258850097656,88.41999816894531,88.56999969482422,88.3499984741211,88.5,1121600
2005-11-08,46.70106506347656,89.27999877929688,89.31999969482422,88.88999938964844,88.88999938964844,1396800
2005-11-09,46.219844818115234,88.36000061035156,88.93000030517578,88.36000061035156,88.77999877929688,1140300
2005-11-10,46.78480529785156,89.44000244140625,89.4800033569336,88.62999725341797,88.72000122070312,1695200
2005-11-11,46.81094741821289,89.48999786376953,89.69999694824219,89.44000244140625,89.5999984741211,193700
2005-11-14,46.46049880981445,88.81999969482422,89.44999694824219,88.62000274658203,89.37999725341797,1230100
2005-11-15,46.76384353637695,89.4000015258789,89.6500015258789,88.75,88.75,839800
2005-11-16,47.255550384521484,90.33999633789062,90.44000244140625,89.75,89.80000305175781,1822300
2005-11-17,47.37064743041992,90.55999755859375,90.9000015258789,90.05000305175781,90.16999816894531,1003100
2005-11-18,47.15094757080078,90.13999938964844,90.44999694824219,90.05999755859375,90.37000274658203,734200
2005-11-21,47.29219055175781,90.41000366210938,90.66000366210938,90.33000183105469,90.33999633789062,503300
2005-11-22,47.35497283935547,90.52999877929688,90.66999816894531,90.3499984741211,90.37000274658203,1026900
2005-11-23,47.171871185302734,90.18000030517578,90.69000244140625,89.86000061035156,90.58999633789062,768300
2005-11-25,47.344482421875,90.51000213623047,90.54000091552734,90.33999633789062,90.41000366210938,421500
2005-11-28,47.579872131347656,90.95999908447266,91.13999938964844,90.5199966430664,90.5199966430664,883400
2005-11-29,47.13001251220703,90.0999984741211,91.11000061035156,90.02999877929688,91.08000183105469,889200
2005-11-30,47.07770919799805,90.0,90.30000305175781,89.81999969482422,90.30000305175781,1642800
2005-12-01,47.004188537597656,89.47000122070312,90.01000213623047,89.18000030517578,90.0,1214800
2005-12-02,47.01991271972656,89.5,89.55000305175781,89.1500015258789,89.2699966430664,746200
2005-12-05,46.80978012084961,89.0999984741211,89.3499984741211,88.8499984741211,89.3499984741211,431100
2005-12-06,47.287841796875,90.01000213623047,90.12000274658203,89.31999969482422,89.41000366210938,968800
2005-12-07,47.10927200317383,89.66999816894531,89.91000366210938,89.5199966430664,89.80000305175781,386600
2005-12-08,47.41394805908203,90.25,90.36000061035156,89.80000305175781,89.9800033569336,976200
2005-12-09,47.04096221923828,89.54000091552734,90.01000213623047,89.47000122070312,89.9800033569336,817400
2005-12-12,46.951629638671875,89.37000274658203,89.75,89.13999938964844,89.75,440500
2005-12-13,47.125,89.69999694824219,89.81999969482422,89.37999725341797,89.72000122070312,598700
2005-12-14,47.60835647583008,90.62000274658203,90.81999969482422,90.13999938964844,90.19999694824219,635000
2005-12-15,47.49273681640625,90.4000015258789,90.44000244140625,89.98999786376953,90.44000244140625,724300
2005-12-16,47.65034866333008,90.69999694824219,90.93000030517578,90.55999755859375,90.83000183105469,684500
2005-12-19,47.69767379760742,90.79000091552734,91.0999984741211,90.55999755859375,90.5999984741211,469800
2005-12-20,47.639854431152344,90.68000030517578,90.80000305175781,90.4000015258789,90.58000183105469,236000
2005-12-21,47.555809020996094,90.5199966430664,90.58000183105469,90.29000091552734,90.52999877929688,193100
2005-12-22,47.93406295776367,91.23999786376953,91.30999755859375,90.91000366210938,90.91999816894531,692700
2005-12-23,48.22824478149414,91.80000305175781,92.04000091552734,91.0999984741211,91.19000244140625,2295800
2005-12-27,48.622283935546875,92.55000305175781,92.58999633789062,91.80000305175781,91.97000122070312,519500
2005-12-28,48.486724853515625,91.91000366210938,92.25,91.75,92.02999877929688,1295700
2005-12-29,48.5921745300293,92.11000061035156,92.12999725341797,91.69000244140625,92.02999877929688,740600
2005-12-30,48.481422424316406,91.9000015258789,92.58999633789062,91.69999694824219,92.54000091552734,1099500
2006-01-03,48.418113708496094,91.77999877929688,92.25,91.4800033569336,91.58999633789062,1392700
2006-01-04,48.53419876098633,92.0,92.06999969482422,91.41999816894531,91.54000091552734,387600
2006-01-05,48.47613525390625,91.88999938964844,92.13999938964844,91.69999694824219,91.87999725341797,453400
2006-01-06,48.386451721191406,91.72000122070312,91.9000015258789,91.48999786376953,91.7699966430664,1193700
2006-01-09,48.418113708496094,91.77999877929688,91.77999877929688,91.54000091552734,91.69999694824219,413600
2006-01-10,48.02775573730469,91.04000091552734,91.68000030517578,91.02999877929688,91.62999725341797,698900
2006-01-11,47.948585510253906,90.88999938964844,91.29000091552734,90.75,91.25,394600
2006-01-12,48.27042007446289,91.5,91.5199966430664,91.0,91.12999725341797,626600
2006-01-13,48.550010681152344,92.02999877929688,92.30000305175781,91.58000183105469,91.58999633789062,491000
2006-01-17,48.76626968383789,92.44000244140625,92.5,91.93000030517578,92.0,454300
2006-01-18,48.7504997253418,92.41000366210938,92.7699966430664,92.12000274658203,92.76000213623047,622100
2006-01-19,48.60801696777344,92.13999938964844,92.44000244140625,91.95999908447266,92.06999969482422,490600
2006-01-20,48.734649658203125,92.37999725341797,92.4800033569336,92.05000305175781,92.31999969482422,842600
2006-01-23,48.718841552734375,92.3499984741211,92.5,91.7300033569336,91.80000305175781,720400
2006-01-24,48.481422424316406,91.9000015258789,92.19000244140625,91.76000213623047,92.0,300500
2006-01-25,47.953895568847656,90.9000015258789,91.56999969482422,90.79000091552734,91.51000213623047,1204500
2006-01-26,47.74812316894531,90.51000213623047,90.5999984741211,90.05000305175781,90.55000305175781,764100
2006-01-27,47.74812316894531,90.51000213623047,90.80000305175781,90.16000366210938,90.80000305175781,1091400
2006-01-30,47.700679779052734,90.41999816894531,90.5,90.23999786376953,90.30000305175781,308500
2006-01-31,47.832550048828125,90.66999816894531,90.7300033569336,90.19999694824219,90.3499984741211,676100
2006-02-01,47.66893005371094,90.04000091552734,90.45999908447266,89.8499984741211,90.1500015258789,622300
2006-02-02,47.75898361206055,90.20999908447266,90.41000366210938,89.86000061035156,90.04000091552734,658500
2006-02-03,48.097774505615234,90.8499984741211,91.0,89.81999969482422,90.0,1524600
2006-02-06,48.19307327270508,91.02999877929688,91.20999908447266,90.88999938964844,90.9800033569336,755100
2006-02-07,47.96540832519531,90.5999984741211,91.12000274658203,90.5,91.12000274658203,280500
2006-02-08,47.854248046875,90.38999938964844,90.87999725341797,90.29000091552734,90.87999725341797,261700
2006-02-09,48.0713005065918,90.80000305175781,90.9000015258789,90.05999755859375,90.13999938964844,1119200
2006-02-10,47.806617736816406,90.30000305175781,91.37999725341797,90.23999786376953,91.19999694824219,938000
2006-02-13,47.811912536621094,90.30999755859375,90.36000061035156,90.16000366210938,90.23999786376953,218700
2006-02-14,47.642459869384766,89.98999786376953,90.19999694824219,89.72000122070312,89.9000015258789,836100
2006-02-15,47.75898361206055,90.20999908447266,90.47000122070312,89.87999725341797,90.13999938964844,720300
2006-02-16,47.769554138183594,90.2300033569336,90.30000305175781,90.0,90.19999694824219,427800
2006-02-17,48.15071105957031,90.94999694824219,91.06999969482422,90.80000305175781,90.80000305175781,731400
2006-02-21,48.0713005065918,90.80000305175781,91.0,90.77999877929688,90.9000015258789,433300
2006-02-22,48.399532318115234,91.41999816894531,91.44999694824219,91.08999633789062,91.12000274658203,559000
2006-02-23,48.277774810791016,91.19000244140625,91.30999755859375,90.93000030517578,91.30999755859375,288300
2006-02-24,48.203643798828125,91.05000305175781,91.44000244140625,90.94999694824219,91.44000244140625,485700
2006-02-27,48.12425994873047,90.9000015258789,91.3499984741211,90.7300033569336,91.3499984741211,446200
2006-02-28,48.36252212524414,91.3499984741211,91.44000244140625,90.91999816894531,91.0,744200
2006-03-01,48.0703125,90.4800033569336,90.87000274658203,90.37999725341797,90.7699966430664,713600
2006-03-02,47.735618591308594,89.8499984741211,90.0999984741211,89.4000015258789,90.05999755859375,1640000
2006-03-03,47.45936584472656,89.33000183105469,89.55000305175781,89.2300033569336,89.4800033569336,1253300
2006-03-06,47.04492950439453,88.55000305175781,88.98999786376953,88.5,88.9800033569336,872700
2006-03-07,47.07681655883789,88.61000061035156,88.75,88.30999755859375,88.4000015258789,1692900
2006-03-08,47.06087875366211,88.58000183105469,88.87999725341797,88.44999694824219,88.56999969482422,1184700
2006-03-09,47.07681655883789,88.61000061035156,88.66999816894531,88.2699966430664,88.55999755859375,282100
2006-03-10,46.90150833129883,88.27999877929688,88.47000122070312,88.01000213623047,88.31999969482422,1086900
2006-03-13,46.86429977416992,88.20999908447266,88.2699966430664,88.01000213623047,88.13999938964844,1740100
2006-03-14,47.17770767211914,88.80000305175781,88.98999786376953,88.44999694824219,88.44999694824219,904400
2006-03-15,46.922725677490234,88.31999969482422,88.54000091552734,88.1500015258789,88.44000244140625,971000
2006-03-16,47.34772491455078,89.12000274658203,89.33000183105469,88.43000030517578,88.51000213623047,1048000
2006-03-17,47.204307556152344,88.8499984741211,89.0,88.75,88.8499984741211,703500
2006-03-20,47.278663635253906,88.98999786376953,89.23999786376953,88.9800033569336,89.2300033569336,576000
2006-03-21,47.0343017578125,88.52999877929688,89.1500015258789,88.36000061035156,89.1500015258789,817200
2006-03-22,47.135250091552734,88.72000122070312,88.9800033569336,88.62999725341797,88.75,205500
2006-03-23,46.98646545410156,88.44000244140625,88.87000274658203,88.33999633789062,88.81999969482422,613400
2006-03-24,47.33177185058594,89.08999633789062,89.29000091552734,88.5,88.52999877929688,954800
2006-03-27,47.1565055847168,88.76000213623047,89.05000305175781,88.5999984741211,89.05000305175781,467100
2006-03-28,46.715538024902344,87.93000030517578,88.43000030517578,87.83999633789062,88.4000015258789,1094900
2006-03-29,46.492374420166016,87.51000213623047,88.0199966430664,87.37000274658203,87.83000183105469,1071700
2006-03-30,46.168312072753906,86.9000015258789,87.29000091552734,86.58999633789062,87.13999938964844,1152000
2006-03-31,46.15234375,86.87000274658203,87.13999938964844,86.80000305175781,86.9800033569336,1167700
2006-04-03,46.16730880737305,86.56999969482422,86.69000244140625,86.08000183105469,86.18000030517578,1549700
2006-04-04,46.11930465698242,86.4800033569336,86.9000015258789,86.36000061035156,86.69999694824219,749100
2006-04-05,46.18330001831055,86.5999984741211,86.77999877929688,86.5,86.69999694824219,638600
2006-04-06,45.831329345703125,85.94000244140625,86.29000091552734,85.76000213623047,86.29000091552734,2022100
2006-04-07,45.383365631103516,85.0999984741211,85.62999725341797,84.9000015258789,85.43000030517578,1956500
2006-04-10,45.46866226196289,85.26000213623047,85.30000305175781,84.95999908447266,85.1500015258789,1527100
2006-04-11,45.6286735534668,85.55999755859375,85.69999694824219,85.33000183105469,85.58000183105469,1237300
2006-04-12,45.351356506347656,85.04000091552734,85.7300033569336,85.0,85.5999984741211,1902000
2006-04-13,45.031375885009766,84.44000244140625,84.63999938964844,84.2699966430664,84.5,3219400
2006-04-17,45.19673538208008,84.75,84.97000122070312,84.3499984741211,84.54000091552734,1465400
2006-04-18,45.27669143676758,84.9000015258789,85.2699966430664,84.73999786376953,84.94999694824219,2680300
2006-04-19,44.9993896484375,84.37999725341797,84.58999633789062,84.05999755859375,84.44999694824219,1830300
2006-04-20,44.96205520629883,84.30999755859375,84.51000213623047,84.12000274658203,84.41999816894531,1378200
2006-04-21,45.22340774536133,84.80000305175781,84.86000061035156,84.25,84.52999877929688,1303000
2006-04-24,45.40469741821289,85.13999938964844,85.38999938964844,84.8499984741211,84.94000244140625,991500
2006-04-25,44.86604690551758,84.12999725341797,85.0999984741211,84.05999755859375,85.04000091552734,2067400
2006-04-26,44.79142379760742,83.98999786376953,84.08000183105469,83.7300033569336,83.8499984741211,1544900
2006-04-27,44.850074768066406,84.0999984741211,84.30000305175781,83.6500015258789,83.75,1864200
2006-04-28,44.8820686340332,84.16000366210938,84.20999908447266,83.76000213623047,83.97000122070312,809400
2006-05-01,44.54478073120117,83.19999694824219,83.68000030517578,83.12000274658203,83.66999816894531,1795500
2006-05-02,44.66252136230469,83.41999816894531,83.54000091552734,83.26000213623047,83.26000213623047,1097900
2006-05-03,44.5661506652832,83.23999786376953,83.43000030517578,82.94000244140625,83.41999816894531,1114000
2006-05-04,44.491241455078125,83.0999984741211,83.4000015258789,83.0999984741211,83.37999725341797,977800
2006-05-05,44.75890350341797,83.5999984741211,84.08000183105469,83.48999786376953,84.0,1685900
2006-05-08,44.78568649291992,83.6500015258789,83.7699966430664,83.52999877929688,83.73999786376953,666400
2006-05-09,44.75890350341797,83.5999984741211,83.68000030517578,83.33000183105469,83.55000305175781,341300
2006-05-10,44.8392219543457,83.75,84.0199966430664,83.3499984741211,83.80000305175781,1320200
2006-05-11,44.619693756103516,83.33999633789062,83.45999908447266,83.08999633789062,83.45999908447266,1189800
2006-05-12,44.25028610229492,82.6500015258789,83.01000213623047,82.55999755859375,82.80999755859375,1804700
2006-05-15,44.42697525024414,82.9800033569336,83.2300033569336,82.6500015258789,82.6500015258789,1433500
2006-05-16,44.75890350341797,83.5999984741211,83.63999938964844,83.08000183105469,83.08000183105469,1677600
2006-05-17,44.480499267578125,83.08000183105469,83.08000183105469,82.72000122070312,82.91000366210938,1440800
2006-05-18,45.08549880981445,84.20999908447266,84.2300033569336,83.52999877929688,83.55000305175781,2177700
2006-05-19,45.20330047607422,84.43000030517578,84.86000061035156,84.08000183105469,84.12000274658203,2619500
2006-05-22,45.299686431884766,84.61000061035156,85.1500015258789,84.4800033569336,84.83999633789062,2652000
2006-05-23,45.272884368896484,84.55999755859375,84.55999755859375,84.02999877929688,84.05000305175781,1394900
2006-05-24,45.294307708740234,84.5999984741211,85.0,84.52999877929688,84.80999755859375,1226300
2006-05-25,45.11762237548828,84.2699966430664,84.7300033569336,84.19000244140625,84.72000122070312,678000
2006-05-26,45.08549880981445,84.20999908447266,84.5,84.20999908447266,84.23999786376953,398400
2006-05-30,45.064083099365234,84.16999816894531,84.30000305175781,84.01000213623047,84.19000244140625,482200
2006-05-31,44.79638671875,83.66999816894531,84.43000030517578,83.58000183105469,84.33999633789062,880700
2006-06-01,44.99631881713867,83.70999908447266,83.83999633789062,83.3499984741211,83.4000015258789,1561100
2006-06-02,45.5768928527832,84.79000091552734,84.88999938964844,84.5,84.72000122070312,2041900
2006-06-05,45.51774978637695,84.68000030517578,84.81999969482422,84.51000213623047,84.80999755859375,1102900
2006-06-06,45.732757568359375,85.08000183105469,85.18000030517578,84.58999633789062,84.66000366210938,2188000
2006-06-07,45.743526458740234,85.0999984741211,85.0999984741211,84.6500015258789,84.7300033569336,1324100
2006-06-08,45.83488464355469,85.2699966430664,85.77999877929688,85.11000061035156,85.23999786376953,3496700
2006-06-09,46.07678985595703,85.72000122070312,85.81999969482422,85.3499984741211,85.3499984741211,657200
2006-06-12,46.114471435546875,85.79000091552734,85.79000091552734,85.52999877929688,85.68000030517578,528700
2006-06-13,46.146671295166016,85.8499984741211,85.94000244140625,85.55000305175781,85.8499984741211,1448300
2006-06-14,45.68440246582031,84.98999786376953,85.55999755859375,84.91000366210938,85.5,1439100
2006-06-15,45.42101287841797,84.5,84.83999633789062,84.41000366210938,84.69000244140625,1734600
2006-06-16,45.318870544433594,84.30999755859375,84.76000213623047,84.18000030517578,84.69999694824219,1184600
2006-06-19,45.25436019897461,84.19000244140625,84.29000091552734,83.9800033569336,84.20999908447266,1233700
2006-06-20,45.17913055419922,84.05000305175781,84.19000244140625,83.87999725341797,84.12999725341797,611400
2006-06-21,45.18986129760742,84.06999969482422,84.25,84.06999969482422,84.25,476000
2006-06-22,44.931854248046875,83.58999633789062,83.9000015258789,83.55999755859375,83.83999633789062,745500
2006-06-23,44.840450286865234,83.41999816894531,83.7300033569336,83.3499984741211,83.62000274658203,675500
2006-06-26,44.75447082519531,83.26000213623047,83.47000122070312,83.12000274658203,83.41999816894531,526100
2006-06-27,44.97483444213867,83.66999816894531,83.73999786376953,83.37999725341797,83.37999725341797,429100
2006-06-28,44.73834228515625,83.2300033569336,83.62999725341797,83.19000244140625,83.62999725341797,381300
2006-06-29,44.888824462890625,83.51000213623047,83.81999969482422,83.36000061035156,83.58000183105469,1609300
2006-06-30,45.324222564697266,84.31999969482422,84.4000015258789,83.5,83.5,1219000
2006-07-03,45.27947998046875,83.91000366210938,83.95999908447266,83.7300033569336,83.9000015258789,716800
2006-07-05,44.91791915893555,83.23999786376953,83.41999816894531,82.94999694824219,83.4000015258789,1289200
2006-07-06,45.193119049072266,83.75,83.79000091552734,83.33000183105469,83.33000183105469,451400
2006-07-07,45.48451614379883,84.29000091552734,84.45999908447266,84.08000183105469,84.19999694824219,1356900
2006-07-10,45.52769470214844,84.37000274658203,84.4000015258789,84.05000305175781,84.18000030517578,480400
2006-07-11,45.673397064208984,84.63999938964844,84.86000061035156,84.58000183105469,84.58999633789062,423800
2006-07-12,45.684165954589844,84.66000366210938,84.81999969482422,84.2699966430664,84.33000183105469,641000
2006-07-13,45.862220764160156,84.98999786376953,85.05000305175781,84.68000030517578,84.69999694824219,1347400
2006-07-14,45.88922882080078,85.04000091552734,85.16000366210938,84.81999969482422,84.81999969482422,1343900
2006-07-17,45.95939636230469,85.16999816894531,85.19000244140625,84.8499984741211,84.97000122070312,514100
2006-07-18,45.5654411315918,84.44000244140625,84.75,84.4000015258789,84.69999694824219,621000
2006-07-19,45.99714660644531,85.23999786376953,85.30000305175781,84.23999786376953,84.33000183105469,1267400
2006-07-20,46.13205337524414,85.48999786376953,85.62999725341797,84.97000122070312,84.97000122070312,1320200
2006-07-21,46.04570388793945,85.33000183105469,85.66999816894531,85.19999694824219,85.5999984741211,652100
2006-07-24,46.01871871948242,85.27999877929688,85.51000213623047,85.20999908447266,85.41000366210938,393900
2006-07-25,45.88383865356445,85.02999877929688,85.37999725341797,84.9000015258789,85.2300033569336,948200
2006-07-26,46.051124572753906,85.33999633789062,85.37000274658203,84.87000274658203,84.91000366210938,717100
2006-07-27,45.98097229003906,85.20999908447266,85.4800033569336,85.12000274658203,85.4800033569336,295500
2006-07-28,46.245384216308594,85.69999694824219,85.88999938964844,85.5999984741211,85.6500015258789,769800
2006-07-31,46.304725646972656,85.80999755859375,85.80999755859375,85.55000305175781,85.62000274658203,375100
2006-08-01,46.3004264831543,85.45999908447266,85.5,85.04000091552734,85.31999969482422,577800
2006-08-02,46.47378921508789,85.77999877929688,85.77999877929688,85.19999694824219,85.37000274658203,477400
2006-08-03,46.48460006713867,85.80000305175781,86.04000091552734,85.5199966430664,85.62999725341797,500500
2006-08-04,46.766353607177734,86.31999969482422,86.4800033569336,86.29000091552734,86.4000015258789,1246000
2006-08-07,46.793418884277344,86.37000274658203,86.38999938964844,86.18000030517578,86.33000183105469,1127600
2006-08-08,46.69049835205078,86.18000030517578,86.56999969482422,86.08999633789062,86.37999725341797,844400
2006-08-09,46.538780212402344,85.9000015258789,86.0199966430664,85.70999908447266,85.75,372400
2006-08-10,46.46835708618164,85.7699966430664,85.8499984741211,85.44999694824219,85.8499984741211,539000
2006-08-11,46.26788330078125,85.4000015258789,85.52999877929688,85.36000061035156,85.47000122070312,450800
2006-08-14,46.18663024902344,85.25,85.37000274658203,85.19000244140625,85.3499984741211,662300
2006-08-15,46.57666015625,85.97000122070312,86.08999633789062,85.77999877929688,85.77999877929688,1093800
2006-08-16,46.89098358154297,86.55000305175781,86.63999938964844,86.45999908447266,86.56999969482422,838900
2006-08-17,46.874671936035156,86.5199966430664,86.7699966430664,86.41999816894531,86.7699966430664,922300
2006-08-18,47.01010513305664,86.7699966430664,86.91000366210938,86.6500015258789,86.72000122070312,1050700
2006-08-21,47.178096771240234,87.08000183105469,87.08000183105469,86.87000274658203,86.88999938964844,676400
2006-08-22,47.1943473815918,87.11000061035156,87.2300033569336,86.97000122070312,87.0,749300
2006-08-23,47.21604537963867,87.1500015258789,87.23999786376953,86.86000061035156,87.05999755859375,801700
2006-08-24,47.30267333984375,87.30999755859375,87.44000244140625,87.23999786376953,87.41000366210938,1206700
2006-08-25,47.373138427734375,87.44000244140625,87.58999633789062,87.19999694824219,87.23999786376953,569000
2006-08-28,47.41646957397461,87.5199966430664,87.5199966430664,87.23999786376953,87.41000366210938,582300
2006-08-29,47.48147964477539,87.63999938964844,87.63999938964844,86.9800033569336,87.25,1345600
2006-08-30,47.6060905456543,87.87000274658203,87.87000274658203,87.66000366210938,87.83000183105469,1180500
2006-08-31,47.719871520996094,88.08000183105469,88.19999694824219,87.73999786376953,87.73999786376953,1272400
2006-09-01,47.73613357543945,87.76000213623047,87.9000015258789,87.47000122070312,87.62000274658203,893400
2006-09-05,47.436988830566406,87.20999908447266,87.63999938964844,87.16000366210938,87.51000213623047,2271300
2006-09-06,47.37174987792969,87.08999633789062,87.08999633789062,86.72000122070312,86.88999938964844,1853400
2006-09-07,47.464229583740234,87.26000213623047,87.31999969482422,86.73999786376953,86.93000030517578,1716100
2006-09-08,47.50230026245117,87.33000183105469,87.5999984741211,87.33000183105469,87.48999786376953,540300
2006-09-11,47.458763122558594,87.25,87.48999786376953,86.94999694824219,87.48999786376953,557600
2006-09-12,47.69810104370117,87.69000244140625,87.70999908447266,87.0,87.1500015258789,820800
2006-09-13,47.719844818115234,87.7300033569336,88.02999877929688,87.66000366210938,88.02999877929688,797000
2006-09-14,47.61106872558594,87.52999877929688,87.87000274658203,87.41999816894531,87.6500015258789,672800
2006-09-15,47.5730094909668,87.45999908447266,87.94999694824219,87.44999694824219,87.76000213623047,1047200
2006-09-18,47.49684143066406,87.31999969482422,87.37999725341797,86.97000122070312,86.97000122070312,871400
2006-09-19,48.0299072265625,88.30000305175781,88.30000305175781,87.83999633789062,87.86000061035156,1229600
2006-09-20,48.10063171386719,88.43000030517578,88.4800033569336,88.13999938964844,88.37999725341797,827400
2006-09-21,48.54121780395508,89.23999786376953,89.27999877929688,88.3499984741211,88.3499984741211,1698600
2006-09-22,48.78053665161133,89.68000030517578,89.69999694824219,89.31999969482422,89.31999969482422,1428600
2006-09-25,49.12324523925781,90.30999755859375,90.30999755859375,89.80999755859375,89.83999633789062,2607600
2006-09-26,48.91653060913086,89.93000030517578,90.0999984741211,89.81999969482422,90.0,2200000
2006-09-27,48.775115966796875,89.66999816894531,90.27999877929688,89.62999725341797,90.25,1165400
2006-09-28,48.693538665771484,89.5199966430664,89.58999633789062,89.2699966430664,89.43000030517578,1796800
2006-09-29,48.63368606567383,89.41000366210938,89.7300033569336,89.08999633789062,89.69000244140625,1398000
2006-10-02,48.766902923583984,89.30000305175781,89.44999694824219,88.97000122070312,89.0999984741211,1211900
2006-10-03,48.70140075683594,89.18000030517578,89.44000244140625,89.1500015258789,89.4000015258789,854900
2006-10-04,49.05634307861328,89.83000183105469,89.8499984741211,89.33000183105469,89.33000183105469,1155500
2006-10-05,48.71230697631836,89.19999694824219,89.54000091552734,88.94999694824219,89.54000091552734,1241600
2006-10-06,48.204437255859375,88.2699966430664,89.0999984741211,88.22000122070312,89.08999633789062,2472400
2006-10-09,48.335479736328125,88.51000213623047,88.5999984741211,88.01000213623047,88.0999984741211,834900
2006-10-10,47.953243255615234,87.80999755859375,88.11000061035156,87.62999725341797,87.94999694824219,1398700
2006-10-11,47.811248779296875,87.55000305175781,88.02999877929688,87.41999816894531,87.94999694824219,1521600
2006-10-12,47.8385124206543,87.5999984741211,87.7699966430664,87.4800033569336,87.62999725341797,586400
2006-10-13,47.59830856323242,87.16000366210938,87.36000061035156,87.11000061035156,87.29000091552734,1414100
2006-10-16,47.811248779296875,87.55000305175781,87.55999755859375,87.37000274658203,87.4000015258789,897600
2006-10-17,47.84946823120117,87.62000274658203,88.05000305175781,87.51000213623047,87.87999725341797,730800
2006-10-18,47.94776153564453,87.80000305175781,87.87999725341797,87.55000305175781,87.69000244140625,499600
2006-10-19,47.86041259765625,87.63999938964844,87.76000213623047,87.36000061035156,87.58999633789062,797300
2006-10-20,47.811248779296875,87.55000305175781,87.69999694824219,87.55000305175781,87.61000061035156,280700
2006-10-23,47.62010192871094,87.19999694824219,87.20999908447266,86.87999725341797,87.1500015258789,1200600
2006-10-24,47.62010192871094,87.19999694824219,87.25,87.1500015258789,87.16999816894531,243400
2006-10-25,47.99690628051758,87.88999938964844,87.97000122070312,87.2300033569336,87.2699966430664,558400
2006-10-26,48.308204650878906,88.45999908447266,88.5199966430664,88.1500015258789,88.1500015258789,1558300
2006-10-27,48.53208923339844,88.87000274658203,89.05000305175781,88.69999694824219,89.0199966430664,1601500
2006-10-30,48.66862869262695,89.12000274658203,89.12000274658203,88.83999633789062,88.88999938964844,901200
2006-10-31,49.0454216003418,89.80999755859375,89.87000274658203,89.13999938964844,89.25,964600
2006-11-01,49.31682205200195,89.95999908447266,90.12000274658203,89.44999694824219,89.61000061035156,1440100
2006-11-02,49.113929748535156,89.58999633789062,89.7699966430664,89.4800033569336,89.62999725341797,853300
2006-11-03,48.532867431640625,88.52999877929688,88.83999633789062,88.30000305175781,88.66999816894531,1534100
2006-11-06,48.67542266845703,88.79000091552734,88.79000091552734,88.3499984741211,88.3499984741211,528000
2006-11-07,48.9001579284668,89.19999694824219,89.51000213623047,89.12000274658203,89.27999877929688,525900
2006-11-08,49.075626373291016,89.5199966430664,89.5199966430664,89.08999633789062,89.23999786376953,706300
2006-11-09,49.0482177734375,89.47000122070312,89.58999633789062,89.37999725341797,89.47000122070312,729600
2006-11-10,49.26200485229492,89.86000061035156,90.04000091552734,89.6500015258789,89.6500015258789,738100
2006-11-13,49.25100326538086,89.83999633789062,89.83999633789062,89.47000122070312,89.83999633789062,462400
2006-11-14,49.44289016723633,90.19000244140625,90.38999938964844,90.12000274658203,90.33999633789062,916400
2006-11-15,49.25651550292969,89.8499984741211,90.05000305175781,89.73999786376953,90.05000305175781,1803200
2006-11-16,49.03175354003906,89.44000244140625,90.05000305175781,89.27999877929688,90.0,1494400
2006-11-17,49.31135940551758,89.94999694824219,90.22000122070312,89.51000213623047,89.55999755859375,1752000
2006-11-20,49.388038635253906,90.08999633789062,90.12000274658203,89.86000061035156,90.0,857200
2006-11-21,49.50869369506836,90.30999755859375,90.38999938964844,89.95999908447266,90.13999938964844,605100
2006-11-22,49.590904235839844,90.45999908447266,90.51000213623047,90.2699966430664,90.36000061035156,770300
2006-11-24,49.67863082885742,90.62000274658203,90.9000015258789,90.62000274658203,90.75,533400
2006-11-27,49.859527587890625,90.94999694824219,90.94999694824219,90.12000274658203,90.2300033569336,784500
2006-11-28,49.96369171142578,91.13999938964844,91.25,90.76000213623047,91.23999786376953,1466300
2006-11-29,49.84852600097656,90.93000030517578,91.36000061035156,90.91000366210938,91.30000305175781,1206400
2006-11-30,50.1775016784668,91.52999877929688,91.62999725341797,91.13999938964844,91.2699966430664,1428600
2006-12-01,50.30513381958008,91.41999816894531,91.80000305175781,91.1500015258789,91.27999877929688,1156000
2006-12-04,50.3931884765625,91.58000183105469,91.62000274658203,91.22000122070312,91.30000305175781,460700
2006-12-05,50.156558990478516,91.1500015258789,91.5199966430664,91.0,91.36000061035156,1833700
2006-12-06,50.05752944946289,90.97000122070312,91.18000030517578,90.88999938964844,91.02999877929688,936100
2006-12-07,50.01900863647461,90.9000015258789,91.08999633789062,90.75,90.98999786376953,739200
2006-12-08,49.65586853027344,90.23999786376953,90.97000122070312,90.19000244140625,90.8499984741211,2090300
2006-12-11,49.8704719543457,90.62999725341797,90.73999786376953,90.51000213623047,90.62999725341797,727700
2006-12-12,49.97500991821289,90.81999969482422,90.97000122070312,90.44999694824219,90.7300033569336,802800
2006-12-13,49.52928161621094,90.01000213623047,90.3499984741211,89.81999969482422,90.30999755859375,1217900
2006-12-14,49.34767532348633,89.68000030517578,89.9000015258789,89.5999984741211,89.81999969482422,687600
2006-12-15,49.375179290771484,89.7300033569336,90.66000366210938,89.5999984741211,90.58000183105469,1162100
2006-12-18,49.391746520996094,89.76000213623047,89.83999633789062,89.58999633789062,89.72000122070312,441400
2006-12-19,49.32570266723633,89.63999938964844,89.80999755859375,89.51000213623047,89.51000213623047,930700
2006-12-20,49.32016372680664,89.62999725341797,89.68000030517578,89.55000305175781,89.6500015258789,336800
2006-12-21,49.5677490234375,90.08000183105469,90.19000244140625,89.5999984741211,89.70999908447266,770700
2006-12-22,49.188114166259766,89.38999938964844,89.8499984741211,89.20999908447266,89.83000183105469,1433200
2006-12-26,49.3366813659668,89.66000366210938,89.69000244140625,89.36000061035156,89.44999694824219,496200
2006-12-27,48.973941802978516,88.69999694824219,89.33000183105469,88.69999694824219,89.27999877929688,840700
2006-12-28,48.86353302001953,88.5,88.95999908447266,88.05999755859375,88.9000015258789,1080200
2006-12-29,48.82487487792969,88.43000030517578,88.55000305175781,88.20999908447266,88.3499984741211,775500
2007-01-03,49.17267990112305,89.05999755859375,89.45999908447266,88.66000366210938,89.22000122070312,1870400
2007-01-04,49.47088623046875,89.5999984741211,89.6500015258789,89.22000122070312,89.22000122070312,1697000
2007-01-05,49.25552749633789,89.20999908447266,89.4000015258789,88.75,88.80000305175781,1298400
2007-01-08,49.34386444091797,89.37000274658203,89.37000274658203,89.05000305175781,89.12000274658203,414200
2007-01-09,49.34386444091797,89.37000274658203,89.4800033569336,89.22000122070312,89.4800033569336,481500
2007-01-10,49.12300109863281,88.97000122070312,89.12999725341797,88.87999725341797,89.06999969482422,519600
2007-01-11,48.83588790893555,88.44999694824219,88.80000305175781,88.26000213623047,88.79000091552734,1293500
2007-01-12,48.609527587890625,88.04000091552734,88.83999633789062,87.9000015258789,88.1500015258789,846300
2007-01-16,48.714447021484375,88.2300033569336,88.23999786376953,88.02999877929688,88.2300033569336,702800
2007-01-17,48.565406799316406,87.95999908447266,88.2699966430664,87.81999969482422,88.20999908447266,724200
2007-01-18,48.714447021484375,88.2300033569336,88.27999877929688,87.77999877929688,87.94000244140625,918300
2007-01-19,48.581932067871094,87.98999786376953,88.1500015258789,87.87000274658203,88.1500015258789,882500
2007-01-22,48.6978874206543,88.19999694824219,88.33000183105469,88.12000274658203,88.1500015258789,432000
2007-01-23,48.377662658691406,87.62000274658203,88.05000305175781,87.56999969482422,88.0199966430664,1096800
2007-01-24,48.37208557128906,87.61000061035156,87.69999694824219,87.5,87.66000366210938,463700
2007-01-25,48.024253845214844,86.9800033569336,87.47000122070312,86.87999725341797,87.44999694824219,1397000
2007-01-26,47.9856071472168,86.91000366210938,87.08000183105469,86.6500015258789,86.77999877929688,1576800
2007-01-29,47.88075637817383,86.72000122070312,87.0999984741211,86.5999984741211,87.05999755859375,1015300
2007-01-30,47.93593215942383,86.81999969482422,86.91000366210938,86.76000213623047,86.88999938964844,1295100
2007-01-31,48.33898162841797,87.55000305175781,87.61000061035156,86.69999694824219,86.69999694824219,2078000
2007-02-01,48.280799865722656,87.08999633789062,87.76000213623047,87.0,87.6500015258789,986200
2007-02-02,48.341739654541016,87.19999694824219,87.38999938964844,87.08000183105469,87.08000183105469,814700
2007-02-05,48.40829086303711,87.31999969482422,87.45999908447266,87.16000366210938,87.4000015258789,395500
2007-02-06,48.67436218261719,87.80000305175781,87.83000183105469,87.16000366210938,87.19999694824219,770500
2007-02-07,48.818546295166016,88.05999755859375,88.12000274658203,87.83999633789062,87.9000015258789,836200
2007-02-08,48.857337951660156,88.12999725341797,88.30999755859375,87.91000366210938,87.98999786376953,980200
2007-02-09,48.58015060424805,87.62999725341797,87.91999816894531,87.55000305175781,87.88999938964844,878300
2007-02-12,48.469242095947266,87.43000030517578,87.6500015258789,87.33000183105469,87.48999786376953,467600
2007-02-13,48.363914489746094,87.23999786376953,87.48999786376953,87.19999694824219,87.48999786376953,1310600
2007-02-14,48.8240966796875,88.06999969482422,88.19000244140625,87.5199966430664,87.5199966430664,2262500
2007-02-15,48.96821212768555,88.33000183105469,88.58000183105469,88.33000183105469,88.52999877929688,893800
2007-02-16,49.140071868896484,88.63999938964844,88.72000122070312,88.4800033569336,88.58999633789062,1476700
2007-02-20,49.25093078613281,88.83999633789062,88.8499984741211,88.5,88.5,847400
2007-02-21,49.16777038574219,88.69000244140625,88.69999694824219,88.4800033569336,88.52999877929688,379800
2007-02-22,48.90168762207031,88.20999908447266,88.44999694824219,88.08999633789062,88.41000366210938,485200
2007-02-23,49.25093078613281,88.83999633789062,88.94000244140625,88.48999786376953,88.52999877929688,735700
2007-02-26,49.578025817871094,89.43000030517578,89.44000244140625,89.11000061035156,89.1500015258789,763400
2007-02-27,50.204463958740234,90.55999755859375,91.26000213623047,89.5999984741211,89.73999786376953,3243200
2007-02-28,49.97719955444336,90.1500015258789,90.47000122070312,89.88999938964844,90.16000366210938,1701900
2007-03-01,49.9454460144043,89.75,90.43000030517578,89.6500015258789,90.27999877929688,2423900
2007-03-02,50.195858001708984,90.19999694824219,90.4800033569336,89.66999816894531,89.95999908447266,1619800
2007-03-05,50.279327392578125,90.3499984741211,90.5,90.05999755859375,90.4800033569336,1505200
2007-03-06,50.12910079956055,90.08000183105469,90.36000061035156,89.98999786376953,90.05999755859375,837400
2007-03-07,50.3238639831543,90.43000030517578,90.5,89.9800033569336,90.08000183105469,915400
2007-03-08,50.279327392578125,90.3499984741211,90.41999816894531,90.11000061035156,90.29000091552734,574700
2007-03-09,49.750648498535156,89.4000015258789,89.9000015258789,89.19000244140625,89.37999725341797,1534700
2007-03-12,49.9454460144043,89.75,89.9800033569336,89.68000030517578,89.7300033569336,594400
2007-03-13,50.245967864990234,90.29000091552734,90.33999633789062,89.9800033569336,90.2300033569336,553800
2007-03-14,50.01778030395508,89.87999725341797,90.54000091552734,89.83999633789062,90.1500015258789,1698100
2007-03-15,50.01223373413086,89.87000274658203,89.95999908447266,89.66999816894531,89.76000213623047,394900
2007-03-16,50.001094818115234,89.8499984741211,89.91999816894531,89.6500015258789,89.66999816894531,623800
2007-03-19,49.89535903930664,89.66000366210938,89.69999694824219,89.5199966430664,89.58000183105469,693900
2007-03-20,49.92319107055664,89.70999908447266,89.94999694824219,89.69000244140625,89.91000366210938,768400
2007-03-21,49.9454460144043,89.75,90.08999633789062,88.69000244140625,89.37999725341797,1513400
2007-03-22,49.550331115722656,89.04000091552734,89.4800033569336,88.83000183105469,89.4800033569336,1484300
2007-03-23,49.41126251220703,88.79000091552734,89.19999694824219,88.77999877929688,89.19000244140625,1679700
2007-03-26,49.47243118286133,88.9000015258789,89.2699966430664,88.5,88.62000274658203,763600
2007-03-27,49.38896560668945,88.75,88.80999755859375,88.55999755859375,88.63999938964844,619800
2007-03-28,49.288787841796875,88.56999969482422,89.11000061035156,88.41000366210938,88.91000366210938,816900
2007-03-29,49.22198486328125,88.44999694824219,88.66999816894531,88.31999969482422,88.54000091552734,823000
2007-03-30,49.12741470336914,88.27999877929688,88.91999816894531,88.22000122070312,88.6500015258789,2015100
2007-04-02,49.208961486816406,88.0999984741211,88.22000122070312,88.01000213623047,88.11000061035156,579600
2007-04-03,49.147518157958984,87.98999786376953,88.16999816894531,87.9800033569336,88.0199966430664,617000
2007-04-04,49.197750091552734,88.08000183105469,88.33999633789062,87.9000015258789,88.16999816894531,576900
2007-04-05,49.01345443725586,87.75,88.12000274658203,87.70999908447266,88.0999984741211,436400
2007-04-09,48.68946838378906,87.16999816894531,87.30999755859375,87.12999725341797,87.27999877929688,1283900
2007-04-10,48.8347053527832,87.43000030517578,87.55000305175781,87.30999755859375,87.38999938964844,674400
2007-04-11,48.80121612548828,87.37000274658203,87.58000183105469,87.27999877929688,87.47000122070312,476200
2007-04-12,48.81239700317383,87.38999938964844,87.56999969482422,87.27999877929688,87.5,495100
2007-04-13,48.66156005859375,87.12000274658203,87.47000122070312,87.01000213623047,87.41000366210938,557800
2007-04-16,48.92966842651367,87.5999984741211,87.68000030517578,87.4000015258789,87.4000015258789,833600
2007-04-17,49.20340347290039,88.08999633789062,88.16000366210938,87.83999633789062,87.88999938964844,1254200
2007-04-18,49.44913101196289,88.52999877929688,88.55999755859375,88.36000061035156,88.37000274658203,450800
2007-04-19,49.36537551879883,88.37999725341797,88.70999908447266,88.19999694824219,88.66000366210938,1305900
2007-04-20,49.23689651489258,88.1500015258789,88.44999694824219,88.05999755859375,88.44999694824219,664500
2007-04-23,49.415645599365234,88.47000122070312,88.58999633789062,88.04000091552734,88.13999938964844,419000
2007-04-24,49.599918365478516,88.80000305175781,88.81999969482422,88.44999694824219,88.44999694824219,881300
2007-04-25,49.42678451538086,88.48999786376953,88.79000091552734,88.11000061035156,88.56999969482422,569000
2007-04-26,49.06929016113281,87.8499984741211,88.43000030517578,87.8499984741211,88.43000030517578,2048400
2007-04-27,49.058197021484375,87.83000183105469,88.05000305175781,87.77999877929688,88.01000213623047,428700
2007-04-30,49.57204055786133,88.75,88.75,88.25,88.33000183105469,485700
2007-05-01,49.6078987121582,88.48999786376953,88.63999938964844,88.11000061035156,88.58000183105469,487200
2007-05-02,49.579856872558594,88.44000244140625,88.4800033569336,88.29000091552734,88.44000244140625,443900
2007-05-03,49.467735290527344,88.23999786376953,88.37000274658203,88.01000213623047,88.37000274658203,427000
2007-05-04,49.669578552246094,88.5999984741211,88.63999938964844,88.5,88.5199966430664,262000
2007-05-07,49.80412673950195,88.83999633789062,88.8499984741211,88.66999816894531,88.69999694824219,210200
2007-05-08,49.691986083984375,88.63999938964844,89.01000213623047,88.63999938964844,89.01000213623047,488400
2007-05-09,49.495750427246094,88.29000091552734,88.66000366210938,88.26000213623047,88.6500015258789,634900
2007-05-10,49.61351013183594,88.5,88.58999633789062,88.30999755859375,88.4000015258789,519500
2007-05-11,49.4397087097168,88.19000244140625,88.69999694824219,88.12999725341797,88.63999938964844,1238400
2007-05-14,49.310791015625,87.95999908447266,88.27999877929688,87.95999908447266,88.2300033569336,315200
2007-05-15,49.293941497802734,87.93000030517578,88.20999908447266,87.66000366210938,88.19000244140625,382400
2007-05-16,49.26033020019531,87.87000274658203,88.0,87.83000183105469,87.86000061035156,599500
2007-05-17,49.058502197265625,87.51000213623047,87.72000122070312,87.41000366210938,87.5999984741211,397000
2007-05-18,48.733367919921875,86.93000030517578,87.5,86.87999725341797,87.3499984741211,856500
2007-05-21,48.879085540771484,87.19000244140625,87.23999786376953,86.83000183105469,86.93000030517578,821100
2007-05-22,48.62682342529297,86.73999786376953,87.19999694824219,86.68000030517578,87.18000030517578,920200
2007-05-23,48.4866828918457,86.48999786376953,86.83999633789062,86.30999755859375,86.83999633789062,914500
2007-05-24,48.5315055847168,86.56999969482422,86.58999633789062,85.95999908447266,86.45999908447266,1598200
2007-05-25,48.4194221496582,86.37000274658203,86.61000061035156,86.33000183105469,86.4000015258789,754900
2007-05-29,48.413818359375,86.36000061035156,86.56999969482422,85.83000183105469,86.51000213623047,1055700
2007-05-30,48.514732360839844,86.54000091552734,86.79000091552734,86.38999938964844,86.79000091552734,612000
2007-05-31,48.42498779296875,86.37999725341797,86.58000183105469,86.04000091552734,86.55999755859375,1725900
2007-06-01,48.170631408691406,85.58999633789062,86.83999633789062,85.54000091552734,85.9000015258789,1694300
2007-06-04,48.39015197753906,85.9800033569336,86.0199966430664,85.66999816894531,85.83000183105469,877700
2007-06-05,48.08621597290039,85.44000244140625,85.94000244140625,85.37999725341797,85.88999938964844,1145400
2007-06-06,48.06368637084961,85.4000015258789,85.54000091552734,85.26000213623047,85.36000061035156,1129200
2007-06-07,47.20259475708008,83.87000274658203,84.70999908447266,83.7300033569336,84.62999725341797,5010400
2007-06-08,47.1632194519043,83.80000305175781,84.12000274658203,83.36000061035156,83.61000061035156,5307600
2007-06-11,47.02812194824219,83.55999755859375,83.88999938964844,83.26000213623047,83.48999786376953,2043800
2007-06-12,46.34713363647461,82.3499984741211,83.41999816894531,82.19999694824219,82.91000366210938,9043900
2007-06-13,46.89871597290039,83.33000183105469,83.76000213623047,82.6500015258789,82.69999694824219,8751200
2007-06-14,46.78049087524414,83.12000274658203,83.70999908447266,83.05000305175781,83.13999938964844,3384700
2007-06-15,47.101287841796875,83.69000244140625,83.7300033569336,83.19999694824219,83.41999816894531,5827200
2007-06-18,47.00559616088867,83.5199966430664,83.6500015258789,82.23999786376953,83.62999725341797,17704600
2007-06-19,47.444602966308594,84.30000305175781,84.44999694824219,83.72000122070312,83.81999969482422,4620100
2007-06-20,47.06189727783203,83.62000274658203,84.08000183105469,83.58999633789062,84.0199966430664,3031700
2007-06-21,46.836795806884766,83.22000122070312,83.69999694824219,83.20999908447266,83.54000091552734,850400
2007-06-22,47.140682220458984,83.76000213623047,83.7699966430664,82.94999694824219,83.05000305175781,2118900
2007-06-25,47.39955139160156,84.22000122070312,84.3499984741211,83.95999908447266,84.1500015258789,1323500
2007-06-26,47.41084671020508,84.23999786376953,84.31999969482422,83.97000122070312,84.29000091552734,2187800
2007-06-27,47.45585632324219,84.31999969482422,84.73999786376953,84.19999694824219,84.61000061035156,6109300
2007-06-28,47.444602966308594,84.30000305175781,84.58000183105469,84.18000030517578,84.31999969482422,3612500
2007-06-29,47.934268951416016,85.16999816894531,85.30000305175781,84.63999938964844,84.8499984741211,1962200
2007-07-02,48.18621826171875,85.29000091552734,85.37000274658203,84.80999755859375,84.80999755859375,2811700
2007-07-03,47.89240646362305,84.7699966430664,85.33999633789062,84.70999908447266,85.25,1387500
2007-07-05,47.35574722290039,83.81999969482422,84.41999816894531,83.72000122070312,84.30999755859375,4586800
2007-07-06,47.16361618041992,83.4800033569336,83.55000305175781,83.27999877929688,83.54000091552734,1437800
2007-07-09,47.3331184387207,83.77999877929688,83.93000030517578,83.68000030517578,83.87000274658203,795400
2007-07-10,48.135414123535156,85.19999694824219,85.19999694824219,84.43000030517578,84.4800033569336,2258000
2007-07-11,47.63820266723633,84.31999969482422,85.08999633789062,84.31999969482422,84.94999694824219,1191300
2007-07-12,47.47435760498047,84.02999877929688,84.58000183105469,83.87000274658203,84.55000305175781,1941200
2007-07-13,47.60432434082031,84.26000213623047,84.55000305175781,83.94000244140625,84.44999694824219,725900
2007-07-16,48.061981201171875,85.06999969482422,85.11000061035156,84.5199966430664,84.5199966430664,952000
2007-07-17,47.96025085449219,84.88999938964844,85.08999633789062,84.5,84.86000061035156,734200
2007-07-18,48.14104461669922,85.20999908447266,85.54000091552734,84.80999755859375,84.93000030517578,1836800
2007-07-19,48.12972640991211,85.19000244140625,85.26000213623047,84.80000305175781,84.9000015258789,1021000
2007-07-20,48.564735412597656,85.95999908447266,86.08000183105469,85.31999969482422,85.37999725341797,1459900
2007-07-23,48.48568344116211,85.81999969482422,85.97000122070312,85.69000244140625,85.69000244140625,777900
2007-07-24,48.666465759277344,86.13999938964844,86.16000366210938,85.72000122070312,86.01000213623047,1351600
2007-07-25,48.762489318847656,86.30999755859375,86.38999938964844,86.0,86.06999969482422,881100
2007-07-26,49.169307708740234,87.02999877929688,87.45999908447266,86.6500015258789,86.73999786376953,2866400
2007-07-27,49.31050491333008,87.27999877929688,87.55999755859375,86.8499984741211,87.05000305175781,5367800
2007-07-30,49.169307708740234,87.02999877929688,87.36000061035156,86.91000366210938,87.19000244140625,1803900
2007-07-31,49.52520751953125,87.66000366210938,87.75,86.94999694824219,87.12999725341797,2467600
2007-08-01,49.418006896972656,87.12999725341797,87.54000091552734,87.08999633789062,87.26000213623047,2154700
2007-08-02,49.54279327392578,87.3499984741211,87.44999694824219,86.98999786376953,87.20999908447266,2079400
2007-08-03,49.87171173095703,87.93000030517578,87.93000030517578,87.27999877929688,87.27999877929688,1577600
2007-08-06,49.50876235961914,87.29000091552734,87.72000122070312,87.16999816894531,87.69999694824219,1298400
2007-08-07,49.46907043457031,87.22000122070312,87.70999908447266,86.91999816894531,87.43000030517578,1890800
2007-08-08,48.86784744262695,86.16000366210938,86.88999938964844,85.86000061035156,86.88999938964844,6453000
2007-08-09,48.935909271240234,86.27999877929688,86.86000061035156,85.72000122070312,86.75,2637500
2007-08-10,48.822471618652344,86.08000183105469,86.69999694824219,85.9800033569336,86.48999786376953,1496400
2007-08-13,48.96422576904297,86.33000183105469,86.4000015258789,85.9000015258789,85.91999816894531,1312600
2007-08-14,49.09473419189453,86.55999755859375,86.77999877929688,86.01000213623047,86.0199966430664,1314700
2007-08-15,48.918888092041016,86.25,86.75,86.25,86.6500015258789,1101700
2007-08-16,49.42365264892578,87.13999938964844,87.5999984741211,86.76000213623047,86.87000274658203,2410200
2007-08-17,49.22518539428711,86.79000091552734,86.91000366210938,86.05000305175781,86.4000015258789,2114400
2007-08-20,49.25354766845703,86.83999633789062,87.2699966430664,86.83000183105469,86.95999908447266,1048700
2007-08-21,49.49177551269531,87.26000213623047,87.41000366210938,87.05000305175781,87.0999984741211,1517200
2007-08-22,49.41231155395508,87.12000274658203,87.30999755859375,86.80999755859375,87.05000305175781,1137800
2007-08-23,49.582481384277344,87.41999816894531,87.68000030517578,87.02999877929688,87.08999633789062,1618800
2007-08-24,49.82639694213867,87.8499984741211,88.08000183105469,87.55999755859375,87.7699966430664,1614600
2007-08-27,50.0872802734375,88.30999755859375,88.4800033569336,88.1500015258789,88.27999877929688,1585400
2007-08-28,50.1723747253418,88.45999908447266,88.73999786376953,88.27999877929688,88.43000030517578,1298900
2007-08-29,50.03623962402344,88.22000122070312,88.7699966430664,88.16000366210938,88.48999786376953,2686700
2007-08-30,50.370826721191406,88.80999755859375,88.95999908447266,88.47000122070312,88.61000061035156,1806800
2007-08-31,50.41059875488281,88.87999725341797,89.19999694824219,88.54000091552734,88.58999633789062,2763200
2007-09-04,50.43449020385742,88.55999755859375,89.12999725341797,88.19999694824219,88.83000183105469,931000
2007-09-05,50.83880615234375,89.2699966430664,89.3499984741211,88.72000122070312,88.76000213623047,1271500
2007-09-06,50.70786666870117,89.04000091552734,89.48999786376953,88.94999694824219,89.30999755859375,1768400
2007-09-07,51.4254035949707,90.30000305175781,90.5,89.69000244140625,89.75,2852200
2007-09-10,51.824039459228516,91.0,91.2699966430664,90.5,90.5,2495200
2007-09-11,51.784183502197266,90.93000030517578,91.2699966430664,90.69999694824219,90.87999725341797,3925400
2007-09-12,51.59056091308594,90.58999633789062,90.94000244140625,90.41999816894531,90.9000015258789,4458300
2007-09-13,51.1292610168457,89.77999877929688,90.33000183105469,89.58000183105469,90.30000305175781,2020600
2007-09-14,51.20328140258789,89.91000366210938,90.58999633789062,89.62000274658203,90.58000183105469,1357200
2007-09-17,51.44820785522461,90.33999633789062,90.38999938964844,89.76000213623047,89.81999969482422,1285400
2007-09-18,51.06092071533203,89.66000366210938,90.23999786376953,89.0,89.80000305175781,3132800
2007-09-19,50.588253021240234,88.83000183105469,89.01000213623047,88.37000274658203,88.70999908447266,3854700
2007-09-20,49.63148880004883,87.1500015258789,88.29000091552734,87.0999984741211,88.18000030517578,5903200
2007-09-21,50.05293655395508,87.88999938964844,88.12999725341797,87.58000183105469,87.58000183105469,2217600
2007-09-24,50.195274353027344,88.13999938964844,88.27999877929688,87.91000366210938,88.02999877929688,1943600
2007-09-25,50.018775939941406,87.83000183105469,88.62000274658203,87.83000183105469,88.5,2513500
2007-09-26,50.0643196105957,87.91000366210938,88.12999725341797,87.43000030517578,87.62000274658203,2646400
2007-09-27,50.41175842285156,88.5199966430664,88.77999877929688,88.1500015258789,88.23999786376953,1802900
2007-09-28,50.525596618652344,88.72000122070312,89.33000183105469,88.22000122070312,89.16000366210938,1254700
2007-10-01,50.81435012817383,88.87999725341797,88.9800033569336,88.43000030517578,88.69000244140625,1399400
2007-10-02,50.97442626953125,89.16000366210938,89.37000274658203,88.68000030517578,88.75,887800
2007-10-03,50.82575225830078,88.9000015258789,89.43000030517578,88.7300033569336,89.33000183105469,1164600
2007-10-04,51.02013397216797,89.23999786376953,89.31999969482422,88.91000366210938,89.01000213623047,1128700
2007-10-05,50.47129440307617,88.27999877929688,88.44000244140625,87.70999908447266,88.30999755859375,2184700
2007-10-08,50.43128204345703,88.20999908447266,88.5,87.7699966430664,87.7699966430664,280100
2007-10-09,50.368350982666016,88.0999984741211,88.36000061035156,87.77999877929688,88.16000366210938,901000
2007-10-10,50.396976470947266,88.1500015258789,88.43000030517578,87.79000091552734,87.9800033569336,855500
2007-10-11,50.34552764892578,88.05999755859375,88.08999633789062,87.44999694824219,87.5199966430664,1533400
2007-10-12,50.09965515136719,87.62999725341797,88.18000030517578,87.4800033569336,87.5199966430664,1133900
2007-10-15,50.11116409301758,87.6500015258789,87.72000122070312,87.4000015258789,87.4800033569336,553300
2007-10-16,50.1282844543457,87.68000030517578,87.9800033569336,87.54000091552734,87.6500015258789,855500
2007-10-17,50.67711639404297,88.63999938964844,88.94999694824219,87.7699966430664,87.7699966430664,2377000
2007-10-18,50.95725631713867,89.12999725341797,89.33999633789062,89.0199966430664,89.11000061035156,1374100
2007-10-19,51.717628479003906,90.45999908447266,90.5999984741211,89.61000061035156,89.62999725341797,2561800
2007-10-22,51.72338104248047,90.47000122070312,90.6500015258789,90.06999969482422,90.58000183105469,1866500
2007-10-23,51.65470886230469,90.3499984741211,90.5199966430664,90.0999984741211,90.26000213623047,1046600
2007-10-24,52.03778839111328,91.0199966430664,91.38999938964844,90.55999755859375,90.70999908447266,2829300
2007-10-25,51.86056137084961,90.70999908447266,91.18000030517578,90.69999694824219,91.05999755859375,3062200
2007-10-26,51.740543365478516,90.5,91.0,90.33999633789062,90.37000274658203,1366500
2007-10-29,51.94057846069336,90.8499984741211,90.98999786376953,90.4800033569336,90.5,881000
2007-10-30,51.912017822265625,90.80000305175781,91.01000213623047,90.41999816894531,90.7300033569336,1439600
2007-10-31,51.44322967529297,89.9800033569336,90.69999694824219,89.75,90.5,2498500
2007-11-01,52.111656188964844,90.75,91.01000213623047,89.95999908447266,89.95999908447266,2563400
2007-11-02,52.27813720703125,91.04000091552734,91.54000091552734,90.20999908447266,90.44999694824219,1927700
2007-11-05,52.25516128540039,91.0,91.38999938964844,90.80000305175781,91.16000366210938,1021500
2007-11-06,52.00251388549805,90.55999755859375,91.1500015258789,90.4800033569336,90.5999984741211,575800
2007-11-07,52.0943717956543,90.72000122070312,90.76000213623047,90.31999969482422,90.54000091552734,1456100
2007-11-08,52.00251388549805,90.55999755859375,90.94000244140625,90.43000030517578,90.6500015258789,2179600
2007-11-09,52.444644927978516,91.33000183105469,91.58999633789062,90.93000030517578,91.04000091552734,887200
2007-11-12,52.63417434692383,91.66000366210938,91.98999786376953,91.3499984741211,91.98999786376953,460600
2007-11-13,52.43894577026367,91.31999969482422,91.48999786376953,91.16999816894531,91.41999816894531,1116600
2007-11-14,52.49634552001953,91.41999816894531,91.51000213623047,90.91999816894531,90.94999694824219,684400
2007-11-15,52.99018478393555,92.27999877929688,92.55999755859375,91.48999786376953,91.61000061035156,1312900
2007-11-16,53.06484603881836,92.41000366210938,92.69999694824219,92.20999908447266,92.2699966430664,1333800
2007-11-19,53.40938949584961,93.01000213623047,93.41999816894531,92.41000366210938,92.54000091552734,1343900
2007-11-20,53.35194396972656,92.91000366210938,93.29000091552734,92.80000305175781,93.08999633789062,1367800
2007-11-21,53.66207504272461,93.44999694824219,93.58000183105469,93.23999786376953,93.4000015258789,1297800
2007-11-23,53.82282638549805,93.7300033569336,93.80000305175781,93.30999755859375,93.44000244140625,437400
2007-11-26,54.885135650634766,95.58000183105469,96.36000061035156,94.12000274658203,94.22000122070312,4427000
2007-11-27,54.36262130737305,94.66999816894531,95.25,93.98999786376953,94.95999908447266,3100300
2007-11-28,53.9951286315918,94.02999877929688,94.69000244140625,93.83999633789062,94.55999755859375,2088100
2007-11-29,54.46024703979492,94.83999633789062,95.41999816894531,94.66000366210938,94.81999969482422,1594500
2007-11-30,54.19608688354492,94.37999725341797,94.38999938964844,93.73999786376953,93.87999725341797,1952100
2007-12-03,54.62620162963867,94.75,95.0999984741211,94.27999877929688,94.76000213623047,1272700
2007-12-04,54.62040328979492,94.73999786376953,95.05999755859375,94.1500015258789,94.9000015258789,1721200
2007-12-05,53.96892547607422,93.61000061035156,94.47000122070312,93.55999755859375,94.22000122070312,1866000
2007-12-06,53.49620056152344,92.79000091552734,93.33999633789062,92.54000091552734,93.31999969482422,2270200
2007-12-07,52.89655685424805,91.75,92.3499984741211,91.37999725341797,92.18000030517578,2171000
2007-12-10,52.57950973510742,91.19999694824219,91.69000244140625,90.75,91.63999938964844,2242500
2007-12-11,53.61145782470703,92.98999786376953,93.2300033569336,91.58000183105469,91.7300033569336,2892400
2007-12-12,53.05799865722656,92.02999877929688,92.6500015258789,91.2699966430664,91.44999694824219,2225400
2007-12-13,52.48149108886719,91.02999877929688,91.81999969482422,90.9000015258789,91.61000061035156,1222100
2007-12-14,52.23932647705078,90.61000061035156,90.91999816894531,90.5,90.79000091552734,1354900
2007-12-17,52.706329345703125,91.41999816894531,91.54000091552734,90.93000030517578,91.06999969482422,2046200
2007-12-18,53.04651641845703,92.01000213623047,92.30000305175781,91.55000305175781,91.58999633789062,1417100
2007-12-19,53.749855041503906,93.2300033569336,93.55999755859375,91.87999725341797,92.4000015258789,2252400
2007-12-20,53.63450622558594,93.02999877929688,93.87000274658203,93.0199966430664,93.26000213623047,1659400
2007-12-21,52.8504638671875,91.66999816894531,92.91999816894531,91.66000366210938,92.9000015258789,1767600
2007-12-24,52.602561950683594,91.23999786376953,91.47000122070312,91.08000183105469,91.22000122070312,550300
2007-12-26,52.14134979248047,90.44000244140625,91.62999725341797,90.27999877929688,91.0199966430664,674700
2007-12-27,52.70976257324219,91.05999755859375,91.16000366210938,90.51000213623047,90.87999725341797,468600
2007-12-28,53.5317497253418,92.4800033569336,92.58000183105469,91.5,91.6500015258789,1967800
2007-12-31,53.85588455200195,93.04000091552734,93.27999877929688,92.5999984741211,92.77999877929688,1647600
2008-01-02,54.63154602050781,94.37999725341797,94.7300033569336,93.19999694824219,93.25,2959600
2008-01-03,54.55626678466797,94.25,94.37999725341797,93.66999816894531,94.0,1256700
2008-01-04,54.56783676147461,94.2699966430664,94.79000091552734,94.19999694824219,94.5,2420200
2008-01-07,54.80521774291992,94.68000030517578,94.77999877929688,94.02999877929688,94.18000030517578,1315500
2008-01-08,54.741519927978516,94.56999969482422,94.70999908447266,93.93000030517578,94.44000244140625,1604800
2008-01-09,54.845726013183594,94.75,95.30000305175781,94.62000274658203,94.79000091552734,2203500
2008-01-10,54.10480880737305,93.47000122070312,94.94999694824219,93.30999755859375,94.87000274658203,2681800
2008-01-11,54.52734375,94.19999694824219,94.27999877929688,93.4000015258789,93.5199966430664,1872900
2008-01-14,54.729949951171875,94.55000305175781,94.55000305175781,94.0,94.19999694824219,906100
2008-01-15,55.34352111816406,95.61000061035156,95.62999725341797,95.06999969482422,95.16000366210938,1435300
2008-01-16,54.94416427612305,94.91999816894531,95.88999938964844,94.7300033569336,95.68000030517578,3505100
2008-01-17,55.656097412109375,96.1500015258789,96.29000091552734,94.93000030517578,94.95999908447266,2940500
2008-01-18,55.274024963378906,95.48999786376953,95.7699966430664,95.22000122070312,95.55000305175781,2676800
2008-01-22,55.86444091796875,96.51000213623047,96.62000274658203,95.30000305175781,96.41000366210938,5423500
2008-01-23,55.73716354370117,96.29000091552734,98.16000366210938,95.87999725341797,97.9800033569336,7636600
2008-01-24,54.6199836730957,94.36000061035156,95.75,94.33999633789062,95.55000305175781,5676700
2008-01-25,55.54035186767578,95.94999694824219,96.0,94.12999725341797,94.19000244140625,4371100
2008-01-28,55.331939697265625,95.58999633789062,96.0,95.36000061035156,95.68000030517578,1633500
2008-01-29,54.95567321777344,94.94000244140625,95.31999969482422,94.58000183105469,95.27999877929688,3100200
2008-01-30,54.59678649902344,94.31999969482422,94.7699966430664,93.58999633789062,94.69000244140625,3468000
2008-01-31,54.98464584350586,94.98999786376953,95.43000030517578,94.62999725341797,95.30000305175781,11441000
2008-02-01,55.31515884399414,95.2300033569336,95.4000015258789,94.55999755859375,95.0,4163700
2008-02-04,54.74586486816406,94.25,94.66000366210938,94.12999725341797,94.38999938964844,1729600
2008-02-05,55.164127349853516,94.97000122070312,95.61000061035156,94.7699966430664,95.41000366210938,2594600
2008-02-06,54.995697021484375,94.68000030517578,94.8499984741211,94.36000061035156,94.62999725341797,1339800
2008-02-07,53.81074523925781,92.63999938964844,94.52999877929688,92.05000305175781,94.52999877929688,5419700
2008-02-08,54.426414489746094,93.69999694824219,93.7300033569336,93.08999633789062,93.25,2832800
2008-02-11,54.6529426574707,94.08999633789062,94.69999694824219,93.7300033569336,94.27999877929688,2960200
2008-02-12,54.32764434814453,93.52999877929688,93.6500015258789,92.95999908447266,93.31999969482422,2897700
2008-02-13,53.752620697021484,92.54000091552734,93.41999816894531,92.4000015258789,92.93000030517578,3697500
2008-02-14,52.962642669677734,91.18000030517578,92.0999984741211,90.66000366210938,91.80000305175781,7505000
2008-02-15,53.36923599243164,91.87999725341797,92.06999969482422,91.45999908447266,91.61000061035156,3687800
2008-02-19,52.82902526855469,90.94999694824219,91.69999694824219,90.63999938964844,91.13999938964844,2911600
2008-02-20,53.19502639770508,91.58000183105469,91.58000183105469,90.55999755859375,90.62000274658203,2550100
2008-02-21,53.758453369140625,92.55000305175781,92.8499984741211,92.05000305175781,92.08000183105469,4197200
2008-02-22,53.45059585571289,92.0199966430664,92.8499984741211,91.87000274658203,92.48999786376953,1959700
2008-02-25,52.90456008911133,91.08000183105469,92.13999938964844,90.6500015258789,91.94999694824219,3460900
2008-02-26,52.92198944091797,91.11000061035156,91.33999633789062,90.7300033569336,90.95999908447266,2618900
2008-02-27,52.96846008300781,91.19000244140625,91.56999969482422,90.61000061035156,91.43000030517578,2494400
2008-02-28,53.909427642822266,92.80999755859375,92.83999633789062,92.19000244140625,92.33999633789062,3410900
2008-02-29,54.73429489135742,94.2300033569336,94.45999908447266,93.5199966430664,93.6500015258789,3822000
2008-03-03,54.59316635131836,93.63999938964844,94.19999694824219,93.25,93.66999816894531,2036900
2008-03-04,54.062660217285156,92.7300033569336,94.12000274658203,92.52999877929688,93.94000244140625,3401100
2008-03-05,53.41550827026367,91.62000274658203,93.05999755859375,91.5,93.05999755859375,3871200
2008-03-06,53.70116424560547,92.11000061035156,92.44000244140625,91.66999816894531,91.81999969482422,1342600
2008-03-07,53.771156311035156,92.2300033569336,93.3499984741211,91.73999786376953,93.29000091552734,3601300
2008-03-10,54.564064025878906,93.58999633789062,94.12999725341797,92.61000061035156,92.70999908447266,3579000
2008-03-11,54.097660064697266,92.79000091552734,93.02999877929688,92.20999908447266,93.0,3309200
2008-03-12,55.141231536865234,94.58000183105469,94.68000030517578,92.97000122070312,93.12999725341797,4752900
2008-03-13,54.70978927612305,93.83999633789062,95.19000244140625,93.26000213623047,95.02999877929688,5763500
2008-03-14,55.3861083984375,95.0,95.80999755859375,94.62000274658203,94.62000274658203,6174800
2008-03-17,55.811676025390625,95.7300033569336,96.30999755859375,95.30999755859375,95.58999633789062,3329300
2008-03-18,55.595943450927734,95.36000061035156,96.16000366210938,94.94999694824219,95.30000305175781,4022300
2008-03-19,56.517112731933594,96.94000244140625,97.47000122070312,95.12000274658203,95.12000274658203,5206400
2008-03-20,56.65708541870117,97.18000030517578,97.75,96.87000274658203,97.0,3905900
2008-03-24,55.56100082397461,95.30000305175781,96.4800033569336,95.19999694824219,96.4800033569336,5596200
2008-03-25,55.79417037963867,95.69999694824219,95.81999969482422,95.27999877929688,95.37999725341797,2038200
2008-03-26,55.56100082397461,95.30000305175781,96.19999694824219,95.2300033569336,95.77999877929688,1652000
2008-03-27,55.17033004760742,94.62999725341797,95.36000061035156,94.54000091552734,94.63999938964844,2405700
2008-03-28,55.70675277709961,95.55000305175781,95.55999755859375,94.75,95.08999633789062,1745500
2008-03-31,55.90496063232422,95.88999938964844,96.31999969482422,95.66999816894531,96.11000061035156,2546300
2008-04-01,54.995094299316406,93.93000030517578,94.8499984741211,93.77999877929688,94.80999755859375,3821800
2008-04-02,55.11220932006836,94.12999725341797,94.86000061035156,93.98999786376953,93.98999786376953,3794200
2008-04-03,55.23518371582031,94.33999633789062,94.66999816894531,94.12000274658203,94.5,2839100
2008-04-04,55.73869323730469,95.19999694824219,95.55999755859375,94.98999786376953,95.16999816894531,1745200
2008-04-07,55.445953369140625,94.69999694824219,94.77999877929688,93.9000015258789,94.62000274658203,2231800
2008-04-08,55.252723693847656,94.37000274658203,95.23999786376953,94.26000213623047,95.18000030517578,1305200
2008-04-09,55.8265266418457,95.3499984741211,95.63999938964844,94.55000305175781,94.55999755859375,2883600
2008-04-10,55.63916778564453,95.02999877929688,95.5,94.56999969482422,95.30999755859375,1846500
2008-04-11,56.0139045715332,95.66999816894531,95.91999816894531,95.47000122070312,95.5999984741211,1987700
2008-04-14,55.68598937988281,95.11000061035156,95.69999694824219,94.98999786376953,95.33999633789062,3195300
2008-04-15,54.995094299316406,93.93000030517578,94.58000183105469,93.9000015258789,94.41999816894531,2821600
2008-04-16,54.456478118896484,93.01000213623047,94.05999755859375,92.43000030517578,93.80000305175781,4691100
2008-04-17,54.362754821777344,92.8499984741211,93.18000030517578,92.23999786376953,92.9800033569336,2020000
2008-04-18,54.315982818603516,92.7699966430664,92.87999725341797,91.81999969482422,92.0,2199700
2008-04-21,54.53257369995117,93.13999938964844,93.27999877929688,92.30000305175781,92.41000366210938,2805800
2008-04-22,54.71990966796875,93.45999908447266,93.66999816894531,92.91000366210938,92.91000366210938,1799700
2008-04-23,54.53841781616211,93.1500015258789,93.62999725341797,92.52999877929688,93.08999633789062,1221100
2008-04-24,54.07589340209961,92.36000061035156,92.45999908447266,91.80999755859375,92.26000213623047,3213600
2008-04-25,53.7597541809082,91.81999969482422,92.25,91.5,92.13999938964844,1742000
2008-04-28,53.92366027832031,92.0999984741211,92.3499984741211,91.41000366210938,91.52999877929688,1883900
2008-04-29,54.12858963012695,92.44999694824219,92.86000061035156,92.1500015258789,92.37999725341797,1269100
2008-04-30,54.51503372192383,93.11000061035156,93.19999694824219,91.8499984741211,92.41999816894531,2827500
2008-05-01,54.51850128173828,92.77999877929688,93.6500015258789,92.37999725341797,93.44000244140625,3226500
2008-05-02,53.83102798461914,91.61000061035156,92.41000366210938,91.54000091552734,91.77999877929688,2730800
2008-05-05,53.83102798461914,91.61000061035156,91.87000274658203,91.13999938964844,91.86000061035156,1309300
2008-05-06,53.443206787109375,90.94999694824219,92.08000183105469,90.79000091552734,92.01000213623047,4037500
2008-05-07,53.672359466552734,91.33999633789062,91.43000030517578,90.62000274658203,90.7300033569336,3876200
2008-05-08,54.15422439575195,92.16000366210938,92.19999694824219,91.41999816894531,91.44000244140625,2829500
2008-05-09,54.35398483276367,92.5,92.87000274658203,92.20999908447266,92.7300033569336,2064300
2008-05-12,54.271724700927734,92.36000061035156,93.16000366210938,92.3499984741211,92.76000213623047,1947400
2008-05-13,53.678279876708984,91.3499984741211,92.05000305175781,91.30999755859375,91.83000183105469,2123300
2008-05-14,53.70176315307617,91.38999938964844,92.01000213623047,90.72000122070312,92.0,2600900
2008-05-15,54.18946838378906,92.22000122070312,92.33000183105469,91.08999633789062,91.16999816894531,2164300
2008-05-16,53.966163635253906,91.83999633789062,92.88999938964844,91.77999877929688,91.87999725341797,1902600
2008-05-19,54.036712646484375,91.95999908447266,92.26000213623047,91.30000305175781,92.26000213623047,1348200
2008-05-20,54.318782806396484,92.44000244140625,92.5,91.9000015258789,92.44000244140625,1466000
2008-05-21,54.33049392700195,92.45999908447266,92.66999816894531,91.86000061035156,92.05000305175781,1762100
2008-05-22,53.69001007080078,91.37000274658203,91.93000030517578,90.83999633789062,91.93000030517578,2855900
2008-05-23,53.925071716308594,91.7699966430664,92.30000305175781,91.69999694824219,91.83000183105469,1802000
2008-05-27,53.56071853637695,91.1500015258789,91.55999755859375,90.9800033569336,91.37999725341797,1985800
2008-05-28,53.084739685058594,90.33999633789062,90.66000366210938,90.13999938964844,90.54000091552734,3250700
2008-05-29,52.70283889770508,89.69000244140625,90.0999984741211,89.13999938964844,90.01000213623047,3302400
2008-05-30,53.04951095581055,90.27999877929688,90.44000244140625,90.05999755859375,90.12999725341797,2514600
2008-06-02,53.25413131713867,90.30000305175781,90.63999938964844,89.62000274658203,89.9800033569336,3076400
2008-06-03,53.63747024536133,90.94999694824219,91.41000366210938,89.80999755859375,90.05999755859375,2447700
2008-06-04,53.1597900390625,90.13999938964844,91.38999938964844,89.9000015258789,91.38999938964844,2813000
2008-06-05,52.84134292602539,89.5999984741211,90.02999877929688,89.44999694824219,89.81999969482422,2632200
2008-06-06,53.52543640136719,90.76000213623047,91.08999633789062,90.20999908447266,90.44000244140625,3864800
2008-06-09,53.52543640136719,90.76000213623047,91.38999938964844,90.19000244140625,90.4800033569336,1812000
2008-06-10,53.17753982543945,90.16999816894531,90.70999908447266,89.69999694824219,90.6500015258789,1935300
2008-06-11,53.05363464355469,89.95999908447266,90.72000122070312,89.70999908447266,90.05000305175781,2265400
2008-06-12,52.522857666015625,89.05999755859375,89.63999938964844,88.81999969482422,89.55999755859375,4413100
2008-06-13,52.41081237792969,88.87000274658203,89.54000091552734,88.68000030517578,88.97000122070312,1983600
2008-06-16,52.42264175415039,88.88999938964844,89.18000030517578,88.62000274658203,89.11000061035156,1756800
2008-06-17,52.528751373291016,89.06999969482422,89.2699966430664,88.58999633789062,89.1500015258789,1712200
2008-06-18,52.971099853515625,89.81999969482422,89.97000122070312,89.08999633789062,89.29000091552734,2590000
2008-06-19,52.65849685668945,89.29000091552734,89.75,89.02999877929688,89.5199966430664,1700500
2008-06-20,52.96517562866211,89.80999755859375,90.06999969482422,89.69000244140625,89.94000244140625,4580900
2008-06-23,53.0772705078125,90.0,90.43000030517578,89.83000183105469,90.08000183105469,1594100
2008-06-24,53.43107223510742,90.5999984741211,90.80999755859375,90.13999938964844,90.37999725341797,3118400
2008-06-25,53.4547004699707,90.63999938964844,90.76000213623047,89.80999755859375,90.6500015258789,3251600
2008-06-26,53.81439971923828,91.25,91.44000244140625,90.79000091552734,91.0,4052300
2008-06-27,54.44542694091797,92.31999969482422,92.44000244140625,91.44999694824219,91.7300033569336,4144800
2008-06-30,54.45724868774414,92.33999633789062,92.81999969482422,92.08000183105469,92.41000366210938,3743000
2008-07-01,54.3282356262207,91.79000091552734,92.7699966430664,91.68000030517578,92.69000244140625,3805100
2008-07-02,54.61231994628906,92.2699966430664,92.37999725341797,91.87000274658203,91.95999908447266,2413700
2008-07-03,54.49392318725586,92.06999969482422,92.30000305175781,91.54000091552734,91.70999908447266,1405100
2008-07-07,54.74246597290039,92.48999786376953,93.1500015258789,91.58000183105469,92.06999969482422,3528400
2008-07-08,55.09760284423828,93.08999633789062,93.13999938964844,92.41999816894531,92.5,2176600
2008-07-09,55.34028625488281,93.5,93.63999938964844,92.91999816894531,92.94000244140625,1582000
2008-07-10,55.334381103515625,93.48999786376953,93.76000213623047,92.94000244140625,93.33000183105469,2723600
2008-07-11,54.54719924926758,92.16000366210938,93.73999786376953,91.86000061035156,93.5199966430664,5466000
2008-07-14,55.02665328979492,92.97000122070312,93.26000213623047,92.29000091552734,92.37999725341797,4135400
2008-07-15,55.00885772705078,92.94000244140625,93.43000030517578,92.69999694824219,93.06999969482422,4541400
2008-07-16,54.0145149230957,91.26000213623047,92.23999786376953,91.20999908447266,92.08000183105469,3435900
2008-07-17,53.73637390136719,90.79000091552734,91.61000061035156,90.55999755859375,91.26000213623047,5899900
2008-07-18,53.53514862060547,90.44999694824219,91.19999694824219,90.30000305175781,90.76000213623047,3475200
2008-07-21,53.74225616455078,90.80000305175781,90.9000015258789,90.25,90.44999694824219,3657200
2008-07-22,53.47587966918945,90.3499984741211,90.76000213623047,90.02999877929688,90.63999938964844,2675200
2008-07-23,53.36942672729492,90.16999816894531,90.37000274658203,89.75,90.22000122070312,2871900
2008-07-24,53.89023208618164,91.05000305175781,91.25,90.3499984741211,90.3499984741211,2613300
2008-07-25,53.35161209106445,90.13999938964844,90.83999633789062,90.0,90.55000305175781,3765300
2008-07-28,53.89023208618164,91.05000305175781,91.47000122070312,90.69999694824219,90.94999694824219,1275900
2008-07-29,53.671199798583984,90.68000030517578,90.98999786376953,90.30999755859375,90.66000366210938,1349100
2008-07-30,53.724510192871094,90.7699966430664,91.29000091552734,90.02999877929688,90.08999633789062,1667500
2008-07-31,54.257137298583984,91.66999816894531,92.05000305175781,91.2699966430664,91.72000122070312,3898700
2008-08-01,54.37716293334961,91.54000091552734,91.55999755859375,90.83000183105469,90.97000122070312,1804800
2008-08-04,54.25242233276367,91.33000183105469,91.63999938964844,91.01000213623047,91.08999633789062,2029900
2008-08-05,53.84848403930664,90.6500015258789,91.5999984741211,90.62000274658203,91.3499984741211,2191200
2008-08-06,53.628684997558594,90.27999877929688,90.41000366210938,89.81999969482422,90.41000366210938,3139500
2008-08-07,54.501888275146484,91.75,91.9000015258789,90.43000030517578,90.62999725341797,2765600
2008-08-08,54.65043258666992,92.0,92.08000183105469,91.54000091552734,91.88999938964844,1035400
2008-08-11,54.12763977050781,91.12000274658203,91.77999877929688,90.5999984741211,91.77999877929688,3939400
2008-08-12,54.63261795043945,91.97000122070312,92.02999877929688,91.69999694824219,91.80999755859375,1315000
2008-08-13,54.442501068115234,91.6500015258789,92.3499984741211,91.45999908447266,92.30000305175781,1940300
2008-08-14,54.79301071166992,92.23999786376953,92.5999984741211,92.06999969482422,92.26000213623047,2605300
2008-08-15,55.26823806762695,93.04000091552734,93.19999694824219,92.56999969482422,92.66999816894531,1964900
2008-08-18,55.48799514770508,93.41000366210938,93.54000091552734,92.95999908447266,93.08000183105469,1262200
2008-08-19,55.27416229248047,93.05000305175781,93.52999877929688,92.88999938964844,93.44000244140625,1944700
2008-08-20,55.428592681884766,93.30999755859375,93.70999908447266,93.1500015258789,93.37999725341797,2500000
2008-08-21,55.3276252746582,93.13999938964844,93.62999725341797,92.75,93.62999725341797,2267000
2008-08-22,55.29201889038086,93.08000183105469,93.16999816894531,92.63999938964844,93.11000061035156,1990000
2008-08-25,55.84439468383789,94.01000213623047,94.33000183105469,93.8499984741211,94.12000274658203,2028300
2008-08-26,55.891910552978516,94.08999633789062,94.19999694824219,93.70999908447266,93.95999908447266,1270900
2008-08-27,55.986968994140625,94.25,94.29000091552734,93.44000244140625,93.48999786376953,1555300
2008-08-28,55.992889404296875,94.26000213623047,94.41000366210938,93.69000244140625,93.91000366210938,1886500
2008-08-29,55.743438720703125,93.83999633789062,94.16000366210938,93.51000213623047,94.0199966430664,1739100
2008-09-02,56.26210403442383,94.37000274658203,94.41000366210938,92.83999633789062,92.9800033569336,2916000
2008-09-03,56.50059509277344,94.7699966430664,94.88999938964844,94.26000213623047,94.2699966430664,2105000
2008-09-04,56.9537239074707,95.52999877929688,95.55999755859375,94.80999755859375,95.0,3049800
2008-09-05,56.92387771606445,95.4800033569336,96.30999755859375,95.41000366210938,96.0199966430664,4167800
2008-09-08,57.16230010986328,95.87999725341797,95.87999725341797,94.55999755859375,94.9000015258789,5426200
2008-09-09,57.7287483215332,96.83000183105469,96.87999725341797,95.54000091552734,95.83000183105469,3890200
2008-09-10,57.37104415893555,96.2300033569336,96.66000366210938,95.81999969482422,95.9800033569336,2407900
2008-09-11,57.3411865234375,96.18000030517578,96.86000061035156,96.0,96.79000091552734,3592000
2008-09-12,56.6019287109375,94.94000244140625,96.33000183105469,94.75,96.20999908447266,4138200
2008-09-15,58.43817901611328,98.0199966430664,98.16999816894531,96.06999969482422,96.27999877929688,5889900
2008-09-16,58.42627716064453,98.0,100.86000061035156,97.91000366210938,100.70999908447266,6684400
2008-09-17,58.71841812133789,98.48999786376953,99.37999725341797,97.7300033569336,98.91999816894531,4371300
2008-09-18,57.85986328125,97.05000305175781,98.48999786376953,96.91999816894531,97.94999694824219,4188300
2008-09-19,56.02366256713867,93.97000122070312,95.0199966430664,93.69999694824219,93.86000061035156,7169200
2008-09-22,56.017704010009766,93.95999908447266,93.95999908447266,92.5999984741211,92.93000030517578,4726300
2008-09-23,55.803043365478516,93.5999984741211,94.0999984741211,93.12999725341797,93.61000061035156,2236000
2008-09-24,56.0474739074707,94.01000213623047,94.75,93.5999984741211,93.97000122070312,1014900
2008-09-25,55.93423080444336,93.81999969482422,94.58999633789062,93.1500015258789,94.58999633789062,1881200
2008-09-26,56.33960723876953,94.5,94.79000091552734,94.06999969482422,94.06999969482422,1992800
2008-09-29,57.97910690307617,97.25,97.93000030517578,95.16000366210938,95.16999816894531,4799800
2008-09-30,56.56612777709961,94.87999725341797,97.29000091552734,94.5999984741211,97.04000091552734,1358100
2008-10-01,57.277801513671875,95.77999877929688,96.9000015258789,94.94999694824219,96.04000091552734,1767800
2008-10-02,57.738311767578125,96.55000305175781,96.8499984741211,96.06999969482422,96.56999969482422,931900
2008-10-03,58.24658966064453,97.4000015258789,97.79000091552734,95.48999786376953,97.37999725341797,1903100
2008-10-06,59.30506896972656,99.16999816894531,99.86000061035156,98.62000274658203,98.73999786376953,2906200
2008-10-07,59.12567138671875,98.87000274658203,99.66999816894531,97.9800033569336,98.31999969482422,1972000
2008-10-08,58.276458740234375,97.44999694824219,99.94000244140625,96.68000030517578,99.68000030517578,3386300
2008-10-09,57.78611373901367,96.62999725341797,97.69999694824219,96.22000122070312,97.37000274658203,1785400
2008-10-10,57.379493713378906,95.94999694824219,96.91000366210938,95.51000213623047,96.61000061035156,2200000
2008-10-13,56.6439208984375,94.72000122070312,95.94999694824219,94.26000213623047,95.11000061035156,1532100
2008-10-14,56.27912902832031,94.11000061035156,95.26000213623047,93.9000015258789,94.25,2100000
2008-10-15,56.8173828125,95.01000213623047,95.04000091552734,93.41999816894531,94.12000274658203,1449500
2008-10-16,56.524349212646484,94.5199966430664,95.2699966430664,94.18000030517578,94.98999786376953,1063200
2008-10-17,56.13560485839844,93.87000274658203,94.9000015258789,93.0199966430664,94.69000244140625,1691800
2008-10-20,56.5840950012207,94.62000274658203,94.94000244140625,93.36000061035156,93.44000244140625,1146800
2008-10-21,56.88310241699219,95.12000274658203,95.98999786376953,94.73999786376953,95.08999633789062,1243700
2008-10-22,58.03725051879883,97.05000305175781,97.48999786376953,95.8499984741211,96.12000274658203,1069800
2008-10-23,58.46788024902344,97.7699966430664,98.88999938964844,96.81999969482422,97.94999694824219,1802000
2008-10-24,57.84593200683594,96.7300033569336,99.05000305175781,96.44999694824219,98.81999969482422,1495400
2008-10-27,57.88780212402344,96.80000305175781,98.20999908447266,96.29000091552734,97.7699966430664,1534100
2008-10-28,57.04456329345703,95.38999938964844,96.9000015258789,95.1500015258789,96.18000030517578,1505500
2008-10-29,56.75758361816406,94.91000366210938,96.01000213623047,94.43000030517578,95.7699966430664,1745800
2008-10-30,56.243247985839844,94.05000305175781,94.80000305175781,93.80000305175781,94.5,1326000
2008-10-31,55.51371765136719,92.83000183105469,94.91999816894531,92.6500015258789,94.63999938964844,2282500
2008-11-03,55.66377639770508,92.70999908447266,93.11000061035156,92.3499984741211,92.72000122070312,1111600
2008-11-04,56.708465576171875,94.44999694824219,94.70999908447266,92.58999633789062,92.95999908447266,1608800
2008-11-05,57.38090133666992,95.56999969482422,95.66999816894531,94.4000015258789,94.88999938964844,1931700
2008-11-06,56.96664047241211,94.87999725341797,95.05000305175781,93.80999755859375,94.5999984741211,919700
2008-11-07,56.594398498535156,94.26000213623047,94.5199966430664,93.55000305175781,94.5199966430664,1277100
2008-11-10,56.87062454223633,94.72000122070312,95.0999984741211,93.68000030517578,93.80000305175781,1352100
2008-11-11,57.03867721557617,95.0,95.80999755859375,94.95999908447266,95.20999908447266,696000
2008-11-12,57.40498733520508,95.61000061035156,96.06999969482422,95.16000366210938,95.58000183105469,1199400
2008-11-13,56.03001403808594,93.31999969482422,95.25,93.25,94.91000366210938,1631900
2008-11-14,57.14079284667969,95.16999816894531,95.45999908447266,94.79000091552734,95.11000061035156,1059300
2008-11-17,57.392921447753906,95.58999633789062,96.02999877929688,95.29000091552734,95.68000030517578,490300
2008-11-18,58.13142776489258,96.81999969482422,97.0,95.95999908447266,96.37999725341797,924800
2008-11-19,59.6204719543457,99.30000305175781,99.37000274658203,97.20999908447266,97.47000122070312,2090400
2008-11-20,62.70058059692383,104.43000030517578,104.44000244140625,101.0999984741211,101.81999969482422,5459800
2008-11-21,61.79391098022461,102.91999816894531,103.9800033569336,101.44999694824219,103.25,3249300
2008-11-24,60.8272819519043,101.30999755859375,102.29000091552734,101.0,102.1500015258789,1587300
2008-11-25,62.61648941040039,104.29000091552734,104.47000122070312,102.68000030517578,103.94999694824219,2632700
2008-11-26,62.70058059692383,104.43000030517578,105.62000274658203,104.08999633789062,104.72000122070312,2577600
2008-11-28,63.4750862121582,105.72000122070312,105.97000122070312,104.94000244140625,105.25,986400
2008-12-01,65.9058837890625,109.4000015258789,110.41000366210938,107.12999725341797,107.75,4031600
2008-12-02,66.15892791748047,109.81999969482422,110.37000274658203,108.19000244140625,108.55999755859375,3289300
2008-12-03,66.34564208984375,110.12999725341797,110.80999755859375,108.55999755859375,110.2699966430664,2951000
2008-12-04,67.65294647216797,112.30000305175781,112.48999786376953,110.37000274658203,111.12999725341797,2825400
2008-12-05,66.55647277832031,110.4800033569336,113.0,110.41999816894531,111.94999694824219,4557600
2008-12-08,66.41187286376953,110.23999786376953,111.25,109.69000244140625,110.4800033569336,2119500
2008-12-09,67.72521209716797,112.41999816894531,112.52999877929688,110.25,110.58000183105469,2055500
2008-12-10,67.56259155273438,112.1500015258789,112.1500015258789,111.12000274658203,111.37000274658203,2414900
2008-12-11,67.69506072998047,112.37000274658203,112.43000030517578,110.87000274658203,112.18000030517578,2416900
2008-12-12,67.69506072998047,112.37000274658203,112.55999755859375,110.33999633789062,112.54000091552734,2547100
2008-12-15,68.46621704101562,113.6500015258789,113.94000244140625,112.05000305175781,112.3499984741211,1707700
2008-12-16,70.15907287597656,116.45999908447266,116.9000015258789,113.97000122070312,116.45999908447266,4015100
2008-12-17,72.0627212524414,119.62000274658203,121.12999725341797,119.26000213623047,120.7699966430664,6407500
2008-12-18,73.57481384277344,122.12999725341797,123.1500015258789,120.44999694824219,120.73999786376953,4442000
2008-12-19,73.65314483642578,122.26000213623047,122.98999786376953,121.27999877929688,121.44000244140625,2668500
2008-12-22,73.08684539794922,121.31999969482422,122.38999938964844,120.7300033569336,122.38999938964844,2221400
2008-12-23,72.9904556274414,121.16000366210938,121.5,119.9000015258789,120.13999938964844,1746400
2008-12-24,72.83380126953125,120.9000015258789,121.31999969482422,120.62000274658203,120.7300033569336,717200
2008-12-26,73.07484436035156,121.30000305175781,121.97000122070312,121.19999694824219,121.58999633789062,454400
2008-12-29,72.98710632324219,120.75,122.01000213623047,120.61000061035156,121.43000030517578,1416000
2008-12-30,73.68232727050781,121.9000015258789,121.91999816894531,120.06999969482422,120.48999786376953,2590500
2008-12-31,72.14090728759766,119.3499984741211,122.0,118.8499984741211,121.41000366210938,2738000
2009-01-02,70.32754516601562,116.3499984741211,120.44999694824219,116.3499984741211,120.05000305175781,3464200
2009-01-05,68.51422882080078,113.3499984741211,116.16000366210938,112.5999984741211,115.5999984741211,5395200
2009-01-06,67.82518005371094,112.20999908447266,113.26000213623047,111.0,111.62000274658203,4109300
2009-01-07,68.09113311767578,112.6500015258789,112.68000030517578,111.4000015258789,111.95999908447266,2565600
2009-01-08,68.03673553466797,112.55999755859375,112.91999816894531,111.98999786376953,112.63999938964844,2603600
2009-01-09,68.13945007324219,112.7300033569336,113.3499984741211,111.2699966430664,111.45999908447266,2727900
2009-01-12,68.8466796875,113.9000015258789,114.05000305175781,111.56999969482422,111.56999969482422,2462800
2009-01-13,68.91922760009766,114.0199966430664,114.08000183105469,112.95999908447266,113.5,1767400
2009-01-14,70.05557250976562,115.9000015258789,116.04000091552734,114.6500015258789,114.6500015258789,2494800
2009-01-15,70.17044830322266,116.08999633789062,116.91999816894531,115.58000183105469,116.19999694824219,2827200
2009-01-16,69.08845520019531,114.30000305175781,116.08999633789062,113.36000061035156,113.41999816894531,2994800
2009-01-20,69.07635498046875,114.27999877929688,114.62999725341797,112.2300033569336,112.29000091552734,3268300
2009-01-21,66.89430236816406,110.66999816894531,113.04000091552734,110.4000015258789,111.93000030517578,2838100
2009-01-22,65.60686492919922,108.54000091552734,110.7699966430664,107.87999725341797,110.5999984741211,4016600
2009-01-23,65.09306335449219,107.69000244140625,108.31999969482422,106.69000244140625,107.91999816894531,2676200
2009-01-26,64.5248794555664,106.75,107.81999969482422,106.30000305175781,107.43000030517578,2240900
2009-01-27,66.04206848144531,109.26000213623047,109.58999633789062,107.62999725341797,107.80000305175781,3420800
2009-01-28,64.39186096191406,106.52999877929688,109.80999755859375,105.72000122070312,109.30999755859375,4348100
2009-01-29,62.9110221862793,104.08000183105469,106.30999755859375,103.66000366210938,105.55999755859375,3724400
2009-01-30,62.711524963378906,103.75,104.87000274658203,103.44000244140625,104.55000305175781,2630000
2009-02-02,63.87825012207031,105.38999938964844,105.68000030517578,103.38999938964844,104.0199966430664,2700200
2009-02-03,62.35700225830078,102.87999725341797,104.83000183105469,102.75,104.30000305175781,2846400
2009-02-04,62.13873291015625,102.5199966430664,102.87000274658203,101.62000274658203,102.75,2305400
2009-02-05,62.1932487487793,102.61000061035156,103.87999725341797,102.20999908447266,103.23999786376953,2279500
2009-02-06,61.99934768676758,102.29000091552734,102.86000061035156,101.9000015258789,102.25,1667500
2009-02-09,62.199371337890625,102.62000274658203,102.66999816894531,101.05999755859375,101.69000244140625,2257300
2009-02-10,63.55104446411133,104.8499984741211,104.95999908447266,103.44999694824219,104.11000061035156,3782800
2009-02-11,64.37528228759766,106.20999908447266,106.5,105.52999877929688,105.70999908447266,2774200
2009-02-12,63.769187927246094,105.20999908447266,106.18000030517578,104.73999786376953,105.9800033569336,1818400
2009-02-13,62.07208251953125,102.41000366210938,103.94999694824219,102.2300033569336,103.94999694824219,2466800
2009-02-17,64.00559997558594,105.5999984741211,105.66000366210938,104.3499984741211,104.55000305175781,2813900
2009-02-18,63.460025787353516,104.69999694824219,106.55999755859375,104.30000305175781,106.05999755859375,2768600
2009-02-19,62.38117599487305,102.91999816894531,104.05999755859375,102.2300033569336,102.69000244140625,3219400
2009-02-20,62.98728942871094,103.91999816894531,105.16000366210938,103.30000305175781,104.2699966430664,4272000
2009-02-23,63.56915283203125,104.87999725341797,104.87999725341797,103.16999816894531,103.5999984741211,2688700
2009-02-24,63.502525329589844,104.7699966430664,106.68000030517578,104.7699966430664,105.69999694824219,4197100
2009-02-25,62.76911544799805,103.55999755859375,105.48999786376953,103.02999877929688,105.23999786376953,3908100
2009-02-26,62.10846710205078,102.47000122070312,103.26000213623047,101.9800033569336,102.87000274658203,2611100
2009-02-27,61.7508430480957,101.87999725341797,103.01000213623047,101.20999908447266,102.56999969482422,3267700
2009-03-02,62.773170471191406,103.27999877929688,103.27999877929688,102.08999633789062,102.22000122070312,3302000
2009-03-03,62.35378646850586,102.58999633789062,103.56999969482422,101.80999755859375,102.2300033569336,3084900
2009-03-04,62.06808853149414,102.12000274658203,102.25,101.16000366210938,101.48999786376953,3178400
2009-03-05,63.79422378540039,104.95999908447266,105.44000244140625,103.44000244140625,104.0199966430664,4562400
2009-03-06,63.3687858581543,104.26000213623047,105.97000122070312,104.08999633789062,104.26000213623047,3125900
2009-03-09,62.99806594848633,103.6500015258789,104.55000305175781,103.12000274658203,104.51000213623047,2070500
2009-03-10,61.78851318359375,101.66000366210938,102.75,101.51000213623047,102.43000030517578,2602600
2009-03-11,62.45714569091797,102.76000213623047,102.76000213623047,100.93000030517578,101.29000091552734,3101500
2009-03-12,62.75494384765625,103.25,103.97000122070312,102.30999755859375,102.66000366210938,3558900
2009-03-13,62.43886947631836,102.7300033569336,103.87999725341797,102.33000183105469,102.75,2504000
2009-03-16,61.4542350769043,101.11000061035156,101.44999694824219,100.5,100.81999969482422,3265600
2009-03-17,61.11995315551758,100.55999755859375,102.33000183105469,100.38999938964844,101.72000122070312,3076200
2009-03-18,63.43562698364258,104.37000274658203,108.06999969482422,100.9000015258789,101.12000274658203,8578800
2009-03-19,63.514671325683594,104.5,105.66000366210938,104.22000122070312,105.62000274658203,3650900
2009-03-20,63.162132263183594,103.91999816894531,105.0,103.77999877929688,104.62000274658203,3479700
2009-03-23,62.61515426635742,103.0199966430664,104.41999816894531,102.97000122070312,104.29000091552734,2097000
2009-03-24,63.21073913574219,104.0,105.16000366210938,101.93000030517578,102.19000244140625,5477100
2009-03-25,62.359832763671875,102.5999984741211,103.72000122070312,102.30999755859375,103.29000091552734,2549600
2009-03-26,63.08311080932617,103.79000091552734,104.05999755859375,102.16000366210938,102.44000244140625,2385300
2009-03-27,63.551177978515625,104.55999755859375,104.93000030517578,103.55999755859375,104.1500015258789,1853900
2009-03-30,63.79422378540039,104.95999908447266,105.87000274658203,103.94000244140625,105.44000244140625,2300100
2009-03-31,64.25009155273438,105.70999908447266,105.80000305175781,105.0,105.04000091552734,1094600
2009-04-01,64.83645629882812,106.37000274658203,106.55999755859375,105.52999877929688,106.12000274658203,2383400
2009-04-02,64.04407501220703,105.06999969482422,106.06999969482422,104.83999633789062,105.88999938964844,1766300
2009-04-03,62.733551025390625,102.91999816894531,105.16000366210938,102.66000366210938,104.91000366210938,3316800
2009-04-06,62.465335845947266,102.4800033569336,103.58999633789062,102.22000122070312,103.54000091552734,1418100
2009-04-07,62.62384033203125,102.73999786376953,103.30999755859375,102.4800033569336,102.54000091552734,1312600
2009-04-08,63.17853546142578,103.6500015258789,103.86000061035156,102.94999694824219,103.06999969482422,1007800
2009-04-09,62.38612365722656,102.3499984741211,103.18000030517578,101.9800033569336,102.47000122070312,1088800
2009-04-13,62.959049224853516,103.29000091552734,103.51000213623047,102.93000030517578,102.95999908447266,946600
2009-04-14,63.28820037841797,103.83000183105469,104.20999908447266,102.93000030517578,103.25,1336000
2009-04-15,63.17853546142578,103.6500015258789,104.30000305175781,102.87999725341797,104.12999725341797,1152500
2009-04-16,62.67867660522461,102.83000183105469,103.44999694824219,102.77999877929688,102.8499984741211,1055600
2009-04-17,61.98991012573242,101.69999694824219,102.70999908447266,101.37000274658203,102.47000122070312,2582800
2009-04-20,62.92859649658203,103.23999786376953,103.4000015258789,102.44999694824219,102.62999725341797,1714400
2009-04-21,62.306907653808594,102.22000122070312,104.20999908447266,102.22000122070312,104.04000091552734,909100
2009-04-22,61.92900848388672,101.5999984741211,102.55999755859375,101.11000061035156,102.44999694824219,2278100
2009-04-23,61.92285919189453,101.58999633789062,101.75,100.94000244140625,101.3499984741211,1688300
2009-04-24,61.30115509033203,100.56999969482422,100.9800033569336,100.0999984741211,100.79000091552734,2830000
2009-04-27,61.5632438659668,101.0,101.19000244140625,100.05999755859375,101.06999969482422,2294600
2009-04-28,60.55751419067383,99.3499984741211,101.58000183105469,99.08999633789062,101.5,2332500
2009-04-29,60.0211067199707,98.47000122070312,100.08000183105469,98.1500015258789,99.66999816894531,3752600
2009-04-30,59.783390045166016,98.08000183105469,98.36000061035156,97.38999938964844,97.9800033569336,2778100
2009-05-01,59.371910095214844,97.11000061035156,97.29000091552734,96.56999969482422,97.12000274658203,2772200
2009-05-04,59.567596435546875,97.43000030517578,97.81999969482422,96.79000091552734,97.36000061035156,2246700
2009-05-05,59.49423599243164,97.30999755859375,97.83000183105469,96.76000213623047,97.45999908447266,1369000
2009-05-06,59.353607177734375,97.08000183105469,98.0,97.0,97.12000274658203,2045900
2009-05-07,57.904632568359375,94.70999908447266,96.69999694824219,94.33000183105469,95.94000244140625,5755200
2009-05-08,58.04521560668945,94.94000244140625,95.38999938964844,94.63999938964844,95.0199966430664,2193400
2009-05-11,58.87062454223633,96.29000091552734,96.44999694824219,95.79000091552734,96.05000305175781,2167400
2009-05-12,59.08464431762695,96.63999938964844,97.0199966430664,95.80000305175781,96.18000030517578,2304800
2009-05-13,59.72657012939453,97.69000244140625,97.93000030517578,97.23999786376953,97.36000061035156,1917500
2009-05-14,59.95884323120117,98.06999969482422,98.25,97.30000305175781,97.5999984741211,1704600
2009-05-15,59.94053649902344,98.04000091552734,98.05000305175781,97.45999908447266,98.0,2306600
2009-05-18,59.01124572753906,96.5199966430664,98.11000061035156,96.37000274658203,98.01000213623047,2234700
2009-05-19,58.69944763183594,96.01000213623047,96.47000122070312,95.70999908447266,96.19000244140625,1624300
2009-05-20,59.31687927246094,97.0199966430664,97.16000366210938,95.83000183105469,95.93000030517578,2825700
2009-05-21,57.82514572143555,94.58000183105469,97.63999938964844,94.3499984741211,97.55000305175781,4771700
2009-05-22,57.183128356933594,93.52999877929688,94.48999786376953,93.3499984741211,93.81999969482422,4483400
2009-05-26,56.32111740112305,92.12000274658203,94.0999984741211,92.12000274658203,94.05000305175781,3633100
2009-05-27,55.324562072753906,90.48999786376953,92.58000183105469,90.37999725341797,92.23999786376953,7490200
2009-05-28,56.1254768371582,91.80000305175781,91.9800033569336,90.2300033569336,91.7699966430664,9824300
2009-05-29,57.574440002441406,94.16999816894531,94.2300033569336,91.63999938964844,91.69999694824219,4746700
2009-06-01,55.87234115600586,91.08999633789062,92.37999725341797,90.56999969482422,92.33999633789062,6987000
2009-06-02,56.17289733886719,91.58000183105469,91.7699966430664,90.77999877929688,91.61000061035156,5063600
2009-06-03,56.70039749145508,92.44000244140625,92.61000061035156,91.33000183105469,91.95999908447266,6727200
2009-06-04,55.52888107299805,90.52999877929688,91.72000122070312,90.23999786376953,91.43000030517578,5438600
2009-06-05,55.10561752319336,89.83999633789062,90.9000015258789,89.55000305175781,89.91000366210938,8439600
2009-06-08,54.964534759521484,89.61000061035156,90.7300033569336,89.4800033569336,90.41000366210938,4084000
2009-06-09,54.95838165283203,89.5999984741211,90.30999755859375,89.25,90.19000244140625,6046300
2009-06-10,54.09355163574219,88.19000244140625,89.43000030517578,87.55999755859375,88.87000274658203,12142000
2009-06-11,54.694664001464844,89.16999816894531,89.5199966430664,87.69000244140625,87.76000213623047,10692800
2009-06-12,55.18536376953125,89.97000122070312,90.6500015258789,89.41999816894531,89.41999816894531,6606800
2009-06-15,55.682167053222656,90.77999877929688,91.1500015258789,90.4800033569336,90.54000091552734,4518700
2009-06-16,56.65131378173828,92.36000061035156,92.43000030517578,90.80000305175781,90.95999908447266,5376000
2009-06-17,56.33237075805664,91.83999633789062,93.33000183105469,91.83999633789062,92.44999694824219,7197200
2009-06-18,55.47981643676758,90.44999694824219,91.58000183105469,90.11000061035156,91.25,6794000
2009-06-19,56.24038314819336,91.69000244140625,91.69999694824219,90.20999908447266,90.33000183105469,4750700
2009-06-22,56.78626251220703,92.58000183105469,92.91000366210938,92.05999755859375,92.44000244140625,3952300
2009-06-23,57.454837799072266,93.66999816894531,93.80999755859375,92.58000183105469,92.7699966430664,5356900
2009-06-24,56.878273010253906,92.7300033569336,94.06999969482422,92.66000366210938,93.6500015258789,6550400
2009-06-25,57.92102813720703,94.43000030517578,94.5,92.66999816894531,93.22000122070312,7140000
2009-06-26,58.01913070678711,94.58999633789062,94.9000015258789,94.20999908447266,94.62000274658203,4050400
2009-06-29,58.10502243041992,94.7300033569336,95.37000274658203,94.58000183105469,95.06999969482422,4334900
2009-06-30,58.00690460205078,94.56999969482422,95.11000061035156,93.80999755859375,94.19000244140625,3743700
2009-07-01,57.89178466796875,94.08000183105469,94.08999633789062,93.23999786376953,93.41999816894531,3379900
2009-07-02,58.027191162109375,94.30000305175781,94.61000061035156,94.0,94.33000183105469,2645100
2009-07-06,57.91643524169922,94.12000274658203,94.29000091552734,93.38999938964844,94.05000305175781,1886700
2009-07-07,58.30412292480469,94.75,94.87999725341797,93.61000061035156,93.62000274658203,2592400
2009-07-08,59.380943298339844,96.5,96.80999755859375,94.88999938964844,95.12000274658203,7912900
2009-07-09,58.67333221435547,95.3499984741211,95.7300033569336,94.44999694824219,95.3499984741211,5241400
2009-07-10,59.21478271484375,96.2300033569336,96.33000183105469,95.43000030517578,95.62000274658203,3981900
2009-07-13,58.88254165649414,95.69000244140625,96.5999984741211,95.55999755859375,96.31999969482422,2604300
2009-07-14,57.90409851074219,94.0999984741211,95.12999725341797,93.69999694824219,94.76000213623047,3629100
2009-07-15,56.415000915527344,91.68000030517578,93.0,91.66999816894531,92.66000366210938,4664200
2009-07-16,57.024169921875,92.66999816894531,93.18000030517578,92.5,92.80999755859375,4225200
2009-07-17,56.144229888916016,91.23999786376953,92.36000061035156,91.23999786376953,91.9000015258789,3845700
2009-07-20,56.43960952758789,91.72000122070312,92.48999786376953,90.80000305175781,90.8499984741211,4436500
2009-07-21,57.56570053100586,93.55000305175781,93.69999694824219,91.29000091552734,91.44999694824219,3895300
2009-07-22,57.048770904541016,92.70999908447266,93.52999877929688,92.36000061035156,93.4000015258789,1986700
2009-07-23,56.00271987915039,91.01000213623047,92.80000305175781,90.56999969482422,92.76000213623047,3818800
2009-07-24,56.273441314697266,91.44999694824219,91.44999694824219,90.7699966430664,91.0,1765300
2009-07-27,55.627349853515625,90.4000015258789,90.66000366210938,89.94000244140625,90.2300033569336,2755900
2009-07-28,56.11962890625,91.19999694824219,91.81999969482422,90.43000030517578,90.72000122070312,3324800
2009-07-29,56.42729187011719,91.69999694824219,92.29000091552734,90.94000244140625,92.16999816894531,2910200
2009-07-30,57.22723388671875,93.0,93.1500015258789,91.2300033569336,91.54000091552734,4040700
2009-07-31,58.341033935546875,94.80999755859375,94.86000061035156,93.27999877929688,93.8499984741211,5697000
2009-08-03,57.45681381225586,93.05999755859375,93.87000274658203,92.61000061035156,93.80999755859375,4029300
2009-08-04,56.999969482421875,92.31999969482422,93.72000122070312,91.66999816894531,93.62999725341797,3832200
2009-08-05,56.14799118041992,90.94000244140625,92.75,90.87000274658203,91.30999755859375,4458300
2009-08-06,56.33937072753906,91.25,91.88999938964844,90.41999816894531,90.9000015258789,3228500
2009-08-07,55.870121002197266,90.48999786376953,90.93000030517578,90.22000122070312,90.41999816894531,3543200
2009-08-10,56.567806243896484,91.62000274658203,91.63999938964844,90.41000366210938,90.51000213623047,3150100
2009-08-11,57.222293853759766,92.68000030517578,92.87000274658203,91.98999786376953,92.38999938964844,3677800
2009-08-12,56.61103820800781,91.69000244140625,93.06999969482422,91.08999633789062,92.94999694824219,4729200
2009-08-13,57.413700103759766,92.98999786376953,93.1500015258789,91.5,91.80000305175781,3922300
2009-08-14,57.63594436645508,93.3499984741211,94.19999694824219,93.20999908447266,93.30000305175781,4410400
2009-08-17,58.487972259521484,94.7300033569336,94.75,93.87000274658203,93.94999694824219,3569700
2009-08-18,58.14838409423828,94.18000030517578,94.7699966430664,94.01000213623047,94.66000366210938,2557900
2009-08-19,58.62995910644531,94.95999908447266,95.37000274658203,94.41000366210938,95.16999816894531,3518200
2009-08-20,59.111568450927734,95.73999786376953,95.87000274658203,94.77999877929688,95.37999725341797,3282700
2009-08-21,57.89522933959961,93.7699966430664,95.7300033569336,93.75,95.63999938964844,6258300
2009-08-24,58.94485855102539,95.47000122070312,95.47000122070312,93.45999908447266,93.48999786376953,4460200
2009-08-25,59.27828598022461,96.01000213623047,96.08999633789062,94.91000366210938,95.37000274658203,3359700
2009-08-26,59.549957275390625,96.44999694824219,96.55000305175781,95.91000366210938,96.18000030517578,3225800
2009-08-27,59.315303802490234,96.06999969482422,96.62000274658203,95.7300033569336,96.18000030517578,2514000
2009-08-28,59.58696365356445,96.51000213623047,96.51000213623047,95.30999755859375,95.44000244140625,2072500
2009-08-31,59.642539978027344,96.5999984741211,96.86000061035156,95.76000213623047,96.36000061035156,2899800
2009-09-01,59.49823760986328,96.05999755859375,96.58000183105469,95.13999938964844,95.81999969482422,3304200
2009-09-02,60.36540603637695,97.45999908447266,97.66000366210938,96.23999786376953,96.4800033569336,4345000
2009-09-03,59.99372482299805,96.86000061035156,97.12000274658203,96.55000305175781,96.83999633789062,2703800
2009-09-04,58.97169876098633,95.20999908447266,96.5999984741211,95.05999755859375,96.44000244140625,3643000
2009-09-08,58.55677032470703,94.54000091552734,95.37000274658203,94.36000061035156,94.4800033569336,2468900
2009-09-09,58.4886474609375,94.43000030517578,94.43000030517578,93.5199966430664,93.88999938964844,3182400
2009-09-10,59.56635665893555,96.16999816894531,96.70999908447266,94.91000366210938,94.93000030517578,4417300
2009-09-11,59.89462661743164,96.69999694824219,97.68000030517578,96.5999984741211,96.81999969482422,4826200
2009-09-14,59.300025939941406,95.73999786376953,96.66999816894531,95.6500015258789,96.0199966430664,2119500
2009-09-15,58.99654006958008,95.25,95.7699966430664,95.06999969482422,95.19000244140625,2187900
2009-09-16,59.101802825927734,95.41999816894531,95.94999694824219,94.5999984741211,95.33999633789062,3732300
2009-09-17,59.84503936767578,96.62000274658203,96.7300033569336,95.16999816894531,95.69000244140625,2832000
2009-09-18,59.31240463256836,95.76000213623047,96.52999877929688,95.66999816894531,96.19999694824219,2813300
2009-09-21,59.44866943359375,95.9800033569336,96.48999786376953,95.36000061035156,96.0999984741211,3050200
2009-09-22,59.572540283203125,96.18000030517578,96.37000274658203,95.51000213623047,95.6500015258789,2068000
2009-09-23,59.752197265625,96.47000122070312,96.58000183105469,95.19999694824219,95.94000244140625,5712000
2009-09-24,59.92561721801758,96.75,97.08999633789062,96.16999816894531,96.5,4658400
2009-09-25,60.68743133544922,97.9800033569336,98.05999755859375,96.7699966430664,97.36000061035156,3854500
2009-09-28,61.22014617919922,98.83999633789062,98.93000030517578,98.11000061035156,98.31999969482422,4263300
2009-09-29,61.16438293457031,98.75,99.16999816894531,98.1500015258789,98.31999969482422,3123200
2009-09-30,61.10860061645508,98.66000366210938,99.12999725341797,98.36000061035156,98.55999755859375,2744800
2009-10-01,61.945533752441406,99.69999694824219,100.05999755859375,98.80000305175781,98.95999908447266,5754400
2009-10-02,61.516849517822266,99.01000213623047,100.30999755859375,98.87999725341797,100.27999877929688,4827700
2009-10-05,61.523033142089844,99.0199966430664,99.66000366210938,98.7699966430664,99.47000122070312,2910100
2009-10-06,60.91417694091797,98.04000091552734,98.80000305175781,97.9800033569336,98.76000213623047,3936200
2009-10-07,61.62868881225586,99.19000244140625,99.33000183105469,98.5999984741211,98.66999816894531,3591000
2009-10-08,60.9825325012207,98.1500015258789,99.76000213623047,97.68000030517578,99.70999908447266,5871600
2009-10-09,59.58448028564453,95.9000015258789,97.70999908447266,95.5,97.62000274658203,8135900
2009-10-12,59.677738189697266,96.05000305175781,96.33000183105469,95.5999984741211,96.02999877929688,1939700
2009-10-13,59.988407135009766,96.55000305175781,96.8499984741211,96.26000213623047,96.62000274658203,2886500
2009-10-14,59.09990310668945,95.12000274658203,96.0999984741211,94.9000015258789,95.51000213623047,5421000
2009-10-15,58.826541900634766,94.68000030517578,95.41999816894531,94.37000274658203,94.56999969482422,3736900
2009-10-16,59.30491256713867,95.44999694824219,95.52999877929688,94.7300033569336,95.19000244140625,3716800
2009-10-19,59.77088928222656,96.19999694824219,96.20999908447266,95.37999725341797,95.58999633789062,3163800
2009-10-20,60.094017028808594,96.72000122070312,97.25,96.54000091552734,97.0199966430664,2912400
2009-10-21,59.73363494873047,96.13999938964844,96.20999908447266,95.51000213623047,96.16000366210938,3355200
2009-10-22,59.44160461425781,95.66999816894531,95.83000183105469,95.33000183105469,95.37999725341797,2572200
2009-10-23,58.994285583496094,94.94999694824219,95.41999816894531,94.87000274658203,94.87999725341797,2996200
2009-10-26,58.230037689208984,93.72000122070312,94.51000213623047,93.55000305175781,94.44000244140625,4127400
2009-10-27,59.02535629272461,95.0,95.11000061035156,93.91999816894531,93.97000122070312,4476300
2009-10-28,59.30491256713867,95.44999694824219,95.80000305175781,94.95999908447266,95.13999938964844,4585400
2009-10-29,58.65880584716797,94.41000366210938,95.05999755859375,93.94999694824219,94.81999969482422,4645300
2009-10-30,59.50996017456055,95.77999877929688,96.01000213623047,94.87000274658203,95.0999984741211,5118000
2009-11-02,59.2469482421875,95.05000305175781,95.58000183105469,94.80000305175781,95.51000213623047,3463800
2009-11-03,58.65477752685547,94.0999984741211,95.36000061035156,94.0,95.27999877929688,4470700
2009-11-04,58.11869812011719,93.23999786376953,94.06999969482422,92.80000305175781,93.61000061035156,5349500
2009-11-05,58.11869812011719,93.23999786376953,93.23999786376953,92.80000305175781,92.87000274658203,2852000
2009-11-06,58.17485046386719,93.33000183105469,93.44999694824219,92.45999908447266,93.37999725341797,3381100
2009-11-09,58.24335861206055,93.44000244140625,93.69999694824219,93.12999725341797,93.27999877929688,1697800
2009-11-10,58.13739776611328,93.2699966430664,94.0999984741211,92.91000366210938,94.05000305175781,2549900
2009-11-11,58.38050079345703,93.66000366210938,94.16000366210938,93.4800033569336,93.62999725341797,1771100
2009-11-12,58.27452850341797,93.48999786376953,93.58999633789062,92.44999694824219,93.23999786376953,3431300
2009-11-13,58.54254150390625,93.91999816894531,94.05999755859375,93.44999694824219,93.83000183105469,1594200
2009-11-16,59.22824478149414,95.0199966430664,95.44999694824219,94.5199966430664,94.6500015258789,5175700
2009-11-17,59.54608917236328,95.52999877929688,95.80000305175781,94.80999755859375,94.98999786376953,3174400
2009-11-18,59.1970329284668,94.97000122070312,95.52999877929688,94.73999786376953,95.44000244140625,2413600
2009-11-19,59.30302047729492,95.13999938964844,95.81999969482422,94.91000366210938,95.23999786376953,2969800
2009-11-20,59.29054641723633,95.12000274658203,95.37000274658203,94.58999633789062,95.0,4136300
2009-11-23,59.21575164794922,95.0,95.0999984741211,94.33999633789062,94.54000091552734,3219300
2009-11-24,59.589725494384766,95.5999984741211,95.69999694824219,94.98999786376953,95.11000061035156,2895200
2009-11-25,59.86397933959961,96.04000091552734,96.2300033569336,94.97000122070312,95.48999786376953,2789300
2009-11-27,60.088409423828125,96.4000015258789,96.55999755859375,96.08999633789062,96.4000015258789,2249100
2009-11-30,60.23179244995117,96.62999725341797,96.7300033569336,96.0,96.19999694824219,3115800
2009-12-01,59.560848236083984,95.25,95.93000030517578,95.19000244140625,95.76000213623047,3979100
2009-12-02,59.61086654663086,95.33000183105469,95.95999908447266,94.98999786376953,95.29000091552734,2193900
2009-12-03,58.99180221557617,94.33999633789062,94.83999633789062,94.23999786376953,94.43000030517578,3947300
2009-12-04,58.36643981933594,93.33999633789062,93.6500015258789,92.91000366210938,93.29000091552734,6108100
2009-12-07,58.441524505615234,93.45999908447266,93.73999786376953,93.08999633789062,93.2699966430664,2774200
2009-12-08,58.5290641784668,93.5999984741211,94.37000274658203,93.37000274658203,94.05000305175781,2378600
2009-12-09,58.26017379760742,93.16999816894531,94.05000305175781,92.68000030517578,93.69000244140625,3494300
2009-12-10,57.591102600097656,92.0999984741211,92.80000305175781,91.94999694824219,92.69000244140625,4446300
2009-12-11,57.5848503112793,92.08999633789062,92.26000213623047,91.30999755859375,91.83999633789062,3053400
2009-12-14,57.653568267822266,92.19999694824219,92.5,92.05000305175781,92.3499984741211,2380400
2009-12-15,57.39725112915039,91.79000091552734,92.0,91.48999786376953,91.56999969482422,2993900
2009-12-16,57.328468322753906,91.68000030517578,92.25,91.36000061035156,91.93000030517578,3301600
2009-12-17,58.2726936340332,93.19000244140625,93.2300033569336,92.19000244140625,92.5,4428900
2009-12-18,58.022544860839844,92.79000091552734,93.5,92.6500015258789,93.19999694824219,3789500
2009-12-21,56.99076461791992,91.13999938964844,92.19999694824219,91.13999938964844,92.05999755859375,3524000
2009-12-22,56.67190170288086,90.62999725341797,90.87000274658203,90.41999816894531,90.80000305175781,3078800
2009-12-23,56.68438720703125,90.6500015258789,91.38999938964844,90.5,90.95999908447266,2336000
2009-12-24,56.096561431884766,89.70999908447266,90.36000061035156,89.66999816894531,90.33000183105469,1698900
2009-12-28,55.9403190612793,89.45999908447266,89.62999725341797,89.30000305175781,89.45999908447266,3170900
2009-12-29,56.30923843383789,89.7300033569336,89.88999938964844,89.19999694824219,89.26000213623047,2617000
2009-12-30,56.67950439453125,90.31999969482422,90.4800033569336,89.86000061035156,89.91999816894531,1919100
2009-12-31,56.4096794128418,89.88999938964844,90.11000061035156,89.05000305175781,89.76000213623047,3242400
2010-01-04,56.35948944091797,89.80999755859375,90.0999984741211,89.58000183105469,89.83999633789062,2829100
2010-01-05,56.72346496582031,90.38999938964844,90.62999725341797,90.0,90.05000305175781,2841600
2010-01-06,55.96414566040039,89.18000030517578,90.26000213623047,89.12000274658203,90.16999816894531,4099600
2010-01-07,56.058265686035156,89.33000183105469,89.63999938964844,89.12000274658203,89.22000122070312,2793200
2010-01-08,56.033138275146484,89.29000091552734,89.55999755859375,88.76000213623047,89.51000213623047,2910700
2010-01-11,55.72565841674805,88.80000305175781,89.36000061035156,88.7699966430664,88.98999786376953,2181300
2010-01-12,56.67950439453125,90.31999969482422,90.38999938964844,89.83999633789062,90.16000366210938,4321200
2010-01-13,56.02058792114258,89.2699966430664,90.27999877929688,89.22000122070312,89.93000030517578,4755000
2010-01-14,56.805023193359375,90.5199966430664,90.5199966430664,89.54000091552734,89.69000244140625,4188800
2010-01-15,57.15644836425781,91.08000183105469,91.33000183105469,90.9800033569336,91.02999877929688,4142800
2010-01-19,56.99331283569336,90.81999969482422,91.12000274658203,90.41999816894531,90.72000122070312,2496000
2010-01-20,57.57065200805664,91.73999786376953,91.7699966430664,91.2699966430664,91.31999969482422,2800500
2010-01-21,57.83419418334961,92.16000366210938,92.38999938964844,91.45999908447266,91.55000305175781,4363100
2010-01-22,57.73377990722656,92.0,92.30999755859375,91.7699966430664,92.08999633789062,3666900
2010-01-25,57.47019577026367,91.58000183105469,91.91999816894531,91.48999786376953,91.54000091552734,2419500
2010-01-26,57.48905563354492,91.61000061035156,92.11000061035156,91.30999755859375,92.0199966430664,3138100
2010-01-27,57.45768356323242,91.55999755859375,92.08999633789062,91.37000274658203,91.75,3325700
2010-01-28,57.42627716064453,91.51000213623047,91.69999694824219,91.05999755859375,91.12999725341797,3058200
2010-01-29,57.92830276489258,92.30999755859375,92.36000061035156,91.25,91.41000366210938,4930600
2010-02-01,57.40249252319336,91.1500015258789,91.7300033569336,91.05000305175781,91.70999908447266,3598500
2010-02-02,57.56619644165039,91.41000366210938,91.44999694824219,91.04000091552734,91.18000030517578,3047500
2010-02-03,56.89867401123047,90.3499984741211,90.97000122070312,90.2699966430664,90.80999755859375,5343700
2010-02-04,57.799232482910156,91.77999877929688,91.81999969482422,90.9000015258789,90.98999786376953,6095000
2010-02-05,57.92517852783203,91.9800033569336,92.41999816894531,91.20999908447266,91.37000274658203,6875800
2010-02-08,58.000755310058594,92.0999984741211,92.1500015258789,91.6500015258789,91.87000274658203,3386000
2010-02-09,57.42137908935547,91.18000030517578,92.22000122070312,91.13999938964844,91.73999786376953,4790000
2010-02-10,56.87343978881836,90.30999755859375,91.5999984741211,90.19999694824219,91.31999969482422,5068000
2010-02-11,56.56491470336914,89.81999969482422,90.27999877929688,89.37999725341797,90.19999694824219,5087500
2010-02-12,56.79792022705078,90.19000244140625,90.41999816894531,89.94999694824219,90.30999755859375,2833800
2010-02-16,56.90495300292969,90.36000061035156,90.44000244140625,89.7300033569336,89.7300033569336,2440900
2010-02-17,56.256324768066406,89.33000183105469,90.08999633789062,89.08000183105469,89.91999816894531,4368200
2010-02-18,56.029605865478516,88.97000122070312,89.5,88.51000213623047,89.45999908447266,5121800
2010-02-19,56.331851959228516,89.44999694824219,89.51000213623047,88.9000015258789,89.23999786376953,3502500
2010-02-22,56.09885025024414,89.08000183105469,89.31999969482422,88.91999816894531,89.12000274658203,3382600
2010-02-23,56.9742317199707,90.47000122070312,90.54000091552734,89.30000305175781,89.33999633789062,5474500
2010-02-24,57.112796783447266,90.69000244140625,90.87999725341797,90.18000030517578,90.55000305175781,4423200
2010-02-25,57.433963775634766,91.19999694824219,91.29000091552734,90.9000015258789,91.18000030517578,3707700
2010-02-26,57.729949951171875,91.66999816894531,92.05999755859375,91.41000366210938,91.45999908447266,4349100
2010-03-01,57.70474624633789,91.33999633789062,91.52999877929688,90.95999908447266,91.33000183105469,2415200
2010-03-02,57.628883361816406,91.22000122070312,91.27999877929688,90.69999694824219,90.87999725341797,2260600
2010-03-03,57.48353576660156,90.98999786376953,91.08000183105469,90.69999694824219,91.01000213623047,2156100
2010-03-04,57.786800384521484,91.47000122070312,91.68000030517578,90.83000183105469,90.95999908447266,2374700
2010-03-05,57.028682708740234,90.2699966430664,90.87000274658203,90.12000274658203,90.83000183105469,3823200
2010-03-08,56.73176956176758,89.80000305175781,89.97000122070312,89.69999694824219,89.9000015258789,2850400
2010-03-09,56.744422912597656,89.81999969482422,90.0,89.4000015258789,89.9800033569336,2573700
2010-03-10,56.59910583496094,89.58999633789062,89.69999694824219,89.19000244140625,89.48999786376953,3216200
2010-03-11,56.80759811401367,89.91999816894531,90.13999938964844,89.37000274658203,89.38999938964844,2621000
2010-03-12,57.16136169433594,90.4800033569336,90.6500015258789,89.7300033569336,89.7699966430664,3099100
2010-03-15,57.08555603027344,90.36000061035156,90.47000122070312,90.05000305175781,90.3499984741211,1936800
2010-03-16,57.54042053222656,91.08000183105469,91.08999633789062,90.54000091552734,90.55999755859375,3932600
2010-03-17,57.786800384521484,91.47000122070312,91.47000122070312,91.06999969482422,91.30999755859375,3481200
2010-03-18,57.597286224365234,91.16999816894531,91.4800033569336,91.01000213623047,91.41999816894531,2750300
2010-03-19,57.65412902832031,91.26000213623047,91.58000183105469,90.87000274658203,91.26000213623047,2976300
2010-03-22,57.71729278564453,91.36000061035156,91.48999786376953,91.22000122070312,91.3499984741211,2452300
2010-03-23,57.44567108154297,90.93000030517578,91.31999969482422,90.91000366210938,91.06999969482422,2910000
2010-03-24,56.39693069458008,89.2699966430664,90.25,89.05999755859375,89.83999633789062,8049300
2010-03-25,56.036834716796875,88.69999694824219,89.23999786376953,88.37000274658203,89.12999725341797,8268400
2010-03-26,56.19477081298828,88.94999694824219,89.12000274658203,88.48999786376953,88.54000091552734,4110700
2010-03-29,55.979949951171875,88.61000061035156,88.8499984741211,88.30999755859375,88.77999877929688,3245100
2010-03-30,56.15687561035156,88.88999938964844,88.94999694824219,88.2699966430664,88.5199966430664,3254600
2010-03-31,56.542266845703125,89.5,89.5199966430664,88.94999694824219,89.22000122070312,4263900
2010-04-01,56.40400695800781,88.94999694824219,89.02999877929688,88.43000030517578,88.7699966430664,2912400
2010-04-05,55.465518951416016,87.47000122070312,88.13999938964844,87.41000366210938,87.9800033569336,5652000
2010-04-06,55.5543212890625,87.61000061035156,87.8499984741211,87.3499984741211,87.80000305175781,3584600
2010-04-07,56.26446533203125,88.7300033569336,88.91999816894531,87.30000305175781,87.44999694824219,6389900
2010-04-08,56.28986358642578,88.7699966430664,89.12999725341797,88.4800033569336,88.88999938964844,3797600
2010-04-09,56.42301559448242,88.9800033569336,89.05999755859375,88.41000366210938,88.61000061035156,2311300
2010-04-12,56.72106170654297,89.44999694824219,89.55999755859375,89.08999633789062,89.16999816894531,2939600
2010-04-13,56.904972076416016,89.73999786376953,89.94999694824219,89.5199966430664,89.88999938964844,3090900
2010-04-14,56.505470275878906,89.11000061035156,89.87000274658203,89.11000061035156,89.76000213623047,3570100
2010-04-15,56.568843841552734,89.20999908447266,89.5,88.68000030517578,88.8499984741211,3698000
2010-04-16,56.98105239868164,89.86000061035156,89.98999786376953,89.23999786376953,89.4000015258789,8303900
2010-04-19,56.84156799316406,89.63999938964844,90.02999877929688,89.5199966430664,89.87000274658203,3211500
2010-04-20,57.044490814208984,89.95999908447266,89.98999786376953,89.63999938964844,89.8499984741211,2285000
2010-04-21,57.51370620727539,90.69999694824219,90.83000183105469,90.26000213623047,90.2699966430664,4162200
2010-04-22,57.34249496459961,90.43000030517578,91.08999633789062,90.33000183105469,90.9000015258789,2841400
2010-04-23,57.13956069946289,90.11000061035156,90.36000061035156,89.87000274658203,90.20999908447266,4776000
2010-04-26,57.202999114990234,90.20999908447266,90.6500015258789,89.94000244140625,90.51000213623047,4753900
2010-04-27,58.00834274291992,91.4800033569336,91.91999816894531,90.69999694824219,90.8499984741211,13199200
2010-04-28,57.51370620727539,90.69999694824219,91.3499984741211,90.4800033569336,91.12999725341797,8379500
2010-04-29,57.7546501159668,91.08000183105469,91.22000122070312,90.5199966430664,90.86000061035156,4067200
2010-04-30,58.420475006103516,92.12999725341797,92.16999816894531,91.11000061035156,91.27999877929688,6924800
2010-05-03,58.34413146972656,91.69000244140625,92.0199966430664,91.27999877929688,91.41999816894531,4211800
2010-05-04,59.39403533935547,93.33999633789062,93.47000122070312,92.55999755859375,92.80999755859375,11054800
2010-05-05,59.74404525756836,93.88999938964844,94.8499984741211,93.3499984741211,94.05999755859375,12219100
2010-05-06,61.58937072753906,96.79000091552734,100.0,93.77999877929688,94.16000366210938,19578200
2010-05-07,60.8194465637207,95.58000183105469,98.08999633789062,95.2699966430664,95.87999725341797,18740600
2010-05-10,59.55951690673828,93.5999984741211,93.94000244140625,93.08999633789062,93.16000366210938,10240100
2010-05-11,59.406776428222656,93.36000061035156,94.0199966430664,92.98999786376953,93.9800033569336,7729100
2010-05-12,58.95500183105469,92.6500015258789,93.26000213623047,92.61000061035156,93.13999938964844,5530800
2010-05-13,59.34311294555664,93.26000213623047,93.55000305175781,92.19999694824219,93.26000213623047,6849700
2010-05-14,60.37398910522461,94.87999725341797,95.5,94.08999633789062,94.12000274658203,9796500
2010-05-17,60.151283264160156,94.52999877929688,95.70999908447266,94.47000122070312,94.72000122070312,6302200
2010-05-18,61.07391357421875,95.9800033569336,96.16999816894531,94.7699966430664,94.9000015258789,9904100
2010-05-19,61.27754211425781,96.30000305175781,96.94999694824219,95.93000030517578,95.94000244140625,14121200
2010-05-20,62.56930923461914,98.33000183105469,98.56999969482422,97.52999877929688,97.91000366210938,17666900
2010-05-21,62.63288116455078,98.43000030517578,99.75,97.86000061035156,99.61000061035156,18670600
2010-05-24,62.41658401489258,98.08999633789062,98.87000274658203,97.9000015258789,98.73999786376953,7721100
2010-05-25,62.72195053100586,98.56999969482422,99.88999938964844,98.4000015258789,99.6500015258789,12952700
2010-05-26,62.54386520385742,98.29000091552734,98.4000015258789,97.4000015258789,98.22000122070312,12644800
2010-05-27,61.124847412109375,96.05999755859375,96.98999786376953,95.87999725341797,96.83000183105469,7653200
2010-05-28,61.40480041503906,96.5,96.77999877929688,96.0199966430664,96.48999786376953,5805500
2010-06-01,61.836395263671875,96.8499984741211,97.29000091552734,96.25,97.2300033569336,5536200
2010-06-02,61.248958587646484,95.93000030517578,97.19000244140625,95.81999969482422,96.98999786376953,5656400
2010-06-03,60.80210876464844,95.2300033569336,95.91000366210938,95.0999984741211,95.20999908447266,8499500
2010-06-04,62.43654251098633,97.79000091552734,97.94999694824219,96.69999694824219,96.94000244140625,7479600
2010-06-07,62.91547393798828,98.54000091552734,98.58999633789062,97.33000183105469,97.5199966430664,5288200
2010-06-08,62.602596282958984,98.05000305175781,98.51000213623047,97.76000213623047,97.93000030517578,5510800
2010-06-09,62.53236770629883,97.94000244140625,98.12000274658203,97.20999908447266,97.5999984741211,5598000
2010-06-10,61.41508102416992,96.19000244140625,97.29000091552734,96.08999633789062,97.19999694824219,6075100
2010-06-11,62.19391632080078,97.41000366210938,97.80999755859375,96.61000061035156,97.08999633789062,6266700
2010-06-14,61.874755859375,96.91000366210938,97.04000091552734,96.22000122070312,96.31999969482422,5310400
2010-06-15,61.61933517456055,96.51000213623047,97.25,96.05000305175781,97.11000061035156,4920100
2010-06-16,61.97052764892578,97.05999755859375,97.22000122070312,96.38999938964844,97.19000244140625,4011100
2010-06-17,62.474884033203125,97.8499984741211,98.2300033569336,97.06999969482422,97.1500015258789,5650900
2010-06-18,62.372764587402344,97.69000244140625,98.11000061035156,97.56999969482422,97.88999938964844,4171700
2010-06-21,62.19391632080078,97.41000366210938,97.55000305175781,96.41000366210938,96.45999908447266,5740900
2010-06-22,62.934600830078125,98.56999969482422,98.5999984741211,97.41999816894531,97.68000030517578,5658900
2010-06-23,63.36233901977539,99.23999786376953,99.56999969482422,98.56999969482422,98.61000061035156,9137800
2010-06-24,62.98564147949219,98.6500015258789,99.58999633789062,98.3499984741211,99.3499984741211,6184600
2010-06-25,63.24107360839844,99.05000305175781,99.33000183105469,98.16000366210938,98.31999969482422,5148300
2010-06-28,63.834877014160156,99.9800033569336,100.0,99.41999816894531,99.5999984741211,5436000
2010-06-29,64.5307846069336,101.06999969482422,101.12999725341797,100.16000366210938,100.31999969482422,7334200
2010-06-30,64.96493530273438,101.75,101.79000091552734,100.80000305175781,101.41000366210938,7205700
2010-07-01,65.06742858886719,101.5999984741211,102.66000366210938,101.37999725341797,101.56999969482422,12893400
2010-07-02,64.54867553710938,100.79000091552734,101.44000244140625,100.16000366210938,101.11000061035156,6297600
2010-07-06,65.08023071289062,101.62000274658203,101.75,100.73999786376953,100.83000183105469,6620400
2010-07-07,64.31809997558594,100.43000030517578,101.51000213623047,100.33999633789062,101.45999908447266,5727800
2010-07-08,63.90827178955078,99.79000091552734,100.16000366210938,99.55000305175781,99.81999969482422,6260600
2010-07-09,63.543190002441406,99.22000122070312,99.63999938964844,99.18000030517578,99.4000015258789,4286000
2010-07-12,63.517581939697266,99.18000030517578,99.83999633789062,99.04000091552734,99.33000183105469,4062100
2010-07-13,62.97325134277344,98.33000183105469,98.88999938964844,98.18000030517578,98.8499984741211,5842500
2010-07-14,63.60727310180664,99.31999969482422,99.48999786376953,98.38999938964844,98.72000122070312,5417300
2010-07-15,64.24124908447266,100.30999755859375,100.58999633789062,99.69999694824219,99.73999786376953,6996100
2010-07-16,64.55510711669922,100.80000305175781,101.12999725341797,100.2699966430664,100.30999755859375,7512400
2010-07-19,64.15799713134766,100.18000030517578,100.75,99.9800033569336,100.55999755859375,4305800
2010-07-20,64.25408172607422,100.33000183105469,100.9000015258789,100.18000030517578,100.66999816894531,5076600
2010-07-21,65.34282684326172,102.02999877929688,102.27999877929688,100.41000366210938,100.44999694824219,7894200
2010-07-22,64.58710479736328,100.8499984741211,101.5199966430664,100.81999969482422,101.51000213623047,5759700
2010-07-23,63.9018669128418,99.77999877929688,100.97000122070312,99.69000244140625,100.80000305175781,6259100
2010-07-26,63.79292678833008,99.61000061035156,99.80999755859375,99.0,99.62999725341797,4856400
2010-07-27,63.17814254760742,98.6500015258789,99.18000030517578,98.56999969482422,98.77999877929688,5328000
2010-07-28,63.38309097290039,98.97000122070312,99.19000244140625,98.2699966430664,98.48999786376953,5507200
2010-07-29,63.36390686035156,98.94000244140625,99.0199966430664,97.91999816894531,98.0999984741211,6305500
2010-07-30,64.35018920898438,100.4800033569336,100.61000061035156,99.8499984741211,100.19999694824219,7683200
2010-08-02,63.44675827026367,98.75,99.33000183105469,98.75,99.23999786376953,5769200
2010-08-03,63.81306457519531,99.31999969482422,99.66000366210938,98.93000030517578,99.19999694824219,4363500
2010-08-04,63.324710845947266,98.55999755859375,99.51000213623047,98.55999755859375,99.5,3820400
2010-08-05,63.620296478271484,99.0199966430664,99.48999786376953,98.83999633789062,99.33999633789062,3704200
2010-08-06,64.31417083740234,100.0999984741211,100.20999908447266,99.48999786376953,99.79000091552734,6042400
2010-08-09,64.07646179199219,99.7300033569336,99.9800033569336,99.61000061035156,99.73999786376953,2578500
2010-08-10,64.21141052246094,99.94000244140625,101.01000213623047,99.47000122070312,100.05999755859375,11251000
2010-08-11,65.07232666015625,101.27999877929688,101.38999938964844,100.30999755859375,100.30999755859375,6778300
2010-08-12,64.91167449951172,101.02999877929688,101.94000244140625,100.87000274658203,101.58000183105469,7590100
2010-08-13,65.72124481201172,102.29000091552734,102.44999694824219,101.4800033569336,101.62000274658203,7843600
2010-08-16,67.365966796875,104.8499984741211,104.88999938964844,104.06999969482422,104.20999908447266,7976200
2010-08-17,66.98053741455078,104.25,104.86000061035156,104.0,104.8499984741211,6756800
2010-08-18,67.16041564941406,104.52999877929688,105.6500015258789,104.48999786376953,105.0,7721600
2010-08-19,68.20775604248047,106.16000366210938,106.61000061035156,104.63999938964844,104.79000091552734,13128500
2010-08-20,68.13058471679688,106.04000091552734,106.83000183105469,105.83999633789062,106.41000366210938,7040300
2010-08-23,68.14344024658203,106.05999755859375,106.19000244140625,105.25,105.6500015258789,6360100
2010-08-24,69.2356948852539,107.76000213623047,108.12999725341797,106.66999816894531,107.04000091552734,9812100
2010-08-25,69.01087951660156,107.41000366210938,109.33999633789062,107.06999969482422,108.80000305175781,13299800
2010-08-26,69.6597671508789,108.41999816894531,108.48999786376953,107.29000091552734,107.55999755859375,7039900
2010-08-27,67.68727111816406,105.3499984741211,108.33000183105469,105.19999694824219,107.7699966430664,13514000
2010-08-30,68.98512268066406,107.37000274658203,107.4000015258789,105.81999969482422,106.20999908447266,5535300
2010-08-31,69.74967193603516,108.55999755859375,108.6500015258789,107.62000274658203,108.22000122070312,8397000
2010-09-01,68.30752563476562,106.0,107.05000305175781,105.08999633789062,107.0199966430664,12480700
2010-09-02,67.58580780029297,104.87999725341797,105.30000305175781,104.4000015258789,105.19999694824219,8167600
2010-09-03,66.74805450439453,103.58000183105469,103.94000244140625,102.69999694824219,102.72000122070312,9210700
2010-09-07,68.11421966552734,105.69999694824219,105.77999877929688,104.80999755859375,105.08999633789062,6018400
2010-09-08,67.5728988647461,104.86000061035156,105.20999908447266,104.36000061035156,105.08999633789062,6698400
2010-09-09,66.23902130126953,102.79000091552734,103.83999633789062,102.63999938964844,103.69999694824219,8588900
2010-09-10,65.93606567382812,102.31999969482422,102.69999694824219,101.8499984741211,102.25,6910300
2010-09-13,66.25830078125,102.81999969482422,103.05000305175781,101.7699966430664,101.80000305175781,7054800
2010-09-14,66.89629364013672,103.80999755859375,103.81999969482422,102.97000122070312,103.02999877929688,5978100
2010-09-15,65.90387725830078,102.2699966430664,103.26000213623047,102.13999938964844,102.75,7919100
2010-09-16,65.25302124023438,101.26000213623047,101.81999969482422,100.8499984741211,101.52999877929688,17116200
2010-09-17,65.51721954345703,101.66999816894531,102.16000366210938,101.31999969482422,101.83000183105469,9203600
2010-09-20,65.89744567871094,102.26000213623047,102.44999694824219,101.69000244140625,102.1500015258789,5277800
2010-09-21,66.8125228881836,103.68000030517578,104.0199966430664,102.26000213623047,102.66999816894531,12664000
2010-09-22,67.41175842285156,104.61000061035156,105.06999969482422,103.8499984741211,104.55000305175781,8229400
2010-09-23,67.6051254272461,104.91000366210938,105.45999908447266,104.23999786376953,105.41000366210938,7412200
2010-09-24,66.69644927978516,103.5,104.11000061035156,103.5,103.95999908447266,8942500
2010-09-27,67.85645294189453,105.30000305175781,105.44999694824219,104.4800033569336,104.52999877929688,7061600
2010-09-28,68.3204116821289,106.0199966430664,106.31999969482422,105.33999633789062,105.37999725341797,8262900
2010-09-29,68.03690338134766,105.58000183105469,106.2699966430664,105.3499984741211,106.16999816894531,5507100
2010-09-30,67.99174499511719,105.51000213623047,105.58999633789062,104.02999877929688,105.4000015258789,10618400
2010-10-01,67.66316986083984,104.61000061035156,105.13999938964844,103.9800033569336,104.2300033569336,9368400
2010-10-04,67.83784484863281,104.87999725341797,104.93000030517578,104.41000366210938,104.62000274658203,4422700
2010-10-05,67.4303207397461,104.25,104.80999755859375,103.93000030517578,104.7300033569336,8491800
2010-10-06,68.27763366699219,105.55999755859375,106.0999984741211,104.86000061035156,104.9000015258789,6476100
2010-10-07,67.70841979980469,104.68000030517578,105.37999725341797,104.66999816894531,105.16999816894531,5780700
2010-10-08,67.41094970703125,104.22000122070312,105.45999908447266,104.22000122070312,104.87000274658203,6128700
2010-10-11,67.423828125,104.23999786376953,104.43000030517578,103.94000244140625,104.11000061035156,1474200
2010-10-12,66.75764465332031,103.20999908447266,104.76000213623047,103.18000030517578,104.41000366210938,6122400
2010-10-13,66.65410614013672,103.05000305175781,103.12000274658203,102.04000091552734,102.3499984741211,8168400
2010-10-14,65.6580810546875,101.51000213623047,103.6500015258789,101.47000122070312,103.29000091552734,10945000
2010-10-15,64.85599517822266,100.2699966430664,101.05000305175781,99.88999938964844,100.5999984741211,12694700
2010-10-18,65.37995910644531,101.08000183105469,101.44999694824219,100.77999877929688,101.19999694824219,5592200
2010-10-19,65.77450561523438,101.69000244140625,102.08999633789062,100.55000305175781,100.58000183105469,8017500
2010-10-20,65.91679382324219,101.91000366210938,102.27999877929688,101.20999908447266,101.37000274658203,5515800
2010-10-21,65.13416290283203,100.69999694824219,101.91000366210938,100.69000244140625,101.69000244140625,6836100
2010-10-22,65.57392883300781,101.37999725341797,101.47000122070312,100.41000366210938,100.44000244140625,4770700
2010-10-25,65.76151275634766,101.66999816894531,102.29000091552734,101.55000305175781,102.12000274658203,5632300
2010-10-26,64.74604797363281,100.0999984741211,101.05999755859375,100.05000305175781,100.86000061035156,8432000
2010-10-27,64.1769027709961,99.22000122070312,100.16999816894531,99.22000122070312,99.68000030517578,9245200
2010-10-28,64.35148620605469,99.48999786376953,99.83000183105469,99.16000366210938,99.58000183105469,8052600
2010-10-29,64.95305633544922,100.41999816894531,100.45999908447266,99.62000274658203,99.81999969482422,6753800
2010-11-01,64.67337036132812,99.66999816894531,100.80999755859375,99.48999786376953,100.80000305175781,5921000
2010-11-02,65.52339935302734,100.9800033569336,101.08999633789062,100.41999816894531,100.45999908447266,6537400
2010-11-03,64.18670654296875,98.91999816894531,102.2699966430664,98.43000030517578,101.7300033569336,25541800
2010-11-04,64.68634796142578,99.69000244140625,99.87000274658203,99.08000183105469,99.16999816894531,13246500
2010-11-05,63.57677459716797,97.9800033569336,98.80000305175781,97.9800033569336,98.3499984741211,12435000
2010-11-08,63.862300872802734,98.41999816894531,98.91999816894531,97.81999969482422,98.58999633789062,6795200
2010-11-09,62.45420837402344,96.25,98.5199966430664,96.19000244140625,98.48999786376953,15061700
2010-11-10,62.53854751586914,96.37999725341797,96.73999786376953,95.0,96.3499984741211,18540400
2010-11-11,62.50611114501953,96.33000183105469,96.62999725341797,96.13999938964844,96.44999694824219,3368100
2010-11-12,62.168701171875,95.80999755859375,96.73999786376953,95.80999755859375,96.20999908447266,11739500
2010-11-15,60.870941162109375,93.80999755859375,95.72000122070312,93.80999755859375,95.33000183105469,14978700
2010-11-16,62.38285446166992,96.13999938964844,96.25,93.98999786376953,94.91000366210938,19901300
2010-11-17,62.03893280029297,95.61000061035156,96.76000213623047,95.33999633789062,95.80000305175781,9915600
2010-11-18,62.29197692871094,96.0,96.0,94.80000305175781,95.68000030517578,12424800
2010-11-19,62.674861907958984,96.58999633789062,96.58999633789062,95.79000091552734,96.08999633789062,8359500
2010-11-22,62.940853118896484,97.0,97.62000274658203,96.23999786376953,97.37000274658203,10413500
2010-11-23,63.25230407714844,97.4800033569336,97.94999694824219,97.23999786376953,97.66999816894531,9566900
2010-11-24,62.1233024597168,95.73999786376953,96.98999786376953,95.58000183105469,96.80999755859375,11467600
2010-11-26,62.98629379272461,97.06999969482422,97.12000274658203,96.55000305175781,96.72000122070312,4848900
2010-11-29,63.52485275268555,97.9000015258789,97.94999694824219,97.08999633789062,97.55999755859375,8950000
2010-11-30,63.85576629638672,98.41000366210938,99.2699966430664,98.11000061035156,99.20999908447266,11947600
2010-12-01,62.43630599975586,95.88999938964844,97.11000061035156,95.88999938964844,96.6500015258789,15441200
2010-12-02,62.27355194091797,95.63999938964844,96.54000091552734,95.52999877929688,95.95999908447266,9318700
2010-12-03,61.78515625,94.88999938964844,96.33000183105469,94.8499984741211,96.27999877929688,10194800
2010-12-06,62.657691955566406,96.2300033569336,96.25,95.30999755859375,95.5199966430664,7001800
2010-12-07,61.316383361816406,94.16999816894531,94.91999816894531,93.16000366210938,94.72000122070312,18533100
2010-12-08,60.723880767822266,93.26000213623047,93.80000305175781,92.11000061035156,93.72000122070312,19275900
2010-12-09,61.02335739135742,93.72000122070312,94.2699966430664,92.7300033569336,93.5999984741211,17477100
2010-12-10,60.65229034423828,93.1500015258789,93.86000061035156,93.13999938964844,93.29000091552734,7078500
2010-12-13,60.880126953125,93.5,94.02999877929688,92.55999755859375,93.05000305175781,12399900
2010-12-14,59.99460983276367,92.13999938964844,93.0199966430664,91.44000244140625,92.4000015258789,23516400
2010-12-15,59.21323013305664,90.94000244140625,92.23999786376953,90.47000122070312,92.08000183105469,26084000
2010-12-16,59.62348556518555,91.56999969482422,91.58000183105469,90.56999969482422,91.02999877929688,17939000
2010-12-17,60.710853576660156,93.23999786376953,93.7699966430664,91.86000061035156,91.87999725341797,16849700
2010-12-20,60.645721435546875,93.13999938964844,94.2300033569336,92.63999938964844,93.75,13703500
2010-12-21,61.06897735595703,93.79000091552734,93.79000091552734,92.48999786376953,93.12999725341797,8985100
2010-12-22,60.63274383544922,93.12000274658203,93.55000305175781,92.93000030517578,93.47000122070312,6440900
2010-12-23,60.509010314941406,92.93000030517578,93.2300033569336,92.52999877929688,93.18000030517578,7091800
2010-12-27,61.04941940307617,93.76000213623047,93.87999725341797,92.30000305175781,92.76000213623047,5285900
2010-12-28,59.85375213623047,91.61000061035156,93.06999969482422,91.30999755859375,92.93000030517578,13972100
2010-12-29,60.86653518676758,93.16000366210938,93.5199966430664,91.47000122070312,91.76000213623047,13115400
2010-12-30,60.820770263671875,93.08999633789062,93.27999877929688,92.41000366210938,92.87999725341797,7029900
2010-12-31,61.49372863769531,94.12000274658203,94.69999694824219,93.44000244140625,93.51000213623047,8516000
2011-01-03,61.02981948852539,93.41000366210938,94.30999755859375,92.94999694824219,93.19999694824219,13799400
2011-01-04,61.101715087890625,93.5199966430664,93.7699966430664,92.91000366210938,93.41000366210938,10466900
2011-01-05,59.75578308105469,91.45999908447266,92.69000244140625,91.19000244140625,92.48999786376953,17568000
2011-01-06,60.017112731933594,91.86000061035156,92.12000274658203,91.16000366210938,91.54000091552734,9317500
2011-01-07,60.33729934692383,92.3499984741211,92.62999725341797,91.02999877929688,91.51000213623047,12694600
2011-01-10,60.66396713256836,92.8499984741211,92.98999786376953,92.18000030517578,92.58000183105469,8295200
2011-01-11,60.32421875,92.33000183105469,92.5999984741211,91.69000244140625,92.48999786376953,9495400
2011-01-12,59.85375213623047,91.61000061035156,92.16999816894531,91.44999694824219,91.73999786376953,9522900
2011-01-13,60.389549255371094,92.43000030517578,92.7699966430664,91.44999694824219,91.62000274658203,14502400
2011-01-14,60.00408172607422,91.83999633789062,92.9000015258789,91.76000213623047,92.77999877929688,8960700
2011-01-18,59.72311782836914,91.41000366210938,91.70999908447266,90.7300033569336,91.29000091552734,10663600
2011-01-19,60.154300689697266,92.06999969482422,92.06999969482422,91.36000061035156,91.41000366210938,8886900
2011-01-20,59.32461929321289,90.80000305175781,91.61000061035156,90.38999938964844,91.5,14203400
2011-01-21,59.795013427734375,91.5199966430664,91.5199966430664,90.51000213623047,90.69000244140625,9085600
2011-01-24,59.82111358642578,91.55999755859375,91.9000015258789,91.37999725341797,91.87000274658203,7700200
2011-01-25,60.389549255371094,92.43000030517578,92.9000015258789,91.31999969482422,91.94000244140625,13438100
2011-01-26,59.474815368652344,91.02999877929688,92.26000213623047,90.88999938964844,92.22000122070312,13322900
2011-01-27,59.74269485473633,91.44000244140625,91.6500015258789,90.66999816894531,91.06999969482422,10868700
2011-01-28,60.05630874633789,91.91999816894531,92.27999877929688,90.7699966430664,90.80999755859375,11993200
2011-01-31,59.5989990234375,91.22000122070312,91.9800033569336,91.05000305175781,91.66000366210938,8647600
2011-02-01,59.303955078125,90.44999694824219,90.83999633789062,90.13999938964844,90.55000305175781,11508400
2011-02-02,59.317054748535156,90.47000122070312,91.0,89.9000015258789,90.9000015258789,13624600
2011-02-03,58.825313568115234,89.72000122070312,90.56999969482422,89.70999908447266,89.95999908447266,12785800
2011-02-04,58.228641510009766,88.80999755859375,89.6500015258789,88.7699966430664,89.5,17172200
2011-02-07,58.53028869628906,89.2699966430664,89.30000305175781,88.56999969482422,88.69999694824219,8554800
2011-02-08,57.99263000488281,88.44999694824219,89.54000091552734,88.36000061035156,89.30999755859375,10454200
2011-02-09,58.497467041015625,89.22000122070312,89.66000366210938,88.13999938964844,88.69000244140625,13078600
2011-02-10,57.822139739990234,88.19000244140625,89.13999938964844,88.18000030517578,88.9000015258789,10486800
2011-02-11,58.654823303222656,89.45999908447266,89.52999877929688,88.73999786376953,89.02999877929688,11333400
2011-02-14,58.69418716430664,89.5199966430664,89.93000030517578,89.30999755859375,89.30999755859375,8033500
2011-02-15,58.95640563964844,89.91999816894531,89.97000122070312,89.37000274658203,89.55999755859375,7298000
2011-02-16,58.76632308959961,89.62999725341797,90.31999969482422,89.33999633789062,89.87000274658203,8446300
2011-02-17,58.85810470581055,89.7699966430664,90.18000030517578,89.66000366210938,90.0199966430664,6732500
2011-02-18,58.67451095581055,89.48999786376953,89.55000305175781,89.08000183105469,89.41999816894531,6080700
2011-02-22,59.55308151245117,90.83000183105469,90.94000244140625,89.70999908447266,89.91000366210938,11905700
2011-02-23,59.76945495605469,91.16000366210938,91.55000305175781,90.73999786376953,91.0999984741211,14522600
2011-02-24,60.14970397949219,91.73999786376953,92.04000091552734,91.44000244140625,91.62999725341797,12110900
2011-02-25,60.5037956237793,92.27999877929688,92.27999877929688,91.63999938964844,91.73999786376953,6841700
2011-02-28,60.58246994018555,92.4000015258789,92.5199966430664,92.08000183105469,92.30000305175781,9682500
2011-03-01,60.758113861083984,92.37000274658203,92.4000015258789,91.47000122070312,91.5199966430664,8048700
2011-03-02,59.82406997680664,90.94999694824219,91.98999786376953,90.94000244140625,91.83999633789062,8526400
2011-03-03,59.23865509033203,90.05999755859375,90.77999877929688,89.9800033569336,90.52999877929688,10607600
2011-03-04,59.73201370239258,90.80999755859375,90.8499984741211,90.0,90.0999984741211,9316200
2011-03-07,59.3504753112793,90.2300033569336,90.86000061035156,89.8499984741211,90.0199966430664,7522300
2011-03-08,58.988704681396484,89.68000030517578,90.33999633789062,89.6500015258789,90.11000061035156,8498700
2011-03-09,59.56096267700195,90.55000305175781,90.81999969482422,89.8499984741211,90.08999633789062,8904800
2011-03-10,60.56071472167969,92.06999969482422,92.0999984741211,90.63999938964844,90.87000274658203,13385800
2011-03-11,60.21873092651367,91.55000305175781,92.08000183105469,91.33000183105469,92.04000091552734,8407600
2011-03-14,60.19246292114258,91.51000213623047,91.91999816894531,91.31999969482422,91.4800033569336,6765200
2011-03-15,61.09357452392578,92.87999725341797,93.05000305175781,92.36000061035156,92.80000305175781,14893800
2011-03-16,61.78420639038086,93.93000030517578,94.94000244140625,93.08000183105469,93.37000274658203,24294200
2011-03-17,61.310611724853516,93.20999908447266,93.61000061035156,92.76000213623047,93.23999786376953,10528500
2011-03-18,61.47509765625,93.45999908447266,93.4800033569336,92.69000244140625,92.75,7260900
2011-03-21,61.11329650878906,92.91000366210938,93.18000030517578,92.56999969482422,93.12999725341797,10542900
2011-03-22,61.317230224609375,93.22000122070312,93.29000091552734,92.73999786376953,92.80999755859375,6904700
2011-03-23,61.23828887939453,93.0999984741211,93.87999725341797,92.93000030517578,93.8499984741211,8358000
2011-03-24,60.77783966064453,92.4000015258789,92.87999725341797,92.38999938964844,92.76000213623047,9477600
2011-03-25,60.626556396484375,92.16999816894531,92.95999908447266,92.0199966430664,92.86000061035156,6447200
2011-03-28,60.71204376220703,92.30000305175781,92.66999816894531,92.0,92.12000274658203,3996800
2011-03-29,60.24504470825195,91.58999633789062,92.5,91.56999969482422,91.9800033569336,6487200
2011-03-30,60.72518539428711,92.31999969482422,92.31999969482422,91.55999755859375,91.72000122070312,5048300
2011-03-31,60.60020446777344,92.12999725341797,92.72000122070312,91.61000061035156,92.66999816894531,9654300
2011-04-01,60.89479064941406,92.19000244140625,92.2699966430664,91.41999816894531,91.5,7860400
2011-04-04,60.96082305908203,92.29000091552734,92.58000183105469,92.12999725341797,92.19999694824219,4469100
2011-04-05,60.71648406982422,91.91999816894531,92.37999725341797,91.66999816894531,92.16000366210938,9951600
2011-04-06,59.80493927001953,90.54000091552734,91.79000091552734,90.54000091552734,91.7699966430664,9090900
2011-04-07,59.686065673828125,90.36000061035156,90.76000213623047,90.12999725341797,90.52999877929688,9265100
2011-04-08,59.3690071105957,89.87999725341797,90.31999969482422,89.8499984741211,89.93000030517578,7605700
2011-04-11,59.42181396484375,89.95999908447266,90.22000122070312,89.6500015258789,89.83000183105469,5734000
2011-04-12,60.06257247924805,90.93000030517578,91.23999786376953,90.55999755859375,90.61000061035156,7686500
2011-04-13,60.4390983581543,91.5,91.5,90.44000244140625,90.54000091552734,7959300
2011-04-14,60.39280319213867,91.43000030517578,91.7699966430664,91.22000122070312,91.54000091552734,7609600
2011-04-15,61.211856842041016,92.66999816894531,92.70999908447266,92.06999969482422,92.26000213623047,10222900
2011-04-18,61.35060501098633,92.87999725341797,93.0999984741211,91.44999694824219,91.98999786376953,12036700
2011-04-19,61.614845275878906,93.27999877929688,93.27999877929688,92.76000213623047,92.86000061035156,5295100
2011-04-20,61.21848678588867,92.68000030517578,93.26000213623047,92.61000061035156,93.06999969482422,6754100
2011-04-21,61.16563034057617,92.5999984741211,93.2300033569336,92.55999755859375,92.88999938964844,3365600
2011-04-25,61.39683532714844,92.94999694824219,92.97000122070312,92.5,92.62999725341797,3626900
2011-04-26,61.99129867553711,93.8499984741211,93.87000274658203,93.18000030517578,93.2699966430664,7506300
2011-04-27,61.35719680786133,92.88999938964844,93.56999969482422,92.75,93.44000244140625,8869300
2011-04-28,61.826202392578125,93.5999984741211,93.5999984741211,92.97000122070312,93.22000122070312,8110200
2011-04-29,62.01774978637695,93.88999938964844,93.91999816894531,93.3499984741211,93.47000122070312,5900000
2011-05-02,62.11724853515625,93.63999938964844,93.68000030517578,93.16999816894531,93.31999969482422,5285100
2011-05-03,62.468849182128906,94.16999816894531,94.16999816894531,93.58000183105469,93.95999908447266,6486600
2011-05-04,62.74744415283203,94.58999633789062,94.72000122070312,94.2699966430664,94.30999755859375,7406300
2011-05-05,63.344444274902344,95.48999786376953,95.62999725341797,94.80999755859375,94.91999816894531,9600000
2011-05-06,63.06582260131836,95.06999969482422,95.48999786376953,94.3499984741211,94.51000213623047,9451500
2011-05-09,62.999488830566406,94.97000122070312,95.19999694824219,94.83999633789062,94.9000015258789,3731200
2011-05-10,62.54838943481445,94.29000091552734,94.88999938964844,94.29000091552734,94.69999694824219,5458300
2011-05-11,62.906673431396484,94.83000183105469,95.08999633789062,94.18000030517578,94.31999969482422,6078700
2011-05-12,62.508602142333984,94.2300033569336,95.11000061035156,93.91000366210938,94.94999694824219,8015800
2011-05-13,63.07247543334961,95.08000183105469,95.48999786376953,94.52999877929688,94.6500015258789,8380000
2011-05-16,63.42402648925781,95.61000061035156,95.79000091552734,94.76000213623047,95.02999877929688,6053600
2011-05-17,64.0741195678711,96.58999633789062,96.5999984741211,95.9800033569336,96.02999877929688,9826900
2011-05-18,63.22505569458008,95.30999755859375,96.38999938964844,95.27999877929688,96.2699966430664,7707600
2011-05-19,63.198551177978516,95.2699966430664,95.31999969482422,94.45999908447266,94.45999908447266,8052400
2011-05-20,63.231693267822266,95.31999969482422,95.41000366210938,94.72000122070312,95.0199966430664,5602300
2011-05-23,63.536842346191406,95.77999877929688,96.19000244140625,95.58999633789062,95.7300033569336,6300000
2011-05-24,63.77562713623047,96.13999938964844,96.13999938964844,95.45999908447266,95.63999938964844,5549100
2011-05-25,63.47713088989258,95.69000244140625,96.27999877929688,95.54000091552734,96.1500015258789,5664500
2011-05-26,64.02108764648438,96.51000213623047,96.55000305175781,95.88999938964844,95.97000122070312,8307900
2011-05-27,63.99454116821289,96.47000122070312,96.51000213623047,95.87999725341797,96.12999725341797,5390600
2011-05-31,64.14051055908203,96.69000244140625,96.76000213623047,96.08999633789062,96.18000030517578,7003900
2011-06-01,65.00732421875,97.63999938964844,97.72000122070312,96.88999938964844,96.91999816894531,12746400
2011-06-02,63.76898956298828,95.77999877929688,96.91000366210938,95.77999877929688,96.48999786376953,15738700
2011-06-03,64.13518524169922,96.33000183105469,96.5999984741211,95.56999969482422,96.58000183105469,10644100
2011-06-06,63.649139404296875,95.5999984741211,95.98999786376953,95.20999908447266,95.47000122070312,8776900
2011-06-07,63.94207000732422,96.04000091552734,96.05999755859375,95.12000274658203,95.2300033569336,7399200
2011-06-08,64.44139862060547,96.79000091552734,96.83999633789062,96.16999816894531,96.26000213623047,7401800
2011-06-09,64.18173217773438,96.4000015258789,97.33000183105469,95.93000030517578,97.0999984741211,9963000
2011-06-10,64.67443084716797,97.13999938964844,97.38999938964844,96.80000305175781,96.91000366210938,7710800
2011-06-13,64.34821319580078,96.6500015258789,97.29000091552734,96.63999938964844,96.73999786376953,5540000
2011-06-14,63.37617492675781,95.19000244140625,95.9000015258789,95.12999725341797,95.73999786376953,8672400
2011-06-15,64.52796936035156,96.91999816894531,96.94000244140625,95.37000274658203,95.37999725341797,12979100
2011-06-16,64.8208999633789,97.36000061035156,97.52999877929688,96.80000305175781,97.0999984741211,10961200
2011-06-17,64.51467895507812,96.9000015258789,97.1500015258789,96.63999938964844,96.86000061035156,9622900
2011-06-20,64.59454345703125,97.0199966430664,97.36000061035156,96.58999633789062,97.33000183105469,6613800
2011-06-21,64.30823516845703,96.58999633789062,97.02999877929688,96.2699966430664,96.69999694824219,7894900
2011-06-22,64.34821319580078,96.6500015258789,97.05999755859375,96.41000366210938,96.95999908447266,5503700
2011-06-23,64.84091186523438,97.38999938964844,97.73999786376953,97.1500015258789,97.23999786376953,8586800
2011-06-24,64.56792449951172,96.9800033569336,97.69000244140625,96.9800033569336,97.36000061035156,7960900
2011-06-27,63.682437896728516,95.6500015258789,96.87000274658203,95.55000305175781,96.8499984741211,9331300
2011-06-28,63.169776916503906,94.87999725341797,95.68000030517578,94.72000122070312,95.4800033569336,12634300
2011-06-29,62.75033187866211,94.25,95.19999694824219,94.0199966430664,94.94999694824219,11084900
2011-06-30,62.65049362182617,94.0999984741211,94.30999755859375,93.13999938964844,94.2300033569336,11555600
2011-07-01,62.550270080566406,93.62999725341797,94.2300033569336,93.36000061035156,94.12999725341797,6637200
2011-07-05,62.6905403137207,93.83999633789062,94.16999816894531,93.69000244140625,94.04000091552734,4615600
2011-07-06,63.011226654052734,94.31999969482422,94.44999694824219,93.83999633789062,94.19000244140625,5652700
2011-07-07,62.82419967651367,94.04000091552734,94.13999938964844,93.55000305175781,93.83000183105469,6823700
2011-07-08,63.7126579284668,95.37000274658203,95.61000061035156,94.83000183105469,94.83999633789062,12129300
2011-07-11,64.6679916381836,96.80000305175781,96.80000305175781,95.75,96.04000091552734,9760800
2011-07-12,64.88850402832031,97.12999725341797,97.30999755859375,96.55999755859375,97.30000305175781,9083900
2011-07-13,65.06885528564453,97.4000015258789,97.43000030517578,96.11000061035156,96.70999908447266,13112200
2011-07-14,64.14022064208984,96.01000213623047,97.9000015258789,96.01000213623047,96.62000274658203,11471500
2011-07-15,64.24712371826172,96.16999816894531,96.19999694824219,95.23999786376953,95.29000091552734,7086200
2011-07-18,63.6258659362793,95.23999786376953,96.16999816894531,95.19999694824219,96.05999755859375,8206500
2011-07-19,64.94859313964844,97.22000122070312,97.2699966430664,95.16999816894531,95.31999969482422,15249400
2011-07-20,64.18030548095703,96.06999969482422,96.83999633789062,95.87000274658203,96.72000122070312,9673300
2011-07-21,63.68592071533203,95.33000183105469,95.86000061035156,94.9000015258789,95.23999786376953,11099200
2011-07-22,64.16692352294922,96.05000305175781,96.08999633789062,95.52999877929688,95.69000244140625,4974500
2011-07-25,63.46551513671875,95.0,96.05000305175781,94.83000183105469,94.97000122070312,10869400
2011-07-26,63.89976501464844,95.6500015258789,95.87000274658203,95.23999786376953,95.30000305175781,7682800
2011-07-27,63.90642166137695,95.66000366210938,95.83999633789062,95.0999984741211,95.33999633789062,11224200
2011-07-28,64.1468505859375,96.0199966430664,96.30999755859375,95.70999908447266,96.11000061035156,7081600
2011-07-29,65.41619110107422,97.91999816894531,98.52999877929688,96.77999877929688,96.88999938964844,19582400
2011-08-01,66.0764389038086,98.58000183105469,98.94000244140625,97.3499984741211,97.38999938964844,14348200
2011-08-02,68.06048583984375,101.54000091552734,101.56999969482422,98.88999938964844,99.22000122070312,20850600
2011-08-03,68.19452667236328,101.73999786376953,103.41999816894531,101.36000061035156,101.56999969482422,21179700
2011-08-04,70.6209945678711,105.36000061035156,105.55000305175781,102.2699966430664,102.37999725341797,34076600
2011-08-05,68.58331298828125,102.31999969482422,105.5,102.27999877929688,103.44000244140625,41677700
2011-08-08,70.74830627441406,105.55000305175781,105.79000091552734,102.94999694824219,103.18000030517578,38259500
2011-08-09,70.96282958984375,105.87000274658203,109.37000274658203,103.0,105.01000213623047,39881400
2011-08-10,73.07418060302734,109.0199966430664,109.06999969482422,106.94000244140625,107.62999725341797,46221000
2011-08-11,69.38765716552734,103.5199966430664,107.80999755859375,103.19999694824219,107.33999633789062,37790100
2011-08-12,70.76171112060547,105.56999969482422,105.66000366210938,104.06999969482422,104.44000244140625,15590800
2011-08-15,70.04451751708984,104.5,105.4800033569336,104.47000122070312,104.94000244140625,10051700
2011-08-16,71.20411682128906,106.2300033569336,106.63999938964844,104.62999725341797,104.66000366210938,15993200
2011-08-17,72.45077514648438,108.08999633789062,108.0999984741211,105.7699966430664,106.31999969482422,15906600
2011-08-18,73.93891906738281,110.30999755859375,112.13999938964844,109.27999877929688,110.08999633789062,27274600
2011-08-19,74.53540802001953,111.19999694824219,111.41000366210938,110.2300033569336,110.6500015258789,15708400
2011-08-22,74.34774780273438,110.91999816894531,111.26000213623047,110.38999938964844,110.45999908447266,13157700
2011-08-23,73.32221221923828,109.38999938964844,111.16999816894531,109.3499984741211,109.76000213623047,16017800
2011-08-24,71.2376480102539,106.27999877929688,109.41000366210938,106.1500015258789,109.29000091552734,14621600
2011-08-25,72.00845336914062,107.43000030517578,107.9000015258789,106.36000061035156,106.69000244140625,10565900
2011-08-26,72.71893310546875,108.48999786376953,109.2699966430664,107.33000183105469,108.69000244140625,11504800
2011-08-29,71.71356964111328,106.98999786376953,107.4000015258789,106.5999984741211,106.69999694824219,6764300
2011-08-30,72.86643981933594,108.70999908447266,109.1500015258789,108.25,108.43000030517578,9508700
2011-08-31,71.74034118652344,107.02999877929688,108.95999908447266,107.02999877929688,108.80999755859375,12186000
2011-09-01,73.26112365722656,108.97000122070312,108.9800033569336,106.08000183105469,107.47000122070312,10686600
2011-09-02,75.64102935791016,112.51000213623047,112.58000183105469,110.66000366210938,111.38999938964844,16557100
2011-09-06,76.42762756347656,113.68000030517578,114.93000030517578,113.38999938964844,114.41999816894531,14016200
2011-09-07,74.96875,111.51000213623047,112.37000274658203,111.30999755859375,112.27999877929688,11524300
2011-09-08,75.64102935791016,112.51000213623047,112.62999725341797,111.33999633789062,112.30000305175781,11480900
2011-09-09,76.44783782958984,113.70999908447266,114.18000030517578,112.20999908447266,112.54000091552734,11492700
2011-09-12,76.52849578857422,113.83000183105469,114.25,113.0999984741211,113.56999969482422,7602200
2011-09-13,75.4393539428711,112.20999908447266,113.58999633789062,112.11000061035156,113.4000015258789,9282400
2011-09-14,76.07804107666016,113.16000366210938,113.3499984741211,111.81999969482422,111.97000122070312,11948500
2011-09-15,74.91495513916016,111.43000030517578,112.48999786376953,111.43000030517578,111.9800033569336,8884000
2011-09-16,75.45951080322266,112.23999786376953,112.58999633789062,111.25,111.30999755859375,10053500
2011-09-19,76.89826965332031,114.37999725341797,115.19000244140625,114.12000274658203,114.19999694824219,13033500
2011-09-20,77.22099304199219,114.86000061035156,114.87000274658203,114.05000305175781,114.37000274658203,6360600
2011-09-21,79.77574157714844,118.66000366210938,118.79000091552734,114.19999694824219,114.62999725341797,18687100
2011-09-22,82.77428436279297,123.12000274658203,123.87000274658203,121.2300033569336,121.41000366210938,25041400
2011-09-23,81.23467254638672,120.83000183105469,123.36000061035156,120.83000183105469,123.12000274658203,15173800
2011-09-26,79.93036651611328,118.88999938964844,120.56999969482422,118.58000183105469,120.12000274658203,15110100
2011-09-27,78.70677947998047,117.06999969482422,117.30000305175781,116.26000213623047,116.75,13589600
2011-09-28,78.67987060546875,117.02999877929688,117.11000061035156,115.76000213623047,116.9000015258789,12642600
2011-09-29,79.22441864013672,117.83999633789062,118.81999969482422,117.08999633789062,117.61000061035156,12341800
2011-09-30,81.21446228027344,120.80000305175781,120.91000366210938,118.98999786376953,120.0199966430664,13546400
2011-10-03,83.44944763183594,123.80999755859375,123.80999755859375,121.11000061035156,121.87999725341797,15882000
2011-10-04,82.39131164550781,122.23999786376953,125.02999877929688,122.18000030517578,124.37000274658203,17301400
2011-10-05,81.7981948852539,121.36000061035156,121.77999877929688,120.66000366210938,121.66000366210938,14275000
2011-10-06,80.28836059570312,119.12000274658203,121.01000213623047,119.12000274658203,120.63999938964844,9681600
2011-10-07,79.69523620605469,118.23999786376953,119.05000305175781,116.8499984741211,117.75,11564600
2011-10-10,78.56958770751953,116.56999969482422,116.91000366210938,115.80000305175781,116.81999969482422,3567600
2011-10-11,78.3067398071289,116.18000030517578,117.36000061035156,115.9000015258789,117.29000091552734,7520200
2011-10-12,77.16767883300781,114.48999786376953,115.12000274658203,113.4800033569336,114.69999694824219,14033400
2011-10-13,77.93608093261719,115.62999725341797,116.55000305175781,114.95999908447266,115.02999877929688,11263300
2011-10-14,76.80370330810547,113.94999694824219,114.61000061035156,113.61000061035156,113.87999725341797,8411000
2011-10-17,78.13156127929688,115.91999816894531,115.97000122070312,114.22000122070312,114.30000305175781,9664000
2011-10-18,77.64623260498047,115.19999694824219,116.81999969482422,114.30000305175781,116.13999938964844,12495600
2011-10-19,77.6192855834961,115.16000366210938,115.73999786376953,114.16000366210938,114.54000091552734,6629300
2011-10-20,77.06659698486328,114.33999633789062,115.66999816894531,114.06999969482422,114.45999908447266,7832100
2011-10-21,76.25101470947266,113.12999725341797,114.19999694824219,113.12999725341797,113.86000061035156,9906300
2011-10-24,76.37908172607422,113.31999969482422,114.08000183105469,113.05000305175781,113.93000030517578,6344500
2011-10-25,78.32022857666016,116.19999694824219,116.3499984741211,113.3499984741211,113.37999725341797,11791200
2011-10-26,76.9520034790039,114.16999816894531,116.20999908447266,114.06999969482422,115.38999938964844,12747000
2011-10-27,74.34358978271484,110.30000305175781,112.8499984741211,109.81999969482422,112.5199966430664,19471400
2011-10-28,75.12545013427734,111.45999908447266,111.95999908447266,110.76000213623047,110.9000015258789,10127900
2011-10-31,78.10459899902344,115.87999725341797,115.87999725341797,113.45999908447266,113.61000061035156,15242100
2011-11-01,80.71905517578125,119.44999694824219,119.48999786376953,117.16999816894531,118.70999908447266,24400600
2011-11-02,79.71222686767578,117.95999908447266,118.36000061035156,116.41999816894531,116.62999725341797,13181100
2011-11-03,78.61751556396484,116.33999633789062,117.3499984741211,115.98999786376953,116.33999633789062,8386700
2011-11-04,78.71206665039062,116.4800033569336,117.05000305175781,115.52999877929688,115.72000122070312,7583700
2011-11-07,79.21209716796875,117.22000122070312,118.3499984741211,116.31999969482422,116.63999938964844,9279700
2011-11-08,78.19852447509766,115.72000122070312,117.54000091552734,115.5,116.75,7539400
2011-11-09,79.8203353881836,118.12000274658203,119.12999725341797,117.06999969482422,118.26000213623047,13004500
2011-11-10,78.63101196289062,116.36000061035156,117.61000061035156,115.20999908447266,116.77999877929688,11644600
2011-11-11,78.15123748779297,115.6500015258789,116.16999816894531,115.5,115.83000183105469,2483900
2011-11-14,79.40814208984375,117.51000213623047,117.5999984741211,116.20999908447266,116.38999938964844,9252600
2011-11-15,79.30001068115234,117.3499984741211,118.45999908447266,116.72000122070312,117.69999694824219,7587500
2011-11-16,80.02302551269531,118.41999816894531,118.43000030517578,117.18000030517578,117.95999908447266,7470000
2011-11-17,80.66500854492188,119.37000274658203,120.16000366210938,118.04000091552734,118.04000091552734,9907900
2011-11-18,80.64476013183594,119.33999633789062,119.55000305175781,118.31999969482422,119.18000030517578,6792600
2011-11-21,81.12451171875,120.05000305175781,120.7300033569336,119.91000366210938,120.37999725341797,7345600
2011-11-22,82.03003692626953,121.38999938964844,121.41000366210938,119.8499984741211,120.3499984741211,7866300
2011-11-23,82.8342056274414,122.58000183105469,123.05000305175781,121.02999877929688,121.16000366210938,10129300
2011-11-25,81.63135528564453,120.80000305175781,121.87000274658203,120.73999786376953,121.80000305175781,4311900
2011-11-28,81.5908203125,120.73999786376953,121.1500015258789,118.58000183105469,118.62999725341797,7661900
2011-11-29,80.92179107666016,119.75,120.91999816894531,119.08000183105469,120.02999877929688,8952800
2011-11-30,79.65811157226562,117.87999725341797,118.55999755859375,117.26000213623047,118.33999633789062,11806800
2011-12-01,79.25847625732422,117.0,117.23999786376953,115.80000305175781,116.29000091552734,9647200
2011-12-02,80.36939239501953,118.63999938964844,118.68000030517578,116.55999755859375,116.62000274658203,7764900
2011-12-05,80.20685577392578,118.4000015258789,118.83000183105469,116.87999725341797,117.0,7862800
2011-12-06,79.44136047363281,117.2699966430664,118.29000091552734,116.7699966430664,117.80999755859375,8506300
2011-12-07,79.725830078125,117.69000244140625,118.23999786376953,116.8499984741211,117.33000183105469,6588300
2011-12-08,80.72169494628906,119.16000366210938,119.33000183105469,117.41000366210938,117.72000122070312,8800500
2011-12-09,79.06201934814453,116.70999908447266,119.12999725341797,116.62999725341797,119.06999969482422,9855100
2011-12-12,79.94266510009766,118.01000213623047,118.48999786376953,117.61000061035156,117.91000366210938,5734600
2011-12-13,80.68785095214844,119.11000061035156,119.62999725341797,117.16000366210938,117.27999877929688,8901800
2011-12-14,82.2120132446289,121.36000061035156,121.38999938964844,119.48999786376953,119.79000091552734,11247700
2011-12-15,81.90716552734375,120.91000366210938,121.31999969482422,120.37000274658203,120.66000366210938,5438700
2011-12-16,82.86233520507812,122.31999969482422,122.62000274658203,121.29000091552734,121.37999725341797,9321900
2011-12-19,83.91239929199219,123.87000274658203,124.0199966430664,122.26000213623047,122.31999969482422,7845100
2011-12-20,81.81912231445312,120.77999877929688,122.66999816894531,120.61000061035156,122.66000366210938,13945400
2011-12-21,80.68101501464844,119.0999984741211,120.83000183105469,119.06999969482422,120.62999725341797,11600100
2011-12-22,81.01976013183594,119.5999984741211,120.41999816894531,119.3499984741211,120.0,5247400
2011-12-23,80.11875915527344,118.2699966430664,118.70999908447266,117.73999786376953,118.55999755859375,5409700
2011-12-27,80.49935150146484,118.44999694824219,118.44999694824219,117.62000274658203,117.94000244140625,4270300
2011-12-28,81.9876937866211,120.63999938964844,121.05000305175781,118.44999694824219,118.73999786376953,8302300
2011-12-29,82.1372299194336,120.86000061035156,121.08999633789062,120.05999755859375,120.4800033569336,4305000
2011-12-30,82.40227508544922,121.25,121.76000213623047,120.88999938964844,121.11000061035156,5948800
2012-01-03,81.16536712646484,119.43000030517578,120.19999694824219,118.93000030517578,119.41999816894531,9076900
2012-01-04,80.20032501220703,118.01000213623047,119.27999877929688,117.68000030517578,119.26000213623047,8417100
2012-01-05,80.05762481689453,117.80000305175781,119.0999984741211,117.56999969482422,118.16999816894531,6465800
2012-01-06,80.68964385986328,118.7300033569336,118.95999908447266,117.70999908447266,117.75,7348500
2012-01-09,80.54695129394531,118.5199966430664,119.54000091552734,118.30000305175781,118.47000122070312,5582400
2012-01-10,80.41099548339844,118.31999969482422,118.87000274658203,117.68000030517578,117.7300033569336,8932500
2012-01-11,81.45767211914062,119.86000061035156,120.05999755859375,118.9800033569336,119.04000091552734,8634500
2012-01-12,81.34207153320312,119.69000244140625,120.19000244140625,119.23999786376953,119.94999694824219,7205400
2012-01-13,82.15081787109375,120.87999725341797,121.63999938964844,120.80999755859375,121.0999984741211,9819000
2012-01-17,82.53138732910156,121.44000244140625,121.62999725341797,120.83000183105469,120.94999694824219,5449900
2012-01-18,81.53243255615234,119.97000122070312,121.61000061035156,119.91000366210938,121.52999877929688,5804000
2012-01-19,80.41099548339844,118.31999969482422,119.55999755859375,117.91999816894531,119.33000183105469,8625700
2012-01-20,79.50037384033203,116.9800033569336,117.95999908447266,116.97000122070312,117.70999908447266,6548200
2012-01-23,78.9974365234375,116.23999786376953,116.63999938964844,115.55000305175781,116.12999725341797,7274800
2012-01-24,79.14012908935547,116.44999694824219,116.70999908447266,115.77999877929688,116.70999908447266,5776500
2012-01-25,78.94985961914062,116.16999816894531,118.52999877929688,115.88999938964844,116.05999755859375,12867600
2012-01-26,79.9964599609375,117.70999908447266,117.70999908447266,116.58999633789062,116.6500015258789,7638500
2012-01-27,80.24789428710938,118.08000183105469,118.33000183105469,117.01000213623047,117.83000183105469,5165300
2012-01-30,81.19258880615234,119.47000122070312,120.38999938964844,119.33999633789062,119.83999633789062,8388400
2012-01-31,82.13046264648438,120.8499984741211,120.91000366210938,119.19000244140625,119.26000213623047,7998300
2012-02-01,81.18964385986328,119.18000030517578,119.9000015258789,118.80999755859375,119.75,7925200
2012-02-02,81.15554809570312,119.12999725341797,119.4800033569336,118.63999938964844,118.95999908447266,5596900
2012-02-03,79.41160583496094,116.56999969482422,116.80000305175781,115.97000122070312,116.45999908447266,12467400
2012-02-06,80.20182800292969,117.7300033569336,117.80000305175781,116.33999633789062,116.69000244140625,6180600
2012-02-07,79.20719909667969,116.2699966430664,116.87999725341797,115.7699966430664,116.62000274658203,8794800
2012-02-08,79.2685546875,116.36000061035156,116.79000091552734,115.9800033569336,116.19999694824219,7613400
2012-02-09,78.67588806152344,115.48999786376953,116.04000091552734,114.62000274658203,115.86000061035156,11477700
2012-02-10,79.6977310180664,116.98999786376953,117.33000183105469,116.5199966430664,116.80000305175781,7193100
2012-02-13,79.79986572265625,117.13999938964844,117.37000274658203,116.43000030517578,116.5999984741211,6422900
2012-02-14,80.22227478027344,117.76000213623047,118.27999877929688,117.2300033569336,117.44000244140625,8271200
2012-02-15,80.0792236328125,117.55000305175781,118.2699966430664,117.48999786376953,117.66000366210938,6846100
2012-02-16,79.4388656616211,116.61000061035156,117.5999984741211,116.12999725341797,117.2699966430664,9036200
2012-02-17,79.41839599609375,116.58000183105469,116.61000061035156,115.76000213623047,115.86000061035156,6338000
2012-02-21,78.53961944580078,115.29000091552734,115.91999816894531,114.94999694824219,115.7699966430664,8338300
2012-02-22,79.52740478515625,116.73999786376953,116.76000213623047,115.80999755859375,115.88999938964844,7736800
2012-02-23,79.52740478515625,116.73999786376953,117.22000122070312,115.93000030517578,116.13999938964844,5163900
2012-02-24,80.04515075683594,117.5,117.58000183105469,116.94999694824219,117.2300033569336,5676900
2012-02-27,80.75360870361328,118.54000091552734,118.8499984741211,118.12000274658203,118.5,8180700
2012-02-28,80.48792266845703,118.1500015258789,119.13999938964844,117.94000244140625,118.87000274658203,6615700
2012-02-29,79.9974136352539,117.43000030517578,118.41999816894531,116.95999908447266,118.37000274658203,14235000
2012-03-01,79.24433135986328,116.05999755859375,116.68000030517578,115.54000091552734,116.16999816894531,12265600
2012-03-02,79.9886245727539,117.1500015258789,117.4800033569336,116.55000305175781,116.5999984741211,6669600
2012-03-05,79.35359191894531,116.22000122070312,117.44000244140625,116.22000122070312,116.95999908447266,6921900
2012-03-06,80.31631469726562,117.62999725341797,118.11000061035156,117.44000244140625,117.44999694824219,6299700
2012-03-07,79.82469940185547,116.91000366210938,117.61000061035156,116.80999755859375,117.45999908447266,5567500
2012-03-08,79.02582550048828,115.73999786376953,116.56999969482422,115.63999938964844,116.31999969482422,7982100
2012-03-09,79.18289947509766,115.97000122070312,115.98999786376953,114.9000015258789,115.48999786376953,6975600
2012-03-12,79.1692123413086,115.94999694824219,116.5199966430664,115.87000274658203,116.31999969482422,5280000
2012-03-13,77.7763671875,113.91000366210938,115.41000366210938,113.88999938964844,115.2699966430664,14413600
2012-03-14,75.81681823730469,111.04000091552734,112.75,110.94999694824219,112.69999694824219,24515300
2012-03-15,75.93283081054688,111.20999908447266,111.73999786376953,110.87999725341797,110.9000015258789,14154000
2012-03-16,76.08303833007812,111.43000030517578,111.44000244140625,110.19999694824219,110.5,13427200
2012-03-19,75.17493438720703,110.0999984741211,111.4800033569336,109.69000244140625,111.36000061035156,14011400
2012-03-20,75.47540283203125,110.54000091552734,110.87000274658203,109.8499984741211,110.43000030517578,9443800
2012-03-21,76.32887268066406,111.79000091552734,111.88999938964844,110.80999755859375,110.86000061035156,10242000
2012-03-22,76.57462310791016,112.1500015258789,112.37000274658203,111.87000274658203,112.29000091552734,8009800
2012-03-23,77.29844665527344,113.20999908447266,113.38999938964844,112.66000366210938,112.69000244140625,8465300
2012-03-26,76.90242004394531,112.62999725341797,113.01000213623047,111.80000305175781,112.83000183105469,8118600
2012-03-27,77.45549011230469,113.44000244140625,113.69999694824219,112.69999694824219,112.77999877929688,6972300
2012-03-28,77.34623718261719,113.27999877929688,113.94000244140625,112.8499984741211,112.91999816894531,7886000
2012-03-29,77.92655181884766,114.12999725341797,114.19000244140625,113.58000183105469,114.0199966430664,7692900
2012-03-30,76.60874938964844,112.19999694824219,114.2699966430664,112.19000244140625,114.20999908447266,9467500
2012-04-02,77.0332260131836,112.52999877929688,113.30000305175781,112.19999694824219,113.0,8944000
2012-04-03,75.69837188720703,110.58000183105469,113.44000244140625,110.56999969482422,113.01000213623047,14774300
2012-04-04,76.73886108398438,112.0999984741211,112.12000274658203,111.41000366210938,111.7699966430664,10095600
2012-04-05,77.29335021972656,112.91000366210938,113.06999969482422,112.33000183105469,113.0,6364100
2012-04-09,79.1005859375,115.55000305175781,115.7699966430664,115.23999786376953,115.54000091552734,14374600
2012-04-10,79.99735260009766,116.86000061035156,117.29000091552734,115.77999877929688,115.94999694824219,14421300
2012-04-11,79.03897857666016,115.45999908447266,116.05999755859375,115.3499984741211,115.70999908447266,8713000
2012-04-12,78.71035766601562,114.9800033569336,115.75,114.81999969482422,115.66999816894531,9008500
2012-04-13,79.98367309570312,116.83999633789062,116.9000015258789,116.12000274658203,116.1500015258789,8607700
2012-04-16,79.86732482910156,116.66999816894531,117.5999984741211,116.56999969482422,116.69999694824219,7735000
2012-04-17,79.8193359375,116.5999984741211,116.83000183105469,116.25,116.52999877929688,5398600
2012-04-18,80.05210876464844,116.94000244140625,117.12000274658203,116.7300033569336,117.05000305175781,4074400
2012-04-19,80.1274642944336,117.05000305175781,117.47000122070312,117.0199966430664,117.25,5374300
2012-04-20,80.14112854003906,117.06999969482422,117.12999725341797,116.33000183105469,116.55999755859375,5043300
2012-04-23,80.72299194335938,117.91999816894531,118.41000366210938,117.79000091552734,118.11000061035156,5170100
2012-04-24,80.15482330322266,117.08999633789062,117.76000213623047,117.08000183105469,117.61000061035156,4336600
2012-04-25,79.74404907226562,116.48999786376953,117.31999969482422,115.69000244140625,116.41000366210938,8859500
2012-04-26,80.2232666015625,117.19000244140625,117.45999908447266,116.58999633789062,117.41999816894531,5133000
2012-04-27,80.29170989990234,117.29000091552734,117.36000061035156,116.79000091552734,117.0199966430664,3112900
2012-04-30,80.3122329711914,117.31999969482422,117.75,117.19000244140625,117.56999969482422,4198400
2012-05-01,79.89567565917969,116.43000030517578,117.62000274658203,116.06999969482422,117.43000030517578,7214300
2012-05-02,80.45840454101562,117.25,117.31999969482422,116.80000305175781,117.22000122070312,3565700
2012-05-03,80.43780517578125,117.22000122070312,117.37000274658203,116.55999755859375,116.63999938964844,3522900
2012-05-04,81.06914520263672,118.13999938964844,118.19000244140625,117.4000015258789,117.4800033569336,6367300
2012-05-07,81.08287811279297,118.16000366210938,118.45999908447266,118.0199966430664,118.31999969482422,3228200
2012-05-08,81.51519012451172,118.79000091552734,119.51000213623047,118.66000366210938,118.69000244140625,6051600
2012-05-09,81.57008361816406,118.87000274658203,119.56999969482422,118.44000244140625,119.44999694824219,5828900
2012-05-10,81.32988739013672,118.5199966430664,118.62000274658203,117.44000244140625,118.0199966430664,6300000
2012-05-11,82.00238037109375,119.5,119.5999984741211,118.95999908447266,119.48999786376953,5234300
2012-05-14,83.14839935302734,121.16999816894531,121.30000305175781,120.5999984741211,120.87000274658203,8789400
2012-05-15,83.48460388183594,121.66000366210938,121.7300033569336,120.81999969482422,121.08999633789062,6766400
2012-05-16,83.72474670410156,122.01000213623047,122.18000030517578,120.72000122070312,120.9800033569336,6462300
2012-05-17,85.20701599121094,124.16999816894531,124.27999877929688,122.0199966430664,122.02999877929688,14863400
2012-05-18,85.22760009765625,124.19999694824219,124.44000244140625,123.11000061035156,123.2699966430664,10137700
2012-05-21,85.04917907714844,123.94000244140625,124.44999694824219,123.62000274658203,123.9000015258789,9583500
2012-05-22,84.10215759277344,122.55999755859375,122.87999725341797,122.05999755859375,122.75,12475500
2012-05-23,84.6855239868164,123.41000366210938,124.5199966430664,123.36000061035156,123.55000305175781,11744900
2012-05-24,84.36300659179688,122.94000244140625,123.79000091552734,122.75,123.2300033569336,10256200
2012-05-25,84.67863464355469,123.4000015258789,123.54000091552734,123.13999938964844,123.43000030517578,4723600
2012-05-29,84.41787719726562,123.0199966430664,123.80999755859375,123.0,123.38999938964844,5874100
2012-05-30,86.55884552001953,126.13999938964844,126.31999969482422,125.30000305175781,125.31999969482422,17170800
2012-05-31,87.56070709228516,127.5999984741211,129.0800018310547,126.66999816894531,127.02999877929688,31174500
2012-06-01,89.63941192626953,130.36000061035156,130.3800048828125,128.52999877929688,128.8699951171875,23526000
2012-06-04,88.93116760253906,129.3300018310547,130.17999267578125,128.94000244140625,129.30999755859375,11681200
2012-06-05,87.74156951904297,127.5999984741211,128.63999938964844,127.58999633789062,128.52999877929688,12482800
2012-06-06,85.98810577392578,125.05000305175781,127.5999984741211,125.05000305175781,127.55999755859375,20806700
2012-06-07,86.11878204345703,125.23999786376953,125.73999786376953,124.38999938964844,124.6500015258789,18898200
2012-06-08,86.0981216430664,125.20999908447266,126.94999694824219,124.56999969482422,126.75,11239600
2012-06-11,86.49007415771484,125.77999877929688,126.20999908447266,124.7699966430664,124.79000091552734,10693800
2012-06-12,85.69929504394531,124.62999725341797,125.62999725341797,124.5,124.97000122070312,10921700
2012-06-13,86.5450668334961,125.86000061035156,126.27999877929688,124.37999725341797,124.8499984741211,11100000
2012-06-14,86.43508911132812,125.69999694824219,126.27999877929688,125.19000244140625,125.94999694824219,7688200
2012-06-15,86.91639709472656,126.4000015258789,126.8499984741211,126.13999938964844,126.58000183105469,6421400
2012-06-18,87.38399505615234,127.08000183105469,127.33999633789062,126.26000213623047,127.1500015258789,6698400
2012-06-19,86.24249267578125,125.41999816894531,126.37000274658203,125.33000183105469,126.27999877929688,8227900
2012-06-20,86.66886138916016,126.04000091552734,126.51000213623047,124.08999633789062,124.56999969482422,13720300
2012-06-21,87.12956237792969,126.70999908447266,127.25,125.88999938964844,125.94999694824219,9776600
2012-06-22,85.96746063232422,125.0199966430664,126.22000122070312,125.01000213623047,125.9000015258789,7830400
2012-06-25,87.21888732910156,126.83999633789062,127.0199966430664,126.2699966430664,126.36000061035156,6113800
2012-06-26,86.87517547607422,126.33999633789062,126.94999694824219,125.94000244140625,126.11000061035156,5359700
2012-06-27,87.01268005371094,126.54000091552734,126.79000091552734,126.02999877929688,126.55999755859375,5860700
2012-06-28,87.225830078125,126.8499984741211,127.4800033569336,126.79000091552734,127.30000305175781,5257800
2012-06-29,86.09121704101562,125.19999694824219,125.62999725341797,124.62999725341797,125.02999877929688,8881900
2012-07-02,86.9794921875,126.22000122070312,127.20999908447266,125.37000274658203,125.44999694824219,7818500
2012-07-03,86.3110580444336,125.25,126.0,125.20999908447266,125.94999694824219,5773100
2012-07-05,86.7520751953125,125.88999938964844,126.31999969482422,125.25,125.3499984741211,5974700
2012-07-06,87.55830383300781,127.05999755859375,127.20999908447266,126.61000061035156,126.66999816894531,5818300
2012-07-09,88.33019256591797,128.17999267578125,128.25999450683594,127.11000061035156,127.37999725341797,5647000
2012-07-10,88.50932312011719,128.44000244140625,128.74000549316406,127.72000122070312,127.86000061035156,4288000
2012-07-11,88.61957550048828,128.60000610351562,129.47000122070312,128.25999450683594,128.58999633789062,5960900
2012-07-12,89.24665832519531,129.50999450683594,129.55999755859375,128.89999389648438,129.0500030517578,6421000
2012-07-13,89.0123519897461,129.1699981689453,129.24000549316406,128.60000610351562,129.22999572753906,4175300
2012-07-16,89.42584228515625,129.77000427246094,130.61000061035156,129.61000061035156,130.3000030517578,5283500
2012-07-17,88.72297668457031,128.75,129.82000732421875,128.63999938964844,129.25999450683594,5590900
2012-07-18,88.77120971679688,128.82000732421875,129.33999633789062,128.7899932861328,129.25999450683594,4011000
2012-07-19,88.54380798339844,128.49000549316406,129.10000610351562,128.11000061035156,128.4600067138672,5246300
2012-07-20,89.62569427490234,130.05999755859375,130.3000030517578,129.4199981689453,129.60000610351562,6365900
2012-07-23,90.12870025634766,130.7899932861328,131.44000244140625,130.50999450683594,131.30999755859375,6141100
2012-07-24,90.83853912353516,131.82000732421875,132.0399932861328,130.27999877929688,130.35000610351562,6748800
2012-07-25,91.07280731201172,132.16000366210938,132.2100067138672,131.47999572753906,131.6300048828125,5328000
2012-07-26,90.23894500732422,130.9499969482422,131.77999877929688,130.89999389648438,131.52999877929688,6606200
2012-07-27,88.53684997558594,128.47999572753906,130.00999450683594,126.95999908447266,129.88999938964844,14685100
2012-07-30,89.19847106933594,129.44000244140625,129.47999572753906,128.25,128.38999938964844,6025300
2012-07-31,89.37764739990234,129.6999969482422,129.8800048828125,128.5800018310547,129.80999755859375,7448600
2012-08-01,88.93087005615234,128.77999877929688,129.74000549316406,128.14999389648438,128.52999877929688,7972000
2012-08-02,89.4349594116211,129.50999450683594,130.69000244140625,129.1300048828125,129.58999633789062,7972000
2012-08-03,87.99166870117188,127.41999816894531,128.02999877929688,126.7699966430664,127.83999633789062,9084800
2012-08-06,88.02623748779297,127.47000122070312,128.13999938964844,127.37000274658203,127.66999816894531,3673600
2012-08-07,86.89366149902344,125.83000183105469,126.12999725341797,125.43000030517578,125.95999908447266,6613600
2012-08-08,86.43097686767578,125.16000366210938,126.38999938964844,125.04000091552734,126.16000366210938,7250700
2012-08-09,86.36885070800781,125.06999969482422,125.30000305175781,123.75,124.7699966430664,7553500
2012-08-10,86.80387115478516,125.69999694824219,126.31999969482422,125.5999984741211,126.19999694824219,4670500
2012-08-13,86.65888977050781,125.48999786376953,126.37999725341797,125.48999786376953,126.11000061035156,3543700
2012-08-14,85.48493194580078,123.79000091552734,124.41000366210938,123.75,123.95999908447266,7994000
2012-08-15,84.28335571289062,122.05000305175781,123.19999694824219,121.9000015258789,123.0199966430664,11191000
2012-08-16,83.56513214111328,121.01000213623047,122.5,120.5199966430664,122.20999908447266,13240000
2012-08-17,83.97257232666016,121.5999984741211,122.12000274658203,121.31999969482422,121.4000015258789,6341100
2012-08-20,84.14522552490234,121.8499984741211,122.19000244140625,121.5,121.55000305175781,4427100
2012-08-21,84.51811981201172,122.38999938964844,122.44999694824219,120.66000366210938,121.47000122070312,9532700
2012-08-22,85.91309356689453,124.41000366210938,124.51000213623047,123.20999908447266,123.5199966430664,11384400
2012-08-23,86.2721939086914,124.93000030517578,125.13999938964844,124.6500015258789,124.73999786376953,7139100
2012-08-24,86.18929290771484,124.80999755859375,125.55999755859375,124.66999816894531,125.47000122070312,5001400
2012-08-27,86.69341278076172,125.54000091552734,125.80000305175781,125.2699966430664,125.33999633789062,3906100
2012-08-28,86.90055084228516,125.83999633789062,126.36000061035156,125.58999633789062,125.75,3412600
2012-08-29,86.52076721191406,125.29000091552734,125.62999725341797,124.94999694824219,125.61000061035156,3762700
2012-08-30,86.96965026855469,125.94000244140625,126.44000244140625,125.7300033569336,126.2699966430664,3886400
2012-08-31,88.1988754272461,127.72000122070312,127.72000122070312,125.7300033569336,125.77999877929688,9192600
2012-09-04,88.11026763916016,127.31999969482422,127.62999725341797,126.76000213623047,126.91999816894531,6009300
2012-09-05,87.69503021240234,126.72000122070312,127.19000244140625,126.55000305175781,126.81999969482422,3466700
2012-09-06,86.23483276367188,124.61000061035156,125.52999877929688,124.55000305175781,125.52999877929688,6505100
2012-09-07,85.83344268798828,124.02999877929688,126.18000030517578,123.91999816894531,126.13999938964844,7335300
2012-09-10,86.0410385131836,124.33000183105469,124.33000183105469,123.51000213623047,123.69000244140625,4912100
2012-09-11,85.50125885009766,123.55000305175781,124.0999984741211,123.29000091552734,124.0199966430664,3523300
2012-09-12,84.43550872802734,122.01000213623047,122.41000366210938,121.68000030517578,122.22000122070312,7040900
2012-09-13,84.10333251953125,121.52999877929688,123.08999633789062,120.2699966430664,122.38999938964844,12280200
2012-09-14,81.8680648803711,118.30000305175781,119.8499984741211,118.05000305175781,119.76000213623047,16871600
2012-09-17,82.85071563720703,119.72000122070312,119.9000015258789,118.80000305175781,118.87000274658203,5573300
2012-09-18,83.26593017578125,120.31999969482422,120.9000015258789,119.95999908447266,120.70999908447266,5366200
2012-09-19,83.81269073486328,121.11000061035156,121.37999725341797,120.61000061035156,121.33999633789062,5903300
2012-09-20,84.02034759521484,121.41000366210938,122.31999969482422,120.9800033569336,122.13999938964844,4604200
2012-09-21,84.11720275878906,121.55000305175781,121.63999938964844,120.66999816894531,120.75,4144300
2012-09-24,84.77459716796875,122.5,122.69999694824219,122.18000030517578,122.25,3627400
2012-09-25,85.6120376586914,123.70999908447266,123.73999786376953,122.12999725341797,122.80000305175781,5893500
2012-09-26,86.5323715209961,125.04000091552734,125.08999633789062,124.44999694824219,124.55999755859375,7193400
2012-09-27,85.91651916503906,124.1500015258789,124.80000305175781,123.7699966430664,124.55000305175781,5147700
2012-09-28,85.9649429321289,124.22000122070312,125.23999786376953,123.80999755859375,124.75,7173400
2012-10-01,86.28395080566406,124.41999816894531,124.47000122070312,123.37999725341797,123.97000122070312,4842600
2012-10-02,86.1660385131836,124.25,124.5199966430664,123.80999755859375,123.91000366210938,3540100
2012-10-03,86.19378662109375,124.29000091552734,124.30000305175781,123.62000274658203,123.86000061035156,3800900
2012-10-04,85.11886596679688,122.73999786376953,123.80000305175781,122.56999969482422,123.45999908447266,6214800
2012-10-05,84.01626586914062,121.1500015258789,121.68000030517578,120.91999816894531,121.56999969482422,8340700
2012-10-08,84.72357177734375,122.16999816894531,122.2699966430664,121.69000244140625,121.9800033569336,1568400
2012-10-09,84.57105255126953,121.94999694824219,122.18000030517578,121.37999725341797,121.47000122070312,4752700
2012-10-10,85.16740417480469,122.80999755859375,122.95999908447266,121.26000213623047,121.45999908447266,5429800
2012-10-11,85.75686645507812,123.66000366210938,123.66000366210938,121.88999938964844,121.95999908447266,5194100
2012-10-12,85.97187042236328,123.97000122070312,124.77999877929688,123.77999877929688,124.06999969482422,4934900
2012-10-15,85.7776870727539,123.69000244140625,124.13999938964844,123.43000030517578,123.77999877929688,3036100
2012-10-16,84.59178924560547,121.9800033569336,122.94000244140625,121.94000244140625,122.9000015258789,5398700
2012-10-17,83.80815887451172,120.8499984741211,121.26000213623047,120.56999969482422,121.16999816894531,6932500
2012-10-18,83.29500579833984,120.11000061035156,121.52999877929688,119.87000274658203,121.12000274658203,8558600
2012-10-19,84.42539978027344,121.73999786376953,121.80999755859375,120.27999877929688,120.33999633789062,7616700
2012-10-22,83.88448333740234,120.95999908447266,121.83999633789062,120.94000244140625,121.43000030517578,6910600
2012-10-23,85.08422088623047,122.69000244140625,122.7300033569336,122.0199966430664,122.0999984741211,5760600
2012-10-24,84.24507141113281,121.4800033569336,122.29000091552734,121.4800033569336,121.86000061035156,6824500
2012-10-25,83.81507873535156,120.86000061035156,121.54000091552734,120.33000183105469,120.55999755859375,5292500
2012-10-26,85.04949951171875,122.63999938964844,122.6500015258789,121.2699966430664,121.44000244140625,5889400
2012-10-31,85.54881286621094,123.36000061035156,123.69999694824219,122.62999725341797,122.68000030517578,5025600
2012-11-01,84.84837341308594,122.3499984741211,122.87999725341797,122.08000183105469,122.7699966430664,3659700
2012-11-02,84.78601837158203,122.26000213623047,122.30999755859375,121.23999786376953,121.27999877929688,3527800
2012-11-05,85.26448822021484,122.94999694824219,123.25,122.79000091552734,122.81999969482422,2935700
2012-11-06,84.4600601196289,121.79000091552734,122.86000061035156,121.77999877929688,122.55000305175781,4484600
2012-11-07,85.99266815185547,124.0,124.52999877929688,123.76000213623047,123.94999694824219,10071000
2012-11-08,87.26866912841797,125.83999633789062,125.86000061035156,123.43000030517578,123.79000091552734,8579500
2012-11-09,87.36580657958984,125.9800033569336,125.9800033569336,125.18000030517578,125.62999725341797,5036900
2012-11-12,87.51143646240234,126.19000244140625,126.37999725341797,125.79000091552734,125.83999633789062,2072200
2012-11-13,87.80269622802734,126.61000061035156,126.81999969482422,125.98999786376953,126.80000305175781,2863800
2012-11-14,87.88587188720703,126.7300033569336,126.79000091552734,125.5999984741211,125.72000122070312,4694600
2012-11-15,87.7125473022461,126.4800033569336,127.0199966430664,126.0,126.0999984741211,5549600
2012-11-16,87.63622283935547,126.37000274658203,127.19000244140625,126.27999877929688,126.36000061035156,4591100
2012-11-19,87.14386749267578,125.66000366210938,125.80999755859375,125.30000305175781,125.45999908447266,3621600
2012-11-20,86.27010345458984,124.4000015258789,125.66999816894531,124.37999725341797,125.4800033569336,4659300
2012-11-21,86.22154235839844,124.33000183105469,124.41999816894531,124.0199966430664,124.19000244140625,2422800
2012-11-23,86.1383056640625,124.20999908447266,124.44999694824219,124.11000061035156,124.30000305175781,987200
2012-11-26,86.54747772216797,124.80000305175781,125.5199966430664,124.75,125.16000366210938,2799000
2012-11-27,86.88726806640625,125.29000091552734,125.38999938964844,124.69999694824219,124.94000244140625,2544400
2012-11-28,86.76241302490234,125.11000061035156,126.19999694824219,125.08999633789062,125.97000122070312,3569700
2012-11-29,86.77632141113281,125.12999725341797,125.44000244140625,124.66000366210938,124.86000061035156,2761000
2012-11-30,86.54052734375,124.79000091552734,125.54000091552734,124.70999908447266,125.4800033569336,3702300
2012-12-03,86.62043762207031,124.66000366210938,124.79000091552734,123.62000274658203,123.72000122070312,5427800
2012-12-04,87.12069702148438,125.37999725341797,125.41000366210938,124.83999633789062,125.0199966430664,2586300
2012-12-05,87.07901763916016,125.31999969482422,125.80999755859375,125.16999816894531,125.4000015258789,1978200
2012-12-06,87.26666259765625,125.58999633789062,126.08000183105469,125.51000213623047,125.86000061035156,2301200
2012-12-07,86.46060943603516,124.43000030517578,124.95999908447266,124.33999633789062,124.5,4020900
2012-12-10,86.84282684326172,124.9800033569336,125.08000183105469,124.54000091552734,124.95999908447266,2134300
2012-12-11,86.18269348144531,124.02999877929688,124.30999755859375,123.83000183105469,124.26000213623047,3777900
2012-12-12,85.18209838867188,122.58999633789062,124.33999633789062,122.56999969482422,123.83000183105469,7119700
2012-12-13,85.24462890625,122.68000030517578,123.18000030517578,122.12999725341797,122.29000091552734,6381500
2012-12-14,85.8839340209961,123.5999984741211,123.70999908447266,123.08000183105469,123.19000244140625,3832800
2012-12-17,84.59841918945312,121.75,123.5199966430664,121.70999908447266,123.5,6870000
2012-12-18,83.73681640625,120.51000213623047,121.77999877929688,119.9000015258789,121.4000015258789,12024200
2012-12-19,84.01473236083984,120.91000366210938,121.6500015258789,120.72000122070312,120.97000122070312,4880500
2012-12-20,84.0285873413086,120.93000030517578,121.63999938964844,120.62000274658203,121.29000091552734,4567900
2012-12-21,84.94581604003906,122.25,122.43000030517578,121.94999694824219,122.30999755859375,6087700
2012-12-24,84.79300689697266,122.02999877929688,122.08000183105469,121.87000274658203,122.0,1071100
2012-12-26,85.0980453491211,122.19999694824219,122.20999908447266,121.80999755859375,121.94999694824219,2247800
2012-12-27,85.38351440429688,122.61000061035156,123.29000091552734,121.83000183105469,121.87999725341797,4262700
2012-12-28,85.87092590332031,123.30999755859375,123.33999633789062,122.77999877929688,123.13999938964844,3928200
2012-12-31,84.38770294189453,121.18000030517578,122.97000122070312,120.91000366210938,122.87000274658203,6423000
2013-01-02,83.25955200195312,119.55999755859375,119.9000015258789,119.41000366210938,119.76000213623047,7472700
2013-01-03,82.13134765625,117.94000244140625,119.48999786376953,117.9000015258789,119.37999725341797,10004300
2013-01-04,82.45177459716797,118.4000015258789,118.44000244140625,117.36000061035156,117.66000366210938,9574600
2013-01-07,82.48657989501953,118.44999694824219,118.7300033569336,118.0,118.37000274658203,4193100
2013-01-08,83.02973937988281,119.2300033569336,119.29000091552734,118.81999969482422,119.04000091552734,4380900
2013-01-09,82.95309448242188,119.12000274658203,119.54000091552734,118.87000274658203,119.25,3870300
2013-01-10,82.72337341308594,118.79000091552734,119.30000305175781,118.36000061035156,118.62999725341797,5602800
2013-01-11,83.46147155761719,119.8499984741211,119.86000061035156,118.3499984741211,118.5199966430664,4770700
2013-01-14,83.23167419433594,119.5199966430664,120.27999877929688,119.37000274658203,120.04000091552734,3064600
2013-01-15,83.61466217041016,120.06999969482422,120.69999694824219,119.97000122070312,120.61000061035156,5357800
2013-01-16,83.78875732421875,120.31999969482422,120.68000030517578,120.01000213623047,120.62999725341797,4286100
2013-01-17,82.95309448242188,119.12000274658203,119.55000305175781,118.75,119.33000183105469,7019200
2013-01-18,83.59379577636719,120.04000091552734,120.20999908447266,119.45999908447266,119.56999969482422,4660000
2013-01-22,83.7540054321289,120.2699966430664,120.30000305175781,119.37999725341797,119.55000305175781,3874100
2013-01-23,83.62862396240234,120.08999633789062,120.58000183105469,119.94999694824219,120.33999633789062,2848800
2013-01-24,83.33614349365234,119.66999816894531,119.97000122070312,119.26000213623047,119.87000274658203,4178900
2013-01-25,82.19405364990234,118.02999877929688,118.5999984741211,117.7699966430664,118.41999816894531,8750700
2013-01-28,81.89463806152344,117.5999984741211,117.72000122070312,117.0,117.0199966430664,6059900
2013-01-29,81.4419937133789,116.94999694824219,118.08000183105469,116.87000274658203,117.62000274658203,5553900
2013-01-30,81.3027114868164,116.75,116.95999908447266,116.16000366210938,116.66999816894531,9586800
2013-01-31,81.69962310791016,117.31999969482422,117.33999633789062,116.55000305175781,117.02999877929688,6789200
2013-02-01,80.63877868652344,115.54000091552734,117.8499984741211,115.51000213623047,117.7300033569336,10928600
2013-02-04,81.67169952392578,117.0199966430664,117.27999877929688,116.41999816894531,116.58999633789062,9291900
2013-02-05,80.94584655761719,115.9800033569336,116.43000030517578,115.86000061035156,116.2699966430664,6676500
2013-02-06,81.60893249511719,116.93000030517578,116.97000122070312,116.05000305175781,116.5199966430664,5892000
2013-02-07,81.42745971679688,116.66999816894531,117.58999633789062,116.62000274658203,116.7699966430664,5951700
2013-02-08,81.74151611328125,117.12000274658203,117.16000366210938,116.2300033569336,116.80000305175781,5603400
2013-02-11,81.67868041992188,117.02999877929688,117.37999725341797,116.91999816894531,117.05000305175781,3679900
2013-02-12,81.47630310058594,116.73999786376953,117.0199966430664,116.45999908447266,116.69000244140625,4513700
2013-02-13,80.81327819824219,115.79000091552734,116.2699966430664,115.55000305175781,115.80000305175781,6586400
2013-02-14,81.54609680175781,116.83999633789062,117.04000091552734,115.98999786376953,116.29000091552734,7096000
2013-02-15,81.30877685546875,116.5,116.73999786376953,116.06999969482422,116.66000366210938,5861800
2013-02-19,80.90399932861328,115.91999816894531,116.9000015258789,115.83999633789062,116.86000061035156,7383600
2013-02-20,81.14826965332031,116.2699966430664,116.37000274658203,115.56999969482422,115.69000244140625,9603900
2013-02-21,81.62287139892578,116.94999694824219,117.30999755859375,116.73999786376953,116.9000015258789,8297400
2013-02-22,81.67868041992188,117.02999877929688,117.33999633789062,116.87999725341797,116.9800033569336,5316900
2013-02-25,83.28396606445312,119.33000183105469,119.3499984741211,116.29000091552734,116.3499984741211,15948700
2013-02-26,82.80244445800781,118.63999938964844,119.66999816894531,118.58999633789062,118.7300033569336,9822100
2013-02-27,82.55811309814453,118.29000091552734,119.54000091552734,118.0,119.48999786376953,7459600
2013-02-28,82.71165466308594,118.51000213623047,118.66000366210938,117.9800033569336,118.43000030517578,6023400
2013-03-01,83.16207122802734,118.9000015258789,119.20999908447266,118.54000091552734,118.83999633789062,7786800
2013-03-04,82.72142028808594,118.2699966430664,118.97000122070312,118.26000213623047,118.79000091552734,4511400
2013-03-05,82.48359680175781,117.93000030517578,118.19999694824219,117.68000030517578,118.06999969482422,6539300
2013-03-06,81.73522186279297,116.86000061035156,117.5,116.8499984741211,117.11000061035156,6514900
2013-03-07,81.10576629638672,115.95999908447266,116.51000213623047,115.91000366210938,116.41000366210938,8526700
2013-03-08,80.25940704345703,114.75,115.36000061035156,114.62000274658203,114.87000274658203,15423600
2013-03-11,80.33643341064453,114.86000061035156,115.2300033569336,114.73999786376953,115.12000274658203,5815800
2013-03-12,80.91687774658203,115.69000244140625,115.79000091552734,115.2300033569336,115.25,9264200
2013-03-13,80.8330078125,115.56999969482422,115.73999786376953,115.02999877929688,115.23999786376953,7371500
2013-03-14,80.58817291259766,115.22000122070312,115.63999938964844,114.9800033569336,115.08999633789062,9352100
2013-03-15,80.96587371826172,115.76000213623047,115.87999725341797,115.30000305175781,115.33000183105469,9673400
2013-03-18,81.58136749267578,116.63999938964844,116.87999725341797,116.1500015258789,116.83000183105469,9152200
2013-03-19,82.13390350341797,117.43000030517578,117.88999938964844,116.69999694824219,116.77999877929688,11986200
2013-03-20,81.21768188476562,116.12000274658203,116.98999786376953,116.08000183105469,116.70999908447266,8543900
2013-03-21,82.0009994506836,117.23999786376953,117.25,116.52999877929688,116.86000061035156,6119400
2013-03-22,82.06397247314453,117.33000183105469,117.5,116.7699966430664,117.30000305175781,6323800
2013-03-25,81.9870376586914,117.22000122070312,117.77999877929688,116.66999816894531,116.7699966430664,5839800
2013-03-26,82.0849609375,117.36000061035156,117.91000366210938,116.77999877929688,116.87000274658203,5093200
2013-03-27,82.78441619873047,118.36000061035156,118.7699966430664,118.18000030517578,118.30000305175781,7742900
2013-03-28,82.3647232055664,117.76000213623047,118.44999694824219,117.68000030517578,118.12000274658203,5826400
2013-04-01,82.98507690429688,118.38999938964844,118.41999816894531,117.48999786376953,117.5199966430664,6113800
2013-04-02,82.64864349365234,117.91000366210938,118.13999938964844,117.75,118.06999969482422,5438000
2013-04-03,83.39156341552734,118.97000122070312,119.29000091552734,118.25,118.30999755859375,9527400
2013-04-04,84.386962890625,120.38999938964844,120.41000366210938,119.47000122070312,119.58999633789062,9365700
2013-04-05,86.09027862548828,122.81999969482422,123.43000030517578,122.62999725341797,122.87999725341797,18626200
2013-04-08,85.43136596679688,121.87999725341797,122.87000274658203,121.77999877929688,122.66999816894531,8020300
2013-04-09,85.2210464477539,121.58000183105469,122.23999786376953,121.37999725341797,122.02999877929688,7176100
2013-04-10,84.05049133300781,119.91000366210938,120.66000366210938,119.9000015258789,120.58999633789062,10765200
2013-04-11,84.21168518066406,120.13999938964844,120.48999786376953,119.88999938964844,120.16999816894531,7501800
2013-04-12,85.46639251708984,121.93000030517578,121.94000244140625,120.9000015258789,121.33000183105469,9253000
2013-04-15,86.20938873291016,122.98999786376953,123.02999877929688,121.87000274658203,122.12999725341797,12948400
2013-04-16,85.50148010253906,121.9800033569336,122.5199966430664,121.87999725341797,121.91999816894531,6553500
2013-04-17,86.06929016113281,122.79000091552734,123.52999877929688,122.30000305175781,122.30000305175781,9020900
2013-04-18,86.27947235107422,123.08999633789062,123.22000122070312,122.5999984741211,122.80999755859375,7009500
2013-04-19,86.09724426269531,122.83000183105469,122.9800033569336,122.62999725341797,122.94000244140625,5474300
2013-04-22,86.16036224365234,122.91999816894531,123.29000091552734,122.66999816894531,122.83999633789062,4519400
2013-04-23,85.85897064208984,122.48999786376953,123.79000091552734,122.37999725341797,123.26000213623047,8042900
2013-04-24,86.07624053955078,122.80000305175781,122.81999969482422,122.30000305175781,122.47000122070312,3673600
2013-04-25,85.70471954345703,122.2699966430664,122.37000274658203,122.0999984741211,122.25,4297800
2013-04-26,86.48978424072266,123.38999938964844,123.51000213623047,123.01000213623047,123.19999694824219,4898800
2013-04-29,86.17436981201172,122.94000244140625,123.7300033569336,122.76000213623047,123.58000183105469,4916000
2013-04-30,86.22344970703125,123.01000213623047,123.69000244140625,122.66999816894531,123.26000213623047,4477400
2013-05-01,87.10922241210938,124.01000213623047,124.26000213623047,123.43000030517578,123.45999908447266,10724600
2013-05-02,86.99678802490234,123.8499984741211,123.97000122070312,123.51000213623047,123.58999633789062,4171800
2013-05-03,84.94570922851562,120.93000030517578,122.19000244140625,120.83000183105469,122.16000366210938,11283600
2013-05-06,84.73497009277344,120.62999725341797,121.25,120.31999969482422,121.1500015258789,5121900
2013-05-07,84.40481567382812,120.16000366210938,120.5,120.05000305175781,120.19000244140625,5049200
2013-05-08,84.53831481933594,120.3499984741211,120.83000183105469,120.16999816894531,120.2699966430664,5732900
2013-05-09,84.32054901123047,120.04000091552734,121.31999969482422,119.9800033569336,120.51000213623047,7527000
2013-05-10,83.41438293457031,118.75,119.79000091552734,117.8499984741211,119.76000213623047,11689000
2013-05-13,82.77517700195312,117.83999633789062,118.19000244140625,117.62999725341797,117.87999725341797,8050800
2013-05-14,81.8760757446289,116.55999755859375,118.44000244140625,116.54000091552734,118.3499984741211,9236100
2013-05-15,82.42401123046875,117.33999633789062,117.72000122070312,116.41999816894531,117.52999877929688,14608600
2013-05-16,83.28096008300781,118.55999755859375,118.94000244140625,117.93000030517578,117.97000122070312,8458400
2013-05-17,82.22721862792969,117.05999755859375,118.1500015258789,116.9800033569336,117.94999694824219,7435500
2013-05-20,82.12891387939453,116.91999816894531,117.66999816894531,116.79000091552734,117.62999725341797,5839800
2013-05-21,82.77517700195312,117.83999633789062,117.87000274658203,116.41999816894531,116.93000030517578,7781800
2013-05-22,81.54590606689453,116.08999633789062,118.55000305175781,115.80000305175781,118.0199966430664,18361500
2013-05-23,81.9322280883789,116.63999938964844,117.23999786376953,115.7699966430664,117.1500015258789,9207100
2013-05-24,82.04463958740234,116.80000305175781,117.41999816894531,116.70999908447266,116.9800033569336,5357600
2013-05-28,79.96541595458984,113.83999633789062,116.2699966430664,113.81999969482422,116.08999633789062,13567500
2013-05-29,80.86454010009766,115.12000274658203,115.18000030517578,114.45999908447266,114.62000274658203,11298600
2013-05-30,80.66788482666016,114.83999633789062,115.37000274658203,114.52999877929688,115.25,10011800
2013-05-31,80.39390563964844,114.44999694824219,115.0199966430664,113.16999816894531,114.97000122070312,18158800
2013-06-03,80.81990051269531,114.77999877929688,115.48999786376953,113.69999694824219,113.77999877929688,15564500
2013-06-04,80.07355499267578,113.72000122070312,114.48999786376953,113.66000366210938,113.95999908447266,7504300
2013-06-05,81.17894744873047,115.29000091552734,115.31999969482422,114.12999725341797,114.29000091552734,8056100
2013-06-06,81.12970733642578,115.22000122070312,116.79000091552734,114.41000366210938,114.87999725341797,8925200
2013-06-07,79.67922973632812,113.16000366210938,114.83000183105469,113.16000366210938,114.22000122070312,10459300
2013-06-10,79.2989730834961,112.62000274658203,113.12000274658203,112.37999725341797,112.69999694824219,7892600
2013-06-11,80.2425308227539,113.95999908447266,113.95999908447266,112.12000274658203,112.2699966430664,12841200
2013-06-12,79.09483337402344,112.33000183105469,113.83000183105469,112.2699966430664,113.0,10193200
2013-06-13,80.3340072631836,114.08999633789062,114.16999816894531,112.88999938964844,113.06999969482422,12506300
2013-06-14,80.14393615722656,113.81999969482422,114.66000366210938,113.81999969482422,114.0999984741211,6679100
2013-06-17,79.72147369384766,113.22000122070312,114.08000183105469,113.0,114.0199966430664,5982100
2013-06-18,79.7636947631836,113.27999877929688,113.68000030517578,112.72000122070312,112.8499984741211,5192700
2013-06-19,78.93989562988281,112.11000061035156,113.79000091552734,111.62000274658203,113.73999786376953,17138200
2013-06-20,77.644287109375,110.2699966430664,111.20999908447266,109.27999877929688,110.75,27898500
2013-06-21,76.32755279541016,108.4000015258789,110.41000366210938,108.37000274658203,110.1500015258789,19781000
2013-06-24,76.64444732666016,108.8499984741211,109.38999938964844,107.76000213623047,107.83000183105469,24588900
2013-06-25,75.96143341064453,107.87999725341797,109.0199966430664,107.86000061035156,108.9000015258789,11078000
2013-06-26,76.45429992675781,108.58000183105469,109.05000305175781,108.04000091552734,109.0,13582200
2013-06-27,77.23587036132812,109.69000244140625,109.97000122070312,108.94999694824219,109.54000091552734,12026000
2013-06-28,77.76396179199219,110.44000244140625,110.4800033569336,108.72000122070312,109.01000213623047,12017000
2013-07-01,77.920654296875,110.41000366210938,110.5,109.43000030517578,109.7300033569336,5500400
2013-07-02,77.87129211425781,110.33999633789062,110.80000305175781,110.23999786376953,110.5,5333900
2013-07-03,77.63837432861328,110.01000213623047,110.6500015258789,110.01000213623047,110.30999755859375,3839000
2013-07-05,74.99180603027344,106.26000213623047,107.5,106.16999816894531,107.27999877929688,14511900
2013-07-08,75.71873474121094,107.29000091552734,107.55999755859375,106.94999694824219,107.06999969482422,8044200
2013-07-09,75.79641723632812,107.4000015258789,107.62000274658203,107.06999969482422,107.48999786376953,4700400
2013-07-10,75.20361328125,106.55999755859375,107.38999938964844,106.30000305175781,107.38999938964844,10792200
2013-07-11,76.08575439453125,107.80999755859375,107.87000274658203,106.94000244140625,107.44999694824219,10035500
2013-07-12,76.0221939086914,107.72000122070312,108.47000122070312,107.33999633789062,108.33999633789062,4730800
2013-07-15,76.4245376586914,108.29000091552734,108.31999969482422,107.69999694824219,107.80000305175781,4574800
2013-07-16,76.68561553955078,108.66000366210938,108.76000213623047,108.2699966430664,108.43000030517578,3650200
2013-07-17,76.82676696777344,108.86000061035156,109.36000061035156,108.66000366210938,109.19000244140625,5932000
2013-07-18,75.86692810058594,107.5,108.66999816894531,107.4800033569336,108.61000061035156,9066400
2013-07-19,77.06670379638672,109.19999694824219,109.20999908447266,108.25,108.30999755859375,8523800
2013-07-22,77.17962646484375,109.36000061035156,109.69000244140625,109.12999725341797,109.36000061035156,3972600
2013-07-23,76.85498809814453,108.9000015258789,109.0,108.31999969482422,108.66999816894531,5015500
2013-07-24,75.88106536865234,107.5199966430664,107.88999938964844,106.79000091552734,107.6500015258789,8853100
2013-07-25,75.85285949707031,107.4800033569336,107.5999984741211,106.80999755859375,106.97000122070312,6443400
2013-07-26,76.31861877441406,108.13999938964844,108.27999877929688,107.63999938964844,108.04000091552734,6795500
2013-07-29,75.7610855102539,107.3499984741211,107.81999969482422,107.06999969482422,107.6500015258789,6397800
2013-07-30,75.7328872680664,107.30999755859375,107.76000213623047,107.05000305175781,107.70999908447266,3635400
2013-07-31,76.00810241699219,107.69999694824219,107.91999816894531,105.8499984741211,106.05999755859375,10483100
2013-08-01,74.54354095458984,105.36000061035156,106.48999786376953,105.0,106.48999786376953,13568600
2013-08-02,75.36428833007812,106.5199966430664,106.61000061035156,105.9800033569336,106.01000213623047,9568400
2013-08-05,74.78409576416016,105.69999694824219,106.25,105.54000091552734,106.19000244140625,6611800
2013-08-06,75.00345611572266,106.01000213623047,106.01000213623047,105.33999633789062,105.52999877929688,4589000
2013-08-07,75.56231689453125,106.80000305175781,106.94000244140625,106.16999816894531,106.16999816894531,7183400
2013-08-08,75.7676010131836,107.08999633789062,107.5999984741211,106.79000091552734,106.9800033569336,5510900
2013-08-09,75.8877944946289,107.26000213623047,107.2699966430664,106.4800033569336,106.5999984741211,3623400
2013-08-12,75.37135314941406,106.52999877929688,107.62999725341797,106.47000122070312,107.61000061035156,7562800
2013-08-13,74.2817611694336,104.98999786376953,105.36000061035156,104.80000305175781,105.33000183105469,11485600
2013-08-14,74.39498901367188,105.1500015258789,105.36000061035156,104.87000274658203,104.94000244140625,6431600
2013-08-15,73.39037322998047,103.7300033569336,104.62999725341797,103.69000244140625,104.0999984741211,11846300
2013-08-16,73.13562774658203,103.37000274658203,103.97000122070312,102.66999816894531,103.95999908447266,10175900
2013-08-19,72.49887084960938,102.47000122070312,103.01000213623047,102.20999908447266,102.93000030517578,9022000
2013-08-20,73.05781555175781,103.26000213623047,103.36000061035156,102.8499984741211,102.88999938964844,10050100
2013-08-21,72.25827026367188,102.12999725341797,103.19999694824219,102.11000061035156,102.7699966430664,13248800
2013-08-22,72.99412536621094,103.16999816894531,103.2300033569336,102.23999786376953,102.45999908447266,8751200
2013-08-23,73.7865219116211,104.29000091552734,104.38999938964844,102.73999786376953,103.01000213623047,17441200
2013-08-26,74.15441131591797,104.80999755859375,104.88999938964844,104.33000183105469,104.55999755859375,5879100
2013-08-27,75.08834838867188,106.12999725341797,106.25,105.04000091552734,105.29000091552734,11573300
2013-08-28,74.4798583984375,105.2699966430664,105.56999969482422,104.94000244140625,105.41000366210938,7497900
2013-08-29,75.07418060302734,106.11000061035156,106.30999755859375,104.79000091552734,104.87999725341797,6672400
2013-08-30,74.98925018310547,105.98999786376953,106.68000030517578,105.73999786376953,106.0199966430664,8987600
2013-09-03,73.93157958984375,104.22000122070312,104.66999816894531,103.51000213623047,104.58999633789062,12084300
2013-09-04,73.7684555053711,103.98999786376953,104.6500015258789,103.94999694824219,104.44999694824219,4579600
2013-09-05,72.73983764648438,102.54000091552734,103.5999984741211,102.52999877929688,103.47000122070312,12290600
2013-09-06,73.10160827636719,103.05000305175781,103.81999969482422,102.80999755859375,103.25,9478400
2013-09-09,73.13707733154297,103.0999984741211,103.80999755859375,103.08000183105469,103.80000305175781,6874900
2013-09-10,72.6263427734375,102.37999725341797,103.33999633789062,102.36000061035156,102.7300033569336,8069000
2013-09-11,73.27184295654297,103.29000091552734,103.30999755859375,102.19000244140625,102.91999816894531,8962400
2013-09-12,73.17256927490234,103.1500015258789,104.0,103.05999755859375,103.8499984741211,6254400
2013-09-13,73.45630645751953,103.55000305175781,103.83000183105469,103.2300033569336,103.51000213623047,6106200
2013-09-16,72.96685028076172,102.86000061035156,104.41000366210938,102.8499984741211,104.33000183105469,8231600
2013-09-17,73.56986236572266,103.70999908447266,103.73999786376953,102.97000122070312,103.37000274658203,8795300
2013-09-18,74.47779846191406,104.98999786376953,105.55000305175781,102.9800033569336,103.62999725341797,19749200
2013-09-19,74.0379867553711,104.37000274658203,105.08999633789062,104.16000366210938,105.05000305175781,11627800
2013-09-20,74.42813110351562,104.91999816894531,105.18000030517578,104.44999694824219,104.69000244140625,8421000
2013-09-23,74.97440338134766,105.69000244140625,105.7300033569336,105.11000061035156,105.20999908447266,10242100
2013-09-24,75.78313446044922,106.83000183105469,106.83999633789062,105.83999633789062,105.98999786376953,11446600
2013-09-25,75.93916320800781,107.05000305175781,107.27999877929688,106.38999938964844,106.54000091552734,8130900
2013-09-26,75.40714263916016,106.30000305175781,106.62000274658203,106.19000244140625,106.4800033569336,5117100
2013-09-27,75.59156799316406,106.55999755859375,106.81999969482422,106.25,106.29000091552734,6460000
2013-09-30,75.4780502319336,106.4000015258789,106.9000015258789,106.18000030517578,106.66000366210938,8438800
2013-10-01,75.2490463256836,105.80000305175781,106.02999877929688,105.52999877929688,105.9000015258789,7592500
2013-10-02,75.36287689208984,105.95999908447266,106.4800033569336,105.76000213623047,105.93000030517578,5967200
2013-10-03,75.24189758300781,105.79000091552734,106.41000366210938,105.69999694824219,105.75,6648900
2013-10-04,75.18502044677734,105.70999908447266,105.77999877929688,105.3499984741211,105.66999816894531,5545300
2013-10-07,75.49087524414062,106.13999938964844,106.36000061035156,105.9800033569336,106.19999694824219,5761100
2013-10-08,75.51220703125,106.16999816894531,106.51000213623047,105.83000183105469,105.9800033569336,5904000
2013-10-09,74.90763854980469,105.31999969482422,105.94000244140625,105.30000305175781,105.87000274658203,8439000
2013-10-10,75.02855682373047,105.48999786376953,105.52999877929688,104.51000213623047,104.80000305175781,9944100
2013-10-11,75.00723266601562,105.45999908447266,106.2300033569336,105.41000366210938,106.16000366210938,6500800
2013-10-14,74.40265655517578,104.61000061035156,105.63999938964844,104.33000183105469,105.38999938964844,4205600
2013-10-15,74.3529052734375,104.54000091552734,105.30000305175781,104.52999877929688,105.1500015258789,8291000
2013-10-16,75.2845687866211,105.8499984741211,105.86000061035156,104.2699966430664,104.47000122070312,14460200
2013-10-17,75.96741485595703,106.80999755859375,107.12000274658203,106.29000091552734,106.5199966430664,11303400
2013-10-18,76.13093566894531,107.04000091552734,107.4800033569336,106.9800033569336,107.11000061035156,9487800
2013-10-21,75.88919067382812,106.69999694824219,106.91999816894531,106.45999908447266,106.91000366210938,6161600
2013-10-22,76.7354965209961,107.88999938964844,108.12000274658203,107.55999755859375,107.5999984741211,9708500
2013-10-23,77.03423309326172,108.30999755859375,108.7300033569336,108.04000091552734,108.06999969482422,9163100
2013-10-24,76.7354965209961,107.88999938964844,108.66999816894531,107.87000274658203,108.61000061035156,7631400
2013-10-25,77.02002716064453,108.29000091552734,108.44999694824219,108.08000183105469,108.12999725341797,4429500
2013-10-28,76.75682830810547,107.91999816894531,108.37999725341797,107.91000366210938,108.01000213623047,6466400
2013-10-29,76.8564224243164,108.05999755859375,108.06999969482422,107.51000213623047,107.62000274658203,5270500
2013-10-30,76.39415740966797,107.41000366210938,108.20999908447266,107.20999908447266,107.93000030517578,10199300
2013-10-31,76.55770111083984,107.63999938964844,108.01000213623047,107.13999938964844,107.91000366210938,11452100
2013-11-01,75.72901153564453,106.19000244140625,107.0,106.13999938964844,106.97000122070312,11349500
2013-11-04,75.80034637451172,106.29000091552734,106.66999816894531,106.22000122070312,106.47000122070312,4733200
2013-11-05,74.8946304321289,105.0199966430664,105.83000183105469,104.98999786376953,105.79000091552734,8753400
2013-11-06,74.93031311035156,105.06999969482422,105.13999938964844,104.69000244140625,104.94000244140625,5643000
2013-11-07,75.56503295898438,105.95999908447266,106.05000305175781,104.97000122070312,105.05000305175781,7893700
2013-11-08,73.7464828491211,103.41000366210938,104.11000061035156,103.38999938964844,103.97000122070312,16889900
2013-11-11,73.46836853027344,103.0199966430664,103.58000183105469,102.95999908447266,103.52999877929688,4927200
2013-11-12,73.81066131591797,103.5,103.58999633789062,103.18000030517578,103.20999908447266,4839500
2013-11-13,74.08167266845703,103.87999725341797,104.04000091552734,103.73999786376953,103.87000274658203,5782900
2013-11-14,74.53809356689453,104.5199966430664,105.12000274658203,104.1500015258789,104.30999755859375,8895500
2013-11-15,74.68782043457031,104.7300033569336,104.73999786376953,104.30999755859375,104.66000366210938,6344800
2013-11-18,75.13712310791016,105.36000061035156,105.41000366210938,104.6500015258789,104.6500015258789,5451300
2013-11-19,74.56660461425781,104.55999755859375,105.13999938964844,104.41000366210938,104.94999694824219,7251100
2013-11-20,73.29723358154297,102.77999877929688,104.83999633789062,102.6500015258789,104.41999816894531,14190900
2013-11-21,73.41839599609375,102.94999694824219,103.19000244140625,102.16000366210938,102.51000213623047,8903000
2013-11-22,74.10307312011719,103.91000366210938,104.12999725341797,103.4800033569336,103.48999786376953,7950700
2013-11-25,74.31697845458984,104.20999908447266,104.41999816894531,103.83999633789062,103.83999633789062,3755500
2013-11-26,74.59512329101562,104.5999984741211,104.93000030517578,104.4800033569336,104.48999786376953,6659200
2013-11-27,74.46678161621094,104.41999816894531,104.69999694824219,103.95999908447266,104.68000030517578,6063000
2013-11-29,74.4881362915039,104.44999694824219,104.5999984741211,103.94999694824219,104.08000183105469,5084400
2013-12-02,73.90876007080078,103.33000183105469,103.91000366210938,103.22000122070312,103.80000305175781,7527800
2013-12-03,74.18061828613281,103.70999908447266,103.95999908447266,103.45999908447266,103.69999694824219,5076900
2013-12-04,73.47246551513672,102.72000122070312,103.05000305175781,102.37999725341797,102.75,8502700
2013-12-05,73.26502990722656,102.43000030517578,102.8499984741211,102.22000122070312,102.4800033569336,7445700
2013-12-06,73.61555480957031,102.91999816894531,102.98999786376953,102.36000061035156,102.55999755859375,7352000
2013-12-09,73.78722381591797,103.16000366210938,103.2300033569336,102.83000183105469,102.9000015258789,5678800
2013-12-10,74.31654357910156,103.9000015258789,103.94999694824219,103.44999694824219,103.83999633789062,7040400
2013-12-11,73.74429321289062,103.0999984741211,103.7699966430664,103.0199966430664,103.55000305175781,8190900
2013-12-12,73.46530151367188,102.70999908447266,103.16000366210938,102.62999725341797,103.02999877929688,6208600
2013-12-13,73.82295989990234,103.20999908447266,103.30000305175781,102.79000091552734,103.13999938964844,6471300
2013-12-16,73.55120086669922,102.83000183105469,103.69000244140625,102.7300033569336,103.58000183105469,6376400
2013-12-17,73.88021850585938,103.29000091552734,103.4000015258789,102.58999633789062,102.61000061035156,6014400
2013-12-18,73.50825500488281,102.7699966430664,103.72000122070312,102.45999908447266,102.83000183105469,12973200
2013-12-19,73.4366683959961,102.66999816894531,103.01000213623047,102.44999694824219,102.86000061035156,6708400
2013-12-20,74.56683349609375,104.25,104.29000091552734,103.30000305175781,103.72000122070312,12425700
2013-12-23,74.14485931396484,103.66000366210938,104.41000366210938,103.66000366210938,104.05000305175781,6378600
2013-12-24,73.55120086669922,102.83000183105469,103.3499984741211,102.80000305175781,103.2300033569336,4897000
2013-12-26,73.26771545410156,102.0999984741211,102.36000061035156,102.01000213623047,102.3499984741211,4645300
2013-12-27,73.05960845947266,101.80999755859375,102.30999755859375,101.69000244140625,102.06999969482422,4755000
2013-12-30,73.5619125366211,102.51000213623047,102.58000183105469,102.08000183105469,102.1500015258789,4491700
2013-12-31,73.09552001953125,101.86000061035156,102.55000305175781,101.16999816894531,102.29000091552734,7218600
2014-01-02,73.31793212890625,102.16999816894531,102.38999938964844,101.69000244140625,101.72000122070312,8580800
2014-01-03,73.31793212890625,102.16999816894531,102.44999694824219,101.76000213623047,101.80999755859375,4083800
2014-01-06,73.62652587890625,102.5999984741211,103.0,102.37000274658203,102.37999725341797,7796200
2014-01-07,73.8131103515625,102.86000061035156,102.98999786376953,102.55999755859375,102.81999969482422,4428100
2014-01-08,73.6121597290039,102.58000183105469,102.69000244140625,102.0999984741211,102.44999694824219,8513000
2014-01-09,74.04270935058594,103.18000030517578,103.20999908447266,102.51000213623047,102.97000122070312,6991100
2014-01-10,74.92536926269531,104.41000366210938,104.54000091552734,103.69000244140625,103.7699966430664,13197400
2014-01-13,75.29854583740234,104.93000030517578,105.13999938964844,104.47000122070312,104.51000213623047,9667400
2014-01-14,74.95408630371094,104.44999694824219,104.83000183105469,104.38999938964844,104.6500015258789,10343100
2014-01-15,74.87510681152344,104.33999633789062,104.51000213623047,103.93000030517578,104.04000091552734,7507500
2014-01-16,75.3774642944336,105.04000091552734,105.06999969482422,104.72000122070312,104.8499984741211,7137700
2014-01-17,75.6932144165039,105.4800033569336,105.5199966430664,104.79000091552734,104.86000061035156,7588600
2014-01-21,75.75060272216797,105.55999755859375,105.73999786376953,105.4000015258789,105.44999694824219,6436000
2014-01-22,75.56401824951172,105.30000305175781,105.75,105.23999786376953,105.37000274658203,4646700
2014-01-23,76.63325500488281,106.79000091552734,107.08999633789062,105.87999725341797,105.87999725341797,12960600
2014-01-24,77.12842559814453,107.4800033569336,107.48999786376953,106.98999786376953,107.19000244140625,11122200
2014-01-27,76.59025573730469,106.7300033569336,107.5999984741211,106.69999694824219,107.22000122070312,9218200
2014-01-28,76.77680206298828,106.98999786376953,106.98999786376953,106.55000305175781,106.91000366210938,5661500
2014-01-29,77.40830993652344,107.87000274658203,108.1500015258789,106.98999786376953,107.37000274658203,11709400
2014-01-30,77.18582916259766,107.55999755859375,107.66999816894531,107.11000061035156,107.47000122070312,5956900
2014-01-31,77.7024917602539,108.27999877929688,108.41000366210938,107.8499984741211,108.19999694824219,14690900
2014-02-03,78.64925384521484,109.31999969482422,109.33999633789062,107.61000061035156,107.79000091552734,20780300
2014-02-04,77.81476593017578,108.16000366210938,108.66999816894531,107.97000122070312,108.5199966430664,9573500
2014-02-05,77.0953140258789,107.16000366210938,107.77999877929688,107.01000213623047,107.69000244140625,10312200
2014-02-06,76.76437377929688,106.69999694824219,107.0199966430664,106.5199966430664,106.97000122070312,5708700
2014-02-07,76.82910919189453,106.79000091552734,107.22000122070312,106.44000244140625,106.45999908447266,7039200
2014-02-10,77.04500579833984,107.08999633789062,107.12000274658203,106.56999969482422,106.61000061035156,4370500
2014-02-11,76.5988998413086,106.47000122070312,106.69000244140625,106.16000366210938,106.61000061035156,5904900
2014-02-12,76.20321655273438,105.91999816894531,106.20999908447266,105.62000274658203,106.16999816894531,6723300
2014-02-13,76.63483428955078,106.5199966430664,106.7300033569336,106.30000305175781,106.58999633789062,6874600
2014-02-14,76.67809295654297,106.58000183105469,106.63999938964844,106.2699966430664,106.56999969482422,4989100
2014-02-18,76.8506851196289,106.81999969482422,107.19999694824219,106.62000274658203,106.66000366210938,4855800
2014-02-19,76.52693939208984,106.37000274658203,107.18000030517578,106.30000305175781,107.18000030517578,5522500
2014-02-20,76.33988952636719,106.11000061035156,106.62999725341797,105.69000244140625,106.31999969482422,5103200
2014-02-21,76.74281311035156,106.66999816894531,106.68000030517578,105.94999694824219,105.94999694824219,5250700
2014-02-24,76.54853820800781,106.4000015258789,106.73999786376953,106.16999816894531,106.69999694824219,3816700
2014-02-25,77.23201751708984,107.3499984741211,107.36000061035156,106.88999938964844,106.91000366210938,6225400
2014-02-26,77.64207458496094,107.91999816894531,107.91999816894531,107.23999786376953,107.30999755859375,7203900
2014-02-27,78.0665512084961,108.51000213623047,108.55999755859375,108.0999984741211,108.27999877929688,5394700
2014-02-28,78.10969543457031,108.56999969482422,108.73999786376953,107.77999877929688,108.27999877929688,8462600
2014-03-03,78.63116455078125,109.02999877929688,109.18000030517578,108.63999938964844,108.87999725341797,11089400
2014-03-04,77.44837188720703,107.38999938964844,108.3499984741211,107.36000061035156,108.3499984741211,8068100
2014-03-05,77.61426544189453,107.62000274658203,107.77999877929688,107.19999694824219,107.33999633789062,4798500
2014-03-06,76.84979248046875,106.55999755859375,106.97000122070312,106.5199966430664,106.76000213623047,7418200
2014-03-07,76.36666107177734,105.88999938964844,106.16999816894531,105.5999984741211,105.63999938964844,8270300
2014-03-10,76.4747543334961,106.04000091552734,106.11000061035156,105.77999877929688,105.94000244140625,3744300
2014-03-11,76.67669677734375,106.31999969482422,106.33999633789062,105.77999877929688,105.9800033569336,3815700
2014-03-12,77.21040344238281,107.05999755859375,107.26000213623047,106.77999877929688,106.91999816894531,6430500
2014-03-13,78.2489242553711,108.5,108.52999877929688,106.6500015258789,106.69999694824219,11815500
2014-03-14,78.26334381103516,108.5199966430664,108.9800033569336,108.31999969482422,108.97000122070312,9232800
2014-03-17,77.67916107177734,107.70999908447266,108.30000305175781,107.66999816894531,108.18000030517578,7381900
2014-03-18,77.96041107177734,108.0999984741211,108.1500015258789,107.5999984741211,107.68000030517578,4819500
2014-03-19,77.35466003417969,107.26000213623047,107.9800033569336,106.80999755859375,107.91999816894531,11557600
2014-03-20,77.21762084960938,107.06999969482422,107.62999725341797,106.98999786376953,107.08999633789062,5224400
2014-03-21,78.05419921875,108.2300033569336,108.31999969482422,107.37000274658203,107.41000366210938,8986200
2014-03-24,78.60948181152344,109.0,109.08999633789062,107.94999694824219,108.05000305175781,7536400
2014-03-25,78.31381225585938,108.58999633789062,108.81999969482422,108.16999816894531,108.41000366210938,5032000
2014-03-26,78.9268569946289,109.44000244140625,109.4800033569336,108.4800033569336,108.55000305175781,7147200
2014-03-27,79.32347106933594,109.98999786376953,110.38999938964844,109.41999816894531,109.63999938964844,9772200
2014-03-28,78.87633514404297,109.37000274658203,109.88999938964844,109.0199966430664,109.86000061035156,6027000
2014-03-31,78.6816177368164,109.0999984741211,111.06999969482422,108.33999633789062,108.73999786376953,7488400
2014-04-01,78.00919342041016,107.88999938964844,108.36000061035156,107.83999633789062,108.26000213623047,9067300
2014-04-02,77.56095123291016,107.2699966430664,107.55000305175781,107.16999816894531,107.38999938964844,6887200
2014-04-03,77.9007568359375,107.73999786376953,107.94000244140625,107.44000244140625,107.5199966430664,4937400
2014-04-04,78.42133331298828,108.45999908447266,108.69000244140625,107.8499984741211,107.87000274658203,8977500
2014-04-07,78.89129638671875,109.11000061035156,109.29000091552734,108.5999984741211,108.62000274658203,7562500
2014-04-08,79.07928466796875,109.37000274658203,109.47000122070312,108.72000122070312,109.02999877929688,4213800
2014-04-09,78.68882751464844,108.83000183105469,109.3499984741211,108.63999938964844,108.87999725341797,5771500
2014-04-10,79.41912841796875,109.83999633789062,110.22000122070312,108.9000015258789,108.91999816894531,12706400
2014-04-11,80.0626220703125,110.7300033569336,110.79000091552734,110.12999725341797,110.54000091552734,10267000
2014-04-14,79.85298156738281,110.44000244140625,110.69999694824219,110.30000305175781,110.4800033569336,4142600
2014-04-15,80.35187530517578,111.12999725341797,111.51000213623047,110.3499984741211,110.61000061035156,7752000
2014-04-16,80.45307159423828,111.2699966430664,111.2699966430664,110.37999725341797,110.43000030517578,5523000
2014-04-17,79.57097625732422,110.05000305175781,111.44999694824219,109.69999694824219,111.37000274658203,8622500
2014-04-21,79.50589752197266,109.95999908447266,110.62000274658203,109.83999633789062,110.37000274658203,4316300
2014-04-22,79.77339172363281,110.33000183105469,110.48999786376953,109.61000061035156,109.66000366210938,5748700
2014-04-23,80.22893524169922,110.95999908447266,111.05000305175781,110.52999877929688,110.5999984741211,5748600
2014-04-24,80.38076782226562,111.16999816894531,111.20999908447266,110.44999694824219,110.44999694824219,6337800
2014-04-25,80.49644470214844,111.33000183105469,111.98999786376953,111.31999969482422,111.48999786376953,5976500
2014-04-28,80.10606384277344,110.79000091552734,111.27999877929688,110.55000305175781,111.11000061035156,7606000
2014-04-29,79.99756622314453,110.63999938964844,110.7300033569336,110.04000091552734,110.16999816894531,5235200
2014-04-30,80.33018493652344,111.0999984741211,111.26000213623047,110.37999725341797,110.72000122070312,7721400
2014-05-01,81.19194030761719,112.0199966430664,112.08000183105469,110.83999633789062,110.87999725341797,11556500
2014-05-02,81.69204711914062,112.70999908447266,113.0999984741211,111.30000305175781,111.54000091552734,12702100
2014-05-05,81.19917297363281,112.02999877929688,112.80999755859375,111.88999938964844,112.76000213623047,8043000
2014-05-06,81.52536010742188,112.4800033569336,112.69999694824219,112.04000091552734,112.11000061035156,6522600
2014-05-07,81.23548126220703,112.08000183105469,112.56999969482422,111.94000244140625,112.30999755859375,8199200
2014-05-08,80.88754272460938,111.5999984741211,112.76000213623047,111.45999908447266,112.33999633789062,10878800
2014-05-09,80.62663269042969,111.23999786376953,111.80999755859375,110.9800033569336,111.52999877929688,6000600
2014-05-12,80.30046844482422,110.79000091552734,111.12999725341797,110.54000091552734,111.01000213623047,4563800
2014-05-13,80.99624633789062,111.75,111.75,111.33000183105469,111.44000244140625,5501000
2014-05-14,81.87325286865234,112.95999908447266,113.2300033569336,112.55999755859375,112.62999725341797,8851400
2014-05-15,82.52558898925781,113.86000061035156,114.41000366210938,113.5999984741211,113.77999877929688,12627900
2014-05-16,82.29363250732422,113.54000091552734,114.0,113.41999816894531,113.61000061035156,5019200
2014-05-19,81.684814453125,112.69999694824219,113.95999908447266,112.62000274658203,113.93000030517578,7403300
2014-05-20,81.86599731445312,112.94999694824219,113.4800033569336,112.58999633789062,112.5999984741211,6549800
2014-05-21,81.36591339111328,112.26000213623047,112.4000015258789,111.87000274658203,112.22000122070312,8224600
2014-05-22,81.24993896484375,112.0999984741211,112.4000015258789,111.79000091552734,112.26000213623047,6495700
2014-05-23,81.684814453125,112.69999694824219,112.91000366210938,112.44999694824219,112.5199966430664,3835000
2014-05-27,82.16317749023438,113.36000061035156,113.4000015258789,112.4000015258789,112.8499984741211,6658300
2014-05-28,83.1778793334961,114.76000213623047,114.83999633789062,114.08999633789062,114.0999984741211,10361000
2014-05-29,82.73575592041016,114.1500015258789,115.19000244140625,114.12999725341797,114.87000274658203,10692000
2014-05-30,82.69953155517578,114.0999984741211,114.4000015258789,113.80999755859375,113.95999908447266,6518900
2014-06-02,82.08479309082031,112.95999908447266,113.68000030517578,112.55000305175781,113.04000091552734,11728200
2014-06-03,81.07469940185547,111.56999969482422,112.54000091552734,111.51000213623047,112.41000366210938,12694100
2014-06-04,81.05292510986328,111.54000091552734,111.81999969482422,111.2699966430664,111.76000213623047,7882000
2014-06-05,81.0892105102539,111.58999633789062,111.97000122070312,111.0199966430664,111.12999725341797,6915600
2014-06-06,81.0892105102539,111.58999633789062,112.41000366210938,111.48999786376953,112.12999725341797,7832800
2014-06-09,80.97295379638672,111.43000030517578,111.63999938964844,111.19999694824219,111.44999694824219,5162800
2014-06-10,80.67504119873047,111.0199966430664,111.2699966430664,110.83000183105469,111.04000091552734,5986000
2014-06-11,80.82038116455078,111.22000122070312,111.54000091552734,110.8499984741211,111.26000213623047,5569700
2014-06-12,81.53974914550781,112.20999908447266,112.3499984741211,111.0,111.30000305175781,9775900
2014-06-13,81.49614715576172,112.1500015258789,112.62000274658203,111.52999877929688,111.56999969482422,5412500
2014-06-16,81.69962310791016,112.43000030517578,112.62999725341797,112.0999984741211,112.20999908447266,5184600
2014-06-17,81.05292510986328,111.54000091552734,112.08999633789062,111.4800033569336,112.06999969482422,6668800
2014-06-18,81.67779541015625,112.4000015258789,112.76000213623047,111.55999755859375,111.80000305175781,11256500
2014-06-19,80.63142395019531,110.95999908447266,112.55999755859375,110.73999786376953,112.51000213623047,14215500
2014-06-20,81.24185180664062,111.80000305175781,111.80000305175781,110.9000015258789,110.97000122070312,7319100
2014-06-23,80.9875259399414,111.44999694824219,112.18000030517578,111.41000366210938,112.08000183105469,5821700
2014-06-24,81.80862426757812,112.58000183105469,112.6500015258789,111.81999969482422,112.1500015258789,9698300
2014-06-25,82.01939392089844,112.87000274658203,113.36000061035156,112.69000244140625,113.0999984741211,5699300
2014-06-26,82.41175079345703,113.41000366210938,113.80000305175781,113.20999908447266,113.20999908447266,6628900
2014-06-27,82.28826141357422,113.23999786376953,113.81999969482422,113.16999816894531,113.68000030517578,7216500
2014-06-30,82.49171447753906,113.5199966430664,113.80000305175781,113.08999633789062,113.55999755859375,5593100
2014-07-01,81.80105590820312,112.27999877929688,112.73999786376953,112.19999694824219,112.5,8019200
2014-07-02,80.9267807006836,111.08000183105469,111.66999816894531,110.97000122070312,111.62999725341797,9382500
2014-07-03,80.63534545898438,110.68000030517578,110.86000061035156,110.33999633789062,110.37999725341797,6173900
2014-07-07,81.22547912597656,111.48999786376953,111.80999755859375,111.2300033569336,111.2699966430664,5928900
2014-07-08,82.13618469238281,112.73999786376953,112.86000061035156,112.23999786376953,112.23999786376953,6352100
2014-07-09,82.2017593383789,112.83000183105469,113.13999938964844,112.37999725341797,112.66000366210938,6395200
2014-07-10,82.22360229492188,112.86000061035156,113.66000366210938,112.81999969482422,113.54000091552734,7196900
2014-07-11,82.74813079833984,113.58000183105469,113.68000030517578,113.27999877929688,113.3499984741211,4676500
2014-07-14,82.3911361694336,113.08999633789062,113.41000366210938,112.93000030517578,113.27999877929688,4743300
2014-07-15,82.22360229492188,112.86000061035156,113.47000122070312,112.5,112.83000183105469,7720000
2014-07-16,82.66072082519531,113.45999908447266,113.58000183105469,112.94000244140625,113.0,4615800
2014-07-17,83.70256805419922,114.88999938964844,115.05000305175781,113.94000244140625,114.2300033569336,10901000
2014-07-18,83.43296813964844,114.5199966430664,114.95999908447266,114.11000061035156,114.87999725341797,6677900
2014-07-21,83.84828186035156,115.08999633789062,115.62999725341797,115.01000213623047,115.01000213623047,5724100
2014-07-22,84.02313232421875,115.33000183105469,115.45999908447266,114.6500015258789,115.08999633789062,5753200
2014-07-23,83.9138412475586,115.18000030517578,115.62999725341797,115.16999816894531,115.51000213623047,3489600
2014-07-24,83.28729248046875,114.31999969482422,114.58000183105469,114.25,114.5199966430664,6609000
2014-07-25,84.27083587646484,115.66999816894531,115.68000030517578,115.16000366210938,115.33999633789062,7041800
2014-07-28,84.15425109863281,115.51000213623047,115.9000015258789,115.12000274658203,115.58999633789062,5138300
2014-07-29,84.46021270751953,115.93000030517578,116.06999969482422,115.41999816894531,115.87000274658203,6579300
2014-07-30,83.28729248046875,114.31999969482422,115.37999725341797,114.16999816894531,115.1500015258789,12251200
2014-07-31,83.03961944580078,113.9800033569336,114.58000183105469,113.47000122070312,113.52999877929688,18254000
2014-08-01,83.6823959350586,114.55999755859375,114.87000274658203,113.05000305175781,113.58000183105469,14951200
2014-08-04,83.46322631835938,114.26000213623047,114.80999755859375,114.26000213623047,114.52999877929688,5183800
2014-08-05,83.73355865478516,114.62999725341797,114.80000305175781,113.68000030517578,114.06999969482422,8032000
2014-08-06,83.78459167480469,114.69999694824219,115.47000122070312,114.5999984741211,115.47000122070312,7289200
2014-08-07,84.56620025634766,115.7699966430664,115.7699966430664,114.56999969482422,114.83999633789062,9745500
2014-08-08,84.3836441040039,115.5199966430664,116.41999816894531,115.37999725341797,115.93000030517578,9536700
2014-08-11,84.37632751464844,115.51000213623047,115.81999969482422,115.29000091552734,115.6500015258789,6668800
2014-08-12,83.82845306396484,114.76000213623047,115.44000244140625,114.7300033569336,115.41000366210938,8122400
2014-08-13,84.37632751464844,115.51000213623047,115.5199966430664,114.77999877929688,114.87000274658203,8210500
2014-08-14,85.05567169189453,116.44000244140625,116.5,115.38999938964844,115.93000030517578,9028200
2014-08-15,85.9832992553711,117.70999908447266,118.36000061035156,116.69000244140625,116.70999908447266,17606700
2014-08-18,85.12872314453125,116.54000091552734,117.30000305175781,116.38999938964844,117.20999908447266,7595300
2014-08-19,84.86572265625,116.18000030517578,117.1500015258789,115.9800033569336,117.08000183105469,5936900
2014-08-20,84.72698211669922,115.98999786376953,116.11000061035156,115.56999969482422,116.04000091552734,7275600
2014-08-21,85.20175170898438,116.63999938964844,116.76000213623047,116.0199966430664,116.06999969482422,6790700
2014-08-22,85.6765365600586,117.29000091552734,117.43000030517578,116.20999908447266,116.73999786376953,10149900
2014-08-25,85.99798583984375,117.7300033569336,117.77999877929688,117.20999908447266,117.44999694824219,5760700
2014-08-26,85.72038269042969,117.3499984741211,117.98999786376953,117.20999908447266,117.94000244140625,5487600
2014-08-27,86.45089721679688,118.3499984741211,118.41000366210938,117.4000015258789,117.69999694824219,7265800
2014-08-28,86.90371704101562,118.97000122070312,119.37000274658203,118.66999816894531,119.12999725341797,9463600
2014-08-29,86.96219635009766,119.05000305175781,119.43000030517578,118.75,118.91999816894531,8512900
2014-09-02,85.4620132446289,116.7300033569336,117.37999725341797,116.69999694824219,117.27999877929688,10506000
2014-09-03,85.93791961669922,117.37999725341797,117.37999725341797,116.30999755859375,116.4000015258789,6553900
2014-09-04,84.89096069335938,115.94999694824219,116.87999725341797,115.93000030517578,116.62000274658203,12528900
2014-09-05,84.72994995117188,115.7300033569336,116.5999984741211,115.44000244140625,116.44000244140625,6886000
2014-09-08,84.76648712158203,115.77999877929688,116.62999725341797,115.44999694824219,116.41000366210938,9326400
2014-09-09,84.70062255859375,115.69000244140625,115.88999938964844,115.44999694824219,115.48999786376953,5353100
2014-09-10,84.1661148071289,114.95999908447266,115.12000274658203,114.79000091552734,114.97000122070312,8729400
2014-09-11,83.88794708251953,114.58000183105469,115.54000091552734,114.56999969482422,115.26000213623047,9274800
2014-09-12,83.00938415527344,113.37999725341797,113.91999816894531,113.22000122070312,113.69000244140625,11114900
2014-09-15,83.1338882446289,113.55000305175781,114.06999969482422,113.36000061035156,113.8499984741211,5510700
2014-09-16,82.79703521728516,113.08999633789062,113.86000061035156,113.08000183105469,113.61000061035156,9304700
2014-09-17,82.58472442626953,112.80000305175781,113.83000183105469,112.7300033569336,113.52999877929688,12917000
2014-09-18,82.84830474853516,113.16000366210938,113.4800033569336,112.8499984741211,113.18000030517578,7031200
2014-09-19,83.90257263183594,114.5999984741211,114.68000030517578,113.19999694824219,113.58000183105469,13236900
2014-09-22,84.0051040649414,114.73999786376953,115.04000091552734,114.44000244140625,114.66000366210938,6617200
2014-09-23,84.52488708496094,115.44999694824219,115.47000122070312,114.7699966430664,114.91000366210938,6362400
2014-09-24,84.05635833740234,114.80999755859375,115.55000305175781,114.63999938964844,115.29000091552734,5223300
2014-09-25,85.05210876464844,116.16999816894531,116.18000030517578,115.30999755859375,115.30999755859375,8947800
2014-09-26,84.92752838134766,116.0,116.29000091552734,115.62000274658203,116.0199966430664,7799600
2014-09-29,85.60848999023438,116.93000030517578,117.16999816894531,116.66000366210938,117.0,6791800
2014-09-30,85.12525177001953,116.2699966430664,117.04000091552734,116.12999725341797,116.66000366210938,7277500
2014-10-01,86.77589416503906,118.2300033569336,118.26000213623047,116.83000183105469,116.88999938964844,17194900
2014-10-02,86.01994323730469,117.19999694824219,118.19999694824219,117.13999938964844,117.83000183105469,8251800
2014-10-03,86.38692474365234,117.69999694824219,117.7699966430664,116.83000183105469,117.0,8561500
2014-10-06,86.43830871582031,117.7699966430664,118.19000244140625,117.36000061035156,117.62000274658203,4485500
2014-10-07,87.60525512695312,119.36000061035156,119.43000030517578,118.18000030517578,118.30999755859375,8837700
2014-10-08,87.62726593017578,119.38999938964844,119.5199966430664,118.51000213623047,119.44999694824219,9391300
2014-10-09,87.24565887451172,118.87000274658203,119.66999816894531,118.77999877929688,119.2699966430664,10291700
2014-10-10,88.1117172241211,120.05000305175781,120.08000183105469,119.30999755859375,119.5199966430664,8774400
2014-10-13,88.64752960205078,120.77999877929688,121.16999816894531,120.05000305175781,120.16000366210938,6450700
2014-10-14,89.22735595703125,121.56999969482422,121.77999877929688,120.68000030517578,121.30999755859375,11285400
2014-10-15,89.93193817138672,122.52999877929688,127.68000030517578,121.83999633789062,124.58000183105469,37407500
2014-10-16,89.35948181152344,121.75,124.12999725341797,121.44000244140625,124.12000274658203,18096600
2014-10-17,88.86034393310547,121.06999969482422,121.70999908447266,120.4800033569336,121.19000244140625,8524300
2014-10-20,89.18330383300781,121.51000213623047,121.8499984741211,120.94000244140625,121.77999877929688,7742500
2014-10-21,88.47138977050781,120.54000091552734,121.23999786376953,120.52999877929688,120.83999633789062,9754700
2014-10-22,88.56678009033203,120.66999816894531,120.8499984741211,120.22000122070312,120.47000122070312,9260200
2014-10-23,87.78141021728516,119.5999984741211,120.18000030517578,119.05999755859375,120.04000091552734,10936300
2014-10-24,87.8694839477539,119.72000122070312,120.41000366210938,119.47000122070312,119.93000030517578,5704900
2014-10-27,88.03101348876953,119.94000244140625,120.2699966430664,119.66000366210938,119.88999938964844,3391900
2014-10-28,87.48056030273438,119.19000244140625,119.6500015258789,119.08000183105469,119.4800033569336,5141300
2014-10-29,87.67866516113281,119.45999908447266,119.81999969482422,118.41999816894531,118.95999908447266,9105100
2014-10-30,87.7520751953125,119.55999755859375,120.45999908447266,119.51000213623047,120.31999969482422,7024400
2014-10-31,87.5245590209961,119.25,119.70999908447266,118.83000183105469,119.33999633789062,6664200
2014-11-03,87.52454376220703,118.95999908447266,119.16000366210938,118.20999908447266,118.9000015258789,9726600
2014-11-04,87.79679107666016,119.33000183105469,119.91000366210938,119.08000183105469,119.41999816894531,3664800
2014-11-05,87.67169952392578,119.16000366210938,119.37000274658203,118.81999969482422,118.91000366210938,4799600
2014-11-06,87.10521697998047,118.38999938964844,118.93000030517578,118.30999755859375,118.5999984741211,5901900
2014-11-07,88.10581970214844,119.75,119.75,118.68000030517578,118.72000122070312,8550500
2014-11-10,87.29649353027344,118.6500015258789,119.58000183105469,118.55999755859375,119.58000183105469,4787300
2014-11-11,87.35533142089844,118.7300033569336,118.80999755859375,118.33999633789062,118.4800033569336,2416500
2014-11-12,87.28177642822266,118.62999725341797,119.52999877929688,118.44999694824219,119.19999694824219,4040800
2014-11-13,87.4877700805664,118.91000366210938,119.18000030517578,118.44000244140625,118.69999694824219,4475900
2014-11-14,87.91451263427734,119.48999786376953,119.58999633789062,118.68000030517578,118.83999633789062,5191200
2014-11-17,87.69383239746094,119.19000244140625,119.79000091552734,118.87999725341797,119.77999877929688,4726200
2014-11-18,87.93656158447266,119.5199966430664,119.58000183105469,119.16000366210938,119.31999969482422,4471200
2014-11-19,87.37744140625,118.76000213623047,119.58000183105469,118.76000213623047,118.87999725341797,5792500
2014-11-20,87.83353424072266,119.37999725341797,119.94999694824219,119.05999755859375,119.9000015258789,5683600
2014-11-21,88.36331176757812,120.0999984741211,120.16000366210938,119.5199966430664,119.56999969482422,3640100
2014-11-24,88.43687438964844,120.19999694824219,120.2699966430664,119.55000305175781,119.66999816894531,4033900
2014-11-25,89.17262268066406,121.19999694824219,121.2699966430664,120.30999755859375,120.37000274658203,6770000
2014-11-26,89.41545104980469,121.52999877929688,121.87000274658203,121.47000122070312,121.63999938964844,4339100
2014-11-28,90.12171173095703,122.48999786376953,122.66999816894531,122.12999725341797,122.12999725341797,4562200
2014-12-01,89.59603118896484,121.5,122.80999755859375,121.45999908447266,122.68000030517578,7728600
2014-12-02,88.72582244873047,120.31999969482422,120.8499984741211,120.29000091552734,120.83999633789062,5757200
2014-12-03,89.0723876953125,120.79000091552734,120.80000305175781,120.12999725341797,120.30000305175781,4868600
2014-12-04,89.81723022460938,121.80000305175781,121.80000305175781,120.62000274658203,120.75,4250500
2014-12-05,89.29362487792969,121.08999633789062,121.5999984741211,120.5199966430664,121.56999969482422,8030700
2014-12-08,90.38500213623047,122.56999969482422,122.83999633789062,121.13999938964844,121.41999816894531,6021800
2014-12-09,90.8495864868164,123.19999694824219,123.97000122070312,122.95999908447266,123.5999984741211,6639700
2014-12-10,91.51323699951172,124.0999984741211,124.4000015258789,123.08000183105469,123.18000030517578,6439200
2014-12-11,91.88934326171875,124.61000061035156,124.61000061035156,123.29000091552734,123.73999786376953,7863500
2014-12-12,93.13555145263672,126.30000305175781,126.3499984741211,125.0199966430664,125.44999694824219,9317400
2014-12-15,92.94384002685547,126.04000091552734,126.69999694824219,125.43000030517578,125.63999938964844,9387400
2014-12-16,94.09422302246094,127.5999984741211,127.72000122070312,126.36000061035156,127.36000061035156,7426400
2014-12-17,93.2461929321289,126.44999694824219,127.19000244140625,125.69999694824219,126.91000366210938,11558800
2014-12-18,91.58699798583984,124.19999694824219,125.0999984741211,124.19999694824219,124.93000030517578,12758200
2014-12-19,92.81848907470703,125.87000274658203,125.94999694824219,124.44000244140625,124.58000183105469,7894500
2014-12-22,92.94384002685547,126.04000091552734,126.19000244140625,125.31999969482422,125.44999694824219,4118800
2014-12-23,91.10031127929688,123.54000091552734,125.5999984741211,123.48999786376953,125.44999694824219,7406100
2014-12-24,91.59613037109375,123.94999694824219,124.05999755859375,122.93000030517578,123.05999755859375,4871400
2014-12-26,91.93610382080078,124.41000366210938,124.58999633789062,124.0199966430664,124.55000305175781,2921300
2014-12-29,92.62334442138672,125.33999633789062,125.66000366210938,124.80999755859375,124.91000366210938,4070700
2014-12-30,92.87454986572266,125.68000030517578,126.20999908447266,125.52999877929688,125.9800033569336,4372600
2014-12-31,93.05194091796875,125.91999816894531,126.16999816894531,125.6500015258789,125.69999694824219,4993300
2015-01-02,94.0865249633789,127.31999969482422,127.66000366210938,126.1500015258789,126.29000091552734,9432000
2015-01-05,95.56444549560547,129.32000732421875,129.6300048828125,127.95999908447266,128.00999450683594,9789500
2015-01-06,97.2862548828125,131.64999389648438,132.49000549316406,130.19000244140625,130.6999969482422,18331300
2015-01-07,97.0941162109375,131.38999938964844,131.97000122070312,130.1699981689453,130.6999969482422,9762900
2015-01-08,95.80831909179688,129.64999389648438,130.3699951171875,129.4199981689453,130.36000061035156,8055300
2015-01-09,96.85771179199219,131.07000732421875,131.11000061035156,129.0399932861328,129.1999969482422,9398800
2015-01-12,97.41191101074219,131.82000732421875,132.30999755859375,130.9199981689453,131.0,6658100
2015-01-13,97.41191101074219,131.82000732421875,132.61000061035156,131.13999938964844,131.38999938964844,8260800
2015-01-14,98.1509017944336,132.82000732421875,134.1199951171875,132.6999969482422,133.72000122070312,12324500
2015-01-15,99.69536590576172,134.91000366210938,135.02999877929688,132.67999267578125,132.85000610351562,11454200
2015-01-16,98.42430877685547,133.19000244140625,134.67999267578125,133.02999877929688,134.3300018310547,9390500
2015-01-20,99.73226928710938,134.9600067138672,135.11000061035156,134.07000732421875,134.1300048828125,7758700
2015-01-21,98.57946014404297,133.39999389648438,135.58999633789062,132.9600067138672,135.1999969482422,9803900
2015-01-22,98.22479248046875,132.9199981689453,134.17999267578125,132.27999877929688,134.0,10200000
2015-01-23,99.59191131591797,134.77000427246094,135.1199951171875,134.14999389648438,134.3000030517578,7334600
2015-01-26,99.28889465332031,134.36000061035156,135.19000244140625,134.0500030517578,134.83999633789062,5966500
2015-01-27,99.44407653808594,134.57000732421875,136.1300048828125,134.14999389648438,135.72999572753906,8079600
2015-01-28,101.06982421875,136.77000427246094,137.41000366210938,134.6999969482422,134.75,12230300
2015-01-29,100.40476989746094,135.8699951171875,136.6699981689453,135.4600067138672,136.1199951171875,8881400
2015-01-30,102.18571472167969,138.27999877929688,138.5,137.17999267578125,137.7100067138672,14871200
2015-02-02,101.79993438720703,137.47999572753906,137.9199981689453,136.66000366210938,136.6999969482422,13689900
2015-02-03,99.6451416015625,134.57000732421875,135.7899932861328,134.3699951171875,135.64999389648438,14008700
2015-02-04,99.81544494628906,134.8000030517578,134.99000549316406,133.1199951171875,133.49000549316406,11360400
2015-02-05,98.71952819824219,133.32000732421875,134.22999572753906,133.11000061035156,134.0,8334600
2015-02-06,96.97206115722656,130.9600067138672,132.35000610351562,130.58999633789062,132.0500030517578,13685600
2015-02-09,96.81658172607422,130.75,131.97999572753906,130.75,131.97000122070312,8025500
2015-02-10,96.04647064208984,129.7100067138672,130.47000122070312,129.44000244140625,130.13999938964844,8290700
2015-02-11,96.22417449951172,129.9499969482422,130.27000427246094,128.9600067138672,129.6999969482422,6506400
2015-02-12,95.90579986572266,129.52000427246094,130.5399932861328,129.4499969482422,129.66000366210938,12548300
2015-02-13,94.92092895507812,128.19000244140625,129.52999877929688,128.08999633789062,129.50999450683594,8325200
2015-02-17,93.49178314208984,126.26000213623047,127.93000030517578,125.91999816894531,127.80000305175781,14968800
2015-02-18,94.04717254638672,127.01000213623047,127.73999786376953,126.47000122070312,126.81999969482422,14009200
2015-02-19,93.42517852783203,126.16999816894531,127.44999694824219,126.16999816894531,126.77999877929688,8584800
2015-02-20,93.69915771484375,126.54000091552734,128.00999450683594,126.0,127.05000305175781,12502500
2015-02-23,94.77281188964844,127.98999786376953,128.1699981689453,127.16000366210938,127.19000244140625,7500500
2015-02-24,96.01680755615234,129.6699981689453,129.7899932861328,127.18000030517578,127.6500015258789,11958300
2015-02-25,96.43150329589844,130.22999572753906,130.38999938964844,129.0800018310547,129.4600067138672,8019800
2015-02-26,95.11344146728516,128.4499969482422,130.3000030517578,128.39999389648438,129.6999969482422,11020500
2015-02-27,95.91315460205078,129.52999877929688,129.6199951171875,128.27000427246094,129.02000427246094,9225100
2015-03-02,94.1266860961914,126.87000274658203,129.07000732421875,126.7699966430664,129.0,11324000
2015-03-03,93.78533935546875,126.41000366210938,127.37000274658203,126.37999725341797,126.88999938964844,8599000
2015-03-04,93.81500244140625,126.44999694824219,127.04000091552734,126.16000366210938,126.94000244140625,6478900
2015-03-05,93.69628143310547,126.29000091552734,126.87999725341797,125.9000015258789,126.52999877929688,6045000
2015-03-06,91.62639617919922,123.5,124.83000183105469,122.97000122070312,124.66999816894531,20022900
2015-03-09,92.47216033935547,124.63999938964844,124.87000274658203,124.12999725341797,124.68000030517578,8889100
2015-03-10,93.68890380859375,126.27999877929688,126.44000244140625,125.76000213623047,125.97000122070312,9277900
2015-03-11,94.37145233154297,127.19999694824219,127.45999908447266,126.12000274658203,126.26000213623047,6663100
2015-03-12,94.30470275878906,127.11000061035156,128.1999969482422,126.72000122070312,128.1999969482422,10295900
2015-03-13,94.01528930664062,126.72000122070312,127.58999633789062,126.48999786376953,126.76000213623047,7247200
2015-03-16,94.9205093383789,127.94000244140625,128.14999389648438,127.2699966430664,127.94000244140625,6374600
2015-03-17,95.7069091796875,129.0,129.11000061035156,128.27999877929688,128.5500030517578,6314000
2015-03-18,97.5543212890625,131.49000549316406,131.52999877929688,128.61000061035156,129.91000366210938,13981900
2015-03-19,97.05719757080078,130.82000732421875,131.6199951171875,130.27000427246094,131.1999969482422,9543800
2015-03-20,97.56909942626953,131.50999450683594,131.6999969482422,131.13999938964844,131.22000122070312,5953800
2015-03-23,97.45042419433594,131.35000610351562,131.75,130.99000549316406,131.6999969482422,5555500
2015-03-24,98.39263916015625,132.6199951171875,132.63999938964844,131.47999572753906,131.8300018310547,6713000
2015-03-25,97.56168365478516,131.5,132.75999450683594,131.4600067138672,132.72000122070312,5635800
2015-03-26,96.040771484375,129.4499969482422,131.13999938964844,129.17999267578125,131.0500030517578,9536300
2015-03-27,97.2352523803711,131.05999755859375,131.1300048828125,129.97999572753906,130.02999877929688,7907900
2015-03-30,96.7530517578125,130.41000366210938,131.0,130.08999633789062,130.89999389648438,7010600
2015-03-31,96.96076965332031,130.69000244140625,130.9600067138672,129.91000366210938,130.24000549316406,6844300
2015-04-01,98.23429870605469,132.1300048828125,132.47999572753906,131.3000030517578,131.3300018310547,9273900
2015-04-02,97.19345092773438,130.72999572753906,131.97000122070312,130.61000061035156,131.92999267578125,6663400
2015-04-06,96.65074920654297,130.0,131.47999572753906,129.72000122070312,131.42999267578125,5923800
2015-04-07,97.46109771728516,131.08999633789062,131.22000122070312,129.85000610351562,130.22999572753906,4764900
2015-04-08,97.49080657958984,131.1300048828125,131.36000061035156,130.02000427246094,131.02000427246094,5378900
2015-04-09,96.2269287109375,129.42999267578125,130.9199981689453,129.1300048828125,130.8699951171875,6484200
2015-04-10,96.36823272705078,129.6199951171875,130.4499969482422,129.5500030517578,130.32000732421875,4843000
2015-04-13,96.50200653076172,129.8000030517578,129.97999572753906,129.38999938964844,129.52999877929688,4010600
2015-04-14,97.18600463867188,130.72000122070312,131.86000061035156,130.47999572753906,131.30999755859375,6075500
2015-04-15,97.10420989990234,130.61000061035156,131.27000427246094,130.32000732421875,131.0500030517578,4425200
2015-04-16,96.62094116210938,129.9600067138672,130.86000061035156,129.41000366210938,130.8300018310547,7085500
2015-04-17,97.7287368774414,131.4499969482422,131.6999969482422,129.6999969482422,129.77000427246094,7268800
2015-04-20,96.86632537841797,130.2899932861328,131.00999450683594,129.92999267578125,130.94000244140625,4949400
2015-04-21,96.42768096923828,129.6999969482422,130.4499969482422,129.55999755859375,130.22999572753906,4563800
2015-04-22,94.95562744140625,127.72000122070312,129.5500030517578,127.54000091552734,129.5,9707600
2015-04-23,95.36454772949219,128.27000427246094,128.85000610351562,127.61000061035156,127.80000305175781,6843400
2015-04-24,95.95929718017578,129.07000732421875,129.42999267578125,128.58999633789062,128.63999938964844,4773000
2015-04-27,95.95929718017578,129.07000732421875,129.5,128.3699951171875,129.07000732421875,4334900
2015-04-28,94.63594055175781,127.29000091552734,128.74000549316406,127.26000213623047,128.1699981689453,7464300
2015-04-29,93.47611999511719,125.7300033569336,126.44000244140625,125.27999877929688,125.80999755859375,11554800
2015-04-30,93.63965606689453,125.94999694824219,126.16999816894531,124.51000213623047,125.04000091552734,12876000
2015-05-01,92.379150390625,124.0,125.04000091552734,123.69000244140625,124.7300033569336,12378500
2015-05-04,91.50751495361328,122.83000183105469,124.52999877929688,122.72000122070312,124.30000305175781,9144700
2015-05-05,91.38090515136719,122.66000366210938,123.02999877929688,121.69000244140625,122.86000061035156,13935500
2015-05-06,89.81634521484375,120.55999755859375,122.05999755859375,120.37000274658203,121.98999786376953,14355000
2015-05-07,91.02326965332031,122.18000030517578,122.56999969482422,121.3499984741211,121.43000030517578,11933700
2015-05-08,91.26911926269531,122.51000213623047,123.55000305175781,122.30999755859375,123.37999725341797,11716400
2015-05-11,89.04905700683594,119.52999877929688,121.6500015258789,119.5,121.62000274658203,13738600
2015-05-12,89.27996063232422,119.83999633789062,120.62999725341797,118.81999969482422,119.13999938964844,15861700
2015-05-13,88.56476593017578,118.87999725341797,120.72000122070312,118.63999938964844,120.6500015258789,15760000
2015-05-14,88.80317687988281,119.19999694824219,119.83000183105469,118.69000244140625,118.91999816894531,9128400
2015-05-15,90.58370208740234,121.58999633789062,121.91000366210938,120.29000091552734,120.37999725341797,12630600
2015-05-18,89.0639419555664,119.55000305175781,120.43000030517578,119.47000122070312,120.31999969482422,10208300
2015-05-19,88.27421569824219,118.48999786376953,119.83999633789062,118.12999725341797,118.2699966430664,8435300
2015-05-20,88.4232406616211,118.69000244140625,119.44999694824219,118.18000030517578,118.7699966430664,7789700
2015-05-21,89.65992736816406,120.3499984741211,120.61000061035156,119.44999694824219,119.58000183105469,11760700
2015-05-22,89.69722747802734,120.4000015258789,120.75,119.80000305175781,120.6500015258789,5417900
2015-05-26,91.23186492919922,122.45999908447266,122.55000305175781,120.73999786376953,120.83999633789062,10469700
2015-05-27,91.44044494628906,122.73999786376953,122.86000061035156,121.61000061035156,122.18000030517578,6490300
2015-05-28,91.21694946289062,122.44000244140625,123.02999877929688,122.22000122070312,122.5,6237600
2015-05-29,91.41812133789062,122.70999908447266,123.56999969482422,122.51000213623047,123.2300033569336,7912000
2015-06-01,90.43560028076172,121.12999725341797,122.37999725341797,120.69000244140625,122.11000061035156,13108100
2015-06-02,89.17381286621094,119.44000244140625,120.26000213623047,119.11000061035156,120.16999816894531,10076200
2015-06-03,87.7403793334961,117.5199966430664,118.5999984741211,117.19999694824219,118.38999938964844,14810900
2015-06-04,88.88268280029297,119.05000305175781,119.29000091552734,118.13999938964844,118.26000213623047,10859300
2015-06-05,87.80006408691406,117.5999984741211,118.56999969482422,117.37999725341797,117.83999633789062,11200200
2015-06-08,87.70297241210938,117.47000122070312,118.16000366210938,117.37000274658203,117.95999908447266,5334000
2015-06-09,87.0086669921875,116.54000091552734,117.12999725341797,116.11000061035156,117.05999755859375,12393900
2015-06-10,86.24720001220703,115.5199966430664,116.12999725341797,115.26000213623047,115.91999816894531,12183600
2015-06-11,88.06141662597656,117.94999694824219,117.97000122070312,116.23999786376953,116.55999755859375,13849300
2015-06-12,88.06141662597656,117.94999694824219,119.06999969482422,117.55000305175781,117.58999633789062,7863100
2015-06-15,88.20330047607422,118.13999938964844,119.05999755859375,117.73999786376953,118.88999938964844,8194200
2015-06-16,88.89759063720703,119.06999969482422,119.08000183105469,117.94000244140625,118.61000061035156,7046400
2015-06-17,88.21070098876953,118.1500015258789,118.62999725341797,117.25,118.5,13626100
2015-06-18,87.77767181396484,117.56999969482422,117.73999786376953,116.75,117.37000274658203,10123300
2015-06-19,88.90508270263672,119.08000183105469,119.19000244140625,118.48999786376953,118.51000213623047,10439200
2015-06-22,87.0908203125,116.6500015258789,118.13999938964844,116.58999633789062,117.83999633789062,9769000
2015-06-23,86.56817626953125,115.94999694824219,116.95999908447266,115.69000244140625,115.7300033569336,8945100
2015-06-24,87.31478881835938,116.94999694824219,117.16999816894531,116.16000366210938,116.51000213623047,8600400
2015-06-25,87.0086669921875,116.54000091552734,117.08000183105469,116.19000244140625,116.58999633789062,8287800
2015-06-26,86.0306167602539,115.2300033569336,115.87000274658203,114.87999725341797,115.66999816894531,11673000
2015-06-29,88.3078384399414,118.27999877929688,118.66999816894531,116.45999908447266,116.95999908447266,17132900
2015-06-30,87.69559478759766,117.45999908447266,118.69999694824219,117.33000183105469,117.4000015258789,13469000
2015-07-01,86.5118637084961,115.62000274658203,116.36000061035156,115.43000030517578,115.81999969482422,12451500
2015-07-02,86.79618072509766,116.0,116.66000366210938,115.87999725341797,116.31999969482422,6682100
2015-07-06,88.40491485595703,118.1500015258789,118.6500015258789,117.05999755859375,118.05000305175781,10605800
2015-07-07,89.23543548583984,119.26000213623047,120.48999786376953,118.94999694824219,119.66000366210938,16160100
2015-07-08,90.00614166259766,120.29000091552734,120.56999969482422,119.5,120.0199966430664,9951800
2015-07-09,88.23281860351562,117.91999816894531,119.12000274658203,117.8499984741211,118.69999694824219,11108900
2015-07-10,86.8336410522461,116.05000305175781,116.72000122070312,115.76000213623047,116.04000091552734,13636600
2015-07-13,86.56425476074219,115.69000244140625,116.45999908447266,115.38999938964844,115.38999938964844,8006700
2015-07-14,86.8485336303711,116.06999969482422,116.2699966430664,115.66000366210938,116.0199966430664,4227800
2015-07-15,87.76891326904297,117.30000305175781,117.55000305175781,116.04000091552734,116.11000061035156,8720400
2015-07-16,88.37496185302734,118.11000061035156,118.16000366210938,116.87000274658203,116.88999938964844,7306500
2015-07-17,88.8313980102539,118.72000122070312,118.88999938964844,118.36000061035156,118.37000274658203,7404900
2015-07-20,88.457275390625,118.22000122070312,118.6500015258789,117.9000015258789,118.29000091552734,5941000
2015-07-21,88.93614959716797,118.86000061035156,118.93000030517578,117.66000366210938,117.68000030517578,5627500
2015-07-22,89.48986053466797,119.5999984741211,119.9000015258789,118.94999694824219,119.01000213623047,6228900
2015-07-23,90.60472106933594,121.08999633789062,121.19999694824219,119.44999694824219,119.5999984741211,9087700
2015-07-24,90.82923126220703,121.38999938964844,121.55000305175781,120.91999816894531,121.5,7307900
2015-07-27,91.31555938720703,122.04000091552734,122.29000091552734,121.4800033569336,122.19000244140625,8172000
2015-07-28,90.649658203125,121.1500015258789,121.56999969482422,120.9000015258789,121.16000366210938,9128200
2015-07-29,90.31291961669922,120.69999694824219,121.16999816894531,120.41999816894531,121.0199966430664,6706400
2015-07-30,91.00883483886719,121.62999725341797,121.94000244140625,121.1500015258789,121.20999908447266,6146600
2015-07-31,91.68220520019531,122.52999877929688,122.9000015258789,122.05999755859375,122.44000244140625,9178400
2015-08-03,92.64732360839844,123.55000305175781,123.75,122.31999969482422,122.31999969482422,11753700
2015-08-04,91.91242980957031,122.56999969482422,123.31999969482422,122.45999908447266,123.16000366210938,6448800
2015-08-05,91.22248840332031,121.6500015258789,121.91000366210938,121.19000244140625,121.7699966430664,7574400
2015-08-06,92.03236389160156,122.7300033569336,122.87000274658203,122.0,122.0,6118100
2015-08-07,93.23970031738281,124.33999633789062,124.5,123.23999786376953,123.30000305175781,8317000
2015-08-10,92.08491516113281,122.80000305175781,123.56999969482422,122.5199966430664,123.41000366210938,7461700
2015-08-11,93.54712677001953,124.75,125.12999725341797,124.16000366210938,124.30000305175781,11145700
2015-08-12,93.0372543334961,124.06999969482422,125.70999908447266,124.0,124.93000030517578,8455200
2015-08-13,92.73725128173828,123.66999816894531,124.41999816894531,123.22000122070312,123.83000183105469,7691400
2015-08-14,92.95475006103516,123.95999908447266,124.37000274658203,123.19999694824219,123.47000122070312,4324700
2015-08-17,93.37466430664062,124.5199966430664,125.0999984741211,124.38999938964844,124.70999908447266,7880300
2015-08-18,92.63977813720703,123.54000091552734,124.29000091552734,123.37999725341797,123.80000305175781,5024300
2015-08-19,93.55465698242188,124.76000213623047,124.93000030517578,122.98999786376953,123.05999755859375,10736000
2015-08-20,94.49949645996094,126.0199966430664,126.0999984741211,125.18000030517578,125.37000274658203,9078300
2015-08-21,94.78446197509766,126.4000015258789,126.73999786376953,125.58999633789062,126.16000366210938,10718300
2015-08-24,94.75447845458984,126.36000061035156,128.9199981689453,125.81999969482422,128.30999755859375,16663400
2015-08-25,93.23219299316406,124.33000183105469,124.79000091552734,123.55999755859375,124.55000305175781,15354800
2015-08-26,91.4324722290039,121.93000030517578,123.51000213623047,121.36000061035156,123.0,16429900
2015-08-27,91.4849853515625,122.0,122.87000274658203,121.6500015258789,121.81999969482422,9127000
2015-08-28,91.75498962402344,122.36000061035156,123.47000122070312,122.2300033569336,123.1500015258789,9946200
2015-08-31,91.05007934570312,121.41999816894531,123.47000122070312,121.33999633789062,123.36000061035156,8617600
2015-09-01,91.70610046386719,122.02999877929688,122.08999633789062,120.9800033569336,121.63999938964844,15298200
2015-09-02,90.9170150756836,120.9800033569336,121.9800033569336,120.86000061035156,121.41999816894531,9515200
2015-09-03,91.36039733886719,121.56999969482422,121.66999816894531,120.70999908447266,121.37999725341797,7042500
2015-09-04,92.19461059570312,122.68000030517578,122.93000030517578,121.81999969482422,122.44999694824219,7951300
2015-09-08,90.8343505859375,120.87000274658203,121.55999755859375,120.76000213623047,121.37999725341797,7049500
2015-09-09,91.27025604248047,121.44999694824219,121.70999908447266,119.55999755859375,119.62999725341797,7441900
2015-09-10,90.65402221679688,120.62999725341797,121.19000244140625,120.44999694824219,121.0199966430664,6789700
2015-09-11,91.22518157958984,121.38999938964844,122.08000183105469,121.33000183105469,121.47000122070312,5890900
2015-09-14,91.36799621582031,121.58000183105469,122.1500015258789,121.27999877929688,121.94999694824219,4221700
2015-09-15,89.6169662475586,119.25,121.05000305175781,119.12000274658203,120.88999938964844,11895000
2015-09-16,89.27880096435547,118.80000305175781,119.44000244140625,118.55000305175781,118.95999908447266,6949800
2015-09-17,90.36841583251953,120.25,120.37000274658203,118.7300033569336,118.87999725341797,19843600
2015-09-18,91.75873565673828,122.0999984741211,122.19999694824219,121.12999725341797,121.20999908447266,14963300
2015-09-21,90.26323699951172,120.11000061035156,121.11000061035156,119.77999877929688,121.01000213623047,10085600
2015-09-22,91.51826477050781,121.77999877929688,122.38999938964844,121.13999938964844,121.44000244140625,9968200
2015-09-23,91.51079559326172,121.7699966430664,122.06999969482422,120.98999786376953,121.62000274658203,6769900
2015-09-24,92.13446807861328,122.5999984741211,123.68000030517578,122.48999786376953,123.16999816894531,9605800
2015-09-25,91.337890625,121.54000091552734,121.93000030517578,121.2699966430664,121.6500015258789,8383700
2015-09-28,92.9010238647461,123.62000274658203,123.7699966430664,122.19999694824219,122.19999694824219,9833400
2015-09-29,93.1640396118164,123.97000122070312,124.29000091552734,123.25,123.54000091552734,9006100
2015-09-30,92.84087371826172,123.54000091552734,123.80000305175781,123.12000274658203,123.41000366210938,9832600
2015-10-01,93.23698425292969,123.80999755859375,124.5199966430664,123.66000366210938,124.08000183105469,9069400
2015-10-02,93.80181884765625,124.55999755859375,126.20999908447266,124.18000030517578,125.58999633789062,13000400
2015-10-05,92.5291519165039,122.87000274658203,123.83000183105469,122.77999877929688,123.72000122070312,11362700
2015-10-06,92.92825317382812,123.4000015258789,123.5999984741211,122.41000366210938,122.55000305175781,5687800
2015-10-07,92.6195297241211,122.98999786376953,123.33000183105469,122.51000213623047,122.80999755859375,6712800
2015-10-08,91.84384155273438,121.95999908447266,123.37000274658203,121.66000366210938,123.29000091552734,12882300
2015-10-09,92.0848159790039,122.27999877929688,122.63999938964844,121.9000015258789,121.97000122070312,9038100
2015-10-12,92.78519439697266,123.20999908447266,123.43000030517578,122.91000366210938,123.02999877929688,4241000
2015-10-13,92.94332122802734,123.41999816894531,123.5999984741211,122.80000305175781,123.52999877929688,6147200
2015-10-14,93.75662231445312,124.5,124.55000305175781,123.30000305175781,123.69999694824219,9738100
2015-10-15,93.2972183227539,123.88999938964844,124.45999908447266,123.77999877929688,124.30999755859375,6924300
2015-10-16,93.32735443115234,123.93000030517578,124.47000122070312,123.87000274658203,124.25,8048300
2015-10-19,93.07134246826172,123.58999633789062,123.97000122070312,122.91000366210938,123.79000091552734,6238400
2015-10-20,92.4990234375,122.83000183105469,122.97000122070312,122.55000305175781,122.80000305175781,6431300
2015-10-21,93.41773986816406,124.05000305175781,124.22000122070312,123.47000122070312,123.61000061035156,6603800
2015-10-22,93.5759048461914,124.26000213623047,124.77999877929688,123.51000213623047,124.0999984741211,6934100
2015-10-23,92.77761840820312,123.19999694824219,123.45999908447266,122.8499984741211,123.0999984741211,7058200
2015-10-26,93.3951416015625,124.0199966430664,124.19999694824219,123.80999755859375,123.87000274658203,5859800
2015-10-27,93.62860870361328,124.33000183105469,124.9000015258789,124.16000366210938,124.51000213623047,7156800
2015-10-28,93.25208282470703,123.83000183105469,124.33999633789062,123.30000305175781,124.2699966430664,8468700
2015-10-29,91.7685546875,121.86000061035156,123.22000122070312,121.69999694824219,123.18000030517578,12108000
2015-10-30,92.4613037109375,122.77999877929688,122.80999755859375,122.0199966430664,122.23999786376953,11861400
2015-11-02,92.03640747070312,121.94999694824219,122.18000030517578,121.68000030517578,121.77999877929688,8751000
2015-11-03,91.28175354003906,120.94999694824219,121.73999786376953,120.79000091552734,121.6500015258789,8921600
2015-11-04,91.38740539550781,121.08999633789062,121.54000091552734,120.69999694824219,121.0999984741211,5980800
2015-11-05,91.14590454101562,120.7699966430664,121.05999755859375,120.30000305175781,121.05000305175781,7268400
2015-11-06,89.8100814819336,119.0,119.52999877929688,118.73999786376953,119.48999786376953,10604700
2015-11-09,89.30440521240234,118.33000183105469,118.9000015258789,118.0,118.0999984741211,9159500
2015-11-10,89.56857299804688,118.68000030517578,119.20999908447266,118.37999725341797,118.5,6712500
2015-11-11,89.37989044189453,118.43000030517578,118.58000183105469,118.2699966430664,118.3499984741211,2857900
2015-11-12,89.8100814819336,119.0,119.44000244140625,118.69999694824219,118.75,6805700
2015-11-13,90.32328796386719,119.68000030517578,119.9000015258789,119.22000122070312,119.31999969482422,7906600
2015-11-16,90.24024200439453,119.56999969482422,120.0,119.12999725341797,119.79000091552734,5485300
2015-11-17,90.39122772216797,119.7699966430664,120.12999725341797,118.66000366210938,119.0,5122900
2015-11-18,90.579833984375,120.0199966430664,120.19000244140625,119.36000061035156,119.58000183105469,5233900
2015-11-19,91.18365478515625,120.81999969482422,121.1500015258789,120.68000030517578,120.87999725341797,6643000
2015-11-20,90.90441131591797,120.44999694824219,121.04000091552734,120.27999877929688,120.93000030517578,5971000
2015-11-23,91.18365478515625,120.81999969482422,121.12000274658203,120.31999969482422,120.52999877929688,5436300
2015-11-24,91.17605590820312,120.80999755859375,121.19999694824219,120.58000183105469,120.9000015258789,3371500
2015-11-25,91.38740539550781,121.08999633789062,121.41999816894531,120.94999694824219,121.16999816894531,3280900
2015-11-27,91.2968521118164,120.97000122070312,121.31999969482422,120.95999908447266,121.25,2570600
2015-11-30,91.65908813476562,121.44999694824219,121.52999877929688,121.05999755859375,121.0999984741211,5179800
2015-12-01,92.89720916748047,122.83000183105469,122.8499984741211,121.26000213623047,121.26000213623047,12766600
2015-12-02,92.92745971679688,122.87000274658203,123.04000091552734,122.19000244140625,122.66000366210938,7345800
2015-12-03,90.40135955810547,119.52999877929688,121.4000015258789,118.98999786376953,121.36000061035156,16612200
2015-12-04,91.19546508789062,120.58000183105469,120.93000030517578,119.47000122070312,119.52999877929688,11843800
2015-12-07,92.08037567138672,121.75,122.45999908447266,120.80000305175781,120.80999755859375,9016700
2015-12-08,92.12576293945312,121.80999755859375,122.43000030517578,121.44999694824219,122.27999877929688,7257500
2015-12-09,92.02743530273438,121.68000030517578,122.1500015258789,120.51000213623047,121.3499984741211,8993900
2015-12-10,92.1484146118164,121.83999633789062,122.02999877929688,121.48999786376953,121.79000091552734,5606900
2015-12-11,93.60051727294922,123.76000213623047,124.0999984741211,122.87000274658203,123.02999877929688,12300000
2015-12-14,92.39043426513672,122.16000366210938,123.1500015258789,121.75,123.08000183105469,10661100
2015-12-15,91.84590911865234,121.44000244140625,121.5999984741211,120.83000183105469,121.0199966430664,8795500
2015-12-16,91.64923858642578,121.18000030517578,122.16999816894531,120.5,121.06999969482422,10988600
2015-12-17,92.68537902832031,122.55000305175781,122.77999877929688,121.63999938964844,121.77999877929688,9923000
2015-12-18,93.19971466064453,123.2300033569336,123.5199966430664,122.81999969482422,123.08000183105469,10171700
2015-12-21,93.17701721191406,123.19999694824219,123.77999877929688,122.91999816894531,123.43000030517578,7494900
2015-12-22,92.50387573242188,122.30999755859375,122.80000305175781,121.98999786376953,122.6500015258789,5445800
2015-12-23,91.80809783935547,121.38999938964844,121.61000061035156,120.87000274658203,121.2300033569336,7287100
2015-12-24,92.3341064453125,121.83000183105469,121.87000274658203,121.4000015258789,121.47000122070312,3364600
2015-12-28,92.60690307617188,122.19000244140625,122.66999816894531,121.8499984741211,121.98999786376953,7586600
2015-12-29,91.06836700439453,120.16000366210938,121.73999786376953,120.01000213623047,121.69000244140625,7787500
2015-12-30,90.9773941040039,120.04000091552734,120.54000091552734,119.66999816894531,119.91999816894531,5508900
2015-12-31,91.3866958618164,120.58000183105469,120.86000061035156,120.25,120.56999969482422,7897700
2016-01-04,92.04605102539062,121.44999694824219,122.44999694824219,121.31999969482422,121.93000030517578,10591900
2016-01-05,91.67469787597656,120.95999908447266,121.5,120.66000366210938,120.87999725341797,6242600
2016-01-06,92.91006469726562,122.58999633789062,122.62000274658203,122.05000305175781,122.30000305175781,8916900
2016-01-07,93.07681274414062,122.80999755859375,122.93000030517578,121.79000091552734,122.68000030517578,10202200
2016-01-08,93.49365997314453,123.36000061035156,123.47000122070312,122.2300033569336,122.43000030517578,9577200
2016-01-11,92.47045135498047,122.01000213623047,122.79000091552734,121.86000061035156,122.04000091552734,10040300
2016-01-12,93.80436706542969,123.7699966430664,124.31999969482422,122.1500015258789,122.33999633789062,12897700
2016-01-13,94.7290267944336,124.98999786376953,125.5,123.2699966430664,123.52999877929688,15577600
2016-01-14,93.84227752685547,123.81999969482422,124.97000122070312,123.33999633789062,124.47000122070312,12873800
2016-01-15,95.30496978759766,125.75,125.95999908447266,125.08000183105469,125.4000015258789,13976300
2016-01-19,95.00940704345703,125.36000061035156,126.06999969482422,124.94999694824219,125.12999725341797,8926600
2016-01-20,96.00982666015625,126.68000030517578,127.91999816894531,126.41999816894531,126.9800033569336,17283300
2016-01-21,95.3580551147461,125.81999969482422,127.29000091552734,125.66999816894531,126.94000244140625,11001600
2016-01-22,94.99427032470703,125.33999633789062,125.52999877929688,124.5199966430664,124.91000366210938,10164300
2016-01-25,95.5096435546875,126.0199966430664,126.2699966430664,125.6500015258789,125.94999694824219,5738200
2016-01-26,95.55512237548828,126.08000183105469,126.45999908447266,125.75,125.98999786376953,5692600
2016-01-27,95.53237915039062,126.05000305175781,126.29000091552734,125.19000244140625,125.75,7957800
2016-01-28,95.66876983642578,126.2300033569336,126.41000366210938,125.45999908447266,125.54000091552734,10575400
2016-01-29,96.47974395751953,127.30000305175781,127.86000061035156,126.91999816894531,127.41000366210938,13170700
2016-02-01,96.18433380126953,126.66999816894531,127.06999969482422,126.29000091552734,126.79000091552734,9948400
2016-02-02,97.96876525878906,129.02000427246094,129.0399932861328,128.0,128.10000610351562,10400000
2016-02-03,97.15631103515625,127.94999694824219,129.94000244140625,127.91999816894531,128.27999877929688,13309000
2016-02-04,97.62709045410156,128.57000732421875,128.58999633789062,127.51000213623047,128.22000122070312,9953500
2016-02-05,97.7409896850586,128.72000122070312,129.0,127.58999633789062,127.88999938964844,9200800
2016-02-08,99.84431457519531,131.49000549316406,131.6300048828125,129.67999267578125,129.72000122070312,14452200
2016-02-09,99.95066833496094,131.6300048828125,132.05999755859375,130.9600067138672,132.0399932861328,15232100
2016-02-10,100.83147430419922,132.7899932861328,132.83999633789062,131.11000061035156,131.6999969482422,12797100
2016-02-11,101.53760528564453,133.72000122070312,135.25,133.00999450683594,134.44000244140625,21620200
2016-02-12,99.85188293457031,131.5,133.1300048828125,130.92999267578125,132.63999938964844,13888400
2016-02-16,98.79644012451172,130.11000061035156,130.75,129.80999755859375,130.72000122070312,11766000
2016-02-17,98.18900299072266,129.30999755859375,129.8300018310547,128.7100067138672,129.63999938964844,13157300
2016-02-18,99.39630126953125,130.89999389648438,131.0,129.36000061035156,129.41000366210938,10196700
2016-02-19,99.4798355102539,131.00999450683594,131.82000732421875,130.72999572753906,130.94000244140625,8188700
2016-02-22,99.42667388916016,130.94000244140625,131.11000061035156,130.6999969482422,131.10000610351562,5054300
2016-02-23,99.82911682128906,131.47000122070312,131.74000549316406,129.77999877929688,129.8800048828125,8320700
2016-02-24,99.63174438476562,131.2100067138672,133.38999938964844,130.9499969482422,132.39999389648438,9091200
2016-02-25,99.9886245727539,131.67999267578125,132.55999755859375,131.32000732421875,131.47999572753906,6097200
2016-02-26,99.0242691040039,130.41000366210938,130.80999755859375,130.0399932861328,130.30999755859375,9245000
2016-02-29,99.45707702636719,130.97999572753906,131.1699981689453,130.4199981689453,130.47000122070312,8016100
2016-03-01,97.70574951171875,128.42999267578125,130.85000610351562,128.32000732421875,130.82000732421875,13729100
2016-03-02,98.1090087890625,128.9600067138672,128.97000122070312,128.2100067138672,128.32000732421875,7047700
2016-03-03,98.46653747558594,129.42999267578125,129.94000244140625,128.77000427246094,129.07000732421875,6394800
2016-03-04,97.83512115478516,128.60000610351562,129.1300048828125,127.76000213623047,128.75,8687000
2016-03-07,97.80465698242188,128.55999755859375,128.6699981689453,128.0500030517578,128.4499969482422,5493300
2016-03-08,98.88497924804688,129.97999572753906,130.99000549316406,129.9499969482422,130.35000610351562,7175400
2016-03-09,98.28399658203125,129.19000244140625,129.69000244140625,128.80999755859375,129.0800018310547,7194700
2016-03-10,97.88074493408203,128.66000366210938,129.83999633789062,127.91999816894531,129.5,10091600
2016-03-11,96.89176177978516,127.36000061035156,128.8800048828125,127.20999908447266,128.82000732421875,8927000
2016-03-14,97.196044921875,127.76000213623047,128.38999938964844,127.66000366210938,127.81999969482422,5177000
2016-03-15,97.28733825683594,127.87999725341797,128.66000366210938,127.61000061035156,128.5,6413200
2016-03-16,97.57642364501953,128.25999450683594,128.52000427246094,127.37000274658203,127.75,9728900
2016-03-17,97.97966766357422,128.7899932861328,129.33999633789062,128.49000549316406,128.50999450683594,7805500
2016-03-18,98.18508911132812,129.05999755859375,129.50999450683594,128.6999969482422,129.0399932861328,8198600
2016-03-21,97.4319076538086,128.07000732421875,128.6199951171875,127.75,128.25,5514800
2016-03-22,97.40907287597656,128.0399932861328,129.02000427246094,127.91999816894531,128.8300018310547,4997900
2016-03-23,98.51219177246094,129.49000549316406,129.82000732421875,128.2899932861328,128.41000366210938,10628200
2016-03-24,98.55023956298828,129.5399932861328,130.63999938964844,129.0,130.5800018310547,6343300
2016-03-28,98.67957305908203,129.7100067138672,130.16000366210938,129.27999877929688,129.3800048828125,5058700
2016-03-29,99.71418762207031,131.07000732421875,131.08999633789062,130.02000427246094,130.3800048828125,9396700
2016-03-30,98.66438293457031,129.69000244140625,130.07000732421875,128.97999572753906,130.02999877929688,8478700
2016-03-31,99.3642578125,130.61000061035156,130.80999755859375,129.7899932861328,129.97999572753906,7832300
2016-04-01,99.62342071533203,130.67999267578125,131.1300048828125,129.89999389648438,130.97999572753906,9341400
2016-04-04,99.68444061279297,130.75999450683594,130.97000122070312,130.27000427246094,130.7899932861328,5145100
2016-04-05,100.77458953857422,132.19000244140625,132.36000061035156,131.77999877929688,132.00999450683594,6482800
2016-04-06,100.04275512695312,131.22999572753906,131.6699981689453,130.74000549316406,131.52999877929688,6393700
2016-04-07,101.27778625488281,132.85000610351562,132.99000549316406,132.00999450683594,132.19000244140625,5963300
2016-04-08,100.63737487792969,132.00999450683594,132.39999389648438,131.63999938964844,132.1699981689453,5584800
2016-04-11,100.50784301757812,131.83999633789062,132.17999267578125,131.11000061035156,131.32000732421875,4805500
2016-04-12,99.81401824951172,130.92999267578125,131.5500030517578,130.52999877929688,131.0800018310547,4276000
2016-04-13,100.16473388671875,131.38999938964844,131.5800018310547,130.52000427246094,130.69000244140625,5207900
2016-04-14,99.68444061279297,130.75999450683594,131.30999755859375,130.49000549316406,130.91000366210938,6967000
2016-04-15,100.53827667236328,131.8800048828125,132.16000366210938,131.25,131.2899932861328,5831100
2016-04-18,100.10372161865234,131.30999755859375,131.44000244140625,130.66000366210938,131.3300018310547,4486600
2016-04-19,99.79119110107422,130.89999389648438,131.30999755859375,130.2899932861328,131.0800018310547,5212200
2016-04-20,98.69342041015625,129.4600067138672,131.64999389648438,129.27000427246094,131.16000366210938,10920700
2016-04-21,98.10638427734375,128.69000244140625,129.07000732421875,128.2899932861328,128.44000244140625,11154200
2016-04-22,97.85479736328125,128.36000061035156,128.91000366210938,128.24000549316406,128.85000610351562,5826400
2016-04-25,97.4507827758789,127.83000183105469,128.52000427246094,127.83000183105469,128.05999755859375,5539500
2016-04-26,97.00862884521484,127.25,127.76000213623047,127.12000274658203,127.76000213623047,7840000
2016-04-27,97.976806640625,128.52000427246094,128.82000732421875,127.62000274658203,127.91999816894531,8380100
2016-04-28,98.38084411621094,129.0500030517578,129.13999938964844,128.0399932861328,128.2100067138672,7974600
2016-04-29,98.63243103027344,129.3800048828125,129.7100067138672,128.1999969482422,128.4499969482422,7416300
2016-05-02,97.63934326171875,127.81999969482422,128.89999389648438,127.80000305175781,128.66000366210938,11035200
2016-05-03,98.86923217773438,129.42999267578125,130.02000427246094,129.35000610351562,129.5500030517578,10736700
2016-05-04,99.41155242919922,130.13999938964844,130.1699981689453,129.19000244140625,129.67999267578125,7211200
2016-05-05,100.07611846923828,131.00999450683594,131.07000732421875,129.6999969482422,130.05999755859375,7870400
2016-05-06,99.6483154296875,130.4499969482422,130.86000061035156,130.2899932861328,130.85000610351562,7232500
2016-05-09,99.96153259277344,130.86000061035156,130.88999938964844,130.32000732421875,130.4600067138672,4950800
2016-05-10,99.96920013427734,130.8699951171875,131.1199951171875,130.64999389648438,130.85000610351562,4331900
2016-05-11,100.53446197509766,131.61000061035156,132.0,130.66000366210938,130.8300018310547,9256000
2016-05-12,100.07611846923828,131.00999450683594,131.1699981689453,130.58999633789062,130.66000366210938,6087400
2016-05-13,101.04630279541016,132.27999877929688,132.32000732421875,131.22999572753906,131.47999572753906,8707300
2016-05-16,100.17542266845703,131.13999938964844,131.66000366210938,130.97999572753906,131.63999938964844,5137000
2016-05-17,100.34352111816406,131.36000061035156,131.8300018310547,131.2100067138672,131.2100067138672,4449100
2016-05-18,98.9150161743164,129.49000549316406,130.85000610351562,128.91000366210938,130.80999755859375,12681000
2016-05-19,99.34281158447266,130.0500030517578,130.3300018310547,129.64999389648438,129.67999267578125,6209400
2016-05-20,99.419189453125,130.14999389648438,130.39999389648438,129.5500030517578,129.64999389648438,5348900
2016-05-23,99.64073944091797,130.44000244140625,130.72999572753906,129.9199981689453,130.36000061035156,6979700
2016-05-24,99.19767761230469,129.86000061035156,130.19000244140625,129.24000549316406,129.97000122070312,5968200
2016-05-25,98.82334899902344,129.3699951171875,130.25,129.30999755859375,129.8300018310547,6367400
2016-05-26,99.33516693115234,130.0399932861328,130.4499969482422,129.8000030517578,129.80999755859375,5419300
2016-05-27,99.19001770019531,129.85000610351562,130.25999450683594,129.6999969482422,130.07000732421875,5267600
2016-05-31,99.42689514160156,130.16000366210938,130.44000244140625,128.97999572753906,129.02000427246094,8344300
2016-06-01,99.83024597167969,130.4199981689453,131.27000427246094,130.11000061035156,130.6300048828125,9874900
2016-06-02,100.54981994628906,131.36000061035156,131.69000244140625,130.8699951171875,130.89999389648438,5835400
2016-06-03,101.9811782836914,133.22999572753906,133.22999572753906,132.60000610351562,132.86000061035156,11077200
2016-06-06,101.22335815429688,132.24000549316406,132.88999938964844,132.10000610351562,132.77999877929688,7573700
2016-06-07,101.4682846069336,132.55999755859375,132.97999572753906,132.5399932861328,132.63999938964844,4680200
2016-06-08,102.01177978515625,133.27000427246094,133.42999267578125,132.7100067138672,132.8699951171875,5313200
2016-06-09,102.6700668334961,134.1300048828125,134.5399932861328,133.92999267578125,134.32000732421875,6820300
2016-06-10,103.16759490966797,134.77999877929688,135.3300018310547,134.25999450683594,134.7899932861328,6984600
2016-06-13,103.62687683105469,135.3800048828125,135.38999938964844,134.77000427246094,135.08999633789062,7283300
2016-06-14,103.55038452148438,135.27999877929688,136.22000122070312,135.22000122070312,136.19000244140625,9012500
2016-06-15,103.94834899902344,135.8000030517578,136.22999572753906,135.30999755859375,135.52000427246094,7953200
2016-06-16,104.4535140991211,136.4600067138672,137.55999755859375,136.17999267578125,136.74000549316406,10372700
2016-06-17,103.80294036865234,135.61000061035156,136.27000427246094,135.25999450683594,136.1999969482422,8489900
2016-06-20,102.69302368164062,134.16000366210938,134.5500030517578,134.00999450683594,134.24000549316406,7365900
2016-06-21,102.21843719482422,133.5399932861328,134.5800018310547,133.4600067138672,134.2899932861328,6005800
2016-06-22,102.38685607910156,133.75999450683594,133.99000549316406,133.25,133.5,5773700
2016-06-23,101.21569061279297,132.22999572753906,133.32000732421875,132.0800018310547,132.61000061035156,9029100
2016-06-24,103.93309020996094,135.77999877929688,136.61000061035156,135.3000030517578,136.61000061035156,17155000
2016-06-27,106.52788543701172,139.1699981689453,139.58999633789062,138.39999389648438,138.44000244140625,16577100
2016-06-28,106.74989318847656,139.4600067138672,139.89999389648438,138.8800048828125,139.44000244140625,14006400
2016-06-29,105.93093872070312,138.38999938964844,140.1300048828125,138.25999450683594,139.67999267578125,12999800
2016-06-30,106.32129669189453,138.89999389648438,139.94000244140625,138.08999633789062,138.80999755859375,14698500
2016-07-01,107.79749298095703,140.57000732421875,140.82000732421875,139.19000244140625,140.80999755859375,15430200
2016-07-05,109.14712524414062,142.3300018310547,142.91000366210938,141.6999969482422,141.85000610351562,8840800
2016-07-06,109.323486328125,142.55999755859375,143.0,141.9600067138672,142.7899932861328,14352800
2016-07-07,109.31584930419922,142.5500030517578,143.19000244140625,141.77999877929688,142.08999633789062,9676400
2016-07-08,110.12108612060547,143.60000610351562,143.6199951171875,142.36000061035156,142.9199981689453,10355300
2016-07-11,109.15485382080078,142.33999633789062,143.47000122070312,142.24000549316406,143.0500030517578,8099000
2016-07-12,107.3603744506836,140.0,140.86000061035156,139.63999938964844,140.4199981689453,15810600
2016-07-13,108.62567138671875,141.64999389648438,141.77000427246094,140.9499969482422,141.3699951171875,8181700
2016-07-14,107.04596710205078,139.58999633789062,139.83999633789062,139.08999633789062,139.27999877929688,10817000
2016-07-15,106.12577819824219,138.38999938964844,139.11000061035156,138.17999267578125,138.88999938964844,9958600
2016-07-18,106.02605438232422,138.25999450683594,139.25999450683594,137.72999572753906,139.07000732421875,5955900
2016-07-19,106.6241455078125,139.0399932861328,139.30999755859375,138.39999389648438,138.94000244140625,8073900
2016-07-20,106.04134368896484,138.27999877929688,138.50999450683594,137.91000366210938,138.22999572753906,6942500
2016-07-21,106.25613403320312,138.55999755859375,138.6199951171875,136.99000549316406,137.0399932861328,10398400
2016-07-22,106.44013214111328,138.8000030517578,139.24000549316406,137.8699951171875,137.92999267578125,5811400
2016-07-25,106.3634262084961,138.6999969482422,139.25999450683594,138.58999633789062,138.94000244140625,4243800
2016-07-26,106.53215026855469,138.9199981689453,139.52000427246094,138.4600067138672,139.52000427246094,5243400
2016-07-27,107.85883331298828,140.64999389648438,140.64999389648438,139.39999389648438,139.5500030517578,8508100
2016-07-28,107.65941619873047,140.38999938964844,140.83999633789062,139.7100067138672,139.8000030517578,7336100
2016-07-29,108.55665588378906,141.55999755859375,141.67999267578125,140.22000122070312,140.4499969482422,8766700
2016-08-01,107.37969207763672,139.77000427246094,140.5,139.61000061035156,139.77999877929688,9809300
2016-08-02,106.2733154296875,138.3300018310547,139.25999450683594,137.5,137.8300018310547,10051200
2016-08-03,106.33492279052734,138.41000366210938,138.77999877929688,137.91000366210938,138.60000610351562,4930600
2016-08-04,107.13385009765625,139.4499969482422,140.16000366210938,139.27000427246094,139.4600067138672,5646000
2016-08-05,106.0198974609375,138.0,139.17999267578125,137.82000732421875,139.0500030517578,7778600
2016-08-08,106.21958923339844,138.25999450683594,138.5399932861328,137.32000732421875,137.60000610351562,5185200
2016-08-09,107.26447296142578,139.6199951171875,139.72000122070312,138.6199951171875,138.7100067138672,5503200
2016-08-10,107.67931365966797,140.16000366210938,140.50999450683594,139.47000122070312,139.89999389648438,5843500
2016-08-11,106.71903228759766,138.91000366210938,140.0800018310547,138.5399932861328,140.05999755859375,7624600
2016-08-12,107.61784362792969,140.0800018310547,140.86000061035156,139.8699951171875,140.41000366210938,7989600
2016-08-15,106.60376739501953,138.75999450683594,139.6300048828125,138.75,139.33999633789062,5108600
2016-08-16,106.31952667236328,138.38999938964844,139.14999389648438,138.22999572753906,138.97999572753906,6182700
2016-08-17,106.95713806152344,139.22000122070312,139.44000244140625,138.5,138.6300048828125,5002000
2016-08-18,107.12617492675781,139.44000244140625,139.75999450683594,138.7899932861328,139.1999969482422,3805200
2016-08-19,106.56529998779297,138.7100067138672,139.0500030517578,138.10000610351562,138.63999938964844,5516300
2016-08-22,107.4642105102539,139.8800048828125,140.13999938964844,139.3699951171875,139.64999389648438,5549700
2016-08-23,107.57946014404297,140.02999877929688,140.58999633789062,139.6699981689453,140.27000427246094,6841400
2016-08-24,107.32589721679688,139.6999969482422,140.19000244140625,139.38999938964844,140.10000610351562,6027800
2016-08-25,106.9186782836914,139.1699981689453,139.77999877929688,138.9600067138672,139.25999450683594,5855500
2016-08-26,106.29645538330078,138.36000061035156,140.69000244140625,138.22000122070312,139.72999572753906,12962500
2016-08-29,107.71770477294922,140.2100067138672,140.35000610351562,139.2100067138672,139.3800048828125,7310400
2016-08-30,107.30282592773438,139.6699981689453,140.25999450683594,139.6699981689453,140.1699981689453,5161800
2016-08-31,107.45649719238281,139.8699951171875,140.1699981689453,139.33999633789062,139.66000366210938,7349700
2016-09-01,107.5750503540039,139.77000427246094,140.10000610351562,138.57000732421875,138.6199951171875,9149100
2016-09-02,106.6976318359375,138.6300048828125,139.0500030517578,138.1699981689453,138.9600067138672,8397000
2016-09-06,107.4749984741211,139.63999938964844,140.0800018310547,138.50999450683594,138.7100067138672,8542600
2016-09-07,107.39804077148438,139.5399932861328,140.4199981689453,139.5399932861328,140.3699951171875,5421800
2016-09-08,106.05113220214844,137.7899932861328,139.27000427246094,137.25999450683594,138.86000061035156,14301500
2016-09-09,104.30398559570312,135.52000427246094,136.1199951171875,135.41000366210938,136.07000732421875,13347700
2016-09-12,104.35787200927734,135.58999633789062,135.8300018310547,135.16000366210938,135.32000732421875,9096600
2016-09-13,103.17263793945312,134.0500030517578,136.0,133.36000061035156,135.8699951171875,15645400
2016-09-14,103.32653045654297,134.25,134.91000366210938,134.0500030517578,134.0500030517578,7037700
2016-09-15,102.88016510009766,133.6699981689453,134.0500030517578,133.02999877929688,133.61000061035156,9874500
2016-09-16,103.71133422851562,134.75,134.80999755859375,134.22000122070312,134.5800018310547,7507900
2016-09-19,103.3726806640625,134.30999755859375,134.8699951171875,134.25,134.52000427246094,7105900
2016-09-20,103.7344741821289,134.77999877929688,135.5800018310547,134.6699981689453,135.14999389648438,6054800
2016-09-21,104.57340240478516,135.8699951171875,135.88999938964844,134.17999267578125,134.60000610351562,10698100
2016-09-22,105.40460968017578,136.9499969482422,137.2899932861328,136.5,136.6699981689453,12426200
2016-09-23,105.30453491210938,136.82000732421875,137.33999633789062,136.7100067138672,137.02999877929688,5928800
2016-09-26,105.97412109375,137.69000244140625,137.8300018310547,137.02000427246094,137.07000732421875,8661300
2016-09-27,106.7514877319336,138.6999969482422,138.8000030517578,137.9499969482422,138.58999633789062,9450400
2016-09-28,106.52056884765625,138.39999389648438,139.14999389648438,138.22000122070312,138.5,7958700
2016-09-29,106.78999328613281,138.75,139.07000732421875,137.4499969482422,137.55999755859375,8319800
2016-09-30,105.83557891845703,137.50999450683594,138.63999938964844,136.8699951171875,138.5500030517578,11747100
2016-10-03,105.48633575439453,136.80999755859375,137.77000427246094,136.75999450683594,137.67999267578125,7588800
2016-10-04,104.252685546875,135.2100067138672,136.83999633789062,135.16000366210938,136.6199951171875,12048700
2016-10-05,103.76687622070312,134.5800018310547,135.0800018310547,134.1199951171875,135.02000427246094,8917700
2016-10-06,103.18865966796875,133.8300018310547,134.69000244140625,133.67999267578125,133.97000122070312,7839900
2016-10-07,103.25801849365234,133.9199981689453,134.2899932861328,133.08999633789062,133.92999267578125,9953200
2016-10-10,102.64887237548828,133.1300048828125,133.16000366210938,132.50999450683594,132.85000610351562,6089100
2016-10-11,102.4176025390625,132.8300018310547,133.5500030517578,132.57000732421875,132.86000061035156,9670400
2016-10-12,102.51787567138672,132.9600067138672,133.02000427246094,132.24000549316406,132.6699981689453,7582400
2016-10-13,102.9033432006836,133.4600067138672,133.92999267578125,133.3699951171875,133.63999938964844,7080600
2016-10-14,101.46148681640625,131.58999633789062,132.9499969482422,131.52999877929688,132.27000427246094,11415100
2016-10-17,102.1091537475586,132.42999267578125,132.74000549316406,132.08999633789062,132.10000610351562,10595900
2016-10-18,102.44068145751953,132.86000061035156,132.88999938964844,131.8300018310547,131.86000061035156,7151000
2016-10-19,102.5255126953125,132.97000122070312,133.27000427246094,132.32000732421875,132.3699951171875,6941300
2016-10-20,102.63346862792969,133.11000061035156,133.75,132.89999389648438,133.63999938964844,6082300
2016-10-21,102.78768920898438,133.30999755859375,133.72000122070312,132.8699951171875,133.52000427246094,9222700
2016-10-24,102.34046936035156,132.72999572753906,133.4499969482422,132.2899932861328,133.41000366210938,6507500
2016-10-25,102.6103515625,133.0800018310547,133.55999755859375,132.49000549316406,132.52999877929688,5134700
2016-10-26,101.91636657714844,132.17999267578125,132.8000030517578,131.99000549316406,132.4600067138672,5842500
2016-10-27,100.80610656738281,130.74000549316406,131.07000732421875,130.05999755859375,131.07000732421875,10044700
2016-10-28,100.58251190185547,130.4499969482422,130.92999267578125,130.3300018310547,130.38999938964844,7541000
2016-10-31,101.19933319091797,131.25,131.2899932861328,130.7100067138672,130.88999938964844,7047500
2016-11-01,101.20702362060547,131.00999450683594,131.60000610351562,129.8800048828125,130.16000366210938,12622400
2016-11-02,101.64739227294922,131.5800018310547,132.11000061035156,131.02999877929688,131.3000030517578,8666200
2016-11-03,100.86714172363281,130.57000732421875,131.0500030517578,130.44000244140625,130.75,6085400
2016-11-04,101.77100372314453,131.74000549316406,131.7899932861328,131.1300048828125,131.27000427246094,7622600
2016-11-07,100.90577697753906,130.6199951171875,131.0,130.44000244140625,130.75,5386700
2016-11-08,100.4963607788086,130.08999633789062,131.2100067138672,129.7100067138672,131.02000427246094,7576500
2016-11-09,96.23204803466797,124.56999969482422,127.37000274658203,124.22000122070312,127.22000122070312,31233500
2016-11-10,94.8106460571289,122.7300033569336,124.95999908447266,122.72000122070312,123.97000122070312,22961200
2016-11-11,94.27764129638672,122.04000091552734,123.05000305175781,121.6500015258789,122.95999908447266,10040200
2016-11-14,93.71368408203125,121.30999755859375,122.66000366210938,120.7300033569336,121.27999877929688,21174400
2016-11-15,94.17721557617188,121.91000366210938,122.80999755859375,121.77999877929688,122.22000122070312,11963700
2016-11-16,95.0269546508789,123.01000213623047,123.13999938964844,122.16999816894531,122.30000305175781,9149500
2016-11-17,93.62870788574219,121.19999694824219,122.11000061035156,120.98999786376953,121.94999694824219,11221600
2016-11-18,93.35831451416016,120.8499984741211,121.97000122070312,120.33999633789062,121.62999725341797,13577700
2016-11-21,93.5901107788086,121.1500015258789,121.4800033569336,120.88999938964844,121.20999908447266,6488100
2016-11-22,93.55915069580078,121.11000061035156,121.76000213623047,120.87999725341797,121.66000366210938,9989900
2016-11-23,93.19607543945312,120.63999938964844,120.91000366210938,119.25,119.98999786376953,13563500
2016-11-25,93.33515167236328,120.81999969482422,121.29000091552734,120.4000015258789,121.19000244140625,3126300
2016-11-28,94.02266693115234,121.70999908447266,121.7300033569336,121.08999633789062,121.41000366210938,8555000
2016-11-29,94.41661834716797,122.22000122070312,122.4000015258789,121.20999908447266,121.44000244140625,8363000
2016-11-30,92.88712310791016,120.23999786376953,121.01000213623047,119.4800033569336,119.97000122070312,21163500
2016-12-01,91.90633392333984,118.7300033569336,118.98999786376953,117.63999938964844,118.51000213623047,21715700
2016-12-02,92.57977294921875,119.5999984741211,120.20999908447266,119.13999938964844,119.16999816894531,12487500
2016-12-05,92.47913360595703,119.47000122070312,120.4000015258789,118.44999694824219,118.93000030517578,12100100
2016-12-06,92.40950012207031,119.37999725341797,119.94000244140625,119.12000274658203,119.33999633789062,11526600
2016-12-07,93.19905090332031,120.4000015258789,120.62000274658203,119.81999969482422,119.81999969482422,10392200
2016-12-08,92.09983825683594,118.9800033569336,119.30999755859375,118.77999877929688,119.1500015258789,12041100
2016-12-09,90.95421600341797,117.5,118.86000061035156,117.27999877929688,118.63999938964844,14646400
2016-12-12,91.12449645996094,117.72000122070312,117.80000305175781,116.87999725341797,117.2699966430664,9496300
2016-12-13,91.44964599609375,118.13999938964844,118.48999786376953,117.44000244140625,118.4000015258789,12189200
2016-12-14,90.42780303955078,116.81999969482422,119.20999908447266,116.80000305175781,119.08000183105469,16618400
2016-12-15,90.88460540771484,117.41000366210938,118.29000091552734,117.02999877929688,117.55999755859375,12400500
2016-12-16,90.67552185058594,117.13999938964844,117.91999816894531,116.80000305175781,117.61000061035156,14924600
2016-12-19,91.65090942382812,118.4000015258789,118.58000183105469,117.73999786376953,117.9800033569336,10868300
2016-12-20,91.19417572021484,117.80999755859375,117.9000015258789,117.37999725341797,117.62999725341797,7030600
2016-12-21,91.59671020507812,118.33000183105469,118.4000015258789,117.7300033569336,117.91999816894531,4624700
2016-12-22,91.43295288085938,117.80999755859375,118.0,117.5,117.52999877929688,5177800
2016-12-23,91.61923217773438,118.05000305175781,118.38999938964844,117.94999694824219,118.23999786376953,4461600
2016-12-27,91.32430267333984,117.66999816894531,117.69999694824219,117.2300033569336,117.41999816894531,5276600
2016-12-28,91.99175262451172,118.52999877929688,118.87999725341797,117.69999694824219,117.86000061035156,7578600
2016-12-29,92.31768035888672,118.94999694824219,119.2699966430664,118.66000366210938,118.80000305175781,8581400
2016-12-30,92.45738983154297,119.12999725341797,119.6500015258789,118.72000122070312,118.77999877929688,10613900
2017-01-03,92.85319519042969,119.63999938964844,119.98999786376953,118.18000030517578,118.41000366210938,13217300
2017-01-04,93.210205078125,120.0999984741211,120.23999786376953,119.44999694824219,119.76000213623047,6699600
2017-01-05,94.6693115234375,121.9800033569336,122.02999877929688,120.16999816894531,120.44999694824219,13265800
2017-01-06,93.800048828125,120.86000061035156,121.54000091552734,120.75,121.12999725341797,8369300
2017-01-09,94.55286407470703,121.83000183105469,122.0,121.45999908447266,121.87999725341797,8839100
2017-01-10,94.49077606201172,121.75,121.91000366210938,121.27999877929688,121.55000305175781,8417900
2017-01-11,94.80901336669922,122.16000366210938,122.69000244140625,121.41000366210938,121.94000244140625,9402500
2017-01-12,94.5994644165039,121.88999938964844,123.13999938964844,121.83000183105469,122.80000305175781,9977600
2017-01-13,94.14933013916016,121.30999755859375,121.75,120.62000274658203,121.33000183105469,9820000
2017-01-17,95.13497924804688,122.58000183105469,122.94000244140625,121.98999786376953,122.80999755859375,7853300
2017-01-18,93.91642761230469,121.01000213623047,121.95999908447266,120.91000366210938,121.7699966430664,9064700
2017-01-19,93.27232360839844,120.18000030517578,120.58000183105469,119.55000305175781,120.48999786376953,11795600
2017-01-20,93.0860595703125,119.94000244140625,120.30999755859375,119.29000091552734,119.83999633789062,16953200
2017-01-23,94.0173568725586,121.13999938964844,121.87000274658203,120.0199966430664,120.33999633789062,13118400
2017-01-24,93.37321472167969,120.30999755859375,121.12999725341797,119.80000305175781,120.7699966430664,8395000
2017-01-25,92.20128631591797,118.80000305175781,119.5999984741211,118.55999755859375,119.27999877929688,11115100
2017-01-26,92.51172637939453,119.19999694824219,119.26000213623047,118.33000183105469,118.91000366210938,7827900
2017-01-27,92.845458984375,119.62999725341797,119.83000183105469,119.25,119.4000015258789,7197800
2017-01-30,92.5660400390625,119.2699966430664,119.87999725341797,119.19999694824219,119.44000244140625,6569500
2017-01-31,93.210205078125,120.0999984741211,120.4000015258789,119.25,119.33000183105469,13298500
2017-02-01,92.63390350341797,119.0999984741211,119.52999877929688,118.58000183105469,119.0999984741211,10975500
2017-02-02,92.59500885009766,119.05000305175781,120.13999938964844,119.0,119.93000030517578,6978600
2017-02-03,92.55610656738281,119.0,119.87000274658203,118.47000122070312,119.44000244140625,10275600
2017-02-06,93.11609649658203,119.72000122070312,120.12999725341797,119.12000274658203,119.76000213623047,8433800
2017-02-07,93.80058288574219,120.5999984741211,121.01000213623047,119.47000122070312,119.77999877929688,8418400
2017-02-08,95.07613372802734,122.23999786376953,122.2699966430664,121.41000366210938,121.41999816894531,15734200
2017-02-09,93.9794692993164,120.83000183105469,121.58999633789062,120.66000366210938,121.41000366210938,16890600
2017-02-10,93.92501831054688,120.76000213623047,120.94999694824219,120.11000061035156,120.11000061035156,7978500
2017-02-13,93.62943267822266,120.37999725341797,120.41000366210938,119.87999725341797,120.25,11536800
2017-02-14,92.95279693603516,119.51000213623047,120.30000305175781,118.83000183105469,120.23999786376953,13210500
2017-02-15,92.52499389648438,118.95999908447266,119.22000122070312,118.6500015258789,118.76000213623047,8481000
2017-02-16,93.03055572509766,119.61000061035156,120.20999908447266,119.12000274658203,119.22000122070312,10005800
2017-02-17,93.58277893066406,120.31999969482422,120.69999694824219,120.12999725341797,120.61000061035156,7886400
2017-02-21,93.41946411132812,120.11000061035156,120.61000061035156,119.5999984741211,119.68000030517578,8703800
2017-02-22,93.57498931884766,120.30999755859375,120.81999969482422,119.58999633789062,120.80000305175781,8101500
2017-02-23,93.8550033569336,120.66999816894531,120.73999786376953,120.33000183105469,120.56999969482422,5330800
2017-02-24,94.897216796875,122.01000213623047,122.13999938964844,121.26000213623047,121.3499984741211,11336000
2017-02-27,94.33724975585938,121.29000091552734,121.9000015258789,121.2300033569336,121.80999755859375,11039800
2017-02-28,94.68721008300781,121.73999786376953,122.08000183105469,121.31999969482422,121.5,8410500
2017-03-01,93.10063171386719,119.47000122070312,119.55000305175781,118.94999694824219,119.44000244140625,10717100
2017-03-02,92.76549530029297,119.04000091552734,119.20999908447266,118.62000274658203,119.01000213623047,8201200
2017-03-03,93.00712585449219,119.3499984741211,119.3499984741211,118.55000305175781,119.2300033569336,9515200
2017-03-06,92.56291198730469,118.77999877929688,119.12000274658203,118.5199966430664,119.12000274658203,4489200
2017-03-07,92.28240203857422,118.41999816894531,118.68000030517578,118.25,118.4800033569336,7080100
2017-03-08,91.7835922241211,117.77999877929688,117.94999694824219,117.2300033569336,117.30999755859375,11336300
2017-03-09,91.05113983154297,116.83999633789062,117.4800033569336,116.7699966430664,117.33999633789062,10575400
2017-03-10,91.37062072753906,117.25,117.31999969482422,116.68000030517578,117.13999938964844,9218500
2017-03-13,90.79395294189453,116.51000213623047,117.08999633789062,116.48999786376953,116.83000183105469,6993100
2017-03-14,91.23033905029297,117.06999969482422,117.3499984741211,116.70999908447266,116.7699966430664,9869200
2017-03-15,92.34468841552734,118.5,118.83000183105469,117.43000030517578,117.55999755859375,14600500
2017-03-16,91.87715148925781,117.9000015258789,118.1500015258789,117.62999725341797,117.98999786376953,8018200
2017-03-17,92.45381927490234,118.63999938964844,118.75,118.02999877929688,118.11000061035156,7266800
2017-03-20,92.85123443603516,119.1500015258789,119.2300033569336,118.5,118.55000305175781,5497800
2017-03-21,93.62275695800781,120.13999938964844,120.30000305175781,119.0199966430664,119.05000305175781,12540700
2017-03-22,93.99679565429688,120.62000274658203,121.16999816894531,120.43000030517578,120.72000122070312,11661400
2017-03-23,93.86430358886719,120.44999694824219,121.0199966430664,120.05999755859375,120.83000183105469,6746500
2017-03-24,94.19940185546875,120.87999725341797,121.0999984741211,120.4000015258789,120.52999877929688,5819600
2017-03-27,94.62801361083984,121.43000030517578,121.97000122070312,121.19000244140625,121.83000183105469,6878500
2017-03-28,93.99679565429688,120.62000274658203,121.81999969482422,120.48999786376953,121.79000091552734,6811200
2017-03-29,94.55784606933594,121.33999633789062,121.37999725341797,120.87999725341797,120.94000244140625,6291000
2017-03-30,93.794189453125,120.36000061035156,121.08999633789062,120.31999969482422,121.06999969482422,7042400
2017-03-31,94.0669174194336,120.70999908447266,120.80999755859375,120.20999908447266,120.27999877929688,5144800
2017-04-03,95.0157699584961,121.66999816894531,121.87000274658203,120.4000015258789,120.44999694824219,12996500
2017-04-04,94.50033569335938,121.01000213623047,121.58999633789062,120.94999694824219,121.37000274658203,6976700
2017-04-05,94.78927612304688,121.37999725341797,121.5199966430664,120.36000061035156,120.55999755859375,8555200
2017-04-06,94.64869689941406,121.19999694824219,121.41000366210938,120.5199966430664,121.23999786376953,6497000
2017-04-07,94.26603698730469,120.70999908447266,122.25,120.69000244140625,121.83999633789062,10270000
2017-04-10,94.70335388183594,121.2699966430664,121.62000274658203,121.0,121.13999938964844,5314500
2017-04-11,95.6014175415039,122.41999816894531,122.6500015258789,121.72000122070312,121.80000305175781,11297400
2017-04-12,96.12469482421875,123.08999633789062,123.19000244140625,122.29000091552734,122.51000213623047,11532500
2017-04-13,96.42141723632812,123.47000122070312,123.73999786376953,122.91000366210938,123.44999694824219,8396700
2017-04-17,96.12469482421875,123.08999633789062,123.55000305175781,122.86000061035156,123.45999908447266,8015000
2017-04-18,97.38200378417969,124.69999694824219,124.9800033569336,123.55000305175781,123.86000061035156,11529700
2017-04-19,96.85091400146484,124.0199966430664,124.16999816894531,123.69999694824219,124.0999984741211,7344000
2017-04-20,96.47612762451172,123.54000091552734,123.91999816894531,123.13999938964844,123.5199966430664,7932900
2017-04-21,96.47612762451172,123.54000091552734,124.23999786376953,123.48999786376953,123.81999969482422,9798500
2017-04-24,95.99971008300781,122.93000030517578,123.16000366210938,122.45999908447266,122.55000305175781,8066400
2017-04-25,94.8439712524414,121.44999694824219,122.45999908447266,121.37999725341797,122.20999908447266,8122300
2017-04-26,95.36719512939453,122.12000274658203,122.13999938964844,121.43000030517578,121.5199966430664,5766200
2017-04-27,95.3359146118164,122.08000183105469,122.3499984741211,121.58000183105469,121.75,4978300
2017-04-28,95.54679870605469,122.3499984741211,122.44000244140625,121.55000305175781,121.5999984741211,8166300
2017-05-01,94.75249481201172,121.08000183105469,122.13999938964844,120.70999908447266,121.69000244140625,8795900
2017-05-02,95.23765563964844,121.69999694824219,121.77999877929688,120.94000244140625,120.97000122070312,6727800
2017-05-03,95.30030059814453,121.77999877929688,122.38999938964844,121.55000305175781,122.22000122070312,8932900
2017-05-04,94.83074951171875,121.18000030517578,121.22000122070312,120.66999816894531,121.01000213623047,9707200
2017-05-05,94.9168472290039,121.29000091552734,121.47000122070312,120.88999938964844,121.37999725341797,5605400
2017-05-08,94.4003677368164,120.62999725341797,121.13999938964844,120.52999877929688,121.11000061035156,8057800
2017-05-09,94.39250183105469,120.62000274658203,120.62999725341797,120.13999938964844,120.37999725341797,5536700
2017-05-10,94.2829360961914,120.4800033569336,121.05999755859375,120.16000366210938,120.91000366210938,6517000
2017-05-11,94.2829360961914,120.4800033569336,120.56999969482422,119.91000366210938,120.0,7479800
2017-05-12,94.9950942993164,121.38999938964844,121.48999786376953,120.9800033569336,121.01000213623047,7463900
2017-05-15,94.73684692382812,121.05999755859375,121.20999908447266,120.75,121.05999755859375,5173200
2017-05-16,95.08898162841797,121.51000213623047,121.88999938964844,121.11000061035156,121.11000061035156,6722700
2017-05-17,96.47412872314453,123.27999877929688,123.54000091552734,122.38999938964844,122.62999725341797,11236400
2017-05-18,96.58367156982422,123.41999816894531,123.94000244140625,123.19000244140625,123.75,8350500
2017-05-19,96.81063079833984,123.70999908447266,123.77999877929688,123.01000213623047,123.36000061035156,11277400
2017-05-22,96.54457092285156,123.37000274658203,123.55999755859375,123.26000213623047,123.41000366210938,4062900
2017-05-23,95.89505767822266,122.54000091552734,123.62000274658203,122.4800033569336,123.51000213623047,7901300
2017-05-24,96.43498229980469,123.2300033569336,123.26000213623047,122.54000091552734,122.80000305175781,7355200
2017-05-25,96.4662857055664,123.2699966430664,123.27999877929688,122.76000213623047,123.0199966430664,6464800
2017-05-26,96.63066101074219,123.4800033569336,123.73999786376953,123.25,123.55000305175781,2963800
2017-05-30,97.1080093383789,124.08999633789062,124.13999938964844,123.73999786376953,124.02999877929688,4819400
2017-05-31,97.3506088256836,124.4000015258789,124.6500015258789,124.02999877929688,124.05000305175781,8000200
2017-06-01,97.36075592041016,124.1500015258789,124.19000244140625,123.66000366210938,123.69999694824219,9037300
2017-06-02,98.51361846923828,125.62000274658203,125.7699966430664,125.05000305175781,125.22000122070312,13245000
2017-06-05,97.90190887451172,124.83999633789062,125.16000366210938,124.77999877929688,124.9000015258789,6775500
2017-06-06,98.43517303466797,125.5199966430664,125.87000274658203,125.4000015258789,125.69000244140625,12841500
2017-06-07,97.96460723876953,124.91999816894531,125.5199966430664,124.79000091552734,125.23999786376953,12852400
2017-06-08,97.7058334350586,124.58999633789062,124.87999725341797,124.30000305175781,124.87999725341797,8758600
2017-06-09,97.55686950683594,124.4000015258789,124.63999938964844,123.9800033569336,124.08000183105469,5130500
2017-06-12,97.52546691894531,124.36000061035156,124.98999786376953,124.13999938964844,124.20999908447266,4335800
2017-06-13,97.54116821289062,124.37999725341797,124.5199966430664,123.98999786376953,124.01000213623047,4742600
2017-06-14,99.04689025878906,126.30000305175781,126.70999908447266,125.7300033569336,125.91999816894531,20212300
2017-06-15,98.89000701904297,126.0999984741211,126.33000183105469,125.83000183105469,126.08999633789062,5863700
2017-06-16,99.0860824584961,126.3499984741211,126.44000244140625,126.01000213623047,126.08000183105469,6672500
2017-06-19,98.94490051269531,126.16999816894531,126.4800033569336,126.02999877929688,126.31999969482422,5641300
2017-06-20,99.8310775756836,127.30000305175781,127.4000015258789,126.79000091552734,126.79000091552734,8405700
2017-06-21,100.03496551513672,127.55999755859375,127.63999938964844,126.91000366210938,127.11000061035156,5914800
2017-06-22,100.2545166015625,127.83999633789062,127.87000274658203,127.30999755859375,127.70999908447266,6608100
2017-06-23,100.20748138427734,127.77999877929688,127.9000015258789,127.4000015258789,127.47000122070312,4329900
2017-06-26,100.5838851928711,128.25999450683594,128.57000732421875,128.16000366210938,128.27000427246094,5541600
2017-06-27,99.50956726074219,126.88999938964844,127.48999786376953,126.62000274658203,127.43000030517578,8354200
2017-06-28,99.18017578125,126.47000122070312,126.70999908447266,125.9800033569336,126.66999816894531,7357900
2017-06-29,98.34893035888672,125.41000366210938,125.72000122070312,124.9000015258789,125.01000213623047,9115800
2017-06-30,98.1214599609375,125.12000274658203,125.38999938964844,124.8499984741211,125.19000244140625,10189800
2017-07-03,97.8055648803711,124.45999908447266,125.04000091552734,124.0199966430664,125.0,11021100
2017-07-05,97.8291244506836,124.48999786376953,124.6500015258789,124.12000274658203,124.19999694824219,11394500
2017-07-06,97.01976776123047,123.45999908447266,123.63999938964844,122.93000030517578,123.5199966430664,10853100
2017-07-07,96.4382095336914,122.72000122070312,123.02999877929688,122.58999633789062,122.83999633789062,9401800
2017-07-10,96.57967376708984,122.9000015258789,123.0999984741211,122.68000030517578,122.87000274658203,3859200
2017-07-11,96.74470520019531,123.11000061035156,123.33000183105469,122.70999908447266,122.86000061035156,4425600
2017-07-12,97.41267395019531,123.95999908447266,124.04000091552734,123.48999786376953,123.88999938964844,7839900
2017-07-13,96.79965209960938,123.18000030517578,123.6500015258789,122.80999755859375,123.5999984741211,7449300
2017-07-14,96.91759490966797,123.33000183105469,124.16000366210938,123.12000274658203,124.0999984741211,6566800
2017-07-17,97.18477630615234,123.66999816894531,123.98999786376953,123.2699966430664,123.33000183105469,4737300
2017-07-18,98.03346252441406,124.75,124.7699966430664,124.2300033569336,124.43000030517578,9163000
2017-07-19,98.0727310180664,124.80000305175781,125.01000213623047,124.58999633789062,124.77999877929688,5140900
2017-07-20,98.35565948486328,125.16000366210938,125.7300033569336,124.97000122070312,125.48999786376953,12239100
2017-07-21,98.77218627929688,125.69000244140625,126.02999877929688,125.56999969482422,125.7300033569336,6201500
2017-07-24,98.38707733154297,125.19999694824219,125.66000366210938,125.16000366210938,125.44999694824219,5378500
2017-07-25,97.106201171875,123.56999969482422,124.19000244140625,123.47000122070312,124.13999938964844,9743300
2017-07-26,97.26336669921875,123.7699966430664,124.08999633789062,123.08000183105469,123.2699966430664,8459500
2017-07-27,96.78401184082031,123.16000366210938,123.37999725341797,122.81999969482422,123.11000061035156,6390800
2017-07-28,97.3576431274414,123.88999938964844,123.98999786376953,123.26000213623047,123.2699966430664,5491800
2017-07-31,97.47554016113281,124.04000091552734,124.05000305175781,123.4000015258789,123.45999908447266,5464600
2017-08-01,98.15989685058594,124.63999938964844,124.70999908447266,123.16000366210938,123.18000030517578,9676800
2017-08-02,98.21504974365234,124.70999908447266,125.16999816894531,124.68000030517578,124.7699966430664,5745600
2017-08-03,99.23094177246094,126.0,126.0199966430664,125.26000213623047,125.29000091552734,10324500
2017-08-04,98.3883056640625,124.93000030517578,125.18000030517578,124.44000244140625,125.1500015258789,8485500
2017-08-07,98.49851989746094,125.06999969482422,125.0999984741211,124.61000061035156,124.83999633789062,4684600
2017-08-08,98.14417266845703,124.62000274658203,124.9800033569336,124.1500015258789,124.87000274658203,6197400
2017-08-09,98.6796646118164,125.30000305175781,125.94999694824219,125.19999694824219,125.93000030517578,9221800
2017-08-10,99.52237701416016,126.37000274658203,126.44000244140625,125.5199966430664,125.62000274658203,10378200
2017-08-11,99.56959533691406,126.43000030517578,126.45999908447266,125.55000305175781,125.7699966430664,5717800
2017-08-14,99.0577163696289,125.77999877929688,126.27999877929688,125.7300033569336,125.98999786376953,5111000
2017-08-15,98.64030456542969,125.25,125.54000091552734,124.70999908447266,124.7300033569336,7473200
2017-08-16,99.0025634765625,125.70999908447266,126.0199966430664,124.80999755859375,124.83000183105469,5283800
2017-08-17,99.74284362792969,126.6500015258789,126.68000030517578,125.51000213623047,125.69999694824219,9364700
2017-08-18,99.71923065185547,126.62000274658203,127.1500015258789,126.26000213623047,126.9800033569336,8382500
2017-08-21,99.9634017944336,126.93000030517578,127.0199966430664,126.5,126.7699966430664,7669800
2017-08-22,99.57749938964844,126.44000244140625,126.80999755859375,126.2699966430664,126.79000091552734,6140700
2017-08-23,100.25475311279297,127.30000305175781,127.30999755859375,126.76000213623047,127.04000091552734,7446400
2017-08-24,99.8846206665039,126.83000183105469,127.30999755859375,126.72000122070312,126.87999725341797,5569400
2017-08-25,100.27051544189453,127.31999969482422,127.44999694824219,126.87000274658203,127.0199966430664,7303300
2017-08-28,100.2074966430664,127.23999786376953,127.38999938964844,126.7300033569336,126.91999816894531,4448500
2017-08-29,100.5304183959961,127.6500015258789,128.52000427246094,127.30999755859375,128.4600067138672,7659400
2017-08-30,100.4989242553711,127.61000061035156,127.73999786376953,127.33999633789062,127.45999908447266,4735200
2017-08-31,100.79815673828125,127.98999786376953,128.02999877929688,127.56999969482422,127.63999938964844,7978400
2017-09-01,100.0271987915039,126.75,127.33999633789062,126.43000030517578,127.30999755859375,14128600
2017-09-05,101.61341094970703,128.75999450683594,128.8000030517578,127.69000244140625,127.69000244140625,15215700
2017-09-06,100.9899673461914,127.97000122070312,129.0,127.73999786376953,128.72000122070312,9066400
2017-09-07,102.02374267578125,129.27999877929688,129.57000732421875,128.3300018310547,128.3300018310547,13618900
2017-09-08,101.80278015136719,129.0,129.16000366210938,128.57000732421875,129.11000061035156,9808500
2017-09-11,100.58747100830078,127.45999908447266,128.0500030517578,127.26000213623047,127.87000274658203,17856700
2017-09-12,100.0587158203125,126.79000091552734,127.08999633789062,126.52999877929688,127.05000305175781,7557400
2017-09-13,99.6641616821289,126.29000091552734,126.91999816894531,126.27999877929688,126.91000366210938,6740000
2017-09-14,100.07451629638672,126.80999755859375,126.83000183105469,126.33000183105469,126.37000274658203,6674500
2017-09-15,100.11395263671875,126.86000061035156,127.01000213623047,126.54000091552734,127.0,9769200
2017-09-18,99.53788757324219,126.12999725341797,126.56999969482422,125.83999633789062,126.5,6863000
2017-09-19,99.29324340820312,125.81999969482422,126.30999755859375,125.7300033569336,126.27999877929688,5554900
2017-09-20,99.36425018310547,125.91000366210938,126.05000305175781,125.33000183105469,125.97000122070312,8037000
2017-09-21,99.30900573730469,125.83999633789062,126.55999755859375,125.81999969482422,126.16000366210938,6147800
2017-09-22,99.5931625366211,126.19999694824219,126.7300033569336,126.05999755859375,126.5,5660700
2017-09-25,100.21656799316406,126.98999786376953,127.2699966430664,126.19999694824219,126.31999969482422,9679000
2017-09-26,100.0350570678711,126.76000213623047,126.88999938964844,126.43000030517578,126.7699966430664,7251900
2017-09-27,98.52775573730469,124.8499984741211,125.30000305175781,124.61000061035156,124.87000274658203,12145700
2017-09-28,98.23577117919922,124.4800033569336,124.6500015258789,123.97000122070312,124.20999908447266,8883700
2017-09-29,98.45671081542969,124.76000213623047,125.02999877929688,124.2699966430664,124.76000213623047,11285500
2017-10-02,98.27644348144531,124.27999877929688,125.0,124.23999786376953,124.80999755859375,7860700
2017-10-03,98.37133026123047,124.4000015258789,124.51000213623047,123.91999816894531,123.91999816894531,6219800
2017-10-04,98.37922668457031,124.41000366210938,124.58999633789062,123.87999725341797,124.52999877929688,7447000
2017-10-05,98.00758361816406,123.94000244140625,124.30000305175781,123.69000244140625,124.2699966430664,8180300
2017-10-06,97.73077392578125,123.58999633789062,124.0999984741211,123.02999877929688,123.29000091552734,10375000
2017-10-09,98.03923034667969,123.9800033569336,124.05999755859375,123.63999938964844,123.77999877929688,3590900
2017-10-10,98.19735717773438,124.18000030517578,124.87000274658203,124.0199966430664,124.13999938964844,6666800
2017-10-11,98.3871078491211,124.41999816894531,124.66000366210938,124.26000213623047,124.56999969482422,4385900
2017-10-12,98.80623626708984,124.94999694824219,124.9800033569336,124.23999786376953,124.55000305175781,7141600
2017-10-13,99.51795196533203,125.8499984741211,125.94000244140625,125.16999816894531,125.58000183105469,7746900
2017-10-16,99.44679260253906,125.76000213623047,125.9000015258789,125.37999725341797,125.52999877929688,5737300
2017-10-17,99.57330322265625,125.91999816894531,126.08999633789062,125.38999938964844,125.38999938964844,4969600
2017-10-18,98.91693115234375,125.08999633789062,125.18000030517578,124.68000030517578,125.05000305175781,5943800
2017-10-19,99.0909423828125,125.30999755859375,126.01000213623047,125.2699966430664,125.73999786376953,8966500
2017-10-20,98.03923034667969,123.9800033569336,124.27999877929688,123.63999938964844,124.0,12326900
2017-10-23,98.2131576538086,124.19999694824219,124.48999786376953,124.0199966430664,124.16000366210938,6871100
2017-10-24,97.60424041748047,123.43000030517578,123.69000244140625,123.1500015258789,123.37000274658203,6842800
2017-10-25,97.13770294189453,122.83999633789062,122.9800033569336,122.41999816894531,122.52999877929688,9961400
2017-10-26,96.81352233886719,122.43000030517578,123.05999755859375,122.43000030517578,123.05999755859375,8179400
2017-10-27,97.45402526855469,123.23999786376953,123.33000183105469,122.75,122.94000244140625,10480900
2017-10-30,98.3871078491211,124.41999816894531,124.45999908447266,123.55999755859375,123.86000061035156,9051600
2017-10-31,98.4188003540039,124.45999908447266,124.66000366210938,124.4000015258789,124.52999877929688,4424300
2017-11-01,98.85697174072266,124.75,125.13999938964844,124.30000305175781,124.3499984741211,8940400
2017-11-02,99.29280853271484,125.30000305175781,125.5199966430664,124.91999816894531,125.0,7222700
2017-11-03,99.5622329711914,125.63999938964844,125.69999694824219,125.13999938964844,125.47000122070312,10984100
2017-11-06,99.9346923828125,126.11000061035156,126.22000122070312,125.72000122070312,125.93000030517578,6246700
2017-11-07,100.35470581054688,126.63999938964844,126.77999877929688,126.12999725341797,126.2300033569336,6422700
2017-11-08,100.13278198242188,126.36000061035156,126.80000305175781,126.20999908447266,126.58999633789062,3356200
2017-11-09,99.8475112915039,126.0,126.23999786376953,125.55000305175781,125.87000274658203,6280400
2017-11-10,98.34190368652344,124.0999984741211,124.83999633789062,123.95999908447266,124.70999908447266,11981000
2017-11-13,98.54794311523438,124.36000061035156,124.80999755859375,124.30999755859375,124.80000305175781,5880800
2017-11-14,99.2136001586914,125.19999694824219,125.23999786376953,124.7699966430664,124.7699966430664,6195900
2017-11-15,100.29126739501953,126.55999755859375,126.66999816894531,125.63999938964844,126.05999755859375,9568200
2017-11-16,99.41963195800781,125.45999908447266,126.33000183105469,125.44999694824219,126.01000213623047,5894900
2017-11-17,100.15657806396484,126.38999938964844,126.44000244140625,125.95999908447266,126.06999969482422,6938800
2017-11-20,100.11695861816406,126.33999633789062,126.37999725341797,125.91000366210938,125.91000366210938,4232300
2017-11-21,100.4339370727539,126.73999786376953,127.29000091552734,126.30999755859375,127.08999633789062,5818400
2017-11-22,100.75885009765625,127.1500015258789,127.19999694824219,126.51000213623047,126.62000274658203,4140700
2017-11-24,100.48152923583984,126.80000305175781,127.02999877929688,126.69000244140625,126.93000030517578,3141400
2017-11-27,100.3388671875,126.62000274658203,127.05000305175781,126.41999816894531,126.86000061035156,6079900
2017-11-28,100.47354888916016,126.79000091552734,127.18000030517578,126.47000122070312,126.7699966430664,5983000
2017-11-29,99.4830322265625,125.54000091552734,125.68000030517578,125.0999984741211,125.55999755859375,14547100
2017-11-30,99.150146484375,125.12000274658203,125.5199966430664,124.44000244140625,125.30999755859375,9630000
2017-12-01,100.48819732666016,126.55000305175781,127.69000244140625,125.0999984741211,125.87000274658203,24583100
2017-12-04,100.53583526611328,126.61000061035156,126.66999816894531,125.80999755859375,125.91999816894531,9609200
2017-12-05,101.0361099243164,127.23999786376953,127.5,126.44999694824219,126.47000122070312,10958900
2017-12-06,101.38549041748047,127.68000030517578,128.22999572753906,127.66000366210938,127.87000274658203,11834200
2017-12-07,100.59138488769531,126.68000030517578,128.10000610351562,126.30000305175781,127.93000030517578,13056800
2017-12-08,100.59933471679688,126.69000244140625,126.73999786376953,126.23999786376953,126.58999633789062,4786100
2017-12-11,100.39285278320312,126.43000030517578,127.08999633789062,126.41000366210938,126.86000061035156,3863800
2017-12-12,100.35317993164062,126.37999725341797,126.41000366210938,125.66999816894531,126.16999816894531,7502400
2017-12-13,101.1075439453125,127.33000183105469,127.38999938964844,126.58999633789062,126.80999755859375,8532900
2017-12-14,101.53631591796875,127.87000274658203,127.9800033569336,126.79000091552734,127.05000305175781,6885000
2017-12-15,101.9174575805664,128.35000610351562,128.58999633789062,127.55999755859375,127.80999755859375,7239400
2017-12-18,100.98843383789062,127.18000030517578,128.0,126.91000366210938,127.97000122070312,7239700
2017-12-19,99.67820739746094,125.52999877929688,126.37999725341797,125.06999969482422,126.31999969482422,11045800
2017-12-20,98.57447814941406,124.13999938964844,124.70999908447266,123.94999694824219,124.30999755859375,10005800
2017-12-21,99.1490249633789,124.5999984741211,124.86000061035156,124.0,124.02999877929688,7026900
2017-12-22,99.28428649902344,124.7699966430664,124.83999633789062,124.52999877929688,124.69999694824219,3974300
2017-12-26,99.5787582397461,125.13999938964844,125.52999877929688,124.97000122070312,124.9800033569336,3168400
2017-12-27,100.87577819824219,126.7699966430664,126.9800033569336,125.69999694824219,125.70999908447266,9059700
2017-12-28,100.78821563720703,126.66000366210938,126.83000183105469,126.37000274658203,126.52999877929688,5297100
2017-12-29,100.94738006591797,126.86000061035156,127.12000274658203,126.4800033569336,126.5,7580500
2018-01-02,99.85723876953125,125.48999786376953,126.51000213623047,125.06999969482422,126.48999786376953,16238200
2018-01-03,100.33465576171875,126.08999633789062,126.19999694824219,125.48999786376953,126.0,8605100
2018-01-04,100.3187484741211,126.06999969482422,126.16000366210938,125.37000274658203,125.6500015258789,9217900
2018-01-05,100.03228759765625,125.70999908447266,126.18000030517578,125.36000061035156,125.87000274658203,10915400
2018-01-08,99.9686279296875,125.62999725341797,126.02999877929688,125.16999816894531,125.98999786376953,8850600
2018-01-09,98.63180541992188,123.94999694824219,124.83000183105469,123.80999755859375,124.80999755859375,16226400
2018-01-10,98.51243591308594,123.80000305175781,123.93000030517578,122.66000366210938,122.80999755859375,14302600
2018-01-11,98.91828155517578,124.30999755859375,124.58999633789062,123.30999755859375,123.51000213623047,12511000
2018-01-12,99.0853500366211,124.5199966430664,124.79000091552734,123.91000366210938,124.0999984741211,9987100
2018-01-16,99.49913024902344,125.04000091552734,125.27999877929688,124.55999755859375,125.16999816894531,9125900
2018-01-17,99.36386108398438,124.87000274658203,125.63999938964844,124.5999984741211,125.08000183105469,8327000
2018-01-18,98.44084167480469,123.70999908447266,124.2699966430664,123.54000091552734,123.93000030517578,10843900
2018-01-19,97.92359924316406,123.05999755859375,123.55999755859375,122.9800033569336,123.4000015258789,11374300
2018-01-22,98.01904296875,123.18000030517578,123.70999908447266,122.98999786376953,123.44999694824219,8984700
2018-01-23,98.44084167480469,123.70999908447266,124.19999694824219,123.23999786376953,123.80999755859375,12325700
2018-01-24,97.90768432617188,123.04000091552734,123.12999725341797,122.54000091552734,122.8499984741211,9038900
2018-01-25,98.7113265991211,124.05000305175781,124.1500015258789,122.80000305175781,123.16000366210938,12173300
2018-01-26,98.34532928466797,123.58999633789062,123.91000366210938,123.0999984741211,123.87999725341797,6462900
2018-01-29,97.66101837158203,122.7300033569336,122.97000122070312,122.30000305175781,122.97000122070312,12223000
2018-01-30,97.08804321289062,122.01000213623047,122.37000274658203,121.69999694824219,122.27999877929688,12064400
2018-01-31,97.66101837158203,122.7300033569336,122.93000030517578,121.94000244140625,122.87000274658203,18045100
2018-02-01,96.24559783935547,120.69999694824219,122.52999877929688,120.62999725341797,122.4800033569336,18632800
2018-02-02,95.3525619506836,119.58000183105469,120.26000213623047,119.23999786376953,120.1500015258789,23944400
2018-02-05,96.25360107421875,120.70999908447266,121.81999969482422,118.63999938964844,119.16999816894531,28606200
2018-02-06,95.65556335449219,119.95999908447266,120.87000274658203,119.72000122070312,120.41999816894531,10935400
2018-02-07,94.74652099609375,118.81999969482422,120.33000183105469,118.55999755859375,120.12999725341797,16271100
2018-02-08,94.642822265625,118.69000244140625,119.18000030517578,117.8499984741211,118.01000213623047,15155100
2018-02-09,94.04481506347656,117.94000244140625,119.08999633789062,117.79000091552734,118.11000061035156,15661600
2018-02-12,94.45948028564453,118.45999908447266,119.30000305175781,118.19000244140625,118.55999755859375,10944600
2018-02-13,94.88207244873047,118.98999786376953,119.01000213623047,118.38999938964844,118.61000061035156,8157600
2018-02-14,93.82953643798828,117.66999816894531,118.54000091552734,117.47000122070312,118.45999908447266,12043300
2018-02-15,94.1484603881836,118.06999969482422,118.80000305175781,117.98999786376953,118.19000244140625,8222400
2018-02-16,94.65882110595703,118.70999908447266,119.20999908447266,118.33999633789062,119.04000091552734,8454100
2018-02-20,94.24414825439453,118.19000244140625,118.51000213623047,117.77999877929688,118.27999877929688,8268800
2018-02-21,93.08792114257812,116.73999786376953,118.29000091552734,116.51000213623047,118.23999786376953,12054300
2018-02-22,93.36701202392578,117.08999633789062,117.66000366210938,117.0,117.23999786376953,9317900
2018-02-23,94.1963119506836,118.12999725341797,118.30999755859375,117.72000122070312,117.87999725341797,9072900
2018-02-26,94.22820281982422,118.16999816894531,118.91000366210938,118.04000091552734,118.68000030517578,8771600
2018-02-27,94.0926284790039,118.0,118.66000366210938,117.26000213623047,118.5199966430664,12525700
2018-02-28,94.69066619873047,118.75,118.83000183105469,118.25,118.47000122070312,9311600
2018-03-01,95.33708190917969,119.31999969482422,119.62000274658203,118.1500015258789,118.43000030517578,12287700
2018-03-02,94.56206512451172,118.3499984741211,118.93000030517578,118.12000274658203,118.8499984741211,10064300
2018-03-05,94.3063735961914,118.02999877929688,118.80000305175781,117.62999725341797,118.75,5658200
2018-03-06,94.39424896240234,118.13999938964844,118.68000030517578,118.12000274658203,118.36000061035156,5452000
2018-03-07,94.2903823852539,118.01000213623047,118.68000030517578,117.95999908447266,118.56999969482422,4461800
2018-03-08,94.83373260498047,118.69000244140625,118.98999786376953,118.26000213623047,118.30999755859375,7086700
2018-03-09,94.21046447753906,117.91000366210938,118.2699966430664,117.58999633789062,117.98999786376953,6570400
2018-03-12,94.75379180908203,118.58999633789062,118.66000366210938,118.19000244140625,118.30999755859375,5801300
2018-03-13,95.23320007324219,119.19000244140625,119.37000274658203,118.19000244140625,118.30999755859375,7455300
2018-03-14,96.07217407226562,120.23999786376953,120.4000015258789,119.37000274658203,119.4000015258789,10175000
2018-03-15,96.07217407226562,120.23999786376953,120.48999786376953,119.93000030517578,120.16999816894531,6757900
2018-03-16,95.7286148071289,119.80999755859375,120.01000213623047,119.55000305175781,119.80000305175781,6084300
2018-03-19,95.42497253417969,119.43000030517578,119.97000122070312,119.19999694824219,119.20999908447266,8491200
2018-03-20,95.04143524169922,118.94999694824219,119.22000122070312,118.83000183105469,118.91000366210938,5446000
2018-03-21,95.14532470703125,119.08000183105469,119.41999816894531,118.11000061035156,118.66000366210938,9742400
2018-03-22,96.08815002441406,120.26000213623047,120.81999969482422,119.66999816894531,120.30999755859375,12136600
2018-03-23,96.01624298095703,120.16999816894531,120.30999755859375,119.62000274658203,119.68000030517578,7250400
2018-03-26,95.64868927001953,119.70999908447266,120.44999694824219,119.66999816894531,120.0,8237900
2018-03-27,96.67139434814453,120.98999786376953,121.12000274658203,119.80999755859375,119.83000183105469,9168500
2018-03-28,96.9271011352539,121.30999755859375,121.63999938964844,120.94999694824219,121.44999694824219,7412500
2018-03-29,97.3985595703125,121.9000015258789,122.29000091552734,121.51000213623047,121.54000091552734,9694300
2018-04-02,97.59066009521484,121.87999725341797,122.36000061035156,121.16000366210938,121.3499984741211,12036500
2018-04-03,96.83805084228516,120.94000244140625,121.4800033569336,120.83000183105469,121.36000061035156,9855000
2018-04-04,96.63784790039062,120.69000244140625,121.45999908447266,120.5999984741211,121.3499984741211,6654300
2018-04-05,95.91718292236328,119.79000091552734,120.2699966430664,119.7699966430664,120.0999984741211,7603700
2018-04-06,96.96614074707031,121.0999984741211,121.1500015258789,120.22000122070312,120.66000366210938,8831200
2018-04-09,97.12628173828125,121.30000305175781,121.30000305175781,120.3499984741211,120.63999938964844,6307500
2018-04-10,96.95011901855469,121.08000183105469,121.37999725341797,120.77999877929688,121.19999694824219,6046000
2018-04-11,97.2944107055664,121.51000213623047,121.88999938964844,121.2699966430664,121.8499984741211,5901300
2018-04-12,96.58184051513672,120.62000274658203,121.06999969482422,120.41000366210938,121.04000091552734,6622800
2018-04-13,96.80599212646484,120.9000015258789,121.12999725341797,120.5,120.5199966430664,4964000
2018-04-16,96.83805084228516,120.94000244140625,120.97000122070312,120.18000030517578,120.2300033569336,4491300
2018-04-17,97.10223388671875,121.2699966430664,121.58000183105469,120.81999969482422,120.91999816894531,5590400
2018-04-18,96.3255386352539,120.30000305175781,121.33999633789062,120.27999877929688,121.29000091552734,8138400
2018-04-19,95.54086303710938,119.31999969482422,119.52999877929688,118.80999755859375,119.41999816894531,9875800
2018-04-20,94.85226440429688,118.45999908447266,119.12999725341797,118.43000030517578,118.88999938964844,7579400
2018-04-23,94.87629699707031,118.48999786376953,118.62000274658203,118.08000183105469,118.33000183105469,7073200
2018-04-24,94.44387817382812,117.94999694824219,118.44999694824219,117.76000213623047,118.20999908447266,8190800
2018-04-25,93.81134796142578,117.16000366210938,117.6500015258789,116.94000244140625,117.41000366210938,6603800
2018-04-26,94.46791076660156,117.9800033569336,118.12999725341797,117.58999633789062,117.7300033569336,6528600
2018-04-27,95.1965560913086,118.88999938964844,118.94999694824219,118.44000244140625,118.47000122070312,5401800
2018-04-30,95.36470794677734,119.0999984741211,119.55999755859375,118.94000244140625,119.08000183105469,8321100
2018-05-01,95.02123260498047,118.41000366210938,118.83999633789062,118.2300033569336,118.7699966430664,7979200
2018-05-02,94.91693115234375,118.27999877929688,118.87000274658203,118.26000213623047,118.63999938964844,4644000
2018-05-03,95.34224700927734,118.80999755859375,119.30999755859375,118.68000030517578,118.83999633789062,6345300
2018-05-04,95.48670196533203,118.98999786376953,119.2300033569336,118.48999786376953,119.2300033569336,4283500
2018-05-07,95.33421325683594,118.80000305175781,119.0199966430664,118.73999786376953,118.97000122070312,3647800
2018-05-08,95.24595642089844,118.69000244140625,119.0,118.30000305175781,118.55000305175781,6091200
2018-05-09,94.67618560791016,117.9800033569336,118.41999816894531,117.9800033569336,118.12000274658203,7832500
2018-05-10,95.43854522705078,118.93000030517578,118.9800033569336,118.3499984741211,118.55000305175781,7101500
2018-05-11,95.67929077148438,119.2300033569336,119.36000061035156,118.81999969482422,119.31999969482422,4273400
2018-05-14,95.17369079589844,118.5999984741211,118.98999786376953,118.58999633789062,118.80000305175781,4996200
2018-05-15,94.09037780761719,117.25,117.58000183105469,116.69999694824219,117.55999755859375,12901000
2018-05-16,93.72924041748047,116.80000305175781,117.52999877929688,116.79000091552734,117.41999816894531,6518000
2018-05-17,93.25580596923828,116.20999908447266,116.81999969482422,116.08999633789062,116.62999725341797,7330300
2018-05-18,94.05825805664062,117.20999908447266,117.29000091552734,116.51000213623047,116.51000213623047,9606500
2018-05-21,94.1064224243164,117.2699966430664,117.37999725341797,116.94999694824219,117.12999725341797,4448500
2018-05-22,93.96198272705078,117.08999633789062,117.3499984741211,116.8499984741211,117.29000091552734,4700700
2018-05-23,94.64411163330078,117.94000244140625,118.11000061035156,117.66000366210938,117.75,9634000
2018-05-24,95.39840698242188,118.87999725341797,119.05999755859375,118.63999938964844,118.69000244140625,8204100
2018-05-25,95.99227905273438,119.62000274658203,119.83999633789062,119.47000122070312,119.55999755859375,8482800
2018-05-29,98.09473419189453,122.23999786376953,122.5199966430664,120.43000030517578,120.79000091552734,21668100
2018-05-30,97.43672180175781,121.41999816894531,121.4800033569336,120.73999786376953,121.0,11616300
2018-05-31,97.27617645263672,121.22000122070312,121.9800033569336,120.94999694824219,121.55999755859375,10769900
2018-06-01,96.76220703125,120.30000305175781,120.70999908447266,119.8499984741211,120.16999816894531,8718800
2018-06-04,96.06243896484375,119.43000030517578,120.13999938964844,119.37000274658203,120.11000061035156,7156500
2018-06-05,96.28764343261719,119.70999908447266,120.16000366210938,119.62000274658203,119.95999908447266,5635900
2018-06-06,95.50746154785156,118.73999786376953,119.0999984741211,118.41999816894531,119.08000183105469,7813300
2018-06-07,96.43246459960938,119.88999938964844,120.48999786376953,118.68000030517578,118.69000244140625,13238300
2018-06-08,96.14286804199219,119.52999877929688,119.8499984741211,119.44000244140625,119.55999755859375,6790600
2018-06-11,95.96593475341797,119.30999755859375,119.38999938964844,118.94000244140625,119.06999969482422,6844200
2018-06-12,95.99002075195312,119.33999633789062,119.45999908447266,118.88999938964844,118.93000030517578,6048200
2018-06-13,95.9417953491211,119.27999877929688,119.63999938964844,118.62999725341797,119.44999694824219,8834700
2018-06-14,96.73812103271484,120.2699966430664,120.30000305175781,119.4800033569336,119.77999877929688,10078800
2018-06-15,96.82657623291016,120.37999725341797,121.08999633789062,120.30000305175781,120.83000183105469,7992800
2018-06-18,96.73812103271484,120.2699966430664,120.55999755859375,120.04000091552734,120.4800033569336,4893700
2018-06-19,97.30113220214844,120.97000122070312,121.2300033569336,120.69999694824219,120.97000122070312,6133300
2018-06-20,96.44857025146484,119.91000366210938,120.79000091552734,119.9000015258789,120.7699966430664,6879100
2018-06-21,96.95526885986328,120.54000091552734,120.75,120.22000122070312,120.36000061035156,7235800
2018-06-22,96.94721984863281,120.52999877929688,120.62000274658203,120.05999755859375,120.08999633789062,4082500
2018-06-25,97.16441345214844,120.80000305175781,121.11000061035156,120.63999938964844,120.66000366210938,8363700
2018-06-26,97.30113220214844,120.97000122070312,121.02999877929688,120.66000366210938,120.7699966430664,5450000
2018-06-27,98.21807098388672,122.11000061035156,122.18000030517578,121.55000305175781,121.75,8173400
2018-06-28,98.2421875,122.13999938964844,122.25,121.83000183105469,122.12999725341797,7109500
2018-06-29,97.90442657470703,121.72000122070312,122.5,121.6500015258789,122.16999816894531,11164700
2018-07-02,97.82779693603516,121.3499984741211,121.75,121.29000091552734,121.73999786376953,9662000
2018-07-03,98.35183715820312,122.0,122.02999877929688,121.52999877929688,121.52999877929688,3808800
2018-07-05,98.63397216796875,122.3499984741211,122.52999877929688,122.01000213623047,122.05999755859375,3860400
2018-07-06,98.95643615722656,122.75,122.91999816894531,122.4800033569336,122.75,4679900
2018-07-09,98.31957244873047,121.95999908447266,122.20999908447266,121.9000015258789,122.06999969482422,5952700
2018-07-10,98.31148529052734,121.94999694824219,122.12999725341797,121.80999755859375,121.87000274658203,5759700
2018-07-11,98.69039154052734,122.41999816894531,122.55000305175781,122.08999633789062,122.44999694824219,6869100
2018-07-12,98.68232727050781,122.41000366210938,122.47000122070312,122.13999938964844,122.16999816894531,4824700
2018-07-13,98.9322509765625,122.72000122070312,122.87000274658203,122.47000122070312,122.61000061035156,4079000
2018-07-16,98.52108764648438,122.20999908447266,122.29000091552734,121.63999938964844,122.20999908447266,5517100
2018-07-17,98.33567810058594,121.9800033569336,122.38999938964844,121.9000015258789,122.29000091552734,3764300
2018-07-18,97.94066619873047,121.48999786376953,122.04000091552734,121.38999938964844,122.0199966430664,6330000
2018-07-19,98.56141662597656,122.26000213623047,122.44999694824219,121.7699966430664,121.80000305175781,6166700
2018-07-20,97.35218048095703,120.76000213623047,121.58999633789062,120.69999694824219,121.58000183105469,10469500
2018-07-23,96.15103149414062,119.2699966430664,120.37999725341797,119.18000030517578,120.37999725341797,11571800
2018-07-24,96.48149108886719,119.68000030517578,119.81999969482422,119.13999938964844,119.27999877929688,9053500
2018-07-25,96.32838439941406,119.48999786376953,120.26000213623047,119.26000213623047,120.0199966430664,7357900
2018-07-26,96.14291381835938,119.26000213623047,119.87999725341797,119.16000366210938,119.70999908447266,6821100
2018-07-27,96.3041763305664,119.45999908447266,119.87000274658203,119.4000015258789,119.8499984741211,4542000
2018-07-30,95.97360229492188,119.05000305175781,119.41000366210938,118.97000122070312,118.98999786376953,7111200
2018-07-31,96.49764251708984,119.69999694824219,119.86000061035156,119.55999755859375,119.79000091552734,6797400
2018-08-01,95.71147918701172,118.45999908447266,118.83999633789062,118.06999969482422,118.29000091552734,13312600
2018-08-02,95.84884643554688,118.62999725341797,118.73999786376953,118.30000305175781,118.62000274658203,4451100
2018-08-03,96.3255386352539,119.22000122070312,119.29000091552734,118.80999755859375,118.83000183105469,6162400
2018-08-06,96.38209533691406,119.29000091552734,119.83999633789062,119.2699966430664,119.54000091552734,4200200
2018-08-07,95.88117218017578,118.66999816894531,119.0999984741211,118.56999969482422,119.02999877929688,5346900
2018-08-08,95.97811126708984,118.79000091552734,119.02999877929688,118.61000061035156,118.66000366210938,5640900
2018-08-09,96.78607177734375,119.79000091552734,119.83000183105469,119.12000274658203,119.2300033569336,7144100
2018-08-10,97.489013671875,120.66000366210938,121.05000305175781,120.27999877929688,120.37000274658203,8457900
2018-08-13,97.28702545166016,120.41000366210938,120.69999694824219,120.20999908447266,120.25,7923200
2018-08-14,97.06888580322266,120.13999938964844,120.55999755859375,120.02999877929688,120.54000091552734,4251200
2018-08-15,97.63448333740234,120.83999633789062,121.12999725341797,120.56999969482422,120.66000366210938,7649800
2018-08-16,97.62639617919922,120.83000183105469,120.93000030517578,120.27999877929688,120.80999755859375,5400400
2018-08-17,97.74760437011719,120.9800033569336,121.38999938964844,120.75,121.08999633789062,3537600
2018-08-20,98.40203094482422,121.79000091552734,121.91000366210938,121.54000091552734,121.63999938964844,5603700
2018-08-21,98.07074737548828,121.37999725341797,121.52999877929688,121.06999969482422,121.37000274658203,4695000
2018-08-22,98.45856475830078,121.86000061035156,122.05000305175781,121.58000183105469,122.0,5309600
2018-08-23,98.6120834350586,122.05000305175781,122.12999725341797,121.77999877929688,122.0,5328700
2018-08-24,98.80601501464844,122.29000091552734,122.33000183105469,121.48999786376953,121.62000274658203,6092200
2018-08-27,98.24040985107422,121.58999633789062,121.87000274658203,121.5199966430664,121.77999877929688,6407400
2018-08-28,97.65058135986328,120.86000061035156,121.08999633789062,120.68000030517578,121.0,4929300
2018-08-29,97.77987670898438,121.0199966430664,121.1500015258789,120.62000274658203,120.94000244140625,5613300
2018-08-30,97.98995971679688,121.27999877929688,121.45999908447266,121.08000183105469,121.30999755859375,5302900
2018-08-31,97.76373291015625,121.0,121.91999816894531,120.88999938964844,121.88999938964844,9677500
2018-09-04,97.19847106933594,120.02999877929688,120.0999984741211,119.75,119.95999908447266,18343600
2018-09-05,96.9393539428711,119.70999908447266,119.9000015258789,119.55000305175781,119.76000213623047,9422600
2018-09-06,97.29566192626953,120.1500015258789,120.4000015258789,119.69000244140625,119.76000213623047,9566000
2018-09-07,96.4697036743164,119.12999725341797,119.4000015258789,118.98999786376953,119.33000183105469,11212600
2018-09-10,96.82595825195312,119.56999969482422,119.5999984741211,119.16999816894531,119.16999816894531,6386400
2018-09-11,96.08907318115234,118.66000366210938,119.16999816894531,118.5999984741211,119.08000183105469,5440000
2018-09-12,96.31582641601562,118.94000244140625,119.16999816894531,118.9000015258789,119.05000305175781,3347200
2018-09-13,96.46157836914062,119.12000274658203,119.56999969482422,118.9800033569336,119.33999633789062,4833000
2018-09-14,96.0000228881836,118.55000305175781,118.91000366210938,118.30000305175781,118.41000366210938,5579500
2018-09-17,96.0000228881836,118.55000305175781,118.81999969482422,118.12000274658203,118.18000030517578,5433000
2018-09-18,94.99588012695312,117.30999755859375,118.06999969482422,117.16000366210938,118.05999755859375,10182300
2018-09-19,94.4290542602539,116.61000061035156,117.11000061035156,116.19000244140625,117.11000061035156,13379600
2018-09-20,94.8663101196289,117.1500015258789,117.30000305175781,116.47000122070312,116.58000183105469,8657300
2018-09-21,94.82581329345703,117.0999984741211,117.27999877929688,116.83999633789062,116.87000274658203,6173800
2018-09-24,94.58291625976562,116.80000305175781,117.2699966430664,116.72000122070312,116.73999786376953,5505500
2018-09-25,94.4857406616211,116.68000030517578,116.73999786376953,116.4000015258789,116.4800033569336,6650900
2018-09-26,95.14971160888672,117.5,117.58000183105469,116.66000366210938,116.93000030517578,9512700
2018-09-27,95.21453094482422,117.58000183105469,117.6500015258789,117.0999984741211,117.23999786376953,5758500
2018-09-28,94.96348571777344,117.2699966430664,117.91000366210938,117.22000122070312,117.8499984741211,12807700
2018-10-01,94.266357421875,116.1500015258789,116.83000183105469,116.12000274658203,116.66000366210938,22442400
2018-10-02,94.84255981445312,116.86000061035156,117.12999725341797,116.5999984741211,116.66999816894531,8266900
2018-10-03,93.19503021240234,114.83000183105469,116.36000061035156,114.23999786376953,116.2699966430664,20829200
2018-10-04,92.53765869140625,114.0199966430664,114.38999938964844,113.70999908447266,114.12999725341797,16207400
2018-10-05,91.7422866821289,113.04000091552734,113.72000122070312,112.62000274658203,113.38999938964844,18096500
2018-10-08,91.43387603759766,112.66000366210938,113.11000061035156,112.63999938964844,112.98999786376953,5855900
2018-10-09,92.35910034179688,113.80000305175781,113.8499984741211,113.06999969482422,113.13999938964844,11530800
2018-10-10,92.10749816894531,113.48999786376953,113.58000183105469,112.79000091552734,113.13999938964844,15290100
2018-10-11,93.22748565673828,114.87000274658203,115.1500015258789,113.79000091552734,114.0,16086800
2018-10-12,92.90287017822266,114.47000122070312,115.01000213623047,114.27999877929688,114.38999938964844,6794100
2018-10-15,92.86228942871094,114.41999816894531,114.81999969482422,114.29000091552734,114.66000366210938,7146300
2018-10-16,93.07330322265625,114.68000030517578,114.72000122070312,114.16000366210938,114.38999938964844,4762300
2018-10-17,92.52142333984375,114.0,114.79000091552734,113.9800033569336,114.66000366210938,5880700
2018-10-18,92.48894500732422,113.95999908447266,114.38999938964844,113.55000305175781,113.62000274658203,5728800
2018-10-19,92.28602600097656,113.70999908447266,113.94999694824219,113.41000366210938,113.8499984741211,10892400
2018-10-22,92.1642837524414,113.55999755859375,114.08000183105469,113.52999877929688,113.94999694824219,3244200
2018-10-23,92.45646667480469,113.91999816894531,115.0199966430664,113.83999633789062,114.76000213623047,10330700
2018-10-24,93.15448760986328,114.77999877929688,114.81999969482422,114.23999786376953,114.36000061035156,16008000
2018-10-25,92.764892578125,114.30000305175781,114.73999786376953,114.2300033569336,114.54000091552734,12613200
2018-10-26,93.32485961914062,114.98999786376953,115.31999969482422,114.79000091552734,114.93000030517578,18582500
2018-10-29,93.1138687133789,114.7300033569336,115.0199966430664,114.26000213623047,114.83999633789062,7679900
2018-10-30,92.6512680053711,114.16000366210938,114.54000091552734,114.0199966430664,114.26000213623047,9939500
2018-10-31,92.18051147460938,113.58000183105469,113.95999908447266,113.20999908447266,113.73999786376953,8706400
2018-11-01,92.26600646972656,113.41000366210938,113.55999755859375,112.83999633789062,112.8499984741211,6100200
2018-11-02,91.11881256103516,112.0,113.26000213623047,111.9000015258789,113.16999816894531,11314800
2018-11-05,91.47677612304688,112.44000244140625,112.70999908447266,112.3499984741211,112.4800033569336,4760200
2018-11-06,91.41983795166016,112.37000274658203,112.7300033569336,112.33000183105469,112.5999984741211,3159900
2018-11-07,91.5418930053711,112.5199966430664,113.4000015258789,112.41000366210938,113.19000244140625,9313100
2018-11-08,91.5337905883789,112.51000213623047,112.97000122070312,112.41000366210938,112.95999908447266,6905100
2018-11-09,92.21711730957031,113.3499984741211,113.5,112.72000122070312,112.75,6465300
2018-11-12,92.8191909790039,114.08999633789062,114.30999755859375,113.91000366210938,113.94999694824219,6840000
2018-11-13,92.76226043701172,114.0199966430664,114.0199966430664,113.4800033569336,113.70999908447266,6525800
2018-11-14,92.8191909790039,114.08999633789062,114.5199966430664,113.30000305175781,113.4800033569336,8690800
2018-11-15,92.77850341796875,114.04000091552734,114.54000091552734,113.68000030517578,114.44000244140625,7879600
2018-11-16,93.31546783447266,114.69999694824219,114.80999755859375,113.91999816894531,114.19999694824219,9236700
2018-11-19,93.57576751708984,115.0199966430664,115.0199966430664,114.41000366210938,114.41000366210938,7027200
2018-11-20,93.60836791992188,115.05999755859375,115.45999908447266,114.93000030517578,115.23999786376953,6332600
2018-11-21,93.57576751708984,115.0199966430664,115.08999633789062,114.54000091552734,114.88999938964844,4951100
2018-11-23,93.67345428466797,115.13999938964844,115.76000213623047,115.08999633789062,115.66999816894531,3027900
2018-11-26,93.46188354492188,114.87999725341797,115.05999755859375,114.77999877929688,114.86000061035156,6599000
2018-11-27,93.56766510009766,115.01000213623047,115.25,114.76000213623047,114.80999755859375,5967200
2018-11-28,93.11206817626953,114.44999694824219,115.0199966430664,114.36000061035156,114.8499984741211,7814000
2018-11-29,93.47817993164062,114.9000015258789,115.25,114.58999633789062,114.91999816894531,7295600
2018-11-30,93.82798767089844,115.33000183105469,115.41999816894531,114.9800033569336,115.30999755859375,9127800
2018-12-03,94.4942398071289,115.87999725341797,115.87999725341797,114.66000366210938,114.68000030517578,9763800
2018-12-04,96.07621002197266,117.81999969482422,118.66999816894531,116.62999725341797,116.80999755859375,18100500
2018-12-06,96.3779067993164,118.19000244140625,119.19999694824219,118.12999725341797,118.54000091552734,15319400
2018-12-07,96.55733489990234,118.41000366210938,118.52999877929688,117.5199966430664,117.80999755859375,8608400
2018-12-10,96.9569091796875,118.9000015258789,119.27999877929688,118.44000244140625,118.87000274658203,8777700
2018-12-11,96.94053649902344,118.87999725341797,119.37999725341797,118.61000061035156,118.97000122070312,8071900
2018-12-12,96.5083999633789,118.3499984741211,118.72000122070312,118.23999786376953,118.58000183105469,6182200
2018-12-13,96.28008270263672,118.06999969482422,118.58000183105469,117.9800033569336,118.45999908447266,5564200
2018-12-14,96.61441040039062,118.4800033569336,118.7699966430664,118.22000122070312,118.55000305175781,8169200
2018-12-17,97.17701721191406,119.16999816894531,119.30000305175781,118.58000183105469,118.58999633789062,9726800
2018-12-18,97.75899505615234,119.5999984741211,119.79000091552734,118.94000244140625,119.06999969482422,10018800
2018-12-19,99.05048370361328,121.18000030517578,121.66000366210938,119.91999816894531,120.11000061035156,23046300
2018-12-20,98.69085693359375,120.73999786376953,122.02999877929688,120.66999816894531,122.01000213623047,18543700
2018-12-21,98.6744613647461,120.72000122070312,121.20999908447266,120.38999938964844,121.13999938964844,9945100
2018-12-24,99.16492462158203,121.31999969482422,121.41999816894531,120.91000366210938,121.12999725341797,8377500
2018-12-26,98.10234832763672,120.0199966430664,121.38999938964844,119.97000122070312,120.98999786376953,11700400
2018-12-27,98.11869812011719,120.04000091552734,121.37999725341797,119.9800033569336,121.26000213623047,12146500
2018-12-28,98.94422912597656,121.05000305175781,121.05000305175781,120.29000091552734,120.4000015258789,9879100
2018-12-31,99.32023620605469,121.51000213623047,121.55999755859375,120.45999908447266,120.6500015258789,17409000
2019-01-02,99.84330749511719,122.1500015258789,122.16000366210938,121.33999633789062,121.66000366210938,19841500
2019-01-03,100.9795150756836,123.54000091552734,123.86000061035156,122.2300033569336,122.29000091552734,21187000
2019-01-04,99.81066131591797,122.11000061035156,122.55999755859375,121.6500015258789,122.33999633789062,12970200
2019-01-07,99.51638793945312,121.75,122.6500015258789,121.62000274658203,122.62000274658203,8498100
2019-01-08,99.25485229492188,121.43000030517578,121.94000244140625,121.38999938964844,121.69000244140625,7737100
2019-01-09,99.09954071044922,121.23999786376953,121.43000030517578,120.80000305175781,121.26000213623047,9349200
2019-01-10,98.46197509765625,120.45999908447266,121.41000366210938,120.33999633789062,121.27999877929688,8222900
2019-01-11,98.84615325927734,120.93000030517578,121.2699966430664,120.68000030517578,120.83000183105469,5786900
2019-01-14,98.47834014892578,120.4800033569336,121.01000213623047,120.23999786376953,120.9000015258789,6730500
2019-01-15,98.11869812011719,120.04000091552734,120.56999969482422,119.94999694824219,120.55999755859375,8997400
2019-01-16,98.21673583984375,120.16000366210938,120.38999938964844,119.51000213623047,119.58999633789062,6048400
2019-01-17,98.24124908447266,120.19000244140625,120.52999877929688,119.88999938964844,120.22000122070312,8153400
2019-01-18,97.7263412475586,119.55999755859375,120.12000274658203,119.38999938964844,119.83999633789062,14106400
2019-01-22,98.38839721679688,120.37000274658203,120.72000122070312,120.06999969482422,120.30999755859375,8881100
2019-01-23,98.34752655029297,120.31999969482422,120.62000274658203,119.83000183105469,119.87999725341797,5776800
2019-01-24,98.9932861328125,121.11000061035156,121.26000213623047,120.70999908447266,120.91000366210938,7121900
2019-01-25,98.51918029785156,120.52999877929688,120.75,120.31999969482422,120.58999633789062,6460800
2019-01-28,98.42107391357422,120.41000366210938,120.94000244140625,120.41000366210938,120.54000091552734,6435800
2019-01-29,98.91973114013672,121.0199966430664,121.04000091552734,120.38999938964844,120.52999877929688,5750100
2019-01-30,98.84615325927734,120.93000030517578,120.9800033569336,120.33000183105469,120.83999633789062,10571300
2019-01-31,99.69625091552734,121.97000122070312,122.18000030517578,121.5,121.55000305175781,11843400
2019-02-01,99.0940933227539,120.95999908447266,121.56999969482422,120.83999633789062,121.4800033569336,12024600
2019-02-04,98.65171813964844,120.41999816894531,120.55000305175781,120.0199966430664,120.44000244140625,8966200
2019-02-05,99.1022720336914,120.97000122070312,121.2300033569336,120.66000366210938,120.7300033569336,6983300
2019-02-06,99.15143585205078,121.02999877929688,121.41000366210938,120.7300033569336,121.36000061035156,5184000
2019-02-07,99.80683135986328,121.83000183105469,121.91000366210938,121.2300033569336,121.45999908447266,8781000
2019-02-08,100.2328109741211,122.3499984741211,122.47000122070312,122.06999969482422,122.26000213623047,5885400
2019-02-11,99.8395767211914,121.87000274658203,122.18000030517578,121.75,121.86000061035156,4352800
2019-02-12,99.58563232421875,121.55999755859375,121.75,121.19999694824219,121.66000366210938,7939600
2019-02-13,99.20877838134766,121.0999984741211,121.38999938964844,120.91000366210938,121.1500015258789,4757700
2019-02-14,99.7740478515625,121.79000091552734,122.19999694824219,121.58000183105469,122.13999938964844,5868900
2019-02-15,99.9297103881836,121.9800033569336,122.0199966430664,121.54000091552734,121.55999755859375,5527200
2019-02-19,100.18367004394531,122.29000091552734,122.54000091552734,121.94999694824219,122.41999816894531,5872800
2019-02-20,99.89694213867188,121.94000244140625,122.08000183105469,121.58999633789062,121.94999694824219,4455800
2019-02-21,99.00397491455078,120.8499984741211,121.16000366210938,120.69999694824219,121.06999969482422,7382500
2019-02-22,99.59381103515625,121.56999969482422,121.94999694824219,121.41999816894531,121.47000122070312,6374600
2019-02-25,99.29891204833984,121.20999908447266,121.30000305175781,120.91999816894531,121.16999816894531,6293500
2019-02-26,99.7904281616211,121.80999755859375,121.81999969482422,121.36000061035156,121.7300033569336,6028900
2019-02-27,98.65990447998047,120.43000030517578,121.12999725341797,120.27999877929688,121.12000274658203,7737300
2019-02-28,98.32402801513672,120.0199966430664,120.62000274658203,119.70999908447266,120.55999755859375,9533400
2019-03-01,97.41519165039062,118.66000366210938,119.52999877929688,118.63999938964844,119.33000183105469,13541100
2019-03-04,98.17870330810547,119.58999633789062,119.7699966430664,119.05999755859375,119.29000091552734,9808500
2019-03-05,98.3839340209961,119.83999633789062,119.87000274658203,119.2699966430664,119.27999877929688,5595200
2019-03-06,98.74515533447266,120.27999877929688,120.5199966430664,119.88999938964844,119.91999816894531,7766700
2019-03-07,99.38552856445312,121.05999755859375,121.26000213623047,120.61000061035156,120.63999938964844,8187200
2019-03-08,99.80418395996094,121.56999969482422,121.69000244140625,120.8499984741211,121.12000274658203,7517600
2019-03-11,99.50869750976562,121.20999908447266,121.41999816894531,120.9800033569336,121.4000015258789,5157800
2019-03-12,100.20648193359375,122.05999755859375,122.2300033569336,121.26000213623047,121.30000305175781,6422300
2019-03-13,100.01766967773438,121.83000183105469,121.95999908447266,121.62000274658203,121.66000366210938,4386300
2019-03-14,99.29520416259766,120.94999694824219,121.76000213623047,120.91999816894531,121.69000244140625,8188400
2019-03-15,99.95194244384766,121.75,121.94999694824219,121.4000015258789,121.73999786376953,4302000
2019-03-18,99.89452362060547,121.68000030517578,121.87000274658203,121.5199966430664,121.56999969482422,3893300
2019-03-19,99.67285919189453,121.41000366210938,121.62000274658203,120.88999938964844,121.08999633789062,5220200
2019-03-20,100.7154769897461,122.68000030517578,122.8499984741211,121.7300033569336,121.73999786376953,10123700
2019-03-21,100.93711853027344,122.94999694824219,123.08999633789062,122.73999786376953,122.95999908447266,7182600
2019-03-22,102.5051498413086,124.86000061035156,125.27999877929688,124.05999755859375,124.20999908447266,13077000
2019-03-25,102.66936492919922,125.05999755859375,125.94000244140625,124.51000213623047,124.80999755859375,9736300
2019-03-26,102.59552001953125,124.97000122070312,125.29000091552734,124.62000274658203,124.69999694824219,7502000
2019-03-27,103.53959655761719,126.12000274658203,126.33999633789062,125.30999755859375,125.41999816894531,14207200
2019-03-28,103.9007797241211,126.55999755859375,126.69000244140625,126.01000213623047,126.25,9143200
2019-03-29,103.80229187011719,126.44000244140625,126.47000122070312,125.63999938964844,125.68000030517578,10841400
2019-04-01,102.3278579711914,124.37000274658203,125.36000061035156,124.19000244140625,125.29000091552734,16501500
2019-04-02,102.51713562011719,124.5999984741211,124.73999786376953,124.25,124.4800033569336,9725000
2019-04-03,101.62850189208984,123.5199966430664,123.87000274658203,123.37000274658203,123.61000061035156,10407000
2019-04-04,101.91646575927734,123.87000274658203,123.88999938964844,123.44000244140625,123.5999984741211,7503400
2019-04-05,102.04811096191406,124.02999877929688,124.16999816894531,123.58000183105469,123.62000274658203,6321800
2019-04-08,101.68610382080078,123.58999633789062,123.94999694824219,123.5199966430664,123.83000183105469,4446400
2019-04-09,102.00701141357422,123.9800033569336,124.33999633789062,123.7699966430664,124.22000122070312,7020300
2019-04-10,102.25384521484375,124.27999877929688,124.5199966430664,124.0999984741211,124.2699966430664,7519900
2019-04-11,101.65321350097656,123.55000305175781,124.0199966430664,123.41000366210938,123.93000030517578,8679300
2019-04-12,100.92918395996094,122.66999816894531,123.05999755859375,122.62999725341797,122.88999938964844,7005500
2019-04-15,101.18425750732422,122.9800033569336,122.98999786376953,122.72000122070312,122.77999877929688,3070000
2019-04-16,100.55070495605469,122.20999908447266,122.62999725341797,122.13999938964844,122.51000213623047,8927300
2019-04-17,100.59187316894531,122.26000213623047,122.56999969482422,122.11000061035156,122.12999725341797,6118500
2019-04-18,101.11844635009766,122.9000015258789,123.0999984741211,122.77999877929688,122.80999755859375,27589400
2019-04-22,100.63299560546875,122.30999755859375,122.56999969482422,122.23999786376953,122.47000122070312,6241200
2019-04-23,100.84689331054688,122.56999969482422,122.69999694824219,122.38999938964844,122.61000061035156,6239700
2019-04-24,101.66964721679688,123.56999969482422,123.58999633789062,123.08999633789062,123.11000061035156,7302000
2019-04-25,101.52156829833984,123.38999938964844,123.62000274658203,123.0999984741211,123.48999786376953,5380900
2019-04-26,101.86714172363281,123.80999755859375,124.0199966430664,123.63999938964844,123.9800033569336,5950700
2019-04-29,101.2171630859375,123.0199966430664,123.3499984741211,122.8499984741211,123.2300033569336,10246000
2019-04-30,101.7354965209961,123.6500015258789,123.73999786376953,122.93000030517578,122.94999694824219,7957400
2019-05-01,102.15518188476562,123.9000015258789,124.44999694824219,123.5999984741211,123.69000244140625,14371900
2019-05-02,101.66871643066406,123.30999755859375,123.80999755859375,123.04000091552734,123.68000030517578,6612800
2019-05-03,101.95722961425781,123.66000366210938,123.87999725341797,123.37000274658203,123.66000366210938,6191700
2019-05-06,102.23760986328125,124.0,124.37999725341797,123.93000030517578,124.30999755859375,4482500
2019-05-07,103.0208740234375,124.94999694824219,125.13999938964844,124.38999938964844,124.52999877929688,8984900
2019-05-08,102.57564544677734,124.41000366210938,125.30000305175781,124.30000305175781,125.1500015258789,6907600
2019-05-09,102.99614715576172,124.91999816894531,125.30000305175781,124.30999755859375,125.11000061035156,9411900
2019-05-10,102.85599517822266,124.75,125.44999694824219,124.58999633789062,124.88999938964844,6037800
2019-05-13,103.66400146484375,125.7300033569336,125.93000030517578,125.25,125.4000015258789,10501600
2019-05-14,103.35892486572266,125.36000061035156,125.6500015258789,125.19999694824219,125.51000213623047,5690400
2019-05-15,103.99378967285156,126.12999725341797,126.2699966430664,125.7699966430664,126.20999908447266,9566300
2019-05-16,103.64752960205078,125.70999908447266,125.83000183105469,125.52999877929688,125.80999755859375,7666400
2019-05-17,103.87837219238281,125.98999786376953,126.30000305175781,125.69000244140625,126.27999877929688,4747100
2019-05-20,103.66400146484375,125.7300033569336,126.37999725341797,125.6500015258789,126.12000274658203,6043100
2019-05-21,103.49909973144531,125.52999877929688,125.72000122070312,125.30000305175781,125.5999984741211,4021800
2019-05-22,104.09274291992188,126.25,126.33000183105469,125.72000122070312,125.7699966430664,5675300
2019-05-23,105.26353454589844,127.66999816894531,128.08999633789062,126.87999725341797,126.88999938964844,9743700
2019-05-24,105.35424041748047,127.77999877929688,127.77999877929688,127.38999938964844,127.55999755859375,4981900
2019-05-28,106.11273956298828,128.6999969482422,128.89999389648438,128.08999633789062,128.27000427246094,8098600
2019-05-29,106.43429565429688,129.08999633789062,129.89999389648438,129.0,129.6699981689453,13260600
2019-05-30,107.34947967529297,130.1999969482422,130.22999572753906,128.88999938964844,129.3300018310547,13024800
2019-05-31,108.69343566894531,131.8300018310547,131.89999389648438,130.80999755859375,130.89999389648438,18933600
2019-06-03,109.42048645019531,132.44000244140625,132.5800018310547,131.5500030517578,131.91000366210938,17822400
2019-06-04,108.17293548583984,130.92999267578125,131.75999450683594,130.5500030517578,131.38999938964844,14250000
2019-06-05,107.56155395507812,130.19000244140625,130.9499969482422,130.1199951171875,130.52000427246094,8815200
2019-06-06,107.90853881835938,130.61000061035156,131.58999633789062,130.32000732421875,130.97000122070312,9621100
2019-06-07,108.84211730957031,131.74000549316406,132.07000732421875,131.44000244140625,131.7899932861328,11378500
2019-06-10,107.81766510009766,130.5,130.6999969482422,130.32000732421875,130.67999267578125,8288700
2019-06-11,107.88374328613281,130.5800018310547,130.75999450683594,130.32000732421875,130.4199981689453,5115100
2019-06-12,107.96636199951172,130.67999267578125,130.75,130.3000030517578,130.38999938964844,5278700
2019-06-13,108.33816528320312,131.1300048828125,131.25,130.7899932861328,130.8000030517578,5560400
2019-06-14,108.61080932617188,131.4600067138672,131.7100067138672,131.08999633789062,131.10000610351562,5838800
2019-06-17,108.8008041381836,131.69000244140625,131.75999450683594,131.1300048828125,131.38999938964844,6046400
2019-06-18,109.34608459472656,132.35000610351562,132.86000061035156,131.9499969482422,132.74000549316406,10320700
2019-06-19,109.50309753417969,132.5399932861328,132.72000122070312,131.5800018310547,131.86000061035156,11962500
2019-06-20,109.79226684570312,132.88999938964844,133.50999450683594,132.58999633789062,132.91000366210938,10721500
2019-06-21,108.58602142333984,131.42999267578125,132.52999877929688,131.3800048828125,132.50999450683594,14495000
2019-06-24,109.39566040039062,132.41000366210938,132.52999877929688,132.0800018310547,132.16000366210938,6378800
2019-06-25,109.73440551757812,132.82000732421875,133.08999633789062,132.72000122070312,132.7899932861328,9604600
2019-06-26,109.03215026855469,131.97000122070312,132.6999969482422,131.8800048828125,132.67999267578125,12766800
2019-06-27,109.8005142211914,132.89999389648438,133.08999633789062,131.99000549316406,132.30999755859375,9724200
2019-06-28,109.72613525390625,132.80999755859375,133.0800018310547,132.4499969482422,132.5800018310547,8149200
2019-07-01,109.46951293945312,132.24000549316406,132.75,131.58999633789062,132.57000732421875,14131200
2019-07-02,110.31391906738281,133.25999450683594,133.38999938964844,132.4600067138672,132.57000732421875,10494300
2019-07-03,111.10030364990234,134.2100067138672,134.2899932861328,133.50999450683594,133.52000427246094,5380300
2019-07-05,109.62681579589844,132.42999267578125,132.5500030517578,131.6699981689453,132.5399932861328,12180100
2019-07-08,109.77583312988281,132.61000061035156,133.22000122070312,132.61000061035156,133.0500030517578,6490000
2019-07-09,109.73442840576172,132.55999755859375,132.7100067138672,132.16000366210938,132.67999267578125,6215700
2019-07-10,109.1301498413086,131.8300018310547,132.44000244140625,131.50999450683594,132.35000610351562,9470000
2019-07-11,107.67317199707031,130.07000732421875,131.41000366210938,129.75999450683594,131.30999755859375,14126800
2019-07-12,107.7973403930664,130.22000122070312,130.4499969482422,129.67999267578125,129.9199981689453,6992000
2019-07-15,108.41822814941406,130.97000122070312,131.0500030517578,130.4499969482422,130.4499969482422,6055500
2019-07-16,108.0953598022461,130.5800018310547,130.60000610351562,129.9600067138672,130.1699981689453,6172700
2019-07-17,109.2625732421875,131.99000549316406,132.02000427246094,131.0500030517578,131.05999755859375,9662200
2019-07-18,109.27083587646484,132.0,132.32000732421875,131.24000549316406,131.47000122070312,5724900
2019-07-19,109.01420593261719,131.69000244140625,131.92999267578125,131.50999450683594,131.58999633789062,5804800
2019-07-22,109.2212142944336,131.94000244140625,132.49000549316406,131.74000549316406,132.47000122070312,5204100
2019-07-23,108.62515258789062,131.22000122070312,131.74000549316406,130.97000122070312,131.60000610351562,8108900
2019-07-24,109.09698486328125,131.7899932861328,131.89999389648438,131.47000122070312,131.60000610351562,6389700
2019-07-25,108.57550048828125,131.16000366210938,131.41000366210938,130.50999450683594,131.25,8893100
2019-07-26,108.8321304321289,131.47000122070312,131.77999877929688,131.25,131.6999969482422,6188400
2019-07-29,108.86524200439453,131.50999450683594,131.9499969482422,131.39999389648438,131.82000732421875,6231800
2019-07-30,109.1301498413086,131.8300018310547,132.10000610351562,131.42999267578125,132.0,5678500
2019-07-31,110.00760650634766,132.88999938964844,133.3300018310547,131.66000366210938,131.6999969482422,15798700
2019-08-01,112.19237518310547,135.25999450683594,135.38999938964844,133.25999450683594,133.38999938964844,26664800
2019-08-02,113.22923278808594,136.50999450683594,136.50999450683594,135.39999389648438,135.66000366210938,15143100
2019-08-05,115.186767578125,138.8699951171875,138.88999938964844,137.66000366210938,138.13999938964844,18543000
2019-08-06,116.10741424560547,139.97999572753906,139.97999572753906,138.08999633789062,138.1999969482422,12747400
2019-08-07,116.14888763427734,140.02999877929688,143.05999755859375,139.77999877929688,142.39999389648438,32582000
2019-08-08,116.39775085449219,140.3300018310547,140.42999267578125,137.97999572753906,139.13999938964844,14746000
2019-08-09,116.16552734375,140.0500030517578,141.5500030517578,139.8699951171875,140.6699981689453,10626000
2019-08-12,118.58750915527344,142.97000122070312,143.42999267578125,141.50999450683594,141.72000122070312,14094300
2019-08-13,118.18109130859375,142.47999572753906,143.91000366210938,141.9499969482422,143.80999755859375,15974900
2019-08-14,120.8436279296875,145.69000244140625,145.72999572753906,144.7100067138672,145.16000366210938,15068900
2019-08-15,122.18732452392578,147.30999755859375,148.60000610351562,145.5800018310547,145.9499969482422,23588700
2019-08-16,121.20860290527344,146.1300048828125,146.50999450683594,144.83999633789062,146.05999755859375,17150500
2019-08-19,119.47493743896484,144.0399932861328,144.66000366210938,143.50999450683594,143.57000732421875,13614700
2019-08-20,120.7109375,145.52999877929688,145.6199951171875,144.83999633789062,145.27999877929688,7451500
2019-08-21,119.90635681152344,144.55999755859375,145.7899932861328,144.2899932861328,144.72000122070312,9372000
2019-08-22,119.11011505126953,143.60000610351562,144.6999969482422,143.47999572753906,144.0,13878800
2019-08-23,121.06761169433594,145.9600067138672,146.27000427246094,143.42999267578125,143.52000427246094,16191800
2019-08-26,120.57818603515625,145.3699951171875,146.2899932861328,145.2899932861328,145.8699951171875,12174500
2019-08-27,122.43618774414062,147.61000061035156,147.72000122070312,146.47999572753906,146.6300048828125,11332300
2019-08-28,122.59376525878906,147.8000030517578,148.89999389648438,147.66000366210938,148.77999877929688,10095900
2019-08-29,122.12934112548828,147.24000549316406,147.33999633789062,146.1300048828125,147.25,8884900
2019-08-30,122.1624984741211,147.27999877929688,147.47999572753906,146.36000061035156,146.61000061035156,13550800
2019-09-03,122.32039642333984,147.2100067138672,148.6699981689453,146.57000732421875,147.08999633789062,15660800
2019-09-04,122.50316619873047,147.42999267578125,147.6199951171875,146.47999572753906,146.52999877929688,7962200
2019-09-05,120.28453826904297,144.75999450683594,145.8000030517578,143.88999938964844,145.66000366210938,19382900
2019-09-06,121.14044952392578,145.7899932861328,146.02999877929688,145.0800018310547,145.25999450683594,9466400
2019-09-09,118.98828887939453,143.1999969482422,144.0,143.19000244140625,143.8300018310547,15862700
2019-09-10,116.90269470214844,140.69000244140625,143.2899932861328,140.66000366210938,142.83999633789062,13851400
2019-09-11,116.69495391845703,140.44000244140625,141.14999389648438,140.38999938964844,140.39999389648438,10941700
2019-09-12,115.93057250976562,139.52000427246094,141.8000030517578,139.05999755859375,141.5,19163300
2019-09-13,113.45436096191406,136.5399932861328,138.7100067138672,136.5399932861328,138.27999877929688,18922200
2019-09-16,114.90020751953125,138.27999877929688,138.57000732421875,137.25,137.8800048828125,10971600
2019-09-17,115.52342987060547,139.02999877929688,139.60000610351562,138.02000427246094,138.36000061035156,9081200
2019-09-18,116.0136489868164,139.6199951171875,140.66000366210938,139.52999877929688,139.92999267578125,10984600
2019-09-19,116.36261749267578,140.0399932861328,140.99000549316406,139.97000122070312,140.75999450683594,13176200
2019-09-20,117.89984130859375,141.88999938964844,141.97999572753906,140.44000244140625,140.77000427246094,11519800
2019-09-23,117.87492370605469,141.86000061035156,143.16000366210938,141.6999969482422,142.24000549316406,15246700
2019-09-24,119.2957534790039,143.57000732421875,143.85000610351562,142.41000366210938,142.4199981689453,12421600
2019-09-25,117.5508804321289,141.47000122070312,143.5500030517578,141.13999938964844,143.25999450683594,14147100
2019-09-26,118.3069839477539,142.3800048828125,142.99000549316406,141.89999389648438,142.27000427246094,9636500
2019-09-27,118.5977783203125,142.72999572753906,142.97999572753906,142.13999938964844,142.32000732421875,10386900
2019-09-30,118.8886489868164,143.0800018310547,143.08999633789062,141.83999633789062,141.8800048828125,8006900
2019-10-01,119.24655151367188,143.25999450683594,143.91000366210938,141.13999938964844,141.25999450683594,16613700
2019-10-02,119.5379409790039,143.61000061035156,144.27000427246094,143.24000549316406,143.4600067138672,12891500
2019-10-03,120.62828826904297,144.9199981689453,145.6699981689453,143.9199981689453,143.97999572753906,13470500
2019-10-04,121.5189437866211,145.99000549316406,146.02999877929688,145.1999969482422,145.35000610351562,11516200
2019-10-07,120.51177215576172,144.77999877929688,145.52999877929688,144.7100067138672,145.16000366210938,11013900
2019-10-08,120.83637237548828,145.1699981689453,145.92999267578125,144.6199951171875,145.82000732421875,14529700
2019-10-09,120.15385437011719,144.35000610351562,144.61000061035156,143.8000030517578,144.60000610351562,8608800
2019-10-10,118.36421966552734,142.1999969482422,143.17999267578125,141.72999572753906,143.1199951171875,15054200
2019-10-11,116.89920806884766,140.44000244140625,141.10000610351562,139.7100067138672,140.97999572753906,26294000
2019-10-14,117.74825286865234,141.4600067138672,141.50999450683594,141.0800018310547,141.47999572753906,5936900
2019-10-15,116.32490539550781,139.75,140.9499969482422,139.5500030517578,140.6699981689453,11832300
2019-10-16,116.46640014648438,139.9199981689453,140.05999755859375,139.35000610351562,139.63999938964844,7729500
2019-10-17,116.18339538574219,139.5800018310547,140.3800048828125,139.3000030517578,139.52000427246094,6219300
2019-10-18,116.18339538574219,139.5800018310547,140.22999572753906,139.4499969482422,139.80999755859375,6456100
2019-10-21,115.3094253540039,138.52999877929688,138.99000549316406,138.22999572753906,138.57000732421875,8038000
2019-10-22,115.983642578125,139.33999633789062,139.52999877929688,138.63999938964844,139.3800048828125,6683300
2019-10-23,116.10022735595703,139.47999572753906,140.30999755859375,139.36000061035156,140.02999877929688,5995400
2019-10-24,115.86711883544922,139.1999969482422,140.24000549316406,139.02999877929688,139.67999267578125,6161700
2019-10-25,115.3010482788086,138.52000427246094,139.5500030517578,138.30999755859375,139.52999877929688,5669800
2019-10-28,114.2522201538086,137.25999450683594,137.5800018310547,136.99000549316406,137.5800018310547,11402100
2019-10-29,114.32723236083984,137.35000610351562,137.74000549316406,137.1699981689453,137.6199951171875,5296600
2019-10-30,116.00028228759766,139.36000061035156,139.4499969482422,137.77000427246094,137.77000427246094,10914100
2019-10-31,117.56511688232422,141.24000549316406,141.67999267578125,140.42999267578125,140.47999572753906,15834100
2019-11-01,117.20330047607422,140.55999755859375,141.27000427246094,139.7899932861328,140.72999572753906,11425500
2019-11-04,115.66069793701172,138.7100067138672,139.13999938964844,138.52999877929688,138.97000122070312,11124300
2019-11-05,114.35990905761719,137.14999389648438,137.44000244140625,136.72999572753906,137.22000122070312,13493000
2019-11-06,115.05197143554688,137.97999572753906,138.41000366210938,137.33999633789062,138.02000427246094,9351900
2019-11-07,112.96739959716797,135.47999572753906,136.36000061035156,134.4499969482422,136.35000610351562,19209800
2019-11-08,112.49212646484375,134.91000366210938,135.9499969482422,134.77999877929688,135.14999389648438,10222900
2019-11-11,112.56720733642578,135.0,135.38999938964844,134.63999938964844,135.3800048828125,4577000
2019-11-12,113.08411407470703,135.6199951171875,135.9499969482422,134.7899932861328,135.27999877929688,5772900
2019-11-13,113.81790924072266,136.5,136.9600067138672,136.1699981689453,136.80999755859375,6672400
2019-11-14,114.99359130859375,137.91000366210938,138.44000244140625,137.6699981689453,137.8000030517578,10213300
2019-11-15,114.86851501464844,137.75999450683594,138.16000366210938,137.42999267578125,137.47999572753906,4657600
2019-11-18,115.0770034790039,138.00999450683594,138.61000061035156,137.92999267578125,138.2100067138672,5943900
2019-11-19,116.03590393066406,139.16000366210938,139.24000549316406,138.3699951171875,138.3699951171875,7893100
2019-11-20,117.23658752441406,140.60000610351562,140.60000610351562,139.77000427246094,139.91000366210938,7905500
2019-11-21,116.50284576416016,139.72000122070312,140.0800018310547,139.1199951171875,139.63999938964844,5980900
2019-11-22,116.65293884277344,139.89999389648438,140.27999877929688,139.67999267578125,140.10000610351562,4664800
2019-11-25,116.99476623535156,140.30999755859375,140.52999877929688,140.17999267578125,140.3000030517578,4157300
2019-11-26,117.67854309082031,141.1300048828125,141.30999755859375,140.94000244140625,141.0,4281100
2019-11-27,117.336669921875,140.72000122070312,140.91000366210938,140.4199981689453,140.60000610351562,4095700
2019-11-29,117.08653259277344,140.4199981689453,140.67999267578125,139.77999877929688,140.6199951171875,6251100
2019-12-02,115.5254135131836,138.30999755859375,138.6699981689453,137.9499969482422,138.13999938964844,17702200
2019-12-03,117.94766998291016,141.2100067138672,141.77000427246094,139.92999267578125,140.0399932861328,13062400
2019-12-04,116.76998138427734,139.8000030517578,140.5,139.2100067138672,140.33999633789062,8586300
2019-12-05,116.20196533203125,139.1199951171875,139.44000244140625,138.60000610351562,138.66000366210938,7273800
2019-12-06,115.55885314941406,138.35000610351562,139.1199951171875,137.86000061035156,138.02999877929688,7931100
2019-12-09,115.80938720703125,138.64999389648438,139.11000061035156,138.57000732421875,138.99000549316406,4016900
2019-12-10,115.81776428222656,138.66000366210938,139.35000610351562,138.41000366210938,139.17999267578125,4947600
2019-12-11,116.72820281982422,139.75,140.13999938964844,139.22999572753906,139.3000030517578,6256700
2019-12-12,114.80706787109375,137.4499969482422,139.27999877929688,136.61000061035156,139.19000244140625,14857000
2019-12-13,116.13513946533203,139.0399932861328,139.61000061035156,137.22999572753906,138.1199951171875,11335100
2019-12-16,115.09109497070312,137.7899932861328,138.4600067138672,137.42999267578125,138.39999389648438,9156600
2019-12-17,114.93240356445312,137.60000610351562,138.33999633789062,137.2100067138672,138.2100067138672,6179700
2019-12-18,113.98855590820312,136.47000122070312,137.4499969482422,136.27999877929688,137.3000030517578,6244700
2019-12-19,114.17092895507812,136.47000122070312,136.86000061035156,135.75999450683594,136.0,6591100
2019-12-20,114.32154083251953,136.64999389648438,136.69000244140625,135.92999267578125,136.1300048828125,5455700
2019-12-23,114.15418243408203,136.4499969482422,136.97000122070312,136.0,136.80999755859375,5175000
2019-12-24,114.48048400878906,136.83999633789062,137.05999755859375,135.88999938964844,135.9199981689453,4667400
2019-12-26,114.75652313232422,137.1699981689453,137.22000122070312,136.50999450683594,136.91000366210938,5290200
2019-12-27,114.88202667236328,137.32000732421875,137.6300048828125,137.2899932861328,137.44000244140625,7300500
2019-12-30,114.46370697021484,136.82000732421875,136.89999389648438,135.66000366210938,135.88999938964844,7979700
2019-12-31,113.34268188476562,135.47999572753906,136.4600067138672,135.3800048828125,136.2100067138672,10707400
2020-01-02,114.62267303466797,137.00999450683594,137.52999877929688,136.6699981689453,136.7899932861328,11034100
2020-01-03,116.38787841796875,139.1199951171875,139.16000366210938,137.8800048828125,138.27000427246094,12366000
2020-01-06,115.72699737548828,138.3300018310547,139.7100067138672,138.14999389648438,139.69000244140625,11369800
2020-01-07,115.1580810546875,137.64999389648438,138.47000122070312,137.63999938964844,138.22000122070312,8381200
2020-01-08,114.39683532714844,136.74000549316406,138.30999755859375,136.32000732421875,137.92999267578125,10621700
2020-01-09,114.79838562011719,137.22000122070312,137.44000244140625,135.91000366210938,136.0,7411500
2020-01-10,115.81902313232422,138.44000244140625,138.47000122070312,137.6300048828125,137.6699981689453,8776000
2020-01-13,115.4676284790039,138.02000427246094,138.08999633789062,137.38999938964844,137.8800048828125,5966900
2020-01-14,116.06160736083984,138.72999572753906,138.82000732421875,138.13999938964844,138.17999267578125,13920300
2020-01-15,116.8312759399414,139.64999389648438,139.75999450683594,139.02000427246094,139.52000427246094,6290500
2020-01-16,116.46317291259766,139.2100067138672,139.52999877929688,138.74000549316406,139.25999450683594,6798600
2020-01-17,115.4676284790039,138.02000427246094,138.13999938964844,137.36000061035156,137.5800018310547,9693100
2020-01-21,116.68071746826172,139.47000122070312,139.64999389648438,138.77000427246094,138.80999755859375,6794900
2020-01-22,117.09066009521484,139.9600067138672,140.13999938964844,139.58999633789062,139.72000122070312,6317000
2020-01-23,117.91050720214844,140.94000244140625,141.3800048828125,140.77999877929688,140.85000610351562,9747400
2020-01-24,118.86426544189453,142.0800018310547,142.5500030517578,141.3000030517578,141.4199981689453,8585000
2020-01-27,120.713134765625,144.2899932861328,144.2899932861328,143.5,143.9499969482422,10935200
2020-01-28,119.76775360107422,143.16000366210938,144.08999633789062,142.82000732421875,143.92999267578125,10612900
2020-01-29,120.93900299072266,144.55999755859375,144.6999969482422,143.42999267578125,143.44000244140625,9566800
2020-01-30,120.9557876586914,144.5800018310547,145.6699981689453,144.2899932861328,144.89999389648438,14711800
2020-01-31,122.06004333496094,145.89999389648438,145.99000549316406,145.08999633789062,145.1699981689453,14538100
2020-02-03,121.96116638183594,145.5399932861328,145.75999450683594,144.1199951171875,144.9499969482422,15309000
2020-02-04,120.31871032714844,143.5800018310547,144.13999938964844,143.05999755859375,143.99000549316406,11388300
2020-02-05,119.00312805175781,142.00999450683594,142.6999969482422,141.89999389648438,142.3000030517578,10782600
2020-02-06,119.53937530517578,142.64999389648438,142.8800048828125,142.0,142.17999267578125,6683100
2020-02-07,121.03097534179688,144.42999267578125,144.74000549316406,143.8699951171875,144.22000122070312,11374800
2020-02-10,121.3661880493164,144.8300018310547,145.25,144.67999267578125,145.10000610351562,6699300
2020-02-11,120.75444793701172,144.10000610351562,144.72000122070312,143.94000244140625,144.58999633789062,7784100
2020-02-12,120.1427230834961,143.3699951171875,143.5500030517578,142.99000549316406,143.3699951171875,5595500
2020-02-13,120.6036376953125,143.9199981689453,144.1999969482422,143.27000427246094,143.44000244140625,7883400
2020-02-14,121.1315689086914,144.5500030517578,145.0800018310547,144.4499969482422,144.75999450683594,7137400
2020-02-18,121.96116638183594,145.5399932861328,146.0500030517578,144.9199981689453,145.33999633789062,6909200
2020-02-19,121.95283508300781,145.52999877929688,145.6199951171875,144.97999572753906,145.1199951171875,5707700
2020-02-20,122.90814208984375,146.6699981689453,146.94000244140625,146.0,146.0800018310547,9332900
2020-02-21,124.0561752319336,148.0399932861328,148.8800048828125,147.64999389648438,147.8000030517578,13860300
2020-02-24,125.9080581665039,150.25,150.9600067138672,150.0,150.8300018310547,15929300
2020-02-25,126.57854461669922,151.0500030517578,151.75999450683594,150.13999938964844,150.2100067138672,20802900
2020-02-26,125.9080581665039,150.25,151.72000122070312,149.5800018310547,149.9499969482422,22589500
2020-02-27,127.2740707397461,151.8800048828125,153.0800018310547,150.8300018310547,152.6999969482422,30687900
2020-02-28,130.14833068847656,155.30999755859375,155.97999572753906,154.16000366210938,154.4499969482422,44935200
2020-03-02,129.19082641601562,153.94000244140625,156.5,153.75999450683594,155.3000030517578,28152400
2020-03-03,131.19654846191406,156.3300018310547,159.6999969482422,152.36000061035156,153.80999755859375,38608000
2020-03-04,129.8034210205078,154.6699981689453,157.35000610351562,154.19000244140625,156.41000366210938,23463700
2020-03-05,133.03443908691406,158.52000427246094,158.82000732421875,156.80999755859375,157.1300048828125,17786200
2020-03-06,139.9580535888672,166.77000427246094,169.3300018310547,164.11000061035156,167.3000030517578,76288300
2020-03-09,143.75144958496094,171.2899932861328,179.6999969482422,170.33999633789062,179.10000610351562,41552800
2020-03-10,136.3829345703125,162.50999450683594,172.92999267578125,162.02999877929688,169.63999938964844,37728300
2020-03-11,131.36431884765625,156.52999877929688,167.02999877929688,155.6300048828125,165.42999267578125,29519300
2020-03-12,132.17837524414062,157.5,166.36000061035156,155.66000366210938,163.50999450683594,24361800
2020-03-13,129.19082641601562,153.94000244140625,158.1999969482422,152.19000244140625,155.0,19812900
2020-03-16,137.55792236328125,163.91000366210938,166.14999389648438,157.80999755859375,160.3800048828125,30496700
2020-03-17,128.38514709472656,152.97999572753906,165.6300048828125,152.7100067138672,163.5,18570900
2020-03-18,121.14258575439453,144.35000610351562,154.13999938964844,139.00999450683594,152.83999633789062,47061000
2020-03-19,124.44076538085938,148.27999877929688,153.4499969482422,145.25,146.9499969482422,21175300
2020-03-20,133.7981719970703,159.42999267578125,159.42999267578125,152.11000061035156,153.3000030517578,20863100
2020-03-23,139.31190490722656,166.0,166.69000244140625,156.57000732421875,157.5,19971800
2020-03-24,136.71868896484375,162.91000366210938,165.4499969482422,160.41000366210938,161.25,11948600
2020-03-25,136.40814208984375,162.5399932861328,166.67999267578125,161.6199951171875,163.58999633789062,10750600
2020-03-26,137.07955932617188,163.33999633789062,165.67999267578125,162.27000427246094,164.0,10576200
2020-03-27,140.7386016845703,167.6999969482422,168.25,164.58999633789062,165.52000427246094,12550000
2020-03-30,139.5804443359375,166.32000732421875,170.11000061035156,165.94000244140625,168.3000030517578,13473200
2020-03-31,138.44754028320312,164.97000122070312,166.9199981689453,164.55999755859375,165.6999969482422,11464800
2020-04-01,140.38723754882812,167.0399932861328,168.9600067138672,166.39999389648438,168.47999572753906,11334700
2020-04-02,141.27809143066406,168.10000610351562,169.22000122070312,167.25999450683594,168.8300018310547,5771200
2020-04-03,141.61428833007812,168.5,170.3300018310547,168.13999938964844,168.5500030517578,6570800
2020-04-06,141.2444305419922,168.05999755859375,168.27000427246094,166.52999877929688,167.0,9434800
2020-04-07,139.7652130126953,166.3000030517578,166.4199981689453,163.7100067138672,164.9600067138672,13811400
2020-04-08,138.7483673095703,165.08999633789062,166.19000244140625,164.1300048828125,165.11000061035156,10147100
2020-04-09,139.00050354003906,165.38999938964844,165.7899932861328,163.77999877929688,164.27999877929688,14259100
2020-04-13,137.73141479492188,163.8800048828125,165.7100067138672,163.8800048828125,164.75,8750300
2020-04-14,137.6977996826172,163.83999633789062,164.74000549316406,163.47999572753906,163.83999633789062,9019100
2020-04-15,141.34535217285156,168.17999267578125,168.60000610351562,166.74000549316406,166.8000030517578,10027800
2020-04-16,142.95054626464844,170.08999633789062,170.32000732421875,169.02000427246094,169.25999450683594,8265400
2020-04-17,141.03436279296875,167.80999755859375,170.83999633789062,167.27000427246094,169.82000732421875,8612100
2020-04-20,142.1688995361328,169.16000366210938,169.2899932861328,167.9600067138672,168.44000244140625,6462600
2020-04-21,143.95912170410156,171.2899932861328,172.14999389648438,170.77999877929688,171.92999267578125,7850700
2020-04-22,142.4882354736328,169.5399932861328,170.38999938964844,168.7100067138672,169.97000122070312,6230200
2020-04-23,143.24472045898438,170.44000244140625,170.92999267578125,169.61000061035156,169.8699951171875,5968600
2020-04-24,143.58087158203125,170.83999633789062,170.83999633789062,169.57000732421875,169.61000061035156,6211800
2020-04-27,140.9082794189453,167.66000366210938,169.75,167.44000244140625,169.66000366210938,9039500
2020-04-28,142.5303497314453,169.58999633789062,169.85000610351562,168.4499969482422,168.5500030517578,9905400
2020-04-29,141.79071044921875,168.7100067138672,170.25999450683594,167.9600067138672,169.52999877929688,8619600
2020-04-30,140.13504028320312,166.74000549316406,169.22999572753906,166.7100067138672,168.74000549316406,11606100
2020-05-01,141.3350830078125,167.9499969482422,168.11000061035156,166.44000244140625,167.5,10209400
2020-05-04,140.67025756835938,167.16000366210938,167.67999267578125,166.47999572753906,167.55999755859375,8300900
2020-05-05,139.76988220214844,166.08999633789062,166.27000427246094,165.27000427246094,165.57000732421875,7831800
2020-05-06,137.5145721435547,163.41000366210938,163.63999938964844,162.0500030517578,163.22999572753906,14721500
2020-05-07,139.81195068359375,166.13999938964844,166.3699951171875,163.33999633789062,163.55999755859375,9164800
2020-05-08,137.9941864013672,163.97999572753906,165.39999389648438,163.67999267578125,164.49000549316406,8129800
2020-05-11,136.91708374023438,162.6999969482422,164.22000122070312,162.10000610351562,163.66000366210938,8713500
2020-05-12,138.32241821289062,164.3699951171875,164.92999267578125,163.1300048828125,163.16000366210938,10057300
2020-05-13,139.29022216796875,165.52000427246094,166.2899932861328,164.8300018310547,165.08999633789062,13305600
2020-05-14,140.65345764160156,167.13999938964844,168.14999389648438,167.0500030517578,167.32000732421875,10080000
2020-05-15,140.29161071777344,166.7100067138672,168.49000549316406,166.3300018310547,168.3000030517578,7225600
2020-05-18,137.21160888671875,163.0500030517578,165.05999755859375,162.4199981689453,164.92999267578125,10073100
2020-05-19,137.7249755859375,163.66000366210938,163.6999969482422,162.47999572753906,162.52000427246094,8639100
2020-05-20,138.13723754882812,164.14999389648438,164.6999969482422,162.8800048828125,163.1699981689453,10927300
2020-05-21,138.48228454589844,164.55999755859375,165.36000061035156,164.2899932861328,164.86000061035156,8920000
2020-05-22,139.3155059814453,165.5500030517578,165.67999267578125,164.61000061035156,164.72000122070312,4956700
2020-05-26,137.4471893310547,163.3300018310547,163.7899932861328,162.97999572753906,163.7100067138672,8098900
2020-05-27,137.19479370117188,163.02999877929688,163.91000366210938,162.58999633789062,162.7899932861328,8047400
2020-05-28,136.68978881835938,162.42999267578125,162.57000732421875,161.66000366210938,161.9600067138672,10272600
2020-05-29,137.666015625,163.58999633789062,164.08999633789062,162.35000610351562,162.7100067138672,14632700
2020-06-01,136.73915100097656,162.27999877929688,162.44000244140625,161.6699981689453,162.10000610351562,13341400
2020-06-02,136.24195861816406,161.69000244140625,162.08999633789062,161.25,161.6699981689453,11517100
2020-06-03,134.43038940429688,159.5399932861328,160.3300018310547,158.94000244140625,160.17999267578125,12255700
2020-06-04,132.48397827148438,157.22999572753906,159.00999450683594,157.19000244140625,158.9199981689453,14038600
2020-06-05,131.54031372070312,156.11000061035156,156.16000366210938,153.16000366210938,154.61000061035156,17778500
2020-06-08,132.0457763671875,156.7100067138672,156.85000610351562,155.0500030517578,155.07000732421875,10346700
2020-06-09,133.54568481445312,158.49000549316406,159.63999938964844,158.3000030517578,159.0500030517578,9095300
2020-06-10,135.5258331298828,160.83999633789062,160.89999389648438,159.0500030517578,159.24000549316406,13135500
2020-06-11,138.0873260498047,163.8800048828125,164.22999572753906,162.6300048828125,163.25,17086400
2020-06-12,136.7560272216797,162.3000030517578,163.66000366210938,162.0500030517578,162.41000366210938,9716100
2020-06-15,136.83181762695312,162.38999938964844,164.22000122070312,162.13999938964844,163.88999938964844,7759800
2020-06-16,134.73367309570312,159.89999389648438,161.22999572753906,158.6999969482422,159.41000366210938,13698900
2020-06-17,135.28985595703125,160.55999755859375,160.77000427246094,159.33999633789062,160.27000427246094,7113900
2020-06-18,136.7222900390625,162.25999450683594,162.47999572753906,161.61000061035156,162.0399932861328,7691400
2020-06-19,136.83181762695312,162.38999938964844,162.5,160.91000366210938,161.0,8565500
2020-06-22,136.8486785888672,162.41000366210938,163.4199981689453,162.07000732421875,163.19000244140625,9319700
2020-06-23,135.91342163085938,161.3000030517578,162.05999755859375,161.1199951171875,161.47999572753906,9088600
2020-06-24,137.37118530273438,163.02999877929688,163.08999633789062,161.52000427246094,161.52999877929688,11436500
2020-06-25,137.7671661376953,163.5,164.35000610351562,163.39999389648438,164.2100067138672,10968000
2020-06-26,139.24171447753906,165.25,165.32000732421875,164.17999267578125,164.25,12119300
2020-06-29,138.8035430908203,164.72999572753906,165.27000427246094,164.3800048828125,164.85000610351562,7274400
2020-06-30,138.1294708251953,163.92999267578125,165.2899932861328,163.47999572753906,165.22999572753906,14841700
2020-07-01,137.86126708984375,163.4199981689453,163.55999755859375,162.14999389648438,162.80999755859375,13181000
2020-07-02,138.00457763671875,163.58999633789062,163.74000549316406,162.24000549316406,162.6999969482422,7599800
2020-07-06,137.43942260742188,162.9199981689453,163.02000427246094,161.75,162.3300018310547,7972700
2020-07-07,139.37123107910156,165.2100067138672,165.33999633789062,163.1999969482422,163.4199981689453,12791900
2020-07-08,138.81451416015625,164.5500030517578,164.9199981689453,163.8300018310547,164.32000732421875,7253900
2020-07-09,141.02476501464844,167.1699981689453,167.4499969482422,164.60000610351562,164.66000366210938,13373100
2020-07-10,140.3160858154297,166.3300018310547,168.2100067138672,166.16000366210938,167.9499969482422,8478000
2020-07-13,140.78005981445312,166.8800048828125,166.9600067138672,165.22999572753906,165.5,8054000
2020-07-14,140.98251342773438,167.1199951171875,168.13999938964844,166.97999572753906,167.92999267578125,11344600
2020-07-15,140.32449340820312,166.33999633789062,166.9499969482422,165.8300018310547,165.9199981689453,7840300
2020-07-16,140.9909210205078,167.1300048828125,167.77000427246094,167.0399932861328,167.39999389648438,9107400
2020-07-17,140.69569396972656,166.77999877929688,167.39999389648438,166.47000122070312,167.27000427246094,8549900
2020-07-20,141.04159545898438,167.19000244140625,167.6199951171875,166.8000030517578,167.50999450683594,6907200
2020-07-21,141.12586975097656,167.2899932861328,167.72000122070312,167.0800018310547,167.3000030517578,8454400
2020-07-22,141.5477294921875,167.7899932861328,168.4600067138672,167.69000244140625,168.25999450683594,6592100
2020-07-23,143.201171875,169.75,169.8800048828125,168.47999572753906,168.9199981689453,10471800
2020-07-24,143.1927947998047,169.74000549316406,169.9199981689453,168.8699951171875,169.00999450683594,7520700
2020-07-27,142.66127014160156,169.11000061035156,170.3000030517578,168.99000549316406,170.25,6146400
2020-07-28,143.64837646484375,170.27999877929688,170.33999633789062,169.42999267578125,169.5399932861328,8520700
2020-07-29,143.40365600585938,169.99000549316406,170.38999938964844,168.97999572753906,170.0500030517578,6733700
2020-07-30,144.34854125976562,171.11000061035156,171.25999450683594,170.75,171.0500030517578,9376100
2020-07-31,144.25572204589844,171.0,171.4600067138672,169.94000244140625,170.14999389648438,8886000
2020-08-03,143.52938842773438,169.9499969482422,169.99000549316406,168.97000122070312,169.24000549316406,9066200
2020-08-04,144.8975830078125,171.57000732421875,171.5800018310547,170.72000122070312,170.8300018310547,9878900
2020-08-05,143.63067626953125,170.07000732421875,170.55999755859375,169.69000244140625,170.05999755859375,6954100
2020-08-06,144.43310546875,171.02000427246094,172.25,170.6199951171875,171.3800048828125,9481800
2020-08-07,143.4703369140625,169.8800048828125,171.5,169.5800018310547,171.27999877929688,8176900
2020-08-10,142.8284454345703,169.1199951171875,170.25,169.07000732421875,170.22000122070312,6408500
2020-08-11,141.13088989257812,167.11000061035156,167.49000549316406,165.8800048828125,167.1699981689453,19234200
2020-08-12,139.84716796875,165.58999633789062,166.07000732421875,164.99000549316406,165.6999969482422,11744800
2020-08-13,138.35231018066406,163.82000732421875,165.5800018310547,163.1699981689453,165.30999755859375,12744700
2020-08-14,137.81185913085938,163.17999267578125,164.14999389648438,163.16000366210938,163.80999755859375,6398100
2020-08-17,138.15814208984375,163.58999633789062,164.4600067138672,163.42999267578125,163.97000122070312,6901500
2020-08-18,139.146240234375,164.75999450683594,164.8699951171875,164.08999633789062,164.36000061035156,8140600
2020-08-19,138.27638244628906,163.72999572753906,165.61000061035156,163.3000030517578,165.3699951171875,12497700
2020-08-20,139.52622985839844,165.2100067138672,165.64999389648438,164.92999267578125,165.38999938964844,10319900
2020-08-21,140.3623504638672,166.1999969482422,166.3300018310547,165.00999450683594,165.77000427246094,6836000
2020-08-24,140.13427734375,165.92999267578125,166.97000122070312,165.86000061035156,166.32000732421875,6490600
2020-08-25,139.06178283691406,164.66000366210938,165.08999633789062,163.8300018310547,164.35000610351562,10518300
2020-08-26,138.52978515625,164.02999877929688,164.3300018310547,163.27999877929688,164.0500030517578,8276600
2020-08-27,136.17347717285156,161.24000549316406,164.82000732421875,161.16000366210938,164.75999450683594,19860100
2020-08-28,136.0720672607422,161.1199951171875,162.0500030517578,160.63999938964844,161.77000427246094,8415400
2020-08-31,136.9757843017578,162.19000244140625,163.25,161.55999755859375,161.60000610351562,11388100
2020-09-01,138.54251098632812,163.86000061035156,164.07000732421875,161.17999267578125,161.75999450683594,10587000
2020-09-02,139.86143493652344,165.4199981689453,165.55999755859375,163.49000549316406,163.50999450683594,15167700
2020-09-03,140.25875854492188,165.88999938964844,167.24000549316406,165.44000244140625,165.75,16416600
2020-09-04,137.59548950195312,162.74000549316406,164.6999969482422,162.4499969482422,164.41000366210938,13780300
2020-09-08,138.44100952148438,163.74000549316406,165.25999450683594,163.74000549316406,164.3699951171875,13790400
2020-09-09,138.0689697265625,163.3000030517578,164.25,162.75999450683594,163.94000244140625,9558900
2020-09-10,138.77076721191406,164.1300048828125,164.35000610351562,161.9499969482422,162.4600067138672,8847700
2020-09-11,139.06671142578125,164.47999572753906,164.57000732421875,164.0800018310547,164.30999755859375,5458200
2020-09-14,139.0581817626953,164.47000122070312,165.0800018310547,164.22999572753906,164.7899932861328,4274900
2020-09-15,138.7200469970703,164.07000732421875,164.47000122070312,163.7899932861328,164.1699981689453,6928500
2020-09-16,138.3057403564453,163.5800018310547,164.88999938964844,162.97999572753906,164.77999877929688,8815200
2020-09-17,138.72853088378906,164.0800018310547,164.9600067138672,163.8000030517578,164.89999389648438,7813900
2020-09-18,138.2972869873047,163.57000732421875,164.24000549316406,163.33999633789062,164.1699981689453,7246300
2020-09-21,138.99903869628906,164.39999389648438,165.39999389648438,164.13999938964844,164.88999938964844,11086900
2020-09-22,138.8892059326172,164.27000427246094,164.8800048828125,163.8699951171875,164.44000244140625,10524100
2020-09-23,139.0751495361328,164.49000549316406,164.52999877929688,163.47999572753906,164.3000030517578,6224800
2020-09-24,139.60777282714844,165.1199951171875,165.1199951171875,164.6199951171875,164.9600067138672,8278100
2020-09-25,139.60777282714844,165.1199951171875,165.4199981689453,164.7100067138672,165.11000061035156,5140300
2020-09-28,139.21038818359375,164.64999389648438,164.89999389648438,164.3699951171875,164.8699951171875,4470100
2020-09-29,139.3710479736328,164.83999633789062,165.24000549316406,164.55999755859375,164.8000030517578,10297600
2020-09-30,138.03517150878906,163.25999450683594,164.0,162.5500030517578,164.0,12971000
2020-10-01,138.26284790039062,163.36000061035156,163.74000549316406,162.10000610351562,162.50999450683594,11523900
2020-10-02,137.74659729003906,162.75,163.6699981689453,162.17999267578125,163.61000061035156,8828800
2020-10-05,135.05506896972656,159.57000732421875,160.9499969482422,159.52000427246094,160.9499969482422,14726000
2020-10-06,135.78292846679688,160.42999267578125,161.41000366210938,158.67999267578125,159.3300018310547,22419400
2020-10-07,134.79269409179688,159.25999450683594,160.4199981689453,158.86000061035156,159.55999755859375,9429200
2020-10-08,135.52061462402344,160.1199951171875,160.25,159.66000366210938,159.97000122070312,8431500
2020-10-09,135.49522399902344,160.08999633789062,160.27000427246094,158.80999755859375,159.52000427246094,8441500
2020-10-12,135.92684936523438,160.60000610351562,160.67999267578125,160.11000061035156,160.42999267578125,3962000
2020-10-13,136.9002227783203,161.75,161.8300018310547,161.17999267578125,161.2100067138672,7914300
2020-10-14,137.2133026123047,162.1199951171875,162.75,161.97000122070312,162.3300018310547,6954800
2020-10-15,136.97633361816406,161.83999633789062,163.19000244140625,161.63999938964844,163.0399932861328,9458800
2020-10-16,136.59548950195312,161.38999938964844,162.32000732421875,161.10000610351562,161.66000366210938,8416300
2020-10-19,136.07923889160156,160.77999877929688,160.97999572753906,160.0500030517578,160.5,9286600
2020-10-20,134.78421020507812,159.25,160.00999450683594,158.9499969482422,159.86000061035156,11189000
2020-10-21,134.31887817382812,158.6999969482422,159.3699951171875,158.3699951171875,158.7899932861328,10453700
2020-10-22,132.9222412109375,157.0500030517578,158.6300048828125,156.97000122070312,158.2899932861328,12664900
2020-10-23,133.73471069335938,158.00999450683594,158.2100067138672,156.75,156.80999755859375,8783800
2020-10-26,134.97897338867188,159.47999572753906,160.02000427246094,159.00999450683594,159.2100067138672,7227300
2020-10-27,135.88449096679688,160.5500030517578,160.6999969482422,159.89999389648438,160.22999572753906,6062300
2020-10-28,136.01153564453125,160.6999969482422,161.4600067138672,160.1999969482422,161.3800048828125,11765800
2020-10-29,134.69114685058594,159.13999938964844,160.8300018310547,158.47000122070312,160.72999572753906,11932400
2020-10-30,133.3623809814453,157.57000732421875,159.35000610351562,157.57000732421875,159.02999877929688,13095400
2020-11-02,134.36129760742188,158.5800018310547,159.19000244140625,158.3300018310547,158.6999969482422,10810500
2020-11-03,133.58180236816406,157.66000366210938,157.97999572753906,157.0399932861328,157.85000610351562,16228700
2020-11-04,136.47952270507812,161.0800018310547,162.1699981689453,160.5399932861328,161.63999938964844,21570800
2020-11-05,136.71676635742188,161.36000061035156,161.74000549316406,160.5800018310547,161.63999938964844,18537500
2020-11-06,135.0645751953125,159.41000366210938,159.9199981689453,158.94000244140625,159.6199951171875,12408400
2020-11-09,132.22622680664062,156.05999755859375,156.14999389648438,154.6300048828125,155.97000122070312,23245000
2020-11-10,131.46363830566406,155.16000366210938,155.80999755859375,154.77999877929688,154.9600067138672,12561000
2020-11-11,131.9381103515625,155.72000122070312,155.94000244140625,154.97000122070312,155.02000427246094,5888200
2020-11-12,134.1833953857422,158.3699951171875,158.39999389648438,156.7100067138672,156.94000244140625,15999700
2020-11-13,134.0054168701172,158.16000366210938,158.5,157.91000366210938,158.36000061035156,7344600
2020-11-16,133.68348693847656,157.77999877929688,158.27999877929688,157.61000061035156,157.72999572753906,6310400
2020-11-17,134.55615234375,158.80999755859375,159.16000366210938,158.58999633789062,158.77000427246094,7444600
2020-11-18,134.9459991455078,159.27000427246094,159.57000732421875,158.35000610351562,159.44000244140625,10333300
2020-11-19,135.6406707763672,160.08999633789062,160.72000122070312,159.83999633789062,159.97000122070312,10637200
2020-11-20,136.8438720703125,161.50999450683594,161.5399932861328,160.38999938964844,160.52999877929688,7246800
2020-11-23,136.21682739257812,160.77000427246094,160.99000549316406,160.27999877929688,160.82000732421875,11300000
2020-11-24,134.86114501953125,159.1699981689453,160.02000427246094,159.00999450683594,159.99000549316406,10891700
2020-11-25,134.446044921875,158.67999267578125,159.91000366210938,158.6199951171875,159.25,9145800
2020-11-27,135.7508544921875,160.22000122070312,160.27000427246094,159.5800018310547,159.61000061035156,4708200
2020-11-30,135.58135986328125,160.02000427246094,160.52999877929688,159.75999450683594,160.02999877929688,13071600
2020-12-01,133.58233642578125,157.5,158.74000549316406,156.67999267578125,158.5500030517578,13662800
2020-12-02,132.52210998535156,156.25,156.92999267578125,155.47999572753906,156.8800048828125,12114300
2020-12-03,133.59075927734375,157.50999450683594,157.82000732421875,156.5800018310547,156.94000244140625,9626500
2020-12-04,131.63156127929688,155.1999969482422,155.7899932861328,154.77000427246094,155.69000244140625,12734500
2020-12-07,132.81906127929688,156.60000610351562,156.8800048828125,156.17999267578125,156.35000610351562,9316100
2020-12-08,133.44662475585938,157.33999633789062,158.07000732421875,157.1999969482422,157.57000732421875,7397200
2020-12-09,133.00555419921875,156.82000732421875,157.32000732421875,156.00999450683594,156.5500030517578,7750100
2020-12-10,134.18447875976562,158.2100067138672,158.2899932861328,156.8300018310547,157.24000549316406,10025100
2020-12-11,134.65945434570312,158.77000427246094,159.38999938964844,158.32000732421875,158.64999389648438,8135900
2020-12-14,134.28628540039062,158.3300018310547,158.69000244140625,157.11000061035156,157.49000549316406,7535900
2020-12-15,133.8368377685547,157.8000030517578,158.38999938964844,157.30999755859375,157.77999877929688,6847500
2020-12-16,133.48052978515625,157.3800048828125,157.88999938964844,156.38999938964844,156.5800018310547,9954200
2020-12-17,133.1273651123047,156.8000030517578,158.4600067138672,156.42999267578125,158.1300048828125,9422700
2020-12-18,132.72833251953125,156.3300018310547,157.3800048828125,156.17999267578125,157.1199951171875,6505000
2020-12-21,133.2546844482422,156.9499969482422,157.33999633789062,156.4499969482422,157.1999969482422,8988200
2020-12-22,133.94239807128906,157.75999450683594,157.8300018310547,157.0800018310547,157.55999755859375,7370800
2020-12-23,133.0168914794922,156.6699981689453,156.69000244140625,155.4600067138672,156.6199951171875,9266600
2020-12-24,133.5433807373047,157.2899932861328,157.42999267578125,156.85000610351562,156.89999389648438,3117100
2020-12-28,133.6028289794922,157.36000061035156,157.4499969482422,156.10000610351562,156.3800048828125,7791100
2020-12-29,133.43301391601562,157.16000366210938,157.2899932861328,156.36000061035156,156.38999938964844,9030900
2020-12-30,133.72164916992188,157.5,157.52999877929688,156.67999267578125,156.82000732421875,9097300
2020-12-31,133.91702270507812,157.72999572753906,158.0800018310547,157.4499969482422,157.4600067138672,7742100
2021-01-04,133.7556610107422,157.5399932861328,158.17999267578125,156.5399932861328,156.6699981689453,13152900
2021-01-05,132.7622833251953,156.3699951171875,156.9499969482422,155.66000366210938,156.9499969482422,10458100
2021-01-06,130.03692626953125,153.16000366210938,153.85000610351562,152.2899932861328,153.82000732421875,22827300
2021-01-07,128.8907470703125,151.80999755859375,152.1699981689453,151.25999450683594,151.7899932861328,14651900
2021-01-08,128.47470092773438,151.32000732421875,151.9600067138672,150.66000366210938,151.47999572753906,13622500
2021-01-11,128.26239013671875,151.07000732421875,151.2100067138672,150.49000549316406,151.0,8370700
2021-01-12,128.16058349609375,150.9499969482422,151.16000366210938,149.92999267578125,150.7899932861328,12186300
2021-01-13,129.60389709472656,152.64999389648438,153.07000732421875,151.57000732421875,151.66000366210938,12533300
2021-01-14,128.38973999023438,151.22000122070312,152.63999938964844,150.7899932861328,152.5800018310547,14835500
2021-01-15,128.89926147460938,151.82000732421875,152.36000061035156,151.47000122070312,152.19000244140625,11624700
2021-01-19,129.31524658203125,152.30999755859375,152.36000061035156,151.50999450683594,151.6199951171875,9575600
2021-01-20,129.44259643554688,152.4600067138672,152.47999572753906,151.7899932861328,151.99000549316406,5368900
2021-01-21,128.53411865234375,151.38999938964844,151.75,151.10000610351562,151.44000244140625,8162700
2021-01-22,128.95018005371094,151.8800048828125,152.00999450683594,151.4199981689453,151.85000610351562,9507200
2021-01-25,130.46987915039062,153.6699981689453,153.69000244140625,152.63999938964844,152.75999450683594,8712600
2021-01-26,130.22369384765625,153.3800048828125,153.60000610351562,152.9199981689453,153.10000610351562,7690300
2021-01-27,130.55479431152344,153.77000427246094,154.5,153.52999877929688,154.07000732421875,7895200
2021-01-28,129.83309936523438,152.9199981689453,153.4600067138672,152.16000366210938,153.39999389648438,10667800
2021-01-29,129.05206298828125,152.0,152.49000549316406,151.3000030517578,151.4199981689453,14965900
2021-02-01,129.2016143798828,152.0,152.36000061035156,151.49000549316406,151.66000366210938,8165500
2021-02-02,128.36866760253906,151.02000427246094,151.08999633789062,150.52000427246094,150.74000549316406,9177500
2021-02-03,127.2296142578125,149.67999267578125,150.58999633789062,149.5800018310547,150.42999267578125,9633100
2021-02-04,126.88961029052734,149.27999877929688,149.49000549316406,148.8000030517578,149.16000366210938,8262600
2021-02-05,125.82711791992188,148.02999877929688,149.57000732421875,148.02000427246094,149.10000610351562,10258900
2021-02-08,126.37960052490234,148.67999267578125,149.25999450683594,148.0399932861328,148.3000030517578,11574800
2021-02-09,126.47311401367188,148.7899932861328,149.6699981689453,148.66000366210938,149.22000122070312,5218300
2021-02-10,127.31461334228516,149.77999877929688,149.77999877929688,149.13999938964844,149.27999877929688,8079800
2021-02-11,126.61759185791016,148.9600067138672,149.7899932861328,148.75,149.67999267578125,11962700
2021-02-12,125.04505157470703,147.11000061035156,148.0800018310547,147.02999877929688,147.6999969482422,14088400
2021-02-16,123.1410903930664,144.8699951171875,145.66000366210938,144.66000366210938,145.22000122070312,17789100
2021-02-17,123.92302703857422,145.7899932861328,146.3800048828125,144.97999572753906,145.9499969482422,11199100
2021-02-18,123.4215316772461,145.1999969482422,145.60000610351562,144.32000732421875,144.61000061035156,10755300
2021-02-19,121.78101348876953,143.27000427246094,144.32000732421875,142.85000610351562,144.05999755859375,12741700
2021-02-22,120.85452270507812,142.17999267578125,143.74000549316406,141.72000122070312,143.02999877929688,13203900
2021-02-23,120.50603485107422,141.77000427246094,142.5,141.13999938964844,141.52000427246094,12658500
2021-02-24,119.71548461914062,140.83999633789062,141.17999267578125,139.16000366210938,139.35000610351562,17363100
2021-02-25,117.760498046875,138.5399932861328,139.9199981689453,136.61000061035156,139.52000427246094,52621700
2021-02-26,121.65353393554688,143.1199951171875,143.3000030517578,139.67999267578125,140.77000427246094,45423300
2021-03-01,120.04680633544922,141.05999755859375,141.41000366210938,140.08999633789062,140.66000366210938,22048000
2021-03-02,120.0553207397461,141.07000732421875,141.1300048828125,140.2899932861328,140.39999389648438,12482200
2021-03-03,118.753173828125,139.5399932861328,140.14999389648438,138.75999450683594,139.3800048828125,19763700
2021-03-04,117.98731994628906,138.63999938964844,139.94000244140625,137.9600067138672,139.6300048828125,22366600
2021-03-05,118.21707916259766,138.91000366210938,139.33999633789062,137.99000549316406,138.1699981689453,20598000
2021-03-08,117.2979736328125,137.8300018310547,138.89999389648438,137.8300018310547,138.8300018310547,15236600
2021-03-09,118.92343139648438,139.74000549316406,139.82000732421875,138.97000122070312,139.27000427246094,14463400
2021-03-10,119.16170501708984,140.02000427246094,140.14999389648438,139.27999877929688,139.8000030517578,12387600
2021-03-11,118.30217742919922,139.00999450683594,139.3800048828125,138.4600067138672,139.1699981689453,14150700
2021-03-12,115.79163360595703,136.05999755859375,136.4600067138672,135.64999389648438,136.39999389648438,20402700
2021-03-15,116.472412109375,136.86000061035156,137.08999633789062,136.41000366210938,136.49000549316406,11366500
2021-03-16,116.00431823730469,136.30999755859375,137.1199951171875,135.75,137.02000427246094,15567900
2021-03-17,115.13631439208984,135.2899932861328,135.52999877929688,134.14999389648438,135.14999389648438,27107500
2021-03-18,113.97038269042969,133.9199981689453,134.47000122070312,133.19000244140625,133.30999755859375,21615100
2021-03-19,114.67677307128906,134.75,134.8300018310547,133.8000030517578,134.0800018310547,18685000
2021-03-22,115.9618148803711,136.25999450683594,136.41000366210938,135.3699951171875,135.69000244140625,17047500
2021-03-23,117.00857543945312,137.49000549316406,137.5399932861328,136.14999389648438,136.58999633789062,16768400
2021-03-24,117.6383285522461,138.22999572753906,138.27999877929688,136.9499969482422,137.05999755859375,13863000
2021-03-25,116.7106704711914,137.13999938964844,138.66000366210938,137.08999633789062,138.38999938964844,20782000
2021-03-26,116.30223083496094,136.66000366210938,137.24000549316406,136.22000122070312,136.4199981689453,8433300
2021-03-29,115.31504821777344,135.5,136.85000610351562,134.97000122070312,136.8300018310547,13968100
2021-03-30,115.91927337646484,136.2100067138672,136.50999450683594,135.00999450683594,135.3000030517578,15020800
2021-03-31,115.27243041992188,135.4499969482422,136.58999633789062,134.97999572753906,136.33999633789062,19271300
2021-04-01,117.1856689453125,137.50999450683594,137.6199951171875,136.3000030517578,136.5500030517578,14885900
2021-04-05,116.6743392944336,136.91000366210938,136.97000122070312,135.94000244140625,136.5500030517578,8243000
2021-04-06,117.46682739257812,137.83999633789062,137.97999572753906,137.00999450683594,137.16000366210938,9282400
2021-04-07,116.6487808227539,136.8800048828125,138.10000610351562,136.8800048828125,137.4499969482422,11052700
2021-04-08,117.61177062988281,138.00999450683594,138.07000732421875,137.36000061035156,137.38999938964844,7847900
2021-04-09,117.1856689453125,137.50999450683594,138.19000244140625,137.08999633789062,137.5,8717800
2021-04-12,117.13453674316406,137.4499969482422,137.52999877929688,137.10000610351562,137.4600067138672,7659000
2021-04-13,118.01229095458984,138.47999572753906,138.50999450683594,137.1999969482422,137.3000030517578,13232800
2021-04-14,117.63732147216797,138.0399932861328,138.24000549316406,137.57000732421875,138.02999877929688,7293200
2021-04-15,119.60594940185547,140.35000610351562,140.97999572753906,139.4600067138672,139.49000549316406,23896700
2021-04-16,118.67698669433594,139.25999450683594,139.72999572753906,138.92999267578125,139.10000610351562,15238400
2021-04-19,118.3361587524414,138.86000061035156,139.30999755859375,138.5500030517578,138.74000549316406,13886800
2021-04-20,118.88156127929688,139.5,139.75999450683594,138.42999267578125,138.4499969482422,11476500
2021-04-21,119.12020111083984,139.77999877929688,139.91000366210938,139.07000732421875,139.5399932861328,11902200
2021-04-22,119.63997650146484,140.38999938964844,140.38999938964844,139.1999969482422,140.0,14156400
2021-04-23,119.35871124267578,140.05999755859375,140.47000122070312,139.49000549316406,140.3800048828125,12302200
2021-04-26,119.18829345703125,139.86000061035156,140.50999450683594,139.85000610351562,140.14999389648438,9103500
2021-04-27,118.14868927001953,138.63999938964844,139.82000732421875,138.52999877929688,139.58999633789062,14137300
2021-04-28,118.22528839111328,138.72999572753906,138.88999938964844,137.9600067138672,138.64999389648438,15263700
2021-04-29,117.87593841552734,138.32000732421875,138.36000061035156,137.1300048828125,137.4499969482422,17178200
2021-04-30,118.14868927001953,138.63999938964844,138.72999572753906,137.97999572753906,138.50999450683594,15692000
2021-05-03,118.219482421875,138.52000427246094,139.64999389648438,138.27999877929688,138.6999969482422,16447700
2021-05-04,119.02172088623047,139.4600067138672,140.16000366210938,139.16000366210938,139.49000549316406,18639700
2021-05-05,119.218017578125,139.69000244140625,139.85000610351562,138.9199981689453,139.02999877929688,11127900
2021-05-06,119.414306640625,139.9199981689453,140.19000244140625,139.1999969482422,139.25,21907600
2021-05-07,118.82542419433594,139.22999572753906,140.60000610351562,138.91000366210938,140.10000610351562,18346900
2021-05-10,117.62205505371094,137.82000732421875,139.25,137.69000244140625,138.9499969482422,15146200
2021-05-11,116.95637512207031,137.0399932861328,137.47999572753906,136.77000427246094,137.22999572753906,15158600
2021-05-12,115.72740936279297,135.60000610351562,136.8000030517578,135.36000061035156,136.6699981689453,20859400
2021-05-13,115.90666198730469,135.80999755859375,136.3699951171875,135.6300048828125,135.92999267578125,13073900
2021-05-14,116.99053192138672,137.0800018310547,137.0800018310547,136.22000122070312,136.52999877929688,17566700
2021-05-17,116.74302673339844,136.7899932861328,137.1699981689453,136.57000732421875,136.8300018310547,6113800
2021-05-18,116.44430541992188,136.44000244140625,136.57000732421875,136.07000732421875,136.39999389648438,11423100
2021-05-19,116.16266632080078,136.11000061035156,137.3000030517578,135.6199951171875,136.5399932861328,14296000
2021-05-20,117.1185531616211,137.22999572753906,137.49000549316406,136.6699981689453,136.75999450683594,13310500
2021-05-21,117.4940414428711,137.6699981689453,137.6999969482422,137.05999755859375,137.66000366210938,10171600
2021-05-24,117.92926788330078,138.17999267578125,138.5800018310547,137.88999938964844,137.99000549316406,6868700
2021-05-25,119.02172088623047,139.4600067138672,139.5,138.6199951171875,138.6300048828125,12346900
2021-05-26,118.81689453125,139.22000122070312,139.91000366210938,138.8800048828125,139.58999633789062,9793700
2021-05-27,118.33900451660156,138.66000366210938,138.69000244140625,137.99000549316406,138.5,10695200
2021-05-28,118.15120697021484,138.44000244140625,139.3000030517578,138.33999633789062,138.5800018310547,10258000
2021-06-01,118.12474060058594,138.2100067138672,138.25999450683594,137.25,137.82000732421875,11778500
2021-06-02,118.39822387695312,138.52999877929688,138.7899932861328,138.32000732421875,138.5500030517578,7347900
2021-06-03,117.95377349853516,138.00999450683594,138.50999450683594,137.85000610351562,138.50999450683594,10994000
2021-06-04,119.56913757324219,139.89999389648438,139.89999389648438,138.52000427246094,138.52000427246094,15773700
2021-06-07,119.20159912109375,139.47000122070312,139.7100067138672,139.32000732421875,139.58999633789062,7799800
2021-06-08,120.03917694091797,140.4499969482422,140.66000366210938,140.2100067138672,140.66000366210938,11230900
2021-06-09,121.09896087646484,141.69000244140625,142.14999389648438,141.25,141.75999450683594,12768300
2021-06-10,121.82545471191406,142.5399932861328,142.55999755859375,140.67999267578125,140.8300018310547,19698300
2021-06-11,121.62890625,142.30999755859375,142.39999389648438,141.83999633789062,142.30999755859375,8646700
2021-06-14,120.69730377197266,141.22000122070312,142.10000610351562,141.00999450683594,142.10000610351562,9401300
2021-06-15,120.55199432373047,141.0500030517578,141.08999633789062,140.47999572753906,140.8000030517578,18207300
2021-06-16,120.44940185546875,140.92999267578125,141.6699981689453,140.2100067138672,141.39999389648438,19676300
2021-06-17,122.25283813476562,143.0399932861328,144.92999267578125,141.63999938964844,141.86000061035156,35225800
2021-06-18,124.55183410644531,145.72999572753906,146.0399932861328,144.1199951171875,144.27999877929688,26616900
2021-06-21,122.46642303466797,143.2899932861328,144.49000549316406,143.02000427246094,144.38999938964844,16485000
2021-06-22,122.76561737060547,143.63999938964844,143.67999267578125,142.1199951171875,142.1699981689453,14530200
2021-06-23,122.4493637084961,143.27000427246094,143.5,142.7100067138672,143.11000061035156,12040900
2021-06-24,122.64594268798828,143.5,143.89999389648438,143.3300018310547,143.4199981689453,8788400
2021-06-25,121.37248992919922,142.00999450683594,143.39999389648438,141.3699951171875,143.25999450683594,15562200
2021-06-28,122.62031555175781,143.47000122070312,143.8000030517578,142.6999969482422,142.72000122070312,11460700
2021-06-29,122.82544708251953,143.7100067138672,143.72000122070312,143.0399932861328,143.10000610351562,11217900
2021-06-30,123.37239837646484,144.35000610351562,144.92999267578125,144.07000732421875,144.25,15708900
2021-07-01,123.3792495727539,144.1699981689453,144.30999755859375,143.52999877929688,143.97999572753906,10810000
2021-07-02,124.1237564086914,145.0399932861328,145.0399932861328,144.11000061035156,144.22999572753906,9650200
2021-07-06,125.57866668701172,146.74000549316406,146.99000549316406,145.72000122070312,145.72000122070312,20037200
2021-07-07,126.69119262695312,148.0399932861328,148.55999755859375,147.22000122070312,147.57000732421875,20964400
2021-07-08,127.1874771118164,148.6199951171875,149.44000244140625,148.1699981689453,148.8800048828125,17487800
2021-07-09,125.39893341064453,146.52999877929688,146.99000549316406,146.49000549316406,146.8699951171875,14483600
2021-07-12,125.23633575439453,146.33999633789062,147.22999572753906,146.1699981689453,147.08999633789062,10610400
2021-07-13,124.27786254882812,145.22000122070312,147.4600067138672,144.63999938964844,146.82000732421875,23340200
2021-07-14,125.68995666503906,146.8699951171875,146.9199981689453,145.80999755859375,146.00999450683594,16038600
2021-07-15,127.07628631591797,148.49000549316406,148.60000610351562,147.02999877929688,147.9499969482422,18462400
2021-07-16,126.83667755126953,148.2100067138672,148.33999633789062,147.32000732421875,147.33999633789062,12787900
2021-07-19,129.61793518066406,151.4600067138672,151.9499969482422,150.6199951171875,150.9499969482422,40203900
2021-07-20,128.36851501464844,150.0,152.7100067138672,149.75999450683594,152.52999877929688,25674800
2021-07-21,126.74251556396484,148.10000610351562,148.5,146.6699981689453,148.17999267578125,19988900
2021-07-22,127.94064331054688,149.5,149.80999755859375,148.05999755859375,148.11000061035156,18136900
2021-07-23,127.08485412597656,148.5,148.66000366210938,147.88999938964844,147.94000244140625,12639300
2021-07-26,126.7082748413086,148.05999755859375,149.05999755859375,147.8800048828125,149.0,10737700
2021-07-27,128.06048583984375,149.63999938964844,149.69000244140625,148.99000549316406,149.3300018310547,13036500
2021-07-28,128.06900024414062,149.64999389648438,149.6699981689453,148.27000427246094,148.6699981689453,14346700
2021-07-29,127.35867309570312,148.82000732421875,149.22000122070312,148.52999877929688,148.77999877929688,11532000
2021-07-30,127.957763671875,149.52000427246094,149.72000122070312,149.05999755859375,149.1300048828125,14342100
2021-08-02,129.09906005859375,150.6699981689453,151.22999572753906,149.17999267578125,149.4499969482422,21232700
2021-08-03,129.16761779785156,150.75,151.22999572753906,150.38999938964844,150.75,13361900
2021-08-04,129.43324279785156,151.05999755859375,151.82000732421875,149.72000122070312,151.5,18267900
2021-08-05,128.77346801757812,150.2899932861328,150.9199981689453,150.0,150.75999450683594,15345400
2021-08-06,126.62284088134766,147.77999877929688,148.75999450683594,147.69000244140625,148.32000732421875,21144300
2021-08-09,126.16865539550781,147.25,148.55999755859375,147.22999572753906,148.14999389648438,12942400
2021-08-10,125.58611297607422,146.57000732421875,147.57000732421875,146.55999755859375,147.49000549316406,13716900
2021-08-11,125.50885009765625,146.47999572753906,147.22999572753906,145.7100067138672,146.41000366210938,17227600
2021-08-12,125.30323791503906,146.24000549316406,146.44000244140625,145.42999267578125,146.08999633789062,14709400
2021-08-13,127.28252410888672,148.5500030517578,148.55999755859375,146.80999755859375,146.8300018310547,18653800
2021-08-16,127.59098052978516,148.91000366210938,150.02000427246094,148.80999755859375,149.19000244140625,19170900
2021-08-17,127.53961944580078,148.85000610351562,149.47000122070312,148.6699981689453,148.8800048828125,14126900
2021-08-18,127.96804809570312,149.35000610351562,149.47000122070312,148.4499969482422,148.7100067138672,13144000
2021-08-19,128.91050720214844,150.4499969482422,150.4600067138672,149.80999755859375,150.30999755859375,15474300
2021-08-20,128.9961700439453,150.5500030517578,150.80999755859375,150.11000061035156,150.58999633789062,12388400
2021-08-23,128.91050720214844,150.4499969482422,150.5,149.9199981689453,150.1999969482422,10615000
2021-08-24,127.90799713134766,149.27999877929688,150.07000732421875,149.27999877929688,149.75999450683594,13835900
2021-08-25,126.84559631347656,148.0399932861328,149.3699951171875,147.5800018310547,149.2100067138672,16743800
2021-08-26,127.19686889648438,148.4499969482422,148.57000732421875,147.50999450683594,147.97000122070312,16657400
2021-08-27,128.06224060058594,149.4600067138672,149.49000549316406,148.3300018310547,148.57000732421875,15384700
2021-08-30,128.39646911621094,149.85000610351562,149.89999389648438,148.92999267578125,148.99000549316406,10596300
2021-08-31,127.52241516113281,148.8300018310547,150.08999633789062,148.5,149.6699981689453,15262400
2021-09-01,127.73613739013672,148.88999938964844,149.38999938964844,148.49000549316406,149.27000427246094,10807100
2021-09-02,128.29371643066406,149.5399932861328,149.5500030517578,148.75,149.24000549316406,9765900
2021-09-03,127.12694549560547,148.17999267578125,148.50999450683594,147.94000244140625,148.27000427246094,12928000
2021-09-07,126.0545425415039,146.92999267578125,147.52000427246094,146.66000366210938,147.25999450683594,15547800
2021-09-08,126.91252136230469,147.92999267578125,148.19000244140625,147.38999938964844,147.66000366210938,14533700
2021-09-09,128.4481658935547,149.72000122070312,149.88999938964844,147.85000610351562,148.1699981689453,20324600
2021-09-10,127.31573486328125,148.39999389648438,149.1699981689453,148.16000366210938,148.89999389648438,14894600
2021-09-13,128.08786010742188,149.3000030517578,149.49000549316406,148.9499969482422,149.0399932861328,15036100
2021-09-14,129.64068603515625,151.11000061035156,151.57000732421875,149.5800018310547,149.72999572753906,19918400
2021-09-15,129.1859893798828,150.5800018310547,151.25,149.92999267578125,151.2100067138672,11940300
2021-09-16,128.5940399169922,149.88999938964844,150.4499969482422,149.5,149.6699981689453,13328900
2021-09-17,127.97628021240234,149.1699981689453,149.36000061035156,148.6999969482422,149.17999267578125,13782900
2021-09-20,129.56344604492188,151.02000427246094,151.3699951171875,150.22999572753906,150.57000732421875,14660400
2021-09-21,129.45193481445312,150.88999938964844,150.9600067138672,150.1999969482422,150.7100067138672,10035800
2021-09-22,130.22406005859375,151.7899932861328,151.7899932861328,150.44000244140625,150.7899932861328,22277800
2021-09-23,127.28136444091797,148.36000061035156,150.4499969482422,148.33999633789062,150.4199981689453,23853300
2021-09-24,126.0373764038086,146.91000366210938,147.85000610351562,146.74000549316406,147.83999633789062,20203900
2021-09-27,125.57412719726562,146.3699951171875,146.8699951171875,145.8800048828125,146.05999755859375,13464300
2021-09-28,123.6181411743164,144.08999633789062,145.07000732421875,143.63999938964844,144.3300018310547,26613500
2021-09-29,123.83258056640625,144.33999633789062,145.42999267578125,143.69000244140625,144.8000030517578,23569400
2021-09-30,123.81536102294922,144.32000732421875,144.50999450683594,143.64999389648438,144.10000610351562,22567600
2021-10-01,124.85739135742188,145.35000610351562,145.39999389648438,144.1999969482422,144.85000610351562,26151800
2021-10-04,124.5395278930664,144.97999572753906,145.4600067138672,144.10000610351562,144.6699981689453,28027600
2021-10-05,123.3369140625,143.5800018310547,144.6999969482422,143.4600067138672,144.60000610351562,22659200
2021-10-06,124.03273010253906,144.38999938964844,144.72000122070312,144.02999877929688,144.22999572753906,18696500
2021-10-07,122.73564910888672,142.8800048828125,143.33999633789062,142.58999633789062,143.19000244140625,14856000
2021-10-08,121.87660217285156,141.8800048828125,142.35000610351562,141.52999877929688,142.25999450683594,17257800
2021-10-11,121.56737518310547,141.52000427246094,141.89999389648438,141.4499969482422,141.60000610351562,7213400
2021-10-12,123.64620971679688,143.94000244140625,144.00999450683594,142.47999572753906,142.6300048828125,17968700
2021-10-13,124.8487777709961,145.33999633789062,145.52999877929688,144.5800018310547,144.61000061035156,23584600
2021-10-14,125.3126220703125,145.8800048828125,145.9600067138672,144.9499969482422,145.3699951171875,12946400
2021-10-15,124.58245086669922,145.02999877929688,145.13999938964844,144.47000122070312,145.0,11811500
2021-10-18,125.16661071777344,145.7100067138672,146.0,144.52000427246094,145.0,12115900
2021-10-19,123.43997955322266,143.6999969482422,144.72999572753906,143.64999389648438,144.66000366210938,12156300
2021-10-20,122.60672760009766,142.72999572753906,143.67999267578125,142.50999450683594,143.25,12782500
2021-10-21,122.46070861816406,142.55999755859375,143.14999389648438,142.22999572753906,143.0,13660000
2021-10-22,123.80940246582031,144.1300048828125,144.39999389648438,143.2100067138672,143.4499969482422,13740000
2021-10-25,123.6203842163086,143.91000366210938,144.3000030517578,143.6300048828125,143.6699981689453,8137900
2021-10-26,124.64261627197266,145.10000610351562,145.10000610351562,143.74000549316406,144.6199951171875,13671000
2021-10-27,126.91045379638672,147.74000549316406,148.17999267578125,145.92999267578125,146.39999389648438,22092300
2021-10-28,126.48090362548828,147.24000549316406,148.3300018310547,146.83999633789062,147.7899932861328,17497600
2021-10-29,126.8674545288086,147.69000244140625,148.0,146.32000732421875,146.47000122070312,19087300
2021-11-01,125.95403289794922,146.44000244140625,146.75999450683594,145.6999969482422,145.8000030517578,18035500
2021-11-02,126.51309967041016,147.08999633789062,147.57000732421875,146.5,146.5,9836700
2021-11-03,125.20571899414062,145.57000732421875,147.97999572753906,145.52999877929688,147.82000732421875,20639400
2021-11-04,126.52169036865234,147.10000610351562,147.36000061035156,145.85000610351562,145.8699951171875,15922400
2021-11-05,128.4139404296875,149.3000030517578,149.5800018310547,148.1300048828125,148.52000427246094,21513000
2021-11-08,128.17303466796875,149.02000427246094,149.27999877929688,148.50999450683594,148.9600067138672,12083800
2021-11-09,129.84169006347656,150.9600067138672,151.77000427246094,150.63999938964844,150.8000030517578,23430200
2021-11-10,127.46778869628906,148.1999969482422,150.92999267578125,147.02999877929688,150.8300018310547,28170600
2021-11-11,127.27861022949219,147.97999572753906,148.66000366210938,147.88999938964844,148.50999450683594,5552500
2021-11-12,126.71952819824219,147.3300018310547,148.50999450683594,146.75999450683594,148.0,12712000
2021-11-15,125.12832641601562,145.47999572753906,146.9600067138672,145.22000122070312,146.88999938964844,15232700
2021-11-16,124.81009674072266,145.11000061035156,146.3800048828125,144.85000610351562,145.69000244140625,12998700
2021-11-17,125.79917907714844,146.25999450683594,146.2899932861328,144.4600067138672,144.57000732421875,14239900
2021-11-18,126.27229309082031,146.80999755859375,146.89999389648438,145.9499969482422,145.99000549316406,11054600
2021-11-19,127.60540008544922,148.36000061035156,148.60000610351562,147.5800018310547,147.5800018310547,14022100
2021-11-22,126.10884857177734,146.6199951171875,147.63999938964844,146.1300048828125,147.39999389648438,15266000
2021-11-23,124.28536987304688,144.5,146.11000061035156,144.5,145.92999267578125,15318500
2021-11-24,126.2808609008789,146.82000732421875,146.82000732421875,144.7899932861328,144.94000244140625,13769700
2021-11-26,129.47183227539062,150.52999877929688,150.67999267578125,148.6699981689453,148.8300018310547,20064800
2021-11-29,128.43112182617188,149.32000732421875,149.63999938964844,148.1699981689453,148.30999755859375,23234200
2021-11-30,130.38357543945312,151.58999633789062,152.07000732421875,150.25,150.8300018310547,31481100
2021-12-01,131.18788146972656,152.33999633789062,152.41000366210938,149.7899932861328,150.49000549316406,30826500
2021-12-02,131.35147094726562,152.52999877929688,152.99000549316406,150.75999450683594,152.92999267578125,17754200
2021-12-03,132.91883850097656,154.35000610351562,155.1199951171875,151.35000610351562,151.67999267578125,34427100
2021-12-06,131.09315490722656,152.22999572753906,154.35000610351562,151.92999267578125,154.0500030517578,30924200
2021-12-07,130.03390502929688,151.0,152.52999877929688,150.86000061035156,151.72000122070312,22115900
2021-12-08,127.78634643554688,148.38999938964844,150.47999572753906,148.36000061035156,150.47000122070312,33633900
2021-12-09,128.50108337402344,149.22000122070312,149.83999633789062,148.47999572753906,149.33999633789062,17544900
2021-12-10,128.19110107421875,148.86000061035156,150.24000549316406,148.80999755859375,149.9199981689453,14298700
2021-12-13,130.08563232421875,151.05999755859375,151.30999755859375,150.30999755859375,150.38999938964844,17860500
2021-12-14,129.7755889892578,150.6999969482422,150.92999267578125,149.30999755859375,150.3699951171875,14015500
2021-12-15,128.5269317626953,149.25,150.7899932861328,149.1300048828125,149.61000061035156,25383900
2021-12-16,128.57693481445312,149.13999938964844,149.8800048828125,148.72999572753906,148.75,18677900
2021-12-17,130.0338897705078,150.8300018310547,150.97999572753906,150.16000366210938,150.33999633789062,18093500
2021-12-20,129.0596923828125,149.6999969482422,151.02000427246094,149.60000610351562,150.75,17147300
2021-12-21,128.56834411621094,149.1300048828125,149.1999969482422,147.6199951171875,148.13999938964844,16598200
2021-12-22,129.1631622314453,149.82000732421875,149.86000061035156,149.02000427246094,149.72999572753906,12253900
2021-12-23,128.04241943359375,148.52000427246094,149.60000610351562,148.02999877929688,149.58999633789062,11642500
2021-12-27,128.352783203125,148.8800048828125,149.00999450683594,148.32000732421875,148.4600067138672,7821800
2021-12-28,127.84419250488281,148.2899932861328,149.77999877929688,148.00999450683594,149.60000610351562,9174600
2021-12-29,126.447509765625,146.6699981689453,147.30999755859375,146.41000366210938,146.91000366210938,11771200
2021-12-30,127.50788116455078,147.89999389648438,147.97000122070312,146.4499969482422,147.25,10355000
2021-12-31,127.7579345703125,148.19000244140625,149.02999877929688,147.42999267578125,147.80999755859375,13402300
2022-01-03,124.40428924560547,144.3000030517578,146.94000244140625,144.27999877929688,146.41000366210938,33860400
2022-01-04,123.88697814941406,143.6999969482422,144.1300048828125,142.74000549316406,143.61000061035156,21996400
2022-01-05,123.21454620361328,142.9199981689453,144.16000366210938,142.7100067138672,144.13999938964844,20911700
2022-01-06,123.53351593017578,143.2899932861328,143.44000244140625,142.2899932861328,142.58999633789062,18996400
2022-01-07,122.64551544189453,142.25999450683594,143.24000549316406,141.55999755859375,143.1300048828125,18756800
2022-01-10,122.94728088378906,142.61000061035156,142.80999755859375,141.36000061035156,141.64999389648438,13775800
2022-01-11,123.76624298095703,143.55999755859375,143.6300048828125,142.6999969482422,142.8800048828125,24388700
2022-01-12,123.29209899902344,143.00999450683594,144.00999450683594,143.0,143.89999389648438,14440600
2022-01-13,124.38699340820312,144.27999877929688,144.4199981689453,143.02999877929688,143.38999938964844,15166000
2022-01-14,122.50763702392578,142.10000610351562,143.4600067138672,141.7899932861328,143.4199981689453,22997500
2022-01-18,120.78335571289062,140.10000610351562,141.30999755859375,140.02000427246094,140.9600067138672,21171700
2022-01-19,121.61956024169922,141.07000732421875,141.7100067138672,140.30999755859375,140.52999877929688,17930500
2022-01-20,122.36962890625,141.94000244140625,141.99000549316406,141.08999633789062,141.3699951171875,13959000
2022-01-21,123.82664489746094,143.6300048828125,144.10000610351562,142.6699981689453,143.39999389648438,28916600
2022-01-24,122.80934143066406,142.4499969482422,144.3699951171875,142.42999267578125,144.3000030517578,25001600
2022-01-25,122.6110610961914,142.22000122070312,143.7100067138672,141.8000030517578,143.11000061035156,15599000
2022-01-26,121.12818908691406,140.5,142.57000732421875,140.49000549316406,142.25999450683594,23655500
2022-01-27,123.35246276855469,143.0800018310547,143.3699951171875,142.3300018310547,142.41000366210938,21501800
2022-01-28,123.39557647705078,143.1300048828125,143.4600067138672,141.85000610351562,142.08999633789062,12826500
2022-01-31,122.75759887695312,142.38999938964844,142.9499969482422,141.9600067138672,142.17999267578125,13998400
2022-02-01,122.35009765625,141.72000122070312,142.36000061035156,141.05999755859375,142.27999877929688,20806100
2022-02-02,122.76447296142578,142.1999969482422,143.57000732421875,141.92999267578125,141.9499969482422,18404600
2022-02-03,121.80622863769531,141.08999633789062,141.47999572753906,140.17999267578125,140.44000244140625,17234100
2022-02-04,120.01052856445312,139.00999450683594,140.13999938964844,138.77999877929688,139.85000610351562,23609800
2022-02-07,120.08818817138672,139.10000610351562,139.30999755859375,138.5500030517578,138.91000366210938,12962400
2022-02-08,119.28533935546875,138.1699981689453,138.5800018310547,137.82000732421875,138.2100067138672,16269200
2022-02-09,119.50972747802734,138.42999267578125,139.3699951171875,138.19000244140625,138.72000122070312,14349100
2022-02-10,117.61046600341797,136.22999572753906,137.8300018310547,135.83999633789062,137.66000366210938,30896200
2022-02-11,119.35438537597656,138.25,138.50999450683594,135.36000061035156,136.8699951171875,43210300
2022-02-14,117.86946868896484,136.52999877929688,137.74000549316406,135.97000122070312,137.1300048828125,23157400
2022-02-15,116.53129577636719,134.97999572753906,135.83999633789062,134.94000244140625,135.60000610351562,18198500
2022-02-16,117.22197723388672,135.77999877929688,136.07000732421875,134.50999450683594,135.9499969482422,16473700
2022-02-17,118.09395599365234,136.7899932861328,137.57000732421875,135.89999389648438,136.4499969482422,24508200
2022-02-18,119.33714294433594,138.22999572753906,138.3699951171875,137.16000366210938,137.52000427246094,17522600
2022-02-22,119.64793395996094,138.58999633789062,138.6699981689453,137.47000122070312,137.69000244140625,19534000
2022-02-23,117.99895477294922,136.67999267578125,137.85000610351562,136.57000732421875,137.67999267578125,17757800
2022-02-24,118.07667541503906,136.77000427246094,139.3699951171875,136.25,139.10000610351562,28150400
2022-02-25,118.16297912597656,136.8699951171875,137.30999755859375,136.17999267578125,136.86000061035156,15025400
2022-02-28,120.75296020507812,139.8699951171875,140.0399932861328,138.32000732421875,138.42999267578125,25817700
2022-03-01,122.14905548095703,141.3000030517578,142.3300018310547,140.0,140.36000061035156,35664400
2022-03-02,117.97371673583984,136.47000122070312,140.4199981689453,136.41000366210938,139.83999633789062,30397400
2022-03-03,119.17528533935547,137.86000061035156,138.6999969482422,137.02000427246094,137.49000549316406,20649100
2022-03-04,121.23274993896484,140.24000549316406,140.82000732421875,139.30999755859375,140.36000061035156,25853100
2022-03-07,120.30776977539062,139.1699981689453,140.63999938964844,138.77000427246094,139.1199951171875,23710900
2022-03-08,119.0975341796875,137.77000427246094,138.25,137.25,137.50999450683594,28331300
2022-03-09,117.9305191040039,136.4199981689453,137.33999633789062,136.1300048828125,137.07000732421875,18819200
2022-03-10,116.23614501953125,134.4600067138672,135.1699981689453,133.72000122070312,134.8300018310547,26868900
2022-03-11,116.62516021728516,134.91000366210938,135.4499969482422,134.2100067138672,134.3300018310547,15583800
2022-03-14,113.90205383300781,131.75999450683594,132.88999938964844,131.72000122070312,132.6999969482422,24385000
2022-03-15,113.70325469970703,131.52999877929688,133.14999389648438,131.19000244140625,132.86000061035156,17518800
2022-03-16,114.81839752197266,132.82000732421875,133.1300048828125,130.32000732421875,131.8300018310547,25857700
2022-03-17,113.96257781982422,131.8300018310547,133.33999633789062,131.07000732421875,132.82000732421875,19330600
2022-03-18,115.35442352294922,133.44000244140625,133.5399932861328,132.57000732421875,132.57000732421875,55891700
2022-03-21,112.68318939208984,130.35000610351562,131.6699981689453,129.75,131.27999877929688,26122000
2022-03-22,111.23951721191406,128.67999267578125,129.33999633789062,128.33999633789062,128.9600067138672,21830900
2022-03-23,113.67733001708984,131.5,131.60000610351562,128.86000061035156,129.3699951171875,21266100
2022-03-24,112.78694152832031,130.47000122070312,131.17999267578125,129.60000610351562,129.64999389648438,17141600
2022-03-25,111.22222137451172,128.66000366210938,129.52000427246094,127.6500015258789,129.5,25684500
2022-03-28,112.17313385009766,129.75999450683594,130.55999755859375,129.0399932861328,129.38999938964844,17657800
2022-03-29,113.02033233642578,130.74000549316406,131.5500030517578,129.74000549316406,130.55999755859375,19319700
2022-03-30,113.90205383300781,131.75999450683594,132.00999450683594,129.99000549316406,130.07000732421875,16310200
2022-03-31,114.1786880493164,132.0800018310547,132.6699981689453,131.66000366210938,131.97999572753906,19901000
2022-04-01,114.61333465576172,132.3800048828125,132.9600067138672,129.7100067138672,130.00999450683594,23489700
2022-04-04,113.81682586669922,131.4600067138672,131.97999572753906,130.7100067138672,131.92999267578125,13609900
2022-04-05,111.24541473388672,128.49000549316406,130.77999877929688,128.2899932861328,130.75999450683594,25196900
2022-04-06,110.344970703125,127.44999694824219,128.3000030517578,126.4000015258789,126.43000030517578,22952000
2022-04-07,109.51382446289062,126.48999786376953,126.66999816894531,125.41000366210938,126.11000061035156,23458800
2022-04-08,108.32769012451172,125.12000274658203,125.83000183105469,124.26000213623047,125.44999694824219,26859200
2022-04-11,106.61344146728516,123.13999938964844,124.19000244140625,122.55999755859375,123.91999816894531,30020700
2022-04-12,106.46623229980469,122.97000122070312,124.16000366210938,122.66999816894531,124.05000305175781,23124200
2022-04-13,106.68267059326172,123.22000122070312,124.30000305175781,122.88999938964844,123.05000305175781,17189500
2022-04-14,104.54420471191406,120.75,122.93000030517578,120.37999725341797,122.86000061035156,34274500
2022-04-18,104.02472686767578,120.1500015258789,121.08000183105469,119.69000244140625,120.87000274658203,18784300
2022-04-19,103.24547576904297,119.25,119.72000122070312,118.66999816894531,119.1500015258789,26012300
2022-04-20,105.32341003417969,121.6500015258789,121.97000122070312,119.91999816894531,120.22000122070312,31423200
2022-04-21,104.54420471191406,120.75,120.91000366210938,119.16999816894531,120.83000183105469,23323200
2022-04-22,103.88619995117188,119.98999786376953,121.44000244140625,119.80999755859375,120.06999969482422,19773400
2022-04-25,104.9251708984375,121.19000244140625,122.19000244140625,121.12999725341797,121.37999725341797,25418900
2022-04-26,105.9814224243164,122.41000366210938,123.02999877929688,121.76000213623047,122.44000244140625,26931300
2022-04-27,104.62210845947266,120.83999633789062,122.31999969482422,120.7699966430664,122.19000244140625,14560500
2022-04-28,104.77796173095703,121.0199966430664,121.06999969482422,120.01000213623047,120.38999938964844,16892500
2022-04-29,103.41864013671875,119.44999694824219,120.97000122070312,119.11000061035156,119.30999755859375,26153400
2022-05-02,101.62602996826172,117.18000030517578,118.2699966430664,116.93000030517578,117.86000061035156,29233900
2022-05-03,102.3111572265625,117.97000122070312,119.30999755859375,117.88999938964844,119.04000091552734,21256700
2022-05-04,102.87487030029297,118.62000274658203,118.97000122070312,117.3499984741211,117.97000122070312,25575700
2022-05-05,100.0562973022461,115.37000274658203,116.47000122070312,114.0199966430664,116.3499984741211,48384500
2022-05-06,98.58193969726562,113.66999816894531,115.04000091552734,113.30999755859375,114.13999938964844,32790500
2022-05-09,99.44917297363281,114.66999816894531,114.70999908447266,112.62000274658203,112.86000061035156,26773000
2022-05-10,100.35115814208984,115.70999908447266,116.95999908447266,115.4800033569336,115.88999938964844,33640800
2022-05-11,102.28514099121094,117.94000244140625,117.94000244140625,114.44000244140625,114.73999786376953,34173600
2022-05-12,102.09431457519531,117.72000122070312,118.88999938964844,117.66000366210938,118.0199966430664,26405700
2022-05-13,100.58531188964844,115.9800033569336,117.1500015258789,115.9000015258789,116.9800033569336,20782700
2022-05-16,100.48123931884766,115.86000061035156,116.94000244140625,115.8499984741211,116.20999908447266,11050600
2022-05-17,99.2670669555664,114.45999908447266,115.3499984741211,114.36000061035156,114.70999908447266,15040800
2022-05-18,101.3832015991211,116.9000015258789,117.0,114.61000061035156,114.72000122070312,21337300
2022-05-19,101.62602996826172,117.18000030517578,118.72000122070312,116.8499984741211,118.63999938964844,21937500
2022-05-20,102.77946472167969,118.51000213623047,119.0199966430664,117.05999755859375,117.08999633789062,22780900
2022-05-23,101.08832550048828,116.55999755859375,118.25,116.54000091552734,117.70999908447266,15925200
2022-05-24,103.08301544189453,118.86000061035156,119.63999938964844,117.86000061035156,117.9000015258789,23388200
2022-05-25,103.49064636230469,119.33000183105469,119.62000274658203,118.58999633789062,119.61000061035156,14410800
2022-05-26,103.0223159790039,118.79000091552734,119.08999633789062,117.80000305175781,119.0199966430664,14912900
2022-05-27,103.27381134033203,119.08000183105469,119.73999786376953,118.73999786376953,119.36000061035156,11190400
2022-05-31,101.08832550048828,116.55999755859375,117.2300033569336,115.93000030517578,117.18000030517578,28393700
2022-06-01,100.9727554321289,116.22000122070312,117.33999633789062,115.69000244140625,117.02999877929688,15544800
2022-06-02,101.02490234375,116.27999877929688,116.70999908447266,115.45999908447266,116.62999725341797,9832000
2022-06-03,100.80770111083984,116.02999877929688,116.05999755859375,114.87000274658203,115.08999633789062,15330400
2022-06-06,98.94844055175781,113.88999938964844,115.51000213623047,113.80999755859375,115.1500015258789,20815400
2022-06-07,100.01703643798828,115.12000274658203,115.77999877929688,114.58000183105469,114.61000061035156,14278700
2022-06-08,99.13090515136719,114.0999984741211,115.12999725341797,114.08000183105469,114.68000030517578,11476100
2022-06-09,99.46104431152344,114.4800033569336,114.70999908447266,113.68000030517578,113.83999633789062,15527300
2022-06-10,98.84419250488281,113.7699966430664,114.61000061035156,112.97000122070312,114.36000061035156,21917100
2022-06-13,95.74254608154297,110.19999694824219,111.66999816894531,109.23999786376953,111.48999786376953,36968300
2022-06-14,94.534912109375,108.80999755859375,110.9800033569336,108.58999633789062,110.52999877929688,21865900
2022-06-15,96.298583984375,110.83999633789062,110.98999786376953,109.02999877929688,110.08999633789062,25202800
2022-06-16,97.06315612792969,111.72000122070312,111.72000122070312,108.12000274658203,108.44999694824219,26067300
2022-06-17,97.37590789794922,112.08000183105469,112.83000183105469,110.95999908447266,112.01000213623047,21614300
2022-06-21,95.72515869140625,110.18000030517578,111.0199966430664,109.80999755859375,110.08999633789062,17663800
2022-06-22,98.35767364501953,113.20999908447266,113.30999755859375,112.37999725341797,112.69000244140625,23703800
2022-06-23,99.1656265258789,114.13999938964844,115.16999816894531,113.48999786376953,113.9000015258789,20669200
2022-06-24,97.79293823242188,112.55999755859375,114.16999816894531,112.5,113.45999908447266,18161300
2022-06-27,96.95886993408203,111.5999984741211,112.22000122070312,111.16000366210938,111.22000122070312,12053000
2022-06-28,97.41065979003906,112.12000274658203,112.18000030517578,110.87000274658203,111.29000091552734,13706600
2022-06-29,98.93107604980469,113.87000274658203,113.9000015258789,112.16999816894531,112.37999725341797,12925400
2022-06-30,99.79988861083984,114.87000274658203,115.7699966430664,114.75,114.86000061035156,25802100
2022-07-01,100.8244857788086,115.81999969482422,117.58999633789062,115.22000122070312,115.9000015258789,21858800
2022-07-05,101.6166763305664,116.7300033569336,117.75,116.16999816894531,116.88999938964844,16689700
2022-07-06,99.9104232788086,114.7699966430664,117.54000091552734,114.7699966430664,117.38999938964844,20205400
2022-07-07,99.03120422363281,113.76000213623047,115.16999816894531,113.51000213623047,115.0999984741211,13088000
2022-07-08,97.93433380126953,112.5,113.5,112.05000305175781,113.5,15320000
2022-07-11,99.62316131591797,114.44000244140625,114.79000091552734,113.69999694824219,113.79000091552734,13639900
2022-07-12,100.21511840820312,115.12000274658203,116.2300033569336,114.97000122070312,115.51000213623047,18547300
2022-07-13,101.36421966552734,116.44000244140625,116.6500015258789,113.44999694824219,113.7699966430664,20594800
2022-07-14,100.5372085571289,115.48999786376953,116.16000366210938,114.47000122070312,115.08000183105469,15665000
2022-07-15,101.10307312011719,116.13999938964844,116.81999969482422,115.5999984741211,115.83999633789062,16022600
2022-07-18,100.04969787597656,114.93000030517578,115.31999969482422,114.18000030517578,115.25,15838300
2022-07-19,99.50997924804688,114.30999755859375,115.1500015258789,113.66000366210938,114.91000366210938,9276800
2022-07-20,99.77115631103516,114.61000061035156,115.55000305175781,114.05000305175781,115.4800033569336,9117300
2022-07-21,101.49478912353516,116.58999633789062,116.72000122070312,115.01000213623047,115.19000244140625,14754900
2022-07-22,103.20101928710938,118.55000305175781,119.2699966430664,117.97000122070312,118.29000091552734,17715300
2022-07-25,102.19121551513672,117.38999938964844,117.54000091552734,116.47000122070312,116.70999908447266,24868100
2022-07-26,102.2695541381836,117.4800033569336,119.23999786376953,117.4000015258789,118.86000061035156,13536000
2022-07-27,101.69501495361328,116.81999969482422,118.48999786376953,116.70999908447266,118.01000213623047,15725600
2022-07-28,102.50460052490234,117.75,118.91999816894531,117.31999969482422,118.05000305175781,16637900
2022-07-29,102.22604370117188,117.43000030517578,119.30999755859375,117.33000183105469,117.69999694824219,16655900
2022-08-01,104.68799591064453,120.04000091552734,120.0999984741211,118.08000183105469,118.25,17974600
2022-08-02,102.47284698486328,117.5,120.69000244140625,117.29000091552734,120.1500015258789,17896300
2022-08-03,104.08625793457031,119.3499984741211,119.48999786376953,116.33000183105469,117.16999816894531,16731200
2022-08-04,104.05136108398438,119.30999755859375,119.55000305175781,118.54000091552734,118.9800033569336,11003000
2022-08-05,101.5745849609375,116.47000122070312,117.11000061035156,115.88999938964844,117.06999969482422,19492300
2022-08-08,103.2141342163086,118.3499984741211,118.52999877929688,117.55999755859375,117.63999938964844,17476300
2022-08-09,102.81298065185547,117.88999938964844,118.36000061035156,117.45999908447266,117.7300033569336,8223200
2022-08-10,102.14144134521484,117.12000274658203,118.91000366210938,116.7300033569336,117.7300033569336,14665300
2022-08-11,99.76057434082031,114.38999938964844,117.05999755859375,114.08999633789062,116.87000274658203,20663800
2022-08-12,100.772216796875,115.55000305175781,115.56999969482422,114.43000030517578,115.0999984741211,12178400
2022-08-15,100.68500518798828,115.44999694824219,116.75,115.44999694824219,116.33000183105469,9031800
2022-08-16,101.10363006591797,115.93000030517578,116.0199966430664,114.23999786376953,115.25,11066000
2022-08-17,100.04837799072266,114.72000122070312,115.0999984741211,114.30999755859375,115.05999755859375,14131300
2022-08-18,100.19664001464844,114.88999938964844,115.63999938964844,114.58999633789062,114.97000122070312,10738200
2022-08-19,98.58322143554688,113.04000091552734,113.33999633789062,112.73999786376953,113.2300033569336,16330900
2022-08-22,98.25183868408203,112.66000366210938,112.95999908447266,112.12999725341797,112.86000061035156,10457200
2022-08-23,97.71112823486328,112.04000091552734,113.4800033569336,111.73999786376953,112.19000244140625,17813200
2022-08-24,96.99600219726562,111.22000122070312,111.87000274658203,110.86000061035156,111.48999786376953,13971600
2022-08-25,98.34774780273438,112.7699966430664,113.08999633789062,110.98999786376953,111.31999969482422,21429700
2022-08-26,99.08906555175781,113.62000274658203,113.98999786376953,112.01000213623047,112.30000305175781,18764400
2022-08-29,98.26929473876953,112.68000030517578,113.01000213623047,112.12999725341797,112.94000244140625,14278300
2022-08-30,98.51346588134766,112.95999908447266,113.51000213623047,112.20999908447266,112.62000274658203,14346600
2022-08-31,97.57161712646484,111.87999725341797,113.33999633789062,111.58000183105469,112.69000244140625,13623500
2022-09-01,95.78522491455078,109.5999984741211,110.25,108.94000244140625,109.87000274658203,22490400
2022-09-02,96.32709503173828,110.22000122070312,110.55999755859375,109.47000122070312,109.68000030517578,13024400
2022-09-06,93.9411849975586,107.48999786376953,108.97000122070312,107.41999816894531,108.9000015258789,24648500
2022-09-07,95.42689514160156,109.19000244140625,109.4800033569336,108.20999908447266,108.31999969482422,17050100
2022-09-08,94.44808959960938,108.06999969482422,109.5199966430664,108.05000305175781,108.83999633789062,14671400
2022-09-09,94.65782928466797,108.30999755859375,108.80000305175781,107.62999725341797,108.33000183105469,12529800
2022-09-12,93.8800048828125,107.41999816894531,108.88999938964844,106.91999816894531,108.62999725341797,14806900
2022-09-13,94.09851837158203,107.66999816894531,107.73999786376953,106.23999786376953,106.55999755859375,22158900
2022-09-14,94.421875,108.04000091552734,108.20999908447266,107.12000274658203,107.33999633789062,13077800
2022-09-15,94.36067962646484,107.97000122070312,108.19000244140625,107.58000183105469,107.8499984741211,10260200
2022-09-16,93.57412719726562,107.06999969482422,108.05000305175781,106.7699966430664,107.02999877929688,18903800
2022-09-19,93.79261779785156,107.31999969482422,107.81999969482422,106.80000305175781,106.95999908447266,11084400
2022-09-20,92.85750579833984,106.25,106.83999633789062,105.4000015258789,105.69000244140625,20133800
2022-09-21,94.4130859375,108.02999877929688,108.04000091552734,105.97000122070312,106.69999694824219,23132900
2022-09-22,92.00100708007812,105.2699966430664,105.95999908447266,104.7300033569336,105.79000091552734,29030600
2022-09-23,92.37682342529297,105.69999694824219,106.43000030517578,104.55999755859375,105.33999633789062,23042200
2022-09-26,90.61140441894531,103.68000030517578,105.41000366210938,103.22000122070312,105.36000061035156,25104600
2022-09-27,88.22554016113281,100.94999694824219,102.9800033569336,100.9000015258789,102.70999908447266,34609500
2022-09-28,91.1794662475586,104.33000183105469,104.44999694824219,102.4800033569336,103.12999725341797,39283100
2022-09-29,90.70757293701172,103.79000091552734,104.2300033569336,102.80000305175781,102.9000015258789,19127100
2022-09-30,89.53645324707031,102.44999694824219,104.86000061035156,102.2300033569336,104.2699966430664,26485700
2022-10-03,90.95915222167969,103.83000183105469,104.68000030517578,103.1500015258789,103.8499984741211,27192200
2022-10-04,90.70508575439453,103.54000091552734,104.6500015258789,103.30000305175781,104.1500015258789,13788700
2022-10-05,89.83785247802734,102.55000305175781,102.83999633789062,101.58000183105469,102.7300033569336,20522100
2022-10-06,89.3385009765625,101.9800033569336,102.83999633789062,101.52999877929688,102.58999633789062,13965700
2022-10-07,88.47119903564453,100.98999786376953,101.62000274658203,100.47000122070312,100.80999755859375,14814800
2022-10-10,87.0958251953125,99.41999816894531,100.51000213623047,98.80000305175781,100.5,15652600
2022-10-11,87.48124694824219,99.86000061035156,100.9000015258789,98.98999786376953,99.73999786376953,33246700
2022-10-12,87.91051483154297,100.3499984741211,100.54000091552734,99.19000244140625,99.27999877929688,21447600
2022-10-13,87.06953430175781,99.38999938964844,100.37999725341797,98.33999633789062,98.36000061035156,30292500
2022-10-14,86.35120391845703,98.56999969482422,100.19000244140625,98.25,100.19000244140625,18728200
2022-10-17,85.93067169189453,98.08999633789062,99.66000366210938,97.94000244140625,99.29000091552734,18969900
2022-10-18,86.13217163085938,98.31999969482422,98.45999908447266,96.87000274658203,97.94999694824219,16931500
2022-10-19,84.56407165527344,96.52999877929688,97.41999816894531,96.31999969482422,97.19000244140625,25431600
2022-10-20,83.11858367919922,94.87999725341797,96.33000183105469,94.73999786376953,95.93000030517578,25434900
2022-10-21,81.62055969238281,93.16999816894531,93.93000030517578,92.26000213623047,93.0199966430664,46280300
2022-10-24,80.94601440429688,92.4000015258789,93.55000305175781,91.8499984741211,92.81999969482422,31332600
2022-10-25,83.30256652832031,95.08999633789062,95.2300033569336,94.44000244140625,94.58000183105469,31213100
2022-10-26,84.50274658203125,96.45999908447266,96.69000244140625,95.7699966430664,95.7699966430664,24843900
2022-10-27,85.38751983642578,97.47000122070312,97.9000015258789,96.22000122070312,96.9800033569336,20270000
2022-10-28,84.80062866210938,96.80000305175781,97.62999725341797,96.41000366210938,96.86000061035156,22244100
2022-10-31,84.1961441040039,96.11000061035156,96.62000274658203,95.02999877929688,96.36000061035156,23956700
2022-11-01,84.98300170898438,96.7699966430664,97.41999816894531,96.20999908447266,97.37999725341797,17585100
2022-11-02,84.61415100097656,96.3499984741211,97.62999725341797,95.95999908447266,96.91000366210938,25010500
2022-11-03,84.15751647949219,95.83000183105469,96.37999725341797,95.08999633789062,95.16999816894531,29097500
2022-11-04,82.74356842041016,94.22000122070312,95.66000366210938,94.22000122070312,95.0999984741211,23561400
2022-11-07,81.91808319091797,93.27999877929688,94.86000061035156,93.23999786376953,94.80000305175781,14522800
2022-11-08,82.81387329101562,94.30000305175781,94.95999908447266,93.7699966430664,93.80000305175781,20360600
2022-11-09,83.0860824584961,94.61000061035156,95.0199966430664,93.69000244140625,93.81999969482422,15637500
2022-11-10,86.28273010253906,98.25,98.43000030517578,96.63999938964844,96.7300033569336,45380900
2022-11-11,85.96656036376953,97.88999938964844,98.37000274658203,97.54000091552734,97.56999969482422,15943100
2022-11-14,85.75582122802734,97.6500015258789,97.98999786376953,97.08999633789062,97.91000366210938,13741100
2022-11-15,87.14337921142578,99.2300033569336,99.30000305175781,98.11000061035156,98.25,26608200
2022-11-16,89.0490493774414,101.4000015258789,101.44999694824219,99.73999786376953,100.0199966430664,28507700
2022-11-17,88.10939025878906,100.33000183105469,100.56999969482422,99.77999877929688,100.19999694824219,24528900
2022-11-18,87.50340270996094,99.63999938964844,100.88999938964844,99.55000305175781,100.5999984741211,14941300
2022-11-21,87.87227630615234,100.05999755859375,100.81999969482422,99.80000305175781,100.69000244140625,15534000
2022-11-22,89.11930847167969,101.4800033569336,101.62000274658203,100.52999877929688,100.6500015258789,18103100
2022-11-23,90.67369842529297,103.25,103.25,102.08000183105469,102.13999938964844,23234600
2022-11-25,90.3663330078125,102.9000015258789,102.93000030517578,102.43000030517578,102.61000061035156,9486100
2022-11-28,90.62101745605469,103.19000244140625,103.80999755859375,102.69000244140625,103.61000061035156,14563200
2022-11-29,89.55840301513672,101.9800033569336,102.95999908447266,101.91000366210938,102.1500015258789,16576400
2022-11-30,90.217041015625,102.7300033569336,102.7300033569336,101.37000274658203,101.62000274658203,21581700
2022-12-01,93.09910583496094,105.76000213623047,105.80999755859375,103.0999984741211,103.1500015258789,53156800
2022-12-02,94.2698745727539,107.08999633789062,107.0999984741211,104.61000061035156,105.30000305175781,24479500
2022-12-05,92.94944763183594,105.58999633789062,105.98999786376953,104.9000015258789,105.83999633789062,20159700
2022-12-06,94.14661407470703,106.94999694824219,107.38999938964844,106.19000244140625,106.5,21754500
2022-12-07,96.36494445800781,109.47000122070312,109.68000030517578,108.19999694824219,108.37000274658203,30546700
2022-12-08,96.10089874267578,109.16999816894531,109.44999694824219,108.47000122070312,108.69999694824219,13377300
2022-12-09,93.6008529663086,106.33000183105469,108.16999816894531,106.2699966430664,107.94000244140625,25872200
2022-12-12,93.90016174316406,106.66999816894531,108.11000061035156,106.26000213623047,107.86000061035156,16897100
2022-12-13,94.80683135986328,107.69999694824219,109.08000183105469,107.45999908447266,109.04000091552734,23854700
2022-12-14,95.2117919921875,108.16000366210938,108.31999969482422,106.88999938964844,107.66000366210938,19517500
2022-12-15,95.58326721191406,108.31999969482422,109.12000274658203,108.16000366210938,108.38999938964844,20246200
2022-12-16,94.51553344726562,107.11000061035156,107.83000183105469,106.30999755859375,106.5999984741211,20838300
2022-12-19,92.92721557617188,105.30999755859375,105.83999633789062,104.9800033569336,105.83000183105469,26126800
2022-12-20,91.27710723876953,103.44000244140625,103.80999755859375,103.0999984741211,103.37999725341797,28869000
2022-12-21,91.50652313232422,103.69999694824219,104.4000015258789,102.95999908447266,104.29000091552734,15894100
2022-12-22,91.48885345458984,103.68000030517578,104.12000274658203,103.37999725341797,103.66999816894531,11322500
2022-12-23,90.1476058959961,102.16000366210938,102.80999755859375,102.0199966430664,102.58000183105469,15408900
2022-12-27,88.3651351928711,100.13999938964844,101.06999969482422,100.01000213623047,100.48999786376953,26475700
2022-12-28,87.84449005126953,99.55000305175781,100.77999877929688,99.3499984741211,100.6500015258789,17302900
2022-12-29,88.84162139892578,100.68000030517578,100.98999786376953,99.79000091552734,99.86000061035156,16593000
2022-12-30,87.85330963134766,99.55999755859375,100.55000305175781,99.37000274658203,99.87000274658203,20810200
2023-01-03,89.5299072265625,101.45999908447266,102.33999633789062,100.83999633789062,102.19999694824219,25313200
2023-01-04,90.7564926147461,102.8499984741211,103.4800033569336,102.20999908447266,103.22000122070312,21678200
2023-01-05,91.13591003417969,103.27999877929688,103.29000091552734,101.77999877929688,101.87000274658203,14771100
2023-01-06,92.81249237060547,105.18000030517578,105.30000305175781,102.63999938964844,102.69999694824219,27473700
2023-01-09,93.30664825439453,105.73999786376953,105.93000030517578,104.2699966430664,104.41000366210938,21472200
2023-01-10,91.7624282836914,103.98999786376953,104.81999969482422,103.5,104.52999877929688,20545200
2023-01-11,93.25370788574219,105.68000030517578,105.72000122070312,104.69999694824219,104.97000122070312,18794000
2023-01-12,95.08914184570312,107.76000213623047,107.80999755859375,104.55999755859375,105.81999969482422,32029600
2023-01-13,94.1978759765625,106.75,107.80000305175781,106.37999725341797,107.0999984741211,17750800
2023-01-17,93.58904266357422,106.05999755859375,106.66000366210938,105.6500015258789,105.66999816894531,13911700
2023-01-18,95.85684967041016,108.62999725341797,108.7699966430664,107.12000274658203,108.45999908447266,35497200
2023-01-19,95.25679016113281,107.94999694824219,108.37000274658203,107.44000244140625,108.0999984741211,17194700
2023-01-20,93.71256256103516,106.19999694824219,107.23999786376953,106.11000061035156,106.95999908447266,22754100
2023-01-23,93.2713623046875,105.69999694824219,106.19999694824219,105.48999786376953,105.56999969482422,12961500
2023-01-24,94.61262512207031,107.22000122070312,107.44999694824219,105.38999938964844,106.12000274658203,16417200
2023-01-25,94.84204864501953,107.4800033569336,107.91000366210938,106.63999938964844,107.37000274658203,11906500
2023-01-26,94.4008560180664,106.9800033569336,107.6500015258789,106.48999786376953,107.13999938964844,15549400
2023-01-27,94.16259765625,106.70999908447266,106.95999908447266,106.11000061035156,106.19000244140625,11845500
2023-01-30,93.81844329833984,106.31999969482422,107.16000366210938,106.19000244140625,106.45999908447266,11459700
2023-01-31,94.56849670410156,107.16999816894531,107.27999877929688,105.87000274658203,106.9800033569336,13705300
2023-02-01,95.70530700683594,108.18000030517578,108.58999633789062,106.41999816894531,107.55000305175781,25305800
2023-02-02,95.82917022705078,108.31999969482422,109.3499984741211,108.08999633789062,108.91999816894531,19548400
2023-02-03,94.3959732055664,106.69999694824219,107.11000061035156,106.08000183105469,106.7699966430664,20619500
2023-02-06,93.69710540771484,105.91000366210938,106.30999755859375,105.68000030517578,105.75,15182400
2023-02-07,92.94510650634766,105.05999755859375,106.2300033569336,105.0,105.33000183105469,18290300
2023-02-08,93.38746643066406,105.55999755859375,105.58000183105469,104.38999938964844,105.04000091552734,13530700
2023-02-09,92.50277709960938,104.55999755859375,106.62000274658203,104.38999938964844,106.47000122070312,20469900
2023-02-10,91.4676742553711,103.38999938964844,104.44000244140625,103.12000274658203,104.4000015258789,16598300
2023-02-13,92.23735046386719,104.26000213623047,104.41999816894531,103.58000183105469,103.70999908447266,13134300
2023-02-14,92.0250244140625,104.0199966430664,104.83000183105469,103.13999938964844,104.19999694824219,15440300
2023-02-15,91.16690063476562,103.05000305175781,103.94999694824219,102.5,103.55000305175781,15246900
2023-02-16,89.87525177001953,101.58999633789062,102.22000122070312,101.33000183105469,102.06999969482422,19267300
2023-02-17,90.57415008544922,102.37999725341797,102.37999725341797,100.97000122070312,101.0999984741211,19560900
2023-02-21,88.8136215209961,100.38999938964844,101.19999694824219,100.27999877929688,101.01000213623047,22728000
2023-02-22,89.62752532958984,101.30999755859375,101.69000244140625,100.94999694824219,100.98999786376953,15165400
2023-02-23,90.50337219238281,102.30000305175781,102.58999633789062,101.47000122070312,101.54000091552734,15829100
2023-02-24,89.32675170898438,100.97000122070312,101.80000305175781,100.55999755859375,101.44000244140625,21403600
2023-02-27,89.57444763183594,101.25,101.69999694824219,100.91000366210938,101.29000091552734,14209200
2023-02-28,89.98141479492188,101.70999908447266,101.72000122070312,100.27999877929688,100.56999969482422,14955700
2023-03-01,89.01473236083984,100.37000274658203,101.02999877929688,99.95999908447266,100.81999969482422,19000000
2023-03-02,88.22541046142578,99.4800033569336,99.6500015258789,98.87999725341797,99.05999755859375,23763600
2023-03-03,90.3627700805664,101.88999938964844,101.9000015258789,100.56999969482422,100.93000030517578,30877300
2023-03-06,89.66216278076172,101.0999984741211,102.33999633789062,100.98999786376953,102.22000122070312,16631900
2023-03-07,90.21198272705078,101.72000122070312,102.37000274658203,100.87999725341797,101.45999908447266,23096500
2023-03-08,90.3006820678711,101.81999969482422,102.97000122070312,101.41999816894531,102.4000015258789,20252400
2023-03-09,90.52241516113281,102.06999969482422,102.5199966430664,101.33000183105469,101.55000305175781,21550400
2023-03-10,93.6441650390625,105.58999633789062,105.69000244140625,104.0,104.02999877929688,43921500
2023-03-13,93.85704040527344,105.83000183105469,109.0999984741211,105.04000091552734,108.19999694824219,51502500
2023-03-14,92.3138656616211,104.08999633789062,105.61000061035156,103.75,105.13999938964844,38417800
2023-03-15,94.09644317626953,106.0999984741211,107.70999908447266,105.3499984741211,106.77999877929688,45164100
2023-03-16,93.3603744506836,105.2699966430664,108.02999877929688,105.04000091552734,107.37999725341797,43089300
2023-03-17,94.76162719726562,106.8499984741211,107.7300033569336,106.45999908447266,106.6500015258789,38129000
2023-03-20,93.92797088623047,105.91000366210938,106.95999908447266,105.72000122070312,106.87999725341797,24242800
2023-03-21,93.12091827392578,105.0,105.41999816894531,104.54000091552734,105.08000183105469,18934900
2023-03-22,94.362548828125,106.4000015258789,106.44999694824219,104.44000244140625,104.66000366210938,26388500
2023-03-23,94.362548828125,106.4000015258789,106.55000305175781,104.81999969482422,105.36000061035156,25475100
2023-03-24,94.76162719726562,106.8499984741211,107.43000030517578,106.26000213623047,107.08999633789062,23652700
2023-03-27,92.53556823730469,104.33999633789062,105.76000213623047,104.33000183105469,105.05000305175781,22224500
2023-03-28,92.70409393310547,104.52999877929688,104.68000030517578,104.0199966430664,104.23999786376953,17794300
2023-03-29,92.5178451538086,104.31999969482422,104.44999694824219,103.5999984741211,103.69999694824219,16804400
2023-03-30,92.94356536865234,104.80000305175781,105.05000305175781,104.2699966430664,104.45999908447266,14315800
2023-03-31,94.3359375,106.37000274658203,106.55999755859375,105.08000183105469,105.3499984741211,25396700
2023-04-03,94.77959442138672,106.5999984741211,107.0999984741211,105.69999694824219,105.87999725341797,18234800
2023-04-04,95.25081634521484,107.12999725341797,107.80000305175781,105.75,105.77999877929688,18052400
2023-04-05,96.24662780761719,108.25,108.37000274658203,107.41000366210938,107.7699966430664,23047700
2023-04-06,96.49560546875,108.52999877929688,108.87000274658203,108.38999938964844,108.41999816894531,16447300
2023-04-10,94.93964385986328,106.77999877929688,107.76000213623047,106.55999755859375,107.63999938964844,19134400
2023-04-11,95.13521575927734,107.0,107.08999633789062,106.51000213623047,107.05000305175781,13971200
2023-04-12,95.03742980957031,106.88999938964844,107.16999816894531,105.87999725341797,107.05000305175781,20563000
2023-04-13,94.29057312011719,106.05000305175781,107.38999938964844,105.87999725341797,107.05000305175781,22079400
2023-04-14,93.42814636230469,105.08000183105469,105.55000305175781,104.7699966430664,105.38999938964844,19801900
2023-04-17,92.31676483154297,103.83000183105469,104.58999633789062,103.70999908447266,104.41999816894531,19528800
2023-04-18,92.64570617675781,104.19999694824219,104.58999633789062,103.80000305175781,103.80999755859375,15922600
2023-04-19,92.55680084228516,104.0999984741211,104.23999786376953,103.4800033569336,103.91000366210938,16093900
2023-04-20,93.34809875488281,104.98999786376953,105.27999877929688,104.75,104.83000183105469,16450100
2023-04-21,92.82355499267578,104.4000015258789,105.45999908447266,104.2699966430664,105.30000305175781,15244700
2023-04-24,93.7215576171875,105.41000366210938,105.48999786376953,104.83999633789062,104.95999908447266,17034300
2023-04-25,95.09970092773438,106.95999908447266,107.12999725341797,106.27999877929688,106.33000183105469,21899900
2023-04-26,94.08609771728516,105.81999969482422,107.23999786376953,105.66999816894531,106.79000091552734,19610400
2023-04-27,93.15250396728516,104.7699966430664,105.2699966430664,104.61000061035156,105.19999694824219,20247600
2023-04-28,94.65510559082031,106.45999908447266,106.76000213623047,105.86000061035156,106.20999908447266,26954100
2023-05-01,91.92578125,103.12999725341797,105.41999816894531,102.83999633789062,105.2699966430664,32487300
2023-05-02,94.21656036376953,105.69999694824219,105.69999694824219,103.88999938964844,104.0,30057800
2023-05-03,94.74246215820312,106.29000091552734,106.5999984741211,105.27999877929688,106.0,23656200
2023-05-04,93.80654907226562,105.23999786376953,106.44999694824219,105.1500015258789,105.22000122070312,25110500
2023-05-05,93.49455261230469,104.88999938964844,104.9000015258789,104.11000061035156,104.3499984741211,15096500
2023-05-08,92.18425750732422,103.41999816894531,103.87000274658203,103.31999969482422,103.5199966430664,20587000
2023-05-09,91.85444641113281,103.05000305175781,103.63999938964844,103.0,103.5,19182500
2023-05-10,92.74584197998047,104.05000305175781,104.23999786376953,103.63999938964844,103.66999816894531,22886800
2023-05-11,93.726318359375,105.1500015258789,105.5199966430664,104.72000122070312,105.30000305175781,19147200
2023-05-12,92.94194793701172,104.2699966430664,105.25,104.25,105.05000305175781,14198500
2023-05-15,91.97925567626953,103.19000244140625,103.47000122070312,103.12000274658203,103.38999938964844,20085300
2023-05-16,91.70294952392578,102.87999725341797,102.9000015258789,102.11000061035156,102.4000015258789,29251700
2023-05-17,91.435546875,102.58000183105469,103.16000366210938,102.3499984741211,103.08000183105469,21340900
2023-05-18,90.75810241699219,101.81999969482422,102.26000213623047,101.75,102.19999694824219,25536600
2023-05-19,90.1163330078125,101.0999984741211,101.86000061035156,100.93000030517578,101.26000213623047,29038000
2023-05-22,89.79544067382812,100.73999786376953,101.70999908447266,100.66999816894531,101.25,20131100
2023-05-23,90.05394744873047,101.02999877929688,101.25,100.27999877929688,100.43000030517578,21749500
2023-05-24,89.60824584960938,100.52999877929688,101.36000061035156,100.52999877929688,101.27999877929688,18473400
2023-05-25,89.38543701171875,100.27999877929688,100.80000305175781,100.02999877929688,100.69999694824219,22492800
2023-05-26,90.10741424560547,101.08999633789062,101.16999816894531,100.0,100.12000274658203,17030300
2023-05-30,91.00770568847656,102.0999984741211,102.23999786376953,101.25,101.4000015258789,23125200
2023-05-31,91.80099487304688,102.98999786376953,103.18000030517578,101.87000274658203,101.98999786376953,23787000
2023-06-01,92.16116333007812,103.12000274658203,103.62999725341797,102.62999725341797,103.27999877929688,21040400
2023-06-02,91.1512451171875,101.98999786376953,103.06999969482422,101.94000244140625,103.0,19136500
2023-06-05,90.98145294189453,101.80000305175781,102.44000244140625,101.20999908447266,101.3499984741211,14433200
2023-06-06,91.51766204833984,102.4000015258789,102.47000122070312,101.38999938964844,101.83999633789062,14332100
2023-06-07,90.15921783447266,100.87999725341797,102.43000030517578,100.77999877929688,102.16999816894531,25251100
2023-06-08,91.21381378173828,102.05999755859375,102.13999938964844,100.80000305175781,100.87000274658203,23845100
2023-06-09,91.08868408203125,101.91999816894531,102.2699966430664,101.33999633789062,101.5999984741211,22147400
2023-06-12,91.35680389404297,102.22000122070312,102.30000305175781,101.12000274658203,102.23999786376953,19010300
2023-06-13,90.45415496826172,101.20999908447266,102.33000183105469,100.97000122070312,102.11000061035156,25910800
2023-06-14,91.17805480957031,102.0199966430664,102.29000091552734,101.45999908447266,101.62999725341797,29094200
2023-06-15,92.05390930175781,103.0,103.62999725341797,102.5999984741211,103.02999877929688,25732000
2023-06-16,91.69642639160156,102.5999984741211,102.83000183105469,102.02999877929688,102.44000244140625,16759100
2023-06-20,92.33096313476562,103.30999755859375,103.66000366210938,103.11000061035156,103.11000061035156,17162900
2023-06-21,92.55439758300781,103.55999755859375,103.6500015258789,102.33999633789062,102.80999755859375,19720100
2023-06-22,91.43724060058594,102.30999755859375,103.25,102.19999694824219,102.80000305175781,23630700
2023-06-23,92.34884643554688,103.33000183105469,103.94999694824219,102.9800033569336,103.83000183105469,22901900
2023-06-26,92.44715118408203,103.44000244140625,103.80000305175781,103.16000366210938,103.62000274658203,12894900
2023-06-27,92.20584106445312,103.16999816894531,103.94999694824219,102.76000213623047,103.58999633789062,18105700
2023-06-28,92.59907531738281,103.61000061035156,103.83999633789062,102.83000183105469,103.41000366210938,23826800
2023-06-29,90.92781829833984,101.73999786376953,102.33999633789062,101.44999694824219,102.16999816894531,41091600
2023-06-30,92.00027465820312,102.94000244140625,103.05999755859375,101.87000274658203,102.05999755859375,32024900
2023-07-03,91.4787368774414,102.08000183105469,103.26000213623047,102.05999755859375,102.83999633789062,16011800
2023-07-05,90.60948181152344,101.11000061035156,102.0,100.73999786376953,101.88999938964844,28170300
2023-07-06,89.32797241210938,99.68000030517578,100.37999725341797,99.47000122070312,100.19999694824219,41375700
2023-07-07,88.79029083251953,99.08000183105469,99.5999984741211,98.98999786376953,99.18000030517578,28996500
2023-07-10,88.90679168701172,99.20999908447266,99.52999877929688,98.8499984741211,98.86000061035156,24665200
2023-07-11,89.36382293701172,99.72000122070312,99.97000122070312,99.29000091552734,99.56999969482422,20485500
2023-07-12,90.35855102539062,100.83000183105469,101.12000274658203,99.7699966430664,100.0999984741211,31928000
2023-07-13,91.30847930908203,101.88999938964844,101.97000122070312,101.02999877929688,101.30999755859375,32441500
2023-07-14,90.77079010009766,101.29000091552734,101.94000244140625,101.23999786376953,101.72000122070312,18569000
2023-07-17,90.81558227539062,101.33999633789062,101.48999786376953,100.91999816894531,101.2300033569336,18822000
2023-07-18,91.22781372070312,101.80000305175781,102.06999969482422,101.56999969482422,101.80000305175781,15407400
2023-07-19,92.25836181640625,102.94999694824219,102.9800033569336,101.7300033569336,102.0,27192500
2023-07-20,91.13819122314453,101.69999694824219,102.30999755859375,101.27999877929688,102.22000122070312,56951200
2023-07-21,91.16506958007812,101.7300033569336,102.3499984741211,101.62999725341797,102.16000366210938,20657500
2023-07-24,90.83353424072266,101.36000061035156,102.1500015258789,101.30000305175781,101.98999786376953,17546700
2023-07-25,90.66323852539062,101.16999816894531,101.5,100.80000305175781,100.83000183105469,17160600
2023-07-26,90.75284576416016,101.2699966430664,101.69000244140625,100.93000030517578,101.68000030517578,19310700
2023-07-27,88.98745727539062,99.30000305175781,100.93000030517578,98.91000366210938,100.70999908447266,44794400
2023-07-28,89.4444580078125,99.80999755859375,99.86000061035156,99.1500015258789,99.4000015258789,27434000
2023-07-31,89.65956115722656,100.05000305175781,100.33000183105469,99.62000274658203,99.6500015258789,28663800
2023-08-01,88.19031524658203,98.13999938964844,98.91999816894531,97.9000015258789,98.83999633789062,34943400
2023-08-02,87.24675750732422,97.08999633789062,97.23999786376953,96.41000366210938,97.04000091552734,38121300
2023-08-03,85.23385620117188,94.8499984741211,95.31999969482422,94.54000091552734,95.19000244140625,59394800
2023-08-04,86.74351501464844,96.52999877929688,96.68000030517578,95.12999725341797,95.1500015258789,42071800
2023-08-07,85.8898696899414,95.58000183105469,96.19999694824219,95.5,96.11000061035156,35862900
2023-08-08,86.88733673095703,96.69000244140625,97.37000274658203,96.44000244140625,96.86000061035156,24010500
2023-08-09,87.33661651611328,97.19000244140625,97.29000091552734,96.83999633789062,96.87999725341797,20151100
2023-08-10,85.89884185791016,95.58999633789062,97.36000061035156,95.58999633789062,97.04000091552734,37253200
2023-08-11,85.7011489868164,95.37000274658203,95.87000274658203,95.19999694824219,95.30000305175781,26753500
2023-08-14,85.51243591308594,95.16000366210938,95.93000030517578,94.9000015258789,95.20999908447266,19072000
2023-08-15,84.99125671386719,94.58000183105469,95.19999694824219,94.55999755859375,94.80000305175781,24125000
2023-08-16,84.32627868652344,93.83999633789062,94.79000091552734,93.72000122070312,94.27999877929688,23076700
2023-08-17,83.966796875,93.44000244140625,93.61000061035156,93.0199966430664,93.5,32244900
2023-08-18,84.26335144042969,93.7699966430664,94.19000244140625,93.30000305175781,93.43000030517578,24181700
2023-08-21,83.14009094238281,92.5199966430664,92.76000213623047,92.2300033569336,92.66000366210938,29254100
2023-08-22,83.77811431884766,93.2300033569336,93.27999877929688,92.45999908447266,92.63999938964844,21308700
2023-08-23,85.85392761230469,95.54000091552734,95.55000305175781,94.2300033569336,94.30000305175781,38294700
2023-08-24,85.28778076171875,94.91000366210938,95.55000305175781,94.88999938964844,95.12999725341797,22300800
2023-08-25,85.56632995605469,95.22000122070312,95.51000213623047,94.51000213623047,94.66000366210938,23865200
2023-08-28,85.65621185302734,95.31999969482422,95.66000366210938,94.88999938964844,95.6500015258789,16037300
2023-08-29,86.54582214355469,96.30999755859375,96.51000213623047,94.94000244140625,94.97000122070312,28478100
2023-08-30,86.45599365234375,96.20999908447266,96.4000015258789,95.87999725341797,96.16000366210938,17550100
2023-08-31,86.84239959716797,96.63999938964844,97.05000305175781,96.43000030517578,96.54000091552734,26959700
2023-09-01,85.4895248413086,94.8499984741211,95.81999969482422,94.62000274658203,95.80000305175781,32469700
2023-09-05,84.29078674316406,93.5199966430664,94.29000091552734,93.48999786376953,94.27999877929688,29435900
2023-09-06,84.49808502197266,93.75,94.11000061035156,93.45999908447266,94.08999633789062,23636300
2023-09-07,84.7323989868164,94.01000213623047,94.06999969482422,93.68000030517578,94.0,18091500
2023-09-08,85.05690002441406,94.37000274658203,94.9000015258789,94.16999816894531,94.37999725341797,17052100
2023-09-11,84.44398498535156,93.69000244140625,93.9800033569336,93.55000305175781,93.69999694824219,17061500
2023-09-12,84.93070220947266,94.2300033569336,94.23999786376953,93.58000183105469,93.88999938964844,20034300
2023-09-13,84.91265869140625,94.20999908447266,94.52999877929688,93.81999969482422,93.91999816894531,23332300
2023-09-14,84.29978942871094,93.52999877929688,94.20999908447266,93.4000015258789,93.94000244140625,27800600
2023-09-15,83.7860336303711,92.95999908447266,93.4800033569336,92.95999908447266,93.45999908447266,25642900
2023-09-18,84.26371765136719,93.48999786376953,93.52999877929688,92.81999969482422,92.8499984741211,17963400
2023-09-19,83.6418228149414,92.80000305175781,93.43000030517578,92.80000305175781,93.08000183105469,24941800
2023-09-20,83.90318298339844,93.08999633789062,93.5999984741211,93.04000091552734,93.29000091552734,29451200
2023-09-21,81.74906158447266,90.69999694824219,91.37000274658203,90.69000244140625,91.29000091552734,59958700
2023-09-22,82.40702819824219,91.43000030517578,91.61000061035156,90.66999816894531,90.80999755859375,29524500
2023-09-25,80.37908935546875,89.18000030517578,90.04000091552734,89.1500015258789,89.66000366210938,45587900
2023-09-26,80.09966278076172,88.87000274658203,89.62000274658203,88.70999908447266,89.43000030517578,38104100
2023-09-27,79.68506622314453,88.41000366210938,89.62000274658203,88.08999633789062,89.54000091552734,47111200
2023-09-28,79.92840576171875,88.68000030517578,88.7300033569336,87.0999984741211,87.62000274658203,60238000
2023-09-29,79.93742370605469,88.69000244140625,89.48999786376953,88.12999725341797,89.2699966430664,49010100
2023-10-02,78.5992660522461,86.93000030517578,87.93000030517578,86.70999908447266,87.81999969482422,44704300
2023-10-03,76.90847778320312,85.05999755859375,86.6500015258789,84.88999938964844,86.30999755859375,71362600
2023-10-04,77.99349212646484,86.26000213623047,86.30999755859375,85.37000274658203,85.7699966430664,56281600
2023-10-05,77.60468292236328,85.83000183105469,86.19000244140625,85.63999938964844,86.11000061035156,35758800
2023-10-06,76.66434478759766,84.79000091552734,85.69000244140625,84.05999755859375,84.19999694824219,62787900
2023-10-09,78.4636459350586,86.77999877929688,86.80000305175781,84.94999694824219,85.5,29424900
2023-10-10,78.35514831542969,86.66000366210938,87.16999816894531,85.5199966430664,85.8499984741211,54743900
2023-10-11,79.99166107177734,88.47000122070312,88.47000122070312,87.5999984741211,87.8499984741211,58517700
2023-10-12,77.82168579101562,86.06999969482422,88.19000244140625,85.93000030517578,88.05000305175781,66986700
2023-10-13,79.214111328125,87.61000061035156,87.83000183105469,87.16999816894531,87.5999984741211,44183800
2023-10-16,77.93921661376953,86.19999694824219,86.37000274658203,85.9000015258789,86.19000244140625,38309800
2023-10-17,77.08027648925781,85.25,85.62999725341797,84.5,84.88999938964844,52949100
2023-10-18,76.40213775634766,84.5,84.72000122070312,83.8499984741211,84.37999725341797,63724600
2023-10-19,74.83793640136719,82.7699966430664,84.56999969482422,82.73999786376953,83.87999725341797,87696900
2023-10-20,75.26290130615234,83.23999786376953,83.54000091552734,82.7699966430664,82.98999786376953,52188800
2023-10-23,76.16706085205078,84.23999786376953,84.86000061035156,82.41999816894531,82.80999755859375,70890400
2023-10-24,77.17068481445312,85.3499984741211,85.3499984741211,84.08999633789062,84.44000244140625,46267700
2023-10-25,75.45277404785156,83.44999694824219,84.12999725341797,83.12999725341797,84.0199966430664,60737200
2023-10-26,76.61012268066406,84.7300033569336,84.81999969482422,83.4000015258789,83.4800033569336,49704100
2023-10-27,76.28462219238281,84.37000274658203,84.97000122070312,83.73999786376953,84.19000244140625,32362300
2023-10-30,75.9410171508789,83.98999786376953,84.5,83.23999786376953,83.80999755859375,45026900
2023-10-31,75.5703353881836,83.58000183105469,84.7699966430664,83.55000305175781,84.37000274658203,37269200
2023-11-01,77.20882415771484,85.0999984741211,85.12000274658203,84.0199966430664,84.04000091552734,72308500
2023-11-02,78.96893310546875,87.04000091552734,87.30999755859375,86.22000122070312,86.68000030517578,69739400
2023-11-03,79.50423431396484,87.62999725341797,89.05000305175781,87.58000183105469,88.80999755859375,77692300
2023-11-06,78.73304748535156,86.77999877929688,87.19999694824219,86.5999984741211,87.06999969482422,41341900
2023-11-07,79.89435577392578,88.05999755859375,88.5,87.58999633789062,87.61000061035156,37834200
2023-11-08,81.25528717041016,89.55999755859375,89.62000274658203,88.44999694824219,88.4800033569336,53893400
2023-11-09,79.38629150390625,87.5,89.02999877929688,86.73999786376953,88.94000244140625,88975100
2023-11-10,79.83086395263672,87.98999786376953,88.43000030517578,87.7699966430664,88.2300033569336,36516400
2023-11-13,79.64939880371094,87.79000091552734,87.94000244140625,86.9000015258789,87.22000122070312,25661500
2023-11-14,81.45486450195312,89.77999877929688,90.1500015258789,89.29000091552734,90.0,65666800
2023-11-15,80.31170654296875,88.5199966430664,89.13999938964844,88.30999755859375,89.01000213623047,56205300
2023-11-16,81.30970764160156,89.62000274658203,89.95999908447266,89.25,89.30000305175781,49473900
2023-11-17,81.69075012207031,90.04000091552734,90.43000030517578,89.63999938964844,90.16000366210938,44091400
2023-11-20,82.18974304199219,90.58999633789062,90.66000366210938,89.61000061035156,89.62000274658203,40477800
2023-11-21,82.15348052978516,90.55000305175781,90.80000305175781,89.88999938964844,90.5,27721000
2023-11-22,82.44379425048828,90.87000274658203,91.31999969482422,90.37999725341797,91.12000274658203,31197500
2023-11-24,81.47300720214844,89.80000305175781,90.26000213623047,89.79000091552734,90.0999984741211,20199600
2023-11-27,82.83393096923828,91.30000305175781,91.33999633789062,90.20999908447266,90.30000305175781,39804400
2023-11-28,82.99720764160156,91.4800033569336,91.52999877929688,90.79000091552734,90.91000366210938,44989300
2023-11-29,84.04058074951172,92.62999725341797,92.69999694824219,91.77999877929688,92.11000061035156,61647800
2023-11-30,83.06980895996094,91.55999755859375,92.29000091552734,91.16000366210938,91.97000122070312,60520900
2023-12-01,84.63435363769531,92.98999786376953,93.05999755859375,91.12999725341797,91.30999755859375,64172200
2023-12-04,84.29761505126953,92.62000274658203,92.83000183105469,92.08999633789062,92.48999786376953,33766300
2023-12-05,86.10877227783203,94.61000061035156,94.62000274658203,93.56999969482422,93.62999725341797,73588600
2023-12-06,87.25557708740234,95.87000274658203,96.05000305175781,94.87000274658203,95.08000183105469,61606100
2023-12-07,86.75498962402344,95.31999969482422,96.08000183105469,95.05999755859375,95.18000030517578,47970200
2023-12-08,86.04507446289062,94.54000091552734,94.72000122070312,93.91000366210938,94.41999816894531,44809200
2023-12-11,85.86305236816406,94.33999633789062,94.44000244140625,93.52999877929688,94.01000213623047,33909700
2023-12-12,86.1178970336914,94.62000274658203,94.69999694824219,93.9000015258789,94.1500015258789,36996900
2023-12-13,88.13839721679688,96.83999633789062,96.9800033569336,95.0199966430664,95.16999816894531,70828500
2023-12-14,90.43115234375,99.04000091552734,99.04000091552734,97.41999816894531,97.66000366210938,87798600
2023-12-15,90.53157806396484,99.1500015258789,99.3499984741211,98.58000183105469,98.69000244140625,59941300
2023-12-18,89.81025695800781,98.36000061035156,98.5,98.0199966430664,98.5,34746000
2023-12-19,90.29418182373047,98.88999938964844,99.26000213623047,98.66000366210938,98.86000061035156,30018400
2023-12-20,90.90592193603516,99.55999755859375,99.69000244140625,98.58000183105469,99.11000061035156,51229400
2023-12-21,90.33069610595703,98.93000030517578,99.83999633789062,98.75,99.73999786376953,65231200
2023-12-22,89.9198226928711,98.4800033569336,99.37999725341797,98.23999786376953,99.37999725341797,29244200
2023-12-26,90.17547607421875,98.76000213623047,98.87000274658203,98.4800033569336,98.54000091552734,24019700
2023-12-27,91.77337646484375,100.51000213623047,100.52999877929688,99.5,99.77999877929688,45082800
2023-12-28,91.10681915283203,99.77999877929688,100.56999969482422,99.55999755859375,100.08999633789062,36213000
2023-12-29,90.2850570678711,98.87999725341797,99.81999969482422,98.80000305175781,99.12999725341797,41616200
2024-01-02,89.76461791992188,98.30999755859375,98.6500015258789,98.0,98.2300033569336,47797400
2024-01-03,90.13896942138672,98.72000122070312,98.8499984741211,97.1500015258789,97.37999725341797,58159500
2024-01-04,88.76936340332031,97.22000122070312,97.63999938964844,97.06999969482422,97.41999816894531,52604500
2024-01-05,87.9201889038086,96.29000091552734,97.68000030517578,96.20999908447266,96.5,45894800
2024-01-08,88.78760528564453,97.23999786376953,97.37999725341797,96.08999633789062,96.2300033569336,39485800
2024-01-09,88.22151184082031,96.62000274658203,97.16999816894531,96.58999633789062,96.63999938964844,34374000
2024-01-10,87.81060028076172,96.16999816894531,97.05000305175781,96.12000274658203,96.91999816894531,48227800
2024-01-11,88.3036880493164,96.70999908447266,96.83000183105469,95.70999908447266,96.16999816894531,78858900
2024-01-12,88.13019561767578,96.5199966430664,97.2699966430664,96.2699966430664,96.77999877929688,38883900
2024-01-16,86.57795715332031,94.81999969482422,95.79000091552734,94.51000213623047,95.62000274658203,61716700
2024-01-17,86.44100189208984,94.66999816894531,95.0,94.16000366210938,94.5999984741211,55506800
2024-01-18,85.63750457763672,93.79000091552734,94.58000183105469,93.51000213623047,94.45999908447266,77339100
2024-01-19,85.91142272949219,94.08999633789062,94.16999816894531,93.26000213623047,93.70999908447266,47030900
2024-01-22,86.42274475097656,94.6500015258789,95.08000183105469,94.38999938964844,94.81999969482422,35756400
2024-01-23,85.7379150390625,93.9000015258789,93.98999786376953,93.43000030517578,93.88999938964844,35786700
2024-01-24,85.23575592041016,93.3499984741211,94.54000091552734,93.0999984741211,94.51000213623047,54574900
2024-01-25,85.792724609375,93.95999908447266,94.22000122070312,93.56999969482422,94.0,57019400
2024-01-26,85.62836456298828,93.77999877929688,94.06999969482422,93.48999786376953,93.93000030517578,29276900
2024-01-29,86.61449432373047,94.86000061035156,95.16999816894531,94.12000274658203,94.30999755859375,38243600
2024-01-30,87.39972686767578,95.72000122070312,95.83999633789062,94.73999786376953,95.4800033569336,40151400
2024-01-31,88.25801086425781,96.66000366210938,96.91000366210938,96.0,96.22000122070312,80646700
2024-02-01,89.9892807006836,98.23999786376953,98.66999816894531,97.19000244140625,97.41999816894531,84291200
2024-02-02,88.00153350830078,96.06999969482422,96.62000274658203,95.69000244140625,96.2699966430664,63823300
2024-02-05,86.22445678710938,94.12999725341797,94.8499984741211,94.0199966430664,94.62999725341797,53827400
2024-02-06,87.06721496582031,95.05000305175781,95.1500015258789,94.20999908447266,94.23999786376953,33411500
2024-02-07,86.64583587646484,94.58999633789062,95.2300033569336,94.5199966430664,94.56999969482422,40120200
2024-02-08,86.14202880859375,94.04000091552734,94.30000305175781,93.66000366210938,94.0199966430664,50087700
2024-02-09,85.96800994873047,93.8499984741211,94.01000213623047,93.66000366210938,93.76000213623047,27951300
2024-02-12,86.06874084472656,93.95999908447266,94.13999938964844,93.5,93.9000015258789,27890300
2024-02-13,84.59397888183594,92.3499984741211,93.05999755859375,92.33000183105469,92.86000061035156,49768500
2024-02-14,85.02449798583984,92.81999969482422,93.05000305175781,92.2300033569336,92.30000305175781,44191600
2024-02-15,85.46418762207031,93.30000305175781,93.72000122070312,93.0,93.55999755859375,49598500
2024-02-16,84.96951293945312,92.76000213623047,92.8499984741211,92.33999633789062,92.4800033569336,33116800
2024-02-20,85.0428237915039,92.83999633789062,93.19000244140625,92.72000122070312,92.79000091552734,24469300
2024-02-21,84.4382553100586,92.18000030517578,92.9000015258789,92.01000213623047,92.83000183105469,36343100
2024-02-22,84.85045623779297,92.62999725341797,92.76000213623047,92.2699966430664,92.33000183105469,45190700
2024-02-23,85.98631286621094,93.87000274658203,94.0,92.75,92.75,38406700
2024-02-26,85.72982025146484,93.58999633789062,94.02999877929688,93.19000244140625,94.0,27855000
2024-02-27,85.12525939941406,92.93000030517578,93.47000122070312,92.8499984741211,93.23999786376953,30242000
2024-02-28,85.66570281982422,93.5199966430664,93.5999984741211,92.9000015258789,93.08000183105469,34574200
2024-02-29,86.2702865600586,94.18000030517578,94.30000305175781,93.77999877929688,93.81999969482422,51038600
2024-03-01,86.80782318115234,94.47000122070312,94.51000213623047,93.01000213623047,93.44000244140625,45832800
2024-03-04,86.4586410522461,94.08999633789062,94.16000366210938,93.68000030517578,93.69999694824219,23864200
2024-03-05,87.68994140625,95.43000030517578,95.68000030517578,94.97000122070312,95.2300033569336,37721900
2024-03-06,88.20455169677734,95.98999786376953,96.16999816894531,95.41000366210938,95.48999786376953,40571600
2024-03-07,88.121826171875,95.9000015258789,96.4000015258789,95.4800033569336,96.36000061035156,39075000
2024-03-08,87.96562957763672,95.7300033569336,96.05000305175781,95.4800033569336,95.80000305175781,25023200
2024-03-11,87.919677734375,95.68000030517578,96.01000213623047,95.37000274658203,95.95999908447266,17787900
2024-03-12,87.18458557128906,94.87999725341797,95.20999908447266,94.69000244140625,95.04000091552734,29566000
2024-03-13,86.7618637084961,94.41999816894531,94.73999786376953,94.20999908447266,94.5,38270100
2024-03-14,85.42948913574219,92.97000122070312,93.75,92.86000061035156,93.7300033569336,58365600
2024-03-15,85.40192413330078,92.94000244140625,93.19000244140625,92.79000091552734,93.05999755859375,34997700
2024-03-18,85.14461517333984,92.66000366210938,92.98999786376953,92.5,92.7300033569336,29519500
2024-03-19,85.383544921875,92.91999816894531,93.2699966430664,92.69000244140625,92.8499984741211,26953100
2024-03-20,85.35594940185547,92.88999938964844,93.79000091552734,92.29000091552734,93.0999984741211,43460100
2024-03-21,85.53973388671875,93.08999633789062,93.43000030517578,92.7300033569336,93.2699966430664,34276600
2024-03-22,86.35757446289062,93.9800033569336,94.20999908447266,93.77999877929688,94.19000244140625,30262300
2024-03-25,85.92568969726562,93.51000213623047,93.75,93.30000305175781,93.70999908447266,24011800
2024-03-26,86.16460418701172,93.7699966430664,93.87000274658203,93.27999877929688,93.51000213623047,34423000
2024-03-27,87.0191650390625,94.69999694824219,94.69999694824219,93.94000244140625,93.98999786376953,50157800
2024-03-28,86.94566345214844,94.62000274658203,95.0199966430664,94.31999969482422,94.48999786376953,34540400
2024-04-01,85.32489776611328,92.55000305175781,93.30000305175781,92.45999908447266,93.29000091552734,48945400
2024-04-02,84.85470581054688,92.04000091552734,92.19999694824219,91.33999633789062,91.56999969482422,43086300
2024-04-03,84.83626556396484,92.0199966430664,92.05000305175781,91.05000305175781,91.26000213623047,45494400
2024-04-04,85.44474029541016,92.68000030517578,92.76000213623047,92.04000091552734,92.62999725341797,47957400
2024-04-05,84.25545501708984,91.38999938964844,92.18000030517578,91.37999725341797,91.69000244140625,42495900
2024-04-08,84.24623107910156,91.37999725341797,91.58999633789062,91.12999725341797,91.2300033569336,37879800
2024-04-09,85.02987670898438,92.2300033569336,92.36000061035156,91.83999633789062,91.87000274658203,32522000
2024-04-10,83.17679595947266,90.22000122070312,91.30000305175781,90.05000305175781,91.19999694824219,74368900
2024-04-11,82.7988052368164,89.80999755859375,90.44000244140625,89.51000213623047,90.37999725341797,65751200
2024-04-12,83.2413330078125,90.29000091552734,90.94999694824219,90.27999877929688,90.63999938964844,47900100
2024-04-15,81.95063781738281,88.88999938964844,89.26000213623047,88.5199966430664,89.22000122070312,55993100
2024-04-16,81.40668487548828,88.30000305175781,88.58000183105469,87.79000091552734,88.05000305175781,45103200
2024-04-17,82.31015014648438,89.27999877929688,89.37999725341797,88.45999908447266,88.87000274658203,57947000
2024-04-18,81.89531707763672,88.83000183105469,89.2699966430664,88.58999633789062,89.23999786376953,43839500
2024-04-19,82.1903305053711,89.1500015258789,89.38999938964844,88.91000366210938,89.38999938964844,44826800
2024-04-22,82.05204772949219,89.0,89.12000274658203,88.6500015258789,88.68000030517578,24969000
2024-04-23,82.07971954345703,89.02999877929688,89.54000091552734,88.55000305175781,88.7300033569336,27222700
2024-04-24,81.49886322021484,88.4000015258789,88.62999725341797,87.5,88.55999755859375,48986800
2024-04-25,80.9272689819336,87.77999877929688,87.9000015258789,87.33999633789062,87.45999908447266,49282600
2024-04-26,81.35137939453125,88.23999786376953,88.61000061035156,88.05000305175781,88.25,31589800
2024-04-29,82.03360748291016,88.9800033569336,89.0199966430664,88.4800033569336,88.66000366210938,39228600
2024-04-30,81.33293151855469,88.22000122070312,88.7300033569336,88.0999984741211,88.41999816894531,41054700
2024-05-01,81.93244934082031,88.55999755859375,89.20999908447266,88.23999786376953,88.5999984741211,59679500
2024-05-02,82.28400421142578,88.94000244140625,89.01000213623047,88.02999877929688,88.20999908447266,58925400
2024-05-03,83.11665344238281,89.83999633789062,90.12000274658203,89.2699966430664,89.93000030517578,50066100
2024-05-06,83.44046783447266,90.19000244140625,90.25,89.66999816894531,89.87000274658203,23868200
2024-05-07,83.94928741455078,90.73999786376953,91.23999786376953,90.61000061035156,90.9000015258789,30525800
2024-05-08,83.44046783447266,90.19000244140625,90.45999908447266,90.16000366210938,90.30999755859375,31171700
2024-05-09,83.84752655029297,90.62999725341797,90.7699966430664,89.81999969482422,89.87000274658203,39606700
2024-05-10,83.37569427490234,90.12000274658203,90.37999725341797,89.95999908447266,90.27999877929688,21913800
2024-05-13,83.58846282958984,90.3499984741211,90.61000061035156,90.30999755859375,90.55000305175781,23157500
2024-05-14,84.0603256225586,90.86000061035156,90.91999816894531,90.41999816894531,90.6500015258789,25746400
2024-05-15,85.20752716064453,92.0999984741211,92.26000213623047,91.62999725341797,91.87000274658203,65142900
2024-05-16,85.12425994873047,92.01000213623047,92.41999816894531,91.94000244140625,92.38999938964844,37902400
2024-05-17,84.55065155029297,91.38999938964844,91.80000305175781,91.33999633789062,91.63999938964844,24755000
2024-05-20,84.30085754394531,91.12000274658203,91.31999969482422,91.01000213623047,91.08000183105469,17922800
2024-05-21,84.7356948852539,91.58999633789062,91.7699966430664,91.43000030517578,91.7300033569336,15334400
2024-05-22,84.83745574951172,91.69999694824219,91.77999877929688,91.26000213623047,91.2699966430664,38073700
2024-05-23,84.2916259765625,91.11000061035156,91.80000305175781,90.81999969482422,91.80000305175781,51294700
2024-05-24,84.54139709472656,91.37999725341797,91.47000122070312,90.9000015258789,90.97000122070312,19164400
2024-05-28,83.32943725585938,90.06999969482422,91.36000061035156,90.02999877929688,91.33000183105469,45973700
2024-05-29,82.32101440429688,88.9800033569336,89.4000015258789,88.68000030517578,89.33999633789062,45508400
2024-05-30,83.11665344238281,89.83999633789062,89.97000122070312,89.44000244140625,89.5999984741211,29548600
2024-05-31,83.68099212646484,90.44999694824219,90.66000366210938,90.25,90.4800033569336,41308800
2024-06-03,85.03449249267578,91.5999984741211,91.66999816894531,90.61000061035156,90.63999938964844,42272100
2024-06-04,86.0278091430664,92.66999816894531,92.80000305175781,91.98999786376953,92.19999694824219,42581500
2024-06-05,86.65906524658203,93.3499984741211,93.3499984741211,92.38999938964844,93.0,43153900
2024-06-06,86.52908325195312,93.20999908447266,93.43000030517578,92.86000061035156,92.91999816894531,22891900
2024-06-07,84.941650390625,91.5,91.83000183105469,91.4000015258789,91.83000183105469,35240500
2024-06-10,84.37537384033203,90.88999938964844,91.05999755859375,90.6500015258789,91.0,20586500
2024-06-11,85.24800109863281,91.83000183105469,91.87000274658203,90.91999816894531,91.02999877929688,30329200
2024-06-12,85.88854217529297,92.5199966430664,93.56999969482422,92.48999786376953,93.0199966430664,42554600
2024-06-13,87.15106964111328,93.87999725341797,93.98999786376953,92.94999694824219,93.22000122070312,33093800
2024-06-14,87.88443756103516,94.66999816894531,94.83999633789062,94.23999786376953,94.41999816894531,28776700
2024-06-17,87.01181030273438,93.7300033569336,93.80999755859375,93.27999877929688,93.5199966430664,31040200
2024-06-18,87.8101806640625,94.58999633789062,94.5999984741211,93.7300033569336,93.88999938964844,26881000
2024-06-20,87.22533416748047,93.95999908447266,94.0,93.33999633789062,93.41000366210938,30246300
2024-06-21,87.22533416748047,93.95999908447266,94.4800033569336,93.58999633789062,94.23999786376953,22596400
2024-06-24,87.57810974121094,94.33999633789062,94.33999633789062,93.73999786376953,94.05000305175781,56939100
2024-06-25,87.72663116455078,94.5,94.55000305175781,94.04000091552734,94.06999969482422,22890200
2024-06-26,86.47340393066406,93.1500015258789,93.47000122070312,93.11000061035156,93.27999877929688,38489100
2024-06-27,86.81687927246094,93.5199966430664,93.70999908447266,93.41999816894531,93.5199966430664,23140800
2024-06-28,85.20159149169922,91.77999877929688,93.7699966430664,91.77999877929688,93.7300033569336,55119600
2024-07-01,83.73111724853516,89.91000366210938,91.08000183105469,89.81999969482422,90.41999816894531,49735400
2024-07-02,84.38299560546875,90.61000061035156,90.80999755859375,90.08000183105469,90.68000030517578,34204700
2024-07-03,85.49124145507812,91.80000305175781,91.88999938964844,91.08999633789062,91.16999816894531,35563300
2024-07-05,86.19898223876953,92.55999755859375,92.7300033569336,91.9000015258789,92.2699966430664,34895500
2024-07-08,86.38523864746094,92.76000213623047,92.8499984741211,92.22000122070312,92.54000091552734,16095700
2024-07-09,86.00343322753906,92.3499984741211,92.68000030517578,91.87000274658203,92.47000122070312,30289800
2024-07-10,86.27349090576172,92.63999938964844,92.68000030517578,92.26000213623047,92.44999694824219,23572500
2024-07-11,87.11166381835938,93.54000091552734,94.13999938964844,93.47000122070312,93.68000030517578,49761800
2024-07-12,87.4841537475586,93.94000244140625,93.94000244140625,93.33999633789062,93.52999877929688,27796500
2024-07-15,86.47838592529297,92.86000061035156,93.30000305175781,92.77999877929688,93.0,37918900
2024-07-16,87.6983413696289,94.16999816894531,94.20999908447266,93.38999938964844,93.52999877929688,36383700
2024-07-17,87.71696472167969,94.19000244140625,94.4000015258789,93.69000244140625,93.91999816894531,29036800
2024-07-18,87.04646301269531,93.47000122070312,94.13999938964844,93.37999725341797,93.68000030517578,34553100
2024-07-19,86.53425598144531,92.91999816894531,93.16000366210938,92.81999969482422,93.04000091552734,32164700
2024-07-22,86.28280639648438,92.6500015258789,93.5199966430664,92.30000305175781,93.4000015258789,36160400
2024-07-23,86.16172790527344,92.5199966430664,93.02999877929688,92.48999786376953,92.80999755859375,23498000
2024-07-24,85.23046112060547,91.5199966430664,92.8499984741211,91.47000122070312,92.58999633789062,50757100
2024-07-25,85.92891693115234,92.2699966430664,92.86000061035156,91.95999908447266,92.02999877929688,44999100
2024-07-26,86.59944915771484,92.98999786376953,93.1500015258789,92.70999908447266,92.94999694824219,34423800
2024-07-29,87.06507873535156,93.48999786376953,93.69000244140625,93.22000122070312,93.66999816894531,25801300
2024-07-30,87.40034484863281,93.8499984741211,94.05000305175781,93.30000305175781,93.75,28169800
2024-07-31,88.29435729980469,94.80999755859375,94.83999633789062,94.23999786376953,94.52999877929688,47445300
2024-08-01,89.05587768554688,95.30999755859375,95.91000366210938,95.12000274658203,95.13999938964844,77254200
2024-08-02,91.83098602294922,98.27999877929688,98.37000274658203,96.88999938964844,97.0,91912900
2024-08-05,92.3168716430664,98.80000305175781,99.94000244140625,97.9000015258789,99.69000244140625,90686300
2024-08-06,90.25189208984375,96.58999633789062,98.41000366210938,96.58999633789062,98.1500015258789,61316900
2024-08-07,89.61652374267578,95.91000366210938,96.44999694824219,95.5,95.94999694824219,51337100
2024-08-08,89.06521606445312,95.31999969482422,95.4000015258789,94.83999633789062,95.12000274658203,37815800
2024-08-09,89.94355010986328,96.26000213623047,96.54000091552734,96.08999633789062,96.51000213623047,32141800
2024-08-12,90.27057647705078,96.61000061035156,96.81999969482422,95.87999725341797,96.02999877929688,24261400
2024-08-13,90.8966064453125,97.27999877929688,97.36000061035156,96.9800033569336,97.30000305175781,30366900
2024-08-14,91.46658325195312,97.88999938964844,98.16000366210938,97.51000213623047,97.55000305175781,31334100
2024-08-15,90.72840881347656,97.0999984741211,97.0999984741211,96.20999908447266,96.41000366210938,38723700
2024-08-16,91.04610443115234,97.44000244140625,97.54000091552734,97.01000213623047,97.44000244140625,28541000
2024-08-19,91.46658325195312,97.88999938964844,98.16000366210938,97.41000366210938,97.41999816894531,25322100
2024-08-20,92.19540405273438,98.66999816894531,98.86000061035156,98.12000274658203,98.31999969482422,25239300
2024-08-21,92.25146484375,98.7300033569336,99.19999694824219,98.20999908447266,98.66999816894531,29230000
2024-08-22,91.33576965332031,97.75,98.30000305175781,97.43000030517578,98.2300033569336,33453800
2024-08-23,91.93377685546875,98.38999938964844,98.66999816894531,97.95999908447266,98.19000244140625,32005100
2024-08-26,91.70018005371094,98.13999938964844,98.69999694824219,98.08000183105469,98.69000244140625,23198700
2024-08-27,91.54133605957031,97.97000122070312,98.08000183105469,97.41000366210938,97.48999786376953,21507700
2024-08-28,91.42921447753906,97.8499984741211,98.19999694824219,97.7300033569336,98.01000213623047,18501400
2024-08-29,91.13021087646484,97.52999877929688,97.63999938964844,97.12999725341797,97.37000274658203,24988200
2024-08-30,90.15843963623047,96.48999786376953,97.98999786376953,96.47000122070312,97.68000030517578,42896200
2024-09-03,91.63302612304688,97.75,98.05999755859375,97.41999816894531,97.55999755859375,48947900
2024-09-04,92.81415557861328,99.01000213623047,99.02999877929688,97.80999755859375,97.87999725341797,40885200
2024-09-05,93.33912658691406,99.56999969482422,99.68000030517578,98.77999877929688,99.33999633789062,47450900
2024-09-06,93.32974243164062,99.55999755859375,100.77999877929688,99.19000244140625,99.55000305175781,57406400
2024-09-09,93.73284149169922,99.98999786376953,100.0999984741211,99.16000366210938,99.4000015258789,26961400
2024-09-10,94.3890380859375,100.69000244140625,100.91000366210938,99.81999969482422,99.87000274658203,31703400
2024-09-11,94.31404876708984,100.61000061035156,101.23999786376953,100.3499984741211,100.48999786376953,39497100
2024-09-12,93.87345886230469,100.13999938964844,100.55000305175781,99.69000244140625,100.36000061035156,41618700
2024-09-13,94.12655639648438,100.41000366210938,100.61000061035156,100.0199966430664,100.45999908447266,25722100
2024-09-16,94.98899841308594,101.33000183105469,101.37000274658203,100.41000366210938,100.62999725341797,30866300
2024-09-17,94.52965545654297,100.83999633789062,101.63999938964844,100.73999786376953,101.47000122070312,31699400
2024-09-18,93.35787963867188,99.58999633789062,100.7300033569336,99.54000091552734,100.23999786376953,48897000
2024-09-19,93.04852294921875,99.26000213623047,99.30999755859375,98.7699966430664,98.91999816894531,39979800
2024-09-20,92.69229888916016,98.87999725341797,99.25,98.72000122070312,98.98999786376953,37067600
2024-09-23,92.49544525146484,98.66999816894531,99.08999633789062,98.0199966430664,98.5,35703900
2024-09-24,92.4767074584961,98.6500015258789,98.88999938964844,97.8499984741211,98.0,31005400
2024-09-25,91.7080078125,97.83000183105469,98.31999969482422,97.79000091552734,98.26000213623047,36738200
2024-09-26,91.92363739013672,98.05999755859375,98.25,97.41999816894531,98.06999969482422,33332300
2024-09-27,92.40171813964844,98.56999969482422,98.76000213623047,98.20999908447266,98.54000091552734,28317600
2024-09-30,91.96111297607422,98.0999984741211,98.70999908447266,97.87999725341797,98.63999938964844,34175500
2024-10-01,92.62508392333984,98.48999786376953,99.33000183105469,98.38999938964844,98.80000305175781,45254200
2024-10-02,91.84449768066406,97.66000366210938,97.7300033569336,97.05999755859375,97.36000061035156,35810800
2024-10-03,90.97928619384766,96.73999786376953,97.51000213623047,96.73999786376953,97.33999633789062,39677800
2024-10-04,89.86014556884766,95.55000305175781,95.95999908447266,95.4000015258789,95.44000244140625,56954100
2024-10-07,89.18302154541016,94.83000183105469,95.2699966430664,94.76000213623047,94.9800033569336,42606600
2024-10-08,89.33349609375,94.98999786376953,95.02999877929688,94.33999633789062,94.38999938964844,33709600
2024-10-09,88.82564544677734,94.44999694824219,94.91000366210938,94.2300033569336,94.66999816894531,35807700
2024-10-10,88.47769165039062,94.08000183105469,94.08999633789062,93.41000366210938,93.87999725341797,53667400
2024-10-11,88.12030792236328,93.69999694824219,94.06999969482422,93.41999816894531,93.4800033569336,27406400
2024-10-14,88.18614196777344,93.7699966430664,93.77999877929688,92.9800033569336,93.04000091552734,28795300
2024-10-15,89.25824737548828,94.91000366210938,95.0,94.37000274658203,94.45999908447266,46429100
2024-10-16,89.63442993164062,95.30999755859375,95.62000274658203,95.13999938964844,95.38999938964844,32281500
2024-10-17,88.21434783935547,93.80000305175781,94.44000244140625,93.66999816894531,94.29000091552734,43427200
2024-10-18,88.28018951416016,93.87000274658203,94.27999877929688,93.86000061035156,94.05000305175781,25258600
2024-10-21,86.73783874511719,92.2300033569336,93.08999633789062,92.2300033569336,93.0199966430664,49504700
2024-10-22,86.82250213623047,92.31999969482422,92.76000213623047,92.08999633789062,92.6500015258789,32096900
2024-10-23,86.5873794555664,92.06999969482422,92.37000274658203,91.66000366210938,91.83999633789062,33354200
2024-10-24,87.14222717285156,92.66000366210938,93.0,91.95999908447266,92.2300033569336,32507400
2024-10-25,86.65320587158203,92.13999938964844,93.04000091552734,92.0199966430664,92.98999786376953,28667100
2024-10-28,86.4180908203125,91.88999938964844,92.29000091552734,91.41999816894531,92.2699966430664,33156500
2024-10-29,86.54977416992188,92.02999877929688,92.05999755859375,90.9800033569336,91.16999816894531,46545200
2024-10-30,86.80368041992188,92.30000305175781,93.29000091552734,92.16000366210938,92.83999633789062,41951100
2024-10-31,86.94473266601562,92.44999694824219,92.94000244140625,91.87000274658203,92.19999694824219,52173800
2024-11-01,85.7189712524414,90.83999633789062,92.5199966430664,90.80000305175781,92.26000213623047,80402000
2024-11-04,87.04949188232422,92.25,92.56999969482422,91.62999725341797,92.27999877929688,49747600
2024-11-05,87.5118637084961,92.73999786376953,92.9000015258789,91.5999984741211,92.02999877929688,46986000
2024-11-06,85.11505889892578,90.19999694824219,90.72000122070312,89.55000305175781,89.63999938964844,98895700
2024-11-07,86.18136596679688,91.33000183105469,91.62000274658203,90.6500015258789,90.75,56221400
2024-11-08,87.27595520019531,92.48999786376953,92.5999984741211,91.83999633789062,92.0,56756200
2024-11-11,86.85132598876953,92.04000091552734,92.30000305175781,91.62000274658203,92.25,22369200
2024-11-12,85.54912567138672,90.66000366210938,91.8499984741211,90.51000213623047,91.37000274658203,57908400
2024-11-13,84.73760986328125,89.80000305175781,91.54000091552734,89.72000122070312,91.5199966430664,49009100
2024-11-14,85.2282943725586,90.31999969482422,91.02999877929688,90.2699966430664,90.55999755859375,53328300
2024-11-15,85.00181579589844,90.08000183105469,90.6500015258789,89.51000213623047,89.91999816894531,73722400
2024-11-18,85.15279388427734,90.23999786376953,90.58999633789062,89.41999816894531,89.66000366210938,36010600
2024-11-19,85.58685302734375,90.69999694824219,91.06999969482422,90.62000274658203,90.81999969482422,29585100
2024-11-20,85.31321716308594,90.41000366210938,90.83000183105469,90.11000061035156,90.1500015258789,27755400
2024-11-21,85.24716186523438,90.33999633789062,90.8499984741211,90.0,90.44999694824219,28365700
2024-11-22,85.29434204101562,90.38999938964844,90.69999694824219,90.1500015258789,90.51000213623047,21547500
2024-11-25,87.5024185180664,92.7300033569336,92.77999877929688,91.98999786376953,92.19999694824219,56858000
2024-11-26,87.16273498535156,92.37000274658203,92.44000244140625,91.80999755859375,92.16000366210938,31122200
2024-11-27,87.76664733886719,93.01000213623047,93.37999725341797,92.66999816894531,93.04000091552734,39442200
2024-11-29,88.67252349853516,93.97000122070312,93.98999786376953,93.44000244140625,93.77999877929688,31905700
2024-12-02,88.88557434082031,93.87000274658203,94.1500015258789,93.0,93.2699966430664,39406000
2024-12-03,88.11859130859375,93.05999755859375,94.02999877929688,92.98999786376953,93.93000030517578,32768900
2024-12-04,89.06549835205078,94.05999755859375,94.19000244140625,92.54000091552734,92.61000061035156,35851100
2024-12-05,89.24539184570312,94.25,94.38999938964844,93.66000366210938,93.72000122070312,23695800
2024-12-06,89.37796020507812,94.38999938964844,94.8499984741211,94.0199966430664,94.72000122070312,31761500
2024-12-09,88.55416107177734,93.5199966430664,94.04000091552734,93.47000122070312,93.98999786376953,30509600
2024-12-10,88.13753509521484,93.08000183105469,93.30000305175781,92.91000366210938,93.0199966430664,28706500
2024-12-11,87.30423736572266,92.19999694824219,93.29000091552734,92.11000061035156,93.06999969482422,38748400
2024-12-12,86.24372863769531,91.08000183105469,91.75,91.0,91.63999938964844,45368400
2024-12-13,85.36309814453125,90.1500015258789,90.8499984741211,90.08000183105469,90.80000305175781,39486000
2024-12-16,85.61876678466797,90.41999816894531,90.62000274658203,90.05000305175781,90.55000305175781,23482300
2024-12-17,85.82708740234375,90.63999938964844,90.98999786376953,90.45999908447266,90.5199966430664,23839900
2024-12-18,84.7538833618164,89.16000366210938,90.37000274658203,89.13999938964844,89.97000122070312,61328400
2024-12-19,83.47059631347656,87.80999755859375,88.38999938964844,87.51000213623047,88.06999969482422,99083300
2024-12-20,83.94589233398438,88.30999755859375,88.91000366210938,88.29000091552734,88.52999877929688,45542400
2024-12-23,83.1759033203125,87.5,88.2300033569336,87.44000244140625,88.16000366210938,32764600
2024-12-24,83.52763366699219,87.87000274658203,87.88999938964844,86.9800033569336,87.04000091552734,22377600
2024-12-26,83.48009490966797,87.81999969482422,87.95999908447266,87.19999694824219,87.20999908447266,19981800
2024-12-27,82.7956771850586,87.0999984741211,87.77999877929688,87.05999755859375,87.4800033569336,27262300
2024-12-30,83.46109008789062,87.80000305175781,88.04000091552734,87.66999816894531,87.83000183105469,48519600
2024-12-31,83.01431274414062,87.33000183105469,88.27999877929688,87.26000213623047,88.12999725341797,31917300
2025-01-02,83.2424545288086,87.56999969482422,88.12000274658203,87.20999908447266,87.80000305175781,27841300
2025-01-03,82.9762954711914,87.29000091552734,87.87999725341797,87.18000030517578,87.72000122070312,21962200
2025-01-06,82.60557556152344,86.9000015258789,87.2300033569336,86.66999816894531,87.05000305175781,30231500
2025-01-07,81.67400360107422,85.91999816894531,86.7699966430664,85.79000091552734,86.5999984741211,41757200
2025-01-08,81.77857208251953,86.02999877929688,86.19999694824219,85.33999633789062,85.47000122070312,44590800
2025-01-10,81.2367172241211,85.45999908447266,85.8499984741211,85.16000366210938,85.27999877929688,47115800
2025-01-13,81.20821380615234,85.43000030517578,85.66000366210938,85.04000091552734,85.52999877929688,33258900
2025-01-14,81.07511901855469,85.29000091552734,85.36000061035156,84.88999938964844,85.2300033569336,33412900
2025-01-15,82.47248077392578,86.76000213623047,86.9800033569336,86.4000015258789,86.69999694824219,54120700
2025-01-16,82.7386474609375,87.04000091552734,87.4000015258789,86.27999877929688,86.63999938964844,34651100
2025-01-17,82.8812255859375,87.19000244140625,87.4800033569336,87.04000091552734,87.43000030517578,29875600
2025-01-21,83.62268829345703,87.97000122070312,88.16999816894531,87.62999725341797,87.88999938964844,30548600
2025-01-22,83.18540954589844,87.51000213623047,87.9800033569336,87.31999969482422,87.87000274658203,25278400
2025-01-23,82.53902435302734,86.83000183105469,86.98999786376953,86.52999877929688,86.63999938964844,31949000
2025-01-24,82.90974426269531,87.22000122070312,87.27999877929688,86.5999984741211,86.72000122070312,21110400
2025-01-27,83.88884735107422,88.25,88.43000030517578,87.8499984741211,88.16000366210938,42864200
2025-01-28,83.83181762695312,88.19000244140625,88.19999694824219,87.66000366210938,87.83999633789062,25519100
2025-01-29,83.66072082519531,88.01000213623047,88.62000274658203,87.62999725341797,88.43000030517578,25342800
2025-01-30,83.97439575195312,88.33999633789062,88.70999908447266,88.16999816894531,88.41000366210938,25094900
2025-01-31,83.42305755615234,87.76000213623047,88.66000366210938,87.43000030517578,88.37999725341797,48790100
2025-02-03,84.102294921875,88.16000366210938,89.0999984741211,87.80000305175781,88.58000183105469,70657200
2025-02-04,84.35987091064453,88.43000030517578,88.44999694824219,87.4800033569336,87.55000305175781,33414000
2025-02-05,85.75265502929688,89.88999938964844,90.18000030517578,89.38999938964844,89.44999694824219,48331200
2025-02-06,85.7145004272461,89.8499984741211,90.1500015258789,89.55000305175781,89.86000061035156,22509900
2025-02-07,85.16119384765625,89.2699966430664,89.44999694824219,88.94000244140625,89.23999786376953,31171200
2025-02-10,84.90362548828125,89.0,89.52999877929688,88.8499984741211,89.26000213623047,22736100
2025-02-11,84.35987091064453,88.43000030517578,88.68000030517578,88.37999725341797,88.52999877929688,21513000
2025-02-12,83.21509552001953,87.2300033569336,87.5999984741211,86.86000061035156,87.29000091552734,48536200
2025-02-13,84.59835815429688,88.68000030517578,88.88999938964844,88.06999969482422,88.08999633789062,42718100
2025-02-14,85.0467300415039,89.1500015258789,89.68000030517578,89.12000274658203,89.37999725341797,27460700
2025-02-18,84.0450668334961,88.0999984741211,88.83999633789062,88.04000091552734,88.54000091552734,29429200
2025-02-19,84.14999389648438,88.20999908447266,88.44999694824219,87.88999938964844,87.94999694824219,20584300
2025-02-20,84.46480560302734,88.54000091552734,88.76000213623047,88.44999694824219,88.44999694824219,27913400
2025-02-21,85.48555755615234,89.61000061035156,89.93000030517578,88.81999969482422,88.87000274658203,46912300
2025-02-24,85.73360443115234,89.87000274658203,90.05999755859375,89.26000213623047,89.33000183105469,26218000
2025-02-25,87.2122573852539,91.41999816894531,91.5,90.80000305175781,90.97000122070312,50125100
2025-02-26,87.72740173339844,91.95999908447266,92.05999755859375,91.19999694824219,91.41999816894531,32220200
2025-02-27,87.10731506347656,91.30999755859375,91.79000091552734,91.13999938964844,91.30999755859375,53373600
2025-02-28,88.17577362060547,92.43000030517578,92.4800033569336,91.47000122070312,91.8499984741211,49388600
2025-03-03,88.58726501464844,92.56999969482422,92.70999908447266,91.37000274658203,91.41000366210938,42904200
2025-03-04,87.49632263183594,91.43000030517578,92.79000091552734,91.2699966430664,92.44000244140625,56722000
2025-03-05,86.79772186279297,90.69999694824219,91.80000305175781,90.61000061035156,91.55999755859375,50215900
2025-03-06,86.51062774658203,90.4000015258789,90.80000305175781,89.7300033569336,90.4800033569336,42827500
2025-03-07,86.23310089111328,90.11000061035156,91.16000366210938,89.98999786376953,91.13999938964844,36903600
2025-03-10,87.13267517089844,91.05000305175781,91.62999725341797,90.91000366210938,91.08000183105469,41440800
2025-03-11,86.51062774658203,90.4000015258789,91.48999786376953,90.13999938964844,90.97000122070312,40555700
2025-03-12,85.99385833740234,89.86000061035156,90.37999725341797,89.77999877929688,90.0,32734600
2025-03-13,86.7498779296875,90.6500015258789,90.70999908447266,89.37999725341797,89.58000183105469,38675400
2025-03-14,86.29051971435547,90.16999816894531,90.41000366210938,89.86000061035156,90.01000213623047,24658000
2025-03-17,86.72116088867188,90.62000274658203,91.18000030517578,90.37999725341797,90.80000305175781,26700300
2025-03-18,86.8072738647461,90.70999908447266,91.0199966430664,90.12000274658203,90.13999938964844,23654700
2025-03-19,87.257080078125,91.18000030517578,91.22000122070312,90.37999725341797,90.68000030517578,31378700
2025-03-20,87.3144760131836,91.23999786376953,92.23999786376953,91.16000366210938,92.19999694824219,35645800
2025-03-21,86.79772186279297,90.69999694824219,91.44000244140625,90.62000274658203,91.33000183105469,29192100
2025-03-24,85.90772247314453,89.7699966430664,90.26000213623047,89.69999694824219,90.19999694824219,27985600
2025-03-25,85.89815521240234,89.76000213623047,90.08000183105469,89.51000213623047,89.56999969482422,22333800
2025-03-26,85.33355712890625,89.16999816894531,89.5999984741211,89.08999633789062,89.38999938964844,25095600
2025-03-27,85.0847396850586,88.91000366210938,89.02999877929688,88.62999725341797,88.8499984741211,23674500
2025-03-28,86.26180267333984,90.13999938964844,90.33999633789062,89.80999755859375,89.87999725341797,39869400
2025-03-31,87.11351776123047,91.02999877929688,91.33999633789062,90.36000061035156,91.2300033569336,38824300
2025-04-01,87.86841583251953,91.48999786376953,91.91000366210938,91.20999908447266,91.25,39800100
2025-04-02,87.81078338623047,91.43000030517578,92.37000274658203,90.66000366210938,92.37000274658203,43488400
2025-04-03,88.21415710449219,91.8499984741211,92.7300033569336,91.83999633789062,92.5199966430664,57467400
2025-04-04,89.1745834350586,92.8499984741211,94.08999633789062,92.81999969482422,93.6500015258789,92794200
2025-04-07,86.48540496826172,90.05000305175781,92.19000244140625,89.80000305175781,91.87999725341797,124987600
2025-04-08,84.85271453857422,88.3499984741211,90.19999694824219,88.22000122070312,89.27999877929688,73861900
2025-04-09,85.35212707519531,88.87000274658203,88.91000366210938,85.88999938964844,87.2699966430664,131353500
2025-04-10,82.99907684326172,86.41999816894531,88.18000030517578,86.3499984741211,87.73999786376953,78592000
2025-04-11,83.45049285888672,86.88999938964844,87.30000305175781,85.0,85.87000274658203,94814100
2025-04-14,84.04595947265625,87.51000213623047,87.70999908447266,86.81999969482422,87.4000015258789,37596400
2025-04-15,84.34368133544922,87.81999969482422,88.19000244140625,87.04000091552734,87.1500015258789,22553900
2025-04-16,84.81428527832031,88.30999755859375,88.5,87.47000122070312,87.80000305175781,35607300
2025-04-17,84.06515502929688,87.52999877929688,88.19999694824219,87.2300033569336,88.04000091552734,31758400
2025-04-21,82.59571838378906,86.0,87.06999969482422,85.9800033569336,86.5999984741211,39343200
2025-04-22,83.05672454833984,86.4800033569336,87.0199966430664,86.4000015258789,86.81999969482422,32552100
2025-04-23,83.86346435546875,87.31999969482422,89.05999755859375,87.16999816894531,88.87999725341797,44082200
2025-04-24,84.74705505371094,88.23999786376953,88.3499984741211,87.76000213623047,88.02999877929688,24190800
2025-04-25,85.37133026123047,88.88999938964844,89.11000061035156,88.5999984741211,88.9000015258789,22513900
2025-04-28,85.9091567993164,89.44999694824219,89.52999877929688,88.61000061035156,88.66000366210938,20130500
2025-04-29,86.62946319580078,90.19999694824219,90.20999908447266,89.30000305175781,89.31999969482422,22129500
2025-04-30,85.9283676147461,89.47000122070312,90.05000305175781,89.33000183105469,89.77999877929688,42630600
2025-05-01,85.49266052246094,88.69000244140625,89.27999877929688,88.30000305175781,89.26000213623047,29932800
2025-05-02,84.56727600097656,87.7300033569336,88.06999969482422,87.54000091552734,87.70999908447266,32090400
2025-05-05,84.09493255615234,87.23999786376953,87.41000366210938,86.83000183105469,87.3499984741211,22862800
2025-05-06,84.37447357177734,87.52999877929688,87.52999877929688,86.63999938964844,86.80000305175781,21095200
2025-05-07,84.73115539550781,87.9000015258789,88.20999908447266,87.81999969482422,87.91999816894531,23161600
2025-05-08,83.78646087646484,86.91999816894531,88.05999755859375,86.88999938964844,88.0199966430664,25483700
2025-05-09,83.91178894042969,87.05000305175781,87.30999755859375,86.91999816894531,87.0,17007900
2025-05-12,83.13099670410156,86.23999786376953,86.77999877929688,86.19000244140625,86.37999725341797,32115000
2025-05-13,82.7936019897461,85.88999938964844,86.29000091552734,85.5,86.12999725341797,53912200
2025-05-14,82.24413299560547,85.31999969482422,85.87000274658203,85.19999694824219,85.75,42119800
2025-05-15,82.96711730957031,86.06999969482422,86.31999969482422,85.4800033569336,85.62999725341797,59448000
2025-05-16,83.18882751464844,86.30000305175781,86.88999938964844,86.19999694824219,86.87000274658203,31778200
2025-05-19,82.94784545898438,86.05000305175781,86.12000274658203,84.83000183105469,84.91000366210938,49361900
2025-05-20,82.3501968383789,85.43000030517578,85.5999984741211,85.05999755859375,85.43000030517578,35493100
2025-05-21,80.94282531738281,83.97000122070312,85.05999755859375,83.76000213623047,84.68000030517578,77053100
2025-05-22,81.36697387695312,84.41000366210938,84.43000030517578,83.30000305175781,83.5199966430664,61747900
2025-05-23,81.50192260742188,84.55000305175781,84.81999969482422,84.30999755859375,84.7699966430664,47139200
2025-05-27,82.63937377929688,85.7300033569336,86.02999877929688,85.1500015258789,85.3499984741211,56773400
2025-05-28,82.28270721435547,85.36000061035156,85.54000091552734,84.97000122070312,85.41000366210938,34806800
2025-05-29,83.04423522949219,86.1500015258789,86.26000213623047,85.63999938964844,85.7699966430664,38933200
2025-05-30,83.16954803466797,86.27999877929688,86.47000122070312,85.87999725341797,86.08999633789062,49042100
2025-06-02,82.39552307128906,85.16000366210938,85.47000122070312,84.79000091552734,85.29000091552734,46213100
2025-06-03,82.25039672851562,85.01000213623047,85.73999786376953,84.88999938964844,85.44000244140625,33731300
2025-06-04,83.58558654785156,86.38999938964844,86.6500015258789,85.6500015258789,85.79000091552734,57441500
2025-06-05,83.64362335205078,86.44999694824219,86.93000030517578,86.22000122070312,86.68000030517578,37664700
2025-06-06,82.57936096191406,85.3499984741211,85.93000030517578,85.27999877929688,85.79000091552734,38130100
2025-06-09,82.66641998291016,85.44000244140625,85.63999938964844,85.04000091552734,85.04000091552734,26560800
2025-06-10,83.0921401977539,85.87999725341797,86.18000030517578,85.5199966430664,86.0999984741211,24857000
2025-06-11,83.34370422363281,86.13999938964844,86.4000015258789,85.70999908447266,85.80999755859375,36334800
2025-06-12,84.34025573730469,87.16999816894531,87.19999694824219,86.5999984741211,86.88999938964844,43017800
2025-06-13,83.52754211425781,86.33000183105469,86.87999725341797,85.77999877929688,86.7300033569336,49374000
2025-06-16,82.68577575683594,85.45999908447266,86.43000030517578,85.45999908447266,86.08000183105469,36496600
2025-06-17,83.69202423095703,86.5,86.66000366210938,85.75,86.0,34521600
2025-06-18,83.83715057373047,86.6500015258789,87.08999633789062,86.3499984741211,86.87999725341797,38589000
2025-06-20,83.68233489990234,86.48999786376953,86.79000091552734,85.94999694824219,86.13999938964844,26001900
2025-06-23,83.9532470703125,86.7699966430664,87.44000244140625,86.7699966430664,86.93000030517578,36851800
2025-06-24,84.56279754638672,87.4000015258789,87.58999633789062,86.43000030517578,86.47000122070312,32959100
2025-06-25,84.66922760009766,87.51000213623047,87.51000213623047,86.80000305175781,87.11000061035156,26345300
2025-06-26,85.09494018554688,87.94999694824219,87.94999694824219,87.19999694824219,87.58999633789062,30467500
2025-06-27,84.55313110351562,87.38999938964844,88.16000366210938,87.23999786376953,87.56999969482422,74993500
2025-06-30,85.38520050048828,88.25,88.44000244140625,87.61000061035156,87.86000061035156,53695200
2025-07-01,85.59691619873047,88.13999938964844,88.30999755859375,87.66000366210938,88.12999725341797,38960600
2025-07-02,85.0530776977539,87.58000183105469,87.58999633789062,87.0999984741211,87.19000244140625,39382200
2025-07-03,84.46067810058594,86.97000122070312,87.29000091552734,86.8499984741211,87.16999816894531,26729100
2025-07-07,83.65460968017578,86.13999938964844,86.55999755859375,85.91999816894531,86.54000091552734,38314700
2025-07-08,83.54779815673828,86.02999877929688,86.04000091552734,85.44000244140625,85.56999969482422,31407000
2025-07-09,84.42182922363281,86.93000030517578,86.93000030517578,86.18000030517578,86.19000244140625,29821900
2025-07-10,84.48009490966797,86.98999786376953,87.05999755859375,86.48999786376953,86.83000183105469,24525500
2025-07-11,83.3147201538086,85.79000091552734,86.2699966430664,85.63999938964844,86.2300033569336,40764800
2025-07-14,83.13990783691406,85.61000061035156,85.87999725341797,85.31999969482422,85.54000091552734,24609500
2025-07-15,82.55723571777344,85.01000213623047,85.91000366210938,84.9000015258789,85.88999938964844,40455000
2025-07-16,82.67376708984375,85.12999725341797,85.66000366210938,84.19000244140625,85.27999877929688,65987700
2025-07-17,82.65433502197266,85.11000061035156,85.48999786376953,84.98999786376953,85.22000122070312,31875500
2025-07-18,82.78058624267578,85.23999786376953,85.45999908447266,85.0999984741211,85.43000030517578,27534900
2025-07-21,83.51864624023438,86.0,86.51000213623047,85.95999908447266,86.22000122070312,40019500
2025-07-22,84.02366638183594,86.5199966430664,86.7699966430664,86.11000061035156,86.16999816894531,35190300
2025-07-23,83.55750274658203,86.04000091552734,86.19999694824219,85.79000091552734,86.05000305175781,31008500
2025-07-24,83.41183471679688,85.88999938964844,86.23999786376953,85.51000213623047,85.55000305175781,25164800
2025-07-25,83.9362564086914,86.43000030517578,86.44000244140625,85.72000122070312,85.80000305175781,27196200
2025-07-28,83.39240264892578,85.87000274658203,86.19999694824219,85.83000183105469,85.98999786376953,26812500
2025-07-29,84.80056762695312,87.31999969482422,87.33999633789062,86.19999694824219,86.2300033569336,47828300
2025-07-30,84.36356353759766,86.87000274658203,86.95999908447266,86.55999755859375,86.7699966430664,40670900
2025-07-31,84.412109375,86.91999816894531,87.41000366210938,86.83999633789062,87.12999725341797,49814100
2025-08-01,85.6121597290039,87.81999969482422,87.93000030517578,87.5199966430664,87.55999755859375,63434500
2025-08-04,85.84613800048828,88.05999755859375,88.1500015258789,87.6500015258789,87.95999908447266,36425200
2025-08-05,86.1093521118164,88.33000183105469,88.44999694824219,87.77999877929688,87.8499984741211,28586100
2025-08-06,85.6121597290039,87.81999969482422,88.05000305175781,86.91999816894531,87.83999633789062,42589300
2025-08-07,85.46593475341797,87.66999816894531,88.25,87.58999633789062,87.91999816894531,29213100
2025-08-08,85.09548950195312,87.29000091552734,87.38999938964844,87.1500015258789,87.36000061035156,21596300
2025-08-11,85.19297790527344,87.38999938964844,87.66999816894531,87.27999877929688,87.54000091552734,20100900
2025-08-12,84.76403045654297,86.94999694824219,86.97000122070312,86.55000305175781,86.9000015258789,41052300
2025-08-13,85.46593475341797,87.66999816894531,87.80999755859375,87.43000030517578,87.44000244140625,30817500
2025-08-14,84.83226776123047,87.0199966430664,87.51000213623047,86.88999938964844,87.51000213623047,33397400
2025-08-15,84.22786712646484,86.4000015258789,86.77999877929688,86.25,86.66000366210938,36343600
2025-08-18,83.9841537475586,86.1500015258789,86.54000091552734,85.98999786376953,86.5,26777500
2025-08-19,84.47158813476562,86.6500015258789,86.75,86.44999694824219,86.44999694824219,28780600
2025-08-20,84.65679931640625,86.83999633789062,86.97000122070312,86.55999755859375,86.58999633789062,25912500
2025-08-21,84.23761749267578,86.41000366210938,86.68000030517578,86.11000061035156,86.55999755859375,28643900
2025-08-22,84.86151885986328,87.05000305175781,87.30000305175781,86.72000122070312,86.83000183105469,49871900
2025-08-25,84.61781311035156,86.80000305175781,87.05000305175781,86.6500015258789,86.7300033569336,27011900
2025-08-26,84.56906127929688,86.75,86.79000091552734,86.22000122070312,86.51000213623047,30259300
2025-08-27,84.47158813476562,86.6500015258789,86.66000366210938,86.0,86.11000061035156,38142800
2025-08-28,85.02725982666016,87.22000122070312,87.26000213623047,86.66000366210938,86.77999877929688,32205900
2025-08-29,84.42283630371094,86.5999984741211,86.86000061035156,86.44000244140625,86.76000213623047,41686400
2025-09-02,83.79460144042969,85.62999725341797,85.83999633789062,85.4800033569336,85.62999725341797,48760600
2025-09-03,84.71446228027344,86.56999969482422,86.80999755859375,85.88999938964844,85.93000030517578,52499500
2025-09-04,85.36030578613281,87.2300033569336,87.23999786376953,86.58000183105469,87.0199966430664,40501600
2025-09-05,86.66179656982422,88.55999755859375,88.61000061035156,88.13999938964844,88.22000122070312,69668000
2025-09-08,87.81649780273438,89.73999786376953,89.76000213623047,89.12000274658203,89.16999816894531,54538700
2025-09-09,87.31744384765625,89.2300033569336,89.55000305175781,88.98999786376953,89.4000015258789,37126400
2025-09-10,87.81649780273438,89.73999786376953,90.06999969482422,89.19000244140625,89.4000015258789,40713600
2025-09-11,88.40364074707031,90.33999633789062,90.4800033569336,89.9000015258789,89.91000366210938,46694400
2025-09-12,88.0219955444336,89.94999694824219,89.9800033569336,89.48999786376953,89.83000183105469,32968600
2025-09-15,88.22750854492188,90.16000366210938,90.45999908447266,90.06999969482422,90.1500015258789,24820100
2025-09-16,88.4134292602539,90.3499984741211,90.5,90.04000091552734,90.08999633789062,26794200
2025-09-17,88.18836975097656,90.12000274658203,91.04000091552734,89.87000274658203,90.70999908447266,49121800
2025-09-18,87.27828979492188,89.19000244140625,89.47000122070312,88.9000015258789,89.26000213623047,55717900
2025-09-19,87.1119384765625,89.0199966430664,89.2300033569336,88.79000091552734,89.06999969482422,32509200
2025-09-22,86.79878997802734,88.69999694824219,88.91000366210938,88.54000091552734,88.81999969482422,24758200
2025-09-23,87.40550231933594,89.31999969482422,89.36000061035156,88.75,88.97000122070312,26689000
2025-09-24,87.07279968261719,88.9800033569336,89.16000366210938,88.69999694824219,89.08000183105469,28098000
2025-09-25,87.07279968261719,88.9800033569336,89.02999877929688,88.45999908447266,88.8499984741211,29882500
2025-09-26,86.9945068359375,88.9000015258789,89.47000122070312,88.69000244140625,88.98999786376953,30955100
2025-09-29,87.70885467529297,89.62999725341797,89.73999786376953,89.26000213623047,89.29000091552734,32286200
2025-09-30,87.4544448852539,89.37000274658203,90.04000091552734,89.20999908447266,89.66000366210938,38584000
2025-10-01,87.68029022216797,89.29000091552734,89.63999938964844,89.08999633789062,89.44999694824219,39408900
2025-10-02,87.93560791015625,89.55000305175781,89.69000244140625,89.19000244140625,89.30999755859375,23208300
2025-10-03,87.76866149902344,89.37999725341797,89.72000122070312,89.2699966430664,89.62999725341797,25884500
2025-10-06,87.07146453857422,88.66999816894531,89.16000366210938,88.6500015258789,88.70999908447266,28371000
2025-10-07,87.572265625,89.18000030517578,89.37999725341797,88.80999755859375,88.97000122070312,29103300
2025-10-08,87.64100646972656,89.25,89.62000274658203,89.12999725341797,89.5999984741211,22506200
2025-10-09,87.572265625,89.18000030517578,89.29000091552734,89.01000213623047,89.16999816894531,21578700
2025-10-10,88.98631286621094,90.62000274658203,90.72000122070312,89.9000015258789,89.9800033569336,59389400
2025-10-13,88.93721008300781,90.56999969482422,90.58000183105469,89.86000061035156,90.27999877929688,28035500
2025-10-14,89.22200012207031,90.86000061035156,90.91999816894531,90.43000030517578,90.6500015258789,29800000
2025-10-15,89.02559661865234,90.66000366210938,91.30000305175781,90.47000122070312,90.95999908447266,31333900
2025-10-16,89.69332885742188,91.33999633789062,91.5,90.44999694824219,90.5199966430664,39631200
2025-10-17,89.55585479736328,91.19999694824219,91.29000091552734,90.9000015258789,91.25,40240400
2025-10-20,89.89955139160156,91.55000305175781,91.55999755859375,91.27999877929688,91.45999908447266,28429300
2025-10-21,90.34143829345703,92.0,92.19000244140625,91.91000366210938,91.98999786376953,24514300
2025-10-22,90.40034484863281,92.05999755859375,92.18000030517578,91.81999969482422,91.98999786376953,30496200
2025-10-23,89.7817153930664,91.43000030517578,91.79000091552734,91.29000091552734,91.61000061035156,28275100
2025-10-24,89.82099151611328,91.47000122070312,91.5999984741211,91.16000366210938,91.58999633789062,28266000
2025-10-27,90.12539672851562,91.77999877929688,91.79000091552734,91.08999633789062,91.31999969482422,30033600
2025-10-28,90.36107635498047,92.0199966430664,92.18000030517578,91.80999755859375,91.8499984741211,23564500
2025-10-29,89.44784545898438,91.08999633789062,91.88999938964844,91.0199966430664,91.87999725341797,39551600
2025-10-30,88.92738342285156,90.55999755859375,90.97000122070312,90.3499984741211,90.38999938964844,42649200
2025-10-31,88.6622543334961,90.29000091552734,90.66000366210938,90.19999694824219,90.55999755859375,38247300
2025-11-03,88.44052124023438,89.73999786376953,89.81999969482422,89.41999816894531,89.62000274658203,40752300
2025-11-04,88.63763427734375,89.94000244140625,90.05999755859375,89.73999786376953,89.77999877929688,26383800
2025-11-05,87.67181396484375,88.95999908447266,89.55000305175781,88.87999725341797,89.51000213623047,44643400
2025-11-06,88.46023559570312,89.76000213623047,89.8499984741211,89.52999877929688,89.55999755859375,33027400
2025-11-07,88.27298736572266,89.56999969482422,89.87000274658203,89.36000061035156,89.36000061035156,28530100
2025-11-10,88.2532730102539,89.55000305175781,89.66999816894531,89.38999938964844,89.48999786376953,24093500
2025-11-11,88.65734100341797,89.95999908447266,90.06999969482422,89.77999877929688,89.94999694824219,18942300
2025-11-12,88.81502532958984,90.12000274658203,90.31999969482422,89.87999725341797,89.94999694824219,23594900
2025-11-13,88.08572387695312,89.37999725341797,89.94000244140625,89.37999725341797,89.80000305175781,33825900
2025-11-14,87.58312225341797,88.87000274658203,89.83999633789062,88.87000274658203,89.79000091552734,38550500
2025-11-17,87.79993438720703,89.08999633789062,89.30000305175781,88.9800033569336,89.08000183105469,25605800
2025-11-18,87.77037048339844,89.05999755859375,89.44999694824219,88.80000305175781,89.3499984741211,31967400
2025-11-19,87.59297180175781,88.87999725341797,89.30999755859375,88.8499984741211,89.2300033569336,25782400
2025-11-20,87.93791198730469,89.2300033569336,89.41999816894531,88.98999786376953,88.98999786376953,32945000
2025-11-21,88.20399475097656,89.5,89.66999816894531,89.19999694824219,89.6500015258789,41938600
2025-11-24,88.70660400390625,90.01000213623047,90.06999969482422,89.77999877929688,89.94999694824219,30865700
2025-11-25,88.93327331542969,90.23999786376953,90.58999633789062,90.12999725341797,90.30999755859375,36503300
2025-11-26,89.32749938964844,90.63999938964844,90.63999938964844,89.83000183105469,90.1500015258789,34099000
2025-11-28,88.90371704101562,90.20999908447266,90.52999877929688,89.94999694824219,90.45999908447266,40704300
2025-12-01,87.7969741821289,88.7699966430664,88.98999786376953,88.70999908447266,88.8499984741211,47086600
2025-12-02,87.83653259277344,88.80999755859375,88.95999908447266,88.45999908447266,88.58000183105469,27605700
2025-12-03,88.08379364013672,89.05999755859375,89.16000366210938,88.73999786376953,88.91999816894531,23278600
2025-12-04,87.60905456542969,88.58000183105469,88.93000030517578,88.4800033569336,88.91000366210938,25541500
2025-12-05,87.20355224609375,88.16999816894531,88.55000305175781,88.05000305175781,88.55000305175781,32808100
2025-12-08,86.9167251586914,87.87999725341797,88.19999694824219,87.55999755859375,88.19000244140625,32255200
2025-12-09,87.00574493408203,87.97000122070312,88.3499984741211,87.83999633789062,88.33999633789062,25771800
2025-12-10,87.3420181274414,88.30999755859375,88.5199966430664,87.86000061035156,88.0,46833500
2025-12-11,87.22334289550781,88.19000244140625,88.83000183105469,88.16000366210938,88.69000244140625,26778700
2025-12-12,86.38264465332031,87.33999633789062,87.5,87.19000244140625,87.37999725341797,47030100
2025-12-15,86.4419937133789,87.4000015258789,87.87999725341797,87.38999938964844,87.72000122070312,28611800
2025-12-16,86.9167251586914,87.87999725341797,87.91999816894531,87.16999816894531,87.19000244140625,41018700
2025-12-17,86.83760833740234,87.80000305175781,87.98999786376953,87.58000183105469,87.62999725341797,24668300
2025-12-18,87.25301361083984,88.22000122070312,88.37999725341797,88.06999969482422,88.12999725341797,39048900
2025-12-19,86.9273452758789,87.55000305175781,87.76000213623047,87.41000366210938,87.61000061035156,37858100
2025-12-22,86.73869323730469,87.36000061035156,87.45999908447266,87.25,87.41999816894531,25547100
2025-12-23,86.87769317626953,87.5,87.58000183105469,87.02999877929688,87.06999969482422,33624100
2025-12-24,87.40392303466797,88.02999877929688,88.08000183105469,87.6500015258789,87.76000213623047,25942000
2025-12-26,87.1159896850586,87.73999786376953,88.16999816894531,87.5999984741211,88.0999984741211,26522700
2025-12-29,87.44364166259766,88.06999969482422,88.06999969482422,87.79000091552734,87.94999694824219,29399800
2025-12-30,87.23513793945312,87.86000061035156,88.04000091552734,87.66999816894531,87.73999786376953,25106800
2025-12-31,86.54011535644531,87.16000366210938,87.91000366210938,87.12999725341797,87.68000030517578,36500000
2026-01-02,86.41104125976562,87.02999877929688,87.41000366210938,87.0199966430664,87.4000015258789,40731300
2026-01-05,86.83798217773438,87.45999908447266,87.5199966430664,87.11000061035156,87.18000030517578,30178000
2026-01-06,86.65926361083984,87.27999877929688,87.33999633789062,86.9000015258789,87.1500015258789,39015200
2026-01-07,87.16563415527344,87.79000091552734,88.01000213623047,87.4800033569336,87.83999633789062,39930900
2026-01-08,86.72876739501953,87.3499984741211,87.55000305175781,87.25,87.33000183105469,28204900
2026-01-09,87.30464172363281,87.93000030517578,88.0,87.12000274658203,87.30000305175781,57348800
2026-01-12,87.0464859008789,87.66999816894531,87.91000366210938,87.41000366210938,87.5,36103100
2026-01-13,87.19541931152344,87.81999969482422,87.91000366210938,87.54000091552734,87.87999725341797,30451400
2026-01-14,87.70179748535156,88.33000183105469,88.43000030517578,87.88999938964844,87.91000366210938,39233500
2026-01-15,87.68193817138672,88.30999755859375,88.66000366210938,88.30999755859375,88.63999938964844,37988900
2026-01-16,87.17556762695312,87.80000305175781,88.31999969482422,87.70999908447266,88.12999725341797,46382400
2026-01-20,86.03374481201172,86.6500015258789,87.02999877929688,86.54000091552734,86.62999725341797,66009500
2026-01-21,86.68904876708984,87.30999755859375,87.4800033569336,86.62000274658203,86.80000305175781,51220100
2026-01-22,87.06634521484375,87.69000244140625,87.76000213623047,87.13999938964844,87.2699966430664,42419300
2026-01-23,87.30464172363281,87.93000030517578,88.02999877929688,87.5,87.83000183105469,35968800
2026-01-26,87.72164916992188,88.3499984741211,88.48999786376953,88.19999694824219,88.4000015258789,38882400
2026-01-27,87.17556762695312,87.80000305175781,88.25,87.68000030517578,88.11000061035156,35180100
2026-01-28,86.97698211669922,87.5999984741211,87.69999694824219,87.29000091552734,87.51000213623047,38750300
2026-01-29,86.99684143066406,87.62000274658203,87.73999786376953,87.08000183105469,87.1500015258789,43855000
2026-01-30,86.51032257080078,87.12999725341797,87.55999755859375,87.12999725341797,87.37999725341797,45832200
2026-02-02,86.26315307617188,86.55000305175781,87.05999755859375,86.55000305175781,87.0199966430664,38171400
2026-02-03,86.47245788574219,86.76000213623047,86.77999877929688,86.43000030517578,86.48999786376953,27438200
2026-02-04,86.25318145751953,86.54000091552734,86.77999877929688,86.45999908447266,86.62999725341797,37872900
2026-02-05,87.19007110595703,87.4800033569336,87.4800033569336,86.75,86.93000030517578,50268900
2026-02-06,87.24987030029297,87.54000091552734,87.54000091552734,87.19999694824219,87.44999694824219,33461800
2026-02-09,87.22993469238281,87.5199966430664,87.58000183105469,87.02999877929688,87.19999694824219,24708900
2026-02-10,88.23658752441406,88.52999877929688,88.52999877929688,88.22000122070312,88.23999786376953,37253700
2026-02-11,87.76814270019531,88.05999755859375,88.4800033569336,87.94000244140625,88.04000091552734,37014000
2026-02-12,88.93427276611328,89.2300033569336,89.27999877929688,88.3499984741211,88.36000061035156,48454900
2026-02-13,89.42264556884766,89.72000122070312,89.80999755859375,89.5199966430664,89.62999725341797,56785200
2026-02-17,89.57215118408203,89.87000274658203,90.12000274658203,89.76000213623047,89.93000030517578,32356700
2026-02-18,89.2332763671875,89.52999877929688,89.86000061035156,89.47000122070312,89.69000244140625,35415400
2026-02-19,89.32298278808594,89.62000274658203,89.72000122070312,89.37000274658203,89.4000015258789,28658600
2026-02-20,89.11367797851562,89.41000366210938,89.73999786376953,88.93000030517578,89.69999694824219,49610800
2026-02-23,89.44257354736328,89.73999786376953,90.0,89.52999877929688,89.55000305175781,33614600
2026-02-24,89.60205078125,89.9000015258789,90.05000305175781,89.76000213623047,89.94999694824219,24933900
2026-02-25,89.61202239990234,89.91000366210938,90.08000183105469,89.70999908447266,89.70999908447266,23625800
2026-02-26,89.97081756591797,90.2699966430664,90.31999969482422,90.05000305175781,90.05999755859375,29447100
2026-02-27,90.51899719238281,90.81999969482422,90.86000061035156,90.55000305175781,90.69000244140625,51272000
2026-03-02,89.61000061035156,89.61000061035156,89.98999786376953,89.36000061035156,89.9800033569336,55409400
